row,what,old,new
R1,headon_collisions_per_op_day,0.0007255592908332579,0.0009878165853851343
R1,p_collision_given_violation,4.642575506729599e-06,6.20079445137603e-06
R2,headon_dsi_per_op_day,1.0294012393373562e-05,1.3804063067746923e-05
R4,headon_dsi_per_op_day_s1a,1.0294012393373562e-05,1.3804063067746923e-05
R5,full_mechanism_ratio_median,0.6066831841683797,0.6090715140411782
R5,full_p5,0.060375416611637714,0.06145887437397007
R5,full_p95,0.9707928635611894,0.9721756425836235
R5,frame_matched_ratio_median,0.9983250243179791,0.9995503566396882
R5,frame_p5,0.9720087580003015,0.9725829014275378
R5,frame_p95,1.078048389917342,1.1164923756962941
R6,p_S1a,0.9932,0.9913
R6,p_S1b,0.9895,0.9877
R6,p_S1a_queue_excluded,0.9954,0.99295
R6,dh_median,-0.0033686923193675137,-0.003352061377135066
R6,grid_p_S1a_min,0.98645,0.7737809752198241
R6,grid_p_S1a_max,0.9984,0.99825
R7,S1a.W5,1.0294012393373562e-05,1.3804063067746923e-05
R8,conflicts_per_day,0.1519528512746942,0.20778565409586824
R8,collisions_per_day,0.0007255592908332579,0.0009878165853851343
R8,p_safe_window,0.7718400077831457,0.7133501246923475
R8,W5_median,1.0294012393373562e-05,1.3804063067746923e-05
R8,violations_per_serious_harm_event,15931976.470307592,11880847.141264968
R9,re3_rate.prcc,-0.957046,-0.956423
R9,re3_rate.lo95,-0.959327,-0.958705
R9,re3_rate.hi95,-0.955077,-0.954343
R9,sev3_p.prcc,-0.875146,-0.873715
R9,sev3_p.lo95,-0.882229,-0.880052
R9,sev3_p.hi95,-0.869088,-0.867807
R9,platoon_speed_kmh.prcc,-0.459623,-0.454891
R9,platoon_speed_kmh.lo95,-0.474678,-0.469652
R9,platoon_speed_kmh.hi95,-0.445915,-0.441167
R9,f_cycle_a.prcc,-0.210984,-0.20754
R9,f_cycle_a.lo95,-0.226198,-0.223008
R9,f_cycle_a.hi95,-0.195262,-0.192646
R9,re1_rate.prcc,-0.141542,-0.141257
R9,re1_rate.lo95,-0.156719,-0.156256
R9,re1_rate.hi95,-0.128561,-0.128015
R9,sev1_p.prcc,-0.067196,-0.065673
R9,sev1_p.lo95,-0.082804,-0.081781
R9,sev1_p.hi95,-0.054959,-0.053005
R9,q_lead.prcc,0.052438,0.064364
R9,q_lead.lo95,0.039486,0.05148
R9,q_lead.hi95,0.065811,0.077669
R9,impact_speed_frac.prcc,0.031927,0.040573
R9,impact_speed_frac.lo95,0.018154,0.026289
R9,impact_speed_frac.hi95,0.047445,0.056292
R9,r_v1a.prcc,0.009765,0.030466
R9,r_v1a.lo95,-0.002238,0.018352
R9,r_v1a.hi95,0.02254,0.043713
R9,offset_op_m.prcc,0.028122,0.028286
R9,offset_op_m.lo95,0.014632,0.013926
R9,offset_op_m.hi95,0.040968,0.04021
R9,ttc50.prcc,0.016921,0.025946
R9,ttc50.lo95,0.004403,0.014101
R9,ttc50.hi95,0.030766,0.039941
R9,w_occ.prcc,0.01164,0.020023
R9,w_occ.lo95,-0.005604,0.002664
R9,w_occ.hi95,0.023884,0.032098
R9,startup_lost_s.prcc,-0.020014,-0.018701
R9,startup_lost_s.lo95,-0.031635,-0.030466
R9,startup_lost_s.hi95,-0.004935,-0.003308
R9,occ2.prcc,0.014868,0.018065
R9,occ2.lo95,-7.9e-05,0.003838
R9,occ2.hi95,0.026195,0.028934
R9,occ1.prcc,0.016567,0.017828
R9,occ1.lo95,0.005157,0.006117
R9,occ1.hi95,0.031232,0.032538
R9,a_veh_ms2.prcc,0.015926,0.017251
R9,a_veh_ms2.lo95,0.002928,0.005216
R9,a_veh_ms2.hi95,0.027427,0.029215
R9,clear_buffer_s.prcc,-0.016508,-0.015247
R9,clear_buffer_s.lo95,-0.030487,-0.028611
R9,clear_buffer_s.hi95,-0.005662,-0.004045
R9,s_ttc.prcc,0.013318,0.013349
R9,s_ttc.lo95,-0.00081,-0.00132
R9,s_ttc.hi95,0.027874,0.027159
R9,d_sight_m.prcc,-0.012706,-0.013141
R9,d_sight_m.lo95,-0.028614,-0.029168
R9,d_sight_m.hi95,-0.000524,-0.001081
R9,onset_window_s.prcc,0.010155,-0.011766
R9,onset_window_s.lo95,-0.002307,-0.02477
R9,onset_window_s.hi95,0.022219,0.000914
R9,mass1_kg.prcc,0.011655,0.011702
R9,mass1_kg.lo95,-0.0044,-0.004786
R9,mass1_kg.hi95,0.025421,0.02532
R9,r_v2.prcc,-0.010327,-0.011074
R9,r_v2.lo95,-0.023926,-0.024097
R9,r_v2.hi95,0.004161,0.003021
R9,w_onset.prcc,-0.01777,-0.010164
R9,w_onset.lo95,-0.030911,-0.023039
R9,w_onset.hi95,-0.003397,0.003796
R9,t_confirm_s.prcc,-0.008517,-0.009619
R9,t_confirm_s.lo95,-0.020786,-0.021804
R9,t_confirm_s.hi95,0.005977,0.00429
R9,sat_headway_s.prcc,-0.011243,-0.009067
R9,sat_headway_s.lo95,-0.026447,-0.024154
R9,sat_headway_s.hi95,0.00304,0.004673
R9,v_clear_kmh.prcc,0.013917,0.008342
R9,v_clear_kmh.lo95,-0.001386,-0.006722
R9,v_clear_kmh.hi95,0.024545,0.019369
R9,enc_rate_vkm.prcc,0.007755,0.008056
R9,enc_rate_vkm.lo95,-0.005174,-0.00466
R9,enc_rate_vkm.hi95,0.021664,0.021644
R9,p_evade_harm.prcc,0.007167,0.007048
R9,p_evade_harm.lo95,-0.006813,-0.007664
R9,p_evade_harm.hi95,0.021678,0.02189
R9,offset_m.prcc,0.006764,0.006672
R9,offset_m.lo95,-0.007454,-0.007107
R9,offset_m.hi95,0.018773,0.018718
R9,r_v0.prcc,-0.00666,-0.006414
R9,r_v0.lo95,-0.021932,-0.021976
R9,r_v0.hi95,0.007457,0.008223
R9,f_cycle_b.prcc,-0.003781,-0.004427
R9,f_cycle_b.lo95,-0.016567,-0.018014
R9,f_cycle_b.hi95,0.009276,0.007695
R9,t_deploy_s.prcc,0.003841,0.003427
R9,t_deploy_s.lo95,-0.007271,-0.007809
R9,t_deploy_s.hi95,0.016578,0.016433
R9,p_detect_s0.prcc,-0.002971,-0.003378
R9,p_detect_s0.lo95,-0.014874,-0.015343
R9,p_detect_s0.hi95,0.00913,0.008878
R9,s0_green_margin.prcc,0.000633,0.003235
R9,s0_green_margin.lo95,-0.012571,-0.010516
R9,s0_green_margin.hi95,0.01346,0.016173
R9,p_detect_s1b.prcc,0.001946,0.002076
R9,p_detect_s1b.lo95,-0.01023,-0.0091
R9,p_detect_s1b.hi95,0.017522,0.018375
R9,deploy_speed_kmh.prcc,0.00274,0.00188
R9,deploy_speed_kmh.lo95,-0.009122,-0.010509
R9,deploy_speed_kmh.hi95,0.019394,0.01838
R9,mass2_kg.prcc,-0.001121,-0.001102
R9,mass2_kg.lo95,-0.014619,-0.015136
R9,mass2_kg.hi95,0.011519,0.011152
R9,reach_alpha.prcc,0.00065,0.000453
R9,reach_alpha.lo95,-0.013609,-0.014247
R9,reach_alpha.hi95,0.01453,0.013247
R9,p_detect_s2.prcc,0.000479,0.000138
R9,p_detect_s2.lo95,-0.012725,-0.013649
R9,p_detect_s2.hi95,0.012547,0.011552
R10,L250_sight150.p_dh_neg_s1a,0.9909,0.9876
R10,L250_sight150.w5_s1a_median,1.68078e-05,2.14661e-05
R10,L250_sight150.collisions_day_s1a,0.00114798,0.00143612
R10,L250_sight250.p_dh_neg_s1a,0.9946,0.9923
R10,L250_sight250.w5_s1a_median,9.34674e-06,1.26355e-05
R10,L250_sight250.collisions_day_s1a,0.000683072,0.000906115
R10,L1000_sight150.p_dh_neg_s1a,0.9934,0.981
R10,L1000_sight150.w5_s1a_median,9.93556e-06,3.28434e-05
R10,L1000_sight150.collisions_day_s1a,0.00065283,0.0021798
R10,L1000_sight250.p_dh_neg_s1a,0.9961,0.9928
R10,L1000_sight250.w5_s1a_median,4.62333e-06,1.56548e-05
R10,L1000_sight250.collisions_day_s1a,0.000336113,0.00116498
R10,L1000_sight500.p_dh_neg_s1a,0.9971,0.996
R10,L1000_sight500.w5_s1a_median,2.35896e-06,8.59098e-06
R10,L1000_sight500.collisions_day_s1a,0.000171423,0.00064072
R10,L1000_sight1000.p_dh_neg_s1a,0.9975,0.997
R10,L1000_sight1000.w5_s1a_median,1.23388e-06,5.55967e-06
R10,L1000_sight1000.collisions_day_s1a,8.95414e-05,0.000416797
R11,speed30.p_dh_neg_s1a,0.9834,0.9798
R11,speed30.p_dh_neg_s1b,0.9754,0.9725
R11,speed30.w5_s1a_median,7.74167e-06,1.14877e-05
R11,speed30.collisions_day_s1a,0.000784117,0.00115413
R11,speed40.p_dh_neg_s1a,0.9953,0.9927
R11,speed40.p_dh_neg_s1b,0.9915,0.9897
R11,speed40.w5_s1a_median,9.59266e-06,1.27777e-05
R11,speed40.collisions_day_s1a,0.000689109,0.00090967
R11,speed50.p_dh_neg_s1a,0.997,0.9947
R11,speed50.p_dh_neg_s1b,0.9951,0.9932
R11,speed50.w5_s1a_median,1.65344e-05,2.15298e-05
R11,speed50.collisions_day_s1a,0.000848274,0.00109166
R11,speed60.p_dh_neg_s1a,0.9963,0.9934
R11,speed60.p_dh_neg_s1b,0.9956,0.9934
R11,speed60.w5_s1a_median,2.83315e-05,3.66551e-05
R11,speed60.collisions_day_s1a,0.00104285,0.00132195
R11,speed70.p_dh_neg_s1a,0.9886,0.9845
R11,speed70.p_dh_neg_s1b,0.9888,0.9856
R11,speed70.w5_s1a_median,4.64978e-05,5.99314e-05
R11,speed70.collisions_day_s1a,0.00122223,0.00154946
R11,speed80.p_dh_neg_s1a,0.9758,0.9684
R11,speed80.p_dh_neg_s1b,0.9771,0.971
R11,speed80.w5_s1a_median,7.43968e-05,9.49455e-05
R11,speed80.collisions_day_s1a,0.00139928,0.00175904
R12,optdev.baseline,0.99765,0.9976
R12,optdev.min,0.99715,0.9614308553157475
R12,optdev.collisions_baseline,3.129149821964638e-06,4.330897718531515e-06
R12,pessdev.baseline,0.6814,0.67395
R12,pessdev.min,0.58115,0.12455268389662028
R12,pessdev.collisions_baseline,0.03572876464322469,0.03634985005969313
R13,p_at_record_central,0.4311,0.43305
R13,p_at_record_worst_for_device,0.22855,0.23675
R13,p_at_record_best_for_device,0.6849,0.67865
R13,p_at_record_central_with_queue_gap,0.6467,0.64055
R14,p_equivalent_at_record_central,0.77935,0.76605
R14,p_equivalent_worst_record_corner,0.62905,0.61515
R14,abs_dh_q90_at_record_central,8.54729052284408e-05,9.035668136214796e-05
R14,s1a_dh_median_at_record,2.2962246908693206e-06,2.241418326038411e-06
R14,s1a_abs_dh_median_at_record,1.4223103090935705e-05,1.465751636545247e-05
R14,signed_events_per_175000_days,0.4018393209021311,0.3922482070567219
R14,absolute_events_per_175000_days,2.4890430409137485,2.5650653639541825
R14,signed_site_years_per_event,1741.9898043538817,1784.5843203529926
R14,absolute_site_years_per_event,281.23258155593174,272.8975291767666
R14,p90_site_years_per_event,46.798456064051216,44.2690008054642
R15,voi_span_strike_axis,0.25670000000000004,0.24839999999999995
R15,voi_span_headon_axis,0.2197,0.21344999999999997
R16,w5b_median_s1a,3.1448295823684855e-06,4.1930042550983e-06
R16,w5b_over_w5,0.30550085449604353,0.3037514559677157
R17,second_seed_p_elicited,0.9939,0.9921
R17,production_p_elicited,0.9932,0.9913
R17,absolute_difference,0.0007000000000000339,0.0008000000000000229
R18,encounter_free_candidate_entry_share,0.7718400077831457,0.7133501246923475
R19,S1a_collisions,0.0007255592908332579,0.0009878165853851343
R19,grid_min,3.3276095313715375e-06,4.0635401235693706e-06
R19,grid_max,0.0005412675729504434,0.0040905458200868935
R21,S1a_violations_per_serious_harm,15931976.470307592,11880847.141264968
R23,grid_min,0.99975,0.9341526778577138
R24,s2_p_at_record_central,0.6527,0.6815
R24,s2_p_at_record_worst_for_device,0.4408,0.47525
R24,s2_p_at_record_best_for_device,0.8194,0.8344
R24,s2_w5_at_record_median,1.701736542070371e-06,1.2690247044190216e-06
R24,p_at_record_central,0.4311,0.43305
R24,p_at_record_worst_for_device,0.22855,0.23675
R24,p_at_record_best_for_device,0.6849,0.67865
R24,p_at_record_central_with_queue_gap,0.6467,0.64055
R25,s2_dh_median_at_record,-3.6968144387611438e-06,-4.4682969679883e-06
R25,s2_abs_dh_median_at_record,8.276880596637344e-06,8.107149277701264e-06
R25,s2_abs_dh_q90_at_record,3.294043828780043e-05,3.240563750348969e-05
R25,s2_p_equivalent_at_record_central,0.9206,0.92175
R25,s2_p_equivalent_worst_record_corner,0.753,0.74995
R26,s2_vs_s1a_p_s2_lower_at_record_central,0.8072,0.79965
R26,s2_vs_s1a_dh_median_at_record,-7.084342441881637e-06,-7.402942809023393e-06
R26,s2_vs_s1a_p_s2_lower_elicited,0.40195,0.44015
R27,s1a_voi_span_strike_axis,0.25670000000000004,0.24839999999999995
R27,s1a_voi_span_headon_axis,0.2197,0.21344999999999997
R27,s2_voi_span_strike_axis,0.27575,0.26605
R27,s2_voi_span_headon_axis,0.12295,0.10629999999999995
R28,p_elicited,0.99975,0.99965
R28,p_at_record_central,0.529,0.56525
R28,p_at_record_worst_for_device,0.30645,0.344
R28,p_equivalent_at_record_central,0.89395,0.907
R28,vs_s1a_p_s2_lower_at_record_central,0.70405,0.7068
R28,implied_headon_collisions_per_op_day,0.0002653086290408833,0.00027138688584881887
R29,"primary (independent failures, logistic in TTC)/S1a.p_dh_neg_elicited",0.9932,0.9913
R29,"primary (independent failures, logistic in TTC)/S1a.p_dh_neg_record_central",0.4311,0.433
R29,"primary (independent failures, logistic in TTC)/S1a.p_dh_neg_record_worst_corner",0.2286,0.2367
R29,"primary (independent failures, logistic in TTC)/S1a.p_equivalent_record_central",0.7793,0.7661
R29,"primary (independent failures, logistic in TTC)/S1a.dh_median_record",2.2962e-06,2.2414e-06
R29,"primary (independent failures, logistic in TTC)/S1a.abs_dh_median_record",1.4223e-05,1.4658e-05
R29,"primary (independent failures, logistic in TTC)/S1a.implied_collisions_per_op_day",0.00072556,0.00098782
R29,"primary (independent failures, logistic in TTC)/S1a.w5_median_elicited",1.0294e-05,1.3804e-05
R29,"primary (independent failures, logistic in TTC)/S1a.p_s2_lower_than_s1a_record_central",0.8072,0.7996
R29,"primary (independent failures, logistic in TTC)/S2.p_dh_neg_record_central",0.6527,0.6815
R29,"primary (independent failures, logistic in TTC)/S2.p_dh_neg_record_worst_corner",0.4408,0.4753
R29,"primary (independent failures, logistic in TTC)/S2.p_equivalent_record_central",0.9206,0.9217
R29,"primary (independent failures, logistic in TTC)/S2.dh_median_record",-3.6968e-06,-4.4683e-06
R29,"primary (independent failures, logistic in TTC)/S2.abs_dh_median_record",8.2769e-06,8.1071e-06
R29,"primary (independent failures, logistic in TTC)/S2.p_s2_lower_than_s1a_record_central",0.8072,0.7996
R29,MF1 common cause rho=0.5/S1a.p_dh_neg_elicited,0.9886,0.9849
R29,MF1 common cause rho=0.5/S1a.p_dh_neg_record_central,0.4307,0.428
R29,MF1 common cause rho=0.5/S1a.p_dh_neg_record_worst_corner,0.2289,0.2344
R29,MF1 common cause rho=0.5/S1a.p_equivalent_record_central,0.7743,0.7631
R29,MF1 common cause rho=0.5/S1a.dh_median_record,2.2668e-06,2.4656e-06
R29,MF1 common cause rho=0.5/S1a.abs_dh_median_record,1.4128e-05,1.4801e-05
R29,MF1 common cause rho=0.5/S1a.implied_collisions_per_op_day,0.0011867,0.0015879
R29,MF1 common cause rho=0.5/S1a.w5_median_elicited,1.8499e-05,2.4417e-05
R29,MF1 common cause rho=0.5/S1a.p_s2_lower_than_s1a_record_central,0.8115,0.8097
R29,MF1 common cause rho=0.5/S2.p_dh_neg_record_central,0.6527,0.6781
R29,MF1 common cause rho=0.5/S2.p_dh_neg_record_worst_corner,0.4417,0.472
R29,MF1 common cause rho=0.5/S2.p_equivalent_record_central,0.9132,0.9157
R29,MF1 common cause rho=0.5/S2.dh_median_record,-3.6792e-06,-4.3226e-06
R29,MF1 common cause rho=0.5/S2.abs_dh_median_record,8.3641e-06,8.1846e-06
R29,MF1 common cause rho=0.5/S2.p_s2_lower_than_s1a_record_central,0.8115,0.8097
R29,MF1 common cause rho=1.0/S1a.p_dh_neg_elicited,0.9844,0.9787
R29,MF1 common cause rho=1.0/S1a.p_dh_neg_record_central,0.4295,0.4281
R29,MF1 common cause rho=1.0/S1a.p_dh_neg_record_worst_corner,0.2288,0.2334
R29,MF1 common cause rho=1.0/S1a.p_equivalent_record_central,0.772,0.7627
R29,MF1 common cause rho=1.0/S1a.dh_median_record,2.3737e-06,2.4183e-06
R29,MF1 common cause rho=1.0/S1a.abs_dh_median_record,1.4229e-05,1.4992e-05
R29,MF1 common cause rho=1.0/S1a.implied_collisions_per_op_day,0.0016092,0.0021438
R29,MF1 common cause rho=1.0/S1a.w5_median_elicited,2.5584e-05,3.3952e-05
R29,MF1 common cause rho=1.0/S1a.p_s2_lower_than_s1a_record_central,0.8129,0.8119
R29,MF1 common cause rho=1.0/S2.p_dh_neg_record_central,0.6508,0.6772
R29,MF1 common cause rho=1.0/S2.p_dh_neg_record_worst_corner,0.441,0.4727
R29,MF1 common cause rho=1.0/S2.p_equivalent_record_central,0.9108,0.9136
R29,MF1 common cause rho=1.0/S2.dh_median_record,-3.5969e-06,-4.2869e-06
R29,MF1 common cause rho=1.0/S2.abs_dh_median_record,8.3891e-06,8.2146e-06
R29,MF1 common cause rho=1.0/S2.p_s2_lower_than_s1a_record_central,0.8129,0.8119
R29,MF2a threshold at ttc50/S1a.p_dh_neg_elicited,0.9907,0.9885
R29,MF2a threshold at ttc50/S1a.p_dh_neg_record_central,0.4374,0.4341
R29,MF2a threshold at ttc50/S1a.p_dh_neg_record_worst_corner,0.2363,0.2426
R29,MF2a threshold at ttc50/S1a.p_equivalent_record_central,0.7709,0.7611
R29,MF2a threshold at ttc50/S1a.dh_median_record,2.2613e-06,2.1604e-06
R29,MF2a threshold at ttc50/S1a.abs_dh_median_record,1.4632e-05,1.4996e-05
R29,MF2a threshold at ttc50/S1a.implied_collisions_per_op_day,0.0010114,0.0013731
R29,MF2a threshold at ttc50/S1a.w5_median_elicited,1.369e-05,1.8391e-05
R29,MF2a threshold at ttc50/S1a.p_s2_lower_than_s1a_record_central,0.7912,0.7856
R29,MF2a threshold at ttc50/S2.p_dh_neg_record_central,0.6454,0.6764
R29,MF2a threshold at ttc50/S2.p_dh_neg_record_worst_corner,0.4341,0.4714
R29,MF2a threshold at ttc50/S2.p_equivalent_record_central,0.9196,0.9222
R29,MF2a threshold at ttc50/S2.dh_median_record,-3.5277e-06,-4.2859e-06
R29,MF2a threshold at ttc50/S2.abs_dh_median_record,8.4101e-06,8.1696e-06
R29,MF2a threshold at ttc50/S2.p_s2_lower_than_s1a_record_central,0.7912,0.7856
R29,MF2b logistic in ln TTC/S1a.p_dh_neg_elicited,0.9817,0.9769
R29,MF2b logistic in ln TTC/S1a.p_dh_neg_record_central,0.4291,0.4261
R29,MF2b logistic in ln TTC/S1a.p_dh_neg_record_worst_corner,0.2326,0.236
R29,MF2b logistic in ln TTC/S1a.p_equivalent_record_central,0.7569,0.7467
R29,MF2b logistic in ln TTC/S1a.dh_median_record,2.414e-06,2.5158e-06
R29,MF2b logistic in ln TTC/S1a.abs_dh_median_record,1.478e-05,1.5342e-05
R29,MF2b logistic in ln TTC/S1a.implied_collisions_per_op_day,0.0011211,0.0014896
R29,MF2b logistic in ln TTC/S1a.w5_median_elicited,1.7959e-05,2.3962e-05
R29,MF2b logistic in ln TTC/S1a.p_s2_lower_than_s1a_record_central,0.8081,0.8067
R29,MF2b logistic in ln TTC/S2.p_dh_neg_record_central,0.637,0.6651
R29,MF2b logistic in ln TTC/S2.p_dh_neg_record_worst_corner,0.4323,0.4643
R29,MF2b logistic in ln TTC/S2.p_equivalent_record_central,0.8947,0.901
R29,MF2b logistic in ln TTC/S2.dh_median_record,-3.181e-06,-3.8644e-06
R29,MF2b logistic in ln TTC/S2.abs_dh_median_record,8.7079e-06,8.4938e-06
R29,MF2b logistic in ln TTC/S2.p_s2_lower_than_s1a_record_central,0.8081,0.8067
R30,S1a.primary_dh_median,2.2962246908693206e-06,2.241418326038411e-06
R30,S1a.primary_dh_mean,2.1371734764949936e-05,2.136537974805997e-05
R30,S1a.primary_p_dh_neg,0.4311,0.43305
R30,S1a.primary_safety_cost_nzd_mean_vosl,267.1466845618742,267.06724685074965
R30,S1a.primary_net_social_cost_nzd_mean_vosl,495.9419385592703,495.8625008481457
R30,S1a.primary_breakeven_delta_delay_veh_hours_mean_vosl,-5.5390148157137515,-5.537367755561883
R30,S1a.primary_safety_cost_nzd_median_vosl,28.702808635866504,28.017729075480137
R30,S1a.primary_net_social_cost_nzd_median_vosl,288.5200766571802,284.04062243090647
R30,S1a.primary_sum_of_medians_nzd_vosl,150.946804416153,150.2617248557666
R30,S1a.primary_p_net_benefit_vosl,0.35715,0.36015
R30,S1a.primary_breakeven_delta_delay_veh_hours_vosl,-0.5951235462547483,-0.5809191182973282
R30,S1a.primary_net_social_cost_nzd_mean_vosl_plan,359.7938193445643,359.71438163343976
R30,S1a.primary_net_social_cost_nzd_median_vosl_plan,146.9283026105375,144.86413035264235
R30,S1a.primary_p_net_benefit_vosl_plan,0.36125,0.3658
R30,S1a.primary_safety_cost_nzd_mean_serious_injury,14.107482118343453,14.103287171694387
R30,S1a.primary_net_social_cost_nzd_mean_serious_injury,242.9027361157395,242.89854116909044
R30,S1a.primary_breakeven_delta_delay_veh_hours_mean_serious_injury,-0.2925042943882118,-0.29241731643571195
R30,S1a.primary_safety_cost_nzd_median_serious_injury,1.5157379184428383,1.479560237017955
R30,S1a.primary_net_social_cost_nzd_median_serious_injury,137.34470688514426,136.82424258097046
R30,S1a.primary_sum_of_medians_nzd_serious_injury,123.7597336987293,123.72355601730442
R30,S1a.primary_p_net_benefit_serious_injury,0.4121,0.4139
R30,S1a.primary_breakeven_delta_delay_veh_hours_serious_injury,-0.031427284230620744,-0.030677176799045306
R30,S1a.primary_net_social_cost_nzd_mean_serious_injury_plan,106.7546169010336,106.75042195438454
R30,S1a.primary_net_social_cost_nzd_median_serious_injury_plan,65.29081028672829,63.510821258417835
R30,S1a.primary_p_net_benefit_serious_injury_plan,0.39685,0.40005
R30,S1a.queue_tail_at_record_ceiling_dh_median,1.3692090247683733e-07,2.455528309561954e-07
R30,S1a.queue_tail_at_record_ceiling_dh_mean,1.6950423081583072e-05,1.694406806469311e-05
R30,S1a.queue_tail_at_record_ceiling_p_dh_neg,0.49655,0.49405
R30,S1a.queue_tail_at_record_ceiling_safety_cost_nzd_mean_vosl,211.8802885197884,211.80085080866385
R30,S1a.queue_tail_at_record_ceiling_net_social_cost_nzd_mean_vosl,440.67554251718445,440.5961048060599
R30,S1a.queue_tail_at_record_ceiling_breakeven_delta_delay_veh_hours_mean_vosl,-4.393122299809007,-4.39147523965714
R30,S1a.queue_tail_at_record_ceiling_safety_cost_nzd_median_vosl,1.7115112809604667,3.0694103869524425
R30,S1a.queue_tail_at_record_ceiling_net_social_cost_nzd_median_vosl,246.57471938001675,237.8365635514569
R30,S1a.queue_tail_at_record_ceiling_sum_of_medians_nzd_vosl,123.95550706124693,125.31340616723891
R30,S1a.queue_tail_at_record_ceiling_p_net_benefit_vosl,0.3818,0.3836
R30,S1a.queue_tail_at_record_ceiling_breakeven_delta_delay_veh_hours_vosl,-0.035486445800548765,-0.06364110277736768
R30,S1a.queue_tail_at_record_ceiling_net_social_cost_nzd_mean_vosl_plan,304.52742330247855,304.4479855913539
R30,S1a.queue_tail_at_record_ceiling_net_social_cost_nzd_median_vosl_plan,109.5679006994185,103.95412805200827
R30,S1a.queue_tail_at_record_ceiling_p_net_benefit_vosl_plan,0.40165,0.40605
R30,S1a.queue_tail_at_record_ceiling_safety_cost_nzd_mean_serious_injury,11.188974276152987,11.18477932950392
R30,S1a.queue_tail_at_record_ceiling_net_social_cost_nzd_mean_serious_injury,239.98422827354904,239.98003332689996
R30,S1a.queue_tail_at_record_ceiling_breakeven_delta_delay_veh_hours_mean_serious_injury,-0.23199200240831402,-0.23190502445581426
R30,S1a.queue_tail_at_record_ceiling_safety_cost_nzd_median_serious_injury,0.09038148772496032,0.16208942371418456
R30,S1a.queue_tail_at_record_ceiling_net_social_cost_nzd_median_serious_injury,134.51553591079931,133.93683031381997
R30,S1a.queue_tail_at_record_ceiling_sum_of_medians_nzd_serious_injury,122.33437726801142,122.40608520400065
R30,S1a.queue_tail_at_record_ceiling_p_net_benefit_serious_injury,0.41385,0.4156
R30,S1a.queue_tail_at_record_ceiling_breakeven_delta_delay_veh_hours_serious_injury,-0.001873968229835379,-0.0033607593554672317
R30,S1a.queue_tail_at_record_ceiling_net_social_cost_nzd_mean_serious_injury_plan,103.8361090588431,103.83191411219406
R30,S1a.queue_tail_at_record_ceiling_net_social_cost_nzd_median_serious_injury_plan,62.94406412471604,61.02666989731891
R30,S1a.queue_tail_at_record_ceiling_p_net_benefit_serious_injury_plan,0.4021,0.40455
R30,S1a.queue_tail_at_elicited_level_dh_median,-1.9711139374311952e-05,-1.9458497745084457e-05
R30,S1a.queue_tail_at_elicited_level_dh_mean,-7.849295435297067e-05,-7.849930936986064e-05
R30,S1a.queue_tail_at_elicited_level_p_dh_neg,0.6467,0.64055
R30,S1a.queue_tail_at_elicited_level_safety_cost_nzd_mean_vosl,-981.1619294121334,-981.2413671232581
R30,S1a.queue_tail_at_elicited_level_net_social_cost_nzd_mean_vosl,-752.3666754147374,-752.446113125862
R30,S1a.queue_tail_at_elicited_level_breakeven_delta_delay_veh_hours_mean_vosl,20.343394762847467,20.345041822999338
R30,S1a.queue_tail_at_elicited_level_safety_cost_nzd_median_vosl,-246.3892421788994,-243.2312218135557
R30,S1a.queue_tail_at_elicited_level_net_social_cost_nzd_median_vosl,-161.13257140860424,-163.0700033499345
R30,S1a.queue_tail_at_elicited_level_sum_of_medians_nzd_vosl,-124.14524639861293,-120.98722603326925
R30,S1a.queue_tail_at_elicited_level_p_net_benefit_vosl,0.5546,0.5545
R30,S1a.queue_tail_at_elicited_level_breakeven_delta_delay_veh_hours_vosl,5.108630358260407,5.04315201769761
R30,S1a.queue_tail_at_elicited_level_net_social_cost_nzd_mean_vosl_plan,-888.5147946294435,-888.5942323405679
R30,S1a.queue_tail_at_elicited_level_net_social_cost_nzd_median_vosl_plan,-194.0933302381182,-191.8798380145406
R30,S1a.queue_tail_at_elicited_level_p_net_benefit_vosl_plan,0.59415,0.59185
R30,S1a.queue_tail_at_elicited_level_safety_cost_nzd_mean_serious_injury,-51.81319916839595,-51.81739411504501
R30,S1a.queue_tail_at_elicited_level_net_social_cost_nzd_mean_serious_injury,176.9820548290001,176.97785988235105
R30,S1a.queue_tail_at_elicited_level_breakeven_delta_delay_veh_hours_mean_serious_injury,1.0742939906364493,1.0743809685889492
R30,S1a.queue_tail_at_elicited_level_safety_cost_nzd_median_serious_injury,-13.011323100983319,-12.84455436153025
R30,S1a.queue_tail_at_elicited_level_net_social_cost_nzd_median_serious_injury,85.85257424268495,84.15536899919503
R30,S1a.queue_tail_at_elicited_level_sum_of_medians_nzd_serious_injury,109.23267267930315,109.39944141875623
R30,S1a.queue_tail_at_elicited_level_p_net_benefit_serious_injury,0.44675,0.44825
R30,S1a.queue_tail_at_elicited_level_breakeven_delta_delay_veh_hours_serious_injury,0.26977655195901556,0.2663187717505754
R30,S1a.queue_tail_at_elicited_level_net_social_cost_nzd_mean_serious_injury_plan,40.8339356142942,40.82974066764513
R30,S1a.queue_tail_at_elicited_level_net_social_cost_nzd_median_serious_injury_plan,23.614382213560035,22.420211778477135
R30,S1a.queue_tail_at_elicited_level_p_net_benefit_serious_injury_plan,0.465,0.4677
R30,S1a.mean_matched_queue_tail_at_record_ceiling_dh_median,-2.024489462406491e-06,-1.858159624534051e-06
R30,S1a.mean_matched_queue_tail_at_record_ceiling_dh_mean,-3.317229543061541e-07,-3.080717724307016e-07
R30,S1a.mean_matched_queue_tail_at_record_ceiling_p_dh_neg,0.60625,0.59765
R30,S1a.mean_matched_queue_tail_at_record_ceiling_safety_cost_nzd_mean_vosl,-4.146536928826924,-3.850897155383769
R30,S1a.mean_matched_queue_tail_at_record_ceiling_net_social_cost_nzd_mean_vosl,224.64871706856914,224.9443568420123
R30,S1a.mean_matched_queue_tail_at_record_ceiling_breakeven_delta_delay_veh_hours_mean_vosl,0.08597422618343203,0.07984443614728945
R30,S1a.mean_matched_queue_tail_at_record_ceiling_safety_cost_nzd_median_vosl,-25.306118280081137,-23.22699530667564
R30,S1a.mean_matched_queue_tail_at_record_ceiling_net_social_cost_nzd_median_vosl,127.43376797308149,122.97860882371492
R30,S1a.mean_matched_queue_tail_at_record_ceiling_sum_of_medians_nzd_vosl,96.93787750020533,99.01700047361084
R30,S1a.mean_matched_queue_tail_at_record_ceiling_p_net_benefit_vosl,0.423,0.4272
R30,S1a.mean_matched_queue_tail_at_record_ceiling_breakeven_delta_delay_veh_hours_vosl,0.5246966261679689,0.4815881257863495
R30,S1a.mean_matched_queue_tail_at_record_ceiling_net_social_cost_nzd_mean_vosl_plan,88.5005978538632,88.79623762730637
R30,S1a.mean_matched_queue_tail_at_record_ceiling_net_social_cost_nzd_median_vosl_plan,44.53810572083239,42.043290219977706
R30,S1a.mean_matched_queue_tail_at_record_ceiling_p_net_benefit_vosl_plan,0.44705,0.4497
R30,S1a.mean_matched_queue_tail_at_record_ceiling_safety_cost_nzd_mean_serious_injury,-0.21897032213749226,-0.20335817698150604
R30,S1a.mean_matched_queue_tail_at_record_ceiling_net_social_cost_nzd_mean_serious_injury,228.5762836752585,228.59189582041455
R30,S1a.mean_matched_queue_tail_at_record_ceiling_breakeven_delta_delay_veh_hours_mean_serious_injury,0.004540126936294678,0.004216424984066061
R30,S1a.mean_matched_queue_tail_at_record_ceiling_safety_cost_nzd_median_serious_injury,-1.3363654941345247,-1.2265711681549272
R30,S1a.mean_matched_queue_tail_at_record_ceiling_net_social_cost_nzd_median_serious_injury,121.06226983433064,119.82313539144567
R30,S1a.mean_matched_queue_tail_at_record_ceiling_sum_of_medians_nzd_serious_injury,120.90763028615194,121.01742461213153
R30,S1a.mean_matched_queue_tail_at_record_ceiling_p_net_benefit_serious_injury,0.4254,0.4256
R30,S1a.mean_matched_queue_tail_at_record_ceiling_breakeven_delta_delay_veh_hours_serious_injury,0.0277081794346781,0.02543170574652555
R30,S1a.mean_matched_queue_tail_at_record_ceiling_net_social_cost_nzd_mean_serious_injury_plan,92.42816446055265,92.44377660570863
R30,S1a.mean_matched_queue_tail_at_record_ceiling_net_social_cost_nzd_median_serious_injury_plan,49.59172461531128,48.95252153812952
R30,S1a.mean_matched_queue_tail_at_record_ceiling_p_net_benefit_serious_injury_plan,0.4223,0.4241
R30,S1b.primary_dh_median,4.6506330102787953e-07,4.3251011301288087e-07
R30,S1b.primary_dh_mean,9.81080288717477e-06,9.992309572006835e-06
R30,S1b.primary_p_dh_neg,0.4825,0.48465
R30,S1b.primary_safety_cost_nzd_mean_vosl,122.6350360896846,124.90386965008545
R30,S1b.primary_net_social_cost_nzd_mean_vosl,327.5921219813286,329.8609555417294
R30,S1b.primary_breakeven_delta_delay_veh_hours_mean_vosl,-2.542712753259064,-2.5897547097260096
R30,S1b.primary_safety_cost_nzd_median_vosl,5.8132912628484945,5.406376412661011
R30,S1b.primary_net_social_cost_nzd_median_vosl,196.2382290867327,184.8729471826516
R30,S1b.primary_sum_of_medians_nzd_vosl,102.62699942418776,102.22008457400028
R30,S1b.primary_p_net_benefit_vosl,0.39705,0.4021
R30,S1b.primary_breakeven_delta_delay_veh_hours_vosl,-0.12053268220710128,-0.11209571662162578
R30,S1b.primary_net_social_cost_nzd_mean_vosl_plan,205.62926970908762,207.89810326948847
R30,S1b.primary_net_social_cost_nzd_median_vosl_plan,92.20570386259288,89.2938113094083
R30,S1b.primary_p_net_benefit_vosl_plan,0.40605,0.4118
R30,S1b.primary_safety_cost_nzd_mean_serious_injury,6.476110985824064,6.5959235484817125
R30,S1b.primary_net_social_cost_nzd_mean_serious_injury,211.43319687746805,211.55300944012572
R30,S1b.primary_breakeven_delta_delay_veh_hours_mean_serious_injury,-0.13427557507410465,-0.13675976671121112
R30,S1b.primary_safety_cost_nzd_median_serious_injury,0.3069882850085033,0.28549992559980264
R30,S1b.primary_net_social_cost_nzd_median_serious_injury,104.04863133404217,103.21262638360722
R30,S1b.primary_sum_of_medians_nzd_serious_injury,97.12069644634776,97.09920808693907
R30,S1b.primary_p_net_benefit_serious_injury,0.4331,0.43425
R30,S1b.primary_breakeven_delta_delay_veh_hours_serious_injury,-0.006365089881992604,-0.005919550603354813
R30,S1b.primary_net_social_cost_nzd_mean_serious_injury_plan,89.4703446052271,89.59015716788473
R30,S1b.primary_net_social_cost_nzd_median_serious_injury_plan,47.41890431185574,46.108075912061366
R30,S1b.primary_p_net_benefit_serious_injury_plan,0.42355,0.4257
R30,S1b.queue_tail_at_record_ceiling_dh_median,5.893015861606985e-07,5.715960651039966e-07
R30,S1b.queue_tail_at_record_ceiling_dh_mean,9.81978238336464e-06,1.0001289068196708e-05
R30,S1b.queue_tail_at_record_ceiling_p_dh_neg,0.4826,0.48415
R30,S1b.queue_tail_at_record_ceiling_safety_cost_nzd_mean_vosl,122.74727979205801,125.01611335245883
R30,S1b.queue_tail_at_record_ceiling_net_social_cost_nzd_mean_vosl,327.704365683702,329.97319924410283
R30,S1b.queue_tail_at_record_ceiling_breakeven_delta_delay_veh_hours_mean_vosl,-2.5450400122757206,-2.5920819687426673
R30,S1b.queue_tail_at_record_ceiling_safety_cost_nzd_median_vosl,7.366269827008733,7.144950813799957
R30,S1b.queue_tail_at_record_ceiling_net_social_cost_nzd_median_vosl,198.582720560622,186.53335690110902
R30,S1b.queue_tail_at_record_ceiling_sum_of_medians_nzd_vosl,104.179977988348,103.95865897513922
R30,S1b.queue_tail_at_record_ceiling_p_net_benefit_vosl,0.397,0.40075
R30,S1b.queue_tail_at_record_ceiling_breakeven_delta_delay_veh_hours_vosl,-0.1527321133528661,-0.1481432886958316
R30,S1b.queue_tail_at_record_ceiling_net_social_cost_nzd_mean_vosl_plan,205.741513411461,208.01034697186182
R30,S1b.queue_tail_at_record_ceiling_net_social_cost_nzd_median_vosl_plan,93.99619788199088,89.10646201754608
R30,S1b.queue_tail_at_record_ceiling_p_net_benefit_vosl_plan,0.4079,0.4115
R30,S1b.queue_tail_at_record_ceiling_safety_cost_nzd_mean_serious_injury,6.482038351258999,6.601850913916646
R30,S1b.queue_tail_at_record_ceiling_net_social_cost_nzd_mean_serious_injury,211.43912424290298,211.55893680556062
R30,S1b.queue_tail_at_record_ceiling_breakeven_delta_delay_veh_hours_mean_serious_injury,-0.13439847296825627,-0.1368826646053628
R30,S1b.queue_tail_at_record_ceiling_safety_cost_nzd_median_serious_injury,0.3889979770246771,0.37731056257514817
R30,S1b.queue_tail_at_record_ceiling_net_social_cost_nzd_median_serious_injury,103.92421183427578,103.22483720935439
R30,S1b.queue_tail_at_record_ceiling_sum_of_medians_nzd_serious_injury,97.20270613836394,97.19101872391441
R30,S1b.queue_tail_at_record_ceiling_p_net_benefit_serious_injury,0.4333,0.43395
R30,S1b.queue_tail_at_record_ceiling_breakeven_delta_delay_veh_hours_serious_injury,-0.008065477441938152,-0.007823150789449474
R30,S1b.queue_tail_at_record_ceiling_net_social_cost_nzd_mean_serious_injury_plan,89.47627197066203,89.59608453331967
R30,S1b.queue_tail_at_record_ceiling_net_social_cost_nzd_median_serious_injury_plan,47.37376004032345,45.96947202660329
R30,S1b.queue_tail_at_record_ceiling_p_net_benefit_serious_injury_plan,0.4237,0.42655
R30,S1b.queue_tail_at_elicited_level_dh_median,2.1041501667293106e-06,2.519612917072802e-06
R30,S1b.queue_tail_at_elicited_level_dh_mean,1.0013623828030513e-05,1.019513051286258e-05
R30,S1b.queue_tail_at_elicited_level_p_dh_neg,0.4803,0.4773
R30,S1b.queue_tail_at_elicited_level_safety_cost_nzd_mean_vosl,125.1702978503814,127.43913141078225
R30,S1b.queue_tail_at_elicited_level_net_social_cost_nzd_mean_vosl,330.1273837420254,332.39621730242624
R30,S1b.queue_tail_at_elicited_level_breakeven_delta_delay_veh_hours_mean_vosl,-2.59527882750117,-2.6423207839681164
R30,S1b.queue_tail_at_elicited_level_safety_cost_nzd_median_vosl,26.301877084116384,31.495161463410028
R30,S1b.queue_tail_at_elicited_level_net_social_cost_nzd_median_vosl,239.3451639535961,238.75592967919098
R30,S1b.queue_tail_at_elicited_level_sum_of_medians_nzd_vosl,123.11558524545565,128.3088696247493
R30,S1b.queue_tail_at_elicited_level_p_net_benefit_vosl,0.41185,0.4124
R30,S1b.queue_tail_at_elicited_level_breakeven_delta_delay_veh_hours_vosl,-0.5453426722810778,-0.6530201423058268
R30,S1b.queue_tail_at_elicited_level_net_social_cost_nzd_mean_vosl_plan,208.1645314697844,210.43336503018523
R30,S1b.queue_tail_at_elicited_level_net_social_cost_nzd_median_vosl_plan,117.83402272659288,120.43674300394102
R30,S1b.queue_tail_at_elicited_level_p_net_benefit_vosl_plan,0.43435,0.4348
R30,S1b.queue_tail_at_elicited_level_safety_cost_nzd_mean_serious_injury,6.609993088882942,6.72980565154059
R30,S1b.queue_tail_at_elicited_level_net_social_cost_nzd_mean_serious_injury,211.56707898052693,211.6868915431846
R30,S1b.queue_tail_at_elicited_level_breakeven_delta_delay_veh_hours_mean_serious_injury,-0.1370514843226818,-0.1395356759597883
R30,S1b.queue_tail_at_elicited_level_safety_cost_nzd_median_serious_injury,1.388949525058018,1.6631964865597566
R30,S1b.queue_tail_at_elicited_level_net_social_cost_nzd_median_serious_injury,109.27056428960466,109.24500071344664
R30,S1b.queue_tail_at_elicited_level_sum_of_medians_nzd_serious_injury,98.20265768639729,98.47690464789902
R30,S1b.queue_tail_at_elicited_level_p_net_benefit_serious_injury,0.43195,0.43335
R30,S1b.queue_tail_at_elicited_level_breakeven_delta_delay_veh_hours_serious_injury,-0.02879845583781916,-0.034484687674886105
R30,S1b.queue_tail_at_elicited_level_net_social_cost_nzd_mean_serious_injury_plan,89.60422670828595,89.7240392709436
R30,S1b.queue_tail_at_elicited_level_net_social_cost_nzd_median_serious_injury_plan,51.466264769975766,50.72677708813306
R30,S1b.queue_tail_at_elicited_level_p_net_benefit_serious_injury_plan,0.42205,0.42465
R30,S1b.mean_matched_queue_tail_at_record_ceiling_dh_median,-1.3300970489746442e-06,-1.2633468571006863e-06
R30,S1b.mean_matched_queue_tail_at_record_ceiling_dh_mean,-1.4110433070371659e-06,-1.338380598535393e-06
R30,S1b.mean_matched_queue_tail_at_record_ceiling_p_dh_neg,0.58135,0.57805
R30,S1b.mean_matched_queue_tail_at_record_ceiling_safety_cost_nzd_mean_vosl,-17.638041337964573,-16.72975748169241
R30,S1b.mean_matched_queue_tail_at_record_ceiling_net_social_cost_nzd_mean_vosl,187.31904455367942,188.22732840995158
R30,S1b.mean_matched_queue_tail_at_record_ceiling_breakeven_delta_delay_veh_hours_mean_vosl,0.3657068492217411,0.34687450718831453
R30,S1b.mean_matched_queue_tail_at_record_ceiling_safety_cost_nzd_median_vosl,-16.626213112183052,-15.79183571375858
R30,S1b.mean_matched_queue_tail_at_record_ceiling_net_social_cost_nzd_median_vosl,98.5222909234206,94.44735682878692
R30,S1b.mean_matched_queue_tail_at_record_ceiling_sum_of_medians_nzd_vosl,80.18749504915621,81.02187244758069
R30,S1b.mean_matched_queue_tail_at_record_ceiling_p_net_benefit_vosl,0.44115,0.44365
R30,S1b.mean_matched_queue_tail_at_record_ceiling_breakeven_delta_delay_veh_hours_vosl,0.34472761999135504,0.3274276531983948
R30,S1b.mean_matched_queue_tail_at_record_ceiling_net_social_cost_nzd_mean_vosl_plan,65.35619228143844,66.2644761377106
R30,S1b.mean_matched_queue_tail_at_record_ceiling_net_social_cost_nzd_median_vosl_plan,34.3288567246117,31.77599678351194
R30,S1b.mean_matched_queue_tail_at_record_ceiling_p_net_benefit_vosl_plan,0.4537,0.45745
R30,S1b.mean_matched_queue_tail_at_record_ceiling_safety_cost_nzd_mean_serious_injury,-0.9314296869752332,-0.8834650330932127
R30,S1b.mean_matched_queue_tail_at_record_ceiling_net_social_cost_nzd_mean_serious_injury,204.02565620466876,204.07362085855078
R30,S1b.mean_matched_queue_tail_at_record_ceiling_breakeven_delta_delay_veh_hours_mean_serious_injury,0.019312247293701706,0.01831774897560052
R30,S1b.mean_matched_queue_tail_at_record_ceiling_safety_cost_nzd_median_serious_injury,-0.8779970620281626,-0.833935260372163
R30,S1b.mean_matched_queue_tail_at_record_ceiling_net_social_cost_nzd_median_serious_injury,96.02131584935384,95.9938159373449
R30,S1b.mean_matched_queue_tail_at_record_ceiling_sum_of_medians_nzd_serious_injury,95.9357110993111,95.9797729009671
R30,S1b.mean_matched_queue_tail_at_record_ceiling_p_net_benefit_serious_injury,0.4399,0.43985
R30,S1b.mean_matched_queue_tail_at_record_ceiling_breakeven_delta_delay_veh_hours_serious_injury,0.018204376156503478,0.017290799510100832
R30,S1b.mean_matched_queue_tail_at_record_ceiling_net_social_cost_nzd_mean_serious_injury_plan,82.06280393242778,82.1107685863098
R30,S1b.mean_matched_queue_tail_at_record_ceiling_net_social_cost_nzd_median_serious_injury_plan,38.51285183709585,38.267545645128024
R30,S1b.mean_matched_queue_tail_at_record_ceiling_p_net_benefit_serious_injury_plan,0.43935,0.43955
R30,S2.primary_dh_median,-3.6968144387611438e-06,-4.4682969679883e-06
R30,S2.primary_dh_mean,-1.1245302517539576e-05,-1.2311300991707284e-05
R30,S2.primary_p_dh_neg,0.6527,0.6815
R30,S2.primary_safety_cost_nzd_mean_vosl,-140.56628146924473,-153.89126239634106
R30,S2.primary_net_social_cost_nzd_mean_vosl,-140.56628146924473,-153.89126239634106
R30,S2.primary_breakeven_delta_delay_veh_hours_mean_vosl,2.91449889009423,3.190778818087105
R30,S2.primary_safety_cost_nzd_median_vosl,-46.2101804845143,-55.85371209985375
R30,S2.primary_net_social_cost_nzd_median_vosl,-46.2101804845143,-55.85371209985375
R30,S2.primary_sum_of_medians_nzd_vosl,-46.2101804845143,-55.85371209985375
R30,S2.primary_p_net_benefit_vosl,0.6527,0.6815
R30,S2.primary_breakeven_delta_delay_veh_hours_vosl,0.9581210965066204,1.1580699170610358
R30,S2.primary_net_social_cost_nzd_mean_vosl_plan,-140.56628146924473,-153.89126239634106
R30,S2.primary_net_social_cost_nzd_median_vosl_plan,-46.2101804845143,-55.85371209985375
R30,S2.primary_p_net_benefit_vosl_plan,0.6527,0.6815
R30,S2.primary_safety_cost_nzd_mean_serious_injury,-7.423024191827874,-8.126689784625977
R30,S2.primary_net_social_cost_nzd_mean_serious_injury,-7.423024191827874,-8.126689784625977
R30,S2.primary_breakeven_delta_delay_veh_hours_mean_serious_injury,0.1539088573880961,0.16849864782554386
R30,S2.primary_safety_cost_nzd_median_serious_injury,-2.440267211026231,-2.9495228285690773
R30,S2.primary_net_social_cost_nzd_median_serious_injury,-2.440267211026231,-2.9495228285690773
R30,S2.primary_sum_of_medians_nzd_serious_injury,-2.440267211026231,-2.949522828569077
R30,S2.primary_p_net_benefit_serious_injury,0.6527,0.6815
R30,S2.primary_breakeven_delta_delay_veh_hours_serious_injury,0.05059645886432161,0.06115535618015917
R30,S2.primary_net_social_cost_nzd_mean_serious_injury_plan,-7.423024191827874,-8.126689784625977
R30,S2.primary_net_social_cost_nzd_median_serious_injury_plan,-2.440267211026231,-2.9495228285690773
R30,S2.primary_p_net_benefit_serious_injury_plan,0.6527,0.6815
R30,S2.queue_tail_at_record_ceiling_dh_median,-3.6968144387611438e-06,-4.4682969679883e-06
R30,S2.queue_tail_at_record_ceiling_dh_mean,-1.1245302517539576e-05,-1.2311300991707284e-05
R30,S2.queue_tail_at_record_ceiling_p_dh_neg,0.6527,0.6815
R30,S2.queue_tail_at_record_ceiling_safety_cost_nzd_mean_vosl,-140.56628146924473,-153.89126239634106
R30,S2.queue_tail_at_record_ceiling_net_social_cost_nzd_mean_vosl,-140.56628146924473,-153.89126239634106
R30,S2.queue_tail_at_record_ceiling_breakeven_delta_delay_veh_hours_mean_vosl,2.91449889009423,3.190778818087105
R30,S2.queue_tail_at_record_ceiling_safety_cost_nzd_median_vosl,-46.2101804845143,-55.85371209985375
R30,S2.queue_tail_at_record_ceiling_net_social_cost_nzd_median_vosl,-46.2101804845143,-55.85371209985375
R30,S2.queue_tail_at_record_ceiling_sum_of_medians_nzd_vosl,-46.2101804845143,-55.85371209985375
R30,S2.queue_tail_at_record_ceiling_p_net_benefit_vosl,0.6527,0.6815
R30,S2.queue_tail_at_record_ceiling_breakeven_delta_delay_veh_hours_vosl,0.9581210965066204,1.1580699170610358
R30,S2.queue_tail_at_record_ceiling_net_social_cost_nzd_mean_vosl_plan,-140.56628146924473,-153.89126239634106
R30,S2.queue_tail_at_record_ceiling_net_social_cost_nzd_median_vosl_plan,-46.2101804845143,-55.85371209985375
R30,S2.queue_tail_at_record_ceiling_p_net_benefit_vosl_plan,0.6527,0.6815
R30,S2.queue_tail_at_record_ceiling_safety_cost_nzd_mean_serious_injury,-7.423024191827874,-8.126689784625977
R30,S2.queue_tail_at_record_ceiling_net_social_cost_nzd_mean_serious_injury,-7.423024191827874,-8.126689784625977
R30,S2.queue_tail_at_record_ceiling_breakeven_delta_delay_veh_hours_mean_serious_injury,0.1539088573880961,0.16849864782554386
R30,S2.queue_tail_at_record_ceiling_safety_cost_nzd_median_serious_injury,-2.440267211026231,-2.9495228285690773
R30,S2.queue_tail_at_record_ceiling_net_social_cost_nzd_median_serious_injury,-2.440267211026231,-2.9495228285690773
R30,S2.queue_tail_at_record_ceiling_sum_of_medians_nzd_serious_injury,-2.440267211026231,-2.949522828569077
R30,S2.queue_tail_at_record_ceiling_p_net_benefit_serious_injury,0.6527,0.6815
R30,S2.queue_tail_at_record_ceiling_breakeven_delta_delay_veh_hours_serious_injury,0.05059645886432161,0.06115535618015917
R30,S2.queue_tail_at_record_ceiling_net_social_cost_nzd_mean_serious_injury_plan,-7.423024191827874,-8.126689784625977
R30,S2.queue_tail_at_record_ceiling_net_social_cost_nzd_median_serious_injury_plan,-2.440267211026231,-2.9495228285690773
R30,S2.queue_tail_at_record_ceiling_p_net_benefit_serious_injury_plan,0.6527,0.6815
R30,S2.queue_tail_at_elicited_level_dh_median,-3.6968144387611438e-06,-4.4682969679883e-06
R30,S2.queue_tail_at_elicited_level_dh_mean,-1.1245302517539576e-05,-1.2311300991707284e-05
R30,S2.queue_tail_at_elicited_level_p_dh_neg,0.6527,0.6815
R30,S2.queue_tail_at_elicited_level_safety_cost_nzd_mean_vosl,-140.56628146924473,-153.89126239634106
R30,S2.queue_tail_at_elicited_level_net_social_cost_nzd_mean_vosl,-140.56628146924473,-153.89126239634106
R30,S2.queue_tail_at_elicited_level_breakeven_delta_delay_veh_hours_mean_vosl,2.91449889009423,3.190778818087105
R30,S2.queue_tail_at_elicited_level_safety_cost_nzd_median_vosl,-46.2101804845143,-55.85371209985375
R30,S2.queue_tail_at_elicited_level_net_social_cost_nzd_median_vosl,-46.2101804845143,-55.85371209985375
R30,S2.queue_tail_at_elicited_level_sum_of_medians_nzd_vosl,-46.2101804845143,-55.85371209985375
R30,S2.queue_tail_at_elicited_level_p_net_benefit_vosl,0.6527,0.6815
R30,S2.queue_tail_at_elicited_level_breakeven_delta_delay_veh_hours_vosl,0.9581210965066204,1.1580699170610358
R30,S2.queue_tail_at_elicited_level_net_social_cost_nzd_mean_vosl_plan,-140.56628146924473,-153.89126239634106
R30,S2.queue_tail_at_elicited_level_net_social_cost_nzd_median_vosl_plan,-46.2101804845143,-55.85371209985375
R30,S2.queue_tail_at_elicited_level_p_net_benefit_vosl_plan,0.6527,0.6815
R30,S2.queue_tail_at_elicited_level_safety_cost_nzd_mean_serious_injury,-7.423024191827874,-8.126689784625977
R30,S2.queue_tail_at_elicited_level_net_social_cost_nzd_mean_serious_injury,-7.423024191827874,-8.126689784625977
R30,S2.queue_tail_at_elicited_level_breakeven_delta_delay_veh_hours_mean_serious_injury,0.1539088573880961,0.16849864782554386
R30,S2.queue_tail_at_elicited_level_safety_cost_nzd_median_serious_injury,-2.440267211026231,-2.9495228285690773
R30,S2.queue_tail_at_elicited_level_net_social_cost_nzd_median_serious_injury,-2.440267211026231,-2.9495228285690773
R30,S2.queue_tail_at_elicited_level_sum_of_medians_nzd_serious_injury,-2.440267211026231,-2.949522828569077
R30,S2.queue_tail_at_elicited_level_p_net_benefit_serious_injury,0.6527,0.6815
R30,S2.queue_tail_at_elicited_level_breakeven_delta_delay_veh_hours_serious_injury,0.05059645886432161,0.06115535618015917
R30,S2.queue_tail_at_elicited_level_net_social_cost_nzd_mean_serious_injury_plan,-7.423024191827874,-8.126689784625977
R30,S2.queue_tail_at_elicited_level_net_social_cost_nzd_median_serious_injury_plan,-2.440267211026231,-2.9495228285690773
R30,S2.queue_tail_at_elicited_level_p_net_benefit_serious_injury_plan,0.6527,0.6815
R30,S2.mean_matched_queue_tail_at_record_ceiling_dh_median,-1.5939326548505077e-06,-1.8320403524403329e-06
R30,S2.mean_matched_queue_tail_at_record_ceiling_dh_mean,-5.701806791109452e-06,-6.019449006679121e-06
R30,S2.mean_matched_queue_tail_at_record_ceiling_p_dh_neg,0.62945,0.6487
R30,S2.mean_matched_queue_tail_at_record_ceiling_safety_cost_nzd_mean_vosl,-71.27258488886814,-75.24311258348901
R30,S2.mean_matched_queue_tail_at_record_ceiling_net_social_cost_nzd_mean_vosl,-71.27258488886814,-75.24311258348901
R30,S2.mean_matched_queue_tail_at_record_ceiling_breakeven_delta_delay_veh_hours_mean_vosl,1.4777645633188505,1.5600894170327393
R30,S2.mean_matched_queue_tail_at_record_ceiling_safety_cost_nzd_median_vosl,-19.924158185631345,-22.900504405504165
R30,S2.mean_matched_queue_tail_at_record_ceiling_net_social_cost_nzd_median_vosl,-19.924158185631345,-22.900504405504165
R30,S2.mean_matched_queue_tail_at_record_ceiling_sum_of_medians_nzd_vosl,-19.924158185631345,-22.90050440550416
R30,S2.mean_matched_queue_tail_at_record_ceiling_p_net_benefit_vosl,0.62945,0.6487
R30,S2.mean_matched_queue_tail_at_record_ceiling_breakeven_delta_delay_veh_hours_vosl,0.41310715707301154,0.47481866899241476
R30,S2.mean_matched_queue_tail_at_record_ceiling_net_social_cost_nzd_mean_vosl_plan,-71.27258488886814,-75.24311258348901
R30,S2.mean_matched_queue_tail_at_record_ceiling_net_social_cost_nzd_median_vosl_plan,-19.924158185631345,-22.900504405504165
R30,S2.mean_matched_queue_tail_at_record_ceiling_p_net_benefit_vosl_plan,0.62945,0.6487
R30,S2.mean_matched_queue_tail_at_record_ceiling_safety_cost_nzd_mean_serious_injury,-3.7637626628113487,-3.9734382893088878
R30,S2.mean_matched_queue_tail_at_record_ceiling_net_social_cost_nzd_mean_serious_injury,-3.7637626628113487,-3.9734382893088878
R30,S2.mean_matched_queue_tail_at_record_ceiling_breakeven_delta_delay_veh_hours_mean_serious_injury,0.07803779105974185,0.08238520193466489
R30,S2.mean_matched_queue_tail_at_record_ceiling_safety_cost_nzd_median_serious_injury,-1.0521549454668202,-1.2093298366458638
R30,S2.mean_matched_queue_tail_at_record_ceiling_net_social_cost_nzd_median_serious_injury,-1.0521549454668202,-1.2093298366458638
R30,S2.mean_matched_queue_tail_at_record_ceiling_sum_of_medians_nzd_serious_injury,-1.0521549454668202,-1.2093298366458638
R30,S2.mean_matched_queue_tail_at_record_ceiling_p_net_benefit_serious_injury,0.62945,0.6487
R30,S2.mean_matched_queue_tail_at_record_ceiling_breakeven_delta_delay_veh_hours_serious_injury,0.021815362750711595,0.02507422427215144
R30,S2.mean_matched_queue_tail_at_record_ceiling_net_social_cost_nzd_mean_serious_injury_plan,-3.7637626628113487,-3.9734382893088878
R30,S2.mean_matched_queue_tail_at_record_ceiling_net_social_cost_nzd_median_serious_injury_plan,-1.0521549454668202,-1.2093298366458638
R30,S2.mean_matched_queue_tail_at_record_ceiling_p_net_benefit_serious_injury_plan,0.62945,0.6487
R32,L250_sight150.w5_s1a_median,1.68078e-05,2.14661e-05
R32,L250_sight250.w5_s1a_median,9.34674e-06,1.26355e-05
R32,L1000_sight150.w5_s1a_median,9.93556e-06,3.28434e-05
R32,L1000_sight150.p_dh_neg_s2,0.9997,0.9996
R32,L1000_sight150.w5_s2_median,1.84631e-06,1.97631e-06
R32,L1000_sight150.collisions_day_s2,0.0001152,0.000123069
R32,L1000_sight250.w5_s1a_median,4.62333e-06,1.56548e-05
R32,L1000_sight250.w5_s2_median,7.69081e-07,8.23637e-07
R32,L1000_sight250.collisions_day_s2,5.65973e-05,6.03887e-05
R32,L1000_sight500.w5_s1a_median,2.35896e-06,8.59098e-06
R32,L1000_sight500.w5_s2_median,3.93843e-07,4.26095e-07
R32,L1000_sight500.collisions_day_s2,2.90328e-05,3.11829e-05
R32,L1000_sight1000.w5_s1a_median,1.23388e-06,5.55967e-06
R32,L1000_sight1000.w5_s2_median,2.09622e-07,2.33504e-07
R32,L1000_sight1000.collisions_day_s2,1.53187e-05,1.70475e-05
R34,optdev.min,1.0,0.9706235011990407
R34,pessdev.min,0.8934,0.4623260437375746
R35,current_S1a_record_central,0.4311,0.43305
R37,s1a_p_at_record_central_wilson[0],0.4242504655438997,0.42619638642303087
R37,s1a_p_at_record_central_wilson[1],0.43797599702463147,0.4399293272048815
R37,s1b_p_at_record_central_wilson[0],0.47557875130786365,0.47772735935248206
R37,s1b_p_at_record_central_wilson[1],0.4894279699541,0.4915785361544404
R37,s2_p_at_record_central_wilson[0],0.6460727890455665,0.6750088207198551
R37,s2_p_at_record_central_wilson[1],0.6592685631428991,0.687921470191779
R37,s1b_p_at_record_central,0.4825,0.48465
R38,s2_vs_s1a_p_s2_lower_at_record_central,0.8072,0.79965
R38,s2_vs_s1a_dh_median_at_record,-7.084342441881637e-06,-7.402942809023393e-06
R38,s2_vs_s1a_p_s2_lower_with_queue_tail_record_ceiling,0.67935,0.6811
R38,s2_vs_s1a_dh_median_with_queue_tail_record_ceiling,-5.126910353233681e-06,-5.481291315753064e-06
R38,s2_vs_s1a_p_s2_lower_with_queue_tail_elicited_level,0.4176,0.42525
R38,s2_vs_s1a_dh_median_with_queue_tail_elicited_level,8.347687866185981e-06,7.77642572409023e-06
R39,s2_own_anchor_vs_s1a_p_s2_lower,0.3577,0.3634
R40,s1a_p_at_record_factor10_box[0],0.1044,0.111
R40,s1a_p_at_record_factor10_box[1],0.82085,0.81495
R40,s2_p_at_record_factor10_box[0],0.2606,0.29685
R40,s2_p_at_record_factor10_box[1],0.8935,0.90195
R41,s1a_prcc_at_record_top8[0][1],-0.556,-0.532
R41,s1a_prcc_at_record_top8[1][1],0.528,0.506
R41,s1a_prcc_at_record_top8[2][0],w_onset,r_v1a
R41,s1a_prcc_at_record_top8[2][1],-0.433,0.426
R41,s1a_prcc_at_record_top8[3][1],0.403,0.375
R41,s1a_prcc_at_record_top8[4][0],ttc50,impact_speed_frac
R41,s1a_prcc_at_record_top8[4][1],0.395,0.37
R41,s1a_prcc_at_record_top8[5][0],impact_speed_frac,ttc50
R41,s1a_prcc_at_record_top8[5][1],0.394,0.367
R41,s1a_prcc_at_record_top8[6][0],r_v1a,w_onset
R41,s1a_prcc_at_record_top8[6][1],0.291,-0.258
R41,s1a_prcc_at_record_top8[7][1],-0.269,-0.252
R41,s2_prcc_at_record_top8[0][1],-0.821,-0.841
R41,s2_prcc_at_record_top8[1][1],-0.581,-0.617
R41,s2_prcc_at_record_top8[2][1],0.472,0.509
R41,s2_prcc_at_record_top8[3][1],0.317,0.277
R41,s2_prcc_at_record_top8[4][1],-0.281,-0.247
R41,s2_prcc_at_record_top8[5][1],0.252,0.223
R41,s2_prcc_at_record_top8[6][1],0.249,0.221
R41,s2_prcc_at_record_top8[7][1],0.241,0.209
R42,S1a_offset_prcc,0.028122,0.028286
R43,s1a_p_at_record_central_mean_anchored,0.5363,0.53415
R43,s1a_dh_mean_at_record_central,2.1371734764949936e-05,2.136537974805997e-05
R43,s2_p_at_record_central_mean_anchored,0.62945,0.6487
R43,s2_dh_mean_at_record_central,-1.1245302517539576e-05,-1.2311300991707284e-05
R44,s1a_p_at_record_central_with_avoidance_harm,0.31165,0.31455
R44,s2_p_at_record_central_with_avoidance_harm,0.5534,0.58785
R45,share_of_scaled_headon_draws_inside_band,0.2859,0.27665
R45,scaled_headon_q05_q95[0],7.108870837268517e-07,6.312025533633514e-07
R45,scaled_headon_q05_q95[1],0.00015042872193724312,0.00015976408481398937
R46,S1a.p_dh_neg_record_central.value,0.4291,0.4261
R46,S1a.p_dh_neg_record_worst_corner.form,"primary (independent failures, logistic in TTC)",MF1 common cause rho=1.0
R46,S1a.p_dh_neg_record_worst_corner.value,0.2286,0.2334
R46,S1a.p_equivalent_record_central.value,0.7569,0.7467
R46,S1a.p_s2_lower_than_s1a_record_central.value,0.7912,0.7856
R46,S1a.abs_dh_median_record.value,1.478e-05,1.5342e-05
R46,S1a.dh_median_record.value,2.414e-06,2.5158e-06
R46,S2.p_dh_neg_record_central.value,0.637,0.6651
R46,S2.p_dh_neg_record_worst_corner.value,0.4323,0.4643
R46,S2.p_equivalent_record_central.value,0.8947,0.901
R46,S2.p_s2_lower_than_s1a_record_central.value,0.7912,0.7856
R46,S2.abs_dh_median_record.value,8.7079e-06,8.4938e-06
R46,S2.dh_median_record.value,-3.181e-06,-3.8644e-06
R47,best_signal_corner,0.6849,0.67865
R47,"equivalence.primary (independent failures, logistic in TTC)/S1a",0.7793,0.7661
R47,"equivalence.primary (independent failures, logistic in TTC)/S1b",0.8164,0.8086
R47,"equivalence.primary (independent failures, logistic in TTC)/S2",0.9206,0.9217
R47,equivalence.MF1 common cause rho=0.5/S1a,0.7743,0.7631
R47,equivalence.MF1 common cause rho=0.5/S1b,0.8164,0.8082
R47,equivalence.MF1 common cause rho=0.5/S2,0.9132,0.9157
R47,equivalence.MF1 common cause rho=1.0/S1a,0.772,0.7627
R47,equivalence.MF1 common cause rho=1.0/S1b,0.8155,0.8078
R47,equivalence.MF1 common cause rho=1.0/S2,0.9108,0.9136
R47,equivalence.MF2a threshold at ttc50/S1a,0.7709,0.7611
R47,equivalence.MF2a threshold at ttc50/S1b,0.8074,0.8033
R47,equivalence.MF2a threshold at ttc50/S2,0.9196,0.9222
R47,equivalence.MF2b logistic in ln TTC/S1a,0.7569,0.7467
R47,equivalence.MF2b logistic in ln TTC/S1b,0.7941,0.7888
R47,equivalence.MF2b logistic in ln TTC/S2,0.8947,0.901
R48,s2_p_at_record_central_operator_calibrated,0.42385,0.44055
R48,s2_p_operator_calibrated_worst_best[0],0.3312,0.35735
R48,s2_p_operator_calibrated_worst_best[1],0.4866,0.49455
R48,s2_operator_calibrated_vs_s1a_p_s2_lower,0.5389,0.5425
R48,s2_operator_calibrated_dh_median,2.2692244867045517e-06,1.6673665430700562e-06
R48,s2_operator_calibrated_p_equivalent,0.8402,0.84625
R49,p_s2_below_s1a,0.2252,0.2546
R50,2.1e-05.S1a,0.3322,0.33625
R50,2.1e-05.S1b,0.3822,0.3848
R50,2.1e-05.S2,0.58555,0.6218
R50,6.4e-05.S1a,0.16905,0.1763
R50,6.4e-05.S1b,0.20095,0.21195
R50,6.4e-05.S2,0.42545,0.4725
R50,0.00013.S1a,0.0993,0.10565
R50,0.00013.S1b,0.12275,0.13
R50,0.00013.S2,0.317,0.36165
R51,S1a.p5,0.3779688703900172,0.29495904998811595
R51,S1a.p20,2.189883663273252,1.6254057591404507
R51,S1a.median,12.16617145458373,8.932256782234946
R51,S1a.p80,67.69875806965358,51.809092985012164
R51,S1a.p95,345.9906825051801,273.42754714185173
R52,S1a.primary_dh_median,2.2962246908693206e-06,2.241418326038411e-06
R52,S1a.primary_dh_mean,2.1371734764949936e-05,2.136537974805997e-05
R52,S1a.primary_p_dh_neg,0.4311,0.43305
R52,S1a.primary_safety_cost_nzd_mean_vosl,267.1466845618742,267.06724685074965
R52,S1a.primary_net_social_cost_nzd_mean_vosl,495.9419385592703,495.8625008481457
R52,S1a.primary_breakeven_delta_delay_veh_hours_mean_vosl,-5.5390148157137515,-5.537367755561883
R52,S1a.primary_safety_cost_nzd_median_vosl,28.702808635866504,28.017729075480137
R52,S1a.primary_net_social_cost_nzd_median_vosl,288.5200766571802,284.04062243090647
R52,S1a.primary_sum_of_medians_nzd_vosl,150.946804416153,150.2617248557666
R52,S1a.primary_p_net_benefit_vosl,0.35715,0.36015
R52,S1a.primary_breakeven_delta_delay_veh_hours_vosl,-0.5951235462547483,-0.5809191182973282
R52,S1a.primary_net_social_cost_nzd_mean_vosl_plan,359.7938193445643,359.71438163343976
R52,S1a.primary_net_social_cost_nzd_median_vosl_plan,146.9283026105375,144.86413035264235
R52,S1a.primary_p_net_benefit_vosl_plan,0.36125,0.3658
R52,S1a.primary_safety_cost_nzd_mean_serious_injury,14.107482118343453,14.103287171694387
R52,S1a.primary_net_social_cost_nzd_mean_serious_injury,242.9027361157395,242.89854116909044
R52,S1a.primary_breakeven_delta_delay_veh_hours_mean_serious_injury,-0.2925042943882118,-0.29241731643571195
R52,S1a.primary_safety_cost_nzd_median_serious_injury,1.5157379184428383,1.479560237017955
R52,S1a.primary_net_social_cost_nzd_median_serious_injury,137.34470688514426,136.82424258097046
R52,S1a.primary_sum_of_medians_nzd_serious_injury,123.7597336987293,123.72355601730442
R52,S1a.primary_p_net_benefit_serious_injury,0.4121,0.4139
R52,S1a.primary_breakeven_delta_delay_veh_hours_serious_injury,-0.031427284230620744,-0.030677176799045306
R52,S1a.primary_net_social_cost_nzd_mean_serious_injury_plan,106.7546169010336,106.75042195438454
R52,S1a.primary_net_social_cost_nzd_median_serious_injury_plan,65.29081028672829,63.510821258417835
R52,S1a.primary_p_net_benefit_serious_injury_plan,0.39685,0.40005
R52,S1a.queue_tail_at_record_ceiling_dh_median,1.3692090247683733e-07,2.455528309561954e-07
R52,S1a.queue_tail_at_record_ceiling_dh_mean,1.6950423081583072e-05,1.694406806469311e-05
R52,S1a.queue_tail_at_record_ceiling_p_dh_neg,0.49655,0.49405
R52,S1a.queue_tail_at_record_ceiling_safety_cost_nzd_mean_vosl,211.8802885197884,211.80085080866385
R52,S1a.queue_tail_at_record_ceiling_net_social_cost_nzd_mean_vosl,440.67554251718445,440.5961048060599
R52,S1a.queue_tail_at_record_ceiling_breakeven_delta_delay_veh_hours_mean_vosl,-4.393122299809007,-4.39147523965714
R52,S1a.queue_tail_at_record_ceiling_safety_cost_nzd_median_vosl,1.7115112809604667,3.0694103869524425
R52,S1a.queue_tail_at_record_ceiling_net_social_cost_nzd_median_vosl,246.57471938001675,237.8365635514569
R52,S1a.queue_tail_at_record_ceiling_sum_of_medians_nzd_vosl,123.95550706124693,125.31340616723891
R52,S1a.queue_tail_at_record_ceiling_p_net_benefit_vosl,0.3818,0.3836
R52,S1a.queue_tail_at_record_ceiling_breakeven_delta_delay_veh_hours_vosl,-0.035486445800548765,-0.06364110277736768
R52,S1a.queue_tail_at_record_ceiling_net_social_cost_nzd_mean_vosl_plan,304.52742330247855,304.4479855913539
R52,S1a.queue_tail_at_record_ceiling_net_social_cost_nzd_median_vosl_plan,109.5679006994185,103.95412805200827
R52,S1a.queue_tail_at_record_ceiling_p_net_benefit_vosl_plan,0.40165,0.40605
R52,S1a.queue_tail_at_record_ceiling_safety_cost_nzd_mean_serious_injury,11.188974276152987,11.18477932950392
R52,S1a.queue_tail_at_record_ceiling_net_social_cost_nzd_mean_serious_injury,239.98422827354904,239.98003332689996
R52,S1a.queue_tail_at_record_ceiling_breakeven_delta_delay_veh_hours_mean_serious_injury,-0.23199200240831402,-0.23190502445581426
R52,S1a.queue_tail_at_record_ceiling_safety_cost_nzd_median_serious_injury,0.09038148772496032,0.16208942371418456
R52,S1a.queue_tail_at_record_ceiling_net_social_cost_nzd_median_serious_injury,134.51553591079931,133.93683031381997
R52,S1a.queue_tail_at_record_ceiling_sum_of_medians_nzd_serious_injury,122.33437726801142,122.40608520400065
R52,S1a.queue_tail_at_record_ceiling_p_net_benefit_serious_injury,0.41385,0.4156
R52,S1a.queue_tail_at_record_ceiling_breakeven_delta_delay_veh_hours_serious_injury,-0.001873968229835379,-0.0033607593554672317
R52,S1a.queue_tail_at_record_ceiling_net_social_cost_nzd_mean_serious_injury_plan,103.8361090588431,103.83191411219406
R52,S1a.queue_tail_at_record_ceiling_net_social_cost_nzd_median_serious_injury_plan,62.94406412471604,61.02666989731891
R52,S1a.queue_tail_at_record_ceiling_p_net_benefit_serious_injury_plan,0.4021,0.40455
R52,S1a.queue_tail_at_elicited_level_dh_median,-1.9711139374311952e-05,-1.9458497745084457e-05
R52,S1a.queue_tail_at_elicited_level_dh_mean,-7.849295435297067e-05,-7.849930936986064e-05
R52,S1a.queue_tail_at_elicited_level_p_dh_neg,0.6467,0.64055
R52,S1a.queue_tail_at_elicited_level_safety_cost_nzd_mean_vosl,-981.1619294121334,-981.2413671232581
R52,S1a.queue_tail_at_elicited_level_net_social_cost_nzd_mean_vosl,-752.3666754147374,-752.446113125862
R52,S1a.queue_tail_at_elicited_level_breakeven_delta_delay_veh_hours_mean_vosl,20.343394762847467,20.345041822999338
R52,S1a.queue_tail_at_elicited_level_safety_cost_nzd_median_vosl,-246.3892421788994,-243.2312218135557
R52,S1a.queue_tail_at_elicited_level_net_social_cost_nzd_median_vosl,-161.13257140860424,-163.0700033499345
R52,S1a.queue_tail_at_elicited_level_sum_of_medians_nzd_vosl,-124.14524639861293,-120.98722603326925
R52,S1a.queue_tail_at_elicited_level_p_net_benefit_vosl,0.5546,0.5545
R52,S1a.queue_tail_at_elicited_level_breakeven_delta_delay_veh_hours_vosl,5.108630358260407,5.04315201769761
R52,S1a.queue_tail_at_elicited_level_net_social_cost_nzd_mean_vosl_plan,-888.5147946294435,-888.5942323405679
R52,S1a.queue_tail_at_elicited_level_net_social_cost_nzd_median_vosl_plan,-194.0933302381182,-191.8798380145406
R52,S1a.queue_tail_at_elicited_level_p_net_benefit_vosl_plan,0.59415,0.59185
R52,S1a.queue_tail_at_elicited_level_safety_cost_nzd_mean_serious_injury,-51.81319916839595,-51.81739411504501
R52,S1a.queue_tail_at_elicited_level_net_social_cost_nzd_mean_serious_injury,176.9820548290001,176.97785988235105
R52,S1a.queue_tail_at_elicited_level_breakeven_delta_delay_veh_hours_mean_serious_injury,1.0742939906364493,1.0743809685889492
R52,S1a.queue_tail_at_elicited_level_safety_cost_nzd_median_serious_injury,-13.011323100983319,-12.84455436153025
R52,S1a.queue_tail_at_elicited_level_net_social_cost_nzd_median_serious_injury,85.85257424268495,84.15536899919503
R52,S1a.queue_tail_at_elicited_level_sum_of_medians_nzd_serious_injury,109.23267267930315,109.39944141875623
R52,S1a.queue_tail_at_elicited_level_p_net_benefit_serious_injury,0.44675,0.44825
R52,S1a.queue_tail_at_elicited_level_breakeven_delta_delay_veh_hours_serious_injury,0.26977655195901556,0.2663187717505754
R52,S1a.queue_tail_at_elicited_level_net_social_cost_nzd_mean_serious_injury_plan,40.8339356142942,40.82974066764513
R52,S1a.queue_tail_at_elicited_level_net_social_cost_nzd_median_serious_injury_plan,23.614382213560035,22.420211778477135
R52,S1a.queue_tail_at_elicited_level_p_net_benefit_serious_injury_plan,0.465,0.4677
R52,S1a.mean_matched_queue_tail_at_record_ceiling_dh_median,-2.024489462406491e-06,-1.858159624534051e-06
R52,S1a.mean_matched_queue_tail_at_record_ceiling_dh_mean,-3.317229543061541e-07,-3.080717724307016e-07
R52,S1a.mean_matched_queue_tail_at_record_ceiling_p_dh_neg,0.60625,0.59765
R52,S1a.mean_matched_queue_tail_at_record_ceiling_safety_cost_nzd_mean_vosl,-4.146536928826924,-3.850897155383769
R52,S1a.mean_matched_queue_tail_at_record_ceiling_net_social_cost_nzd_mean_vosl,224.64871706856914,224.9443568420123
R52,S1a.mean_matched_queue_tail_at_record_ceiling_breakeven_delta_delay_veh_hours_mean_vosl,0.08597422618343203,0.07984443614728945
R52,S1a.mean_matched_queue_tail_at_record_ceiling_safety_cost_nzd_median_vosl,-25.306118280081137,-23.22699530667564
R52,S1a.mean_matched_queue_tail_at_record_ceiling_net_social_cost_nzd_median_vosl,127.43376797308149,122.97860882371492
R52,S1a.mean_matched_queue_tail_at_record_ceiling_sum_of_medians_nzd_vosl,96.93787750020533,99.01700047361084
R52,S1a.mean_matched_queue_tail_at_record_ceiling_p_net_benefit_vosl,0.423,0.4272
R52,S1a.mean_matched_queue_tail_at_record_ceiling_breakeven_delta_delay_veh_hours_vosl,0.5246966261679689,0.4815881257863495
R52,S1a.mean_matched_queue_tail_at_record_ceiling_net_social_cost_nzd_mean_vosl_plan,88.5005978538632,88.79623762730637
R52,S1a.mean_matched_queue_tail_at_record_ceiling_net_social_cost_nzd_median_vosl_plan,44.53810572083239,42.043290219977706
R52,S1a.mean_matched_queue_tail_at_record_ceiling_p_net_benefit_vosl_plan,0.44705,0.4497
R52,S1a.mean_matched_queue_tail_at_record_ceiling_safety_cost_nzd_mean_serious_injury,-0.21897032213749226,-0.20335817698150604
R52,S1a.mean_matched_queue_tail_at_record_ceiling_net_social_cost_nzd_mean_serious_injury,228.5762836752585,228.59189582041455
R52,S1a.mean_matched_queue_tail_at_record_ceiling_breakeven_delta_delay_veh_hours_mean_serious_injury,0.004540126936294678,0.004216424984066061
R52,S1a.mean_matched_queue_tail_at_record_ceiling_safety_cost_nzd_median_serious_injury,-1.3363654941345247,-1.2265711681549272
R52,S1a.mean_matched_queue_tail_at_record_ceiling_net_social_cost_nzd_median_serious_injury,121.06226983433064,119.82313539144567
R52,S1a.mean_matched_queue_tail_at_record_ceiling_sum_of_medians_nzd_serious_injury,120.90763028615194,121.01742461213153
R52,S1a.mean_matched_queue_tail_at_record_ceiling_p_net_benefit_serious_injury,0.4254,0.4256
R52,S1a.mean_matched_queue_tail_at_record_ceiling_breakeven_delta_delay_veh_hours_serious_injury,0.0277081794346781,0.02543170574652555
R52,S1a.mean_matched_queue_tail_at_record_ceiling_net_social_cost_nzd_mean_serious_injury_plan,92.42816446055265,92.44377660570863
R52,S1a.mean_matched_queue_tail_at_record_ceiling_net_social_cost_nzd_median_serious_injury_plan,49.59172461531128,48.95252153812952
R52,S1a.mean_matched_queue_tail_at_record_ceiling_p_net_benefit_serious_injury_plan,0.4223,0.4241
R52,S1b.primary_dh_median,4.6506330102787953e-07,4.3251011301288087e-07
R52,S1b.primary_dh_mean,9.81080288717477e-06,9.992309572006835e-06
R52,S1b.primary_p_dh_neg,0.4825,0.48465
R52,S1b.primary_safety_cost_nzd_mean_vosl,122.6350360896846,124.90386965008545
R52,S1b.primary_net_social_cost_nzd_mean_vosl,327.5921219813286,329.8609555417294
R52,S1b.primary_breakeven_delta_delay_veh_hours_mean_vosl,-2.542712753259064,-2.5897547097260096
R52,S1b.primary_safety_cost_nzd_median_vosl,5.8132912628484945,5.406376412661011
R52,S1b.primary_net_social_cost_nzd_median_vosl,196.2382290867327,184.8729471826516
R52,S1b.primary_sum_of_medians_nzd_vosl,102.62699942418776,102.22008457400028
R52,S1b.primary_p_net_benefit_vosl,0.39705,0.4021
R52,S1b.primary_breakeven_delta_delay_veh_hours_vosl,-0.12053268220710128,-0.11209571662162578
R52,S1b.primary_net_social_cost_nzd_mean_vosl_plan,205.62926970908762,207.89810326948847
R52,S1b.primary_net_social_cost_nzd_median_vosl_plan,92.20570386259288,89.2938113094083
R52,S1b.primary_p_net_benefit_vosl_plan,0.40605,0.4118
R52,S1b.primary_safety_cost_nzd_mean_serious_injury,6.476110985824064,6.5959235484817125
R52,S1b.primary_net_social_cost_nzd_mean_serious_injury,211.43319687746805,211.55300944012572
R52,S1b.primary_breakeven_delta_delay_veh_hours_mean_serious_injury,-0.13427557507410465,-0.13675976671121112
R52,S1b.primary_safety_cost_nzd_median_serious_injury,0.3069882850085033,0.28549992559980264
R52,S1b.primary_net_social_cost_nzd_median_serious_injury,104.04863133404217,103.21262638360722
R52,S1b.primary_sum_of_medians_nzd_serious_injury,97.12069644634776,97.09920808693907
R52,S1b.primary_p_net_benefit_serious_injury,0.4331,0.43425
R52,S1b.primary_breakeven_delta_delay_veh_hours_serious_injury,-0.006365089881992604,-0.005919550603354813
R52,S1b.primary_net_social_cost_nzd_mean_serious_injury_plan,89.4703446052271,89.59015716788473
R52,S1b.primary_net_social_cost_nzd_median_serious_injury_plan,47.41890431185574,46.108075912061366
R52,S1b.primary_p_net_benefit_serious_injury_plan,0.42355,0.4257
R52,S1b.queue_tail_at_record_ceiling_dh_median,5.893015861606985e-07,5.715960651039966e-07
R52,S1b.queue_tail_at_record_ceiling_dh_mean,9.81978238336464e-06,1.0001289068196708e-05
R52,S1b.queue_tail_at_record_ceiling_p_dh_neg,0.4826,0.48415
R52,S1b.queue_tail_at_record_ceiling_safety_cost_nzd_mean_vosl,122.74727979205801,125.01611335245883
R52,S1b.queue_tail_at_record_ceiling_net_social_cost_nzd_mean_vosl,327.704365683702,329.97319924410283
R52,S1b.queue_tail_at_record_ceiling_breakeven_delta_delay_veh_hours_mean_vosl,-2.5450400122757206,-2.5920819687426673
R52,S1b.queue_tail_at_record_ceiling_safety_cost_nzd_median_vosl,7.366269827008733,7.144950813799957
R52,S1b.queue_tail_at_record_ceiling_net_social_cost_nzd_median_vosl,198.582720560622,186.53335690110902
R52,S1b.queue_tail_at_record_ceiling_sum_of_medians_nzd_vosl,104.179977988348,103.95865897513922
R52,S1b.queue_tail_at_record_ceiling_p_net_benefit_vosl,0.397,0.40075
R52,S1b.queue_tail_at_record_ceiling_breakeven_delta_delay_veh_hours_vosl,-0.1527321133528661,-0.1481432886958316
R52,S1b.queue_tail_at_record_ceiling_net_social_cost_nzd_mean_vosl_plan,205.741513411461,208.01034697186182
R52,S1b.queue_tail_at_record_ceiling_net_social_cost_nzd_median_vosl_plan,93.99619788199088,89.10646201754608
R52,S1b.queue_tail_at_record_ceiling_p_net_benefit_vosl_plan,0.4079,0.4115
R52,S1b.queue_tail_at_record_ceiling_safety_cost_nzd_mean_serious_injury,6.482038351258999,6.601850913916646
R52,S1b.queue_tail_at_record_ceiling_net_social_cost_nzd_mean_serious_injury,211.43912424290298,211.55893680556062
R52,S1b.queue_tail_at_record_ceiling_breakeven_delta_delay_veh_hours_mean_serious_injury,-0.13439847296825627,-0.1368826646053628
R52,S1b.queue_tail_at_record_ceiling_safety_cost_nzd_median_serious_injury,0.3889979770246771,0.37731056257514817
R52,S1b.queue_tail_at_record_ceiling_net_social_cost_nzd_median_serious_injury,103.92421183427578,103.22483720935439
R52,S1b.queue_tail_at_record_ceiling_sum_of_medians_nzd_serious_injury,97.20270613836394,97.19101872391441
R52,S1b.queue_tail_at_record_ceiling_p_net_benefit_serious_injury,0.4333,0.43395
R52,S1b.queue_tail_at_record_ceiling_breakeven_delta_delay_veh_hours_serious_injury,-0.008065477441938152,-0.007823150789449474
R52,S1b.queue_tail_at_record_ceiling_net_social_cost_nzd_mean_serious_injury_plan,89.47627197066203,89.59608453331967
R52,S1b.queue_tail_at_record_ceiling_net_social_cost_nzd_median_serious_injury_plan,47.37376004032345,45.96947202660329
R52,S1b.queue_tail_at_record_ceiling_p_net_benefit_serious_injury_plan,0.4237,0.42655
R52,S1b.queue_tail_at_elicited_level_dh_median,2.1041501667293106e-06,2.519612917072802e-06
R52,S1b.queue_tail_at_elicited_level_dh_mean,1.0013623828030513e-05,1.019513051286258e-05
R52,S1b.queue_tail_at_elicited_level_p_dh_neg,0.4803,0.4773
R52,S1b.queue_tail_at_elicited_level_safety_cost_nzd_mean_vosl,125.1702978503814,127.43913141078225
R52,S1b.queue_tail_at_elicited_level_net_social_cost_nzd_mean_vosl,330.1273837420254,332.39621730242624
R52,S1b.queue_tail_at_elicited_level_breakeven_delta_delay_veh_hours_mean_vosl,-2.59527882750117,-2.6423207839681164
R52,S1b.queue_tail_at_elicited_level_safety_cost_nzd_median_vosl,26.301877084116384,31.495161463410028
R52,S1b.queue_tail_at_elicited_level_net_social_cost_nzd_median_vosl,239.3451639535961,238.75592967919098
R52,S1b.queue_tail_at_elicited_level_sum_of_medians_nzd_vosl,123.11558524545565,128.3088696247493
R52,S1b.queue_tail_at_elicited_level_p_net_benefit_vosl,0.41185,0.4124
R52,S1b.queue_tail_at_elicited_level_breakeven_delta_delay_veh_hours_vosl,-0.5453426722810778,-0.6530201423058268
R52,S1b.queue_tail_at_elicited_level_net_social_cost_nzd_mean_vosl_plan,208.1645314697844,210.43336503018523
R52,S1b.queue_tail_at_elicited_level_net_social_cost_nzd_median_vosl_plan,117.83402272659288,120.43674300394102
R52,S1b.queue_tail_at_elicited_level_p_net_benefit_vosl_plan,0.43435,0.4348
R52,S1b.queue_tail_at_elicited_level_safety_cost_nzd_mean_serious_injury,6.609993088882942,6.72980565154059
R52,S1b.queue_tail_at_elicited_level_net_social_cost_nzd_mean_serious_injury,211.56707898052693,211.6868915431846
R52,S1b.queue_tail_at_elicited_level_breakeven_delta_delay_veh_hours_mean_serious_injury,-0.1370514843226818,-0.1395356759597883
R52,S1b.queue_tail_at_elicited_level_safety_cost_nzd_median_serious_injury,1.388949525058018,1.6631964865597566
R52,S1b.queue_tail_at_elicited_level_net_social_cost_nzd_median_serious_injury,109.27056428960466,109.24500071344664
R52,S1b.queue_tail_at_elicited_level_sum_of_medians_nzd_serious_injury,98.20265768639729,98.47690464789902
R52,S1b.queue_tail_at_elicited_level_p_net_benefit_serious_injury,0.43195,0.43335
R52,S1b.queue_tail_at_elicited_level_breakeven_delta_delay_veh_hours_serious_injury,-0.02879845583781916,-0.034484687674886105
R52,S1b.queue_tail_at_elicited_level_net_social_cost_nzd_mean_serious_injury_plan,89.60422670828595,89.7240392709436
R52,S1b.queue_tail_at_elicited_level_net_social_cost_nzd_median_serious_injury_plan,51.466264769975766,50.72677708813306
R52,S1b.queue_tail_at_elicited_level_p_net_benefit_serious_injury_plan,0.42205,0.42465
R52,S1b.mean_matched_queue_tail_at_record_ceiling_dh_median,-1.3300970489746442e-06,-1.2633468571006863e-06
R52,S1b.mean_matched_queue_tail_at_record_ceiling_dh_mean,-1.4110433070371659e-06,-1.338380598535393e-06
R52,S1b.mean_matched_queue_tail_at_record_ceiling_p_dh_neg,0.58135,0.57805
R52,S1b.mean_matched_queue_tail_at_record_ceiling_safety_cost_nzd_mean_vosl,-17.638041337964573,-16.72975748169241
R52,S1b.mean_matched_queue_tail_at_record_ceiling_net_social_cost_nzd_mean_vosl,187.31904455367942,188.22732840995158
R52,S1b.mean_matched_queue_tail_at_record_ceiling_breakeven_delta_delay_veh_hours_mean_vosl,0.3657068492217411,0.34687450718831453
R52,S1b.mean_matched_queue_tail_at_record_ceiling_safety_cost_nzd_median_vosl,-16.626213112183052,-15.79183571375858
R52,S1b.mean_matched_queue_tail_at_record_ceiling_net_social_cost_nzd_median_vosl,98.5222909234206,94.44735682878692
R52,S1b.mean_matched_queue_tail_at_record_ceiling_sum_of_medians_nzd_vosl,80.18749504915621,81.02187244758069
R52,S1b.mean_matched_queue_tail_at_record_ceiling_p_net_benefit_vosl,0.44115,0.44365
R52,S1b.mean_matched_queue_tail_at_record_ceiling_breakeven_delta_delay_veh_hours_vosl,0.34472761999135504,0.3274276531983948
R52,S1b.mean_matched_queue_tail_at_record_ceiling_net_social_cost_nzd_mean_vosl_plan,65.35619228143844,66.2644761377106
R52,S1b.mean_matched_queue_tail_at_record_ceiling_net_social_cost_nzd_median_vosl_plan,34.3288567246117,31.77599678351194
R52,S1b.mean_matched_queue_tail_at_record_ceiling_p_net_benefit_vosl_plan,0.4537,0.45745
R52,S1b.mean_matched_queue_tail_at_record_ceiling_safety_cost_nzd_mean_serious_injury,-0.9314296869752332,-0.8834650330932127
R52,S1b.mean_matched_queue_tail_at_record_ceiling_net_social_cost_nzd_mean_serious_injury,204.02565620466876,204.07362085855078
R52,S1b.mean_matched_queue_tail_at_record_ceiling_breakeven_delta_delay_veh_hours_mean_serious_injury,0.019312247293701706,0.01831774897560052
R52,S1b.mean_matched_queue_tail_at_record_ceiling_safety_cost_nzd_median_serious_injury,-0.8779970620281626,-0.833935260372163
R52,S1b.mean_matched_queue_tail_at_record_ceiling_net_social_cost_nzd_median_serious_injury,96.02131584935384,95.9938159373449
R52,S1b.mean_matched_queue_tail_at_record_ceiling_sum_of_medians_nzd_serious_injury,95.9357110993111,95.9797729009671
R52,S1b.mean_matched_queue_tail_at_record_ceiling_p_net_benefit_serious_injury,0.4399,0.43985
R52,S1b.mean_matched_queue_tail_at_record_ceiling_breakeven_delta_delay_veh_hours_serious_injury,0.018204376156503478,0.017290799510100832
R52,S1b.mean_matched_queue_tail_at_record_ceiling_net_social_cost_nzd_mean_serious_injury_plan,82.06280393242778,82.1107685863098
R52,S1b.mean_matched_queue_tail_at_record_ceiling_net_social_cost_nzd_median_serious_injury_plan,38.51285183709585,38.267545645128024
R52,S1b.mean_matched_queue_tail_at_record_ceiling_p_net_benefit_serious_injury_plan,0.43935,0.43955
R52,S2.primary_dh_median,-3.6968144387611438e-06,-4.4682969679883e-06
R52,S2.primary_dh_mean,-1.1245302517539576e-05,-1.2311300991707284e-05
R52,S2.primary_p_dh_neg,0.6527,0.6815
R52,S2.primary_safety_cost_nzd_mean_vosl,-140.56628146924473,-153.89126239634106
R52,S2.primary_net_social_cost_nzd_mean_vosl,-140.56628146924473,-153.89126239634106
R52,S2.primary_breakeven_delta_delay_veh_hours_mean_vosl,2.91449889009423,3.190778818087105
R52,S2.primary_safety_cost_nzd_median_vosl,-46.2101804845143,-55.85371209985375
R52,S2.primary_net_social_cost_nzd_median_vosl,-46.2101804845143,-55.85371209985375
R52,S2.primary_sum_of_medians_nzd_vosl,-46.2101804845143,-55.85371209985375
R52,S2.primary_p_net_benefit_vosl,0.6527,0.6815
R52,S2.primary_breakeven_delta_delay_veh_hours_vosl,0.9581210965066204,1.1580699170610358
R52,S2.primary_net_social_cost_nzd_mean_vosl_plan,-140.56628146924473,-153.89126239634106
R52,S2.primary_net_social_cost_nzd_median_vosl_plan,-46.2101804845143,-55.85371209985375
R52,S2.primary_p_net_benefit_vosl_plan,0.6527,0.6815
R52,S2.primary_safety_cost_nzd_mean_serious_injury,-7.423024191827874,-8.126689784625977
R52,S2.primary_net_social_cost_nzd_mean_serious_injury,-7.423024191827874,-8.126689784625977
R52,S2.primary_breakeven_delta_delay_veh_hours_mean_serious_injury,0.1539088573880961,0.16849864782554386
R52,S2.primary_safety_cost_nzd_median_serious_injury,-2.440267211026231,-2.9495228285690773
R52,S2.primary_net_social_cost_nzd_median_serious_injury,-2.440267211026231,-2.9495228285690773
R52,S2.primary_sum_of_medians_nzd_serious_injury,-2.440267211026231,-2.949522828569077
R52,S2.primary_p_net_benefit_serious_injury,0.6527,0.6815
R52,S2.primary_breakeven_delta_delay_veh_hours_serious_injury,0.05059645886432161,0.06115535618015917
R52,S2.primary_net_social_cost_nzd_mean_serious_injury_plan,-7.423024191827874,-8.126689784625977
R52,S2.primary_net_social_cost_nzd_median_serious_injury_plan,-2.440267211026231,-2.9495228285690773
R52,S2.primary_p_net_benefit_serious_injury_plan,0.6527,0.6815
R52,S2.queue_tail_at_record_ceiling_dh_median,-3.6968144387611438e-06,-4.4682969679883e-06
R52,S2.queue_tail_at_record_ceiling_dh_mean,-1.1245302517539576e-05,-1.2311300991707284e-05
R52,S2.queue_tail_at_record_ceiling_p_dh_neg,0.6527,0.6815
R52,S2.queue_tail_at_record_ceiling_safety_cost_nzd_mean_vosl,-140.56628146924473,-153.89126239634106
R52,S2.queue_tail_at_record_ceiling_net_social_cost_nzd_mean_vosl,-140.56628146924473,-153.89126239634106
R52,S2.queue_tail_at_record_ceiling_breakeven_delta_delay_veh_hours_mean_vosl,2.91449889009423,3.190778818087105
R52,S2.queue_tail_at_record_ceiling_safety_cost_nzd_median_vosl,-46.2101804845143,-55.85371209985375
R52,S2.queue_tail_at_record_ceiling_net_social_cost_nzd_median_vosl,-46.2101804845143,-55.85371209985375
R52,S2.queue_tail_at_record_ceiling_sum_of_medians_nzd_vosl,-46.2101804845143,-55.85371209985375
R52,S2.queue_tail_at_record_ceiling_p_net_benefit_vosl,0.6527,0.6815
R52,S2.queue_tail_at_record_ceiling_breakeven_delta_delay_veh_hours_vosl,0.9581210965066204,1.1580699170610358
R52,S2.queue_tail_at_record_ceiling_net_social_cost_nzd_mean_vosl_plan,-140.56628146924473,-153.89126239634106
R52,S2.queue_tail_at_record_ceiling_net_social_cost_nzd_median_vosl_plan,-46.2101804845143,-55.85371209985375
R52,S2.queue_tail_at_record_ceiling_p_net_benefit_vosl_plan,0.6527,0.6815
R52,S2.queue_tail_at_record_ceiling_safety_cost_nzd_mean_serious_injury,-7.423024191827874,-8.126689784625977
R52,S2.queue_tail_at_record_ceiling_net_social_cost_nzd_mean_serious_injury,-7.423024191827874,-8.126689784625977
R52,S2.queue_tail_at_record_ceiling_breakeven_delta_delay_veh_hours_mean_serious_injury,0.1539088573880961,0.16849864782554386
R52,S2.queue_tail_at_record_ceiling_safety_cost_nzd_median_serious_injury,-2.440267211026231,-2.9495228285690773
R52,S2.queue_tail_at_record_ceiling_net_social_cost_nzd_median_serious_injury,-2.440267211026231,-2.9495228285690773
R52,S2.queue_tail_at_record_ceiling_sum_of_medians_nzd_serious_injury,-2.440267211026231,-2.949522828569077
R52,S2.queue_tail_at_record_ceiling_p_net_benefit_serious_injury,0.6527,0.6815
R52,S2.queue_tail_at_record_ceiling_breakeven_delta_delay_veh_hours_serious_injury,0.05059645886432161,0.06115535618015917
R52,S2.queue_tail_at_record_ceiling_net_social_cost_nzd_mean_serious_injury_plan,-7.423024191827874,-8.126689784625977
R52,S2.queue_tail_at_record_ceiling_net_social_cost_nzd_median_serious_injury_plan,-2.440267211026231,-2.9495228285690773
R52,S2.queue_tail_at_record_ceiling_p_net_benefit_serious_injury_plan,0.6527,0.6815
R52,S2.queue_tail_at_elicited_level_dh_median,-3.6968144387611438e-06,-4.4682969679883e-06
R52,S2.queue_tail_at_elicited_level_dh_mean,-1.1245302517539576e-05,-1.2311300991707284e-05
R52,S2.queue_tail_at_elicited_level_p_dh_neg,0.6527,0.6815
R52,S2.queue_tail_at_elicited_level_safety_cost_nzd_mean_vosl,-140.56628146924473,-153.89126239634106
R52,S2.queue_tail_at_elicited_level_net_social_cost_nzd_mean_vosl,-140.56628146924473,-153.89126239634106
R52,S2.queue_tail_at_elicited_level_breakeven_delta_delay_veh_hours_mean_vosl,2.91449889009423,3.190778818087105
R52,S2.queue_tail_at_elicited_level_safety_cost_nzd_median_vosl,-46.2101804845143,-55.85371209985375
R52,S2.queue_tail_at_elicited_level_net_social_cost_nzd_median_vosl,-46.2101804845143,-55.85371209985375
R52,S2.queue_tail_at_elicited_level_sum_of_medians_nzd_vosl,-46.2101804845143,-55.85371209985375
R52,S2.queue_tail_at_elicited_level_p_net_benefit_vosl,0.6527,0.6815
R52,S2.queue_tail_at_elicited_level_breakeven_delta_delay_veh_hours_vosl,0.9581210965066204,1.1580699170610358
R52,S2.queue_tail_at_elicited_level_net_social_cost_nzd_mean_vosl_plan,-140.56628146924473,-153.89126239634106
R52,S2.queue_tail_at_elicited_level_net_social_cost_nzd_median_vosl_plan,-46.2101804845143,-55.85371209985375
R52,S2.queue_tail_at_elicited_level_p_net_benefit_vosl_plan,0.6527,0.6815
R52,S2.queue_tail_at_elicited_level_safety_cost_nzd_mean_serious_injury,-7.423024191827874,-8.126689784625977
R52,S2.queue_tail_at_elicited_level_net_social_cost_nzd_mean_serious_injury,-7.423024191827874,-8.126689784625977
R52,S2.queue_tail_at_elicited_level_breakeven_delta_delay_veh_hours_mean_serious_injury,0.1539088573880961,0.16849864782554386
R52,S2.queue_tail_at_elicited_level_safety_cost_nzd_median_serious_injury,-2.440267211026231,-2.9495228285690773
R52,S2.queue_tail_at_elicited_level_net_social_cost_nzd_median_serious_injury,-2.440267211026231,-2.9495228285690773
R52,S2.queue_tail_at_elicited_level_sum_of_medians_nzd_serious_injury,-2.440267211026231,-2.949522828569077
R52,S2.queue_tail_at_elicited_level_p_net_benefit_serious_injury,0.6527,0.6815
R52,S2.queue_tail_at_elicited_level_breakeven_delta_delay_veh_hours_serious_injury,0.05059645886432161,0.06115535618015917
R52,S2.queue_tail_at_elicited_level_net_social_cost_nzd_mean_serious_injury_plan,-7.423024191827874,-8.126689784625977
R52,S2.queue_tail_at_elicited_level_net_social_cost_nzd_median_serious_injury_plan,-2.440267211026231,-2.9495228285690773
R52,S2.queue_tail_at_elicited_level_p_net_benefit_serious_injury_plan,0.6527,0.6815
R52,S2.mean_matched_queue_tail_at_record_ceiling_dh_median,-1.5939326548505077e-06,-1.8320403524403329e-06
R52,S2.mean_matched_queue_tail_at_record_ceiling_dh_mean,-5.701806791109452e-06,-6.019449006679121e-06
R52,S2.mean_matched_queue_tail_at_record_ceiling_p_dh_neg,0.62945,0.6487
R52,S2.mean_matched_queue_tail_at_record_ceiling_safety_cost_nzd_mean_vosl,-71.27258488886814,-75.24311258348901
R52,S2.mean_matched_queue_tail_at_record_ceiling_net_social_cost_nzd_mean_vosl,-71.27258488886814,-75.24311258348901
R52,S2.mean_matched_queue_tail_at_record_ceiling_breakeven_delta_delay_veh_hours_mean_vosl,1.4777645633188505,1.5600894170327393
R52,S2.mean_matched_queue_tail_at_record_ceiling_safety_cost_nzd_median_vosl,-19.924158185631345,-22.900504405504165
R52,S2.mean_matched_queue_tail_at_record_ceiling_net_social_cost_nzd_median_vosl,-19.924158185631345,-22.900504405504165
R52,S2.mean_matched_queue_tail_at_record_ceiling_sum_of_medians_nzd_vosl,-19.924158185631345,-22.90050440550416
R52,S2.mean_matched_queue_tail_at_record_ceiling_p_net_benefit_vosl,0.62945,0.6487
R52,S2.mean_matched_queue_tail_at_record_ceiling_breakeven_delta_delay_veh_hours_vosl,0.41310715707301154,0.47481866899241476
R52,S2.mean_matched_queue_tail_at_record_ceiling_net_social_cost_nzd_mean_vosl_plan,-71.27258488886814,-75.24311258348901
R52,S2.mean_matched_queue_tail_at_record_ceiling_net_social_cost_nzd_median_vosl_plan,-19.924158185631345,-22.900504405504165
R52,S2.mean_matched_queue_tail_at_record_ceiling_p_net_benefit_vosl_plan,0.62945,0.6487
R52,S2.mean_matched_queue_tail_at_record_ceiling_safety_cost_nzd_mean_serious_injury,-3.7637626628113487,-3.9734382893088878
R52,S2.mean_matched_queue_tail_at_record_ceiling_net_social_cost_nzd_mean_serious_injury,-3.7637626628113487,-3.9734382893088878
R52,S2.mean_matched_queue_tail_at_record_ceiling_breakeven_delta_delay_veh_hours_mean_serious_injury,0.07803779105974185,0.08238520193466489
R52,S2.mean_matched_queue_tail_at_record_ceiling_safety_cost_nzd_median_serious_injury,-1.0521549454668202,-1.2093298366458638
R52,S2.mean_matched_queue_tail_at_record_ceiling_net_social_cost_nzd_median_serious_injury,-1.0521549454668202,-1.2093298366458638
R52,S2.mean_matched_queue_tail_at_record_ceiling_sum_of_medians_nzd_serious_injury,-1.0521549454668202,-1.2093298366458638
R52,S2.mean_matched_queue_tail_at_record_ceiling_p_net_benefit_serious_injury,0.62945,0.6487
R52,S2.mean_matched_queue_tail_at_record_ceiling_breakeven_delta_delay_veh_hours_serious_injury,0.021815362750711595,0.02507422427215144
R52,S2.mean_matched_queue_tail_at_record_ceiling_net_social_cost_nzd_mean_serious_injury_plan,-3.7637626628113487,-3.9734382893088878
R52,S2.mean_matched_queue_tail_at_record_ceiling_net_social_cost_nzd_median_serious_injury_plan,-1.0521549454668202,-1.2093298366458638
R52,S2.mean_matched_queue_tail_at_record_ceiling_p_net_benefit_serious_injury_plan,0.62945,0.6487
R53,S1a.pathway_priced_safety_cost_nzd_mean,10.182023266644418,10.171507927779409
R53,S1a.pathway_priced_safety_cost_nzd_median,-3.281832256947862,-3.0609434367272126
R53,S1a.pathway_priced_net_social_cost_nzd_mean,238.97727726404042,238.96676192517546
R53,S1a.pathway_priced_net_social_cost_nzd_median,139.16195373376866,134.66386272962234
R53,S1a.pathway_priced_p_net_benefit,0.4127,0.41545
R53,S1b.pathway_priced_safety_cost_nzd_mean,-8.947291162407268,-8.646960835939192
R53,S1b.pathway_priced_safety_cost_nzd_median,-6.408042374739008,-6.346332373420741
R53,S1b.pathway_priced_net_social_cost_nzd_mean,196.0097947292367,196.3101250557048
R53,S1b.pathway_priced_net_social_cost_nzd_median,94.22431177687426,91.46526850924364
R53,S1b.pathway_priced_p_net_benefit,0.4387,0.441
R53,S2.pathway_priced_safety_cost_nzd_mean,-39.80947007483091,-41.57332615571007
R53,S2.pathway_priced_safety_cost_nzd_median,-15.528557502730774,-17.233260882496538
R53,S2.pathway_priced_net_social_cost_nzd_mean,-39.80947007483091,-41.57332615571007
R53,S2.pathway_priced_net_social_cost_nzd_median,-15.528557502730774,-17.233260882496538
R53,S2.pathway_priced_p_net_benefit,0.7074,0.72835
R53,operator_calibrated.safety_mean,1.5510536727519892,-0.2128024081271642
R53,operator_calibrated.safety_median,3.4413736881208647,2.3466096297784507
R54,independent.dh_mean,2.413690556481882e-06,1.3476920823141759e-06
R54,independent.dh_median,2.2692244867045517e-06,1.6673665430700562e-06
R54,independent.safety_mean_vosl,30.171131956023526,16.8461510289272
R54,independent.safety_mean_si,1.5932771363336904,0.8896115435355875
R55,R55_within_margin.4e-05.S1a,0.77935,0.76605
R55,R55_within_margin.4e-05.S2,0.9206,0.92175
R55,R55_within_margin.2e-05.S1a,0.60215,0.59115
R55,R55_within_margin.2e-05.S2,0.77585,0.7774
R55,R55_within_margin.1e-05.S1a,0.39835,0.39415
R55,R55_within_margin.1e-05.S2,0.55875,0.5661
R56,R56_inside_both_bands.share,0.09875,0.09535
R56,R56_inside_both_bands.n,1975,1907
R56,R56_inside_both_bands.p.S1a,0.5129113924050633,0.502884111169376
R56,R56_inside_both_bands.p.S1b,0.6865822784810126,0.6769795490298899
R56,R56_inside_both_bands.p.S2,0.8729113924050633,0.8825380178290508
R56,R56_inside_both_bands.wilson_s1a[0],0.49086335153696864,0.4804598144180676
R56,R56_inside_both_bands.wilson_s1a[1],0.5349093025248827,0.5252968113535297
R56,R56_mean_matched.S1a,0.5363,0.53415
R56,R56_mean_matched.S1b,0.5853,0.5844
R56,R56_mean_matched.S2,0.62945,0.6487
R57,s0_w5_at_record_median,2.3917097489427533e-06,1.7835538475982606e-06
R57,s0_headon_share_of_s1a_at_record,0.19930914574522943,0.14862948729985503
R57,s1a_w5_median,1.0294012393373562e-05,1.3804063067746923e-05
R57,s1a_p_at_record_central,0.49335,0.48565
R57,s1a_dh_median_at_record,1.8898271954650672e-07,4.0989588134034565e-07
R57,s1a_p_at_record_corners.h6e-06_c5e-06,0.48765,0.4806
R57,s1a_p_at_record_corners.h6e-06_c2e-05,0.72805,0.7139
R57,s1a_p_at_record_corners.h2e-05_c2e-05,0.529,0.51895
R57,s1a_p_equivalent_at_record_central,0.8054,0.78175
R57,s1b_p_at_record_central,0.56175,0.55065
R57,s1b_dh_median_at_record,-1.4941404009811401e-06,-1.2378478702400814e-06
R57,s1b_p_at_record_corners.h6e-06_c5e-06,0.55585,0.54495
R57,s1b_p_at_record_corners.h6e-06_c2e-05,0.78135,0.76695
R57,s1b_p_at_record_corners.h2e-05_c5e-06,0.35515,0.35335
R57,s1b_p_at_record_corners.h2e-05_c2e-05,0.5954,0.584
R57,s1b_p_equivalent_at_record_central,0.8431,0.82705
R57,s2_p_at_record_central,0.8332,0.83265
R57,s2_dh_median_at_record,-9.00326800686375e-06,-8.584070055230928e-06
R57,s2_p_at_record_corners.h6e-06_c5e-06,0.7407,0.73625
R57,s2_p_at_record_corners.h6e-06_c2e-05,0.89615,0.8955
R57,s2_p_at_record_corners.h2e-05_c5e-06,0.7585,0.75405
R57,s2_p_at_record_corners.h2e-05_c2e-05,0.8983,0.89855
R57,s2_p_equivalent_at_record_central,0.9069,0.91045
R57,s2_vs_s1a_p_s2_lower_at_record_central,0.8072,0.79965
R57,s1a_p_elicited,0.99575,0.9934
R58,"primary (independent failures, logistic in TTC).p_dh_neg_elicited",0.9895,0.9877
R58,"primary (independent failures, logistic in TTC).p_dh_neg_record_central",0.4825,0.4847
R58,"primary (independent failures, logistic in TTC).p_dh_neg_record_worst_corner",0.2693,0.2769
R58,"primary (independent failures, logistic in TTC).p_equivalent_record_central",0.8164,0.8086
R58,"primary (independent failures, logistic in TTC).dh_median_record",4.6506e-07,4.3251e-07
R58,"primary (independent failures, logistic in TTC).abs_dh_median_record",1.2656e-05,1.284e-05
R58,"primary (independent failures, logistic in TTC).implied_collisions_per_op_day",0.00056003,0.00074799
R58,"primary (independent failures, logistic in TTC).w5_median_elicited",7.885e-06,1.0481e-05
R58,"primary (independent failures, logistic in TTC).p_s2_lower_than_s1a_record_central",0.8072,0.7996
R58,MF1 common cause rho=0.5.p_dh_neg_elicited,0.9848,0.9815
R58,MF1 common cause rho=0.5.p_dh_neg_record_central,0.4858,0.4853
R58,MF1 common cause rho=0.5.p_dh_neg_record_worst_corner,0.2737,0.2785
R58,MF1 common cause rho=0.5.p_equivalent_record_central,0.8164,0.8082
R58,MF1 common cause rho=0.5.dh_median_record,3.8671e-07,3.7519e-07
R58,MF1 common cause rho=0.5.abs_dh_median_record,1.2488e-05,1.2996e-05
R58,MF1 common cause rho=0.5.implied_collisions_per_op_day,0.00090156,0.0011938
R58,MF1 common cause rho=0.5.w5_median_elicited,1.3793e-05,1.8109e-05
R58,MF1 common cause rho=0.5.p_s2_lower_than_s1a_record_central,0.8115,0.8097
R58,MF1 common cause rho=1.0.p_dh_neg_elicited,0.9811,0.9767
R58,MF1 common cause rho=1.0.p_dh_neg_record_central,0.4862,0.4876
R58,MF1 common cause rho=1.0.p_dh_neg_record_worst_corner,0.2731,0.2802
R58,MF1 common cause rho=1.0.p_equivalent_record_central,0.8155,0.8078
R58,MF1 common cause rho=1.0.dh_median_record,3.3878e-07,3.1851e-07
R58,MF1 common cause rho=1.0.abs_dh_median_record,1.2484e-05,1.2979e-05
R58,MF1 common cause rho=1.0.implied_collisions_per_op_day,0.0012083,0.0015846
R58,MF1 common cause rho=1.0.w5_median_elicited,1.8821e-05,2.4953e-05
R58,MF1 common cause rho=1.0.p_s2_lower_than_s1a_record_central,0.8129,0.8119
R58,MF2a threshold at ttc50.p_dh_neg_elicited,0.9869,0.9846
R58,MF2a threshold at ttc50.p_dh_neg_record_central,0.4813,0.4806
R58,MF2a threshold at ttc50.p_dh_neg_record_worst_corner,0.2711,0.2782
R58,MF2a threshold at ttc50.p_equivalent_record_central,0.8074,0.8033
R58,MF2a threshold at ttc50.dh_median_record,5.5012e-07,5.1323e-07
R58,MF2a threshold at ttc50.abs_dh_median_record,1.2983e-05,1.3148e-05
R58,MF2a threshold at ttc50.implied_collisions_per_op_day,0.00079651,0.0010651
R58,MF2a threshold at ttc50.w5_median_elicited,1.0672e-05,1.4279e-05
R58,MF2a threshold at ttc50.p_s2_lower_than_s1a_record_central,0.7912,0.7856
R58,MF2b logistic in ln TTC.p_dh_neg_elicited,0.9785,0.9747
R58,MF2b logistic in ln TTC.p_dh_neg_record_central,0.4786,0.4825
R58,MF2b logistic in ln TTC.p_dh_neg_record_worst_corner,0.2733,0.2786
R58,MF2b logistic in ln TTC.p_equivalent_record_central,0.7941,0.7888
R58,MF2b logistic in ln TTC.dh_median_record,5.2062e-07,4.7726e-07
R58,MF2b logistic in ln TTC.abs_dh_median_record,1.3122e-05,1.3376e-05
R58,MF2b logistic in ln TTC.implied_collisions_per_op_day,0.00084684,0.0011228
R58,MF2b logistic in ln TTC.w5_median_elicited,1.3497e-05,1.7859e-05
R58,MF2b logistic in ln TTC.p_s2_lower_than_s1a_record_central,0.8081,0.8067
R59,S1a.count_above_ceiling,7,16
R59,S1a.cells.q100_L150,0.00041573686647902936,0.00042780581201386263
R59,S1a.cells.q100_L250,0.00020316638366395213,0.0002298232428591119
R59,S1a.cells.q100_L500,7.929528251756875e-05,0.00013776795839203328
R59,S1a.cells.q100_L1000,3.700166519045031e-05,0.00010757640863631005
R59,S1a.cells.q100_L2000,1.9447793658309342e-05,7.340806410532273e-05
R59,S1a.cells.q200_L150,0.0009023830684299651,0.0009417097937810643
R59,S1a.cells.q200_L250,0.00043376622412074186,0.0005298084388630612
R59,S1a.cells.q200_L500,0.00019036590743973328,0.0003704450535945789
R59,S1a.cells.q200_L1000,9.158493509768301e-05,0.00030446258935916415
R59,S1a.cells.q200_L2000,5.4928862248401205e-05,0.00023057696040987248
R59,S1a.cells.q300_L150,0.0013865193346338741,0.0015088936578487662
R59,S1a.cells.q300_L250,0.0007255592908332579,0.0009878165853851343
R59,S1a.cells.q300_L500,0.0003127762118127809,0.0007517707281030759
R59,S1a.cells.q300_L1000,0.00016346384943868254,0.0006600839853352304
R59,S1a.cells.q300_L2000,0.00010252400451871867,0.0004911117483442165
R59,S1a.cells.q450_L150,0.002046289579590257,0.002600161647321942
R59,S1a.cells.q450_L250,0.001075577369250116,0.0020454062616995228
R59,S1a.cells.q450_L500,0.0004989932396267222,0.002022609037366758
R59,S1a.cells.q450_L1000,0.0002795427948155903,0.0016481646136458205
R59,S1a.cells.q450_L2000,0.00019341483848923566,0.0012357541732613947
R59,S1a.cells.q600_L150,0.002595222300367156,0.007367622282423914
R59,S1a.cells.q600_L250,0.0013918485758203855,0.007301406295112589
R59,S1a.cells.q600_L500,0.000700981355687257,0.006065700971956384
R59,S1a.cells.q600_L1000,0.0004129450217150722,0.004289193517795498
R59,S1a.cells.q600_L2000,0.0003128002861939376,0.00331664309535457
R59,S1a.cells.q800_L150,0.0030954468115677617,0.08552358470428295
R59,S1a.cells.q800_L250,0.0017622086268561017,0.06081529518735189
R59,S1a.cells.q800_L500,0.0009381038137332943,0.03769070805268768
R59,S1a.cells.q800_L1000,0.0006479392965693157,0.025041821377941628
R59,S1a.cells.q800_L2000,0.000510556007000506,0.01926202051028604
R59,S1a.baseline,0.0007255592908332579,0.0009878165853851343
R59,S2.count_above_ceiling,0,5
R59,S2.cells.q100_L500,1.0954240333610432e-05,1.095692348137315e-05
R59,S2.cells.q100_L1000,5.533803446968891e-06,5.699439083909417e-06
R59,S2.cells.q100_L2000,3.3276095313715375e-06,4.0635401235693706e-06
R59,S2.cells.q200_L500,2.758531972230489e-05,2.7596498284912837e-05
R59,S2.cells.q200_L1000,1.4859171908382379e-05,1.5680034526400814e-05
R59,S2.cells.q200_L2000,1.0014866482990953e-05,1.3578460826152719e-05
R59,S2.cells.q300_L500,4.9378864637447876e-05,4.976625401266886e-05
R59,S2.cells.q300_L1000,2.7957284341719502e-05,3.0974555911560314e-05
R59,S2.cells.q300_L2000,1.9251387474441115e-05,2.978298437931143e-05
R59,S2.cells.q450_L250,0.000166391429213378,0.00016653338162427218
R59,S2.cells.q450_L500,8.402446748151924e-05,8.670301759614675e-05
R59,S2.cells.q450_L1000,5.18640193185153e-05,6.889577000947474e-05
R59,S2.cells.q450_L2000,3.954826786095254e-05,9.239122531713007e-05
R59,S2.cells.q600_L150,0.00041531209207789006,0.0004218084831431794
R59,S2.cells.q600_L250,0.00023012389372688844,0.00024558543456232665
R59,S2.cells.q600_L500,0.00012607038911072394,0.0001768759252493005
R59,S2.cells.q600_L1000,8.147511095701112e-05,0.00023051050146410978
R59,S2.cells.q600_L2000,6.487373079557644e-05,0.00038735271614155474
R59,S2.cells.q800_L150,0.0005412675729504434,0.001948680475585481
R59,S2.cells.q800_L250,0.00032947595734068424,0.0022217601673341146
R59,S2.cells.q800_L500,0.00018575517068148908,0.0035458521692889513
R59,S2.cells.q800_L1000,0.00013460155605794574,0.0040905458200868935
R59,S2.cells.q800_L2000,0.00010717628362910965,0.0038253069686296085
R60,S1a.primary_net_social_cost_nzd_mean_vosl,495.9419385592703,495.8625008481457
R60,S1a.primary_net_social_cost_nzd_median_vosl,288.5200766571802,284.04062243090647
R60,S1a.primary_sum_of_medians_nzd_vosl,150.946804416153,150.2617248557666
R60,S1a.primary_net_social_cost_nzd_mean_vosl_plan,359.7938193445643,359.71438163343976
R60,S1a.primary_net_social_cost_nzd_median_vosl_plan,146.9283026105375,144.86413035264235
R60,S1a.primary_net_social_cost_nzd_mean_serious_injury,242.9027361157395,242.89854116909044
R60,S1a.primary_net_social_cost_nzd_median_serious_injury,137.34470688514426,136.82424258097046
R60,S1a.primary_sum_of_medians_nzd_serious_injury,123.7597336987293,123.72355601730442
R60,S1a.primary_net_social_cost_nzd_mean_serious_injury_plan,106.7546169010336,106.75042195438454
R60,S1a.primary_net_social_cost_nzd_median_serious_injury_plan,65.29081028672829,63.510821258417835
R60,S1b.primary_net_social_cost_nzd_mean_vosl,327.5921219813286,329.8609555417294
R60,S1b.primary_net_social_cost_nzd_median_vosl,196.2382290867327,184.8729471826516
R60,S1b.primary_sum_of_medians_nzd_vosl,102.62699942418776,102.22008457400028
R60,S1b.primary_net_social_cost_nzd_mean_vosl_plan,205.62926970908762,207.89810326948847
R60,S1b.primary_net_social_cost_nzd_median_vosl_plan,92.20570386259288,89.2938113094083
R60,S1b.primary_net_social_cost_nzd_mean_serious_injury,211.43319687746805,211.55300944012572
R60,S1b.primary_net_social_cost_nzd_median_serious_injury,104.04863133404217,103.21262638360722
R60,S1b.primary_sum_of_medians_nzd_serious_injury,97.12069644634776,97.09920808693907
R60,S1b.primary_net_social_cost_nzd_mean_serious_injury_plan,89.4703446052271,89.59015716788473
R60,S1b.primary_net_social_cost_nzd_median_serious_injury_plan,47.41890431185574,46.108075912061366
R60,S2.primary_net_social_cost_nzd_mean_vosl,-140.56628146924473,-153.89126239634106
R60,S2.primary_net_social_cost_nzd_median_vosl,-46.2101804845143,-55.85371209985375
R60,S2.primary_sum_of_medians_nzd_vosl,-46.2101804845143,-55.85371209985375
R60,S2.primary_net_social_cost_nzd_mean_vosl_plan,-140.56628146924473,-153.89126239634106
R60,S2.primary_net_social_cost_nzd_median_vosl_plan,-46.2101804845143,-55.85371209985375
R60,S2.primary_net_social_cost_nzd_mean_serious_injury,-7.423024191827874,-8.126689784625977
R60,S2.primary_net_social_cost_nzd_median_serious_injury,-2.440267211026231,-2.9495228285690773
R60,S2.primary_sum_of_medians_nzd_serious_injury,-2.440267211026231,-2.949522828569077
R60,S2.primary_net_social_cost_nzd_mean_serious_injury_plan,-7.423024191827874,-8.126689784625977
R60,S2.primary_net_social_cost_nzd_median_serious_injury_plan,-2.440267211026231,-2.9495228285690773
R61,R61_multiplier.queue_tail_at_record_ceiling.median,1.0005830865909728,1.0009800456253464
R61,R61_multiplier.queue_tail_at_record_ceiling.p5,0.6811096770630778,0.6786667044495541
R61,R61_multiplier.queue_tail_at_record_ceiling.p95,2.2744792065055726,2.3651333470978573
R61,R61_multiplier.queue_tail_at_panel_level.median,0.9936746863332497,0.9938490912401381
R61,R61_multiplier.queue_tail_at_panel_level.p5,0.9606946193696695,0.9608760762570265
R61,R61_multiplier.queue_tail_at_panel_level.p95,1.0670296896788345,1.0717880600789964
R61,R61_multiplier.queue_tail_excluded.median,1.4120424948984382,1.430588300893049
R61,R61_multiplier.queue_tail_excluded.p5,0.05192611057647391,0.047299095566846576
R61,R61_multiplier.queue_tail_excluded.p95,34.005416292673075,38.6086561539002
R61,R61_multiplier.queue_tail_share_of_S0_at_ceiling,0.9553393315466105,0.9558555896952141
R62,S1a.mean_matched_dh_median,-4.915531310497033e-07,-4.3726453558938884e-07
R62,S1a.mean_matched_dh_mean,2.0508273634618817e-06,2.074478545337334e-06
R62,S1a.mean_matched_p_dh_neg,0.5363,0.53415
R62,S1a.mean_matched_safety_cost_nzd_mean_vosl,25.635342043273525,25.930981816716677
R62,S1a.mean_matched_net_social_cost_nzd_mean_vosl,254.4305960406696,254.7262358141127
R62,S1a.mean_matched_breakeven_delta_delay_veh_hours_mean_vosl,-0.5315227460765815,-0.5376525361127239
R62,S1a.mean_matched_safety_cost_nzd_median_vosl,-6.144414138121292,-5.465806694867361
R62,S1a.mean_matched_net_social_cost_nzd_median_vosl,154.2972387119525,149.38404364339672
R62,S1a.mean_matched_sum_of_medians_nzd_vosl,116.09958164216518,116.77818908541911
R62,S1a.mean_matched_p_net_benefit_vosl,0.40685,0.41105
R62,S1a.mean_matched_breakeven_delta_delay_veh_hours_vosl,0.12739817827330066,0.11332794308246653
R62,S1a.mean_matched_net_social_cost_nzd_mean_vosl_plan,118.28247682596366,118.57811659940684
R62,S1a.mean_matched_net_social_cost_nzd_median_vosl_plan,67.48007039719792,65.65545287087423
R62,S1a.mean_matched_p_net_benefit_vosl_plan,0.41555,0.4185
R62,S1a.mean_matched_safety_cost_nzd_mean_serious_injury,1.3537511426211881,1.3693632877771744
R62,S1a.mean_matched_net_social_cost_nzd_mean_serious_injury,230.14900514001727,230.1646172851732
R62,S1a.mean_matched_breakeven_delta_delay_veh_hours_mean_serious_injury,-0.02806865317481211,-0.028392355127040726
R62,S1a.mean_matched_safety_cost_nzd_median_serious_injury,-0.3244742218059091,-0.2886383199425556
R62,S1a.mean_matched_net_social_cost_nzd_median_serious_injury,122.74843536716706,121.90371671025139
R62,S1a.mean_matched_sum_of_medians_nzd_serious_injury,121.91952155848055,121.95535746034392
R62,S1a.mean_matched_p_net_benefit_serious_injury,0.4244,0.42455
R62,S1a.mean_matched_breakeven_delta_delay_veh_hours_serious_injury,0.006727642998256462,0.005984622018298892
R62,S1a.mean_matched_net_social_cost_nzd_mean_serious_injury_plan,94.00088592531132,94.0164980704673
R62,S1a.mean_matched_net_social_cost_nzd_median_serious_injury_plan,51.32434837851291,50.828086660203056
R62,S1a.mean_matched_p_net_benefit_serious_injury_plan,0.4198,0.4215
R62,S1a.mean_matched_queue_tail_at_record_ceiling_dh_median,-2.024489462406491e-06,-1.858159624534051e-06
R62,S1a.mean_matched_queue_tail_at_record_ceiling_dh_mean,-3.317229543061541e-07,-3.080717724307016e-07
R62,S1a.mean_matched_queue_tail_at_record_ceiling_p_dh_neg,0.60625,0.59765
R62,S1a.mean_matched_queue_tail_at_record_ceiling_safety_cost_nzd_mean_vosl,-4.146536928826924,-3.850897155383769
R62,S1a.mean_matched_queue_tail_at_record_ceiling_net_social_cost_nzd_mean_vosl,224.64871706856914,224.9443568420123
R62,S1a.mean_matched_queue_tail_at_record_ceiling_breakeven_delta_delay_veh_hours_mean_vosl,0.08597422618343203,0.07984443614728945
R62,S1a.mean_matched_queue_tail_at_record_ceiling_safety_cost_nzd_median_vosl,-25.306118280081137,-23.22699530667564
R62,S1a.mean_matched_queue_tail_at_record_ceiling_net_social_cost_nzd_median_vosl,127.43376797308149,122.97860882371492
R62,S1a.mean_matched_queue_tail_at_record_ceiling_sum_of_medians_nzd_vosl,96.93787750020533,99.01700047361084
R62,S1a.mean_matched_queue_tail_at_record_ceiling_p_net_benefit_vosl,0.423,0.4272
R62,S1a.mean_matched_queue_tail_at_record_ceiling_breakeven_delta_delay_veh_hours_vosl,0.5246966261679689,0.4815881257863495
R62,S1a.mean_matched_queue_tail_at_record_ceiling_net_social_cost_nzd_mean_vosl_plan,88.5005978538632,88.79623762730637
R62,S1a.mean_matched_queue_tail_at_record_ceiling_net_social_cost_nzd_median_vosl_plan,44.53810572083239,42.043290219977706
R62,S1a.mean_matched_queue_tail_at_record_ceiling_p_net_benefit_vosl_plan,0.44705,0.4497
R62,S1a.mean_matched_queue_tail_at_record_ceiling_safety_cost_nzd_mean_serious_injury,-0.21897032213749226,-0.20335817698150604
R62,S1a.mean_matched_queue_tail_at_record_ceiling_net_social_cost_nzd_mean_serious_injury,228.5762836752585,228.59189582041455
R62,S1a.mean_matched_queue_tail_at_record_ceiling_breakeven_delta_delay_veh_hours_mean_serious_injury,0.004540126936294678,0.004216424984066061
R62,S1a.mean_matched_queue_tail_at_record_ceiling_safety_cost_nzd_median_serious_injury,-1.3363654941345247,-1.2265711681549272
R62,S1a.mean_matched_queue_tail_at_record_ceiling_net_social_cost_nzd_median_serious_injury,121.06226983433064,119.82313539144567
R62,S1a.mean_matched_queue_tail_at_record_ceiling_sum_of_medians_nzd_serious_injury,120.90763028615194,121.01742461213153
R62,S1a.mean_matched_queue_tail_at_record_ceiling_p_net_benefit_serious_injury,0.4254,0.4256
R62,S1a.mean_matched_queue_tail_at_record_ceiling_breakeven_delta_delay_veh_hours_serious_injury,0.0277081794346781,0.02543170574652555
R62,S1a.mean_matched_queue_tail_at_record_ceiling_net_social_cost_nzd_mean_serious_injury_plan,92.42816446055265,92.44377660570863
R62,S1a.mean_matched_queue_tail_at_record_ceiling_net_social_cost_nzd_median_serious_injury_plan,49.59172461531128,48.95252153812952
R62,S1a.mean_matched_queue_tail_at_record_ceiling_p_net_benefit_serious_injury_plan,0.4223,0.4241
R62,S1a.mean_matched_queue_tail_median_scaled_hybrid_dh_median,-2.9229696859111235e-06,-2.7935557155721278e-06
R62,S1a.mean_matched_queue_tail_median_scaled_hybrid_dh_mean,-2.3704843199049835e-06,-2.3468331380295312e-06
R62,S1a.mean_matched_queue_tail_median_scaled_hybrid_p_dh_neg,0.62705,0.619
R62,S1a.mean_matched_queue_tail_median_scaled_hybrid_safety_cost_nzd_mean_vosl,-29.631053998812295,-29.33541422536914
R62,S1a.mean_matched_queue_tail_median_scaled_hybrid_net_social_cost_nzd_mean_vosl,199.16419999858377,199.4598397720269
R62,S1a.mean_matched_queue_tail_median_scaled_hybrid_breakeven_delta_delay_veh_hours_mean_vosl,0.6143697698281629,0.6082399797920204
R62,S1a.mean_matched_queue_tail_median_scaled_hybrid_safety_cost_nzd_median_vosl,-36.53712107388905,-34.9194464446516
R62,S1a.mean_matched_queue_tail_median_scaled_hybrid_net_social_cost_nzd_median_vosl,109.36204719224658,104.08360231898571
R62,S1a.mean_matched_queue_tail_median_scaled_hybrid_sum_of_medians_nzd_vosl,85.70687470639743,87.32454933563487
R62,S1a.mean_matched_queue_tail_median_scaled_hybrid_p_net_benefit_vosl,0.43465,0.4389
R62,S1a.mean_matched_queue_tail_median_scaled_hybrid_breakeven_delta_delay_veh_hours_vosl,0.7575600471467769,0.724019208887655
R62,S1a.mean_matched_queue_tail_median_scaled_hybrid_net_social_cost_nzd_mean_vosl_plan,63.01608078387785,63.311720557321
R62,S1a.mean_matched_queue_tail_median_scaled_hybrid_net_social_cost_nzd_median_vosl_plan,27.46393546039475,26.996697092748754
R62,S1a.mean_matched_queue_tail_median_scaled_hybrid_p_net_benefit_vosl_plan,0.46725,0.46855
R62,S1a.mean_matched_queue_tail_median_scaled_hybrid_safety_cost_nzd_mean_serious_injury,-1.5647566995692797,-1.5491445544132938
R62,S1a.mean_matched_queue_tail_median_scaled_hybrid_net_social_cost_nzd_mean_serious_injury,227.2304972978268,227.24610944298277
R62,S1a.mean_matched_queue_tail_median_scaled_hybrid_breakeven_delta_delay_veh_hours_mean_serious_injury,0.03244363880508563,0.03211993685285701
R62,S1a.mean_matched_queue_tail_median_scaled_hybrid_safety_cost_nzd_median_serious_injury,-1.9294522896699329,-1.8440261278491614
R62,S1a.mean_matched_queue_tail_median_scaled_hybrid_net_social_cost_nzd_median_serious_injury,119.64914553730472,118.06863920886269
R62,S1a.mean_matched_queue_tail_median_scaled_hybrid_sum_of_medians_nzd_serious_injury,120.31454349061653,120.3999696524373
R62,S1a.mean_matched_queue_tail_median_scaled_hybrid_p_net_benefit_serious_injury,0.42595,0.42605
R62,S1a.mean_matched_queue_tail_median_scaled_hybrid_breakeven_delta_delay_veh_hours_serious_injury,0.04000523096972699,0.038234006382939285
R62,S1a.mean_matched_queue_tail_median_scaled_hybrid_net_social_cost_nzd_mean_serious_injury_plan,91.08237808312086,91.09799022827684
R62,S1a.mean_matched_queue_tail_median_scaled_hybrid_net_social_cost_nzd_median_serious_injury_plan,48.408199477109335,47.492671323391605
R62,S1a.mean_matched_queue_tail_median_scaled_hybrid_p_net_benefit_serious_injury_plan,0.42445,0.4257
R62,S1b.mean_matched_dh_median,-1.0638618528041695e-06,-1.0408566177490648e-06
R62,S1b.mean_matched_dh_mean,-1.4158821655101068e-06,-1.3432194570083336e-06
R62,S1b.mean_matched_p_dh_neg,0.5853,0.5844
R62,S1b.mean_matched_safety_cost_nzd_mean_vosl,-17.69852706887633,-16.790243212604167
R62,S1b.mean_matched_net_social_cost_nzd_mean_vosl,187.25855882276767,188.1668426790398
R62,S1b.mean_matched_breakeven_delta_delay_veh_hours_mean_vosl,0.3669609593380953,0.3481286173046687
R62,S1b.mean_matched_safety_cost_nzd_median_vosl,-13.29827316005212,-13.010707721863309
R62,S1b.mean_matched_net_social_cost_nzd_median_vosl,95.93436165682466,92.58773804949291
R62,S1b.mean_matched_sum_of_medians_nzd_vosl,83.51543500128714,83.80300043947595
R62,S1b.mean_matched_p_net_benefit_vosl,0.44085,0.44395
R62,S1b.mean_matched_breakeven_delta_delay_veh_hours_vosl,0.2757261696050616,0.2697637926988039
R62,S1b.mean_matched_net_social_cost_nzd_mean_vosl_plan,65.29570655052669,66.20399040679885
R62,S1b.mean_matched_net_social_cost_nzd_median_vosl_plan,33.498217326786644,30.21312828845737
R62,S1b.mean_matched_p_net_benefit_vosl_plan,0.4549,0.4571
R62,S1b.mean_matched_safety_cost_nzd_mean_serious_injury,-0.9346238174532213,-0.8866591635712011
R62,S1b.mean_matched_net_social_cost_nzd_mean_serious_injury,204.02246207419074,204.0704267280728
R62,S1b.mean_matched_breakeven_delta_delay_veh_hours_mean_serious_injury,0.019378474340726138,0.018383976022624943
R62,S1b.mean_matched_safety_cost_nzd_median_serious_injury,-0.7022552090360323,-0.6870694533761577
R62,S1b.mean_matched_net_social_cost_nzd_median_serious_injury,96.33189152572857,95.70542512652756
R62,S1b.mean_matched_sum_of_medians_nzd_serious_injury,96.11145295230322,96.12663870796311
R62,S1b.mean_matched_p_net_benefit_serious_injury,0.43995,0.43985
R62,S1b.mean_matched_breakeven_delta_delay_veh_hours_serious_injury,0.01456054756450409,0.014245686364838434
R62,S1b.mean_matched_net_social_cost_nzd_mean_serious_injury_plan,82.05960980194979,82.10757445583182
R62,S1b.mean_matched_net_social_cost_nzd_median_serious_injury_plan,38.30450604039892,38.15130165953026
R62,S1b.mean_matched_p_net_benefit_serious_injury_plan,0.4397,0.43975
R62,S1b.mean_matched_queue_tail_at_record_ceiling_dh_median,-1.3300970489746442e-06,-1.2633468571006863e-06
R62,S1b.mean_matched_queue_tail_at_record_ceiling_dh_mean,-1.4110433070371659e-06,-1.338380598535393e-06
R62,S1b.mean_matched_queue_tail_at_record_ceiling_p_dh_neg,0.58135,0.57805
R62,S1b.mean_matched_queue_tail_at_record_ceiling_safety_cost_nzd_mean_vosl,-17.638041337964573,-16.72975748169241
R62,S1b.mean_matched_queue_tail_at_record_ceiling_net_social_cost_nzd_mean_vosl,187.31904455367942,188.22732840995158
R62,S1b.mean_matched_queue_tail_at_record_ceiling_breakeven_delta_delay_veh_hours_mean_vosl,0.3657068492217411,0.34687450718831453
R62,S1b.mean_matched_queue_tail_at_record_ceiling_safety_cost_nzd_median_vosl,-16.626213112183052,-15.79183571375858
R62,S1b.mean_matched_queue_tail_at_record_ceiling_net_social_cost_nzd_median_vosl,98.5222909234206,94.44735682878692
R62,S1b.mean_matched_queue_tail_at_record_ceiling_sum_of_medians_nzd_vosl,80.18749504915621,81.02187244758069
R62,S1b.mean_matched_queue_tail_at_record_ceiling_p_net_benefit_vosl,0.44115,0.44365
R62,S1b.mean_matched_queue_tail_at_record_ceiling_breakeven_delta_delay_veh_hours_vosl,0.34472761999135504,0.3274276531983948
R62,S1b.mean_matched_queue_tail_at_record_ceiling_net_social_cost_nzd_mean_vosl_plan,65.35619228143844,66.2644761377106
R62,S1b.mean_matched_queue_tail_at_record_ceiling_net_social_cost_nzd_median_vosl_plan,34.3288567246117,31.77599678351194
R62,S1b.mean_matched_queue_tail_at_record_ceiling_p_net_benefit_vosl_plan,0.4537,0.45745
R62,S1b.mean_matched_queue_tail_at_record_ceiling_safety_cost_nzd_mean_serious_injury,-0.9314296869752332,-0.8834650330932127
R62,S1b.mean_matched_queue_tail_at_record_ceiling_net_social_cost_nzd_mean_serious_injury,204.02565620466876,204.07362085855078
R62,S1b.mean_matched_queue_tail_at_record_ceiling_breakeven_delta_delay_veh_hours_mean_serious_injury,0.019312247293701706,0.01831774897560052
R62,S1b.mean_matched_queue_tail_at_record_ceiling_safety_cost_nzd_median_serious_injury,-0.8779970620281626,-0.833935260372163
R62,S1b.mean_matched_queue_tail_at_record_ceiling_net_social_cost_nzd_median_serious_injury,96.02131584935384,95.9938159373449
R62,S1b.mean_matched_queue_tail_at_record_ceiling_sum_of_medians_nzd_serious_injury,95.9357110993111,95.9797729009671
R62,S1b.mean_matched_queue_tail_at_record_ceiling_p_net_benefit_serious_injury,0.4399,0.43985
R62,S1b.mean_matched_queue_tail_at_record_ceiling_breakeven_delta_delay_veh_hours_serious_injury,0.018204376156503478,0.017290799510100832
R62,S1b.mean_matched_queue_tail_at_record_ceiling_net_social_cost_nzd_mean_serious_injury_plan,82.06280393242778,82.1107685863098
R62,S1b.mean_matched_queue_tail_at_record_ceiling_net_social_cost_nzd_median_serious_injury_plan,38.51285183709585,38.267545645128024
R62,S1b.mean_matched_queue_tail_at_record_ceiling_p_net_benefit_serious_injury_plan,0.43935,0.43955
R62,S1b.mean_matched_queue_tail_median_scaled_hybrid_dh_median,-1.401372027056042e-06,-1.3711212512653905e-06
R62,S1b.mean_matched_queue_tail_median_scaled_hybrid_dh_mean,-1.4069026693202363e-06,-1.3342399608184633e-06
R62,S1b.mean_matched_queue_tail_median_scaled_hybrid_p_dh_neg,0.57655,0.5735
R62,S1b.mean_matched_queue_tail_median_scaled_hybrid_safety_cost_nzd_mean_vosl,-17.586283366502954,-16.67799951023079
R62,S1b.mean_matched_queue_tail_median_scaled_hybrid_net_social_cost_nzd_mean_vosl,187.37080252514102,188.2790863814132
R62,S1b.mean_matched_queue_tail_median_scaled_hybrid_breakeven_delta_delay_veh_hours_mean_vosl,0.364633700321438,0.34580135828801145
R62,S1b.mean_matched_queue_tail_median_scaled_hybrid_safety_cost_nzd_median_vosl,-17.517150338200523,-17.13901564081738
R62,S1b.mean_matched_queue_tail_median_scaled_hybrid_net_social_cost_nzd_median_vosl,98.788448259093,95.5681046598289
R62,S1b.mean_matched_queue_tail_median_scaled_hybrid_sum_of_medians_nzd_vosl,79.29655782313874,79.67469252052189
R62,S1b.mean_matched_queue_tail_median_scaled_hybrid_p_net_benefit_vosl,0.4402,0.4439
R62,S1b.mean_matched_queue_tail_median_scaled_hybrid_breakeven_delta_delay_veh_hours_vosl,0.3632002972880059,0.3553600589014593
R62,S1b.mean_matched_queue_tail_median_scaled_hybrid_net_social_cost_nzd_mean_vosl_plan,65.40795025290006,66.31623410917223
R62,S1b.mean_matched_queue_tail_median_scaled_hybrid_net_social_cost_nzd_median_vosl_plan,34.862333291670545,33.1000684764995
R62,S1b.mean_matched_queue_tail_median_scaled_hybrid_p_net_benefit_vosl_plan,0.45395,0.4563
R62,S1b.mean_matched_queue_tail_median_scaled_hybrid_safety_cost_nzd_mean_serious_injury,-0.9286964520182881,-0.8807317981362676
R62,S1b.mean_matched_queue_tail_median_scaled_hybrid_net_social_cost_nzd_mean_serious_injury,204.0283894396257,204.07635409350772
R62,S1b.mean_matched_queue_tail_median_scaled_hybrid_breakeven_delta_delay_veh_hours_mean_serious_injury,0.0192555764465745,0.01826107812847331
R62,S1b.mean_matched_queue_tail_median_scaled_hybrid_safety_cost_nzd_median_serious_injury,-0.9250456750596933,-0.9050771379602842
R62,S1b.mean_matched_queue_tail_median_scaled_hybrid_net_social_cost_nzd_median_serious_injury,95.8828033571508,95.53643188059237
R62,S1b.mean_matched_queue_tail_median_scaled_hybrid_sum_of_medians_nzd_serious_injury,95.88866248627957,95.90863102337897
R62,S1b.mean_matched_queue_tail_median_scaled_hybrid_p_net_benefit_serious_injury,0.44,0.43965
R62,S1b.mean_matched_queue_tail_median_scaled_hybrid_breakeven_delta_delay_veh_hours_serious_injury,0.019179881299185016,0.018765853990468262
R62,S1b.mean_matched_queue_tail_median_scaled_hybrid_net_social_cost_nzd_mean_serious_injury_plan,82.06553716738472,82.11350182126674
R62,S1b.mean_matched_queue_tail_median_scaled_hybrid_net_social_cost_nzd_median_serious_injury_plan,38.45393830876861,38.2577661219125
R62,S1b.mean_matched_queue_tail_median_scaled_hybrid_p_net_benefit_serious_injury_plan,0.43945,0.4398
R62,S2.mean_matched_dh_median,-1.5939326548505077e-06,-1.8320403524403329e-06
R62,S2.mean_matched_dh_mean,-5.701806791109452e-06,-6.019449006679121e-06
R62,S2.mean_matched_p_dh_neg,0.62945,0.6487
R62,S2.mean_matched_safety_cost_nzd_mean_vosl,-71.27258488886814,-75.24311258348901
R62,S2.mean_matched_net_social_cost_nzd_mean_vosl,-71.27258488886814,-75.24311258348901
R62,S2.mean_matched_breakeven_delta_delay_veh_hours_mean_vosl,1.4777645633188505,1.5600894170327393
R62,S2.mean_matched_safety_cost_nzd_median_vosl,-19.924158185631345,-22.900504405504165
R62,S2.mean_matched_net_social_cost_nzd_median_vosl,-19.924158185631345,-22.900504405504165
R62,S2.mean_matched_sum_of_medians_nzd_vosl,-19.924158185631345,-22.90050440550416
R62,S2.mean_matched_p_net_benefit_vosl,0.62945,0.6487
R62,S2.mean_matched_breakeven_delta_delay_veh_hours_vosl,0.41310715707301154,0.47481866899241476
R62,S2.mean_matched_net_social_cost_nzd_mean_vosl_plan,-71.27258488886814,-75.24311258348901
R62,S2.mean_matched_net_social_cost_nzd_median_vosl_plan,-19.924158185631345,-22.900504405504165
R62,S2.mean_matched_p_net_benefit_vosl_plan,0.62945,0.6487
R62,S2.mean_matched_safety_cost_nzd_mean_serious_injury,-3.7637626628113487,-3.9734382893088878
R62,S2.mean_matched_net_social_cost_nzd_mean_serious_injury,-3.7637626628113487,-3.9734382893088878
R62,S2.mean_matched_breakeven_delta_delay_veh_hours_mean_serious_injury,0.07803779105974185,0.08238520193466489
R62,S2.mean_matched_safety_cost_nzd_median_serious_injury,-1.0521549454668202,-1.2093298366458638
R62,S2.mean_matched_net_social_cost_nzd_median_serious_injury,-1.0521549454668202,-1.2093298366458638
R62,S2.mean_matched_sum_of_medians_nzd_serious_injury,-1.0521549454668202,-1.2093298366458638
R62,S2.mean_matched_p_net_benefit_serious_injury,0.62945,0.6487
R62,S2.mean_matched_breakeven_delta_delay_veh_hours_serious_injury,0.021815362750711595,0.02507422427215144
R62,S2.mean_matched_net_social_cost_nzd_mean_serious_injury_plan,-3.7637626628113487,-3.9734382893088878
R62,S2.mean_matched_net_social_cost_nzd_median_serious_injury_plan,-1.0521549454668202,-1.2093298366458638
R62,S2.mean_matched_p_net_benefit_serious_injury_plan,0.62945,0.6487
R62,S2.mean_matched_queue_tail_at_record_ceiling_dh_median,-1.5939326548505077e-06,-1.8320403524403329e-06
R62,S2.mean_matched_queue_tail_at_record_ceiling_dh_mean,-5.701806791109452e-06,-6.019449006679121e-06
R62,S2.mean_matched_queue_tail_at_record_ceiling_p_dh_neg,0.62945,0.6487
R62,S2.mean_matched_queue_tail_at_record_ceiling_safety_cost_nzd_mean_vosl,-71.27258488886814,-75.24311258348901
R62,S2.mean_matched_queue_tail_at_record_ceiling_net_social_cost_nzd_mean_vosl,-71.27258488886814,-75.24311258348901
R62,S2.mean_matched_queue_tail_at_record_ceiling_breakeven_delta_delay_veh_hours_mean_vosl,1.4777645633188505,1.5600894170327393
R62,S2.mean_matched_queue_tail_at_record_ceiling_safety_cost_nzd_median_vosl,-19.924158185631345,-22.900504405504165
R62,S2.mean_matched_queue_tail_at_record_ceiling_net_social_cost_nzd_median_vosl,-19.924158185631345,-22.900504405504165
R62,S2.mean_matched_queue_tail_at_record_ceiling_sum_of_medians_nzd_vosl,-19.924158185631345,-22.90050440550416
R62,S2.mean_matched_queue_tail_at_record_ceiling_p_net_benefit_vosl,0.62945,0.6487
R62,S2.mean_matched_queue_tail_at_record_ceiling_breakeven_delta_delay_veh_hours_vosl,0.41310715707301154,0.47481866899241476
R62,S2.mean_matched_queue_tail_at_record_ceiling_net_social_cost_nzd_mean_vosl_plan,-71.27258488886814,-75.24311258348901
R62,S2.mean_matched_queue_tail_at_record_ceiling_net_social_cost_nzd_median_vosl_plan,-19.924158185631345,-22.900504405504165
R62,S2.mean_matched_queue_tail_at_record_ceiling_p_net_benefit_vosl_plan,0.62945,0.6487
R62,S2.mean_matched_queue_tail_at_record_ceiling_safety_cost_nzd_mean_serious_injury,-3.7637626628113487,-3.9734382893088878
R62,S2.mean_matched_queue_tail_at_record_ceiling_net_social_cost_nzd_mean_serious_injury,-3.7637626628113487,-3.9734382893088878
R62,S2.mean_matched_queue_tail_at_record_ceiling_breakeven_delta_delay_veh_hours_mean_serious_injury,0.07803779105974185,0.08238520193466489
R62,S2.mean_matched_queue_tail_at_record_ceiling_safety_cost_nzd_median_serious_injury,-1.0521549454668202,-1.2093298366458638
R62,S2.mean_matched_queue_tail_at_record_ceiling_net_social_cost_nzd_median_serious_injury,-1.0521549454668202,-1.2093298366458638
R62,S2.mean_matched_queue_tail_at_record_ceiling_sum_of_medians_nzd_serious_injury,-1.0521549454668202,-1.2093298366458638
R62,S2.mean_matched_queue_tail_at_record_ceiling_p_net_benefit_serious_injury,0.62945,0.6487
R62,S2.mean_matched_queue_tail_at_record_ceiling_breakeven_delta_delay_veh_hours_serious_injury,0.021815362750711595,0.02507422427215144
R62,S2.mean_matched_queue_tail_at_record_ceiling_net_social_cost_nzd_mean_serious_injury_plan,-3.7637626628113487,-3.9734382893088878
R62,S2.mean_matched_queue_tail_at_record_ceiling_net_social_cost_nzd_median_serious_injury_plan,-1.0521549454668202,-1.2093298366458638
R62,S2.mean_matched_queue_tail_at_record_ceiling_p_net_benefit_serious_injury_plan,0.62945,0.6487
R62,S2.mean_matched_queue_tail_median_scaled_hybrid_dh_median,-1.5939326548505077e-06,-1.8320403524403329e-06
R62,S2.mean_matched_queue_tail_median_scaled_hybrid_dh_mean,-5.701806791109452e-06,-6.019449006679121e-06
R62,S2.mean_matched_queue_tail_median_scaled_hybrid_p_dh_neg,0.62945,0.6487
R62,S2.mean_matched_queue_tail_median_scaled_hybrid_safety_cost_nzd_mean_vosl,-71.27258488886814,-75.24311258348901
R62,S2.mean_matched_queue_tail_median_scaled_hybrid_net_social_cost_nzd_mean_vosl,-71.27258488886814,-75.24311258348901
R62,S2.mean_matched_queue_tail_median_scaled_hybrid_breakeven_delta_delay_veh_hours_mean_vosl,1.4777645633188505,1.5600894170327393
R62,S2.mean_matched_queue_tail_median_scaled_hybrid_safety_cost_nzd_median_vosl,-19.924158185631345,-22.900504405504165
R62,S2.mean_matched_queue_tail_median_scaled_hybrid_net_social_cost_nzd_median_vosl,-19.924158185631345,-22.900504405504165
R62,S2.mean_matched_queue_tail_median_scaled_hybrid_sum_of_medians_nzd_vosl,-19.924158185631345,-22.90050440550416
R62,S2.mean_matched_queue_tail_median_scaled_hybrid_p_net_benefit_vosl,0.62945,0.6487
R62,S2.mean_matched_queue_tail_median_scaled_hybrid_breakeven_delta_delay_veh_hours_vosl,0.41310715707301154,0.47481866899241476
R62,S2.mean_matched_queue_tail_median_scaled_hybrid_net_social_cost_nzd_mean_vosl_plan,-71.27258488886814,-75.24311258348901
R62,S2.mean_matched_queue_tail_median_scaled_hybrid_net_social_cost_nzd_median_vosl_plan,-19.924158185631345,-22.900504405504165
R62,S2.mean_matched_queue_tail_median_scaled_hybrid_p_net_benefit_vosl_plan,0.62945,0.6487
R62,S2.mean_matched_queue_tail_median_scaled_hybrid_safety_cost_nzd_mean_serious_injury,-3.7637626628113487,-3.9734382893088878
R62,S2.mean_matched_queue_tail_median_scaled_hybrid_net_social_cost_nzd_mean_serious_injury,-3.7637626628113487,-3.9734382893088878
R62,S2.mean_matched_queue_tail_median_scaled_hybrid_breakeven_delta_delay_veh_hours_mean_serious_injury,0.07803779105974185,0.08238520193466489
R62,S2.mean_matched_queue_tail_median_scaled_hybrid_safety_cost_nzd_median_serious_injury,-1.0521549454668202,-1.2093298366458638
R62,S2.mean_matched_queue_tail_median_scaled_hybrid_net_social_cost_nzd_median_serious_injury,-1.0521549454668202,-1.2093298366458638
R62,S2.mean_matched_queue_tail_median_scaled_hybrid_sum_of_medians_nzd_serious_injury,-1.0521549454668202,-1.2093298366458638
R62,S2.mean_matched_queue_tail_median_scaled_hybrid_p_net_benefit_serious_injury,0.62945,0.6487
R62,S2.mean_matched_queue_tail_median_scaled_hybrid_breakeven_delta_delay_veh_hours_serious_injury,0.021815362750711595,0.02507422427215144
R62,S2.mean_matched_queue_tail_median_scaled_hybrid_net_social_cost_nzd_mean_serious_injury_plan,-3.7637626628113487,-3.9734382893088878
R62,S2.mean_matched_queue_tail_median_scaled_hybrid_net_social_cost_nzd_median_serious_injury_plan,-1.0521549454668202,-1.2093298366458638
R62,S2.mean_matched_queue_tail_median_scaled_hybrid_p_net_benefit_serious_injury_plan,0.62945,0.6487
R62,median_matched_means_over_record.headon,3.3348429630916967,3.327698985763943
R63,S1a.p5,0.3779688703900172,0.29495904998811595
R63,S1a.p20,2.189883663273252,1.6254057591404507
R63,S1a.median,12.16617145458373,8.932256782234946
R63,S1a.p80,67.69875806965358,51.809092985012164
R63,S1a.p95,345.9906825051801,273.42754714185173
R63,S1a.share_above_observed_top,0.98915,0.98685
R63,S1a.share_above_sampled,0.9932,0.9913
R64,collision_axis_anchor_s1a_collisions_median,0.0007255592908332579,0.0009878165853851343
R64,S1a.qt_excluded.central,0.902,0.898
R64,S1a.qt_excluded.corners.c1e-05_s5e-06,0.919,0.917
R64,S1a.qt_excluded.corners.c1e-05_s2e-05,0.982,0.983
R64,S1a.qt_excluded.corners.c0.0001_s5e-06,0.681,0.676
R64,S1a.qt_excluded.corners.c0.0001_s2e-05,0.874,0.871
R64,S1a.qt_excluded.min,0.681,0.676
R64,S1a.qt_excluded.max,0.982,0.983
R64,S1a.qt_excluded.median_dh,-8.629141127587608e-06,-8.585821523794274e-06
R64,S1a.qt_excluded.p_within_margin,0.9139,0.91405
R64,S1a.qt_panel.central,0.828,0.827
R64,S1a.qt_panel.corners.c1e-05_s5e-06,0.809,0.808
R64,S1a.qt_panel.corners.c0.0001_s5e-06,0.768,0.766
R64,S1a.qt_panel.min,0.768,0.766
R64,S1a.qt_panel.median_dh,-3.838504997690611e-05,-3.8401273696709665e-05
R64,S1a.qt_panel.p_within_margin,0.4399,0.44085
R64,S1a.qt_record_scaled.corners.c0.0001_s5e-06,0.761,0.758
R64,S1a.qt_record_scaled.corners.c0.0001_s2e-05,0.89,0.888
R64,S1a.qt_record_scaled.min,0.761,0.758
R64,S1a.qt_record_scaled.median_dh,-1.3534656021659704e-05,-1.3520873026815258e-05
R64,S1a.qt_record_scaled.p_within_margin,0.85345,0.8542
R64,S1b.qt_excluded.corners.c0.0001_s5e-06,0.724,0.723
R64,S1b.qt_excluded.corners.c0.0001_s2e-05,0.898,0.897
R64,S1b.qt_excluded.min,0.724,0.723
R64,S1b.qt_excluded.median_dh,-8.921065711492547e-06,-8.933577241815383e-06
R64,S1b.qt_excluded.p_within_margin,0.91395,0.9139
R64,S1b.qt_panel.corners.c1e-05_s2e-05,0.71,0.709
R64,S1b.qt_panel.corners.c0.0001_s5e-06,0.562,0.561
R64,S1b.qt_panel.corners.c0.0001_s2e-05,0.683,0.684
R64,S1b.qt_panel.min,0.562,0.561
R64,S1b.qt_panel.max,0.71,0.709
R64,S1b.qt_panel.median_dh,-1.1364166612192415e-05,-1.1391877748694508e-05
R64,S1b.qt_panel.p_within_margin,0.53375,0.5336
R64,S1b.qt_record_scaled.central,0.837,0.838
R64,S1b.qt_record_scaled.corners.c1e-05_s5e-06,0.805,0.804
R64,S1b.qt_record_scaled.corners.c0.0001_s5e-06,0.674,0.673
R64,S1b.qt_record_scaled.min,0.674,0.673
R64,S1b.qt_record_scaled.median_dh,-9.471462643589615e-06,-9.486183894233425e-06
R64,S1b.qt_record_scaled.p_within_margin,0.89375,0.89355
R64,S2.qt_excluded.central,0.8,0.803
R64,S2.qt_excluded.corners.c1e-05_s5e-06,0.704,0.705
R64,S2.qt_excluded.corners.c1e-05_s2e-05,0.886,0.887
R64,S2.qt_excluded.corners.c0.0001_s5e-06,0.662,0.673
R64,S2.qt_excluded.corners.c0.0001_s2e-05,0.868,0.873
R64,S2.qt_excluded.min,0.662,0.673
R64,S2.qt_excluded.max,0.886,0.887
R64,S2.qt_excluded.median_dh,-7.072878623491438e-06,-7.130188794370631e-06
R64,S2.qt_excluded.p_within_margin,0.9192,0.91885
R64,S2.qt_panel.central,0.8,0.803
R64,S2.qt_panel.corners.c1e-05_s5e-06,0.704,0.705
R64,S2.qt_panel.corners.c1e-05_s2e-05,0.886,0.887
R64,S2.qt_panel.corners.c0.0001_s5e-06,0.662,0.673
R64,S2.qt_panel.corners.c0.0001_s2e-05,0.868,0.873
R64,S2.qt_panel.min,0.662,0.673
R64,S2.qt_panel.max,0.886,0.887
R64,S2.qt_panel.median_dh,-7.072878623491438e-06,-7.130188794370631e-06
R64,S2.qt_panel.p_within_margin,0.9192,0.91885
R64,S2.qt_record_scaled.central,0.8,0.803
R64,S2.qt_record_scaled.corners.c1e-05_s5e-06,0.704,0.705
R64,S2.qt_record_scaled.corners.c1e-05_s2e-05,0.886,0.887
R64,S2.qt_record_scaled.corners.c0.0001_s5e-06,0.662,0.673
R64,S2.qt_record_scaled.corners.c0.0001_s2e-05,0.868,0.873
R64,S2.qt_record_scaled.min,0.662,0.673
R64,S2.qt_record_scaled.max,0.886,0.887
R64,S2.qt_record_scaled.median_dh,-7.072878623491438e-06,-7.130188794370631e-06
R64,S2.qt_record_scaled.p_within_margin,0.9192,0.91885
R64,implied_serious_harm_at_signals_when_collisions_pinned.1e-05,1.4187692892129537e-07,1.397431797762834e-07
R64,implied_serious_harm_at_signals_when_collisions_pinned.3.3e-05,4.6819386544027476e-07,4.611524932617352e-07
R64,implied_serious_harm_at_signals_when_collisions_pinned.0.0001,1.418769289212954e-06,1.397431797762834e-06
R64,s2_vs_s1a_p_s2_lower_collision_axis_central,0.28,0.29
R66,R66_police_ratio_medians_matched.8.5.S1a,0.53315,0.53095
R66,R66_police_ratio_medians_matched.8.5.S1b,0.5831,0.5826
R66,R66_police_ratio_medians_matched.8.5.S2,0.74845,0.7717
R66,R66_police_ratio_medians_matched.10.0.S1a,0.56335,0.56075
R66,R66_police_ratio_medians_matched.10.0.S1b,0.6135,0.61205
R66,R66_police_ratio_medians_matched.10.0.S2,0.77435,0.79565
R66,R66_police_ratio_medians_matched.12.0.S1a,0.59725,0.59165
R66,R66_police_ratio_medians_matched.12.0.S1b,0.6459,0.64285
R66,R66_police_ratio_medians_matched.12.0.S2,0.8009,0.82195
R66,R66_police_ratio_medians_matched.12.5.S1a,0.60465,0.5989
R66,R66_police_ratio_medians_matched.12.5.S1b,0.6531,0.6506
R66,R66_police_ratio_medians_matched.12.5.S2,0.807,0.8276
R67,R67_breakeven_at_record.median_all_draws,0.029698795394514553,0.02956089070944432
R67,R67_breakeven_at_record.p20_all_draws,0.005300975239467571,0.005184882507863758
R67,R67_breakeven_at_record.median_positive_draws_only,0.030024141908551284,0.029892224260129586
R67,R67_breakeven_at_record.p20_positive_draws_only,0.00543934755762875,0.005369481122591241
R67,R67_breakeven_at_record.share_above_observed_band_top_0.079,0.3192,0.31895
R67,R67_breakeven_at_record.share_above_sampled_rate,0.4311,0.43305
R67,R67_breakeven_at_record.share_no_positive_breakeven,0.00485,0.00525
R67,R67_breakeven_on_plan_surface.median_all_draws,3.124831880611474,3.142660973679148
R67,R67_breakeven_on_plan_surface.p20_all_draws,0.14077812498327744,0.14451917200410516
R67,R67_breakeven_on_plan_surface.median_positive_draws_only,5.289583574556173,5.36186165195884
R67,R67_breakeven_on_plan_surface.p20_positive_draws_only,0.8722835465092372,0.8926182017118867
R67,R67_breakeven_on_plan_surface.share_above_observed_band_top_0.079,0.8179,0.8184
R67,R67_breakeven_on_plan_surface.share_above_sampled_rate,0.8281,0.8272
R67,R67_breakeven_on_plan_surface.share_no_positive_breakeven,0.15935,0.1594
R67,R67_red_running_removal_panel_values.p_with,0.9954,0.99295
R67,R67_red_running_removal_panel_values.monte_carlo_interval_width,0.0018756370514574608,0.002319152555396044
R68,variants.like_for_like_ref_0.0m_two_operators.p,0.42385,0.44055
R68,variants.like_for_like_ref_0.0m_two_operators.dh_median,2.2692244867045517e-06,1.6673665430700562e-06
R68,variants.like_for_like_ref_0.0m_two_operators.p_equivalent,0.8402,0.84625
R68,variants.like_for_like_ref_0.0m_two_operators.p_s2_below_s1a,0.5389,0.5425
R68,variants.like_for_like_ref_0.0m_two_operators.p_corners_min_max[0],0.3312,0.35735
R68,variants.like_for_like_ref_0.0m_two_operators.p_corners_min_max[1],0.4866,0.49455
R68,variants.like_for_like_ref_0.0m_one_operator.p,0.525,0.548
R68,variants.like_for_like_ref_0.0m_one_operator.dh_median,-6.196172892094594e-07,-1.1048596881487865e-06
R68,variants.like_for_like_ref_0.0m_one_operator.p_equivalent,0.9145,0.91785
R68,variants.like_for_like_ref_0.0m_one_operator.p_s2_below_s1a,0.65635,0.65775
R68,variants.like_for_like_ref_0.0m_one_operator.p_corners_min_max[0],0.4057,0.4374
R68,variants.like_for_like_ref_0.0m_one_operator.p_corners_min_max[1],0.6061,0.6152
R68,variants.like_for_like_ref_1.0m_two_operators.p,0.41015,0.4271
R68,variants.like_for_like_ref_1.0m_two_operators.dh_median,2.8119066865460796e-06,2.1848483260032484e-06
R68,variants.like_for_like_ref_1.0m_two_operators.p_equivalent,0.8267,0.83145
R68,variants.like_for_like_ref_1.0m_two_operators.p_s2_below_s1a,0.5236,0.5296
R68,variants.like_for_like_ref_1.0m_two_operators.p_corners_min_max[0],0.32005,0.347
R68,variants.like_for_like_ref_1.0m_two_operators.p_corners_min_max[1],0.46985,0.4767
R68,variants.like_for_like_ref_1.0m_one_operator.p,0.5137,0.53565
R68,variants.like_for_like_ref_1.0m_one_operator.dh_median,-3.2195651465708074e-07,-8.402597633275794e-07
R68,variants.like_for_like_ref_1.0m_one_operator.p_equivalent,0.9099,0.91375
R68,variants.like_for_like_ref_1.0m_one_operator.p_s2_below_s1a,0.6441,0.64575
R68,variants.like_for_like_ref_1.0m_one_operator.p_corners_min_max[0],0.39725,0.42795
R68,variants.like_for_like_ref_1.0m_one_operator.p_corners_min_max[1],0.59325,0.60075
R68,variants.like_for_like_ref_1.5m_two_operators.p,0.40405,0.4203
R68,variants.like_for_like_ref_1.5m_two_operators.dh_median,3.1254773563823697e-06,2.459884653757508e-06
R68,variants.like_for_like_ref_1.5m_two_operators.p_equivalent,0.81785,0.8231
R68,variants.like_for_like_ref_1.5m_two_operators.p_s2_below_s1a,0.5159,0.52235
R68,variants.like_for_like_ref_1.5m_two_operators.p_corners_min_max[0],0.31535,0.34115
R68,variants.like_for_like_ref_1.5m_two_operators.p_corners_min_max[1],0.4632,0.4696
R68,variants.like_for_like_ref_1.5m_one_operator.p,0.50705,0.52835
R68,variants.like_for_like_ref_1.5m_one_operator.dh_median,-1.7693278816455276e-07,-7.039900831243492e-07
R68,variants.like_for_like_ref_1.5m_one_operator.p_equivalent,0.9065,0.91005
R68,variants.like_for_like_ref_1.5m_one_operator.p_s2_below_s1a,0.63635,0.6394
R68,variants.like_for_like_ref_1.5m_one_operator.p_corners_min_max[0],0.3929,0.42235
R68,variants.like_for_like_ref_1.5m_one_operator.p_corners_min_max[1],0.58645,0.5941
R68,variants.like_for_like_ref_2.0m_two_operators.p,0.3973,0.41365
R68,variants.like_for_like_ref_2.0m_two_operators.dh_median,3.43418543914297e-06,2.7311512259802727e-06
R68,variants.like_for_like_ref_2.0m_two_operators.p_equivalent,0.80885,0.81485
R68,variants.like_for_like_ref_2.0m_two_operators.p_s2_below_s1a,0.50795,0.5142
R68,variants.like_for_like_ref_2.0m_two_operators.p_corners_min_max[0],0.30985,0.33545
R68,variants.like_for_like_ref_2.0m_two_operators.p_corners_min_max[1],0.45645,0.4621
R68,variants.like_for_like_ref_2.0m_one_operator.p,0.5005,0.52185
R68,variants.like_for_like_ref_2.0m_one_operator.dh_median,-1.741105872051367e-08,-5.37936471584522e-07
R68,variants.like_for_like_ref_2.0m_one_operator.p_equivalent,0.9034,0.90705
R68,variants.like_for_like_ref_2.0m_one_operator.p_s2_below_s1a,0.62855,0.63225
R68,variants.like_for_like_ref_2.0m_one_operator.p_corners_min_max[0],0.38835,0.41735
R68,variants.like_for_like_ref_2.0m_one_operator.p_corners_min_max[1],0.5782,0.5861
R68,variants.pre_specified_two_operators.p,0.6527,0.6815
R68,variants.pre_specified_two_operators.dh_median,-3.6968144387611438e-06,-4.4682969679883e-06
R68,variants.pre_specified_two_operators.p_equivalent,0.9206,0.92175
R68,variants.pre_specified_two_operators.p_s2_below_s1a,0.8072,0.79965
R68,variants.pre_specified_two_operators.p_corners_min_max[0],0.4408,0.47525
R68,variants.pre_specified_two_operators.p_corners_min_max[1],0.8194,0.8344
R68,variants.pre_specified_one_operator.p,0.70345,0.73425
R68,variants.pre_specified_one_operator.dh_median,-5.012491712706673e-06,-5.87226829729323e-06
R68,variants.pre_specified_one_operator.p_equivalent,0.9179,0.91885
R68,variants.pre_specified_one_operator.p_s2_below_s1a,0.87905,0.87385
R68,variants.pre_specified_one_operator.p_corners_min_max[0],0.4946,0.5352
R68,variants.pre_specified_one_operator.p_corners_min_max[1],0.8675,0.8835
R69,R69_release_error.per_draw_equalising_rate.median,0.000656885912804574,0.0006574355135724743
R69,R69_release_error.per_draw_equalising_rate.p10,0.00013492456180029321,0.0001350515898877806
R70,S1a.primary_dh_median,2.2962246908693206e-06,2.241418326038411e-06
R70,S1a.primary_dh_mean,2.1371734764949936e-05,2.136537974805997e-05
R70,S1a.primary_p_dh_neg,0.4311,0.43305
R70,S1a.primary_safety_cost_nzd_mean_vosl,267.1466845618742,267.06724685074965
R70,S1a.primary_net_social_cost_nzd_mean_vosl,495.9419385592703,495.8625008481457
R70,S1a.primary_breakeven_delta_delay_veh_hours_mean_vosl,-5.5390148157137515,-5.537367755561883
R70,S1a.primary_safety_cost_nzd_median_vosl,28.702808635866504,28.017729075480137
R70,S1a.primary_net_social_cost_nzd_median_vosl,288.5200766571802,284.04062243090647
R70,S1a.primary_sum_of_medians_nzd_vosl,150.946804416153,150.2617248557666
R70,S1a.primary_p_net_benefit_vosl,0.35715,0.36015
R70,S1a.primary_breakeven_delta_delay_veh_hours_vosl,-0.5951235462547483,-0.5809191182973282
R70,S1a.primary_net_social_cost_nzd_mean_vosl_plan,359.7938193445643,359.71438163343976
R70,S1a.primary_net_social_cost_nzd_median_vosl_plan,146.9283026105375,144.86413035264235
R70,S1a.primary_p_net_benefit_vosl_plan,0.36125,0.3658
R70,S1a.primary_safety_cost_nzd_mean_serious_injury,14.107482118343453,14.103287171694387
R70,S1a.primary_net_social_cost_nzd_mean_serious_injury,242.9027361157395,242.89854116909044
R70,S1a.primary_breakeven_delta_delay_veh_hours_mean_serious_injury,-0.2925042943882118,-0.29241731643571195
R70,S1a.primary_safety_cost_nzd_median_serious_injury,1.5157379184428383,1.479560237017955
R70,S1a.primary_net_social_cost_nzd_median_serious_injury,137.34470688514426,136.82424258097046
R70,S1a.primary_sum_of_medians_nzd_serious_injury,123.7597336987293,123.72355601730442
R70,S1a.primary_p_net_benefit_serious_injury,0.4121,0.4139
R70,S1a.primary_breakeven_delta_delay_veh_hours_serious_injury,-0.031427284230620744,-0.030677176799045306
R70,S1a.primary_net_social_cost_nzd_mean_serious_injury_plan,106.7546169010336,106.75042195438454
R70,S1a.primary_net_social_cost_nzd_median_serious_injury_plan,65.29081028672829,63.510821258417835
R70,S1a.primary_p_net_benefit_serious_injury_plan,0.39685,0.40005
R70,S1a.queue_tail_at_record_ceiling_dh_median,1.3692090247683733e-07,2.455528309561954e-07
R70,S1a.queue_tail_at_record_ceiling_dh_mean,1.6950423081583072e-05,1.694406806469311e-05
R70,S1a.queue_tail_at_record_ceiling_p_dh_neg,0.49655,0.49405
R70,S1a.queue_tail_at_record_ceiling_safety_cost_nzd_mean_vosl,211.8802885197884,211.80085080866385
R70,S1a.queue_tail_at_record_ceiling_net_social_cost_nzd_mean_vosl,440.67554251718445,440.5961048060599
R70,S1a.queue_tail_at_record_ceiling_breakeven_delta_delay_veh_hours_mean_vosl,-4.393122299809007,-4.39147523965714
R70,S1a.queue_tail_at_record_ceiling_safety_cost_nzd_median_vosl,1.7115112809604667,3.0694103869524425
R70,S1a.queue_tail_at_record_ceiling_net_social_cost_nzd_median_vosl,246.57471938001675,237.8365635514569
R70,S1a.queue_tail_at_record_ceiling_sum_of_medians_nzd_vosl,123.95550706124693,125.31340616723891
R70,S1a.queue_tail_at_record_ceiling_p_net_benefit_vosl,0.3818,0.3836
R70,S1a.queue_tail_at_record_ceiling_breakeven_delta_delay_veh_hours_vosl,-0.035486445800548765,-0.06364110277736768
R70,S1a.queue_tail_at_record_ceiling_net_social_cost_nzd_mean_vosl_plan,304.52742330247855,304.4479855913539
R70,S1a.queue_tail_at_record_ceiling_net_social_cost_nzd_median_vosl_plan,109.5679006994185,103.95412805200827
R70,S1a.queue_tail_at_record_ceiling_p_net_benefit_vosl_plan,0.40165,0.40605
R70,S1a.queue_tail_at_record_ceiling_safety_cost_nzd_mean_serious_injury,11.188974276152987,11.18477932950392
R70,S1a.queue_tail_at_record_ceiling_net_social_cost_nzd_mean_serious_injury,239.98422827354904,239.98003332689996
R70,S1a.queue_tail_at_record_ceiling_breakeven_delta_delay_veh_hours_mean_serious_injury,-0.23199200240831402,-0.23190502445581426
R70,S1a.queue_tail_at_record_ceiling_safety_cost_nzd_median_serious_injury,0.09038148772496032,0.16208942371418456
R70,S1a.queue_tail_at_record_ceiling_net_social_cost_nzd_median_serious_injury,134.51553591079931,133.93683031381997
R70,S1a.queue_tail_at_record_ceiling_sum_of_medians_nzd_serious_injury,122.33437726801142,122.40608520400065
R70,S1a.queue_tail_at_record_ceiling_p_net_benefit_serious_injury,0.41385,0.4156
R70,S1a.queue_tail_at_record_ceiling_breakeven_delta_delay_veh_hours_serious_injury,-0.001873968229835379,-0.0033607593554672317
R70,S1a.queue_tail_at_record_ceiling_net_social_cost_nzd_mean_serious_injury_plan,103.8361090588431,103.83191411219406
R70,S1a.queue_tail_at_record_ceiling_net_social_cost_nzd_median_serious_injury_plan,62.94406412471604,61.02666989731891
R70,S1a.queue_tail_at_record_ceiling_p_net_benefit_serious_injury_plan,0.4021,0.40455
R70,S1a.queue_tail_at_elicited_level_dh_median,-1.9711139374311952e-05,-1.9458497745084457e-05
R70,S1a.queue_tail_at_elicited_level_dh_mean,-7.849295435297067e-05,-7.849930936986064e-05
R70,S1a.queue_tail_at_elicited_level_p_dh_neg,0.6467,0.64055
R70,S1a.queue_tail_at_elicited_level_safety_cost_nzd_mean_vosl,-981.1619294121334,-981.2413671232581
R70,S1a.queue_tail_at_elicited_level_net_social_cost_nzd_mean_vosl,-752.3666754147374,-752.446113125862
R70,S1a.queue_tail_at_elicited_level_breakeven_delta_delay_veh_hours_mean_vosl,20.343394762847467,20.345041822999338
R70,S1a.queue_tail_at_elicited_level_safety_cost_nzd_median_vosl,-246.3892421788994,-243.2312218135557
R70,S1a.queue_tail_at_elicited_level_net_social_cost_nzd_median_vosl,-161.13257140860424,-163.0700033499345
R70,S1a.queue_tail_at_elicited_level_sum_of_medians_nzd_vosl,-124.14524639861293,-120.98722603326925
R70,S1a.queue_tail_at_elicited_level_p_net_benefit_vosl,0.5546,0.5545
R70,S1a.queue_tail_at_elicited_level_breakeven_delta_delay_veh_hours_vosl,5.108630358260407,5.04315201769761
R70,S1a.queue_tail_at_elicited_level_net_social_cost_nzd_mean_vosl_plan,-888.5147946294435,-888.5942323405679
R70,S1a.queue_tail_at_elicited_level_net_social_cost_nzd_median_vosl_plan,-194.0933302381182,-191.8798380145406
R70,S1a.queue_tail_at_elicited_level_p_net_benefit_vosl_plan,0.59415,0.59185
R70,S1a.queue_tail_at_elicited_level_safety_cost_nzd_mean_serious_injury,-51.81319916839595,-51.81739411504501
R70,S1a.queue_tail_at_elicited_level_net_social_cost_nzd_mean_serious_injury,176.9820548290001,176.97785988235105
R70,S1a.queue_tail_at_elicited_level_breakeven_delta_delay_veh_hours_mean_serious_injury,1.0742939906364493,1.0743809685889492
R70,S1a.queue_tail_at_elicited_level_safety_cost_nzd_median_serious_injury,-13.011323100983319,-12.84455436153025
R70,S1a.queue_tail_at_elicited_level_net_social_cost_nzd_median_serious_injury,85.85257424268495,84.15536899919503
R70,S1a.queue_tail_at_elicited_level_sum_of_medians_nzd_serious_injury,109.23267267930315,109.39944141875623
R70,S1a.queue_tail_at_elicited_level_p_net_benefit_serious_injury,0.44675,0.44825
R70,S1a.queue_tail_at_elicited_level_breakeven_delta_delay_veh_hours_serious_injury,0.26977655195901556,0.2663187717505754
R70,S1a.queue_tail_at_elicited_level_net_social_cost_nzd_mean_serious_injury_plan,40.8339356142942,40.82974066764513
R70,S1a.queue_tail_at_elicited_level_net_social_cost_nzd_median_serious_injury_plan,23.614382213560035,22.420211778477135
R70,S1a.queue_tail_at_elicited_level_p_net_benefit_serious_injury_plan,0.465,0.4677
R70,S1a.mean_matched_dh_median,-4.915531310497033e-07,-4.3726453558938884e-07
R70,S1a.mean_matched_dh_mean,2.0508273634618817e-06,2.074478545337334e-06
R70,S1a.mean_matched_p_dh_neg,0.5363,0.53415
R70,S1a.mean_matched_safety_cost_nzd_mean_vosl,25.635342043273525,25.930981816716677
R70,S1a.mean_matched_net_social_cost_nzd_mean_vosl,254.4305960406696,254.7262358141127
R70,S1a.mean_matched_breakeven_delta_delay_veh_hours_mean_vosl,-0.5315227460765815,-0.5376525361127239
R70,S1a.mean_matched_safety_cost_nzd_median_vosl,-6.144414138121292,-5.465806694867361
R70,S1a.mean_matched_net_social_cost_nzd_median_vosl,154.2972387119525,149.38404364339672
R70,S1a.mean_matched_sum_of_medians_nzd_vosl,116.09958164216518,116.77818908541911
R70,S1a.mean_matched_p_net_benefit_vosl,0.40685,0.41105
R70,S1a.mean_matched_breakeven_delta_delay_veh_hours_vosl,0.12739817827330066,0.11332794308246653
R70,S1a.mean_matched_net_social_cost_nzd_mean_vosl_plan,118.28247682596366,118.57811659940684
R70,S1a.mean_matched_net_social_cost_nzd_median_vosl_plan,67.48007039719792,65.65545287087423
R70,S1a.mean_matched_p_net_benefit_vosl_plan,0.41555,0.4185
R70,S1a.mean_matched_safety_cost_nzd_mean_serious_injury,1.3537511426211881,1.3693632877771744
R70,S1a.mean_matched_net_social_cost_nzd_mean_serious_injury,230.14900514001727,230.1646172851732
R70,S1a.mean_matched_breakeven_delta_delay_veh_hours_mean_serious_injury,-0.02806865317481211,-0.028392355127040726
R70,S1a.mean_matched_safety_cost_nzd_median_serious_injury,-0.3244742218059091,-0.2886383199425556
R70,S1a.mean_matched_net_social_cost_nzd_median_serious_injury,122.74843536716706,121.90371671025139
R70,S1a.mean_matched_sum_of_medians_nzd_serious_injury,121.91952155848055,121.95535746034392
R70,S1a.mean_matched_p_net_benefit_serious_injury,0.4244,0.42455
R70,S1a.mean_matched_breakeven_delta_delay_veh_hours_serious_injury,0.006727642998256462,0.005984622018298892
R70,S1a.mean_matched_net_social_cost_nzd_mean_serious_injury_plan,94.00088592531132,94.0164980704673
R70,S1a.mean_matched_net_social_cost_nzd_median_serious_injury_plan,51.32434837851291,50.828086660203056
R70,S1a.mean_matched_p_net_benefit_serious_injury_plan,0.4198,0.4215
R70,S1a.mean_matched_queue_tail_at_record_ceiling_dh_median,-2.024489462406491e-06,-1.858159624534051e-06
R70,S1a.mean_matched_queue_tail_at_record_ceiling_dh_mean,-3.317229543061541e-07,-3.080717724307016e-07
R70,S1a.mean_matched_queue_tail_at_record_ceiling_p_dh_neg,0.60625,0.59765
R70,S1a.mean_matched_queue_tail_at_record_ceiling_safety_cost_nzd_mean_vosl,-4.146536928826924,-3.850897155383769
R70,S1a.mean_matched_queue_tail_at_record_ceiling_net_social_cost_nzd_mean_vosl,224.64871706856914,224.9443568420123
R70,S1a.mean_matched_queue_tail_at_record_ceiling_breakeven_delta_delay_veh_hours_mean_vosl,0.08597422618343203,0.07984443614728945
R70,S1a.mean_matched_queue_tail_at_record_ceiling_safety_cost_nzd_median_vosl,-25.306118280081137,-23.22699530667564
R70,S1a.mean_matched_queue_tail_at_record_ceiling_net_social_cost_nzd_median_vosl,127.43376797308149,122.97860882371492
R70,S1a.mean_matched_queue_tail_at_record_ceiling_sum_of_medians_nzd_vosl,96.93787750020533,99.01700047361084
R70,S1a.mean_matched_queue_tail_at_record_ceiling_p_net_benefit_vosl,0.423,0.4272
R70,S1a.mean_matched_queue_tail_at_record_ceiling_breakeven_delta_delay_veh_hours_vosl,0.5246966261679689,0.4815881257863495
R70,S1a.mean_matched_queue_tail_at_record_ceiling_net_social_cost_nzd_mean_vosl_plan,88.5005978538632,88.79623762730637
R70,S1a.mean_matched_queue_tail_at_record_ceiling_net_social_cost_nzd_median_vosl_plan,44.53810572083239,42.043290219977706
R70,S1a.mean_matched_queue_tail_at_record_ceiling_p_net_benefit_vosl_plan,0.44705,0.4497
R70,S1a.mean_matched_queue_tail_at_record_ceiling_safety_cost_nzd_mean_serious_injury,-0.21897032213749226,-0.20335817698150604
R70,S1a.mean_matched_queue_tail_at_record_ceiling_net_social_cost_nzd_mean_serious_injury,228.5762836752585,228.59189582041455
R70,S1a.mean_matched_queue_tail_at_record_ceiling_breakeven_delta_delay_veh_hours_mean_serious_injury,0.004540126936294678,0.004216424984066061
R70,S1a.mean_matched_queue_tail_at_record_ceiling_safety_cost_nzd_median_serious_injury,-1.3363654941345247,-1.2265711681549272
R70,S1a.mean_matched_queue_tail_at_record_ceiling_net_social_cost_nzd_median_serious_injury,121.06226983433064,119.82313539144567
R70,S1a.mean_matched_queue_tail_at_record_ceiling_sum_of_medians_nzd_serious_injury,120.90763028615194,121.01742461213153
R70,S1a.mean_matched_queue_tail_at_record_ceiling_p_net_benefit_serious_injury,0.4254,0.4256
R70,S1a.mean_matched_queue_tail_at_record_ceiling_breakeven_delta_delay_veh_hours_serious_injury,0.0277081794346781,0.02543170574652555
R70,S1a.mean_matched_queue_tail_at_record_ceiling_net_social_cost_nzd_mean_serious_injury_plan,92.42816446055265,92.44377660570863
R70,S1a.mean_matched_queue_tail_at_record_ceiling_net_social_cost_nzd_median_serious_injury_plan,49.59172461531128,48.95252153812952
R70,S1a.mean_matched_queue_tail_at_record_ceiling_p_net_benefit_serious_injury_plan,0.4223,0.4241
R70,S1a.mean_matched_queue_tail_median_scaled_hybrid_dh_median,-2.9229696859111235e-06,-2.7935557155721278e-06
R70,S1a.mean_matched_queue_tail_median_scaled_hybrid_dh_mean,-2.3704843199049835e-06,-2.3468331380295312e-06
R70,S1a.mean_matched_queue_tail_median_scaled_hybrid_p_dh_neg,0.62705,0.619
R70,S1a.mean_matched_queue_tail_median_scaled_hybrid_safety_cost_nzd_mean_vosl,-29.631053998812295,-29.33541422536914
R70,S1a.mean_matched_queue_tail_median_scaled_hybrid_net_social_cost_nzd_mean_vosl,199.16419999858377,199.4598397720269
R70,S1a.mean_matched_queue_tail_median_scaled_hybrid_breakeven_delta_delay_veh_hours_mean_vosl,0.6143697698281629,0.6082399797920204
R70,S1a.mean_matched_queue_tail_median_scaled_hybrid_safety_cost_nzd_median_vosl,-36.53712107388905,-34.9194464446516
R70,S1a.mean_matched_queue_tail_median_scaled_hybrid_net_social_cost_nzd_median_vosl,109.36204719224658,104.08360231898571
R70,S1a.mean_matched_queue_tail_median_scaled_hybrid_sum_of_medians_nzd_vosl,85.70687470639743,87.32454933563487
R70,S1a.mean_matched_queue_tail_median_scaled_hybrid_p_net_benefit_vosl,0.43465,0.4389
R70,S1a.mean_matched_queue_tail_median_scaled_hybrid_breakeven_delta_delay_veh_hours_vosl,0.7575600471467769,0.724019208887655
R70,S1a.mean_matched_queue_tail_median_scaled_hybrid_net_social_cost_nzd_mean_vosl_plan,63.01608078387785,63.311720557321
R70,S1a.mean_matched_queue_tail_median_scaled_hybrid_net_social_cost_nzd_median_vosl_plan,27.46393546039475,26.996697092748754
R70,S1a.mean_matched_queue_tail_median_scaled_hybrid_p_net_benefit_vosl_plan,0.46725,0.46855
R70,S1a.mean_matched_queue_tail_median_scaled_hybrid_safety_cost_nzd_mean_serious_injury,-1.5647566995692797,-1.5491445544132938
R70,S1a.mean_matched_queue_tail_median_scaled_hybrid_net_social_cost_nzd_mean_serious_injury,227.2304972978268,227.24610944298277
R70,S1a.mean_matched_queue_tail_median_scaled_hybrid_breakeven_delta_delay_veh_hours_mean_serious_injury,0.03244363880508563,0.03211993685285701
R70,S1a.mean_matched_queue_tail_median_scaled_hybrid_safety_cost_nzd_median_serious_injury,-1.9294522896699329,-1.8440261278491614
R70,S1a.mean_matched_queue_tail_median_scaled_hybrid_net_social_cost_nzd_median_serious_injury,119.64914553730472,118.06863920886269
R70,S1a.mean_matched_queue_tail_median_scaled_hybrid_sum_of_medians_nzd_serious_injury,120.31454349061653,120.3999696524373
R70,S1a.mean_matched_queue_tail_median_scaled_hybrid_p_net_benefit_serious_injury,0.42595,0.42605
R70,S1a.mean_matched_queue_tail_median_scaled_hybrid_breakeven_delta_delay_veh_hours_serious_injury,0.04000523096972699,0.038234006382939285
R70,S1a.mean_matched_queue_tail_median_scaled_hybrid_net_social_cost_nzd_mean_serious_injury_plan,91.08237808312086,91.09799022827684
R70,S1a.mean_matched_queue_tail_median_scaled_hybrid_net_social_cost_nzd_median_serious_injury_plan,48.408199477109335,47.492671323391605
R70,S1a.mean_matched_queue_tail_median_scaled_hybrid_p_net_benefit_serious_injury_plan,0.42445,0.4257
R70,S1b.primary_dh_median,4.6506330102787953e-07,4.3251011301288087e-07
R70,S1b.primary_dh_mean,9.81080288717477e-06,9.992309572006835e-06
R70,S1b.primary_p_dh_neg,0.4825,0.48465
R70,S1b.primary_safety_cost_nzd_mean_vosl,122.6350360896846,124.90386965008545
R70,S1b.primary_net_social_cost_nzd_mean_vosl,327.5921219813286,329.8609555417294
R70,S1b.primary_breakeven_delta_delay_veh_hours_mean_vosl,-2.542712753259064,-2.5897547097260096
R70,S1b.primary_safety_cost_nzd_median_vosl,5.8132912628484945,5.406376412661011
R70,S1b.primary_net_social_cost_nzd_median_vosl,196.2382290867327,184.8729471826516
R70,S1b.primary_sum_of_medians_nzd_vosl,102.62699942418776,102.22008457400028
R70,S1b.primary_p_net_benefit_vosl,0.39705,0.4021
R70,S1b.primary_breakeven_delta_delay_veh_hours_vosl,-0.12053268220710128,-0.11209571662162578
R70,S1b.primary_net_social_cost_nzd_mean_vosl_plan,205.62926970908762,207.89810326948847
R70,S1b.primary_net_social_cost_nzd_median_vosl_plan,92.20570386259288,89.2938113094083
R70,S1b.primary_p_net_benefit_vosl_plan,0.40605,0.4118
R70,S1b.primary_safety_cost_nzd_mean_serious_injury,6.476110985824064,6.5959235484817125
R70,S1b.primary_net_social_cost_nzd_mean_serious_injury,211.43319687746805,211.55300944012572
R70,S1b.primary_breakeven_delta_delay_veh_hours_mean_serious_injury,-0.13427557507410465,-0.13675976671121112
R70,S1b.primary_safety_cost_nzd_median_serious_injury,0.3069882850085033,0.28549992559980264
R70,S1b.primary_net_social_cost_nzd_median_serious_injury,104.04863133404217,103.21262638360722
R70,S1b.primary_sum_of_medians_nzd_serious_injury,97.12069644634776,97.09920808693907
R70,S1b.primary_p_net_benefit_serious_injury,0.4331,0.43425
R70,S1b.primary_breakeven_delta_delay_veh_hours_serious_injury,-0.006365089881992604,-0.005919550603354813
R70,S1b.primary_net_social_cost_nzd_mean_serious_injury_plan,89.4703446052271,89.59015716788473
R70,S1b.primary_net_social_cost_nzd_median_serious_injury_plan,47.41890431185574,46.108075912061366
R70,S1b.primary_p_net_benefit_serious_injury_plan,0.42355,0.4257
R70,S1b.queue_tail_at_record_ceiling_dh_median,5.893015861606985e-07,5.715960651039966e-07
R70,S1b.queue_tail_at_record_ceiling_dh_mean,9.81978238336464e-06,1.0001289068196708e-05
R70,S1b.queue_tail_at_record_ceiling_p_dh_neg,0.4826,0.48415
R70,S1b.queue_tail_at_record_ceiling_safety_cost_nzd_mean_vosl,122.74727979205801,125.01611335245883
R70,S1b.queue_tail_at_record_ceiling_net_social_cost_nzd_mean_vosl,327.704365683702,329.97319924410283
R70,S1b.queue_tail_at_record_ceiling_breakeven_delta_delay_veh_hours_mean_vosl,-2.5450400122757206,-2.5920819687426673
R70,S1b.queue_tail_at_record_ceiling_safety_cost_nzd_median_vosl,7.366269827008733,7.144950813799957
R70,S1b.queue_tail_at_record_ceiling_net_social_cost_nzd_median_vosl,198.582720560622,186.53335690110902
R70,S1b.queue_tail_at_record_ceiling_sum_of_medians_nzd_vosl,104.179977988348,103.95865897513922
R70,S1b.queue_tail_at_record_ceiling_p_net_benefit_vosl,0.397,0.40075
R70,S1b.queue_tail_at_record_ceiling_breakeven_delta_delay_veh_hours_vosl,-0.1527321133528661,-0.1481432886958316
R70,S1b.queue_tail_at_record_ceiling_net_social_cost_nzd_mean_vosl_plan,205.741513411461,208.01034697186182
R70,S1b.queue_tail_at_record_ceiling_net_social_cost_nzd_median_vosl_plan,93.99619788199088,89.10646201754608
R70,S1b.queue_tail_at_record_ceiling_p_net_benefit_vosl_plan,0.4079,0.4115
R70,S1b.queue_tail_at_record_ceiling_safety_cost_nzd_mean_serious_injury,6.482038351258999,6.601850913916646
R70,S1b.queue_tail_at_record_ceiling_net_social_cost_nzd_mean_serious_injury,211.43912424290298,211.55893680556062
R70,S1b.queue_tail_at_record_ceiling_breakeven_delta_delay_veh_hours_mean_serious_injury,-0.13439847296825627,-0.1368826646053628
R70,S1b.queue_tail_at_record_ceiling_safety_cost_nzd_median_serious_injury,0.3889979770246771,0.37731056257514817
R70,S1b.queue_tail_at_record_ceiling_net_social_cost_nzd_median_serious_injury,103.92421183427578,103.22483720935439
R70,S1b.queue_tail_at_record_ceiling_sum_of_medians_nzd_serious_injury,97.20270613836394,97.19101872391441
R70,S1b.queue_tail_at_record_ceiling_p_net_benefit_serious_injury,0.4333,0.43395
R70,S1b.queue_tail_at_record_ceiling_breakeven_delta_delay_veh_hours_serious_injury,-0.008065477441938152,-0.007823150789449474
R70,S1b.queue_tail_at_record_ceiling_net_social_cost_nzd_mean_serious_injury_plan,89.47627197066203,89.59608453331967
R70,S1b.queue_tail_at_record_ceiling_net_social_cost_nzd_median_serious_injury_plan,47.37376004032345,45.96947202660329
R70,S1b.queue_tail_at_record_ceiling_p_net_benefit_serious_injury_plan,0.4237,0.42655
R70,S1b.queue_tail_at_elicited_level_dh_median,2.1041501667293106e-06,2.519612917072802e-06
R70,S1b.queue_tail_at_elicited_level_dh_mean,1.0013623828030513e-05,1.019513051286258e-05
R70,S1b.queue_tail_at_elicited_level_p_dh_neg,0.4803,0.4773
R70,S1b.queue_tail_at_elicited_level_safety_cost_nzd_mean_vosl,125.1702978503814,127.43913141078225
R70,S1b.queue_tail_at_elicited_level_net_social_cost_nzd_mean_vosl,330.1273837420254,332.39621730242624
R70,S1b.queue_tail_at_elicited_level_breakeven_delta_delay_veh_hours_mean_vosl,-2.59527882750117,-2.6423207839681164
R70,S1b.queue_tail_at_elicited_level_safety_cost_nzd_median_vosl,26.301877084116384,31.495161463410028
R70,S1b.queue_tail_at_elicited_level_net_social_cost_nzd_median_vosl,239.3451639535961,238.75592967919098
R70,S1b.queue_tail_at_elicited_level_sum_of_medians_nzd_vosl,123.11558524545565,128.3088696247493
R70,S1b.queue_tail_at_elicited_level_p_net_benefit_vosl,0.41185,0.4124
R70,S1b.queue_tail_at_elicited_level_breakeven_delta_delay_veh_hours_vosl,-0.5453426722810778,-0.6530201423058268
R70,S1b.queue_tail_at_elicited_level_net_social_cost_nzd_mean_vosl_plan,208.1645314697844,210.43336503018523
R70,S1b.queue_tail_at_elicited_level_net_social_cost_nzd_median_vosl_plan,117.83402272659288,120.43674300394102
R70,S1b.queue_tail_at_elicited_level_p_net_benefit_vosl_plan,0.43435,0.4348
R70,S1b.queue_tail_at_elicited_level_safety_cost_nzd_mean_serious_injury,6.609993088882942,6.72980565154059
R70,S1b.queue_tail_at_elicited_level_net_social_cost_nzd_mean_serious_injury,211.56707898052693,211.6868915431846
R70,S1b.queue_tail_at_elicited_level_breakeven_delta_delay_veh_hours_mean_serious_injury,-0.1370514843226818,-0.1395356759597883
R70,S1b.queue_tail_at_elicited_level_safety_cost_nzd_median_serious_injury,1.388949525058018,1.6631964865597566
R70,S1b.queue_tail_at_elicited_level_net_social_cost_nzd_median_serious_injury,109.27056428960466,109.24500071344664
R70,S1b.queue_tail_at_elicited_level_sum_of_medians_nzd_serious_injury,98.20265768639729,98.47690464789902
R70,S1b.queue_tail_at_elicited_level_p_net_benefit_serious_injury,0.43195,0.43335
R70,S1b.queue_tail_at_elicited_level_breakeven_delta_delay_veh_hours_serious_injury,-0.02879845583781916,-0.034484687674886105
R70,S1b.queue_tail_at_elicited_level_net_social_cost_nzd_mean_serious_injury_plan,89.60422670828595,89.7240392709436
R70,S1b.queue_tail_at_elicited_level_net_social_cost_nzd_median_serious_injury_plan,51.466264769975766,50.72677708813306
R70,S1b.queue_tail_at_elicited_level_p_net_benefit_serious_injury_plan,0.42205,0.42465
R70,S1b.mean_matched_dh_median,-1.0638618528041695e-06,-1.0408566177490648e-06
R70,S1b.mean_matched_dh_mean,-1.4158821655101068e-06,-1.3432194570083336e-06
R70,S1b.mean_matched_p_dh_neg,0.5853,0.5844
R70,S1b.mean_matched_safety_cost_nzd_mean_vosl,-17.69852706887633,-16.790243212604167
R70,S1b.mean_matched_net_social_cost_nzd_mean_vosl,187.25855882276767,188.1668426790398
R70,S1b.mean_matched_breakeven_delta_delay_veh_hours_mean_vosl,0.3669609593380953,0.3481286173046687
R70,S1b.mean_matched_safety_cost_nzd_median_vosl,-13.29827316005212,-13.010707721863309
R70,S1b.mean_matched_net_social_cost_nzd_median_vosl,95.93436165682466,92.58773804949291
R70,S1b.mean_matched_sum_of_medians_nzd_vosl,83.51543500128714,83.80300043947595
R70,S1b.mean_matched_p_net_benefit_vosl,0.44085,0.44395
R70,S1b.mean_matched_breakeven_delta_delay_veh_hours_vosl,0.2757261696050616,0.2697637926988039
R70,S1b.mean_matched_net_social_cost_nzd_mean_vosl_plan,65.29570655052669,66.20399040679885
R70,S1b.mean_matched_net_social_cost_nzd_median_vosl_plan,33.498217326786644,30.21312828845737
R70,S1b.mean_matched_p_net_benefit_vosl_plan,0.4549,0.4571
R70,S1b.mean_matched_safety_cost_nzd_mean_serious_injury,-0.9346238174532213,-0.8866591635712011
R70,S1b.mean_matched_net_social_cost_nzd_mean_serious_injury,204.02246207419074,204.0704267280728
R70,S1b.mean_matched_breakeven_delta_delay_veh_hours_mean_serious_injury,0.019378474340726138,0.018383976022624943
R70,S1b.mean_matched_safety_cost_nzd_median_serious_injury,-0.7022552090360323,-0.6870694533761577
R70,S1b.mean_matched_net_social_cost_nzd_median_serious_injury,96.33189152572857,95.70542512652756
R70,S1b.mean_matched_sum_of_medians_nzd_serious_injury,96.11145295230322,96.12663870796311
R70,S1b.mean_matched_p_net_benefit_serious_injury,0.43995,0.43985
R70,S1b.mean_matched_breakeven_delta_delay_veh_hours_serious_injury,0.01456054756450409,0.014245686364838434
R70,S1b.mean_matched_net_social_cost_nzd_mean_serious_injury_plan,82.05960980194979,82.10757445583182
R70,S1b.mean_matched_net_social_cost_nzd_median_serious_injury_plan,38.30450604039892,38.15130165953026
R70,S1b.mean_matched_p_net_benefit_serious_injury_plan,0.4397,0.43975
R70,S1b.mean_matched_queue_tail_at_record_ceiling_dh_median,-1.3300970489746442e-06,-1.2633468571006863e-06
R70,S1b.mean_matched_queue_tail_at_record_ceiling_dh_mean,-1.4110433070371659e-06,-1.338380598535393e-06
R70,S1b.mean_matched_queue_tail_at_record_ceiling_p_dh_neg,0.58135,0.57805
R70,S1b.mean_matched_queue_tail_at_record_ceiling_safety_cost_nzd_mean_vosl,-17.638041337964573,-16.72975748169241
R70,S1b.mean_matched_queue_tail_at_record_ceiling_net_social_cost_nzd_mean_vosl,187.31904455367942,188.22732840995158
R70,S1b.mean_matched_queue_tail_at_record_ceiling_breakeven_delta_delay_veh_hours_mean_vosl,0.3657068492217411,0.34687450718831453
R70,S1b.mean_matched_queue_tail_at_record_ceiling_safety_cost_nzd_median_vosl,-16.626213112183052,-15.79183571375858
R70,S1b.mean_matched_queue_tail_at_record_ceiling_net_social_cost_nzd_median_vosl,98.5222909234206,94.44735682878692
R70,S1b.mean_matched_queue_tail_at_record_ceiling_sum_of_medians_nzd_vosl,80.18749504915621,81.02187244758069
R70,S1b.mean_matched_queue_tail_at_record_ceiling_p_net_benefit_vosl,0.44115,0.44365
R70,S1b.mean_matched_queue_tail_at_record_ceiling_breakeven_delta_delay_veh_hours_vosl,0.34472761999135504,0.3274276531983948
R70,S1b.mean_matched_queue_tail_at_record_ceiling_net_social_cost_nzd_mean_vosl_plan,65.35619228143844,66.2644761377106
R70,S1b.mean_matched_queue_tail_at_record_ceiling_net_social_cost_nzd_median_vosl_plan,34.3288567246117,31.77599678351194
R70,S1b.mean_matched_queue_tail_at_record_ceiling_p_net_benefit_vosl_plan,0.4537,0.45745
R70,S1b.mean_matched_queue_tail_at_record_ceiling_safety_cost_nzd_mean_serious_injury,-0.9314296869752332,-0.8834650330932127
R70,S1b.mean_matched_queue_tail_at_record_ceiling_net_social_cost_nzd_mean_serious_injury,204.02565620466876,204.07362085855078
R70,S1b.mean_matched_queue_tail_at_record_ceiling_breakeven_delta_delay_veh_hours_mean_serious_injury,0.019312247293701706,0.01831774897560052
R70,S1b.mean_matched_queue_tail_at_record_ceiling_safety_cost_nzd_median_serious_injury,-0.8779970620281626,-0.833935260372163
R70,S1b.mean_matched_queue_tail_at_record_ceiling_net_social_cost_nzd_median_serious_injury,96.02131584935384,95.9938159373449
R70,S1b.mean_matched_queue_tail_at_record_ceiling_sum_of_medians_nzd_serious_injury,95.9357110993111,95.9797729009671
R70,S1b.mean_matched_queue_tail_at_record_ceiling_p_net_benefit_serious_injury,0.4399,0.43985
R70,S1b.mean_matched_queue_tail_at_record_ceiling_breakeven_delta_delay_veh_hours_serious_injury,0.018204376156503478,0.017290799510100832
R70,S1b.mean_matched_queue_tail_at_record_ceiling_net_social_cost_nzd_mean_serious_injury_plan,82.06280393242778,82.1107685863098
R70,S1b.mean_matched_queue_tail_at_record_ceiling_net_social_cost_nzd_median_serious_injury_plan,38.51285183709585,38.267545645128024
R70,S1b.mean_matched_queue_tail_at_record_ceiling_p_net_benefit_serious_injury_plan,0.43935,0.43955
R70,S1b.mean_matched_queue_tail_median_scaled_hybrid_dh_median,-1.401372027056042e-06,-1.3711212512653905e-06
R70,S1b.mean_matched_queue_tail_median_scaled_hybrid_dh_mean,-1.4069026693202363e-06,-1.3342399608184633e-06
R70,S1b.mean_matched_queue_tail_median_scaled_hybrid_p_dh_neg,0.57655,0.5735
R70,S1b.mean_matched_queue_tail_median_scaled_hybrid_safety_cost_nzd_mean_vosl,-17.586283366502954,-16.67799951023079
R70,S1b.mean_matched_queue_tail_median_scaled_hybrid_net_social_cost_nzd_mean_vosl,187.37080252514102,188.2790863814132
R70,S1b.mean_matched_queue_tail_median_scaled_hybrid_breakeven_delta_delay_veh_hours_mean_vosl,0.364633700321438,0.34580135828801145
R70,S1b.mean_matched_queue_tail_median_scaled_hybrid_safety_cost_nzd_median_vosl,-17.517150338200523,-17.13901564081738
R70,S1b.mean_matched_queue_tail_median_scaled_hybrid_net_social_cost_nzd_median_vosl,98.788448259093,95.5681046598289
R70,S1b.mean_matched_queue_tail_median_scaled_hybrid_sum_of_medians_nzd_vosl,79.29655782313874,79.67469252052189
R70,S1b.mean_matched_queue_tail_median_scaled_hybrid_p_net_benefit_vosl,0.4402,0.4439
R70,S1b.mean_matched_queue_tail_median_scaled_hybrid_breakeven_delta_delay_veh_hours_vosl,0.3632002972880059,0.3553600589014593
R70,S1b.mean_matched_queue_tail_median_scaled_hybrid_net_social_cost_nzd_mean_vosl_plan,65.40795025290006,66.31623410917223
R70,S1b.mean_matched_queue_tail_median_scaled_hybrid_net_social_cost_nzd_median_vosl_plan,34.862333291670545,33.1000684764995
R70,S1b.mean_matched_queue_tail_median_scaled_hybrid_p_net_benefit_vosl_plan,0.45395,0.4563
R70,S1b.mean_matched_queue_tail_median_scaled_hybrid_safety_cost_nzd_mean_serious_injury,-0.9286964520182881,-0.8807317981362676
R70,S1b.mean_matched_queue_tail_median_scaled_hybrid_net_social_cost_nzd_mean_serious_injury,204.0283894396257,204.07635409350772
R70,S1b.mean_matched_queue_tail_median_scaled_hybrid_breakeven_delta_delay_veh_hours_mean_serious_injury,0.0192555764465745,0.01826107812847331
R70,S1b.mean_matched_queue_tail_median_scaled_hybrid_safety_cost_nzd_median_serious_injury,-0.9250456750596933,-0.9050771379602842
R70,S1b.mean_matched_queue_tail_median_scaled_hybrid_net_social_cost_nzd_median_serious_injury,95.8828033571508,95.53643188059237
R70,S1b.mean_matched_queue_tail_median_scaled_hybrid_sum_of_medians_nzd_serious_injury,95.88866248627957,95.90863102337897
R70,S1b.mean_matched_queue_tail_median_scaled_hybrid_p_net_benefit_serious_injury,0.44,0.43965
R70,S1b.mean_matched_queue_tail_median_scaled_hybrid_breakeven_delta_delay_veh_hours_serious_injury,0.019179881299185016,0.018765853990468262
R70,S1b.mean_matched_queue_tail_median_scaled_hybrid_net_social_cost_nzd_mean_serious_injury_plan,82.06553716738472,82.11350182126674
R70,S1b.mean_matched_queue_tail_median_scaled_hybrid_net_social_cost_nzd_median_serious_injury_plan,38.45393830876861,38.2577661219125
R70,S1b.mean_matched_queue_tail_median_scaled_hybrid_p_net_benefit_serious_injury_plan,0.43945,0.4398
R70,S2.primary_dh_median,-3.6968144387611438e-06,-4.4682969679883e-06
R70,S2.primary_dh_mean,-1.1245302517539576e-05,-1.2311300991707284e-05
R70,S2.primary_p_dh_neg,0.6527,0.6815
R70,S2.primary_safety_cost_nzd_mean_vosl,-140.56628146924473,-153.89126239634106
R70,S2.primary_net_social_cost_nzd_mean_vosl,-140.56628146924473,-153.89126239634106
R70,S2.primary_breakeven_delta_delay_veh_hours_mean_vosl,2.91449889009423,3.190778818087105
R70,S2.primary_safety_cost_nzd_median_vosl,-46.2101804845143,-55.85371209985375
R70,S2.primary_net_social_cost_nzd_median_vosl,-46.2101804845143,-55.85371209985375
R70,S2.primary_sum_of_medians_nzd_vosl,-46.2101804845143,-55.85371209985375
R70,S2.primary_p_net_benefit_vosl,0.6527,0.6815
R70,S2.primary_breakeven_delta_delay_veh_hours_vosl,0.9581210965066204,1.1580699170610358
R70,S2.primary_net_social_cost_nzd_mean_vosl_plan,-140.56628146924473,-153.89126239634106
R70,S2.primary_net_social_cost_nzd_median_vosl_plan,-46.2101804845143,-55.85371209985375
R70,S2.primary_p_net_benefit_vosl_plan,0.6527,0.6815
R70,S2.primary_safety_cost_nzd_mean_serious_injury,-7.423024191827874,-8.126689784625977
R70,S2.primary_net_social_cost_nzd_mean_serious_injury,-7.423024191827874,-8.126689784625977
R70,S2.primary_breakeven_delta_delay_veh_hours_mean_serious_injury,0.1539088573880961,0.16849864782554386
R70,S2.primary_safety_cost_nzd_median_serious_injury,-2.440267211026231,-2.9495228285690773
R70,S2.primary_net_social_cost_nzd_median_serious_injury,-2.440267211026231,-2.9495228285690773
R70,S2.primary_sum_of_medians_nzd_serious_injury,-2.440267211026231,-2.949522828569077
R70,S2.primary_p_net_benefit_serious_injury,0.6527,0.6815
R70,S2.primary_breakeven_delta_delay_veh_hours_serious_injury,0.05059645886432161,0.06115535618015917
R70,S2.primary_net_social_cost_nzd_mean_serious_injury_plan,-7.423024191827874,-8.126689784625977
R70,S2.primary_net_social_cost_nzd_median_serious_injury_plan,-2.440267211026231,-2.9495228285690773
R70,S2.primary_p_net_benefit_serious_injury_plan,0.6527,0.6815
R70,S2.queue_tail_at_record_ceiling_dh_median,-3.6968144387611438e-06,-4.4682969679883e-06
R70,S2.queue_tail_at_record_ceiling_dh_mean,-1.1245302517539576e-05,-1.2311300991707284e-05
R70,S2.queue_tail_at_record_ceiling_p_dh_neg,0.6527,0.6815
R70,S2.queue_tail_at_record_ceiling_safety_cost_nzd_mean_vosl,-140.56628146924473,-153.89126239634106
R70,S2.queue_tail_at_record_ceiling_net_social_cost_nzd_mean_vosl,-140.56628146924473,-153.89126239634106
R70,S2.queue_tail_at_record_ceiling_breakeven_delta_delay_veh_hours_mean_vosl,2.91449889009423,3.190778818087105
R70,S2.queue_tail_at_record_ceiling_safety_cost_nzd_median_vosl,-46.2101804845143,-55.85371209985375
R70,S2.queue_tail_at_record_ceiling_net_social_cost_nzd_median_vosl,-46.2101804845143,-55.85371209985375
R70,S2.queue_tail_at_record_ceiling_sum_of_medians_nzd_vosl,-46.2101804845143,-55.85371209985375
R70,S2.queue_tail_at_record_ceiling_p_net_benefit_vosl,0.6527,0.6815
R70,S2.queue_tail_at_record_ceiling_breakeven_delta_delay_veh_hours_vosl,0.9581210965066204,1.1580699170610358
R70,S2.queue_tail_at_record_ceiling_net_social_cost_nzd_mean_vosl_plan,-140.56628146924473,-153.89126239634106
R70,S2.queue_tail_at_record_ceiling_net_social_cost_nzd_median_vosl_plan,-46.2101804845143,-55.85371209985375
R70,S2.queue_tail_at_record_ceiling_p_net_benefit_vosl_plan,0.6527,0.6815
R70,S2.queue_tail_at_record_ceiling_safety_cost_nzd_mean_serious_injury,-7.423024191827874,-8.126689784625977
R70,S2.queue_tail_at_record_ceiling_net_social_cost_nzd_mean_serious_injury,-7.423024191827874,-8.126689784625977
R70,S2.queue_tail_at_record_ceiling_breakeven_delta_delay_veh_hours_mean_serious_injury,0.1539088573880961,0.16849864782554386
R70,S2.queue_tail_at_record_ceiling_safety_cost_nzd_median_serious_injury,-2.440267211026231,-2.9495228285690773
R70,S2.queue_tail_at_record_ceiling_net_social_cost_nzd_median_serious_injury,-2.440267211026231,-2.9495228285690773
R70,S2.queue_tail_at_record_ceiling_sum_of_medians_nzd_serious_injury,-2.440267211026231,-2.949522828569077
R70,S2.queue_tail_at_record_ceiling_p_net_benefit_serious_injury,0.6527,0.6815
R70,S2.queue_tail_at_record_ceiling_breakeven_delta_delay_veh_hours_serious_injury,0.05059645886432161,0.06115535618015917
R70,S2.queue_tail_at_record_ceiling_net_social_cost_nzd_mean_serious_injury_plan,-7.423024191827874,-8.126689784625977
R70,S2.queue_tail_at_record_ceiling_net_social_cost_nzd_median_serious_injury_plan,-2.440267211026231,-2.9495228285690773
R70,S2.queue_tail_at_record_ceiling_p_net_benefit_serious_injury_plan,0.6527,0.6815
R70,S2.queue_tail_at_elicited_level_dh_median,-3.6968144387611438e-06,-4.4682969679883e-06
R70,S2.queue_tail_at_elicited_level_dh_mean,-1.1245302517539576e-05,-1.2311300991707284e-05
R70,S2.queue_tail_at_elicited_level_p_dh_neg,0.6527,0.6815
R70,S2.queue_tail_at_elicited_level_safety_cost_nzd_mean_vosl,-140.56628146924473,-153.89126239634106
R70,S2.queue_tail_at_elicited_level_net_social_cost_nzd_mean_vosl,-140.56628146924473,-153.89126239634106
R70,S2.queue_tail_at_elicited_level_breakeven_delta_delay_veh_hours_mean_vosl,2.91449889009423,3.190778818087105
R70,S2.queue_tail_at_elicited_level_safety_cost_nzd_median_vosl,-46.2101804845143,-55.85371209985375
R70,S2.queue_tail_at_elicited_level_net_social_cost_nzd_median_vosl,-46.2101804845143,-55.85371209985375
R70,S2.queue_tail_at_elicited_level_sum_of_medians_nzd_vosl,-46.2101804845143,-55.85371209985375
R70,S2.queue_tail_at_elicited_level_p_net_benefit_vosl,0.6527,0.6815
R70,S2.queue_tail_at_elicited_level_breakeven_delta_delay_veh_hours_vosl,0.9581210965066204,1.1580699170610358
R70,S2.queue_tail_at_elicited_level_net_social_cost_nzd_mean_vosl_plan,-140.56628146924473,-153.89126239634106
R70,S2.queue_tail_at_elicited_level_net_social_cost_nzd_median_vosl_plan,-46.2101804845143,-55.85371209985375
R70,S2.queue_tail_at_elicited_level_p_net_benefit_vosl_plan,0.6527,0.6815
R70,S2.queue_tail_at_elicited_level_safety_cost_nzd_mean_serious_injury,-7.423024191827874,-8.126689784625977
R70,S2.queue_tail_at_elicited_level_net_social_cost_nzd_mean_serious_injury,-7.423024191827874,-8.126689784625977
R70,S2.queue_tail_at_elicited_level_breakeven_delta_delay_veh_hours_mean_serious_injury,0.1539088573880961,0.16849864782554386
R70,S2.queue_tail_at_elicited_level_safety_cost_nzd_median_serious_injury,-2.440267211026231,-2.9495228285690773
R70,S2.queue_tail_at_elicited_level_net_social_cost_nzd_median_serious_injury,-2.440267211026231,-2.9495228285690773
R70,S2.queue_tail_at_elicited_level_sum_of_medians_nzd_serious_injury,-2.440267211026231,-2.949522828569077
R70,S2.queue_tail_at_elicited_level_p_net_benefit_serious_injury,0.6527,0.6815
R70,S2.queue_tail_at_elicited_level_breakeven_delta_delay_veh_hours_serious_injury,0.05059645886432161,0.06115535618015917
R70,S2.queue_tail_at_elicited_level_net_social_cost_nzd_mean_serious_injury_plan,-7.423024191827874,-8.126689784625977
R70,S2.queue_tail_at_elicited_level_net_social_cost_nzd_median_serious_injury_plan,-2.440267211026231,-2.9495228285690773
R70,S2.queue_tail_at_elicited_level_p_net_benefit_serious_injury_plan,0.6527,0.6815
R70,S2.mean_matched_dh_median,-1.5939326548505077e-06,-1.8320403524403329e-06
R70,S2.mean_matched_dh_mean,-5.701806791109452e-06,-6.019449006679121e-06
R70,S2.mean_matched_p_dh_neg,0.62945,0.6487
R70,S2.mean_matched_safety_cost_nzd_mean_vosl,-71.27258488886814,-75.24311258348901
R70,S2.mean_matched_net_social_cost_nzd_mean_vosl,-71.27258488886814,-75.24311258348901
R70,S2.mean_matched_breakeven_delta_delay_veh_hours_mean_vosl,1.4777645633188505,1.5600894170327393
R70,S2.mean_matched_safety_cost_nzd_median_vosl,-19.924158185631345,-22.900504405504165
R70,S2.mean_matched_net_social_cost_nzd_median_vosl,-19.924158185631345,-22.900504405504165
R70,S2.mean_matched_sum_of_medians_nzd_vosl,-19.924158185631345,-22.90050440550416
R70,S2.mean_matched_p_net_benefit_vosl,0.62945,0.6487
R70,S2.mean_matched_breakeven_delta_delay_veh_hours_vosl,0.41310715707301154,0.47481866899241476
R70,S2.mean_matched_net_social_cost_nzd_mean_vosl_plan,-71.27258488886814,-75.24311258348901
R70,S2.mean_matched_net_social_cost_nzd_median_vosl_plan,-19.924158185631345,-22.900504405504165
R70,S2.mean_matched_p_net_benefit_vosl_plan,0.62945,0.6487
R70,S2.mean_matched_safety_cost_nzd_mean_serious_injury,-3.7637626628113487,-3.9734382893088878
R70,S2.mean_matched_net_social_cost_nzd_mean_serious_injury,-3.7637626628113487,-3.9734382893088878
R70,S2.mean_matched_breakeven_delta_delay_veh_hours_mean_serious_injury,0.07803779105974185,0.08238520193466489
R70,S2.mean_matched_safety_cost_nzd_median_serious_injury,-1.0521549454668202,-1.2093298366458638
R70,S2.mean_matched_net_social_cost_nzd_median_serious_injury,-1.0521549454668202,-1.2093298366458638
R70,S2.mean_matched_sum_of_medians_nzd_serious_injury,-1.0521549454668202,-1.2093298366458638
R70,S2.mean_matched_p_net_benefit_serious_injury,0.62945,0.6487
R70,S2.mean_matched_breakeven_delta_delay_veh_hours_serious_injury,0.021815362750711595,0.02507422427215144
R70,S2.mean_matched_net_social_cost_nzd_mean_serious_injury_plan,-3.7637626628113487,-3.9734382893088878
R70,S2.mean_matched_net_social_cost_nzd_median_serious_injury_plan,-1.0521549454668202,-1.2093298366458638
R70,S2.mean_matched_p_net_benefit_serious_injury_plan,0.62945,0.6487
R70,S2.mean_matched_queue_tail_at_record_ceiling_dh_median,-1.5939326548505077e-06,-1.8320403524403329e-06
R70,S2.mean_matched_queue_tail_at_record_ceiling_dh_mean,-5.701806791109452e-06,-6.019449006679121e-06
R70,S2.mean_matched_queue_tail_at_record_ceiling_p_dh_neg,0.62945,0.6487
R70,S2.mean_matched_queue_tail_at_record_ceiling_safety_cost_nzd_mean_vosl,-71.27258488886814,-75.24311258348901
R70,S2.mean_matched_queue_tail_at_record_ceiling_net_social_cost_nzd_mean_vosl,-71.27258488886814,-75.24311258348901
R70,S2.mean_matched_queue_tail_at_record_ceiling_breakeven_delta_delay_veh_hours_mean_vosl,1.4777645633188505,1.5600894170327393
R70,S2.mean_matched_queue_tail_at_record_ceiling_safety_cost_nzd_median_vosl,-19.924158185631345,-22.900504405504165
R70,S2.mean_matched_queue_tail_at_record_ceiling_net_social_cost_nzd_median_vosl,-19.924158185631345,-22.900504405504165
R70,S2.mean_matched_queue_tail_at_record_ceiling_sum_of_medians_nzd_vosl,-19.924158185631345,-22.90050440550416
R70,S2.mean_matched_queue_tail_at_record_ceiling_p_net_benefit_vosl,0.62945,0.6487
R70,S2.mean_matched_queue_tail_at_record_ceiling_breakeven_delta_delay_veh_hours_vosl,0.41310715707301154,0.47481866899241476
R70,S2.mean_matched_queue_tail_at_record_ceiling_net_social_cost_nzd_mean_vosl_plan,-71.27258488886814,-75.24311258348901
R70,S2.mean_matched_queue_tail_at_record_ceiling_net_social_cost_nzd_median_vosl_plan,-19.924158185631345,-22.900504405504165
R70,S2.mean_matched_queue_tail_at_record_ceiling_p_net_benefit_vosl_plan,0.62945,0.6487
R70,S2.mean_matched_queue_tail_at_record_ceiling_safety_cost_nzd_mean_serious_injury,-3.7637626628113487,-3.9734382893088878
R70,S2.mean_matched_queue_tail_at_record_ceiling_net_social_cost_nzd_mean_serious_injury,-3.7637626628113487,-3.9734382893088878
R70,S2.mean_matched_queue_tail_at_record_ceiling_breakeven_delta_delay_veh_hours_mean_serious_injury,0.07803779105974185,0.08238520193466489
R70,S2.mean_matched_queue_tail_at_record_ceiling_safety_cost_nzd_median_serious_injury,-1.0521549454668202,-1.2093298366458638
R70,S2.mean_matched_queue_tail_at_record_ceiling_net_social_cost_nzd_median_serious_injury,-1.0521549454668202,-1.2093298366458638
R70,S2.mean_matched_queue_tail_at_record_ceiling_sum_of_medians_nzd_serious_injury,-1.0521549454668202,-1.2093298366458638
R70,S2.mean_matched_queue_tail_at_record_ceiling_p_net_benefit_serious_injury,0.62945,0.6487
R70,S2.mean_matched_queue_tail_at_record_ceiling_breakeven_delta_delay_veh_hours_serious_injury,0.021815362750711595,0.02507422427215144
R70,S2.mean_matched_queue_tail_at_record_ceiling_net_social_cost_nzd_mean_serious_injury_plan,-3.7637626628113487,-3.9734382893088878
R70,S2.mean_matched_queue_tail_at_record_ceiling_net_social_cost_nzd_median_serious_injury_plan,-1.0521549454668202,-1.2093298366458638
R70,S2.mean_matched_queue_tail_at_record_ceiling_p_net_benefit_serious_injury_plan,0.62945,0.6487
R70,S2.mean_matched_queue_tail_median_scaled_hybrid_dh_median,-1.5939326548505077e-06,-1.8320403524403329e-06
R70,S2.mean_matched_queue_tail_median_scaled_hybrid_dh_mean,-5.701806791109452e-06,-6.019449006679121e-06
R70,S2.mean_matched_queue_tail_median_scaled_hybrid_p_dh_neg,0.62945,0.6487
R70,S2.mean_matched_queue_tail_median_scaled_hybrid_safety_cost_nzd_mean_vosl,-71.27258488886814,-75.24311258348901
R70,S2.mean_matched_queue_tail_median_scaled_hybrid_net_social_cost_nzd_mean_vosl,-71.27258488886814,-75.24311258348901
R70,S2.mean_matched_queue_tail_median_scaled_hybrid_breakeven_delta_delay_veh_hours_mean_vosl,1.4777645633188505,1.5600894170327393
R70,S2.mean_matched_queue_tail_median_scaled_hybrid_safety_cost_nzd_median_vosl,-19.924158185631345,-22.900504405504165
R70,S2.mean_matched_queue_tail_median_scaled_hybrid_net_social_cost_nzd_median_vosl,-19.924158185631345,-22.900504405504165
R70,S2.mean_matched_queue_tail_median_scaled_hybrid_sum_of_medians_nzd_vosl,-19.924158185631345,-22.90050440550416
R70,S2.mean_matched_queue_tail_median_scaled_hybrid_p_net_benefit_vosl,0.62945,0.6487
R70,S2.mean_matched_queue_tail_median_scaled_hybrid_breakeven_delta_delay_veh_hours_vosl,0.41310715707301154,0.47481866899241476
R70,S2.mean_matched_queue_tail_median_scaled_hybrid_net_social_cost_nzd_mean_vosl_plan,-71.27258488886814,-75.24311258348901
R70,S2.mean_matched_queue_tail_median_scaled_hybrid_net_social_cost_nzd_median_vosl_plan,-19.924158185631345,-22.900504405504165
R70,S2.mean_matched_queue_tail_median_scaled_hybrid_p_net_benefit_vosl_plan,0.62945,0.6487
R70,S2.mean_matched_queue_tail_median_scaled_hybrid_safety_cost_nzd_mean_serious_injury,-3.7637626628113487,-3.9734382893088878
R70,S2.mean_matched_queue_tail_median_scaled_hybrid_net_social_cost_nzd_mean_serious_injury,-3.7637626628113487,-3.9734382893088878
R70,S2.mean_matched_queue_tail_median_scaled_hybrid_breakeven_delta_delay_veh_hours_mean_serious_injury,0.07803779105974185,0.08238520193466489
R70,S2.mean_matched_queue_tail_median_scaled_hybrid_safety_cost_nzd_median_serious_injury,-1.0521549454668202,-1.2093298366458638
R70,S2.mean_matched_queue_tail_median_scaled_hybrid_net_social_cost_nzd_median_serious_injury,-1.0521549454668202,-1.2093298366458638
R70,S2.mean_matched_queue_tail_median_scaled_hybrid_sum_of_medians_nzd_serious_injury,-1.0521549454668202,-1.2093298366458638
R70,S2.mean_matched_queue_tail_median_scaled_hybrid_p_net_benefit_serious_injury,0.62945,0.6487
R70,S2.mean_matched_queue_tail_median_scaled_hybrid_breakeven_delta_delay_veh_hours_serious_injury,0.021815362750711595,0.02507422427215144
R70,S2.mean_matched_queue_tail_median_scaled_hybrid_net_social_cost_nzd_mean_serious_injury_plan,-3.7637626628113487,-3.9734382893088878
R70,S2.mean_matched_queue_tail_median_scaled_hybrid_net_social_cost_nzd_median_serious_injury_plan,-1.0521549454668202,-1.2093298366458638
R70,S2.mean_matched_queue_tail_median_scaled_hybrid_p_net_benefit_serious_injury_plan,0.62945,0.6487
R71,R71_R75_tied_operator.reference_0m.p,0.51465,0.5634
R71,R71_R75_tied_operator.reference_0m.p_corners_min_max[0],0.30195,0.34685
R71,R71_R75_tied_operator.reference_0m.p_corners_min_max[1],0.74725,0.786
R71,R71_R75_tied_operator.reference_0m.p_s2_below_s1a,0.5801,0.58325
R71,R71_R75_tied_operator.reference_1m.p,0.45105,0.4991
R71,R71_R75_tied_operator.reference_1m.p_corners_min_max[0],0.24755,0.2895
R71,R71_R75_tied_operator.reference_1m.p_corners_min_max[1],0.6832,0.7257
R71,R71_R75_tied_operator.reference_1m.p_s2_below_s1a,0.565,0.56935
R72,R72_police_ratio_means_matched.8.5.S1a,0.63565,0.6283
R72,R72_police_ratio_means_matched.8.5.S1b,0.6821,0.6772
R72,R72_police_ratio_means_matched.8.5.S2,0.7332,0.7474
R72,R72_police_ratio_means_matched.10.0.S1a,0.6643,0.65785
R72,R72_police_ratio_means_matched.10.0.S1b,0.70915,0.7054
R72,R72_police_ratio_means_matched.10.0.S2,0.75955,0.77205
R72,R72_police_ratio_means_matched.12.0.S1a,0.69475,0.68815
R72,R72_police_ratio_means_matched.12.0.S1b,0.7384,0.73465
R72,R72_police_ratio_means_matched.12.0.S2,0.78565,0.79815
R72,R72_police_ratio_means_matched.12.5.S1a,0.7008,0.6962
R72,R72_police_ratio_means_matched.12.5.S1b,0.74465,0.74095
R72,R72_police_ratio_means_matched.12.5.S2,0.79145,0.8042
R72,R72_police_ratio_means_matched.record_central.S1a,0.5363,0.53415
R72,R72_police_ratio_means_matched.record_central.S1b,0.5853,0.5844
R72,R72_police_ratio_means_matched.record_central.S2,0.62945,0.6487
R74,R74_plan_surface.l5_collision_axis,0.04548215482445499,0.03340701147180457
R74,R74_plan_surface.queue_tail_at_panel_level.p_S1a,0.8281,0.8272
R74,R74_plan_surface.queue_tail_at_panel_level.p_S2,0.80025,0.8031
R74,R74_plan_surface.queue_tail_at_panel_level.p_S2_below_S1a,0.2366,0.23775
R74,R74_plan_surface.queue_tail_difference_excluded.p_S1a,0.9016,0.89825
R74,R74_plan_surface.queue_tail_difference_excluded.p_S2,0.80025,0.8031
R74,R74_plan_surface.queue_tail_difference_excluded.p_S2_below_S1a,0.2802,0.28895
R74,R74_plan_surface.implied_head_on_serious_harm_s1a,4.6819386544027476e-07,4.6115249326173515e-07
R75,R71_R75_tied_operator.reference_0m.p,0.51465,0.5634
R75,R71_R75_tied_operator.reference_0m.p_corners_min_max[0],0.30195,0.34685
R75,R71_R75_tied_operator.reference_0m.p_corners_min_max[1],0.74725,0.786
R75,R71_R75_tied_operator.reference_0m.p_s2_below_s1a,0.5801,0.58325
R75,R71_R75_tied_operator.reference_1m.p,0.45105,0.4991
R75,R71_R75_tied_operator.reference_1m.p_corners_min_max[0],0.24755,0.2895
R75,R71_R75_tied_operator.reference_1m.p_corners_min_max[1],0.6832,0.7257
R75,R71_R75_tied_operator.reference_1m.p_s2_below_s1a,0.565,0.56935
R75,tied_0m_within_margin,0.98485,0.9889
R75,tied_1m_within_margin,0.9877,0.9917
R76,serious_harm_axis.S1a,0.45005,0.4481
R76,serious_harm_axis.S1b,0.5051,0.50315
R76,serious_harm_axis.S2,0.6132,0.63105
R76,serious_harm_axis.S2_below_S1a,0.7406,0.73985
R76,serious_harm_axis_corners.S1a[0],0.23765,0.2432
R76,serious_harm_axis_corners.S1a[1],0.7121,0.70585
R76,serious_harm_axis_corners.S2[0],0.39595,0.417
R76,serious_harm_axis_corners.S2[1],0.79785,0.80685
R76,implied_headon_collisions_s1a_median,0.0009311369294627301,0.0011406290643831553
R76,collision_axis_qt_panel.S1a,0.82775,0.8262
R76,collision_axis_qt_panel.S2,0.7465,0.7488
R76,collision_axis_qt_panel.S2_below_S1a,0.2231,0.22505
R76,collision_axis_qt_panel.S1a_corners[0],0.75905,0.7559
R76,collision_axis_qt_panel.S1a_corners[1],0.87375,0.87365
R76,collision_axis_qt_panel.S1a_median_dh,-3.879366126220693e-05,-3.8653192132477934e-05
R76,collision_axis_qt_panel.S1a_within_margin,0.43945,0.43965
R76,collision_axis_qt_excluded.S1a,0.9025,0.89795
R76,collision_axis_qt_excluded.S1b,0.92195,0.92035
R76,collision_axis_qt_excluded.S2,0.7465,0.7488
R76,collision_axis_qt_excluded.S2_below_S1a,0.2428,0.2511
R76,collision_axis_qt_excluded.S1a_corners[0],0.6565,0.65045
R76,collision_axis_qt_excluded.S1a_corners[1],0.98625,0.98605
R76,collision_axis_qt_excluded.S1a_median_dh,-8.317632775995427e-06,-8.256034654330756e-06
R76,collision_axis_qt_excluded.S1a_within_margin,0.91045,0.91055
R77,S1a.pathway_priced_safety_cost_nzd_mean,10.182023266644418,10.171507927779409
R77,S1a.pathway_priced_safety_cost_nzd_median,-3.281832256947862,-3.0609434367272126
R77,S1a.pathway_priced_net_social_cost_nzd_mean,238.97727726404042,238.96676192517546
R77,S1a.pathway_priced_net_social_cost_nzd_median,139.16195373376866,134.66386272962234
R77,S1a.pathway_priced_p_net_benefit,0.4127,0.41545
R77,S1b.pathway_priced_safety_cost_nzd_mean,-8.947291162407268,-8.646960835939192
R77,S1b.pathway_priced_safety_cost_nzd_median,-6.408042374739008,-6.346332373420741
R77,S1b.pathway_priced_net_social_cost_nzd_mean,196.0097947292367,196.3101250557048
R77,S1b.pathway_priced_net_social_cost_nzd_median,94.22431177687426,91.46526850924364
R77,S1b.pathway_priced_p_net_benefit,0.4387,0.441
R77,S2.pathway_priced_safety_cost_nzd_mean,-39.80947007483091,-41.57332615571007
R77,S2.pathway_priced_safety_cost_nzd_median,-15.528557502730774,-17.233260882496538
R77,S2.pathway_priced_net_social_cost_nzd_mean,-39.80947007483091,-41.57332615571007
R77,S2.pathway_priced_net_social_cost_nzd_median,-15.528557502730774,-17.233260882496538
R77,S2.pathway_priced_p_net_benefit,0.7074,0.72835
R77,operator_calibrated.safety_mean,1.5510536727519892,-0.2128024081271642
R77,operator_calibrated.safety_median,3.4413736881208647,2.3466096297784507
R78,R78_red_running_removal_at_record.p_with,0.4311,0.43305
R79,R79_speed_sweep_axes.factor_serious_harm_axis,1.2509564604603938,0.9391361512635295
R79,R79_speed_sweep_axes.factor_collision_axis,0.04788792484207868,0.03627689162003804
R79,R79_speed_sweep_axes.rows[0].head_on_model_level,7.74167e-06,1.14877e-05
R79,R79_speed_sweep_axes.rows[0].head_on_serious_harm_axis,9.684492101252418e-06,1.0788514364870047e-05
R79,R79_speed_sweep_axes.rows[0].head_on_collision_axis,3.707325111121753e-07,4.16738047863511e-07
R79,R79_speed_sweep_axes.rows[0].device_head_on_serious_harm_axis,9.419164235988768e-07,7.071291390469334e-07
R79,R79_speed_sweep_axes.rows[1].head_on_model_level,9.59266e-06,1.27777e-05
R79,R79_speed_sweep_axes.rows[1].head_on_collision_axis,4.5937258111561445e-07,4.635352380533601e-07
R79,R79_speed_sweep_axes.rows[1].device_head_on_serious_harm_axis,1.7516142550658526e-06,1.3149972217222193e-06
R79,R79_speed_sweep_axes.rows[2].head_on_model_level,1.65344e-05,2.15298e-05
R79,R79_speed_sweep_axes.rows[2].head_on_serious_harm_axis,2.0683814499836333e-05,2.0219413509473533e-05
R79,R79_speed_sweep_axes.rows[2].head_on_collision_axis,7.917981045088657e-07,7.810342212010949e-07
R79,R79_speed_sweep_axes.rows[2].device_head_on_serious_harm_axis,3.1518098212591713e-06,2.3661723158314877e-06
R79,R79_speed_sweep_axes.rows[3].head_on_model_level,2.83315e-05,3.66551e-05
R79,R79_speed_sweep_axes.rows[3].head_on_serious_harm_axis,3.544147295953365e-05,3.44241295381798e-05
R79,R79_speed_sweep_axes.rows[3].head_on_collision_axis,1.3567367426633523e-06,1.3297330900216564e-06
R79,R79_speed_sweep_axes.rows[3].device_head_on_serious_harm_axis,5.499379734088356e-06,4.128574000015653e-06
R79,R79_speed_sweep_axes.rows[4].head_on_model_level,4.64978e-05,5.99314e-05
R79,R79_speed_sweep_axes.rows[4].head_on_serious_harm_axis,5.81667233071953e-05,5.628374433583509e-05
R79,R79_speed_sweep_axes.rows[4].head_on_collision_axis,2.2266831517220064e-06,2.1741249024371478e-06
R79,R79_speed_sweep_axes.rows[4].device_head_on_serious_harm_axis,9.347371844722945e-06,7.017394366748319e-06
R79,R79_speed_sweep_axes.rows[5].head_on_model_level,7.43968e-05,9.49455e-05
R79,R79_speed_sweep_axes.rows[5].head_on_serious_harm_axis,9.306715759757982e-05,8.916675144979144e-05
R79,R79_speed_sweep_axes.rows[5].head_on_collision_axis,3.5627083668911594e-06,3.444327613310322e-06
R79,R79_speed_sweep_axes.rows[5].device_head_on_serious_harm_axis,1.5414160410146925e-05,1.1571941742254083e-05
R81,S1a.queue_tail_at_record_ceiling_dh_median,1.3692090247683733e-07,2.455528309561954e-07
R81,S1a.queue_tail_at_record_ceiling_dh_mean,1.6950423081583072e-05,1.694406806469311e-05
R81,S1a.queue_tail_at_record_ceiling_p_dh_neg,0.49655,0.49405
R81,S1a.queue_tail_at_record_ceiling_safety_cost_nzd_mean_vosl,211.8802885197884,211.80085080866385
R81,S1a.queue_tail_at_record_ceiling_net_social_cost_nzd_mean_vosl,440.67554251718445,440.5961048060599
R81,S1a.queue_tail_at_record_ceiling_breakeven_delta_delay_veh_hours_mean_vosl,-4.393122299809007,-4.39147523965714
R81,S1a.queue_tail_at_record_ceiling_safety_cost_nzd_median_vosl,1.7115112809604667,3.0694103869524425
R81,S1a.queue_tail_at_record_ceiling_net_social_cost_nzd_median_vosl,246.57471938001675,237.8365635514569
R81,S1a.queue_tail_at_record_ceiling_sum_of_medians_nzd_vosl,123.95550706124693,125.31340616723891
R81,S1a.queue_tail_at_record_ceiling_p_net_benefit_vosl,0.3818,0.3836
R81,S1a.queue_tail_at_record_ceiling_breakeven_delta_delay_veh_hours_vosl,-0.035486445800548765,-0.06364110277736768
R81,S1a.queue_tail_at_record_ceiling_net_social_cost_nzd_mean_vosl_plan,304.52742330247855,304.4479855913539
R81,S1a.queue_tail_at_record_ceiling_net_social_cost_nzd_median_vosl_plan,109.5679006994185,103.95412805200827
R81,S1a.queue_tail_at_record_ceiling_p_net_benefit_vosl_plan,0.40165,0.40605
R81,S1a.queue_tail_at_record_ceiling_safety_cost_nzd_mean_serious_injury,11.188974276152987,11.18477932950392
R81,S1a.queue_tail_at_record_ceiling_net_social_cost_nzd_mean_serious_injury,239.98422827354904,239.98003332689996
R81,S1a.queue_tail_at_record_ceiling_breakeven_delta_delay_veh_hours_mean_serious_injury,-0.23199200240831402,-0.23190502445581426
R81,S1a.queue_tail_at_record_ceiling_safety_cost_nzd_median_serious_injury,0.09038148772496032,0.16208942371418456
R81,S1a.queue_tail_at_record_ceiling_net_social_cost_nzd_median_serious_injury,134.51553591079931,133.93683031381997
R81,S1a.queue_tail_at_record_ceiling_sum_of_medians_nzd_serious_injury,122.33437726801142,122.40608520400065
R81,S1a.queue_tail_at_record_ceiling_p_net_benefit_serious_injury,0.41385,0.4156
R81,S1a.queue_tail_at_record_ceiling_breakeven_delta_delay_veh_hours_serious_injury,-0.001873968229835379,-0.0033607593554672317
R81,S1a.queue_tail_at_record_ceiling_net_social_cost_nzd_mean_serious_injury_plan,103.8361090588431,103.83191411219406
R81,S1a.queue_tail_at_record_ceiling_net_social_cost_nzd_median_serious_injury_plan,62.94406412471604,61.02666989731891
R81,S1a.queue_tail_at_record_ceiling_p_net_benefit_serious_injury_plan,0.4021,0.40455
R81,S1a.mean_matched_queue_tail_at_record_ceiling_dh_median,-2.024489462406491e-06,-1.858159624534051e-06
R81,S1a.mean_matched_queue_tail_at_record_ceiling_dh_mean,-3.317229543061541e-07,-3.080717724307016e-07
R81,S1a.mean_matched_queue_tail_at_record_ceiling_p_dh_neg,0.60625,0.59765
R81,S1a.mean_matched_queue_tail_at_record_ceiling_safety_cost_nzd_mean_vosl,-4.146536928826924,-3.850897155383769
R81,S1a.mean_matched_queue_tail_at_record_ceiling_net_social_cost_nzd_mean_vosl,224.64871706856914,224.9443568420123
R81,S1a.mean_matched_queue_tail_at_record_ceiling_breakeven_delta_delay_veh_hours_mean_vosl,0.08597422618343203,0.07984443614728945
R81,S1a.mean_matched_queue_tail_at_record_ceiling_safety_cost_nzd_median_vosl,-25.306118280081137,-23.22699530667564
R81,S1a.mean_matched_queue_tail_at_record_ceiling_net_social_cost_nzd_median_vosl,127.43376797308149,122.97860882371492
R81,S1a.mean_matched_queue_tail_at_record_ceiling_sum_of_medians_nzd_vosl,96.93787750020533,99.01700047361084
R81,S1a.mean_matched_queue_tail_at_record_ceiling_p_net_benefit_vosl,0.423,0.4272
R81,S1a.mean_matched_queue_tail_at_record_ceiling_breakeven_delta_delay_veh_hours_vosl,0.5246966261679689,0.4815881257863495
R81,S1a.mean_matched_queue_tail_at_record_ceiling_net_social_cost_nzd_mean_vosl_plan,88.5005978538632,88.79623762730637
R81,S1a.mean_matched_queue_tail_at_record_ceiling_net_social_cost_nzd_median_vosl_plan,44.53810572083239,42.043290219977706
R81,S1a.mean_matched_queue_tail_at_record_ceiling_p_net_benefit_vosl_plan,0.44705,0.4497
R81,S1a.mean_matched_queue_tail_at_record_ceiling_safety_cost_nzd_mean_serious_injury,-0.21897032213749226,-0.20335817698150604
R81,S1a.mean_matched_queue_tail_at_record_ceiling_net_social_cost_nzd_mean_serious_injury,228.5762836752585,228.59189582041455
R81,S1a.mean_matched_queue_tail_at_record_ceiling_breakeven_delta_delay_veh_hours_mean_serious_injury,0.004540126936294678,0.004216424984066061
R81,S1a.mean_matched_queue_tail_at_record_ceiling_safety_cost_nzd_median_serious_injury,-1.3363654941345247,-1.2265711681549272
R81,S1a.mean_matched_queue_tail_at_record_ceiling_net_social_cost_nzd_median_serious_injury,121.06226983433064,119.82313539144567
R81,S1a.mean_matched_queue_tail_at_record_ceiling_sum_of_medians_nzd_serious_injury,120.90763028615194,121.01742461213153
R81,S1a.mean_matched_queue_tail_at_record_ceiling_p_net_benefit_serious_injury,0.4254,0.4256
R81,S1a.mean_matched_queue_tail_at_record_ceiling_breakeven_delta_delay_veh_hours_serious_injury,0.0277081794346781,0.02543170574652555
R81,S1a.mean_matched_queue_tail_at_record_ceiling_net_social_cost_nzd_mean_serious_injury_plan,92.42816446055265,92.44377660570863
R81,S1a.mean_matched_queue_tail_at_record_ceiling_net_social_cost_nzd_median_serious_injury_plan,49.59172461531128,48.95252153812952
R81,S1a.mean_matched_queue_tail_at_record_ceiling_p_net_benefit_serious_injury_plan,0.4223,0.4241
R81,S1a.mean_matched_queue_tail_median_scaled_hybrid_dh_median,-2.9229696859111235e-06,-2.7935557155721278e-06
R81,S1a.mean_matched_queue_tail_median_scaled_hybrid_dh_mean,-2.3704843199049835e-06,-2.3468331380295312e-06
R81,S1a.mean_matched_queue_tail_median_scaled_hybrid_p_dh_neg,0.62705,0.619
R81,S1a.mean_matched_queue_tail_median_scaled_hybrid_safety_cost_nzd_mean_vosl,-29.631053998812295,-29.33541422536914
R81,S1a.mean_matched_queue_tail_median_scaled_hybrid_net_social_cost_nzd_mean_vosl,199.16419999858377,199.4598397720269
R81,S1a.mean_matched_queue_tail_median_scaled_hybrid_breakeven_delta_delay_veh_hours_mean_vosl,0.6143697698281629,0.6082399797920204
R81,S1a.mean_matched_queue_tail_median_scaled_hybrid_safety_cost_nzd_median_vosl,-36.53712107388905,-34.9194464446516
R81,S1a.mean_matched_queue_tail_median_scaled_hybrid_net_social_cost_nzd_median_vosl,109.36204719224658,104.08360231898571
R81,S1a.mean_matched_queue_tail_median_scaled_hybrid_sum_of_medians_nzd_vosl,85.70687470639743,87.32454933563487
R81,S1a.mean_matched_queue_tail_median_scaled_hybrid_p_net_benefit_vosl,0.43465,0.4389
R81,S1a.mean_matched_queue_tail_median_scaled_hybrid_breakeven_delta_delay_veh_hours_vosl,0.7575600471467769,0.724019208887655
R81,S1a.mean_matched_queue_tail_median_scaled_hybrid_net_social_cost_nzd_mean_vosl_plan,63.01608078387785,63.311720557321
R81,S1a.mean_matched_queue_tail_median_scaled_hybrid_net_social_cost_nzd_median_vosl_plan,27.46393546039475,26.996697092748754
R81,S1a.mean_matched_queue_tail_median_scaled_hybrid_p_net_benefit_vosl_plan,0.46725,0.46855
R81,S1a.mean_matched_queue_tail_median_scaled_hybrid_safety_cost_nzd_mean_serious_injury,-1.5647566995692797,-1.5491445544132938
R81,S1a.mean_matched_queue_tail_median_scaled_hybrid_net_social_cost_nzd_mean_serious_injury,227.2304972978268,227.24610944298277
R81,S1a.mean_matched_queue_tail_median_scaled_hybrid_breakeven_delta_delay_veh_hours_mean_serious_injury,0.03244363880508563,0.03211993685285701
R81,S1a.mean_matched_queue_tail_median_scaled_hybrid_safety_cost_nzd_median_serious_injury,-1.9294522896699329,-1.8440261278491614
R81,S1a.mean_matched_queue_tail_median_scaled_hybrid_net_social_cost_nzd_median_serious_injury,119.64914553730472,118.06863920886269
R81,S1a.mean_matched_queue_tail_median_scaled_hybrid_sum_of_medians_nzd_serious_injury,120.31454349061653,120.3999696524373
R81,S1a.mean_matched_queue_tail_median_scaled_hybrid_p_net_benefit_serious_injury,0.42595,0.42605
R81,S1a.mean_matched_queue_tail_median_scaled_hybrid_breakeven_delta_delay_veh_hours_serious_injury,0.04000523096972699,0.038234006382939285
R81,S1a.mean_matched_queue_tail_median_scaled_hybrid_net_social_cost_nzd_mean_serious_injury_plan,91.08237808312086,91.09799022827684
R81,S1a.mean_matched_queue_tail_median_scaled_hybrid_net_social_cost_nzd_median_serious_injury_plan,48.408199477109335,47.492671323391605
R81,S1a.mean_matched_queue_tail_median_scaled_hybrid_p_net_benefit_serious_injury_plan,0.42445,0.4257
R81,S1b.queue_tail_at_record_ceiling_dh_median,5.893015861606985e-07,5.715960651039966e-07
R81,S1b.queue_tail_at_record_ceiling_dh_mean,9.81978238336464e-06,1.0001289068196708e-05
R81,S1b.queue_tail_at_record_ceiling_p_dh_neg,0.4826,0.48415
R81,S1b.queue_tail_at_record_ceiling_safety_cost_nzd_mean_vosl,122.74727979205801,125.01611335245883
R81,S1b.queue_tail_at_record_ceiling_net_social_cost_nzd_mean_vosl,327.704365683702,329.97319924410283
R81,S1b.queue_tail_at_record_ceiling_breakeven_delta_delay_veh_hours_mean_vosl,-2.5450400122757206,-2.5920819687426673
R81,S1b.queue_tail_at_record_ceiling_safety_cost_nzd_median_vosl,7.366269827008733,7.144950813799957
R81,S1b.queue_tail_at_record_ceiling_net_social_cost_nzd_median_vosl,198.582720560622,186.53335690110902
R81,S1b.queue_tail_at_record_ceiling_sum_of_medians_nzd_vosl,104.179977988348,103.95865897513922
R81,S1b.queue_tail_at_record_ceiling_p_net_benefit_vosl,0.397,0.40075
R81,S1b.queue_tail_at_record_ceiling_breakeven_delta_delay_veh_hours_vosl,-0.1527321133528661,-0.1481432886958316
R81,S1b.queue_tail_at_record_ceiling_net_social_cost_nzd_mean_vosl_plan,205.741513411461,208.01034697186182
R81,S1b.queue_tail_at_record_ceiling_net_social_cost_nzd_median_vosl_plan,93.99619788199088,89.10646201754608
R81,S1b.queue_tail_at_record_ceiling_p_net_benefit_vosl_plan,0.4079,0.4115
R81,S1b.queue_tail_at_record_ceiling_safety_cost_nzd_mean_serious_injury,6.482038351258999,6.601850913916646
R81,S1b.queue_tail_at_record_ceiling_net_social_cost_nzd_mean_serious_injury,211.43912424290298,211.55893680556062
R81,S1b.queue_tail_at_record_ceiling_breakeven_delta_delay_veh_hours_mean_serious_injury,-0.13439847296825627,-0.1368826646053628
R81,S1b.queue_tail_at_record_ceiling_safety_cost_nzd_median_serious_injury,0.3889979770246771,0.37731056257514817
R81,S1b.queue_tail_at_record_ceiling_net_social_cost_nzd_median_serious_injury,103.92421183427578,103.22483720935439
R81,S1b.queue_tail_at_record_ceiling_sum_of_medians_nzd_serious_injury,97.20270613836394,97.19101872391441
R81,S1b.queue_tail_at_record_ceiling_p_net_benefit_serious_injury,0.4333,0.43395
R81,S1b.queue_tail_at_record_ceiling_breakeven_delta_delay_veh_hours_serious_injury,-0.008065477441938152,-0.007823150789449474
R81,S1b.queue_tail_at_record_ceiling_net_social_cost_nzd_mean_serious_injury_plan,89.47627197066203,89.59608453331967
R81,S1b.queue_tail_at_record_ceiling_net_social_cost_nzd_median_serious_injury_plan,47.37376004032345,45.96947202660329
R81,S1b.queue_tail_at_record_ceiling_p_net_benefit_serious_injury_plan,0.4237,0.42655
R81,S1b.mean_matched_queue_tail_at_record_ceiling_dh_median,-1.3300970489746442e-06,-1.2633468571006863e-06
R81,S1b.mean_matched_queue_tail_at_record_ceiling_dh_mean,-1.4110433070371659e-06,-1.338380598535393e-06
R81,S1b.mean_matched_queue_tail_at_record_ceiling_p_dh_neg,0.58135,0.57805
R81,S1b.mean_matched_queue_tail_at_record_ceiling_safety_cost_nzd_mean_vosl,-17.638041337964573,-16.72975748169241
R81,S1b.mean_matched_queue_tail_at_record_ceiling_net_social_cost_nzd_mean_vosl,187.31904455367942,188.22732840995158
R81,S1b.mean_matched_queue_tail_at_record_ceiling_breakeven_delta_delay_veh_hours_mean_vosl,0.3657068492217411,0.34687450718831453
R81,S1b.mean_matched_queue_tail_at_record_ceiling_safety_cost_nzd_median_vosl,-16.626213112183052,-15.79183571375858
R81,S1b.mean_matched_queue_tail_at_record_ceiling_net_social_cost_nzd_median_vosl,98.5222909234206,94.44735682878692
R81,S1b.mean_matched_queue_tail_at_record_ceiling_sum_of_medians_nzd_vosl,80.18749504915621,81.02187244758069
R81,S1b.mean_matched_queue_tail_at_record_ceiling_p_net_benefit_vosl,0.44115,0.44365
R81,S1b.mean_matched_queue_tail_at_record_ceiling_breakeven_delta_delay_veh_hours_vosl,0.34472761999135504,0.3274276531983948
R81,S1b.mean_matched_queue_tail_at_record_ceiling_net_social_cost_nzd_mean_vosl_plan,65.35619228143844,66.2644761377106
R81,S1b.mean_matched_queue_tail_at_record_ceiling_net_social_cost_nzd_median_vosl_plan,34.3288567246117,31.77599678351194
R81,S1b.mean_matched_queue_tail_at_record_ceiling_p_net_benefit_vosl_plan,0.4537,0.45745
R81,S1b.mean_matched_queue_tail_at_record_ceiling_safety_cost_nzd_mean_serious_injury,-0.9314296869752332,-0.8834650330932127
R81,S1b.mean_matched_queue_tail_at_record_ceiling_net_social_cost_nzd_mean_serious_injury,204.02565620466876,204.07362085855078
R81,S1b.mean_matched_queue_tail_at_record_ceiling_breakeven_delta_delay_veh_hours_mean_serious_injury,0.019312247293701706,0.01831774897560052
R81,S1b.mean_matched_queue_tail_at_record_ceiling_safety_cost_nzd_median_serious_injury,-0.8779970620281626,-0.833935260372163
R81,S1b.mean_matched_queue_tail_at_record_ceiling_net_social_cost_nzd_median_serious_injury,96.02131584935384,95.9938159373449
R81,S1b.mean_matched_queue_tail_at_record_ceiling_sum_of_medians_nzd_serious_injury,95.9357110993111,95.9797729009671
R81,S1b.mean_matched_queue_tail_at_record_ceiling_p_net_benefit_serious_injury,0.4399,0.43985
R81,S1b.mean_matched_queue_tail_at_record_ceiling_breakeven_delta_delay_veh_hours_serious_injury,0.018204376156503478,0.017290799510100832
R81,S1b.mean_matched_queue_tail_at_record_ceiling_net_social_cost_nzd_mean_serious_injury_plan,82.06280393242778,82.1107685863098
R81,S1b.mean_matched_queue_tail_at_record_ceiling_net_social_cost_nzd_median_serious_injury_plan,38.51285183709585,38.267545645128024
R81,S1b.mean_matched_queue_tail_at_record_ceiling_p_net_benefit_serious_injury_plan,0.43935,0.43955
R81,S1b.mean_matched_queue_tail_median_scaled_hybrid_dh_median,-1.401372027056042e-06,-1.3711212512653905e-06
R81,S1b.mean_matched_queue_tail_median_scaled_hybrid_dh_mean,-1.4069026693202363e-06,-1.3342399608184633e-06
R81,S1b.mean_matched_queue_tail_median_scaled_hybrid_p_dh_neg,0.57655,0.5735
R81,S1b.mean_matched_queue_tail_median_scaled_hybrid_safety_cost_nzd_mean_vosl,-17.586283366502954,-16.67799951023079
R81,S1b.mean_matched_queue_tail_median_scaled_hybrid_net_social_cost_nzd_mean_vosl,187.37080252514102,188.2790863814132
R81,S1b.mean_matched_queue_tail_median_scaled_hybrid_breakeven_delta_delay_veh_hours_mean_vosl,0.364633700321438,0.34580135828801145
R81,S1b.mean_matched_queue_tail_median_scaled_hybrid_safety_cost_nzd_median_vosl,-17.517150338200523,-17.13901564081738
R81,S1b.mean_matched_queue_tail_median_scaled_hybrid_net_social_cost_nzd_median_vosl,98.788448259093,95.5681046598289
R81,S1b.mean_matched_queue_tail_median_scaled_hybrid_sum_of_medians_nzd_vosl,79.29655782313874,79.67469252052189
R81,S1b.mean_matched_queue_tail_median_scaled_hybrid_p_net_benefit_vosl,0.4402,0.4439
R81,S1b.mean_matched_queue_tail_median_scaled_hybrid_breakeven_delta_delay_veh_hours_vosl,0.3632002972880059,0.3553600589014593
R81,S1b.mean_matched_queue_tail_median_scaled_hybrid_net_social_cost_nzd_mean_vosl_plan,65.40795025290006,66.31623410917223
R81,S1b.mean_matched_queue_tail_median_scaled_hybrid_net_social_cost_nzd_median_vosl_plan,34.862333291670545,33.1000684764995
R81,S1b.mean_matched_queue_tail_median_scaled_hybrid_p_net_benefit_vosl_plan,0.45395,0.4563
R81,S1b.mean_matched_queue_tail_median_scaled_hybrid_safety_cost_nzd_mean_serious_injury,-0.9286964520182881,-0.8807317981362676
R81,S1b.mean_matched_queue_tail_median_scaled_hybrid_net_social_cost_nzd_mean_serious_injury,204.0283894396257,204.07635409350772
R81,S1b.mean_matched_queue_tail_median_scaled_hybrid_breakeven_delta_delay_veh_hours_mean_serious_injury,0.0192555764465745,0.01826107812847331
R81,S1b.mean_matched_queue_tail_median_scaled_hybrid_safety_cost_nzd_median_serious_injury,-0.9250456750596933,-0.9050771379602842
R81,S1b.mean_matched_queue_tail_median_scaled_hybrid_net_social_cost_nzd_median_serious_injury,95.8828033571508,95.53643188059237
R81,S1b.mean_matched_queue_tail_median_scaled_hybrid_sum_of_medians_nzd_serious_injury,95.88866248627957,95.90863102337897
R81,S1b.mean_matched_queue_tail_median_scaled_hybrid_p_net_benefit_serious_injury,0.44,0.43965
R81,S1b.mean_matched_queue_tail_median_scaled_hybrid_breakeven_delta_delay_veh_hours_serious_injury,0.019179881299185016,0.018765853990468262
R81,S1b.mean_matched_queue_tail_median_scaled_hybrid_net_social_cost_nzd_mean_serious_injury_plan,82.06553716738472,82.11350182126674
R81,S1b.mean_matched_queue_tail_median_scaled_hybrid_net_social_cost_nzd_median_serious_injury_plan,38.45393830876861,38.2577661219125
R81,S1b.mean_matched_queue_tail_median_scaled_hybrid_p_net_benefit_serious_injury_plan,0.43945,0.4398
R81,S2.queue_tail_at_record_ceiling_dh_median,-3.6968144387611438e-06,-4.4682969679883e-06
R81,S2.queue_tail_at_record_ceiling_dh_mean,-1.1245302517539576e-05,-1.2311300991707284e-05
R81,S2.queue_tail_at_record_ceiling_p_dh_neg,0.6527,0.6815
R81,S2.queue_tail_at_record_ceiling_safety_cost_nzd_mean_vosl,-140.56628146924473,-153.89126239634106
R81,S2.queue_tail_at_record_ceiling_net_social_cost_nzd_mean_vosl,-140.56628146924473,-153.89126239634106
R81,S2.queue_tail_at_record_ceiling_breakeven_delta_delay_veh_hours_mean_vosl,2.91449889009423,3.190778818087105
R81,S2.queue_tail_at_record_ceiling_safety_cost_nzd_median_vosl,-46.2101804845143,-55.85371209985375
R81,S2.queue_tail_at_record_ceiling_net_social_cost_nzd_median_vosl,-46.2101804845143,-55.85371209985375
R81,S2.queue_tail_at_record_ceiling_sum_of_medians_nzd_vosl,-46.2101804845143,-55.85371209985375
R81,S2.queue_tail_at_record_ceiling_p_net_benefit_vosl,0.6527,0.6815
R81,S2.queue_tail_at_record_ceiling_breakeven_delta_delay_veh_hours_vosl,0.9581210965066204,1.1580699170610358
R81,S2.queue_tail_at_record_ceiling_net_social_cost_nzd_mean_vosl_plan,-140.56628146924473,-153.89126239634106
R81,S2.queue_tail_at_record_ceiling_net_social_cost_nzd_median_vosl_plan,-46.2101804845143,-55.85371209985375
R81,S2.queue_tail_at_record_ceiling_p_net_benefit_vosl_plan,0.6527,0.6815
R81,S2.queue_tail_at_record_ceiling_safety_cost_nzd_mean_serious_injury,-7.423024191827874,-8.126689784625977
R81,S2.queue_tail_at_record_ceiling_net_social_cost_nzd_mean_serious_injury,-7.423024191827874,-8.126689784625977
R81,S2.queue_tail_at_record_ceiling_breakeven_delta_delay_veh_hours_mean_serious_injury,0.1539088573880961,0.16849864782554386
R81,S2.queue_tail_at_record_ceiling_safety_cost_nzd_median_serious_injury,-2.440267211026231,-2.9495228285690773
R81,S2.queue_tail_at_record_ceiling_net_social_cost_nzd_median_serious_injury,-2.440267211026231,-2.9495228285690773
R81,S2.queue_tail_at_record_ceiling_sum_of_medians_nzd_serious_injury,-2.440267211026231,-2.949522828569077
R81,S2.queue_tail_at_record_ceiling_p_net_benefit_serious_injury,0.6527,0.6815
R81,S2.queue_tail_at_record_ceiling_breakeven_delta_delay_veh_hours_serious_injury,0.05059645886432161,0.06115535618015917
R81,S2.queue_tail_at_record_ceiling_net_social_cost_nzd_mean_serious_injury_plan,-7.423024191827874,-8.126689784625977
R81,S2.queue_tail_at_record_ceiling_net_social_cost_nzd_median_serious_injury_plan,-2.440267211026231,-2.9495228285690773
R81,S2.queue_tail_at_record_ceiling_p_net_benefit_serious_injury_plan,0.6527,0.6815
R81,S2.mean_matched_queue_tail_at_record_ceiling_dh_median,-1.5939326548505077e-06,-1.8320403524403329e-06
R81,S2.mean_matched_queue_tail_at_record_ceiling_dh_mean,-5.701806791109452e-06,-6.019449006679121e-06
R81,S2.mean_matched_queue_tail_at_record_ceiling_p_dh_neg,0.62945,0.6487
R81,S2.mean_matched_queue_tail_at_record_ceiling_safety_cost_nzd_mean_vosl,-71.27258488886814,-75.24311258348901
R81,S2.mean_matched_queue_tail_at_record_ceiling_net_social_cost_nzd_mean_vosl,-71.27258488886814,-75.24311258348901
R81,S2.mean_matched_queue_tail_at_record_ceiling_breakeven_delta_delay_veh_hours_mean_vosl,1.4777645633188505,1.5600894170327393
R81,S2.mean_matched_queue_tail_at_record_ceiling_safety_cost_nzd_median_vosl,-19.924158185631345,-22.900504405504165
R81,S2.mean_matched_queue_tail_at_record_ceiling_net_social_cost_nzd_median_vosl,-19.924158185631345,-22.900504405504165
R81,S2.mean_matched_queue_tail_at_record_ceiling_sum_of_medians_nzd_vosl,-19.924158185631345,-22.90050440550416
R81,S2.mean_matched_queue_tail_at_record_ceiling_p_net_benefit_vosl,0.62945,0.6487
R81,S2.mean_matched_queue_tail_at_record_ceiling_breakeven_delta_delay_veh_hours_vosl,0.41310715707301154,0.47481866899241476
R81,S2.mean_matched_queue_tail_at_record_ceiling_net_social_cost_nzd_mean_vosl_plan,-71.27258488886814,-75.24311258348901
R81,S2.mean_matched_queue_tail_at_record_ceiling_net_social_cost_nzd_median_vosl_plan,-19.924158185631345,-22.900504405504165
R81,S2.mean_matched_queue_tail_at_record_ceiling_p_net_benefit_vosl_plan,0.62945,0.6487
R81,S2.mean_matched_queue_tail_at_record_ceiling_safety_cost_nzd_mean_serious_injury,-3.7637626628113487,-3.9734382893088878
R81,S2.mean_matched_queue_tail_at_record_ceiling_net_social_cost_nzd_mean_serious_injury,-3.7637626628113487,-3.9734382893088878
R81,S2.mean_matched_queue_tail_at_record_ceiling_breakeven_delta_delay_veh_hours_mean_serious_injury,0.07803779105974185,0.08238520193466489
R81,S2.mean_matched_queue_tail_at_record_ceiling_safety_cost_nzd_median_serious_injury,-1.0521549454668202,-1.2093298366458638
R81,S2.mean_matched_queue_tail_at_record_ceiling_net_social_cost_nzd_median_serious_injury,-1.0521549454668202,-1.2093298366458638
R81,S2.mean_matched_queue_tail_at_record_ceiling_sum_of_medians_nzd_serious_injury,-1.0521549454668202,-1.2093298366458638
R81,S2.mean_matched_queue_tail_at_record_ceiling_p_net_benefit_serious_injury,0.62945,0.6487
R81,S2.mean_matched_queue_tail_at_record_ceiling_breakeven_delta_delay_veh_hours_serious_injury,0.021815362750711595,0.02507422427215144
R81,S2.mean_matched_queue_tail_at_record_ceiling_net_social_cost_nzd_mean_serious_injury_plan,-3.7637626628113487,-3.9734382893088878
R81,S2.mean_matched_queue_tail_at_record_ceiling_net_social_cost_nzd_median_serious_injury_plan,-1.0521549454668202,-1.2093298366458638
R81,S2.mean_matched_queue_tail_at_record_ceiling_p_net_benefit_serious_injury_plan,0.62945,0.6487
R81,S2.mean_matched_queue_tail_median_scaled_hybrid_dh_median,-1.5939326548505077e-06,-1.8320403524403329e-06
R81,S2.mean_matched_queue_tail_median_scaled_hybrid_dh_mean,-5.701806791109452e-06,-6.019449006679121e-06
R81,S2.mean_matched_queue_tail_median_scaled_hybrid_p_dh_neg,0.62945,0.6487
R81,S2.mean_matched_queue_tail_median_scaled_hybrid_safety_cost_nzd_mean_vosl,-71.27258488886814,-75.24311258348901
R81,S2.mean_matched_queue_tail_median_scaled_hybrid_net_social_cost_nzd_mean_vosl,-71.27258488886814,-75.24311258348901
R81,S2.mean_matched_queue_tail_median_scaled_hybrid_breakeven_delta_delay_veh_hours_mean_vosl,1.4777645633188505,1.5600894170327393
R81,S2.mean_matched_queue_tail_median_scaled_hybrid_safety_cost_nzd_median_vosl,-19.924158185631345,-22.900504405504165
R81,S2.mean_matched_queue_tail_median_scaled_hybrid_net_social_cost_nzd_median_vosl,-19.924158185631345,-22.900504405504165
R81,S2.mean_matched_queue_tail_median_scaled_hybrid_sum_of_medians_nzd_vosl,-19.924158185631345,-22.90050440550416
R81,S2.mean_matched_queue_tail_median_scaled_hybrid_p_net_benefit_vosl,0.62945,0.6487
R81,S2.mean_matched_queue_tail_median_scaled_hybrid_breakeven_delta_delay_veh_hours_vosl,0.41310715707301154,0.47481866899241476
R81,S2.mean_matched_queue_tail_median_scaled_hybrid_net_social_cost_nzd_mean_vosl_plan,-71.27258488886814,-75.24311258348901
R81,S2.mean_matched_queue_tail_median_scaled_hybrid_net_social_cost_nzd_median_vosl_plan,-19.924158185631345,-22.900504405504165
R81,S2.mean_matched_queue_tail_median_scaled_hybrid_p_net_benefit_vosl_plan,0.62945,0.6487
R81,S2.mean_matched_queue_tail_median_scaled_hybrid_safety_cost_nzd_mean_serious_injury,-3.7637626628113487,-3.9734382893088878
R81,S2.mean_matched_queue_tail_median_scaled_hybrid_net_social_cost_nzd_mean_serious_injury,-3.7637626628113487,-3.9734382893088878
R81,S2.mean_matched_queue_tail_median_scaled_hybrid_breakeven_delta_delay_veh_hours_mean_serious_injury,0.07803779105974185,0.08238520193466489
R81,S2.mean_matched_queue_tail_median_scaled_hybrid_safety_cost_nzd_median_serious_injury,-1.0521549454668202,-1.2093298366458638
R81,S2.mean_matched_queue_tail_median_scaled_hybrid_net_social_cost_nzd_median_serious_injury,-1.0521549454668202,-1.2093298366458638
R81,S2.mean_matched_queue_tail_median_scaled_hybrid_sum_of_medians_nzd_serious_injury,-1.0521549454668202,-1.2093298366458638
R81,S2.mean_matched_queue_tail_median_scaled_hybrid_p_net_benefit_serious_injury,0.62945,0.6487
R81,S2.mean_matched_queue_tail_median_scaled_hybrid_breakeven_delta_delay_veh_hours_serious_injury,0.021815362750711595,0.02507422427215144
R81,S2.mean_matched_queue_tail_median_scaled_hybrid_net_social_cost_nzd_mean_serious_injury_plan,-3.7637626628113487,-3.9734382893088878
R81,S2.mean_matched_queue_tail_median_scaled_hybrid_net_social_cost_nzd_median_serious_injury_plan,-1.0521549454668202,-1.2093298366458638
R81,S2.mean_matched_queue_tail_median_scaled_hybrid_p_net_benefit_serious_injury_plan,0.62945,0.6487
R81,multiplier.queue_tail_at_record_ceiling.median,1.0005830865909728,1.0009800456253464
R81,multiplier.queue_tail_at_record_ceiling.p5,0.6811096770630778,0.6786667044495541
R81,multiplier.queue_tail_at_record_ceiling.p95,2.2744792065055726,2.3651333470978573
R81,multiplier.queue_tail_at_panel_level.median,0.9936746863332497,0.9938490912401381
R81,multiplier.queue_tail_at_panel_level.p5,0.9606946193696695,0.9608760762570265
R81,multiplier.queue_tail_at_panel_level.p95,1.0670296896788345,1.0717880600789964
R81,multiplier.queue_tail_excluded.median,1.4120424948984382,1.430588300893049
R81,multiplier.queue_tail_excluded.p5,0.05192611057647391,0.047299095566846576
R81,multiplier.queue_tail_excluded.p95,34.005416292673075,38.6086561539002
R81,multiplier.queue_tail_share_of_S0_at_ceiling,0.9553393315466105,0.9558555896952141
R81,device_comparison.s2_vs_s1a_p_s2_lower_at_record_central,0.8072,0.79965
R81,device_comparison.s2_vs_s1a_dh_median_at_record,-7.084342441881637e-06,-7.402942809023393e-06
R81,device_comparison.s2_vs_s1a_p_s2_lower_with_queue_tail_record_ceiling,0.67935,0.6811
R81,device_comparison.s2_vs_s1a_dh_median_with_queue_tail_record_ceiling,-5.126910353233681e-06,-5.481291315753064e-06
R81,device_comparison.s2_vs_s1a_p_s2_lower_with_queue_tail_elicited_level,0.4176,0.42525
R81,device_comparison.s2_vs_s1a_dh_median_with_queue_tail_elicited_level,8.347687866185981e-06,7.77642572409023e-06
R82,R82_queue_tail_share_and_retained_exposure.rear_end_record_only.queue_tail_share_of_S0_harm_median,0.6294515393815154,0.6322849350976438
R82,R82_queue_tail_share_and_retained_exposure.rear_end_record_only.p_S1a_with_difference_at_this_level,0.4411,0.4423
R82,R82_queue_tail_share_and_retained_exposure.all_cause_record_uncorrected.queue_tail_share_of_S0_harm_median,0.9553393315466105,0.9558555896952141
R82,R82_queue_tail_share_and_retained_exposure.all_cause_record_uncorrected.p_S1a_with_difference_at_this_level,0.49655,0.49405
R82,R82_queue_tail_share_and_retained_exposure.all_cause_record_corrected_3x.queue_tail_share_of_S0_harm_median,0.9846562696792374,0.9848390147287698
R82,R82_queue_tail_share_and_retained_exposure.all_cause_record_corrected_3x.p_S1a_with_difference_at_this_level,0.5478,0.5412
R82,R82_queue_tail_share_and_retained_exposure.all_cause_record_corrected_5x.queue_tail_share_of_S0_harm_median,0.9907369096633666,0.9908479069380152
R82,R82_queue_tail_share_and_retained_exposure.all_cause_record_corrected_5x.p_S1a_with_difference_at_this_level,0.574,0.56595
R82,R82_queue_tail_share_and_retained_exposure.panel_level.queue_tail_share_of_S0_harm_median,0.9979345779485722,0.9979595050137269
R82,R82_queue_tail_share_and_retained_exposure.panel_level.p_S1a_with_difference_at_this_level,0.6467,0.64055
R83,R83_tied_device_priced.reference_0m.dh_median,-7.580767377545294e-08,-3.5450409655985356e-07
R83,R83_tied_device_priced.reference_0m.dh_mean,-4.736200842877281e-07,-1.5396185584554342e-06
R83,R83_tied_device_priced.reference_0m.safety_cost_nzd_mean_vosl,-5.920251053596601,-19.245231980692928
R83,R83_tied_device_priced.reference_0m.safety_cost_nzd_mean_serious_injury,-0.31263661763832934,-1.016302210436432
R83,R83_tied_device_priced.reference_0m.p_net_benefit,0.51465,0.5634
R83,R83_tied_device_priced.reference_1m.dh_median,2.3566311687559988e-07,3.734593461133848e-09
R83,R83_tied_device_priced.reference_1m.dh_mean,6.740532597550491e-07,-3.919452144126572e-07
R83,R83_tied_device_priced.reference_1m.safety_cost_nzd_mean_vosl,8.425665746938114,-4.899315180158215
R83,R83_tied_device_priced.reference_1m.safety_cost_nzd_mean_serious_injury,0.4449425567643079,-0.25872303603379504
R83,R83_tied_device_priced.reference_1m.p_net_benefit,0.45105,0.4991
R84,S1a.mean_matched_queue_tail_at_record_ceiling_dh_median,-2.024489462406491e-06,-1.858159624534051e-06
R84,S1a.mean_matched_queue_tail_at_record_ceiling_dh_mean,-3.317229543061541e-07,-3.080717724307016e-07
R84,S1a.mean_matched_queue_tail_at_record_ceiling_p_dh_neg,0.60625,0.59765
R84,S1a.mean_matched_queue_tail_at_record_ceiling_safety_cost_nzd_mean_vosl,-4.146536928826924,-3.850897155383769
R84,S1a.mean_matched_queue_tail_at_record_ceiling_net_social_cost_nzd_mean_vosl,224.64871706856914,224.9443568420123
R84,S1a.mean_matched_queue_tail_at_record_ceiling_breakeven_delta_delay_veh_hours_mean_vosl,0.08597422618343203,0.07984443614728945
R84,S1a.mean_matched_queue_tail_at_record_ceiling_safety_cost_nzd_median_vosl,-25.306118280081137,-23.22699530667564
R84,S1a.mean_matched_queue_tail_at_record_ceiling_net_social_cost_nzd_median_vosl,127.43376797308149,122.97860882371492
R84,S1a.mean_matched_queue_tail_at_record_ceiling_sum_of_medians_nzd_vosl,96.93787750020533,99.01700047361084
R84,S1a.mean_matched_queue_tail_at_record_ceiling_p_net_benefit_vosl,0.423,0.4272
R84,S1a.mean_matched_queue_tail_at_record_ceiling_breakeven_delta_delay_veh_hours_vosl,0.5246966261679689,0.4815881257863495
R84,S1a.mean_matched_queue_tail_at_record_ceiling_net_social_cost_nzd_mean_vosl_plan,88.5005978538632,88.79623762730637
R84,S1a.mean_matched_queue_tail_at_record_ceiling_net_social_cost_nzd_median_vosl_plan,44.53810572083239,42.043290219977706
R84,S1a.mean_matched_queue_tail_at_record_ceiling_p_net_benefit_vosl_plan,0.44705,0.4497
R84,S1a.mean_matched_queue_tail_at_record_ceiling_safety_cost_nzd_mean_serious_injury,-0.21897032213749226,-0.20335817698150604
R84,S1a.mean_matched_queue_tail_at_record_ceiling_net_social_cost_nzd_mean_serious_injury,228.5762836752585,228.59189582041455
R84,S1a.mean_matched_queue_tail_at_record_ceiling_breakeven_delta_delay_veh_hours_mean_serious_injury,0.004540126936294678,0.004216424984066061
R84,S1a.mean_matched_queue_tail_at_record_ceiling_safety_cost_nzd_median_serious_injury,-1.3363654941345247,-1.2265711681549272
R84,S1a.mean_matched_queue_tail_at_record_ceiling_net_social_cost_nzd_median_serious_injury,121.06226983433064,119.82313539144567
R84,S1a.mean_matched_queue_tail_at_record_ceiling_sum_of_medians_nzd_serious_injury,120.90763028615194,121.01742461213153
R84,S1a.mean_matched_queue_tail_at_record_ceiling_p_net_benefit_serious_injury,0.4254,0.4256
R84,S1a.mean_matched_queue_tail_at_record_ceiling_breakeven_delta_delay_veh_hours_serious_injury,0.0277081794346781,0.02543170574652555
R84,S1a.mean_matched_queue_tail_at_record_ceiling_net_social_cost_nzd_mean_serious_injury_plan,92.42816446055265,92.44377660570863
R84,S1a.mean_matched_queue_tail_at_record_ceiling_net_social_cost_nzd_median_serious_injury_plan,49.59172461531128,48.95252153812952
R84,S1a.mean_matched_queue_tail_at_record_ceiling_p_net_benefit_serious_injury_plan,0.4223,0.4241
R84,S1a.mean_matched_queue_tail_median_scaled_hybrid_dh_median,-2.9229696859111235e-06,-2.7935557155721278e-06
R84,S1a.mean_matched_queue_tail_median_scaled_hybrid_dh_mean,-2.3704843199049835e-06,-2.3468331380295312e-06
R84,S1a.mean_matched_queue_tail_median_scaled_hybrid_p_dh_neg,0.62705,0.619
R84,S1a.mean_matched_queue_tail_median_scaled_hybrid_safety_cost_nzd_mean_vosl,-29.631053998812295,-29.33541422536914
R84,S1a.mean_matched_queue_tail_median_scaled_hybrid_net_social_cost_nzd_mean_vosl,199.16419999858377,199.4598397720269
R84,S1a.mean_matched_queue_tail_median_scaled_hybrid_breakeven_delta_delay_veh_hours_mean_vosl,0.6143697698281629,0.6082399797920204
R84,S1a.mean_matched_queue_tail_median_scaled_hybrid_safety_cost_nzd_median_vosl,-36.53712107388905,-34.9194464446516
R84,S1a.mean_matched_queue_tail_median_scaled_hybrid_net_social_cost_nzd_median_vosl,109.36204719224658,104.08360231898571
R84,S1a.mean_matched_queue_tail_median_scaled_hybrid_sum_of_medians_nzd_vosl,85.70687470639743,87.32454933563487
R84,S1a.mean_matched_queue_tail_median_scaled_hybrid_p_net_benefit_vosl,0.43465,0.4389
R84,S1a.mean_matched_queue_tail_median_scaled_hybrid_breakeven_delta_delay_veh_hours_vosl,0.7575600471467769,0.724019208887655
R84,S1a.mean_matched_queue_tail_median_scaled_hybrid_net_social_cost_nzd_mean_vosl_plan,63.01608078387785,63.311720557321
R84,S1a.mean_matched_queue_tail_median_scaled_hybrid_net_social_cost_nzd_median_vosl_plan,27.46393546039475,26.996697092748754
R84,S1a.mean_matched_queue_tail_median_scaled_hybrid_p_net_benefit_vosl_plan,0.46725,0.46855
R84,S1a.mean_matched_queue_tail_median_scaled_hybrid_safety_cost_nzd_mean_serious_injury,-1.5647566995692797,-1.5491445544132938
R84,S1a.mean_matched_queue_tail_median_scaled_hybrid_net_social_cost_nzd_mean_serious_injury,227.2304972978268,227.24610944298277
R84,S1a.mean_matched_queue_tail_median_scaled_hybrid_breakeven_delta_delay_veh_hours_mean_serious_injury,0.03244363880508563,0.03211993685285701
R84,S1a.mean_matched_queue_tail_median_scaled_hybrid_safety_cost_nzd_median_serious_injury,-1.9294522896699329,-1.8440261278491614
R84,S1a.mean_matched_queue_tail_median_scaled_hybrid_net_social_cost_nzd_median_serious_injury,119.64914553730472,118.06863920886269
R84,S1a.mean_matched_queue_tail_median_scaled_hybrid_sum_of_medians_nzd_serious_injury,120.31454349061653,120.3999696524373
R84,S1a.mean_matched_queue_tail_median_scaled_hybrid_p_net_benefit_serious_injury,0.42595,0.42605
R84,S1a.mean_matched_queue_tail_median_scaled_hybrid_breakeven_delta_delay_veh_hours_serious_injury,0.04000523096972699,0.038234006382939285
R84,S1a.mean_matched_queue_tail_median_scaled_hybrid_net_social_cost_nzd_mean_serious_injury_plan,91.08237808312086,91.09799022827684
R84,S1a.mean_matched_queue_tail_median_scaled_hybrid_net_social_cost_nzd_median_serious_injury_plan,48.408199477109335,47.492671323391605
R84,S1a.mean_matched_queue_tail_median_scaled_hybrid_p_net_benefit_serious_injury_plan,0.42445,0.4257
R84,S1b.mean_matched_queue_tail_at_record_ceiling_dh_median,-1.3300970489746442e-06,-1.2633468571006863e-06
R84,S1b.mean_matched_queue_tail_at_record_ceiling_dh_mean,-1.4110433070371659e-06,-1.338380598535393e-06
R84,S1b.mean_matched_queue_tail_at_record_ceiling_p_dh_neg,0.58135,0.57805
R84,S1b.mean_matched_queue_tail_at_record_ceiling_safety_cost_nzd_mean_vosl,-17.638041337964573,-16.72975748169241
R84,S1b.mean_matched_queue_tail_at_record_ceiling_net_social_cost_nzd_mean_vosl,187.31904455367942,188.22732840995158
R84,S1b.mean_matched_queue_tail_at_record_ceiling_breakeven_delta_delay_veh_hours_mean_vosl,0.3657068492217411,0.34687450718831453
R84,S1b.mean_matched_queue_tail_at_record_ceiling_safety_cost_nzd_median_vosl,-16.626213112183052,-15.79183571375858
R84,S1b.mean_matched_queue_tail_at_record_ceiling_net_social_cost_nzd_median_vosl,98.5222909234206,94.44735682878692
R84,S1b.mean_matched_queue_tail_at_record_ceiling_sum_of_medians_nzd_vosl,80.18749504915621,81.02187244758069
R84,S1b.mean_matched_queue_tail_at_record_ceiling_p_net_benefit_vosl,0.44115,0.44365
R84,S1b.mean_matched_queue_tail_at_record_ceiling_breakeven_delta_delay_veh_hours_vosl,0.34472761999135504,0.3274276531983948
R84,S1b.mean_matched_queue_tail_at_record_ceiling_net_social_cost_nzd_mean_vosl_plan,65.35619228143844,66.2644761377106
R84,S1b.mean_matched_queue_tail_at_record_ceiling_net_social_cost_nzd_median_vosl_plan,34.3288567246117,31.77599678351194
R84,S1b.mean_matched_queue_tail_at_record_ceiling_p_net_benefit_vosl_plan,0.4537,0.45745
R84,S1b.mean_matched_queue_tail_at_record_ceiling_safety_cost_nzd_mean_serious_injury,-0.9314296869752332,-0.8834650330932127
R84,S1b.mean_matched_queue_tail_at_record_ceiling_net_social_cost_nzd_mean_serious_injury,204.02565620466876,204.07362085855078
R84,S1b.mean_matched_queue_tail_at_record_ceiling_breakeven_delta_delay_veh_hours_mean_serious_injury,0.019312247293701706,0.01831774897560052
R84,S1b.mean_matched_queue_tail_at_record_ceiling_safety_cost_nzd_median_serious_injury,-0.8779970620281626,-0.833935260372163
R84,S1b.mean_matched_queue_tail_at_record_ceiling_net_social_cost_nzd_median_serious_injury,96.02131584935384,95.9938159373449
R84,S1b.mean_matched_queue_tail_at_record_ceiling_sum_of_medians_nzd_serious_injury,95.9357110993111,95.9797729009671
R84,S1b.mean_matched_queue_tail_at_record_ceiling_p_net_benefit_serious_injury,0.4399,0.43985
R84,S1b.mean_matched_queue_tail_at_record_ceiling_breakeven_delta_delay_veh_hours_serious_injury,0.018204376156503478,0.017290799510100832
R84,S1b.mean_matched_queue_tail_at_record_ceiling_net_social_cost_nzd_mean_serious_injury_plan,82.06280393242778,82.1107685863098
R84,S1b.mean_matched_queue_tail_at_record_ceiling_net_social_cost_nzd_median_serious_injury_plan,38.51285183709585,38.267545645128024
R84,S1b.mean_matched_queue_tail_at_record_ceiling_p_net_benefit_serious_injury_plan,0.43935,0.43955
R84,S1b.mean_matched_queue_tail_median_scaled_hybrid_dh_median,-1.401372027056042e-06,-1.3711212512653905e-06
R84,S1b.mean_matched_queue_tail_median_scaled_hybrid_dh_mean,-1.4069026693202363e-06,-1.3342399608184633e-06
R84,S1b.mean_matched_queue_tail_median_scaled_hybrid_p_dh_neg,0.57655,0.5735
R84,S1b.mean_matched_queue_tail_median_scaled_hybrid_safety_cost_nzd_mean_vosl,-17.586283366502954,-16.67799951023079
R84,S1b.mean_matched_queue_tail_median_scaled_hybrid_net_social_cost_nzd_mean_vosl,187.37080252514102,188.2790863814132
R84,S1b.mean_matched_queue_tail_median_scaled_hybrid_breakeven_delta_delay_veh_hours_mean_vosl,0.364633700321438,0.34580135828801145
R84,S1b.mean_matched_queue_tail_median_scaled_hybrid_safety_cost_nzd_median_vosl,-17.517150338200523,-17.13901564081738
R84,S1b.mean_matched_queue_tail_median_scaled_hybrid_net_social_cost_nzd_median_vosl,98.788448259093,95.5681046598289
R84,S1b.mean_matched_queue_tail_median_scaled_hybrid_sum_of_medians_nzd_vosl,79.29655782313874,79.67469252052189
R84,S1b.mean_matched_queue_tail_median_scaled_hybrid_p_net_benefit_vosl,0.4402,0.4439
R84,S1b.mean_matched_queue_tail_median_scaled_hybrid_breakeven_delta_delay_veh_hours_vosl,0.3632002972880059,0.3553600589014593
R84,S1b.mean_matched_queue_tail_median_scaled_hybrid_net_social_cost_nzd_mean_vosl_plan,65.40795025290006,66.31623410917223
R84,S1b.mean_matched_queue_tail_median_scaled_hybrid_net_social_cost_nzd_median_vosl_plan,34.862333291670545,33.1000684764995
R84,S1b.mean_matched_queue_tail_median_scaled_hybrid_p_net_benefit_vosl_plan,0.45395,0.4563
R84,S1b.mean_matched_queue_tail_median_scaled_hybrid_safety_cost_nzd_mean_serious_injury,-0.9286964520182881,-0.8807317981362676
R84,S1b.mean_matched_queue_tail_median_scaled_hybrid_net_social_cost_nzd_mean_serious_injury,204.0283894396257,204.07635409350772
R84,S1b.mean_matched_queue_tail_median_scaled_hybrid_breakeven_delta_delay_veh_hours_mean_serious_injury,0.0192555764465745,0.01826107812847331
R84,S1b.mean_matched_queue_tail_median_scaled_hybrid_safety_cost_nzd_median_serious_injury,-0.9250456750596933,-0.9050771379602842
R84,S1b.mean_matched_queue_tail_median_scaled_hybrid_net_social_cost_nzd_median_serious_injury,95.8828033571508,95.53643188059237
R84,S1b.mean_matched_queue_tail_median_scaled_hybrid_sum_of_medians_nzd_serious_injury,95.88866248627957,95.90863102337897
R84,S1b.mean_matched_queue_tail_median_scaled_hybrid_p_net_benefit_serious_injury,0.44,0.43965
R84,S1b.mean_matched_queue_tail_median_scaled_hybrid_breakeven_delta_delay_veh_hours_serious_injury,0.019179881299185016,0.018765853990468262
R84,S1b.mean_matched_queue_tail_median_scaled_hybrid_net_social_cost_nzd_mean_serious_injury_plan,82.06553716738472,82.11350182126674
R84,S1b.mean_matched_queue_tail_median_scaled_hybrid_net_social_cost_nzd_median_serious_injury_plan,38.45393830876861,38.2577661219125
R84,S1b.mean_matched_queue_tail_median_scaled_hybrid_p_net_benefit_serious_injury_plan,0.43945,0.4398
R84,S2.mean_matched_queue_tail_at_record_ceiling_dh_median,-1.5939326548505077e-06,-1.8320403524403329e-06
R84,S2.mean_matched_queue_tail_at_record_ceiling_dh_mean,-5.701806791109452e-06,-6.019449006679121e-06
R84,S2.mean_matched_queue_tail_at_record_ceiling_p_dh_neg,0.62945,0.6487
R84,S2.mean_matched_queue_tail_at_record_ceiling_safety_cost_nzd_mean_vosl,-71.27258488886814,-75.24311258348901
R84,S2.mean_matched_queue_tail_at_record_ceiling_net_social_cost_nzd_mean_vosl,-71.27258488886814,-75.24311258348901
R84,S2.mean_matched_queue_tail_at_record_ceiling_breakeven_delta_delay_veh_hours_mean_vosl,1.4777645633188505,1.5600894170327393
R84,S2.mean_matched_queue_tail_at_record_ceiling_safety_cost_nzd_median_vosl,-19.924158185631345,-22.900504405504165
R84,S2.mean_matched_queue_tail_at_record_ceiling_net_social_cost_nzd_median_vosl,-19.924158185631345,-22.900504405504165
R84,S2.mean_matched_queue_tail_at_record_ceiling_sum_of_medians_nzd_vosl,-19.924158185631345,-22.90050440550416
R84,S2.mean_matched_queue_tail_at_record_ceiling_p_net_benefit_vosl,0.62945,0.6487
R84,S2.mean_matched_queue_tail_at_record_ceiling_breakeven_delta_delay_veh_hours_vosl,0.41310715707301154,0.47481866899241476
R84,S2.mean_matched_queue_tail_at_record_ceiling_net_social_cost_nzd_mean_vosl_plan,-71.27258488886814,-75.24311258348901
R84,S2.mean_matched_queue_tail_at_record_ceiling_net_social_cost_nzd_median_vosl_plan,-19.924158185631345,-22.900504405504165
R84,S2.mean_matched_queue_tail_at_record_ceiling_p_net_benefit_vosl_plan,0.62945,0.6487
R84,S2.mean_matched_queue_tail_at_record_ceiling_safety_cost_nzd_mean_serious_injury,-3.7637626628113487,-3.9734382893088878
R84,S2.mean_matched_queue_tail_at_record_ceiling_net_social_cost_nzd_mean_serious_injury,-3.7637626628113487,-3.9734382893088878
R84,S2.mean_matched_queue_tail_at_record_ceiling_breakeven_delta_delay_veh_hours_mean_serious_injury,0.07803779105974185,0.08238520193466489
R84,S2.mean_matched_queue_tail_at_record_ceiling_safety_cost_nzd_median_serious_injury,-1.0521549454668202,-1.2093298366458638
R84,S2.mean_matched_queue_tail_at_record_ceiling_net_social_cost_nzd_median_serious_injury,-1.0521549454668202,-1.2093298366458638
R84,S2.mean_matched_queue_tail_at_record_ceiling_sum_of_medians_nzd_serious_injury,-1.0521549454668202,-1.2093298366458638
R84,S2.mean_matched_queue_tail_at_record_ceiling_p_net_benefit_serious_injury,0.62945,0.6487
R84,S2.mean_matched_queue_tail_at_record_ceiling_breakeven_delta_delay_veh_hours_serious_injury,0.021815362750711595,0.02507422427215144
R84,S2.mean_matched_queue_tail_at_record_ceiling_net_social_cost_nzd_mean_serious_injury_plan,-3.7637626628113487,-3.9734382893088878
R84,S2.mean_matched_queue_tail_at_record_ceiling_net_social_cost_nzd_median_serious_injury_plan,-1.0521549454668202,-1.2093298366458638
R84,S2.mean_matched_queue_tail_at_record_ceiling_p_net_benefit_serious_injury_plan,0.62945,0.6487
R84,S2.mean_matched_queue_tail_median_scaled_hybrid_dh_median,-1.5939326548505077e-06,-1.8320403524403329e-06
R84,S2.mean_matched_queue_tail_median_scaled_hybrid_dh_mean,-5.701806791109452e-06,-6.019449006679121e-06
R84,S2.mean_matched_queue_tail_median_scaled_hybrid_p_dh_neg,0.62945,0.6487
R84,S2.mean_matched_queue_tail_median_scaled_hybrid_safety_cost_nzd_mean_vosl,-71.27258488886814,-75.24311258348901
R84,S2.mean_matched_queue_tail_median_scaled_hybrid_net_social_cost_nzd_mean_vosl,-71.27258488886814,-75.24311258348901
R84,S2.mean_matched_queue_tail_median_scaled_hybrid_breakeven_delta_delay_veh_hours_mean_vosl,1.4777645633188505,1.5600894170327393
R84,S2.mean_matched_queue_tail_median_scaled_hybrid_safety_cost_nzd_median_vosl,-19.924158185631345,-22.900504405504165
R84,S2.mean_matched_queue_tail_median_scaled_hybrid_net_social_cost_nzd_median_vosl,-19.924158185631345,-22.900504405504165
R84,S2.mean_matched_queue_tail_median_scaled_hybrid_sum_of_medians_nzd_vosl,-19.924158185631345,-22.90050440550416
R84,S2.mean_matched_queue_tail_median_scaled_hybrid_p_net_benefit_vosl,0.62945,0.6487
R84,S2.mean_matched_queue_tail_median_scaled_hybrid_breakeven_delta_delay_veh_hours_vosl,0.41310715707301154,0.47481866899241476
R84,S2.mean_matched_queue_tail_median_scaled_hybrid_net_social_cost_nzd_mean_vosl_plan,-71.27258488886814,-75.24311258348901
R84,S2.mean_matched_queue_tail_median_scaled_hybrid_net_social_cost_nzd_median_vosl_plan,-19.924158185631345,-22.900504405504165
R84,S2.mean_matched_queue_tail_median_scaled_hybrid_p_net_benefit_vosl_plan,0.62945,0.6487
R84,S2.mean_matched_queue_tail_median_scaled_hybrid_safety_cost_nzd_mean_serious_injury,-3.7637626628113487,-3.9734382893088878
R84,S2.mean_matched_queue_tail_median_scaled_hybrid_net_social_cost_nzd_mean_serious_injury,-3.7637626628113487,-3.9734382893088878
R84,S2.mean_matched_queue_tail_median_scaled_hybrid_breakeven_delta_delay_veh_hours_mean_serious_injury,0.07803779105974185,0.08238520193466489
R84,S2.mean_matched_queue_tail_median_scaled_hybrid_safety_cost_nzd_median_serious_injury,-1.0521549454668202,-1.2093298366458638
R84,S2.mean_matched_queue_tail_median_scaled_hybrid_net_social_cost_nzd_median_serious_injury,-1.0521549454668202,-1.2093298366458638
R84,S2.mean_matched_queue_tail_median_scaled_hybrid_sum_of_medians_nzd_serious_injury,-1.0521549454668202,-1.2093298366458638
R84,S2.mean_matched_queue_tail_median_scaled_hybrid_p_net_benefit_serious_injury,0.62945,0.6487
R84,S2.mean_matched_queue_tail_median_scaled_hybrid_breakeven_delta_delay_veh_hours_serious_injury,0.021815362750711595,0.02507422427215144
R84,S2.mean_matched_queue_tail_median_scaled_hybrid_net_social_cost_nzd_mean_serious_injury_plan,-3.7637626628113487,-3.9734382893088878
R84,S2.mean_matched_queue_tail_median_scaled_hybrid_net_social_cost_nzd_median_serious_injury_plan,-1.0521549454668202,-1.2093298366458638
R84,S2.mean_matched_queue_tail_median_scaled_hybrid_p_net_benefit_serious_injury_plan,0.62945,0.6487
R85,R85_within_margin_at_nz_levels.record_central_1.2e-5.p_dh_neg,0.4311,0.43305
R85,R85_within_margin_at_nz_levels.record_central_1.2e-5.p_within_margin,0.77935,0.76605
R85,R85_within_margin_at_nz_levels.record_central_1.2e-5.dh_median,2.2962246908693206e-06,2.241418326038411e-06
R85,R85_within_margin_at_nz_levels.record_central_1.2e-5.abs_dh_p90,8.54729052284408e-05,9.035668136214796e-05
R85,R85_within_margin_at_nz_levels.nz_uncorrected_2.1e-5.p_dh_neg,0.3322,0.33625
R85,R85_within_margin_at_nz_levels.nz_uncorrected_2.1e-5.p_within_margin,0.68335,0.6736
R85,R85_within_margin_at_nz_levels.nz_uncorrected_2.1e-5.dh_median,9.182261525698807e-06,9.334484534010905e-06
R85,R85_within_margin_at_nz_levels.nz_uncorrected_2.1e-5.abs_dh_p90,0.00014316848565422392,0.00015326286347379397
R85,R85_within_margin_at_nz_levels.nz_corrected_3x_6.4e-5.p_dh_neg,0.16905,0.1763
R85,R85_within_margin_at_nz_levels.nz_corrected_3x_6.4e-5.p_within_margin,0.43645,0.43625
R85,R85_within_margin_at_nz_levels.nz_corrected_3x_6.4e-5.dh_median,4.86281372809833e-05,4.8970590593160965e-05
R85,R85_within_margin_at_nz_levels.nz_corrected_3x_6.4e-5.abs_dh_p90,0.00044336129184604773,0.0004771125175957931
R85,R85_within_margin_at_nz_levels.nz_corrected_6x_1.3e-4.p_dh_neg,0.0993,0.10565
R85,R85_within_margin_at_nz_levels.nz_corrected_6x_1.3e-4.p_within_margin,0.2893,0.2958
R85,R85_within_margin_at_nz_levels.nz_corrected_6x_1.3e-4.dh_median,0.00011273987958262496,0.00011299243839598693
R85,R85_within_margin_at_nz_levels.nz_corrected_6x_1.3e-4.abs_dh_p90,0.000907452913257927,0.0009778495941284403
R86,R86_tied_value_of_information_spans.reference_0m.strike_span,0.25995,0.2571
R86,R86_tied_value_of_information_spans.reference_0m.headon_span,0.1982,0.19369999999999998
R86,R86_tied_value_of_information_spans.reference_1m.strike_span,0.25734999999999997,0.2578
R86,R86_tied_value_of_information_spans.reference_1m.headon_span,0.1976,0.18905
R87,R67_breakeven_at_record.median_all_draws,0.029698795394514553,0.02956089070944432
R87,R67_breakeven_at_record.p20_all_draws,0.005300975239467571,0.005184882507863758
R87,R67_breakeven_at_record.median_positive_draws_only,0.030024141908551284,0.029892224260129586
R87,R67_breakeven_at_record.p20_positive_draws_only,0.00543934755762875,0.005369481122591241
R87,R67_breakeven_at_record.share_above_observed_band_top_0.079,0.3192,0.31895
R87,R67_breakeven_at_record.share_above_sampled_rate,0.4311,0.43305
R87,R67_breakeven_at_record.share_no_positive_breakeven,0.00485,0.00525
R87,R67_breakeven_on_plan_surface.median_all_draws,3.124831880611474,3.142660973679148
R87,R67_breakeven_on_plan_surface.p20_all_draws,0.14077812498327744,0.14451917200410516
R87,R67_breakeven_on_plan_surface.median_positive_draws_only,5.289583574556173,5.36186165195884
R87,R67_breakeven_on_plan_surface.p20_positive_draws_only,0.8722835465092372,0.8926182017118867
R87,R67_breakeven_on_plan_surface.share_above_observed_band_top_0.079,0.8179,0.8184
R87,R67_breakeven_on_plan_surface.share_above_sampled_rate,0.8281,0.8272
R87,R67_breakeven_on_plan_surface.share_no_positive_breakeven,0.15935,0.1594
R89,R89_coherence_and_plan_surface_clause.panel_values.full_mechanism_ratio_median,0.6066831841683797,0.6090715140411782
R89,R89_coherence_and_plan_surface_clause.panel_values.full_p5,0.060375416611637714,0.06145887437397007
R89,R89_coherence_and_plan_surface_clause.panel_values.full_p95,0.9707928635611894,0.9721756425836235
R89,R89_coherence_and_plan_surface_clause.panel_values.frame_matched_ratio_median,0.9983250243179791,0.9995503566396882
R89,R89_coherence_and_plan_surface_clause.panel_values.frame_p5,0.9720087580003015,0.9725829014275378
R89,R89_coherence_and_plan_surface_clause.panel_values.frame_p95,1.078048389917342,1.1164923756962941
R89,R89_coherence_and_plan_surface_clause.record_serious_harm_axis_queue_ceiling.full_mechanism_ratio_median,1.0005830865909728,1.0009800456253464
R89,R89_coherence_and_plan_surface_clause.record_serious_harm_axis_queue_ceiling.full_p5,0.6811096770630778,0.6786667044495541
R89,R89_coherence_and_plan_surface_clause.record_serious_harm_axis_queue_ceiling.full_p95,2.2744792065055726,2.3651333470978573
R89,R89_coherence_and_plan_surface_clause.record_serious_harm_axis_queue_ceiling.frame_matched_ratio_median,1.052685405290445,1.05319422548668
R89,R89_coherence_and_plan_surface_clause.record_serious_harm_axis_queue_ceiling.frame_p5,0.983812410854695,0.9835475289715613
R89,R89_coherence_and_plan_surface_clause.record_serious_harm_axis_queue_ceiling.frame_p95,3.1791398422811317,3.394148405440378
R89,R89_coherence_and_plan_surface_clause.record_serious_harm_axis_queue_excluded.full_mechanism_ratio_median,1.4120424948984382,1.430588300893049
R89,R89_coherence_and_plan_surface_clause.record_serious_harm_axis_queue_excluded.full_p5,0.05192611057647391,0.047299095566846576
R89,R89_coherence_and_plan_surface_clause.record_serious_harm_axis_queue_excluded.full_p95,34.005416292673075,38.6086561539002
R89,R89_coherence_and_plan_surface_clause.record_serious_harm_axis_queue_excluded.frame_matched_ratio_median,109.7389092957032,142.76364375088238
R89,R89_coherence_and_plan_surface_clause.record_serious_harm_axis_queue_excluded.frame_p5,25.339163239190942,26.056671314267223
R89,R89_coherence_and_plan_surface_clause.record_serious_harm_axis_queue_excluded.frame_p95,1058.2556175618595,2078.1005739023685
R89,R89_coherence_and_plan_surface_clause.plan_surface_collision_axis.full_mechanism_ratio_median,0.9865679663115756,0.9866215103760756
R89,R89_coherence_and_plan_surface_clause.plan_surface_collision_axis.full_p5,0.94215865648783,0.9423305543695182
R89,R89_coherence_and_plan_surface_clause.plan_surface_collision_axis.full_p95,1.0072232210074248,1.0071089844141454
R89,R89_coherence_and_plan_surface_clause.plan_surface_collision_axis.frame_matched_ratio_median,0.9925909308068976,0.9925797703719554
R89,R89_coherence_and_plan_surface_clause.plan_surface_collision_axis.frame_p5,0.9692588955386862,0.9692760396272524
R89,R89_coherence_and_plan_surface_clause.plan_surface_collision_axis.frame_p95,1.0103935625008957,1.0103846411868873
R89,R89_coherence_and_plan_surface_clause.w5_removal_on_plan_surface.p_with,0.8281,0.8272
R89,R89_coherence_and_plan_surface_clause.w5_removal_on_plan_surface.monte_carlo_interval_width,0.01045804243846811,0.01047968433356654
R90,p_collision_given_violation,4.642575506729599e-06,6.20079445137603e-06
R91,R91_non_clearing_cycles.S1a.p_dh_neg_all,0.4311,0.43305
R91,R91_non_clearing_cycles.S1a.p_dh_neg_clearing_only,0.4312938816449348,0.43329989969909727
R91,R91_non_clearing_cycles.S1b.p_dh_neg_all,0.4825,0.48465
R91,R91_non_clearing_cycles.S1b.p_dh_neg_clearing_only,0.48245927590256854,0.4850125108512485
R93,collision_multiple_record_low,7.255592908332579,9.878165853851343
R93,collision_multiple_record_high,72.5559290833258,98.78165853851343
R100,interval_summaries.signals_median.q05,-4.299603062746074e-05,-4.308157508347266e-05
R100,interval_summaries.signals_median.q25,-9.098588930617298e-06,-9.35754239844742e-06
R100,interval_summaries.signals_median.median,2.2962246908693206e-06,2.241418326038411e-06
R100,interval_summaries.signals_median.q75,2.1868572857406546e-05,2.3878459117452106e-05
R100,interval_summaries.signals_median.q95,0.0001352668162174109,0.00014423952868585277
R100,interval_summaries.signals_median.mean,2.1371734764949936e-05,2.136537974805997e-05
R100,interval_summaries.signals_median.p_lower,0.4311,0.43305
R100,interval_summaries.signals_mean.q05,-2.6213572000051367e-05,-2.6026312396248218e-05
R100,interval_summaries.signals_mean.q25,-6.883063466590429e-06,-6.8957590228213025e-06
R100,interval_summaries.signals_mean.median,-4.915531310497033e-07,-4.3726453558938884e-07
R100,interval_summaries.signals_mean.q75,4.791550871551847e-06,5.345550030754574e-06
R100,interval_summaries.signals_mean.q95,3.791553217973951e-05,4.0914302094332895e-05
R100,interval_summaries.signals_mean.mean,2.0508273634618817e-06,2.074478545337334e-06
R100,interval_summaries.signals_mean.p_lower,0.5363,0.53415
R100,interval_summaries.device_tied_0m.q05,-1.3615338548699834e-05,-1.402532458703193e-05
R100,interval_summaries.device_tied_0m.q25,-3.0330930048548255e-06,-3.4074418708293298e-06
R100,interval_summaries.device_tied_0m.median,-7.580767377545294e-08,-3.5450409655985356e-07
R100,interval_summaries.device_tied_0m.q75,2.224970693574811e-06,1.363306531398073e-06
R100,interval_summaries.device_tied_0m.q95,1.3801480485955584e-05,9.775250711787403e-06
R100,interval_summaries.device_tied_0m.mean,-4.736200842877281e-07,-1.5396185584554342e-06
R100,interval_summaries.device_tied_0m.p_lower,0.51465,0.5634
R100,interval_summaries.device_tied_1m.q05,-1.0048747114421853e-05,-1.0449030630438843e-05
R100,interval_summaries.device_tied_1m.q25,-1.8427373950559647e-06,-2.1831463321041874e-06
R100,interval_summaries.device_tied_1m.median,2.3566311687559988e-07,3.734593461133848e-09
R100,interval_summaries.device_tied_1m.q75,2.6664957375595837e-06,1.7522067183009586e-06
R100,interval_summaries.device_tied_1m.q95,1.4412025782281522e-05,1.0258305117920415e-05
R100,interval_summaries.device_tied_1m.mean,6.740532597550491e-07,-3.919452144126572e-07
R100,interval_summaries.device_tied_1m.p_lower,0.45105,0.4991
R100,interval_summaries.device_encroachment.q05,-5.345075679910589e-05,-5.44390612506855e-05
R100,interval_summaries.device_encroachment.q25,-1.6159958248843263e-05,-1.6810353425203278e-05
R100,interval_summaries.device_encroachment.median,-3.6968144387611438e-06,-4.4682969679883e-06
R100,interval_summaries.device_encroachment.q75,2.101812711676894e-06,1.3432104363748615e-06
R100,interval_summaries.device_encroachment.q95,1.410310073563645e-05,1.1550682411179564e-05
R100,interval_summaries.device_encroachment.mean,-1.1245302517539576e-05,-1.2311300991707284e-05
R100,interval_summaries.device_encroachment.p_lower,0.6527,0.6815
R100,interval_summaries.device_independent_0m.q05,-4.362728288561682e-05,-4.4884484910760714e-05
R100,interval_summaries.device_independent_0m.q25,-9.350537352528724e-06,-1.0001619880525588e-05
R100,interval_summaries.device_independent_0m.median,2.2692244867045517e-06,1.6673665430700562e-06
R100,interval_summaries.device_independent_0m.q75,1.790827616784346e-05,1.6332537783157076e-05
R100,interval_summaries.device_independent_0m.q95,5.7159030987931784e-05,5.5306853139232256e-05
R100,interval_summaries.device_independent_0m.mean,2.413690556481882e-06,1.3476920823141759e-06
R100,interval_summaries.device_independent_0m.p_lower,0.42385,0.44055
R100,signal_maps.median_matched[0][0],0.42655,0.4275
R100,signal_maps.median_matched[0][1],0.4233,0.4236
R100,signal_maps.median_matched[0][2],0.42,0.42015
R100,signal_maps.median_matched[0][3],0.4169,0.41665
R100,signal_maps.median_matched[0][4],0.41345,0.4128
R100,signal_maps.median_matched[0][5],0.40985,0.4089
R100,signal_maps.median_matched[0][6],0.4068,0.4054
R100,signal_maps.median_matched[0][7],0.4026,0.40255
R100,signal_maps.median_matched[0][8],0.39895,0.39935
R100,signal_maps.median_matched[0][9],0.39515,0.39575
R100,signal_maps.median_matched[0][10],0.3917,0.3925
R100,signal_maps.median_matched[0][11],0.3882,0.3883
R100,signal_maps.median_matched[0][12],0.38375,0.3853
R100,signal_maps.median_matched[0][13],0.3805,0.38145
R100,signal_maps.median_matched[0][14],0.37705,0.3783
R100,signal_maps.median_matched[0][15],0.374,0.375
R100,signal_maps.median_matched[0][16],0.37015,0.37135
R100,signal_maps.median_matched[0][17],0.3665,0.36865
R100,signal_maps.median_matched[0][18],0.36285,0.36575
R100,signal_maps.median_matched[0][19],0.35945,0.3628
R100,signal_maps.median_matched[0][20],0.3566,0.35925
R100,signal_maps.median_matched[0][21],0.3537,0.35585
R100,signal_maps.median_matched[0][22],0.35015,0.35245
R100,signal_maps.median_matched[0][23],0.3459,0.349
R100,signal_maps.median_matched[0][24],0.3423,0.34595
R100,signal_maps.median_matched[0][25],0.33825,0.34245
R100,signal_maps.median_matched[0][26],0.33545,0.3389
R100,signal_maps.median_matched[0][27],0.33205,0.3358
R100,signal_maps.median_matched[0][28],0.32835,0.3325
R100,signal_maps.median_matched[0][29],0.32525,0.3295
R100,signal_maps.median_matched[0][30],0.3222,0.3265
R100,signal_maps.median_matched[0][31],0.31875,0.32295
R100,signal_maps.median_matched[0][32],0.31545,0.3196
R100,signal_maps.median_matched[0][33],0.31225,0.31645
R100,signal_maps.median_matched[0][34],0.3081,0.3141
R100,signal_maps.median_matched[0][35],0.30665,0.31235
R100,signal_maps.median_matched[0][36],0.30185,0.3084
R100,signal_maps.median_matched[0][37],0.29895,0.30515
R100,signal_maps.median_matched[0][38],0.29615,0.3015
R100,signal_maps.median_matched[0][39],0.2937,0.2983
R100,signal_maps.median_matched[0][40],0.29055,0.29515
R100,signal_maps.median_matched[0][41],0.2867,0.2918
R100,signal_maps.median_matched[0][42],0.284,0.28845
R100,signal_maps.median_matched[0][43],0.28125,0.28585
R100,signal_maps.median_matched[0][44],0.27825,0.2827
R100,signal_maps.median_matched[0][45],0.27535,0.27955
R100,signal_maps.median_matched[0][46],0.272,0.27685
R100,signal_maps.median_matched[0][47],0.26895,0.27375
R100,signal_maps.median_matched[0][48],0.2663,0.27065
R100,signal_maps.median_matched[0][49],0.2638,0.2672
R100,signal_maps.median_matched[0][50],0.2606,0.26455
R100,signal_maps.median_matched[0][51],0.257,0.2618
R100,signal_maps.median_matched[0][52],0.25375,0.25875
R100,signal_maps.median_matched[0][53],0.25015,0.2562
R100,signal_maps.median_matched[0][54],0.24675,0.25375
R100,signal_maps.median_matched[0][55],0.244,0.25055
R100,signal_maps.median_matched[0][56],0.24035,0.24715
R100,signal_maps.median_matched[0][57],0.23715,0.2446
R100,signal_maps.median_matched[0][58],0.2342,0.24235
R100,signal_maps.median_matched[0][59],0.23145,0.23925
R100,signal_maps.median_matched[0][60],0.22855,0.23675
R100,signal_maps.median_matched[1][0],0.4313,0.4319
R100,signal_maps.median_matched[1][1],0.42715,0.42835
R100,signal_maps.median_matched[1][2],0.424,0.42435
R100,signal_maps.median_matched[1][3],0.4207,0.42075
R100,signal_maps.median_matched[1][4],0.41735,0.41765
R100,signal_maps.median_matched[1][5],0.41415,0.41365
R100,signal_maps.median_matched[1][6],0.4109,0.4099
R100,signal_maps.median_matched[1][7],0.4075,0.40585
R100,signal_maps.median_matched[1][8],0.40355,0.40315
R100,signal_maps.median_matched[1][9],0.39995,0.4004
R100,signal_maps.median_matched[1][10],0.3959,0.39625
R100,signal_maps.median_matched[1][11],0.39235,0.3929
R100,signal_maps.median_matched[1][12],0.3888,0.38895
R100,signal_maps.median_matched[1][13],0.38435,0.3859
R100,signal_maps.median_matched[1][14],0.38135,0.3824
R100,signal_maps.median_matched[1][15],0.37755,0.37925
R100,signal_maps.median_matched[1][16],0.3747,0.3755
R100,signal_maps.median_matched[1][17],0.37085,0.37205
R100,signal_maps.median_matched[1][18],0.367,0.36905
R100,signal_maps.median_matched[1][19],0.3636,0.3663
R100,signal_maps.median_matched[1][20],0.35995,0.3632
R100,signal_maps.median_matched[1][21],0.3572,0.3597
R100,signal_maps.median_matched[1][22],0.35425,0.35645
R100,signal_maps.median_matched[1][23],0.35115,0.35325
R100,signal_maps.median_matched[1][24],0.34665,0.34985
R100,signal_maps.median_matched[1][25],0.343,0.34645
R100,signal_maps.median_matched[1][26],0.3391,0.34315
R100,signal_maps.median_matched[1][27],0.3359,0.3398
R100,signal_maps.median_matched[1][28],0.33255,0.33655
R100,signal_maps.median_matched[1][29],0.32915,0.33315
R100,signal_maps.median_matched[1][30],0.3262,0.32995
R100,signal_maps.median_matched[1][31],0.3227,0.3272
R100,signal_maps.median_matched[1][32],0.31935,0.32375
R100,signal_maps.median_matched[1][33],0.31595,0.32035
R100,signal_maps.median_matched[1][34],0.31265,0.31705
R100,signal_maps.median_matched[1][35],0.3112,0.31555
R100,signal_maps.median_matched[1][36],0.3057,0.3118
R100,signal_maps.median_matched[1][37],0.3025,0.3091
R100,signal_maps.median_matched[1][38],0.29935,0.30565
R100,signal_maps.median_matched[1][39],0.2965,0.30195
R100,signal_maps.median_matched[1][40],0.294,0.29875
R100,signal_maps.median_matched[1][41],0.2909,0.2955
R100,signal_maps.median_matched[1][42],0.28765,0.29225
R100,signal_maps.median_matched[1][43],0.28445,0.2891
R100,signal_maps.median_matched[1][44],0.2818,0.2863
R100,signal_maps.median_matched[1][45],0.2787,0.28325
R100,signal_maps.median_matched[1][46],0.2757,0.2803
R100,signal_maps.median_matched[1][47],0.27295,0.2775
R100,signal_maps.median_matched[1][48],0.26955,0.27425
R100,signal_maps.median_matched[1][49],0.2668,0.27105
R100,signal_maps.median_matched[1][50],0.26445,0.2681
R100,signal_maps.median_matched[1][51],0.2613,0.26505
R100,signal_maps.median_matched[1][52],0.25785,0.26215
R100,signal_maps.median_matched[1][53],0.2542,0.25925
R100,signal_maps.median_matched[1][54],0.25075,0.25685
R100,signal_maps.median_matched[1][55],0.24745,0.2543
R100,signal_maps.median_matched[1][56],0.24445,0.25115
R100,signal_maps.median_matched[1][57],0.24135,0.24765
R100,signal_maps.median_matched[1][58],0.2376,0.24505
R100,signal_maps.median_matched[1][59],0.2347,0.2429
R100,signal_maps.median_matched[1][60],0.23165,0.2396
R100,signal_maps.median_matched[2][0],0.43605,0.43665
R100,signal_maps.median_matched[2][1],0.4316,0.43245
R100,signal_maps.median_matched[2][2],0.428,0.4291
R100,signal_maps.median_matched[2][3],0.42465,0.4251
R100,signal_maps.median_matched[2][4],0.4216,0.42115
R100,signal_maps.median_matched[2][5],0.41805,0.4187
R100,signal_maps.median_matched[2][6],0.415,0.41465
R100,signal_maps.median_matched[2][7],0.4116,0.4109
R100,signal_maps.median_matched[2][8],0.4081,0.4068
R100,signal_maps.median_matched[2][9],0.4042,0.404
R100,signal_maps.median_matched[2][10],0.4004,0.4009
R100,signal_maps.median_matched[2][11],0.39665,0.39715
R100,signal_maps.median_matched[2][12],0.39285,0.39345
R100,signal_maps.median_matched[2][13],0.3894,0.38995
R100,signal_maps.median_matched[2][14],0.38535,0.38675
R100,signal_maps.median_matched[2][15],0.38185,0.3833
R100,signal_maps.median_matched[2][16],0.37815,0.3798
R100,signal_maps.median_matched[2][17],0.3753,0.3764
R100,signal_maps.median_matched[2][18],0.37165,0.373
R100,signal_maps.median_matched[2][19],0.36765,0.36955
R100,signal_maps.median_matched[2][20],0.3642,0.36665
R100,signal_maps.median_matched[2][21],0.36075,0.36345
R100,signal_maps.median_matched[2][22],0.3579,0.36025
R100,signal_maps.median_matched[2][23],0.35485,0.35725
R100,signal_maps.median_matched[2][24],0.35165,0.3539
R100,signal_maps.median_matched[2][25],0.34755,0.3507
R100,signal_maps.median_matched[2][26],0.3438,0.3472
R100,signal_maps.median_matched[2][27],0.3399,0.34375
R100,signal_maps.median_matched[2][28],0.33655,0.34055
R100,signal_maps.median_matched[2][29],0.3333,0.33715
R100,signal_maps.median_matched[2][30],0.32975,0.3336
R100,signal_maps.median_matched[2][31],0.32675,0.3305
R100,signal_maps.median_matched[2][32],0.32335,0.3277
R100,signal_maps.median_matched[2][33],0.3199,0.32445
R100,signal_maps.median_matched[2][34],0.3166,0.32115
R100,signal_maps.median_matched[2][35],0.31495,0.31925
R100,signal_maps.median_matched[2][36],0.3101,0.315
R100,signal_maps.median_matched[2][37],0.3065,0.3124
R100,signal_maps.median_matched[2][38],0.30335,0.3099
R100,signal_maps.median_matched[2][39],0.3003,0.3064
R100,signal_maps.median_matched[2][40],0.2971,0.30255
R100,signal_maps.median_matched[2][41],0.2944,0.2996
R100,signal_maps.median_matched[2][42],0.2916,0.296
R100,signal_maps.median_matched[2][43],0.2884,0.2931
R100,signal_maps.median_matched[2][44],0.28505,0.28995
R100,signal_maps.median_matched[2][45],0.28235,0.28665
R100,signal_maps.median_matched[2][46],0.2796,0.2839
R100,signal_maps.median_matched[2][47],0.27635,0.2808
R100,signal_maps.median_matched[2][48],0.27345,0.27775
R100,signal_maps.median_matched[2][49],0.27025,0.27475
R100,signal_maps.median_matched[2][50],0.2672,0.27185
R100,signal_maps.median_matched[2][51],0.2649,0.26835
R100,signal_maps.median_matched[2][52],0.26175,0.26545
R100,signal_maps.median_matched[2][53],0.25875,0.2628
R100,signal_maps.median_matched[2][54],0.25465,0.2597
R100,signal_maps.median_matched[2][55],0.25115,0.25725
R100,signal_maps.median_matched[2][56],0.2482,0.2547
R100,signal_maps.median_matched[2][57],0.2451,0.2519
R100,signal_maps.median_matched[2][58],0.24215,0.2486
R100,signal_maps.median_matched[2][59],0.23815,0.2455
R100,signal_maps.median_matched[2][60],0.23515,0.2432
R100,signal_maps.median_matched[3][0],0.4397,0.4405
R100,signal_maps.median_matched[3][1],0.4368,0.43735
R100,signal_maps.median_matched[3][2],0.43245,0.43315
R100,signal_maps.median_matched[3][3],0.42875,0.43
R100,signal_maps.median_matched[3][4],0.4255,0.42575
R100,signal_maps.median_matched[3][5],0.422,0.4218
R100,signal_maps.median_matched[3][6],0.4189,0.41935
R100,signal_maps.median_matched[3][7],0.41565,0.41535
R100,signal_maps.median_matched[3][8],0.41225,0.41185
R100,signal_maps.median_matched[3][9],0.40875,0.40755
R100,signal_maps.median_matched[3][10],0.40495,0.40435
R100,signal_maps.median_matched[3][11],0.40095,0.40155
R100,signal_maps.median_matched[3][12],0.3974,0.39795
R100,signal_maps.median_matched[3][13],0.39405,0.39445
R100,signal_maps.median_matched[3][14],0.39015,0.39095
R100,signal_maps.median_matched[3][15],0.38625,0.38755
R100,signal_maps.median_matched[3][16],0.3827,0.38405
R100,signal_maps.median_matched[3][17],0.37895,0.3804
R100,signal_maps.median_matched[3][18],0.3759,0.377
R100,signal_maps.median_matched[3][19],0.37255,0.3738
R100,signal_maps.median_matched[3][20],0.36845,0.3702
R100,signal_maps.median_matched[3][21],0.36485,0.36715
R100,signal_maps.median_matched[3][22],0.36135,0.36425
R100,signal_maps.median_matched[3][23],0.3584,0.36085
R100,signal_maps.median_matched[3][24],0.3557,0.3577
R100,signal_maps.median_matched[3][25],0.3524,0.3544
R100,signal_maps.median_matched[3][26],0.34825,0.3513
R100,signal_maps.median_matched[3][27],0.34445,0.34795
R100,signal_maps.median_matched[3][28],0.3408,0.3443
R100,signal_maps.median_matched[3][29],0.33715,0.341
R100,signal_maps.median_matched[3][30],0.33385,0.3378
R100,signal_maps.median_matched[3][31],0.3304,0.3345
R100,signal_maps.median_matched[3][32],0.3275,0.33085
R100,signal_maps.median_matched[3][33],0.324,0.3281
R100,signal_maps.median_matched[3][34],0.32055,0.325
R100,signal_maps.median_matched[3][35],0.3188,0.3231
R100,signal_maps.median_matched[3][36],0.31395,0.31855
R100,signal_maps.median_matched[3][37],0.3108,0.31535
R100,signal_maps.median_matched[3][38],0.3071,0.3129
R100,signal_maps.median_matched[3][39],0.30385,0.3104
R100,signal_maps.median_matched[3][40],0.30075,0.30725
R100,signal_maps.median_matched[3][41],0.29765,0.303
R100,signal_maps.median_matched[3][42],0.2947,0.29995
R100,signal_maps.median_matched[3][43],0.2923,0.29685
R100,signal_maps.median_matched[3][44],0.28895,0.2934
R100,signal_maps.median_matched[3][45],0.2854,0.2905
R100,signal_maps.median_matched[3][46],0.2828,0.28715
R100,signal_maps.median_matched[3][47],0.2804,0.2844
R100,signal_maps.median_matched[3][48],0.27655,0.2814
R100,signal_maps.median_matched[3][49],0.27395,0.2784
R100,signal_maps.median_matched[3][50],0.2706,0.2753
R100,signal_maps.median_matched[3][51],0.2677,0.2721
R100,signal_maps.median_matched[3][52],0.2651,0.269
R100,signal_maps.median_matched[3][53],0.26225,0.2661
R100,signal_maps.median_matched[3][54],0.25965,0.26335
R100,signal_maps.median_matched[3][55],0.2555,0.26035
R100,signal_maps.median_matched[3][56],0.2516,0.25765
R100,signal_maps.median_matched[3][57],0.24885,0.2551
R100,signal_maps.median_matched[3][58],0.24575,0.2523
R100,signal_maps.median_matched[3][59],0.24275,0.24915
R100,signal_maps.median_matched[3][60],0.23885,0.24605
R100,signal_maps.median_matched[4][0],0.4443,0.44535
R100,signal_maps.median_matched[4][1],0.44045,0.4414
R100,signal_maps.median_matched[4][2],0.4378,0.43785
R100,signal_maps.median_matched[4][3],0.4336,0.4345
R100,signal_maps.median_matched[4][4],0.4299,0.4306
R100,signal_maps.median_matched[4][5],0.42605,0.42675
R100,signal_maps.median_matched[4][6],0.42265,0.42275
R100,signal_maps.median_matched[4][7],0.4197,0.4199
R100,signal_maps.median_matched[4][8],0.41625,0.416
R100,signal_maps.median_matched[4][9],0.413,0.4123
R100,signal_maps.median_matched[4][10],0.40925,0.4084
R100,signal_maps.median_matched[4][11],0.40585,0.40505
R100,signal_maps.median_matched[4][12],0.4019,0.40215
R100,signal_maps.median_matched[4][13],0.39785,0.399
R100,signal_maps.median_matched[4][14],0.39485,0.39555
R100,signal_maps.median_matched[4][15],0.39085,0.3915
R100,signal_maps.median_matched[4][16],0.38705,0.38795
R100,signal_maps.median_matched[4][17],0.3831,0.38495
R100,signal_maps.median_matched[4][18],0.3795,0.38075
R100,signal_maps.median_matched[4][19],0.3763,0.37745
R100,signal_maps.median_matched[4][20],0.37335,0.3743
R100,signal_maps.median_matched[4][21],0.3691,0.37105
R100,signal_maps.median_matched[4][22],0.36535,0.36795
R100,signal_maps.median_matched[4][23],0.36165,0.365
R100,signal_maps.median_matched[4][24],0.35925,0.3619
R100,signal_maps.median_matched[4][25],0.3563,0.3584
R100,signal_maps.median_matched[4][26],0.35325,0.35505
R100,signal_maps.median_matched[4][27],0.34925,0.3518
R100,signal_maps.median_matched[4][28],0.3454,0.3486
R100,signal_maps.median_matched[4][29],0.34155,0.3452
R100,signal_maps.median_matched[4][30],0.3378,0.3416
R100,signal_maps.median_matched[4][31],0.3344,0.3381
R100,signal_maps.median_matched[4][32],0.33095,0.3353
R100,signal_maps.median_matched[4][33],0.3279,0.3317
R100,signal_maps.median_matched[4][34],0.3247,0.32855
R100,signal_maps.median_matched[4][35],0.3229,0.32735
R100,signal_maps.median_matched[4][36],0.31805,0.32205
R100,signal_maps.median_matched[4][37],0.3148,0.3188
R100,signal_maps.median_matched[4][38],0.31175,0.31595
R100,signal_maps.median_matched[4][39],0.30755,0.3135
R100,signal_maps.median_matched[4][40],0.3043,0.31085
R100,signal_maps.median_matched[4][41],0.3015,0.30775
R100,signal_maps.median_matched[4][42],0.2984,0.3042
R100,signal_maps.median_matched[4][43],0.29525,0.30045
R100,signal_maps.median_matched[4][44],0.2928,0.29735
R100,signal_maps.median_matched[4][45],0.2897,0.29405
R100,signal_maps.median_matched[4][46],0.2861,0.29085
R100,signal_maps.median_matched[4][47],0.2831,0.28765
R100,signal_maps.median_matched[4][48],0.28095,0.2851
R100,signal_maps.median_matched[4][49],0.2775,0.282
R100,signal_maps.median_matched[4][50],0.2746,0.279
R100,signal_maps.median_matched[4][51],0.2712,0.27575
R100,signal_maps.median_matched[4][52],0.26815,0.2726
R100,signal_maps.median_matched[4][53],0.2656,0.2696
R100,signal_maps.median_matched[4][54],0.2629,0.2666
R100,signal_maps.median_matched[4][55],0.26005,0.26375
R100,signal_maps.median_matched[4][56],0.2562,0.26085
R100,signal_maps.median_matched[4][57],0.2524,0.25805
R100,signal_maps.median_matched[4][58],0.24925,0.25555
R100,signal_maps.median_matched[4][59],0.2462,0.2527
R100,signal_maps.median_matched[4][60],0.2432,0.2497
R100,signal_maps.median_matched[5][0],0.44885,0.45025
R100,signal_maps.median_matched[5][1],0.445,0.4461
R100,signal_maps.median_matched[5][2],0.4411,0.4423
R100,signal_maps.median_matched[5][3],0.43835,0.43895
R100,signal_maps.median_matched[5][4],0.43415,0.4353
R100,signal_maps.median_matched[5][5],0.4308,0.4314
R100,signal_maps.median_matched[5][6],0.4267,0.4276
R100,signal_maps.median_matched[5][7],0.4235,0.42345
R100,signal_maps.median_matched[5][8],0.42025,0.4203
R100,signal_maps.median_matched[5][9],0.4169,0.41675
R100,signal_maps.median_matched[5][10],0.41365,0.41315
R100,signal_maps.median_matched[5][11],0.40985,0.40915
R100,signal_maps.median_matched[5][12],0.4064,0.4054
R100,signal_maps.median_matched[5][13],0.4027,0.4028
R100,signal_maps.median_matched[5][14],0.3987,0.39965
R100,signal_maps.median_matched[5][15],0.39545,0.39625
R100,signal_maps.median_matched[5][16],0.39145,0.3922
R100,signal_maps.median_matched[5][17],0.38785,0.38835
R100,signal_maps.median_matched[5][18],0.3839,0.3855
R100,signal_maps.median_matched[5][19],0.3803,0.38165
R100,signal_maps.median_matched[5][20],0.37695,0.37845
R100,signal_maps.median_matched[5][21],0.374,0.375
R100,signal_maps.median_matched[5][22],0.37005,0.3716
R100,signal_maps.median_matched[5][23],0.3661,0.3686
R100,signal_maps.median_matched[5][24],0.3624,0.36565
R100,signal_maps.median_matched[5][25],0.3598,0.3626
R100,signal_maps.median_matched[5][26],0.3567,0.35925
R100,signal_maps.median_matched[5][27],0.35385,0.35555
R100,signal_maps.median_matched[5][28],0.3501,0.3525
R100,signal_maps.median_matched[5][29],0.34605,0.34925
R100,signal_maps.median_matched[5][30],0.34225,0.34615
R100,signal_maps.median_matched[5][31],0.3385,0.34245
R100,signal_maps.median_matched[5][32],0.3352,0.3389
R100,signal_maps.median_matched[5][33],0.3318,0.33595
R100,signal_maps.median_matched[5][34],0.32835,0.3323
R100,signal_maps.median_matched[5][35],0.3268,0.3306
R100,signal_maps.median_matched[5][36],0.3219,0.32655
R100,signal_maps.median_matched[5][37],0.3189,0.32285
R100,signal_maps.median_matched[5][38],0.31515,0.31955
R100,signal_maps.median_matched[5][39],0.3122,0.3166
R100,signal_maps.median_matched[5][40],0.3084,0.3142
R100,signal_maps.median_matched[5][41],0.30475,0.31135
R100,signal_maps.median_matched[5][42],0.30175,0.30835
R100,signal_maps.median_matched[5][43],0.29885,0.3049
R100,signal_maps.median_matched[5][44],0.2962,0.3012
R100,signal_maps.median_matched[5][45],0.29345,0.29805
R100,signal_maps.median_matched[5][46],0.29035,0.2949
R100,signal_maps.median_matched[5][47],0.2868,0.29165
R100,signal_maps.median_matched[5][48],0.28375,0.28805
R100,signal_maps.median_matched[5][49],0.2815,0.2857
R100,signal_maps.median_matched[5][50],0.27825,0.28255
R100,signal_maps.median_matched[5][51],0.275,0.2796
R100,signal_maps.median_matched[5][52],0.27205,0.27665
R100,signal_maps.median_matched[5][53],0.2688,0.273
R100,signal_maps.median_matched[5][54],0.2661,0.2703
R100,signal_maps.median_matched[5][55],0.26355,0.2671
R100,signal_maps.median_matched[5][56],0.26065,0.26425
R100,signal_maps.median_matched[5][57],0.2568,0.26185
R100,signal_maps.median_matched[5][58],0.2533,0.25865
R100,signal_maps.median_matched[5][59],0.25,0.25595
R100,signal_maps.median_matched[5][60],0.24685,0.2533
R100,signal_maps.median_matched[6][0],0.45405,0.455
R100,signal_maps.median_matched[6][1],0.4498,0.45115
R100,signal_maps.median_matched[6][2],0.4461,0.44675
R100,signal_maps.median_matched[6][3],0.4421,0.44305
R100,signal_maps.median_matched[6][4],0.4389,0.43965
R100,signal_maps.median_matched[6][5],0.435,0.43595
R100,signal_maps.median_matched[6][6],0.4313,0.4318
R100,signal_maps.median_matched[6][7],0.4273,0.4284
R100,signal_maps.median_matched[6][8],0.42455,0.42445
R100,signal_maps.median_matched[6][9],0.42075,0.42085
R100,signal_maps.median_matched[6][10],0.4178,0.4175
R100,signal_maps.median_matched[6][11],0.4141,0.4135
R100,signal_maps.median_matched[6][12],0.4106,0.40995
R100,signal_maps.median_matched[6][13],0.4072,0.40625
R100,signal_maps.median_matched[6][14],0.40355,0.4034
R100,signal_maps.median_matched[6][15],0.3997,0.4004
R100,signal_maps.median_matched[6][16],0.3959,0.39675
R100,signal_maps.median_matched[6][17],0.3923,0.39295
R100,signal_maps.median_matched[6][18],0.3889,0.389
R100,signal_maps.median_matched[6][19],0.3846,0.38635
R100,signal_maps.median_matched[6][20],0.381,0.3825
R100,signal_maps.median_matched[6][21],0.3774,0.37915
R100,signal_maps.median_matched[6][22],0.37455,0.3756
R100,signal_maps.median_matched[6][23],0.3709,0.37215
R100,signal_maps.median_matched[6][24],0.36705,0.3693
R100,signal_maps.median_matched[6][25],0.36355,0.36615
R100,signal_maps.median_matched[6][26],0.36,0.3633
R100,signal_maps.median_matched[6][27],0.35725,0.3598
R100,signal_maps.median_matched[6][28],0.35435,0.35615
R100,signal_maps.median_matched[6][29],0.351,0.35305
R100,signal_maps.median_matched[6][30],0.3467,0.34965
R100,signal_maps.median_matched[6][31],0.3431,0.3468
R100,signal_maps.median_matched[6][32],0.3391,0.34325
R100,signal_maps.median_matched[6][33],0.3358,0.3397
R100,signal_maps.median_matched[6][34],0.33265,0.33655
R100,signal_maps.median_matched[6][35],0.33035,0.33465
R100,signal_maps.median_matched[6][36],0.32595,0.33
R100,signal_maps.median_matched[6][37],0.3227,0.32715
R100,signal_maps.median_matched[6][38],0.3192,0.3234
R100,signal_maps.median_matched[6][39],0.31565,0.3203
R100,signal_maps.median_matched[6][40],0.3126,0.317
R100,signal_maps.median_matched[6][41],0.30865,0.3146
R100,signal_maps.median_matched[6][42],0.30545,0.31205
R100,signal_maps.median_matched[6][43],0.3025,0.3089
R100,signal_maps.median_matched[6][44],0.29955,0.3055
R100,signal_maps.median_matched[6][45],0.2967,0.3018
R100,signal_maps.median_matched[6][46],0.2941,0.2985
R100,signal_maps.median_matched[6][47],0.2912,0.29555
R100,signal_maps.median_matched[6][48],0.2876,0.29215
R100,signal_maps.median_matched[6][49],0.2845,0.28895
R100,signal_maps.median_matched[6][50],0.28185,0.28615
R100,signal_maps.median_matched[6][51],0.2789,0.28315
R100,signal_maps.median_matched[6][52],0.2756,0.27995
R100,signal_maps.median_matched[6][53],0.27265,0.27735
R100,signal_maps.median_matched[6][54],0.26915,0.27395
R100,signal_maps.median_matched[6][55],0.2668,0.2708
R100,signal_maps.median_matched[6][56],0.2639,0.26755
R100,signal_maps.median_matched[6][57],0.26105,0.2649
R100,signal_maps.median_matched[6][58],0.2573,0.26235
R100,signal_maps.median_matched[6][59],0.2542,0.259
R100,signal_maps.median_matched[6][60],0.25075,0.2564
R100,signal_maps.median_matched[7][0],0.4577,0.4588
R100,signal_maps.median_matched[7][1],0.4548,0.45545
R100,signal_maps.median_matched[7][2],0.45065,0.4518
R100,signal_maps.median_matched[7][3],0.447,0.4477
R100,signal_maps.median_matched[7][4],0.4428,0.44405
R100,signal_maps.median_matched[7][5],0.4397,0.4404
R100,signal_maps.median_matched[7][6],0.436,0.4367
R100,signal_maps.median_matched[7][7],0.43195,0.43285
R100,signal_maps.median_matched[7][8],0.4279,0.42925
R100,signal_maps.median_matched[7][10],0.4216,0.42135
R100,signal_maps.median_matched[7][11],0.4182,0.4184
R100,signal_maps.median_matched[7][12],0.41505,0.4144
R100,signal_maps.median_matched[7][13],0.41125,0.41075
R100,signal_maps.median_matched[7][14],0.40775,0.40705
R100,signal_maps.median_matched[7][15],0.40405,0.40385
R100,signal_maps.median_matched[7][16],0.40055,0.40135
R100,signal_maps.median_matched[7][17],0.39675,0.39735
R100,signal_maps.median_matched[7][18],0.3931,0.3939
R100,signal_maps.median_matched[7][19],0.3897,0.38965
R100,signal_maps.median_matched[7][20],0.3852,0.38685
R100,signal_maps.median_matched[7][21],0.38175,0.38295
R100,signal_maps.median_matched[7][22],0.3779,0.38005
R100,signal_maps.median_matched[7][23],0.3751,0.37615
R100,signal_maps.median_matched[7][24],0.37145,0.37295
R100,signal_maps.median_matched[7][25],0.36765,0.36985
R100,signal_maps.median_matched[7][26],0.36395,0.36695
R100,signal_maps.median_matched[7][27],0.36045,0.36365
R100,signal_maps.median_matched[7][28],0.35775,0.3604
R100,signal_maps.median_matched[7][29],0.3549,0.35695
R100,signal_maps.median_matched[7][30],0.35175,0.35375
R100,signal_maps.median_matched[7][31],0.3473,0.3503
R100,signal_maps.median_matched[7][32],0.3437,0.3473
R100,signal_maps.median_matched[7][33],0.33965,0.34375
R100,signal_maps.median_matched[7][34],0.3366,0.34025
R100,signal_maps.median_matched[7][35],0.3346,0.3385
R100,signal_maps.median_matched[7][36],0.32965,0.33365
R100,signal_maps.median_matched[7][37],0.32655,0.33055
R100,signal_maps.median_matched[7][38],0.3231,0.32765
R100,signal_maps.median_matched[7][39],0.3199,0.3244
R100,signal_maps.median_matched[7][40],0.3167,0.3208
R100,signal_maps.median_matched[7][41],0.31295,0.31755
R100,signal_maps.median_matched[7][42],0.30965,0.31505
R100,signal_maps.median_matched[7][43],0.3063,0.31245
R100,signal_maps.median_matched[7][44],0.3031,0.3098
R100,signal_maps.median_matched[7][45],0.30015,0.3063
R100,signal_maps.median_matched[7][46],0.2972,0.30255
R100,signal_maps.median_matched[7][47],0.29445,0.29925
R100,signal_maps.median_matched[7][48],0.2917,0.29595
R100,signal_maps.median_matched[7][49],0.28835,0.2926
R100,signal_maps.median_matched[7][50],0.28495,0.2894
R100,signal_maps.median_matched[7][51],0.28215,0.2866
R100,signal_maps.median_matched[7][52],0.2793,0.2837
R100,signal_maps.median_matched[7][53],0.2759,0.2807
R100,signal_maps.median_matched[7][54],0.27315,0.27775
R100,signal_maps.median_matched[7][55],0.26975,0.2745
R100,signal_maps.median_matched[7][56],0.2671,0.2714
R100,signal_maps.median_matched[7][57],0.2646,0.26835
R100,signal_maps.median_matched[7][58],0.2615,0.26525
R100,signal_maps.median_matched[7][59],0.2581,0.2625
R100,signal_maps.median_matched[7][60],0.2545,0.2597
R100,signal_maps.median_matched[8][0],0.4627,0.4631
R100,signal_maps.median_matched[8][1],0.45835,0.45955
R100,signal_maps.median_matched[8][2],0.4554,0.45575
R100,signal_maps.median_matched[8][3],0.4513,0.45265
R100,signal_maps.median_matched[8][4],0.44765,0.44835
R100,signal_maps.median_matched[8][5],0.44345,0.44465
R100,signal_maps.median_matched[8][6],0.44015,0.44105
R100,signal_maps.median_matched[8][7],0.437,0.43765
R100,signal_maps.median_matched[8][8],0.43255,0.43365
R100,signal_maps.median_matched[8][9],0.4289,0.4301
R100,signal_maps.median_matched[8][10],0.42565,0.4258
R100,signal_maps.median_matched[8][11],0.4226,0.4219
R100,signal_maps.median_matched[8][12],0.41905,0.4191
R100,signal_maps.median_matched[8][13],0.41575,0.41525
R100,signal_maps.median_matched[8][14],0.4125,0.41145
R100,signal_maps.median_matched[8][15],0.4087,0.40775
R100,signal_maps.median_matched[8][16],0.4049,0.40445
R100,signal_maps.median_matched[8][17],0.4012,0.40185
R100,signal_maps.median_matched[8][18],0.3972,0.39765
R100,signal_maps.median_matched[8][19],0.3937,0.39465
R100,signal_maps.median_matched[8][20],0.39025,0.3908
R100,signal_maps.median_matched[8][21],0.3861,0.3875
R100,signal_maps.median_matched[8][22],0.38265,0.38395
R100,signal_maps.median_matched[8][23],0.37855,0.3805
R100,signal_maps.median_matched[8][24],0.37585,0.3769
R100,signal_maps.median_matched[8][25],0.37215,0.3738
R100,signal_maps.median_matched[8][26],0.3683,0.3703
R100,signal_maps.median_matched[8][27],0.36455,0.36745
R100,signal_maps.median_matched[8][28],0.36105,0.36435
R100,signal_maps.median_matched[8][29],0.3585,0.361
R100,signal_maps.median_matched[8][30],0.35545,0.3576
R100,signal_maps.median_matched[8][31],0.35225,0.3545
R100,signal_maps.median_matched[8][32],0.3482,0.35095
R100,signal_maps.median_matched[8][33],0.34425,0.3479
R100,signal_maps.median_matched[8][34],0.3404,0.34445
R100,signal_maps.median_matched[8][35],0.3387,0.34265
R100,signal_maps.median_matched[8][36],0.33375,0.3378
R100,signal_maps.median_matched[8][37],0.33035,0.33415
R100,signal_maps.median_matched[8][38],0.32725,0.331
R100,signal_maps.median_matched[8][39],0.3237,0.32815
R100,signal_maps.median_matched[8][40],0.32045,0.32495
R100,signal_maps.median_matched[8][41],0.3173,0.32155
R100,signal_maps.median_matched[8][42],0.31355,0.3184
R100,signal_maps.median_matched[8][43],0.31025,0.3154
R100,signal_maps.median_matched[8][44],0.30695,0.313
R100,signal_maps.median_matched[8][45],0.30355,0.31035
R100,signal_maps.median_matched[8][46],0.30045,0.3072
R100,signal_maps.median_matched[8][47],0.29755,0.3032
R100,signal_maps.median_matched[8][48],0.2949,0.29995
R100,signal_maps.median_matched[8][49],0.29195,0.2965
R100,signal_maps.median_matched[8][50],0.28895,0.2931
R100,signal_maps.median_matched[8][51],0.2853,0.29015
R100,signal_maps.median_matched[8][52],0.28275,0.28715
R100,signal_maps.median_matched[8][53],0.28,0.28425
R100,signal_maps.median_matched[8][54],0.27685,0.28135
R100,signal_maps.median_matched[8][55],0.27365,0.27815
R100,signal_maps.median_matched[8][56],0.27035,0.27505
R100,signal_maps.median_matched[8][57],0.2676,0.27195
R100,signal_maps.median_matched[8][58],0.2652,0.26875
R100,signal_maps.median_matched[8][59],0.262,0.2659
R100,signal_maps.median_matched[8][60],0.25915,0.2631
R100,signal_maps.median_matched[9][0],0.4678,0.46685
R100,signal_maps.median_matched[9][1],0.46345,0.4638
R100,signal_maps.median_matched[9][2],0.4591,0.46035
R100,signal_maps.median_matched[9][3],0.45615,0.45665
R100,signal_maps.median_matched[9][4],0.4522,0.4535
R100,signal_maps.median_matched[9][5],0.4483,0.4492
R100,signal_maps.median_matched[9][6],0.44445,0.4453
R100,signal_maps.median_matched[9][7],0.44045,0.4417
R100,signal_maps.median_matched[9][8],0.4378,0.4385
R100,signal_maps.median_matched[9][9],0.4334,0.43455
R100,signal_maps.median_matched[9][10],0.42975,0.4309
R100,signal_maps.median_matched[9][11],0.4261,0.42665
R100,signal_maps.median_matched[9][12],0.4231,0.42265
R100,signal_maps.median_matched[9][13],0.41965,0.4198
R100,signal_maps.median_matched[9][14],0.41645,0.41595
R100,signal_maps.median_matched[9][15],0.413,0.4122
R100,signal_maps.median_matched[9][16],0.40965,0.4083
R100,signal_maps.median_matched[9][17],0.40555,0.405
R100,signal_maps.median_matched[9][18],0.40165,0.4024
R100,signal_maps.median_matched[9][19],0.39785,0.3985
R100,signal_maps.median_matched[9][20],0.3946,0.3955
R100,signal_maps.median_matched[9][21],0.3911,0.3915
R100,signal_maps.median_matched[9][22],0.3872,0.388
R100,signal_maps.median_matched[9][23],0.3835,0.38475
R100,signal_maps.median_matched[9][24],0.3794,0.38105
R100,signal_maps.median_matched[9][25],0.3762,0.3776
R100,signal_maps.median_matched[9][26],0.3731,0.3746
R100,signal_maps.median_matched[9][27],0.369,0.37095
R100,signal_maps.median_matched[9][28],0.3653,0.36775
R100,signal_maps.median_matched[9][29],0.3616,0.36505
R100,signal_maps.median_matched[9][30],0.35905,0.36155
R100,signal_maps.median_matched[9][31],0.35615,0.35825
R100,signal_maps.median_matched[9][32],0.35305,0.35475
R100,signal_maps.median_matched[9][33],0.34875,0.3517
R100,signal_maps.median_matched[9][34],0.3452,0.3485
R100,signal_maps.median_matched[9][35],0.34345,0.3469
R100,signal_maps.median_matched[9][36],0.338,0.34195
R100,signal_maps.median_matched[9][37],0.3344,0.33825
R100,signal_maps.median_matched[9][38],0.33075,0.335
R100,signal_maps.median_matched[9][39],0.32785,0.33155
R100,signal_maps.median_matched[9][40],0.32445,0.32865
R100,signal_maps.median_matched[9][41],0.32095,0.32565
R100,signal_maps.median_matched[9][42],0.31815,0.32225
R100,signal_maps.median_matched[9][43],0.31415,0.319
R100,signal_maps.median_matched[9][44],0.31095,0.31555
R100,signal_maps.median_matched[9][45],0.30745,0.31335
R100,signal_maps.median_matched[9][46],0.30405,0.31085
R100,signal_maps.median_matched[9][47],0.3012,0.30775
R100,signal_maps.median_matched[9][48],0.29825,0.3038
R100,signal_maps.median_matched[9][49],0.2951,0.30075
R100,signal_maps.median_matched[9][50],0.29255,0.2971
R100,signal_maps.median_matched[9][51],0.28945,0.294
R100,signal_maps.median_matched[9][52],0.28605,0.29085
R100,signal_maps.median_matched[9][53],0.2832,0.2875
R100,signal_maps.median_matched[9][54],0.28075,0.28475
R100,signal_maps.median_matched[9][55],0.27725,0.2818
R100,signal_maps.median_matched[9][56],0.27425,0.27875
R100,signal_maps.median_matched[9][57],0.27115,0.27585
R100,signal_maps.median_matched[9][58],0.268,0.27235
R100,signal_maps.median_matched[9][59],0.2657,0.2693
R100,signal_maps.median_matched[9][60],0.26265,0.26645
R100,signal_maps.median_matched[10][0],0.47235,0.4716
R100,signal_maps.median_matched[10][1],0.46845,0.46765
R100,signal_maps.median_matched[10][2],0.46435,0.46425
R100,signal_maps.median_matched[10][3],0.4602,0.46085
R100,signal_maps.median_matched[10][4],0.4568,0.4575
R100,signal_maps.median_matched[10][5],0.4532,0.45425
R100,signal_maps.median_matched[10][6],0.44895,0.4501
R100,signal_maps.median_matched[10][7],0.4453,0.4463
R100,signal_maps.median_matched[10][8],0.44115,0.44255
R100,signal_maps.median_matched[10][9],0.4386,0.4391
R100,signal_maps.median_matched[10][10],0.4343,0.4353
R100,signal_maps.median_matched[10][11],0.43075,0.43165
R100,signal_maps.median_matched[10][12],0.42665,0.4276
R100,signal_maps.median_matched[10][13],0.4236,0.4233
R100,signal_maps.median_matched[10][14],0.4204,0.4206
R100,signal_maps.median_matched[10][15],0.4169,0.4165
R100,signal_maps.median_matched[10][16],0.41395,0.4128
R100,signal_maps.median_matched[10][17],0.4102,0.409
R100,signal_maps.median_matched[10][18],0.40625,0.40575
R100,signal_maps.median_matched[10][19],0.40245,0.40275
R100,signal_maps.median_matched[10][20],0.39845,0.39955
R100,signal_maps.median_matched[10][21],0.39525,0.3961
R100,signal_maps.median_matched[10][22],0.3916,0.3924
R100,signal_maps.median_matched[10][23],0.388,0.38865
R100,signal_maps.median_matched[10][24],0.38405,0.3858
R100,signal_maps.median_matched[10][25],0.38015,0.3817
R100,signal_maps.median_matched[10][26],0.37685,0.3783
R100,signal_maps.median_matched[10][27],0.37385,0.37505
R100,signal_maps.median_matched[10][28],0.36985,0.3719
R100,signal_maps.median_matched[10][29],0.36585,0.3687
R100,signal_maps.median_matched[10][30],0.3624,0.36555
R100,signal_maps.median_matched[10][31],0.3595,0.3626
R100,signal_maps.median_matched[10][32],0.3568,0.35915
R100,signal_maps.median_matched[10][33],0.3538,0.35545
R100,signal_maps.median_matched[10][34],0.34965,0.3523
R100,signal_maps.median_matched[10][35],0.34735,0.3503
R100,signal_maps.median_matched[10][36],0.34195,0.34585
R100,signal_maps.median_matched[10][37],0.3385,0.3424
R100,signal_maps.median_matched[10][38],0.33515,0.33895
R100,signal_maps.median_matched[10][39],0.33145,0.33595
R100,signal_maps.median_matched[10][40],0.3284,0.3322
R100,signal_maps.median_matched[10][41],0.3253,0.32935
R100,signal_maps.median_matched[10][42],0.32175,0.32645
R100,signal_maps.median_matched[10][43],0.3188,0.32275
R100,signal_maps.median_matched[10][44],0.3152,0.3195
R100,signal_maps.median_matched[10][45],0.3117,0.31625
R100,signal_maps.median_matched[10][46],0.30785,0.3137
R100,signal_maps.median_matched[10][47],0.30475,0.31115
R100,signal_maps.median_matched[10][48],0.3018,0.30825
R100,signal_maps.median_matched[10][49],0.29865,0.3046
R100,signal_maps.median_matched[10][50],0.2956,0.3012
R100,signal_maps.median_matched[10][51],0.2931,0.2976
R100,signal_maps.median_matched[10][52],0.2901,0.2945
R100,signal_maps.median_matched[10][53],0.2867,0.2913
R100,signal_maps.median_matched[10][54],0.2835,0.28805
R100,signal_maps.median_matched[10][55],0.2813,0.2854
R100,signal_maps.median_matched[10][56],0.27815,0.28235
R100,signal_maps.median_matched[10][57],0.2748,0.27915
R100,signal_maps.median_matched[10][58],0.2716,0.2762
R100,signal_maps.median_matched[10][59],0.2685,0.27305
R100,signal_maps.median_matched[10][60],0.26615,0.2698
R100,signal_maps.median_matched[11][0],0.47665,0.4753
R100,signal_maps.median_matched[11][1],0.4731,0.47235
R100,signal_maps.median_matched[11][2],0.46935,0.46865
R100,signal_maps.median_matched[11][4],0.4612,0.4618
R100,signal_maps.median_matched[11][5],0.45725,0.45815
R100,signal_maps.median_matched[11][6],0.454,0.45495
R100,signal_maps.median_matched[11][7],0.44965,0.45075
R100,signal_maps.median_matched[11][8],0.44605,0.4469
R100,signal_maps.median_matched[11][9],0.44185,0.44305
R100,signal_maps.median_matched[11][10],0.43905,0.4399
R100,signal_maps.median_matched[11][11],0.43495,0.4362
R100,signal_maps.median_matched[11][12],0.43155,0.43235
R100,signal_maps.median_matched[11][13],0.42745,0.42825
R100,signal_maps.median_matched[11][14],0.4242,0.42425
R100,signal_maps.median_matched[11][15],0.42105,0.4211
R100,signal_maps.median_matched[11][16],0.41775,0.41735
R100,signal_maps.median_matched[11][17],0.41445,0.4134
R100,signal_maps.median_matched[11][18],0.41095,0.40965
R100,signal_maps.median_matched[11][19],0.40705,0.4062
R100,signal_maps.median_matched[11][20],0.4034,0.40315
R100,signal_maps.median_matched[11][21],0.39945,0.40035
R100,signal_maps.median_matched[11][22],0.39595,0.3968
R100,signal_maps.median_matched[11][23],0.39215,0.39285
R100,signal_maps.median_matched[11][24],0.38875,0.38905
R100,signal_maps.median_matched[11][25],0.3848,0.3866
R100,signal_maps.median_matched[11][26],0.3811,0.3823
R100,signal_maps.median_matched[11][27],0.37745,0.379
R100,signal_maps.median_matched[11][28],0.37435,0.3756
R100,signal_maps.median_matched[11][29],0.3705,0.37225
R100,signal_maps.median_matched[11][30],0.36665,0.3691
R100,signal_maps.median_matched[11][31],0.3631,0.36605
R100,signal_maps.median_matched[11][32],0.36,0.3634
R100,signal_maps.median_matched[11][33],0.35715,0.3599
R100,signal_maps.median_matched[11][34],0.3543,0.35615
R100,signal_maps.median_matched[11][35],0.35245,0.35455
R100,signal_maps.median_matched[11][36],0.3465,0.34945
R100,signal_maps.median_matched[11][37],0.3431,0.34635
R100,signal_maps.median_matched[11][38],0.339,0.34305
R100,signal_maps.median_matched[11][39],0.3356,0.33935
R100,signal_maps.median_matched[11][40],0.33215,0.33655
R100,signal_maps.median_matched[11][41],0.32895,0.33285
R100,signal_maps.median_matched[11][42],0.32595,0.3299
R100,signal_maps.median_matched[11][43],0.3224,0.327
R100,signal_maps.median_matched[11][44],0.3192,0.32355
R100,signal_maps.median_matched[11][45],0.31585,0.3202
R100,signal_maps.median_matched[11][46],0.31255,0.3171
R100,signal_maps.median_matched[11][47],0.3087,0.3145
R100,signal_maps.median_matched[11][48],0.30515,0.31175
R100,signal_maps.median_matched[11][49],0.30235,0.3089
R100,signal_maps.median_matched[11][50],0.2992,0.30525
R100,signal_maps.median_matched[11][51],0.29635,0.30175
R100,signal_maps.median_matched[11][52],0.29355,0.29845
R100,signal_maps.median_matched[11][53],0.2908,0.29525
R100,signal_maps.median_matched[11][54],0.2874,0.29195
R100,signal_maps.median_matched[11][55],0.2839,0.2885
R100,signal_maps.median_matched[11][56],0.2819,0.28605
R100,signal_maps.median_matched[11][57],0.2786,0.2828
R100,signal_maps.median_matched[11][58],0.27555,0.2798
R100,signal_maps.median_matched[11][59],0.27235,0.27705
R100,signal_maps.median_matched[11][60],0.2691,0.2735
R100,signal_maps.median_matched[12][0],0.48125,0.4792
R100,signal_maps.median_matched[12][1],0.4774,0.47605
R100,signal_maps.median_matched[12][2],0.4741,0.4731
R100,signal_maps.median_matched[12][3],0.46985,0.4694
R100,signal_maps.median_matched[12][4],0.46605,0.46595
R100,signal_maps.median_matched[12][5],0.4619,0.4623
R100,signal_maps.median_matched[12][6],0.45805,0.45895
R100,signal_maps.median_matched[12][7],0.45455,0.45555
R100,signal_maps.median_matched[12][8],0.45025,0.4519
R100,signal_maps.median_matched[12][9],0.44675,0.4478
R100,signal_maps.median_matched[12][10],0.4427,0.44395
R100,signal_maps.median_matched[12][11],0.43965,0.4406
R100,signal_maps.median_matched[12][12],0.436,0.4368
R100,signal_maps.median_matched[12][13],0.4322,0.43305
R100,signal_maps.median_matched[12][14],0.4282,0.4293
R100,signal_maps.median_matched[12][15],0.4249,0.42525
R100,signal_maps.median_matched[12][17],0.4184,0.4182
R100,signal_maps.median_matched[12][18],0.41485,0.41425
R100,signal_maps.median_matched[12][19],0.4115,0.41055
R100,signal_maps.median_matched[12][20],0.408,0.407
R100,signal_maps.median_matched[12][21],0.40415,0.404
R100,signal_maps.median_matched[12][22],0.4002,0.40105
R100,signal_maps.median_matched[12][23],0.39645,0.39735
R100,signal_maps.median_matched[12][24],0.39275,0.39345
R100,signal_maps.median_matched[12][25],0.38955,0.3896
R100,signal_maps.median_matched[12][26],0.3852,0.38715
R100,signal_maps.median_matched[12][27],0.38185,0.383
R100,signal_maps.median_matched[12][28],0.3779,0.3798
R100,signal_maps.median_matched[12][29],0.375,0.3762
R100,signal_maps.median_matched[12][30],0.37135,0.373
R100,signal_maps.median_matched[12][31],0.36765,0.3698
R100,signal_maps.median_matched[12][32],0.36385,0.3665
R100,signal_maps.median_matched[12][33],0.3604,0.3638
R100,signal_maps.median_matched[12][34],0.3579,0.3606
R100,signal_maps.median_matched[12][35],0.35615,0.35875
R100,signal_maps.median_matched[12][36],0.35155,0.35335
R100,signal_maps.median_matched[12][37],0.3473,0.35015
R100,signal_maps.median_matched[12][38],0.34375,0.34725
R100,signal_maps.median_matched[12][39],0.33955,0.3438
R100,signal_maps.median_matched[12][40],0.33655,0.34015
R100,signal_maps.median_matched[12][41],0.33305,0.33715
R100,signal_maps.median_matched[12][42],0.32945,0.33385
R100,signal_maps.median_matched[12][43],0.32655,0.33055
R100,signal_maps.median_matched[12][44],0.323,0.3276
R100,signal_maps.median_matched[12][45],0.31955,0.32405
R100,signal_maps.median_matched[12][46],0.3164,0.3209
R100,signal_maps.median_matched[12][47],0.3131,0.31755
R100,signal_maps.median_matched[12][48],0.30925,0.31495
R100,signal_maps.median_matched[12][49],0.3059,0.3125
R100,signal_maps.median_matched[12][50],0.3028,0.3095
R100,signal_maps.median_matched[12][51],0.29985,0.306
R100,signal_maps.median_matched[12][52],0.297,0.3022
R100,signal_maps.median_matched[12][53],0.2942,0.2993
R100,signal_maps.median_matched[12][54],0.29135,0.29575
R100,signal_maps.median_matched[12][55],0.28795,0.29245
R100,signal_maps.median_matched[12][56],0.28465,0.28915
R100,signal_maps.median_matched[12][57],0.2822,0.28645
R100,signal_maps.median_matched[12][58],0.27935,0.2834
R100,signal_maps.median_matched[12][59],0.2762,0.2805
R100,signal_maps.median_matched[12][60],0.27295,0.2776
R100,signal_maps.median_matched[13][0],0.4863,0.48375
R100,signal_maps.median_matched[13][1],0.48215,0.48005
R100,signal_maps.median_matched[13][2],0.47805,0.4763
R100,signal_maps.median_matched[13][3],0.4748,0.4736
R100,signal_maps.median_matched[13][4],0.4705,0.4703
R100,signal_maps.median_matched[13][5],0.4667,0.4666
R100,signal_maps.median_matched[13][6],0.4623,0.4632
R100,signal_maps.median_matched[13][7],0.45875,0.45985
R100,signal_maps.median_matched[13][8],0.4554,0.45625
R100,signal_maps.median_matched[13][9],0.4511,0.4528
R100,signal_maps.median_matched[13][10],0.4476,0.4486
R100,signal_maps.median_matched[13][11],0.44365,0.4447
R100,signal_maps.median_matched[13][12],0.44025,0.4413
R100,signal_maps.median_matched[13][13],0.437,0.4379
R100,signal_maps.median_matched[13][14],0.4329,0.4338
R100,signal_maps.median_matched[13][15],0.42885,0.4303
R100,signal_maps.median_matched[13][16],0.42585,0.4259
R100,signal_maps.median_matched[13][17],0.42235,0.42215
R100,signal_maps.median_matched[13][19],0.41555,0.41485
R100,signal_maps.median_matched[13][20],0.4122,0.41105
R100,signal_maps.median_matched[13][21],0.4085,0.4077
R100,signal_maps.median_matched[13][22],0.40465,0.4046
R100,signal_maps.median_matched[13][23],0.4009,0.4019
R100,signal_maps.median_matched[13][24],0.3974,0.39795
R100,signal_maps.median_matched[13][25],0.3934,0.3945
R100,signal_maps.median_matched[13][27],0.38595,0.38745
R100,signal_maps.median_matched[13][28],0.38285,0.38375
R100,signal_maps.median_matched[13][29],0.37855,0.38065
R100,signal_maps.median_matched[13][30],0.37545,0.3768
R100,signal_maps.median_matched[13][31],0.37205,0.37345
R100,signal_maps.median_matched[13][32],0.3684,0.3705
R100,signal_maps.median_matched[13][33],0.36465,0.36715
R100,signal_maps.median_matched[13][34],0.36095,0.3643
R100,signal_maps.median_matched[13][35],0.35955,0.36255
R100,signal_maps.median_matched[13][36],0.35555,0.3576
R100,signal_maps.median_matched[13][37],0.3523,0.3546
R100,signal_maps.median_matched[13][38],0.3478,0.3507
R100,signal_maps.median_matched[13][39],0.3444,0.34805
R100,signal_maps.median_matched[13][40],0.34025,0.34435
R100,signal_maps.median_matched[13][41],0.33705,0.341
R100,signal_maps.median_matched[13][42],0.33365,0.3377
R100,signal_maps.median_matched[13][43],0.32975,0.3345
R100,signal_maps.median_matched[13][44],0.3269,0.3312
R100,signal_maps.median_matched[13][45],0.32345,0.32785
R100,signal_maps.median_matched[13][46],0.3203,0.3248
R100,signal_maps.median_matched[13][47],0.31705,0.32155
R100,signal_maps.median_matched[13][48],0.31375,0.3181
R100,signal_maps.median_matched[13][49],0.31005,0.31535
R100,signal_maps.median_matched[13][50],0.3068,0.31305
R100,signal_maps.median_matched[13][51],0.30345,0.3102
R100,signal_maps.median_matched[13][52],0.30045,0.30695
R100,signal_maps.median_matched[13][53],0.29755,0.30305
R100,signal_maps.median_matched[13][54],0.29475,0.30005
R100,signal_maps.median_matched[13][55],0.2918,0.29635
R100,signal_maps.median_matched[13][56],0.28845,0.29285
R100,signal_maps.median_matched[13][57],0.28515,0.2898
R100,signal_maps.median_matched[13][58],0.28235,0.2871
R100,signal_maps.median_matched[13][59],0.27975,0.28405
R100,signal_maps.median_matched[13][60],0.27645,0.28095
R100,signal_maps.median_matched[14][0],0.49085,0.48835
R100,signal_maps.median_matched[14][1],0.48725,0.48455
R100,signal_maps.median_matched[14][2],0.4828,0.4812
R100,signal_maps.median_matched[14][3],0.47895,0.47725
R100,signal_maps.median_matched[14][4],0.47575,0.47415
R100,signal_maps.median_matched[14][5],0.4714,0.47095
R100,signal_maps.median_matched[14][6],0.46775,0.46715
R100,signal_maps.median_matched[14][7],0.46315,0.46395
R100,signal_maps.median_matched[14][8],0.45955,0.46045
R100,signal_maps.median_matched[14][9],0.4563,0.4569
R100,signal_maps.median_matched[14][10],0.45205,0.45325
R100,signal_maps.median_matched[14][11],0.44825,0.4493
R100,signal_maps.median_matched[14][12],0.4442,0.4455
R100,signal_maps.median_matched[14][13],0.44075,0.442
R100,signal_maps.median_matched[14][14],0.43775,0.43865
R100,signal_maps.median_matched[14][15],0.43345,0.43495
R100,signal_maps.median_matched[14][16],0.4296,0.43115
R100,signal_maps.median_matched[14][17],0.42645,0.4268
R100,signal_maps.median_matched[14][18],0.42305,0.4228
R100,signal_maps.median_matched[14][19],0.41975,0.4197
R100,signal_maps.median_matched[14][20],0.4161,0.4156
R100,signal_maps.median_matched[14][21],0.4131,0.4118
R100,signal_maps.median_matched[14][22],0.40945,0.4084
R100,signal_maps.median_matched[14][23],0.40525,0.40515
R100,signal_maps.median_matched[14][24],0.40175,0.4023
R100,signal_maps.median_matched[14][25],0.3976,0.3984
R100,signal_maps.median_matched[14][26],0.3942,0.395
R100,signal_maps.median_matched[14][27],0.3908,0.39125
R100,signal_maps.median_matched[14][28],0.38665,0.38795
R100,signal_maps.median_matched[14][29],0.3835,0.38475
R100,signal_maps.median_matched[14][30],0.3794,0.38105
R100,signal_maps.median_matched[14][31],0.37655,0.37755
R100,signal_maps.median_matched[14][32],0.3726,0.3743
R100,signal_maps.median_matched[14][33],0.36885,0.37115
R100,signal_maps.median_matched[14][34],0.3652,0.36795
R100,signal_maps.median_matched[14][35],0.36305,0.366
R100,signal_maps.median_matched[14][36],0.35895,0.36155
R100,signal_maps.median_matched[14][37],0.35595,0.35815
R100,signal_maps.median_matched[14][38],0.353,0.35495
R100,signal_maps.median_matched[14][39],0.34855,0.35135
R100,signal_maps.median_matched[14][40],0.3449,0.3485
R100,signal_maps.median_matched[14][41],0.34135,0.34485
R100,signal_maps.median_matched[14][42],0.33765,0.3417
R100,signal_maps.median_matched[14][43],0.3343,0.3383
R100,signal_maps.median_matched[14][44],0.33075,0.335
R100,signal_maps.median_matched[14][45],0.32755,0.33155
R100,signal_maps.median_matched[14][46],0.32395,0.32855
R100,signal_maps.median_matched[14][47],0.3207,0.3255
R100,signal_maps.median_matched[14][48],0.3178,0.3222
R100,signal_maps.median_matched[14][49],0.31395,0.319
R100,signal_maps.median_matched[14][50],0.3107,0.316
R100,signal_maps.median_matched[14][51],0.3073,0.3134
R100,signal_maps.median_matched[14][52],0.3041,0.3108
R100,signal_maps.median_matched[14][53],0.30085,0.3078
R100,signal_maps.median_matched[14][54],0.298,0.3037
R100,signal_maps.median_matched[14][55],0.29505,0.3007
R100,signal_maps.median_matched[14][56],0.29215,0.29725
R100,signal_maps.median_matched[14][57],0.2892,0.2936
R100,signal_maps.median_matched[14][58],0.2857,0.29055
R100,signal_maps.median_matched[14][59],0.28275,0.28755
R100,signal_maps.median_matched[14][60],0.2803,0.2845
R100,signal_maps.median_matched[15][0],0.49585,0.493
R100,signal_maps.median_matched[15][1],0.4919,0.4891
R100,signal_maps.median_matched[15][2],0.48805,0.48565
R100,signal_maps.median_matched[15][3],0.48365,0.48175
R100,signal_maps.median_matched[15][4],0.47985,0.478
R100,signal_maps.median_matched[15][5],0.47635,0.4749
R100,signal_maps.median_matched[15][6],0.4726,0.47145
R100,signal_maps.median_matched[15][7],0.4687,0.4678
R100,signal_maps.median_matched[15][8],0.4642,0.4645
R100,signal_maps.median_matched[15][9],0.4599,0.4612
R100,signal_maps.median_matched[15][10],0.4569,0.4576
R100,signal_maps.median_matched[15][11],0.45315,0.4541
R100,signal_maps.median_matched[15][12],0.4492,0.44985
R100,signal_maps.median_matched[15][13],0.4449,0.44605
R100,signal_maps.median_matched[15][14],0.4412,0.44265
R100,signal_maps.median_matched[15][15],0.4384,0.4395
R100,signal_maps.median_matched[15][16],0.4339,0.43565
R100,signal_maps.median_matched[15][17],0.4306,0.432
R100,signal_maps.median_matched[15][18],0.427,0.42755
R100,signal_maps.median_matched[15][19],0.4237,0.42345
R100,signal_maps.median_matched[15][20],0.4205,0.42045
R100,signal_maps.median_matched[15][21],0.417,0.41645
R100,signal_maps.median_matched[15][22],0.41355,0.4125
R100,signal_maps.median_matched[15][23],0.4104,0.4087
R100,signal_maps.median_matched[15][24],0.40615,0.40575
R100,signal_maps.median_matched[15][25],0.40225,0.40285
R100,signal_maps.median_matched[15][26],0.3984,0.3991
R100,signal_maps.median_matched[15][27],0.3951,0.39585
R100,signal_maps.median_matched[15][28],0.3914,0.392
R100,signal_maps.median_matched[15][29],0.3874,0.38845
R100,signal_maps.median_matched[15][30],0.384,0.3857
R100,signal_maps.median_matched[15][31],0.3802,0.38165
R100,signal_maps.median_matched[15][32],0.37675,0.3781
R100,signal_maps.median_matched[15][33],0.3736,0.3751
R100,signal_maps.median_matched[15][34],0.36975,0.3716
R100,signal_maps.median_matched[15][35],0.36765,0.3701
R100,signal_maps.median_matched[15][36],0.3623,0.36515
R100,signal_maps.median_matched[15][37],0.3594,0.3623
R100,signal_maps.median_matched[15][38],0.3564,0.359
R100,signal_maps.median_matched[15][39],0.35335,0.35535
R100,signal_maps.median_matched[15][40],0.34935,0.35195
R100,signal_maps.median_matched[15][41],0.34555,0.3488
R100,signal_maps.median_matched[15][42],0.34205,0.3454
R100,signal_maps.median_matched[15][43],0.3384,0.34225
R100,signal_maps.median_matched[15][44],0.3352,0.3388
R100,signal_maps.median_matched[15][45],0.33125,0.33555
R100,signal_maps.median_matched[15][46],0.32835,0.3323
R100,signal_maps.median_matched[15][47],0.3251,0.32915
R100,signal_maps.median_matched[15][48],0.32175,0.32595
R100,signal_maps.median_matched[15][49],0.31855,0.3228
R100,signal_maps.median_matched[15][50],0.31455,0.3196
R100,signal_maps.median_matched[15][51],0.31165,0.31635
R100,signal_maps.median_matched[15][52],0.308,0.3139
R100,signal_maps.median_matched[15][53],0.30435,0.3114
R100,signal_maps.median_matched[15][54],0.30155,0.30835
R100,signal_maps.median_matched[15][55],0.29855,0.3043
R100,signal_maps.median_matched[15][56],0.29565,0.3013
R100,signal_maps.median_matched[15][57],0.29275,0.29795
R100,signal_maps.median_matched[15][58],0.28965,0.29435
R100,signal_maps.median_matched[15][59],0.28655,0.2913
R100,signal_maps.median_matched[15][60],0.2832,0.28795
R100,signal_maps.median_matched[16][0],0.49995,0.4977
R100,signal_maps.median_matched[16][1],0.49685,0.49365
R100,signal_maps.median_matched[16][2],0.4927,0.4898
R100,signal_maps.median_matched[16][3],0.4885,0.4861
R100,signal_maps.median_matched[16][4],0.4847,0.48215
R100,signal_maps.median_matched[16][5],0.4809,0.47845
R100,signal_maps.median_matched[16][6],0.47715,0.47555
R100,signal_maps.median_matched[16][7],0.4734,0.47235
R100,signal_maps.median_matched[16][8],0.4691,0.4684
R100,signal_maps.median_matched[16][9],0.465,0.4653
R100,signal_maps.median_matched[16][10],0.4611,0.4616
R100,signal_maps.median_matched[16][11],0.45765,0.4582
R100,signal_maps.median_matched[16][12],0.4539,0.45515
R100,signal_maps.median_matched[16][13],0.4496,0.4507
R100,signal_maps.median_matched[16][14],0.44575,0.44675
R100,signal_maps.median_matched[16][15],0.44205,0.4431
R100,signal_maps.median_matched[16][16],0.43905,0.4401
R100,signal_maps.median_matched[16][17],0.43485,0.4362
R100,signal_maps.median_matched[16][18],0.4313,0.43275
R100,signal_maps.median_matched[16][19],0.42755,0.4284
R100,signal_maps.median_matched[16][20],0.42445,0.4242
R100,signal_maps.median_matched[16][21],0.42115,0.42145
R100,signal_maps.median_matched[16][22],0.41745,0.41725
R100,signal_maps.median_matched[16][23],0.4143,0.41335
R100,signal_maps.median_matched[16][24],0.411,0.40915
R100,signal_maps.median_matched[16][25],0.407,0.40635
R100,signal_maps.median_matched[16][26],0.403,0.40345
R100,signal_maps.median_matched[16][27],0.3991,0.39985
R100,signal_maps.median_matched[16][28],0.396,0.39665
R100,signal_maps.median_matched[16][29],0.39195,0.39265
R100,signal_maps.median_matched[16][30],0.38805,0.3891
R100,signal_maps.median_matched[16][31],0.38445,0.3863
R100,signal_maps.median_matched[16][32],0.38095,0.3822
R100,signal_maps.median_matched[16][33],0.3774,0.37885
R100,signal_maps.median_matched[16][34],0.37425,0.376
R100,signal_maps.median_matched[16][35],0.37205,0.3736
R100,signal_maps.median_matched[16][36],0.36655,0.36925
R100,signal_maps.median_matched[16][37],0.36285,0.3658
R100,signal_maps.median_matched[16][38],0.3599,0.36285
R100,signal_maps.median_matched[16][39],0.3573,0.35965
R100,signal_maps.median_matched[16][40],0.354,0.3558
R100,signal_maps.median_matched[16][41],0.35,0.3529
R100,signal_maps.median_matched[16][42],0.34615,0.3492
R100,signal_maps.median_matched[16][43],0.34275,0.34595
R100,signal_maps.median_matched[16][44],0.339,0.34285
R100,signal_maps.median_matched[16][45],0.33565,0.3393
R100,signal_maps.median_matched[16][46],0.33205,0.33635
R100,signal_maps.median_matched[16][47],0.32885,0.33285
R100,signal_maps.median_matched[16][48],0.3257,0.32975
R100,signal_maps.median_matched[16][49],0.32245,0.32675
R100,signal_maps.median_matched[16][50],0.3192,0.32325
R100,signal_maps.median_matched[16][51],0.3153,0.3201
R100,signal_maps.median_matched[16][52],0.3123,0.3169
R100,signal_maps.median_matched[16][53],0.30845,0.31425
R100,signal_maps.median_matched[16][54],0.30495,0.31185
R100,signal_maps.median_matched[16][55],0.3023,0.3087
R100,signal_maps.median_matched[16][56],0.29885,0.305
R100,signal_maps.median_matched[16][57],0.29605,0.3016
R100,signal_maps.median_matched[16][58],0.29325,0.2987
R100,signal_maps.median_matched[16][59],0.29035,0.295
R100,signal_maps.median_matched[16][60],0.2868,0.2919
R100,signal_maps.median_matched[17][0],0.5047,0.502
R100,signal_maps.median_matched[17][1],0.5005,0.49845
R100,signal_maps.median_matched[17][2],0.49725,0.49475
R100,signal_maps.median_matched[17][3],0.49355,0.49055
R100,signal_maps.median_matched[17][4],0.48945,0.48675
R100,signal_maps.median_matched[17][5],0.48565,0.4832
R100,signal_maps.median_matched[17][6],0.48145,0.4792
R100,signal_maps.median_matched[17][7],0.4778,0.4759
R100,signal_maps.median_matched[17][8],0.4742,0.4731
R100,signal_maps.median_matched[17][9],0.47,0.46935
R100,signal_maps.median_matched[17][10],0.46575,0.4659
R100,signal_maps.median_matched[17][11],0.46175,0.46255
R100,signal_maps.median_matched[17][12],0.45795,0.45905
R100,signal_maps.median_matched[17][13],0.4546,0.4556
R100,signal_maps.median_matched[17][14],0.45015,0.45165
R100,signal_maps.median_matched[17][15],0.44685,0.4477
R100,signal_maps.median_matched[17][16],0.44255,0.4436
R100,signal_maps.median_matched[17][17],0.4396,0.44065
R100,signal_maps.median_matched[17][18],0.4358,0.437
R100,signal_maps.median_matched[17][19],0.4322,0.4333
R100,signal_maps.median_matched[17][20],0.4281,0.4294
R100,signal_maps.median_matched[17][21],0.42495,0.425
R100,signal_maps.median_matched[17][22],0.4218,0.42185
R100,signal_maps.median_matched[17][23],0.4183,0.41815
R100,signal_maps.median_matched[17][24],0.4152,0.41385
R100,signal_maps.median_matched[17][25],0.41145,0.4103
R100,signal_maps.median_matched[17][26],0.40775,0.4067
R100,signal_maps.median_matched[17][27],0.40405,0.40375
R100,signal_maps.median_matched[17][28],0.3998,0.4009
R100,signal_maps.median_matched[17][29],0.39655,0.39705
R100,signal_maps.median_matched[17][30],0.3926,0.39315
R100,signal_maps.median_matched[17][31],0.38905,0.3894
R100,signal_maps.median_matched[17][32],0.38505,0.38705
R100,signal_maps.median_matched[17][33],0.3817,0.3828
R100,signal_maps.median_matched[17][34],0.37805,0.37945
R100,signal_maps.median_matched[17][35],0.37635,0.3775
R100,signal_maps.median_matched[17][36],0.37095,0.37295
R100,signal_maps.median_matched[17][37],0.3674,0.37005
R100,signal_maps.median_matched[17][38],0.3635,0.36655
R100,signal_maps.median_matched[17][39],0.36045,0.3635
R100,signal_maps.median_matched[17][40],0.3578,0.36045
R100,signal_maps.median_matched[17][41],0.35475,0.35665
R100,signal_maps.median_matched[17][42],0.35135,0.3534
R100,signal_maps.median_matched[17][43],0.34705,0.34985
R100,signal_maps.median_matched[17][44],0.34345,0.34685
R100,signal_maps.median_matched[17][45],0.33965,0.3434
R100,signal_maps.median_matched[17][46],0.3362,0.33985
R100,signal_maps.median_matched[17][47],0.33265,0.33705
R100,signal_maps.median_matched[17][48],0.3296,0.33345
R100,signal_maps.median_matched[17][49],0.32635,0.3303
R100,signal_maps.median_matched[17][50],0.3229,0.3273
R100,signal_maps.median_matched[17][51],0.3196,0.3238
R100,signal_maps.median_matched[17][52],0.3163,0.32065
R100,signal_maps.median_matched[17][53],0.3131,0.31735
R100,signal_maps.median_matched[17][54],0.30925,0.315
R100,signal_maps.median_matched[17][55],0.30575,0.31235
R100,signal_maps.median_matched[17][56],0.30275,0.3092
R100,signal_maps.median_matched[17][57],0.29955,0.3059
R100,signal_maps.median_matched[17][58],0.2966,0.30205
R100,signal_maps.median_matched[17][59],0.29385,0.29915
R100,signal_maps.median_matched[17][60],0.291,0.29575
R100,signal_maps.median_matched[18][0],0.5092,0.50655
R100,signal_maps.median_matched[18][1],0.50545,0.5029
R100,signal_maps.median_matched[18][2],0.5014,0.4992
R100,signal_maps.median_matched[18][3],0.49795,0.49545
R100,signal_maps.median_matched[18][4],0.49425,0.4915
R100,signal_maps.median_matched[18][5],0.49015,0.4873
R100,signal_maps.median_matched[18][6],0.48655,0.48385
R100,signal_maps.median_matched[18][7],0.4823,0.4799
R100,signal_maps.median_matched[18][8],0.4784,0.47665
R100,signal_maps.median_matched[18][9],0.475,0.47385
R100,signal_maps.median_matched[18][10],0.47085,0.47005
R100,signal_maps.median_matched[18][11],0.46645,0.4665
R100,signal_maps.median_matched[18][12],0.4624,0.4631
R100,signal_maps.median_matched[18][13],0.4586,0.45965
R100,signal_maps.median_matched[18][14],0.4553,0.45635
R100,signal_maps.median_matched[18][15],0.45065,0.45235
R100,signal_maps.median_matched[18][16],0.44735,0.4484
R100,signal_maps.median_matched[18][17],0.4433,0.4446
R100,signal_maps.median_matched[18][18],0.44,0.4412
R100,signal_maps.median_matched[18][19],0.4364,0.43775
R100,signal_maps.median_matched[18][20],0.4326,0.4339
R100,signal_maps.median_matched[18][21],0.4288,0.4304
R100,signal_maps.median_matched[18][22],0.42565,0.4258
R100,signal_maps.median_matched[18][23],0.4223,0.42235
R100,signal_maps.median_matched[18][24],0.41935,0.41915
R100,signal_maps.median_matched[18][25],0.41555,0.4146
R100,signal_maps.median_matched[18][26],0.4121,0.41075
R100,signal_maps.median_matched[18][27],0.40845,0.40735
R100,signal_maps.median_matched[18][28],0.4046,0.40455
R100,signal_maps.median_matched[18][29],0.4007,0.40165
R100,signal_maps.median_matched[18][30],0.39705,0.39795
R100,signal_maps.median_matched[18][31],0.3932,0.39425
R100,signal_maps.median_matched[18][32],0.3899,0.39015
R100,signal_maps.median_matched[18][33],0.38565,0.3875
R100,signal_maps.median_matched[18][34],0.3826,0.3836
R100,signal_maps.median_matched[18][35],0.3803,0.3817
R100,signal_maps.median_matched[18][36],0.3755,0.37655
R100,signal_maps.median_matched[18][37],0.37185,0.37355
R100,signal_maps.median_matched[18][38],0.3681,0.3705
R100,signal_maps.median_matched[18][39],0.3644,0.367
R100,signal_maps.median_matched[18][40],0.361,0.36405
R100,signal_maps.median_matched[18][41],0.3582,0.36115
R100,signal_maps.median_matched[18][42],0.35545,0.3573
R100,signal_maps.median_matched[18][43],0.3519,0.35405
R100,signal_maps.median_matched[18][44],0.34765,0.35035
R100,signal_maps.median_matched[18][45],0.3443,0.34765
R100,signal_maps.median_matched[18][46],0.3403,0.344
R100,signal_maps.median_matched[18][47],0.33705,0.3407
R100,signal_maps.median_matched[18][48],0.3336,0.33745
R100,signal_maps.median_matched[18][49],0.33005,0.33425
R100,signal_maps.median_matched[18][50],0.3268,0.3313
R100,signal_maps.median_matched[18][51],0.3234,0.32785
R100,signal_maps.median_matched[18][52],0.3202,0.32445
R100,signal_maps.median_matched[18][53],0.3169,0.3211
R100,signal_maps.median_matched[18][54],0.3136,0.318
R100,signal_maps.median_matched[18][55],0.3097,0.3153
R100,signal_maps.median_matched[18][56],0.30635,0.3128
R100,signal_maps.median_matched[18][57],0.30335,0.3099
R100,signal_maps.median_matched[18][58],0.30015,0.3065
R100,signal_maps.median_matched[18][59],0.2973,0.30265
R100,signal_maps.median_matched[18][60],0.2945,0.29975
R100,signal_maps.median_matched[19][0],0.5135,0.51165
R100,signal_maps.median_matched[19][1],0.50995,0.5077
R100,signal_maps.median_matched[19][2],0.50595,0.50325
R100,signal_maps.median_matched[19][3],0.5023,0.4997
R100,signal_maps.median_matched[19][4],0.4985,0.49605
R100,signal_maps.median_matched[19][5],0.4955,0.4923
R100,signal_maps.median_matched[19][6],0.49095,0.4881
R100,signal_maps.median_matched[19][7],0.4873,0.4848
R100,signal_maps.median_matched[19][8],0.48315,0.4807
R100,signal_maps.median_matched[19][9],0.47925,0.4771
R100,signal_maps.median_matched[19][10],0.47555,0.4743
R100,signal_maps.median_matched[19][11],0.47165,0.47065
R100,signal_maps.median_matched[19][12],0.46745,0.467
R100,signal_maps.median_matched[19][13],0.46275,0.464
R100,signal_maps.median_matched[19][14],0.4592,0.4606
R100,signal_maps.median_matched[19][15],0.45625,0.45695
R100,signal_maps.median_matched[19][16],0.4517,0.4534
R100,signal_maps.median_matched[19][17],0.448,0.4491
R100,signal_maps.median_matched[19][18],0.44385,0.44525
R100,signal_maps.median_matched[19][19],0.4407,0.4419
R100,signal_maps.median_matched[19][20],0.43765,0.4384
R100,signal_maps.median_matched[19][21],0.4333,0.4346
R100,signal_maps.median_matched[19][22],0.4297,0.4311
R100,signal_maps.median_matched[19][23],0.42655,0.427
R100,signal_maps.median_matched[19][24],0.42275,0.4229
R100,signal_maps.median_matched[19][25],0.4199,0.4196
R100,signal_maps.median_matched[19][26],0.41595,0.41555
R100,signal_maps.median_matched[19][27],0.41255,0.41125
R100,signal_maps.median_matched[19][28],0.4092,0.40815
R100,signal_maps.median_matched[19][29],0.40515,0.40495
R100,signal_maps.median_matched[19][30],0.40135,0.40225
R100,signal_maps.median_matched[19][31],0.39765,0.39825
R100,signal_maps.median_matched[19][32],0.39385,0.3949
R100,signal_maps.median_matched[19][33],0.39065,0.39075
R100,signal_maps.median_matched[19][34],0.38605,0.3878
R100,signal_maps.median_matched[19][35],0.3845,0.3864
R100,signal_maps.median_matched[19][36],0.37915,0.381
R100,signal_maps.median_matched[19][37],0.376,0.3772
R100,signal_maps.median_matched[19][38],0.3724,0.374
R100,signal_maps.median_matched[19][39],0.3692,0.37105
R100,signal_maps.median_matched[19][40],0.36505,0.3678
R100,signal_maps.median_matched[19][41],0.36145,0.3647
R100,signal_maps.median_matched[19][42],0.35865,0.3616
R100,signal_maps.median_matched[19][43],0.35585,0.35825
R100,signal_maps.median_matched[19][44],0.35265,0.3548
R100,signal_maps.median_matched[19][45],0.34815,0.35105
R100,signal_maps.median_matched[19][46],0.3448,0.3483
R100,signal_maps.median_matched[19][47],0.34085,0.34495
R100,signal_maps.median_matched[19][48],0.33765,0.3413
R100,signal_maps.median_matched[19][49],0.33445,0.3379
R100,signal_maps.median_matched[19][50],0.33055,0.335
R100,signal_maps.median_matched[19][51],0.3275,0.33175
R100,signal_maps.median_matched[19][52],0.3238,0.32845
R100,signal_maps.median_matched[19][53],0.32055,0.3252
R100,signal_maps.median_matched[19][54],0.31765,0.32205
R100,signal_maps.median_matched[19][55],0.3142,0.3186
R100,signal_maps.median_matched[19][56],0.31035,0.31575
R100,signal_maps.median_matched[19][57],0.3071,0.31325
R100,signal_maps.median_matched[19][58],0.3037,0.3105
R100,signal_maps.median_matched[19][59],0.3009,0.30725
R100,signal_maps.median_matched[19][60],0.298,0.30325
R100,signal_maps.median_matched[20][0],0.5174,0.51515
R100,signal_maps.median_matched[20][1],0.51405,0.51205
R100,signal_maps.median_matched[20][2],0.5109,0.5085
R100,signal_maps.median_matched[20][3],0.50675,0.5041
R100,signal_maps.median_matched[20][4],0.5031,0.50025
R100,signal_maps.median_matched[20][5],0.4989,0.4966
R100,signal_maps.median_matched[20][6],0.49575,0.493
R100,signal_maps.median_matched[20][7],0.4918,0.48895
R100,signal_maps.median_matched[20][8],0.48795,0.48545
R100,signal_maps.median_matched[20][9],0.48375,0.48185
R100,signal_maps.median_matched[20][10],0.47995,0.47795
R100,signal_maps.median_matched[20][11],0.4764,0.47485
R100,signal_maps.median_matched[20][12],0.4723,0.47155
R100,signal_maps.median_matched[20][13],0.4684,0.4677
R100,signal_maps.median_matched[20][14],0.46375,0.46465
R100,signal_maps.median_matched[20][15],0.4601,0.4612
R100,signal_maps.median_matched[20][16],0.4569,0.4575
R100,signal_maps.median_matched[20][17],0.45275,0.4538
R100,signal_maps.median_matched[20][18],0.44865,0.44965
R100,signal_maps.median_matched[20][19],0.4447,0.44605
R100,signal_maps.median_matched[20][20],0.4413,0.4423
R100,signal_maps.median_matched[20][21],0.4381,0.4393
R100,signal_maps.median_matched[20][22],0.4338,0.4355
R100,signal_maps.median_matched[20][23],0.42995,0.43185
R100,signal_maps.median_matched[20][24],0.4269,0.42775
R100,signal_maps.median_matched[20][25],0.4237,0.42335
R100,signal_maps.median_matched[20][26],0.42025,0.42015
R100,signal_maps.median_matched[20][27],0.41675,0.4166
R100,signal_maps.median_matched[20][28],0.41345,0.41215
R100,signal_maps.median_matched[20][29],0.4101,0.40845
R100,signal_maps.median_matched[20][30],0.406,0.4054
R100,signal_maps.median_matched[20][31],0.402,0.40275
R100,signal_maps.median_matched[20][32],0.3983,0.39885
R100,signal_maps.median_matched[20][33],0.39465,0.3957
R100,signal_maps.median_matched[20][34],0.39125,0.39135
R100,signal_maps.median_matched[20][35],0.3892,0.38955
R100,signal_maps.median_matched[20][36],0.3837,0.385
R100,signal_maps.median_matched[20][37],0.3799,0.3814
R100,signal_maps.median_matched[20][38],0.37675,0.3777
R100,signal_maps.median_matched[20][39],0.37305,0.37455
R100,signal_maps.median_matched[20][40],0.36955,0.37155
R100,signal_maps.median_matched[20][41],0.3656,0.36865
R100,signal_maps.median_matched[20][42],0.36205,0.36515
R100,signal_maps.median_matched[20][43],0.35905,0.36185
R100,signal_maps.median_matched[20][44],0.3564,0.3587
R100,signal_maps.median_matched[20][45],0.3531,0.35545
R100,signal_maps.median_matched[20][46],0.3489,0.3518
R100,signal_maps.median_matched[20][47],0.34515,0.3487
R100,signal_maps.median_matched[20][48],0.3416,0.34525
R100,signal_maps.median_matched[20][49],0.3382,0.34205
R100,signal_maps.median_matched[20][50],0.33505,0.3384
R100,signal_maps.median_matched[20][51],0.3311,0.33525
R100,signal_maps.median_matched[20][52],0.32835,0.33205
R100,signal_maps.median_matched[20][53],0.32445,0.329
R100,signal_maps.median_matched[20][54],0.3215,0.32585
R100,signal_maps.median_matched[20][55],0.31845,0.32235
R100,signal_maps.median_matched[20][56],0.31465,0.31925
R100,signal_maps.median_matched[20][57],0.311,0.3162
R100,signal_maps.median_matched[20][58],0.3077,0.3135
R100,signal_maps.median_matched[20][59],0.30435,0.31115
R100,signal_maps.median_matched[20][60],0.3015,0.30815
R100,signal_maps.median_matched[21][0],0.5212,0.5194
R100,signal_maps.median_matched[21][1],0.5181,0.5157
R100,signal_maps.median_matched[21][2],0.51475,0.51265
R100,signal_maps.median_matched[21][3],0.51145,0.50935
R100,signal_maps.median_matched[21][4],0.50745,0.50475
R100,signal_maps.median_matched[21][5],0.50395,0.5012
R100,signal_maps.median_matched[21][6],0.4999,0.4974
R100,signal_maps.median_matched[21][7],0.4964,0.49375
R100,signal_maps.median_matched[21][8],0.4927,0.4898
R100,signal_maps.median_matched[21][9],0.4888,0.486
R100,signal_maps.median_matched[21][10],0.48445,0.48265
R100,signal_maps.median_matched[21][11],0.4808,0.47865
R100,signal_maps.median_matched[21][12],0.4773,0.4755
R100,signal_maps.median_matched[21][13],0.4734,0.47215
R100,signal_maps.median_matched[21][14],0.46935,0.46825
R100,signal_maps.median_matched[21][15],0.46495,0.4651
R100,signal_maps.median_matched[21][16],0.4606,0.46175
R100,signal_maps.median_matched[21][17],0.4574,0.45815
R100,signal_maps.median_matched[21][18],0.4538,0.45485
R100,signal_maps.median_matched[21][19],0.44955,0.4503
R100,signal_maps.median_matched[21][20],0.4454,0.44655
R100,signal_maps.median_matched[21][21],0.44175,0.44315
R100,signal_maps.median_matched[21][22],0.4386,0.43985
R100,signal_maps.median_matched[21][23],0.4345,0.436
R100,signal_maps.median_matched[21][24],0.4308,0.4327
R100,signal_maps.median_matched[21][25],0.42745,0.42845
R100,signal_maps.median_matched[21][26],0.42425,0.4243
R100,signal_maps.median_matched[21][27],0.421,0.4209
R100,signal_maps.median_matched[21][28],0.41755,0.4173
R100,signal_maps.median_matched[21][29],0.4142,0.41305
R100,signal_maps.median_matched[21][30],0.4107,0.4089
R100,signal_maps.median_matched[21][31],0.40685,0.40595
R100,signal_maps.median_matched[21][32],0.4028,0.40325
R100,signal_maps.median_matched[21][33],0.39905,0.39935
R100,signal_maps.median_matched[21][34],0.3956,0.39595
R100,signal_maps.median_matched[21][35],0.39335,0.39415
R100,signal_maps.median_matched[21][36],0.3877,0.3887
R100,signal_maps.median_matched[21][37],0.38415,0.38615
R100,signal_maps.median_matched[21][38],0.38065,0.38215
R100,signal_maps.median_matched[21][39],0.37725,0.3786
R100,signal_maps.median_matched[21][40],0.37345,0.37545
R100,signal_maps.median_matched[21][41],0.3701,0.372
R100,signal_maps.median_matched[21][42],0.3662,0.3692
R100,signal_maps.median_matched[21][43],0.3625,0.36555
R100,signal_maps.median_matched[21][44],0.35965,0.3626
R100,signal_maps.median_matched[21][45],0.3569,0.3594
R100,signal_maps.median_matched[21][46],0.3537,0.3558
R100,signal_maps.median_matched[21][47],0.3497,0.3523
R100,signal_maps.median_matched[21][48],0.3457,0.3492
R100,signal_maps.median_matched[21][49],0.3423,0.34575
R100,signal_maps.median_matched[21][50],0.33885,0.34275
R100,signal_maps.median_matched[21][51],0.33545,0.33915
R100,signal_maps.median_matched[21][52],0.33165,0.3359
R100,signal_maps.median_matched[21][53],0.329,0.33255
R100,signal_maps.median_matched[21][54],0.32525,0.3298
R100,signal_maps.median_matched[21][55],0.3222,0.3264
R100,signal_maps.median_matched[21][56],0.31895,0.32315
R100,signal_maps.median_matched[21][57],0.315,0.3197
R100,signal_maps.median_matched[21][58],0.3119,0.31675
R100,signal_maps.median_matched[21][59],0.30845,0.3141
R100,signal_maps.median_matched[21][60],0.30485,0.31155
R100,signal_maps.median_matched[22][0],0.526,0.52385
R100,signal_maps.median_matched[22][1],0.52195,0.51995
R100,signal_maps.median_matched[22][2],0.51865,0.51635
R100,signal_maps.median_matched[22][3],0.51545,0.5132
R100,signal_maps.median_matched[22][4],0.5121,0.5102
R100,signal_maps.median_matched[22][5],0.5082,0.5058
R100,signal_maps.median_matched[22][6],0.50445,0.5019
R100,signal_maps.median_matched[22][7],0.5006,0.498
R100,signal_maps.median_matched[22][8],0.49715,0.49445
R100,signal_maps.median_matched[22][9],0.49345,0.4904
R100,signal_maps.median_matched[22][10],0.4894,0.4866
R100,signal_maps.median_matched[22][11],0.4855,0.48305
R100,signal_maps.median_matched[22][12],0.48165,0.47935
R100,signal_maps.median_matched[22][13],0.47805,0.47605
R100,signal_maps.median_matched[22][14],0.4742,0.47295
R100,signal_maps.median_matched[22][15],0.47025,0.4692
R100,signal_maps.median_matched[22][16],0.4655,0.46575
R100,signal_maps.median_matched[22][17],0.46145,0.4623
R100,signal_maps.median_matched[22][18],0.458,0.45865
R100,signal_maps.median_matched[22][19],0.45435,0.4555
R100,signal_maps.median_matched[22][20],0.4501,0.4513
R100,signal_maps.median_matched[22][21],0.44645,0.44705
R100,signal_maps.median_matched[22][22],0.44235,0.44355
R100,signal_maps.median_matched[22][23],0.43935,0.44055
R100,signal_maps.median_matched[22][24],0.43515,0.4366
R100,signal_maps.median_matched[22][25],0.43165,0.43325
R100,signal_maps.median_matched[22][26],0.4279,0.42925
R100,signal_maps.median_matched[22][27],0.42475,0.425
R100,signal_maps.median_matched[22][28],0.4214,0.42185
R100,signal_maps.median_matched[22][29],0.4182,0.418
R100,signal_maps.median_matched[22][30],0.4148,0.4139
R100,signal_maps.median_matched[22][31],0.4113,0.40945
R100,signal_maps.median_matched[22][32],0.4075,0.40655
R100,signal_maps.median_matched[22][33],0.40355,0.40385
R100,signal_maps.median_matched[22][34],0.39945,0.4003
R100,signal_maps.median_matched[22][35],0.39765,0.3984
R100,signal_maps.median_matched[22][36],0.3926,0.393
R100,signal_maps.median_matched[22][37],0.38885,0.3893
R100,signal_maps.median_matched[22][38],0.38485,0.38665
R100,signal_maps.median_matched[22][39],0.3813,0.38255
R100,signal_maps.median_matched[22][40],0.37795,0.3789
R100,signal_maps.median_matched[22][41],0.37445,0.37605
R100,signal_maps.median_matched[22][42],0.37055,0.3726
R100,signal_maps.median_matched[22][43],0.36715,0.36955
R100,signal_maps.median_matched[22][44],0.36335,0.3664
R100,signal_maps.median_matched[22][45],0.36035,0.3631
R100,signal_maps.median_matched[22][46],0.3575,0.35995
R100,signal_maps.median_matched[22][47],0.35445,0.3565
R100,signal_maps.median_matched[22][48],0.35045,0.35315
R100,signal_maps.median_matched[22][49],0.3465,0.3497
R100,signal_maps.median_matched[22][50],0.34305,0.34625
R100,signal_maps.median_matched[22][51],0.3393,0.34325
R100,signal_maps.median_matched[22][52],0.33605,0.3397
R100,signal_maps.median_matched[22][53],0.3323,0.3366
R100,signal_maps.median_matched[22][54],0.3295,0.33325
R100,signal_maps.median_matched[22][55],0.3263,0.3302
R100,signal_maps.median_matched[22][56],0.3227,0.32705
R100,signal_maps.median_matched[22][57],0.3195,0.3237
R100,signal_maps.median_matched[22][58],0.3154,0.32025
R100,signal_maps.median_matched[22][59],0.3127,0.31725
R100,signal_maps.median_matched[22][60],0.30905,0.3144
R100,signal_maps.median_matched[23][0],0.53045,0.52805
R100,signal_maps.median_matched[23][1],0.5264,0.5245
R100,signal_maps.median_matched[23][2],0.52265,0.5208
R100,signal_maps.median_matched[23][3],0.5193,0.5176
R100,signal_maps.median_matched[23][4],0.51615,0.5138
R100,signal_maps.median_matched[23][5],0.5127,0.5109
R100,signal_maps.median_matched[23][6],0.5091,0.507
R100,signal_maps.median_matched[23][7],0.50515,0.50255
R100,signal_maps.median_matched[23][8],0.50125,0.4988
R100,signal_maps.median_matched[23][9],0.4978,0.49485
R100,signal_maps.median_matched[23][10],0.4942,0.49095
R100,signal_maps.median_matched[23][11],0.4901,0.4873
R100,signal_maps.median_matched[23][12],0.48615,0.48375
R100,signal_maps.median_matched[23][13],0.4826,0.47995
R100,signal_maps.median_matched[23][14],0.4788,0.4768
R100,signal_maps.median_matched[23][15],0.47475,0.4739
R100,signal_maps.median_matched[23][16],0.471,0.46945
R100,signal_maps.median_matched[23][17],0.46635,0.46625
R100,signal_maps.median_matched[23][18],0.46225,0.4629
R100,signal_maps.median_matched[23][19],0.45845,0.45945
R100,signal_maps.median_matched[23][20],0.45525,0.45615
R100,signal_maps.median_matched[23][21],0.4505,0.452
R100,signal_maps.median_matched[23][22],0.44715,0.44835
R100,signal_maps.median_matched[23][23],0.44325,0.4443
R100,signal_maps.median_matched[23][24],0.44,0.44105
R100,signal_maps.median_matched[23][25],0.4363,0.4375
R100,signal_maps.median_matched[23][26],0.4325,0.43385
R100,signal_maps.median_matched[23][27],0.4288,0.4299
R100,signal_maps.median_matched[23][28],0.4254,0.42565
R100,signal_maps.median_matched[23][29],0.42225,0.4224
R100,signal_maps.median_matched[23][30],0.419,0.4188
R100,signal_maps.median_matched[23][31],0.4155,0.4148
R100,signal_maps.median_matched[23][32],0.41175,0.4106
R100,signal_maps.median_matched[23][33],0.4081,0.40735
R100,signal_maps.median_matched[23][34],0.4044,0.4042
R100,signal_maps.median_matched[23][35],0.40215,0.4029
R100,signal_maps.median_matched[23][36],0.3968,0.39735
R100,signal_maps.median_matched[23][37],0.39325,0.39375
R100,signal_maps.median_matched[23][38],0.38955,0.39
R100,signal_maps.median_matched[23][39],0.3854,0.38725
R100,signal_maps.median_matched[23][40],0.3822,0.38315
R100,signal_maps.median_matched[23][41],0.37835,0.37955
R100,signal_maps.median_matched[23][42],0.37525,0.3764
R100,signal_maps.median_matched[23][43],0.3712,0.37335
R100,signal_maps.median_matched[23][44],0.3679,0.3702
R100,signal_maps.median_matched[23][45],0.36405,0.36695
R100,signal_maps.median_matched[23][46],0.3608,0.3637
R100,signal_maps.median_matched[23][47],0.3581,0.36045
R100,signal_maps.median_matched[23][48],0.355,0.35705
R100,signal_maps.median_matched[23][49],0.35115,0.3538
R100,signal_maps.median_matched[23][50],0.34715,0.34995
R100,signal_maps.median_matched[23][51],0.3437,0.3472
R100,signal_maps.median_matched[23][52],0.33995,0.3438
R100,signal_maps.median_matched[23][53],0.33665,0.3403
R100,signal_maps.median_matched[23][54],0.33315,0.3373
R100,signal_maps.median_matched[23][55],0.32985,0.33385
R100,signal_maps.median_matched[23][56],0.3268,0.3309
R100,signal_maps.median_matched[23][57],0.32325,0.32745
R100,signal_maps.median_matched[23][58],0.32005,0.3241
R100,signal_maps.median_matched[23][59],0.3167,0.3209
R100,signal_maps.median_matched[23][60],0.31325,0.31755
R100,signal_maps.median_matched[24][0],0.5343,0.5322
R100,signal_maps.median_matched[24][1],0.5311,0.5285
R100,signal_maps.median_matched[24][2],0.52745,0.52525
R100,signal_maps.median_matched[24][3],0.5235,0.5217
R100,signal_maps.median_matched[24][4],0.52,0.51815
R100,signal_maps.median_matched[24][5],0.5167,0.5143
R100,signal_maps.median_matched[24][6],0.51325,0.51155
R100,signal_maps.median_matched[24][7],0.5096,0.50775
R100,signal_maps.median_matched[24][8],0.5058,0.5037
R100,signal_maps.median_matched[24][9],0.502,0.49955
R100,signal_maps.median_matched[24][10],0.4983,0.4956
R100,signal_maps.median_matched[24][11],0.4949,0.492
R100,signal_maps.median_matched[24][12],0.49065,0.488
R100,signal_maps.median_matched[24][13],0.487,0.48435
R100,signal_maps.median_matched[24][14],0.48305,0.4806
R100,signal_maps.median_matched[24][15],0.47945,0.4772
R100,signal_maps.median_matched[24][16],0.4756,0.47445
R100,signal_maps.median_matched[24][17],0.4718,0.4707
R100,signal_maps.median_matched[24][18],0.46715,0.4671
R100,signal_maps.median_matched[24][19],0.46295,0.46385
R100,signal_maps.median_matched[24][20],0.4592,0.46045
R100,signal_maps.median_matched[24][21],0.456,0.45655
R100,signal_maps.median_matched[24][22],0.45135,0.45285
R100,signal_maps.median_matched[24][23],0.4478,0.44885
R100,signal_maps.median_matched[24][24],0.44365,0.4448
R100,signal_maps.median_matched[24][25],0.44065,0.44145
R100,signal_maps.median_matched[24][26],0.43695,0.4383
R100,signal_maps.median_matched[24][27],0.43305,0.43455
R100,signal_maps.median_matched[24][28],0.42915,0.43085
R100,signal_maps.median_matched[24][29],0.4261,0.42675
R100,signal_maps.median_matched[24][30],0.4227,0.42315
R100,signal_maps.median_matched[24][31],0.41975,0.41945
R100,signal_maps.median_matched[24][32],0.416,0.4154
R100,signal_maps.median_matched[24][33],0.41255,0.41125
R100,signal_maps.median_matched[24][34],0.40885,0.40775
R100,signal_maps.median_matched[24][35],0.40665,0.406
R100,signal_maps.median_matched[24][36],0.4009,0.40185
R100,signal_maps.median_matched[24][37],0.3973,0.39825
R100,signal_maps.median_matched[24][38],0.3936,0.3944
R100,signal_maps.median_matched[24][39],0.3902,0.3904
R100,signal_maps.median_matched[24][40],0.3861,0.38775
R100,signal_maps.median_matched[24][41],0.38275,0.38395
R100,signal_maps.median_matched[24][42],0.3789,0.3804
R100,signal_maps.median_matched[24][43],0.3758,0.3767
R100,signal_maps.median_matched[24][44],0.37205,0.37365
R100,signal_maps.median_matched[24][45],0.36855,0.37055
R100,signal_maps.median_matched[24][46],0.3648,0.36755
R100,signal_maps.median_matched[24][47],0.36135,0.36435
R100,signal_maps.median_matched[24][48],0.3583,0.36125
R100,signal_maps.median_matched[24][49],0.35555,0.35755
R100,signal_maps.median_matched[24][50],0.3521,0.35445
R100,signal_maps.median_matched[24][51],0.348,0.3507
R100,signal_maps.median_matched[24][52],0.3447,0.3477
R100,signal_maps.median_matched[24][53],0.3405,0.34435
R100,signal_maps.median_matched[24][54],0.3374,0.3411
R100,signal_maps.median_matched[24][55],0.3337,0.3377
R100,signal_maps.median_matched[24][56],0.33035,0.33465
R100,signal_maps.median_matched[24][57],0.32745,0.33145
R100,signal_maps.median_matched[24][58],0.32355,0.3283
R100,signal_maps.median_matched[24][59],0.32035,0.32475
R100,signal_maps.median_matched[24][60],0.3173,0.32125
R100,signal_maps.median_matched[25][0],0.53825,0.5362
R100,signal_maps.median_matched[25][1],0.5348,0.53285
R100,signal_maps.median_matched[25][2],0.5319,0.5291
R100,signal_maps.median_matched[25][3],0.52805,0.5257
R100,signal_maps.median_matched[25][4],0.52425,0.5224
R100,signal_maps.median_matched[25][5],0.52045,0.51865
R100,signal_maps.median_matched[25][6],0.51715,0.51535
R100,signal_maps.median_matched[25][7],0.514,0.51215
R100,signal_maps.median_matched[25][8],0.5105,0.5084
R100,signal_maps.median_matched[25][9],0.50615,0.504
R100,signal_maps.median_matched[25][10],0.5027,0.50035
R100,signal_maps.median_matched[25][11],0.499,0.49625
R100,signal_maps.median_matched[25][12],0.4956,0.49285
R100,signal_maps.median_matched[25][13],0.4915,0.48885
R100,signal_maps.median_matched[25][14],0.4879,0.48485
R100,signal_maps.median_matched[25][15],0.48375,0.4813
R100,signal_maps.median_matched[25][16],0.48005,0.47765
R100,signal_maps.median_matched[25][17],0.47645,0.47485
R100,signal_maps.median_matched[25][18],0.47235,0.47135
R100,signal_maps.median_matched[25][19],0.46825,0.4677
R100,signal_maps.median_matched[25][20],0.46355,0.4644
R100,signal_maps.median_matched[25][21],0.4598,0.46095
R100,signal_maps.median_matched[25][22],0.45655,0.4575
R100,signal_maps.median_matched[25][23],0.4521,0.45365
R100,signal_maps.median_matched[25][24],0.44845,0.44955
R100,signal_maps.median_matched[25][25],0.44425,0.4455
R100,signal_maps.median_matched[25][26],0.4413,0.4421
R100,signal_maps.median_matched[25][27],0.4378,0.4389
R100,signal_maps.median_matched[25][28],0.43375,0.4352
R100,signal_maps.median_matched[25][29],0.4299,0.4316
R100,signal_maps.median_matched[25][30],0.42685,0.42755
R100,signal_maps.median_matched[25][31],0.4232,0.4237
R100,signal_maps.median_matched[25][32],0.4202,0.4201
R100,signal_maps.median_matched[25][33],0.41655,0.41635
R100,signal_maps.median_matched[25][34],0.41305,0.4118
R100,signal_maps.median_matched[25][35],0.4113,0.4097
R100,signal_maps.median_matched[25][36],0.40555,0.4053
R100,signal_maps.median_matched[25][37],0.40155,0.4025
R100,signal_maps.median_matched[25][38],0.39795,0.39855
R100,signal_maps.median_matched[25][39],0.3941,0.3951
R100,signal_maps.median_matched[25][40],0.3911,0.39115
R100,signal_maps.median_matched[25][41],0.3867,0.3883
R100,signal_maps.median_matched[25][42],0.38345,0.3846
R100,signal_maps.median_matched[25][43],0.3796,0.3811
R100,signal_maps.median_matched[25][44],0.3765,0.37725
R100,signal_maps.median_matched[25][45],0.3726,0.37425
R100,signal_maps.median_matched[25][46],0.3693,0.3713
R100,signal_maps.median_matched[25][47],0.3654,0.3682
R100,signal_maps.median_matched[25][48],0.36185,0.3649
R100,signal_maps.median_matched[25][49],0.359,0.36175
R100,signal_maps.median_matched[25][50],0.3561,0.35835
R100,signal_maps.median_matched[25][51],0.3527,0.355
R100,signal_maps.median_matched[25][52],0.34855,0.3514
R100,signal_maps.median_matched[25][53],0.3449,0.3484
R100,signal_maps.median_matched[25][54],0.34125,0.345
R100,signal_maps.median_matched[25][55],0.3381,0.34165
R100,signal_maps.median_matched[25][56],0.3347,0.33825
R100,signal_maps.median_matched[25][57],0.3308,0.3353
R100,signal_maps.median_matched[25][58],0.3279,0.33195
R100,signal_maps.median_matched[25][59],0.32435,0.3289
R100,signal_maps.median_matched[25][60],0.321,0.3255
R100,signal_maps.median_matched[26][0],0.54245,0.5399
R100,signal_maps.median_matched[26][1],0.5387,0.53655
R100,signal_maps.median_matched[26][2],0.53545,0.5333
R100,signal_maps.median_matched[26][3],0.53235,0.53
R100,signal_maps.median_matched[26][4],0.52905,0.52635
R100,signal_maps.median_matched[26][5],0.52475,0.52295
R100,signal_maps.median_matched[26][6],0.52125,0.51915
R100,signal_maps.median_matched[26][7],0.51795,0.51565
R100,signal_maps.median_matched[26][8],0.51445,0.51255
R100,signal_maps.median_matched[26][9],0.51115,0.50895
R100,signal_maps.median_matched[26][10],0.50715,0.5049
R100,signal_maps.median_matched[26][11],0.50325,0.5012
R100,signal_maps.median_matched[26][12],0.4994,0.4972
R100,signal_maps.median_matched[26][13],0.49625,0.49335
R100,signal_maps.median_matched[26][14],0.4923,0.4894
R100,signal_maps.median_matched[26][15],0.48855,0.4858
R100,signal_maps.median_matched[26][16],0.48425,0.48205
R100,signal_maps.median_matched[26][17],0.4807,0.47825
R100,signal_maps.median_matched[26][18],0.4772,0.4752
R100,signal_maps.median_matched[26][19],0.47295,0.47215
R100,signal_maps.median_matched[26][20],0.46905,0.4686
R100,signal_maps.median_matched[26][21],0.46445,0.4651
R100,signal_maps.median_matched[26][22],0.4606,0.46165
R100,signal_maps.median_matched[26][23],0.45735,0.4581
R100,signal_maps.median_matched[26][24],0.45305,0.4546
R100,signal_maps.median_matched[26][25],0.44905,0.45
R100,signal_maps.median_matched[26][26],0.44525,0.4463
R100,signal_maps.median_matched[26][27],0.4417,0.44265
R100,signal_maps.median_matched[26][28],0.4384,0.4397
R100,signal_maps.median_matched[26][29],0.4343,0.4359
R100,signal_maps.median_matched[26][30],0.43045,0.4323
R100,signal_maps.median_matched[26][31],0.4274,0.428
R100,signal_maps.median_matched[26][32],0.4238,0.4243
R100,signal_maps.median_matched[26][33],0.42055,0.4209
R100,signal_maps.median_matched[26][34],0.41715,0.41695
R100,signal_maps.median_matched[26][35],0.41555,0.4147
R100,signal_maps.median_matched[26][36],0.4103,0.4089
R100,signal_maps.median_matched[26][37],0.4063,0.4058
R100,signal_maps.median_matched[26][38],0.40245,0.4032
R100,signal_maps.median_matched[26][39],0.3988,0.39925
R100,signal_maps.median_matched[26][40],0.395,0.3959
R100,signal_maps.median_matched[26][41],0.39165,0.39155
R100,signal_maps.median_matched[26][42],0.38725,0.3884
R100,signal_maps.median_matched[26][43],0.38395,0.38545
R100,signal_maps.median_matched[26][44],0.38035,0.3819
R100,signal_maps.median_matched[26][45],0.3771,0.37785
R100,signal_maps.median_matched[26][46],0.3733,0.37465
R100,signal_maps.median_matched[26][47],0.36975,0.3718
R100,signal_maps.median_matched[26][48],0.36605,0.36875
R100,signal_maps.median_matched[26][49],0.36235,0.3656
R100,signal_maps.median_matched[26][50],0.35935,0.3623
R100,signal_maps.median_matched[26][51],0.3567,0.3587
R100,signal_maps.median_matched[26][52],0.35325,0.35585
R100,signal_maps.median_matched[26][53],0.349,0.3519
R100,signal_maps.median_matched[26][54],0.3455,0.34895
R100,signal_maps.median_matched[26][55],0.34185,0.34535
R100,signal_maps.median_matched[26][56],0.3385,0.34225
R100,signal_maps.median_matched[26][57],0.33525,0.33885
R100,signal_maps.median_matched[26][58],0.33125,0.33565
R100,signal_maps.median_matched[26][59],0.32835,0.33245
R100,signal_maps.median_matched[26][60],0.3249,0.3294
R100,signal_maps.median_matched[27][0],0.54675,0.54495
R100,signal_maps.median_matched[27][1],0.5428,0.54055
R100,signal_maps.median_matched[27][2],0.53925,0.5373
R100,signal_maps.median_matched[27][3],0.5364,0.53375
R100,signal_maps.median_matched[27][4],0.53255,0.53075
R100,signal_maps.median_matched[27][5],0.52995,0.5267
R100,signal_maps.median_matched[27][6],0.52515,0.5238
R100,signal_maps.median_matched[27][7],0.5218,0.51975
R100,signal_maps.median_matched[27][8],0.51865,0.51615
R100,signal_maps.median_matched[27][9],0.51545,0.51295
R100,signal_maps.median_matched[27][10],0.51185,0.50965
R100,signal_maps.median_matched[27][11],0.5079,0.50565
R100,signal_maps.median_matched[27][12],0.50435,0.50195
R100,signal_maps.median_matched[27][13],0.5002,0.498
R100,signal_maps.median_matched[27][14],0.49675,0.49395
R100,signal_maps.median_matched[27][15],0.4929,0.4902
R100,signal_maps.median_matched[27][16],0.4893,0.48635
R100,signal_maps.median_matched[27][17],0.4851,0.48295
R100,signal_maps.median_matched[27][18],0.48125,0.4789
R100,signal_maps.median_matched[27][19],0.478,0.4758
R100,signal_maps.median_matched[27][20],0.4738,0.4726
R100,signal_maps.median_matched[27][21],0.46995,0.46915
R100,signal_maps.median_matched[27][23],0.4613,0.4621
R100,signal_maps.median_matched[27][24],0.45785,0.4588
R100,signal_maps.median_matched[27][25],0.4541,0.4552
R100,signal_maps.median_matched[27][26],0.4498,0.45085
R100,signal_maps.median_matched[27][27],0.4459,0.44675
R100,signal_maps.median_matched[27][28],0.4425,0.44355
R100,signal_maps.median_matched[27][29],0.4391,0.44015
R100,signal_maps.median_matched[27][30],0.435,0.43645
R100,signal_maps.median_matched[27][31],0.4312,0.43325
R100,signal_maps.median_matched[27][32],0.42775,0.4289
R100,signal_maps.median_matched[27][33],0.42475,0.42515
R100,signal_maps.median_matched[27][34],0.4213,0.42155
R100,signal_maps.median_matched[27][35],0.4197,0.4194
R100,signal_maps.median_matched[27][36],0.4146,0.41355
R100,signal_maps.median_matched[27][37],0.4108,0.4095
R100,signal_maps.median_matched[27][38],0.40695,0.40625
R100,signal_maps.median_matched[27][39],0.4033,0.4038
R100,signal_maps.median_matched[27][40],0.399,0.3998
R100,signal_maps.median_matched[27][41],0.3957,0.3963
R100,signal_maps.median_matched[27][42],0.39235,0.3924
R100,signal_maps.median_matched[27][43],0.388,0.38905
R100,signal_maps.median_matched[27][44],0.38445,0.3861
R100,signal_maps.median_matched[27][45],0.3812,0.38235
R100,signal_maps.median_matched[27][46],0.3778,0.37865
R100,signal_maps.median_matched[27][47],0.3741,0.3755
R100,signal_maps.median_matched[27][48],0.37025,0.37215
R100,signal_maps.median_matched[27][49],0.3666,0.3693
R100,signal_maps.median_matched[27][50],0.36305,0.366
R100,signal_maps.median_matched[27][51],0.3599,0.3627
R100,signal_maps.median_matched[27][52],0.35695,0.35935
R100,signal_maps.median_matched[27][53],0.35385,0.3561
R100,signal_maps.median_matched[27][54],0.34975,0.3526
R100,signal_maps.median_matched[27][55],0.34605,0.34935
R100,signal_maps.median_matched[27][56],0.34245,0.3456
R100,signal_maps.median_matched[27][57],0.3389,0.3428
R100,signal_maps.median_matched[27][58],0.3359,0.33935
R100,signal_maps.median_matched[27][59],0.3319,0.33605
R100,signal_maps.median_matched[27][60],0.3292,0.333
R100,signal_maps.median_matched[28][0],0.5513,0.54865
R100,signal_maps.median_matched[28][1],0.54745,0.54555
R100,signal_maps.median_matched[28][2],0.54375,0.54115
R100,signal_maps.median_matched[28][3],0.54,0.5377
R100,signal_maps.median_matched[28][4],0.5369,0.53455
R100,signal_maps.median_matched[28][5],0.5333,0.5313
R100,signal_maps.median_matched[28][6],0.5305,0.52765
R100,signal_maps.median_matched[28][7],0.5264,0.5243
R100,signal_maps.median_matched[28][8],0.5227,0.52035
R100,signal_maps.median_matched[28][9],0.51925,0.51685
R100,signal_maps.median_matched[28][10],0.5159,0.5135
R100,signal_maps.median_matched[28][11],0.51235,0.51055
R100,signal_maps.median_matched[28][12],0.5085,0.50655
R100,signal_maps.median_matched[28][13],0.50485,0.5029
R100,signal_maps.median_matched[28][14],0.5009,0.4987
R100,signal_maps.median_matched[28][15],0.49745,0.49475
R100,signal_maps.median_matched[28][16],0.4937,0.4907
R100,signal_maps.median_matched[28][17],0.48985,0.48725
R100,signal_maps.median_matched[28][18],0.48585,0.4833
R100,signal_maps.median_matched[28][19],0.48235,0.47995
R100,signal_maps.median_matched[28][20],0.47875,0.47655
R100,signal_maps.median_matched[28][21],0.4748,0.4732
R100,signal_maps.median_matched[28][22],0.4711,0.46945
R100,signal_maps.median_matched[28][23],0.4661,0.46615
R100,signal_maps.median_matched[28][24],0.46195,0.46295
R100,signal_maps.median_matched[28][25],0.45825,0.4591
R100,signal_maps.median_matched[28][26],0.4549,0.4559
R100,signal_maps.median_matched[28][27],0.4506,0.45175
R100,signal_maps.median_matched[28][28],0.4466,0.4475
R100,signal_maps.median_matched[28][29],0.44285,0.4438
R100,signal_maps.median_matched[28][30],0.43975,0.44055
R100,signal_maps.median_matched[28][31],0.4356,0.43725
R100,signal_maps.median_matched[28][32],0.4319,0.4337
R100,signal_maps.median_matched[28][33],0.42845,0.42965
R100,signal_maps.median_matched[28][34],0.4253,0.4255
R100,signal_maps.median_matched[28][35],0.4232,0.4239
R100,signal_maps.median_matched[28][36],0.4187,0.4184
R100,signal_maps.median_matched[28][37],0.41515,0.4144
R100,signal_maps.median_matched[28][38],0.41165,0.4102
R100,signal_maps.median_matched[28][39],0.40765,0.40685
R100,signal_maps.median_matched[28][40],0.404,0.4041
R100,signal_maps.median_matched[28][41],0.39965,0.4006
R100,signal_maps.median_matched[28][42],0.39635,0.3968
R100,signal_maps.median_matched[28][43],0.3927,0.3932
R100,signal_maps.median_matched[28][44],0.3888,0.3896
R100,signal_maps.median_matched[28][45],0.3849,0.3868
R100,signal_maps.median_matched[28][46],0.38165,0.38295
R100,signal_maps.median_matched[28][47],0.37805,0.37935
R100,signal_maps.median_matched[28][48],0.37485,0.3762
R100,signal_maps.median_matched[28][49],0.3707,0.3728
R100,signal_maps.median_matched[28][50],0.3674,0.3696
R100,signal_maps.median_matched[28][51],0.36365,0.3666
R100,signal_maps.median_matched[28][52],0.3605,0.36335
R100,signal_maps.median_matched[28][53],0.35755,0.36025
R100,signal_maps.median_matched[28][54],0.35435,0.3566
R100,signal_maps.median_matched[28][55],0.35045,0.3533
R100,signal_maps.median_matched[28][56],0.34655,0.34985
R100,signal_maps.median_matched[28][57],0.34305,0.34625
R100,signal_maps.median_matched[28][58],0.3396,0.34335
R100,signal_maps.median_matched[28][59],0.33645,0.3398
R100,signal_maps.median_matched[28][60],0.3326,0.33655
R100,signal_maps.median_matched[29][0],0.5555,0.5532
R100,signal_maps.median_matched[29][1],0.552,0.54965
R100,signal_maps.median_matched[29][2],0.5486,0.54645
R100,signal_maps.median_matched[29][3],0.5443,0.54175
R100,signal_maps.median_matched[29][4],0.54065,0.53835
R100,signal_maps.median_matched[29][5],0.5376,0.53515
R100,signal_maps.median_matched[29][6],0.53405,0.53215
R100,signal_maps.median_matched[29][7],0.53085,0.5282
R100,signal_maps.median_matched[29][8],0.52695,0.52485
R100,signal_maps.median_matched[29][9],0.5232,0.52125
R100,signal_maps.median_matched[29][10],0.51985,0.5176
R100,signal_maps.median_matched[29][11],0.51645,0.5142
R100,signal_maps.median_matched[29][12],0.5133,0.5113
R100,signal_maps.median_matched[29][13],0.50905,0.50715
R100,signal_maps.median_matched[29][14],0.50545,0.5035
R100,signal_maps.median_matched[29][15],0.50165,0.49935
R100,signal_maps.median_matched[29][16],0.4982,0.49525
R100,signal_maps.median_matched[29][17],0.49445,0.49155
R100,signal_maps.median_matched[29][18],0.4905,0.48785
R100,signal_maps.median_matched[29][19],0.48665,0.484
R100,signal_maps.median_matched[29][20],0.483,0.4807
R100,signal_maps.median_matched[29][21],0.47945,0.4772
R100,signal_maps.median_matched[29][22],0.4755,0.47415
R100,signal_maps.median_matched[29][23],0.4718,0.46985
R100,signal_maps.median_matched[29][24],0.46685,0.46705
R100,signal_maps.median_matched[29][25],0.4627,0.46345
R100,signal_maps.median_matched[29][26],0.4591,0.4599
R100,signal_maps.median_matched[29][27],0.4555,0.45645
R100,signal_maps.median_matched[29][28],0.45125,0.45235
R100,signal_maps.median_matched[29][29],0.44745,0.4486
R100,signal_maps.median_matched[29][30],0.4435,0.4445
R100,signal_maps.median_matched[29][31],0.4404,0.4412
R100,signal_maps.median_matched[29][32],0.4366,0.43775
R100,signal_maps.median_matched[29][33],0.4326,0.4344
R100,signal_maps.median_matched[29][34],0.429,0.43035
R100,signal_maps.median_matched[29][35],0.42745,0.42825
R100,signal_maps.median_matched[29][36],0.42265,0.42325
R100,signal_maps.median_matched[29][37],0.41925,0.4193
R100,signal_maps.median_matched[29][38],0.41585,0.41515
R100,signal_maps.median_matched[29][39],0.4122,0.41085
R100,signal_maps.median_matched[29][40],0.4083,0.4077
R100,signal_maps.median_matched[29][41],0.4046,0.4045
R100,signal_maps.median_matched[29][42],0.40055,0.4013
R100,signal_maps.median_matched[29][43],0.3971,0.39765
R100,signal_maps.median_matched[29][44],0.3933,0.3941
R100,signal_maps.median_matched[29][45],0.38955,0.3902
R100,signal_maps.median_matched[29][46],0.3857,0.38735
R100,signal_maps.median_matched[29][47],0.3823,0.3835
R100,signal_maps.median_matched[29][48],0.37865,0.37995
R100,signal_maps.median_matched[29][49],0.3755,0.3765
R100,signal_maps.median_matched[29][50],0.37155,0.3734
R100,signal_maps.median_matched[29][51],0.3682,0.37005
R100,signal_maps.median_matched[29][52],0.36435,0.36705
R100,signal_maps.median_matched[29][53],0.36125,0.36385
R100,signal_maps.median_matched[29][54],0.35835,0.36055
R100,signal_maps.median_matched[29][55],0.35505,0.357
R100,signal_maps.median_matched[29][56],0.35105,0.3539
R100,signal_maps.median_matched[29][57],0.34735,0.3502
R100,signal_maps.median_matched[29][58],0.3437,0.34705
R100,signal_maps.median_matched[29][59],0.34015,0.34395
R100,signal_maps.median_matched[29][60],0.33685,0.3404
R100,signal_maps.median_matched[30][0],0.5602,0.55775
R100,signal_maps.median_matched[30][1],0.55665,0.5539
R100,signal_maps.median_matched[30][2],0.55275,0.5505
R100,signal_maps.median_matched[30][3],0.54905,0.5471
R100,signal_maps.median_matched[30][4],0.545,0.54265
R100,signal_maps.median_matched[30][5],0.54135,0.5391
R100,signal_maps.median_matched[30][6],0.538,0.53575
R100,signal_maps.median_matched[30][7],0.53455,0.53275
R100,signal_maps.median_matched[30][8],0.5315,0.5291
R100,signal_maps.median_matched[30][9],0.5277,0.5253
R100,signal_maps.median_matched[30][10],0.52395,0.5221
R100,signal_maps.median_matched[30][11],0.52015,0.51855
R100,signal_maps.median_matched[30][12],0.5172,0.51485
R100,signal_maps.median_matched[30][13],0.5138,0.51175
R100,signal_maps.median_matched[30][14],0.50995,0.5081
R100,signal_maps.median_matched[30][15],0.50605,0.50405
R100,signal_maps.median_matched[30][16],0.50215,0.5002
R100,signal_maps.median_matched[30][17],0.49855,0.49615
R100,signal_maps.median_matched[30][18],0.4951,0.4922
R100,signal_maps.median_matched[30][19],0.49095,0.4885
R100,signal_maps.median_matched[30][20],0.4873,0.48475
R100,signal_maps.median_matched[30][21],0.48335,0.4811
R100,signal_maps.median_matched[30][22],0.48025,0.4775
R100,signal_maps.median_matched[30][23],0.47625,0.47485
R100,signal_maps.median_matched[30][24],0.47225,0.4707
R100,signal_maps.median_matched[30][25],0.4678,0.46765
R100,signal_maps.median_matched[30][26],0.4635,0.46415
R100,signal_maps.median_matched[30][27],0.4597,0.4607
R100,signal_maps.median_matched[30][28],0.45635,0.45725
R100,signal_maps.median_matched[30][29],0.452,0.4531
R100,signal_maps.median_matched[30][30],0.44825,0.44935
R100,signal_maps.median_matched[30][31],0.44385,0.4452
R100,signal_maps.median_matched[30][32],0.4411,0.44175
R100,signal_maps.median_matched[30][33],0.4374,0.43845
R100,signal_maps.median_matched[30][34],0.4336,0.4348
R100,signal_maps.median_matched[30][35],0.4311,0.43305
R100,signal_maps.median_matched[30][36],0.42635,0.42715
R100,signal_maps.median_matched[30][37],0.42305,0.4238
R100,signal_maps.median_matched[30][38],0.41985,0.42
R100,signal_maps.median_matched[30][39],0.4165,0.41605
R100,signal_maps.median_matched[30][40],0.413,0.41185
R100,signal_maps.median_matched[30][41],0.40895,0.4081
R100,signal_maps.median_matched[30][42],0.40545,0.405
R100,signal_maps.median_matched[30][43],0.40115,0.40225
R100,signal_maps.median_matched[30][44],0.39755,0.39855
R100,signal_maps.median_matched[30][45],0.3939,0.39475
R100,signal_maps.median_matched[30][46],0.39055,0.3906
R100,signal_maps.median_matched[30][47],0.3863,0.388
R100,signal_maps.median_matched[30][48],0.38285,0.38415
R100,signal_maps.median_matched[30][49],0.37905,0.38065
R100,signal_maps.median_matched[30][50],0.376,0.3769
R100,signal_maps.median_matched[30][51],0.37235,0.37395
R100,signal_maps.median_matched[30][52],0.36885,0.37085
R100,signal_maps.median_matched[30][53],0.3651,0.3677
R100,signal_maps.median_matched[30][54],0.3619,0.3645
R100,signal_maps.median_matched[30][55],0.3587,0.3612
R100,signal_maps.median_matched[30][56],0.35595,0.35765
R100,signal_maps.median_matched[30][57],0.3523,0.35465
R100,signal_maps.median_matched[30][58],0.34805,0.35085
R100,signal_maps.median_matched[30][59],0.34445,0.3479
R100,signal_maps.median_matched[30][60],0.3405,0.3443
R100,signal_maps.median_matched[31][0],0.56545,0.5617
R100,signal_maps.median_matched[31][1],0.56075,0.5584
R100,signal_maps.median_matched[31][2],0.5574,0.55465
R100,signal_maps.median_matched[31][3],0.5533,0.55125
R100,signal_maps.median_matched[31][4],0.54965,0.5475
R100,signal_maps.median_matched[31][5],0.54585,0.54375
R100,signal_maps.median_matched[31][6],0.5419,0.5397
R100,signal_maps.median_matched[31][7],0.53875,0.53645
R100,signal_maps.median_matched[31][8],0.53535,0.5332
R100,signal_maps.median_matched[31][9],0.5322,0.5296
R100,signal_maps.median_matched[31][10],0.5286,0.52605
R100,signal_maps.median_matched[31][11],0.52445,0.5227
R100,signal_maps.median_matched[31][12],0.5208,0.51915
R100,signal_maps.median_matched[31][13],0.5178,0.51545
R100,signal_maps.median_matched[31][14],0.5144,0.5125
R100,signal_maps.median_matched[31][15],0.51075,0.50855
R100,signal_maps.median_matched[31][16],0.50655,0.5045
R100,signal_maps.median_matched[31][17],0.50285,0.50085
R100,signal_maps.median_matched[31][18],0.49935,0.49675
R100,signal_maps.median_matched[31][19],0.4958,0.49305
R100,signal_maps.median_matched[31][20],0.4916,0.48905
R100,signal_maps.median_matched[31][21],0.4883,0.48525
R100,signal_maps.median_matched[31][22],0.484,0.4815
R100,signal_maps.median_matched[31][23],0.4807,0.47795
R100,signal_maps.median_matched[31][24],0.477,0.4753
R100,signal_maps.median_matched[31][25],0.4728,0.47175
R100,signal_maps.median_matched[31][26],0.46875,0.4681
R100,signal_maps.median_matched[31][27],0.4645,0.46495
R100,signal_maps.median_matched[31][28],0.46025,0.4613
R100,signal_maps.median_matched[31][29],0.45695,0.45795
R100,signal_maps.median_matched[31][30],0.45275,0.45405
R100,signal_maps.median_matched[31][31],0.44895,0.45
R100,signal_maps.median_matched[31][32],0.44475,0.44595
R100,signal_maps.median_matched[31][33],0.44165,0.44245
R100,signal_maps.median_matched[31][34],0.4379,0.43905
R100,signal_maps.median_matched[31][35],0.43565,0.4371
R100,signal_maps.median_matched[31][36],0.43035,0.4319
R100,signal_maps.median_matched[31][37],0.4269,0.4277
R100,signal_maps.median_matched[31][38],0.4235,0.4245
R100,signal_maps.median_matched[31][39],0.4203,0.4206
R100,signal_maps.median_matched[31][40],0.41715,0.4168
R100,signal_maps.median_matched[31][41],0.41355,0.41245
R100,signal_maps.median_matched[31][42],0.40955,0.40865
R100,signal_maps.median_matched[31][43],0.40585,0.4056
R100,signal_maps.median_matched[31][44],0.4019,0.40285
R100,signal_maps.median_matched[31][45],0.3982,0.399
R100,signal_maps.median_matched[31][46],0.39425,0.39525
R100,signal_maps.median_matched[31][47],0.39115,0.3912
R100,signal_maps.median_matched[31][48],0.38685,0.3885
R100,signal_maps.median_matched[31][49],0.38325,0.38495
R100,signal_maps.median_matched[31][50],0.3799,0.3813
R100,signal_maps.median_matched[31][51],0.37665,0.3775
R100,signal_maps.median_matched[31][52],0.37305,0.37435
R100,signal_maps.median_matched[31][53],0.3692,0.3714
R100,signal_maps.median_matched[31][54],0.36565,0.36845
R100,signal_maps.median_matched[31][55],0.3624,0.36505
R100,signal_maps.median_matched[31][56],0.3593,0.36195
R100,signal_maps.median_matched[31][57],0.35645,0.35825
R100,signal_maps.median_matched[31][58],0.3528,0.35525
R100,signal_maps.median_matched[31][59],0.34875,0.35155
R100,signal_maps.median_matched[31][60],0.3452,0.3484
R100,signal_maps.median_matched[32][0],0.5692,0.56565
R100,signal_maps.median_matched[32][1],0.5663,0.5624
R100,signal_maps.median_matched[32][2],0.56165,0.5591
R100,signal_maps.median_matched[32][3],0.5582,0.55515
R100,signal_maps.median_matched[32][4],0.5538,0.55185
R100,signal_maps.median_matched[32][5],0.55045,0.54835
R100,signal_maps.median_matched[32][6],0.5465,0.54435
R100,signal_maps.median_matched[32][7],0.5426,0.54025
R100,signal_maps.median_matched[32][8],0.5392,0.53675
R100,signal_maps.median_matched[32][9],0.53615,0.53365
R100,signal_maps.median_matched[32][10],0.53265,0.53055
R100,signal_maps.median_matched[32][11],0.52945,0.5267
R100,signal_maps.median_matched[32][12],0.52515,0.52325
R100,signal_maps.median_matched[32][13],0.52145,0.5196
R100,signal_maps.median_matched[32][14],0.5185,0.51615
R100,signal_maps.median_matched[32][15],0.5149,0.51275
R100,signal_maps.median_matched[32][16],0.5116,0.5092
R100,signal_maps.median_matched[32][17],0.5073,0.50525
R100,signal_maps.median_matched[32][18],0.5038,0.50145
R100,signal_maps.median_matched[32][19],0.4997,0.4975
R100,signal_maps.median_matched[32][20],0.4965,0.4937
R100,signal_maps.median_matched[32][21],0.49245,0.4897
R100,signal_maps.median_matched[32][22],0.4889,0.48615
R100,signal_maps.median_matched[32][23],0.48475,0.48225
R100,signal_maps.median_matched[32][24],0.4812,0.4786
R100,signal_maps.median_matched[32][25],0.47775,0.47575
R100,signal_maps.median_matched[32][26],0.47345,0.4724
R100,signal_maps.median_matched[32][27],0.46955,0.4687
R100,signal_maps.median_matched[32][28],0.4651,0.4655
R100,signal_maps.median_matched[32][29],0.46115,0.46225
R100,signal_maps.median_matched[32][30],0.4575,0.4584
R100,signal_maps.median_matched[32][31],0.45355,0.45495
R100,signal_maps.median_matched[32][32],0.44935,0.45035
R100,signal_maps.median_matched[32][33],0.4457,0.4466
R100,signal_maps.median_matched[32][34],0.4422,0.44285
R100,signal_maps.median_matched[32][35],0.4405,0.44125
R100,signal_maps.median_matched[32][36],0.4347,0.4359
R100,signal_maps.median_matched[32][37],0.43095,0.4327
R100,signal_maps.median_matched[32][38],0.4278,0.42855
R100,signal_maps.median_matched[32][39],0.42425,0.42485
R100,signal_maps.median_matched[32][40],0.42065,0.42125
R100,signal_maps.median_matched[32][41],0.41755,0.4174
R100,signal_maps.median_matched[32][42],0.414,0.4132
R100,signal_maps.median_matched[32][43],0.41065,0.4093
R100,signal_maps.median_matched[32][44],0.40645,0.4061
R100,signal_maps.median_matched[32][45],0.40275,0.40345
R100,signal_maps.median_matched[32][46],0.3988,0.3997
R100,signal_maps.median_matched[32][47],0.395,0.3961
R100,signal_maps.median_matched[32][48],0.39175,0.3918
R100,signal_maps.median_matched[32][49],0.3875,0.38895
R100,signal_maps.median_matched[32][50],0.38395,0.3856
R100,signal_maps.median_matched[32][51],0.38055,0.3821
R100,signal_maps.median_matched[32][52],0.3772,0.37825
R100,signal_maps.median_matched[32][53],0.3735,0.3748
R100,signal_maps.median_matched[32][54],0.36985,0.37205
R100,signal_maps.median_matched[32][55],0.36635,0.3687
R100,signal_maps.median_matched[32][56],0.36245,0.36565
R100,signal_maps.median_matched[32][57],0.3598,0.36245
R100,signal_maps.median_matched[32][58],0.3568,0.35885
R100,signal_maps.median_matched[32][59],0.3535,0.3558
R100,signal_maps.median_matched[32][60],0.34935,0.352
R100,signal_maps.median_matched[33][0],0.57365,0.56985
R100,signal_maps.median_matched[33][1],0.57005,0.56605
R100,signal_maps.median_matched[33][2],0.5668,0.5632
R100,signal_maps.median_matched[33][3],0.56275,0.55955
R100,signal_maps.median_matched[33][4],0.5585,0.556
R100,signal_maps.median_matched[33][5],0.5545,0.55255
R100,signal_maps.median_matched[33][6],0.55095,0.54885
R100,signal_maps.median_matched[33][7],0.54705,0.54525
R100,signal_maps.median_matched[33][8],0.54345,0.54105
R100,signal_maps.median_matched[33][9],0.5396,0.5374
R100,signal_maps.median_matched[33][10],0.5367,0.53385
R100,signal_maps.median_matched[33][11],0.5329,0.5313
R100,signal_maps.median_matched[33][12],0.53005,0.5274
R100,signal_maps.median_matched[33][13],0.5257,0.52415
R100,signal_maps.median_matched[33][14],0.52235,0.52005
R100,signal_maps.median_matched[33][15],0.5189,0.5165
R100,signal_maps.median_matched[33][16],0.5158,0.5133
R100,signal_maps.median_matched[33][17],0.51235,0.5099
R100,signal_maps.median_matched[33][18],0.508,0.5058
R100,signal_maps.median_matched[33][19],0.50445,0.5026
R100,signal_maps.median_matched[33][20],0.5005,0.49825
R100,signal_maps.median_matched[33][21],0.49705,0.4944
R100,signal_maps.median_matched[33][22],0.49325,0.49055
R100,signal_maps.median_matched[33][23],0.4894,0.4868
R100,signal_maps.median_matched[33][24],0.4852,0.4831
R100,signal_maps.median_matched[33][25],0.48155,0.4795
R100,signal_maps.median_matched[33][26],0.4786,0.47635
R100,signal_maps.median_matched[33][27],0.4742,0.47315
R100,signal_maps.median_matched[33][28],0.4703,0.4693
R100,signal_maps.median_matched[33][29],0.46585,0.466
R100,signal_maps.median_matched[33][30],0.4619,0.4628
R100,signal_maps.median_matched[33][31],0.4583,0.4592
R100,signal_maps.median_matched[33][32],0.45445,0.45565
R100,signal_maps.median_matched[33][33],0.45025,0.45105
R100,signal_maps.median_matched[33][34],0.4464,0.4473
R100,signal_maps.median_matched[33][35],0.44405,0.44505
R100,signal_maps.median_matched[33][36],0.43955,0.4403
R100,signal_maps.median_matched[33][37],0.4352,0.43665
R100,signal_maps.median_matched[33][38],0.43135,0.43335
R100,signal_maps.median_matched[33][39],0.428,0.42905
R100,signal_maps.median_matched[33][40],0.4249,0.4252
R100,signal_maps.median_matched[33][41],0.4213,0.42195
R100,signal_maps.median_matched[33][42],0.4181,0.41805
R100,signal_maps.median_matched[33][43],0.41495,0.41385
R100,signal_maps.median_matched[33][44],0.4112,0.4102
R100,signal_maps.median_matched[33][45],0.4071,0.4067
R100,signal_maps.median_matched[33][46],0.40335,0.40405
R100,signal_maps.median_matched[33][47],0.3995,0.4002
R100,signal_maps.median_matched[33][48],0.3958,0.39685
R100,signal_maps.median_matched[33][50],0.3882,0.38925
R100,signal_maps.median_matched[33][51],0.38455,0.3863
R100,signal_maps.median_matched[33][52],0.38115,0.3828
R100,signal_maps.median_matched[33][53],0.37765,0.3789
R100,signal_maps.median_matched[33][54],0.3742,0.3755
R100,signal_maps.median_matched[33][55],0.37045,0.3726
R100,signal_maps.median_matched[33][56],0.36675,0.3693
R100,signal_maps.median_matched[33][57],0.3631,0.36625
R100,signal_maps.median_matched[33][58],0.3601,0.3631
R100,signal_maps.median_matched[33][59],0.35735,0.35955
R100,signal_maps.median_matched[33][60],0.3541,0.35635
R100,signal_maps.median_matched[34][0],0.57755,0.57385
R100,signal_maps.median_matched[34][1],0.5742,0.57045
R100,signal_maps.median_matched[34][2],0.57075,0.5668
R100,signal_maps.median_matched[34][3],0.5673,0.564
R100,signal_maps.median_matched[34][4],0.5636,0.5601
R100,signal_maps.median_matched[34][5],0.5592,0.5565
R100,signal_maps.median_matched[34][6],0.5552,0.55305
R100,signal_maps.median_matched[34][7],0.5518,0.54925
R100,signal_maps.median_matched[34][8],0.54795,0.5459
R100,signal_maps.median_matched[34][9],0.544,0.5414
R100,signal_maps.median_matched[34][10],0.54005,0.5381
R100,signal_maps.median_matched[34][11],0.53725,0.5346
R100,signal_maps.median_matched[34][12],0.5336,0.5317
R100,signal_maps.median_matched[34][13],0.5307,0.52795
R100,signal_maps.median_matched[34][14],0.52655,0.5246
R100,signal_maps.median_matched[34][15],0.5231,0.52075
R100,signal_maps.median_matched[34][16],0.51955,0.5171
R100,signal_maps.median_matched[34][17],0.51635,0.5139
R100,signal_maps.median_matched[34][18],0.51305,0.5108
R100,signal_maps.median_matched[34][19],0.50865,0.5069
R100,signal_maps.median_matched[34][20],0.50525,0.5034
R100,signal_maps.median_matched[34][21],0.50145,0.4989
R100,signal_maps.median_matched[34][22],0.4975,0.4949
R100,signal_maps.median_matched[34][23],0.49395,0.4911
R100,signal_maps.median_matched[34][24],0.4901,0.4876
R100,signal_maps.median_matched[34][25],0.4859,0.48355
R100,signal_maps.median_matched[34][26],0.48225,0.4802
R100,signal_maps.median_matched[34][27],0.4792,0.4768
R100,signal_maps.median_matched[34][28],0.47515,0.47365
R100,signal_maps.median_matched[34][29],0.4715,0.46995
R100,signal_maps.median_matched[34][30],0.4665,0.46655
R100,signal_maps.median_matched[34][31],0.4623,0.4634
R100,signal_maps.median_matched[34][32],0.45875,0.45965
R100,signal_maps.median_matched[34][33],0.4554,0.45635
R100,signal_maps.median_matched[34][34],0.45105,0.452
R100,signal_maps.median_matched[34][35],0.44905,0.44995
R100,signal_maps.median_matched[34][36],0.4433,0.44415
R100,signal_maps.median_matched[34][37],0.44015,0.4409
R100,signal_maps.median_matched[34][38],0.436,0.4373
R100,signal_maps.median_matched[34][39],0.4319,0.43405
R100,signal_maps.median_matched[34][40],0.4288,0.43005
R100,signal_maps.median_matched[34][41],0.42535,0.42595
R100,signal_maps.median_matched[34][42],0.42235,0.4226
R100,signal_maps.median_matched[34][43],0.4188,0.4187
R100,signal_maps.median_matched[34][44],0.4155,0.4147
R100,signal_maps.median_matched[34][45],0.41195,0.41075
R100,signal_maps.median_matched[34][46],0.4079,0.40745
R100,signal_maps.median_matched[34][47],0.40415,0.4044
R100,signal_maps.median_matched[34][48],0.39995,0.4008
R100,signal_maps.median_matched[34][49],0.3966,0.397
R100,signal_maps.median_matched[34][50],0.3929,0.39345
R100,signal_maps.median_matched[34][51],0.38895,0.38975
R100,signal_maps.median_matched[34][52],0.3853,0.38695
R100,signal_maps.median_matched[34][53],0.3818,0.3832
R100,signal_maps.median_matched[34][54],0.37805,0.37935
R100,signal_maps.median_matched[34][55],0.3747,0.3763
R100,signal_maps.median_matched[34][56],0.3711,0.37305
R100,signal_maps.median_matched[34][57],0.36755,0.36975
R100,signal_maps.median_matched[34][58],0.3637,0.3668
R100,signal_maps.median_matched[34][59],0.361,0.36355
R100,signal_maps.median_matched[34][60],0.3577,0.3603
R100,signal_maps.median_matched[35][0],0.582,0.57805
R100,signal_maps.median_matched[35][1],0.5784,0.575
R100,signal_maps.median_matched[35][2],0.57485,0.57105
R100,signal_maps.median_matched[35][3],0.57145,0.56765
R100,signal_maps.median_matched[35][4],0.568,0.56455
R100,signal_maps.median_matched[35][5],0.56445,0.5607
R100,signal_maps.median_matched[35][6],0.5598,0.5571
R100,signal_maps.median_matched[35][7],0.5561,0.5537
R100,signal_maps.median_matched[35][8],0.5524,0.55005
R100,signal_maps.median_matched[35][9],0.54885,0.5466
R100,signal_maps.median_matched[35][10],0.5446,0.5422
R100,signal_maps.median_matched[35][11],0.54085,0.5386
R100,signal_maps.median_matched[35][12],0.5376,0.53515
R100,signal_maps.median_matched[35][13],0.53425,0.5324
R100,signal_maps.median_matched[35][14],0.5314,0.5287
R100,signal_maps.median_matched[35][15],0.52745,0.5251
R100,signal_maps.median_matched[35][16],0.5236,0.52135
R100,signal_maps.median_matched[35][17],0.52015,0.518
R100,signal_maps.median_matched[35][18],0.5168,0.51475
R100,signal_maps.median_matched[35][19],0.51365,0.5114
R100,signal_maps.median_matched[35][20],0.5095,0.5073
R100,signal_maps.median_matched[35][21],0.5058,0.50385
R100,signal_maps.median_matched[35][22],0.50185,0.4999
R100,signal_maps.median_matched[35][23],0.49835,0.4956
R100,signal_maps.median_matched[35][24],0.4947,0.4919
R100,signal_maps.median_matched[35][25],0.49065,0.48825
R100,signal_maps.median_matched[35][26],0.4868,0.48415
R100,signal_maps.median_matched[35][27],0.4829,0.481
R100,signal_maps.median_matched[35][28],0.47995,0.47725
R100,signal_maps.median_matched[35][29],0.4762,0.47425
R100,signal_maps.median_matched[35][30],0.47225,0.4704
R100,signal_maps.median_matched[35][31],0.467,0.46745
R100,signal_maps.median_matched[35][32],0.46315,0.46395
R100,signal_maps.median_matched[35][33],0.45925,0.4603
R100,signal_maps.median_matched[35][34],0.4558,0.45705
R100,signal_maps.median_matched[35][35],0.45345,0.4548
R100,signal_maps.median_matched[35][36],0.4477,0.4489
R100,signal_maps.median_matched[35][37],0.4438,0.44475
R100,signal_maps.median_matched[35][38],0.44075,0.44135
R100,signal_maps.median_matched[35][39],0.43675,0.4379
R100,signal_maps.median_matched[35][40],0.433,0.43465
R100,signal_maps.median_matched[35][41],0.4292,0.4307
R100,signal_maps.median_matched[35][42],0.4261,0.42645
R100,signal_maps.median_matched[35][43],0.4229,0.4235
R100,signal_maps.median_matched[35][44],0.41945,0.41965
R100,signal_maps.median_matched[35][45],0.41625,0.4155
R100,signal_maps.median_matched[35][46],0.4125,0.4112
R100,signal_maps.median_matched[35][47],0.40865,0.40795
R100,signal_maps.median_matched[35][48],0.40475,0.40495
R100,signal_maps.median_matched[35][49],0.40075,0.40135
R100,signal_maps.median_matched[35][50],0.3969,0.3976
R100,signal_maps.median_matched[35][51],0.3937,0.39435
R100,signal_maps.median_matched[35][52],0.38975,0.3903
R100,signal_maps.median_matched[35][53],0.3859,0.38755
R100,signal_maps.median_matched[35][54],0.3822,0.38365
R100,signal_maps.median_matched[35][55],0.379,0.38005
R100,signal_maps.median_matched[35][56],0.3755,0.3768
R100,signal_maps.median_matched[35][57],0.37185,0.3734
R100,signal_maps.median_matched[35][58],0.36825,0.3703
R100,signal_maps.median_matched[35][59],0.36455,0.3672
R100,signal_maps.median_matched[35][60],0.3616,0.36395
R100,signal_maps.median_matched[36][0],0.58635,0.58225
R100,signal_maps.median_matched[36][1],0.5825,0.57895
R100,signal_maps.median_matched[36][2],0.579,0.5756
R100,signal_maps.median_matched[36][3],0.57525,0.57195
R100,signal_maps.median_matched[36][4],0.57195,0.5686
R100,signal_maps.median_matched[36][5],0.5683,0.56505
R100,signal_maps.median_matched[36][6],0.56515,0.5614
R100,signal_maps.median_matched[36][7],0.56055,0.55805
R100,signal_maps.median_matched[36][8],0.5571,0.55435
R100,signal_maps.median_matched[36][9],0.5531,0.5508
R100,signal_maps.median_matched[36][10],0.54955,0.54765
R100,signal_maps.median_matched[36][11],0.54545,0.54305
R100,signal_maps.median_matched[36][12],0.54155,0.53945
R100,signal_maps.median_matched[36][13],0.53815,0.53575
R100,signal_maps.median_matched[36][14],0.5348,0.53295
R100,signal_maps.median_matched[36][15],0.5318,0.52925
R100,signal_maps.median_matched[36][16],0.52785,0.52575
R100,signal_maps.median_matched[36][17],0.52425,0.5223
R100,signal_maps.median_matched[36][18],0.5208,0.5187
R100,signal_maps.median_matched[36][19],0.51765,0.5153
R100,signal_maps.median_matched[36][20],0.51425,0.51205
R100,signal_maps.median_matched[36][21],0.51035,0.50825
R100,signal_maps.median_matched[36][22],0.50635,0.50435
R100,signal_maps.median_matched[36][23],0.50225,0.5005
R100,signal_maps.median_matched[36][24],0.49895,0.49635
R100,signal_maps.median_matched[36][25],0.4953,0.4925
R100,signal_maps.median_matched[36][26],0.49115,0.4888
R100,signal_maps.median_matched[36][27],0.4876,0.48505
R100,signal_maps.median_matched[36][28],0.4836,0.4813
R100,signal_maps.median_matched[36][29],0.48035,0.4777
R100,signal_maps.median_matched[36][30],0.47675,0.475
R100,signal_maps.median_matched[36][31],0.4728,0.47105
R100,signal_maps.median_matched[36][32],0.468,0.4679
R100,signal_maps.median_matched[36][33],0.46415,0.4644
R100,signal_maps.median_matched[36][34],0.46015,0.46105
R100,signal_maps.median_matched[36][35],0.45825,0.4594
R100,signal_maps.median_matched[36][36],0.45225,0.45345
R100,signal_maps.median_matched[36][37],0.44865,0.44975
R100,signal_maps.median_matched[36][38],0.44445,0.44555
R100,signal_maps.median_matched[36][39],0.4413,0.44205
R100,signal_maps.median_matched[36][40],0.43755,0.43855
R100,signal_maps.median_matched[36][41],0.43375,0.43495
R100,signal_maps.median_matched[36][42],0.43005,0.43155
R100,signal_maps.median_matched[36][43],0.42665,0.4269
R100,signal_maps.median_matched[36][44],0.42355,0.424
R100,signal_maps.median_matched[36][45],0.41975,0.42025
R100,signal_maps.median_matched[36][46],0.4168,0.4164
R100,signal_maps.median_matched[36][47],0.41315,0.412
R100,signal_maps.median_matched[36][48],0.40935,0.4086
R100,signal_maps.median_matched[36][49],0.4056,0.4053
R100,signal_maps.median_matched[36][50],0.4012,0.4024
R100,signal_maps.median_matched[36][51],0.39765,0.39875
R100,signal_maps.median_matched[36][52],0.3941,0.3952
R100,signal_maps.median_matched[36][53],0.39065,0.39105
R100,signal_maps.median_matched[36][54],0.3866,0.3882
R100,signal_maps.median_matched[36][55],0.38295,0.38415
R100,signal_maps.median_matched[36][56],0.37955,0.3807
R100,signal_maps.median_matched[36][57],0.37605,0.3773
R100,signal_maps.median_matched[36][58],0.37245,0.37405
R100,signal_maps.median_matched[36][59],0.36885,0.3712
R100,signal_maps.median_matched[36][60],0.36525,0.3678
R100,signal_maps.median_matched[37][0],0.58955,0.5865
R100,signal_maps.median_matched[37][1],0.587,0.5832
R100,signal_maps.median_matched[37][2],0.5828,0.5797
R100,signal_maps.median_matched[37][3],0.58005,0.57605
R100,signal_maps.median_matched[37][4],0.5758,0.5726
R100,signal_maps.median_matched[37][5],0.5724,0.5691
R100,signal_maps.median_matched[37][6],0.5692,0.56555
R100,signal_maps.median_matched[37][7],0.5657,0.56195
R100,signal_maps.median_matched[37][8],0.5615,0.55875
R100,signal_maps.median_matched[37][9],0.5578,0.5551
R100,signal_maps.median_matched[37][10],0.55365,0.55165
R100,signal_maps.median_matched[37][11],0.55,0.5482
R100,signal_maps.median_matched[37][12],0.5462,0.54405
R100,signal_maps.median_matched[37][13],0.54215,0.5401
R100,signal_maps.median_matched[37][14],0.53885,0.5365
R100,signal_maps.median_matched[37][15],0.5356,0.5334
R100,signal_maps.median_matched[37][16],0.53245,0.53
R100,signal_maps.median_matched[37][17],0.5286,0.5265
R100,signal_maps.median_matched[37][18],0.5248,0.52305
R100,signal_maps.median_matched[37][19],0.52145,0.51945
R100,signal_maps.median_matched[37][20],0.51815,0.51565
R100,signal_maps.median_matched[37][21],0.51505,0.5126
R100,signal_maps.median_matched[37][22],0.51095,0.5089
R100,signal_maps.median_matched[37][23],0.5068,0.50495
R100,signal_maps.median_matched[37][24],0.5032,0.50135
R100,signal_maps.median_matched[37][25],0.49965,0.4973
R100,signal_maps.median_matched[37][26],0.49585,0.49325
R100,signal_maps.median_matched[37][27],0.4917,0.4896
R100,signal_maps.median_matched[37][28],0.48825,0.4857
R100,signal_maps.median_matched[37][29],0.48425,0.48155
R100,signal_maps.median_matched[37][30],0.481,0.4784
R100,signal_maps.median_matched[37][31],0.4773,0.4754
R100,signal_maps.median_matched[37][32],0.47335,0.47195
R100,signal_maps.median_matched[37][33],0.46885,0.46835
R100,signal_maps.median_matched[37][34],0.4649,0.46505
R100,signal_maps.median_matched[37][35],0.46245,0.46325
R100,signal_maps.median_matched[37][36],0.45715,0.45825
R100,signal_maps.median_matched[37][37],0.45305,0.45445
R100,signal_maps.median_matched[37][38],0.44925,0.45025
R100,signal_maps.median_matched[37][39],0.44505,0.44615
R100,signal_maps.median_matched[37][40],0.44195,0.44265
R100,signal_maps.median_matched[37][41],0.4384,0.4393
R100,signal_maps.median_matched[37][42],0.4344,0.43555
R100,signal_maps.median_matched[37][43],0.4306,0.43225
R100,signal_maps.median_matched[37][44],0.4272,0.4279
R100,signal_maps.median_matched[37][45],0.42385,0.4247
R100,signal_maps.median_matched[37][46],0.42055,0.4211
R100,signal_maps.median_matched[37][47],0.4174,0.417
R100,signal_maps.median_matched[37][48],0.41375,0.41265
R100,signal_maps.median_matched[37][49],0.40985,0.40885
R100,signal_maps.median_matched[37][50],0.4061,0.4057
R100,signal_maps.median_matched[37][51],0.4021,0.40295
R100,signal_maps.median_matched[37][52],0.3983,0.3995
R100,signal_maps.median_matched[37][53],0.3945,0.39565
R100,signal_maps.median_matched[37][54],0.3913,0.3916
R100,signal_maps.median_matched[37][55],0.38715,0.3887
R100,signal_maps.median_matched[37][56],0.38335,0.385
R100,signal_maps.median_matched[37][57],0.38,0.38135
R100,signal_maps.median_matched[37][58],0.3765,0.3776
R100,signal_maps.median_matched[37][59],0.3731,0.3744
R100,signal_maps.median_matched[37][60],0.3695,0.37155
R100,signal_maps.median_matched[38][0],0.5944,0.5897
R100,signal_maps.median_matched[38][1],0.5902,0.58705
R100,signal_maps.median_matched[38][2],0.5875,0.5837
R100,signal_maps.median_matched[38][3],0.58335,0.5804
R100,signal_maps.median_matched[38][4],0.5805,0.5767
R100,signal_maps.median_matched[38][5],0.5765,0.5734
R100,signal_maps.median_matched[38][6],0.57315,0.5699
R100,signal_maps.median_matched[38][7],0.56955,0.5663
R100,signal_maps.median_matched[38][8],0.5664,0.563
R100,signal_maps.median_matched[38][9],0.56215,0.55935
R100,signal_maps.median_matched[38][10],0.55855,0.5555
R100,signal_maps.median_matched[38][11],0.55415,0.5524
R100,signal_maps.median_matched[38][12],0.55055,0.5488
R100,signal_maps.median_matched[38][13],0.5469,0.5446
R100,signal_maps.median_matched[38][14],0.54295,0.5407
R100,signal_maps.median_matched[38][15],0.5394,0.53715
R100,signal_maps.median_matched[38][16],0.5363,0.5337
R100,signal_maps.median_matched[38][17],0.53285,0.53095
R100,signal_maps.median_matched[38][18],0.5295,0.5272
R100,signal_maps.median_matched[38][19],0.52555,0.5239
R100,signal_maps.median_matched[38][20],0.5219,0.5201
R100,signal_maps.median_matched[38][21],0.51855,0.51655
R100,signal_maps.median_matched[38][22],0.5155,0.5131
R100,signal_maps.median_matched[38][23],0.51225,0.5095
R100,signal_maps.median_matched[38][24],0.50765,0.50545
R100,signal_maps.median_matched[38][25],0.5042,0.502
R100,signal_maps.median_matched[38][26],0.5001,0.49795
R100,signal_maps.median_matched[38][27],0.49665,0.49405
R100,signal_maps.median_matched[38][28],0.49255,0.4902
R100,signal_maps.median_matched[38][29],0.4893,0.48655
R100,signal_maps.median_matched[38][30],0.48505,0.4824
R100,signal_maps.median_matched[38][31],0.48125,0.47885
R100,signal_maps.median_matched[38][32],0.47785,0.4759
R100,signal_maps.median_matched[38][33],0.47375,0.47235
R100,signal_maps.median_matched[38][34],0.46965,0.46895
R100,signal_maps.median_matched[38][35],0.4671,0.4673
R100,signal_maps.median_matched[38][36],0.4615,0.46235
R100,signal_maps.median_matched[38][37],0.4577,0.4589
R100,signal_maps.median_matched[38][38],0.4536,0.4552
R100,signal_maps.median_matched[38][39],0.44965,0.4509
R100,signal_maps.median_matched[38][40],0.44585,0.44675
R100,signal_maps.median_matched[38][41],0.44255,0.4433
R100,signal_maps.median_matched[38][42],0.4394,0.43975
R100,signal_maps.median_matched[38][43],0.43485,0.43605
R100,signal_maps.median_matched[38][44],0.4312,0.43285
R100,signal_maps.median_matched[38][45],0.42795,0.4287
R100,signal_maps.median_matched[38][46],0.42435,0.42495
R100,signal_maps.median_matched[38][47],0.42115,0.4214
R100,signal_maps.median_matched[38][49],0.41435,0.4135
R100,signal_maps.median_matched[38][50],0.4105,0.4098
R100,signal_maps.median_matched[38][51],0.4065,0.4064
R100,signal_maps.median_matched[38][52],0.40275,0.40345
R100,signal_maps.median_matched[38][53],0.39905,0.3999
R100,signal_maps.median_matched[38][54],0.39505,0.3962
R100,signal_maps.median_matched[38][55],0.39185,0.3922
R100,signal_maps.median_matched[38][56],0.3877,0.38945
R100,signal_maps.median_matched[38][57],0.38425,0.38585
R100,signal_maps.median_matched[38][58],0.3805,0.38225
R100,signal_maps.median_matched[38][59],0.37735,0.3784
R100,signal_maps.median_matched[38][60],0.3737,0.3751
R100,signal_maps.median_matched[39][0],0.599,0.59375
R100,signal_maps.median_matched[39][1],0.59515,0.5904
R100,signal_maps.median_matched[39][2],0.5911,0.58745
R100,signal_maps.median_matched[39][3],0.588,0.5841
R100,signal_maps.median_matched[39][4],0.58435,0.58105
R100,signal_maps.median_matched[39][5],0.58125,0.57735
R100,signal_maps.median_matched[39][6],0.57715,0.57405
R100,signal_maps.median_matched[39][7],0.5738,0.57065
R100,signal_maps.median_matched[39][8],0.57035,0.5669
R100,signal_maps.median_matched[39][9],0.56695,0.5638
R100,signal_maps.median_matched[39][10],0.56315,0.5599
R100,signal_maps.median_matched[39][11],0.5591,0.55625
R100,signal_maps.median_matched[39][12],0.55495,0.55305
R100,signal_maps.median_matched[39][13],0.55135,0.5491
R100,signal_maps.median_matched[39][14],0.5474,0.54585
R100,signal_maps.median_matched[39][15],0.54395,0.54125
R100,signal_maps.median_matched[39][16],0.5399,0.53775
R100,signal_maps.median_matched[39][17],0.53715,0.5342
R100,signal_maps.median_matched[39][18],0.5333,0.5313
R100,signal_maps.median_matched[39][19],0.53025,0.52755
R100,signal_maps.median_matched[39][20],0.5259,0.52455
R100,signal_maps.median_matched[39][21],0.5226,0.5204
R100,signal_maps.median_matched[39][22],0.51925,0.5169
R100,signal_maps.median_matched[39][23],0.516,0.51375
R100,signal_maps.median_matched[39][24],0.51265,0.51
R100,signal_maps.median_matched[39][25],0.50845,0.50605
R100,signal_maps.median_matched[39][26],0.5047,0.50285
R100,signal_maps.median_matched[39][27],0.50065,0.49865
R100,signal_maps.median_matched[39][28],0.49735,0.49445
R100,signal_maps.median_matched[39][29],0.49335,0.49055
R100,signal_maps.median_matched[39][30],0.4896,0.4872
R100,signal_maps.median_matched[39][31],0.48555,0.4832
R100,signal_maps.median_matched[39][32],0.4818,0.4795
R100,signal_maps.median_matched[39][33],0.47865,0.47635
R100,signal_maps.median_matched[39][34],0.4746,0.4731
R100,signal_maps.median_matched[39][35],0.4728,0.4708
R100,signal_maps.median_matched[39][36],0.4659,0.4665
R100,signal_maps.median_matched[39][37],0.46225,0.46325
R100,signal_maps.median_matched[39][38],0.45845,0.4596
R100,signal_maps.median_matched[39][39],0.4544,0.4561
R100,signal_maps.median_matched[39][40],0.4504,0.45145
R100,signal_maps.median_matched[39][41],0.44675,0.4478
R100,signal_maps.median_matched[39][42],0.443,0.444
R100,signal_maps.median_matched[39][43],0.4399,0.44045
R100,signal_maps.median_matched[39][44],0.4355,0.4367
R100,signal_maps.median_matched[39][45],0.43155,0.4334
R100,signal_maps.median_matched[39][46],0.4285,0.4295
R100,signal_maps.median_matched[39][47],0.4249,0.4256
R100,signal_maps.median_matched[39][48],0.42165,0.42185
R100,signal_maps.median_matched[39][49],0.41805,0.4183
R100,signal_maps.median_matched[39][50],0.4149,0.4141
R100,signal_maps.median_matched[39][51],0.4114,0.41045
R100,signal_maps.median_matched[39][52],0.40735,0.4069
R100,signal_maps.median_matched[39][53],0.4036,0.40415
R100,signal_maps.median_matched[39][54],0.3999,0.40035
R100,signal_maps.median_matched[39][55],0.3959,0.397
R100,signal_maps.median_matched[39][56],0.3926,0.393
R100,signal_maps.median_matched[39][57],0.38815,0.38955
R100,signal_maps.median_matched[39][58],0.3848,0.38655
R100,signal_maps.median_matched[39][59],0.38125,0.383
R100,signal_maps.median_matched[39][60],0.3778,0.379
R100,signal_maps.median_matched[40][0],0.60405,0.5977
R100,signal_maps.median_matched[40][1],0.59955,0.59425
R100,signal_maps.median_matched[40][2],0.59625,0.59085
R100,signal_maps.median_matched[40][3],0.59195,0.58785
R100,signal_maps.median_matched[40][4],0.58865,0.58475
R100,signal_maps.median_matched[40][5],0.58515,0.58155
R100,signal_maps.median_matched[40][6],0.5816,0.57825
R100,signal_maps.median_matched[40][7],0.5783,0.5745
R100,signal_maps.median_matched[40][8],0.57465,0.5712
R100,signal_maps.median_matched[40][9],0.571,0.5676
R100,signal_maps.median_matched[40][10],0.56755,0.5645
R100,signal_maps.median_matched[40][11],0.56385,0.5605
R100,signal_maps.median_matched[40][12],0.55975,0.5569
R100,signal_maps.median_matched[40][13],0.5558,0.5535
R100,signal_maps.median_matched[40][14],0.5521,0.54975
R100,signal_maps.median_matched[40][15],0.5481,0.5464
R100,signal_maps.median_matched[40][16],0.54435,0.54195
R100,signal_maps.median_matched[40][17],0.54045,0.5387
R100,signal_maps.median_matched[40][18],0.5375,0.5345
R100,signal_maps.median_matched[40][19],0.5337,0.53195
R100,signal_maps.median_matched[40][20],0.5309,0.528
R100,signal_maps.median_matched[40][21],0.52655,0.525
R100,signal_maps.median_matched[40][22],0.5231,0.5209
R100,signal_maps.median_matched[40][23],0.5198,0.51755
R100,signal_maps.median_matched[40][24],0.5165,0.5141
R100,signal_maps.median_matched[40][25],0.5135,0.5108
R100,signal_maps.median_matched[40][26],0.50885,0.5068
R100,signal_maps.median_matched[40][27],0.5054,0.50365
R100,signal_maps.median_matched[40][28],0.50165,0.49915
R100,signal_maps.median_matched[40][29],0.49775,0.49515
R100,signal_maps.median_matched[40][30],0.4941,0.49145
R100,signal_maps.median_matched[40][31],0.4902,0.48795
R100,signal_maps.median_matched[40][32],0.4861,0.48405
R100,signal_maps.median_matched[40][33],0.48225,0.4804
R100,signal_maps.median_matched[40][34],0.4794,0.4769
R100,signal_maps.median_matched[40][35],0.47715,0.4753
R100,signal_maps.median_matched[40][36],0.4717,0.46995
R100,signal_maps.median_matched[40][37],0.4667,0.4668
R100,signal_maps.median_matched[40][38],0.46275,0.4635
R100,signal_maps.median_matched[40][39],0.4591,0.46
R100,signal_maps.median_matched[40][40],0.45535,0.45665
R100,signal_maps.median_matched[40][41],0.45125,0.4524
R100,signal_maps.median_matched[40][42],0.44735,0.44845
R100,signal_maps.median_matched[40][43],0.44375,0.4446
R100,signal_maps.median_matched[40][44],0.44045,0.4412
R100,signal_maps.median_matched[40][45],0.4362,0.43745
R100,signal_maps.median_matched[40][46],0.4322,0.4342
R100,signal_maps.median_matched[40][47],0.429,0.4302
R100,signal_maps.median_matched[40][48],0.42565,0.42615
R100,signal_maps.median_matched[40][49],0.42255,0.4228
R100,signal_maps.median_matched[40][50],0.419,0.41895
R100,signal_maps.median_matched[40][51],0.41565,0.4149
R100,signal_maps.median_matched[40][52],0.41205,0.4111
R100,signal_maps.median_matched[40][53],0.408,0.4077
R100,signal_maps.median_matched[40][54],0.4043,0.4047
R100,signal_maps.median_matched[40][55],0.4003,0.40085
R100,signal_maps.median_matched[40][56],0.39655,0.39715
R100,signal_maps.median_matched[40][57],0.39325,0.39365
R100,signal_maps.median_matched[40][58],0.389,0.39015
R100,signal_maps.median_matched[40][59],0.3854,0.3871
R100,signal_maps.median_matched[40][60],0.38165,0.38345
R100,signal_maps.median_matched[41][0],0.6087,0.60155
R100,signal_maps.median_matched[41][1],0.6045,0.59845
R100,signal_maps.median_matched[41][2],0.6006,0.5952
R100,signal_maps.median_matched[41][3],0.59685,0.59145
R100,signal_maps.median_matched[41][4],0.593,0.58845
R100,signal_maps.median_matched[41][5],0.58925,0.5856
R100,signal_maps.median_matched[41][6],0.58585,0.58225
R100,signal_maps.median_matched[41][7],0.5824,0.579
R100,signal_maps.median_matched[41][8],0.5789,0.5753
R100,signal_maps.median_matched[41][9],0.57545,0.57175
R100,signal_maps.median_matched[41][10],0.57195,0.5682
R100,signal_maps.median_matched[41][11],0.5682,0.56525
R100,signal_maps.median_matched[41][12],0.5647,0.56105
R100,signal_maps.median_matched[41][13],0.5602,0.5575
R100,signal_maps.median_matched[41][14],0.5566,0.5539
R100,signal_maps.median_matched[41][15],0.5529,0.5506
R100,signal_maps.median_matched[41][16],0.54885,0.547
R100,signal_maps.median_matched[41][17],0.5449,0.54275
R100,signal_maps.median_matched[41][18],0.54115,0.53905
R100,signal_maps.median_matched[41][19],0.5378,0.53545
R100,signal_maps.median_matched[41][20],0.53435,0.5325
R100,signal_maps.median_matched[41][21],0.5315,0.5288
R100,signal_maps.median_matched[41][22],0.5276,0.52535
R100,signal_maps.median_matched[41][23],0.5239,0.52165
R100,signal_maps.median_matched[41][24],0.52045,0.5182
R100,signal_maps.median_matched[41][25],0.517,0.51475
R100,signal_maps.median_matched[41][26],0.51395,0.51155
R100,signal_maps.median_matched[41][27],0.50975,0.50755
R100,signal_maps.median_matched[41][28],0.5061,0.5042
R100,signal_maps.median_matched[41][29],0.5021,0.50005
R100,signal_maps.median_matched[41][30],0.49855,0.4959
R100,signal_maps.median_matched[41][31],0.4949,0.49185
R100,signal_maps.median_matched[41][32],0.4907,0.48855
R100,signal_maps.median_matched[41][33],0.48695,0.48445
R100,signal_maps.median_matched[41][34],0.4832,0.4811
R100,signal_maps.median_matched[41][35],0.4814,0.4788
R100,signal_maps.median_matched[41][36],0.4763,0.4741
R100,signal_maps.median_matched[41][37],0.47255,0.47045
R100,signal_maps.median_matched[41][39],0.46335,0.4641
R100,signal_maps.median_matched[41][40],0.4595,0.4604
R100,signal_maps.median_matched[41][41],0.45585,0.4573
R100,signal_maps.median_matched[41][42],0.4519,0.45315
R100,signal_maps.median_matched[41][43],0.44775,0.4492
R100,signal_maps.median_matched[41][44],0.44415,0.44515
R100,signal_maps.median_matched[41][45],0.44095,0.44175
R100,signal_maps.median_matched[41][46],0.4371,0.4381
R100,signal_maps.median_matched[41][47],0.4329,0.4346
R100,signal_maps.median_matched[41][48],0.42965,0.43115
R100,signal_maps.median_matched[41][49],0.42635,0.4267
R100,signal_maps.median_matched[41][50],0.42315,0.42325
R100,signal_maps.median_matched[41][51],0.41965,0.4198
R100,signal_maps.median_matched[41][52],0.4162,0.41555
R100,signal_maps.median_matched[41][53],0.4127,0.4115
R100,signal_maps.median_matched[41][54],0.40875,0.408
R100,signal_maps.median_matched[41][55],0.40495,0.40515
R100,signal_maps.median_matched[41][56],0.4009,0.40145
R100,signal_maps.median_matched[41][57],0.3972,0.39775
R100,signal_maps.median_matched[41][58],0.3936,0.3946
R100,signal_maps.median_matched[41][59],0.3898,0.39055
R100,signal_maps.median_matched[41][60],0.38605,0.3878
R100,signal_maps.median_matched[42][0],0.61245,0.6058
R100,signal_maps.median_matched[42][1],0.6094,0.60225
R100,signal_maps.median_matched[42][2],0.6051,0.5993
R100,signal_maps.median_matched[42][3],0.6012,0.59595
R100,signal_maps.median_matched[42][4],0.59735,0.5918
R100,signal_maps.median_matched[42][5],0.5938,0.589
R100,signal_maps.median_matched[42][6],0.58955,0.58615
R100,signal_maps.median_matched[42][7],0.58685,0.5828
R100,signal_maps.median_matched[42][8],0.5828,0.5796
R100,signal_maps.median_matched[42][9],0.5794,0.57625
R100,signal_maps.median_matched[42][10],0.5758,0.5725
R100,signal_maps.median_matched[42][11],0.57255,0.56905
R100,signal_maps.median_matched[42][12],0.5688,0.56555
R100,signal_maps.median_matched[42][13],0.5653,0.56185
R100,signal_maps.median_matched[42][14],0.5609,0.5581
R100,signal_maps.median_matched[42][15],0.5576,0.55455
R100,signal_maps.median_matched[42][16],0.55345,0.5515
R100,signal_maps.median_matched[42][17],0.5498,0.54785
R100,signal_maps.median_matched[42][18],0.54545,0.54345
R100,signal_maps.median_matched[42][19],0.54165,0.53995
R100,signal_maps.median_matched[42][20],0.5385,0.5362
R100,signal_maps.median_matched[42][21],0.535,0.53325
R100,signal_maps.median_matched[42][22],0.53205,0.5295
R100,signal_maps.median_matched[42][23],0.528,0.526
R100,signal_maps.median_matched[42][24],0.52445,0.5227
R100,signal_maps.median_matched[42][25],0.52095,0.51875
R100,signal_maps.median_matched[42][26],0.51765,0.51565
R100,signal_maps.median_matched[42][27],0.51465,0.5123
R100,signal_maps.median_matched[42][28],0.51045,0.5083
R100,signal_maps.median_matched[42][29],0.50665,0.5046
R100,signal_maps.median_matched[42][30],0.5027,0.501
R100,signal_maps.median_matched[42][31],0.49935,0.4966
R100,signal_maps.median_matched[42][32],0.4954,0.4925
R100,signal_maps.median_matched[42][33],0.49115,0.48925
R100,signal_maps.median_matched[42][34],0.48755,0.4854
R100,signal_maps.median_matched[42][35],0.4855,0.48305
R100,signal_maps.median_matched[42][36],0.48055,0.4782
R100,signal_maps.median_matched[42][37],0.47685,0.4749
R100,signal_maps.median_matched[42][38],0.47295,0.47085
R100,signal_maps.median_matched[42][39],0.46825,0.468
R100,signal_maps.median_matched[42][40],0.4643,0.4647
R100,signal_maps.median_matched[42][41],0.4604,0.46125
R100,signal_maps.median_matched[42][42],0.45655,0.45795
R100,signal_maps.median_matched[42][43],0.45235,0.45375
R100,signal_maps.median_matched[42][44],0.4486,0.44975
R100,signal_maps.median_matched[42][45],0.4449,0.44585
R100,signal_maps.median_matched[42][46],0.4416,0.4424
R100,signal_maps.median_matched[42][47],0.43815,0.4389
R100,signal_maps.median_matched[42][48],0.43405,0.43505
R100,signal_maps.median_matched[42][49],0.43015,0.4315
R100,signal_maps.median_matched[42][50],0.4271,0.4272
R100,signal_maps.median_matched[42][51],0.42365,0.4245
R100,signal_maps.median_matched[42][52],0.4201,0.4205
R100,signal_maps.median_matched[42][53],0.417,0.41645
R100,signal_maps.median_matched[42][54],0.41335,0.412
R100,signal_maps.median_matched[42][55],0.40945,0.4089
R100,signal_maps.median_matched[42][56],0.4055,0.40565
R100,signal_maps.median_matched[42][57],0.40135,0.40225
R100,signal_maps.median_matched[42][58],0.39785,0.39885
R100,signal_maps.median_matched[42][59],0.3941,0.3953
R100,signal_maps.median_matched[42][60],0.3906,0.3912
R100,signal_maps.median_matched[43][0],0.61685,0.61015
R100,signal_maps.median_matched[43][1],0.61285,0.6064
R100,signal_maps.median_matched[43][2],0.6096,0.60265
R100,signal_maps.median_matched[43][3],0.6057,0.60005
R100,signal_maps.median_matched[43][4],0.60195,0.5964
R100,signal_maps.median_matched[43][5],0.5981,0.5927
R100,signal_maps.median_matched[43][6],0.5942,0.58955
R100,signal_maps.median_matched[43][7],0.5901,0.5869
R100,signal_maps.median_matched[43][8],0.5872,0.5834
R100,signal_maps.median_matched[43][9],0.5833,0.5801
R100,signal_maps.median_matched[43][10],0.5801,0.57665
R100,signal_maps.median_matched[43][11],0.57615,0.57335
R100,signal_maps.median_matched[43][12],0.57305,0.56955
R100,signal_maps.median_matched[43][13],0.5694,0.5662
R100,signal_maps.median_matched[43][14],0.5657,0.5626
R100,signal_maps.median_matched[43][15],0.5615,0.5589
R100,signal_maps.median_matched[43][16],0.5583,0.5552
R100,signal_maps.median_matched[43][17],0.5542,0.552
R100,signal_maps.median_matched[43][18],0.5504,0.5488
R100,signal_maps.median_matched[43][19],0.5464,0.5444
R100,signal_maps.median_matched[43][20],0.5424,0.54045
R100,signal_maps.median_matched[43][21],0.53895,0.53715
R100,signal_maps.median_matched[43][22],0.5357,0.5336
R100,signal_maps.median_matched[43][23],0.53255,0.5304
R100,signal_maps.median_matched[43][24],0.5287,0.5265
R100,signal_maps.median_matched[43][25],0.5249,0.52355
R100,signal_maps.median_matched[43][26],0.52145,0.51985
R100,signal_maps.median_matched[43][27],0.51845,0.51605
R100,signal_maps.median_matched[43][28],0.51505,0.513
R100,signal_maps.median_matched[43][29],0.51125,0.509
R100,signal_maps.median_matched[43][30],0.50705,0.505
R100,signal_maps.median_matched[43][31],0.5034,0.50185
R100,signal_maps.median_matched[43][32],0.49985,0.49755
R100,signal_maps.median_matched[43][33],0.4962,0.49325
R100,signal_maps.median_matched[43][34],0.4919,0.48965
R100,signal_maps.median_matched[43][35],0.48995,0.48785
R100,signal_maps.median_matched[43][36],0.4844,0.48195
R100,signal_maps.median_matched[43][37],0.4813,0.4786
R100,signal_maps.median_matched[43][38],0.4774,0.47555
R100,signal_maps.median_matched[43][39],0.4735,0.4716
R100,signal_maps.median_matched[43][40],0.46915,0.4685
R100,signal_maps.median_matched[43][42],0.46115,0.4619
R100,signal_maps.median_matched[43][43],0.45755,0.4586
R100,signal_maps.median_matched[43][44],0.45315,0.45465
R100,signal_maps.median_matched[43][45],0.44925,0.45065
R100,signal_maps.median_matched[43][46],0.44525,0.4465
R100,signal_maps.median_matched[43][47],0.4421,0.44295
R100,signal_maps.median_matched[43][48],0.4388,0.43955
R100,signal_maps.median_matched[43][49],0.43475,0.4358
R100,signal_maps.median_matched[43][50],0.4308,0.4323
R100,signal_maps.median_matched[43][51],0.4273,0.42815
R100,signal_maps.median_matched[43][52],0.42415,0.4248
R100,signal_maps.median_matched[43][53],0.42075,0.4211
R100,signal_maps.median_matched[43][54],0.41755,0.4173
R100,signal_maps.median_matched[43][55],0.41395,0.41305
R100,signal_maps.median_matched[43][56],0.41005,0.4093
R100,signal_maps.median_matched[43][57],0.40645,0.40605
R100,signal_maps.median_matched[43][58],0.402,0.4029
R100,signal_maps.median_matched[43][59],0.39855,0.3994
R100,signal_maps.median_matched[43][60],0.39475,0.3957
R100,signal_maps.median_matched[44][0],0.62085,0.6141
R100,signal_maps.median_matched[44][1],0.6175,0.61055
R100,signal_maps.median_matched[44][2],0.6135,0.60725
R100,signal_maps.median_matched[44][3],0.61005,0.60345
R100,signal_maps.median_matched[44][4],0.6064,0.6005
R100,signal_maps.median_matched[44][5],0.6027,0.59675
R100,signal_maps.median_matched[44][6],0.5985,0.5934
R100,signal_maps.median_matched[44][7],0.5949,0.5902
R100,signal_maps.median_matched[44][8],0.59085,0.58745
R100,signal_maps.median_matched[44][9],0.58795,0.58405
R100,signal_maps.median_matched[44][10],0.58415,0.5807
R100,signal_maps.median_matched[44][11],0.5809,0.5772
R100,signal_maps.median_matched[44][12],0.57675,0.574
R100,signal_maps.median_matched[44][13],0.57355,0.57025
R100,signal_maps.median_matched[44][14],0.57,0.56685
R100,signal_maps.median_matched[44][15],0.5665,0.56355
R100,signal_maps.median_matched[44][16],0.56215,0.5598
R100,signal_maps.median_matched[44][17],0.55885,0.5558
R100,signal_maps.median_matched[44][18],0.5547,0.5525
R100,signal_maps.median_matched[44][19],0.5512,0.5491
R100,signal_maps.median_matched[44][20],0.5471,0.54515
R100,signal_maps.median_matched[44][21],0.54335,0.5412
R100,signal_maps.median_matched[44][22],0.5396,0.53785
R100,signal_maps.median_matched[44][23],0.53655,0.534
R100,signal_maps.median_matched[44][24],0.53315,0.53105
R100,signal_maps.median_matched[44][25],0.52975,0.52735
R100,signal_maps.median_matched[44][26],0.52565,0.52415
R100,signal_maps.median_matched[44][27],0.52195,0.52025
R100,signal_maps.median_matched[44][28],0.51895,0.51665
R100,signal_maps.median_matched[44][29],0.51555,0.51365
R100,signal_maps.median_matched[44][30],0.51225,0.50965
R100,signal_maps.median_matched[44][31],0.5077,0.50535
R100,signal_maps.median_matched[44][32],0.50425,0.5023
R100,signal_maps.median_matched[44][33],0.50045,0.49825
R100,signal_maps.median_matched[44][34],0.49675,0.49425
R100,signal_maps.median_matched[44][35],0.49495,0.49185
R100,signal_maps.median_matched[44][36],0.4894,0.48655
R100,signal_maps.median_matched[44][37],0.48505,0.48255
R100,signal_maps.median_matched[44][38],0.4815,0.47895
R100,signal_maps.median_matched[44][39],0.47795,0.4762
R100,signal_maps.median_matched[44][40],0.47405,0.47265
R100,signal_maps.median_matched[44][41],0.47015,0.4691
R100,signal_maps.median_matched[44][42],0.4657,0.46585
R100,signal_maps.median_matched[44][43],0.46175,0.46255
R100,signal_maps.median_matched[44][44],0.458,0.4591
R100,signal_maps.median_matched[44][45],0.4537,0.4553
R100,signal_maps.median_matched[44][46],0.4498,0.45105
R100,signal_maps.median_matched[44][47],0.44595,0.4472
R100,signal_maps.median_matched[44][48],0.4426,0.44365
R100,signal_maps.median_matched[44][49],0.4395,0.44
R100,signal_maps.median_matched[44][50],0.4351,0.43635
R100,signal_maps.median_matched[44][51],0.4314,0.4328
R100,signal_maps.median_matched[44][52],0.4279,0.42875
R100,signal_maps.median_matched[44][53],0.4244,0.42535
R100,signal_maps.median_matched[44][54],0.42125,0.42165
R100,signal_maps.median_matched[44][55],0.41785,0.41805
R100,signal_maps.median_matched[44][56],0.41455,0.4135
R100,signal_maps.median_matched[44][57],0.41075,0.41
R100,signal_maps.median_matched[44][58],0.40675,0.40635
R100,signal_maps.median_matched[44][59],0.4028,0.40365
R100,signal_maps.median_matched[44][60],0.3994,0.3999
R100,signal_maps.median_matched[45][0],0.6244,0.6173
R100,signal_maps.median_matched[45][1],0.6215,0.61475
R100,signal_maps.median_matched[45][2],0.6179,0.6112
R100,signal_maps.median_matched[45][3],0.6142,0.60775
R100,signal_maps.median_matched[45][4],0.61055,0.6041
R100,signal_maps.median_matched[45][5],0.60715,0.601
R100,signal_maps.median_matched[45][6],0.60325,0.59765
R100,signal_maps.median_matched[45][7],0.59955,0.59415
R100,signal_maps.median_matched[45][8],0.5956,0.59065
R100,signal_maps.median_matched[45][9],0.59175,0.5879
R100,signal_maps.median_matched[45][10],0.5885,0.58435
R100,signal_maps.median_matched[45][11],0.58485,0.5813
R100,signal_maps.median_matched[45][12],0.58155,0.57765
R100,signal_maps.median_matched[45][13],0.5778,0.57455
R100,signal_maps.median_matched[45][14],0.5741,0.57125
R100,signal_maps.median_matched[45][15],0.57085,0.56745
R100,signal_maps.median_matched[45][16],0.56745,0.56435
R100,signal_maps.median_matched[45][17],0.5629,0.5604
R100,signal_maps.median_matched[45][18],0.55935,0.55625
R100,signal_maps.median_matched[45][19],0.55545,0.55305
R100,signal_maps.median_matched[45][20],0.5518,0.5497
R100,signal_maps.median_matched[45][21],0.54765,0.5459
R100,signal_maps.median_matched[45][22],0.54425,0.5418
R100,signal_maps.median_matched[45][23],0.54005,0.53815
R100,signal_maps.median_matched[45][24],0.53725,0.53465
R100,signal_maps.median_matched[45][25],0.5335,0.53165
R100,signal_maps.median_matched[45][26],0.53015,0.52795
R100,signal_maps.median_matched[45][27],0.5262,0.5247
R100,signal_maps.median_matched[45][28],0.5227,0.52075
R100,signal_maps.median_matched[45][29],0.5196,0.51735
R100,signal_maps.median_matched[45][30],0.5159,0.514
R100,signal_maps.median_matched[45][31],0.513,0.51015
R100,signal_maps.median_matched[45][32],0.50825,0.5061
R100,signal_maps.median_matched[45][33],0.50495,0.50295
R100,signal_maps.median_matched[45][34],0.50095,0.49885
R100,signal_maps.median_matched[45][35],0.49915,0.49655
R100,signal_maps.median_matched[45][36],0.49355,0.49075
R100,signal_maps.median_matched[45][37],0.48975,0.4874
R100,signal_maps.median_matched[45][38],0.48575,0.48345
R100,signal_maps.median_matched[45][39],0.482,0.4797
R100,signal_maps.median_matched[45][40],0.4786,0.47665
R100,signal_maps.median_matched[45][41],0.47475,0.4731
R100,signal_maps.median_matched[45][42],0.47095,0.4694
R100,signal_maps.median_matched[45][43],0.4661,0.4665
R100,signal_maps.median_matched[45][44],0.46235,0.4631
R100,signal_maps.median_matched[45][45],0.4587,0.45965
R100,signal_maps.median_matched[45][46],0.4543,0.45625
R100,signal_maps.median_matched[45][47],0.4504,0.45155
R100,signal_maps.median_matched[45][48],0.4468,0.4479
R100,signal_maps.median_matched[45][49],0.4432,0.4442
R100,signal_maps.median_matched[45][50],0.44015,0.44065
R100,signal_maps.median_matched[45][51],0.43575,0.437
R100,signal_maps.median_matched[45][52],0.432,0.43365
R100,signal_maps.median_matched[45][53],0.4288,0.42965
R100,signal_maps.median_matched[45][54],0.42505,0.42585
R100,signal_maps.median_matched[45][55],0.42195,0.422
R100,signal_maps.median_matched[45][56],0.4184,0.4186
R100,signal_maps.median_matched[45][57],0.41505,0.41415
R100,signal_maps.median_matched[45][58],0.4115,0.4107
R100,signal_maps.median_matched[45][59],0.4075,0.40725
R100,signal_maps.median_matched[45][60],0.40375,0.40445
R100,signal_maps.median_matched[46][0],0.62855,0.62145
R100,signal_maps.median_matched[46][1],0.62505,0.618
R100,signal_maps.median_matched[46][2],0.6218,0.61525
R100,signal_maps.median_matched[46][3],0.61865,0.61195
R100,signal_maps.median_matched[46][4],0.6151,0.6084
R100,signal_maps.median_matched[46][5],0.61155,0.6048
R100,signal_maps.median_matched[46][6],0.6083,0.60155
R100,signal_maps.median_matched[46][7],0.60425,0.59835
R100,signal_maps.median_matched[46][8],0.6001,0.59495
R100,signal_maps.median_matched[46][9],0.5964,0.5913
R100,signal_maps.median_matched[46][10],0.5926,0.58835
R100,signal_maps.median_matched[46][11],0.58915,0.5851
R100,signal_maps.median_matched[46][12],0.5856,0.5819
R100,signal_maps.median_matched[46][13],0.58215,0.5785
R100,signal_maps.median_matched[46][14],0.5788,0.57495
R100,signal_maps.median_matched[46][15],0.5751,0.57165
R100,signal_maps.median_matched[46][16],0.57155,0.5681
R100,signal_maps.median_matched[46][17],0.5681,0.56505
R100,signal_maps.median_matched[46][18],0.56415,0.56095
R100,signal_maps.median_matched[46][19],0.5598,0.55705
R100,signal_maps.median_matched[46][20],0.55615,0.5536
R100,signal_maps.median_matched[46][21],0.55245,0.55025
R100,signal_maps.median_matched[46][22],0.54855,0.54675
R100,signal_maps.median_matched[46][23],0.54455,0.54255
R100,signal_maps.median_matched[46][24],0.54065,0.5388
R100,signal_maps.median_matched[46][25],0.5376,0.5352
R100,signal_maps.median_matched[46][26],0.53395,0.53235
R100,signal_maps.median_matched[46][27],0.53115,0.52835
R100,signal_maps.median_matched[46][28],0.5266,0.52535
R100,signal_maps.median_matched[46][29],0.52345,0.5212
R100,signal_maps.median_matched[46][30],0.52015,0.51775
R100,signal_maps.median_matched[46][31],0.51675,0.5148
R100,signal_maps.median_matched[46][32],0.5135,0.5109
R100,signal_maps.median_matched[46][33],0.509,0.50715
R100,signal_maps.median_matched[46][34],0.5055,0.5037
R100,signal_maps.median_matched[46][35],0.5033,0.5016
R100,signal_maps.median_matched[46][36],0.49825,0.4957
R100,signal_maps.median_matched[46][37],0.4944,0.4917
R100,signal_maps.median_matched[46][38],0.4902,0.48825
R100,signal_maps.median_matched[46][39],0.4862,0.4842
R100,signal_maps.median_matched[46][40],0.48245,0.48055
R100,signal_maps.median_matched[46][41],0.47945,0.47745
R100,signal_maps.median_matched[46][42],0.4755,0.4739
R100,signal_maps.median_matched[46][43],0.47185,0.47015
R100,signal_maps.median_matched[46][44],0.46675,0.46685
R100,signal_maps.median_matched[46][45],0.46305,0.46365
R100,signal_maps.median_matched[46][46],0.4594,0.4602
R100,signal_maps.median_matched[46][47],0.4554,0.45695
R100,signal_maps.median_matched[46][48],0.45125,0.45225
R100,signal_maps.median_matched[46][49],0.4474,0.4486
R100,signal_maps.median_matched[46][50],0.444,0.4447
R100,signal_maps.median_matched[46][51],0.4406,0.4414
R100,signal_maps.median_matched[46][52],0.4364,0.4377
R100,signal_maps.median_matched[46][53],0.4323,0.4343
R100,signal_maps.median_matched[46][54],0.4293,0.4304
R100,signal_maps.median_matched[46][55],0.4259,0.42635
R100,signal_maps.median_matched[46][56],0.42245,0.42265
R100,signal_maps.median_matched[46][57],0.41905,0.4191
R100,signal_maps.median_matched[46][58],0.4158,0.41505
R100,signal_maps.median_matched[46][59],0.412,0.41145
R100,signal_maps.median_matched[46][60],0.4081,0.4079
R100,signal_maps.median_matched[47][0],0.6323,0.6257
R100,signal_maps.median_matched[47][1],0.62915,0.62225
R100,signal_maps.median_matched[47][2],0.62575,0.6186
R100,signal_maps.median_matched[47][3],0.6222,0.61585
R100,signal_maps.median_matched[47][4],0.6192,0.61235
R100,signal_maps.median_matched[47][5],0.6161,0.60915
R100,signal_maps.median_matched[47][6],0.61215,0.6054
R100,signal_maps.median_matched[47][7],0.60865,0.6021
R100,signal_maps.median_matched[47][8],0.6049,0.599
R100,signal_maps.median_matched[47][9],0.6008,0.59575
R100,signal_maps.median_matched[47][10],0.597,0.59165
R100,signal_maps.median_matched[47][11],0.5934,0.5889
R100,signal_maps.median_matched[47][12],0.58975,0.5859
R100,signal_maps.median_matched[47][13],0.58645,0.58245
R100,signal_maps.median_matched[47][14],0.583,0.5791
R100,signal_maps.median_matched[47][15],0.5793,0.57555
R100,signal_maps.median_matched[47][16],0.57565,0.57225
R100,signal_maps.median_matched[47][17],0.57215,0.56865
R100,signal_maps.median_matched[47][18],0.56875,0.5657
R100,signal_maps.median_matched[47][19],0.5649,0.56155
R100,signal_maps.median_matched[47][20],0.56045,0.55755
R100,signal_maps.median_matched[47][21],0.5566,0.55405
R100,signal_maps.median_matched[47][22],0.55335,0.5509
R100,signal_maps.median_matched[47][23],0.5493,0.5474
R100,signal_maps.median_matched[47][24],0.5451,0.5432
R100,signal_maps.median_matched[47][25],0.5413,0.53945
R100,signal_maps.median_matched[47][26],0.53795,0.53575
R100,signal_maps.median_matched[47][27],0.5344,0.5328
R100,signal_maps.median_matched[47][28],0.53155,0.5291
R100,signal_maps.median_matched[47][29],0.5275,0.5257
R100,signal_maps.median_matched[47][30],0.524,0.52205
R100,signal_maps.median_matched[47][31],0.5205,0.5184
R100,signal_maps.median_matched[47][32],0.5173,0.5152
R100,signal_maps.median_matched[47][33],0.5142,0.5119
R100,signal_maps.median_matched[47][34],0.5098,0.50785
R100,signal_maps.median_matched[47][35],0.50735,0.5054
R100,signal_maps.median_matched[47][36],0.5024,0.5003
R100,signal_maps.median_matched[47][37],0.49855,0.4963
R100,signal_maps.median_matched[47][38],0.49515,0.49225
R100,signal_maps.median_matched[47][39],0.49095,0.4888
R100,signal_maps.median_matched[47][40],0.48705,0.4848
R100,signal_maps.median_matched[47][41],0.48305,0.4812
R100,signal_maps.median_matched[47][42],0.4802,0.47775
R100,signal_maps.median_matched[47][43],0.4761,0.47425
R100,signal_maps.median_matched[47][44],0.4727,0.4706
R100,signal_maps.median_matched[47][45],0.4676,0.4674
R100,signal_maps.median_matched[47][46],0.4637,0.4642
R100,signal_maps.median_matched[47][47],0.45985,0.46055
R100,signal_maps.median_matched[47][48],0.45625,0.45765
R100,signal_maps.median_matched[47][49],0.45185,0.4531
R100,signal_maps.median_matched[47][50],0.44785,0.4493
R100,signal_maps.median_matched[47][51],0.44435,0.4454
R100,signal_maps.median_matched[47][52],0.44115,0.44185
R100,signal_maps.median_matched[47][53],0.4372,0.43845
R100,signal_maps.median_matched[47][54],0.43315,0.43495
R100,signal_maps.median_matched[47][55],0.42985,0.4313
R100,signal_maps.median_matched[47][56],0.42665,0.427
R100,signal_maps.median_matched[47][57],0.42335,0.4233
R100,signal_maps.median_matched[47][58],0.4199,0.4198
R100,signal_maps.median_matched[47][59],0.4166,0.41575
R100,signal_maps.median_matched[47][60],0.41275,0.41175
R100,signal_maps.median_matched[48][0],0.6371,0.63005
R100,signal_maps.median_matched[48][1],0.6332,0.6264
R100,signal_maps.median_matched[48][2],0.62965,0.62275
R100,signal_maps.median_matched[48][3],0.62625,0.6195
R100,signal_maps.median_matched[48][4],0.62285,0.6164
R100,signal_maps.median_matched[48][5],0.62005,0.61305
R100,signal_maps.median_matched[48][6],0.6169,0.60975
R100,signal_maps.median_matched[48][7],0.61275,0.60615
R100,signal_maps.median_matched[48][8],0.6094,0.6025
R100,signal_maps.median_matched[48][9],0.60535,0.5995
R100,signal_maps.median_matched[48][10],0.60155,0.5962
R100,signal_maps.median_matched[48][11],0.5977,0.5923
R100,signal_maps.median_matched[48][12],0.5941,0.5895
R100,signal_maps.median_matched[48][13],0.59015,0.5865
R100,signal_maps.median_matched[48][14],0.58695,0.58355
R100,signal_maps.median_matched[48][15],0.58345,0.5798
R100,signal_maps.median_matched[48][16],0.5798,0.5764
R100,signal_maps.median_matched[48][17],0.57615,0.5729
R100,signal_maps.median_matched[48][18],0.57295,0.5693
R100,signal_maps.median_matched[48][19],0.56945,0.566
R100,signal_maps.median_matched[48][20],0.56575,0.56225
R100,signal_maps.median_matched[48][21],0.5613,0.5585
R100,signal_maps.median_matched[48][22],0.5577,0.5549
R100,signal_maps.median_matched[48][23],0.55405,0.5515
R100,signal_maps.median_matched[48][24],0.5503,0.5481
R100,signal_maps.median_matched[48][25],0.5458,0.54375
R100,signal_maps.median_matched[48][26],0.54205,0.54015
R100,signal_maps.median_matched[48][27],0.5386,0.5364
R100,signal_maps.median_matched[48][28],0.53505,0.53345
R100,signal_maps.median_matched[48][29],0.53235,0.53
R100,signal_maps.median_matched[48][30],0.5283,0.5262
R100,signal_maps.median_matched[48][31],0.52455,0.5229
R100,signal_maps.median_matched[48][32],0.52095,0.51905
R100,signal_maps.median_matched[48][33],0.51785,0.5159
R100,signal_maps.median_matched[48][34],0.5147,0.51285
R100,signal_maps.median_matched[48][35],0.51305,0.5104
R100,signal_maps.median_matched[48][36],0.5065,0.50475
R100,signal_maps.median_matched[48][37],0.50295,0.50115
R100,signal_maps.median_matched[48][38],0.4993,0.49685
R100,signal_maps.median_matched[48][39],0.4956,0.49295
R100,signal_maps.median_matched[48][40],0.49145,0.4894
R100,signal_maps.median_matched[48][41],0.48765,0.4856
R100,signal_maps.median_matched[48][42],0.48385,0.4818
R100,signal_maps.median_matched[48][43],0.4809,0.4782
R100,signal_maps.median_matched[48][44],0.4768,0.47505
R100,signal_maps.median_matched[48][45],0.4732,0.47105
R100,signal_maps.median_matched[48][46],0.46835,0.4681
R100,signal_maps.median_matched[48][47],0.46465,0.4647
R100,signal_maps.median_matched[48][48],0.4604,0.4613
R100,signal_maps.median_matched[48][49],0.4568,0.45805
R100,signal_maps.median_matched[48][50],0.45255,0.4541
R100,signal_maps.median_matched[48][51],0.4482,0.4498
R100,signal_maps.median_matched[48][52],0.44495,0.44595
R100,signal_maps.median_matched[48][53],0.4416,0.4424
R100,signal_maps.median_matched[48][54],0.4382,0.43915
R100,signal_maps.median_matched[48][55],0.4341,0.4352
R100,signal_maps.median_matched[48][56],0.43025,0.43185
R100,signal_maps.median_matched[48][57],0.4271,0.42755
R100,signal_maps.median_matched[48][58],0.42365,0.4244
R100,signal_maps.median_matched[48][59],0.4203,0.42045
R100,signal_maps.median_matched[48][60],0.4173,0.41685
R100,signal_maps.median_matched[49][0],0.6407,0.63425
R100,signal_maps.median_matched[49][1],0.6379,0.6306
R100,signal_maps.median_matched[49][2],0.6339,0.627
R100,signal_maps.median_matched[49][3],0.63015,0.62355
R100,signal_maps.median_matched[49][4],0.6273,0.62025
R100,signal_maps.median_matched[49][5],0.6234,0.6167
R100,signal_maps.median_matched[49][6],0.62065,0.61385
R100,signal_maps.median_matched[49][7],0.61735,0.6105
R100,signal_maps.median_matched[49][8],0.61325,0.6065
R100,signal_maps.median_matched[49][9],0.6099,0.60285
R100,signal_maps.median_matched[49][10],0.6061,0.6002
R100,signal_maps.median_matched[49][11],0.6022,0.59665
R100,signal_maps.median_matched[49][12],0.59825,0.5931
R100,signal_maps.median_matched[49][13],0.5943,0.5898
R100,signal_maps.median_matched[49][14],0.59055,0.58715
R100,signal_maps.median_matched[49][15],0.5876,0.5838
R100,signal_maps.median_matched[49][16],0.58385,0.58035
R100,signal_maps.median_matched[49][17],0.5805,0.57685
R100,signal_maps.median_matched[49][18],0.57675,0.5735
R100,signal_maps.median_matched[49][19],0.5735,0.5701
R100,signal_maps.median_matched[49][20],0.57,0.56645
R100,signal_maps.median_matched[49][21],0.5662,0.5631
R100,signal_maps.median_matched[49][22],0.56195,0.55925
R100,signal_maps.median_matched[49][23],0.5585,0.5555
R100,signal_maps.median_matched[49][24],0.55445,0.5519
R100,signal_maps.median_matched[49][25],0.55095,0.549
R100,signal_maps.median_matched[49][26],0.5467,0.54445
R100,signal_maps.median_matched[49][27],0.54275,0.5407
R100,signal_maps.median_matched[49][28],0.53925,0.5372
R100,signal_maps.median_matched[49][29],0.5358,0.5339
R100,signal_maps.median_matched[49][30],0.5329,0.5305
R100,signal_maps.median_matched[49][31],0.5289,0.52685
R100,signal_maps.median_matched[49][32],0.525,0.5238
R100,signal_maps.median_matched[49][33],0.5218,0.5197
R100,signal_maps.median_matched[49][34],0.5185,0.51625
R100,signal_maps.median_matched[49][35],0.5166,0.5147
R100,signal_maps.median_matched[49][36],0.5116,0.50935
R100,signal_maps.median_matched[49][37],0.507,0.5053
R100,signal_maps.median_matched[49][38],0.50345,0.50175
R100,signal_maps.median_matched[49][39],0.49995,0.4974
R100,signal_maps.median_matched[49][40],0.49635,0.4938
R100,signal_maps.median_matched[49][41],0.4921,0.48975
R100,signal_maps.median_matched[49][42],0.4885,0.4863
R100,signal_maps.median_matched[49][43],0.4848,0.4822
R100,signal_maps.median_matched[49][44],0.4813,0.4787
R100,signal_maps.median_matched[49][45],0.4776,0.4759
R100,signal_maps.median_matched[49][46],0.47365,0.47175
R100,signal_maps.median_matched[49][47],0.4691,0.4685
R100,signal_maps.median_matched[49][48],0.4653,0.4652
R100,signal_maps.median_matched[49][49],0.46145,0.46195
R100,signal_maps.median_matched[49][50],0.45795,0.4586
R100,signal_maps.median_matched[49][51],0.4532,0.4546
R100,signal_maps.median_matched[49][52],0.44925,0.45065
R100,signal_maps.median_matched[49][53],0.44535,0.4466
R100,signal_maps.median_matched[49][54],0.4422,0.4429
R100,signal_maps.median_matched[49][55],0.4389,0.43945
R100,signal_maps.median_matched[49][56],0.43455,0.4359
R100,signal_maps.median_matched[49][57],0.43085,0.4325
R100,signal_maps.median_matched[49][58],0.42755,0.428
R100,signal_maps.median_matched[49][59],0.4242,0.425
R100,signal_maps.median_matched[49][60],0.42065,0.42115
R100,signal_maps.median_matched[50][0],0.64475,0.6381
R100,signal_maps.median_matched[50][1],0.6413,0.63485
R100,signal_maps.median_matched[50][2],0.6383,0.63085
R100,signal_maps.median_matched[50][3],0.6346,0.6274
R100,signal_maps.median_matched[50][4],0.63055,0.6242
R100,signal_maps.median_matched[50][5],0.62765,0.6208
R100,signal_maps.median_matched[50][6],0.6241,0.61715
R100,signal_maps.median_matched[50][7],0.62145,0.61455
R100,signal_maps.median_matched[50][8],0.61785,0.61095
R100,signal_maps.median_matched[50][9],0.6139,0.6072
R100,signal_maps.median_matched[50][10],0.6104,0.6034
R100,signal_maps.median_matched[50][11],0.6066,0.601
R100,signal_maps.median_matched[50][12],0.60285,0.59735
R100,signal_maps.median_matched[50][13],0.59895,0.59365
R100,signal_maps.median_matched[50][14],0.5953,0.59045
R100,signal_maps.median_matched[50][15],0.59105,0.58785
R100,signal_maps.median_matched[50][16],0.5884,0.5845
R100,signal_maps.median_matched[50][17],0.58445,0.5811
R100,signal_maps.median_matched[50][18],0.58115,0.5774
R100,signal_maps.median_matched[50][19],0.57725,0.5743
R100,signal_maps.median_matched[50][20],0.57385,0.5709
R100,signal_maps.median_matched[50][21],0.57055,0.567
R100,signal_maps.median_matched[50][22],0.56705,0.564
R100,signal_maps.median_matched[50][23],0.5628,0.56015
R100,signal_maps.median_matched[50][24],0.55915,0.5559
R100,signal_maps.median_matched[50][25],0.5551,0.5524
R100,signal_maps.median_matched[50][26],0.55145,0.54935
R100,signal_maps.median_matched[50][27],0.5478,0.5452
R100,signal_maps.median_matched[50][28],0.5437,0.5415
R100,signal_maps.median_matched[50][29],0.5397,0.53775
R100,signal_maps.median_matched[50][30],0.53665,0.5344
R100,signal_maps.median_matched[50][31],0.5334,0.5312
R100,signal_maps.median_matched[50][32],0.52975,0.52755
R100,signal_maps.median_matched[50][33],0.52585,0.52425
R100,signal_maps.median_matched[50][34],0.5222,0.52055
R100,signal_maps.median_matched[50][35],0.5205,0.51815
R100,signal_maps.median_matched[50][36],0.51575,0.51385
R100,signal_maps.median_matched[50][37],0.5123,0.50995
R100,signal_maps.median_matched[50][38],0.50765,0.5058
R100,signal_maps.median_matched[50][39],0.50425,0.50255
R100,signal_maps.median_matched[50][40],0.50045,0.4986
R100,signal_maps.median_matched[50][41],0.49695,0.49455
R100,signal_maps.median_matched[50][42],0.4929,0.49045
R100,signal_maps.median_matched[50][43],0.4893,0.48685
R100,signal_maps.median_matched[50][44],0.4853,0.48285
R100,signal_maps.median_matched[50][45],0.4818,0.4792
R100,signal_maps.median_matched[50][46],0.4781,0.47645
R100,signal_maps.median_matched[50][47],0.4742,0.47265
R100,signal_maps.median_matched[50][48],0.4702,0.4691
R100,signal_maps.median_matched[50][50],0.462,0.46255
R100,signal_maps.median_matched[50][51],0.45825,0.45915
R100,signal_maps.median_matched[50][52],0.4539,0.4556
R100,signal_maps.median_matched[50][53],0.4499,0.45125
R100,signal_maps.median_matched[50][54],0.4457,0.4473
R100,signal_maps.median_matched[50][55],0.4427,0.4436
R100,signal_maps.median_matched[50][56],0.4394,0.4401
R100,signal_maps.median_matched[50][57],0.43535,0.4365
R100,signal_maps.median_matched[50][58],0.43155,0.43295
R100,signal_maps.median_matched[50][59],0.42795,0.42915
R100,signal_maps.median_matched[50][60],0.4245,0.42555
R100,signal_maps.median_matched[51][0],0.64825,0.64185
R100,signal_maps.median_matched[51][1],0.64525,0.63865
R100,signal_maps.median_matched[51][2],0.6418,0.6353
R100,signal_maps.median_matched[51][3],0.6391,0.63175
R100,signal_maps.median_matched[51][4],0.63525,0.62825
R100,signal_maps.median_matched[51][5],0.63125,0.6246
R100,signal_maps.median_matched[51][6],0.6282,0.62125
R100,signal_maps.median_matched[51][7],0.62465,0.61785
R100,signal_maps.median_matched[51][8],0.6219,0.6151
R100,signal_maps.median_matched[51][9],0.6183,0.6116
R100,signal_maps.median_matched[51][10],0.61475,0.60785
R100,signal_maps.median_matched[51][11],0.6113,0.6042
R100,signal_maps.median_matched[51][12],0.6074,0.6013
R100,signal_maps.median_matched[51][13],0.60355,0.5979
R100,signal_maps.median_matched[51][14],0.59985,0.59435
R100,signal_maps.median_matched[51][15],0.59605,0.59085
R100,signal_maps.median_matched[51][16],0.5918,0.5884
R100,signal_maps.median_matched[51][17],0.5888,0.5848
R100,signal_maps.median_matched[51][18],0.58535,0.5817
R100,signal_maps.median_matched[51][19],0.5819,0.5781
R100,signal_maps.median_matched[51][20],0.57825,0.5747
R100,signal_maps.median_matched[51][21],0.5744,0.5716
R100,signal_maps.median_matched[51][22],0.57095,0.568
R100,signal_maps.median_matched[51][23],0.5678,0.5646
R100,signal_maps.median_matched[51][24],0.5634,0.5606
R100,signal_maps.median_matched[51][25],0.55995,0.55645
R100,signal_maps.median_matched[51][26],0.5558,0.55315
R100,signal_maps.median_matched[51][27],0.55205,0.54995
R100,signal_maps.median_matched[51][28],0.5481,0.5462
R100,signal_maps.median_matched[51][29],0.5445,0.54215
R100,signal_maps.median_matched[51][30],0.5404,0.5383
R100,signal_maps.median_matched[51][31],0.53725,0.5349
R100,signal_maps.median_matched[51][32],0.53365,0.53185
R100,signal_maps.median_matched[51][33],0.5303,0.52805
R100,signal_maps.median_matched[51][34],0.52635,0.52475
R100,signal_maps.median_matched[51][35],0.5244,0.52285
R100,signal_maps.median_matched[51][36],0.5197,0.51745
R100,signal_maps.median_matched[51][37],0.5163,0.5143
R100,signal_maps.median_matched[51][38],0.51315,0.51055
R100,signal_maps.median_matched[51][39],0.50855,0.5065
R100,signal_maps.median_matched[51][40],0.5049,0.5032
R100,signal_maps.median_matched[51][41],0.50115,0.4991
R100,signal_maps.median_matched[51][42],0.49755,0.49525
R100,signal_maps.median_matched[51][43],0.4938,0.4911
R100,signal_maps.median_matched[51][44],0.4899,0.4876
R100,signal_maps.median_matched[51][45],0.486,0.4835
R100,signal_maps.median_matched[51][46],0.4821,0.4798
R100,signal_maps.median_matched[51][47],0.4787,0.47695
R100,signal_maps.median_matched[51][48],0.47485,0.4732
R100,signal_maps.median_matched[51][49],0.471,0.4695
R100,signal_maps.median_matched[51][50],0.46635,0.46665
R100,signal_maps.median_matched[51][51],0.4626,0.4631
R100,signal_maps.median_matched[51][52],0.45875,0.4598
R100,signal_maps.median_matched[51][53],0.45465,0.45645
R100,signal_maps.median_matched[51][54],0.4503,0.45175
R100,signal_maps.median_matched[51][55],0.44665,0.44785
R100,signal_maps.median_matched[51][56],0.44325,0.44435
R100,signal_maps.median_matched[51][57],0.44,0.4406
R100,signal_maps.median_matched[51][58],0.43595,0.43715
R100,signal_maps.median_matched[51][59],0.432,0.4336
R100,signal_maps.median_matched[51][60],0.42875,0.43005
R100,signal_maps.median_matched[52][0],0.65255,0.6461
R100,signal_maps.median_matched[52][1],0.64875,0.6428
R100,signal_maps.median_matched[52][2],0.6459,0.63945
R100,signal_maps.median_matched[52][3],0.6423,0.636
R100,signal_maps.median_matched[52][4],0.63975,0.6325
R100,signal_maps.median_matched[52][5],0.63615,0.6287
R100,signal_maps.median_matched[52][6],0.63205,0.62525
R100,signal_maps.median_matched[52][7],0.6288,0.62165
R100,signal_maps.median_matched[52][8],0.6256,0.61835
R100,signal_maps.median_matched[52][9],0.62215,0.61565
R100,signal_maps.median_matched[52][10],0.61905,0.6123
R100,signal_maps.median_matched[52][11],0.61575,0.60855
R100,signal_maps.median_matched[52][12],0.61195,0.60505
R100,signal_maps.median_matched[52][13],0.6082,0.6016
R100,signal_maps.median_matched[52][14],0.60405,0.59865
R100,signal_maps.median_matched[52][15],0.60035,0.59525
R100,signal_maps.median_matched[52][16],0.5966,0.5915
R100,signal_maps.median_matched[52][17],0.59285,0.58875
R100,signal_maps.median_matched[52][18],0.5894,0.5853
R100,signal_maps.median_matched[52][19],0.58595,0.58225
R100,signal_maps.median_matched[52][20],0.58265,0.57885
R100,signal_maps.median_matched[52][21],0.5788,0.5753
R100,signal_maps.median_matched[52][22],0.57495,0.57205
R100,signal_maps.median_matched[52][23],0.5717,0.56845
R100,signal_maps.median_matched[52][24],0.56845,0.5653
R100,signal_maps.median_matched[52][25],0.56435,0.56135
R100,signal_maps.median_matched[52][26],0.5605,0.5574
R100,signal_maps.median_matched[52][27],0.55635,0.5539
R100,signal_maps.median_matched[52][28],0.5527,0.5503
R100,signal_maps.median_matched[52][29],0.54875,0.54695
R100,signal_maps.median_matched[52][30],0.5453,0.54285
R100,signal_maps.median_matched[52][31],0.54115,0.5391
R100,signal_maps.median_matched[52][32],0.53775,0.53525
R100,signal_maps.median_matched[52][33],0.5341,0.5322
R100,signal_maps.median_matched[52][34],0.53105,0.52855
R100,signal_maps.median_matched[52][35],0.5287,0.52665
R100,signal_maps.median_matched[52][36],0.5236,0.52145
R100,signal_maps.median_matched[52][37],0.5202,0.5179
R100,signal_maps.median_matched[52][38],0.51685,0.51475
R100,signal_maps.median_matched[52][39],0.51375,0.5112
R100,signal_maps.median_matched[52][40],0.5093,0.50745
R100,signal_maps.median_matched[52][41],0.5055,0.5038
R100,signal_maps.median_matched[52][42],0.50185,0.4998
R100,signal_maps.median_matched[52][43],0.4983,0.4957
R100,signal_maps.median_matched[52][44],0.49465,0.49205
R100,signal_maps.median_matched[52][45],0.49025,0.48835
R100,signal_maps.median_matched[52][46],0.4864,0.4842
R100,signal_maps.median_matched[52][47],0.4827,0.48065
R100,signal_maps.median_matched[52][48],0.4795,0.47745
R100,signal_maps.median_matched[52][49],0.4753,0.4741
R100,signal_maps.median_matched[52][50],0.47185,0.4702
R100,signal_maps.median_matched[52][51],0.4668,0.4671
R100,signal_maps.median_matched[52][52],0.4633,0.46395
R100,signal_maps.median_matched[52][53],0.4596,0.46025
R100,signal_maps.median_matched[52][54],0.4556,0.4572
R100,signal_maps.median_matched[52][55],0.45135,0.4525
R100,signal_maps.median_matched[52][56],0.4473,0.4488
R100,signal_maps.median_matched[52][57],0.4439,0.44485
R100,signal_maps.median_matched[52][58],0.4407,0.44115
R100,signal_maps.median_matched[52][59],0.43645,0.43785
R100,signal_maps.median_matched[52][60],0.4325,0.4343
R100,signal_maps.median_matched[53][0],0.65695,0.65025
R100,signal_maps.median_matched[53][1],0.65325,0.64685
R100,signal_maps.median_matched[53][2],0.64945,0.6433
R100,signal_maps.median_matched[53][3],0.64635,0.6399
R100,signal_maps.median_matched[53][4],0.6432,0.6365
R100,signal_maps.median_matched[53][5],0.64025,0.6332
R100,signal_maps.median_matched[53][6],0.63675,0.6295
R100,signal_maps.median_matched[53][7],0.63275,0.6258
R100,signal_maps.median_matched[53][8],0.6293,0.6222
R100,signal_maps.median_matched[53][9],0.6264,0.619
R100,signal_maps.median_matched[53][10],0.6225,0.61605
R100,signal_maps.median_matched[53][11],0.61965,0.6128
R100,signal_maps.median_matched[53][12],0.6164,0.6091
R100,signal_maps.median_matched[53][13],0.6124,0.6056
R100,signal_maps.median_matched[53][14],0.609,0.60215
R100,signal_maps.median_matched[53][15],0.60525,0.5992
R100,signal_maps.median_matched[53][16],0.6009,0.5958
R100,signal_maps.median_matched[53][17],0.5974,0.5919
R100,signal_maps.median_matched[53][18],0.5936,0.58915
R100,signal_maps.median_matched[53][19],0.5899,0.58595
R100,signal_maps.median_matched[53][20],0.5865,0.58295
R100,signal_maps.median_matched[53][21],0.58305,0.57965
R100,signal_maps.median_matched[53][22],0.5794,0.5758
R100,signal_maps.median_matched[53][23],0.5759,0.5724
R100,signal_maps.median_matched[53][24],0.5724,0.5691
R100,signal_maps.median_matched[53][25],0.56895,0.56575
R100,signal_maps.median_matched[53][26],0.5649,0.5619
R100,signal_maps.median_matched[53][27],0.5609,0.5581
R100,signal_maps.median_matched[53][28],0.5571,0.55435
R100,signal_maps.median_matched[53][29],0.55345,0.5509
R100,signal_maps.median_matched[53][30],0.54955,0.5476
R100,signal_maps.median_matched[53][31],0.5456,0.5434
R100,signal_maps.median_matched[53][32],0.5417,0.5398
R100,signal_maps.median_matched[53][33],0.5383,0.5358
R100,signal_maps.median_matched[53][34],0.5345,0.5329
R100,signal_maps.median_matched[53][35],0.5332,0.53115
R100,signal_maps.median_matched[53][36],0.52755,0.5257
R100,signal_maps.median_matched[53][37],0.52405,0.52225
R100,signal_maps.median_matched[53][38],0.5206,0.5183
R100,signal_maps.median_matched[53][39],0.51755,0.51535
R100,signal_maps.median_matched[53][40],0.5144,0.51195
R100,signal_maps.median_matched[53][41],0.50985,0.50795
R100,signal_maps.median_matched[53][42],0.5063,0.50455
R100,signal_maps.median_matched[53][43],0.50255,0.5004
R100,signal_maps.median_matched[53][44],0.49885,0.49635
R100,signal_maps.median_matched[53][45],0.4951,0.4927
R100,signal_maps.median_matched[53][46],0.4909,0.48905
R100,signal_maps.median_matched[53][47],0.487,0.48505
R100,signal_maps.median_matched[53][48],0.48315,0.4814
R100,signal_maps.median_matched[53][49],0.4804,0.4779
R100,signal_maps.median_matched[53][50],0.4762,0.47445
R100,signal_maps.median_matched[53][51],0.47255,0.4708
R100,signal_maps.median_matched[53][52],0.4676,0.46735
R100,signal_maps.median_matched[53][53],0.46385,0.46445
R100,signal_maps.median_matched[53][54],0.4602,0.46095
R100,signal_maps.median_matched[53][55],0.45645,0.45755
R100,signal_maps.median_matched[53][56],0.45215,0.4533
R100,signal_maps.median_matched[53][57],0.44805,0.4494
R100,signal_maps.median_matched[53][58],0.4444,0.4456
R100,signal_maps.median_matched[53][59],0.4412,0.44195
R100,signal_maps.median_matched[53][60],0.4373,0.4385
R100,signal_maps.median_matched[54][0],0.6603,0.65425
R100,signal_maps.median_matched[54][1],0.6577,0.6508
R100,signal_maps.median_matched[54][2],0.6539,0.64735
R100,signal_maps.median_matched[54][3],0.64995,0.64405
R100,signal_maps.median_matched[54][4],0.64705,0.64075
R100,signal_maps.median_matched[54][5],0.64365,0.63725
R100,signal_maps.median_matched[54][6],0.64065,0.634
R100,signal_maps.median_matched[54][7],0.63755,0.63045
R100,signal_maps.median_matched[54][8],0.63355,0.6265
R100,signal_maps.median_matched[54][9],0.63,0.62295
R100,signal_maps.median_matched[54][10],0.62675,0.6197
R100,signal_maps.median_matched[54][11],0.6232,0.61675
R100,signal_maps.median_matched[54][12],0.6204,0.61365
R100,signal_maps.median_matched[54][13],0.61695,0.61025
R100,signal_maps.median_matched[54][14],0.61305,0.60635
R100,signal_maps.median_matched[54][15],0.6096,0.6027
R100,signal_maps.median_matched[54][16],0.6057,0.5996
R100,signal_maps.median_matched[54][17],0.60185,0.5965
R100,signal_maps.median_matched[54][18],0.59795,0.5923
R100,signal_maps.median_matched[54][19],0.5943,0.5895
R100,signal_maps.median_matched[54][20],0.59045,0.5867
R100,signal_maps.median_matched[54][21],0.5872,0.58365
R100,signal_maps.median_matched[54][22],0.5836,0.5802
R100,signal_maps.median_matched[54][23],0.58,0.57645
R100,signal_maps.median_matched[54][24],0.5764,0.57315
R100,signal_maps.median_matched[54][25],0.573,0.5698
R100,signal_maps.median_matched[54][26],0.56945,0.56635
R100,signal_maps.median_matched[54][27],0.56565,0.5627
R100,signal_maps.median_matched[54][28],0.56135,0.55885
R100,signal_maps.median_matched[54][29],0.55795,0.55485
R100,signal_maps.median_matched[54][30],0.55415,0.55155
R100,signal_maps.median_matched[54][31],0.5503,0.5481
R100,signal_maps.median_matched[54][32],0.54615,0.54395
R100,signal_maps.median_matched[54][33],0.5424,0.54035
R100,signal_maps.median_matched[54][34],0.53895,0.5366
R100,signal_maps.median_matched[54][35],0.5372,0.5348
R100,signal_maps.median_matched[54][36],0.53265,0.53005
R100,signal_maps.median_matched[54][37],0.52825,0.52625
R100,signal_maps.median_matched[54][38],0.5246,0.523
R100,signal_maps.median_matched[54][39],0.52115,0.519
R100,signal_maps.median_matched[54][40],0.518,0.51585
R100,signal_maps.median_matched[54][41],0.5148,0.51275
R100,signal_maps.median_matched[54][42],0.51095,0.5086
R100,signal_maps.median_matched[54][43],0.50665,0.5052
R100,signal_maps.median_matched[54][44],0.50305,0.501
R100,signal_maps.median_matched[54][45],0.4996,0.497
R100,signal_maps.median_matched[54][46],0.49575,0.49325
R100,signal_maps.median_matched[54][47],0.4916,0.4898
R100,signal_maps.median_matched[54][48],0.4877,0.4856
R100,signal_maps.median_matched[54][49],0.48405,0.4819
R100,signal_maps.median_matched[54][50],0.481,0.47825
R100,signal_maps.median_matched[54][51],0.47675,0.475
R100,signal_maps.median_matched[54][52],0.47315,0.4712
R100,signal_maps.median_matched[54][53],0.46855,0.46795
R100,signal_maps.median_matched[54][54],0.4644,0.4648
R100,signal_maps.median_matched[54][55],0.46045,0.46115
R100,signal_maps.median_matched[54][56],0.45705,0.4582
R100,signal_maps.median_matched[54][57],0.4528,0.45415
R100,signal_maps.median_matched[54][58],0.44845,0.45005
R100,signal_maps.median_matched[54][59],0.44475,0.4462
R100,signal_maps.median_matched[54][60],0.4415,0.44265
R100,signal_maps.median_matched[55][0],0.6643,0.65925
R100,signal_maps.median_matched[55][1],0.6608,0.65515
R100,signal_maps.median_matched[55][2],0.65795,0.65135
R100,signal_maps.median_matched[55][3],0.65455,0.64785
R100,signal_maps.median_matched[55][4],0.65105,0.6449
R100,signal_maps.median_matched[55][5],0.64745,0.64135
R100,signal_maps.median_matched[55][6],0.64435,0.6379
R100,signal_maps.median_matched[55][7],0.6411,0.63475
R100,signal_maps.median_matched[55][8],0.63815,0.63115
R100,signal_maps.median_matched[55][9],0.6344,0.6274
R100,signal_maps.median_matched[55][10],0.63055,0.6236
R100,signal_maps.median_matched[55][11],0.6274,0.62025
R100,signal_maps.median_matched[55][12],0.6239,0.617
R100,signal_maps.median_matched[55][13],0.6212,0.61425
R100,signal_maps.median_matched[55][14],0.61745,0.61065
R100,signal_maps.median_matched[55][15],0.6137,0.6069
R100,signal_maps.median_matched[55][16],0.6105,0.6031
R100,signal_maps.median_matched[55][17],0.6062,0.6004
R100,signal_maps.median_matched[55][18],0.6025,0.59695
R100,signal_maps.median_matched[55][19],0.5986,0.593
R100,signal_maps.median_matched[55][20],0.59485,0.5899
R100,signal_maps.median_matched[55][21],0.59075,0.5872
R100,signal_maps.median_matched[55][22],0.58785,0.5841
R100,signal_maps.median_matched[55][23],0.5841,0.58055
R100,signal_maps.median_matched[55][24],0.5807,0.57695
R100,signal_maps.median_matched[55][25],0.57695,0.5738
R100,signal_maps.median_matched[55][26],0.5736,0.5707
R100,signal_maps.median_matched[55][27],0.5699,0.5668
R100,signal_maps.median_matched[55][28],0.5666,0.56345
R100,signal_maps.median_matched[55][29],0.56215,0.5596
R100,signal_maps.median_matched[55][30],0.55895,0.55565
R100,signal_maps.median_matched[55][31],0.55465,0.5522
R100,signal_maps.median_matched[55][32],0.5511,0.549
R100,signal_maps.median_matched[55][33],0.5469,0.5446
R100,signal_maps.median_matched[55][34],0.54305,0.5409
R100,signal_maps.median_matched[55][35],0.541,0.53905
R100,signal_maps.median_matched[55][36],0.5358,0.5342
R100,signal_maps.median_matched[55][37],0.533,0.53055
R100,signal_maps.median_matched[55][38],0.529,0.5269
R100,signal_maps.median_matched[55][39],0.52525,0.52365
R100,signal_maps.median_matched[55][40],0.5218,0.5197
R100,signal_maps.median_matched[55][41],0.5184,0.5165
R100,signal_maps.median_matched[55][42],0.51555,0.51335
R100,signal_maps.median_matched[55][43],0.5116,0.5093
R100,signal_maps.median_matched[55][44],0.5072,0.50545
R100,signal_maps.median_matched[55][45],0.50345,0.50195
R100,signal_maps.median_matched[55][46],0.5002,0.49775
R100,signal_maps.median_matched[55][47],0.49645,0.49375
R100,signal_maps.median_matched[55][48],0.4922,0.4903
R100,signal_maps.median_matched[55][49],0.4883,0.4863
R100,signal_maps.median_matched[55][50],0.48475,0.48245
R100,signal_maps.median_matched[55][51],0.4815,0.479
R100,signal_maps.median_matched[55][52],0.4777,0.47605
R100,signal_maps.median_matched[55][53],0.47365,0.47175
R100,signal_maps.median_matched[55][54],0.46925,0.4685
R100,signal_maps.median_matched[55][55],0.4653,0.4652
R100,signal_maps.median_matched[55][56],0.46155,0.46195
R100,signal_maps.median_matched[55][57],0.45775,0.4588
R100,signal_maps.median_matched[55][58],0.45345,0.45485
R100,signal_maps.median_matched[55][59],0.44925,0.45075
R100,signal_maps.median_matched[55][60],0.44555,0.4467
R100,signal_maps.median_matched[56][0],0.66895,0.66305
R100,signal_maps.median_matched[56][1],0.6649,0.65965
R100,signal_maps.median_matched[56][2],0.6616,0.65615
R100,signal_maps.median_matched[56][3],0.65825,0.6518
R100,signal_maps.median_matched[56][4],0.65535,0.6485
R100,signal_maps.median_matched[56][5],0.6518,0.6453
R100,signal_maps.median_matched[56][6],0.64805,0.64195
R100,signal_maps.median_matched[56][7],0.6452,0.63865
R100,signal_maps.median_matched[56][8],0.6415,0.63525
R100,signal_maps.median_matched[56][9],0.6387,0.63135
R100,signal_maps.median_matched[56][10],0.63515,0.628
R100,signal_maps.median_matched[56][11],0.63095,0.62445
R100,signal_maps.median_matched[56][12],0.62785,0.62115
R100,signal_maps.median_matched[56][13],0.6245,0.6174
R100,signal_maps.median_matched[56][14],0.6215,0.6148
R100,signal_maps.median_matched[56][15],0.61825,0.6113
R100,signal_maps.median_matched[56][16],0.6142,0.60735
R100,signal_maps.median_matched[56][17],0.61075,0.6036
R100,signal_maps.median_matched[56][18],0.6069,0.60085
R100,signal_maps.median_matched[56][19],0.60315,0.5974
R100,signal_maps.median_matched[56][20],0.5992,0.5938
R100,signal_maps.median_matched[56][21],0.59545,0.59055
R100,signal_maps.median_matched[56][22],0.59135,0.5878
R100,signal_maps.median_matched[56][23],0.5883,0.5844
R100,signal_maps.median_matched[56][24],0.58495,0.5814
R100,signal_maps.median_matched[56][25],0.58115,0.5778
R100,signal_maps.median_matched[56][26],0.5776,0.5745
R100,signal_maps.median_matched[56][27],0.5739,0.571
R100,signal_maps.median_matched[56][28],0.5707,0.56735
R100,signal_maps.median_matched[56][29],0.56725,0.564
R100,signal_maps.median_matched[56][30],0.5628,0.5602
R100,signal_maps.median_matched[56][31],0.5595,0.55615
R100,signal_maps.median_matched[56][32],0.5554,0.55245
R100,signal_maps.median_matched[56][33],0.5517,0.5495
R100,signal_maps.median_matched[56][34],0.54785,0.5452
R100,signal_maps.median_matched[56][35],0.54565,0.54315
R100,signal_maps.median_matched[56][36],0.5401,0.53805
R100,signal_maps.median_matched[56][37],0.53665,0.53455
R100,signal_maps.median_matched[56][38],0.5334,0.53135
R100,signal_maps.median_matched[56][39],0.5299,0.52745
R100,signal_maps.median_matched[56][40],0.52595,0.52415
R100,signal_maps.median_matched[56][41],0.5222,0.5205
R100,signal_maps.median_matched[56][42],0.51935,0.5169
R100,signal_maps.median_matched[56][43],0.51585,0.514
R100,signal_maps.median_matched[56][44],0.5125,0.50995
R100,signal_maps.median_matched[56][45],0.50775,0.50585
R100,signal_maps.median_matched[56][46],0.50425,0.5026
R100,signal_maps.median_matched[56][47],0.50055,0.4984
R100,signal_maps.median_matched[56][48],0.497,0.4943
R100,signal_maps.median_matched[56][49],0.493,0.49085
R100,signal_maps.median_matched[56][50],0.4893,0.4872
R100,signal_maps.median_matched[56][51],0.4854,0.48285
R100,signal_maps.median_matched[56][52],0.482,0.47945
R100,signal_maps.median_matched[56][53],0.4784,0.4766
R100,signal_maps.median_matched[56][54],0.4742,0.4724
R100,signal_maps.median_matched[56][55],0.47005,0.4691
R100,signal_maps.median_matched[56][56],0.46605,0.46575
R100,signal_maps.median_matched[56][57],0.4621,0.46245
R100,signal_maps.median_matched[56][58],0.45815,0.4593
R100,signal_maps.median_matched[56][59],0.45405,0.4557
R100,signal_maps.median_matched[56][60],0.4499,0.45135
R100,signal_maps.median_matched[57][0],0.6728,0.6672
R100,signal_maps.median_matched[57][1],0.6693,0.66365
R100,signal_maps.median_matched[57][2],0.66575,0.66035
R100,signal_maps.median_matched[57][3],0.66215,0.6567
R100,signal_maps.median_matched[57][4],0.6588,0.6523
R100,signal_maps.median_matched[57][5],0.65595,0.6493
R100,signal_maps.median_matched[57][6],0.6524,0.64595
R100,signal_maps.median_matched[57][7],0.64855,0.6424
R100,signal_maps.median_matched[57][8],0.64565,0.63925
R100,signal_maps.median_matched[57][9],0.6418,0.6357
R100,signal_maps.median_matched[57][10],0.63935,0.63195
R100,signal_maps.median_matched[57][11],0.6359,0.6286
R100,signal_maps.median_matched[57][12],0.6316,0.6249
R100,signal_maps.median_matched[57][13],0.6285,0.62145
R100,signal_maps.median_matched[57][14],0.6252,0.61795
R100,signal_maps.median_matched[57][15],0.62205,0.6153
R100,signal_maps.median_matched[57][16],0.6187,0.612
R100,signal_maps.median_matched[57][17],0.61515,0.60815
R100,signal_maps.median_matched[57][18],0.6114,0.60435
R100,signal_maps.median_matched[57][19],0.6078,0.6014
R100,signal_maps.median_matched[57][20],0.60355,0.59795
R100,signal_maps.median_matched[57][21],0.5999,0.59445
R100,signal_maps.median_matched[57][22],0.5963,0.59115
R100,signal_maps.median_matched[57][23],0.5921,0.58855
R100,signal_maps.median_matched[57][24],0.589,0.58515
R100,signal_maps.median_matched[57][25],0.58555,0.58195
R100,signal_maps.median_matched[57][26],0.5822,0.5785
R100,signal_maps.median_matched[57][27],0.5781,0.57495
R100,signal_maps.median_matched[57][28],0.5744,0.5717
R100,signal_maps.median_matched[57][29],0.5712,0.5682
R100,signal_maps.median_matched[57][30],0.5679,0.56475
R100,signal_maps.median_matched[57][31],0.56335,0.56085
R100,signal_maps.median_matched[57][32],0.5601,0.55685
R100,signal_maps.median_matched[57][33],0.556,0.5535
R100,signal_maps.median_matched[57][34],0.55215,0.55
R100,signal_maps.median_matched[57][35],0.55,0.54805
R100,signal_maps.median_matched[57][36],0.5448,0.54235
R100,signal_maps.median_matched[57][37],0.5407,0.53885
R100,signal_maps.median_matched[57][38],0.5375,0.53495
R100,signal_maps.median_matched[57][39],0.534,0.53195
R100,signal_maps.median_matched[57][40],0.5305,0.5282
R100,signal_maps.median_matched[57][41],0.5264,0.52475
R100,signal_maps.median_matched[57][42],0.52285,0.52115
R100,signal_maps.median_matched[57][43],0.5197,0.51735
R100,signal_maps.median_matched[57][44],0.5164,0.5145
R100,signal_maps.median_matched[57][45],0.5132,0.5107
R100,signal_maps.median_matched[57][46],0.50865,0.5066
R100,signal_maps.median_matched[57][47],0.505,0.5034
R100,signal_maps.median_matched[57][48],0.5012,0.4992
R100,signal_maps.median_matched[57][49],0.4977,0.49515
R100,signal_maps.median_matched[57][50],0.494,0.49125
R100,signal_maps.median_matched[57][51],0.4902,0.4879
R100,signal_maps.median_matched[57][52],0.4859,0.48375
R100,signal_maps.median_matched[57][53],0.4825,0.48005
R100,signal_maps.median_matched[57][54],0.47875,0.4771
R100,signal_maps.median_matched[57][55],0.4749,0.47345
R100,signal_maps.median_matched[57][56],0.4711,0.4698
R100,signal_maps.median_matched[57][57],0.4666,0.46645
R100,signal_maps.median_matched[57][58],0.46255,0.4631
R100,signal_maps.median_matched[57][59],0.45885,0.45985
R100,signal_maps.median_matched[57][60],0.45475,0.45635
R100,signal_maps.median_matched[58][0],0.67685,0.67125
R100,signal_maps.median_matched[58][1],0.6735,0.6675
R100,signal_maps.median_matched[58][2],0.67015,0.6641
R100,signal_maps.median_matched[58][3],0.6669,0.661
R100,signal_maps.median_matched[58][4],0.66275,0.65745
R100,signal_maps.median_matched[58][5],0.65955,0.6529
R100,signal_maps.median_matched[58][6],0.6564,0.64995
R100,signal_maps.median_matched[58][7],0.653,0.64625
R100,signal_maps.median_matched[58][8],0.6489,0.64305
R100,signal_maps.median_matched[58][9],0.6465,0.6399
R100,signal_maps.median_matched[58][10],0.64265,0.6363
R100,signal_maps.median_matched[58][11],0.6399,0.6329
R100,signal_maps.median_matched[58][12],0.6364,0.6294
R100,signal_maps.median_matched[58][13],0.63225,0.62565
R100,signal_maps.median_matched[58][14],0.62915,0.622
R100,signal_maps.median_matched[58][15],0.6259,0.6187
R100,signal_maps.median_matched[58][16],0.62265,0.6158
R100,signal_maps.median_matched[58][17],0.61955,0.6125
R100,signal_maps.median_matched[58][18],0.61585,0.60905
R100,signal_maps.median_matched[58][19],0.61205,0.6051
R100,signal_maps.median_matched[58][20],0.6084,0.6018
R100,signal_maps.median_matched[58][21],0.6043,0.5986
R100,signal_maps.median_matched[58][22],0.6006,0.59535
R100,signal_maps.median_matched[58][23],0.59675,0.5916
R100,signal_maps.median_matched[58][24],0.593,0.589
R100,signal_maps.median_matched[58][25],0.5896,0.58535
R100,signal_maps.median_matched[58][26],0.5862,0.58255
R100,signal_maps.median_matched[58][27],0.5826,0.5792
R100,signal_maps.median_matched[58][28],0.5788,0.57545
R100,signal_maps.median_matched[58][29],0.575,0.5723
R100,signal_maps.median_matched[58][30],0.5719,0.569
R100,signal_maps.median_matched[58][31],0.5685,0.56525
R100,signal_maps.median_matched[58][32],0.5641,0.56165
R100,signal_maps.median_matched[58][33],0.5605,0.55735
R100,signal_maps.median_matched[58][34],0.5565,0.5539
R100,signal_maps.median_matched[58][35],0.5548,0.55175
R100,signal_maps.median_matched[58][36],0.5489,0.54715
R100,signal_maps.median_matched[58][37],0.5455,0.54265
R100,signal_maps.median_matched[58][38],0.54125,0.5392
R100,signal_maps.median_matched[58][39],0.53815,0.53545
R100,signal_maps.median_matched[58][40],0.5343,0.5326
R100,signal_maps.median_matched[58][41],0.531,0.5288
R100,signal_maps.median_matched[58][42],0.52695,0.5254
R100,signal_maps.median_matched[58][43],0.5236,0.5217
R100,signal_maps.median_matched[58][44],0.52045,0.518
R100,signal_maps.median_matched[58][45],0.5167,0.5149
R100,signal_maps.median_matched[58][46],0.5137,0.5112
R100,signal_maps.median_matched[58][47],0.5092,0.5072
R100,signal_maps.median_matched[58][48],0.50545,0.504
R100,signal_maps.median_matched[58][49],0.50185,0.49965
R100,signal_maps.median_matched[58][50],0.49845,0.4958
R100,signal_maps.median_matched[58][51],0.49455,0.4921
R100,signal_maps.median_matched[58][52],0.4905,0.48835
R100,signal_maps.median_matched[58][53],0.4866,0.4843
R100,signal_maps.median_matched[58][54],0.48295,0.4807
R100,signal_maps.median_matched[58][55],0.47955,0.4775
R100,signal_maps.median_matched[58][56],0.4755,0.47405
R100,signal_maps.median_matched[58][57],0.47195,0.47015
R100,signal_maps.median_matched[58][58],0.4669,0.4672
R100,signal_maps.median_matched[58][59],0.4633,0.4637
R100,signal_maps.median_matched[58][60],0.4595,0.46025
R100,signal_maps.median_matched[59][0],0.681,0.6752
R100,signal_maps.median_matched[59][1],0.6776,0.67175
R100,signal_maps.median_matched[59][2],0.674,0.6683
R100,signal_maps.median_matched[59][3],0.6709,0.6648
R100,signal_maps.median_matched[59][4],0.66735,0.6615
R100,signal_maps.median_matched[59][5],0.66335,0.6583
R100,signal_maps.median_matched[59][6],0.65995,0.6538
R100,signal_maps.median_matched[59][7],0.65715,0.65055
R100,signal_maps.median_matched[59][8],0.6537,0.64725
R100,signal_maps.median_matched[59][9],0.64945,0.64355
R100,signal_maps.median_matched[59][10],0.6468,0.6404
R100,signal_maps.median_matched[59][11],0.6435,0.6371
R100,signal_maps.median_matched[59][12],0.64025,0.6336
R100,signal_maps.median_matched[59][13],0.637,0.62985
R100,signal_maps.median_matched[59][14],0.6332,0.6262
R100,signal_maps.median_matched[59][15],0.62975,0.62225
R100,signal_maps.median_matched[59][16],0.6266,0.6192
R100,signal_maps.median_matched[59][17],0.623,0.61625
R100,signal_maps.median_matched[59][18],0.6199,0.61295
R100,signal_maps.median_matched[59][19],0.6164,0.6096
R100,signal_maps.median_matched[59][20],0.61265,0.60585
R100,signal_maps.median_matched[59][21],0.60915,0.60245
R100,signal_maps.median_matched[59][22],0.6053,0.59925
R100,signal_maps.median_matched[59][23],0.6011,0.5961
R100,signal_maps.median_matched[59][24],0.59745,0.592
R100,signal_maps.median_matched[59][25],0.59375,0.58945
R100,signal_maps.median_matched[59][26],0.59015,0.58595
R100,signal_maps.median_matched[59][27],0.5868,0.58305
R100,signal_maps.median_matched[59][28],0.5835,0.5796
R100,signal_maps.median_matched[59][29],0.5795,0.576
R100,signal_maps.median_matched[59][30],0.5758,0.5728
R100,signal_maps.median_matched[59][31],0.57235,0.56945
R100,signal_maps.median_matched[59][32],0.56895,0.566
R100,signal_maps.median_matched[59][33],0.56485,0.5621
R100,signal_maps.median_matched[59][34],0.56085,0.5582
R100,signal_maps.median_matched[59][35],0.55935,0.55615
R100,signal_maps.median_matched[59][36],0.55385,0.551
R100,signal_maps.median_matched[59][37],0.5495,0.5477
R100,signal_maps.median_matched[59][38],0.54575,0.5435
R100,signal_maps.median_matched[59][39],0.5419,0.53985
R100,signal_maps.median_matched[59][40],0.53845,0.5362
R100,signal_maps.median_matched[59][41],0.53475,0.5331
R100,signal_maps.median_matched[59][42],0.5321,0.52925
R100,signal_maps.median_matched[59][43],0.52745,0.526
R100,signal_maps.median_matched[59][44],0.52435,0.5222
R100,signal_maps.median_matched[59][45],0.52075,0.5184
R100,signal_maps.median_matched[59][46],0.51755,0.5154
R100,signal_maps.median_matched[59][47],0.5143,0.5118
R100,signal_maps.median_matched[59][48],0.51015,0.5081
R100,signal_maps.median_matched[59][49],0.50615,0.50465
R100,signal_maps.median_matched[59][50],0.50245,0.5006
R100,signal_maps.median_matched[59][51],0.499,0.49635
R100,signal_maps.median_matched[59][52],0.49525,0.4927
R100,signal_maps.median_matched[59][53],0.49115,0.4893
R100,signal_maps.median_matched[59][54],0.487,0.4851
R100,signal_maps.median_matched[59][55],0.4833,0.48135
R100,signal_maps.median_matched[59][56],0.4805,0.4781
R100,signal_maps.median_matched[59][57],0.4763,0.4746
R100,signal_maps.median_matched[59][58],0.4725,0.47085
R100,signal_maps.median_matched[59][59],0.46775,0.4674
R100,signal_maps.median_matched[59][60],0.4639,0.46435
R100,signal_maps.median_matched[60][0],0.6849,0.67865
R100,signal_maps.median_matched[60][1],0.6819,0.67565
R100,signal_maps.median_matched[60][2],0.67835,0.67245
R100,signal_maps.median_matched[60][3],0.67465,0.66915
R100,signal_maps.median_matched[60][4],0.6714,0.66545
R100,signal_maps.median_matched[60][5],0.66805,0.662
R100,signal_maps.median_matched[60][6],0.6639,0.65895
R100,signal_maps.median_matched[60][7],0.6606,0.65475
R100,signal_maps.median_matched[60][8],0.6574,0.65125
R100,signal_maps.median_matched[60][9],0.6542,0.64765
R100,signal_maps.median_matched[60][10],0.65025,0.6444
R100,signal_maps.median_matched[60][11],0.6473,0.6409
R100,signal_maps.median_matched[60][12],0.64395,0.63755
R100,signal_maps.median_matched[60][13],0.64095,0.63415
R100,signal_maps.median_matched[60][14],0.63765,0.63085
R100,signal_maps.median_matched[60][15],0.63395,0.6272
R100,signal_maps.median_matched[60][16],0.63045,0.6232
R100,signal_maps.median_matched[60][17],0.62705,0.6197
R100,signal_maps.median_matched[60][18],0.6235,0.61685
R100,signal_maps.median_matched[60][19],0.6207,0.6138
R100,signal_maps.median_matched[60][20],0.61725,0.61025
R100,signal_maps.median_matched[60][21],0.6133,0.6066
R100,signal_maps.median_matched[60][22],0.60985,0.60295
R100,signal_maps.median_matched[60][23],0.6059,0.5999
R100,signal_maps.median_matched[60][24],0.60155,0.59665
R100,signal_maps.median_matched[60][25],0.59805,0.59255
R100,signal_maps.median_matched[60][26],0.59455,0.58965
R100,signal_maps.median_matched[60][27],0.5905,0.58675
R100,signal_maps.median_matched[60][28],0.58745,0.5835
R100,signal_maps.median_matched[60][29],0.584,0.58025
R100,signal_maps.median_matched[60][30],0.5802,0.57675
R100,signal_maps.median_matched[60][31],0.5767,0.57335
R100,signal_maps.median_matched[60][32],0.57305,0.5698
R100,signal_maps.median_matched[60][33],0.56955,0.5667
R100,signal_maps.median_matched[60][34],0.5658,0.5629
R100,signal_maps.median_matched[60][35],0.56335,0.56075
R100,signal_maps.median_matched[60][36],0.55785,0.55525
R100,signal_maps.median_matched[60][37],0.5543,0.5515
R100,signal_maps.median_matched[60][38],0.5502,0.54835
R100,signal_maps.median_matched[60][39],0.54615,0.54395
R100,signal_maps.median_matched[60][40],0.5426,0.54045
R100,signal_maps.median_matched[60][41],0.53905,0.5367
R100,signal_maps.median_matched[60][42],0.5352,0.53345
R100,signal_maps.median_matched[60][43],0.53245,0.53015
R100,signal_maps.median_matched[60][44],0.5283,0.5265
R100,signal_maps.median_matched[60][45],0.5247,0.523
R100,signal_maps.median_matched[60][46],0.52115,0.51895
R100,signal_maps.median_matched[60][47],0.518,0.5157
R100,signal_maps.median_matched[60][48],0.51495,0.51255
R100,signal_maps.median_matched[60][49],0.51095,0.50855
R100,signal_maps.median_matched[60][50],0.50675,0.50515
R100,signal_maps.median_matched[60][51],0.50305,0.50115
R100,signal_maps.median_matched[60][52],0.49945,0.4971
R100,signal_maps.median_matched[60][53],0.49585,0.4931
R100,signal_maps.median_matched[60][54],0.4917,0.4899
R100,signal_maps.median_matched[60][55],0.48775,0.4858
R100,signal_maps.median_matched[60][56],0.484,0.482
R100,signal_maps.median_matched[60][57],0.48115,0.4785
R100,signal_maps.median_matched[60][58],0.4769,0.47525
R100,signal_maps.median_matched[60][59],0.4733,0.4713
R100,signal_maps.median_matched[60][60],0.46845,0.46795
R100,signal_maps.mean_matched[0][0],0.5258,0.52295
R100,signal_maps.mean_matched[0][1],0.52285,0.5197
R100,signal_maps.mean_matched[0][2],0.52,0.51685
R100,signal_maps.mean_matched[0][3],0.51675,0.5132
R100,signal_maps.mean_matched[0][4],0.5126,0.5095
R100,signal_maps.mean_matched[0][5],0.50915,0.5062
R100,signal_maps.mean_matched[0][6],0.50615,0.5026
R100,signal_maps.mean_matched[0][7],0.5019,0.49905
R100,signal_maps.mean_matched[0][8],0.4987,0.49605
R100,signal_maps.mean_matched[0][9],0.4946,0.49205
R100,signal_maps.mean_matched[0][10],0.4911,0.48865
R100,signal_maps.mean_matched[0][11],0.4872,0.4849
R100,signal_maps.mean_matched[0][12],0.4836,0.4811
R100,signal_maps.mean_matched[0][13],0.4805,0.47725
R100,signal_maps.mean_matched[0][14],0.4771,0.47395
R100,signal_maps.mean_matched[0][15],0.4727,0.47
R100,signal_maps.mean_matched[0][16],0.469,0.46675
R100,signal_maps.mean_matched[0][17],0.46515,0.46395
R100,signal_maps.mean_matched[0][18],0.46135,0.4608
R100,signal_maps.mean_matched[0][19],0.4577,0.45695
R100,signal_maps.mean_matched[0][20],0.45405,0.4534
R100,signal_maps.mean_matched[0][21],0.45045,0.4503
R100,signal_maps.mean_matched[0][22],0.44725,0.4465
R100,signal_maps.mean_matched[0][23],0.4431,0.4427
R100,signal_maps.mean_matched[0][24],0.4393,0.439
R100,signal_maps.mean_matched[0][25],0.4351,0.43545
R100,signal_maps.mean_matched[0][26],0.4314,0.4321
R100,signal_maps.mean_matched[0][27],0.42815,0.4291
R100,signal_maps.mean_matched[0][28],0.4249,0.42525
R100,signal_maps.mean_matched[0][29],0.4212,0.42145
R100,signal_maps.mean_matched[0][30],0.41825,0.4177
R100,signal_maps.mean_matched[0][31],0.41545,0.414
R100,signal_maps.mean_matched[0][32],0.4118,0.41065
R100,signal_maps.mean_matched[0][33],0.40825,0.40685
R100,signal_maps.mean_matched[0][34],0.4051,0.4035
R100,signal_maps.mean_matched[0][35],0.4033,0.4018
R100,signal_maps.mean_matched[0][36],0.39825,0.397
R100,signal_maps.mean_matched[0][37],0.39435,0.39415
R100,signal_maps.mean_matched[0][38],0.3905,0.39025
R100,signal_maps.mean_matched[0][39],0.38705,0.38645
R100,signal_maps.mean_matched[0][40],0.38295,0.38255
R100,signal_maps.mean_matched[0][41],0.3785,0.37925
R100,signal_maps.mean_matched[0][42],0.3752,0.3768
R100,signal_maps.mean_matched[0][43],0.37165,0.37325
R100,signal_maps.mean_matched[0][44],0.3687,0.37015
R100,signal_maps.mean_matched[0][45],0.3648,0.36715
R100,signal_maps.mean_matched[0][46],0.36165,0.36375
R100,signal_maps.mean_matched[0][47],0.3578,0.36115
R100,signal_maps.mean_matched[0][48],0.35515,0.3578
R100,signal_maps.mean_matched[0][49],0.3517,0.3546
R100,signal_maps.mean_matched[0][50],0.34885,0.3513
R100,signal_maps.mean_matched[0][51],0.34535,0.34815
R100,signal_maps.mean_matched[0][52],0.3414,0.345
R100,signal_maps.mean_matched[0][53],0.33745,0.34185
R100,signal_maps.mean_matched[0][54],0.3341,0.3381
R100,signal_maps.mean_matched[0][55],0.3312,0.33485
R100,signal_maps.mean_matched[0][56],0.3277,0.33125
R100,signal_maps.mean_matched[0][57],0.3243,0.3278
R100,signal_maps.mean_matched[0][58],0.3212,0.3248
R100,signal_maps.mean_matched[0][59],0.31805,0.3219
R100,signal_maps.mean_matched[0][60],0.3142,0.3182
R100,signal_maps.mean_matched[1][0],0.5308,0.52745
R100,signal_maps.mean_matched[1][1],0.527,0.524
R100,signal_maps.mean_matched[1][2],0.5236,0.5206
R100,signal_maps.mean_matched[1][3],0.52095,0.51755
R100,signal_maps.mean_matched[1][4],0.51755,0.5139
R100,signal_maps.mean_matched[1][5],0.5132,0.5108
R100,signal_maps.mean_matched[1][6],0.51,0.50715
R100,signal_maps.mean_matched[1][7],0.5066,0.5038
R100,signal_maps.mean_matched[1][8],0.50315,0.4999
R100,signal_maps.mean_matched[1][9],0.49945,0.497
R100,signal_maps.mean_matched[1][10],0.4957,0.49295
R100,signal_maps.mean_matched[1][11],0.49195,0.49005
R100,signal_maps.mean_matched[1][12],0.48855,0.48595
R100,signal_maps.mean_matched[1][13],0.4847,0.4818
R100,signal_maps.mean_matched[1][14],0.4813,0.4778
R100,signal_maps.mean_matched[1][15],0.4778,0.475
R100,signal_maps.mean_matched[1][16],0.4739,0.47075
R100,signal_maps.mean_matched[1][17],0.47035,0.46775
R100,signal_maps.mean_matched[1][18],0.46645,0.46475
R100,signal_maps.mean_matched[1][19],0.4625,0.46195
R100,signal_maps.mean_matched[1][20],0.45855,0.45775
R100,signal_maps.mean_matched[1][21],0.4551,0.4544
R100,signal_maps.mean_matched[1][22],0.45125,0.45105
R100,signal_maps.mean_matched[1][23],0.4482,0.4473
R100,signal_maps.mean_matched[1][24],0.44425,0.44365
R100,signal_maps.mean_matched[1][25],0.44035,0.4396
R100,signal_maps.mean_matched[1][26],0.4361,0.43625
R100,signal_maps.mean_matched[1][27],0.43205,0.4329
R100,signal_maps.mean_matched[1][28],0.4291,0.42915
R100,signal_maps.mean_matched[1][29],0.4252,0.42635
R100,signal_maps.mean_matched[1][30],0.4222,0.42275
R100,signal_maps.mean_matched[1][31],0.41895,0.41865
R100,signal_maps.mean_matched[1][32],0.4161,0.41485
R100,signal_maps.mean_matched[1][33],0.4127,0.41155
R100,signal_maps.mean_matched[1][34],0.40935,0.4079
R100,signal_maps.mean_matched[1][35],0.4074,0.40595
R100,signal_maps.mean_matched[1][36],0.4029,0.4008
R100,signal_maps.mean_matched[1][37],0.39925,0.39805
R100,signal_maps.mean_matched[1][38],0.3952,0.3948
R100,signal_maps.mean_matched[1][39],0.3918,0.3909
R100,signal_maps.mean_matched[1][40],0.3884,0.38775
R100,signal_maps.mean_matched[1][41],0.3844,0.38335
R100,signal_maps.mean_matched[1][42],0.3796,0.37975
R100,signal_maps.mean_matched[1][43],0.37615,0.3776
R100,signal_maps.mean_matched[1][44],0.37245,0.374
R100,signal_maps.mean_matched[1][45],0.3696,0.37085
R100,signal_maps.mean_matched[1][46],0.36595,0.3677
R100,signal_maps.mean_matched[1][47],0.36215,0.3647
R100,signal_maps.mean_matched[1][48],0.35905,0.36165
R100,signal_maps.mean_matched[1][49],0.3557,0.3585
R100,signal_maps.mean_matched[1][50],0.3525,0.3551
R100,signal_maps.mean_matched[1][51],0.3497,0.3522
R100,signal_maps.mean_matched[1][52],0.34645,0.34885
R100,signal_maps.mean_matched[1][53],0.3422,0.34585
R100,signal_maps.mean_matched[1][54],0.3385,0.34245
R100,signal_maps.mean_matched[1][55],0.3349,0.33885
R100,signal_maps.mean_matched[1][56],0.332,0.33565
R100,signal_maps.mean_matched[1][57],0.3284,0.3321
R100,signal_maps.mean_matched[1][58],0.3248,0.32875
R100,signal_maps.mean_matched[1][59],0.32215,0.3255
R100,signal_maps.mean_matched[1][60],0.31855,0.3227
R100,signal_maps.mean_matched[2][0],0.5353,0.53255
R100,signal_maps.mean_matched[2][1],0.53165,0.52825
R100,signal_maps.mean_matched[2][2],0.5281,0.5251
R100,signal_maps.mean_matched[2][3],0.5245,0.5218
R100,signal_maps.mean_matched[2][4],0.52165,0.5184
R100,signal_maps.mean_matched[2][5],0.5182,0.5148
R100,signal_maps.mean_matched[2][6],0.51455,0.51165
R100,signal_maps.mean_matched[2][7],0.5111,0.5079
R100,signal_maps.mean_matched[2][8],0.50735,0.5048
R100,signal_maps.mean_matched[2][9],0.50425,0.5009
R100,signal_maps.mean_matched[2][10],0.50045,0.49815
R100,signal_maps.mean_matched[2][11],0.49675,0.49405
R100,signal_maps.mean_matched[2][12],0.4929,0.4909
R100,signal_maps.mean_matched[2][13],0.48945,0.48695
R100,signal_maps.mean_matched[2][14],0.48555,0.4833
R100,signal_maps.mean_matched[2][15],0.482,0.47885
R100,signal_maps.mean_matched[2][16],0.4785,0.4758
R100,signal_maps.mean_matched[2][17],0.4748,0.47205
R100,signal_maps.mean_matched[2][18],0.471,0.46865
R100,signal_maps.mean_matched[2][19],0.46705,0.4654
R100,signal_maps.mean_matched[2][20],0.46345,0.46275
R100,signal_maps.mean_matched[2][21],0.45915,0.45875
R100,signal_maps.mean_matched[2][22],0.45605,0.4553
R100,signal_maps.mean_matched[2][23],0.45195,0.45185
R100,signal_maps.mean_matched[2][24],0.44895,0.4481
R100,signal_maps.mean_matched[2][25],0.4451,0.44445
R100,signal_maps.mean_matched[2][26],0.4412,0.44045
R100,signal_maps.mean_matched[2][28],0.4328,0.4338
R100,signal_maps.mean_matched[2][29],0.42975,0.43025
R100,signal_maps.mean_matched[2][30],0.4261,0.42715
R100,signal_maps.mean_matched[2][31],0.4229,0.4234
R100,signal_maps.mean_matched[2][32],0.41975,0.4197
R100,signal_maps.mean_matched[2][33],0.41685,0.41565
R100,signal_maps.mean_matched[2][34],0.4134,0.4121
R100,signal_maps.mean_matched[2][35],0.41165,0.4102
R100,signal_maps.mean_matched[2][36],0.4068,0.4053
R100,signal_maps.mean_matched[2][37],0.40355,0.4017
R100,signal_maps.mean_matched[2][38],0.39995,0.39865
R100,signal_maps.mean_matched[2][39],0.3962,0.39555
R100,signal_maps.mean_matched[2][40],0.3926,0.39195
R100,signal_maps.mean_matched[2][41],0.3891,0.38885
R100,signal_maps.mean_matched[2][42],0.38495,0.3843
R100,signal_maps.mean_matched[2][43],0.3809,0.38095
R100,signal_maps.mean_matched[2][44],0.3769,0.37815
R100,signal_maps.mean_matched[2][45],0.3736,0.37505
R100,signal_maps.mean_matched[2][46],0.37025,0.37165
R100,signal_maps.mean_matched[2][47],0.36715,0.3685
R100,signal_maps.mean_matched[2][48],0.36275,0.3655
R100,signal_maps.mean_matched[2][49],0.3599,0.36235
R100,signal_maps.mean_matched[2][50],0.3563,0.3593
R100,signal_maps.mean_matched[2][51],0.3536,0.3561
R100,signal_maps.mean_matched[2][52],0.35035,0.353
R100,signal_maps.mean_matched[2][53],0.34715,0.3497
R100,signal_maps.mean_matched[2][54],0.3434,0.3466
R100,signal_maps.mean_matched[2][55],0.3396,0.34325
R100,signal_maps.mean_matched[2][56],0.3359,0.33975
R100,signal_maps.mean_matched[2][57],0.3328,0.3365
R100,signal_maps.mean_matched[2][58],0.3292,0.33295
R100,signal_maps.mean_matched[2][59],0.326,0.32965
R100,signal_maps.mean_matched[2][60],0.323,0.3261
R100,signal_maps.mean_matched[3][0],0.53995,0.53735
R100,signal_maps.mean_matched[3][1],0.5365,0.53365
R100,signal_maps.mean_matched[3][2],0.53255,0.5297
R100,signal_maps.mean_matched[3][3],0.52945,0.52625
R100,signal_maps.mean_matched[3][4],0.5255,0.5229
R100,signal_maps.mean_matched[3][5],0.52255,0.51925
R100,signal_maps.mean_matched[3][6],0.5191,0.51585
R100,signal_maps.mean_matched[3][7],0.51555,0.51275
R100,signal_maps.mean_matched[3][8],0.5117,0.509
R100,signal_maps.mean_matched[3][9],0.5086,0.5058
R100,signal_maps.mean_matched[3][10],0.5051,0.502
R100,signal_maps.mean_matched[3][11],0.5012,0.4989
R100,signal_maps.mean_matched[3][12],0.49785,0.495
R100,signal_maps.mean_matched[3][13],0.4937,0.4918
R100,signal_maps.mean_matched[3][14],0.4901,0.48795
R100,signal_maps.mean_matched[3][15],0.48685,0.48445
R100,signal_maps.mean_matched[3][16],0.48275,0.48015
R100,signal_maps.mean_matched[3][17],0.4793,0.47665
R100,signal_maps.mean_matched[3][18],0.4754,0.47295
R100,signal_maps.mean_matched[3][19],0.4719,0.46945
R100,signal_maps.mean_matched[3][20],0.46815,0.4662
R100,signal_maps.mean_matched[3][21],0.4642,0.46355
R100,signal_maps.mean_matched[3][22],0.4601,0.4595
R100,signal_maps.mean_matched[3][23],0.45665,0.45625
R100,signal_maps.mean_matched[3][24],0.4527,0.45285
R100,signal_maps.mean_matched[3][26],0.4462,0.44535
R100,signal_maps.mean_matched[3][27],0.44185,0.4412
R100,signal_maps.mean_matched[3][28],0.4383,0.4379
R100,signal_maps.mean_matched[3][29],0.43375,0.4347
R100,signal_maps.mean_matched[3][30],0.4307,0.431
R100,signal_maps.mean_matched[3][31],0.42685,0.428
R100,signal_maps.mean_matched[3][32],0.4235,0.42435
R100,signal_maps.mean_matched[3][33],0.4203,0.4206
R100,signal_maps.mean_matched[3][34],0.41745,0.4167
R100,signal_maps.mean_matched[3][35],0.41565,0.4148
R100,signal_maps.mean_matched[3][36],0.4111,0.4094
R100,signal_maps.mean_matched[3][37],0.40765,0.4061
R100,signal_maps.mean_matched[3][38],0.4039,0.40255
R100,signal_maps.mean_matched[3][39],0.40065,0.3993
R100,signal_maps.mean_matched[3][40],0.3971,0.39645
R100,signal_maps.mean_matched[3][41],0.3931,0.393
R100,signal_maps.mean_matched[3][43],0.3859,0.3853
R100,signal_maps.mean_matched[3][44],0.38205,0.38135
R100,signal_maps.mean_matched[3][45],0.3779,0.3786
R100,signal_maps.mean_matched[3][46],0.37435,0.37565
R100,signal_maps.mean_matched[3][47],0.3712,0.37245
R100,signal_maps.mean_matched[3][48],0.368,0.3691
R100,signal_maps.mean_matched[3][49],0.36355,0.3663
R100,signal_maps.mean_matched[3][50],0.3606,0.3633
R100,signal_maps.mean_matched[3][51],0.357,0.35985
R100,signal_maps.mean_matched[3][52],0.3544,0.3566
R100,signal_maps.mean_matched[3][53],0.3512,0.35375
R100,signal_maps.mean_matched[3][54],0.34785,0.3503
R100,signal_maps.mean_matched[3][55],0.34445,0.3471
R100,signal_maps.mean_matched[3][56],0.34035,0.34395
R100,signal_maps.mean_matched[3][57],0.3368,0.3407
R100,signal_maps.mean_matched[3][58],0.33355,0.3374
R100,signal_maps.mean_matched[3][59],0.33015,0.3337
R100,signal_maps.mean_matched[3][60],0.32675,0.33055
R100,signal_maps.mean_matched[4][0],0.5449,0.54215
R100,signal_maps.mean_matched[4][1],0.541,0.53855
R100,signal_maps.mean_matched[4][2],0.53735,0.53475
R100,signal_maps.mean_matched[4][3],0.53345,0.5303
R100,signal_maps.mean_matched[4][4],0.5304,0.52725
R100,signal_maps.mean_matched[4][5],0.5266,0.5237
R100,signal_maps.mean_matched[4][6],0.5238,0.52025
R100,signal_maps.mean_matched[4][7],0.5202,0.517
R100,signal_maps.mean_matched[4][8],0.5167,0.51345
R100,signal_maps.mean_matched[4][9],0.5126,0.5104
R100,signal_maps.mean_matched[4][10],0.50935,0.5067
R100,signal_maps.mean_matched[4][11],0.50635,0.50275
R100,signal_maps.mean_matched[4][12],0.5024,0.4998
R100,signal_maps.mean_matched[4][13],0.49865,0.496
R100,signal_maps.mean_matched[4][14],0.49435,0.49255
R100,signal_maps.mean_matched[4][15],0.491,0.48905
R100,signal_maps.mean_matched[4][16],0.4878,0.4852
R100,signal_maps.mean_matched[4][17],0.4837,0.48115
R100,signal_maps.mean_matched[4][18],0.4806,0.47725
R100,signal_maps.mean_matched[4][19],0.47675,0.4739
R100,signal_maps.mean_matched[4][20],0.473,0.47005
R100,signal_maps.mean_matched[4][21],0.46915,0.46725
R100,signal_maps.mean_matched[4][22],0.46515,0.46435
R100,signal_maps.mean_matched[4][23],0.4613,0.46025
R100,signal_maps.mean_matched[4][24],0.45745,0.4569
R100,signal_maps.mean_matched[4][25],0.45375,0.45385
R100,signal_maps.mean_matched[4][26],0.4503,0.4508
R100,signal_maps.mean_matched[4][27],0.4474,0.44655
R100,signal_maps.mean_matched[4][28],0.4426,0.44255
R100,signal_maps.mean_matched[4][29],0.43915,0.43875
R100,signal_maps.mean_matched[4][30],0.4351,0.4355
R100,signal_maps.mean_matched[4][31],0.43135,0.4321
R100,signal_maps.mean_matched[4][32],0.42785,0.4286
R100,signal_maps.mean_matched[4][33],0.4244,0.4253
R100,signal_maps.mean_matched[4][34],0.421,0.4215
R100,signal_maps.mean_matched[4][35],0.4195,0.41945
R100,signal_maps.mean_matched[4][36],0.4147,0.4142
R100,signal_maps.mean_matched[4][37],0.41175,0.41045
R100,signal_maps.mean_matched[4][38],0.4081,0.40675
R100,signal_maps.mean_matched[4][39],0.40455,0.40325
R100,signal_maps.mean_matched[4][40],0.4015,0.39985
R100,signal_maps.mean_matched[4][41],0.3975,0.3973
R100,signal_maps.mean_matched[4][42],0.39425,0.3938
R100,signal_maps.mean_matched[4][43],0.3904,0.3903
R100,signal_maps.mean_matched[4][44],0.38685,0.38645
R100,signal_maps.mean_matched[4][45],0.38305,0.3825
R100,signal_maps.mean_matched[4][46],0.3787,0.3791
R100,signal_maps.mean_matched[4][47],0.37545,0.37615
R100,signal_maps.mean_matched[4][48],0.37185,0.373
R100,signal_maps.mean_matched[4][49],0.36865,0.3697
R100,signal_maps.mean_matched[4][50],0.36465,0.367
R100,signal_maps.mean_matched[4][51],0.3612,0.3642
R100,signal_maps.mean_matched[4][52],0.3579,0.36075
R100,signal_maps.mean_matched[4][53],0.35505,0.35785
R100,signal_maps.mean_matched[4][54],0.35175,0.35445
R100,signal_maps.mean_matched[4][55],0.3486,0.35105
R100,signal_maps.mean_matched[4][56],0.34535,0.34785
R100,signal_maps.mean_matched[4][57],0.3413,0.3445
R100,signal_maps.mean_matched[4][58],0.33735,0.34175
R100,signal_maps.mean_matched[4][59],0.3341,0.33795
R100,signal_maps.mean_matched[4][60],0.3309,0.33435
R100,signal_maps.mean_matched[5][0],0.54875,0.5465
R100,signal_maps.mean_matched[5][1],0.5457,0.54335
R100,signal_maps.mean_matched[5][2],0.5418,0.5398
R100,signal_maps.mean_matched[5][3],0.53845,0.53585
R100,signal_maps.mean_matched[5][4],0.53485,0.5316
R100,signal_maps.mean_matched[5][5],0.53155,0.5283
R100,signal_maps.mean_matched[5][6],0.5277,0.52435
R100,signal_maps.mean_matched[5][7],0.5245,0.52125
R100,signal_maps.mean_matched[5][8],0.521,0.5182
R100,signal_maps.mean_matched[5][9],0.5179,0.5145
R100,signal_maps.mean_matched[5][10],0.5132,0.5112
R100,signal_maps.mean_matched[5][11],0.50995,0.50735
R100,signal_maps.mean_matched[5][12],0.50695,0.5038
R100,signal_maps.mean_matched[5][13],0.5033,0.50035
R100,signal_maps.mean_matched[5][14],0.4998,0.49705
R100,signal_maps.mean_matched[5][15],0.4957,0.49335
R100,signal_maps.mean_matched[5][16],0.49175,0.48995
R100,signal_maps.mean_matched[5][17],0.4886,0.48615
R100,signal_maps.mean_matched[5][18],0.48475,0.48205
R100,signal_maps.mean_matched[5][19],0.4812,0.4782
R100,signal_maps.mean_matched[5][20],0.4778,0.475
R100,signal_maps.mean_matched[5][21],0.4736,0.47115
R100,signal_maps.mean_matched[5][22],0.46995,0.46785
R100,signal_maps.mean_matched[5][23],0.46635,0.46485
R100,signal_maps.mean_matched[5][24],0.46205,0.4617
R100,signal_maps.mean_matched[5][25],0.45865,0.4576
R100,signal_maps.mean_matched[5][26],0.45475,0.4546
R100,signal_maps.mean_matched[5][27],0.45085,0.4514
R100,signal_maps.mean_matched[5][28],0.44805,0.4475
R100,signal_maps.mean_matched[5][29],0.44405,0.4434
R100,signal_maps.mean_matched[5][30],0.44,0.4394
R100,signal_maps.mean_matched[5][31],0.43595,0.4362
R100,signal_maps.mean_matched[5][33],0.42895,0.4293
R100,signal_maps.mean_matched[5][34],0.4252,0.4259
R100,signal_maps.mean_matched[5][35],0.42345,0.42425
R100,signal_maps.mean_matched[5][36],0.41905,0.41855
R100,signal_maps.mean_matched[5][37],0.41585,0.415
R100,signal_maps.mean_matched[5][38],0.41255,0.41125
R100,signal_maps.mean_matched[5][39],0.40885,0.40745
R100,signal_maps.mean_matched[5][40],0.40555,0.4039
R100,signal_maps.mean_matched[5][41],0.40215,0.40075
R100,signal_maps.mean_matched[5][42],0.39855,0.398
R100,signal_maps.mean_matched[5][43],0.39485,0.39495
R100,signal_maps.mean_matched[5][44],0.3912,0.39105
R100,signal_maps.mean_matched[5][45],0.38785,0.38735
R100,signal_maps.mean_matched[5][46],0.3841,0.38315
R100,signal_maps.mean_matched[5][47],0.37945,0.37985
R100,signal_maps.mean_matched[5][48],0.37605,0.3769
R100,signal_maps.mean_matched[5][49],0.37265,0.37375
R100,signal_maps.mean_matched[5][50],0.36955,0.37055
R100,signal_maps.mean_matched[5][51],0.36535,0.36755
R100,signal_maps.mean_matched[5][52],0.36205,0.3645
R100,signal_maps.mean_matched[5][53],0.35865,0.36165
R100,signal_maps.mean_matched[5][54],0.3557,0.3586
R100,signal_maps.mean_matched[5][55],0.3526,0.3551
R100,signal_maps.mean_matched[5][56],0.3493,0.3518
R100,signal_maps.mean_matched[5][57],0.34605,0.3486
R100,signal_maps.mean_matched[5][58],0.34195,0.3453
R100,signal_maps.mean_matched[5][59],0.338,0.3423
R100,signal_maps.mean_matched[5][60],0.3346,0.3382
R100,signal_maps.mean_matched[6][0],0.55385,0.55085
R100,signal_maps.mean_matched[6][1],0.54995,0.5473
R100,signal_maps.mean_matched[6][2],0.54655,0.5441
R100,signal_maps.mean_matched[6][3],0.54285,0.54055
R100,signal_maps.mean_matched[6][4],0.53965,0.5368
R100,signal_maps.mean_matched[6][5],0.53565,0.5328
R100,signal_maps.mean_matched[6][6],0.53245,0.52905
R100,signal_maps.mean_matched[6][7],0.5287,0.52515
R100,signal_maps.mean_matched[6][8],0.5257,0.52205
R100,signal_maps.mean_matched[6][9],0.5221,0.51915
R100,signal_maps.mean_matched[6][10],0.51885,0.51535
R100,signal_maps.mean_matched[6][11],0.5144,0.512
R100,signal_maps.mean_matched[6][12],0.5111,0.50855
R100,signal_maps.mean_matched[6][13],0.5079,0.505
R100,signal_maps.mean_matched[6][14],0.50425,0.50135
R100,signal_maps.mean_matched[6][15],0.5008,0.4982
R100,signal_maps.mean_matched[6][16],0.49695,0.49405
R100,signal_maps.mean_matched[6][17],0.4927,0.4914
R100,signal_maps.mean_matched[6][18],0.4895,0.48705
R100,signal_maps.mean_matched[6][19],0.48585,0.483
R100,signal_maps.mean_matched[6][20],0.48205,0.47905
R100,signal_maps.mean_matched[6][21],0.4788,0.476
R100,signal_maps.mean_matched[6][22],0.47465,0.47225
R100,signal_maps.mean_matched[6][23],0.47095,0.469
R100,signal_maps.mean_matched[6][24],0.4674,0.46565
R100,signal_maps.mean_matched[6][25],0.46325,0.4629
R100,signal_maps.mean_matched[6][26],0.4592,0.45875
R100,signal_maps.mean_matched[6][27],0.45545,0.45555
R100,signal_maps.mean_matched[6][28],0.45205,0.45215
R100,signal_maps.mean_matched[6][29],0.44875,0.4484
R100,signal_maps.mean_matched[6][30],0.44505,0.4445
R100,signal_maps.mean_matched[6][31],0.44125,0.4406
R100,signal_maps.mean_matched[6][32],0.4368,0.43665
R100,signal_maps.mean_matched[6][33],0.43335,0.43395
R100,signal_maps.mean_matched[6][34],0.4298,0.43025
R100,signal_maps.mean_matched[6][35],0.4276,0.4283
R100,signal_maps.mean_matched[6][36],0.4224,0.42335
R100,signal_maps.mean_matched[6][37],0.41965,0.4194
R100,signal_maps.mean_matched[6][38],0.41675,0.4158
R100,signal_maps.mean_matched[6][39],0.41345,0.41235
R100,signal_maps.mean_matched[6][40],0.40975,0.40845
R100,signal_maps.mean_matched[6][41],0.40645,0.40465
R100,signal_maps.mean_matched[6][42],0.40295,0.4014
R100,signal_maps.mean_matched[6][43],0.3996,0.3988
R100,signal_maps.mean_matched[6][44],0.39575,0.3957
R100,signal_maps.mean_matched[6][45],0.3922,0.3915
R100,signal_maps.mean_matched[6][46],0.3887,0.3881
R100,signal_maps.mean_matched[6][47],0.38475,0.3842
R100,signal_maps.mean_matched[6][48],0.3804,0.3805
R100,signal_maps.mean_matched[6][49],0.3769,0.37765
R100,signal_maps.mean_matched[6][50],0.37365,0.37465
R100,signal_maps.mean_matched[6][51],0.37035,0.37125
R100,signal_maps.mean_matched[6][52],0.36625,0.36815
R100,signal_maps.mean_matched[6][53],0.36265,0.3653
R100,signal_maps.mean_matched[6][54],0.35915,0.3627
R100,signal_maps.mean_matched[6][55],0.3564,0.3591
R100,signal_maps.mean_matched[6][56],0.35345,0.35565
R100,signal_maps.mean_matched[6][57],0.35015,0.35235
R100,signal_maps.mean_matched[6][58],0.3467,0.3492
R100,signal_maps.mean_matched[6][59],0.34265,0.34605
R100,signal_maps.mean_matched[6][60],0.33885,0.3431
R100,signal_maps.mean_matched[7][0],0.5583,0.55455
R100,signal_maps.mean_matched[7][1],0.55465,0.5517
R100,signal_maps.mean_matched[7][2],0.55115,0.5481
R100,signal_maps.mean_matched[7][3],0.5474,0.54465
R100,signal_maps.mean_matched[7][4],0.54445,0.5418
R100,signal_maps.mean_matched[7][5],0.54065,0.53795
R100,signal_maps.mean_matched[7][6],0.5367,0.53385
R100,signal_maps.mean_matched[7][7],0.5333,0.53005
R100,signal_maps.mean_matched[7][8],0.52955,0.52685
R100,signal_maps.mean_matched[7][9],0.5264,0.52295
R100,signal_maps.mean_matched[7][10],0.52345,0.5198
R100,signal_maps.mean_matched[7][11],0.52005,0.5161
R100,signal_maps.mean_matched[7][12],0.5158,0.51275
R100,signal_maps.mean_matched[7][13],0.51215,0.5093
R100,signal_maps.mean_matched[7][14],0.5088,0.50595
R100,signal_maps.mean_matched[7][15],0.5057,0.50235
R100,signal_maps.mean_matched[7][16],0.5018,0.49945
R100,signal_maps.mean_matched[7][17],0.4978,0.4951
R100,signal_maps.mean_matched[7][18],0.49375,0.49235
R100,signal_maps.mean_matched[7][19],0.4903,0.48815
R100,signal_maps.mean_matched[7][20],0.48695,0.48425
R100,signal_maps.mean_matched[7][21],0.483,0.4798
R100,signal_maps.mean_matched[7][22],0.4797,0.47695
R100,signal_maps.mean_matched[7][23],0.4757,0.47355
R100,signal_maps.mean_matched[7][24],0.4719,0.47025
R100,signal_maps.mean_matched[7][25],0.4681,0.46675
R100,signal_maps.mean_matched[7][26],0.4643,0.4637
R100,signal_maps.mean_matched[7][27],0.46005,0.4598
R100,signal_maps.mean_matched[7][28],0.4565,0.4564
R100,signal_maps.mean_matched[7][29],0.4529,0.45315
R100,signal_maps.mean_matched[7][30],0.44985,0.4494
R100,signal_maps.mean_matched[7][31],0.4461,0.44525
R100,signal_maps.mean_matched[7][32],0.44195,0.44145
R100,signal_maps.mean_matched[7][33],0.43775,0.4379
R100,signal_maps.mean_matched[7][34],0.43425,0.4346
R100,signal_maps.mean_matched[7][35],0.43245,0.4327
R100,signal_maps.mean_matched[7][36],0.4267,0.42775
R100,signal_maps.mean_matched[7][37],0.4232,0.4242
R100,signal_maps.mean_matched[7][38],0.4202,0.4203
R100,signal_maps.mean_matched[7][39],0.41745,0.41665
R100,signal_maps.mean_matched[7][40],0.41395,0.4131
R100,signal_maps.mean_matched[7][41],0.4107,0.40925
R100,signal_maps.mean_matched[7][42],0.4073,0.4054
R100,signal_maps.mean_matched[7][43],0.40395,0.4019
R100,signal_maps.mean_matched[7][44],0.40025,0.3992
R100,signal_maps.mean_matched[7][45],0.3966,0.39635
R100,signal_maps.mean_matched[7][46],0.39295,0.3923
R100,signal_maps.mean_matched[7][47],0.38935,0.389
R100,signal_maps.mean_matched[7][48],0.3856,0.38485
R100,signal_maps.mean_matched[7][49],0.38125,0.38135
R100,signal_maps.mean_matched[7][50],0.37755,0.37845
R100,signal_maps.mean_matched[7][51],0.3745,0.37535
R100,signal_maps.mean_matched[7][52],0.3712,0.372
R100,signal_maps.mean_matched[7][53],0.36735,0.369
R100,signal_maps.mean_matched[7][54],0.3632,0.3659
R100,signal_maps.mean_matched[7][55],0.3602,0.36305
R100,signal_maps.mean_matched[7][56],0.35705,0.35995
R100,signal_maps.mean_matched[7][57],0.354,0.3563
R100,signal_maps.mean_matched[7][58],0.3512,0.3532
R100,signal_maps.mean_matched[7][59],0.34735,0.34995
R100,signal_maps.mean_matched[7][60],0.34365,0.34685
R100,signal_maps.mean_matched[8][0],0.56265,0.55915
R100,signal_maps.mean_matched[8][1],0.55885,0.55565
R100,signal_maps.mean_matched[8][2],0.55555,0.5525
R100,signal_maps.mean_matched[8][3],0.55195,0.54915
R100,signal_maps.mean_matched[8][4],0.548,0.5457
R100,signal_maps.mean_matched[8][5],0.5452,0.54235
R100,signal_maps.mean_matched[8][6],0.54115,0.5387
R100,signal_maps.mean_matched[8][7],0.53765,0.5347
R100,signal_maps.mean_matched[8][8],0.53395,0.53085
R100,signal_maps.mean_matched[8][9],0.53065,0.5278
R100,signal_maps.mean_matched[8][10],0.5271,0.5241
R100,signal_maps.mean_matched[8][11],0.5244,0.5207
R100,signal_maps.mean_matched[8][12],0.5207,0.5169
R100,signal_maps.mean_matched[8][13],0.51715,0.5136
R100,signal_maps.mean_matched[8][14],0.5129,0.51035
R100,signal_maps.mean_matched[8][15],0.5097,0.50675
R100,signal_maps.mean_matched[8][16],0.5065,0.5033
R100,signal_maps.mean_matched[8][17],0.5031,0.50005
R100,signal_maps.mean_matched[8][18],0.49895,0.4961
R100,signal_maps.mean_matched[8][19],0.49475,0.49295
R100,signal_maps.mean_matched[8][20],0.4912,0.48915
R100,signal_maps.mean_matched[8][21],0.4878,0.4857
R100,signal_maps.mean_matched[8][22],0.4841,0.4811
R100,signal_maps.mean_matched[8][23],0.4802,0.4776
R100,signal_maps.mean_matched[8][24],0.47655,0.4742
R100,signal_maps.mean_matched[8][25],0.473,0.47085
R100,signal_maps.mean_matched[8][26],0.4691,0.46745
R100,signal_maps.mean_matched[8][27],0.46535,0.4646
R100,signal_maps.mean_matched[8][28],0.4612,0.4602
R100,signal_maps.mean_matched[8][29],0.4574,0.45705
R100,signal_maps.mean_matched[8][30],0.4537,0.45375
R100,signal_maps.mean_matched[8][31],0.4505,0.45035
R100,signal_maps.mean_matched[8][32],0.4469,0.44645
R100,signal_maps.mean_matched[8][33],0.4428,0.4424
R100,signal_maps.mean_matched[8][34],0.4389,0.439
R100,signal_maps.mean_matched[8][35],0.4365,0.4369
R100,signal_maps.mean_matched[8][36],0.4315,0.432
R100,signal_maps.mean_matched[8][37],0.42755,0.4283
R100,signal_maps.mean_matched[8][38],0.42405,0.4253
R100,signal_maps.mean_matched[8][39],0.4208,0.4214
R100,signal_maps.mean_matched[8][40],0.41805,0.4174
R100,signal_maps.mean_matched[8][41],0.4146,0.41405
R100,signal_maps.mean_matched[8][42],0.41155,0.4103
R100,signal_maps.mean_matched[8][43],0.40825,0.4067
R100,signal_maps.mean_matched[8][44],0.40475,0.40285
R100,signal_maps.mean_matched[8][45],0.4009,0.39985
R100,signal_maps.mean_matched[8][47],0.3936,0.3932
R100,signal_maps.mean_matched[8][48],0.39035,0.39015
R100,signal_maps.mean_matched[8][49],0.38635,0.3859
R100,signal_maps.mean_matched[8][50],0.3827,0.3824
R100,signal_maps.mean_matched[8][51],0.37845,0.37905
R100,signal_maps.mean_matched[8][52],0.37505,0.37605
R100,signal_maps.mean_matched[8][53],0.37195,0.37265
R100,signal_maps.mean_matched[8][54],0.36845,0.36965
R100,signal_maps.mean_matched[8][55],0.36385,0.3666
R100,signal_maps.mean_matched[8][56],0.3609,0.36385
R100,signal_maps.mean_matched[8][57],0.3574,0.3604
R100,signal_maps.mean_matched[8][58],0.3547,0.35715
R100,signal_maps.mean_matched[8][59],0.35165,0.3537
R100,signal_maps.mean_matched[8][60],0.34845,0.3505
R100,signal_maps.mean_matched[9][0],0.56645,0.56335
R100,signal_maps.mean_matched[9][1],0.56355,0.5602
R100,signal_maps.mean_matched[9][2],0.56005,0.5566
R100,signal_maps.mean_matched[9][3],0.55645,0.5537
R100,signal_maps.mean_matched[9][4],0.5532,0.5499
R100,signal_maps.mean_matched[9][5],0.5487,0.54635
R100,signal_maps.mean_matched[9][6],0.54605,0.5434
R100,signal_maps.mean_matched[9][7],0.54205,0.5398
R100,signal_maps.mean_matched[9][8],0.53855,0.5358
R100,signal_maps.mean_matched[9][9],0.53465,0.532
R100,signal_maps.mean_matched[9][10],0.53155,0.52855
R100,signal_maps.mean_matched[9][11],0.528,0.5251
R100,signal_maps.mean_matched[9][12],0.525,0.5216
R100,signal_maps.mean_matched[9][13],0.5216,0.5179
R100,signal_maps.mean_matched[9][14],0.5181,0.51465
R100,signal_maps.mean_matched[9][15],0.5139,0.51105
R100,signal_maps.mean_matched[9][16],0.5107,0.5077
R100,signal_maps.mean_matched[9][17],0.50745,0.504
R100,signal_maps.mean_matched[9][18],0.50375,0.5008
R100,signal_maps.mean_matched[9][19],0.5002,0.4972
R100,signal_maps.mean_matched[9][20],0.4961,0.49355
R100,signal_maps.mean_matched[9][21],0.49205,0.49005
R100,signal_maps.mean_matched[9][22],0.4889,0.48655
R100,signal_maps.mean_matched[9][23],0.4849,0.4819
R100,signal_maps.mean_matched[9][24],0.4811,0.4785
R100,signal_maps.mean_matched[9][25],0.47755,0.47475
R100,signal_maps.mean_matched[9][26],0.4739,0.4718
R100,signal_maps.mean_matched[9][27],0.4702,0.46845
R100,signal_maps.mean_matched[9][28],0.4662,0.4652
R100,signal_maps.mean_matched[9][29],0.46215,0.46155
R100,signal_maps.mean_matched[9][30],0.4583,0.45795
R100,signal_maps.mean_matched[9][31],0.45445,0.45465
R100,signal_maps.mean_matched[9][32],0.45115,0.45155
R100,signal_maps.mean_matched[9][33],0.4478,0.4475
R100,signal_maps.mean_matched[9][34],0.44365,0.44325
R100,signal_maps.mean_matched[9][35],0.44195,0.4414
R100,signal_maps.mean_matched[9][36],0.4357,0.4366
R100,signal_maps.mean_matched[9][37],0.4326,0.4329
R100,signal_maps.mean_matched[9][38],0.42845,0.4295
R100,signal_maps.mean_matched[9][39],0.42505,0.4259
R100,signal_maps.mean_matched[9][40],0.4216,0.4222
R100,signal_maps.mean_matched[9][41],0.4188,0.4184
R100,signal_maps.mean_matched[9][42],0.41545,0.41495
R100,signal_maps.mean_matched[9][43],0.4125,0.4111
R100,signal_maps.mean_matched[9][44],0.40905,0.4075
R100,signal_maps.mean_matched[9][45],0.40535,0.40385
R100,signal_maps.mean_matched[9][46],0.40155,0.40055
R100,signal_maps.mean_matched[9][47],0.3978,0.398
R100,signal_maps.mean_matched[9][48],0.3943,0.39455
R100,signal_maps.mean_matched[9][49],0.39125,0.3914
R100,signal_maps.mean_matched[9][50],0.387,0.3868
R100,signal_maps.mean_matched[9][51],0.3837,0.3832
R100,signal_maps.mean_matched[9][52],0.3791,0.37965
R100,signal_maps.mean_matched[9][53],0.37565,0.3768
R100,signal_maps.mean_matched[9][54],0.37265,0.37335
R100,signal_maps.mean_matched[9][55],0.3695,0.37025
R100,signal_maps.mean_matched[9][56],0.3649,0.36735
R100,signal_maps.mean_matched[9][57],0.3615,0.36445
R100,signal_maps.mean_matched[9][58],0.35825,0.3612
R100,signal_maps.mean_matched[9][59],0.35565,0.3581
R100,signal_maps.mean_matched[9][60],0.3524,0.3547
R100,signal_maps.mean_matched[10][0],0.5707,0.56755
R100,signal_maps.mean_matched[10][1],0.5672,0.56425
R100,signal_maps.mean_matched[10][2],0.56445,0.56145
R100,signal_maps.mean_matched[10][3],0.5611,0.55745
R100,signal_maps.mean_matched[10][4],0.55735,0.55455
R100,signal_maps.mean_matched[10][5],0.5541,0.55085
R100,signal_maps.mean_matched[10][6],0.5498,0.54775
R100,signal_maps.mean_matched[10][7],0.5467,0.544
R100,signal_maps.mean_matched[10][8],0.5431,0.541
R100,signal_maps.mean_matched[10][9],0.53945,0.53705
R100,signal_maps.mean_matched[10][10],0.53555,0.53265
R100,signal_maps.mean_matched[10][11],0.53245,0.52955
R100,signal_maps.mean_matched[10][12],0.52895,0.52585
R100,signal_maps.mean_matched[10][13],0.52595,0.5223
R100,signal_maps.mean_matched[10][14],0.52235,0.5192
R100,signal_maps.mean_matched[10][15],0.5187,0.5156
R100,signal_maps.mean_matched[10][16],0.51495,0.5122
R100,signal_maps.mean_matched[10][17],0.5112,0.50875
R100,signal_maps.mean_matched[10][18],0.508,0.5047
R100,signal_maps.mean_matched[10][19],0.5045,0.50165
R100,signal_maps.mean_matched[10][20],0.50105,0.49805
R100,signal_maps.mean_matched[10][21],0.4969,0.49425
R100,signal_maps.mean_matched[10][22],0.49295,0.49125
R100,signal_maps.mean_matched[10][23],0.48975,0.48735
R100,signal_maps.mean_matched[10][24],0.48595,0.48305
R100,signal_maps.mean_matched[10][25],0.4822,0.47935
R100,signal_maps.mean_matched[10][26],0.47865,0.4757
R100,signal_maps.mean_matched[10][27],0.4749,0.4724
R100,signal_maps.mean_matched[10][28],0.47115,0.4694
R100,signal_maps.mean_matched[10][29],0.46705,0.4664
R100,signal_maps.mean_matched[10][30],0.4632,0.46265
R100,signal_maps.mean_matched[10][31],0.45915,0.4588
R100,signal_maps.mean_matched[10][32],0.45515,0.4557
R100,signal_maps.mean_matched[10][33],0.4518,0.4524
R100,signal_maps.mean_matched[10][34],0.44875,0.44855
R100,signal_maps.mean_matched[10][35],0.44685,0.4462
R100,signal_maps.mean_matched[10][36],0.44065,0.44055
R100,signal_maps.mean_matched[10][37],0.43675,0.4372
R100,signal_maps.mean_matched[10][38],0.4333,0.4337
R100,signal_maps.mean_matched[10][39],0.42945,0.43025
R100,signal_maps.mean_matched[10][40],0.42615,0.42675
R100,signal_maps.mean_matched[10][41],0.42225,0.4232
R100,signal_maps.mean_matched[10][42],0.41975,0.4193
R100,signal_maps.mean_matched[10][43],0.41625,0.416
R100,signal_maps.mean_matched[10][44],0.41335,0.41195
R100,signal_maps.mean_matched[10][45],0.4097,0.40845
R100,signal_maps.mean_matched[10][46],0.4062,0.40465
R100,signal_maps.mean_matched[10][47],0.4025,0.4013
R100,signal_maps.mean_matched[10][48],0.39905,0.3986
R100,signal_maps.mean_matched[10][49],0.3951,0.3956
R100,signal_maps.mean_matched[10][50],0.3919,0.3917
R100,signal_maps.mean_matched[10][51],0.38805,0.38795
R100,signal_maps.mean_matched[10][52],0.38465,0.38405
R100,signal_maps.mean_matched[10][53],0.38005,0.38085
R100,signal_maps.mean_matched[10][54],0.37675,0.3772
R100,signal_maps.mean_matched[10][55],0.3735,0.3738
R100,signal_maps.mean_matched[10][56],0.37025,0.3707
R100,signal_maps.mean_matched[10][57],0.3659,0.36805
R100,signal_maps.mean_matched[10][58],0.3623,0.365
R100,signal_maps.mean_matched[10][59],0.35885,0.3621
R100,signal_maps.mean_matched[10][60],0.3562,0.35905
R100,signal_maps.mean_matched[11][0],0.57515,0.5718
R100,signal_maps.mean_matched[11][1],0.57155,0.5684
R100,signal_maps.mean_matched[11][2],0.5683,0.56515
R100,signal_maps.mean_matched[11][3],0.56515,0.5624
R100,signal_maps.mean_matched[11][4],0.5618,0.5585
R100,signal_maps.mean_matched[11][5],0.55805,0.55535
R100,signal_maps.mean_matched[11][6],0.55475,0.552
R100,signal_maps.mean_matched[11][7],0.55075,0.5487
R100,signal_maps.mean_matched[11][8],0.54745,0.545
R100,signal_maps.mean_matched[11][9],0.54395,0.54185
R100,signal_maps.mean_matched[11][10],0.5404,0.5379
R100,signal_maps.mean_matched[11][11],0.53655,0.5335
R100,signal_maps.mean_matched[11][12],0.53325,0.53045
R100,signal_maps.mean_matched[11][13],0.52965,0.5267
R100,signal_maps.mean_matched[11][14],0.527,0.523
R100,signal_maps.mean_matched[11][15],0.5232,0.5201
R100,signal_maps.mean_matched[11][16],0.52,0.51635
R100,signal_maps.mean_matched[11][17],0.5157,0.513
R100,signal_maps.mean_matched[11][18],0.51205,0.5093
R100,signal_maps.mean_matched[11][19],0.5087,0.5058
R100,signal_maps.mean_matched[11][20],0.50515,0.5023
R100,signal_maps.mean_matched[11][21],0.50205,0.49865
R100,signal_maps.mean_matched[11][22],0.4979,0.4952
R100,signal_maps.mean_matched[11][23],0.4935,0.49215
R100,signal_maps.mean_matched[11][24],0.49075,0.488
R100,signal_maps.mean_matched[11][25],0.4869,0.4843
R100,signal_maps.mean_matched[11][26],0.48315,0.48005
R100,signal_maps.mean_matched[11][27],0.4795,0.4769
R100,signal_maps.mean_matched[11][28],0.47545,0.4731
R100,signal_maps.mean_matched[11][29],0.47215,0.47045
R100,signal_maps.mean_matched[11][30],0.4684,0.4669
R100,signal_maps.mean_matched[11][31],0.4639,0.46365
R100,signal_maps.mean_matched[11][32],0.4603,0.45975
R100,signal_maps.mean_matched[11][33],0.456,0.4566
R100,signal_maps.mean_matched[11][34],0.45265,0.4532
R100,signal_maps.mean_matched[11][36],0.44565,0.44525
R100,signal_maps.mean_matched[11][37],0.442,0.44125
R100,signal_maps.mean_matched[11][38],0.4375,0.43765
R100,signal_maps.mean_matched[11][39],0.4346,0.43465
R100,signal_maps.mean_matched[11][40],0.43025,0.4308
R100,signal_maps.mean_matched[11][41],0.42685,0.42735
R100,signal_maps.mean_matched[11][42],0.4229,0.4237
R100,signal_maps.mean_matched[11][43],0.42035,0.42015
R100,signal_maps.mean_matched[11][44],0.41705,0.41695
R100,signal_maps.mean_matched[11][45],0.41375,0.41275
R100,signal_maps.mean_matched[11][46],0.4102,0.4092
R100,signal_maps.mean_matched[11][47],0.40715,0.40565
R100,signal_maps.mean_matched[11][48],0.4035,0.402
R100,signal_maps.mean_matched[11][49],0.3997,0.3991
R100,signal_maps.mean_matched[11][50],0.39635,0.39645
R100,signal_maps.mean_matched[11][51],0.39245,0.39255
R100,signal_maps.mean_matched[11][52],0.3891,0.3889
R100,signal_maps.mean_matched[11][53],0.38555,0.3848
R100,signal_maps.mean_matched[11][54],0.38065,0.38135
R100,signal_maps.mean_matched[11][55],0.3774,0.37785
R100,signal_maps.mean_matched[11][56],0.374,0.37515
R100,signal_maps.mean_matched[11][57],0.371,0.3714
R100,signal_maps.mean_matched[11][58],0.36715,0.3685
R100,signal_maps.mean_matched[11][59],0.3633,0.36565
R100,signal_maps.mean_matched[11][60],0.35955,0.3628
R100,signal_maps.mean_matched[12][0],0.5791,0.5758
R100,signal_maps.mean_matched[12][1],0.57615,0.57255
R100,signal_maps.mean_matched[12][2],0.5724,0.569
R100,signal_maps.mean_matched[12][3],0.56935,0.5661
R100,signal_maps.mean_matched[12][4],0.56615,0.56295
R100,signal_maps.mean_matched[12][5],0.5632,0.55955
R100,signal_maps.mean_matched[12][6],0.5591,0.5562
R100,signal_maps.mean_matched[12][7],0.55525,0.5532
R100,signal_maps.mean_matched[12][8],0.55165,0.5495
R100,signal_maps.mean_matched[12][9],0.5482,0.5458
R100,signal_maps.mean_matched[12][10],0.54465,0.54255
R100,signal_maps.mean_matched[12][11],0.54125,0.53905
R100,signal_maps.mean_matched[12][12],0.53725,0.53465
R100,signal_maps.mean_matched[12][13],0.53395,0.5313
R100,signal_maps.mean_matched[12][14],0.5303,0.52755
R100,signal_maps.mean_matched[12][15],0.52775,0.52415
R100,signal_maps.mean_matched[12][16],0.52415,0.5208
R100,signal_maps.mean_matched[12][17],0.52085,0.5173
R100,signal_maps.mean_matched[12][18],0.51655,0.51385
R100,signal_maps.mean_matched[12][19],0.5132,0.50995
R100,signal_maps.mean_matched[12][20],0.5097,0.5065
R100,signal_maps.mean_matched[12][21],0.50635,0.5029
R100,signal_maps.mean_matched[12][22],0.5031,0.49945
R100,signal_maps.mean_matched[12][23],0.49885,0.49575
R100,signal_maps.mean_matched[12][24],0.49445,0.4927
R100,signal_maps.mean_matched[12][25],0.4912,0.4888
R100,signal_maps.mean_matched[12][26],0.48775,0.48505
R100,signal_maps.mean_matched[12][27],0.4839,0.4807
R100,signal_maps.mean_matched[12][28],0.48045,0.4774
R100,signal_maps.mean_matched[12][29],0.47625,0.47395
R100,signal_maps.mean_matched[12][30],0.47255,0.47085
R100,signal_maps.mean_matched[12][31],0.4693,0.4675
R100,signal_maps.mean_matched[12][32],0.465,0.4646
R100,signal_maps.mean_matched[12][33],0.46095,0.46055
R100,signal_maps.mean_matched[12][34],0.45715,0.4575
R100,signal_maps.mean_matched[12][35],0.4552,0.4553
R100,signal_maps.mean_matched[12][36],0.4502,0.4503
R100,signal_maps.mean_matched[12][37],0.4466,0.4461
R100,signal_maps.mean_matched[12][38],0.4428,0.44235
R100,signal_maps.mean_matched[12][39],0.43835,0.43865
R100,signal_maps.mean_matched[12][40],0.43515,0.43555
R100,signal_maps.mean_matched[12][41],0.43125,0.43185
R100,signal_maps.mean_matched[12][42],0.4276,0.4282
R100,signal_maps.mean_matched[12][43],0.4236,0.42465
R100,signal_maps.mean_matched[12][45],0.4178,0.4176
R100,signal_maps.mean_matched[12][46],0.4146,0.41395
R100,signal_maps.mean_matched[12][47],0.41095,0.4101
R100,signal_maps.mean_matched[12][48],0.408,0.4065
R100,signal_maps.mean_matched[12][49],0.4045,0.4029
R100,signal_maps.mean_matched[12][50],0.40055,0.3997
R100,signal_maps.mean_matched[12][51],0.39695,0.3972
R100,signal_maps.mean_matched[12][52],0.3933,0.3931
R100,signal_maps.mean_matched[12][54],0.38595,0.38555
R100,signal_maps.mean_matched[12][55],0.38205,0.38235
R100,signal_maps.mean_matched[12][56],0.37825,0.3786
R100,signal_maps.mean_matched[12][57],0.375,0.3759
R100,signal_maps.mean_matched[12][58],0.372,0.3723
R100,signal_maps.mean_matched[12][59],0.3682,0.36905
R100,signal_maps.mean_matched[12][60],0.3639,0.36615
R100,signal_maps.mean_matched[13][0],0.5844,0.57905
R100,signal_maps.mean_matched[13][1],0.58045,0.5766
R100,signal_maps.mean_matched[13][2],0.57705,0.5735
R100,signal_maps.mean_matched[13][3],0.5738,0.57005
R100,signal_maps.mean_matched[13][4],0.5704,0.567
R100,signal_maps.mean_matched[13][5],0.56715,0.56375
R100,signal_maps.mean_matched[13][6],0.56405,0.5605
R100,signal_maps.mean_matched[13][7],0.56,0.5568
R100,signal_maps.mean_matched[13][8],0.55615,0.55415
R100,signal_maps.mean_matched[13][9],0.55265,0.5504
R100,signal_maps.mean_matched[13][10],0.5492,0.5465
R100,signal_maps.mean_matched[13][11],0.5458,0.5433
R100,signal_maps.mean_matched[13][12],0.54195,0.53945
R100,signal_maps.mean_matched[13][13],0.5385,0.5357
R100,signal_maps.mean_matched[13][14],0.53465,0.53195
R100,signal_maps.mean_matched[13][15],0.5311,0.5285
R100,signal_maps.mean_matched[13][16],0.52815,0.5251
R100,signal_maps.mean_matched[13][17],0.5251,0.5219
R100,signal_maps.mean_matched[13][18],0.5217,0.5184
R100,signal_maps.mean_matched[13][19],0.51765,0.5146
R100,signal_maps.mean_matched[13][20],0.51385,0.51125
R100,signal_maps.mean_matched[13][21],0.5107,0.50745
R100,signal_maps.mean_matched[13][22],0.5074,0.504
R100,signal_maps.mean_matched[13][23],0.50365,0.5005
R100,signal_maps.mean_matched[13][24],0.49975,0.4967
R100,signal_maps.mean_matched[13][25],0.4957,0.4935
R100,signal_maps.mean_matched[13][26],0.4917,0.48985
R100,signal_maps.mean_matched[13][27],0.4886,0.4861
R100,signal_maps.mean_matched[13][28],0.485,0.48165
R100,signal_maps.mean_matched[13][29],0.4813,0.4784
R100,signal_maps.mean_matched[13][30],0.4773,0.47455
R100,signal_maps.mean_matched[13][31],0.47355,0.4718
R100,signal_maps.mean_matched[13][32],0.4704,0.4682
R100,signal_maps.mean_matched[13][33],0.4663,0.4651
R100,signal_maps.mean_matched[13][34],0.46185,0.46165
R100,signal_maps.mean_matched[13][35],0.45955,0.45945
R100,signal_maps.mean_matched[13][36],0.4546,0.45465
R100,signal_maps.mean_matched[13][37],0.45095,0.4512
R100,signal_maps.mean_matched[13][38],0.44745,0.4472
R100,signal_maps.mean_matched[13][39],0.44365,0.4431
R100,signal_maps.mean_matched[13][41],0.4358,0.4364
R100,signal_maps.mean_matched[13][42],0.4323,0.43275
R100,signal_maps.mean_matched[13][43],0.4282,0.4292
R100,signal_maps.mean_matched[13][44],0.4243,0.42575
R100,signal_maps.mean_matched[13][45],0.42125,0.42165
R100,signal_maps.mean_matched[13][46],0.4187,0.41805
R100,signal_maps.mean_matched[13][47],0.4152,0.41465
R100,signal_maps.mean_matched[13][48],0.41165,0.4107
R100,signal_maps.mean_matched[13][49],0.40875,0.40695
R100,signal_maps.mean_matched[13][50],0.40545,0.40355
R100,signal_maps.mean_matched[13][51],0.40145,0.4002
R100,signal_maps.mean_matched[13][52],0.39765,0.3976
R100,signal_maps.mean_matched[13][53],0.39405,0.39395
R100,signal_maps.mean_matched[13][54],0.3908,0.3906
R100,signal_maps.mean_matched[13][55],0.38685,0.3863
R100,signal_maps.mean_matched[13][56],0.383,0.38295
R100,signal_maps.mean_matched[13][57],0.37925,0.3797
R100,signal_maps.mean_matched[13][58],0.37545,0.3764
R100,signal_maps.mean_matched[13][59],0.37245,0.37295
R100,signal_maps.mean_matched[13][60],0.36885,0.3699
R100,signal_maps.mean_matched[14][0],0.58805,0.5833
R100,signal_maps.mean_matched[14][1],0.58495,0.57995
R100,signal_maps.mean_matched[14][2],0.58115,0.57735
R100,signal_maps.mean_matched[14][3],0.5778,0.57415
R100,signal_maps.mean_matched[14][4],0.57455,0.57095
R100,signal_maps.mean_matched[14][5],0.57165,0.5678
R100,signal_maps.mean_matched[14][6],0.56795,0.56425
R100,signal_maps.mean_matched[14][7],0.565,0.56145
R100,signal_maps.mean_matched[14][8],0.5611,0.5578
R100,signal_maps.mean_matched[14][9],0.55735,0.5551
R100,signal_maps.mean_matched[14][10],0.55355,0.55095
R100,signal_maps.mean_matched[14][11],0.5497,0.5475
R100,signal_maps.mean_matched[14][12],0.54675,0.54405
R100,signal_maps.mean_matched[14][13],0.543,0.5407
R100,signal_maps.mean_matched[14][14],0.53925,0.5365
R100,signal_maps.mean_matched[14][15],0.53545,0.53255
R100,signal_maps.mean_matched[14][16],0.53195,0.52985
R100,signal_maps.mean_matched[14][17],0.5288,0.5261
R100,signal_maps.mean_matched[14][18],0.526,0.52265
R100,signal_maps.mean_matched[14][19],0.5225,0.51905
R100,signal_maps.mean_matched[14][20],0.51845,0.51555
R100,signal_maps.mean_matched[14][21],0.51465,0.51215
R100,signal_maps.mean_matched[14][22],0.5116,0.50875
R100,signal_maps.mean_matched[14][23],0.50835,0.5049
R100,signal_maps.mean_matched[14][24],0.5045,0.50135
R100,signal_maps.mean_matched[14][25],0.5007,0.4974
R100,signal_maps.mean_matched[14][26],0.49675,0.4944
R100,signal_maps.mean_matched[14][27],0.4925,0.49075
R100,signal_maps.mean_matched[14][28],0.48945,0.487
R100,signal_maps.mean_matched[14][29],0.48565,0.48275
R100,signal_maps.mean_matched[14][30],0.4819,0.4794
R100,signal_maps.mean_matched[14][31],0.47815,0.4752
R100,signal_maps.mean_matched[14][32],0.4746,0.47245
R100,signal_maps.mean_matched[14][33],0.471,0.46925
R100,signal_maps.mean_matched[14][34],0.46715,0.46605
R100,signal_maps.mean_matched[14][35],0.46475,0.4639
R100,signal_maps.mean_matched[14][37],0.4553,0.4556
R100,signal_maps.mean_matched[14][39],0.4482,0.44815
R100,signal_maps.mean_matched[14][40],0.4443,0.44385
R100,signal_maps.mean_matched[14][41],0.44055,0.44025
R100,signal_maps.mean_matched[14][42],0.43655,0.4369
R100,signal_maps.mean_matched[14][43],0.43325,0.43355
R100,signal_maps.mean_matched[14][44],0.429,0.42995
R100,signal_maps.mean_matched[14][45],0.42565,0.42675
R100,signal_maps.mean_matched[14][46],0.4219,0.4226
R100,signal_maps.mean_matched[14][47],0.41915,0.41875
R100,signal_maps.mean_matched[14][48],0.4161,0.4156
R100,signal_maps.mean_matched[14][49],0.4129,0.41175
R100,signal_maps.mean_matched[14][50],0.40925,0.4077
R100,signal_maps.mean_matched[14][51],0.4062,0.4043
R100,signal_maps.mean_matched[14][52],0.40215,0.40135
R100,signal_maps.mean_matched[14][53],0.3983,0.39835
R100,signal_maps.mean_matched[14][54],0.3947,0.3949
R100,signal_maps.mean_matched[14][55],0.39165,0.3915
R100,signal_maps.mean_matched[14][56],0.3875,0.3873
R100,signal_maps.mean_matched[14][57],0.3838,0.3839
R100,signal_maps.mean_matched[14][58],0.37995,0.38045
R100,signal_maps.mean_matched[14][59],0.37635,0.37695
R100,signal_maps.mean_matched[14][60],0.3734,0.37345
R100,signal_maps.mean_matched[15][0],0.59415,0.5878
R100,signal_maps.mean_matched[15][1],0.58935,0.5841
R100,signal_maps.mean_matched[15][2],0.58575,0.5809
R100,signal_maps.mean_matched[15][3],0.58235,0.57815
R100,signal_maps.mean_matched[15][4],0.5786,0.57505
R100,signal_maps.mean_matched[15][5],0.5755,0.5717
R100,signal_maps.mean_matched[15][6],0.5722,0.56875
R100,signal_maps.mean_matched[15][7],0.56885,0.5653
R100,signal_maps.mean_matched[15][8],0.5656,0.5623
R100,signal_maps.mean_matched[15][9],0.56245,0.5586
R100,signal_maps.mean_matched[15][10],0.5587,0.556
R100,signal_maps.mean_matched[15][11],0.5544,0.55215
R100,signal_maps.mean_matched[15][12],0.55045,0.5485
R100,signal_maps.mean_matched[15][13],0.5475,0.5452
R100,signal_maps.mean_matched[15][14],0.5438,0.54195
R100,signal_maps.mean_matched[15][15],0.53995,0.53785
R100,signal_maps.mean_matched[15][16],0.53635,0.53365
R100,signal_maps.mean_matched[15][17],0.533,0.53075
R100,signal_maps.mean_matched[15][18],0.5294,0.5271
R100,signal_maps.mean_matched[15][19],0.52675,0.52335
R100,signal_maps.mean_matched[15][20],0.5233,0.51965
R100,signal_maps.mean_matched[15][21],0.5198,0.5166
R100,signal_maps.mean_matched[15][22],0.5154,0.513
R100,signal_maps.mean_matched[15][23],0.51235,0.50945
R100,signal_maps.mean_matched[15][24],0.50905,0.5055
R100,signal_maps.mean_matched[15][25],0.5054,0.5021
R100,signal_maps.mean_matched[15][26],0.50195,0.49855
R100,signal_maps.mean_matched[15][27],0.4982,0.4949
R100,signal_maps.mean_matched[15][28],0.49335,0.49165
R100,signal_maps.mean_matched[15][29],0.49015,0.4878
R100,signal_maps.mean_matched[15][30],0.48645,0.4834
R100,signal_maps.mean_matched[15][31],0.4828,0.4801
R100,signal_maps.mean_matched[15][32],0.47905,0.47595
R100,signal_maps.mean_matched[15][33],0.47535,0.4728
R100,signal_maps.mean_matched[15][34],0.47185,0.47005
R100,signal_maps.mean_matched[15][35],0.46995,0.46805
R100,signal_maps.mean_matched[15][36],0.46395,0.4629
R100,signal_maps.mean_matched[15][37],0.4597,0.4595
R100,signal_maps.mean_matched[15][38],0.45585,0.4564
R100,signal_maps.mean_matched[15][39],0.4525,0.45315
R100,signal_maps.mean_matched[15][40],0.4489,0.44895
R100,signal_maps.mean_matched[15][41],0.44515,0.44485
R100,signal_maps.mean_matched[15][42],0.44145,0.4412
R100,signal_maps.mean_matched[15][43],0.43705,0.43755
R100,signal_maps.mean_matched[15][44],0.4339,0.4344
R100,signal_maps.mean_matched[15][45],0.42995,0.43055
R100,signal_maps.mean_matched[15][46],0.4264,0.4273
R100,signal_maps.mean_matched[15][47],0.42285,0.42345
R100,signal_maps.mean_matched[15][48],0.41975,0.41945
R100,signal_maps.mean_matched[15][49],0.41665,0.41695
R100,signal_maps.mean_matched[15][50],0.41375,0.4126
R100,signal_maps.mean_matched[15][51],0.41,0.40885
R100,signal_maps.mean_matched[15][52],0.4068,0.4051
R100,signal_maps.mean_matched[15][53],0.40285,0.40205
R100,signal_maps.mean_matched[15][54],0.399,0.39895
R100,signal_maps.mean_matched[15][55],0.3956,0.39575
R100,signal_maps.mean_matched[15][56],0.39205,0.3925
R100,signal_maps.mean_matched[15][57],0.3881,0.38845
R100,signal_maps.mean_matched[15][58],0.38475,0.3848
R100,signal_maps.mean_matched[15][59],0.38045,0.3811
R100,signal_maps.mean_matched[15][60],0.3772,0.37795
R100,signal_maps.mean_matched[16][0],0.5988,0.5914
R100,signal_maps.mean_matched[16][1],0.595,0.5882
R100,signal_maps.mean_matched[16][2],0.59055,0.5854
R100,signal_maps.mean_matched[16][3],0.5868,0.5817
R100,signal_maps.mean_matched[16][4],0.58335,0.5792
R100,signal_maps.mean_matched[16][5],0.5796,0.57635
R100,signal_maps.mean_matched[16][6],0.5764,0.57285
R100,signal_maps.mean_matched[16][7],0.5729,0.56925
R100,signal_maps.mean_matched[16][8],0.5697,0.5661
R100,signal_maps.mean_matched[16][9],0.56685,0.5631
R100,signal_maps.mean_matched[16][10],0.56315,0.5594
R100,signal_maps.mean_matched[16][11],0.55955,0.55665
R100,signal_maps.mean_matched[16][12],0.55555,0.5533
R100,signal_maps.mean_matched[16][13],0.55135,0.54975
R100,signal_maps.mean_matched[16][14],0.54855,0.54605
R100,signal_maps.mean_matched[16][15],0.54475,0.54265
R100,signal_maps.mean_matched[16][16],0.54095,0.53915
R100,signal_maps.mean_matched[16][17],0.537,0.53445
R100,signal_maps.mean_matched[16][18],0.53405,0.5313
R100,signal_maps.mean_matched[16][19],0.5301,0.52765
R100,signal_maps.mean_matched[16][20],0.5275,0.52425
R100,signal_maps.mean_matched[16][21],0.52395,0.52075
R100,signal_maps.mean_matched[16][22],0.52045,0.51755
R100,signal_maps.mean_matched[16][23],0.51645,0.51415
R100,signal_maps.mean_matched[16][24],0.5129,0.51055
R100,signal_maps.mean_matched[16][25],0.50955,0.5067
R100,signal_maps.mean_matched[16][26],0.5064,0.50315
R100,signal_maps.mean_matched[16][27],0.50255,0.49935
R100,signal_maps.mean_matched[16][28],0.4987,0.4957
R100,signal_maps.mean_matched[16][29],0.49455,0.4925
R100,signal_maps.mean_matched[16][30],0.49115,0.4887
R100,signal_maps.mean_matched[16][31],0.4873,0.4848
R100,signal_maps.mean_matched[16][32],0.48365,0.4806
R100,signal_maps.mean_matched[16][33],0.48,0.47725
R100,signal_maps.mean_matched[16][34],0.4762,0.47355
R100,signal_maps.mean_matched[16][35],0.47415,0.472
R100,signal_maps.mean_matched[16][36],0.46895,0.4676
R100,signal_maps.mean_matched[16][37],0.46485,0.46385
R100,signal_maps.mean_matched[16][38],0.46025,0.4604
R100,signal_maps.mean_matched[16][39],0.4564,0.45745
R100,signal_maps.mean_matched[16][40],0.45325,0.454
R100,signal_maps.mean_matched[16][41],0.4498,0.4499
R100,signal_maps.mean_matched[16][42],0.4458,0.44555
R100,signal_maps.mean_matched[16][43],0.4424,0.44215
R100,signal_maps.mean_matched[16][44],0.4379,0.4382
R100,signal_maps.mean_matched[16][45],0.43475,0.435
R100,signal_maps.mean_matched[16][46],0.43075,0.43155
R100,signal_maps.mean_matched[16][47],0.42735,0.4279
R100,signal_maps.mean_matched[16][48],0.4234,0.4244
R100,signal_maps.mean_matched[16][49],0.4204,0.42045
R100,signal_maps.mean_matched[16][50],0.41715,0.4175
R100,signal_maps.mean_matched[16][51],0.41435,0.41335
R100,signal_maps.mean_matched[16][52],0.4105,0.40975
R100,signal_maps.mean_matched[16][53],0.4073,0.40575
R100,signal_maps.mean_matched[16][54],0.4038,0.4026
R100,signal_maps.mean_matched[16][55],0.3999,0.39975
R100,signal_maps.mean_matched[16][56],0.3961,0.3968
R100,signal_maps.mean_matched[16][57],0.39285,0.39325
R100,signal_maps.mean_matched[16][59],0.38565,0.38535
R100,signal_maps.mean_matched[16][60],0.3816,0.38215
R100,signal_maps.mean_matched[17][0],0.60275,0.59555
R100,signal_maps.mean_matched[17][1],0.59955,0.5923
R100,signal_maps.mean_matched[17][2],0.5962,0.58895
R100,signal_maps.mean_matched[17][3],0.59185,0.58605
R100,signal_maps.mean_matched[17][4],0.5878,0.58245
R100,signal_maps.mean_matched[17][5],0.58445,0.5797
R100,signal_maps.mean_matched[17][6],0.5804,0.57725
R100,signal_maps.mean_matched[17][7],0.5772,0.5736
R100,signal_maps.mean_matched[17][8],0.57355,0.56985
R100,signal_maps.mean_matched[17][9],0.5706,0.5669
R100,signal_maps.mean_matched[17][10],0.56735,0.56385
R100,signal_maps.mean_matched[17][11],0.56435,0.56065
R100,signal_maps.mean_matched[17][12],0.5604,0.55705
R100,signal_maps.mean_matched[17][13],0.5567,0.5542
R100,signal_maps.mean_matched[17][14],0.5524,0.55055
R100,signal_maps.mean_matched[17][15],0.54925,0.54685
R100,signal_maps.mean_matched[17][16],0.5458,0.5435
R100,signal_maps.mean_matched[17][17],0.5421,0.5399
R100,signal_maps.mean_matched[17][18],0.53795,0.53545
R100,signal_maps.mean_matched[17][19],0.535,0.53225
R100,signal_maps.mean_matched[17][20],0.53105,0.5287
R100,signal_maps.mean_matched[17][21],0.52845,0.52515
R100,signal_maps.mean_matched[17][22],0.52485,0.5218
R100,signal_maps.mean_matched[17][23],0.5212,0.51835
R100,signal_maps.mean_matched[17][24],0.51715,0.5148
R100,signal_maps.mean_matched[17][25],0.5135,0.5114
R100,signal_maps.mean_matched[17][26],0.51035,0.5076
R100,signal_maps.mean_matched[17][27],0.50725,0.50425
R100,signal_maps.mean_matched[17][28],0.50375,0.50005
R100,signal_maps.mean_matched[17][29],0.4995,0.49665
R100,signal_maps.mean_matched[17][30],0.49545,0.49315
R100,signal_maps.mean_matched[17][31],0.49195,0.4895
R100,signal_maps.mean_matched[17][32],0.48825,0.48575
R100,signal_maps.mean_matched[17][33],0.4843,0.48145
R100,signal_maps.mean_matched[17][34],0.48075,0.47805
R100,signal_maps.mean_matched[17][35],0.47875,0.47585
R100,signal_maps.mean_matched[17][36],0.4733,0.4714
R100,signal_maps.mean_matched[17][37],0.46985,0.46835
R100,signal_maps.mean_matched[17][38],0.4659,0.4648
R100,signal_maps.mean_matched[17][39],0.46135,0.461
R100,signal_maps.mean_matched[17][40],0.4572,0.45795
R100,signal_maps.mean_matched[17][41],0.45425,0.4547
R100,signal_maps.mean_matched[17][42],0.45095,0.4513
R100,signal_maps.mean_matched[17][43],0.4466,0.44655
R100,signal_maps.mean_matched[17][44],0.4433,0.44295
R100,signal_maps.mean_matched[17][45],0.43915,0.4389
R100,signal_maps.mean_matched[17][46],0.43565,0.43585
R100,signal_maps.mean_matched[17][47],0.4316,0.43225
R100,signal_maps.mean_matched[17][48],0.42815,0.4287
R100,signal_maps.mean_matched[17][49],0.42415,0.4254
R100,signal_maps.mean_matched[17][50],0.4213,0.42125
R100,signal_maps.mean_matched[17][51],0.4179,0.418
R100,signal_maps.mean_matched[17][52],0.41475,0.4145
R100,signal_maps.mean_matched[17][53],0.4111,0.4104
R100,signal_maps.mean_matched[17][54],0.4077,0.4066
R100,signal_maps.mean_matched[17][55],0.40455,0.40345
R100,signal_maps.mean_matched[17][56],0.40075,0.4004
R100,signal_maps.mean_matched[17][57],0.39695,0.3974
R100,signal_maps.mean_matched[17][58],0.39325,0.3937
R100,signal_maps.mean_matched[17][59],0.39015,0.3902
R100,signal_maps.mean_matched[17][60],0.3865,0.38625
R100,signal_maps.mean_matched[18][0],0.6074,0.6005
R100,signal_maps.mean_matched[18][1],0.60405,0.59675
R100,signal_maps.mean_matched[18][2],0.60075,0.59335
R100,signal_maps.mean_matched[18][3],0.59705,0.58995
R100,signal_maps.mean_matched[18][4],0.5932,0.5868
R100,signal_maps.mean_matched[18][5],0.5888,0.58335
R100,signal_maps.mean_matched[18][6],0.5853,0.5799
R100,signal_maps.mean_matched[18][7],0.58145,0.5779
R100,signal_maps.mean_matched[18][8],0.57795,0.57445
R100,signal_maps.mean_matched[18][9],0.5743,0.57095
R100,signal_maps.mean_matched[18][10],0.57185,0.56775
R100,signal_maps.mean_matched[18][11],0.56835,0.5646
R100,signal_maps.mean_matched[18][12],0.56525,0.56125
R100,signal_maps.mean_matched[18][13],0.5615,0.558
R100,signal_maps.mean_matched[18][14],0.55775,0.55505
R100,signal_maps.mean_matched[18][15],0.55325,0.55135
R100,signal_maps.mean_matched[18][16],0.54985,0.54745
R100,signal_maps.mean_matched[18][17],0.5465,0.5445
R100,signal_maps.mean_matched[18][18],0.54305,0.54055
R100,signal_maps.mean_matched[18][19],0.5391,0.53655
R100,signal_maps.mean_matched[18][20],0.5354,0.533
R100,signal_maps.mean_matched[18][21],0.53215,0.52945
R100,signal_maps.mean_matched[18][22],0.52905,0.5259
R100,signal_maps.mean_matched[18][23],0.5259,0.5229
R100,signal_maps.mean_matched[18][24],0.5223,0.5191
R100,signal_maps.mean_matched[18][25],0.5181,0.5157
R100,signal_maps.mean_matched[18][26],0.51465,0.51205
R100,signal_maps.mean_matched[18][27],0.5114,0.50875
R100,signal_maps.mean_matched[18][28],0.508,0.50495
R100,signal_maps.mean_matched[18][29],0.50445,0.50095
R100,signal_maps.mean_matched[18][30],0.5003,0.49715
R100,signal_maps.mean_matched[18][31],0.49645,0.4941
R100,signal_maps.mean_matched[18][32],0.4927,0.49025
R100,signal_maps.mean_matched[18][33],0.48915,0.48655
R100,signal_maps.mean_matched[18][34],0.48545,0.48225
R100,signal_maps.mean_matched[18][35],0.4831,0.48045
R100,signal_maps.mean_matched[18][36],0.47765,0.4748
R100,signal_maps.mean_matched[18][37],0.4739,0.472
R100,signal_maps.mean_matched[18][38],0.4709,0.46875
R100,signal_maps.mean_matched[18][39],0.4668,0.46575
R100,signal_maps.mean_matched[18][40],0.463,0.46205
R100,signal_maps.mean_matched[18][41],0.45835,0.4586
R100,signal_maps.mean_matched[18][42],0.4551,0.4552
R100,signal_maps.mean_matched[18][43],0.4516,0.4522
R100,signal_maps.mean_matched[18][44],0.44765,0.4479
R100,signal_maps.mean_matched[18][45],0.44415,0.44365
R100,signal_maps.mean_matched[18][46],0.4401,0.43995
R100,signal_maps.mean_matched[18][47],0.4369,0.43645
R100,signal_maps.mean_matched[18][48],0.4328,0.43305
R100,signal_maps.mean_matched[18][49],0.42905,0.4293
R100,signal_maps.mean_matched[18][50],0.4249,0.42595
R100,signal_maps.mean_matched[18][51],0.422,0.42205
R100,signal_maps.mean_matched[18][52],0.4187,0.4186
R100,signal_maps.mean_matched[18][53],0.41555,0.41525
R100,signal_maps.mean_matched[18][54],0.41215,0.41125
R100,signal_maps.mean_matched[18][55],0.40865,0.40735
R100,signal_maps.mean_matched[18][56],0.4054,0.4039
R100,signal_maps.mean_matched[18][57],0.40155,0.401
R100,signal_maps.mean_matched[18][58],0.3979,0.3982
R100,signal_maps.mean_matched[18][59],0.3941,0.3945
R100,signal_maps.mean_matched[18][60],0.3908,0.391
R100,signal_maps.mean_matched[19][0],0.6115,0.60425
R100,signal_maps.mean_matched[19][1],0.6083,0.6014
R100,signal_maps.mean_matched[19][2],0.6047,0.59775
R100,signal_maps.mean_matched[19][3],0.60155,0.594
R100,signal_maps.mean_matched[19][4],0.5981,0.5906
R100,signal_maps.mean_matched[19][5],0.59405,0.5875
R100,signal_maps.mean_matched[19][6],0.5895,0.5845
R100,signal_maps.mean_matched[19][7],0.58615,0.5809
R100,signal_maps.mean_matched[19][8],0.58245,0.5786
R100,signal_maps.mean_matched[19][9],0.579,0.5752
R100,signal_maps.mean_matched[19][10],0.5752,0.572
R100,signal_maps.mean_matched[19][11],0.57255,0.56865
R100,signal_maps.mean_matched[19][12],0.5693,0.56515
R100,signal_maps.mean_matched[19][13],0.5661,0.5624
R100,signal_maps.mean_matched[19][14],0.5624,0.5586
R100,signal_maps.mean_matched[19][15],0.5585,0.55585
R100,signal_maps.mean_matched[19][16],0.55445,0.552
R100,signal_maps.mean_matched[19][17],0.55085,0.5485
R100,signal_maps.mean_matched[19][18],0.54765,0.54515
R100,signal_maps.mean_matched[19][19],0.54405,0.54145
R100,signal_maps.mean_matched[19][20],0.54005,0.5376
R100,signal_maps.mean_matched[19][21],0.53635,0.5336
R100,signal_maps.mean_matched[19][22],0.53285,0.5304
R100,signal_maps.mean_matched[19][23],0.52965,0.52685
R100,signal_maps.mean_matched[19][24],0.52675,0.5235
R100,signal_maps.mean_matched[19][25],0.52305,0.5198
R100,signal_maps.mean_matched[19][26],0.51925,0.51605
R100,signal_maps.mean_matched[19][27],0.51535,0.513
R100,signal_maps.mean_matched[19][28],0.51215,0.50935
R100,signal_maps.mean_matched[19][29],0.5087,0.5059
R100,signal_maps.mean_matched[19][30],0.5051,0.50225
R100,signal_maps.mean_matched[19][31],0.5015,0.4981
R100,signal_maps.mean_matched[19][32],0.4973,0.4949
R100,signal_maps.mean_matched[19][33],0.49335,0.4911
R100,signal_maps.mean_matched[19][34],0.48995,0.4875
R100,signal_maps.mean_matched[19][35],0.4879,0.4852
R100,signal_maps.mean_matched[19][36],0.48245,0.47995
R100,signal_maps.mean_matched[19][37],0.47835,0.476
R100,signal_maps.mean_matched[19][38],0.47475,0.47285
R100,signal_maps.mean_matched[19][39],0.4717,0.46965
R100,signal_maps.mean_matched[19][40],0.4675,0.4663
R100,signal_maps.mean_matched[19][41],0.46365,0.46265
R100,signal_maps.mean_matched[19][43],0.45565,0.4563
R100,signal_maps.mean_matched[19][44],0.45245,0.45275
R100,signal_maps.mean_matched[19][45],0.4486,0.44875
R100,signal_maps.mean_matched[19][46],0.4449,0.44455
R100,signal_maps.mean_matched[19][49],0.4338,0.43375
R100,signal_maps.mean_matched[19][50],0.42955,0.4302
R100,signal_maps.mean_matched[19][51],0.42575,0.42675
R100,signal_maps.mean_matched[19][52],0.4225,0.42295
R100,signal_maps.mean_matched[19][53],0.41975,0.4193
R100,signal_maps.mean_matched[19][54],0.4164,0.41585
R100,signal_maps.mean_matched[19][55],0.413,0.4122
R100,signal_maps.mean_matched[19][56],0.40945,0.408
R100,signal_maps.mean_matched[19][57],0.4064,0.40435
R100,signal_maps.mean_matched[19][58],0.40225,0.4015
R100,signal_maps.mean_matched[19][59],0.3985,0.3991
R100,signal_maps.mean_matched[19][60],0.3949,0.39495
R100,signal_maps.mean_matched[20][0],0.6154,0.60795
R100,signal_maps.mean_matched[20][1],0.6121,0.60505
R100,signal_maps.mean_matched[20][2],0.6093,0.6023
R100,signal_maps.mean_matched[20][3],0.606,0.59865
R100,signal_maps.mean_matched[20][4],0.60235,0.5949
R100,signal_maps.mean_matched[20][5],0.5991,0.59145
R100,signal_maps.mean_matched[20][6],0.59525,0.58835
R100,signal_maps.mean_matched[20][7],0.5905,0.58515
R100,signal_maps.mean_matched[20][8],0.58685,0.5817
R100,signal_maps.mean_matched[20][9],0.58335,0.57905
R100,signal_maps.mean_matched[20][10],0.57985,0.5759
R100,signal_maps.mean_matched[20][11],0.5764,0.5727
R100,signal_maps.mean_matched[20][12],0.5732,0.5694
R100,signal_maps.mean_matched[20][13],0.56985,0.5659
R100,signal_maps.mean_matched[20][14],0.5668,0.5632
R100,signal_maps.mean_matched[20][15],0.56325,0.5594
R100,signal_maps.mean_matched[20][16],0.5594,0.55665
R100,signal_maps.mean_matched[20][17],0.55545,0.55265
R100,signal_maps.mean_matched[20][18],0.55145,0.54915
R100,signal_maps.mean_matched[20][19],0.54865,0.54605
R100,signal_maps.mean_matched[20][20],0.54475,0.5427
R100,signal_maps.mean_matched[20][21],0.541,0.5385
R100,signal_maps.mean_matched[20][22],0.53725,0.5344
R100,signal_maps.mean_matched[20][23],0.53385,0.53145
R100,signal_maps.mean_matched[20][24],0.5303,0.5275
R100,signal_maps.mean_matched[20][25],0.5276,0.5242
R100,signal_maps.mean_matched[20][26],0.524,0.52045
R100,signal_maps.mean_matched[20][27],0.5201,0.51725
R100,signal_maps.mean_matched[20][28],0.51615,0.51365
R100,signal_maps.mean_matched[20][29],0.5129,0.5102
R100,signal_maps.mean_matched[20][30],0.50965,0.50655
R100,signal_maps.mean_matched[20][31],0.50615,0.50305
R100,signal_maps.mean_matched[20][32],0.50215,0.4988
R100,signal_maps.mean_matched[20][33],0.49855,0.496
R100,signal_maps.mean_matched[20][34],0.4943,0.4918
R100,signal_maps.mean_matched[20][35],0.49255,0.4899
R100,signal_maps.mean_matched[20][36],0.4872,0.48435
R100,signal_maps.mean_matched[20][37],0.4835,0.4809
R100,signal_maps.mean_matched[20][38],0.4792,0.477
R100,signal_maps.mean_matched[20][39],0.47595,0.47375
R100,signal_maps.mean_matched[20][40],0.47245,0.4705
R100,signal_maps.mean_matched[20][41],0.46875,0.46705
R100,signal_maps.mean_matched[20][42],0.4645,0.46355
R100,signal_maps.mean_matched[20][43],0.46,0.45975
R100,signal_maps.mean_matched[20][44],0.45625,0.4569
R100,signal_maps.mean_matched[20][45],0.45325,0.4532
R100,signal_maps.mean_matched[20][46],0.44935,0.4494
R100,signal_maps.mean_matched[20][47],0.44535,0.44525
R100,signal_maps.mean_matched[20][48],0.4419,0.4413
R100,signal_maps.mean_matched[20][50],0.4347,0.43475
R100,signal_maps.mean_matched[20][51],0.4301,0.431
R100,signal_maps.mean_matched[20][52],0.427,0.4276
R100,signal_maps.mean_matched[20][53],0.42325,0.4238
R100,signal_maps.mean_matched[20][54],0.4203,0.4197
R100,signal_maps.mean_matched[20][55],0.41695,0.4167
R100,signal_maps.mean_matched[20][56],0.4137,0.41295
R100,signal_maps.mean_matched[20][57],0.4101,0.409
R100,signal_maps.mean_matched[20][58],0.4071,0.40525
R100,signal_maps.mean_matched[20][59],0.40315,0.4023
R100,signal_maps.mean_matched[20][60],0.39925,0.39945
R100,signal_maps.mean_matched[21][0],0.61925,0.61195
R100,signal_maps.mean_matched[21][1],0.6164,0.60865
R100,signal_maps.mean_matched[21][2],0.6127,0.6056
R100,signal_maps.mean_matched[21][3],0.61025,0.60295
R100,signal_maps.mean_matched[21][4],0.60665,0.59975
R100,signal_maps.mean_matched[21][5],0.60325,0.5956
R100,signal_maps.mean_matched[21][6],0.59965,0.5922
R100,signal_maps.mean_matched[21][7],0.596,0.58895
R100,signal_maps.mean_matched[21][8],0.59135,0.58585
R100,signal_maps.mean_matched[21][9],0.5881,0.58255
R100,signal_maps.mean_matched[21][10],0.58445,0.5799
R100,signal_maps.mean_matched[21][11],0.58045,0.57655
R100,signal_maps.mean_matched[21][12],0.5772,0.5734
R100,signal_maps.mean_matched[21][13],0.57385,0.5702
R100,signal_maps.mean_matched[21][14],0.57035,0.567
R100,signal_maps.mean_matched[21][15],0.56775,0.5639
R100,signal_maps.mean_matched[21][16],0.56415,0.56025
R100,signal_maps.mean_matched[21][17],0.5604,0.5574
R100,signal_maps.mean_matched[21][18],0.55625,0.5539
R100,signal_maps.mean_matched[21][19],0.5521,0.5503
R100,signal_maps.mean_matched[21][20],0.54925,0.5466
R100,signal_maps.mean_matched[21][21],0.5457,0.5434
R100,signal_maps.mean_matched[21][22],0.54165,0.5397
R100,signal_maps.mean_matched[21][23],0.53805,0.53515
R100,signal_maps.mean_matched[21][24],0.53455,0.5321
R100,signal_maps.mean_matched[21][25],0.5309,0.5284
R100,signal_maps.mean_matched[21][26],0.52825,0.52485
R100,signal_maps.mean_matched[21][27],0.52495,0.52115
R100,signal_maps.mean_matched[21][28],0.521,0.51815
R100,signal_maps.mean_matched[21][29],0.51705,0.51435
R100,signal_maps.mean_matched[21][30],0.51375,0.5109
R100,signal_maps.mean_matched[21][31],0.5104,0.5075
R100,signal_maps.mean_matched[21][32],0.50685,0.5038
R100,signal_maps.mean_matched[21][33],0.5033,0.49985
R100,signal_maps.mean_matched[21][34],0.49935,0.4965
R100,signal_maps.mean_matched[21][35],0.4969,0.4947
R100,signal_maps.mean_matched[21][36],0.49165,0.489
R100,signal_maps.mean_matched[21][37],0.4879,0.485
R100,signal_maps.mean_matched[21][38],0.484,0.48155
R100,signal_maps.mean_matched[21][39],0.4801,0.47795
R100,signal_maps.mean_matched[21][40],0.4765,0.47445
R100,signal_maps.mean_matched[21][41],0.47295,0.47135
R100,signal_maps.mean_matched[21][42],0.46925,0.4682
R100,signal_maps.mean_matched[21][43],0.4656,0.4639
R100,signal_maps.mean_matched[21][44],0.46105,0.46085
R100,signal_maps.mean_matched[21][45],0.457,0.45725
R100,signal_maps.mean_matched[21][46],0.45375,0.45415
R100,signal_maps.mean_matched[21][47],0.4502,0.45035
R100,signal_maps.mean_matched[21][48],0.4463,0.44615
R100,signal_maps.mean_matched[21][49],0.4427,0.4424
R100,signal_maps.mean_matched[21][50],0.43845,0.43835
R100,signal_maps.mean_matched[21][51],0.4354,0.43545
R100,signal_maps.mean_matched[21][52],0.4313,0.43175
R100,signal_maps.mean_matched[21][53],0.4277,0.42835
R100,signal_maps.mean_matched[21][54],0.42405,0.42445
R100,signal_maps.mean_matched[21][55],0.42095,0.42045
R100,signal_maps.mean_matched[21][56],0.4176,0.4178
R100,signal_maps.mean_matched[21][57],0.41465,0.41365
R100,signal_maps.mean_matched[21][58],0.41085,0.41025
R100,signal_maps.mean_matched[21][59],0.40765,0.4061
R100,signal_maps.mean_matched[21][60],0.4037,0.403
R100,signal_maps.mean_matched[22][0],0.6234,0.61625
R100,signal_maps.mean_matched[22][1],0.61965,0.61265
R100,signal_maps.mean_matched[22][2],0.61725,0.6096
R100,signal_maps.mean_matched[22][3],0.61365,0.6065
R100,signal_maps.mean_matched[22][4],0.6111,0.6034
R100,signal_maps.mean_matched[22][5],0.6075,0.60055
R100,signal_maps.mean_matched[22][6],0.60375,0.5966
R100,signal_maps.mean_matched[22][7],0.60075,0.59275
R100,signal_maps.mean_matched[22][8],0.59695,0.58985
R100,signal_maps.mean_matched[22][9],0.59255,0.58685
R100,signal_maps.mean_matched[22][10],0.5889,0.58315
R100,signal_maps.mean_matched[22][11],0.5853,0.58045
R100,signal_maps.mean_matched[22][12],0.58135,0.57785
R100,signal_maps.mean_matched[22][13],0.5779,0.5742
R100,signal_maps.mean_matched[22][14],0.57435,0.5707
R100,signal_maps.mean_matched[22][15],0.57135,0.56755
R100,signal_maps.mean_matched[22][16],0.56805,0.5645
R100,signal_maps.mean_matched[22][17],0.5648,0.5612
R100,signal_maps.mean_matched[22][18],0.56145,0.55815
R100,signal_maps.mean_matched[22][19],0.55735,0.55475
R100,signal_maps.mean_matched[22][20],0.5528,0.55105
R100,signal_maps.mean_matched[22][21],0.55005,0.5475
R100,signal_maps.mean_matched[22][22],0.54615,0.5442
R100,signal_maps.mean_matched[22][23],0.54295,0.54055
R100,signal_maps.mean_matched[22][24],0.53855,0.53605
R100,signal_maps.mean_matched[22][25],0.53555,0.53295
R100,signal_maps.mean_matched[22][26],0.53195,0.5294
R100,signal_maps.mean_matched[22][27],0.529,0.52575
R100,signal_maps.mean_matched[22][28],0.5257,0.5225
R100,signal_maps.mean_matched[22][29],0.52195,0.5191
R100,signal_maps.mean_matched[22][30],0.51815,0.5154
R100,signal_maps.mean_matched[22][31],0.51435,0.51195
R100,signal_maps.mean_matched[22][32],0.51115,0.50825
R100,signal_maps.mean_matched[22][33],0.5079,0.50455
R100,signal_maps.mean_matched[22][34],0.5041,0.5006
R100,signal_maps.mean_matched[22][35],0.502,0.4983
R100,signal_maps.mean_matched[22][36],0.49585,0.49395
R100,signal_maps.mean_matched[22][37],0.49245,0.48985
R100,signal_maps.mean_matched[22][38],0.48855,0.4861
R100,signal_maps.mean_matched[22][39],0.48495,0.48215
R100,signal_maps.mean_matched[22][40],0.4812,0.4786
R100,signal_maps.mean_matched[22][41],0.4772,0.4748
R100,signal_maps.mean_matched[22][42],0.47375,0.47215
R100,signal_maps.mean_matched[22][43],0.47,0.46895
R100,signal_maps.mean_matched[22][44],0.4664,0.46495
R100,signal_maps.mean_matched[22][45],0.462,0.46165
R100,signal_maps.mean_matched[22][46],0.45775,0.45855
R100,signal_maps.mean_matched[22][47],0.45445,0.45515
R100,signal_maps.mean_matched[22][48],0.45105,0.45145
R100,signal_maps.mean_matched[22][49],0.4469,0.44705
R100,signal_maps.mean_matched[22][50],0.4435,0.44345
R100,signal_maps.mean_matched[22][51],0.43915,0.43935
R100,signal_maps.mean_matched[22][52],0.43645,0.43605
R100,signal_maps.mean_matched[22][53],0.4322,0.43245
R100,signal_maps.mean_matched[22][54],0.42845,0.4288
R100,signal_maps.mean_matched[22][55],0.42465,0.42525
R100,signal_maps.mean_matched[22][56],0.42175,0.42155
R100,signal_maps.mean_matched[22][58],0.4156,0.4145
R100,signal_maps.mean_matched[22][59],0.41185,0.41075
R100,signal_maps.mean_matched[22][60],0.40805,0.40685
R100,signal_maps.mean_matched[23][0],0.6274,0.62105
R100,signal_maps.mean_matched[23][1],0.62425,0.61735
R100,signal_maps.mean_matched[23][2],0.6204,0.6138
R100,signal_maps.mean_matched[23][3],0.618,0.6105
R100,signal_maps.mean_matched[23][4],0.6145,0.60755
R100,signal_maps.mean_matched[23][5],0.6116,0.60435
R100,signal_maps.mean_matched[23][6],0.6084,0.6014
R100,signal_maps.mean_matched[23][7],0.60455,0.5976
R100,signal_maps.mean_matched[23][8],0.60145,0.5938
R100,signal_maps.mean_matched[23][9],0.59795,0.59075
R100,signal_maps.mean_matched[23][10],0.59375,0.58755
R100,signal_maps.mean_matched[23][11],0.5896,0.58395
R100,signal_maps.mean_matched[23][12],0.5862,0.58115
R100,signal_maps.mean_matched[23][13],0.58235,0.5787
R100,signal_maps.mean_matched[23][14],0.5788,0.57505
R100,signal_maps.mean_matched[23][15],0.5752,0.5715
R100,signal_maps.mean_matched[23][16],0.5724,0.56815
R100,signal_maps.mean_matched[23][17],0.56905,0.56505
R100,signal_maps.mean_matched[23][18],0.56565,0.56225
R100,signal_maps.mean_matched[23][19],0.562,0.5591
R100,signal_maps.mean_matched[23][20],0.55825,0.55545
R100,signal_maps.mean_matched[23][21],0.55385,0.55205
R100,signal_maps.mean_matched[23][22],0.5507,0.54825
R100,signal_maps.mean_matched[23][23],0.5473,0.54515
R100,signal_maps.mean_matched[23][24],0.54375,0.54145
R100,signal_maps.mean_matched[23][25],0.5395,0.53695
R100,signal_maps.mean_matched[23][26],0.5362,0.5337
R100,signal_maps.mean_matched[23][27],0.53275,0.53025
R100,signal_maps.mean_matched[23][28],0.52995,0.5266
R100,signal_maps.mean_matched[23][29],0.5267,0.5231
R100,signal_maps.mean_matched[23][30],0.52265,0.51965
R100,signal_maps.mean_matched[23][31],0.51885,0.51615
R100,signal_maps.mean_matched[23][32],0.515,0.5128
R100,signal_maps.mean_matched[23][33],0.51185,0.50905
R100,signal_maps.mean_matched[23][34],0.50855,0.50575
R100,signal_maps.mean_matched[23][35],0.5068,0.50335
R100,signal_maps.mean_matched[23][36],0.5008,0.49765
R100,signal_maps.mean_matched[23][37],0.49705,0.4945
R100,signal_maps.mean_matched[23][38],0.493,0.4905
R100,signal_maps.mean_matched[23][39],0.48955,0.48675
R100,signal_maps.mean_matched[23][40],0.48585,0.48295
R100,signal_maps.mean_matched[23][41],0.4821,0.47955
R100,signal_maps.mean_matched[23][42],0.4779,0.4755
R100,signal_maps.mean_matched[23][43],0.4744,0.4727
R100,signal_maps.mean_matched[23][44],0.47075,0.4698
R100,signal_maps.mean_matched[23][45],0.467,0.4659
R100,signal_maps.mean_matched[23][46],0.46295,0.46235
R100,signal_maps.mean_matched[23][47],0.4586,0.4593
R100,signal_maps.mean_matched[23][48],0.45515,0.4559
R100,signal_maps.mean_matched[23][49],0.45185,0.4526
R100,signal_maps.mean_matched[23][50],0.44765,0.44795
R100,signal_maps.mean_matched[23][51],0.4441,0.44405
R100,signal_maps.mean_matched[23][52],0.4402,0.4403
R100,signal_maps.mean_matched[23][53],0.43735,0.43665
R100,signal_maps.mean_matched[23][54],0.4331,0.43315
R100,signal_maps.mean_matched[23][55],0.4289,0.4296
R100,signal_maps.mean_matched[23][56],0.42545,0.4259
R100,signal_maps.mean_matched[23][57],0.4224,0.42215
R100,signal_maps.mean_matched[23][59],0.41595,0.4154
R100,signal_maps.mean_matched[23][60],0.41245,0.41175
R100,signal_maps.mean_matched[24][0],0.63155,0.62545
R100,signal_maps.mean_matched[24][1],0.6288,0.62205
R100,signal_maps.mean_matched[24][2],0.62495,0.6183
R100,signal_maps.mean_matched[24][3],0.6215,0.6148
R100,signal_maps.mean_matched[24][4],0.6186,0.61105
R100,signal_maps.mean_matched[24][5],0.6153,0.60825
R100,signal_maps.mean_matched[24][6],0.6126,0.60525
R100,signal_maps.mean_matched[24][7],0.6093,0.60195
R100,signal_maps.mean_matched[24][8],0.60535,0.59875
R100,signal_maps.mean_matched[24][9],0.6023,0.59505
R100,signal_maps.mean_matched[24][10],0.5988,0.5919
R100,signal_maps.mean_matched[24][11],0.59475,0.5884
R100,signal_maps.mean_matched[24][12],0.59065,0.58505
R100,signal_maps.mean_matched[24][13],0.587,0.58185
R100,signal_maps.mean_matched[24][14],0.58345,0.5796
R100,signal_maps.mean_matched[24][15],0.5798,0.57615
R100,signal_maps.mean_matched[24][16],0.5757,0.5727
R100,signal_maps.mean_matched[24][17],0.5734,0.5692
R100,signal_maps.mean_matched[24][18],0.5697,0.566
R100,signal_maps.mean_matched[24][19],0.56655,0.5629
R100,signal_maps.mean_matched[24][20],0.5629,0.55955
R100,signal_maps.mean_matched[24][21],0.55925,0.55665
R100,signal_maps.mean_matched[24][22],0.55485,0.5528
R100,signal_maps.mean_matched[24][23],0.55105,0.54895
R100,signal_maps.mean_matched[24][24],0.54805,0.5457
R100,signal_maps.mean_matched[24][25],0.5444,0.54215
R100,signal_maps.mean_matched[24][26],0.54035,0.5381
R100,signal_maps.mean_matched[24][27],0.53705,0.5345
R100,signal_maps.mean_matched[24][28],0.5335,0.53105
R100,signal_maps.mean_matched[24][29],0.53045,0.5277
R100,signal_maps.mean_matched[24][30],0.5274,0.524
R100,signal_maps.mean_matched[24][31],0.52375,0.5201
R100,signal_maps.mean_matched[24][32],0.5193,0.5168
R100,signal_maps.mean_matched[24][33],0.5158,0.51345
R100,signal_maps.mean_matched[24][34],0.51265,0.51005
R100,signal_maps.mean_matched[24][35],0.51095,0.50805
R100,signal_maps.mean_matched[24][36],0.506,0.5023
R100,signal_maps.mean_matched[24][37],0.5019,0.4985
R100,signal_maps.mean_matched[24][38],0.49795,0.4951
R100,signal_maps.mean_matched[24][39],0.49395,0.4914
R100,signal_maps.mean_matched[24][40],0.49025,0.48745
R100,signal_maps.mean_matched[24][41],0.4867,0.48355
R100,signal_maps.mean_matched[24][42],0.483,0.4804
R100,signal_maps.mean_matched[24][43],0.47855,0.47615
R100,signal_maps.mean_matched[24][44],0.475,0.4732
R100,signal_maps.mean_matched[24][45],0.4719,0.47025
R100,signal_maps.mean_matched[24][46],0.4676,0.467
R100,signal_maps.mean_matched[24][47],0.464,0.4633
R100,signal_maps.mean_matched[24][48],0.4596,0.4598
R100,signal_maps.mean_matched[24][49],0.45615,0.4565
R100,signal_maps.mean_matched[24][50],0.4526,0.45325
R100,signal_maps.mean_matched[24][51],0.44835,0.44915
R100,signal_maps.mean_matched[24][52],0.44515,0.44485
R100,signal_maps.mean_matched[24][53],0.441,0.4413
R100,signal_maps.mean_matched[24][54],0.43795,0.4375
R100,signal_maps.mean_matched[24][55],0.43385,0.4339
R100,signal_maps.mean_matched[24][57],0.4261,0.4266
R100,signal_maps.mean_matched[24][58],0.42305,0.42295
R100,signal_maps.mean_matched[24][59],0.41985,0.4197
R100,signal_maps.mean_matched[24][60],0.41665,0.41585
R100,signal_maps.mean_matched[25][0],0.6353,0.6295
R100,signal_maps.mean_matched[25][1],0.63245,0.62605
R100,signal_maps.mean_matched[25][2],0.62945,0.62295
R100,signal_maps.mean_matched[25][3],0.62585,0.61915
R100,signal_maps.mean_matched[25][4],0.6225,0.61585
R100,signal_maps.mean_matched[25][5],0.61925,0.61195
R100,signal_maps.mean_matched[25][6],0.61615,0.60905
R100,signal_maps.mean_matched[25][7],0.61345,0.6063
R100,signal_maps.mean_matched[25][8],0.6101,0.603
R100,signal_maps.mean_matched[25][9],0.60645,0.59955
R100,signal_maps.mean_matched[25][10],0.60325,0.59605
R100,signal_maps.mean_matched[25][11],0.5996,0.59225
R100,signal_maps.mean_matched[25][12],0.596,0.58925
R100,signal_maps.mean_matched[25][13],0.59135,0.58605
R100,signal_maps.mean_matched[25][14],0.5879,0.5822
R100,signal_maps.mean_matched[25][15],0.58455,0.5803
R100,signal_maps.mean_matched[25][16],0.5811,0.57695
R100,signal_maps.mean_matched[25][17],0.57705,0.57345
R100,signal_maps.mean_matched[25][18],0.57405,0.57015
R100,signal_maps.mean_matched[25][19],0.57075,0.56665
R100,signal_maps.mean_matched[25][20],0.56785,0.5638
R100,signal_maps.mean_matched[25][21],0.5641,0.5603
R100,signal_maps.mean_matched[25][22],0.5601,0.55755
R100,signal_maps.mean_matched[25][23],0.55595,0.55355
R100,signal_maps.mean_matched[25][24],0.552,0.5498
R100,signal_maps.mean_matched[25][25],0.5488,0.54635
R100,signal_maps.mean_matched[25][26],0.54525,0.5432
R100,signal_maps.mean_matched[25][27],0.54115,0.5391
R100,signal_maps.mean_matched[25][28],0.5377,0.53535
R100,signal_maps.mean_matched[25][29],0.5341,0.53195
R100,signal_maps.mean_matched[25][30],0.5308,0.5281
R100,signal_maps.mean_matched[25][31],0.52795,0.5249
R100,signal_maps.mean_matched[25][32],0.52465,0.52125
R100,signal_maps.mean_matched[25][33],0.5205,0.5178
R100,signal_maps.mean_matched[25][34],0.51685,0.5142
R100,signal_maps.mean_matched[25][35],0.51495,0.51275
R100,signal_maps.mean_matched[25][36],0.5099,0.50725
R100,signal_maps.mean_matched[25][37],0.50665,0.5031
R100,signal_maps.mean_matched[25][38],0.5029,0.49915
R100,signal_maps.mean_matched[25][39],0.4989,0.49585
R100,signal_maps.mean_matched[25][40],0.4951,0.4924
R100,signal_maps.mean_matched[25][41],0.4912,0.48835
R100,signal_maps.mean_matched[25][42],0.48705,0.48415
R100,signal_maps.mean_matched[25][43],0.48385,0.4812
R100,signal_maps.mean_matched[25][44],0.47935,0.4771
R100,signal_maps.mean_matched[25][45],0.4759,0.4738
R100,signal_maps.mean_matched[25][46],0.47275,0.4711
R100,signal_maps.mean_matched[25][47],0.4685,0.46755
R100,signal_maps.mean_matched[25][48],0.4649,0.46395
R100,signal_maps.mean_matched[25][49],0.46025,0.4603
R100,signal_maps.mean_matched[25][50],0.45665,0.4573
R100,signal_maps.mean_matched[25][51],0.45335,0.4538
R100,signal_maps.mean_matched[25][52],0.44935,0.44995
R100,signal_maps.mean_matched[25][53],0.44545,0.44575
R100,signal_maps.mean_matched[25][54],0.4417,0.44205
R100,signal_maps.mean_matched[25][55],0.43835,0.4386
R100,signal_maps.mean_matched[25][56],0.4349,0.43495
R100,signal_maps.mean_matched[25][57],0.4309,0.43125
R100,signal_maps.mean_matched[25][58],0.4268,0.4276
R100,signal_maps.mean_matched[25][60],0.42075,0.4202
R100,signal_maps.mean_matched[26][0],0.639,0.6337
R100,signal_maps.mean_matched[26][1],0.63605,0.6301
R100,signal_maps.mean_matched[26][2],0.6332,0.62685
R100,signal_maps.mean_matched[26][3],0.6303,0.62385
R100,signal_maps.mean_matched[26][4],0.6265,0.62045
R100,signal_maps.mean_matched[26][5],0.62335,0.6168
R100,signal_maps.mean_matched[26][6],0.6197,0.6127
R100,signal_maps.mean_matched[26][7],0.6169,0.60995
R100,signal_maps.mean_matched[26][8],0.614,0.60705
R100,signal_maps.mean_matched[26][9],0.611,0.6039
R100,signal_maps.mean_matched[26][10],0.60755,0.6005
R100,signal_maps.mean_matched[26][11],0.60405,0.597
R100,signal_maps.mean_matched[26][12],0.60035,0.59305
R100,signal_maps.mean_matched[26][13],0.5968,0.5897
R100,signal_maps.mean_matched[26][14],0.59215,0.5868
R100,signal_maps.mean_matched[26][15],0.5888,0.58295
R100,signal_maps.mean_matched[26][16],0.58545,0.5807
R100,signal_maps.mean_matched[26][17],0.58175,0.57755
R100,signal_maps.mean_matched[26][18],0.57795,0.5745
R100,signal_maps.mean_matched[26][19],0.57465,0.571
R100,signal_maps.mean_matched[26][20],0.57145,0.5675
R100,signal_maps.mean_matched[26][21],0.5685,0.56425
R100,signal_maps.mean_matched[26][22],0.5647,0.5611
R100,signal_maps.mean_matched[26][23],0.56145,0.55845
R100,signal_maps.mean_matched[26][24],0.55685,0.55455
R100,signal_maps.mean_matched[26][25],0.55285,0.55065
R100,signal_maps.mean_matched[26][26],0.54955,0.5474
R100,signal_maps.mean_matched[26][27],0.54615,0.5441
R100,signal_maps.mean_matched[26][28],0.5423,0.5401
R100,signal_maps.mean_matched[26][29],0.53855,0.5361
R100,signal_maps.mean_matched[26][30],0.5351,0.53295
R100,signal_maps.mean_matched[26][31],0.53155,0.5292
R100,signal_maps.mean_matched[26][32],0.5286,0.526
R100,signal_maps.mean_matched[26][33],0.5258,0.52195
R100,signal_maps.mean_matched[26][34],0.52165,0.51865
R100,signal_maps.mean_matched[26][35],0.51945,0.5167
R100,signal_maps.mean_matched[26][36],0.5145,0.51145
R100,signal_maps.mean_matched[26][37],0.51065,0.50825
R100,signal_maps.mean_matched[26][38],0.5074,0.5041
R100,signal_maps.mean_matched[26][39],0.5035,0.49995
R100,signal_maps.mean_matched[26][40],0.4998,0.4971
R100,signal_maps.mean_matched[26][41],0.4956,0.49315
R100,signal_maps.mean_matched[26][42],0.49195,0.48925
R100,signal_maps.mean_matched[26][43],0.4882,0.48495
R100,signal_maps.mean_matched[26][44],0.4847,0.4821
R100,signal_maps.mean_matched[26][45],0.48055,0.4783
R100,signal_maps.mean_matched[26][46],0.47655,0.4747
R100,signal_maps.mean_matched[26][47],0.47355,0.47165
R100,signal_maps.mean_matched[26][48],0.4696,0.46835
R100,signal_maps.mean_matched[26][49],0.4655,0.4646
R100,signal_maps.mean_matched[26][50],0.46115,0.461
R100,signal_maps.mean_matched[26][51],0.4574,0.4579
R100,signal_maps.mean_matched[26][52],0.45425,0.45445
R100,signal_maps.mean_matched[26][53],0.4501,0.4509
R100,signal_maps.mean_matched[26][54],0.4462,0.44655
R100,signal_maps.mean_matched[26][55],0.4428,0.44275
R100,signal_maps.mean_matched[26][56],0.43895,0.43925
R100,signal_maps.mean_matched[26][57],0.43575,0.4357
R100,signal_maps.mean_matched[26][58],0.43155,0.43185
R100,signal_maps.mean_matched[26][59],0.42785,0.4284
R100,signal_maps.mean_matched[26][60],0.4241,0.42425
R100,signal_maps.mean_matched[27][0],0.64315,0.6374
R100,signal_maps.mean_matched[27][1],0.6402,0.6344
R100,signal_maps.mean_matched[27][2],0.6367,0.63095
R100,signal_maps.mean_matched[27][3],0.63385,0.62765
R100,signal_maps.mean_matched[27][4],0.63085,0.6247
R100,signal_maps.mean_matched[27][5],0.62745,0.6213
R100,signal_maps.mean_matched[27][6],0.62425,0.61765
R100,signal_maps.mean_matched[27][7],0.6205,0.6139
R100,signal_maps.mean_matched[27][8],0.61775,0.6105
R100,signal_maps.mean_matched[27][9],0.6144,0.60795
R100,signal_maps.mean_matched[27][10],0.61195,0.60455
R100,signal_maps.mean_matched[27][11],0.60855,0.6014
R100,signal_maps.mean_matched[27][12],0.60485,0.59765
R100,signal_maps.mean_matched[27][13],0.60135,0.5937
R100,signal_maps.mean_matched[27][14],0.5975,0.5904
R100,signal_maps.mean_matched[27][15],0.5933,0.58735
R100,signal_maps.mean_matched[27][16],0.5897,0.5839
R100,signal_maps.mean_matched[27][17],0.586,0.58125
R100,signal_maps.mean_matched[27][18],0.5823,0.57835
R100,signal_maps.mean_matched[27][19],0.57905,0.5753
R100,signal_maps.mean_matched[27][20],0.57525,0.57175
R100,signal_maps.mean_matched[27][21],0.57225,0.5681
R100,signal_maps.mean_matched[27][22],0.56935,0.5647
R100,signal_maps.mean_matched[27][23],0.56565,0.5617
R100,signal_maps.mean_matched[27][24],0.5622,0.559
R100,signal_maps.mean_matched[27][25],0.5576,0.5554
R100,signal_maps.mean_matched[27][26],0.55355,0.5518
R100,signal_maps.mean_matched[27][27],0.55045,0.54805
R100,signal_maps.mean_matched[27][28],0.54685,0.5446
R100,signal_maps.mean_matched[27][29],0.5432,0.54065
R100,signal_maps.mean_matched[27][30],0.5392,0.53675
R100,signal_maps.mean_matched[27][31],0.53575,0.53365
R100,signal_maps.mean_matched[27][32],0.53215,0.53035
R100,signal_maps.mean_matched[27][33],0.52945,0.52665
R100,signal_maps.mean_matched[27][34],0.52645,0.523
R100,signal_maps.mean_matched[27][35],0.52445,0.521
R100,signal_maps.mean_matched[27][36],0.5185,0.5157
R100,signal_maps.mean_matched[27][37],0.5152,0.5125
R100,signal_maps.mean_matched[27][38],0.51195,0.50915
R100,signal_maps.mean_matched[27][39],0.5084,0.5055
R100,signal_maps.mean_matched[27][40],0.5046,0.50105
R100,signal_maps.mean_matched[27][41],0.5009,0.4978
R100,signal_maps.mean_matched[27][42],0.4964,0.494
R100,signal_maps.mean_matched[27][43],0.49315,0.49005
R100,signal_maps.mean_matched[27][44],0.48895,0.48575
R100,signal_maps.mean_matched[27][45],0.485,0.48265
R100,signal_maps.mean_matched[27][46],0.4813,0.47915
R100,signal_maps.mean_matched[27][47],0.4775,0.47535
R100,signal_maps.mean_matched[27][48],0.4741,0.47215
R100,signal_maps.mean_matched[27][49],0.47025,0.46935
R100,signal_maps.mean_matched[27][50],0.46635,0.4652
R100,signal_maps.mean_matched[27][51],0.46195,0.46175
R100,signal_maps.mean_matched[27][52],0.458,0.4587
R100,signal_maps.mean_matched[27][53],0.45515,0.4553
R100,signal_maps.mean_matched[27][54],0.45105,0.4518
R100,signal_maps.mean_matched[27][55],0.4469,0.4474
R100,signal_maps.mean_matched[27][56],0.4434,0.44355
R100,signal_maps.mean_matched[27][57],0.43945,0.4398
R100,signal_maps.mean_matched[27][58],0.4366,0.43655
R100,signal_maps.mean_matched[27][59],0.4322,0.43245
R100,signal_maps.mean_matched[27][60],0.42855,0.4293
R100,signal_maps.mean_matched[28][0],0.64795,0.6412
R100,signal_maps.mean_matched[28][1],0.64415,0.63825
R100,signal_maps.mean_matched[28][2],0.6409,0.6351
R100,signal_maps.mean_matched[28][3],0.63745,0.63185
R100,signal_maps.mean_matched[28][4],0.63485,0.62845
R100,signal_maps.mean_matched[28][5],0.6315,0.6255
R100,signal_maps.mean_matched[28][6],0.62825,0.6222
R100,signal_maps.mean_matched[28][7],0.62515,0.6184
R100,signal_maps.mean_matched[28][8],0.62125,0.6148
R100,signal_maps.mean_matched[28][9],0.61865,0.6116
R100,signal_maps.mean_matched[28][10],0.61505,0.6085
R100,signal_maps.mean_matched[28][11],0.61295,0.60555
R100,signal_maps.mean_matched[28][12],0.60935,0.60225
R100,signal_maps.mean_matched[28][13],0.60535,0.5983
R100,signal_maps.mean_matched[28][14],0.6024,0.5947
R100,signal_maps.mean_matched[28][15],0.5983,0.5914
R100,signal_maps.mean_matched[28][16],0.59435,0.5884
R100,signal_maps.mean_matched[28][17],0.59045,0.5848
R100,signal_maps.mean_matched[28][18],0.58705,0.58165
R100,signal_maps.mean_matched[28][19],0.58315,0.57915
R100,signal_maps.mean_matched[28][20],0.57985,0.5759
R100,signal_maps.mean_matched[28][21],0.57615,0.57275
R100,signal_maps.mean_matched[28][22],0.5729,0.569
R100,signal_maps.mean_matched[28][23],0.5698,0.56565
R100,signal_maps.mean_matched[28][24],0.5666,0.56245
R100,signal_maps.mean_matched[28][25],0.56315,0.5597
R100,signal_maps.mean_matched[28][26],0.5588,0.55635
R100,signal_maps.mean_matched[28][27],0.5541,0.55255
R100,signal_maps.mean_matched[28][28],0.5512,0.549
R100,signal_maps.mean_matched[28][29],0.54755,0.54545
R100,signal_maps.mean_matched[28][30],0.54435,0.5418
R100,signal_maps.mean_matched[28][31],0.5396,0.5374
R100,signal_maps.mean_matched[28][32],0.5364,0.53435
R100,signal_maps.mean_matched[28][33],0.533,0.53105
R100,signal_maps.mean_matched[28][34],0.52995,0.5275
R100,signal_maps.mean_matched[28][35],0.52825,0.52565
R100,signal_maps.mean_matched[28][36],0.5232,0.5202
R100,signal_maps.mean_matched[28][37],0.5193,0.51685
R100,signal_maps.mean_matched[28][38],0.51575,0.5135
R100,signal_maps.mean_matched[28][39],0.5125,0.5097
R100,signal_maps.mean_matched[28][40],0.50915,0.5063
R100,signal_maps.mean_matched[28][41],0.5053,0.5022
R100,signal_maps.mean_matched[28][42],0.5016,0.4983
R100,signal_maps.mean_matched[28][43],0.49735,0.4949
R100,signal_maps.mean_matched[28][44],0.4937,0.49105
R100,signal_maps.mean_matched[28][45],0.49,0.48675
R100,signal_maps.mean_matched[28][46],0.48585,0.4831
R100,signal_maps.mean_matched[28][47],0.4825,0.47965
R100,signal_maps.mean_matched[28][48],0.4782,0.47605
R100,signal_maps.mean_matched[28][49],0.4748,0.4729
R100,signal_maps.mean_matched[28][50],0.47125,0.4699
R100,signal_maps.mean_matched[28][51],0.4674,0.4661
R100,signal_maps.mean_matched[28][52],0.463,0.4628
R100,signal_maps.mean_matched[28][53],0.45875,0.4594
R100,signal_maps.mean_matched[28][54],0.45555,0.4561
R100,signal_maps.mean_matched[28][55],0.45205,0.45275
R100,signal_maps.mean_matched[28][56],0.44785,0.4484
R100,signal_maps.mean_matched[28][57],0.44405,0.44465
R100,signal_maps.mean_matched[28][58],0.4401,0.44085
R100,signal_maps.mean_matched[28][59],0.43725,0.4372
R100,signal_maps.mean_matched[28][60],0.43315,0.4331
R100,signal_maps.mean_matched[29][0],0.65245,0.6458
R100,signal_maps.mean_matched[29][1],0.6487,0.6421
R100,signal_maps.mean_matched[29][2],0.6452,0.6392
R100,signal_maps.mean_matched[29][3],0.64185,0.6359
R100,signal_maps.mean_matched[29][4],0.63795,0.6325
R100,signal_maps.mean_matched[29][5],0.63575,0.629
R100,signal_maps.mean_matched[29][6],0.63225,0.62625
R100,signal_maps.mean_matched[29][7],0.6296,0.62295
R100,signal_maps.mean_matched[29][8],0.626,0.61925
R100,signal_maps.mean_matched[29][9],0.6222,0.61595
R100,signal_maps.mean_matched[29][10],0.61905,0.6121
R100,signal_maps.mean_matched[29][11],0.6159,0.6095
R100,signal_maps.mean_matched[29][12],0.61345,0.6065
R100,signal_maps.mean_matched[29][13],0.6107,0.60335
R100,signal_maps.mean_matched[29][14],0.60605,0.5995
R100,signal_maps.mean_matched[29][15],0.60335,0.59555
R100,signal_maps.mean_matched[29][16],0.59945,0.59265
R100,signal_maps.mean_matched[29][17],0.5954,0.58895
R100,signal_maps.mean_matched[29][18],0.59135,0.5855
R100,signal_maps.mean_matched[29][19],0.5877,0.5826
R100,signal_maps.mean_matched[29][20],0.58425,0.58005
R100,signal_maps.mean_matched[29][21],0.5808,0.57665
R100,signal_maps.mean_matched[29][22],0.5768,0.57335
R100,signal_maps.mean_matched[29][23],0.5739,0.57005
R100,signal_maps.mean_matched[29][24],0.57065,0.5664
R100,signal_maps.mean_matched[29][25],0.56735,0.5633
R100,signal_maps.mean_matched[29][26],0.56395,0.5604
R100,signal_maps.mean_matched[29][27],0.55995,0.55715
R100,signal_maps.mean_matched[29][28],0.55515,0.55355
R100,signal_maps.mean_matched[29][29],0.552,0.54985
R100,signal_maps.mean_matched[29][30],0.5486,0.54635
R100,signal_maps.mean_matched[29][31],0.5451,0.54285
R100,signal_maps.mean_matched[29][32],0.54065,0.5384
R100,signal_maps.mean_matched[29][33],0.5374,0.535
R100,signal_maps.mean_matched[29][34],0.534,0.5316
R100,signal_maps.mean_matched[29][35],0.5321,0.5299
R100,signal_maps.mean_matched[29][36],0.5276,0.52475
R100,signal_maps.mean_matched[29][37],0.524,0.52105
R100,signal_maps.mean_matched[29][38],0.52025,0.5176
R100,signal_maps.mean_matched[29][39],0.51635,0.51425
R100,signal_maps.mean_matched[29][40],0.51335,0.5105
R100,signal_maps.mean_matched[29][41],0.50985,0.50735
R100,signal_maps.mean_matched[29][42],0.50625,0.5029
R100,signal_maps.mean_matched[29][43],0.5022,0.49895
R100,signal_maps.mean_matched[29][44],0.4985,0.4957
R100,signal_maps.mean_matched[29][45],0.4947,0.49185
R100,signal_maps.mean_matched[29][46],0.49075,0.4878
R100,signal_maps.mean_matched[29][47],0.48665,0.48365
R100,signal_maps.mean_matched[29][48],0.48315,0.4805
R100,signal_maps.mean_matched[29][49],0.4792,0.47655
R100,signal_maps.mean_matched[29][50],0.4755,0.4735
R100,signal_maps.mean_matched[29][51],0.47205,0.47065
R100,signal_maps.mean_matched[29][52],0.4682,0.467
R100,signal_maps.mean_matched[29][53],0.46385,0.46335
R100,signal_maps.mean_matched[29][54],0.4596,0.4602
R100,signal_maps.mean_matched[29][55],0.45625,0.45685
R100,signal_maps.mean_matched[29][56],0.4529,0.45335
R100,signal_maps.mean_matched[29][57],0.44845,0.44925
R100,signal_maps.mean_matched[29][58],0.44455,0.44535
R100,signal_maps.mean_matched[29][59],0.4409,0.44125
R100,signal_maps.mean_matched[29][60],0.4381,0.4382
R100,signal_maps.mean_matched[30][0],0.6571,0.6498
R100,signal_maps.mean_matched[30][1],0.6532,0.64665
R100,signal_maps.mean_matched[30][2],0.6495,0.6428
R100,signal_maps.mean_matched[30][3],0.64635,0.6395
R100,signal_maps.mean_matched[30][4],0.6429,0.63665
R100,signal_maps.mean_matched[30][5],0.63935,0.63325
R100,signal_maps.mean_matched[30][6],0.6363,0.62995
R100,signal_maps.mean_matched[30][7],0.633,0.62685
R100,signal_maps.mean_matched[30][8],0.63,0.62345
R100,signal_maps.mean_matched[30][9],0.6268,0.62035
R100,signal_maps.mean_matched[30][10],0.62325,0.6168
R100,signal_maps.mean_matched[30][11],0.6196,0.61265
R100,signal_maps.mean_matched[30][12],0.6167,0.61015
R100,signal_maps.mean_matched[30][13],0.614,0.6073
R100,signal_maps.mean_matched[30][14],0.61115,0.60395
R100,signal_maps.mean_matched[30][15],0.607,0.60055
R100,signal_maps.mean_matched[30][16],0.60405,0.5967
R100,signal_maps.mean_matched[30][17],0.60015,0.59315
R100,signal_maps.mean_matched[30][18],0.596,0.58965
R100,signal_maps.mean_matched[30][19],0.59235,0.58635
R100,signal_maps.mean_matched[30][20],0.5886,0.5832
R100,signal_maps.mean_matched[30][21],0.585,0.581
R100,signal_maps.mean_matched[30][22],0.5815,0.5773
R100,signal_maps.mean_matched[30][23],0.5775,0.57425
R100,signal_maps.mean_matched[30][24],0.57475,0.57095
R100,signal_maps.mean_matched[30][25],0.57145,0.56745
R100,signal_maps.mean_matched[30][26],0.5684,0.56415
R100,signal_maps.mean_matched[30][27],0.5647,0.56075
R100,signal_maps.mean_matched[30][28],0.5612,0.55795
R100,signal_maps.mean_matched[30][29],0.5561,0.5545
R100,signal_maps.mean_matched[30][30],0.5527,0.5504
R100,signal_maps.mean_matched[30][31],0.54945,0.54735
R100,signal_maps.mean_matched[30][32],0.5457,0.54365
R100,signal_maps.mean_matched[30][33],0.5417,0.53935
R100,signal_maps.mean_matched[30][34],0.53835,0.53585
R100,signal_maps.mean_matched[30][35],0.5363,0.53415
R100,signal_maps.mean_matched[30][36],0.5315,0.5292
R100,signal_maps.mean_matched[30][37],0.52845,0.5254
R100,signal_maps.mean_matched[30][38],0.5248,0.522
R100,signal_maps.mean_matched[30][39],0.52075,0.51845
R100,signal_maps.mean_matched[30][40],0.5171,0.5149
R100,signal_maps.mean_matched[30][41],0.51415,0.51175
R100,signal_maps.mean_matched[30][42],0.5107,0.5083
R100,signal_maps.mean_matched[30][43],0.50705,0.5036
R100,signal_maps.mean_matched[30][44],0.503,0.4998
R100,signal_maps.mean_matched[30][45],0.4992,0.49645
R100,signal_maps.mean_matched[30][46],0.49535,0.49285
R100,signal_maps.mean_matched[30][47],0.49175,0.48885
R100,signal_maps.mean_matched[30][48],0.4875,0.4845
R100,signal_maps.mean_matched[30][49],0.48395,0.4814
R100,signal_maps.mean_matched[30][50],0.47985,0.47725
R100,signal_maps.mean_matched[30][51],0.47595,0.4743
R100,signal_maps.mean_matched[30][52],0.473,0.47135
R100,signal_maps.mean_matched[30][53],0.4688,0.4679
R100,signal_maps.mean_matched[30][54],0.46505,0.4641
R100,signal_maps.mean_matched[30][55],0.4606,0.4608
R100,signal_maps.mean_matched[30][56],0.45695,0.45755
R100,signal_maps.mean_matched[30][57],0.4537,0.4545
R100,signal_maps.mean_matched[30][58],0.4495,0.4501
R100,signal_maps.mean_matched[30][59],0.44545,0.4461
R100,signal_maps.mean_matched[30][60],0.4418,0.44225
R100,signal_maps.mean_matched[31][0],0.6609,0.6546
R100,signal_maps.mean_matched[31][1],0.65815,0.65085
R100,signal_maps.mean_matched[31][2],0.6539,0.64725
R100,signal_maps.mean_matched[31][3],0.65045,0.6435
R100,signal_maps.mean_matched[31][4],0.64705,0.6407
R100,signal_maps.mean_matched[31][5],0.6436,0.6373
R100,signal_maps.mean_matched[31][6],0.6402,0.634
R100,signal_maps.mean_matched[31][7],0.63705,0.63075
R100,signal_maps.mean_matched[31][8],0.6339,0.6275
R100,signal_maps.mean_matched[31][9],0.63085,0.62445
R100,signal_maps.mean_matched[31][10],0.6274,0.6211
R100,signal_maps.mean_matched[31][11],0.6241,0.6173
R100,signal_maps.mean_matched[31][12],0.6207,0.6135
R100,signal_maps.mean_matched[31][13],0.6173,0.6105
R100,signal_maps.mean_matched[31][14],0.61445,0.60805
R100,signal_maps.mean_matched[31][15],0.61165,0.605
R100,signal_maps.mean_matched[31][16],0.6084,0.6013
R100,signal_maps.mean_matched[31][17],0.6045,0.5979
R100,signal_maps.mean_matched[31][18],0.6013,0.59385
R100,signal_maps.mean_matched[31][19],0.59705,0.5907
R100,signal_maps.mean_matched[31][20],0.59315,0.5874
R100,signal_maps.mean_matched[31][21],0.58955,0.58375
R100,signal_maps.mean_matched[31][22],0.5858,0.58165
R100,signal_maps.mean_matched[31][23],0.58235,0.57795
R100,signal_maps.mean_matched[31][24],0.5785,0.57475
R100,signal_maps.mean_matched[31][25],0.5754,0.5716
R100,signal_maps.mean_matched[31][26],0.57215,0.56815
R100,signal_maps.mean_matched[31][27],0.56905,0.5648
R100,signal_maps.mean_matched[31][28],0.5655,0.56155
R100,signal_maps.mean_matched[31][29],0.56225,0.55885
R100,signal_maps.mean_matched[31][30],0.55735,0.5554
R100,signal_maps.mean_matched[31][31],0.55325,0.5512
R100,signal_maps.mean_matched[31][32],0.55,0.5482
R100,signal_maps.mean_matched[31][33],0.5467,0.5447
R100,signal_maps.mean_matched[31][34],0.54255,0.54015
R100,signal_maps.mean_matched[31][35],0.54025,0.53795
R100,signal_maps.mean_matched[31][36],0.5355,0.53335
R100,signal_maps.mean_matched[31][37],0.5321,0.5298
R100,signal_maps.mean_matched[31][38],0.52905,0.52655
R100,signal_maps.mean_matched[31][39],0.5258,0.52285
R100,signal_maps.mean_matched[31][40],0.5216,0.5191
R100,signal_maps.mean_matched[31][41],0.5181,0.51565
R100,signal_maps.mean_matched[31][42],0.5147,0.51235
R100,signal_maps.mean_matched[31][43],0.5114,0.50905
R100,signal_maps.mean_matched[31][44],0.5081,0.50475
R100,signal_maps.mean_matched[31][45],0.504,0.5003
R100,signal_maps.mean_matched[31][46],0.5002,0.49735
R100,signal_maps.mean_matched[31][47],0.4961,0.4936
R100,signal_maps.mean_matched[31][48],0.4925,0.48975
R100,signal_maps.mean_matched[31][49],0.48855,0.48525
R100,signal_maps.mean_matched[31][50],0.4848,0.4822
R100,signal_maps.mean_matched[31][51],0.4805,0.4783
R100,signal_maps.mean_matched[31][52],0.47645,0.47495
R100,signal_maps.mean_matched[31][53],0.47375,0.47195
R100,signal_maps.mean_matched[31][54],0.46945,0.46855
R100,signal_maps.mean_matched[31][55],0.4659,0.465
R100,signal_maps.mean_matched[31][56],0.4614,0.46115
R100,signal_maps.mean_matched[31][57],0.4577,0.4583
R100,signal_maps.mean_matched[31][58],0.4544,0.45515
R100,signal_maps.mean_matched[31][59],0.45055,0.45125
R100,signal_maps.mean_matched[31][60],0.44645,0.44685
R100,signal_maps.mean_matched[32][0],0.66535,0.65885
R100,signal_maps.mean_matched[32][1],0.662,0.65555
R100,signal_maps.mean_matched[32][2],0.65865,0.6519
R100,signal_maps.mean_matched[32][3],0.65515,0.64845
R100,signal_maps.mean_matched[32][4],0.65145,0.64425
R100,signal_maps.mean_matched[32][5],0.64805,0.64145
R100,signal_maps.mean_matched[32][6],0.64425,0.63795
R100,signal_maps.mean_matched[32][7],0.6409,0.63465
R100,signal_maps.mean_matched[32][8],0.63765,0.63145
R100,signal_maps.mean_matched[32][9],0.6348,0.62815
R100,signal_maps.mean_matched[32][10],0.63175,0.6254
R100,signal_maps.mean_matched[32][11],0.6281,0.62185
R100,signal_maps.mean_matched[32][12],0.6248,0.61815
R100,signal_maps.mean_matched[32][13],0.6215,0.61455
R100,signal_maps.mean_matched[32][14],0.61815,0.6112
R100,signal_maps.mean_matched[32][15],0.61535,0.6087
R100,signal_maps.mean_matched[32][16],0.61245,0.6056
R100,signal_maps.mean_matched[32][17],0.60925,0.60255
R100,signal_maps.mean_matched[32][18],0.60545,0.5987
R100,signal_maps.mean_matched[32][19],0.6022,0.5946
R100,signal_maps.mean_matched[32][20],0.5982,0.5913
R100,signal_maps.mean_matched[32][21],0.5936,0.58775
R100,signal_maps.mean_matched[32][22],0.5904,0.5843
R100,signal_maps.mean_matched[32][23],0.5868,0.5821
R100,signal_maps.mean_matched[32][24],0.58335,0.5787
R100,signal_maps.mean_matched[32][25],0.5795,0.57555
R100,signal_maps.mean_matched[32][26],0.5764,0.5724
R100,signal_maps.mean_matched[32][27],0.57265,0.56875
R100,signal_maps.mean_matched[32][28],0.56985,0.56515
R100,signal_maps.mean_matched[32][29],0.5663,0.56215
R100,signal_maps.mean_matched[32][30],0.56305,0.55945
R100,signal_maps.mean_matched[32][31],0.55845,0.55605
R100,signal_maps.mean_matched[32][32],0.55405,0.55225
R100,signal_maps.mean_matched[32][33],0.551,0.5486
R100,signal_maps.mean_matched[32][34],0.54745,0.5454
R100,signal_maps.mean_matched[32][35],0.54555,0.54345
R100,signal_maps.mean_matched[32][36],0.5395,0.53715
R100,signal_maps.mean_matched[32][37],0.5362,0.5343
R100,signal_maps.mean_matched[32][38],0.53275,0.53065
R100,signal_maps.mean_matched[32][39],0.5297,0.52735
R100,signal_maps.mean_matched[32][40],0.52665,0.52355
R100,signal_maps.mean_matched[32][41],0.5227,0.52015
R100,signal_maps.mean_matched[32][42],0.51885,0.5163
R100,signal_maps.mean_matched[32][43],0.5155,0.51275
R100,signal_maps.mean_matched[32][44],0.5121,0.5097
R100,signal_maps.mean_matched[32][45],0.5088,0.506
R100,signal_maps.mean_matched[32][46],0.505,0.50135
R100,signal_maps.mean_matched[32][47],0.50115,0.4984
R100,signal_maps.mean_matched[32][48],0.49705,0.4944
R100,signal_maps.mean_matched[32][49],0.4932,0.49045
R100,signal_maps.mean_matched[32][50],0.4896,0.4863
R100,signal_maps.mean_matched[32][51],0.48565,0.4829
R100,signal_maps.mean_matched[32][52],0.48145,0.4793
R100,signal_maps.mean_matched[32][53],0.47775,0.4758
R100,signal_maps.mean_matched[32][54],0.47445,0.47255
R100,signal_maps.mean_matched[32][55],0.47035,0.46935
R100,signal_maps.mean_matched[32][56],0.46675,0.4658
R100,signal_maps.mean_matched[32][57],0.4622,0.462
R100,signal_maps.mean_matched[32][58],0.4581,0.45885
R100,signal_maps.mean_matched[32][59],0.45525,0.45545
R100,signal_maps.mean_matched[32][60],0.45115,0.4521
R100,signal_maps.mean_matched[33][0],0.66925,0.66285
R100,signal_maps.mean_matched[33][1],0.66575,0.6597
R100,signal_maps.mean_matched[33][2],0.66275,0.6561
R100,signal_maps.mean_matched[33][3],0.65925,0.6529
R100,signal_maps.mean_matched[33][4],0.65605,0.64935
R100,signal_maps.mean_matched[33][5],0.65255,0.64535
R100,signal_maps.mean_matched[33][6],0.649,0.64205
R100,signal_maps.mean_matched[33][7],0.645,0.63875
R100,signal_maps.mean_matched[33][8],0.6417,0.6356
R100,signal_maps.mean_matched[33][9],0.6383,0.63235
R100,signal_maps.mean_matched[33][10],0.63575,0.62885
R100,signal_maps.mean_matched[33][11],0.63205,0.6258
R100,signal_maps.mean_matched[33][12],0.629,0.6226
R100,signal_maps.mean_matched[33][13],0.6257,0.61905
R100,signal_maps.mean_matched[33][14],0.62195,0.6153
R100,signal_maps.mean_matched[33][15],0.61875,0.612
R100,signal_maps.mean_matched[33][16],0.6157,0.6092
R100,signal_maps.mean_matched[33][17],0.61325,0.6062
R100,signal_maps.mean_matched[33][18],0.6103,0.6033
R100,signal_maps.mean_matched[33][19],0.60635,0.59975
R100,signal_maps.mean_matched[33][20],0.60325,0.5959
R100,signal_maps.mean_matched[33][21],0.599,0.592
R100,signal_maps.mean_matched[33][22],0.59455,0.58865
R100,signal_maps.mean_matched[33][23],0.5912,0.5852
R100,signal_maps.mean_matched[33][24],0.5874,0.58245
R100,signal_maps.mean_matched[33][25],0.584,0.5792
R100,signal_maps.mean_matched[33][26],0.5804,0.57615
R100,signal_maps.mean_matched[33][27],0.5768,0.5731
R100,signal_maps.mean_matched[33][28],0.5735,0.56945
R100,signal_maps.mean_matched[33][29],0.57065,0.566
R100,signal_maps.mean_matched[33][30],0.56715,0.5628
R100,signal_maps.mean_matched[33][31],0.56365,0.56005
R100,signal_maps.mean_matched[33][32],0.5595,0.55645
R100,signal_maps.mean_matched[33][33],0.55495,0.55305
R100,signal_maps.mean_matched[33][34],0.55175,0.54925
R100,signal_maps.mean_matched[33][35],0.55,0.54785
R100,signal_maps.mean_matched[33][36],0.54465,0.5422
R100,signal_maps.mean_matched[33][37],0.54015,0.53795
R100,signal_maps.mean_matched[33][38],0.53685,0.535
R100,signal_maps.mean_matched[33][39],0.5334,0.5315
R100,signal_maps.mean_matched[33][40],0.53045,0.52805
R100,signal_maps.mean_matched[33][41],0.52745,0.52425
R100,signal_maps.mean_matched[33][42],0.5235,0.5209
R100,signal_maps.mean_matched[33][43],0.51985,0.51685
R100,signal_maps.mean_matched[33][44],0.5161,0.51365
R100,signal_maps.mean_matched[33][45],0.51295,0.5103
R100,signal_maps.mean_matched[33][46],0.5097,0.5071
R100,signal_maps.mean_matched[33][47],0.5058,0.50265
R100,signal_maps.mean_matched[33][48],0.502,0.4989
R100,signal_maps.mean_matched[33][49],0.49765,0.49525
R100,signal_maps.mean_matched[33][50],0.4944,0.4916
R100,signal_maps.mean_matched[33][51],0.4902,0.48735
R100,signal_maps.mean_matched[33][52],0.48635,0.4836
R100,signal_maps.mean_matched[33][53],0.48245,0.48015
R100,signal_maps.mean_matched[33][54],0.4787,0.4765
R100,signal_maps.mean_matched[33][55],0.475,0.47325
R100,signal_maps.mean_matched[33][56],0.47145,0.4703
R100,signal_maps.mean_matched[33][57],0.4675,0.46625
R100,signal_maps.mean_matched[33][58],0.46295,0.46285
R100,signal_maps.mean_matched[33][59],0.4587,0.4595
R100,signal_maps.mean_matched[33][60],0.45605,0.4559
R100,signal_maps.mean_matched[34][0],0.6737,0.66655
R100,signal_maps.mean_matched[34][1],0.67025,0.6635
R100,signal_maps.mean_matched[34][2],0.66645,0.6604
R100,signal_maps.mean_matched[34][3],0.66375,0.65675
R100,signal_maps.mean_matched[34][4],0.6604,0.65375
R100,signal_maps.mean_matched[34][5],0.6567,0.6501
R100,signal_maps.mean_matched[34][6],0.65355,0.64615
R100,signal_maps.mean_matched[34][7],0.6499,0.6427
R100,signal_maps.mean_matched[34][8],0.6458,0.63955
R100,signal_maps.mean_matched[34][9],0.6428,0.63655
R100,signal_maps.mean_matched[34][10],0.63885,0.6328
R100,signal_maps.mean_matched[34][11],0.6366,0.62945
R100,signal_maps.mean_matched[34][12],0.63265,0.62665
R100,signal_maps.mean_matched[34][13],0.6297,0.6232
R100,signal_maps.mean_matched[34][14],0.62655,0.61985
R100,signal_maps.mean_matched[34][15],0.6229,0.61605
R100,signal_maps.mean_matched[34][16],0.61955,0.61265
R100,signal_maps.mean_matched[34][17],0.61595,0.6098
R100,signal_maps.mean_matched[34][18],0.614,0.6067
R100,signal_maps.mean_matched[34][19],0.6111,0.60375
R100,signal_maps.mean_matched[34][20],0.6071,0.60025
R100,signal_maps.mean_matched[34][21],0.6039,0.59655
R100,signal_maps.mean_matched[34][22],0.60015,0.59305
R100,signal_maps.mean_matched[34][23],0.5955,0.5899
R100,signal_maps.mean_matched[34][24],0.5918,0.58575
R100,signal_maps.mean_matched[34][25],0.58835,0.58285
R100,signal_maps.mean_matched[34][26],0.58465,0.5804
R100,signal_maps.mean_matched[34][27],0.5815,0.5769
R100,signal_maps.mean_matched[34][28],0.57745,0.5736
R100,signal_maps.mean_matched[34][29],0.57425,0.57025
R100,signal_maps.mean_matched[34][30],0.57095,0.56685
R100,signal_maps.mean_matched[34][31],0.5677,0.56325
R100,signal_maps.mean_matched[34][32],0.5644,0.56055
R100,signal_maps.mean_matched[34][33],0.56065,0.55715
R100,signal_maps.mean_matched[34][34],0.55555,0.554
R100,signal_maps.mean_matched[34][35],0.55365,0.55175
R100,signal_maps.mean_matched[34][36],0.5491,0.5468
R100,signal_maps.mean_matched[34][37],0.54555,0.54305
R100,signal_maps.mean_matched[34][38],0.54115,0.53855
R100,signal_maps.mean_matched[34][39],0.53785,0.53575
R100,signal_maps.mean_matched[34][40],0.5341,0.53225
R100,signal_maps.mean_matched[34][41],0.531,0.529
R100,signal_maps.mean_matched[34][42],0.52805,0.5252
R100,signal_maps.mean_matched[34][43],0.52425,0.52145
R100,signal_maps.mean_matched[34][44],0.52055,0.51775
R100,signal_maps.mean_matched[34][45],0.51695,0.51425
R100,signal_maps.mean_matched[34][46],0.51355,0.5113
R100,signal_maps.mean_matched[34][47],0.51025,0.50785
R100,signal_maps.mean_matched[34][48],0.50665,0.5036
R100,signal_maps.mean_matched[34][49],0.50275,0.4994
R100,signal_maps.mean_matched[34][50],0.49865,0.4959
R100,signal_maps.mean_matched[34][51],0.4951,0.4923
R100,signal_maps.mean_matched[34][52],0.49095,0.48815
R100,signal_maps.mean_matched[34][53],0.487,0.48415
R100,signal_maps.mean_matched[34][54],0.4833,0.481
R100,signal_maps.mean_matched[34][55],0.47925,0.477
R100,signal_maps.mean_matched[34][56],0.4759,0.4739
R100,signal_maps.mean_matched[34][57],0.4723,0.471
R100,signal_maps.mean_matched[34][58],0.46825,0.46685
R100,signal_maps.mean_matched[34][59],0.4641,0.46375
R100,signal_maps.mean_matched[34][60],0.4597,0.4602
R100,signal_maps.mean_matched[35][0],0.6781,0.6707
R100,signal_maps.mean_matched[35][1],0.6745,0.6677
R100,signal_maps.mean_matched[35][2],0.6708,0.66405
R100,signal_maps.mean_matched[35][3],0.6674,0.66105
R100,signal_maps.mean_matched[35][4],0.6644,0.6577
R100,signal_maps.mean_matched[35][5],0.66105,0.65465
R100,signal_maps.mean_matched[35][6],0.6574,0.65075
R100,signal_maps.mean_matched[35][7],0.6545,0.6472
R100,signal_maps.mean_matched[35][8],0.6507,0.6437
R100,signal_maps.mean_matched[35][9],0.6472,0.64065
R100,signal_maps.mean_matched[35][10],0.6436,0.6372
R100,signal_maps.mean_matched[35][11],0.63995,0.6339
R100,signal_maps.mean_matched[35][12],0.63705,0.6305
R100,signal_maps.mean_matched[35][13],0.6336,0.62735
R100,signal_maps.mean_matched[35][14],0.6305,0.6238
R100,signal_maps.mean_matched[35][15],0.6273,0.62065
R100,signal_maps.mean_matched[35][16],0.62335,0.617
R100,signal_maps.mean_matched[35][17],0.62035,0.61345
R100,signal_maps.mean_matched[35][18],0.6167,0.6107
R100,signal_maps.mean_matched[35][19],0.6144,0.60745
R100,signal_maps.mean_matched[35][20],0.6116,0.60425
R100,signal_maps.mean_matched[35][21],0.6077,0.6008
R100,signal_maps.mean_matched[35][22],0.6045,0.5974
R100,signal_maps.mean_matched[35][23],0.6009,0.5943
R100,signal_maps.mean_matched[35][24],0.59675,0.5903
R100,signal_maps.mean_matched[35][25],0.59255,0.5864
R100,signal_maps.mean_matched[35][26],0.5891,0.58335
R100,signal_maps.mean_matched[35][27],0.58535,0.5812
R100,signal_maps.mean_matched[35][28],0.58215,0.5775
R100,signal_maps.mean_matched[35][29],0.57815,0.57435
R100,signal_maps.mean_matched[35][30],0.5752,0.5711
R100,signal_maps.mean_matched[35][31],0.5717,0.5675
R100,signal_maps.mean_matched[35][32],0.56845,0.56395
R100,signal_maps.mean_matched[35][33],0.5651,0.5611
R100,signal_maps.mean_matched[35][34],0.56155,0.55795
R100,signal_maps.mean_matched[35][35],0.5589,0.5561
R100,signal_maps.mean_matched[35][36],0.55305,0.55085
R100,signal_maps.mean_matched[35][37],0.5497,0.54745
R100,signal_maps.mean_matched[35][38],0.54645,0.54415
R100,signal_maps.mean_matched[35][39],0.5421,0.53935
R100,signal_maps.mean_matched[35][40],0.53845,0.5362
R100,signal_maps.mean_matched[35][41],0.5355,0.5329
R100,signal_maps.mean_matched[35][42],0.5318,0.52955
R100,signal_maps.mean_matched[35][43],0.52845,0.526
R100,signal_maps.mean_matched[35][44],0.52485,0.52235
R100,signal_maps.mean_matched[35][45],0.5214,0.5186
R100,signal_maps.mean_matched[35][46],0.5178,0.5152
R100,signal_maps.mean_matched[35][47],0.5144,0.51185
R100,signal_maps.mean_matched[35][48],0.51095,0.50875
R100,signal_maps.mean_matched[35][49],0.50725,0.50455
R100,signal_maps.mean_matched[35][50],0.50355,0.50035
R100,signal_maps.mean_matched[35][51],0.49965,0.49685
R100,signal_maps.mean_matched[35][52],0.49615,0.4931
R100,signal_maps.mean_matched[35][53],0.49195,0.48895
R100,signal_maps.mean_matched[35][54],0.48785,0.48485
R100,signal_maps.mean_matched[35][55],0.4841,0.4817
R100,signal_maps.mean_matched[35][56],0.48015,0.47785
R100,signal_maps.mean_matched[35][57],0.47635,0.47465
R100,signal_maps.mean_matched[35][58],0.473,0.47165
R100,signal_maps.mean_matched[35][59],0.46905,0.4679
R100,signal_maps.mean_matched[35][60],0.46495,0.46445
R100,signal_maps.mean_matched[36][0],0.682,0.67425
R100,signal_maps.mean_matched[36][1],0.6788,0.6714
R100,signal_maps.mean_matched[36][2],0.67585,0.66845
R100,signal_maps.mean_matched[36][3],0.6717,0.66505
R100,signal_maps.mean_matched[36][4],0.66805,0.66185
R100,signal_maps.mean_matched[36][5],0.66505,0.65855
R100,signal_maps.mean_matched[36][6],0.66165,0.6556
R100,signal_maps.mean_matched[36][7],0.65845,0.65185
R100,signal_maps.mean_matched[36][8],0.655,0.6482
R100,signal_maps.mean_matched[36][9],0.65165,0.64425
R100,signal_maps.mean_matched[36][10],0.6482,0.6415
R100,signal_maps.mean_matched[36][11],0.64445,0.6381
R100,signal_maps.mean_matched[36][12],0.64065,0.63455
R100,signal_maps.mean_matched[36][13],0.63765,0.63135
R100,signal_maps.mean_matched[36][14],0.63455,0.62805
R100,signal_maps.mean_matched[36][15],0.63105,0.62475
R100,signal_maps.mean_matched[36][16],0.6279,0.6214
R100,signal_maps.mean_matched[36][17],0.62445,0.618
R100,signal_maps.mean_matched[36][18],0.6214,0.6141
R100,signal_maps.mean_matched[36][19],0.61745,0.6112
R100,signal_maps.mean_matched[36][20],0.6147,0.6084
R100,signal_maps.mean_matched[36][21],0.61195,0.605
R100,signal_maps.mean_matched[36][22],0.6083,0.60165
R100,signal_maps.mean_matched[36][23],0.6052,0.5981
R100,signal_maps.mean_matched[36][24],0.6014,0.59495
R100,signal_maps.mean_matched[36][25],0.5974,0.59135
R100,signal_maps.mean_matched[36][26],0.5935,0.58765
R100,signal_maps.mean_matched[36][27],0.58995,0.584
R100,signal_maps.mean_matched[36][28],0.5862,0.582
R100,signal_maps.mean_matched[36][29],0.58315,0.5781
R100,signal_maps.mean_matched[36][30],0.57915,0.57495
R100,signal_maps.mean_matched[36][31],0.57595,0.5718
R100,signal_maps.mean_matched[36][32],0.5725,0.56825
R100,signal_maps.mean_matched[36][33],0.5692,0.56485
R100,signal_maps.mean_matched[36][34],0.5657,0.56185
R100,signal_maps.mean_matched[36][35],0.56395,0.5601
R100,signal_maps.mean_matched[36][36],0.55755,0.55525
R100,signal_maps.mean_matched[36][37],0.55385,0.5515
R100,signal_maps.mean_matched[36][38],0.55045,0.54835
R100,signal_maps.mean_matched[36][39],0.547,0.54515
R100,signal_maps.mean_matched[36][40],0.54305,0.54035
R100,signal_maps.mean_matched[36][41],0.5393,0.5368
R100,signal_maps.mean_matched[36][42],0.53595,0.53355
R100,signal_maps.mean_matched[36][43],0.53255,0.5302
R100,signal_maps.mean_matched[36][44],0.5293,0.52685
R100,signal_maps.mean_matched[36][45],0.5256,0.52325
R100,signal_maps.mean_matched[36][46],0.5217,0.51965
R100,signal_maps.mean_matched[36][47],0.51845,0.51605
R100,signal_maps.mean_matched[36][48],0.51515,0.5124
R100,signal_maps.mean_matched[36][49],0.5117,0.5093
R100,signal_maps.mean_matched[36][50],0.5082,0.5052
R100,signal_maps.mean_matched[36][51],0.504,0.501
R100,signal_maps.mean_matched[36][52],0.50055,0.4975
R100,signal_maps.mean_matched[36][53],0.49685,0.4939
R100,signal_maps.mean_matched[36][54],0.493,0.4898
R100,signal_maps.mean_matched[36][55],0.4887,0.48575
R100,signal_maps.mean_matched[36][56],0.4849,0.4822
R100,signal_maps.mean_matched[36][57],0.48075,0.47855
R100,signal_maps.mean_matched[36][58],0.47695,0.4756
R100,signal_maps.mean_matched[36][59],0.47375,0.47225
R100,signal_maps.mean_matched[36][60],0.4696,0.46865
R100,signal_maps.mean_matched[37][0],0.68535,0.67805
R100,signal_maps.mean_matched[37][1],0.6825,0.67505
R100,signal_maps.mean_matched[37][2],0.6795,0.67205
R100,signal_maps.mean_matched[37][3],0.67675,0.66925
R100,signal_maps.mean_matched[37][4],0.6727,0.66575
R100,signal_maps.mean_matched[37][5],0.6691,0.6626
R100,signal_maps.mean_matched[37][6],0.6657,0.65935
R100,signal_maps.mean_matched[37][7],0.6623,0.65595
R100,signal_maps.mean_matched[37][8],0.6593,0.65285
R100,signal_maps.mean_matched[37][9],0.6556,0.6491
R100,signal_maps.mean_matched[37][10],0.6525,0.64505
R100,signal_maps.mean_matched[37][11],0.64905,0.64215
R100,signal_maps.mean_matched[37][12],0.64575,0.63875
R100,signal_maps.mean_matched[37][13],0.64185,0.6352
R100,signal_maps.mean_matched[37][14],0.63855,0.6321
R100,signal_maps.mean_matched[37][15],0.63525,0.629
R100,signal_maps.mean_matched[37][16],0.6321,0.6259
R100,signal_maps.mean_matched[37][17],0.6286,0.62235
R100,signal_maps.mean_matched[37][18],0.6252,0.6187
R100,signal_maps.mean_matched[37][19],0.622,0.6151
R100,signal_maps.mean_matched[37][20],0.6183,0.6118
R100,signal_maps.mean_matched[37][21],0.6156,0.6091
R100,signal_maps.mean_matched[37][22],0.61245,0.6058
R100,signal_maps.mean_matched[37][23],0.60945,0.6023
R100,signal_maps.mean_matched[37][24],0.60585,0.5994
R100,signal_maps.mean_matched[37][25],0.60255,0.59585
R100,signal_maps.mean_matched[37][26],0.59865,0.59245
R100,signal_maps.mean_matched[37][27],0.59445,0.5891
R100,signal_maps.mean_matched[37][28],0.5905,0.58475
R100,signal_maps.mean_matched[37][29],0.58715,0.5824
R100,signal_maps.mean_matched[37][30],0.5835,0.57875
R100,signal_maps.mean_matched[37][31],0.57975,0.57555
R100,signal_maps.mean_matched[37][32],0.5767,0.5724
R100,signal_maps.mean_matched[37][33],0.5731,0.56915
R100,signal_maps.mean_matched[37][34],0.5699,0.56565
R100,signal_maps.mean_matched[37][35],0.56795,0.5636
R100,signal_maps.mean_matched[37][36],0.5633,0.55925
R100,signal_maps.mean_matched[37][37],0.5587,0.5559
R100,signal_maps.mean_matched[37][38],0.55445,0.5524
R100,signal_maps.mean_matched[37][39],0.5509,0.54895
R100,signal_maps.mean_matched[37][40],0.54765,0.54565
R100,signal_maps.mean_matched[37][41],0.54405,0.5411
R100,signal_maps.mean_matched[37][42],0.54005,0.5376
R100,signal_maps.mean_matched[37][43],0.5366,0.5342
R100,signal_maps.mean_matched[37][44],0.53305,0.5308
R100,signal_maps.mean_matched[37][45],0.52995,0.5277
R100,signal_maps.mean_matched[37][46],0.5265,0.5243
R100,signal_maps.mean_matched[37][47],0.52255,0.52045
R100,signal_maps.mean_matched[37][48],0.5192,0.5166
R100,signal_maps.mean_matched[37][49],0.5158,0.5129
R100,signal_maps.mean_matched[37][50],0.51225,0.51015
R100,signal_maps.mean_matched[37][51],0.50895,0.50605
R100,signal_maps.mean_matched[37][52],0.50495,0.5017
R100,signal_maps.mean_matched[37][53],0.50135,0.4985
R100,signal_maps.mean_matched[37][54],0.4975,0.4945
R100,signal_maps.mean_matched[37][55],0.4939,0.4909
R100,signal_maps.mean_matched[37][56],0.48965,0.48655
R100,signal_maps.mean_matched[37][57],0.48575,0.483
R100,signal_maps.mean_matched[37][58],0.4815,0.47905
R100,signal_maps.mean_matched[37][59],0.47755,0.4759
R100,signal_maps.mean_matched[37][60],0.4745,0.4729
R100,signal_maps.mean_matched[38][0],0.6893,0.682
R100,signal_maps.mean_matched[38][1],0.6863,0.679
R100,signal_maps.mean_matched[38][2],0.68345,0.67595
R100,signal_maps.mean_matched[38][3],0.6801,0.67275
R100,signal_maps.mean_matched[38][4],0.6775,0.66995
R100,signal_maps.mean_matched[38][5],0.6742,0.66675
R100,signal_maps.mean_matched[38][6],0.67005,0.6634
R100,signal_maps.mean_matched[38][7],0.66655,0.66025
R100,signal_maps.mean_matched[38][8],0.66335,0.6564
R100,signal_maps.mean_matched[38][9],0.66025,0.6537
R100,signal_maps.mean_matched[38][10],0.65625,0.65
R100,signal_maps.mean_matched[38][11],0.65295,0.6462
R100,signal_maps.mean_matched[38][12],0.6501,0.6429
R100,signal_maps.mean_matched[38][13],0.6461,0.63975
R100,signal_maps.mean_matched[38][14],0.6428,0.63615
R100,signal_maps.mean_matched[38][15],0.6392,0.63295
R100,signal_maps.mean_matched[38][16],0.6365,0.62955
R100,signal_maps.mean_matched[38][17],0.6332,0.6266
R100,signal_maps.mean_matched[38][18],0.6297,0.623
R100,signal_maps.mean_matched[38][19],0.6261,0.6197
R100,signal_maps.mean_matched[38][20],0.6226,0.6157
R100,signal_maps.mean_matched[38][21],0.61925,0.6126
R100,signal_maps.mean_matched[38][22],0.616,0.60965
R100,signal_maps.mean_matched[38][23],0.61335,0.6067
R100,signal_maps.mean_matched[38][24],0.61,0.6031
R100,signal_maps.mean_matched[38][25],0.60675,0.60015
R100,signal_maps.mean_matched[38][26],0.6032,0.5963
R100,signal_maps.mean_matched[38][27],0.5998,0.59325
R100,signal_maps.mean_matched[38][28],0.59485,0.58985
R100,signal_maps.mean_matched[38][29],0.5914,0.5858
R100,signal_maps.mean_matched[38][30],0.5879,0.58315
R100,signal_maps.mean_matched[38][31],0.5845,0.57995
R100,signal_maps.mean_matched[38][32],0.58085,0.57665
R100,signal_maps.mean_matched[38][33],0.57765,0.5735
R100,signal_maps.mean_matched[38][34],0.57425,0.56995
R100,signal_maps.mean_matched[38][35],0.5723,0.56795
R100,signal_maps.mean_matched[38][36],0.5671,0.56295
R100,signal_maps.mean_matched[38][37],0.56405,0.56015
R100,signal_maps.mean_matched[38][38],0.5599,0.55645
R100,signal_maps.mean_matched[38][39],0.5554,0.55305
R100,signal_maps.mean_matched[38][40],0.55185,0.5495
R100,signal_maps.mean_matched[38][41],0.5486,0.54635
R100,signal_maps.mean_matched[38][42],0.5446,0.54225
R100,signal_maps.mean_matched[38][43],0.54065,0.53825
R100,signal_maps.mean_matched[38][44],0.5371,0.5351
R100,signal_maps.mean_matched[38][45],0.5338,0.53155
R100,signal_maps.mean_matched[38][46],0.53065,0.5286
R100,signal_maps.mean_matched[38][47],0.5275,0.52475
R100,signal_maps.mean_matched[38][48],0.5233,0.52145
R100,signal_maps.mean_matched[38][49],0.5198,0.51745
R100,signal_maps.mean_matched[38][50],0.51645,0.5139
R100,signal_maps.mean_matched[38][51],0.51305,0.51065
R100,signal_maps.mean_matched[38][52],0.51,0.50695
R100,signal_maps.mean_matched[38][53],0.50575,0.5028
R100,signal_maps.mean_matched[38][54],0.50205,0.49945
R100,signal_maps.mean_matched[38][55],0.4982,0.49545
R100,signal_maps.mean_matched[38][56],0.49465,0.4917
R100,signal_maps.mean_matched[38][57],0.4905,0.48735
R100,signal_maps.mean_matched[38][58],0.48655,0.4838
R100,signal_maps.mean_matched[38][59],0.4825,0.4804
R100,signal_maps.mean_matched[38][60],0.47865,0.4767
R100,signal_maps.mean_matched[39][0],0.6927,0.686
R100,signal_maps.mean_matched[39][1],0.69,0.68265
R100,signal_maps.mean_matched[39][2],0.68685,0.67985
R100,signal_maps.mean_matched[39][3],0.6845,0.6766
R100,signal_maps.mean_matched[39][4],0.681,0.67375
R100,signal_maps.mean_matched[39][5],0.6781,0.67085
R100,signal_maps.mean_matched[39][6],0.6747,0.66745
R100,signal_maps.mean_matched[39][7],0.67095,0.66395
R100,signal_maps.mean_matched[39][8],0.6674,0.66125
R100,signal_maps.mean_matched[39][9],0.6643,0.6571
R100,signal_maps.mean_matched[39][10],0.66095,0.6543
R100,signal_maps.mean_matched[39][11],0.6569,0.65065
R100,signal_maps.mean_matched[39][12],0.6539,0.647
R100,signal_maps.mean_matched[39][13],0.6508,0.6437
R100,signal_maps.mean_matched[39][14],0.64685,0.64025
R100,signal_maps.mean_matched[39][15],0.64365,0.63725
R100,signal_maps.mean_matched[39][16],0.64005,0.6335
R100,signal_maps.mean_matched[39][17],0.63725,0.6305
R100,signal_maps.mean_matched[39][18],0.63385,0.6271
R100,signal_maps.mean_matched[39][19],0.6305,0.62385
R100,signal_maps.mean_matched[39][20],0.6272,0.6204
R100,signal_maps.mean_matched[39][21],0.62355,0.61655
R100,signal_maps.mean_matched[39][22],0.61995,0.61345
R100,signal_maps.mean_matched[39][23],0.61665,0.61065
R100,signal_maps.mean_matched[39][24],0.61405,0.6073
R100,signal_maps.mean_matched[39][25],0.61095,0.60405
R100,signal_maps.mean_matched[39][26],0.6073,0.60055
R100,signal_maps.mean_matched[39][27],0.60405,0.59705
R100,signal_maps.mean_matched[39][28],0.6004,0.5937
R100,signal_maps.mean_matched[39][29],0.5959,0.5903
R100,signal_maps.mean_matched[39][30],0.59235,0.5867
R100,signal_maps.mean_matched[39][31],0.5886,0.5836
R100,signal_maps.mean_matched[39][32],0.5851,0.58065
R100,signal_maps.mean_matched[39][33],0.5816,0.5772
R100,signal_maps.mean_matched[39][34],0.5781,0.57415
R100,signal_maps.mean_matched[39][35],0.57645,0.57235
R100,signal_maps.mean_matched[39][36],0.57185,0.5672
R100,signal_maps.mean_matched[39][37],0.5681,0.5635
R100,signal_maps.mean_matched[39][38],0.56475,0.5607
R100,signal_maps.mean_matched[39][39],0.5607,0.5572
R100,signal_maps.mean_matched[39][40],0.5562,0.5536
R100,signal_maps.mean_matched[39][41],0.5529,0.5501
R100,signal_maps.mean_matched[39][42],0.54935,0.5467
R100,signal_maps.mean_matched[39][43],0.5459,0.5433
R100,signal_maps.mean_matched[39][44],0.54155,0.53885
R100,signal_maps.mean_matched[39][45],0.53795,0.5357
R100,signal_maps.mean_matched[39][46],0.53455,0.53205
R100,signal_maps.mean_matched[39][47],0.53125,0.52895
R100,signal_maps.mean_matched[39][48],0.5285,0.5253
R100,signal_maps.mean_matched[39][49],0.5242,0.52205
R100,signal_maps.mean_matched[39][50],0.52095,0.51805
R100,signal_maps.mean_matched[39][51],0.5173,0.51445
R100,signal_maps.mean_matched[39][52],0.51365,0.51135
R100,signal_maps.mean_matched[39][53],0.51065,0.508
R100,signal_maps.mean_matched[39][54],0.50695,0.50365
R100,signal_maps.mean_matched[39][55],0.50265,0.5001
R100,signal_maps.mean_matched[39][56],0.49875,0.49615
R100,signal_maps.mean_matched[39][57],0.49555,0.49245
R100,signal_maps.mean_matched[39][58],0.4916,0.4885
R100,signal_maps.mean_matched[39][59],0.4876,0.4847
R100,signal_maps.mean_matched[39][60],0.4834,0.48125
R100,signal_maps.mean_matched[40][0],0.69635,0.6904
R100,signal_maps.mean_matched[40][1],0.69335,0.6869
R100,signal_maps.mean_matched[40][2],0.6907,0.68365
R100,signal_maps.mean_matched[40][3],0.6876,0.68035
R100,signal_maps.mean_matched[40][4],0.68495,0.67765
R100,signal_maps.mean_matched[40][5],0.6819,0.67465
R100,signal_maps.mean_matched[40][6],0.67875,0.6716
R100,signal_maps.mean_matched[40][7],0.6755,0.6683
R100,signal_maps.mean_matched[40][8],0.67195,0.6649
R100,signal_maps.mean_matched[40][9],0.6681,0.6618
R100,signal_maps.mean_matched[40][10],0.66525,0.65795
R100,signal_maps.mean_matched[40][11],0.6618,0.65485
R100,signal_maps.mean_matched[40][12],0.6578,0.65145
R100,signal_maps.mean_matched[40][13],0.65495,0.64755
R100,signal_maps.mean_matched[40][14],0.65165,0.64435
R100,signal_maps.mean_matched[40][15],0.6479,0.64095
R100,signal_maps.mean_matched[40][16],0.6446,0.6378
R100,signal_maps.mean_matched[40][17],0.6409,0.63435
R100,signal_maps.mean_matched[40][18],0.63785,0.631
R100,signal_maps.mean_matched[40][19],0.6345,0.62805
R100,signal_maps.mean_matched[40][20],0.63095,0.62455
R100,signal_maps.mean_matched[40][21],0.62775,0.62115
R100,signal_maps.mean_matched[40][22],0.62455,0.6174
R100,signal_maps.mean_matched[40][23],0.62105,0.614
R100,signal_maps.mean_matched[40][24],0.61725,0.6113
R100,signal_maps.mean_matched[40][25],0.6148,0.60795
R100,signal_maps.mean_matched[40][26],0.61195,0.60475
R100,signal_maps.mean_matched[40][27],0.608,0.6012
R100,signal_maps.mean_matched[40][28],0.60495,0.5977
R100,signal_maps.mean_matched[40][29],0.6012,0.59435
R100,signal_maps.mean_matched[40][30],0.5968,0.59115
R100,signal_maps.mean_matched[40][31],0.593,0.5875
R100,signal_maps.mean_matched[40][32],0.58925,0.58425
R100,signal_maps.mean_matched[40][33],0.5856,0.58135
R100,signal_maps.mean_matched[40][34],0.58255,0.57805
R100,signal_maps.mean_matched[40][35],0.58015,0.576
R100,signal_maps.mean_matched[40][36],0.5755,0.57115
R100,signal_maps.mean_matched[40][37],0.57235,0.56805
R100,signal_maps.mean_matched[40][38],0.5688,0.56435
R100,signal_maps.mean_matched[40][39],0.56535,0.56135
R100,signal_maps.mean_matched[40][40],0.5615,0.55775
R100,signal_maps.mean_matched[40][41],0.55685,0.55425
R100,signal_maps.mean_matched[40][42],0.5535,0.55085
R100,signal_maps.mean_matched[40][43],0.54995,0.54745
R100,signal_maps.mean_matched[40][44],0.5468,0.54385
R100,signal_maps.mean_matched[40][45],0.5423,0.5395
R100,signal_maps.mean_matched[40][46],0.53865,0.5363
R100,signal_maps.mean_matched[40][47],0.5352,0.53295
R100,signal_maps.mean_matched[40][48],0.53195,0.52935
R100,signal_maps.mean_matched[40][49],0.529,0.5259
R100,signal_maps.mean_matched[40][50],0.52495,0.52255
R100,signal_maps.mean_matched[40][51],0.52135,0.519
R100,signal_maps.mean_matched[40][52],0.5181,0.5153
R100,signal_maps.mean_matched[40][53],0.5147,0.5121
R100,signal_maps.mean_matched[40][54],0.51115,0.5088
R100,signal_maps.mean_matched[40][55],0.5076,0.5045
R100,signal_maps.mean_matched[40][56],0.5038,0.5006
R100,signal_maps.mean_matched[40][57],0.49955,0.497
R100,signal_maps.mean_matched[40][58],0.4966,0.4931
R100,signal_maps.mean_matched[40][59],0.49235,0.48935
R100,signal_maps.mean_matched[40][60],0.4883,0.48535
R100,signal_maps.mean_matched[41][0],0.7001,0.6952
R100,signal_maps.mean_matched[41][1],0.697,0.6917
R100,signal_maps.mean_matched[41][2],0.6938,0.6875
R100,signal_maps.mean_matched[41][3],0.6913,0.68415
R100,signal_maps.mean_matched[41][4],0.68825,0.68065
R100,signal_maps.mean_matched[41][5],0.68545,0.67825
R100,signal_maps.mean_matched[41][6],0.68275,0.6753
R100,signal_maps.mean_matched[41][7],0.67955,0.6722
R100,signal_maps.mean_matched[41][8],0.67645,0.66945
R100,signal_maps.mean_matched[41][9],0.6726,0.66575
R100,signal_maps.mean_matched[41][10],0.6693,0.66235
R100,signal_maps.mean_matched[41][11],0.666,0.65905
R100,signal_maps.mean_matched[41][12],0.66265,0.65565
R100,signal_maps.mean_matched[41][13],0.65885,0.65235
R100,signal_maps.mean_matched[41][14],0.6555,0.6483
R100,signal_maps.mean_matched[41][15],0.65235,0.64495
R100,signal_maps.mean_matched[41][16],0.6486,0.642
R100,signal_maps.mean_matched[41][17],0.64545,0.6385
R100,signal_maps.mean_matched[41][18],0.64185,0.63525
R100,signal_maps.mean_matched[41][19],0.63875,0.63165
R100,signal_maps.mean_matched[41][20],0.635,0.6287
R100,signal_maps.mean_matched[41][21],0.6318,0.62535
R100,signal_maps.mean_matched[41][22],0.6288,0.62205
R100,signal_maps.mean_matched[41][23],0.62515,0.6185
R100,signal_maps.mean_matched[41][24],0.62215,0.61445
R100,signal_maps.mean_matched[41][25],0.61805,0.61195
R100,signal_maps.mean_matched[41][26],0.6155,0.6087
R100,signal_maps.mean_matched[41][27],0.61235,0.6055
R100,signal_maps.mean_matched[41][28],0.6087,0.6015
R100,signal_maps.mean_matched[41][29],0.60535,0.59835
R100,signal_maps.mean_matched[41][30],0.60165,0.5953
R100,signal_maps.mean_matched[41][31],0.59805,0.59185
R100,signal_maps.mean_matched[41][32],0.59395,0.58815
R100,signal_maps.mean_matched[41][33],0.5903,0.58475
R100,signal_maps.mean_matched[41][34],0.58635,0.5823
R100,signal_maps.mean_matched[41][35],0.5848,0.5799
R100,signal_maps.mean_matched[41][36],0.57955,0.5755
R100,signal_maps.mean_matched[41][37],0.5761,0.5719
R100,signal_maps.mean_matched[41][38],0.5729,0.5687
R100,signal_maps.mean_matched[41][39],0.5696,0.56515
R100,signal_maps.mean_matched[41][40],0.56615,0.56205
R100,signal_maps.mean_matched[41][41],0.5624,0.55875
R100,signal_maps.mean_matched[41][42],0.55755,0.55515
R100,signal_maps.mean_matched[41][43],0.55425,0.5515
R100,signal_maps.mean_matched[41][44],0.5507,0.5481
R100,signal_maps.mean_matched[41][45],0.54725,0.54505
R100,signal_maps.mean_matched[41][46],0.54335,0.54005
R100,signal_maps.mean_matched[41][47],0.5395,0.5371
R100,signal_maps.mean_matched[41][48],0.5363,0.53355
R100,signal_maps.mean_matched[41][49],0.53285,0.5303
R100,signal_maps.mean_matched[41][50],0.52965,0.5269
R100,signal_maps.mean_matched[41][51],0.52565,0.5235
R100,signal_maps.mean_matched[41][52],0.5222,0.52005
R100,signal_maps.mean_matched[41][53],0.51885,0.5164
R100,signal_maps.mean_matched[41][54],0.51535,0.51255
R100,signal_maps.mean_matched[41][55],0.51195,0.50955
R100,signal_maps.mean_matched[41][56],0.50815,0.5052
R100,signal_maps.mean_matched[41][57],0.5046,0.50115
R100,signal_maps.mean_matched[41][58],0.5006,0.498
R100,signal_maps.mean_matched[41][59],0.49705,0.49405
R100,signal_maps.mean_matched[41][60],0.4934,0.4898
R100,signal_maps.mean_matched[42][0],0.70445,0.6994
R100,signal_maps.mean_matched[42][1],0.70075,0.69595
R100,signal_maps.mean_matched[42][2],0.6977,0.6926
R100,signal_maps.mean_matched[42][3],0.69445,0.68825
R100,signal_maps.mean_matched[42][4],0.6918,0.685
R100,signal_maps.mean_matched[42][5],0.68925,0.68135
R100,signal_maps.mean_matched[42][6],0.68615,0.67895
R100,signal_maps.mean_matched[42][7],0.6834,0.6759
R100,signal_maps.mean_matched[42][8],0.68015,0.67305
R100,signal_maps.mean_matched[42][9],0.6771,0.67
R100,signal_maps.mean_matched[42][10],0.67335,0.66655
R100,signal_maps.mean_matched[42][11],0.67,0.6633
R100,signal_maps.mean_matched[42][12],0.6664,0.65995
R100,signal_maps.mean_matched[42][13],0.6632,0.65635
R100,signal_maps.mean_matched[42][14],0.65995,0.6529
R100,signal_maps.mean_matched[42][15],0.6559,0.64915
R100,signal_maps.mean_matched[42][16],0.65295,0.6454
R100,signal_maps.mean_matched[42][17],0.64965,0.6429
R100,signal_maps.mean_matched[42][18],0.64595,0.63915
R100,signal_maps.mean_matched[42][19],0.64255,0.63565
R100,signal_maps.mean_matched[42][20],0.63935,0.6324
R100,signal_maps.mean_matched[42][21],0.636,0.62925
R100,signal_maps.mean_matched[42][22],0.63275,0.6261
R100,signal_maps.mean_matched[42][23],0.6293,0.6226
R100,signal_maps.mean_matched[42][24],0.62575,0.6195
R100,signal_maps.mean_matched[42][25],0.6227,0.615
R100,signal_maps.mean_matched[42][26],0.61885,0.61255
R100,signal_maps.mean_matched[42][27],0.616,0.6097
R100,signal_maps.mean_matched[42][28],0.613,0.60635
R100,signal_maps.mean_matched[42][29],0.6092,0.60235
R100,signal_maps.mean_matched[42][30],0.60615,0.5992
R100,signal_maps.mean_matched[42][31],0.6025,0.5961
R100,signal_maps.mean_matched[42][32],0.5986,0.59265
R100,signal_maps.mean_matched[42][33],0.59465,0.58895
R100,signal_maps.mean_matched[42][34],0.59095,0.58565
R100,signal_maps.mean_matched[42][35],0.5888,0.5842
R100,signal_maps.mean_matched[42][36],0.5837,0.5794
R100,signal_maps.mean_matched[42][37],0.58,0.5761
R100,signal_maps.mean_matched[42][38],0.57695,0.5729
R100,signal_maps.mean_matched[42][39],0.5736,0.56945
R100,signal_maps.mean_matched[42][40],0.57015,0.56585
R100,signal_maps.mean_matched[42][41],0.56665,0.56285
R100,signal_maps.mean_matched[42][42],0.56325,0.55935
R100,signal_maps.mean_matched[42][43],0.5585,0.55595
R100,signal_maps.mean_matched[42][44],0.5547,0.5522
R100,signal_maps.mean_matched[42][45],0.55125,0.54875
R100,signal_maps.mean_matched[42][46],0.5479,0.54565
R100,signal_maps.mean_matched[42][47],0.5441,0.5411
R100,signal_maps.mean_matched[42][48],0.54065,0.53765
R100,signal_maps.mean_matched[42][49],0.53715,0.53425
R100,signal_maps.mean_matched[42][50],0.53335,0.5307
R100,signal_maps.mean_matched[42][51],0.5301,0.52765
R100,signal_maps.mean_matched[42][52],0.5265,0.52415
R100,signal_maps.mean_matched[42][53],0.52275,0.52085
R100,signal_maps.mean_matched[42][54],0.51915,0.5171
R100,signal_maps.mean_matched[42][55],0.5161,0.5134
R100,signal_maps.mean_matched[42][56],0.5125,0.5102
R100,signal_maps.mean_matched[42][57],0.5091,0.50605
R100,signal_maps.mean_matched[42][58],0.50515,0.5022
R100,signal_maps.mean_matched[42][59],0.5012,0.49865
R100,signal_maps.mean_matched[42][60],0.4977,0.49475
R100,signal_maps.mean_matched[43][0],0.7088,0.70355
R100,signal_maps.mean_matched[43][1],0.7054,0.7003
R100,signal_maps.mean_matched[43][2],0.70165,0.69675
R100,signal_maps.mean_matched[43][3],0.6983,0.69375
R100,signal_maps.mean_matched[43][4],0.6952,0.68905
R100,signal_maps.mean_matched[43][5],0.69235,0.6857
R100,signal_maps.mean_matched[43][6],0.68985,0.68225
R100,signal_maps.mean_matched[43][7],0.6867,0.6796
R100,signal_maps.mean_matched[43][8],0.68395,0.6764
R100,signal_maps.mean_matched[43][9],0.6807,0.67355
R100,signal_maps.mean_matched[43][10],0.67785,0.6707
R100,signal_maps.mean_matched[43][11],0.6742,0.66755
R100,signal_maps.mean_matched[43][12],0.67035,0.66425
R100,signal_maps.mean_matched[43][13],0.66725,0.6608
R100,signal_maps.mean_matched[43][14],0.66375,0.65705
R100,signal_maps.mean_matched[43][15],0.66085,0.65365
R100,signal_maps.mean_matched[43][16],0.65675,0.6499
R100,signal_maps.mean_matched[43][17],0.6534,0.646
R100,signal_maps.mean_matched[43][18],0.65055,0.64335
R100,signal_maps.mean_matched[43][19],0.6467,0.6398
R100,signal_maps.mean_matched[43][20],0.64345,0.6363
R100,signal_maps.mean_matched[43][21],0.64015,0.6331
R100,signal_maps.mean_matched[43][22],0.63675,0.6298
R100,signal_maps.mean_matched[43][23],0.63345,0.62685
R100,signal_maps.mean_matched[43][24],0.63005,0.62355
R100,signal_maps.mean_matched[43][25],0.6265,0.6199
R100,signal_maps.mean_matched[43][26],0.62345,0.61605
R100,signal_maps.mean_matched[43][27],0.61985,0.6131
R100,signal_maps.mean_matched[43][28],0.61665,0.6103
R100,signal_maps.mean_matched[43][29],0.6136,0.6071
R100,signal_maps.mean_matched[43][30],0.6103,0.60345
R100,signal_maps.mean_matched[43][31],0.6068,0.6
R100,signal_maps.mean_matched[43][32],0.6029,0.5968
R100,signal_maps.mean_matched[43][33],0.5993,0.59325
R100,signal_maps.mean_matched[43][34],0.5953,0.59
R100,signal_maps.mean_matched[43][35],0.59335,0.5879
R100,signal_maps.mean_matched[43][36],0.5879,0.58375
R100,signal_maps.mean_matched[43][37],0.5844,0.57995
R100,signal_maps.mean_matched[43][38],0.58055,0.5765
R100,signal_maps.mean_matched[43][39],0.57745,0.57365
R100,signal_maps.mean_matched[43][40],0.57415,0.57035
R100,signal_maps.mean_matched[43][41],0.571,0.5669
R100,signal_maps.mean_matched[43][42],0.5674,0.56315
R100,signal_maps.mean_matched[43][43],0.5642,0.5602
R100,signal_maps.mean_matched[43][44],0.5595,0.5566
R100,signal_maps.mean_matched[43][45],0.5554,0.5528
R100,signal_maps.mean_matched[43][46],0.5521,0.54965
R100,signal_maps.mean_matched[43][47],0.5484,0.54635
R100,signal_maps.mean_matched[43][48],0.5448,0.5421
R100,signal_maps.mean_matched[43][49],0.5411,0.53825
R100,signal_maps.mean_matched[43][50],0.5376,0.535
R100,signal_maps.mean_matched[43][51],0.5341,0.53145
R100,signal_maps.mean_matched[43][52],0.53085,0.52825
R100,signal_maps.mean_matched[43][53],0.52715,0.5248
R100,signal_maps.mean_matched[43][54],0.5232,0.52135
R100,signal_maps.mean_matched[43][55],0.5199,0.5177
R100,signal_maps.mean_matched[43][56],0.5168,0.51415
R100,signal_maps.mean_matched[43][57],0.5133,0.51115
R100,signal_maps.mean_matched[43][58],0.50975,0.50695
R100,signal_maps.mean_matched[43][59],0.5057,0.50275
R100,signal_maps.mean_matched[43][60],0.5019,0.49925
R100,signal_maps.mean_matched[44][0],0.71205,0.7081
R100,signal_maps.mean_matched[44][1],0.70955,0.7044
R100,signal_maps.mean_matched[44][2],0.70625,0.7014
R100,signal_maps.mean_matched[44][3],0.7025,0.69755
R100,signal_maps.mean_matched[44][4],0.69865,0.6946
R100,signal_maps.mean_matched[44][5],0.696,0.68965
R100,signal_maps.mean_matched[44][6],0.6932,0.68695
R100,signal_maps.mean_matched[44][7],0.6905,0.6833
R100,signal_maps.mean_matched[44][8],0.6873,0.6801
R100,signal_maps.mean_matched[44][9],0.68465,0.6777
R100,signal_maps.mean_matched[44][10],0.6813,0.67405
R100,signal_maps.mean_matched[44][11],0.67865,0.67155
R100,signal_maps.mean_matched[44][12],0.67535,0.6682
R100,signal_maps.mean_matched[44][13],0.6711,0.665
R100,signal_maps.mean_matched[44][14],0.668,0.6616
R100,signal_maps.mean_matched[44][15],0.66485,0.65775
R100,signal_maps.mean_matched[44][16],0.66145,0.65475
R100,signal_maps.mean_matched[44][17],0.6574,0.6509
R100,signal_maps.mean_matched[44][18],0.65425,0.64675
R100,signal_maps.mean_matched[44][19],0.65125,0.6439
R100,signal_maps.mean_matched[44][20],0.64745,0.6408
R100,signal_maps.mean_matched[44][21],0.64405,0.637
R100,signal_maps.mean_matched[44][22],0.64065,0.634
R100,signal_maps.mean_matched[44][23],0.6379,0.6305
R100,signal_maps.mean_matched[44][24],0.6342,0.62775
R100,signal_maps.mean_matched[44][25],0.63075,0.6239
R100,signal_maps.mean_matched[44][26],0.62735,0.6207
R100,signal_maps.mean_matched[44][27],0.6239,0.61715
R100,signal_maps.mean_matched[44][28],0.62075,0.61355
R100,signal_maps.mean_matched[44][29],0.6173,0.6109
R100,signal_maps.mean_matched[44][30],0.6145,0.6076
R100,signal_maps.mean_matched[44][31],0.6111,0.60415
R100,signal_maps.mean_matched[44][32],0.60765,0.6008
R100,signal_maps.mean_matched[44][33],0.6039,0.5974
R100,signal_maps.mean_matched[44][34],0.60065,0.5939
R100,signal_maps.mean_matched[44][35],0.5983,0.5923
R100,signal_maps.mean_matched[44][36],0.59245,0.58695
R100,signal_maps.mean_matched[44][37],0.58875,0.58445
R100,signal_maps.mean_matched[44][38],0.5851,0.58065
R100,signal_maps.mean_matched[44][39],0.5814,0.57715
R100,signal_maps.mean_matched[44][40],0.57815,0.5743
R100,signal_maps.mean_matched[44][41],0.57495,0.57085
R100,signal_maps.mean_matched[44][42],0.57185,0.5675
R100,signal_maps.mean_matched[44][43],0.5681,0.56395
R100,signal_maps.mean_matched[44][44],0.56485,0.56085
R100,signal_maps.mean_matched[44][45],0.56045,0.5574
R100,signal_maps.mean_matched[44][46],0.55625,0.5536
R100,signal_maps.mean_matched[44][47],0.55255,0.5501
R100,signal_maps.mean_matched[44][48],0.54915,0.54695
R100,signal_maps.mean_matched[44][49],0.5455,0.54305
R100,signal_maps.mean_matched[44][50],0.54165,0.53885
R100,signal_maps.mean_matched[44][51],0.5381,0.5358
R100,signal_maps.mean_matched[44][52],0.53475,0.53215
R100,signal_maps.mean_matched[44][53],0.53135,0.5288
R100,signal_maps.mean_matched[44][54],0.5284,0.52525
R100,signal_maps.mean_matched[44][55],0.5238,0.5219
R100,signal_maps.mean_matched[44][56],0.52055,0.51815
R100,signal_maps.mean_matched[44][57],0.51735,0.51485
R100,signal_maps.mean_matched[44][58],0.514,0.5116
R100,signal_maps.mean_matched[44][59],0.5107,0.5076
R100,signal_maps.mean_matched[44][60],0.50685,0.50355
R100,signal_maps.mean_matched[45][0],0.7159,0.7122
R100,signal_maps.mean_matched[45][1],0.71305,0.7089
R100,signal_maps.mean_matched[45][2],0.71015,0.70515
R100,signal_maps.mean_matched[45][3],0.7069,0.70195
R100,signal_maps.mean_matched[45][4],0.70325,0.6985
R100,signal_maps.mean_matched[45][5],0.69935,0.69545
R100,signal_maps.mean_matched[45][6],0.6967,0.69085
R100,signal_maps.mean_matched[45][7],0.69375,0.6874
R100,signal_maps.mean_matched[45][8],0.691,0.68415
R100,signal_maps.mean_matched[45][9],0.6881,0.6807
R100,signal_maps.mean_matched[45][10],0.68525,0.67825
R100,signal_maps.mean_matched[45][11],0.68215,0.6752
R100,signal_maps.mean_matched[45][12],0.67925,0.6721
R100,signal_maps.mean_matched[45][13],0.67585,0.669
R100,signal_maps.mean_matched[45][14],0.6723,0.6655
R100,signal_maps.mean_matched[45][15],0.669,0.6626
R100,signal_maps.mean_matched[45][16],0.6656,0.6585
R100,signal_maps.mean_matched[45][17],0.6622,0.6554
R100,signal_maps.mean_matched[45][18],0.6581,0.65175
R100,signal_maps.mean_matched[45][19],0.65495,0.64765
R100,signal_maps.mean_matched[45][20],0.65195,0.64445
R100,signal_maps.mean_matched[45][21],0.64835,0.64145
R100,signal_maps.mean_matched[45][22],0.6448,0.638
R100,signal_maps.mean_matched[45][23],0.6415,0.6347
R100,signal_maps.mean_matched[45][24],0.63855,0.6312
R100,signal_maps.mean_matched[45][25],0.6351,0.62825
R100,signal_maps.mean_matched[45][26],0.6314,0.6248
R100,signal_maps.mean_matched[45][27],0.6281,0.6214
R100,signal_maps.mean_matched[45][28],0.6246,0.61785
R100,signal_maps.mean_matched[45][29],0.62145,0.61395
R100,signal_maps.mean_matched[45][30],0.61815,0.61165
R100,signal_maps.mean_matched[45][31],0.615,0.6082
R100,signal_maps.mean_matched[45][32],0.61195,0.60505
R100,signal_maps.mean_matched[45][33],0.6083,0.6016
R100,signal_maps.mean_matched[45][34],0.60495,0.5978
R100,signal_maps.mean_matched[45][35],0.60285,0.59635
R100,signal_maps.mean_matched[45][36],0.5968,0.59125
R100,signal_maps.mean_matched[45][37],0.5932,0.58765
R100,signal_maps.mean_matched[45][38],0.58965,0.58485
R100,signal_maps.mean_matched[45][39],0.58595,0.58165
R100,signal_maps.mean_matched[45][40],0.58245,0.57825
R100,signal_maps.mean_matched[45][41],0.57905,0.5749
R100,signal_maps.mean_matched[45][42],0.5754,0.57135
R100,signal_maps.mean_matched[45][43],0.5726,0.5681
R100,signal_maps.mean_matched[45][44],0.56885,0.56465
R100,signal_maps.mean_matched[45][45],0.56545,0.5616
R100,signal_maps.mean_matched[45][46],0.5614,0.55795
R100,signal_maps.mean_matched[45][47],0.557,0.55435
R100,signal_maps.mean_matched[45][48],0.55335,0.55075
R100,signal_maps.mean_matched[45][49],0.55,0.54745
R100,signal_maps.mean_matched[45][50],0.5464,0.54375
R100,signal_maps.mean_matched[45][51],0.5423,0.53935
R100,signal_maps.mean_matched[45][52],0.53885,0.53645
R100,signal_maps.mean_matched[45][53],0.53565,0.5328
R100,signal_maps.mean_matched[45][54],0.53215,0.52945
R100,signal_maps.mean_matched[45][55],0.5291,0.52575
R100,signal_maps.mean_matched[45][56],0.52465,0.52255
R100,signal_maps.mean_matched[45][57],0.5213,0.51875
R100,signal_maps.mean_matched[45][58],0.51805,0.51525
R100,signal_maps.mean_matched[45][59],0.51465,0.51225
R100,signal_maps.mean_matched[45][60],0.5111,0.50875
R100,signal_maps.mean_matched[46][0],0.72,0.71575
R100,signal_maps.mean_matched[46][1],0.71655,0.71295
R100,signal_maps.mean_matched[46][2],0.7138,0.70975
R100,signal_maps.mean_matched[46][3],0.7107,0.7063
R100,signal_maps.mean_matched[46][4],0.70765,0.7026
R100,signal_maps.mean_matched[46][5],0.7042,0.6994
R100,signal_maps.mean_matched[46][6],0.7001,0.6962
R100,signal_maps.mean_matched[46][7],0.69705,0.692
R100,signal_maps.mean_matched[46][8],0.69435,0.68825
R100,signal_maps.mean_matched[46][9],0.6915,0.685
R100,signal_maps.mean_matched[46][10],0.6886,0.68125
R100,signal_maps.mean_matched[46][11],0.68595,0.67875
R100,signal_maps.mean_matched[46][12],0.6829,0.67615
R100,signal_maps.mean_matched[46][13],0.6797,0.6728
R100,signal_maps.mean_matched[46][14],0.6767,0.66965
R100,signal_maps.mean_matched[46][15],0.6731,0.66615
R100,signal_maps.mean_matched[46][16],0.66965,0.66315
R100,signal_maps.mean_matched[46][17],0.6664,0.65925
R100,signal_maps.mean_matched[46][18],0.66305,0.6562
R100,signal_maps.mean_matched[46][19],0.6592,0.65255
R100,signal_maps.mean_matched[46][20],0.65575,0.64855
R100,signal_maps.mean_matched[46][21],0.6527,0.6449
R100,signal_maps.mean_matched[46][22],0.64915,0.64205
R100,signal_maps.mean_matched[46][23],0.64565,0.63875
R100,signal_maps.mean_matched[46][24],0.6423,0.6353
R100,signal_maps.mean_matched[46][25],0.6392,0.63175
R100,signal_maps.mean_matched[46][26],0.63585,0.6286
R100,signal_maps.mean_matched[46][27],0.63205,0.62545
R100,signal_maps.mean_matched[46][28],0.6288,0.6221
R100,signal_maps.mean_matched[46][29],0.62545,0.61845
R100,signal_maps.mean_matched[46][30],0.62215,0.61465
R100,signal_maps.mean_matched[46][31],0.61845,0.6122
R100,signal_maps.mean_matched[46][32],0.6158,0.609
R100,signal_maps.mean_matched[46][33],0.61275,0.6058
R100,signal_maps.mean_matched[46][34],0.609,0.6021
R100,signal_maps.mean_matched[46][35],0.60715,0.60025
R100,signal_maps.mean_matched[46][36],0.60195,0.59545
R100,signal_maps.mean_matched[46][37],0.598,0.5921
R100,signal_maps.mean_matched[46][38],0.59395,0.5885
R100,signal_maps.mean_matched[46][39],0.59045,0.5854
R100,signal_maps.mean_matched[46][40],0.5866,0.5823
R100,signal_maps.mean_matched[46][41],0.58305,0.57885
R100,signal_maps.mean_matched[46][42],0.5798,0.5756
R100,signal_maps.mean_matched[46][43],0.576,0.5721
R100,signal_maps.mean_matched[46][44],0.5731,0.5687
R100,signal_maps.mean_matched[46][45],0.5697,0.5651
R100,signal_maps.mean_matched[46][46],0.5663,0.5624
R100,signal_maps.mean_matched[46][47],0.56235,0.5586
R100,signal_maps.mean_matched[46][48],0.5576,0.5551
R100,signal_maps.mean_matched[46][49],0.5539,0.5516
R100,signal_maps.mean_matched[46][50],0.55065,0.5479
R100,signal_maps.mean_matched[46][51],0.54725,0.5446
R100,signal_maps.mean_matched[46][52],0.54285,0.5401
R100,signal_maps.mean_matched[46][53],0.53945,0.53695
R100,signal_maps.mean_matched[46][54],0.5364,0.5335
R100,signal_maps.mean_matched[46][55],0.53295,0.5301
R100,signal_maps.mean_matched[46][56],0.5297,0.52655
R100,signal_maps.mean_matched[46][57],0.52565,0.5232
R100,signal_maps.mean_matched[46][58],0.5218,0.5195
R100,signal_maps.mean_matched[46][59],0.51855,0.51585
R100,signal_maps.mean_matched[46][60],0.51545,0.5127
R100,signal_maps.mean_matched[47][0],0.72345,0.7195
R100,signal_maps.mean_matched[47][1],0.72075,0.7165
R100,signal_maps.mean_matched[47][2],0.7174,0.71365
R100,signal_maps.mean_matched[47][3],0.71455,0.71055
R100,signal_maps.mean_matched[47][4],0.7114,0.70705
R100,signal_maps.mean_matched[47][5],0.7084,0.7031
R100,signal_maps.mean_matched[47][6],0.7049,0.7
R100,signal_maps.mean_matched[47][7],0.701,0.6968
R100,signal_maps.mean_matched[47][8],0.6976,0.69305
R100,signal_maps.mean_matched[47][9],0.69485,0.68885
R100,signal_maps.mean_matched[47][10],0.6922,0.68555
R100,signal_maps.mean_matched[47][11],0.6895,0.68205
R100,signal_maps.mean_matched[47][12],0.6865,0.6793
R100,signal_maps.mean_matched[47][13],0.6836,0.67655
R100,signal_maps.mean_matched[47][14],0.6804,0.6735
R100,signal_maps.mean_matched[47][15],0.67765,0.6706
R100,signal_maps.mean_matched[47][16],0.6741,0.6669
R100,signal_maps.mean_matched[47][17],0.67015,0.66385
R100,signal_maps.mean_matched[47][18],0.66695,0.6601
R100,signal_maps.mean_matched[47][19],0.66375,0.65665
R100,signal_maps.mean_matched[47][20],0.65985,0.65375
R100,signal_maps.mean_matched[47][21],0.65655,0.6493
R100,signal_maps.mean_matched[47][22],0.6532,0.6456
R100,signal_maps.mean_matched[47][23],0.6498,0.6426
R100,signal_maps.mean_matched[47][24],0.64635,0.6397
R100,signal_maps.mean_matched[47][25],0.6429,0.636
R100,signal_maps.mean_matched[47][26],0.64,0.63245
R100,signal_maps.mean_matched[47][27],0.6365,0.6291
R100,signal_maps.mean_matched[47][28],0.6329,0.62605
R100,signal_maps.mean_matched[47][29],0.6295,0.6229
R100,signal_maps.mean_matched[47][30],0.626,0.6196
R100,signal_maps.mean_matched[47][31],0.6231,0.6154
R100,signal_maps.mean_matched[47][32],0.6191,0.6129
R100,signal_maps.mean_matched[47][33],0.6164,0.6098
R100,signal_maps.mean_matched[47][34],0.6132,0.6066
R100,signal_maps.mean_matched[47][35],0.61145,0.6044
R100,signal_maps.mean_matched[47][36],0.60655,0.59935
R100,signal_maps.mean_matched[47][37],0.60255,0.59595
R100,signal_maps.mean_matched[47][38],0.5988,0.59285
R100,signal_maps.mean_matched[47][39],0.5947,0.58905
R100,signal_maps.mean_matched[47][40],0.5911,0.58585
R100,signal_maps.mean_matched[47][41],0.58745,0.5834
R100,signal_maps.mean_matched[47][42],0.58385,0.57965
R100,signal_maps.mean_matched[47][43],0.58015,0.57625
R100,signal_maps.mean_matched[47][44],0.57655,0.57305
R100,signal_maps.mean_matched[47][45],0.57355,0.5694
R100,signal_maps.mean_matched[47][46],0.5704,0.56585
R100,signal_maps.mean_matched[47][47],0.5668,0.56285
R100,signal_maps.mean_matched[47][48],0.5634,0.5593
R100,signal_maps.mean_matched[47][49],0.55835,0.5558
R100,signal_maps.mean_matched[47][50],0.55465,0.55225
R100,signal_maps.mean_matched[47][51],0.55125,0.5486
R100,signal_maps.mean_matched[47][52],0.5479,0.5455
R100,signal_maps.mean_matched[47][53],0.5436,0.5409
R100,signal_maps.mean_matched[47][54],0.5403,0.5376
R100,signal_maps.mean_matched[47][55],0.537,0.53445
R100,signal_maps.mean_matched[47][56],0.53345,0.5309
R100,signal_maps.mean_matched[47][57],0.53025,0.52735
R100,signal_maps.mean_matched[47][58],0.52625,0.524
R100,signal_maps.mean_matched[47][59],0.52255,0.5202
R100,signal_maps.mean_matched[47][60],0.5192,0.51675
R100,signal_maps.mean_matched[48][0],0.72775,0.7229
R100,signal_maps.mean_matched[48][1],0.7243,0.7201
R100,signal_maps.mean_matched[48][2],0.72165,0.71735
R100,signal_maps.mean_matched[48][3],0.71805,0.71425
R100,signal_maps.mean_matched[48][4],0.71505,0.71095
R100,signal_maps.mean_matched[48][5],0.71185,0.70795
R100,signal_maps.mean_matched[48][6],0.7091,0.7041
R100,signal_maps.mean_matched[48][7],0.7056,0.70095
R100,signal_maps.mean_matched[48][8],0.70195,0.6975
R100,signal_maps.mean_matched[48][9],0.6983,0.6941
R100,signal_maps.mean_matched[48][10],0.6955,0.68935
R100,signal_maps.mean_matched[48][11],0.6928,0.68645
R100,signal_maps.mean_matched[48][12],0.69005,0.68295
R100,signal_maps.mean_matched[48][13],0.6871,0.68005
R100,signal_maps.mean_matched[48][14],0.68395,0.6773
R100,signal_maps.mean_matched[48][15],0.68085,0.67415
R100,signal_maps.mean_matched[48][16],0.67795,0.67145
R100,signal_maps.mean_matched[48][17],0.6746,0.668
R100,signal_maps.mean_matched[48][18],0.6707,0.6644
R100,signal_maps.mean_matched[48][19],0.66765,0.6614
R100,signal_maps.mean_matched[48][20],0.6644,0.65745
R100,signal_maps.mean_matched[48][21],0.6609,0.65435
R100,signal_maps.mean_matched[48][22],0.6573,0.65025
R100,signal_maps.mean_matched[48][23],0.65365,0.6464
R100,signal_maps.mean_matched[48][24],0.65055,0.64345
R100,signal_maps.mean_matched[48][25],0.64705,0.6401
R100,signal_maps.mean_matched[48][26],0.64365,0.6367
R100,signal_maps.mean_matched[48][27],0.6406,0.6335
R100,signal_maps.mean_matched[48][28],0.63735,0.62985
R100,signal_maps.mean_matched[48][29],0.63375,0.6268
R100,signal_maps.mean_matched[48][30],0.6305,0.6234
R100,signal_maps.mean_matched[48][31],0.62655,0.62015
R100,signal_maps.mean_matched[48][32],0.6236,0.61635
R100,signal_maps.mean_matched[48][33],0.62005,0.61335
R100,signal_maps.mean_matched[48][34],0.61705,0.61045
R100,signal_maps.mean_matched[48][35],0.61525,0.6087
R100,signal_maps.mean_matched[48][36],0.61025,0.6032
R100,signal_maps.mean_matched[48][37],0.6071,0.59995
R100,signal_maps.mean_matched[48][38],0.6033,0.5969
R100,signal_maps.mean_matched[48][39],0.5993,0.59365
R100,signal_maps.mean_matched[48][40],0.5954,0.5897
R100,signal_maps.mean_matched[48][41],0.59185,0.5864
R100,signal_maps.mean_matched[48][42],0.58805,0.58405
R100,signal_maps.mean_matched[48][43],0.5847,0.5802
R100,signal_maps.mean_matched[48][44],0.5806,0.57675
R100,signal_maps.mean_matched[48][45],0.5776,0.57385
R100,signal_maps.mean_matched[48][46],0.5742,0.5701
R100,signal_maps.mean_matched[48][47],0.57065,0.5665
R100,signal_maps.mean_matched[48][48],0.56745,0.5635
R100,signal_maps.mean_matched[48][49],0.56415,0.5601
R100,signal_maps.mean_matched[48][50],0.55925,0.5564
R100,signal_maps.mean_matched[48][51],0.5554,0.55285
R100,signal_maps.mean_matched[48][52],0.55185,0.5494
R100,signal_maps.mean_matched[48][53],0.5484,0.5462
R100,signal_maps.mean_matched[48][54],0.5447,0.54165
R100,signal_maps.mean_matched[48][55],0.54085,0.53825
R100,signal_maps.mean_matched[48][56],0.5378,0.535
R100,signal_maps.mean_matched[48][57],0.53425,0.53155
R100,signal_maps.mean_matched[48][58],0.5308,0.5283
R100,signal_maps.mean_matched[48][59],0.5273,0.52465
R100,signal_maps.mean_matched[48][60],0.5232,0.5211
R100,signal_maps.mean_matched[49][0],0.7312,0.7264
R100,signal_maps.mean_matched[49][1],0.7285,0.72345
R100,signal_maps.mean_matched[49][2],0.72545,0.72075
R100,signal_maps.mean_matched[49][3],0.72245,0.718
R100,signal_maps.mean_matched[49][4],0.7189,0.7149
R100,signal_maps.mean_matched[49][5],0.71595,0.71215
R100,signal_maps.mean_matched[49][6],0.7126,0.70855
R100,signal_maps.mean_matched[49][7],0.70975,0.70515
R100,signal_maps.mean_matched[49][8],0.7066,0.70165
R100,signal_maps.mean_matched[49][9],0.703,0.6981
R100,signal_maps.mean_matched[49][10],0.699,0.69505
R100,signal_maps.mean_matched[49][11],0.696,0.69045
R100,signal_maps.mean_matched[49][12],0.6934,0.6872
R100,signal_maps.mean_matched[49][13],0.6906,0.6837
R100,signal_maps.mean_matched[49][14],0.68775,0.6807
R100,signal_maps.mean_matched[49][15],0.6846,0.67795
R100,signal_maps.mean_matched[49][16],0.6814,0.675
R100,signal_maps.mean_matched[49][17],0.67855,0.67205
R100,signal_maps.mean_matched[49][18],0.6754,0.669
R100,signal_maps.mean_matched[49][19],0.6713,0.6652
R100,signal_maps.mean_matched[49][20],0.6683,0.6619
R100,signal_maps.mean_matched[49][21],0.66495,0.658
R100,signal_maps.mean_matched[49][22],0.66185,0.6549
R100,signal_maps.mean_matched[49][23],0.65785,0.65115
R100,signal_maps.mean_matched[49][24],0.65455,0.6474
R100,signal_maps.mean_matched[49][25],0.6514,0.6442
R100,signal_maps.mean_matched[49][26],0.64785,0.6406
R100,signal_maps.mean_matched[49][27],0.64435,0.63745
R100,signal_maps.mean_matched[49][28],0.64125,0.63425
R100,signal_maps.mean_matched[49][29],0.6381,0.6308
R100,signal_maps.mean_matched[49][30],0.6345,0.62745
R100,signal_maps.mean_matched[49][31],0.63095,0.624
R100,signal_maps.mean_matched[49][32],0.6273,0.6206
R100,signal_maps.mean_matched[49][33],0.6244,0.6172
R100,signal_maps.mean_matched[49][34],0.6207,0.6139
R100,signal_maps.mean_matched[49][35],0.6189,0.6124
R100,signal_maps.mean_matched[49][36],0.61445,0.6079
R100,signal_maps.mean_matched[49][37],0.61095,0.60435
R100,signal_maps.mean_matched[49][38],0.6078,0.60075
R100,signal_maps.mean_matched[49][39],0.6038,0.59745
R100,signal_maps.mean_matched[49][40],0.60025,0.5939
R100,signal_maps.mean_matched[49][41],0.59615,0.5908
R100,signal_maps.mean_matched[49][42],0.5925,0.5871
R100,signal_maps.mean_matched[49][43],0.5888,0.58455
R100,signal_maps.mean_matched[49][44],0.5853,0.58105
R100,signal_maps.mean_matched[49][45],0.58135,0.5773
R100,signal_maps.mean_matched[49][46],0.5783,0.57425
R100,signal_maps.mean_matched[49][47],0.57475,0.57095
R100,signal_maps.mean_matched[49][48],0.57155,0.5675
R100,signal_maps.mean_matched[49][49],0.56815,0.56395
R100,signal_maps.mean_matched[49][50],0.5651,0.5608
R100,signal_maps.mean_matched[49][51],0.5603,0.55715
R100,signal_maps.mean_matched[49][52],0.55615,0.55355
R100,signal_maps.mean_matched[49][53],0.55235,0.55015
R100,signal_maps.mean_matched[49][54],0.549,0.5468
R100,signal_maps.mean_matched[49][55],0.5453,0.54285
R100,signal_maps.mean_matched[49][56],0.54155,0.53865
R100,signal_maps.mean_matched[49][57],0.5382,0.53555
R100,signal_maps.mean_matched[49][58],0.5348,0.53255
R100,signal_maps.mean_matched[49][59],0.53165,0.5287
R100,signal_maps.mean_matched[49][60],0.52775,0.52535
R100,signal_maps.mean_matched[50][0],0.7342,0.73035
R100,signal_maps.mean_matched[50][1],0.73165,0.7271
R100,signal_maps.mean_matched[50][2],0.72905,0.72405
R100,signal_maps.mean_matched[50][3],0.7263,0.7215
R100,signal_maps.mean_matched[50][4],0.72325,0.71875
R100,signal_maps.mean_matched[50][5],0.71995,0.7157
R100,signal_maps.mean_matched[50][6],0.7168,0.7125
R100,signal_maps.mean_matched[50][7],0.71355,0.70925
R100,signal_maps.mean_matched[50][8],0.71025,0.7059
R100,signal_maps.mean_matched[50][9],0.7074,0.7024
R100,signal_maps.mean_matched[50][10],0.7036,0.6989
R100,signal_maps.mean_matched[50][11],0.69985,0.69615
R100,signal_maps.mean_matched[50][12],0.6966,0.6912
R100,signal_maps.mean_matched[50][13],0.69415,0.6879
R100,signal_maps.mean_matched[50][14],0.6913,0.68455
R100,signal_maps.mean_matched[50][15],0.68815,0.6812
R100,signal_maps.mean_matched[50][16],0.68545,0.6788
R100,signal_maps.mean_matched[50][17],0.6821,0.6755
R100,signal_maps.mean_matched[50][18],0.6791,0.6726
R100,signal_maps.mean_matched[50][19],0.6761,0.66975
R100,signal_maps.mean_matched[50][20],0.67225,0.6662
R100,signal_maps.mean_matched[50][21],0.66905,0.66295
R100,signal_maps.mean_matched[50][22],0.66565,0.6592
R100,signal_maps.mean_matched[50][23],0.6625,0.65575
R100,signal_maps.mean_matched[50][24],0.6584,0.65225
R100,signal_maps.mean_matched[50][25],0.6552,0.648
R100,signal_maps.mean_matched[50][26],0.6519,0.6447
R100,signal_maps.mean_matched[50][27],0.64855,0.6416
R100,signal_maps.mean_matched[50][28],0.6449,0.63815
R100,signal_maps.mean_matched[50][29],0.6418,0.63485
R100,signal_maps.mean_matched[50][30],0.6388,0.63165
R100,signal_maps.mean_matched[50][31],0.6355,0.62815
R100,signal_maps.mean_matched[50][32],0.63155,0.6247
R100,signal_maps.mean_matched[50][33],0.6282,0.62125
R100,signal_maps.mean_matched[50][34],0.62475,0.61805
R100,signal_maps.mean_matched[50][35],0.6234,0.61545
R100,signal_maps.mean_matched[50][36],0.6185,0.61185
R100,signal_maps.mean_matched[50][37],0.6152,0.6083
R100,signal_maps.mean_matched[50][38],0.61175,0.605
R100,signal_maps.mean_matched[50][39],0.6083,0.6015
R100,signal_maps.mean_matched[50][40],0.60465,0.5982
R100,signal_maps.mean_matched[50][41],0.6009,0.5947
R100,signal_maps.mean_matched[50][42],0.59655,0.59155
R100,signal_maps.mean_matched[50][43],0.59325,0.5879
R100,signal_maps.mean_matched[50][44],0.58975,0.58525
R100,signal_maps.mean_matched[50][45],0.58625,0.5816
R100,signal_maps.mean_matched[50][46],0.58235,0.57795
R100,signal_maps.mean_matched[50][47],0.5791,0.57495
R100,signal_maps.mean_matched[50][48],0.5753,0.57155
R100,signal_maps.mean_matched[50][49],0.5725,0.5684
R100,signal_maps.mean_matched[50][50],0.56865,0.5648
R100,signal_maps.mean_matched[50][51],0.5656,0.5613
R100,signal_maps.mean_matched[50][52],0.56155,0.558
R100,signal_maps.mean_matched[50][53],0.5571,0.55395
R100,signal_maps.mean_matched[50][54],0.55295,0.5505
R100,signal_maps.mean_matched[50][55],0.54955,0.54745
R100,signal_maps.mean_matched[50][56],0.54585,0.54345
R100,signal_maps.mean_matched[50][57],0.5421,0.53935
R100,signal_maps.mean_matched[50][58],0.53865,0.53625
R100,signal_maps.mean_matched[50][59],0.5354,0.5329
R100,signal_maps.mean_matched[50][60],0.5322,0.5293
R100,signal_maps.mean_matched[51][0],0.7379,0.7346
R100,signal_maps.mean_matched[51][1],0.73475,0.7311
R100,signal_maps.mean_matched[51][2],0.7322,0.7279
R100,signal_maps.mean_matched[51][3],0.72975,0.72465
R100,signal_maps.mean_matched[51][4],0.72685,0.72215
R100,signal_maps.mean_matched[51][5],0.7236,0.719
R100,signal_maps.mean_matched[51][6],0.72055,0.7162
R100,signal_maps.mean_matched[51][7],0.7173,0.7132
R100,signal_maps.mean_matched[51][8],0.7146,0.70995
R100,signal_maps.mean_matched[51][9],0.71105,0.7066
R100,signal_maps.mean_matched[51][10],0.7081,0.7033
R100,signal_maps.mean_matched[51][11],0.70445,0.6996
R100,signal_maps.mean_matched[51][12],0.7007,0.6967
R100,signal_maps.mean_matched[51][13],0.6972,0.6923
R100,signal_maps.mean_matched[51][14],0.6946,0.68865
R100,signal_maps.mean_matched[51][15],0.69235,0.68535
R100,signal_maps.mean_matched[51][16],0.68885,0.68215
R100,signal_maps.mean_matched[51][17],0.6863,0.67935
R100,signal_maps.mean_matched[51][18],0.68275,0.6763
R100,signal_maps.mean_matched[51][19],0.67965,0.6734
R100,signal_maps.mean_matched[51][20],0.6767,0.67035
R100,signal_maps.mean_matched[51][21],0.6734,0.66675
R100,signal_maps.mean_matched[51][22],0.6696,0.6638
R100,signal_maps.mean_matched[51][23],0.66655,0.65985
R100,signal_maps.mean_matched[51][24],0.66335,0.6565
R100,signal_maps.mean_matched[51][25],0.6591,0.6531
R100,signal_maps.mean_matched[51][26],0.6559,0.6485
R100,signal_maps.mean_matched[51][27],0.65285,0.6456
R100,signal_maps.mean_matched[51][28],0.6491,0.6421
R100,signal_maps.mean_matched[51][29],0.6454,0.639
R100,signal_maps.mean_matched[51][30],0.6425,0.63555
R100,signal_maps.mean_matched[51][31],0.63945,0.6322
R100,signal_maps.mean_matched[51][32],0.63635,0.62855
R100,signal_maps.mean_matched[51][33],0.6321,0.6253
R100,signal_maps.mean_matched[51][34],0.62905,0.62195
R100,signal_maps.mean_matched[51][35],0.62705,0.62025
R100,signal_maps.mean_matched[51][36],0.62255,0.6146
R100,signal_maps.mean_matched[51][37],0.619,0.61225
R100,signal_maps.mean_matched[51][38],0.61605,0.6091
R100,signal_maps.mean_matched[51][39],0.6125,0.60565
R100,signal_maps.mean_matched[51][40],0.60875,0.60225
R100,signal_maps.mean_matched[51][41],0.6055,0.5987
R100,signal_maps.mean_matched[51][42],0.6019,0.5953
R100,signal_maps.mean_matched[51][43],0.59735,0.5922
R100,signal_maps.mean_matched[51][44],0.59375,0.5885
R100,signal_maps.mean_matched[51][45],0.59035,0.5856
R100,signal_maps.mean_matched[51][46],0.58695,0.58255
R100,signal_maps.mean_matched[51][47],0.58325,0.579
R100,signal_maps.mean_matched[51][48],0.57995,0.5757
R100,signal_maps.mean_matched[51][49],0.576,0.57215
R100,signal_maps.mean_matched[51][50],0.57335,0.56905
R100,signal_maps.mean_matched[51][51],0.56945,0.5655
R100,signal_maps.mean_matched[51][52],0.5662,0.56225
R100,signal_maps.mean_matched[51][53],0.56255,0.55875
R100,signal_maps.mean_matched[51][54],0.55805,0.55465
R100,signal_maps.mean_matched[51][55],0.5538,0.55135
R100,signal_maps.mean_matched[51][56],0.5503,0.5478
R100,signal_maps.mean_matched[51][57],0.5467,0.54425
R100,signal_maps.mean_matched[51][58],0.5426,0.54005
R100,signal_maps.mean_matched[51][59],0.5391,0.53685
R100,signal_maps.mean_matched[51][60],0.53625,0.53335
R100,signal_maps.mean_matched[52][0],0.74145,0.7382
R100,signal_maps.mean_matched[52][1],0.7385,0.73505
R100,signal_maps.mean_matched[52][2],0.73515,0.73175
R100,signal_maps.mean_matched[52][3],0.73295,0.72855
R100,signal_maps.mean_matched[52][4],0.73045,0.7251
R100,signal_maps.mean_matched[52][5],0.7276,0.72275
R100,signal_maps.mean_matched[52][6],0.72425,0.7197
R100,signal_maps.mean_matched[52][7],0.7216,0.7172
R100,signal_maps.mean_matched[52][8],0.718,0.71375
R100,signal_maps.mean_matched[52][9],0.7152,0.711
R100,signal_maps.mean_matched[52][10],0.712,0.70715
R100,signal_maps.mean_matched[52][11],0.7087,0.70385
R100,signal_maps.mean_matched[52][12],0.70515,0.7004
R100,signal_maps.mean_matched[52][13],0.7012,0.6976
R100,signal_maps.mean_matched[52][14],0.69805,0.6933
R100,signal_maps.mean_matched[52][15],0.6952,0.68935
R100,signal_maps.mean_matched[52][16],0.69285,0.6861
R100,signal_maps.mean_matched[52][17],0.68965,0.68265
R100,signal_maps.mean_matched[52][18],0.68695,0.6797
R100,signal_maps.mean_matched[52][19],0.68365,0.6769
R100,signal_maps.mean_matched[52][20],0.68045,0.67425
R100,signal_maps.mean_matched[52][21],0.6773,0.67095
R100,signal_maps.mean_matched[52][22],0.6741,0.6671
R100,signal_maps.mean_matched[52][23],0.67035,0.6643
R100,signal_maps.mean_matched[52][24],0.6671,0.6605
R100,signal_maps.mean_matched[52][25],0.6642,0.6572
R100,signal_maps.mean_matched[52][26],0.66,0.6539
R100,signal_maps.mean_matched[52][27],0.65655,0.6496
R100,signal_maps.mean_matched[52][28],0.6535,0.64615
R100,signal_maps.mean_matched[52][29],0.6497,0.64275
R100,signal_maps.mean_matched[52][30],0.64645,0.63975
R100,signal_maps.mean_matched[52][31],0.6431,0.63655
R100,signal_maps.mean_matched[52][32],0.64015,0.63265
R100,signal_maps.mean_matched[52][33],0.63705,0.62945
R100,signal_maps.mean_matched[52][34],0.63305,0.62585
R100,signal_maps.mean_matched[52][35],0.6309,0.62425
R100,signal_maps.mean_matched[52][36],0.62635,0.6191
R100,signal_maps.mean_matched[52][37],0.62315,0.6154
R100,signal_maps.mean_matched[52][38],0.61965,0.61275
R100,signal_maps.mean_matched[52][39],0.61665,0.60965
R100,signal_maps.mean_matched[52][40],0.61345,0.60655
R100,signal_maps.mean_matched[52][41],0.6096,0.6027
R100,signal_maps.mean_matched[52][42],0.60645,0.5995
R100,signal_maps.mean_matched[52][43],0.6026,0.59605
R100,signal_maps.mean_matched[52][44],0.5985,0.5929
R100,signal_maps.mean_matched[52][45],0.59455,0.5892
R100,signal_maps.mean_matched[52][46],0.59115,0.58625
R100,signal_maps.mean_matched[52][47],0.58765,0.58305
R100,signal_maps.mean_matched[52][48],0.5839,0.57965
R100,signal_maps.mean_matched[52][49],0.58035,0.5762
R100,signal_maps.mean_matched[52][50],0.5767,0.5727
R100,signal_maps.mean_matched[52][51],0.57375,0.5695
R100,signal_maps.mean_matched[52][52],0.57015,0.5658
R100,signal_maps.mean_matched[52][53],0.5668,0.5631
R100,signal_maps.mean_matched[52][54],0.56295,0.55925
R100,signal_maps.mean_matched[52][55],0.5588,0.55565
R100,signal_maps.mean_matched[52][56],0.55485,0.552
R100,signal_maps.mean_matched[52][57],0.5511,0.5483
R100,signal_maps.mean_matched[52][58],0.5475,0.5451
R100,signal_maps.mean_matched[52][59],0.5434,0.5408
R100,signal_maps.mean_matched[52][60],0.5398,0.5374
R100,signal_maps.mean_matched[53][0],0.7466,0.741
R100,signal_maps.mean_matched[53][1],0.7421,0.73865
R100,signal_maps.mean_matched[53][2],0.7391,0.736
R100,signal_maps.mean_matched[53][3],0.73615,0.7327
R100,signal_maps.mean_matched[53][4],0.7334,0.72965
R100,signal_maps.mean_matched[53][5],0.7311,0.72585
R100,signal_maps.mean_matched[53][6],0.7282,0.7233
R100,signal_maps.mean_matched[53][7],0.7249,0.7203
R100,signal_maps.mean_matched[53][8],0.72245,0.71765
R100,signal_maps.mean_matched[53][9],0.7188,0.7146
R100,signal_maps.mean_matched[53][10],0.71585,0.71175
R100,signal_maps.mean_matched[53][11],0.7128,0.70825
R100,signal_maps.mean_matched[53][12],0.7093,0.7044
R100,signal_maps.mean_matched[53][13],0.7061,0.7013
R100,signal_maps.mean_matched[53][14],0.70205,0.6979
R100,signal_maps.mean_matched[53][15],0.69865,0.6944
R100,signal_maps.mean_matched[53][16],0.6957,0.69005
R100,signal_maps.mean_matched[53][17],0.69325,0.68675
R100,signal_maps.mean_matched[53][18],0.6905,0.68345
R100,signal_maps.mean_matched[53][19],0.68765,0.68045
R100,signal_maps.mean_matched[53][20],0.68445,0.6776
R100,signal_maps.mean_matched[53][21],0.68125,0.6748
R100,signal_maps.mean_matched[53][22],0.678,0.6716
R100,signal_maps.mean_matched[53][23],0.6749,0.6686
R100,signal_maps.mean_matched[53][24],0.67095,0.665
R100,signal_maps.mean_matched[53][25],0.6677,0.6615
R100,signal_maps.mean_matched[53][26],0.6644,0.6577
R100,signal_maps.mean_matched[53][27],0.661,0.6546
R100,signal_maps.mean_matched[53][28],0.6572,0.6505
R100,signal_maps.mean_matched[53][29],0.65405,0.64675
R100,signal_maps.mean_matched[53][30],0.65065,0.64345
R100,signal_maps.mean_matched[53][31],0.6472,0.64035
R100,signal_maps.mean_matched[53][32],0.6435,0.63715
R100,signal_maps.mean_matched[53][33],0.6407,0.63355
R100,signal_maps.mean_matched[53][34],0.63755,0.62995
R100,signal_maps.mean_matched[53][35],0.63585,0.62845
R100,signal_maps.mean_matched[53][36],0.63015,0.62335
R100,signal_maps.mean_matched[53][37],0.6269,0.62005
R100,signal_maps.mean_matched[53][38],0.6238,0.61625
R100,signal_maps.mean_matched[53][39],0.62015,0.61345
R100,signal_maps.mean_matched[53][40],0.61735,0.61025
R100,signal_maps.mean_matched[53][41],0.61425,0.60715
R100,signal_maps.mean_matched[53][42],0.6104,0.6031
R100,signal_maps.mean_matched[53][43],0.60725,0.5999
R100,signal_maps.mean_matched[53][44],0.6032,0.59665
R100,signal_maps.mean_matched[53][45],0.59915,0.59345
R100,signal_maps.mean_matched[53][46],0.5954,0.58985
R100,signal_maps.mean_matched[53][47],0.59175,0.58665
R100,signal_maps.mean_matched[53][48],0.5882,0.584
R100,signal_maps.mean_matched[53][49],0.58455,0.58055
R100,signal_maps.mean_matched[53][50],0.581,0.5766
R100,signal_maps.mean_matched[53][51],0.5775,0.57345
R100,signal_maps.mean_matched[53][52],0.57405,0.5701
R100,signal_maps.mean_matched[53][53],0.57095,0.56655
R100,signal_maps.mean_matched[53][54],0.56765,0.5637
R100,signal_maps.mean_matched[53][55],0.5639,0.56005
R100,signal_maps.mean_matched[53][56],0.5593,0.5562
R100,signal_maps.mean_matched[53][57],0.55545,0.5526
R100,signal_maps.mean_matched[53][58],0.5519,0.5491
R100,signal_maps.mean_matched[53][59],0.54835,0.54565
R100,signal_maps.mean_matched[53][60],0.5443,0.5412
R100,signal_maps.mean_matched[54][0],0.74975,0.74485
R100,signal_maps.mean_matched[54][1],0.74715,0.7419
R100,signal_maps.mean_matched[54][2],0.743,0.73915
R100,signal_maps.mean_matched[54][3],0.7401,0.73645
R100,signal_maps.mean_matched[54][4],0.7371,0.7338
R100,signal_maps.mean_matched[54][5],0.7341,0.7305
R100,signal_maps.mean_matched[54][6],0.7319,0.72685
R100,signal_maps.mean_matched[54][7],0.72885,0.72385
R100,signal_maps.mean_matched[54][8],0.72565,0.7208
R100,signal_maps.mean_matched[54][9],0.72305,0.71825
R100,signal_maps.mean_matched[54][10],0.71945,0.71535
R100,signal_maps.mean_matched[54][11],0.7165,0.712
R100,signal_maps.mean_matched[54][12],0.7134,0.7089
R100,signal_maps.mean_matched[54][13],0.71005,0.70525
R100,signal_maps.mean_matched[54][14],0.7068,0.70205
R100,signal_maps.mean_matched[54][15],0.70305,0.6985
R100,signal_maps.mean_matched[54][16],0.6995,0.6954
R100,signal_maps.mean_matched[54][17],0.69635,0.6908
R100,signal_maps.mean_matched[54][18],0.69365,0.6877
R100,signal_maps.mean_matched[54][19],0.69125,0.6842
R100,signal_maps.mean_matched[54][20],0.6882,0.6812
R100,signal_maps.mean_matched[54][21],0.6851,0.6784
R100,signal_maps.mean_matched[54][22],0.6816,0.6754
R100,signal_maps.mean_matched[54][23],0.6785,0.67235
R100,signal_maps.mean_matched[54][24],0.6756,0.66915
R100,signal_maps.mean_matched[54][25],0.67165,0.66555
R100,signal_maps.mean_matched[54][26],0.66835,0.66255
R100,signal_maps.mean_matched[54][27],0.66515,0.6586
R100,signal_maps.mean_matched[54][28],0.6617,0.6555
R100,signal_maps.mean_matched[54][29],0.658,0.65135
R100,signal_maps.mean_matched[54][30],0.65475,0.6475
R100,signal_maps.mean_matched[54][31],0.6514,0.6444
R100,signal_maps.mean_matched[54][32],0.64775,0.6408
R100,signal_maps.mean_matched[54][33],0.6445,0.63785
R100,signal_maps.mean_matched[54][34],0.64155,0.6344
R100,signal_maps.mean_matched[54][35],0.63975,0.63275
R100,signal_maps.mean_matched[54][36],0.6348,0.6276
R100,signal_maps.mean_matched[54][37],0.6309,0.6242
R100,signal_maps.mean_matched[54][38],0.6274,0.62075
R100,signal_maps.mean_matched[54][39],0.62435,0.6176
R100,signal_maps.mean_matched[54][40],0.62085,0.61395
R100,signal_maps.mean_matched[54][41],0.618,0.611
R100,signal_maps.mean_matched[54][42],0.6149,0.60775
R100,signal_maps.mean_matched[54][43],0.611,0.6038
R100,signal_maps.mean_matched[54][44],0.6077,0.6004
R100,signal_maps.mean_matched[54][45],0.6038,0.5974
R100,signal_maps.mean_matched[54][46],0.60015,0.59405
R100,signal_maps.mean_matched[54][47],0.5962,0.5905
R100,signal_maps.mean_matched[54][48],0.5923,0.58695
R100,signal_maps.mean_matched[54][49],0.58855,0.58465
R100,signal_maps.mean_matched[54][50],0.58545,0.58095
R100,signal_maps.mean_matched[54][51],0.58155,0.57745
R100,signal_maps.mean_matched[54][52],0.57825,0.57445
R100,signal_maps.mean_matched[54][53],0.57455,0.57075
R100,signal_maps.mean_matched[54][54],0.5715,0.5674
R100,signal_maps.mean_matched[54][55],0.568,0.56415
R100,signal_maps.mean_matched[54][56],0.5645,0.5607
R100,signal_maps.mean_matched[54][57],0.56015,0.5572
R100,signal_maps.mean_matched[54][58],0.55635,0.5533
R100,signal_maps.mean_matched[54][59],0.5526,0.54975
R100,signal_maps.mean_matched[54][60],0.5488,0.54685
R100,signal_maps.mean_matched[55][0],0.7534,0.7482
R100,signal_maps.mean_matched[55][1],0.75085,0.74555
R100,signal_maps.mean_matched[55][2],0.7478,0.74245
R100,signal_maps.mean_matched[55][3],0.7438,0.7397
R100,signal_maps.mean_matched[55][4],0.7407,0.7371
R100,signal_maps.mean_matched[55][5],0.7379,0.7344
R100,signal_maps.mean_matched[55][6],0.73465,0.7311
R100,signal_maps.mean_matched[55][7],0.73245,0.72755
R100,signal_maps.mean_matched[55][8],0.72975,0.7244
R100,signal_maps.mean_matched[55][9],0.72635,0.7219
R100,signal_maps.mean_matched[55][10],0.72355,0.7189
R100,signal_maps.mean_matched[55][11],0.72025,0.71595
R100,signal_maps.mean_matched[55][12],0.71715,0.7129
R100,signal_maps.mean_matched[55][13],0.7141,0.70955
R100,signal_maps.mean_matched[55][14],0.71095,0.70605
R100,signal_maps.mean_matched[55][15],0.7077,0.7031
R100,signal_maps.mean_matched[55][16],0.70395,0.6992
R100,signal_maps.mean_matched[55][17],0.70035,0.6961
R100,signal_maps.mean_matched[55][18],0.6969,0.69155
R100,signal_maps.mean_matched[55][19],0.69405,0.6882
R100,signal_maps.mean_matched[55][20],0.69185,0.6848
R100,signal_maps.mean_matched[55][21],0.68865,0.6818
R100,signal_maps.mean_matched[55][22],0.6856,0.679
R100,signal_maps.mean_matched[55][23],0.6824,0.6759
R100,signal_maps.mean_matched[55][24],0.67935,0.67315
R100,signal_maps.mean_matched[55][25],0.67585,0.66995
R100,signal_maps.mean_matched[55][26],0.67235,0.6663
R100,signal_maps.mean_matched[55][27],0.6694,0.6632
R100,signal_maps.mean_matched[55][28],0.6657,0.65965
R100,signal_maps.mean_matched[55][29],0.6625,0.656
R100,signal_maps.mean_matched[55][30],0.6587,0.6524
R100,signal_maps.mean_matched[55][31],0.6552,0.64835
R100,signal_maps.mean_matched[55][32],0.6521,0.64545
R100,signal_maps.mean_matched[55][33],0.64865,0.6414
R100,signal_maps.mean_matched[55][34],0.64495,0.6383
R100,signal_maps.mean_matched[55][35],0.6431,0.6368
R100,signal_maps.mean_matched[55][36],0.63865,0.63195
R100,signal_maps.mean_matched[55][37],0.6356,0.62845
R100,signal_maps.mean_matched[55][38],0.63155,0.6249
R100,signal_maps.mean_matched[55][39],0.62795,0.6213
R100,signal_maps.mean_matched[55][40],0.62475,0.6181
R100,signal_maps.mean_matched[55][41],0.62115,0.61475
R100,signal_maps.mean_matched[55][42],0.6187,0.61185
R100,signal_maps.mean_matched[55][43],0.6155,0.6084
R100,signal_maps.mean_matched[55][44],0.6118,0.6047
R100,signal_maps.mean_matched[55][45],0.6086,0.601
R100,signal_maps.mean_matched[55][46],0.6045,0.5981
R100,signal_maps.mean_matched[55][47],0.6008,0.5945
R100,signal_maps.mean_matched[55][48],0.5968,0.59105
R100,signal_maps.mean_matched[55][49],0.59295,0.58775
R100,signal_maps.mean_matched[55][50],0.58945,0.5853
R100,signal_maps.mean_matched[55][51],0.58625,0.5819
R100,signal_maps.mean_matched[55][52],0.5824,0.5782
R100,signal_maps.mean_matched[55][53],0.5791,0.5748
R100,signal_maps.mean_matched[55][54],0.5752,0.5715
R100,signal_maps.mean_matched[55][55],0.57195,0.5679
R100,signal_maps.mean_matched[55][56],0.5685,0.56475
R100,signal_maps.mean_matched[55][57],0.5653,0.5614
R100,signal_maps.mean_matched[55][58],0.56085,0.55805
R100,signal_maps.mean_matched[55][59],0.5571,0.55405
R100,signal_maps.mean_matched[55][60],0.55325,0.55065
R100,signal_maps.mean_matched[56][0],0.75745,0.7523
R100,signal_maps.mean_matched[56][1],0.7543,0.74885
R100,signal_maps.mean_matched[56][2],0.75135,0.7463
R100,signal_maps.mean_matched[56][3],0.7483,0.74325
R100,signal_maps.mean_matched[56][4],0.7448,0.74025
R100,signal_maps.mean_matched[56][5],0.7413,0.7378
R100,signal_maps.mean_matched[56][6],0.73835,0.735
R100,signal_maps.mean_matched[56][7],0.73535,0.73145
R100,signal_maps.mean_matched[56][8],0.73285,0.72845
R100,signal_maps.mean_matched[56][9],0.73045,0.7251
R100,signal_maps.mean_matched[56][10],0.7272,0.7224
R100,signal_maps.mean_matched[56][11],0.72405,0.71935
R100,signal_maps.mean_matched[56][12],0.72125,0.71665
R100,signal_maps.mean_matched[56][13],0.71785,0.71345
R100,signal_maps.mean_matched[56][14],0.7148,0.71055
R100,signal_maps.mean_matched[56][15],0.71165,0.7065
R100,signal_maps.mean_matched[56][16],0.7087,0.70355
R100,signal_maps.mean_matched[56][17],0.70475,0.6999
R100,signal_maps.mean_matched[56][18],0.70095,0.6975
R100,signal_maps.mean_matched[56][19],0.69775,0.692
R100,signal_maps.mean_matched[56][20],0.69465,0.6887
R100,signal_maps.mean_matched[56][21],0.69245,0.68565
R100,signal_maps.mean_matched[56][22],0.6892,0.68245
R100,signal_maps.mean_matched[56][23],0.68645,0.6797
R100,signal_maps.mean_matched[56][24],0.6833,0.67665
R100,signal_maps.mean_matched[56][25],0.68,0.67385
R100,signal_maps.mean_matched[56][26],0.6766,0.6706
R100,signal_maps.mean_matched[56][27],0.6731,0.66695
R100,signal_maps.mean_matched[56][28],0.67015,0.6638
R100,signal_maps.mean_matched[56][29],0.66645,0.66025
R100,signal_maps.mean_matched[56][30],0.6634,0.65675
R100,signal_maps.mean_matched[56][31],0.65915,0.6531
R100,signal_maps.mean_matched[56][32],0.65585,0.6492
R100,signal_maps.mean_matched[56][33],0.65265,0.64605
R100,signal_maps.mean_matched[56][34],0.6493,0.64225
R100,signal_maps.mean_matched[56][35],0.64755,0.6403
R100,signal_maps.mean_matched[56][36],0.6424,0.63605
R100,signal_maps.mean_matched[56][37],0.63925,0.63255
R100,signal_maps.mean_matched[56][38],0.6366,0.629
R100,signal_maps.mean_matched[56][39],0.6325,0.62545
R100,signal_maps.mean_matched[56][40],0.62865,0.62205
R100,signal_maps.mean_matched[56][41],0.6255,0.61875
R100,signal_maps.mean_matched[56][42],0.62215,0.615
R100,signal_maps.mean_matched[56][43],0.6193,0.6127
R100,signal_maps.mean_matched[56][44],0.616,0.609
R100,signal_maps.mean_matched[56][45],0.6126,0.60565
R100,signal_maps.mean_matched[56][46],0.6091,0.6019
R100,signal_maps.mean_matched[56][47],0.60515,0.59885
R100,signal_maps.mean_matched[56][48],0.6013,0.5953
R100,signal_maps.mean_matched[56][49],0.5975,0.5921
R100,signal_maps.mean_matched[56][50],0.5935,0.58845
R100,signal_maps.mean_matched[56][51],0.5902,0.5859
R100,signal_maps.mean_matched[56][52],0.5869,0.5823
R100,signal_maps.mean_matched[56][53],0.58305,0.57895
R100,signal_maps.mean_matched[56][54],0.57985,0.57525
R100,signal_maps.mean_matched[56][55],0.5756,0.57215
R100,signal_maps.mean_matched[56][56],0.57265,0.56885
R100,signal_maps.mean_matched[56][57],0.56905,0.5653
R100,signal_maps.mean_matched[56][58],0.5662,0.562
R100,signal_maps.mean_matched[56][59],0.56175,0.5587
R100,signal_maps.mean_matched[56][60],0.55815,0.5547
R100,signal_maps.mean_matched[57][0],0.76125,0.75535
R100,signal_maps.mean_matched[57][1],0.758,0.7527
R100,signal_maps.mean_matched[57][2],0.7551,0.74965
R100,signal_maps.mean_matched[57][3],0.7521,0.7468
R100,signal_maps.mean_matched[57][4],0.7489,0.744
R100,signal_maps.mean_matched[57][5],0.7457,0.7409
R100,signal_maps.mean_matched[57][6],0.74165,0.7384
R100,signal_maps.mean_matched[57][7],0.73895,0.73545
R100,signal_maps.mean_matched[57][8],0.7358,0.7323
R100,signal_maps.mean_matched[57][9],0.73365,0.72925
R100,signal_maps.mean_matched[57][10],0.7311,0.72585
R100,signal_maps.mean_matched[57][11],0.7282,0.7232
R100,signal_maps.mean_matched[57][12],0.72505,0.71985
R100,signal_maps.mean_matched[57][13],0.72175,0.7171
R100,signal_maps.mean_matched[57][14],0.71855,0.71435
R100,signal_maps.mean_matched[57][15],0.7155,0.71115
R100,signal_maps.mean_matched[57][16],0.7124,0.70735
R100,signal_maps.mean_matched[57][17],0.70925,0.70395
R100,signal_maps.mean_matched[57][18],0.70555,0.7008
R100,signal_maps.mean_matched[57][19],0.70165,0.6979
R100,signal_maps.mean_matched[57][20],0.6985,0.69325
R100,signal_maps.mean_matched[57][21],0.69555,0.68945
R100,signal_maps.mean_matched[57][22],0.69305,0.6863
R100,signal_maps.mean_matched[57][23],0.6899,0.68305
R100,signal_maps.mean_matched[57][24],0.6874,0.6805
R100,signal_maps.mean_matched[57][25],0.68395,0.6773
R100,signal_maps.mean_matched[57][26],0.681,0.6745
R100,signal_maps.mean_matched[57][27],0.6774,0.67125
R100,signal_maps.mean_matched[57][28],0.6742,0.66775
R100,signal_maps.mean_matched[57][29],0.6707,0.66435
R100,signal_maps.mean_matched[57][30],0.6674,0.6607
R100,signal_maps.mean_matched[57][31],0.66425,0.65755
R100,signal_maps.mean_matched[57][32],0.6601,0.6538
R100,signal_maps.mean_matched[57][33],0.65655,0.64965
R100,signal_maps.mean_matched[57][34],0.6535,0.6467
R100,signal_maps.mean_matched[57][35],0.65165,0.64475
R100,signal_maps.mean_matched[57][36],0.6464,0.63935
R100,signal_maps.mean_matched[57][37],0.64295,0.63675
R100,signal_maps.mean_matched[57][38],0.6402,0.6332
R100,signal_maps.mean_matched[57][39],0.63705,0.6297
R100,signal_maps.mean_matched[57][40],0.63325,0.62615
R100,signal_maps.mean_matched[57][41],0.6294,0.6227
R100,signal_maps.mean_matched[57][42],0.62615,0.61945
R100,signal_maps.mean_matched[57][43],0.6229,0.6157
R100,signal_maps.mean_matched[57][44],0.61955,0.61325
R100,signal_maps.mean_matched[57][45],0.6167,0.60985
R100,signal_maps.mean_matched[57][46],0.61325,0.60625
R100,signal_maps.mean_matched[57][47],0.60955,0.60295
R100,signal_maps.mean_matched[57][48],0.6062,0.5994
R100,signal_maps.mean_matched[57][49],0.6025,0.596
R100,signal_maps.mean_matched[57][50],0.5981,0.59275
R100,signal_maps.mean_matched[57][51],0.5945,0.5892
R100,signal_maps.mean_matched[57][52],0.59085,0.5862
R100,signal_maps.mean_matched[57][53],0.58765,0.58285
R100,signal_maps.mean_matched[57][54],0.5834,0.57975
R100,signal_maps.mean_matched[57][55],0.5805,0.5762
R100,signal_maps.mean_matched[57][56],0.5766,0.5726
R100,signal_maps.mean_matched[57][57],0.57345,0.56945
R100,signal_maps.mean_matched[57][58],0.56985,0.56575
R100,signal_maps.mean_matched[57][59],0.56655,0.56285
R100,signal_maps.mean_matched[57][60],0.5628,0.55915
R100,signal_maps.mean_matched[58][0],0.76485,0.75885
R100,signal_maps.mean_matched[58][1],0.762,0.75605
R100,signal_maps.mean_matched[58][2],0.7588,0.7531
R100,signal_maps.mean_matched[58][3],0.75575,0.75035
R100,signal_maps.mean_matched[58][4],0.75295,0.74735
R100,signal_maps.mean_matched[58][5],0.7495,0.7445
R100,signal_maps.mean_matched[58][6],0.7467,0.7414
R100,signal_maps.mean_matched[58][7],0.7424,0.73915
R100,signal_maps.mean_matched[58][8],0.7396,0.736
R100,signal_maps.mean_matched[58][9],0.73635,0.733
R100,signal_maps.mean_matched[58][10],0.73395,0.73
R100,signal_maps.mean_matched[58][11],0.7316,0.72645
R100,signal_maps.mean_matched[58][12],0.72885,0.72375
R100,signal_maps.mean_matched[58][13],0.72555,0.72055
R100,signal_maps.mean_matched[58][14],0.7228,0.71795
R100,signal_maps.mean_matched[58][15],0.719,0.71475
R100,signal_maps.mean_matched[58][16],0.71625,0.7121
R100,signal_maps.mean_matched[58][17],0.71305,0.7082
R100,signal_maps.mean_matched[58][18],0.70975,0.70465
R100,signal_maps.mean_matched[58][19],0.70635,0.7015
R100,signal_maps.mean_matched[58][20],0.7026,0.69845
R100,signal_maps.mean_matched[58][21],0.6991,0.69435
R100,signal_maps.mean_matched[58][22],0.69605,0.6902
R100,signal_maps.mean_matched[58][23],0.69345,0.687
R100,signal_maps.mean_matched[58][24],0.69075,0.6836
R100,signal_maps.mean_matched[58][25],0.688,0.68085
R100,signal_maps.mean_matched[58][26],0.6847,0.6782
R100,signal_maps.mean_matched[58][27],0.68155,0.6752
R100,signal_maps.mean_matched[58][28],0.6781,0.672
R100,signal_maps.mean_matched[58][29],0.67505,0.66825
R100,signal_maps.mean_matched[58][30],0.6713,0.6652
R100,signal_maps.mean_matched[58][31],0.66825,0.6613
R100,signal_maps.mean_matched[58][32],0.6651,0.6582
R100,signal_maps.mean_matched[58][33],0.6609,0.655
R100,signal_maps.mean_matched[58][34],0.65725,0.6505
R100,signal_maps.mean_matched[58][35],0.6556,0.64895
R100,signal_maps.mean_matched[58][36],0.65075,0.64395
R100,signal_maps.mean_matched[58][37],0.6471,0.64
R100,signal_maps.mean_matched[58][38],0.6437,0.6371
R100,signal_maps.mean_matched[58][39],0.6408,0.63355
R100,signal_maps.mean_matched[58][40],0.6377,0.6304
R100,signal_maps.mean_matched[58][41],0.6339,0.62705
R100,signal_maps.mean_matched[58][42],0.63035,0.6235
R100,signal_maps.mean_matched[58][43],0.62685,0.6198
R100,signal_maps.mean_matched[58][44],0.62365,0.6163
R100,signal_maps.mean_matched[58][45],0.62015,0.6138
R100,signal_maps.mean_matched[58][46],0.61725,0.61065
R100,signal_maps.mean_matched[58][47],0.61405,0.6074
R100,signal_maps.mean_matched[58][48],0.61035,0.6035
R100,signal_maps.mean_matched[58][49],0.60715,0.60005
R100,signal_maps.mean_matched[58][50],0.60315,0.5967
R100,signal_maps.mean_matched[58][51],0.599,0.59345
R100,signal_maps.mean_matched[58][52],0.59525,0.58985
R100,signal_maps.mean_matched[58][53],0.59145,0.58655
R100,signal_maps.mean_matched[58][54],0.58825,0.5835
R100,signal_maps.mean_matched[58][55],0.58445,0.58045
R100,signal_maps.mean_matched[58][56],0.58105,0.5768
R100,signal_maps.mean_matched[58][57],0.5774,0.5731
R100,signal_maps.mean_matched[58][58],0.5743,0.5699
R100,signal_maps.mean_matched[58][59],0.57075,0.5661
R100,signal_maps.mean_matched[58][60],0.56715,0.5635
R100,signal_maps.mean_matched[59][0],0.76845,0.762
R100,signal_maps.mean_matched[59][1],0.76555,0.7593
R100,signal_maps.mean_matched[59][2],0.76265,0.7566
R100,signal_maps.mean_matched[59][3],0.75955,0.75345
R100,signal_maps.mean_matched[59][4],0.75635,0.75095
R100,signal_maps.mean_matched[59][5],0.7534,0.7481
R100,signal_maps.mean_matched[59][6],0.7503,0.7451
R100,signal_maps.mean_matched[59][7],0.7475,0.74205
R100,signal_maps.mean_matched[59][8],0.74305,0.73965
R100,signal_maps.mean_matched[59][9],0.74,0.7367
R100,signal_maps.mean_matched[59][10],0.73735,0.73365
R100,signal_maps.mean_matched[59][11],0.7344,0.73075
R100,signal_maps.mean_matched[59][12],0.7323,0.72705
R100,signal_maps.mean_matched[59][13],0.72935,0.72425
R100,signal_maps.mean_matched[59][14],0.7262,0.72125
R100,signal_maps.mean_matched[59][15],0.72345,0.7185
R100,signal_maps.mean_matched[59][16],0.72,0.7155
R100,signal_maps.mean_matched[59][17],0.71685,0.71265
R100,signal_maps.mean_matched[59][18],0.71355,0.7093
R100,signal_maps.mean_matched[59][19],0.71035,0.7053
R100,signal_maps.mean_matched[59][20],0.7071,0.70225
R100,signal_maps.mean_matched[59][21],0.70315,0.69885
R100,signal_maps.mean_matched[59][22],0.6999,0.6956
R100,signal_maps.mean_matched[59][23],0.69675,0.6908
R100,signal_maps.mean_matched[59][24],0.69385,0.6877
R100,signal_maps.mean_matched[59][25],0.69125,0.68455
R100,signal_maps.mean_matched[59][26],0.6885,0.6814
R100,signal_maps.mean_matched[59][27],0.68515,0.67875
R100,signal_maps.mean_matched[59][28],0.68215,0.67585
R100,signal_maps.mean_matched[59][29],0.67875,0.6728
R100,signal_maps.mean_matched[59][30],0.6757,0.66935
R100,signal_maps.mean_matched[59][31],0.67185,0.66605
R100,signal_maps.mean_matched[59][32],0.6687,0.6623
R100,signal_maps.mean_matched[59][33],0.6654,0.6587
R100,signal_maps.mean_matched[59][34],0.66225,0.6556
R100,signal_maps.mean_matched[59][35],0.6598,0.6535
R100,signal_maps.mean_matched[59][36],0.6551,0.6478
R100,signal_maps.mean_matched[59][37],0.6514,0.6446
R100,signal_maps.mean_matched[59][38],0.648,0.64095
R100,signal_maps.mean_matched[59][39],0.6447,0.6376
R100,signal_maps.mean_matched[59][40],0.64155,0.6345
R100,signal_maps.mean_matched[59][41],0.6381,0.63095
R100,signal_maps.mean_matched[59][42],0.63495,0.62785
R100,signal_maps.mean_matched[59][43],0.63105,0.62415
R100,signal_maps.mean_matched[59][44],0.6273,0.62095
R100,signal_maps.mean_matched[59][45],0.62425,0.6171
R100,signal_maps.mean_matched[59][46],0.62065,0.6143
R100,signal_maps.mean_matched[59][47],0.61775,0.6111
R100,signal_maps.mean_matched[59][48],0.61485,0.60805
R100,signal_maps.mean_matched[59][49],0.61115,0.604
R100,signal_maps.mean_matched[59][50],0.608,0.6004
R100,signal_maps.mean_matched[59][51],0.60375,0.59725
R100,signal_maps.mean_matched[59][52],0.59975,0.59405
R100,signal_maps.mean_matched[59][53],0.596,0.5906
R100,signal_maps.mean_matched[59][54],0.5923,0.58735
R100,signal_maps.mean_matched[59][55],0.58875,0.5845
R100,signal_maps.mean_matched[59][56],0.58535,0.58115
R100,signal_maps.mean_matched[59][57],0.58165,0.57735
R100,signal_maps.mean_matched[59][58],0.57805,0.5739
R100,signal_maps.mean_matched[59][59],0.5746,0.57055
R100,signal_maps.mean_matched[59][60],0.57135,0.5669
R100,signal_maps.mean_matched[60][0],0.77195,0.7647
R100,signal_maps.mean_matched[60][1],0.7689,0.7625
R100,signal_maps.mean_matched[60][2],0.7662,0.75995
R100,signal_maps.mean_matched[60][3],0.76325,0.7573
R100,signal_maps.mean_matched[60][4],0.76035,0.75395
R100,signal_maps.mean_matched[60][5],0.7569,0.7516
R100,signal_maps.mean_matched[60][6],0.75395,0.7486
R100,signal_maps.mean_matched[60][7],0.75115,0.7456
R100,signal_maps.mean_matched[60][8],0.74805,0.7425
R100,signal_maps.mean_matched[60][9],0.74405,0.73995
R100,signal_maps.mean_matched[60][10],0.7407,0.73725
R100,signal_maps.mean_matched[60][11],0.7378,0.7345
R100,signal_maps.mean_matched[60][12],0.73495,0.7313
R100,signal_maps.mean_matched[60][13],0.73285,0.7281
R100,signal_maps.mean_matched[60][14],0.73025,0.725
R100,signal_maps.mean_matched[60][15],0.7267,0.72195
R100,signal_maps.mean_matched[60][16],0.72415,0.71885
R100,signal_maps.mean_matched[60][17],0.72075,0.71595
R100,signal_maps.mean_matched[60][18],0.71765,0.7131
R100,signal_maps.mean_matched[60][19],0.71415,0.7098
R100,signal_maps.mean_matched[60][20],0.7111,0.706
R100,signal_maps.mean_matched[60][21],0.70755,0.70295
R100,signal_maps.mean_matched[60][22],0.70375,0.69935
R100,signal_maps.mean_matched[60][23],0.70045,0.6964
R100,signal_maps.mean_matched[60][24],0.69735,0.6918
R100,signal_maps.mean_matched[60][25],0.69425,0.68825
R100,signal_maps.mean_matched[60][26],0.6921,0.6849
R100,signal_maps.mean_matched[60][27],0.68895,0.6822
R100,signal_maps.mean_matched[60][28],0.68585,0.6793
R100,signal_maps.mean_matched[60][29],0.68265,0.6764
R100,signal_maps.mean_matched[60][30],0.67955,0.6737
R100,signal_maps.mean_matched[60][31],0.6765,0.67025
R100,signal_maps.mean_matched[60][32],0.6723,0.66655
R100,signal_maps.mean_matched[60][33],0.66935,0.66295
R100,signal_maps.mean_matched[60][34],0.66615,0.65955
R100,signal_maps.mean_matched[60][35],0.6643,0.65785
R100,signal_maps.mean_matched[60][36],0.6591,0.6521
R100,signal_maps.mean_matched[60][37],0.6557,0.6487
R100,signal_maps.mean_matched[60][38],0.65215,0.6453
R100,signal_maps.mean_matched[60][39],0.64875,0.6417
R100,signal_maps.mean_matched[60][40],0.6454,0.6385
R100,signal_maps.mean_matched[60][41],0.64215,0.6351
R100,signal_maps.mean_matched[60][42],0.6388,0.6319
R100,signal_maps.mean_matched[60][43],0.63595,0.62845
R100,signal_maps.mean_matched[60][44],0.6318,0.625
R100,signal_maps.mean_matched[60][45],0.6279,0.6213
R100,signal_maps.mean_matched[60][46],0.6249,0.61805
R100,signal_maps.mean_matched[60][47],0.62115,0.6147
R100,signal_maps.mean_matched[60][48],0.61835,0.61175
R100,signal_maps.mean_matched[60][49],0.61555,0.6086
R100,signal_maps.mean_matched[60][50],0.6115,0.60475
R100,signal_maps.mean_matched[60][51],0.6085,0.6012
R100,signal_maps.mean_matched[60][52],0.6043,0.59805
R100,signal_maps.mean_matched[60][53],0.60075,0.59475
R100,signal_maps.mean_matched[60][54],0.5967,0.59105
R100,signal_maps.mean_matched[60][55],0.59265,0.58795
R100,signal_maps.mean_matched[60][56],0.5892,0.5851
R100,signal_maps.mean_matched[60][57],0.58615,0.58165
R100,signal_maps.mean_matched[60][58],0.5824,0.57825
R100,signal_maps.mean_matched[60][59],0.57885,0.57495
R100,signal_maps.mean_matched[60][60],0.575,0.57105
R100,device_rows[0].p,0.51465,0.5634
R100,device_rows[0].p_corners_min_max[0],0.30195,0.34685
R100,device_rows[0].p_corners_min_max[1],0.74725,0.786
R100,device_rows[0].p_s2_below_s1a,0.5801,0.58325
R100,device_rows[1].p,0.45105,0.4991
R100,device_rows[1].p_corners_min_max[0],0.24755,0.2895
R100,device_rows[1].p_corners_min_max[1],0.6832,0.7257
R100,device_rows[1].p_s2_below_s1a,0.565,0.56935
R100,device_rows[2].p,0.6527,0.6815
R100,device_rows[2].dh_median,-3.6968144387611438e-06,-4.4682969679883e-06
R100,device_rows[2].p_equivalent,0.9206,0.92175
R100,device_rows[2].p_s2_below_s1a,0.8072,0.79965
R100,device_rows[2].p_corners_min_max[0],0.4408,0.47525
R100,device_rows[2].p_corners_min_max[1],0.8194,0.8344
R100,device_rows[3].p,0.42385,0.44055
R100,device_rows[3].dh_median,2.2692244867045517e-06,1.6673665430700562e-06
R100,device_rows[3].p_equivalent,0.8402,0.84625
R100,device_rows[3].p_s2_below_s1a,0.5389,0.5425
R100,device_rows[3].p_corners_min_max[0],0.3312,0.35735
R100,device_rows[3].p_corners_min_max[1],0.4866,0.49455
R100,device_rows[4].p,0.41015,0.4271
R100,device_rows[4].dh_median,2.8119066865460796e-06,2.1848483260032484e-06
R100,device_rows[4].p_equivalent,0.8267,0.83145
R100,device_rows[4].p_s2_below_s1a,0.5236,0.5296
R100,device_rows[4].p_corners_min_max[0],0.32005,0.347
R100,device_rows[4].p_corners_min_max[1],0.46985,0.4767
R100,device_rows[5].p_s2_below_s1a,0.3577,0.3634
R100,device_rows[6].p_s2_below_s1a,0.2252,0.2546
R100,event_chain_medians.conflicts_per_day,0.1519528512746942,0.20778565409586824
R100,event_chain_medians.collisions_per_day,0.0007255592908332579,0.0009878165853851343
R100,event_chain_medians.p_safe_window,0.7718400077831457,0.7133501246923475
R100,grid_rows[0].p_dh_neg_s1a,0.98645,0.9861
R100,grid_rows[0].p_lo_s1a,0.9847517299244638,0.98438156300529
R100,grid_rows[0].p_hi_s1a,0.9879614381965521,0.987631739540965
R100,grid_rows[0].dh_q50_s1a,-0.0010906319500700906,-0.0010905495810682453
R100,grid_rows[0].dh_q95_s1a,-5.682751586286197e-05,-5.627708212103101e-05
R100,grid_rows[0].breakeven_q50_s1a,6.4404753814607485,6.276895500528045
R100,grid_rows[0].p_dh_neg_s1b,0.988,0.98785
R100,grid_rows[0].p_lo_s1b,0.9863944789700794,0.9862352412214113
R100,grid_rows[0].p_hi_s1b,0.9894180938391626,0.9892773891986475
R100,grid_rows[0].dh_q50_s1b,-0.0010832552505677735,-0.001082166629436976
R100,grid_rows[0].dh_q95_s1b,-5.2594134393913246e-05,-5.240038641601885e-05
R100,grid_rows[0].breakeven_q50_s1b,9.142571568693613,8.920341568145592
R100,grid_rows[0].w5_S1a,6.001772279989105e-06,6.170691641687159e-06
R100,grid_rows[0].w5b_S1a,9.741769926665062e-07,9.94208011162186e-07
R100,grid_rows[0].conflicts_day_S1a,0.056304552754645174,0.05738645797433753
R100,grid_rows[0].collisions_day_S1a,0.00041573686647902936,0.00042780581201386263
R100,grid_rows[0].safe_window_S1a,0.7640362621629655,0.7590990623378853
R100,grid_rows[0].w5_S1b,4.10324364221926e-06,4.228296378537418e-06
R100,grid_rows[0].w5b_S1b,6.358522607324338e-07,6.518906254514986e-07
R100,grid_rows[0].conflicts_day_S1b,0.03748946237947906,0.038493789148600716
R100,grid_rows[0].collisions_day_S1b,0.0002854423806028245,0.0002933612149433634
R100,grid_rows[0].safe_window_S1b,0.7630324297104063,0.7577630087523104
R100,grid_rows[1].p_dh_neg_s1a,0.9937,0.99285
R100,grid_rows[1].p_lo_s1a,0.9925046492795454,0.991583946429702
R100,grid_rows[1].p_hi_s1a,0.9947057343186568,0.9939267636297957
R100,grid_rows[1].dh_q50_s1a,-0.0010875851537002312,-0.0010868292882685524
R100,grid_rows[1].dh_q95_s1a,-6.404883037203062e-05,-6.288681393957487e-05
R100,grid_rows[1].breakeven_q50_s1a,13.399489266307336,11.577746246440121
R100,grid_rows[1].p_dh_neg_s1b,0.9931,0.99265
R100,grid_rows[1].p_lo_s1b,0.9918542758696303,0.9913679419026656
R100,grid_rows[1].p_hi_s1b,0.9941563381718392,0.9937428449712545
R100,grid_rows[1].dh_q05_s1b,-0.006452141240887466,-0.006449606296837615
R100,grid_rows[1].dh_q50_s1b,-0.0010755995159666741,-0.001075540414242355
R100,grid_rows[1].dh_q95_s1b,-5.575657390018068e-05,-5.487828355812249e-05
R100,grid_rows[1].breakeven_q50_s1b,18.654917892032454,16.410448352703217
R100,grid_rows[1].w5_S1a,2.9167735910206814e-06,3.3412520970928474e-06
R100,grid_rows[1].w5b_S1a,1.5035690047733596e-06,1.7050613884026736e-06
R100,grid_rows[1].conflicts_day_S1a,0.07353147358309961,0.08345460540897062
R100,grid_rows[1].collisions_day_S1a,0.00020316638366395213,0.0002298232428591119
R100,grid_rows[1].safe_window_S1a,0.7732286366332477,0.7466296768189182
R100,grid_rows[1].w5_S1b,2.048015995282013e-06,2.3241306110500267e-06
R100,grid_rows[1].w5b_S1b,9.841180832122178e-07,1.125083309358147e-06
R100,grid_rows[1].conflicts_day_S1b,0.0486319247241381,0.0554696134999917
R100,grid_rows[1].collisions_day_S1b,0.00014259033208093632,0.00016326391853025207
R100,grid_rows[1].safe_window_S1b,0.7722984185309124,0.7455090342359447
R100,grid_rows[2].p_dh_neg_s1a,0.99755,0.9969
R100,grid_rows[2].p_lo_s1a,0.996762740834407,0.9960283222984191
R100,grid_rows[2].p_hi_s1a,0.9981461640861634,0.9975808322690242
R100,grid_rows[2].dh_q05_s1a,-0.0067884410916238085,-0.006781071718612058
R100,grid_rows[2].dh_q50_s1a,-0.0011127700436698016,-0.0011100145527030577
R100,grid_rows[2].dh_q95_s1a,-7.020091027045194e-05,-6.870859786959677e-05
R100,grid_rows[2].breakeven_q50_s1a,34.8942357329359,20.648000222405066
R100,grid_rows[2].p_dh_neg_s1b,0.99695,0.99615
R100,grid_rows[2].p_lo_s1b,0.9960844826976206,0.9951912571307401
R100,grid_rows[2].p_hi_s1b,0.997624652666217,0.9969181854907873
R100,grid_rows[2].dh_q05_s1b,-0.006757892499440789,-0.006755444143614056
R100,grid_rows[2].dh_q50_s1b,-0.0010995508248917434,-0.001098064491615881
R100,grid_rows[2].dh_q95_s1b,-6.0920929011142685e-05,-5.961146292361432e-05
R100,grid_rows[2].breakeven_q50_s1b,47.8903047460108,28.590200651317783
R100,grid_rows[2].w5_S1a,1.1367371146882621e-06,1.9774423444890804e-06
R100,grid_rows[2].w5b_S1a,4.566733387577064e-06,7.910865937459264e-06
R100,grid_rows[2].conflicts_day_S1a,0.17763653351732217,0.3223114104157005
R100,grid_rows[2].collisions_day_S1a,7.929528251756875e-05,0.00013776795839203328
R100,grid_rows[2].safe_window_S1a,0.7855883571973308,0.6699608592451252
R100,grid_rows[2].w5_S1b,8.180327428830825e-07,1.4192991818164932e-06
R100,grid_rows[2].w5b_S1b,3.04152938357306e-06,5.2991530726239076e-06
R100,grid_rows[2].conflicts_day_S1b,0.11022986479157185,0.2027499448927789
R100,grid_rows[2].collisions_day_S1b,5.7852916094873125e-05,9.957484466651457e-05
R100,grid_rows[2].safe_window_S1b,0.7846565220857794,0.6693927073689814
R100,grid_rows[2].w5_S2,1.5288762369032817e-07,1.5301929547815572e-07
R100,grid_rows[2].w5b_S2,6.258956750267329e-07,6.261108205636686e-07
R100,grid_rows[2].conflicts_day_S2,0.02171374728609088,0.021722327715669204
R100,grid_rows[2].collisions_day_S2,1.0954240333610432e-05,1.095692348137315e-05
R100,grid_rows[3].p_dh_neg_s1a,0.99825,0.99775
R100,grid_rows[3].p_lo_s1a,0.9975672660559343,0.99699090398009
R100,grid_rows[3].p_hi_s1a,0.9987413700141574,0.9983179241260579
R100,grid_rows[3].dh_q05_s1a,-0.006659610736381565,-0.006654450936247085
R100,grid_rows[3].dh_q50_s1a,-0.0011139992217917248,-0.0011109079981113405
R100,grid_rows[3].dh_q95_s1a,-7.410896639065774e-05,-7.172489776201265e-05
R100,grid_rows[3].breakeven_q50_s1a,75.77885715199045,27.372690533360522
R100,grid_rows[3].p_dh_neg_s1b,0.997,0.9966
R100,grid_rows[3].p_lo_s1b,0.9961406935607934,0.9956923559047284
R100,grid_rows[3].p_hi_s1b,0.9976684225994387,0.9973169138843485
R100,grid_rows[3].dh_q05_s1b,-0.0066210719070297665,-0.006619977368199451
R100,grid_rows[3].dh_q50_s1b,-0.001098743631653929,-0.0010980797453561965
R100,grid_rows[3].dh_q95_s1b,-6.398732234837519e-05,-6.232453606076824e-05
R100,grid_rows[3].breakeven_q50_s1b,98.1472578705968,35.199196929518365
R100,grid_rows[3].breakeven_q50_s2,114.63205146179774,111.26921941752474
R100,grid_rows[3].w5_S1a,5.207881383955294e-07,1.5023747253890421e-06
R100,grid_rows[3].w5b_S1a,2.736529242308575e-05,7.215147921259747e-05
R100,grid_rows[3].conflicts_day_S1a,2.6030322741164023,7.384934146776365
R100,grid_rows[3].collisions_day_S1a,3.700166519045031e-05,0.00010757640863631005
R100,grid_rows[3].safe_window_S1a,0.7928555447142663,0.5143667792734925
R100,grid_rows[3].w5_S1b,3.952073662283358e-07,1.1217375726104504e-06
R100,grid_rows[3].w5b_S1b,2.115306381525849e-05,5.5278935679115956e-05
R100,grid_rows[3].conflicts_day_S1b,2.075707978956592,5.88663398764887
R100,grid_rows[3].collisions_day_S1b,2.823664073223806e-05,8.142227047965714e-05
R100,grid_rows[3].safe_window_S1b,0.7920327817168236,0.5131280267764637
R100,grid_rows[3].w5_S2,7.696552263947278e-08,7.896653334182174e-08
R100,grid_rows[3].w5b_S2,5.376497444586614e-06,5.5128756231459365e-06
R100,grid_rows[3].conflicts_day_S2,0.5526991556922087,0.5601644058880471
R100,grid_rows[3].collisions_day_S2,5.533803446968891e-06,5.699439083909417e-06
R100,grid_rows[3].safe_window_S2,0.7407743281182367,0.733040374364323
R100,grid_rows[4].p_dh_neg_s1a,0.9984,0.99825
R100,grid_rows[4].p_lo_s1a,0.9977422157210755,0.9975672660559343
R100,grid_rows[4].p_hi_s1a,0.9988663627381994,0.9987413700141574
R100,grid_rows[4].dh_q05_s1a,-0.006706170344319653,-0.006704318001225552
R100,grid_rows[4].dh_q50_s1a,-0.001115976891129257,-0.0011142748524093434
R100,grid_rows[4].dh_q95_s1a,-7.490402134246893e-05,-7.361118905712819e-05
R100,grid_rows[4].breakeven_q50_s1a,145.40532015562582,40.06199424656863
R100,grid_rows[4].p_dh_neg_s1b,0.99705,0.99665
R100,grid_rows[4].p_lo_s1b,0.99619695613099,0.9957482370499539
R100,grid_rows[4].p_hi_s1b,0.9977121408256364,0.9973610135355174
R100,grid_rows[4].dh_q05_s1b,-0.006687977220230975,-0.006685944790680873
R100,grid_rows[4].dh_q50_s1b,-0.0010990994439090723,-0.0010972110727720825
R100,grid_rows[4].dh_q95_s1b,-6.527867242168365e-05,-6.342742183199987e-05
R100,grid_rows[4].breakeven_q50_s1b,172.85166509853096,47.85122369418001
R100,grid_rows[4].dh_q05_s2,-0.006697804851458898,-0.006696815240687215
R100,grid_rows[4].dh_q95_s2,-6.626153401656897e-05,-6.60343571292502e-05
R100,grid_rows[4].breakeven_q50_s2,192.5919252314194,156.36618111793595
R100,grid_rows[4].w5_S1a,2.7177032740903806e-07,1.0141918339761338e-06
R100,grid_rows[4].w5b_S1a,7.806469601537847e-05,0.000286251348488055
R100,grid_rows[4].conflicts_day_S1a,5.583977602242447,22.30287879462335
R100,grid_rows[4].collisions_day_S1a,1.9447793658309342e-05,7.340806410532273e-05
R100,grid_rows[4].safe_window_S1a,0.796808447658484,0.39685868932174867
R100,grid_rows[4].w5_S1b,2.1887297181995397e-07,8.112184999212526e-07
R100,grid_rows[4].w5b_S1b,6.256985349947062e-05,0.00022821209955157856
R100,grid_rows[4].conflicts_day_S1b,4.4509403963021565,17.724944990897434
R100,grid_rows[4].collisions_day_S1b,1.5861762033816642e-05,5.9576807115210116e-05
R100,grid_rows[4].safe_window_S1b,0.7966422285197188,0.39815101096208166
R100,grid_rows[4].w5_S2,4.548824697016306e-08,5.6604563357421685e-08
R100,grid_rows[4].w5b_S2,1.6414316848344717e-05,2.020995720878803e-05
R100,grid_rows[4].conflicts_day_S2,1.232014723885288,1.4839853821450792
R100,grid_rows[4].collisions_day_S2,3.3276095313715375e-06,4.0635401235693706e-06
R100,grid_rows[4].safe_window_S2,0.7379455510924302,0.6813979913411609
R100,grid_rows[5].p_dh_neg_s1a,0.9876,0.9872
R100,grid_rows[5].p_lo_s1a,0.9859699754169379,0.9855458786607396
R100,grid_rows[5].p_hi_s1a,0.9890427510211489,0.988667001406192
R100,grid_rows[5].dh_q50_s1a,-0.0022309177568457343,-0.0022289511878307708
R100,grid_rows[5].dh_q95_s1a,-0.0001272889114113329,-0.00012609330306850863
R100,grid_rows[5].breakeven_q50_s1a,6.328900934715669,6.0741104846358915
R100,grid_rows[5].p_dh_neg_s1b,0.98725,0.98705
R100,grid_rows[5].p_lo_s1b,0.9855988691590056,0.9853869434080648
R100,grid_rows[5].p_hi_s1b,0.9887139917043204,0.9885259942696837
R100,grid_rows[5].dh_q50_s1b,-0.0022002502688119874,-0.0021993208492599547
R100,grid_rows[5].dh_q95_s1b,-0.00010536615713058564,-0.00010475279198599427
R100,grid_rows[5].breakeven_q50_s1b,8.533153899355401,8.152296141374705
R100,grid_rows[5].w5_S1a,1.2760244493570853e-05,1.3347034456774844e-05
R100,grid_rows[5].w5b_S1a,1.6726354889748484e-06,1.7402653679554895e-06
R100,grid_rows[5].conflicts_day_S1a,0.0926872508067811,0.09713076782534721
R100,grid_rows[5].collisions_day_S1a,0.0009023830684299651,0.0009417097937810643
R100,grid_rows[5].safe_window_S1a,0.7693068291573748,0.7598050340244644
R100,grid_rows[5].w5_S1b,9.296645612563265e-06,9.707462245177242e-06
R100,grid_rows[5].w5b_S1b,1.1127942043138724e-06,1.1560616799951234e-06
R100,grid_rows[5].conflicts_day_S1b,0.06318171992305212,0.0654893431848315
R100,grid_rows[5].collisions_day_S1b,0.0006685660763728605,0.0006925387613952575
R100,grid_rows[5].safe_window_S1b,0.7663769716088762,0.757528725864428
R100,grid_rows[6].p_dh_neg_s1a,0.9942,0.99325
R100,grid_rows[6].p_lo_s1a,0.993048518361643,0.9920166536273292
R100,grid_rows[6].p_hi_s1a,0.9951616732005032,0.9942939028033235
R100,grid_rows[6].dh_q50_s1a,-0.002219445845725045,-0.002214195105631208
R100,grid_rows[6].dh_q95_s1a,-0.00014543624229346224,-0.00014119044949824068
R100,grid_rows[6].breakeven_q50_s1a,13.144760451834479,10.967425283153087
R100,grid_rows[6].p_dh_neg_s1b,0.99185,0.99095
R100,grid_rows[6].p_lo_s1b,0.9905060432846605,0.9895400121752992
R100,grid_rows[6].p_hi_s1b,0.9930050508469493,0.9921714276212116
R100,grid_rows[6].dh_q05_s1b,-0.013320472677034935,-0.013314745851023522
R100,grid_rows[6].dh_q50_s1b,-0.0021649080605047424,-0.0021625547130342537
R100,grid_rows[6].dh_q95_s1b,-0.000120256204692684,-0.00011633532632071794
R100,grid_rows[6].breakeven_q50_s1b,16.958319196434857,14.195002026272476
R100,grid_rows[6].w5_S1a,6.130560597975914e-06,7.472629852161948e-06
R100,grid_rows[6].w5b_S1a,2.4817821547290438e-06,3.0689771832323755e-06
R100,grid_rows[6].conflicts_day_S1a,0.12243658914038705,0.14669111146360014
R100,grid_rows[6].collisions_day_S1a,0.00043376622412074186,0.0005298084388630612
R100,grid_rows[6].safe_window_S1a,0.7797845497211708,0.7390138992723223
R100,grid_rows[6].w5_S1b,4.528279657596466e-06,5.5156234617059855e-06
R100,grid_rows[6].w5b_S1b,1.6575304078476442e-06,2.019521860817211e-06
R100,grid_rows[6].conflicts_day_S1b,0.08126594246971773,0.09741348571180575
R100,grid_rows[6].collisions_day_S1b,0.0003238049699879997,0.00039027751379377073
R100,grid_rows[6].safe_window_S1b,0.7782619384401571,0.7378852555065103
R100,grid_rows[7].p_dh_neg_s1a,0.9964,0.99525
R100,grid_rows[7].p_lo_s1a,0.9954692523335612,0.9941973537644435
R100,grid_rows[7].p_hi_s1a,0.9971400942699381,0.9961124345219847
R100,grid_rows[7].dh_q05_s1a,-0.013270401355810816,-0.013252053886420916
R100,grid_rows[7].dh_q50_s1a,-0.0022678415238426737,-0.002260376309868462
R100,grid_rows[7].dh_q95_s1a,-0.0001524331674432367,-0.000145903240265566
R100,grid_rows[7].breakeven_q50_s1a,31.014043608620057,16.21148191229798
R100,grid_rows[7].p_dh_neg_s1b,0.9939,0.993
R100,grid_rows[7].p_lo_s1b,0.9927219774321951,0.9917460998660389
R100,grid_rows[7].p_hi_s1b,0.9948883293515847,0.9940645525826418
R100,grid_rows[7].dh_q05_s1b,-0.013174738572193685,-0.013174360326130603
R100,grid_rows[7].dh_q50_s1b,-0.0022216426095052065,-0.002218830002621944
R100,grid_rows[7].dh_q95_s1b,-0.00011960641224268773,-0.00011426873354728975
R100,grid_rows[7].breakeven_q50_s1b,39.525292647612254,20.649833921896473
R100,grid_rows[7].breakeven_q50_s2,47.129271885133015,47.12716850846204
R100,grid_rows[7].w5_S1a,2.6882941989299055e-06,5.1656577088293705e-06
R100,grid_rows[7].w5b_S1a,7.961214512583619e-06,1.5566511963677872e-05
R100,grid_rows[7].conflicts_day_S1a,0.32083815567964413,0.6882731448702202
R100,grid_rows[7].collisions_day_S1a,0.00019036590743973328,0.0003704450535945789
R100,grid_rows[7].safe_window_S1a,0.7825643215323471,0.6348105859341169
R100,grid_rows[7].w5_S1b,2.0493460760277533e-06,3.898641509423596e-06
R100,grid_rows[7].w5b_S1b,5.426595900302436e-06,1.0695824351266768e-05
R100,grid_rows[7].conflicts_day_S1b,0.2035722273731944,0.4315666556731428
R100,grid_rows[7].collisions_day_S1b,0.00014586686039864608,0.0002819087302490472
R100,grid_rows[7].safe_window_S1b,0.7822792920334924,0.6380008538645864
R100,grid_rows[7].w5_S2,3.917739845178256e-07,3.92019490246384e-07
R100,grid_rows[7].w5b_S2,1.1040152686045224e-06,1.1069357558065354e-06
R100,grid_rows[7].conflicts_day_S2,0.03910306032902729,0.039112225322487676
R100,grid_rows[7].collisions_day_S2,2.758531972230489e-05,2.7596498284912837e-05
R100,grid_rows[7].safe_window_S2,0.7533506754854549,0.7532359108723723
R100,grid_rows[8].p_dh_neg_s1a,0.9979,0.99755
R100,grid_rows[8].p_lo_s1a,0.9971628472365731,0.996762740834407
R100,grid_rows[8].p_hi_s1a,0.9984459232587578,0.9981461640861634
R100,grid_rows[8].dh_q05_s1a,-0.013070676386980356,-0.013070432742828432
R100,grid_rows[8].dh_q50_s1a,-0.0021966062094707427,-0.002189672505593563
R100,grid_rows[8].dh_q95_s1a,-0.00015274903886304907,-0.00014767844275429348
R100,grid_rows[8].breakeven_q50_s1a,61.993404494302375,19.18542879386454
R100,grid_rows[8].p_dh_neg_s1b,0.99415,0.99325
R100,grid_rows[8].p_lo_s1b,0.9929940474378789,0.9920166536273292
R100,grid_rows[8].p_hi_s1b,0.9951161633278729,0.9942939028033235
R100,grid_rows[8].dh_q05_s1b,-0.013060974186928075,-0.013059211209134664
R100,grid_rows[8].dh_q50_s1b,-0.0021482703984209836,-0.0021418394743496854
R100,grid_rows[8].dh_q95_s1b,-0.00011625832177653734,-0.00011232066239242031
R100,grid_rows[8].breakeven_q50_s1b,73.1945575152562,23.036510398469993
R100,grid_rows[8].breakeven_q50_s2,82.40487355685937,78.81923103187043
R100,grid_rows[8].w5_S1a,1.2640466953978816e-06,4.153613735902031e-06
R100,grid_rows[8].w5b_S1a,4.497883414816916e-05,0.00014027524339837685
R100,grid_rows[8].conflicts_day_S1a,4.182937171842703,14.018571368097135
R100,grid_rows[8].collisions_day_S1a,9.158493509768301e-05,0.00030446258935916415
R100,grid_rows[8].safe_window_S1a,0.7860137814201804,0.4576694034778637
R100,grid_rows[8].w5_S1b,1.0201697215184654e-06,3.2900531487072318e-06
R100,grid_rows[8].w5b_S1b,3.5068849934902945e-05,0.00010830229143942658
R100,grid_rows[8].conflicts_day_S1b,3.354720945774204,11.05756953431936
R100,grid_rows[8].collisions_day_S1b,7.401991316908741e-05,0.00024072119815369235
R100,grid_rows[8].safe_window_S1b,0.785872265740211,0.4617908514358824
R100,grid_rows[8].w5_S2,2.051130215042437e-07,2.1479530354646992e-07
R100,grid_rows[8].w5b_S2,8.689031968372029e-06,9.068858535815945e-06
R100,grid_rows[8].conflicts_day_S2,0.8913993180137971,0.9234339224691076
R100,grid_rows[8].collisions_day_S2,1.4859171908382379e-05,1.5680034526400814e-05
R100,grid_rows[8].safe_window_S2,0.7413260089416205,0.7296401599396289
R100,grid_rows[9].p_dh_neg_s1a,0.99745,0.9973
R100,grid_rows[9].p_lo_s1a,0.9966490860306292,0.9964790919161391
R100,grid_rows[9].p_hi_s1a,0.9980598572971522,0.997929909022459
R100,grid_rows[9].dh_q05_s1a,-0.013427417582267334,-0.01342500676950109
R100,grid_rows[9].dh_q50_s1a,-0.0022067119191602827,-0.0022044919913542633
R100,grid_rows[9].dh_q95_s1a,-0.00015289268816052307,-0.00014730103832809283
R100,grid_rows[9].breakeven_q50_s1a,102.21269065191234,24.867526623175152
R100,grid_rows[9].p_dh_neg_s1b,0.99455,0.9935
R100,grid_rows[9].p_lo_s1b,0.9934303763700838,0.9922875978181341
R100,grid_rows[9].p_hi_s1b,0.9954796807668231,0.9945228625944907
R100,grid_rows[9].dh_q05_s1b,-0.01339849804086789,-0.013394342872397645
R100,grid_rows[9].dh_q50_s1b,-0.0021637802989568295,-0.0021565676911829324
R100,grid_rows[9].dh_q95_s1b,-0.00012347931126567606,-0.00011708375376372349
R100,grid_rows[9].breakeven_q50_s1b,113.88557411296023,28.32306872374423
R100,grid_rows[9].dh_q05_s2,-0.01339946180811497,-0.013399424541067791
R100,grid_rows[9].dh_q95_s2,-0.00012419023956163842,-0.00012389557914687288
R100,grid_rows[9].breakeven_q50_s2,122.41632826328294,92.92834725633443
R100,grid_rows[9].w5_S1a,7.796504565268505e-07,3.177456054478232e-06
R100,grid_rows[9].w5b_S1a,0.0001306140912003276,0.0005433042930473396
R100,grid_rows[9].conflicts_day_S1a,9.463728787453569,42.35729673234775
R100,grid_rows[9].collisions_day_S1a,5.4928862248401205e-05,0.00023057696040987248
R100,grid_rows[9].safe_window_S1a,0.7874098600657744,0.34856407617714374
R100,grid_rows[9].w5_S1b,6.588104090411442e-07,2.6862033905331907e-06
R100,grid_rows[9].w5b_S1b,0.00010537665819026149,0.0004288233864733462
R100,grid_rows[9].conflicts_day_S1b,7.632784244771109,33.579523760220624
R100,grid_rows[9].collisions_day_S1b,4.752929879412842e-05,0.00019548090954317414
R100,grid_rows[9].safe_window_S1b,0.7881018245705146,0.3525140532837608
R100,grid_rows[9].w5_S2,1.384312241191889e-07,1.891211214252793e-07
R100,grid_rows[9].w5b_S2,2.862642386961277e-05,3.773882151366376e-05
R100,grid_rows[9].conflicts_day_S2,2.0775905820834355,2.678234547545097
R100,grid_rows[9].collisions_day_S2,1.0014866482990953e-05,1.3578460826152719e-05
R100,grid_rows[9].safe_window_S2,0.7375718435908072,0.6602188314444173
R100,grid_rows[10].p_dh_neg_s1a,0.9882,0.98745
R100,grid_rows[10].p_lo_s1a,0.9866068895347423,0.9858108924941146
R100,grid_rows[10].p_hi_s1a,0.989605606460077,0.988901891554789
R100,grid_rows[10].dh_q05_s1a,-0.019793769538199724,-0.019784607255506407
R100,grid_rows[10].dh_q50_s1a,-0.003305177467207068,-0.003297892402449816
R100,grid_rows[10].dh_q95_s1a,-0.00019173406843448368,-0.00018721207963271023
R100,grid_rows[10].breakeven_q50_s1a,6.313426839196434,5.781534698125532
R100,grid_rows[10].p_dh_neg_s1b,0.98505,0.98425
R100,grid_rows[10].p_lo_s1b,0.9832726038556724,0.982429123811428
R100,grid_rows[10].p_hi_s1b,0.9866411019663005,0.9858848892682346
R100,grid_rows[10].dh_q50_s1b,-0.0032047728394880848,-0.00319937531523967
R100,grid_rows[10].dh_q95_s1b,-0.00015152311489960131,-0.00014760431005246059
R100,grid_rows[10].breakeven_q50_s1b,7.998164167391876,7.382367969569543
R100,grid_rows[10].w5_S1a,1.9535396109715153e-05,2.1105042195884155e-05
R100,grid_rows[10].w5b_S1a,2.0161941827286344e-06,2.1756700730438763e-06
R100,grid_rows[10].conflicts_day_S1a,0.11375184093713431,0.12396239312059032
R100,grid_rows[10].collisions_day_S1a,0.0013865193346338741,0.0015088936578487662
R100,grid_rows[10].safe_window_S1a,0.7686347215728682,0.7526589839776299
R100,grid_rows[10].w5_S1b,1.4694254454123366e-05,1.579404468071636e-05
R100,grid_rows[10].w5b_S1b,1.363241519743838e-06,1.4593449405984581e-06
R100,grid_rows[10].conflicts_day_S1b,0.07753763189395563,0.08346023070027488
R100,grid_rows[10].collisions_day_S1b,0.0010468228699144445,0.0011339010599462937
R100,grid_rows[10].safe_window_S1b,0.7675834464516906,0.7523845901828626
R100,grid_rows[11].p_dh_neg_s1a,0.9932,0.9913
R100,grid_rows[11].p_lo_s1a,0.9919625123221778,0.9899152729373634
R100,grid_rows[11].p_hi_s1a,0.9942480633120805,0.9924960324339082
R100,grid_rows[11].dh_q50_s1a,-0.0033686923193675137,-0.003352061377135066
R100,grid_rows[11].dh_q95_s1a,-0.00020835789840421398,-0.00020138815318093548
R100,grid_rows[11].breakeven_q50_s1a,12.16617145458373,8.932256782234946
R100,grid_rows[11].p_dh_neg_s1b,0.9895,0.9877
R100,grid_rows[11].p_lo_s1b,0.9879903561203053,0.9860760624078233
R100,grid_rows[11].p_hi_s1b,0.9908216405807683,0.9891366256230523
R100,grid_rows[11].dh_q05_s1b,-0.019954755103130065,-0.019944000231975696
R100,grid_rows[11].dh_q50_s1b,-0.0032765888015987865,-0.0032699316030589893
R100,grid_rows[11].dh_q95_s1b,-0.00016288076861575572,-0.00015289456807915857
R100,grid_rows[11].breakeven_q50_s1b,15.162042727240728,11.397025525989207
R100,grid_rows[11].w5_S1a,1.0294012393373562e-05,1.3804063067746923e-05
R100,grid_rows[11].w5b_S1a,3.1448295823684855e-06,4.1930042550983e-06
R100,grid_rows[11].conflicts_day_S1a,0.1519528512746942,0.20778565409586824
R100,grid_rows[11].collisions_day_S1a,0.0007255592908332579,0.0009878165853851343
R100,grid_rows[11].safe_window_S1a,0.7718400077831457,0.7133501246923475
R100,grid_rows[11].w5_S1b,7.884952557477474e-06,1.0480759579682977e-05
R100,grid_rows[11].w5b_S1b,2.0891184778702536e-06,2.7835343521945946e-06
R100,grid_rows[11].conflicts_day_S1b,0.10318531211338397,0.13721848722832167
R100,grid_rows[11].collisions_day_S1b,0.0005600298052093696,0.0007479924082801055
R100,grid_rows[11].safe_window_S1b,0.7709609143284085,0.7148478666664159
R100,grid_rows[12].p_dh_neg_s1a,0.9963,0.99405
R100,grid_rows[12].p_lo_s1a,0.9953579410940695,0.9928851632220217
R100,grid_rows[12].p_hi_s1a,0.997051443916641,0.9950250859509413
R100,grid_rows[12].dh_q05_s1a,-0.019949745249803006,-0.01990247336288179
R100,grid_rows[12].dh_q50_s1a,-0.003393636715982715,-0.0033811752840515828
R100,grid_rows[12].dh_q95_s1a,-0.0002323526337441474,-0.00021738519224226278
R100,grid_rows[12].breakeven_q50_s1a,28.67133942238187,12.214491607653144
R100,grid_rows[12].p_dh_neg_s1b,0.99155,0.9893
R100,grid_rows[12].p_lo_s1b,0.9901836364000268,0.9877771810326481
R100,grid_rows[12].p_hi_s1b,0.9927275729532167,0.9906348924828479
R100,grid_rows[12].dh_q05_s1b,-0.01978736620625788,-0.019786113773434193
R100,grid_rows[12].dh_q50_s1b,-0.003286669403051581,-0.003270262189526199
R100,grid_rows[12].dh_q95_s1b,-0.00017997471078572168,-0.00016701534856314857
R100,grid_rows[12].breakeven_q50_s1b,34.23000046079847,14.86514664000682
R100,grid_rows[12].breakeven_q50_s2,40.04066092475402,39.8884949165369
R100,grid_rows[12].w5_S1a,4.423834902757086e-06,1.0500533932299111e-05
R100,grid_rows[12].w5b_S1a,9.646330827103419e-06,2.330002592393189e-05
R100,grid_rows[12].conflicts_day_S1a,0.3726849252680585,0.9917559536326133
R100,grid_rows[12].collisions_day_S1a,0.0003127762118127809,0.0007517707281030759
R100,grid_rows[12].safe_window_S1a,0.7789781471029513,0.5678725424890769
R100,grid_rows[12].w5_S1b,3.526661980352957e-06,8.006665176294526e-06
R100,grid_rows[12].w5b_S1b,6.645385905110838e-06,1.5629836068846176e-05
R100,grid_rows[12].conflicts_day_S1b,0.23877087229871158,0.6243411768284067
R100,grid_rows[12].collisions_day_S1b,0.00025030771958139497,0.0005786879590545118
R100,grid_rows[12].safe_window_S1b,0.7792781253004558,0.5765995322526276
R100,grid_rows[12].w5_S2,6.819314503816413e-07,6.848594164054146e-07
R100,grid_rows[12].w5b_S2,1.3755015225711518e-06,1.3948213183761409e-06
R100,grid_rows[12].conflicts_day_S2,0.04639826109719371,0.04662403605193577
R100,grid_rows[12].collisions_day_S2,4.9378864637447876e-05,4.976625401266886e-05
R100,grid_rows[12].safe_window_S2,0.7553303008991226,0.7544126718538244
R100,grid_rows[13].p_dh_neg_s1a,0.99755,0.9958
R100,grid_rows[13].p_lo_s1a,0.996762740834407,0.9948035509604237
R100,grid_rows[13].p_hi_s1a,0.9981461640861634,0.9966060260863429
R100,grid_rows[13].dh_q05_s1a,-0.02027118740042532,-0.02025225867913843
R100,grid_rows[13].dh_q50_s1a,-0.003315890638682934,-0.003302893711802729
R100,grid_rows[13].dh_q95_s1a,-0.00023905053101482674,-0.00022413234548344398
R100,grid_rows[13].breakeven_q50_s1a,54.400303410198354,14.008901155568068
R100,grid_rows[13].p_dh_neg_s1b,0.99335,0.9914
R100,grid_rows[13].p_lo_s1b,0.9921249832429524,0.9900225854955916
R100,grid_rows[13].p_hi_s1b,0.9943855347804891,0.9925886814684687
R100,grid_rows[13].dh_q05_s1b,-0.020153359974639285,-0.020125970496728356
R100,grid_rows[13].dh_q50_s1b,-0.0032189075723156376,-0.003207070215350793
R100,grid_rows[13].dh_q95_s1b,-0.00018320335303202684,-0.00017138846924753234
R100,grid_rows[13].breakeven_q50_s1b,60.69389851552275,16.328841613191457
R100,grid_rows[13].dh_q05_s2,-0.0201635238687717,-0.02016339741078152
R100,grid_rows[13].dh_q95_s2,-0.0001920502393392982,-0.00019195058729564333
R100,grid_rows[13].breakeven_q50_s2,69.24264392370927,63.11919269491438
R100,grid_rows[13].w5_S1a,2.244603826785373e-06,8.993799418332197e-06
R100,grid_rows[13].w5b_S1a,5.68445385029537e-05,0.00021601185496533188
R100,grid_rows[13].conflicts_day_S1a,5.3879151847090565,22.34723925076267
R100,grid_rows[13].collisions_day_S1a,0.00016346384943868254,0.0006600839853352304
R100,grid_rows[13].safe_window_S1a,0.7751703437427756,0.3796808995579067
R100,grid_rows[13].w5_S1b,1.8863367205983363e-06,7.316675375501183e-06
R100,grid_rows[13].w5b_S1b,4.4686966803547415e-05,0.00016469079432563348
R100,grid_rows[13].conflicts_day_S1b,4.355085363436091,17.59860088147309
R100,grid_rows[13].collisions_day_S1b,0.0001378703830767081,0.0005383829891266836
R100,grid_rows[13].safe_window_S1b,0.7761932445261108,0.38830425582843153
R100,grid_rows[13].w5_S2,3.866473124862211e-07,4.2584038685401226e-07
R100,grid_rows[13].w5b_S2,1.1466337992772366e-05,1.2381257013424539e-05
R100,grid_rows[13].conflicts_day_S2,1.135649673975832,1.1934247524046506
R100,grid_rows[13].collisions_day_S2,2.7957284341719502e-05,3.0974555911560314e-05
R100,grid_rows[13].safe_window_S2,0.7406727868465733,0.7181084460952467
R100,grid_rows[14].p_dh_neg_s1a,0.9965,0.99535
R100,grid_rows[14].p_lo_s1a,0.9955807217006262,0.994307318008138
R100,grid_rows[14].p_hi_s1a,0.9972285864956619,0.996202431871079
R100,grid_rows[14].dh_q05_s1a,-0.020588567947801815,-0.020608175424505472
R100,grid_rows[14].dh_q50_s1a,-0.0033625733828314317,-0.00335150877260824
R100,grid_rows[14].dh_q95_s1a,-0.00024877135067596554,-0.00023687463255948616
R100,grid_rows[14].breakeven_q50_s1a,85.69804110647725,18.19137820993287
R100,grid_rows[14].p_dh_neg_s1b,0.9912,0.98925
R100,grid_rows[14].p_lo_s1b,0.9898080032820787,0.9877239071474122
R100,grid_rows[14].p_hi_s1b,0.992403340496404,0.9905881855716894
R100,grid_rows[14].dh_q05_s1b,-0.02049386165686816,-0.020479187461011718
R100,grid_rows[14].dh_q50_s1b,-0.0032627464551723264,-0.0032463677703886296
R100,grid_rows[14].dh_q95_s1b,-0.00019194932042149182,-0.00017977750050466302
R100,grid_rows[14].breakeven_q50_s1b,91.51592393776764,19.662576825468875
R100,grid_rows[14].p_dh_neg_s2,1.0,0.99995
R100,grid_rows[14].p_lo_s2,0.9998079639438954,0.9997168094297738
R100,grid_rows[14].p_hi_s2,0.9999999999999999,0.9999911737177268
R100,grid_rows[14].dh_q05_s2,-0.02049841679883265,-0.020498412761992227
R100,grid_rows[14].dh_q50_s2,-0.0032576022302744467,-0.0032575737173615063
R100,grid_rows[14].dh_q95_s2,-0.00019880604186178416,-0.00019861159419017768
R100,grid_rows[14].breakeven_q50_s2,99.33752154338285,63.946623977597675
R100,grid_rows[14].w5_S1a,1.431847402341461e-06,6.739939882677264e-06
R100,grid_rows[14].w5b_S1a,0.00016129207234357964,0.0007777239416142345
R100,grid_rows[14].conflicts_day_S1a,11.769983882109996,60.47405267504141
R100,grid_rows[14].collisions_day_S1a,0.00010252400451871867,0.0004911117483442165
R100,grid_rows[14].safe_window_S1a,0.7763666848024866,0.28911484406824506
R100,grid_rows[14].w5_S1b,1.258034018418098e-06,5.818462859094841e-06
R100,grid_rows[14].w5b_S1b,0.0001307610036874262,0.0006159420871754175
R100,grid_rows[14].conflicts_day_S1b,9.582799499263096,48.12469005681437
R100,grid_rows[14].collisions_day_S1b,9.099874391221656e-05,0.000429456542657672
R100,grid_rows[14].safe_window_S1b,0.7773087386234748,0.2956394621121979
R100,grid_rows[14].w5_S2,2.644692357601143e-07,4.155469263763137e-07
R100,grid_rows[14].w5b_S2,3.480803638233731e-05,5.198979852251998e-05
R100,grid_rows[14].conflicts_day_S2,2.525019612321521,3.7247722042778815
R100,grid_rows[14].collisions_day_S2,1.9251387474441115e-05,2.978298437931143e-05
R100,grid_rows[14].safe_window_S2,0.7361726707616156,0.6244293573986373
R100,grid_rows[15].p_dh_neg_s1a,0.9888,0.98465
R100,grid_rows[15].p_lo_s1a,0.9872447889143671,0.9828507153421648
R100,grid_rows[15].p_hi_s1a,0.990167476637185,0.9862631441086529
R100,grid_rows[15].dh_q05_s1a,-0.031010695915447983,-0.031000272690677465
R100,grid_rows[15].dh_q50_s1a,-0.00494283019575717,-0.004916549517384306
R100,grid_rows[15].dh_q95_s1a,-0.0003193330945973549,-0.0002866421384846933
R100,grid_rows[15].breakeven_q50_s1a,6.640114945085667,5.180701722809152
R100,grid_rows[15].p_dh_neg_s1b,0.98335,0.98065
R100,grid_rows[15].p_lo_s1b,0.9814815726344288,0.9786465425256914
R100,grid_rows[15].p_hi_s1b,0.9850327861101347,0.9824688532135752
R100,grid_rows[15].dh_q50_s1b,-0.004828930472797657,-0.004809428614588174
R100,grid_rows[15].dh_q95_s1b,-0.00023626298952957899,-0.0002147243687769098
R100,grid_rows[15].breakeven_q50_s1b,7.968773127194555,6.3935928883272055
R100,grid_rows[15].w5_S1a,2.801999920651379e-05,3.630655373673117e-05
R100,grid_rows[15].w5b_S1a,2.0566729624061084e-06,2.6264977570953636e-06
R100,grid_rows[15].conflicts_day_S1a,0.11768150127568823,0.14988909795853889
R100,grid_rows[15].collisions_day_S1a,0.002046289579590257,0.002600161647321942
R100,grid_rows[15].safe_window_S1a,0.7628351583846623,0.7141359842655883
R100,grid_rows[15].w5_S1b,2.2264938638828198e-05,2.7966576916996817e-05
R100,grid_rows[15].w5b_S1b,1.4160714939703124e-06,1.7508591951817378e-06
R100,grid_rows[15].conflicts_day_S1b,0.0822796021595209,0.10277622222552123
R100,grid_rows[15].collisions_day_S1b,0.0016340252114793073,0.00203151056510096
R100,grid_rows[15].safe_window_S1b,0.7633921253289346,0.719896380622881
R100,grid_rows[16].p_dh_neg_s1a,0.99385,0.9894
R100,grid_rows[16].p_lo_s1a,0.992667618732949,0.9878837525564804
R100,grid_rows[16].p_hi_s1a,0.9948427072544365,0.9907282825518043
R100,grid_rows[16].dh_q05_s1a,-0.0305293461536244,-0.03050461759388996
R100,grid_rows[16].dh_q50_s1a,-0.004950695190793927,-0.004912493940372268
R100,grid_rows[16].dh_q95_s1a,-0.00034523141526747155,-0.0003062253554922837
R100,grid_rows[16].breakeven_q50_s1a,12.60046188358935,6.612424766877462
R100,grid_rows[16].p_dh_neg_s1b,0.9891,0.98505
R100,grid_rows[16].p_lo_s1b,0.9875641323497435,0.9832726038556724
R100,grid_rows[16].p_hi_s1b,0.9904480179801749,0.9866411019663005
R100,grid_rows[16].dh_q05_s1b,-0.0303130852417143,-0.030302335896268483
R100,grid_rows[16].dh_q50_s1b,-0.004826900555533029,-0.004775117677860747
R100,grid_rows[16].dh_q95_s1b,-0.0002544935093185136,-0.0002252796428584506
R100,grid_rows[16].breakeven_q50_s1b,14.734078035205446,8.283725997027293
R100,grid_rows[16].breakeven_q50_s2,17.6428102290691,17.628121024646656
R100,grid_rows[16].w5_S1a,1.47332561401951e-05,2.845673324216282e-05
R100,grid_rows[16].w5b_S1a,3.1526055934499583e-06,6.194330591184519e-06
R100,grid_rows[16].conflicts_day_S1a,0.15492304424603168,0.31329020705336574
R100,grid_rows[16].collisions_day_S1a,0.001075577369250116,0.0020454062616995228
R100,grid_rows[16].safe_window_S1a,0.7607957329002308,0.6254451757881092
R100,grid_rows[16].w5_S1b,1.1954221843296714e-05,2.177247535673263e-05
R100,grid_rows[16].w5b_S1b,2.128510611220772e-06,4.012628804696877e-06
R100,grid_rows[16].conflicts_day_S1b,0.10628453420497974,0.20229301961539828
R100,grid_rows[16].collisions_day_S1b,0.0008709997299376396,0.0015667446654692753
R100,grid_rows[16].safe_window_S1b,0.7617957756697877,0.6380619582922538
R100,grid_rows[16].w5_S2,2.2716391395124153e-06,2.2720169291102777e-06
R100,grid_rows[16].w5b_S2,3.860611274001716e-07,3.8634415050393407e-07
R100,grid_rows[16].conflicts_day_S2,0.018984659935215885,0.018987450978462442
R100,grid_rows[16].collisions_day_S2,0.000166391429213378,0.00016653338162427218
R100,grid_rows[16].safe_window_S2,0.7630395450943941,0.7628628386603313
R100,grid_rows[17].p_dh_neg_s1a,0.99585,0.99175
R100,grid_rows[17].p_lo_s1a,0.994858838440503,0.9903985281879398
R100,grid_rows[17].p_hi_s1a,0.9966507194026579,0.9929126043508812
R100,grid_rows[17].dh_q05_s1a,-0.029996605770023024,-0.029973953761333424
R100,grid_rows[17].dh_q50_s1a,-0.005116955776063,-0.0050533137529292435
R100,grid_rows[17].dh_q95_s1a,-0.0003650747487965114,-0.0003169885325363798
R100,grid_rows[17].breakeven_q50_s1a,26.577289594785967,7.001246543756746
R100,grid_rows[17].p_dh_neg_s1b,0.9907,0.98565
R100,grid_rows[17].p_lo_s1b,0.9892722740712954,0.9839060194460038
R100,grid_rows[17].p_hi_s1b,0.9919392617432436,0.9872074559327019
R100,grid_rows[17].dh_q05_s1b,-0.029661860280893532,-0.029653447947638967
R100,grid_rows[17].dh_q50_s1b,-0.004954130682013695,-0.004915032978548311
R100,grid_rows[17].dh_q95_s1b,-0.00027321436195168144,-0.00023620086789595548
R100,grid_rows[17].breakeven_q50_s1b,29.926125966534354,8.3739094078048
R100,grid_rows[17].breakeven_q50_s2,34.38888764489571,33.11178428366009
R100,grid_rows[17].w5_S1a,6.900461561434539e-06,2.7485695652522178e-05
R100,grid_rows[17].w5b_S1a,9.725531444497277e-06,3.977548022888249e-05
R100,grid_rows[17].conflicts_day_S1a,0.381741940119165,1.6435763945576505
R100,grid_rows[17].collisions_day_S1a,0.0004989932396267222,0.002022609037366758
R100,grid_rows[17].safe_window_S1a,0.7610110338727467,0.3698818660014063
R100,grid_rows[17].w5_S1b,5.776324207741718e-06,2.1640698975180517e-05
R100,grid_rows[17].w5b_S1b,6.840174969891893e-06,2.6511472580727376e-05
R100,grid_rows[17].conflicts_day_S1b,0.25054463308122243,1.0498399000678387
R100,grid_rows[17].collisions_day_S1b,0.00041922214869201575,0.0015995590605953154
R100,grid_rows[17].safe_window_S1b,0.7624912591441229,0.3869971494379759
R100,grid_rows[17].w5_S2,1.145583310330751e-06,1.1799915194867415e-06
R100,grid_rows[17].w5b_S2,1.4069365900402989e-06,1.4750785778220389e-06
R100,grid_rows[17].conflicts_day_S2,0.04831552754728085,0.05074915875501551
R100,grid_rows[17].collisions_day_S2,8.402446748151924e-05,8.670301759614675e-05
R100,grid_rows[17].safe_window_S2,0.7486363260806532,0.740485289910757
R100,grid_rows[18].p_dh_neg_s1a,0.9968,0.99265
R100,grid_rows[18].p_lo_s1a,0.9959161481627361,0.9913679419026656
R100,grid_rows[18].p_hi_s1a,0.9974930448119184,0.9937428449712545
R100,grid_rows[18].dh_q05_s1a,-0.030474899506584958,-0.03040064563869345
R100,grid_rows[18].dh_q50_s1a,-0.005153894575324287,-0.005105064669086719
R100,grid_rows[18].dh_q95_s1a,-0.00036772720553373596,-0.0003215180537575697
R100,grid_rows[18].breakeven_q50_s1a,46.21761175943264,8.103738842373076
R100,grid_rows[18].p_dh_neg_s1b,0.9915,0.98645
R100,grid_rows[18].p_lo_s1b,0.9901299416965005,0.9847517299244638
R100,grid_rows[18].p_hi_s1b,0.9926812868603488,0.9879614381965521
R100,grid_rows[18].dh_q05_s1b,-0.030368194330059817,-0.03022612867742296
R100,grid_rows[18].dh_q50_s1b,-0.005010823684757941,-0.004962345754518135
R100,grid_rows[18].dh_q95_s1b,-0.00027450273621006284,-0.0002374124722428437
R100,grid_rows[18].breakeven_q50_s1b,50.34895501202533,8.97387503418986
R100,grid_rows[18].dh_q05_s2,-0.030337597248314946,-0.03033131363710367
R100,grid_rows[18].dh_q50_s2,-0.00501924098542086,-0.005015976346790626
R100,grid_rows[18].dh_q95_s2,-0.00028275496514603186,-0.0002826560740762283
R100,grid_rows[18].breakeven_q50_s2,54.91530795503568,42.47423306858078
R100,grid_rows[18].w5_S1a,3.9202365093399545e-06,2.3117123451215195e-05
R100,grid_rows[18].w5b_S1a,5.411650190738816e-05,0.0003193506802690863
R100,grid_rows[18].conflicts_day_S1a,5.183668109510646,35.70970505833739
R100,grid_rows[18].collisions_day_S1a,0.0002795427948155903,0.0016481646136458205
R100,grid_rows[18].safe_window_S1a,0.7605302811896129,0.25178762508337343
R100,grid_rows[18].w5_S1b,3.441650263217978e-06,1.944582485959533e-05
R100,grid_rows[18].w5b_S1b,4.352750507413257e-05,0.00024416140791940513
R100,grid_rows[18].conflicts_day_S1b,4.210806663637642,27.863121919572155
R100,grid_rows[18].collisions_day_S1b,0.00024665492478784126,0.0014080224161872577
R100,grid_rows[18].safe_window_S1b,0.7616567015987203,0.2625209762285474
R100,grid_rows[18].w5_S2,7.261212937657888e-07,9.621219952458485e-07
R100,grid_rows[18].w5b_S2,1.1072213348890162e-05,1.4112933829127405e-05
R100,grid_rows[18].conflicts_day_S2,1.1332082530932484,1.3391333450775633
R100,grid_rows[18].collisions_day_S2,5.18640193185153e-05,6.889577000947474e-05
R100,grid_rows[18].safe_window_S2,0.7368145005138766,0.6793867681733554
R100,grid_rows[19].p_dh_neg_s1a,0.99615,0.9927
R100,grid_rows[19].p_lo_s1a,0.9951912571307401,0.9914219220373862
R100,grid_rows[19].p_hi_s1a,0.9969181854907873,0.9937888456329284
R100,grid_rows[19].dh_q05_s1a,-0.02980474714295512,-0.02980378012940231
R100,grid_rows[19].dh_q50_s1a,-0.004999647893701598,-0.0049641721387842334
R100,grid_rows[19].dh_q95_s1a,-0.0003615621821109975,-0.0003134362759501147
R100,grid_rows[19].breakeven_q50_s1a,65.93045841270407,10.441813325609923
R100,grid_rows[19].p_dh_neg_s1b,0.9897,0.9848
R100,grid_rows[19].p_lo_s1b,0.9882036611859473,0.9830088881164314
R100,grid_rows[19].p_hi_s1b,0.9910082587007039,0.9864049137235695
R100,grid_rows[19].dh_q05_s1b,-0.029546804124178896,-0.02952766400391945
R100,grid_rows[19].dh_q50_s1b,-0.004865848726319013,-0.004827115652812215
R100,grid_rows[19].dh_q95_s1b,-0.00026416595366923377,-0.00022893623963963166
R100,grid_rows[19].breakeven_q50_s1b,66.47126231660059,10.945178424765784
R100,grid_rows[19].p_dh_neg_s2,1.0,0.99975
R100,grid_rows[19].p_lo_s2,0.9998079639438954,0.9994148495964674
R100,grid_rows[19].p_hi_s2,0.9999999999999999,0.9998932103654561
R100,grid_rows[19].dh_q05_s2,-0.029665214752724257,-0.029661033338456586
R100,grid_rows[19].dh_q50_s2,-0.004868777244511017,-0.00486398090613322
R100,grid_rows[19].dh_q95_s2,-0.0002765592017672216,-0.00027343972245584775
R100,grid_rows[19].breakeven_q50_s2,70.68138671769941,30.902210725340296
R100,grid_rows[19].w5_S1a,2.6640661138271377e-06,1.6838189047716125e-05
R100,grid_rows[19].w5b_S1a,0.00017132361309687505,0.0010989812447515877
R100,grid_rows[19].conflicts_day_S1a,12.358577007376367,85.61085138089166
R100,grid_rows[19].collisions_day_S1a,0.00019341483848923566,0.0012357541732613947
R100,grid_rows[19].safe_window_S1a,0.7570958466121769,0.196909894646784
R100,grid_rows[19].w5_S1b,2.466992490052498e-06,1.506929022297382e-05
R100,grid_rows[19].w5b_S1b,0.0001415005329900119,0.0008751665099451954
R100,grid_rows[19].conflicts_day_S1b,10.119122662803392,68.15275327031236
R100,grid_rows[19].collisions_day_S1b,0.00017846191042486317,0.001109541254255829
R100,grid_rows[19].safe_window_S1b,0.7585424821933617,0.20413716689033376
R100,grid_rows[19].w5_S2,5.427204459342868e-07,1.2536515041229572e-06
R100,grid_rows[19].w5b_S2,3.786821342182887e-05,8.393901242537775e-05
R100,grid_rows[19].conflicts_day_S2,2.7386012025953743,5.86700222119836
R100,grid_rows[19].collisions_day_S2,3.954826786095254e-05,9.239122531713007e-05
R100,grid_rows[19].safe_window_S2,0.7289525487727039,0.5120638479812278
R100,grid_rows[20].p_dh_neg_s1a,0.98915,0.9625
R100,grid_rows[20].p_lo_s1a,0.9876173828592409,0.9597769491275625
R100,grid_rows[20].p_hi_s1a,0.9904947482670718,0.9650454175205407
R100,grid_rows[20].dh_q05_s1a,-0.04121045401286331,-0.040862020371526746
R100,grid_rows[20].dh_q50_s1a,-0.006767635907820401,-0.006464830210494992
R100,grid_rows[20].dh_q95_s1a,-0.00038151495204123,-0.0001558231185533091
R100,grid_rows[20].breakeven_q50_s1a,6.858254840421868,2.52048109323155
R100,grid_rows[20].p_dh_neg_s1b,0.98495,0.96135
R100,grid_rows[20].p_lo_s1b,0.9831671032544762,0.95858873227976
R100,grid_rows[20].p_hi_s1b,0.9865466409747079,0.9639340760512723
R100,grid_rows[20].dh_q05_s1b,-0.04110234788077891,-0.040775011699356
R100,grid_rows[20].dh_q50_s1b,-0.0065993035186231765,-0.006381139807205658
R100,grid_rows[20].dh_q95_s1b,-0.00028958089113974257,-0.00010755387319075076
R100,grid_rows[20].breakeven_q50_s1b,7.918417528311638,3.081895416220271
R100,grid_rows[20].p_dh_neg_s2,0.99995,0.99985
R100,grid_rows[20].p_lo_s2,0.9997168094297738,0.9995590363727073
R100,grid_rows[20].p_hi_s2,0.9999911737177268,0.999948985182005
R100,grid_rows[20].dh_q50_s2,-0.006678822118309601,-0.006678128545816931
R100,grid_rows[20].dh_q95_s2,-0.0003711350627691777,-0.0003699070467969911
R100,grid_rows[20].breakeven_q50_s2,9.65914078908947,9.538615649399889
R100,grid_rows[20].w5_S1a,3.6382824795150017e-05,0.000100814259438396
R100,grid_rows[20].w5b_S1a,1.6777286678587772e-06,4.756796582426701e-06
R100,grid_rows[20].conflicts_day_S1a,0.09942421957954206,0.2745623512034292
R100,grid_rows[20].collisions_day_S1a,0.002595222300367156,0.007367622282423914
R100,grid_rows[20].safe_window_S1a,0.7407336804666478,0.5326127040185256
R100,grid_rows[20].w5_S1b,3.0348069070761624e-05,7.69442697639784e-05
R100,grid_rows[20].w5b_S1b,1.1979237753052757e-06,3.069004799282249e-06
R100,grid_rows[20].conflicts_day_S1b,0.07168961930076884,0.18142348396352453
R100,grid_rows[20].collisions_day_S1b,0.0021952765022122396,0.005643818630780225
R100,grid_rows[20].safe_window_S1b,0.7418174585907052,0.5592745280681797
R100,grid_rows[20].w5_S2,5.679430013768773e-06,5.781485906075963e-06
R100,grid_rows[20].w5b_S2,1.9724974939582393e-07,2.0015297098395077e-07
R100,grid_rows[20].conflicts_day_S2,0.01184971164366742,0.01205781054770037
R100,grid_rows[20].collisions_day_S2,0.00041531209207789006,0.0004218084831431794
R100,grid_rows[20].safe_window_S2,0.7562521478233173,0.7532685596773342
R100,grid_rows[21].p_dh_neg_s1a,0.99415,0.9695
R100,grid_rows[21].p_lo_s1a,0.9929940474378789,0.9670251824584336
R100,grid_rows[21].p_hi_s1a,0.9951161633278729,0.9717944956848842
R100,grid_rows[21].dh_q05_s1a,-0.0405617038948149,-0.040437772253308406
R100,grid_rows[21].dh_q50_s1a,-0.006686200266722785,-0.006442579097205514
R100,grid_rows[21].dh_q95_s1a,-0.00043271802230318286,-0.00019922242925191668
R100,grid_rows[21].breakeven_q50_s1a,12.524100914997355,2.5589960485636
R100,grid_rows[21].p_dh_neg_s1b,0.99115,0.9673
R100,grid_rows[21].p_lo_s1b,0.9897543843175848,0.9647440316773855
R100,grid_rows[21].p_hi_s1b,0.9923569786645036,0.9696764914245791
R100,grid_rows[21].dh_q05_s1b,-0.04045465794699044,-0.040282285804002664
R100,grid_rows[21].dh_q50_s1b,-0.006514674177332435,-0.006327980081580548
R100,grid_rows[21].dh_q95_s1b,-0.00032782290509655914,-0.00015335698527394834
R100,grid_rows[21].breakeven_q50_s1b,13.889628148857163,3.1236330868675513
R100,grid_rows[21].p_dh_neg_s2,1.0,0.99985
R100,grid_rows[21].p_lo_s2,0.9998079639438954,0.9995590363727073
R100,grid_rows[21].p_hi_s2,0.9999999999999999,0.999948985182005
R100,grid_rows[21].dh_q95_s2,-0.00036761537492685883,-0.00036591508507277936
R100,grid_rows[21].breakeven_q50_s2,16.582324884529466,15.46608849664118
R100,grid_rows[21].w5_S1a,1.9345557119827097e-05,9.957659261715675e-05
R100,grid_rows[21].w5b_S1a,2.4231117934251737e-06,1.3096408309047988e-05
R100,grid_rows[21].conflicts_day_S1a,0.12121993731041011,0.6865563141909062
R100,grid_rows[21].collisions_day_S1a,0.0013918485758203855,0.007301406295112589
R100,grid_rows[21].safe_window_S1a,0.7392789433218898,0.286473014152117
R100,grid_rows[21].w5_S1b,1.6399787616869948e-05,7.71925408968663e-05
R100,grid_rows[21].w5b_S1b,1.7038785594979145e-06,8.524703136102834e-06
R100,grid_rows[21].conflicts_day_S1b,0.0860145494064388,0.44655572103367125
R100,grid_rows[21].collisions_day_S1b,0.0011906064298207399,0.005699190152385257
R100,grid_rows[21].safe_window_S1b,0.7401961193798225,0.31148050409391176
R100,grid_rows[21].w5_S2,3.181082732773516e-06,3.3994922472878597e-06
R100,grid_rows[21].w5b_S2,3.1279147394637486e-07,3.3512004261061614e-07
R100,grid_rows[21].conflicts_day_S2,0.015653379122218716,0.016850569329247292
R100,grid_rows[21].collisions_day_S2,0.00023012389372688844,0.00024558543456232665
R100,grid_rows[21].safe_window_S2,0.7457002454328485,0.7332944157411689
R100,grid_rows[22].p_dh_neg_s1a,0.9964,0.97855
R100,grid_rows[22].p_lo_s1a,0.9954692523335612,0.9764483094811665
R100,grid_rows[22].p_hi_s1a,0.9971400942699381,0.9804678928095358
R100,grid_rows[22].dh_q05_s1a,-0.04171793450942381,-0.04143167811083246
R100,grid_rows[22].dh_q50_s1a,-0.00666305064233582,-0.006449601269300631
R100,grid_rows[22].dh_q95_s1a,-0.0004519641791590987,-0.00026996531960315074
R100,grid_rows[22].breakeven_q50_s1a,25.0786858019924,2.9664323849757954
R100,grid_rows[22].p_dh_neg_s1b,0.9925,0.9747
R100,grid_rows[22].p_lo_s1b,0.9912060835308831,0.9724307904577394
R100,grid_rows[22].p_hi_s1b,0.9936047609538539,0.976786890510595
R100,grid_rows[22].dh_q05_s1b,-0.04136741896041984,-0.04122432724620009
R100,grid_rows[22].dh_q50_s1b,-0.006492830475115534,-0.006306697428986847
R100,grid_rows[22].dh_q95_s1b,-0.0003460094541811393,-0.0001918563223396368
R100,grid_rows[22].breakeven_q50_s1b,26.9367895572547,3.347119565285462
R100,grid_rows[22].p_dh_neg_s2,1.0,0.9998
R100,grid_rows[22].p_lo_s2,0.9998079639438954,0.9994858195143681
R100,grid_rows[22].p_hi_s2,0.9999999999999999,0.9999222212439498
R100,grid_rows[22].dh_q05_s2,-0.0414444306417829,-0.04142322722689376
R100,grid_rows[22].dh_q50_s2,-0.006510705301933498,-0.006501224895463658
R100,grid_rows[22].dh_q95_s2,-0.00036557115257742696,-0.0003618645224746349
R100,grid_rows[22].breakeven_q50_s2,30.429379660286166,21.16064187535696
R100,grid_rows[22].w5_S1a,9.559969338568188e-06,8.466376487234736e-05
R100,grid_rows[22].w5b_S1a,7.372894483706385e-06,6.81270785827341e-05
R100,grid_rows[22].conflicts_day_S1a,0.2852320110902822,2.752611785161793
R100,grid_rows[22].collisions_day_S1a,0.000700981355687257,0.006065700971956384
R100,grid_rows[22].safe_window_S1a,0.7446868830374851,0.16731309986595846
R100,grid_rows[22].w5_S1b,8.515111003929636e-06,6.995770564161184e-05
R100,grid_rows[22].w5b_S1b,5.223549629088706e-06,4.52489925694462e-05
R100,grid_rows[22].conflicts_day_S1b,0.19189108894376555,1.7407207809718694
R100,grid_rows[22].collisions_day_S1b,0.0006179624513045208,0.005081276270725873
R100,grid_rows[22].safe_window_S1b,0.7457513121325927,0.17846699404874058
R100,grid_rows[22].w5_S2,1.7355598992180244e-06,2.425272948059781e-06
R100,grid_rows[22].w5b_S2,1.0704142022502478e-06,1.6694171680527622e-06
R100,grid_rows[22].conflicts_day_S2,0.03746457987979529,0.06569902368705992
R100,grid_rows[22].collisions_day_S2,0.00012607038911072394,0.0001768759252493005
R100,grid_rows[22].safe_window_S2,0.7404448765255588,0.6822672068918656
R100,grid_rows[23].p_dh_neg_s1a,0.9966,0.9826
R100,grid_rows[23].p_lo_s1a,0.9956923559047284,0.9806929707621039
R100,grid_rows[23].p_hi_s1a,0.9973169138843485,0.9843216760365439
R100,grid_rows[23].dh_q05_s1a,-0.04078677695682035,-0.040637010701439685
R100,grid_rows[23].dh_q50_s1a,-0.006658913714062447,-0.0065024931978984275
R100,grid_rows[23].dh_q95_s1a,-0.0004742841022127127,-0.0003191138905577632
R100,grid_rows[23].breakeven_q50_s1a,40.27530606899259,4.039807446990509
R100,grid_rows[23].p_dh_neg_s1b,0.99265,0.9783
R100,grid_rows[23].p_lo_s1b,0.9913679419026656,0.9761869635773199
R100,grid_rows[23].p_hi_s1b,0.9937428449712545,0.9802293347314102
R100,grid_rows[23].dh_q05_s1b,-0.04067615398041222,-0.04046041366092209
R100,grid_rows[23].dh_q50_s1b,-0.00650971024203357,-0.0063598418457777965
R100,grid_rows[23].dh_q95_s1b,-0.0003629790003035045,-0.0002283394289011572
R100,grid_rows[23].breakeven_q50_s1b,41.076686300711145,4.272294953169077
R100,grid_rows[23].p_dh_neg_s2,0.9999,0.9995
R100,grid_rows[23].p_lo_s2,0.9996354263863794,0.9990797771249671
R100,grid_rows[23].p_hi_s2,0.9999725759647273,0.9997283788549844
R100,grid_rows[23].dh_q05_s2,-0.040684339357302556,-0.040670351477947765
R100,grid_rows[23].dh_q50_s2,-0.006525028544023455,-0.006514748875676565
R100,grid_rows[23].dh_q95_s2,-0.00037179285790524047,-0.00035927333436876
R100,grid_rows[23].breakeven_q50_s2,44.709433643926,16.38256391013209
R100,grid_rows[23].w5_S1a,5.7458230064248284e-06,5.912801201599864e-05
R100,grid_rows[23].w5b_S1a,4.2417578901056944e-05,0.0004620741561368132
R100,grid_rows[23].conflicts_day_S1a,3.7180442938996743,52.53717544421272
R100,grid_rows[23].collisions_day_S1a,0.0004129450217150722,0.004289193517795498
R100,grid_rows[23].safe_window_S1a,0.7420568110382022,0.12238661730485571
R100,grid_rows[23].w5_S1b,5.363657174288323e-06,5.258819714578152e-05
R100,grid_rows[23].w5b_S1b,3.415121075980887e-05,0.00035397649279941747
R100,grid_rows[23].conflicts_day_S1b,3.1072590429580123,41.180162398033886
R100,grid_rows[23].collisions_day_S1b,0.0003883164263355884,0.0038035208982859486
R100,grid_rows[23].safe_window_S1b,0.7433240145911099,0.12967476662048133
R100,grid_rows[23].w5_S2,1.1250514937932982e-06,3.1752519851647468e-06
R100,grid_rows[23].w5b_S2,8.61030161730428e-06,2.1675245612628948e-05
R100,grid_rows[23].conflicts_day_S2,0.8135248250481006,1.6765197363645814
R100,grid_rows[23].collisions_day_S2,8.147511095701112e-05,0.00023051050146410978
R100,grid_rows[23].safe_window_S2,0.7308303738546138,0.5134092108931387
R100,grid_rows[24].p_dh_neg_s1a,0.99745,0.98455
R100,grid_rows[24].p_lo_s1a,0.9966490860306292,0.9827452900605639
R100,grid_rows[24].p_hi_s1a,0.9980598572971522,0.9861686077974651
R100,grid_rows[24].dh_q05_s1a,-0.04056763252940563,-0.04042007670502485
R100,grid_rows[24].dh_q50_s1a,-0.006738645064432737,-0.006596669770419013
R100,grid_rows[24].dh_q95_s1a,-0.0004520372341392326,-0.00031490086765626764
R100,grid_rows[24].breakeven_q50_s1a,54.74138439232303,5.2024229087702984
R100,grid_rows[24].p_dh_neg_s1b,0.99365,0.97885
R100,grid_rows[24].p_lo_s1b,0.9924503609794934,0.976762018351966
R100,grid_rows[24].p_hi_s1b,0.9946600418223145,0.9807540687171027
R100,grid_rows[24].dh_q05_s1b,-0.04044173813880062,-0.040269980690512124
R100,grid_rows[24].dh_q50_s1b,-0.0065710543881343534,-0.006449867341642967
R100,grid_rows[24].dh_q95_s1b,-0.00035474899729164044,-0.0002312457043297211
R100,grid_rows[24].breakeven_q50_s1b,55.07340108765396,5.421663819049966
R100,grid_rows[24].p_dh_neg_s2,0.99995,0.99925
R100,grid_rows[24].p_lo_s2,0.9997168094297738,0.9987628321888334
R100,grid_rows[24].p_hi_s2,0.9999911737177268,0.9995454198091459
R100,grid_rows[24].dh_q05_s2,-0.04044366127067266,-0.04042922606714654
R100,grid_rows[24].dh_q50_s2,-0.006592935140898198,-0.006566931933506199
R100,grid_rows[24].dh_q95_s2,-0.0003703246375503008,-0.000348349715983508
R100,grid_rows[24].breakeven_q50_s2,58.672805417385305,9.850696871326313
R100,grid_rows[24].w5_S0,5.37273218618914e-08,5.396960190436736e-08
R100,grid_rows[24].w5b_S0,1.5913536499692969e-06,1.5948489140167223e-06
R100,grid_rows[24].conflicts_day_S0,0.11030968872645819,0.11071865737836448
R100,grid_rows[24].collisions_day_S0,3.868697798099717e-06,3.885572235052192e-06
R100,grid_rows[24].safe_window_S0,0.7282106180395473,0.7272931057735762
R100,grid_rows[24].w5_S1a,4.3180657186804315e-06,4.54865164495249e-05
R100,grid_rows[24].w5b_S1a,0.0001256921721497447,0.0013922963256046373
R100,grid_rows[24].conflicts_day_S1a,8.740453581573629,107.38137681775868
R100,grid_rows[24].collisions_day_S1a,0.0003128002861939376,0.00331664309535457
R100,grid_rows[24].safe_window_S1a,0.7433214864105098,0.09959165934633038
R100,grid_rows[24].w5_S1b,4.113687664479445e-06,4.168930355863243e-05
R100,grid_rows[24].w5b_S1b,0.00010431126947898253,0.0011033651671028125
R100,grid_rows[24].conflicts_day_S1b,7.331145683273107,85.02593154707452
R100,grid_rows[24].collisions_day_S1b,0.00030010002245740484,0.0030512242458124823
R100,grid_rows[24].safe_window_S1b,0.7446150661443354,0.10527881148737944
R100,grid_rows[24].w5_S2,8.800376083910621e-07,5.370819185685997e-06
R100,grid_rows[24].w5b_S2,2.780942216615777e-05,0.00015446295228842594
R100,grid_rows[24].conflicts_day_S2,1.956355171558017,12.129041705633542
R100,grid_rows[24].collisions_day_S2,6.487373079557644e-05,0.00038735271614155474
R100,grid_rows[24].safe_window_S2,0.7282106180395473,0.17237058127659896
R100,grid_rows[25].p_dh_neg_s1a,0.989308553157474,0.7737809752198241
R100,grid_rows[25].p_lo_s1a,0.9870975432749349,0.7654799575793965
R100,grid_rows[25].p_hi_s1a,0.9911440759400028,0.7818718979748058
R100,grid_rows[25].dh_q05_s1a,-0.05374259377604774,-0.04937737438233095
R100,grid_rows[25].dh_q50_s1a,-0.008827821198099852,-0.005120517836079488
R100,grid_rows[25].dh_q95_s1a,-0.0004759875163945516,0.042425768895457946
R100,grid_rows[25].breakeven_q50_s1a,7.676889093189281,0.26602604788447726
R100,grid_rows[25].p_dh_neg_s1b,0.9890087929656275,0.7828737010391686
R100,grid_rows[25].p_lo_s1b,0.9867702902060487,0.7746884937770698
R100,grid_rows[25].p_hi_s1b,0.9908720386560923,0.7908418358119619
R100,grid_rows[25].dh_q05_s1b,-0.05359996586501066,-0.049884593985888445
R100,grid_rows[25].dh_q50_s1b,-0.008746024745781043,-0.005322539733361775
R100,grid_rows[25].dh_q95_s1b,-0.00042408157640956193,0.03491578830957783
R100,grid_rows[25].breakeven_q50_s1b,8.337605833314978,0.31130843811252384
R100,grid_rows[25].p_dh_neg_s2,1.0,0.9341526778577138
R100,grid_rows[25].p_lo_s2,0.999616308464682,0.9291251124034292
R100,grid_rows[25].p_hi_s2,0.9999999999999999,0.9388470818969392
R100,grid_rows[25].dh_q05_s2,-0.053603685925484194,-0.05199246381408263
R100,grid_rows[25].dh_q50_s2,-0.00885103024030278,-0.007918634380888606
R100,grid_rows[25].dh_q95_s2,-0.0005299359514685498,0.001894604030385306
R100,grid_rows[25].breakeven_q50_s2,9.726961383255656,2.3007619347154984
R100,grid_rows[25].w5_S0,4.434557331998391e-07,4.7181862248791213e-07
R100,grid_rows[25].w5b_S0,6.521524394448701e-09,7.1884712747651325e-09
R100,grid_rows[25].conflicts_day_S0,0.00042086273009828644,0.0004587163059661187
R100,grid_rows[25].collisions_day_S0,3.267732796297004e-05,3.471150808780765e-05
R100,grid_rows[25].w5_S1a,4.100975069232886e-05,0.0011532225616428561
R100,grid_rows[25].w5b_S1a,8.195362375661587e-07,2.803263891495279e-05
R100,grid_rows[25].conflicts_day_S1a,0.05275386831555572,1.726557698992834
R100,grid_rows[25].collisions_day_S1a,0.0030954468115677617,0.08552358470428295
R100,grid_rows[25].safe_window_S1a,0.9521125737782755,0.9418090172663764
R100,grid_rows[25].w5_S1b,3.7217476457267296e-05,0.0009628355708929661
R100,grid_rows[25].w5b_S1b,6.385714230168969e-07,1.901753718442209e-05
R100,grid_rows[25].conflicts_day_S1b,0.041028570441859535,1.2105435550845913
R100,grid_rows[25].collisions_day_S1b,0.0028081113590781234,0.07217845342596285
R100,grid_rows[25].safe_window_S1b,0.9522870796433408,0.9445093672310146
R100,grid_rows[25].w5_S2,7.37643171189615e-06,2.7564375370993555e-05
R100,grid_rows[25].w5b_S2,1.1070622875176476e-07,4.979411780389652e-07
R100,grid_rows[25].conflicts_day_S2,0.007239396697074567,0.02517723828107009
R100,grid_rows[25].collisions_day_S2,0.0005412675729504434,0.001948680475585481
R100,grid_rows[25].safe_window_S2,0.9520797584869751,0.9518266640236317
R100,grid_rows[26].p_dh_neg_s1a,0.9943724248819215,0.8018289619133755
R100,grid_rows[26].p_lo_s1a,0.9926998324986991,0.7938810804264629
R100,grid_rows[26].p_hi_s1a,0.9956634719999327,0.809543898750616
R100,grid_rows[26].dh_q05_s1a,-0.05601652241015162,-0.05281220831959753
R100,grid_rows[26].dh_q50_s1a,-0.008618028652709827,-0.0055228483159054376
R100,grid_rows[26].dh_q95_s1a,-0.00045983674026309554,0.023552141078114232
R100,grid_rows[26].breakeven_q50_s1a,12.649584485128978,0.3727304616439368
R100,grid_rows[26].p_dh_neg_s1b,0.9933675007536931,0.8083609687468596
R100,grid_rows[26].p_lo_s1b,0.9915712901690149,0.8005093499679601
R100,grid_rows[26].p_hi_s1b,0.9947829416504855,0.8159746016234721
R100,grid_rows[26].dh_q05_s1b,-0.05597063581904253,-0.05278705644217797
R100,grid_rows[26].dh_q50_s1b,-0.008499804536985234,-0.005660368309691327
R100,grid_rows[26].dh_q95_s1b,-0.0004192531864697244,0.01982016346686989
R100,grid_rows[26].breakeven_q50_s1b,13.210262352443673,0.40699638680856426
R100,grid_rows[26].p_dh_neg_s2,0.9997990151743543,0.9359863330318561
R100,grid_rows[26].p_lo_s2,0.9992674159848922,0.931006732609492
R100,grid_rows[26].p_hi_s2,0.9999448809810483,0.9406294492316125
R100,grid_rows[26].dh_q05_s2,-0.05614931482248941,-0.054408691864223785
R100,grid_rows[26].dh_q50_s2,-0.00858837787287727,-0.007691817690330574
R100,grid_rows[26].dh_q95_s2,-0.00047086027314060565,0.0010185686423217176
R100,grid_rows[26].breakeven_q50_s2,15.105730204255888,2.1866862235607987
R100,grid_rows[26].w5_S0,2.644529234368446e-07,2.8286819644457976e-07
R100,grid_rows[26].w5b_S0,8.588858513465636e-09,1.0047252812790126e-08
R100,grid_rows[26].conflicts_day_S0,0.0004805607477596326,0.0005440607849751103
R100,grid_rows[26].collisions_day_S0,1.947280960654299e-05,2.1006750840935655e-05
R100,grid_rows[26].w5_S1a,2.4087741809974902e-05,0.0008354836476097982
R100,grid_rows[26].w5b_S1a,1.0560987885194376e-06,4.587581645506037e-05
R100,grid_rows[26].conflicts_day_S1a,0.05628134069993625,2.4121763557142355
R100,grid_rows[26].collisions_day_S1a,0.0017622086268561017,0.06081529518735189
R100,grid_rows[26].w5_S1b,2.2312394989649813e-05,0.0007350446271097176
R100,grid_rows[26].w5b_S1b,7.872493165994381e-07,3.218904633562456e-05
R100,grid_rows[26].conflicts_day_S1b,0.042704463553786716,1.6966424368795057
R100,grid_rows[26].collisions_day_S1b,0.0016472269336652242,0.05277775951663045
R100,grid_rows[26].w5_S2,4.477150693894208e-06,3.06718047650445e-05
R100,grid_rows[26].w5b_S2,1.4577675095935003e-07,1.2850944727772417e-06
R100,grid_rows[26].conflicts_day_S2,0.00817229608276944,0.08028967123203543
R100,grid_rows[26].collisions_day_S2,0.00032947595734068424,0.0022217601673341146
R100,grid_rows[27].p_dh_neg_s1a,0.9976,0.8476
R100,grid_rows[27].p_lo_s1a,0.9964312236309004,0.8404223391743044
R100,grid_rows[27].p_hi_s1a,0.9983866211906022,0.8545107051584011
R100,grid_rows[27].dh_q05_s1a,-0.05482621771931747,-0.05153592699829656
R100,grid_rows[27].dh_q50_s1a,-0.008641910551381724,-0.006459916696873662
R100,grid_rows[27].dh_q95_s1a,-0.0005255153988318587,0.013559885383912219
R100,grid_rows[27].breakeven_q50_s1a,23.610910422081776,0.5694924606908986
R100,grid_rows[27].p_dh_neg_s1b,0.9966,0.8503
R100,grid_rows[27].p_lo_s1b,0.9952527946345442,0.8431728312087722
R100,grid_rows[27].p_hi_s1b,0.9975658181836999,0.8571581395327316
R100,grid_rows[27].dh_q05_s1b,-0.054762726109435556,-0.051489905768189945
R100,grid_rows[27].dh_q50_s1b,-0.008574130888375126,-0.006435669215859767
R100,grid_rows[27].dh_q95_s1b,-0.0004687028815685287,0.01188783633859874
R100,grid_rows[27].breakeven_q50_s1b,24.0055037875426,0.6145076462150327
R100,grid_rows[27].p_dh_neg_s2,1.0,0.9415
R100,grid_rows[27].p_lo_s2,0.9996160016293234,0.936728453368652
R100,grid_rows[27].p_hi_s2,1.0,0.9459324760700405
R100,grid_rows[27].dh_q05_s2,-0.0547560972735724,-0.053565660610302955
R100,grid_rows[27].dh_q50_s2,-0.008642592620152743,-0.00770885793814984
R100,grid_rows[27].dh_q95_s2,-0.0004930156604417309,0.0003594486227121009
R100,grid_rows[27].breakeven_q50_s2,26.03545439502512,1.5234915369516584
R100,grid_rows[27].w5_S0,1.597870696692587e-07,1.8867298168921893e-07
R100,grid_rows[27].w5b_S0,2.0970793490564935e-08,3.5771491788003775e-08
R100,grid_rows[27].conflicts_day_S0,0.0009518935692203073,0.001495684396394708
R100,grid_rows[27].collisions_day_S0,1.1467415058896033e-05,1.3360614440411271e-05
R100,grid_rows[27].w5_S1a,1.3164864071988266e-05,0.0005284061195104431
R100,grid_rows[27].w5b_S1a,2.257180591321026e-06,0.0001433838066459025
R100,grid_rows[27].conflicts_day_S1a,0.10062109916733582,5.197554277549971
R100,grid_rows[27].collisions_day_S1a,0.0009381038137332943,0.03769070805268768
R100,grid_rows[27].safe_window_S1a,0.977195145000788,0.8164903218175223
R100,grid_rows[27].w5_S1b,1.2735200338912105e-05,0.00048158677284645756
R100,grid_rows[27].w5b_S1b,1.6991832113022533e-06,9.934298739884032e-05
R100,grid_rows[27].conflicts_day_S1b,0.07456078571604591,3.5193385501630026
R100,grid_rows[27].collisions_day_S1b,0.0008963955712071565,0.0342500537113655
R100,grid_rows[27].safe_window_S1b,0.977195145000788,0.8132370475843924
R100,grid_rows[27].w5_S2,2.6275498395423026e-06,4.843488587014859e-05
R100,grid_rows[27].w5b_S2,3.62832238800759e-07,9.0017144262641e-06
R100,grid_rows[27].conflicts_day_S2,0.01520411898324855,0.4239079881307968
R100,grid_rows[27].collisions_day_S2,0.00018575517068148908,0.0035458521692889513
R100,grid_rows[27].safe_window_S2,0.9756585069582827,0.9754258028025734
R100,grid_rows[28].p_dh_neg_s1a,0.9974088100458441,0.878313733306757
R100,grid_rows[28].p_lo_s1a,0.996205877526868,0.8717718290793394
R100,grid_rows[28].p_hi_s1a,0.9982310281515313,0.8845660779443439
R100,grid_rows[28].dh_q05_s1a,-0.05175415165287831,-0.05023460511679004
R100,grid_rows[28].dh_q50_s1a,-0.008579598346501571,-0.006909898169057335
R100,grid_rows[28].dh_q95_s1a,-0.0005503303602781529,0.007694051909177906
R100,grid_rows[28].breakeven_q50_s1a,35.83259627847866,0.8719506243270776
R100,grid_rows[28].p_dh_neg_s1b,0.9971098265895953,0.8799083117400838
R100,grid_rows[28].p_lo_s1b,0.9958523170530027,0.8734020507315842
R100,grid_rows[28].p_hi_s1b,0.9979868505534599,0.8861237926757607
R100,grid_rows[28].dh_q05_s1b,-0.05173081890714194,-0.05027689608525309
R100,grid_rows[28].dh_q50_s1b,-0.00851722855421171,-0.006903287468605229
R100,grid_rows[28].dh_q95_s1b,-0.0004993835266748667,0.006638231231337513
R100,grid_rows[28].breakeven_q50_s1b,36.290347982202775,0.9426661979541668
R100,grid_rows[28].p_dh_neg_s2,1.0,0.9498704405022922
R100,grid_rows[28].p_lo_s2,0.9996173023018491,0.9454259935076171
R100,grid_rows[28].p_hi_s2,1.0,0.9539705587328745
R100,grid_rows[28].dh_q05_s2,-0.05185331181679366,-0.051079816906860205
R100,grid_rows[28].dh_q50_s2,-0.008552070735224928,-0.0077453645202268774
R100,grid_rows[28].dh_q95_s2,-0.0005179730100972402,6.109018032283971e-06
R100,grid_rows[28].breakeven_q50_s2,39.25526814953931,1.2722908016847274
R100,grid_rows[28].w5_S0,1.0928310642713598e-07,1.493932293858685e-07
R100,grid_rows[28].w5b_S0,1.3624550124328256e-07,2.8853015378323726e-07
R100,grid_rows[28].conflicts_day_S0,0.010865795750126854,0.020198719926301997
R100,grid_rows[28].collisions_day_S0,7.925301956029892e-06,1.0769951840932433e-05
R100,grid_rows[28].safe_window_S0,0.948653918654265,0.9481840148025502
R100,grid_rows[28].w5_S1a,8.746902001268858e-06,0.0003488573696972132
R100,grid_rows[28].w5b_S1a,1.2506534472742779e-05,0.0006581577188526612
R100,grid_rows[28].conflicts_day_S1a,0.9860006542909456,76.49425631295162
R100,grid_rows[28].collisions_day_S1a,0.0006479392965693157,0.025041821377941628
R100,grid_rows[28].safe_window_S1a,0.9499427390558581,0.1317360733490433
R100,grid_rows[28].w5_S1b,8.424210217528598e-06,0.000323512179083365
R100,grid_rows[28].w5b_S1b,1.0473652958725656e-05,0.0005107420254465921
R100,grid_rows[28].conflicts_day_S1b,0.8318728149857784,60.111061062259935
R100,grid_rows[28].collisions_day_S1b,0.0006261154499079428,0.023237856466999676
R100,grid_rows[28].safe_window_S1b,0.9500400515733851,0.13858810406854755
R100,grid_rows[28].w5_S2,1.8096352134250578e-06,5.571386084694139e-05
R100,grid_rows[28].w5b_S2,2.5037265114850115e-06,9.043758412055855e-05
R100,grid_rows[28].conflicts_day_S2,0.22046910706940623,9.759615526551634
R100,grid_rows[28].collisions_day_S2,0.00013460155605794574,0.0040905458200868935
R100,grid_rows[28].safe_window_S2,0.948653918654265,0.8837306140893886
R100,grid_rows[29].p_dh_neg_s1a,0.9979125248508947,0.8979125248508947
R100,grid_rows[29].p_lo_s1a,0.9968107289022526,0.8918434882086602
R100,grid_rows[29].p_hi_s1a,0.9986342054194705,0.9036777879122936
R100,grid_rows[29].dh_q05_s1a,-0.05344513834573488,-0.0518399794707877
R100,grid_rows[29].dh_q50_s1a,-0.008676938125922937,-0.00727866025574459
R100,grid_rows[29].dh_q95_s1a,-0.000597557694611613,0.0038758937717141115
R100,grid_rows[29].breakeven_q50_s1a,44.69603175528562,1.1491374378325285
R100,grid_rows[29].p_dh_neg_s1b,0.9970178926441352,0.8974155069582505
R100,grid_rows[29].p_lo_s1b,0.9957460974638758,0.8913339286553142
R100,grid_rows[29].p_hi_s1b,0.9979102554226517,0.903193691112753
R100,grid_rows[29].dh_q05_s1b,-0.05329144264795545,-0.05164446588924112
R100,grid_rows[29].dh_q50_s1b,-0.008628400486921409,-0.0072693534705342636
R100,grid_rows[29].dh_q95_s1b,-0.0005117469995215107,0.0034802708814341498
R100,grid_rows[29].breakeven_q50_s1b,44.76565609127666,1.217429736497172
R100,grid_rows[29].p_dh_neg_s2,1.0,0.9605367793240557
R100,grid_rows[29].p_lo_s2,0.9996182910038464,0.9565531127771163
R100,grid_rows[29].p_hi_s2,0.9999999999999999,0.9641688638075401
R100,grid_rows[29].dh_q05_s2,-0.05344250251681453,-0.05289642668462523
R100,grid_rows[29].dh_q50_s2,-0.008661351491079106,-0.008034639811798854
R100,grid_rows[29].dh_q95_s2,-0.0005424672523660077,-0.0001806952989350591
R100,grid_rows[29].breakeven_q50_s2,47.553442807464975,1.346115843739434
R100,grid_rows[29].w5_S0,8.599048539412068e-08,1.7174247692524086e-07
R100,grid_rows[29].w5b_S0,5.416285383578973e-07,1.3595132274223934e-06
R100,grid_rows[29].conflicts_day_S0,0.037293131421396175,0.07387983604411702
R100,grid_rows[29].collisions_day_S0,6.3657244478624466e-06,1.2589747523195295e-05
R100,grid_rows[29].safe_window_S0,0.9477175460422298,0.9467000266367448
R100,grid_rows[29].w5_S1a,6.912039816265436e-06,0.0002581567781325204
R100,grid_rows[29].w5b_S1a,4.342629962935529e-05,0.0017826245401791516
R100,grid_rows[29].conflicts_day_S1a,2.9914203628288485,139.23441279567078
R100,grid_rows[29].collisions_day_S1a,0.000510556007000506,0.01926202051028604
R100,grid_rows[29].safe_window_S1a,0.9487780580248992,0.11399017656973037
R100,grid_rows[29].w5_S1b,6.79696901392533e-06,0.00024405258639079822
R100,grid_rows[29].w5b_S1b,3.6339498143438844e-05,0.0013980948222813072
R100,grid_rows[29].conflicts_day_S1b,2.4954498177736317,110.36775432259712
R100,grid_rows[29].collisions_day_S1b,0.0004973694737878496,0.01806849326130658
R100,grid_rows[29].safe_window_S1b,0.9487780580248992,0.1215693345776459
R100,grid_rows[29].w5_S2,1.4648519295321583e-06,5.1705472340909665e-05
R100,grid_rows[29].w5b_S2,9.449153498105354e-06,0.0003270972232269863
R100,grid_rows[29].conflicts_day_S2,0.6642705045061466,25.53977892578834
R100,grid_rows[29].collisions_day_S2,0.00010717628362910965,0.0038253069686296085
R100,grid_rows[29].safe_window_S2,0.9477175460422298,0.3135714424044552
R100,model_form_rows[0].p_dh_neg_elicited,0.9932,0.9913
R100,model_form_rows[0].p_dh_neg_record_central,0.4311,0.4330
R100,model_form_rows[0].p_dh_neg_record_worst_corner,0.2286,0.2367
R100,model_form_rows[0].p_equivalent_record_central,0.7793,0.7661
R100,model_form_rows[0].dh_median_record,2.2962e-06,2.2414e-06
R100,model_form_rows[0].abs_dh_median_record,1.4223e-05,1.4658e-05
R100,model_form_rows[0].implied_collisions_per_op_day,7.2556e-04,9.8782e-04
R100,model_form_rows[0].w5_median_elicited,1.0294e-05,1.3804e-05
R100,model_form_rows[0].p_s2_lower_than_s1a_record_central,0.8072,0.7996
R100,model_form_rows[1].p_dh_neg_elicited,0.9895,0.9877
R100,model_form_rows[1].p_dh_neg_record_central,0.4825,0.4847
R100,model_form_rows[1].p_dh_neg_record_worst_corner,0.2693,0.2769
R100,model_form_rows[1].p_equivalent_record_central,0.8164,0.8086
R100,model_form_rows[1].dh_median_record,4.6506e-07,4.3251e-07
R100,model_form_rows[1].abs_dh_median_record,1.2656e-05,1.2840e-05
R100,model_form_rows[1].implied_collisions_per_op_day,5.6003e-04,7.4799e-04
R100,model_form_rows[1].w5_median_elicited,7.8850e-06,1.0481e-05
R100,model_form_rows[1].p_s2_lower_than_s1a_record_central,0.8072,0.7996
R100,model_form_rows[2].p_dh_neg_record_central,0.6527,0.6815
R100,model_form_rows[2].p_dh_neg_record_worst_corner,0.4408,0.4753
R100,model_form_rows[2].p_equivalent_record_central,0.9206,0.9217
R100,model_form_rows[2].dh_median_record,-3.6968e-06,-4.4683e-06
R100,model_form_rows[2].abs_dh_median_record,8.2769e-06,8.1071e-06
R100,model_form_rows[2].p_s2_lower_than_s1a_record_central,0.8072,0.7996
R100,model_form_rows[3].p_dh_neg_elicited,0.9886,0.9849
R100,model_form_rows[3].p_dh_neg_record_central,0.4307,0.4280
R100,model_form_rows[3].p_dh_neg_record_worst_corner,0.2289,0.2344
R100,model_form_rows[3].p_equivalent_record_central,0.7743,0.7631
R100,model_form_rows[3].dh_median_record,2.2668e-06,2.4656e-06
R100,model_form_rows[3].abs_dh_median_record,1.4128e-05,1.4801e-05
R100,model_form_rows[3].implied_collisions_per_op_day,1.1867e-03,1.5879e-03
R100,model_form_rows[3].w5_median_elicited,1.8499e-05,2.4417e-05
R100,model_form_rows[3].p_s2_lower_than_s1a_record_central,0.8115,0.8097
R100,model_form_rows[4].p_dh_neg_elicited,0.9848,0.9815
R100,model_form_rows[4].p_dh_neg_record_central,0.4858,0.4853
R100,model_form_rows[4].p_dh_neg_record_worst_corner,0.2737,0.2785
R100,model_form_rows[4].p_equivalent_record_central,0.8164,0.8082
R100,model_form_rows[4].dh_median_record,3.8671e-07,3.7519e-07
R100,model_form_rows[4].abs_dh_median_record,1.2488e-05,1.2996e-05
R100,model_form_rows[4].implied_collisions_per_op_day,9.0156e-04,1.1938e-03
R100,model_form_rows[4].w5_median_elicited,1.3793e-05,1.8109e-05
R100,model_form_rows[4].p_s2_lower_than_s1a_record_central,0.8115,0.8097
R100,model_form_rows[5].p_dh_neg_record_central,0.6527,0.6781
R100,model_form_rows[5].p_dh_neg_record_worst_corner,0.4417,0.4720
R100,model_form_rows[5].p_equivalent_record_central,0.9132,0.9157
R100,model_form_rows[5].dh_median_record,-3.6792e-06,-4.3226e-06
R100,model_form_rows[5].abs_dh_median_record,8.3641e-06,8.1846e-06
R100,model_form_rows[5].p_s2_lower_than_s1a_record_central,0.8115,0.8097
R100,model_form_rows[6].p_dh_neg_elicited,0.9844,0.9787
R100,model_form_rows[6].p_dh_neg_record_central,0.4295,0.4281
R100,model_form_rows[6].p_dh_neg_record_worst_corner,0.2288,0.2334
R100,model_form_rows[6].p_equivalent_record_central,0.7720,0.7627
R100,model_form_rows[6].dh_median_record,2.3737e-06,2.4183e-06
R100,model_form_rows[6].abs_dh_median_record,1.4229e-05,1.4992e-05
R100,model_form_rows[6].implied_collisions_per_op_day,1.6092e-03,2.1438e-03
R100,model_form_rows[6].w5_median_elicited,2.5584e-05,3.3952e-05
R100,model_form_rows[6].p_s2_lower_than_s1a_record_central,0.8129,0.8119
R100,model_form_rows[7].p_dh_neg_elicited,0.9811,0.9767
R100,model_form_rows[7].p_dh_neg_record_central,0.4862,0.4876
R100,model_form_rows[7].p_dh_neg_record_worst_corner,0.2731,0.2802
R100,model_form_rows[7].p_equivalent_record_central,0.8155,0.8078
R100,model_form_rows[7].dh_median_record,3.3878e-07,3.1851e-07
R100,model_form_rows[7].abs_dh_median_record,1.2484e-05,1.2979e-05
R100,model_form_rows[7].implied_collisions_per_op_day,1.2083e-03,1.5846e-03
R100,model_form_rows[7].w5_median_elicited,1.8821e-05,2.4953e-05
R100,model_form_rows[7].p_s2_lower_than_s1a_record_central,0.8129,0.8119
R100,model_form_rows[8].p_dh_neg_record_central,0.6508,0.6772
R100,model_form_rows[8].p_dh_neg_record_worst_corner,0.4410,0.4727
R100,model_form_rows[8].p_equivalent_record_central,0.9108,0.9136
R100,model_form_rows[8].dh_median_record,-3.5969e-06,-4.2869e-06
R100,model_form_rows[8].abs_dh_median_record,8.3891e-06,8.2146e-06
R100,model_form_rows[8].p_s2_lower_than_s1a_record_central,0.8129,0.8119
R100,model_form_rows[9].p_dh_neg_elicited,0.9907,0.9885
R100,model_form_rows[9].p_dh_neg_record_central,0.4374,0.4341
R100,model_form_rows[9].p_dh_neg_record_worst_corner,0.2363,0.2426
R100,model_form_rows[9].p_equivalent_record_central,0.7709,0.7611
R100,model_form_rows[9].dh_median_record,2.2613e-06,2.1604e-06
R100,model_form_rows[9].abs_dh_median_record,1.4632e-05,1.4996e-05
R100,model_form_rows[9].implied_collisions_per_op_day,1.0114e-03,1.3731e-03
R100,model_form_rows[9].w5_median_elicited,1.3690e-05,1.8391e-05
R100,model_form_rows[9].p_s2_lower_than_s1a_record_central,0.7912,0.7856
R100,model_form_rows[10].p_dh_neg_elicited,0.9869,0.9846
R100,model_form_rows[10].p_dh_neg_record_central,0.4813,0.4806
R100,model_form_rows[10].p_dh_neg_record_worst_corner,0.2711,0.2782
R100,model_form_rows[10].p_equivalent_record_central,0.8074,0.8033
R100,model_form_rows[10].dh_median_record,5.5012e-07,5.1323e-07
R100,model_form_rows[10].abs_dh_median_record,1.2983e-05,1.3148e-05
R100,model_form_rows[10].implied_collisions_per_op_day,7.9651e-04,1.0651e-03
R100,model_form_rows[10].w5_median_elicited,1.0672e-05,1.4279e-05
R100,model_form_rows[10].p_s2_lower_than_s1a_record_central,0.7912,0.7856
R100,model_form_rows[11].p_dh_neg_record_central,0.6454,0.6764
R100,model_form_rows[11].p_dh_neg_record_worst_corner,0.4341,0.4714
R100,model_form_rows[11].p_equivalent_record_central,0.9196,0.9222
R100,model_form_rows[11].dh_median_record,-3.5277e-06,-4.2859e-06
R100,model_form_rows[11].abs_dh_median_record,8.4101e-06,8.1696e-06
R100,model_form_rows[11].p_s2_lower_than_s1a_record_central,0.7912,0.7856
R100,model_form_rows[12].p_dh_neg_elicited,0.9817,0.9769
R100,model_form_rows[12].p_dh_neg_record_central,0.4291,0.4261
R100,model_form_rows[12].p_dh_neg_record_worst_corner,0.2326,0.2360
R100,model_form_rows[12].p_equivalent_record_central,0.7569,0.7467
R100,model_form_rows[12].dh_median_record,2.4140e-06,2.5158e-06
R100,model_form_rows[12].abs_dh_median_record,1.4780e-05,1.5342e-05
R100,model_form_rows[12].implied_collisions_per_op_day,1.1211e-03,1.4896e-03
R100,model_form_rows[12].w5_median_elicited,1.7959e-05,2.3962e-05
R100,model_form_rows[12].p_s2_lower_than_s1a_record_central,0.8081,0.8067
R100,model_form_rows[13].p_dh_neg_elicited,0.9785,0.9747
R100,model_form_rows[13].p_dh_neg_record_central,0.4786,0.4825
R100,model_form_rows[13].p_dh_neg_record_worst_corner,0.2733,0.2786
R100,model_form_rows[13].p_equivalent_record_central,0.7941,0.7888
R100,model_form_rows[13].dh_median_record,5.2062e-07,4.7726e-07
R100,model_form_rows[13].abs_dh_median_record,1.3122e-05,1.3376e-05
R100,model_form_rows[13].implied_collisions_per_op_day,8.4684e-04,1.1228e-03
R100,model_form_rows[13].w5_median_elicited,1.3497e-05,1.7859e-05
R100,model_form_rows[13].p_s2_lower_than_s1a_record_central,0.8081,0.8067
R100,model_form_rows[14].p_dh_neg_record_central,0.6370,0.6651
R100,model_form_rows[14].p_dh_neg_record_worst_corner,0.4323,0.4643
R100,model_form_rows[14].p_equivalent_record_central,0.8947,0.9010
R100,model_form_rows[14].dh_median_record,-3.1810e-06,-3.8644e-06
R100,model_form_rows[14].abs_dh_median_record,8.7079e-06,8.4938e-06
R100,model_form_rows[14].p_s2_lower_than_s1a_record_central,0.8081,0.8067
R100,sight_rows[0].p_dh_neg_s1a,0.9909,0.9876
R100,sight_rows[0].w5_s1a_median,1.68078e-05,2.14661e-05
R100,sight_rows[0].collisions_day_s1a,0.00114798,0.00143612
R100,sight_rows[1].p_dh_neg_s1a,0.9946,0.9923
R100,sight_rows[1].w5_s1a_median,9.34674e-06,1.26355e-05
R100,sight_rows[1].collisions_day_s1a,0.000683072,0.000906115
R100,sight_rows[2].p_dh_neg_s1a,0.9934,0.9810
R100,sight_rows[2].w5_s1a_median,9.93556e-06,3.28434e-05
R100,sight_rows[2].collisions_day_s1a,0.00065283,0.0021798
R100,sight_rows[2].p_dh_neg_s2,0.9997,0.9996
R100,sight_rows[2].w5_s2_median,1.84631e-06,1.97631e-06
R100,sight_rows[2].collisions_day_s2,0.0001152,0.000123069
R100,sight_rows[3].p_dh_neg_s1a,0.9961,0.9928
R100,sight_rows[3].w5_s1a_median,4.62333e-06,1.56548e-05
R100,sight_rows[3].collisions_day_s1a,0.000336113,0.00116498
R100,sight_rows[3].w5_s2_median,7.69081e-07,8.23637e-07
R100,sight_rows[3].collisions_day_s2,5.65973e-05,6.03887e-05
R100,sight_rows[4].p_dh_neg_s1a,0.9971,0.9960
R100,sight_rows[4].w5_s1a_median,2.35896e-06,8.59098e-06
R100,sight_rows[4].collisions_day_s1a,0.000171423,0.00064072
R100,sight_rows[4].w5_s2_median,3.93843e-07,4.26095e-07
R100,sight_rows[4].collisions_day_s2,2.90328e-05,3.11829e-05
R100,sight_rows[5].p_dh_neg_s1a,0.9975,0.9970
R100,sight_rows[5].w5_s1a_median,1.23388e-06,5.55967e-06
R100,sight_rows[5].collisions_day_s1a,8.95414e-05,0.000416797
R100,sight_rows[5].w5_s2_median,2.09622e-07,2.33504e-07
R100,sight_rows[5].collisions_day_s2,1.53187e-05,1.70475e-05
R101,encounter_free_candidate_entry_share,0.7718400077831457,0.7133501246923475
R103,primary,0.4311,0.43305
R103,common_cause_0p5,0.4307,0.428
R103,common_cause_1p0,0.42955,0.4281
R103,threshold,0.43735,0.4341
R103,loglogistic,0.42915,0.42615
R103,most_adverse.value,0.42915,0.42615
R103,most_adverse.primary_value,0.4311,0.43305
R104,primary,0.5363,0.53415
R104,common_cause_0p5,0.55185,0.5467
R104,common_cause_1p0,0.56325,0.55645
R104,threshold,0.54905,0.5446
R104,loglogistic,0.63415,0.63075
R104,most_adverse.value,0.5363,0.53415
R104,most_adverse.primary_value,0.5363,0.53415
R105,primary,0.51465,0.5634
R105,common_cause_0p5,0.51845,0.5641
R105,common_cause_1p0,0.5193,0.5662
R105,threshold,0.5074,0.5557
R105,loglogistic,0.51135,0.55565
R105,most_adverse.form,threshold,loglogistic
R105,most_adverse.label,MF2a threshold at ttc50,MF2b logistic in ln TTC
R105,most_adverse.value,0.5074,0.55565
R105,most_adverse.all_tied_forms[0],threshold,loglogistic
R105,most_adverse.primary_value,0.51465,0.5634
R106,primary,0.45105,0.4991
R106,common_cause_0p5,0.4551,0.49935
R106,common_cause_1p0,0.45545,0.5005
R106,threshold,0.4454,0.49255
R106,loglogistic,0.44815,0.49455
R106,most_adverse.value,0.4454,0.49255
R106,most_adverse.primary_value,0.45105,0.4991
