collision_index,collision_year,collision_ref_no,vehicle_reference,vehicle_type,towing_and_articulation,vehicle_manoeuvre_historic,vehicle_manoeuvre,vehicle_direction_from,vehicle_direction_to,vehicle_location_restricted_lane_historic,vehicle_location_restricted_lane,junction_location,skidding_and_overturning,hit_object_in_carriageway,vehicle_leaving_carriageway,hit_object_off_carriageway,first_point_of_impact,vehicle_left_hand_drive,journey_purpose_of_driver_historic,journey_purpose_of_driver,sex_of_driver,age_of_driver,age_band_of_driver,engine_capacity_cc,propulsion_code,age_of_vehicle,generic_make_model,driver_imd_decile,lsoa_of_driver,escooter_flag,driver_distance_banding
2025231580450,2025,231580450,1,9,0,-1,19,4,8,-1,0,0,1,2,0,0,1,1,-1,6,1,58,9,-1,3,-1,AUDI E-TRON,2,E01009659,0,2
2025451616600,2025,451616600,2,8,0,-1,19,2,6,-1,0,0,0,0,0,0,2,1,-1,1,1,59,9,-1,3,-1,MG 5,10,E01004112,0,3
2025411572617,2025,411572617,2,19,0,-1,4,3,7,-1,0,0,0,0,0,0,1,1,-1,1,1,46,8,2299,2,-1,VAUXHALL MOVANO,2,E01002072,0,3
2025451573780,2025,451573780,1,19,0,-1,3,1,5,-1,0,0,0,0,0,0,2,9,-1,9,1,51,8,1690,1,-1,MAKE AND MODEL REDACTED,5,E01030819,0,3
2025010562236,2025,010562236,1,5,0,-1,19,6,2,-1,0,1,2,2,0,0,1,1,-1,-1,1,23,5,599,1,-1,SUZUKI MODEL MISSING,3,E01021291,0,4
2025010588502,2025,010588502,1,9,0,-1,99,9,9,-1,99,9,9,99,9,99,9,9,-1,2,1,39,7,1498,8,-1,VOLKSWAGEN TIGUAN,8,E01002453,0,1
2025031669680,2025,031669680,2,9,0,-1,3,6,2,-1,0,8,0,0,0,0,3,1,-1,9,1,36,7,1498,1,-1,VOLKSWAGEN TIGUAN,9,E01019343,0,1
2025520600578,2025,520600578,2,9,0,-1,19,5,1,-1,0,0,0,0,0,0,1,1,-1,9,2,87,11,1968,2,-1,VOLKSWAGEN TIGUAN,7,E01022087,0,5
2025340WN4842,2025,340WN4842,2,9,0,-1,3,1,5,-1,0,4,0,0,0,0,2,1,-1,9,2,50,8,1968,2,-1,VOLKSWAGEN TIGUAN,8,E01027253,0,1
2025201641546,2025,201641546,2,9,0,-1,9,7,5,-1,0,8,0,0,0,0,1,1,-1,6,2,40,7,1498,1,-1,VOLKSWAGEN TIGUAN,1,E01009141,0,1
2025991624229,2025,991624229,1,9,0,-1,19,5,1,-1,0,2,0,0,0,0,4,1,-1,6,1,38,7,1498,1,-1,VOLKSWAGEN TIGUAN,-1,-1,0,-1
2025141553201,2025,141553201,3,9,0,-1,3,1,5,-1,0,1,0,0,0,0,2,1,-1,6,2,27,6,1968,2,-1,VOLKSWAGEN TIGUAN,9,E01007601,0,1
2025451539695,2025,451539695,2,9,0,-1,4,5,1,-1,0,0,1,0,0,0,1,1,-1,6,1,40,7,1968,2,-1,VOLKSWAGEN TIGUAN,-1,-1,0,-1
2025501551107,2025,501551107,1,9,0,-1,19,6,2,-1,0,0,0,10,2,0,4,1,-1,6,1,52,8,1968,2,-1,VOLKSWAGEN TIGUAN,7,E01020193,0,2
2025010604108,2025,010604108,3,11,0,-1,8,7,1,-1,0,4,0,0,0,0,3,1,-1,1,1,25,5,-1,3,-1,WRIGHTBUS GB KITE,-1,-1,0,-1
2025610031425,2025,610031425,3,9,0,18,19,2,6,0,0,0,0,0,1,0,2,1,5,6,1,46,8,2894,1,-1,MAKE AND MODEL REDACTED,10,W01001894,0,2
2025041630975,2025,041630975,1,9,0,-1,19,1,5,-1,6,0,1,0,0,0,1,1,-1,2,1,31,6,1997,2,-1,CITROEN DS5,2,E01004849,0,3
2025010575479,2025,010575479,1,19,0,-1,7,7,1,-1,0,8,0,0,0,0,1,1,-1,1,1,60,9,-1,3,-1,MAKE AND MODEL REDACTED,8,E01001273,0,2
2025201555978,2025,201555978,2,20,0,-1,19,8,4,-1,0,0,0,0,0,0,1,1,-1,1,1,64,9,-1,-1,-1,RENAULT MASTER,8,E01025497,0,5
2025371675928,2025,371675928,1,19,0,-1,19,5,1,-1,5,0,0,0,1,0,1,2,-1,1,1,25,5,2298,2,-1,RENAULT MASTER,4,E01030110,0,1
2025141631238,2025,141631238,1,9,0,-1,9,8,7,-1,0,2,0,0,1,10,1,1,-1,9,1,79,11,1197,8,-1,SUZUKI IGNIS,4,E01008150,0,2
2025122501144,2025,122501144,2,5,0,13,13,3,5,0,0,0,0,0,0,0,1,1,5,6,2,55,8,660,1,-1,TRIUMPH TRIDENT,9,E01027913,0,1
2025010592797,2025,010592797,1,3,0,-1,99,9,9,-1,99,1,9,99,9,99,9,1,-1,2,1,24,5,125,1,-1,ZONTES ZT,4,E01002486,0,4
2025421597498,2025,421597498,2,3,0,-1,14,2,5,-1,0,1,0,0,0,0,1,1,-1,9,1,41,7,125,1,-1,ZONTES ZT,4,E01034371,0,1
2025401599842,2025,401599842,2,3,0,-1,19,-1,-1,-1,0,8,0,0,0,0,1,1,-1,6,1,34,6,124,1,-1,MAKE AND MODEL REDACTED,10,E01017393,0,1
2025991677188,2025,991677188,2,3,0,-1,4,8,4,-1,0,0,1,0,0,0,2,1,-1,2,2,17,4,125,1,-1,HUSQVARNA SVARTPILEN,7,-1,0,3
2025351642680,2025,351642680,2,9,0,-1,19,7,3,-1,0,0,0,0,0,0,1,1,-1,2,1,43,7,4969,1,-1,MAKE AND MODEL REDACTED,5,E01018139,0,1
2025501639822,2025,501639822,1,19,0,-1,1,7,3,-1,0,0,0,0,0,0,2,1,-1,1,2,22,5,-1,3,-1,MAXUS DELIVER,5,E01020036,0,3
2025010581351,2025,010581351,2,9,0,-1,4,7,3,-1,0,0,0,0,0,0,2,1,-1,6,1,47,8,2143,2,-1,MERCEDES CLS CLASS,4,E01000114,0,1
2025221538805,2025,221538805,3,9,0,-1,19,1,5,-1,0,0,0,0,0,0,1,9,-1,6,2,76,11,2925,2,-1,MERCEDES CLS CLASS,8,E01022255,0,4
2025461640200,2025,461640200,1,9,0,-1,3,1,3,-1,0,0,0,0,0,0,1,1,-1,6,1,36,7,1997,2,-1,PEUGEOT 407,6,E01024806,0,1
2025531541975,2025,531541975,2,9,0,-1,19,2,6,-1,0,0,0,0,0,0,3,1,-1,9,2,68,10,1968,2,-1,SEAT ALTEA,8,E01009812,0,4
2025010568255,2025,010568255,2,9,0,-1,99,9,9,-1,0,0,9,99,9,99,2,9,-1,6,3,19,4,999,1,-1,VAUXHALL VIVA,10,E01029908,0,4
2025461568972,2025,461568972,1,9,0,-1,5,5,6,-1,0,6,0,0,0,0,1,1,-1,2,2,36,7,999,1,-1,VAUXHALL VIVA,7,E01024113,0,4
2025201640524,2025,201640524,1,9,0,-1,19,3,7,-1,0,0,5,0,0,0,1,1,-1,2,1,34,6,999,1,-1,VAUXHALL VIVA,5,E01009798,0,3
2025430498159,2025,430498159,1,9,0,18,19,2,6,0,0,0,0,0,0,0,1,1,6,6,3,-1,-1,999,1,-1,VAUXHALL VIVA,-1,-1,0,-1
2025340WN1442,2025,340WN1442,3,5,0,-1,7,0,0,-1,0,6,0,0,0,0,3,1,-1,8,1,37,7,1254,1,-1,BMW R SERIES,-1,-1,0,-1
2025541233625,2025,541233625,2,5,0,13,13,2,6,0,0,1,2,0,0,0,3,1,5,6,1,64,9,1170,1,-1,BMW R SERIES,4,E01029036,0,4
2025131575387,2025,131575387,1,5,0,-1,19,5,1,-1,0,0,5,0,0,0,2,1,-1,9,1,62,9,1130,1,-1,BMW R SERIES,2,E01011104,0,2
2025010558961,2025,010558961,2,5,0,-1,99,9,9,-1,99,-1,9,99,9,99,1,1,-1,6,3,58,9,1170,1,-1,BMW R SERIES,5,E01035293,0,4
2025332500666,2025,332500666,1,5,0,-1,9,7,5,-1,0,5,0,0,0,0,1,1,-1,9,1,64,9,1171,1,-1,BMW R SERIES,5,E01025965,0,1
2025451591742,2025,451591742,1,5,0,-1,19,2,6,-1,0,0,5,0,0,0,1,1,-1,9,1,51,8,1170,1,-1,BMW R SERIES,9,E01031496,0,4
2025471556204,2025,471556204,3,9,0,-1,3,1,5,-1,0,0,0,0,0,0,2,1,-1,2,2,55,8,1461,2,-1,MERCEDES B CLASS,8,E01001134,0,4
2025421544111,2025,421544111,1,9,0,-1,14,5,1,-1,0,0,0,0,7,4,1,1,-1,6,2,75,10,1332,8,-1,MERCEDES B CLASS,3,E01015971,0,1
2025411661869,2025,411661869,1,9,0,-1,3,8,4,-1,0,1,0,0,0,0,2,1,-1,6,1,48,8,2143,2,-1,MERCEDES B CLASS,10,E01017760,0,2
2025411684843,2025,411684843,1,9,0,-1,9,1,8,-1,0,6,0,0,0,0,1,1,-1,6,2,28,6,-1,3,-1,PORSCHE TAYCAN,10,E01023812,0,1
2025340WN4582,2025,340WN4582,2,5,0,-1,7,5,7,-1,0,3,5,0,0,0,0,1,-1,6,1,78,11,1745,1,-1,MAKE AND MODEL REDACTED,9,E01027201,0,1
2025351611124,2025,351611124,1,3,0,-1,14,7,3,-1,0,0,0,2,0,0,1,1,-1,6,1,18,4,125,1,-1,HONDA CBF 125,8,E01018274,0,2
2025010558063,2025,010558063,1,4,0,-1,19,5,1,-1,-1,1,-1,12,-1,-1,1,1,-1,6,3,36,7,124,1,-1,HONDA CBF 125,5,E01001139,0,1
2025991677188,2025,991677188,1,3,0,-1,19,8,4,-1,0,0,2,0,0,0,1,1,-1,2,2,19,4,124,1,-1,HONDA CBF 125,7,-1,0,3
2025501615282,2025,501615282,1,9,0,-1,19,3,7,-1,0,0,0,0,0,0,1,1,-1,9,1,68,10,2199,2,-1,HYUNDAI SANTA FE,8,E01020120,0,2
2025440494396,2025,440494396,1,9,0,-1,19,2,6,-1,0,0,0,0,0,0,1,1,-1,9,1,81,11,2188,2,-1,HYUNDAI SANTA FE,8,E01022615,0,1
2025332500880,2025,332500880,2,3,0,-1,19,5,1,-1,0,8,0,0,0,0,1,1,-1,2,1,22,5,125,1,-1,KAWASAKI BX 125,2,E01019699,0,2
2025430316983,2025,430316983,1,9,0,18,19,7,3,0,0,0,0,0,1,4,1,1,1,1,2,40,7,1598,1,-1,RENAULT MODUS,4,E01028471,0,4
2025201568343,2025,201568343,2,9,0,-1,3,8,4,-1,0,0,0,0,0,0,2,1,-1,9,1,68,10,1993,8,-1,HONDA ZR-V SPORT,-1,-1,0,-1
2025991574188,2025,991574188,3,9,0,-1,3,7,3,-1,0,0,0,0,0,0,2,1,-1,9,1,48,8,1999,2,-1,LAND ROVER RANGE ROVER VELAR,10,-1,0,4
2025010566167,2025,010566167,1,9,0,-1,99,9,9,-1,99,9,9,99,9,99,2,9,-1,-1,2,32,6,1987,8,-1,LEXUS UX 250,3,E01003950,0,1
2025131632727,2025,131632727,1,9,0,-1,19,1,5,-1,0,0,0,0,1,2,1,1,-1,9,1,18,4,2393,1,-1,SUZUKI GRAND VITARA,8,E01028288,0,4
2025430036280,2025,430036280,1,9,0,4,4,4,8,0,0,0,0,0,0,0,2,1,2,2,2,-1,-1,2231,2,-1,VAUXHALL ANTARA,-1,-1,0,-1
2025041667531,2025,041667531,2,3,0,-1,19,5,1,-1,0,1,0,0,0,0,1,1,-1,9,1,63,9,125,1,-1,HONDA WW125,3,E01025376,0,1
2025440437647,2025,440437647,2,3,0,-1,19,2,6,-1,0,0,0,0,0,0,1,1,-1,9,1,44,7,125,1,-1,HONDA WW125,6,E01035442,0,2
2025010564925,2025,010564925,1,3,0,-1,99,9,9,-1,99,9,9,99,9,99,9,1,-1,-1,1,27,6,125,1,-1,HONDA WW125,3,E01001468,0,2
2025451653973,2025,451653973,2,3,0,-1,19,5,8,-1,0,8,1,4,0,0,1,1,-1,6,1,18,4,125,1,-1,HONDA WW125,10,E01035360,0,1
2025411655122,2025,411655122,2,3,0,-1,19,5,1,-1,0,1,0,0,0,0,4,1,-1,6,1,49,8,125,1,-1,HONDA WW125,7,E01023809,0,1
2025430314517,2025,430314517,1,2,0,5,5,-1,-1,0,0,0,0,0,0,0,2,1,1,1,2,30,6,125,1,-1,HONDA WW125,-1,-1,0,-1
2025010571426,2025,010571426,1,3,0,-1,15,3,7,-1,0,8,0,4,0,0,4,1,-1,2,1,24,5,125,1,-1,HONDA WW125,2,E01033937,0,2
2025430493274,2025,430493274,1,3,0,-1,-1,8,4,-1,0,0,0,0,0,0,1,1,-1,6,1,30,6,125,1,-1,HONDA WW125,9,E01032576,0,3
2025010560355,2025,010560355,1,3,0,-1,15,7,3,-1,0,5,0,0,0,0,3,1,-1,6,1,39,7,125,1,-1,HONDA WW125,-1,-1,0,-1
2025010611339,2025,010611339,2,3,0,-1,19,1,5,-1,0,1,0,0,0,0,1,1,-1,6,1,34,6,125,1,-1,HONDA WW125,3,E01003983,0,2
2025010591067,2025,010591067,1,3,0,-1,99,9,9,-1,99,9,9,99,9,99,1,1,-1,1,1,45,7,125,1,-1,HONDA WW125,8,E01001127,0,2
2025471565792,2025,471565792,2,2,0,-1,19,5,5,-1,0,1,1,0,0,0,3,1,-1,6,1,36,7,125,1,-1,HONDA WW125,5,E01020999,0,1
2025010605543,2025,010605543,1,4,0,-1,19,1,5,-1,0,8,0,0,1,0,1,1,-1,6,1,31,6,125,1,-1,HONDA WW125,6,E01000631,0,1
2025544846225,2025,544846225,2,4,0,18,19,6,2,0,0,1,0,0,0,0,1,1,1,1,1,26,6,125,1,-1,HONDA WW125,3,E01015503,0,3
2025010603633,2025,010603633,1,3,0,-1,99,9,9,-1,99,9,9,99,9,99,1,1,-1,6,1,26,6,125,1,-1,HONDA WW125,5,E01002640,0,1
2025411595118,2025,411595118,1,3,0,-1,2,5,2,-1,0,1,0,0,0,0,1,1,-1,6,1,19,4,125,1,-1,HONDA WW125,8,E01002150,0,2
2025010592797,2025,010592797,2,3,9,-1,99,9,9,-1,99,1,9,99,9,99,9,1,-1,6,3,-1,-1,125,1,-1,HONDA WW125,-1,-1,0,-1
2025610046925,2025,610046925,2,19,4,2,2,0,0,0,0,2,0,0,0,0,4,1,5,6,1,62,9,1898,2,-1,ISUZU TRUCKS GRAFTER,5,E01014045,0,4
2025520501058,2025,520501058,2,9,0,-1,19,6,2,-1,0,0,0,0,1,0,1,1,-1,2,1,24,5,3947,6,-1,LAND ROVER DISCOVERY,2,E01029304,0,2
2025430181122,2025,430181122,2,9,0,3,3,9,9,0,0,0,0,0,0,0,2,1,5,6,1,58,9,1999,2,-1,LAND ROVER DISCOVERY,9,E01028749,0,4
2025351655533,2025,351655533,2,9,0,-1,6,5,5,-1,0,0,0,0,0,0,3,1,-1,6,1,40,7,1999,2,-1,LAND ROVER DISCOVERY,10,E01018256,0,1
2025211539040,2025,211539040,1,9,0,-1,2,0,0,-1,0,0,1,0,0,0,1,1,-1,6,1,35,6,2720,2,-1,LAND ROVER DISCOVERY,4,E01029638,0,1
2025340NN0692,2025,340NN0692,2,9,4,-1,3,8,4,-1,0,0,0,0,0,0,2,1,-1,6,1,61,9,2993,2,-1,LAND ROVER DISCOVERY,6,E01027045,0,3
2025131605460,2025,131605460,2,9,0,-1,19,5,1,-1,0,0,0,0,0,0,2,1,-1,9,1,46,8,1999,2,-1,LAND ROVER DISCOVERY,9,E01018365,0,5
2025031611726,2025,031611726,2,9,0,-1,19,8,4,-1,0,0,0,0,0,0,2,1,-1,9,1,65,9,2993,2,-1,LAND ROVER DISCOVERY,9,E01004789,0,5
2025010569066,2025,010569066,2,9,0,-1,99,9,9,-1,99,9,9,99,9,99,9,9,-1,6,3,-1,-1,4394,1,-1,LAND ROVER DISCOVERY,10,E01003846,0,1
2025041606350,2025,041606350,2,9,0,-1,2,0,0,-1,0,1,0,0,0,0,2,1,-1,6,-1,-1,-1,2993,2,-1,LAND ROVER DISCOVERY,-1,-1,0,-1
2025111613254,2025,111613254,1,9,0,-1,19,7,3,-1,0,0,0,0,0,0,1,1,-1,6,1,24,5,2720,2,-1,LAND ROVER DISCOVERY,-1,-1,0,-1
2025361606397,2025,361606397,2,9,0,-1,19,3,8,-1,0,0,0,0,0,0,1,1,-1,9,1,66,10,1999,2,-1,LAND ROVER DISCOVERY,7,E01026593,0,3
2025501662887,2025,501662887,1,9,4,-1,13,6,2,-1,0,2,0,0,0,0,3,1,-1,1,1,63,9,2720,2,-1,LAND ROVER DISCOVERY,4,E01020073,0,3
2025461636197,2025,461636197,6,9,0,-1,2,0,0,-1,0,0,0,0,0,0,2,1,-1,9,2,40,7,1999,2,-1,LAND ROVER DISCOVERY,9,E01023995,0,2
2025451591742,2025,451591742,2,8,0,-1,19,2,6,-1,0,0,0,0,0,0,2,1,-1,1,1,36,7,1798,8,-1,TOYOTA COROLLA,8,E01022765,0,4
2025522501493,2025,522501493,1,9,0,-1,19,1,5,-1,0,8,0,0,0,0,1,1,-1,8,1,-1,-1,1798,8,-1,TOYOTA COROLLA,5,E01035222,0,1
2025991576857,2025,991576857,2,9,0,-1,19,5,1,-1,0,1,0,0,0,0,3,1,-1,1,1,44,7,1798,8,-1,TOYOTA COROLLA,-1,-1,0,-1
2025991632705,2025,991632705,3,9,0,-1,19,7,3,-1,0,0,0,0,0,0,2,1,-1,9,1,72,10,1987,8,-1,TOYOTA COROLLA,9,-1,0,4
2025991630140,2025,991630140,1,9,0,-1,13,4,8,-1,0,0,2,0,1,0,4,1,-1,1,1,60,9,1798,8,-1,TOYOTA COROLLA,5,-1,0,4
2025131631759,2025,131631759,3,9,0,-1,19,7,3,-1,0,0,0,0,0,0,0,1,-1,8,1,23,5,1798,8,-1,TOYOTA COROLLA,7,E01034268,0,1
2025522500480,2025,522500480,2,9,0,-1,19,8,4,-1,0,0,0,0,0,0,1,1,-1,6,1,31,6,1798,8,-1,TOYOTA COROLLA,1,W01001659,0,3
2025371646595,2025,371646595,1,9,0,-1,12,3,7,-1,0,0,1,0,0,0,1,1,-1,9,1,53,8,1332,1,-1,TOYOTA COROLLA,6,E01030099,0,1
2025010568887,2025,010568887,1,9,0,18,19,7,3,0,0,0,0,0,0,0,0,1,1,1,1,32,6,1987,8,-1,TOYOTA COROLLA,2,E01034149,0,1
2025052501662,2025,052501662,1,9,0,1,1,1,5,0,0,8,0,0,0,0,2,1,1,1,1,-1,-1,1798,8,-1,TOYOTA COROLLA,1,E01034400,0,1
2025991589622,2025,991589622,1,9,0,-1,19,7,3,-1,0,0,0,0,0,0,4,1,-1,6,1,32,6,1560,2,-1,CITROEN C4,3,-1,0,1
2025610033125,2025,610033125,2,9,0,3,3,2,6,0,0,1,0,2,0,0,2,1,1,1,1,42,7,1798,1,-1,CITROEN C4,3,W01001410,0,2
2025070881191,2025,070881191,1,9,0,-1,19,1,5,-1,0,2,1,0,0,10,4,1,-1,9,1,39,7,1560,2,-1,CITROEN C4,5,E01018483,0,1
2025161558125,2025,161558125,1,9,0,-1,11,6,2,-1,0,0,0,0,0,0,2,1,-1,6,1,44,7,1560,2,-1,CITROEN C4,1,E01012888,0,1
2025461603460,2025,461603460,3,9,0,-1,3,3,7,-1,0,0,0,0,0,0,2,1,-1,2,1,59,9,1560,2,-1,CITROEN C4,4,E01023986,0,4
2025461677115,2025,461677115,2,9,0,-1,4,7,3,-1,0,1,0,0,0,0,2,1,-1,6,2,44,7,1560,2,-1,CITROEN C4,4,E01024492,0,1
2025010556235,2025,010556235,1,9,0,5,5,7,3,0,0,1,0,0,0,0,3,1,2,2,1,34,6,1199,1,-1,CITROEN C4,3,E01003990,0,1
2025311674938,2025,311674938,1,9,0,-1,19,1,5,-1,0,0,1,4,0,0,1,1,-1,6,2,29,6,1200,1,-1,CITROEN C4,-1,-1,0,-1
2025461620071,2025,461620071,2,9,0,-1,9,7,2,-1,0,8,0,0,0,0,3,2,-1,9,1,38,7,1587,1,-1,CITROEN C4,4,E01024208,0,3
2025010559080,2025,010559080,1,9,0,-1,9,3,1,-1,0,8,0,0,0,0,1,1,-1,2,1,51,8,1200,1,-1,CITROEN C4,5,E01004065,0,1
2025201587457,2025,201587457,1,5,0,-1,4,2,2,-1,0,0,0,0,0,0,1,1,-1,6,1,44,7,1103,1,-1,MAKE AND MODEL REDACTED,9,E01025133,0,5
2025501643578,2025,501643578,2,9,0,-1,19,1,5,-1,0,0,0,7,4,0,2,1,-1,6,1,64,9,1242,1,-1,FORD KA,2,E01015162,0,4
2025041667531,2025,041667531,1,9,0,-1,9,5,3,-1,0,1,0,0,0,0,1,1,-1,9,2,51,8,1242,1,-1,FORD KA,3,E01025376,0,1
2025371652185,2025,371652185,1,9,0,-1,19,3,7,-1,0,0,0,0,0,0,0,1,-1,6,2,73,10,1242,1,-1,FORD KA,8,E01030098,0,1
2025421648386,2025,421648386,1,9,0,-1,5,3,7,-1,0,4,0,0,0,0,3,1,-1,9,2,55,8,1242,1,-1,FORD KA,4,E01021648,0,1
2025631571551,2025,631571551,2,9,0,-1,4,8,4,-1,0,0,0,0,0,0,2,1,-1,6,2,20,4,1242,1,-1,FORD KA,5,W01000576,0,4
2025010553386,2025,010553386,2,9,0,18,19,3,7,0,0,0,1,0,0,0,1,1,6,6,1,55,8,2494,8,-1,LEXUS NX 300,8,E01000225,0,3
2025451575384,2025,451575384,1,19,0,-1,9,7,3,-1,0,1,0,0,0,0,3,1,-1,1,1,54,8,1598,2,-1,NISSAN NV300,4,E01001167,0,3
2025461566917,2025,461566917,2,9,0,-1,5,1,5,-1,0,2,0,0,0,0,3,1,-1,9,1,73,10,1461,2,-1,RENAULT SCENIC,8,E01024343,0,1
2025991553495,2025,991553495,2,9,0,-1,19,4,8,-1,0,1,0,0,0,0,1,1,-1,9,2,47,8,-1,3,-1,TESLA MODEL Y,-1,-1,0,-1
2025070817824,2025,070817824,2,9,0,-1,19,1,5,-1,0,0,0,0,0,0,4,1,-1,9,1,67,10,-1,3,-1,TESLA MODEL Y,10,E01018600,0,1
2025340WN0192,2025,340WN0192,1,9,0,-1,12,1,5,-1,0,1,0,0,0,0,1,1,-1,9,2,42,7,-1,3,-1,TESLA MODEL Y,10,E01027027,0,3
2025010588954,2025,010588954,1,9,0,-1,3,5,1,-1,0,1,0,0,0,0,3,1,-1,2,1,36,7,1968,2,-1,VOLKSWAGEN SHARAN,2,E01003075,0,1
2025010565587,2025,010565587,1,9,0,-1,9,1,7,-1,0,8,0,0,0,0,1,1,-1,1,1,48,8,1968,2,-1,VOLKSWAGEN SHARAN,6,W01001674,0,5
2025010560139,2025,010560139,1,8,0,-1,99,9,9,-1,99,9,9,99,9,99,1,9,-1,6,1,51,8,1968,2,-1,VOLKSWAGEN SHARAN,3,E01001858,0,2
2025440044001,2025,440044001,1,9,0,18,19,3,7,0,0,0,0,2,0,0,1,1,2,2,1,56,9,1388,1,-1,FORD FUSION,10,E01023228,0,3
2025371662083,2025,371662083,1,9,0,-1,9,1,7,-1,0,0,0,0,0,0,1,1,-1,9,1,45,7,1399,2,-1,FORD FUSION,9,E01034559,0,3
2025010561487,2025,010561487,1,9,0,-1,7,1,4,-1,0,2,0,0,1,11,1,1,-1,2,2,50,8,1596,1,-1,FORD FUSION,-1,-1,0,-1
2025991636996,2025,991636996,1,9,0,-1,4,3,7,-1,0,0,0,0,0,0,1,1,-1,9,1,25,5,1396,1,-1,HYUNDAI I30,4,-1,0,4
2025052501970,2025,052501970,3,9,0,7,7,7,1,0,0,1,0,0,0,0,2,1,2,2,1,36,7,1582,2,-1,HYUNDAI I30,1,E01006957,0,2
2025340WN4452,2025,340WN4452,2,4,0,-1,13,3,7,-1,0,3,0,0,0,0,4,1,-1,6,1,34,6,636,1,-1,KAWASAKI ZX636,2,E01016810,0,3
2025522600592,2025,522600592,2,9,0,-1,9,1,5,-1,0,5,0,0,0,0,3,1,-1,6,1,57,9,1582,2,-1,KIA CEED,1,E01014832,0,1
2025201621269,2025,201621269,1,9,0,-1,19,2,6,-1,0,0,0,10,0,0,2,1,-1,2,1,41,7,-1,3,-1,TESLA MODEL S,9,E01010390,0,2
2025991643589,2025,991643589,1,9,0,-1,12,5,1,-1,0,0,0,2,0,0,1,1,-1,2,1,47,8,1586,1,-1,SUZUKI VITARA,8,-1,0,2
2025522502018,2025,522502018,1,9,0,-1,4,4,8,-1,0,0,0,0,0,0,1,1,-1,6,3,75,10,1596,1,-1,FORD B-MAX,9,E01003363,0,5
2025010588954,2025,010588954,2,9,0,-1,19,1,5,-1,0,1,0,0,0,0,3,1,-1,6,1,51,8,1596,1,-1,FORD B-MAX,2,E01003087,0,1
2025371675928,2025,371675928,3,9,0,-1,4,5,1,-1,0,0,0,0,0,0,2,2,-1,6,1,-1,-1,-1,3,-1,MG 4,-1,-1,0,-1
2025010587144,2025,010587144,2,8,0,-1,99,9,9,-1,99,9,9,99,9,99,9,9,-1,6,3,-1,-1,-1,3,-1,MG 4,4,E01003117,0,3
2025311542468,2025,311542468,1,9,0,-1,19,6,2,-1,0,0,0,0,0,0,1,1,-1,6,1,26,6,1461,2,-1,NISSAN QASHQAI,4,E01026254,0,4
2025430587720,2025,430587720,1,9,0,5,5,2,6,0,0,1,0,0,0,0,1,1,2,2,1,60,9,1461,2,-1,NISSAN QASHQAI,3,E01028513,0,1
2025471577335,2025,471577335,2,9,0,-1,19,3,6,-1,0,0,0,0,0,0,2,1,-1,6,1,34,6,1197,1,-1,NISSAN QASHQAI,9,E01023847,0,4
2025991559481,2025,991559481,3,9,0,-1,19,4,8,-1,0,0,0,0,0,0,1,1,-1,9,2,27,6,1461,2,-1,NISSAN QASHQAI,9,-1,0,5
2025010561027,2025,010561027,3,9,0,-1,4,5,1,-1,0,0,1,4,0,0,1,1,-1,-1,1,70,10,1997,1,-1,NISSAN QASHQAI,6,E01003227,0,4
2025041582533,2025,041582533,2,9,0,-1,2,0,0,-1,6,0,0,0,0,0,3,1,-1,9,2,40,7,1598,1,-1,NISSAN QASHQAI,3,E01025213,0,1
2025361596293,2025,361596293,2,9,0,-1,9,5,8,-1,0,2,0,4,0,0,2,1,-1,9,1,46,8,1598,2,-1,NISSAN QASHQAI,10,E01035149,0,2
2025231658161,2025,231658161,2,9,0,-1,19,5,1,-1,0,0,1,0,0,0,4,1,-1,9,1,52,8,1461,2,-1,NISSAN QASHQAI,9,E01019426,0,4
2025031550848,2025,031550848,3,9,0,-1,3,3,7,-1,0,0,0,0,0,0,2,1,-1,2,1,54,8,1461,2,-1,NISSAN QASHQAI,-1,-1,0,-1
2025061671269,2025,061671269,1,9,0,-1,4,7,3,-1,0,2,0,0,0,0,1,1,-1,7,1,50,8,1461,2,-1,NISSAN QASHQAI,3,E01004796,0,1
2025610002025,2025,610002025,1,9,0,4,4,7,3,0,0,1,1,2,3,2,1,1,5,6,1,82,11,1598,1,-1,NISSAN QASHQAI,9,W01001578,0,3
2025052501970,2025,052501970,1,9,0,18,19,7,3,0,0,1,0,0,0,0,4,1,2,2,1,51,8,1995,2,-1,NISSAN QASHQAI,1,E01006732,0,1
2025501674472,2025,501674472,1,9,0,-1,19,6,2,-1,0,0,1,0,7,0,1,1,-1,9,1,83,11,1461,2,-1,NISSAN QASHQAI,4,E01018843,0,1
2025991599012,2025,991599012,1,9,0,-1,7,1,5,-1,0,8,0,0,0,0,1,1,-1,2,2,37,7,1332,1,-1,NISSAN QASHQAI,1,-1,0,1
2025041631266,2025,041631266,2,9,0,-1,19,3,7,-1,0,1,0,0,0,0,3,1,-1,1,2,53,8,1332,8,-1,NISSAN QASHQAI,6,E01024860,0,1
2025430592966,2025,430592966,1,9,0,-1,7,1,3,-1,0,6,0,0,0,0,1,1,-1,6,1,42,7,1197,1,-1,NISSAN QASHQAI,4,E01016514,0,1
2025520600601,2025,520600601,2,9,0,-1,19,5,1,-1,0,0,0,0,0,0,1,1,-1,9,2,39,7,1461,2,-1,NISSAN QASHQAI,4,E01018815,0,5
2025010564925,2025,010564925,2,9,0,-1,99,9,9,-1,99,9,9,99,9,99,9,9,-1,6,3,-1,-1,1497,8,-1,NISSAN QASHQAI,-1,-1,0,-1
2025131555247,2025,131555247,2,9,0,-1,4,5,1,-1,0,0,0,0,0,0,2,1,-1,9,1,38,7,1332,8,-1,NISSAN QASHQAI,5,E01007687,0,4
2025451609766,2025,451609766,1,9,0,-1,19,4,8,-1,0,1,0,0,0,0,3,1,-1,9,1,46,8,1197,1,-1,NISSAN QASHQAI,9,E01030997,0,1
2025010564180,2025,010564180,2,9,0,-1,3,5,1,-1,0,2,0,0,0,0,2,2,-1,6,1,63,9,4134,2,-1,PORSCHE CAYENNE,3,E01034592,0,1
2025501613366,2025,501613366,1,4,0,-1,19,2,6,-1,0,0,1,0,0,0,0,1,-1,6,1,24,5,321,1,-1,YAMAHA YZF,1,E01018875,0,4
2025430336369,2025,430336369,1,3,0,18,19,7,3,0,0,0,1,0,0,0,0,1,5,6,1,20,4,124,1,-1,YAMAHA YZF,-1,-1,0,-1
2025041580007,2025,041580007,2,3,0,-1,15,5,1,-1,0,1,0,0,0,0,4,1,-1,2,1,17,4,124,1,-1,YAMAHA YZF,7,E01025199,0,1
2025340WN4452,2025,340WN4452,1,9,0,-1,6,3,3,-1,0,3,0,0,0,0,3,1,-1,2,1,45,7,-1,3,-1,AUDI Q4,-1,-1,0,-1
2025061630066,2025,061630066,2,9,0,-1,19,6,2,-1,0,0,0,0,5,6,3,1,-1,2,1,31,6,2979,1,-1,BMW M2,6,E01010955,0,4
2025361596293,2025,361596293,1,9,0,-1,19,6,7,-1,0,2,0,0,0,0,1,1,-1,6,1,37,7,2993,1,-1,BMW M2,8,E01026849,0,2
2025010567989,2025,010567989,1,9,0,-1,99,9,9,-1,0,8,0,0,0,0,2,9,-1,-1,1,33,6,1997,1,-1,MAKE AND MODEL REDACTED,7,E01002144,0,1
2025010607480,2025,010607480,1,5,0,-1,13,7,3,-1,0,2,0,0,0,0,1,1,-1,9,1,25,5,745,1,-1,MAKE AND MODEL REDACTED,-1,-1,0,-1
2025451559608,2025,451559608,1,3,0,-1,19,3,7,-1,0,0,1,2,0,0,1,1,-1,9,1,36,7,125,1,-1,KEEWAY RKV 125,4,E01034155,0,4
2025461582396,2025,461582396,3,9,0,-1,3,3,7,-1,0,0,0,0,0,0,2,1,-1,6,1,70,10,1598,8,-1,NISSAN JUKE,7,E01024553,0,1
2025631679220,2025,631679220,1,9,0,-1,19,3,7,-1,0,0,0,0,0,0,3,1,-1,6,2,54,8,1461,2,-1,NISSAN JUKE,4,W01000456,0,1
2025421648440,2025,421648440,3,9,0,-1,19,6,2,-1,0,1,0,0,0,0,1,1,-1,9,1,60,9,1598,1,-1,NISSAN JUKE,6,E01033054,0,1
2025531564361,2025,531564361,2,9,0,-1,4,8,4,-1,0,0,0,0,0,0,2,9,-1,6,2,57,9,999,1,-1,NISSAN JUKE,10,E01022219,0,3
2025231663510,2025,231663510,3,9,0,-1,3,4,8,-1,0,0,0,0,0,0,2,9,-1,6,2,24,5,1197,1,-1,NISSAN JUKE,1,E01035017,0,1
2025010560391,2025,010560391,1,9,0,-1,9,2,8,-1,0,8,0,0,0,0,1,1,-1,6,2,37,7,1598,1,-1,NISSAN JUKE,5,E01001138,0,1
2025622500573,2025,622500573,1,9,0,18,19,2,6,0,0,0,0,0,0,0,1,1,6,6,1,29,6,1618,1,-1,NISSAN JUKE,1,W01000738,0,1
2025520501058,2025,520501058,1,9,0,-1,19,6,2,-1,0,0,0,0,0,0,2,1,-1,2,1,46,8,999,1,-1,NISSAN JUKE,5,E01029287,0,2
2025221556808,2025,221556808,2,9,0,-1,5,4,8,-1,0,0,0,0,0,0,3,1,-1,9,2,52,8,999,1,-1,NISSAN JUKE,6,E01032460,0,2
2025010556235,2025,010556235,2,9,0,13,13,7,3,0,0,1,1,0,0,0,1,1,6,6,1,64,9,1598,8,-1,NISSAN JUKE,3,E01003990,0,1
2025061634741,2025,061634741,1,8,0,-1,12,1,5,-1,0,0,0,0,0,0,3,1,-1,1,1,56,9,1461,2,-1,RENAULT MEGANE,-1,-1,0,-1
2025361661914,2025,361661914,2,9,0,-1,5,5,6,-1,0,0,0,2,0,0,1,1,-1,9,1,61,9,1598,1,-1,RENAULT MEGANE,5,E01026573,0,2
2025451576003,2025,451576003,2,9,0,-1,19,4,8,-1,0,8,0,0,0,0,1,1,-1,2,1,27,6,1390,1,-1,RENAULT MEGANE,7,E01030741,0,4
2025131539532,2025,131539532,2,9,0,-1,19,1,5,-1,0,2,0,0,0,0,1,1,-1,9,1,25,5,1461,2,-1,RENAULT MEGANE,2,E01011807,0,1
2025522600399,2025,522600399,1,3,0,-1,19,4,8,-1,0,0,0,0,0,0,1,1,-1,2,1,21,5,125,1,-1,YAMAHA YS,5,E01014708,0,3
2025340WN5052,2025,340WN5052,2,9,0,-1,19,5,1,-1,0,0,0,0,0,0,1,1,-1,2,1,65,9,995,1,-1,CHEVROLET SPARK,3,E01017514,0,4
2025031597565,2025,031597565,1,9,0,-1,3,1,1,-1,0,0,0,2,0,0,0,9,-1,6,1,60,9,-1,-1,-1,FIAT FIORINO,5,E01019339,0,1
2025211567660,2025,211567660,1,9,0,-1,3,1,5,-1,0,0,0,0,0,0,3,1,-1,6,1,29,6,1999,2,-1,JAGUAR XE SERIES,1,E01014313,0,2
2025471538350,2025,471538350,2,9,0,-1,4,7,3,-1,0,0,0,0,0,0,2,1,-1,9,1,39,7,1999,2,-1,JAGUAR XE SERIES,5,E01031611,0,2
2025211624529,2025,211624529,1,9,-1,-1,-1,6,2,-1,-1,0,-1,-1,-1,-1,-1,9,-1,6,3,20,4,2495,2,-1,LAND ROVER DEFENDER,-1,-1,0,-1
2025351648849,2025,351648849,1,9,0,-1,19,1,5,-1,0,0,0,0,1,4,1,1,-1,2,2,33,6,2997,2,-1,LAND ROVER DEFENDER,7,E01021913,0,5
2025501548967,2025,501548967,1,9,0,-1,19,3,7,-1,0,1,2,0,0,0,1,1,-1,9,1,68,10,2997,2,-1,LAND ROVER DEFENDER,4,E01031426,0,5
2025302501949,2025,302501949,1,9,0,-1,4,8,4,-1,0,2,0,0,0,0,1,1,-1,6,3,-1,-1,1997,1,-1,MAKE AND MODEL REDACTED,-1,-1,0,-1
2025451609766,2025,451609766,2,9,0,-1,19,2,6,-1,0,1,0,0,0,0,1,1,-1,1,1,19,4,1794,1,-1,TOYOTA AVENSIS,9,E01002978,0,3
2025991597305,2025,991597305,1,9,0,-1,4,7,3,-1,0,0,0,0,0,0,2,1,-1,1,1,61,9,1995,2,-1,TOYOTA AVENSIS,10,-1,0,2
2025991589363,2025,991589363,1,8,0,-1,19,3,7,-1,0,2,0,0,0,0,3,9,-1,1,1,49,8,1598,2,-1,TOYOTA AVENSIS,1,-1,0,1
2025451608191,2025,451608191,3,9,0,-1,19,8,8,-1,0,0,0,2,0,0,1,1,-1,9,1,53,8,1794,1,-1,TOYOTA AVENSIS,5,E01031565,0,4
2025010584332,2025,010584332,2,9,0,-1,99,9,9,-1,99,9,9,99,9,99,2,9,-1,6,3,-1,-1,1794,1,-1,TOYOTA AVENSIS,-1,-1,0,-1
2025411574744,2025,411574744,1,9,0,-1,19,3,7,-1,0,0,0,0,0,0,1,1,-1,6,1,24,5,1995,2,-1,TOYOTA AVENSIS,3,E01017433,0,4
2025101603533,2025,101603533,1,19,0,-1,9,1,3,-1,0,3,0,0,0,0,1,1,-1,9,2,37,7,2993,2,-1,VOLKSWAGEN AMAROK,9,E01012231,0,4
2025010575661,2025,010575661,1,9,0,-1,10,4,2,-1,4,8,-1,0,-1,-1,-1,1,-1,6,3,-1,-1,1969,2,-1,VOLVO S90,4,E01003788,0,3
2025010613516,2025,010613516,2,3,0,-1,9,3,1,-1,0,6,5,0,0,0,2,1,-1,1,1,40,7,125,1,-1,HONDA SH 125,2,E01001828,0,1
2025010559187,2025,010559187,2,3,0,5,5,6,2,0,0,1,0,0,0,0,2,1,6,6,1,44,7,125,1,-1,HONDA SH 125,3,E01000731,0,1
2025010605305,2025,010605305,2,3,0,-1,19,1,5,-1,0,8,0,0,0,0,1,1,-1,1,1,42,7,125,1,-1,HONDA SH 125,8,E01035722,0,1
2025010566872,2025,010566872,2,3,0,-1,99,9,9,-1,99,9,9,99,9,99,2,1,-1,6,3,-1,-1,125,1,-1,HONDA SH 125,-1,-1,0,-1
2025010573942,2025,010573942,1,3,0,-1,99,9,9,-1,99,9,9,99,9,99,9,1,-1,1,1,41,7,125,1,-1,HONDA SH 125,6,E01004474,0,1
2025010568887,2025,010568887,2,3,0,18,19,7,3,0,0,0,1,10,0,0,1,1,6,6,1,25,5,125,1,-1,HONDA SH 125,-1,-1,0,-1
2025010570310,2025,010570310,1,3,0,-1,3,1,5,-1,0,8,0,0,0,0,2,1,-1,2,1,28,6,125,1,-1,HONDA SH 125,2,E01003601,0,3
2025010581034,2025,010581034,2,3,0,-1,3,2,6,-1,0,8,0,0,0,0,2,1,-1,2,2,57,9,125,1,-1,HONDA SH 125,-1,-1,0,-1
2025631670871,2025,631670871,1,3,0,-1,19,8,4,-1,0,8,0,0,1,9,4,1,-1,2,1,22,5,124,1,-1,SUZUKI GZ 125,3,W01000929,0,3
2025351642680,2025,351642680,1,9,0,-1,19,3,7,-1,0,0,0,0,0,0,2,1,-1,6,1,49,8,2967,2,-1,AUDI A6,10,E01023587,0,4
2025122500267,2025,122500267,3,9,0,3,3,1,5,0,0,0,0,0,0,0,2,1,6,6,1,49,8,1968,2,-1,AUDI A6,8,E01007889,0,4
2025010591036,2025,010591036,1,9,0,-1,9,1,7,-1,0,8,0,0,0,0,1,1,-1,9,1,43,7,1968,2,-1,AUDI A6,2,E01002811,0,1
2025471556204,2025,471556204,4,9,0,-1,3,1,5,-1,0,0,0,0,0,0,2,1,-1,2,1,60,9,1968,2,-1,AUDI A6,5,E01031606,0,2
2025361561627,2025,361561627,1,9,0,-1,19,3,7,-1,0,0,0,0,0,0,4,2,-1,2,1,35,6,2698,2,-1,AUDI A6,4,E01026697,0,2
2025141562472,2025,141562472,1,9,0,-1,19,2,6,-1,0,4,0,0,0,0,4,1,-1,9,2,-1,-1,2969,2,-1,AUDI A6,1,E01007474,0,4
2025161679246,2025,161679246,1,9,0,-1,12,2,6,-1,0,0,0,2,0,0,2,1,-1,9,1,68,10,1984,1,-1,AUDI A6,7,E01012207,0,4
2025221690354,2025,221690354,1,9,0,-1,3,5,1,-1,0,0,0,0,0,0,2,1,-1,6,2,32,6,1968,2,-1,AUDI A6,9,E01034320,0,1
2025010564180,2025,010564180,3,9,0,-1,19,5,1,-1,-1,2,-1,4,-1,-1,1,1,-1,6,1,53,8,1968,2,-1,AUDI A6,6,E01002124,0,1
2025231561885,2025,231561885,1,9,0,-1,10,2,8,-1,0,1,0,0,0,0,2,1,-1,6,1,31,6,1968,2,-1,AUDI A6,1,E01009383,0,4
2025010558800,2025,010558800,1,9,0,-1,3,7,3,-1,0,1,0,10,0,0,1,1,-1,-1,1,57,9,1968,2,-1,AUDI A6,2,E01001427,0,1
2025201670017,2025,201670017,3,9,0,-1,4,2,5,-1,0,0,0,0,0,0,1,9,-1,1,1,35,6,2967,2,-1,AUDI A6,-1,-1,0,-1
2025991569002,2025,991569002,2,9,0,-1,19,4,8,-1,0,0,0,0,0,0,2,1,-1,6,2,38,7,1968,2,-1,AUDI A6,-1,-1,0,-1
2025010596420,2025,010596420,1,9,0,-1,19,5,1,-1,0,2,0,4,0,0,1,1,-1,6,1,46,8,3996,1,-1,BENTLEY CONTINENTAL,10,E01023839,0,1
2025440405031,2025,440405031,1,9,0,-1,19,5,1,-1,0,0,1,2,0,0,1,1,-1,6,1,64,9,5998,1,-1,BENTLEY CONTINENTAL,8,E01004727,0,4
2025010567700,2025,010567700,1,9,0,-1,5,7,3,-1,0,6,0,0,0,0,3,1,-1,-1,2,46,8,996,1,-1,NISSAN PIXO,9,E01001098,0,1
2025522500788,2025,522500788,2,19,9,-1,19,1,5,-1,0,0,0,0,0,0,1,1,-1,6,2,-1,-1,2463,2,-1,RENAULT MODEL MISSING,8,W01000485,0,4
2025371658443,2025,371658443,2,9,0,-1,19,5,1,-1,0,1,0,0,0,0,2,1,-1,9,1,37,7,-1,3,-1,RENAULT ZOE,7,E01018286,0,4
2025211550749,2025,211550749,2,9,0,-1,2,4,8,-1,0,0,0,0,0,0,2,1,-1,1,1,48,8,-1,3,-1,RENAULT ZOE,-1,-1,0,-1
2025311674825,2025,311674825,2,9,0,-1,3,5,1,-1,0,0,0,0,0,0,2,1,-1,6,2,46,8,1498,1,-1,SKODA KAMIQ,7,E01028023,0,3
2025340NN3482,2025,340NN3482,1,9,0,-1,19,5,1,-1,0,0,0,0,0,0,4,1,-1,6,1,54,8,999,1,-1,SKODA KAMIQ,3,E01027081,0,1
2025010613486,2025,010613486,1,11,0,-1,19,7,3,-1,0,1,0,0,0,0,1,1,-1,1,1,33,6,4500,2,-1,WRIGHTBUS NB4L,8,E01003676,0,2
2025010561953,2025,010561953,1,11,0,-1,19,7,3,-1,2,0,0,0,0,0,0,1,-1,1,1,36,7,4500,2,-1,WRIGHTBUS NB4L,2,E01003188,0,1
2025161633338,2025,161633338,2,17,0,-1,4,2,6,-1,0,0,0,0,0,0,1,1,-1,1,1,52,8,16800,2,-1,FENDT MODEL MISSING,5,E01013287,0,2
2025122501259,2025,122501259,2,17,0,18,19,3,7,0,0,1,0,0,0,0,1,1,1,1,1,49,8,-1,2,-1,FENDT MODEL MISSING,8,E01027924,0,1
2025101636151,2025,101636151,2,9,0,-1,19,1,5,-1,0,0,0,0,0,0,2,1,-1,6,2,40,7,2488,1,-1,MAZDA CX-30,10,E01008466,0,2
2025111613254,2025,111613254,3,9,0,-1,19,3,7,-1,0,0,0,0,1,0,1,1,-1,2,2,49,8,1598,1,-1,MINI ONE,-1,-1,0,-1
2025311679007,2025,311679007,2,9,0,-1,5,4,4,-1,0,0,0,0,0,0,1,1,-1,6,1,21,5,1598,1,-1,MINI ONE,-1,-1,0,-1
2025351658002,2025,351658002,2,9,0,-1,19,8,4,-1,0,0,0,0,4,6,4,1,-1,2,2,47,8,1461,2,-1,RENAULT CAPTUR,6,E01030112,0,4
2025201650381,2025,201650381,1,9,0,-1,5,5,3,-1,0,8,0,0,0,0,1,1,-1,6,1,54,8,1461,2,-1,RENAULT CAPTUR,-1,-1,0,-1
2025991541027,2025,991541027,2,9,0,-1,19,3,7,-1,0,0,0,0,0,0,2,1,-1,9,2,45,7,898,1,-1,RENAULT CAPTUR,2,-1,0,3
2025010593139,2025,010593139,1,9,0,-1,99,9,9,-1,99,9,9,99,9,99,2,9,-1,6,1,72,10,1598,8,-1,RENAULT CAPTUR,6,E01030729,0,1
2025451634577,2025,451634577,2,9,0,-1,19,5,2,-1,0,8,0,0,0,0,2,1,-1,6,2,73,10,898,1,-1,RENAULT CAPTUR,8,E01002989,0,2
2025440446500,2025,440446500,2,9,0,-1,19,3,7,-1,0,0,0,0,0,0,1,1,-1,9,2,43,7,898,1,-1,RENAULT CAPTUR,4,E01022711,0,1
2025451566643,2025,451566643,2,9,0,-1,3,8,3,-1,0,0,0,0,0,0,4,1,-1,2,1,54,8,1461,2,-1,RENAULT CAPTUR,9,E01035269,0,3
2025221568704,2025,221568704,1,9,0,-1,3,7,3,-1,0,0,0,0,0,0,2,1,-1,6,2,18,4,1461,2,-1,RENAULT CAPTUR,7,W01000210,0,3
2025461568972,2025,461568972,2,9,0,-1,19,7,3,-1,0,8,0,0,0,0,1,1,-1,9,1,72,10,1560,2,-1,FORD C-MAX,4,E01024694,0,1
2025371652185,2025,371652185,2,9,0,-1,19,7,3,-1,0,0,0,0,0,0,2,1,-1,9,2,28,6,1560,2,-1,FORD C-MAX,6,E01030100,0,2
2025340WN4782,2025,340WN4782,1,9,0,-1,4,1,5,-1,0,0,0,0,0,0,2,1,-1,1,1,-1,-1,1560,2,-1,FORD C-MAX,-1,-1,0,-1
2025052500560,2025,052500560,1,8,0,18,19,7,3,0,0,0,0,0,0,0,1,1,1,1,1,74,10,1499,2,-1,FORD C-MAX,1,E01033228,0,1
2025340WN3162,2025,340WN3162,2,9,0,-1,3,5,1,-1,0,0,0,0,0,0,2,1,-1,2,2,52,8,1499,2,-1,FORD C-MAX,5,E01026703,0,5
2025010607123,2025,010607123,1,9,0,-1,6,1,1,-1,0,5,0,0,0,0,1,1,-1,9,2,45,7,1497,8,-1,HONDA MODEL MISSING,2,E01004444,0,2
2025041582712,2025,041582712,2,5,0,-1,19,1,5,-1,0,0,0,0,1,0,3,1,-1,6,1,61,9,750,1,-1,HONDA MODEL MISSING,4,E01005029,0,3
2025221634037,2025,221634037,1,5,0,-1,7,2,5,-1,0,5,1,2,0,0,4,1,-1,9,1,74,10,650,1,-1,HONDA MODEL MISSING,4,E01014001,0,1
2025421634124,2025,421634124,2,3,0,-1,19,5,1,-1,0,2,0,0,0,0,1,1,-1,2,1,27,6,98,1,-1,MAKE AND MODEL REDACTED,1,E01021290,0,1
2025161675495,2025,161675495,1,19,0,-1,4,3,7,-1,0,4,0,0,0,0,2,1,-1,9,1,41,7,1560,2,-1,VAUXHALL COMBO,7,E01026091,0,4
2025451564689,2025,451564689,2,19,0,-1,19,3,7,-1,0,0,9,0,0,0,1,1,-1,6,1,-1,-1,1499,2,-1,VAUXHALL COMBO,-1,-1,0,-1
2025430489154,2025,430489154,1,19,0,18,19,1,5,0,0,8,0,0,0,0,3,1,5,6,1,42,7,1499,2,-1,FORD TRANSIT CONNECT,6,E01016306,0,2
2025451575384,2025,451575384,2,19,0,-1,14,7,5,-1,0,1,0,0,0,0,1,1,-1,1,1,35,6,1560,2,-1,FORD TRANSIT CONNECT,7,E01030858,0,2
2025991678153,2025,991678153,1,19,0,-1,5,5,1,-1,0,6,0,0,0,0,1,1,-1,1,1,77,11,1499,2,-1,FORD TRANSIT CONNECT,1,-1,0,1
2025451554621,2025,451554621,2,19,0,-1,19,5,1,-1,0,0,0,0,0,0,2,1,-1,2,1,51,8,1499,2,-1,FORD TRANSIT CONNECT,9,E01032842,0,4
2025010580600,2025,010580600,1,19,0,-1,7,1,3,-1,0,5,0,0,0,0,0,1,-1,1,1,47,8,1499,2,-1,FORD TRANSIT CONNECT,6,E01002933,0,2
2025522501469,2025,522501469,2,19,0,-1,4,6,2,-1,0,1,0,0,0,0,1,1,-1,1,1,29,6,1499,2,-1,FORD TRANSIT CONNECT,3,W01001408,0,4
2025461654718,2025,461654718,4,19,0,-1,3,1,5,-1,0,0,0,0,0,0,3,1,-1,1,2,36,7,1499,2,-1,FORD TRANSIT CONNECT,7,E01000384,0,4
2025411600767,2025,411600767,1,19,0,-1,3,7,3,-1,0,0,0,0,0,0,2,1,-1,1,1,58,9,1499,2,-1,FORD TRANSIT CONNECT,5,E01001677,0,4
2025471565792,2025,471565792,1,19,0,-1,19,1,5,-1,0,6,0,0,3,0,4,1,-1,1,1,65,9,1499,2,-1,FORD TRANSIT CONNECT,4,E01021006,0,1
2025471553183,2025,471553183,1,9,0,-1,19,8,4,-1,0,1,0,0,0,0,1,1,-1,9,1,18,4,1248,1,-1,HYUNDAI I20,1,E01020989,0,1
2025501569250,2025,501569250,1,9,0,-1,19,5,8,-1,0,0,0,0,0,0,3,1,-1,9,1,68,10,998,8,-1,HYUNDAI I20,1,E01018767,0,4
2025161656804,2025,161656804,1,9,0,-1,19,5,1,-1,0,0,0,0,0,0,1,1,-1,9,1,48,8,1396,1,-1,HYUNDAI I20,4,E01013308,0,3
2025201541866,2025,201541866,1,9,0,-1,19,8,4,-1,0,0,0,0,0,0,1,1,-1,6,1,65,9,1368,1,-1,HYUNDAI I20,8,E01031280,0,1
2025101661499,2025,101661499,1,9,0,-1,19,2,6,-1,0,6,0,0,0,0,1,1,-1,6,1,27,6,1248,1,-1,HYUNDAI I20,2,E01032650,0,1
2025161558727,2025,161558727,1,9,0,-1,19,7,3,-1,0,0,0,0,0,0,1,1,-1,2,1,18,4,1364,2,-1,TOYOTA YARIS,9,E01012974,0,3
2025552500199,2025,552500199,1,9,0,18,19,8,4,0,0,0,0,0,0,0,1,1,5,6,3,-1,-1,998,1,-1,TOYOTA YARIS,-1,-1,0,-1
2025471639783,2025,471639783,1,9,0,-1,19,5,1,-1,0,1,0,0,0,0,2,1,-1,9,1,84,11,1490,8,-1,TOYOTA YARIS,7,E01035320,0,4
2025141577162,2025,141577162,3,9,0,-1,4,1,6,-1,0,0,0,0,0,0,2,1,-1,9,2,50,8,998,1,-1,TOYOTA YARIS,2,E01007497,0,1
2025302501949,2025,302501949,2,9,0,-1,3,8,4,-1,0,2,0,0,0,0,2,1,-1,6,1,55,8,1490,8,-1,TOYOTA YARIS,3,E01028229,0,4
2025430273855,2025,430273855,3,9,0,3,3,6,2,0,0,0,0,0,0,0,2,1,5,6,2,18,4,1497,8,-1,TOYOTA YARIS,-1,-1,0,-1
2025201686228,2025,201686228,2,9,0,-1,19,1,5,-1,0,1,0,0,0,0,1,9,-1,9,2,38,7,1497,8,-1,TOYOTA YARIS,1,E01009479,0,1
2025052500455,2025,052500455,2,9,0,7,7,1,5,0,0,8,0,0,0,0,4,1,5,6,1,24,5,1299,1,-1,TOYOTA YARIS,1,E01007124,0,1
2025430630617,2025,430630617,1,9,0,-1,19,2,6,-1,0,2,0,0,0,0,1,1,-1,2,1,53,8,1329,1,-1,TOYOTA YARIS,6,E01030653,0,3
2025041565174,2025,041565174,1,9,0,-1,9,1,5,-1,0,6,0,0,0,0,1,1,-1,9,1,27,6,1329,1,-1,TOYOTA YARIS,3,E01025312,0,1
2025231588682,2025,231588682,2,9,0,-1,19,4,8,-1,0,8,0,0,0,0,3,1,-1,6,2,57,9,1329,1,-1,TOYOTA YARIS,1,E01035017,0,1
2025141653459,2025,141653459,1,9,0,-1,9,4,1,-1,0,6,0,0,0,0,1,1,-1,2,2,48,8,1496,1,-1,TOYOTA YARIS,1,E01008122,0,1
2025501615282,2025,501615282,2,9,0,-1,3,3,7,-1,0,0,0,0,0,0,2,1,-1,9,2,47,8,1490,8,-1,TOYOTA YARIS,1,E01018870,0,5
2025131568210,2025,131568210,1,9,0,-1,5,1,5,-1,0,8,0,0,0,0,3,1,-1,9,2,74,10,1329,1,-1,TOYOTA YARIS,2,E01011103,0,1
2025131658508,2025,131658508,2,9,0,-1,19,7,3,-1,0,8,0,0,0,0,4,1,-1,6,2,36,7,1299,1,-1,TOYOTA YARIS,2,E01011141,0,1
2025211613933,2025,211613933,1,9,0,-1,7,3,5,-1,0,1,0,0,0,0,1,1,-1,9,1,87,11,1329,1,-1,TOYOTA YARIS,6,E01014324,0,1
2025010559480,2025,010559480,1,9,0,-1,19,1,5,-1,-1,1,-1,0,-1,-1,2,1,-1,6,1,57,9,1490,8,-1,TOYOTA YARIS,6,E01002754,0,1
2025991548553,2025,991548553,1,9,0,-1,19,4,8,-1,0,0,0,0,1,0,1,1,-1,6,2,46,8,1490,8,-1,TOYOTA YARIS,-1,-1,0,-1
2025421602662,2025,421602662,1,9,0,-1,19,8,4,-1,0,0,0,2,0,0,1,1,-1,1,1,30,6,1329,1,-1,TOYOTA YARIS,5,E01000110,0,3
2025211639584,2025,211639584,1,9,0,-1,9,2,8,-1,0,8,0,0,0,0,4,1,-1,6,1,45,7,1296,1,-1,TOYOTA YARIS,2,E01029426,0,1
2025211599521,2025,211599521,1,9,0,-1,19,6,2,-1,0,0,0,0,0,0,1,1,-1,6,1,50,8,1364,2,-1,TOYOTA YARIS,-1,-1,0,-1
2025231624487,2025,231624487,1,5,0,-1,19,6,3,-1,0,8,0,0,0,0,1,1,-1,6,1,40,7,660,1,-1,TRIUMPH TIGER,8,E01030042,0,5
2025451624098,2025,451624098,1,4,0,-1,13,2,4,-1,0,1,0,0,0,0,1,1,-1,9,1,77,11,888,1,-1,TRIUMPH TIGER,9,E01022894,0,3
2025010615316,2025,010615316,1,3,0,-1,7,3,5,-1,6,1,1,10,7,1,3,1,-1,9,1,19,4,125,1,-1,HONDA FSH125,2,E01002852,0,1
2025010594758,2025,010594758,1,4,0,-1,9,5,3,-1,0,6,0,0,0,0,2,1,-1,9,1,64,9,125,1,-1,HONDA FSH125,3,E01000024,0,2
2025311586322,2025,311586322,1,9,-1,-1,-1,-1,-1,-1,-1,0,-1,-1,-1,0,-1,2,-1,6,1,28,6,1598,8,-1,RENAULT ARKANA,9,E01026136,0,4
2025101554581,2025,101554581,4,9,0,-1,4,7,3,-1,0,0,0,0,0,0,2,1,-1,9,1,33,6,1598,8,-1,RENAULT ARKANA,2,E01002033,0,5
2025010568818,2025,010568818,1,9,0,-1,9,3,1,-1,0,8,0,0,0,0,1,1,-1,6,2,52,8,1598,8,-1,RENAULT ARKANA,2,E01003245,0,1
2025031550848,2025,031550848,1,9,0,-1,19,3,7,-1,0,0,0,0,0,0,1,1,-1,6,1,74,10,1598,8,-1,DACIA JOGGER,9,E01019303,0,4
2025440034533,2025,440034533,1,9,0,3,3,5,1,0,0,0,0,0,0,0,2,1,5,6,2,42,7,1997,2,-1,FORD S-MAX,10,E01022987,0,3
2025010568255,2025,010568255,1,9,0,-1,99,9,9,-1,0,0,9,99,9,99,2,9,-1,-1,1,38,7,1997,2,-1,FORD S-MAX,2,E01015976,0,3
2025302501939,2025,302501939,2,9,0,-1,19,1,5,-1,0,8,1,0,0,0,1,1,-1,9,1,39,7,799,2,-1,SMART FORTWO,6,E01019594,0,1
2025010604108,2025,010604108,2,9,0,-1,19,5,1,-1,0,4,0,0,0,0,3,1,-1,6,1,22,5,999,1,-1,SMART FORTWO,4,E01001391,0,3
2025451559470,2025,451559470,1,9,0,-1,5,5,1,-1,0,0,0,2,0,0,4,1,-1,9,1,89,11,999,1,-1,SMART FORTWO,10,E01030887,0,4
2025010576519,2025,010576519,1,9,0,-1,9,7,6,-1,0,1,0,0,0,0,3,1,-1,2,1,27,6,999,1,-1,SMART FORTWO,2,E01001649,0,4
2025371646595,2025,371646595,2,9,0,-1,19,7,3,-1,0,0,0,0,0,0,1,1,-1,9,1,59,9,998,1,-1,VAUXHALL CORSA,6,E01030099,0,1
2025141562472,2025,141562472,2,9,0,-1,12,2,6,-1,0,4,0,2,0,0,3,1,-1,9,1,27,6,1248,2,-1,VAUXHALL CORSA,2,E01028027,0,4
2025501551774,2025,501551774,1,9,0,-1,9,1,7,-1,0,1,0,0,0,0,1,1,-1,2,2,26,6,1229,1,-1,VAUXHALL CORSA,6,E01019933,0,1
2025991588988,2025,991588988,1,9,0,-1,19,6,2,-1,0,0,0,0,0,0,1,1,-1,6,1,18,4,1398,1,-1,VAUXHALL CORSA,2,-1,0,2
2025371610472,2025,371610472,1,9,0,-1,2,3,7,-1,0,0,1,2,1,1,4,1,-1,1,2,28,6,1398,1,-1,VAUXHALL CORSA,6,E01026902,0,4
2025201593361,2025,201593361,2,9,0,-1,19,5,1,-1,0,0,0,0,0,0,2,9,-1,6,1,30,6,1199,1,-1,VAUXHALL CORSA,2,E01009146,0,3
2025430526381,2025,430526381,2,9,0,-1,3,5,8,-1,0,0,0,0,0,0,2,1,-1,6,1,47,8,1398,1,-1,VAUXHALL CORSA,4,E01016447,0,2
2025631556974,2025,631556974,2,9,0,-1,19,4,8,-1,0,8,0,0,5,6,1,1,-1,6,2,22,5,1229,1,-1,VAUXHALL CORSA,4,W01000950,0,4
202560C037996,2025,60C037996,1,9,0,4,4,3,6,0,0,0,0,0,0,0,1,1,5,6,1,21,5,1598,1,-1,VAUXHALL CORSA,-1,-1,0,-1
2025201567943,2025,201567943,2,9,0,-1,11,3,7,-1,0,0,0,0,0,0,1,1,-1,6,2,24,5,1398,1,-1,VAUXHALL CORSA,-1,-1,0,-1
2025302502013,2025,302502013,1,9,0,-1,3,3,7,-1,0,0,0,0,0,0,2,1,-1,1,2,25,5,1398,1,-1,VAUXHALL CORSA,8,E01019490,0,1
2025991563649,2025,991563649,3,9,0,-1,4,8,4,-1,0,0,0,0,0,0,1,1,-1,9,2,72,10,1398,1,-1,VAUXHALL CORSA,2,-1,0,2
2025041603672,2025,041603672,2,9,0,-1,11,3,7,-1,0,0,0,0,0,0,1,1,-1,9,2,29,6,1199,1,-1,VAUXHALL CORSA,7,E01011329,0,4
2025010567157,2025,010567157,1,9,0,18,19,2,6,0,0,5,0,0,0,0,2,1,5,6,1,33,6,1389,1,-1,VAUXHALL CORSA,-1,-1,0,-1
2025522502136,2025,522502136,1,9,0,-1,6,7,7,-1,0,8,0,0,0,0,1,1,-1,6,2,48,8,1398,1,-1,VAUXHALL CORSA,7,E01014735,0,1
202517H102825,2025,17H102825,1,9,0,-1,19,6,2,-1,0,0,0,0,0,0,3,1,-1,9,1,29,6,998,1,-1,VAUXHALL CORSA,1,E01035188,0,2
2025421544111,2025,421544111,2,9,0,-1,19,1,5,-1,0,0,0,0,0,0,0,1,-1,6,1,66,10,1229,1,-1,VAUXHALL CORSA,3,E01015923,0,1
2025070573387,2025,070573387,2,9,0,-1,9,1,5,-1,0,6,0,0,1,0,3,1,-1,9,1,22,5,1229,1,-1,VAUXHALL CORSA,1,E01018640,0,3
2025070835033,2025,070835033,2,9,0,-1,3,5,1,-1,0,1,0,0,0,0,2,1,-1,1,2,26,6,998,1,-1,VAUXHALL CORSA,4,E01018712,0,1
2025340WN2842,2025,340WN2842,2,9,0,-1,3,4,8,-1,0,1,0,0,0,0,2,1,-1,9,1,25,5,1229,1,-1,VAUXHALL CORSA,4,E01017666,0,4
202560C148872,2025,60C148872,2,9,0,18,19,3,7,0,0,0,0,0,0,0,3,1,5,6,2,17,4,1248,2,-1,VAUXHALL CORSA,-1,-1,0,-1
2025991629781,2025,991629781,1,9,0,-1,19,1,5,-1,0,1,1,0,1,11,4,1,-1,9,2,18,4,1229,1,-1,VAUXHALL CORSA,-1,-1,0,-1
2025501710721,2025,501710721,1,9,0,-1,19,6,2,-1,0,0,0,0,0,0,1,1,-1,6,1,40,7,1398,1,-1,VAUXHALL CORSA,4,E01019037,0,1
2025010580545,2025,010580545,1,9,0,-1,9,3,2,-1,0,8,0,0,0,0,1,1,-1,2,2,38,7,1199,1,-1,VAUXHALL CORSA,3,E01003720,0,2
2025440143044,2025,440143044,1,9,0,18,19,3,7,0,0,0,0,0,0,0,2,1,6,6,3,-1,-1,1229,1,-1,VAUXHALL CORSA,-1,-1,0,-1
2025351594824,2025,351594824,1,9,0,-1,3,1,5,-1,0,0,9,0,0,0,2,1,-1,6,1,26,6,1398,1,-1,VAUXHALL CORSA,2,E01008338,0,5
2025010613884,2025,010613884,1,9,0,-1,9,1,8,-1,0,8,0,0,0,0,1,1,-1,9,2,25,5,1199,1,-1,VAUXHALL CORSA,3,E01001246,0,1
2025430543396,2025,430543396,1,9,0,-1,4,6,2,-1,0,0,0,0,0,0,2,1,-1,9,2,20,4,1229,1,-1,VAUXHALL CORSA,7,E01003395,0,4
2025991627437,2025,991627437,1,9,0,-1,19,1,5,-1,0,6,0,0,0,0,3,1,-1,6,2,73,10,1199,1,-1,VAUXHALL CORSA,4,-1,0,1
2025161650358,2025,161650358,1,9,0,-1,19,7,3,-1,0,0,0,0,0,0,1,1,-1,6,2,34,6,1229,1,-1,VAUXHALL CORSA,6,E01013048,0,1
2025052501845,2025,052501845,1,8,0,18,19,1,5,0,0,0,0,0,0,0,1,1,2,2,1,31,6,1398,1,-1,VAUXHALL CORSA,1,E01006702,0,1
2025991676932,2025,991676932,1,9,0,-1,19,8,4,-1,0,0,0,0,0,0,1,1,-1,6,2,22,5,1229,1,-1,VAUXHALL CORSA,3,-1,0,1
2025991554497,2025,991554497,2,9,0,-1,2,0,0,-1,9,0,0,0,0,0,2,1,-1,6,-1,-1,-1,1229,1,-1,VAUXHALL CORSA,-1,-1,0,-1
2025131541649,2025,131541649,1,9,0,-1,19,5,1,-1,0,8,2,0,8,4,3,1,-1,9,2,18,4,1248,2,-1,VAUXHALL CORSA,3,E01011267,0,2
2025201626553,2025,201626553,1,9,0,-1,9,6,2,-1,0,1,1,0,3,0,1,1,-1,6,1,26,6,1364,1,-1,VAUXHALL CORSA,1,E01009147,0,1
2025201567672,2025,201567672,1,9,0,-1,11,4,8,-1,0,0,0,0,0,0,4,1,-1,6,2,45,7,1398,1,-1,VAUXHALL CORSA,-1,-1,0,-1
202517H105425,2025,17H105425,2,9,0,-1,3,7,3,-1,0,0,0,0,0,0,2,1,-1,9,1,28,6,1199,1,-1,VAUXHALL CORSA,4,E01033467,0,1
2025311542468,2025,311542468,2,9,0,-1,3,6,2,-1,0,0,0,0,0,0,2,1,-1,2,2,21,5,1398,1,-1,VAUXHALL CORSA,2,E01013957,0,1
2025430333505,2025,430333505,1,9,0,-1,3,8,4,-1,0,1,0,0,0,0,2,1,-1,9,1,40,7,1686,2,-1,VAUXHALL MERIVA,7,E01016399,0,1
2025340WN7212,2025,340WN7212,1,9,0,-1,5,1,5,-1,0,4,0,0,0,0,1,1,-1,9,2,43,7,1332,8,-1,JEEP COMPASS,1,E01027235,0,1
2025111580043,2025,111580043,2,4,0,-1,19,7,3,-1,0,1,0,0,0,0,3,1,-1,9,1,26,6,598,1,-1,YAMAHA XJ,5,E01020864,0,4
202560C185588,2025,60C185588,2,3,0,18,19,7,3,0,0,1,0,0,0,0,3,1,6,6,2,23,5,599,1,-1,YAMAHA XJ,-1,-1,0,-1
2025041670222,2025,041670222,2,9,0,-1,19,5,1,-1,0,8,0,0,0,0,3,1,-1,9,1,48,8,2993,2,-1,BMW 6 SERIES,2,E01024893,0,1
2025122501165,2025,122501165,2,9,0,3,3,1,5,0,0,0,0,0,0,0,2,1,5,6,2,52,8,2179,2,-1,MAKE AND MODEL REDACTED,5,E01027884,0,1
2025471583165,2025,471583165,2,9,0,-1,19,6,1,-1,0,1,0,0,0,0,2,1,-1,1,1,64,9,1461,2,-1,DACIA LOGAN,1,E01031404,0,2
2025201600073,2025,201600073,1,9,0,-1,19,2,2,-1,0,0,0,0,0,0,1,1,-1,6,1,21,5,1388,1,-1,FORD FIESTA,1,E01034924,0,1
2025991542091,2025,991542091,2,9,0,-1,7,1,5,-1,0,0,0,0,0,0,2,1,-1,6,2,59,9,998,1,-1,FORD FIESTA,6,-1,0,1
2025010553109,2025,010553109,1,9,0,99,99,9,9,99,99,0,9,99,9,99,9,9,5,6,1,19,4,1388,1,-1,FORD FIESTA,4,E01004303,0,1
2025041615895,2025,041615895,2,9,0,-1,19,1,5,-1,0,0,0,0,0,0,2,1,-1,2,2,28,6,1496,1,-1,FORD FIESTA,4,E01025119,0,2
2025010573030,2025,010573030,1,9,0,99,99,9,9,99,99,9,9,99,9,99,9,9,2,2,2,26,6,1084,1,-1,FORD FIESTA,2,E01000075,0,2
2025010593727,2025,010593727,1,9,0,-1,99,9,9,-1,99,9,9,99,9,99,1,9,-1,6,1,28,6,1242,1,-1,FORD FIESTA,5,E01033727,0,1
2025141553201,2025,141553201,2,9,0,-1,3,1,5,-1,0,1,0,0,0,0,2,1,-1,6,1,39,7,998,1,-1,FORD FIESTA,7,E01007483,0,1
2025451653050,2025,451653050,1,9,0,-1,19,6,3,-1,0,8,1,2,0,0,3,1,-1,9,1,17,4,1388,1,-1,FORD FIESTA,10,E01030386,0,2
2025522502030,2025,522502030,1,9,0,-1,4,9,9,-1,0,8,0,0,0,0,2,1,-1,6,2,22,5,1499,2,-1,FORD FIESTA,8,E01029188,0,4
2025421680762,2025,421680762,2,9,0,-1,19,2,6,-1,0,1,0,0,0,0,1,1,-1,2,1,61,9,1388,1,-1,FORD FIESTA,7,E01021801,0,1
2025141622937,2025,141622937,2,9,0,-1,4,8,4,-1,0,0,0,2,0,0,1,1,-1,9,2,27,6,1084,1,-1,FORD FIESTA,9,E01008141,0,1
2025461610788,2025,461610788,4,9,0,-1,3,6,6,-1,0,2,0,0,0,0,2,1,-1,9,2,45,7,1242,1,-1,FORD FIESTA,4,E01024747,0,1
2025211569849,2025,211569849,1,9,0,-1,19,3,7,-1,0,0,0,0,0,0,1,1,-1,2,2,19,4,1084,1,-1,FORD FIESTA,-1,-1,0,-1
2025371649437,2025,371649437,1,9,0,-1,19,4,8,-1,0,0,0,4,0,0,4,1,-1,9,2,68,10,998,1,-1,FORD FIESTA,5,E01030001,0,1
2025430188452,2025,430188452,1,9,0,18,19,8,4,0,0,0,0,0,0,0,4,1,6,6,2,-1,-1,1499,2,-1,FORD FIESTA,-1,-1,0,-1
2025471577335,2025,471577335,1,9,0,-1,19,3,6,-1,0,0,0,0,0,0,1,1,-1,6,1,21,5,998,1,-1,FORD FIESTA,2,E01020911,0,4
2025440039633,2025,440039633,1,9,0,2,2,0,0,0,0,1,0,0,0,0,1,1,5,6,2,-1,-1,1242,1,-1,FORD FIESTA,-1,-1,0,-1
2025041632311,2025,041632311,1,9,0,-1,19,5,3,-1,0,0,0,0,0,0,3,1,-1,9,1,18,4,1242,1,-1,FORD FIESTA,3,E01012632,0,1
2025010582226,2025,010582226,2,9,0,-1,19,3,7,-1,0,0,0,0,0,0,1,1,-1,6,1,25,5,1242,1,-1,FORD FIESTA,5,E01002292,0,1
2025221543053,2025,221543053,2,9,0,-1,3,8,4,-1,0,0,0,0,0,0,2,9,-1,2,2,19,4,998,1,-1,FORD FIESTA,5,E01032193,0,2
2025471628309,2025,471628309,2,9,0,-1,19,1,5,-1,0,2,0,0,0,0,3,1,-1,6,2,77,11,1399,2,-1,FORD FIESTA,4,E01020918,0,4
2025440446500,2025,440446500,3,19,0,-1,19,3,7,-1,0,0,0,0,0,0,1,1,-1,9,1,36,7,1499,2,-1,FORD FIESTA,7,E01022946,0,4
2025010585330,2025,010585330,1,9,0,-1,99,9,9,-1,99,0,9,99,9,99,2,9,-1,2,2,35,6,1242,1,-1,FORD FIESTA,2,E01001603,0,1
2025421557432,2025,421557432,3,9,0,-1,3,5,5,-1,0,0,0,0,0,0,2,1,-1,9,1,54,8,998,1,-1,FORD FIESTA,7,E01004379,0,2
2025421648440,2025,421648440,1,9,0,-1,9,3,7,-1,0,1,0,0,0,0,3,1,-1,9,2,25,5,1242,1,-1,FORD FIESTA,4,E01021368,0,3
2025101609918,2025,101609918,2,9,0,-1,19,1,5,-1,0,0,0,0,0,0,1,1,-1,2,2,47,8,998,1,-1,FORD FIESTA,6,E01008387,0,2
2025010567950,2025,010567950,1,9,0,99,99,9,9,99,99,0,9,99,9,99,2,9,5,6,1,29,6,1388,1,-1,FORD FIESTA,6,E01002625,0,2
2025440074010,2025,440074010,1,9,0,4,4,7,5,0,0,1,0,0,3,1,1,1,5,6,2,50,8,998,1,-1,FORD FIESTA,5,E01022543,0,1
2025471614685,2025,471614685,2,9,0,-1,19,3,7,-1,0,1,0,0,0,0,1,1,-1,2,1,68,10,1596,1,-1,FORD FIESTA,8,E01016931,0,1
2025131536498,2025,131536498,1,9,0,-1,-1,-1,-1,-1,-1,1,-1,-1,-1,-1,-1,1,-1,6,1,35,6,1242,1,-1,FORD FIESTA,-1,-1,0,-1
2025421587224,2025,421587224,2,9,0,-1,19,7,3,-1,0,8,1,10,1,0,3,1,-1,2,1,24,5,1242,1,-1,FORD FIESTA,2,E01002553,0,4
2025010575423,2025,010575423,1,9,0,4,4,7,3,0,0,0,0,0,0,0,3,1,6,6,2,51,8,1388,1,-1,FORD FIESTA,-1,-1,0,-1
2025041603672,2025,041603672,1,9,0,-1,11,3,7,-1,0,0,0,0,0,0,1,1,-1,9,2,21,5,1242,1,-1,FORD FIESTA,7,E01005911,0,4
2025010575175,2025,010575175,2,9,0,-1,7,3,5,-1,0,8,0,0,0,0,1,1,-1,6,1,65,9,1242,1,-1,FORD FIESTA,-1,-1,0,-1
2025421597517,2025,421597517,1,9,0,-1,19,7,3,-1,0,0,0,2,4,0,1,1,-1,9,1,17,4,998,1,-1,FORD FIESTA,6,E01022052,0,1
2025010565037,2025,010565037,1,9,0,99,99,9,9,99,99,0,9,99,9,99,9,9,5,6,2,45,7,1242,1,-1,FORD FIESTA,5,E01033788,0,1
2025451619088,2025,451619088,1,9,0,-1,19,7,3,-1,0,8,0,0,0,0,1,1,-1,9,1,19,4,998,1,-1,FORD FIESTA,5,E01030984,0,2
2025471569999,2025,471569999,1,9,0,-1,19,7,3,-1,0,0,0,0,0,0,3,9,-1,6,3,-1,-1,1399,2,-1,FORD FIESTA,-1,-1,0,-1
2025211542714,2025,211542714,1,9,0,-1,19,1,5,-1,0,0,0,0,0,0,2,1,-1,6,2,44,7,998,1,-1,FORD FIESTA,10,E01029862,0,2
2025010567463,2025,010567463,1,9,0,99,99,9,9,99,99,9,9,99,9,99,1,1,5,6,2,36,7,1242,1,-1,FORD FIESTA,2,E01001978,0,1
2025991597305,2025,991597305,2,9,0,-1,19,7,3,-1,0,0,0,0,0,0,1,1,-1,6,1,40,7,1242,1,-1,FORD FIESTA,2,-1,0,3
2025131631759,2025,131631759,2,9,0,-1,19,3,7,-1,0,0,0,0,0,0,1,1,-1,2,2,47,8,1388,1,-1,FORD FIESTA,2,E01011840,0,1
2025544846225,2025,544846225,1,9,0,9,9,8,6,0,0,6,0,0,0,0,3,1,1,1,1,39,7,-1,3,-1,MERCEDES EQB CLASS,10,E01028746,0,2
2025161650358,2025,161650358,3,19,0,-1,3,7,3,-1,0,0,0,0,0,0,2,1,-1,6,1,56,9,1560,2,-1,CITROEN BERLINGO,1,E01012843,0,3
2025451604373,2025,451604373,1,19,0,-1,19,3,1,-1,0,1,0,0,0,0,1,9,-1,6,1,35,6,1560,2,-1,CITROEN BERLINGO,3,E01023107,0,1
2025552500198,2025,552500198,1,19,0,18,19,2,6,0,0,0,0,0,0,0,1,1,5,6,1,32,6,1560,2,-1,CITROEN BERLINGO,6,E01034374,0,1
2025440067098,2025,440067098,2,19,0,18,19,5,1,0,0,1,0,2,0,0,1,1,2,2,1,55,8,1560,2,-1,CITROEN BERLINGO,8,E01023032,0,3
2025461640200,2025,461640200,2,19,0,-1,3,1,3,-1,0,0,0,0,0,0,2,1,-1,1,1,60,9,1560,2,-1,CITROEN BERLINGO,9,E01024834,0,3
2025010581033,2025,010581033,1,19,0,-1,9,7,5,-1,0,8,0,0,0,0,3,1,-1,9,1,35,6,1560,2,-1,CITROEN BERLINGO,4,E01000722,0,3
2025031550848,2025,031550848,2,9,0,-1,3,3,7,-1,0,0,0,0,0,0,2,1,-1,6,1,54,8,1560,2,-1,CITROEN BERLINGO,7,E01019133,0,3
2025991563649,2025,991563649,1,19,0,-1,4,4,8,-1,0,0,0,0,0,0,1,1,-1,1,1,25,5,1499,2,-1,CITROEN BERLINGO,4,-1,0,3
2025010594813,2025,010594813,1,9,0,-1,9,5,4,-1,0,5,0,0,0,0,3,1,-1,6,2,49,8,3456,8,-1,LEXUS RX 450,3,E01003164,0,1
2025461547559,2025,461547559,1,9,0,-1,9,7,8,-1,0,0,0,1,1,0,1,1,-1,6,2,60,9,3456,8,-1,LEXUS RX 450,7,E01024458,0,1
2025471596086,2025,471596086,2,9,0,-1,19,5,1,-1,0,0,0,0,0,0,2,1,-1,2,2,45,7,1560,2,-1,MAZDA 3,7,E01035329,0,1
2025010558282,2025,010558282,2,9,9,99,99,9,9,99,99,6,9,99,9,99,1,9,6,6,1,55,8,1598,1,-1,MAZDA 3,2,E01034475,0,3
2025430543396,2025,430543396,2,9,0,-1,19,6,2,-1,0,0,0,0,0,0,1,1,-1,9,1,40,7,1998,1,-1,MAZDA 3,4,E01015578,0,4
2025501604203,2025,501604203,2,9,0,-1,4,3,7,-1,0,0,0,0,0,0,1,1,-1,9,1,32,6,3498,1,-1,NISSAN 350,3,E01020131,0,2
2025010560992,2025,010560992,1,23,0,-1,19,7,3,-1,-1,3,-1,0,-1,-1,1,1,-1,6,3,25,5,-1,3,-1,NIU NQI,5,E01000589,0,2
2025340WN1442,2025,340WN1442,2,9,0,-1,7,5,7,-1,0,1,0,0,0,0,0,1,-1,8,1,-1,-1,1969,8,-1,VOLVO XC90,-1,-1,0,-1
2025010606655,2025,010606655,3,9,0,-1,19,5,1,-1,0,0,0,0,0,0,0,1,-1,1,1,25,5,1969,8,-1,VOLVO XC90,-1,-1,0,-1
2025010605453,2025,010605453,1,9,0,-1,19,4,8,-1,0,2,0,0,0,0,4,1,-1,2,1,46,8,1969,2,-1,VOLVO XC90,6,E01001288,0,2
2025010571426,2025,010571426,3,9,0,-1,3,3,7,-1,0,8,0,0,0,0,2,1,-1,1,1,37,7,1969,8,-1,VOLVO XC90,7,E01032767,0,2
2025991574188,2025,991574188,4,9,0,-1,3,7,3,-1,0,0,0,0,0,0,3,1,-1,9,1,62,9,2993,2,-1,BMW 7 SERIES,6,-1,0,3
2025440086423,2025,440086423,1,9,0,18,19,7,3,0,0,0,0,0,0,0,1,1,6,6,3,-1,-1,2993,2,-1,BMW 7 SERIES,-1,-1,0,-1
2025141631229,2025,141631229,2,9,0,-1,5,4,8,-1,0,6,0,0,0,0,1,1,-1,1,2,27,6,1242,1,-1,FIAT 500,6,E01007560,0,3
2025010608524,2025,010608524,1,9,0,-1,19,1,5,-1,0,6,0,0,0,0,4,1,-1,6,2,50,8,870,1,-1,FIAT 500,3,E01003589,0,1
2025221594754,2025,221594754,2,9,0,-1,19,5,8,-1,0,0,0,0,0,0,1,1,-1,9,2,17,4,1242,1,-1,FIAT 500,5,E01009916,0,4
2025471648586,2025,471648586,1,9,0,-1,9,1,7,-1,0,1,0,0,0,0,1,1,-1,9,2,68,10,1242,1,-1,FIAT 500,4,E01016869,0,1
2025501569874,2025,501569874,1,9,0,-1,9,2,6,-1,0,6,0,0,1,11,4,1,-1,6,2,18,4,1242,1,-1,FIAT 500,7,E01020085,0,3
2025361622166,2025,361622166,1,9,0,-1,19,7,4,-1,0,0,0,0,1,0,4,1,-1,9,2,84,11,1242,1,-1,FIAT 500,10,E01026510,0,1
2025201548849,2025,201548849,1,9,0,-1,2,0,0,-1,9,0,0,4,0,0,4,1,-1,9,2,58,9,1242,1,-1,FIAT 500,-1,-1,0,-1
2025991577789,2025,991577789,2,9,0,-1,2,0,0,-1,0,0,0,0,0,0,1,1,-1,6,-1,-1,-1,1242,1,-1,FIAT 500,-1,-1,0,-1
2025052501771,2025,052501771,2,9,0,4,4,8,3,0,0,4,0,0,0,0,2,1,5,6,2,48,8,1242,1,-1,FIAT 500,4,E01006501,0,1
2025991555779,2025,991555779,2,9,0,-1,19,1,5,-1,0,0,0,0,0,0,1,1,-1,9,2,24,5,1368,1,-1,FIAT 500,1,-1,0,2
2025522600607,2025,522600607,1,9,0,-1,4,4,8,-1,0,0,0,0,0,0,2,1,-1,6,2,51,8,999,1,-1,FIAT 500,7,E01032680,0,4
2025440458298,2025,440458298,3,9,0,-1,4,6,2,-1,0,0,0,0,0,0,2,1,-1,9,2,23,5,1242,1,-1,FIAT 500,3,E01023256,0,2
2025451681095,2025,451681095,3,9,0,-1,19,1,1,-1,0,0,0,0,0,0,1,1,-1,2,2,54,8,1242,1,-1,FIAT 500,5,E01030834,0,1
2025010559080,2025,010559080,2,5,0,-1,19,7,3,-1,0,8,0,0,0,0,1,1,-1,6,1,51,8,745,1,-1,HONDA ADV750,6,E01004021,0,1
2025440128754,2025,440128754,1,3,0,18,19,3,7,0,0,1,0,0,0,0,1,1,5,6,1,20,4,125,1,-1,LEXMOTO LXR,3,E01023145,0,1
2025451653050,2025,451653050,2,9,0,-1,19,4,8,-1,0,1,1,2,0,0,1,1,-1,9,1,20,4,1328,1,-1,SUZUKI JIMNY,10,E01030637,0,1
2025302501939,2025,302501939,1,9,0,-1,9,5,3,-1,0,8,5,0,0,0,4,1,-1,9,2,71,10,1462,1,-1,SUZUKI JIMNY,7,E01019607,0,1
2025010572031,2025,010572031,1,9,0,-1,3,5,1,-1,0,1,0,8,0,0,3,1,-1,1,1,63,9,-1,3,-1,VOLKSWAGEN ID4,3,E01000095,0,3
2025430489154,2025,430489154,2,9,0,5,5,7,3,0,0,6,0,0,0,0,1,1,5,6,2,36,7,-1,3,-1,VOLKSWAGEN ID4,9,E01028723,0,2
2025010561331,2025,010561331,1,8,0,-1,6,3,3,-1,0,0,0,0,0,0,3,1,-1,1,1,65,9,-1,3,-1,VOLKSWAGEN ID4,6,E01002135,0,4
2025122500294,2025,122500294,1,9,0,4,4,8,4,0,0,0,0,0,0,0,1,1,2,2,2,43,7,1498,1,-1,FORD KUGA,5,E01011400,0,4
2025501661583,2025,501661583,1,9,0,-1,7,4,6,-1,4,1,0,0,0,0,4,1,-1,9,1,65,9,1496,1,-1,FORD KUGA,5,E01018820,0,1
2025101656978,2025,101656978,2,9,0,-1,19,4,8,-1,0,0,0,0,0,0,2,1,-1,9,1,31,6,1995,2,-1,FORD KUGA,4,E01008597,0,3
2025361551969,2025,361551969,1,9,0,-1,9,7,4,-1,0,2,0,0,0,0,3,1,-1,2,2,29,6,1997,2,-1,FORD KUGA,8,E01026578,0,3
2025501546463,2025,501546463,5,9,0,-1,19,1,5,-1,0,0,0,0,0,0,1,1,-1,6,2,47,8,1997,2,-1,FORD KUGA,6,E01034620,0,3
2025531630711,2025,531630711,1,9,0,-1,9,1,7,-1,0,8,0,0,1,0,4,1,-1,9,1,38,7,1997,2,-1,FORD KUGA,6,E01022175,0,1
2025351705264,2025,351705264,1,9,0,-1,10,3,1,-1,0,0,0,0,0,0,0,1,-1,1,2,30,6,1997,2,-1,FORD KUGA,5,E01018157,0,1
2025141651275,2025,141651275,1,9,0,-1,19,4,7,-1,0,0,0,0,0,0,1,9,-1,6,3,-1,-1,1997,2,-1,FORD KUGA,-1,-1,0,-1
2025231663275,2025,231663275,1,9,0,-1,19,2,6,-1,0,0,0,0,0,0,1,1,-1,6,2,73,10,2488,8,-1,FORD KUGA,9,E01031138,0,1
2025361680352,2025,361680352,3,8,0,-1,19,7,3,-1,0,0,0,0,0,0,1,1,-1,1,1,60,9,1685,2,-1,HYUNDAI I40,9,E01026546,0,3
2025340NN3082,2025,340NN3082,1,2,0,-1,19,3,7,-1,0,4,2,0,0,0,1,1,-1,6,1,18,4,124,1,-1,LEXMOTO ZSB,7,E01035393,0,1
2025552500199,2025,552500199,2,9,0,3,3,8,4,0,0,0,0,0,0,0,2,1,5,6,1,45,7,1998,1,-1,MINI JOHN COOPER WORKS,9,E01020351,0,3
2025991647873,2025,991647873,1,11,0,-1,19,7,3,-1,0,0,0,0,0,0,0,1,-1,1,2,46,8,5132,2,-1,VOLVO MODEL MISSING,4,-1,0,1
2025430288731,2025,430288731,1,21,1,18,19,5,1,0,0,1,0,0,0,0,1,1,1,1,1,47,8,12777,2,-1,VOLVO MODEL MISSING,-1,-1,0,-1
2025311581931,2025,311581931,1,11,0,-1,4,1,5,-1,0,0,0,0,0,0,0,1,-1,1,1,63,9,7300,2,-1,VOLVO MODEL MISSING,-1,-1,0,-1
2025161558339,2025,161558339,2,21,0,-1,19,1,5,-1,0,1,0,0,0,0,1,1,-1,1,1,26,6,12777,2,-1,VOLVO MODEL MISSING,7,E01026153,0,4
2025231660123,2025,231660123,2,21,1,-1,4,6,2,-1,0,0,0,0,0,0,2,1,-1,1,1,56,9,12777,2,-1,VOLVO MODEL MISSING,7,E01027221,0,4
2025031569267,2025,031569267,2,21,0,-1,2,0,0,-1,0,0,0,0,0,0,2,1,-1,6,-1,-1,-1,12777,2,-1,VOLVO MODEL MISSING,-1,-1,0,-1
2025471579323,2025,471579323,2,11,0,-1,13,1,5,-1,0,1,0,0,0,0,4,1,-1,1,1,61,9,9360,2,-1,VOLVO MODEL MISSING,2,E01016905,0,1
2025010594481,2025,010594481,1,11,0,-1,19,5,1,-1,0,8,0,0,0,0,4,1,-1,1,1,53,8,5132,2,-1,VOLVO MODEL MISSING,3,E01000441,0,3
2025010567480,2025,010567480,1,11,0,-1,7,4,6,-1,0,7,0,0,0,0,0,1,-1,1,1,32,6,5132,2,-1,VOLVO MODEL MISSING,4,E01034185,0,1
2025010607058,2025,010607058,1,11,0,-1,5,7,3,-1,2,1,0,2,0,0,0,1,-1,9,2,-1,-1,5132,2,-1,VOLVO MODEL MISSING,3,E01001548,0,1
2025531617698,2025,531617698,2,21,0,-1,19,8,4,-1,0,0,1,0,7,0,2,1,-1,1,1,32,6,12777,2,-1,VOLVO MODEL MISSING,5,E01026283,0,5
2025531617698,2025,531617698,1,21,0,-1,3,8,4,-1,0,0,5,0,7,4,2,1,-1,1,1,53,8,12777,2,-1,VOLVO MODEL MISSING,3,E01022121,0,4
2025010587159,2025,010587159,1,11,0,-1,3,3,7,-1,0,0,0,0,0,0,0,1,-1,1,1,72,10,5132,2,-1,VOLVO MODEL MISSING,5,E01004676,0,1
2025010586497,2025,010586497,1,11,0,-1,19,3,7,-1,0,0,0,0,0,0,4,1,-1,1,1,62,9,5132,2,-1,VOLVO MODEL MISSING,4,E01001285,0,2
2025302500202,2025,302500202,2,20,1,-1,4,5,1,-1,0,0,0,0,0,0,1,1,-1,1,1,39,7,-1,-1,-1,VOLVO MODEL MISSING,1,E01011107,0,4
2025451566643,2025,451566643,1,21,0,-1,7,8,3,-1,0,0,0,0,0,0,1,1,-1,1,1,40,7,12777,2,-1,VOLVO MODEL MISSING,2,E01024533,0,5
2025471609625,2025,471609625,1,11,0,-1,19,8,4,-1,0,0,0,5,0,0,1,1,-1,1,1,40,7,7300,2,-1,VOLVO MODEL MISSING,-1,-1,0,-1
2025221538805,2025,221538805,1,21,1,-1,11,1,5,-1,0,0,0,0,0,0,4,9,-1,1,1,52,8,12777,2,-1,VOLVO MODEL MISSING,5,W01001263,0,5
2025991673550,2025,991673550,1,11,0,-1,19,3,7,-1,0,0,0,0,0,0,0,1,-1,1,1,55,8,7698,2,-1,VOLVO MODEL MISSING,5,-1,0,1
2025010579866,2025,010579866,2,3,0,-1,15,1,5,-1,0,1,1,0,0,0,3,1,-1,9,1,39,7,124,1,-1,YAMAHA X,6,E01003433,0,3
2025122500267,2025,122500267,2,9,0,3,3,1,5,0,0,0,0,0,0,0,2,1,6,6,1,25,5,1896,2,-1,VOLKSWAGEN BORA,4,E01034979,0,2
2025010611339,2025,010611339,1,9,0,-1,9,3,1,-1,0,6,0,0,0,0,1,1,-1,9,2,55,8,999,1,-1,VOLKSWAGEN T-CROSS,-1,-1,0,-1
2025010559787,2025,010559787,1,9,0,-1,3,1,5,-1,0,1,0,0,0,0,2,1,-1,2,1,55,8,1999,1,-1,MAZDA 5,2,E01003049,0,2
2025141631229,2025,141631229,1,9,0,-1,19,8,4,-1,0,8,0,0,0,0,1,1,-1,1,2,34,6,2143,2,-1,MERCEDES C CLASS,2,E01007514,0,3
2025041565174,2025,041565174,3,9,0,-1,19,7,3,-1,0,8,0,0,0,0,3,1,-1,9,1,36,7,1497,1,-1,MERCEDES C CLASS,8,E01034338,0,3
2025070573387,2025,070573387,3,9,0,-1,19,6,2,-1,0,8,0,0,0,0,1,1,-1,9,1,20,4,1598,2,-1,MERCEDES C CLASS,7,E01034664,0,1
2025010572396,2025,010572396,1,9,0,-1,19,3,7,-1,-1,1,1,2,-1,-1,3,1,-1,6,3,-1,-1,1497,1,-1,MERCEDES C CLASS,-1,-1,0,-1
2025501592468,2025,501592468,1,9,0,-1,6,1,5,-1,0,8,0,0,0,0,3,1,-1,9,1,43,7,2143,2,-1,MERCEDES C CLASS,2,E01015171,0,1
2025302502068,2025,302502068,1,9,0,-1,19,5,1,-1,0,0,0,0,0,0,1,1,-1,6,1,64,9,2143,2,-1,MERCEDES C CLASS,10,E01013466,0,1
2025010598725,2025,010598725,1,9,0,-1,1,3,7,-1,2,2,0,0,0,0,2,1,-1,9,1,51,8,1796,1,-1,MERCEDES C CLASS,4,E01002101,0,4
2025010553386,2025,010553386,3,9,0,18,19,3,7,0,0,0,1,0,0,0,1,1,6,6,3,-1,-1,1950,2,-1,MERCEDES C CLASS,-1,-1,0,-1
2025201655929,2025,201655929,1,9,0,-1,19,6,2,-1,0,0,0,0,0,0,1,1,-1,6,1,40,7,1796,1,-1,MERCEDES C CLASS,-1,-1,0,-1
2025201592237,2025,201592237,1,9,0,-1,5,3,4,-1,0,0,0,0,0,0,1,1,-1,6,1,57,9,2143,2,-1,MERCEDES C CLASS,3,E01010324,0,1
2025010551809,2025,010551809,2,9,0,9,9,7,3,0,0,8,0,0,0,0,1,1,5,6,1,74,10,1796,1,-1,MERCEDES C CLASS,4,E01003268,0,1
2025010582875,2025,010582875,2,9,9,-1,99,9,9,-1,99,-1,9,99,9,99,9,9,-1,6,3,-1,-1,2143,2,-1,MERCEDES C CLASS,1,E01033456,0,1
2025122501085,2025,122501085,1,9,0,3,3,6,2,0,0,0,0,0,0,0,1,1,5,6,3,83,11,1796,1,-1,MERCEDES C CLASS,10,E01027660,0,1
2025201653387,2025,201653387,2,9,0,-1,19,1,5,-1,0,0,1,2,0,0,2,1,-1,9,1,24,5,1595,1,-1,MERCEDES C CLASS,2,E01014274,0,4
2025471641479,2025,471641479,1,9,0,-1,9,2,7,-1,0,1,0,0,0,0,3,1,-1,1,1,27,6,2143,2,-1,MERCEDES C CLASS,6,E01031484,0,1
2025010572615,2025,010572615,1,9,9,-1,99,9,9,-1,99,9,9,99,9,99,2,9,-1,-1,1,27,6,1595,1,-1,MERCEDES C CLASS,1,E01009753,0,5
2025201632421,2025,201632421,1,9,0,-1,5,3,3,-1,0,0,0,0,0,0,1,1,-1,6,1,25,5,1950,2,-1,MERCEDES C CLASS,6,E01010534,0,1
2025131544545,2025,131544545,1,9,0,-1,19,3,3,-1,0,8,0,2,0,0,4,2,-1,9,2,49,8,1498,8,-1,SKODA KODIAQ,7,E01010881,0,2
2025440128754,2025,440128754,2,9,0,9,9,5,1,0,0,6,0,0,0,0,3,1,2,2,1,-1,-1,1984,1,-1,SKODA KODIAQ,-1,-1,0,-1
2025522600037,2025,522600037,1,9,0,-1,9,1,3,-1,0,1,0,0,0,0,1,1,-1,6,2,39,7,1498,1,-1,SKODA KODIAQ,9,E01014741,0,1
2025430569967,2025,430569967,4,9,0,-1,5,6,2,-1,0,0,0,0,0,0,2,1,-1,6,1,56,9,1498,8,-1,SKODA KODIAQ,7,E01033511,0,1
2025451543390,2025,451543390,2,3,0,-1,19,5,1,-1,0,8,0,0,0,0,1,1,-1,2,1,19,4,124,1,-1,YAMAHA XVS,5,E01034297,0,1
2025010574860,2025,010574860,2,9,0,18,19,1,5,0,0,1,0,0,0,0,0,1,2,2,1,58,9,1497,1,-1,NISSAN ALMERA,-1,-1,0,-1
2025471686735,2025,471686735,1,3,0,-1,14,1,5,-1,0,0,1,0,0,0,3,1,-1,9,1,18,4,124,1,-1,PIAGGIO LIBERTY,5,E01016973,0,1
2025010589913,2025,010589913,1,4,0,-1,19,8,4,-1,9,-1,-1,0,1,-1,1,1,-1,6,3,-1,-1,-1,-1,-1,PIAGGIO MP3,-1,-1,0,-1
2025340WN6612,2025,340WN6612,1,3,0,-1,19,3,7,-1,0,8,0,0,0,0,0,1,-1,6,1,23,5,125,1,-1,MAKE AND MODEL REDACTED,7,E01027221,0,2
2025041608107,2025,041608107,1,5,0,-1,19,5,5,-1,0,0,5,0,0,0,4,1,-1,9,1,60,9,745,1,-1,HONDA VT,8,E01024920,0,4
2025451583189,2025,451583189,1,5,0,-1,19,8,4,-1,0,0,2,0,0,0,4,1,-1,2,1,22,5,649,1,-1,KAWASAKI EX,3,E01002646,0,3
2025201567672,2025,201567672,2,9,0,-1,19,8,4,-1,0,0,0,0,0,0,3,1,-1,6,1,39,7,1240,1,-1,NISSAN MICRA,1,E01009080,0,2
2025991629781,2025,991629781,2,9,0,-1,19,3,8,-1,0,8,0,0,0,0,1,1,-1,9,2,19,4,898,1,-1,NISSAN MICRA,-1,-1,0,-1
2025546474325,2025,546474325,2,9,0,4,4,2,6,0,0,0,0,0,0,0,2,1,6,6,1,31,6,1198,1,-1,NISSAN MICRA,8,E01034546,0,1
2025552501159,2025,552501159,1,9,0,-1,5,5,1,-1,0,6,0,0,0,0,4,1,-1,2,1,21,5,1240,1,-1,NISSAN MICRA,6,E01020434,0,2
2025231660123,2025,231660123,3,9,0,-1,19,6,2,-1,0,0,0,4,0,0,1,1,-1,9,2,24,5,1240,1,-1,NISSAN MICRA,5,E01009593,0,3
2025010567157,2025,010567157,2,9,0,18,19,2,6,0,0,4,0,0,0,0,2,1,6,6,1,28,6,1240,1,-1,NISSAN MICRA,4,E01033915,0,2
2025201632421,2025,201632421,2,9,0,-1,12,2,3,-1,0,0,0,10,0,0,1,1,-1,6,2,85,11,1240,1,-1,NISSAN MICRA,5,E01010513,0,1
2025541654313,2025,541654313,2,9,0,-1,3,1,5,-1,0,1,0,0,0,0,2,1,-1,2,2,30,6,898,1,-1,NISSAN MICRA,8,E01029034,0,4
2025421652061,2025,421652061,1,9,0,-1,9,3,8,-1,0,1,0,0,0,0,4,1,-1,9,2,90,11,1240,1,-1,NISSAN MICRA,10,E01021384,0,3
2025471565553,2025,471565553,2,9,0,-1,10,3,1,-1,0,1,0,0,0,0,1,1,-1,6,1,28,6,1198,1,-1,NISSAN MICRA,4,E01035253,0,4
2025471566083,2025,471566083,2,9,0,-1,4,3,7,-1,0,0,0,0,0,0,1,1,-1,9,1,45,7,1390,1,-1,VOLKSWAGEN BEETLE,4,E01031799,0,3
2025141597573,2025,141597573,2,9,0,-1,3,7,2,-1,0,2,0,0,0,0,4,1,-1,6,2,52,8,1968,2,-1,VOLKSWAGEN BEETLE,9,E01008023,0,1
2025471649905,2025,471649905,4,9,0,-1,3,1,5,-1,0,2,0,0,0,0,3,1,-1,9,1,76,11,1368,1,-1,JEEP RENEGADE,8,E01021115,0,3
2025231659653,2025,231659653,1,21,1,-1,19,4,8,-1,0,0,1,0,0,0,1,1,-1,1,1,65,9,12419,2,-1,MAN MODEL MISSING,5,E01032214,0,4
2025430314517,2025,430314517,2,21,0,5,5,-1,-1,0,0,0,0,0,0,0,1,1,1,1,1,40,7,10518,2,-1,MAN MODEL MISSING,-1,-1,0,-1
2025010589337,2025,010589337,2,21,4,-1,19,1,5,-1,0,3,0,0,0,0,1,1,-1,1,1,45,7,12419,2,-1,MAN MODEL MISSING,4,E01003543,0,3
2025991612736,2025,991612736,2,21,0,-1,3,1,5,-1,0,4,0,0,0,0,1,1,-1,1,1,23,5,12419,2,-1,MAN MODEL MISSING,9,-1,0,1
2025991550149,2025,991550149,1,20,0,-1,19,6,2,-1,0,0,0,2,0,0,1,1,-1,1,1,30,6,4600,2,-1,MAN MODEL MISSING,4,-1,0,4
2025061619002,2025,061619002,1,20,1,-1,1,4,8,-1,0,1,0,0,0,0,2,1,-1,1,1,54,8,12419,2,-1,MAN MODEL MISSING,-1,-1,0,-1
2025541672819,2025,541672819,2,21,1,-1,19,6,2,-1,0,8,0,0,0,0,1,1,-1,1,1,32,6,12419,2,-1,MAN MODEL MISSING,1,E01015541,0,4
2025010559787,2025,010559787,2,19,4,-1,3,1,5,-1,0,1,0,0,0,0,2,1,-1,1,1,48,8,6871,2,-1,MAN MODEL MISSING,5,E01017600,0,4
2025221544947,2025,221544947,1,20,0,-1,19,2,6,-1,0,0,0,0,4,6,1,9,-1,1,1,63,9,4580,2,-1,MAN MODEL MISSING,7,E01031283,0,4
2025991630140,2025,991630140,2,21,0,-1,19,4,8,-1,0,0,0,0,0,0,1,1,-1,1,1,60,9,-1,-1,-1,MAN MODEL MISSING,-1,-1,0,-1
2025131651988,2025,131651988,3,9,0,-1,3,8,4,-1,0,8,0,0,0,0,2,1,-1,6,2,25,5,1560,2,-1,PEUGEOT HORIZON,10,E01011797,0,1
2025332500184,2025,332500184,1,9,0,-1,19,4,7,-1,0,0,2,0,7,1,1,1,-1,6,1,48,8,1796,1,-1,CHEVROLET ORLANDO,3,E01004189,0,5
2025010607731,2025,010607731,2,9,0,-1,19,7,3,-1,0,0,0,0,0,0,3,1,-1,2,1,31,6,1368,1,-1,FIAT PUNTO,3,E01003533,0,3
2025471553183,2025,471553183,2,9,0,-1,9,4,2,-1,0,1,0,2,0,0,2,1,-1,9,1,34,6,1368,1,-1,FIAT PUNTO,5,E01021021,0,1
2025231684432,2025,231684432,3,9,0,-1,4,1,5,-1,0,0,0,0,0,0,1,1,-1,6,1,39,7,1591,1,-1,HYUNDAI KONA,8,E01032452,0,4
2025010553386,2025,010553386,1,9,0,4,4,3,7,0,0,0,0,0,0,0,2,1,5,6,1,36,7,-1,3,-1,HYUNDAI KONA,2,E01003732,0,2
2025010566263,2025,010566263,3,9,0,-1,14,5,1,-1,0,0,0,0,0,0,2,2,-1,1,2,30,6,998,8,-1,HYUNDAI KONA,-1,-1,0,-1
2025411603604,2025,411603604,2,9,0,-1,4,2,6,-1,0,0,0,0,0,0,2,1,-1,6,1,53,8,-1,3,-1,HYUNDAI KONA,9,E01028667,0,4
2025421587224,2025,421587224,1,20,0,-1,5,5,1,-1,0,8,0,0,0,0,1,1,-1,1,1,32,6,5193,2,-1,ISUZU TRUCKS FORWARD,9,E01000412,0,4
2025461555578,2025,461555578,1,20,0,-1,19,7,3,-1,0,0,0,0,0,0,1,1,-1,2,1,54,8,5193,2,-1,ISUZU TRUCKS FORWARD,5,E01001251,0,4
2025991651078,2025,991651078,2,11,0,-1,4,2,6,-1,0,0,0,0,0,0,1,1,-1,6,1,40,7,4461,2,-1,WRIGHTBUS STREETLITE,-1,-1,0,-1
2025401595627,2025,401595627,2,11,0,-1,19,1,4,-1,0,1,0,0,0,0,1,1,-1,1,1,58,9,4461,2,-1,WRIGHTBUS STREETLITE,5,E01023720,0,4
2025991539228,2025,991539228,1,11,0,-1,19,1,5,-1,0,0,0,0,0,0,4,1,-1,1,1,52,8,9186,2,-1,MAKE AND MODEL REDACTED,1,-1,0,1
2025461636197,2025,461636197,1,19,0,-1,19,1,5,-1,0,0,0,0,0,0,1,1,-1,1,1,26,6,1968,2,-1,VOLKSWAGEN CRAFTER,6,E01024052,0,4
2025010572396,2025,010572396,2,20,0,-1,2,0,0,-1,0,1,0,0,1,7,3,1,-1,6,3,-1,-1,1968,2,-1,VOLKSWAGEN CRAFTER,-1,-1,0,-1
2025211542714,2025,211542714,2,20,0,-1,19,1,5,-1,0,0,0,0,0,0,1,1,-1,6,1,41,7,-1,-1,-1,VOLKSWAGEN CRAFTER,6,E01029401,0,3
2025010600598,2025,010600598,1,20,0,-1,7,2,5,-1,0,6,0,0,0,0,2,1,-1,1,1,54,8,1968,2,-1,VOLKSWAGEN CRAFTER,6,E01024460,0,4
2025471641479,2025,471641479,2,5,0,-1,14,2,6,-1,0,1,1,0,0,0,1,1,-1,9,1,62,9,847,1,-1,YAMAHA TRACER,5,E01031515,0,3
2025010553130,2025,010553130,2,19,0,-1,99,9,9,-1,99,9,9,99,9,99,2,9,-1,6,1,-1,-1,2143,2,-1,MERCEDES SPRINTER,10,E01002434,0,2
2025332500024,2025,332500024,2,19,0,-1,19,8,4,-1,0,0,0,0,0,0,1,1,-1,1,1,64,9,2143,2,-1,MERCEDES SPRINTER,10,E01013803,0,3
2025201640524,2025,201640524,2,19,0,-1,19,3,7,-1,0,0,0,0,0,0,2,1,-1,2,1,35,6,2143,2,-1,MERCEDES SPRINTER,2,E01009405,0,2
2025010578894,2025,010578894,3,19,0,-1,3,1,5,-1,0,0,0,0,0,0,3,1,-1,1,1,43,7,-1,3,-1,MERCEDES SPRINTER,3,E01004675,0,1
2025501548991,2025,501548991,1,20,0,-1,9,7,3,-1,0,0,0,0,0,0,3,1,-1,1,1,57,9,1950,2,-1,MERCEDES SPRINTER,6,E01015250,0,4
2025010575290,2025,010575290,1,19,0,18,19,5,1,0,0,0,0,0,0,0,1,1,2,2,1,42,7,2143,2,-1,MERCEDES SPRINTER,8,E01017813,0,3
2025631571551,2025,631571551,1,19,0,-1,19,8,4,-1,0,0,0,0,0,0,1,1,-1,6,1,30,6,2143,2,-1,MERCEDES SPRINTER,-1,-1,0,-1
2025010572842,2025,010572842,3,19,0,-1,99,9,9,-1,99,-1,9,99,9,99,2,9,-1,6,3,-1,-1,2143,2,-1,MERCEDES SPRINTER,-1,-1,0,-1
2025231687009,2025,231687009,2,19,0,-1,4,4,8,-1,0,0,0,0,0,0,2,1,-1,1,1,38,7,1950,2,-1,MERCEDES SPRINTER,-1,-1,0,-1
2025221556808,2025,221556808,1,19,5,-1,5,4,8,-1,0,0,0,0,0,0,4,1,-1,1,1,42,7,2143,2,-1,MERCEDES SPRINTER,-1,-1,0,-1
2025161558125,2025,161558125,2,19,0,-1,19,6,2,-1,0,0,0,0,0,0,1,1,-1,1,1,31,6,2143,2,-1,MERCEDES SPRINTER,2,E01007878,0,4
2025520500597,2025,520500597,1,19,0,-1,4,5,1,-1,0,0,0,0,0,0,2,1,-1,6,3,-1,-1,2143,2,-1,MERCEDES SPRINTER,-1,-1,0,-1
2025010560132,2025,010560132,1,19,0,-1,19,3,7,-1,0,8,0,0,0,0,1,1,-1,1,1,53,8,2143,2,-1,MERCEDES SPRINTER,4,E01003102,0,1
2025141541393,2025,141541393,2,19,0,-1,2,0,0,-1,0,8,0,0,0,0,2,9,-1,1,1,35,6,2143,2,-1,MERCEDES SPRINTER,1,E01007764,0,3
2025131582594,2025,131582594,1,19,0,-1,9,4,8,-1,0,2,0,0,0,0,1,1,-1,6,1,51,8,2143,2,-1,MERCEDES SPRINTER,1,E01010809,0,1
2025471538350,2025,471538350,4,9,0,-1,3,3,7,-1,0,0,0,0,0,0,0,1,-1,1,1,25,5,1969,12,-1,VOLVO XC60,7,E01031653,0,1
2025451560736,2025,451560736,2,9,0,-1,13,8,4,-1,0,0,0,0,0,0,3,1,-1,7,2,43,7,1969,8,-1,VOLVO XC60,7,E01030652,0,1
2025311682600,2025,311682600,1,9,0,-1,19,1,5,-1,0,3,0,0,0,0,1,1,-1,9,2,51,8,1969,1,-1,VOLVO XC60,-1,-1,0,-1
2025340WN6942,2025,340WN6942,1,9,0,-1,19,5,1,-1,0,0,0,0,0,0,2,1,-1,9,1,82,11,1969,8,-1,VOLVO XC60,8,E01025770,0,4
2025131665398,2025,131665398,1,9,0,-1,9,3,3,-1,0,5,0,0,7,0,3,1,-1,6,1,75,10,2400,2,-1,VOLVO XC60,9,E01007581,0,4
2025010591969,2025,010591969,1,3,0,-1,19,1,5,-1,0,2,0,10,0,0,4,1,-1,6,1,34,6,125,1,-1,YAMAHA NMAX 125 (GPD125-A),9,E01003909,0,1
2025361680352,2025,361680352,1,9,0,-1,12,3,7,-1,0,0,0,0,0,0,1,1,-1,2,2,24,5,1598,2,-1,AUDI A1,5,E01026466,0,4
2025991572366,2025,991572366,2,9,0,-1,19,1,5,-1,0,1,0,0,0,0,1,1,-1,9,1,79,11,999,1,-1,AUDI A1,10,-1,0,3
2025161650358,2025,161650358,2,9,0,-1,3,7,3,-1,0,0,0,0,0,0,2,1,-1,6,1,42,7,1390,1,-1,AUDI A1,4,E01013051,0,1
2025131638812,2025,131638812,1,9,0,-1,19,8,4,-1,0,1,0,0,0,0,1,1,-1,9,2,23,5,1598,2,-1,AUDI A1,4,E01013404,0,4
2025430526381,2025,430526381,3,9,0,-1,-1,8,5,-1,0,0,0,0,1,0,1,1,-1,6,2,70,10,1390,1,-1,AUDI A1,9,E01002450,0,3
2025101618211,2025,101618211,2,9,0,-1,19,2,6,-1,0,0,0,0,0,0,2,1,-1,9,1,23,5,1598,2,-1,AUDI A1,-1,-1,0,-1
2025201648994,2025,201648994,1,9,0,-1,9,2,8,-1,0,0,1,2,1,0,3,1,-1,6,2,49,8,1598,2,-1,AUDI A1,-1,-1,0,-1
2025061582503,2025,061582503,2,9,0,-1,5,3,3,-1,0,0,5,2,0,0,4,1,-1,6,2,19,4,1598,2,-1,AUDI A1,-1,-1,0,-1
2025440417363,2025,440417363,1,9,0,-1,1,5,1,-1,0,8,0,0,0,0,2,1,-1,9,2,77,11,1395,1,-1,AUDI A1,10,E01023230,0,1
2025061630066,2025,061630066,1,9,0,-1,19,6,2,-1,0,0,0,0,0,0,4,1,-1,9,1,31,6,1395,1,-1,AUDI A1,1,E01005689,0,1
2025351604817,2025,351604817,2,9,0,-1,12,5,1,-1,0,0,0,0,0,0,0,1,-1,6,1,31,6,1499,2,-1,DS DS7,7,E01007503,0,5
2025201600073,2025,201600073,2,9,0,-1,19,6,5,-1,0,0,0,0,0,0,1,1,-1,6,2,41,7,1598,1,-1,DS DS7,-1,-1,0,-1
2025010574534,2025,010574534,1,9,0,-1,5,4,8,-1,0,8,0,0,0,0,1,1,-1,-1,1,43,7,1997,2,-1,DS DS7,3,E01001712,0,1
2025052500150,2025,052500150,1,9,0,18,19,1,5,0,0,8,0,0,0,0,4,1,5,6,2,27,6,1499,2,-1,FORD GRAND C-MAX,1,E01006509,0,1
2025421563029,2025,421563029,1,9,0,-1,5,7,3,-1,0,4,0,0,0,0,3,1,-1,9,1,22,5,1998,1,-1,HONDA ACCORD,7,E01023445,0,3
2025041597440,2025,041597440,3,9,0,-1,19,5,3,-1,0,0,0,0,0,0,3,1,-1,6,3,-1,-1,2151,2,-1,KIA SORENTO,-1,-1,0,-1
2025010576651,2025,010576651,1,9,0,5,5,1,5,0,0,0,0,11,0,0,3,1,6,6,1,43,7,1598,8,-1,KIA SORENTO,-1,-1,0,-1
2025501619086,2025,501619086,2,9,0,-1,9,4,2,-1,0,8,0,0,0,0,3,1,-1,6,2,68,10,2179,2,-1,LAND ROVER FREELANDER,5,E01020083,0,1
2025221543053,2025,221543053,1,9,0,-1,19,8,4,-1,0,0,0,0,0,0,1,1,-1,2,2,31,6,2179,2,-1,LAND ROVER FREELANDER,4,E01029002,0,3
2025451609619,2025,451609619,2,3,0,-1,14,5,1,-1,0,0,5,0,0,0,1,1,-1,1,2,24,5,125,1,-1,MAKE AND MODEL REDACTED,9,E01032852,0,4
2025991605389,2025,991605389,2,9,0,-1,5,8,4,-1,0,0,0,0,0,0,1,1,-1,2,1,58,9,1560,2,-1,PEUGEOT 207,1,-1,0,3
2025471544660,2025,471544660,2,9,0,-1,4,5,1,-1,0,1,0,0,0,0,2,1,-1,6,1,25,5,1560,2,-1,PEUGEOT 207,5,E01031472,0,1
2025610027725,2025,610027725,2,9,0,4,4,1,5,0,0,0,0,0,0,0,1,1,5,6,2,41,7,1598,1,-1,PEUGEOT 207,2,W01001488,0,2
2025211629017,2025,211629017,1,9,0,-1,19,8,4,-1,0,1,0,0,0,0,1,1,-1,6,1,34,6,1397,1,-1,PEUGEOT 207,-1,-1,0,-1
2025302502068,2025,302502068,2,9,0,-1,19,1,5,-1,0,0,1,0,0,0,1,1,-1,6,1,37,7,1360,1,-1,PEUGEOT 207,2,E01013571,0,2
2025440445094,2025,440445094,2,9,0,-1,19,1,5,-1,0,8,0,0,0,0,1,1,-1,9,1,77,11,1360,1,-1,PEUGEOT 207,5,E01022939,0,2
2025111655574,2025,111655574,1,9,-1,-1,19,2,6,-1,0,0,0,0,0,0,1,9,-1,6,1,-1,-1,1560,2,-1,PEUGEOT 207,-1,-1,0,-1
2025201557034,2025,201557034,1,9,0,-1,5,7,3,-1,0,2,0,0,0,0,1,1,-1,6,1,56,9,1995,2,-1,RENAULT LAGUNA,2,E01008946,0,1
2025351705264,2025,351705264,2,5,0,-1,19,5,1,-1,0,0,1,0,1,0,4,1,-1,6,1,59,9,1251,1,-1,YAMAHA XJR,5,E01018157,0,1
2025501548967,2025,501548967,2,11,0,-1,7,5,7,-1,0,6,0,0,1,0,3,1,-1,1,1,41,7,6696,2,-1,ALEXANDER DENNIS MODEL MISSING,4,E01018779,0,3
2025991672290,2025,991672290,1,11,0,-1,9,5,1,-1,0,0,0,0,1,0,3,1,-1,1,1,36,7,6696,2,-1,ALEXANDER DENNIS MODEL MISSING,2,-1,0,3
2025070782244,2025,070782244,1,11,0,-1,9,3,1,-1,0,2,0,2,0,1,1,1,-1,1,1,59,9,4500,2,-1,ALEXANDER DENNIS MODEL MISSING,2,E01033300,0,1
2025010573895,2025,010573895,1,11,0,-1,7,3,5,-1,-1,8,-1,0,-1,-1,4,1,-1,-1,1,37,7,4500,2,-1,ALEXANDER DENNIS MODEL MISSING,3,E01001365,0,1
2025010572568,2025,010572568,1,11,0,3,3,5,1,0,0,1,0,0,0,0,1,1,1,1,1,63,9,4500,2,-1,ALEXANDER DENNIS MODEL MISSING,2,E01003735,0,2
2025010572568,2025,010572568,2,11,0,2,2,0,0,0,0,2,0,0,0,0,2,1,6,6,3,-1,-1,6700,2,-1,ALEXANDER DENNIS MODEL MISSING,-1,-1,0,-1
2025010561543,2025,010561543,3,11,0,18,19,5,1,0,0,0,0,0,0,0,1,1,1,1,2,44,7,4500,2,-1,ALEXANDER DENNIS MODEL MISSING,4,E01003043,0,1
2025501569520,2025,501569520,2,11,0,-1,2,0,0,-1,0,0,0,0,0,0,0,1,-1,1,1,33,6,6696,2,-1,ALEXANDER DENNIS MODEL MISSING,2,E01033292,0,4
2025010599360,2025,010599360,1,11,0,-1,19,3,7,-1,0,1,0,0,0,0,0,1,-1,1,1,36,7,4500,2,-1,ALEXANDER DENNIS MODEL MISSING,4,E01024182,0,3
2025546474325,2025,546474325,1,9,0,18,19,2,6,0,0,0,0,0,0,0,1,1,6,6,1,45,7,2967,2,-1,AUDI Q7,9,E01034557,0,3
2025010592344,2025,010592344,2,9,0,-1,3,1,5,-1,0,0,0,0,0,0,2,1,-1,6,2,39,7,2967,2,-1,AUDI Q7,6,E01017827,0,1
2025520600611,2025,520600611,2,9,0,-1,19,2,6,-1,0,0,0,0,0,0,1,1,-1,6,1,57,9,1995,2,-1,BMW X3,9,E01029263,0,4
2025622500238,2025,622500238,2,9,0,12,12,2,6,0,0,0,1,2,0,0,2,1,1,1,1,35,6,1998,8,-1,BMW X3,2,E01001357,0,5
2025461636197,2025,461636197,4,9,0,-1,2,0,0,-1,0,0,0,0,0,0,2,1,-1,9,2,76,11,1995,2,-1,BMW X3,3,E01021102,0,3
2025361606397,2025,361606397,1,9,0,-1,19,4,8,-1,0,0,0,0,0,0,2,1,-1,9,1,62,9,1199,1,-1,CITROEN C5,5,E01000469,0,5
2025541662913,2025,541662913,2,9,0,-1,4,6,1,-1,0,0,0,0,0,0,2,1,-1,1,1,77,11,999,8,-1,FORD PUMA,7,E01031842,0,3
2025041598174,2025,041598174,2,9,0,-1,19,2,4,-1,0,0,0,2,3,0,1,1,-1,9,2,55,8,999,1,-1,FORD PUMA,8,E01025241,0,3
2025991576857,2025,991576857,1,9,0,-1,19,3,7,-1,0,1,0,0,0,0,4,1,-1,9,1,29,6,999,8,-1,FORD PUMA,-1,-1,0,-1
2025231584780,2025,231584780,1,9,0,-1,9,8,6,-1,0,5,1,0,0,0,1,1,-1,6,1,26,6,999,8,-1,FORD PUMA,10,E01031111,0,1
2025201571243,2025,201571243,2,9,0,-1,19,8,7,-1,0,1,0,0,0,0,4,1,-1,6,1,28,6,999,1,-1,FORD PUMA,1,E01008966,0,1
2025440437647,2025,440437647,1,9,0,-1,4,2,6,-1,0,0,0,0,0,0,2,1,-1,9,2,51,8,999,8,-1,FORD PUMA,4,E01023261,0,1
2025231561885,2025,231561885,2,9,0,-1,19,2,6,-1,0,1,0,0,0,0,2,1,-1,6,1,38,7,999,1,-1,FORD PUMA,7,E01031188,0,1
2025141589983,2025,141589983,1,9,0,-1,9,4,2,-1,0,6,0,0,0,0,1,1,-1,6,2,57,9,1685,2,-1,HYUNDAI IX35,8,E01007889,0,2
2025421648440,2025,421648440,2,9,0,-1,10,8,5,-1,0,1,0,0,0,0,1,1,-1,1,1,59,9,998,8,-1,KIA RIO,8,E01035179,0,2
2025991651078,2025,991651078,1,9,0,-1,4,2,6,-1,0,0,0,0,0,0,2,1,-1,6,2,54,8,1398,1,-1,VAUXHALL ADAM,-1,-1,0,-1
2025010566872,2025,010566872,1,9,0,-1,99,9,9,-1,99,9,9,99,9,99,2,9,-1,-1,2,46,8,1229,1,-1,VAUXHALL ADAM,7,E01003416,0,1
2025211667440,2025,211667440,1,9,0,-1,5,5,1,-1,0,0,0,0,0,0,3,1,-1,2,2,21,5,1229,1,-1,VAUXHALL ADAM,6,E01029753,0,2
2025421623184,2025,421623184,2,3,0,-1,3,1,5,-1,0,0,0,0,0,0,2,1,-1,2,1,18,4,125,1,-1,KEEWAY RKF,8,E01021740,0,2
2025451547436,2025,451547436,1,9,0,-1,19,1,5,-1,0,2,0,0,0,0,0,1,-1,7,2,37,7,1560,2,-1,PEUGEOT 2008,10,E01030948,0,1
2025161558727,2025,161558727,3,9,0,-1,19,7,3,-1,0,0,0,0,0,0,2,1,-1,6,1,66,10,1560,2,-1,PEUGEOT 2008,1,E01007919,0,4
2025991541027,2025,991541027,3,9,0,-1,19,3,7,-1,0,0,0,0,0,0,2,1,-1,9,2,38,7,1199,1,-1,PEUGEOT 2008,9,-1,0,3
2025311674938,2025,311674938,3,9,0,-1,2,1,5,-1,0,0,0,0,0,0,2,1,-1,6,2,55,8,1200,1,-1,PEUGEOT 2008,-1,-1,0,-1
2025471565196,2025,471565196,2,9,0,-1,3,7,3,-1,0,0,0,0,0,0,2,1,-1,9,1,27,6,1199,1,-1,PEUGEOT 2008,2,E01016978,0,1
2025010561545,2025,010561545,3,9,0,-1,19,7,3,-1,0,0,0,0,0,0,1,1,-1,-1,2,29,6,1200,1,-1,PEUGEOT 2008,2,E01000798,0,2
2025622500301,2025,622500301,1,9,0,18,19,3,7,0,0,0,1,0,0,0,1,1,5,6,1,37,7,1560,2,-1,PEUGEOT 2008,6,W01001613,0,4
2025461636197,2025,461636197,3,9,0,-1,2,0,0,-1,0,0,0,0,7,0,2,1,-1,9,2,59,9,1199,1,-1,PEUGEOT 2008,6,E01024540,0,2
2025471643521,2025,471643521,1,9,0,-1,19,4,1,-1,0,0,0,0,0,0,1,1,-1,9,2,57,9,1200,1,-1,PEUGEOT 2008,1,E01031558,0,1
2025461582396,2025,461582396,1,9,0,-1,19,3,7,-1,0,0,0,0,0,0,1,1,-1,6,2,33,6,1199,1,-1,PEUGEOT 2008,4,E01035307,0,3
2025041582712,2025,041582712,1,9,0,-1,19,5,1,-1,0,0,0,0,0,0,-1,9,-1,6,1,17,4,998,1,-1,TOYOTA AYGO,4,E01004913,0,3
2025010566580,2025,010566580,1,9,0,-1,99,9,9,-1,99,9,9,99,9,99,2,9,-1,2,2,30,6,998,1,-1,TOYOTA AYGO,9,E01000708,0,1
2025351636063,2025,351636063,2,9,0,-1,-1,-1,-1,-1,-1,0,-1,-1,-1,0,-1,1,-1,6,1,20,4,998,1,-1,TOYOTA AYGO,-1,-1,0,-1
2025340WN5052,2025,340WN5052,1,9,0,-1,19,1,5,-1,0,0,0,0,0,0,1,1,-1,2,2,59,9,998,1,-1,TOYOTA AYGO,1,E01032979,0,1
2025061559951,2025,061559951,2,9,0,-1,19,-1,-1,-1,0,0,0,2,0,0,2,1,-1,6,2,23,5,998,1,-1,TOYOTA AYGO,2,E01004980,0,1
2025070022784,2025,070022784,2,9,0,-1,3,2,8,-1,0,0,0,0,0,0,2,1,-1,9,2,61,9,998,1,-1,TOYOTA AYGO,3,E01018746,0,2
2025361640966,2025,361640966,1,9,0,-1,4,6,1,-1,0,0,0,0,0,0,1,1,-1,9,2,34,6,998,1,-1,TOYOTA AYGO,1,E01026832,0,2
2025010563188,2025,010563188,2,9,0,-1,19,1,5,-1,0,6,0,0,0,0,0,1,-1,6,2,43,7,998,1,-1,TOYOTA AYGO,1,E01003290,0,1
2025131558480,2025,131558480,2,9,0,-1,3,6,2,-1,0,0,0,0,0,0,2,1,-1,2,2,21,5,998,1,-1,TOYOTA AYGO,1,E01010666,0,2
2025451546754,2025,451546754,1,9,0,-1,4,7,7,-1,0,4,0,2,1,1,2,1,-1,2,1,42,7,998,1,-1,TOYOTA AYGO,8,E01030723,0,1
2025010603318,2025,010603318,2,9,9,-1,19,9,9,-1,99,1,9,99,9,99,9,9,-1,6,3,-1,-1,998,1,-1,TOYOTA AYGO,-1,-1,0,-1
2025041598174,2025,041598174,1,9,0,-1,9,2,6,-1,0,0,0,0,0,0,1,1,-1,6,1,19,4,998,1,-1,TOYOTA AYGO,3,E01004834,0,4
2025161558727,2025,161558727,2,9,0,-1,19,7,3,-1,0,0,0,0,0,0,2,1,-1,6,1,68,10,998,1,-1,TOYOTA AYGO,10,E01013089,0,3
2025531646626,2025,531646626,1,9,0,-1,19,5,1,-1,0,0,0,0,0,0,1,1,-1,9,2,20,4,998,1,-1,TOYOTA AYGO,9,E01012514,0,5
2025991572895,2025,991572895,1,4,0,-1,14,4,8,-1,0,1,0,11,0,0,1,1,-1,9,1,21,5,321,1,-1,YAMAHA MT,2,-1,0,1
2025231645218,2025,231645218,1,5,0,-1,19,1,5,-1,0,0,0,7,7,0,1,1,-1,1,1,26,6,689,1,-1,YAMAHA MT,6,E01031221,0,1
2025451619088,2025,451619088,2,5,0,-1,9,3,1,-1,0,8,0,0,0,0,1,1,-1,6,1,54,8,689,1,-1,YAMAHA MT,9,E01030340,0,1
2025421641533,2025,421641533,2,3,0,-1,9,2,6,-1,0,0,0,0,0,0,1,1,-1,9,1,17,4,124,1,-1,YAMAHA MT,5,E01021848,0,1
2025440266375,2025,440266375,2,5,0,18,19,2,6,0,0,1,0,0,0,0,1,1,5,6,1,20,4,689,1,-1,YAMAHA MT,10,E01023020,0,2
2025010579156,2025,010579156,2,3,0,-1,19,7,3,-1,0,0,1,0,0,0,2,1,-1,9,1,20,4,124,1,-1,YAMAHA MT,4,E01002315,0,1
2025451630519,2025,451630519,2,3,0,-1,19,5,1,-1,0,1,5,0,0,0,4,1,-1,9,1,18,4,124,1,-1,YAMAHA MT,9,E01030532,0,3
2025010607731,2025,010607731,1,3,0,-1,19,3,7,-1,0,0,0,0,0,0,3,1,-1,6,1,56,9,124,1,-1,YAMAHA MT,-1,-1,0,-1
2025461586594,2025,461586594,1,3,0,-1,14,7,3,-1,0,0,0,0,0,0,1,1,-1,2,1,36,7,124,1,-1,YAMAHA MT,1,E01024504,0,2
2025991555204,2025,991555204,1,9,0,-1,19,8,7,-1,0,0,0,0,0,0,3,1,-1,2,1,36,7,1968,2,-1,AUDI A5,-1,-1,0,-1
2025401550864,2025,401550864,2,9,0,-1,19,2,7,-1,0,0,0,0,0,0,1,1,-1,9,1,51,8,1984,1,-1,AUDI A5,6,E01017386,0,2
2025302500915,2025,302500915,1,9,0,-1,19,6,2,-1,0,0,1,0,1,7,3,1,-1,6,2,25,5,1984,1,-1,AUDI A5,2,E01029445,0,2
2025622500684,2025,622500684,2,19,0,18,19,4,8,0,0,0,0,0,0,0,2,1,6,6,1,26,6,1598,2,-1,FIAT DOBLO,9,W01001993,0,3
2025221599689,2025,221599689,1,9,0,-1,19,8,4,-1,0,2,0,0,0,0,3,1,-1,6,2,60,9,998,8,-1,HYUNDAI BAYON,-1,-1,0,-1
2025010555576,2025,010555576,2,9,0,-1,19,3,7,-1,0,0,0,0,0,0,1,1,-1,6,1,28,6,1598,8,-1,HYUNDAI TUCSON,2,E01002633,0,1
2025052501605,2025,052501605,1,9,0,15,15,7,3,0,0,0,0,0,0,0,3,1,6,6,1,59,9,1598,1,-1,HYUNDAI TUCSON,1,E01006606,0,2
2025430101316,2025,430101316,2,9,0,3,3,3,7,0,0,0,0,0,0,0,2,1,5,6,2,34,6,1591,1,-1,HYUNDAI TUCSON,8,E01022889,0,3
2025031566380,2025,031566380,2,9,0,-1,3,5,1,-1,0,0,0,0,0,0,2,1,-1,9,1,70,10,1598,1,-1,HYUNDAI TUCSON,8,E01019345,0,3
2025411572617,2025,411572617,3,9,0,-1,4,3,7,-1,0,0,0,0,0,0,1,1,-1,1,1,25,5,1598,8,-1,HYUNDAI TUCSON,7,E01029974,0,5
2025070573387,2025,070573387,1,9,0,-1,19,2,6,-1,0,8,1,0,1,0,1,1,-1,9,2,57,9,1598,8,-1,HYUNDAI TUCSON,6,E01034667,0,1
2025451634577,2025,451634577,3,9,0,-1,2,0,0,-1,0,6,0,0,0,0,4,1,-1,9,2,49,8,1598,8,-1,HYUNDAI TUCSON,10,E01030876,0,4
2025231633813,2025,231633813,1,9,0,-1,3,7,3,-1,0,0,0,0,0,0,2,1,-1,9,2,48,8,1995,2,-1,HYUNDAI TUCSON,9,E01009801,0,4
2025231543850,2025,231543850,2,9,0,-1,19,5,1,-1,0,0,0,0,0,0,2,1,-1,2,1,54,8,1598,8,-1,HYUNDAI TUCSON,6,E01029821,0,3
2025041630975,2025,041630975,3,9,0,-1,19,1,5,-1,6,0,0,0,0,0,0,1,-1,1,1,39,7,1598,8,-1,HYUNDAI TUCSON,5,E01004779,0,1
2025141615717,2025,141615717,1,9,0,-1,9,3,1,-1,0,1,0,0,0,0,4,1,-1,9,1,73,10,1598,8,-1,HYUNDAI TUCSON,6,E01007452,0,1
2025161623607,2025,161623607,1,9,0,-1,3,2,6,-1,0,0,0,0,0,0,2,1,-1,6,1,65,9,2993,2,-1,LAND ROVER RANGE ROVER SPORT,4,E01028174,0,5
2025201549621,2025,201549621,2,9,0,-1,3,4,8,-1,0,2,0,0,0,0,1,1,-1,1,1,43,7,2996,8,-1,LAND ROVER RANGE ROVER SPORT,4,E01009186,0,1
2025546777125,2025,546777125,1,3,0,15,15,6,2,0,0,0,0,0,0,0,3,1,5,6,1,20,4,125,1,-1,LEXMOTO MICHIGAN,2,E01032064,0,2
2025052501400,2025,052501400,2,9,0,4,4,3,7,0,0,0,0,0,0,0,2,1,6,6,1,62,9,1596,1,-1,TOYOTA VERSO,3,E01005474,0,4
2025430118026,2025,430118026,3,9,0,18,19,8,4,0,0,0,0,0,0,0,2,1,2,2,1,33,6,-1,3,-1,VOLVO C40,4,E01035247,0,4
2025141676777,2025,141676777,2,4,0,-1,14,4,8,-1,0,8,0,0,0,0,1,1,-1,9,1,60,9,450,1,-1,YAMAHA WR,1,E01008009,0,1
2025501584533,2025,501584533,1,19,0,-1,3,8,4,-1,0,0,0,0,0,0,2,1,-1,1,1,44,7,1898,2,-1,ISUZU D-MAX,4,E01015077,0,3
2025451677663,2025,451677663,2,19,0,-1,2,0,0,-1,0,1,0,0,0,0,2,1,-1,6,-1,-1,-1,2499,2,-1,ISUZU D-MAX,-1,-1,0,-1
2025041565272,2025,041565272,1,2,0,-1,19,1,5,-1,9,0,0,0,0,0,1,1,-1,9,1,17,4,49,1,-1,SYM ORBIT,9,E01025240,0,1
2025311655953,2025,311655953,1,2,0,-1,7,3,1,-1,0,0,0,0,0,0,1,1,-1,6,1,25,5,125,1,-1,SYM ORBIT,8,E01019834,0,4
2025430150568,2025,430150568,1,3,0,15,15,8,4,0,0,0,0,0,0,0,4,1,2,2,1,34,6,125,1,-1,BENELLI LEONCINO,7,E01033964,0,4
2025351636063,2025,351636063,1,9,0,-1,-1,-1,-1,-1,-1,0,-1,-1,-1,0,-1,1,-1,6,1,57,9,1995,2,-1,BMW 5 SERIES,8,E01017428,0,3
2025201555751,2025,201555751,1,9,0,-1,19,3,7,-1,0,0,2,0,0,0,4,1,-1,2,1,30,6,1995,2,-1,BMW 5 SERIES,9,E01009667,0,1
2025471553636,2025,471553636,1,9,0,-1,19,1,5,-1,0,5,0,0,0,0,3,1,-1,9,1,72,10,1995,2,-1,BMW 5 SERIES,6,E01016957,0,1
2025451630532,2025,451630532,6,9,0,-1,19,3,7,-1,0,0,0,0,0,0,0,1,-1,8,1,39,7,2993,12,-1,BMW 5 SERIES,10,E01030435,0,3
2025010555489,2025,010555489,2,9,0,-1,99,9,9,-1,99,9,9,99,9,99,1,9,-1,6,3,-1,-1,1995,2,-1,BMW 5 SERIES,-1,-1,0,-1
2025010572842,2025,010572842,2,9,0,-1,99,9,9,-1,99,-1,9,99,9,99,9,9,-1,6,3,-1,-1,1995,2,-1,BMW 5 SERIES,-1,-1,0,-1
2025010567989,2025,010567989,2,9,0,-1,99,9,9,-1,-1,8,-1,0,-1,-1,1,9,-1,-1,1,49,8,2497,1,-1,BMW 5 SERIES,2,E01023844,0,1
2025340WN1752,2025,340WN1752,1,9,0,-1,19,2,6,-1,0,0,0,2,0,6,1,1,-1,9,1,58,9,2793,1,-1,BMW 5 SERIES,-1,-1,0,-1
2025461562202,2025,461562202,1,9,0,-1,19,3,7,-1,0,0,0,0,0,0,1,9,-1,6,1,77,11,2993,2,-1,BMW 5 SERIES,-1,-1,0,-1
2025211539040,2025,211539040,3,9,0,-1,2,0,0,-1,0,0,0,0,0,0,2,1,-1,6,1,35,6,1998,8,-1,BMW 5 SERIES,1,E01010408,0,2
2025430273855,2025,430273855,2,9,0,3,3,6,2,0,0,0,0,0,0,0,2,1,6,6,1,28,6,2497,2,-1,BMW 5 SERIES,6,E01016472,0,2
2025522600201,2025,522600201,1,9,0,-1,3,2,6,-1,0,0,0,0,0,0,2,1,-1,2,1,49,8,2993,2,-1,BMW 5 SERIES,3,E01014624,0,2
2025231684432,2025,231684432,2,9,0,-1,3,1,5,-1,0,0,0,0,0,0,2,1,-1,6,1,52,8,-1,3,-1,CUPRA BORN,8,E01009697,0,3
2025010556929,2025,010556929,1,9,0,99,99,9,9,99,99,0,9,99,9,99,9,9,2,2,1,37,7,1330,8,-1,HONDA INSIGHT,10,E01003857,0,3
2025122600278,2025,122600278,1,5,0,4,4,5,1,0,0,1,0,0,1,0,1,1,5,6,1,34,6,1043,1,-1,MAKE AND MODEL REDACTED,8,E01027635,0,4
2025010571321,2025,010571321,1,8,0,-1,19,5,1,-1,0,6,0,0,0,0,1,1,-1,1,1,37,7,1477,8,-1,LEVC TX,8,E01001927,0,2
2025211599521,2025,211599521,2,21,1,-1,19,6,2,-1,0,0,0,0,0,0,1,1,-1,6,1,58,9,12809,2,-1,MERCEDES MODEL MISSING,-1,-1,0,-1
2025991669473,2025,991669473,1,21,1,-1,5,4,8,-1,0,0,0,2,0,0,0,1,-1,1,1,44,7,10677,2,-1,MERCEDES MODEL MISSING,4,-1,0,4
2025201611614,2025,201611614,2,21,0,-1,3,8,4,-1,0,0,0,0,0,0,4,1,-1,1,1,35,6,6374,2,-1,MERCEDES MODEL MISSING,1,E01009020,0,1
2025451573166,2025,451573166,1,21,0,-1,7,4,6,-1,0,8,0,0,0,0,1,1,-1,1,1,40,7,10677,2,-1,MERCEDES MODEL MISSING,6,E01016223,0,3
2025411589204,2025,411589204,3,21,1,-1,19,7,3,-1,0,0,0,0,0,0,1,1,-1,1,1,40,7,12809,2,-1,MERCEDES MODEL MISSING,7,E01033960,0,4
2025141564627,2025,141564627,1,21,4,-1,19,6,2,-1,0,0,0,0,0,0,1,1,-1,1,1,52,8,10677,2,-1,MERCEDES MODEL MISSING,3,E01009626,0,5
2025541654313,2025,541654313,1,20,1,-1,19,1,5,-1,0,1,0,0,0,0,1,1,-1,1,1,44,7,-1,-1,-1,MERCEDES MODEL MISSING,4,E01031901,0,3
2025401695039,2025,401695039,2,21,0,-1,19,8,4,-1,0,0,0,0,0,0,2,1,-1,1,1,47,8,7698,2,-1,MERCEDES MODEL MISSING,9,E01033503,0,1
2025131663207,2025,131663207,3,9,0,-1,19,3,7,-1,0,0,0,0,0,0,4,1,-1,9,1,26,6,1496,1,-1,MG HS,3,E01005535,0,4
2025991567269,2025,991567269,2,9,0,-1,4,4,8,-1,0,0,0,0,0,0,2,1,-1,9,2,38,7,1490,1,-1,MG HS,7,-1,0,1
2025340NN3482,2025,340NN3482,2,9,0,-1,19,5,1,-1,0,0,0,0,0,0,4,1,-1,6,2,26,6,1490,8,-1,MG HS,8,E01035398,0,2
2025991655854,2025,991655854,1,9,0,-1,9,2,5,-1,0,0,0,0,0,0,1,1,-1,6,1,67,10,1490,1,-1,MG HS,5,-1,0,1
2025010578562,2025,010578562,1,9,0,-1,19,5,1,-1,-1,-1,-1,0,-1,-1,4,1,-1,9,3,24,5,1490,1,-1,MG HS,-1,-1,0,-1
2025411574744,2025,411574744,2,9,0,-1,19,3,7,-1,0,0,0,0,0,0,2,1,-1,6,1,49,8,1490,1,-1,MG HS,5,E01023929,0,3
2025131583905,2025,131583905,2,9,0,-1,19,1,5,-1,0,8,0,0,0,0,1,1,-1,6,2,56,9,1490,1,-1,MG HS,6,E01011308,0,2
2025991555779,2025,991555779,4,9,0,-1,19,1,5,-1,0,0,0,0,0,0,2,1,-1,9,2,34,6,1496,1,-1,MG HS,5,-1,0,4
2025201667941,2025,201667941,2,9,0,-1,5,1,4,-1,0,4,0,0,0,0,3,1,-1,9,1,30,6,1200,1,-1,PEUGEOT 308,-1,-1,0,-1
2025361596293,2025,361596293,3,9,0,-1,3,2,2,-1,0,1,0,0,0,0,3,1,-1,9,1,55,8,1598,8,-1,PEUGEOT 308,6,E01030057,0,4
2025471545533,2025,471545533,2,9,0,-1,3,5,1,-1,0,0,0,0,0,0,2,1,-1,9,2,41,7,1598,1,-1,PEUGEOT 308,7,E01021146,0,4
2025351588689,2025,351588689,2,9,0,-1,5,6,2,-1,0,0,0,0,0,0,1,1,-1,9,1,67,10,1200,1,-1,PEUGEOT 308,10,E01026357,0,3
2025461562202,2025,461562202,3,9,0,-1,3,3,7,-1,0,0,0,0,0,0,2,9,-1,9,1,31,6,1200,1,-1,PEUGEOT 308,7,E01035010,0,1
2025070881191,2025,070881191,3,19,0,-1,2,0,0,-1,9,1,0,0,0,0,1,1,-1,1,1,29,6,1499,2,-1,MAKE AND MODEL REDACTED,5,E01018483,0,1
2025122501165,2025,122501165,1,9,0,18,19,1,5,0,0,0,0,0,0,0,1,1,5,6,2,75,10,999,1,-1,SKODA CITIGO,6,E01027881,0,1
2025131561016,2025,131561016,2,9,0,-1,19,4,5,-1,0,2,0,0,0,0,4,1,-1,9,2,59,9,999,1,-1,SKODA CITIGO,1,E01011001,0,4
2025991646594,2025,991646594,1,9,0,-1,9,3,5,-1,0,5,0,0,0,0,4,1,-1,9,1,21,5,999,1,-1,SKODA CITIGO,-1,-1,0,-1
2025010575175,2025,010575175,1,9,0,-1,7,3,5,-1,0,8,0,0,0,0,2,1,-1,6,2,53,8,1498,1,-1,SKODA SCALA,3,E01016021,0,4
2025041646633,2025,041646633,1,2,0,-1,7,5,7,-1,0,0,2,0,0,0,1,1,-1,2,1,22,5,49,1,-1,MAKE AND MODEL REDACTED,1,E01012707,0,1
2025451630532,2025,451630532,7,9,0,-1,19,3,7,-1,0,0,0,0,0,0,0,1,-1,8,1,39,7,2993,12,-1,BMW X5,6,E01030424,0,4
2025340WN4782,2025,340WN4782,2,9,0,-1,19,1,5,-1,0,0,0,0,0,0,1,1,-1,9,2,30,6,2993,2,-1,BMW X5,4,-1,0,5
2025010600677,2025,010600677,2,9,0,-1,9,1,7,-1,0,5,0,0,0,0,3,1,-1,9,1,50,8,2993,12,-1,BMW X5,-1,-1,0,-1
2025052501016,2025,052501016,2,9,0,18,19,5,1,0,0,0,0,0,0,0,1,1,1,1,1,-1,-1,2993,2,-1,BMW X5,-1,-1,0,-1
2025351563165,2025,351563165,1,9,0,-1,9,6,4,-1,0,8,0,0,0,0,1,1,-1,6,2,18,4,998,1,-1,KIA STONIC,10,E01017995,0,1
2025122501207,2025,122501207,1,9,0,18,19,7,3,0,0,0,0,0,1,0,1,1,5,6,2,85,11,998,1,-1,KIA STONIC,7,E01027681,0,2
2025440366041,2025,440366041,2,9,0,18,19,8,4,0,0,0,0,0,0,0,3,1,5,6,2,-1,-1,998,1,-1,KIA STONIC,5,E01001259,0,4
2025522600383,2025,522600383,1,9,0,-1,19,7,3,-1,0,0,0,2,0,0,3,1,-1,6,2,59,9,1332,1,-1,MERCEDES A CLASS,5,E01002232,0,5
2025991563649,2025,991563649,2,9,0,-1,19,4,8,-1,0,0,0,0,0,0,2,1,-1,9,1,39,7,1461,2,-1,MERCEDES A CLASS,2,-1,0,4
2025461613194,2025,461613194,1,9,0,-1,19,7,3,-1,9,0,0,0,1,11,1,1,-1,2,2,29,6,1332,8,-1,MERCEDES A CLASS,2,E01024306,0,1
2025211550985,2025,211550985,2,9,0,-1,19,6,2,-1,0,1,0,0,0,0,1,1,-1,6,1,31,6,1332,1,-1,MERCEDES A CLASS,9,E01029518,0,2
2025440405031,2025,440405031,2,9,0,-1,19,5,1,-1,0,0,0,0,0,0,4,1,-1,6,1,36,7,1461,2,-1,MERCEDES A CLASS,10,E01023211,0,3
2025430101316,2025,430101316,3,9,0,18,19,3,7,0,0,0,0,0,0,0,2,1,5,6,2,28,6,1461,2,-1,MERCEDES A CLASS,8,E01016192,0,3
2025231561885,2025,231561885,3,9,0,-1,19,2,6,-1,0,1,0,0,0,0,2,1,-1,2,2,24,5,1595,1,-1,MERCEDES A CLASS,7,E01031188,0,1
2025221582861,2025,221582861,1,9,0,-1,19,6,2,-1,0,0,0,0,0,0,1,9,-1,1,2,27,6,1461,2,-1,MERCEDES A CLASS,2,E01009315,0,4
2025411589204,2025,411589204,2,9,0,-1,19,7,3,-1,0,0,0,0,0,0,4,2,-1,6,2,35,6,1332,1,-1,MERCEDES A CLASS,4,E01023303,0,3
2025010568693,2025,010568693,2,9,0,-1,99,9,9,-1,99,9,9,99,9,99,-1,9,-1,6,3,-1,-1,1498,1,-1,MERCEDES A CLASS,4,E01001183,0,2
2025430657231,2025,430657231,1,9,0,-1,7,3,5,-1,0,0,-1,0,7,9,1,1,-1,6,1,33,6,1332,1,-1,MERCEDES A CLASS,10,E01016761,0,1
2025010589337,2025,010589337,1,9,0,-1,19,1,5,-1,0,4,0,0,0,0,1,1,-1,6,2,32,6,1461,2,-1,MERCEDES A CLASS,1,E01035276,0,3
2025201615299,2025,201615299,1,9,0,-1,19,3,7,-1,0,0,0,0,0,0,1,1,-1,6,1,32,6,1332,8,-1,MERCEDES A CLASS,-1,-1,0,-1
2025421614916,2025,421614916,3,9,0,-1,2,5,5,-1,6,8,0,0,0,0,3,1,-1,9,1,25,5,1332,1,-1,MERCEDES A CLASS,6,E01003693,0,2
2025041632311,2025,041632311,2,9,0,-1,19,3,3,-1,0,0,0,0,1,0,1,1,-1,6,2,33,6,2143,2,-1,MERCEDES A CLASS,1,E01025297,0,3
2025421641533,2025,421641533,1,9,0,-1,9,6,7,-1,0,0,0,0,0,0,3,1,-1,9,2,41,7,1699,1,-1,MERCEDES A CLASS,5,E01021868,0,1
2025991676932,2025,991676932,3,9,0,-1,3,8,4,-1,0,0,0,0,0,0,2,1,-1,6,1,37,7,1991,1,-1,MERCEDES A CLASS,3,-1,0,4
2025340WN3912,2025,340WN3912,2,9,0,-1,3,1,5,-1,0,4,0,0,0,0,2,1,-1,1,1,67,10,1595,1,-1,MERCEDES A CLASS,9,E01027201,0,1
2025522501493,2025,522501493,2,9,0,-1,9,5,3,-1,0,5,1,0,1,1,4,1,-1,9,2,40,7,1332,8,-1,MERCEDES A CLASS,8,E01014507,0,1
2025311682600,2025,311682600,2,9,0,-1,19,1,5,-1,0,3,0,0,0,0,2,1,-1,9,2,43,7,1991,2,-1,MERCEDES A CLASS,-1,-1,0,-1
2025010573030,2025,010573030,2,9,0,99,99,9,9,99,99,9,9,99,9,99,1,9,6,6,3,35,6,1332,1,-1,MERCEDES A CLASS,-1,-1,0,-1
2025501642922,2025,501642922,1,9,0,-1,14,4,3,-1,0,2,0,0,0,0,4,1,-1,6,2,50,8,1498,1,-1,MERCEDES A CLASS,3,E01018838,0,1
2025010558961,2025,010558961,1,9,0,-1,99,9,9,-1,99,0,9,99,9,99,2,9,-1,-1,2,26,6,1332,1,-1,MERCEDES A CLASS,1,E01008929,0,5
2025052502123,2025,052502123,1,9,0,18,19,7,3,0,0,1,0,0,0,0,1,1,6,6,2,46,8,1796,1,-1,MERCEDES SLK CLASS,1,E01007227,0,1
2025010584332,2025,010584332,3,9,0,-1,99,9,9,-1,99,9,9,99,9,99,1,9,-1,6,2,44,7,1796,1,-1,MERCEDES SLK CLASS,4,E01004187,0,3
2025411589204,2025,411589204,1,9,0,-1,12,7,3,-1,0,0,0,0,0,0,2,1,-1,6,3,-1,-1,1998,1,-1,MERCEDES SLK CLASS,-1,-1,0,-1
2025991683074,2025,991683074,1,9,0,-1,19,1,5,-1,0,1,0,0,0,0,1,1,-1,9,1,35,6,1200,1,-1,PEUGEOT 208,10,-1,0,1
2025211612226,2025,211612226,1,9,0,-1,-1,-1,-1,-1,-1,0,0,0,0,0,0,1,-1,9,1,64,9,1200,1,-1,PEUGEOT 208,-1,-1,0,-1
2025211550749,2025,211550749,1,9,0,-1,19,4,8,-1,0,0,0,0,0,0,1,1,-1,9,1,56,9,1200,1,-1,PEUGEOT 208,8,E01029713,0,1
2025610027725,2025,610027725,1,9,0,3,3,1,5,0,0,0,0,0,0,0,2,1,5,6,1,24,5,1200,1,-1,PEUGEOT 208,1,W01001693,0,3
2025351567508,2025,351567508,1,9,0,-1,5,1,5,-1,0,4,0,0,0,0,1,1,-1,9,2,59,9,1200,1,-1,PEUGEOT 208,9,E01017998,0,1
2025471566675,2025,471566675,1,9,0,-1,19,5,1,-1,0,2,0,0,0,0,4,1,-1,9,1,45,7,1398,2,-1,PEUGEOT 208,7,E01016920,0,1
2025552500198,2025,552500198,2,9,0,3,3,2,6,0,0,0,0,0,0,0,2,1,5,6,2,41,7,1598,1,-1,PEUGEOT 208,8,E01020435,0,3
2025991600916,2025,991600916,2,9,0,-1,19,5,1,-1,0,8,0,0,3,0,1,1,-1,1,1,43,7,1398,2,-1,PEUGEOT 208,9,-1,0,4
2025461654261,2025,461654261,1,9,0,-1,19,2,6,-1,0,0,0,0,0,0,1,1,-1,9,1,71,10,1995,2,-1,MAKE AND MODEL REDACTED,7,E01024675,0,1
2025010562346,2025,010562346,1,3,0,-1,99,9,9,-1,99,9,9,99,9,99,1,1,-1,2,1,29,6,125,1,-1,MAKE AND MODEL REDACTED,3,E01003491,0,1
2025131541049,2025,131541049,1,9,0,-1,19,3,3,-1,0,0,5,2,0,0,1,1,-1,2,2,29,6,1587,1,-1,PEUGEOT 206,6,E01027703,0,3
2025522501872,2025,522501872,1,2,0,-1,4,3,8,-1,0,0,0,0,0,0,2,1,-1,6,1,17,4,49,1,-1,PIAGGIO ZIP,10,E01014716,0,1
2025141688138,2025,141688138,2,9,0,-1,19,1,5,-1,0,0,0,0,0,0,1,1,-1,9,2,56,9,999,1,-1,SKODA RAPID,1,E01007373,0,2
2025131651988,2025,131651988,1,9,0,-1,19,8,4,-1,0,8,0,0,0,0,1,1,-1,6,2,22,5,1422,2,-1,SKODA RAPID,5,E01011537,0,2
2025991589622,2025,991589622,2,9,0,-1,5,7,3,-1,0,0,0,0,0,0,2,1,-1,6,1,18,4,996,1,-1,SUZUKI ALTO,2,-1,0,1
2025451577499,2025,451577499,2,9,0,-1,19,6,2,-1,0,0,0,4,0,0,1,1,-1,6,2,80,11,996,1,-1,SUZUKI ALTO,10,E01030937,0,2
2025311674825,2025,311674825,3,9,0,-1,3,5,1,-1,0,0,0,0,0,0,2,1,-1,6,1,35,6,1956,2,-1,VAUXHALL INSIGNIA,4,E01028038,0,2
2025131594581,2025,131594581,1,9,0,-1,-1,-1,-1,-1,-1,0,-1,-1,-1,-1,4,1,-1,6,3,-1,-1,1956,2,-1,VAUXHALL INSIGNIA,-1,-1,0,-1
2025340NN3482,2025,340NN3482,3,9,0,-1,19,5,1,-1,0,0,0,0,0,0,4,1,-1,6,1,66,10,1598,2,-1,VAUXHALL INSIGNIA,7,E01032963,0,2
2025101656978,2025,101656978,1,9,0,-1,11,4,8,-1,0,0,0,0,0,0,1,1,-1,6,1,27,6,1956,2,-1,VAUXHALL INSIGNIA,1,E01008746,0,3
2025461610788,2025,461610788,1,9,0,-1,4,2,6,-1,0,2,0,0,0,0,1,1,-1,9,1,29,6,1956,2,-1,VAUXHALL INSIGNIA,10,E01024751,0,1
2025991559481,2025,991559481,4,9,0,-1,19,4,8,-1,0,0,0,0,0,0,1,1,-1,9,1,76,11,1598,2,-1,VAUXHALL INSIGNIA,3,-1,0,4
2025340NN3132,2025,340NN3132,1,9,0,-1,4,7,3,-1,0,0,0,0,0,0,1,1,-1,6,1,32,6,1956,2,-1,VAUXHALL INSIGNIA,-1,-1,0,-1
2025461570580,2025,461570580,2,8,0,-1,19,6,3,-1,0,8,0,0,0,0,3,1,-1,1,1,56,9,1956,2,-1,VAUXHALL INSIGNIA,8,E01016126,0,1
2025010586527,2025,010586527,1,9,0,-1,19,4,8,-1,0,1,0,7,6,1,1,1,-1,2,1,33,6,1364,1,-1,VAUXHALL INSIGNIA,-1,-1,0,-1
2025111613254,2025,111613254,2,9,0,-1,3,7,3,-1,0,0,0,0,0,0,2,1,-1,6,2,38,7,1956,2,-1,VAUXHALL INSIGNIA,-1,-1,0,-1
2025501551977,2025,501551977,2,9,0,-1,19,5,1,-1,0,0,0,0,0,0,2,1,-1,6,2,35,6,1969,8,-1,VOLVO XC40,3,E01019914,0,1
2025340NN2732,2025,340NN2732,2,4,0,-1,19,5,1,-1,9,1,1,0,0,0,4,1,-1,7,1,21,5,125,1,-1,HONDA MSX125,7,E01032967,0,1
2025141653459,2025,141653459,2,3,0,-1,5,1,5,-1,0,1,0,0,0,0,3,1,-1,2,1,65,9,125,1,-1,HONDA MSX125,1,E01008118,0,1
2025010572924,2025,010572924,2,19,0,-1,2,0,0,-1,0,8,0,0,0,0,3,1,-1,6,3,-1,-1,2287,2,-1,IVECO DAILY,-1,-1,0,-1
2025010570300,2025,010570300,2,19,3,-1,9,1,7,-1,0,1,0,0,0,0,1,1,-1,1,1,40,7,2998,2,-1,IVECO DAILY,1,E01035275,0,3
2025501556110,2025,501556110,2,19,0,-1,19,1,5,-1,0,0,0,0,0,0,1,1,-1,1,1,49,8,2287,2,-1,IVECO DAILY,4,E01018866,0,3
2025471649905,2025,471649905,1,19,0,-1,5,6,1,-1,0,1,0,10,1,0,2,1,-1,6,1,21,5,2287,2,-1,IVECO DAILY,1,E01021005,0,1
2025070829897,2025,070829897,1,19,0,-1,5,7,3,-1,9,0,0,2,0,1,1,1,-1,1,1,44,7,2287,2,-1,IVECO DAILY,2,E01010529,0,4
2025501710721,2025,501710721,2,19,0,-1,2,0,0,-1,0,0,0,0,0,0,1,1,-1,6,-1,-1,-1,2287,2,-1,IVECO DAILY,-1,-1,0,-1
2025610030825,2025,610030825,2,19,0,3,3,6,2,0,0,0,0,0,0,0,1,1,6,6,3,-1,-1,2287,2,-1,IVECO DAILY,-1,-1,0,-1
2025010558158,2025,010558158,1,9,0,99,99,9,9,99,99,9,9,99,9,99,9,9,2,2,1,45,7,1590,1,-1,MITSUBISHI ASX,4,E01023333,0,3
2025010592344,2025,010592344,3,9,0,-1,3,1,5,-1,0,0,1,0,0,0,2,1,-1,6,1,39,7,1968,2,-1,VOLKSWAGEN PASSAT,5,E01016492,0,1
2025430554787,2025,430554787,1,9,0,-1,3,7,3,-1,0,0,0,0,0,0,2,1,-1,9,1,34,6,1968,2,-1,VOLKSWAGEN PASSAT,5,E01020157,0,5
2025991678825,2025,991678825,1,9,0,-1,19,1,5,-1,0,1,0,0,0,0,1,1,-1,9,1,54,8,1598,2,-1,VOLKSWAGEN PASSAT,5,-1,0,2
2025991544730,2025,991544730,2,9,0,-1,19,5,1,-1,0,1,0,0,1,0,1,1,-1,2,1,35,6,1968,2,-1,VOLKSWAGEN PASSAT,2,-1,0,2
2025340NN5252,2025,340NN5252,1,9,0,-1,19,7,3,-1,0,0,0,0,0,0,1,1,-1,6,1,46,8,1968,2,-1,VOLKSWAGEN PASSAT,7,E01035396,0,1
2025440086423,2025,440086423,2,9,0,18,19,7,3,0,0,0,0,0,0,0,2,1,2,2,1,24,5,1896,2,-1,VOLKSWAGEN PASSAT,1,E01009406,0,5
2025061615624,2025,061615624,1,9,0,-1,19,7,3,-1,0,0,0,0,0,0,1,1,-1,6,1,35,6,1968,2,-1,VOLKSWAGEN PASSAT,6,E01005537,0,1
2025201541866,2025,201541866,3,9,0,-1,19,8,2,-1,0,0,0,0,0,0,2,1,-1,6,1,21,5,1968,2,-1,VOLKSWAGEN PASSAT,4,E01032529,0,1
2025991555779,2025,991555779,5,9,0,-1,19,1,5,-1,0,0,0,0,0,0,1,1,-1,9,1,30,6,1968,2,-1,VOLKSWAGEN PASSAT,9,-1,0,4
2025361544528,2025,361544528,3,9,0,-1,4,7,3,-1,0,0,0,0,0,0,2,1,-1,2,1,31,6,1896,2,-1,VOLKSWAGEN PASSAT,1,E01026624,0,3
2025351667347,2025,351667347,2,9,0,-1,4,1,5,-1,0,0,0,0,0,0,2,1,-1,9,1,46,8,1968,2,-1,VOLKSWAGEN PASSAT,5,E01035626,0,5
2025501575134,2025,501575134,2,9,0,-1,19,5,1,-1,0,0,0,0,0,0,3,9,-1,2,1,23,5,1968,2,-1,VOLKSWAGEN PASSAT,4,E01018905,0,3
2025201653387,2025,201653387,1,9,0,-1,19,1,5,-1,0,0,1,2,0,0,1,1,-1,9,1,51,8,1896,2,-1,VOLKSWAGEN PASSAT,3,E01013350,0,5
2025430152004,2025,430152004,1,9,0,9,9,1,7,0,0,1,0,0,0,0,1,1,6,6,3,-1,-1,1896,2,-1,VOLKSWAGEN PASSAT,9,E01035269,0,1
2025201548849,2025,201548849,3,9,0,-1,2,0,0,-1,9,0,0,0,0,0,1,1,-1,6,3,-1,-1,2925,2,-1,MERCEDES GLS CLASS,-1,-1,0,-1
2025471577431,2025,471577431,1,4,0,-1,19,6,2,-1,0,1,0,0,0,0,3,1,-1,9,1,25,5,349,1,-1,MAKE AND MODEL REDACTED,7,E01021053,0,2
2025430544153,2025,430544153,2,3,0,-1,19,2,6,-1,0,0,0,0,7,0,1,1,-1,9,1,17,4,124,1,-1,APRILIA TUONO,2,E01028569,0,1
2025010559272,2025,010559272,2,3,0,18,19,1,5,0,0,8,2,0,0,0,2,1,6,6,2,25,5,125,1,-1,KTM 125 DUKE,4,E01016462,0,3
2025340WN6942,2025,340WN6942,2,9,0,-1,3,1,5,-1,0,0,0,0,0,0,1,1,-1,1,1,48,8,1199,8,-1,RENAULT AUSTRAL,10,E01014963,0,5
2025421652061,2025,421652061,2,9,0,-1,19,6,2,-1,0,8,0,0,0,0,1,1,-1,9,1,46,8,1086,1,-1,KIA PICANTO,8,E01021405,0,2
2025991711536,2025,991711536,2,9,0,-1,4,7,3,-1,0,0,0,0,0,0,1,1,-1,9,3,-1,-1,998,1,-1,KIA PICANTO,-1,-1,0,-1
2025421552143,2025,421552143,1,9,0,-1,19,2,6,-1,0,0,0,4,0,0,1,1,-1,9,1,20,4,998,1,-1,KIA PICANTO,10,E01022691,0,5
2025041556953,2025,041556953,1,9,0,-1,19,1,5,-1,9,8,0,0,1,2,1,1,-1,9,2,27,6,998,1,-1,KIA PICANTO,4,E01012701,0,1
2025332500553,2025,332500553,1,9,0,-1,5,3,7,-1,0,2,0,0,0,0,1,1,-1,9,1,82,11,1248,1,-1,KIA PICANTO,10,E01025695,0,1
2025471614685,2025,471614685,1,9,0,-1,19,6,2,-1,0,2,0,0,0,0,1,1,-1,2,2,64,9,1248,1,-1,KIA PICANTO,6,E01031376,0,3
2025010605511,2025,010605511,1,9,0,-1,14,1,5,-1,-1,-1,-1,0,-1,-1,1,1,-1,6,1,24,5,999,1,-1,KIA PICANTO,3,E01003024,0,2
2025622500614,2025,622500614,1,9,0,18,19,2,6,0,0,0,0,0,0,0,1,1,5,6,1,83,11,1086,1,-1,KIA PICANTO,9,W01000807,0,1
2025401670996,2025,401670996,1,9,0,-1,19,5,2,-1,0,0,0,0,0,0,1,1,-1,9,2,53,8,1796,1,-1,MERCEDES CLC CLASS,1,E01013165,0,5
2025101609918,2025,101609918,1,9,0,-1,19,5,1,-1,0,0,0,0,0,0,1,1,-1,2,1,36,7,1796,1,-1,MERCEDES CLC CLASS,10,E01012299,0,4
2025421557432,2025,421557432,2,9,0,-1,3,5,5,-1,0,0,0,4,0,0,2,1,-1,9,2,27,6,1598,1,-1,SEAT IBIZA,5,E01021809,0,1
2025010582226,2025,010582226,1,9,0,-1,19,3,7,-1,0,0,0,0,0,0,2,1,-1,6,2,24,5,1390,1,-1,SEAT IBIZA,2,E01001560,0,4
2025010572471,2025,010572471,1,9,0,-1,9,7,4,-1,0,8,0,0,0,0,1,1,-1,2,1,24,5,1390,1,-1,SEAT IBIZA,5,E01003766,0,3
2025430254891,2025,430254891,1,9,0,18,19,3,7,0,0,0,1,2,1,1,4,1,6,6,1,28,6,1598,1,-1,SEAT IBIZA,8,E01016711,0,1
2025010568715,2025,010568715,2,9,0,99,99,9,9,99,99,9,9,99,9,99,1,9,6,6,1,48,8,999,1,-1,SEAT IBIZA,3,E01000128,0,2
2025622500238,2025,622500238,1,9,0,18,19,2,6,0,0,0,1,0,0,0,1,1,5,6,1,19,4,1199,2,-1,SEAT IBIZA,2,W01000790,0,4
2025201670750,2025,201670750,2,9,0,-1,19,2,6,-1,0,0,0,0,0,0,3,1,-1,2,1,34,6,1390,1,-1,SEAT IBIZA,2,E01010279,0,3
2025201615299,2025,201615299,2,9,0,-1,19,3,7,-1,0,0,0,0,0,0,2,1,-1,6,1,25,5,1390,1,-1,SEAT IBIZA,1,E01010277,0,3
2025131539532,2025,131539532,1,9,0,-1,9,5,3,-1,0,1,0,0,0,0,1,1,-1,9,2,77,11,998,1,-1,SUZUKI CELERIO,3,E01011804,0,1
2025010570300,2025,010570300,1,9,0,-1,5,3,7,-1,0,2,0,0,0,0,3,1,-1,-1,1,44,7,1586,1,-1,SUZUKI SWIFT,3,E01003326,0,1
2025991563614,2025,991563614,1,9,0,-1,19,8,4,-1,0,8,0,0,0,0,1,2,-1,6,1,78,11,1490,1,-1,SUZUKI SWIFT,2,-1,0,1
2025451630532,2025,451630532,2,9,0,-1,19,3,7,-1,0,0,0,0,0,0,1,1,-1,9,2,20,4,1242,1,-1,SUZUKI SWIFT,6,E01021145,0,4
2025430333505,2025,430333505,2,9,0,-1,19,8,4,-1,0,1,0,0,0,0,1,1,-1,6,1,-1,-1,998,1,-1,SUZUKI SWIFT,-1,-1,0,-1
2025430526381,2025,430526381,1,9,0,-1,-1,5,8,-1,0,0,1,0,0,0,1,1,-1,6,1,25,5,2480,1,-1,AUDI RS3,4,E01016447,0,2
2025430526381,2025,430526381,4,9,0,-1,3,5,8,-1,0,0,0,0,0,0,2,1,-1,6,1,32,6,2480,1,-1,AUDI RS3,3,E01016501,0,2
2025010556122,2025,010556122,1,11,0,-1,5,5,1,-1,0,0,0,0,0,0,0,1,-1,1,1,52,8,-1,3,-1,BYD ENVIRO,10,E01030415,0,2
2025610033125,2025,610033125,3,19,0,18,19,2,6,0,0,1,0,2,0,0,1,1,1,1,1,-1,-1,2200,2,-1,PEUGEOT BOXER,5,W01001412,0,2
2025411656533,2025,411656533,1,19,0,-1,3,1,5,-1,0,0,0,0,0,0,2,1,-1,1,2,33,6,-1,-1,-1,PEUGEOT BOXER,3,E01016738,0,4
2025010566263,2025,010566263,1,9,0,-1,19,5,1,-1,0,0,0,0,0,0,1,2,-1,1,1,17,4,998,1,-1,TOYOTA IQ,-1,-1,0,-1
2025141589983,2025,141589983,2,4,0,-1,14,2,6,-1,0,1,0,0,0,0,1,1,-1,6,1,65,9,290,1,-1,MAKE AND MODEL REDACTED,6,E01008153,0,1
2025101544711,2025,101544711,1,4,0,-1,19,1,5,-1,0,6,0,0,0,0,1,1,-1,9,1,69,10,124,1,-1,SUZUKI RV 125,-1,-1,0,-1
2025361583356,2025,361583356,1,9,0,-1,19,7,3,-1,0,2,0,9,1,4,1,1,-1,6,1,23,5,1984,1,-1,VOLKSWAGEN SCIROCCO,6,E01026637,0,2
2025141662076,2025,141662076,1,9,0,-1,9,6,4,-1,0,1,0,0,0,0,1,1,-1,6,1,25,5,1390,1,-1,VOLKSWAGEN SCIROCCO,7,E01007683,0,1
2025340WN3912,2025,340WN3912,1,19,0,-1,4,1,5,-1,0,1,0,0,0,0,1,1,-1,9,1,24,5,1968,2,-1,MAN TGE,4,E01032981,0,1
2025071013339,2025,071013339,1,19,9,-1,1,8,5,-1,0,1,0,99,9,0,9,9,-1,6,1,-1,-1,1968,2,-1,MAN TGE,-1,-1,0,-1
2025991574188,2025,991574188,1,9,0,-1,19,7,3,-1,0,0,0,0,0,0,1,1,-1,9,2,34,6,1984,1,-1,AUDI TT,7,-1,0,3
2025451681095,2025,451681095,2,19,0,-1,3,5,1,-1,0,0,0,0,0,0,2,1,-1,2,1,45,7,1360,1,-1,CITROEN NEMO,9,E01035344,0,3
2025552500085,2025,552500085,1,9,0,9,9,7,5,0,0,6,0,0,0,0,3,1,5,6,1,67,10,1560,2,-1,CITROEN XSARA,3,E01015439,0,1
2025461562202,2025,461562202,2,9,0,-1,3,3,7,-1,0,0,0,0,0,0,2,9,-1,6,1,43,7,1582,2,-1,KIA PRO CEED,-1,-1,0,-1
2025041605556,2025,041605556,2,9,0,-1,4,5,1,-1,0,1,0,0,0,0,2,1,-1,9,2,30,6,1582,2,-1,KIA PRO CEED,1,E01025083,0,1
2025991605389,2025,991605389,3,9,0,-1,3,8,4,-1,0,0,0,0,0,0,1,1,-1,9,2,32,6,1598,2,-1,KIA PRO CEED,7,-1,0,1
2025052501970,2025,052501970,2,9,0,18,19,7,3,0,0,1,0,0,0,0,1,1,5,6,1,39,7,-1,3,-1,BMW I5,2,E01006415,0,1
2025141553201,2025,141553201,1,9,0,-1,3,1,5,-1,0,1,0,0,0,0,1,1,-1,6,1,66,10,-1,3,-1,BMW I5,2,E01007482,0,1
2025010573942,2025,010573942,2,9,0,-1,99,9,9,-1,99,9,9,99,9,99,9,9,-1,6,3,-1,-1,2493,8,-1,LEXUS IS 300,-1,-1,0,-1
2025010568693,2025,010568693,1,9,0,-1,99,9,9,-1,99,9,9,99,9,99,1,9,-1,-1,1,61,9,2597,1,-1,MERCEDES CLK CLASS,10,E01004087,0,1
2025010611601,2025,010611601,1,9,0,-1,19,3,7,-1,0,0,0,0,0,0,1,1,-1,9,2,44,7,-1,3,-1,MERCEDES EQA CLASS,-1,-1,0,-1
2025531606141,2025,531606141,2,9,0,-1,2,0,0,-1,0,0,0,0,0,0,2,1,-1,9,2,39,7,1498,1,-1,MG 3,8,E01035255,0,4
2025451634577,2025,451634577,1,9,0,-1,19,6,2,-1,1,2,0,2,8,11,1,1,-1,9,1,80,11,-1,3,-1,BMW I3,9,E01030306,0,1
2025010599218,2025,010599218,1,3,0,-1,19,5,1,-1,0,0,0,0,0,0,1,1,-1,1,1,35,6,125,1,-1,HONDA NSS,-1,-1,0,-1
2025522500355,2025,522500355,2,9,0,-1,19,7,3,-1,0,1,0,0,0,0,1,1,-1,6,1,44,7,1950,2,-1,MERCEDES E CLASS,4,E01014622,0,1
2025201653387,2025,201653387,3,9,0,-1,19,1,5,-1,0,0,1,2,0,0,2,1,-1,9,1,24,5,2143,2,-1,MERCEDES E CLASS,2,E01010335,0,1
2025361645939,2025,361645939,1,9,0,-1,19,4,2,-1,0,0,0,2,0,0,1,1,-1,6,1,82,11,2143,2,-1,MERCEDES E CLASS,4,E01026522,0,1
2025010579866,2025,010579866,1,9,0,-1,11,1,5,-1,0,1,0,0,0,0,4,1,-1,9,1,61,9,1999,8,-1,MERCEDES E CLASS,10,E01030892,0,4
2025461654718,2025,461654718,2,9,0,-1,19,1,5,-1,0,0,0,0,0,0,2,1,-1,1,1,41,7,1995,2,-1,BMW 2 SERIES,4,E01024284,0,4
2025461603460,2025,461603460,1,9,0,-1,19,3,7,-1,0,0,0,0,0,0,4,1,-1,1,2,35,6,1998,1,-1,BMW 2 SERIES,4,E01024541,0,4
2025991676932,2025,991676932,2,9,0,-1,3,8,4,-1,0,0,0,0,0,0,2,1,-1,6,2,32,6,1499,1,-1,BMW 2 SERIES,4,-1,0,1
2025211539040,2025,211539040,2,9,0,-1,3,0,0,-1,0,0,0,0,0,0,2,1,-1,6,2,32,6,1998,1,-1,BMW 2 SERIES,-1,-1,0,-1
2025501546463,2025,501546463,2,9,0,-1,11,1,5,-1,0,0,0,0,0,0,2,1,-1,6,1,80,11,1499,8,-1,BMW 2 SERIES,9,E01032400,0,5
2025010583591,2025,010583591,1,9,0,-1,19,7,3,-1,0,6,0,0,0,0,1,1,-1,6,1,50,8,1995,2,-1,BMW 2 SERIES,2,E01004615,0,2
2025340WN6942,2025,340WN6942,3,9,0,-1,3,1,5,-1,0,0,0,0,0,0,1,1,-1,2,2,75,10,1998,1,-1,BMW 2 SERIES,7,E01014712,0,5
202517H102825,2025,17H102825,2,19,0,-1,11,6,2,-1,0,0,0,0,0,0,4,1,-1,2,1,55,8,1499,2,-1,FORD TRANSIT COURIER,8,E01011965,0,2
2025461589570,2025,461589570,3,19,0,-1,19,2,4,-1,0,0,0,0,0,0,2,1,-1,2,1,24,5,1499,2,-1,FORD TRANSIT COURIER,6,E01024540,0,3
2025122500228,2025,122500228,1,19,0,7,7,1,7,0,0,8,5,0,1,1,1,1,1,1,1,50,8,1499,2,-1,FORD TRANSIT COURIER,4,E01012118,0,4
2025471556204,2025,471556204,5,19,0,-1,3,1,5,-1,0,0,0,11,0,0,1,1,-1,1,1,25,5,998,1,-1,FORD TRANSIT COURIER,4,E01001336,0,4
2025010564180,2025,010564180,1,3,0,-1,3,5,1,-1,0,2,0,4,0,0,2,1,-1,6,1,23,5,108,1,-1,HONDA NSC,4,E01002130,0,1
2025010568818,2025,010568818,2,3,0,-1,3,5,1,-1,0,8,0,0,0,0,2,1,-1,6,1,36,7,108,1,-1,HONDA NSC,9,E01003652,0,3
2025440184037,2025,440184037,1,3,0,13,13,7,3,0,0,0,0,0,0,0,1,1,5,6,1,65,9,108,1,-1,HONDA NSC,3,E01017325,0,1
2025451564640,2025,451564640,1,3,0,-1,19,1,5,-1,0,0,0,0,5,0,1,1,-1,2,1,17,4,108,1,-1,HONDA NSC,9,E01031655,0,3
2025501551774,2025,501551774,2,2,0,-1,13,1,5,-1,0,1,0,0,0,0,4,1,-1,2,1,20,4,110,1,-1,HONDA NSC,5,E01020083,0,4
2025010599218,2025,010599218,2,3,0,-1,19,5,1,-1,0,0,0,0,0,0,0,1,-1,1,1,23,5,110,1,-1,HONDA NSC,-1,-1,0,-1
2025430489625,2025,430489625,1,9,0,5,5,3,7,0,0,0,0,0,0,0,3,1,6,6,1,47,8,1997,2,-1,FORD GALAXY,10,E01028661,0,1
2025231624581,2025,231624581,1,9,0,-1,19,6,2,-1,0,0,0,0,0,0,4,1,-1,1,1,39,7,2179,2,-1,FORD GALAXY,4,E01009625,0,2
2025010614890,2025,010614890,1,8,0,-1,19,5,1,-1,0,0,0,0,0,0,4,1,-1,2,1,56,9,1997,2,-1,FORD GALAXY,4,E01030740,0,3
2025440266375,2025,440266375,1,9,0,9,9,6,4,0,0,5,0,0,0,0,4,1,5,6,1,64,9,1997,2,-1,FORD GALAXY,9,E01022982,0,2
2025411574744,2025,411574744,3,9,0,-1,19,3,7,-1,0,0,0,0,0,0,2,1,-1,6,1,48,8,1997,2,-1,FORD GALAXY,4,E01004358,0,3
2025531545570,2025,531545570,2,19,0,-1,19,5,1,-1,0,0,0,0,0,0,2,1,-1,6,1,22,5,1968,2,-1,VOLKSWAGEN CADDY,9,E01029682,0,5
2025302502012,2025,302502012,2,19,0,-1,2,0,0,-1,0,1,0,0,0,0,2,1,-1,6,3,-1,-1,1968,2,-1,VOLKSWAGEN CADDY,-1,-1,0,-1
2025010593116,2025,010593116,1,9,0,-1,1,1,4,-1,9,6,1,0,1,2,2,1,-1,9,1,75,10,1896,2,-1,VOLKSWAGEN CADDY,2,E01002091,0,1
2025131574349,2025,131574349,1,19,0,-1,4,3,7,-1,0,0,0,0,0,0,1,1,-1,6,3,-1,-1,1968,2,-1,VOLKSWAGEN CADDY,-1,-1,0,-1
2025010582465,2025,010582465,2,9,0,-1,11,3,7,-1,-1,-1,-1,0,1,-1,2,1,-1,6,3,24,5,3980,1,-1,MAKE AND MODEL REDACTED,-1,-1,0,-1
2025201665715,2025,201665715,2,9,0,-1,5,4,7,-1,0,1,0,0,0,0,1,1,-1,6,1,67,10,2497,1,-1,PORSCHE 718,-1,-1,0,-1
2025501643578,2025,501643578,3,9,0,-1,19,1,5,-1,0,0,0,0,0,0,2,1,-1,9,1,60,9,1988,1,-1,PORSCHE 718,9,E01009860,0,5
2025440458298,2025,440458298,2,19,0,-1,4,6,2,-1,0,0,0,0,0,0,2,1,-1,2,1,54,8,1461,2,-1,RENAULT KANGOO,4,E01017251,0,2
2025010571426,2025,010571426,2,19,0,-1,2,0,0,-1,0,8,0,0,0,0,2,1,-1,6,3,-1,-1,1461,2,-1,RENAULT KANGOO,-1,-1,0,-1
2025991648573,2025,991648573,2,19,0,-1,5,1,5,-1,0,0,0,0,0,0,0,1,-1,1,1,66,10,1461,2,-1,RENAULT KANGOO,5,-1,0,3
2025461555578,2025,461555578,2,9,0,-1,2,0,0,-1,0,0,0,4,0,0,2,1,-1,9,1,45,7,2191,2,-1,MAZDA CX-5,3,E01016043,0,4
2025991553203,2025,991553203,1,9,0,-1,19,3,7,-1,0,2,0,0,0,0,4,1,-1,1,2,45,7,1998,1,-1,MAZDA CX-5,1,-1,0,1
2025421597498,2025,421597498,1,9,0,-1,9,4,2,-1,0,6,0,0,0,0,1,1,-1,9,1,63,9,1998,1,-1,MAZDA CX-5,9,E01015970,0,1
2025471671088,2025,471671088,2,9,0,-1,19,4,8,-1,0,1,0,0,0,0,1,1,-1,9,2,47,8,2191,2,-1,MAZDA CX-5,7,E01021165,0,3
2025461603460,2025,461603460,2,9,0,-1,4,3,7,-1,0,0,0,0,0,0,2,1,-1,2,1,57,9,2191,2,-1,MAZDA CX-5,6,E01024806,0,1
2025201555354,2025,201555354,2,9,0,-1,19,2,6,-1,0,0,0,0,0,0,2,1,-1,6,2,53,8,1498,1,-1,SKODA KAROQ,4,E01008971,0,2
2025201648961,2025,201648961,1,8,0,-1,19,6,3,-1,0,0,0,0,0,0,1,1,-1,6,1,47,8,1797,8,-1,TOYOTA PRIUS,1,E01008966,0,2
2025451677552,2025,451677552,2,9,0,-1,3,7,3,-1,0,0,0,0,0,0,2,1,-1,9,1,44,7,1798,8,-1,TOYOTA PRIUS,6,E01004086,0,4
2025010561027,2025,010561027,1,9,0,-1,3,5,1,-1,0,0,0,0,0,0,2,1,-1,1,1,38,7,1798,8,-1,TOYOTA PRIUS,3,E01003374,0,4
2025430456031,2025,430456031,2,8,0,12,12,3,7,0,0,2,0,0,0,0,2,1,1,1,1,40,7,1797,8,-1,TOYOTA PRIUS,4,E01028546,0,1
2025010613010,2025,010613010,1,8,0,-1,19,1,5,-1,-1,5,-1,0,-1,-1,1,1,-1,6,3,-1,-1,1798,8,-1,TOYOTA PRIUS,-1,-1,0,-1
2025041666839,2025,041666839,2,9,0,-1,19,3,3,-1,0,1,0,0,0,0,4,1,-1,6,1,66,10,1797,8,-1,TOYOTA PRIUS,1,E01034336,0,2
2025070803991,2025,070803991,1,8,0,-1,19,3,7,-1,0,8,0,0,0,0,1,1,-1,1,1,43,7,1798,8,-1,TOYOTA PRIUS,1,E01005288,0,4
2025430335776,2025,430335776,1,8,0,18,19,4,8,0,0,1,0,0,0,0,1,1,1,1,1,78,11,1798,8,-1,TOYOTA PRIUS,-1,-1,0,-1
2025010594758,2025,010594758,2,9,0,-1,9,5,3,-1,0,6,0,0,0,0,1,1,-1,9,1,52,8,1797,8,-1,TOYOTA PRIUS,1,E01010813,0,5
2025131618922,2025,131618922,1,9,0,-1,19,1,5,-1,0,0,0,0,0,0,3,1,-1,9,1,48,8,1798,8,-1,TOYOTA PRIUS,3,E01010629,0,3
2025010551809,2025,010551809,1,9,0,9,9,3,1,0,0,8,0,0,0,0,4,1,1,1,1,39,7,1798,8,-1,TOYOTA PRIUS,3,E01003988,0,2
2025010583591,2025,010583591,3,8,0,-1,3,7,3,-1,0,6,0,0,0,0,2,1,-1,1,1,28,6,1798,8,-1,TOYOTA PRIUS,-1,-1,0,-1
2025010560717,2025,010560717,2,9,0,-1,99,9,9,-1,99,9,9,99,9,99,1,9,-1,6,3,-1,-1,1797,8,-1,TOYOTA PRIUS,-1,-1,0,-1
2025010570250,2025,010570250,1,9,0,99,99,9,9,99,99,0,9,99,9,99,2,9,1,1,1,36,7,1797,8,-1,TOYOTA PRIUS,4,E01004329,0,2
2025041605556,2025,041605556,1,9,0,-1,19,5,1,-1,0,1,0,0,0,0,1,1,-1,6,1,53,8,1798,8,-1,TOYOTA PRIUS,4,E01025431,0,4
2025122501430,2025,122501430,1,8,0,18,19,4,8,0,0,0,0,7,0,0,1,1,1,1,1,50,8,1797,8,-1,TOYOTA PRIUS,1,E01011467,0,4
2025010555576,2025,010555576,1,9,0,-1,3,3,7,-1,0,0,0,0,1,0,2,1,-1,7,1,42,7,1797,8,-1,TOYOTA PRIUS,3,E01002634,0,1
2025471574425,2025,471574425,1,9,0,-1,19,3,6,-1,0,1,0,0,0,0,1,1,-1,1,1,44,7,1797,8,-1,TOYOTA PRIUS,7,E01016859,0,1
2025501576772,2025,501576772,1,5,0,-1,19,5,1,-1,0,0,1,0,0,0,4,1,-1,6,1,28,6,745,1,-1,HONDA NC750,3,E01015060,0,1
2025451539185,2025,451539185,2,5,0,-1,13,1,5,-1,0,0,1,0,5,0,4,1,-1,1,1,54,8,745,1,-1,HONDA NC750,7,E01023131,0,3
2025131583905,2025,131583905,1,9,0,-1,9,1,7,-1,0,5,0,0,0,0,4,1,-1,6,2,40,7,1199,8,-1,PEUGEOT 3008,10,E01034976,0,3
2025131644653,2025,131644653,1,9,0,-1,11,1,5,-1,0,0,2,0,0,0,1,1,-1,6,1,60,9,1600,8,-1,PEUGEOT 3008,3,E01008865,0,5
2025231598890,2025,231598890,1,9,0,-1,5,4,8,-1,0,0,0,0,0,0,1,1,-1,6,1,68,10,1199,1,-1,PEUGEOT 3008,7,E01031029,0,1
2025041576867,2025,041576867,1,9,0,-1,19,4,8,-1,9,0,0,0,0,0,4,1,-1,9,2,34,6,1500,2,-1,PEUGEOT 3008,9,E01025455,0,1
2025052500361,2025,052500361,2,9,0,3,3,1,5,0,0,0,0,0,0,0,2,1,5,6,2,55,8,-1,3,-1,PEUGEOT 3008,5,E01006475,0,1
2025201607941,2025,201607941,2,9,0,-1,19,7,3,-1,0,0,0,0,0,0,2,1,-1,9,2,36,7,1199,1,-1,PEUGEOT 3008,4,E01009012,0,1
2025361640966,2025,361640966,2,9,0,-1,4,5,5,-1,0,0,0,0,0,0,2,1,-1,9,1,68,10,1199,8,-1,PEUGEOT 3008,-1,-1,0,-1
2025461654261,2025,461654261,2,9,0,-1,19,6,2,-1,0,0,0,0,0,0,1,1,-1,9,1,54,8,2360,1,-1,TOYOTA MODEL MISSING,7,E01024675,0,1
2025201602971,2025,201602971,1,9,0,-1,19,5,1,-1,0,0,0,4,0,0,1,1,-1,6,-1,30,6,2401,2,-1,VOLVO S60,-1,-1,0,-1
2025311674825,2025,311674825,1,9,0,-1,19,5,1,-1,0,0,0,0,0,0,1,1,-1,6,1,44,7,1969,2,-1,VOLVO S60,7,E01028007,0,1
2025052501658,2025,052501658,2,9,0,17,19,7,3,0,0,8,0,0,0,0,4,1,2,2,1,34,6,2401,2,-1,VOLVO S60,1,E01006903,0,2
2025201615260,2025,201615260,1,9,0,-1,19,2,6,-1,0,0,0,0,0,0,4,1,-1,6,1,32,6,1969,1,-1,VOLVO S60,6,E01032530,0,1
2025131648236,2025,131648236,1,9,0,-1,5,3,7,-1,0,1,0,0,0,0,1,1,-1,9,1,82,11,602,1,-1,MAKE AND MODEL REDACTED,8,E01011643,0,2
2025531542649,2025,531542649,2,9,0,-1,3,3,7,-1,0,4,0,0,0,0,2,1,-1,9,1,76,11,1499,1,-1,MINI COOPER,7,E01022376,0,3
2025610033125,2025,610033125,1,9,0,3,3,2,6,0,0,1,0,2,0,0,2,1,1,1,2,28,6,1598,1,-1,MINI COOPER,2,W01001532,0,2
2025122501165,2025,122501165,3,9,0,3,3,1,5,0,0,0,0,0,0,0,2,1,5,6,2,67,10,1598,1,-1,MINI COOPER,6,E01016280,0,5
2025041608933,2025,041608933,1,9,0,-1,19,1,7,-1,0,0,1,0,1,2,1,1,-1,9,1,24,5,1499,1,-1,MINI COOPER,10,E01025126,0,1
2025991589688,2025,991589688,1,9,0,-1,19,1,5,-1,0,0,0,2,0,0,4,1,-1,6,1,85,11,1598,1,-1,MINI COOPER,10,-1,0,2
2025122500294,2025,122500294,2,9,0,3,3,8,4,0,0,0,0,0,0,0,2,1,2,2,2,33,6,1598,1,-1,MINI COOPER,6,E01011704,0,2
2025991574188,2025,991574188,2,9,0,-1,3,7,3,-1,0,0,0,0,0,0,2,1,-1,9,2,63,9,1496,2,-1,MINI COOPER,6,-1,0,5
2025451677663,2025,451677663,1,9,0,-1,19,8,4,-1,0,1,0,4,0,0,1,1,-1,6,2,54,8,1499,1,-1,MINI COOPER,9,E01030940,0,1
2025440239411,2025,440239411,1,9,0,18,19,5,1,0,0,0,0,0,7,4,1,1,5,6,1,29,6,1598,1,-1,MINI COOPER,6,E01034732,0,3
2025501660824,2025,501660824,2,9,0,-1,19,7,3,-1,0,0,0,0,0,0,2,9,-1,6,2,65,9,1499,1,-1,MINI COOPER,7,E01019058,0,1
2025421557432,2025,421557432,1,9,0,-1,14,1,5,-1,0,0,0,4,0,0,1,1,-1,9,2,71,10,1499,1,-1,MINI COOPER,10,E01021781,0,1
2025421550839,2025,421550839,1,9,0,-1,9,5,1,-1,0,6,0,0,0,0,1,1,-1,2,2,45,7,1499,1,-1,MINI COOPER,3,E01022007,0,1
2025361655820,2025,361655820,1,9,0,-1,9,2,2,-1,0,4,0,0,0,0,4,1,-1,6,2,23,5,1560,2,-1,MINI COOPER,9,E01026581,0,2
2025501588175,2025,501588175,1,9,0,-1,19,5,2,-1,0,0,0,0,0,0,1,1,-1,1,1,20,4,1998,1,-1,MINI COOPER,9,E01020316,0,2
2025010609754,2025,010609754,1,9,0,-1,19,1,5,-1,9,-1,-1,10,7,-1,1,1,-1,6,1,23,5,998,1,-1,CITROEN C1,5,E01002237,0,1
2025201655929,2025,201655929,2,9,0,-1,19,1,5,-1,0,0,0,0,0,0,2,1,-1,6,1,-1,-1,998,1,-1,CITROEN C1,-1,-1,0,-1
2025361654593,2025,361654593,1,9,0,-1,19,5,3,-1,0,0,0,0,0,0,1,1,-1,2,1,60,9,1200,1,-1,CITROEN C1,5,E01026591,0,3
2025340WN0192,2025,340WN0192,2,9,0,-1,12,1,5,-1,0,1,0,0,0,0,3,1,-1,9,2,36,7,1200,1,-1,DS DS3,4,E01032976,0,2
2025501643578,2025,501643578,1,9,0,-1,19,1,5,-1,0,0,0,0,1,0,1,1,-1,6,2,64,9,1796,1,-1,VAUXHALL ZAFIRA,7,E01020258,0,4
2025010581351,2025,010581351,1,9,0,-1,4,7,3,-1,0,0,0,0,0,0,0,1,-1,6,2,53,8,1598,1,-1,VAUXHALL ZAFIRA,3,E01015923,0,3
2025122501259,2025,122501259,1,9,0,5,5,1,7,0,0,6,0,0,0,0,3,1,5,6,1,23,5,1686,2,-1,VAUXHALL ZAFIRA,5,E01013382,0,4
2025041540512,2025,041540512,1,9,0,-1,19,1,5,-1,0,0,0,0,0,0,4,1,-1,6,1,79,11,1364,1,-1,VAUXHALL ZAFIRA,2,E01025310,0,2
2025010568887,2025,010568887,3,9,0,3,3,7,3,0,0,0,0,0,0,0,0,1,1,1,1,51,8,1364,1,-1,VAUXHALL ZAFIRA,-1,-1,0,-1
2025451677552,2025,451677552,3,9,0,-1,3,7,3,-1,0,0,0,0,0,0,2,1,-1,9,1,68,10,-1,3,-1,VOLKSWAGEN ID3,10,E01030480,0,3
2025041615895,2025,041615895,3,9,0,-1,19,1,5,-1,0,0,0,0,0,0,2,1,-1,9,2,49,8,-1,3,-1,CUPRA TAVASCAN V1 EV,7,E01025565,0,3
2025522600635,2025,522600635,1,3,0,-1,19,1,5,-1,0,0,0,0,0,0,1,1,-1,6,2,25,5,125,1,-1,HONDA ANC,1,E01033356,0,1
2025041645117,2025,041645117,1,9,0,-1,19,5,1,-1,0,1,0,0,0,0,1,1,-1,9,2,24,5,1332,1,-1,MERCEDES CLA CLASS,1,E01025229,0,1
2025010576288,2025,010576288,2,9,0,-1,99,9,9,-1,99,9,9,99,9,99,9,9,-1,6,2,-1,-1,1332,8,-1,MERCEDES CLA CLASS,-1,-1,0,-1
2025340NN4472,2025,340NN4472,2,9,0,-1,19,1,7,-1,0,3,1,0,1,2,4,1,-1,9,1,30,6,1332,8,-1,MERCEDES CLA CLASS,-1,-1,0,-1
2025471589467,2025,471589467,2,9,0,-1,19,6,2,-1,0,0,0,0,0,0,3,1,-1,2,2,30,6,1332,8,-1,MERCEDES CLA CLASS,7,E01024846,0,4
2025010561543,2025,010561543,2,9,0,3,3,5,1,0,0,0,0,0,0,0,2,1,5,6,2,23,5,1332,1,-1,MERCEDES CLA CLASS,5,E01003116,0,1
2025101554581,2025,101554581,1,9,0,-1,4,7,3,-1,0,0,0,0,0,0,1,1,-1,9,1,21,5,1595,1,-1,MERCEDES CLA CLASS,2,E01027530,0,4
2025631611926,2025,631611926,2,9,0,-1,4,3,7,-1,0,0,0,0,0,0,2,1,-1,2,2,44,7,1332,8,-1,MERCEDES CLA CLASS,8,W01000883,0,4
2025201547974,2025,201547974,1,9,0,-1,5,5,8,-1,0,1,0,0,1,0,1,2,-1,6,1,48,8,1332,1,-1,MERCEDES CLA CLASS,7,E01009039,0,2
2025411661869,2025,411661869,3,9,0,-1,3,8,4,-1,0,1,0,0,0,0,2,1,-1,6,1,39,7,2776,2,-1,MAKE AND MODEL REDACTED,8,E01017741,0,2
2025010583944,2025,010583944,2,5,0,-1,13,1,5,-1,0,0,0,0,0,0,1,1,-1,6,1,49,8,1690,1,-1,MAKE AND MODEL REDACTED,7,E01000909,0,1
2025531564857,2025,531564857,2,9,0,-1,19,5,1,-1,0,0,0,0,0,0,1,1,-1,9,2,26,6,2926,2,-1,LAND ROVER RANGE ROVER,7,E01034801,0,2
2025010557515,2025,010557515,2,9,0,-1,5,5,1,-1,-1,-1,-1,0,-1,-1,1,1,-1,6,3,-1,-1,1798,8,-1,LEXUS CT 200,-1,-1,0,-1
2025010561027,2025,010561027,2,9,0,-1,4,5,1,-1,0,0,0,4,0,0,2,1,-1,-1,1,43,7,1791,8,-1,LEXUS CT 200,6,E01003227,0,4
2025401651278,2025,401651278,2,9,0,-1,4,1,5,-1,0,0,0,0,0,0,2,1,-1,6,1,45,7,999,1,-1,SEAT ARONA,5,E01023782,0,4
2025461570580,2025,461570580,1,3,0,-1,19,4,8,-1,0,8,0,0,0,0,1,1,-1,6,1,33,6,124,1,-1,MAKE AND MODEL REDACTED,5,E01016065,0,1
2025351601357,2025,351601357,1,9,0,-1,9,3,3,-1,0,8,0,0,0,0,3,1,-1,6,1,26,6,1198,1,-1,SKODA FABIA,2,E01015594,0,1
2025411603604,2025,411603604,1,9,0,-1,19,2,6,-1,0,0,0,0,0,0,1,1,-1,6,2,22,5,1197,1,-1,SKODA FABIA,3,E01023302,0,2
2025451576003,2025,451576003,1,9,0,-1,19,1,6,-1,0,8,0,0,0,0,1,1,-1,6,1,67,10,1197,1,-1,SKODA FABIA,9,E01030942,0,1
2025471596086,2025,471596086,1,9,0,-1,19,5,1,-1,0,0,0,0,0,0,1,1,-1,2,2,26,6,1198,1,-1,SKODA FABIA,9,E01030536,0,3
2025501550126,2025,501550126,1,9,0,-1,12,7,3,-1,0,0,0,0,0,0,1,1,-1,2,1,20,4,1896,2,-1,SKODA FABIA,6,E01020231,0,3
2025131651600,2025,131651600,2,9,0,-1,9,7,3,-1,0,8,0,0,0,0,2,1,-1,1,1,61,9,1798,8,-1,SUZUKI SWACE,4,E01010603,0,3
2025501556110,2025,501556110,1,9,0,-1,7,3,7,-1,0,0,0,0,0,0,1,1,-1,9,2,55,8,1798,8,-1,SUZUKI SWACE,4,E01019037,0,4
2025401651278,2025,401651278,1,9,0,-1,4,1,5,-1,0,0,0,0,0,0,1,1,-1,6,1,23,5,1598,1,-1,VAUXHALL ASTRA,2,E01015802,0,3
2025540513125,2025,540513125,1,9,0,18,19,4,8,0,0,0,0,0,0,0,1,1,5,6,2,33,6,1796,1,-1,VAUXHALL ASTRA,8,E01031964,0,1
2025010615054,2025,010615054,1,9,0,-1,14,1,5,-1,-1,1,-1,0,-1,-1,1,1,-1,6,3,-1,-1,1796,1,-1,VAUXHALL ASTRA,-1,-1,0,-1
2025131651988,2025,131651988,4,9,0,-1,3,8,4,-1,0,8,0,0,0,0,2,1,-1,6,2,38,7,1398,1,-1,VAUXHALL ASTRA,4,E01011801,0,1
2025131651600,2025,131651600,1,9,0,-1,13,7,3,-1,0,8,0,0,0,0,1,1,-1,8,1,25,5,1199,1,-1,VAUXHALL ASTRA,1,E01011911,0,3
2025471538350,2025,471538350,1,9,0,-1,4,7,3,-1,0,0,0,0,0,0,1,1,-1,9,1,30,6,1364,1,-1,VAUXHALL ASTRA,7,E01031647,0,2
2025440031194,2025,440031194,1,9,0,3,3,4,8,0,0,0,0,0,0,0,2,1,6,6,2,33,6,1399,1,-1,VAUXHALL ASTRA,2,E01022900,0,4
2025010564764,2025,010564764,2,9,0,-1,99,9,9,-1,99,9,9,99,9,99,9,9,-1,6,3,-1,-1,1598,1,-1,VAUXHALL ASTRA,-1,-1,0,-1
2025991607287,2025,991607287,1,9,0,-1,19,8,4,-1,0,0,0,0,0,0,1,1,-1,2,1,26,6,1598,1,-1,VAUXHALL ASTRA,6,-1,0,3
2025161600840,2025,161600840,1,9,0,-1,4,3,7,-1,0,0,0,0,0,0,2,1,-1,9,1,38,7,1598,1,-1,VAUXHALL ASTRA,1,E01012915,0,1
2025231689280,2025,231689280,2,9,0,-1,19,4,8,-1,0,8,0,0,0,0,4,1,-1,9,2,41,7,1199,1,-1,VAUXHALL ASTRA,6,E01033058,0,4
2025010574035,2025,010574035,1,9,0,-1,19,1,5,-1,0,0,0,4,0,0,1,1,-1,-1,1,30,6,1364,1,-1,VAUXHALL ASTRA,1,E01013573,0,5
2025101603533,2025,101603533,2,9,0,-1,5,1,5,-1,0,3,1,10,7,0,4,1,-1,9,1,27,6,1364,1,-1,VAUXHALL ASTRA,1,E01008223,0,1
2025332500342,2025,332500342,2,9,0,-1,9,1,7,-1,0,6,0,0,7,0,1,1,-1,6,1,-1,-1,1598,1,-1,VAUXHALL ASTRA,-1,-1,0,-1
2025471649905,2025,471649905,5,9,0,-1,3,5,1,-1,0,1,0,0,0,0,1,1,-1,2,2,57,9,1598,1,-1,VAUXHALL ASTRA,3,E01020974,0,1
2025131605460,2025,131605460,1,9,0,-1,19,5,1,-1,0,0,0,0,0,0,1,1,-1,9,1,36,7,1598,2,-1,VAUXHALL ASTRA,1,E01009202,0,5
2025471632862,2025,471632862,1,9,0,-1,10,1,8,-1,0,6,0,0,1,0,1,1,-1,9,2,31,6,1598,2,-1,VAUXHALL ASTRA,7,E01021106,0,2
2025101554581,2025,101554581,3,9,0,-1,4,7,3,-1,0,0,0,0,0,0,2,1,-1,9,1,51,8,1398,1,-1,VAUXHALL ASTRA,1,E01008327,0,2
2025041661257,2025,041661257,1,9,0,-1,19,1,5,-1,0,0,0,0,0,0,1,1,-1,9,2,61,9,1686,2,-1,VAUXHALL ASTRA,1,E01012596,0,4
2025010554883,2025,010554883,2,9,0,99,99,9,9,99,99,9,9,99,9,99,9,9,6,6,3,-1,-1,1956,2,-1,VAUXHALL ASTRA,-1,-1,0,-1
2025010583591,2025,010583591,4,9,0,-1,3,7,3,-1,0,6,0,0,0,0,2,1,-1,9,1,32,6,1364,1,-1,VAUXHALL ASTRA,6,E01023344,0,4
2025991612736,2025,991612736,1,9,0,-1,3,1,5,-1,0,4,0,0,0,0,2,1,-1,2,2,46,8,1956,2,-1,VAUXHALL ASTRA,7,-1,0,1
2025101544711,2025,101544711,2,9,0,-1,5,7,3,-1,0,1,0,0,0,0,1,1,-1,6,2,28,6,1199,1,-1,VAUXHALL ASTRA,-1,-1,0,-1
2025501660824,2025,501660824,1,9,0,-1,19,7,3,-1,0,0,0,0,0,0,1,9,-1,6,1,30,6,1598,1,-1,VAUXHALL ASTRA,2,E01019053,0,2
2025231660123,2025,231660123,1,9,0,-1,4,6,2,-1,0,0,0,0,0,0,0,1,-1,1,2,19,4,1199,1,-1,VAUXHALL ASTRA,-1,-1,0,-1
2025231633813,2025,231633813,2,9,0,-1,19,7,3,-1,0,0,0,0,0,0,1,9,-1,9,1,59,9,1399,1,-1,VAUXHALL ASTRA,1,E01005466,0,5
2025010582844,2025,010582844,1,11,0,-1,19,1,5,-1,0,2,0,0,0,0,0,1,-1,1,1,54,8,-1,3,-1,WRIGHTBUS STREETDECK,-1,-1,0,-1
2025201583652,2025,201583652,1,5,0,-1,7,1,5,-1,0,3,0,0,0,0,1,1,-1,9,2,54,8,937,1,-1,MAKE AND MODEL REDACTED,-1,-1,0,-1
2025161558727,2025,161558727,4,9,0,-1,4,7,3,-1,0,0,0,0,0,0,2,1,-1,6,1,54,8,1580,8,-1,KIA NIRO,6,E01013095,0,4
2025461562139,2025,461562139,1,9,0,-1,19,7,3,-1,0,0,1,2,0,0,1,1,-1,6,1,22,5,1580,8,-1,KIA NIRO,10,E01024469,0,2
2025451554621,2025,451554621,3,9,0,-1,19,5,1,-1,0,0,0,0,0,0,4,1,-1,1,1,67,10,1580,8,-1,KIA NIRO,1,E01024682,0,5
2025430273855,2025,430273855,1,9,0,18,19,6,2,0,0,0,0,0,0,0,1,1,1,1,1,57,9,1580,8,-1,KIA NIRO,4,E01002645,0,3
2025351678020,2025,351678020,1,9,0,-1,9,5,3,-1,0,2,0,0,0,0,1,1,-1,2,1,67,10,-1,3,-1,KIA NIRO,7,E01018218,0,3
2025010561545,2025,010561545,2,19,0,-1,19,7,3,-1,0,0,0,0,0,0,1,1,-1,6,1,46,8,1598,2,-1,MERCEDES VITO,4,E01000736,0,2
2025010607847,2025,010607847,1,8,0,-1,9,1,7,-1,0,1,0,7,0,0,1,1,-1,9,1,62,9,2143,2,-1,MERCEDES VITO,7,E01021950,0,4
2025201548849,2025,201548849,2,19,0,-1,19,6,3,-1,0,0,0,4,0,0,3,1,-1,1,1,40,7,2143,2,-1,MERCEDES VITO,1,E01009363,0,2
2025221538805,2025,221538805,2,19,0,-1,19,1,5,-1,0,0,0,2,0,0,3,9,-1,2,1,49,8,2148,2,-1,MERCEDES VITO,1,E01009326,0,4
2025010608313,2025,010608313,1,8,0,-1,19,1,5,-1,-1,-1,-1,0,-1,-1,4,1,-1,6,3,-1,-1,2143,2,-1,MERCEDES VITO,-1,-1,0,-1
2025311552369,2025,311552369,1,8,0,-1,19,1,5,-1,0,1,0,0,0,0,1,1,-1,9,1,52,8,2143,2,-1,MERCEDES VITO,-1,-1,0,-1
2025361596293,2025,361596293,4,9,0,-1,3,2,2,-1,0,1,1,4,0,0,1,1,-1,9,2,28,6,1149,1,-1,RENAULT CLIO,7,E01033441,0,2
202517H105425,2025,17H105425,3,9,0,-1,3,7,3,-1,0,0,0,0,0,0,2,1,-1,9,2,41,7,1149,1,-1,RENAULT CLIO,3,E01011988,0,2
2025131641106,2025,131641106,1,9,0,-1,-1,-1,-1,-1,-1,-1,-1,-1,-1,-1,-1,1,-1,6,3,-1,-1,1390,1,-1,RENAULT CLIO,-1,-1,0,-1
2025991554497,2025,991554497,1,9,0,-1,19,8,4,-1,0,0,0,4,0,0,1,1,-1,6,2,47,8,1149,1,-1,RENAULT CLIO,-1,-1,0,-1
2025131638812,2025,131638812,2,9,0,-1,19,8,4,-1,0,1,0,0,0,0,2,1,-1,9,2,44,7,1461,2,-1,RENAULT CLIO,1,E01011466,0,1
2025421634124,2025,421634124,1,9,0,-1,6,5,1,-1,0,2,0,0,0,0,3,1,-1,6,1,23,5,999,1,-1,RENAULT CLIO,6,E01021298,0,1
2025451681095,2025,451681095,1,9,0,-1,3,6,1,-1,0,0,0,0,0,0,2,1,-1,1,1,44,7,1461,2,-1,RENAULT CLIO,5,E01031743,0,3
2025061630014,2025,061630014,1,9,0,-1,5,3,8,-1,0,1,0,0,0,0,4,2,-1,9,1,24,5,1618,1,-1,RENAULT CLIO,-1,-1,0,-1
2025552500341,2025,552500341,2,9,0,4,4,2,6,0,0,0,0,0,0,0,2,1,5,6,2,28,6,1149,1,-1,RENAULT CLIO,5,E01020443,0,4
2025430288731,2025,430288731,2,9,0,18,19,5,1,0,0,7,0,0,0,0,2,1,2,2,2,48,8,1461,2,-1,RENAULT CLIO,6,E01008195,0,5
2025340NN0622,2025,340NN0622,1,9,0,-1,-1,3,7,-1,0,0,0,0,0,0,4,1,-1,6,1,19,4,1149,1,-1,RENAULT CLIO,3,E01027314,0,2
2025221541101,2025,221541101,1,9,0,-1,19,6,2,-1,0,2,0,0,0,0,1,1,-1,2,1,35,6,1461,2,-1,RENAULT CLIO,9,E01032177,0,3
2025340NN3132,2025,340NN3132,2,9,0,-1,3,7,3,-1,0,0,0,0,0,0,2,1,-1,9,2,38,7,1461,2,-1,RENAULT CLIO,2,E01026957,0,1
2025421681499,2025,421681499,1,3,0,-1,19,4,8,-1,2,0,1,0,0,0,1,1,-1,9,1,19,4,125,1,-1,APRILIA SR GT,3,E01021851,0,1
2025501573860,2025,501573860,2,17,4,-1,5,5,1,-1,0,0,0,0,0,0,3,1,-1,1,1,63,9,-1,2,-1,JOHN DEERE MODEL MISSING,4,E01020320,0,1
2025052502176,2025,052502176,1,21,1,5,5,3,7,0,0,0,0,0,0,0,1,1,1,1,1,57,9,12902,2,-1,DAF TRUCKS MODEL MISSING,7,E01034073,0,5
2025421597517,2025,421597517,2,21,1,-1,9,1,3,-1,0,0,0,0,0,0,3,1,-1,1,1,50,8,12902,2,-1,DAF TRUCKS MODEL MISSING,8,E01028190,0,5
2025311586322,2025,311586322,2,21,-1,-1,-1,-1,-1,-1,-1,0,-1,-1,-1,0,-1,2,-1,1,1,39,7,6693,2,-1,DAF TRUCKS MODEL MISSING,-1,-1,0,-1
2025131663207,2025,131663207,2,21,0,-1,19,3,7,-1,0,0,0,0,0,0,3,1,-1,1,1,64,9,12902,2,-1,DAF TRUCKS MODEL MISSING,4,E01011933,0,3
2025161558727,2025,161558727,5,21,0,-1,4,7,3,-1,0,0,0,0,0,0,0,1,-1,1,1,58,9,12902,2,-1,DAF TRUCKS MODEL MISSING,6,E01013081,0,4
2025440455085,2025,440455085,1,21,1,-1,19,3,7,-1,0,0,3,4,0,0,1,1,-1,1,1,46,8,12902,2,-1,DAF TRUCKS MODEL MISSING,10,E01018490,0,5
2025622500301,2025,622500301,3,21,0,2,2,0,0,0,0,0,0,0,0,0,2,1,5,6,1,67,10,6700,2,-1,DAF TRUCKS MODEL MISSING,8,W01001658,0,4
2025991639476,2025,991639476,2,20,1,-1,4,4,8,-1,0,0,0,0,0,0,0,1,-1,1,1,61,9,-1,-1,-1,DAF TRUCKS MODEL MISSING,8,-1,0,4
2025451621729,2025,451621729,2,21,0,-1,19,5,2,-1,0,1,0,0,0,0,3,1,-1,1,1,26,6,10837,2,-1,DAF TRUCKS MODEL MISSING,10,E01028758,0,4
2025010557435,2025,010557435,1,20,0,-1,9,1,6,-1,-1,1,-1,0,-1,-1,3,1,-1,6,3,-1,-1,4500,2,-1,DAF TRUCKS MODEL MISSING,-1,-1,0,-1
2025631584691,2025,631584691,2,21,4,-1,19,7,4,-1,0,0,0,0,1,10,3,1,-1,1,1,27,6,12902,2,-1,DAF TRUCKS MODEL MISSING,6,W01000575,0,5
2025430054217,2025,430054217,2,3,0,18,19,1,5,0,0,6,0,0,0,0,4,1,6,6,1,65,9,124,1,-1,LEXMOTO TR,8,E01028549,0,1
2025031569882,2025,031569882,3,9,4,-1,19,5,1,-1,0,0,1,0,0,0,1,1,-1,6,1,34,6,1995,2,-1,MINI CLUBMAN,2,-1,0,5
2025531624668,2025,531624668,2,9,0,-1,19,4,8,-1,0,0,0,0,0,0,2,1,-1,9,2,48,8,1499,1,-1,MINI CLUBMAN,8,E01028951,0,5
2025302501569,2025,302501569,1,9,0,-1,19,1,4,-1,0,0,0,0,0,0,1,1,-1,9,1,88,11,1499,1,-1,MINI CLUBMAN,8,E01019493,0,2
2025351667347,2025,351667347,1,9,0,-1,19,1,5,-1,0,0,0,0,0,0,1,1,-1,9,2,60,9,1598,2,-1,MINI COUNTRYMAN,6,E01035103,0,4
2025201555751,2025,201555751,2,9,0,-1,19,3,7,-1,0,0,0,0,0,0,4,1,-1,6,1,46,8,1499,8,-1,MINI COUNTRYMAN,7,E01025623,0,4
2025161627321,2025,161627321,2,9,0,-1,10,5,3,-1,0,1,0,0,0,0,2,1,-1,6,1,39,7,1499,1,-1,MINI COUNTRYMAN,8,E01013055,0,1
2025161679246,2025,161679246,2,21,5,-1,19,2,6,-1,0,0,0,0,0,0,1,1,-1,1,1,48,8,10837,2,-1,RENAULT TRUCKS MODEL MISSING,9,E01027507,0,5
2025201653704,2025,201653704,2,21,4,-1,19,8,4,-1,0,0,1,0,0,0,2,1,-1,1,1,63,9,12777,2,-1,RENAULT TRUCKS MODEL MISSING,3,E01004774,0,5
2025302500288,2025,302500288,1,21,1,-1,11,5,1,-1,0,0,0,0,0,0,4,1,-1,6,3,-1,-1,12777,2,-1,RENAULT TRUCKS MODEL MISSING,-1,-1,0,-1
2025111643049,2025,111643049,2,20,0,-1,19,5,1,-1,0,0,0,0,0,0,2,1,-1,1,1,32,6,10837,2,-1,RENAULT TRUCKS MODEL MISSING,3,E01020811,0,3
2025010575135,2025,010575135,1,19,0,-1,99,9,9,-1,99,9,9,99,9,99,9,9,-1,6,3,-1,-1,7698,2,-1,RENAULT TRUCKS MODEL MISSING,7,E01023935,0,4
2025070022784,2025,070022784,1,20,0,-1,5,2,8,-1,0,0,0,0,0,0,1,9,-1,1,1,53,8,12777,2,-1,RENAULT TRUCKS MODEL MISSING,1,E01005527,0,4
2025010594717,2025,010594717,1,23,0,-1,19,5,1,-1,0,0,1,0,0,0,0,1,-1,1,1,29,6,-1,3,-1,VMOTO CPA,2,E01001155,0,1
2025010570250,2025,010570250,2,23,9,99,99,9,9,99,99,0,9,99,9,99,1,9,6,6,3,-1,-1,-1,3,-1,VMOTO CPA,2,E01004444,0,1
2025201571243,2025,201571243,1,21,0,-1,9,1,2,-1,0,1,0,0,0,0,4,1,-1,1,3,25,5,12900,5,-1,IVECO S-WAY,-1,-1,0,-1
2025501551977,2025,501551977,3,9,0,-1,4,5,1,-1,0,0,0,0,0,0,2,1,-1,7,2,50,8,1193,1,-1,MITSUBISHI MIRAGE,9,E01019965,0,1
2025471544660,2025,471544660,1,9,0,-1,4,5,1,-1,0,1,0,0,0,0,1,1,-1,6,1,22,5,1242,1,-1,SUZUKI SPLASH,9,E01031395,0,1
2025451567670,2025,451567670,1,5,0,-1,19,5,1,-1,0,0,5,0,0,0,3,1,-1,9,1,61,9,865,1,-1,MAKE AND MODEL REDACTED,8,E01030577,0,1
2025131665398,2025,131665398,2,2,0,-1,14,3,3,-1,0,1,5,0,7,0,4,1,-1,6,1,17,4,49,1,-1,MAKE AND MODEL REDACTED,2,E01011805,0,2
2025520600611,2025,520600611,1,19,0,-1,4,2,6,-1,0,0,0,0,0,0,2,1,-1,1,1,40,7,2200,2,-1,FIAT DUCATO,2,E01029098,0,2
2025501551977,2025,501551977,1,19,0,-1,19,5,1,-1,0,0,0,0,0,0,1,1,-1,6,1,73,10,-1,-1,-1,FIAT DUCATO,5,E01015587,0,5
2025991588988,2025,991588988,3,19,0,-1,19,6,2,-1,0,0,0,0,0,0,3,1,-1,6,1,49,8,2287,2,-1,FIAT DUCATO,4,-1,0,4
2025201655929,2025,201655929,3,9,0,-1,19,1,5,-1,0,0,0,0,0,0,2,1,-1,6,2,61,9,999,1,-1,SEAT MII,4,E01009168,0,1
2025061582503,2025,061582503,1,3,0,-1,5,3,3,-1,0,0,1,0,0,0,4,1,-1,6,1,18,4,125,1,-1,BENELLI TORNADO,-1,-1,0,-1
2025010567994,2025,010567994,1,9,0,-1,6,4,4,-1,0,8,0,0,0,0,1,1,-1,-1,1,24,5,2998,1,-1,BMW M1,4,E01001694,0,1
2025010578013,2025,010578013,2,9,0,-1,19,5,1,-1,-1,1,-1,0,-1,-1,3,1,-1,6,1,47,8,2998,1,-1,BMW M1,7,E01035707,0,1
2025401668360,2025,401668360,1,9,0,-1,19,5,1,-1,0,0,0,0,0,0,2,1,-1,6,1,24,5,1998,1,-1,BMW M1,10,E01016767,0,3
2025451543390,2025,451543390,1,9,0,-1,19,7,3,-1,5,6,0,0,0,0,1,1,-1,9,2,58,9,1498,1,-1,HONDA JAZZ,10,E01030476,0,1
2025041576688,2025,041576688,2,9,0,-1,3,7,3,-1,0,0,0,0,0,0,2,1,-1,9,2,39,7,1339,1,-1,HONDA JAZZ,4,E01012634,0,1
2025041548412,2025,041548412,1,9,0,-1,19,1,5,-1,0,2,0,0,0,0,1,1,-1,1,1,50,8,1339,1,-1,HONDA JAZZ,8,E01025241,0,3
2025332500342,2025,332500342,1,9,0,-1,19,3,7,-1,0,8,0,0,0,0,3,1,-1,9,1,33,6,1339,1,-1,HONDA JAZZ,3,E01013658,0,1
2025031595240,2025,031595240,1,9,0,-1,19,5,1,-1,0,0,0,4,0,0,1,1,-1,6,1,75,10,1339,1,-1,HONDA JAZZ,5,E01019394,0,2
2025031669680,2025,031669680,1,9,0,-1,19,2,4,-1,0,8,0,11,0,0,1,1,-1,9,1,90,11,1339,1,-1,HONDA JAZZ,10,E01034080,0,1
2025340NN0692,2025,340NN0692,1,9,0,-1,19,8,4,-1,0,0,0,0,0,0,1,1,-1,6,2,93,11,1339,1,-1,HONDA JAZZ,5,E01026973,0,1
2025161558339,2025,161558339,3,9,0,-1,19,5,1,-1,0,1,0,0,0,0,1,1,-1,2,2,67,10,1339,1,-1,HONDA JAZZ,10,E01013043,0,1
2025411661869,2025,411661869,2,9,0,-1,4,8,4,-1,0,1,0,0,0,0,1,1,-1,6,1,45,7,1339,1,-1,HONDA JAZZ,10,E01023813,0,1
2025440446500,2025,440446500,1,9,0,-1,4,3,7,-1,0,0,0,0,0,0,2,1,-1,9,1,39,7,1498,8,-1,HONDA JAZZ,9,E01022665,0,3
2025522601065,2025,522601065,2,9,0,-1,4,3,7,-1,0,0,0,0,0,0,2,1,-1,2,2,47,8,1339,1,-1,HONDA JAZZ,2,E01014685,0,1
2025421654041,2025,421654041,2,5,0,-1,15,4,7,-1,0,0,0,0,0,0,4,1,-1,2,1,64,9,680,1,-1,MAKE AND MODEL REDACTED,5,E01033459,0,4
2025440455085,2025,440455085,2,21,0,-1,2,0,0,-1,0,0,0,0,0,0,2,1,-1,1,1,38,7,6728,2,-1,IVECO EUROCARGO,3,E01017228,0,1
2025010600947,2025,010600947,2,21,0,-1,1,1,5,-1,0,0,0,0,0,0,2,1,-1,1,1,30,6,6728,2,-1,IVECO EUROCARGO,7,E01034093,0,4
2025010572396,2025,010572396,3,20,0,-1,2,0,0,-1,0,1,0,0,0,0,0,1,-1,6,3,-1,-1,6728,2,-1,IVECO EUROCARGO,-1,-1,0,-1
2025302500915,2025,302500915,4,20,0,-1,2,0,0,-1,0,0,0,0,0,0,2,1,-1,1,3,-1,-1,6728,2,-1,IVECO EUROCARGO,-1,-1,0,-1
2025461562139,2025,461562139,2,21,0,-1,2,0,0,-1,0,0,0,0,0,0,0,1,-1,6,1,47,8,6728,2,-1,IVECO EUROCARGO,7,E01021650,0,4
2025010600677,2025,010600677,1,3,0,-1,13,1,5,-1,0,1,2,0,6,0,3,1,-1,9,1,25,5,124,1,-1,LEXMOTO LXS,-1,-1,0,-1
2025010560640,2025,010560640,1,9,0,18,19,3,7,0,0,1,0,0,0,0,2,1,6,6,1,25,5,1462,8,-1,SUZUKI SX4,9,E01003799,0,1
2025531624668,2025,531624668,1,9,0,-1,19,4,8,-1,0,0,0,0,0,0,1,1,-1,9,1,48,8,998,1,-1,SUZUKI SX4,8,E01028951,0,5
2025010581576,2025,010581576,1,9,0,-1,3,1,5,-1,0,2,0,0,0,0,0,1,-1,9,2,60,9,999,1,-1,AUDI Q2,6,E01002698,0,1
2025461610788,2025,461610788,3,9,0,-1,3,6,6,-1,0,2,0,0,0,0,2,1,-1,9,2,34,6,1498,1,-1,AUDI Q2,10,E01024817,0,2
2025010567463,2025,010567463,2,9,0,1,1,1,5,0,0,9,1,99,0,0,2,1,6,6,3,-1,-1,1498,1,-1,AUDI Q2,-1,-1,0,-1
2025991587352,2025,991587352,2,9,0,-1,4,7,3,-1,0,0,0,0,0,0,2,1,-1,9,2,37,7,999,1,-1,AUDI Q2,-1,-1,0,-1
202517S302025,2025,17S302025,2,9,0,-1,9,1,7,-1,0,8,0,0,0,0,4,1,-1,8,2,42,7,1200,1,-1,CITROEN DS3,2,E01012291,0,1
2025010553130,2025,010553130,1,9,0,-1,99,9,9,-1,99,9,9,99,9,99,2,9,-1,6,2,53,8,1598,1,-1,CITROEN DS3,9,E01002156,0,1
2025131663207,2025,131663207,1,9,0,-1,19,3,7,-1,0,0,0,0,0,0,1,1,-1,9,1,33,6,1560,2,-1,CITROEN DS3,7,E01011687,0,3
2025010560175,2025,010560175,2,9,0,-1,99,9,9,-1,99,9,9,99,9,99,9,9,-1,6,2,56,9,-1,3,-1,NISSAN ARIYA,8,E01001062,0,3
2025421602662,2025,421602662,2,9,0,-1,2,0,0,-1,0,0,0,0,0,0,1,1,-1,1,1,40,7,1598,2,-1,SKODA OCTAVIA,8,E01021582,0,3
2025161656804,2025,161656804,3,9,0,-1,19,5,1,-1,0,0,0,0,0,0,2,1,-1,9,1,55,8,1984,1,-1,SKODA OCTAVIA,6,E01013290,0,4
2025531545570,2025,531545570,1,9,0,-1,19,5,1,-1,0,0,2,4,0,0,1,1,-1,6,1,33,6,1968,2,-1,SKODA OCTAVIA,10,E01016660,0,5
2025201675994,2025,201675994,2,9,0,-1,19,2,5,-1,0,3,0,0,0,0,4,1,-1,6,1,43,7,1197,1,-1,SKODA OCTAVIA,10,E01010199,0,4
2025501543082,2025,501543082,3,9,0,-1,3,8,6,-1,0,0,0,0,0,0,2,1,-1,6,2,63,9,1798,1,-1,SKODA OCTAVIA,5,E01018765,0,2
2025010572568,2025,010572568,3,9,0,3,3,5,1,0,0,1,0,4,0,0,2,1,5,6,1,49,8,1598,2,-1,SKODA OCTAVIA,3,E01004445,0,1
2025111580043,2025,111580043,1,9,0,-1,5,1,3,-1,0,6,0,0,0,0,4,1,-1,9,2,56,9,1968,2,-1,SKODA OCTAVIA,6,E01012338,0,1
2025541216225,2025,541216225,1,9,0,9,9,4,1,0,0,8,0,0,0,0,4,1,5,6,2,28,6,1598,2,-1,SKODA OCTAVIA,5,E01032068,0,1
2025041552444,2025,041552444,1,9,0,-1,19,6,6,-1,0,0,1,10,7,11,1,2,-1,1,1,40,7,1968,2,-1,SKODA OCTAVIA,1,E01025186,0,2
2025522502018,2025,522502018,2,9,0,-1,3,4,8,-1,0,0,0,0,0,0,2,1,-1,6,1,64,9,1984,1,-1,SKODA OCTAVIA,5,W01001684,0,4
2025991555779,2025,991555779,1,9,0,-1,4,1,5,-1,0,0,0,0,0,0,2,1,-1,6,1,56,9,1798,8,-1,TOYOTA C-HR,5,-1,0,4
2025010601848,2025,010601848,1,9,0,-1,19,3,7,-1,0,8,0,0,0,0,1,1,-1,9,1,87,11,1798,8,-1,TOYOTA C-HR,7,E01001642,0,1
2025451624098,2025,451624098,2,8,0,-1,7,4,8,-1,0,6,0,0,0,0,1,1,-1,2,1,35,6,1798,8,-1,TOYOTA C-HR,7,E01031539,0,4
2025010582465,2025,010582465,1,9,0,-1,19,3,7,-1,0,0,0,0,0,0,1,1,-1,2,1,51,8,1798,8,-1,TOYOTA C-HR,-1,-1,0,-1
2025451620513,2025,451620513,2,9,0,-1,19,6,2,-1,0,8,0,0,0,0,1,1,-1,6,1,29,6,1798,8,-1,TOYOTA C-HR,-1,-1,0,-1
2025461564063,2025,461564063,2,9,0,-1,19,7,3,-1,0,0,0,0,0,0,4,9,-1,2,1,42,7,1798,8,-1,TOYOTA C-HR,4,E01024587,0,4
2025631556974,2025,631556974,1,9,0,-1,5,6,8,-1,0,6,0,0,0,0,3,1,-1,9,2,62,9,1798,8,-1,TOYOTA C-HR,7,W01000684,0,2
2025010581034,2025,010581034,1,9,0,-1,3,2,6,-1,0,4,0,0,0,0,1,1,-1,2,1,80,11,1798,8,-1,TOYOTA C-HR,-1,-1,0,-1
2025430569967,2025,430569967,2,9,0,-1,5,6,2,-1,0,0,0,0,0,0,2,1,-1,6,1,26,6,1987,8,-1,TOYOTA C-HR,8,E01016723,0,1
2025991636996,2025,991636996,2,19,0,-1,4,3,7,-1,0,0,0,0,0,0,2,1,-1,1,1,35,6,2184,2,-1,CITROEN RELAY,1,-1,0,4
2025201667941,2025,201667941,1,9,0,-1,5,4,1,-1,0,4,0,0,0,0,1,1,-1,9,1,21,5,1975,1,-1,HYUNDAI COUPE,1,E01009053,0,1
2025010559787,2025,010559787,3,90,0,-1,4,1,5,-1,0,1,0,0,0,0,1,1,-1,1,1,34,6,-1,-1,-1,MITSUBISHI FUSO CANTER,4,E01003043,0,2
2025991600796,2025,991600796,1,9,0,-1,5,2,6,-1,0,0,0,0,1,0,4,1,-1,6,2,21,5,1242,1,-1,VAUXHALL AGILA,4,-1,0,1
2025010583944,2025,010583944,1,17,0,-1,9,1,7,-1,0,0,0,0,0,0,4,1,-1,1,1,52,8,2900,2,-1,MAKE AND MODEL REDACTED,2,E01001427,0,3
2025010561362,2025,010561362,1,9,0,-1,4,7,3,-1,0,0,0,0,0,0,1,1,-1,6,1,31,6,1999,2,-1,LAND ROVER RANGE ROVER EVOQUE,4,W01001632,0,5
2025161650358,2025,161650358,4,9,0,-1,19,3,7,-1,0,0,0,0,0,0,3,1,-1,6,1,61,9,2179,2,-1,LAND ROVER RANGE ROVER EVOQUE,6,E01013048,0,1
2025122600432,2025,122600432,1,9,0,18,19,5,2,0,0,4,0,0,0,0,4,1,6,6,2,38,7,1999,2,-1,LAND ROVER RANGE ROVER EVOQUE,9,E01027567,0,1
2025421623184,2025,421623184,1,9,0,-1,3,1,5,-1,0,0,0,0,0,0,1,1,-1,6,1,60,9,2179,2,-1,LAND ROVER RANGE ROVER EVOQUE,6,E01022052,0,2
2025010574271,2025,010574271,1,9,0,-1,4,5,1,-1,0,0,0,0,0,0,2,1,-1,-1,2,41,7,1498,8,-1,LAND ROVER RANGE ROVER EVOQUE,7,E01033133,0,1
2025430065050,2025,430065050,1,9,0,6,6,5,5,0,0,0,0,0,0,0,4,1,6,6,2,57,9,1998,2,-1,LAND ROVER RANGE ROVER EVOQUE,-1,-1,0,-1
2025401595627,2025,401595627,1,9,-1,-1,13,1,4,-1,0,1,0,0,0,0,1,1,-1,6,3,-1,-1,2179,2,-1,LAND ROVER RANGE ROVER EVOQUE,-1,-1,0,-1
2025451600602,2025,451600602,1,9,0,-1,9,4,4,-1,0,6,0,0,0,0,3,1,-1,9,1,47,8,2179,2,-1,LAND ROVER RANGE ROVER EVOQUE,9,E01022618,0,3
2025522601065,2025,522601065,4,9,0,-1,4,3,7,-1,0,0,0,0,0,0,2,1,-1,9,1,45,7,-1,3,-1,VOLVO EX30,2,E01014610,0,3
2025411655122,2025,411655122,1,9,0,-1,10,7,5,-1,0,2,0,0,0,0,1,1,-1,6,2,28,6,1590,1,-1,BMW MODEL MISSING,10,E01023810,0,1
2025010575976,2025,010575976,1,4,0,-1,99,9,9,-1,99,9,9,99,9,99,9,1,-1,-1,1,24,5,330,1,-1,HONDA ADV 350,6,E01031614,0,4
2025010560640,2025,010560640,2,4,0,18,19,3,7,0,0,1,0,0,0,0,1,1,6,6,1,23,5,330,1,-1,HONDA ADV 350,4,E01004569,0,1
2025552500085,2025,552500085,2,5,0,18,19,5,1,0,0,1,0,0,0,0,1,1,2,2,1,30,6,998,1,-1,HONDA CBR,4,E01015382,0,1
2025430489625,2025,430489625,2,5,0,14,14,3,7,0,0,0,0,0,0,0,4,1,2,2,1,26,6,1137,1,-1,HONDA CBR,10,E01028609,0,3
2025610045325,2025,610045325,1,5,0,18,19,6,2,0,0,0,0,0,0,0,0,1,6,6,1,18,4,599,1,-1,HONDA CBR,3,W01001516,0,1
2025430065050,2025,430065050,2,5,0,18,19,1,5,0,0,0,2,0,0,0,1,1,6,6,1,62,9,1137,1,-1,HONDA CBR,5,E01016359,0,2
2025411684843,2025,411684843,2,4,0,-1,19,8,4,-1,0,8,0,0,0,0,1,1,-1,9,1,47,8,471,1,-1,HONDA CBR,6,E01023708,0,3
2025501592468,2025,501592468,2,3,0,-1,19,1,5,-1,0,1,1,0,0,0,1,1,-1,6,1,27,6,125,1,-1,HONDA CBR,1,E01015048,0,1
2025471563823,2025,471563823,1,5,0,-1,19,5,1,-1,0,0,2,0,0,0,1,1,-1,9,1,26,6,918,1,-1,HONDA CBR,7,E01031792,0,1
2025430292453,2025,430292453,1,9,0,7,7,1,3,0,0,5,0,0,1,11,1,1,6,6,2,88,11,1248,1,-1,HYUNDAI I10,10,E01017806,0,1
2025541233625,2025,541233625,1,9,0,9,9,6,4,0,0,1,0,0,0,0,1,1,5,6,2,67,10,1248,1,-1,HYUNDAI I10,5,E01032004,0,2
2025201615260,2025,201615260,2,9,0,-1,19,2,6,-1,0,0,0,0,0,0,3,1,-1,6,1,26,6,1248,1,-1,HYUNDAI I10,1,E01034736,0,1
2025471649905,2025,471649905,3,9,0,-1,9,1,8,-1,0,8,0,0,0,0,3,1,-1,9,1,62,9,1248,1,-1,HYUNDAI I10,1,E01020992,0,1
2025622500057,2025,622500057,2,17,0,18,19,4,8,0,0,0,0,0,0,0,2,1,1,1,1,45,7,4800,2,-1,MAKE AND MODEL REDACTED,5,W01000496,0,2
2025141597573,2025,141597573,1,17,0,-1,2,0,0,-1,0,2,0,0,0,0,1,1,-1,9,1,37,7,2482,2,-1,MAKE AND MODEL REDACTED,2,E01007982,0,2
2025991643589,2025,991643589,2,9,0,-1,19,1,5,-1,0,0,0,0,0,0,1,1,-1,1,1,45,7,1498,1,-1,SEAT LEON,-1,-1,0,-1
2025070835033,2025,070835033,1,9,0,-1,19,5,1,-1,0,1,0,0,0,0,1,1,-1,9,1,46,8,1598,2,-1,SEAT LEON,1,E01018745,0,2
2025041597440,2025,041597440,1,9,0,-1,19,1,5,-1,0,0,0,0,0,0,1,1,-1,6,1,21,5,1896,2,-1,SEAT LEON,1,E01025082,0,1
2025430036280,2025,430036280,5,9,0,18,19,4,8,0,0,0,0,0,0,0,1,1,6,6,1,-1,-1,1395,1,-1,SEAT LEON,-1,-1,0,-1
2025010616476,2025,010616476,2,9,0,-1,4,3,7,-1,0,0,0,0,0,0,2,1,-1,6,1,19,4,1395,1,-1,SEAT LEON,3,E01024310,0,3
2025991539228,2025,991539228,2,9,0,-1,8,3,5,-1,0,0,0,0,0,0,1,1,-1,9,2,69,10,1998,2,-1,TOYOTA RAV4,3,-1,0,1
2025052500170,2025,052500170,1,9,0,18,19,1,5,0,0,1,0,0,0,0,1,1,5,6,2,61,9,1998,1,-1,TOYOTA RAV4,3,E01033757,0,1
2025622500301,2025,622500301,2,9,0,18,19,3,7,0,0,0,0,0,0,0,2,1,5,6,2,51,8,1598,2,-1,VOLKSWAGEN TOURAN,2,W01001002,0,1
2025991656128,2025,991656128,1,9,0,-1,7,1,3,-1,0,6,0,0,0,0,1,9,-1,6,1,50,8,1498,1,-1,VOLKSWAGEN TOURAN,1,-1,0,1
2025231588682,2025,231588682,1,9,0,-1,9,8,6,-1,0,5,0,0,0,0,1,1,-1,6,1,41,7,1968,2,-1,VOLKSWAGEN TOURAN,1,E01035016,0,1
2025991541027,2025,991541027,1,9,0,-1,19,3,7,-1,0,0,0,0,0,0,1,1,-1,9,1,74,10,1598,2,-1,VOLKSWAGEN TOURAN,8,-1,0,3
2025401670996,2025,401670996,2,9,0,-1,19,5,2,-1,0,0,0,0,0,0,2,1,-1,2,1,49,8,2204,2,-1,HONDA CR-V,5,E01017487,0,3
2025451560736,2025,451560736,1,9,0,-1,19,7,3,-1,0,0,0,2,1,11,1,1,-1,2,1,31,6,1998,1,-1,HONDA CR-V,10,E01022596,0,4
2025501543082,2025,501543082,1,9,0,-1,19,8,4,-1,0,0,0,4,0,0,1,1,-1,9,1,65,9,2204,2,-1,HONDA CR-V,6,E01018752,0,3
2025522600607,2025,522600607,3,9,0,-1,19,4,8,-1,0,0,0,0,0,0,1,1,-1,6,1,72,10,1597,2,-1,HONDA CR-V,6,E01014531,0,3
2025010565037,2025,010565037,2,9,0,99,99,9,9,99,99,0,9,99,9,99,9,9,6,6,3,46,8,1998,1,-1,HONDA CR-V,8,E01002367,0,1
2025231689280,2025,231689280,1,9,0,-1,9,5,4,-1,0,6,0,0,0,0,1,1,-1,6,2,38,7,1597,2,-1,HONDA CR-V,8,E01035034,0,2
2025440417363,2025,440417363,2,9,0,-1,19,5,1,-1,0,8,0,0,0,0,1,1,-1,9,1,71,10,1597,2,-1,HONDA CR-V,9,E01022676,0,1
2025471556204,2025,471556204,2,9,0,-1,3,1,5,-1,0,0,0,0,0,0,2,1,-1,9,1,70,10,2499,1,-1,LEXUS IS 250,9,E01024431,0,4
2025351655533,2025,351655533,1,19,0,-1,19,1,5,-1,0,0,0,2,0,0,1,1,-1,9,3,-1,-1,2488,2,-1,NISSAN NAVARA,-1,-1,0,-1
2025631670871,2025,631670871,2,19,0,-1,19,2,6,-1,0,6,0,0,0,0,3,9,-1,9,2,58,9,2298,2,-1,NISSAN NAVARA,7,W01000712,0,1
2025522502136,2025,522502136,2,4,0,-1,19,3,7,-1,0,8,0,0,0,0,3,1,-1,6,1,64,9,400,1,-1,SUZUKI AN 400,4,E01014527,0,1
2025451600602,2025,451600602,2,4,0,-1,19,5,1,-1,0,1,0,0,0,0,1,1,-1,6,-1,-1,-1,385,1,-1,SUZUKI AN 400,-1,-1,0,-1
2025041607341,2025,041607341,1,9,0,-1,19,1,5,-1,0,0,0,0,0,0,1,1,-1,1,1,52,8,1560,2,-1,VOLVO V40,1,E01012709,0,4
2025361661914,2025,361661914,1,9,0,-1,4,1,5,-1,0,0,0,0,0,0,2,1,-1,9,1,61,9,1969,1,-1,VOLVO V40,9,E01026554,0,2
2025552500210,2025,552500210,1,9,0,18,19,1,5,0,0,0,0,2,0,0,1,1,4,7,2,77,11,1969,1,-1,VOLVO V40,10,E01020426,0,1
2025031595240,2025,031595240,2,9,0,-1,2,7,5,-1,0,0,0,0,0,0,1,1,-1,6,-1,-1,-1,1969,1,-1,VOLVO V40,-1,-1,0,-1
2025131544545,2025,131544545,2,9,0,-1,19,7,7,-1,0,1,0,0,0,0,1,2,-1,6,2,31,6,1560,2,-1,VOLVO V40,8,E01010568,0,3
2025340NN1522,2025,340NN1522,2,9,0,-1,19,3,7,-1,0,8,0,0,0,0,2,1,-1,9,1,47,8,1197,1,-1,AUDI A3,3,E01035411,0,2
2025471560273,2025,471560273,2,9,0,-1,3,2,6,-1,0,0,0,0,0,0,2,1,-1,2,1,40,7,1798,1,-1,AUDI A3,8,E01021214,0,2
2025131635037,2025,131635037,2,9,0,-1,4,1,5,-1,0,0,0,0,0,0,2,1,-1,9,1,73,10,1498,1,-1,AUDI A3,8,E01013575,0,4
2025161558339,2025,161558339,1,9,0,-1,19,5,1,-1,0,1,0,0,0,0,1,1,-1,6,1,52,8,1598,2,-1,AUDI A3,1,E01012865,0,2
2025522601065,2025,522601065,3,9,0,-1,4,3,7,-1,0,0,0,0,0,0,2,1,-1,9,1,28,6,1896,2,-1,AUDI A3,10,E01014874,0,1
2025041576688,2025,041576688,1,9,0,-1,19,7,3,-1,0,0,0,0,0,0,1,1,-1,6,1,53,8,1896,2,-1,AUDI A3,5,E01012645,0,1
2025010571390,2025,010571390,2,9,0,-1,3,3,7,-1,0,8,0,0,0,0,1,1,-1,-1,1,26,6,1498,1,-1,AUDI A3,-1,-1,0,-1
2025421614916,2025,421614916,1,9,0,-1,5,7,7,-1,0,2,5,4,0,0,1,1,-1,6,2,18,4,1598,2,-1,AUDI A3,2,E01003761,0,1
2025010575423,2025,010575423,3,9,0,18,19,3,7,0,0,0,1,0,0,0,0,1,6,6,3,-1,-1,1498,1,-1,AUDI A3,-1,-1,0,-1
2025031598775,2025,031598775,1,9,0,-1,19,5,1,-1,0,0,1,2,0,0,3,1,-1,9,1,43,7,1395,8,-1,AUDI A3,6,E01019235,0,1
2025201555354,2025,201555354,1,9,0,-1,19,6,2,-1,0,0,0,0,0,0,1,1,-1,6,2,26,6,1395,8,-1,AUDI A3,1,E01034933,0,1
2025122501085,2025,122501085,2,9,0,18,19,2,6,0,0,0,2,4,0,0,1,1,5,6,1,17,4,1498,1,-1,AUDI A3,10,E01027660,0,1
2025101661499,2025,101661499,2,9,0,-1,19,4,8,-1,0,6,0,0,0,0,4,1,-1,6,1,27,6,1896,2,-1,AUDI A3,1,E01008389,0,2
2025031556786,2025,031556786,1,9,0,-1,19,2,3,-1,0,0,0,0,0,0,1,1,-1,2,2,20,4,1968,2,-1,AUDI A3,7,E01019136,0,3
2025340NN2732,2025,340NN2732,3,9,0,-1,19,5,1,-1,0,0,0,0,0,0,2,1,-1,2,1,19,4,999,1,-1,AUDI A3,8,E01032966,0,1
2025401599842,2025,401599842,1,9,0,-1,19,-1,-1,-1,0,6,0,0,0,0,4,1,-1,9,1,22,5,1395,1,-1,AUDI A3,9,E01017439,0,1
2025991541422,2025,991541422,2,9,0,-1,13,6,2,-1,0,0,0,0,0,0,1,1,-1,1,1,33,6,1498,1,-1,AUDI A3,2,-1,0,4
2025201549621,2025,201549621,1,9,0,-1,19,8,4,-1,0,1,0,2,0,0,1,1,-1,6,1,31,6,1395,1,-1,AUDI A3,4,E01009186,0,1
2025211589745,2025,211589745,1,9,0,-1,6,4,4,-1,0,0,0,0,0,0,1,1,-1,6,1,41,7,1984,1,-1,AUDI S3,1,E01010473,0,3
2025122501144,2025,122501144,1,9,0,6,6,3,3,0,0,0,0,0,0,0,2,1,5,6,3,35,6,999,7,-1,DACIA DUSTER,8,E01013024,0,3
2025451608191,2025,451608191,1,9,0,-1,2,0,0,-1,6,0,0,0,0,0,3,1,-1,9,2,37,7,999,1,-1,DACIA DUSTER,6,E01024830,0,4
2025440440593,2025,440440593,1,9,0,-1,19,7,3,-1,0,0,0,0,2,7,4,1,-1,9,1,80,11,1461,2,-1,DACIA DUSTER,5,E01020503,0,4
2025161675495,2025,161675495,2,9,0,-1,19,3,7,-1,0,4,0,0,0,0,1,1,-1,9,2,37,7,1598,1,-1,DACIA DUSTER,7,E01013124,0,3
2025991626173,2025,991626173,1,9,0,-1,19,1,5,-1,0,0,0,12,0,0,1,1,-1,9,1,52,8,1333,1,-1,DACIA DUSTER,9,-1,0,4
2025061565455,2025,061565455,1,4,0,-1,19,5,1,-1,0,0,0,4,0,0,1,1,-1,6,1,22,5,471,1,-1,HONDA CB,-1,-1,0,-1
2025010575849,2025,010575849,1,3,0,-1,19,5,1,-1,0,3,2,0,0,0,1,1,-1,1,1,27,6,124,1,-1,HONDA CB,4,E01000633,0,4
2025302501569,2025,302501569,2,3,0,-1,19,4,1,-1,0,0,0,0,0,0,1,1,-1,2,1,18,4,124,1,-1,HONDA CB,2,E01019498,0,1
2025430363781,2025,430363781,2,5,0,-1,19,3,7,-1,0,0,0,0,0,0,4,1,-1,1,1,53,8,471,1,-1,HONDA CB,9,E01016595,0,1
2025522501813,2025,522501813,1,3,0,-1,19,3,7,-1,0,0,0,0,0,0,1,1,-1,9,1,21,5,124,1,-1,HONDA CB,1,E01014654,0,1
2025010594813,2025,010594813,2,3,0,-1,19,5,1,-1,0,8,0,0,0,0,3,1,-1,6,1,20,4,471,1,-1,HONDA CB,3,E01003172,0,1
2025010614115,2025,010614115,1,19,0,-1,13,7,3,-1,0,0,0,0,0,0,1,1,-1,1,1,46,8,1997,2,-1,PEUGEOT EXPERT,3,E01003631,0,1
2025131631759,2025,131631759,1,9,0,-1,4,3,7,-1,0,0,0,0,0,0,2,1,-1,1,1,71,10,1560,2,-1,PEUGEOT EXPERT,2,E01011840,0,1
2025010567797,2025,010567797,1,19,0,9,9,5,2,0,0,5,0,0,0,0,4,1,1,1,1,56,9,1560,2,-1,PEUGEOT EXPERT,4,E01000689,0,1
2025131536498,2025,131536498,2,19,0,-1,19,5,1,-1,0,1,0,0,0,0,0,1,-1,8,1,31,6,1997,2,-1,PEUGEOT EXPERT,1,E01034582,0,1
2025991655854,2025,991655854,3,19,0,-1,9,2,5,-1,0,0,0,0,0,0,4,1,-1,8,1,43,7,1997,2,-1,PEUGEOT EXPERT,1,-1,0,1
2025041667643,2025,041667643,2,9,0,-1,2,0,0,-1,0,0,0,0,0,0,2,1,-1,9,1,30,6,1984,1,-1,VOLKSWAGEN EOS,6,E01019384,0,4
2025991676720,2025,991676720,2,9,0,-1,5,2,7,-1,0,1,0,0,0,0,1,1,-1,1,1,50,8,999,1,-1,DACIA SANDERO,-1,-1,0,-1
2025421680762,2025,421680762,1,9,0,-1,9,5,3,-1,0,1,1,0,0,0,1,1,-1,9,2,66,10,998,1,-1,DACIA SANDERO,10,E01022085,0,3
202517S306425,2025,17S306425,1,9,0,-1,3,3,7,-1,0,0,0,0,0,0,2,1,-1,9,1,60,9,1999,2,-1,JAGUAR E-PACE,3,E01012057,0,1
2025010574860,2025,010574860,1,9,0,5,5,0,5,0,0,1,0,0,0,0,0,1,2,2,1,48,8,1998,8,-1,MITSUBISHI OUTLANDER,-1,-1,0,-1
2025451543022,2025,451543022,2,9,0,-1,19,5,1,-1,0,0,0,0,0,0,1,1,-1,9,2,40,7,2360,8,-1,MITSUBISHI OUTLANDER,10,E01030418,0,3
2025131644653,2025,131644653,3,9,0,-1,19,1,5,-1,0,0,0,0,0,0,2,1,-1,6,1,57,9,2360,8,-1,MITSUBISHI OUTLANDER,6,E01018247,0,5
2025221690354,2025,221690354,2,9,0,-1,19,5,1,-1,0,0,0,0,0,0,1,1,-1,6,2,35,6,1500,2,-1,PEUGEOT 5008,6,E01027176,0,4
2025340WN4582,2025,340WN4582,1,20,0,-1,3,7,1,-1,0,4,0,0,0,0,0,1,-1,1,1,49,8,-1,-1,-1,FORD RANGER,4,E01027187,0,1
2025311674938,2025,311674938,4,19,0,-1,2,0,0,-1,0,0,0,0,0,0,2,1,-1,6,-1,-1,-1,1996,2,-1,FORD RANGER,-1,-1,0,-1
2025161633338,2025,161633338,1,19,0,-1,19,6,2,-1,0,0,0,0,0,0,3,1,-1,1,1,30,6,1996,2,-1,FORD RANGER,7,E01013289,0,1
2025440366041,2025,440366041,1,5,0,18,19,8,4,0,0,0,0,0,0,0,1,1,5,6,1,41,7,1441,1,-1,KAWASAKI ZX,7,E01031398,0,4
2025430456031,2025,430456031,1,5,0,13,13,3,7,0,0,2,1,0,0,0,1,1,6,6,1,23,5,599,1,-1,KAWASAKI ZX,8,E01028742,0,1
2025010579156,2025,010579156,1,9,0,-1,19,7,3,-1,-1,-1,-1,0,-1,-1,1,1,-1,6,1,53,8,1386,1,-1,NISSAN NOTE,4,E01002309,0,1
2025101636151,2025,101636151,1,9,0,-1,19,1,5,-1,0,0,0,2,4,6,1,1,-1,6,1,70,10,1386,1,-1,NISSAN NOTE,-1,-1,0,-1
2025041615895,2025,041615895,1,9,0,-1,19,1,5,-1,0,0,0,0,0,0,1,1,-1,2,2,28,6,1968,2,-1,SKODA YETI,6,E01025585,0,3
2025010562236,2025,010562236,2,9,0,-1,3,3,7,-1,0,1,0,0,0,0,0,1,-1,1,1,47,8,1969,8,-1,VOLVO V90,4,E01004401,0,1
2025010563188,2025,010563188,1,9,0,-1,19,7,3,-1,0,8,0,0,0,0,0,1,-1,1,1,55,8,1969,8,-1,VOLVO V90,3,E01003221,0,1
2025991559481,2025,991559481,2,9,0,-1,19,4,8,-1,0,0,0,0,0,0,1,1,-1,9,1,74,10,1968,2,-1,AUDI Q3,5,-1,0,4
2025522500502,2025,522500502,1,9,0,-1,5,7,1,-1,0,1,0,0,0,0,1,1,-1,9,2,52,8,1498,1,-1,AUDI Q3,10,E01015014,0,3
2025010572924,2025,010572924,1,9,0,-1,1,1,5,-1,0,6,0,0,0,0,2,1,-1,6,2,22,5,1498,1,-1,AUDI Q3,2,E01001464,0,1
2025010559876,2025,010559876,1,9,0,-1,99,9,9,-1,99,9,9,99,9,99,1,9,-1,6,3,-1,-1,1498,1,-1,AUDI Q3,-1,-1,0,-1
2025461654718,2025,461654718,1,9,0,-1,19,1,5,-1,0,0,0,0,0,0,1,1,-1,1,1,60,9,1984,1,-1,AUDI Q3,5,E01004056,0,4
2025041678377,2025,041678377,1,9,0,-1,19,7,3,-1,0,0,0,0,0,0,1,1,-1,9,1,81,11,1395,1,-1,AUDI Q3,7,E01025130,0,2
2025541640206,2025,541640206,1,3,0,-1,13,6,2,-1,0,0,0,0,0,0,0,1,-1,6,1,18,4,125,1,-1,BENELLI BN,4,E01032013,0,2
2025041685382,2025,041685382,1,3,0,-1,14,4,8,-1,0,0,5,0,0,0,1,1,-1,9,1,26,6,125,1,-1,BENELLI BN,1,E01025290,0,1
2025430118026,2025,430118026,2,9,0,18,19,8,4,0,0,0,0,0,0,0,2,1,2,2,2,46,8,-1,3,-1,BMW I4,10,E01016684,0,2
2025201587457,2025,201587457,2,9,0,-1,4,2,2,-1,0,0,0,0,0,0,2,1,-1,9,2,59,9,1591,1,-1,KIA VENGA,2,E01024500,0,5
2025141635258,2025,141635258,1,9,0,-1,12,7,3,-1,0,0,0,0,0,0,1,1,-1,9,1,49,8,1396,2,-1,KIA VENGA,4,E01007567,0,1
2025461626312,2025,461626312,1,9,0,-1,5,1,8,-1,0,1,0,0,0,0,1,1,-1,6,2,26,6,1199,1,-1,VAUXHALL CROSSLAND,-1,-1,0,-1
2025522600201,2025,522600201,2,9,0,-1,19,2,6,-1,0,0,0,0,0,0,1,1,-1,6,2,-1,-1,1199,1,-1,VAUXHALL CROSSLAND,-1,-1,0,-1
2025061634075,2025,061634075,1,9,0,-1,19,1,1,-1,0,0,0,0,0,0,1,1,-1,2,2,42,7,1199,1,-1,VAUXHALL CROSSLAND,-1,-1,0,-1
2025440445094,2025,440445094,1,9,0,-1,9,3,1,-1,0,8,0,0,0,0,3,1,-1,9,1,21,5,999,1,-1,VOLKSWAGEN UP,9,E01032617,0,2
2025991561041,2025,991561041,1,9,0,-1,3,5,7,-1,0,0,0,0,0,0,2,1,-1,9,1,40,7,999,1,-1,VOLKSWAGEN UP,4,-1,0,2
2025461610788,2025,461610788,2,9,0,-1,3,6,6,-1,0,2,0,0,0,0,2,1,-1,9,1,56,9,999,1,-1,VOLKSWAGEN UP,4,E01024767,0,1
2025201568343,2025,201568343,1,9,0,-1,12,1,4,-1,0,0,0,0,0,0,1,1,-1,2,2,31,6,999,1,-1,VOLKSWAGEN UP,3,E01009316,0,1
2025991627437,2025,991627437,2,9,0,-1,19,3,7,-1,0,1,0,0,0,0,1,1,-1,6,2,77,11,999,1,-1,VOLKSWAGEN UP,5,-1,0,4
2025010587144,2025,010587144,1,9,0,-1,99,9,9,-1,99,9,9,99,9,99,9,9,-1,6,2,18,4,999,1,-1,VOLKSWAGEN UP,4,E01001002,0,3
2025161627321,2025,161627321,3,9,0,-1,19,5,1,-1,0,1,0,0,0,0,1,1,-1,6,1,20,4,999,1,-1,VOLKSWAGEN UP,6,E01013119,0,1
2025522500480,2025,522500480,1,9,0,-1,2,0,0,-1,0,0,0,0,0,0,2,1,-1,6,1,19,4,1341,1,-1,HYUNDAI GETZ,9,W01001657,0,4
2025451577499,2025,451577499,1,9,0,-1,3,6,2,-1,0,0,0,0,0,0,2,1,-1,2,1,32,6,1399,1,-1,HYUNDAI GETZ,9,E01030918,0,1
2025531545570,2025,531545570,3,9,0,-1,2,0,0,-1,6,0,0,0,0,0,3,1,-1,6,-1,-1,-1,1580,8,-1,KIA XCEED,-1,-1,0,-1
2025471538350,2025,471538350,3,9,0,-1,4,7,3,-1,0,0,0,0,0,0,2,1,-1,9,1,70,10,1999,1,-1,MAZDA 6,9,E01031683,0,1
2025471671088,2025,471671088,1,9,0,-1,9,7,4,-1,0,1,0,0,0,0,1,1,-1,7,2,48,8,1999,1,-1,MAZDA 6,10,E01020940,0,3
2025010604811,2025,010604811,1,9,0,-1,5,5,1,-1,0,1,0,0,0,0,1,1,-1,2,1,55,8,1998,1,-1,SUBARU XV,6,E01033570,0,1
2025991676720,2025,991676720,1,9,0,-1,9,7,4,-1,0,8,0,0,0,0,1,1,-1,1,1,56,9,1199,1,-1,VAUXHALL GRANDLAND,9,-1,0,2
2025340WN1312,2025,340WN1312,2,9,0,-1,9,5,3,-1,0,6,0,0,0,0,4,1,-1,9,2,42,7,1199,1,-1,VAUXHALL GRANDLAND,3,E01027197,0,1
2025991588988,2025,991588988,2,9,0,-1,19,6,2,-1,0,0,0,0,0,0,2,1,-1,6,1,53,8,1199,1,-1,VAUXHALL GRANDLAND,3,-1,0,1
2025131562436,2025,131562436,1,9,0,-1,9,7,1,-1,0,2,0,0,0,0,3,1,-1,6,1,60,9,1199,1,-1,VAUXHALL GRANDLAND,8,E01011581,0,1
2025471643521,2025,471643521,2,9,0,-1,19,4,1,-1,0,0,0,0,0,0,2,1,-1,6,2,32,6,1199,1,-1,VAUXHALL GRANDLAND,9,E01035352,0,3
2025201626553,2025,201626553,2,9,0,-1,19,2,6,-1,0,1,2,2,3,0,4,1,-1,6,2,28,6,1499,2,-1,VAUXHALL GRANDLAND,1,E01009397,0,2
2025991555779,2025,991555779,3,9,0,-1,19,1,5,-1,0,0,0,0,0,0,2,1,-1,2,2,26,6,1199,1,-1,VAUXHALL GRANDLAND,3,-1,0,3
2025531646626,2025,531646626,2,9,0,-1,19,1,5,-1,0,0,0,0,1,0,3,1,-1,2,2,32,6,1499,2,-1,VAUXHALL GRANDLAND,2,E01022160,0,3
2025010606655,2025,010606655,1,9,0,-1,19,4,8,-1,0,0,1,0,8,4,1,1,-1,6,1,22,5,1995,1,-1,ALFA ROMEO GIULIA,5,E01021443,0,1
2025622500684,2025,622500684,1,5,0,18,19,4,8,0,0,0,0,0,0,0,1,1,6,6,1,30,6,890,1,-1,DUCATI STREETFIGHTER,9,W01000795,0,3
2025421591565,2025,421591565,1,9,0,-1,19,8,4,-1,0,0,0,7,0,0,1,1,-1,9,1,85,11,2987,2,-1,MERCEDES S CLASS,5,E01021769,0,4
2025141577162,2025,141577162,2,3,0,-1,4,1,6,-1,0,0,0,0,0,0,2,1,-1,9,1,50,8,125,1,-1,OTHER ITALIAN MODEL MISSING,2,E01007546,0,1
2025461589570,2025,461589570,2,9,0,-1,19,2,4,-1,0,0,0,0,0,0,2,1,-1,9,2,58,9,1995,2,-1,BMW 1 SERIES,7,E01032820,0,2
2025351594824,2025,351594824,2,9,0,-1,19,1,5,-1,0,0,0,0,0,0,1,9,-1,6,1,41,7,1496,2,-1,BMW 1 SERIES,4,E01021845,0,4
2025440266375,2025,440266375,3,9,0,3,3,6,2,0,0,1,0,0,0,0,3,1,5,6,2,43,7,1995,2,-1,BMW 1 SERIES,8,E01023051,0,1
2025991605389,2025,991605389,1,9,0,-1,4,4,8,-1,0,0,1,0,0,0,1,1,-1,9,1,20,4,1995,2,-1,BMW 1 SERIES,5,-1,0,2
2025340NN1522,2025,340NN1522,1,9,0,-1,19,3,7,-1,0,8,0,0,0,0,4,1,-1,9,2,22,5,1998,1,-1,BMW 1 SERIES,3,E01027112,0,1
2025201541866,2025,201541866,2,9,0,-1,5,2,6,-1,0,0,0,0,0,0,2,1,-1,6,1,-1,-1,1995,2,-1,BMW 1 SERIES,1,E01009542,0,1
2025430054316,2025,430054316,1,9,0,18,19,8,4,0,0,0,0,0,0,0,1,1,5,6,1,20,4,1598,1,-1,BMW 1 SERIES,4,E01017850,0,4
2025041607341,2025,041607341,2,9,0,-1,19,1,5,-1,0,0,0,0,0,0,2,1,-1,6,2,23,5,1499,1,-1,BMW 1 SERIES,7,E01025647,0,5
2025440483123,2025,440483123,2,9,0,-1,19,3,7,-1,0,0,0,0,0,0,1,1,-1,6,1,40,7,1598,2,-1,BMW 1 SERIES,9,E01022855,0,2
2025351658002,2025,351658002,1,9,0,-1,12,8,4,-1,0,0,0,0,0,0,3,1,-1,2,2,57,9,1995,2,-1,BMW 1 SERIES,3,E01015638,0,3
2025461610529,2025,461610529,2,9,0,-1,4,7,3,-1,0,1,0,0,0,0,2,1,-1,6,1,26,6,1598,1,-1,BMW 1 SERIES,6,E01024062,0,1
2025010572842,2025,010572842,1,9,0,-1,99,9,9,-1,99,0,9,99,9,99,1,9,-1,-1,2,49,8,1499,1,-1,BMW 1 SERIES,4,E01004708,0,1
2025302500856,2025,302500856,1,9,0,-1,19,2,6,-1,0,2,0,0,7,2,1,1,-1,9,2,26,6,1499,1,-1,BMW 1 SERIES,9,E01019430,0,3
2025010558800,2025,010558800,2,9,0,-1,19,7,3,-1,0,2,0,0,0,0,1,1,-1,6,1,55,8,1598,1,-1,BMW 1 SERIES,-1,-1,0,-1
2025041607982,2025,041607982,1,9,0,-1,9,3,7,-1,1,6,0,0,0,0,3,1,-1,7,2,42,7,1499,8,-1,BMW 1 SERIES,9,E01025477,0,1
2025010602221,2025,010602221,1,9,0,-1,9,1,8,-1,0,8,0,0,0,0,4,1,-1,2,1,29,6,1499,1,-1,BMW 1 SERIES,3,E01002303,0,2
2025430168729,2025,430168729,1,9,0,5,5,7,3,0,0,1,0,0,0,0,1,1,6,6,1,36,7,1598,2,-1,BMW 1 SERIES,8,E01034460,0,1
2025041597656,2025,041597656,1,9,0,-1,9,5,3,-1,0,0,0,0,0,0,3,1,-1,9,2,43,7,1499,1,-1,BMW 1 SERIES,2,E01025247,0,3
2025421654041,2025,421654041,1,9,0,-1,6,4,3,-1,0,0,0,0,0,0,3,1,-1,9,1,78,11,1596,1,-1,BMW 1 SERIES,3,E01022049,0,1
2025991569002,2025,991569002,1,9,0,-1,19,4,8,-1,0,0,0,0,0,0,1,1,-1,6,1,27,6,1995,2,-1,BMW 1 SERIES,3,-1,0,3
2025201661427,2025,201661427,1,9,0,-1,5,2,5,-1,0,1,0,0,0,0,1,1,-1,6,1,58,9,1998,8,-1,BMW 3 SERIES,2,E01010039,0,1
2025451573780,2025,451573780,2,9,0,-1,19,1,5,-1,0,0,0,0,0,0,1,9,-1,6,1,60,9,1995,2,-1,BMW 3 SERIES,4,E01030824,0,1
2025991544730,2025,991544730,1,9,0,-1,19,3,7,-1,0,2,0,0,0,0,4,1,-1,2,1,34,6,1995,2,-1,BMW 3 SERIES,1,E01012039,0,5
2025311674938,2025,311674938,2,9,0,-1,2,0,0,-1,0,0,0,4,0,0,2,1,-1,6,1,24,5,1995,2,-1,BMW 3 SERIES,-1,-1,0,-1
2025471574425,2025,471574425,2,9,0,-1,19,8,4,-1,0,8,0,0,0,0,3,1,-1,9,1,69,10,2000,2,-1,BMW 3 SERIES,10,E01031822,0,3
2025010585946,2025,010585946,1,9,0,-1,19,8,4,-1,0,2,0,0,0,0,1,1,-1,6,1,30,6,1995,1,-1,BMW 3 SERIES,2,E01003051,0,1
2025041593083,2025,041593083,1,9,0,-1,19,1,5,-1,0,0,0,0,0,0,1,1,-1,9,1,46,8,1995,2,-1,BMW 3 SERIES,7,E01025568,0,1
2025201607941,2025,201607941,1,9,0,-1,19,7,3,-1,0,0,0,0,0,0,1,1,-1,6,2,44,7,1995,2,-1,BMW 3 SERIES,1,E01033646,0,2
2025010600947,2025,010600947,1,9,0,-1,19,5,1,-1,0,0,0,0,0,0,1,1,-1,6,1,18,4,1995,1,-1,BMW 3 SERIES,-1,-1,0,-1
2025351601357,2025,351601357,2,9,0,-1,7,3,1,-1,0,8,0,0,4,3,4,1,-1,6,2,50,8,1995,2,-1,BMW 3 SERIES,2,E01015601,0,1
2025041646633,2025,041646633,2,9,0,-1,3,3,3,-1,0,0,0,0,0,0,1,1,-1,9,2,28,6,2993,2,-1,BMW 3 SERIES,3,E01012699,0,2
2025552500341,2025,552500341,1,9,0,18,19,2,6,0,0,0,0,0,0,0,1,1,5,6,1,31,6,2497,1,-1,BMW 3 SERIES,2,E01015379,0,1
2025302500915,2025,302500915,2,9,0,-1,19,6,2,-1,0,0,0,4,0,0,1,1,-1,6,1,43,7,1995,2,-1,BMW 3 SERIES,8,E01013546,0,2
2025041630975,2025,041630975,2,9,0,-1,19,1,5,-1,0,0,1,2,0,0,4,1,-1,9,1,27,6,1995,1,-1,BMW 3 SERIES,7,-1,0,5
2025430036280,2025,430036280,2,9,0,18,19,4,8,0,0,0,0,0,0,0,1,1,1,1,1,40,7,2993,2,-1,BMW 3 SERIES,9,E01017833,0,4
2025061615624,2025,061615624,3,9,0,-1,4,7,3,-1,0,0,0,0,0,0,2,1,-1,9,1,37,7,1995,2,-1,BMW 3 SERIES,1,E01011658,0,4
2025430181122,2025,430181122,1,9,0,18,19,9,9,0,0,0,0,0,0,0,1,1,6,6,1,-1,-1,1199,1,-1,CITROEN C3,-1,-1,0,-1
2025991655854,2025,991655854,2,9,0,-1,2,0,0,-1,0,0,0,0,0,0,2,9,-1,6,2,34,6,1199,1,-1,CITROEN C3,2,-1,0,1
2025540513125,2025,540513125,2,9,0,4,4,4,8,0,0,0,0,0,0,0,2,1,5,6,2,37,7,1200,1,-1,CITROEN C3,3,E01015477,0,2
2025211589745,2025,211589745,2,9,0,-1,19,8,4,-1,0,0,0,0,0,0,1,1,-1,2,2,47,8,1560,2,-1,CITROEN C3,5,E01029345,0,2
2025201650381,2025,201650381,2,9,0,-1,19,3,7,-1,0,8,0,0,0,0,1,1,-1,6,1,57,9,1199,1,-1,CITROEN C3,-1,-1,0,-1
2025201561009,2025,201561009,2,9,0,-1,19,2,5,-1,0,0,0,0,0,0,1,1,-1,6,1,89,11,1199,1,-1,CITROEN C3,1,E01009297,0,2
2025451609619,2025,451609619,1,9,0,-1,4,5,1,-1,0,0,0,0,0,0,3,1,-1,1,1,46,8,1398,2,-1,CITROEN C3,5,E01030971,0,1
2025440266375,2025,440266375,4,9,0,3,3,6,2,0,0,1,0,0,0,0,3,1,5,6,2,59,9,1560,2,-1,CITROEN C3,8,E01023001,0,1
2025501544270,2025,501544270,1,9,0,-1,5,7,5,-1,0,8,0,0,0,0,4,1,-1,2,1,71,10,1560,2,-1,CITROEN C3,1,E01020094,0,1
2025010566157,2025,010566157,1,9,0,-1,9,3,2,-1,0,5,0,0,0,0,1,1,-1,2,1,25,5,1360,1,-1,CITROEN C3,10,E01000325,0,3
2025010578894,2025,010578894,2,9,0,-1,3,5,1,-1,0,0,0,0,0,0,2,1,-1,9,1,27,6,1991,1,-1,MERCEDES AMG CLASS,2,E01033485,0,1
2025451578444,2025,451578444,2,9,0,-1,4,8,8,-1,0,0,0,0,0,0,2,1,-1,9,2,66,10,2999,8,-1,MERCEDES AMG CLASS,8,E01030346,0,1
2025991648573,2025,991648573,1,9,0,-1,5,1,5,-1,0,0,0,0,3,0,1,9,-1,6,1,41,7,2996,1,-1,MERCEDES AMG CLASS,5,-1,0,4
2025501569874,2025,501569874,2,9,0,-1,19,3,6,-1,0,1,0,0,0,0,1,1,-1,6,1,63,9,1199,1,-1,VAUXHALL MOKKA,3,E01020285,0,1
2025010577090,2025,010577090,1,9,0,-1,99,9,9,-1,99,9,9,99,9,99,9,9,-1,6,3,-1,-1,1199,1,-1,VAUXHALL MOKKA,-1,-1,0,-1
2025131555247,2025,131555247,1,9,0,-1,19,5,1,-1,0,0,0,0,0,0,1,1,-1,9,2,74,10,1199,1,-1,VAUXHALL MOKKA,9,E01013431,0,4
2025010590923,2025,010590923,2,9,0,-1,19,5,1,-1,0,3,0,0,0,0,1,1,-1,9,1,30,6,1199,1,-1,VAUXHALL MOKKA,3,E01003101,0,1
2025041666839,2025,041666839,1,9,0,-1,5,3,3,-1,0,1,0,0,0,0,3,1,-1,6,2,34,6,1199,1,-1,VAUXHALL MOKKA,1,E01012575,0,1
2025440483123,2025,440483123,1,9,0,-1,3,3,7,-1,0,0,0,0,0,0,2,1,-1,2,2,53,8,1364,1,-1,VAUXHALL MOKKA,10,E01032854,0,1
2025340WN3102,2025,340WN3102,1,9,0,-1,5,7,3,-1,0,4,0,0,0,0,3,1,-1,6,2,25,5,1199,1,-1,VAUXHALL MOKKA,7,E01027202,0,1
2025501548991,2025,501548991,2,9,0,-1,15,7,3,-1,0,0,0,0,0,0,4,1,-1,6,1,61,9,1598,1,-1,VAUXHALL MOKKA,5,E01018960,0,4
2025231584780,2025,231584780,2,9,0,-1,19,4,8,-1,0,8,0,0,0,0,1,1,-1,6,2,74,10,1364,1,-1,VAUXHALL MOKKA,5,E01025818,0,1
2025991572366,2025,991572366,1,9,0,-1,19,3,7,-1,0,6,0,0,0,0,1,1,-1,9,2,46,8,1199,1,-1,VAUXHALL MOKKA,2,-1,0,1
2025010613516,2025,010613516,1,9,0,-1,9,3,1,-1,6,6,0,0,0,0,4,1,-1,2,2,23,5,1199,1,-1,VAUXHALL MOKKA,3,E01001833,0,1
2025361683042,2025,361683042,1,9,0,-1,19,1,4,-1,0,0,1,0,0,0,1,1,-1,6,2,78,11,1598,1,-1,VAUXHALL MOKKA,8,E01026929,0,3
2025430569967,2025,430569967,3,9,0,-1,5,6,2,-1,0,0,0,0,0,0,2,1,-1,6,2,27,6,-1,3,-1,VAUXHALL MOKKA,9,E01016808,0,1
2025522600383,2025,522600383,3,9,0,-1,19,7,3,-1,0,0,0,0,0,0,3,1,-1,6,3,-1,-1,1998,1,-1,BMW X1,-1,-1,0,-1
2025411600767,2025,411600767,2,9,0,-1,3,7,3,-1,0,0,0,0,0,0,1,1,-1,6,1,60,9,1995,2,-1,BMW X1,5,E01023331,0,2
2025332500880,2025,332500880,1,10,0,-1,7,7,1,-1,0,4,0,0,0,0,3,1,-1,9,1,66,10,-1,-1,-1,BMW X1,1,E01011025,0,5
2025610031425,2025,610031425,2,9,0,18,19,2,6,0,0,0,0,0,2,7,2,1,5,6,1,71,10,1999,1,-1,MAZDA MX-5,9,E01019589,0,5
2025010592344,2025,010592344,1,9,0,-1,19,1,5,-1,0,0,1,0,0,0,1,1,-1,6,1,27,6,1798,1,-1,MAZDA MX-5,1,E01034265,0,5
2025991577789,2025,991577789,3,9,0,-1,2,0,0,-1,0,0,0,0,0,0,2,1,-1,6,-1,-1,-1,-1,-1,-1,NISSAN NV200,-1,-1,0,-1
2025041580007,2025,041580007,1,9,0,-1,7,1,7,-1,0,5,0,0,0,0,3,1,-1,2,1,45,7,2982,2,-1,TOYOTA HILUX,6,E01025195,0,1
2025430498159,2025,430498159,2,9,0,3,3,2,6,0,0,0,0,0,0,0,2,1,5,6,1,34,6,-1,3,-1,VOLKSWAGEN ID5,9,E01028444,0,1
2025122500294,2025,122500294,4,9,0,3,3,8,4,0,0,0,0,0,0,0,2,1,2,2,1,46,8,-1,3,-1,VOLKSWAGEN ID5,10,E01033496,0,4
2025041597656,2025,041597656,2,9,0,-1,19,1,5,-1,0,0,5,2,0,0,3,1,-1,2,2,27,6,999,1,-1,VOLKSWAGEN T-ROC,1,E01012594,0,1
2025070881191,2025,070881191,2,9,0,-1,19,1,5,-1,0,1,1,0,0,0,1,1,-1,7,2,22,5,1968,2,-1,VOLKSWAGEN T-ROC,5,E01018483,0,1
2025010569066,2025,010569066,1,9,0,-1,99,9,9,-1,99,9,9,99,9,99,4,9,-1,-1,2,42,7,999,1,-1,VOLKSWAGEN T-ROC,8,E01023433,0,4
2025122600432,2025,122600432,2,9,0,18,19,2,7,0,0,1,0,0,0,0,1,1,6,6,1,78,11,1498,1,-1,VOLKSWAGEN T-ROC,3,E01011023,0,4
2025122501207,2025,122501207,2,9,0,18,19,3,7,0,0,0,0,0,0,0,1,1,5,6,1,63,9,1498,1,-1,VOLKSWAGEN T-ROC,6,-1,0,5
2025451654123,2025,451654123,2,3,0,-1,19,8,4,-1,0,1,0,0,0,0,4,1,-1,9,2,31,6,125,1,-1,YAMAHA GPD,-1,-1,0,-1
2025010560717,2025,010560717,1,3,0,-1,99,9,9,-1,99,9,9,99,9,99,1,1,-1,-1,1,27,6,125,1,-1,YAMAHA GPD,3,E01000901,0,1
2025010564352,2025,010564352,1,4,0,-1,19,6,2,-1,0,1,0,0,0,0,1,1,-1,2,1,31,6,125,1,-1,YAMAHA GPD,3,E01003625,0,2
2025010616476,2025,010616476,1,3,0,-1,4,3,7,-1,0,0,0,0,0,0,1,1,-1,6,1,24,5,125,1,-1,YAMAHA GPD,1,E01024308,0,3
2025010564764,2025,010564764,1,3,0,-1,99,9,9,-1,99,9,9,99,9,99,9,1,-1,1,1,25,5,125,1,-1,YAMAHA GPD,3,E01030744,0,4
2025010565587,2025,010565587,2,3,0,-1,19,7,3,-1,0,8,0,0,0,0,1,1,-1,1,1,27,6,125,1,-1,YAMAHA GPD,-1,-1,0,-1
2025010614727,2025,010614727,1,3,0,-1,13,9,9,-1,99,0,9,99,9,99,1,1,-1,2,1,59,9,125,1,-1,YAMAHA GPD,3,E01000622,0,1
2025451555627,2025,451555627,1,3,0,-1,19,3,7,-1,0,0,0,0,4,0,1,1,-1,1,1,32,6,125,1,-1,YAMAHA GPD,9,E01004683,0,4
2025471553636,2025,471553636,2,3,0,-1,19,7,3,-1,0,1,0,0,0,0,1,1,-1,6,1,40,7,125,1,-1,YAMAHA GPD,6,E01016850,0,1
2025340WN3102,2025,340WN3102,2,3,0,-1,19,5,1,-1,0,8,0,0,0,0,1,1,-1,6,1,25,5,125,1,-1,YAMAHA GPD,2,E01027161,0,1
2025451593103,2025,451593103,1,3,0,-1,19,5,1,-1,0,2,0,0,0,0,1,1,-1,1,1,27,6,125,1,-1,YAMAHA GPD,4,E01003102,0,4
2025201641546,2025,201641546,1,9,0,-1,19,3,7,-1,0,8,0,0,3,0,1,1,-1,6,-1,-1,-1,998,1,-1,FORD ECOSPORT,-1,-1,0,-1
2025451602290,2025,451602290,1,9,0,-1,11,4,8,-1,0,0,0,0,1,7,1,1,-1,9,1,56,9,1498,1,-1,FORD ECOSPORT,6,E01010075,0,5
2025161620450,2025,161620450,1,9,0,-1,19,7,3,-1,0,1,0,0,0,0,1,1,-1,9,2,67,10,998,1,-1,FORD ECOSPORT,4,E01012756,0,1
2025501619086,2025,501619086,1,3,0,-1,13,4,8,-1,0,8,0,0,0,0,3,1,-1,6,1,28,6,125,1,-1,KEEWAY RKS 125,5,E01020083,0,1
2025501550126,2025,501550126,2,9,0,-1,19,7,3,-1,0,0,0,0,0,0,2,1,-1,2,1,62,9,998,1,-1,PEUGEOT 107,10,E01020222,0,3
2025010574035,2025,010574035,2,9,0,-1,19,1,5,-1,0,0,0,0,0,0,2,1,-1,-1,1,57,9,-1,3,-1,SKODA ENYAQ,5,E01033140,0,4
2025231659653,2025,231659653,2,9,0,-1,3,4,8,-1,0,0,1,0,1,0,2,1,-1,9,1,22,5,1390,1,-1,VOLKSWAGEN GOLF,3,E01022457,0,4
2025201577787,2025,201577787,1,9,0,-1,5,8,4,-1,0,1,0,0,0,0,1,1,-1,6,1,21,5,1390,1,-1,VOLKSWAGEN GOLF,-1,-1,0,-1
2025451549128,2025,451549128,1,9,0,-1,19,7,3,-1,0,0,9,10,3,11,3,1,-1,6,1,47,8,1598,2,-1,VOLKSWAGEN GOLF,3,E01023357,0,4
2025501569520,2025,501569520,1,9,0,-1,19,4,8,-1,0,0,0,0,0,0,1,1,-1,2,1,23,5,1968,2,-1,VOLKSWAGEN GOLF,2,E01018857,0,1
2025010605305,2025,010605305,1,9,0,-1,19,3,7,-1,0,8,0,0,0,0,4,1,-1,6,1,21,5,999,1,-1,VOLKSWAGEN GOLF,6,E01004485,0,2
2025361618170,2025,361618170,2,9,0,-1,2,5,8,-1,0,0,0,0,0,0,1,1,-1,9,2,45,7,1896,2,-1,VOLKSWAGEN GOLF,4,E01026278,0,4
2025131611838,2025,131611838,1,9,0,-1,19,2,3,-1,0,2,0,0,0,0,-1,1,-1,6,3,-1,-1,1968,2,-1,VOLKSWAGEN GOLF,3,E01011175,0,2
2025461623970,2025,461623970,2,9,0,-1,19,6,2,-1,0,0,1,0,0,0,2,1,-1,6,1,38,7,1498,1,-1,VOLKSWAGEN GOLF,3,E01034179,0,3
2025161627321,2025,161627321,1,9,0,-1,3,5,1,-1,0,1,0,0,0,0,2,1,-1,6,1,56,9,1390,1,-1,VOLKSWAGEN GOLF,8,E01013053,0,1
2025440494396,2025,440494396,3,9,0,-1,3,2,6,-1,0,0,0,0,0,0,2,1,-1,9,1,41,7,1595,1,-1,VOLKSWAGEN GOLF,9,E01022601,0,1
2025430456031,2025,430456031,3,9,0,18,19,3,7,0,0,2,0,0,0,0,2,1,5,6,1,21,5,1598,2,-1,VOLKSWAGEN GOLF,9,E01028702,0,2
2025461654718,2025,461654718,3,9,0,-1,3,1,5,-1,0,0,0,0,0,0,3,1,-1,1,1,54,8,1498,1,-1,VOLKSWAGEN GOLF,9,E01021132,0,4
2025221594754,2025,221594754,1,9,0,-1,19,8,5,-1,0,0,0,0,0,0,1,1,-1,6,1,26,6,1968,2,-1,VOLKSWAGEN GOLF,5,E01014180,0,3
2025010556929,2025,010556929,2,9,0,99,99,9,9,99,99,0,9,99,9,99,9,9,6,6,1,55,8,1390,1,-1,VOLKSWAGEN GOLF,4,E01003602,0,1
2025501539600,2025,501539600,2,9,0,-1,19,3,7,-1,0,8,0,0,0,0,1,1,-1,9,1,37,7,1598,2,-1,VOLKSWAGEN GOLF,2,E01015181,0,1
2025201550563,2025,201550563,1,9,0,-1,19,8,4,-1,0,0,0,0,0,0,1,1,-1,6,1,40,7,1598,1,-1,VOLKSWAGEN GOLF,-1,-1,0,-1
2025010579452,2025,010579452,1,9,0,-1,19,7,3,-1,-1,6,-1,0,-1,-1,4,1,-1,6,3,-1,-1,1395,1,-1,VOLKSWAGEN GOLF,-1,-1,0,-1
2025461547559,2025,461547559,2,9,0,-1,19,7,8,-1,0,0,5,1,0,0,3,1,-1,2,2,21,5,1984,1,-1,VOLKSWAGEN GOLF,7,E01024448,0,1
2025201561009,2025,201561009,1,9,0,-1,4,2,5,-1,0,0,0,0,0,0,2,1,-1,6,1,57,9,1498,8,-1,VOLKSWAGEN GOLF,-1,-1,0,-1
2025471573212,2025,471573212,1,9,0,-1,19,6,2,-1,0,0,0,0,0,0,4,1,-1,6,1,24,5,1498,1,-1,VOLKSWAGEN GOLF,9,E01017000,0,1
2025531717991,2025,531717991,1,9,0,-1,19,6,2,-1,0,1,0,0,0,0,3,1,-1,6,1,83,11,1395,1,-1,VOLKSWAGEN GOLF,6,E01022175,0,2
2025471538362,2025,471538362,1,9,0,-1,19,7,5,-1,0,0,1,0,1,4,1,1,-1,9,1,19,4,1197,1,-1,VOLKSWAGEN GOLF,5,E01001077,0,4
2025111655574,2025,111655574,2,9,-1,-1,3,2,6,-1,0,0,0,0,0,0,2,9,-1,6,2,63,9,1498,1,-1,VOLKSWAGEN GOLF,10,E01020603,0,1
2025531673358,2025,531673358,1,9,0,-1,19,2,6,-1,0,1,0,0,0,0,4,9,-1,2,2,52,8,1498,1,-1,VOLKSWAGEN GOLF,10,E01022118,0,3
2025471560273,2025,471560273,1,9,0,-1,19,2,6,-1,0,0,0,0,0,0,1,1,-1,9,2,20,4,1395,1,-1,VOLKSWAGEN GOLF,9,E01020944,0,3
2025371675928,2025,371675928,2,9,0,-1,3,5,1,-1,0,0,0,4,0,0,2,2,-1,9,2,65,9,1390,1,-1,VOLKSWAGEN GOLF,7,E01018218,0,1
202517H105425,2025,17H105425,1,9,0,-1,19,7,3,-1,0,0,0,0,1,0,1,1,-1,9,1,53,8,1968,2,-1,VOLKSWAGEN GOLF,1,E01012001,0,2
2025041631266,2025,041631266,1,9,0,-1,19,7,3,-1,0,1,0,0,0,0,3,1,-1,6,-1,-1,-1,1984,1,-1,VOLKSWAGEN GOLF,-1,-1,0,-1
2025430118026,2025,430118026,1,9,0,18,19,8,4,0,0,0,0,0,1,1,1,1,2,2,1,41,7,999,1,-1,VOLKSWAGEN GOLF,6,E01030482,0,4
2025361683042,2025,361683042,2,9,0,-1,19,1,4,-1,0,0,0,0,0,0,2,1,-1,6,2,40,7,1395,1,-1,VOLKSWAGEN GOLF,-1,-1,0,-1
202560C148872,2025,60C148872,1,9,0,6,6,3,3,0,0,0,0,0,1,0,1,1,5,6,1,57,9,2000,1,-1,VOLKSWAGEN GOLF,-1,-1,0,-1
2025131558480,2025,131558480,1,9,0,-1,-1,-1,-1,-1,-1,0,-1,-1,-1,0,-1,1,-1,6,3,-1,-1,1968,2,-1,VOLKSWAGEN GOLF,-1,-1,0,-1
2025531564361,2025,531564361,3,9,0,-1,4,8,4,-1,0,0,0,0,0,0,2,9,-1,6,1,68,10,1598,1,-1,VOLKSWAGEN GOLF,10,E01015521,0,3
2025332500024,2025,332500024,1,9,0,-1,19,4,8,-1,0,0,0,0,0,0,1,1,-1,6,1,23,5,1498,1,-1,VOLKSWAGEN GOLF,6,E01035102,0,3
2025451630532,2025,451630532,4,9,0,-1,19,-1,-1,-1,0,0,0,0,0,0,4,9,-1,6,3,-1,-1,1498,8,-1,VOLKSWAGEN GOLF,-1,-1,0,-1
2025471560273,2025,471560273,3,9,0,-1,3,2,6,-1,0,0,0,0,0,0,2,1,-1,9,1,26,6,1984,1,-1,VOLKSWAGEN GOLF,9,E01021175,0,1
2025010561082,2025,010561082,2,9,0,-1,9,8,6,-1,0,1,0,0,0,0,1,1,-1,6,1,28,6,1395,1,-1,VOLKSWAGEN GOLF,-1,-1,0,-1
2025010553846,2025,010553846,1,9,0,-1,19,8,4,-1,0,0,0,0,0,0,1,1,-1,2,1,29,6,1395,1,-1,VOLKSWAGEN GOLF,7,E01000377,0,2
2025401668360,2025,401668360,2,9,0,-1,19,5,1,-1,0,0,0,0,0,0,1,1,-1,6,1,19,4,1968,2,-1,VOLKSWAGEN GOLF,2,E01004702,0,4
2025371649437,2025,371649437,2,9,0,-1,2,0,0,-1,0,0,0,0,0,0,3,1,-1,6,2,46,8,1498,8,-1,VOLKSWAGEN GOLF,10,E01021403,0,4
2025010585946,2025,010585946,2,9,0,-1,3,8,4,-1,0,2,0,0,0,0,2,1,-1,6,1,41,7,2000,1,-1,VOLKSWAGEN GOLF,2,E01003188,0,1
2025010555489,2025,010555489,1,9,0,-1,99,9,9,-1,99,9,9,99,9,99,2,9,-1,6,1,50,8,1595,1,-1,VOLKSWAGEN GOLF,7,E01004529,0,1
2025122500294,2025,122500294,3,9,0,3,3,8,4,0,0,0,0,0,0,0,2,1,2,2,1,19,4,1498,1,-1,VOLKSWAGEN GOLF,10,E01011703,0,2
2025201541608,2025,201541608,2,9,0,-1,19,5,1,-1,0,0,0,0,1,0,2,1,-1,1,1,32,6,1598,2,-1,VOLKSWAGEN GOLF,1,E01014124,0,4
2025451630532,2025,451630532,1,9,0,-1,19,3,7,-1,0,0,0,0,0,0,4,1,-1,9,2,21,5,1598,2,-1,VOLKSWAGEN GOLF,10,E01016606,0,2
2025461610529,2025,461610529,1,9,0,-1,5,7,3,-1,0,1,0,4,0,0,3,1,-1,6,1,18,4,1984,1,-1,VOLKSWAGEN GOLF,4,E01024566,0,3
2025471649905,2025,471649905,7,9,0,-1,5,1,5,-1,0,1,0,0,0,0,0,1,-1,1,1,32,6,1995,2,-1,FORD FOCUS,1,E01020992,0,1
2025010614727,2025,010614727,2,9,0,-1,9,9,9,-1,99,0,9,99,9,99,1,9,-1,6,3,-1,-1,999,1,-1,FORD FOCUS,-1,-1,0,-1
2025451539695,2025,451539695,1,9,0,-1,3,5,1,-1,0,0,0,0,0,0,2,1,-1,2,1,34,6,999,1,-1,FORD FOCUS,9,E01031674,0,3
2025211638304,2025,211638304,2,9,0,-1,19,4,5,-1,0,0,0,0,6,0,1,1,-1,9,1,47,8,999,1,-1,FORD FOCUS,2,E01014248,0,2
2025471649905,2025,471649905,8,9,0,-1,4,3,7,-1,0,2,0,0,3,10,1,1,-1,8,1,26,6,1995,2,-1,FORD FOCUS,1,E01020992,0,1
2025010606655,2025,010606655,2,9,0,-1,19,1,5,-1,0,0,1,0,7,4,1,1,-1,6,1,51,8,999,1,-1,FORD FOCUS,4,E01002313,0,1
2025421542681,2025,421542681,4,9,0,-1,4,2,6,-1,0,0,0,0,0,0,2,1,-1,6,1,30,6,1596,1,-1,FORD FOCUS,5,E01033788,0,2
2025302500915,2025,302500915,3,9,0,-1,19,6,2,-1,0,0,0,0,5,6,1,1,-1,6,1,21,5,2521,1,-1,FORD FOCUS,7,E01033535,0,2
2025610047425,2025,610047425,1,9,0,18,19,4,8,0,0,0,0,0,0,0,1,1,5,6,1,73,10,1499,2,-1,FORD FOCUS,2,W01001531,0,1
2025451621729,2025,451621729,1,9,0,-1,3,2,7,-1,0,3,0,0,0,0,3,1,-1,9,2,50,8,1596,1,-1,FORD FOCUS,3,E01002610,0,2
2025131582594,2025,131582594,2,9,0,-1,19,4,8,-1,0,2,0,0,0,0,3,1,-1,6,1,72,10,1560,2,-1,FORD FOCUS,2,E01010628,0,1
2025430569967,2025,430569967,1,9,0,-1,19,4,8,-1,0,0,1,0,0,0,1,1,-1,6,2,22,5,1596,1,-1,FORD FOCUS,8,E01017704,0,3
2025332500666,2025,332500666,2,9,0,-1,19,5,1,-1,0,8,0,0,0,0,1,1,-1,9,1,51,8,1499,2,-1,FORD FOCUS,3,E01013777,0,3
2025211629017,2025,211629017,2,9,0,-1,9,6,4,-1,0,6,0,0,7,11,4,1,-1,2,1,33,6,999,1,-1,FORD FOCUS,3,E01029410,0,1
2025231663510,2025,231663510,1,9,0,-1,19,4,8,-1,0,0,0,0,0,0,1,1,-1,6,2,33,6,1499,2,-1,FORD FOCUS,8,E01035018,0,2
2025141688138,2025,141688138,1,9,0,-1,9,7,5,-1,0,0,0,0,0,0,3,1,-1,9,1,27,6,1999,1,-1,FORD FOCUS,5,E01007681,0,2
2025201648994,2025,201648994,2,9,0,-1,13,2,6,-1,0,0,0,0,0,0,1,1,-1,6,1,61,9,1596,1,-1,FORD FOCUS,-1,-1,0,-1
2025522501469,2025,522501469,1,9,0,-1,3,6,2,-1,0,1,0,0,0,0,2,1,-1,9,2,35,6,1560,2,-1,FORD FOCUS,4,E01014496,0,3
2025141577162,2025,141577162,1,9,0,-1,19,1,6,-1,0,0,0,0,0,0,1,1,-1,9,1,19,4,1596,1,-1,FORD FOCUS,3,E01007550,0,1
2025340NN3132,2025,340NN3132,3,9,0,-1,3,7,3,-1,0,0,0,0,0,0,2,1,-1,6,1,62,9,1989,1,-1,FORD FOCUS,-1,-1,0,-1
2025991587352,2025,991587352,1,9,0,-1,19,7,3,-1,0,0,0,4,0,0,1,1,-1,9,1,77,11,1596,1,-1,FORD FOCUS,3,-1,0,1
2025070835033,2025,070835033,3,9,0,-1,3,5,1,-1,0,1,0,0,0,0,2,1,-1,9,1,22,5,998,1,-1,FORD FOCUS,9,E01018500,0,3
2025340WN2842,2025,340WN2842,1,9,0,-1,19,4,1,-1,0,1,0,0,0,0,1,1,-1,6,1,-1,-1,1560,2,-1,FORD FOCUS,-1,-1,0,-1
2025501659468,2025,501659468,1,9,0,-1,19,3,2,-1,0,1,0,0,0,0,3,1,-1,9,2,23,5,1997,2,-1,FORD FOCUS,3,E01018989,0,2
2025501573860,2025,501573860,1,9,0,-1,13,5,1,-1,0,0,0,10,7,3,1,1,-1,9,2,76,11,1596,1,-1,FORD FOCUS,5,E01020308,0,3
2025451630532,2025,451630532,3,9,0,-1,19,-1,-1,-1,0,0,0,0,0,0,1,9,-1,2,1,58,9,999,1,-1,FORD FOCUS,5,E01030724,0,2
2025031566380,2025,031566380,1,9,0,-1,19,5,1,-1,0,0,0,0,0,0,1,1,-1,9,1,77,11,1753,2,-1,FORD FOCUS,1,E01019139,0,1
2025430480868,2025,430480868,1,9,0,-1,19,6,2,-1,0,0,0,0,0,0,3,1,-1,9,1,56,9,999,1,-1,FORD FOCUS,1,E01016372,0,1
2025101554581,2025,101554581,2,9,0,-1,4,7,3,-1,0,0,0,0,0,0,2,1,-1,1,1,30,6,999,8,-1,FORD FOCUS,2,E01020737,0,4
2025340NN5252,2025,340NN5252,2,9,0,-1,4,7,3,-1,0,0,0,0,0,0,2,1,-1,6,2,42,7,1596,1,-1,FORD FOCUS,10,E01025797,0,3
2025461636197,2025,461636197,5,9,0,-1,2,0,0,-1,0,0,0,0,0,0,2,1,-1,9,1,81,11,1560,2,-1,FORD FOCUS,7,E01024037,0,1
2025041606350,2025,041606350,1,9,0,-1,19,3,7,-1,0,1,0,2,0,0,1,1,-1,6,2,48,8,1499,2,-1,FORD FOCUS,4,E01025567,0,1
2025061565455,2025,061565455,2,9,0,-1,2,0,0,-1,0,0,0,0,0,0,2,1,-1,6,1,31,6,1596,1,-1,FORD FOCUS,2,E01005220,0,3
202517S306425,2025,17S306425,2,9,0,-1,19,3,7,-1,0,0,0,0,0,0,1,1,-1,9,1,27,6,999,8,-1,FORD FOCUS,1,E01012050,0,1
2025201650476,2025,201650476,1,9,0,-1,2,0,0,-1,9,0,0,0,1,0,4,1,-1,6,1,73,10,999,1,-1,FORD FOCUS,4,E01010100,0,1
2025440494396,2025,440494396,2,9,0,-1,3,2,6,-1,0,0,0,0,0,0,2,1,-1,9,2,50,8,999,8,-1,FORD FOCUS,8,E01022615,0,1
2025141676777,2025,141676777,1,9,0,-1,9,6,2,-1,0,6,0,0,0,0,3,1,-1,6,1,35,6,999,1,-1,FORD FOCUS,1,E01008012,0,1
2025501539600,2025,501539600,1,9,0,-1,9,1,7,-1,0,6,0,0,0,0,1,1,-1,6,3,-1,-1,1560,2,-1,FORD FOCUS,-1,-1,0,-1
2025351588689,2025,351588689,1,9,0,-1,4,6,2,-1,0,0,0,0,0,0,2,1,-1,2,1,43,7,1499,2,-1,FORD FOCUS,6,E01018061,0,3
2025010554031,2025,010554031,1,9,0,5,5,1,5,0,0,1,0,11,0,0,1,1,5,6,2,36,7,1596,1,-1,FORD FOCUS,2,E01034472,0,1
2025451630532,2025,451630532,5,9,0,-1,19,3,7,-1,0,0,0,0,0,0,4,1,-1,6,3,30,6,1560,2,-1,FORD FOCUS,-1,-1,0,-1
2025546474325,2025,546474325,3,9,0,4,4,2,6,0,0,0,0,0,0,0,2,1,6,6,1,22,5,1596,1,-1,FORD FOCUS,8,E01012532,0,5
2025411665955,2025,411665955,3,9,0,-1,4,3,7,-1,0,0,0,0,0,0,2,1,-1,6,1,44,7,1596,1,-1,FORD FOCUS,8,E01015797,0,3
2025201634324,2025,201634324,1,9,0,-1,19,5,1,-1,0,0,0,0,0,0,1,1,-1,6,1,-1,-1,1499,2,-1,FORD FOCUS,-1,-1,0,-1
2025221656627,2025,221656627,2,9,0,-1,7,8,2,-1,0,5,0,0,1,0,3,1,-1,9,1,68,10,1596,1,-1,FORD FOCUS,7,E01032126,0,3
2025411574744,2025,411574744,4,9,0,-1,19,3,7,-1,0,0,0,0,0,0,2,1,-1,6,1,38,7,1596,1,-1,FORD FOCUS,10,E01002254,0,4
2025421644162,2025,421644162,1,9,0,-1,19,1,5,-1,0,0,0,2,0,0,1,1,-1,9,1,47,8,1596,1,-1,FORD FOCUS,5,E01021848,0,1
2025371578905,2025,371578905,1,9,-1,-1,-1,3,4,-1,-1,-1,-1,-1,-1,0,-1,9,-1,9,2,34,6,1332,1,-1,MERCEDES GLA CLASS,6,E01029879,0,2
2025010591067,2025,010591067,3,9,0,-1,99,9,9,-1,99,9,9,99,9,99,-1,9,-1,6,3,-1,-1,1332,1,-1,MERCEDES GLA CLASS,-1,-1,0,-1
2025231684432,2025,231684432,4,9,0,-1,3,1,5,-1,0,0,0,0,0,0,2,9,-1,6,2,33,6,999,1,-1,MG ZS,3,E01029635,0,4
2025440548191,2025,440548191,1,9,0,-1,19,2,6,-1,0,1,0,0,7,1,1,1,-1,9,1,81,11,999,1,-1,MG ZS,10,E01022987,0,1
2025541748207,2025,541748207,2,9,0,-1,3,6,2,-1,0,2,0,0,0,0,2,1,-1,6,2,64,9,999,1,-1,MG ZS,10,E01031905,0,3
2025610031425,2025,610031425,4,9,0,18,19,2,6,0,0,0,0,0,0,0,2,1,5,6,1,61,9,-1,3,-1,MG ZS,8,W01001030,0,4
2025201634324,2025,201634324,2,9,0,-1,19,5,1,-1,0,0,0,0,0,0,2,1,-1,6,2,38,7,-1,3,-1,MG ZS,6,E01009618,0,1
2025010566263,2025,010566263,2,9,0,-1,2,0,0,-1,0,0,0,0,0,0,4,2,-1,6,3,-1,-1,1495,1,-1,MG ZS,-1,-1,0,-1
2025061559951,2025,061559951,1,9,0,-1,19,-1,-1,-1,0,0,0,0,0,0,1,1,-1,6,2,-1,-1,2995,1,-1,PORSCHE MACAN,3,E01012585,0,4
2025471550850,2025,471550850,2,9,0,-1,2,7,7,-1,0,1,0,2,0,0,2,1,-1,9,1,79,11,2894,1,-1,PORSCHE MACAN,1,E01035301,0,4
2025451539185,2025,451539185,1,9,0,-1,12,1,5,-1,0,0,0,0,0,0,3,1,-1,1,1,51,8,3604,1,-1,PORSCHE MACAN,10,E01030902,0,3
2025461623970,2025,461623970,1,9,0,-1,19,6,2,-1,0,0,1,6,0,0,1,1,-1,6,1,27,6,1984,1,-1,AUDI A4,4,E01000722,0,2
2025041670222,2025,041670222,1,9,0,-1,19,3,7,-1,0,8,0,0,0,0,4,1,-1,9,2,46,8,1968,2,-1,AUDI A4,3,E01024892,0,1
2025471563823,2025,471563823,2,9,0,-1,4,5,1,-1,0,0,0,0,0,0,2,1,-1,1,1,36,7,1986,2,-1,AUDI A4,8,E01031812,0,1
2025440184037,2025,440184037,2,9,0,18,19,7,7,0,0,0,0,0,0,0,3,1,2,2,1,38,7,1968,2,-1,AUDI A4,8,E01017286,0,1
2025471686735,2025,471686735,2,9,0,-1,14,1,5,-1,0,0,0,0,0,0,2,1,-1,9,1,28,6,1984,1,-1,AUDI A4,3,E01016922,0,1
2025991542091,2025,991542091,1,9,0,-1,19,1,5,-1,0,0,0,0,0,0,1,1,-1,6,1,42,7,1968,2,-1,AUDI A4,8,-1,0,4
2025421542681,2025,421542681,2,9,0,-1,4,2,6,-1,0,0,0,0,0,0,2,1,-1,9,1,63,9,1984,1,-1,AUDI A4,5,E01035169,0,4
2025010567994,2025,010567994,2,9,0,-1,19,1,5,-1,0,1,0,0,0,0,3,1,-1,2,1,36,7,1968,2,-1,AUDI A4,4,E01002308,0,3
2025430544153,2025,430544153,1,9,0,-1,6,2,2,-1,0,0,0,0,0,0,3,1,-1,9,2,51,8,1968,2,-1,AUDI A4,2,E01028569,0,1
2025311675434,2025,311675434,2,9,0,-1,19,1,5,-1,0,1,0,4,0,0,1,1,-1,2,1,23,5,1984,1,-1,AUDI A4,-1,-1,0,-1
2025531564361,2025,531564361,1,9,0,-1,4,8,4,-1,0,0,0,0,0,0,1,9,-1,6,2,33,6,1968,2,-1,AUDI A4,10,E01022197,0,1
2025461609020,2025,461609020,1,9,0,-1,19,8,5,-1,0,1,0,2,0,0,1,1,-1,6,1,42,7,1984,1,-1,AUDI A4,7,E01024798,0,2
2025501638991,2025,501638991,1,5,0,-1,19,4,8,-1,0,0,2,0,0,0,3,1,-1,6,1,69,10,1200,1,-1,HARLEY-DAVIDSON XL,4,E01020321,0,1
2025211569849,2025,211569849,2,5,0,-1,19,7,3,-1,0,0,0,0,0,0,1,1,-1,9,1,45,7,883,1,-1,HARLEY-DAVIDSON XL,-1,-1,0,-1
2025231545703,2025,231545703,1,4,0,-1,3,2,6,-1,0,0,0,0,0,0,4,1,-1,9,1,78,11,499,1,-1,ROYAL ENFIELD BULLET,8,E01029486,0,4
2025471568280,2025,471568280,2,9,0,-1,3,6,2,-1,0,0,0,0,0,0,2,1,-1,6,2,28,6,1329,1,-1,TOYOTA AURIS,8,E01021055,0,2
2025332500386,2025,332500386,1,9,0,-1,3,5,1,-1,0,0,0,0,0,0,2,1,-1,9,2,33,6,1598,1,-1,TOYOTA AURIS,2,E01013634,0,1
2025010583528,2025,010583528,1,9,0,-1,9,5,4,-1,4,5,0,0,0,0,4,1,-1,1,1,49,8,1798,8,-1,TOYOTA AURIS,2,E01033883,0,2
2025201675994,2025,201675994,1,8,0,-1,19,1,5,-1,0,3,0,0,0,0,4,1,-1,6,1,58,9,1798,8,-1,TOYOTA AURIS,4,E01009138,0,3
2025052500860,2025,052500860,2,9,0,3,3,3,7,0,0,0,0,0,0,0,2,1,2,2,1,26,6,1798,8,-1,TOYOTA AURIS,1,E01006874,0,3
2025421614916,2025,421614916,2,9,0,-1,5,7,7,-1,0,1,0,0,0,0,2,1,-1,6,2,71,10,1598,1,-1,TOYOTA AURIS,8,E01003655,0,1
2025161656804,2025,161656804,2,9,0,-1,19,5,1,-1,0,0,0,0,0,0,2,1,-1,9,2,47,8,1598,1,-1,TOYOTA AURIS,6,E01013163,0,1
2025061615624,2025,061615624,2,9,0,-1,4,7,3,-1,0,0,0,0,0,0,1,1,-1,9,1,63,9,1798,8,-1,TOYOTA AURIS,4,E01011898,0,4
2025371662083,2025,371662083,2,8,0,-1,3,1,5,-1,0,0,0,0,0,0,2,1,-1,1,1,22,5,1364,2,-1,TOYOTA AURIS,1,E01033130,0,1
2025010596420,2025,010596420,2,19,4,-1,2,0,0,-1,0,2,0,0,0,0,2,1,-1,6,-1,-1,-1,1995,2,-1,FORD TRANSIT,-1,-1,0,-1
2025371658443,2025,371658443,1,19,0,-1,19,5,1,-1,0,1,0,0,0,0,4,1,-1,9,1,60,9,2198,2,-1,FORD TRANSIT,5,E01030245,0,3
2025010571975,2025,010571975,1,19,0,99,99,9,9,99,99,9,9,99,9,99,9,9,6,6,3,-1,-1,1995,2,-1,FORD TRANSIT,-1,-1,0,-1
2025010575976,2025,010575976,2,19,0,-1,99,9,9,-1,99,9,9,99,9,99,9,9,-1,6,1,52,8,1995,2,-1,FORD TRANSIT,4,E01004536,0,1
2025010608539,2025,010608539,1,10,0,-1,9,5,3,-1,0,8,0,0,0,0,1,1,-1,1,1,60,9,1995,2,-1,FORD TRANSIT,4,E01000904,0,1
2025421552143,2025,421552143,2,19,0,-1,2,0,0,-1,0,0,0,0,0,0,2,1,-1,1,1,28,6,1995,2,-1,FORD TRANSIT,1,E01026688,0,4
2025991553495,2025,991553495,1,20,0,-1,9,6,4,-1,0,6,0,0,0,0,3,1,-1,1,1,27,6,1995,2,-1,FORD TRANSIT,-1,-1,0,-1
2025031611726,2025,031611726,1,19,0,-1,19,8,4,-1,0,0,0,0,0,0,1,1,-1,1,1,56,9,1995,2,-1,FORD TRANSIT,1,E01006144,0,5
2025010605543,2025,010605543,2,19,0,-1,5,1,5,-1,0,8,0,0,0,0,0,1,-1,6,1,25,5,1995,2,-1,FORD TRANSIT,7,E01000334,0,4
2025531542649,2025,531542649,1,19,0,-1,5,3,7,-1,0,4,0,0,0,0,1,1,-1,1,1,37,7,1995,2,-1,FORD TRANSIT,6,E01022379,0,2
2025311649166,2025,311649166,2,19,0,-1,3,1,5,-1,0,0,0,0,0,0,2,1,-1,1,1,39,7,2198,2,-1,FORD TRANSIT,3,E01022738,0,5
2025991607287,2025,991607287,2,19,0,-1,19,8,4,-1,0,0,0,0,0,0,2,9,-1,6,1,30,6,1995,2,-1,FORD TRANSIT,3,-1,0,4
2025231687009,2025,231687009,1,19,0,-1,19,4,8,-1,0,0,0,0,0,0,1,1,-1,1,1,32,6,1995,2,-1,FORD TRANSIT,8,E01025854,0,1
202517H105425,2025,17H105425,4,19,0,-1,3,7,3,-1,0,0,0,0,0,0,2,1,-1,1,1,63,9,1995,2,-1,FORD TRANSIT,10,E01027513,0,4
2025541662913,2025,541662913,3,19,0,-1,3,6,1,-1,0,0,0,0,0,0,2,1,-1,1,1,36,7,2402,2,-1,FORD TRANSIT,7,E01015560,0,4
2025501681842,2025,501681842,1,19,0,-1,19,5,2,-1,0,1,0,0,0,0,3,1,-1,1,1,66,10,2198,2,-1,FORD TRANSIT,5,E01020157,0,2
2025991592446,2025,991592446,1,19,0,-1,19,1,5,-1,0,0,0,0,0,0,1,1,-1,2,1,40,7,2198,2,-1,FORD TRANSIT,1,-1,0,4
2025052500860,2025,052500860,1,19,0,18,19,3,7,0,0,0,0,4,0,0,1,1,2,2,1,45,7,2198,2,-1,FORD TRANSIT,7,E01007105,0,3
2025461555578,2025,461555578,3,19,0,-1,3,7,3,-1,0,0,0,0,0,0,2,1,-1,2,1,58,9,1995,2,-1,FORD TRANSIT,4,E01021720,0,4
2025361561627,2025,361561627,2,19,0,-1,2,0,0,-1,0,0,0,0,0,0,2,2,-1,1,1,37,7,1995,2,-1,FORD TRANSIT,6,E01030027,0,4
2025141576336,2025,141576336,1,19,0,-1,5,7,3,-1,0,1,0,0,0,0,4,1,-1,9,1,54,8,1995,2,-1,FORD TRANSIT,2,E01007697,0,3
2025201564793,2025,201564793,1,19,0,-1,9,6,4,-1,0,1,0,0,0,0,1,1,-1,2,2,25,5,1995,2,-1,FORD TRANSIT,7,E01009439,0,1
2025010567797,2025,010567797,2,90,0,18,19,2,6,0,0,6,0,0,0,0,1,1,1,1,1,35,6,1995,2,-1,FORD TRANSIT,5,E01024815,0,4
2025052500361,2025,052500361,1,19,0,18,19,1,5,0,0,0,0,0,0,0,1,1,1,1,1,33,6,1995,2,-1,FORD TRANSIT,2,E01006477,0,1
2025010581351,2025,010581351,3,19,0,-1,19,7,3,-1,0,0,0,0,0,0,1,1,-1,1,1,48,8,1995,2,-1,FORD TRANSIT,2,E01003350,0,4
2025471568812,2025,471568812,1,20,0,-1,4,8,5,-1,0,0,0,0,0,0,0,1,-1,1,1,54,8,5880,2,-1,IVECO MODEL MISSING,2,E01017168,0,4
2025991541422,2025,991541422,1,9,0,-1,19,6,2,-1,0,0,0,0,0,0,3,9,-1,6,1,49,8,1490,8,-1,MAZDA 2,1,-1,0,4
2025052600007,2025,052600007,1,9,0,18,19,5,1,0,0,0,5,2,0,0,4,1,5,6,1,73,10,1496,1,-1,MAZDA 2,5,E01007152,0,1
2025520000208,2025,520000208,1,9,0,-1,19,7,3,-1,0,0,0,0,0,0,3,1,-1,6,2,54,8,1498,1,-1,MAZDA 2,10,E01033334,0,3
2025010571390,2025,010571390,1,9,0,-1,6,7,7,-1,0,3,0,2,0,0,4,1,-1,-1,1,21,5,1496,1,-1,MAZDA 2,-1,-1,0,-1
2025211624529,2025,211624529,2,9,0,-1,19,6,2,-1,0,0,0,0,0,0,2,1,-1,6,1,43,7,1349,1,-1,MAZDA 2,7,E01019700,0,4
2025311679007,2025,311679007,1,9,0,-1,5,8,8,-1,0,0,0,0,0,0,1,1,-1,2,2,41,7,1349,1,-1,MAZDA 2,-1,-1,0,-1
2025451653973,2025,451653973,1,19,0,-1,3,4,8,-1,0,8,0,0,0,0,2,1,-1,1,1,29,6,1997,2,-1,NISSAN PRIMASTAR,7,E01030583,0,1
2025351639191,2025,351639191,1,19,0,-1,5,5,3,-1,0,4,0,0,0,0,1,1,-1,1,2,49,8,1997,2,-1,NISSAN PRIMASTAR,5,E01027059,0,4
2025201665715,2025,201665715,1,9,0,-1,5,3,3,-1,0,1,0,0,0,0,1,1,-1,6,2,47,8,1598,8,-1,KIA SPORTAGE,-1,-1,0,-1
2025451654123,2025,451654123,1,9,0,-1,5,3,3,-1,0,1,0,0,0,0,1,1,-1,9,2,81,11,1591,1,-1,KIA SPORTAGE,10,E01030417,0,1
2025451656293,2025,451656293,1,9,0,-1,10,3,1,-1,0,8,0,0,0,0,3,1,-1,9,2,33,6,1685,2,-1,KIA SPORTAGE,9,E01030558,0,2
2025471577431,2025,471577431,2,9,0,-1,19,6,2,-1,0,1,0,0,0,0,3,1,-1,9,2,39,7,1598,1,-1,KIA SPORTAGE,8,E01031659,0,4
2025501546463,2025,501546463,1,9,0,-1,4,1,5,-1,0,0,0,0,0,0,2,1,-1,6,1,36,7,1598,8,-1,KIA SPORTAGE,6,E01018821,0,5
2025991632705,2025,991632705,1,9,0,-1,19,7,3,-1,0,0,0,0,1,0,1,1,-1,9,1,42,7,1995,2,-1,KIA SPORTAGE,9,-1,0,5
2025010603318,2025,010603318,1,9,0,-1,3,9,9,-1,99,1,9,99,9,99,2,9,-1,6,2,36,7,1598,8,-1,KIA SPORTAGE,3,E01004060,0,3
2025041661257,2025,041661257,2,9,0,-1,4,1,5,-1,0,0,0,0,0,0,2,1,-1,9,2,46,8,1598,1,-1,KIA SPORTAGE,8,E01019330,0,4
2025221656627,2025,221656627,1,9,0,-1,7,8,2,-1,0,5,0,0,0,0,4,1,-1,9,1,23,5,1685,2,-1,KIA SPORTAGE,3,E01032236,0,1
2025010609812,2025,010609812,1,9,0,-1,4,3,7,-1,0,0,0,0,0,0,2,1,-1,9,1,32,6,1598,8,-1,KIA SPORTAGE,4,E01003339,0,3
2025430363781,2025,430363781,1,9,0,-1,19,3,7,-1,0,0,0,0,0,0,3,1,-1,9,1,70,10,1968,2,-1,SEAT ALHAMBRA,10,E01016550,0,1
2025522600592,2025,522600592,1,5,0,-1,13,1,5,-1,0,1,0,0,0,0,1,1,-1,6,1,59,9,645,1,-1,SUZUKI SV 650,3,E01014841,0,1
2025471550850,2025,471550850,1,3,0,-1,19,7,3,-1,0,1,0,0,7,0,1,1,-1,9,2,17,4,124,1,-1,MAKE AND MODEL REDACTED,4,E01020957,0,3
2025340NN1522,2025,340NN1522,3,9,0,-1,19,3,7,-1,0,1,0,0,0,0,0,1,-1,6,2,37,7,1597,2,-1,HONDA CIVIC,5,E01027126,0,2
2025211620553,2025,211620553,1,9,0,-1,19,6,2,-1,6,0,2,10,7,0,4,1,-1,9,1,29,6,1998,1,-1,HONDA CIVIC,9,E01029779,0,1
2025351563165,2025,351563165,2,9,0,-1,19,2,6,-1,0,8,0,0,0,0,4,1,-1,6,2,26,6,1590,1,-1,HONDA CIVIC,6,E01035515,0,1
2025141635258,2025,141635258,2,9,0,-1,5,7,3,-1,0,0,0,0,0,0,2,1,-1,9,2,56,9,1798,1,-1,HONDA CIVIC,5,E01013297,0,4
2025991589622,2025,991589622,3,9,0,-1,3,7,3,-1,0,0,0,0,0,0,3,1,-1,6,1,22,5,988,1,-1,HONDA CIVIC,1,-1,0,1
2025311655953,2025,311655953,2,9,0,-1,7,3,1,-1,0,0,0,0,0,0,3,1,-1,2,1,29,6,1597,2,-1,HONDA CIVIC,-1,-1,0,-1
2025010593811,2025,010593811,1,9,0,-1,20,0,0,-1,0,1,0,0,0,0,4,1,-1,6,1,38,7,1339,8,-1,HONDA CIVIC,6,E01003952,0,1
2025461582396,2025,461582396,2,9,0,-1,3,3,7,-1,0,0,0,0,0,0,2,1,-1,6,1,34,6,1799,1,-1,HONDA CIVIC,2,E01024599,0,3
2025471569999,2025,471569999,2,9,0,-1,3,7,3,-1,0,0,0,0,0,0,1,1,-1,9,2,34,6,1498,8,-1,HONDA HR-V,1,E01021019,0,1
2025520600601,2025,520600601,1,9,0,-1,19,5,1,-1,0,0,0,0,0,0,2,1,-1,9,2,30,6,1597,2,-1,HONDA HR-V,6,E01020007,0,4
2025991617968,2025,991617968,1,9,0,-1,19,4,8,-1,0,0,1,0,0,0,1,1,-1,9,2,74,10,1498,8,-1,HONDA HR-V,-1,-1,0,-1
2025430609173,2025,430609173,2,3,0,-1,3,4,8,-1,0,1,0,0,0,0,2,1,-1,1,1,27,6,125,1,-1,MAKE AND MODEL REDACTED,3,E01016720,0,1
2025131651988,2025,131651988,2,9,0,-1,3,8,2,-1,0,8,0,0,0,0,2,1,-1,6,2,45,7,-1,3,-1,NISSAN LEAF,6,E01011802,0,1
2025610031425,2025,610031425,1,9,0,18,19,2,6,0,0,0,0,0,1,0,1,1,5,6,1,35,6,-1,3,-1,NISSAN LEAF,9,W01002016,0,1
2025501588175,2025,501588175,2,9,0,-1,4,5,2,-1,0,0,0,0,0,0,2,1,-1,6,2,44,7,1598,2,-1,NISSAN X-TRAIL,6,E01020335,0,3
2025430054316,2025,430054316,2,9,0,4,4,8,4,0,0,0,0,0,0,0,2,1,5,6,2,57,9,1497,8,-1,NISSAN X-TRAIL,9,E01016324,0,2
2025052500911,2025,052500911,1,19,0,5,5,1,5,0,0,1,0,0,0,0,4,1,6,6,1,45,7,1560,2,-1,PEUGEOT PARTNER,7,E01006689,0,2
2025010606003,2025,010606003,2,19,0,-1,19,1,5,-1,0,1,0,0,0,0,2,1,-1,2,1,38,7,1499,2,-1,PEUGEOT PARTNER,2,E01002851,0,1
2025522600410,2025,522600410,1,19,0,-1,9,8,5,-1,0,6,0,0,0,0,3,1,-1,6,2,32,6,1500,2,-1,PEUGEOT PARTNER,5,E01014500,0,1
2025041597440,2025,041597440,2,9,0,-1,3,5,1,-1,0,0,0,0,0,0,3,1,-1,6,1,34,6,-1,3,-1,TESLA MODEL 3,1,E01034336,0,2
2025991601540,2025,991601540,1,9,0,-1,5,1,4,-1,0,8,0,0,0,0,4,1,-1,1,1,39,7,-1,3,-1,TESLA MODEL 3,9,-1,0,5
2025010604108,2025,010604108,1,9,0,-1,6,7,7,-1,0,3,0,0,0,0,1,1,-1,6,2,33,6,-1,3,-1,TESLA MODEL 3,1,E01000521,0,1
2025010591067,2025,010591067,2,19,0,-1,99,9,9,-1,99,9,9,99,9,99,2,9,-1,6,3,-1,-1,1560,2,-1,CITROEN DISPATCH,4,E01024429,0,4
2025041596092,2025,041596092,1,98,0,-1,7,4,6,-1,0,6,0,0,0,0,1,9,-1,6,3,-1,-1,1560,2,-1,CITROEN DISPATCH,-1,-1,0,-1
2025501674472,2025,501674472,2,9,0,-1,19,2,6,-1,0,0,0,0,1,0,1,1,-1,9,2,76,11,1242,1,-1,FIAT PANDA,4,E01018844,0,2
2025131648236,2025,131648236,2,9,0,-1,4,3,7,-1,0,1,0,0,0,0,2,1,-1,2,2,35,6,1242,1,-1,FIAT PANDA,6,E01011517,0,1
2025311649166,2025,311649166,3,9,0,-1,4,1,5,-1,0,0,0,0,0,0,1,1,-1,6,1,74,10,1242,1,-1,FIAT PANDA,9,E01028421,0,2
2025541662913,2025,541662913,1,9,0,-1,19,6,1,-1,0,0,0,0,0,0,1,1,-1,2,2,57,9,1242,1,-1,FIAT PANDA,5,E01032070,0,1
2025541748207,2025,541748207,1,9,0,-1,19,6,2,-1,0,2,0,0,0,0,1,1,-1,9,2,86,11,1242,1,-1,FIAT PANDA,10,E01031855,0,3
2025361680352,2025,361680352,2,8,0,-1,19,7,3,-1,0,0,0,0,0,0,1,1,-1,1,1,61,9,1995,2,-1,FORD TOURNEO,3,E01026614,0,3
2025541640206,2025,541640206,2,9,0,-1,5,6,2,-1,0,0,0,0,0,0,3,1,-1,6,1,63,9,2198,2,-1,FORD TOURNEO,8,E01032001,0,1
2025010559758,2025,010559758,1,9,0,-1,19,1,5,-1,0,1,0,0,0,0,1,1,-1,6,1,19,4,1598,2,-1,SKODA ROOMSTER,6,E01015740,0,4
2025010561082,2025,010561082,1,9,0,-1,19,4,8,-1,0,1,0,0,0,0,1,1,-1,6,2,72,10,1999,1,-1,FORD MONDEO,-1,-1,0,-1
2025440548191,2025,440548191,2,9,0,-1,8,8,2,-1,0,1,0,0,0,0,4,1,-1,9,1,56,9,1997,2,-1,FORD MONDEO,7,E01023039,0,3
2025131658508,2025,131658508,1,9,0,-1,6,7,3,-1,0,8,0,0,0,0,3,1,-1,6,1,71,10,1997,2,-1,FORD MONDEO,2,E01011137,0,1
2025141663701,2025,141663701,1,9,0,-1,4,3,7,-1,0,1,1,7,4,10,2,1,-1,9,1,39,7,1997,2,-1,FORD MONDEO,1,E01013210,0,4
2025201621269,2025,201621269,2,9,0,-1,19,2,6,-1,0,0,0,0,0,0,1,9,-1,6,3,-1,-1,1999,1,-1,FORD MONDEO,-1,-1,0,-1
2025201602971,2025,201602971,2,9,0,-1,4,5,1,-1,0,0,0,0,0,0,2,1,-1,6,1,28,6,1999,8,-1,FORD MONDEO,-1,-1,0,-1
2025610030825,2025,610030825,1,9,0,4,4,6,2,0,0,0,0,0,0,0,2,1,5,6,1,38,7,1997,2,-1,FORD MONDEO,6,E01022253,0,2
2025991592446,2025,991592446,3,9,0,-1,3,1,5,-1,0,0,0,0,0,0,2,1,-1,9,1,64,9,2179,2,-1,FORD MONDEO,6,-1,0,5
2025421584250,2025,421584250,2,9,0,-1,9,5,2,-1,0,8,0,0,0,0,1,1,-1,2,2,41,7,1997,2,-1,FORD MONDEO,4,E01021674,0,1
2025010562346,2025,010562346,2,9,0,-1,99,9,9,-1,99,9,9,99,9,99,2,9,-1,6,3,-1,-1,2143,2,-1,MERCEDES GLE CLASS,7,E01003665,0,3
2025131644653,2025,131644653,2,9,0,-1,19,1,5,-1,0,0,0,0,0,0,3,1,-1,6,2,58,9,1950,2,-1,MERCEDES GLE CLASS,1,E01009363,0,5
2025531541975,2025,531541975,1,9,0,-1,19,6,2,-1,0,0,0,0,0,0,3,1,-1,9,1,59,9,1999,8,-1,MERCEDES GLE CLASS,-1,-1,0,-1
2025010559187,2025,010559187,1,9,0,5,5,6,2,0,0,1,0,0,0,0,1,1,5,6,1,35,6,1984,1,-1,AUDI Q5,6,E01001599,0,1
2025041627879,2025,041627879,2,9,0,-1,19,3,7,-1,0,8,0,0,0,0,1,1,-1,2,2,60,9,1968,2,-1,AUDI Q5,8,E01025180,0,2
2025010575423,2025,010575423,2,9,0,18,19,3,7,0,0,0,1,2,1,1,1,1,6,6,3,-1,-1,2993,12,-1,BMW 4 SERIES,-1,-1,0,-1
2025122500267,2025,122500267,1,9,0,18,19,1,5,0,0,0,1,0,0,0,1,1,6,6,1,36,7,2993,2,-1,BMW 4 SERIES,8,E01027895,0,1
2025122501425,2025,122501425,1,9,0,18,19,7,3,0,0,0,0,0,0,0,4,1,6,6,2,26,6,1995,2,-1,BMW 4 SERIES,3,E01027612,0,1
2025010578894,2025,010578894,1,9,0,-1,19,5,1,-1,0,0,0,0,0,0,1,1,-1,6,1,23,5,1995,2,-1,BMW 4 SERIES,5,E01000534,0,1
2025010599481,2025,010599481,2,9,0,-1,99,9,9,-1,99,9,9,99,9,99,1,9,-1,6,1,-1,-1,1998,1,-1,BMW 4 SERIES,-1,-1,0,-1
2025501551107,2025,501551107,2,9,0,-1,3,2,6,-1,0,0,0,0,0,0,3,1,-1,2,1,49,8,2993,2,-1,BMW 4 SERIES,8,E01015141,0,4
2025010601338,2025,010601338,1,9,0,-1,19,1,5,-1,0,0,0,0,0,0,3,1,-1,9,1,59,9,1997,1,-1,BMW 4 SERIES,3,E01000404,0,1
2025041565174,2025,041565174,2,9,0,-1,19,3,7,-1,0,8,1,0,0,0,1,1,-1,9,2,30,6,2993,2,-1,BMW 4 SERIES,5,E01012645,0,3
2025101618211,2025,101618211,1,9,0,-1,19,8,4,-1,0,0,0,0,0,0,1,1,-1,9,1,22,5,1998,1,-1,BMW 4 SERIES,-1,-1,0,-1
2025461589570,2025,461589570,1,19,0,-1,19,2,4,-1,0,0,0,0,0,0,1,1,-1,2,1,31,6,1995,2,-1,FORD TRANSIT CUSTOM,4,E01023997,0,2
2025010606003,2025,010606003,1,19,0,-1,19,1,5,-1,0,1,0,0,0,0,1,1,-1,6,1,41,7,1995,2,-1,FORD TRANSIT CUSTOM,5,E01023533,0,3
2025631584691,2025,631584691,1,19,0,-1,12,4,7,-1,0,0,0,7,2,10,3,1,-1,6,1,80,11,2198,2,-1,FORD TRANSIT CUSTOM,7,W01000484,0,1
2025031556786,2025,031556786,2,19,0,-1,12,2,3,-1,0,0,0,0,0,0,2,9,-1,6,1,54,8,1996,2,-1,FORD TRANSIT CUSTOM,7,-1,0,5
2025440031194,2025,440031194,2,19,0,3,3,4,8,0,0,0,0,0,0,0,1,1,1,1,1,33,6,2198,2,-1,FORD TRANSIT CUSTOM,6,E01022736,0,2
2025231653799,2025,231653799,1,19,0,-1,4,6,2,-1,0,8,0,0,7,0,1,1,-1,1,1,47,8,1995,2,-1,FORD TRANSIT CUSTOM,9,E01033251,0,1
2025501576772,2025,501576772,2,19,0,-1,2,0,0,-1,0,0,0,0,0,0,1,1,-1,6,-1,-1,-1,1995,2,-1,FORD TRANSIT CUSTOM,-1,-1,0,-1
2025440067098,2025,440067098,1,19,0,5,5,7,3,0,0,6,0,0,0,0,3,1,5,6,1,47,8,1996,2,-1,FORD TRANSIT CUSTOM,9,E01033384,0,4
2025122600278,2025,122600278,2,19,0,7,7,3,5,0,0,2,0,0,0,0,1,1,1,1,1,64,9,1995,2,-1,FORD TRANSIT CUSTOM,10,E01013376,0,1
2025211670764,2025,211670764,2,19,0,-1,19,1,6,-1,0,0,0,0,0,0,2,1,-1,1,1,45,7,1996,2,-1,FORD TRANSIT CUSTOM,1,E01010283,0,3
2025010560417,2025,010560417,2,19,0,-1,99,9,9,-1,99,-1,9,99,9,99,9,9,-1,6,1,42,7,1995,2,-1,FORD TRANSIT CUSTOM,6,E01016204,0,4
2025010609812,2025,010609812,2,19,0,-1,19,3,7,-1,0,0,0,0,0,0,1,1,-1,9,1,39,7,1996,2,-1,FORD TRANSIT CUSTOM,9,E01000351,0,1
2025221683604,2025,221683604,1,19,0,-1,19,2,6,-1,0,0,0,0,7,9,3,1,-1,2,1,40,7,1995,2,-1,FORD TRANSIT CUSTOM,8,E01032182,0,1
2025451677552,2025,451677552,1,19,0,-1,19,7,3,-1,0,0,0,0,0,0,1,1,-1,1,1,65,9,1996,2,-1,FORD TRANSIT CUSTOM,3,E01023105,0,4
2025010610878,2025,010610878,1,9,0,-1,19,1,5,-1,0,0,0,0,0,0,0,1,-1,8,1,51,8,1995,2,-1,FORD TRANSIT CUSTOM,1,E01002081,0,1
2025052500239,2025,052500239,1,19,0,18,19,1,5,0,0,4,0,0,0,0,3,1,1,1,1,54,8,2198,2,-1,FORD TRANSIT CUSTOM,5,E01025479,0,3
2025440331493,2025,440331493,1,19,0,-1,19,5,1,-1,0,0,0,2,2,7,1,1,-1,1,1,40,7,1995,2,-1,FORD TRANSIT CUSTOM,6,E01024432,0,5
2025361618170,2025,361618170,1,19,0,-1,19,8,5,-1,0,0,1,0,0,0,1,1,-1,6,1,24,5,1995,2,-1,FORD TRANSIT CUSTOM,5,E01026728,0,2
2025010575175,2025,010575175,3,19,0,-1,9,5,3,-1,-1,8,-1,0,-1,-1,-1,1,-1,-1,1,34,6,1995,2,-1,FORD TRANSIT CUSTOM,-1,-1,0,-1
2025010609022,2025,010609022,1,19,0,-1,19,5,1,-1,0,1,0,0,0,0,0,1,-1,1,1,27,6,1995,2,-1,FORD TRANSIT CUSTOM,-1,-1,0,-1
2025991592446,2025,991592446,2,19,0,-1,3,1,5,-1,0,0,0,0,0,0,2,1,-1,1,1,29,6,1995,2,-1,FORD TRANSIT CUSTOM,7,-1,0,4
2025451578444,2025,451578444,1,19,0,-1,19,8,8,-1,0,0,0,0,0,0,1,1,-1,1,1,38,7,1995,2,-1,FORD TRANSIT CUSTOM,4,E01022621,0,4
2025991711536,2025,991711536,1,19,0,-1,4,7,3,-1,0,0,0,0,0,0,2,1,-1,1,1,40,7,1995,2,-1,FORD TRANSIT CUSTOM,7,-1,0,3
2025010570909,2025,010570909,1,19,0,5,5,4,8,0,0,2,0,0,1,0,1,1,1,1,1,26,6,1996,2,-1,FORD TRANSIT CUSTOM,6,E01003392,0,4
2025552501159,2025,552501159,2,19,0,-1,19,6,2,-1,0,8,0,0,0,0,1,1,-1,2,1,48,8,1995,2,-1,FORD TRANSIT CUSTOM,6,E01029228,0,2
2025010570310,2025,010570310,2,19,0,-1,5,1,5,-1,-1,8,-1,0,-1,-1,1,1,-1,6,3,-1,-1,1995,2,-1,FORD TRANSIT CUSTOM,-1,-1,0,-1
2025031569267,2025,031569267,1,19,0,-1,19,6,8,-1,0,0,0,4,0,0,1,1,-1,6,3,38,7,1995,2,-1,FORD TRANSIT CUSTOM,-1,-1,0,-1
2025211670764,2025,211670764,3,19,0,-1,19,1,6,-1,0,0,0,0,0,0,2,1,-1,1,1,49,8,1995,2,-1,FORD TRANSIT CUSTOM,5,E01010378,0,3
2025010565853,2025,010565853,1,19,0,-1,3,7,3,-1,0,1,0,0,0,0,2,1,-1,1,1,46,8,1995,2,-1,FORD TRANSIT CUSTOM,9,E01024369,0,4
2025131575387,2025,131575387,2,19,0,-1,19,5,1,-1,0,0,0,0,0,0,1,1,-1,6,3,-1,-1,1995,2,-1,FORD TRANSIT CUSTOM,-1,-1,0,-1
2025501546463,2025,501546463,4,19,0,-1,4,1,5,-1,0,0,0,0,0,0,1,1,-1,6,1,-1,-1,1995,2,-1,FORD TRANSIT CUSTOM,-1,-1,0,-1
2025451564689,2025,451564689,1,9,0,-1,19,3,7,-1,0,0,0,0,0,0,2,1,-1,2,2,30,6,2143,2,-1,MERCEDES GLC CLASS,8,E01016614,0,4
2025201653704,2025,201653704,3,9,0,-1,19,8,4,-1,0,0,0,0,0,0,2,1,-1,9,1,84,11,1950,2,-1,MERCEDES GLC CLASS,1,E01010273,0,1
2025070458676,2025,070458676,1,9,0,-1,3,1,4,-1,0,0,0,0,0,0,1,1,-1,6,2,73,10,2143,2,-1,MERCEDES GLC CLASS,6,E01018612,0,2
2025010561543,2025,010561543,1,21,0,3,3,5,1,0,0,0,0,0,0,0,2,1,1,1,1,37,7,9290,2,-1,SCANIA MODEL MISSING,4,E01034371,0,4
2025201653704,2025,201653704,1,21,4,-1,19,8,4,-1,0,0,1,0,0,0,1,1,-1,1,1,65,9,12742,2,-1,SCANIA MODEL MISSING,9,E01027264,0,4
2025052500455,2025,052500455,1,11,0,5,5,1,5,0,0,8,0,0,0,0,1,1,1,1,1,32,6,9000,2,-1,SCANIA MODEL MISSING,2,E01018538,0,3
2025430005015,2025,430005015,1,21,5,-1,19,3,7,-1,0,0,0,0,0,0,2,1,-1,1,1,66,10,12742,2,-1,SCANIA MODEL MISSING,-1,-1,0,-1
2025340NN3082,2025,340NN3082,2,21,0,-1,19,3,7,-1,0,4,0,0,0,0,2,1,-1,2,1,46,8,16353,2,-1,SCANIA MODEL MISSING,9,E01035089,0,3
2025340WN1442,2025,340WN1442,1,21,0,-1,7,5,7,-1,0,2,0,0,0,0,4,1,-1,1,1,75,10,12742,2,-1,SCANIA MODEL MISSING,5,E01032397,0,4
2025061634741,2025,061634741,2,21,1,-1,19,1,5,-1,0,0,0,0,0,0,1,1,-1,1,1,50,8,12700,2,-1,SCANIA MODEL MISSING,-1,-1,0,-1
2025302500288,2025,302500288,2,21,1,-1,19,5,1,-1,0,0,0,0,0,0,3,1,-1,1,1,39,7,12742,2,-1,SCANIA MODEL MISSING,7,E01007700,0,4
2025501551107,2025,501551107,3,21,0,-1,19,2,6,-1,0,0,0,0,0,0,3,1,-1,2,1,65,9,9290,2,-1,SCANIA MODEL MISSING,7,E01020063,0,4
2025371594188,2025,371594188,1,11,-1,-1,-1,6,2,-1,-1,-1,-1,-1,-1,0,-1,9,-1,1,2,55,8,9000,2,-1,SCANIA MODEL MISSING,4,E01029960,0,1
2025231687009,2025,231687009,3,21,1,-1,4,4,8,-1,0,0,0,0,0,0,2,1,-1,1,1,38,7,12742,2,-1,SCANIA MODEL MISSING,1,E01009307,0,4
2025520600578,2025,520600578,1,21,2,-1,19,5,1,-1,0,0,0,0,0,0,2,1,-1,6,1,59,9,12742,2,-1,SCANIA MODEL MISSING,7,E01014080,0,5
2025531606141,2025,531606141,1,21,0,-1,19,4,8,-1,0,0,0,0,0,0,1,1,-1,1,1,59,9,12740,2,-1,SCANIA MODEL MISSING,9,E01022353,0,4
2025991559481,2025,991559481,1,9,0,-1,19,8,4,-1,0,0,0,0,0,0,1,1,-1,9,1,75,10,-1,3,-1,FORD MUSTANG MACH-E,3,E01018646,0,5
2025010582180,2025,010582180,1,8,0,-1,19,7,3,-1,0,1,0,0,0,0,1,1,-1,9,1,26,6,1580,8,-1,HYUNDAI IONIQ,8,E01000655,0,4
2025302500211,2025,302500211,1,9,9,-1,99,9,9,-1,0,0,9,99,0,0,9,1,-1,6,3,-1,-1,-1,3,-1,HYUNDAI IONIQ,-1,-1,0,-1
2025522501813,2025,522501813,2,9,0,-1,19,7,3,-1,0,0,0,0,0,0,1,1,-1,6,1,55,8,-1,3,-1,HYUNDAI IONIQ,5,E01014886,0,3
2025010557515,2025,010557515,1,19,0,-1,3,5,1,-1,0,0,0,0,0,0,2,1,-1,1,1,30,6,1997,2,-1,RENAULT TRAFIC,-1,-1,0,-1
2025010588353,2025,010588353,1,19,0,-1,19,7,3,-1,0,1,0,0,0,0,3,1,-1,1,1,46,8,1997,2,-1,RENAULT TRAFIC,7,E01023832,0,4
2025010585330,2025,010585330,2,19,0,-1,99,9,9,-1,99,0,9,99,9,99,2,9,-1,6,3,-1,-1,1598,2,-1,RENAULT TRAFIC,2,E01001130,0,2
2025010593139,2025,010593139,2,19,0,-1,99,9,9,-1,99,9,9,99,9,99,1,9,-1,6,3,-1,-1,1598,2,-1,RENAULT TRAFIC,-1,-1,0,-1
2025332500291,2025,332500291,2,19,0,-1,19,4,8,-1,0,8,0,0,0,0,1,1,-1,2,1,39,7,1997,2,-1,RENAULT TRAFIC,8,E01028337,0,4
2025501604203,2025,501604203,1,19,0,-1,3,3,7,-1,0,0,0,0,0,0,2,1,-1,1,1,55,8,1997,2,-1,RENAULT TRAFIC,8,E01017811,0,5
2025041565517,2025,041565517,2,19,0,-1,19,7,3,-1,0,8,0,0,0,0,1,1,-1,9,1,39,7,1996,2,-1,RENAULT TRAFIC,3,E01025368,0,1
2025031569882,2025,031569882,2,9,0,-1,19,5,1,-1,0,0,1,0,0,0,1,1,-1,6,1,67,10,1968,2,-1,SKODA SUPERB,6,-1,0,3
2025471649905,2025,471649905,2,9,0,-1,5,7,3,-1,0,1,0,0,0,0,1,1,-1,8,1,-1,-1,1968,2,-1,SKODA SUPERB,1,E01020992,0,1
2025430609173,2025,430609173,1,9,0,-1,5,4,8,-1,0,1,0,0,0,0,1,1,-1,1,1,34,6,1968,2,-1,SKODA SUPERB,4,E01032537,0,4
2025131566458,2025,131566458,1,19,0,-1,7,7,5,-1,0,5,0,0,1,0,4,1,-1,9,1,64,9,1968,2,-1,VOLKSWAGEN CADDYMAXI,4,E01024134,0,5
2025522601065,2025,522601065,1,9,0,-1,11,3,7,-1,0,0,0,0,0,0,1,1,-1,6,1,31,6,2998,1,-1,BMW M3,10,E01014902,0,1
2025010582875,2025,010582875,1,9,0,-1,99,9,9,-1,99,0,9,99,9,99,9,9,-1,6,2,32,6,2979,1,-1,BMW M3,5,E01000505,0,1
2025010552905,2025,010552905,2,19,0,-1,9,7,5,-1,0,8,0,0,0,0,1,1,-1,1,1,61,9,-1,3,-1,VAUXHALL VIVARO,5,E01003228,0,2
2025010561545,2025,010561545,1,19,0,-1,3,7,3,-1,0,0,0,0,0,0,2,1,-1,2,1,44,7,1499,2,-1,VAUXHALL VIVARO,2,E01001633,0,2
2025461677115,2025,461677115,1,19,0,-1,3,7,3,-1,0,8,0,0,0,0,1,1,-1,6,1,38,7,1995,2,-1,VAUXHALL VIVARO,6,E01002200,0,5
2025501586502,2025,501586502,1,19,0,-1,19,1,5,-1,0,0,0,0,0,0,1,1,-1,9,2,34,6,1598,2,-1,VAUXHALL VIVARO,5,E01020122,0,1
2025430101316,2025,430101316,1,19,0,4,4,3,7,0,0,0,0,0,0,0,1,1,1,1,2,22,5,1499,2,-1,VAUXHALL VIVARO,3,E01022552,0,3
2025501584533,2025,501584533,2,19,0,-1,99,8,4,-1,0,0,9,0,0,0,1,1,-1,6,1,36,7,1598,2,-1,VAUXHALL VIVARO,5,E01018938,0,4
2025201611614,2025,201611614,1,19,0,-1,12,8,4,-1,0,0,0,0,0,0,1,1,-1,6,1,50,8,1997,2,-1,VAUXHALL VIVARO,-1,-1,0,-1
2025471649905,2025,471649905,6,19,0,-1,3,5,1,-1,0,1,0,0,0,0,1,1,-1,2,1,59,9,1499,2,-1,VAUXHALL VIVARO,7,E01021112,0,2
2025461636197,2025,461636197,2,19,0,-1,2,0,0,-1,0,0,0,0,0,0,2,1,-1,1,1,55,8,1499,2,-1,VAUXHALL VIVARO,3,E01020974,0,4
2025340WN1682,2025,340WN1682,1,19,0,-1,5,5,1,-1,0,0,0,0,0,0,2,1,-1,1,1,63,9,-1,3,-1,VAUXHALL VIVARO,10,E01017648,0,4
2025302500202,2025,302500202,1,9,0,-1,3,5,1,-1,0,0,0,0,0,0,2,1,-1,9,2,55,8,999,1,-1,VOLKSWAGEN POLO,9,E01033185,0,5
202560C185588,2025,60C185588,1,9,0,9,9,3,7,0,0,1,0,0,0,0,3,1,6,6,1,22,5,1798,1,-1,VOLKSWAGEN POLO,-1,-1,0,-1
2025122500294,2025,122500294,5,9,0,18,19,4,8,0,0,0,0,0,0,0,3,1,2,2,1,23,5,999,1,-1,VOLKSWAGEN POLO,10,E01027732,0,1
2025141541393,2025,141541393,1,9,0,-1,19,5,1,-1,0,2,0,4,0,0,1,9,-1,6,1,19,4,1199,2,-1,VOLKSWAGEN POLO,9,E01008141,0,2
2025201593361,2025,201593361,1,9,0,-1,19,5,1,-1,0,0,0,0,0,0,1,9,-1,6,1,-1,-1,1390,1,-1,VOLKSWAGEN POLO,-1,-1,0,-1
2025231653799,2025,231653799,2,9,0,-1,4,6,2,-1,0,8,0,0,1,10,2,1,-1,9,1,58,9,1197,1,-1,VOLKSWAGEN POLO,9,E01022183,0,3
2025041610296,2025,041610296,1,9,0,-1,19,4,8,-1,0,0,1,4,0,0,1,1,-1,9,2,21,5,1198,1,-1,VOLKSWAGEN POLO,2,E01012605,0,1
2025211550985,2025,211550985,1,9,0,-1,7,1,2,-1,0,6,0,0,0,0,1,1,-1,9,1,18,4,999,1,-1,VOLKSWAGEN POLO,4,E01010254,0,1
2025430152004,2025,430152004,2,9,0,18,19,7,3,0,0,6,0,0,0,0,1,1,5,6,1,54,8,1197,1,-1,VOLKSWAGEN POLO,10,E01016670,0,2
2025522500355,2025,522500355,1,9,0,-1,19,3,7,-1,0,2,0,4,0,0,1,1,-1,6,1,-1,-1,999,1,-1,VOLKSWAGEN POLO,-1,-1,0,-1
2025010598444,2025,010598444,1,9,0,-1,1,3,7,-1,0,1,0,0,0,0,2,1,-1,2,1,20,4,1197,1,-1,VOLKSWAGEN POLO,3,E01001491,0,2
2025010584332,2025,010584332,1,9,0,-1,99,9,9,-1,99,9,9,99,9,99,2,9,-1,6,1,24,5,1198,1,-1,VOLKSWAGEN POLO,8,E01000678,0,2
2025411665955,2025,411665955,2,9,0,-1,4,3,7,-1,0,0,0,0,0,0,2,1,-1,6,2,25,5,1390,1,-1,VOLKSWAGEN POLO,2,E01015704,0,2
2025471566083,2025,471566083,1,9,0,-1,2,0,0,-1,0,0,0,0,0,0,2,1,-1,9,2,47,8,1197,1,-1,VOLKSWAGEN POLO,8,E01030528,0,3
2025131635037,2025,131635037,3,9,0,-1,4,1,5,-1,0,0,0,0,0,0,2,1,-1,6,1,28,6,999,1,-1,VOLKSWAGEN POLO,6,E01011704,0,4
2025010559272,2025,010559272,1,9,0,18,19,5,1,0,0,8,1,0,0,0,1,1,1,1,1,36,7,1390,1,-1,VOLKSWAGEN POLO,3,E01002909,0,2
2025361544528,2025,361544528,2,9,0,-1,4,7,3,-1,0,0,0,0,0,0,2,1,-1,2,1,22,5,1197,1,-1,VOLKSWAGEN POLO,7,E01026593,0,3
2025131568210,2025,131568210,2,9,0,-1,19,1,2,-1,0,8,0,0,0,0,1,1,-1,6,-1,25,5,999,1,-1,VOLKSWAGEN POLO,1,E01011106,0,1
2025010564352,2025,010564352,2,9,0,-1,9,2,8,-1,0,1,0,0,7,0,4,1,-1,6,1,23,5,1390,1,-1,VOLKSWAGEN POLO,4,E01003769,0,3
2025520500597,2025,520500597,2,9,0,-1,4,5,1,-1,0,0,0,0,0,0,1,1,-1,6,1,19,4,1198,1,-1,VOLKSWAGEN POLO,6,E01029060,0,1
2025131672226,2025,131672226,2,9,0,-1,19,1,1,-1,0,0,0,0,0,0,0,1,-1,6,2,19,4,999,1,-1,VOLKSWAGEN POLO,1,E01010843,0,1
2025041678377,2025,041678377,2,9,0,-1,3,7,3,-1,0,0,0,0,0,0,2,1,-1,9,2,31,6,999,1,-1,VOLKSWAGEN POLO,4,E01025170,0,1
2025430574062,2025,430574062,2,1,0,-1,3,3,7,-1,0,1,0,0,0,0,2,1,-1,6,1,29,6,-1,-1,-1,-1,8,E01028515,0,2
2025211613933,2025,211613933,2,1,0,-1,15,1,5,-1,0,1,2,0,0,0,1,1,-1,6,1,42,7,-1,-1,-1,-1,1,E01014218,0,1
2025531541975,2025,531541975,3,99,0,-1,12,6,2,-1,0,0,0,0,0,0,0,9,-1,6,3,-1,-1,-1,-1,-1,-1,-1,-1,0,-1
2025451630519,2025,451630519,1,9,0,-1,9,1,5,-1,0,6,0,0,0,0,1,1,-1,2,1,42,7,-1,-1,-1,-1,5,E01002948,0,3
2025052502123,2025,052502123,2,1,0,18,19,5,1,0,0,1,0,0,0,0,4,1,2,2,2,53,8,-1,-1,-1,-1,5,E01007226,0,1
2025010556379,2025,010556379,1,1,0,-1,19,5,1,-1,0,9,5,99,9,0,9,1,-1,6,2,26,6,-1,-1,-1,-1,3,E01034391,0,1
2025010575661,2025,010575661,2,1,0,-1,19,8,4,-1,4,1,2,0,0,0,0,1,-1,-1,1,61,9,-1,-1,-1,-1,4,E01000958,0,1
2025010600598,2025,010600598,2,1,0,-1,9,5,2,-1,0,1,0,0,0,0,1,1,-1,9,2,25,5,-1,-1,-1,-1,7,E01000924,0,1
2025010575290,2025,010575290,2,1,0,9,9,5,2,0,0,0,5,0,0,0,4,1,5,6,2,30,6,-1,-1,-1,-1,5,E01001272,0,1
2025471579323,2025,471579323,1,33,0,-1,19,1,5,-1,0,1,0,0,0,0,3,1,-1,1,1,30,6,-1,-1,-1,-1,1,E01016915,1,1
2025010568715,2025,010568715,1,1,9,99,99,9,9,99,99,9,9,99,9,99,2,1,2,2,2,59,9,-1,-1,-1,-1,4,E01000477,0,1
2025351567508,2025,351567508,2,1,0,-1,19,3,1,-1,0,8,5,0,0,0,4,1,-1,9,1,33,6,-1,-1,-1,-1,8,E01035519,0,1
2025440484597,2025,440484597,3,9,0,-1,19,6,2,-1,0,0,0,0,0,0,1,1,-1,6,1,47,8,-1,-1,-1,-1,7,E01029055,0,5
2025471596086,2025,471596086,3,9,0,-1,7,5,8,-1,0,0,0,0,0,0,0,1,-1,9,-1,-1,-1,-1,-1,-1,-1,-1,-1,0,-1
2025201541608,2025,201541608,1,9,0,-1,11,5,1,-1,0,0,1,0,0,0,1,1,-1,1,1,29,6,-1,-1,-1,-1,4,E01010480,0,3
2025010574534,2025,010574534,2,90,0,-1,9,1,6,-1,0,8,0,0,0,0,4,1,-1,1,2,27,6,-1,-1,-1,-1,6,E01000709,0,3
2025211638304,2025,211638304,1,9,0,-1,19,8,7,-1,0,0,0,0,0,0,1,1,-1,6,2,39,7,-1,-1,-1,-1,8,E01014320,0,1
2025991600916,2025,991600916,1,9,0,-1,7,7,1,-1,0,8,0,0,3,0,1,1,-1,6,2,50,8,-1,-1,-1,-1,10,-1,0,4
2025010576800,2025,010576800,1,1,9,99,99,9,9,99,99,9,9,99,9,99,1,1,2,2,1,31,6,-1,-1,-1,-1,3,E01033946,0,2
2025610034225,2025,610034225,1,5,0,16,19,3,5,0,0,0,0,0,0,0,1,1,5,6,1,64,9,-1,-1,-1,-1,8,W01001397,0,1
2025010573727,2025,010573727,2,19,0,-1,99,9,9,-1,99,9,9,99,9,99,9,9,-1,6,1,-1,-1,-1,-1,-1,-1,-1,-1,0,-1
2025052501400,2025,052501400,1,9,0,18,19,3,7,0,0,0,0,0,0,0,1,1,6,6,3,-1,-1,-1,-1,-1,-1,-1,-1,0,-1
2025340WN3162,2025,340WN3162,1,98,0,-1,19,5,1,-1,0,0,0,0,0,0,1,1,-1,1,1,32,6,-1,-1,-1,-1,-1,-1,0,-1
2025471556204,2025,471556204,1,98,0,-1,19,1,5,-1,0,0,0,0,0,0,1,1,-1,1,1,40,7,-1,-1,-1,-1,4,E01034185,0,4
2025010576683,2025,010576683,2,33,0,-1,19,5,1,-1,0,1,0,0,0,0,1,1,-1,6,1,27,6,-1,-1,-1,-1,8,E01033580,1,1
2025010561029,2025,010561029,1,1,9,-1,99,9,9,-1,99,1,9,99,9,99,9,1,-1,2,1,27,6,-1,-1,-1,-1,6,E01003398,0,1
2025052501803,2025,052501803,1,9,0,18,19,3,7,0,0,8,0,0,0,0,1,9,6,6,3,-1,-1,-1,-1,-1,-1,-1,-1,0,-1
2025311554244,2025,311554244,1,9,0,-1,19,3,5,-1,0,1,0,0,0,0,0,1,-1,6,3,30,6,-1,-1,-1,-1,-1,-1,0,-1
2025131629669,2025,131629669,1,9,0,-1,-1,-1,-1,-1,-1,0,-1,-1,-1,-1,-1,1,-1,6,3,-1,-1,-1,-1,-1,-1,-1,-1,0,-1
2025501681842,2025,501681842,2,1,0,-1,19,5,2,-1,0,1,0,0,0,0,1,1,-1,1,1,38,7,-1,-1,-1,-1,5,E01020182,0,1
2025010602088,2025,010602088,2,1,0,-1,9,3,2,-1,0,1,0,0,0,0,1,1,-1,2,1,50,8,-1,-1,-1,-1,3,E01035668,0,1
2025010593727,2025,010593727,2,9,0,-1,99,9,9,-1,99,9,9,99,9,99,9,9,-1,6,3,-1,-1,-1,-1,-1,-1,-1,-1,0,-1
2025010602221,2025,010602221,2,1,0,-1,19,1,5,-1,0,8,0,0,0,0,1,1,-1,6,1,47,8,-1,-1,-1,-1,3,E01001999,0,3
2025340NN2732,2025,340NN2732,1,33,0,-1,19,7,3,-1,0,1,0,0,0,0,2,1,-1,9,1,21,5,-1,-1,-1,-1,1,E01026960,1,1
2025430263047,2025,430263047,2,1,0,7,7,5,6,0,0,6,0,0,0,0,3,1,2,2,1,42,7,-1,-1,-1,-1,8,E01032951,0,1
2025440143044,2025,440143044,2,9,0,18,19,3,7,0,0,0,0,0,0,0,1,1,6,6,3,-1,-1,-1,-1,-1,-1,-1,-1,0,-1
2025010609022,2025,010609022,2,1,0,-1,19,1,5,-1,0,1,5,0,1,0,0,1,-1,6,2,60,9,-1,-1,-1,-1,10,E01003442,0,1
2025461566917,2025,461566917,1,9,0,-1,9,6,5,-1,0,6,0,0,0,0,-1,9,-1,6,3,-1,-1,-1,-1,-1,-1,-1,-1,0,-1
2025451577499,2025,451577499,4,9,0,-1,3,6,2,-1,0,0,0,0,0,0,2,9,-1,6,-1,35,6,-1,-1,-1,-1,-1,-1,0,-1
2025471589467,2025,471589467,1,9,0,-1,11,6,2,-1,0,0,0,0,0,0,4,1,-1,1,1,60,9,-1,-1,-1,-1,9,E01016176,0,4
2025010555380,2025,010555380,2,9,0,99,99,9,9,99,99,9,9,99,9,99,9,9,6,6,3,-1,-1,-1,-1,-1,-1,-1,-1,0,-1
2025010560417,2025,010560417,1,1,9,-1,99,9,9,-1,99,0,9,8,9,99,1,1,-1,2,1,42,7,-1,-1,-1,-1,7,E01003407,0,2
2025531564857,2025,531564857,1,17,0,-1,7,3,7,-1,0,0,0,0,0,0,1,1,-1,1,1,-1,-1,-1,-1,-1,-1,3,W01001474,0,4
2025010560306,2025,010560306,1,1,9,-1,99,9,9,-1,99,9,9,99,9,99,1,1,-1,-1,1,27,6,-1,-1,-1,-1,3,E01001445,0,2
2025522501956,2025,522501956,2,9,0,-1,3,5,1,-1,0,0,0,0,0,0,4,1,-1,1,3,-1,-1,-1,-1,-1,-1,-1,-1,0,-1
2025522600410,2025,522600410,2,1,0,-1,19,5,1,-1,0,8,0,0,0,0,1,1,-1,6,2,37,7,-1,-1,-1,-1,4,E01014650,0,1
2025371578905,2025,371578905,2,1,-1,-1,-1,-1,-1,-1,-1,-1,-1,-1,-1,0,-1,1,-1,9,1,11,3,-1,-1,-1,-1,8,E01029997,0,1
2025430480868,2025,430480868,2,99,9,-1,11,6,2,-1,0,0,0,0,0,0,1,9,-1,6,3,-1,-1,-1,-1,-1,-1,-1,-1,0,-1
2025451554621,2025,451554621,1,9,0,-1,19,3,7,-1,0,0,0,0,0,0,1,2,-1,9,1,33,6,-1,-1,-1,-1,5,E01030725,0,3
2025991632705,2025,991632705,2,9,0,-1,19,7,3,-1,0,0,0,0,0,0,2,1,-1,1,1,34,6,-1,-1,-1,-1,-1,-1,0,-1
2025451559084,2025,451559084,1,9,0,-1,5,4,8,-1,0,1,0,0,0,0,1,1,-1,9,1,57,9,-1,-1,-1,-1,10,E01034726,0,1
2025052501453,2025,052501453,1,9,0,18,19,3,7,0,0,0,0,0,0,0,1,1,6,6,3,-1,-1,-1,-1,-1,-1,-1,-1,0,-1
2025052502276,2025,052502276,2,1,0,18,19,4,8,0,0,8,0,0,0,0,1,1,2,2,1,38,7,-1,-1,-1,-1,2,E01007214,0,2
2025451620513,2025,451620513,1,9,0,-1,9,1,6,-1,0,8,0,0,0,0,1,1,-1,9,1,28,6,-1,-1,-1,-1,7,E01030858,0,1
2025440143044,2025,440143044,3,9,0,18,19,3,7,0,0,0,0,0,0,0,1,1,6,6,3,-1,-1,-1,-1,-1,-1,-1,-1,0,-1
2025010555743,2025,010555743,1,9,0,-1,99,9,9,-1,99,9,9,99,9,99,2,9,-1,6,3,-1,-1,-1,-1,-1,-1,-1,-1,0,-1
2025041667643,2025,041667643,1,9,0,-1,19,-1,-1,-1,0,0,0,0,0,0,1,9,-1,6,3,-1,-1,-1,-1,-1,-1,-1,-1,0,-1
2025471632862,2025,471632862,2,1,0,-1,19,8,4,-1,0,1,5,0,0,0,1,1,-1,6,1,37,7,-1,-1,-1,-1,5,E01021008,0,1
2025340WN6942,2025,340WN6942,4,9,0,-1,3,1,5,-1,0,0,0,0,0,0,1,1,-1,2,1,34,6,-1,-1,-1,-1,7,E01029517,0,4
2025991672290,2025,991672290,2,1,0,-1,19,5,1,-1,0,0,0,0,0,0,4,1,-1,2,1,35,6,-1,-1,-1,-1,4,-1,0,3
2025010567700,2025,010567700,2,23,0,-1,19,5,1,-1,0,1,5,0,0,0,1,1,-1,-1,1,18,4,-1,-1,-1,-1,9,E01001121,0,1
2025501614098,2025,501614098,1,1,0,-1,19,1,5,-1,0,0,1,0,0,0,0,1,-1,9,1,66,10,-1,-1,-1,-1,10,E01020356,0,5
2025010599481,2025,010599481,1,1,9,-1,99,9,9,-1,99,9,9,99,9,99,9,1,-1,2,2,44,7,-1,-1,-1,-1,2,E01002870,0,1
2025041627512,2025,041627512,2,9,0,-1,3,8,4,-1,0,1,0,0,0,0,2,1,-1,1,1,61,9,-1,-1,-1,-1,7,E01024984,0,1
2025010573906,2025,010573906,1,9,0,-1,19,1,5,-1,-1,-1,-1,0,-1,-1,1,1,-1,6,3,-1,-1,-1,-1,-1,-1,-1,-1,0,-1
2025010596333,2025,010596333,1,1,9,-1,99,9,9,-1,99,0,9,99,9,99,9,1,-1,6,1,57,9,-1,-1,-1,-1,1,E01033873,0,1
2025010594717,2025,010594717,2,9,0,-1,19,5,1,-1,-1,-1,-1,0,-1,-1,-1,1,-1,6,3,-1,-1,-1,-1,-1,-1,-1,-1,0,-1
2025201555544,2025,201555544,1,9,0,-1,19,1,7,-1,0,8,0,0,0,0,1,9,-1,6,2,-1,-1,-1,-1,-1,-1,-1,-1,0,-1
2025340WN1042,2025,340WN1042,1,21,0,-1,12,5,1,-1,0,0,0,0,0,0,3,1,-1,6,3,-1,-1,-1,-1,-1,-1,-1,-1,0,-1
2025991577789,2025,991577789,1,9,0,-1,19,7,3,-1,0,0,5,4,1,0,1,1,-1,9,2,81,11,-1,-1,-1,-1,-1,-1,0,-1
2025010558158,2025,010558158,2,19,0,99,99,9,9,99,99,9,9,99,9,99,9,9,6,6,3,-1,-1,-1,-1,-1,-1,-1,-1,0,-1
2025471565553,2025,471565553,1,1,0,-1,19,1,5,-1,0,1,0,0,0,0,4,1,-1,6,1,63,9,-1,-1,-1,-1,5,E01016974,0,1
2025351604817,2025,351604817,1,21,1,-1,4,5,1,-1,0,0,0,0,0,0,1,2,-1,1,1,56,9,-1,-1,-1,-1,-1,-1,0,-1
2025010608313,2025,010608313,2,1,0,-1,19,1,5,-1,0,0,0,0,0,0,1,1,-1,6,1,25,5,-1,-1,-1,-1,3,E01035675,0,2
2025421584250,2025,421584250,1,1,0,-1,19,3,7,-1,0,4,5,0,0,0,3,1,-1,6,1,27,6,-1,-1,-1,-1,-1,-1,0,-1
2025541672819,2025,541672819,1,1,0,-1,19,8,4,-1,0,8,5,0,0,0,3,1,-1,6,1,74,10,-1,-1,-1,-1,8,E01031940,0,1
2025421542681,2025,421542681,3,9,0,-1,4,2,6,-1,0,0,0,0,0,0,2,1,-1,6,1,41,7,-1,-1,-1,-1,3,E01004333,0,3
2025161623607,2025,161623607,2,9,0,-1,19,2,6,-1,0,0,0,0,0,0,1,1,-1,6,3,-1,-1,-1,-1,-1,-1,-1,-1,0,-1
2025010603633,2025,010603633,2,8,9,-1,99,9,9,-1,99,9,0,99,0,0,1,9,-1,6,3,-1,-1,-1,-1,-1,-1,-1,-1,0,-1
2025340WN7212,2025,340WN7212,2,33,0,-1,19,7,3,-1,0,7,0,0,0,0,4,1,-1,6,1,44,7,-1,-1,-1,-1,8,E01027193,1,2
2025010588353,2025,010588353,2,1,0,-1,3,3,7,-1,0,8,0,0,0,0,1,1,-1,2,1,29,6,-1,-1,-1,-1,2,E01001912,0,1
2025430574062,2025,430574062,1,1,0,-1,4,3,7,-1,0,1,0,0,0,0,1,1,-1,1,2,49,8,-1,-1,-1,-1,10,E01028563,0,1
2025010563801,2025,010563801,1,1,0,-1,19,3,7,-1,0,6,0,0,0,0,3,1,-1,6,1,27,6,-1,-1,-1,-1,3,E01003160,0,2
2025010565392,2025,010565392,1,1,9,99,99,9,9,99,99,9,9,99,9,99,1,1,2,2,2,22,5,-1,-1,-1,-1,3,E01002774,0,1
2025010575479,2025,010575479,2,1,0,-1,19,7,3,-1,0,8,0,0,0,0,1,1,-1,6,2,27,6,-1,-1,-1,-1,6,E01001902,0,1
2025201570957,2025,201570957,1,9,0,-1,14,4,8,-1,0,0,0,0,0,0,1,9,-1,6,3,-1,-1,-1,-1,-1,-1,-1,-1,0,-1
2025501575134,2025,501575134,1,9,0,-1,19,1,5,-1,0,0,0,0,0,0,1,9,-1,2,1,25,5,-1,-1,-1,-1,8,E01018899,0,2
2025201592237,2025,201592237,2,1,0,-1,19,2,6,-1,0,0,0,0,0,0,1,1,-1,6,1,59,9,-1,-1,-1,-1,9,E01029495,0,2
2025041609174,2025,041609174,1,22,0,-1,13,6,2,-1,0,0,5,0,0,0,0,1,-1,9,2,74,10,-1,-1,-1,-1,1,E01012680,0,1
2025052501016,2025,052501016,1,23,0,18,19,5,7,0,0,0,1,0,1,0,2,1,5,6,1,23,5,-1,-1,-1,-1,1,E01006458,0,1
2025231660322,2025,231660322,1,9,0,-1,7,7,6,-1,0,6,0,0,0,0,3,9,-1,6,3,38,7,-1,-1,-1,-1,-1,-1,0,-1
2025501544270,2025,501544270,2,1,0,-1,15,7,3,-1,0,8,5,0,0,0,3,1,-1,6,2,34,6,-1,-1,-1,-1,3,E01020095,0,1
2025440484597,2025,440484597,4,9,0,-1,19,6,2,-1,0,0,0,0,0,0,1,1,-1,6,1,42,7,-1,-1,-1,-1,3,E01032627,0,5
2025010572154,2025,010572154,2,1,0,-1,14,6,2,-1,0,0,0,0,0,0,2,1,-1,-1,2,49,8,-1,-1,-1,-1,3,E01004063,0,1
2025340WN1312,2025,340WN1312,1,4,0,-1,19,7,3,-1,0,8,0,0,0,0,1,1,-1,6,1,33,6,-1,-1,-1,-1,1,E01027199,0,1
2025430036280,2025,430036280,4,9,0,18,19,4,8,0,0,0,0,0,0,0,1,1,2,2,1,-1,-1,-1,-1,-1,-1,-1,-1,0,-1
2025010554883,2025,010554883,1,1,9,99,99,9,9,99,99,9,9,99,9,99,9,1,1,1,2,31,6,-1,-1,-1,-1,5,E01004232,0,1
2025211639584,2025,211639584,2,1,0,-1,19,8,4,-1,0,1,0,0,0,0,1,1,-1,6,1,78,11,-1,-1,-1,-1,8,E01019845,0,2
2025010583591,2025,010583591,2,1,0,-1,19,7,3,-1,0,6,0,0,0,0,0,1,-1,9,1,28,6,-1,-1,-1,-1,10,E01026907,0,5
2025451616600,2025,451616600,1,9,0,-1,12,3,1,-1,0,0,0,0,0,0,0,9,-1,6,3,52,8,-1,-1,-1,-1,-1,-1,0,-1
2025471564170,2025,471564170,1,19,0,-1,19,2,6,-1,0,1,0,0,0,0,3,1,-1,6,1,-1,-1,-1,-1,-1,-1,-1,-1,0,-1
2025141661419,2025,141661419,1,9,0,-1,3,5,8,-1,0,3,0,0,0,0,4,9,-1,6,3,-1,-1,-1,-1,-1,-1,-1,-1,0,-1
2025541667808,2025,541667808,1,9,0,-1,5,8,4,-1,0,4,0,0,0,0,4,9,-1,6,2,-1,-1,-1,-1,-1,-1,-1,-1,0,-1
2025522501956,2025,522501956,1,1,0,-1,15,5,1,-1,0,0,0,0,0,0,3,1,-1,2,2,34,6,-1,-1,-1,-1,6,E01014531,0,1
2025201670017,2025,201670017,1,9,0,-1,1,5,2,-1,0,0,0,0,0,0,2,1,-1,1,1,51,8,-1,-1,-1,-1,5,E01029774,0,4
2025010565853,2025,010565853,2,1,0,-1,19,3,7,-1,0,1,0,0,0,0,1,1,-1,-1,1,19,4,-1,-1,-1,-1,5,E01033727,0,1
2025401550864,2025,401550864,1,9,0,-1,19,7,2,-1,0,0,0,0,0,0,1,1,-1,9,1,18,4,-1,-1,-1,-1,7,E01017420,0,2
2025421648386,2025,421648386,2,1,0,-1,19,5,1,-1,0,4,0,0,0,0,1,1,-1,9,2,47,8,-1,-1,-1,-1,9,E01035172,0,1
2025010576651,2025,010576651,2,1,0,5,5,1,5,0,0,0,0,2,1,0,3,1,6,6,1,58,9,-1,-1,-1,-1,2,E01003046,0,1
2025010555380,2025,010555380,1,1,9,99,99,9,9,99,99,9,9,99,9,99,9,1,2,2,2,33,6,-1,-1,-1,-1,5,E01000504,0,1
2025471668885,2025,471668885,2,9,0,-1,13,7,3,-1,0,0,0,0,0,0,4,9,-1,6,3,-1,-1,-1,-1,-1,-1,-1,-1,0,-1
2025010605511,2025,010605511,2,1,0,-1,4,1,5,-1,0,0,5,10,0,0,1,1,-1,6,1,22,5,-1,-1,-1,-1,7,E01001587,0,1
2025522501872,2025,522501872,2,9,9,-1,13,3,8,-1,0,0,0,0,0,0,1,9,-1,6,3,-1,-1,-1,-1,-1,-1,-1,-1,0,-1
2025622500573,2025,622500573,2,9,0,18,19,6,1,0,0,0,0,0,0,0,1,1,5,6,2,25,5,-1,-1,-1,-1,7,W01000740,0,2
2025010593074,2025,010593074,1,1,0,-1,5,2,6,-1,0,0,0,2,0,0,1,1,-1,6,1,69,10,-1,-1,-1,-1,6,E01002834,0,1
2025501662887,2025,501662887,2,1,0,-1,19,6,2,-1,0,2,0,0,0,0,2,1,-1,6,2,67,10,-1,-1,-1,-1,8,E01020061,0,1
2025541216225,2025,541216225,2,1,0,18,19,7,4,5,5,8,0,0,0,0,1,1,4,7,2,15,3,-1,-1,-1,-1,8,E01032074,0,1
2025010572031,2025,010572031,2,1,0,-1,19,5,1,-1,0,1,0,8,0,0,1,1,-1,1,2,47,8,-1,-1,-1,-1,3,E01032583,0,1
202517S302025,2025,17S302025,1,1,0,-1,15,5,1,-1,0,8,0,0,0,0,1,1,-1,9,1,52,8,-1,-1,-1,-1,9,E01012246,0,2
2025010560355,2025,010560355,2,9,0,-1,11,7,3,-1,-1,5,-1,0,-1,-1,1,1,-1,6,3,-1,-1,-1,-1,-1,-1,-1,-1,0,-1
2025231684432,2025,231684432,1,9,0,-1,4,1,5,-1,0,0,0,0,0,0,1,9,-1,6,1,25,5,-1,-1,-1,-1,-1,-1,0,-1
2025070817824,2025,070817824,1,1,0,-1,19,5,1,-1,0,0,0,0,0,0,1,1,-1,9,1,44,7,-1,-1,-1,-1,10,E01018584,0,1
2025010559636,2025,010559636,2,1,0,-1,3,5,1,-1,0,1,0,0,0,0,3,1,-1,2,1,20,4,-1,-1,-1,-1,3,E01003431,0,3
2025311671338,2025,311671338,1,33,0,-1,19,6,2,-1,9,0,0,0,7,0,1,1,-1,9,1,62,9,-1,-1,-1,-1,-1,-1,1,-1
2025461620071,2025,461620071,1,33,0,-1,19,3,1,-1,4,1,0,0,0,0,1,1,-1,9,1,18,4,-1,-1,-1,-1,1,E01035317,1,1
2025010572471,2025,010572471,2,1,0,-1,19,7,3,-1,4,1,0,0,0,0,1,1,-1,6,1,43,7,-1,-1,-1,-1,8,E01004582,0,3
2025010588502,2025,010588502,2,9,0,-1,99,9,9,-1,99,9,9,99,9,99,1,9,-1,6,3,-1,-1,-1,-1,-1,-1,3,E01002585,0,2
2025010607480,2025,010607480,2,9,0,-1,4,7,3,-1,-1,2,-1,0,-1,-1,2,1,-1,6,3,25,5,-1,-1,-1,-1,-1,-1,0,-1
2025010561331,2025,010561331,2,1,0,-1,19,7,3,-1,0,0,5,0,0,0,1,1,-1,2,1,32,6,-1,-1,-1,-1,5,E01003292,0,2
2025471628309,2025,471628309,1,1,0,-1,19,8,1,-1,0,2,0,0,0,0,3,1,-1,9,1,42,7,-1,-1,-1,-1,7,E01031368,0,1
2025061564244,2025,061564244,1,19,-1,-1,-1,-1,-1,-1,0,8,-1,-1,-1,0,-1,9,-1,6,3,-1,-1,-1,-1,-1,-1,-1,-1,0,-1
2025340WN3702,2025,340WN3702,1,19,0,-1,5,3,5,-1,0,4,0,0,0,0,1,1,-1,1,1,37,7,-1,-1,-1,-1,3,E01015781,0,4
2025411591846,2025,411591846,1,1,0,-1,9,4,8,-1,0,0,0,0,0,0,2,1,-1,6,1,66,10,-1,-1,-1,-1,6,E01023651,0,1
2025430625303,2025,430625303,2,1,0,-1,19,9,9,-1,0,0,0,0,0,0,2,1,-1,2,1,60,9,-1,-1,-1,-1,10,E01035262,0,1
2025371652185,2025,371652185,3,1,0,-1,19,7,3,-1,0,0,0,4,0,0,1,1,-1,6,1,67,10,-1,-1,-1,-1,6,E01030150,0,1
2025131547324,2025,131547324,1,98,0,-1,19,6,2,-1,0,0,0,0,0,0,4,1,-1,6,3,-1,-1,-1,-1,-1,-1,-1,-1,0,-1
2025201670017,2025,201670017,2,9,0,-1,4,2,5,-1,0,0,0,0,0,0,3,1,-1,2,2,47,8,-1,-1,-1,-1,9,E01031284,0,3
2025010595330,2025,010595330,1,97,0,-1,19,5,1,-1,-1,-1,-1,0,-1,-1,1,1,-1,6,3,-1,-1,-1,-1,-1,-1,-1,-1,0,-1
2025332500553,2025,332500553,2,1,0,-1,5,5,1,-1,0,2,0,0,0,0,1,1,-1,6,1,44,7,-1,-1,-1,-1,7,E01025724,0,1
2025010576683,2025,010576683,1,9,0,-1,19,1,5,-1,-1,8,-1,0,-1,-1,1,1,-1,6,3,-1,-1,-1,-1,-1,-1,-1,-1,0,-1
2025531552874,2025,531552874,2,33,0,-1,19,3,7,-1,0,3,0,0,0,0,4,1,-1,1,2,23,5,-1,-1,-1,-1,2,E01022131,1,1
2025610002025,2025,610002025,2,9,0,18,19,3,7,0,0,8,0,0,0,0,0,1,6,6,3,-1,-1,-1,-1,-1,-1,-1,-1,0,-1
2025411665955,2025,411665955,1,8,0,-1,19,3,7,-1,0,0,0,0,0,0,1,1,-1,1,1,46,8,-1,-1,-1,-1,7,E01015709,0,3
2025631611926,2025,631611926,1,98,0,-1,19,3,7,-1,0,0,0,0,0,0,1,1,-1,6,3,-1,-1,-1,-1,-1,-1,-1,-1,0,-1
2025010552905,2025,010552905,1,1,0,-1,19,3,7,-1,0,8,0,0,0,0,1,1,-1,6,1,19,4,-1,-1,-1,-1,-1,-1,0,-1
2025010610878,2025,010610878,2,9,0,-1,9,1,7,-1,-1,-1,-1,7,-1,-1,1,1,-1,6,3,-1,-1,-1,-1,-1,-1,-1,-1,0,-1
2025010575175,2025,010575175,4,9,0,-1,19,1,5,-1,-1,2,-1,0,-1,-1,-1,1,-1,6,3,-1,-1,-1,-1,-1,-1,-1,-1,0,-1
2025991555204,2025,991555204,2,1,0,-1,19,8,8,-1,5,0,0,0,0,0,1,1,-1,9,1,32,6,-1,-1,-1,-1,-1,-1,0,-1
2025340NN2342,2025,340NN2342,2,9,0,-1,7,3,5,-1,0,4,1,0,0,0,3,1,-1,9,2,41,7,-1,-1,-1,-1,7,E01032963,0,1
2025622500057,2025,622500057,1,9,0,18,19,4,8,0,0,0,0,0,0,0,1,1,5,6,1,58,9,-1,-1,-1,-1,4,W01001187,0,1
2025332500386,2025,332500386,2,9,0,-1,19,5,1,-1,0,0,0,0,0,0,1,1,-1,6,1,-1,-1,-1,-1,-1,-1,-1,-1,0,-1
2025302501668,2025,302501668,1,9,0,-1,19,5,1,-1,0,0,0,0,0,0,1,1,-1,1,3,20,4,-1,-1,-1,-1,7,E01019405,0,3
2025010563801,2025,010563801,2,1,0,-1,19,3,7,-1,-1,6,-1,0,-1,-1,3,1,-1,6,3,-1,-1,-1,-1,-1,-1,-1,-1,0,-1
2025610046925,2025,610046925,1,22,0,1,1,5,1,0,0,2,0,0,0,0,3,1,1,1,1,44,7,-1,-1,-1,-1,7,E01014013,0,4
2025542167525,2025,542167525,1,9,0,18,19,1,5,0,0,0,0,0,0,0,1,1,6,6,3,-1,-1,-1,-1,-1,-1,-1,-1,0,-1
2025361655820,2025,361655820,2,9,0,-1,9,1,2,-1,0,3,5,0,0,0,3,1,-1,1,2,50,8,-1,-1,-1,-1,2,E01026607,0,2
2025991599012,2025,991599012,2,1,0,-1,15,1,5,-1,4,1,2,0,1,0,1,1,-1,6,1,49,8,-1,-1,-1,-1,8,-1,0,2
2025010594481,2025,010594481,2,1,0,-1,19,5,1,-1,0,8,0,0,0,0,3,1,-1,9,1,29,6,-1,-1,-1,-1,5,E01003115,0,1
2025991548025,2025,991548025,1,9,0,-1,19,2,6,-1,0,0,0,2,0,0,1,1,-1,9,2,76,11,-1,-1,-1,-1,1,-1,0,1
2025430335776,2025,430335776,2,1,0,9,9,4,2,0,0,5,0,0,0,0,2,1,5,6,2,32,6,-1,-1,-1,-1,10,E01028563,0,1
2025221568704,2025,221568704,2,9,0,-1,19,7,3,-1,0,0,0,0,0,0,1,9,-1,6,2,45,7,-1,-1,-1,-1,-1,-1,0,-1
2025332500291,2025,332500291,1,9,0,-1,4,4,8,-1,0,8,0,0,0,0,2,1,-1,9,2,55,8,-1,-1,-1,-1,8,E01027634,0,5
2025461612626,2025,461612626,1,33,0,-1,19,6,2,-1,9,2,0,0,0,0,1,2,-1,9,1,49,8,-1,-1,-1,-1,6,E01024518,1,1
2025070803991,2025,070803991,2,1,0,-1,19,5,1,-1,0,8,5,0,0,0,1,1,-1,2,1,36,7,-1,-1,-1,-1,1,E01018740,0,1
2025501661583,2025,501661583,2,1,0,-1,19,4,8,-1,0,1,0,0,0,0,1,1,-1,6,1,81,11,-1,-1,-1,-1,5,E01018820,0,1
2025522502030,2025,522502030,2,9,0,-1,19,9,9,-1,0,8,0,0,0,0,1,9,-1,6,3,-1,-1,-1,-1,-1,-1,-1,-1,0,-1
2025461564063,2025,461564063,1,98,1,-1,12,7,3,-1,0,0,0,0,0,0,3,9,-1,6,1,29,6,-1,-1,-1,-1,-1,-1,0,-1
2025041607982,2025,041607982,2,19,0,-1,19,1,5,-1,0,1,0,0,0,0,1,1,-1,2,1,35,6,-1,-1,-1,-1,6,E01005801,0,4
2025010581033,2025,010581033,2,1,0,-1,19,7,3,-1,0,8,5,0,0,0,1,1,-1,2,2,28,6,-1,-1,-1,-1,3,E01003309,0,1
2025010566157,2025,010566157,2,1,0,-1,9,3,2,-1,9,5,0,0,0,0,3,1,-1,1,1,62,9,-1,-1,-1,-1,4,E01003203,0,1
2025010570401,2025,010570401,1,23,0,-1,19,1,5,-1,-1,-1,-1,11,-1,-1,1,1,-1,6,3,-1,-1,-1,-1,-1,-1,-1,-1,0,-1
2025010576519,2025,010576519,2,1,0,-1,19,8,3,-1,0,1,0,0,0,0,1,1,-1,6,1,20,4,-1,-1,-1,-1,3,E01034615,0,1
2025010607123,2025,010607123,2,1,0,-1,3,3,7,-1,0,1,0,0,0,0,1,1,-1,1,1,28,6,-1,-1,-1,-1,3,E01004235,0,1
2025991676735,2025,991676735,1,9,0,-1,5,4,7,-1,0,2,0,0,0,0,1,1,-1,6,1,26,6,-1,-1,-1,-1,-1,-1,0,-1
2025010564368,2025,010564368,2,19,4,99,99,9,9,99,99,9,9,99,9,99,9,9,6,6,3,-1,-1,-1,-1,-1,-1,-1,-1,0,-1
2025471568280,2025,471568280,1,9,0,-1,19,6,2,-1,0,0,0,0,0,0,1,1,-1,6,2,20,4,-1,-1,-1,-1,-1,-1,0,-1
2025041610296,2025,041610296,2,9,0,-1,3,4,8,-1,0,0,0,0,0,0,2,1,-1,7,1,43,7,-1,-1,-1,-1,3,E01025050,0,1
2025302501668,2025,302501668,4,90,0,-1,19,1,5,-1,0,0,0,0,0,0,0,1,-1,6,3,-1,-1,-1,-1,-1,-1,-1,-1,0,-1
2025141622937,2025,141622937,1,9,0,-1,4,8,4,-1,0,0,0,2,0,0,2,1,-1,9,1,32,6,-1,-1,-1,-1,8,E01008147,0,2
2025010562183,2025,010562183,1,9,0,-1,19,5,1,-1,-1,8,-1,0,-1,-1,1,1,-1,6,3,-1,-1,-1,-1,-1,-1,-1,-1,0,-1
2025010576500,2025,010576500,2,9,0,99,99,9,9,99,99,9,9,99,9,99,9,9,6,6,3,-1,-1,-1,-1,-1,-1,-1,-1,0,-1
2025010590923,2025,010590923,1,1,0,-1,19,5,1,-1,0,3,0,0,0,0,2,1,-1,2,1,26,6,-1,-1,-1,-1,6,E01004059,0,2
2025010566167,2025,010566167,2,9,0,-1,99,9,9,-1,99,9,9,99,9,99,2,9,-1,6,3,-1,-1,-1,-1,-1,-1,-1,-1,0,-1
2025471545533,2025,471545533,1,1,0,-1,19,2,4,-1,0,0,0,0,0,0,1,1,-1,9,1,25,5,-1,-1,-1,-1,3,E01021044,0,1
2025070100173,2025,070100173,1,9,0,-1,19,1,5,-1,0,0,0,0,0,0,4,9,-1,6,3,-1,-1,-1,-1,-1,-1,-1,-1,0,-1
2025991646594,2025,991646594,2,1,0,-1,19,3,7,-1,0,1,0,0,0,0,1,1,-1,1,1,27,6,-1,-1,-1,-1,-1,-1,0,-1
2025010615054,2025,010615054,2,1,0,-1,7,1,3,-1,0,2,0,0,0,0,1,1,-1,9,1,27,6,-1,-1,-1,-1,5,E01000476,0,1
2025451577499,2025,451577499,3,9,0,-1,3,6,2,-1,0,0,0,0,0,0,2,9,-1,6,-1,25,5,-1,-1,-1,-1,-1,-1,0,-1
2025141615717,2025,141615717,2,23,0,-1,19,5,1,-1,0,1,0,0,0,0,1,1,-1,9,1,44,7,-1,-1,-1,-1,2,E01007697,0,1
2025221582861,2025,221582861,2,19,0,-1,4,6,2,-1,0,0,0,0,0,0,2,9,-1,1,2,34,6,-1,-1,-1,-1,-1,-1,0,-1
2025411572617,2025,411572617,1,21,0,-1,4,3,7,-1,0,0,0,0,0,0,2,1,-1,1,1,53,8,-1,-1,-1,-1,5,E01019689,0,5
2025141663701,2025,141663701,2,9,0,-1,19,2,2,-1,0,4,0,0,0,0,1,9,-1,6,3,-1,-1,-1,-1,-1,-1,-1,-1,0,-1
2025501569250,2025,501569250,2,21,0,-1,19,3,7,-1,0,0,0,0,0,0,4,1,-1,6,3,30,6,-1,-1,-1,-1,-1,-1,0,-1
2025451608191,2025,451608191,2,9,0,-1,2,0,0,-1,6,0,0,2,0,0,2,1,-1,9,1,48,8,-1,-1,-1,-1,6,E01024830,0,4
2025231624581,2025,231624581,2,1,0,-1,19,6,2,-1,0,0,0,0,0,0,3,1,-1,6,2,55,8,-1,-1,-1,-1,10,E01031305,0,1
2025010571390,2025,010571390,3,4,0,-1,13,7,3,-1,0,3,0,0,0,0,1,1,-1,-1,1,22,5,-1,-1,-1,-1,5,E01001648,0,2
2025440484697,2025,440484697,1,33,0,-1,19,1,5,-1,5,0,0,10,0,0,1,1,-1,9,2,22,5,-1,-1,-1,-1,1,E01017039,1,1
2025501638991,2025,501638991,2,9,0,-1,3,8,4,-1,0,0,0,0,0,0,1,1,-1,6,-1,-1,-1,-1,-1,-1,-1,-1,-1,0,-1
2025351639191,2025,351639191,2,1,0,-1,19,3,7,-1,0,8,0,0,0,0,1,1,-1,2,1,62,9,-1,-1,-1,-1,9,E01018201,0,1
2025991584666,2025,991584666,1,17,0,-1,5,1,5,-1,0,0,0,0,0,0,1,1,-1,1,1,69,10,-1,-1,-1,-1,-1,-1,0,-1
2025451555627,2025,451555627,2,98,0,-1,12,3,7,-1,0,0,0,0,0,0,0,9,-1,6,3,35,6,-1,-1,-1,-1,-1,-1,0,-1
2025052502217,2025,052502217,2,1,0,3,3,5,1,0,0,0,0,0,0,0,3,1,2,2,1,43,7,-1,-1,-1,-1,3,E01006433,0,1
2025131629669,2025,131629669,2,1,0,-1,19,5,1,-1,4,0,0,0,1,0,1,1,-1,9,1,81,11,-1,-1,-1,-1,8,E01011520,0,1
2025052501605,2025,052501605,2,18,0,4,4,3,7,0,0,0,0,0,0,0,4,1,6,6,2,19,4,-1,-1,-1,-1,-1,-1,0,-1
2025340WN4842,2025,340WN4842,1,21,0,-1,19,1,5,-1,0,1,0,0,0,0,1,1,-1,6,3,-1,-1,-1,-1,-1,-1,-1,-1,0,-1
2025440484597,2025,440484597,1,9,0,-1,3,6,2,-1,0,0,0,0,0,0,2,1,-1,6,1,73,10,-1,-1,-1,-1,7,E01031938,0,4
2025541667808,2025,541667808,2,1,0,-1,19,2,6,-1,0,8,5,0,0,0,1,1,-1,7,1,13,3,-1,-1,-1,-1,6,E01032083,0,1
2025010604811,2025,010604811,2,1,0,-1,19,7,3,-1,0,8,0,0,0,0,1,1,-1,2,1,22,5,-1,-1,-1,-1,3,E01034045,0,1
2025471573212,2025,471573212,2,9,0,-1,19,6,2,-1,0,0,0,0,0,0,3,1,-1,2,1,36,7,-1,-1,-1,-1,8,E01031698,0,2
2025141564627,2025,141564627,2,9,0,-1,13,6,2,-1,0,0,0,0,0,0,1,9,-1,6,3,-1,-1,-1,-1,-1,-1,-1,-1,0,-1
2025010561786,2025,010561786,1,11,0,-1,5,7,3,-1,0,8,0,0,0,0,0,1,-1,1,1,47,8,-1,-1,-1,-1,3,E01000404,0,2
2025340WN1682,2025,340WN1682,2,1,0,-1,19,5,1,-1,0,0,0,0,0,0,2,1,-1,6,1,47,8,-1,-1,-1,-1,3,E01027185,0,1
2025440148057,2025,440148057,2,9,0,13,13,6,2,0,0,1,0,0,0,0,0,1,6,6,3,-1,-1,-1,-1,-1,-1,-1,-1,0,-1
2025010596459,2025,010596459,1,1,9,-1,99,9,9,-1,99,1,9,99,9,99,1,1,-1,6,3,-1,-1,-1,-1,-1,-1,-1,-1,0,-1
2025440039633,2025,440039633,2,9,0,1,1,1,3,0,0,2,0,0,0,0,2,1,6,6,1,-1,-1,-1,-1,-1,-1,-1,-1,0,-1
2025451583189,2025,451583189,2,9,0,-1,19,2,5,-1,0,0,0,0,0,0,0,9,-1,6,3,-1,-1,-1,-1,-1,-1,-1,-1,0,-1
2025430254891,2025,430254891,2,21,0,11,11,3,7,0,0,0,0,0,0,0,0,1,6,6,1,-1,-1,-1,-1,-1,-1,-1,-1,0,-1
2025522600607,2025,522600607,2,9,0,-1,4,4,8,-1,0,0,0,0,0,0,2,1,-1,6,3,21,5,-1,-1,-1,-1,9,W01001113,0,4
2025451546754,2025,451546754,2,9,0,-1,19,3,7,-1,0,4,0,0,0,0,1,9,-1,6,3,50,8,-1,-1,-1,-1,-1,-1,0,-1
2025471668885,2025,471668885,1,1,0,-1,19,7,3,-1,0,0,0,0,0,0,2,1,-1,6,2,44,7,-1,-1,-1,-1,6,E01016877,0,1
2025010602088,2025,010602088,1,1,0,-1,19,7,3,-1,-1,1,-1,0,-1,-1,3,1,-1,6,3,-1,-1,-1,-1,-1,-1,-1,-1,0,-1
2025131635037,2025,131635037,1,9,0,-1,4,1,5,-1,0,0,0,0,0,0,1,1,-1,6,1,39,7,-1,-1,-1,-1,8,E01021555,0,5
2025131561016,2025,131561016,1,11,0,-1,-1,-1,-1,-1,0,4,0,0,0,0,3,1,-1,6,3,-1,-1,-1,-1,-1,-1,-1,-1,0,-1
2025302501668,2025,302501668,3,9,0,-1,3,5,1,-1,0,0,0,0,0,0,2,1,-1,2,2,73,10,-1,-1,-1,-1,7,E01019634,0,2
2025111643049,2025,111643049,1,9,0,-1,19,5,1,-1,0,0,0,0,0,0,1,1,-1,1,1,28,6,-1,-1,-1,-1,1,E01027393,0,4
2025231543850,2025,231543850,1,21,1,-1,19,5,1,-1,0,0,0,0,0,0,1,1,-1,6,1,58,9,-1,-1,-1,-1,-1,-1,0,-1
2025010576500,2025,010576500,1,1,9,99,99,9,9,99,99,9,9,99,9,99,9,1,5,6,1,60,9,-1,-1,-1,-1,3,E01001830,0,1
2025340WN0212,2025,340WN0212,1,9,0,-1,19,8,4,-1,0,0,2,7,0,7,1,1,-1,9,1,32,6,-1,-1,-1,-1,7,E01027282,0,1
2025010581576,2025,010581576,2,1,0,-1,19,1,5,-1,0,1,0,0,0,0,2,1,-1,9,1,23,5,-1,-1,-1,-1,6,E01002788,0,1
2025610034225,2025,610034225,2,9,0,17,19,5,3,0,0,0,0,0,0,0,1,1,5,6,2,35,6,-1,-1,-1,-1,5,W01001389,0,2
2025401595627,2025,401595627,3,8,-1,-1,19,4,1,-1,0,1,-1,-1,-1,0,1,1,-1,6,3,-1,-1,-1,-1,-1,-1,-1,-1,0,-1
2025052501803,2025,052501803,2,1,0,18,19,3,7,0,0,8,0,0,0,0,3,1,2,2,1,19,4,-1,-1,-1,-1,1,E01006480,0,1
2025541654325,2025,541654325,2,1,0,-1,19,5,1,-1,0,0,5,0,0,0,3,1,-1,9,1,76,11,-1,-1,-1,-1,7,E01015490,0,1
2025440148057,2025,440148057,1,1,0,5,5,6,2,0,0,1,0,10,0,0,4,1,5,6,2,24,5,-1,-1,-1,-1,10,E01022981,0,2
2025340WN1042,2025,340WN1042,2,9,0,-1,13,5,1,-1,0,0,1,0,0,0,4,1,-1,9,1,31,6,-1,-1,-1,-1,-1,-1,0,-1
2025411595118,2025,411595118,2,20,1,-1,20,6,2,-1,0,1,0,0,0,0,4,9,-1,9,1,48,8,-1,-1,-1,-1,10,E01002467,0,2
2025991678153,2025,991678153,2,1,0,-1,5,5,3,-1,0,6,5,0,0,0,2,1,-1,2,1,54,8,-1,-1,-1,-1,3,-1,0,1
2025302502013,2025,302502013,2,1,0,-1,19,3,7,-1,0,0,1,0,0,0,1,1,-1,1,1,43,7,-1,-1,-1,-1,2,E01019483,0,1
2025430054217,2025,430054217,1,9,0,18,19,3,7,0,0,1,0,0,0,0,1,1,1,1,1,40,7,-1,-1,-1,-1,-1,-1,0,-1
2025010612701,2025,010612701,1,9,0,-1,19,1,5,-1,-1,1,-1,0,-1,-1,1,1,-1,6,3,-1,-1,-1,-1,-1,-1,-1,-1,0,-1
2025542167525,2025,542167525,2,1,0,18,19,1,5,0,0,0,0,0,0,0,2,1,2,2,1,43,7,-1,-1,-1,-1,5,E01015587,0,1
2025052500239,2025,052500239,2,1,0,18,19,3,7,0,0,8,0,0,0,0,4,1,5,6,1,49,8,-1,-1,-1,-1,5,E01006999,0,2
2025991639476,2025,991639476,1,1,0,-1,4,8,4,-1,0,0,0,0,0,0,0,1,-1,9,1,69,10,-1,-1,-1,-1,10,E01010198,0,5
2025010605453,2025,010605453,2,1,0,-1,19,4,8,-1,0,2,0,0,0,0,1,1,-1,9,1,52,8,-1,-1,-1,-1,3,E01033924,0,1
2025010559636,2025,010559636,1,19,0,-1,7,5,8,-1,0,8,0,0,0,0,4,1,-1,1,1,58,9,-1,-1,-1,-1,8,E01021620,0,4
2025991567269,2025,991567269,1,9,0,-1,4,4,8,-1,0,0,0,0,0,0,1,9,-1,9,1,24,5,-1,-1,-1,-1,1,-1,0,1
2025041565517,2025,041565517,1,33,0,-1,3,1,5,-1,0,1,0,0,0,0,1,9,-1,6,1,17,4,-1,-1,-1,-1,1,E01033691,1,4
2025430036280,2025,430036280,3,9,0,18,19,4,8,0,0,0,0,0,0,0,2,1,2,2,1,40,7,-1,-1,-1,-1,9,E01016407,0,2
2025070458676,2025,070458676,2,1,0,-1,3,1,4,-1,0,0,0,0,0,0,2,1,-1,9,1,66,10,-1,-1,-1,-1,3,E01005116,0,3
2025440485718,2025,440485718,2,1,0,-1,19,5,1,-1,0,1,0,0,0,0,3,1,-1,2,1,57,9,-1,-1,-1,-1,1,E01017155,0,1
2025041627512,2025,041627512,1,9,0,-1,3,8,4,-1,0,1,0,0,0,0,1,1,-1,1,1,33,6,-1,-1,-1,-1,4,E01012725,0,1
2025340WN3702,2025,340WN3702,2,9,0,-1,19,1,5,-1,0,8,0,0,0,0,4,1,-1,9,2,47,8,-1,-1,-1,-1,9,E01027018,0,2
2025302501668,2025,302501668,2,9,0,-1,3,5,1,-1,0,0,0,0,0,0,2,1,-1,9,1,46,8,-1,-1,-1,-1,10,E01019635,0,3
2025451543022,2025,451543022,1,9,0,-1,19,7,3,-1,0,0,0,0,0,0,4,1,-1,1,1,49,8,-1,-1,-1,-1,3,E01007777,0,5
2025010562810,2025,010562810,1,19,0,-1,1,3,7,-1,-1,-1,-1,2,-1,-1,2,1,-1,6,3,-1,-1,-1,-1,-1,-1,-1,-1,0,-1
2025430168729,2025,430168729,2,9,0,3,3,7,3,0,0,1,0,0,0,0,2,1,6,6,2,55,8,-1,-1,-1,-1,8,E01034452,0,1
2025440034533,2025,440034533,2,9,0,18,19,5,1,0,0,0,1,0,0,0,1,1,6,6,2,70,10,-1,-1,-1,-1,7,E01023057,0,3
2025401695039,2025,401695039,1,19,0,-1,19,8,4,-1,0,0,0,2,1,7,1,1,-1,1,1,43,7,-1,-1,-1,-1,6,E01015780,0,4
2025340WN5352,2025,340WN5352,1,19,0,-1,2,2,6,-1,0,0,0,0,0,0,3,1,-1,6,1,-1,-1,-1,-1,-1,-1,-1,-1,0,-1
2025302502012,2025,302502012,1,90,0,-1,7,4,6,-1,0,5,0,4,1,0,1,1,-1,6,3,-1,-1,-1,-1,-1,-1,-1,-1,0,-1
2025340WN3882,2025,340WN3882,2,9,0,-1,19,3,7,-1,0,8,0,0,0,0,4,1,-1,6,1,-1,-1,-1,-1,-1,-1,-1,-1,0,-1
2025010572154,2025,010572154,1,97,0,-1,14,6,2,-1,-1,-1,-1,0,-1,-1,1,1,-1,6,3,-1,-1,-1,-1,-1,-1,-1,-1,0,-1
2025522600383,2025,522600383,2,9,0,-1,13,7,3,-1,0,0,0,0,0,0,4,1,-1,6,1,-1,-1,-1,-1,-1,-1,-1,-1,0,-1
2025010561029,2025,010561029,2,9,0,-1,99,9,9,-1,99,6,9,99,9,99,9,9,-1,6,3,-1,-1,-1,-1,-1,-1,-1,-1,0,-1
2025010586497,2025,010586497,2,1,0,-1,19,3,7,-1,2,0,0,0,0,0,3,1,-1,6,1,17,4,-1,-1,-1,-1,3,E01034039,0,1
2025302500211,2025,302500211,2,1,9,-1,19,9,9,-1,0,0,0,99,9,99,9,1,-1,6,1,45,7,-1,-1,-1,-1,8,E01029458,0,3
2025041685382,2025,041685382,2,9,0,-1,9,1,4,-1,0,0,0,0,0,0,3,9,-1,6,3,-1,-1,-1,-1,-1,-1,-1,-1,0,-1
2025311675434,2025,311675434,1,9,0,-1,3,1,5,-1,0,1,0,0,0,0,2,2,-1,9,1,38,7,-1,-1,-1,-1,-1,-1,0,-1
2025010560306,2025,010560306,2,9,0,-1,99,9,9,-1,99,9,9,99,9,99,9,9,-1,6,3,-1,-1,-1,-1,-1,-1,-1,-1,0,-1
2025010572615,2025,010572615,2,90,9,-1,99,9,9,-1,99,9,9,99,9,99,1,9,-1,6,3,-1,-1,-1,-1,-1,-1,-1,-1,0,-1
2025541654325,2025,541654325,1,19,0,-1,19,5,1,-1,0,0,0,0,0,0,4,1,-1,6,3,-1,-1,-1,-1,-1,-1,-1,-1,0,-1
2025451616600,2025,451616600,3,9,0,-1,19,2,6,-1,0,0,0,0,0,0,1,1,-1,1,1,20,4,-1,-1,-1,-1,9,E01002953,0,3
2025430554787,2025,430554787,2,9,0,-1,19,7,3,-1,0,0,0,0,0,0,1,1,-1,6,1,-1,-1,-1,-1,-1,-1,-1,-1,0,-1
2025070538362,2025,070538362,1,9,0,-1,13,2,6,-1,0,0,1,0,7,9,1,1,-1,2,1,53,8,-1,-1,-1,-1,3,E01029808,0,3
2025531552874,2025,531552874,1,9,0,-1,19,5,1,-1,0,4,0,0,0,0,1,9,-1,6,3,-1,-1,-1,-1,-1,-1,-1,-1,0,-1
2025010557726,2025,010557726,1,1,9,-1,99,9,9,-1,99,-1,9,99,9,99,1,1,-1,6,3,-1,-1,-1,-1,-1,-1,-1,-1,0,-1
2025010566580,2025,010566580,2,1,9,-1,99,9,9,-1,99,9,9,99,9,99,1,1,-1,6,3,-1,-1,-1,-1,-1,-1,-1,-1,0,-1
2025010581694,2025,010581694,1,1,0,-1,19,1,5,-1,4,1,5,0,0,0,4,1,-1,9,1,31,6,-1,-1,-1,-1,3,E01000090,0,1
2025131574349,2025,131574349,2,9,0,-1,3,3,7,-1,0,0,0,0,0,0,2,1,-1,6,1,32,6,-1,-1,-1,-1,6,E01010797,0,1
2025340NN2342,2025,340NN2342,1,9,0,-1,19,1,5,-1,0,8,0,0,0,0,1,1,-1,6,3,-1,-1,-1,-1,-1,-1,-1,-1,0,-1
2025231663510,2025,231663510,2,9,0,-1,3,4,8,-1,0,0,0,0,0,0,2,9,-1,6,1,28,6,-1,-1,-1,-1,1,E01031015,0,1
2025052501970,2025,052501970,4,90,0,18,19,3,7,0,0,6,0,0,0,0,0,1,5,6,1,36,7,-1,-1,-1,-1,1,E01006506,0,1
2025340WN3882,2025,340WN3882,1,5,0,-1,19,5,1,-1,0,4,0,0,0,0,3,1,-1,9,1,50,8,-1,-1,-1,-1,-1,-1,0,-1
2025031569882,2025,031569882,1,9,0,-1,19,5,1,-1,0,0,1,0,0,0,1,1,-1,6,1,32,6,-1,-1,-1,-1,6,E01025788,0,5
2025522600399,2025,522600399,2,8,0,-1,3,4,8,-1,0,0,0,0,0,0,2,1,-1,1,1,-1,-1,-1,-1,-1,-1,-1,-1,0,-1
2025052502217,2025,052502217,1,9,0,4,4,5,1,0,0,0,0,0,0,0,4,1,6,6,3,-1,-1,-1,-1,-1,-1,-1,-1,0,-1
2025010567950,2025,010567950,2,21,9,99,99,9,9,99,99,0,9,99,9,99,9,9,6,6,3,-1,-1,-1,-1,-1,-1,-1,-1,0,-1
2025010575312,2025,010575312,1,1,9,99,99,9,9,99,99,9,9,99,9,99,0,1,2,2,1,51,8,-1,-1,-1,-1,3,E01003593,0,1
2025440485718,2025,440485718,1,9,0,-1,7,5,7,-1,0,1,0,0,0,0,4,1,-1,1,2,58,9,-1,-1,-1,-1,4,E01017172,0,1
2025161600840,2025,161600840,2,9,0,-1,4,3,7,-1,0,0,0,0,0,0,1,1,-1,6,2,30,6,-1,-1,-1,-1,-1,-1,0,-1
2025471563062,2025,471563062,1,9,0,-1,-1,-1,-1,-1,-1,0,-1,-1,-1,0,-1,9,-1,6,3,-1,-1,-1,-1,-1,-1,-1,-1,0,-1
2025010580600,2025,010580600,2,1,0,-1,19,1,5,-1,4,8,0,0,0,0,1,1,-1,9,1,27,6,-1,-1,-1,-1,5,E01004612,0,1
2025052502276,2025,052502276,1,9,0,7,7,4,7,0,0,8,0,0,0,0,4,1,6,6,3,-1,-1,-1,-1,-1,-1,-1,-1,0,-1
2025010578013,2025,010578013,1,1,0,-1,7,7,1,-1,0,6,0,0,0,0,0,1,-1,9,2,55,8,-1,-1,-1,-1,9,E01000971,0,1
2025501543082,2025,501543082,2,9,0,-1,3,8,4,-1,0,0,0,0,0,0,2,1,-1,2,2,45,7,-1,-1,-1,-1,4,E01018779,0,3
2025361544528,2025,361544528,1,9,0,-1,19,7,3,-1,0,0,0,0,0,0,1,1,-1,2,1,24,5,-1,-1,-1,-1,5,E01026618,0,3
2025010564368,2025,010564368,1,1,9,99,99,9,9,99,99,9,9,99,9,99,9,1,5,6,1,28,6,-1,-1,-1,-1,3,E01002770,0,1
2025010575312,2025,010575312,2,9,0,99,99,9,9,99,99,9,9,99,9,99,0,9,6,6,3,-1,-1,-1,-1,-1,-1,-1,-1,0,-1
2025010576800,2025,010576800,2,1,9,99,99,9,9,99,99,9,9,99,9,99,9,1,6,6,3,-1,-1,-1,-1,-1,-1,-1,-1,0,-1
2025471565196,2025,471565196,1,1,0,-1,19,7,3,-1,0,0,0,0,0,0,1,1,-1,9,1,19,4,-1,-1,-1,-1,5,E01021064,0,3
2025010556379,2025,010556379,2,3,9,-1,99,9,9,-1,-1,9,9,99,9,99,9,1,-1,1,1,-1,-1,-1,-1,-1,-1,-1,-1,0,-1
2025041596092,2025,041596092,2,1,0,-1,19,6,2,-1,0,8,0,0,0,0,4,1,-1,9,1,38,7,-1,-1,-1,-1,4,E01024975,0,2
2025501546463,2025,501546463,3,9,0,-1,19,1,5,-1,0,0,0,0,0,0,1,1,-1,6,1,-1,-1,-1,-1,-1,-1,-1,-1,0,-1
2025201670750,2025,201670750,1,19,0,-1,3,6,2,-1,0,0,0,0,0,0,3,1,-1,6,1,-1,-1,-1,-1,-1,-1,-1,-1,0,-1
2025440484597,2025,440484597,2,19,0,-1,19,6,2,-1,0,0,0,0,0,0,1,1,-1,6,1,30,6,-1,-1,-1,-1,8,E01021528,0,5
2025010559480,2025,010559480,2,1,0,-1,19,1,5,-1,0,1,5,10,1,0,3,1,-1,1,1,19,4,-1,-1,-1,-1,3,E01000908,0,1
2025231658161,2025,231658161,1,9,0,-1,11,5,1,-1,0,0,0,0,0,0,9,1,-1,6,3,45,7,-1,-1,-1,-1,-1,-1,0,-1
2025010580545,2025,010580545,2,1,0,-1,19,3,7,-1,0,1,0,0,0,0,1,1,-1,9,1,50,8,-1,-1,-1,-1,-1,-1,0,-1
2025201686228,2025,201686228,1,9,0,-1,19,1,5,-1,0,1,0,0,0,0,2,9,-1,6,3,18,4,-1,-1,-1,-1,-1,-1,0,-1
2025440484597,2025,440484597,5,9,0,-1,19,6,2,-1,0,0,0,0,0,0,1,1,-1,6,1,64,9,-1,-1,-1,-1,10,E01017784,0,4
2025451656293,2025,451656293,2,9,0,-1,5,1,5,-1,0,1,0,0,0,0,4,9,-1,6,3,-1,-1,-1,-1,-1,-1,-1,-1,0,-1
2025010597833,2025,010597833,1,1,9,-1,99,9,9,-1,99,9,9,99,9,99,1,1,-1,6,3,-1,-1,-1,-1,-1,-1,-1,-1,0,-1
2025041582533,2025,041582533,1,9,0,-1,19,-1,-1,-1,0,0,0,0,0,0,3,9,-1,6,3,-1,-1,-1,-1,-1,-1,-1,-1,0,-1
2025340NN4472,2025,340NN4472,1,9,0,-1,5,5,1,-1,0,4,0,0,0,0,1,1,-1,6,3,-1,-1,-1,-1,-1,-1,-1,-1,0,-1
2025131594581,2025,131594581,2,1,0,-1,19,2,2,-1,0,0,0,0,0,0,3,1,-1,9,1,59,9,-1,-1,-1,-1,6,E01011062,0,1
2025131672226,2025,131672226,1,9,0,-1,-1,-1,-1,-1,-1,0,-1,-1,-1,-1,-1,1,-1,6,3,-1,-1,-1,-1,-1,-1,-1,-1,0,-1
2025052501771,2025,052501771,1,9,0,5,5,8,3,0,0,4,0,0,0,0,1,1,6,6,1,-1,-1,-1,-1,-1,-1,-1,-1,0,-1
2025631570770,2025,631570770,1,9,0,-1,14,3,8,-1,0,0,0,0,0,0,1,9,-1,6,3,-1,-1,-1,-1,-1,-1,-1,-1,0,-1
2025430150568,2025,430150568,2,9,0,4,4,8,4,0,0,0,0,0,0,0,3,1,1,1,1,43,7,-1,-1,-1,-1,3,E01015795,0,4
2025010573727,2025,010573727,1,1,9,-1,99,9,9,-1,99,9,9,99,9,99,1,1,-1,2,1,25,5,-1,-1,-1,-1,4,E01001932,0,1
2025411656533,2025,411656533,2,9,0,-1,19,1,5,-1,0,0,0,0,0,0,1,1,-1,6,3,-1,-1,-1,-1,-1,-1,-1,-1,0,-1
2025010576288,2025,010576288,1,1,9,-1,99,9,9,-1,99,9,9,99,9,99,9,1,-1,2,1,49,8,-1,-1,-1,-1,3,E01001578,0,1
2025451549128,2025,451549128,2,21,1,-1,19,7,3,-1,0,0,9,0,0,0,9,1,-1,6,3,40,7,-1,-1,-1,-1,-1,-1,0,-1
2025440143044,2025,440143044,4,9,0,18,19,3,7,0,0,0,0,0,0,0,1,1,6,6,1,20,4,-1,-1,-1,-1,-1,-1,0,-1
2025010578562,2025,010578562,2,1,0,-1,19,5,1,-1,0,0,0,2,0,0,3,1,-1,2,1,45,7,-1,-1,-1,-1,4,E01002088,0,2
2025010559758,2025,010559758,2,1,0,-1,9,5,2,-1,0,6,0,0,0,0,3,1,-1,-1,1,13,3,-1,-1,-1,-1,4,E01002707,0,1
2025421542681,2025,421542681,1,9,0,-1,19,2,6,-1,0,0,1,0,0,0,1,1,-1,8,1,30,6,-1,-1,-1,-1,8,E01021537,0,4
2025010583528,2025,010583528,2,1,0,-1,19,1,5,-1,4,1,0,0,0,0,4,1,-1,2,1,28,6,-1,-1,-1,-1,2,E01001333,0,3
2025052501658,2025,052501658,1,9,0,17,19,7,3,0,0,4,0,0,0,0,3,1,6,6,3,-1,-1,-1,-1,-1,-1,-1,-1,0,-1
2025471643521,2025,471643521,3,9,0,-1,4,4,1,-1,0,0,0,0,0,0,0,9,-1,6,3,-1,-1,-1,-1,-1,-1,-1,-1,0,-1
2025010613010,2025,010613010,2,1,0,-1,19,1,5,-1,0,5,0,0,0,0,2,1,-1,9,2,48,8,-1,-1,-1,-1,5,E01003913,0,2
2025010560175,2025,010560175,1,1,9,-1,99,9,9,-1,99,9,9,99,9,99,1,1,-1,2,1,52,8,-1,-1,-1,-1,8,E01002898,0,1
2025010613884,2025,010613884,2,3,0,-1,19,1,5,-1,0,1,0,0,0,0,1,1,-1,9,1,21,5,-1,-1,-1,-1,3,E01001325,0,3
2025201583652,2025,201583652,2,9,0,-1,9,1,7,-1,0,8,0,0,0,0,2,1,-1,6,3,-1,-1,-1,-1,-1,-1,-1,-1,0,-1
2025421563029,2025,421563029,2,1,0,-1,5,5,1,-1,0,8,0,0,0,0,4,1,-1,2,1,75,10,-1,-1,-1,-1,-1,-1,0,-1
2025631651949,2025,631651949,1,9,0,-1,19,2,6,-1,0,8,0,0,0,0,4,9,-1,6,3,-1,-1,-1,-1,-1,-1,-1,-1,0,-1
2025430625303,2025,430625303,1,9,0,-1,19,9,9,-1,0,0,0,0,0,0,1,1,-1,6,3,-1,-1,-1,-1,-1,-1,-1,-1,0,-1
2025610005625,2025,610005625,2,9,0,18,19,6,2,0,0,0,0,0,0,0,1,1,6,6,1,54,8,-1,-1,-1,-1,10,W01001585,0,3
2025430263047,2025,430263047,1,9,0,18,19,2,6,0,0,1,0,0,0,0,4,1,6,6,3,-1,-1,-1,-1,-1,-1,-1,-1,0,-1
2025991548553,2025,991548553,2,90,0,-1,19,4,8,-1,0,0,0,0,0,0,2,1,-1,1,1,37,7,-1,-1,-1,-1,8,-1,0,4
2025010621415,2025,010621415,1,97,9,-1,99,9,9,-1,99,2,9,99,9,99,9,1,-1,6,3,-1,-1,-1,-1,-1,-1,-1,-1,0,-1
2025411591846,2025,411591846,2,9,-1,-1,19,4,8,-1,0,0,0,0,0,0,1,9,-1,6,3,-1,-1,-1,-1,-1,-1,-1,-1,0,-1
2025340WN5352,2025,340WN5352,2,1,0,-1,19,2,6,-1,0,0,0,0,0,0,1,1,-1,9,1,42,7,-1,-1,-1,-1,-1,-1,0,-1
2025010558282,2025,010558282,1,1,9,99,99,9,9,99,99,2,9,99,9,99,9,1,2,2,2,33,6,-1,-1,-1,-1,3,E01001440,0,1
2025010565392,2025,010565392,2,33,9,99,99,9,9,99,99,9,9,99,9,99,9,1,6,6,1,-1,-1,-1,-1,-1,-1,-1,-1,1,-1
2025440486178,2025,440486178,1,33,0,-1,19,4,8,-1,0,0,0,2,0,0,1,1,-1,9,1,57,9,-1,-1,-1,-1,5,E01023026,1,4
2025522600037,2025,522600037,2,1,0,-1,19,3,7,-1,0,1,0,0,0,0,4,1,-1,6,1,79,11,-1,-1,-1,-1,6,E01035214,0,1
2025010574271,2025,010574271,2,1,0,-1,19,5,1,-1,0,0,0,0,0,0,1,1,-1,2,1,18,4,-1,-1,-1,-1,3,E01004584,0,1
2025131566458,2025,131566458,2,1,0,-1,15,7,7,-1,0,1,5,0,0,0,1,1,-1,2,1,37,7,-1,-1,-1,-1,9,E01011685,0,1
2025231624487,2025,231624487,2,3,0,-1,11,6,3,-1,0,3,0,0,0,0,1,1,-1,9,1,38,7,-1,-1,-1,-1,-1,-1,0,-1
2025991658637,2025,991658637,1,1,0,-1,19,1,5,-1,0,1,0,0,0,0,1,1,-1,6,1,27,6,-1,-1,-1,-1,-1,-1,0,-1
2025201567943,2025,201567943,1,9,0,-1,19,3,7,-1,0,0,0,0,0,0,1,9,-1,6,1,-1,-1,-1,-1,-1,-1,-1,-1,0,-1
2025471639783,2025,471639783,2,9,0,-1,-1,-1,-1,-1,-1,-1,-1,-1,-1,0,-1,9,-1,6,3,-1,-1,-1,-1,-1,-1,-1,-1,0,-1
2025471583165,2025,471583165,1,3,0,-1,19,5,1,-1,0,1,0,0,0,0,1,1,-1,9,1,18,4,125,1,-1,APRILIA RS4,9,E01031505,0,1
2025610005625,2025,610005625,1,9,0,3,3,6,2,0,0,0,0,0,0,0,2,1,6,6,2,56,9,-1,3,-1,BMW IX3,9,W01001641,0,1
2025211670764,2025,211670764,1,9,0,-1,19,1,6,-1,0,0,0,0,0,0,1,1,-1,9,1,30,6,-1,3,-1,BMW IX3,10,E01034101,0,1
2025201550563,2025,201550563,2,9,0,-1,3,8,4,-1,0,0,0,0,0,0,2,1,-1,9,1,37,7,2199,2,-1,MAKE AND MODEL REDACTED,1,E01009585,0,1
2025471548634,2025,471548634,1,19,0,-1,19,-1,-1,-1,0,0,0,0,0,0,1,9,-1,6,1,44,7,-1,-1,-1,VOLKSWAGEN TRANSPORTER,5,E01021089,0,1
2025440458298,2025,440458298,1,19,0,-1,19,6,2,-1,0,0,0,0,0,0,1,1,-1,2,2,45,7,1968,2,-1,VOLKSWAGEN TRANSPORTER,10,E01023228,0,1
2025201555978,2025,201555978,1,19,0,-1,19,8,4,-1,0,0,0,0,0,0,2,1,-1,9,1,54,8,1968,2,-1,VOLKSWAGEN TRANSPORTER,8,E01010225,0,2
2025461555578,2025,461555578,4,19,0,-1,3,7,3,-1,0,0,0,0,0,0,2,1,-1,2,1,22,5,1968,2,-1,VOLKSWAGEN TRANSPORTER,7,E01030818,0,4
2025522500788,2025,522500788,1,19,0,-1,3,1,5,-1,0,0,0,0,0,0,2,1,-1,6,1,46,8,1968,2,-1,VOLKSWAGEN TRANSPORTER,9,W01001714,0,4
