collision_index,collision_year,collision_ref_no,location_easting_osgr,location_northing_osgr,longitude,latitude,police_force,collision_severity,number_of_vehicles,number_of_casualties,date,day_of_week,time,local_authority_district,local_authority_ons_district,local_authority_highway,local_authority_highway_current,first_road_class,first_road_number,road_type,speed_limit,junction_detail_historic,junction_detail,junction_control,second_road_class,second_road_number,pedestrian_crossing_human_control_historic,pedestrian_crossing_physical_facilities_historic,pedestrian_crossing,light_conditions,weather_conditions,road_surface_conditions,special_conditions_at_site,carriageway_hazards_historic,carriageway_hazards,urban_or_rural_area,did_police_officer_attend_scene_of_accident,trunk_road_flag,lsoa_of_collision_location,enhanced_severity_collision,collision_injury_based,collision_adjusted_severity_serious,collision_adjusted_severity_slight
2021430492670,2021,430492670,472479,170981,-0.958737,51.433205,43,3,2,1,01/11/2021,2,08:38,-1,E06000038,E06000038,E06000038,6,0,6,30,3,13,4,6,0,0,0,0,1,1,2,4,0,13,1,1,2,E01016372,-1,0,0.00884,0.99116
2021122101298,2021,122101298,424200,490111,-1.629601,54.306045,12,3,1,1,13/10/2021,4,11:20,-1,E07000164,E06000065,E06000065,3,684,6,30,3,13,1,6,0,2,0,12,1,1,1,4,2,13,2,1,2,E01027593,-1,0,0.08822,0.91178
2021052100331,2021,052100331,335059,390729,-2.97839,53.409377,5,3,2,1,24/02/2021,4,08:40,-1,E08000012,E08000012,E08000012,3,5038,3,30,3,13,2,3,5047,0,5,15,1,1,2,4,0,13,1,3,2,E01033760,-1,0,0.02696,0.97304
2021010342694,2021,010342694,527949,178882,-0.158269,51.494412,1,3,1,1,08/11/2021,2,10:05,-1,E09000020,E09000020,E09000020,3,3216,6,30,3,13,2,6,0,9,9,99,1,1,1,4,0,13,1,3,2,E01002859,-1,0,0,1
2021531029168,2021,531029168,391117,221772,-2.130488,51.894432,53,3,2,1,17/03/2021,4,17:00,-1,E07000078,E10000013,E10000013,3,40,3,40,1,0,2,3,40,0,0,0,1,1,1,4,0,13,1,2,2,E01022123,3,1,0,1
2021161104844,2021,161104844,518033,466444,-0.197321,54.080416,16,2,2,1,24/10/2021,1,19:10,-1,E06000011,E06000011,E06000011,6,0,6,30,3,13,4,6,0,0,0,0,4,1,1,4,0,13,1,1,2,E01012948,7,1,1,0
2021201121744,2021,201121744,433101,279430,-1.514784,52.411892,20,3,2,1,31/10/2021,1,14:35,-1,E08000026,E08000026,E08000026,3,4053,7,30,1,0,4,4,4098,0,0,0,1,4,2,4,0,13,1,2,2,E01009632,3,1,0,1
2021010325366,2021,010325366,546594,184131,0.112312,51.537054,1,2,2,1,19/08/2021,5,18:25,-1,E09000002,E09000002,E09000002,3,1153,6,30,8,18,4,6,0,0,8,17,1,1,1,4,0,13,1,1,2,E01000041,-1,0,1,0
2021010342721,2021,010342721,525417,178066,-0.195013,51.487646,1,3,2,1,09/11/2021,3,12:15,-1,E09000020,E09000020,E09000020,3,3218,6,20,9,19,4,6,0,0,0,0,1,1,1,4,0,13,1,1,2,E01002894,-1,0,0,1
2021010291243,2021,010291243,530335,177648,-0.124373,51.482778,1,3,2,1,02/02/2021,3,10:50,-1,E09000022,E09000022,E09000022,4,301,6,20,6,16,2,3,203,9,0,0,1,1,1,4,0,13,1,3,2,E01033207,-1,0,0,1
2021302101736,2021,302101736,433683,334567,-1.50062,52.907504,30,3,2,3,01/11/2021,2,15:30,-1,E06000015,E06000015,E06000015,3,5111,3,40,0,0,-1,0,-1,0,5,15,1,2,2,4,2,13,1,2,2,E01013458,-1,0,0.03484,0.96516
202131C147221,2021,31C147221,455270,338851,-1.178951,52.94423,31,3,2,1,03/10/2021,1,18:20,-1,E06000018,E06000018,E06000018,3,6005,6,30,6,16,2,6,0,0,5,15,1,1,1,4,0,13,1,1,2,E01013926,-1,0,0.14042,0.85958
2021101055283,2021,101055283,433832,561005,-1.473426,54.942574,10,3,2,1,11/06/2021,6,18:45,-1,E08000023,E08000023,E08000023,3,19,3,50,0,0,-1,0,-1,0,0,0,1,1,1,4,0,13,2,2,1,E01008615,3,1,0,1
2021430210883,2021,430210883,495883,199711,-0.614326,51.687983,43,3,3,1,16/05/2021,1,17:15,-1,E06000060,E06000060,E06000060,3,416,6,30,0,0,-1,0,-1,0,0,0,1,1,1,4,0,13,1,1,2,E01017765,-1,0,0.00588,0.99412
2021201032913,2021,201032913,412586,284851,-1.816182,52.461477,20,3,2,1,21/01/2021,5,20:15,-1,E08000025,E08000025,E08000025,3,4040,3,30,1,0,4,6,0,0,0,0,4,1,1,4,0,13,1,2,2,E01008887,3,1,0,1
2021031108660,2021,031108660,337997,478366,-2.951878,54.197293,3,3,3,11,04/11/2021,5,15:20,-1,E07000031,E10000006,E06000064,6,0,6,30,6,16,4,6,0,0,0,0,1,1,1,4,0,13,2,2,2,E01019349,3,1,0,1
202131C108921,2021,31C108921,455998,337197,-1.168404,52.929288,31,3,3,1,24/08/2021,3,09:30,-1,E06000018,E06000018,E06000018,3,453,1,40,1,0,4,3,52,0,0,0,1,1,1,4,0,13,2,1,2,E01013928,-1,0,0.04863,0.95137
2021522106134,2021,522106134,359432,172967,-2.585238,51.454219,52,3,2,1,15/12/2021,4,13:31,-1,E06000023,E06000023,E06000023,6,0,6,20,3,13,4,6,0,0,0,0,1,8,1,4,0,13,1,2,2,E01014540,-1,0,0.09437,0.90563
202154B728821,2021,54B728821,412331,188968,-1.823354,51.599424,54,3,2,1,02/12/2021,5,21:57,-1,E06000030,E06000030,E06000030,3,4198,3,40,9,19,2,6,0,0,0,0,4,1,2,4,0,13,1,1,2,E01032703,-1,0,0.03652,0.96348
2021421050268,2021,421050268,586987,187842,0.696076,51.558465,42,3,2,1,23/05/2021,1,21:30,-1,E06000033,E06000033,E06000033,3,127,7,40,0,0,-1,0,-1,0,5,15,4,5,2,4,0,13,1,1,2,E01015859,3,1,0,1
2021471096670,2021,471096670,529223,104706,-0.166546,50.827472,47,2,2,1,07/10/2021,5,09:01,-1,E06000043,E06000043,E06000043,6,0,3,20,0,0,-1,0,-1,2,8,12,1,2,2,4,0,13,1,3,2,E01016853,6,1,1,0
2021010351208,2021,010351208,520787,168263,-0.265007,51.400547,1,3,2,1,16/11/2021,3,13:23,-1,E09000021,E09000021,E09000021,3,2043,6,30,99,-1,2,6,0,9,9,99,1,1,1,4,0,13,1,3,2,E01002928,-1,0,0,1
2021471077453,2021,471077453,513812,104687,-0.38527,50.830532,47,3,2,1,15/08/2021,1,09:55,-1,E07000229,E10000032,E10000032,3,2032,6,30,6,16,2,6,0,0,1,13,1,1,1,4,0,13,1,1,2,E01031822,3,1,0,1
2021471103912,2021,471103912,516414,130888,-0.339971,51.065528,47,3,2,1,29/10/2021,6,13:00,-1,E07000227,E10000032,E10000032,3,281,6,30,0,0,-1,0,-1,0,0,0,1,1,2,4,0,13,1,1,2,E01031638,3,1,0,1
202163C013621,2021,63C013621,209875,215983,-4.759407,51.810075,63,3,2,2,29/03/2021,2,14:13,-1,W06000009,W06000009,W06000009,3,40,6,60,0,0,-1,0,-1,0,0,0,1,1,1,4,0,13,2,1,-1,W01000585,-1,0,0.13282,0.86718
2021430192257,2021,430192257,501453,178012,-0.540048,51.491963,43,3,2,1,05/05/2021,4,17:33,-1,E06000039,E06000039,E06000039,1,4,7,50,1,0,2,3,4,0,0,0,1,1,1,4,0,13,1,1,1,E01016479,-1,0,0.00936,0.99064
2021430340430,2021,430340430,480558,164989,-0.843903,51.378248,43,2,1,1,30/07/2021,6,17:45,-1,E06000041,E06000041,E06000041,4,3340,6,40,3,13,4,6,0,0,0,0,1,1,1,4,0,13,1,1,2,E01016637,-1,0,1,0
2021221088373,2021,221088373,352266,320149,-2.709053,52.77682,22,3,2,1,13/09/2021,2,10:20,-1,E06000051,E06000051,E06000051,3,49,6,30,9,19,4,6,0,0,0,0,1,1,1,4,0,13,2,1,2,E01028861,3,1,0,1
2021052101803,2021,052101803,334821,390179,-2.981856,53.404404,5,3,1,1,02/09/2021,5,19:50,-1,E08000012,E08000012,E08000012,4,5339,6,30,0,0,-1,0,-1,0,0,0,4,1,1,4,0,13,1,1,2,E01033756,-1,0,0.16517,0.83483
2021010314891,2021,010314891,522633,181188,-0.234005,51.516314,1,2,1,1,21/06/2021,2,12:03,-1,E09000013,E09000013,E09000013,5,0,6,20,0,0,-1,0,-1,0,0,0,1,3,2,4,0,13,1,1,2,E01001876,-1,0,1,0
2021320756465,2021,320756465,556703,364130,0.341861,53.151285,32,2,2,4,30/12/2021,5,22:20,-1,E07000137,E10000019,E10000019,6,0,6,30,6,16,4,6,0,0,0,0,4,1,2,4,0,13,1,1,2,E01026116,-1,0,1,0
2021211089231,2021,211089231,392605,318781,-2.111034,52.766591,21,3,2,2,05/08/2021,5,21:00,-1,E07000196,E10000028,E10000028,1,6,9,70,0,0,-1,0,-1,0,0,0,4,2,2,4,0,13,1,1,1,E01029656,3,1,0,1
2021371026671,2021,371026671,611110,253749,1.083778,52.14169,37,3,1,1,11/02/2021,5,07:50,-1,E07000203,E10000029,E10000029,3,14,3,70,0,0,-1,0,-1,0,0,0,1,8,4,4,0,13,2,1,1,E01030057,3,1,0,1
2021371121429,2021,371121429,562010,264873,0.372309,52.258185,37,3,3,1,25/11/2021,5,16:15,-1,E07000245,E10000029,E10000029,3,14,3,70,0,0,-1,0,-1,0,0,0,6,1,1,4,0,13,2,1,1,E01029937,3,1,0,1
2021302101291,2021,302101291,434702,332116,-1.48573,52.885407,30,3,1,1,30/08/2021,2,01:35,-1,E06000015,E06000015,E06000015,5,0,6,30,9,19,4,6,0,0,5,15,4,1,1,4,0,13,1,1,2,E01013585,-1,0,0.03085,0.96915
202131C085821,2021,31C085821,457638,339129,-1.143667,52.94648,31,3,2,1,13/06/2021,1,15:37,-1,E06000018,E06000018,E06000018,3,6008,6,30,8,18,4,6,0,0,0,0,1,1,1,4,0,13,1,1,2,E01033400,-1,0,0.01366,0.98634
202134NNC2031,2021,34NNC2031,496580,268763,-0.584818,52.308512,34,3,2,1,26/03/2021,6,15:15,-1,E06000061,E06000061,E06000061,3,6,3,60,1,0,4,3,6,0,0,0,1,1,1,4,0,13,2,1,2,E01027035,-1,0,0,1
2021421019619,2021,421019619,543798,193249,0.075756,51.619702,42,3,3,2,05/02/2021,6,18:21,-1,E07000072,E10000012,E10000012,3,113,1,30,2,0,4,3,123,0,0,0,4,1,2,4,0,13,1,1,2,E01021750,3,1,0,1
2021451064771,2021,451064771,504554,171973,-0.49718,51.437116,45,3,2,1,09/07/2021,6,09:56,-1,E07000213,E10000030,E10000030,3,30,3,30,0,0,-1,0,-1,0,0,0,1,1,1,4,0,13,2,2,1,E01030734,3,1,0,1
2021401102970,2021,401102970,504602,248066,-0.473583,52.121035,40,3,2,1,25/10/2021,2,16:00,-1,E06000055,E06000055,E06000055,3,5141,6,30,0,0,-1,0,-1,0,4,14,1,1,1,4,0,13,1,2,2,E01017475,3,1,0,1
2021061082579,2021,061082579,371732,408850,-2.428373,53.575497,6,2,1,1,31/08/2021,3,13:38,-1,E08000001,E08000001,E08000001,4,6204,6,20,3,13,4,6,0,0,0,0,1,1,1,4,0,13,1,1,2,E01004848,5,1,1,0
2021061048183,2021,061048183,386592,401450,-2.20364,53.509577,6,3,2,1,19/05/2021,4,09:04,-1,E08000003,E08000003,E08000003,6,0,6,30,3,13,4,6,0,0,0,0,1,2,2,4,0,13,1,1,2,E01005227,3,1,0,1
2021010307427,2021,010307427,546816,185748,0.116184,51.551525,1,1,2,1,14/05/2021,6,22:14,-1,E09000002,E09000002,E09000002,3,124,3,30,3,13,4,6,0,0,0,0,4,1,1,4,0,13,1,1,2,E01000021,-1,0,0,0
2021010304038,2021,010304038,549558,191015,0.157943,51.598131,1,2,2,1,27/04/2021,3,10:21,-1,E09000016,E09000016,E09000016,4,174,6,30,9,19,4,6,0,0,1,13,1,1,1,4,0,13,1,1,2,E01002326,-1,0,1,0
2021010324234,2021,010324234,536448,178253,-0.036157,51.486774,1,2,2,1,13/08/2021,6,06:30,-1,E09000023,E09000023,E09000023,3,200,6,30,3,13,4,3,200,0,8,17,1,1,9,4,0,13,1,3,2,E01003248,-1,0,1,0
2021351131971,2021,351131971,540483,303859,0.073513,52.614358,35,3,2,1,03/12/2021,6,14:03,-1,E07000010,E10000003,E10000003,3,47,6,30,0,0,-1,0,-1,0,0,0,1,2,2,4,0,13,2,1,1,E01018068,3,1,0,1
2021041012995,2021,041012995,334484,439719,-2.997364,53.849569,4,2,2,1,08/01/2021,6,15:45,-1,E07000128,E10000017,E10000017,4,5267,6,30,0,0,-1,0,-1,0,0,0,5,3,2,4,0,13,1,1,2,E01025598,7,1,1,0
2021451069102,2021,451069102,504403,171946,-0.499359,51.436901,45,3,2,2,22/07/2021,5,17:00,-1,E07000213,E10000030,E10000030,6,0,1,30,1,0,2,6,0,0,5,15,1,1,1,4,0,13,1,1,2,E01030734,3,1,0,1
2021041110820,2021,041110820,369912,429794,-2.457896,53.763636,4,3,2,1,16/11/2021,3,17:50,-1,E06000008,E06000008,E06000008,3,6119,3,50,6,16,2,6,0,0,0,0,4,2,2,4,0,13,1,1,2,E01012607,3,1,0,1
202131C141921,2021,31C141921,456015,341388,-1.167428,52.966956,31,3,2,1,04/11/2021,5,11:48,-1,E06000018,E06000018,E06000018,6,0,6,30,0,0,-1,0,-1,0,0,0,1,1,1,4,0,13,1,1,2,E01013846,-1,0,0.12913,0.87087
2021311109841,2021,311109841,457361,343390,-1.147036,52.984808,31,2,2,1,11/11/2021,5,03:00,-1,E06000018,E06000018,E06000018,6,0,3,30,0,0,-1,0,-1,0,0,0,4,1,1,4,0,13,1,2,2,E01013966,5,1,1,0
2021552100359,2021,552100359,409944,94496,-1.860404,50.749972,55,3,2,2,17/04/2021,7,23:12,-1,E06000058,E06000058,E06000058,6,0,6,30,3,13,4,4,3063,0,0,0,4,1,1,4,0,13,1,2,2,E01015342,-1,0,0.02483,0.97517
2021141076120,2021,141076120,443299,389104,-1.350301,53.397016,14,3,2,2,11/08/2021,4,11:00,-1,E08000018,E08000018,E08000018,3,630,3,70,0,0,-1,0,-1,0,0,0,1,1,1,4,0,13,2,1,2,E01007706,3,1,0,1
2021501064686,2021,501064686,284745,72475,-3.627881,50.540641,50,3,2,1,15/06/2021,3,06:40,-1,E07000045,E10000008,E10000008,6,0,6,30,0,0,-1,0,-1,0,0,0,1,1,1,4,0,13,2,2,2,E01020207,3,1,0,1
202163A047221,2021,63A047221,226163,218711,-4.524757,51.839883,63,3,1,1,11/07/2021,1,09:25,-1,W06000010,W06000010,W06000010,6,0,6,60,0,0,-1,0,-1,0,0,0,1,1,1,4,0,13,2,1,-1,W01000674,-1,0,0.08151,0.91849
2021622100912,2021,622100912,302281,185311,-3.410989,51.55819,62,3,2,1,04/11/2021,5,15:22,-1,W06000016,W06000016,W06000016,3,4119,6,50,0,0,-1,0,-1,0,0,0,1,9,1,4,0,13,2,2,-1,W01001195,-1,0,0.00929,0.99071
2021101084416,2021,101084416,427762,578384,-1.566496,55.099111,10,3,2,1,02/09/2021,5,13:30,-1,E06000057,E06000057,E06000057,3,189,3,70,0,0,-1,0,-1,0,0,0,1,9,1,4,0,13,2,2,2,E01027433,3,1,0,1
2021141019596,2021,141019596,467255,413524,-0.984858,53.613977,14,3,3,2,05/02/2021,6,12:38,-1,E08000017,E08000017,E08000017,1,18,3,70,0,0,-1,0,-1,0,0,0,1,1,1,4,0,13,1,1,1,E01007625,3,1,0,1
2021201118346,2021,201118346,403311,287719,-1.952663,52.487394,20,3,3,2,30/10/2021,7,19:42,-1,E08000028,E08000028,E08000028,3,4092,6,30,0,0,-1,0,-1,0,0,0,4,1,1,4,0,13,1,1,2,E01010065,3,1,0,1
2021010339009,2021,010339009,524485,181502,-0.207217,51.518731,1,2,2,3,22/10/2021,6,07:10,-1,E09000020,E09000020,E09000020,3,40,3,30,0,0,-1,0,-1,0,0,0,1,1,1,4,0,13,1,1,2,E01002856,-1,0,1,0
2021010330413,2021,010330413,537372,177449,-0.02317,51.479325,1,3,1,1,10/09/2021,6,15:06,-1,E09000023,E09000023,E09000023,3,2209,6,20,3,13,4,6,0,2,5,12,1,1,1,4,0,13,1,1,2,E01003253,-1,0,0,1
2021430186260,2021,430186260,489325,187456,-0.712294,51.578902,43,3,2,1,01/05/2021,7,14:24,-1,E06000060,E06000060,E06000060,3,4155,6,30,0,0,-1,0,-1,0,4,14,1,1,1,4,0,13,1,3,2,E01017846,-1,0,0.00459,0.99541
202134NNC3791,2021,34NNC3791,489221,277250,-0.690473,52.386036,34,3,2,1,15/09/2021,4,15:30,-1,E06000061,E06000061,E06000061,3,6003,6,30,0,0,-1,0,-1,0,0,0,1,1,1,4,0,13,1,3,2,E01027121,-1,0,0,1
2021201125396,2021,201125396,404644,287662,-1.933034,52.486872,20,3,2,2,19/10/2021,3,09:36,-1,E08000025,E08000025,E08000025,6,0,6,30,3,13,4,3,457,0,8,17,1,1,2,4,0,13,1,1,2,E01009345,3,1,0,1
2021201149481,2021,201149481,407588,288044,-1.889672,52.490273,20,3,2,1,21/12/2021,3,11:30,-1,E08000025,E08000025,E08000025,3,4540,7,40,0,0,-1,0,-1,0,0,0,1,8,1,4,0,13,1,2,2,E01008914,3,1,0,1
2021461014986,2021,461014986,559859,169298,0.296714,51.400191,46,3,2,2,14/01/2021,5,22:42,-1,E07000107,E10000016,E10000016,4,255,6,30,1,0,4,4,260,0,0,0,7,1,1,4,0,13,1,1,2,E01024158,3,1,0,1
2021161027334,2021,161027334,498937,439873,-0.497692,53.845703,16,3,2,2,11/03/2021,5,09:27,-1,E06000011,E06000011,E06000011,3,1079,6,30,3,13,4,6,0,0,0,0,1,4,2,4,0,13,2,2,2,E01012919,3,1,0,1
2021010310343,2021,010310343,533408,182021,-0.07849,51.52136,1,3,2,1,29/05/2021,7,13:55,-1,E09000030,E09000030,E09000030,3,10,6,20,9,19,9,5,0,0,5,15,1,1,1,4,0,13,1,3,2,E01004307,-1,0,0,1
202160Z077372,2021,60Z077372,344488,341205,-2.827943,52.965335,60,3,2,1,02/06/2021,4,09:14,-1,W06000006,W06000006,W06000006,3,525,6,30,0,0,-1,0,-1,0,0,0,1,1,1,4,2,13,2,1,-1,W01000403,-1,0,0.01242,0.98758
2021552100126,2021,552100126,366245,77786,-2.478292,50.598803,55,3,2,1,11/02/2021,5,14:17,-1,E06000059,E06000059,E06000059,4,3156,6,30,0,0,-1,0,-1,0,0,0,1,1,1,4,0,13,1,1,2,E01020589,-1,0,0.01174,0.98826
202131D109621,2021,31D109621,466857,339793,-1.006353,52.951381,31,3,2,1,29/06/2021,3,13:20,-1,E07000176,E10000024,E10000024,3,52,6,50,0,0,-1,0,-1,0,0,0,1,1,1,4,0,13,2,1,1,E01028395,-1,0,0.01992,0.98008
2021991027321,2021,991027321,325653,640388,-3.183016,55.651313,99,3,2,1,09/03/2021,3,12:40,-1,S12000026,S12000026,S12000026,3,72,6,20,0,0,-1,0,-1,0,0,0,1,1,1,4,0,13,1,2,-1,-1,3,1,0,1
2021201023685,2021,201023685,398215,289005,-2.027717,52.498961,20,3,2,1,09/01/2021,7,22:02,-1,E08000028,E08000028,E08000028,3,4123,3,40,0,0,-1,0,-1,0,0,0,4,1,2,4,0,13,1,1,2,E01010080,3,1,0,1
2021320362144,2021,320362144,505312,347438,-0.431697,53.013919,32,3,2,1,29/06/2021,3,14:10,-1,E07000139,E10000019,E10000019,3,17,6,60,9,19,4,6,0,0,0,0,1,1,1,4,0,13,2,1,2,E01026229,-1,0,0.02291,0.97709
2021041087281,2021,041087281,367276,430197,-2.497924,53.767098,4,2,1,1,24/08/2021,3,18:41,-1,E06000008,E06000008,E06000008,3,6119,3,50,6,16,4,6,0,0,0,0,1,1,1,4,0,13,1,1,2,E01012583,5,1,1,0
2021501029162,2021,501029162,250025,60735,-4.112844,50.427255,50,3,2,3,08/03/2021,2,20:24,-1,E06000026,E06000026,E06000026,3,386,3,40,6,16,2,4,3432,0,0,0,4,1,1,4,0,13,1,1,2,E01015092,3,1,0,1
2021471012966,2021,471012966,531726,108955,-0.1295,50.865098,47,3,1,1,09/01/2021,7,11:00,-1,E06000043,E06000043,E06000043,6,0,6,30,3,13,4,6,0,0,8,17,1,1,4,4,0,13,1,1,2,E01016927,3,1,0,1
2021440313172,2021,440313172,442221,111653,-1.400931,50.902806,44,3,2,1,06/08/2021,6,22:45,-1,E06000045,E06000045,E06000045,6,0,3,30,1,0,4,6,0,0,0,0,4,1,2,4,0,13,1,1,2,E01017139,-1,0,0,1
2021501079684,2021,501079684,179402,33947,-5.090211,50.164408,50,3,2,1,22/06/2021,3,18:18,-1,E06000052,E06000052,E06000052,3,39,3,30,0,0,-1,0,-1,0,0,0,1,1,1,4,0,13,1,1,2,E01018837,3,1,0,1
2021401043920,2021,401043920,508100,219205,-0.431597,51.860976,40,3,1,3,09/05/2021,1,02:00,-1,E06000056,E06000056,E06000056,1,1,3,70,0,0,-1,0,-1,0,0,0,4,1,1,4,2,13,2,1,1,E01017562,3,1,0,1
2021401056756,2021,401056756,495063,223268,-0.619733,51.899867,40,3,2,1,13/06/2021,1,09:27,-1,E06000056,E06000056,E06000056,3,505,6,50,0,0,-1,0,-1,0,0,0,1,1,1,4,0,13,2,1,2,E01017615,3,1,0,1
2021131038260,2021,131038260,431429,433632,-1.524335,53.798066,13,2,1,1,22/04/2021,5,22:11,-1,E08000035,E08000035,E08000035,3,64,6,40,0,0,-1,0,-1,0,0,0,4,1,1,4,0,13,1,1,2,E01011338,5,1,1,0
2021010347132,2021,010347132,526865,169168,-0.177354,51.407355,1,3,2,1,30/11/2021,3,09:26,-1,E09000024,E09000024,E09000024,5,0,6,20,3,13,4,6,0,0,1,13,1,1,1,4,0,13,1,3,2,E01003376,-1,0,0,1
2021010303757,2021,010303757,529508,176824,-0.136578,51.475563,1,2,2,1,26/04/2021,2,06:50,-1,E09000032,E09000032,E09000032,5,0,6,20,3,13,4,6,0,0,0,0,1,1,1,4,0,13,1,1,2,E01004562,-1,0,1,0
2021471026908,2021,471026908,558181,131142,0.255782,51.057833,47,3,2,2,08/03/2021,2,09:30,-1,E07000065,E10000011,E10000011,3,267,6,30,0,0,-1,0,-1,0,0,0,1,8,1,4,0,13,2,2,2,E01021171,3,1,0,1
2021471050546,2021,471050546,552418,105221,0.162774,50.826465,47,3,2,1,30/05/2021,1,18:41,-1,E07000065,E10000011,E10000011,3,27,6,60,6,16,4,3,27,0,0,0,1,1,1,4,0,13,2,1,1,E01021143,3,1,0,1
2021471084790,2021,471084790,511955,104243,-0.411764,50.826903,47,3,3,2,07/09/2021,3,09:10,-1,E07000229,E10000032,E10000032,6,0,3,30,0,0,-1,0,-1,1,8,11,1,1,1,4,0,13,1,1,2,E01031782,3,1,0,1
2021221108433,2021,221108433,383436,252212,-2.243593,52.167933,22,2,2,2,07/11/2021,1,15:32,-1,E07000235,E10000034,E10000034,3,4440,6,40,1,0,4,3,449,0,4,14,1,1,1,4,0,13,2,1,2,E01032207,7,1,1,0
2021170L20161,2021,170L20161,455110,518666,-1.149321,54.560249,17,3,2,7,14/02/2021,1,13:30,241,E06000003,E06000003,E06000003,6,0,6,30,3,13,4,6,0,0,0,0,1,1,2,4,0,13,1,2,2,E01012172,-1,0,0.04586,0.95414
2021010332976,2021,010332976,513770,187735,-0.359566,51.577009,1,3,1,1,23/09/2021,5,07:39,-1,E09000015,E09000015,E09000015,5,0,6,30,0,0,-1,0,-1,0,0,0,1,1,1,4,0,13,1,1,2,E01002239,-1,0,0,1
2021010318239,2021,010318239,536510,182541,-0.033605,51.525292,1,3,2,1,09/07/2021,6,17:40,-1,E09000030,E09000030,E09000030,3,11,6,30,0,0,-1,0,-1,9,5,15,1,1,1,4,0,13,1,3,2,E01004269,-1,0,0,1
2021531061921,2021,531061921,377838,206837,-2.322498,51.75978,53,2,2,2,01/07/2021,5,21:50,-1,E07000082,E10000013,E10000013,1,5,3,70,0,0,-1,0,-1,0,0,0,6,1,1,4,0,13,2,1,1,E01022376,6,1,1,0
2021440462297,2021,440462297,435004,147023,-1.500146,51.221332,44,2,2,1,17/11/2021,4,16:50,-1,E07000093,E10000014,E10000014,6,0,6,30,0,0,-1,0,-1,0,0,0,4,1,1,4,2,13,1,1,2,E01023169,-1,0,0.92217,0.07783
2021451096144,2021,451096144,502631,166535,-0.526409,51.388587,45,3,2,3,07/10/2021,5,23:30,-1,E07000212,E10000030,E10000030,1,25,3,70,0,0,-1,0,-1,0,0,0,4,1,1,4,2,13,2,1,1,E01030677,3,1,0,1
2021061025267,2021,061025267,392346,387768,-2.116542,53.386714,6,3,2,1,26/02/2021,6,10:30,-1,E08000007,E08000007,E08000007,6,0,6,30,0,0,-1,0,-1,0,0,0,1,1,1,4,2,13,2,2,2,E01005834,3,1,0,1
2021131061307,2021,131061307,430331,434256,-1.540943,53.803739,13,3,2,1,30/06/2021,4,10:15,-1,E08000035,E08000035,E08000035,2,64,3,40,0,0,-1,0,-1,0,0,0,1,1,1,4,0,13,1,1,2,E01033002,3,1,0,1
2021461111836,2021,461111836,567059,141764,0.387263,51.150753,46,2,2,1,01/11/2021,2,10:23,-1,E07000116,E10000016,E10000016,6,0,6,30,0,0,-1,0,-1,2,0,12,1,1,1,4,0,13,2,1,2,E01024793,6,1,1,0
2021361029114,2021,361029114,642397,312885,1.58288,52.659483,36,3,2,1,28/01/2021,5,07:55,-1,E07000145,E10000020,E10000020,3,1064,6,60,0,0,-1,0,-1,0,0,0,1,2,2,4,0,13,2,1,2,E01026609,3,1,0,1
2021302101480,2021,302101480,439786,335447,-1.409774,52.914998,30,3,2,1,23/08/2021,2,21:35,-1,E06000015,E06000015,E06000015,3,6005,1,30,1,0,4,6,0,0,0,0,7,9,1,4,0,13,1,1,2,E01013595,-1,0,0.00499,0.99501
202131C138521,2021,31C138521,458639,339457,-1.128713,52.94932,31,3,2,1,30/07/2021,6,16:04,-1,E06000018,E06000018,E06000018,6,0,6,30,3,13,2,6,0,0,5,15,1,2,2,4,0,13,1,1,2,E01013919,-1,0,0.01848,0.98152
2021501113583,2021,501113583,251300,59286,-4.094332,50.414557,50,3,2,1,26/07/2021,2,13:31,-1,E06000026,E06000026,E06000026,4,3432,6,40,0,0,-1,0,-1,0,0,0,1,1,1,4,0,13,1,1,2,E01015090,3,1,0,1
2021361144840,2021,361144840,652668,304445,1.727966,52.579085,36,3,1,1,30/11/2021,3,16:15,-1,E07000145,E10000020,E10000020,6,0,6,30,3,13,4,6,0,0,1,13,4,1,1,4,0,13,1,2,2,E01026632,3,1,0,1
202160Z033634,2021,60Z033634,246767,352617,-4.287435,53.048809,60,3,2,1,11/03/2021,5,20:50,-1,W06000002,W06000002,W06000002,3,487,6,60,0,0,-1,0,-1,0,0,0,6,1,2,4,0,13,2,1,-1,W01000104,-1,0,0.15683,0.84317
2021070241468,2021,070241468,343803,374694,-2.844017,53.266263,7,3,2,1,16/04/2021,6,13:16,-1,E06000050,E06000050,E06000050,3,5117,6,60,0,0,-1,0,-1,0,0,0,1,1,1,4,0,13,2,1,2,E01018337,-1,0,0.01789,0.98211
2021101078177,2021,101078177,428195,565266,-1.560999,54.981211,10,3,2,1,01/08/2021,1,22:00,-1,E08000021,E08000021,E08000021,3,187,6,30,0,0,-1,0,-1,0,0,0,4,1,1,4,2,13,1,1,2,E01008392,3,1,0,1
2021010322843,2021,010322843,530353,177821,-0.12405,51.484329,1,3,2,1,05/08/2021,5,14:05,-1,E09000022,E09000022,E09000022,3,203,1,20,7,17,2,3,203,0,5,15,1,1,1,4,0,13,1,1,2,E01033207,-1,0,0,1
2021411025469,2021,411025469,536297,215278,-0.023911,51.81952,41,3,1,2,24/02/2021,4,10:50,-1,E07000242,E10000015,E10000015,6,0,6,30,3,13,1,6,0,0,0,0,1,1,1,4,2,13,1,1,2,E01023520,3,1,0,1
2021320280978,2021,320280978,510117,320540,-0.369199,52.771256,32,3,2,1,21/05/2021,6,15:36,-1,E07000141,E10000019,E10000019,6,0,6,30,0,0,-1,0,-1,0,0,0,1,5,2,4,0,13,1,1,2,E01026297,-1,0,0.08956,0.91044
2021170S20021,2021,170S20021,444432,525624,-1.313378,54.623821,17,3,2,1,04/01/2021,2,21:30,245,E06000004,E06000004,E06000004,3,19,3,70,0,0,-1,0,-1,0,0,0,4,5,2,4,0,13,2,2,1,E01033480,-1,0,0.01072,0.98928
2021041022314,2021,041022314,367597,428510,-2.492876,53.751956,4,2,2,1,16/02/2021,3,16:15,-1,E06000008,E06000008,E06000008,3,677,6,30,0,0,-1,0,-1,0,0,0,1,2,2,4,0,13,1,1,2,E01012656,7,1,1,0
2021361050961,2021,361050961,622513,308324,1.286335,52.627064,36,3,2,3,31/03/2021,4,20:21,-1,E07000148,E10000020,E10000020,3,147,6,30,0,0,-1,0,-1,0,0,0,4,1,1,4,0,13,1,2,2,E01033437,3,1,0,1
2021552100248,2021,552100248,401505,99804,-1.980005,50.797787,55,3,2,2,12/03/2021,6,07:42,-1,E06000059,E06000059,E06000059,4,3073,6,40,3,13,4,6,0,0,0,0,1,5,2,4,0,13,1,1,2,E01020429,-1,0,0.04967,0.95033
2021052101158,2021,052101158,340313,386561,-2.898574,53.372538,5,3,2,1,17/06/2021,5,19:30,-1,E08000012,E08000012,E08000012,6,0,6,30,6,16,2,4,5180,0,8,17,1,1,1,4,0,13,1,1,2,E01006532,-1,0,0.0239,0.9761
2021010329420,2021,010329420,527066,181007,-0.170216,51.513709,1,3,2,1,06/09/2021,2,09:10,-1,E09000033,E09000033,E09000033,5,0,6,20,3,13,4,6,0,0,1,13,1,1,1,4,2,13,1,1,2,E01004683,-1,0,0,1
2021471031783,2021,471031783,529823,139984,-0.145439,51.144404,47,3,3,1,27/03/2021,7,19:48,-1,E07000226,E10000032,E10000032,4,2036,6,40,3,13,4,6,0,0,8,17,4,1,1,4,0,13,1,2,2,E01031587,3,1,0,1
2021991025209,2021,991025209,278253,565335,-3.903294,54.967725,99,2,2,4,28/02/2021,1,16:35,-1,S12000006,S12000006,S12000006,3,75,6,60,3,13,4,4,794,0,0,0,1,1,1,4,0,13,2,1,-1,-1,7,1,1,0
202163BF01321,2021,63BF01321,267395,280501,-3.950771,52.406414,63,1,4,1,21/07/2021,4,15:15,-1,W06000008,W06000008,W06000008,3,44,6,60,0,0,-1,0,-1,0,0,0,1,1,1,4,0,13,2,1,-1,W01000543,-1,0,0,0
2021302100853,2021,302100853,434241,336425,-1.492128,52.92417,30,3,2,1,22/06/2021,3,16:00,-1,E06000015,E06000015,E06000015,5,0,6,30,3,13,4,6,0,0,0,0,1,1,1,4,0,13,1,1,2,E01013554,-1,0,0.04769,0.95231
2021131102886,2021,131102886,416019,434269,-1.75825,53.804489,13,3,2,1,25/10/2021,2,15:00,-1,E08000032,E08000032,E08000032,6,0,6,30,0,0,-1,0,-1,0,0,0,1,2,2,4,0,13,1,2,2,E01033693,3,1,0,1
2021131067246,2021,131067246,437161,437682,-1.43683,53.83409,13,3,3,1,17/07/2021,7,14:32,-1,E08000035,E08000035,E08000035,3,64,6,40,0,0,-1,0,-1,0,0,0,1,1,1,4,0,13,2,1,2,E01011715,3,1,0,1
2021010331034,2021,010331034,521186,180886,-0.254953,51.513912,1,3,1,1,13/09/2021,2,22:28,-1,E09000009,E09000009,E09000009,6,0,6,20,3,13,4,6,0,0,0,0,5,1,1,4,2,13,1,1,2,E01001241,-1,0,0,1
2021351062728,2021,351062728,548577,256205,0.171852,52.184099,35,2,1,1,06/05/2021,5,09:13,-1,E07000008,E10000003,E10000003,6,0,6,30,6,16,2,6,0,0,5,15,1,1,1,4,2,13,2,1,2,E01017959,5,1,1,0
2021061027030,2021,061027030,378766,389237,-2.320816,53.399543,6,3,2,1,25/02/2021,5,08:34,-1,E08000009,E08000009,E08000009,4,5165,6,30,0,0,-1,0,-1,0,0,0,1,1,1,4,0,13,1,1,2,E01006190,3,1,0,1
2021201090376,2021,201090376,395998,291635,-2.060407,52.522592,20,3,2,2,22/07/2021,5,12:42,-1,E08000028,E08000028,E08000028,6,0,6,30,3,13,2,6,0,0,0,0,1,1,1,4,0,13,1,1,2,E01010066,3,1,0,1
2021131083924,2021,131083924,418555,433380,-1.719797,53.796416,13,2,1,3,04/09/2021,7,20:16,-1,E08000032,E08000032,E08000032,3,6177,6,30,3,13,4,6,0,0,0,0,4,1,1,4,0,13,1,1,2,E01010620,5,1,1,0
2021010342458,2021,010342458,526813,181684,-0.173617,51.51985,1,2,2,1,08/11/2021,2,08:45,-1,E09000033,E09000033,E09000033,3,404,6,20,0,0,-1,0,-1,0,0,0,1,1,1,4,2,13,1,1,2,E01033593,-1,0,1,0
2021531096131,2021,531096131,385628,220679,-2.210209,51.88449,53,2,2,1,07/10/2021,5,19:23,-1,E07000081,E10000013,E10000013,3,40,3,70,0,0,-1,0,-1,0,0,0,6,1,1,4,0,13,2,1,1,E01022316,5,1,1,0
2021332100310,2021,332100310,461870,302315,-1.087634,52.615111,33,3,2,1,14/05/2021,6,11:45,-1,E07000135,E10000018,E10000018,4,582,6,30,3,13,4,6,0,0,0,0,1,8,1,4,0,13,2,1,2,E01025973,-1,0,0.06983,0.93017
2021401038040,2021,401038040,496095,226029,-0.60397,51.924506,40,3,2,1,21/04/2021,4,11:10,-1,E06000056,E06000056,E06000056,3,4012,6,60,0,0,-1,0,-1,0,0,0,1,1,1,4,0,13,2,3,2,E01017615,3,1,0,1
2021451047312,2021,451047312,502544,173149,-0.525747,51.448054,45,3,2,1,20/05/2021,5,01:30,-1,E07000213,E10000030,E10000030,1,25,3,70,5,0,4,1,25,0,0,0,5,1,1,4,0,13,2,3,1,E01030735,3,1,0,1
2021451060890,2021,451060890,499824,158949,-0.568862,51.320897,45,3,2,2,27/06/2021,1,09:01,-1,E07000217,E10000030,E10000030,3,320,3,30,3,13,2,3,324,0,5,15,1,1,1,4,0,13,1,1,2,E01030969,3,1,0,1
2021010344128,2021,010344128,536301,178380,-0.038224,51.487951,1,3,1,1,16/11/2021,3,08:30,-1,E09000023,E09000023,E09000023,3,200,3,20,0,0,-1,0,-1,0,0,0,1,1,1,4,2,13,1,1,2,E01003250,-1,0,0,1
2021010291566,2021,010291566,528743,174666,-0.148372,51.456343,1,3,2,1,18/01/2021,2,09:45,-1,E09000032,E09000032,E09000032,6,0,9,20,0,0,-1,0,-1,0,0,0,1,1,1,4,0,13,1,3,2,E01004476,-1,0,0,1
2021010322733,2021,010322733,530635,180848,-0.118871,51.511467,1,3,1,1,03/08/2021,3,11:00,-1,E09000033,E09000033,E09000033,3,4,3,20,7,17,2,3,301,0,5,15,1,1,1,4,0,13,1,3,2,E01004735,-1,0,0,1
2021471046002,2021,471046002,558902,135409,0.267935,51.095974,47,3,2,1,14/05/2021,6,14:18,-1,E07000065,E10000011,E10000011,3,267,6,30,3,13,4,6,0,0,0,0,1,1,1,4,0,13,2,2,2,E01021171,3,1,0,1
2021041049098,2021,041049098,351986,428411,-2.729586,53.74986,4,3,2,1,14/05/2021,6,19:30,-1,E07000126,E10000017,E10000017,6,0,6,20,6,16,2,6,0,0,5,15,1,1,1,4,0,13,1,2,2,E01025466,3,1,0,1
2021371034085,2021,371034085,562362,261811,0.375991,52.230577,37,3,3,2,11/03/2021,5,10:34,-1,E07000245,E10000029,E10000029,3,1304,6,60,0,0,-1,0,-1,0,0,0,1,1,1,4,0,13,2,1,2,E01029951,3,1,0,1
2021010324315,2021,010324315,539172,182854,0.004866,51.527456,1,3,3,2,13/08/2021,6,14:55,-1,E09000025,E09000025,E09000025,3,1011,6,30,3,13,4,6,0,0,4,14,1,1,1,4,0,13,1,1,2,E01003496,-1,0,0,1
2021440503813,2021,440503813,459980,106820,-1.14919,50.857781,44,3,2,1,16/12/2021,5,18:11,-1,E07000087,E10000014,E10000014,1,27,3,50,0,0,-1,0,-1,0,0,0,4,1,1,4,0,13,2,1,1,E01022721,-1,0,0,1
2021070092009,2021,070092009,371902,379698,-2.423193,53.313481,7,3,2,1,11/02/2021,5,18:50,-1,E06000049,E06000049,E06000049,1,6,3,70,5,0,4,3,556,0,0,0,4,9,1,4,0,13,2,2,1,E01018648,-1,0,0.01459,0.98541
2021401110603,2021,401110603,504071,250718,-0.480525,52.14497,40,3,2,2,02/11/2021,3,09:26,-1,E06000055,E06000055,E06000055,3,600,6,30,0,0,-1,0,-1,0,5,15,1,1,1,4,0,13,1,1,2,E01017499,3,1,0,1
2021201125294,2021,201125294,408766,285905,-1.872378,52.471026,20,3,2,2,21/11/2021,1,11:45,-1,E08000025,E08000025,E08000025,3,45,3,30,0,0,-1,0,-1,0,0,0,1,1,1,4,0,13,1,1,2,E01009363,3,1,0,1
2021010322059,2021,010322059,534280,182597,-0.06571,51.52633,1,2,1,1,01/08/2021,1,02:10,-1,E09000030,E09000030,E09000030,3,1209,6,20,9,19,3,6,0,0,1,13,4,2,2,4,0,13,1,1,2,E01004313,-1,0,1,0
2021421023892,2021,421023892,574046,209401,0.520313,51.756261,42,3,2,1,18/02/2021,5,13:30,-1,E07000070,E10000012,E10000012,3,130,3,70,1,0,4,3,130,0,0,0,1,1,1,4,0,13,2,2,2,E01021537,3,1,0,1
202131D168821,2021,31D168821,459856,334108,-1.111586,52.901109,31,3,2,2,06/12/2021,2,06:37,-1,E07000176,E10000024,E10000024,3,606,6,60,0,0,-1,0,-1,0,0,0,4,1,2,4,0,13,2,1,2,E01028412,-1,0,0.05862,0.94138
2021610021821,2021,610021821,327280,214090,-3.056461,51.820688,61,3,5,1,27/04/2021,3,16:38,-1,W06000021,W06000021,W06000021,3,465,3,70,0,0,-1,0,-1,0,0,0,1,1,1,4,0,13,2,1,-1,W01001569,-1,0,0.04744,0.95256
2021010330804,2021,010330804,523356,184753,-0.222342,51.548197,1,3,2,1,10/09/2021,6,22:55,-1,E09000005,E09000005,E09000005,3,407,6,30,99,-1,9,6,0,0,0,0,4,1,1,4,0,13,1,3,2,E01000642,-1,0,0,1
2021010303551,2021,010303551,543833,181601,0.071498,51.51503,1,3,2,1,22/04/2021,5,15:15,-1,E09000025,E09000025,E09000025,3,406,3,30,3,13,2,6,0,0,5,15,1,1,1,4,0,13,1,3,2,E01003482,-1,0,0,1
2021371029472,2021,371029472,613349,276360,1.130709,52.343812,37,3,2,1,22/02/2021,2,16:02,-1,E07000203,E10000029,E10000029,3,140,6,30,3,13,4,6,0,0,0,0,1,1,1,4,0,13,2,1,2,E01030064,3,1,0,1
202160Z140796,2021,60Z140796,300149,381181,-3.500371,53.318126,60,3,4,1,23/09/2021,5,20:26,-1,W06000004,W06000004,W06000004,4,5118,6,30,9,19,4,6,0,0,0,0,7,1,1,4,0,13,1,1,-1,W01000239,-1,0,0.01531,0.98469
2021010317666,2021,010317666,536494,182548,-0.033833,51.525359,1,3,2,1,06/07/2021,3,14:28,-1,E09000030,E09000030,E09000030,3,11,9,30,99,-1,2,6,0,9,9,99,1,1,1,4,0,13,1,3,2,E01004232,-1,0,0,1
2021320182037,2021,320182037,533858,386342,0.00982,53.357043,32,3,2,1,29/03/2021,2,19:30,-1,E07000137,E10000019,E10000019,4,1200,6,30,0,0,-1,0,-1,0,0,0,1,1,1,4,0,13,1,2,2,E01026091,-1,0,0.01715,0.98285
2021361131668,2021,361131668,624075,311178,1.311308,52.652036,36,3,2,1,11/12/2021,7,21:25,-1,E07000144,E10000020,E10000020,3,1151,6,30,1,0,4,6,0,0,8,17,4,1,1,4,0,13,1,2,2,E01026557,3,1,0,1
2021471067759,2021,471067759,527243,136818,-0.183419,51.116528,47,3,2,1,18/07/2021,1,17:39,-1,E07000226,E10000032,E10000032,6,0,1,30,1,0,4,3,2004,0,0,0,1,1,1,4,0,13,1,1,2,E01031585,3,1,0,1
2021061121634,2021,061121634,376142,399210,-2.361037,53.489071,6,3,2,2,14/12/2021,3,20:38,-1,E08000006,E08000006,E08000006,1,602,3,70,0,0,-1,0,-1,0,0,0,4,1,2,4,0,13,1,1,1,E01005728,3,1,0,1
2021141021009,2021,141021009,443780,392182,-1.342642,53.424641,14,3,2,2,11/02/2021,5,19:20,-1,E08000018,E08000018,E08000018,3,6021,6,30,3,13,4,6,0,0,0,0,4,8,1,4,0,13,1,2,2,E01007675,3,1,0,1
2021131102189,2021,131102189,431549,433618,-1.522514,53.797933,13,2,1,1,25/10/2021,2,10:41,-1,E08000035,E08000035,E08000035,3,64,3,40,0,0,-1,0,-1,0,8,17,1,1,1,4,0,13,1,1,2,E01033021,7,1,1,0
2021430502367,2021,430502367,470333,173453,-0.989111,51.455699,43,3,2,2,06/11/2021,7,19:00,-1,E06000038,E06000038,E06000038,3,329,6,30,3,13,4,6,0,0,0,0,4,1,1,4,0,13,1,1,2,E01016358,-1,0,0.02354,0.97646
2021070482714,2021,070482714,374851,358554,-2.377258,53.123575,7,3,2,3,11/07/2021,1,08:50,-1,E06000049,E06000049,E06000049,6,0,6,30,0,0,-1,0,-1,0,0,0,1,9,1,4,0,13,2,2,2,E01018443,-1,0,0.01875,0.98125
2021542019121,2021,542019121,415678,187163,-1.775111,51.583111,54,3,2,1,02/03/2021,3,22:30,-1,E06000030,E06000030,E06000030,3,4311,1,30,2,0,4,6,0,0,0,0,4,1,1,4,0,13,1,1,2,E01015560,-1,0,0.01627,0.98373
2021131064205,2021,131064205,414247,435438,-1.785103,53.815047,13,2,3,3,08/07/2021,5,05:12,-1,E08000032,E08000032,E08000032,6,0,6,30,0,0,-1,0,-1,0,0,0,4,1,1,4,0,13,1,1,2,E01010670,7,1,1,0
2021138250461,2021,138250461,431968,433583,-1.516157,53.797593,13,3,2,1,05/02/2021,6,09:19,-1,E08000035,E08000035,E08000035,3,64,3,40,0,0,-1,0,-1,0,0,0,1,1,1,4,0,13,1,2,2,E01011623,-1,0,0.01826,0.98174
2021010331684,2021,010331684,545330,187171,0.095354,51.564696,1,3,2,1,16/09/2021,5,23:05,-1,E09000026,E09000026,E09000026,5,0,6,30,2,0,2,6,0,0,1,13,4,1,1,4,0,13,1,3,2,E01003768,-1,0,0,1
2021010292388,2021,010292388,532997,179342,-0.085421,51.497382,1,2,2,1,04/02/2021,5,07:45,-1,E09000028,E09000028,E09000028,6,0,6,20,9,19,9,6,0,9,1,13,1,1,2,4,9,13,1,3,2,E01003940,-1,0,1,0
2021501130535,2021,501130535,274823,125557,-3.785925,51.015722,50,3,2,2,01/12/2021,4,06:40,-1,E07000043,E10000008,E10000008,3,361,1,30,1,0,4,4,3227,0,0,0,6,1,2,4,0,13,2,1,2,E01020087,3,1,0,1
2021221100910,2021,221100910,394485,271563,-2.082368,52.34213,22,3,2,1,20/10/2021,4,20:45,-1,E07000234,E10000034,E10000034,1,5,3,70,0,0,-1,0,-1,0,0,0,4,2,2,4,0,13,2,1,1,E01032175,3,1,0,1
2021010345071,2021,010345071,509694,178318,-0.421294,51.493176,1,3,2,2,20/11/2021,7,16:23,-1,E09000017,E09000017,E09000017,1,4,3,70,1,0,2,6,0,9,0,0,4,1,1,4,0,13,1,3,1,E01002491,-1,0,0,1
2021010346122,2021,010346122,529435,181307,-0.135985,51.515868,1,2,2,1,26/11/2021,6,01:05,-1,E09000033,E09000033,E09000033,3,40,6,20,6,16,4,5,0,0,4,14,4,1,1,4,0,13,1,1,2,E01004763,-1,0,1,0
2021421073837,2021,421073837,600452,226090,0.912063,51.897303,42,3,2,1,31/07/2021,7,17:15,-1,E07000071,E10000012,E10000012,3,133,6,40,3,13,2,6,0,0,0,0,1,1,1,4,0,13,1,3,2,E01021647,3,1,0,1
2021991092223,2021,991092223,340608,674317,-2.952828,55.958179,99,3,2,1,24/09/2021,6,10:32,-1,S12000010,S12000010,S12000010,3,198,1,60,1,0,2,3,198,0,0,0,1,1,1,4,0,13,2,2,-1,-1,3,1,0,1
2021991069133,2021,991069133,327740,728638,-3.173693,56.444348,99,3,2,1,22/07/2021,5,17:00,-1,S12000048,S12000048,S12000048,3,90,3,70,0,0,-1,0,-1,0,0,0,1,1,1,4,0,13,2,1,-1,-1,3,1,0,1
2021991080491,2021,991080491,258572,665143,-4.261113,55.858661,99,2,1,1,24/08/2021,3,08:30,-1,S12000049,S12000049,S12000049,6,0,6,30,9,19,2,6,0,0,5,15,4,1,1,4,0,13,1,1,-1,-1,7,1,1,0
2021101060494,2021,101060494,426262,582040,-1.589666,55.132044,10,3,2,2,27/06/2021,1,11:03,-1,E06000057,E06000057,E06000057,4,1331,6,30,3,13,4,6,0,0,1,13,1,1,1,4,0,13,1,2,2,E01027515,3,1,0,1
202106A078730,2021,06A078730,385194,398236,-2.224567,53.480651,6,3,2,1,01/01/2021,6,15:19,-1,E08000003,E08000003,E08000003,3,665,3,30,6,16,2,6,0,0,8,17,1,1,1,4,0,13,1,1,2,E01033661,-1,0,0.04193,0.95807
2021440044628,2021,440044628,452500,107869,-1.255304,50.867939,44,3,3,1,05/02/2021,6,15:21,-1,E07000087,E10000014,E10000014,3,27,3,50,1,0,2,3,27,0,0,0,1,1,2,4,0,13,1,1,2,E01022787,-1,0,0,1
2021622100463,2021,622100463,297089,195828,-3.488945,51.651796,62,3,4,2,17/06/2021,5,11:29,-1,W06000016,W06000016,W06000016,3,4058,6,30,3,13,2,6,0,0,0,0,1,1,1,4,0,13,1,1,-1,W01001215,-1,0,0.00993,0.99007
2021161025364,2021,161025364,528981,408835,-0.054199,53.560316,16,3,2,1,03/03/2021,4,10:35,-1,E06000012,E06000012,E06000012,6,0,6,30,7,17,4,6,0,0,0,0,1,1,1,4,0,13,1,1,2,E01013160,3,1,0,1
2021052100616,2021,052100616,332910,414052,-3.015711,53.61871,5,3,2,1,15/04/2021,5,17:20,-1,E08000014,E08000014,E08000014,3,57,3,30,0,0,-1,0,-1,0,0,0,1,1,1,4,0,13,1,3,2,E01006931,-1,0,0.01121,0.98879
2021201064581,2021,201064581,393319,285923,-2.099774,52.471214,20,3,2,1,22/05/2021,7,19:35,-1,E08000027,E08000027,E08000027,3,4100,6,30,3,13,4,6,0,0,0,0,1,1,1,4,0,13,1,2,2,E01009866,3,1,0,1
2021010299736,2021,010299736,553215,191377,0.210858,51.600401,1,3,2,1,02/04/2021,6,19:47,-1,E09000016,E09000016,E09000016,5,0,6,30,0,0,-1,0,-1,0,0,0,1,1,1,4,0,13,1,1,2,E01002315,-1,0,0,1
2021010292252,2021,010292252,531139,186540,-0.109493,51.562502,1,3,2,1,10/02/2021,4,16:05,-1,E09000019,E09000019,E09000019,3,503,6,30,0,0,-1,0,-1,0,0,0,1,1,1,4,0,13,1,1,2,E01002734,-1,0,0,1
2021211034698,2021,211034698,423436,322604,-1.65383,52.800507,21,2,1,2,13/02/2021,7,20:01,-1,E07000193,E10000028,E10000028,3,5121,6,40,0,0,-1,0,-1,0,0,0,4,1,1,4,2,13,1,2,2,E01029448,7,1,1,0
2021991093943,2021,991093943,273252,656020,-4.022498,55.780829,99,3,2,1,01/10/2021,6,14:00,-1,S12000029,S12000029,S12000029,1,74,7,70,0,0,-1,0,-1,0,0,0,1,1,2,4,0,13,2,1,-1,-1,3,1,0,1
2021161033108,2021,161033108,514659,432719,-0.2615,53.778207,16,2,2,1,04/04/2021,1,13:32,-1,E06000010,E06000010,E06000010,3,165,3,30,0,0,-1,0,-1,0,4,14,1,1,1,4,0,13,1,2,2,E01012833,7,1,1,0
2021430203171,2021,430203171,493550,179987,-0.653324,51.511078,43,3,2,2,12/05/2021,4,08:30,-1,E06000039,E06000039,E06000039,1,4,3,50,0,0,-1,0,-1,0,0,0,1,1,1,4,0,13,2,1,1,E01016477,-1,0,0.0105,0.9895
2021430543509,2021,430543509,493135,182295,-0.658693,51.531894,43,3,1,1,01/12/2021,4,17:04,-1,E06000060,E06000060,E06000060,6,0,6,30,0,0,-1,0,-1,0,1,13,4,2,2,4,0,13,1,1,2,E01017804,-1,0,0.05191,0.94809
2021010338752,2021,010338752,536806,177902,-0.03114,51.483533,1,3,2,1,20/10/2021,4,19:50,-1,E09000023,E09000023,E09000023,3,200,6,30,9,19,4,6,0,0,8,17,4,2,2,4,2,13,1,1,2,E01003251,-1,0,0,1
2021430391355,2021,430391355,497399,179069,-0.598132,51.502176,43,3,1,2,30/08/2021,2,23:00,-1,E06000039,E06000039,E06000039,1,4,3,70,0,0,-1,0,-1,0,0,0,6,1,1,4,2,13,1,3,1,E01016514,-1,0,0.02156,0.97844
2021430119377,2021,430119377,498748,177732,-0.579077,51.489925,43,3,3,1,20/03/2021,7,22:40,-1,E06000040,E06000040,E06000040,1,4,3,50,0,0,-1,0,-1,0,0,0,4,1,1,4,0,13,2,3,1,E01016565,-1,0,0.00277,0.99723
2021141088562,2021,141088562,454701,401638,-1.176673,53.508611,14,2,2,2,16/09/2021,5,22:45,-1,E08000017,E08000017,E08000017,2,1,3,70,0,0,-1,0,-1,0,0,0,6,1,1,4,0,13,2,1,1,E01007551,6,1,1,0
2021010309793,2021,010309793,529994,183362,-0.127176,51.534207,1,3,2,1,27/05/2021,5,12:06,-1,E09000007,E09000007,E09000007,6,0,6,20,3,13,2,6,0,0,0,0,1,1,1,4,0,13,1,1,2,E01000953,-1,0,0,1
2021010328862,2021,010328862,552871,188522,0.204653,51.574843,1,3,2,2,02/09/2021,5,18:00,-1,E09000016,E09000016,E09000016,5,0,6,30,6,16,4,6,0,0,0,0,1,1,1,4,0,13,1,1,2,E01002272,-1,0,0,1
2021440136138,2021,440136138,448669,110728,-1.309361,50.893981,44,3,2,1,11/04/2021,1,11:16,-1,E07000086,E10000014,E10000014,1,27,3,50,0,0,-1,0,-1,0,0,0,1,1,1,4,0,13,2,2,1,E01022657,-1,0,0,1
2021610043921,2021,610043921,327189,214104,-3.057784,51.820802,61,2,1,1,27/07/2021,3,13:54,-1,W06000021,W06000021,W06000021,3,465,3,70,0,0,-1,0,-1,0,0,0,1,2,2,4,0,13,2,1,-1,W01001569,-1,0,1,0
2021430474628,2021,430474628,497897,180589,-0.590537,51.515753,43,3,2,2,21/10/2021,5,00:35,-1,E06000039,E06000039,E06000039,6,0,6,30,0,0,-1,0,-1,0,0,0,4,2,2,4,0,13,1,3,2,E01016461,-1,0,0.01125,0.98875
2021542713521,2021,542713521,401870,139200,-1.974635,51.152049,54,3,2,1,22/03/2021,2,13:14,-1,E06000054,E06000054,E06000054,3,303,3,70,0,0,-1,0,-1,0,0,0,1,1,1,4,0,13,2,1,1,E01032027,-1,0,0.0184,0.9816
2021010301774,2021,010301774,519548,183874,-0.277533,51.541115,1,3,2,1,14/04/2021,4,18:36,-1,E09000005,E09000005,E09000005,5,0,9,30,0,0,-1,0,-1,9,9,99,1,9,9,4,0,13,1,3,2,E01000600,-1,0,0,1
2021461116440,2021,461116440,559003,172705,0.285946,51.431042,46,3,2,1,27/11/2021,7,01:42,-1,E07000107,E10000016,E10000016,3,2,3,50,0,0,-1,0,-1,0,0,0,1,3,2,4,0,13,2,1,1,E01024134,3,1,0,1
2021371065822,2021,371065822,612314,244515,1.095595,52.05833,37,3,3,1,24/05/2021,2,08:08,-1,E07000200,E10000029,E10000029,4,1113,6,30,0,0,-1,0,-1,0,8,17,1,1,1,4,0,13,2,1,2,E01029878,3,1,0,1
2021991026533,2021,991026533,311006,684904,-3.43031,56.048693,99,2,2,1,08/03/2021,2,14:00,-1,S12000047,S12000047,S12000047,3,823,3,40,0,0,-1,0,-1,0,4,14,1,1,1,4,0,13,1,2,-1,-1,6,1,1,0
202163D056921,2021,63D056921,274436,301503,-3.855255,52.596784,63,3,2,2,01/08/2021,1,13:23,-1,W06000023,W06000023,W06000023,3,487,6,60,0,0,-1,0,-1,0,0,0,1,1,1,4,0,13,2,1,-1,W01000473,-1,0,0.06735,0.93265
2021061063019,2021,061063019,384229,398984,-2.239145,53.487346,6,3,2,1,11/06/2021,6,06:25,-1,E08000003,E08000003,E08000003,3,665,6,30,3,13,4,6,0,0,0,0,1,1,1,4,0,13,1,3,2,E01033664,3,1,0,1
2021052100441,2021,052100441,343540,388449,-2.850416,53.389861,5,3,2,1,24/03/2021,4,17:00,-1,E08000012,E08000012,E08000012,4,5178,6,30,0,0,-1,0,-1,0,0,0,1,1,1,4,0,13,1,1,2,E01006708,-1,0,0.03414,0.96586
2021201129340,2021,201129340,392948,298407,-2.105505,52.58344,20,3,2,1,22/08/2021,1,19:32,-1,E08000031,E08000031,E08000031,3,454,6,30,0,0,-1,0,-1,0,4,14,1,1,1,4,0,13,1,1,2,E01010443,3,1,0,1
2021010307806,2021,010307806,539484,175194,0.006334,51.458545,1,3,1,1,17/05/2021,2,12:39,-1,E09000023,E09000023,E09000023,3,20,6,20,9,19,2,6,0,0,8,17,1,1,1,4,0,13,1,1,2,E01003283,-1,0,0,1
2021010332047,2021,010332047,541158,180962,0.032718,51.509962,1,3,3,4,18/09/2021,7,20:00,-1,E09000025,E09000025,E09000025,3,1020,6,30,0,0,-1,0,-1,0,0,0,4,1,1,4,0,13,1,1,2,E01003515,-1,0,0,1
2021421082627,2021,421082627,540936,199695,0.037038,51.678348,42,3,1,1,01/09/2021,4,05:16,-1,E07000072,E10000012,E10000012,3,121,6,60,0,0,-1,0,-1,0,0,0,1,1,1,4,0,13,2,1,2,E01021806,3,1,0,1
2021461040329,2021,461040329,567639,159634,0.403902,51.311128,46,3,3,2,23/04/2021,6,15:40,-1,E07000115,E10000016,E10000016,1,20,3,70,0,0,-1,0,-1,0,0,0,1,1,1,4,0,13,2,1,1,E01032829,3,1,0,1
202131B134721,2021,31B134721,482063,354022,-0.776468,53.077152,31,3,4,1,24/09/2021,6,12:01,-1,E07000175,E10000024,E10000024,6,0,6,40,0,0,-1,0,-1,0,8,17,1,1,1,4,0,13,1,1,2,E01028292,-1,0,0.11053,0.88947
2021161032669,2021,161032669,509042,428212,-0.348288,53.73892,16,1,1,1,03/04/2021,7,22:11,-1,E06000010,E06000010,E06000010,3,63,3,40,0,0,-1,0,-1,0,0,0,6,1,1,4,0,13,1,1,1,E01012854,1,1,0,0
2021332100481,2021,332100481,458655,304798,-1.134673,52.637786,33,2,2,1,29/06/2021,3,12:00,-1,E06000016,E06000016,E06000016,6,0,2,30,6,16,4,5,0,0,0,0,1,1,1,4,0,13,1,1,2,E01032867,-1,0,1,0
2021545835821,2021,545835821,417417,185359,-1.750102,51.56684,54,3,2,1,17/06/2021,5,11:00,-1,E06000030,E06000030,E06000030,6,0,6,40,0,0,-1,0,-1,0,0,0,1,1,1,4,0,13,1,2,2,E01015550,-1,0,0.0054,0.9946
2021221121503,2021,221121503,339377,281600,-2.893023,52.429019,22,3,1,1,07/12/2021,3,11:00,-1,E06000051,E06000051,E06000051,4,4368,6,30,0,0,-1,0,-1,0,0,0,1,2,2,4,0,13,2,3,2,E01029016,3,1,0,1
202134WNC6011,2021,34WNC6011,477418,259646,-0.8679,52.229596,34,3,2,1,02/11/2021,3,09:50,-1,E06000062,E06000062,E06000062,3,428,7,30,1,0,2,3,428,0,0,0,1,1,1,4,0,13,2,1,2,E01027202,-1,0,0,1
2021101109026,2021,101109026,420754,567144,-1.677129,54.998451,10,3,1,1,11/11/2021,5,20:10,-1,E08000021,E08000021,E08000021,3,1,3,70,0,0,-1,0,-1,0,0,0,4,1,1,4,0,13,1,1,1,E01008298,3,1,0,1
2021010290908,2021,010290908,537459,173586,-0.023419,51.44459,1,3,2,1,31/01/2021,1,10:52,-1,E09000023,E09000023,E09000023,3,205,6,30,3,13,4,6,0,0,5,15,1,1,1,4,2,13,1,1,2,E01003318,-1,0,0,1
2021440498471,2021,440498471,427851,119330,-1.604696,50.972709,44,3,3,1,13/12/2021,2,08:47,-1,E07000093,E10000014,E10000014,3,36,6,40,0,0,-1,0,-1,0,0,0,1,1,2,4,0,13,2,1,1,E01023164,-1,0,0,1
2021430311398,2021,430311398,453349,174024,-1.233439,51.462683,43,3,2,1,13/07/2021,3,12:00,-1,E06000037,E06000037,E06000037,1,4,3,50,0,0,-1,0,-1,0,0,0,1,1,1,4,0,13,2,3,1,E01016263,-1,0,0.00531,0.99469
2021543457221,2021,543457221,384289,156311,-2.22676,51.305694,54,2,1,1,14/04/2021,4,11:38,-1,E06000054,E06000054,E06000054,3,361,6,30,3,13,4,6,0,0,0,0,1,1,1,4,0,13,1,1,2,E01032091,-1,0,1,0
2021010306402,2021,010306402,524498,196664,-0.201657,51.65499,1,3,2,1,10/05/2021,2,06:35,-1,E09000003,E09000003,E09000003,3,1000,9,30,0,0,-1,0,-1,0,0,0,1,1,1,4,2,13,1,3,2,E01000250,-1,0,0,1
2021010302531,2021,010302531,529306,180137,-0.138272,51.505382,1,3,1,1,19/04/2021,2,16:30,-1,E09000033,E09000033,E09000033,3,4,6,30,6,16,4,3,4,0,1,13,1,1,1,4,2,13,1,1,2,E01004736,-1,0,0,1
2021531122087,2021,531122087,379200,218087,-2.303444,51.860982,53,2,4,1,16/12/2021,5,18:49,-1,E07000083,E10000013,E10000013,3,48,6,50,0,0,-1,0,-1,0,0,0,6,1,1,4,0,13,2,1,2,E01022444,6,1,1,0
2021371138299,2021,371138299,612660,250137,1.104137,52.108669,37,3,2,1,02/11/2021,3,10:29,-1,E07000203,E10000029,E10000029,6,0,6,30,3,13,4,6,0,0,0,0,1,1,1,4,0,13,2,2,2,E01030043,3,1,0,1
2021211079401,2021,211079401,390571,350245,-2.142106,53.049398,21,3,2,1,20/08/2021,6,14:25,-1,E06000021,E06000021,E06000021,6,0,6,30,3,13,4,6,0,0,0,0,1,1,1,4,0,13,1,2,2,E01014265,3,1,0,1
2021440316225,2021,440316225,465522,104609,-1.070858,50.837301,44,3,2,1,02/08/2021,2,14:08,-1,E06000044,E06000044,E06000044,1,27,3,30,0,0,-1,0,-1,0,0,0,1,1,1,4,0,13,2,2,1,E01017054,-1,0,0,1
2021501120008,2021,501120008,200557,71637,-4.814335,50.51046,50,3,5,6,27/10/2021,4,07:49,-1,E06000052,E06000052,E06000052,3,389,6,40,0,0,-1,0,-1,0,0,0,1,1,2,4,0,13,2,1,2,E01018973,3,1,0,1
2021552100230,2021,552100230,407945,93416,-1.888761,50.740289,55,3,2,1,09/03/2021,3,18:14,-1,E06000058,E06000058,E06000058,3,347,1,30,1,0,4,6,0,0,0,0,1,1,1,4,2,13,1,1,2,E01015348,-1,0,0.09453,0.90547
202134NNC3461,2021,34NNC3461,486743,266862,-0.729549,52.293065,34,2,1,1,11/09/2021,7,23:15,-1,E06000061,E06000061,E06000061,3,509,6,60,1,0,4,6,0,0,0,0,5,1,1,4,0,13,2,1,2,E01027329,-1,0,0.92648,0.07352
2021131074133,2021,131074133,422484,427616,-1.660569,53.744456,13,3,3,1,05/08/2021,5,21:05,-1,E08000034,E08000034,E08000034,1,62,3,70,0,0,-1,0,-1,0,0,0,4,2,2,4,0,13,1,1,1,E01011050,3,1,0,1
2021010289664,2021,010289664,523253,180821,-0.225203,51.512881,1,3,2,1,22/01/2021,6,12:00,-1,E09000013,E09000013,E09000013,3,219,6,20,6,16,2,6,0,0,0,0,1,1,1,4,0,13,1,1,2,E01001874,-1,0,0,1
2021010325401,2021,010325401,532254,190525,-0.091919,51.598053,1,3,3,4,20/08/2021,6,00:00,-1,E09000014,E09000014,E09000014,3,109,6,30,6,16,2,3,1080,0,5,15,4,1,1,4,0,13,1,1,2,E01002097,-1,0,0,1
2021010318108,2021,010318108,529298,178708,-0.138911,51.492542,1,3,2,1,08/07/2021,5,17:15,-1,E09000033,E09000033,E09000033,4,324,6,30,3,13,4,6,0,0,1,13,1,1,1,4,0,13,1,3,2,E01004749,-1,0,0,1
2021531074553,2021,531074553,390463,222158,-2.140003,51.897892,53,3,3,4,04/08/2021,4,13:38,-1,E07000083,E10000013,E10000013,4,4063,6,50,0,0,-1,0,-1,0,0,0,1,1,1,4,0,13,2,1,2,E01022420,3,1,0,1
202163A060221,2021,63A060221,257741,203154,-4.060361,51.70904,63,3,2,2,10/08/2021,3,21:01,-1,W06000010,W06000010,W06000010,3,4138,6,40,5,0,4,6,0,0,0,0,4,1,1,4,0,13,2,1,-1,W01000665,-1,0,0.12043,0.87957
2021522100608,2021,522100608,362388,168885,-2.542262,51.417722,52,3,2,1,01/02/2021,2,14:40,-1,E06000023,E06000023,E06000023,6,0,6,20,3,13,4,6,0,0,0,0,1,1,1,4,0,13,1,1,2,E01014703,-1,0,0.03082,0.96918
2021221091514,2021,221091514,344254,280521,-2.821124,52.419839,22,3,3,1,22/09/2021,4,22:09,-1,E06000051,E06000051,E06000051,3,49,6,60,0,0,-1,0,-1,0,0,0,6,1,1,4,0,13,2,1,1,E01029013,3,1,0,1
2021552100263,2021,552100263,409405,91278,-1.868125,50.721042,55,3,2,1,17/03/2021,4,09:41,-1,E06000058,E06000058,E06000058,4,3066,6,30,0,0,-1,0,-1,0,0,0,1,1,1,4,0,13,1,1,2,E01015285,-1,0,0.04202,0.95798
2021141068736,2021,141068736,433801,387719,-1.493279,53.385258,14,3,2,1,20/07/2021,3,10:45,-1,E08000019,E08000019,E08000039,6,0,6,30,0,0,-1,0,-1,0,0,0,1,1,1,4,0,13,1,1,2,E01008067,3,1,0,1
2021131120145,2021,131120145,427600,433718,-1.582456,53.799055,13,2,3,5,12/12/2021,1,01:08,-1,E08000035,E08000035,E08000035,3,647,6,30,0,0,-1,0,-1,0,0,0,4,2,2,4,0,13,1,1,2,E01011284,7,1,1,0
2021461015499,2021,461015499,560865,144106,0.299825,51.173568,46,3,3,2,14/01/2021,5,07:54,-1,E07000116,E10000016,E10000016,3,21,3,70,0,0,-1,0,-1,0,0,0,1,2,2,4,2,13,2,1,1,E01024798,3,1,0,1
2021041050027,2021,041050027,373991,439724,-2.396866,53.853104,4,3,2,1,26/05/2021,4,15:40,-1,E07000124,E10000017,E10000017,3,671,6,30,0,0,-1,0,-1,0,0,0,1,9,1,4,0,13,2,2,2,E01025354,3,1,0,1
2021221045416,2021,221045416,397071,275431,-2.044443,52.376923,22,2,2,1,13/05/2021,5,16:10,-1,E07000234,E10000034,E10000034,3,38,6,60,0,0,-1,0,-1,0,0,0,1,1,1,4,0,13,2,1,2,E01032129,7,1,1,0
2021161109483,2021,161109483,510336,431463,-0.327519,53.767856,16,3,2,1,12/11/2021,6,20:15,-1,E06000010,E06000010,E06000010,3,1033,3,30,1,0,4,6,0,0,0,0,4,2,2,4,0,13,1,1,2,E01012817,3,1,0,1
2021010312717,2021,010312717,527774,184366,-0.158801,51.543737,1,3,2,1,10/06/2021,5,15:30,-1,E09000007,E09000007,E09000007,4,509,6,20,0,0,-1,0,-1,0,0,0,1,1,1,4,0,13,1,1,2,E01000906,-1,0,0,1
2021010311143,2021,010311143,515668,188284,-0.332007,51.581558,1,3,1,1,02/06/2021,4,14:38,-1,E09000015,E09000015,E09000015,5,0,6,30,9,19,4,6,0,0,0,0,1,1,1,4,0,13,1,1,2,E01002126,-1,0,0,1
2021010347559,2021,010347559,529558,173928,-0.136918,51.449525,1,2,2,1,02/12/2021,5,15:00,-1,E09000022,E09000022,E09000022,3,205,3,20,6,16,2,5,0,0,5,15,1,1,1,4,0,13,1,1,2,E01003160,-1,0,1,0
2021010332253,2021,010332253,534703,177736,-0.061472,51.482546,1,3,2,2,20/09/2021,2,02:40,-1,E09000028,E09000028,E09000028,6,0,6,20,0,0,-1,0,-1,0,0,0,4,1,1,4,0,13,1,1,2,E01003988,-1,0,0,1
2021501105131,2021,501105131,243017,126638,-4.239495,51.017627,50,3,2,1,16/10/2021,7,23:07,-1,E07000046,E10000008,E10000008,3,39,6,40,0,0,-1,0,-1,0,0,0,6,1,1,4,0,13,2,3,2,E01020283,3,1,0,1
2021161122060,2021,161122060,510094,432630,-0.330773,53.778391,16,3,1,1,16/12/2021,5,19:00,-1,E06000010,E06000010,E06000010,3,1033,1,30,1,0,2,3,1033,0,0,0,4,8,2,4,0,13,1,1,2,E01012905,3,1,0,1
2021421060117,2021,421060117,562296,178609,0.335981,51.483151,42,3,1,1,21/06/2021,2,15:03,-1,E06000034,E06000034,E06000034,6,0,6,30,2,0,4,3,1013,0,1,13,1,2,2,4,0,13,1,3,2,E01015959,3,1,0,1
2021461060704,2021,461060704,554672,172911,0.223783,51.434091,46,3,1,1,22/06/2021,3,18:28,-1,E07000107,E10000016,E10000016,6,0,6,20,0,0,-1,0,-1,0,0,0,1,1,1,4,0,13,1,3,2,E01024167,3,1,0,1
2021201069961,2021,201069961,401719,288948,-1.976102,52.498449,20,2,1,1,10/07/2021,7,01:15,-1,E08000028,E08000028,E08000028,4,4169,6,20,0,0,-1,0,-1,0,1,13,1,1,1,4,0,13,1,1,2,E01010049,5,1,1,0
2021010287517,2021,010287517,540656,171052,0.021548,51.421036,1,2,1,1,04/01/2021,2,18:45,-1,E09000006,E09000006,E09000006,3,2212,6,30,9,19,2,6,0,0,0,0,4,1,2,4,2,13,1,1,2,E01000819,-1,0,1,0
2021351057155,2021,351057155,547146,258350,0.151867,52.203754,35,2,2,1,14/06/2021,2,14:32,-1,E07000008,E10000003,E10000003,6,0,6,30,9,19,4,6,0,0,0,0,1,1,1,4,0,13,1,1,2,E01017997,7,1,1,0
2021531057976,2021,531057976,355758,195673,-2.640977,51.658093,53,3,2,1,11/06/2021,6,12:15,-1,E07000080,E10000013,E10000013,3,48,6,60,0,0,-1,0,-1,0,0,0,1,1,1,4,0,13,2,2,2,E01022274,3,1,0,1
2021161038634,2021,161038634,510327,431423,-0.32767,53.767498,16,3,3,1,23/04/2021,6,09:57,-1,E06000010,E06000010,E06000010,3,1165,1,30,1,0,4,3,1165,0,8,17,1,1,1,4,0,13,1,1,2,E01012817,3,1,0,1
2021440199313,2021,440199313,459879,84943,-1.154181,50.661079,44,3,2,1,21/05/2021,6,12:30,-1,E06000046,E06000046,E06000046,6,0,6,30,0,0,-1,0,-1,0,0,0,1,1,1,4,0,13,1,2,2,E01017347,-1,0,0,1
2021111044268,2021,111044268,428644,532354,-1.557228,54.685437,11,3,1,2,07/04/2021,4,23:37,-1,E06000047,E06000047,E06000047,4,6287,6,40,0,0,-1,0,-1,0,8,17,4,1,1,4,0,13,2,2,2,E01020807,3,1,0,1
2021061048410,2021,061048410,366792,400243,-2.502059,53.497847,6,2,2,1,10/05/2021,2,07:12,-1,E08000010,E08000010,E08000010,6,0,6,30,3,13,4,6,0,0,0,0,1,1,1,4,0,13,1,1,2,E01006331,7,1,1,0
2021131043302,2021,131043302,419163,437344,-1.710323,53.832021,13,3,2,1,09/05/2021,1,14:00,-1,E08000032,E08000032,E08000032,6,0,6,30,6,16,2,3,658,0,0,0,1,1,1,4,0,13,1,1,2,E01010689,3,1,0,1
2021010311819,2021,010311819,527805,179626,-0.160073,51.501131,1,3,2,1,30/05/2021,1,22:35,-1,E09000020,E09000020,E09000020,3,3216,2,20,3,13,2,6,0,9,1,13,7,1,1,4,0,13,1,3,2,E01002818,-1,0,0,1
2021010322841,2021,010322841,527718,175537,-0.162802,51.464403,1,3,2,1,03/08/2021,3,10:52,-1,E09000032,E09000032,E09000032,3,3036,6,20,6,16,4,6,0,9,9,99,1,1,1,4,9,13,1,3,2,E01004588,-1,0,0,1
2021010338741,2021,010338741,525658,174605,-0.192772,51.456487,1,2,1,1,21/10/2021,5,23:55,-1,E09000032,E09000032,E09000032,3,217,6,20,3,13,2,3,3,1,5,11,4,2,2,4,0,13,1,1,2,E01004509,-1,0,1,0
2021471053581,2021,471053581,535946,133171,-0.060524,51.081757,47,3,1,1,08/06/2021,3,11:54,-1,E07000228,E10000032,E10000032,6,0,6,40,0,0,-1,0,-1,0,0,0,1,1,1,4,0,13,2,2,2,E01031766,3,1,0,1
2021302100081,2021,302100081,436952,334506,-1.452023,52.906741,30,3,1,1,22/01/2021,6,19:50,-1,E06000015,E06000015,E06000015,3,5194,6,30,3,13,4,6,0,0,0,0,4,9,2,4,0,13,1,2,2,E01033172,-1,0,0.00391,0.99609
2021131062954,2021,131062954,424108,420263,-1.636515,53.678295,13,2,2,1,05/07/2021,2,07:16,-1,E08000034,E08000034,E08000034,4,6409,1,30,2,0,4,4,6117,1,1,11,1,2,2,4,0,13,1,1,2,E01011259,6,1,1,0
2021010322196,2021,010322196,520794,182102,-0.260183,51.524924,1,3,2,1,01/08/2021,1,22:03,-1,E09000009,E09000009,E09000009,5,0,6,20,0,0,-1,0,-1,0,0,0,4,1,1,4,0,13,1,1,2,E01001238,-1,0,0,1
2021451055897,2021,451055897,499207,149775,-0.580256,51.238536,45,3,2,1,12/06/2021,7,17:57,-1,E07000209,E10000030,E10000030,6,0,6,30,0,0,-1,0,-1,0,0,0,1,1,1,4,0,13,1,3,2,E01030452,3,1,0,1
2021501062112,2021,501062112,251352,59838,-4.093819,50.419531,50,2,3,3,02/06/2021,4,12:56,-1,E06000026,E06000026,E06000026,4,3432,3,30,3,13,4,6,0,0,0,0,1,1,1,4,0,13,1,1,2,E01015097,7,1,1,0
2021010297563,2021,010297563,519535,191183,-0.275236,51.606806,1,2,3,2,19/03/2021,6,14:55,-1,E09000015,E09000015,E09000015,6,0,6,30,6,16,2,3,5,0,0,0,1,1,1,4,0,13,1,1,2,E01002119,-1,0,1,0
2021461032192,2021,461032192,593723,147855,0.771343,51.197063,46,3,2,1,26/03/2021,6,14:30,-1,E07000105,E10000016,E10000016,1,20,3,70,0,0,-1,0,-1,0,0,0,1,1,1,4,0,13,2,1,1,E01023986,3,1,0,1
2021041043601,2021,041043601,356972,430129,-2.654222,53.765736,4,2,2,4,09/05/2021,1,14:18,-1,E07000123,E10000017,E10000017,3,59,6,30,3,13,4,6,0,0,0,0,1,1,1,4,0,13,1,1,2,E01025249,7,1,1,0
2021332100113,2021,332100113,471640,291015,-0.945794,52.512343,33,2,2,1,07/03/2021,1,14:11,-1,E07000131,E10000018,E10000018,3,6,6,60,0,0,-1,0,-1,0,0,0,1,1,1,4,0,13,2,1,2,E01025788,-1,0,1,0
2021371062043,2021,371062043,645021,272667,1.592061,52.297459,37,3,1,1,26/05/2021,4,12:36,-1,E07000244,E10000029,E10000029,4,1125,6,60,0,0,-1,0,-1,0,0,0,1,1,1,4,0,13,2,1,2,E01030219,3,1,0,1
2021302100966,2021,302100966,434721,337099,-1.484917,52.930198,30,3,3,1,29/06/2021,3,17:15,-1,E06000015,E06000015,E06000015,6,0,6,30,3,13,4,6,0,0,0,0,1,1,1,4,0,13,1,1,2,E01013528,-1,0,0.01327,0.98673
2021540336821,2021,540336821,403892,159364,-1.945513,51.333353,54,3,2,1,12/01/2021,3,11:10,-1,E06000054,E06000054,E06000054,3,342,6,60,0,0,-1,0,-1,0,0,0,1,1,2,4,0,13,2,1,2,E01031883,-1,0,0.01434,0.98566
2021201100554,2021,201100554,408557,289977,-1.875352,52.507637,20,3,2,1,23/08/2021,2,22:20,-1,E08000025,E08000025,E08000025,2,38,3,40,0,0,-1,0,-1,0,0,0,4,1,1,4,0,13,1,2,2,E01008899,3,1,0,1
2021010320775,2021,010320775,520331,180032,-0.26756,51.506419,1,3,2,1,24/07/2021,7,18:00,-1,E09000009,E09000009,E09000009,4,490,6,20,3,13,4,3,4020,0,0,0,1,1,1,4,0,13,1,1,2,E01001355,-1,0,0,1
2021010305034,2021,010305034,549391,190985,0.155521,51.597905,1,3,2,1,02/05/2021,1,09:20,-1,E09000016,E09000016,E09000016,4,174,6,30,3,13,4,5,0,0,0,0,1,1,1,4,2,13,1,1,2,E01002326,-1,0,0,1
2021430119441,2021,430119441,462405,220211,-1.094862,51.876992,43,3,5,5,22/03/2021,2,07:26,-1,E07000177,E10000025,E10000025,3,41,6,50,0,0,-1,0,-1,0,0,0,1,1,1,4,0,13,2,1,2,E01028499,-1,0,0.09237,0.90763
2021371046927,2021,371046927,563315,266069,0.391989,52.268543,37,3,2,1,16/05/2021,1,10:00,-1,E07000245,E10000029,E10000029,3,14,7,40,3,13,4,3,142,0,0,0,1,1,1,4,0,13,2,1,1,E01029937,3,1,0,1
2021221042497,2021,221042497,339716,335395,-2.8979,52.912597,22,2,3,1,04/05/2021,3,15:43,-1,E06000051,E06000051,E06000051,3,528,6,40,0,0,-1,0,-1,0,0,0,1,1,1,4,0,13,2,1,2,E01028865,7,1,1,0
2021221092993,2021,221092993,327535,322388,-3.076109,52.794185,22,3,3,1,24/09/2021,6,12:25,-1,E06000051,E06000051,E06000051,3,483,6,30,0,0,-1,0,-1,0,0,0,1,1,1,4,0,13,2,2,1,E01028915,3,1,0,1
2021010327627,2021,010327627,519929,192453,-0.269116,51.618137,1,3,3,1,26/08/2021,5,18:20,-1,E09000003,E09000003,E09000003,3,5100,6,30,0,0,-1,0,-1,0,0,0,1,1,1,4,0,13,1,1,2,E01000230,-1,0,0,1
2021010306026,2021,010306026,525408,185219,-0.192598,51.551933,1,3,2,1,07/05/2021,6,15:55,-1,E09000007,E09000007,E09000007,4,510,6,20,3,13,4,5,0,0,1,13,1,1,1,4,0,13,1,1,2,E01000969,-1,0,0,1
2021010351234,2021,010351234,540846,174686,0.025723,51.453644,1,1,1,3,21/12/2021,3,15:33,-1,E09000011,E09000011,E09000011,3,20,6,30,9,19,2,3,20,2,4,12,1,1,1,4,0,13,1,1,2,E01001658,-1,0,0,0
2021421022280,2021,421022280,565959,189953,0.39403,51.584002,42,3,7,3,16/02/2021,3,10:22,-1,E07000066,E10000012,E10000012,3,127,3,50,0,0,-1,0,-1,0,0,0,1,1,2,4,0,13,2,2,2,E01021261,3,1,0,1
2021451098120,2021,451098120,499220,149679,-0.580096,51.237671,45,3,2,1,12/10/2021,3,06:20,-1,E07000209,E10000030,E10000030,6,0,6,30,9,19,2,6,0,0,0,0,4,1,1,4,0,13,1,1,2,E01030452,3,1,0,1
2021991106543,2021,991106543,214491,684681,-4.97787,56.019023,99,2,1,1,05/11/2021,6,09:58,-1,S12000035,S12000035,S12000035,3,815,6,60,0,0,-1,0,-1,0,0,0,1,2,2,4,0,13,2,2,-1,-1,6,1,1,0
2021548002221,2021,548002221,412205,187470,-1.825225,51.585957,54,3,2,1,16/08/2021,2,22:24,-1,E06000030,E06000030,E06000030,3,4198,3,40,7,17,2,4,4534,0,4,14,4,1,1,4,0,13,1,1,2,E01015525,-1,0,0.04701,0.95299
2021131036857,2021,131036857,430374,433501,-1.540364,53.796951,13,2,1,1,19/04/2021,2,07:43,-1,E08000035,E08000035,E08000035,6,0,6,20,3,13,2,6,0,0,5,15,1,1,1,4,0,13,1,1,2,E01033010,5,1,1,0
2021481121422,2021,481121422,533236,181149,-0.081298,51.513565,48,3,1,1,18/10/2021,2,10:26,-1,E09000001,E09000001,E09000001,6,0,6,20,3,13,2,6,0,0,5,15,1,1,1,4,0,13,1,1,2,E01032739,3,1,0,1
2021010325935,2021,010325935,537040,177736,-0.027837,51.481985,1,3,2,1,23/08/2021,2,08:30,-1,E09000023,E09000023,E09000023,3,200,6,30,0,0,-1,0,-1,0,0,0,1,1,1,4,2,13,1,1,2,E01003253,-1,0,0,1
2021440442933,2021,440442933,414510,105426,-1.795255,50.848166,44,3,2,1,04/11/2021,5,14:59,-1,E07000091,E10000014,E10000014,3,31,3,70,5,0,4,3,331,0,0,0,1,1,1,4,0,13,1,2,1,E01023066,-1,0,0,1
2021991079433,2021,991079433,346023,670256,-2.865297,55.922337,99,2,1,1,20/08/2021,6,13:56,-1,S12000010,S12000010,S12000010,3,6093,6,60,0,0,-1,0,-1,0,0,0,1,1,1,4,0,13,2,1,-1,-1,5,1,1,0
2021991081813,2021,991081813,330574,670947,-3.112635,55.926559,99,3,2,1,28/08/2021,7,12:55,-1,S12000019,S12000019,S12000019,3,6106,6,30,3,13,4,3,6106,0,0,0,1,1,1,4,0,13,2,1,-1,-1,3,1,0,1
2021552100809,2021,552100809,361879,90067,-2.541247,50.70897,55,3,1,1,09/07/2021,6,11:45,-1,E06000059,E06000059,E06000059,5,0,6,30,0,0,-1,0,-1,0,0,0,1,1,1,4,0,13,2,2,2,E01020549,-1,0,0.05898,0.94102
2021010295876,2021,010295876,553060,190567,0.208269,51.593166,1,2,2,2,09/03/2021,3,09:35,-1,E09000016,E09000016,E09000016,3,12,3,50,0,0,-1,0,-1,0,0,0,1,1,1,4,0,13,2,1,2,E01002337,-1,0,1,0
2021010293447,2021,010293447,509855,178298,-0.418982,51.492965,1,3,3,2,19/02/2021,6,16:38,-1,E09000017,E09000017,E09000017,1,4,3,70,0,0,-1,0,-1,0,0,0,1,1,1,4,0,13,1,1,1,E01002491,-1,0,0,1
2021440349015,2021,440349015,457522,111415,-1.183387,50.899349,44,3,4,2,01/09/2021,4,08:27,-1,E07000094,E10000014,E10000014,4,2177,3,30,0,0,-1,0,-1,0,0,0,1,1,1,4,0,13,2,1,2,E01023285,-1,0,0,1
202160Z109195,2021,60Z109195,337876,364925,-2.930963,53.177801,60,2,2,1,27/07/2021,3,14:40,-1,W06000005,W06000005,W06000005,6,0,6,30,6,16,2,6,0,0,5,15,1,2,2,4,0,13,1,1,-1,W01000329,-1,0,1,0
2021161063371,2021,161063371,502780,441361,-0.438807,53.858327,16,3,2,3,27/06/2021,1,23:10,-1,E06000011,E06000011,E06000011,3,1035,6,50,9,19,4,6,0,0,0,0,4,1,1,4,0,13,2,1,2,E01013066,3,1,0,1
2021211048297,2021,211048297,393156,317958,-2.10285,52.7592,21,3,2,1,02/03/2021,3,13:28,-1,E07000196,E10000028,E10000028,1,6,3,70,0,0,-1,0,-1,0,0,0,1,1,1,4,0,13,2,1,1,E01029656,3,1,0,1
2021170S40901,2021,170S40901,444035,511938,-1.321569,54.500871,17,3,2,1,09/06/2021,4,09:30,-1,E06000004,E06000004,E06000004,3,1044,6,40,0,0,-1,0,-1,0,0,0,1,1,1,4,0,13,2,1,2,E01012301,-1,0,0.01086,0.98914
2021041036581,2021,041036581,331061,436594,-3.048686,53.821043,4,3,1,1,16/04/2021,6,10:59,-1,E06000009,E06000009,E06000009,3,586,3,30,3,13,4,3,586,0,1,13,1,1,1,4,6,13,1,2,2,E01012737,3,1,0,1
2021430391864,2021,430391864,469866,169418,-0.996625,51.419481,43,3,2,1,01/09/2021,4,07:42,-1,E06000041,E06000041,E06000041,1,4,3,60,0,0,-1,0,-1,0,0,0,1,1,1,4,0,13,2,1,1,E01016682,-1,0,0.01977,0.98023
2021501015997,2021,501015997,208127,57513,-4.700461,50.386111,50,3,2,1,07/01/2021,5,12:17,-1,E06000052,E06000052,E06000052,3,390,6,60,0,0,-1,0,-1,0,0,0,1,1,1,4,0,13,2,1,2,E01019024,3,1,0,1
2021461088624,2021,461088624,560013,172679,0.300451,51.430524,46,3,2,1,14/09/2021,3,16:20,-1,E07000107,E10000016,E10000016,3,2,3,60,0,0,-1,0,-1,0,0,0,1,1,2,4,0,13,2,3,1,E01024157,3,1,0,1
2021451042350,2021,451042350,504262,172063,-0.501353,51.437979,45,2,1,1,04/05/2021,3,15:00,-1,E07000213,E10000030,E10000030,3,30,3,30,1,0,2,3,30,0,0,0,5,5,2,4,0,13,2,1,1,E01030747,6,1,1,0
2021471066275,2021,471066275,503780,103326,-0.528054,50.820179,47,3,2,1,12/07/2021,2,13:08,-1,E07000224,E10000032,E10000032,3,259,1,40,1,0,4,3,259,0,0,0,1,1,1,4,0,13,1,1,2,E01031408,3,1,0,1
2021991049451,2021,991049451,259675,666308,-4.24411,55.869443,99,3,6,3,26/05/2021,4,21:50,-1,S12000049,S12000049,S12000049,1,8,3,50,0,0,-1,0,-1,0,0,0,1,1,1,4,0,13,1,2,-1,-1,3,1,0,1
2021221055652,2021,221055652,372259,318048,-2.412509,52.759334,22,3,3,2,29/04/2021,5,16:28,-1,E06000020,E06000020,E06000020,6,0,6,60,3,13,4,6,0,0,0,0,1,1,1,4,0,13,2,1,2,E01014112,3,1,0,1
2021430411572,2021,430411572,480648,171542,-0.841123,51.437146,43,3,2,2,13/09/2021,2,07:58,-1,E06000041,E06000041,E06000041,1,4,3,60,0,0,-1,0,-1,0,0,0,1,1,1,4,0,13,2,1,1,E01016656,-1,0,0.03443,0.96557
2021552100233,2021,552100233,400732,92299,-1.990987,50.730299,55,3,3,3,09/03/2021,3,13:01,-1,E06000058,E06000058,E06000058,3,350,3,40,0,0,-1,0,-1,0,0,0,1,1,1,4,0,13,2,1,2,E01015421,-1,0,0.07167,0.92833
2021101039993,2021,101039993,424823,564915,-1.613716,54.978236,10,3,2,2,25/04/2021,1,11:29,-1,E08000021,E08000021,E08000021,4,1318,6,30,3,13,2,4,1307,0,0,0,1,1,1,4,0,13,1,1,2,E01008397,3,1,0,1
2021201117121,2021,201117121,435001,280737,-1.486717,52.423524,20,1,3,2,11/06/2021,6,22:47,-1,E08000026,E08000026,E08000026,3,444,3,50,0,0,-1,0,-1,0,0,0,6,1,1,4,0,13,1,1,2,E01009572,1,1,0,0
2021010318946,2021,010318946,530693,184839,-0.116555,51.54732,1,3,1,1,13/07/2021,3,20:49,-1,E09000019,E09000019,E09000019,5,0,6,20,6,16,2,5,0,0,5,15,1,1,1,4,0,13,1,1,2,E01002713,-1,0,0,1
202160Z090097,2021,60Z090097,248332,343609,-4.259875,52.968343,60,3,2,2,24/06/2021,5,10:55,-1,W06000002,W06000002,W06000002,3,487,6,30,9,19,4,6,0,0,0,0,1,2,2,4,0,13,2,1,-1,W01000066,-1,0,0.0522,0.9478
2021070098098,2021,070098098,360577,389957,-2.594449,53.404966,7,3,2,2,14/02/2021,1,21:20,-1,E06000007,E06000007,E06000007,3,49,3,40,3,13,2,6,0,0,5,15,4,1,1,4,0,13,1,1,2,E01012455,-1,0,0.10365,0.89635
2021520101538,2021,520101538,325569,124785,-3.062496,51.017599,52,3,2,2,18/01/2021,2,12:30,-1,E07000246,E06000066,E06000066,3,358,1,40,1,0,4,1,5,0,0,0,1,1,1,4,0,13,2,1,2,E01029317,-1,0,0.26024,0.73976
2021101072205,2021,101072205,434833,555063,-1.458518,54.889112,10,3,3,1,31/07/2021,7,14:00,-1,E08000024,E08000024,E08000024,3,19,3,70,0,0,-1,0,-1,0,0,0,1,1,1,4,0,13,2,1,1,E01032484,3,1,0,1
2021041013097,2021,041013097,361972,412848,-2.576251,53.610811,4,3,2,2,07/01/2021,5,16:40,-1,E07000118,E10000017,E10000017,3,673,6,40,0,0,-1,0,-1,0,0,0,4,1,2,4,0,13,2,1,2,E01024918,3,1,0,1
2021991032381,2021,991032381,343325,750233,-2.925664,56.640462,99,3,2,1,01/04/2021,5,13:40,-1,S12000041,S12000041,S12000041,3,90,3,70,0,0,-1,0,-1,0,0,0,1,1,1,4,2,13,2,1,-1,-1,3,1,0,1
2021430088834,2021,430088834,483387,246236,-0.783812,52.108188,43,3,2,1,03/03/2021,4,07:09,-1,E06000042,E06000042,E06000042,1,1,3,60,0,0,-1,0,-1,0,0,0,1,1,2,4,0,13,2,1,1,E01016802,-1,0,0.02151,0.97849
2021052100119,2021,052100119,333767,394568,-2.99863,53.443717,5,2,3,2,22/01/2021,6,22:30,-1,E08000014,E08000014,E08000014,3,5058,6,30,6,16,2,3,565,0,5,15,4,2,2,4,0,13,1,1,2,E01007010,-1,0,1,0
2021101066506,2021,101066506,428139,565572,-1.561844,54.983964,10,3,2,1,13/07/2021,3,17:45,-1,E08000021,E08000021,E08000021,3,193,6,30,3,13,4,6,0,0,0,0,1,1,1,4,0,13,1,2,2,E01008392,3,1,0,1
2021440329367,2021,440329367,458510,107456,-1.169972,50.863651,44,2,4,1,18/08/2021,4,15:15,-1,E07000087,E10000014,E10000014,1,27,3,50,0,0,-1,0,-1,0,0,0,1,1,1,4,0,13,2,1,1,E01022720,-1,0,0.89594,0.10406
2021471041175,2021,471041175,516528,132432,-0.337848,51.079383,47,3,2,1,01/05/2021,7,14:03,-1,E07000227,E10000032,E10000032,3,24,1,40,1,0,4,6,0,0,0,0,1,1,1,4,0,13,2,1,2,E01031658,3,1,0,1
202160Z030211,2021,60Z030211,301999,380477,-3.472391,53.312146,60,2,2,1,04/03/2021,5,18:30,-1,W06000004,W06000004,W06000004,3,525,6,30,9,19,4,6,0,0,0,0,1,1,2,4,0,13,1,1,-1,W01000233,-1,0,1,0
2021340558915,2021,340558915,447646,239567,-1.306564,52.05246,34,3,2,2,11/12/2021,7,04:55,-1,E06000062,E06000062,E06000062,1,40,3,70,0,0,-1,0,-1,0,0,0,6,1,1,4,0,13,2,3,1,E01027291,-1,0,0,1
2021010325868,2021,010325868,531592,179878,-0.10545,51.502528,1,3,2,1,21/08/2021,7,15:06,-1,E09000028,E09000028,E09000028,6,0,2,20,9,19,4,6,0,0,0,0,1,2,2,4,0,13,1,1,2,E01032583,-1,0,0,1
2021010305578,2021,010305578,525754,182252,-0.188669,51.525191,1,2,1,1,05/05/2021,4,11:50,-1,E09000033,E09000033,E09000033,5,0,3,20,7,17,4,6,0,0,4,14,1,1,1,4,0,13,1,1,2,E01033608,-1,0,1,0
2021451070864,2021,451070864,504388,171927,-0.499581,51.436733,45,3,2,1,27/07/2021,3,16:27,-1,E07000213,E10000030,E10000030,3,308,6,30,1,0,2,3,30,0,0,0,1,1,1,4,3,13,1,1,1,E01030734,3,1,0,1
2021991075996,2021,991075996,264012,651990,-4.167698,55.742133,99,3,1,1,08/08/2021,1,03:30,-1,S12000029,S12000029,S12000029,6,0,1,30,1,0,4,6,0,0,0,0,6,1,1,4,0,13,1,2,-1,-1,3,1,0,1
2021052102172,2021,052102172,335979,393079,-2.96503,53.430609,5,2,2,1,06/10/2021,4,21:40,-1,E08000012,E08000012,E08000012,3,5089,6,30,0,0,-1,0,-1,0,0,0,4,1,1,4,0,13,1,1,2,E01033747,-1,0,1,0
2021141065335,2021,141065335,435562,400146,-1.465405,53.496838,14,2,2,2,12/07/2021,2,10:35,-1,E08000016,E08000016,E08000038,3,6135,6,30,6,16,2,4,6096,0,0,0,1,2,2,4,0,13,1,1,2,E01007396,6,1,1,0
2021010320980,2021,010320980,523337,179870,-0.224325,51.504316,1,3,2,1,25/07/2021,1,15:19,-1,E09000013,E09000013,E09000013,3,219,2,20,0,0,-1,0,-1,0,0,0,5,5,2,4,2,13,1,1,2,E01001943,-1,0,0,1
2021440507209,2021,440507209,460167,106748,-1.146545,50.857115,44,3,4,2,19/12/2021,1,12:16,-1,E07000087,E10000014,E10000014,1,27,3,70,0,0,-1,0,-1,0,0,0,1,1,1,4,0,13,2,1,1,E01022766,-1,0,0,1
2021991032773,2021,991032773,260530,665913,-4.230254,55.866145,99,2,2,4,04/04/2021,1,19:00,-1,S12000049,S12000049,S12000049,1,8,3,50,0,0,-1,0,-1,0,0,0,1,1,1,4,0,13,1,1,-1,-1,5,1,1,0
2021211144838,2021,211144838,391460,344012,-2.128678,52.993384,21,3,2,1,26/10/2021,3,19:10,-1,E06000021,E06000021,E06000021,4,5039,6,30,3,13,4,6,0,0,0,0,4,1,1,4,0,13,1,1,2,E01014300,3,1,0,1
2021111071718,2021,111071718,408366,550332,-1.871249,54.847734,11,1,2,6,29/07/2021,5,19:06,-1,E06000047,E06000047,E06000047,6,0,6,60,0,0,-1,0,-1,0,0,0,1,1,1,4,0,13,2,1,2,E01020645,1,1,0,0
2021070652115,2021,070652115,366845,367799,-2.497848,53.206233,7,3,1,1,19/09/2021,1,08:44,-1,E06000050,E06000050,E06000050,4,54,6,40,0,0,-1,0,-1,0,0,0,1,1,2,4,0,13,1,1,2,E01018749,-1,0,0.10758,0.89242
2021201097861,2021,201097861,407709,283391,-1.887995,52.448441,20,2,1,1,09/08/2021,2,18:30,-1,E08000025,E08000025,E08000025,3,435,6,30,6,16,4,6,0,0,4,14,1,1,1,4,0,13,1,1,2,E01009384,6,1,1,0
2021010311190,2021,010311190,531584,199817,-0.098095,51.68171,1,3,2,1,03/06/2021,5,07:00,-1,E09000010,E09000010,E09000010,5,0,6,30,3,13,4,6,0,0,0,0,1,1,1,4,2,13,2,3,2,E01001412,-1,0,0,1
2021010303939,2021,010303939,536301,184731,-0.035769,51.545023,1,3,2,1,26/04/2021,2,15:30,-1,E09000012,E09000012,E09000012,3,102,2,20,7,17,2,4,113,0,5,15,1,1,1,4,0,13,1,3,2,E01001848,-1,0,0,1
2021010306931,2021,010306931,515187,168875,-0.345275,51.407212,1,3,2,1,12/05/2021,4,16:39,-1,E09000027,E09000027,E09000027,3,308,6,20,0,0,-1,0,-1,0,0,0,1,1,1,4,0,13,1,1,2,E01003823,-1,0,0,1
2021010355018,2021,010355018,533586,182054,-0.075914,51.521615,1,3,2,1,16/12/2021,5,16:37,-1,E09000030,E09000030,E09000030,3,1202,6,30,3,13,4,6,0,0,4,14,4,1,1,4,0,13,1,3,2,E01004307,-1,0,0,1
2021302100381,2021,302100381,436382,339791,-1.459908,52.954287,30,3,4,3,06/04/2021,3,21:10,-1,E07000036,E10000007,E10000007,3,61,6,60,0,0,-1,0,-1,0,0,0,4,1,1,4,0,13,2,1,2,E01019671,-1,0,0.04854,0.95146
2021411020907,2021,411020907,535916,202270,-0.034519,51.702723,41,3,1,1,25/01/2021,2,18:20,-1,E07000095,E10000015,E10000015,4,176,3,30,3,13,4,6,0,0,1,13,4,1,4,4,0,13,1,1,2,E01023301,3,1,0,1
2021170S10441,2021,170S10441,445971,520834,-1.290292,54.580641,17,3,3,1,12/04/2021,2,09:02,-1,E06000004,E06000004,E06000004,3,19,3,70,0,0,-1,0,-1,0,0,0,1,1,1,4,0,13,2,1,1,E01012258,-1,0,0.01388,0.98612
2021201070968,2021,201070968,413414,282074,-1.804106,52.436492,20,1,2,2,15/07/2021,5,20:35,-1,E08000029,E08000029,E08000029,3,41,6,30,8,18,4,6,0,0,0,0,1,1,1,4,0,13,1,1,2,E01010179,1,1,0,0
2021302100424,2021,302100424,448866,333885,-1.274986,52.900212,30,3,2,2,11/04/2021,1,19:20,-1,E07000036,E10000007,E10000007,3,6005,6,30,0,0,-1,0,-1,0,0,0,1,1,1,4,0,13,1,2,2,E01019647,-1,0,0.00712,0.99288
2021421118505,2021,421118505,551407,221475,0.197858,51.871311,42,3,5,1,07/12/2021,3,19:23,-1,E07000077,E10000012,E10000012,1,11,7,70,1,0,2,3,120,0,0,0,4,1,2,4,0,13,2,2,1,E01022087,3,1,0,1
2021371143326,2021,371143326,630100,235651,1.348624,51.971679,37,2,2,2,22/11/2021,2,16:44,-1,E07000244,E10000029,E10000029,3,1021,6,30,0,0,-1,0,-1,0,0,0,4,1,1,4,0,13,1,1,2,E01030159,6,1,1,0
2021610060921,2021,610060921,313990,211106,-3.248492,51.791975,61,2,1,1,22/11/2021,2,12:11,-1,W06000019,W06000019,W06000019,3,465,3,70,0,0,-1,0,-1,0,0,0,1,1,1,4,0,13,2,1,-1,W01001472,-1,0,1,0
2021161022872,2021,161022872,498414,455314,-0.500679,53.984537,16,3,2,1,20/02/2021,7,09:45,-1,E06000011,E06000011,E06000011,3,614,6,50,3,13,4,6,0,0,0,0,1,1,2,4,0,13,2,1,2,E01012981,3,1,0,1
2021421099184,2021,421099184,564666,181023,0.371208,51.504155,42,2,2,2,16/10/2021,7,01:00,-1,E06000034,E06000034,E06000034,3,13,3,70,0,0,-1,0,-1,0,0,0,6,1,1,4,0,13,2,1,2,E01015979,5,1,1,0
2021430370144,2021,430370144,499161,177471,-0.573203,51.487506,43,3,2,1,18/08/2021,4,11:50,-1,E06000040,E06000040,E06000040,1,4,3,50,0,0,-1,0,-1,0,0,0,1,1,1,4,0,13,2,1,1,E01016564,-1,0,0.01371,0.98629
2021101040678,2021,101040678,419924,565990,-1.690182,54.988115,10,3,3,1,27/04/2021,3,09:06,-1,E08000021,E08000021,E08000021,3,1,3,70,0,0,-1,0,-1,0,0,0,1,1,1,4,3,13,1,1,1,E01008327,3,1,0,1
2021471084442,2021,471084442,580942,109083,0.569281,50.852956,47,3,4,1,04/09/2021,7,11:10,-1,E07000062,E10000011,E10000011,3,259,6,30,0,0,-1,0,-1,0,0,0,1,1,1,4,0,13,1,3,2,E01020984,3,1,0,1
2021451074322,2021,451074322,500412,158578,-0.560531,51.317458,45,3,2,1,06/08/2021,6,10:15,-1,E07000217,E10000030,E10000030,3,320,3,30,9,19,2,6,0,0,0,0,1,1,1,4,0,13,1,1,2,E01030954,3,1,0,1
2021221118281,2021,221118281,353091,304552,-2.694595,52.636691,22,3,1,1,29/11/2021,2,06:55,-1,E06000051,E06000051,E06000051,6,0,6,60,0,0,-1,0,-1,0,0,0,6,1,4,4,2,13,2,1,2,E01028961,3,1,0,1
2021421112432,2021,421112432,592019,224036,0.78851,51.881825,42,3,2,1,04/11/2021,5,23:37,-1,E07000071,E10000012,E10000012,3,120,7,70,0,0,-1,0,-1,0,0,0,6,1,1,4,0,13,2,1,1,E01021678,3,1,0,1
202163C095521,2021,63C095521,213788,208500,-4.698699,51.744186,63,2,2,1,19/11/2021,6,22:31,-1,W06000009,W06000009,W06000009,3,477,6,60,0,0,-1,0,-1,0,0,0,6,1,2,4,0,13,2,1,-1,W01000553,-1,0,1,0
2021430429446,2021,430429446,489212,240834,-0.700191,52.058726,43,3,3,1,13/09/2021,2,13:57,-1,E06000042,E06000042,E06000042,1,1,3,50,0,0,-1,0,-1,0,0,0,1,1,1,4,0,13,2,1,1,E01033503,-1,0,0.03719,0.96281
2021131054608,2021,131054608,433274,425289,-1.49722,53.722968,13,2,1,1,07/05/2021,6,08:55,-1,E08000035,E08000035,E08000035,3,61,3,40,0,0,-1,0,-1,0,0,0,1,1,1,4,0,13,1,1,2,E01011500,6,1,1,0
2021010324065,2021,010324065,523476,186174,-0.220114,51.560941,1,3,1,3,11/08/2021,4,13:58,-1,E09000005,E09000005,E09000005,3,5,6,30,99,-1,2,6,0,9,9,99,1,1,1,4,0,13,1,3,2,E01000553,-1,0,0,1
2021010287268,2021,010287268,528491,164715,-0.155599,51.36697,1,3,3,1,02/01/2021,7,14:00,-1,E09000029,E09000029,E09000029,3,232,6,30,9,19,4,6,0,0,0,0,1,1,2,4,0,13,1,1,2,E01004176,-1,0,0,1
2021010314953,2021,010314953,529100,180366,-0.141155,51.507487,1,3,2,1,21/06/2021,2,18:55,-1,E09000033,E09000033,E09000033,3,4,6,20,6,16,3,5,0,0,0,0,1,1,1,4,0,13,1,1,2,E01004736,-1,0,0,1
2021320658807,2021,320658807,481169,390112,-0.780633,53.401622,32,2,1,1,11/11/2021,5,08:45,-1,E07000142,E10000019,E10000019,6,0,6,30,0,0,-1,0,-1,0,1,13,4,1,1,4,0,13,1,1,2,E01026384,-1,0,1,0
2021991074008,2021,991074008,272852,656570,-4.029128,55.785662,99,1,1,1,02/08/2021,2,01:11,-1,S12000029,S12000029,S12000029,1,74,3,70,0,0,-1,0,-1,0,0,0,6,1,1,4,0,13,2,1,-1,-1,1,1,0,0
2021430276641,2021,430276641,441810,172614,-1.399695,51.450973,43,3,2,1,23/06/2021,4,16:25,-1,E06000037,E06000037,E06000037,1,4,3,50,0,0,-1,0,-1,0,0,0,1,1,1,4,0,13,2,1,1,E01016301,-1,0,0.01349,0.98651
2021430220998,2021,430220998,471077,168916,-0.979313,51.414818,43,3,2,1,22/05/2021,7,04:01,-1,E06000038,E06000038,E06000038,1,4,3,60,0,0,-1,0,-1,0,0,0,4,1,1,4,0,13,2,1,1,E01016439,-1,0,0.03346,0.96654
2021070505466,2021,070505466,341813,369287,-2.872861,53.217452,7,3,3,1,20/07/2021,3,14:00,-1,E06000050,E06000050,E06000050,3,41,6,50,0,0,-1,0,-1,0,0,0,1,1,1,4,0,13,1,1,2,E01018380,-1,0,0.05207,0.94793
202134WNC2201,2021,34WNC2201,469376,247858,-0.98803,52.124702,34,3,3,1,25/04/2021,1,20:30,-1,E06000062,E06000062,E06000062,6,0,6,30,6,16,4,6,0,0,0,0,4,8,1,4,0,13,2,1,2,E01027299,-1,0,0,1
2021440013503,2021,440013503,431250,117922,-1.556409,50.959874,44,3,2,1,13/01/2021,4,07:24,-1,E07000091,E10000014,E10000014,3,36,6,40,0,0,-1,0,-1,0,0,0,7,1,2,4,0,13,2,1,1,E01022992,-1,0,0,1
2021440044395,2021,440044395,452499,107865,-1.255318,50.867903,44,3,3,2,05/02/2021,6,12:59,-1,E07000087,E10000014,E10000014,3,27,3,60,1,0,2,3,27,0,0,0,1,1,2,4,0,13,1,1,2,E01022787,-1,0,0,1
2021440469753,2021,440469753,442928,118206,-1.390107,50.961678,44,3,1,1,22/11/2021,2,19:12,-1,E07000093,E10000014,E10000014,1,3,3,70,0,0,-1,0,-1,0,0,0,4,1,1,4,0,13,2,1,1,E01023171,-1,0,0,1
2021471029075,2021,471029075,539964,139132,-0.000888,51.134361,47,3,2,1,18/03/2021,5,06:58,-1,E07000228,E10000032,E10000032,3,264,6,30,3,13,4,6,0,0,4,14,1,1,1,4,0,13,1,1,2,E01031731,3,1,0,1
2021052102112,2021,052102112,330873,414556,-3.046612,53.622973,5,3,2,1,30/09/2021,5,09:10,-1,E08000014,E08000014,E08000014,6,0,6,50,0,0,-1,0,-1,0,0,0,1,2,2,4,0,13,2,1,2,E01006971,-1,0,0.16067,0.83933
2021421021217,2021,421021217,559640,194005,0.304745,51.622229,42,3,1,1,02/02/2021,3,13:15,-1,E07000068,E10000012,E10000012,3,128,6,30,0,0,-1,0,-1,0,4,14,1,1,1,4,0,13,1,2,2,E01021433,3,1,0,1
2021991111284,2021,991111284,330555,670943,-3.112938,55.92652,99,3,3,1,13/11/2021,7,08:30,-1,S12000019,S12000019,S12000019,6,0,6,30,3,13,2,3,6106,0,0,0,1,1,1,4,0,13,2,2,-1,-1,3,1,0,1
202160Z159977,2021,60Z159977,263559,317335,-4.022295,52.736397,60,2,1,1,31/10/2021,1,20:00,-1,W06000002,W06000002,W06000002,3,496,6,60,3,13,4,6,0,0,0,0,7,2,2,4,0,13,2,2,-1,W01000048,-1,0,1,0
202163A016421,2021,63A016421,236616,219267,-4.373433,51.848034,63,3,2,1,08/04/2021,5,08:40,-1,W06000010,W06000010,W06000010,3,40,3,70,0,0,-1,0,-1,0,0,0,1,1,1,4,0,13,2,1,-1,W01000642,-1,0,0.01668,0.98332
2021622100409,2021,622100409,264329,192279,-3.960846,51.612949,62,3,2,1,29/05/2021,7,12:38,-1,W06000011,W06000011,W06000011,4,4290,6,30,1,0,4,6,0,0,1,13,1,1,2,4,0,13,1,1,-1,W01000749,-1,0,0.02003,0.97997
2021170S11261,2021,170S11261,445625,521046,-1.295612,54.582578,17,3,4,1,07/08/2021,7,09:59,-1,E06000004,E06000004,E06000004,3,19,3,70,0,0,-1,0,-1,0,0,0,1,1,1,4,0,13,2,1,1,E01012258,-1,0,0.05046,0.94954
2021430361812,2021,430361812,495888,199741,-0.614246,51.688252,43,3,2,1,12/08/2021,5,16:48,-1,E06000060,E06000060,E06000060,3,416,6,30,8,18,4,6,0,0,0,0,1,8,1,4,0,13,1,3,2,E01017765,-1,0,0.01518,0.98482
2021101037450,2021,101037450,419409,564804,-1.698309,54.977477,10,3,2,2,20/04/2021,3,11:34,-1,E08000021,E08000021,E08000021,3,1,3,70,0,0,-1,0,-1,0,0,0,1,1,2,4,0,13,1,2,1,E01008386,3,1,0,1
2021010288848,2021,010288848,509796,178293,-0.419833,51.492931,1,3,1,1,14/01/2021,5,14:15,-1,E09000017,E09000017,E09000017,1,4,3,50,0,0,-1,0,-1,0,0,0,1,2,2,4,9,13,1,3,1,E01002443,-1,0,0,1
2021010318847,2021,010318847,531197,175325,-0.112827,51.461703,1,3,2,1,13/07/2021,3,09:46,-1,E09000022,E09000022,E09000022,3,2217,6,20,3,13,4,6,0,0,0,0,1,1,1,4,0,13,1,1,2,E01003052,-1,0,0,1
2021421023434,2021,421023434,544426,192354,0.084452,51.6115,42,2,1,1,23/02/2021,3,16:00,-1,E07000072,E10000012,E10000012,4,173,6,30,3,13,4,6,0,0,0,0,1,1,1,4,0,13,1,1,2,E01021767,7,1,1,0
2021531107372,2021,531107372,364540,216187,-2.516124,51.843158,53,3,2,1,28/10/2021,5,00:06,-1,E07000080,E10000013,E10000013,3,4151,6,30,7,17,2,3,4136,0,0,0,4,1,1,4,0,13,1,2,2,E01022240,3,1,0,1
2021010298474,2021,010298474,513350,174672,-0.369822,51.459685,1,2,2,1,25/03/2021,5,21:30,-1,E09000018,E09000018,E09000018,3,314,6,30,0,0,-1,0,-1,0,0,0,4,1,1,4,0,13,1,1,2,E01002651,-1,0,1,0
2021531027904,2021,531027904,419851,228979,-1.71251,51.958954,53,2,1,1,12/03/2021,6,15:43,-1,E07000079,E10000013,E10000013,3,429,6,60,0,0,-1,0,-1,0,0,0,1,1,2,4,0,13,2,1,2,E01022205,6,1,1,0
2021991085410,2021,991085410,299829,681640,-3.608451,56.017169,99,1,1,1,08/09/2021,4,08:35,-1,S12000014,S12000014,S12000014,6,0,6,30,3,13,4,6,0,0,0,0,1,1,1,4,0,13,1,1,-1,-1,1,1,0,0
2021421016337,2021,421016337,586984,187852,0.696038,51.558556,42,3,2,1,22/01/2021,6,04:25,-1,E06000033,E06000033,E06000033,3,127,3,40,6,16,2,6,0,1,5,11,1,1,2,4,0,13,1,1,2,E01015868,3,1,0,1
2021501018587,2021,501018587,202987,52381,-4.769991,50.338311,50,3,2,1,19/01/2021,3,14:45,-1,E06000052,E06000052,E06000052,6,0,6,30,1,0,4,3,390,0,0,0,1,5,2,4,0,13,1,2,2,E01019042,3,1,0,1
2021010294931,2021,010294931,533481,182379,-0.077303,51.52456,1,3,2,1,26/02/2021,6,15:00,-1,E09000012,E09000012,E09000012,3,10,2,20,99,-1,2,6,0,9,5,15,1,1,1,4,0,13,1,3,2,E01033708,-1,0,0,1
2021461115058,2021,461115058,561355,172699,0.319748,51.430323,46,3,2,1,03/11/2021,4,18:20,-1,E07000107,E10000016,E10000016,3,2,3,70,0,0,-1,0,-1,0,0,0,4,2,2,4,0,13,2,1,1,E01024157,3,1,0,1
2021471126209,2021,471126209,530060,138721,-0.142509,51.132999,47,3,1,1,24/12/2021,6,19:38,-1,E07000226,E10000032,E10000032,3,264,1,70,1,0,2,1,23,0,0,0,5,2,2,4,0,13,2,1,2,E01031587,3,1,0,1
2021351110127,2021,351110127,516431,299378,-0.28312,52.579778,35,3,3,2,08/11/2021,2,12:55,-1,E06000031,E06000031,E06000031,3,47,3,60,0,0,-1,0,-1,0,0,0,1,1,1,4,0,13,1,1,1,E01015597,3,1,0,1
2021131052700,2021,131052700,431403,433653,-1.524727,53.798256,13,2,1,1,05/06/2021,7,15:13,-1,E08000035,E08000035,E08000035,2,64,7,40,0,0,-1,0,-1,0,0,0,1,1,1,4,0,13,1,1,2,E01011338,7,1,1,0
2021010287884,2021,010287884,527850,175558,-0.160896,51.464562,1,2,1,1,07/01/2021,5,16:48,-1,E09000032,E09000032,E09000032,3,3036,6,20,6,16,4,6,0,0,5,15,4,1,1,4,2,13,1,1,2,E01004586,-1,0,1,0
2021471088029,2021,471088029,552562,106427,0.165319,50.837264,47,3,2,1,15/09/2021,4,08:20,-1,E07000065,E10000011,E10000011,6,0,6,60,6,16,4,6,0,0,0,0,1,1,1,4,0,13,2,1,2,E01021143,3,1,0,1
2021531056676,2021,531056676,380929,213314,-2.278071,51.81813,53,2,5,2,17/06/2021,5,08:36,-1,E07000081,E10000013,E10000013,3,38,3,60,0,0,-1,0,-1,0,0,0,1,1,1,4,0,13,1,1,2,E01032934,6,1,1,0
2021531058374,2021,531058374,358013,212294,-2.610389,51.807702,53,3,2,1,22/06/2021,3,10:48,-1,E07000080,E10000013,E10000013,6,0,6,30,7,17,2,3,4136,0,0,0,1,1,1,4,0,13,1,1,2,E01022229,3,1,0,1
2021161109822,2021,161109822,478805,408577,-0.811554,53.567915,16,3,2,3,14/11/2021,1,15:25,-1,E06000013,E06000013,E06000013,1,180,3,70,0,0,-1,0,-1,0,0,0,1,1,1,4,0,13,2,1,1,E01013242,3,1,0,1
2021010287857,2021,010287857,546904,174550,0.112793,51.450884,1,3,2,1,07/01/2021,5,14:58,-1,E09000004,E09000004,E09000004,3,2,3,50,0,0,-1,0,-1,0,0,0,1,1,1,4,0,13,1,3,2,E01000391,-1,0,0,1
2021461063321,2021,461063321,600954,142996,0.871987,51.150932,46,3,1,1,21/06/2021,2,10:35,-1,E07000105,E10000016,E10000016,6,0,6,30,9,19,4,6,0,0,0,0,1,2,2,4,0,13,1,3,2,E01024027,3,1,0,1
2021101101485,2021,101101485,422310,569476,-1.652625,55.019339,10,3,3,1,21/10/2021,5,15:00,-1,E08000021,E08000021,E08000021,3,1,3,50,0,0,-1,0,-1,0,0,0,1,1,1,4,0,13,2,1,1,E01008311,3,1,0,1
2021101027024,2021,101027024,439181,556986,-1.390479,54.90607,10,3,2,1,09/03/2021,3,17:20,-1,E08000024,E08000024,E08000024,3,1231,3,30,9,19,4,6,0,0,0,0,1,1,1,4,0,13,1,2,2,E01008703,3,1,0,1
2021010299118,2021,010299118,530185,189241,-0.122249,51.586996,1,3,1,1,29/03/2021,2,17:38,-1,E09000014,E09000014,E09000014,3,504,6,30,3,13,3,5,0,0,9,0,1,8,1,4,0,13,1,3,2,E01002013,-1,0,0,1
2021010292940,2021,010292940,549623,174357,0.151812,51.448438,1,3,2,1,15/02/2021,2,14:35,-1,E09000004,E09000004,E09000004,3,2,3,30,0,0,-1,0,-1,0,0,0,1,1,1,4,0,13,1,3,2,E01000364,-1,0,0,1
2021010310058,2021,010310058,529069,182435,-0.140844,51.526088,1,3,1,1,28/05/2021,6,15:50,-1,E09000007,E09000007,E09000007,6,0,2,20,3,13,3,6,0,9,1,13,1,1,1,4,0,13,1,3,2,E01000945,-1,0,0,1
2021010310705,2021,010310705,532806,182491,-0.086985,51.525726,1,3,2,1,31/05/2021,2,23:00,-1,E09000019,E09000019,E09000019,3,501,1,30,1,0,2,3,501,0,0,0,4,1,1,4,2,13,1,1,2,E01002704,-1,0,0,1
2021440234640,2021,440234640,447779,128873,-1.319635,51.057212,44,3,1,1,15/06/2021,3,13:38,-1,E07000094,E10000014,E10000014,6,0,6,30,0,0,-1,0,-1,0,0,0,1,1,1,4,0,13,1,1,2,E01023266,-1,0,0,1
202131C104421,2021,31C104421,458008,340116,-1.137985,52.955312,31,3,1,1,03/07/2021,7,18:30,-1,E06000018,E06000018,E06000018,6,0,6,30,3,13,4,6,0,0,1,13,1,1,-1,4,0,13,1,2,2,E01033401,-1,0,0.07482,0.92518
2021101117442,2021,101117442,430014,581959,-1.53083,55.131104,10,1,4,6,03/12/2021,6,20:19,-1,E06000057,E06000057,E06000057,3,193,6,30,9,19,2,6,0,0,0,0,4,1,1,4,0,13,1,1,2,E01027391,1,1,0,0
202134NNC6311,2021,34NNC6311,499649,273520,-0.538411,52.350718,34,3,2,2,22/11/2021,2,08:59,-1,E06000061,E06000061,E06000061,4,663,6,40,3,13,4,6,0,0,0,0,1,1,1,4,2,13,2,1,2,E01027054,-1,0,0,1
2021141014256,2021,141014256,442527,403389,-1.359984,53.525471,14,2,2,2,14/01/2021,5,05:50,-1,E08000016,E08000016,E08000038,3,6195,6,60,0,0,-1,0,-1,0,0,0,4,2,5,4,0,13,2,2,2,E01007349,7,1,1,0
2021010325178,2021,010325178,534631,169777,-0.065533,51.411039,1,3,2,1,17/08/2021,3,18:30,-1,E09000006,E09000006,E09000006,3,214,6,30,99,-1,9,6,0,0,4,14,1,1,1,4,0,13,1,3,2,E01000743,-1,0,0,1
2021010314233,2021,010314233,525792,184025,-0.187489,51.541117,1,3,2,1,17/06/2021,5,12:50,-1,E09000007,E09000007,E09000007,6,0,6,20,0,0,-1,0,-1,0,0,0,1,1,1,4,0,13,1,1,2,E01000966,-1,0,0,1
2021010321604,2021,010321604,526618,178861,-0.177439,51.494523,1,3,2,1,29/07/2021,5,17:08,-1,E09000020,E09000020,E09000020,6,0,6,20,3,13,2,6,0,9,0,0,1,9,9,4,9,13,1,3,2,E01002820,-1,0,0,1
2021041062971,2021,041062971,354376,429580,-2.693519,53.760581,4,3,2,2,05/07/2021,2,17:46,-1,E07000123,E10000017,E10000017,6,0,6,30,6,16,4,6,0,0,0,0,1,1,1,4,0,13,1,1,2,E01033223,3,1,0,1
2021041100407,2021,041100407,367574,430369,-2.493421,53.768663,4,3,2,1,18/10/2021,2,18:20,-1,E06000008,E06000008,E06000008,3,6119,3,50,0,0,-1,0,-1,0,8,17,4,1,2,4,0,13,1,1,2,E01012633,3,1,0,1
2021161113374,2021,161113374,510075,432340,-0.331164,53.77579,16,2,2,1,23/11/2021,3,05:54,-1,E06000010,E06000010,E06000010,3,1033,3,40,0,0,-1,0,-1,0,0,0,4,1,1,4,0,13,1,1,2,E01012817,7,1,1,0
202131C074921,2021,31C074921,455767,341320,-1.171132,52.966371,31,3,1,1,29/06/2021,3,09:50,-1,E06000018,E06000018,E06000018,6,0,6,30,3,13,4,6,0,0,4,14,1,1,1,4,0,13,1,1,2,E01013811,-1,0,0.12749,0.87251
20211381C0312,2021,1381C0312,406841,434680,-1.8976,53.808382,13,3,2,1,12/01/2021,3,09:20,-1,E08000032,E08000032,E08000032,3,629,6,30,0,0,-1,0,-1,0,0,0,1,1,1,4,0,13,2,1,2,E01010594,-1,0,0.01959,0.98041
2021010298267,2021,010298267,530695,186210,-0.116017,51.55964,1,3,2,1,24/03/2021,4,16:45,-1,E09000019,E09000019,E09000019,3,503,6,20,3,13,4,6,0,0,0,0,1,1,1,4,0,13,1,1,2,E01002730,-1,0,0,1
2021010333542,2021,010333542,538919,181015,0.000496,51.510993,1,3,2,2,25/09/2021,7,11:50,-1,E09000030,E09000030,E09000030,3,1261,1,30,1,0,4,3,1020,0,8,17,1,1,1,4,0,13,1,3,2,E01032778,-1,0,0,1
2021430018361,2021,430018361,451833,189925,-1.252925,51.605787,43,3,2,1,13/01/2021,4,16:50,-1,E07000179,E10000025,E10000025,4,4493,6,30,0,0,-1,0,-1,0,0,0,4,8,2,4,0,13,1,3,2,E01028624,-1,0,0.00182,0.99818
2021547142721,2021,547142721,417689,187054,-1.746093,51.582072,54,3,1,1,23/07/2021,6,14:04,-1,E06000030,E06000030,E06000030,6,0,6,30,3,13,4,6,0,0,1,13,1,1,1,4,0,13,1,1,2,E01015553,-1,0,0.06492,0.93508
2021122101301,2021,122101301,426346,457003,-1.599501,54.008395,12,3,5,2,08/11/2021,2,11:25,-1,E07000165,E06000065,E06000065,3,59,6,60,0,0,-1,0,-1,0,0,0,1,1,1,4,0,13,2,1,2,E01027664,-1,0,0.05503,0.94497
2021201114054,2021,201114054,408908,289900,-1.870182,52.506939,20,3,2,1,28/07/2021,4,16:00,-1,E08000025,E08000025,E08000025,4,4137,6,30,1,0,4,4,4137,0,8,17,1,1,1,4,2,13,1,2,2,E01008899,3,1,0,1
2021131126274,2021,131126274,409785,423073,-1.853256,53.704013,13,3,2,1,25/12/2021,7,11:30,-1,E08000033,E08000033,E08000033,3,629,6,30,0,0,-1,0,-1,0,0,0,1,1,1,4,0,13,1,1,2,E01010971,3,1,0,1
2021010292453,2021,010292453,531468,184869,-0.105374,51.547409,1,3,2,1,12/02/2021,6,11:10,-1,E09000019,E09000019,E09000019,3,1,6,20,3,13,4,6,0,9,5,15,1,1,1,4,0,13,1,3,2,E01002740,-1,0,0,1
2021531024232,2021,531024232,391182,221728,-2.129542,51.894038,53,3,2,2,25/02/2021,5,15:45,-1,E07000078,E10000013,E10000013,6,0,1,30,1,0,4,3,40,0,0,0,1,1,1,4,0,13,1,2,2,E01022108,3,1,0,1
202163D095721,2021,63D095721,310916,291390,-3.314129,52.513106,63,3,2,1,21/11/2021,1,10:30,-1,W06000023,W06000023,W06000023,3,4811,6,30,3,13,4,6,0,0,0,0,1,1,1,4,0,13,1,1,-1,W01000480,-1,0,0.17905,0.82095
2021221040177,2021,221040177,348456,300663,-2.762473,52.601312,22,3,2,2,22/04/2021,5,20:00,-1,E06000051,E06000051,E06000051,3,49,6,60,3,13,4,6,0,0,0,0,1,1,1,4,0,13,2,3,1,E01028961,3,1,0,1
2021061109605,2021,061109605,386399,408735,-2.20687,53.575052,6,3,2,3,22/06/2021,3,10:55,-1,E08000005,E08000005,E08000005,3,6046,1,40,0,0,-1,0,-1,0,0,0,1,1,1,4,0,13,2,3,2,E01005508,3,1,0,1
2021201097532,2021,201097532,406398,286955,-1.907218,52.480498,20,3,3,2,04/07/2021,1,11:14,-1,E08000025,E08000025,E08000025,3,4400,3,30,3,13,4,6,0,0,4,14,1,2,2,4,0,13,1,2,2,E01033627,3,1,0,1
2021201099628,2021,201099628,406247,295018,-1.909292,52.552986,20,3,2,2,21/08/2021,7,15:40,-1,E08000030,E08000030,E08000030,3,4041,1,30,1,0,4,4,4154,0,4,14,1,2,2,4,0,13,1,2,2,E01010360,3,1,0,1
2021010309533,2021,010309533,519399,186365,-0.278836,51.563534,1,2,1,1,25/05/2021,3,19:19,-1,E09000005,E09000005,E09000005,3,4089,6,30,0,0,-1,0,-1,0,4,14,1,1,1,4,0,13,1,1,2,E01000482,-1,0,1,0
2021010330456,2021,010330456,524441,182357,-0.207549,51.526425,1,3,2,1,10/09/2021,6,23:30,-1,E09000033,E09000033,E09000033,3,404,6,20,3,13,4,6,0,0,0,0,4,1,1,4,2,13,1,1,2,E01004721,-1,0,0,1
2021501038280,2021,501038280,287853,72455,-3.584031,50.541065,50,3,2,1,02/04/2021,6,12:23,-1,E07000045,E10000008,E10000008,3,380,3,60,0,0,-1,0,-1,0,0,0,1,1,1,4,0,13,2,1,2,E01020252,3,1,0,1
2021461097313,2021,461097313,557979,173916,0.271767,51.442208,46,2,1,1,15/06/2021,3,00:59,-1,E07000107,E10000016,E10000016,6,0,3,40,0,0,-1,0,-1,0,0,0,7,1,1,4,0,13,2,1,2,E01024172,7,1,1,0
2021221058286,2021,221058286,389467,262214,-2.155726,52.258006,22,3,2,1,18/06/2021,6,07:20,-1,E07000238,E10000034,E10000034,4,4090,6,30,0,0,-1,0,-1,0,0,0,1,1,1,4,0,13,1,3,2,E01032366,3,1,0,1
2021622200009,2021,622200009,305770,208477,-3.366929,51.767018,62,3,2,2,31/12/2021,6,15:31,-1,W06000024,W06000024,W06000024,6,0,6,40,2,0,4,3,465,0,0,0,4,2,2,4,0,13,1,1,-1,W01001295,-1,0,0.02959,0.97041
2021161126684,2021,161126684,509983,428412,-0.333957,53.740519,16,3,2,2,28/12/2021,3,21:58,-1,E06000010,E06000010,E06000010,3,63,3,30,9,19,2,6,0,0,0,0,4,1,2,4,0,13,1,1,1,E01033104,3,1,0,1
2021070718725,2021,070718725,339744,367947,-2.903589,53.205177,7,3,2,1,16/10/2021,7,08:58,-1,E06000050,E06000050,E06000050,3,540,1,30,1,0,4,3,540,0,0,0,1,1,1,4,0,13,2,1,2,E01018310,-1,0,0.09039,0.90961
2021401066784,2021,401066784,508231,248459,-0.420474,52.123869,40,3,2,1,29/06/2021,3,21:12,-1,E06000055,E06000055,E06000055,3,421,3,70,0,0,-1,0,-1,0,0,0,1,1,1,4,2,13,2,1,1,E01017486,3,1,0,1
2021138241407,2021,138241407,432492,433750,-1.508184,53.799061,13,2,1,1,04/02/2021,5,17:53,-1,E08000035,E08000035,E08000035,3,64,3,50,0,0,-1,0,-1,0,0,0,4,2,2,4,0,13,1,1,2,E01011615,-1,0,1,0
2021010323242,2021,010323242,523341,179869,-0.224268,51.504306,1,3,2,1,07/08/2021,7,21:00,-1,E09000013,E09000013,E09000013,3,219,2,30,0,0,-1,0,-1,0,0,0,4,1,1,4,0,13,1,1,2,E01001943,-1,0,0,1
2021351046827,2021,351046827,546652,257661,0.144346,52.197695,35,2,2,1,08/05/2021,7,00:30,-1,E07000008,E10000003,E10000003,6,0,6,20,3,13,4,6,0,0,0,0,4,1,1,4,0,13,1,1,2,E01018000,7,1,1,0
2021501112586,2021,501112586,270353,127976,-3.850481,51.036471,50,3,2,1,28/10/2021,5,09:21,-1,E07000043,E10000008,E10000008,3,361,6,40,0,0,-1,0,-1,0,0,0,1,1,1,4,0,13,2,1,2,E01020136,3,1,0,1
2021041074660,2021,041074660,352827,428993,-2.716923,53.755168,4,3,2,1,04/08/2021,4,11:44,-1,E07000123,E10000017,E10000017,4,5254,3,30,0,0,-1,0,-1,0,0,0,1,1,1,4,0,13,1,2,2,E01025289,3,1,0,1
2021221059083,2021,221059083,381925,263099,-2.26627,52.265764,22,3,4,1,22/06/2021,3,17:00,-1,E07000235,E10000034,E10000034,3,4133,6,40,0,0,-1,0,-1,0,0,0,1,1,1,4,0,13,2,1,2,E01032181,3,1,0,1
2021552100386,2021,552100386,400727,92551,-1.991057,50.732565,55,2,2,1,22/02/2021,2,13:56,-1,E06000058,E06000058,E06000058,3,350,3,40,1,0,4,3,349,0,0,0,1,1,1,4,0,13,2,1,2,E01015450,-1,0,1,0
2021131101244,2021,131101244,425628,434233,-1.612351,53.803784,13,3,2,1,21/10/2021,5,11:07,-1,E08000035,E08000035,E08000035,6,0,3,40,6,16,2,3,647,0,5,15,1,1,1,4,0,13,1,1,2,E01011286,3,1,0,1
2021010328035,2021,010328035,538222,171435,-0.013285,51.425075,1,3,2,1,28/08/2021,7,23:47,-1,E09000023,E09000023,E09000023,3,2015,6,20,0,0,-1,0,-1,0,8,17,4,1,1,4,0,13,1,1,2,E01003241,-1,0,0,1
2021461038039,2021,461038039,588657,150705,0.70042,51.224356,46,3,2,2,18/04/2021,1,18:13,-1,E07000110,E10000016,E10000016,1,20,3,70,0,0,-1,0,-1,0,0,0,1,1,1,4,0,13,2,1,1,E01024362,3,1,0,1
2021471094631,2021,471094631,531949,105967,-0.127409,50.838192,47,3,2,1,30/09/2021,5,15:25,-1,E06000043,E06000043,E06000043,6,0,6,20,3,13,4,6,0,0,8,17,1,1,1,4,0,13,1,3,2,E01016904,3,1,0,1
2021010313622,2021,010313622,517527,177355,-0.308834,51.482948,1,3,2,1,14/06/2021,2,20:17,-1,E09000018,E09000018,E09000018,3,315,6,20,9,19,2,6,0,0,0,0,1,1,1,4,0,13,1,1,2,E01002684,-1,0,0,1
2021451091781,2021,451091781,499246,149625,-0.579739,51.237181,45,3,1,1,25/09/2021,7,00:45,-1,E07000209,E10000030,E10000030,6,0,6,30,3,13,4,6,0,0,0,0,4,1,1,4,0,13,1,1,2,E01030452,3,1,0,1
2021221120750,2021,221120750,391920,265363,-2.119866,52.286358,22,2,2,1,13/12/2021,2,21:30,-1,E07000238,E10000034,E10000034,1,5,3,70,0,0,-1,0,-1,0,0,0,6,1,2,4,0,13,2,2,1,E01032354,5,1,1,0
2021501121617,2021,501121617,207934,62863,-4.70591,50.43411,50,3,3,1,15/12/2021,4,17:49,-1,E06000052,E06000052,E06000052,4,3268,6,60,0,0,-1,0,-1,0,0,0,6,1,1,4,0,13,2,1,2,E01018944,3,1,0,1
2021552101254,2021,552101254,408568,96065,-1.879872,50.764103,55,3,1,1,13/06/2021,1,10:39,-1,E06000058,E06000058,E06000058,3,347,6,40,0,0,-1,0,-1,0,0,0,1,1,1,4,0,13,2,1,2,E01015332,-1,0,0.12652,0.87348
2021010340481,2021,010340481,512270,189620,-0.380601,51.594253,1,3,2,1,29/10/2021,6,13:00,-1,E09000015,E09000015,E09000015,4,463,2,30,0,0,-1,0,-1,0,0,0,1,2,2,4,0,13,1,1,2,E01002189,-1,0,0,1
2021221064316,2021,221064316,383537,252172,-2.242115,52.167576,22,2,2,1,08/07/2021,5,10:27,-1,E07000235,E10000034,E10000034,3,449,1,40,1,0,4,3,4440,0,0,0,1,1,1,4,0,13,2,1,2,E01032207,7,1,1,0
2021501074228,2021,501074228,166686,41440,-5.272564,50.226818,50,3,2,1,28/07/2021,4,13:53,-1,E06000052,E06000052,E06000052,6,0,6,30,9,19,4,6,0,0,0,0,1,1,1,4,0,13,1,1,2,E01018897,3,1,0,1
2021201080951,2021,201080951,407644,286437,-1.888883,52.475825,20,3,3,1,10/07/2021,7,17:45,-1,E08000025,E08000025,E08000025,4,4100,3,30,0,0,-1,0,-1,0,4,14,1,1,1,4,0,13,1,2,2,E01009200,3,1,0,1
2021131040995,2021,131040995,430633,432646,-1.536517,53.789251,13,2,2,1,30/04/2021,6,17:05,-1,E08000035,E08000035,E08000035,3,61,6,30,3,13,2,3,61,0,0,0,1,1,1,4,0,13,1,1,2,E01033018,7,1,1,0
2021010294485,2021,010294485,524104,175482,-0.214821,51.464712,1,2,1,1,26/02/2021,6,22:15,-1,E09000032,E09000032,E09000032,3,219,6,30,9,19,2,3,219,0,5,15,7,9,1,4,0,13,1,3,2,E01004609,-1,0,1,0
2021010320998,2021,010320998,525469,181832,-0.192925,51.52148,1,3,2,1,26/07/2021,2,16:23,-1,E09000033,E09000033,E09000033,3,404,6,20,3,13,4,6,0,0,4,14,1,1,1,4,0,13,1,1,2,E01032512,-1,0,0,1
2021461022183,2021,461022183,565142,159281,0.367945,51.308686,46,3,2,1,11/02/2021,5,15:16,-1,E07000115,E10000016,E10000016,1,20,3,70,0,0,-1,0,-1,0,0,0,1,1,4,4,0,13,2,1,1,E01032620,3,1,0,1
2021471032105,2021,471032105,488274,105068,-0.747706,50.838409,47,3,2,1,30/03/2021,3,19:35,-1,E07000225,E10000032,E10000032,4,2144,6,30,0,0,-1,0,-1,0,0,0,1,1,1,4,0,13,2,2,2,E01031513,3,1,0,1
2021010343957,2021,010343957,552196,183994,0.192964,51.534342,1,3,2,1,15/11/2021,2,10:00,-1,E09000016,E09000016,E09000016,5,0,6,30,3,13,3,6,0,0,0,0,1,1,1,4,0,13,1,1,2,E01002372,-1,0,0,1
2021010338818,2021,010338818,529573,180892,-0.13415,51.512106,1,3,1,1,21/10/2021,5,11:53,-1,E09000033,E09000033,E09000033,5,0,2,20,0,0,-1,0,-1,0,0,0,1,4,1,4,0,13,1,1,2,E01033596,-1,0,0,1
2021351102634,2021,351102634,548583,268050,0.177141,52.290513,35,3,2,2,13/10/2021,4,14:20,-1,E07000012,E10000003,E10000003,3,10,6,60,9,19,4,3,10,0,0,0,1,1,1,4,0,13,2,1,2,E01018300,3,1,0,1
2021041091768,2021,041091768,354090,426146,-2.697345,53.729694,4,3,2,1,17/09/2021,6,12:32,-1,E07000126,E10000017,E10000017,4,5254,6,30,0,0,-1,0,-1,0,0,0,1,1,1,4,0,13,1,2,2,E01025412,3,1,0,1
2021451034350,2021,451034350,500488,158453,-0.559476,51.316321,45,3,1,2,10/04/2021,7,17:34,-1,E07000217,E10000030,E10000030,3,320,6,30,0,0,-1,0,-1,0,1,13,1,1,1,4,0,13,1,1,2,E01030993,3,1,0,1
2021501078816,2021,501078816,288703,61583,-3.568801,50.443491,50,3,2,1,18/06/2021,6,15:10,-1,E06000027,E06000027,E06000027,6,0,6,20,0,0,-1,0,-1,0,0,0,1,1,1,4,0,13,1,1,2,E01015229,3,1,0,1
2021546946921,2021,546946921,379587,132445,-2.292844,51.090943,54,3,1,1,18/07/2021,1,18:36,-1,E06000054,E06000054,E06000054,3,303,3,70,0,0,-1,0,-1,0,0,0,1,1,1,4,2,13,2,1,1,E01032035,-1,0,0.07081,0.92919
2021430328362,2021,430328362,501997,187129,-0.529575,51.573814,43,3,2,1,23/07/2021,6,15:20,-1,E06000060,E06000060,E06000060,3,40,6,30,3,13,4,6,0,0,0,0,1,1,1,4,0,13,2,1,2,E01017818,-1,0,0.01337,0.98663
2021052101995,2021,052101995,334592,390557,-2.985378,53.407773,5,3,2,1,18/09/2021,7,20:15,-1,E08000012,E08000012,E08000012,6,0,2,30,3,13,4,6,0,0,0,0,4,1,1,4,0,13,1,1,2,E01033760,-1,0,0.0971,0.9029
2021010304894,2021,010304894,530996,165604,-0.119308,51.374388,1,3,2,1,01/05/2021,7,11:35,-1,E09000008,E09000008,E09000008,6,0,6,30,6,16,2,3,23,9,5,15,1,1,1,4,0,13,1,3,2,E01001014,-1,0,0,1
2021010304198,2021,010304198,528842,180418,-0.144851,51.508014,1,2,1,1,28/04/2021,4,09:20,-1,E09000033,E09000033,E09000033,6,0,2,20,9,19,4,6,0,0,0,0,1,1,1,4,2,13,1,1,2,E01004761,-1,0,1,0
2021302101708,2021,302101708,443158,346612,-1.358147,53.015098,30,3,1,1,29/10/2021,6,13:39,-1,E07000032,E10000007,E10000007,3,6007,1,30,1,0,4,3,6007,0,4,14,1,1,2,4,0,13,1,1,2,E01019441,-1,0,0.03709,0.96291
2021332100023,2021,332100023,451990,295285,-1.234641,52.552952,33,3,3,1,12/01/2021,3,11:30,-1,E07000131,E10000018,E10000018,4,4114,6,50,0,0,-1,0,-1,0,0,0,1,1,2,4,0,13,2,1,2,E01025776,-1,0,0.00927,0.99073
2021351094954,2021,351094954,519635,301316,-0.235161,52.596497,35,3,1,1,06/09/2021,2,17:09,-1,E06000031,E06000031,E06000031,6,0,6,30,3,13,4,6,0,0,0,0,1,1,1,4,0,13,1,1,2,E01015608,3,1,0,1
2021421093663,2021,421093663,584365,185686,0.657166,51.539962,42,3,2,1,29/09/2021,4,07:20,-1,E06000033,E06000033,E06000033,6,0,6,30,0,0,-1,0,-1,0,0,0,1,8,1,4,0,13,1,3,2,E01015847,3,1,0,1
2021141013098,2021,141013098,457161,402439,-1.139439,53.515549,14,3,1,2,10/01/2021,1,16:05,-1,E08000017,E08000017,E08000017,3,630,7,40,5,0,4,3,630,0,4,14,4,1,2,4,0,13,1,1,2,E01007532,3,1,0,1
2021010314119,2021,010314119,517521,177360,-0.308919,51.482994,1,3,2,3,16/06/2021,4,15:10,-1,E09000018,E09000018,E09000018,3,315,6,30,7,17,2,6,0,0,0,0,1,1,1,4,2,13,1,1,2,E01002684,-1,0,0,1
2021010330429,2021,010330429,536284,176232,-0.039297,51.468652,1,2,2,1,10/09/2021,6,18:50,-1,E09000023,E09000023,E09000023,6,0,6,30,3,13,4,6,0,0,0,0,1,2,2,4,0,13,1,1,2,E01003344,-1,0,1,0
2021302100283,2021,302100283,403704,395298,-1.945686,53.454442,30,3,2,2,10/03/2021,4,10:20,-1,E07000037,E10000007,E10000007,4,6105,6,40,3,13,4,6,0,0,0,0,1,1,2,4,0,13,2,1,2,E01019727,-1,0,0.03094,0.96906
2021501048748,2021,501048748,287409,71518,-3.590012,50.532557,50,3,2,2,02/04/2021,6,11:48,-1,E07000045,E10000008,E10000008,3,380,3,30,0,0,-1,0,-1,0,0,0,1,1,1,4,0,13,2,1,2,E01020217,3,1,0,1
2021471024044,2021,471024044,503040,103925,-0.538387,50.825696,47,2,2,1,25/02/2021,5,16:25,-1,E07000224,E10000032,E10000032,6,0,6,30,3,13,4,6,0,0,0,0,1,1,1,4,0,13,1,1,2,E01031467,7,1,1,0
2021991074264,2021,991074264,260159,666102,-4.236275,55.867734,99,3,3,1,05/08/2021,5,09:09,-1,S12000049,S12000049,S12000049,1,8,3,50,0,0,-1,0,-1,0,0,0,1,1,1,4,0,13,1,1,-1,-1,3,1,0,1
2021610018821,2021,610018821,311807,205767,-3.278781,51.743642,61,3,2,3,27/05/2021,5,07:29,-1,W06000018,W06000018,W06000018,3,469,6,40,0,0,-1,0,-1,0,0,0,1,1,1,4,0,13,2,1,-1,W01001406,-1,0,0.13415,0.86585
2021111112314,2021,111112314,426750,536998,-1.58618,54.727273,11,2,3,2,19/11/2021,6,23:24,-1,E06000047,E06000047,E06000047,4,6288,7,60,0,0,-1,0,-1,0,0,0,4,1,2,4,0,13,2,1,2,E01020696,7,1,1,0
2021221091303,2021,221091303,378074,296515,-2.324901,52.566031,22,2,3,1,16/09/2021,5,07:45,-1,E06000051,E06000051,E06000051,4,4176,6,60,0,0,-1,0,-1,0,0,0,1,1,1,4,0,13,2,3,2,E01028859,7,1,1,0
2021501095754,2021,501095754,185740,60112,-5.016425,50.401723,50,3,2,3,08/09/2021,4,17:22,-1,E06000052,E06000052,E06000052,3,392,6,60,0,0,-1,0,-1,0,0,0,1,1,2,4,0,13,2,1,2,E01019050,3,1,0,1
202131D197921,2021,31D197921,456693,354845,-1.154975,53.087837,31,3,1,2,14/12/2021,3,08:13,-1,E07000173,E10000024,E10000024,6,0,6,30,0,0,-1,0,-1,0,0,0,1,1,1,4,2,13,2,1,2,E01028199,-1,0,0.11131,0.88869
2021371051875,2021,371051875,563484,265902,0.394382,52.266992,37,2,2,1,17/04/2021,7,17:35,-1,E07000245,E10000029,E10000029,3,142,7,40,5,0,4,3,14,0,0,0,1,1,1,4,0,13,2,1,2,E01029956,7,1,1,0
2021991052779,2021,991052779,368552,756022,-2.515091,56.694846,99,3,1,1,06/06/2021,1,18:55,-1,S12000041,S12000041,S12000041,3,934,6,60,9,19,4,6,0,0,0,0,1,1,1,4,0,13,2,1,-1,-1,3,1,0,1
2021430495981,2021,430495981,496123,179225,-0.616467,51.503797,43,3,2,2,02/11/2021,3,18:10,-1,E06000039,E06000039,E06000039,1,4,1,40,1,0,2,3,355,0,0,0,4,1,1,4,0,13,2,3,2,E01016475,-1,0,0.00312,0.99688
2021547426821,2021,547426821,390486,172869,-2.13831,51.454719,54,3,2,1,30/07/2021,6,20:10,-1,E06000054,E06000054,E06000054,4,4528,6,30,3,13,4,6,0,0,0,0,1,1,1,4,0,13,1,1,2,E01031928,-1,0,0.01303,0.98697
2021061067197,2021,061067197,380389,404565,-2.297367,53.53738,6,3,3,1,17/07/2021,7,00:41,-1,E08000002,E08000002,E08000002,1,60,3,70,0,0,-1,0,-1,0,0,0,4,1,1,4,0,13,2,1,1,E01004983,3,1,0,1
2021101031115,2021,101031115,434024,560936,-1.470437,54.941941,10,3,2,1,26/03/2021,6,08:44,-1,E08000023,E08000023,E08000023,3,184,6,30,0,0,-1,0,-1,0,0,0,1,1,1,4,0,13,2,2,2,E01008615,3,1,0,1
2021545352421,2021,545352421,424388,179760,-1.649917,51.516241,54,3,2,1,04/06/2021,6,22:39,-1,E06000030,E06000030,E06000030,1,4,3,70,0,0,-1,0,-1,0,0,0,6,1,1,4,0,13,2,1,1,E01015547,-1,0,0.04372,0.95628
2021421045097,2021,421045097,565303,181312,0.380514,51.506565,42,2,3,2,13/05/2021,5,22:01,-1,E06000034,E06000034,E06000034,3,13,3,70,0,0,-1,0,-1,0,0,0,6,1,1,4,0,13,2,1,2,E01015979,5,1,1,0
2021010319463,2021,010319463,524212,189140,-0.208454,51.587436,1,2,2,2,16/07/2021,6,21:51,-1,E09000003,E09000003,E09000003,3,406,3,40,0,0,-1,0,-1,0,0,0,4,1,1,4,0,13,1,1,2,E01000225,-1,0,1,0
2021010330243,2021,010330243,532253,190519,-0.091935,51.597999,1,3,2,2,09/09/2021,5,22:25,-1,E09000014,E09000014,E09000014,3,109,6,20,7,17,2,4,155,2,4,12,4,1,1,4,0,13,1,1,2,E01002088,-1,0,0,1
2021010302856,2021,010302856,515353,190010,-0.335984,51.597135,1,3,2,1,21/04/2021,4,14:23,-1,E09000015,E09000015,E09000015,3,409,6,30,3,13,4,6,0,0,8,17,1,1,1,4,0,13,1,1,2,E01002233,-1,0,0,1
2021010318086,2021,010318086,530826,186194,-0.114135,51.559466,1,3,1,1,11/06/2021,6,12:52,-1,E09000019,E09000019,E09000019,3,103,6,30,3,13,4,6,0,9,9,99,1,9,9,4,9,13,1,3,2,E01002730,-1,0,0,1
2021440500427,2021,440500427,473403,121538,-0.955553,50.988566,44,2,1,1,14/12/2021,3,13:59,-1,E07000085,E10000014,E10000014,4,2070,6,60,9,19,2,4,2070,0,0,0,1,1,2,4,0,13,2,1,2,E01022592,-1,0,0.90332,0.09668
2021010312424,2021,010312424,509277,178706,-0.427178,51.496744,1,2,2,1,04/06/2021,6,06:00,-1,E09000017,E09000017,E09000017,3,437,3,40,3,13,2,4,464,9,5,15,1,1,1,4,0,13,1,3,2,E01002489,-1,0,1,0
2021501064675,2021,501064675,262050,130512,-3.969799,51.057328,50,3,2,2,15/04/2021,5,09:55,-1,E07000043,E10000008,E10000008,3,361,6,60,0,0,-1,0,-1,0,0,0,1,1,1,4,0,13,2,1,2,E01020120,3,1,0,1
2021401073931,2021,401073931,504995,222759,-0.475589,51.893511,40,3,3,1,01/08/2021,1,07:25,-1,E06000032,E06000032,E06000032,6,0,6,30,0,0,-1,0,-1,0,4,14,1,1,1,4,0,13,1,1,2,E01015762,3,1,0,1
2021471111303,2021,471111303,533213,109099,-0.108329,50.866052,47,3,4,1,16/11/2021,3,21:14,-1,E06000043,E06000043,E06000043,3,27,3,70,0,0,-1,0,-1,0,0,0,6,1,1,4,0,13,2,1,1,E01016899,3,1,0,1
2021471043476,2021,471043476,557186,104787,0.230234,50.821291,47,3,2,1,10/05/2021,2,08:15,-1,E07000065,E10000011,E10000011,3,27,6,60,0,0,-1,0,-1,0,0,0,1,1,1,4,0,13,2,1,1,E01021216,3,1,0,1
2021461073557,2021,461073557,599881,141530,0.855852,51.138141,46,3,2,1,31/07/2021,7,20:02,-1,E07000105,E10000016,E10000016,4,2229,6,30,3,13,2,6,0,0,0,0,1,1,2,4,2,13,1,3,2,E01023975,3,1,0,1
2021041047963,2021,041047963,366262,433020,-2.513616,53.792405,4,2,2,1,22/05/2021,7,14:09,-1,E07000124,E10000017,E10000017,3,59,6,60,6,16,4,6,0,0,0,0,1,1,1,4,0,13,2,1,2,E01025323,5,1,1,0
2021231116465,2021,231116465,439922,283406,-1.414038,52.447182,23,3,3,1,26/11/2021,6,10:46,-1,E07000220,E10000031,E10000031,4,4065,6,30,0,0,-1,0,-1,0,0,0,1,2,2,4,0,13,2,1,2,E01031159,3,1,0,1
2021440167003,2021,440167003,460205,92112,-1.148402,50.725508,44,2,2,3,01/05/2021,7,21:55,-1,E06000046,E06000046,E06000046,3,3055,6,30,0,0,-1,0,-1,0,0,0,4,1,2,4,2,13,2,1,2,E01017346,-1,0,0.89883,0.10117
202106E079320,2021,06E079320,388260,394370,-2.178222,53.44598,6,3,2,1,20/01/2021,4,09:25,-1,E08000003,E08000003,E08000003,6,0,6,30,0,0,-1,0,-1,0,0,0,1,1,2,4,0,13,1,2,2,E01005200,-1,0,0.01696,0.98304
2021131041461,2021,131041461,415583,434098,-1.764879,53.802965,13,2,2,1,03/05/2021,2,16:00,-1,E08000032,E08000032,E08000032,6,0,6,30,2,0,4,6,0,0,1,13,1,2,2,4,2,13,1,1,2,E01010842,7,1,1,0
2021010308151,2021,010308151,552180,188299,0.194593,51.573026,1,3,2,1,19/05/2021,4,06:30,-1,E09000016,E09000016,E09000016,5,0,6,30,3,13,4,6,0,0,0,0,1,2,1,4,0,13,1,1,2,E01002352,-1,0,0,1
2021010338634,2021,010338634,524317,181300,-0.209708,51.516953,1,3,1,1,01/10/2021,6,20:11,-1,E09000020,E09000020,E09000020,5,0,3,20,99,-1,2,5,0,0,0,0,5,5,2,4,2,13,1,3,2,E01002831,-1,0,0,1
2021531084944,2021,531084944,388887,227015,-2.163065,51.941532,53,3,2,1,07/09/2021,3,09:55,-1,E07000083,E10000013,E10000013,3,4019,6,40,0,0,-1,0,-1,0,0,0,1,1,1,4,0,13,2,1,2,E01022442,3,1,0,1
2021451095256,2021,451095256,501163,158912,-0.549663,51.320328,45,3,2,1,05/10/2021,3,14:45,-1,E07000217,E10000030,E10000030,6,0,6,30,0,0,-1,0,-1,0,0,0,1,1,1,4,0,13,1,1,2,E01030988,3,1,0,1
2021231111140,2021,231111140,438596,278702,-1.434088,52.40499,23,3,2,2,12/11/2021,6,11:00,-1,E07000220,E10000031,E10000031,3,46,3,70,0,0,-1,0,-1,0,0,0,1,1,1,4,0,13,2,1,1,E01031151,3,1,0,1
2021010310481,2021,010310481,542238,184766,0.049804,51.543873,1,3,2,1,30/05/2021,1,13:20,-1,E09000025,E09000025,E09000025,6,0,2,30,3,13,4,3,117,9,1,13,1,1,1,4,9,13,1,3,2,E01003589,-1,0,0,1
2021440091349,2021,440091349,464809,153330,-1.072266,51.27544,44,3,2,1,10/03/2021,4,12:20,-1,E07000084,E10000014,E10000014,3,339,7,70,5,0,4,3,339,0,0,0,1,2,2,4,0,13,1,1,2,E01022523,-1,0,0,1
2021610001421,2021,610001421,323513,190970,-3.106022,51.612346,61,3,2,1,23/01/2021,7,14:13,-1,W06000018,W06000018,W06000018,3,467,3,70,0,0,-1,0,-1,0,0,0,1,1,2,4,2,13,2,1,-1,W01001411,-1,0,0.01543,0.98457
2021041067364,2021,041067364,370209,426110,-2.453034,53.730543,4,3,2,1,17/07/2021,7,17:56,-1,E06000008,E06000008,E06000008,3,6077,6,30,0,0,-1,0,-1,0,8,17,1,1,1,4,0,13,1,1,2,E01012632,3,1,0,1
2021302101030,2021,302101030,438635,333271,-1.427147,52.895522,30,3,1,1,12/07/2021,2,00:12,-1,E06000015,E06000015,E06000015,5,0,6,30,0,0,-1,0,-1,0,4,14,4,1,1,4,0,13,1,1,2,E01013473,-1,0,0.07507,0.92493
202134NNC2181,2021,34NNC2181,496412,278121,-0.584597,52.392647,34,3,2,1,12/05/2021,4,23:45,-1,E06000061,E06000061,E06000061,3,14,3,70,0,0,-1,0,-1,0,0,0,4,1,1,4,0,13,2,1,1,E01027032,-1,0,0,1
2021010291303,2021,010291303,512644,179949,-0.378298,51.507255,1,3,2,2,29/01/2021,6,18:32,-1,E09000009,E09000009,E09000009,3,3005,2,20,6,16,2,6,0,9,5,15,4,5,9,4,0,13,1,3,2,E01001361,-1,0,0,1
2021010301375,2021,010301375,541152,177585,0.03128,51.479618,1,3,3,1,13/04/2021,3,11:40,-1,E09000011,E09000011,E09000011,4,210,6,20,8,18,4,6,0,0,0,0,1,1,1,4,0,13,1,1,2,E01001595,-1,0,0,1
2021531054703,2021,531054703,380002,213595,-2.291536,51.820624,53,2,1,1,10/06/2021,5,08:30,-1,E07000082,E10000013,E10000013,6,0,6,30,0,0,-1,0,-1,0,0,0,1,1,1,4,0,13,1,3,2,E01022379,7,1,1,0
202131D124621,2021,31D124621,464831,338755,-1.03671,52.9423,31,3,4,1,23/06/2021,4,08:41,-1,E07000176,E10000024,E10000024,3,52,6,40,0,0,-1,0,-1,0,0,0,1,1,1,4,0,13,2,1,1,E01028393,-1,0,0.04149,0.95851
2021371080587,2021,371080587,617090,244712,1.165274,52.05825,37,3,2,2,08/07/2021,5,14:48,-1,E07000202,E10000029,E10000029,3,1071,6,30,0,0,-1,0,-1,0,5,15,1,1,1,4,0,13,1,1,2,E01029962,3,1,0,1
2021451077570,2021,451077570,507961,170470,-0.44864,51.422968,45,3,3,1,16/08/2021,2,23:05,-1,E07000213,E10000030,E10000030,6,0,6,40,6,16,2,3,308,0,5,15,4,8,1,4,0,13,1,1,2,E01030725,3,1,0,1
2021351104637,2021,351104637,518856,303141,-0.246001,52.613067,35,3,3,1,30/10/2021,7,11:45,-1,E06000031,E06000031,E06000031,3,15,3,40,0,0,-1,0,-1,0,0,0,1,1,2,4,0,13,2,3,2,E01015659,3,1,0,1
2021430309657,2021,430309657,481763,172390,-0.82489,51.44461,43,3,2,1,13/07/2021,3,06:18,-1,E06000041,E06000041,E06000041,1,4,3,50,0,0,-1,0,-1,0,0,0,1,1,2,4,0,13,2,1,1,E01016656,-1,0,0.03015,0.96985
202134WNC1621,2021,34WNC1621,479064,260951,-0.8435,52.241092,34,3,3,2,12/03/2021,6,13:50,-1,E06000062,E06000062,E06000062,3,45,3,70,0,0,-1,0,-1,0,0,0,1,1,1,4,0,13,2,1,1,E01027255,-1,0,0,1
2021010300008,2021,010300008,533996,184975,-0.068897,51.547767,1,3,2,1,03/04/2021,7,19:08,-1,E09000012,E09000012,E09000012,3,104,6,20,3,13,2,3,104,0,9,0,1,1,1,4,0,13,1,3,2,E01001761,-1,0,0,1
2021501112568,2021,501112568,262445,130370,-3.964113,51.056146,50,3,2,2,31/10/2021,1,21:20,-1,E07000043,E10000008,E10000008,3,361,6,40,0,0,-1,0,-1,0,0,0,6,2,2,4,0,13,2,1,2,E01020120,3,1,0,1
2021471096076,2021,471096076,580210,110144,0.559415,50.862715,47,3,2,1,07/10/2021,5,14:55,-1,E07000062,E10000011,E10000011,3,21,6,30,3,13,4,6,0,0,1,13,1,1,1,4,0,13,1,2,2,E01020990,3,1,0,1
2021371144121,2021,371144121,616462,244075,1.155725,52.052777,37,3,1,1,04/12/2021,7,17:35,-1,E07000202,E10000029,E10000029,3,1022,6,30,0,0,-1,0,-1,0,4,14,4,2,2,4,0,13,1,2,2,E01033124,3,1,0,1
2021451048000,2021,451048000,507942,170494,-0.448906,51.423187,45,3,2,2,23/05/2021,1,00:52,-1,E07000213,E10000030,E10000030,3,308,3,50,6,16,2,6,0,0,0,0,4,1,1,4,0,13,1,1,2,E01030698,3,1,0,1
2021543240521,2021,543240521,414450,182325,-1.793033,51.539644,54,3,1,1,08/04/2021,5,05:41,-1,E06000030,E06000030,E06000030,1,4,3,70,0,0,-1,0,-1,0,0,0,6,1,1,4,0,13,2,1,1,E01015585,-1,0,0.07306,0.92694
2021430466648,2021,430466648,446564,165895,-1.332165,51.390192,43,3,2,1,15/10/2021,6,15:00,-1,E06000037,E06000037,E06000037,3,343,6,30,3,13,4,6,0,0,0,0,1,1,1,4,0,13,1,3,2,E01016322,-1,0,0.00118,0.99882
2021430317716,2021,430317716,500065,188279,-0.557117,51.584497,43,3,3,1,14/07/2021,4,09:40,-1,E06000060,E06000060,E06000060,4,416,6,40,0,0,-1,0,-1,0,0,0,1,1,1,4,0,13,1,3,2,E01017820,-1,0,0.00277,0.99723
2021201106414,2021,201106414,396557,301258,-2.052272,52.609106,20,3,2,1,15/07/2021,5,16:30,-1,E08000031,E08000031,E08000031,3,4124,6,30,3,13,4,6,0,0,0,0,1,1,1,4,0,13,1,1,2,E01010554,3,1,0,1
2021131048943,2021,131048943,426283,428040,-1.602932,53.74809,13,3,1,1,23/05/2021,1,16:00,-1,E08000035,E08000035,E08000035,6,0,6,20,3,13,4,4,6127,0,0,0,6,1,1,4,0,13,1,2,2,E01011533,3,1,0,1
2021461092847,2021,461092847,564689,173925,0.368235,51.44038,46,2,1,1,15/09/2021,4,09:30,-1,E07000109,E10000016,E10000016,3,226,6,30,3,13,4,6,0,0,0,0,1,1,1,4,0,13,1,3,2,E01032799,7,1,1,0
2021041116365,2021,041116365,335769,440544,-2.978008,53.857144,4,3,2,1,01/12/2021,4,19:32,-1,E07000119,E10000017,E10000017,3,585,6,30,0,0,-1,0,-1,0,5,15,6,1,1,4,0,13,1,1,1,E01025026,3,1,0,1
2021451052026,2021,451052026,503333,167158,-0.516143,51.394059,45,3,2,1,03/06/2021,5,22:48,-1,E07000212,E10000030,E10000030,3,320,1,30,1,0,2,6,0,0,0,0,4,1,1,4,0,13,2,1,2,E01030656,3,1,0,1
2021221117601,2021,221117601,350510,230530,-2.721827,51.971034,22,3,2,4,05/12/2021,1,00:50,-1,E06000019,E06000019,E06000019,3,49,6,40,9,19,4,6,0,0,0,0,6,1,2,4,0,13,2,1,1,E01014060,3,1,0,1
2021430341789,2021,430341789,483265,173409,-0.803043,51.453552,43,3,2,1,31/07/2021,7,18:07,-1,E06000040,E06000040,E06000040,1,4,6,60,0,0,-1,0,-1,0,0,0,1,2,2,4,0,13,2,1,1,E01016581,-1,0,0.03309,0.96691
2021070345419,2021,070345419,343467,374638,-2.849044,53.265724,7,2,3,1,28/05/2021,6,18:30,-1,E06000050,E06000050,E06000050,3,5117,6,30,0,0,-1,0,-1,0,0,0,1,1,1,4,1,13,2,1,2,E01018337,-1,0,1,0
2021131116429,2021,131116429,416876,429818,-1.745479,53.764457,13,3,3,1,26/10/2021,3,22:12,-1,E08000032,E08000032,E08000032,1,606,3,70,0,0,-1,0,-1,0,0,0,4,1,1,4,0,13,1,1,1,E01010818,3,1,0,1
2021131044836,2021,131044836,448189,423146,-1.271536,53.702549,13,3,2,3,12/05/2021,4,14:25,-1,E08000036,E08000036,E08000036,3,645,6,40,6,16,4,3,162,0,0,0,1,1,1,4,0,13,2,1,2,E01011806,3,1,0,1
2021451018137,2021,451018137,490926,163071,-0.695463,51.359442,45,1,1,1,30/01/2021,7,08:52,-1,E07000214,E10000030,E10000030,3,30,6,40,0,0,-1,0,-1,0,8,17,1,2,2,4,0,13,2,1,2,E01030760,1,1,0,0
202163C031721,2021,63C031721,198445,200779,-4.916182,51.669547,63,3,2,2,26/05/2021,4,12:00,-1,W06000009,W06000009,W06000009,4,4319,6,50,0,0,-1,0,-1,0,0,0,1,1,1,4,0,13,2,2,-1,W01000609,-1,0,0.04439,0.95561
2021201147327,2021,201147327,405912,292657,-1.914274,52.531765,20,3,3,1,24/11/2021,4,08:38,-1,E08000025,E08000025,E08000025,3,34,3,30,0,0,-1,0,-1,0,0,0,1,1,1,4,0,13,1,2,2,E01009238,3,1,0,1
2021010291448,2021,010291448,534058,176695,-0.07115,51.473344,1,3,1,1,04/02/2021,5,11:05,-1,E09000028,E09000028,E09000028,3,202,6,20,3,13,2,6,0,0,4,14,1,1,1,4,0,13,1,1,2,E01004067,-1,0,0,1
2021201064591,2021,201064591,433173,278619,-1.513806,52.404597,20,3,2,2,28/02/2021,1,21:37,-1,E08000026,E08000026,E08000026,4,4544,1,30,2,0,4,6,0,0,4,14,4,1,1,4,0,13,1,1,2,E01009642,3,1,0,1
2021010297865,2021,010297865,529015,175982,-0.143979,51.468108,1,3,2,1,16/03/2021,3,08:34,-1,E09000022,E09000022,E09000022,3,3036,2,30,6,16,2,4,224,9,9,99,1,1,1,4,0,13,1,3,2,E01003038,-1,0,0,1
2021501107772,2021,501107772,259287,95429,-3.99567,50.741366,50,3,1,1,16/10/2021,7,18:30,-1,E07000047,E10000008,E10000008,4,3215,1,30,1,0,4,6,0,0,0,0,5,1,1,4,0,13,2,1,2,E01020327,3,1,0,1
2021411067947,2021,411067947,537873,208998,-0.003555,51.762703,41,3,2,1,10/07/2021,7,20:47,-1,E07000095,E10000015,E10000015,6,0,6,30,0,0,-1,0,-1,0,0,0,1,1,1,4,2,13,1,1,2,E01023331,3,1,0,1
2021041019568,2021,041019568,389156,420301,-2.165643,53.679073,4,3,2,1,05/02/2021,6,13:30,-1,E07000125,E10000017,E10000017,3,671,6,30,9,19,4,6,0,0,0,0,1,1,1,4,2,13,1,1,2,E01025360,3,1,0,1
2021451074635,2021,451074635,488571,148242,-0.732952,51.226505,45,3,2,1,06/08/2021,6,10:20,-1,E07000209,E10000030,E10000030,6,0,1,30,6,16,2,6,0,0,5,15,1,1,1,4,0,13,2,1,2,E01030423,3,1,0,1
2021991088946,2021,991088946,251828,660784,-4.366379,55.817504,99,1,2,1,17/09/2021,6,23:34,-1,S12000049,S12000049,S12000049,3,726,3,40,0,0,-1,0,-1,0,0,0,4,1,2,4,0,13,1,1,-1,-1,1,1,0,0
2021070342337,2021,070342337,343607,374661,-2.846949,53.265946,7,2,2,1,27/05/2021,5,16:46,-1,E06000050,E06000050,E06000050,3,5117,6,60,0,0,-1,0,-1,0,0,0,1,1,1,4,0,13,1,1,2,E01018337,-1,0,1,0
2021122101341,2021,122101341,484681,481472,-0.702735,54.221998,12,3,1,1,22/10/2021,6,19:00,-1,E07000167,E06000065,E06000065,6,0,6,60,0,0,-1,0,-1,0,0,0,6,1,1,4,0,13,2,2,2,E01027801,-1,0,0.08451,0.91549
2021131041220,2021,131041220,429137,433085,-1.559182,53.793283,13,3,2,2,01/05/2021,7,22:49,-1,E08000035,E08000035,E08000035,6,0,6,30,3,13,4,6,0,0,5,15,4,1,2,4,0,13,1,1,2,E01033013,3,1,0,1
2021010308556,2021,010308556,534080,178376,-0.070195,51.488446,1,3,2,1,20/05/2021,5,19:30,-1,E09000028,E09000028,E09000028,4,204,6,20,9,19,2,6,0,9,9,99,1,1,1,4,0,13,1,3,2,E01004041,-1,0,0,1
2021411110459,2021,411110459,523563,231023,-0.202925,51.963971,41,3,2,1,08/11/2021,2,21:16,-1,E07000099,E10000015,E10000015,2,1,3,70,0,0,-1,0,-1,0,0,0,6,1,2,4,0,13,2,1,1,E01023639,3,1,0,1
2021991061063,2021,991061063,289124,683052,-3.780667,56.027491,99,2,2,1,29/06/2021,3,13:17,-1,S12000014,S12000014,S12000014,6,0,6,30,0,0,-1,0,-1,0,0,0,1,1,1,4,0,13,1,1,-1,-1,6,1,1,0
2021401024238,2021,401024238,502584,223160,-0.510494,51.897563,40,3,2,1,24/02/2021,4,09:14,-1,E06000056,E06000056,E06000056,3,5505,3,30,1,0,4,6,0,0,0,0,1,1,1,4,0,13,1,1,2,E01017581,3,1,0,1
2021302101049,2021,302101049,443573,375596,-1.348031,53.275583,30,3,1,1,19/07/2021,2,10:35,-1,E07000034,E10000007,E10000007,4,6053,6,60,0,0,-1,0,-1,0,0,0,1,1,1,4,0,13,2,1,2,E01019565,-1,0,0.04852,0.95148
2021451032685,2021,451032685,504416,171949,-0.499171,51.436926,45,3,2,2,03/04/2021,7,08:57,-1,E07000213,E10000030,E10000030,3,30,3,30,6,16,2,3,308,0,7,16,1,1,1,4,0,13,1,1,1,E01030734,3,1,0,1
2021430213016,2021,430213016,501728,178138,-0.536051,51.493046,43,3,3,4,17/05/2021,2,19:45,-1,E06000039,E06000039,E06000039,1,4,3,50,5,0,4,1,4,0,0,0,1,1,2,4,0,13,1,1,1,E01016479,-1,0,0.05442,0.94558
2021010289542,2021,010289542,536449,178248,-0.036145,51.486729,1,3,2,1,20/01/2021,4,18:07,-1,E09000023,E09000023,E09000023,3,200,6,20,3,13,4,3,200,0,0,0,4,2,2,4,2,13,1,1,2,E01003248,-1,0,0,1
2021320208188,2021,320208188,509234,307799,-0.38651,52.656942,32,3,2,2,15/04/2021,5,16:00,-1,E07000141,E10000019,E10000019,5,0,6,20,0,0,-1,0,-1,0,0,0,1,1,1,4,0,13,2,2,2,E01026363,-1,0,0.00782,0.99218
202131A006321,2021,31A006321,451565,351625,-1.232048,53.059413,31,3,1,1,15/01/2021,6,05:49,-1,E07000170,E10000024,E10000024,3,611,3,60,0,0,-1,0,-1,0,0,0,6,3,3,4,0,13,2,1,2,E01027995,-1,0,0.10082,0.89918
2021545027421,2021,545027421,419319,182153,-1.722837,51.537952,54,3,4,2,26/05/2021,4,15:49,-1,E06000030,E06000030,E06000030,3,419,3,70,0,0,-1,0,-1,0,0,0,1,9,1,4,0,13,2,1,1,E01015547,-1,0,0.03562,0.96438
202134WNC2081,2021,34WNC2081,465571,260344,-1.041192,52.237407,34,3,3,1,28/04/2021,4,07:25,-1,E06000062,E06000062,E06000062,1,1,3,70,0,0,-1,0,-1,0,0,0,1,1,1,4,0,13,2,1,1,E01027287,-1,0,0,1
2021201145435,2021,201145435,409933,286202,-1.85519,52.473676,20,2,2,4,07/11/2021,1,00:41,-1,E08000025,E08000025,E08000025,4,4145,6,30,6,16,2,6,0,0,0,0,4,1,1,4,0,13,1,1,2,E01009344,7,1,1,0
2021010312480,2021,010312480,529739,178964,-0.132468,51.494742,1,3,2,1,08/06/2021,3,15:37,-1,E09000033,E09000033,E09000033,4,323,6,20,2,0,4,6,0,9,9,99,1,1,1,4,0,13,1,3,2,E01004733,-1,0,0,1
2021072100837,2021,072100837,356425,391073,-2.657052,53.414669,7,2,2,1,18/03/2021,5,21:44,-1,E06000007,E06000007,E06000007,1,62,3,70,0,0,-1,0,-1,0,0,0,4,1,1,4,0,13,2,1,1,E01012469,-1,0,1,0
2021052100853,2021,052100853,334948,390522,-2.980017,53.407503,5,3,1,1,14/05/2021,6,11:20,-1,E08000012,E08000012,E08000012,3,5038,3,30,9,19,4,6,0,0,0,0,1,1,1,4,2,13,1,1,2,E01033760,-1,0,0.07372,0.92628
2021201092106,2021,201092106,402827,281861,-1.959838,52.434733,20,3,2,1,26/07/2021,2,18:50,-1,E08000025,E08000025,E08000025,6,0,6,30,0,0,-1,0,-1,0,0,0,1,1,1,4,0,13,1,2,2,E01009504,3,1,0,1
2021010343920,2021,010343920,523061,186737,-0.225901,51.566092,1,3,2,1,15/11/2021,2,09:27,-1,E09000005,E09000005,E09000005,3,5,6,30,9,19,4,6,0,0,0,0,1,1,1,4,0,13,1,1,2,E01000497,-1,0,0,1
2021501036704,2021,501036704,261269,130926,-3.981095,51.06086,50,3,3,5,26/03/2021,6,16:05,-1,E07000043,E10000008,E10000008,3,361,6,60,0,0,-1,0,-1,0,0,0,1,1,1,4,0,13,2,1,2,E01020120,3,1,0,1
2021622100106,2021,622100106,276631,198946,-3.78562,51.675698,62,3,2,2,14/02/2021,1,19:21,-1,W06000012,W06000012,W06000012,3,465,3,40,5,0,4,3,4109,0,0,0,4,2,2,4,0,13,2,1,-1,W01000908,-1,0,0.026,0.974
2021430484367,2021,430484367,497409,179485,-0.597873,51.505914,43,3,1,1,12/10/2021,3,16:45,-1,E06000039,E06000039,E06000039,3,332,6,30,6,16,2,6,0,0,0,0,1,1,1,4,0,13,1,1,2,E01016514,-1,0,0.04285,0.95715
2021070507401,2021,070507401,377560,384618,-2.338622,53.357976,7,2,2,1,21/07/2021,4,11:07,-1,E06000049,E06000049,E06000049,1,56,3,50,0,0,-1,0,-1,0,0,0,1,1,1,4,0,13,2,1,1,E01018648,-1,0,1,0
202134NNC3081,2021,34NNC3081,495927,269971,-0.594049,52.319483,34,3,2,1,17/07/2021,7,14:00,-1,E06000061,E06000061,E06000061,3,45,3,70,1,0,4,3,45,0,0,0,1,1,1,4,0,13,2,1,1,E01027037,-1,0,0,1
2021122100313,2021,122100313,440794,457234,-1.37903,54.009536,12,3,1,1,31/01/2021,1,02:30,-1,E07000165,E06000065,E06000065,3,59,7,60,1,0,4,0,-1,0,0,0,4,1,2,4,0,13,2,1,2,E01027703,-1,0,0.08834,0.91166
2021201034724,2021,201034724,406921,286037,-1.899536,52.472239,20,3,2,2,26/01/2021,3,17:34,-1,E08000025,E08000025,E08000025,3,38,3,40,3,13,4,6,0,0,0,0,4,2,2,4,0,13,1,1,2,E01033567,3,1,0,1
2021131059006,2021,131059006,420628,441266,-1.687801,53.867215,13,3,2,1,22/06/2021,3,16:30,-1,E08000035,E08000035,E08000035,6,0,6,30,9,19,4,6,0,0,0,0,1,1,1,4,0,13,1,2,2,E01011269,3,1,0,1
2021010325231,2021,010325231,525276,183828,-0.194996,51.539461,1,3,1,1,18/08/2021,4,15:31,-1,E09000007,E09000007,E09000007,3,5,3,20,6,16,2,4,510,0,4,14,1,1,1,4,0,13,1,1,2,E01000933,-1,0,0,1
2021010343272,2021,010343272,525524,179570,-0.192938,51.501139,1,2,2,1,11/11/2021,5,15:10,-1,E09000020,E09000020,E09000020,3,315,3,20,0,0,-1,0,-1,0,0,0,1,1,1,4,0,13,1,1,2,E01002825,-1,0,1,0
2021320491678,2021,320491678,503528,369434,-0.451195,53.211917,32,2,1,1,21/08/2021,7,18:00,-1,E07000139,E10000019,E10000019,5,0,6,30,0,0,-1,0,-1,0,0,0,1,1,1,4,0,13,2,2,2,E01026205,-1,0,1,0
2021101057465,2021,101057465,422345,582856,-1.651033,55.139567,10,2,2,1,17/06/2021,5,10:45,-1,E06000057,E06000057,E06000057,3,192,6,60,0,0,-1,0,-1,0,0,0,1,1,1,4,0,13,2,2,2,E01027448,7,1,1,0
2021411033695,2021,411033695,536759,200389,-0.023065,51.685615,41,3,2,1,29/03/2021,2,18:20,-1,E07000095,E10000015,E10000015,3,121,3,40,0,0,-1,0,-1,0,0,0,1,1,1,4,0,13,1,1,2,E01023338,3,1,0,1
2021371145072,2021,371145072,629329,236130,1.337739,51.976297,37,3,4,1,18/12/2021,7,11:40,-1,E07000244,E10000029,E10000029,3,154,6,30,0,0,-1,0,-1,0,0,0,1,1,2,4,0,13,2,1,2,E01030160,3,1,0,1
2021552100917,2021,552100917,411440,93062,-1.839243,50.737049,55,3,2,2,07/09/2021,3,17:24,-1,E06000058,E06000058,E06000058,6,0,6,30,0,0,-1,0,-1,0,0,0,1,1,1,4,0,13,1,1,2,E01015315,-1,0,0.08539,0.91461
2021552101229,2021,552101229,413760,104867,-1.805929,50.843157,55,3,2,1,12/11/2021,6,11:23,-1,E06000059,E06000059,E06000059,3,31,3,50,0,0,-1,0,-1,0,0,0,1,1,1,4,0,13,2,1,1,E01020403,-1,0,0.01385,0.98615
2021501062846,2021,501062846,284352,73215,-3.633655,50.547215,50,3,2,1,12/05/2021,4,13:27,-1,E07000045,E10000008,E10000008,3,382,6,60,0,0,-1,0,-1,0,0,0,1,2,2,4,0,13,2,1,2,E01020207,3,1,0,1
2021361156504,2021,361156504,624030,309010,1.309174,52.632597,36,2,1,1,19/11/2021,6,07:00,-1,E07000148,E10000020,E10000020,3,147,6,30,0,0,-1,0,-1,0,4,14,1,1,2,4,0,13,1,1,2,E01033438,7,1,1,0
2021471110762,2021,471110762,522795,106530,-0.257158,50.845265,47,3,4,1,15/11/2021,2,17:09,-1,E07000223,E10000032,E10000032,3,27,3,70,0,0,-1,0,-1,0,0,0,6,1,1,4,0,13,1,1,1,E01031340,3,1,0,1
202160Z147230,2021,60Z147230,307009,383489,-3.398104,53.340116,60,3,3,1,05/10/2021,3,16:50,-1,W06000004,W06000004,W06000004,3,548,6,30,3,13,2,6,0,0,0,0,1,1,1,4,0,13,1,2,-1,W01000214,-1,0,0.00557,0.99443
2021548084621,2021,548084621,402437,178833,-1.96627,51.508421,54,3,2,1,18/08/2021,4,18:38,-1,E06000054,E06000054,E06000054,3,3102,6,30,3,13,3,6,0,0,0,0,1,1,1,4,0,13,2,3,2,E01032699,-1,0,0.03598,0.96402
2021101115446,2021,101115446,421066,567630,-1.672216,55.002805,10,3,2,1,23/11/2021,3,15:30,-1,E08000021,E08000021,E08000021,3,1,7,70,0,0,-1,0,-1,0,0,0,1,1,1,4,0,13,1,2,1,E01008296,3,1,0,1
2021131095245,2021,131095245,430522,432706,-1.538196,53.789797,13,3,2,1,26/09/2021,1,13:26,-1,E08000035,E08000035,E08000035,6,0,6,40,3,13,2,3,61,2,5,12,1,9,1,4,2,13,1,2,2,E01033016,3,1,0,1
2021010297383,2021,010297383,527627,175146,-0.164252,51.46091,1,3,3,1,18/03/2021,5,20:16,-1,E09000032,E09000032,E09000032,3,3,6,30,3,13,2,6,0,0,0,0,4,1,1,4,0,13,1,1,2,E01004552,-1,0,0,1
2021501111619,2021,501111619,277766,74011,-3.726831,50.55303,50,2,1,1,08/10/2021,6,10:17,-1,E07000045,E10000008,E10000008,6,0,6,30,0,0,-1,0,-1,0,0,0,1,1,1,4,0,13,2,1,2,E01020237,7,1,1,0
2021161084424,2021,161084424,511727,430408,-0.306807,53.758081,16,3,2,2,06/09/2021,2,14:12,-1,E06000010,E06000010,E06000010,6,0,6,30,7,17,2,3,165,0,0,0,1,1,1,4,2,13,1,1,2,E01012903,3,1,0,1
2021541508521,2021,541508521,419120,180872,-1.725776,51.526441,54,3,1,1,15/02/2021,2,08:35,-1,E06000030,E06000030,E06000030,3,346,1,70,1,0,4,1,4,0,0,0,1,1,2,4,0,13,2,1,1,E01015588,-1,0,0.02673,0.97327
2021430165790,2021,430165790,487092,168464,-0.749194,51.408523,43,3,3,2,18/04/2021,1,19:36,-1,E06000036,E06000036,E06000036,3,322,1,40,1,0,2,3,322,0,4,14,1,1,1,4,0,13,1,3,2,E01016249,-1,0,0.0028,0.9972
2021131102005,2021,131102005,427305,433640,-1.586941,53.79837,13,3,1,1,21/10/2021,5,22:58,-1,E08000035,E08000035,E08000035,3,647,6,30,6,16,2,6,0,0,5,15,4,1,1,4,2,13,1,1,2,E01011293,3,1,0,1
2021010310961,2021,010310961,532806,182491,-0.086985,51.525726,1,2,2,1,02/06/2021,4,08:46,-1,E09000019,E09000019,E09000019,3,501,1,20,1,0,2,3,501,0,7,16,1,1,2,4,2,13,1,1,2,E01002704,-1,0,1,0
2021622100790,2021,622100790,307843,166686,-3.325916,51.391702,62,3,3,2,18/10/2021,2,12:39,-1,W06000014,W06000014,W06000014,6,0,6,50,0,0,-1,0,-1,0,0,0,1,2,2,4,0,13,2,1,-1,W01001118,-1,0,0.07506,0.92494
2021201108275,2021,201108275,405941,286003,-1.913963,52.471945,20,2,1,1,12/09/2021,1,00:30,-1,E08000025,E08000025,E08000025,3,4540,3,30,6,16,2,4,4127,0,5,15,4,1,1,4,0,13,1,1,2,E01009146,7,1,1,0
2021010296680,2021,010296680,525502,185020,-0.191314,51.550123,1,2,1,1,14/03/2021,1,13:20,-1,E09000007,E09000007,E09000007,4,510,6,20,3,13,4,6,0,0,1,13,1,1,1,4,0,13,1,1,2,E01000969,-1,0,1,0
2021010311327,2021,010311327,521315,182063,-0.25269,51.524462,1,3,2,1,03/06/2021,5,16:45,-1,E09000009,E09000009,E09000009,5,0,6,20,3,13,2,6,0,0,0,0,1,1,1,4,0,13,1,1,2,E01001239,-1,0,0,1
2021010297489,2021,010297489,514322,169410,-0.357534,51.412195,1,3,2,2,14/03/2021,1,16:25,-1,E09000027,E09000027,E09000027,3,308,3,30,99,-1,2,6,0,0,9,0,1,2,1,4,0,13,1,3,2,E01003823,-1,0,0,1
2021461047670,2021,461047670,622678,136666,1.178215,51.086071,46,3,2,1,16/05/2021,1,16:55,-1,E07000112,E10000016,E10000016,3,259,6,30,9,19,2,6,0,0,0,0,1,1,2,4,0,13,1,1,2,E01024502,3,1,0,1
2021451025980,2021,451025980,491151,151322,-0.69523,51.253787,45,3,2,1,27/02/2021,7,13:01,-1,E07000209,E10000030,E10000030,3,323,6,30,0,0,-1,0,-1,0,0,0,1,1,1,4,0,13,1,2,2,E01030465,3,1,0,1
2021122101025,2021,122101025,459301,450921,-1.097898,53.951016,12,2,2,1,11/08/2021,4,12:49,-1,E06000014,E06000014,E06000014,3,1036,6,30,3,13,4,6,0,0,4,14,1,1,1,4,0,13,1,1,2,E01013417,-1,0,1,0
2021332100294,2021,332100294,460330,302710,-1.110304,52.618834,33,3,1,1,17/02/2021,4,18:21,-1,E06000016,E06000016,E06000016,3,6,6,30,0,0,-1,0,-1,0,4,14,4,2,2,4,0,13,1,1,2,E01013642,-1,0,0.05849,0.94151
2021070053454,2021,070053454,375416,384725,-2.370843,53.358842,7,2,3,1,25/01/2021,2,20:28,-1,E06000049,E06000049,E06000049,1,56,3,70,0,0,-1,0,-1,0,0,0,6,1,1,4,0,13,2,1,1,E01018648,-1,0,1,0
2021061096850,2021,061096850,371957,401116,-2.42428,53.505996,6,3,2,1,08/09/2021,4,17:00,-1,E08000006,E08000006,E08000006,3,580,3,40,0,0,-1,0,-1,0,0,0,1,1,1,4,0,13,1,3,2,E01005736,3,1,0,1
2021131062418,2021,131062418,430423,433715,-1.539599,53.798872,13,3,2,2,03/07/2021,7,17:05,-1,E08000035,E08000035,E08000035,6,0,3,30,3,13,4,6,0,2,5,12,1,1,2,4,0,13,1,1,2,E01033010,3,1,0,1
2021131065561,2021,131065561,431185,433661,-1.528036,53.798341,13,3,2,1,13/07/2021,3,08:36,-1,E08000035,E08000035,E08000035,3,64,3,40,3,13,4,3,64,0,1,13,1,1,1,4,0,13,1,1,2,E01033021,3,1,0,1
2021010291081,2021,010291081,533537,184798,-0.07558,51.546285,1,2,1,1,01/02/2021,2,15:32,-1,E09000012,E09000012,E09000012,3,10,6,20,7,17,2,3,104,0,5,15,1,1,1,4,0,13,1,1,2,E01033699,-1,0,1,0
2021010294900,2021,010294900,505068,178373,-0.487888,51.494548,1,3,1,1,02/03/2021,3,08:30,-1,E09000017,E09000017,E09000017,1,4,3,50,5,0,4,6,0,0,0,0,1,1,1,4,0,13,2,1,1,E01002527,-1,0,0,1
2021501100469,2021,501100469,272137,127023,-3.824714,51.028306,50,3,2,1,23/09/2021,5,09:52,-1,E07000043,E10000008,E10000008,3,361,3,60,3,13,4,6,0,0,0,0,1,2,2,4,0,13,2,1,2,E01020131,3,1,0,1
2021461081144,2021,461081144,560824,172699,0.312116,51.430474,46,3,3,1,07/08/2021,7,15:39,-1,E07000107,E10000016,E10000016,3,2,3,70,0,0,-1,0,-1,0,0,0,1,2,2,4,0,13,2,1,1,E01024141,3,1,0,1
2021361033453,2021,361033453,637596,309924,1.509904,52.635037,36,3,2,1,05/02/2021,6,16:17,-1,E07000144,E10000020,E10000020,3,47,3,50,3,13,4,4,1140,0,0,0,1,1,1,4,0,13,2,1,1,E01026512,3,1,0,1
2021451086574,2021,451086574,486471,160267,-0.760112,51.33493,45,3,2,1,10/09/2021,6,17:40,-1,E07000214,E10000030,E10000030,6,0,6,30,3,13,4,4,3411,0,0,0,1,2,2,4,0,13,1,1,2,E01030793,3,1,0,1
2021010299788,2021,010299788,528831,185049,-0.143317,51.549635,1,2,1,1,03/04/2021,7,02:40,-1,E09000007,E09000007,E09000007,6,0,6,20,0,0,-1,0,-1,0,0,0,4,1,1,4,0,13,1,1,2,E01000922,-1,0,1,0
2021471049326,2021,471049326,483709,105636,-0.812392,50.844193,47,2,2,2,26/05/2021,4,09:25,-1,E07000225,E10000032,E10000032,6,0,6,30,6,16,4,6,0,0,0,0,1,8,1,4,0,13,1,1,2,E01031505,7,1,1,0
2021471104134,2021,471104134,528142,120504,-0.176348,50.969704,47,2,3,3,30/10/2021,7,12:01,-1,E07000228,E10000032,E10000032,3,2300,6,60,0,0,-1,0,-1,0,0,0,1,1,2,4,6,13,2,1,2,E01031767,5,1,1,0
2021547758821,2021,547758821,421747,180581,-1.687927,51.52373,54,3,2,2,10/08/2021,3,07:14,-1,E06000030,E06000030,E06000030,4,4192,6,60,6,16,4,6,0,0,0,0,1,1,1,4,0,13,2,1,2,E01015547,-1,0,0.04078,0.95922
2021548119421,2021,548119421,391201,175499,-2.128086,51.478378,54,3,1,1,20/08/2021,6,00:27,-1,E06000054,E06000054,E06000054,6,0,1,20,1,0,4,3,350,0,0,0,4,1,1,4,0,13,2,1,2,E01031891,-1,0,0.08987,0.91013
202134WNC6421,2021,34WNC6421,471951,257438,-0.948398,52.210489,34,2,2,1,11/11/2021,5,12:02,-1,E06000062,E06000062,E06000062,1,1,3,60,5,0,4,1,1,0,0,0,1,1,2,4,0,13,2,1,1,E01027285,-1,0,0.69395,0.30605
2021010317610,2021,010317610,524958,188264,-0.198003,51.579398,1,3,2,1,06/07/2021,3,10:45,-1,E09000003,E09000003,E09000003,3,598,6,30,3,13,4,6,0,0,1,13,1,1,2,4,0,13,1,1,2,E01000212,-1,0,0,1
2021302100315,2021,302100315,444390,371273,-1.336383,53.236659,30,3,2,1,21/03/2021,1,12:30,-1,E07000038,E10000007,E10000007,3,632,6,30,0,0,-1,0,-1,0,0,0,1,1,1,4,0,13,2,1,2,E01019822,-1,0,0.0596,0.9404
2021361058032,2021,361058032,624551,305823,1.314697,52.60378,36,3,4,1,16/05/2021,1,16:55,-1,E07000149,E10000020,E10000020,3,47,3,70,0,0,-1,0,-1,0,0,0,1,1,1,4,0,13,2,1,1,E01026937,3,1,0,1
2021540354621,2021,540354621,415078,136514,-1.785902,51.127704,54,3,3,1,12/01/2021,3,21:30,-1,E06000054,E06000054,E06000054,3,345,6,60,6,16,2,6,0,0,0,0,4,1,2,4,0,13,2,1,2,E01032032,-1,0,0.01304,0.98696
2021141023470,2021,141023470,442381,403071,-1.362229,53.522625,14,1,3,1,23/02/2021,3,21:14,-1,E08000016,E08000016,E08000038,3,6195,6,60,0,0,-1,0,-1,0,0,0,6,5,2,4,0,13,2,1,2,E01007349,1,1,0,0
2021201094921,2021,201094921,391199,288021,-2.131039,52.490045,20,3,3,1,10/09/2021,6,19:40,-1,E08000027,E08000027,E08000027,4,4179,6,30,0,0,-1,0,-1,0,1,13,4,1,1,4,0,13,1,1,2,E01009752,3,1,0,1
2021010317515,2021,010317515,530335,186918,-0.120945,51.566086,1,3,2,1,05/07/2021,2,19:00,-1,E09000019,E09000019,E09000019,6,0,3,20,3,13,4,3,103,0,0,0,5,2,2,4,0,13,1,1,2,E01002808,-1,0,0,1
2021010304833,2021,010304833,525778,180578,-0.188921,51.510141,1,3,1,1,30/04/2021,6,23:23,-1,E09000033,E09000033,E09000033,3,402,6,50,3,13,4,6,0,0,0,0,7,1,2,4,0,13,1,1,2,E01004695,-1,0,0,1
2021461018690,2021,461018690,555584,173357,0.237089,51.437848,46,3,2,1,26/01/2021,3,00:32,-1,E07000107,E10000016,E10000016,3,296,3,30,0,0,-1,0,-1,0,7,16,4,1,2,4,0,13,1,1,2,E01024138,3,1,0,1
2021041022019,2021,041022019,336859,439398,-2.961203,53.846979,4,3,2,1,15/02/2021,2,08:27,-1,E07000119,E10000017,E10000017,3,586,6,40,0,0,-1,0,-1,2,0,12,1,1,1,4,0,13,2,1,2,E01025026,3,1,0,1
2021522104142,2021,522104142,361840,171659,-2.550443,51.442627,52,3,1,1,06/06/2021,1,16:56,-1,E06000023,E06000023,E06000023,6,0,6,20,3,13,4,6,0,0,0,0,1,1,1,4,0,13,1,1,2,E01014532,-1,0,0.20265,0.79735
2021010347376,2021,010347376,548459,189070,0.141265,51.580945,1,3,2,1,30/11/2021,3,22:35,-1,E09000002,E09000002,E09000002,3,12,3,50,6,16,2,3,1112,0,7,16,4,1,2,4,0,13,1,1,2,E01000031,-1,0,0,1
2021010330110,2021,010330110,535060,175912,-0.05703,51.46607,1,3,1,1,09/09/2021,5,09:50,-1,E09000028,E09000028,E09000028,3,2214,6,20,3,13,4,6,0,0,4,14,1,1,1,4,0,13,1,1,2,E01004001,-1,0,0,1
2021010343252,2021,010343252,529192,176828,-0.141124,51.475671,1,3,2,1,11/11/2021,5,05:25,-1,E09000032,E09000032,E09000032,6,0,6,20,99,-1,4,6,0,0,0,0,4,1,1,4,0,13,1,3,2,E01004567,-1,0,0,1
2021221116551,2021,221116551,384077,273621,-2.235238,52.360426,22,3,2,1,28/11/2021,1,08:05,-1,E07000238,E10000034,E10000034,3,449,6,30,3,13,2,6,0,0,0,0,1,1,2,4,0,13,1,3,2,E01032387,3,1,0,1
2021430473479,2021,430473479,496260,179396,-0.614447,51.505311,43,3,4,1,20/10/2021,4,12:43,-1,E06000039,E06000039,E06000039,3,355,3,40,0,0,-1,0,-1,0,0,0,1,1,1,4,0,13,1,1,2,E01016463,-1,0,0.00484,0.99516
2021070584588,2021,070584588,346753,367314,-2.798558,53.200237,7,3,2,2,21/08/2021,7,12:00,-1,E06000050,E06000050,E06000050,3,51,3,30,3,13,2,4,5132,0,0,0,1,1,1,4,0,13,2,2,2,E01018308,-1,0,0.01469,0.98531
2021010348493,2021,010348493,536731,177952,-0.0322,51.484001,1,3,2,1,30/11/2021,3,08:37,-1,E09000023,E09000023,E09000023,3,200,6,20,99,-1,9,3,200,0,5,15,1,1,2,4,0,13,1,3,2,E01003252,-1,0,0,1
2021421111708,2021,421111708,573788,209332,0.516544,51.755721,42,3,2,1,18/11/2021,5,18:30,-1,E07000070,E10000012,E10000012,3,138,3,70,0,0,-1,0,-1,0,0,0,4,1,1,4,0,13,2,1,2,E01021537,3,1,0,1
2021541518021,2021,541518021,390749,172477,-2.134515,51.451198,54,3,2,1,15/02/2021,2,13:15,-1,E06000054,E06000054,E06000054,3,4,6,30,3,13,4,6,0,0,0,0,1,8,2,4,0,13,1,1,2,E01031928,-1,0,0.07431,0.92569
2021401074211,2021,401074211,508342,250826,-0.4181,52.14512,40,3,2,1,30/07/2021,6,13:39,-1,E06000055,E06000055,E06000055,3,4280,3,40,7,17,2,6,0,0,4,14,1,2,2,4,0,13,2,1,2,E01017527,3,1,0,1
2021010315226,2021,010315226,524074,178757,-0.214103,51.494152,1,3,2,1,22/06/2021,3,10:35,-1,E09000013,E09000013,E09000013,3,315,6,20,3,13,2,6,0,0,5,15,1,1,1,4,0,13,1,3,2,E01001871,-1,0,0,1
2021421095432,2021,421095432,573100,208362,0.506104,51.747221,42,2,2,1,03/10/2021,1,14:42,-1,E07000070,E10000012,E10000012,4,1137,1,40,0,0,-1,0,-1,0,0,0,1,1,1,4,0,13,1,3,2,E01021544,7,1,1,0
202131B000621,2021,31B000621,471296,378470,-0.931714,53.298417,31,3,2,2,06/01/2021,4,12:14,-1,E07000171,E10000024,E10000024,3,638,6,50,0,0,-1,0,-1,0,0,0,1,8,4,4,0,13,2,1,2,E01028006,-1,0,0.06935,0.93065
2021221116766,2021,221116766,378868,246241,-2.310006,52.114094,22,3,3,1,29/11/2021,2,11:20,-1,E07000235,E10000034,E10000034,6,0,6,30,0,0,-1,0,-1,0,0,0,1,1,2,4,0,13,1,1,2,E01032203,3,1,0,1
2021991074995,2021,991074995,440880,1163428,-1.261029,60.352821,99,2,1,1,09/08/2021,2,08:52,-1,S12000027,S12000027,S12000027,3,970,6,50,0,0,-1,0,-1,0,0,0,1,1,1,4,0,13,2,2,-1,-1,6,1,1,0
2021991022047,2021,991022047,253759,667253,-4.339076,55.876167,99,3,3,1,16/02/2021,3,17:05,-1,S12000049,S12000049,S12000049,3,814,3,40,0,0,-1,0,-1,0,0,0,1,1,1,4,0,13,1,1,-1,-1,3,1,0,1
2021010329778,2021,010329778,506536,178505,-0.466709,51.49546,1,3,2,1,07/09/2021,3,18:10,-1,E09000017,E09000017,E09000017,1,4,3,70,0,0,-1,0,-1,0,0,0,1,1,1,4,0,13,2,3,1,E01002446,-1,0,0,1
2021221081456,2021,221081456,382315,274977,-2.261184,52.372562,22,3,2,1,24/08/2021,3,11:10,-1,E07000239,E10000034,E10000034,3,451,6,30,9,19,4,6,0,0,0,0,1,1,1,4,0,13,1,3,2,E01032470,3,1,0,1
2021161090244,2021,161090244,511874,432364,-0.30387,53.775622,16,3,2,1,21/09/2021,3,15:49,-1,E06000010,E06000010,E06000010,6,0,6,30,3,13,4,6,0,0,0,0,1,1,1,4,0,13,1,1,2,E01012812,3,1,0,1
2021401072800,2021,401072800,503958,250787,-0.482155,52.145611,40,3,2,1,26/07/2021,2,07:40,-1,E06000055,E06000055,E06000055,3,5141,6,30,1,0,4,3,600,0,4,14,1,1,1,4,0,13,1,1,2,E01017499,3,1,0,1
2021201031801,2021,201031801,399097,295123,-2.014744,52.553964,20,3,2,1,18/01/2021,2,09:40,-1,E08000028,E08000028,E08000028,6,0,2,30,3,13,4,3,461,0,0,0,1,1,1,4,0,13,1,2,2,E01010091,3,1,0,1
2021010348824,2021,010348824,527153,167780,-0.173713,51.394816,1,3,2,1,08/12/2021,4,16:15,-1,E09000024,E09000024,E09000024,3,217,6,20,0,0,-1,0,-1,0,1,13,1,1,1,4,0,13,1,1,2,E01003437,-1,0,0,1
2021461097439,2021,461097439,605789,160187,0.950886,51.303593,46,3,1,1,27/08/2021,6,03:30,-1,E07000113,E10000016,E10000016,6,0,6,60,6,16,4,6,0,0,0,0,6,8,1,4,0,13,2,1,2,E01024556,3,1,0,1
2021211021886,2021,211021886,412050,308551,-1.823216,52.674549,21,3,2,1,23/01/2021,7,09:30,-1,E07000194,E10000028,E10000028,3,51,6,30,3,13,2,6,0,0,0,0,1,9,3,4,0,13,1,2,2,E01029519,3,1,0,1
2021610016321,2021,610016321,353378,193883,-2.675143,51.641806,61,3,2,1,13/05/2021,5,16:20,-1,W06000021,W06000021,W06000021,6,0,6,30,0,0,-1,0,-1,0,0,0,1,2,2,4,0,13,1,1,-1,W01001587,-1,0,0.09947,0.90053
2021122101355,2021,122101355,456191,447406,-1.145924,53.919774,12,3,2,1,15/10/2021,6,08:19,-1,E06000014,E06000014,E06000014,6,0,6,20,8,18,4,6,0,0,0,0,1,1,1,4,2,13,2,1,2,E01013423,-1,0,0.02149,0.97851
2021548106421,2021,548106421,416925,184608,-1.757236,51.560103,54,3,2,1,19/08/2021,5,18:06,-1,E06000030,E06000030,E06000030,6,0,6,30,0,0,-1,0,-1,0,0,0,1,2,2,4,0,13,1,2,2,E01015573,-1,0,0.04037,0.95963
2021010306534,2021,010306534,513772,187732,-0.359538,51.576982,1,3,4,1,10/05/2021,2,18:20,-1,E09000015,E09000015,E09000015,5,0,6,30,0,0,-1,0,-1,0,0,0,1,1,1,4,0,13,1,1,2,E01002239,-1,0,0,1
2021461095144,2021,461095144,558791,172609,0.282855,51.430239,46,3,1,2,28/09/2021,3,14:10,-1,E07000107,E10000016,E10000016,3,2,7,30,1,0,4,4,255,0,0,0,1,1,2,4,0,13,2,1,1,E01024134,3,1,0,1
2021170H10191,2021,170H10191,450657,531601,-1.215943,54.676944,17,3,2,2,11/03/2021,5,12:34,240,E06000001,E06000001,E06000001,4,1277,6,30,6,16,4,6,0,0,0,0,1,1,1,4,0,13,1,1,2,E01011951,-1,0,0.04258,0.95742
2021201049530,2021,201049530,401808,290126,-1.974785,52.509039,20,3,2,1,04/02/2021,5,16:53,-1,E08000028,E08000028,E08000028,3,4252,3,40,3,13,4,6,0,0,0,0,4,2,2,4,0,13,1,1,2,E01010047,3,1,0,1
2021010293261,2021,010293261,529316,183230,-0.136994,51.533177,1,3,3,1,18/02/2021,5,12:40,-1,E09000007,E09000007,E09000007,3,400,2,20,7,17,2,3,4200,0,5,15,1,1,2,4,0,13,1,1,2,E01000952,-1,0,0,1
2021440163653,2021,440163653,451745,108872,-1.26589,50.877026,44,3,5,1,29/04/2021,5,17:03,-1,E07000087,E10000014,E10000014,1,27,3,50,0,0,-1,0,-1,0,0,0,1,1,1,4,0,13,1,1,1,E01022774,-1,0,0,1
2021440366420,2021,440366420,476547,124563,-0.91013,51.015355,44,2,2,1,12/09/2021,1,15:08,-1,E07000085,E10000014,E10000014,3,272,3,50,3,13,1,4,2070,0,0,0,1,1,1,4,0,13,2,1,2,E01022597,-1,0,0.93274,0.06726
2021430334691,2021,430334691,469253,205720,-0.998291,51.745914,43,3,1,1,27/07/2021,3,11:30,-1,E07000179,E10000025,E10000025,3,329,1,50,1,0,4,3,418,0,0,0,1,1,1,4,0,13,2,1,2,E01028672,-1,0,0.07578,0.92422
2021471080421,2021,471080421,526081,137375,-0.199816,51.121791,47,3,2,3,24/08/2021,3,12:53,-1,E07000226,E10000032,E10000032,3,23,3,50,0,0,-1,0,-1,0,7,16,1,1,1,4,0,13,1,1,2,E01031572,3,1,0,1
2021010302510,2021,010302510,535173,200021,-0.046135,51.682692,1,3,3,1,19/04/2021,2,18:10,-1,E09000010,E09000010,E09000010,1,25,7,70,5,0,3,0,-1,0,0,0,1,1,1,4,0,13,2,3,1,E01001551,-1,0,0,1
2021421021233,2021,421021233,544874,193365,0.091335,51.620469,42,3,3,1,12/02/2021,6,14:45,-1,E07000072,E10000012,E10000012,6,0,6,40,0,0,-1,0,-1,0,0,0,1,1,4,4,0,13,2,1,2,E01021749,3,1,0,1
2021991149003,2021,991149003,261203,679046,-4.226263,55.984246,99,3,2,1,30/11/2021,3,09:17,-1,S12000045,S12000045,S12000045,3,891,6,60,0,0,-1,0,-1,0,0,0,1,2,2,4,2,13,2,1,-1,-1,3,1,0,1
2021170S20431,2021,170S20431,444473,525727,-1.312727,54.624743,17,3,1,1,06/04/2021,3,06:49,-1,E06000004,E06000004,E06000004,3,19,7,70,5,0,4,3,689,0,0,0,1,1,1,4,0,13,2,1,1,E01033480,-1,0,0.06226,0.93774
2021131111483,2021,131111483,405237,440518,-1.921861,53.860872,13,2,1,1,16/11/2021,3,14:20,-1,E08000032,E08000032,E08000032,4,6143,6,30,3,13,4,6,0,0,0,0,1,1,1,4,0,13,1,2,2,E01010725,6,1,1,0
2021010313888,2021,010313888,525142,183989,-0.19687,51.540937,1,3,2,2,15/06/2021,3,23:20,-1,E09000005,E09000005,E09000005,3,5,6,30,3,13,4,6,0,0,4,14,4,1,1,4,0,13,1,1,2,E01000545,-1,0,0,1
2021010349916,2021,010349916,528997,185040,-0.140927,51.549516,1,3,2,1,12/12/2021,1,22:30,-1,E09000007,E09000007,E09000007,3,400,6,20,0,0,-1,0,-1,9,9,99,4,1,1,4,0,13,1,3,2,E01000928,-1,0,0,1
2021010320717,2021,010320717,515372,178236,-0.339567,51.491309,1,3,1,1,24/07/2021,7,11:10,-1,E09000018,E09000018,E09000018,4,454,6,20,0,0,-1,0,-1,0,0,0,1,1,1,4,0,13,1,1,2,E01002678,-1,0,0,1
2021010319501,2021,010319501,527128,181626,-0.1691,51.519258,1,2,4,2,17/07/2021,7,07:45,-1,E09000033,E09000033,E09000033,3,5,3,20,6,16,2,3,4205,0,4,14,1,1,1,4,0,13,1,1,2,E01004661,-1,0,1,0
2021471094666,2021,471094666,529883,115140,-0.153478,50.921104,47,3,1,1,03/10/2021,1,11:22,-1,E07000228,E10000032,E10000032,3,273,6,30,0,0,-1,0,-1,0,8,17,1,1,1,4,0,13,2,1,2,E01031748,3,1,0,1
2021471103069,2021,471103069,531552,104333,-0.133629,50.823596,47,3,1,1,22/10/2021,6,16:50,-1,E06000043,E06000043,E06000043,6,0,6,20,0,0,-1,0,-1,0,0,0,1,1,1,4,0,13,1,2,2,E01016949,3,1,0,1
2021201073572,2021,201073572,392971,298402,-2.105165,52.583395,20,2,2,1,06/07/2021,3,11:20,-1,E08000031,E08000031,E08000031,3,454,6,30,3,13,4,6,0,0,0,0,1,1,1,4,0,13,1,1,2,E01010443,7,1,1,0
2021361017109,2021,361017109,621891,311648,1.279393,52.657152,36,3,2,1,13/01/2021,4,17:12,-1,E07000148,E10000020,E10000020,3,1042,6,40,0,0,-1,0,-1,0,0,0,4,2,2,4,0,13,1,1,2,E01026797,3,1,0,1
2021451050692,2021,451050692,504393,171937,-0.499506,51.436822,45,3,2,1,31/05/2021,2,20:55,-1,E07000213,E10000030,E10000030,3,30,3,30,1,0,2,3,308,0,0,0,4,1,1,4,0,13,1,1,1,E01030734,3,1,0,1
2021231035865,2021,231035865,440773,282310,-1.401651,52.437267,23,3,2,1,12/04/2021,2,21:42,-1,E07000220,E10000031,E10000031,1,6,3,70,0,0,-1,0,-1,0,0,0,6,1,1,4,0,13,2,1,1,E01031159,3,1,0,1
2021201036218,2021,201036218,407708,283392,-1.888009,52.44845,20,2,1,1,10/03/2021,4,14:01,-1,E08000025,E08000025,E08000025,3,435,6,20,6,16,4,6,0,0,0,0,1,1,2,4,0,13,1,1,2,E01009184,5,1,1,0
2021481122343,2021,481122343,532844,180850,-0.087056,51.51097,48,2,2,1,02/11/2021,3,14:45,-1,E09000001,E09000001,E09000001,6,0,6,20,6,16,2,6,0,0,5,15,1,1,1,4,0,13,1,1,2,E01032739,7,1,1,0
2021010321500,2021,010321500,529643,182508,-0.132547,51.526613,1,3,2,1,28/07/2021,4,12:52,-1,E09000007,E09000007,E09000007,3,501,3,30,0,0,-1,0,-1,0,5,15,1,1,1,4,9,13,1,3,2,E01000852,-1,0,0,1
2021010321062,2021,010321062,530891,184960,-0.113656,51.548361,1,3,2,1,18/07/2021,1,15:35,-1,E09000019,E09000019,E09000019,6,0,9,20,99,-1,9,5,0,9,9,99,1,8,1,4,9,13,1,3,2,E01033488,-1,0,0,1
2021010328386,2021,010328386,533917,181363,-0.071408,51.515327,1,3,2,1,26/08/2021,5,11:50,-1,E09000030,E09000030,E09000030,3,11,6,20,6,16,2,3,11,0,5,15,4,1,1,4,9,13,1,3,2,E01004325,-1,0,0,1
2021010303403,2021,010303403,538841,186621,0.001582,51.561388,1,3,2,1,24/04/2021,7,01:53,-1,E09000031,E09000031,E09000031,3,12,3,50,0,0,-1,0,-1,0,0,0,4,1,1,4,0,13,1,3,2,E01004340,-1,0,0,1
2021351074267,2021,351074267,545986,258008,0.134758,52.200989,35,3,2,1,17/06/2021,5,09:56,-1,E07000008,E10000003,E10000003,6,0,6,30,6,16,4,6,0,0,4,14,1,1,2,4,0,13,1,1,2,E01017988,3,1,0,1
2021332100092,2021,332100092,441505,317500,-1.386483,52.753545,33,3,2,1,23/02/2021,3,08:55,-1,E07000134,E10000018,E10000018,3,512,6,40,6,16,3,6,0,0,0,0,1,1,1,4,0,13,2,1,2,E01025965,-1,0,0.00833,0.99167
2021320046231,2021,320046231,524474,356265,-0.142819,53.089119,32,3,2,2,20/01/2021,4,21:10,-1,E07000137,E10000019,E10000019,4,1192,6,60,0,0,-1,0,-1,0,0,0,6,5,2,4,0,13,2,1,2,E01026051,-1,0,0.07851,0.92149
2021991067177,2021,991067177,208307,771579,-5.14055,56.79613,99,1,2,1,17/07/2021,7,15:00,-1,S12000017,S12000017,S12000017,3,82,6,40,8,18,4,6,0,0,0,0,1,1,1,4,0,13,1,1,-1,-1,1,1,0,0
2021010304704,2021,010304704,535002,185728,-0.054109,51.554294,1,3,2,1,29/04/2021,5,15:15,-1,E09000012,E09000012,E09000012,3,107,6,20,3,13,4,6,0,9,9,99,1,1,1,4,0,13,1,3,2,E01033703,-1,0,0,1
2021010306947,2021,010306947,530323,186916,-0.121119,51.56607,1,3,1,1,12/05/2021,4,17:05,-1,E09000019,E09000019,E09000019,3,103,9,20,6,16,4,6,0,0,1,13,1,1,1,4,9,13,1,3,2,E01002807,-1,0,0,1
2021421034198,2021,421034198,600461,229249,0.914032,51.925665,42,3,3,4,09/04/2021,6,14:07,-1,E07000071,E10000012,E10000012,3,12,3,70,0,0,-1,0,-1,0,0,0,1,1,1,4,0,13,2,1,1,E01021682,3,1,0,1
2021361052140,2021,361052140,610169,333524,1.120372,52.858184,36,2,3,4,19/05/2021,4,11:05,-1,E07000147,E10000020,E10000020,4,1149,6,60,0,0,-1,0,-1,0,0,0,1,1,1,4,0,13,2,1,2,E01026733,7,1,1,0
2021371124541,2021,371124541,563338,265968,0.392277,52.267628,37,2,2,1,01/10/2021,6,11:40,-1,E07000245,E10000029,E10000029,3,14,3,70,0,0,-1,0,-1,0,0,0,1,1,2,4,0,13,2,1,1,E01029937,7,1,1,0
202163D098921,2021,63D098921,310900,291406,-3.314369,52.513247,63,2,3,2,28/11/2021,1,20:10,-1,W06000023,W06000023,W06000023,4,4568,6,30,3,13,4,3,4811,0,0,0,4,1,2,4,0,13,1,1,-1,W01000480,-1,0,1,0
2021141098475,2021,141098475,436715,389286,-1.449289,53.399148,14,3,1,1,14/10/2021,5,21:04,-1,E08000019,E08000019,E08000039,6,0,6,30,0,0,-1,0,-1,0,0,0,4,1,1,4,0,13,1,1,2,E01033269,3,1,0,1
2021010288439,2021,010288439,511349,177921,-0.397589,51.489284,1,3,1,1,08/01/2021,6,16:45,-1,E09000018,E09000018,E09000018,1,4,3,50,0,0,-1,0,-1,0,0,0,7,1,1,4,0,13,1,3,1,E01002634,-1,0,0,1
2021010341189,2021,010341189,526716,174314,-0.177657,51.453637,1,2,2,1,02/11/2021,3,07:48,-1,E09000032,E09000032,E09000032,3,214,3,40,0,0,-1,0,-1,0,5,15,1,1,2,4,0,13,1,1,2,E01004621,-1,0,1,0
2021471022980,2021,471022980,557981,104600,0.241431,50.819395,47,3,3,1,22/02/2021,2,00:20,-1,E07000065,E10000011,E10000011,3,2270,3,40,0,0,-1,0,-1,0,5,15,4,1,1,4,0,13,1,1,2,E01021214,3,1,0,1
2021411084371,2021,411084371,531523,219141,-0.091665,51.855376,41,3,2,1,31/08/2021,3,18:45,-1,E07000242,E10000015,E10000015,3,602,6,30,3,13,4,6,0,0,0,0,1,1,1,4,0,13,2,1,2,E01033609,3,1,0,1
2021461068429,2021,461068429,616880,167536,1.114222,51.365463,46,2,2,2,11/07/2021,1,18:05,-1,E07000106,E10000016,E10000016,6,0,6,30,9,19,4,6,0,0,0,0,1,1,1,4,0,13,1,1,2,E01024118,7,1,1,0
2021991110329,2021,991110329,325073,671823,-3.200891,55.933601,99,3,2,1,15/11/2021,2,12:40,-1,S12000036,S12000036,S12000036,6,0,6,20,6,16,2,6,0,0,5,15,1,1,1,4,0,13,1,1,-1,-1,3,1,0,1
2021991057702,2021,991057702,273497,665001,-4.022775,55.861536,99,3,1,1,20/06/2021,1,14:05,-1,S12000050,S12000050,S12000050,4,804,6,30,0,0,-1,0,-1,0,5,15,1,1,1,4,0,13,1,1,-1,-1,3,1,0,1
2021610059421,2021,610059421,353561,191485,-2.67218,51.620261,61,3,2,1,10/11/2021,4,14:20,-1,W06000021,W06000021,W06000021,1,48,7,40,1,0,4,3,466,0,0,0,1,1,1,4,0,13,2,2,-1,W01001593,-1,0,0.04353,0.95647
2021170S21281,2021,170S21281,444917,526006,-1.305809,54.627211,17,3,2,1,07/08/2021,7,18:14,-1,E06000004,E06000004,E06000004,3,689,1,40,1,0,4,6,0,0,0,0,1,1,1,4,0,13,2,1,2,E01012297,-1,0,0.14968,0.85032
202134WNC0551,2021,34WNC0551,469736,248205,-0.982701,52.127776,34,3,2,1,13/02/2021,7,18:30,-1,E06000062,E06000062,E06000062,3,5,6,30,0,0,-1,0,-1,0,0,0,4,1,1,4,0,13,2,3,1,E01027297,-1,0,0,1
2021101078368,2021,101078368,424175,564102,-1.623907,54.970962,10,3,2,1,10/08/2021,3,18:20,-1,E08000021,E08000021,E08000021,3,186,6,30,3,13,4,6,0,0,0,0,1,1,1,4,0,13,1,2,2,E01033554,3,1,0,1
2021010302212,2021,010302212,526050,182620,-0.184273,51.528432,1,2,2,1,17/04/2021,7,17:05,-1,E09000033,E09000033,E09000033,6,0,6,20,0,0,-1,0,-1,0,1,13,1,1,1,4,0,13,1,3,2,E01004709,-1,0,1,0
2021421025837,2021,421025837,570690,210034,0.47205,51.762979,42,3,2,1,03/03/2021,4,12:59,-1,E07000070,E10000012,E10000012,6,0,6,30,0,0,-1,0,-1,0,0,0,1,9,1,4,0,13,1,2,2,E01021543,3,1,0,1
2021451056193,2021,451056193,504403,171894,-0.499375,51.436434,45,3,2,1,15/06/2021,3,16:00,-1,E07000213,E10000030,E10000030,3,308,3,30,5,0,2,3,30,0,0,0,1,8,1,4,2,13,1,1,1,E01030734,3,1,0,1
2021520200879,2021,520200879,324890,125543,-3.072331,51.024325,52,3,1,1,04/10/2021,2,20:00,-1,E07000246,E06000066,E06000066,3,38,7,30,5,0,4,6,0,0,0,0,4,2,2,4,2,13,2,1,2,E01029291,-1,0,0.05935,0.94065
2021131106009,2021,131106009,431257,433666,-1.526943,53.798382,13,3,2,1,04/11/2021,5,11:00,-1,E08000035,E08000035,E08000035,3,64,3,40,0,0,-1,0,-1,0,8,17,1,1,1,4,0,13,1,1,2,E01033021,3,1,0,1
2021010310500,2021,010310500,525034,184671,-0.198184,51.547091,1,3,2,1,30/05/2021,1,19:30,-1,E09000007,E09000007,E09000007,4,520,6,30,3,13,4,6,0,0,0,0,1,1,1,4,2,13,1,1,2,E01000974,-1,0,0,1
2021010322046,2021,010322046,541907,175020,0.041117,51.45638,1,3,3,1,31/07/2021,7,23:56,-1,E09000011,E09000011,E09000011,3,205,3,40,0,0,-1,0,-1,0,0,0,4,1,2,4,0,13,1,1,2,E01001620,-1,0,0,1
2021041079339,2021,041079339,352118,464293,-2.733214,54.07234,4,3,2,2,17/08/2021,3,12:30,-1,E07000121,E10000017,E10000017,3,683,6,30,0,0,-1,0,-1,2,0,12,1,8,2,4,2,13,2,2,2,E01025131,3,1,0,1
2021320246347,2021,320246347,507803,347312,-0.394624,53.012292,32,3,2,1,05/05/2021,4,11:59,-1,E07000139,E10000019,E10000019,3,17,3,70,5,0,4,3,153,0,0,0,1,1,1,4,0,13,2,1,2,E01026230,-1,0,0.01172,0.98828
2021991092336,2021,991092336,347653,657412,-2.836733,55.807128,99,2,3,1,27/09/2021,2,13:00,-1,S12000026,S12000026,S12000026,3,68,6,60,0,0,-1,0,-1,0,0,0,1,1,1,4,0,13,2,1,-1,-1,7,1,1,0
2021430093793,2021,430093793,471465,172654,-0.972983,51.448374,43,3,3,1,06/03/2021,7,07:46,-1,E06000038,E06000038,E06000038,3,4,6,30,6,16,2,6,0,0,0,0,1,1,1,4,0,13,1,1,2,E01016374,-1,0,0.0135,0.9865
2021401031624,2021,401031624,523298,236351,-0.204866,52.01191,40,3,2,2,18/03/2021,5,13:25,-1,E06000056,E06000056,E06000056,2,1,7,70,1,0,4,3,507,0,0,0,1,1,2,4,0,13,2,1,1,E01017447,3,1,0,1
2021141021359,2021,141021359,441514,408849,-1.374542,53.574623,14,3,2,2,11/02/2021,5,10:35,-1,E08000016,E08000016,E08000038,6,0,6,30,6,16,2,6,0,0,0,0,1,1,1,4,0,13,2,1,2,E01007332,3,1,0,1
2021010347444,2021,010347444,522342,189390,-0.235345,51.590091,1,3,2,1,02/12/2021,5,06:50,-1,E09000003,E09000003,E09000003,3,41,3,40,3,13,4,6,0,0,0,0,1,8,4,4,0,13,1,1,2,E01000239,-1,0,0,1
2021010291614,2021,010291614,537439,189786,-0.017394,51.590171,1,3,1,1,05/02/2021,6,14:36,-1,E09000031,E09000031,E09000031,3,503,6,20,6,16,2,3,112,0,1,13,1,1,1,4,0,13,1,1,2,E01004460,-1,0,0,1
2021610025221,2021,610025221,314177,200697,-3.243212,51.698436,61,2,1,1,06/07/2021,3,05:00,-1,W06000018,W06000018,W06000018,6,0,6,30,0,0,-1,0,-1,0,0,0,1,2,2,4,0,13,2,1,-1,W01001360,-1,0,1,0
2021070187424,2021,070187424,340241,366474,-2.895873,53.191994,7,2,2,1,24/03/2021,4,11:42,-1,E06000050,E06000050,E06000050,3,5268,3,30,3,13,2,6,0,0,4,14,1,1,1,4,0,13,1,1,2,E01018326,-1,0,1,0
202134WNC2271,2021,34WNC2271,474890,261026,-0.904601,52.24235,34,3,2,1,26/03/2021,6,11:50,-1,E06000062,E06000062,E06000062,3,5095,3,30,6,16,2,3,4500,0,5,15,1,8,1,4,0,13,1,3,2,E01032978,-1,0,0,1
2021201072677,2021,201072677,404834,293145,-1.930159,52.536162,20,2,2,2,24/06/2021,5,05:21,-1,E08000028,E08000028,E08000028,4,4124,6,30,0,0,-1,0,-1,0,1,13,1,1,1,4,0,13,1,1,2,E01010008,7,1,1,0
2021010347641,2021,010347641,520624,168344,-0.267322,51.40131,1,3,2,1,02/12/2021,5,19:50,-1,E09000021,E09000021,E09000021,3,2043,6,30,0,0,-1,0,-1,0,4,14,7,1,1,4,0,13,1,1,2,E01002928,-1,0,0,1
2021010332008,2021,010332008,534164,176536,-0.069685,51.47189,1,3,1,1,18/09/2021,7,16:35,-1,E09000028,E09000028,E09000028,3,2215,2,20,3,13,2,3,2215,0,4,14,1,1,1,4,2,13,1,1,2,E01004067,-1,0,0,1
2021010314325,2021,010314325,534032,181444,-0.069721,51.516028,1,3,1,1,17/06/2021,5,15:30,-1,E09000030,E09000030,E09000030,3,11,3,30,6,16,2,4,134,2,5,12,1,1,1,4,2,13,1,1,2,E01004309,-1,0,0,1
2021010348680,2021,010348680,535170,181272,-0.053396,51.514211,1,3,1,1,07/12/2021,3,20:30,-1,E09000030,E09000030,E09000030,3,13,3,30,6,16,2,5,0,0,5,15,4,1,2,4,0,13,1,1,2,E01004326,-1,0,0,1
2021302101096,2021,302101096,401461,396238,-1.979459,53.462902,30,3,2,1,09/07/2021,6,15:45,-1,E07000037,E10000007,E10000007,5,0,6,30,1,0,4,6,0,0,0,0,1,9,1,4,0,13,2,2,2,E01019730,-1,0,0.00183,0.99817
2021501103306,2021,501103306,166497,28100,-5.267026,50.106964,50,3,1,1,27/04/2021,3,08:30,-1,E06000052,E06000052,E06000052,4,3297,6,30,0,0,-1,0,-1,0,0,0,1,9,1,4,0,13,1,2,2,E01018884,3,1,0,1
202134WNC2231,2021,34WNC2231,469869,258697,-0.978604,52.222074,34,2,2,2,06/03/2021,7,18:48,-1,E06000062,E06000062,E06000062,1,1,3,60,0,0,-1,0,-1,0,0,0,4,1,1,4,0,13,2,1,1,E01027285,-1,0,0.69293,0.30707
2021052100649,2021,052100649,340517,398150,-2.8977,53.476715,5,3,2,2,19/04/2021,2,20:10,-1,E08000011,E08000011,E08000011,4,5192,6,30,0,0,-1,0,-1,0,0,0,1,1,1,4,0,13,2,3,2,E01006455,-1,0,0.00774,0.99226
2021010317725,2021,010317725,527756,175542,-0.162254,51.464439,1,3,2,1,06/07/2021,3,14:15,-1,E09000032,E09000032,E09000032,3,3036,6,20,6,16,2,3,3220,0,5,15,1,1,2,4,0,13,1,1,2,E01004585,-1,0,0,1
2021010309779,2021,010309779,526983,181484,-0.17124,51.518014,1,3,2,1,21/05/2021,6,16:30,-1,E09000033,E09000033,E09000033,3,4205,2,30,3,13,4,6,0,0,1,13,1,1,1,4,0,13,1,3,2,E01033594,-1,0,0,1
2021461053333,2021,461053333,631489,167818,1.323901,51.362236,46,2,3,1,31/05/2021,2,11:33,-1,E07000114,E10000016,E10000016,4,2050,6,60,0,0,-1,0,-1,0,0,0,1,1,1,4,1,13,2,1,2,E01024701,7,1,1,0
2021041101871,2021,041101871,378455,422101,-2.327768,53.694918,4,2,1,2,23/10/2021,7,01:18,-1,E07000125,E10000017,E10000017,4,6214,6,30,9,19,4,6,0,0,0,0,5,1,2,4,0,13,1,1,2,E01025363,6,1,1,0
2021991045652,2021,991045652,255766,673960,-4.310605,55.936983,99,3,2,2,15/05/2021,7,18:49,-1,S12000045,S12000045,S12000045,3,807,3,30,9,19,2,6,0,0,0,0,1,1,1,4,0,13,2,1,-1,-1,3,1,0,1
2021138171400,2021,138171400,419729,441450,-1.70146,53.868904,13,2,1,1,07/01/2021,5,19:03,-1,E08000035,E08000035,E08000035,3,65,6,30,9,19,4,6,0,0,0,0,4,2,2,4,0,13,1,1,2,E01011273,-1,0,1,0
2021010345096,2021,010345096,530390,186826,-0.120186,51.565246,1,2,3,1,20/11/2021,7,18:00,-1,E09000019,E09000019,E09000019,3,103,6,20,0,0,-1,0,-1,0,0,0,4,1,1,4,2,13,1,1,2,E01002808,-1,0,1,0
2021010322371,2021,010322371,530072,177318,-0.128279,51.479873,1,3,2,1,02/08/2021,2,20:32,-1,E09000022,E09000022,E09000022,3,3036,6,30,9,19,2,6,0,0,5,15,4,2,2,4,0,13,1,1,2,E01003097,-1,0,0,1
2021430180228,2021,430180228,453743,205095,-1.223017,51.741994,43,2,2,1,27/04/2021,3,15:20,-1,E07000178,E10000025,E10000025,6,0,6,20,0,0,-1,0,-1,0,0,0,1,1,1,4,0,13,1,3,2,E01028532,-1,0,1,0
2021991027212,2021,991027212,391491,808852,-2.142353,57.170415,99,2,1,1,10/03/2021,4,15:45,-1,S12000033,S12000033,S12000033,3,92,3,40,0,0,-1,0,-1,0,0,0,1,2,2,4,0,13,1,2,-1,-1,7,1,1,0
2021161029002,2021,161029002,509721,428446,-0.337915,53.74088,16,2,1,1,16/03/2021,3,19:10,-1,E06000010,E06000010,E06000010,3,63,3,40,3,13,4,6,0,0,4,14,6,1,1,4,0,13,1,1,1,E01012854,5,1,1,0
2021061096679,2021,061096679,385248,398287,-2.223755,53.481111,6,3,2,1,25/08/2021,4,16:50,-1,E08000003,E08000003,E08000003,6,0,6,30,3,13,4,6,0,0,0,0,1,1,1,4,0,13,1,1,2,E01033663,3,1,0,1
2021201023595,2021,201023595,394058,285824,-2.088894,52.470333,20,3,1,1,07/02/2021,1,09:16,-1,E08000028,E08000028,E08000028,3,4100,6,30,3,13,4,6,0,0,0,0,1,1,1,4,0,13,1,1,2,E01009953,3,1,0,1
2021131076876,2021,131076876,419094,425408,-1.712104,53.724745,13,3,2,2,14/08/2021,7,09:10,-1,E08000034,E08000034,E08000034,3,638,6,30,3,13,4,6,0,0,0,0,1,1,1,4,0,13,1,1,2,E01011061,3,1,0,1
2021010308784,2021,010308784,549843,174239,0.154926,51.44732,1,2,2,1,22/05/2021,7,02:37,-1,E09000004,E09000004,E09000004,3,2,3,50,5,0,4,3,2,0,0,0,4,2,2,4,2,13,1,1,2,E01000364,-1,0,1,0
2021010295218,2021,010295218,555787,191594,0.24806,51.601646,1,3,1,1,04/03/2021,5,12:59,-1,E09000016,E09000016,E09000016,5,0,6,30,0,0,-1,0,-1,0,0,0,1,1,1,4,2,13,1,1,2,E01002296,-1,0,0,1
2021010318324,2021,010318324,529334,180524,-0.137727,51.508854,1,3,1,1,09/07/2021,6,09:30,-1,E09000033,E09000033,E09000033,6,0,2,20,3,13,4,3,4,0,0,0,1,1,1,4,0,13,1,3,2,E01033595,-1,0,0,1
2021231023608,2021,231023608,430709,271494,-1.550671,52.340687,23,3,2,1,18/02/2021,5,00:05,-1,E07000222,E10000031,E10000031,3,46,3,70,0,0,-1,0,-1,0,0,0,6,1,2,4,0,13,2,1,1,E01031299,3,1,0,1
2021070227046,2021,070227046,371946,379667,-2.422529,53.313205,7,3,2,1,10/04/2021,7,07:05,-1,E06000049,E06000049,E06000049,1,6,3,70,5,0,4,1,6,0,0,0,1,1,1,4,0,13,2,1,1,E01018648,-1,0,0.01413,0.98587
2021010294709,2021,010294709,547490,174370,0.121145,51.449114,1,3,3,2,28/02/2021,1,16:12,-1,E09000004,E09000004,E09000004,3,2,3,50,5,0,4,3,221,0,0,0,1,1,1,4,0,13,1,1,2,E01000352,-1,0,0,1
2021011049221,2021,011049221,532925,181850,-0.085513,51.519938,1,3,2,1,18/05/2021,3,11:55,-1,E09000019,E09000019,E09000019,6,0,6,20,0,0,-1,0,-1,0,5,15,1,1,1,4,0,13,1,1,2,E01002704,3,1,0,1
2021010304530,2021,010304530,524712,182237,-0.203687,51.525287,1,2,4,3,29/04/2021,5,15:49,-1,E09000033,E09000033,E09000033,3,404,3,20,3,13,4,6,0,0,0,0,1,1,1,4,0,13,1,1,2,E01004679,-1,0,1,0
2021544410121,2021,544410121,415561,186687,-1.776821,51.578835,54,3,2,2,10/05/2021,2,10:36,-1,E06000030,E06000030,E06000030,6,0,6,30,3,13,4,6,0,0,4,14,1,1,1,4,0,13,1,1,2,E01015506,-1,0,0.02911,0.97089
2021052102436,2021,052102436,334979,390429,-2.979531,53.406671,5,2,1,1,01/11/2021,2,17:30,-1,E08000012,E08000012,E08000012,6,0,6,30,0,0,-1,0,-1,0,0,0,4,2,2,4,0,13,1,1,2,E01033760,-1,0,1,0
2021201110554,2021,201110554,399257,297129,-2.01239,52.571998,20,3,3,2,25/09/2021,7,20:07,-1,E08000030,E08000030,E08000030,1,6,3,60,0,0,-1,0,-1,0,0,0,4,1,1,4,0,13,2,1,1,E01010367,3,1,0,1
2021010322627,2021,010322627,527078,185355,-0.168475,51.552782,1,3,1,1,04/08/2021,4,09:55,-1,E09000007,E09000007,E09000007,3,502,3,20,0,0,-1,0,-1,0,4,14,1,1,1,4,0,13,1,1,2,E01000898,-1,0,0,1
2021010312926,2021,010312926,523711,181464,-0.21838,51.51856,1,3,2,1,11/06/2021,6,15:40,-1,E09000020,E09000020,E09000020,6,0,6,20,6,16,4,6,0,9,9,99,1,8,1,4,0,13,1,3,2,E01002909,-1,0,0,1
2021010291788,2021,010291788,529838,176768,-0.131849,51.474984,1,3,2,1,04/02/2021,5,15:30,-1,E09000022,E09000022,E09000022,3,3036,7,30,5,0,4,6,0,9,0,0,1,1,2,4,0,13,1,3,2,E01003123,-1,0,0,1
2021440086543,2021,440086543,448327,117634,-1.31331,50.956108,44,3,1,1,08/03/2021,2,12:01,-1,E07000086,E10000014,E10000014,6,0,6,40,0,0,-1,0,-1,0,0,0,1,1,4,4,0,13,2,1,2,E01022686,-1,0,0,1
202160Z129923,2021,60Z129923,323641,363965,-3.143675,53.167318,60,3,2,1,02/09/2021,5,16:52,-1,W06000005,W06000005,W06000005,6,0,2,30,0,0,-1,0,-1,0,0,0,1,1,1,4,0,13,1,1,-1,W01000314,-1,0,0.13263,0.86737
202131C029821,2021,31C029821,457337,338988,-1.148171,52.945245,31,3,2,1,03/04/2021,7,09:44,-1,E06000018,E06000018,E06000018,3,6008,6,30,3,13,4,6,0,0,4,14,1,1,1,4,0,13,1,1,2,E01013871,-1,0,0.02994,0.97006
2021052100934,2021,052100934,344478,392707,-2.837064,53.42823,5,3,2,3,23/05/2021,1,12:30,-1,E08000011,E08000011,E08000011,4,5194,6,30,0,0,-1,0,-1,0,0,0,1,1,2,4,0,13,2,1,2,E01006440,-1,0,0.10013,0.89987
2021201053814,2021,201053814,399550,290298,-2.008054,52.510588,20,3,3,2,18/04/2021,1,02:53,-1,E08000028,E08000028,E08000028,3,4034,6,30,1,0,4,6,0,0,0,0,4,1,1,4,0,13,1,1,2,E01009989,3,1,0,1
20211383N0883,2021,1383N0883,430290,433398,-1.541649,53.79603,13,3,2,1,22/03/2021,2,17:40,-1,E08000035,E08000035,E08000035,6,0,2,30,0,0,-1,0,-1,0,4,14,4,1,1,4,0,13,1,2,2,E01033010,-1,0,0.0503,0.9497
2021010313547,2021,010313547,519031,178134,-0.286922,51.489635,1,3,1,1,13/06/2021,1,10:00,-1,E09000018,E09000018,E09000018,5,0,2,20,99,-1,9,3,205,9,9,99,1,1,1,4,2,13,1,3,2,E01002566,-1,0,0,1
2021531052907,2021,531052907,394098,222958,-2.087188,51.905136,53,3,2,1,07/06/2021,2,07:41,-1,E07000078,E10000013,E10000013,4,1,6,30,9,19,4,4,2,2,4,12,1,1,1,4,0,13,1,1,2,E01022158,3,1,0,1
2021461083055,2021,461083055,556016,139916,0.228701,51.137262,46,3,1,1,21/08/2021,7,00:02,-1,E07000116,E10000016,E10000016,6,0,6,30,3,13,4,6,0,0,0,0,4,1,1,4,0,13,1,1,2,E01024829,3,1,0,1
202134WNC1781,2021,34WNC1781,457806,272183,-1.152861,52.3447,34,2,2,1,31/03/2021,4,00:01,-1,E06000062,E06000062,E06000062,1,1,3,70,0,0,-1,0,-1,0,0,0,6,1,1,4,0,13,2,1,1,E01027006,-1,0,0.71389,0.28611
2021421065415,2021,421065415,578728,191903,0.579128,51.597617,42,3,2,1,12/07/2021,2,16:21,-1,E07000075,E10000012,E10000012,3,129,6,30,0,0,-1,0,-1,0,0,0,1,1,1,4,0,13,2,1,2,E01021920,3,1,0,1
2021440496783,2021,440496783,420084,94971,-1.716649,50.753983,44,3,3,5,10/12/2021,6,12:00,-1,E07000091,E10000014,E10000014,3,35,6,60,0,0,-1,0,-1,0,0,0,1,1,1,4,0,13,2,1,2,E01022996,-1,0,0,1
2021991014806,2021,991014806,254637,668223,-4.325576,55.88514,99,2,1,1,17/01/2021,1,15:00,-1,S12000049,S12000049,S12000049,3,739,6,30,3,13,2,6,0,2,5,12,1,2,2,4,2,13,1,1,-1,-1,5,1,1,0
202163D005321,2021,63D005321,304305,227831,-3.393515,51.94073,63,3,2,1,08/02/2021,2,16:20,-1,W06000023,W06000023,W06000023,3,40,3,70,0,0,-1,0,-1,0,0,0,1,4,2,4,0,13,2,1,-1,W01000489,-1,0,0.20617,0.79383
2021421051692,2021,421051692,559622,177860,0.297166,51.477182,42,3,1,1,03/06/2021,5,09:29,-1,E06000034,E06000034,E06000034,3,126,6,30,9,19,4,6,0,0,0,0,1,1,1,4,0,13,1,1,2,E01016011,3,1,0,1
2021552100043,2021,552100043,365895,90389,-2.484403,50.712116,55,3,4,1,18/01/2021,2,08:27,-1,E06000059,E06000059,E06000059,3,35,6,60,0,0,-1,0,-1,0,0,0,1,1,1,4,0,13,2,1,1,E01020509,-1,0,0.05594,0.94406
2021201057959,2021,201057959,406794,290973,-1.901307,52.516615,20,3,2,1,09/02/2021,3,17:00,-1,E08000025,E08000025,E08000025,3,34,3,30,0,0,-1,0,-1,0,4,14,1,1,2,4,0,13,1,2,2,E01009242,3,1,0,1
2021201124896,2021,201124896,415348,292522,-1.775179,52.530369,20,3,3,2,19/10/2021,3,11:05,-1,E08000025,E08000025,E08000025,3,38,3,40,0,0,-1,0,-1,0,0,0,1,2,2,4,0,13,2,1,2,E01009441,3,1,0,1
2021010300980,2021,010300980,521167,185864,-0.253514,51.558655,1,3,2,1,10/04/2021,7,18:14,-1,E09000005,E09000005,E09000005,3,406,3,40,5,0,4,3,4088,0,0,0,1,1,1,4,2,13,1,1,2,E01000628,-1,0,0,1
2021461043426,2021,461043426,565397,170590,0.376856,51.410212,46,3,2,1,05/05/2021,4,17:30,-1,E07000109,E10000016,E10000016,3,2,3,70,0,0,-1,0,-1,0,0,0,1,8,2,4,0,13,2,3,1,E01024301,3,1,0,1
2021461073494,2021,461073494,549589,157201,0.14411,51.294293,46,3,1,1,23/07/2021,6,00:01,-1,E07000111,E10000016,E10000016,1,25,3,70,5,0,4,1,25,0,0,0,4,1,1,4,0,13,2,1,1,E01024416,3,1,0,1
2021041084996,2021,041084996,354614,429747,-2.689934,53.762103,4,3,2,3,14/08/2021,7,10:55,-1,E07000123,E10000017,E10000017,3,6063,6,40,7,17,4,4,6243,0,0,0,1,1,1,4,0,13,1,2,2,E01025293,3,1,0,1
2021211087739,2021,211087739,398225,310270,-2.027692,52.69013,21,3,3,1,11/09/2021,7,11:52,-1,E07000192,E10000028,E10000028,3,5190,7,30,0,0,-1,0,-1,0,4,14,1,1,1,4,0,13,1,1,2,E01029367,3,1,0,1
2021520100446,2021,520100446,359158,152377,-2.586811,51.269068,52,3,1,1,19/01/2021,3,20:36,-1,E07000187,E06000066,E06000066,3,39,6,40,3,13,4,4,3114,0,0,0,6,1,2,4,2,13,2,1,2,E01029056,-1,0,0.18909,0.81091
2021010337986,2021,010337986,526908,174868,-0.174696,51.458573,1,3,2,2,17/10/2021,1,01:35,-1,E09000032,E09000032,E09000032,3,3,6,30,3,13,4,6,0,0,9,0,4,1,1,4,0,13,1,3,2,E01004621,-1,0,0,1
2021461072886,2021,461072886,559580,139079,0.279231,51.128761,46,3,2,1,30/07/2021,6,07:50,-1,E07000116,E10000016,E10000016,6,0,6,30,0,0,-1,0,-1,0,0,0,1,8,2,4,0,13,1,3,2,E01024821,3,1,0,1
2021201061546,2021,201061546,406159,280871,-1.910846,52.425806,20,3,2,1,20/02/2021,7,20:19,-1,E08000025,E08000025,E08000025,3,4040,6,30,0,0,-1,0,-1,0,0,0,4,8,2,4,0,13,1,2,2,E01008953,3,1,0,1
2021010300129,2021,010300129,513120,183462,-0.370315,51.538735,1,3,2,1,01/04/2021,5,08:40,-1,E09000009,E09000009,E09000009,5,0,6,30,8,18,9,6,0,0,0,0,1,1,1,4,0,13,1,3,2,E01001263,-1,0,0,1
2021461107888,2021,461107888,558865,172708,0.283963,51.431107,46,3,2,1,29/10/2021,6,00:59,-1,E07000107,E10000016,E10000016,3,2,3,70,0,0,-1,0,-1,0,0,0,4,1,1,4,0,13,2,1,1,E01024134,3,1,0,1
2021451026867,2021,451026867,488619,149308,-0.732001,51.236081,45,3,1,1,09/03/2021,3,10:30,-1,E07000209,E10000030,E10000030,6,0,6,30,0,0,-1,0,-1,0,0,0,1,1,1,4,2,13,1,1,2,E01030423,3,1,0,1
2021451045676,2021,451045676,507942,170487,-0.448908,51.423124,45,3,2,4,16/05/2021,1,00:20,-1,E07000213,E10000030,E10000030,3,308,3,40,6,16,2,4,378,0,5,15,4,1,1,4,0,13,1,1,2,E01030698,3,1,0,1
2021991096085,2021,991096085,272343,856335,-4.136487,57.578951,99,2,1,1,07/10/2021,5,16:00,-1,S12000017,S12000017,S12000017,3,832,6,20,9,19,4,6,0,0,0,0,1,1,2,4,0,13,2,1,-1,-1,7,1,1,0
202134NNC2861,2021,34NNC2861,480001,280060,-0.825242,52.412715,34,2,2,1,16/07/2021,6,20:50,-1,E06000061,E06000061,E06000061,3,14,3,70,0,0,-1,0,-1,0,0,0,1,1,1,4,0,13,2,1,1,E01027124,-1,0,0.70172,0.29828
2021010293408,2021,010293408,531438,183137,-0.106452,51.531851,1,3,2,1,19/02/2021,6,14:20,-1,E09000019,E09000019,E09000019,3,501,6,20,6,16,2,3,401,0,5,15,1,1,1,4,0,13,1,1,2,E01002727,-1,0,0,1
2021010298747,2021,010298747,531178,186573,-0.108919,51.56279,1,3,2,1,27/03/2021,7,17:50,-1,E09000019,E09000019,E09000019,3,503,2,30,9,19,4,6,0,0,0,0,1,1,1,4,0,13,1,1,2,E01002734,-1,0,0,1
2021221078657,2021,221078657,381603,270947,-2.27142,52.336308,22,3,1,1,03/08/2021,3,09:00,-1,E07000239,E10000034,E10000034,6,0,6,30,3,13,4,6,0,0,0,0,1,1,1,4,0,13,1,1,2,E01032461,3,1,0,1
202131C110421,2021,31C110421,453160,341798,-1.209866,52.970931,31,3,1,1,23/07/2021,6,15:21,-1,E06000018,E06000018,E06000018,6,0,6,20,0,0,-1,0,-1,0,0,0,1,1,1,4,0,13,1,1,2,E01013929,-1,0,0.1293,0.8707
2021451054923,2021,451054923,507984,170492,-0.448302,51.423161,45,3,2,1,11/06/2021,6,15:20,-1,E07000213,E10000030,E10000030,3,308,3,40,0,0,-1,0,-1,0,0,0,1,1,1,4,0,13,1,1,2,E01030698,3,1,0,1
2021451088953,2021,451088953,520725,164414,-0.267204,51.365967,45,3,2,1,18/09/2021,7,02:55,-1,E07000208,E10000030,E10000030,4,284,3,30,0,0,-1,0,-1,0,0,0,4,1,1,4,0,13,1,1,2,E01030394,3,1,0,1
2021131092914,2021,131092914,408959,425764,-1.865692,53.728215,13,2,2,1,29/09/2021,4,09:00,-1,E08000033,E08000033,E08000033,6,0,6,30,0,0,-1,0,-1,0,0,0,1,1,2,4,0,13,1,1,2,E01032923,7,1,1,0
2021010314131,2021,010314131,537219,189419,-0.020711,51.586927,1,3,2,1,16/06/2021,4,22:30,-1,E09000031,E09000031,E09000031,3,112,6,30,5,0,4,6,0,0,0,0,4,2,2,4,0,13,1,1,2,E01004397,-1,0,0,1
2021070765800,2021,070765800,375600,384697,-2.368076,53.358599,7,3,2,2,03/11/2021,4,20:58,-1,E06000049,E06000049,E06000049,1,56,9,70,0,0,-1,0,-1,0,0,0,6,2,2,4,2,13,2,1,1,E01018648,-1,0,0.10957,0.89043
2021061096937,2021,061096937,388079,387805,-2.180697,53.386967,6,3,2,1,08/09/2021,4,08:15,-1,E08000007,E08000007,E08000007,6,0,6,30,9,19,2,6,0,0,8,17,1,8,1,4,0,13,1,2,2,E01005761,3,1,0,1
2021101044204,2021,101044204,422528,569764,-1.649193,55.021917,10,3,2,1,10/05/2021,2,17:40,-1,E08000021,E08000021,E08000021,3,1,3,70,0,0,-1,0,-1,0,0,0,1,1,1,4,0,13,2,1,1,E01008311,3,1,0,1
2021201085128,2021,201085128,391830,298378,-2.122004,52.583163,20,3,3,3,27/05/2021,5,18:15,-1,E08000031,E08000031,E08000031,3,4150,3,30,1,0,2,3,4150,0,7,16,1,1,1,4,0,13,1,1,2,E01010521,3,1,0,1
2021010303151,2021,010303151,519610,189320,-0.274787,51.590047,1,3,2,1,22/04/2021,5,18:15,-1,E09000005,E09000005,E09000005,5,0,6,30,9,19,4,6,0,0,0,0,1,1,1,4,0,13,1,1,2,E01000591,-1,0,0,1
2021010305954,2021,010305954,545300,163114,0.085048,51.348538,1,3,1,1,07/05/2021,6,10:38,-1,E09000006,E09000006,E09000006,5,0,6,30,0,0,-1,0,-1,2,0,12,1,1,1,4,0,13,2,1,2,E01000749,-1,0,0,1
2021010295701,2021,010295701,536225,195825,-0.032562,51.644732,1,3,2,1,08/03/2021,2,06:55,-1,E09000010,E09000010,E09000010,3,110,1,30,1,0,4,3,1055,9,5,15,1,1,1,4,9,13,1,3,2,E01001506,-1,0,0,1
2021010311490,2021,010311490,530301,186956,-0.121422,51.566435,1,3,2,1,04/06/2021,6,15:30,-1,E09000019,E09000019,E09000019,3,103,6,20,3,13,4,6,0,0,0,0,1,2,2,4,0,13,1,1,2,E01002807,-1,0,0,1
2021461099982,2021,461099982,589371,164624,0.718007,51.349138,46,3,3,2,13/10/2021,4,06:35,-1,E07000113,E10000016,E10000016,4,2006,6,40,0,0,-1,0,-1,0,0,0,1,1,1,4,0,13,2,1,2,E01024567,3,1,0,1
2021231030937,2021,231030937,441628,260651,-1.391748,52.242494,23,3,3,2,11/03/2021,5,10:02,-1,E07000221,E10000031,E10000031,3,423,6,50,0,0,-1,0,-1,0,0,0,1,1,1,4,0,13,2,1,2,E01031222,3,1,0,1
2021010299906,2021,010299906,527837,176546,-0.160726,51.473444,1,3,2,1,03/04/2021,7,19:40,-1,E09000032,E09000032,E09000032,3,3205,6,30,3,13,3,6,0,0,0,0,4,1,1,4,0,13,1,1,2,E01004539,-1,0,0,1
2021501100501,2021,501100501,272183,127001,-3.824051,51.028119,50,3,1,1,30/09/2021,5,15:40,-1,E07000043,E10000008,E10000008,3,361,3,60,0,0,-1,0,-1,0,0,0,1,1,2,4,0,13,2,1,2,E01020131,3,1,0,1
2021411114084,2021,411114084,510979,196806,-0.396954,51.659097,41,3,2,1,25/09/2021,7,14:12,-1,E07000103,E10000015,E10000015,6,0,6,20,3,13,4,6,0,1,4,11,1,1,1,4,0,13,1,1,2,E01023859,3,1,0,1
2021371025329,2021,371025329,620634,245495,1.217388,52.06388,37,2,2,1,23/02/2021,3,13:36,-1,E07000244,E10000029,E10000029,3,1214,6,30,3,13,2,6,0,0,5,15,1,1,1,4,0,13,1,1,2,E01030207,6,1,1,0
2021552200009,2021,552200009,341072,93599,-2.836466,50.738986,55,3,4,2,17/09/2021,6,19:55,-1,E06000059,E06000059,E06000059,3,35,3,60,0,0,-1,0,-1,0,0,0,7,1,2,4,0,13,2,1,1,E01020517,-1,0,0.1427,0.8573
2021101018847,2021,101018847,435308,560180,-1.450488,54.935059,10,2,1,1,02/02/2021,3,19:40,-1,E08000023,E08000023,E08000023,6,0,6,60,0,0,-1,0,-1,0,0,0,6,5,2,4,0,13,2,2,2,E01008615,5,1,1,0
2021201052046,2021,201052046,406754,290788,-1.9019,52.514953,20,3,2,1,30/03/2021,3,13:35,-1,E08000025,E08000025,E08000025,3,34,1,30,0,0,-1,0,-1,0,0,0,1,1,1,4,0,13,1,3,2,E01009051,3,1,0,1
2021010337047,2021,010337047,514910,184520,-0.344171,51.547883,1,3,2,1,09/10/2021,7,23:40,-1,E09000009,E09000009,E09000009,6,0,6,20,99,-1,9,6,0,0,0,0,4,1,1,4,0,13,1,3,2,E01001272,-1,0,0,1
2021010309508,2021,010309508,534230,181598,-0.066811,51.517364,1,2,2,1,17/05/2021,2,18:00,-1,E09000030,E09000030,E09000030,3,11,3,30,6,16,2,6,0,9,5,15,1,5,2,4,9,13,1,3,2,E01004309,-1,0,1,0
2021122100673,2021,122100673,460968,451125,-1.07246,53.952656,12,3,2,1,27/04/2021,3,21:18,-1,E06000014,E06000014,E06000014,6,0,6,30,6,16,2,6,0,0,5,15,4,1,1,4,0,13,1,1,2,E01013364,-1,0,0.01901,0.98099
2021501018603,2021,501018603,272878,107604,-3.807373,50.853932,50,2,1,1,25/01/2021,2,09:30,-1,E07000042,E10000008,E10000008,3,377,6,40,0,0,-1,0,-1,0,0,0,1,1,4,4,0,13,2,1,2,E01020073,7,1,1,0
202160Z175012,2021,60Z175012,299149,378755,-3.514605,53.296137,60,3,1,1,01/12/2021,4,09:32,-1,W06000003,W06000003,W06000003,6,0,6,30,0,0,-1,0,-1,0,0,0,1,1,1,4,0,13,1,1,-1,W01000150,-1,0,0.15191,0.84809
202131C014421,2021,31C014421,456849,341529,-1.154988,52.968136,31,3,2,3,25/02/2021,5,13:24,-1,E06000018,E06000018,E06000018,3,6130,1,30,1,0,4,4,682,0,1,13,1,1,1,4,0,13,1,2,2,E01013815,-1,0,0.05434,0.94566
2021070784552,2021,070784552,340345,365981,-2.894224,53.187575,7,3,2,1,09/11/2021,3,18:15,-1,E06000050,E06000050,E06000050,6,0,6,30,1,0,4,6,0,0,0,0,4,9,1,4,0,13,1,2,2,E01018326,-1,0,0.00615,0.99385
2021141062083,2021,141062083,441727,393157,-1.373406,53.43357,14,3,2,1,30/06/2021,4,10:30,-1,E08000018,E08000018,E08000018,3,629,3,40,0,0,-1,0,-1,0,0,0,1,1,1,4,0,13,1,1,2,E01007716,3,1,0,1
2021010291213,2021,010291213,534053,199999,-0.062334,51.682762,1,3,3,1,30/01/2021,7,07:26,-1,E09000010,E09000010,E09000010,1,25,3,70,0,0,-1,0,-1,0,0,0,1,5,2,4,0,13,2,1,1,E01001412,-1,0,0,1
2021351062135,2021,351062135,517821,281960,-0.268772,52.422962,35,3,2,1,13/04/2021,3,00:22,-1,E07000011,E10000003,E10000003,2,1,3,70,0,0,-1,0,-1,0,0,0,1,1,1,4,0,13,2,1,1,E01018192,3,1,0,1
2021501072931,2021,501072931,293849,89133,-3.504221,50.692118,50,3,1,1,23/07/2021,6,11:26,-1,E07000045,E10000008,E10000008,3,379,6,40,0,0,-1,0,-1,0,0,0,4,1,1,4,0,13,2,1,2,E01020242,3,1,0,1
2021440415808,2021,440415808,414931,114353,-1.788913,50.928431,44,3,1,1,15/10/2021,6,15:30,-1,E07000091,E10000014,E10000014,6,0,6,30,0,0,-1,0,-1,0,0,0,1,1,1,4,0,13,2,2,2,E01023022,-1,0,0,1
202163D020421,2021,63D020421,297149,220828,-3.495487,51.876509,63,3,2,1,22/04/2021,5,13:28,-1,W06000023,W06000023,W06000023,3,470,6,60,0,0,-1,0,-1,0,0,0,1,1,1,4,0,13,2,1,-1,W01001897,-1,0,0.21207,0.78793
2021332100615,2021,332100615,458460,302405,-1.137976,52.616297,33,3,2,2,13/08/2021,6,15:25,-1,E06000016,E06000016,E06000016,4,5366,6,30,0,0,-1,0,-1,0,0,0,1,1,1,4,0,13,1,1,2,E01013688,-1,0,0.01755,0.98245
2021010345617,2021,010345617,528248,184367,-0.151969,51.543638,1,3,2,1,23/11/2021,3,15:18,-1,E09000007,E09000007,E09000007,3,502,6,20,0,0,-1,0,-1,0,4,14,1,1,1,4,0,13,1,1,2,E01000904,-1,0,0,1
2021010298814,2021,010298814,522018,179212,-0.243548,51.498688,1,2,2,1,28/03/2021,1,13:10,-1,E09000013,E09000013,E09000013,3,402,1,20,2,0,4,4,409,0,0,0,1,1,1,4,0,13,1,1,2,E01001930,-1,0,1,0
2021010305531,2021,010305531,524566,181267,-0.206133,51.516602,1,3,1,1,04/05/2021,3,16:30,-1,E09000020,E09000020,E09000020,4,412,6,40,3,13,4,6,0,0,0,0,1,1,1,4,0,13,1,3,2,E01002831,-1,0,0,1
2021010302106,2021,010302106,527222,182783,-0.167328,51.529635,1,3,2,1,17/04/2021,7,13:00,-1,E09000033,E09000033,E09000033,6,0,9,20,3,13,4,3,41,0,9,0,1,1,1,4,0,13,1,3,2,E01004725,-1,0,0,1
2021302101877,2021,302101877,441503,329511,-1.384995,52.861511,30,3,1,1,24/11/2021,4,11:30,-1,E07000039,E10000007,E10000007,5,0,6,30,0,0,-1,0,-1,0,0,0,1,1,1,4,0,13,2,2,2,E01019833,-1,0,0.04298,0.95702
2021421072174,2021,421072174,574047,209476,0.520365,51.756934,42,1,2,3,31/07/2021,7,03:11,-1,E07000070,E10000012,E10000012,3,12,1,70,1,0,4,3,130,0,0,0,6,1,1,4,0,13,2,1,1,E01021537,1,1,0,0
2021991120285,2021,991120285,343513,741756,-2.920745,56.564339,99,3,2,1,12/12/2021,1,20:38,-1,S12000041,S12000041,S12000041,3,90,3,70,7,17,4,6,0,0,0,0,4,4,2,4,0,13,2,1,-1,-1,3,1,0,1
2021010349070,2021,010349070,535104,193075,-0.049815,51.620291,1,3,2,2,09/12/2021,5,19:29,-1,E09000010,E09000010,E09000010,4,137,6,30,3,13,2,6,0,0,4,14,4,2,2,4,0,13,1,1,2,E01001426,-1,0,0,1
2021471074385,2021,471074385,531177,104849,-0.138766,50.828319,47,3,2,2,05/08/2021,5,20:57,-1,E06000043,E06000043,E06000043,4,2119,6,30,3,13,4,6,0,0,0,0,7,8,5,4,2,13,1,1,2,E01033329,3,1,0,1
2021548620421,2021,548620421,400980,153996,-1.987325,51.285097,54,3,2,1,04/09/2021,7,16:07,-1,E06000054,E06000054,E06000054,4,3098,6,30,8,18,4,6,0,0,0,0,1,1,1,4,0,13,2,1,2,E01031858,-1,0,0.07968,0.92032
2021201090018,2021,201090018,393226,288505,-2.101197,52.494425,20,3,2,1,14/08/2021,7,11:00,-1,E08000027,E08000027,E08000027,6,0,6,30,3,13,4,6,0,0,0,0,1,1,1,4,0,13,1,1,2,E01009844,3,1,0,1
2021010312388,2021,010312388,522633,195935,-0.228858,51.648848,1,3,2,1,05/06/2021,7,09:50,-1,E09000003,E09000003,E09000003,3,411,6,30,9,19,4,6,0,0,0,0,1,1,1,4,0,13,1,3,2,E01000253,-1,0,0,1
2021302100216,2021,302100216,438972,365381,-1.41827,53.184124,30,3,2,2,26/02/2021,6,21:00,-1,E07000038,E10000007,E10000007,3,61,6,50,0,0,-1,0,-1,0,0,0,4,1,1,4,0,13,1,1,2,E01019825,-1,0,0.044,0.956
2021440043995,2021,440043995,448229,113809,-1.315211,50.921722,44,3,2,1,05/02/2021,6,06:47,-1,E07000086,E10000014,E10000014,1,27,3,50,5,0,4,6,0,0,0,0,4,7,2,4,0,13,1,1,1,E01022702,-1,0,0,1
2021041087120,2021,041087120,351994,431327,-2.729919,53.776068,4,2,2,1,13/09/2021,2,13:27,-1,E07000123,E10000017,E10000017,4,5411,6,30,3,13,4,6,0,0,0,0,1,1,1,4,0,13,1,2,2,E01025240,7,1,1,0
2021052101924,2021,052101924,330708,408545,-3.047769,53.568933,5,3,3,4,15/09/2021,4,13:50,-1,E08000014,E08000014,E08000014,3,565,3,60,0,0,-1,0,-1,0,0,0,1,1,1,4,0,13,2,1,2,E01006987,-1,0,0.20414,0.79586
2021501127445,2021,501127445,287620,74024,-3.587792,50.555126,50,3,1,1,16/10/2021,7,13:01,-1,E07000045,E10000008,E10000008,3,380,3,70,0,0,-1,0,-1,0,0,0,1,1,1,4,0,13,2,1,2,E01020251,3,1,0,1
202131A111621,2021,31A111621,455988,359289,-1.164727,53.127854,31,3,1,1,04/08/2021,4,08:30,-1,E07000174,E10000024,E10000024,6,0,6,30,3,13,4,6,0,0,0,0,1,1,1,4,2,13,1,1,2,E01028255,-1,0,0.13933,0.86067
2021211121546,2021,211121546,392391,324556,-2.114342,52.818502,21,3,2,1,10/12/2021,6,09:15,-1,E07000197,E10000028,E10000028,6,0,6,30,0,0,-1,0,-1,0,0,0,1,1,2,4,0,13,1,1,2,E01029689,3,1,0,1
2021471069167,2021,471069167,526992,125983,-0.190804,51.019203,47,3,2,1,22/07/2021,5,14:00,-1,E07000228,E10000032,E10000032,4,2115,6,60,3,13,4,6,0,0,0,0,1,1,1,4,0,13,2,1,2,E01031727,3,1,0,1
2021471086255,2021,471086255,510972,103961,-0.425801,50.824557,47,3,3,1,08/09/2021,4,15:39,-1,E07000229,E10000032,E10000032,6,0,6,30,3,13,4,6,0,0,0,0,1,1,1,4,0,13,1,2,2,E01031817,3,1,0,1
2021070548094,2021,070548094,343521,374657,-2.848238,53.265901,7,3,4,2,06/08/2021,6,17:40,-1,E06000050,E06000050,E06000050,3,5117,6,30,0,0,-1,0,-1,0,0,0,1,1,1,4,0,13,1,1,2,E01018337,-1,0,0.05854,0.94146
2021010295623,2021,010295623,537033,176985,-0.028229,51.475238,1,3,1,1,07/03/2021,1,13:50,-1,E09000023,E09000023,E09000023,3,2,6,30,3,13,4,4,218,2,0,12,1,8,1,4,0,13,1,1,2,E01003207,-1,0,0,1
2021440252115,2021,440252115,443542,118331,-1.381349,50.962756,44,3,2,1,26/06/2021,7,22:31,-1,E07000086,E10000014,E10000014,6,0,6,40,3,13,4,6,0,0,8,17,4,1,1,4,0,13,2,1,2,E01022677,-1,0,0,1
2021430444191,2021,430444191,442400,172664,-1.391199,51.451379,43,3,3,1,02/10/2021,7,17:42,-1,E06000037,E06000037,E06000037,1,4,3,70,5,0,4,6,0,0,0,0,6,5,2,4,0,13,2,1,1,E01016326,-1,0,0.0699,0.9301
2021010317280,2021,010317280,540868,175288,0.026279,51.459048,1,3,2,4,03/07/2021,7,18:53,-1,E09000011,E09000011,E09000011,3,2213,6,30,3,13,4,6,0,9,5,15,1,1,1,4,0,13,1,3,2,E01001658,-1,0,0,1
2021440466688,2021,440466688,483678,159943,-0.800271,51.332435,44,3,2,1,20/11/2021,7,15:03,-1,E07000089,E10000014,E10000014,4,3272,6,30,0,0,-1,0,-1,0,0,0,1,1,1,4,0,13,2,1,2,E01022877,-1,0,0,1
2021411118348,2021,411118348,511794,193184,-0.386333,51.626381,41,3,2,1,11/08/2021,4,19:15,-1,E07000102,E10000015,E10000015,4,4542,6,30,2,0,4,6,0,0,0,0,1,1,1,4,0,13,1,1,2,E01023805,3,1,0,1
2021371070134,2021,371070134,585538,265407,0.716932,52.255557,37,3,3,2,20/07/2021,3,07:25,-1,E07000245,E10000029,E10000029,3,14,3,50,0,0,-1,0,-1,0,0,0,1,1,1,4,0,13,2,3,1,E01030137,3,1,0,1
2021471088935,2021,471088935,530450,136511,-0.137737,51.113049,47,3,2,1,17/09/2021,6,21:13,-1,E07000226,E10000032,E10000032,1,23,3,70,0,0,-1,0,-1,0,0,0,6,1,1,4,0,13,1,1,1,E01031592,3,1,0,1
2021170L10211,2021,170L10211,467263,514041,-0.962479,54.517226,17,3,3,5,24/02/2021,4,11:02,241,E06000003,E06000003,E06000003,3,171,6,60,0,0,-1,0,-1,0,0,0,1,1,1,4,0,13,2,1,2,E01012132,-1,0,0.35879,0.64121
2021201133949,2021,201133949,401696,298298,-1.976397,52.582505,20,2,1,1,17/12/2021,6,14:49,-1,E08000030,E08000030,E08000030,6,0,6,30,0,0,-1,0,-1,-1,0,0,1,1,2,4,2,13,1,2,2,E01010370,7,1,1,0
2021010349565,2021,010349565,518610,180854,-0.292069,51.51417,1,3,1,2,12/12/2021,1,07:05,-1,E09000009,E09000009,E09000009,3,406,6,30,6,16,2,6,0,2,4,12,4,3,2,4,2,13,1,1,2,E01001235,-1,0,0,1
2021421018545,2021,421018545,580655,192480,0.607217,51.602186,42,2,2,1,01/02/2021,2,16:55,-1,E07000075,E10000012,E10000012,6,0,6,30,8,18,4,6,0,0,0,0,4,1,1,4,0,13,2,1,2,E01021918,7,1,1,0
202131A085221,2021,31A085221,454094,348231,-1.194884,53.028659,31,3,2,1,08/07/2021,5,11:11,-1,E07000170,E10000024,E10000024,6,0,6,30,0,0,-1,0,-1,0,0,0,1,1,1,4,0,13,1,1,2,E01027929,-1,0,0.16591,0.83409
202160Z161289,2021,60Z161289,332198,351078,-3.012973,53.052656,60,3,3,2,03/11/2021,4,17:40,-1,W06000006,W06000006,W06000006,3,483,3,70,5,0,4,3,541,0,0,0,6,1,2,4,0,13,2,1,-1,W01000380,-1,0,0.15466,0.84534
2021430151959,2021,430151959,485966,191957,-0.759655,51.619884,43,3,3,1,11/04/2021,1,16:51,-1,E06000060,E06000060,E06000060,3,404,3,40,0,0,-1,0,-1,0,0,0,1,1,1,4,0,13,2,1,2,E01017841,-1,0,0.07802,0.92198
2021061097586,2021,061097586,372318,408887,-2.419527,53.575861,6,3,1,4,17/09/2021,6,05:05,-1,E08000001,E08000001,E08000001,3,579,3,30,3,13,4,3,666,2,5,12,6,2,2,4,0,13,1,1,2,E01004817,3,1,0,1
2021201118773,2021,201118773,399110,299230,-2.014565,52.590885,20,3,2,2,25/08/2021,4,00:46,-1,E08000030,E08000030,E08000030,1,6,3,60,0,0,-1,0,-1,0,0,0,4,1,1,4,0,13,2,1,1,E01010270,3,1,0,1
2021010312732,2021,010312732,531041,187217,-0.110654,51.568609,1,3,2,1,10/06/2021,5,15:27,-1,E09000014,E09000014,E09000014,3,1201,6,20,7,17,2,6,0,0,5,15,1,1,1,4,0,13,1,1,2,E01002065,-1,0,0,1
2021010297070,2021,010297070,532457,176771,-0.094159,51.474404,1,3,2,1,16/03/2021,3,21:32,-1,E09000028,E09000028,E09000028,6,0,2,20,6,16,2,3,202,0,1,13,7,1,1,4,0,13,1,3,2,E01003921,-1,0,0,1
202131B164921,2021,31B164921,478591,387383,-0.820076,53.377487,31,3,2,1,03/11/2021,4,20:18,-1,E07000171,E10000024,E10000024,3,620,6,50,0,0,-1,0,-1,0,0,0,6,1,1,4,0,13,2,1,2,E01028035,-1,0,0.0918,0.9082
2021543318421,2021,543318421,415679,187165,-1.775097,51.583129,54,3,2,1,09/04/2021,6,22:43,-1,E06000030,E06000030,E06000030,3,4311,1,30,2,0,4,6,0,0,0,0,4,1,1,4,0,13,1,1,2,E01015560,-1,0,0.01602,0.98398
2021440204220,2021,440204220,448530,95029,-1.313411,50.752828,44,3,1,1,26/05/2021,4,15:26,-1,E06000046,E06000046,E06000046,6,0,6,30,0,0,-1,0,-1,0,0,0,1,1,1,4,2,13,1,1,2,E01017302,-1,0,0,1
2021401062750,2021,401062750,496703,237069,-0.592027,52.02363,40,3,4,4,23/06/2021,4,08:33,-1,E06000056,E06000056,E06000056,1,1,3,50,0,0,-1,0,-1,0,0,0,1,1,1,4,0,13,2,1,1,E01017379,3,1,0,1
2021101037447,2021,101037447,425836,563051,-1.598056,54.961435,10,3,2,1,19/04/2021,2,17:00,-1,E08000037,E08000037,E08000037,3,167,3,40,0,0,-1,0,-1,0,0,0,1,1,1,4,0,13,1,2,2,E01008166,3,1,0,1
2021010304666,2021,010304666,511298,177953,-0.398313,51.489582,1,3,2,1,30/04/2021,6,11:43,-1,E09000018,E09000018,E09000018,1,4,3,50,0,0,-1,0,-1,0,0,0,1,1,1,4,0,13,1,1,1,E01002633,-1,0,0,1
2021031023716,2021,031023716,312121,529324,-3.363521,54.651336,3,3,2,1,01/02/2021,2,10:30,-1,E07000026,E10000006,E06000063,3,66,6,60,0,0,-1,0,-1,0,0,0,1,8,1,4,0,13,2,1,1,E01019078,3,1,0,1
2021501051610,2021,501051610,248756,118544,-4.154367,50.946433,50,3,2,1,14/05/2021,6,13:28,-1,E07000046,E10000008,E10000008,6,0,6,30,0,0,-1,0,-1,0,0,0,1,2,2,4,0,13,2,1,2,E01020287,3,1,0,1
2021991031033,2021,991031033,327033,675868,-3.170623,55.970238,99,2,1,1,24/03/2021,4,11:00,-1,S12000036,S12000036,S12000036,6,0,6,20,3,13,4,6,0,0,8,17,1,1,1,4,0,13,1,1,-1,-1,7,1,1,0
2021201061310,2021,201061310,408203,290795,-1.880547,52.514996,20,3,3,1,08/05/2021,7,16:49,-1,E08000025,E08000025,E08000025,3,4040,6,30,0,0,-1,0,-1,0,4,14,1,1,2,4,0,13,1,1,2,E01009239,3,1,0,1
2021010297916,2021,010297916,512251,183610,-0.382793,51.540238,1,2,2,1,22/03/2021,2,15:44,-1,E09000009,E09000009,E09000009,3,312,3,30,3,13,4,6,0,0,0,0,1,1,1,4,0,13,1,1,2,E01001324,-1,0,1,0
2021010302089,2021,010302089,541423,184551,0.037973,51.542146,1,3,2,1,17/04/2021,7,09:25,-1,E09000025,E09000025,E09000025,6,0,2,20,3,13,4,4,109,0,0,0,1,1,1,4,0,13,1,1,2,E01003563,-1,0,0,1
2021991016585,2021,991016585,257643,660809,-4.27367,55.819478,99,2,2,2,24/01/2021,1,14:35,-1,S12000049,S12000049,S12000049,6,0,6,30,3,13,4,6,0,0,0,0,1,1,2,4,0,13,1,1,-1,-1,6,1,1,0
202163A030721,2021,63A030721,250180,200641,-4.168631,51.684492,63,3,2,1,28/05/2021,6,14:50,-1,W06000010,W06000010,W06000010,3,484,6,30,3,13,4,6,0,0,0,0,1,1,1,4,0,13,1,2,-1,W01000654,-1,0,0.00696,0.99304
2021010296707,2021,010296707,545897,192048,0.105554,51.608371,1,3,1,1,13/03/2021,7,13:10,-1,E09000026,E09000026,E09000026,5,0,2,30,0,0,-1,0,-1,0,9,0,1,1,1,4,0,13,1,3,2,E01003720,-1,0,0,1
2021041058973,2021,041058973,375455,430075,-2.373838,53.766453,4,3,3,1,22/06/2021,3,17:03,-1,E07000120,E10000017,E10000017,3,680,6,30,9,19,4,6,0,0,0,0,1,1,1,4,0,13,1,1,2,E01025034,3,1,0,1
2021991081350,2021,991081350,373393,674875,-2.427815,55.966134,99,2,2,2,26/08/2021,5,10:30,-1,S12000010,S12000010,S12000010,3,1,6,60,0,0,-1,0,-1,0,0,0,1,1,1,4,0,13,2,1,-1,-1,6,1,1,0
202131C061821,2021,31C061821,455363,341042,-1.177194,52.963914,31,3,3,2,29/05/2021,7,09:28,-1,E06000018,E06000018,E06000018,3,610,3,30,6,16,2,3,6130,0,5,15,1,1,-1,4,0,13,1,2,2,E01013812,-1,0,0.01113,0.98887
2021430523193,2021,430523193,502196,178555,-0.529192,51.49671,43,3,2,1,19/11/2021,6,08:15,-1,E06000039,E06000039,E06000039,6,0,6,30,3,13,4,6,0,0,0,0,1,1,1,4,0,13,1,1,2,E01016492,-1,0,0.01027,0.98973
2021101102058,2021,101102058,417395,606517,-1.72723,55.352372,10,3,1,1,24/10/2021,1,13:42,-1,E06000057,E06000057,E06000057,3,1,3,70,9,19,4,6,0,0,0,0,1,1,1,4,0,13,2,2,1,E01027370,3,1,0,1
2021061097345,2021,061097345,383001,398522,-2.257627,53.483155,6,3,2,1,09/09/2021,5,01:01,-1,E08000006,E08000006,E08000006,3,34,3,30,6,16,2,3,6,0,5,15,4,1,1,4,0,13,1,2,2,E01032906,3,1,0,1
2021201049076,2021,201049076,409095,288310,-1.86747,52.492642,20,3,2,1,02/02/2021,3,12:44,-1,E08000025,E08000025,E08000025,3,47,3,30,0,0,-1,0,-1,0,4,14,1,1,1,4,0,13,1,2,2,E01009201,3,1,0,1
2021201031880,2021,201031880,394895,284230,-2.076547,52.456012,20,3,2,3,18/01/2021,2,20:05,-1,E08000027,E08000027,E08000027,3,458,6,30,0,0,-1,0,-1,0,0,0,4,2,2,4,0,13,1,1,2,E01009863,3,1,0,1
2021320173928,2021,320173928,507928,347273,-0.392775,53.011917,32,3,2,1,29/03/2021,2,11:15,-1,E07000139,E10000019,E10000019,3,17,3,70,5,0,4,3,153,0,0,0,1,4,1,4,0,13,2,1,2,E01026230,-1,0,0.00805,0.99195
202134WNC4561,2021,34WNC4561,475329,251020,-0.900393,52.152347,34,3,6,3,27/09/2021,2,14:14,-1,E06000062,E06000062,E06000062,3,508,6,60,0,0,-1,0,-1,0,0,0,1,1,1,4,0,13,2,1,2,E01027279,-1,0,0,1
2021010308283,2021,010308283,534902,193967,-0.052387,51.628355,1,3,2,1,19/05/2021,4,07:30,-1,E09000010,E09000010,E09000010,5,0,6,30,5,0,2,6,0,0,8,17,1,2,2,4,0,13,1,3,2,E01001489,-1,0,0,1
2021010295761,2021,010295761,531721,189031,-0.100169,51.584752,1,3,2,1,02/03/2021,3,16:45,-1,E09000014,E09000014,E09000014,3,105,6,20,99,-1,2,6,0,9,9,99,1,1,1,4,2,13,1,3,2,E01001999,-1,0,0,1
2021010337968,2021,010337968,532790,182456,-0.087229,51.525415,1,3,5,3,17/10/2021,1,05:52,-1,E09000019,E09000019,E09000019,3,501,1,20,1,0,2,3,501,0,5,15,4,1,1,4,0,13,1,1,2,E01002704,-1,0,0,1
2021302101379,2021,302101379,426023,365650,-1.612014,53.187329,30,3,2,1,21/07/2021,4,08:59,-1,E07000035,E10000007,E10000007,3,6,6,50,0,0,-1,0,-1,0,0,0,1,9,1,4,0,13,2,2,2,E01019630,-1,0,0.00341,0.99659
2021451089611,2021,451089611,516767,165463,-0.323689,51.376222,45,3,2,1,20/09/2021,2,09:10,-1,E07000207,E10000030,E10000030,3,309,3,50,0,0,-1,0,-1,0,0,0,1,1,1,4,0,13,2,1,2,E01030325,3,1,0,1
2021052101525,2021,052101525,339334,391156,-2.914171,53.413723,5,3,2,4,31/07/2021,7,11:25,-1,E08000012,E08000012,E08000012,6,0,6,30,6,16,2,3,57,0,5,15,1,8,1,4,0,13,1,1,2,E01032508,-1,0,0.11896,0.88104
2021201133397,2021,201133397,403459,293975,-1.950422,52.543634,20,3,2,1,21/09/2021,3,17:30,-1,E08000028,E08000028,E08000028,6,0,6,20,3,13,4,3,4041,0,0,0,1,1,1,4,0,13,1,2,2,E01009949,3,1,0,1
2021471099068,2021,471099068,560848,99321,0.279789,50.771172,47,3,2,1,14/10/2021,5,08:54,-1,E07000061,E10000011,E10000011,3,2040,6,30,3,13,4,6,0,0,0,0,1,1,1,4,0,13,1,2,2,E01020965,3,1,0,1
202134NNC1961,2021,34NNC1961,495934,270007,-0.593936,52.319806,34,3,2,1,23/04/2021,6,15:20,-1,E06000061,E06000061,E06000061,3,45,1,60,1,0,4,3,6,0,0,0,1,1,1,4,0,13,2,3,1,E01027037,-1,0,0,1
2021010290076,2021,010290076,531102,161713,-0.119218,51.339396,1,3,1,1,25/01/2021,2,09:11,-1,E09000008,E09000008,E09000008,3,23,1,30,7,17,2,3,2022,0,5,15,1,1,2,4,0,13,1,1,2,E01001092,-1,0,0,1
2021010350494,2021,010350494,534962,189364,-0.053291,51.586977,1,3,2,1,16/12/2021,5,16:30,-1,E09000014,E09000014,E09000014,3,503,6,20,99,-1,2,3,503,9,9,99,4,1,1,4,0,13,2,3,2,E01002078,-1,0,0,1
2021351027638,2021,351027638,545702,248782,0.12665,52.118174,35,3,2,2,25/02/2021,5,19:20,-1,E07000012,E10000003,E10000003,1,11,3,70,0,0,-1,0,-1,0,0,0,6,1,1,4,0,13,2,1,1,E01018302,3,1,0,1
202131D076421,2021,31D076421,450363,337869,-1.252118,52.935884,31,3,2,2,15/06/2021,3,14:08,-1,E07000172,E10000024,E10000024,4,5010,6,30,3,13,4,6,0,0,0,0,1,9,-1,4,0,13,1,2,2,E01028090,-1,0,0.06284,0.93716
2021622100770,2021,622100770,312495,179716,-3.2623,51.509573,62,3,4,2,06/10/2021,4,07:49,-1,W06000015,W06000015,W06000015,3,4119,6,40,0,0,-1,0,-1,0,0,0,1,1,1,4,0,13,2,1,-1,W01001729,-1,0,0.0186,0.9814
2021421022939,2021,421022939,565802,181518,0.387794,51.50827,42,3,2,1,16/02/2021,3,17:20,-1,E06000034,E06000034,E06000034,3,13,3,60,0,0,-1,0,-1,0,0,0,6,1,1,4,0,13,2,2,2,E01015979,3,1,0,1
2021111137522,2021,111137522,421311,535445,-1.670744,54.713576,11,3,3,2,15/12/2021,4,16:53,-1,E06000047,E06000047,E06000047,3,690,6,60,0,0,-1,0,-1,0,0,0,6,1,1,4,1,13,2,2,2,E01020900,3,1,0,1
2021501109207,2021,501109207,206305,80762,-4.738111,50.594359,50,2,1,1,13/10/2021,4,15:52,-1,E06000052,E06000052,E06000052,4,3267,6,30,0,0,-1,0,-1,0,0,0,1,1,1,4,2,13,2,1,2,E01018940,7,1,1,0
2021010297029,2021,010297029,526372,193445,-0.175742,51.625644,1,3,2,1,15/03/2021,2,07:50,-1,E09000003,E09000003,E09000003,6,0,6,20,3,13,4,3,1000,9,9,99,1,1,1,4,0,13,1,3,2,E01000284,-1,0,0,1
2021010292292,2021,010292292,538363,180767,-0.007608,51.508901,1,3,2,1,04/02/2021,5,13:10,-1,E09000030,E09000030,E09000030,6,0,9,20,99,-1,2,6,0,9,5,15,1,9,1,4,1,13,1,3,2,E01032777,-1,0,0,1
2021031038594,2021,031038594,343822,553636,-2.876996,54.874325,3,2,1,1,23/04/2021,6,19:26,-1,E07000028,E10000006,E06000063,1,6,3,70,0,0,-1,0,-1,0,0,0,1,1,1,4,0,13,2,1,1,E01019213,6,1,1,0
2021302101199,2021,302101199,429786,318428,-1.560026,52.762656,30,3,1,1,11/08/2021,4,13:00,-1,E07000039,E10000007,E10000007,5,0,6,30,3,13,4,6,0,0,0,0,1,9,1,4,0,13,1,2,2,E01019837,-1,0,0.02616,0.97384
2021451056318,2021,451056318,504403,171899,-0.499373,51.436479,45,3,2,1,16/06/2021,4,07:10,-1,E07000213,E10000030,E10000030,3,30,7,30,1,0,2,3,308,0,0,0,1,1,1,4,0,13,1,1,1,E01030734,3,1,0,1
2021451093788,2021,451093788,500821,158200,-0.55477,51.313988,45,2,2,1,01/10/2021,6,07:04,-1,E07000217,E10000030,E10000030,6,0,6,30,3,13,4,6,0,0,0,0,4,2,2,4,2,13,1,1,2,E01030990,7,1,1,0
2021440243509,2021,440243509,458898,83451,-1.168296,50.647763,44,2,1,1,21/07/2021,4,12:19,-1,E06000046,E06000046,E06000046,3,3055,6,30,3,13,2,3,3056,0,5,15,1,2,2,4,0,13,1,1,2,E01017318,-1,0,0.92411,0.07589
2021411052912,2021,411052912,503054,191813,-0.512953,51.615724,41,2,2,1,03/06/2021,5,16:45,-1,E07000102,E10000015,E10000015,3,412,6,40,0,0,-1,0,-1,0,0,0,1,1,1,4,0,13,2,1,2,E01023837,6,1,1,0
2021430151049,2021,430151049,488599,178670,-0.724979,51.500037,43,3,2,1,10/04/2021,7,12:40,-1,E06000040,E06000040,E06000040,2,404,3,50,1,0,2,1,4,0,0,0,1,1,1,4,0,13,2,3,1,E01016539,-1,0,0.00143,0.99857
2021111080892,2021,111080892,428498,527575,-1.559956,54.6425,11,2,2,1,24/08/2021,3,12:25,-1,E06000047,E06000047,E06000047,3,167,6,60,9,19,4,6,0,0,0,0,1,1,1,4,0,13,2,1,2,E01020803,6,1,1,0
2021070629056,2021,070629056,368320,354023,-2.474399,53.082498,7,3,2,1,09/09/2021,5,19:37,-1,E06000049,E06000049,E06000049,6,0,6,30,0,0,-1,0,-1,0,0,0,1,1,1,4,0,13,1,2,2,E01018490,-1,0,0.00665,0.99335
2021010337406,2021,010337406,506513,178505,-0.46704,51.495465,1,3,2,1,14/10/2021,5,08:25,-1,E09000017,E09000017,E09000017,1,4,3,70,0,0,-1,0,-1,0,0,0,1,1,1,4,0,13,2,1,1,E01002446,-1,0,0,1
2021010310354,2021,010310354,532925,184745,-0.08442,51.545953,1,3,2,1,29/05/2021,7,23:00,-1,E09000019,E09000019,E09000019,6,0,7,20,99,-1,9,6,0,0,0,0,7,1,1,4,0,13,1,3,2,E01002716,-1,0,0,1
2021231047308,2021,231047308,438044,276781,-1.442418,52.387759,23,3,3,1,07/05/2021,6,13:48,-1,E07000220,E10000031,E10000031,3,46,3,70,0,0,-1,0,-1,0,0,0,1,1,1,4,0,13,2,1,1,E01031152,3,1,0,1
2021201075694,2021,201075694,406401,286955,-1.907173,52.480498,20,3,2,2,04/04/2021,1,16:34,-1,E08000025,E08000025,E08000025,3,4400,3,30,3,13,4,6,0,0,8,17,1,1,1,4,0,13,1,1,2,E01033622,3,1,0,1
2021231095615,2021,231095615,428933,307399,-1.573634,52.663559,23,2,1,2,03/10/2021,1,08:00,-1,E07000218,E10000031,E10000031,1,42,3,70,0,0,-1,0,-1,0,0,0,1,1,1,4,0,13,2,1,1,E01031036,5,1,1,0
202160Z072610,2021,60Z072610,333001,371217,-3.005212,53.233758,60,3,4,1,25/05/2021,3,14:19,-1,W06000005,W06000005,W06000005,3,548,3,50,0,0,-1,0,-1,0,0,0,1,1,1,4,0,13,2,1,-1,W01000332,-1,0,0.03121,0.96879
2021440086175,2021,440086175,448331,117634,-1.313253,50.956108,44,3,1,1,08/03/2021,2,07:35,-1,E07000086,E10000014,E10000014,6,0,6,40,0,0,-1,0,-1,0,0,0,1,1,4,4,0,13,2,1,2,E01022686,-1,0,0,1
2021440469547,2021,440469547,448173,113685,-1.316024,50.920612,44,3,3,1,22/11/2021,2,17:29,-1,E07000086,E10000014,E10000014,1,27,3,70,5,0,4,6,0,0,0,0,6,1,1,4,0,13,2,1,1,E01022702,-1,0,0,1
2021231068644,2021,231068644,441325,282277,-1.393535,52.436929,23,3,2,1,25/05/2021,3,00:51,-1,E07000220,E10000031,E10000031,1,6,3,70,0,0,-1,0,-1,0,0,0,6,1,2,4,0,13,2,1,1,E01031159,3,1,0,1
2021201049177,2021,201049177,397217,287076,-2.042401,52.481615,20,3,2,1,02/02/2021,3,16:02,-1,E08000028,E08000028,E08000028,4,4171,6,30,3,13,4,6,0,0,4,14,4,2,2,4,0,13,1,1,2,E01009929,3,1,0,1
2021131035582,2021,131035582,419742,434070,-1.701734,53.802574,13,3,2,1,13/04/2021,3,09:55,-1,E08000032,E08000032,E08000032,6,0,6,30,0,0,-1,0,-1,0,0,0,1,1,1,4,0,13,1,2,2,E01010627,3,1,0,1
2021010304345,2021,010304345,519205,188746,-0.280826,51.584974,1,3,2,1,28/04/2021,4,08:30,-1,E09000005,E09000005,E09000005,3,4006,9,20,1,0,4,3,4140,9,9,99,1,1,9,4,9,13,1,3,2,E01000591,-1,0,0,1
2021010323704,2021,010323704,534266,197479,-0.060222,51.660067,1,3,1,1,10/08/2021,3,11:55,-1,E09000010,E09000010,E09000010,5,0,6,30,3,13,4,6,0,0,0,0,1,1,1,4,0,13,1,1,2,E01001518,-1,0,0,1
2021010345515,2021,010345515,545798,178417,0.098482,51.485916,1,3,3,4,23/11/2021,3,05:20,-1,E09000011,E09000011,E09000011,3,206,6,20,3,13,4,6,0,0,1,13,4,1,1,4,0,13,1,1,2,E01001677,-1,0,0,1
2021010311697,2021,010311697,510699,178160,-0.406873,51.49156,1,2,4,2,05/06/2021,7,14:30,-1,E09000018,E09000018,E09000018,1,4,3,70,5,0,4,6,0,0,0,0,1,1,1,4,0,13,1,1,1,E01002633,-1,0,1,0
2021231029106,2021,231029106,429898,266033,-1.563057,52.291636,23,3,2,4,10/03/2021,4,15:40,-1,E07000222,E10000031,E10000031,6,0,6,30,0,0,-1,0,-1,0,0,0,1,1,2,4,0,13,1,2,2,E01031309,3,1,0,1
2021991103608,2021,991103608,242346,663591,-4.51918,55.839697,99,3,1,1,28/10/2021,5,02:58,-1,S12000038,S12000038,S12000038,4,789,6,30,7,17,2,4,789,0,5,15,4,2,2,4,6,13,2,1,-1,-1,3,1,0,1
2021541018321,2021,541018321,418360,186381,-1.736444,51.576,54,3,1,1,01/02/2021,2,17:53,-1,E06000030,E06000030,E06000030,3,4321,6,30,3,13,4,6,0,0,0,0,4,1,1,4,0,13,1,1,2,E01015551,-1,0,0.1136,0.8864
2021201111827,2021,201111827,400699,287717,-1.991129,52.487385,20,2,1,2,01/10/2021,6,17:40,-1,E08000028,E08000028,E08000028,6,0,6,30,3,13,4,4,4182,0,1,13,1,1,2,4,0,13,1,1,2,E01009944,7,1,1,0
2021201072650,2021,201072650,400941,299997,-1.987535,52.597781,20,1,2,1,22/07/2021,5,15:47,-1,E08000030,E08000030,E08000030,4,4210,6,30,3,13,4,6,0,0,4,14,1,1,1,4,0,13,1,1,2,E01010374,1,1,0,0
2021501048583,2021,501048583,310066,94895,-3.276098,50.746658,50,3,1,1,28/04/2021,4,09:10,-1,E07000040,E10000008,E10000008,6,0,6,30,3,13,4,6,0,0,0,0,1,1,1,4,0,13,2,1,2,E01019942,3,1,0,1
202134NNC9121,2021,34NNC9121,495674,278136,-0.595434,52.392911,34,1,1,1,02/11/2021,3,15:41,-1,E06000061,E06000061,E06000061,5,0,6,60,8,18,4,6,0,0,0,0,1,2,2,4,2,13,2,1,2,E01027032,-1,0,0,0
2021481153475,2021,481153475,532610,181126,-0.090322,51.513505,48,3,2,1,27/07/2021,3,16:00,-1,E09000001,E09000001,E09000001,6,0,6,20,5,0,4,6,0,0,0,0,1,1,1,4,0,13,1,3,2,E01032739,3,1,0,1
2021031027520,2021,031027520,341748,559094,-2.910417,54.923128,3,3,2,1,11/03/2021,5,16:52,-1,E07000028,E10000006,E06000063,1,6,3,70,0,0,-1,0,-1,0,0,0,1,8,4,4,0,13,2,2,1,E01019240,3,1,0,1
202131B201921,2021,31B201921,468233,382957,-0.976701,53.339146,31,3,1,2,04/12/2021,7,03:00,-1,E07000171,E10000024,E10000024,6,0,6,60,0,0,-1,0,-1,0,0,0,4,2,2,4,0,13,2,1,2,E01028036,-1,0,0.21706,0.78294
2021471061486,2021,471061486,503487,103358,-0.532203,50.820519,47,2,2,1,30/06/2021,4,19:00,-1,E07000224,E10000032,E10000032,3,259,3,40,0,0,-1,0,-1,0,0,0,1,1,1,4,0,13,1,1,2,E01031408,7,1,1,0
2021052101092,2021,052101092,334266,389953,-2.990155,53.402304,5,3,1,1,10/06/2021,5,19:04,-1,E08000012,E08000012,E08000012,3,5036,3,30,0,0,-1,0,-1,0,4,14,1,1,1,4,0,13,1,1,2,E01033756,-1,0,0.09222,0.90778
2021131051444,2021,131051444,427740,425836,-1.581036,53.728206,13,2,2,1,02/06/2021,4,12:45,-1,E08000035,E08000035,E08000035,6,0,1,40,0,0,-1,0,-1,0,0,0,1,1,1,4,0,13,1,1,2,E01011550,6,1,1,0
2021010341334,2021,010341334,506343,178437,-0.469509,51.494885,1,3,2,1,02/11/2021,3,17:10,-1,E09000017,E09000017,E09000017,1,4,3,50,0,0,-1,0,-1,0,0,0,4,1,1,4,0,13,2,1,1,E01002446,-1,0,0,1
2021010334886,2021,010334886,525527,179570,-0.192895,51.501138,1,3,2,1,01/10/2021,6,15:00,-1,E09000020,E09000020,E09000020,3,315,3,30,0,0,-1,0,-1,0,0,0,1,1,1,4,0,13,1,1,2,E01002825,-1,0,0,1
2021010293537,2021,010293537,534644,173873,-0.063791,51.447845,1,3,2,1,20/02/2021,7,13:35,-1,E09000028,E09000028,E09000028,6,0,6,20,2,0,3,6,0,9,0,0,1,1,1,4,0,13,1,3,2,E01003949,-1,0,0,1
2021061110025,2021,061110025,370140,401998,-2.451759,53.513823,6,3,2,1,27/10/2021,4,22:05,-1,E08000010,E08000010,E08000010,6,0,6,30,3,13,2,3,577,0,0,0,4,1,1,4,0,13,1,3,2,E01006377,3,1,0,1
2021010317178,2021,010317178,530388,180248,-0.12265,51.506132,1,3,1,1,03/07/2021,7,18:55,-1,E09000033,E09000033,E09000033,3,3211,7,30,0,0,-1,0,-1,0,5,15,1,1,1,4,0,13,2,3,2,E01004733,-1,0,0,1
2021302101161,2021,302101161,442753,340788,-1.364951,52.96278,30,3,2,1,03/08/2021,3,14:25,-1,E07000036,E10000007,E10000007,5,0,6,60,0,0,-1,0,-1,0,0,0,1,1,1,4,0,13,2,2,2,E01019704,-1,0,0.00379,0.99621
2021170S11561,2021,170S11561,441418,522555,-1.360485,54.596499,17,1,4,3,29/09/2021,4,19:33,-1,E06000004,E06000004,E06000004,3,177,6,50,0,0,-1,0,-1,0,0,0,6,1,1,4,0,13,2,1,2,E01033480,-1,0,0,0
2021161035009,2021,161035009,502746,425367,-0.444644,53.714633,16,3,2,1,05/04/2021,2,19:15,-1,E06000011,E06000011,E06000011,6,0,6,20,0,0,-1,0,-1,0,0,0,1,1,1,4,0,13,1,2,2,E01013009,3,1,0,1
2021501020025,2021,501020025,252778,56604,-4.072491,50.390825,50,3,3,5,01/02/2021,2,13:35,-1,E06000026,E06000026,E06000026,4,3416,3,30,0,0,-1,0,-1,0,0,0,1,2,2,4,0,13,1,1,2,E01015122,3,1,0,1
2021101037543,2021,101037543,429410,569519,-1.541582,55.019359,10,3,2,1,20/04/2021,3,13:17,-1,E08000022,E08000022,E08000022,3,191,6,40,0,0,-1,0,-1,0,5,15,1,1,1,4,0,13,2,2,2,E01008503,3,1,0,1
2021201084734,2021,201084734,430139,275940,-1.55864,52.380688,20,3,2,1,01/06/2021,3,18:25,-1,E08000026,E08000026,E08000026,6,0,6,30,0,0,-1,0,-1,0,0,0,1,1,1,4,0,13,1,1,2,E01009671,3,1,0,1
2021010314501,2021,010314501,530084,183170,-0.12595,51.532461,1,3,2,1,18/06/2021,6,19:30,-1,E09000007,E09000007,E09000007,3,5202,6,30,0,0,-1,0,-1,0,0,0,1,1,1,4,0,13,1,1,2,E01000953,-1,0,0,1
2021010322230,2021,010322230,543572,175126,0.065108,51.456913,1,3,2,1,02/08/2021,2,02:23,-1,E09000011,E09000011,E09000011,3,2,3,50,0,0,-1,0,-1,0,0,0,4,1,1,4,2,13,1,1,2,E01001608,-1,0,0,1
2021411075088,2021,411075088,512036,195429,-0.38212,51.646511,41,3,2,1,20/07/2021,3,23:55,-1,E07000103,E10000015,E10000015,3,411,6,30,6,16,2,3,4008,0,0,0,4,1,1,4,0,13,1,1,2,E01023884,3,1,0,1
2021111083612,2021,111083612,426121,534499,-1.59617,54.704849,11,3,1,1,01/09/2021,4,13:45,-1,E06000047,E06000047,E06000047,6,0,6,30,0,0,-1,0,-1,0,0,0,1,1,1,4,0,13,1,2,2,E01020818,3,1,0,1
2021101027495,2021,101027495,395008,565084,-2.079539,54.98034,10,3,1,1,11/03/2021,5,05:36,-1,E06000057,E06000057,E06000057,3,69,3,70,0,0,-1,0,-1,0,0,0,6,4,2,4,0,13,2,1,1,E01027504,3,1,0,1
2021052100179,2021,052100179,336100,393890,-2.963374,53.437912,5,3,2,2,05/02/2021,6,19:56,-1,E08000012,E08000012,E08000012,6,0,3,30,3,13,2,6,0,0,5,15,4,2,2,4,0,13,1,1,2,E01006542,-1,0,0.03301,0.96699
2021201087112,2021,201087112,408306,285883,-1.87915,52.470835,20,2,1,1,03/09/2021,6,14:40,-1,E08000025,E08000025,E08000025,6,0,6,30,0,0,-1,0,-1,2,5,12,1,1,1,4,0,13,1,1,2,E01009364,7,1,1,0
2021010292464,2021,010292464,547333,179610,0.121072,51.496238,1,3,1,1,11/02/2021,5,11:58,-1,E09000011,E09000011,E09000011,3,2041,1,20,1,0,4,5,0,9,9,99,1,1,1,4,9,13,1,3,2,E01001575,-1,0,0,1
2021010294313,2021,010294313,553145,182461,0.20597,51.520312,1,3,1,1,26/02/2021,6,08:50,-1,E09000016,E09000016,E09000016,3,1306,6,40,6,16,2,5,0,0,5,15,1,1,1,4,2,13,1,1,2,E01002342,-1,0,0,1
2021461105502,2021,461105502,557368,172306,0.262268,51.427913,46,3,2,2,15/10/2021,6,22:46,-1,E07000107,E10000016,E10000016,3,2,3,70,0,0,-1,0,-1,0,0,0,1,1,1,4,0,13,1,1,1,E01024133,3,1,0,1
2021161025797,2021,161025797,514652,432728,-0.261602,53.778289,16,3,1,1,07/02/2021,1,17:36,-1,E06000010,E06000010,E06000010,3,165,3,30,0,0,-1,0,-1,0,4,14,6,1,1,4,0,13,1,1,2,E01012833,3,1,0,1
2021461073526,2021,461073526,574679,167908,0.508867,51.383339,46,3,2,2,31/07/2021,7,19:03,-1,E06000035,E06000035,E06000035,3,2,1,30,1,0,4,3,2,0,5,15,1,1,2,4,0,13,1,3,2,E01016110,3,1,0,1
2021201084880,2021,201084880,391833,298456,-2.121962,52.583864,20,3,2,1,02/06/2021,4,19:49,-1,E08000031,E08000031,E08000031,3,4150,1,30,1,0,2,6,0,0,7,16,1,1,1,4,0,13,1,2,2,E01010521,3,1,0,1
2021010298898,2021,010298898,512638,183902,-0.377122,51.542786,1,3,2,1,29/03/2021,2,06:30,-1,E09000009,E09000009,E09000009,3,312,1,30,1,0,2,3,312,0,0,0,1,1,1,4,0,13,1,1,2,E01001321,-1,0,0,1
2021411122305,2021,411122305,513774,207833,-0.352969,51.757644,41,3,2,1,05/11/2021,6,14:20,-1,E07000240,E10000015,E10000015,6,0,1,30,1,0,4,3,5183,0,8,17,1,1,1,4,0,13,1,1,2,E01023669,3,1,0,1
2021211086568,2021,211086568,385956,332391,-2.210168,52.888802,21,3,1,2,11/09/2021,7,13:41,-1,E07000197,E10000028,E10000028,6,0,6,60,3,13,4,6,0,0,0,0,1,1,1,4,0,13,2,1,2,E01029747,3,1,0,1
2021542317621,2021,542317621,419002,186682,-1.727164,51.578685,54,3,2,1,10/03/2021,4,06:55,-1,E06000030,E06000030,E06000030,3,420,6,30,0,0,-1,0,-1,0,0,0,1,2,4,4,0,13,1,3,2,E01015473,-1,0,0.00216,0.99784
2021461065534,2021,461065534,582918,166508,0.626415,51.368171,46,2,1,1,05/06/2021,7,20:22,-1,E06000035,E06000035,E06000035,6,0,6,30,0,0,-1,0,-1,0,0,0,7,1,1,4,0,13,1,1,2,E01016095,7,1,1,0
2021201128354,2021,201128354,406482,284735,-1.906023,52.460539,20,3,2,1,04/11/2021,5,14:27,-1,E08000025,E08000025,E08000025,3,38,6,30,3,13,4,6,0,0,0,0,1,1,1,4,0,13,1,1,2,E01008984,3,1,0,1
2021201125220,2021,201125220,404560,294211,-1.934184,52.545748,20,3,1,2,11/11/2021,5,20:04,-1,E08000028,E08000028,E08000028,3,4041,3,20,0,0,-1,0,-1,0,5,15,4,1,1,4,0,13,1,1,2,E01009974,3,1,0,1
2021010305814,2021,010305814,520827,182282,-0.259646,51.526535,1,3,1,1,06/05/2021,5,16:10,-1,E09000009,E09000009,E09000009,5,0,6,20,3,13,4,6,0,0,0,0,1,1,1,4,0,13,1,1,2,E01001246,-1,0,0,1
2021010295554,2021,010295554,531484,186793,-0.104425,51.564696,1,3,2,1,06/03/2021,7,16:30,-1,E09000012,E09000012,E09000012,3,503,6,30,3,13,2,3,1201,0,4,14,1,1,1,4,0,13,1,1,2,E01001718,-1,0,0,1
2021010293789,2021,010293789,524216,181551,-0.211075,51.519231,1,3,2,1,22/02/2021,2,01:15,-1,E09000020,E09000020,E09000020,4,450,6,30,6,16,4,6,0,9,1,13,1,1,1,4,0,13,1,3,2,E01002909,-1,0,0,1
2021010290983,2021,010290983,537667,180938,-0.017564,51.510607,1,3,2,1,31/01/2021,1,22:00,-1,E09000030,E09000030,E09000030,3,13,1,20,0,0,-1,0,-1,0,0,0,4,2,2,4,9,13,1,3,2,E01004257,-1,0,0,1
2021361065216,2021,361065216,620539,314080,1.261065,52.679531,36,2,2,1,02/06/2021,4,10:18,-1,E07000144,E10000020,E10000020,3,140,1,60,1,0,4,4,1149,0,0,0,1,1,1,4,0,13,2,1,2,E01026536,6,1,1,0
2021991129977,2021,991129977,325706,673285,-3.191165,55.946832,99,3,2,1,17/12/2021,6,09:05,-1,S12000036,S12000036,S12000036,6,0,6,20,3,13,2,6,0,0,0,0,1,9,1,4,2,13,1,2,-1,-1,3,1,0,1
202163B046121,2021,63B046121,269536,281096,-3.919548,52.412275,63,3,2,1,30/06/2021,4,11:15,-1,W06000008,W06000008,W06000008,3,44,6,60,0,0,-1,0,-1,0,0,0,1,1,1,4,0,13,2,2,-1,W01000543,-1,0,0.20685,0.79315
2021010291558,2021,010291558,515631,189000,-0.332305,51.588001,1,3,2,1,04/02/2021,5,21:28,-1,E09000015,E09000015,E09000015,3,409,6,30,9,19,2,6,0,0,8,17,4,2,2,4,0,13,1,3,2,E01002182,-1,0,0,1
2021501066117,2021,501066117,296180,94627,-3.472779,50.741929,50,3,1,1,14/06/2021,2,10:20,-1,E07000041,E10000008,E10000008,6,0,6,30,0,0,-1,0,-1,0,0,0,1,1,1,4,0,13,1,1,2,E01020003,3,1,0,1
2021231081029,2021,231081029,438388,279300,-1.437077,52.41038,23,3,2,2,12/05/2021,4,17:15,-1,E07000220,E10000031,E10000031,3,46,1,40,1,0,4,3,46,0,0,0,1,1,1,4,0,13,2,1,1,E01031159,3,1,0,1
2021221093543,2021,221093543,365382,269139,-2.509291,52.319267,22,3,2,1,20/09/2021,2,10:28,-1,E07000235,E10000034,E10000034,3,443,6,60,0,0,-1,0,-1,0,0,0,1,1,1,4,0,13,2,1,2,E01032193,3,1,0,1
2021101014948,2021,101014948,433279,568629,-1.481176,55.011119,10,3,2,2,15/01/2021,6,14:48,-1,E08000022,E08000022,E08000022,5,0,6,30,0,0,-1,0,-1,0,0,0,1,1,1,4,0,13,1,1,2,E01008492,3,1,0,1
2021010300488,2021,010300488,549018,184025,0.147192,51.535467,1,3,2,1,07/04/2021,4,18:54,-1,E09000002,E09000002,E09000002,6,0,6,30,6,16,4,6,0,0,0,0,1,1,1,4,0,13,1,1,2,E01000086,-1,0,0,1
2021302101812,2021,302101812,442294,352926,-1.3702,53.07192,30,3,3,2,19/11/2021,6,15:05,-1,E07000032,E10000007,E10000007,4,6016,6,30,0,0,-1,0,-1,0,0,0,1,9,1,4,0,13,1,2,2,E01019443,-1,0,0.00524,0.99476
2021991105261,2021,991105261,334126,662794,-3.053816,55.853818,99,3,1,1,02/11/2021,3,15:15,-1,S12000019,S12000019,S12000019,6,0,6,20,0,0,-1,0,-1,0,4,14,1,1,1,4,0,13,2,1,-1,-1,3,1,0,1
2021430194431,2021,430194431,463325,170675,-1.090455,51.431549,43,2,1,1,06/05/2021,5,21:56,-1,E06000037,E06000037,E06000037,3,4,3,50,1,0,4,6,0,0,0,0,4,1,1,4,0,13,2,1,2,E01016345,-1,0,1,0
2021131120198,2021,131120198,409652,422437,-1.855291,53.698299,13,3,2,1,11/12/2021,7,09:30,-1,E08000033,E08000033,E08000033,4,6112,7,40,0,0,-1,0,-1,0,0,0,1,9,1,4,0,13,2,2,2,E01010971,3,1,0,1
2021010301794,2021,010301794,530908,182134,-0.114462,51.522961,1,2,2,1,15/04/2021,5,17:20,-1,E09000007,E09000007,E09000007,3,5200,6,30,3,13,2,6,0,0,1,13,1,1,1,4,0,13,1,3,2,E01000920,-1,0,1,0
2021010341581,2021,010341581,512689,179940,-0.377653,51.507166,1,3,2,1,03/11/2021,4,20:00,-1,E09000009,E09000009,E09000009,5,0,6,20,6,16,2,3,3005,0,0,0,4,1,1,4,0,13,1,1,2,E01001361,-1,0,0,1
2021361030041,2021,361030041,624053,311158,1.31097,52.651866,36,3,2,1,19/03/2021,6,17:30,-1,E07000144,E10000020,E10000020,3,1151,6,30,1,0,4,3,1042,0,0,0,1,1,1,4,0,13,1,1,2,E01026557,3,1,0,1
2021211053506,2021,211053506,384055,348514,-2.239222,53.033682,21,3,2,1,08/06/2021,3,11:35,-1,E07000195,E10000028,E10000028,3,34,3,50,0,0,-1,0,-1,0,0,0,1,1,1,4,0,13,1,1,2,E01029558,3,1,0,1
2021052101319,2021,052101319,325971,390699,-3.115067,53.407909,5,3,3,2,02/07/2021,6,09:21,-1,E08000015,E08000015,E08000015,3,551,6,30,0,0,-1,0,-1,0,0,0,1,1,1,4,0,13,1,1,2,E01007227,-1,0,0.05488,0.94512
2021440241583,2021,440241583,442903,116677,-1.390643,50.947931,44,3,2,1,19/06/2021,7,21:17,-1,E07000093,E10000014,E10000014,1,27,3,70,0,0,-1,0,-1,0,0,0,4,2,2,4,0,13,1,1,1,E01023171,-1,0,0,1
2021361121426,2021,361121426,621459,312682,1.273711,52.666609,36,3,2,2,11/10/2021,2,16:00,-1,E07000144,E10000020,E10000020,6,0,6,30,0,0,-1,0,-1,0,0,0,1,1,1,4,0,13,1,1,2,E01026530,3,1,0,1
2021430082851,2021,430082851,460103,188225,-1.133811,51.589683,43,3,2,1,27/02/2021,7,10:25,-1,E07000179,E10000025,E10000025,3,4130,6,60,0,0,-1,0,-1,0,0,0,1,1,1,4,0,13,2,2,2,E01028617,-1,0,0.02861,0.97139
2021471087277,2021,471087277,503669,103308,-0.529634,50.820037,47,3,1,1,12/09/2021,1,10:55,-1,E07000224,E10000032,E10000032,3,259,6,30,0,0,-1,0,-1,0,5,15,1,1,1,4,0,13,1,2,2,E01031408,3,1,0,1
2021552100322,2021,552100322,410978,97450,-1.845661,50.776518,55,2,4,1,06/04/2021,3,13:02,-1,E06000058,E06000058,E06000058,4,3073,6,30,3,13,4,6,0,0,0,0,1,1,1,4,0,13,2,1,2,E01020365,-1,0,1,0
2021201116069,2021,201116069,399127,298769,-2.014313,52.586741,20,3,2,1,04/08/2021,4,13:45,-1,E08000030,E08000030,E08000030,1,6,3,70,0,0,-1,0,-1,0,0,0,1,1,1,4,0,13,1,1,1,E01010270,3,1,0,1
2021421032640,2021,421032640,575642,205368,0.541379,51.719537,42,3,1,1,01/04/2021,5,12:40,-1,E07000070,E10000012,E10000012,3,414,6,60,3,13,4,6,0,0,0,0,1,1,1,4,0,13,2,1,2,E01021571,3,1,0,1
2021461021821,2021,461021821,631895,142060,1.313055,51.130848,46,3,3,1,04/02/2021,5,12:00,-1,E07000108,E10000016,E10000016,6,0,6,30,2,0,-1,6,0,0,0,0,1,1,1,4,0,13,1,2,2,E01033211,3,1,0,1
2021361109779,2021,361109779,624018,308925,1.30894,52.63184,36,3,1,1,14/11/2021,1,13:30,-1,E07000148,E10000020,E10000020,3,147,6,30,3,13,4,6,0,0,0,0,1,2,2,4,0,13,1,1,2,E01033438,3,1,0,1
2021430467613,2021,430467613,503934,178342,-0.504226,51.494479,43,3,2,1,16/10/2021,7,13:40,-1,E06000039,E06000039,E06000039,1,4,3,50,0,0,-1,0,-1,0,0,0,1,1,1,4,0,13,2,3,1,E01016482,-1,0,0.00376,0.99624
2021430518991,2021,430518991,479321,171106,-0.860306,51.433414,43,3,3,2,16/11/2021,3,18:22,-1,E06000041,E06000041,E06000041,2,329,3,50,5,0,4,1,4,0,0,0,6,1,1,4,0,13,2,1,2,E01016656,-1,0,0.02681,0.97319
2021010322056,2021,010322056,512443,180429,-0.38104,51.51161,1,3,2,1,01/08/2021,1,04:56,-1,E09000009,E09000009,E09000009,3,4020,6,20,9,19,2,6,0,0,0,0,1,8,1,4,0,13,1,1,2,E01001361,-1,0,0,1
2021010308067,2021,010308067,530596,185795,-0.117599,51.555933,1,3,2,1,18/05/2021,3,16:50,-1,E09000019,E09000019,E09000019,3,503,2,20,3,13,4,3,5203,0,5,15,1,1,1,4,0,13,1,1,2,E01002767,-1,0,0,1
2021421103641,2021,421103641,551534,233282,0.204893,51.977354,42,3,4,4,29/10/2021,6,01:39,-1,E07000077,E10000012,E10000012,1,11,3,70,0,0,-1,0,-1,0,0,0,6,1,1,4,0,13,2,1,1,E01022073,3,1,0,1
2021421104349,2021,421104349,582362,214198,0.643184,51.796703,42,3,2,2,31/10/2021,1,13:58,-1,E07000067,E10000012,E10000012,4,1018,6,30,0,0,-1,0,-1,0,1,13,1,1,2,4,0,13,1,2,2,E01021415,3,1,0,1
2021991093199,2021,991093199,331977,664078,-3.088458,55.865054,99,2,2,3,29/09/2021,4,17:02,-1,S12000019,S12000019,S12000019,6,0,6,40,6,16,2,4,704,0,0,0,1,1,1,4,0,13,2,1,-1,-1,6,1,1,0
2021311111651,2021,311111651,452997,345512,-1.211685,53.004329,31,3,2,1,18/11/2021,5,11:59,-1,E06000018,E06000018,E06000018,3,6002,6,30,0,0,-1,0,-1,0,5,15,1,1,1,4,0,13,1,1,2,E01013883,3,1,0,1
2021201144503,2021,201144503,392248,285178,-2.115523,52.464502,20,2,2,2,25/11/2021,5,00:35,-1,E08000027,E08000027,E08000027,3,4036,3,30,0,0,-1,0,-1,0,8,17,4,1,2,4,0,13,1,1,2,E01009867,7,1,1,0
2021138112445,2021,138112445,430433,433971,-1.539422,53.801172,13,3,2,1,01/01/2021,6,23:38,-1,E08000035,E08000035,E08000035,6,0,6,30,6,16,2,6,0,0,4,14,4,1,2,4,0,13,1,1,2,E01033002,-1,0,0.05368,0.94632
2021010301902,2021,010301902,533584,185186,-0.074755,51.549761,1,2,1,1,16/04/2021,6,11:37,-1,E09000012,E09000012,E09000012,5,0,6,30,0,0,-1,0,-1,0,0,0,1,1,1,4,2,13,1,1,2,E01033699,-1,0,1,0
2021501117964,2021,501117964,264542,56246,-3.906966,50.390436,50,3,2,2,04/11/2021,5,09:25,-1,E07000044,E10000008,E10000008,6,0,6,30,1,0,4,4,3213,0,0,0,1,1,2,4,0,13,1,1,2,E01020162,3,1,0,1
2021461038657,2021,461038657,558579,172684,0.279842,51.430972,46,3,5,2,13/04/2021,3,14:07,-1,E07000107,E10000016,E10000016,3,2,7,50,0,0,-1,0,-1,0,0,0,1,1,1,4,0,13,2,1,1,E01024134,3,1,0,1
2021471101259,2021,471101259,526849,135255,-0.189594,51.102568,47,3,1,1,21/10/2021,5,15:20,-1,E07000226,E10000032,E10000032,6,0,6,30,0,0,-1,0,-1,0,8,17,1,8,1,4,2,13,1,1,2,E01031595,3,1,0,1
2021471108560,2021,471108560,522770,106536,-0.257511,50.845324,47,3,3,2,10/11/2021,4,16:53,-1,E07000223,E10000032,E10000032,3,27,3,70,0,0,-1,0,-1,0,0,0,6,1,2,4,0,13,1,1,1,E01031340,3,1,0,1
2021991052703,2021,991052703,279932,692842,-3.932465,56.113181,99,3,1,1,26/05/2021,4,19:45,-1,S12000030,S12000030,S12000030,3,9,3,30,0,0,-1,0,-1,0,0,0,1,1,1,4,0,13,1,1,-1,-1,3,1,0,1
202163D088421,2021,63D088421,284558,282546,-3.699303,52.428683,63,3,3,1,21/10/2021,5,14:10,-1,W06000023,W06000023,W06000023,3,44,6,50,0,0,-1,0,-1,0,0,0,1,1,2,4,0,13,2,1,-1,W01000429,-1,0,0.03469,0.96531
2021622100629,2021,622100629,306470,208546,-3.356806,51.767755,62,3,1,1,18/08/2021,4,19:21,-1,W06000024,W06000024,W06000024,3,465,6,40,0,0,-1,0,-1,0,0,0,1,1,1,4,0,13,1,1,-1,W01001295,-1,0,0.02632,0.97368
2021522102461,2021,522102461,361599,172686,-2.554022,51.451844,52,2,2,1,10/04/2021,7,13:05,-1,E06000023,E06000023,E06000023,6,0,6,30,3,13,2,6,0,0,5,15,1,1,1,4,0,13,1,1,2,E01014658,-1,0,1,0
2021010340541,2021,010340541,534844,166584,-0.063684,51.382295,1,3,2,1,29/10/2021,6,22:12,-1,E09000008,E09000008,E09000008,3,215,6,30,3,13,4,6,0,0,0,0,4,1,2,4,0,13,1,1,2,E01000987,-1,0,0,1
2021010316114,2021,010316114,508336,178431,-0.440813,51.494453,1,3,2,1,28/06/2021,2,04:37,-1,E09000017,E09000017,E09000017,1,4,3,70,0,0,-1,0,-1,0,0,0,1,2,1,4,0,13,1,1,1,E01002448,-1,0,0,1
2021010309624,2021,010309624,528319,179718,-0.152638,51.501842,1,2,4,1,26/05/2021,4,12:25,-1,E09000033,E09000033,E09000033,4,310,6,30,3,13,4,6,0,0,8,17,1,1,1,4,2,13,1,1,2,E01004691,-1,0,1,0
2021351116996,2021,351116996,527247,260018,-0.138523,52.22369,35,3,4,3,20/11/2021,7,12:46,-1,E07000012,E10000003,E10000003,3,428,6,50,3,13,4,4,1040,0,0,0,1,1,1,4,0,13,2,1,1,E01033118,3,1,0,1
2021411117089,2021,411117089,511900,199027,-0.382934,51.678876,41,2,2,2,10/08/2021,3,15:15,-1,E07000103,E10000015,E10000015,3,41,3,30,0,0,-1,0,-1,0,0,0,1,1,1,4,0,13,1,1,2,E01023897,6,1,1,0
202134NNC3441,2021,34NNC3441,490384,269168,-0.675561,52.313205,34,3,1,1,08/09/2021,4,19:21,-1,E06000061,E06000061,E06000061,3,5128,6,30,1,0,4,3,510,0,0,0,5,1,1,4,0,13,2,1,2,E01027330,-1,0,0,1
2021141075227,2021,141075227,425882,404301,-1.610977,53.534746,14,3,2,2,09/08/2021,2,17:20,-1,E08000016,E08000016,E08000038,3,628,6,60,0,0,-1,0,-1,0,0,0,1,1,1,4,0,13,2,1,2,E01007425,3,1,0,1
2021010337555,2021,010337555,521143,168398,-0.259846,51.401685,1,3,2,1,14/10/2021,5,19:49,-1,E09000021,E09000021,E09000021,6,0,7,30,6,16,2,6,0,0,0,0,4,1,1,4,0,13,1,1,2,E01002930,-1,0,0,1
2021010305639,2021,010305639,534392,178240,-0.065756,51.487149,1,3,2,1,05/05/2021,4,15:35,-1,E09000028,E09000028,E09000028,4,204,6,20,6,16,2,5,0,0,5,15,1,2,2,4,0,13,1,1,2,E01004038,-1,0,0,1
2021302100825,2021,302100825,445025,377830,-1.325944,53.295542,30,3,1,1,07/06/2021,2,19:52,-1,E07000038,E10000007,E10000007,3,6135,6,30,0,0,-1,0,-1,0,4,14,1,1,1,4,0,13,2,1,2,E01019815,-1,0,0.0598,0.9402
2021461059493,2021,461059493,559191,172658,0.288627,51.430567,46,3,3,1,14/06/2021,2,09:47,-1,E07000107,E10000016,E10000016,3,2,3,70,0,0,-1,0,-1,0,0,0,1,1,1,4,0,13,2,1,1,E01024134,3,1,0,1
2021461095786,2021,461095786,609347,163967,1.004073,51.33624,46,3,4,2,30/09/2021,5,18:14,-1,E07000106,E10000016,E10000016,3,299,3,50,0,0,-1,0,-1,0,0,0,1,1,1,4,0,13,2,1,2,E01024109,3,1,0,1
2021161111777,2021,161111777,507859,427273,-0.366542,53.730729,16,3,3,2,18/11/2021,5,21:55,-1,E06000010,E06000010,E06000010,3,63,3,40,0,0,-1,0,-1,0,0,0,4,1,1,4,0,13,1,1,1,E01012889,3,1,0,1
2021547181121,2021,547181121,382012,132861,-2.258239,51.094765,54,3,4,1,24/07/2021,7,15:45,-1,E06000054,E06000054,E06000054,3,303,3,50,9,19,4,6,0,0,0,0,1,1,1,4,0,13,2,1,1,E01032036,-1,0,0.03199,0.96801
202134WNC2441,2021,34WNC2441,474199,256167,-0.915783,52.198766,34,3,3,1,14/05/2021,6,16:51,-1,E06000062,E06000062,E06000062,1,1,3,60,0,0,-1,0,-1,0,0,0,1,1,1,4,0,13,2,1,1,E01032985,-1,0,0,1
2021131045601,2021,131045601,426383,435433,-1.600785,53.814532,13,3,2,2,15/05/2021,7,15:20,-1,E08000035,E08000035,E08000035,3,65,3,30,3,13,4,6,0,0,0,0,1,2,2,4,0,13,1,1,2,E01011477,3,1,0,1
202131D089021,2021,31D089021,450312,334481,-1.2534,52.905436,31,3,1,1,20/07/2021,3,11:29,-1,E07000172,E10000024,E10000024,4,6003,6,30,3,13,4,6,0,0,0,0,1,1,1,4,0,13,1,2,2,E01028138,-1,0,0.06702,0.93298
2021430575988,2021,430575988,469960,173528,-0.994464,51.456419,43,3,2,1,17/12/2021,6,20:27,-1,E06000038,E06000038,E06000038,3,329,6,30,3,13,4,6,0,0,4,14,4,1,2,4,0,13,1,3,2,E01016360,-1,0,0.00394,0.99606
2021010333448,2021,010333448,530967,191741,-0.110036,51.609281,1,3,2,1,25/09/2021,7,11:40,-1,E09000010,E09000010,E09000010,3,105,6,20,3,13,4,6,0,9,9,99,1,1,1,4,9,13,1,3,2,E01001396,-1,0,0,1
2021010298687,2021,010298687,526981,178533,-0.172331,51.491494,1,3,1,1,27/03/2021,7,11:59,-1,E09000020,E09000020,E09000020,3,308,6,20,3,13,4,6,0,0,0,0,1,1,1,4,2,13,1,1,2,E01002914,-1,0,0,1
2021010288555,2021,010288555,525808,169556,-0.192406,51.411077,1,3,2,1,13/01/2021,4,09:10,-1,E09000024,E09000024,E09000024,3,24,3,30,3,13,2,6,0,0,5,15,1,2,2,4,0,13,1,1,2,E01003356,-1,0,0,1
2021471081623,2021,471081623,560454,99318,0.274205,50.771254,47,3,2,2,27/08/2021,6,10:30,-1,E07000061,E10000011,E10000011,6,0,6,30,0,0,-1,0,-1,0,4,14,1,1,1,4,0,13,1,2,2,E01020967,3,1,0,1
2021101051171,2021,101051171,424992,564342,-1.611125,54.973078,10,3,2,1,28/05/2021,6,20:10,-1,E08000021,E08000021,E08000021,5,0,6,20,6,16,2,5,0,0,0,0,1,1,1,4,0,13,1,1,2,E01033543,3,1,0,1
2021131099162,2021,131099162,404516,446821,-1.932733,53.917529,13,3,3,1,15/10/2021,6,16:20,-1,E08000032,E08000032,E08000032,3,6034,6,30,0,0,-1,0,-1,0,0,0,1,1,1,4,0,13,2,1,2,E01010639,3,1,0,1
2021010321240,2021,010321240,528169,186520,-0.152323,51.563005,1,2,2,1,27/07/2021,3,19:20,-1,E09000007,E09000007,E09000007,5,0,3,20,0,0,-1,0,-1,0,1,13,1,1,1,4,6,13,1,1,2,E01000909,-1,0,1,0
2021010319344,2021,010319344,515300,180151,-0.339978,51.508536,1,3,2,1,16/07/2021,6,12:50,-1,E09000009,E09000009,E09000009,3,4020,6,20,3,13,4,6,0,0,0,0,1,1,1,4,0,13,1,1,2,E01001251,-1,0,0,1
2021010333634,2021,010333634,533270,185151,-0.079294,51.54952,1,3,1,1,26/09/2021,1,08:16,-1,E09000019,E09000019,E09000019,6,0,6,20,9,19,4,6,0,0,5,15,1,1,1,4,2,13,1,1,2,E01002778,-1,0,0,1
2021371129100,2021,371129100,563735,266085,0.398146,52.268562,37,3,2,1,22/12/2021,4,12:15,-1,E07000245,E10000029,E10000029,3,14,3,70,0,0,-1,0,-1,0,0,0,1,1,1,4,0,13,2,1,1,E01029937,3,1,0,1
2021122101144,2021,122101144,414155,464964,-1.785143,54.080419,12,3,1,1,03/08/2021,3,19:30,-1,E07000165,E06000065,E06000065,4,6265,6,60,0,0,-1,0,-1,0,0,0,1,1,1,4,2,13,2,1,2,E01027693,-1,0,0.15584,0.84416
2021141018046,2021,141018046,454122,403597,-1.185064,53.526277,14,3,4,5,25/01/2021,2,13:15,-1,E08000017,E08000017,E08000017,2,1,3,70,0,0,-1,0,-1,0,0,0,1,1,2,4,0,13,2,1,1,E01007581,3,1,0,1
2021351106054,2021,351106054,544364,260289,0.112014,52.221909,35,3,2,1,15/10/2021,6,10:23,-1,E07000008,E10000003,E10000003,6,0,6,30,6,16,2,4,1049,0,4,14,1,1,1,4,0,13,1,1,2,E01017955,3,1,0,1
2021041079259,2021,041079259,353323,429989,-2.709552,53.764164,4,3,2,1,16/08/2021,2,09:40,-1,E07000123,E10000017,E10000017,3,583,6,20,3,13,4,6,0,0,0,0,1,1,1,4,0,13,1,1,2,E01025313,3,1,0,1
2021540673521,2021,540673521,421862,164491,-1.68726,51.379051,54,3,3,1,22/01/2021,6,11:55,-1,E06000054,E06000054,E06000054,3,346,6,60,0,0,-1,0,-1,0,0,0,1,1,1,4,0,13,2,1,2,E01031866,-1,0,0.05597,0.94403
202134WNC1761,2021,34WNC1761,474926,261293,-0.904015,52.244745,34,2,2,1,26/03/2021,6,15:30,-1,E06000062,E06000062,E06000062,3,5095,6,30,3,13,4,6,0,0,0,0,1,1,1,4,0,13,1,1,2,E01032978,-1,0,0.77469,0.22531
2021141077954,2021,141077954,445037,389097,-1.324166,53.396808,14,3,4,2,16/08/2021,2,18:00,-1,E08000018,E08000018,E08000018,3,618,6,50,0,0,-1,0,-1,0,0,0,1,1,1,4,0,13,2,1,2,E01007814,3,1,0,1
2021201118172,2021,201118172,400045,296459,-2.000763,52.565975,20,3,3,1,16/08/2021,2,13:47,-1,E08000030,E08000030,E08000030,1,6,3,70,0,0,-1,0,-1,0,0,0,1,8,1,4,0,13,1,2,1,E01010361,3,1,0,1
2021010320173,2021,010320173,529995,183571,-0.127084,51.536085,1,3,1,1,21/07/2021,4,11:20,-1,E09000007,E09000007,E09000007,6,0,6,20,9,19,4,6,0,0,0,0,1,1,1,4,0,13,1,1,2,E01000953,-1,0,0,1
2021991101899,2021,991101899,282027,640021,-3.87577,55.639377,99,2,2,3,17/10/2021,1,14:25,-1,S12000029,S12000029,S12000029,1,74,3,70,0,0,-1,0,-1,0,0,0,1,1,1,4,0,13,2,2,-1,-1,6,1,1,0
2021991086024,2021,991086024,253385,674806,-4.349147,55.943858,99,2,1,1,09/09/2021,5,20:30,-1,S12000045,S12000045,S12000045,3,809,6,60,3,13,4,6,0,0,0,0,6,1,1,4,2,13,1,1,-1,-1,6,1,1,0
202163D030421,2021,63D030421,323822,302526,-3.126555,52.615156,63,3,2,1,21/05/2021,6,11:00,-1,W06000023,W06000023,W06000023,3,490,6,60,8,18,4,6,0,0,0,0,1,1,1,4,0,13,2,2,-1,W01000441,-1,0,0.01632,0.98368
2021461095851,2021,461095851,576375,169842,0.534175,51.400188,46,3,2,1,02/10/2021,7,12:02,-1,E06000035,E06000035,E06000035,3,289,3,30,0,0,-1,0,-1,0,0,0,1,1,1,4,0,13,1,3,2,E01032798,3,1,0,1
2021131057468,2021,131057468,412416,435762,-1.812898,53.818006,13,3,1,1,18/06/2021,6,08:15,-1,E08000032,E08000032,E08000032,6,0,6,30,0,0,-1,0,-1,0,0,0,1,1,1,4,0,13,1,2,2,E01010674,3,1,0,1
2021010299370,2021,010299370,549431,179847,0.151373,51.497818,1,3,2,1,31/03/2021,4,17:12,-1,E09000004,E09000004,E09000004,3,2016,3,50,0,0,-1,0,-1,0,0,0,1,1,1,4,2,13,2,1,2,E01000466,-1,0,0,1
2021501099754,2021,501099754,304448,82515,-3.3525,50.634459,50,3,2,2,31/08/2021,3,19:12,-1,E07000040,E10000008,E10000008,4,3178,1,60,1,0,2,4,3179,0,0,0,1,1,1,4,0,13,2,1,2,E01019895,3,1,0,1
2021471023877,2021,471023877,558565,108325,0.251325,50.852707,47,3,2,1,22/02/2021,2,14:10,-1,E07000065,E10000011,E10000011,4,2104,6,40,0,0,-1,0,-1,0,4,14,1,1,1,4,0,13,1,2,2,E01021180,3,1,0,1
2021531103822,2021,531103822,380810,205028,-2.279337,51.743625,53,3,2,1,28/10/2021,5,20:22,-1,E07000082,E10000013,E10000013,4,4008,6,40,0,0,-1,0,-1,0,5,15,7,2,2,4,0,13,1,3,2,E01022404,3,1,0,1
202131P045021,2021,31P045021,450562,348340,-1.247527,53.029982,31,3,2,1,15/04/2021,5,22:00,-1,E07000172,E10000024,E10000024,1,1,3,70,0,0,-1,0,-1,0,0,0,4,1,1,4,0,13,2,1,1,E01028118,-1,0,0.01881,0.98119
202131B052221,2021,31B052221,461556,391804,-1.075245,53.419474,31,3,3,1,25/04/2021,1,11:00,-1,E07000171,E10000024,E10000024,4,6463,6,30,0,0,-1,0,-1,0,0,0,1,1,1,4,0,13,2,1,2,E01028024,-1,0,0.01443,0.98557
2021991201030,2021,991201030,270574,556367,-4.019126,54.885252,99,3,2,1,15/10/2021,6,16:15,-1,S12000006,S12000006,S12000006,3,711,6,60,0,0,-1,0,-1,0,0,0,1,1,1,4,0,13,2,1,-1,-1,3,1,0,1
2021041096391,2021,041096391,367707,430457,-2.491413,53.769462,4,3,2,1,07/10/2021,5,13:18,-1,E06000008,E06000008,E06000008,3,6119,3,50,0,0,-1,0,-1,0,0,0,4,8,1,4,0,13,2,2,2,E01012633,3,1,0,1
2021221036178,2021,221036178,344846,310117,-2.81735,52.685937,22,3,3,1,08/04/2021,5,14:07,-1,E06000051,E06000051,E06000051,3,488,6,30,3,13,4,6,0,0,0,0,1,1,1,4,0,13,2,1,2,E01028955,3,1,0,1
2021052100325,2021,052100325,338082,395329,-2.933826,53.451081,5,3,2,2,03/03/2021,4,10:31,-1,E08000012,E08000012,E08000012,3,580,3,40,0,0,-1,0,-1,0,0,0,1,1,1,4,0,13,1,1,2,E01006735,-1,0,0.14138,0.85862
2021991101876,2021,991101876,229796,675179,-4.726635,55.939429,99,3,2,1,10/10/2021,1,17:30,-1,S12000018,S12000018,S12000018,6,0,6,30,3,13,4,6,0,0,0,0,1,1,1,4,0,13,1,2,-1,-1,3,1,0,1
2021070768755,2021,070768755,367853,393386,-2.485362,53.436281,7,3,3,1,04/11/2021,5,23:40,-1,E06000007,E06000007,E06000007,1,62,3,70,0,0,-1,0,-1,0,0,0,6,5,2,4,0,13,2,1,1,E01012471,-1,0,0.04177,0.95823
2021010347080,2021,010347080,522405,189690,-0.234331,51.592774,1,2,2,1,30/11/2021,3,10:10,-1,E09000003,E09000003,E09000003,3,41,3,50,7,17,2,3,41,0,7,16,1,1,1,4,0,13,1,1,2,E01000239,-1,0,1,0
2021610057521,2021,610057521,330383,191962,-3.007019,51.622157,61,3,2,1,04/12/2021,7,13:02,-1,W06000020,W06000020,W06000020,3,4042,3,70,0,0,-1,0,-1,0,0,0,1,1,1,4,0,13,2,1,-1,W01001505,-1,0,0.05125,0.94875
2021552101340,2021,552101340,413918,105022,-1.803679,50.844547,55,3,3,3,08/12/2021,4,19:38,-1,E06000059,E06000059,E06000059,3,31,6,60,5,0,4,4,3081,0,0,0,6,2,2,4,0,13,2,1,1,E01020403,-1,0,0.14687,0.85313
2021052100245,2021,052100245,335046,390720,-2.978583,53.409294,5,3,2,1,19/02/2021,6,18:10,-1,E08000012,E08000012,E08000012,3,5038,3,30,3,13,2,3,5047,0,0,0,5,1,2,4,0,13,1,1,2,E01033760,-1,0,0.11214,0.88786
2021101037056,2021,101037056,421080,567652,-1.671996,55.003002,10,3,2,1,17/04/2021,7,13:29,-1,E08000021,E08000021,E08000021,3,696,7,70,0,0,-1,0,-1,0,0,0,1,1,1,4,0,13,1,1,1,E01008296,3,1,0,1
2021010343022,2021,010343022,529280,183407,-0.137447,51.534776,1,3,1,1,10/11/2021,4,16:38,-1,E09000007,E09000007,E09000007,4,512,2,20,3,13,4,5,0,0,1,13,4,1,2,4,0,13,1,1,2,E01000947,-1,0,0,1
2021351052847,2021,351052847,554554,259779,0.260835,52.214566,35,2,6,6,27/05/2021,5,07:57,-1,E07000009,E10000003,E10000003,3,14,3,70,0,0,-1,0,-1,0,0,0,1,1,1,4,0,13,2,1,1,E01018011,6,1,1,0
2021440421840,2021,440421840,458240,107579,-1.173788,50.864784,44,3,1,1,20/10/2021,4,16:13,-1,E07000087,E10000014,E10000014,1,27,3,70,0,0,-1,0,-1,0,0,0,1,1,1,4,0,13,2,1,1,E01022720,-1,0,0,1
2021371066887,2021,371066887,645313,275298,1.59825,52.320936,37,3,1,1,30/05/2021,1,15:58,-1,E07000244,E10000029,E10000029,4,1125,6,30,0,0,-1,0,-1,0,0,0,1,1,1,4,0,13,2,1,2,E01030219,3,1,0,1
2021010327864,2021,010327864,546606,184328,0.112567,51.538821,1,2,2,1,28/08/2021,7,06:30,-1,E09000002,E09000002,E09000002,3,1153,6,30,0,0,-1,0,-1,0,0,0,1,1,1,4,0,13,1,1,2,E01000042,-1,0,1,0
202163D014121,2021,63D014121,326122,316177,-3.095657,52.73817,63,3,2,1,01/04/2021,5,08:10,-1,W06000023,W06000023,W06000023,3,483,6,60,3,13,4,4,4392,0,0,0,1,1,1,4,0,13,2,2,-1,W01000457,-1,0,0.02684,0.97316
2021302100378,2021,302100378,433786,336837,-1.498853,52.927902,30,3,3,1,03/04/2021,7,16:45,-1,E06000015,E06000015,E06000015,6,0,6,30,0,0,-1,0,-1,0,0,0,1,9,1,4,0,13,1,2,2,E01013522,-1,0,0.03172,0.96828
2021430116853,2021,430116853,483988,245791,-0.775148,52.104097,43,1,3,1,20/03/2021,7,09:57,-1,E06000042,E06000042,E06000042,1,1,3,60,0,0,-1,0,-1,0,0,0,1,1,1,4,0,13,2,1,1,E01016802,-1,0,0,0
2021201111353,2021,201111353,402508,288720,-1.964481,52.496397,20,2,2,2,24/09/2021,6,08:41,-1,E08000028,E08000028,E08000028,6,0,6,30,8,18,4,6,0,0,0,0,1,8,1,4,0,13,1,1,2,E01010062,7,1,1,0
2021131048973,2021,131048973,404625,439726,-1.931178,53.853759,13,3,1,1,25/05/2021,3,16:00,-1,E08000032,E08000032,E08000032,4,6143,6,60,0,0,-1,0,-1,0,0,0,1,2,2,4,0,13,1,2,2,E01010859,3,1,0,1
2021010340715,2021,010340715,531273,186619,-0.107532,51.563181,1,2,1,1,30/10/2021,7,20:55,-1,E09000019,E09000019,E09000019,3,503,3,30,6,16,2,3,503,0,5,15,4,1,1,4,0,13,1,1,2,E01002734,-1,0,1,0
2021451059741,2021,451059741,500459,158971,-0.559746,51.320983,45,2,1,1,25/06/2021,6,15:10,-1,E07000217,E10000030,E10000030,3,320,3,30,0,0,-1,0,-1,0,4,14,1,1,1,4,0,13,1,1,2,E01030954,7,1,1,0
202163B031221,2021,63B031221,258235,281564,-4.085783,52.413667,63,3,2,1,28/05/2021,6,14:25,-1,W06000008,W06000008,W06000008,4,4346,2,30,6,16,1,6,0,2,0,12,1,2,2,4,6,13,1,1,-1,W01000517,-1,0,0.01278,0.98722
2021201016234,2021,201016234,398539,298595,-2.022991,52.585175,20,3,2,2,01/01/2021,6,14:30,-1,E08000030,E08000030,E08000030,4,4464,3,30,1,0,4,6,0,0,0,0,1,1,2,4,0,13,1,1,2,E01010260,3,1,0,1
2021010323882,2021,010323882,512826,180453,-0.375516,51.511749,1,3,2,1,03/08/2021,3,16:30,-1,E09000009,E09000009,E09000009,5,0,6,20,0,0,-1,0,-1,9,5,15,1,1,1,4,0,13,1,3,2,E01001215,-1,0,0,1
2021471049856,2021,471049856,560540,102459,0.276794,50.799454,47,3,2,1,27/05/2021,5,16:20,-1,E07000061,E10000011,E10000011,6,0,6,30,9,19,4,6,0,0,0,0,1,1,1,4,0,13,1,1,2,E01020922,3,1,0,1
2021371151026,2021,371151026,629651,234368,1.341242,51.960349,37,3,2,1,10/12/2021,6,12:02,-1,E07000244,E10000029,E10000029,3,154,6,30,7,17,4,6,0,0,8,17,1,1,1,4,0,13,1,3,2,E01030164,3,1,0,1
2021371145123,2021,371145123,563461,266052,0.394118,52.268347,37,3,2,3,20/12/2021,2,18:20,-1,E07000245,E10000029,E10000029,3,14,3,50,0,0,-1,0,-1,0,0,0,6,1,1,4,0,13,2,1,1,E01029937,3,1,0,1
2021451024013,2021,451024013,502886,165672,-0.522995,51.380783,45,3,2,1,25/02/2021,5,10:55,-1,E07000212,E10000030,E10000030,6,0,6,30,0,0,-1,0,-1,0,0,0,1,8,2,4,0,13,1,1,2,E01030677,3,1,0,1
2021111030745,2021,111030745,426120,526108,-1.596932,54.629444,11,3,2,2,14/03/2021,1,20:00,-1,E06000047,E06000047,E06000047,6,0,6,60,0,0,-1,0,-1,0,0,0,6,1,1,4,0,13,2,2,2,E01020815,3,1,0,1
2021010304927,2021,010304927,530993,175276,-0.11578,51.46131,1,3,3,1,28/04/2021,4,07:35,-1,E09000022,E09000022,E09000022,3,23,3,20,6,16,2,3,23,0,4,14,1,1,1,4,2,13,1,1,2,E01003055,-1,0,0,1
2021010296334,2021,010296334,524120,175648,-0.214532,51.4662,1,2,2,2,12/03/2021,6,08:05,-1,E09000032,E09000032,E09000032,4,306,3,30,3,13,2,3,219,0,5,15,1,1,1,4,0,13,1,1,2,E01033093,-1,0,1,0
2021351072523,2021,351072523,549087,259221,0.180632,52.211057,35,2,2,2,02/07/2021,6,15:50,-1,E07000012,E10000003,E10000003,3,1303,6,40,9,19,-1,6,0,0,0,0,1,1,1,4,0,13,1,1,2,E01018297,7,1,1,0
2021531055328,2021,531055328,391914,215828,-2.118764,51.841003,53,2,2,3,11/06/2021,6,20:45,-1,E07000083,E10000013,E10000013,3,417,3,60,0,0,-1,0,-1,0,0,0,1,1,1,4,0,13,2,1,1,E01022420,7,1,1,0
2021461043785,2021,461043785,600749,140338,0.86758,51.127132,46,3,2,1,07/04/2021,4,22:00,-1,E07000105,E10000016,E10000016,3,2042,3,40,1,0,4,3,2042,0,0,0,4,1,1,4,0,13,2,1,2,E01024006,3,1,0,1
2021052102437,2021,052102437,345845,390985,-2.816197,53.412896,5,3,4,2,09/11/2021,3,07:33,-1,E08000011,E08000011,E08000011,6,0,6,30,3,13,4,6,0,0,0,0,1,1,1,4,0,13,1,1,2,E01006497,-1,0,0.08866,0.91134
2021101101531,2021,101101531,428612,567063,-1.554306,54.997335,10,3,3,1,22/10/2021,6,09:40,-1,E08000022,E08000022,E08000022,3,1058,3,70,0,0,-1,0,-1,0,0,0,1,1,1,4,0,13,1,2,2,E01008535,3,1,0,1
2021010304964,2021,010304964,553028,190106,0.207606,51.589032,1,3,3,2,01/05/2021,7,18:13,-1,E09000016,E09000016,E09000016,3,118,6,30,3,13,2,6,0,0,8,17,1,1,1,4,0,13,1,1,2,E01002337,-1,0,0,1
2021440372821,2021,440372821,486063,152012,-0.767954,51.26078,44,3,4,4,16/09/2021,5,17:55,-1,E07000092,E10000014,E10000014,3,325,3,30,0,0,-1,0,-1,0,0,0,1,1,1,4,0,13,2,1,2,E01023143,-1,0,0,1
2021041096998,2021,041096998,353911,468481,-2.706457,54.110141,4,3,1,1,19/09/2021,1,00:01,-1,E07000121,E10000017,E10000017,6,0,6,60,9,19,2,6,0,0,0,0,6,1,1,4,2,13,2,2,2,E01025130,3,1,0,1
2021991102780,2021,991102780,326543,676903,-3.178754,55.97946,99,3,2,1,23/10/2021,7,23:00,-1,S12000036,S12000036,S12000036,6,0,3,20,9,19,4,6,0,0,0,0,7,1,1,4,0,13,1,2,-1,-1,3,1,0,1
202134WNC2491,2021,34WNC2491,476955,253577,-0.876053,52.175108,34,2,3,2,19/05/2021,4,17:45,-1,E06000062,E06000062,E06000062,1,1,3,70,0,0,-1,0,-1,0,0,0,1,1,1,4,0,13,2,1,1,E01032985,-1,0,0.71783,0.28217
2021010342992,2021,010342992,526400,183209,-0.179019,51.533648,1,3,1,1,10/11/2021,4,13:30,-1,E09000033,E09000033,E09000033,4,507,6,20,3,13,2,6,0,0,0,0,1,2,2,4,0,13,1,1,2,E01004651,-1,0,0,1
202131A069521,2021,31A069521,451825,355607,-1.227528,53.095179,31,2,2,1,31/05/2021,2,12:46,-1,E07000170,E10000024,E10000024,3,611,6,50,0,0,-1,0,-1,0,0,0,1,1,1,4,0,13,2,1,2,E01027950,-1,0,1,0
202131D172321,2021,31D172321,460410,343875,-1.101535,52.988833,31,3,3,10,27/11/2021,7,10:53,-1,E07000173,E10000024,E10000024,3,6211,6,60,0,0,-1,0,-1,0,0,0,1,1,2,4,0,13,2,1,2,E01028172,-1,0,0.38675,0.61325
2021547597421,2021,547597421,417277,184934,-1.752143,51.563023,54,3,1,1,04/08/2021,4,19:45,-1,E06000030,E06000030,E06000030,6,0,6,30,0,0,-1,0,-1,0,0,0,1,1,1,4,0,13,1,1,2,E01015572,-1,0,0.06965,0.93035
2021540115221,2021,540115221,404411,183344,-1.937772,51.548972,54,3,2,3,05/01/2021,3,19:11,-1,E06000054,E06000054,E06000054,1,4,3,70,0,0,-1,0,-1,0,0,0,6,1,2,4,0,13,2,1,1,E01031968,-1,0,0.0942,0.9058
2021552100661,2021,552100661,404916,91670,-1.93171,50.724621,55,2,1,1,06/07/2021,3,12:28,-1,E06000058,E06000058,E06000058,3,35,6,30,0,0,-1,0,-1,0,0,0,1,1,1,4,0,13,1,1,2,E01015461,-1,0,1,0
2021061050398,2021,061050398,382956,395975,-2.258167,53.460261,6,2,1,1,29/05/2021,7,01:15,-1,E08000009,E08000009,E08000009,4,5218,6,30,3,13,4,6,0,0,0,0,4,1,1,4,0,13,1,1,2,E01006109,5,1,1,0
2021010344694,2021,010344694,546504,166718,0.103806,51.380613,1,3,2,1,18/11/2021,5,18:05,-1,E09000006,E09000006,E09000006,3,223,2,30,0,0,-1,0,-1,0,0,0,4,1,1,4,0,13,1,3,2,E01000727,-1,0,0,1
2021010351423,2021,010351423,536141,178502,-0.04048,51.489086,1,2,2,1,21/12/2021,3,07:10,-1,E09000023,E09000023,E09000023,3,200,6,20,6,16,4,6,0,0,4,14,4,1,1,4,0,13,1,3,2,E01003250,-1,0,1,0
2021991093965,2021,991093965,249869,665604,-4.40028,55.860167,99,2,1,1,01/10/2021,6,13:05,-1,S12000038,S12000038,S12000038,6,0,6,60,0,0,-1,0,-1,0,0,0,1,1,2,4,0,13,1,1,-1,-1,5,1,1,0
2021041024675,2021,041024675,330608,435683,-3.055361,53.812796,4,2,3,2,01/03/2021,2,09:05,-1,E06000009,E06000009,E06000009,3,584,6,30,0,0,-1,0,-1,0,0,0,1,1,1,4,0,13,1,1,2,E01012736,6,1,1,0
2021161051540,2021,161051540,529031,408168,-0.05372,53.554312,16,3,3,2,02/06/2021,4,17:35,-1,E06000012,E06000012,E06000012,3,46,6,30,3,13,4,6,0,0,0,0,1,1,1,4,0,13,1,1,2,E01013163,3,1,0,1
2021522104732,2021,522104732,362166,182793,-2.54695,51.542756,52,3,2,1,23/09/2021,5,20:20,-1,E06000025,E06000025,E06000025,6,0,6,30,0,0,-1,0,-1,0,0,0,7,1,1,4,0,13,1,2,2,E01014876,-1,0,0.01273,0.98727
2021201124830,2021,201124830,401689,298472,-1.976499,52.584069,20,2,1,1,13/11/2021,7,18:54,-1,E08000030,E08000030,E08000030,6,0,6,30,6,16,2,6,0,0,5,15,1,1,1,4,0,13,1,1,2,E01010371,7,1,1,0
2021531105835,2021,531105835,420150,230441,-1.708074,51.972088,53,2,2,1,02/11/2021,3,20:43,-1,E07000079,E10000013,E10000013,3,429,6,60,0,0,-1,0,-1,0,0,0,6,1,1,4,0,13,2,1,2,E01022205,7,1,1,0
2021331080696,2021,331080696,454213,301936,-1.200775,52.612521,33,3,2,1,24/08/2021,3,23:00,-1,E07000129,E10000018,E10000018,1,1,3,70,0,0,-1,0,-1,0,0,0,7,1,1,4,0,13,1,2,1,E01025669,3,1,0,1
2021070445985,2021,070445985,340744,366136,-2.888283,53.189013,7,3,2,1,26/06/2021,7,11:00,-1,E06000050,E06000050,E06000050,3,5268,2,20,3,13,3,6,0,0,0,0,1,1,1,4,0,13,1,1,2,E01018326,-1,0,0.0193,0.9807
2021552101185,2021,552101185,394009,100047,-2.086373,50.799942,55,3,2,1,05/11/2021,6,08:35,-1,E06000059,E06000059,E06000059,3,350,6,40,0,0,-1,0,-1,0,0,0,1,1,1,4,0,13,2,1,2,E01020410,-1,0,0.01998,0.98002
2021061099475,2021,061099475,392825,416134,-2.11,53.641684,6,1,1,2,17/10/2021,1,11:45,-1,E08000005,E08000005,E08000005,3,58,6,30,3,13,4,6,0,0,0,0,1,1,1,4,0,13,1,1,2,E01005598,1,1,0,0
2021010329241,2021,010329241,530158,160024,-0.13338,51.324433,1,3,3,1,05/09/2021,1,05:30,-1,E09000008,E09000008,E09000008,3,23,6,30,0,0,-1,0,-1,0,0,0,4,1,1,4,0,13,1,1,2,E01001023,-1,0,0,1
2021010295870,2021,010295870,538785,194064,0.003715,51.628282,1,3,2,1,09/03/2021,3,08:40,-1,E09000031,E09000031,E09000031,3,110,3,20,0,0,-1,0,-1,0,0,0,1,1,1,4,0,13,1,1,2,E01004359,-1,0,0,1
2021010332332,2021,010332332,527548,175295,-0.165335,51.462266,1,3,2,1,17/09/2021,6,18:20,-1,E09000032,E09000032,E09000032,6,0,2,20,99,-1,9,6,0,9,9,99,1,1,1,4,0,13,1,3,2,E01004588,-1,0,0,1
2021451025794,2021,451025794,508218,159214,-0.448367,51.321745,45,2,2,2,04/03/2021,5,22:25,-1,E07000209,E10000030,E10000030,1,25,3,70,0,0,-1,0,-1,0,0,0,4,1,1,4,0,13,2,1,1,E01030458,6,1,1,0
2021451027628,2021,451027628,537011,139667,-0.042864,51.139882,45,2,2,3,10/03/2021,4,11:00,-1,E07000215,E10000030,E10000030,3,264,6,30,9,19,4,6,0,0,0,0,1,2,2,4,0,13,1,1,2,E01030823,6,1,1,0
2021231118393,2021,231118393,418817,287412,-1.724331,52.484323,23,3,2,2,19/08/2021,5,13:10,-1,E07000218,E10000031,E10000031,1,6,3,70,0,0,-1,0,-1,0,0,0,1,2,2,4,0,13,2,2,1,E01031022,3,1,0,1
202131C056021,2021,31C056021,454609,341716,-1.188305,52.970049,31,3,2,1,20/05/2021,5,18:56,-1,E06000018,E06000018,E06000018,3,6514,3,40,6,16,4,6,0,0,0,0,1,2,2,4,0,13,1,1,2,E01013931,-1,0,0.04386,0.95614
2021421027518,2021,421027518,586800,186223,0.692522,51.543985,42,3,1,2,09/03/2021,3,09:50,-1,E06000033,E06000033,E06000033,4,1015,6,30,3,13,2,3,13,0,5,15,1,1,1,4,0,13,1,1,2,E01015902,3,1,0,1
2021141059444,2021,141059444,434701,406961,-1.477632,53.558149,14,3,2,2,22/06/2021,3,13:15,-1,E08000016,E08000016,E08000038,3,635,6,30,6,16,3,6,0,0,0,0,1,1,1,4,2,13,1,1,2,E01007336,3,1,0,1
2021131039005,2021,131039005,429183,432175,-1.55857,53.785101,13,3,1,1,23/04/2021,6,15:40,-1,E08000035,E08000035,E08000035,6,0,6,20,3,13,4,6,0,0,0,0,1,8,1,4,0,13,1,1,2,E01011364,3,1,0,1
2021010328168,2021,010328168,536083,178547,-0.041298,51.489504,1,3,2,2,29/08/2021,1,17:40,-1,E09000023,E09000023,E09000023,3,200,6,20,3,13,2,6,0,0,5,15,1,1,1,4,3,13,1,1,2,E01003250,-1,0,0,1
2021471059629,2021,471059629,553121,105069,0.172685,50.824913,47,2,2,2,25/06/2021,6,10:33,-1,E07000065,E10000011,E10000011,3,27,6,60,0,0,-1,0,-1,0,0,0,1,1,1,4,0,13,2,1,1,E01021143,7,1,1,0
2021320725190,2021,320725190,530685,337850,-0.057572,52.922195,32,3,2,1,13/12/2021,2,19:43,-1,E07000136,E10000019,E10000019,3,16,6,60,0,0,-1,0,-1,0,0,0,6,1,1,4,0,13,2,1,2,E01026019,-1,0,0.01329,0.98671
2021991081249,2021,991081249,258366,664748,-4.264195,55.855054,99,2,2,1,22/08/2021,1,13:00,-1,S12000049,S12000049,S12000049,6,0,6,30,3,13,4,6,0,0,1,13,1,1,1,4,0,13,1,2,-1,-1,7,1,1,0
202134WNC4511,2021,34WNC4511,475775,255341,-0.892912,52.191127,34,3,2,1,23/09/2021,5,20:00,-1,E06000062,E06000062,E06000062,3,45,3,70,5,0,4,3,45,0,0,0,4,1,1,4,0,13,2,1,1,E01027206,-1,0,0,1
2021141022847,2021,141022847,438128,385050,-1.428548,53.360975,14,3,1,1,20/02/2021,7,09:32,-1,E08000019,E08000019,E08000039,3,6102,3,40,6,16,2,3,6135,0,4,14,1,1,2,4,0,13,1,1,2,E01008013,3,1,0,1
2021201148586,2021,201148586,415815,279131,-1.768926,52.409971,20,3,1,1,08/12/2021,4,08:20,-1,E08000029,E08000029,E08000029,6,0,6,30,0,0,-1,0,-1,0,0,0,1,8,2,4,0,13,1,2,2,E01010198,3,1,0,1
2021010313446,2021,010313446,536294,181127,-0.037264,51.512638,1,2,2,1,14/06/2021,2,07:40,-1,E09000030,E09000030,E09000030,3,13,6,30,9,19,1,6,0,0,0,0,1,1,1,4,0,13,1,1,2,E01004286,-1,0,1,0
2021351035087,2021,351035087,518315,260339,-0.269109,52.228564,35,3,2,1,13/04/2021,3,10:30,-1,E07000011,E10000003,E10000003,4,1041,6,30,0,0,-1,0,-1,0,5,15,1,1,1,4,0,13,1,2,2,E01018187,3,1,0,1
2021461077985,2021,461077985,559972,172679,0.299861,51.430536,46,3,3,1,16/07/2021,6,20:43,-1,E07000107,E10000016,E10000016,3,2,3,50,0,0,-1,0,-1,0,0,0,1,1,1,4,0,13,2,1,1,E01024134,3,1,0,1
2021471041203,2021,471041203,516525,132403,-0.3379,51.079123,47,3,1,2,30/04/2021,6,23:45,-1,E07000227,E10000032,E10000032,3,24,1,60,1,0,4,3,24,0,0,0,5,8,1,4,2,13,2,1,2,E01031658,3,1,0,1
2021545646021,2021,545646021,417679,186162,-1.746282,51.574052,54,3,2,1,13/06/2021,1,10:24,-1,E06000030,E06000030,E06000030,3,4312,6,30,3,13,4,6,0,0,0,0,1,1,1,4,0,13,1,1,2,E01015550,-1,0,0.07448,0.92552
2021471035967,2021,471035967,529766,104235,-0.159007,50.823118,47,2,2,1,15/04/2021,5,12:05,-1,E06000043,E06000043,E06000043,3,259,6,30,3,13,4,6,0,0,0,0,1,1,1,4,0,13,1,1,2,E01016850,7,1,1,0
2021552101346,2021,552101346,409136,92337,-1.871909,50.730569,55,3,2,1,15/09/2021,4,08:24,-1,E06000058,E06000058,E06000058,4,3064,6,30,0,0,-1,0,-1,0,5,15,1,1,1,4,0,13,1,2,2,E01015286,-1,0,0.07419,0.92581
2021421078197,2021,421078197,594728,224974,0.828348,51.88931,42,2,1,1,18/08/2021,4,12:09,-1,E07000071,E10000012,E10000012,3,1124,3,40,0,0,-1,0,-1,0,0,0,1,1,1,4,0,13,2,1,2,E01021718,6,1,1,0
202131D030021,2021,31D030021,446181,349173,-1.312726,53.037865,31,3,3,2,06/01/2021,4,12:45,-1,E07000172,E10000024,E10000024,3,608,6,30,0,0,-1,0,-1,0,0,0,1,1,2,4,0,13,1,1,2,E01028092,-1,0,0.10302,0.89698
2021041095551,2021,041095551,370001,425554,-2.456132,53.725534,4,3,1,1,28/06/2021,2,12:50,-1,E06000008,E06000008,E06000008,4,6231,6,30,0,0,-1,0,-1,0,0,0,1,1,1,4,0,13,1,2,2,E01012632,3,1,0,1
2021010296441,2021,010296441,525307,183780,-0.194566,51.539023,1,3,1,1,12/03/2021,6,18:30,-1,E09000007,E09000007,E09000007,3,5,6,30,3,13,2,6,0,0,4,14,4,4,1,4,0,13,1,1,2,E01000933,-1,0,0,1
2021440449793,2021,440449793,458471,107474,-1.170523,50.863817,44,3,2,1,09/11/2021,3,12:05,-1,E07000087,E10000014,E10000014,1,27,3,50,0,0,-1,0,-1,0,0,0,1,1,1,4,0,13,2,1,1,E01022720,-1,0,0,1
2021211091152,2021,211091152,401030,344105,-1.986101,52.99429,21,2,2,1,22/09/2021,4,13:48,-1,E07000198,E10000028,E10000028,3,521,6,30,3,13,4,6,0,0,0,0,1,1,1,4,0,13,1,1,2,E01029782,7,1,1,0
2021211127523,2021,211127523,388303,332674,-2.175297,52.891403,21,2,1,2,30/12/2021,5,21:10,-1,E07000197,E10000028,E10000028,1,6,3,70,0,0,-1,0,-1,0,0,0,6,1,2,4,0,13,2,1,1,E01029695,5,1,1,0
2021061065843,2021,061065843,380168,384857,-2.299453,53.360229,6,3,1,2,13/07/2021,3,14:48,-1,E08000003,E08000003,E08000003,1,56,3,70,0,0,-1,0,-1,0,0,0,1,1,1,4,0,13,2,1,1,E01005316,3,1,0,1
2021451095074,2021,451095074,496700,157578,-0.61405,51.309111,45,3,3,1,04/10/2021,2,16:20,-1,E07000217,E10000030,E10000030,3,324,6,30,0,0,-1,0,-1,0,0,0,1,2,2,4,0,13,2,3,2,E01030961,3,1,0,1
2021471036911,2021,471036911,527416,107752,-0.191131,50.85525,47,3,2,1,13/04/2021,3,23:13,-1,E06000043,E06000043,E06000043,3,27,3,70,0,0,-1,0,-1,0,0,0,6,1,1,4,0,13,2,1,1,E01016885,3,1,0,1
2021141076826,2021,141076826,447828,382929,-1.283128,53.341127,14,3,1,1,13/08/2021,6,20:36,-1,E08000018,E08000018,E08000018,4,6059,6,30,3,13,4,6,0,0,8,17,1,1,1,4,0,13,2,1,2,E01007750,3,1,0,1
2021010337239,2021,010337239,524543,196488,-0.201069,51.653398,1,3,1,1,13/10/2021,4,12:59,-1,E09000003,E09000003,E09000003,3,1000,6,30,0,0,-1,0,-1,0,0,0,1,1,1,4,0,13,1,1,2,E01000250,-1,0,0,1
2021010324513,2021,010324513,532703,185492,-0.087338,51.552718,1,3,2,1,14/08/2021,7,00:15,-1,E09000019,E09000019,E09000019,3,105,9,20,99,-1,2,6,0,9,9,99,4,1,1,4,9,13,1,3,2,E01002779,-1,0,0,1
2021010290942,2021,010290942,525279,181382,-0.195822,51.517478,1,3,3,1,31/01/2021,1,15:20,-1,E09000033,E09000033,E09000033,5,0,6,20,6,16,2,6,0,0,5,15,1,2,2,4,0,13,1,1,2,E01033606,-1,0,0,1
2021471053709,2021,471053709,557742,104727,0.238095,50.820601,47,3,1,1,08/06/2021,3,20:50,-1,E07000065,E10000011,E10000011,3,27,7,30,0,0,-1,0,-1,0,0,0,1,2,1,4,0,13,1,1,1,E01021216,3,1,0,1
2021421111504,2021,421111504,586735,229028,0.714537,51.928449,42,2,2,1,17/11/2021,4,14:24,-1,E07000067,E10000012,E10000012,3,1124,6,30,0,0,-1,0,-1,0,0,0,1,1,1,4,0,13,2,1,2,E01021408,6,1,1,0
2021311048083,2021,311048083,458151,332175,-1.137275,52.883921,31,3,2,1,21/05/2021,6,09:19,-1,E07000176,E10000024,E10000024,3,60,6,50,0,0,-1,0,-1,0,0,0,1,2,2,4,0,13,2,1,2,E01028405,3,1,0,1
2021221037920,2021,221037920,385465,255482,-2.214068,52.19739,22,3,4,1,15/04/2021,5,08:45,-1,E07000237,E10000034,E10000034,4,4550,6,30,0,0,-1,0,-1,0,0,0,1,1,1,4,0,13,1,1,2,E01033248,3,1,0,1
2021991021456,2021,991021456,242465,637819,-4.502429,55.608398,99,3,1,1,14/02/2021,1,18:00,-1,S12000008,S12000008,S12000008,6,0,6,30,9,19,4,6,0,0,0,0,4,2,2,4,2,13,1,1,-1,-1,3,1,0,1
2021622100906,2021,622100906,318075,175990,-3.181047,51.476915,62,3,2,1,15/11/2021,2,13:15,-1,W06000015,W06000015,W06000015,6,0,6,30,9,19,2,6,0,0,0,0,1,1,1,4,0,13,1,1,-1,W01001939,-1,0,0.03779,0.96221
2021141086418,2021,141086418,461454,406037,-1.074003,53.547402,14,3,2,2,07/09/2021,3,11:35,-1,E08000017,E08000017,E08000017,3,630,6,60,0,0,-1,0,-1,0,0,0,1,1,1,4,0,13,2,1,2,E01007478,3,1,0,1
2021221062713,2021,221062713,393831,281780,-2.092159,52.433975,22,3,2,1,30/05/2021,1,19:20,-1,E07000234,E10000034,E10000034,3,456,3,60,1,0,4,6,0,0,0,0,1,1,1,4,0,13,2,2,2,E01032141,3,1,0,1
2021430126607,2021,430126607,495667,176580,-0.623751,51.480099,43,3,2,1,25/03/2021,5,15:16,-1,E06000040,E06000040,E06000040,3,332,1,30,1,0,4,4,3024,0,0,0,1,1,1,4,0,13,1,3,2,E01016545,-1,0,0.00192,0.99808
2021430250033,2021,430250033,498987,177554,-0.575685,51.488283,43,3,3,2,08/06/2021,3,15:37,-1,E06000040,E06000040,E06000040,1,4,3,50,0,0,-1,0,-1,0,0,0,1,1,1,4,0,13,2,1,1,E01016564,-1,0,0.04053,0.95947
202134WNC2141,2021,34WNC2141,474631,261043,-0.90839,52.242538,34,3,3,2,12/04/2021,2,17:00,-1,E06000062,E06000062,E06000062,3,4500,6,30,0,0,-1,0,-1,0,0,0,1,8,1,4,0,13,2,3,2,E01027241,-1,0,0,1
2021131049862,2021,131049862,425191,437865,-1.618691,53.836449,13,2,1,1,27/05/2021,5,16:16,-1,E08000035,E08000035,E08000035,3,6120,6,40,1,0,4,3,6120,0,0,0,1,1,1,4,0,13,1,1,2,E01011464,6,1,1,0
2021010296851,2021,010296851,530147,179975,-0.126221,51.503734,1,3,2,1,15/03/2021,2,12:30,-1,E09000033,E09000033,E09000033,3,3212,6,20,0,0,-1,0,-1,0,0,0,1,1,2,4,2,13,1,1,2,E01004736,-1,0,0,1
2021440149229,2021,440149229,439066,102446,-1.446777,50.820237,44,3,3,2,20/04/2021,3,10:50,-1,E07000091,E10000014,E10000014,4,3054,6,30,0,0,-1,0,-1,0,0,0,1,1,1,4,0,13,2,1,2,E01022999,-1,0,0,1
2021332100100,2021,332100100,460095,303315,-1.113665,52.624298,33,2,2,1,26/02/2021,6,14:40,-1,E06000016,E06000016,E06000016,6,0,6,30,0,0,-1,0,-1,0,1,13,1,1,1,4,0,13,1,1,2,E01013765,-1,0,1,0
2021540713421,2021,540713421,415628,186915,-1.775844,51.580883,54,3,2,1,23/01/2021,7,18:20,-1,E06000030,E06000030,E06000030,3,4311,6,30,0,0,-1,0,-1,0,0,0,4,1,1,4,0,13,1,1,2,E01015509,-1,0,0.00598,0.99402
2021547038121,2021,547038121,419233,181011,-1.724139,51.527687,54,3,2,1,21/07/2021,4,09:11,-1,E06000030,E06000030,E06000030,3,419,1,70,1,0,4,3,346,0,0,0,1,1,1,4,0,13,2,1,1,E01015547,-1,0,0.00473,0.99527
2021070108834,2021,070108834,375716,384661,-2.366331,53.35828,7,3,2,1,19/02/2021,6,11:33,-1,E06000049,E06000049,E06000049,1,56,3,50,0,0,-1,0,-1,0,0,0,1,1,1,4,0,13,2,2,1,E01018648,-1,0,0.01158,0.98842
2021070208148,2021,070208148,338838,377098,-2.91891,53.28732,7,3,2,1,01/04/2021,5,17:00,-1,E06000050,E06000050,E06000050,4,5463,3,30,0,0,-1,0,-1,0,0,0,1,1,1,4,0,13,1,1,2,E01018548,-1,0,0.01286,0.98714
2021101066466,2021,101066466,431238,574886,-1.512407,55.067474,10,3,2,1,16/04/2021,6,10:51,-1,E06000057,E06000057,E06000057,3,192,6,30,0,0,-1,0,-1,0,0,0,1,1,1,4,0,13,2,2,2,E01027421,3,1,0,1
2021101069702,2021,101069702,394920,565076,-2.080914,54.980268,10,3,2,1,22/07/2021,5,16:40,-1,E06000057,E06000057,E06000057,3,69,3,30,0,0,-1,0,-1,0,0,0,1,1,1,4,0,13,1,2,1,E01027504,3,1,0,1
2021131079764,2021,131079764,431165,440731,-1.527627,53.861885,13,3,3,1,23/08/2021,2,09:00,-1,E08000035,E08000035,E08000035,6,0,6,30,6,16,2,3,61,0,5,15,1,1,1,4,0,13,1,1,2,E01011562,3,1,0,1
2021531063943,2021,531063943,392610,216359,-2.108673,51.845787,53,3,1,3,07/07/2021,4,12:00,-1,E07000083,E10000013,E10000013,6,0,6,30,0,0,-1,0,-1,0,0,0,1,1,1,4,0,13,2,1,2,E01022420,3,1,0,1
2021451081732,2021,451081732,504326,171969,-0.50046,51.437122,45,3,2,1,14/08/2021,7,13:22,-1,E07000213,E10000030,E10000030,3,30,3,30,0,0,-1,0,-1,0,0,0,1,1,1,4,0,13,1,1,1,E01030734,3,1,0,1
2021221025123,2021,221025123,344347,246373,-2.814115,52.112875,22,3,2,1,02/03/2021,3,12:16,-1,E06000019,E06000019,E06000019,6,0,6,60,3,13,4,6,0,0,0,0,1,1,1,4,0,13,2,1,2,E01014101,3,1,0,1
2021131060999,2021,131060999,422921,427139,-1.653978,53.74015,13,3,2,1,28/06/2021,2,08:45,-1,E08000034,E08000034,E08000034,6,0,9,30,0,0,-1,0,-1,0,0,0,1,1,1,4,0,13,1,2,2,E01011059,3,1,0,1
2021501108262,2021,501108262,259916,131709,-4.000694,51.067568,50,3,1,1,15/09/2021,4,09:07,-1,E07000043,E10000008,E10000008,3,361,6,60,0,0,-1,0,-1,0,0,0,1,1,1,4,0,13,2,1,2,E01020120,3,1,0,1
2021471027826,2021,471027826,546745,119678,0.088085,50.957847,47,3,1,2,12/03/2021,6,19:50,-1,E07000065,E10000011,E10000011,3,22,1,60,0,0,-1,0,-1,0,0,0,6,2,2,4,0,13,2,1,2,E01021228,3,1,0,1
2021471062215,2021,471062215,559193,101249,0.257171,50.788953,47,3,1,1,01/07/2021,5,08:55,-1,E07000061,E10000011,E10000011,6,0,6,40,9,19,2,3,2270,0,4,14,1,1,1,4,0,13,1,3,2,E01020947,3,1,0,1
2021371140944,2021,371140944,613103,243294,1.106326,52.047066,37,3,1,1,17/11/2021,4,09:15,-1,E07000200,E10000029,E10000029,3,1071,3,30,0,0,-1,0,-1,0,0,0,1,1,1,4,0,13,2,2,2,E01029878,3,1,0,1
2021231108952,2021,231108952,431245,297614,-1.540369,52.57547,23,3,2,1,04/11/2021,5,17:53,-1,E07000218,E10000031,E10000031,4,4116,6,30,3,13,4,6,0,0,0,0,4,1,1,4,0,13,1,1,2,E01031013,3,1,0,1
2021201092581,2021,201092581,406972,286423,-1.898777,52.475708,20,2,1,1,30/07/2021,6,20:40,-1,E08000025,E08000025,E08000025,6,0,2,30,6,16,2,6,0,0,4,14,4,1,1,4,0,13,1,1,2,E01033615,7,1,1,0
2021010322672,2021,010322672,524079,185928,-0.211507,51.558598,1,3,2,2,04/08/2021,4,16:41,-1,E09000003,E09000003,E09000003,3,407,6,30,6,16,2,3,407,0,4,14,1,1,1,4,0,13,1,1,2,E01000141,-1,0,0,1
2021010354398,2021,010354398,535211,195946,-0.047161,51.646065,1,3,1,1,29/12/2021,4,16:40,-1,E09000010,E09000010,E09000010,3,1010,6,20,99,-1,9,6,0,2,9,12,4,1,9,4,9,13,1,3,2,E01001507,-1,0,0,1
2021440100045,2021,440100045,435008,113246,-1.503352,50.917612,44,2,2,1,06/03/2021,7,11:55,-1,E07000091,E10000014,E10000014,3,336,6,30,0,0,-1,0,-1,0,0,0,1,1,1,4,0,13,1,2,2,E01023075,-1,0,0.90094,0.09906
2021461111219,2021,461111219,561434,172813,0.320935,51.431325,46,3,2,1,13/11/2021,7,19:01,-1,E07000107,E10000016,E10000016,3,2,6,30,0,0,-1,0,-1,0,0,0,6,1,1,4,0,13,2,1,1,E01024179,3,1,0,1
2021471028975,2021,471028975,531357,115155,-0.132513,50.920906,47,3,2,1,16/03/2021,3,10:29,-1,E07000228,E10000032,E10000032,6,0,6,30,0,0,-1,0,-1,0,0,0,1,1,2,4,0,13,1,1,2,E01031747,3,1,0,1
2021401015891,2021,401015891,507936,222521,-0.432942,51.890811,40,3,2,2,19/01/2021,3,17:50,-1,E06000032,E06000032,E06000032,4,579,6,30,3,13,4,6,0,0,1,13,4,2,2,4,0,13,1,1,2,E01015704,3,1,0,1
2021430102500,2021,430102500,488968,178618,-0.719678,51.499512,43,3,2,1,11/03/2021,5,16:33,-1,E06000040,E06000040,E06000040,1,4,2,50,0,0,-1,0,-1,0,0,0,1,4,1,4,0,13,2,1,1,E01016543,-1,0,0.01372,0.98628
2021440208292,2021,440208292,467641,104371,-1.040813,50.834917,44,3,2,1,28/05/2021,6,21:55,-1,E06000044,E06000044,E06000044,3,27,3,50,0,0,-1,0,-1,0,0,0,4,1,2,4,0,13,1,1,1,E01017059,-1,0,0,1
2021010311429,2021,010311429,526825,177664,-0.174888,51.483719,1,3,2,1,03/06/2021,5,15:50,-1,E09000020,E09000020,E09000020,3,3220,6,20,99,-1,9,6,0,0,8,17,1,1,1,4,0,13,1,3,2,E01002845,-1,0,0,1
2021371105275,2021,371105275,561668,264186,0.366974,52.252114,37,3,2,1,12/09/2021,1,20:51,-1,E07000245,E10000029,E10000029,3,14,3,50,0,0,-1,0,-1,0,0,0,6,1,1,4,0,13,2,1,1,E01029951,3,1,0,1
2021141105276,2021,141105276,445047,388503,-1.3241,53.391468,14,3,3,1,02/11/2021,3,10:55,-1,E08000018,E08000018,E08000018,3,618,6,50,0,0,-1,0,-1,0,0,0,1,1,1,4,0,13,2,1,2,E01007814,3,1,0,1
2021201107206,2021,201107206,405547,283514,-1.919804,52.449573,20,3,2,1,16/07/2021,6,13:10,-1,E08000025,E08000025,E08000025,3,38,3,30,3,13,4,6,0,0,0,0,1,1,1,4,0,13,1,1,2,E01033631,3,1,0,1
2021201106331,2021,201106331,419737,285433,-1.7109,52.466499,20,3,2,1,15/07/2021,5,08:30,-1,E08000029,E08000029,E08000029,3,452,3,50,1,0,4,3,446,0,0,0,1,1,1,4,0,13,2,1,2,E01010110,3,1,0,1
2021131033492,2021,131033492,430049,432668,-1.545379,53.789483,13,2,2,2,07/04/2021,4,14:20,-1,E08000035,E08000035,E08000035,3,653,3,40,6,16,2,3,653,0,5,15,1,1,1,4,0,13,1,1,2,E01033016,7,1,1,0
2021010340209,2021,010340209,531198,184150,-0.109533,51.541011,1,3,2,2,27/10/2021,4,20:30,-1,E09000019,E09000019,E09000019,6,0,6,20,6,16,2,6,0,0,1,13,4,1,1,4,2,13,1,1,2,E01002699,-1,0,0,1
2021302101243,2021,302101243,446066,355705,-1.313509,53.096588,30,3,2,1,17/08/2021,3,22:00,-1,E07000033,E10000007,E10000007,1,1,3,70,0,0,-1,0,-1,0,0,0,4,1,1,4,0,13,2,2,1,E01019500,-1,0,0.00401,0.99599
2021440047698,2021,440047698,459703,148337,-1.14629,51.231105,44,3,4,2,08/02/2021,2,08:39,-1,E07000084,E10000014,E10000014,3,30,6,30,0,0,-1,0,-1,0,0,0,1,6,2,4,0,13,2,1,2,E01022532,-1,0,0,1
2021371119749,2021,371119749,619427,242957,1.19818,52.041576,37,3,2,1,19/09/2021,1,16:00,-1,E07000202,E10000029,E10000029,3,1156,6,40,0,0,-1,0,-1,0,0,0,1,1,1,4,0,13,1,1,2,E01029966,3,1,0,1
2021991034314,2021,991034314,255483,666363,-4.311071,55.868697,99,3,3,1,09/04/2021,6,16:00,-1,S12000049,S12000049,S12000049,3,814,3,50,0,0,-1,0,-1,0,0,0,1,1,1,4,2,13,1,1,-1,-1,3,1,0,1
202163C079721,2021,63C079721,195855,217509,-4.963401,51.818834,63,3,2,1,29/09/2021,4,11:50,-1,W06000009,W06000009,W06000009,3,40,6,50,0,0,-1,0,-1,0,0,0,1,1,1,4,0,13,1,1,-1,W01000611,-1,0,0.02016,0.97984
2021430257794,2021,430257794,463720,173290,-1.084304,51.455015,43,3,2,5,12/06/2021,7,21:44,-1,E06000037,E06000037,E06000037,1,4,3,50,0,0,-1,0,-1,0,0,0,6,1,1,4,0,13,2,1,1,E01016328,-1,0,0.15514,0.84486
2021552100525,2021,552100525,368817,90649,-2.443041,50.714619,55,3,2,1,22/04/2021,5,13:29,-1,E06000059,E06000059,E06000059,4,3150,6,30,6,16,4,6,0,0,1,13,1,1,1,4,0,13,1,1,2,E01032643,-1,0,0.01553,0.98447
2021201143712,2021,201143712,406821,291234,-1.900903,52.518961,20,3,2,1,27/12/2021,2,19:20,-1,E08000025,E08000025,E08000025,3,34,6,30,0,0,-1,0,-1,0,0,0,4,2,2,4,0,13,1,2,2,E01009242,3,1,0,1
2021201078285,2021,201078285,399086,298692,-2.014918,52.586049,20,3,2,2,24/04/2021,7,00:30,-1,E08000030,E08000030,E08000030,3,454,1,30,0,0,-1,0,-1,0,0,0,4,1,1,4,0,13,2,2,2,E01010260,3,1,0,1
2021131114253,2021,131114253,411850,416242,-1.822234,53.642573,13,2,4,2,25/11/2021,5,15:02,-1,E08000034,E08000034,E08000034,6,0,6,30,0,0,-1,0,-1,0,0,0,1,1,1,4,0,13,1,1,2,E01011149,7,1,1,0
2021010339155,2021,010339155,535385,198085,-0.04382,51.665244,1,3,1,1,22/10/2021,6,18:25,-1,E09000010,E09000010,E09000010,3,1010,6,30,9,19,4,6,0,0,4,14,4,1,1,4,0,13,1,1,2,E01001549,-1,0,0,1
2021010297088,2021,010297088,531706,184639,-0.102029,51.545287,1,3,2,1,16/03/2021,3,08:45,-1,E09000019,E09000019,E09000019,3,1,6,20,3,13,2,3,1200,0,5,15,1,1,1,4,0,13,1,1,2,E01002791,-1,0,0,1
2021531054214,2021,531054214,383944,203725,-2.233884,51.732009,53,3,1,1,18/05/2021,3,14:50,-1,E07000082,E10000013,E10000013,3,46,6,30,0,0,-1,0,-1,0,0,0,1,1,1,4,2,13,1,1,2,E01022394,3,1,0,1
2021451097489,2021,451097489,500261,158799,-0.562635,51.319472,45,2,2,1,12/10/2021,3,08:10,-1,E07000217,E10000030,E10000030,3,320,3,40,3,13,2,6,0,0,0,0,1,1,1,4,0,13,1,1,2,E01030954,6,1,1,0
2021991046095,2021,991046095,318489,694136,-3.313035,56.132949,99,3,1,1,17/05/2021,2,10:10,-1,S12000047,S12000047,S12000047,4,920,6,30,0,0,-1,0,-1,0,0,0,1,1,1,4,0,13,1,1,-1,-1,3,1,0,1
2021991056994,2021,991056994,260737,664700,-4.226326,55.855314,99,2,2,1,18/06/2021,6,00:50,-1,S12000049,S12000049,S12000049,6,0,6,30,6,16,2,3,89,0,5,15,4,1,1,4,0,13,1,1,-1,-1,7,1,1,0
2021440195329,2021,440195329,448400,89882,-1.315928,50.706557,44,3,1,1,20/05/2021,5,17:28,-1,E06000046,E06000046,E06000046,3,3054,6,40,0,0,-1,0,-1,0,0,0,1,5,2,4,0,13,2,1,2,E01017333,-1,0,0,1
2021201063134,2021,201063134,394985,290576,-2.075321,52.513063,20,3,2,1,07/06/2021,2,18:45,-1,E08000027,E08000027,E08000027,4,4171,6,30,0,0,-1,0,-1,0,0,0,4,1,1,4,0,13,1,1,2,E01009892,3,1,0,1
2021010302732,2021,010302732,519401,191424,-0.277088,51.609001,1,3,2,1,20/04/2021,3,19:18,-1,E09000003,E09000003,E09000003,3,5,3,30,0,0,-1,0,-1,0,4,14,1,1,1,4,0,13,1,1,2,E01000194,-1,0,0,1
2021010314072,2021,010314072,535473,198278,-0.042474,51.666957,1,3,1,1,15/06/2021,3,20:15,-1,E09000010,E09000010,E09000010,6,0,9,20,6,16,4,3,1010,2,1,12,1,1,1,4,0,13,1,3,2,E01001441,-1,0,0,1
2021440259204,2021,440259204,460131,106759,-1.147055,50.857217,44,3,2,1,01/07/2021,5,16:28,-1,E07000087,E10000014,E10000014,1,27,3,50,0,0,-1,0,-1,0,0,0,1,1,1,4,0,13,2,1,1,E01022766,-1,0,0,1
2021041151023,2021,041151023,341291,429051,-2.891874,53.754513,4,3,1,1,27/09/2021,2,08:15,-1,E07000119,E10000017,E10000017,6,0,6,30,6,16,2,3,2,0,0,0,1,1,1,4,0,13,2,2,2,E01025030,3,1,0,1
2021451032860,2021,451032860,502230,172677,-0.5304,51.443868,45,2,2,1,05/04/2021,2,21:17,-1,E07000213,E10000030,E10000030,3,30,1,30,1,0,2,3,30,0,0,0,4,1,1,4,0,13,2,2,1,E01030735,5,1,1,0
2021070223008,2021,070223008,361076,388547,-2.586769,53.39233,7,2,2,1,08/04/2021,5,13:51,-1,E06000007,E06000007,E06000007,3,49,1,30,1,0,4,3,49,0,1,13,1,1,1,4,2,13,1,1,2,E01012480,-1,0,1,0
2021440027329,2021,440027329,485249,158251,-0.77813,51.316991,44,3,1,1,24/01/2021,1,09:56,-1,E07000092,E10000014,E10000014,6,0,6,30,0,0,-1,0,-1,0,0,0,1,3,3,4,0,13,1,1,2,E01023099,-1,0,0,1
2021471021388,2021,471021388,487881,132317,-0.746713,51.083445,47,3,2,2,14/02/2021,1,01:00,-1,E07000225,E10000032,E10000032,4,2131,6,30,3,13,2,6,0,0,0,0,6,1,1,4,0,13,1,1,2,E01031503,3,1,0,1
2021430166552,2021,430166552,500085,190861,-0.556092,51.607702,43,3,1,1,20/04/2021,3,11:30,-1,E06000060,E06000060,E06000060,6,0,6,30,0,0,-1,0,-1,0,1,13,1,1,1,4,0,13,1,1,2,E01017755,-1,0,0.07185,0.92815
2021440065344,2021,440065344,441023,117803,-1.417276,50.958192,44,3,2,2,19/02/2021,6,17:00,-1,E07000093,E10000014,E10000014,1,27,3,50,0,0,-1,0,-1,0,0,0,7,1,1,4,0,13,2,2,1,E01023171,-1,0,0,1
2021221017673,2021,221017673,407835,268230,-1.886487,52.312141,22,3,2,1,14/01/2021,5,22:50,-1,E07000236,E10000034,E10000034,6,0,6,40,1,0,4,3,4023,0,0,0,4,1,2,4,0,13,1,1,2,E01032241,3,1,0,1
2021544211921,2021,544211921,399997,171354,-2.001426,51.441178,54,3,2,1,04/05/2021,3,18:27,-1,E06000054,E06000054,E06000054,6,0,6,20,0,0,-1,0,-1,0,1,13,1,1,1,4,0,13,1,1,2,E01031895,-1,0,0.08997,0.91003
2021131041744,2021,131041744,435138,437668,-1.467569,53.834104,13,3,3,2,04/05/2021,3,09:22,-1,E08000035,E08000035,E08000035,3,6120,6,30,0,0,-1,0,-1,0,0,0,1,2,2,4,0,13,1,1,2,E01011657,3,1,0,1
2021010333449,2021,010333449,523294,178605,-0.225386,51.492956,1,3,3,1,24/09/2021,6,12:43,-1,E09000013,E09000013,E09000013,3,315,2,20,9,19,2,3,315,0,5,15,1,1,1,4,0,13,1,3,2,E01001898,-1,0,0,1
2021421104728,2021,421104728,594699,225180,0.828043,51.89117,42,3,2,1,01/11/2021,2,08:45,-1,E07000071,E10000012,E10000012,3,1124,3,40,0,0,-1,0,-1,0,0,0,1,1,1,4,0,13,2,2,2,E01021718,3,1,0,1
2021440248135,2021,440248135,450153,109829,-1.288386,50.885771,44,3,3,1,24/06/2021,5,11:37,-1,E07000087,E10000014,E10000014,1,27,3,70,0,0,-1,0,-1,0,0,0,1,1,1,4,0,13,2,1,1,E01022774,-1,0,0,1
2021211070560,2021,211070560,389124,329219,-2.162977,52.860362,21,3,2,2,20/02/2021,7,09:34,-1,E07000197,E10000028,E10000028,1,6,3,70,0,0,-1,0,-1,0,0,0,1,2,2,4,0,13,2,1,1,E01029743,3,1,0,1
2021211059151,2021,211059151,420011,311925,-1.705275,52.704646,21,2,1,1,24/06/2021,5,07:20,-1,E07000194,E10000028,E10000028,3,513,6,60,0,0,-1,0,-1,0,0,0,1,1,1,4,0,13,2,1,2,E01029516,5,1,1,0
2021201148209,2021,201148209,410686,287800,-1.844054,52.488028,20,3,1,1,02/12/2021,5,10:56,-1,E08000025,E08000025,E08000025,6,0,6,30,2,0,4,6,0,0,0,0,1,1,2,4,0,13,1,1,2,E01009194,3,1,0,1
2021131042683,2021,131042683,420956,439968,-1.682902,53.855536,13,3,1,1,06/05/2021,5,14:52,-1,E08000035,E08000035,E08000035,4,6152,6,30,9,19,1,6,0,2,4,12,1,1,1,4,0,13,1,2,2,E01011278,3,1,0,1
2021010333064,2021,010333064,529317,181601,-0.137577,51.518537,1,3,2,1,23/09/2021,5,18:09,-1,E09000033,E09000033,E09000033,4,506,6,20,3,13,2,6,0,0,5,15,1,1,1,4,0,13,1,1,2,E01004763,-1,0,0,1
2021010342938,2021,010342938,525694,182205,-0.189551,51.524782,1,3,2,1,09/11/2021,3,18:50,-1,E09000033,E09000033,E09000033,4,413,7,20,6,16,2,5,0,9,0,0,4,1,1,4,0,13,1,3,2,E01033608,-1,0,0,1
2021332100844,2021,332100844,448920,316750,-1.276742,52.746185,33,2,8,6,20/10/2021,4,22:30,-1,E07000130,E10000018,E10000018,1,1,3,70,0,0,-1,0,-1,0,0,0,6,2,2,4,0,13,2,1,1,E01025740,-1,0,1,0
2021991042920,2021,991042920,265538,673808,-4.154221,55.938453,99,3,1,1,07/05/2021,6,12:24,-1,S12000045,S12000045,S12000045,6,0,6,20,0,0,-1,0,-1,0,0,0,1,1,1,4,0,13,1,1,-1,-1,3,1,0,1
202163C017521,2021,63C017521,193968,212917,-4.988013,51.77691,63,3,3,2,13/04/2021,3,11:55,-1,W06000009,W06000009,W06000009,3,4076,6,60,0,0,-1,0,-1,0,0,0,1,1,1,4,0,13,2,1,-1,W01000586,-1,0,0.17102,0.82898
2021401024177,2021,401024177,511557,220996,-0.38084,51.876392,40,3,2,1,22/02/2021,2,06:32,-1,E06000032,E06000032,E06000032,3,1081,1,30,1,0,4,6,0,0,0,0,7,1,1,4,0,13,1,1,2,E01015811,3,1,0,1
2021010300761,2021,010300761,536603,187965,-0.030162,51.574011,1,2,2,1,08/04/2021,5,13:50,-1,E09000031,E09000031,E09000031,6,0,2,20,3,13,4,6,0,0,0,0,1,1,1,4,0,13,1,3,2,E01004448,-1,0,1,0
2021440284778,2021,440284778,455669,105932,-1.210569,50.850227,44,3,2,1,19/07/2021,2,10:03,-1,E07000087,E10000014,E10000014,6,0,6,30,3,13,4,6,0,0,0,0,1,1,1,4,0,13,1,1,2,E01022741,-1,0,0,1
2021430209891,2021,430209891,452808,204574,-1.236637,51.737399,43,2,2,1,15/05/2021,7,21:20,-1,E07000178,E10000025,E10000025,4,4495,6,30,3,13,4,6,0,0,0,0,4,1,1,4,0,13,1,1,2,E01028546,-1,0,1,0
2021421024033,2021,421024033,558985,177721,0.287939,51.476113,42,2,2,1,25/02/2021,5,15:03,-1,E06000034,E06000034,E06000034,3,126,1,30,1,0,4,3,1090,0,1,13,1,1,1,4,0,13,1,1,2,E01016011,7,1,1,0
2021050646701,2021,050646701,350922,389645,-2.739615,53.40135,5,3,2,2,16/09/2021,5,21:15,-1,E08000013,E08000013,E08000013,3,57,6,30,0,0,-1,0,-1,0,0,0,4,1,2,4,0,13,2,1,2,E01006889,-1,0,0.05234,0.94766
2021010349819,2021,010349819,518362,185224,-0.294173,51.553498,1,3,1,1,13/12/2021,2,11:44,-1,E09000005,E09000005,E09000005,3,404,6,30,0,0,-1,0,-1,0,0,0,1,1,1,4,0,13,1,1,2,E01000635,-1,0,0,1
2021010342246,2021,010342246,534338,176778,-0.067089,51.474024,1,3,2,1,07/11/2021,1,03:35,-1,E09000028,E09000028,E09000028,3,202,6,30,0,0,-1,0,-1,0,0,0,4,1,1,4,0,13,1,1,2,E01004008,-1,0,0,1
2021461035388,2021,461035388,551278,154299,0.167088,51.267772,46,3,2,1,08/04/2021,5,16:30,-1,E07000111,E10000016,E10000016,3,21,3,50,0,0,-1,0,-1,0,0,0,1,1,1,4,0,13,2,1,1,E01024424,3,1,0,1
2021221102311,2021,221102311,403342,245123,-1.952612,52.104442,22,3,2,1,16/04/2021,6,19:53,-1,E07000238,E10000034,E10000034,4,4624,6,50,0,0,-1,0,-1,0,0,0,1,1,1,4,0,13,2,1,2,E01032376,3,1,0,1
2021991069137,2021,991069137,258365,666395,-4.265072,55.86984,99,2,1,1,21/07/2021,4,23:55,-1,S12000049,S12000049,S12000049,1,8,3,50,5,0,4,3,82,0,0,0,4,1,1,4,0,13,1,1,-1,-1,5,1,1,0
2021501118913,2021,501118913,249778,58221,-4.115313,50.404598,50,2,1,2,06/12/2021,2,07:30,-1,E06000026,E06000026,E06000026,6,0,6,30,0,0,-1,0,-1,0,0,0,4,2,2,4,2,13,1,2,2,E01015068,7,1,1,0
2021501094521,2021,501094521,312654,89201,-3.238074,50.695861,50,2,1,1,08/09/2021,4,12:59,-1,E07000040,E10000008,E10000008,6,0,6,30,5,0,4,6,0,0,0,0,1,1,1,4,0,13,1,1,2,E01019952,7,1,1,0
2021421053515,2021,421053515,566385,181741,0.396293,51.510102,42,3,3,1,08/06/2021,3,11:35,-1,E06000034,E06000034,E06000034,3,13,3,70,0,0,-1,0,-1,0,0,0,1,1,1,4,0,13,2,1,2,E01015979,3,1,0,1
2021101104750,2021,101104750,419449,612797,-1.694404,55.408724,10,3,2,2,01/11/2021,2,11:11,-1,E06000057,E06000057,E06000057,4,6346,6,30,9,19,2,3,1068,0,0,0,1,1,1,4,0,13,2,1,2,E01027358,3,1,0,1
2021552100297,2021,552100297,401056,100821,-1.986373,50.806934,55,3,2,1,29/01/2021,6,18:00,-1,E06000059,E06000059,E06000059,4,3078,6,30,3,13,2,6,0,0,0,0,1,1,1,4,0,13,1,2,2,E01020426,-1,0,0.02128,0.97872
2021010293696,2021,010293696,524449,189298,-0.204979,51.588803,1,3,3,2,21/02/2021,1,20:45,-1,E09000003,E09000003,E09000003,3,406,3,40,0,0,-1,0,-1,0,0,0,4,1,1,4,0,13,1,1,2,E01000225,-1,0,0,1
2021010307960,2021,010307960,529183,183013,-0.13899,51.531257,1,3,2,1,17/05/2021,2,19:20,-1,E09000007,E09000007,E09000007,3,400,6,30,99,-1,9,6,0,0,0,0,1,2,2,4,0,13,1,3,2,E01000950,-1,0,0,1
2021010310836,2021,010310836,512248,171992,-0.386526,51.435817,1,3,1,1,01/06/2021,3,11:10,-1,E09000018,E09000018,E09000018,6,0,6,30,0,0,-1,0,-1,0,0,0,1,1,1,4,0,13,1,1,2,E01002606,-1,0,0,1
2021302101745,2021,302101745,403674,386827,-1.946234,53.3783,30,3,2,2,02/11/2021,3,10:45,-1,E07000037,E10000007,E10000007,3,6015,6,30,3,13,4,3,624,0,0,0,1,1,1,4,0,13,2,1,2,E01019734,-1,0,0.00897,0.99103
2021440470149,2021,440470149,423196,100577,-1.672182,50.80428,44,2,2,1,23/11/2021,3,08:07,-1,E07000091,E10000014,E10000014,3,35,6,40,3,13,4,6,0,0,0,0,1,1,2,4,0,13,2,1,2,E01022997,-1,0,0.92252,0.07748
2021320359498,2021,320359498,505674,347290,-0.426351,53.012518,32,2,3,3,28/06/2021,2,08:55,-1,E07000139,E10000019,E10000019,3,17,6,60,0,0,-1,0,-1,0,0,0,1,1,1,4,0,13,1,1,2,E01026229,-1,0,1,0
2021451046972,2021,451046972,517256,154153,-0.320384,51.274467,45,3,1,1,19/05/2021,4,13:37,-1,E07000210,E10000030,E10000030,3,24,3,50,0,0,-1,0,-1,0,0,0,1,1,1,4,0,13,2,1,2,E01030556,3,1,0,1
2021010314069,2021,010314069,530194,187134,-0.122899,51.568059,1,2,2,1,16/06/2021,4,16:19,-1,E09000019,E09000019,E09000019,3,103,6,20,3,13,4,6,0,0,1,13,1,1,1,4,0,13,1,1,2,E01002804,-1,0,1,0
2021351072639,2021,351072639,522481,272660,-0.203673,52.33837,35,2,1,5,09/06/2021,4,22:45,-1,E07000011,E10000003,E10000003,3,1307,3,70,0,0,-1,0,-1,0,0,0,6,1,1,4,0,13,2,1,1,E01018148,5,1,1,0
2021421021430,2021,421021430,558960,193569,0.294732,51.618504,42,2,2,1,14/02/2021,1,13:28,-1,E07000068,E10000012,E10000012,3,1023,6,30,0,0,-1,0,-1,0,4,14,1,8,1,4,0,13,1,2,2,E01021439,7,1,1,0
2021991046957,2021,991046957,208176,771396,-5.142554,56.794434,99,3,2,1,16/05/2021,1,15:30,-1,S12000017,S12000017,S12000017,3,82,6,60,9,19,4,6,0,0,0,0,1,9,1,4,0,13,1,2,-1,-1,3,1,0,1
2021161052507,2021,161052507,527150,410373,-0.0812,53.574578,16,3,2,1,05/06/2021,7,13:17,-1,E06000012,E06000012,E06000012,3,180,3,50,0,0,-1,0,-1,0,0,0,1,1,1,4,0,13,1,2,2,E01013221,3,1,0,1
2021052100836,2021,052100836,330777,407895,-3.046583,53.5631,5,3,4,5,11/05/2021,3,14:05,-1,E08000014,E08000014,E08000014,3,565,3,60,3,13,4,6,0,0,0,0,1,1,1,4,0,13,1,1,2,E01006988,-1,0,0.27007,0.72993
2021010288016,2021,010288016,532640,173068,-0.092913,51.441084,1,3,2,2,08/01/2021,6,13:30,-1,E09000022,E09000022,E09000022,3,2199,9,20,3,13,2,3,205,9,5,15,1,1,1,4,0,13,1,3,2,E01003170,-1,0,0,1
2021010323958,2021,010323958,526095,182071,-0.183821,51.523488,1,3,2,1,11/08/2021,4,18:05,-1,E09000033,E09000033,E09000033,4,413,6,20,6,16,4,5,0,0,1,13,1,1,1,4,0,13,1,1,2,E01004703,-1,0,0,1
2021320186399,2021,320186399,556697,364132,0.341772,53.151304,32,3,2,2,05/04/2021,2,09:20,-1,E07000137,E10000019,E10000019,6,0,6,30,6,16,4,5,0,0,0,0,1,1,1,4,0,13,1,1,2,E01026116,-1,0,0.04724,0.95276
2021430047594,2021,430047594,448527,191366,-1.30046,51.619036,43,3,1,1,03/02/2021,4,22:06,-1,E07000180,E10000025,E10000025,3,4130,6,40,0,0,-1,0,-1,0,0,0,4,9,1,4,0,13,2,2,2,E01028727,-1,0,0.05494,0.94506
2021471112427,2021,471112427,503497,101514,-0.532581,50.803941,47,3,3,1,21/11/2021,1,13:45,-1,E07000224,E10000032,E10000032,4,2140,6,30,0,0,-1,0,-1,0,0,0,1,1,1,4,0,13,1,1,2,E01031400,3,1,0,1
2021351048677,2021,351048677,506987,301307,-0.421815,52.59905,35,3,2,1,20/05/2021,5,20:13,-1,E06000031,E06000031,E06000031,3,1,3,70,0,0,-1,0,-1,0,0,0,6,1,2,4,0,13,2,1,1,E01015628,3,1,0,1
2021010287923,2021,010287923,510409,178239,-0.411024,51.492326,1,3,3,2,07/01/2021,5,01:55,-1,E09000018,E09000018,E09000018,1,4,3,70,5,0,4,1,4,0,0,0,6,1,2,4,0,13,1,1,1,E01002633,-1,0,0,1
2021010296032,2021,010296032,525410,178070,-0.195112,51.487683,1,3,2,1,10/03/2021,4,07:58,-1,E09000020,E09000020,E09000020,3,3218,6,20,3,13,4,6,0,0,0,0,1,2,2,4,2,13,1,1,2,E01002846,-1,0,0,1
2021221051436,2021,221051436,370917,303847,-2.431133,52.631606,22,3,2,1,28/05/2021,6,13:26,-1,E06000020,E06000020,E06000020,3,442,3,40,1,0,4,3,442,0,0,0,1,1,1,4,0,13,2,1,2,E01014115,3,1,0,1
2021052100095,2021,052100095,343364,388520,-2.853074,53.39048,5,3,2,1,07/01/2021,5,11:25,-1,E08000012,E08000012,E08000012,4,5178,6,30,3,13,2,4,5171,0,5,15,1,1,1,4,0,13,1,2,2,E01006708,-1,0,0.00784,0.99216
20211382D0401,2021,1382D0401,428708,438574,-1.565185,53.84264,13,3,5,3,13/02/2021,7,09:10,-1,E08000035,E08000035,E08000035,6,0,3,70,0,0,-1,0,-1,0,0,0,1,1,1,4,0,13,2,1,2,E01011513,-1,0,0.20411,0.79589
2021010332181,2021,010332181,524997,180869,-0.200066,51.51293,1,3,1,1,12/09/2021,1,16:10,-1,E09000020,E09000020,E09000020,6,0,1,30,2,0,4,6,0,9,9,99,1,1,1,4,0,13,1,3,2,E01002886,-1,0,0,1
2021421028343,2021,421028343,538482,198375,0.001046,51.667096,42,2,2,1,15/03/2021,2,17:59,-1,E07000072,E10000012,E10000012,3,112,6,30,0,0,-1,0,-1,0,0,0,4,1,1,4,0,13,2,1,2,E01021806,6,1,1,0
2021440172355,2021,440172355,450342,88916,-1.28856,50.697706,44,3,2,1,05/05/2021,4,19:14,-1,E06000046,E06000046,E06000046,3,3020,6,30,3,13,4,6,0,0,5,15,1,1,2,4,0,13,1,1,2,E01017331,-1,0,0,1
2021501017641,2021,501017641,182956,62473,-5.056907,50.421904,50,2,1,1,07/01/2021,5,13:40,-1,E06000052,E06000052,E06000052,4,3276,6,30,9,19,4,6,0,0,0,0,1,1,1,4,0,13,1,1,2,E01019048,7,1,1,0
2021101028017,2021,101028017,420866,567322,-1.675365,55.000046,10,3,4,2,13/03/2021,7,12:19,-1,E08000021,E08000021,E08000021,3,1,3,70,0,0,-1,0,-1,0,0,0,1,1,1,4,0,13,1,1,1,E01008298,3,1,0,1
2021131051067,2021,131051067,428652,433186,-1.566535,53.794217,13,3,1,1,01/06/2021,3,17:30,-1,E08000035,E08000035,E08000035,3,647,6,30,0,0,-1,0,-1,0,0,0,1,1,1,4,0,13,1,1,2,E01011363,3,1,0,1
2021010295123,2021,010295123,528566,175768,-0.150518,51.466287,1,3,2,1,02/03/2021,3,18:30,-1,E09000022,E09000022,E09000022,3,3216,3,20,6,16,2,3,3036,9,9,99,7,1,1,4,9,13,1,3,2,E01003037,-1,0,0,1
2021451060580,2021,451060580,535826,142086,-0.058881,51.161904,45,3,2,1,26/06/2021,7,13:41,-1,E07000215,E10000030,E10000030,4,2028,6,30,0,0,-1,0,-1,0,0,0,1,9,1,4,2,13,2,3,2,E01030816,3,1,0,1
202163C026021,2021,63C026021,217591,210083,-4.644506,51.759655,63,3,3,2,10/05/2021,2,06:45,-1,W06000009,W06000009,W06000009,3,477,6,40,3,13,4,6,0,0,0,0,1,1,1,4,0,13,2,1,-1,W01000553,-1,0,0.12484,0.87516
2021221109183,2021,221109183,376680,316049,-2.346856,52.741575,22,3,3,2,07/11/2021,1,17:20,-1,E06000020,E06000020,E06000020,3,41,6,60,0,0,-1,0,-1,0,0,0,6,1,2,4,0,13,2,1,2,E01014112,3,1,0,1
2021461066754,2021,461066754,580576,166267,0.592685,51.366755,46,3,2,1,07/07/2021,4,08:22,-1,E06000035,E06000035,E06000035,3,2,6,40,0,0,-1,0,-1,0,0,0,1,1,1,4,0,13,1,1,2,E01016086,3,1,0,1
2021201063689,2021,201063689,405617,292992,-1.918617,52.534779,20,2,2,2,12/05/2021,4,08:40,-1,E08000025,E08000025,E08000025,3,34,3,30,6,16,2,6,0,0,5,15,1,1,1,4,0,13,1,1,2,E01009238,7,1,1,0
2021320175763,2021,320175763,535039,320243,-0.000129,52.762937,32,2,2,2,30/03/2021,3,10:04,-1,E07000140,E10000019,E10000019,4,1165,6,60,6,16,4,4,1168,0,0,0,1,1,1,4,0,13,2,1,2,E01026249,-1,0,1,0
202131C067021,2021,31C067021,456091,336883,-1.167075,52.926456,31,3,3,1,09/06/2021,4,16:50,-1,E06000018,E06000018,E06000018,3,52,3,50,5,0,4,3,453,0,0,0,1,1,1,4,0,13,2,1,1,E01013928,-1,0,0.05043,0.94957
2021201149162,2021,201149162,404913,293873,-1.928983,52.542706,20,3,2,1,16/12/2021,5,10:30,-1,E08000025,E08000025,E08000025,3,34,3,30,9,19,2,4,4124,0,5,15,1,1,1,4,0,13,1,2,2,E01009245,3,1,0,1
2021010340694,2021,010340694,535489,179448,-0.049502,51.497743,1,3,1,1,30/10/2021,7,14:35,-1,E09000028,E09000028,E09000028,6,0,6,20,0,0,-1,0,-1,0,0,0,1,1,1,4,0,13,1,1,2,E01004031,-1,0,0,1
2021311077790,2021,311077790,478728,354201,-0.826195,53.079262,31,3,3,1,13/08/2021,6,00:25,-1,E07000175,E10000024,E10000024,3,46,6,60,0,0,-1,0,-1,0,0,0,6,1,1,4,0,13,2,2,1,E01028311,3,1,0,1
2021471089108,2021,471089108,487680,106240,-0.755859,50.849036,47,3,1,1,18/09/2021,7,18:55,-1,E07000225,E10000032,E10000032,6,0,6,30,8,18,1,6,0,0,0,0,1,1,1,4,0,13,2,1,2,E01031509,3,1,0,1
2021991110008,2021,991110008,233805,620581,-4.629399,55.450794,99,2,1,1,15/11/2021,2,09:00,-1,S12000028,S12000028,S12000028,6,0,6,30,3,13,4,3,79,0,0,0,1,1,1,4,0,13,1,1,-1,-1,7,1,1,0
2021471110847,2021,471110847,534827,108805,-0.085516,50.863036,47,3,2,1,13/11/2021,7,16:43,-1,E06000043,E06000043,E06000043,3,27,3,70,0,0,-1,0,-1,0,0,0,4,1,1,4,0,13,2,1,1,E01016899,3,1,0,1
2021401068621,2021,401068621,493081,223408,-0.648493,51.90146,40,3,2,1,16/07/2021,6,15:36,-1,E06000056,E06000056,E06000056,3,505,1,30,3,13,4,6,0,0,0,0,1,1,1,4,0,13,2,1,2,E01033193,3,1,0,1
2021131061091,2021,131061091,419293,433145,-1.708608,53.794277,13,3,3,1,30/06/2021,4,07:32,-1,E08000032,E08000032,E08000032,6,0,6,30,3,13,4,6,0,0,0,0,1,1,1,4,0,13,1,1,2,E01010623,3,1,0,1
2021131108116,2021,131108116,422211,436737,-1.664056,53.826445,13,3,2,2,09/11/2021,3,11:42,-1,E08000035,E08000035,E08000035,3,6120,6,60,0,0,-1,0,-1,0,0,0,1,1,1,4,0,13,2,1,2,E01011589,3,1,0,1
2021010296950,2021,010296950,531027,186475,-0.111132,51.561944,1,3,1,1,15/03/2021,2,16:15,-1,E09000019,E09000019,E09000019,3,503,6,30,99,-1,9,6,0,9,9,99,1,8,1,4,9,13,1,3,2,E01002734,-1,0,0,1
2021010320172,2021,010320172,527231,182778,-0.1672,51.529588,1,3,2,1,19/07/2021,2,15:35,-1,E09000033,E09000033,E09000033,3,41,6,30,3,13,3,6,0,0,5,15,1,1,1,4,0,13,1,1,2,E01004725,-1,0,0,1
2021461099222,2021,461099222,566844,172895,0.398727,51.430497,46,3,3,1,28/08/2021,7,13:38,-1,E07000109,E10000016,E10000016,3,226,6,40,9,19,4,6,0,0,0,0,1,1,1,4,0,13,1,1,2,E01024261,3,1,0,1
2021371074012,2021,371074012,648951,281900,1.656404,52.378533,37,3,1,1,23/06/2021,4,23:53,-1,E07000244,E10000029,E10000029,3,12,6,50,0,0,-1,0,-1,0,0,0,6,1,1,4,2,13,2,1,2,E01030295,3,1,0,1
2021041014729,2021,041014729,375237,430883,-2.37721,53.773705,4,3,2,3,12/01/2021,3,14:14,-1,E07000120,E10000017,E10000017,3,678,6,40,0,0,-1,0,-1,0,0,0,1,1,1,4,0,13,1,1,2,E01025033,3,1,0,1
2021041042296,2021,041042296,350295,469996,-2.762011,54.123418,4,2,1,1,04/05/2021,3,11:30,-1,E07000121,E10000017,E10000017,6,0,6,30,3,13,4,6,0,0,0,0,1,1,1,4,0,13,2,1,2,E01025097,7,1,1,0
2021471091628,2021,471091628,527288,136525,-0.18288,51.113885,47,3,2,1,24/09/2021,6,15:34,-1,E07000226,E10000032,E10000032,3,2004,3,30,6,16,2,3,2220,0,1,13,1,1,1,4,0,13,1,1,2,E01032835,3,1,0,1
202163A052221,2021,63A052221,257807,203247,-4.059445,51.709892,63,3,2,1,22/07/2021,5,18:20,-1,W06000010,W06000010,W06000010,3,4138,6,40,6,16,2,6,0,0,0,0,1,1,1,4,0,13,2,1,-1,W01000666,-1,0,0.10318,0.89682
202154A812821,2021,54A812821,415677,187161,-1.775126,51.583094,54,3,2,1,05/11/2021,6,18:55,-1,E06000030,E06000030,E06000030,3,4311,1,30,2,0,4,6,0,0,0,0,4,1,1,4,0,13,1,1,2,E01015560,-1,0,0.01468,0.98532
2021430170053,2021,430170053,501376,177908,-0.541186,51.491042,43,3,2,1,22/04/2021,5,08:50,-1,E06000039,E06000039,E06000039,1,4,6,30,1,0,2,3,4,0,0,0,1,1,1,4,0,13,2,3,2,E01016479,-1,0,0.00154,0.99846
2021552100918,2021,552100918,401598,96499,-1.978699,50.768066,55,2,5,2,06/09/2021,2,20:51,-1,E06000058,E06000058,E06000058,3,349,6,60,0,0,-1,0,-1,0,0,0,6,1,1,4,0,13,2,1,2,E01015399,-1,0,1,0
2021201102707,2021,201102707,406784,290895,-1.901455,52.515914,20,2,2,3,06/07/2021,3,00:57,-1,E08000025,E08000025,E08000025,3,34,6,20,0,0,-1,0,-1,0,0,0,4,2,2,4,0,13,1,1,2,E01009051,7,1,1,0
2021010299166,2021,010299166,506481,178498,-0.467503,51.495408,1,3,3,1,30/03/2021,3,16:23,-1,E09000017,E09000017,E09000017,1,4,3,70,0,0,-1,0,-1,0,0,0,1,1,1,4,0,13,2,1,1,E01002446,-1,0,0,1
2021010328690,2021,010328690,536626,178050,-0.033674,51.484907,1,3,2,1,01/09/2021,4,10:35,-1,E09000023,E09000023,E09000023,3,200,2,20,0,0,-1,0,-1,9,0,0,1,9,1,4,0,13,1,3,2,E01003248,-1,0,0,1
2021201116214,2021,201116214,399369,298757,-2.010741,52.586633,20,3,2,1,07/08/2021,7,16:18,-1,E08000030,E08000030,E08000030,3,454,3,30,6,16,2,6,0,0,0,0,1,2,2,4,0,13,2,1,2,E01010270,3,1,0,1
2021010333325,2021,010333325,544126,183991,0.076695,51.536431,1,3,2,1,24/09/2021,6,19:54,-1,E09000002,E09000002,E09000002,6,0,6,30,3,13,4,6,0,9,1,13,4,1,1,4,0,13,1,3,2,E01000010,-1,0,0,1
2021010316255,2021,010316255,527021,178584,-0.171737,51.491943,1,3,1,1,09/06/2021,4,16:50,-1,E09000020,E09000020,E09000020,3,308,9,20,6,16,2,4,304,9,9,99,1,1,1,4,9,13,1,3,2,E01002822,-1,0,0,1
2021010287511,2021,010287511,543461,182481,0.066499,51.523031,1,3,2,1,04/01/2021,2,18:00,-1,E09000025,E09000025,E09000025,3,13,3,40,0,0,-1,0,-1,0,9,0,7,1,1,4,0,13,1,3,2,E01003536,-1,0,0,1
2021501096560,2021,501096560,291894,92872,-3.532986,50.72537,50,3,2,1,19/08/2021,5,11:18,-1,E07000041,E10000008,E10000008,6,0,6,30,3,13,4,6,0,0,0,0,1,1,1,4,2,13,1,1,2,E01020018,3,1,0,1
2021421071007,2021,421071007,592949,211796,0.795189,51.771583,42,3,2,1,28/07/2021,4,08:49,-1,E07000074,E10000012,E10000012,4,1023,6,30,3,13,2,4,1026,0,0,0,1,1,2,4,0,13,2,1,2,E01021910,3,1,0,1
2021161069184,2021,161069184,503121,417152,-0.441692,53.640751,16,3,3,3,22/07/2021,5,14:24,-1,E06000013,E06000013,E06000013,4,1206,6,60,0,0,-1,0,-1,0,0,0,1,1,1,4,0,13,2,1,2,E01013257,3,1,0,1
2021101062914,2021,101062914,427985,591891,-1.561673,55.220466,10,3,1,1,27/06/2021,1,02:58,-1,E06000057,E06000057,E06000057,6,0,6,30,0,0,-1,0,-1,0,0,0,4,1,1,4,0,13,2,1,2,E01027446,3,1,0,1
2021061069737,2021,061069737,373513,404777,-2.401131,53.538982,6,3,4,2,24/07/2021,7,22:38,-1,E08000001,E08000001,E08000001,1,61,3,70,0,0,-1,0,-1,0,0,0,5,1,1,4,0,13,1,1,1,E01004863,3,1,0,1
202106L079230,2021,06L079230,368690,403770,-2.473803,53.529665,6,2,2,1,15/01/2021,6,11:41,-1,E08000010,E08000010,E08000010,6,0,6,30,3,13,4,3,579,0,0,0,1,7,4,4,0,13,1,1,2,E01006290,-1,0,1,0
20211383B1530,2021,1383B1530,430323,432811,-1.541206,53.790752,13,3,2,2,11/03/2021,5,19:12,-1,E08000035,E08000035,E08000035,3,61,6,30,0,0,-1,0,-1,0,0,0,1,1,1,4,2,13,1,2,2,E01033016,-1,0,0.04525,0.95475
2021430543486,2021,430543486,460284,220500,-1.125619,51.879822,43,3,2,1,01/12/2021,4,17:41,-1,E07000177,E10000025,E10000025,3,41,6,50,3,13,4,6,0,0,0,0,4,1,2,4,0,13,2,1,2,E01028499,-1,0,0.01642,0.98358
2021451071313,2021,451071313,504304,171979,-0.500773,51.437216,45,3,3,2,28/07/2021,4,15:28,-1,E07000213,E10000030,E10000030,5,0,6,30,1,0,2,5,0,0,0,0,1,2,2,4,0,13,1,1,2,E01030736,3,1,0,1
2021231082832,2021,231082832,426202,262708,-1.617503,52.261932,23,3,2,2,23/08/2021,2,13:19,-1,E07000222,E10000031,E10000031,3,46,3,70,0,0,-1,0,-1,0,0,0,1,1,1,4,0,13,2,1,1,E01033255,3,1,0,1
202163A005721,2021,63A005721,259086,209657,-4.043542,51.767812,63,3,2,1,12/02/2021,6,13:00,-1,W06000010,W06000010,W06000010,3,483,6,50,0,0,-1,0,-1,0,0,0,1,1,4,4,0,13,2,1,-1,W01000731,-1,0,0.01693,0.98307
202154A276721,2021,54A276721,418758,186058,-1.730718,51.573082,54,3,2,1,21/10/2021,5,07:03,-1,E06000030,E06000030,E06000030,3,419,3,70,0,0,-1,0,-1,0,0,0,1,1,2,4,0,13,2,1,1,E01015551,-1,0,0.02906,0.97094
202134WNC3101,2021,34WNC3101,476072,254376,-0.888784,52.182412,34,3,2,2,24/06/2021,5,14:20,-1,E06000062,E06000062,E06000062,1,1,3,60,5,0,4,1,1,0,0,0,1,1,1,4,0,13,2,1,1,E01032985,-1,0,0,1
2021141082403,2021,141082403,441840,388562,-1.372312,53.392261,14,3,2,3,31/08/2021,3,08:50,-1,E08000018,E08000018,E08000018,3,630,3,70,0,0,-1,0,-1,0,0,0,5,1,2,4,0,13,2,1,2,E01007699,3,1,0,1
2021201028606,2021,201028606,408821,284618,-1.871602,52.459455,20,3,3,1,02/02/2021,3,17:30,-1,E08000025,E08000025,E08000025,3,41,6,30,0,0,-1,0,-1,0,5,15,4,2,2,4,0,13,1,1,2,E01009371,3,1,0,1
2021010314256,2021,010314256,530873,172143,-0.118664,51.433181,1,3,2,1,15/06/2021,3,09:30,-1,E09000022,E09000022,E09000022,5,0,9,20,3,13,2,6,0,9,9,99,1,1,1,4,9,13,1,3,2,E01003154,-1,0,0,1
2021440147143,2021,440147143,451631,107281,-1.267735,50.86273,44,2,1,1,18/04/2021,1,23:22,-1,E07000087,E10000014,E10000014,6,0,6,30,0,0,-1,0,-1,0,0,0,4,1,1,4,2,13,1,1,2,E01022749,-1,0,0.93154,0.06846
2021041110878,2021,041110878,355610,425238,-2.674177,53.721665,4,3,2,1,04/11/2021,5,21:45,-1,E07000126,E10000017,E10000017,3,582,3,50,1,0,2,3,6,0,0,0,4,1,1,4,0,13,2,2,2,E01025443,3,1,0,1
202163D013421,2021,63D013421,309619,290727,-3.333056,52.506933,63,3,3,1,29/03/2021,2,10:45,-1,W06000023,W06000023,W06000023,3,4811,6,30,3,13,4,6,0,0,0,0,1,1,1,4,0,13,1,1,-1,W01000478,-1,0,0.0122,0.9878
