collision_index,collision_year,collision_ref_no,vehicle_reference,vehicle_type,towing_and_articulation,vehicle_manoeuvre_historic,vehicle_manoeuvre,vehicle_direction_from,vehicle_direction_to,vehicle_location_restricted_lane_historic,vehicle_location_restricted_lane,junction_location,skidding_and_overturning,hit_object_in_carriageway,vehicle_leaving_carriageway,hit_object_off_carriageway,first_point_of_impact,vehicle_left_hand_drive,journey_purpose_of_driver_historic,journey_purpose_of_driver,sex_of_driver,age_of_driver,age_band_of_driver,engine_capacity_cc,propulsion_code,age_of_vehicle,generic_make_model,driver_imd_decile,lsoa_of_driver,escooter_flag,driver_distance_banding
2024451494293,2024,451494293,3,9,0,-1,19,5,1,-1,0,0,1,2,0,0,4,1,-1,2,1,44,7,-1,3,1,BMW I4,6,E01023236,0,4
2024010540357,2024,010540357,1,11,0,4,4,1,5,0,0,2,0,0,0,0,0,1,1,1,1,44,7,-1,3,4,BYD ENVIRO,2,E01003933,0,2
2024010497607,2024,010497607,1,11,0,4,4,1,5,0,0,1,0,0,0,0,0,1,1,1,1,53,8,-1,3,3,BYD ENVIRO,7,E01003906,0,2
2024440546822,2024,440546822,1,9,0,4,4,7,4,0,0,7,0,0,1,7,2,1,2,2,1,32,6,1998,1,20,HONDA ACCORD,4,E01022817,0,3
2024010540852,2024,010540852,1,21,4,99,99,9,9,99,99,9,9,99,9,99,9,9,6,6,1,56,9,5193,2,0,ISUZU TRUCKS FORWARD,9,E01016247,0,4
2024141410724,2024,141410724,2,98,0,-1,19,5,1,-1,0,0,0,0,0,0,4,1,-1,1,1,34,6,5193,2,2,ISUZU TRUCKS FORWARD,7,E01011561,0,4
2024501522950,2024,501522950,5,21,0,-1,2,0,0,-1,0,0,0,0,0,0,3,1,-1,1,1,-1,-1,5193,2,1,ISUZU TRUCKS FORWARD,-1,-1,0,-1
2024471481497,2024,471481497,2,19,0,-1,4,1,5,-1,0,0,0,0,0,0,2,1,-1,1,1,59,9,1898,2,1,ISUZU TRUCKS GRAFTER,6,E01024763,0,4
2024221530563,2024,221530563,2,20,0,-1,4,2,6,-1,0,2,0,0,0,0,2,1,-1,1,1,65,9,1898,2,2,ISUZU TRUCKS GRAFTER,4,E01032409,0,1
2024302401237,2024,302401237,2,19,4,2,2,0,0,0,0,0,0,0,0,0,2,1,6,6,3,-1,-1,1898,2,4,ISUZU TRUCKS GRAFTER,-1,-1,0,-1
2024131477555,2024,131477555,1,9,0,-1,19,1,5,-1,0,0,0,2,7,1,1,1,-1,9,1,47,8,-1,3,1,MG 4,1,E01011433,0,1
2024461407212,2024,461407212,3,9,0,-1,4,8,2,-1,0,0,0,0,0,0,2,1,-1,9,1,70,10,1498,1,5,MAZDA 2,9,E01016090,0,1
2024101528040,2024,101528040,3,9,0,-1,19,5,1,-1,0,0,0,0,0,0,2,1,-1,6,-1,60,9,1496,1,8,MAZDA 2,-1,-1,0,-1
2024552500042,2024,552500042,2,9,0,18,19,4,8,0,0,0,0,0,0,0,1,1,6,6,2,78,11,1400,1,19,MAZDA 2,7,E01015446,0,1
2024421445023,2024,421445023,2,9,0,-1,9,7,3,-1,0,2,0,0,0,0,1,1,-1,1,1,38,7,-1,3,0,SKODA ENYAQ,6,E01021930,0,1
2024471500499,2024,471500499,1,9,0,-1,4,5,5,-1,0,0,0,0,0,0,2,1,-1,9,1,74,10,1197,1,10,SKODA YETI,9,E01031532,0,3
2024401450319,2024,401450319,2,9,0,-1,4,1,5,-1,0,0,0,0,0,0,2,1,-1,9,2,73,10,1968,2,10,SKODA YETI,3,E01011903,0,5
2024451396153,2024,451396153,1,5,0,-1,19,5,1,-1,0,0,5,10,1,0,4,1,-1,2,1,38,7,749,1,5,SUZUKI GSXS,6,E01001016,0,1
2024161479361,2024,161479361,2,3,0,-1,13,6,2,-1,0,1,0,0,0,0,4,1,-1,9,1,19,4,124,1,6,SUZUKI GSXS,9,E01012960,0,2
2024131471846,2024,131471846,2,4,0,-1,14,5,1,-1,0,8,0,2,0,0,1,1,-1,6,1,55,8,749,1,7,SUZUKI GSXS,4,E01011158,0,3
2024340WN0322,2024,340WN0322,1,9,0,-1,19,8,4,-1,0,0,0,0,0,0,1,1,-1,1,2,55,8,1368,1,6,ABARTH 595,-1,-1,0,-1
2024131451248,2024,131451248,2,5,0,-1,14,1,1,-1,0,8,0,0,0,0,4,1,-1,6,1,64,9,1103,1,0,DUCATI STREETFIGHTER,7,E01034266,0,1
2024061478550,2024,061478550,2,9,0,-1,19,3,7,-1,0,0,0,0,0,0,2,1,-1,9,1,67,10,1086,1,16,HYUNDAI AMICA,1,E01012433,0,4
2024471409622,2024,471409622,3,5,0,-1,19,2,5,-1,0,0,0,0,0,0,2,1,-1,6,1,40,7,649,1,15,KAWASAKI EX,6,E01031390,0,3
2024302401201,2024,302401201,1,4,0,18,19,6,2,0,0,0,0,0,0,0,4,1,6,6,1,34,6,498,1,23,KAWASAKI EX,3,E01008032,0,4
2024101444783,2024,101444783,2,9,0,-1,3,7,3,-1,0,1,0,0,0,0,2,1,-1,9,2,42,7,1498,1,6,MG ZS,9,E01008238,0,1
2024010532808,2024,010532808,1,9,0,6,6,7,7,0,0,0,0,0,0,0,2,1,3,7,1,44,7,-1,3,2,MG ZS,2,E01002782,0,1
2024010539551,2024,010539551,1,9,0,99,99,9,9,99,99,9,9,99,9,99,9,9,6,6,1,30,6,-1,3,2,MG ZS,9,E01003364,0,3
2024221509443,2024,221509443,3,9,0,-1,4,8,4,-1,0,0,0,0,0,0,2,9,-1,6,1,51,8,1498,1,1,MG ZS,7,E01009880,0,4
2024421445023,2024,421445023,1,3,0,-1,14,1,5,-1,0,1,0,0,0,0,1,1,-1,1,1,18,4,124,1,12,YAMAHA WR,4,E01021955,0,1
2024010522674,2024,010522674,1,3,0,99,99,9,9,99,99,9,9,99,9,99,1,1,6,6,3,-1,-1,125,1,3,HONDA SH 125,-1,-1,0,-1
2024010506660,2024,010506660,1,4,0,18,19,1,5,0,0,1,0,8,0,0,1,1,1,1,1,53,8,125,1,3,HONDA SH 125,5,E01000586,0,1
2024010510030,2024,010510030,2,3,0,5,5,7,3,0,0,1,0,0,0,0,1,1,1,1,1,48,8,125,1,1,HONDA SH 125,4,E01003597,0,1
2024411463432,2024,411463432,2,9,0,-1,4,8,4,-1,0,0,0,0,0,0,2,1,-1,6,1,27,6,1332,1,3,MERCEDES GLA CLASS,3,E01000876,0,4
2024340WN4252,2024,340WN4252,2,9,0,-1,2,0,0,-1,0,0,0,0,0,0,2,1,-1,6,3,-1,-1,2143,2,7,MERCEDES GLA CLASS,-1,-1,0,-1
2024201456560,2024,201456560,2,9,0,-1,3,2,6,-1,0,2,0,0,0,0,1,1,-1,9,2,65,9,2143,2,7,MERCEDES GLA CLASS,1,E01009952,0,2
2024991508881,2024,991508881,1,9,0,-1,19,6,2,-1,0,1,0,0,0,0,1,1,-1,9,1,34,6,1595,1,5,MERCEDES GLA CLASS,3,-1,0,2
2024010549174,2024,010549174,1,9,0,18,19,1,5,0,0,1,0,0,0,0,1,2,1,1,1,25,5,1332,8,3,MERCEDES GLA CLASS,4,E01001261,0,2
2024010517659,2024,010517659,1,5,0,12,12,7,3,0,0,0,0,0,0,0,1,1,1,1,1,59,9,847,1,3,YAMAHA TRACER,5,E01035663,0,4
2024461440033,2024,461440033,1,9,0,-1,19,4,8,-1,0,8,0,0,0,0,1,1,-1,6,1,31,6,1998,2,12,CHEVROLET ORLANDO,-1,-1,0,-1
2024548871324,2024,548871324,1,17,0,5,5,7,3,0,0,1,0,0,0,0,1,1,1,1,1,70,10,4000,2,19,MAKE AND MODEL REDACTED,7,E01023177,0,1
2024501398263,2024,501398263,1,9,0,-1,4,3,7,-1,0,0,0,0,0,0,2,9,-1,9,2,85,11,1360,1,16,CITROEN C3,6,E01019003,0,4
2024101500828,2024,101500828,2,9,0,-1,19,3,7,-1,0,0,0,0,1,0,2,1,-1,9,2,59,9,1560,2,11,CITROEN C3,-1,-1,0,-1
2024522402039,2024,522402039,1,9,0,18,19,8,4,0,0,2,0,2,0,0,1,1,6,6,1,42,7,1360,1,16,CITROEN C3,10,E01015014,0,1
2024332400541,2024,332400541,2,9,0,-1,19,1,5,-1,0,4,0,0,0,0,1,1,-1,9,1,61,9,1398,2,19,CITROEN C3,2,E01013631,0,1
2024501407155,2024,501407155,3,9,0,-1,19,2,6,-1,0,0,0,0,0,0,2,9,-1,6,2,36,7,1199,1,3,CITROEN C3,3,E01018925,0,1
2024010511327,2024,010511327,1,9,0,18,19,5,1,0,0,1,0,0,0,0,1,1,6,6,2,34,6,1199,1,6,CITROEN C3,-1,-1,0,-1
2024361441327,2024,361441327,1,9,0,-1,9,2,4,-1,0,1,0,0,0,0,1,1,-1,9,1,68,10,1199,1,6,CITROEN C3,6,E01026569,0,1
2024451457354,2024,451457354,1,9,0,-1,-1,-1,-1,-1,-1,0,-1,-1,-1,0,-1,9,-1,6,3,-1,-1,1200,1,4,CITROEN C3,-1,-1,0,-1
2024010534505,2024,010534505,1,9,0,18,19,1,5,0,0,0,0,0,0,0,1,1,6,6,1,29,6,1993,8,0,HONDA ZR-V SPORT ,2,E01001955,0,1
2024552401182,2024,552401182,1,9,0,9,9,4,3,0,0,8,0,0,0,0,3,1,6,6,2,43,7,1796,1,18,MERCEDES SLK CLASS,3,E01033242,0,1
2024471420479,2024,471420479,1,9,0,-1,5,4,1,-1,0,2,0,0,0,0,3,1,-1,9,1,74,10,3199,1,21,MERCEDES SLK CLASS,6,E01031490,0,1
2024531534966,2024,531534966,1,9,0,-1,19,6,2,-1,9,2,0,6,1,11,1,1,-1,9,1,25,5,3498,1,19,MERCEDES SLK CLASS,10,E01028820,0,4
2024991526937,2024,991526937,1,9,0,-1,14,8,4,-1,0,2,0,0,0,0,1,1,-1,9,1,48,8,1560,2,7,PEUGEOT HORIZON,-1,-1,0,-1
2024610054424,2024,610054424,2,9,0,18,19,2,6,0,0,0,0,0,0,0,2,1,6,6,2,29,6,1598,1,18,VAUXHALL MERIVA,4,W01001445,0,3
2024141509938,2024,141509938,1,9,0,-1,19,5,1,-1,0,0,0,0,0,0,1,1,-1,9,2,66,10,999,1,10,VOLKSWAGEN UP,6,E01007620,0,1
2024141491782,2024,141491782,2,9,0,-1,19,3,7,-1,0,8,0,0,0,0,1,1,-1,9,2,19,4,999,1,4,VOLKSWAGEN UP,6,E01007706,0,1
2024522401329,2024,522401329,1,9,0,18,19,5,1,0,0,0,0,0,0,0,1,1,6,6,1,60,9,999,1,9,VOLKSWAGEN UP,3,E01033626,0,5
2024501448958,2024,501448958,2,9,0,-1,3,7,3,-1,0,0,0,0,0,0,2,1,-1,6,2,65,9,999,1,10,VOLKSWAGEN UP,5,E01034855,0,2
2024430250027,2024,430250027,1,9,0,10,10,4,2,0,0,8,0,0,0,0,2,1,6,6,2,59,9,-1,3,3,VOLKSWAGEN UP,10,E01017729,0,2
2024131515717,2024,131515717,2,9,0,-1,19,5,1,-1,0,0,0,0,0,0,4,1,-1,1,1,24,5,1984,1,0,AUDI A4,4,E01017073,0,5
2024010504205,2024,010504205,1,9,0,18,19,3,7,0,0,5,0,0,0,0,1,2,6,6,1,55,8,1984,1,7,AUDI A4,7,E01002013,0,1
2024501419039,2024,501419039,2,9,0,-1,4,2,6,-1,0,0,0,0,0,0,2,1,-1,9,1,52,8,1968,2,2,AUDI A4,5,E01015092,0,4
2024131478715,2024,131478715,2,9,0,-1,19,1,5,-1,0,0,0,0,0,0,3,1,-1,6,2,56,9,2967,2,15,AUDI A4,2,E01007465,0,3
2024411457651,2024,411457651,2,9,0,-1,19,5,1,-1,0,0,0,0,0,0,3,1,-1,2,1,53,8,1395,1,8,AUDI A4,2,E01000951,0,4
2024421405980,2024,421405980,2,9,0,-1,3,3,7,-1,0,0,0,0,0,0,1,1,-1,9,1,35,6,2698,2,16,AUDI A4,8,E01021566,0,3
2024451493852,2024,451493852,1,9,0,-1,3,3,7,-1,0,0,0,0,0,0,2,1,-1,9,1,41,7,1968,2,10,AUDI A4,7,E01030943,0,3
2024411463890,2024,411463890,2,9,0,-1,19,7,3,-1,0,0,5,0,5,0,4,1,-1,6,1,34,6,1984,1,15,AUDI A4,3,E01004226,0,4
2024622400211,2024,622400211,1,9,0,18,19,4,8,0,0,0,0,0,0,0,1,1,6,6,3,-1,-1,1896,2,23,AUDI A4,-1,-1,0,-1
2024991414372,2024,991414372,3,9,0,-1,19,8,3,-1,0,0,0,2,0,0,2,1,-1,9,1,62,9,1395,1,7,AUDI A4,1,-1,0,2
2024302401505,2024,302401505,1,9,0,18,19,1,5,0,0,0,0,0,0,0,1,1,6,6,1,32,6,1968,2,12,AUDI A4,6,E01007908,0,4
2024520403447,2024,520403447,1,9,0,4,4,4,8,0,0,0,0,0,0,0,2,1,6,6,1,41,7,1798,1,11,AUDI A4,4,E01035115,0,1
2024610054424,2024,610054424,1,9,0,18,19,2,6,0,0,0,0,0,0,0,1,1,6,6,1,34,6,1968,2,6,AUDI A4,2,W01000836,0,4
2024122401136,2024,122401136,2,19,0,18,19,1,5,0,0,0,0,0,0,0,2,1,1,1,1,30,6,1499,2,6,FORD TRANSIT COURIER,8,E01034964,0,1
2024010542207,2024,010542207,1,19,0,18,19,1,5,0,0,2,0,0,0,0,1,1,6,6,1,58,9,1499,2,1,FORD TRANSIT COURIER,7,E01004108,0,2
2024631441508,2024,631441508,2,19,0,-1,4,5,1,-1,0,0,0,0,0,0,2,2,-1,9,1,24,5,1499,2,6,FORD TRANSIT COURIER,5,W01000550,0,1
2024141491782,2024,141491782,1,9,0,-1,9,7,5,-1,0,8,0,0,0,0,4,1,-1,2,2,57,9,2494,8,8,MAKE AND MODEL REDACTED,7,E01034252,0,2
2024471492311,2024,471492311,3,9,0,-1,2,0,0,-1,0,0,0,0,0,0,2,1,-1,6,-1,-1,-1,2191,2,9,MAZDA CX-5,-1,-1,0,-1
2024010497427,2024,010497427,3,9,0,3,3,3,7,0,0,8,0,0,0,0,2,1,6,6,2,44,7,2191,2,9,MAZDA CX-5,7,E01001865,0,1
2024211431260,2024,211431260,2,9,0,-1,19,4,7,-1,0,0,0,0,0,0,1,9,-1,9,2,46,8,1998,1,5,MAZDA CX-5,9,E01029368,0,3
2024451536223,2024,451536223,1,9,0,-1,19,7,3,-1,0,0,0,0,4,6,2,1,-1,2,1,52,8,2191,2,3,MAZDA CX-5,10,E01030780,0,4
2024131460058,2024,131460058,2,9,0,-1,9,8,5,-1,0,6,0,0,0,0,1,1,-1,9,2,29,6,1598,2,9,SEAT TOLEDO,6,E01011607,0,1
2024010517292,2024,010517292,3,4,0,18,19,5,1,0,0,2,0,0,0,0,2,1,1,1,1,36,7,292,1,1,YAMAHA X,4,E01000489,0,1
2024201498703,2024,201498703,2,4,0,-1,19,6,2,-1,0,8,0,0,0,0,1,1,-1,6,1,45,7,292,1,0,YAMAHA X,7,E01034099,0,4
2024010497561,2024,010497561,1,3,0,18,19,7,3,9,9,1,1,10,1,11,1,1,6,6,1,32,6,124,1,1,YAMAHA X,2,E01000798,0,3
2024010525352,2024,010525352,3,9,0,18,19,5,1,0,0,0,0,0,0,0,1,1,6,6,1,52,8,2993,2,17,BMW 5 SERIES,3,E01003229,0,2
2024010549787,2024,010549787,1,9,0,5,5,8,4,0,0,0,0,0,0,0,1,1,6,6,1,50,8,2993,2,4,BMW 5 SERIES,10,E01003894,0,1
2024010532087,2024,010532087,3,9,0,18,19,1,5,0,0,0,0,0,0,0,1,1,6,6,1,34,6,2993,2,7,BMW 5 SERIES,4,E01002405,0,4
2024991493220,2024,991493220,2,9,0,-1,19,5,1,-1,0,8,0,0,0,0,3,1,-1,1,1,46,8,1995,2,5,BMW 5 SERIES,7,-1,0,2
2024061447980,2024,061447980,2,8,0,-1,12,5,1,-1,0,7,0,0,0,0,2,1,-1,1,1,63,9,1995,2,7,BMW 5 SERIES,8,E01006809,0,1
2024991525214,2024,991525214,3,9,0,-1,19,2,7,-1,0,0,0,0,0,0,2,1,-1,9,1,62,9,2993,2,20,BMW 5 SERIES,1,-1,0,2
2024122400753,2024,122400753,1,9,0,2,2,0,0,0,0,0,0,2,0,0,1,1,6,6,1,43,7,2993,2,14,BMW 5 SERIES,10,E01027716,0,1
2024141410724,2024,141410724,1,9,0,-1,4,5,1,-1,0,0,0,2,1,1,1,1,-1,9,1,46,8,1998,8,5,BMW 5 SERIES,-1,-1,0,-1
2024231465436,2024,231465436,3,9,0,-1,4,2,6,-1,0,0,1,0,7,0,4,1,-1,1,1,38,7,1995,2,9,BMW 5 SERIES,2,E01034746,0,2
2024010508983,2024,010508983,1,9,0,99,99,9,9,99,99,0,9,99,9,99,3,9,6,6,1,38,7,1995,2,8,BMW 5 SERIES,4,E01003537,0,1
2024201437452,2024,201437452,2,9,0,-1,19,2,6,-1,0,8,0,0,0,0,1,1,-1,6,1,48,8,1995,2,9,BMW 5 SERIES,1,E01009342,0,1
2024451536223,2024,451536223,2,9,0,-1,19,7,3,-1,0,0,0,0,0,0,1,1,-1,6,1,28,6,1995,2,11,BMW 5 SERIES,9,E01031589,0,3
2024010525352,2024,010525352,2,9,0,18,19,5,1,0,0,0,0,0,0,0,1,1,6,6,1,49,8,2497,1,17,BMW 5 SERIES,2,E01003266,0,2
2024471503673,2024,471503673,1,9,0,-1,4,2,6,-1,0,0,0,0,0,0,1,9,-1,6,1,41,7,1599,1,22,HYUNDAI MATRIX,6,E01017009,0,1
2024430584111,2024,430584111,1,9,0,9,9,3,1,0,0,4,0,0,0,0,1,2,3,7,1,42,7,2477,2,18,MITSUBISHI SHOGUN,9,E01028760,0,1
2024221449596,2024,221449596,2,9,0,-1,3,1,5,-1,0,0,0,0,0,0,2,1,-1,6,1,46,8,3200,2,10,MITSUBISHI SHOGUN,5,E01014008,0,3
2024461456934,2024,461456934,2,5,0,-1,19,3,7,-1,0,0,0,0,0,0,1,1,-1,9,1,47,8,2458,1,0,TRIUMPH ROCKET,3,E01016154,0,4
2024010497427,2024,010497427,1,9,0,3,3,3,7,0,0,8,0,0,0,0,2,1,6,6,2,65,9,-1,3,5,BMW I3,7,E01002573,0,1
2024991421963,2024,991421963,2,9,0,-1,19,3,7,-1,0,1,0,0,0,0,3,2,-1,9,2,59,9,-1,3,4,BMW I3,10,-1,0,1
2024451527200,2024,451527200,2,9,0,-1,4,1,5,-1,0,0,0,0,0,0,1,1,-1,9,2,39,7,-1,3,2,BMW I3,9,E01030908,0,4
2024471497492,2024,471497492,2,9,0,-1,4,3,7,-1,0,0,0,0,0,0,2,1,-1,9,2,32,6,1596,1,20,FORD FUSION,1,E01020983,0,2
2024361415599,2024,361415599,1,9,0,-1,9,8,5,-1,0,8,0,0,0,0,4,1,-1,9,1,28,6,1388,1,21,FORD FUSION,3,E01026853,0,1
2024461487797,2024,461487797,1,9,0,-1,11,7,3,-1,0,0,0,0,0,0,4,1,-1,6,2,39,7,1198,1,9,NISSAN NOTE,5,E01035271,0,1
2024471488286,2024,471488286,1,9,0,-1,19,3,7,-1,0,0,0,0,0,0,1,1,-1,6,1,37,7,1386,1,11,NISSAN NOTE,8,E01021221,0,1
2024552401148,2024,552401148,1,9,0,18,19,8,4,0,0,0,0,4,0,0,1,1,6,6,2,56,9,1386,1,18,NISSAN NOTE,7,E01020495,0,1
2024451430645,2024,451430645,1,9,0,-1,19,7,3,-1,0,3,0,0,0,0,1,1,-1,9,1,76,11,1198,1,10,NISSAN NOTE,7,E01030741,0,1
2024471493520,2024,471493520,1,9,0,-1,9,3,7,-1,0,1,0,0,0,0,1,1,-1,6,1,86,11,1198,1,9,NISSAN NOTE,10,E01031800,0,3
2024131477558,2024,131477558,2,9,0,-1,19,1,5,-1,0,8,0,2,0,0,4,1,-1,9,2,37,7,1984,1,5,PORSCHE MACAN,4,E01010633,0,2
2024010510148,2024,010510148,6,9,0,2,2,0,0,6,6,0,0,0,0,0,4,1,6,6,3,-1,-1,3604,1,8,PORSCHE MACAN,-1,-1,0,-1
2024052400397,2024,052400397,1,9,0,18,19,4,8,0,0,0,0,0,0,0,1,1,6,6,1,44,7,1968,2,12,VOLKSWAGEN CC,3,E01007083,0,4
2024041485389,2024,041485389,1,9,0,-1,19,3,7,-1,0,0,0,0,0,0,1,1,-1,2,1,39,7,1968,2,17,VOLKSWAGEN TOURAN,2,E01012608,0,1
2024141431061,2024,141431061,1,9,0,-1,19,8,5,-1,0,0,5,2,0,0,1,1,-1,9,2,40,7,1598,2,11,VOLKSWAGEN TOURAN,1,E01011255,0,4
2024501454899,2024,501454899,1,9,0,-1,19,3,7,-1,0,0,0,2,0,0,1,1,-1,9,1,23,5,1896,2,19,VOLKSWAGEN TOURAN,5,E01018842,0,4
2024421430887,2024,421430887,2,9,0,-1,19,7,3,-1,0,1,0,0,1,11,4,1,-1,6,1,84,11,1987,8,0,LEXUS UX 250,10,E01021918,0,1
2024052402126,2024,052402126,2,9,0,3,3,1,5,0,0,1,0,0,0,0,2,1,6,6,2,23,5,1200,1,3,PEUGEOT 208,6,E01007116,0,1
2024010498005,2024,010498005,1,9,0,9,9,7,5,0,0,1,0,0,0,0,1,1,6,6,1,34,6,1200,1,2,PEUGEOT 208,3,E01001796,0,1
2024010513227,2024,010513227,1,9,0,99,99,9,9,99,99,9,9,99,9,99,3,9,6,6,2,27,6,1200,1,8,PEUGEOT 208,4,E01003448,0,1
2024122400328,2024,122400328,1,9,0,3,3,4,8,0,0,0,0,0,0,0,2,1,6,6,2,22,5,1200,1,9,PEUGEOT 208,3,E01033067,0,1
2024361429262,2024,361429262,1,9,0,-1,19,1,5,-1,0,0,0,0,0,0,1,1,-1,9,2,34,6,1200,1,11,PEUGEOT 208,6,E01026424,0,1
2024010522620,2024,010522620,2,9,0,99,99,9,9,99,99,9,9,99,9,99,2,9,6,6,1,21,5,1199,1,1,PEUGEOT 208,4,E01001234,0,1
2024052402625,2024,052402625,2,9,0,18,19,3,7,0,0,0,0,0,0,0,1,1,6,6,3,75,10,1200,1,10,PEUGEOT 208,8,E01007311,0,1
2024451502639,2024,451502639,1,9,0,-1,4,2,6,-1,0,0,0,0,0,0,2,1,-1,7,2,19,4,1200,1,2,PEUGEOT 208,9,E01023134,0,3
2024161433276,2024,161433276,1,9,0,-1,19,1,5,-1,0,1,0,0,0,0,1,1,-1,6,1,18,4,1200,1,3,PEUGEOT 208,7,E01012950,0,1
2024031471063,2024,031471063,2,9,0,-1,3,7,2,-1,0,1,0,0,0,0,2,1,-1,6,2,39,7,1461,2,15,RENAULT GRAND SCENIC,5,E01019392,0,2
2024430387497,2024,430387497,2,9,0,3,3,1,5,0,0,0,0,0,0,0,2,1,6,6,2,58,9,1461,2,10,RENAULT GRAND SCENIC,10,E01035428,0,3
2024991472756,2024,991472756,1,19,0,-1,6,1,2,-1,0,0,0,0,1,0,3,1,-1,1,1,57,9,1598,2,10,VAUXHALL COMBO,2,-1,0,4
2024451502639,2024,451502639,3,9,0,-1,4,8,4,-1,0,0,0,0,0,0,2,1,-1,6,2,30,6,1969,1,8,VOLVO V40,-1,-1,0,-1
2024401545136,2024,401545136,3,9,0,-1,4,1,5,-1,0,0,0,0,0,0,2,1,-1,6,1,54,8,1969,2,9,VOLVO V40,6,E01001535,0,4
2024010526488,2024,010526488,2,9,0,99,99,9,9,99,99,9,9,99,9,99,2,9,6,6,1,50,8,1969,1,8,VOLVO V40,4,E01035664,0,2
2024501454357,2024,501454357,1,9,0,-1,19,7,3,-1,0,0,5,11,0,0,4,1,-1,7,2,75,10,1984,2,12,VOLVO V40,4,E01020087,0,3
2024451520972,2024,451520972,2,9,0,-1,4,1,5,-1,0,0,0,0,0,0,2,1,-1,2,1,51,8,3456,8,4,LEXUS RX 450,10,E01030874,0,4
2024010539140,2024,010539140,1,9,0,18,19,3,7,0,0,8,0,0,0,0,1,1,6,6,2,62,9,3456,8,13,LEXUS RX 450,4,E01002841,0,1
2024471410742,2024,471410742,1,9,0,-1,9,3,1,-1,0,7,0,0,0,0,1,1,-1,9,1,84,11,1586,1,15,SUZUKI GRAND VITARA,3,E01031430,0,2
2024052400899,2024,052400899,2,9,0,4,4,7,3,0,0,0,0,0,0,0,2,1,6,6,1,37,7,-1,3,2,MG 5,1,E01006757,0,1
2024122400252,2024,122400252,2,9,0,3,3,5,1,0,0,0,0,0,7,0,2,1,1,1,1,27,6,999,7,3,DACIA DUSTER,2,E01034974,0,3
2024221469346,2024,221469346,1,9,0,-1,9,5,3,-1,0,5,0,0,0,0,1,1,-1,6,2,59,9,1461,2,9,DACIA DUSTER,8,E01028883,0,3
202454A226624,2024,54A226624,2,9,0,4,4,7,3,0,0,0,0,0,0,0,2,1,6,6,1,53,8,1330,1,5,DACIA DUSTER,3,E01020095,0,5
2024101512410,2024,101512410,1,9,0,-1,19,3,1,-1,0,6,0,0,0,0,2,1,-1,9,1,62,9,1330,1,5,DACIA DUSTER,9,E01008580,0,2
2024231501620,2024,231501620,2,9,0,-1,4,4,8,-1,0,0,0,0,0,0,2,1,-1,6,2,60,9,999,1,5,DACIA DUSTER,9,E01027006,0,2
2024161508208,2024,161508208,1,9,0,-1,19,3,7,-1,0,4,0,0,0,0,1,1,-1,9,1,68,10,1332,1,0,DACIA DUSTER,1,E01028173,0,5
2024991396978,2024,991396978,1,9,0,-1,19,6,2,-1,0,0,0,4,0,0,3,1,-1,6,1,75,10,999,1,2,DACIA DUSTER,9,-1,0,4
2024031411748,2024,031411748,1,9,0,-1,5,3,7,-1,0,0,0,7,0,0,1,1,-1,9,2,84,11,999,1,3,DACIA DUSTER,7,E01019203,0,2
2024991442993,2024,991442993,1,9,0,-1,5,2,6,-1,0,8,0,0,0,0,2,1,-1,9,1,50,8,1461,2,10,DACIA DUSTER,3,-1,0,1
2024101421322,2024,101421322,2,9,-1,-1,19,1,5,-1,0,0,0,0,0,0,2,9,-1,9,2,43,7,1461,2,11,DACIA DUSTER,1,E01008189,0,1
2024501414788,2024,501414788,2,9,0,-1,2,0,0,-1,0,0,0,0,0,0,2,1,-1,6,1,31,6,1461,2,11,DACIA DUSTER,4,E01020135,0,3
2024131507822,2024,131507822,1,9,0,-1,9,2,3,-1,0,1,0,0,0,0,1,1,-1,6,1,51,8,1461,2,2,DACIA DUSTER,3,E01011175,0,2
2024131460058,2024,131460058,1,3,0,-1,19,1,1,-1,0,1,0,0,0,0,1,1,-1,9,1,20,4,125,1,16,MAKE AND MODEL REDACTED,3,E01011601,0,1
2024010524786,2024,010524786,1,2,0,99,99,9,9,99,99,9,9,99,9,99,1,1,2,2,1,38,7,49,1,4,LEXMOTO ECHO,5,E01004071,0,3
2024501404523,2024,501404523,1,9,0,-1,9,1,7,-1,0,0,0,0,0,0,1,9,-1,2,1,51,8,1798,8,9,LEXUS CT 200,6,E01018981,0,3
2024451520876,2024,451520876,2,9,0,-1,19,7,3,-1,0,0,0,0,0,0,2,1,-1,9,1,29,6,1798,8,9,LEXUS CT 200,10,E01024349,0,4
2024010517713,2024,010517713,1,9,0,10,10,1,7,0,0,6,0,0,0,0,4,1,6,6,1,45,7,1798,8,12,LEXUS CT 200,-1,-1,0,-1
2024440482419,2024,440482419,2,9,0,18,19,7,3,0,0,0,0,2,1,1,1,1,6,6,1,66,10,2231,2,15,LEXUS IS 220,10,E01023052,0,1
2024531495490,2024,531495490,1,9,0,-1,19,8,4,-1,0,0,0,2,4,1,1,1,-1,2,1,52,8,-1,3,5,NISSAN LEAF,8,E01032701,0,4
2024520402896,2024,520402896,1,9,0,4,4,7,3,0,0,1,1,0,7,11,1,1,6,6,2,61,9,-1,3,5,NISSAN LEAF,7,E01029166,0,2
2024131486895,2024,131486895,1,9,0,-1,9,7,1,-1,0,8,1,0,1,11,3,1,-1,9,1,68,10,-1,3,4,NISSAN LEAF,1,E01010943,0,1
2024531505823,2024,531505823,2,9,0,-1,3,5,1,-1,0,0,0,0,0,0,2,1,-1,1,1,34,6,1984,1,17,SEAT LEON,8,E01022447,0,3
2024471417438,2024,471417438,3,9,0,-1,3,5,1,-1,0,1,0,0,0,0,2,1,-1,9,2,29,6,1968,2,10,SEAT LEON,10,E01021228,0,1
2024991479768,2024,991479768,2,9,0,-1,5,4,8,-1,0,6,0,0,0,0,1,1,-1,9,2,39,7,1498,1,5,SEAT LEON,-1,-1,0,-1
2024161429575,2024,161429575,1,9,0,-1,10,3,1,-1,0,1,0,0,0,0,2,9,-1,9,1,22,5,1968,2,10,SEAT LEON,9,E01013293,0,2
2024061470042,2024,061470042,4,9,0,-1,3,7,3,-1,0,2,0,0,0,0,3,1,-1,9,1,56,9,1995,2,10,TOYOTA AVENSIS,-1,-1,0,-1
2024131431682,2024,131431682,1,9,0,-1,4,5,1,-1,0,8,0,0,1,10,1,1,-1,6,1,36,7,1798,1,13,TOYOTA AVENSIS,6,E01011704,0,3
2024440099264,2024,440099264,1,9,0,9,9,6,4,0,0,6,0,0,0,0,3,1,6,6,1,76,11,2231,2,17,TOYOTA AVENSIS,9,E01032615,0,1
2024451430877,2024,451430877,2,5,0,-1,14,7,3,-1,0,0,0,0,0,0,4,1,-1,9,1,59,9,998,1,7,YAMAHA MT,4,E01030824,0,1
2024031447303,2024,031447303,1,5,0,-1,19,5,1,-1,0,0,0,0,1,0,3,1,-1,9,2,54,8,689,1,5,YAMAHA MT,6,-1,0,5
2024311509456,2024,311509456,2,4,0,-1,13,1,5,-1,0,1,0,0,7,11,1,1,-1,6,3,23,5,124,1,8,YAMAHA MT,7,E01028285,0,2
2024131409147,2024,131409147,1,9,0,-1,19,2,5,-1,0,0,0,4,7,0,1,1,-1,9,1,65,9,2993,-1,3,BMW X5,7,E01011889,0,1
2024501515044,2024,501515044,2,9,0,-1,19,4,8,-1,0,0,0,4,0,0,1,1,-1,2,1,29,6,2993,2,16,BMW X5,5,E01020195,0,4
2024131452273,2024,131452273,3,9,0,-1,19,7,1,-1,0,8,0,0,0,0,0,1,-1,1,1,-1,-1,2993,12,2,BMW X5,6,E01011885,0,3
2024231433431,2024,231433431,1,9,0,-1,9,3,7,-1,0,5,0,0,0,0,1,1,-1,9,2,66,10,2993,2,11,BMW X5,6,E01031193,0,1
2024201523990,2024,201523990,2,9,0,-1,3,5,1,-1,0,0,0,0,0,0,2,1,-1,9,2,46,8,2993,2,6,BMW X5,8,E01009466,0,3
2024471497492,2024,471497492,3,9,0,-1,19,7,3,-1,0,0,0,0,0,0,0,1,-1,9,1,43,7,2993,12,3,BMW X5,6,E01021034,0,4
2024522401084,2024,522401084,1,9,0,18,19,6,2,0,0,0,0,0,0,0,1,1,6,6,1,41,7,2993,2,6,BMW X5,10,E01014901,0,2
2024501517750,2024,501517750,1,9,0,-1,14,3,7,-1,0,0,0,4,0,0,1,1,-1,2,2,39,7,1598,1,16,RENAULT KANGOO,4,E01020302,0,4
2024221482681,2024,221482681,1,9,0,-1,19,6,2,-1,0,2,0,0,0,0,1,1,-1,6,2,43,7,1198,1,6,FORD KA+,2,E01032161,0,1
2024010538112,2024,010538112,2,9,0,1,1,3,7,0,0,8,0,0,0,0,4,1,6,6,2,34,6,1995,8,2,MAKE AND MODEL REDACTED,4,E01002592,0,1
2024552401321,2024,552401321,1,9,0,18,19,3,7,0,0,0,0,0,0,0,1,1,6,6,1,38,7,1598,1,18,MAZDA 3,5,E01015393,0,3
2024461510692,2024,461510692,2,9,0,-1,19,5,1,-1,0,0,0,0,0,0,4,9,-1,6,1,39,7,1998,1,8,MAZDA 3,6,E01024172,0,1
2024461499911,2024,461499911,1,9,0,-1,4,7,3,-1,0,0,0,0,0,0,1,1,-1,9,2,51,8,1998,1,9,MAZDA 3,2,E01003540,0,3
2024451439390,2024,451439390,1,9,0,-1,11,3,7,-1,0,0,1,0,1,0,0,1,-1,9,2,32,6,1598,1,18,MAZDA 3,2,E01008897,0,5
2024010503502,2024,010503502,1,9,0,9,9,4,3,0,0,6,0,0,0,0,3,1,6,6,1,71,10,1598,1,18,MAZDA 3,5,E01000799,0,1
2024010532942,2024,010532942,2,19,0,99,99,9,9,99,99,9,9,99,9,99,9,9,6,6,3,-1,-1,1499,2,1,TOYOTA PROACE,-1,-1,0,-1
2024221509443,2024,221509443,4,19,0,-1,4,8,4,-1,0,0,0,0,0,0,2,9,-1,1,1,31,6,1997,2,9,TOYOTA PROACE,1,E01009482,0,4
2024411407680,2024,411407680,2,19,0,-1,4,5,1,-1,0,0,0,0,0,0,2,1,-1,6,1,38,7,1560,2,6,TOYOTA PROACE,7,E01026994,0,4
2024471463111,2024,471463111,2,9,0,-1,2,3,7,-1,0,0,0,0,0,0,3,1,-1,6,2,31,6,1398,1,8,VAUXHALL ADAM,8,E01021209,0,1
2024041398037,2024,041398037,2,9,0,-1,19,5,1,-1,0,1,0,0,0,0,2,1,-1,9,2,21,5,1229,1,11,VAUXHALL ADAM,6,E01006157,0,4
2024101472699,2024,101472699,1,9,0,-1,19,6,2,-1,0,0,0,0,0,0,1,1,-1,6,2,25,5,1229,1,6,VAUXHALL ADAM,7,E01008412,0,3
2024302401039,2024,302401039,1,19,4,17,19,6,3,0,0,0,0,0,0,0,1,1,1,1,1,28,6,-1,-1,-1,NEW HOLLAND MODEL MISSING,5,E01009023,0,4
2024501433957,2024,501433957,1,9,0,-1,19,8,4,-1,0,0,2,11,0,0,4,1,-1,9,1,54,8,1598,1,17,TOYOTA AURIS,5,E01019947,0,2
2024010501084,2024,010501084,1,9,0,18,19,7,3,0,0,6,0,0,0,0,4,1,6,6,1,40,7,1798,8,9,TOYOTA AURIS,2,E01000902,0,1
2024201498703,2024,201498703,1,9,0,-1,5,7,3,-1,0,6,0,0,0,0,1,1,-1,6,1,57,9,1797,8,10,TOYOTA AURIS,1,E01034938,0,1
2024501398263,2024,501398263,2,8,0,-1,19,3,7,-1,0,0,0,0,0,0,1,9,-1,1,1,37,7,1797,8,9,TOYOTA AURIS,4,E01018815,0,2
2024201505632,2024,201505632,2,8,0,-1,5,4,8,-1,0,2,0,0,0,0,1,9,-1,1,1,60,9,1798,8,9,TOYOTA AURIS,3,E01009655,0,1
2024311489646,2024,311489646,1,8,0,-1,19,3,7,-1,0,1,0,0,0,0,1,1,-1,1,1,46,8,1798,8,6,TOYOTA AURIS,1,E01013811,0,1
2024070727324,2024,070727324,1,9,0,-1,13,5,1,-1,0,0,0,0,2,11,1,1,-1,2,1,55,8,1798,8,8,TOYOTA AURIS,7,E01018598,0,2
2024201505632,2024,201505632,1,8,0,-1,19,2,6,-1,0,8,0,0,0,0,4,9,-1,1,1,38,7,1798,8,8,TOYOTA AURIS,4,E01009085,0,4
2024061470042,2024,061470042,3,9,0,-1,3,7,3,-1,0,2,0,0,0,0,3,1,-1,9,1,35,6,1364,2,11,TOYOTA AURIS,1,E01004823,0,1
2024010516075,2024,010516075,1,9,0,18,19,8,4,0,0,0,2,4,0,0,1,1,6,6,1,34,6,1329,1,9,TOYOTA AURIS,2,E01001786,0,3
2024131409581,2024,131409581,2,9,0,-1,4,7,7,-1,0,0,0,0,0,0,2,1,-1,2,2,41,7,1598,1,16,TOYOTA AURIS,7,E01011599,0,1
2024991501329,2024,991501329,2,9,0,-1,13,3,7,-1,0,0,0,0,0,0,1,2,-1,1,1,59,9,1798,8,6,TOYOTA AURIS,5,-1,0,2
2024531480032,2024,531480032,2,9,0,-1,4,7,3,-1,0,1,0,0,0,0,2,1,-1,1,1,53,8,1798,8,6,TOYOTA AURIS,4,E01022310,0,3
2024010510148,2024,010510148,1,8,0,18,19,7,3,0,0,0,0,4,7,10,1,1,1,1,1,65,9,1797,8,10,TOYOTA AURIS,6,E01000892,0,2
2024401529324,2024,401529324,4,9,0,-1,4,4,8,-1,0,0,0,0,0,0,2,1,-1,6,2,55,8,1797,8,10,TOYOTA AURIS,3,E01001488,0,4
2024501414358,2024,501414358,2,9,0,-1,6,1,4,-1,0,8,0,0,0,0,3,9,-1,9,1,46,8,3430,1,40,BMW 6 SERIES,9,E01019937,0,1
2024991442957,2024,991442957,1,9,0,-1,19,3,8,-1,0,0,0,2,0,0,1,1,-1,6,1,43,7,2993,2,9,BMW 6 SERIES,6,-1,0,4
2024131468042,2024,131468042,1,9,0,-1,19,1,5,-1,0,0,0,0,0,0,2,1,-1,2,1,57,9,2143,2,8,MERCEDES C CLASS,1,E01007291,0,5
2024401408907,2024,401408907,1,9,0,-1,19,4,8,-1,0,0,0,0,0,0,1,9,-1,6,1,42,7,2148,2,18,MERCEDES C CLASS,3,E01027224,0,4
2024131507110,2024,131507110,1,9,0,-1,9,7,5,-1,0,0,0,0,0,0,1,1,-1,6,1,50,8,2143,2,8,MERCEDES C CLASS,9,E01013357,0,4
2024010534784,2024,010534784,2,9,0,18,19,1,5,0,0,0,0,0,0,0,1,1,6,6,1,36,7,2143,2,8,MERCEDES C CLASS,2,E01030024,0,4
2024401408907,2024,401408907,3,9,0,-1,4,-1,-1,-1,0,0,0,0,0,0,-1,9,-1,6,2,55,8,1497,1,5,MERCEDES C CLASS,2,E01003932,0,4
2024421475539,2024,421475539,3,9,0,-1,3,1,5,-1,0,0,0,0,0,0,2,1,-1,6,1,52,8,2143,2,11,MERCEDES C CLASS,5,E01027948,0,5
2024010493142,2024,010493142,1,9,0,17,19,3,7,0,0,1,0,0,0,0,1,1,6,6,1,31,6,1597,1,15,MERCEDES C CLASS,6,E01003742,0,3
2024411407680,2024,411407680,1,9,0,-1,4,5,1,-1,0,0,0,0,0,0,1,1,-1,6,3,-1,-1,1796,1,20,MERCEDES C CLASS,-1,-1,0,-1
2024131494254,2024,131494254,1,9,0,-1,1,3,7,-1,0,6,0,0,1,0,0,1,-1,1,1,58,9,1991,8,9,MERCEDES C CLASS,3,E01010675,0,3
2024010549540,2024,010549540,2,9,0,9,9,3,1,0,0,2,0,0,0,0,4,1,6,6,1,57,9,1991,1,9,MERCEDES C CLASS,2,E01003511,0,3
2024201460355,2024,201460355,3,9,0,-1,19,4,8,-1,0,0,0,0,0,0,2,9,-1,9,1,49,8,2143,2,9,MERCEDES C CLASS,5,E01009583,0,4
2024131428463,2024,131428463,1,9,0,-1,19,1,5,-1,0,0,0,0,7,7,1,1,-1,9,1,39,7,2143,2,9,MERCEDES C CLASS,1,E01011312,0,1
2024041395208,2024,041395208,2,9,0,-1,19,1,5,-1,0,8,0,0,0,0,3,1,-1,9,1,54,8,1796,1,12,MERCEDES C CLASS,3,E01025262,0,1
2024542673224,2024,542673224,1,9,0,18,19,1,5,0,0,1,0,0,0,0,1,1,6,6,1,41,7,2143,2,13,MERCEDES C CLASS,9,E01031879,0,4
2024231447100,2024,231447100,2,9,0,-1,4,2,1,-1,0,0,0,0,0,0,2,1,-1,6,1,63,9,2143,2,10,MERCEDES C CLASS,6,E01029473,0,4
2024010491891,2024,010491891,1,9,0,99,99,9,9,99,99,0,9,99,9,99,9,9,6,6,2,56,9,1991,1,8,MERCEDES C CLASS,9,E01002432,0,2
2024010531420,2024,010531420,1,9,0,3,3,1,5,0,0,0,0,0,0,0,2,1,2,2,1,52,8,1395,1,8,SKODA OCTAVIA,9,E01023562,0,2
2024131414005,2024,131414005,3,9,0,-1,19,7,3,-1,0,0,0,0,0,0,0,1,-1,1,1,46,8,1984,1,1,SKODA OCTAVIA,6,E01011885,0,2
2024991454225,2024,991454225,3,9,0,-1,19,5,1,-1,0,1,0,0,0,0,1,1,-1,2,1,37,7,1968,2,7,SKODA OCTAVIA,5,-1,0,3
2024451522841,2024,451522841,1,9,0,-1,3,5,1,-1,0,0,0,0,0,0,2,1,-1,9,1,48,8,1598,2,4,SKODA OCTAVIA,7,E01030423,0,4
2024471516608,2024,471516608,1,9,0,-1,19,3,7,-1,0,0,0,2,1,1,1,1,-1,2,1,30,6,1598,2,9,SKODA OCTAVIA,2,E01021091,0,1
2024461522956,2024,461522956,1,9,0,-1,4,6,2,-1,0,2,1,0,0,0,1,1,-1,6,1,28,6,1598,2,11,SKODA OCTAVIA,3,E01016022,0,1
2024340WN0322,2024,340WN0322,3,9,0,-1,3,8,4,-1,0,0,0,0,0,0,2,1,-1,6,2,32,6,1390,1,15,SKODA OCTAVIA,9,E01027166,0,3
2024471494317,2024,471494317,1,9,0,-1,19,1,5,-1,0,0,0,0,0,0,4,1,-1,9,1,83,11,1598,1,18,SKODA OCTAVIA,6,E01031440,0,1
2024401414422,2024,401414422,2,9,0,-1,19,4,8,-1,0,0,0,0,0,0,2,9,-1,2,2,46,8,1598,2,8,SKODA OCTAVIA,9,E01017452,0,3
2024131508858,2024,131508858,3,9,0,-1,19,1,5,-1,0,8,0,0,0,0,2,1,-1,9,1,45,7,1896,2,14,SKODA OCTAVIA,1,E01011433,0,1
2024991414372,2024,991414372,1,8,0,-1,19,7,3,-1,0,0,0,0,0,0,1,1,-1,1,1,60,9,999,8,0,SKODA OCTAVIA,1,-1,0,2
2024131409581,2024,131409581,1,9,0,-1,4,7,7,-1,0,0,0,0,0,0,1,1,-1,2,1,53,8,1968,2,8,SKODA OCTAVIA,1,E01011336,0,2
2024991453097,2024,991453097,1,9,0,-1,19,1,5,-1,0,0,0,0,0,0,1,1,-1,9,2,59,9,1498,1,4,SKODA OCTAVIA,7,-1,0,5
2024052402194,2024,052402194,2,8,0,7,7,5,1,0,0,3,0,0,0,0,2,1,1,1,1,62,9,1598,2,8,SKODA OCTAVIA,5,E01006971,0,3
2024471510603,2024,471510603,2,3,0,-1,19,5,1,-1,0,1,0,0,0,0,4,1,-1,9,1,20,4,124,1,9,YAMAHA YZF,8,E01031781,0,1
2024430426030,2024,430426030,1,4,0,18,19,6,1,0,0,4,0,0,0,0,1,1,6,6,1,20,4,124,1,7,YAMAHA YZF,7,E01028483,0,4
2024501414740,2024,501414740,2,3,0,-1,19,8,4,-1,0,0,2,0,0,0,1,1,-1,2,2,22,5,49,1,18,MAKE AND MODEL REDACTED,5,E01020342,0,1
2024401450319,2024,401450319,3,9,0,-1,4,1,5,-1,0,0,0,0,0,0,2,1,-1,6,1,-1,-1,2967,2,8,AUDI Q7,3,E01026969,0,4
2024201421382,2024,201421382,1,9,0,-1,14,8,4,-1,0,0,1,4,1,0,1,1,-1,6,1,56,9,2967,2,3,AUDI Q7,7,E01009427,0,1
2024531475839,2024,531475839,2,9,0,-1,19,5,1,-1,0,0,0,0,0,0,4,1,-1,9,1,55,8,998,1,9,FORD GRAND C-MAX,3,E01032381,0,3
2024471418860,2024,471418860,1,9,0,-1,3,7,3,-1,0,0,1,0,0,0,2,1,-1,2,1,43,7,1339,8,13,HONDA INSIGHT,3,E01021122,0,2
2024451467385,2024,451467385,3,9,9,-1,99,3,7,-1,99,0,9,99,9,99,9,9,-1,6,3,40,7,1330,8,14,HONDA INSIGHT,-1,-1,0,-1
2024010547934,2024,010547934,1,9,0,11,11,7,3,0,0,0,0,0,0,0,4,1,6,6,3,-1,-1,1339,8,12,HONDA INSIGHT,-1,-1,0,-1
2024471487645,2024,471487645,3,19,0,-1,19,5,1,-1,0,1,0,0,0,0,1,1,-1,1,1,37,7,2298,2,2,RENAULT MASTER,5,E01020936,0,4
2024010544571,2024,010544571,2,19,0,5,5,9,9,99,99,5,9,99,9,99,9,9,6,6,1,-1,-1,2298,2,1,RENAULT MASTER,-1,-1,0,-1
2024010542278,2024,010542278,1,17,0,7,7,3,5,0,0,6,0,0,0,0,4,1,1,1,1,43,7,2900,2,5,MAKE AND MODEL REDACTED,2,E01034190,0,1
2024010525293,2024,010525293,1,9,0,10,10,1,7,0,0,6,0,0,0,0,1,1,1,1,1,30,6,1498,8,1,HONDA JAZZ,3,E01000032,0,1
2024221530563,2024,221530563,1,9,0,-1,4,2,6,-1,0,2,0,0,0,0,1,1,-1,9,2,50,8,1318,1,7,HONDA JAZZ,5,E01032411,0,1
2024552400659,2024,552400659,1,9,0,9,9,5,3,4,4,5,0,0,0,0,1,1,6,6,1,57,9,1339,1,11,HONDA JAZZ,4,E01020578,0,1
2024991524354,2024,991524354,1,9,0,-1,19,1,5,-1,0,0,0,0,0,0,1,1,-1,9,2,80,11,1498,8,4,HONDA JAZZ,7,-1,0,4
2024041499885,2024,041499885,2,9,0,-1,4,5,1,-1,0,0,0,0,0,0,2,1,-1,9,2,62,9,1198,1,10,HONDA JAZZ,8,E01025088,0,1
2024141515816,2024,141515816,2,9,0,-1,3,4,7,-1,0,0,0,0,0,0,2,1,-1,9,2,72,10,1339,1,11,HONDA JAZZ,2,E01026378,0,3
2024010544688,2024,010544688,2,9,0,99,99,9,9,99,99,0,9,99,9,99,1,9,6,6,2,-1,-1,1339,1,15,HONDA JAZZ,-1,-1,0,-1
2024131491729,2024,131491729,1,9,0,-1,19,1,5,-1,0,1,0,0,0,0,2,1,-1,9,2,29,6,1339,1,17,HONDA JAZZ,1,E01011317,0,1
2024451517570,2024,451517570,2,9,0,-1,5,1,5,-1,0,8,0,0,0,0,1,1,-1,9,2,54,8,1998,8,9,MITSUBISHI OUTLANDER,10,E01030863,0,1
2024010514970,2024,010514970,2,8,0,18,19,5,1,0,0,0,0,0,0,0,1,1,6,6,1,44,7,2360,8,5,MITSUBISHI OUTLANDER,2,E01001437,0,1
2024211512815,2024,211512815,2,9,0,-1,19,1,6,-1,0,0,0,0,0,0,2,1,-1,6,1,62,9,2268,2,11,MITSUBISHI OUTLANDER,1,E01014361,0,2
2024471481497,2024,471481497,1,9,0,-1,19,5,1,-1,0,0,0,0,0,0,1,1,-1,1,2,25,5,1998,8,8,MITSUBISHI OUTLANDER,10,E01030627,0,3
2024010505078,2024,010505078,2,9,0,11,11,6,2,0,0,1,0,0,0,0,1,1,6,6,3,-1,-1,1998,8,9,MITSUBISHI OUTLANDER,-1,-1,0,-1
2024131495958,2024,131495958,2,9,0,-1,19,7,3,-1,0,1,0,0,0,0,1,1,-1,6,1,26,6,998,1,14,TOYOTA IQ,1,E01010808,0,1
2024122400328,2024,122400328,2,5,0,3,3,4,8,0,0,0,0,0,0,0,2,1,6,6,1,59,9,1700,1,10,TRIUMPH THUNDERBIRD,3,E01027629,0,4
2024461494405,2024,461494405,2,5,0,-1,4,7,3,-1,0,0,1,0,0,0,1,1,-1,9,1,51,8,1600,1,13,TRIUMPH THUNDERBIRD,3,E01024529,0,4
2024010533544,2024,010533544,1,9,0,18,19,5,1,0,0,8,0,0,0,0,1,1,6,6,2,44,7,1580,8,2,HYUNDAI KONA,5,E01017152,0,5
2024501509435,2024,501509435,1,9,0,-1,19,6,2,-1,0,0,0,0,0,0,1,1,-1,1,2,60,9,1580,8,4,HYUNDAI KONA,4,E01018918,0,1
2024471497237,2024,471497237,3,9,0,-1,19,1,5,-1,0,0,0,0,0,0,3,1,-1,9,1,54,8,1580,8,4,HYUNDAI KONA,4,E01031435,0,1
2024131509624,2024,131509624,2,9,0,-1,19,1,5,-1,0,0,0,0,0,0,2,1,-1,1,1,44,7,-1,3,4,HYUNDAI KONA,7,E01012527,0,4
2024991477082,2024,991477082,1,9,0,-1,19,8,4,-1,0,0,0,10,1,10,1,1,-1,9,2,26,6,1580,8,3,HYUNDAI KONA,7,-1,0,1
2024201483585,2024,201483585,2,9,0,-1,6,3,2,-1,0,0,0,0,0,0,3,1,-1,9,2,33,6,998,1,5,HYUNDAI KONA,-1,-1,0,-1
2024131472333,2024,131472333,2,9,0,-1,19,6,2,-1,0,0,0,0,0,0,2,1,-1,9,1,33,6,998,8,3,HYUNDAI KONA,2,E01011000,0,1
2024461522956,2024,461522956,2,9,0,-1,2,6,2,-1,0,2,0,0,0,0,2,1,-1,6,1,25,5,2987,2,17,MERCEDES E CLASS,1,E01016019,0,1
2024031531261,2024,031531261,4,9,0,-1,2,0,0,-1,0,0,0,0,0,0,2,1,-1,6,1,74,10,2148,2,16,MERCEDES E CLASS,7,E01019240,0,4
2024101528040,2024,101528040,2,9,0,-1,19,5,1,-1,0,0,0,0,0,0,2,1,-1,9,2,51,8,2143,2,11,MERCEDES E CLASS,5,E01008629,0,2
2024010536905,2024,010536905,1,9,0,3,3,1,5,0,0,2,0,0,0,0,2,1,6,6,1,65,9,2143,2,8,MERCEDES E CLASS,8,E01004510,0,2
2024010529961,2024,010529961,2,9,0,14,14,5,1,0,0,2,0,0,0,0,1,1,6,6,1,24,5,1950,12,4,MERCEDES E CLASS,2,E01001057,0,2
2024401477242,2024,401477242,2,9,0,-1,19,4,8,-1,0,0,0,0,0,0,1,1,-1,9,1,73,10,1950,2,6,MERCEDES E CLASS,6,E01017547,0,3
2024440394300,2024,440394300,2,9,0,18,19,2,6,0,0,0,0,0,0,0,2,1,3,7,1,49,8,1950,2,7,MERCEDES E CLASS,-1,-1,0,-1
2024201510454,2024,201510454,1,9,0,-1,19,6,2,-1,0,0,0,0,0,0,3,9,-1,6,1,-1,-1,2143,2,11,MERCEDES E CLASS,2,E01032453,0,4
2024430362976,2024,430362976,2,9,0,18,19,8,4,0,0,0,0,0,0,0,1,1,6,6,1,53,8,1993,12,0,MERCEDES E CLASS,-1,-1,0,-1
2024531512174,2024,531512174,1,9,0,-1,19,5,1,-1,0,0,0,0,0,0,2,1,-1,2,1,34,6,2143,2,10,MERCEDES E CLASS,9,E01031184,0,4
2024231490472,2024,231490472,2,19,0,-1,3,2,6,-1,0,1,0,0,0,0,2,1,-1,9,1,76,11,-1,-1,-1,PEUGEOT BOXER,10,E01031214,0,1
2024440439727,2024,440439727,2,19,0,13,13,7,3,0,0,8,0,0,7,0,1,1,1,1,1,37,7,2200,2,3,PEUGEOT BOXER,5,E01023104,0,4
2024061503422,2024,061503422,1,10,0,-1,2,5,7,-1,0,8,0,0,0,0,1,1,-1,6,1,33,6,2198,2,9,PEUGEOT BOXER,9,E01005418,0,2
2024010535606,2024,010535606,1,19,0,9,9,7,5,0,0,6,0,0,0,0,3,1,1,1,1,33,6,2200,2,2,PEUGEOT BOXER,1,E01001562,0,2
2024311465506,2024,311465506,2,19,0,-1,19,7,3,-1,0,0,0,0,1,0,2,1,-1,2,1,53,8,2198,2,8,PEUGEOT BOXER,7,E01027999,0,2
2024311410872,2024,311410872,1,19,0,-1,19,2,4,-1,0,8,0,0,0,0,1,1,-1,6,1,40,7,1997,2,6,PEUGEOT BOXER,8,E01026200,0,4
2024471435682,2024,471435682,2,10,0,-1,19,6,2,-1,0,2,0,0,0,0,3,9,-1,6,2,37,7,2179,2,1,PEUGEOT BOXER,9,E01031722,0,2
2024010533544,2024,010533544,4,9,0,18,19,5,1,0,0,8,0,0,0,0,2,1,6,6,1,45,7,1968,2,6,VOLKSWAGEN SHARAN,-1,-1,0,-1
2024461485821,2024,461485821,1,8,0,-1,4,5,1,-1,0,0,0,0,0,0,1,1,-1,2,1,33,6,1968,2,4,VOLKSWAGEN SHARAN,5,E01024594,0,2
2024991495654,2024,991495654,2,9,0,-1,19,6,2,-1,0,0,0,0,0,0,2,1,-1,9,1,67,10,1968,2,4,VOLKSWAGEN SHARAN,8,-1,0,5
2024631430255,2024,631430255,3,9,0,-1,10,5,3,-1,0,8,0,0,0,0,1,2,-1,9,2,62,9,1499,1,1,MINI COOPER,8,W01001542,0,5
2024061470042,2024,061470042,2,9,0,-1,3,7,3,-1,0,2,0,0,0,0,3,1,-1,9,2,62,9,1998,1,4,MINI COOPER,9,E01004884,0,1
2024141400712,2024,141400712,2,9,0,-1,19,4,8,-1,0,0,0,0,0,0,1,1,-1,9,1,27,6,1499,1,6,MINI COOPER,5,E01012803,0,4
2024440340121,2024,440340121,1,9,0,12,12,7,3,0,0,0,0,0,4,6,1,1,6,6,2,55,8,1499,1,7,MINI COOPER,1,E01017281,0,2
2024401498730,2024,401498730,1,9,0,-1,4,1,5,-1,0,0,0,0,0,0,2,1,-1,9,2,40,7,1499,1,10,MINI COOPER,10,E01018019,0,4
2024351425942,2024,351425942,3,9,0,-1,19,7,3,-1,0,0,0,0,0,0,2,1,-1,1,2,59,9,1499,1,8,MINI COOPER,6,E01030218,0,4
2024991418380,2024,991418380,2,9,0,-1,3,5,1,-1,0,1,0,0,0,0,2,1,-1,9,2,49,8,1598,1,22,MINI COOPER,7,-1,0,1
2024411493458,2024,411493458,3,9,0,-1,4,7,2,-1,0,0,0,0,0,0,2,1,-1,6,1,21,5,1998,1,3,MINI COOPER,9,E01021804,0,3
2024991459852,2024,991459852,1,9,0,-1,19,5,1,-1,0,1,0,0,0,0,3,2,-1,6,2,23,5,1499,1,4,MINI COOPER,2,-1,0,1
2024461494602,2024,461494602,1,9,0,-1,19,7,3,-1,0,0,0,0,0,0,1,1,-1,6,1,23,5,1598,1,12,MINI COOPER,5,E01032829,0,1
2024451429814,2024,451429814,1,9,0,-1,19,1,5,-1,0,5,0,0,0,0,4,1,-1,9,2,47,8,1499,1,4,MINI COOPER,9,E01030313,0,1
2024991420046,2024,991420046,2,9,0,-1,19,2,6,-1,0,0,2,0,0,0,2,1,-1,6,1,66,10,999,1,4,SKODA KAMIQ,9,-1,0,4
2024430082455,2024,430082455,1,3,0,14,14,2,6,0,0,0,0,0,0,0,1,1,2,2,2,23,5,125,1,6,AJS MODENA 125,10,E01028465,0,1
2024010498005,2024,010498005,2,3,0,18,19,3,7,0,0,1,0,0,0,0,1,1,2,2,1,58,9,125,1,7,HONDA GLR 125,9,E01003794,0,2
2024010531420,2024,010531420,2,9,0,4,4,1,5,0,0,0,0,0,0,0,1,1,6,6,1,31,6,1124,1,17,MITSUBISHI COLT,9,E01000230,0,1
2024221518889,2024,221518889,3,9,0,-1,3,2,5,-1,0,0,0,0,0,0,2,1,-1,6,1,34,6,1995,12,3,BMW X3,7,E01028976,0,1
2024340WN4552,2024,340WN4552,2,9,0,-1,4,5,1,-1,0,0,0,0,0,0,2,1,-1,2,2,28,6,1998,8,0,BMW X3,8,E01009559,0,4
2024010537998,2024,010537998,1,10,0,4,4,5,1,0,0,0,0,0,0,0,2,1,1,1,1,36,7,2179,2,1,CITROEN RELAY,3,E01034608,0,1
2024070324236,2024,070324236,1,19,0,16,19,4,7,0,0,8,0,0,0,0,1,1,1,1,1,48,8,2200,2,3,CITROEN RELAY,1,E01024953,0,4
2024131474450,2024,131474450,1,19,0,-1,19,2,6,-1,0,0,0,0,0,0,4,1,-1,6,3,-1,-1,2179,2,1,CITROEN RELAY,-1,-1,0,-1
2024101525283,2024,101525283,3,9,0,-1,3,7,3,-1,0,1,0,0,0,0,2,1,-1,6,1,-1,-1,1798,2,10,MITSUBISHI ASX,-1,-1,0,-1
2024010518819,2024,010518819,1,9,0,10,10,3,8,0,0,1,0,0,0,0,1,1,6,6,1,64,9,1590,1,10,MITSUBISHI ASX,6,E01001803,0,1
2024451482691,2024,451482691,1,9,0,-1,19,7,3,-1,0,0,0,0,0,0,1,1,-1,6,1,35,6,1990,1,10,NISSAN MODEL MISSING,5,E01015029,0,5
2024440351680,2024,440351680,1,9,0,12,12,7,3,0,0,0,0,2,0,0,1,1,6,6,1,76,11,996,1,12,SUZUKI ALTO,8,E01016815,0,5
2024131507822,2024,131507822,2,9,0,-1,19,3,3,-1,0,1,0,0,0,0,1,1,-1,6,1,56,9,996,1,10,SUZUKI ALTO,4,E01011231,0,1
2024991425929,2024,991425929,2,9,0,-1,3,6,2,-1,0,1,0,0,0,0,2,1,-1,6,2,46,8,996,1,15,SUZUKI ALTO,3,-1,0,1
2024041415495,2024,041415495,1,9,0,-1,5,7,3,-1,0,8,0,0,0,0,1,1,-1,9,1,78,11,1299,1,23,TOYOTA YARIS,8,E01025601,0,1
2024440036201,2024,440036201,2,9,0,18,19,7,3,0,0,8,0,0,0,0,4,1,6,6,1,53,8,1329,1,12,TOYOTA YARIS,5,E01017028,0,2
2024471515194,2024,471515194,1,9,0,-1,4,7,3,-1,0,0,0,0,1,0,2,1,-1,9,1,49,8,1490,8,1,TOYOTA YARIS,1,E01016908,0,1
2024351469098,2024,351469098,2,9,0,-1,19,1,5,-1,0,0,0,0,0,0,2,1,-1,9,2,38,7,1329,1,12,TOYOTA YARIS,1,E01015664,0,3
2024010548580,2024,010548580,1,9,0,9,9,6,3,0,0,1,0,0,0,0,0,1,3,7,2,36,7,1329,1,13,TOYOTA YARIS,7,E01035080,0,5
2024211464297,2024,211464297,1,9,0,-1,9,7,4,-1,0,6,0,0,0,0,3,1,-1,6,1,52,8,998,1,20,TOYOTA YARIS,9,E01029799,0,3
2024451412669,2024,451412669,2,9,0,-1,19,5,1,-1,0,0,0,0,0,0,4,1,-1,9,1,39,7,1490,8,1,TOYOTA YARIS,10,E01002920,0,3
2024991430213,2024,991430213,2,9,0,-1,4,3,7,-1,0,1,0,0,0,0,2,1,-1,2,2,24,5,998,1,12,TOYOTA YARIS,7,-1,0,1
2024471496905,2024,471496905,1,9,0,-1,19,1,5,-1,0,8,0,0,0,0,1,1,-1,2,1,61,9,998,1,16,TOYOTA YARIS,1,E01016864,0,1
2024041454557,2024,041454557,2,9,0,-1,19,1,5,-1,0,1,0,0,0,0,2,9,-1,6,3,-1,-1,1329,1,12,TOYOTA YARIS,-1,-1,0,-1
2024131495958,2024,131495958,1,9,0,-1,9,1,7,-1,0,6,0,0,0,0,1,1,-1,6,2,22,5,1296,1,16,TOYOTA YARIS,8,E01011595,0,2
2024201520219,2024,201520219,2,9,0,-1,19,6,1,-1,0,8,0,0,0,0,1,1,-1,9,1,32,6,1296,1,17,TOYOTA YARIS,3,E01033561,0,1
2024201437330,2024,201437330,1,9,0,-1,9,8,4,-1,0,6,0,0,0,0,3,1,-1,6,2,55,8,1296,1,16,TOYOTA YARIS,2,E01009891,0,1
2024010528350,2024,010528350,1,9,0,13,13,1,5,0,0,0,0,0,0,0,4,1,6,6,2,49,8,1497,8,4,TOYOTA YARIS,3,E01000046,0,3
2024061488986,2024,061488986,2,9,9,-1,6,-1,-1,-1,0,8,0,0,0,0,4,1,-1,6,1,-1,-1,998,1,18,TOYOTA YARIS,-1,-1,0,-1
2024010524672,2024,010524672,1,9,0,7,7,1,4,0,0,5,0,0,1,0,1,1,2,2,2,68,10,1497,8,5,TOYOTA YARIS,-1,-1,0,-1
2024131533421,2024,131533421,1,9,0,-1,19,5,1,-1,0,1,0,0,0,0,4,1,-1,6,1,25,5,1329,1,12,TOYOTA YARIS,2,E01011149,0,2
2024101528040,2024,101528040,1,9,0,-1,19,5,1,-1,0,0,0,0,0,0,1,1,-1,6,1,24,5,998,1,14,TOYOTA YARIS,1,E01005615,0,5
2024311548088,2024,311548088,1,9,0,-1,4,3,8,-1,0,0,0,0,0,0,2,1,-1,6,2,21,5,1497,8,10,TOYOTA YARIS,-1,-1,0,-1
2024361429262,2024,361429262,2,9,0,-1,4,1,5,-1,0,0,0,0,0,0,2,1,-1,2,2,23,5,1329,1,11,TOYOTA YARIS,7,E01026456,0,3
2024141519443,2024,141519443,1,9,0,-1,5,1,1,-1,0,0,0,0,0,0,2,1,-1,9,2,69,10,1490,8,1,TOYOTA YARIS,2,E01007494,0,1
2024101459297,2024,101459297,1,9,0,-1,19,3,7,-1,0,0,0,0,0,0,1,1,-1,6,2,29,6,1200,1,8,DS DS3,7,E01008197,0,1
2024010544150,2024,010544150,1,3,0,9,9,7,5,0,0,7,2,2,0,0,3,1,6,6,1,15,3,125,1,15,HONDA CBF,5,E01002873,0,1
202454D473024,2024,54D473024,1,9,0,9,9,5,3,0,0,6,0,0,0,0,1,1,6,6,1,66,10,2143,2,7,MAKE AND MODEL REDACTED,9,E01031995,0,3
2024211439365,2024,211439365,1,4,0,-1,19,6,2,-1,0,1,1,0,0,0,1,1,-1,2,1,35,6,487,1,29,SUZUKI MODEL MISSING,5,E01014335,0,1
2024010544889,2024,010544889,2,3,0,7,7,1,3,0,0,4,0,0,0,0,3,1,6,6,1,35,6,113,1,8,SUZUKI UK 110,-1,-1,0,-1
2024302401561,2024,302401561,2,9,0,18,19,2,6,0,0,0,0,0,0,0,2,1,6,6,2,20,4,999,1,9,VAUXHALL VIVA,9,E01032248,0,5
2024131484705,2024,131484705,1,9,0,-1,19,4,8,-1,0,0,0,0,0,0,3,1,-1,2,1,55,8,999,1,5,VAUXHALL VIVA,6,E01011518,0,1
2024461451045,2024,461451045,2,9,0,-1,19,7,3,-1,0,0,1,2,0,0,0,1,-1,9,1,61,9,999,1,8,VAUXHALL VIVA,3,E01024641,0,4
2024411452370,2024,411452370,1,9,0,-1,19,7,3,-1,0,0,2,2,0,0,1,1,-1,6,1,30,6,999,1,9,VAUXHALL VIVA,2,E01001437,0,3
2024211451851,2024,211451851,1,11,-1,-1,19,8,4,-1,-1,0,-1,-1,-1,0,-1,2,-1,1,1,42,7,4461,2,11,WRIGHTBUS STREETLITE,7,E01029772,0,3
2024302401693,2024,302401693,1,11,0,4,4,2,6,2,2,2,0,0,0,0,0,1,1,1,1,60,9,5132,2,5,WRIGHTBUS STREETLITE,4,E01013459,0,1
2024111451915,2024,111451915,3,11,0,-1,19,1,5,-1,0,1,0,0,0,0,1,1,-1,6,-1,30,6,4461,2,9,WRIGHTBUS STREETLITE,-1,-1,0,-1
2024221476034,2024,221476034,1,9,0,-1,19,5,1,-1,0,8,0,0,0,0,1,9,-1,6,1,40,7,1781,1,22,AUDI TT,3,E01010083,0,4
2024461477494,2024,461477494,2,3,0,-1,15,1,5,-1,0,1,5,0,0,0,1,1,-1,2,1,46,8,125,1,2,BENELLI TORNADO,8,E01024344,0,1
2024451425097,2024,451425097,1,3,0,-1,19,6,2,-1,0,0,0,0,0,0,1,1,-1,6,1,80,11,125,1,2,BENELLI TORNADO,6,E01030826,0,1
2024302401375,2024,302401375,2,3,0,18,19,4,8,0,0,8,0,0,0,0,1,1,6,6,2,19,4,125,1,4,KAWASAKI BX 125,-1,-1,0,-1
2024070346736,2024,070346736,1,9,0,12,12,3,7,0,0,2,0,0,0,0,1,1,6,6,2,47,8,1499,1,4,MITSUBISHI ECLIPSE,7,E01012560,0,1
2024991447215,2024,991447215,1,19,0,-1,19,7,3,-1,0,0,0,2,0,0,1,1,-1,1,1,49,8,1498,2,4,PEUGEOT PARTNER,4,-1,0,3
2024031462605,2024,031462605,2,19,0,-1,19,4,8,-1,0,1,1,0,0,0,1,1,-1,1,1,50,8,1498,2,4,PEUGEOT PARTNER,1,E01005324,0,5
2024070218124,2024,070218124,1,19,0,18,19,5,1,0,0,0,0,2,0,0,1,1,6,6,1,40,7,1560,2,8,PEUGEOT PARTNER,10,E01012393,0,1
2024501522950,2024,501522950,4,19,0,-1,19,3,7,-1,0,0,0,0,0,0,1,1,-1,6,1,32,6,1560,2,12,PEUGEOT PARTNER,1,E01015145,0,1
2024010529361,2024,010529361,1,19,0,4,4,7,3,0,0,1,0,11,0,0,1,1,2,2,1,42,7,1499,2,1,PEUGEOT PARTNER,8,E01004553,0,1
2024501510907,2024,501510907,1,19,0,-1,4,6,2,-1,0,0,0,0,0,0,1,1,-1,1,1,21,5,1560,2,11,PEUGEOT PARTNER,4,E01034641,0,1
2024451457354,2024,451457354,3,19,0,-1,4,3,7,-1,0,0,1,0,0,0,2,1,-1,1,1,23,5,1560,2,5,PEUGEOT PARTNER,10,E01023092,0,3
2024010531473,2024,010531473,3,19,0,14,14,3,7,0,0,1,0,0,0,0,1,1,6,6,1,44,7,1498,2,4,PEUGEOT PARTNER,2,E01004286,0,2
2024211434168,2024,211434168,3,9,0,-1,19,3,7,-1,0,0,0,0,0,0,2,1,-1,6,2,48,8,1498,1,2,SKODA KAROQ,1,E01014250,0,2
2024010539551,2024,010539551,2,9,0,99,99,9,9,99,99,9,9,99,9,99,2,9,6,6,2,51,8,1498,1,0,SKODA KAROQ,10,E01030303,0,4
2024631457584,2024,631457584,1,9,0,-1,19,3,7,-1,0,0,0,0,1,11,1,1,-1,9,1,52,8,1598,2,5,SKODA KAROQ,4,E01013555,0,5
2024421430887,2024,421430887,1,9,0,-1,9,5,3,-1,0,6,0,0,0,0,1,1,-1,6,1,89,11,1229,1,17,SUZUKI WAGON R+,7,E01015837,0,1
2024471402313,2024,471402313,1,9,0,-1,9,4,8,-1,0,6,0,0,0,0,3,1,-1,6,2,42,7,1998,1,18,TOYOTA RAV4,7,E01021169,0,1
2024031459122,2024,031459122,2,9,0,-1,7,6,8,-1,0,5,0,0,0,0,3,9,-1,6,2,45,7,2494,8,7,TOYOTA RAV4,6,E01019308,0,2
2024361417886,2024,361417886,2,9,0,-1,3,1,5,-1,0,0,0,0,0,0,2,9,-1,9,2,40,7,1998,2,10,TOYOTA RAV4,5,E01026718,0,2
2024440333398,2024,440333398,1,9,0,4,4,3,7,0,0,1,0,0,0,0,2,1,6,6,2,42,7,1998,1,18,TOYOTA RAV4,10,E01022995,0,4
2024461496532,2024,461496532,1,9,5,-1,19,3,7,-1,0,0,0,0,0,0,4,9,-1,6,3,-1,-1,2401,2,19,VOLVO V70,-1,-1,0,-1
2024161415564,2024,161415564,1,9,0,-1,19,8,4,-1,0,0,0,10,0,0,1,1,-1,9,1,92,11,2435,1,21,VOLVO V70,10,E01013054,0,1
2024131451248,2024,131451248,1,90,0,-1,9,1,2,-1,0,1,0,0,0,0,3,1,-1,1,1,51,8,2287,2,5,FIAT DUCATO,9,E01011874,0,1
2024052400770,2024,052400770,3,19,0,13,13,5,1,0,0,0,0,0,0,0,4,1,6,6,1,41,7,2287,2,7,FIAT DUCATO,6,E01018356,0,4
2024141507723,2024,141507723,1,19,0,-1,19,7,3,-1,0,1,0,2,0,0,1,1,-1,2,1,29,6,1995,2,6,FORD TRANSIT CUSTOM,4,E01007816,0,1
2024451457354,2024,451457354,5,19,0,-1,19,7,3,-1,0,0,0,0,0,0,1,1,-1,6,1,55,8,1995,2,5,FORD TRANSIT CUSTOM,5,E01030677,0,1
2024052400770,2024,052400770,2,19,0,4,4,5,1,0,0,0,0,0,0,0,2,1,2,2,1,30,6,2198,2,10,FORD TRANSIT CUSTOM,8,E01006409,0,2
2024010518288,2024,010518288,2,19,0,99,99,9,9,0,0,0,9,99,9,99,1,9,6,6,3,-1,-1,1995,2,2,FORD TRANSIT CUSTOM,5,E01000583,0,3
2024010505078,2024,010505078,1,19,0,9,9,6,4,0,0,6,0,0,0,0,1,1,1,1,1,23,5,1995,2,2,FORD TRANSIT CUSTOM,3,E01002608,0,3
2024131525052,2024,131525052,2,19,0,-1,19,2,6,-1,0,0,0,0,0,0,2,1,-1,6,2,21,5,1995,2,4,FORD TRANSIT CUSTOM,5,E01011388,0,1
2024141486608,2024,141486608,1,19,0,-1,19,7,3,-1,0,0,0,7,0,0,1,1,-1,6,1,38,7,1995,2,1,FORD TRANSIT CUSTOM,2,E01007322,0,1
2024010532087,2024,010532087,2,19,0,4,4,1,5,0,0,0,0,0,0,0,2,1,6,6,1,39,7,1996,2,0,FORD TRANSIT CUSTOM,10,E01000325,0,3
2024201533753,2024,201533753,1,19,0,-1,19,5,1,-1,0,0,0,0,0,0,1,1,-1,2,1,63,9,1995,2,3,FORD TRANSIT CUSTOM,6,E01021972,0,5
2024531483075,2024,531483075,3,19,0,-1,3,8,4,-1,0,0,0,0,0,0,2,1,-1,1,1,68,10,1995,2,2,FORD TRANSIT CUSTOM,6,E01022262,0,1
2024061486598,2024,061486598,2,19,0,-1,7,3,6,-1,0,0,0,0,0,0,1,1,-1,1,1,25,5,1995,2,6,FORD TRANSIT CUSTOM,-1,-1,0,-1
2024070205369,2024,070205369,3,20,0,4,4,4,8,0,0,1,0,2,0,0,2,1,1,1,1,-1,-1,-1,-1,-1,FORD TRANSIT CUSTOM,-1,-1,0,-1
2024991521039,2024,991521039,3,19,0,-1,5,1,7,-1,0,8,0,0,0,0,4,1,-1,1,1,18,4,1996,2,0,FORD TRANSIT CUSTOM,8,-1,0,2
2024461510692,2024,461510692,1,19,5,-1,19,5,1,-1,0,0,0,0,0,0,0,9,-1,1,1,-1,-1,1995,2,1,FORD TRANSIT CUSTOM,-1,-1,0,-1
2024010489581,2024,010489581,1,19,0,5,5,5,1,0,0,1,0,0,0,0,4,1,6,6,3,-1,-1,1995,2,1,FORD TRANSIT CUSTOM,-1,-1,0,-1
2024010549635,2024,010549635,1,19,0,18,19,7,3,0,0,8,0,0,0,0,1,1,2,2,1,34,6,1995,2,2,FORD TRANSIT CUSTOM,6,E01003664,0,2
2024010554117,2024,010554117,1,19,0,99,99,9,9,99,99,9,9,99,9,99,2,9,6,6,3,46,8,1995,-1,1,FORD TRANSIT CUSTOM,3,E01035496,0,1
2024451499856,2024,451499856,2,19,0,-1,19,3,7,-1,0,8,0,0,0,0,1,1,-1,1,1,-1,-1,1995,2,5,FORD TRANSIT CUSTOM,10,E01003851,0,4
2024221469346,2024,221469346,3,19,0,-1,3,5,1,-1,0,8,0,0,0,0,1,1,-1,1,1,24,5,1995,2,2,FORD TRANSIT CUSTOM,7,E01035080,0,3
2024302401561,2024,302401561,1,19,0,18,19,2,6,0,0,0,0,0,0,0,1,1,6,6,1,36,7,1995,2,1,FORD TRANSIT CUSTOM,6,E01027971,0,3
2024361492935,2024,361492935,1,19,0,-1,19,7,3,-1,0,0,0,4,0,0,1,1,-1,1,1,25,5,1995,2,5,FORD TRANSIT CUSTOM,5,E01026745,0,4
2024010518860,2024,010518860,2,19,0,9,9,1,6,0,0,2,0,4,0,0,1,1,6,6,1,53,8,2198,2,9,FORD TRANSIT CUSTOM,-1,-1,0,-1
2024451425097,2024,451425097,2,19,0,-1,3,6,2,-1,0,0,0,0,0,0,2,1,-1,1,1,48,8,1995,2,6,FORD TRANSIT CUSTOM,2,E01001118,0,3
2024430387497,2024,430387497,1,19,0,4,4,1,5,0,0,0,0,0,0,0,1,1,1,1,1,48,8,1995,2,2,FORD TRANSIT CUSTOM,10,E01027265,0,3
2024631454922,2024,631454922,2,19,0,-1,4,4,8,-1,0,0,0,0,0,0,3,1,-1,1,1,32,6,1995,2,7,FORD TRANSIT CUSTOM,9,W01001048,0,4
2024522402519,2024,522402519,1,19,0,18,19,4,8,0,0,8,0,0,0,0,4,1,6,6,1,34,6,1995,2,7,FORD TRANSIT CUSTOM,10,E01014793,0,3
2024340WN4882,2024,340WN4882,1,19,0,-1,19,5,1,-1,0,0,0,0,0,0,1,1,-1,1,1,35,6,1995,2,2,FORD TRANSIT CUSTOM,6,E01027237,0,3
2024201434215,2024,201434215,1,3,0,-1,19,8,4,-1,0,0,2,0,0,0,1,1,-1,2,1,32,6,-1,3,2,MAKE AND MODEL REDACTED,2,E01008944,0,2
2024631435534,2024,631435534,1,9,0,-1,7,1,4,-1,0,5,0,7,0,0,1,1,-1,9,1,68,10,1598,2,12,VOLKSWAGEN PASSAT,8,W01001554,0,4
2024340WN4282,2024,340WN4282,1,9,0,-1,19,1,5,-1,0,0,0,0,0,0,2,1,-1,2,2,30,6,1968,2,9,VOLKSWAGEN PASSAT,10,E01034655,0,4
2024131519623,2024,131519623,1,9,0,-1,19,1,5,-1,0,2,0,0,0,0,1,1,-1,9,1,37,7,1968,2,15,VOLKSWAGEN PASSAT,3,E01010597,0,1
2024010511158,2024,010511158,1,9,0,18,19,5,1,0,0,8,0,0,0,0,2,1,6,6,2,45,7,1498,1,5,VOLKSWAGEN PASSAT,9,E01001281,0,1
2024231506337,2024,231506337,1,9,0,-1,13,6,2,-1,0,0,0,0,0,0,1,1,-1,6,1,33,6,1968,2,14,VOLKSWAGEN PASSAT,8,E01035014,0,1
2024101483377,2024,101483377,2,9,0,-1,3,5,1,-1,0,0,0,0,0,0,2,1,-1,9,1,51,8,1395,8,4,VOLKSWAGEN PASSAT,5,E01008416,0,3
2024231524840,2024,231524840,2,9,0,-1,19,4,8,-1,0,0,1,0,0,0,4,9,-1,6,1,37,7,1968,2,14,VOLKSWAGEN PASSAT,5,E01035423,0,4
2024501434530,2024,501434530,1,9,0,-1,19,3,7,-1,0,0,0,0,0,0,1,1,-1,9,1,87,11,1984,1,6,VOLKSWAGEN PASSAT,9,E01010175,0,5
2024041485389,2024,041485389,2,9,0,-1,19,3,7,-1,0,0,0,0,0,0,2,1,-1,9,1,44,7,1968,2,10,VOLKSWAGEN PASSAT,4,E01012633,0,1
2024520402186,2024,520402186,1,9,0,18,19,2,6,0,0,0,0,0,0,0,1,1,6,6,2,70,10,1896,2,16,VOLKSWAGEN PASSAT,7,E01029166,0,1
2024631511779,2024,631511779,2,5,0,-1,3,7,2,-1,0,2,0,0,0,0,3,1,-1,6,1,63,9,1340,1,29,HARLEY-DAVIDSON MODEL MISSING,9,W01000446,0,1
2024411493458,2024,411493458,1,9,0,-1,19,7,2,-1,0,0,0,0,0,0,1,1,-1,6,1,55,8,-1,3,4,KIA NIRO,5,E01000038,0,4
2024010506758,2024,010506758,1,8,0,6,6,1,1,0,0,6,0,0,0,0,1,1,1,1,1,40,7,-1,3,4,KIA NIRO,2,E01000959,0,1
2024010548855,2024,010548855,2,9,0,99,99,9,9,99,99,9,9,99,9,99,9,9,6,6,3,-1,-1,-1,3,3,KIA NIRO,-1,-1,0,-1
2024010538887,2024,010538887,1,9,0,9,9,8,6,0,0,8,0,0,0,0,1,1,1,1,1,65,9,-1,3,5,KIA NIRO,-1,-1,0,-1
2024302400951,2024,302400951,2,9,0,4,4,6,2,0,0,2,0,0,0,0,2,1,6,6,1,51,8,1580,8,1,KIA NIRO,7,E01029781,0,4
2024461402975,2024,461402975,1,9,0,-1,19,3,7,-1,0,1,0,0,0,0,1,1,-1,6,1,52,8,1197,1,8,RENAULT KADJAR,4,E01016115,0,1
2024991421963,2024,991421963,4,9,0,-1,3,3,7,-1,0,1,0,0,0,0,4,2,-1,2,2,38,7,1330,1,5,RENAULT KADJAR,9,-1,0,2
2024211434168,2024,211434168,1,9,0,-1,9,1,5,-1,0,0,0,0,0,0,1,1,-1,6,1,78,11,1332,1,4,RENAULT KADJAR,8,E01029794,0,1
2024201523990,2024,201523990,3,9,0,-1,3,5,1,-1,0,0,0,0,0,0,2,1,-1,9,1,66,10,1598,2,8,RENAULT KADJAR,1,E01010408,0,4
2024421405980,2024,421405980,1,9,0,-1,19,3,7,-1,0,0,0,0,0,0,1,1,-1,9,1,77,11,2993,2,12,BMW 7 SERIES,3,E01034088,0,1
2024302401313,2024,302401313,2,9,0,18,19,1,5,0,0,0,0,0,0,0,2,1,6,6,2,66,10,998,1,10,HYUNDAI I10,-1,-1,0,-1
2024471416303,2024,471416303,2,9,0,-1,5,3,7,-1,0,3,0,0,0,0,2,1,-1,9,2,46,8,1248,1,15,HYUNDAI I10,6,E01021034,0,1
2024052402126,2024,052402126,3,9,0,3,3,1,5,0,0,1,0,0,0,0,2,1,6,6,2,19,4,1248,1,5,HYUNDAI I10,3,E01007177,0,1
2024411495307,2024,411495307,2,9,0,-1,4,3,3,-1,0,0,0,0,0,0,2,1,-1,9,1,45,7,1197,1,1,HYUNDAI I10,8,E01023195,0,5
2024461424651,2024,461424651,1,9,0,-1,19,4,8,-1,0,0,0,0,0,0,1,1,-1,1,1,63,9,998,1,1,HYUNDAI I10,7,E01024635,0,4
2024101497060,2024,101497060,2,9,0,-1,2,5,5,-1,0,0,0,0,0,0,2,1,-1,9,1,55,8,998,1,7,PEUGEOT 108,-1,-1,0,-1
2024501419039,2024,501419039,1,9,0,-1,19,2,6,-1,0,0,0,11,0,0,1,1,-1,9,2,85,11,998,1,5,PEUGEOT 108,9,E01015197,0,2
2024070349540,2024,070349540,1,9,0,18,19,2,6,0,0,0,1,0,0,0,1,1,6,6,2,19,4,998,1,8,PEUGEOT 108,9,E01018403,0,2
2024141507723,2024,141507723,2,9,0,-1,19,7,3,-1,0,1,0,2,0,0,2,1,-1,9,1,88,11,998,1,7,PEUGEOT 108,1,E01007578,0,1
2024201482781,2024,201482781,2,9,0,-1,1,-1,-1,-1,1,8,0,0,0,0,2,9,-1,6,1,-1,-1,1461,2,14,RENAULT SCENIC,10,E01009704,0,1
2024161415564,2024,161415564,2,9,0,-1,2,3,7,-1,0,0,0,0,0,0,1,1,-1,9,1,55,8,1498,1,0,SEAT ATECA,9,E01034754,0,1
2024052402183,2024,052402183,1,9,0,18,19,3,7,0,0,1,0,0,4,2,1,1,6,6,2,36,7,1984,1,5,SEAT ATECA,1,E01006283,0,2
2024471492311,2024,471492311,4,9,0,-1,2,0,0,-1,0,0,0,0,0,0,2,1,-1,6,-1,-1,-1,1395,1,7,SEAT ATECA,-1,-1,0,-1
2024050414472,2024,050414472,2,9,0,18,19,1,5,0,0,0,0,2,0,0,2,1,6,6,1,32,6,1598,2,5,SEAT ATECA,6,E01019852,0,5
2024010507922,2024,010507922,1,8,0,18,19,4,8,0,0,1,0,0,0,0,1,1,1,1,1,48,8,-1,3,2,TESLA MODEL 3,6,E01001343,0,2
2024991493534,2024,991493534,2,9,0,-1,19,8,4,-1,0,0,0,0,0,0,2,1,-1,9,1,38,7,-1,3,2,TESLA MODEL 3,8,-1,0,4
2024451494640,2024,451494640,1,9,0,-1,4,6,2,-1,0,0,0,0,0,0,2,1,-1,6,-1,-1,-1,-1,3,2,TESLA MODEL 3,-1,-1,0,-1
2024461487819,2024,461487819,1,9,0,-1,19,7,3,-1,0,0,0,0,0,0,4,1,-1,9,1,43,7,2993,2,5,LAND ROVER RANGE ROVER,-1,-1,0,-1
2024010546277,2024,010546277,2,9,0,3,3,3,7,0,0,0,0,0,0,0,2,1,6,6,1,45,7,2993,2,8,LAND ROVER RANGE ROVER,4,E01004208,0,1
2024501502143,2024,501502143,1,9,0,-1,19,5,3,-1,0,3,0,0,7,4,3,1,-1,9,1,71,10,2993,2,9,LAND ROVER RANGE ROVER,7,E01015068,0,1
2024302401422,2024,302401422,2,9,0,18,19,6,2,0,0,0,0,0,0,0,2,1,6,6,1,52,8,2997,2,2,LAND ROVER RANGE ROVER,8,E01019603,0,3
2024010549635,2024,010549635,2,9,0,9,9,4,2,0,0,1,0,0,0,0,4,1,6,6,1,36,7,3982,1,6,MERCEDES AMG CLASS,2,E01000056,0,2
2024451467385,2024,451467385,2,9,0,-1,99,3,7,-1,0,0,9,99,0,0,2,1,-1,6,1,60,9,1991,8,1,MERCEDES AMG CLASS,-1,-1,0,-1
2024231492310,2024,231492310,1,9,0,-1,19,6,2,-1,0,0,0,0,0,0,1,9,-1,6,1,59,9,2996,1,6,MERCEDES AMG CLASS,-1,-1,0,-1
2024010532087,2024,010532087,1,9,0,4,4,1,5,0,0,0,0,0,0,0,2,1,6,6,1,66,10,2996,1,7,MERCEDES AMG CLASS,9,E01031004,0,4
2024101525283,2024,101525283,5,9,0,-1,3,7,3,-1,0,1,0,0,0,0,2,1,-1,6,1,47,8,-1,3,0,MERCEDES EQA CLASS,2,E01008377,0,4
2024471458594,2024,471458594,1,9,0,-1,19,3,7,-1,0,0,0,0,0,0,4,9,-1,6,2,57,9,1198,1,13,NISSAN MICRA,8,E01031617,0,1
2024010526008,2024,010526008,2,9,0,99,99,9,9,99,99,9,9,99,9,99,1,9,6,6,2,33,6,1386,1,17,NISSAN MICRA,4,E01002596,0,1
2024041485785,2024,041485785,1,9,0,-1,19,1,5,-1,0,0,0,0,0,0,1,1,-1,9,1,80,11,999,1,6,NISSAN MICRA,7,E01025169,0,4
2024461479240,2024,461479240,4,9,0,-1,3,7,3,-1,0,1,0,0,0,0,2,1,-1,6,2,25,5,1240,1,14,NISSAN MICRA,1,E01024666,0,1
2024201464127,2024,201464127,1,9,0,-1,19,8,4,-1,0,2,0,0,0,0,4,1,-1,6,1,54,8,1240,1,17,NISSAN MICRA,1,E01009048,0,1
2024311520849,2024,311520849,1,9,0,-1,9,3,1,-1,0,6,0,0,0,0,1,1,-1,6,1,34,6,1598,1,18,NISSAN MICRA,-1,-1,0,-1
2024041457507,2024,041457507,1,9,0,-1,19,5,1,-1,0,0,0,0,0,0,1,1,-1,9,1,22,5,1240,1,14,NISSAN MICRA,1,E01025295,0,3
2024522403203,2024,522403203,1,9,0,5,5,4,8,0,0,2,0,0,0,0,1,1,6,6,2,81,11,1198,1,9,NISSAN MICRA,10,E01014767,0,2
2024010544150,2024,010544150,2,9,0,18,19,5,1,0,0,1,0,0,0,0,1,1,2,2,2,35,6,1198,1,11,NISSAN MICRA,3,E01002909,0,1
2024451523772,2024,451523772,1,9,0,-1,19,3,7,-1,0,0,0,0,1,7,2,1,-1,6,2,34,6,-1,3,1,VOLVO XC40,10,E01030500,0,3
2024161447665,2024,161447665,2,9,0,-1,19,3,7,-1,0,0,5,0,1,11,2,1,-1,2,2,50,8,1477,1,3,VOLVO XC40,10,E01012970,0,3
2024010542826,2024,010542826,2,9,0,99,99,9,9,99,99,9,9,99,9,99,1,9,6,6,3,-1,-1,1477,1,3,VOLVO XC40,-1,-1,0,-1
2024311536292,2024,311536292,1,9,0,-1,3,1,5,-1,0,0,0,0,0,0,4,1,-1,1,1,62,9,1477,1,4,VOLVO XC40,-1,-1,0,-1
2024211524588,2024,211524588,1,9,0,-1,19,7,1,-1,0,4,0,0,1,10,1,1,-1,6,1,38,7,1995,2,16,BMW 1 SERIES,7,E01029735,0,1
2024501410873,2024,501410873,1,9,0,-1,9,3,1,-1,0,8,0,0,0,0,3,1,-1,9,1,30,6,1600,1,12,BMW 1 SERIES,5,E01001275,0,5
2024070205369,2024,070205369,1,9,0,3,3,4,8,0,0,1,0,2,0,0,1,1,1,1,1,39,7,1496,2,9,BMW 1 SERIES,-1,-1,0,-1
2024340WN0962,2024,340WN0962,1,9,0,-1,9,7,5,-1,0,6,0,0,0,0,4,1,-1,9,1,24,5,1995,2,8,BMW 1 SERIES,8,E01027285,0,2
2024161434158,2024,161434158,1,9,0,-1,19,7,3,-1,0,0,0,2,0,0,1,1,-1,6,1,22,5,1598,2,12,BMW 1 SERIES,8,E01013151,0,2
2024010511632,2024,010511632,1,8,0,99,99,9,9,99,99,9,9,99,9,99,2,9,1,1,2,45,7,1499,1,1,BMW 1 SERIES,7,E01001871,0,1
2024131499210,2024,131499210,2,9,0,-1,2,1,5,-1,0,8,0,0,0,0,2,1,-1,9,1,34,6,1995,2,10,BMW 1 SERIES,7,E01011145,0,2
2024340WN0322,2024,340WN0322,2,9,0,-1,3,8,4,-1,0,0,0,0,0,0,2,1,-1,1,1,28,6,1598,2,12,BMW 1 SERIES,3,E01027188,0,3
2024010518288,2024,010518288,1,9,0,99,99,9,9,0,0,0,9,99,9,99,2,9,2,2,1,24,5,1599,1,15,BMW 1 SERIES,9,E01003744,0,3
2024340WN4882,2024,340WN4882,2,9,0,-1,19,5,1,-1,0,0,0,0,0,0,2,1,-1,9,1,25,5,1499,1,3,BMW 1 SERIES,6,E01030717,0,5
2024131487680,2024,131487680,2,9,0,-1,19,3,7,-1,0,0,0,0,0,0,3,1,-1,9,2,33,6,1995,2,7,BMW 1 SERIES,8,E01011216,0,3
2024401545136,2024,401545136,1,9,0,-1,19,1,5,-1,0,0,0,0,0,0,1,1,-1,6,1,34,6,1995,2,5,BMW 1 SERIES,5,E01034428,0,3
2024451433005,2024,451433005,2,9,0,-1,19,1,5,-1,0,0,0,0,0,0,2,1,-1,9,2,40,7,1499,1,1,BMW 1 SERIES,5,E01002611,0,4
2024231404462,2024,231404462,2,9,0,-1,4,6,2,-1,0,1,0,0,0,0,1,9,-1,2,1,41,7,1995,2,16,BMW 1 SERIES,7,E01032269,0,4
2024302400850,2024,302400850,2,9,0,18,19,1,5,0,0,0,0,0,5,6,2,1,6,6,1,47,8,1995,1,14,BMW 1 SERIES,10,E01025914,0,4
2024010546431,2024,010546431,1,9,0,99,99,9,9,99,99,9,9,99,9,99,2,9,2,2,2,53,8,1995,1,15,BMW 1 SERIES,2,E01003514,0,1
2024231486375,2024,231486375,2,9,0,-1,19,6,2,-1,0,0,0,0,0,0,2,9,-1,6,1,36,7,1499,1,2,BMW 1 SERIES,5,E01010115,0,3
2024991453923,2024,991453923,2,21,0,-1,2,5,1,-1,0,0,0,2,0,0,2,1,-1,1,1,30,6,6728,2,2,IVECO EUROCARGO,3,-1,0,4
2024010535461,2024,010535461,3,20,0,2,2,0,0,0,0,0,0,0,0,0,2,1,6,6,3,-1,-1,6728,2,6,IVECO EUROCARGO,-1,-1,0,-1
2024010543487,2024,010543487,3,20,0,18,19,7,3,0,0,0,0,0,0,0,0,1,1,1,1,68,10,6728,2,0,IVECO EUROCARGO,5,E01002394,0,4
2024411407609,2024,411407609,2,19,0,-1,19,5,1,-1,0,7,0,0,0,0,4,1,-1,1,1,54,8,6728,2,5,IVECO EUROCARGO,7,E01029995,0,5
2024440439727,2024,440439727,1,21,0,5,5,7,3,0,0,6,0,0,0,0,2,1,1,1,1,36,7,6728,2,5,IVECO EUROCARGO,2,E01008173,0,5
2024501414740,2024,501414740,1,19,0,-1,3,8,4,-1,0,0,0,0,0,0,2,1,-1,1,1,67,10,1997,2,4,CITROEN DISPATCH,5,E01018940,0,4
2024052402625,2024,052402625,1,19,0,6,6,7,7,0,0,0,0,0,0,0,2,1,1,1,1,34,6,1560,2,8,CITROEN DISPATCH,2,E01007244,0,1
2024010535510,2024,010535510,2,9,0,18,19,3,7,0,0,8,0,7,4,11,3,1,1,1,1,59,9,2488,8,1,MAZDA CX-60,-1,-1,0,-1
2024131512689,2024,131512689,2,9,0,-1,19,2,6,-1,0,0,0,0,0,0,3,1,-1,9,1,30,6,2488,8,1,MAZDA CX-60,3,E01008631,0,5
2024332401134,2024,332401134,2,9,0,-1,12,5,1,-1,0,0,0,2,5,0,1,1,-1,9,2,34,6,2400,2,9,VOLVO XC60,10,E01017935,0,5
2024302401187,2024,302401187,2,9,0,18,19,5,1,0,0,0,0,0,0,0,4,1,6,6,1,46,8,1969,2,7,VOLVO XC60,10,E01033103,0,3
2024211464297,2024,211464297,2,9,0,-1,19,5,1,-1,0,1,0,0,0,0,1,1,-1,2,2,28,6,2400,2,11,VOLVO XC60,5,E01014319,0,3
2024471488286,2024,471488286,3,9,0,-1,4,3,7,-1,0,0,0,0,0,0,2,1,-1,2,1,55,8,1969,2,7,VOLVO XC60,8,E01016931,0,3
2024101525283,2024,101525283,1,9,0,-1,4,7,3,-1,0,1,0,0,0,0,1,1,-1,6,2,31,6,1395,1,7,AUDI Q3,6,E01027484,0,1
2024221399342,2024,221399342,1,9,0,-1,7,6,8,-1,0,5,0,0,0,0,1,9,-1,6,1,66,10,1395,8,2,AUDI Q3,10,E01033062,0,1
2024401529324,2024,401529324,1,9,0,-1,19,4,8,-1,0,0,0,0,0,0,1,1,-1,6,2,19,4,1498,1,2,AUDI Q3,6,E01002142,0,4
2024461499911,2024,461499911,2,9,0,-1,3,7,3,-1,0,0,0,0,0,0,2,1,-1,9,2,28,6,1498,1,0,AUDI Q3,6,E01024172,0,1
2024201533650,2024,201533650,2,9,0,-1,3,1,1,-1,0,0,0,0,0,0,2,9,-1,6,1,35,6,1968,2,11,AUDI Q3,1,E01010239,0,1
2024052400397,2024,052400397,2,9,0,3,3,4,8,0,0,0,0,0,0,0,2,1,6,6,1,46,8,1395,8,2,AUDI Q3,10,E01004901,0,3
2024411502311,2024,411502311,1,9,0,-1,11,1,5,-1,0,0,0,0,0,0,1,9,-1,6,1,20,4,1498,1,4,AUDI Q3,-1,-1,0,-1
2024552400438,2024,552400438,3,9,0,18,19,8,4,0,0,0,0,0,0,0,1,1,6,6,2,21,5,995,1,20,MAKE AND MODEL REDACTED,7,E01020479,0,3
2024531512174,2024,531512174,3,9,0,-1,3,5,1,-1,0,0,0,0,0,0,2,1,-1,2,1,64,9,1968,2,17,MAKE AND MODEL REDACTED,6,E01022216,0,2
2024010502242,2024,010502242,2,9,0,5,5,5,1,0,0,5,0,0,0,0,1,1,6,6,1,37,7,1200,1,6,PEUGEOT 308,4,E01000915,0,2
2024471492311,2024,471492311,2,9,0,-1,3,3,7,-1,0,0,0,0,0,0,3,1,-1,1,1,61,9,1598,8,0,PEUGEOT 308,5,E01021008,0,4
2024201500321,2024,201500321,1,8,0,-1,9,8,7,-1,0,6,0,0,0,0,4,1,-1,1,1,34,6,1560,2,7,PEUGEOT 308,-1,-1,0,-1
2024471435682,2024,471435682,1,9,0,-1,5,3,7,-1,0,6,0,0,7,11,1,1,-1,6,2,61,9,1997,2,9,PEUGEOT 308,4,E01034029,0,4
2024991439441,2024,991439441,2,9,0,-1,19,3,7,-1,0,8,0,0,0,0,4,1,-1,6,2,31,6,1199,1,1,PEUGEOT 308,1,-1,0,4
2024161511527,2024,161511527,1,9,0,-1,7,1,8,-1,0,8,0,0,0,0,4,1,-1,2,1,46,8,1560,2,8,PEUGEOT 308,3,E01013231,0,1
2024141462241,2024,141462241,1,9,0,-1,7,1,3,-1,0,0,0,0,0,0,1,1,-1,9,2,67,10,1995,1,8,SUBARU XV,10,E01007957,0,1
2024061468228,2024,061468228,1,9,0,-1,13,-1,-1,-1,0,0,0,0,0,0,4,1,-1,2,1,55,8,2993,12,1,BMW 4 SERIES,7,E01031013,0,5
2024201505968,2024,201505968,2,9,0,-1,19,7,3,-1,0,0,0,0,0,0,2,1,-1,6,1,32,6,2998,1,8,BMW 4 SERIES,-1,-1,0,-1
2024552500042,2024,552500042,1,9,0,18,19,8,4,0,0,0,0,0,0,0,1,1,6,6,1,35,6,2993,2,10,BMW 4 SERIES,2,E01015367,0,1
2024010510148,2024,010510148,5,9,0,2,2,0,0,6,6,0,0,0,0,0,2,1,6,6,3,-1,-1,1995,2,7,BMW 4 SERIES,-1,-1,0,-1
2024010516075,2024,010516075,3,9,0,2,2,0,0,6,6,0,0,4,0,0,2,1,6,6,3,-1,-1,1995,2,9,BMW 4 SERIES,-1,-1,0,-1
2024010534434,2024,010534434,1,19,0,7,7,7,1,0,0,1,0,0,0,0,4,1,6,6,1,24,5,2299,2,6,RENAULT TRUCKS MASTER,-1,-1,0,-1
2024211468757,2024,211468757,2,19,0,-1,2,2,6,-1,0,0,0,0,0,0,2,1,-1,1,1,30,6,2299,2,1,RENAULT TRUCKS MASTER,6,E01014178,0,4
2024221509443,2024,221509443,1,19,0,-1,19,8,4,-1,0,0,1,0,0,0,1,9,-1,1,1,63,9,2299,2,1,RENAULT TRUCKS MASTER,5,E01009764,0,4
2024430334265,2024,430334265,1,9,0,11,11,1,5,0,0,0,0,0,0,0,4,1,1,1,1,53,8,1498,1,2,SKODA SUPERB,-1,-1,0,-1
2024010540655,2024,010540655,3,9,0,99,99,9,9,0,0,0,9,99,9,99,2,9,6,6,3,-1,-1,1968,2,6,SKODA SUPERB,-1,-1,0,-1
2024231465436,2024,231465436,2,9,0,-1,4,2,6,-1,0,0,0,0,0,0,2,9,-1,1,1,48,8,1984,1,3,SKODA SUPERB,9,E01031284,0,1
202460Q008259,2024,60Q008259,2,19,4,2,2,0,0,0,0,2,0,0,0,0,0,1,1,1,1,58,9,2179,2,2,VAUXHALL MOVANO,-1,-1,0,-1
2024991495654,2024,991495654,1,19,0,-1,19,6,2,-1,0,0,0,0,0,0,1,1,-1,1,1,20,4,2179,2,1,VAUXHALL MOVANO,6,-1,0,4
2024221454693,2024,221454693,1,19,0,-1,19,6,2,-1,0,0,0,0,0,0,1,1,-1,1,1,65,9,2299,2,9,VAUXHALL MOVANO,8,W01001565,0,4
2024010515314,2024,010515314,1,19,0,5,5,1,5,0,0,1,0,0,0,0,4,1,1,1,1,62,9,2299,2,5,VAUXHALL MOVANO,7,E01021904,0,4
2024991458542,2024,991458542,2,19,0,-1,19,7,3,-1,0,0,0,0,0,0,1,1,-1,2,1,36,7,2179,2,2,VAUXHALL MOVANO,-1,-1,0,-1
2024010540655,2024,010540655,2,19,0,99,99,9,9,0,0,0,9,99,9,99,1,9,6,6,3,-1,-1,2299,2,3,VAUXHALL MOVANO,-1,-1,0,-1
2024531430698,2024,531430698,2,9,0,-1,3,1,5,-1,0,0,0,0,0,0,2,1,-1,6,2,20,4,1968,2,18,AUDI A3,4,E01022241,0,4
2024010509229,2024,010509229,1,9,9,3,3,5,1,0,0,9,9,0,0,0,9,1,6,6,1,-1,-1,1968,2,8,AUDI A3,-1,-1,0,-1
2024991453097,2024,991453097,3,9,5,-1,19,1,5,-1,0,0,0,0,0,0,2,1,-1,9,1,42,7,1896,2,17,AUDI A3,3,E01027388,0,4
2024430250027,2024,430250027,2,9,0,18,19,4,8,0,0,8,0,0,0,0,1,1,6,6,1,-1,-1,1968,2,18,AUDI A3,-1,-1,0,-1
2024010497427,2024,010497427,5,9,0,4,4,3,7,0,0,8,0,0,0,0,2,1,6,6,2,62,9,1968,2,6,AUDI A3,5,E01002621,0,2
2024141475375,2024,141475375,2,9,0,-1,19,1,5,-1,0,0,0,0,0,0,1,1,-1,9,1,69,10,1598,2,12,AUDI A3,3,E01035506,0,4
2024311490555,2024,311490555,2,9,0,-1,19,1,5,-1,0,0,0,0,0,0,4,1,-1,1,2,32,6,1968,2,3,AUDI A3,-1,-1,0,-1
2024131427613,2024,131427613,2,9,0,-1,9,1,2,-1,0,2,0,0,0,0,4,1,-1,6,2,35,6,1968,2,12,AUDI A3,1,E01010941,0,1
2024031447303,2024,031447303,2,9,0,-1,11,5,1,-1,0,0,0,0,0,0,4,1,-1,9,1,86,11,1498,1,7,AUDI A3,9,-1,0,5
2024461477494,2024,461477494,1,9,0,-1,5,1,5,-1,6,6,0,0,0,0,1,1,-1,2,1,30,6,999,1,3,AUDI A3,7,E01024405,0,1
2024010522620,2024,010522620,1,9,0,99,99,9,9,99,99,9,9,99,9,99,1,9,6,6,1,27,6,1395,1,10,AUDI A3,7,E01017800,0,4
2024430556151,2024,430556151,2,8,0,4,4,1,5,0,0,0,0,0,0,0,1,1,6,6,1,46,8,1968,2,12,AUDI A3,5,E01017856,0,2
2024010515087,2024,010515087,2,9,0,99,99,9,9,99,99,9,9,99,9,99,0,9,6,6,3,-1,-1,1968,2,16,AUDI A3,-1,-1,0,-1
2024131403321,2024,131403321,2,9,0,-1,3,6,2,-1,0,0,0,0,0,0,2,1,-1,9,2,24,5,1598,2,9,AUDI A3,7,E01011299,0,1
2024430494094,2024,430494094,2,9,0,18,19,2,6,0,0,8,0,0,0,0,1,1,2,2,1,35,6,1968,2,4,AUDI A3,2,E01028435,0,4
2024201480290,2024,201480290,1,9,0,-1,19,1,5,-1,0,0,0,0,0,0,1,1,-1,6,2,35,6,1968,2,13,AUDI A3,2,E01009123,0,1
2024141521609,2024,141521609,2,9,0,-1,19,1,5,-1,0,0,0,0,0,0,2,1,-1,9,1,23,5,999,1,6,AUDI A3,5,E01034253,0,1
2024141416456,2024,141416456,1,9,0,-1,12,5,1,-1,0,0,0,0,0,0,2,1,-1,9,1,34,6,1968,2,4,AUDI A3,3,E01007761,0,2
2024201502014,2024,201502014,2,9,0,-1,3,7,3,-1,0,0,0,0,0,0,2,1,-1,6,1,31,6,1498,1,6,AUDI A3,2,E01010531,0,3
2024991501329,2024,991501329,1,9,0,-1,9,3,7,-1,0,0,0,0,0,0,1,2,-1,2,2,37,7,999,1,2,AUDI A3,-1,-1,0,-1
2024141410724,2024,141410724,3,9,0,-1,19,5,1,-1,0,0,0,2,0,0,4,1,-1,6,1,38,7,1598,2,7,AUDI A3,8,E01019621,0,4
2024061514883,2024,061514883,2,9,0,-1,19,3,7,-1,0,0,0,0,0,0,1,9,-1,6,3,-1,-1,1968,2,13,AUDI A3,-1,-1,0,-1
2024211410469,2024,211410469,3,21,1,-1,19,6,2,-1,0,0,0,0,0,0,1,9,-1,1,1,49,8,12740,2,7,SCANIA MODEL MISSING,2,E01009989,0,4
2024421460222,2024,421460222,1,21,0,-1,19,7,3,-1,0,0,0,0,0,0,1,1,-1,1,1,46,8,12742,2,1,SCANIA MODEL MISSING,10,E01018155,0,4
2024552400846,2024,552400846,5,21,0,2,2,0,0,0,0,0,0,0,0,0,2,1,1,1,3,-1,-1,9290,2,3,SCANIA MODEL MISSING,-1,-1,0,-1
2024311490555,2024,311490555,1,21,1,-1,19,1,5,-1,0,0,0,0,0,0,3,2,-1,1,1,52,8,16353,2,4,SCANIA MODEL MISSING,-1,-1,0,-1
2024501424950,2024,501424950,1,11,0,-1,19,1,5,-1,0,0,0,0,0,0,4,9,-1,1,1,51,8,9000,2,10,SCANIA MODEL MISSING,1,E01015086,0,4
2024430334265,2024,430334265,2,11,0,18,19,1,5,0,0,0,0,0,0,0,3,1,1,1,1,30,6,9000,5,11,SCANIA MODEL MISSING,8,E01028623,0,4
2024991419742,2024,991419742,2,21,0,-1,2,0,0,-1,0,0,0,2,0,0,2,1,-1,1,2,26,6,12742,2,5,SCANIA MODEL MISSING,-1,-1,0,-1
2024161415212,2024,161415212,2,21,0,-1,19,4,8,-1,0,0,0,0,0,0,2,1,-1,1,1,44,7,12740,2,8,SCANIA MODEL MISSING,5,E01020617,0,5
2024501448958,2024,501448958,1,21,0,-1,5,7,3,-1,0,0,0,0,0,0,1,1,-1,1,1,66,10,12742,2,1,SCANIA MODEL MISSING,4,E01018905,0,4
2024051430709,2024,051430709,1,21,1,-1,13,8,4,-1,0,0,0,0,0,0,1,1,-1,1,1,30,6,12742,2,3,SCANIA MODEL MISSING,1,E01006446,0,3
2024631498163,2024,631498163,2,21,0,-1,9,3,5,-1,0,5,0,0,0,0,3,1,-1,2,1,65,9,9290,2,9,SCANIA MODEL MISSING,1,W01001301,0,4
2024010542913,2024,010542913,1,21,0,18,19,7,3,0,0,0,0,0,0,0,2,1,1,1,1,37,7,9290,2,7,SCANIA MODEL MISSING,3,E01016011,0,3
2024141421541,2024,141421541,1,21,1,-1,12,1,5,-1,0,0,0,0,0,0,1,1,-1,1,1,50,8,12742,2,3,SCANIA MODEL MISSING,6,E01027946,0,4
2024471469817,2024,471469817,1,90,0,-1,11,5,3,-1,0,3,0,0,0,0,3,1,-1,1,1,48,8,-1,-1,-1,SCANIA MODEL MISSING,9,E01024299,0,4
2024201411402,2024,201411402,2,9,0,-1,5,5,1,-1,0,0,0,0,0,0,1,1,-1,1,1,40,7,1598,2,6,MAKE AND MODEL REDACTED,2,E01009955,0,2
2024430539579,2024,430539579,1,5,0,18,19,4,8,0,0,0,0,0,0,0,1,1,6,6,1,44,7,656,1,15,SUZUKI GSF 650,9,E01017635,0,1
2024161497918,2024,161497918,1,9,0,-1,19,2,6,-1,0,0,0,0,0,0,1,1,-1,6,3,-1,-1,2400,2,14,VOLVO XC90,-1,-1,0,-1
2024991408683,2024,991408683,1,9,0,-1,9,4,1,-1,0,5,0,0,3,0,1,1,-1,8,1,44,7,1969,8,2,VOLVO XC90,-1,-1,0,-1
2024401491122,2024,401491122,2,9,0,-1,9,6,4,-1,0,6,0,0,0,0,3,1,-1,6,2,74,10,1969,1,7,VOLVO XC90,4,E01000497,0,4
2024430448638,2024,430448638,1,9,0,18,19,5,1,0,0,2,0,0,0,0,4,1,1,1,1,41,7,1969,8,4,VOLVO XC90,10,E01028596,0,1
2024221509443,2024,221509443,2,9,0,-1,4,8,4,-1,0,0,0,0,0,0,2,9,-1,6,1,60,9,1597,2,10,HONDA CR-V,5,E01010539,0,3
2024631454922,2024,631454922,1,9,0,-1,14,4,8,-1,0,0,0,0,7,4,1,1,-1,6,1,43,7,1998,1,19,HONDA CR-V,8,W01000624,0,2
2024451527200,2024,451527200,1,9,0,-1,19,1,5,-1,0,0,0,0,0,0,2,1,-1,9,1,60,9,2204,2,17,HONDA CR-V,4,E01030337,0,2
2024631481379,2024,631481379,3,9,0,-1,19,3,7,-1,0,8,0,0,0,0,3,9,-1,6,2,36,7,2204,2,17,HONDA CR-V,4,W01000587,0,3
2024610057024,2024,610057024,3,9,0,18,19,5,1,0,0,1,0,0,0,0,1,1,6,6,1,40,7,2204,2,19,HONDA CR-V,3,W01001362,0,1
2024471411756,2024,471411756,2,9,0,-1,4,3,7,-1,0,0,0,0,0,0,2,1,-1,9,2,36,7,1997,1,17,HONDA CR-V,5,E01031410,0,2
2024451488945,2024,451488945,1,9,0,-1,19,2,5,-1,0,0,1,0,1,11,2,1,-1,9,2,29,6,1997,1,9,HONDA CR-V,5,E01022556,0,4
2024440036484,2024,440036484,2,9,0,18,19,7,3,0,0,0,0,0,1,4,2,1,6,6,1,35,6,2776,2,21,JEEP CHEROKEE,8,E01016221,0,4
2024010519070,2024,010519070,2,9,0,99,99,9,9,99,99,9,9,99,9,99,9,9,6,6,3,-1,-1,1497,1,1,MAKE AND MODEL REDACTED,3,E01003983,0,1
2024552400367,2024,552400367,1,9,0,18,19,1,5,0,0,0,0,4,0,0,1,1,6,6,2,52,8,999,1,1,VOLKSWAGEN TAIGO,3,E01015359,0,1
2024041443497,2024,041443497,2,9,0,-1,19,3,7,-1,0,1,0,0,0,0,1,1,-1,6,2,51,8,2500,2,27,FORD MODEL MISSING,4,E01025556,0,1
2024471482842,2024,471482842,1,9,0,-1,19,2,6,-1,0,0,0,0,1,0,1,1,-1,6,1,35,6,1956,2,9,VAUXHALL INSIGNIA,8,E01021150,0,3
2024201497667,2024,201497667,1,9,0,-1,7,1,8,-1,0,5,0,2,0,0,1,1,-1,6,1,37,7,1956,2,9,VAUXHALL INSIGNIA,2,E01009265,0,3
2024991442643,2024,991442643,1,9,0,-1,19,3,7,-1,0,2,0,0,0,0,1,1,-1,9,1,32,6,1956,2,13,VAUXHALL INSIGNIA,5,-1,0,2
2024332400601,2024,332400601,3,9,0,-1,3,1,5,-1,0,8,0,0,0,0,1,1,-1,6,1,63,9,1956,2,10,VAUXHALL INSIGNIA,3,E01027191,0,4
2024451457354,2024,451457354,4,9,0,-1,4,7,3,-1,0,0,0,0,0,0,2,1,-1,6,1,45,7,1956,2,7,VAUXHALL INSIGNIA,9,E01022564,0,4
2024131474063,2024,131474063,2,9,0,-1,5,1,5,-1,0,0,0,0,0,0,3,1,-1,9,2,25,5,1956,2,9,VAUXHALL INSIGNIA,4,E01010795,0,2
2024991497543,2024,991497543,2,11,0,-1,19,2,6,-1,0,0,0,0,1,7,1,1,-1,1,1,42,7,10837,2,5,MAKE AND MODEL REDACTED,4,W01001650,0,5
2024421493246,2024,421493246,2,5,0,-1,19,6,2,-1,0,1,0,0,0,0,1,1,-1,9,1,61,9,1254,1,4,BMW R SERIES,5,E01021707,0,2
2024430339109,2024,430339109,2,5,0,13,13,5,1,0,0,0,0,0,7,11,1,1,6,6,1,44,7,1170,1,6,BMW R SERIES,10,E01016706,0,1
2024302400500,2024,302400500,2,5,0,18,19,4,8,0,0,0,0,0,0,0,4,1,6,6,1,66,10,1300,1,0,BMW R SERIES,9,E01019586,0,3
2024991430351,2024,991430351,1,5,0,-1,4,3,7,-1,0,1,1,0,0,0,1,1,-1,8,1,45,7,1254,1,5,BMW R SERIES,10,-1,0,1
2024070891457,2024,070891457,1,5,0,-1,14,7,3,-1,0,8,1,10,7,0,1,1,-1,9,1,63,9,1254,1,1,BMW R SERIES,10,E01018694,0,2
2024302401233,2024,302401233,2,9,0,18,19,5,1,0,0,0,0,0,0,0,4,1,6,6,2,33,6,1997,2,7,FORD EDGE,2,E01007559,0,4
2024401450319,2024,401450319,1,19,0,-1,4,1,5,-1,0,0,0,0,0,0,1,1,-1,1,1,42,7,2287,2,0,IVECO DAILY,3,E01011260,0,5
2024061458230,2024,061458230,4,19,0,-1,19,3,7,-1,0,7,0,0,0,0,2,1,-1,1,1,30,6,2998,2,3,IVECO DAILY,5,E01004779,0,4
2024991399564,2024,991399564,2,19,0,-1,2,8,5,-1,1,0,0,0,7,0,2,1,-1,6,-1,-1,-1,2287,2,3,IVECO DAILY,-1,-1,0,-1
2024501520762,2024,501520762,3,20,0,-1,2,0,0,-1,0,0,0,0,0,0,2,1,-1,1,1,36,7,2287,2,0,IVECO DAILY,3,E01018974,0,3
2024302400951,2024,302400951,3,19,0,4,4,6,2,0,0,2,0,0,0,0,2,1,6,6,1,55,8,-1,-1,-1,IVECO DAILY,6,E01014297,0,4
2024430194734,2024,430194734,1,19,0,6,6,6,6,0,0,0,0,0,0,0,3,1,1,1,1,55,8,2287,2,0,IVECO DAILY,7,E01023074,0,4
2024052400576,2024,052400576,1,9,0,9,9,8,6,0,0,2,0,0,0,0,1,1,2,2,2,56,9,1499,1,1,BMW X2,1,E01006740,0,1
2024141407582,2024,141407582,2,9,0,-1,7,5,2,-1,0,3,0,0,0,0,3,1,-1,9,1,45,7,1999,2,8,JAGUAR XE SERIES,1,E01007714,0,1
2024991416921,2024,991416921,1,9,0,-1,3,7,3,-1,0,0,0,0,0,0,1,1,-1,6,1,54,8,1999,2,8,JAGUAR XE SERIES,2,-1,0,4
2024461483052,2024,461483052,1,5,0,-1,13,5,1,-1,0,5,0,0,0,0,1,1,-1,6,1,44,7,1301,1,9,KTM 1290 SUPER ADVENTURE,7,E01024846,0,1
2024471478865,2024,471478865,1,5,0,-1,19,3,7,-1,0,0,1,0,0,0,3,1,-1,6,1,47,8,1301,1,0,KTM 1290 SUPER ADVENTURE,5,E01024528,0,4
2024451477995,2024,451477995,1,3,0,-1,19,3,6,-1,0,1,0,0,0,0,3,1,-1,9,1,20,4,124,1,0,LEXMOTO TR,4,E01030664,0,1
2024411490018,2024,411490018,2,9,0,-1,3,4,8,-1,0,0,0,0,0,0,1,1,-1,6,1,38,7,4969,8,16,MAKE AND MODEL REDACTED,4,E01023631,0,4
2024201458923,2024,201458923,1,9,0,-1,9,4,1,-1,0,5,0,0,0,0,4,1,-1,6,1,77,11,999,1,2,SEAT ARONA,-1,-1,0,-1
2024211479803,2024,211479803,1,9,0,-1,5,8,5,-1,0,6,0,0,0,0,3,1,-1,9,1,56,9,999,1,5,SEAT ARONA,6,E01028826,0,2
2024991414372,2024,991414372,2,9,0,-1,3,7,3,-1,0,0,0,2,0,0,2,1,-1,6,1,29,6,999,1,1,SEAT ARONA,10,-1,0,1
2024111451516,2024,111451516,2,3,0,-1,10,6,4,-1,0,1,5,0,0,0,2,1,-1,2,1,17,4,125,1,1,SYM ORBIT,2,E01020741,0,1
2024010525011,2024,010525011,1,8,0,3,3,2,6,0,0,1,0,0,0,0,4,1,1,1,1,55,8,-1,3,2,VOLKSWAGEN ID5,3,E01015737,0,4
2024531421645,2024,531421645,1,5,0,-1,19,7,3,-1,0,0,1,0,0,0,4,1,-1,9,1,70,10,1198,1,28,YAMAHA MODEL MISSING,5,E01022428,0,1
2024101497060,2024,101497060,1,9,0,-1,19,5,5,-1,0,0,0,4,0,0,2,1,-1,6,1,40,7,2967,2,10,AUDI A7,-1,-1,0,-1
2024401476479,2024,401476479,1,9,0,-1,5,6,2,-1,0,0,0,0,1,0,1,1,-1,6,1,27,6,-1,3,0,FORD MUSTANG MACH-E,7,E01015719,0,2
2024010506796,2024,010506796,1,9,0,3,3,3,7,0,0,1,0,0,0,0,4,1,6,6,1,32,6,-1,3,0,KIA EV6,5,E01000144,0,2
2024461492683,2024,461492683,2,9,0,-1,19,7,3,-1,0,0,0,0,0,0,1,1,-1,9,1,21,5,1399,1,13,KIA RIO,4,E01024640,0,2
2024371537232,2024,371537232,1,9,0,-1,5,2,5,-1,0,8,0,0,0,0,1,1,-1,1,1,51,8,998,8,2,KIA RIO,6,E01032612,0,1
2024101495902,2024,101495902,2,9,0,-1,4,1,5,-1,0,0,0,0,0,0,2,1,-1,2,1,24,5,1248,1,8,KIA RIO,8,E01008657,0,2
2024010549174,2024,010549174,2,9,0,3,3,1,5,0,0,1,0,0,0,0,2,2,6,6,1,53,8,998,1,4,KIA RIO,5,E01023537,0,2
2024991451606,2024,991451606,1,9,0,-1,19,7,3,-1,0,0,0,0,0,0,1,1,-1,6,2,26,6,1197,1,3,KIA RIO,5,-1,0,4
2024991490004,2024,991490004,1,9,0,-1,12,7,3,-1,0,0,0,0,4,0,1,1,-1,6,1,20,4,1248,1,12,KIA RIO,5,-1,0,4
2024131529754,2024,131529754,2,9,0,-1,19,1,5,-1,0,0,0,0,0,0,2,1,-1,9,2,47,8,1396,2,12,KIA RIO,1,E01011472,0,1
2024430174261,2024,430174261,1,9,0,7,7,7,1,0,0,1,0,0,0,0,4,1,6,6,2,40,7,1399,1,13,KIA RIO,9,E01028818,0,3
2024010536368,2024,010536368,1,9,0,99,99,9,9,0,0,1,0,0,0,0,1,1,6,6,2,45,7,1582,2,6,KIA STONIC,3,E01003151,0,2
2024451493852,2024,451493852,2,11,0,-1,5,3,7,-1,0,0,0,0,0,0,1,9,-1,1,1,50,8,-1,3,6,OTHER BRITISH MODEL MISSING,-1,-1,0,-1
2024122401290,2024,122401290,1,11,0,18,19,1,5,0,0,1,0,0,0,0,0,1,1,1,1,21,5,6692,2,15,OTHER BRITISH MODEL MISSING,7,E01027890,0,3
2024141407582,2024,141407582,1,19,4,-1,4,1,5,-1,0,4,0,0,0,0,1,1,-1,1,1,26,6,1968,2,5,VOLKSWAGEN CRAFTER,1,E01007495,0,3
2024991396978,2024,991396978,2,19,0,-1,2,0,0,-1,0,0,0,0,0,0,4,1,-1,6,-1,-1,-1,1968,2,1,VOLKSWAGEN CRAFTER,-1,-1,0,-1
2024520403339,2024,520403339,3,19,0,3,3,4,8,0,0,0,0,0,0,0,0,1,1,1,1,32,6,1968,2,1,VOLKSWAGEN CRAFTER,7,E01013294,0,5
202460Q026033,2024,60Q026033,1,19,0,1,1,6,2,9,9,0,0,0,0,0,2,1,1,1,1,25,5,1968,2,4,VOLKSWAGEN CRAFTER,-1,-1,0,-1
2024501407155,2024,501407155,2,19,0,-1,19,2,6,-1,0,0,0,0,0,0,1,9,-1,1,1,26,6,1968,2,3,VOLKSWAGEN CRAFTER,3,E01020079,0,4
2024101472699,2024,101472699,3,19,0,-1,19,6,2,-1,0,0,0,0,0,0,0,1,-1,1,1,-1,-1,1968,2,0,VOLKSWAGEN CRAFTER,-1,-1,0,-1
2024501432398,2024,501432398,2,19,0,-1,4,3,7,-1,0,1,0,0,0,0,2,1,-1,1,1,31,6,1968,2,2,VOLKSWAGEN CRAFTER,5,E01034169,0,4
2024201489070,2024,201489070,1,11,0,-1,19,4,8,-1,0,0,0,0,0,0,1,1,-1,9,1,70,10,4500,2,9,ALEXANDER DENNIS MODEL MISSING,2,E01009043,0,1
2024552401456,2024,552401456,1,11,0,4,4,3,7,0,0,1,0,0,0,0,0,1,1,1,1,50,8,6700,2,6,ALEXANDER DENNIS MODEL MISSING,2,E01015367,0,1
2024061505812,2024,061505812,2,11,0,-1,19,5,5,-1,0,0,0,0,0,0,1,1,-1,1,1,47,8,4500,2,0,ALEXANDER DENNIS MODEL MISSING,7,E01005597,0,4
2024201512362,2024,201512362,1,11,0,-1,9,4,2,-1,2,2,0,0,0,0,2,1,-1,1,2,43,7,6700,2,8,ALEXANDER DENNIS MODEL MISSING,1,E01034948,0,1
2024991535723,2024,991535723,1,11,0,-1,5,1,5,-1,6,0,0,0,1,0,4,1,-1,1,1,59,9,6700,2,5,ALEXANDER DENNIS MODEL MISSING,4,-1,0,1
2024010538020,2024,010538020,1,11,0,18,19,4,8,0,0,2,0,0,0,0,4,1,6,6,1,57,9,4500,2,8,ALEXANDER DENNIS MODEL MISSING,3,E01000062,0,3
2024010536140,2024,010536140,2,11,0,4,4,1,5,0,0,1,0,0,0,0,0,1,1,1,1,52,8,4500,2,7,ALEXANDER DENNIS MODEL MISSING,2,E01035692,0,1
2024101411723,2024,101411723,2,9,0,-1,19,1,5,-1,0,8,0,0,0,0,1,1,-1,9,2,44,7,1991,2,15,CHEVROLET CAPTIVA,1,E01008596,0,1
2024361485344,2024,361485344,3,9,0,-1,3,7,3,-1,0,0,0,4,0,0,2,1,-1,1,2,57,9,1560,2,11,CITROEN DS3,7,E01026536,0,1
2024101424830,2024,101424830,1,9,0,-1,5,1,1,-1,0,0,0,0,0,0,1,9,-1,6,1,45,7,1560,2,13,CITROEN DS3,-1,-1,0,-1
2024631430255,2024,631430255,2,9,0,-1,12,1,5,-1,0,8,0,0,0,0,1,2,-1,9,1,54,8,1560,2,14,CITROEN DS3,6,W01000598,0,1
2024221449596,2024,221449596,4,9,0,-1,19,5,1,-1,0,0,0,0,1,10,1,1,-1,6,2,41,7,1997,2,10,FORD S-MAX,8,E01014077,0,1
2024430133251,2024,430133251,2,9,0,18,19,1,5,0,0,0,0,0,0,0,1,1,6,6,1,28,6,1998,1,6,MAZDA MX-5,10,E01016546,0,2
2024421475539,2024,421475539,4,19,0,-1,3,1,5,-1,0,0,0,0,0,0,2,9,-1,1,1,52,8,2143,2,5,MERCEDES VITO,3,E01023613,0,4
2024010511808,2024,010511808,3,9,0,3,3,8,4,0,0,1,0,0,0,0,2,1,6,6,3,49,8,1950,2,5,MERCEDES VITO,3,E01001548,0,3
2024991512995,2024,991512995,1,8,0,-1,19,7,3,-1,0,0,0,0,0,0,1,1,-1,6,1,58,9,2143,2,2,MERCEDES VITO,1,-1,0,3
2024302401699,2024,302401699,1,2,0,18,19,5,1,0,0,8,0,0,0,0,1,1,6,6,1,29,6,108,1,14,MAKE AND MODEL REDACTED,10,E01019762,0,1
2024010546277,2024,010546277,3,9,0,3,3,3,7,0,0,0,0,0,0,0,3,1,6,6,1,42,7,1999,2,8,LAND ROVER RANGE ROVER EVOQUE,7,E01021552,0,4
2024221417996,2024,221417996,1,9,0,-1,9,6,4,-1,0,6,0,0,0,0,1,1,-1,9,2,43,7,1998,2,2,LAND ROVER RANGE ROVER EVOQUE,9,E01030861,0,5
2024010518915,2024,010518915,1,9,0,18,19,5,1,0,0,5,0,0,0,0,1,1,6,6,2,41,7,1999,2,7,LAND ROVER RANGE ROVER EVOQUE,2,E01002075,0,1
2024010507643,2024,010507643,2,9,0,18,19,9,9,99,99,9,9,99,9,99,1,9,6,6,3,-1,-1,1997,1,2,LAND ROVER RANGE ROVER EVOQUE,6,E01001652,0,1
2024361528988,2024,361528988,2,9,0,-1,19,1,5,-1,0,0,0,0,1,0,2,1,-1,6,1,36,7,2179,2,12,LAND ROVER RANGE ROVER EVOQUE,4,E01026628,0,3
2024010526488,2024,010526488,1,9,0,99,99,9,9,99,99,9,9,99,9,99,2,9,6,6,2,28,6,1998,2,2,LAND ROVER RANGE ROVER EVOQUE,7,E01001049,0,2
2024332400601,2024,332400601,2,9,0,-1,9,3,1,-1,0,6,0,0,0,0,0,1,-1,6,1,68,10,1999,2,7,LAND ROVER RANGE ROVER EVOQUE,8,E01025684,0,1
2024451405718,2024,451405718,1,9,0,-1,1,1,5,-1,0,0,0,0,0,0,2,1,-1,9,1,51,8,1498,8,3,LAND ROVER RANGE ROVER EVOQUE,8,E01030916,0,2
2024991493534,2024,991493534,1,5,0,-1,19,8,4,-1,0,0,0,0,0,0,1,1,-1,6,1,55,8,648,1,2,ROYAL ENFIELD INTERCEPTOR,4,-1,0,4
2024351415418,2024,351415418,3,9,0,-1,19,3,6,-1,0,5,0,0,0,0,2,1,-1,6,1,44,7,1968,2,9,SEAT ALHAMBRA,2,E01015633,0,2
2024201493205,2024,201493205,2,9,0,-1,5,6,2,-1,0,0,0,0,0,0,1,1,-1,6,2,40,7,1968,2,7,SEAT ALHAMBRA,5,E01009519,0,1
2024201437330,2024,201437330,2,5,0,-1,14,6,2,-1,0,8,1,0,0,0,1,1,-1,6,1,28,6,599,1,15,SUZUKI GSXR,8,E01009919,0,3
2024161463288,2024,161463288,1,3,0,-1,19,3,7,-1,0,0,0,0,0,0,1,1,-1,2,2,28,6,124,1,1,SUZUKI GSXR,2,E01013259,0,2
2024461414337,2024,461414337,2,3,0,-1,3,3,7,-1,0,0,0,0,0,0,2,1,-1,9,1,26,6,125,1,6,SUZUKI GSXR,7,E01000748,0,2
2024201417324,2024,201417324,1,9,0,-1,9,7,4,-1,0,8,0,0,0,0,1,1,-1,9,1,39,7,1339,1,11,HONDA CIVIC,3,E01009894,0,1
2024451494640,2024,451494640,3,9,0,-1,4,6,2,-1,0,0,0,0,0,0,1,1,-1,9,1,35,6,1798,1,11,HONDA CIVIC,3,E01031752,0,4
2024430133251,2024,430133251,1,9,0,9,9,7,5,0,0,0,0,0,0,0,1,1,6,6,2,59,9,1799,1,18,HONDA CIVIC,10,E01016524,0,1
2024111451915,2024,111451915,1,9,0,-1,5,3,5,-1,0,1,0,2,0,0,1,1,-1,6,2,61,9,2204,2,16,HONDA CIVIC,1,E01020765,0,1
2024201523990,2024,201523990,1,9,0,-1,4,5,1,-1,0,0,0,0,0,0,1,1,-1,9,2,24,5,2204,2,14,HONDA CIVIC,10,E01014877,0,5
2024522500114,2024,522500114,2,9,0,3,3,7,3,0,0,0,0,0,0,0,3,1,6,6,2,36,7,1799,1,15,HONDA CIVIC,10,E01014823,0,3
2024401529324,2024,401529324,2,9,0,-1,4,4,8,-1,0,0,0,0,0,0,2,1,-1,6,1,43,7,1597,2,11,HONDA CIVIC,5,E01012667,0,5
2024231516659,2024,231516659,1,9,0,-1,19,2,6,-1,0,0,0,0,0,0,4,1,-1,1,1,42,7,1799,1,13,HONDA CIVIC,2,E01033642,0,3
2024421495957,2024,421495957,1,9,0,-1,9,5,3,-1,0,8,0,0,0,0,1,1,-1,9,1,38,7,1799,1,14,HONDA CIVIC,7,E01035173,0,1
2024501462814,2024,501462814,2,9,0,-1,19,5,1,-1,0,1,0,0,0,0,1,1,-1,6,1,20,4,1590,1,21,HONDA CIVIC,7,E01015137,0,1
2024010502242,2024,010502242,1,5,0,5,5,5,1,0,0,6,0,4,0,0,4,1,6,6,1,45,7,745,1,9,HONDA NC750,-1,-1,0,-1
2024010530989,2024,010530989,2,4,9,99,99,9,9,99,99,9,9,99,9,99,1,1,6,6,3,-1,-1,745,1,3,HONDA NC750,-1,-1,0,-1
2024451454101,2024,451454101,2,5,0,-1,19,6,2,-1,0,0,5,0,0,0,1,1,-1,9,1,33,6,745,1,9,HONDA NC750,3,E01003120,0,4
2024631498163,2024,631498163,1,5,0,-1,13,7,3,-1,0,8,0,0,0,0,1,1,-1,2,1,28,6,745,1,1,HONDA NC750,7,W01000585,0,2
2024161433276,2024,161433276,2,9,0,-1,19,7,3,-1,0,8,5,0,7,0,4,1,-1,9,1,29,6,1685,2,11,HYUNDAI IX35,3,E01012943,0,1
2024461402975,2024,461402975,2,9,0,-1,4,3,7,-1,0,1,0,0,0,0,2,1,-1,6,2,70,10,2179,2,16,LAND ROVER FREELANDER,7,E01016094,0,1
2024231465436,2024,231465436,1,9,0,-1,19,2,6,-1,0,0,1,0,0,0,1,1,-1,2,1,32,6,2179,2,16,LAND ROVER FREELANDER,3,E01009650,0,2
2024311525957,2024,311525957,2,9,0,-1,7,3,3,-1,0,0,0,0,0,0,3,1,-1,2,2,25,5,2179,2,11,LAND ROVER FREELANDER,8,E01034254,0,3
2024421510525,2024,421510525,1,5,0,-1,11,3,7,-1,0,0,0,7,1,0,1,1,-1,2,1,30,6,645,1,10,SUZUKI SV 650,5,E01021762,0,2
2024010542460,2024,010542460,1,11,0,5,5,5,1,0,0,5,0,0,0,0,0,1,1,1,1,60,9,4500,2,8,WRIGHTBUS NB4L,2,E01003049,0,2
2024010508983,2024,010508983,2,11,9,99,99,9,9,99,99,0,9,99,9,99,9,9,6,6,3,-1,-1,4500,2,7,WRIGHTBUS NB4L,-1,-1,0,-1
2024351415418,2024,351415418,2,9,0,-1,19,3,6,-1,0,5,0,0,0,0,2,1,-1,6,2,36,7,1998,1,7,MAZDA CX-3,2,E01035541,0,1
2024101411827,2024,101411827,3,9,0,-1,9,5,3,-1,0,8,0,0,0,0,3,1,-1,9,1,46,8,1997,2,17,FORD GALAXY,5,E01008787,0,1
2024531502272,2024,531502272,2,9,0,-1,9,2,7,-1,0,3,0,11,0,0,4,1,-1,9,2,43,7,1997,2,13,FORD GALAXY,4,E01022200,0,3
2024471461256,2024,471461256,2,9,0,-1,3,5,1,-1,0,1,0,0,0,0,4,1,-1,6,1,67,10,1298,1,16,MAKE AND MODEL REDACTED,4,E01031799,0,1
2024552401331,2024,552401331,2,9,0,4,4,8,4,0,0,0,0,0,0,0,2,1,3,7,2,35,6,1200,1,7,PEUGEOT 5008,10,E01015398,0,1
2024221438682,2024,221438682,1,9,0,-1,12,7,3,-1,0,1,2,0,2,7,4,9,-1,6,2,38,7,999,1,14,SMART FORTWO,2,E01010506,0,4
2024351463908,2024,351463908,1,9,0,-1,19,2,6,-1,0,0,0,0,0,0,1,1,-1,9,1,58,9,999,1,14,SMART FORTWO,5,E01018069,0,1
2024052402194,2024,052402194,1,9,0,18,19,5,1,0,0,3,0,0,0,0,1,1,6,6,1,78,11,1199,1,2,VAUXHALL CROSSLAND,2,E01007091,0,1
2024531531066,2024,531531066,1,9,0,-1,4,5,1,-1,0,0,0,4,0,0,1,1,-1,2,1,54,8,1200,1,8,CITROEN C4,10,E01032940,0,1
2024991464272,2024,991464272,2,9,0,-1,19,2,6,-1,0,0,0,2,0,0,1,1,-1,6,2,18,4,1200,1,7,CITROEN C4,-1,-1,0,-1
2024471503673,2024,471503673,2,9,0,-1,4,2,6,-1,0,0,0,0,0,0,2,1,-1,9,2,39,7,1200,1,9,CITROEN C4,1,E01016915,0,1
2024010545564,2024,010545564,1,9,0,99,99,9,9,99,99,9,9,99,9,99,0,9,6,6,1,42,7,1997,2,7,CITROEN C4,4,E01002591,0,1
2024010536140,2024,010536140,1,9,0,18,19,1,5,0,0,1,0,0,0,0,1,1,6,6,2,41,7,1200,1,2,CITROEN C4,3,E01003244,0,1
2024231531709,2024,231531709,1,9,0,-1,4,1,5,-1,0,0,1,0,0,0,1,1,-1,6,1,36,7,1560,2,8,CITROEN C4,4,E01008891,0,3
2024141423708,2024,141423708,1,9,0,-1,19,1,5,-1,0,1,0,0,0,0,3,1,-1,9,2,49,8,1200,1,8,CITROEN C4,7,E01007471,0,1
2024010510030,2024,010510030,1,9,0,5,5,7,3,0,0,1,0,0,0,0,1,1,1,1,1,64,9,1560,2,7,CITROEN C4,2,E01000028,0,3
2024010530937,2024,010530937,1,9,0,99,99,9,9,99,99,9,9,99,9,99,1,9,6,6,3,53,8,1596,1,14,TOYOTA VERSO,5,E01004076,0,1
2024991420046,2024,991420046,1,9,0,-1,11,2,6,-1,0,0,1,2,0,0,1,1,-1,6,-1,30,6,2191,2,8,MAZDA 6,-1,-1,0,-1
2024231447100,2024,231447100,3,9,0,-1,4,4,1,-1,0,0,0,0,0,0,2,1,-1,6,1,36,7,1999,1,14,MAZDA 6,4,E01031087,0,2
2024041399618,2024,041399618,1,9,0,-1,5,7,3,-1,0,6,0,0,0,0,1,1,-1,9,1,44,7,2184,2,15,MAZDA 6,3,E01025407,0,2
2024201515563,2024,201515563,1,9,0,-1,9,0,0,-1,0,5,0,0,0,0,3,1,-1,6,1,57,9,2183,2,13,MAZDA 6,5,E01032328,0,4
2024461469105,2024,461469105,2,9,0,-1,4,8,2,-1,0,0,0,0,0,0,2,9,-1,1,1,28,6,998,1,15,PEUGEOT 107,6,E01024070,0,4
2024501434530,2024,501434530,2,9,0,-1,19,7,3,-1,0,0,0,0,1,4,1,1,-1,9,2,74,10,998,1,15,PEUGEOT 107,6,E01034375,0,5
2024201474306,2024,201474306,1,9,0,-1,12,8,4,-1,0,2,0,0,0,0,2,9,-1,6,2,19,4,998,1,14,PEUGEOT 107,3,E01009864,0,1
2024332400541,2024,332400541,1,9,0,-1,19,7,3,-1,0,8,0,0,0,0,4,1,-1,2,2,46,8,898,1,6,RENAULT CLIO,10,E01025648,0,1
2024991415139,2024,991415139,1,9,0,-1,19,7,3,-1,0,0,0,0,0,0,2,1,-1,6,2,28,6,999,1,0,RENAULT CLIO,6,-1,0,3
2024211431260,2024,211431260,3,9,0,-1,19,4,7,-1,0,0,0,0,0,0,2,9,-1,9,2,39,7,898,1,9,RENAULT CLIO,9,E01016313,0,5
2024471439062,2024,471439062,2,9,0,-1,1,3,7,-1,0,0,0,0,0,0,2,1,-1,6,2,81,11,1390,1,24,RENAULT CLIO,4,E01031799,0,1
2024061470042,2024,061470042,1,9,0,-1,19,3,7,-1,0,2,0,0,0,0,1,1,-1,9,1,58,9,1461,2,10,RENAULT CLIO,9,E01004884,0,1
2024101403124,2024,101403124,1,9,0,-1,3,5,1,-1,0,1,0,0,0,0,1,1,-1,6,1,42,7,999,1,1,RENAULT CLIO,1,E01008854,0,1
2024201411402,2024,201411402,1,9,0,-1,3,5,1,-1,0,0,0,0,0,0,2,1,-1,2,1,27,6,1149,1,19,RENAULT CLIO,-1,-1,0,-1
2024131428463,2024,131428463,2,9,0,-1,19,1,5,-1,0,0,0,0,0,0,2,1,-1,9,1,18,4,1149,1,10,RENAULT CLIO,1,E01011471,0,1
2024991525214,2024,991525214,2,9,0,-1,19,3,7,-1,0,0,0,0,0,0,2,1,-1,9,2,21,5,999,1,3,RENAULT CLIO,9,-1,0,4
2024991521039,2024,991521039,2,9,0,-1,5,1,5,-1,0,8,0,0,0,0,4,1,-1,9,2,21,5,1149,1,13,RENAULT CLIO,8,-1,0,1
2024451493830,2024,451493830,2,9,0,-1,19,6,2,-1,0,0,0,0,0,0,2,1,-1,6,2,40,7,1330,1,4,RENAULT CLIO,6,E01001284,0,4
2024461455157,2024,461455157,1,9,0,-1,19,3,7,-1,0,0,0,2,0,0,1,9,-1,6,1,19,4,1149,1,16,RENAULT CLIO,2,E01016160,0,1
2024471417438,2024,471417438,2,9,0,-1,4,1,5,-1,0,1,0,0,0,0,2,1,-1,9,1,61,9,1390,1,23,RENAULT CLIO,9,E01021227,0,1
2024131397838,2024,131397838,3,9,0,-1,19,3,7,-1,0,1,0,0,0,0,2,1,-1,6,2,21,5,1149,1,16,RENAULT CLIO,2,E01011582,0,3
2024471531678,2024,471531678,2,9,0,-1,19,6,2,-1,0,0,0,0,0,0,1,1,-1,6,1,20,4,898,1,7,RENAULT CLIO,9,E01020942,0,3
2024451513591,2024,451513591,1,3,0,-1,13,3,7,-1,0,0,1,0,8,99,3,1,-1,2,1,20,4,124,1,1,HONDA CBF 125,10,E01030404,0,3
2024461492683,2024,461492683,1,3,0,-1,19,3,7,-1,0,0,0,0,0,0,1,1,-1,9,1,32,6,125,1,13,HONDA CBF 125,1,E01024657,0,1
2024161411540,2024,161411540,1,3,0,-1,19,1,5,-1,0,0,1,0,0,0,0,1,-1,1,1,42,7,124,1,1,HONDA CBF 125,8,E01013037,0,1
2024332400973,2024,332400973,1,9,0,-1,6,9,9,-1,0,0,0,0,0,0,1,1,-1,6,2,-1,-1,-1,3,0,JAGUAR I-PACE,-1,-1,0,-1
2024221449596,2024,221449596,3,9,0,-1,3,1,5,-1,0,0,0,0,0,0,2,1,-1,1,1,29,6,1988,1,5,MAKE AND MODEL REDACTED,7,E01028182,0,5
2024991493220,2024,991493220,1,9,0,-1,19,3,7,-1,0,8,0,0,0,0,1,1,-1,6,2,29,6,1199,1,1,VAUXHALL MOKKA,6,-1,0,1
2024010542039,2024,010542039,1,9,0,9,9,1,8,0,0,1,0,0,0,0,4,1,6,6,2,31,6,1598,2,7,VAUXHALL MOKKA,3,E01004063,0,2
2024991438983,2024,991438983,1,9,0,-1,10,7,4,-1,0,6,0,0,0,0,1,1,-1,9,1,48,8,1364,1,5,VAUXHALL MOKKA,9,-1,0,2
2024471512379,2024,471512379,2,9,0,-1,5,7,3,-1,0,1,0,0,0,0,1,1,-1,7,2,28,6,1598,1,8,VAUXHALL MOKKA,6,E01035322,0,1
2024141416456,2024,141416456,3,9,0,-1,12,5,1,-1,0,0,0,0,0,0,1,1,-1,9,2,21,5,1686,2,10,VAUXHALL MOKKA,1,E01028068,0,3
2024101403124,2024,101403124,2,9,0,-1,3,5,1,-1,0,4,0,0,0,0,2,1,-1,6,1,28,6,1199,1,1,VAUXHALL MOKKA,1,E01008858,0,1
2024471482842,2024,471482842,2,9,0,-1,19,2,6,-1,0,0,0,0,1,0,2,1,-1,2,2,61,9,1364,1,9,VAUXHALL MOKKA,6,E01021054,0,1
2024471517906,2024,471517906,2,3,0,-1,14,1,5,-1,0,1,1,0,0,0,1,1,-1,6,1,41,7,125,1,6,HONDA NSS,4,E01021138,0,3
2024010517292,2024,010517292,1,3,0,18,19,5,1,0,0,2,0,0,0,0,2,1,1,1,2,27,6,125,1,3,HONDA NSS,3,E01000510,0,2
2024010525352,2024,010525352,1,9,0,18,19,5,1,0,0,0,0,0,0,0,2,1,6,6,1,32,6,-1,3,3,MAZDA MX-30,3,E01016171,0,4
2024010530937,2024,010530937,2,9,0,99,99,9,9,99,99,9,9,99,9,99,2,9,6,6,2,43,7,-1,3,1,TESLA MODEL Y,7,E01034154,0,1
2024052401909,2024,052401909,1,9,0,18,19,1,5,0,0,4,0,0,0,0,1,1,6,6,1,46,8,-1,3,1,TESLA MODEL Y,1,E01006756,0,1
2024451527676,2024,451527676,1,9,0,-1,4,1,5,-1,0,0,0,0,0,0,2,1,-1,2,1,49,8,-1,3,0,TESLA MODEL Y,10,E01030439,0,3
2024070891457,2024,070891457,2,9,0,-1,9,5,1,-1,0,6,0,0,0,0,1,1,-1,2,1,53,8,-1,3,1,TESLA MODEL Y,8,E01018677,0,1
2024010530843,2024,010530843,2,3,0,18,19,5,1,0,0,2,0,0,0,0,1,1,1,1,1,34,6,125,1,1,YAMAHA GPD,2,E01001202,0,2
2024010547817,2024,010547817,2,3,0,99,99,9,9,99,99,9,9,99,9,99,1,1,6,6,3,-1,-1,125,1,4,YAMAHA GPD,-1,-1,0,-1
2024010501799,2024,010501799,2,3,0,15,15,7,3,0,0,0,0,10,1,0,1,1,1,1,1,30,6,125,1,1,YAMAHA GPD,5,E01004684,0,1
2024010510282,2024,010510282,1,3,0,17,19,1,5,0,0,2,0,0,0,0,1,1,6,6,1,49,8,125,1,6,YAMAHA GPD,6,E01034595,0,1
2024010517292,2024,010517292,2,3,0,18,19,5,1,0,0,2,0,0,0,0,2,1,1,1,1,35,6,125,1,1,YAMAHA GPD,4,E01001243,0,1
2024010505524,2024,010505524,2,2,0,-1,-1,3,7,0,0,1,5,4,0,0,1,1,1,1,1,25,5,125,1,7,YAMAHA GPD,6,E01035715,0,1
2024010490158,2024,010490158,1,3,0,18,19,1,5,0,0,0,2,2,0,0,3,1,1,1,1,28,6,125,1,7,YAMAHA GPD,3,E01003574,0,1
2024101517978,2024,101517978,1,3,0,-1,19,1,5,-1,0,0,5,4,0,0,1,1,-1,6,1,27,6,125,1,4,YAMAHA GPD,-1,-1,0,-1
2024201500321,2024,201500321,2,3,0,-1,15,7,3,-1,0,8,0,0,0,0,1,1,-1,9,1,24,5,125,1,2,YAMAHA GPD,-1,-1,0,-1
2024161426177,2024,161426177,1,3,0,-1,19,1,5,-1,0,1,0,0,0,0,1,1,-1,6,1,24,5,125,1,3,YAMAHA GPD,8,E01035470,0,2
2024430290291,2024,430290291,2,3,0,3,3,1,7,0,0,0,0,0,0,0,1,1,6,6,3,38,7,125,1,0,YAMAHA GPD,9,E01028495,0,2
2024010505100,2024,010505100,1,2,0,15,15,1,5,0,0,1,0,0,0,0,1,1,6,6,3,-1,-1,125,1,2,YAMAHA GPD,-1,-1,0,-1
2024201424928,2024,201424928,1,9,0,-1,9,4,8,-1,0,6,0,0,0,0,1,1,-1,2,1,56,9,2993,2,8,LAND ROVER DISCOVERY,6,E01010132,0,1
2024010497427,2024,010497427,2,9,0,3,3,3,7,0,0,8,0,0,0,0,2,1,6,6,2,73,10,1999,2,8,LAND ROVER DISCOVERY,9,E01035269,0,4
2024302401237,2024,302401237,1,9,0,15,15,6,4,0,0,0,0,4,0,0,4,1,6,6,1,63,9,2495,2,20,LAND ROVER DISCOVERY,5,E01019813,0,1
2024041524599,2024,041524599,1,9,0,-1,13,3,7,-1,0,8,0,0,0,0,4,1,-1,9,1,21,5,2495,2,21,LAND ROVER DISCOVERY,1,E01025238,0,3
2024340WN0952,2024,340WN0952,1,9,0,-1,19,4,8,-1,0,0,0,0,0,0,1,1,-1,9,1,81,11,2720,2,18,LAND ROVER DISCOVERY,7,E01027024,0,1
2024552400642,2024,552400642,3,9,0,4,4,6,2,0,0,0,0,0,0,0,2,1,6,6,1,79,11,2179,2,9,LAND ROVER DISCOVERY,5,E01020397,0,1
2024501454899,2024,501454899,3,9,0,-1,4,3,7,-1,0,0,0,2,0,0,2,1,-1,9,1,58,9,1999,2,9,LAND ROVER DISCOVERY,7,E01017351,0,5
2024451497078,2024,451497078,1,9,0,-1,2,3,7,-1,0,0,0,0,0,0,2,1,-1,9,1,64,9,1997,1,5,LAND ROVER DISCOVERY,10,E01030798,0,3
2024122400491,2024,122400491,2,2,0,18,19,6,3,0,0,1,1,0,0,0,0,1,2,2,1,32,6,125,1,3,LEXMOTO MICHIGAN,3,E01027810,0,1
2024522500114,2024,522500114,1,17,0,18,19,3,7,0,0,0,0,0,0,0,3,1,6,6,1,83,11,4400,2,19,MAKE AND MODEL REDACTED,8,E01014766,0,1
2024010544000,2024,010544000,1,9,0,3,3,8,4,0,0,1,0,4,0,0,4,1,6,6,2,44,7,1618,1,10,NISSAN JUKE,2,E01001482,0,1
2024451527676,2024,451527676,4,9,0,-1,4,1,5,-1,0,0,0,0,0,0,1,1,-1,9,2,19,4,1197,1,10,NISSAN JUKE,4,E01023121,0,4
2024010515087,2024,010515087,1,9,0,99,99,9,9,99,99,9,9,99,9,99,9,9,6,6,2,62,9,1598,1,5,NISSAN JUKE,2,E01033883,0,1
2024201445879,2024,201445879,3,9,0,-1,3,2,6,-1,0,0,0,0,0,0,2,1,-1,7,2,48,8,1598,1,11,NISSAN JUKE,1,E01034915,0,1
2024131456073,2024,131456073,2,9,0,-1,3,5,1,-1,0,0,0,0,0,0,2,1,-1,1,2,55,8,999,1,1,NISSAN JUKE,2,E01008435,0,5
2024302401233,2024,302401233,1,9,0,12,12,5,1,0,0,0,0,0,0,0,3,1,6,6,1,56,9,1598,8,1,NISSAN JUKE,7,E01007399,0,4
2024041513611,2024,041513611,2,9,0,-1,19,6,3,-1,0,0,0,0,0,0,2,1,-1,9,2,23,5,999,1,2,NISSAN JUKE,5,E01025013,0,1
2024141425613,2024,141425613,2,9,0,-1,19,5,1,-1,0,0,0,0,0,0,3,1,-1,9,2,49,8,999,1,1,NISSAN JUKE,8,E01007422,0,3
2024311400367,2024,311400367,2,9,0,-1,3,8,4,-1,0,3,0,0,0,0,2,9,-1,1,1,38,7,1461,2,13,NISSAN JUKE,-1,-1,0,-1
2024501424311,2024,501424311,1,9,0,-1,12,3,7,-1,0,0,0,0,0,0,4,1,-1,9,2,27,6,1461,2,12,NISSAN JUKE,4,E01020284,0,4
2024361441327,2024,361441327,2,2,0,-1,19,2,6,-1,0,1,0,0,0,0,1,1,-1,2,1,16,4,48,1,14,PIAGGIO VESPA,7,E01026545,0,1
2024991409995,2024,991409995,2,2,0,-1,5,3,7,-1,0,1,0,0,0,0,4,1,-1,2,2,18,4,49,1,18,PIAGGIO VESPA,2,-1,0,1
2024010521591,2024,010521591,1,3,0,13,13,1,5,0,0,0,0,0,0,0,1,1,6,6,1,28,6,125,1,1,PIAGGIO VESPA,3,E01001744,0,1
2024531506007,2024,531506007,1,9,0,-1,5,5,1,-1,0,6,0,0,0,0,1,1,-1,7,2,41,7,1998,8,2,BMW 3 SERIES,2,E01022328,0,1
2024501424311,2024,501424311,2,9,0,-1,12,7,3,-1,0,0,0,0,0,0,4,1,-1,9,1,22,5,2171,1,20,BMW 3 SERIES,10,E01028789,0,5
2024451482691,2024,451482691,2,9,0,-1,19,7,3,-1,0,0,0,0,0,0,1,1,-1,9,2,38,7,1995,2,7,BMW 3 SERIES,4,E01023106,0,3
2024451512688,2024,451512688,2,9,0,-1,19,8,4,-1,0,0,0,0,0,0,2,1,-1,9,2,50,8,1995,2,8,BMW 3 SERIES,5,E01002394,0,3
2024010544000,2024,010544000,2,9,0,2,2,0,0,0,0,2,0,0,0,0,1,1,6,6,3,-1,-1,1995,2,11,BMW 3 SERIES,-1,-1,0,-1
2024401429863,2024,401429863,2,9,-1,-1,13,5,1,-1,0,0,1,0,7,6,4,9,-1,2,1,64,9,1995,2,6,BMW 3 SERIES,9,E01002116,0,4
2024101411723,2024,101411723,1,9,0,-1,9,7,5,-1,0,6,0,0,0,0,1,1,-1,6,1,32,6,1995,2,14,BMW 3 SERIES,-1,-1,0,-1
2024461474921,2024,461474921,1,9,0,-1,11,7,3,-1,6,0,0,0,1,0,2,1,-1,6,2,37,7,1995,2,10,BMW 3 SERIES,3,E01003583,0,4
2024010541767,2024,010541767,2,9,0,99,99,9,9,99,99,9,9,99,9,99,1,9,6,6,3,77,11,1998,1,7,BMW 3 SERIES,8,E01001925,0,2
2024161426177,2024,161426177,2,9,0,-1,9,1,7,-1,0,5,0,0,0,0,2,1,-1,9,1,60,9,2993,2,8,BMW 3 SERIES,8,E01013040,0,1
2024421475539,2024,421475539,1,9,0,-1,19,1,5,-1,0,0,0,0,0,0,1,1,-1,6,2,44,7,2993,2,19,BMW 3 SERIES,10,E01023512,0,2
2024302401315,2024,302401315,1,9,0,18,19,7,3,0,0,5,0,0,0,0,1,1,6,6,3,-1,-1,2993,2,12,BMW 3 SERIES,5,E01019456,0,3
202460Q008259,2024,60Q008259,1,9,0,3,3,5,1,0,0,2,0,0,0,0,1,1,6,6,1,77,11,2926,2,23,BMW 3 SERIES,-1,-1,0,-1
2024440504770,2024,440504770,2,9,0,9,9,8,6,0,0,6,0,0,0,0,1,1,6,6,2,31,6,1995,2,15,BMW 3 SERIES,5,E01022520,0,1
2024471410448,2024,471410448,1,9,0,-1,19,7,3,-1,0,0,1,0,7,10,1,1,-1,6,1,19,4,1995,2,6,BMW 3 SERIES,9,E01000829,0,4
2024122400247,2024,122400247,1,9,0,3,3,3,7,0,0,0,0,0,0,0,2,1,6,6,2,58,9,1995,2,6,BMW 3 SERIES,8,E01027875,0,2
202460Q082069,2024,60Q082069,1,9,0,17,19,6,2,0,0,0,0,0,0,0,1,1,6,6,3,-1,-1,1995,2,18,BMW 3 SERIES,-1,-1,0,-1
2024401414588,2024,401414588,2,9,0,-1,19,4,8,-1,0,0,0,0,0,0,2,1,-1,6,1,37,7,1998,8,6,BMW 3 SERIES,5,E01016566,0,4
2024471410742,2024,471410742,2,9,0,-1,19,7,3,-1,0,1,0,0,2,7,1,1,-1,9,1,25,5,2000,2,13,BMW 3 SERIES,8,E01031491,0,3
2024471453738,2024,471453738,2,9,9,-1,9,7,5,-1,0,1,0,0,0,0,3,1,-1,6,1,46,8,1995,2,9,BMW 3 SERIES,5,E01016986,0,1
2024351415418,2024,351415418,4,9,0,-1,19,3,6,-1,0,5,0,0,0,0,2,1,-1,6,1,36,7,1995,2,16,BMW 3 SERIES,6,E01035547,0,1
2024451504520,2024,451504520,1,9,0,-1,11,5,1,-1,0,0,0,0,0,0,1,1,-1,9,1,29,6,1998,1,4,BMW 3 SERIES,3,E01003539,0,4
2024131486021,2024,131486021,2,9,0,-1,4,1,5,-1,0,0,0,0,0,0,2,1,-1,9,1,56,9,1995,2,17,BMW 3 SERIES,6,E01035049,0,3
2024451527676,2024,451527676,2,9,0,-1,4,1,5,-1,0,0,0,0,0,0,2,1,-1,9,1,35,6,1998,8,7,BMW 3 SERIES,10,E01030876,0,4
2024411407680,2024,411407680,4,9,0,-1,4,5,1,-1,0,0,0,0,0,0,2,1,-1,6,1,49,8,1995,2,9,BMW 3 SERIES,9,E01023094,0,4
2024451505909,2024,451505909,2,9,0,-1,19,1,5,-1,0,0,0,0,0,0,1,1,-1,9,1,68,10,1995,2,7,BMW 3 SERIES,8,E01023069,0,5
2024010502185,2024,010502185,1,4,0,18,19,5,1,0,0,0,0,0,0,0,4,1,2,2,1,61,9,-1,-1,-1,PIAGGIO MP3,8,E01024845,0,4
2024401539759,2024,401539759,2,19,0,-1,4,7,3,-1,0,0,0,0,0,0,2,1,-1,1,1,39,7,1997,2,1,RENAULT TRAFIC,3,E01021326,0,4
2024991407793,2024,991407793,2,20,0,-1,10,5,2,-1,0,8,0,0,7,0,2,1,-1,1,1,59,9,-1,-1,-1,RENAULT TRAFIC,8,-1,0,3
2024221449596,2024,221449596,1,19,0,-1,19,1,5,-1,0,0,1,0,0,0,1,1,-1,1,1,59,9,1598,2,6,RENAULT TRAFIC,7,E01014080,0,2
2024221435485,2024,221435485,2,19,0,-1,6,4,4,-1,0,8,0,0,0,0,2,9,-1,9,1,50,8,1870,2,22,RENAULT TRAFIC,10,E01032284,0,2
2024010501799,2024,010501799,1,19,0,18,19,7,3,0,0,0,0,0,0,0,1,1,1,1,1,23,5,1598,2,9,RENAULT TRAFIC,8,E01021172,0,4
2024010510148,2024,010510148,2,9,0,2,2,0,0,6,6,0,0,0,0,0,0,1,6,6,3,-1,-1,6749,1,3,MAKE AND MODEL REDACTED,-1,-1,0,-1
2024411539064,2024,411539064,2,19,0,-1,5,1,5,-1,0,8,0,0,0,0,3,1,-1,6,1,35,6,1560,2,7,CITROEN BERLINGO,8,E01035608,0,1
2024131409147,2024,131409147,3,19,0,-1,2,0,0,-1,9,0,0,0,0,0,2,1,-1,6,-1,-1,-1,1499,2,1,CITROEN BERLINGO,-1,-1,0,-1
2024430556151,2024,430556151,1,9,0,18,19,5,1,0,0,0,0,0,0,0,1,1,6,6,1,18,4,-1,-1,-1,CITROEN BERLINGO,8,E01017688,0,3
2024131452374,2024,131452374,2,19,0,-1,4,3,7,-1,0,0,0,0,0,0,2,1,-1,1,1,51,8,1500,2,3,CITROEN BERLINGO,8,E01007663,0,4
2024010533544,2024,010533544,2,9,0,3,3,1,5,0,0,1,0,0,0,0,3,1,1,1,1,42,7,1560,2,7,CITROEN BERLINGO,2,E01033931,0,1
2024131452374,2024,131452374,1,19,0,-1,7,3,7,-1,0,0,0,0,0,0,1,1,-1,1,1,45,7,1560,2,5,CITROEN BERLINGO,7,E01011684,0,2
2024041413053,2024,041413053,2,9,0,-1,19,1,5,-1,0,0,0,0,0,0,2,1,-1,2,1,62,9,1910,2,16,FIAT DOBLO,2,E01012662,0,2
2024201482781,2024,201482781,1,9,0,-1,7,-1,-1,-1,0,8,0,0,0,0,3,9,-1,6,3,-1,-1,1560,2,11,FORD FOCUS,-1,-1,0,-1
2024421495957,2024,421495957,2,9,0,-1,19,1,5,-1,0,8,0,0,0,0,3,1,-1,9,1,38,7,1560,2,12,FORD FOCUS,7,E01035167,0,1
2024421405980,2024,421405980,3,9,0,-1,3,3,7,-1,0,0,0,0,0,0,2,1,-1,9,1,33,6,1753,2,17,FORD FOCUS,8,E01021613,0,2
2024340NN3222,2024,340NN3222,2,9,0,-1,4,7,3,-1,0,1,0,0,0,0,3,1,-1,2,1,32,6,1596,1,15,FORD FOCUS,7,E01032967,0,1
2024141515816,2024,141515816,3,9,0,-1,19,4,7,-1,0,0,0,0,0,0,1,1,-1,9,1,80,11,1596,1,13,FORD FOCUS,2,E01008101,0,4
2024131407359,2024,131407359,2,9,0,-1,4,3,7,-1,0,0,0,0,0,0,1,1,-1,2,2,34,6,1596,1,18,FORD FOCUS,1,E01011625,0,1
2024522402039,2024,522402039,2,9,0,18,19,4,8,0,0,1,0,0,0,0,1,1,6,6,2,37,7,1560,2,11,FORD FOCUS,7,E01015022,0,1
2024991507726,2024,991507726,1,9,0,-1,7,1,3,-1,0,2,0,0,0,0,1,1,-1,9,1,57,9,1596,1,22,FORD FOCUS,5,-1,0,1
2024552400584,2024,552400584,2,9,0,18,19,2,6,0,0,0,0,0,0,0,1,1,6,6,2,29,6,1596,1,13,FORD FOCUS,7,E01015414,0,4
2024101411827,2024,101411827,1,9,0,-1,19,1,5,-1,0,2,0,0,0,0,3,1,-1,9,2,55,8,1596,1,20,FORD FOCUS,4,E01008711,0,1
2024161463288,2024,161463288,3,9,0,-1,19,3,7,-1,0,0,0,0,0,0,0,1,-1,9,1,30,6,999,1,7,FORD FOCUS,2,E01007590,0,4
2024010512753,2024,010512753,2,9,0,99,99,9,9,99,99,0,9,99,9,99,9,9,6,6,1,30,6,1596,1,20,FORD FOCUS,3,E01003819,0,3
2024031499045,2024,031499045,3,9,0,-1,4,3,7,-1,0,0,0,0,0,0,2,1,-1,9,2,45,7,1560,2,10,FORD FOCUS,7,E01019357,0,3
2024141434595,2024,141434595,1,9,0,-1,7,5,8,-1,0,0,0,0,0,0,1,1,-1,9,2,35,6,1997,2,9,FORD FOCUS,1,E01008054,0,2
2024991416369,2024,991416369,1,9,0,-1,19,8,4,-1,0,0,0,0,0,0,1,1,-1,6,1,32,6,999,1,7,FORD FOCUS,7,-1,0,3
2024461418782,2024,461418782,1,9,0,-1,5,1,5,-1,0,1,0,0,0,0,2,1,-1,6,2,39,7,1560,2,12,FORD FOCUS,3,E01035312,0,1
2024461445275,2024,461445275,1,9,0,-1,5,3,2,-1,0,0,0,0,0,0,3,1,-1,6,1,30,6,1798,1,17,FORD FOCUS,1,E01024657,0,1
2024531483075,2024,531483075,2,9,0,-1,3,8,4,-1,0,0,0,0,0,0,2,1,-1,2,1,45,7,999,1,9,FORD FOCUS,6,E01022261,0,1
2024010519040,2024,010519040,2,9,0,18,19,7,3,0,0,1,0,0,0,0,4,1,6,6,2,37,7,1596,1,15,FORD FOCUS,3,E01000522,0,1
2024010514995,2024,010514995,1,9,9,99,99,9,9,99,99,9,9,99,9,99,1,9,6,6,1,37,7,1596,1,23,FORD FOCUS,2,E01021322,0,4
2024041521222,2024,041521222,1,9,0,-1,9,6,2,-1,0,1,0,0,0,0,1,1,-1,6,1,26,6,1560,2,12,FORD FOCUS,1,E01025082,0,2
2024131477555,2024,131477555,2,9,0,-1,19,5,1,-1,0,0,0,2,0,0,4,1,-1,9,1,40,7,1496,1,5,FORD FOCUS,5,E01011757,0,3
2024101483377,2024,101483377,1,9,0,-1,19,5,1,-1,0,0,0,0,0,0,1,1,-1,6,1,59,9,1560,2,15,FORD FOCUS,2,E01020618,0,1
2024231464840,2024,231464840,1,9,0,-1,4,4,8,-1,0,0,1,0,1,6,1,1,-1,9,2,46,8,1596,1,18,FORD FOCUS,8,E01009669,0,4
2024401498730,2024,401498730,2,9,0,-1,4,1,5,-1,0,0,0,0,0,0,1,1,-1,9,1,24,5,999,1,6,FORD FOCUS,9,E01018201,0,4
2024101517453,2024,101517453,2,9,0,-1,19,7,3,-1,0,0,0,0,0,0,2,1,-1,9,1,87,11,999,1,5,FORD FOCUS,8,E01008785,0,2
2024501462944,2024,501462944,1,9,0,-1,19,5,1,-1,0,1,0,10,3,11,1,1,-1,9,1,77,11,999,1,2,FORD FOCUS,8,E01016232,0,5
2024131510517,2024,131510517,2,9,0,-1,3,3,7,-1,0,8,0,0,0,0,2,1,-1,6,2,32,6,999,8,1,FORD FOCUS,4,E01011395,0,1
2024471469377,2024,471469377,2,9,0,-1,19,5,1,-1,0,0,0,0,0,0,1,1,-1,9,1,20,4,999,1,9,FORD FOCUS,5,E01031606,0,1
2024451439862,2024,451439862,1,9,0,-1,3,5,1,-1,2,0,0,99,0,0,2,1,-1,9,2,49,8,999,1,5,FORD FOCUS,5,E01030569,0,2
2024531423459,2024,531423459,1,9,0,-1,19,5,1,-1,0,8,0,0,0,0,4,1,-1,9,2,69,10,999,1,6,FORD FOCUS,7,E01022230,0,3
2024991416369,2024,991416369,3,9,0,-1,4,8,4,-1,0,0,0,0,0,0,2,1,-1,9,1,58,9,1499,2,3,FORD FOCUS,5,-1,0,1
2024010516326,2024,010516326,1,9,0,4,4,3,7,0,0,0,1,0,0,0,2,1,6,6,1,22,5,1499,2,3,FORD FOCUS,7,E01029735,0,5
2024010533785,2024,010533785,1,9,0,3,3,1,5,0,0,7,0,0,0,0,3,1,2,2,2,57,9,1999,1,14,FORD FOCUS,5,E01033740,0,2
2024131409147,2024,131409147,2,9,0,-1,19,5,2,-1,0,0,0,2,0,0,1,1,-1,9,2,44,7,1560,2,10,FORD FOCUS,2,E01011639,0,2
2024440036201,2024,440036201,1,9,0,9,9,3,1,0,0,8,0,0,4,1,4,1,6,6,1,21,5,1753,2,16,FORD FOCUS,8,E01022762,0,1
2024461494405,2024,461494405,1,9,0,-1,4,7,3,-1,0,0,0,0,0,0,2,1,-1,9,1,31,6,999,1,5,FORD FOCUS,5,E01018382,0,5
2024061476711,2024,061476711,1,9,0,-1,19,2,4,-1,0,4,1,9,7,2,1,1,-1,6,1,30,6,999,1,7,FORD FOCUS,2,E01005450,0,3
2024451500307,2024,451500307,2,9,0,-1,19,3,7,-1,0,1,0,0,0,0,1,1,-1,9,1,26,6,1999,1,8,FORD FOCUS,8,E01030556,0,2
2024401498742,2024,401498742,1,9,0,-1,4,3,7,-1,0,0,0,0,0,0,2,1,-1,9,1,52,8,999,1,6,FORD FOCUS,8,E01034434,0,1
2024401431819,2024,401431819,1,9,-1,-1,-1,-1,-1,-1,-1,0,-1,-1,-1,0,-1,9,-1,6,2,-1,-1,1997,2,15,PEUGEOT 307,-1,-1,0,-1
2024010535510,2024,010535510,1,9,0,18,19,1,5,0,0,2,0,0,0,0,1,1,6,6,2,68,10,1598,1,15,SKODA FABIA,6,E01001527,0,1
2024991438527,2024,991438527,1,9,0,-1,19,3,7,-1,0,0,1,0,0,0,1,1,-1,9,1,23,5,1896,2,15,SKODA FABIA,-1,-1,0,-1
2024552401275,2024,552401275,2,9,0,18,19,6,2,0,0,0,0,0,0,0,4,1,6,6,1,71,10,1422,2,17,SKODA FABIA,7,E01015414,0,1
2024411457651,2024,411457651,1,9,0,-1,11,5,1,-1,0,0,0,0,0,0,4,1,-1,6,2,31,6,1197,1,7,SKODA FABIA,2,E01010929,0,5
2024221469346,2024,221469346,2,9,0,-1,19,1,5,-1,0,8,0,0,0,0,1,1,-1,6,2,73,10,1197,1,7,SKODA FABIA,6,E01035058,0,1
2024141403034,2024,141403034,2,9,0,-1,5,5,1,-1,0,0,0,0,0,0,1,1,-1,9,1,18,4,1198,1,15,SKODA FABIA,8,E01034242,0,1
2024631511779,2024,631511779,1,9,0,-1,19,2,7,-1,0,1,0,0,0,0,1,1,-1,9,2,78,11,1896,2,17,SKODA FABIA,6,W01000492,0,4
2024451488945,2024,451488945,2,9,0,-1,99,2,5,-1,99,0,9,7,0,0,1,1,-1,6,1,30,6,1896,2,17,SKODA FABIA,-1,-1,0,-1
2024991403509,2024,991403509,1,9,0,-1,19,6,1,-1,0,1,0,2,0,0,1,1,-1,9,1,60,9,999,1,4,SKODA FABIA,2,-1,0,1
2024131505025,2024,131505025,2,9,0,-1,9,5,1,-1,0,8,0,0,1,0,2,1,-1,6,2,75,10,999,1,0,SKODA FABIA,9,E01011117,0,2
2024122400252,2024,122400252,1,9,0,4,4,5,1,0,0,0,0,0,0,0,1,1,6,6,1,42,7,1422,2,15,SKODA FABIA,3,E01012943,0,2
2024430319458,2024,430319458,1,9,0,18,19,5,1,0,0,8,1,10,1,1,1,1,2,2,1,54,8,1910,2,19,MAKE AND MODEL REDACTED,9,E01035263,0,1
2024631495826,2024,631495826,2,19,0,-1,4,1,5,-1,0,0,0,0,0,0,2,1,-1,1,1,33,6,1996,2,1,MAXUS DELIVER,6,W01000501,0,2
2024991468857,2024,991468857,2,9,0,-1,2,6,6,-1,0,2,0,0,0,0,1,1,-1,6,2,50,8,999,1,2,SKODA SCALA,-1,-1,0,-1
2024201483585,2024,201483585,1,9,0,-1,14,6,4,-1,0,0,0,0,0,0,1,1,-1,6,1,44,7,1798,8,0,TOYOTA COROLLA,2,E01009783,0,1
2024471487645,2024,471487645,2,9,0,-1,19,1,5,-1,0,1,0,0,0,0,1,1,-1,1,1,32,6,1798,8,2,TOYOTA COROLLA,4,E01031583,0,4
2024131414005,2024,131414005,4,9,0,-1,19,3,7,-1,0,0,0,0,0,0,1,1,-1,1,1,34,6,1798,8,5,TOYOTA COROLLA,1,E01011433,0,1
2024131487680,2024,131487680,1,9,0,-1,11,3,7,-1,0,0,0,0,0,0,4,1,-1,6,3,-1,-1,1598,1,18,TOYOTA COROLLA,-1,-1,0,-1
2024461494602,2024,461494602,2,8,0,-1,3,3,7,-1,0,0,0,2,0,0,2,1,-1,1,1,28,6,1798,8,0,TOYOTA COROLLA,7,E01024403,0,3
2024061476711,2024,061476711,2,9,0,-1,20,2,6,-1,0,4,0,0,0,0,0,1,-1,8,1,25,5,1798,8,2,TOYOTA COROLLA,1,E01005202,0,1
2024361400469,2024,361400469,1,9,0,-1,5,7,3,-1,0,0,0,0,0,0,1,9,-1,6,1,72,10,1987,8,5,TOYOTA COROLLA,10,E01035144,0,4
2024451485142,2024,451485142,2,9,0,-1,4,5,1,-1,0,0,0,0,0,0,1,9,-1,6,1,20,4,1598,1,19,TOYOTA COROLLA,-1,-1,0,-1
2024010530728,2024,010530728,1,9,0,18,19,3,7,0,0,8,0,0,0,0,1,1,6,6,1,32,6,1798,8,3,TOYOTA COROLLA,4,E01002233,0,1
2024010500020,2024,010500020,1,9,0,18,19,7,3,0,0,5,0,0,0,0,3,1,1,1,1,27,6,1987,8,1,TOYOTA COROLLA,4,E01000922,0,1
2024451444216,2024,451444216,2,9,0,-1,19,6,2,-1,0,0,0,0,0,0,2,1,-1,1,1,27,6,-1,-1,-1,TOYOTA COROLLA,9,E01023136,0,3
2024131414005,2024,131414005,5,9,0,-1,19,7,3,-1,0,0,0,0,0,0,2,1,-1,1,1,28,6,1798,8,4,TOYOTA COROLLA,1,E01011483,0,1
2024361497132,2024,361497132,1,9,0,-1,9,7,5,-1,0,5,0,0,0,0,1,1,-1,9,1,57,9,1798,8,3,TOYOTA COROLLA,5,E01030281,0,3
2024201494693,2024,201494693,2,9,0,-1,19,4,8,-1,0,8,0,0,0,0,1,1,-1,6,1,21,5,1398,1,20,TOYOTA COROLLA,2,E01010038,0,3
2024010531790,2024,010531790,2,9,0,99,99,9,9,99,99,6,9,99,9,99,1,9,6,6,3,-1,-1,1798,8,5,TOYOTA PRIUS,1,E01034935,0,5
2024430326604,2024,430326604,1,9,0,18,19,5,1,0,0,1,0,0,0,0,1,1,6,6,1,62,9,1798,8,6,TOYOTA PRIUS,-1,-1,0,-1
2024010508023,2024,010508023,1,8,0,99,99,9,9,99,99,9,9,99,9,99,2,9,1,1,1,34,6,1798,8,7,TOYOTA PRIUS,5,E01002449,0,1
2024010513227,2024,010513227,2,9,0,99,99,9,9,99,99,9,9,99,9,99,1,9,6,6,3,-1,-1,1797,8,7,TOYOTA PRIUS,-1,-1,0,-1
2024131411146,2024,131411146,1,8,0,-1,9,7,8,-1,0,2,0,0,0,0,1,1,-1,1,1,47,8,1797,8,13,TOYOTA PRIUS,1,E01010748,0,1
2024010511632,2024,010511632,2,8,0,99,99,9,9,99,99,9,9,99,9,99,1,9,6,6,3,57,9,1798,8,5,TOYOTA PRIUS,2,E01001961,0,1
2024041454557,2024,041454557,3,9,0,-1,3,1,5,-1,0,1,0,0,0,0,2,1,-1,9,2,42,7,1497,8,16,TOYOTA PRIUS,4,E01025212,0,1
2024010538480,2024,010538480,1,9,0,14,14,1,5,0,0,8,5,0,0,0,1,1,1,1,1,24,5,1798,8,5,TOYOTA PRIUS,-1,-1,0,-1
2024201456016,2024,201456016,2,9,0,-1,9,8,5,-1,0,8,0,0,0,0,1,9,-1,1,1,56,9,1797,8,9,TOYOTA PRIUS,2,E01009509,0,2
2024451450531,2024,451450531,2,9,0,-1,19,6,2,-1,0,0,0,0,0,0,1,1,-1,2,1,28,6,1497,8,19,TOYOTA PRIUS,4,E01030710,0,4
2024302401017,2024,302401017,2,8,0,3,3,8,4,0,0,0,0,0,0,0,2,1,1,1,1,55,8,1497,8,17,TOYOTA PRIUS,3,E01019797,0,1
2024010543323,2024,010543323,1,8,0,18,19,5,1,0,0,0,0,0,0,0,2,1,2,2,1,35,6,1798,8,8,TOYOTA PRIUS,7,E01003643,0,4
2024010508023,2024,010508023,3,8,0,99,99,9,9,99,99,9,9,99,9,99,1,9,6,6,3,-1,-1,1798,8,9,TOYOTA PRIUS,4,E01002647,0,1
2024401484191,2024,401484191,2,9,0,-1,19,5,1,-1,0,0,0,0,0,0,3,1,-1,9,1,24,5,1497,8,18,TOYOTA PRIUS,8,E01007921,0,5
2024201434199,2024,201434199,1,8,0,-1,6,4,4,-1,0,0,0,0,0,0,4,1,-1,1,1,41,7,1798,8,7,TOYOTA PRIUS,1,E01010054,0,1
2024041512477,2024,041512477,1,9,0,-1,9,2,6,-1,0,5,0,0,0,0,4,9,-1,6,1,37,7,1798,8,12,TOYOTA PRIUS,8,E01025551,0,1
2024061419998,2024,061419998,1,9,0,-1,5,7,3,-1,0,1,0,0,0,0,4,1,-1,1,1,33,6,1497,8,18,TOYOTA PRIUS,3,E01004921,0,3
2024010512150,2024,010512150,1,9,0,9,9,8,5,0,0,0,0,0,0,0,1,1,6,6,1,40,7,1797,8,9,TOYOTA PRIUS,2,E01003516,0,1
2024010521702,2024,010521702,1,9,0,3,3,3,7,0,0,1,0,0,0,0,2,1,1,1,1,48,8,1798,8,8,TOYOTA PRIUS,4,E01023864,0,3
2024010507994,2024,010507994,1,9,0,3,3,1,5,0,0,1,0,0,0,0,3,1,3,7,1,59,9,1798,8,9,TOYOTA PRIUS,1,E01004670,0,1
2024010536180,2024,010536180,1,9,0,18,19,5,1,0,0,1,0,0,0,0,1,1,1,1,1,53,8,1797,8,5,TOYOTA PRIUS,7,E01003646,0,3
2024401431819,2024,401431819,2,8,-1,-1,-1,-1,-1,-1,-1,0,-1,-1,-1,0,1,9,-1,2,1,28,6,1798,8,9,TOYOTA PRIUS,3,E01015781,0,1
2024010535301,2024,010535301,2,9,0,99,99,9,9,99,99,9,9,99,9,99,1,9,6,6,3,45,7,1798,8,3,TOYOTA PRIUS,4,E01004495,0,1
2024010506660,2024,010506660,2,8,0,3,3,1,5,0,0,2,0,0,0,0,3,1,6,6,1,42,7,1797,8,5,TOYOTA PRIUS,1,E01002904,0,1
2024440170821,2024,440170821,1,9,0,4,4,6,2,0,0,1,0,0,0,0,2,1,6,6,1,57,9,1798,8,7,TOYOTA PRIUS,1,E01017155,0,2
2024041425514,2024,041425514,1,9,0,-1,19,1,5,-1,0,0,0,0,0,0,1,1,-1,9,1,46,8,1797,8,14,TOYOTA PRIUS,1,E01025184,0,2
2024201441969,2024,201441969,2,8,0,-1,4,3,7,-1,0,0,1,10,4,0,2,1,-1,2,1,33,6,1798,8,7,TOYOTA PRIUS,1,E01009371,0,2
2024041485785,2024,041485785,2,9,0,-1,4,1,5,-1,0,0,0,0,0,0,2,1,-1,9,1,28,6,1498,1,1,CUPRA FORMENTOR,8,E01024956,0,2
2024991438527,2024,991438527,2,9,0,-1,2,3,7,-1,0,0,0,0,0,0,2,1,-1,9,1,64,9,1395,8,0,CUPRA FORMENTOR,-1,-1,0,-1
2024031493474,2024,031493474,1,5,0,-1,19,3,7,-1,0,1,1,0,0,0,4,1,-1,9,1,60,9,781,1,25,HONDA VFR800F,6,E01019319,0,3
2024010526008,2024,010526008,1,9,0,99,99,9,9,99,99,9,9,99,9,99,2,9,1,1,2,41,7,1999,2,7,JAGUAR XF SERIES,3,E01002527,0,2
2024201505968,2024,201505968,3,9,0,-1,19,7,3,-1,0,0,0,0,0,0,1,1,-1,6,1,47,8,2179,2,12,JAGUAR XF SERIES,2,E01010093,0,1
2024991403509,2024,991403509,2,9,0,-1,19,4,7,-1,0,1,0,0,0,0,1,1,-1,9,2,39,7,1998,1,4,MAZDA CX-30,2,-1,0,1
2024471463111,2024,471463111,1,5,0,-1,3,3,7,-1,0,0,0,0,0,0,4,1,-1,9,1,24,5,750,1,15,MAKE AND MODEL REDACTED,8,E01020948,0,2
2024141400712,2024,141400712,1,9,0,-1,19,4,8,-1,0,0,0,0,0,0,2,1,-1,9,1,20,4,1598,2,5,KIA CEED,2,E01007855,0,1
2024201480290,2024,201480290,3,9,0,-1,19,1,5,-1,0,0,0,0,0,0,2,1,-1,6,1,47,8,1582,2,6,KIA CEED,-1,-1,0,-1
2024991468729,2024,991468729,2,9,0,-1,7,8,2,-1,0,0,0,0,0,0,3,1,-1,1,2,45,7,1482,1,0,KIA CEED,6,-1,0,2
2024421416186,2024,421416186,1,9,0,-1,19,2,6,-1,0,0,0,0,0,0,1,1,-1,9,1,19,4,1591,1,15,KIA CEED,6,E01029874,0,4
2024161458616,2024,161458616,1,9,0,-1,1,8,4,-1,0,0,0,0,0,0,2,1,-1,7,2,63,9,1396,1,10,KIA CEED,8,E01013011,0,1
2024010502434,2024,010502434,1,9,0,10,10,4,1,0,0,0,0,0,0,0,3,1,6,6,1,25,5,1591,1,16,KIA CEED,8,E01030900,0,4
2024411539064,2024,411539064,1,9,0,-1,19,5,1,-1,0,8,0,0,0,0,1,1,-1,6,1,44,7,1582,2,8,KIA CEED,6,E01000265,0,3
2024430244874,2024,430244874,2,9,0,3,3,5,1,0,0,0,0,0,0,0,2,1,6,6,2,63,9,1582,2,12,KIA CEED,5,E01028498,0,2
2024631422247,2024,631422247,1,9,0,-1,19,8,4,-1,0,0,0,4,0,0,1,1,-1,6,1,56,9,1582,2,8,KIA CEED,6,W01000664,0,3
2024451493570,2024,451493570,1,19,0,-1,4,3,5,-1,0,4,0,0,0,0,4,1,-1,2,1,55,8,1968,2,4,VOLKSWAGEN CADDY,9,E01030313,0,3
2024311465506,2024,311465506,1,19,0,-1,19,7,3,-1,0,0,0,0,0,0,1,1,-1,1,1,32,6,1968,2,8,VOLKSWAGEN TRANSPORTER,1,E01013331,0,4
2024471481497,2024,471481497,3,19,0,-1,4,1,5,-1,0,0,0,0,0,0,2,1,-1,9,1,51,8,1968,2,7,VOLKSWAGEN TRANSPORTER,10,E01031511,0,4
2024070224643,2024,070224643,1,19,0,9,9,7,3,0,0,5,0,0,0,0,3,1,1,1,1,34,6,1968,2,11,VOLKSWAGEN TRANSPORTER,5,E01034659,0,1
2024501522950,2024,501522950,1,9,0,-1,11,3,7,-1,0,0,0,-1,0,0,-1,1,-1,6,3,-1,-1,1968,2,5,VOLKSWAGEN TRANSPORTER,-1,-1,0,-1
2024131486895,2024,131486895,2,19,0,-1,15,7,5,-1,0,8,0,0,0,0,-1,1,-1,6,3,-1,-1,1968,2,5,VOLKSWAGEN TRANSPORTER,-1,-1,0,-1
2024481557893,2024,481557893,1,19,0,-1,9,5,3,-1,0,8,0,0,0,0,1,2,-1,1,1,27,6,1968,2,2,VOLKSWAGEN TRANSPORTER,-1,-1,0,-1
2024231447100,2024,231447100,1,20,0,-1,19,4,1,-1,0,0,0,0,0,0,1,1,-1,6,2,57,9,-1,-1,-1,VOLKSWAGEN TRANSPORTER,4,E01031102,0,1
2024451434254,2024,451434254,2,19,0,-1,4,-1,-1,-1,0,0,0,0,0,0,2,1,-1,6,1,53,8,1968,2,5,VOLKSWAGEN TRANSPORTER,8,E01002949,0,3
2024131525052,2024,131525052,1,9,0,-1,19,2,6,-1,0,0,0,0,0,0,1,1,-1,6,2,37,7,998,8,1,HYUNDAI BAYON,8,E01011596,0,1
2024361492935,2024,361492935,2,9,0,-1,2,7,3,-1,0,0,0,0,0,0,2,1,-1,6,2,67,10,998,8,1,HYUNDAI BAYON,2,E01018063,0,4
2024201479834,2024,201479834,1,21,1,-1,19,5,1,-1,0,0,0,0,0,0,1,1,-1,1,1,57,9,12882,2,0,IVECO S-WAY,3,E01017711,0,5
2024231486375,2024,231486375,1,21,1,-1,19,6,2,-1,0,0,0,0,0,0,1,9,-1,6,1,39,7,12882,2,1,IVECO S-WAY,10,E01029662,0,4
2024061458785,2024,061458785,1,9,0,-1,4,-1,-1,-1,0,0,0,0,0,0,1,1,-1,9,1,58,9,1956,2,7,JEEP RENEGADE,8,E01005049,0,2
2024531501048,2024,531501048,2,9,0,-1,3,5,2,-1,0,0,0,0,0,0,2,2,-1,9,1,37,7,1332,1,6,JEEP RENEGADE,6,E01034791,0,1
2024461445275,2024,461445275,2,5,0,-1,5,3,7,-1,0,0,5,0,7,0,4,1,-1,6,1,25,5,636,1,21,KAWASAKI ZX,3,E01024695,0,1
2024501404523,2024,501404523,2,5,0,-1,14,7,3,-1,0,0,0,10,0,0,4,1,-1,2,1,33,6,599,1,23,KAWASAKI ZX,4,E01018918,0,1
2024311428076,2024,311428076,1,9,0,-1,4,5,1,-1,0,0,0,0,0,0,1,1,-1,2,1,31,6,1490,8,1,MG HS,1,E01013688,0,4
2024451485142,2024,451485142,1,9,0,-1,3,5,1,-1,0,0,0,0,0,0,2,9,-1,9,1,47,8,1490,1,0,MG HS,-1,-1,0,-1
2024061456228,2024,061456228,2,9,0,-1,19,3,7,-1,0,2,0,0,0,0,4,1,-1,9,2,25,5,1586,1,10,SUZUKI SWIFT,1,E01004863,0,1
2024141416456,2024,141416456,2,9,0,-1,12,5,1,-1,0,0,0,0,0,0,1,1,-1,9,1,29,6,1490,1,17,SUZUKI SWIFT,1,E01007869,0,2
2024440528866,2024,440528866,2,9,0,18,19,3,7,0,0,0,0,0,0,0,2,1,6,6,1,-1,-1,1586,1,10,SUZUKI SWIFT,-1,-1,0,-1
2024430150976,2024,430150976,1,9,0,4,4,7,3,0,0,0,0,0,0,0,2,1,6,6,2,25,5,998,1,6,SUZUKI SWIFT,5,W01001164,0,5
2024131509624,2024,131509624,3,9,0,-1,19,1,5,-1,0,0,0,0,0,0,2,1,-1,1,2,59,9,998,1,6,SUZUKI SWIFT,7,E01027696,0,4
2024520402985,2024,520402985,1,9,0,18,19,1,5,0,0,0,1,0,1,0,1,1,6,6,1,24,5,1328,1,15,SUZUKI SWIFT,10,E01014822,0,4
2024631441508,2024,631441508,1,9,0,-1,19,5,1,-1,0,0,0,0,0,0,1,1,-1,9,1,18,4,1328,1,14,SUZUKI SWIFT,7,W01000473,0,4
2024010528346,2024,010528346,2,9,0,5,5,0,7,0,0,1,0,0,0,0,1,1,6,6,2,47,8,1499,1,6,BMW X1,2,E01002633,0,1
2024991454225,2024,991454225,1,9,0,-1,12,5,1,-1,0,8,0,0,0,0,0,1,-1,9,2,54,8,1995,2,8,BMW X1,8,-1,0,1
2024010524786,2024,010524786,2,9,0,99,99,9,9,99,99,9,9,99,9,99,1,9,6,6,3,-1,-1,1499,8,3,BMW X1,-1,-1,0,-1
2024201474306,2024,201474306,2,9,0,-1,3,8,4,-1,0,1,0,0,0,0,1,9,-1,6,3,-1,-1,1995,2,14,BMW X1,-1,-1,0,-1
2024122400630,2024,122400630,1,9,0,14,14,1,5,0,0,0,0,0,0,0,1,1,6,6,3,-1,-1,1995,2,12,BMW X1,-1,-1,0,-1
2024070797262,2024,070797262,1,9,0,-1,9,1,3,-1,0,6,0,0,0,0,4,1,-1,9,1,79,11,1995,2,7,BMW X1,1,E01007304,0,3
2024340WN4282,2024,340WN4282,2,21,0,-1,19,1,5,-1,0,0,0,0,0,0,1,1,-1,1,1,55,8,8710,5,4,IVECO MODEL MISSING,1,E01009539,0,4
2024430538374,2024,430538374,1,21,0,11,11,6,2,0,0,0,0,0,0,0,4,1,1,1,1,44,7,12882,2,2,IVECO MODEL MISSING,3,E01005798,0,5
2024411502311,2024,411502311,2,9,0,-1,15,1,5,-1,0,0,1,0,0,0,3,9,-1,8,1,-1,-1,1969,8,3,VOLVO V90,2,E01035570,0,4
2024411502311,2024,411502311,3,9,0,-1,4,1,5,-1,0,0,0,0,0,0,1,9,-1,1,1,-1,-1,1969,8,0,VOLVO V90,-1,-1,0,-1
2024041513611,2024,041513611,1,9,0,-1,19,7,3,-1,0,0,0,0,0,0,1,1,-1,6,1,72,10,1582,2,11,HYUNDAI I30,8,E01025365,0,4
2024041468608,2024,041468608,4,9,0,-1,3,3,7,-1,0,0,0,0,0,0,2,1,-1,9,1,66,10,1582,2,7,HYUNDAI I30,8,E01025233,0,3
2024201533650,2024,201533650,1,9,0,-1,19,1,1,-1,0,0,0,0,0,0,1,9,-1,6,2,30,6,1396,1,13,HYUNDAI I30,1,E01009322,0,1
2024010521730,2024,010521730,3,9,0,18,19,4,8,0,0,0,0,0,0,0,1,1,6,6,1,57,9,1591,1,14,HYUNDAI I30,3,E01031896,0,5
2024351415418,2024,351415418,1,9,0,-1,19,3,6,-1,0,5,0,0,0,0,1,1,-1,6,1,47,8,1591,1,14,HYUNDAI I30,2,E01015633,0,2
2024131491729,2024,131491729,2,9,0,-1,19,1,5,-1,0,1,0,0,0,0,1,1,-1,9,2,41,7,1582,2,11,HYUNDAI I30,1,E01011467,0,1
2024991502853,2024,991502853,2,9,0,-1,19,6,2,-1,0,0,0,0,0,0,1,1,-1,6,2,24,5,2295,1,24,MERCEDES CLK CLASS,-1,-1,0,-1
2024542673224,2024,542673224,2,9,0,4,4,1,5,0,0,1,0,0,0,0,2,1,6,6,2,58,9,1395,1,7,VOLKSWAGEN SCIROCCO,8,E01032095,0,2
2024010531166,2024,010531166,1,11,0,10,10,1,6,0,0,1,0,0,0,0,0,1,1,1,1,43,7,-1,3,1,WRIGHTBUS STREETDECK,5,E01000590,0,1
2024311508536,2024,311508536,2,9,0,-1,19,2,6,-1,0,1,0,0,0,0,1,1,-1,6,1,-1,-1,1368,1,12,ALFA ROMEO GIULIETTA,8,E01028118,0,1
2024361525145,2024,361525145,1,9,0,-1,-1,-1,-1,-1,-1,0,-1,-1,-1,0,-1,1,-1,6,2,39,7,1368,1,10,ALFA ROMEO GIULIETTA,7,E01026928,0,2
2024221400400,2024,221400400,1,9,0,-1,4,3,7,-1,0,8,0,0,0,0,2,9,-1,9,2,28,6,1968,2,8,VOLKSWAGEN GOLF,8,E01032226,0,1
2024361470953,2024,361470953,1,9,0,-1,19,5,1,-1,0,0,5,2,7,0,1,1,-1,9,1,24,5,1968,2,10,VOLKSWAGEN GOLF,1,E01007542,0,5
2024302400623,2024,302400623,2,9,0,18,19,5,1,0,0,0,0,0,0,0,3,1,6,6,2,56,9,1968,2,14,VOLKSWAGEN GOLF,6,E01011521,0,4
2024401492756,2024,401492756,2,9,0,-1,19,1,5,-1,0,0,0,0,0,0,3,9,-1,2,2,19,4,1498,1,0,VOLKSWAGEN GOLF,7,E01017593,0,3
2024141405378,2024,141405378,2,9,0,-1,19,3,7,-1,0,0,0,0,0,0,1,1,-1,9,1,69,10,1390,1,21,VOLKSWAGEN GOLF,4,E01007647,0,3
2024522402519,2024,522402519,2,9,0,5,5,6,2,0,0,6,0,0,0,0,1,1,6,6,2,45,7,999,1,0,VOLKSWAGEN GOLF,1,E01033369,0,1
2024070349540,2024,070349540,2,9,0,3,3,0,0,0,0,0,0,0,0,0,2,1,6,6,2,54,8,1598,2,9,VOLKSWAGEN GOLF,6,E01018355,0,4
2024451494777,2024,451494777,1,9,0,-1,4,5,1,-1,0,0,0,0,0,0,2,1,-1,9,2,32,6,1968,2,11,VOLKSWAGEN GOLF,6,E01024406,0,4
2024131478209,2024,131478209,2,9,0,-1,19,8,4,-1,0,8,0,0,0,0,1,1,-1,9,2,37,7,1598,2,10,VOLKSWAGEN GOLF,7,E01013418,0,4
2024451539657,2024,451539657,3,9,0,-1,19,3,7,-1,0,0,0,0,1,0,1,1,-1,9,1,32,6,1896,2,23,VOLKSWAGEN GOLF,6,E01017810,0,4
2024411495307,2024,411495307,3,9,0,-1,4,3,3,-1,0,0,0,0,0,0,2,1,-1,9,2,63,9,1395,1,10,VOLKSWAGEN GOLF,9,E01023615,0,1
2024131478209,2024,131478209,1,9,0,-1,19,2,6,-1,0,8,0,0,0,0,1,1,-1,6,1,28,6,1968,2,8,VOLKSWAGEN GOLF,1,E01010928,0,1
2024451525054,2024,451525054,2,9,0,-1,19,1,5,-1,0,4,0,0,0,0,1,1,-1,9,1,65,9,1984,1,6,VOLKSWAGEN GOLF,10,E01030349,0,1
2024471465024,2024,471465024,1,9,0,-1,6,3,7,-1,0,0,0,0,0,0,1,1,-1,9,2,47,8,1968,2,8,VOLKSWAGEN GOLF,9,E01031751,0,1
2024201533753,2024,201533753,3,9,0,-1,19,5,1,-1,0,0,0,0,0,0,2,1,-1,9,1,37,7,1598,2,13,VOLKSWAGEN GOLF,5,E01013493,0,4
2024531518328,2024,531518328,2,9,0,-1,3,1,5,-1,0,0,0,0,0,0,2,1,-1,6,1,25,5,1395,1,9,VOLKSWAGEN GOLF,2,E01022288,0,3
2024052402559,2024,052402559,2,9,0,4,4,8,4,0,0,2,0,0,0,0,3,1,2,2,1,45,7,1984,1,7,VOLKSWAGEN GOLF,1,E01006542,0,1
2024131445301,2024,131445301,1,9,0,-1,15,2,6,-1,0,0,0,0,0,0,1,1,-1,2,2,25,5,1598,2,12,VOLKSWAGEN GOLF,3,E01010834,0,1
2024991447439,2024,991447439,1,9,0,-1,19,7,3,-1,0,1,0,0,0,0,4,1,-1,2,2,56,9,1598,2,7,VOLKSWAGEN GOLF,10,-1,0,1
2024041486552,2024,041486552,1,9,0,-1,19,3,7,-1,0,0,0,0,0,0,1,1,-1,9,1,18,4,1968,2,15,VOLKSWAGEN GOLF,8,E01034346,0,2
2024451486925,2024,451486925,1,9,0,-1,19,3,7,-1,0,0,0,0,0,0,1,1,-1,9,1,24,5,1781,1,22,VOLKSWAGEN GOLF,9,E01030590,0,1
2024070634460,2024,070634460,2,9,0,18,19,3,7,0,0,0,1,2,0,0,4,1,6,6,1,18,4,1390,1,18,VOLKSWAGEN GOLF,5,E01012400,0,2
2024131418902,2024,131418902,1,9,0,-1,19,1,7,-1,0,2,0,0,0,0,1,1,-1,9,2,45,7,1896,2,22,VOLKSWAGEN GOLF,3,E01010671,0,1
2024221515623,2024,221515623,2,9,0,-1,19,1,7,-1,0,0,0,0,0,0,1,9,-1,6,1,45,7,1984,1,10,VOLKSWAGEN GOLF,1,E01009983,0,4
2024451432024,2024,451432024,1,9,0,-1,19,5,1,-1,0,0,1,0,5,0,4,1,-1,9,1,30,6,1390,1,17,VOLKSWAGEN GOLF,5,E01000071,0,4
2024302401740,2024,302401740,1,9,0,17,19,7,3,0,0,0,2,4,1,10,1,1,6,6,1,20,4,1598,1,17,VOLKSWAGEN GOLF,4,E01003626,0,5
2024991416369,2024,991416369,2,9,0,-1,4,8,4,-1,0,0,0,0,0,0,2,1,-1,9,1,33,6,1498,1,5,VOLKSWAGEN GOLF,4,-1,0,2
2024131529754,2024,131529754,1,9,0,-1,19,1,5,-1,0,0,0,0,0,0,1,1,-1,2,1,66,10,1598,2,13,VOLKSWAGEN GOLF,5,E01011728,0,3
2024010511808,2024,010511808,1,9,0,3,3,8,4,0,0,1,0,0,0,0,4,1,6,6,1,35,6,1395,1,8,VOLKSWAGEN GOLF,3,E01003607,0,1
2024991464272,2024,991464272,1,9,0,-1,19,2,6,-1,0,0,0,0,0,0,2,1,-1,9,2,25,5,1498,1,5,VOLKSWAGEN GOLF,-1,-1,0,-1
2024302401740,2024,302401740,2,9,0,3,3,7,3,0,0,0,0,0,0,0,4,1,6,6,1,25,5,1968,2,9,VOLKSWAGEN GOLF,2,E01008101,0,4
2024201505968,2024,201505968,1,9,0,-1,19,7,3,-1,0,0,0,0,0,0,1,1,-1,6,2,30,6,1968,2,10,VOLKSWAGEN GOLF,2,E01013657,0,4
2024010529861,2024,010529861,1,9,0,9,9,3,1,0,0,1,0,0,0,0,1,1,6,6,2,44,7,1984,1,17,VOLKSWAGEN GOLF,10,E01002419,0,1
2024991451818,2024,991451818,1,9,0,-1,7,6,8,-1,0,1,2,10,3,7,1,1,-1,9,1,26,6,1968,2,15,VOLKSWAGEN GOLF,4,-1,0,4
2024361469104,2024,361469104,1,9,0,-1,19,7,3,-1,0,1,0,0,0,0,1,1,-1,9,1,24,5,2000,2,19,VOLKSWAGEN GOLF,4,E01026523,0,1
2024430290291,2024,430290291,1,9,0,1,1,1,7,0,0,0,0,0,0,0,2,1,6,6,3,-1,-1,999,1,0,VOLKSWAGEN GOLF,-1,-1,0,-1
2024451467385,2024,451467385,1,9,0,-1,4,3,7,-1,0,0,0,0,0,0,1,1,-1,9,2,21,5,1498,1,4,VOLKSWAGEN GOLF,10,E01022793,0,4
2024131487639,2024,131487639,2,9,0,-1,3,0,0,-1,0,8,0,0,0,0,2,1,-1,2,2,56,9,1498,1,5,VOLKSWAGEN GOLF,4,E01010678,0,1
2024991524874,2024,991524874,1,9,0,-1,19,4,8,-1,0,0,2,4,1,0,1,1,-1,9,1,39,7,2000,1,18,VOLKSWAGEN GOLF,4,-1,0,1
2024131452273,2024,131452273,1,9,0,-1,-1,-1,-1,-1,-1,8,-1,-1,-1,0,1,1,-1,6,1,17,4,1984,1,8,VOLKSWAGEN GOLF,1,E01010702,0,3
2024351420942,2024,351420942,1,9,0,-1,19,4,1,-1,0,3,0,0,3,0,3,1,-1,6,1,63,9,1498,1,2,VOLKSWAGEN GOLF,5,E01017961,0,1
2024522401084,2024,522401084,2,9,0,4,4,6,2,0,0,0,0,0,0,0,2,1,6,6,1,39,7,1498,1,6,VOLKSWAGEN GOLF,4,E01035129,0,4
2024451502315,2024,451502315,2,9,0,-1,19,3,7,-1,0,1,0,0,0,0,3,1,-1,6,2,40,7,1968,2,5,VOLKSWAGEN GOLF,8,E01030683,0,1
2024631430255,2024,631430255,1,9,0,-1,9,3,1,-1,0,6,0,0,0,0,0,2,-1,6,1,19,4,1968,2,5,VOLKSWAGEN GOLF,6,E01001641,0,5
2024311444176,2024,311444176,1,9,0,-1,1,3,7,-1,0,0,0,0,0,0,3,1,-1,6,1,35,6,1900,2,18,VOLKSWAGEN GOLF,5,E01028022,0,1
2024131464400,2024,131464400,1,9,0,-1,19,5,1,-1,0,0,0,0,1,0,1,1,-1,6,-1,-1,-1,1968,2,1,VOLKSWAGEN GOLF,-1,-1,0,-1
2024201470332,2024,201470332,2,9,0,-1,3,8,8,-1,0,0,0,0,0,0,2,9,-1,6,1,25,5,1498,8,1,VOLKSWAGEN GOLF,1,E01010102,0,1
2024041430649,2024,041430649,2,9,0,-1,19,3,7,-1,0,0,0,0,0,0,1,1,-1,9,1,26,6,1968,2,11,VOLKSWAGEN GOLF,4,E01010664,0,4
2024471409622,2024,471409622,2,9,0,-1,19,2,5,-1,0,0,0,0,1,0,1,1,-1,6,1,44,7,1997,2,10,FORD MONDEO,3,E01031360,0,1
2024302401294,2024,302401294,1,9,0,18,19,5,1,0,0,0,0,0,0,0,2,1,6,6,1,41,7,1560,2,9,FORD MONDEO,3,E01013471,0,4
2024631460061,2024,631460061,3,9,0,-1,19,7,4,-1,0,2,0,0,1,0,1,1,-1,9,1,66,10,1997,2,14,FORD MONDEO,1,E01010421,0,4
2024461407212,2024,461407212,2,9,0,-1,4,8,2,-1,0,0,0,0,0,0,2,1,-1,9,1,68,10,1596,1,17,FORD MONDEO,6,E01024234,0,4
2024201510454,2024,201510454,2,9,0,-1,19,6,2,-1,0,0,0,0,0,0,4,1,-1,9,1,37,7,1798,1,18,FORD MONDEO,8,E01009456,0,1
2024610052724,2024,610052724,1,9,0,18,19,1,5,0,0,0,0,0,0,0,1,1,2,2,1,60,9,1999,1,20,FORD MONDEO,8,W01001903,0,3
2024131471846,2024,131471846,1,9,0,-1,9,7,3,-1,0,8,0,2,0,0,3,1,-1,6,1,19,4,1997,2,15,FORD MONDEO,5,E01011390,0,1
2024010515608,2024,010515608,1,9,0,9,9,3,1,0,0,8,0,0,0,0,4,1,3,7,1,32,6,1999,1,14,FORD MONDEO,2,E01003191,0,1
2024211523388,2024,211523388,1,9,0,-1,19,8,6,-1,0,0,0,0,0,0,1,1,-1,6,1,44,7,1999,1,16,FORD MONDEO,1,E01009019,0,4
2024430082455,2024,430082455,2,9,0,6,6,2,2,0,0,0,0,0,0,0,3,1,2,2,1,59,9,1997,2,14,FORD MONDEO,9,E01028459,0,1
2024522401140,2024,522401140,2,9,0,4,4,6,2,0,0,0,0,0,0,0,2,1,6,6,1,67,10,1997,2,14,FORD MONDEO,9,E01022353,0,4
2024010542405,2024,010542405,1,9,0,99,99,9,9,99,99,9,9,99,9,99,9,9,6,6,2,37,7,1499,2,8,FORD MONDEO,3,E01002634,0,1
2024302401344,2024,302401344,2,9,0,16,19,1,3,0,0,8,0,0,0,0,2,1,6,6,1,37,7,1582,2,13,KIA PRO CEED,3,E01029408,0,1
2024201424928,2024,201424928,2,9,0,-1,19,6,2,-1,0,8,0,0,0,0,4,1,-1,6,1,30,6,1591,1,11,KIA PRO CEED,-1,-1,0,-1
2024451434254,2024,451434254,1,9,0,-1,4,-1,-1,-1,0,0,0,0,0,0,2,1,-1,7,1,48,8,1998,1,3,MINI JOHN COOPER WORKS,10,E01030372,0,2
2024052401956,2024,052401956,1,9,0,18,19,2,6,0,0,0,0,0,0,0,1,1,2,2,2,43,7,898,1,6,RENAULT CAPTUR,5,E01006527,0,1
2024221516476,2024,221516476,1,9,0,-1,19,8,3,-1,0,0,0,0,0,0,3,1,-1,9,1,78,11,898,1,9,RENAULT CAPTUR,9,E01010183,0,1
2024041468608,2024,041468608,2,9,0,-1,3,3,7,-1,0,0,0,0,0,0,2,1,-1,9,1,71,10,999,1,0,RENAULT CAPTUR,4,-1,0,5
2024061505812,2024,061505812,1,9,0,-1,9,7,1,-1,0,0,0,2,0,0,1,1,-1,9,1,80,11,1798,8,3,TOYOTA C-HR,-1,-1,0,-1
2024401411547,2024,401411547,1,9,0,-1,19,4,8,-1,0,0,5,2,0,0,1,1,-1,2,2,28,6,1798,8,7,TOYOTA C-HR,6,E01023413,0,4
2024141456167,2024,141456167,1,9,0,-1,19,5,1,-1,0,1,0,0,1,11,2,1,-1,9,2,46,8,1798,8,1,TOYOTA C-HR,6,E01008087,0,1
2024010542249,2024,010542249,2,9,0,18,19,9,9,99,99,9,9,99,9,99,1,9,6,6,1,36,7,1798,8,6,TOYOTA C-HR,5,E01004564,0,1
2024041524599,2024,041524599,2,9,0,-1,9,3,1,-1,0,8,0,0,0,0,3,1,-1,9,1,32,6,1368,1,7,FIAT TIPO,2,E01025232,0,3
2024221435485,2024,221435485,1,9,0,-1,19,8,4,-1,0,8,0,0,0,0,1,9,-1,9,1,78,11,1368,1,8,FIAT TIPO,6,E01032417,0,1
2024010528346,2024,010528346,1,4,0,18,19,5,1,0,0,1,0,0,0,0,4,1,6,6,1,76,11,1200,1,20,HARLEY-DAVIDSON XL,5,E01002449,0,1
2024211524588,2024,211524588,2,3,0,-1,19,3,1,-1,0,8,2,0,0,0,4,1,-1,2,1,47,8,125,1,5,LEXMOTO LXR,5,E01029374,0,3
2024501431000,2024,501431000,2,9,0,-1,4,7,3,-1,0,0,0,0,0,0,2,1,-1,9,2,78,11,898,1,7,SMART FORFOUR,3,E01018925,0,2
2024101402503,2024,101402503,2,9,0,-1,3,3,7,-1,0,0,1,0,0,0,2,1,-1,6,1,66,10,1498,3,0,VOLKSWAGEN ID4,2,E01008601,0,1
2024401414422,2024,401414422,1,9,0,-1,19,4,8,-1,0,0,0,0,0,0,1,1,-1,6,1,-1,-1,-1,3,2,VOLKSWAGEN ID4,-1,-1,0,-1
2024221534112,2024,221534112,1,9,0,-1,19,1,5,-1,0,0,0,2,1,1,1,1,-1,1,1,50,8,-1,3,0,VOLKSWAGEN ID4,9,E01013559,0,4
2024451478846,2024,451478846,1,9,0,-1,19,3,7,-1,0,0,0,0,0,0,1,1,-1,2,1,28,6,2967,2,17,AUDI A5,7,E01030618,0,2
2024010525995,2024,010525995,1,9,0,9,9,3,1,0,0,8,0,0,0,0,1,1,6,6,1,24,5,4163,1,13,AUDI A5,3,E01000089,0,1
2024041486552,2024,041486552,3,9,0,-1,19,3,7,-1,0,0,0,0,0,0,1,1,-1,9,1,33,6,1968,2,8,AUDI A5,7,E01024921,0,3
2024010529098,2024,010529098,1,9,0,16,19,5,1,0,0,2,0,0,0,0,4,1,6,6,1,49,8,1984,1,11,AUDI A5,10,E01003474,0,1
2024411490018,2024,411490018,3,9,0,-1,3,4,8,-1,0,0,0,0,0,0,2,1,-1,6,2,50,8,1968,2,3,AUDI A5,10,E01032895,0,5
2024401491122,2024,401491122,1,5,0,-1,15,4,8,-1,0,1,0,0,7,2,1,1,-1,6,1,42,7,599,1,22,HONDA CBR,9,E01017624,0,1
2024010529098,2024,010529098,2,5,0,13,13,5,1,0,0,2,0,0,0,0,1,1,2,2,1,26,6,599,1,11,HONDA CBR,6,E01004637,0,1
2024031459686,2024,031459686,1,4,0,-1,19,5,1,-1,0,0,2,0,0,0,3,1,-1,2,1,43,7,250,1,11,HONDA CBR,2,E01019199,0,1
2024440272207,2024,440272207,1,3,0,14,14,8,4,0,0,0,1,0,0,0,1,1,6,6,1,19,4,125,1,9,HONDA CBR,2,E01017366,0,1
2024522401317,2024,522401317,1,3,0,14,14,7,3,0,0,8,0,0,0,0,1,1,6,6,1,18,4,125,1,6,HONDA CBR,2,E01014526,0,1
2024440217106,2024,440217106,1,5,0,16,19,5,8,0,0,0,0,0,0,0,3,1,6,6,1,24,5,599,1,11,HONDA CBR,-1,-1,0,-1
2024531466291,2024,531466291,1,3,0,-1,13,1,5,-1,0,8,0,0,0,0,1,1,-1,1,1,31,6,124,1,1,YAMAHA XSR,4,E01022331,0,2
2024332400346,2024,332400346,1,5,0,-1,19,2,6,-1,0,0,0,0,0,0,1,1,-1,6,1,58,9,890,1,1,YAMAHA XSR,8,E01025911,0,2
2024501510907,2024,501510907,2,9,0,-1,4,6,2,-1,0,0,0,0,0,0,1,1,-1,6,1,42,7,1598,8,0,DACIA JOGGER,4,E01020291,0,3
2024131486021,2024,131486021,1,9,0,-1,12,1,5,-1,0,0,0,0,0,0,1,1,-1,9,2,74,10,1598,8,0,DACIA JOGGER,1,E01007318,0,4
2024552400438,2024,552400438,1,5,0,4,4,4,8,0,0,0,1,0,0,0,1,1,6,6,1,27,6,805,1,23,KAWASAKI VN,10,E01013796,0,5
2024440482419,2024,440482419,1,9,0,18,19,7,3,0,0,0,0,0,0,0,2,1,2,2,1,24,5,1598,2,4,KIA XCEED,6,E01023056,0,1
2024010491891,2024,010491891,2,9,9,18,19,1,5,99,99,0,9,99,9,99,9,9,6,6,3,-1,-1,1482,1,1,KIA XCEED,-1,-1,0,-1
2024440039751,2024,440039751,1,9,0,18,19,6,2,0,0,1,0,0,0,0,1,1,6,6,2,72,10,1482,1,1,KIA XCEED,10,E01022661,0,1
2024451525054,2024,451525054,1,2,0,-1,4,1,5,-1,0,4,0,0,0,0,2,1,-1,9,1,16,4,49,1,24,MAKE AND MODEL REDACTED,7,E01030300,0,1
2024451522841,2024,451522841,2,9,0,-1,19,5,1,-1,0,0,0,0,0,0,1,1,-1,9,2,70,10,1560,2,6,VAUXHALL GRANDLAND,8,E01022778,0,4
2024031499045,2024,031499045,4,9,0,-1,4,3,7,-1,0,0,0,0,0,0,2,1,-1,9,2,36,7,1499,2,5,VAUXHALL GRANDLAND,5,E01019386,0,2
2024340NN4122,2024,340NN4122,1,9,0,-1,-1,1,5,-1,0,2,0,0,0,0,1,1,-1,9,1,79,11,1199,1,0,VAUXHALL GRANDLAND,5,E01027059,0,1
2024070218124,2024,070218124,2,9,0,3,3,5,1,0,0,0,0,2,0,0,2,1,6,6,2,36,7,1199,1,5,VAUXHALL GRANDLAND,9,E01012376,0,1
2024010543266,2024,010543266,1,9,0,8,8,1,4,0,0,1,0,0,0,0,4,1,6,6,2,53,8,1199,1,0,VAUXHALL GRANDLAND,3,E01034046,0,1
2024041413053,2024,041413053,1,9,0,-1,19,1,5,-1,0,0,0,0,0,0,1,1,-1,9,1,89,11,1198,1,16,VOLKSWAGEN FOX,6,E01025541,0,2
2024991409428,2024,991409428,2,9,0,-1,3,4,8,-1,0,0,0,0,0,0,2,1,-1,6,2,56,9,1591,1,5,HYUNDAI TUCSON,9,-1,0,2
2024401545136,2024,401545136,2,9,0,-1,4,1,5,-1,0,0,0,0,0,0,1,1,-1,6,2,50,8,1598,8,0,HYUNDAI TUCSON,10,E01023887,0,4
2024201480290,2024,201480290,2,9,0,-1,19,1,5,-1,0,0,0,0,0,0,2,1,-1,6,1,48,8,1685,2,7,HYUNDAI TUCSON,-1,-1,0,-1
2024041486552,2024,041486552,2,9,0,-1,19,7,3,-1,0,0,0,0,0,0,1,1,-1,9,1,43,7,1685,2,7,HYUNDAI TUCSON,9,E01025008,0,2
2024221405118,2024,221405118,1,9,0,-1,9,4,2,-1,0,6,0,0,0,0,1,1,-1,1,1,46,8,1685,2,8,HYUNDAI TUCSON,7,E01032319,0,1
2024201533753,2024,201533753,2,9,0,-1,19,5,1,-1,0,0,0,0,0,0,2,1,-1,2,1,47,8,1685,2,8,HYUNDAI TUCSON,8,E01013783,0,4
2024221484834,2024,221484834,3,9,0,-1,19,1,5,-1,0,0,0,0,1,0,1,1,-1,9,1,57,9,1598,8,0,HYUNDAI TUCSON,1,E01013995,0,3
2024401529324,2024,401529324,3,9,0,-1,4,4,8,-1,0,0,0,0,0,0,2,1,-1,6,1,36,7,1591,1,5,HYUNDAI TUCSON,10,E01032982,0,4
2024201526280,2024,201526280,2,9,0,-1,19,4,8,-1,0,8,0,0,0,0,1,1,-1,6,1,42,7,1598,8,0,HYUNDAI TUCSON,5,E01009590,0,4
2024430538374,2024,430538374,3,9,0,18,19,6,2,0,0,0,0,0,0,0,1,1,2,2,1,40,7,-1,3,0,MERCEDES EQB CLASS,6,E01033856,0,4
2024010533544,2024,010533544,3,9,0,18,19,5,1,0,0,8,0,0,0,0,3,1,6,6,2,30,6,1998,8,0,MINI COUNTRYMAN,6,E01032591,0,5
2024471531678,2024,471531678,3,9,0,-1,3,6,2,-1,0,0,0,0,0,0,2,1,-1,6,2,66,10,1193,1,4,MITSUBISHI MIRAGE,6,E01021054,0,1
2024010504929,2024,010504929,1,9,0,9,9,5,2,0,0,6,0,0,0,0,1,1,6,6,1,19,4,1368,1,14,ALFA ROMEO MITO,8,E01016711,0,4
2024231524392,2024,231524392,1,3,0,-1,13,6,2,-1,0,0,0,0,0,0,3,1,-1,6,1,25,5,125,1,0,KAWASAKI BR125,2,E01031066,0,1
2024131468121,2024,131468121,1,19,0,-1,1,7,3,-1,0,8,0,0,0,0,2,1,-1,1,2,28,6,1997,2,1,PEUGEOT EXPERT,3,E01011229,0,1
2024501431000,2024,501431000,1,19,0,-1,19,7,3,-1,0,0,0,0,0,0,1,1,-1,1,1,40,7,1997,2,6,PEUGEOT EXPERT,4,E01018965,0,2
2024211485367,2024,211485367,1,19,0,-1,7,5,7,-1,0,0,0,0,0,0,4,1,-1,1,1,31,6,1560,2,10,PEUGEOT EXPERT,4,E01029578,0,1
2024501521320,2024,501521320,1,19,0,-1,9,4,2,-1,0,0,0,0,0,0,3,1,-1,1,1,59,9,1560,2,5,PEUGEOT EXPERT,8,E01020240,0,1
2024340WN4882,2024,340WN4882,3,19,0,-1,19,5,1,-1,0,0,0,0,0,0,2,1,-1,1,1,-1,-1,2000,2,4,PEUGEOT EXPERT,5,E01002129,0,4
2024010541732,2024,010541732,2,19,0,99,99,9,9,99,99,9,9,99,9,99,9,9,6,6,3,-1,-1,1560,2,7,PEUGEOT EXPERT,2,E01001078,0,3
2024501520762,2024,501520762,2,19,0,-1,2,0,0,-1,0,0,0,0,0,0,2,1,-1,1,1,59,9,1997,2,4,PEUGEOT EXPERT,5,E01018948,0,1
2024401510013,2024,401510013,1,9,0,-1,19,6,2,-1,0,0,0,0,0,0,1,1,-1,6,1,69,10,1998,1,14,SAAB 9-3,7,E01017464,0,1
2024991442398,2024,991442398,2,9,0,-1,10,8,5,-1,0,1,0,0,0,0,2,1,-1,6,2,45,7,1968,2,5,SKODA KODIAQ,8,-1,0,1
2024340NN1682,2024,340NN1682,2,9,0,-1,19,5,1,-1,0,1,0,0,0,0,1,1,-1,9,2,39,7,1968,2,1,SKODA KODIAQ,7,E01027043,0,1
2024221476034,2024,221476034,2,9,0,-1,19,5,1,-1,0,8,0,0,0,0,2,9,-1,9,1,52,8,1995,2,1,FORD TOURNEO,10,E01014181,0,4
2024070716922,2024,070716922,2,9,0,-1,19,5,1,-1,0,7,0,0,0,0,2,1,-1,1,1,45,7,1995,2,2,FORD TOURNEO,4,E01007112,0,3
2024010510148,2024,010510148,3,9,0,2,2,0,0,6,6,0,0,0,0,0,0,1,6,6,3,-1,-1,1997,8,3,JAGUAR F-PACE,-1,-1,0,-1
2024430426030,2024,430426030,2,11,0,3,3,6,1,0,0,2,0,0,0,0,2,1,1,1,1,59,9,10667,2,8,MERCEDES TOURISMO,-1,-1,0,-1
2024010510148,2024,010510148,4,9,0,18,19,7,3,0,0,0,0,0,1,11,2,1,1,1,1,60,9,1950,2,1,MERCEDES V CLASS,5,E01003900,0,3
2024010527345,2024,010527345,2,8,0,4,4,1,5,9,9,1,0,0,0,0,2,1,1,1,1,47,8,1950,2,0,MERCEDES V CLASS,4,E01002593,0,3
2024041425902,2024,041425902,1,3,0,-1,19,7,3,-1,0,0,2,2,0,0,1,1,-1,9,1,51,8,125,1,15,MAKE AND MODEL REDACTED,3,E01025054,0,2
2024010549787,2024,010549787,2,5,0,16,19,6,8,0,0,0,0,11,0,0,1,1,2,2,1,40,7,865,1,10,TRIUMPH BONNEVILLE,6,E01002670,0,1
2024471500499,2024,471500499,2,9,0,-1,-1,-1,-1,-1,-1,0,-1,-1,-1,0,-1,9,-1,6,2,19,4,1390,1,13,AUDI A1,6,E01035326,0,1
2024211468757,2024,211468757,1,9,0,-1,19,2,6,-1,0,0,0,2,1,7,1,1,-1,6,1,25,5,1598,2,8,AUDI A1,8,E01029416,0,2
2024201479834,2024,201479834,2,9,0,-1,11,5,1,-1,0,0,0,0,0,0,4,1,-1,9,2,21,5,999,1,5,AUDI A1,4,E01010015,0,1
2024131461313,2024,131461313,1,9,0,-1,19,5,1,-1,0,8,0,0,0,0,1,1,-1,9,2,69,10,999,1,5,AUDI A1,8,E01011773,0,1
2024051430709,2024,051430709,2,9,0,-1,19,8,4,-1,0,0,0,0,0,0,2,1,-1,6,1,67,10,1598,2,8,AUDI A1,5,E01010640,0,4
202417M212224,2024,17M212224,1,9,0,-1,3,7,3,-1,0,0,0,0,0,0,2,1,-1,9,2,23,5,999,1,2,AUDI A1,7,E01012007,0,1
2024111489445,2024,111489445,1,9,0,-1,19,3,7,-1,0,0,0,0,0,0,1,1,-1,6,1,30,6,1197,1,10,AUDI A1,1,E01012318,0,1
2024201437452,2024,201437452,1,9,0,-1,5,4,8,-1,0,6,0,0,0,0,1,9,-1,6,2,31,6,1395,1,9,AUDI A1,-1,-1,0,-1
202417M212224,2024,17M212224,2,9,0,-1,19,7,3,-1,0,0,0,0,0,0,1,1,-1,9,2,-1,-1,999,1,5,AUDI A1,-1,-1,0,-1
2024311525957,2024,311525957,1,9,0,-1,7,3,3,-1,0,0,0,0,0,0,4,1,-1,2,2,21,5,1395,1,8,AUDI A1,5,E01019649,0,1
2024991442398,2024,991442398,3,21,4,-1,19,2,5,-1,0,1,1,2,1,1,1,1,-1,1,1,51,8,12902,2,2,DAF TRUCKS MODEL MISSING,7,-1,0,2
2024371438592,2024,371438592,2,21,0,-1,3,3,7,-1,0,0,0,0,0,0,2,1,-1,1,1,37,7,6690,2,0,DAF TRUCKS MODEL MISSING,7,E01026469,0,4
2024141425613,2024,141425613,1,21,4,-1,11,5,1,-1,0,0,0,0,0,0,1,1,-1,1,1,52,8,12902,2,2,DAF TRUCKS MODEL MISSING,5,E01019573,0,4
2024041485389,2024,041485389,3,21,0,-1,1,7,3,-1,0,0,0,0,0,0,2,1,-1,1,1,24,5,6700,2,8,DAF TRUCKS MODEL MISSING,7,E01025079,0,2
2024221420201,2024,221420201,1,20,0,-1,19,8,4,-1,0,0,0,0,0,0,4,9,-1,1,1,55,8,4500,2,7,DAF TRUCKS MODEL MISSING,2,E01013897,0,4
2024041428668,2024,041428668,2,21,0,-1,19,5,1,-1,0,0,0,0,0,0,1,1,-1,1,1,62,9,10837,2,2,DAF TRUCKS MODEL MISSING,2,E01007333,0,4
2024440272207,2024,440272207,2,21,0,3,3,8,4,0,0,0,0,0,0,0,2,1,1,1,1,52,8,10800,2,6,DAF TRUCKS MODEL MISSING,5,E01017353,0,3
2024131510011,2024,131510011,1,21,0,-1,7,1,3,-1,0,0,0,0,0,0,4,1,-1,6,3,-1,-1,6690,2,1,DAF TRUCKS MODEL MISSING,-1,-1,0,-1
2024461469413,2024,461469413,1,21,1,-1,19,6,2,-1,0,0,0,0,0,0,-1,9,-1,1,1,74,10,12902,2,5,DAF TRUCKS MODEL MISSING,1,-1,0,5
2024052400770,2024,052400770,1,21,0,18,19,5,1,0,0,0,0,0,0,0,1,1,1,1,1,44,7,12902,2,4,DAF TRUCKS MODEL MISSING,6,E01031902,0,5
2024471478865,2024,471478865,2,21,0,-1,19,3,7,-1,0,0,0,0,0,0,1,1,-1,1,1,49,8,10837,2,4,DAF TRUCKS MODEL MISSING,2,E01024548,0,2
2024302401362,2024,302401362,3,21,1,4,4,5,1,0,0,0,0,0,0,0,2,1,1,1,1,68,10,6700,2,4,DAF TRUCKS MODEL MISSING,4,E01010746,0,4
2024421523064,2024,421523064,1,21,1,-1,11,7,3,-1,0,0,0,0,0,0,1,1,-1,1,1,46,8,12902,2,4,DAF TRUCKS MODEL MISSING,4,E01004633,0,4
2024231464840,2024,231464840,2,21,1,-1,19,4,8,-1,0,0,0,1,0,0,1,1,-1,1,1,66,10,12902,2,2,DAF TRUCKS MODEL MISSING,2,E01006175,0,5
2024552400367,2024,552400367,2,21,5,2,2,0,0,0,0,0,0,0,0,0,2,1,1,1,1,33,6,6700,2,6,DAF TRUCKS MODEL MISSING,10,E01022646,0,4
2024430387497,2024,430387497,3,20,0,3,3,1,5,0,0,0,0,0,0,0,2,1,1,1,1,42,7,10837,2,4,DAF TRUCKS MODEL MISSING,9,E01028481,0,2
2024461471695,2024,461471695,3,21,0,-1,19,3,7,-1,0,0,0,0,0,0,3,1,-1,1,1,26,6,6700,2,7,DAF TRUCKS MODEL MISSING,5,E01032829,0,1
2024131515717,2024,131515717,1,21,0,-1,12,5,1,-1,0,0,0,0,0,0,3,1,-1,6,3,-1,-1,12902,2,8,DAF TRUCKS MODEL MISSING,-1,-1,0,-1
2024631422247,2024,631422247,2,21,4,-1,2,0,0,-1,0,0,0,0,0,0,0,1,-1,1,1,50,8,6700,2,9,DAF TRUCKS MODEL MISSING,1,W01001386,0,4
2024461474921,2024,461474921,2,21,4,-1,4,7,3,-1,6,0,0,0,1,0,1,1,-1,6,1,57,9,12902,2,3,DAF TRUCKS MODEL MISSING,2,E01024214,0,4
2024991524163,2024,991524163,2,90,0,-1,3,6,2,-1,0,0,0,0,0,0,2,1,-1,1,1,40,7,-1,-1,-1,DAF TRUCKS MODEL MISSING,8,-1,0,4
2024421434458,2024,421434458,3,21,0,-1,2,0,0,-1,0,0,0,0,0,0,1,1,-1,6,-1,-1,-1,4500,2,7,DAF TRUCKS MODEL MISSING,-1,-1,0,-1
2024211468757,2024,211468757,3,21,0,-1,2,2,6,-1,0,0,0,0,0,0,2,1,-1,1,1,41,7,-1,-1,-1,DAF TRUCKS MODEL MISSING,5,E01028895,0,4
2024231524840,2024,231524840,1,21,1,-1,12,4,8,-1,0,0,0,0,0,0,4,9,-1,2,1,34,6,10837,2,3,DAF TRUCKS MODEL MISSING,3,E01025866,0,4
2024440180604,2024,440180604,1,20,0,18,19,8,4,0,0,1,0,0,0,0,4,1,6,6,3,-1,-1,6700,2,3,DAF TRUCKS MODEL MISSING,-1,-1,0,-1
2024302400623,2024,302400623,1,21,1,11,11,5,1,0,0,0,0,0,0,0,4,1,1,1,3,-1,-1,12902,2,2,DAF TRUCKS MODEL MISSING,5,E01014239,0,4
2024631507688,2024,631507688,1,21,4,-1,1,6,4,-1,0,8,0,0,0,0,0,1,-1,9,1,61,9,6700,2,6,DAF TRUCKS MODEL MISSING,9,W01000441,0,4
2024122400630,2024,122400630,2,21,0,3,3,1,5,0,0,0,0,0,0,0,3,1,1,1,2,48,8,12902,2,1,DAF TRUCKS MODEL MISSING,9,E01011844,0,3
2024501520762,2024,501520762,1,21,1,-1,19,3,7,-1,0,0,0,4,0,0,1,1,-1,1,1,51,8,12902,2,2,DAF TRUCKS MODEL MISSING,4,E01019007,0,4
2024221443347,2024,221443347,1,20,0,-1,1,3,7,-1,0,0,0,0,0,0,2,1,-1,1,1,51,8,6692,2,12,DAF TRUCKS MODEL MISSING,5,E01009888,0,2
2024471455982,2024,471455982,2,3,0,-1,19,8,4,-1,0,0,2,0,7,9,4,1,-1,2,1,25,5,125,1,3,HUSQVARNA SVARTPILEN,9,E01031380,0,1
2024501511419,2024,501511419,2,3,0,-1,19,1,5,-1,0,8,2,0,0,0,2,1,-1,9,1,17,4,125,1,2,HUSQVARNA SVARTPILEN,7,E01015165,0,1
2024061488986,2024,061488986,1,3,9,-1,19,-1,-1,-1,0,8,0,0,0,0,9,1,-1,9,1,18,4,124,1,8,KEEWAY RKV 125,1,E01005190,0,1
2024031462605,2024,031462605,1,21,0,-1,9,3,8,-1,0,2,0,0,0,0,4,1,-1,1,1,55,8,12809,2,1,MERCEDES MODEL MISSING,1,E01010702,0,4
2024010531473,2024,010531473,2,20,0,4,4,3,7,0,0,1,0,0,0,0,2,1,1,1,1,55,8,7698,2,1,MERCEDES MODEL MISSING,3,E01003193,0,2
2024061458230,2024,061458230,1,21,1,-1,19,3,7,-1,6,1,0,0,0,0,1,1,-1,1,1,43,7,12809,2,7,MERCEDES MODEL MISSING,3,E01005469,0,1
2024061471155,2024,061471155,1,11,0,-1,19,7,3,-1,0,1,0,0,0,0,0,1,-1,1,3,-1,-1,6370,2,14,MERCEDES MODEL MISSING,-1,-1,0,-1
2024041406312,2024,041406312,2,21,0,-1,19,1,5,-1,0,0,0,0,0,0,2,1,-1,1,1,33,6,12809,2,7,MERCEDES MODEL MISSING,5,E01033799,0,2
2024340WN4552,2024,340WN4552,3,21,0,-1,4,5,1,-1,0,0,0,0,0,0,2,1,-1,1,1,39,7,12809,2,4,MERCEDES MODEL MISSING,6,E01023751,0,4
2024010512506,2024,010512506,2,90,9,99,99,9,9,99,99,9,9,99,9,99,1,9,6,6,3,-1,-1,-1,-1,-1,MERCEDES MODEL MISSING,-1,-1,0,-1
2024543356724,2024,543356724,2,20,1,18,19,1,5,0,0,0,0,0,0,0,1,1,6,6,1,72,10,-1,-1,-1,MERCEDES MODEL MISSING,7,E01016348,0,4
2024340WN4552,2024,340WN4552,4,21,0,-1,19,5,1,-1,0,0,0,0,0,0,1,1,-1,1,1,57,9,12809,2,1,MERCEDES MODEL MISSING,9,E01027286,0,3
2024302401078,2024,302401078,1,21,1,18,19,5,1,0,0,8,0,0,0,0,4,1,1,1,1,54,8,12809,2,2,MERCEDES MODEL MISSING,2,E01007627,0,4
2024451432024,2024,451432024,2,21,0,-1,19,3,7,-1,0,0,0,0,0,0,2,1,-1,1,1,39,7,12809,2,7,MERCEDES MODEL MISSING,3,E01024392,0,4
2024070797262,2024,070797262,2,21,0,-1,19,7,7,-1,0,1,0,0,0,0,1,1,-1,1,1,65,9,-1,-1,-1,MERCEDES MODEL MISSING,1,E01018522,0,1
2024991467598,2024,991467598,1,21,0,-1,9,4,1,-1,0,0,0,0,0,0,1,1,-1,1,1,55,8,12809,2,2,MERCEDES MODEL MISSING,4,-1,0,5
2024302401187,2024,302401187,1,21,1,12,12,5,1,0,0,0,0,0,0,0,3,1,6,6,3,-1,-1,12809,2,8,MERCEDES MODEL MISSING,5,E01019456,0,4
2024461493716,2024,461493716,1,21,1,-1,11,3,7,-1,0,0,0,0,0,0,1,1,-1,1,1,41,7,12809,2,3,MERCEDES MODEL MISSING,2,E01029450,0,5
2024340WN4552,2024,340WN4552,1,21,0,-1,19,5,1,-1,0,0,0,0,0,0,1,1,-1,1,1,65,9,12809,2,9,MERCEDES MODEL MISSING,7,E01011243,0,5
2024552400846,2024,552400846,1,9,0,18,19,8,4,0,0,0,0,4,0,0,1,1,6,6,1,77,11,2494,2,15,TOYOTA HILUX,3,E01020543,0,2
2024031499045,2024,031499045,1,9,0,-1,19,3,7,-1,0,0,0,0,1,0,1,1,-1,9,1,58,9,2982,2,15,TOYOTA HILUX,6,E01019381,0,1
2024461414000,2024,461414000,1,9,0,-1,19,6,2,-1,0,0,5,0,1,0,1,1,-1,9,1,17,4,2494,2,9,TOYOTA HILUX,7,E01035328,0,4
2024531499026,2024,531499026,1,9,0,-1,9,8,6,-1,0,5,0,0,0,0,1,9,-1,6,1,69,10,2393,2,4,TOYOTA HILUX,5,E01032294,0,4
2024302401375,2024,302401375,1,9,0,9,9,6,4,0,0,6,0,0,0,0,3,1,6,6,2,44,7,2393,2,6,TOYOTA HILUX,5,E01013509,0,1
2024471515194,2024,471515194,2,19,0,-1,19,7,3,-1,0,0,0,2,0,0,1,1,-1,1,1,58,9,1310,1,9,MAKE AND MODEL REDACTED,8,E01031780,0,3
2024010537709,2024,010537709,1,9,0,9,9,1,6,0,0,1,0,0,0,0,3,1,6,6,2,30,6,1498,1,7,FORD KUGA,5,E01004096,0,1
2024041424487,2024,041424487,1,9,0,-1,7,4,6,-1,0,8,0,0,0,0,3,1,-1,6,1,66,10,2488,8,2,FORD KUGA,4,E01025360,0,1
2024461496010,2024,461496010,3,9,0,-1,19,7,7,-1,0,0,0,0,0,0,3,1,-1,9,2,58,9,1499,2,2,FORD KUGA,10,E01024348,0,4
2024161508208,2024,161508208,2,9,0,-1,9,4,2,-1,0,8,0,0,0,0,4,1,-1,9,2,40,7,1498,1,5,FORD KUGA,3,E01034752,0,1
2024421494524,2024,421494524,1,9,0,-1,19,2,6,-1,0,0,0,0,5,6,1,1,-1,9,1,64,9,2488,8,2,FORD KUGA,3,E01002264,0,4
2024161463288,2024,161463288,2,9,0,-1,19,3,7,-1,0,0,0,0,0,0,2,1,-1,1,1,37,7,1997,2,9,FORD KUGA,5,E01012824,0,3
2024361414657,2024,361414657,2,9,0,-1,4,7,3,-1,0,0,0,0,0,0,2,1,-1,9,2,42,7,1496,1,1,FORD KUGA,4,E01026713,0,2
2024622400211,2024,622400211,2,9,0,5,5,8,3,0,0,0,0,0,0,0,1,1,6,6,1,55,8,1997,2,11,FORD KUGA,2,W01001275,0,1
2024451487038,2024,451487038,2,9,0,-1,19,5,1,-1,0,0,0,2,0,0,2,1,-1,2,2,36,7,1997,2,8,FORD KUGA,9,E01024275,0,4
2024061447980,2024,061447980,1,9,0,-1,19,5,1,-1,0,7,0,0,0,0,0,2,-1,6,3,74,10,1997,2,9,FORD KUGA,-1,-1,0,-1
2024622400520,2024,622400520,2,9,0,18,19,3,7,0,0,0,0,0,0,0,1,1,6,6,1,66,10,1997,2,5,FORD KUGA,3,W01001289,0,3
2024131479608,2024,131479608,1,9,0,-1,19,5,1,-1,0,0,0,0,0,0,1,1,-1,9,1,62,9,1499,2,6,FORD KUGA,2,E01006451,0,4
2024122400753,2024,122400753,2,9,0,5,5,1,2,0,0,0,0,0,0,0,1,1,6,6,1,78,11,1498,1,5,FORD KUGA,10,E01027698,0,1
2024052400899,2024,052400899,1,9,0,4,4,7,3,0,0,0,0,0,0,0,1,1,6,6,2,74,10,1498,1,7,FORD KUGA,3,E01006681,0,2
2024010541116,2024,010541116,2,90,9,5,5,9,9,99,99,0,9,99,9,99,1,9,6,6,1,34,6,6690,2,5,MAKE AND MODEL REDACTED,4,E01031652,0,4
2024451399994,2024,451399994,1,5,0,-1,5,3,7,-1,0,1,2,0,0,0,1,1,-1,1,1,31,6,806,1,8,KAWASAKI ZR,9,E01030322,0,2
2024361437098,2024,361437098,2,5,0,-1,3,3,1,-1,0,0,0,0,0,0,2,1,-1,6,1,65,9,948,1,5,KAWASAKI ZR,-1,-1,0,-1
2024141507723,2024,141507723,3,9,0,-1,19,7,3,-1,0,2,0,10,0,0,2,1,-1,2,1,56,9,1998,1,1,MINI CLUBMAN,8,E01007612,0,3
2024451523772,2024,451523772,2,9,0,-1,19,3,7,-1,0,0,0,0,1,7,1,1,-1,6,1,53,8,1499,1,5,MINI CLUBMAN,7,E01015585,0,4
2024451422601,2024,451422601,1,9,0,-1,19,7,3,-1,0,0,0,0,0,0,3,1,-1,6,1,18,4,1422,1,18,VOLKSWAGEN POLO,7,E01031603,0,4
2024461479240,2024,461479240,5,9,0,-1,3,7,3,-1,0,1,0,0,0,0,2,1,-1,6,1,56,9,1598,1,23,VOLKSWAGEN POLO,8,E01001390,0,5
2024471488286,2024,471488286,2,9,0,-1,3,3,7,-1,0,0,0,0,0,0,2,1,-1,9,1,58,9,1197,1,10,VOLKSWAGEN POLO,9,E01021161,0,3
2024010513925,2024,010513925,1,9,0,99,99,9,9,99,99,9,9,99,9,99,2,9,6,6,2,22,5,1198,1,13,VOLKSWAGEN POLO,3,E01003229,0,1
2024461451045,2024,461451045,1,9,0,-1,19,7,3,-1,0,0,0,2,0,0,4,1,-1,9,1,18,4,1197,1,8,VOLKSWAGEN POLO,10,E01021545,0,4
2024010529544,2024,010529544,2,9,0,18,19,7,3,0,0,0,0,0,0,0,3,1,6,6,1,26,6,1198,1,13,VOLKSWAGEN POLO,4,E01003637,0,1
2024461407212,2024,461407212,1,9,0,-1,19,8,2,-1,0,0,0,0,0,0,1,1,-1,9,1,28,6,999,1,10,VOLKSWAGEN POLO,7,E01024553,0,3
2024131427613,2024,131427613,1,9,0,-1,19,1,1,-1,0,2,0,0,0,0,1,1,-1,6,1,40,7,1380,1,15,VOLKSWAGEN POLO,6,E01010969,0,1
2024201433449,2024,201433449,1,9,0,-1,5,6,8,-1,0,4,0,0,0,0,1,9,-1,2,2,22,5,999,1,5,VOLKSWAGEN POLO,2,E01032538,0,2
2024302401313,2024,302401313,1,9,0,18,19,1,5,0,0,0,0,0,0,0,1,1,6,6,1,20,4,1390,1,11,VOLKSWAGEN POLO,-1,-1,0,-1
2024501522950,2024,501522950,3,9,0,-1,19,3,7,-1,0,0,0,0,0,0,2,1,-1,6,1,17,4,1390,1,13,VOLKSWAGEN POLO,8,E01015034,0,1
2024991409977,2024,991409977,1,9,0,-1,9,2,7,-1,0,1,0,0,0,0,4,1,-1,6,2,61,9,999,1,4,VOLKSWAGEN POLO,10,-1,0,1
2024131468042,2024,131468042,2,9,0,-1,19,1,5,-1,0,0,0,0,0,0,1,1,-1,1,2,21,5,1390,1,12,VOLKSWAGEN POLO,1,E01010739,0,3
2024552400438,2024,552400438,2,9,0,4,4,4,8,0,0,0,0,0,0,0,2,1,6,6,1,21,5,1390,1,10,VOLKSWAGEN POLO,6,E01035453,0,4
2024451499856,2024,451499856,1,9,0,-1,9,3,1,-1,0,8,0,0,1,2,3,1,-1,9,2,26,6,1198,1,14,VOLKSWAGEN POLO,3,E01023145,0,2
2024451431679,2024,451431679,2,9,0,-1,19,5,1,-1,0,0,0,2,0,0,1,1,-1,9,2,21,5,1197,1,7,VOLKSWAGEN POLO,5,E01015617,0,5
2024010506666,2024,010506666,2,9,0,99,99,9,9,99,99,2,9,99,9,99,9,9,6,6,3,-1,-1,1390,1,14,VOLKSWAGEN POLO,-1,-1,0,-1
2024041485785,2024,041485785,3,9,0,-1,4,1,5,-1,0,0,0,0,0,0,2,1,-1,9,1,29,6,1197,1,8,VOLKSWAGEN POLO,1,-1,0,5
2024471416303,2024,471416303,1,9,0,-1,5,3,6,-1,0,3,0,0,0,0,1,1,-1,9,1,54,8,1197,1,9,VOLKSWAGEN POLO,2,E01021037,0,1
2024211492675,2024,211492675,2,9,0,-1,4,8,4,-1,0,0,0,0,0,0,2,1,-1,6,2,28,6,999,1,7,VOLKSWAGEN POLO,7,E01000924,0,5
2024061405390,2024,061405390,4,9,0,-1,19,5,1,-1,0,0,0,0,0,0,1,1,-1,6,1,22,5,1422,2,18,VOLKSWAGEN POLO,6,E01025351,0,4
2024430326604,2024,430326604,2,9,0,9,9,3,1,0,0,6,1,0,7,0,4,1,6,6,3,28,6,1197,1,7,VOLKSWAGEN POLO,-1,-1,0,-1
2024052401559,2024,052401559,2,9,0,3,3,4,8,0,0,1,0,0,0,0,2,1,6,6,2,25,5,1198,1,14,VOLKSWAGEN POLO,7,E01006795,0,1
2024471469377,2024,471469377,1,9,0,-1,19,5,1,-1,0,0,0,0,0,0,2,1,-1,2,2,47,8,999,1,3,VOLKSWAGEN POLO,10,E01031681,0,3
2024101500828,2024,101500828,1,9,0,-1,19,3,7,-1,0,0,0,0,0,0,1,1,-1,9,2,22,5,1197,1,8,VOLKSWAGEN POLO,5,E01008224,0,1
2024520402749,2024,520402749,1,9,0,4,4,6,2,0,0,2,1,0,1,4,1,1,6,6,2,30,6,1242,1,16,FIAT PANDA,6,E01020074,0,1
2024991472461,2024,991472461,1,9,0,-1,9,5,3,-1,0,8,0,0,0,0,4,1,-1,6,2,73,10,1242,1,13,FIAT PANDA,7,-1,0,1
2024131449066,2024,131449066,2,9,0,-1,19,7,3,-1,0,1,0,0,0,0,3,1,-1,9,1,76,11,1242,1,10,FIAT PANDA,4,E01010982,0,1
2024543736224,2024,543736224,1,9,0,7,7,1,3,0,0,1,0,0,0,0,1,1,6,6,2,38,7,1998,1,14,KIA CARENS,5,E01032056,0,1
2024010530251,2024,010530251,2,8,0,99,99,9,9,99,99,9,9,99,9,99,9,9,6,6,3,26,6,-1,3,1,VOLKSWAGEN ID3,3,E01001488,0,3
2024351422325,2024,351422325,1,9,0,-1,5,-1,-1,-1,0,1,0,0,0,0,1,9,-1,6,3,-1,-1,2997,2,2,LAND ROVER DEFENDER,-1,-1,0,-1
2024991528480,2024,991528480,2,9,0,-1,5,3,7,-1,0,8,0,0,0,0,1,1,-1,1,1,35,6,1999,2,4,LAND ROVER DEFENDER,1,-1,0,1
2024631481379,2024,631481379,1,19,0,-1,19,7,3,-1,0,1,1,0,0,0,1,1,-1,1,1,53,8,1968,2,4,MAN TGE,2,W01000960,0,4
2024461400562,2024,461400562,1,9,0,-1,19,5,3,-1,0,0,1,0,1,11,1,1,-1,9,2,47,8,2925,2,5,MERCEDES CLS CLASS,7,E01024073,0,4
2024471486681,2024,471486681,2,9,0,-1,3,3,7,-1,0,8,0,0,0,0,4,1,-1,6,2,69,10,1200,1,10,PEUGEOT 2008,7,E01016916,0,2
2024411490018,2024,411490018,1,9,0,-1,3,4,8,-1,0,0,0,0,0,0,2,1,-1,9,1,68,10,1200,1,6,PEUGEOT 2008,4,E01023864,0,1
2024231506337,2024,231506337,2,9,0,-1,3,6,2,-1,0,0,0,0,0,0,2,1,-1,6,2,54,8,1200,1,5,PEUGEOT 2008,5,E01025818,0,1
2024161415212,2024,161415212,1,9,0,-1,19,4,8,-1,0,0,0,0,1,6,1,1,-1,6,2,40,7,1560,2,9,PEUGEOT 2008,7,E01013228,0,4
2024531502272,2024,531502272,1,9,0,-1,19,7,2,-1,0,4,0,11,0,0,1,1,-1,9,2,62,9,1200,1,4,PEUGEOT 2008,7,E01034784,0,4
2024231452805,2024,231452805,2,9,0,-1,9,5,4,-1,0,8,0,0,0,0,4,1,-1,2,2,31,6,1200,1,3,PEUGEOT 2008,8,E01031019,0,1
2024161434158,2024,161434158,2,9,0,-1,4,7,3,-1,0,0,1,0,0,0,2,1,-1,6,2,36,7,1199,1,1,PEUGEOT 2008,1,E01035473,0,1
2024201421382,2024,201421382,2,9,0,-1,3,4,8,-1,0,0,0,4,0,0,3,1,-1,6,1,67,10,1560,2,8,PEUGEOT 2008,8,E01029858,0,3
2024010541739,2024,010541739,1,5,0,99,99,9,9,99,99,9,9,99,9,99,9,1,2,2,1,22,5,656,1,13,SUZUKI GSX 650,7,E01001457,0,1
2024501490361,2024,501490361,1,9,0,-1,5,5,3,-1,0,0,0,0,0,0,1,9,-1,9,2,26,6,998,1,8,TOYOTA AYGO,4,E01020041,0,1
2024461430691,2024,461430691,2,9,0,-1,4,6,3,-1,0,0,0,0,0,0,2,9,-1,2,2,22,5,998,1,9,TOYOTA AYGO,9,E01032655,0,2
2024471404573,2024,471404573,1,9,0,-1,19,6,2,-1,0,1,0,99,0,0,1,1,-1,9,2,24,5,998,1,8,TOYOTA AYGO,4,E01020935,0,3
2024010529861,2024,010529861,2,9,0,18,19,7,3,0,0,1,0,0,0,0,3,1,6,6,2,72,10,998,1,7,TOYOTA AYGO,9,E01002191,0,1
2024070387038,2024,070387038,2,9,0,12,12,6,2,0,0,0,1,0,4,6,2,1,6,6,2,36,7,998,1,11,TOYOTA AYGO,1,E01034122,0,4
2024010540792,2024,010540792,2,9,0,99,99,9,9,99,99,0,9,99,9,99,1,9,6,6,3,25,5,998,1,11,TOYOTA AYGO,10,E01002387,0,1
2024161414745,2024,161414745,1,9,0,-1,19,2,6,-1,0,0,1,0,1,9,2,1,-1,6,2,41,7,998,1,8,TOYOTA AYGO,9,E01007624,0,4
2024351469098,2024,351469098,1,9,0,-1,19,1,5,-1,0,0,0,0,0,0,1,1,-1,6,2,44,7,1498,1,1,AUDI Q2,4,E01015613,0,3
2024451520972,2024,451520972,1,9,0,-1,19,3,7,-1,0,0,0,0,0,0,1,1,-1,6,2,74,10,1395,1,8,AUDI Q2,9,E01030987,0,3
2024010517659,2024,010517659,2,9,0,4,4,7,3,0,0,0,0,0,0,0,0,1,6,6,1,35,6,1598,2,6,AUDI Q2,7,E01001341,0,1
2024471517906,2024,471517906,1,9,0,-1,9,2,1,-1,0,2,0,0,0,0,3,1,-1,9,2,51,8,1498,1,0,AUDI Q2,8,E01021232,0,1
2024101525283,2024,101525283,4,9,0,-1,3,7,3,-1,0,1,0,0,0,0,2,1,-1,1,1,26,6,1498,1,5,AUDI Q2,6,E01019237,0,4
2024131414005,2024,131414005,2,9,0,-1,19,7,3,-1,0,0,0,0,0,0,1,1,-1,1,1,28,6,1998,1,2,BMW M1,6,E01011885,0,2
2024010540655,2024,010540655,1,9,0,99,99,9,9,0,0,0,9,99,9,99,2,9,6,6,1,23,5,1461,2,7,DACIA SANDERO,2,E01000084,0,3
2024461487819,2024,461487819,2,9,0,-1,19,7,3,-1,0,0,0,2,0,0,3,1,-1,9,2,29,6,999,1,1,DACIA SANDERO,2,E01032093,0,5
2024461496532,2024,461496532,2,9,0,-1,2,7,3,-1,0,0,0,0,0,0,3,9,-1,6,1,52,8,1461,2,7,DACIA SANDERO,7,E01024726,0,2
2024471497492,2024,471497492,1,9,0,-1,19,3,7,-1,0,0,0,0,0,0,1,1,-1,9,2,31,6,999,1,0,DACIA SANDERO,4,E01020918,0,3
2024461479240,2024,461479240,3,9,0,-1,3,7,3,-1,0,1,0,0,0,0,2,1,-1,6,1,42,7,898,1,5,DACIA SANDERO,6,E01024680,0,1
2024361405319,2024,361405319,1,3,0,-1,5,3,7,-1,0,2,0,0,0,0,0,1,-1,2,1,20,4,124,1,20,MAKE AND MODEL REDACTED,9,E01035145,0,2
2024050414472,2024,050414472,3,9,0,18,19,1,5,0,0,0,0,2,0,0,2,1,6,6,1,-1,-1,1999,2,6,JAGUAR E-PACE,-1,-1,0,-1
2024231427219,2024,231427219,1,4,0,-1,19,1,5,-1,0,0,0,0,0,0,1,1,-1,1,1,24,5,399,1,5,MAKE AND MODEL REDACTED,10,E01031110,0,2
2024461483262,2024,461483262,1,2,0,-1,7,5,8,-1,0,3,0,2,1,0,1,1,-1,2,1,36,7,125,1,3,MAKE AND MODEL REDACTED,3,E01024559,0,1
2024010546037,2024,010546037,1,9,0,2,2,0,0,9,9,2,0,0,0,0,3,1,6,6,3,-1,-1,1332,1,5,MERCEDES CLA CLASS,-1,-1,0,-1
2024061442676,2024,061442676,1,9,0,-1,5,7,3,-1,0,0,0,0,0,0,1,1,-1,9,2,31,6,1595,1,11,MERCEDES CLA CLASS,1,E01005729,0,1
2024010542405,2024,010542405,2,9,0,99,99,9,9,99,99,9,9,99,9,99,1,9,6,6,1,17,4,1332,1,3,MERCEDES CLA CLASS,3,E01002638,0,1
2024010516705,2024,010516705,2,9,0,99,99,9,9,99,99,9,9,99,9,99,2,9,6,6,3,-1,-1,1991,1,10,MERCEDES CLA CLASS,-1,-1,0,-1
2024351528696,2024,351528696,1,9,0,-1,19,1,5,-1,0,0,0,2,0,0,1,1,-1,6,1,40,7,1332,1,3,MERCEDES CLA CLASS,-1,-1,0,-1
2024010501247,2024,010501247,2,9,0,2,2,0,0,0,0,0,0,99,0,0,0,9,6,6,3,-1,-1,1332,1,1,MERCEDES CLA CLASS,-1,-1,0,-1
2024461496552,2024,461496552,1,9,0,-1,4,7,3,-1,0,0,0,0,0,0,0,9,-1,6,1,27,6,1332,1,5,MERCEDES CLA CLASS,6,E01001572,0,4
2024010524757,2024,010524757,1,4,0,18,19,6,2,0,0,2,2,0,0,0,1,1,2,2,1,32,6,330,1,1,HONDA ADV 350,6,E01000376,0,4
2024501410873,2024,501410873,2,5,0,-1,19,8,5,-1,0,8,0,0,0,0,1,1,-1,2,1,25,5,599,1,19,YAMAHA XT,6,E01020143,0,1
2024010535606,2024,010535606,2,5,0,18,19,5,1,0,0,1,5,0,0,0,1,1,6,6,1,35,6,659,1,19,YAMAHA XT,9,E01001379,0,3
2024471402313,2024,471402313,2,3,0,-1,19,8,4,-1,0,1,0,0,0,0,1,1,-1,9,1,17,4,124,1,18,HONDA XR,9,E01030821,0,2
2024371438592,2024,371438592,1,19,0,-1,19,3,7,-1,0,0,0,0,0,0,1,1,-1,1,1,50,8,2143,2,7,MERCEDES SPRINTER,1,E01009579,0,5
2024061503422,2024,061503422,2,19,0,-1,2,4,1,-1,0,8,0,0,0,0,3,1,-1,6,1,37,7,2143,2,4,MERCEDES SPRINTER,-1,-1,0,-1
2024010529724,2024,010529724,2,19,0,5,5,0,5,0,0,0,0,11,0,0,3,1,1,1,1,28,6,2143,2,5,MERCEDES SPRINTER,8,E01001538,0,2
2024991484851,2024,991484851,1,19,0,-1,19,3,6,-1,0,0,1,4,0,0,1,1,-1,1,1,38,7,1950,2,2,MERCEDES SPRINTER,4,-1,0,4
2024010514202,2024,010514202,2,19,0,18,19,1,5,0,0,8,0,0,0,0,1,1,1,1,1,38,7,2143,2,3,MERCEDES SPRINTER,4,E01002775,0,3
2024201441429,2024,201441429,2,19,0,-1,19,6,2,-1,0,0,0,0,0,0,3,1,-1,1,1,53,8,-1,-1,-1,MERCEDES SPRINTER,1,E01008896,0,2
2024061457860,2024,061457860,1,19,4,-1,2,-1,-1,-1,99,0,0,0,0,0,2,1,-1,6,3,-1,-1,1950,2,3,MERCEDES SPRINTER,-1,-1,0,-1
2024010543487,2024,010543487,2,20,0,7,7,2,5,0,0,0,5,0,0,0,4,1,1,1,1,53,8,1950,2,2,MERCEDES SPRINTER,7,E01000169,0,3
2024070205369,2024,070205369,2,20,0,4,4,4,8,0,0,1,0,2,0,0,2,1,1,1,1,28,6,-1,-1,-1,MERCEDES SPRINTER,-1,-1,0,-1
2024991524163,2024,991524163,1,19,0,-1,4,6,2,-1,0,0,0,0,0,0,1,1,-1,1,1,25,5,1950,2,0,MERCEDES SPRINTER,1,E01013885,0,5
2024421475539,2024,421475539,2,19,0,-1,3,1,5,-1,0,0,0,0,0,0,2,1,-1,6,1,26,6,2148,2,17,MERCEDES SPRINTER,4,E01021839,0,1
2024311548088,2024,311548088,2,20,0,-1,4,4,8,-1,0,0,0,0,0,0,1,1,-1,1,1,19,4,2143,2,3,MERCEDES SPRINTER,-1,-1,0,-1
2024340WN0952,2024,340WN0952,2,19,0,-1,4,4,8,-1,0,0,0,0,0,0,2,1,-1,1,1,32,6,2143,2,2,MERCEDES SPRINTER,1,E01009297,0,4
2024010535461,2024,010535461,2,20,0,18,19,1,5,0,0,0,0,0,0,0,2,1,1,1,1,56,9,-1,-1,-1,MERCEDES SPRINTER,6,E01023388,0,4
2024201544799,2024,201544799,2,19,0,-1,7,8,4,-1,0,0,0,0,0,0,1,1,-1,1,1,31,6,2143,2,8,MERCEDES SPRINTER,2,E01010310,0,2
2024070478232,2024,070478232,1,19,0,5,5,8,3,7,6,0,0,2,0,0,1,1,1,1,1,-1,-1,2143,2,3,MERCEDES SPRINTER,7,E01033016,0,5
2024401435007,2024,401435007,1,20,0,-1,19,4,8,-1,0,0,0,0,0,0,1,1,-1,6,1,60,9,-1,-1,-1,MERCEDES SPRINTER,-1,-1,0,-1
2024141420278,2024,141420278,1,19,0,-1,19,1,5,-1,0,1,0,0,0,0,1,1,-1,1,1,38,7,2143,2,5,MERCEDES SPRINTER,2,E01007633,0,1
2024010501990,2024,010501990,1,19,0,7,7,3,5,0,0,8,0,0,0,0,4,1,1,1,1,20,4,2143,2,3,MERCEDES SPRINTER,3,E01033935,0,1
2024141420699,2024,141420699,1,19,0,-1,15,6,2,-1,0,0,0,0,0,0,3,1,-1,6,1,55,8,1950,2,3,MERCEDES SPRINTER,7,E01019770,0,3
2024552400642,2024,552400642,2,19,0,4,4,6,2,0,0,0,0,0,0,0,1,1,1,1,1,57,9,2143,2,11,MERCEDES SPRINTER,9,E01020409,0,3
2024031531261,2024,031531261,1,20,0,-1,19,3,7,-1,0,0,0,4,0,0,1,1,-1,1,1,23,5,-1,-1,-1,MERCEDES SPRINTER,3,E01010050,0,5
2024461479240,2024,461479240,6,19,0,-1,3,7,3,-1,0,2,0,0,0,0,2,1,-1,6,1,69,10,1950,2,2,MERCEDES SPRINTER,5,E01024704,0,2
2024010508424,2024,010508424,1,19,0,13,13,7,3,0,0,0,0,0,0,0,3,1,6,6,3,-1,-1,2143,2,3,MERCEDES SPRINTER,-1,-1,0,-1
2024311472626,2024,311472626,2,19,0,-1,9,6,3,-1,0,1,0,0,0,0,1,1,-1,1,1,57,9,2143,2,5,MERCEDES SPRINTER,-1,-1,0,-1
2024501515044,2024,501515044,1,19,0,-1,2,0,0,-1,0,0,0,0,0,0,2,1,-1,6,-1,-1,-1,2143,2,4,MERCEDES SPRINTER,-1,-1,0,-1
2024141421541,2024,141421541,2,19,0,-1,19,1,5,-1,0,0,0,0,0,0,2,1,-1,1,1,29,6,2143,2,8,MERCEDES SPRINTER,7,E01031204,0,5
2024141405064,2024,141405064,2,19,0,-1,2,0,0,-1,0,0,0,0,0,0,3,1,-1,1,1,38,7,2143,2,3,MERCEDES SPRINTER,3,E01007479,0,2
2024010535461,2024,010535461,1,19,0,11,11,1,5,0,0,0,0,0,0,0,1,1,6,6,1,55,8,2143,2,7,MERCEDES SPRINTER,8,E01000320,0,3
2024010511885,2024,010511885,2,19,0,5,5,7,3,0,0,0,0,0,0,0,3,1,1,1,1,38,7,2143,2,5,MERCEDES SPRINTER,6,E01024346,0,4
2024451468245,2024,451468245,1,10,0,-1,4,2,6,-1,0,0,0,0,0,0,2,1,-1,1,1,53,8,2143,2,14,MERCEDES SPRINTER,9,E01004079,0,4
2024421502156,2024,421502156,2,19,0,-1,2,0,0,-1,6,8,0,0,0,0,2,1,-1,6,-1,-1,-1,1950,2,2,MERCEDES SPRINTER,-1,-1,0,-1
2024122400247,2024,122400247,2,19,0,18,19,3,7,0,0,0,0,0,0,0,1,1,1,1,1,50,8,2143,2,6,MERCEDES SPRINTER,4,E01005820,0,4
2024522500114,2024,522500114,5,19,0,3,3,7,3,0,0,0,0,0,0,0,3,1,6,6,1,22,5,1499,2,4,VAUXHALL VIVARO,8,E01014854,0,3
2024351537278,2024,351537278,1,19,0,-1,19,-1,-1,-1,0,0,1,2,1,0,1,1,-1,9,1,40,7,1598,2,7,VAUXHALL VIVARO,4,E01026280,0,2
2024010527981,2024,010527981,2,19,0,99,99,9,9,99,99,0,9,99,9,99,2,9,6,6,3,58,9,1997,2,1,VAUXHALL VIVARO,3,E01004044,0,1
2024991525214,2024,991525214,1,19,0,-1,19,3,7,-1,0,0,0,0,0,0,1,1,-1,2,1,24,5,1997,2,1,VAUXHALL VIVARO,1,-1,0,1
2024622400520,2024,622400520,1,19,0,18,19,7,3,0,0,0,0,0,0,0,1,1,1,1,1,25,5,1995,2,15,VAUXHALL VIVARO,4,E01010015,0,5
2024991458542,2024,991458542,1,20,0,-1,12,3,7,-1,0,0,0,0,0,0,1,1,-1,6,1,26,6,-1,-1,-1,VAUXHALL VIVARO,6,-1,0,1
2024070976470,2024,070976470,2,9,0,-1,3,1,5,-1,0,0,0,0,0,0,2,1,-1,6,1,68,10,1498,8,2,HONDA HR-V,8,E01035389,0,2
2024010539837,2024,010539837,1,3,0,14,14,1,5,0,0,2,0,0,0,0,1,1,1,1,1,31,6,125,1,5,HONDA WW125,4,E01003530,0,1
2024010532670,2024,010532670,1,3,0,14,14,7,3,0,0,1,2,0,0,0,1,1,2,2,1,47,8,125,1,13,HONDA WW125,4,E01030400,0,1
2024010519040,2024,010519040,1,3,0,18,19,1,5,0,0,1,0,0,0,0,1,1,6,6,1,24,5,125,1,4,HONDA WW125,-1,-1,0,-1
2024361415599,2024,361415599,2,3,0,-1,19,4,8,-1,0,1,0,0,0,0,1,1,-1,2,2,19,4,125,1,2,HONDA WW125,9,E01026448,0,4
2024010540768,2024,010540768,1,3,0,18,19,3,7,0,0,1,0,0,0,0,1,1,1,1,1,33,6,125,1,0,HONDA WW125,5,E01000591,0,2
2024010549540,2024,010549540,1,3,0,18,19,5,1,0,0,1,0,0,0,0,3,1,1,1,1,35,6,125,1,2,HONDA WW125,-1,-1,0,-1
2024471453738,2024,471453738,1,3,9,-1,9,7,5,-1,0,1,0,0,0,0,9,1,-1,1,1,44,7,125,1,2,HONDA WW125,6,E01016887,0,1
2024010501247,2024,010501247,1,3,0,99,99,9,9,99,99,0,9,8,9,99,9,1,6,6,1,30,6,125,1,2,HONDA WW125,2,E01001161,0,1
2024010541116,2024,010541116,1,3,0,3,3,9,9,99,99,0,9,99,9,99,2,1,6,6,1,41,7,125,1,1,HONDA WW125,4,E01002446,0,3
2024010540594,2024,010540594,1,3,0,99,99,9,9,99,99,9,9,99,9,99,9,1,6,6,1,26,6,125,1,13,HONDA WW125,4,E01003608,0,1
2024010523353,2024,010523353,2,3,0,99,99,9,9,99,99,9,9,99,9,99,9,1,6,6,1,28,6,125,1,0,HONDA WW125,6,E01001964,0,1
2024010542589,2024,010542589,1,3,0,5,5,7,3,0,0,0,5,0,0,0,4,1,1,1,1,29,6,125,1,3,HONDA WW125,-1,-1,0,-1
2024010540792,2024,010540792,1,3,0,99,99,9,9,99,99,0,9,99,9,99,2,1,6,6,2,42,7,125,1,4,HONDA WW125,9,E01002259,0,1
2024010528129,2024,010528129,2,3,0,99,99,9,9,99,99,9,9,99,9,99,1,1,6,6,1,-1,-1,125,1,3,HONDA WW125,4,E01003150,0,3
2024010536905,2024,010536905,2,3,0,18,19,1,5,0,0,1,0,0,0,0,1,1,6,6,1,21,5,125,1,8,HONDA WW125,2,E01004524,0,1
2024010518860,2024,010518860,1,3,0,4,4,1,5,0,0,1,0,0,0,0,3,1,6,6,1,26,6,125,1,2,HONDA WW125,2,E01001558,0,1
2024010506666,2024,010506666,1,3,0,99,99,9,9,99,99,1,9,8,9,99,1,1,1,1,1,24,5,125,1,2,HONDA WW125,3,E01002401,0,3
2024010547934,2024,010547934,2,3,0,18,19,3,7,0,0,0,0,0,0,0,3,1,1,1,1,30,6,125,1,3,HONDA WW125,4,E01003565,0,1
2024010516691,2024,010516691,1,3,0,99,99,9,9,99,99,0,9,99,9,99,9,1,1,1,1,26,6,125,1,4,HONDA WW125,9,E01000455,0,1
2024461451717,2024,461451717,1,5,0,-1,19,3,4,-1,0,1,1,0,0,0,1,1,-1,9,1,43,7,889,1,2,MAKE AND MODEL REDACTED,10,E01032827,0,4
2024010520760,2024,010520760,1,9,0,18,19,2,6,0,0,6,0,11,0,0,1,1,6,6,1,23,5,2999,8,3,MERCEDES S CLASS,-1,-1,0,-1
2024991425929,2024,991425929,1,9,0,-1,19,6,2,-1,0,1,0,0,0,0,1,1,-1,6,1,51,8,1560,2,10,PEUGEOT 3008,3,-1,0,2
2024010546037,2024,010546037,2,9,0,18,19,5,1,0,0,2,0,0,0,0,1,1,6,6,1,41,7,1560,2,7,PEUGEOT 3008,6,E01001498,0,1
2024131397838,2024,131397838,1,9,0,-1,9,5,3,-1,0,1,0,0,0,0,1,1,-1,2,2,29,6,1560,2,7,PEUGEOT 3008,9,E01010642,0,1
2024131403253,2024,131403253,2,9,0,-1,19,7,3,-1,0,8,0,0,0,0,1,1,-1,1,1,43,7,1200,1,7,PEUGEOT 3008,1,E01033697,0,1
2024010508023,2024,010508023,2,9,0,99,99,9,9,99,99,9,9,99,9,99,2,9,6,6,3,-1,-1,1199,8,0,PEUGEOT 3008,4,E01002647,0,1
2024041399618,2024,041399618,2,9,0,-1,19,1,5,-1,0,8,0,0,0,0,3,1,-1,9,1,37,7,1200,1,4,PEUGEOT 3008,8,E01034347,0,1
2024451477995,2024,451477995,2,9,0,-1,-1,-1,-1,-1,-1,1,-1,-1,-1,0,-1,9,-1,6,3,45,7,1560,2,12,PEUGEOT 3008,3,E01002610,0,2
2024451439501,2024,451439501,1,9,0,-1,19,4,8,-1,0,0,0,0,2,7,1,1,-1,9,2,37,7,1560,2,10,PEUGEOT 3008,4,E01030400,0,3
2024302401078,2024,302401078,2,9,0,18,19,5,1,0,0,7,0,0,0,0,3,1,2,2,1,44,7,2998,1,3,BMW 8 SERIES,10,E01011270,0,4
2024340WN0962,2024,340WN0962,2,4,0,-1,19,1,5,-1,0,1,0,0,0,0,1,1,-1,6,1,19,4,124,1,1,LEXMOTO ZSB,5,E01027302,0,2
202454D473024,2024,54D473024,2,5,0,13,13,3,7,0,0,1,0,0,0,0,1,1,6,6,1,31,6,599,1,25,YAMAHA FZS,8,E01032038,0,1
2024471456951,2024,471456951,1,5,0,-1,19,7,3,-1,0,0,0,0,0,0,4,1,-1,2,2,20,4,599,1,21,YAMAHA FZS,6,E01031345,0,2
2024991421963,2024,991421963,1,9,0,-1,1,7,3,-1,0,1,0,0,0,0,2,2,-1,6,1,18,4,2993,2,8,BMW X4,-1,-1,0,-1
2024411565809,2024,411565809,1,19,0,-1,1,3,5,-1,0,1,0,0,0,0,2,1,-1,1,1,56,9,2298,2,4,NISSAN NV400,5,E01021494,0,4
2024231516672,2024,231516672,1,5,0,-1,19,6,2,-1,0,0,0,0,0,0,1,1,-1,6,1,61,9,1050,1,14,TRIUMPH TIGER,6,E01031322,0,2
2024031459122,2024,031459122,1,5,0,-1,19,6,1,-1,0,1,0,0,0,0,1,1,-1,6,1,52,8,800,1,11,TRIUMPH TIGER,9,E01008620,0,4
2024451412637,2024,451412637,1,5,0,-1,19,1,5,-1,0,4,1,0,0,0,4,1,-1,2,1,58,9,1215,1,8,TRIUMPH TIGER,4,E01023146,0,4
2024991479768,2024,991479768,1,5,0,-1,19,5,8,-1,0,2,0,0,0,0,1,1,-1,9,1,63,9,888,1,3,TRIUMPH TIGER,-1,-1,0,-1
2024522401317,2024,522401317,2,9,0,9,9,1,7,0,0,6,0,0,0,0,3,1,6,6,1,24,5,1984,1,10,MAKE AND MODEL REDACTED,3,E01014673,0,1
2024131508858,2024,131508858,1,9,0,-1,19,1,5,-1,0,8,0,0,0,0,4,1,-1,9,1,44,7,1968,2,15,MAKE AND MODEL REDACTED,1,E01011358,0,1
2024351401581,2024,351401581,1,2,0,-1,19,5,1,-1,0,0,2,0,1,0,3,1,-1,6,1,21,5,125,1,13,MAKE AND MODEL REDACTED,8,E01018274,0,1
2024161428675,2024,161428675,2,9,0,-1,4,3,7,-1,0,1,0,0,0,0,1,1,-1,1,1,50,8,998,1,20,VAUXHALL AGILA,1,E01013162,0,1
2024451512688,2024,451512688,1,9,0,-1,19,8,4,-1,0,0,0,0,1,0,1,1,-1,9,1,57,9,-1,-1,-1,VAUXHALL ASTRAVAN,10,E01016630,0,4
2024440272207,2024,440272207,3,19,0,18,19,4,8,0,0,0,0,0,0,0,1,1,2,2,1,51,8,-1,-1,-1,MAZDA MODEL MISSING,2,E01017363,0,1
2024451432024,2024,451432024,3,9,0,-1,12,3,7,-1,0,0,1,2,0,0,3,1,-1,9,1,48,8,-1,3,2,MERCEDES EQC CLASS,9,E01000753,0,3
2024451497724,2024,451497724,2,9,0,-1,19,7,3,-1,0,0,0,99,0,0,1,1,-1,6,1,40,7,-1,3,1,MERCEDES EQC CLASS,-1,-1,0,-1
2024131407359,2024,131407359,1,9,0,-1,4,7,3,-1,0,0,0,0,0,0,2,1,-1,2,1,56,9,-1,3,3,PORSCHE TAYCAN,2,E01011852,0,4
2024201445879,2024,201445879,2,9,0,-1,4,2,6,-1,0,0,0,0,0,0,2,1,-1,6,1,20,4,1598,2,8,VAUXHALL ASTRA,9,E01009461,0,1
2024041521222,2024,041521222,2,9,0,-1,19,2,6,-1,0,8,0,0,0,0,3,1,-1,6,1,44,7,1686,2,13,VAUXHALL ASTRA,2,E01012658,0,1
2024610057024,2024,610057024,2,9,0,3,3,5,1,0,0,1,0,0,0,0,2,1,6,6,2,34,6,1686,2,12,VAUXHALL ASTRA,4,W01001337,0,1
2024340NN1682,2024,340NN1682,1,9,0,-1,9,1,7,-1,0,5,0,0,0,0,4,1,-1,9,1,52,8,1796,1,15,VAUXHALL ASTRA,7,E01032963,0,1
2024010513925,2024,010513925,2,9,9,99,99,9,9,99,99,9,9,99,9,99,9,9,6,6,3,-1,-1,999,1,8,VAUXHALL ASTRA,-1,-1,0,-1
2024010551059,2024,010551059,2,9,0,18,19,1,5,0,0,0,0,0,0,0,1,1,6,6,1,25,5,1598,1,20,VAUXHALL ASTRA,4,E01032784,0,1
2024010541739,2024,010541739,2,9,0,99,99,9,9,99,99,9,9,99,9,99,9,9,6,6,1,55,8,1598,2,9,VAUXHALL ASTRA,7,E01001495,0,1
2024461469413,2024,461469413,2,9,0,-1,-1,-1,-1,-1,-1,0,-1,-1,-1,0,3,9,-1,9,1,20,4,1796,1,16,VAUXHALL ASTRA,7,E01024721,0,1
2024541692624,2024,541692624,2,9,0,4,4,8,3,0,0,1,0,0,0,0,0,1,6,6,2,45,7,1686,2,16,VAUXHALL ASTRA,2,E01031983,0,1
2024522500114,2024,522500114,3,9,0,3,3,7,3,0,0,0,0,0,0,0,3,1,6,6,1,65,9,1362,1,11,VAUXHALL ASTRA,7,E01014611,0,3
2024101472699,2024,101472699,2,9,0,-1,19,6,2,-1,0,0,0,0,0,0,2,1,-1,2,2,69,10,1686,2,13,VAUXHALL ASTRA,6,E01008342,0,2
2024461440033,2024,461440033,2,9,0,-1,19,4,8,-1,0,8,0,0,0,0,0,1,-1,1,1,26,6,1496,2,4,VAUXHALL ASTRA,-1,-1,0,-1
2024041398037,2024,041398037,3,9,0,-1,19,5,1,-1,0,1,0,0,0,0,2,1,-1,9,2,76,11,1598,1,22,VAUXHALL ASTRA,7,E01025599,0,1
2024041398037,2024,041398037,1,9,0,-1,19,5,1,-1,0,1,0,0,0,0,1,9,-1,6,3,-1,-1,1910,2,17,VAUXHALL ASTRA,-1,-1,0,-1
2024451498348,2024,451498348,2,9,0,-1,19,5,1,-1,0,0,0,0,0,0,2,1,-1,9,1,77,11,1598,1,9,VAUXHALL ASTRA,4,E01003102,0,4
2024421411734,2024,421411734,1,9,0,-1,19,1,5,-1,0,8,0,0,0,0,1,1,-1,6,1,19,4,1364,1,17,VAUXHALL ASTRA,-1,-1,0,-1
2024361528988,2024,361528988,1,9,0,-1,19,1,5,-1,0,0,0,0,0,0,1,1,-1,9,1,24,5,1998,1,16,VAUXHALL ASTRA,1,E01026603,0,1
2024991477946,2024,991477946,1,9,0,-1,9,6,4,-1,0,8,0,0,0,0,3,1,-1,9,1,33,6,1598,1,6,VAUXHALL ASTRA,2,-1,0,1
2024302400500,2024,302400500,1,9,0,9,9,6,4,0,0,0,0,0,0,0,1,1,1,1,1,55,8,1598,1,17,VAUXHALL ASTRA,10,E01019462,0,2
2024430337985,2024,430337985,1,9,0,16,19,2,7,0,0,0,0,0,0,0,1,1,6,6,2,37,7,1686,2,14,VAUXHALL ASTRA,4,E01017904,0,1
2024311520881,2024,311520881,2,9,0,-1,15,7,3,-1,0,0,0,4,0,0,1,1,-1,9,1,44,7,1598,2,10,VAUXHALL ASTRA,10,E01033390,0,1
2024461440033,2024,461440033,3,9,0,-1,19,8,4,-1,0,8,0,0,0,0,3,1,-1,2,1,39,7,-1,-1,-1,VAUXHALL ASTRA,1,E01024660,0,2
2024010527130,2024,010527130,2,9,0,99,99,9,9,99,99,9,9,99,9,99,9,9,6,6,3,-1,-1,1362,1,11,VAUXHALL ASTRA,-1,-1,0,-1
2024201494693,2024,201494693,1,9,0,-1,9,7,4,-1,0,8,0,0,0,0,3,1,-1,1,1,54,8,1598,2,6,VAUXHALL ASTRA,1,E01008896,0,2
2024991402731,2024,991402731,1,9,0,-1,19,8,3,-1,0,0,0,0,0,0,1,1,-1,6,1,44,7,1398,1,11,VAUXHALL ASTRA,1,-1,0,3
2024311525957,2024,311525957,3,9,0,-1,19,3,3,-1,0,0,0,0,0,0,2,1,-1,9,1,26,6,1598,1,12,VAUXHALL ASTRA,3,E01029409,0,4
2024052402126,2024,052402126,1,9,0,5,5,1,5,0,0,1,0,0,0,0,1,1,6,6,2,31,6,1956,2,12,VAUXHALL ASTRA,1,E01006600,0,2
2024522500114,2024,522500114,4,9,0,3,3,7,3,0,0,0,0,0,0,0,3,1,6,6,1,46,8,1364,1,14,VAUXHALL ASTRA,9,W01001947,0,4
2024031531261,2024,031531261,3,9,0,-1,2,0,0,-1,0,0,0,4,0,0,2,1,-1,1,2,25,5,1496,2,3,VAUXHALL ASTRA,4,E01004986,0,5
2024471417438,2024,471417438,1,9,0,-1,4,1,5,-1,0,1,0,0,0,0,1,1,-1,9,2,41,7,1598,1,10,VAUXHALL ASTRA,8,E01021221,0,1
2024010532670,2024,010532670,2,9,0,9,9,6,4,0,0,1,0,0,0,0,3,1,1,1,1,29,6,1398,1,12,VAUXHALL ASTRA,10,E01002917,0,1
2024471510603,2024,471510603,1,9,0,-1,9,3,5,-1,0,8,0,0,0,0,1,1,-1,9,1,65,9,1686,2,20,VAUXHALL ASTRA,7,E01034828,0,1
2024430494094,2024,430494094,1,9,0,9,9,4,2,0,0,6,0,0,0,0,3,1,6,6,1,76,11,999,8,1,FORD PUMA,10,E01028460,0,1
2024231524392,2024,231524392,2,9,0,-1,19,1,8,-1,0,0,0,0,0,0,4,1,-1,6,2,37,7,999,8,1,FORD PUMA,8,E01035018,0,1
2024010517713,2024,010517713,2,9,0,18,19,3,7,0,0,1,5,10,0,0,3,1,6,6,1,23,5,999,1,2,FORD PUMA,2,E01034477,0,2
2024201460355,2024,201460355,1,9,0,-1,11,4,8,-1,0,0,0,0,0,0,1,9,-1,9,1,27,6,2993,2,4,LAND ROVER RANGE ROVER SPORT,1,E01009195,0,1
2024010543323,2024,010543323,2,9,0,3,3,2,6,0,0,0,0,0,0,0,1,1,6,6,1,37,7,2993,2,14,LAND ROVER RANGE ROVER SPORT,-1,-1,0,-1
2024471486681,2024,471486681,1,9,0,-1,19,3,7,-1,0,8,0,0,0,0,1,1,-1,9,1,58,9,2993,2,9,LAND ROVER RANGE ROVER SPORT,5,E01016886,0,2
2024430034916,2024,430034916,2,9,0,4,4,4,8,0,0,0,0,0,0,0,2,1,6,6,1,34,6,2993,2,4,LAND ROVER RANGE ROVER SPORT,9,E01035024,0,4
2024010535247,2024,010535247,1,9,0,18,19,1,5,0,0,2,0,2,0,0,1,1,6,6,1,40,7,3996,8,4,PORSCHE CAYENNE,2,E01004702,0,1
2024161428675,2024,161428675,1,9,0,-1,4,3,7,-1,0,1,0,0,0,0,2,1,-1,9,2,33,6,1364,1,9,VAUXHALL ZAFIRA,7,E01013145,0,1
2024201491164,2024,201491164,1,9,0,-1,19,4,8,-1,0,1,0,0,0,0,1,1,-1,6,3,-1,-1,1910,2,18,VAUXHALL ZAFIRA,-1,-1,0,-1
2024361400469,2024,361400469,2,9,0,-1,5,7,3,-1,0,0,0,0,0,0,2,1,-1,6,2,53,8,1956,2,11,VAUXHALL ZAFIRA,8,E01026470,0,3
2024010507404,2024,010507404,1,9,0,18,19,7,3,0,0,0,0,0,0,0,4,1,6,6,1,33,6,1364,1,7,VAUXHALL ZAFIRA,9,E01004587,0,1
2024010511808,2024,010511808,2,9,0,3,3,8,4,0,0,1,0,0,0,0,1,1,6,6,3,40,7,1796,1,13,VAUXHALL ZAFIRA,2,E01003600,0,1
2024361417886,2024,361417886,1,9,0,-1,19,1,6,-1,0,0,0,0,0,0,1,1,-1,6,1,29,6,1796,1,16,VAUXHALL ZAFIRA,3,E01026736,0,4
2024361470953,2024,361470953,2,9,0,-1,19,8,4,-1,0,0,0,0,7,0,1,1,-1,9,2,25,5,1796,1,17,VAUXHALL ZAFIRA,4,E01026794,0,4
2024461483052,2024,461483052,2,9,0,-1,10,6,3,-1,0,1,0,0,0,0,2,1,-1,2,2,51,8,1364,1,9,VAUXHALL ZAFIRA,2,E01024840,0,1
2024991520677,2024,991520677,1,9,0,-1,7,6,6,-1,0,2,0,0,0,0,1,1,-1,6,1,56,9,1796,1,17,VAUXHALL ZAFIRA,2,-1,0,1
2024411407609,2024,411407609,1,9,0,-1,19,5,1,-1,0,5,0,0,0,0,3,1,-1,9,2,30,6,1364,1,9,VAUXHALL ZAFIRA,3,E01035681,0,4
2024421502156,2024,421502156,1,9,0,-1,19,3,7,-1,0,8,0,0,0,0,1,1,-1,9,1,61,9,1956,2,10,VAUXHALL ZAFIRA,1,E01021317,0,2
2024340NN3222,2024,340NN3222,1,9,0,-1,19,7,3,-1,0,1,0,0,0,0,4,1,-1,9,2,37,7,1956,2,10,VAUXHALL ZAFIRA,8,E01026980,0,2
2024070357776,2024,070357776,1,9,0,5,5,4,8,0,0,0,0,0,0,0,1,1,6,6,1,63,9,998,1,13,CITROEN C1,10,E01018322,0,1
2024522402072,2024,522402072,2,9,0,9,9,5,3,0,0,5,0,0,0,0,0,1,6,6,3,-1,-1,998,1,13,CITROEN C1,-1,-1,0,-1
2024041517791,2024,041517791,1,9,0,-1,2,-1,-1,-1,0,0,0,0,0,0,-1,1,-1,6,1,54,8,998,1,4,CITROEN C1,7,E01025174,0,2
2024991474310,2024,991474310,2,9,0,-1,19,6,2,-1,0,1,2,7,4,0,1,1,-1,9,1,50,8,998,1,14,CITROEN C1,10,-1,0,4
2024070446092,2024,070446092,2,9,0,7,7,3,5,0,0,5,0,0,0,0,4,1,3,7,2,33,6,998,1,13,CITROEN C1,10,E01018490,0,1
2024141403034,2024,141403034,1,9,0,-1,3,5,1,-1,0,0,0,0,0,0,2,1,-1,9,2,52,8,998,1,14,CITROEN C1,4,E01007611,0,1
2024010527818,2024,010527818,1,9,0,4,4,1,5,6,6,0,0,0,0,0,2,1,6,6,2,35,6,2199,2,9,KIA SORENTO,2,E01000508,0,1
2024010499269,2024,010499269,1,9,0,99,99,9,9,99,99,9,9,99,9,99,2,9,6,6,2,38,7,1598,8,2,KIA SORENTO,6,E01000376,0,3
2024461469105,2024,461469105,1,20,0,-1,19,6,2,-1,0,0,0,0,0,0,1,9,-1,1,1,-1,-1,2953,2,9,NISSAN NT400,8,E01024511,0,4
2024631481379,2024,631481379,2,9,0,-1,3,7,3,-1,0,1,0,0,0,0,2,1,-1,9,1,29,6,2184,2,18,NISSAN X-TRAIL,9,W01000609,0,1
2024010524495,2024,010524495,1,9,0,18,19,3,7,0,0,0,0,0,0,0,1,1,6,6,2,36,7,1618,1,7,NISSAN X-TRAIL,7,E01023947,0,2
2024332401134,2024,332401134,3,9,0,-1,19,5,1,-1,0,0,0,0,0,0,2,1,-1,9,1,38,7,1598,2,7,NISSAN X-TRAIL,6,E01013978,0,4
2024552401321,2024,552401321,2,9,0,3,3,3,7,0,0,0,0,0,0,0,2,1,2,2,2,37,7,1999,2,5,LAND ROVER RANGE ROVER VELAR,8,E01023066,0,1
2024451505909,2024,451505909,1,9,0,-1,19,1,5,-1,0,0,0,0,0,0,2,1,-1,9,2,47,8,1595,1,8,MERCEDES A CLASS,10,E01023889,0,4
2024010516075,2024,010516075,2,9,0,2,2,0,0,6,6,0,0,0,0,0,1,1,6,6,3,-1,-1,1461,2,7,MERCEDES A CLASS,-1,-1,0,-1
2024201421382,2024,201421382,4,9,0,-1,2,0,0,-1,0,0,0,0,0,0,1,1,-1,6,2,32,6,2143,2,7,MERCEDES A CLASS,9,E01009422,0,1
2024201456016,2024,201456016,1,9,0,-1,19,4,8,-1,0,8,0,0,0,0,1,9,-1,6,1,32,6,1991,1,6,MERCEDES A CLASS,4,E01017723,0,5
2024041404847,2024,041404847,1,9,0,-1,4,1,5,-1,0,1,0,0,0,0,1,1,-1,9,1,80,11,1498,1,15,MERCEDES A CLASS,3,E01025213,0,1
2024131452273,2024,131452273,2,9,0,-1,3,7,1,-1,0,8,0,0,0,0,2,1,-1,9,2,48,8,1332,1,3,MERCEDES A CLASS,7,E01010672,0,1
2024430538374,2024,430538374,2,9,0,18,19,6,2,0,0,0,1,0,0,0,3,1,6,6,2,67,10,1332,1,6,MERCEDES A CLASS,9,E01016691,0,1
2024302401505,2024,302401505,3,9,0,18,19,1,5,0,0,0,0,0,0,0,2,1,6,6,2,62,9,1332,1,3,MERCEDES A CLASS,8,E01028060,0,3
2024471469817,2024,471469817,2,9,0,-1,19,7,3,-1,0,4,0,0,0,0,3,1,-1,7,2,49,8,1461,2,10,MERCEDES A CLASS,9,E01031648,0,1
2024421530028,2024,421530028,2,9,0,-1,4,2,5,-1,0,0,0,0,0,0,2,1,-1,9,1,27,6,1332,8,0,MERCEDES A CLASS,8,E01021708,0,1
2024610057024,2024,610057024,1,9,0,3,3,5,1,0,0,1,0,0,0,0,2,1,6,6,2,39,7,1991,2,13,MERCEDES A CLASS,5,W01001389,0,1
2024141519443,2024,141519443,2,9,0,-1,5,1,1,-1,0,0,0,2,0,0,1,1,-1,2,2,25,5,1461,2,9,MERCEDES A CLASS,3,E01007569,0,1
2024101530040,2024,101530040,1,9,0,-1,19,1,5,-1,0,2,0,0,0,0,1,1,-1,9,2,21,5,1461,2,9,MERCEDES A CLASS,3,E01008576,0,3
2024461513343,2024,461513343,2,9,0,-1,3,5,1,-1,0,1,0,0,0,0,2,9,-1,2,1,43,7,1461,2,9,MERCEDES A CLASS,7,E01024302,0,1
2024201493205,2024,201493205,1,9,0,-1,19,6,2,-1,0,0,0,0,0,0,1,1,-1,6,2,35,6,1332,1,5,MERCEDES A CLASS,5,E01009519,0,1
2024052402040,2024,052402040,2,9,0,18,19,6,2,0,0,0,0,0,0,0,0,1,6,6,1,31,6,1595,1,8,MERCEDES A CLASS,8,E01023880,0,5
2024010532276,2024,010532276,1,9,0,6,6,1,1,0,0,0,0,0,0,0,4,1,6,6,1,58,9,1461,2,8,RENAULT MEGANE,4,E01001478,0,1
2024991407793,2024,991407793,1,9,0,-1,19,5,1,-1,0,1,0,0,7,0,1,1,-1,6,1,27,6,1461,2,15,RENAULT MEGANE,9,E01000446,0,5
2024061501834,2024,061501834,1,9,0,-1,19,-1,-1,-1,0,0,9,2,0,0,4,1,-1,9,2,25,5,1330,1,5,RENAULT MEGANE,1,E01005578,0,1
2024991431807,2024,991431807,1,9,0,-1,19,7,3,-1,0,0,0,0,0,0,4,1,-1,9,1,74,10,1461,2,9,RENAULT MEGANE,7,-1,0,1
2024231447100,2024,231447100,4,9,0,-1,4,4,1,-1,0,0,0,0,0,0,2,9,-1,6,1,26,6,1598,1,16,RENAULT MEGANE,3,E01031117,0,1
2024471418860,2024,471418860,2,9,0,-1,19,7,3,-1,0,0,9,99,0,0,1,1,-1,6,1,27,6,1397,1,13,RENAULT MEGANE,6,E01021018,0,1
2024991454225,2024,991454225,2,9,0,-1,19,5,1,-1,0,1,0,0,0,0,2,1,-1,2,2,22,5,999,1,1,SEAT IBIZA,2,-1,0,4
2024131414005,2024,131414005,1,9,0,-1,19,7,3,-1,0,0,0,0,0,0,-1,1,-1,9,1,44,7,1390,1,11,SEAT IBIZA,1,E01011625,0,1
2024401419735,2024,401419735,1,9,0,-1,1,5,1,-1,0,0,0,0,0,0,2,1,-1,2,1,19,4,999,1,8,SEAT IBIZA,9,E01023770,0,3
2024131489631,2024,131489631,1,9,0,-1,19,1,1,-1,0,8,0,0,0,0,1,1,-1,9,2,19,4,1199,2,11,SEAT IBIZA,2,E01011379,0,2
2024201544799,2024,201544799,1,9,0,-1,7,2,4,-1,0,0,0,0,0,0,2,1,-1,6,1,36,7,1598,2,14,SEAT IBIZA,2,E01009790,0,1
2024141510143,2024,141510143,1,9,0,-1,5,8,4,-1,0,1,0,0,0,0,4,1,-1,9,1,54,8,999,1,2,SEAT IBIZA,9,E01008156,0,1
2024440351680,2024,440351680,2,9,0,18,19,7,3,0,0,0,0,0,0,0,2,1,6,6,1,51,8,1598,2,14,SEAT IBIZA,8,E01022944,0,4
2024131487639,2024,131487639,1,9,0,-1,-1,-1,-1,-1,-1,8,-1,-1,-1,0,-1,1,-1,6,3,-1,-1,999,1,8,SEAT IBIZA,-1,-1,0,-1
2024122401136,2024,122401136,1,9,0,18,19,1,5,0,0,0,2,0,0,0,1,1,6,6,2,55,8,1390,1,12,SEAT IBIZA,10,E01027712,0,3
2024531495490,2024,531495490,2,9,0,-1,19,4,8,-1,0,0,0,0,0,0,1,1,-1,9,2,22,5,999,1,6,SEAT IBIZA,8,E01032709,0,4
2024131464400,2024,131464400,2,9,0,-1,19,5,1,-1,0,0,1,0,1,0,1,1,-1,9,2,34,6,-1,3,0,AUDI Q4,10,E01027730,0,4
2024231501620,2024,231501620,3,9,0,-1,4,4,8,-1,0,0,0,0,0,0,2,9,-1,6,1,52,8,-1,3,0,AUDI Q4,6,E01018373,0,5
2024361404123,2024,361404123,2,9,0,-1,4,6,2,-1,0,1,0,0,0,0,2,9,-1,6,2,66,10,1399,1,14,CHEVROLET AVEO,6,E01034770,0,1
2024552400846,2024,552400846,3,9,0,18,19,4,8,0,0,0,0,0,0,0,3,1,6,6,1,62,9,998,1,11,FORD FIESTA,1,E01014647,0,4
2024052402821,2024,052402821,1,9,0,9,9,5,7,0,0,5,0,0,0,0,1,2,6,6,2,49,8,1242,1,7,FORD FIESTA,-1,-1,0,-1
2024041468608,2024,041468608,3,9,0,-1,3,3,7,-1,0,0,0,0,0,0,2,1,-1,1,1,45,7,-1,-1,-1,FORD FIESTA,5,E01025591,0,3
2024451450531,2024,451450531,1,9,0,-1,19,6,2,-1,0,0,0,0,0,0,2,1,-1,2,1,36,7,999,1,4,FORD FIESTA,2,E01034727,0,4
2024010523353,2024,010523353,1,9,0,99,99,9,9,99,99,9,9,99,9,99,9,9,6,6,3,34,6,1242,1,15,FORD FIESTA,-1,-1,0,-1
2024131431682,2024,131431682,2,9,0,-1,9,1,7,-1,0,5,0,0,0,0,4,1,-1,2,1,32,6,998,1,11,FORD FIESTA,10,E01011280,0,3
2024991442993,2024,991442993,2,9,0,-1,4,2,6,-1,0,8,0,0,0,0,1,1,-1,9,1,82,11,998,1,11,FORD FIESTA,10,-1,0,1
2024522401329,2024,522401329,2,9,0,4,4,5,1,0,0,0,0,0,0,0,2,1,6,6,2,41,7,999,1,3,FORD FIESTA,4,E01015007,0,4
2024451495550,2024,451495550,2,9,0,-1,19,3,7,-1,0,0,0,0,0,0,3,1,-1,9,2,23,5,999,1,4,FORD FIESTA,6,E01026315,0,5
2024440333398,2024,440333398,2,9,0,18,19,3,7,0,0,1,0,0,0,0,1,1,6,6,1,27,6,998,1,9,FORD FIESTA,10,E01022697,0,2
2024201436919,2024,201436919,1,9,0,-1,19,4,8,-1,0,0,0,0,0,0,1,1,-1,6,1,30,6,1499,2,8,FORD FIESTA,1,E01033643,0,1
2024122400917,2024,122400917,1,9,0,12,12,5,1,0,0,0,0,0,1,10,1,1,6,6,2,82,11,1596,1,10,FORD FIESTA,9,E01027879,0,1
2024531506007,2024,531506007,2,9,0,-1,9,1,6,-1,0,8,0,0,0,0,4,1,-1,2,1,22,5,998,1,6,FORD FIESTA,7,E01002334,0,5
2024340NN1892,2024,340NN1892,2,9,0,-1,19,3,7,-1,0,0,0,0,0,0,2,1,-1,6,1,32,6,1596,1,13,FORD FIESTA,3,E01025706,0,4
2024430040727,2024,430040727,1,9,0,18,19,4,8,0,0,0,0,0,0,0,1,1,6,6,1,46,8,1242,1,14,FORD FIESTA,3,E01032582,0,4
2024461420024,2024,461420024,1,9,0,-1,4,7,3,-1,0,0,0,0,0,0,1,1,-1,9,1,35,6,1242,1,15,FORD FIESTA,10,E01024755,0,2
2024311400367,2024,311400367,1,9,0,-1,4,8,4,-1,0,3,0,0,0,0,1,9,-1,6,1,22,5,998,1,10,FORD FIESTA,9,E01028235,0,1
2024010528129,2024,010528129,1,9,0,99,99,9,9,99,99,9,9,99,9,99,9,9,1,1,1,55,8,998,1,8,FORD FIESTA,3,E01003571,0,1
2024211434168,2024,211434168,4,9,0,-1,19,3,7,-1,0,0,0,0,0,0,2,1,-1,6,2,20,4,1399,2,14,FORD FIESTA,6,E01029778,0,1
2024451502315,2024,451502315,1,9,0,-1,19,1,5,-1,0,1,0,0,1,0,4,1,-1,9,2,82,11,1596,1,11,FORD FIESTA,4,E01030645,0,1
2024991513689,2024,991513689,1,9,0,-1,19,7,3,-1,0,0,0,0,0,0,1,1,-1,6,1,20,4,1399,2,13,FORD FIESTA,-1,-1,0,-1
2024411404254,2024,411404254,1,9,0,-1,3,1,5,-1,0,0,0,0,0,0,1,1,-1,9,2,51,8,999,1,2,FORD FIESTA,7,E01018271,0,3
2024211434168,2024,211434168,2,9,0,-1,19,3,7,-1,0,0,0,0,0,0,2,1,-1,6,2,68,10,1399,2,12,FORD FIESTA,-1,-1,0,-1
2024010544688,2024,010544688,1,9,0,99,99,9,9,99,99,0,9,99,9,99,1,9,6,6,1,32,6,1242,1,16,FORD FIESTA,9,E01000424,0,2
2024461415510,2024,461415510,1,9,0,-1,19,4,3,-1,0,0,0,2,0,0,1,9,-1,9,1,18,4,1242,1,18,FORD FIESTA,2,E01016152,0,3
2024052402559,2024,052402559,5,9,0,4,4,8,4,0,0,1,0,0,0,0,2,1,6,6,3,-1,-1,1242,1,8,FORD FIESTA,-1,-1,0,-1
2024201502014,2024,201502014,1,9,0,-1,19,7,3,-1,0,0,0,0,0,0,1,1,-1,6,2,19,4,1388,1,13,FORD FIESTA,4,E01022036,0,5
2024552400996,2024,552400996,1,9,0,18,19,3,7,0,0,8,0,0,0,0,1,1,6,6,2,18,4,1242,1,11,FORD FIESTA,5,E01020462,0,2
2024070206636,2024,070206636,1,9,0,17,19,3,7,0,0,0,0,2,0,0,1,1,6,6,2,-1,-1,1242,1,10,FORD FIESTA,7,E01012527,0,2
2024991442398,2024,991442398,1,9,0,-1,19,6,2,-1,0,1,5,0,1,9,1,1,-1,6,1,21,5,1496,1,5,FORD FIESTA,8,-1,0,3
2024041456899,2024,041456899,1,9,0,-1,19,5,1,-1,0,2,0,0,0,0,1,1,-1,6,1,49,8,-1,-1,-1,FORD FIESTA,3,E01025368,0,2
2024201460355,2024,201460355,2,9,0,-1,19,4,8,-1,0,0,0,0,0,0,2,9,-1,9,1,21,5,1242,1,8,FORD FIESTA,1,E01014124,0,4
2024461493716,2024,461493716,2,9,0,-1,19,3,7,-1,0,0,0,0,0,0,3,1,-1,2,2,21,5,1242,1,15,FORD FIESTA,7,E01016119,0,4
2024041512475,2024,041512475,2,9,0,-1,19,7,3,-1,0,0,0,0,0,0,1,9,-1,2,2,29,6,1388,1,22,FORD FIESTA,9,E01025519,0,4
2024361437098,2024,361437098,1,9,0,-1,5,3,1,-1,0,0,0,0,0,0,1,1,-1,6,2,45,7,1399,2,14,FORD FIESTA,6,E01026863,0,1
2024010516705,2024,010516705,1,9,0,99,99,9,9,99,99,9,9,99,9,99,2,9,6,6,1,39,7,998,1,6,FORD FIESTA,3,E01003086,0,1
2024131444894,2024,131444894,2,9,0,-1,7,5,3,-1,0,5,0,0,0,0,4,1,-1,2,1,50,8,998,1,11,FORD FIESTA,2,E01011919,0,3
2024631495826,2024,631495826,1,9,0,-1,19,1,5,-1,0,0,0,0,1,3,1,1,-1,2,1,20,4,998,1,5,FORD FIESTA,9,E01029626,0,4
2024531501048,2024,531501048,1,9,0,-1,19,5,2,-1,0,0,0,0,0,0,1,2,-1,9,2,26,6,1388,1,14,FORD FIESTA,10,E01022360,0,3
2024141510143,2024,141510143,2,9,0,-1,19,4,8,-1,0,2,5,0,0,0,4,1,-1,6,2,73,10,998,1,8,FORD FIESTA,1,E01008057,0,1
2024991492666,2024,991492666,2,9,0,-1,3,6,8,-1,0,2,0,0,0,0,2,1,-1,9,2,66,10,1388,1,12,FORD FIESTA,10,-1,0,1
2024231489651,2024,231489651,1,9,0,-1,19,1,5,-1,0,6,0,0,0,0,1,1,-1,6,2,22,5,999,1,4,FORD FIESTA,7,E01031007,0,1
2024461513343,2024,461513343,1,9,0,-1,19,5,1,-1,0,1,0,0,0,0,1,9,-1,6,1,28,6,1560,2,17,FORD FIESTA,5,E01016088,0,3
202454E197924,2024,54E197924,1,9,0,12,12,3,7,0,0,0,0,0,0,0,1,1,6,6,2,35,6,1242,1,15,FORD FIESTA,5,E01022227,0,4
2024211479803,2024,211479803,2,9,0,-1,4,7,3,-1,0,1,0,0,0,0,1,1,-1,9,1,27,6,998,1,11,FORD FIESTA,8,E01029676,0,2
2024161485601,2024,161485601,1,9,0,-1,19,7,3,-1,0,8,5,2,0,0,1,1,-1,9,1,28,6,1242,1,15,FORD FIESTA,3,E01012868,0,1
2024101493062,2024,101493062,1,9,-1,-1,13,4,8,-1,0,0,0,0,0,0,4,9,-1,6,1,-1,-1,998,1,9,FORD FIESTA,-1,-1,0,-1
2024361418242,2024,361418242,1,9,0,-1,7,4,6,-1,0,4,0,0,0,0,4,1,-1,6,2,22,5,998,1,5,FORD FIESTA,5,E01021492,0,5
2024501498770,2024,501498770,2,9,0,-1,4,3,7,-1,0,0,0,0,0,0,2,1,-1,6,2,47,8,1242,1,10,FORD FIESTA,8,E01033232,0,1
2024041454557,2024,041454557,1,9,0,-1,19,1,5,-1,0,1,0,0,0,0,1,9,-1,6,1,46,8,998,1,12,FORD FIESTA,-1,-1,0,-1
2024061478550,2024,061478550,1,9,0,-1,19,3,7,-1,0,0,0,0,0,0,1,1,-1,9,1,43,7,999,1,3,FORD FIESTA,1,E01005314,0,1
2024010521730,2024,010521730,1,9,0,18,19,4,8,0,0,0,0,0,0,0,1,1,4,7,2,40,7,1388,1,17,FORD FIESTA,4,E01004454,0,3
2024471531678,2024,471531678,1,9,0,-1,3,6,2,-1,0,0,0,0,0,0,2,1,-1,6,2,42,7,998,1,9,FORD FIESTA,8,E01021055,0,1
2024231516672,2024,231516672,2,9,0,-1,4,6,2,-1,0,0,0,0,0,0,2,1,-1,6,2,20,4,1399,2,14,FORD FIESTA,8,E01033026,0,5
2024440324724,2024,440324724,1,9,0,18,19,4,8,0,0,0,0,0,0,0,1,1,6,6,1,19,4,998,1,6,FORD FIESTA,9,E01022754,0,1
2024031499045,2024,031499045,2,9,0,-1,4,3,7,-1,0,0,1,0,8,0,2,1,-1,9,1,20,4,1242,1,15,FORD FIESTA,10,E01019362,0,3
2024052401805,2024,052401805,2,9,0,18,19,1,5,0,0,1,0,0,0,0,4,1,6,6,2,24,5,1084,1,6,FORD FIESTA,1,E01006703,0,1
2024552400846,2024,552400846,2,9,0,18,19,4,8,0,0,0,0,0,0,0,3,1,6,6,2,63,9,1242,1,10,FORD FIESTA,1,E01014608,0,4
2024061405390,2024,061405390,3,9,0,-1,19,5,1,-1,0,0,0,0,0,0,1,1,-1,2,1,37,7,1242,1,16,FORD FIESTA,1,E01034336,0,3
2024411493458,2024,411493458,2,9,0,-1,4,7,2,-1,0,0,0,0,0,0,2,1,-1,6,1,25,5,1388,1,13,FORD FIESTA,3,E01001434,0,3
2024520403362,2024,520403362,2,9,0,18,19,5,1,0,0,0,0,0,0,0,2,1,6,6,2,30,6,1560,2,14,FORD FIESTA,1,E01029132,0,2
2024351479631,2024,351479631,1,9,0,-1,19,5,1,-1,0,0,0,0,0,0,1,1,-1,6,2,65,9,998,1,6,FORD FIESTA,8,E01027691,0,5
2024061514883,2024,061514883,1,9,0,-1,19,3,7,-1,0,0,0,0,0,0,2,2,-1,9,2,34,6,998,1,10,FORD FIESTA,10,E01016282,0,5
2024991399564,2024,991399564,1,9,0,-1,19,8,5,-1,0,0,0,0,0,0,1,1,-1,9,1,49,8,1969,1,5,VOLVO S60,6,-1,0,1
2024610032924,2024,610032924,2,9,0,18,19,1,5,0,0,0,0,0,0,0,1,1,2,2,2,36,7,1242,1,10,FIAT 500,4,W01001445,0,1
2024010525063,2024,010525063,2,9,0,6,6,1,1,0,0,0,0,0,0,0,1,1,6,6,2,47,8,1242,1,8,FIAT 500,7,E01003750,0,1
2024451472914,2024,451472914,1,9,0,-1,5,4,5,-1,99,0,0,7,0,0,3,1,-1,9,2,27,6,1242,1,9,FIAT 500,8,E01004149,0,3
2024231492310,2024,231492310,2,9,0,-1,4,6,2,-1,0,0,0,0,0,0,2,9,-1,7,2,20,4,1242,1,10,FIAT 500,2,E01013781,0,4
2024010499269,2024,010499269,2,9,9,99,99,9,9,99,99,9,9,99,9,99,9,9,6,6,3,58,9,999,1,1,FIAT 500,4,E01001624,0,1
202454A226624,2024,54A226624,1,9,0,18,19,7,3,0,0,0,0,0,0,0,1,1,6,6,2,28,6,1242,1,9,FIAT 500,5,E01031933,0,3
2024070634460,2024,070634460,1,9,0,18,19,7,3,0,0,0,1,2,0,0,4,1,6,6,1,33,6,1242,1,13,FIAT 500,-1,-1,0,-1
2024440324724,2024,440324724,2,9,0,3,3,4,8,0,0,0,0,0,0,0,2,1,6,6,1,73,10,1242,1,14,FIAT 500,6,E01022597,0,4
2024991409428,2024,991409428,1,9,0,-1,19,8,4,-1,0,0,0,0,0,0,1,1,-1,6,2,24,5,1242,1,9,FIAT 500,5,-1,0,2
2024340WN4252,2024,340WN4252,1,9,0,-1,19,5,1,-1,0,0,0,0,0,0,1,1,-1,9,2,79,11,1242,1,8,FIAT 500,8,E01027000,0,1
2024411479155,2024,411479155,1,9,0,-1,19,8,4,-1,0,0,0,0,0,0,1,1,-1,9,2,62,9,1242,1,15,FIAT 500,2,E01001339,0,4
2024221482326,2024,221482326,2,9,0,-1,5,7,7,-1,0,0,0,0,0,0,3,1,-1,6,2,24,5,1242,1,5,FIAT 500,6,E01014078,0,1
2024010511885,2024,010511885,1,9,0,18,19,7,3,0,0,0,0,0,0,0,4,1,6,6,1,-1,-1,1242,1,13,FIAT 500,-1,-1,0,-1
2024201526280,2024,201526280,3,9,0,-1,19,2,6,-1,0,8,0,0,0,0,1,1,-1,6,2,20,4,999,1,0,FIAT 500,6,E01007620,0,5
2024010505997,2024,010505997,1,9,0,-1,-1,7,3,0,0,0,0,0,0,0,1,1,6,6,1,56,9,1242,1,11,FIAT 500,6,E01024425,0,3
2024401476798,2024,401476798,1,9,0,-1,19,8,4,-1,0,0,0,0,0,0,1,1,-1,9,2,43,7,2143,2,6,MERCEDES GLE CLASS,9,E01033833,0,3
2024070976470,2024,070976470,1,9,0,-1,19,1,5,-1,0,0,0,0,0,0,1,1,-1,6,2,46,8,2461,2,16,VOLKSWAGEN TOUAREG,4,E01012454,0,2
2024421493246,2024,421493246,1,9,0,-1,9,1,6,-1,0,2,0,0,0,0,1,1,-1,6,1,47,8,2967,2,4,VOLKSWAGEN TOUAREG,8,E01035160,0,1
2024421530028,2024,421530028,1,2,0,-1,13,1,6,-1,0,0,0,0,0,0,1,1,-1,2,1,17,4,49,1,8,MAKE AND MODEL REDACTED,6,E01021971,0,1
2024010542249,2024,010542249,1,9,0,3,3,9,9,99,99,9,9,99,9,99,2,9,1,1,1,35,6,-1,3,2,AUDI E-TRON,8,E01034802,0,5
2024451520876,2024,451520876,1,9,0,-1,19,7,3,-1,0,0,0,0,0,0,1,1,-1,9,1,38,7,1389,1,12,VOLKSWAGEN MODEL MISSING,6,E01002919,0,3
2024501462814,2024,501462814,1,9,0,-1,4,5,1,-1,0,1,0,0,0,0,2,9,-1,6,1,51,8,1968,2,3,VOLKSWAGEN T-ROC,9,E01020186,0,1
2024430414387,2024,430414387,1,9,0,13,13,1,5,0,0,0,0,0,0,0,4,1,6,6,1,-1,-1,1498,1,2,VOLKSWAGEN T-ROC,-1,-1,0,-1
2024231492310,2024,231492310,3,9,0,-1,4,6,2,-1,0,0,0,0,0,0,2,9,-1,6,2,71,10,1498,1,2,VOLKSWAGEN T-ROC,6,E01029467,0,4
2024501516015,2024,501516015,1,9,0,-1,19,5,1,-1,0,0,0,2,0,0,1,1,-1,9,2,86,11,1499,1,8,BMW 2 SERIES,1,E01015256,0,1
2024070206636,2024,070206636,2,9,0,3,3,3,7,0,0,0,0,2,0,0,2,1,6,6,2,52,8,1499,8,1,BMW 2 SERIES,1,E01006871,0,2
2024070976470,2024,070976470,3,9,0,-1,3,1,5,-1,0,0,0,0,0,0,2,1,-1,2,2,58,9,1499,1,1,BMW 2 SERIES,10,E01018530,0,4
2024010508579,2024,010508579,1,9,0,1,1,5,1,0,0,2,0,0,0,0,2,1,6,6,1,33,6,1499,1,3,BMW 2 SERIES,-1,-1,0,-1
2024131508858,2024,131508858,2,9,0,-1,19,1,5,-1,0,8,0,2,0,0,2,1,-1,9,1,62,9,1995,2,8,BMW 2 SERIES,9,E01011557,0,2
2024010498162,2024,010498162,1,9,0,7,7,3,5,0,0,8,0,0,0,0,3,1,6,6,1,34,6,1499,1,1,BMW 2 SERIES,-1,-1,0,-1
2024302401113,2024,302401113,2,9,0,3,3,4,8,0,0,1,0,0,0,0,2,1,6,6,2,22,5,1499,1,9,BMW 2 SERIES,10,E01013461,0,1
2024340WN6812,2024,340WN6812,1,9,0,-1,19,1,5,-1,0,2,2,2,1,4,1,1,-1,6,1,30,6,1499,1,0,BMW 2 SERIES,6,E01013519,0,4
2024461455157,2024,461455157,2,2,0,-1,19,3,7,-1,0,0,0,0,0,0,3,1,-1,1,1,63,9,799,1,5,KTM 790 DUKE,7,E01024573,0,1
2024451457354,2024,451457354,2,9,0,-1,4,7,3,-1,1,0,0,0,0,0,2,1,-1,6,1,59,9,-1,-1,-1,LEVC TX,6,E01032619,0,4
2024010549023,2024,010549023,1,8,0,99,99,9,9,99,99,9,9,99,9,99,9,9,1,1,1,59,9,1477,8,5,LEVC TX,10,E01021447,0,4
2024010521730,2024,010521730,4,9,0,18,19,4,8,0,0,0,0,0,0,0,1,1,6,6,1,48,8,2143,2,11,MERCEDES ML CLASS,4,E01004453,0,3
2024010503850,2024,010503850,2,9,0,99,99,9,9,99,99,0,9,99,9,99,1,9,6,6,3,-1,-1,2987,2,16,MERCEDES ML CLASS,-1,-1,0,-1
2024302401699,2024,302401699,2,9,0,9,9,1,7,0,0,8,0,0,0,0,1,1,2,2,1,54,8,1968,2,15,AUDI A6,8,E01019714,0,1
2024101530040,2024,101530040,2,9,0,-1,19,1,5,-1,0,2,0,0,0,0,2,1,-1,9,2,57,9,1968,2,0,AUDI A6,5,E01008727,0,3
2024520403362,2024,520403362,1,9,0,18,19,5,1,0,0,0,0,0,0,0,1,1,1,1,1,49,8,2967,2,0,AUDI A6,4,E01035114,0,1
2024201445879,2024,201445879,1,9,0,-1,4,2,6,-1,0,0,0,0,0,0,1,1,-1,6,3,-1,-1,1368,1,15,FIAT PUNTO,-1,-1,0,-1
2024010513988,2024,010513988,2,9,0,18,19,3,7,0,0,1,0,0,0,0,1,1,6,6,2,22,5,1368,1,17,FIAT PUNTO,4,E01002558,0,1
2024552400642,2024,552400642,1,9,0,4,4,6,2,0,0,0,0,0,0,0,1,1,6,6,2,69,10,1242,1,9,FORD KA,5,E01016392,0,4
2024221518889,2024,221518889,1,9,0,-1,19,2,5,-1,0,0,0,0,0,0,1,1,-1,2,1,35,6,1242,1,11,FORD KA,6,E01028975,0,2
2024231490472,2024,231490472,1,9,0,-1,19,2,6,-1,0,1,0,0,0,0,1,1,-1,9,1,76,11,1242,1,9,FORD KA,10,E01031214,0,1
2024311423032,2024,311423032,2,9,0,-1,10,6,3,-1,0,6,0,0,1,0,1,1,-1,6,2,17,4,1242,1,15,FORD KA,6,E01028242,0,1
2024451527676,2024,451527676,3,9,0,-1,4,1,5,-1,0,0,0,0,0,0,2,1,-1,9,2,27,6,1242,1,13,FORD KA,8,E01003417,0,3
2024430034916,2024,430034916,1,9,0,1,1,4,8,0,0,0,1,0,0,0,1,1,6,6,2,68,10,1242,1,15,FORD KA,8,E01028562,0,1
2024430150976,2024,430150976,2,9,0,18,19,7,3,0,0,0,0,0,0,0,1,1,6,6,2,-1,-1,1299,1,17,FORD KA,-1,-1,0,-1
2024451422601,2024,451422601,3,9,0,-1,19,7,3,-1,0,0,0,0,0,0,0,1,-1,9,1,24,5,1242,1,11,FORD KA,3,E01000062,0,4
2024440394300,2024,440394300,1,9,0,3,3,2,6,0,0,0,0,0,0,0,1,1,6,6,2,25,5,1086,1,18,KIA PICANTO,3,E01030432,0,1
2024010510282,2024,010510282,2,9,0,10,10,1,7,0,0,6,0,0,0,0,3,1,6,6,2,73,10,1248,1,11,KIA PICANTO,9,E01023811,0,2
2024201524168,2024,201524168,2,9,0,-1,10,7,3,-1,0,1,0,0,0,0,2,1,-1,9,2,47,8,999,1,15,KIA PICANTO,1,E01034949,0,1
2024411463432,2024,411463432,1,9,0,-1,4,8,4,-1,0,0,0,0,0,0,2,1,-1,6,1,61,9,2996,1,9,MERCEDES SL CLASS,10,E01017749,0,3
2024070849757,2024,070849757,2,19,0,-1,4,2,6,-1,0,1,0,0,0,0,2,1,-1,9,1,36,7,2477,2,10,MITSUBISHI L200,4,E01029537,0,4
2024991430213,2024,991430213,1,9,0,-1,4,3,7,-1,0,1,0,0,0,0,1,1,-1,1,1,50,8,-1,3,1,POLESTAR 2,9,-1,0,3
2024451504520,2024,451504520,2,9,0,-1,12,5,1,-1,0,0,0,0,0,0,2,1,-1,9,2,45,7,1968,2,1,VOLKSWAGEN CADDYMAXI,10,E01027205,0,5
2024010548580,2024,010548580,2,9,0,18,19,6,2,0,0,1,0,7,0,0,1,1,3,7,1,60,9,1968,2,6,VOLKSWAGEN CADDYMAXI,7,E01002181,0,1
2024010533933,2024,010533933,2,19,0,9,9,9,9,99,99,9,9,99,9,99,9,9,6,6,3,61,9,1968,2,6,VOLKSWAGEN CADDYMAXI,6,E01004181,0,2
2024451494640,2024,451494640,2,9,0,-1,4,6,2,-1,0,0,0,0,0,0,2,1,-1,9,1,18,4,1248,1,14,HYUNDAI I20,6,E01030371,0,2
2024211546044,2024,211546044,1,9,0,-1,9,8,2,-1,0,1,0,0,0,0,3,1,-1,6,1,22,5,998,8,2,HYUNDAI I20,10,E01029758,0,1
2024501454899,2024,501454899,2,9,0,-1,4,3,7,-1,0,0,0,2,0,0,2,1,-1,9,2,27,6,1368,1,9,HYUNDAI I20,4,E01018994,0,1
2024520403339,2024,520403339,1,9,0,18,19,4,8,9,9,0,0,0,1,0,3,1,6,6,1,57,9,998,8,2,HYUNDAI I20,6,E01029178,0,2
2024201441969,2024,201441969,1,9,0,-1,4,7,3,-1,0,0,1,10,6,7,1,9,-1,6,1,39,7,1997,1,21,MAKE AND MODEL REDACTED,2,E01010268,0,3
2024010531473,2024,010531473,1,9,0,15,15,5,1,0,0,1,1,2,0,0,1,1,6,6,1,19,4,1497,1,22,NISSAN ALMERA,5,E01024095,0,4
2024010542913,2024,010542913,2,3,0,11,11,7,3,0,0,0,0,0,0,0,4,1,6,6,1,35,6,125,1,2,SYM JET,2,E01000102,0,2
2024622400452,2024,622400452,1,2,0,18,19,7,3,0,0,0,0,2,0,0,1,1,6,6,1,24,5,124,1,8,SYM JET,10,W01001794,0,2
2024231531709,2024,231531709,2,9,0,-1,4,1,5,-1,0,0,0,0,0,0,2,9,-1,6,2,33,6,2362,1,16,TOYOTA MODEL MISSING,1,E01009047,0,3
2024010516691,2024,010516691,2,9,0,99,99,9,9,99,99,0,9,99,9,99,2,9,6,6,3,-1,-1,2360,1,17,TOYOTA MODEL MISSING,5,E01000450,0,1
2024201464127,2024,201464127,2,9,0,-1,19,2,6,-1,0,8,0,0,0,0,1,1,-1,1,1,54,8,3650,7,9,TOYOTA MODEL MISSING,1,E01008931,0,2
2024401476479,2024,401476479,2,9,0,-1,5,6,2,-1,0,0,0,0,1,0,2,1,-1,6,1,55,8,1320,1,12,TOYOTA MODEL MISSING,3,E01017619,0,1
2024991472778,2024,991472778,1,5,0,-1,19,5,1,-1,0,0,5,0,1,0,4,1,-1,9,1,55,8,689,1,4,YAMAHA TENERE,4,E01020889,0,5
2024522403203,2024,522403203,2,5,0,5,5,4,8,0,0,2,0,0,0,0,3,1,6,6,1,69,10,689,1,5,YAMAHA TENERE,8,E01014700,0,1
2024201518769,2024,201518769,2,9,0,-1,4,1,5,-1,0,0,0,0,0,0,2,1,-1,9,1,63,9,1332,8,0,NISSAN QASHQAI,10,E01019393,0,5
2024201436919,2024,201436919,2,9,0,-1,3,6,2,-1,0,0,0,0,0,0,2,1,-1,6,1,44,7,1197,1,8,NISSAN QASHQAI,6,E01010232,0,1
2024351537260,2024,351537260,2,9,0,-1,3,7,3,-1,0,0,0,0,0,0,2,1,-1,6,2,66,10,1497,8,1,NISSAN QASHQAI,6,E01003663,0,4
2024061405390,2024,061405390,2,9,0,-1,19,5,1,-1,0,0,0,0,0,0,2,1,-1,6,1,26,6,1461,2,9,NISSAN QASHQAI,7,E01025362,0,3
2024141405378,2024,141405378,1,9,0,-1,4,3,7,-1,0,0,0,0,0,0,2,1,-1,9,1,30,6,1332,8,3,NISSAN QASHQAI,4,E01007536,0,2
2024041395208,2024,041395208,1,9,0,-1,19,7,3,-1,0,6,0,0,0,0,1,1,-1,9,2,55,8,1332,8,1,NISSAN QASHQAI,3,E01025429,0,2
2024211439365,2024,211439365,2,9,0,-1,9,8,4,-1,0,6,0,0,0,0,4,1,-1,7,1,37,7,1332,1,4,NISSAN QASHQAI,1,E01014255,0,1
2024311423032,2024,311423032,1,9,0,-1,7,3,8,-1,0,1,0,0,1,0,4,1,-1,1,2,45,7,1332,8,2,NISSAN QASHQAI,9,E01033776,0,1
2024201472542,2024,201472542,1,9,0,-1,7,7,1,-1,0,0,0,0,0,0,4,1,-1,9,2,25,5,1461,2,7,NISSAN QASHQAI,4,E01009497,0,1
2024461479240,2024,461479240,2,9,0,-1,4,7,3,-1,0,1,0,0,0,0,2,1,-1,9,1,33,6,1598,2,12,NISSAN QASHQAI,4,E01024681,0,1
2024052402559,2024,052402559,3,9,0,4,4,4,8,0,0,8,0,0,0,0,3,1,2,2,2,41,7,1598,1,14,NISSAN QASHQAI,1,E01006542,0,1
2024340WN5432,2024,340WN5432,2,9,0,-1,19,1,5,-1,0,0,1,0,5,6,4,1,-1,6,1,53,8,1497,8,0,NISSAN QASHQAI,1,E01005569,0,5
2024141515816,2024,141515816,1,9,0,-1,3,4,7,-1,0,0,0,0,0,0,2,1,-1,9,1,35,6,1461,2,14,NISSAN QASHQAI,3,E01033769,0,3
2024522401140,2024,522401140,3,9,0,4,4,6,2,0,0,0,0,0,0,0,1,1,6,6,2,35,6,1461,2,14,NISSAN QASHQAI,1,E01014605,0,1
2024421416186,2024,421416186,2,9,0,-1,19,2,6,-1,0,0,0,0,0,0,2,1,-1,9,1,33,6,1332,1,3,NISSAN QASHQAI,2,E01022055,0,4
2024201526280,2024,201526280,1,9,0,-1,19,2,6,-1,0,6,0,0,0,0,1,1,-1,6,1,36,7,1461,2,6,NISSAN QASHQAI,8,E01014957,0,5
2024221417996,2024,221417996,2,9,0,-1,19,4,7,-1,0,8,0,0,0,0,1,1,-1,6,1,32,6,1461,2,7,NISSAN QASHQAI,6,E01021362,0,5
2024451486958,2024,451486958,1,9,0,-1,3,7,3,-1,0,0,0,0,0,0,2,1,-1,2,1,42,7,1598,1,14,NISSAN QASHQAI,8,E01030859,0,2
2024010547241,2024,010547241,1,9,0,1,1,7,3,0,0,6,0,0,0,0,2,1,6,6,1,67,10,1461,2,7,NISSAN QASHQAI,-1,-1,0,-1
2024421411734,2024,421411734,3,9,0,-1,3,1,5,-1,0,8,0,0,0,0,2,1,-1,6,1,59,9,1461,2,5,NISSAN QASHQAI,8,E01021867,0,1
2024201520219,2024,201520219,1,9,0,-1,19,4,8,-1,0,8,0,0,0,0,4,1,-1,9,1,23,5,1199,1,0,VAUXHALL CORSA,4,E01008891,0,2
2024451497724,2024,451497724,1,9,0,-1,11,7,3,-1,0,0,0,0,0,0,2,1,-1,9,1,18,4,998,1,12,VAUXHALL CORSA,4,E01016519,0,4
2024543356724,2024,543356724,1,9,0,18,19,5,1,0,0,0,0,0,0,0,1,1,6,6,1,49,8,998,1,10,VAUXHALL CORSA,9,E01031847,0,1
2024411452370,2024,411452370,2,9,0,-1,19,7,3,-1,0,0,0,2,0,0,4,1,-1,6,2,50,8,1398,1,11,VAUXHALL CORSA,6,E01003742,0,4
2024010520598,2024,010520598,2,9,0,99,99,9,9,99,99,9,9,99,9,99,1,9,6,6,3,-1,-1,1248,2,8,VAUXHALL CORSA,3,E01001983,0,1
2024101495902,2024,101495902,1,9,0,-1,19,1,5,-1,0,0,0,0,0,0,1,1,-1,9,1,78,11,1398,1,7,VAUXHALL CORSA,7,E01008529,0,2
2024311471474,2024,311471474,1,9,0,-1,15,8,4,-1,0,1,0,0,0,0,4,1,-1,6,2,25,5,1364,1,16,VAUXHALL CORSA,-1,-1,0,-1
2024010540768,2024,010540768,2,9,0,9,9,1,7,0,0,6,0,0,0,0,4,1,2,2,2,44,7,1229,1,14,VAUXHALL CORSA,4,E01000171,0,1
2024471492311,2024,471492311,1,9,0,-1,19,7,3,-1,0,0,0,4,0,0,1,1,-1,2,1,36,7,1229,1,16,VAUXHALL CORSA,8,E01021150,0,1
2024451433005,2024,451433005,1,9,0,-1,19,1,5,-1,0,0,0,0,0,0,1,1,-1,9,1,30,6,1248,2,14,VAUXHALL CORSA,6,E01016416,0,4
2024141521609,2024,141521609,1,9,0,-1,19,1,5,-1,0,0,0,0,0,0,1,1,-1,9,2,37,7,1362,1,12,VAUXHALL CORSA,10,E01007826,0,3
2024610032924,2024,610032924,1,9,0,4,4,1,5,0,0,0,0,0,0,0,2,1,2,2,1,22,5,1398,1,11,VAUXHALL CORSA,6,W01001437,0,2
2024361525145,2024,361525145,2,9,0,-1,4,3,7,-1,0,0,0,0,0,0,2,1,-1,6,1,25,5,1398,1,8,VAUXHALL CORSA,8,E01026559,0,2
2024631460061,2024,631460061,2,9,0,-1,4,4,1,-1,0,1,0,0,1,4,2,1,-1,2,2,18,4,1229,1,13,VAUXHALL CORSA,6,W01000501,0,1
2024461440033,2024,461440033,5,9,0,-1,19,8,4,-1,0,1,0,0,0,0,1,1,-1,6,2,57,9,1229,1,13,VAUXHALL CORSA,6,E01024709,0,1
2024041521222,2024,041521222,3,9,0,-1,8,4,6,-1,0,8,0,0,0,0,1,1,-1,9,1,61,9,1199,1,4,VAUXHALL CORSA,1,E01012574,0,1
2024131509624,2024,131509624,1,9,0,-1,19,1,5,-1,0,0,0,0,0,0,1,1,-1,6,1,55,8,1199,1,2,VAUXHALL CORSA,3,-1,0,5
2024221484834,2024,221484834,2,9,0,-1,3,5,1,-1,0,0,0,0,0,0,2,1,-1,2,2,20,4,1229,1,18,VAUXHALL CORSA,5,E01014041,0,3
2024010529758,2024,010529758,1,9,0,5,5,7,3,0,0,1,0,0,0,0,1,1,6,6,2,30,6,-1,3,3,VAUXHALL CORSA,2,E01001388,0,1
2024461496010,2024,461496010,2,9,0,-1,19,7,7,-1,0,0,0,0,0,0,4,1,-1,9,1,20,4,1199,1,1,VAUXHALL CORSA,3,E01016021,0,4
2024010514267,2024,010514267,2,9,0,13,13,9,9,99,99,0,9,99,9,99,9,9,6,6,3,-1,-1,1229,1,11,VAUXHALL CORSA,-1,-1,0,-1
2024010514542,2024,010514542,2,9,0,18,19,2,6,0,0,1,0,0,0,0,1,1,2,2,1,27,6,1229,1,13,VAUXHALL CORSA,6,E01004530,0,2
2024421420856,2024,421420856,1,9,0,-1,19,6,2,-1,0,0,0,0,0,0,1,1,-1,2,1,44,7,1229,1,12,VAUXHALL CORSA,10,E01021447,0,1
2024451444216,2024,451444216,1,9,0,-1,19,6,2,-1,0,0,0,0,1,0,1,1,-1,9,1,40,7,1398,1,7,VAUXHALL CORSA,10,E01022851,0,4
2024131474063,2024,131474063,1,9,0,-1,19,1,5,-1,0,0,0,0,0,0,1,1,-1,6,1,47,8,1199,1,4,VAUXHALL CORSA,6,E01010957,0,2
2024440170821,2024,440170821,3,9,0,18,19,6,2,0,0,1,0,0,0,0,1,1,6,6,1,27,6,1364,1,15,VAUXHALL CORSA,6,E01017212,0,1
2024070139839,2024,070139839,1,9,0,6,6,8,4,0,0,1,0,0,0,0,3,1,6,6,1,21,5,1229,1,15,VAUXHALL CORSA,10,E01007190,0,1
2024141423708,2024,141423708,2,9,0,-1,9,5,1,-1,0,8,0,2,0,0,1,1,-1,9,1,46,8,1398,1,5,VAUXHALL CORSA,5,E01007653,0,2
2024361497132,2024,361497132,2,9,0,-1,19,1,5,-1,0,1,0,0,0,0,4,1,-1,9,1,54,8,1364,1,17,VAUXHALL CORSA,1,E01026598,0,1
2024010530843,2024,010530843,1,9,0,9,9,3,1,0,0,6,0,0,0,0,1,1,6,6,1,26,6,1364,1,15,VAUXHALL CORSA,6,E01002200,0,2
2024101517453,2024,101517453,1,9,0,-1,19,7,3,-1,0,0,0,0,0,0,1,1,-1,6,1,41,7,1398,1,8,VAUXHALL CORSA,2,E01008813,0,1
2024991513689,2024,991513689,2,9,0,-1,19,7,3,-1,0,0,0,0,0,0,2,1,-1,6,2,25,5,1398,1,5,VAUXHALL CORSA,3,-1,0,4
2024531505823,2024,531505823,1,9,0,-1,19,5,1,-1,0,0,0,0,0,0,1,1,-1,6,1,17,4,1229,1,14,VAUXHALL CORSA,3,E01031956,0,4
2024221454693,2024,221454693,3,9,0,-1,4,6,2,-1,0,0,0,0,0,0,2,1,-1,6,2,56,9,1398,1,7,VAUXHALL CORSA,8,E01018677,0,5
2024440546822,2024,440546822,2,9,0,4,4,7,3,0,0,8,0,0,0,0,1,1,2,2,2,24,5,1229,1,12,VAUXHALL CORSA,10,E01022740,0,1
2024161479361,2024,161479361,1,9,0,-1,9,6,4,-1,0,1,0,0,0,0,1,1,-1,9,1,19,4,998,1,11,VAUXHALL CORSA,10,E01013108,0,1
2024471487645,2024,471487645,1,9,0,-1,9,3,1,-1,0,6,0,0,0,0,1,1,-1,6,2,17,4,1398,1,10,VAUXHALL CORSA,7,E01031343,0,1
2024401408907,2024,401408907,2,9,0,-1,4,4,8,-1,0,0,0,0,0,0,2,9,-1,6,1,26,6,1199,1,20,VAUXHALL CORSA,8,E01023850,0,4
2024631460061,2024,631460061,1,9,0,-1,19,4,7,-1,0,1,0,0,7,10,1,1,-1,1,1,35,6,999,1,9,VAUXHALL CORSA,7,W01000470,0,2
2024010539671,2024,010539671,1,9,0,99,99,9,9,99,99,9,9,99,9,99,2,9,6,6,2,38,7,999,1,1,VOLKSWAGEN T-CROSS,3,E01003975,0,1
2024461420460,2024,461420460,1,3,0,-1,19,5,1,-1,0,0,0,0,0,0,1,1,-1,6,1,20,4,124,1,16,YAMAHA YBR,3,E01024777,0,2
2024201456560,2024,201456560,1,4,0,-1,19,6,5,-1,0,2,2,0,0,0,2,1,-1,9,1,18,4,125,1,9,YAMAHA YBR,1,E01033888,0,1
2024010546277,2024,010546277,1,5,0,18,19,3,7,0,0,0,0,0,0,0,1,1,2,2,1,32,6,999,1,4,BMW S 1000,10,E01023092,0,4
2024471465024,2024,471465024,2,3,0,-1,14,3,7,-1,0,0,0,0,0,0,4,1,-1,2,1,61,9,125,1,5,HONDA Z 125,8,E01031726,0,1
2024451431679,2024,451431679,1,21,0,-1,-1,-1,-1,-1,-1,0,-1,-1,-1,0,-1,9,-1,6,3,-1,-1,12419,2,2,MAN MODEL MISSING,-1,-1,0,-1
2024991472756,2024,991472756,2,21,5,-1,19,5,1,-1,0,0,1,0,0,0,1,1,-1,1,1,61,9,12419,2,4,MAN MODEL MISSING,1,E01008664,0,5
2024211523388,2024,211523388,2,21,1,-1,19,8,4,-1,0,0,0,0,0,0,2,1,-1,1,1,48,8,12419,2,7,MAN MODEL MISSING,4,E01015785,0,5
2024052402559,2024,052402559,1,11,0,18,19,4,8,0,0,6,0,0,8,10,1,1,6,6,1,41,7,6871,2,15,MAN MODEL MISSING,1,E01006965,0,1
2024131484705,2024,131484705,2,21,0,-1,19,4,8,-1,0,0,0,0,0,0,1,1,-1,1,1,27,6,12419,2,1,MAN MODEL MISSING,5,E01011534,0,2
2024211523388,2024,211523388,3,21,1,-1,12,8,4,-1,0,0,0,0,0,0,3,1,-1,1,1,65,9,12419,2,1,MAN MODEL MISSING,-1,-1,0,-1
2024201463008,2024,201463008,1,21,0,-1,11,6,2,-1,0,0,0,0,0,0,3,9,-1,1,1,45,7,12419,2,2,MAN MODEL MISSING,-1,-1,0,-1
2024411463890,2024,411463890,1,9,0,-1,19,7,3,-1,0,0,1,2,0,0,1,1,-1,6,1,69,10,1332,8,1,MERCEDES B CLASS,5,E01033795,0,5
2024010495571,2024,010495571,2,11,0,5,5,9,9,99,99,0,9,99,9,99,9,9,6,6,3,-1,-1,5132,2,6,VOLVO MODEL MISSING,3,E01001311,0,3
2024991419742,2024,991419742,1,21,0,-1,19,5,1,-1,0,0,0,2,0,0,1,1,-1,1,-1,34,6,10837,2,11,VOLVO MODEL MISSING,-1,-1,0,-1
2024010514202,2024,010514202,1,11,0,4,4,1,5,0,0,8,0,0,0,0,2,1,1,1,1,58,9,5132,2,7,VOLVO MODEL MISSING,3,E01001894,0,1
2024141475375,2024,141475375,1,21,0,-1,3,1,5,-1,0,0,0,0,0,0,2,1,-1,1,1,43,7,12777,5,2,VOLVO MODEL MISSING,8,E01007756,0,3
2024991490004,2024,991490004,2,21,1,-1,19,7,3,-1,0,0,0,0,0,0,2,1,-1,1,1,76,11,10837,2,5,VOLVO MODEL MISSING,2,-1,0,4
2024010536180,2024,010536180,2,11,0,18,19,5,1,0,0,6,0,0,0,0,3,1,1,1,1,65,9,5132,2,7,VOLVO MODEL MISSING,4,E01000185,0,2
2024991447215,2024,991447215,2,90,0,-1,2,0,0,-1,0,0,0,0,0,0,1,1,-1,6,-1,-1,-1,5700,2,7,VOLVO MODEL MISSING,-1,-1,0,-1
2024010527345,2024,010527345,1,19,5,4,4,1,5,9,9,1,0,0,0,0,1,1,6,6,1,40,7,-1,-1,-1,VOLVO MODEL MISSING,3,E01001267,0,3
2024201440997,2024,201440997,1,11,0,-1,19,8,4,-1,0,8,1,0,0,0,1,1,-1,1,1,59,9,7300,2,11,VOLVO MODEL MISSING,7,E01010138,0,2
2024131505025,2024,131505025,1,21,0,-1,19,5,1,-1,0,8,0,0,0,0,1,1,-1,1,1,59,9,12777,2,11,VOLVO MODEL MISSING,5,E01011147,0,3
2024010504761,2024,010504761,1,11,0,18,19,3,7,0,0,1,0,0,0,0,0,1,2,2,1,53,8,9360,2,11,VOLVO MODEL MISSING,8,E01003796,0,4
2024421460222,2024,421460222,2,21,1,-1,4,7,3,-1,0,0,0,0,0,0,2,1,-1,1,1,48,8,10837,2,5,VOLVO MODEL MISSING,9,E01002471,0,4
2024131456073,2024,131456073,3,21,0,-1,3,5,1,-1,0,0,0,0,0,0,2,1,-1,6,3,-1,-1,12777,2,1,VOLVO MODEL MISSING,-1,-1,0,-1
2024520403339,2024,520403339,2,21,0,3,3,4,8,0,0,0,0,0,0,0,4,1,1,1,1,53,8,7698,2,0,VOLVO MODEL MISSING,1,E01029100,0,4
2024991492666,2024,991492666,1,11,0,-1,9,6,8,-1,0,2,0,0,0,0,1,1,-1,9,1,37,7,5132,2,9,VOLVO MODEL MISSING,7,-1,0,2
2024471411756,2024,471411756,1,9,0,-1,19,3,7,-1,0,0,0,0,0,0,1,1,-1,9,2,52,8,1398,2,21,PEUGEOT 206,3,E01031459,0,1
2024201441429,2024,201441429,1,9,0,-1,13,6,2,-1,0,0,1,2,1,2,4,1,-1,6,1,39,7,1587,1,21,PEUGEOT 206,2,E01009566,0,3
2024131402690,2024,131402690,1,21,0,-1,1,3,7,-1,0,0,0,0,0,0,2,1,-1,6,3,-1,-1,10837,2,5,RENAULT TRUCKS MODEL MISSING,-1,-1,0,-1
2024141421541,2024,141421541,3,21,0,-1,19,1,5,-1,0,0,0,0,0,0,2,1,-1,1,1,66,10,12777,2,2,RENAULT TRUCKS MODEL MISSING,3,E01018932,0,5
2024430040727,2024,430040727,2,21,0,4,4,4,8,0,0,0,0,0,0,0,2,1,1,1,1,61,9,10837,2,5,RENAULT TRUCKS MODEL MISSING,8,E01007523,0,5
2024451493830,2024,451493830,1,21,0,-1,19,5,1,-1,0,0,0,0,0,0,1,1,-1,1,1,45,7,5132,2,10,RENAULT TRUCKS MODEL MISSING,4,E01021741,0,4
2024401435007,2024,401435007,2,20,0,-1,4,4,8,-1,0,0,0,0,0,0,2,1,-1,2,1,40,7,-1,-1,-1,CITROEN NEMO,9,E01016833,0,4
2024131489631,2024,131489631,2,9,0,-1,19,7,7,-1,0,8,0,2,0,0,4,1,-1,9,1,70,10,998,1,11,FORD B-MAX,4,E01011477,0,1
2024010537998,2024,010537998,2,9,0,18,19,5,1,0,0,0,0,0,0,0,1,1,1,1,1,58,9,1388,1,11,FORD B-MAX,-1,-1,0,-1
2024451494293,2024,451494293,1,9,0,-1,19,5,1,-1,0,0,1,0,0,0,3,1,-1,9,2,36,7,-1,3,1,HYUNDAI IONIQ,6,E01022486,0,4
2024131484705,2024,131484705,3,8,0,-1,19,4,8,-1,0,0,0,0,0,0,1,1,-1,1,1,49,8,1580,8,5,HYUNDAI IONIQ,1,E01010616,0,3
2024041456899,2024,041456899,2,9,0,-1,5,5,1,-1,0,2,0,0,0,0,2,1,-1,9,1,32,6,1580,8,4,HYUNDAI IONIQ,1,E01024875,0,1
2024991528480,2024,991528480,1,8,0,-1,19,5,1,-1,0,8,0,0,0,0,3,1,-1,9,1,53,8,1580,8,3,HYUNDAI IONIQ,10,-1,0,2
2024010505205,2024,010505205,2,8,0,5,5,3,7,0,0,4,0,0,0,0,1,1,1,1,1,52,8,1580,8,6,HYUNDAI IONIQ,3,E01003525,0,2
2024451486925,2024,451486925,2,9,0,-1,19,7,3,-1,0,0,0,0,0,0,4,1,-1,7,1,57,9,2199,2,12,HYUNDAI SANTA FE,8,E01030567,0,1
2024461479240,2024,461479240,1,9,0,-1,19,7,3,-1,0,1,0,0,0,0,1,1,-1,6,1,77,11,2199,2,12,HYUNDAI SANTA FE,6,E01024700,0,1
2024041428668,2024,041428668,1,9,0,-1,13,5,3,-1,0,0,0,7,0,0,3,1,-1,2,2,52,8,1360,1,17,PEUGEOT 207,7,E01024905,0,1
2024221518889,2024,221518889,2,9,0,-1,3,2,5,-1,0,0,0,0,0,0,2,1,-1,1,1,37,7,1560,2,18,PEUGEOT 207,7,E01028976,0,1
2024010534784,2024,010534784,1,9,0,12,12,5,1,0,0,0,2,2,0,0,2,1,6,6,1,66,10,1995,2,15,RENAULT LAGUNA,5,E01033446,0,4
2024311513598,2024,311513598,1,9,-1,-1,10,5,3,-1,0,2,0,0,0,0,4,9,-1,6,1,26,6,1598,2,10,SKODA RAPID,3,E01013930,0,1
2024101459297,2024,101459297,2,9,0,-1,3,3,7,-1,0,0,0,0,0,0,2,1,-1,6,2,32,6,1422,2,8,SKODA RAPID,7,E01008197,0,1
2024111489445,2024,111489445,2,8,0,-1,3,3,7,-1,0,0,0,0,0,0,2,1,-1,1,1,30,6,1598,2,9,SKODA RAPID,-1,-1,0,-1
2024440036484,2024,440036484,1,9,0,18,19,7,3,0,0,0,0,0,0,0,1,1,6,6,1,50,8,999,1,5,SKODA RAPID,5,E01030484,0,4
2024131510011,2024,131510011,2,9,0,-1,7,1,3,-1,0,0,0,0,0,0,2,1,-1,6,1,25,5,1984,1,6,AUDI S3,2,E01011224,0,1
2024522401629,2024,522401629,2,9,0,18,19,8,4,0,0,8,0,0,0,0,1,1,6,6,1,49,8,1984,1,8,AUDI S3,10,E01014911,0,1
2024010541137,2024,010541137,1,9,0,9,9,1,7,0,0,8,0,0,0,0,3,1,6,6,1,26,6,1984,1,9,AUDI S3,10,E01023711,0,4
2024522401629,2024,522401629,1,9,0,9,9,4,2,0,0,6,0,0,0,0,1,1,6,6,1,28,6,1124,1,16,CITROEN C2,4,E01015020,0,1
2024531512174,2024,531512174,2,19,0,-1,3,5,1,-1,0,0,0,0,0,0,2,1,-1,2,1,29,6,1499,2,6,FORD TRANSIT CONNECT,10,E01022172,0,1
2024451482691,2024,451482691,3,19,0,-1,19,7,3,-1,0,0,0,0,0,0,2,1,-1,6,1,40,7,1499,2,1,FORD TRANSIT CONNECT,-1,-1,0,-1
2024302401017,2024,302401017,1,19,0,4,4,8,4,0,0,0,0,0,0,0,1,1,6,6,1,25,5,1753,2,16,FORD TRANSIT CONNECT,2,E01019562,0,2
2024471495175,2024,471495175,1,19,0,-1,7,3,5,-1,0,6,0,0,0,0,3,1,-1,2,1,45,7,1753,2,20,FORD TRANSIT CONNECT,3,E01031430,0,3
2024010528078,2024,010528078,1,3,0,9,9,1,6,0,0,1,0,0,0,0,2,1,1,1,2,32,6,108,1,8,HONDA NSC,4,E01001182,0,2
2024010529961,2024,010529961,1,3,0,18,19,1,5,0,0,8,0,0,0,0,1,1,6,6,1,33,6,110,1,2,HONDA NSC,-1,-1,0,-1
2024010506796,2024,010506796,2,3,0,14,14,3,7,0,0,1,5,8,0,0,3,1,6,6,1,19,4,110,1,2,HONDA NSC,1,E01000596,0,2
2024010529544,2024,010529544,1,3,0,3,3,7,3,0,0,0,0,0,0,0,1,1,1,1,1,54,8,108,1,5,HONDA NSC,4,E01003513,0,1
2024010541137,2024,010541137,2,3,0,18,19,5,1,0,0,4,0,0,0,0,1,1,6,6,1,30,6,108,1,5,HONDA NSC,3,E01000143,0,1
2024991442643,2024,991442643,2,9,0,-1,4,3,7,-1,0,2,0,0,0,0,2,1,-1,1,1,42,7,1598,8,2,KIA SPORTAGE,3,E01008163,0,5
2024061458230,2024,061458230,3,9,0,-1,19,3,7,-1,0,1,0,0,0,0,2,1,-1,6,2,53,8,1598,1,0,KIA SPORTAGE,3,E01005536,0,1
2024351479631,2024,351479631,2,9,0,-1,19,5,1,-1,0,0,0,0,0,0,2,1,-1,6,1,31,6,1598,8,0,KIA SPORTAGE,7,E01026275,0,4
2024461420460,2024,461420460,2,9,0,-1,4,5,1,-1,0,0,0,0,0,0,2,1,-1,6,2,26,6,1685,2,9,KIA SPORTAGE,4,E01024767,0,1
2024041411675,2024,041411675,1,9,0,-1,19,7,3,-1,0,1,0,0,0,0,1,1,-1,9,2,36,7,1591,1,5,KIA SPORTAGE,8,E01005713,0,4
2024221516476,2024,221516476,2,9,0,-1,14,3,8,-1,0,0,0,0,0,0,3,1,-1,6,2,37,7,1591,1,8,KIA SPORTAGE,6,E01010200,0,1
2024131403253,2024,131403253,3,9,0,-1,19,7,3,-1,0,8,0,0,0,0,0,1,-1,2,1,54,8,1591,1,3,KIA SPORTAGE,7,E01010858,0,3
2024070297110,2024,070297110,2,9,0,3,3,8,4,0,0,1,0,2,0,0,0,1,6,6,1,44,7,1685,2,12,KIA SPORTAGE,1,E01018521,0,1
2024451517570,2024,451517570,1,9,0,-1,5,3,1,-1,0,8,0,0,0,0,3,1,-1,7,2,49,8,1591,1,8,KIA SPORTAGE,8,E01030865,0,1
2024471497237,2024,471497237,2,9,0,-1,3,5,1,-1,0,0,0,0,0,0,2,1,-1,9,1,64,9,1995,2,7,KIA SPORTAGE,6,E01031484,0,2
2024302401199,2024,302401199,1,9,0,9,9,7,4,0,0,8,0,0,0,0,1,1,6,6,1,68,10,1598,8,1,KIA SPORTAGE,10,E01019727,0,1
2024131402690,2024,131402690,2,9,0,-1,3,3,7,-1,0,0,0,0,0,0,1,1,-1,6,2,46,8,1598,8,2,RENAULT ARKANA,10,E01007617,0,3
2024451520972,2024,451520972,3,9,0,-1,19,3,7,-1,0,0,0,0,0,0,2,9,-1,1,1,35,6,-1,3,2,VOLVO C40,5,E01031523,0,4
2024461456934,2024,461456934,1,9,0,-1,19,3,7,-1,0,0,0,0,0,0,2,1,-1,9,1,65,9,1968,2,10,AUDI Q5,10,E01017763,0,5
2024101525283,2024,101525283,2,9,0,-1,3,7,3,-1,0,1,0,0,1,0,2,1,-1,6,1,79,11,1968,2,10,AUDI Q5,6,E01027484,0,2
2024161414745,2024,161414745,2,9,0,-1,19,2,6,-1,0,0,1,0,0,0,1,1,-1,2,2,34,6,1984,8,1,AUDI Q5,3,E01007676,0,4
2024991453097,2024,991453097,4,9,0,-1,19,1,5,-1,0,0,0,0,0,0,1,1,-1,9,2,53,8,1968,2,9,AUDI Q5,8,-1,0,5
2024552401275,2024,552401275,1,9,0,12,12,6,2,0,0,0,0,0,0,0,3,1,6,6,1,75,10,1968,2,10,AUDI Q5,9,E01027507,0,5
2024201421382,2024,201421382,3,9,0,-1,2,0,0,-1,0,0,0,4,0,0,1,1,-1,6,1,50,8,1968,2,4,AUDI Q5,7,E01010360,0,2
2024010502434,2024,010502434,2,5,0,18,19,5,1,0,0,0,0,0,0,0,1,1,6,6,1,46,8,1157,1,18,BMW K SERIES,-1,-1,0,-1
2024070139839,2024,070139839,2,5,0,18,19,8,4,0,0,1,5,0,4,0,4,1,6,6,1,62,9,1649,1,5,BMW K SERIES,6,E01007286,0,2
2024010503848,2024,010503848,1,9,0,99,99,9,9,0,0,0,9,99,9,99,2,9,6,6,2,61,9,1200,1,4,CITROEN C5,6,E01017592,0,4
2024401477242,2024,401477242,1,20,0,-1,19,8,4,-1,0,0,0,0,0,0,1,1,-1,2,1,62,9,2198,2,8,FORD TRANSIT,3,E01017433,0,3
2024041468608,2024,041468608,1,19,0,-1,4,3,7,-1,0,0,0,0,0,0,1,1,-1,1,1,29,6,2198,2,9,FORD TRANSIT,2,E01008263,0,5
2024440103598,2024,440103598,2,19,0,13,13,3,7,0,0,0,0,0,0,0,4,1,6,6,3,-1,-1,1995,2,5,FORD TRANSIT,-1,-1,0,-1
2024361485344,2024,361485344,2,19,0,-1,3,7,3,-1,0,0,0,0,0,0,2,1,-1,1,1,39,7,1995,2,0,FORD TRANSIT,8,E01026530,0,2
2024401539759,2024,401539759,1,19,0,-1,19,7,3,-1,0,0,0,0,0,0,1,1,-1,1,1,63,9,1995,2,6,FORD TRANSIT,4,E01000132,0,4
2024211410469,2024,211410469,1,19,0,-1,3,6,2,-1,0,0,0,0,0,0,3,9,-1,1,1,35,6,2198,2,7,FORD TRANSIT,-1,-1,0,-1
2024311465520,2024,311465520,2,19,0,-1,2,1,5,-1,0,1,0,0,0,0,3,1,-1,1,1,58,9,1995,2,0,FORD TRANSIT,3,E01028064,0,4
2024991474310,2024,991474310,1,19,0,-1,9,6,4,-1,0,1,0,0,0,0,3,1,-1,1,1,34,6,1995,2,1,FORD TRANSIT,1,-1,0,4
2024471497237,2024,471497237,1,19,0,-1,19,5,1,-1,0,0,1,0,1,1,1,1,-1,6,1,44,7,2198,2,12,FORD TRANSIT,2,E01016918,0,4
2024520402186,2024,520402186,2,19,0,2,2,0,0,0,0,0,0,0,0,0,1,1,6,6,3,-1,-1,1995,2,2,FORD TRANSIT,-1,-1,0,-1
2024010531330,2024,010531330,1,19,0,99,99,9,9,99,99,9,9,99,9,99,9,9,1,1,1,34,6,1995,2,7,FORD TRANSIT,3,E01034151,0,3
2024622400540,2024,622400540,1,90,0,1,1,3,7,0,0,1,0,0,0,0,2,1,1,1,1,25,5,-1,-1,-1,FORD TRANSIT,3,W01001963,0,4
2024070727324,2024,070727324,3,20,0,-1,2,0,0,-1,-1,0,0,0,0,0,2,1,-1,1,1,32,6,1995,2,5,FORD TRANSIT,5,E01004988,0,4
2024052402559,2024,052402559,4,19,0,4,4,8,4,0,0,2,1,0,1,10,1,1,2,2,1,29,6,1995,2,1,FORD TRANSIT,1,E01006648,0,1
2024501522950,2024,501522950,2,19,0,-1,19,3,7,-1,0,0,0,0,0,0,2,1,-1,6,1,47,8,2198,2,13,FORD TRANSIT,3,E01015148,0,1
2024552401148,2024,552401148,2,19,0,2,2,0,0,0,0,0,0,0,0,0,1,1,6,6,3,-1,-1,1995,2,2,FORD TRANSIT,-1,-1,0,-1
2024211410469,2024,211410469,2,19,0,-1,3,6,2,-1,0,0,0,0,0,0,2,9,-1,1,1,35,6,2198,2,7,FORD TRANSIT,9,E01029744,0,4
2024411495307,2024,411495307,1,19,0,-1,4,3,3,-1,0,0,0,0,0,0,1,1,-1,1,1,41,7,2198,2,8,FORD TRANSIT,3,E01015730,0,3
2024471455982,2024,471455982,1,19,0,-1,5,2,5,-1,0,0,0,0,0,0,1,1,-1,2,1,64,9,2198,2,11,FORD TRANSIT,1,E01017102,0,4
2024461424651,2024,461424651,2,19,0,-1,3,4,8,-1,0,0,0,7,0,0,2,1,-1,1,1,32,6,1995,2,2,FORD TRANSIT,5,E01024223,0,4
2024501517750,2024,501517750,2,19,0,-1,2,0,0,-1,0,0,0,0,0,0,2,1,-1,6,1,21,5,1995,2,7,FORD TRANSIT,10,E01020004,0,4
2024041499885,2024,041499885,1,19,4,-1,4,5,1,-1,0,0,0,0,0,0,1,1,-1,1,1,38,7,1995,2,0,FORD TRANSIT,3,E01025097,0,1
2024010544889,2024,010544889,1,90,0,7,7,1,3,0,0,4,0,0,0,0,0,1,1,1,1,37,7,-1,-1,-1,FORD TRANSIT,5,E01035689,0,1
2024552400846,2024,552400846,4,19,0,2,2,0,0,0,0,0,0,4,0,0,2,1,1,1,1,32,6,1995,2,2,FORD TRANSIT,4,E01020438,0,4
2024061458230,2024,061458230,2,19,0,-1,19,3,7,-1,6,1,0,0,0,0,2,1,-1,1,1,32,6,1995,2,0,FORD TRANSIT,3,E01006159,0,3
2024122400328,2024,122400328,3,19,0,18,19,4,8,0,0,0,0,0,0,0,1,1,1,1,1,28,6,2198,2,9,FORD TRANSIT,4,E01025789,0,5
2024361414657,2024,361414657,1,19,0,-1,4,7,3,-1,0,0,0,0,0,0,1,1,-1,9,1,58,9,2198,2,18,FORD TRANSIT,1,E01018108,0,3
2024111462670,2024,111462670,2,19,0,-1,2,0,0,-1,0,0,0,0,0,0,1,1,-1,1,1,43,7,1995,2,2,FORD TRANSIT,4,-1,0,5
2024010515608,2024,010515608,2,5,0,18,19,7,3,0,0,1,0,0,0,0,1,1,6,6,1,36,7,755,1,1,HONDA CB,2,E01000739,0,2
2024010546088,2024,010546088,2,5,0,18,19,1,5,0,0,2,0,0,0,0,1,1,2,2,1,63,9,755,1,1,HONDA CB,5,E01000624,0,2
2024461487797,2024,461487797,2,5,0,-1,15,7,3,-1,0,0,0,0,0,0,3,1,-1,2,1,50,8,649,1,1,HONDA CB,2,E01016009,0,3
2024201515563,2024,201515563,2,5,0,-1,13,0,0,-1,0,1,0,0,0,0,4,1,-1,6,1,20,4,649,1,6,HONDA CB,9,E01010494,0,3
2024201518769,2024,201518769,1,4,0,-1,19,1,5,-1,0,0,0,0,0,0,1,1,-1,9,1,81,11,471,1,2,HONDA CB,4,E01026259,0,5
2024010513103,2024,010513103,1,8,0,99,99,9,9,99,99,9,9,99,9,99,1,9,1,1,1,56,9,2499,2,11,LONDON TAXIS INT. TX4,7,E01023335,0,3
2024141434595,2024,141434595,2,9,0,-1,19,8,4,-1,0,0,0,0,0,0,1,1,-1,1,1,29,6,-1,-1,-1,LONDON TAXIS INT. TX4,2,E01007914,0,2
2024991521039,2024,991521039,1,8,0,-1,19,3,7,-1,0,8,0,0,0,0,1,1,-1,1,1,62,9,1998,2,13,LONDON TAXIS INT. TX4,2,-1,0,1
2024010524757,2024,010524757,2,8,0,9,9,2,7,0,0,5,0,0,0,0,1,1,2,2,1,64,9,2499,2,11,LONDON TAXIS INT. TX4,6,E01021770,0,4
2024010514542,2024,010514542,1,8,0,18,19,4,8,0,0,1,0,0,0,0,1,1,1,1,1,43,7,2776,2,7,LONDON TAXIS INT. TX4,2,E01000954,0,1
2024430362976,2024,430362976,1,9,0,3,3,8,4,0,0,0,0,0,0,0,2,1,6,6,1,45,7,1598,1,12,MINI ONE,10,E01016243,0,3
2024451467191,2024,451467191,1,9,0,-1,3,5,1,-1,0,1,0,2,0,0,1,9,-1,9,2,36,7,1984,1,3,VOLKSWAGEN TIGUAN,9,E01030536,0,1
2024201463008,2024,201463008,2,9,0,-1,19,6,2,-1,0,0,0,0,0,0,4,9,-1,9,1,58,9,1968,2,5,VOLKSWAGEN TIGUAN,9,E01004085,0,5
2024101424830,2024,101424830,2,9,0,-1,3,1,1,-1,0,0,0,0,0,0,2,9,-1,9,1,36,7,1968,2,13,VOLKSWAGEN TIGUAN,-1,-1,0,-1
2024991421963,2024,991421963,3,9,0,-1,3,3,7,-1,0,1,0,0,0,0,1,2,-1,2,2,44,7,1498,8,0,VOLKSWAGEN TIGUAN,9,-1,0,3
2024501407155,2024,501407155,1,9,0,-1,19,2,6,-1,0,0,0,0,0,0,1,9,-1,1,2,33,6,1498,1,1,VOLKSWAGEN TIGUAN,9,E01020023,0,4
2024461526436,2024,461526436,2,9,0,-1,3,2,6,-1,0,0,0,0,1,3,2,1,-1,6,2,52,8,1968,2,6,VOLKSWAGEN TIGUAN,9,E01024256,0,2
2024421420856,2024,421420856,2,9,0,-1,19,6,2,-1,0,0,0,0,0,0,2,1,-1,9,2,43,7,1498,1,1,VOLKSWAGEN TIGUAN,-1,-1,0,-1
2024311520881,2024,311520881,1,9,0,-1,2,0,0,-1,0,0,0,0,0,0,2,1,-1,9,1,49,8,1968,2,1,VOLKSWAGEN TIGUAN,6,E01028283,0,1
2024361469104,2024,361469104,2,9,0,-1,19,6,1,-1,0,1,0,0,0,0,1,1,-1,9,2,36,7,1968,2,3,VOLKSWAGEN TIGUAN,8,E01026500,0,1
2024010533722,2024,010533722,1,9,0,5,5,3,7,4,4,8,0,0,0,0,1,1,1,1,1,45,7,1968,2,0,VOLKSWAGEN TIGUAN,6,E01035280,0,4
2024101517978,2024,101517978,2,9,0,-1,2,1,5,-1,0,0,0,0,0,0,2,1,-1,9,1,35,6,1968,2,5,VOLKSWAGEN TIGUAN,7,E01011591,0,5
2024440528866,2024,440528866,1,9,0,18,19,3,7,0,0,0,0,0,0,0,1,1,6,6,1,-1,-1,1968,2,13,VOLKSWAGEN TIGUAN,-1,-1,0,-1
2024131512689,2024,131512689,1,9,0,-1,11,2,6,-1,0,0,0,0,0,0,4,1,-1,6,3,-1,-1,1560,2,14,VOLVO C30,-1,-1,0,-1
2024010529724,2024,010529724,1,1,0,14,14,1,5,0,0,0,0,4,0,0,3,1,1,1,2,26,6,-1,-1,-1,-1,5,E01002083,0,1
2024302401422,2024,302401422,3,9,0,4,4,6,2,0,0,0,0,0,0,0,0,1,6,6,3,-1,-1,-1,-1,-1,-1,5,E01019456,0,4
2024543736224,2024,543736224,2,1,0,18,19,7,3,0,0,1,0,0,0,0,4,1,6,6,1,54,8,-1,-1,-1,-1,10,E01022884,0,4
2024440170821,2024,440170821,2,9,0,4,4,6,2,0,0,1,0,0,0,0,2,1,2,2,2,32,6,-1,-1,-1,-1,5,E01023027,0,3
2024440478586,2024,440478586,1,1,0,14,14,7,3,0,0,8,0,0,0,0,1,1,6,6,1,30,6,-1,-1,-1,-1,7,E01004550,0,5
2024991418380,2024,991418380,1,9,0,-1,19,5,1,-1,0,1,0,2,0,0,1,1,-1,6,1,20,4,-1,-1,-1,-1,-1,-1,0,-1
2024070387038,2024,070387038,1,19,0,18,19,6,2,0,0,0,0,0,0,0,1,1,6,6,1,-1,-1,-1,-1,-1,-1,-1,-1,0,-1
2024451430877,2024,451430877,1,9,0,-1,9,7,3,-1,0,0,0,0,0,0,3,1,-1,9,2,56,9,-1,-1,-1,-1,5,E01024485,0,2
2024991402731,2024,991402731,2,9,0,-1,3,3,7,-1,0,0,0,0,0,0,1,1,-1,6,2,28,6,-1,-1,-1,-1,6,-1,0,1
2024010487996,2024,010487996,1,9,0,9,9,6,3,0,0,5,0,0,0,0,3,1,6,6,1,69,10,-1,-1,-1,-1,4,E01001799,0,1
2024461488881,2024,461488881,2,9,0,-1,19,7,3,-1,0,4,1,9,1,10,4,9,-1,2,2,26,6,-1,-1,-1,-1,2,E01024390,0,4
2024010521702,2024,010521702,2,33,0,18,19,3,7,0,0,1,0,0,0,0,1,1,6,6,1,46,8,-1,-1,-1,-1,8,E01001300,1,1
2024461417893,2024,461417893,2,9,0,-1,2,0,0,-1,0,1,1,0,0,0,2,1,-1,6,-1,-1,-1,-1,-1,-1,-1,-1,-1,0,-1
2024991467598,2024,991467598,2,9,0,-1,19,7,4,-1,0,0,0,0,0,0,1,1,-1,6,2,42,7,-1,-1,-1,-1,-1,-1,0,-1
2024010490158,2024,010490158,2,9,0,18,19,1,5,0,0,0,0,0,0,0,1,1,6,6,3,-1,-1,-1,-1,-1,-1,-1,-1,0,-1
2024111451915,2024,111451915,2,9,0,-1,2,0,0,-1,9,2,0,0,0,0,4,1,-1,6,1,37,7,-1,-1,-1,-1,2,E01034502,0,3
2024451463319,2024,451463319,1,9,0,-1,19,1,5,-1,0,0,0,0,0,0,1,9,-1,6,3,45,7,-1,-1,-1,-1,-1,-1,0,-1
2024461485821,2024,461485821,2,9,0,-1,4,5,1,-1,0,0,0,0,0,0,2,1,-1,9,1,21,5,-1,-1,-1,-1,1,E01024049,0,4
2024520403447,2024,520403447,2,9,0,18,19,4,8,0,0,0,0,0,0,0,1,1,6,6,1,26,6,-1,-1,-1,-1,7,E01029092,0,1
2024010538608,2024,010538608,1,1,9,99,99,9,9,99,99,9,9,99,9,99,9,1,1,1,1,18,4,-1,-1,-1,-1,4,E01000035,0,2
2024010494018,2024,010494018,2,1,9,99,99,9,9,99,99,9,9,99,9,99,0,1,6,6,3,-1,-1,-1,-1,-1,-1,6,E01001644,0,1
2024010492954,2024,010492954,1,3,0,5,5,1,5,0,0,1,0,0,0,0,4,1,6,6,1,20,4,-1,-1,-1,-1,2,E01035682,0,1
2024430118680,2024,430118680,1,9,0,9,9,6,3,0,0,5,0,0,0,0,3,1,6,6,1,47,8,-1,-1,-1,-1,8,E01017750,0,1
2024101493062,2024,101493062,2,1,-1,-1,12,4,8,-1,0,0,0,0,0,0,3,1,-1,6,1,30,6,-1,-1,-1,-1,4,E01008244,0,1
2024010498162,2024,010498162,2,1,0,13,13,3,7,4,4,1,0,0,0,0,1,1,2,2,1,32,6,-1,-1,-1,-1,8,E01002690,0,1
2024991513866,2024,991513866,1,90,0,-1,2,6,2,-1,0,0,0,0,0,0,0,1,-1,1,1,31,6,-1,-1,-1,-1,4,-1,0,3
2024010495996,2024,010495996,1,1,9,99,99,9,9,99,99,9,9,99,9,99,1,1,2,2,2,37,7,-1,-1,-1,-1,6,E01001951,0,1
2024141420699,2024,141420699,2,9,0,-1,19,6,2,-1,0,0,0,7,0,0,4,1,-1,9,1,80,11,-1,-1,-1,-1,10,E01019793,0,3
2024010514267,2024,010514267,1,1,9,18,19,9,9,99,99,0,9,99,9,99,2,1,6,6,2,22,5,-1,-1,-1,-1,-1,-1,0,-1
2024010505524,2024,010505524,1,9,0,-1,-1,7,3,0,0,1,0,0,0,0,3,1,6,6,1,24,5,-1,-1,-1,-1,5,E01002815,0,1
2024141507723,2024,141507723,4,9,0,-1,19,7,3,-1,0,2,0,0,0,0,2,1,-1,2,1,41,7,-1,-1,-1,-1,3,E01007371,0,1
2024201472542,2024,201472542,2,5,0,-1,19,7,3,-1,0,0,0,0,0,0,1,1,-1,6,-1,-1,-1,-1,-1,-1,-1,-1,-1,0,-1
2024531466291,2024,531466291,2,9,0,-1,9,1,5,-1,0,8,0,0,0,0,2,1,-1,1,1,54,8,-1,-1,-1,-1,9,E01022429,0,3
2024070357776,2024,070357776,2,1,0,12,12,8,4,0,0,0,0,0,0,0,4,1,6,6,2,24,5,-1,-1,-1,-1,8,E01018361,0,1
2024161458616,2024,161458616,2,1,0,-1,14,2,6,-1,0,0,0,0,0,0,1,1,-1,7,1,14,3,-1,-1,-1,-1,2,E01012775,0,1
2024440103598,2024,440103598,1,1,0,18,19,3,7,0,0,0,0,0,0,0,3,1,6,6,1,47,8,-1,-1,-1,-1,7,E01022532,0,4
2024451498348,2024,451498348,1,98,0,-1,19,6,2,-1,0,0,0,0,0,0,1,1,-1,9,1,27,6,-1,-1,-1,-1,5,E01026132,0,5
2024131468121,2024,131468121,2,9,0,-1,2,7,3,-1,0,1,0,0,0,0,1,1,-1,9,2,37,7,-1,-1,-1,-1,2,E01011149,0,1
2024010493194,2024,010493194,1,1,9,99,99,9,9,99,99,9,9,99,9,99,9,1,2,2,2,54,8,-1,-1,-1,-1,6,E01002410,0,1
2024010497262,2024,010497262,1,1,9,99,99,9,9,99,99,9,9,99,9,99,9,1,6,6,1,21,5,-1,-1,-1,-1,4,E01004038,0,1
2024010513658,2024,010513658,1,9,0,18,19,7,3,0,0,8,0,0,0,0,1,9,6,6,3,-1,-1,-1,-1,-1,-1,-1,-1,0,-1
2024010527818,2024,010527818,2,19,4,1,1,1,5,6,6,0,0,4,0,0,2,1,1,1,1,26,6,-1,-1,-1,-1,8,E01017660,0,4
2024461417893,2024,461417893,1,9,0,-1,19,1,5,-1,0,1,0,0,0,0,1,1,-1,6,1,43,7,-1,-1,-1,-1,4,E01000719,0,3
2024010503756,2024,010503756,1,1,9,99,99,9,9,99,99,0,9,99,9,99,9,1,6,6,1,36,7,-1,-1,-1,-1,4,E01003608,0,1
2024451429814,2024,451429814,2,9,0,-1,19,3,7,-1,0,1,0,0,0,0,1,2,-1,1,2,28,6,-1,-1,-1,-1,8,E01030302,0,1
2024131472333,2024,131472333,1,1,0,-1,12,6,2,-1,0,0,0,11,0,0,1,1,-1,6,1,-1,-1,-1,-1,-1,-1,-1,-1,0,-1
2024421523064,2024,421523064,2,9,0,-1,19,7,3,-1,0,0,1,0,0,0,3,1,-1,6,2,52,8,-1,-1,-1,-1,10,E01016665,0,4
2024991430351,2024,991430351,2,9,0,-1,5,8,6,-1,0,2,0,0,0,0,4,1,-1,9,2,37,7,-1,-1,-1,-1,8,-1,0,1
2024531480032,2024,531480032,1,98,0,-1,19,7,3,-1,0,1,0,0,0,0,1,1,-1,1,1,60,9,-1,-1,-1,-1,4,E01029638,0,4
2024010551059,2024,010551059,1,1,0,11,11,1,5,0,0,0,5,0,0,0,3,1,1,1,1,21,5,-1,-1,-1,-1,-1,-1,0,-1
2024340NN1892,2024,340NN1892,1,9,0,-1,19,3,7,-1,0,0,0,0,0,0,1,1,-1,6,1,46,8,-1,-1,-1,-1,1,E01006607,0,5
2024010487696,2024,010487696,1,1,9,99,99,9,9,99,99,9,9,99,9,99,9,1,2,2,1,33,6,-1,-1,-1,-1,3,E01001830,0,1
2024010541767,2024,010541767,1,1,9,99,99,9,9,99,99,9,9,99,9,99,9,1,6,6,1,45,7,-1,-1,-1,-1,5,E01002667,0,1
2024221454693,2024,221454693,2,8,0,-1,19,6,2,-1,0,0,0,0,0,0,1,1,-1,1,1,42,7,-1,-1,-1,-1,1,E01008941,0,4
2024421475046,2024,421475046,1,33,0,-1,19,8,5,-1,0,8,0,0,0,0,3,1,-1,9,1,17,4,-1,-1,-1,-1,5,E01021843,1,1
2024991524874,2024,991524874,2,17,0,-1,2,0,0,-1,0,0,5,0,0,0,4,1,-1,6,-1,-1,-1,-1,-1,-1,-1,-1,-1,0,-1
2024010543487,2024,010543487,1,9,0,18,19,3,7,0,0,0,0,0,0,0,1,1,6,6,1,20,4,-1,-1,-1,-1,7,-1,0,5
2024010505997,2024,010505997,2,1,0,-1,-1,7,3,0,0,0,0,0,0,0,1,1,6,6,1,53,8,-1,-1,-1,-1,7,E01003152,0,3
2024440121220,2024,440121220,1,9,0,18,19,6,2,0,0,1,0,0,0,0,1,1,6,6,3,-1,-1,-1,-1,-1,-1,-1,-1,0,-1
2024122400491,2024,122400491,1,9,0,10,10,3,7,0,0,8,0,0,0,0,0,1,6,6,3,-1,-1,-1,-1,-1,-1,-1,-1,0,-1
2024302401454,2024,302401454,2,9,0,3,3,6,2,0,0,0,0,0,0,0,0,1,6,6,3,-1,-1,-1,-1,-1,-1,5,E01019456,0,2
2024411404254,2024,411404254,3,9,0,-1,19,1,5,-1,0,0,0,0,0,0,2,1,-1,9,2,44,7,-1,-1,-1,-1,7,E01018269,0,3
2024010545938,2024,010545938,1,1,9,99,99,9,9,99,99,9,9,99,9,99,1,1,6,6,3,-1,-1,-1,-1,-1,-1,-1,-1,0,-1
2024010514970,2024,010514970,1,8,0,3,3,5,1,0,0,0,0,0,4,0,2,1,6,6,1,32,6,-1,-1,-1,-1,4,E01033081,0,4
2024631507688,2024,631507688,2,90,5,-1,4,4,8,-1,0,8,0,0,0,0,0,1,-1,1,1,34,6,-1,-1,-1,-1,8,W01000439,0,4
2024302400850,2024,302400850,1,90,0,12,12,1,5,0,0,0,0,0,0,0,2,1,6,6,3,-1,-1,-1,-1,-1,-1,5,E01019456,0,3
2024302401344,2024,302401344,1,9,0,13,13,1,3,0,0,1,1,0,0,0,1,1,6,6,1,27,6,-1,-1,-1,-1,5,E01019861,0,1
2024010497561,2024,010497561,3,4,0,18,19,7,3,0,0,1,0,0,0,0,0,1,1,1,1,-1,-1,-1,-1,-1,-1,-1,-1,0,-1
2024010503850,2024,010503850,1,1,9,99,99,9,9,99,99,0,9,99,9,99,9,1,6,6,1,37,7,-1,-1,-1,-1,3,E01004367,0,1
2024131479608,2024,131479608,2,9,0,-1,19,5,1,-1,0,0,0,0,0,0,2,1,-1,9,1,36,7,-1,-1,-1,-1,7,E01011050,0,2
2024340NN3132,2024,340NN3132,1,9,0,-1,20,5,1,-1,0,1,0,0,0,0,1,1,-1,6,2,-1,-1,-1,-1,-1,-1,-1,-1,0,-1
2024010493142,2024,010493142,2,1,0,16,19,7,3,0,0,2,0,0,0,0,1,1,2,2,1,43,7,-1,-1,-1,-1,8,E01000361,0,3
2024010548855,2024,010548855,1,1,9,99,99,9,9,99,99,9,9,99,9,99,1,1,2,2,1,39,7,-1,-1,-1,-1,9,E01001992,0,2
2024531423459,2024,531423459,2,1,0,-1,19,3,7,-1,0,8,0,0,0,0,3,1,-1,9,1,30,6,-1,-1,-1,-1,6,E01034791,0,1
2024010506758,2024,010506758,2,1,0,18,19,1,5,0,0,8,0,0,0,0,1,1,6,6,1,58,9,-1,-1,-1,-1,9,E01004659,0,1
2024302401199,2024,302401199,2,1,0,18,19,3,7,0,0,8,0,0,0,0,1,1,6,6,1,50,8,-1,-1,-1,-1,7,E01019771,0,4
2024302401294,2024,302401294,2,19,0,18,19,5,1,0,0,0,0,0,0,0,1,1,6,6,1,32,6,-1,-1,-1,-1,9,E01011398,0,4
2024010515581,2024,010515581,1,1,0,15,15,1,5,0,0,0,0,0,0,0,0,1,6,6,2,53,8,-1,-1,-1,-1,7,E01035492,0,2
2024010530251,2024,010530251,1,1,9,99,99,9,9,99,99,9,9,99,9,99,1,1,2,2,1,23,5,-1,-1,-1,-1,8,E01004731,0,1
2024041512477,2024,041512477,2,23,0,-1,19,6,2,-1,0,8,1,0,0,0,1,1,-1,6,1,46,8,-1,-1,-1,-1,1,E01012704,0,1
2024131456073,2024,131456073,1,9,0,-1,19,5,1,-1,0,0,0,0,0,0,1,1,-1,6,3,-1,-1,-1,-1,-1,-1,-1,-1,0,-1
2024531480032,2024,531480032,3,9,0,-1,9,7,4,-1,0,8,0,0,0,0,0,9,-1,6,-1,-1,-1,-1,-1,-1,-1,-1,-1,0,-1
2024010489881,2024,010489881,1,9,0,9,9,3,8,0,0,8,0,0,0,0,1,1,6,6,1,33,6,-1,-1,-1,-1,2,E01002392,0,1
2024010490512,2024,010490512,1,9,0,16,19,5,6,0,0,8,0,0,0,0,1,1,2,2,2,43,7,-1,-1,-1,-1,2,E01003488,0,1
2024010492466,2024,010492466,2,9,0,99,99,9,9,99,99,9,9,99,9,99,9,9,6,6,1,-1,-1,-1,-1,-1,-1,6,E01004715,0,3
2024471404573,2024,471404573,2,9,0,-1,9,4,1,-1,0,8,0,0,0,0,1,1,-1,6,1,20,4,-1,-1,-1,-1,7,E01021182,0,3
2024451487038,2024,451487038,1,9,0,-1,19,5,1,-1,0,0,0,0,0,0,1,9,-1,6,3,55,8,-1,-1,-1,-1,-1,-1,0,-1
2024041398037,2024,041398037,4,9,0,-1,19,5,1,-1,0,1,0,0,0,0,2,9,-1,6,3,-1,-1,-1,-1,-1,-1,-1,-1,0,-1
2024522402956,2024,522402956,2,1,0,5,5,2,8,0,0,6,0,0,0,0,3,1,6,6,2,29,6,-1,-1,-1,-1,7,E01014528,0,1
2024211492675,2024,211492675,1,9,0,-1,19,8,4,-1,0,0,0,0,0,0,1,1,-1,9,1,20,4,-1,-1,-1,-1,1,E01009351,0,3
2024010496912,2024,010496912,2,9,0,18,19,3,7,0,0,2,0,0,0,0,1,1,2,2,1,29,6,-1,-1,-1,-1,-1,-1,0,-1
2024052402040,2024,052402040,1,21,0,11,11,4,8,0,0,0,0,0,0,0,0,1,1,1,1,-1,-1,-1,-1,-1,-1,-1,-1,0,-1
2024061486448,2024,061486448,2,9,0,-1,3,-1,-1,-1,0,1,0,0,0,0,1,1,-1,6,1,-1,-1,-1,-1,-1,-1,1,E01005097,0,2
2024451513591,2024,451513591,2,9,0,-1,5,3,7,-1,0,0,0,0,0,0,3,1,-1,6,2,-1,-1,-1,-1,-1,-1,-1,-1,0,-1
2024010525011,2024,010525011,2,1,0,15,15,2,6,0,0,1,5,8,0,0,4,1,6,6,2,42,7,-1,-1,-1,-1,4,E01000608,0,1
2024010531162,2024,010531162,1,33,0,18,19,5,1,9,9,0,2,0,0,0,1,1,6,6,2,34,6,-1,-1,-1,-1,-1,-1,1,-1
2024010516326,2024,010516326,2,19,0,18,19,3,7,0,0,0,0,0,0,0,1,1,6,6,3,-1,-1,-1,-1,-1,-1,-1,-1,0,-1
2024010491155,2024,010491155,2,19,0,99,99,9,9,99,99,0,9,99,9,99,9,9,6,6,3,-1,-1,-1,-1,-1,-1,-1,-1,0,-1
2024161447665,2024,161447665,1,9,0,-1,11,3,7,-1,0,0,0,0,1,11,1,1,-1,6,1,36,7,-1,-1,-1,-1,1,E01012876,0,4
2024451422601,2024,451422601,2,9,0,-1,19,7,3,-1,0,0,0,0,1,6,4,1,-1,1,1,44,7,-1,-1,-1,-1,6,E01016817,0,5
2024520401358,2024,520401358,2,9,0,3,3,7,3,0,0,0,0,0,0,0,2,1,6,6,1,52,8,-1,-1,-1,-1,10,E01032045,0,4
2024520401358,2024,520401358,1,9,0,4,4,7,3,0,0,0,0,0,0,0,1,1,6,6,1,20,4,-1,-1,-1,-1,6,E01029020,0,1
2024010490445,2024,010490445,1,9,0,18,19,7,3,0,0,0,2,7,1,7,4,1,6,6,1,20,4,-1,-1,-1,-1,2,E01002564,0,1
2024010503756,2024,010503756,2,9,0,99,99,9,9,99,99,0,9,99,9,99,1,9,6,6,3,-1,-1,-1,-1,-1,-1,3,E01035660,0,1
2024010531065,2024,010531065,2,8,0,4,4,1,5,0,0,1,0,0,0,0,2,1,6,6,3,-1,-1,-1,-1,-1,-1,-1,-1,0,-1
2024010508537,2024,010508537,1,9,0,99,99,9,9,99,99,9,9,99,9,99,1,9,6,6,3,-1,-1,-1,-1,-1,-1,-1,-1,0,-1
2024041475208,2024,041475208,1,97,0,-1,19,7,3,-1,0,8,5,0,0,0,4,1,-1,1,1,59,9,-1,-1,-1,-1,7,E01025565,0,4
2024471402313,2024,471402313,3,9,0,-1,19,8,4,-1,0,1,0,0,0,0,-1,9,-1,6,3,-1,-1,-1,-1,-1,-1,-1,-1,0,-1
2024010499269,2024,010499269,3,9,9,99,99,9,9,99,99,9,9,99,9,99,9,9,6,6,1,79,11,-1,-1,-1,-1,3,E01003960,0,2
2024451539657,2024,451539657,1,98,0,-1,3,2,6,-1,6,0,0,0,0,0,3,2,-1,1,1,39,7,-1,-1,-1,-1,-1,-1,0,-1
2024231501620,2024,231501620,1,21,1,-1,19,4,8,-1,0,0,0,0,0,0,1,9,-1,6,3,55,8,-1,-1,-1,-1,-1,-1,0,-1
2024522401714,2024,522401714,2,9,0,12,12,7,3,0,0,1,0,0,0,0,1,1,6,6,1,57,9,-1,-1,-1,-1,2,E01014610,0,1
2024050414472,2024,050414472,1,9,0,18,19,1,5,0,0,0,0,2,0,0,1,1,6,6,1,39,7,-1,-1,-1,-1,7,E01025537,0,3
2024010549692,2024,010549692,1,8,0,99,99,9,9,99,99,9,9,99,9,99,9,1,6,6,1,34,6,-1,-1,-1,-1,3,E01032729,0,4
2024010501990,2024,010501990,2,3,3,18,19,3,7,0,0,1,1,0,0,0,4,1,6,6,1,18,4,-1,-1,-1,-1,5,E01000505,0,1
2024101444783,2024,101444783,1,9,0,-1,19,8,3,-1,0,1,0,0,0,0,1,9,-1,6,3,30,6,-1,-1,-1,-1,-1,-1,0,-1
2024010487684,2024,010487684,1,9,0,18,19,7,3,0,0,2,5,2,7,5,1,1,6,6,1,27,6,-1,-1,-1,-1,4,E01001646,0,2
2024302401344,2024,302401344,3,9,0,17,19,3,1,0,0,1,0,0,0,0,3,1,6,6,1,51,8,-1,-1,-1,-1,8,E01029416,0,1
2024401429863,2024,401429863,1,21,-1,-1,12,5,1,-1,0,0,0,0,0,0,3,9,-1,1,3,-1,-1,-1,-1,-1,-1,-1,-1,0,-1
2024461418782,2024,461418782,2,9,0,-1,5,1,5,-1,0,1,0,0,0,0,1,9,-1,2,1,32,6,-1,-1,-1,-1,-1,-1,0,-1
2024430583134,2024,430583134,2,9,0,6,6,5,5,0,0,0,0,0,0,0,3,1,6,6,1,-1,-1,-1,-1,-1,-1,-1,-1,0,-1
2024010535648,2024,010535648,1,1,9,99,99,9,9,4,4,9,9,99,9,99,1,1,2,2,1,40,7,-1,-1,-1,-1,2,E01002800,0,1
2024451439501,2024,451439501,2,90,0,-1,2,4,8,-1,6,0,0,0,0,0,2,1,-1,1,1,22,5,-1,-1,-1,-1,3,E01023107,0,4
2024010492426,2024,010492426,1,9,0,4,4,7,3,0,0,2,0,0,0,0,1,1,6,6,3,-1,-1,-1,-1,-1,-1,-1,-1,0,-1
2024010493194,2024,010493194,2,8,0,99,99,9,9,99,99,9,9,99,9,99,1,9,6,6,3,-1,-1,-1,-1,-1,-1,-1,-1,0,-1
2024231490424,2024,231490424,2,1,0,-1,19,6,2,-1,0,0,0,0,0,0,3,1,-1,7,1,16,4,-1,-1,-1,-1,10,E01031305,0,1
2024010528146,2024,010528146,2,98,1,99,99,9,9,99,99,9,9,99,9,99,9,9,6,6,3,-1,-1,-1,-1,-1,-1,-1,-1,0,-1
2024131461313,2024,131461313,2,9,0,-1,7,7,3,-1,0,8,0,0,0,0,1,1,-1,6,1,17,4,-1,-1,-1,-1,7,E01034266,0,2
2024131507110,2024,131507110,2,9,0,-1,19,1,5,-1,0,0,0,0,0,0,3,1,-1,9,2,19,4,-1,-1,-1,-1,2,E01026049,0,5
2024430583134,2024,430583134,1,1,0,14,14,5,1,0,0,0,0,0,0,0,4,1,2,2,1,42,7,-1,-1,-1,-1,9,E01035269,0,2
2024991415139,2024,991415139,2,9,0,-1,19,7,3,-1,0,0,0,0,0,0,2,1,-1,6,1,73,10,-1,-1,-1,-1,7,-1,0,3
2024161414707,2024,161414707,1,9,0,-1,9,3,5,-1,0,1,0,0,0,0,0,1,-1,2,2,20,4,-1,-1,-1,-1,6,E01013105,0,1
2024221498634,2024,221498634,1,9,0,-1,19,6,2,-1,0,0,0,0,0,0,3,9,-1,6,3,21,5,-1,-1,-1,-1,-1,-1,0,-1
2024010489809,2024,010489809,1,9,0,99,99,9,9,99,99,9,9,99,9,99,2,9,6,6,2,35,6,-1,-1,-1,-1,7,E01004164,0,1
2024461526436,2024,461526436,1,9,0,-1,19,2,6,-1,0,0,1,4,0,0,1,1,-1,6,1,64,9,-1,-1,-1,-1,3,E01024239,0,2
202454A807624,2024,54A807624,1,20,0,18,19,8,4,0,0,0,0,7,0,0,3,1,6,6,1,48,8,-1,-1,-1,-1,-1,-1,0,-1
2024311471474,2024,311471474,2,1,0,-1,19,8,4,-1,0,1,0,0,0,0,1,1,-1,6,1,41,7,-1,-1,-1,-1,-1,-1,0,-1
2024311508536,2024,311508536,1,1,0,-1,9,2,8,-1,5,1,0,0,0,0,1,1,-1,9,1,12,3,-1,-1,-1,-1,6,E01028142,0,1
2024161414707,2024,161414707,2,33,0,-1,19,3,7,-1,0,8,0,0,0,0,0,9,-1,6,1,14,3,-1,-1,-1,-1,5,E01013107,1,1
2024010490736,2024,010490736,1,9,0,10,10,1,6,0,0,1,0,0,0,0,1,1,6,6,1,37,7,-1,-1,-1,-1,8,E01003815,0,1
2024010492466,2024,010492466,1,9,0,99,99,9,9,99,99,9,9,99,9,99,9,9,6,6,2,33,6,-1,-1,-1,-1,5,E01002652,0,1
2024010495408,2024,010495408,1,9,0,18,19,5,1,0,0,1,0,0,0,0,1,1,6,6,2,29,6,-1,-1,-1,-1,3,E01000630,0,1
2024031463756,2024,031463756,1,9,0,-1,4,1,5,-1,0,0,0,0,0,0,4,9,-1,6,3,24,5,-1,-1,-1,-1,-1,-1,0,-1
2024010491155,2024,010491155,1,19,0,99,99,9,9,99,99,0,9,99,9,99,9,9,2,2,1,31,6,-1,-1,-1,-1,5,E01003743,0,1
2024010529758,2024,010529758,2,1,0,7,7,3,6,0,0,1,0,0,0,0,1,1,6,6,1,16,4,-1,-1,-1,-1,9,E01001299,0,1
2024010493577,2024,010493577,1,9,0,18,19,7,3,0,0,1,5,0,0,0,1,1,6,6,1,22,5,-1,-1,-1,-1,7,E01033133,0,1
2024101468455,2024,101468455,1,1,0,-1,19,1,5,-1,0,0,0,2,0,0,0,1,-1,9,1,48,8,-1,-1,-1,-1,-1,-1,0,-1
2024201434199,2024,201434199,2,9,0,-1,19,5,1,-1,0,0,0,0,0,0,3,1,-1,6,2,40,7,-1,-1,-1,-1,2,E01009891,0,2
2024311469471,2024,311469471,2,9,0,-1,5,5,6,-1,0,3,0,0,1,0,2,9,-1,2,1,30,6,-1,-1,-1,-1,-1,-1,0,-1
2024451463319,2024,451463319,2,1,0,-1,19,1,5,-1,0,0,0,0,0,0,2,1,-1,1,1,16,4,-1,-1,-1,-1,5,E01002590,0,1
2024031463756,2024,031463756,2,1,0,-1,4,1,5,-1,0,0,0,0,0,0,2,1,-1,2,1,40,7,-1,-1,-1,-1,-1,-1,0,-1
2024131478715,2024,131478715,1,9,0,-1,11,1,5,-1,0,0,0,0,0,0,4,1,-1,6,1,-1,-1,-1,-1,-1,-1,-1,-1,0,-1
2024522402072,2024,522402072,1,1,0,18,19,1,5,0,0,8,0,0,0,0,1,1,6,6,1,42,7,-1,-1,-1,-1,5,E01035225,0,2
2024231404462,2024,231404462,1,9,0,-1,19,6,2,-1,0,1,0,0,0,0,2,9,-1,6,1,35,6,-1,-1,-1,-1,-1,-1,0,-1
2024302400951,2024,302400951,1,9,0,18,19,6,2,0,0,2,0,0,0,0,1,1,1,1,1,-1,-1,-1,-1,-1,-1,2,E01009790,0,4
2024351537260,2024,351537260,1,9,0,-1,5,7,3,-1,0,0,0,0,0,0,1,1,-1,6,1,40,7,-1,-1,-1,-1,6,E01018052,0,4
2024430339109,2024,430339109,1,9,0,6,6,5,5,0,0,0,0,0,0,0,3,1,6,6,2,-1,-1,-1,-1,-1,-1,10,E01016708,0,1
2024451494777,2024,451494777,3,9,-1,-1,19,5,1,-1,0,0,0,0,0,0,0,9,-1,6,3,40,7,-1,-1,-1,-1,-1,-1,0,-1
2024991497543,2024,991497543,1,9,0,-1,19,6,2,-1,0,0,2,2,2,1,1,2,-1,9,1,45,7,-1,-1,-1,-1,-1,-1,0,-1
2024010503502,2024,010503502,2,1,0,18,19,7,3,1,1,1,0,0,0,0,1,1,6,6,1,22,5,-1,-1,-1,-1,7,E01000701,0,1
2024061486448,2024,061486448,1,1,0,-1,19,-1,-1,-1,0,1,0,0,0,0,3,1,-1,1,1,21,5,-1,-1,-1,-1,7,E01006169,0,1
2024010494279,2024,010494279,1,1,0,12,12,5,1,0,0,1,0,0,0,0,2,1,1,1,1,30,6,-1,-1,-1,-1,7,E01004634,0,1
2024471456951,2024,471456951,3,9,0,-1,9,6,3,-1,0,0,0,0,0,0,1,9,-1,6,3,-1,-1,-1,-1,-1,-1,-1,-1,0,-1
2024010489024,2024,010489024,1,4,0,18,19,3,7,0,0,1,2,10,7,10,2,1,6,6,1,22,5,-1,-1,-1,-1,2,E01003197,0,1
2024141410015,2024,141410015,1,9,0,-1,4,7,3,-1,0,1,0,0,0,0,1,1,-1,1,2,58,9,-1,-1,-1,-1,9,E01011117,0,2
2024061468228,2024,061468228,2,21,1,-1,12,-1,-1,-1,0,0,0,0,0,0,1,2,-1,6,3,-1,-1,-1,-1,-1,-1,-1,-1,0,-1
2024010497427,2024,010497427,4,9,0,14,14,3,7,0,0,8,0,0,0,0,1,1,6,6,3,-1,-1,-1,-1,-1,-1,-1,-1,0,-1
2024010513239,2024,010513239,1,9,9,99,99,9,9,99,99,9,9,99,9,99,9,9,6,6,3,-1,-1,-1,-1,-1,-1,-1,-1,0,-1
2024311509456,2024,311509456,1,9,0,-1,9,1,5,-1,0,8,0,0,0,0,3,1,-1,6,3,52,8,-1,-1,-1,-1,7,E01028353,0,1
2024302400635,2024,302400635,1,1,0,17,19,8,7,0,0,2,0,0,0,0,1,1,6,6,1,46,8,-1,-1,-1,-1,9,E01013526,0,1
2024522401714,2024,522401714,1,1,0,18,19,3,7,0,0,2,0,0,0,0,1,1,6,6,1,30,6,-1,-1,-1,-1,5,E01033364,0,1
2024302401422,2024,302401422,1,9,0,18,19,6,2,0,0,0,0,0,0,0,1,1,6,6,1,21,5,-1,-1,-1,-1,6,E01033756,0,5
2024991472461,2024,991472461,2,90,0,-1,15,1,5,-1,0,8,0,0,0,0,1,1,-1,1,1,31,6,-1,-1,-1,-1,3,-1,0,1
2024010487533,2024,010487533,1,9,9,99,99,9,9,99,99,9,9,99,9,99,1,1,6,6,1,64,9,-1,-1,-1,-1,3,E01003579,0,1
2024451494777,2024,451494777,2,9,0,-1,99,5,1,-1,0,0,0,0,0,0,1,1,-1,6,2,30,6,-1,-1,-1,-1,6,E01030631,0,4
2024041401825,2024,041401825,2,9,0,-1,19,1,5,-1,0,3,1,0,0,0,1,1,-1,6,2,33,6,-1,-1,-1,-1,8,E01025272,0,1
2024361404123,2024,361404123,1,9,0,-1,4,6,2,-1,0,1,0,0,0,0,1,9,-1,6,1,84,11,-1,-1,-1,-1,5,E01026727,0,1
2024991484851,2024,991484851,2,19,0,-1,4,3,6,-1,0,0,0,4,0,0,2,1,-1,1,2,39,7,-1,-1,-1,-1,9,-1,0,4
2024041518206,2024,041518206,1,9,0,-1,19,1,5,-1,0,0,0,2,0,0,-1,9,-1,6,3,-1,-1,-1,-1,-1,-1,-1,-1,0,-1
2024010490740,2024,010490740,3,90,0,99,99,9,9,99,99,9,9,99,9,99,9,9,6,6,1,56,9,-1,-1,-1,-1,8,E01030718,0,1
2024010521730,2024,010521730,2,9,0,18,19,4,8,0,0,0,0,0,0,0,3,1,6,6,1,42,7,-1,-1,-1,-1,4,E01021817,0,3
2024430244874,2024,430244874,1,8,0,18,19,5,1,0,0,0,0,0,0,0,1,1,1,1,1,-1,-1,-1,-1,-1,-1,-1,-1,0,-1
2024440099264,2024,440099264,2,1,0,14,14,4,8,0,0,1,0,0,0,0,1,1,6,6,1,74,10,-1,-1,-1,-1,10,E01022931,0,1
2024010494797,2024,010494797,2,1,0,18,19,1,5,0,0,1,0,0,0,0,1,1,6,6,1,18,4,-1,-1,-1,-1,4,E01004571,0,1
2024010543121,2024,010543121,1,9,0,18,19,1,5,0,0,8,0,0,0,0,1,1,6,6,3,-1,-1,-1,-1,-1,-1,-1,-1,0,-1
2024451494293,2024,451494293,2,9,0,-1,19,6,2,-1,0,0,0,0,0,0,1,1,-1,1,1,65,9,-1,-1,-1,-1,5,E01021666,0,5
2024531483075,2024,531483075,1,9,4,-1,19,8,4,-1,0,0,0,0,0,0,1,1,-1,1,1,23,5,-1,-1,-1,-1,5,E01014014,0,4
2024461440033,2024,461440033,4,9,0,-1,19,8,4,-1,0,1,0,0,0,0,1,1,-1,2,1,44,7,-1,-1,-1,-1,7,E01024547,0,4
2024010487696,2024,010487696,2,8,0,99,99,9,9,99,99,9,9,99,9,99,9,9,6,6,3,-1,-1,-1,-1,-1,-1,-1,-1,0,-1
2024010493324,2024,010493324,1,9,0,99,99,9,9,99,99,9,9,99,9,99,2,9,6,6,1,34,6,-1,-1,-1,-1,3,E01034221,0,2
2024010513988,2024,010513988,1,9,0,18,19,3,7,0,0,1,0,0,0,0,2,1,2,2,1,48,8,-1,-1,-1,-1,4,E01002592,0,1
2024471495175,2024,471495175,2,1,0,-1,19,1,5,-1,0,8,0,0,0,0,4,1,-1,2,2,28,6,-1,-1,-1,-1,5,E01031806,0,1
2024010540900,2024,010540900,1,90,0,99,99,9,9,99,99,9,9,99,9,99,0,1,6,6,3,58,9,-1,-1,-1,-1,8,E01001601,0,2
2024311513598,2024,311513598,2,1,0,-1,13,5,1,-1,0,2,0,0,0,0,4,1,-1,6,1,23,5,-1,-1,-1,-1,3,E01028212,0,2
2024201434215,2024,201434215,2,99,0,-1,19,4,8,-1,0,0,0,0,0,0,1,9,-1,6,3,-1,-1,-1,-1,-1,-1,-1,-1,0,-1
2024041401825,2024,041401825,1,9,0,-1,19,5,1,-1,0,4,0,0,0,0,0,9,-1,6,3,-1,-1,-1,-1,-1,-1,-1,-1,0,-1
2024131502576,2024,131502576,1,9,0,-1,-1,-1,-1,-1,-1,0,-1,-1,-1,-1,-1,1,-1,6,3,-1,-1,-1,-1,-1,-1,-1,-1,0,-1
2024440430731,2024,440430731,1,9,0,5,5,3,7,0,0,0,0,0,0,0,1,1,6,6,1,75,10,-1,-1,-1,-1,10,E01023218,0,1
2024010540852,2024,010540852,2,1,9,99,99,9,9,99,99,9,9,99,9,99,9,1,2,2,2,29,6,-1,-1,-1,-1,5,E01001720,0,1
2024440214709,2024,440214709,2,19,0,13,13,3,7,0,0,8,0,0,0,0,4,1,6,6,1,-1,-1,-1,-1,-1,-1,-1,-1,0,-1
2024010542039,2024,010542039,2,1,0,18,19,5,1,0,0,1,0,0,0,0,1,1,2,2,1,54,8,-1,-1,-1,-1,4,E01001015,0,3
2024440463288,2024,440463288,1,1,0,18,19,5,1,0,0,0,0,0,0,0,1,1,6,6,1,39,7,-1,-1,-1,-1,8,E01022423,0,4
2024010490512,2024,010490512,2,9,0,9,9,3,1,0,0,4,0,0,0,0,1,1,2,2,1,40,7,-1,-1,-1,-1,5,E01003939,0,2
2024311469471,2024,311469471,1,33,0,-1,5,1,1,-1,0,3,0,0,1,0,1,1,-1,1,1,32,6,-1,-1,-1,-1,-1,-1,1,-1
2024010493719,2024,010493719,2,3,0,7,7,7,1,0,0,2,0,0,0,0,2,1,1,1,1,27,6,-1,-1,-1,-1,-1,-1,0,-1
2024010518950,2024,010518950,1,33,9,99,99,9,9,99,99,9,9,99,9,99,9,9,6,6,2,-1,-1,-1,-1,-1,-1,4,E01001478,1,1
2024010543266,2024,010543266,2,33,0,18,19,7,3,0,0,1,0,0,0,0,1,1,2,2,1,38,7,-1,-1,-1,-1,3,E01034046,1,1
2024531475839,2024,531475839,1,9,0,-1,13,5,1,-1,0,0,1,0,7,1,1,1,-1,9,1,28,6,-1,-1,-1,-1,6,E01017710,0,4
2024221443347,2024,221443347,2,1,0,-1,19,7,3,-1,0,0,0,0,0,0,1,1,-1,6,1,79,11,-1,-1,-1,-1,6,E01009069,0,3
2024010508698,2024,010508698,2,8,0,99,99,9,9,99,99,9,9,99,9,99,9,9,6,6,3,-1,-1,-1,-1,-1,-1,-1,-1,0,-1
2024501511419,2024,501511419,1,90,9,-1,99,1,5,-1,0,8,9,99,0,0,9,9,-1,6,3,-1,-1,-1,-1,-1,-1,-1,-1,0,-1
2024430471844,2024,430471844,1,8,0,5,5,8,4,0,0,6,0,0,0,0,3,1,6,6,1,70,10,-1,-1,-1,-1,1,E01016372,0,1
2024010518902,2024,010518902,2,97,0,18,19,1,5,0,0,8,0,0,0,0,4,1,6,6,3,-1,-1,-1,-1,-1,-1,-1,-1,0,-1
2024010528371,2024,010528371,1,1,9,18,19,9,9,99,99,0,9,99,9,99,9,1,2,2,2,25,5,-1,-1,-1,-1,4,E01000608,0,1
2024010532942,2024,010532942,1,1,9,99,99,9,9,99,99,9,9,99,9,99,9,1,2,2,1,38,7,-1,-1,-1,-1,8,E01004156,0,1
2024430133251,2024,430133251,3,9,0,18,19,5,1,0,0,0,0,0,0,0,3,1,6,6,1,52,8,-1,-1,-1,-1,9,E01016544,0,2
2024010547817,2024,010547817,1,1,9,99,99,9,9,99,99,9,9,99,9,99,1,1,2,2,2,46,8,-1,-1,-1,-1,2,E01001955,0,1
2024010495996,2024,010495996,2,9,0,99,99,9,9,99,99,9,9,99,9,99,2,9,6,6,3,-1,-1,-1,-1,-1,-1,4,E01003146,0,2
2024010539671,2024,010539671,2,90,0,99,99,9,9,99,99,9,9,99,9,99,2,9,6,6,3,-1,-1,-1,-1,-1,-1,-1,-1,0,-1
2024461414337,2024,461414337,1,9,0,-1,19,3,7,-1,0,0,0,0,0,0,1,9,-1,6,3,-1,-1,-1,-1,-1,-1,-1,-1,0,-1
2024461530215,2024,461530215,2,9,0,-1,19,3,7,-1,0,0,0,0,0,0,4,1,-1,9,1,52,8,-1,-1,-1,-1,5,E01000379,0,4
2024010528371,2024,010528371,2,9,0,13,13,9,9,99,99,0,9,99,9,99,9,9,6,6,3,-1,-1,-1,-1,-1,-1,-1,-1,0,-1
2024010500753,2024,010500753,2,90,0,99,99,9,9,99,99,9,9,99,9,99,9,9,6,6,3,-1,-1,-1,-1,-1,-1,-1,-1,0,-1
2024332401075,2024,332401075,1,9,0,-1,19,1,5,-1,0,0,0,0,0,0,1,1,-1,6,2,72,10,-1,-1,-1,-1,6,E01025986,0,1
2024430524714,2024,430524714,1,9,0,18,19,7,3,0,0,0,0,0,0,0,1,1,6,6,2,50,8,-1,-1,-1,-1,-1,-1,0,-1
2024010493438,2024,010493438,2,9,0,99,99,9,9,99,99,9,9,99,9,99,9,9,6,6,3,-1,-1,-1,-1,-1,-1,-1,-1,0,-1
2024010501902,2024,010501902,2,9,0,99,99,9,9,99,99,9,9,99,9,99,9,9,6,6,3,-1,-1,-1,-1,-1,-1,-1,-1,0,-1
2024010507643,2024,010507643,1,1,9,3,3,9,9,99,99,9,9,99,9,99,2,1,2,2,2,37,7,-1,-1,-1,-1,3,E01034191,0,1
2024061458785,2024,061458785,2,9,-1,-1,-1,-1,-1,-1,-1,0,-1,-1,-1,0,-1,9,-1,6,3,-1,-1,-1,-1,-1,-1,-1,-1,0,-1
2024070802744,2024,070802744,1,9,0,-1,19,7,3,-1,0,2,0,0,0,0,1,1,-1,2,1,55,8,-1,-1,-1,-1,10,E01018490,0,1
2024010523978,2024,010523978,2,9,0,7,7,9,9,99,99,5,9,99,9,99,9,1,6,6,3,-1,-1,-1,-1,-1,-1,-1,-1,0,-1
2024451439390,2024,451439390,2,9,0,-1,19,2,6,-1,0,0,0,0,0,0,0,9,-1,6,3,-1,-1,-1,-1,-1,-1,-1,-1,0,-1
2024141462241,2024,141462241,2,1,0,-1,19,5,3,-1,0,0,5,0,0,0,1,1,-1,9,1,24,5,-1,-1,-1,-1,10,E01007936,0,1
2024421494524,2024,421494524,2,9,0,-1,19,2,6,-1,0,0,0,0,0,0,2,1,-1,9,1,40,7,-1,-1,-1,-1,6,E01021344,0,4
2024451502639,2024,451502639,2,9,0,-1,19,8,4,-1,0,0,0,0,0,0,1,1,-1,6,1,30,6,-1,-1,-1,-1,-1,-1,0,-1
2024430337985,2024,430337985,2,90,0,18,19,7,3,0,0,0,0,0,0,0,1,1,1,1,1,35,6,-1,-1,-1,-1,-1,-1,0,-1
2024311472626,2024,311472626,1,9,0,-1,19,1,5,-1,0,8,0,0,0,0,1,1,-1,9,2,53,8,-1,-1,-1,-1,10,E01028388,0,2
2024010489881,2024,010489881,2,9,0,18,19,1,5,0,0,8,0,0,0,0,1,1,2,2,1,48,8,-1,-1,-1,-1,3,E01002429,0,1
2024010494279,2024,010494279,2,9,0,18,19,5,1,0,0,1,0,0,0,0,1,1,6,6,2,58,9,-1,-1,-1,-1,8,E01030393,0,2
2024401492756,2024,401492756,1,98,0,-1,19,1,5,-1,0,0,0,0,0,0,4,9,-1,6,3,-1,-1,-1,-1,-1,-1,-1,-1,0,-1
2024010528146,2024,010528146,1,1,9,99,99,9,9,99,99,9,9,99,9,99,9,1,2,2,2,35,6,-1,-1,-1,-1,5,E01000916,0,1
2024131449066,2024,131449066,1,9,0,-1,19,3,7,-1,0,1,0,0,0,0,3,1,-1,9,1,19,4,-1,-1,-1,-1,3,E01010986,0,1
2024991453097,2024,991453097,2,9,0,-1,19,1,5,-1,0,0,0,0,0,0,1,1,-1,9,1,80,11,-1,-1,-1,-1,5,-1,0,4
2024010531065,2024,010531065,1,1,0,4,4,1,5,0,0,1,0,0,0,0,1,1,6,6,1,28,6,-1,-1,-1,-1,4,E01003053,0,1
2024010542278,2024,010542278,2,1,0,18,19,3,7,9,9,4,0,0,0,0,1,1,1,1,1,35,6,-1,-1,-1,-1,3,E01004251,0,1
2024201458923,2024,201458923,2,1,0,-1,19,4,8,-1,0,8,0,0,0,0,1,1,-1,6,2,39,7,-1,-1,-1,-1,3,E01010218,0,1
2024302401362,2024,302401362,1,98,1,12,12,5,1,0,0,0,0,0,0,0,1,1,1,1,1,-1,-1,-1,-1,-1,-1,1,E01031057,0,4
2024010490740,2024,010490740,2,9,0,99,99,9,9,99,99,9,9,99,9,99,1,9,6,6,1,-1,-1,-1,-1,-1,-1,9,E01031004,0,3
2024010496996,2024,010496996,1,9,9,18,19,5,1,0,0,3,9,99,0,0,3,9,6,6,3,-1,-1,-1,-1,-1,-1,-1,-1,0,-1
2024070849757,2024,070849757,1,9,0,-1,4,2,6,-1,0,1,0,0,0,0,1,1,-1,6,1,57,9,-1,-1,-1,-1,5,E01034677,0,1
2024451500307,2024,451500307,1,1,0,-1,19,1,5,-1,0,6,0,0,0,0,1,1,-1,6,1,21,5,-1,-1,-1,-1,10,E01030623,0,1
2024141484168,2024,141484168,1,9,0,-1,5,1,7,-1,0,2,0,0,0,0,2,9,-1,6,3,-1,-1,-1,-1,-1,-1,-1,-1,0,-1
2024340WN5432,2024,340WN5432,1,21,0,-1,12,1,5,-1,0,0,0,0,0,0,1,1,-1,1,1,56,9,-1,-1,-1,-1,4,-1,0,5
2024010504205,2024,010504205,2,1,0,18,19,5,1,0,0,1,0,0,1,0,1,1,2,2,1,31,6,-1,-1,-1,-1,5,E01001984,0,1
2024471416303,2024,471416303,3,19,0,-1,5,3,6,-1,0,3,0,0,0,0,2,1,-1,9,1,53,8,-1,-1,-1,-1,9,E01021129,0,4
2024501432398,2024,501432398,1,9,0,-1,11,3,7,-1,0,1,0,0,0,0,1,1,-1,6,1,60,9,-1,-1,-1,-1,3,E01015056,0,3
2024161511527,2024,161511527,2,1,0,-1,19,5,1,-1,0,6,0,0,0,0,1,1,-1,6,1,51,8,-1,-1,-1,-1,9,E01013193,0,1
2024311505853,2024,311505853,2,9,-1,-1,15,4,1,-1,0,2,0,0,0,0,0,9,-1,6,1,-1,-1,-1,-1,-1,-1,-1,-1,0,-1
2024302401693,2024,302401693,2,1,0,18,19,2,6,0,0,2,0,0,0,0,0,1,6,6,3,-1,-1,-1,-1,-1,-1,5,E01019456,0,3
2024351425942,2024,351425942,2,9,0,-1,19,7,3,-1,0,0,0,0,0,0,1,1,-1,1,1,72,10,-1,-1,-1,-1,4,E01022241,0,5
2024430023243,2024,430023243,2,9,0,3,3,3,7,0,0,4,0,0,0,0,4,1,2,2,2,21,5,-1,-1,-1,-1,6,E01027292,0,1
2024010494215,2024,010494215,2,90,0,99,99,9,9,99,99,9,9,99,9,99,1,9,6,6,3,-1,-1,-1,-1,-1,-1,-1,-1,0,-1
2024430118680,2024,430118680,2,9,0,14,14,6,2,0,0,1,0,0,0,0,1,1,6,6,3,-1,-1,-1,-1,-1,-1,-1,-1,0,-1
2024501414358,2024,501414358,1,9,0,-1,19,7,3,-1,0,8,0,0,0,0,1,9,-1,9,1,19,4,-1,-1,-1,-1,9,E01019937,0,1
2024451485782,2024,451485782,1,1,0,-1,19,3,7,-1,0,0,0,0,0,0,0,1,-1,9,1,30,6,-1,-1,-1,-1,8,E01030950,0,2
2024461496010,2024,461496010,4,21,0,-1,19,7,7,-1,0,0,0,0,0,0,1,2,-1,1,1,41,7,-1,-1,-1,-1,-1,-1,0,-1
2024070257646,2024,070257646,1,21,1,11,11,8,4,0,0,2,0,0,0,0,4,1,1,1,1,44,7,-1,-1,-1,-1,6,E01005961,0,4
2024461471695,2024,461471695,2,9,0,-1,19,7,3,-1,0,0,0,0,0,0,4,1,-1,9,1,77,11,-1,-1,-1,-1,9,E01003462,0,4
2024010494018,2024,010494018,1,9,0,99,99,9,9,99,99,9,9,99,9,99,9,9,6,6,2,58,9,-1,-1,-1,-1,4,E01033745,0,2
2024010528235,2024,010528235,1,1,9,99,99,9,9,99,99,9,9,99,9,99,9,1,6,6,1,33,6,-1,-1,-1,-1,4,E01000639,0,1
2024430556151,2024,430556151,3,9,0,4,4,5,1,0,0,0,0,0,0,0,0,1,6,6,3,-1,-1,-1,-1,-1,-1,-1,-1,0,-1
2024010521730,2024,010521730,5,9,0,18,19,4,8,0,0,0,0,0,0,0,1,1,6,6,3,-1,-1,-1,-1,-1,-1,-1,-1,0,-1
2024010520598,2024,010520598,1,1,9,99,99,9,9,99,99,9,9,99,9,99,9,1,6,6,2,25,5,-1,-1,-1,-1,3,E01001969,0,1
2024451493570,2024,451493570,2,1,0,-1,5,1,5,-1,0,4,0,0,0,0,4,1,-1,6,1,13,3,-1,-1,-1,-1,-1,-1,0,-1
2024101447918,2024,101447918,1,9,0,-1,19,8,4,-1,0,4,2,7,3,10,3,1,-1,6,1,22,5,-1,-1,-1,-1,6,E01008176,0,1
2024131403253,2024,131403253,1,9,0,-1,19,1,5,-1,0,8,0,0,0,0,1,1,-1,1,1,21,5,-1,-1,-1,-1,2,E01010715,0,3
2024010513103,2024,010513103,2,1,9,99,99,9,9,99,99,9,9,99,9,99,1,1,6,6,3,-1,-1,-1,-1,-1,-1,-1,-1,0,-1
2024131444894,2024,131444894,1,33,0,-1,19,5,1,-1,0,6,0,0,0,0,1,1,-1,6,1,23,5,-1,-1,-1,-1,1,E01011370,1,1
2024302401362,2024,302401362,2,9,0,4,4,5,1,0,0,0,0,0,0,0,2,1,6,6,2,55,8,-1,-1,-1,-1,4,E01027950,0,2
2024010487684,2024,010487684,2,9,0,18,19,7,3,0,0,1,0,0,0,0,0,1,1,1,1,25,5,-1,-1,-1,-1,2,E01004008,0,1
2024010512753,2024,010512753,1,1,9,99,99,9,9,99,99,0,9,99,9,99,9,1,2,2,2,35,6,-1,-1,-1,-1,5,E01003262,0,1
2024520401358,2024,520401358,3,9,0,3,3,7,3,0,0,0,0,0,0,0,2,1,6,6,2,59,9,-1,-1,-1,-1,8,E01032112,0,4
2024010507994,2024,010507994,2,1,0,18,19,1,5,0,0,1,0,4,0,0,1,1,1,1,1,23,5,-1,-1,-1,-1,4,E01003146,0,3
2024010512506,2024,010512506,1,9,0,99,99,9,9,99,99,9,9,99,9,99,9,9,6,6,2,35,6,-1,-1,-1,-1,6,E01001266,0,1
2024311465520,2024,311465520,1,21,1,-1,19,1,5,-1,0,1,0,0,0,0,4,1,-1,6,3,60,9,-1,-1,-1,-1,5,E01012829,0,5
2024010497253,2024,010497253,2,3,0,11,11,3,7,0,0,0,0,0,0,0,1,1,6,6,1,29,6,-1,-1,-1,-1,-1,-1,0,-1
2024041430649,2024,041430649,1,9,0,-1,5,3,7,-1,0,0,0,0,0,0,2,1,-1,9,1,38,7,-1,-1,-1,-1,1,E01025182,0,1
2024430298200,2024,430298200,1,8,0,9,9,3,1,0,0,5,0,0,0,0,1,1,1,1,1,47,8,-1,-1,-1,-1,-1,-1,0,-1
2024552400584,2024,552400584,1,9,0,18,19,6,2,0,0,0,0,0,0,0,1,1,6,6,3,-1,-1,-1,-1,-1,-1,-1,-1,0,-1
2024231452805,2024,231452805,1,9,0,-1,19,5,1,-1,0,8,0,0,0,0,4,1,-1,6,1,25,5,-1,-1,-1,-1,10,E01028628,0,5
2024461430691,2024,461430691,1,19,0,-1,4,6,3,-1,0,0,0,0,0,0,1,9,-1,6,1,-1,-1,-1,-1,-1,-1,1,E01024682,0,4
2024991466178,2024,991466178,1,9,0,-1,19,8,4,-1,0,0,0,0,0,0,1,9,-1,6,1,30,6,-1,-1,-1,-1,-1,-1,0,-1
2024010490979,2024,010490979,1,9,0,99,99,9,9,99,99,9,9,99,9,99,9,9,6,6,1,49,8,-1,-1,-1,-1,7,E01002939,0,1
2024010539873,2024,010539873,1,1,0,18,19,3,7,0,0,2,5,0,0,0,1,1,6,6,3,34,6,-1,-1,-1,-1,-1,-1,0,-1
2024010519919,2024,010519919,1,1,9,18,19,9,9,99,99,0,9,99,9,99,2,1,2,2,2,42,7,-1,-1,-1,-1,4,E01033081,0,1
2024101421322,2024,101421322,1,9,0,-1,19,1,5,-1,0,0,0,0,0,0,1,9,-1,6,1,57,9,-1,-1,-1,-1,8,E01020597,0,2
2024430466959,2024,430466959,2,5,0,18,19,4,8,0,0,8,0,0,0,0,1,1,6,6,1,56,9,-1,-1,-1,-1,7,E01016285,0,3
2024991415139,2024,991415139,3,9,0,-1,19,8,3,-1,0,0,0,0,0,0,2,1,-1,6,1,59,9,-1,-1,-1,-1,9,-1,0,3
2024010530989,2024,010530989,1,1,9,99,99,9,9,99,99,9,9,99,9,99,1,1,1,1,1,42,7,-1,-1,-1,-1,7,E01003283,0,1
2024010489581,2024,010489581,2,1,0,5,5,5,1,0,0,1,0,0,1,0,4,1,6,6,1,29,6,-1,-1,-1,-1,7,E01001937,0,1
2024111451516,2024,111451516,1,9,0,-1,19,6,4,-1,0,1,0,0,0,0,1,1,-1,6,2,30,6,-1,-1,-1,-1,-1,-1,0,-1
2024332400601,2024,332400601,1,5,0,-1,14,1,5,-1,0,8,0,0,0,0,1,1,-1,8,1,-1,-1,-1,-1,-1,-1,-1,-1,0,-1
2024991502853,2024,991502853,1,1,0,-1,19,2,6,-1,0,0,5,0,0,0,1,1,-1,1,1,43,7,-1,-1,-1,-1,6,-1,0,2
2024010548650,2024,010548650,1,1,9,99,99,9,9,99,99,9,9,99,9,99,1,1,2,2,1,47,8,-1,-1,-1,-1,8,E01004500,0,1
2024031471063,2024,031471063,1,9,0,-1,19,7,2,-1,0,1,0,0,0,0,1,1,-1,1,1,40,7,-1,-1,-1,-1,-1,-1,0,-1
2024401476798,2024,401476798,2,9,0,-1,19,8,4,-1,0,0,0,0,0,0,2,1,-1,9,1,47,8,-1,-1,-1,-1,6,E01003951,0,4
2024461530215,2024,461530215,1,21,1,-1,12,3,7,-1,0,0,0,0,0,0,1,2,-1,1,1,26,6,-1,-1,-1,-1,-1,-1,0,-1
2024211485367,2024,211485367,2,1,0,-1,19,5,1,-1,0,0,0,0,1,0,1,1,-1,6,1,50,8,-1,-1,-1,-1,-1,-1,0,-1
2024010533722,2024,010533722,2,1,0,5,5,5,1,4,4,1,0,0,0,0,1,1,2,2,2,26,6,-1,-1,-1,-1,3,E01001833,0,1
2024101398781,2024,101398781,1,9,0,-1,19,1,5,-1,0,6,0,7,0,0,1,1,-1,6,2,87,11,-1,-1,-1,-1,7,E01008873,0,1
2024451439862,2024,451439862,2,98,0,-1,19,1,5,-1,0,0,0,0,0,0,1,9,-1,6,3,50,8,-1,-1,-1,-1,-1,-1,0,-1
2024010518902,2024,010518902,1,1,0,18,19,1,5,0,0,8,0,0,0,0,4,1,1,1,1,35,6,-1,-1,-1,-1,5,E01033099,0,1
2024010497561,2024,010497561,2,4,0,18,19,7,3,0,0,1,0,0,0,0,0,1,6,6,1,-1,-1,-1,-1,-1,-1,-1,-1,0,-1
2024111420620,2024,111420620,2,11,0,-1,19,5,1,-1,0,1,0,0,0,0,0,9,-1,1,1,27,6,-1,-1,-1,-1,3,E01027531,0,4
2024010497253,2024,010497253,1,19,0,18,19,7,3,0,0,0,0,0,0,0,2,1,6,6,1,23,5,-1,-1,-1,-1,3,E01016154,0,4
202454E453524,2024,54E453524,1,19,0,18,19,1,5,0,0,0,0,2,0,0,1,1,2,2,1,65,9,-1,-1,-1,-1,4,E01032036,0,1
2024991453923,2024,991453923,1,90,1,-1,19,5,1,-1,0,0,0,2,0,0,1,1,-1,1,1,70,10,-1,-1,-1,-1,5,E01026407,0,5
2024141420278,2024,141420278,2,1,0,-1,19,8,3,-1,0,1,2,0,0,0,1,1,-1,6,2,17,4,-1,-1,-1,-1,7,E01012993,0,3
2024302400060,2024,302400060,1,11,0,9,9,6,4,0,0,8,0,0,0,0,1,1,1,1,1,57,9,-1,-1,-1,-1,1,E01019646,0,1
2024471512379,2024,471512379,1,9,0,-1,5,7,3,-1,0,1,0,0,0,0,1,1,-1,9,1,62,9,-1,-1,-1,-1,9,E01029509,0,5
2024501494953,2024,501494953,1,21,1,-1,19,5,1,-1,0,0,0,0,0,0,9,1,-1,6,3,-1,-1,-1,-1,-1,-1,-1,-1,0,-1
2024501454899,2024,501454899,4,9,0,-1,4,3,7,-1,0,0,0,2,0,0,2,1,-1,9,2,37,7,-1,-1,-1,-1,1,E01013602,0,5
2024541692624,2024,541692624,1,9,0,18,19,8,3,0,0,1,0,0,0,0,0,1,6,6,3,-1,-1,-1,-1,-1,-1,-1,-1,0,-1
2024010495320,2024,010495320,1,11,9,99,99,9,9,99,99,9,9,99,9,99,9,1,6,6,3,-1,-1,-1,-1,-1,-1,-1,-1,0,-1
2024101517453,2024,101517453,3,9,0,-1,19,7,3,-1,0,0,0,0,0,0,0,1,-1,6,3,50,8,-1,-1,-1,-1,-1,-1,0,-1
2024451412669,2024,451412669,3,9,0,-1,19,5,1,-1,0,0,0,0,0,0,3,1,-1,2,2,43,7,-1,-1,-1,-1,8,E01030697,0,3
2024061486598,2024,061486598,1,1,0,-1,4,6,2,-1,9,0,0,0,0,0,3,1,-1,6,1,56,9,-1,-1,-1,-1,1,E01034133,0,1
2024041406312,2024,041406312,1,9,0,-1,19,1,5,-1,0,0,0,0,0,0,1,1,-1,1,1,53,8,-1,-1,-1,-1,5,E01025479,0,1
2024311505853,2024,311505853,1,11,0,-1,19,4,1,-1,0,6,0,0,0,0,0,1,-1,1,2,45,7,-1,-1,-1,-1,2,E01013856,0,2
2024451504520,2024,451504520,3,9,0,-1,4,5,1,-1,0,0,0,0,0,0,2,1,-1,9,1,24,5,-1,-1,-1,-1,3,E01017228,0,4
2024461526436,2024,461526436,3,9,0,-1,3,2,6,-1,0,0,0,0,0,0,2,1,-1,6,1,53,8,-1,-1,-1,-1,8,E01024235,0,2
2024552400996,2024,552400996,2,9,0,9,9,7,5,0,0,5,0,0,0,0,4,1,6,6,2,53,8,-1,-1,-1,-1,4,E01032087,0,4
2024061405390,2024,061405390,1,10,0,-1,19,5,1,-1,0,0,0,0,0,0,1,1,-1,2,1,41,7,-1,-1,-1,-1,1,E01004948,0,1
2024522402956,2024,522402956,1,97,0,18,19,2,6,0,0,2,0,0,0,0,1,1,6,6,3,-1,-1,-1,-1,-1,-1,-1,-1,0,-1
2024010487293,2024,010487293,2,3,0,5,5,3,7,0,0,2,0,0,0,0,0,1,1,1,1,27,6,-1,-1,-1,-1,6,E01002161,0,1
2024302401113,2024,302401113,1,9,0,18,19,4,8,0,0,1,0,0,0,0,1,1,6,6,3,-1,-1,-1,-1,-1,-1,5,E01019456,0,3
2024451539657,2024,451539657,2,98,0,-1,19,3,7,-1,0,0,0,0,1,0,1,2,-1,1,1,57,9,-1,-1,-1,-1,-1,-1,0,-1
2024371537232,2024,371537232,2,1,0,-1,19,4,8,-1,0,8,1,0,0,0,1,1,-1,9,1,16,4,-1,-1,-1,-1,7,E01029937,0,1
2024411463432,2024,411463432,3,9,0,-1,4,8,4,-1,0,0,0,0,0,0,1,1,-1,6,1,45,7,-1,-1,-1,-1,6,E01023499,0,4
2024201406101,2024,201406101,1,9,0,-1,19,2,6,-1,0,0,0,0,0,0,3,9,-1,6,3,-1,-1,-1,-1,-1,-1,-1,-1,0,-1
2024010507972,2024,010507972,1,19,0,99,99,9,9,99,99,9,9,99,9,99,9,9,6,6,3,-1,-1,-1,-1,-1,-1,-1,-1,0,-1
2024010518199,2024,010518199,1,9,0,99,99,9,9,99,99,9,9,99,9,99,1,9,6,6,3,-1,-1,-1,-1,-1,-1,-1,-1,0,-1
2024010519547,2024,010519547,1,9,0,99,99,9,9,99,99,9,9,99,9,99,1,9,6,6,3,-1,-1,-1,-1,-1,-1,-1,-1,0,-1
2024340NN0882,2024,340NN0882,1,19,0,-1,19,4,8,-1,0,2,0,0,0,0,3,1,-1,6,1,-1,-1,-1,-1,-1,-1,-1,-1,0,-1
2024421503637,2024,421503637,2,9,0,-1,9,1,7,-1,0,8,0,0,0,0,1,1,-1,9,1,55,8,-1,-1,-1,-1,10,E01022075,0,1
2024430073648,2024,430073648,2,1,0,18,19,1,5,0,0,8,0,0,0,0,1,1,3,7,2,36,7,-1,-1,-1,-1,8,E01028510,0,1
2024471420479,2024,471420479,2,1,0,-1,4,1,4,-1,0,1,0,0,0,0,3,1,-1,2,1,32,6,-1,-1,-1,-1,5,E01031529,0,1
2024010496912,2024,010496912,1,9,0,6,6,7,7,0,0,2,0,0,0,0,2,1,6,6,1,45,7,-1,-1,-1,-1,3,E01003768,0,3
2024010525995,2024,010525995,2,9,0,9,9,7,4,0,0,8,0,0,0,0,1,1,6,6,3,-1,-1,-1,-1,-1,-1,-1,-1,0,-1
2024401414588,2024,401414588,1,90,0,-1,12,4,8,-1,0,0,0,0,0,0,1,1,-1,6,-1,-1,-1,-1,-1,-1,-1,-1,-1,0,-1
2024531518328,2024,531518328,1,9,0,-1,19,1,5,-1,0,0,0,0,0,0,1,1,-1,6,2,61,9,-1,-1,-1,-1,4,E01022251,0,2
2024052400196,2024,052400196,1,9,0,18,19,3,7,0,0,8,0,0,0,0,3,1,2,2,1,43,7,-1,-1,-1,-1,2,E01012457,0,3
2024131403321,2024,131403321,1,9,0,-1,19,6,2,-1,0,0,0,0,0,0,1,1,-1,6,1,-1,-1,-1,-1,-1,-1,-1,-1,0,-1
2024101528040,2024,101528040,4,9,0,-1,19,5,1,-1,0,0,0,0,0,0,1,9,-1,6,3,50,8,-1,-1,-1,-1,-1,-1,0,-1
2024451454175,2024,451454175,1,1,0,-1,14,-1,-1,-1,0,0,0,0,0,0,4,1,-1,2,1,46,8,-1,-1,-1,-1,7,E01030864,0,1
2024991409428,2024,991409428,3,9,0,-1,3,4,8,-1,0,0,0,0,0,0,2,1,-1,6,1,64,9,-1,-1,-1,-1,9,-1,0,2
2024010488266,2024,010488266,1,9,0,7,7,5,7,0,0,1,0,0,1,0,1,1,6,6,1,28,6,-1,-1,-1,-1,5,E01002001,0,1
2024010507404,2024,010507404,2,1,0,18,19,7,3,0,0,0,0,0,0,0,3,1,1,1,1,24,5,-1,-1,-1,-1,9,E01003458,0,2
2024010511158,2024,010511158,2,9,0,99,99,9,9,99,99,9,9,99,9,99,1,9,6,6,1,-1,-1,-1,-1,-1,-1,-1,-1,0,-1
2024010497102,2024,010497102,2,9,0,18,19,1,5,0,0,1,0,11,0,0,4,1,6,6,1,22,5,-1,-1,-1,-1,8,E01001069,0,4
2024010537709,2024,010537709,2,9,0,13,13,1,5,0,0,1,0,0,0,0,1,1,6,6,1,20,4,-1,-1,-1,-1,7,E01003370,0,2
2024010538480,2024,010538480,2,1,0,18,19,1,5,0,0,8,0,0,0,0,4,1,6,6,1,23,5,-1,-1,-1,-1,5,E01002785,0,1
2024041424487,2024,041424487,2,1,0,-1,19,2,6,-1,0,8,0,0,0,0,1,1,-1,2,1,32,6,-1,-1,-1,-1,-1,-1,0,-1
2024010519070,2024,010519070,1,1,9,99,99,9,9,99,99,9,9,99,9,99,9,1,6,6,1,24,5,-1,-1,-1,-1,6,E01003071,0,1
2024010493324,2024,010493324,2,9,0,99,99,9,9,99,99,9,9,99,9,99,1,9,6,6,3,-1,-1,-1,-1,-1,-1,3,E01003989,0,1
2024041512475,2024,041512475,1,9,4,-1,9,3,1,-1,0,0,0,0,7,0,4,9,-1,2,1,59,9,-1,-1,-1,-1,8,E01025561,0,2
2024201470332,2024,201470332,1,17,0,-1,19,4,8,-1,0,0,0,0,0,0,1,2,-1,6,1,-1,-1,-1,-1,-1,-1,-1,-1,0,-1
2024991507726,2024,991507726,2,1,0,-1,19,1,5,-1,5,2,0,0,0,0,1,1,-1,9,1,57,9,-1,-1,-1,-1,1,-1,0,2
2024010523978,2024,010523978,1,1,9,18,19,7,3,4,4,9,9,99,9,99,9,1,2,2,1,47,8,-1,-1,-1,-1,10,E01003858,0,2
2024010494347,2024,010494347,2,1,0,18,19,1,5,5,5,8,0,0,0,0,4,1,6,6,1,42,7,-1,-1,-1,-1,2,E01033455,0,1
2024041411675,2024,041411675,2,9,0,-1,3,7,3,-1,0,1,0,0,0,0,2,1,-1,9,1,35,6,-1,-1,-1,-1,6,E01025593,0,2
2024010491197,2024,010491197,1,9,0,18,19,7,3,0,0,0,0,0,0,0,3,1,6,6,1,25,5,-1,-1,-1,-1,6,E01034486,0,1
2024131499210,2024,131499210,1,90,0,-1,13,5,5,-1,0,1,0,0,0,0,1,1,-1,1,1,20,4,-1,-1,-1,-1,1,E01010813,0,3
2024471461256,2024,471461256,1,1,0,-1,19,7,3,-1,9,2,0,0,0,0,1,1,-1,6,1,14,3,-1,-1,-1,-1,5,E01031832,0,1
2024161434158,2024,161434158,3,9,0,-1,4,7,3,-1,0,0,0,0,0,0,1,1,-1,6,1,35,6,-1,-1,-1,-1,1,E01027545,0,5
2024010518950,2024,010518950,2,9,0,99,99,9,9,99,99,9,9,99,9,99,1,9,6,6,3,-1,-1,-1,-1,-1,-1,-1,-1,0,-1
2024991439441,2024,991439441,1,9,0,-1,19,5,1,-1,0,8,0,0,0,0,1,1,-1,9,2,49,8,-1,-1,-1,-1,8,-1,0,3
2024010524672,2024,010524672,2,1,0,15,15,1,5,9,9,1,0,0,0,0,3,1,2,2,1,43,7,-1,-1,-1,-1,6,E01000555,0,1
2024351463908,2024,351463908,2,1,0,-1,7,1,5,-1,0,0,0,0,0,0,4,1,-1,7,1,12,3,-1,-1,-1,-1,5,E01018069,0,1
2024501414788,2024,501414788,1,9,0,-1,3,8,4,-1,0,0,0,0,0,0,1,1,-1,6,1,65,9,-1,-1,-1,-1,4,E01020087,0,3
2024010489024,2024,010489024,2,9,0,18,19,3,7,0,0,2,0,0,0,0,1,1,6,6,3,-1,-1,-1,-1,-1,-1,-1,-1,0,-1
2024451454175,2024,451454175,2,9,0,-1,5,-1,-1,-1,0,0,0,99,0,0,3,1,-1,6,3,-1,-1,-1,-1,-1,-1,-1,-1,0,-1
2024451430645,2024,451430645,2,1,0,-1,10,1,6,-1,0,3,0,0,0,0,2,1,-1,9,1,56,9,-1,-1,-1,-1,6,E01030729,0,1
2024010548650,2024,010548650,2,9,0,99,99,9,9,99,99,9,9,99,9,99,9,9,6,6,3,-1,-1,-1,-1,-1,-1,-1,-1,0,-1
2024111420620,2024,111420620,1,9,0,-1,7,2,4,-1,0,6,0,0,0,0,0,9,-1,6,3,-1,-1,-1,-1,-1,-1,-1,-1,0,-1
2024010487996,2024,010487996,2,1,0,9,9,5,2,0,0,5,0,0,0,0,1,1,1,1,1,28,6,-1,-1,-1,-1,3,E01002049,0,1
2024332401075,2024,332401075,2,1,0,-1,5,7,3,-1,0,0,0,0,0,0,4,1,-1,6,1,15,3,-1,-1,-1,-1,3,E01025987,0,1
2024522402013,2024,522402013,1,1,0,18,19,6,2,0,0,0,0,0,0,0,4,1,6,6,3,-1,-1,-1,-1,-1,-1,-1,-1,0,-1
2024311520849,2024,311520849,2,33,0,-1,19,3,7,-1,9,6,0,0,0,0,1,1,-1,6,1,44,7,-1,-1,-1,-1,-1,-1,1,-1
2024061447980,2024,061447980,3,19,0,-1,12,5,1,-1,0,2,0,0,0,0,1,1,-1,1,1,36,7,-1,-1,-1,-1,4,E01025335,0,4
2024221400400,2024,221400400,2,9,0,-1,5,3,7,-1,0,8,0,0,0,0,1,9,-1,6,1,47,8,-1,-1,-1,-1,-1,-1,0,-1
2024461415510,2024,461415510,2,9,0,-1,4,5,1,-1,0,0,0,0,0,0,2,9,-1,1,1,53,8,-1,-1,-1,-1,3,E01016021,0,3
2024131477558,2024,131477558,1,9,0,-1,19,3,7,-1,0,8,0,2,0,0,1,1,-1,9,1,28,6,-1,-1,-1,-1,1,E01010964,0,1
2024010549600,2024,010549600,2,8,0,99,99,9,9,99,99,9,9,99,9,99,1,9,6,6,3,-1,-1,-1,-1,-1,-1,-1,-1,0,-1
2024451494518,2024,451494518,1,9,0,-1,19,1,5,-1,0,0,0,0,0,0,3,1,-1,6,1,54,8,-1,-1,-1,-1,5,E01030862,0,3
2024141456167,2024,141456167,2,9,0,-1,19,5,1,-1,0,1,0,0,0,0,1,1,-1,6,3,-1,-1,-1,-1,-1,-1,-1,-1,0,-1
2024451486958,2024,451486958,2,9,0,-1,19,3,7,-1,0,0,0,0,0,0,1,1,-1,2,1,26,6,-1,-1,-1,-1,10,E01030828,0,2
2024010497102,2024,010497102,1,9,0,18,19,3,7,0,0,8,0,0,0,0,1,1,6,6,1,54,8,-1,-1,-1,-1,2,E01015725,0,4
2024131423761,2024,131423761,1,19,0,-1,19,3,7,-1,0,0,0,0,0,0,1,1,-1,2,1,37,7,-1,-1,-1,-1,4,E01034956,0,2
2024010544000,2024,010544000,3,9,0,14,14,1,5,0,0,1,0,0,0,0,3,1,6,6,3,-1,-1,-1,-1,-1,-1,-1,-1,0,-1
2024401498742,2024,401498742,2,9,-1,-1,-1,-1,-1,-1,-1,0,-1,-1,-1,0,-1,9,-1,6,3,-1,-1,-1,-1,-1,-1,-1,-1,0,-1
2024131510517,2024,131510517,1,90,0,-1,3,3,7,-1,0,8,0,0,0,0,1,1,-1,6,3,-1,-1,-1,-1,-1,-1,-1,-1,0,-1
2024010528350,2024,010528350,2,1,0,18,19,1,5,0,0,0,0,0,0,0,3,1,6,6,1,58,9,-1,-1,-1,-1,1,E01001790,0,1
2024522401140,2024,522401140,1,9,0,4,4,6,2,0,0,0,0,0,0,0,2,1,6,6,1,30,6,-1,-1,-1,-1,1,E01014658,0,2
2024332401134,2024,332401134,1,98,0,-1,12,5,1,-1,0,0,0,0,0,0,0,1,-1,6,3,-1,-1,-1,-1,-1,-1,-1,-1,0,-1
2024221405118,2024,221405118,2,1,0,-1,15,2,6,-1,0,8,0,0,0,0,1,1,-1,6,1,52,8,-1,-1,-1,-1,9,E01032337,0,1
2024061410048,2024,061410048,1,9,0,-1,19,5,2,-1,0,0,1,0,1,11,3,1,-1,9,1,19,4,-1,-1,-1,-1,3,E01005332,0,2
2024451495550,2024,451495550,1,98,0,-1,12,3,7,-1,0,0,0,0,0,0,1,2,-1,1,1,47,8,-1,-1,-1,-1,-1,-1,0,-1
2024031531261,2024,031531261,2,9,0,-1,2,0,0,-1,0,0,0,4,0,0,2,1,-1,1,2,47,8,-1,-1,-1,-1,3,E01033303,0,5
2024461424651,2024,461424651,3,90,0,-1,3,4,8,-1,0,0,0,0,0,0,2,1,-1,9,1,52,8,-1,-1,-1,-1,2,E01024108,0,4
2024041457507,2024,041457507,2,9,0,-1,19,5,1,-1,0,0,0,0,0,0,2,1,-1,2,1,40,7,-1,-1,-1,-1,4,E01011129,0,4
2024201524168,2024,201524168,1,9,0,-1,19,7,3,-1,0,1,0,0,0,0,1,9,-1,6,1,-1,-1,-1,-1,-1,-1,-1,-1,0,-1
2024010514995,2024,010514995,2,9,9,99,99,9,9,99,99,9,9,99,9,99,9,9,1,1,3,54,8,-1,-1,-1,-1,2,E01000053,0,4
2024010518819,2024,010518819,2,1,0,18,19,5,1,4,4,1,0,0,0,0,1,1,2,2,2,26,6,-1,-1,-1,-1,3,E01000889,0,1
2024430414387,2024,430414387,2,1,0,18,19,1,5,0,0,0,0,0,0,0,3,1,6,6,1,40,7,-1,-1,-1,-1,8,E01016797,0,1
2024440214709,2024,440214709,1,1,0,18,19,3,7,0,0,8,0,0,0,0,3,1,6,6,1,23,5,-1,-1,-1,-1,2,E01022902,0,4
2024141405064,2024,141405064,1,9,0,-1,19,6,2,-1,0,0,0,4,1,0,3,1,-1,9,1,66,10,-1,-1,-1,-1,1,E01007597,0,3
2024991484851,2024,991484851,3,9,0,-1,3,3,6,-1,0,0,0,0,0,0,2,1,-1,9,1,70,10,-1,-1,-1,-1,5,-1,0,4
2024122401260,2024,122401260,2,1,0,18,19,6,2,0,0,0,0,0,0,0,3,1,4,7,1,12,3,-1,-1,-1,-1,8,E01013343,0,1
2024131502576,2024,131502576,2,1,0,-1,19,7,3,-1,0,0,1,0,0,0,2,1,-1,6,2,14,3,-1,-1,-1,-1,3,E01010751,0,1
2024430174261,2024,430174261,2,1,0,18,19,7,3,4,4,1,0,0,0,0,3,1,6,6,1,47,8,-1,-1,-1,-1,-1,-1,0,-1
2024010525063,2024,010525063,1,1,0,18,19,1,5,0,0,0,0,0,0,0,1,1,2,2,2,59,9,-1,-1,-1,-1,5,E01003654,0,1
2024552401331,2024,552401331,1,9,0,18,19,8,4,0,0,0,0,0,0,0,1,1,6,6,3,-1,-1,-1,-1,-1,-1,-1,-1,0,-1
2024070802744,2024,070802744,2,1,0,-1,19,3,7,-1,0,1,0,0,0,0,1,1,-1,2,1,24,5,-1,-1,-1,-1,3,E01018482,0,1
2024351425942,2024,351425942,1,9,0,-1,19,7,3,-1,0,0,1,0,0,0,1,1,-1,2,1,39,7,-1,-1,-1,-1,5,E01029946,0,3
2024010545564,2024,010545564,2,9,9,99,99,9,9,99,99,9,9,99,9,99,9,9,6,6,3,-1,-1,-1,-1,-1,-1,-1,-1,0,-1
2024481564390,2024,481564390,1,1,0,-1,19,1,5,-1,5,2,0,0,0,0,1,1,-1,9,1,38,7,-1,-1,-1,-1,-1,-1,0,-1
2024061501834,2024,061501834,2,9,-1,-1,-1,-1,-1,-1,-1,0,-1,-1,-1,0,-1,9,-1,6,3,-1,-1,-1,-1,-1,-1,-1,-1,0,-1
2024052401909,2024,052401909,2,1,0,18,19,7,3,0,0,8,1,0,0,0,4,1,6,6,1,35,6,-1,-1,-1,-1,1,E01006967,0,3
2024070889799,2024,070889799,1,9,0,-1,13,5,1,-1,0,0,0,2,0,-1,4,9,-1,6,3,-1,-1,-1,-1,-1,-1,-1,-1,0,-1
2024010527981,2024,010527981,1,1,9,99,99,9,9,99,99,0,9,99,9,99,9,1,2,2,2,31,6,-1,-1,-1,-1,9,E01004054,0,1
2024070446092,2024,070446092,1,1,0,18,19,3,7,4,4,1,0,0,0,0,1,1,4,7,1,18,4,-1,-1,-1,-1,2,E01034669,0,1
2024010488365,2024,010488365,1,9,9,99,99,9,9,99,99,9,9,99,9,99,9,9,6,6,3,-1,-1,-1,-1,-1,-1,-1,-1,0,-1
2024010527130,2024,010527130,1,1,9,99,99,9,9,99,99,9,9,99,9,99,1,1,2,2,1,25,5,-1,-1,-1,-1,8,E01000314,0,3
2024122401290,2024,122401290,2,9,0,9,9,7,5,0,0,2,0,0,0,0,0,1,6,6,3,-1,-1,-1,-1,-1,-1,-1,-1,0,-1
2024141417857,2024,141417857,2,1,0,-1,19,2,5,-1,0,1,0,0,0,0,1,1,-1,6,1,49,8,-1,-1,-1,-1,3,E01007976,0,1
2024010487533,2024,010487533,2,1,9,99,99,3,7,99,99,9,9,99,9,99,1,1,1,1,3,-1,-1,-1,-1,-1,-1,-1,-1,0,-1
2024010531790,2024,010531790,1,1,9,99,99,9,9,99,99,1,9,99,9,99,9,1,6,6,2,29,6,-1,-1,-1,-1,6,E01004482,0,1
2024161463288,2024,161463288,4,19,0,-1,19,3,7,-1,0,0,0,0,0,0,0,9,-1,6,-1,-1,-1,-1,-1,-1,-1,-1,-1,0,-1
2024471480069,2024,471480069,1,9,0,-1,19,2,6,-1,0,0,0,0,0,0,4,9,-1,6,3,-1,-1,-1,-1,-1,-1,-1,-1,0,-1
2024010492465,2024,010492465,1,9,0,18,19,7,3,0,0,2,0,0,0,0,4,1,6,6,1,47,8,-1,-1,-1,-1,3,E01001809,0,2
2024010501902,2024,010501902,1,1,9,99,99,9,9,99,99,9,9,99,9,99,9,1,2,2,1,57,9,-1,-1,-1,-1,9,E01004694,0,1
2024010531330,2024,010531330,2,1,9,99,99,9,9,99,99,9,9,99,9,99,9,1,6,6,1,-1,-1,-1,-1,-1,-1,5,E01004547,0,1
2024991468857,2024,991468857,1,9,0,-1,1,6,6,-1,0,2,0,0,0,0,2,1,-1,6,3,-1,-1,-1,-1,-1,-1,-1,-1,0,-1
2024070257646,2024,070257646,2,9,0,18,19,8,4,0,0,2,1,0,6,7,3,1,6,6,1,52,8,-1,-1,-1,-1,7,E01025417,0,4
2024430194734,2024,430194734,2,9,0,18,19,6,2,0,0,0,0,0,0,0,1,1,6,6,1,-1,-1,-1,-1,-1,-1,4,E01016273,0,1
2024991488997,2024,991488997,1,9,0,-1,11,5,1,-1,0,1,0,0,0,0,1,1,-1,6,1,19,4,-1,-1,-1,-1,2,-1,0,3
2024010490979,2024,010490979,2,19,0,99,99,9,9,99,99,9,9,99,9,99,9,9,6,6,3,-1,-1,-1,-1,-1,-1,-1,-1,0,-1
2024010530004,2024,010530004,1,19,0,99,99,9,9,99,99,9,9,99,9,99,9,9,6,6,3,-1,-1,-1,-1,-1,-1,-1,-1,0,-1
2024010543019,2024,010543019,2,1,0,18,19,2,6,4,4,2,0,0,0,0,1,1,6,6,1,-1,-1,-1,-1,-1,-1,-1,-1,0,-1
2024430207535,2024,430207535,2,1,0,18,19,3,7,0,0,8,0,0,0,0,1,1,6,6,1,71,10,-1,-1,-1,-1,8,E01028545,0,1
2024010534314,2024,010534314,2,1,0,18,19,5,1,0,0,8,0,0,0,0,1,1,6,6,1,24,5,-1,-1,-1,-1,-1,-1,0,-1
2024131509913,2024,131509913,1,98,0,-1,-1,-1,-1,-1,-1,-1,-1,-1,-1,-1,-1,1,-1,6,3,-1,-1,-1,-1,-1,-1,-1,-1,0,-1
2024131428463,2024,131428463,3,23,0,-1,19,1,5,-1,0,0,0,0,0,0,3,1,-1,9,2,21,5,-1,-1,-1,-1,3,E01011908,0,3
2024471409622,2024,471409622,1,9,0,-1,19,2,5,-1,0,0,0,0,0,0,0,9,-1,6,3,-1,-1,-1,-1,-1,-1,-1,-1,0,-1
2024991520677,2024,991520677,2,1,0,-1,19,6,6,-1,0,1,0,0,0,0,4,1,-1,9,1,66,10,-1,-1,-1,-1,1,-1,0,4
2024010549600,2024,010549600,1,1,9,99,99,9,9,99,99,9,9,99,9,99,1,1,2,2,1,39,7,-1,-1,-1,-1,3,E01002777,0,1
2024552400981,2024,552400981,1,9,0,18,19,2,6,9,9,8,0,10,0,0,4,1,6,6,3,-1,-1,-1,-1,-1,-1,-1,-1,0,-1
2024010500753,2024,010500753,1,1,9,99,99,9,9,99,99,9,9,99,9,99,1,1,2,2,1,28,6,-1,-1,-1,-1,2,E01003075,0,1
2024131428463,2024,131428463,4,9,0,-1,19,1,5,-1,0,0,0,0,0,0,2,1,-1,9,1,43,7,-1,-1,-1,-1,6,E01011646,0,2
2024361485344,2024,361485344,1,98,0,-1,19,7,2,-1,0,0,0,4,0,0,1,1,-1,6,1,76,11,-1,-1,-1,-1,6,E01026549,0,1
2024010544571,2024,010544571,1,1,9,14,14,9,9,99,99,1,9,99,9,99,1,1,2,2,1,33,6,-1,-1,-1,-1,6,E01004017,0,1
2024201433449,2024,201433449,2,1,0,-1,19,3,8,-1,0,8,0,0,0,0,1,1,-1,1,1,56,9,-1,-1,-1,-1,7,E01009682,0,1
2024221399342,2024,221399342,2,1,0,-1,19,6,2,-1,0,8,0,0,0,0,1,1,-1,2,1,26,6,-1,-1,-1,-1,3,E01032157,0,1
2024430073648,2024,430073648,1,19,0,7,7,7,2,0,0,3,0,0,0,0,4,1,6,6,3,-1,-1,-1,-1,-1,-1,-1,-1,0,-1
2024010504929,2024,010504929,2,1,0,7,7,7,1,0,0,6,0,0,0,0,1,1,6,6,1,58,9,-1,-1,-1,-1,1,E01004042,0,1
2024501498770,2024,501498770,1,9,0,-1,4,3,7,-1,0,0,0,0,0,0,1,1,-1,9,2,58,9,-1,-1,-1,-1,7,E01019920,0,3
2024010519919,2024,010519919,2,3,0,13,13,9,9,99,99,0,9,99,9,99,1,1,6,6,3,-1,-1,-1,-1,-1,-1,-1,-1,0,-1
2024010533933,2024,010533933,1,1,9,18,19,9,9,99,99,9,9,99,9,99,1,1,2,2,1,30,6,-1,-1,-1,-1,4,E01003406,0,1
2024991462339,2024,991462339,1,9,0,-1,19,5,1,-1,0,0,0,0,0,0,1,1,-1,9,1,43,7,-1,-1,-1,-1,2,-1,0,1
2024991483777,2024,991483777,1,1,0,-1,5,1,5,-1,0,1,0,0,0,0,1,1,-1,6,1,43,7,-1,-1,-1,-1,2,-1,0,2
2024421475046,2024,421475046,2,9,0,-1,19,7,3,-1,0,1,0,0,0,0,3,1,-1,6,1,-1,-1,-1,-1,-1,-1,-1,-1,0,-1
2024421434458,2024,421434458,1,9,0,-1,19,2,6,-1,0,0,0,0,0,0,0,9,-1,6,3,16,4,-1,-1,-1,-1,-1,-1,0,-1
2024010513763,2024,010513763,1,9,0,99,99,9,9,99,99,9,9,99,9,99,9,9,6,6,3,-1,-1,-1,-1,-1,-1,-1,-1,0,-1
2024010534314,2024,010534314,1,9,0,9,9,5,3,0,0,6,0,0,0,0,4,2,6,6,1,26,6,-1,-1,-1,-1,7,E01001231,0,1
2024461420024,2024,461420024,2,9,0,-1,4,7,3,-1,0,0,0,0,0,0,2,1,-1,9,2,38,7,-1,-1,-1,-1,6,E01024457,0,1
2024010492954,2024,010492954,2,11,0,18,19,1,5,0,0,8,0,0,0,0,3,1,1,1,1,42,7,-1,-1,-1,-1,3,E01001629,0,2
2024451468245,2024,451468245,2,9,0,-1,19,2,6,-1,0,0,0,0,0,0,1,9,-1,6,3,-1,-1,-1,-1,-1,-1,-1,-1,0,-1
2024461496010,2024,461496010,1,21,-1,-1,12,7,7,-1,0,0,0,0,0,0,3,9,-1,2,1,-1,-1,-1,-1,-1,-1,-1,-1,0,-1
2024010532276,2024,010532276,2,1,0,18,19,5,1,0,0,0,0,0,0,0,2,1,6,6,1,36,7,-1,-1,-1,-1,2,E01001976,0,2
2024010542826,2024,010542826,1,1,9,99,99,9,9,99,99,9,9,99,9,99,1,1,6,6,3,62,9,-1,-1,-1,-1,8,E01000862,0,1
2024501490361,2024,501490361,2,1,0,-1,19,3,5,-1,0,0,0,0,0,0,1,1,-1,6,1,43,7,-1,-1,-1,-1,5,E01020068,0,1
2024461471695,2024,461471695,1,21,1,-1,13,7,3,-1,0,0,0,0,0,0,3,2,-1,1,1,29,6,-1,-1,-1,-1,-1,-1,0,-1
2024520500442,2024,520500442,1,19,0,18,19,8,4,0,0,2,0,0,0,0,4,1,6,6,3,-1,-1,-1,-1,-1,-1,-1,-1,0,-1
2024010494797,2024,010494797,1,3,0,7,7,1,3,0,0,2,0,0,0,0,1,1,6,6,1,34,6,-1,-1,-1,-1,6,E01032572,0,2
2024010508698,2024,010508698,1,1,9,99,99,9,9,99,99,9,9,99,9,99,1,1,6,6,3,51,8,-1,-1,-1,-1,4,E01003074,0,2
2024052400695,2024,052400695,1,9,0,18,19,2,6,0,0,1,0,0,0,0,1,1,6,6,3,-1,-1,-1,-1,-1,-1,-1,-1,0,-1
2024010493438,2024,010493438,1,1,9,99,99,9,9,99,99,9,9,99,9,99,9,1,6,6,1,26,6,-1,-1,-1,-1,5,E01002119,0,3
2024010494567,2024,010494567,1,9,9,99,99,9,9,99,99,9,9,99,9,99,2,9,6,6,1,46,8,-1,-1,-1,-1,2,E01003390,0,1
2024522402190,2024,522402190,1,97,0,14,14,5,1,0,0,0,1,0,0,0,1,1,6,6,2,-1,-1,-1,-1,-1,-1,-1,-1,0,-1
2024010494215,2024,010494215,1,1,9,99,99,9,9,99,99,9,9,99,9,99,9,1,1,1,1,30,6,-1,-1,-1,-1,4,E01032639,0,1
2024401484191,2024,401484191,1,9,-1,-1,13,5,1,-1,0,0,0,0,0,0,3,9,-1,6,3,-1,-1,-1,-1,-1,-1,-1,-1,0,-1
2024421434458,2024,421434458,2,9,0,-1,3,6,2,-1,0,0,0,4,0,0,1,1,-1,6,1,79,11,-1,-1,-1,-1,8,E01021332,0,1
2024471515194,2024,471515194,3,9,0,-1,19,7,3,-1,0,0,0,2,0,0,4,9,-1,6,3,-1,-1,-1,-1,-1,-1,-1,-1,0,-1
2024010543019,2024,010543019,1,1,0,18,19,6,2,0,0,1,0,0,0,0,1,1,1,1,1,44,7,-1,-1,-1,-1,2,E01033602,0,1
2024332400346,2024,332400346,2,9,0,-1,19,1,5,-1,0,0,0,0,0,0,4,1,-1,1,1,20,4,-1,-1,-1,-1,6,E01025752,0,3
2024010532808,2024,010532808,2,1,0,18,19,1,5,0,0,0,0,0,0,0,3,1,4,7,1,14,3,-1,-1,-1,-1,4,E01001793,0,1
2024010547265,2024,010547265,1,1,9,99,99,9,9,99,99,9,9,99,9,99,1,1,6,6,3,-1,-1,-1,-1,-1,-1,-1,-1,0,-1
2024201414488,2024,201414488,1,9,0,-1,7,8,2,-1,0,6,0,0,0,0,1,9,-1,6,1,20,4,-1,-1,-1,-1,8,E01010540,0,3
2024552400659,2024,552400659,2,1,0,18,19,1,5,4,4,8,0,0,0,0,3,1,6,6,1,63,9,-1,-1,-1,-1,4,E01020584,0,1
2024010541732,2024,010541732,1,1,9,99,99,9,9,99,99,9,9,99,9,99,9,1,2,2,2,53,8,-1,-1,-1,-1,5,E01004048,0,1
2024052401805,2024,052401805,3,9,0,18,19,1,5,0,0,1,0,0,0,0,4,1,6,6,2,40,7,-1,-1,-1,-1,3,E01006982,0,2
2024061456228,2024,061456228,1,97,0,-1,5,5,3,-1,0,6,2,0,0,0,1,1,-1,9,1,43,7,-1,-1,-1,-1,-1,-1,0,-1
2024501522950,2024,501522950,6,9,0,-1,19,3,7,-1,0,0,0,0,0,0,1,1,-1,6,1,19,4,-1,-1,-1,-1,6,E01020187,0,3
202454A396624,2024,54A396624,1,9,0,4,4,8,4,0,0,0,0,2,0,0,1,1,6,6,1,58,9,-1,-1,-1,-1,-1,-1,0,-1
2024010492998,2024,010492998,1,22,0,18,19,1,5,99,99,9,5,0,0,0,9,1,6,6,1,-1,-1,-1,-1,-1,-1,6,E01002531,0,1
2024010505205,2024,010505205,1,1,0,18,19,1,5,0,0,4,0,0,0,0,3,1,6,6,2,30,6,-1,-1,-1,-1,3,E01004203,0,1
2024531531066,2024,531531066,2,9,0,-1,2,5,1,-1,0,0,0,0,0,0,2,1,-1,2,1,54,8,-1,-1,-1,-1,6,E01022442,0,2
2024070297110,2024,070297110,1,9,0,18,19,3,8,0,0,2,0,2,0,0,0,1,6,6,3,-1,-1,-1,-1,-1,-1,-1,-1,0,-1
2024141417857,2024,141417857,1,9,0,-1,9,6,2,-1,0,2,0,0,0,0,1,1,-1,9,1,44,7,-1,-1,-1,-1,6,E01007833,0,1
2024141509938,2024,141509938,2,1,0,-1,5,1,2,-1,0,0,0,0,0,0,1,1,-1,6,1,-1,-1,-1,-1,-1,-1,-1,-1,0,-1
2024531430698,2024,531430698,1,9,0,-1,19,5,1,-1,0,0,0,0,0,0,1,1,-1,6,1,-1,-1,-1,-1,-1,-1,-1,-1,0,-1
2024010489809,2024,010489809,2,9,0,99,99,9,9,99,99,9,9,99,9,99,1,9,6,6,2,37,7,-1,-1,-1,-1,7,E01001058,0,3
2024010519547,2024,010519547,2,1,9,99,99,9,9,99,99,9,9,99,9,99,9,1,2,2,2,26,6,-1,-1,-1,-1,6,E01003958,0,1
2024131397838,2024,131397838,2,1,0,-1,19,3,7,-1,0,1,0,0,0,0,4,1,-1,6,1,46,8,-1,-1,-1,-1,1,E01010720,0,1
2024421411734,2024,421411734,2,9,0,-1,3,1,5,-1,0,8,0,0,0,0,2,1,-1,6,2,55,8,-1,-1,-1,-1,6,E01021794,0,1
2024131474450,2024,131474450,2,1,0,-1,19,2,6,-1,0,0,0,0,1,11,3,1,-1,6,1,18,4,-1,-1,-1,-1,6,E01010594,0,2
2024302401505,2024,302401505,2,9,0,18,19,1,5,0,0,0,0,2,0,0,2,1,6,6,1,60,9,-1,-1,-1,-1,6,E01011835,0,4
2024451412669,2024,451412669,1,9,0,-1,19,3,1,-1,0,0,0,0,0,0,4,9,-1,6,3,35,6,-1,-1,-1,-1,-1,-1,0,-1
2024111462670,2024,111462670,1,1,0,-1,19,2,6,-1,0,0,5,0,0,0,1,1,-1,6,1,60,9,-1,-1,-1,-1,-1,-1,0,-1
2024010487293,2024,010487293,1,9,0,5,5,3,7,0,0,2,0,0,0,0,0,1,6,6,1,45,7,-1,-1,-1,-1,8,E01000569,0,1
2024231489651,2024,231489651,2,9,0,-1,19,7,3,-1,0,6,0,0,0,0,4,1,-1,6,1,26,6,-1,-1,-1,-1,3,E01031012,0,2
2024010497262,2024,010497262,2,9,0,99,99,9,9,99,99,9,9,99,9,99,9,9,6,6,3,30,6,-1,-1,-1,-1,4,E01004037,0,1
2024041443497,2024,041443497,1,9,0,-1,19,1,5,-1,0,8,0,0,0,0,1,1,-1,1,1,22,5,-1,-1,-1,-1,3,E01025234,0,4
2024010535301,2024,010535301,1,1,9,99,99,9,9,99,99,9,9,99,9,99,1,1,6,6,2,31,6,-1,-1,-1,-1,6,E01034579,0,1
2024052402821,2024,052402821,2,1,0,5,5,1,5,0,0,8,0,0,0,0,4,1,6,6,1,21,5,-1,-1,-1,-1,4,E01033760,0,1
2024211512815,2024,211512815,1,9,0,-1,19,1,4,-1,0,0,0,0,0,0,1,1,-1,6,1,46,8,-1,-1,-1,-1,2,E01014279,0,1
2024430466959,2024,430466959,1,9,0,9,9,8,6,0,0,5,0,0,0,0,4,1,6,6,1,39,7,-1,-1,-1,-1,6,E01016385,0,1
2024351479631,2024,351479631,3,9,0,-1,19,5,1,-1,0,0,0,0,0,0,2,1,-1,6,2,37,7,-1,-1,-1,-1,10,E01026364,0,4
2024451478846,2024,451478846,2,9,0,-1,3,3,7,-1,0,0,0,0,0,0,2,1,-1,2,1,55,8,-1,-1,-1,-1,5,E01004172,0,2
2024061405390,2024,061405390,5,9,0,-1,19,5,1,-1,0,0,0,0,0,0,1,1,-1,6,1,68,10,-1,-1,-1,-1,9,E01034764,0,4
2024231531709,2024,231531709,3,9,0,-1,4,1,5,-1,0,0,0,0,0,0,2,1,-1,6,1,24,5,-1,-1,-1,-1,7,E01009870,0,4
2024010525293,2024,010525293,2,9,0,18,19,7,3,0,0,1,0,0,0,0,1,1,6,6,1,39,7,-1,-1,-1,-1,5,E01002248,0,1
2024010536368,2024,010536368,2,98,0,99,99,9,9,0,0,1,0,0,0,0,9,1,6,6,3,-1,-1,-1,-1,-1,-1,7,E01018140,0,4
2024052401559,2024,052401559,1,9,0,18,19,4,1,0,0,1,0,0,0,0,1,1,6,6,3,-1,-1,-1,-1,-1,-1,-1,-1,0,-1
2024552401182,2024,552401182,2,1,0,18,19,7,3,0,0,8,0,0,0,0,1,1,4,7,1,22,5,-1,-1,-1,-1,-1,-1,0,-1
2024991451606,2024,991451606,2,9,0,-1,19,7,3,-1,0,0,0,0,1,0,2,1,-1,1,1,34,6,-1,-1,-1,-1,5,-1,0,4
2024010533785,2024,010533785,2,9,5,3,3,1,5,0,0,8,0,0,0,0,1,1,1,1,1,21,5,-1,-1,-1,-1,9,E01024431,0,4
2024010487959,2024,010487959,1,9,0,99,99,9,9,99,99,9,9,99,9,99,2,9,6,6,1,21,5,-1,-1,-1,-1,5,E01001863,0,3
2024010493719,2024,010493719,1,9,0,9,9,3,1,0,0,2,0,0,0,0,1,1,6,6,1,33,6,-1,-1,-1,-1,3,E01003569,0,1
2024041415495,2024,041415495,2,9,0,-1,19,5,1,-1,0,2,0,0,0,0,1,1,-1,9,1,67,10,-1,-1,-1,-1,3,E01025577,0,1
2024161429575,2024,161429575,2,9,0,-1,4,3,7,-1,0,1,0,0,0,0,1,9,-1,6,1,-1,-1,-1,-1,-1,-1,-1,-1,0,-1
2024221482326,2024,221482326,1,1,0,-1,14,7,2,-1,0,0,0,0,0,0,1,1,-1,6,1,30,6,-1,-1,-1,-1,8,E01032366,0,4
2024991459852,2024,991459852,2,9,0,-1,5,3,7,-1,0,6,0,0,0,0,1,2,-1,1,2,66,10,-1,-1,-1,-1,8,-1,0,1
2024351420942,2024,351420942,2,1,0,-1,11,5,8,-1,0,3,0,0,0,0,4,1,-1,6,1,48,8,-1,-1,-1,-1,6,E01017962,0,1
2024461488881,2024,461488881,1,9,0,-1,19,7,1,-1,0,4,1,9,1,0,4,9,-1,6,3,-1,-1,-1,-1,-1,-1,-1,-1,0,-1
2024010495571,2024,010495571,1,1,9,15,15,9,9,99,99,0,9,99,9,99,9,1,2,2,1,34,6,-1,-1,-1,-1,-1,-1,0,-1
2024031527402,2024,031527402,1,9,0,-1,7,3,5,-1,0,0,0,0,0,0,3,9,-1,6,1,-1,-1,-1,-1,-1,-1,-1,-1,0,-1
2024471439062,2024,471439062,1,1,0,-1,3,3,7,-1,0,0,0,0,0,0,0,1,-1,2,1,36,7,-1,-1,-1,-1,10,E01031800,0,1
2024542673224,2024,542673224,3,9,0,4,4,1,5,0,0,1,0,0,0,0,2,1,6,6,2,51,8,-1,-1,-1,-1,5,E01032065,0,1
2024361418242,2024,361418242,2,1,0,-1,14,4,6,-1,0,4,0,0,0,0,3,1,-1,6,1,47,8,-1,-1,-1,-1,7,E01026881,0,1
2024070716922,2024,070716922,1,9,0,-1,19,5,1,-1,0,7,0,0,0,0,1,1,-1,9,2,35,6,-1,-1,-1,-1,7,E01007113,0,3
2024421503637,2024,421503637,3,33,0,-1,19,5,1,-1,9,8,0,0,0,0,1,1,-1,9,2,14,3,-1,-1,-1,-1,9,E01022074,1,1
2024501510907,2024,501510907,3,19,0,-1,3,6,2,-1,0,0,0,0,0,0,2,1,-1,6,2,29,6,-1,-1,-1,-1,8,E01034638,0,3
2024052401805,2024,052401805,1,9,0,18,19,1,5,0,0,1,0,2,0,0,1,1,1,1,1,34,6,-1,-1,-1,-1,9,E01006828,0,3
2024010494347,2024,010494347,1,19,0,9,9,1,7,0,0,5,0,0,0,0,1,1,1,1,1,27,6,-1,-1,-1,-1,10,E01002208,0,3
2024010527947,2024,010527947,1,9,0,99,99,9,9,99,99,9,9,99,9,99,1,9,6,6,3,-1,-1,-1,-1,-1,-1,-1,-1,0,-1
2024010488266,2024,010488266,2,1,0,13,13,5,1,0,0,1,0,0,0,0,2,1,2,2,1,27,6,-1,-1,-1,-1,3,E01001999,0,1
2024052400196,2024,052400196,2,1,0,18,19,3,7,0,0,8,0,0,0,0,1,1,6,6,1,15,3,-1,-1,-1,-1,1,E01006447,0,1
2024231490424,2024,231490424,1,9,0,-1,19,8,4,-1,0,0,0,0,0,0,1,9,-1,6,2,40,7,-1,-1,-1,-1,-1,-1,0,-1
2024161497918,2024,161497918,2,1,0,-1,19,6,2,-1,0,0,0,0,0,0,1,1,-1,6,2,65,9,-1,-1,-1,-1,1,E01012790,0,3
2024221515623,2024,221515623,1,9,0,-1,3,1,7,-1,0,0,0,0,0,0,2,9,-1,6,2,42,7,-1,-1,-1,-1,8,E01032441,0,1
2024010538608,2024,010538608,2,9,0,99,99,9,9,99,99,9,9,99,9,99,1,9,6,6,3,-1,-1,-1,-1,-1,-1,-1,-1,0,-1
2024351471663,2024,351471663,1,9,0,-1,19,5,1,-1,0,3,0,10,1,1,1,1,-1,6,1,32,6,-1,-1,-1,-1,6,E01018190,0,1
2024440504770,2024,440504770,1,9,0,18,19,2,6,0,0,8,0,0,7,0,3,1,6,6,2,27,6,-1,-1,-1,-1,5,E01016371,0,4
2024131474060,2024,131474060,1,9,0,-1,-1,-1,-1,-1,9,8,0,0,-1,0,-1,1,-1,6,3,-1,-1,-1,-1,-1,-1,-1,-1,0,-1
2024531518328,2024,531518328,3,9,0,-1,3,1,5,-1,0,0,0,0,0,0,2,9,-1,6,3,-1,-1,-1,-1,-1,-1,-1,-1,0,-1
2024411404254,2024,411404254,2,9,0,-1,3,1,5,-1,0,0,0,0,0,0,2,1,-1,9,2,39,7,-1,-1,-1,-1,3,E01023343,0,4
2024010490740,2024,010490740,1,9,0,99,99,9,9,99,99,9,9,99,9,99,9,9,2,2,2,29,6,-1,-1,-1,-1,7,E01030755,0,1
2024010511327,2024,010511327,2,1,0,9,9,4,2,0,0,1,0,0,0,0,2,1,6,6,1,17,4,-1,-1,-1,-1,3,E01001446,0,1
2024010534505,2024,010534505,2,1,0,18,19,1,5,0,0,0,0,0,0,0,3,1,2,2,1,35,6,-1,-1,-1,-1,4,E01035485,0,1
2024061501834,2024,061501834,3,9,-1,-1,-1,-1,-1,-1,-1,0,-1,-1,-1,0,-1,9,-1,6,3,-1,-1,-1,-1,-1,-1,-1,-1,0,-1
2024430023243,2024,430023243,1,20,1,18,19,3,7,0,0,4,0,0,0,0,3,1,6,6,3,-1,-1,-1,-1,-1,-1,-1,-1,0,-1
2024451497078,2024,451497078,2,1,0,-1,19,1,6,-1,0,0,0,0,0,0,1,1,-1,6,2,61,9,-1,-1,-1,-1,8,E01030655,0,1
2024010546088,2024,010546088,1,9,0,3,3,3,7,0,0,2,0,0,0,0,3,1,6,6,1,33,6,-1,-1,-1,-1,9,E01033956,0,4
2024141394541,2024,141394541,1,9,0,-1,19,5,1,-1,0,1,0,0,0,0,1,9,-1,6,3,-1,-1,-1,-1,-1,-1,-1,-1,0,-1
202454E197924,2024,54E197924,2,9,0,4,4,3,7,0,0,0,0,0,0,0,2,1,6,6,1,51,8,-1,-1,-1,-1,10,E01030691,0,5
2024010540082,2024,010540082,1,9,0,9,9,3,1,0,0,6,0,0,0,0,3,1,6,6,1,38,7,-1,-1,-1,-1,4,E01003769,0,2
2024221484834,2024,221484834,1,9,0,-1,19,5,1,-1,0,0,0,0,0,0,1,1,-1,2,1,28,6,-1,-1,-1,-1,7,E01021902,0,5
2024411479155,2024,411479155,2,21,1,-1,19,8,4,-1,0,0,0,0,0,0,2,1,-1,1,1,27,6,-1,-1,-1,-1,7,E01000778,0,4
2024471456951,2024,471456951,2,9,0,-1,9,6,3,-1,0,0,0,0,0,0,2,9,-1,6,3,-1,-1,-1,-1,-1,-1,-1,-1,0,-1
2024010494567,2024,010494567,2,98,9,99,99,9,9,99,99,9,9,99,9,99,9,9,1,1,1,38,7,-1,-1,-1,-1,7,E01030659,0,4
2024010539140,2024,010539140,2,1,0,3,3,3,7,0,0,1,0,0,0,0,4,1,6,6,1,32,6,-1,-1,-1,-1,4,E01002620,0,3
2024010490736,2024,010490736,2,3,0,14,14,1,5,0,0,1,0,0,0,0,3,1,6,6,1,18,4,-1,-1,-1,-1,3,E01002605,0,1
2024991468729,2024,991468729,1,1,0,-1,15,8,4,-1,0,0,0,0,0,0,1,1,-1,6,1,76,11,-1,-1,-1,-1,8,-1,0,1
2024010538112,2024,010538112,1,9,0,18,19,1,5,0,0,1,0,0,1,1,1,1,1,1,1,43,7,-1,-1,-1,-1,6,E01001245,0,3
2024010500020,2024,010500020,2,1,0,18,19,3,7,0,0,1,0,0,0,0,1,1,6,6,2,16,4,-1,-1,-1,-1,8,E01000910,0,1
2024041401825,2024,041401825,3,9,0,-1,19,1,5,-1,0,3,0,0,0,0,2,1,-1,6,2,67,10,-1,-1,-1,-1,9,E01025257,0,1
2024070727324,2024,070727324,2,21,1,-1,19,5,1,-1,0,0,0,0,0,0,1,2,-1,1,1,47,8,-1,-1,-1,-1,-1,-1,0,-1
2024101402503,2024,101402503,1,9,0,-1,19,3,7,-1,0,0,1,0,0,0,1,9,-1,6,1,-1,-1,-1,-1,-1,-1,-1,-1,0,-1
2024430207535,2024,430207535,1,9,0,7,7,3,5,0,0,5,0,0,0,0,2,1,6,6,2,39,7,-1,-1,-1,-1,10,E01035754,0,3
2024991409995,2024,991409995,1,9,0,-1,6,8,7,-1,0,1,0,0,0,0,3,9,-1,6,3,-1,-1,-1,-1,-1,-1,-1,-1,0,-1
2024101447918,2024,101447918,2,9,0,-1,19,8,4,-1,0,4,0,0,0,0,4,1,-1,6,1,23,5,-1,-1,-1,-1,-1,-1,0,-1
2024302401454,2024,302401454,1,3,0,4,4,6,2,0,0,0,0,0,1,0,1,1,6,6,2,17,4,124,1,8,MAKE AND MODEL REDACTED,2,E01019777,0,3
2024451454101,2024,451454101,1,9,0,-1,19,1,1,-1,0,0,0,0,0,0,2,1,-1,1,2,44,7,998,1,7,FORD ECOSPORT,2,E01002604,0,3
2024451450238,2024,451450238,1,9,0,-1,9,3,7,-1,0,6,0,0,0,0,1,1,-1,9,2,57,9,1498,1,7,FORD ECOSPORT,7,E01030994,0,1
2024411407680,2024,411407680,3,9,0,-1,4,5,1,-1,0,0,0,0,0,0,2,1,-1,2,2,48,8,998,1,2,FORD ECOSPORT,9,E01015999,0,4
2024211431260,2024,211431260,1,9,0,-1,19,2,8,-1,0,0,0,0,0,0,1,9,-1,9,2,51,8,998,1,2,FORD ECOSPORT,6,E01014119,0,4
2024991483777,2024,991483777,2,9,0,-1,19,3,7,-1,0,8,0,0,0,0,1,1,-1,9,2,31,6,998,1,6,FORD ECOSPORT,1,-1,0,2
