collision_index,collision_year,collision_ref_no,vehicle_reference,casualty_reference,casualty_class,sex_of_casualty,age_of_casualty,age_band_of_casualty,casualty_severity,pedestrian_location,pedestrian_movement,car_passenger,bus_or_coach_passenger,pedestrian_road_maintenance_worker,casualty_type,casualty_imd_decile,lsoa_of_casualty,enhanced_casualty_severity,casualty_injury_based,casualty_adjusted_severity_serious,casualty_adjusted_severity_slight,casualty_distance_banding,escooter_flag
2025010575849,2025,010575849,1,2,3,1,60,9,3,1,3,0,0,-1,0,2,E01004067,3,1,0,1,1,0
2025061619002,2025,061619002,1,1,3,1,47,8,2,9,9,0,0,-1,0,-1,-1,6,1,1,0,-1,0
2025991553203,2025,991553203,1,1,3,2,11,3,3,5,3,0,0,-1,0,1,-1,3,1,0,1,1,0
2025010566580,2025,010566580,2,1,1,-1,-1,-1,3,0,0,0,0,0,1,-1,-1,3,1,0,1,-1,0
2025010576288,2025,010576288,1,1,1,1,49,8,3,0,0,0,0,0,1,3,E01001578,3,1,0,1,1,0
2025111580043,2025,111580043,2,1,1,1,26,6,2,0,0,0,0,0,4,5,E01020864,7,1,1,0,4,0
2025041597656,2025,041597656,2,2,1,2,27,6,3,0,0,0,0,0,9,1,E01012594,3,1,0,1,1,0
2025361683042,2025,361683042,1,1,1,2,78,11,3,0,0,0,0,0,9,8,E01026929,3,1,0,1,3,0
2025451539695,2025,451539695,1,1,1,1,34,6,3,0,0,0,0,0,9,9,E01031674,3,1,0,1,3,0
2025471589467,2025,471589467,1,1,1,1,60,9,3,0,0,0,0,0,9,9,E01016176,3,1,0,1,4,0
2025522600383,2025,522600383,1,1,1,2,59,9,3,0,0,0,0,0,9,5,E01002232,3,1,0,1,5,0
2025552500210,2025,552500210,1,1,1,2,77,11,3,0,0,0,0,0,9,10,E01020426,-1,0,0.09728,0.90272,1,0
202560C148872,2025,60C148872,2,4,2,1,38,7,3,0,0,1,0,0,9,-1,-1,-1,0,0.10743,0.89257,-1,0
2025531542649,2025,531542649,1,3,1,1,37,7,3,0,0,0,0,0,19,6,E01022379,3,1,0,1,2,0
2025351678020,2025,351678020,1,1,3,1,14,3,3,5,1,0,0,-1,0,10,E01018272,3,1,0,1,2,0
2025461570580,2025,461570580,1,1,1,1,33,6,2,0,0,0,0,0,3,5,E01016065,7,1,1,0,1,0
2025211599521,2025,211599521,1,1,1,1,50,8,3,0,0,0,0,0,9,-1,-1,3,1,0,1,-1,0
2025440031194,2025,440031194,1,1,2,2,36,7,2,0,0,1,0,0,9,2,E01022900,-1,0,0.88395,0.11605,4,0
2025451677663,2025,451677663,1,1,1,2,54,8,2,0,0,0,0,0,9,9,E01030940,7,1,1,0,1,0
2025471639783,2025,471639783,1,2,2,2,84,11,3,0,0,1,0,0,9,7,E01035320,3,1,0,1,4,0
2025231663275,2025,231663275,1,1,3,2,14,3,3,1,1,0,0,-1,0,3,E01031177,3,1,0,1,1,0
2025541216225,2025,541216225,2,1,1,2,15,3,3,0,0,0,0,0,1,8,E01032074,-1,0,0.03409,0.96591,1,0
2025010600947,2025,010600947,1,1,2,1,26,6,3,0,0,1,0,0,9,1,E01015880,3,1,0,1,4,0
2025131635037,2025,131635037,2,1,2,2,90,11,3,0,0,2,0,0,9,3,E01013531,3,1,0,1,4,0
2025201550563,2025,201550563,2,3,2,1,4,1,3,0,0,2,0,0,9,1,E01009585,3,1,0,1,1,0
2025201670750,2025,201670750,2,1,1,1,34,6,3,0,0,0,0,0,9,2,E01010279,3,1,0,1,3,0
2025430101316,2025,430101316,2,1,1,2,34,6,3,0,0,0,0,0,9,8,E01022889,-1,0,0.0061,0.9939,3,0
2025541748207,2025,541748207,2,2,1,2,64,9,3,0,0,0,0,0,9,10,E01031905,3,1,0,1,3,0
2025546474325,2025,546474325,3,2,1,1,22,5,3,0,0,0,0,0,9,8,E01012532,-1,0,0.01299,0.98701,5,0
2025622500573,2025,622500573,2,2,1,2,25,5,3,0,0,0,0,0,9,-1,-1,-1,0,0.02197,0.97803,-1,0
2025010608524,2025,010608524,1,1,3,1,33,6,3,5,1,0,0,-1,0,3,E01034484,3,1,0,1,1,0
2025041615895,2025,041615895,3,3,1,2,49,8,3,0,0,0,0,0,9,7,E01025565,3,1,0,1,3,0
202517H105425,2025,17H105425,3,2,2,1,30,6,3,0,0,1,0,0,9,3,E01020653,3,1,0,1,4,0
2025201665715,2025,201665715,2,1,1,1,67,10,3,0,0,0,0,0,9,-1,-1,3,1,0,1,-1,0
2025231588682,2025,231588682,1,1,1,1,41,7,3,0,0,0,0,0,9,1,E01035016,3,1,0,1,1,0
2025351658002,2025,351658002,2,2,1,2,47,8,3,0,0,0,0,0,9,6,E01030112,3,1,0,1,4,0
2025430292453,2025,430292453,1,1,1,2,88,11,3,0,0,0,0,0,9,10,E01017806,-1,0,0.04409,0.95591,1,0
2025610005625,2025,610005625,1,1,1,2,56,9,3,0,0,1,0,0,9,-1,-1,-1,0,0.03266,0.96734,-1,0
2025622500573,2025,622500573,2,3,2,1,1,1,3,0,0,2,0,0,9,-1,-1,-1,0,0.02152,0.97848,-1,0
2025311581931,2025,311581931,1,1,2,2,65,9,3,0,0,0,3,0,11,-1,-1,3,1,0,1,-1,0
2025122501259,2025,122501259,2,1,1,1,49,8,3,0,0,0,0,0,17,8,E01027924,-1,0,0.10438,0.89562,1,0
2025451554621,2025,451554621,2,2,2,1,38,7,2,0,0,0,0,0,19,3,E01022487,6,1,1,0,4,0
2025461562139,2025,461562139,2,3,2,1,24,5,3,0,0,1,0,0,21,3,E01001602,3,1,0,1,3,0
2025461586594,2025,461586594,1,1,3,1,26,6,2,5,2,0,0,-1,0,5,E01024537,7,1,1,0,3,0
2025991672290,2025,991672290,2,1,1,1,35,6,3,0,0,0,0,0,1,4,-1,3,1,0,1,3,0
2025522501872,2025,522501872,1,1,1,1,17,4,3,0,0,0,0,0,2,10,E01014716,3,1,0,1,1,0
2025351705264,2025,351705264,2,2,2,1,16,4,3,0,0,-1,0,0,5,5,E01018208,3,1,0,1,2,0
2025421544111,2025,421544111,1,1,1,2,75,10,2,0,0,0,0,0,9,3,E01015971,7,1,1,0,1,0
2025461623970,2025,461623970,1,1,1,1,27,6,3,0,0,0,0,0,9,4,E01000722,3,1,0,1,2,0
202560C148872,2025,60C148872,2,3,2,2,15,3,2,0,0,2,0,0,9,-1,-1,-1,0,1,0,-1,0
2025991548553,2025,991548553,2,3,1,1,37,7,3,0,0,0,0,0,90,8,-1,3,1,0,1,4,0
2025471556204,2025,471556204,1,4,1,1,40,7,3,0,0,0,0,0,98,4,E01034185,3,1,0,1,4,0
2025010559876,2025,010559876,1,1,3,1,83,11,2,1,3,0,0,-1,0,9,E01001018,7,1,1,0,1,0
2025430005015,2025,430005015,1,2,3,2,16,4,3,6,9,0,0,-1,0,7,E01016220,3,1,0,1,1,0
2025501638991,2025,501638991,1,1,1,1,69,10,3,0,0,0,0,0,5,4,E01020321,3,1,0,1,1,0
2025010584332,2025,010584332,1,1,1,1,24,5,3,0,0,0,0,0,9,8,E01000678,3,1,0,1,2,0
2025031595240,2025,031595240,1,1,1,1,75,10,3,0,0,0,0,0,9,5,E01019394,3,1,0,1,2,0
2025141541393,2025,141541393,1,1,1,1,19,4,3,0,0,0,0,0,9,9,E01008141,3,1,0,1,2,0
2025340NN5252,2025,340NN5252,2,1,1,2,42,7,3,0,0,0,0,0,9,10,E01025797,3,1,0,1,3,0
2025361606397,2025,361606397,2,1,1,1,66,10,2,0,0,0,0,0,9,7,E01026593,6,1,1,0,3,0
2025401670996,2025,401670996,2,2,1,1,49,8,3,0,0,0,0,0,9,5,E01017487,3,1,0,1,3,0
2025421542681,2025,421542681,2,1,1,1,63,9,3,0,0,0,0,0,9,5,E01035169,3,1,0,1,4,0
2025430273855,2025,430273855,1,1,2,2,29,6,3,0,0,1,0,0,9,5,E01015989,-1,0,0.03475,0.96525,4,0
2025471649905,2025,471649905,3,4,1,1,62,9,3,0,0,0,0,0,9,1,E01020992,3,1,0,1,1,0
202560C148872,2025,60C148872,2,6,2,1,15,3,2,0,0,2,0,0,9,-1,-1,-1,0,1,0,-1,0
2025010561953,2025,010561953,1,1,2,2,41,7,3,0,0,0,4,0,11,5,E01003292,3,1,0,1,1,0
2025010570300,2025,010570300,2,1,2,1,32,6,3,0,0,0,0,0,19,6,E01024763,3,1,0,1,4,0
2025010556929,2025,010556929,1,2,2,-1,-1,-1,3,0,0,9,0,0,9,-1,-1,-1,0,0,1,-1,0
2025041598174,2025,041598174,1,1,1,1,19,4,3,0,0,0,0,0,9,3,E01004834,3,1,0,1,4,0
2025221556808,2025,221556808,2,1,1,2,52,8,3,0,0,0,0,0,9,6,E01032460,3,1,0,1,2,0
2025311674825,2025,311674825,3,3,1,1,35,6,3,0,0,0,0,0,9,4,E01028038,3,1,0,1,2,0
2025340NN4472,2025,340NN4472,2,2,2,2,30,6,3,0,0,1,0,0,9,-1,-1,3,1,0,1,-1,0
2025411603604,2025,411603604,1,2,2,2,25,5,3,0,0,2,0,0,9,4,E01023301,3,1,0,1,2,0
2025421680762,2025,421680762,1,1,1,2,66,10,3,0,0,0,0,0,9,10,E01022085,3,1,0,1,3,0
2025430316983,2025,430316983,1,2,2,2,47,8,3,0,0,1,0,0,9,6,E01028542,-1,0,0.0494,0.9506,3,0
2025451577499,2025,451577499,1,1,1,1,32,6,2,0,0,0,0,0,9,9,E01030918,7,1,1,0,1,0
2025991563649,2025,991563649,3,1,1,2,72,10,2,0,0,0,0,0,9,2,-1,7,1,1,0,2,0
2025991617968,2025,991617968,1,1,1,2,74,10,3,0,0,0,0,0,9,-1,-1,3,1,0,1,-1,0
2025430625303,2025,430625303,2,1,1,1,60,9,3,0,0,0,0,0,1,10,E01035262,3,1,0,1,1,0
2025522600410,2025,522600410,2,1,1,2,37,7,3,0,0,0,0,0,1,4,E01014650,3,1,0,1,1,0
2025010603633,2025,010603633,1,1,1,1,26,6,3,0,0,0,0,0,3,5,E01002640,3,1,0,1,1,0
2025041685382,2025,041685382,1,1,1,1,26,6,3,0,0,0,0,0,3,1,E01025290,3,1,0,1,1,0
2025231624487,2025,231624487,1,1,2,2,40,7,3,0,0,-1,0,0,5,8,E01030042,3,1,0,1,5,0
2025421654041,2025,421654041,2,1,1,1,64,9,3,0,0,0,0,0,5,5,E01033459,3,1,0,1,4,0
2025010607058,2025,010607058,1,1,3,2,36,7,3,7,9,0,0,-1,0,3,E01001508,3,1,0,1,1,0
2025052502176,2025,052502176,1,1,3,1,92,11,3,1,3,0,0,0,0,4,E01007046,-1,0,0.22926,0.77074,1,0
2025311552369,2025,311552369,1,1,3,2,15,3,2,5,1,0,0,-1,0,-1,-1,7,1,1,0,-1,0
2025361680352,2025,361680352,3,2,2,2,63,9,3,0,0,1,0,0,8,6,E01026498,3,1,0,1,1,0
2025361618170,2025,361618170,1,2,1,1,24,5,2,0,0,0,0,0,19,5,E01026728,7,1,1,0,2,0
2025411656533,2025,411656533,1,1,1,2,33,6,2,0,0,0,0,0,19,3,E01016738,6,1,1,0,4,0
2025471566675,2025,471566675,1,1,3,1,73,10,2,1,1,0,0,-1,0,6,E01016990,7,1,1,0,1,0
2025991676735,2025,991676735,1,1,3,2,24,5,3,5,3,0,0,-1,0,1,-1,3,1,0,1,1,0
2025991658637,2025,991658637,1,1,1,1,27,6,2,0,0,0,0,0,1,-1,-1,7,1,1,0,-1,0
2025041576688,2025,041576688,2,3,2,2,13,3,3,0,0,1,0,0,9,2,E01012608,3,1,0,1,1,0
2025041607341,2025,041607341,2,1,1,2,23,5,3,0,0,0,0,0,9,7,E01025647,3,1,0,1,5,0
2025302500915,2025,302500915,2,1,1,1,43,7,1,0,0,0,0,0,9,8,E01013546,1,1,0,0,2,0
2025351667347,2025,351667347,1,3,2,2,22,5,3,0,0,1,0,0,9,6,E01035103,3,1,0,1,4,0
2025430480868,2025,430480868,1,1,1,1,56,9,3,0,0,0,0,0,9,1,E01016372,3,1,0,1,1,0
2025501539600,2025,501539600,2,1,1,1,37,7,3,0,0,0,0,0,9,2,E01015181,3,1,0,1,1,0
2025501551977,2025,501551977,3,1,1,2,50,8,3,0,0,0,0,0,9,9,E01019965,3,1,0,1,1,0
2025010567480,2025,010567480,1,1,2,2,60,9,3,0,0,0,3,0,11,4,E01004057,3,1,0,1,1,0
2025010569066,2025,010569066,1,1,1,2,42,7,3,0,0,0,0,0,9,8,E01023433,3,1,0,1,4,0
2025041606350,2025,041606350,1,1,1,2,48,8,3,0,0,0,0,0,9,4,E01025567,3,1,0,1,1,0
2025101603533,2025,101603533,2,2,2,2,24,5,3,0,0,1,0,0,9,-1,-1,3,1,0,1,-1,0
2025201607941,2025,201607941,1,1,1,2,44,7,3,0,0,0,0,0,9,1,E01033646,3,1,0,1,2,0
2025201626553,2025,201626553,1,1,1,1,26,6,3,0,0,0,0,0,9,1,E01009147,3,1,0,1,1,0
2025340WN0192,2025,340WN0192,2,1,1,2,36,7,3,0,0,0,0,0,9,4,E01032976,3,1,0,1,2,0
2025371646595,2025,371646595,2,1,1,1,59,9,3,0,0,0,0,0,9,6,E01030099,3,1,0,1,1,0
2025531646626,2025,531646626,2,4,1,2,32,6,3,0,0,0,0,0,9,2,E01022160,3,1,0,1,3,0
2025631556974,2025,631556974,2,3,2,2,52,8,3,0,0,1,0,0,9,2,E01013752,3,1,0,1,5,0
2025221544947,2025,221544947,1,1,1,1,63,9,2,0,0,0,0,0,20,7,E01031283,5,1,1,0,4,0
2025070782244,2025,070782244,1,1,3,1,15,3,3,6,9,0,0,-1,0,2,E01012506,3,1,0,1,1,0
2025311671338,2025,311671338,1,1,1,1,62,9,2,0,0,0,0,0,33,-1,-1,5,1,1,0,-1,1
2025522501469,2025,522501469,2,2,1,1,29,6,3,0,0,0,0,0,19,3,W01001408,3,1,0,1,4,0
2025041576688,2025,041576688,2,4,2,1,8,2,3,0,0,2,0,0,9,4,E01012634,3,1,0,1,1,0
2025052500860,2025,052500860,2,1,1,1,26,6,3,0,0,0,0,0,9,1,E01006874,-1,0,0.01785,0.98215,3,0
2025131582594,2025,131582594,2,1,2,2,70,10,3,0,0,1,0,0,9,2,E01010628,3,1,0,1,1,0
2025141562472,2025,141562472,1,1,2,1,66,10,2,0,0,1,0,0,9,10,E01007617,7,1,1,0,3,0
2025141663701,2025,141663701,1,1,1,1,39,7,3,0,0,0,0,0,9,1,E01013210,3,1,0,1,4,0
2025161558125,2025,161558125,1,1,1,1,44,7,3,0,0,0,0,0,9,1,E01012888,3,1,0,1,1,0
2025201593361,2025,201593361,2,1,2,2,24,5,3,0,0,1,0,0,9,-1,-1,3,1,0,1,-1,0
2025461555578,2025,461555578,2,2,2,2,38,7,3,0,0,1,0,0,9,3,E01016043,3,1,0,1,4,0
2025010590923,2025,010590923,1,1,1,1,26,6,2,0,0,0,0,0,1,6,E01004059,7,1,1,0,2,0
2025141597573,2025,141597573,1,1,3,1,42,7,3,9,9,0,0,-1,0,2,E01007642,3,1,0,1,4,0
2025991648573,2025,991648573,2,1,1,1,66,10,3,0,0,0,0,0,19,5,-1,3,1,0,1,3,0
2025010610878,2025,010610878,2,1,3,1,23,5,3,9,5,0,0,-1,0,2,E01004248,3,1,0,1,3,0
2025201577787,2025,201577787,1,1,3,1,89,11,3,8,4,0,0,-1,0,1,E01010283,3,1,0,1,1,0
2025010559080,2025,010559080,2,1,1,1,51,8,2,0,0,0,0,0,5,6,E01004021,7,1,1,0,1,0
2025411661869,2025,411661869,3,3,1,1,39,7,3,0,0,0,0,0,9,8,E01017741,3,1,0,1,2,0
2025430569967,2025,430569967,4,2,1,1,56,9,3,0,0,0,0,0,9,7,E01033511,3,1,0,1,1,0
2025461610788,2025,461610788,1,1,1,1,29,6,3,0,0,0,0,0,9,10,E01024751,3,1,0,1,1,0
2025201648961,2025,201648961,1,1,3,1,11,3,3,5,1,0,0,-1,0,1,E01009298,3,1,0,1,1,0
2025430188452,2025,430188452,1,1,3,1,30,6,3,9,5,0,0,1,0,1,E01022238,-1,0,0.01799,0.98201,5,0
2025010559636,2025,010559636,2,1,1,1,20,4,3,0,0,0,0,0,1,3,E01003431,3,1,0,1,3,0
2025010583591,2025,010583591,2,1,1,1,28,6,2,0,0,0,0,0,1,10,E01026907,7,1,1,0,5,0
202517S302025,2025,17S302025,1,1,1,1,52,8,3,0,0,0,0,0,1,9,E01012246,3,1,0,1,2,0
2025411591846,2025,411591846,1,1,1,1,66,10,3,0,0,0,0,0,1,6,E01023651,3,1,0,1,1,0
2025430574062,2025,430574062,1,1,1,2,49,8,3,0,0,0,0,0,1,10,E01028563,3,1,0,1,1,0
2025421623184,2025,421623184,2,1,1,1,18,4,3,0,0,0,0,0,3,8,E01021740,3,1,0,1,2,0
2025421634124,2025,421634124,2,1,1,1,27,6,2,0,0,0,0,0,3,1,E01021290,7,1,1,0,1,0
2025041603672,2025,041603672,1,1,2,2,21,5,3,0,0,1,0,0,9,7,E01005911,3,1,0,1,4,0
2025161623607,2025,161623607,1,2,2,2,61,9,3,0,0,1,0,0,9,4,E01028174,3,1,0,1,5,0
2025361561627,2025,361561627,1,1,1,1,35,6,3,0,0,0,0,0,9,4,E01026697,3,1,0,1,2,0
2025520600601,2025,520600601,1,3,2,1,32,6,3,0,0,2,0,0,9,6,E01020007,3,1,0,1,4,0
2025541662913,2025,541662913,2,1,1,1,77,11,3,0,0,0,0,0,9,7,E01031842,3,1,0,1,3,0
2025552500341,2025,552500341,2,1,1,2,28,6,3,0,0,0,0,0,9,5,E01020443,-1,0,0.00547,0.99453,4,0
2025991548553,2025,991548553,1,2,2,2,47,8,3,0,0,1,0,0,9,8,-1,3,1,0,1,2,0
2025010553386,2025,010553386,1,1,1,1,36,7,3,0,0,0,0,0,9,2,E01003732,-1,0,0,1,2,0
2025131536498,2025,131536498,1,1,1,1,35,6,3,0,0,0,0,0,9,-1,-1,3,1,0,1,-1,0
2025131541049,2025,131541049,1,1,1,2,29,6,3,0,0,0,0,0,9,6,E01027703,3,1,0,1,3,0
2025161558727,2025,161558727,3,2,2,2,52,8,3,0,0,1,0,0,9,1,E01007919,3,1,0,1,4,0
2025231684432,2025,231684432,4,2,1,2,33,6,3,0,0,0,0,0,9,3,E01029635,3,1,0,1,4,0
2025332500184,2025,332500184,1,1,1,1,48,8,2,0,0,0,0,0,9,3,E01004189,6,1,1,0,5,0
2025631571551,2025,631571551,2,1,2,2,21,5,2,0,0,1,0,0,9,1,W01000606,7,1,1,0,4,0
2025010591067,2025,010591067,1,1,1,1,45,7,3,0,0,0,0,0,3,8,E01001127,3,1,0,1,2,0
2025610045325,2025,610045325,1,1,1,1,18,4,3,0,0,0,0,0,5,-1,-1,-1,0,0.20031,0.79969,-1,0
2025010558063,2025,010558063,1,1,3,1,12,3,3,5,2,0,0,-1,0,6,E01000705,3,1,0,1,1,0
2025010555743,2025,010555743,1,1,3,2,54,8,3,9,9,0,0,-1,0,6,E01001527,3,1,0,1,1,0
2025010583528,2025,010583528,2,1,1,1,28,6,3,0,0,0,0,0,1,2,E01001333,3,1,0,1,3,0
2025332500553,2025,332500553,2,1,1,1,44,7,3,0,0,0,0,0,1,7,E01025724,3,1,0,1,1,0
2025031550848,2025,031550848,2,1,1,1,54,8,3,0,0,0,0,0,9,7,E01019133,3,1,0,1,3,0
2025122501085,2025,122501085,1,2,2,-1,83,11,3,0,0,1,0,0,9,10,E01027660,-1,0,0.01737,0.98263,1,0
2025131561016,2025,131561016,2,1,1,2,59,9,2,0,0,0,0,0,9,1,E01011001,7,1,1,0,4,0
2025430168729,2025,430168729,2,1,1,2,55,8,3,0,0,0,-1,0,9,8,E01034452,-1,0,0.00624,0.99376,1,0
2025430554787,2025,430554787,1,2,2,2,33,6,2,0,0,1,0,0,9,-1,-1,7,1,1,0,-1,0
2025451560736,2025,451560736,1,1,2,2,26,6,3,0,0,1,0,0,9,4,E01030739,3,1,0,1,1,0
2025522501493,2025,522501493,1,1,1,1,-1,-1,3,0,0,0,0,0,9,5,E01035222,3,1,0,1,1,0
2025540513125,2025,540513125,1,2,2,2,7,2,3,0,0,2,0,0,9,8,E01031964,-1,0,0.03645,0.96355,1,0
2025141541393,2025,141541393,2,2,1,1,35,6,3,0,0,0,0,0,19,1,E01007764,3,1,0,1,3,0
2025010553130,2025,010553130,1,1,1,2,53,8,3,0,0,0,0,0,9,9,E01002156,3,1,0,1,1,0
2025041576688,2025,041576688,2,1,1,2,39,7,3,0,0,0,0,0,9,4,E01012634,3,1,0,1,1,0
2025351667347,2025,351667347,2,4,2,2,53,8,3,0,0,1,0,0,9,5,E01035626,3,1,0,1,5,0
2025411603604,2025,411603604,1,3,2,1,21,5,3,0,0,2,0,0,9,5,E01023322,3,1,0,1,1,0
2025430152004,2025,430152004,2,1,1,1,54,8,3,0,0,0,0,0,9,10,E01016670,-1,0,0.0238,0.9762,2,0
2025471556204,2025,471556204,2,2,1,1,70,10,3,0,0,0,0,0,9,9,E01024431,3,1,0,1,4,0
2025622500238,2025,622500238,1,1,1,1,19,4,3,0,0,0,0,0,9,-1,-1,-1,0,0.06369,0.93631,-1,0
2025010552905,2025,010552905,1,1,1,1,19,4,3,0,0,0,0,0,1,-1,-1,3,1,0,1,-1,0
2025430314517,2025,430314517,1,1,1,2,30,6,3,0,0,0,0,0,2,-1,-1,-1,0,0.03514,0.96486,-1,0
2025010591036,2025,010591036,1,1,3,2,34,6,2,1,1,0,0,-1,0,5,E01001984,7,1,1,0,1,0
2025531673358,2025,531673358,1,1,3,2,15,3,3,1,1,0,0,-1,0,5,E01022440,3,1,0,1,1,0
2025361680352,2025,361680352,2,3,2,2,70,10,3,0,0,1,0,0,8,5,E01026589,3,1,0,1,3,0
2025141622937,2025,141622937,1,1,1,1,32,6,3,0,0,0,0,0,9,8,E01008147,3,1,0,1,2,0
2025201541866,2025,201541866,2,2,2,1,24,5,3,0,0,1,0,0,9,1,E01009542,3,1,0,1,1,0
2025340NN0692,2025,340NN0692,1,1,1,2,93,11,3,0,0,0,0,0,9,5,E01026973,3,1,0,1,1,0
2025361655820,2025,361655820,2,1,1,2,50,8,3,0,0,0,0,0,9,2,E01026607,3,1,0,1,2,0
2025531606141,2025,531606141,2,1,1,2,39,7,3,0,0,0,0,0,9,8,E01035255,3,1,0,1,4,0
2025471564170,2025,471564170,1,1,3,1,41,7,2,4,3,0,0,-1,0,2,E01016945,7,1,1,0,1,0
2025531630711,2025,531630711,1,1,3,1,76,11,2,8,7,0,0,-1,0,5,E01022188,7,1,1,0,1,0
2025340WN7212,2025,340WN7212,2,1,1,1,44,7,3,0,0,0,0,0,33,8,E01027193,3,1,0,1,2,1
2025010581351,2025,010581351,3,1,1,1,48,8,3,0,0,0,0,0,19,2,E01003350,3,1,0,1,4,0
2025991572895,2025,991572895,1,1,3,1,21,5,3,5,2,0,0,-1,0,5,-1,3,1,0,1,1,0
2025991624229,2025,991624229,1,1,3,1,51,8,3,1,1,0,0,-1,0,-1,-1,3,1,0,1,-1,0
2025991669473,2025,991669473,1,1,3,1,35,6,3,9,9,0,0,-1,0,4,-1,3,1,0,1,4,0
2025211639584,2025,211639584,2,1,1,1,78,11,2,0,0,0,0,0,1,8,E01019845,7,1,1,0,2,0
2025430336369,2025,430336369,1,1,1,1,20,4,3,0,0,0,0,0,3,-1,-1,-1,0,0.08479,0.91521,-1,0
2025430493274,2025,430493274,1,1,1,1,30,6,3,0,0,0,0,0,3,9,E01032576,3,1,0,1,3,0
2025041582712,2025,041582712,2,1,1,1,61,9,2,0,0,0,0,0,5,4,E01005029,7,1,1,0,3,0
2025552500085,2025,552500085,2,1,1,1,30,6,3,0,0,0,0,0,5,4,E01015382,-1,0,0.11846,0.88154,1,0
2025010585330,2025,010585330,1,1,1,2,35,6,3,0,0,0,0,0,9,2,E01001603,3,1,0,1,1,0
2025010604108,2025,010604108,1,1,1,2,33,6,3,0,0,0,0,0,9,1,E01000521,3,1,0,1,1,0
2025340WN3702,2025,340WN3702,2,1,1,2,47,8,3,0,0,0,0,0,9,9,E01027018,3,1,0,1,2,0
2025351601357,2025,351601357,1,1,1,1,26,6,3,0,0,0,0,0,9,2,E01015594,3,1,0,1,1,0
2025440446500,2025,440446500,2,1,1,2,43,7,3,0,0,0,0,0,9,4,E01022711,3,1,0,1,1,0
2025991554497,2025,991554497,1,3,1,2,47,8,3,0,0,0,0,0,9,-1,-1,3,1,0,1,-1,0
2025010582226,2025,010582226,2,2,1,1,25,5,3,0,0,0,0,0,9,5,E01002292,3,1,0,1,1,0
2025041678377,2025,041678377,2,2,2,1,2,1,3,0,0,2,0,0,9,4,E01025170,3,1,0,1,1,0
2025052500361,2025,052500361,2,1,1,2,55,8,3,0,0,0,0,0,9,5,E01006475,-1,0,0.0141,0.9859,1,0
2025070538362,2025,070538362,1,1,1,1,53,8,3,0,0,0,0,0,9,3,E01029808,3,1,0,1,3,0
2025201634324,2025,201634324,2,2,2,1,6,2,3,0,0,2,0,0,9,6,E01009618,3,1,0,1,1,0
2025010572154,2025,010572154,2,1,1,2,49,8,2,0,0,0,0,0,1,3,E01004063,5,1,1,0,1,0
2025991550149,2025,991550149,1,1,1,1,30,6,3,0,0,0,0,0,20,4,-1,3,1,0,1,4,0
2025131575387,2025,131575387,1,1,1,1,62,9,3,0,0,0,0,0,5,2,E01011104,3,1,0,1,2,0
2025332500666,2025,332500666,1,1,1,1,64,9,3,0,0,0,0,0,5,5,E01025965,3,1,0,1,1,0
2025201661427,2025,201661427,1,1,3,1,39,7,2,1,4,0,0,-1,0,2,E01010038,5,1,1,0,1,0
2025430630617,2025,430630617,1,1,3,2,58,9,2,4,3,0,0,-1,0,-1,-1,7,1,1,0,-1,0
2025221538805,2025,221538805,2,2,2,1,57,9,3,0,0,1,0,0,19,1,E01009397,3,1,0,1,4,0
2025461636197,2025,461636197,1,1,1,1,26,6,3,0,0,0,0,0,19,6,E01024052,3,1,0,1,4,0
2025501584533,2025,501584533,1,1,1,1,44,7,3,0,0,0,0,0,19,4,E01015077,3,1,0,1,3,0
2025052500239,2025,052500239,2,1,1,1,49,8,2,0,0,0,0,0,1,5,E01006999,-1,0,1,0,2,0
2025070458676,2025,070458676,2,1,1,1,66,10,2,0,0,0,0,0,1,3,E01005116,7,1,1,0,3,0
2025501681842,2025,501681842,2,1,1,1,38,7,2,0,0,0,0,0,1,5,E01020182,7,1,1,0,1,0
2025471641479,2025,471641479,2,1,1,1,62,9,3,0,0,0,0,0,5,5,E01031515,3,1,0,1,3,0
2025010558961,2025,010558961,1,1,1,2,26,6,3,0,0,0,0,0,9,1,E01008929,3,1,0,1,5,0
2025041603672,2025,041603672,2,2,2,1,8,2,3,0,0,2,0,0,9,7,E01011329,3,1,0,1,4,0
2025041632311,2025,041632311,1,1,1,1,18,4,3,0,0,0,0,0,9,3,E01012632,3,1,0,1,1,0
2025430288731,2025,430288731,2,1,1,2,48,8,3,0,0,0,0,0,9,6,E01008195,-1,0,0.00259,0.99741,5,0
2025520500597,2025,520500597,2,1,1,1,19,4,3,0,0,0,0,0,9,6,E01029060,3,1,0,1,1,0
2025991655854,2025,991655854,3,2,1,1,43,7,3,0,0,0,0,0,19,1,-1,3,1,0,1,1,0
2025010572396,2025,010572396,2,1,2,1,40,7,3,0,0,0,0,0,20,7,E01023123,3,1,0,1,4,0
2025201650381,2025,201650381,1,2,2,2,55,8,2,0,0,1,0,0,9,-1,-1,6,1,1,0,-1,0
2025440458298,2025,440458298,3,2,1,2,23,5,3,0,0,0,0,0,9,3,E01023256,3,1,0,1,2,0
2025522501493,2025,522501493,2,3,1,2,40,7,3,0,0,0,0,0,9,8,E01014507,3,1,0,1,1,0
2025991627437,2025,991627437,2,1,1,2,77,11,3,0,0,0,0,0,9,5,-1,3,1,0,1,4,0
2025010600598,2025,010600598,2,1,1,2,25,5,3,0,0,0,0,0,1,7,E01000924,3,1,0,1,1,0
2025010568887,2025,010568887,2,1,3,2,42,7,3,6,9,0,0,0,0,2,E01001152,-1,0,0,1,1,0
2025010570909,2025,010570909,1,1,3,2,72,10,3,1,3,0,0,1,0,8,E01002164,-1,0,0,1,1,0
2025451616600,2025,451616600,2,2,1,1,59,9,3,0,0,0,0,0,8,10,E01004112,3,1,0,1,3,0
2025010554031,2025,010554031,1,1,3,1,42,7,3,8,9,0,0,1,0,9,E01022757,-1,0,0,1,5,0
2025041645117,2025,041645117,1,1,3,2,75,10,1,5,3,0,0,-1,0,4,E01025190,1,1,0,0,1,0
2025991639476,2025,991639476,1,1,1,1,69,10,2,0,0,0,0,0,1,10,E01010198,6,1,1,0,5,0
2025010567950,2025,010567950,1,2,2,-1,-1,-1,3,0,0,1,0,0,9,4,E01030746,-1,0,0,1,1,0
2025141631238,2025,141631238,1,1,2,2,76,11,3,0,0,1,0,0,9,4,E01008150,3,1,0,1,2,0
2025201641546,2025,201641546,2,3,2,2,19,4,3,0,0,2,0,0,9,1,E01009141,3,1,0,1,1,0
2025340NN1522,2025,340NN1522,2,2,1,1,47,8,3,0,0,0,0,0,9,3,E01035411,3,1,0,1,2,0
2025440086423,2025,440086423,2,1,1,1,24,5,3,0,0,0,0,0,9,1,E01009406,-1,0,0,1,5,0
2025461568972,2025,461568972,2,1,2,2,76,11,3,0,0,2,0,0,9,4,E01024694,3,1,0,1,1,0
2025461623970,2025,461623970,1,4,2,1,46,8,3,0,0,2,0,0,9,4,E01021011,3,1,0,1,4,0
2025622500238,2025,622500238,1,3,2,1,21,5,3,0,0,1,0,0,9,-1,-1,-1,0,0.06059,0.93941,-1,0
2025991673550,2025,991673550,1,1,2,2,89,11,2,0,0,0,4,0,11,9,-1,6,1,1,0,1,0
2025010596420,2025,010596420,2,1,2,1,37,7,3,0,0,0,0,0,19,7,E01023618,3,1,0,1,4,0
2025451578444,2025,451578444,1,3,2,1,23,5,3,0,0,2,0,0,19,9,E01022613,3,1,0,1,4,0
2025010567700,2025,010567700,2,1,1,1,18,4,3,0,0,0,0,0,23,9,E01001121,3,1,0,1,1,0
2025010560139,2025,010560139,1,1,3,1,36,7,3,5,3,0,0,-1,0,2,E01001842,3,1,0,1,2,0
2025010612701,2025,010612701,1,1,3,1,37,7,3,5,9,0,0,-1,0,2,E01035685,3,1,0,1,1,0
2025010559758,2025,010559758,2,1,1,1,13,3,3,0,0,0,0,0,1,4,E01002707,3,1,0,1,1,0
2025211613933,2025,211613933,2,1,1,1,42,7,3,0,0,0,0,0,1,1,E01014218,3,1,0,1,1,0
2025421648386,2025,421648386,2,1,1,2,47,8,2,0,0,0,0,0,1,9,E01035172,7,1,1,0,1,0
2025501662887,2025,501662887,2,1,1,2,67,10,3,0,0,0,0,0,1,8,E01020061,3,1,0,1,1,0
2025311682600,2025,311682600,1,1,1,2,51,8,3,0,0,0,0,0,9,-1,-1,3,1,0,1,-1,0
2025421552143,2025,421552143,1,1,1,1,20,4,2,0,0,0,0,0,9,10,E01022691,7,1,1,0,5,0
2025451656293,2025,451656293,1,1,1,2,33,6,3,0,0,0,0,0,9,9,E01030558,3,1,0,1,2,0
2025522501493,2025,522501493,1,2,2,2,-1,-1,2,0,0,1,0,0,9,10,E01014793,7,1,1,0,3,0
2025201557034,2025,201557034,1,1,3,1,12,3,3,5,4,0,0,-1,0,-1,-1,3,1,0,1,-1,0
2025302502012,2025,302502012,1,1,3,1,49,8,3,6,9,0,0,-1,0,6,E01019738,3,1,0,1,1,0
2025991584666,2025,991584666,1,1,3,1,85,11,1,5,3,0,0,-1,0,5,-1,1,1,0,0,1,0
2025010608313,2025,010608313,2,1,1,1,25,5,3,0,0,0,0,0,1,3,E01035675,3,1,0,1,2,0
2025010570310,2025,010570310,1,1,1,1,28,6,3,0,0,0,0,0,3,2,E01003601,3,1,0,1,3,0
2025211569849,2025,211569849,2,1,1,1,45,7,3,0,0,0,0,0,5,-1,-1,3,1,0,1,-1,0
2025010570250,2025,010570250,1,1,1,1,36,7,3,0,0,0,0,0,9,4,E01004329,-1,0,0,1,2,0
2025131651600,2025,131651600,2,1,2,2,56,9,2,0,0,2,0,0,9,8,E01011350,5,1,1,0,1,0
2025201626553,2025,201626553,2,2,1,2,28,6,3,0,0,0,0,0,9,1,E01009397,3,1,0,1,2,0
2025231584780,2025,231584780,2,2,1,2,74,10,3,0,0,0,0,0,9,5,E01025818,3,1,0,1,1,0
2025440034533,2025,440034533,1,1,1,2,42,7,3,0,0,0,0,0,9,10,E01022987,-1,0,0,1,3,0
2025440239411,2025,440239411,1,1,1,1,29,6,3,0,0,0,0,0,9,6,E01034732,-1,0,0,1,3,0
2025552500199,2025,552500199,2,1,1,1,45,7,3,0,0,0,0,0,9,9,E01020351,-1,0,0.00952,0.99048,3,0
2025010561543,2025,010561543,3,4,2,1,24,5,3,0,0,0,4,0,11,6,E01004474,-1,0,0,1,1,0
2025221538805,2025,221538805,2,3,2,1,58,9,3,0,0,1,0,0,19,1,E01009335,3,1,0,1,4,0
2025010586497,2025,010586497,2,1,1,1,17,4,3,0,0,0,0,0,1,3,E01034039,3,1,0,1,1,0
2025421563029,2025,421563029,2,1,1,1,75,10,3,0,0,0,0,0,1,-1,-1,3,1,0,1,-1,0
2025010559272,2025,010559272,2,1,1,2,25,5,3,0,0,0,0,0,3,4,E01016462,-1,0,0,1,3,0
2025010566263,2025,010566263,1,1,1,1,17,4,3,0,0,0,0,0,9,-1,-1,3,1,0,1,-1,0
2025010567950,2025,010567950,1,1,1,1,29,6,3,0,0,0,0,0,9,6,E01002625,-1,0,0,1,2,0
2025141635258,2025,141635258,2,2,2,2,16,4,3,0,0,2,0,0,9,5,E01013297,3,1,0,1,4,0
2025451602290,2025,451602290,1,1,2,2,49,8,3,0,0,1,0,0,9,6,E01010075,3,1,0,1,5,0
2025471566083,2025,471566083,1,1,1,2,47,8,2,0,0,0,0,0,9,8,E01030528,7,1,1,0,3,0
2025440458298,2025,440458298,1,1,1,2,45,7,3,0,0,0,0,0,19,10,E01023228,3,1,0,1,1,0
2025201650476,2025,201650476,1,1,3,1,51,8,2,5,1,0,0,-1,0,2,E01010086,7,1,1,0,1,0
2025991678825,2025,991678825,1,1,3,2,91,11,3,5,1,0,0,-1,0,9,-1,3,1,0,1,1,0
2025010594481,2025,010594481,2,1,1,1,29,6,3,0,0,0,0,0,1,5,E01003115,3,1,0,1,1,0
2025430609173,2025,430609173,2,1,1,1,27,6,3,0,0,0,0,0,3,3,E01016720,3,1,0,1,1,0
2025340WN3882,2025,340WN3882,1,1,1,1,50,8,3,0,0,0,0,0,5,-1,-1,3,1,0,1,-1,0
2025430363781,2025,430363781,2,1,1,1,53,8,3,0,0,0,0,0,5,9,E01016595,3,1,0,1,1,0
2025010556235,2025,010556235,2,1,1,1,64,9,3,0,0,0,0,0,9,3,E01003990,-1,0,0,1,1,0
2025010566872,2025,010566872,1,1,1,2,46,8,3,0,0,0,0,0,9,7,E01003416,3,1,0,1,1,0
2025201686228,2025,201686228,2,1,1,2,38,7,3,0,0,0,0,0,9,1,E01009479,3,1,0,1,1,0
2025340NN5252,2025,340NN5252,2,2,2,2,66,10,3,0,0,1,0,0,9,10,E01025797,3,1,0,1,3,0
2025471538362,2025,471538362,1,1,1,1,19,4,3,0,0,0,0,0,9,5,E01001077,3,1,0,1,4,0
2025531624668,2025,531624668,2,1,1,2,48,8,3,0,0,0,0,0,9,8,E01028951,3,1,0,1,5,0
2025991539228,2025,991539228,1,1,2,2,12,3,3,0,0,0,4,0,11,1,-1,3,1,0,1,1,0
2025122500228,2025,122500228,1,1,1,1,50,8,3,0,0,0,0,0,19,4,E01012118,-1,0,0.06098,0.93902,4,0
2025010559787,2025,010559787,1,1,1,1,55,8,3,0,0,0,0,0,9,2,E01003049,3,1,0,1,2,0
2025161623607,2025,161623607,1,3,2,2,14,3,3,0,0,2,0,0,9,4,E01028174,3,1,0,1,5,0
2025201561009,2025,201561009,1,1,2,2,57,9,3,0,0,1,0,0,9,10,E01010108,3,1,0,1,1,0
2025211589745,2025,211589745,1,1,1,1,41,7,3,0,0,0,0,0,9,1,E01010473,3,1,0,1,3,0
2025471568280,2025,471568280,2,1,2,1,0,1,3,0,0,2,0,0,9,8,E01021055,3,1,0,1,2,0
2025501550126,2025,501550126,2,1,1,1,62,9,3,0,0,0,0,0,9,10,E01020222,3,1,0,1,3,0
2025531646626,2025,531646626,1,3,2,1,29,6,2,0,0,2,0,0,9,10,E01022197,6,1,1,0,3,0
2025991589363,2025,991589363,1,1,3,1,22,5,3,5,3,0,0,-1,0,-1,-1,3,1,0,1,-1,0
2025361680352,2025,361680352,3,1,1,1,60,9,3,0,0,0,0,0,8,9,E01026546,3,1,0,1,3,0
2025041630975,2025,041630975,2,3,2,2,43,7,3,0,0,1,0,0,9,7,-1,3,1,0,1,5,0
2025231689280,2025,231689280,2,1,1,2,41,7,3,0,0,0,0,0,9,6,E01033058,3,1,0,1,4,0
2025340WN3912,2025,340WN3912,2,1,2,2,48,8,3,0,0,1,0,0,9,9,E01027201,3,1,0,1,1,0
2025351667347,2025,351667347,2,2,1,1,46,8,3,0,0,0,0,0,9,5,E01035626,3,1,0,1,5,0
2025461636197,2025,461636197,4,4,1,2,76,11,3,0,0,0,0,0,9,3,E01021102,3,1,0,1,3,0
2025010576651,2025,010576651,2,1,1,1,58,9,3,0,0,0,0,0,1,2,E01003046,-1,0,0,1,1,0
2025041608107,2025,041608107,1,1,1,1,60,9,2,0,0,0,0,0,5,8,E01024920,7,1,1,0,4,0
2025010611601,2025,010611601,1,1,3,1,13,3,3,5,1,0,0,-1,0,6,E01001997,3,1,0,1,1,0
2025221541101,2025,221541101,1,1,3,1,26,6,2,1,1,0,0,-1,0,-1,-1,7,1,1,0,-1,0
2025010614890,2025,010614890,1,1,3,2,50,8,2,9,8,0,0,-1,0,3,E01002806,6,1,1,0,3,0
2025501639822,2025,501639822,1,2,3,2,86,11,2,8,8,0,0,-1,0,3,E01020228,5,1,1,0,1,0
2025991658637,2025,991658637,1,2,3,2,31,6,2,5,3,0,0,-1,0,5,-1,7,1,1,0,4,0
2025991572895,2025,991572895,1,2,1,1,21,5,3,0,0,0,0,0,4,2,-1,3,1,0,1,1,0
2025010572568,2025,010572568,3,1,1,1,49,8,3,0,0,0,0,0,9,3,E01004445,-1,0,0,1,1,0
2025010588954,2025,010588954,1,1,1,1,36,7,3,0,0,0,0,0,9,2,E01003075,3,1,0,1,1,0
2025010609812,2025,010609812,1,1,2,2,30,6,3,0,0,2,0,0,9,8,E01001601,3,1,0,1,2,0
2025031550848,2025,031550848,3,4,1,1,54,8,3,0,0,0,0,0,9,-1,-1,3,1,0,1,-1,0
2025430543396,2025,430543396,2,1,2,1,40,7,3,0,0,1,0,0,9,-1,-1,3,1,0,1,-1,0
2025501543082,2025,501543082,1,1,1,1,65,9,3,0,0,0,0,0,9,6,E01018752,3,1,0,1,3,0
2025070829897,2025,070829897,1,1,3,1,44,7,3,4,2,0,0,-1,0,-1,-1,3,1,0,1,-1,0
2025421641533,2025,421641533,2,1,1,1,17,4,3,0,0,0,0,0,3,5,E01021848,3,1,0,1,1,0
2025010574035,2025,010574035,2,1,1,1,57,9,2,0,0,0,0,0,9,5,E01033140,5,1,1,0,4,0
2025070881191,2025,070881191,1,4,1,1,39,7,3,0,0,0,0,0,9,5,E01018483,3,1,0,1,1,0
2025131539532,2025,131539532,1,1,1,2,77,11,3,0,0,0,0,0,9,3,E01011804,3,1,0,1,1,0
2025211589745,2025,211589745,2,3,2,1,35,6,3,0,0,1,0,0,9,8,E01029370,3,1,0,1,1,0
2025461589570,2025,461589570,2,1,1,2,58,9,3,0,0,0,0,0,9,7,E01032820,3,1,0,1,2,0
2025440455085,2025,440455085,2,1,1,1,38,7,3,0,0,0,0,0,21,3,E01017228,3,1,0,1,1,0
2025052501845,2025,052501845,1,1,3,2,15,3,2,1,1,0,0,0,0,1,E01034398,-1,0,1,0,1,0
2025131547324,2025,131547324,1,1,3,1,17,4,3,6,9,0,0,-1,0,9,E01010954,3,1,0,1,4,0
2025010607731,2025,010607731,1,1,1,1,56,9,2,0,0,0,0,0,3,-1,-1,7,1,1,0,-1,0
2025430489625,2025,430489625,2,1,1,1,26,6,3,0,0,0,0,0,5,10,E01028609,-1,0,0.01961,0.98039,3,0
2025010572568,2025,010572568,3,3,2,2,14,3,3,0,0,1,0,0,9,3,E01004445,-1,0,0,1,1,0
2025041576688,2025,041576688,2,2,2,2,45,7,3,0,0,2,0,0,9,1,E01012577,3,1,0,1,1,0
2025041670222,2025,041670222,1,1,1,2,46,8,3,0,0,0,0,0,9,3,E01024892,3,1,0,1,1,0
2025070881191,2025,070881191,2,3,2,2,34,6,3,0,0,1,0,0,9,9,E01018494,3,1,0,1,1,0
2025131544545,2025,131544545,1,2,2,1,10,2,3,0,0,2,0,0,9,7,E01010881,3,1,0,1,2,0
2025211624529,2025,211624529,2,1,2,2,28,6,3,0,0,1,0,0,9,-1,-1,3,1,0,1,-1,0
2025340WN0212,2025,340WN0212,1,1,1,1,32,6,3,0,0,0,0,0,9,7,E01027282,3,1,0,1,1,0
2025340WN6942,2025,340WN6942,2,1,1,1,48,8,3,0,0,0,0,0,9,10,E01014963,3,1,0,1,5,0
2025361654593,2025,361654593,1,1,1,1,60,9,3,0,0,0,0,0,9,5,E01026591,3,1,0,1,3,0
2025401651278,2025,401651278,1,3,2,1,8,2,3,0,0,2,0,0,9,5,E01023782,3,1,0,1,4,0
2025411661869,2025,411661869,2,2,1,1,45,7,3,0,0,0,0,0,9,10,E01023813,3,1,0,1,1,0
2025440440593,2025,440440593,1,1,1,1,80,11,3,0,0,0,0,0,9,5,E01020503,3,1,0,1,4,0
2025451543022,2025,451543022,2,2,1,2,40,7,3,0,0,0,0,0,9,10,E01030418,3,1,0,1,3,0
2025031669680,2025,031669680,1,2,2,2,84,11,3,0,0,1,0,0,9,10,E01034080,3,1,0,1,1,0
2025131651988,2025,131651988,2,1,1,2,45,7,3,0,0,0,0,0,9,6,E01011802,3,1,0,1,1,0
2025430273855,2025,430273855,2,2,1,1,28,6,3,0,0,0,0,0,9,6,E01016472,-1,0,0.01145,0.98855,2,0
202560C148872,2025,60C148872,2,5,2,2,18,4,3,0,0,2,0,0,9,-1,-1,-1,0,0.08749,0.91251,-1,0
2025991555779,2025,991555779,4,3,2,2,10,2,3,0,0,2,0,0,9,3,-1,3,1,0,1,3,0
2025131566458,2025,131566458,2,1,1,1,37,7,2,0,0,0,0,0,1,9,E01011685,7,1,1,0,1,0
2025541667808,2025,541667808,2,1,1,1,13,3,3,0,0,0,0,0,1,6,E01032083,3,1,0,1,1,0
2025340NN3082,2025,340NN3082,1,1,1,1,18,4,3,0,0,0,0,0,2,7,E01035393,3,1,0,1,1,0
2025141589983,2025,141589983,2,1,1,1,65,9,2,0,0,0,0,0,4,6,E01008153,6,1,1,0,1,0
2025141661419,2025,141661419,1,1,3,1,15,3,3,1,1,0,0,-1,0,4,E01007350,3,1,0,1,1,0
2025371594188,2025,371594188,1,1,3,2,13,3,2,1,1,0,0,-1,0,4,E01029962,7,1,1,0,1,0
2025010566157,2025,010566157,2,1,1,1,62,9,3,0,0,0,0,0,1,4,E01003203,3,1,0,1,1,0
2025451609619,2025,451609619,2,1,1,2,24,5,2,0,0,0,0,0,3,9,E01032852,7,1,1,0,4,0
2025010582465,2025,010582465,1,1,1,1,51,8,3,0,0,0,0,0,9,-1,-1,3,1,0,1,-1,0
2025010592344,2025,010592344,2,2,2,2,9,2,3,0,0,2,0,0,9,10,E01017754,3,1,0,1,3,0
2025010606655,2025,010606655,1,1,1,1,22,5,3,0,0,0,0,0,9,5,E01021443,3,1,0,1,1,0
2025041670222,2025,041670222,1,2,2,2,61,9,3,0,0,1,0,0,9,3,E01025213,3,1,0,1,1,0
2025201675994,2025,201675994,2,1,1,1,43,7,3,0,0,0,0,0,9,10,E01010199,3,1,0,1,4,0
2025340WN6942,2025,340WN6942,1,2,2,2,80,11,3,0,0,1,0,0,9,8,E01025770,3,1,0,1,4,0
2025430036280,2025,430036280,2,1,1,1,40,7,3,0,0,0,0,0,9,9,E01017833,-1,0,0.03421,0.96579,4,0
2025440484597,2025,440484597,1,1,1,1,73,10,3,0,0,0,0,0,9,7,E01031938,3,1,0,1,4,0
2025141541393,2025,141541393,2,3,2,1,61,9,3,0,0,0,0,0,19,1,E01008096,3,1,0,1,1,0
2025010561362,2025,010561362,1,1,3,2,26,6,2,9,9,0,0,-1,0,3,E01001806,7,1,1,0,1,0
2025010575135,2025,010575135,1,1,3,2,59,9,2,6,9,0,0,-1,0,7,E01033023,6,1,1,0,4,0
2025122501425,2025,122501425,1,1,3,2,11,3,3,10,9,0,0,0,0,6,E01027610,-1,0,0.04981,0.95019,1,0
2025501551774,2025,501551774,2,1,1,1,20,4,3,0,0,0,0,0,2,5,E01020083,3,1,0,1,4,0
2025061582503,2025,061582503,1,1,1,1,18,4,2,0,0,0,0,0,3,-1,-1,7,1,1,0,-1,0
2025451654123,2025,451654123,2,1,1,2,31,6,3,0,0,0,0,0,3,-1,-1,3,1,0,1,-1,0
2025201655929,2025,201655929,3,1,1,2,61,9,3,0,0,0,0,0,9,4,E01009168,3,1,0,1,1,0
2025461623970,2025,461623970,2,3,1,1,38,7,3,0,0,0,0,0,9,3,E01034179,3,1,0,1,3,0
2025461677115,2025,461677115,2,1,1,2,44,7,3,0,0,0,0,0,9,4,E01024492,3,1,0,1,1,0
2025471671088,2025,471671088,1,2,2,2,3,1,3,0,0,2,0,0,9,10,E01020940,3,1,0,1,3,0
2025991541422,2025,991541422,2,1,1,1,33,6,3,0,0,0,0,0,9,2,-1,3,1,0,1,4,0
2025451554621,2025,451554621,2,1,1,1,51,8,3,0,0,0,0,0,19,9,E01032842,3,1,0,1,4,0
2025471568812,2025,471568812,1,1,2,1,46,8,3,0,0,2,0,0,20,4,E01023077,3,1,0,1,4,0
2025201611614,2025,201611614,2,1,1,1,35,6,3,0,0,0,0,0,21,1,E01009020,3,1,0,1,1,0
2025041630975,2025,041630975,1,1,1,1,31,6,3,0,0,0,0,0,9,2,E01004849,3,1,0,1,3,0
2025471574425,2025,471574425,2,1,2,2,59,9,3,0,0,1,0,0,9,10,E01031822,3,1,0,1,3,0
2025501548991,2025,501548991,2,1,1,1,61,9,3,0,0,0,0,0,9,5,E01018960,3,1,0,1,4,0
2025531541975,2025,531541975,2,1,1,2,68,10,3,0,0,0,0,0,9,8,E01009812,3,1,0,1,4,0
2025451564640,2025,451564640,1,1,1,1,17,4,1,0,0,0,0,0,3,9,E01031655,1,1,0,0,3,0
2025010575976,2025,010575976,1,1,1,1,24,5,2,0,0,0,0,0,4,6,E01031614,7,1,1,0,4,0
2025991683074,2025,991683074,1,1,3,2,66,10,2,8,7,0,0,-1,0,-1,-1,5,1,1,0,-1,0
2025061671269,2025,061671269,1,1,3,2,6,2,3,1,1,0,0,-1,0,-1,-1,3,1,0,1,-1,0
2025430493274,2025,430493274,1,2,3,1,24,5,3,9,5,0,0,-1,0,4,E01001694,3,1,0,1,4,0
2025421584250,2025,421584250,1,1,1,1,27,6,3,0,0,0,0,0,1,-1,-1,3,1,0,1,-1,0
2025351611124,2025,351611124,1,1,1,1,18,4,2,0,0,0,0,0,3,8,E01018274,7,1,1,0,2,0
2025010606655,2025,010606655,2,3,2,1,19,4,3,0,0,1,0,0,9,4,E01002313,3,1,0,1,1,0
2025041565174,2025,041565174,2,1,1,2,30,6,3,0,0,0,0,0,9,5,E01012645,3,1,0,1,3,0
2025131644653,2025,131644653,1,1,1,1,60,9,3,0,0,0,0,0,9,3,E01008865,3,1,0,1,5,0
2025231584780,2025,231584780,1,3,2,1,26,6,3,0,0,1,0,0,9,10,E01031111,3,1,0,1,1,0
2025231588682,2025,231588682,2,2,1,2,57,9,2,0,0,0,0,0,9,1,E01035017,7,1,1,0,1,0
2025461547559,2025,461547559,2,1,1,2,21,5,3,0,0,0,0,0,9,7,E01024448,3,1,0,1,1,0
2025520600611,2025,520600611,2,2,1,1,57,9,3,0,0,0,0,0,9,9,E01029263,3,1,0,1,4,0
2025631556974,2025,631556974,2,2,2,2,44,7,3,0,0,2,0,0,9,4,W01000950,3,1,0,1,4,0
2025041565517,2025,041565517,1,1,1,1,17,4,3,0,0,0,0,0,33,1,E01033691,3,1,0,1,4,1
2025421550839,2025,421550839,1,1,3,1,73,10,3,4,1,0,0,-1,0,2,E01022006,3,1,0,1,1,0
2025010572471,2025,010572471,2,1,1,1,43,7,3,0,0,0,0,0,1,8,E01004582,3,1,0,1,3,0
2025052502123,2025,052502123,2,1,1,2,53,8,3,0,0,0,0,0,1,5,E01007226,-1,0,0.06195,0.93805,1,0
2025471668885,2025,471668885,1,1,1,2,44,7,3,0,0,0,0,0,1,6,E01016877,3,1,0,1,1,0
2025010607847,2025,010607847,1,1,2,2,43,7,3,0,0,2,0,0,8,8,E01004627,3,1,0,1,1,0
2025010606655,2025,010606655,2,2,1,1,51,8,3,0,0,0,0,0,9,4,E01002313,3,1,0,1,1,0
2025041552444,2025,041552444,1,1,2,2,64,9,3,0,0,2,0,0,9,8,E01024901,3,1,0,1,1,0
2025041667643,2025,041667643,2,1,1,1,30,6,3,0,0,0,0,0,9,6,E01019384,3,1,0,1,4,0
2025351594824,2025,351594824,1,2,2,1,26,6,3,0,0,1,0,0,9,8,E01024636,3,1,0,1,5,0
2025451608191,2025,451608191,3,1,1,1,53,8,3,0,0,0,0,0,9,5,E01031565,3,1,0,1,4,0
2025501643578,2025,501643578,2,1,1,1,64,9,2,0,0,0,0,0,9,2,E01015162,5,1,1,0,4,0
2025522502030,2025,522502030,1,2,2,2,13,3,3,0,0,1,0,0,9,1,E01014726,3,1,0,1,2,0
2025991588988,2025,991588988,2,3,1,1,53,8,3,0,0,0,0,0,9,3,-1,3,1,0,1,1,0
2025991605389,2025,991605389,2,1,2,2,49,8,3,0,0,2,0,0,9,2,-1,3,1,0,1,1,0
2025010551809,2025,010551809,1,1,1,1,39,7,3,0,0,0,0,0,9,3,E01003988,-1,0,0,1,2,0
2025010556929,2025,010556929,1,1,1,1,37,7,3,0,0,0,0,0,9,10,E01003857,-1,0,0,1,3,0
2025131568210,2025,131568210,1,2,1,2,74,10,3,0,0,0,0,0,9,2,E01011103,3,1,0,1,1,0
2025131631759,2025,131631759,2,1,1,2,47,8,3,0,0,0,0,0,9,2,E01011840,3,1,0,1,1,0
2025211539040,2025,211539040,3,1,1,1,35,6,3,0,0,0,0,0,9,1,E01010408,3,1,0,1,2,0
2025351636063,2025,351636063,1,1,2,2,38,7,3,0,0,1,0,0,9,8,E01017428,3,1,0,1,3,0
2025461603460,2025,461603460,1,1,1,2,35,6,3,0,0,0,0,0,9,4,E01024541,3,1,0,1,4,0
2025501551107,2025,501551107,1,1,2,2,73,10,3,0,0,1,0,0,9,7,E01020193,3,1,0,1,2,0
2025991676720,2025,991676720,2,1,1,1,50,8,3,0,0,0,0,0,9,-1,-1,3,1,0,1,-1,0
2025010565392,2025,010565392,1,1,1,2,22,5,3,0,0,0,0,0,1,3,E01002774,-1,0,0,1,1,0
2025010605453,2025,010605453,2,1,1,1,52,8,3,0,0,0,0,0,1,3,E01033924,3,1,0,1,1,0
2025070803991,2025,070803991,2,1,1,1,36,7,3,0,0,0,0,0,1,1,E01018740,3,1,0,1,1,0
2025010564180,2025,010564180,1,1,1,1,23,5,3,0,0,0,0,0,3,4,E01002130,3,1,0,1,1,0
2025010581034,2025,010581034,2,1,1,2,57,9,3,0,0,0,0,0,3,-1,-1,3,1,0,1,-1,0
2025141541393,2025,141541393,2,5,2,1,36,7,3,0,0,0,0,0,19,6,E01019786,3,1,0,1,2,0
2025430587720,2025,430587720,1,1,3,2,-1,-1,3,10,9,0,0,0,0,3,E01028513,-1,0,0.01625,0.98375,1,0
2025340WN5352,2025,340WN5352,2,1,1,1,42,7,3,0,0,0,0,0,1,-1,-1,3,1,0,1,-1,0
2025010605305,2025,010605305,2,1,1,1,42,7,3,0,0,0,0,0,3,8,E01035722,3,1,0,1,1,0
2025010558800,2025,010558800,1,1,1,1,57,9,3,0,0,0,0,0,9,2,E01001427,3,1,0,1,1,0
2025010573030,2025,010573030,1,1,1,2,26,6,3,0,0,0,0,0,9,2,E01000075,-1,0,0,1,2,0
2025010575175,2025,010575175,1,1,1,2,53,8,3,0,0,0,0,0,9,3,E01016021,3,1,0,1,4,0
2025041607982,2025,041607982,1,2,2,2,15,3,3,0,0,1,0,0,9,9,E01025477,3,1,0,1,1,0
2025430569967,2025,430569967,3,4,1,2,27,6,3,0,0,0,0,0,9,9,E01016808,3,1,0,1,1,0
2025440483123,2025,440483123,1,1,1,2,53,8,3,0,0,0,0,0,9,10,E01032854,3,1,0,1,1,0
2025451630532,2025,451630532,1,1,1,2,21,5,3,0,0,0,0,0,9,10,E01016606,3,1,0,1,2,0
2025471614685,2025,471614685,2,1,1,1,68,10,3,0,0,0,0,0,9,8,E01016931,3,1,0,1,1,0
2025531542649,2025,531542649,2,1,1,1,76,11,3,0,0,0,0,0,9,7,E01022376,3,1,0,1,3,0
2025991559481,2025,991559481,1,1,1,1,75,10,2,0,0,0,0,0,9,3,E01018646,5,1,1,0,5,0
2025991630140,2025,991630140,1,1,1,1,60,9,3,0,0,0,0,0,9,5,-1,3,1,0,1,4,0
2025010606003,2025,010606003,2,1,1,1,38,7,3,0,0,0,0,0,19,2,E01002851,3,1,0,1,1,0
2025221683604,2025,221683604,1,1,1,1,40,7,3,0,0,0,0,0,19,8,E01032182,3,1,0,1,1,0
2025471649905,2025,471649905,1,2,2,1,22,5,3,0,0,1,0,0,19,1,E01021005,3,1,0,1,1,0
2025461620071,2025,461620071,1,1,1,1,18,4,3,0,0,0,0,0,33,1,E01035317,3,1,0,1,1,1
2025010554031,2025,010554031,1,3,3,1,25,5,3,8,9,0,0,1,0,3,E01031830,-1,0,0,1,4,0
2025052500560,2025,052500560,1,1,3,2,42,7,3,5,3,0,0,0,0,2,E01006765,-1,0,0.17237,0.82763,1,0
2025131618922,2025,131618922,1,1,3,2,21,5,2,7,1,0,0,-1,0,2,E01011236,7,1,1,0,1,0
2025631651949,2025,631651949,1,1,3,1,38,7,3,6,9,0,0,-1,0,5,W01000728,3,1,0,1,3,0
2025010602221,2025,010602221,2,1,1,1,47,8,3,0,0,0,0,0,1,3,E01001999,3,1,0,1,3,0
2025131629669,2025,131629669,2,1,1,1,81,11,2,0,0,0,0,0,1,8,E01011520,7,1,1,0,1,0
2025010574534,2025,010574534,1,2,2,1,8,2,3,0,0,2,0,0,9,3,E01001712,3,1,0,1,1,0
2025131632727,2025,131632727,1,1,1,1,18,4,3,0,0,0,0,0,9,8,E01028288,3,1,0,1,4,0
2025332500342,2025,332500342,1,1,1,1,33,6,3,0,0,0,0,0,9,3,E01013658,3,1,0,1,1,0
2025430316983,2025,430316983,1,1,1,2,40,7,3,0,0,0,0,0,9,4,E01028471,-1,0,0.04911,0.95089,4,0
2025430657231,2025,430657231,1,1,1,1,33,6,2,0,0,0,0,0,9,10,E01016761,7,1,1,0,1,0
2025440405031,2025,440405031,2,2,1,1,36,7,2,0,0,0,0,0,9,10,E01023211,7,1,1,0,3,0
2025991632705,2025,991632705,2,1,1,1,34,6,3,0,0,0,0,0,9,-1,-1,3,1,0,1,-1,0
2025010601338,2025,010601338,1,1,3,2,10,2,2,8,2,0,0,-1,0,3,E01000404,7,1,1,0,1,0
2025430592966,2025,430592966,1,1,3,1,43,7,3,9,5,0,0,-1,0,1,E01002907,3,1,0,1,4,0
2025052501803,2025,052501803,2,1,1,1,19,4,3,0,0,0,0,0,1,1,E01006480,-1,0,0.06103,0.93897,1,0
2025351639191,2025,351639191,2,1,1,1,62,9,3,0,0,0,0,0,1,9,E01018201,3,1,0,1,1,0
2025041556953,2025,041556953,1,1,1,2,27,6,2,0,0,0,0,0,9,4,E01012701,7,1,1,0,1,0
2025201653387,2025,201653387,1,1,1,1,51,8,2,0,0,0,0,0,9,3,E01013350,6,1,1,0,5,0
2025211589745,2025,211589745,2,2,1,2,47,8,2,0,0,0,0,0,9,5,E01029345,5,1,1,0,2,0
2025211638304,2025,211638304,1,1,1,2,39,7,2,0,0,0,0,0,9,8,E01014320,7,1,1,0,1,0
2025351601357,2025,351601357,2,3,2,1,73,10,3,0,0,1,0,0,9,2,E01015601,3,1,0,1,1,0
2025461623970,2025,461623970,1,2,2,2,21,5,3,0,0,1,0,0,9,1,E01020995,3,1,0,1,4,0
2025501551107,2025,501551107,1,3,1,1,52,8,3,0,0,0,0,0,9,7,E01020193,3,1,0,1,2,0
2025302502013,2025,302502013,2,1,1,1,43,7,2,0,0,0,0,0,1,2,E01019483,7,1,1,0,1,0
2025371652185,2025,371652185,3,1,1,1,67,10,3,0,0,0,0,0,1,6,E01030150,3,1,0,1,1,0
2025061559951,2025,061559951,2,1,1,2,23,5,3,0,0,0,0,0,9,2,E01004980,3,1,0,1,1,0
2025332500291,2025,332500291,1,2,2,1,17,4,2,0,0,2,0,0,9,8,E01027634,7,1,1,0,5,0
2025461589570,2025,461589570,2,2,2,1,30,6,3,0,0,1,0,0,9,7,E01032820,3,1,0,1,2,0
2025471649905,2025,471649905,3,3,2,2,51,8,3,0,0,1,0,0,9,1,E01020992,3,1,0,1,1,0
2025522502018,2025,522502018,2,1,1,1,64,9,3,0,0,0,0,0,9,5,W01001684,3,1,0,1,4,0
2025631556974,2025,631556974,2,1,1,2,22,5,3,0,0,0,0,0,9,4,W01000950,3,1,0,1,4,0
2025010561543,2025,010561543,3,3,2,1,11,3,3,0,0,0,4,0,11,7,E01000983,-1,0,0,1,2,0
2025440067098,2025,440067098,2,2,1,1,55,8,3,0,0,0,0,0,19,8,E01023032,-1,0,0,1,3,0
2025010573895,2025,010573895,1,1,3,1,83,11,2,1,1,0,0,-1,0,3,E01001213,7,1,1,0,1,0
2025201564793,2025,201564793,1,1,3,2,12,3,3,1,3,0,0,-1,0,1,E01009097,3,1,0,1,1,0
2025610046925,2025,610046925,1,1,3,1,30,6,2,9,6,0,0,1,0,-1,-1,-1,0,1,0,-1,0
2025302500211,2025,302500211,2,1,1,1,45,7,3,0,0,0,0,0,1,8,E01029458,3,1,0,1,3,0
2025610034225,2025,610034225,1,1,1,1,64,9,2,0,0,0,0,0,5,-1,-1,-1,0,1,0,-1,0
2025010592344,2025,010592344,2,1,1,2,39,7,3,0,0,0,0,0,9,6,E01017827,3,1,0,1,1,0
2025041667643,2025,041667643,2,2,2,2,18,4,3,0,0,1,0,0,9,6,E01019384,3,1,0,1,4,0
2025131648236,2025,131648236,1,2,1,1,82,11,2,0,0,0,0,0,9,8,E01011643,6,1,1,0,2,0
2025221594754,2025,221594754,2,1,2,1,59,9,3,0,0,1,0,0,9,6,E01028850,3,1,0,1,2,0
2025231658161,2025,231658161,2,1,1,1,52,8,3,0,0,0,0,0,9,9,E01019426,3,1,0,1,4,0
2025332500386,2025,332500386,1,1,1,2,33,6,2,0,0,0,0,0,9,2,E01013634,5,1,1,0,1,0
2025361680352,2025,361680352,1,4,1,2,24,5,2,0,0,0,0,0,9,5,E01026466,7,1,1,0,4,0
2025461610529,2025,461610529,2,1,1,1,26,6,2,0,0,0,0,0,9,6,E01024062,7,1,1,0,1,0
2025461654718,2025,461654718,2,2,1,1,41,7,3,0,0,0,0,0,9,4,E01024284,3,1,0,1,4,0
202560C148872,2025,60C148872,1,1,1,1,57,9,3,0,0,0,0,0,9,-1,-1,-1,0,0.18193,0.81807,-1,0
2025451578444,2025,451578444,1,2,1,1,38,7,3,0,0,0,0,0,19,4,E01022621,3,1,0,1,4,0
2025010560992,2025,010560992,1,1,3,2,31,6,3,1,9,0,0,-1,0,2,E01001877,3,1,0,1,1,0
2025041576867,2025,041576867,1,1,3,1,29,6,3,6,9,0,0,-1,0,8,E01034349,3,1,0,1,1,0
2025451559084,2025,451559084,1,1,3,1,88,11,3,5,1,0,0,-1,0,10,E01030910,3,1,0,1,2,0
2025991656128,2025,991656128,1,1,3,1,50,8,2,1,1,0,0,-1,0,2,-1,7,1,1,0,3,0
2025311586322,2025,311586322,1,1,1,1,28,6,3,0,0,0,0,0,9,9,E01026136,3,1,0,1,4,0
2025340NN4472,2025,340NN4472,2,1,1,1,30,6,3,0,0,0,0,0,9,-1,-1,3,1,0,1,-1,0
2025440484597,2025,440484597,5,5,2,2,62,9,3,0,0,1,0,0,9,10,E01017784,3,1,0,1,4,0
2025461654261,2025,461654261,2,1,1,1,54,8,3,0,0,0,0,0,9,7,E01024675,3,1,0,1,1,0
2025231687009,2025,231687009,1,1,1,1,32,6,3,0,0,0,0,0,19,8,E01025854,3,1,0,1,1,0
2025411600767,2025,411600767,1,2,2,1,48,8,3,0,0,1,0,0,19,3,E01023343,3,1,0,1,1,0
2025440067098,2025,440067098,1,1,1,1,47,8,3,0,0,0,0,0,19,9,E01033384,-1,0,0,1,4,0
2025161675495,2025,161675495,2,2,1,2,37,7,3,0,0,0,0,0,9,7,E01013124,3,1,0,1,3,0
2025201600073,2025,201600073,2,2,1,2,41,7,3,0,0,0,0,0,9,-1,-1,3,1,0,1,-1,0
2025231660123,2025,231660123,3,1,1,2,24,5,2,0,0,0,0,0,9,5,E01009593,7,1,1,0,3,0
2025631611926,2025,631611926,2,1,1,2,44,7,3,0,0,0,0,0,9,8,W01000883,3,1,0,1,4,0
2025010571390,2025,010571390,3,1,1,1,22,5,3,0,0,0,0,0,4,5,E01001648,3,1,0,1,2,0
2025010570401,2025,010570401,1,1,3,2,61,9,2,4,1,0,0,-1,0,-1,-1,7,1,1,0,-1,0
2025361561627,2025,361561627,2,2,1,1,37,7,3,0,0,0,0,0,19,6,E01030027,3,1,0,1,4,0
2025622500614,2025,622500614,1,1,3,2,77,11,2,9,8,0,0,0,0,-1,-1,-1,0,1,0,-1,0
2025122500294,2025,122500294,1,1,1,2,43,7,3,0,0,0,0,0,9,5,E01011400,-1,0,0.03166,0.96834,4,0
2025340WN2842,2025,340WN2842,2,2,2,2,20,4,3,0,0,1,0,0,9,8,E01027285,3,1,0,1,1,0
2025010582844,2025,010582844,1,2,2,2,2,1,3,0,0,0,4,0,11,3,E01001503,3,1,0,1,1,0
2025471609625,2025,471609625,1,1,2,2,13,3,3,0,0,0,4,0,11,6,E01031632,3,1,0,1,2,0
2025052501662,2025,052501662,1,1,3,1,77,11,3,8,1,0,0,0,0,1,E01007291,-1,0,0.13377,0.86623,1,0
2025131562436,2025,131562436,1,1,3,1,34,6,3,9,5,0,0,-1,0,1,E01011348,3,1,0,1,3,0
2025991601540,2025,991601540,1,1,3,2,74,10,2,9,8,0,0,-1,0,-1,-1,7,1,1,0,-1,0
2025052502276,2025,052502276,2,1,1,1,38,7,3,0,0,0,0,0,1,2,E01007214,-1,0,0.04827,0.95173,2,0
2025031556786,2025,031556786,1,1,1,2,20,4,3,0,0,0,0,0,9,7,E01019136,3,1,0,1,3,0
2025031566380,2025,031566380,2,1,1,1,70,10,3,0,0,0,0,0,9,8,E01019345,3,1,0,1,3,0
2025101554581,2025,101554581,3,1,1,1,51,8,3,0,0,0,0,0,9,1,E01008327,3,1,0,1,2,0
2025231659653,2025,231659653,2,2,2,2,20,4,3,0,0,1,0,0,9,8,E01031272,3,1,0,1,3,0
2025340WN1752,2025,340WN1752,1,1,1,1,58,9,3,0,0,0,0,0,9,-1,-1,3,1,0,1,-1,0
2025421597517,2025,421597517,1,1,2,1,16,4,3,0,0,1,0,0,9,5,E01022010,3,1,0,1,3,0
2025451566643,2025,451566643,2,1,2,2,56,9,3,0,0,1,0,0,9,-1,-1,3,1,0,1,-1,0
2025531564361,2025,531564361,2,1,2,2,83,11,3,0,0,1,0,0,9,10,E01022219,3,1,0,1,3,0
2025332500024,2025,332500024,2,2,1,1,64,9,3,0,0,0,0,0,19,10,E01013803,3,1,0,1,3,0
2025010558158,2025,010558158,1,1,1,1,45,7,3,0,0,0,0,0,9,4,E01023333,-1,0,0,1,3,0
2025031569882,2025,031569882,2,1,1,1,67,10,3,0,0,0,0,0,9,6,-1,3,1,0,1,3,0
2025201568343,2025,201568343,2,1,1,1,68,10,3,0,0,0,0,0,9,-1,-1,3,1,0,1,-1,0
2025211638304,2025,211638304,2,3,2,1,19,4,3,0,0,1,0,0,9,2,E01014248,3,1,0,1,2,0
2025991548553,2025,991548553,1,1,1,2,46,8,2,0,0,0,0,0,9,-1,-1,6,1,1,0,-1,0
2025010575661,2025,010575661,2,1,1,1,61,9,2,0,0,0,0,0,1,4,E01000958,7,1,1,0,1,0
2025430054217,2025,430054217,2,1,1,1,65,9,2,0,0,0,0,0,3,8,E01028549,-1,0,1,0,1,0
2025201583652,2025,201583652,1,1,1,2,54,8,3,0,0,0,0,0,5,-1,-1,3,1,0,1,-1,0
2025440366041,2025,440366041,1,1,1,1,41,7,3,0,0,0,0,0,5,7,E01031398,-1,0,0,1,4,0
2025471648586,2025,471648586,1,1,3,2,56,9,3,1,1,0,0,-1,0,3,E01031787,3,1,0,1,3,0
2025451573780,2025,451573780,1,1,1,1,51,8,3,0,0,0,0,0,19,5,E01030819,3,1,0,1,3,0
2025010556122,2025,010556122,1,1,2,2,19,4,3,0,0,0,3,0,11,4,E01003405,3,1,0,1,1,0
2025340WN4842,2025,340WN4842,2,1,1,2,50,8,2,0,0,0,0,0,9,8,E01027253,7,1,1,0,1,0
2025440143044,2025,440143044,4,1,1,1,20,4,2,0,0,0,0,0,9,-1,-1,-1,0,0.89194,0.10806,-1,0
2025522500355,2025,522500355,2,1,1,1,44,7,3,0,0,0,0,0,9,4,E01014622,3,1,0,1,1,0
2025501661583,2025,501661583,2,1,1,1,81,11,2,0,0,0,0,0,1,5,E01018820,6,1,1,0,1,0
2025340WN1442,2025,340WN1442,3,1,1,1,37,7,3,0,0,0,0,0,5,-1,-1,3,1,0,1,-1,0
2025401595627,2025,401595627,2,3,2,1,17,4,3,0,0,0,4,0,11,3,E01015801,3,1,0,1,1,0
2025041597440,2025,041597440,2,1,1,1,34,6,3,0,0,0,0,0,9,1,E01034336,3,1,0,1,2,0
2025041615895,2025,041615895,1,1,1,2,28,6,3,0,0,0,0,0,9,6,E01025585,3,1,0,1,3,0
2025041615895,2025,041615895,2,2,1,2,28,6,2,0,0,0,0,0,9,4,E01025119,7,1,1,0,2,0
2025122501165,2025,122501165,1,1,2,2,73,10,3,0,0,1,0,0,9,5,E01027884,-1,0,0.04945,0.95055,1,0
2025430054316,2025,430054316,1,1,2,2,20,4,3,0,0,1,0,0,9,-1,-1,-1,0,0.01837,0.98163,-1,0
2025501710721,2025,501710721,1,1,1,1,40,7,3,0,0,0,0,0,9,4,E01019037,3,1,0,1,1,0
2025520501058,2025,520501058,1,1,1,1,46,8,3,0,0,0,0,0,9,5,E01029287,3,1,0,1,2,0
2025010575312,2025,010575312,1,1,1,1,51,8,3,0,0,0,0,0,1,3,E01003593,-1,0,0,1,1,0
2025010613010,2025,010613010,2,1,1,2,48,8,2,0,0,0,0,0,1,5,E01003913,7,1,1,0,2,0
2025522600635,2025,522600635,1,2,3,2,58,9,3,1,1,0,0,-1,0,6,E01013710,3,1,0,1,5,0
2025010589913,2025,010589913,1,1,3,2,50,8,3,6,9,0,0,-1,0,4,E01034612,3,1,0,1,3,0
2025340NN0622,2025,340NN0622,1,1,3,2,35,6,2,5,1,0,0,-1,0,4,E01027069,7,1,1,0,1,0
2025010561082,2025,010561082,1,1,1,2,72,10,3,0,0,0,0,0,9,-1,-1,3,1,0,1,-1,0
2025010587144,2025,010587144,1,1,1,2,18,4,3,0,0,0,0,0,9,4,E01001002,3,1,0,1,3,0
2025010593116,2025,010593116,1,1,1,1,75,10,3,0,0,0,0,0,9,2,E01002091,3,1,0,1,1,0
2025061630066,2025,061630066,2,1,1,1,31,6,3,0,0,0,0,0,9,6,E01010955,3,1,0,1,4,0
2025070022784,2025,070022784,2,1,1,2,61,9,3,0,0,0,0,0,9,3,E01018746,3,1,0,1,2,0
2025211620553,2025,211620553,1,1,1,1,29,6,3,0,0,0,0,0,9,9,E01029779,3,1,0,1,1,0
2025231561885,2025,231561885,3,1,1,2,24,5,3,0,0,0,0,0,9,7,E01031188,3,1,0,1,1,0
2025411574744,2025,411574744,2,1,2,2,21,5,3,0,0,1,0,0,9,5,E01023929,3,1,0,1,3,0
2025411589204,2025,411589204,2,2,1,2,35,6,3,0,0,0,0,0,9,4,E01023303,3,1,0,1,3,0
2025430569967,2025,430569967,2,1,1,1,26,6,2,0,0,0,0,0,9,8,E01016723,7,1,1,0,1,0
2025430569967,2025,430569967,4,5,2,2,59,9,3,0,0,1,0,0,9,5,E01016721,3,1,0,1,1,0
2025440074010,2025,440074010,1,1,1,2,50,8,3,0,0,0,0,0,9,5,E01022543,-1,0,0,1,1,0
2025610033125,2025,610033125,1,1,1,2,28,6,3,0,0,1,0,0,9,-1,-1,-1,0,0.01397,0.98603,-1,0
2025991607287,2025,991607287,1,1,1,1,26,6,3,0,0,0,0,0,9,6,-1,3,1,0,1,3,0
2025411572617,2025,411572617,1,1,1,1,53,8,3,0,0,0,0,0,21,5,E01019689,3,1,0,1,5,0
2025010599481,2025,010599481,1,1,1,2,44,7,3,0,0,0,0,0,1,2,E01002870,3,1,0,1,1,0
2025471563823,2025,471563823,1,1,1,1,26,6,3,0,0,0,0,0,5,7,E01031792,3,1,0,1,1,0
2025122501144,2025,122501144,1,1,1,-1,35,6,3,0,0,0,0,0,9,8,E01013024,-1,0,0.0117,0.9883,3,0
2025141553201,2025,141553201,2,1,1,1,39,7,3,0,0,0,0,0,9,7,E01007483,3,1,0,1,1,0
2025201670017,2025,201670017,3,1,1,1,35,6,3,0,0,0,0,0,9,-1,-1,3,1,0,1,-1,0
2025311674825,2025,311674825,2,1,2,2,20,4,3,0,0,1,0,0,9,2,E01026381,3,1,0,1,3,0
2025361661914,2025,361661914,1,1,1,1,61,9,3,0,0,0,0,0,9,9,E01026554,3,1,0,1,2,0
2025631571551,2025,631571551,2,2,1,2,20,4,3,0,0,0,0,0,9,5,W01000576,3,1,0,1,4,0
2025201550563,2025,201550563,2,1,1,1,37,7,3,0,0,0,0,0,9,1,E01009585,3,1,0,1,1,0
2025231659653,2025,231659653,2,1,1,1,22,5,3,0,0,0,0,0,9,3,E01022457,3,1,0,1,4,0
2025411661869,2025,411661869,1,1,1,1,48,8,3,0,0,0,0,0,9,10,E01017760,3,1,0,1,2,0
2025440484597,2025,440484597,4,6,2,2,4,1,3,0,0,2,0,0,9,3,E01032627,3,1,0,1,5,0
2025311655953,2025,311655953,1,1,1,1,25,5,2,0,0,0,0,0,2,8,E01019834,6,1,1,0,4,0
2025010562236,2025,010562236,1,1,1,1,23,5,2,0,0,0,0,0,5,3,E01021291,7,1,1,0,4,0
2025231598890,2025,231598890,1,1,3,2,26,6,3,5,1,0,0,-1,0,7,E01031029,3,1,0,1,1,0
2025141541393,2025,141541393,2,4,2,1,60,9,3,0,0,0,0,0,19,-1,-1,3,1,0,1,-1,0
2025430554787,2025,430554787,1,1,1,1,34,6,3,0,0,0,0,0,9,5,E01020157,3,1,0,1,5,0
2025991574188,2025,991574188,2,1,1,2,63,9,2,0,0,0,0,0,9,6,-1,6,1,1,0,5,0
2025991629781,2025,991629781,1,1,2,1,17,4,3,0,0,2,0,0,9,-1,-1,3,1,0,1,-1,0
2025991643589,2025,991643589,2,1,1,1,45,7,3,0,0,0,0,0,9,-1,-1,3,1,0,1,-1,0
2025010560175,2025,010560175,1,1,1,1,52,8,3,0,0,0,0,0,1,8,E01002898,3,1,0,1,1,0
2025430150568,2025,430150568,1,1,1,1,34,6,3,0,0,0,0,0,3,7,E01033964,-1,0,0.05264,0.94736,4,0
2025101544711,2025,101544711,1,1,1,1,69,10,3,0,0,0,0,0,4,-1,-1,3,1,0,1,-1,0
2025544846225,2025,544846225,2,1,1,1,26,6,3,0,0,0,0,0,4,3,E01015503,-1,0,0.08627,0.91373,3,0
2025010613486,2025,010613486,1,1,3,2,46,8,3,1,3,0,0,-1,0,4,E01004202,3,1,0,1,1,0
2025501639822,2025,501639822,1,1,3,2,85,11,3,8,8,0,0,-1,0,3,E01020228,3,1,0,1,1,0
2025451573166,2025,451573166,1,1,3,2,79,11,2,5,3,0,0,-1,0,8,E01030988,5,1,1,0,1,0
2025340WN1682,2025,340WN1682,2,1,1,1,47,8,3,0,0,0,0,0,1,3,E01027185,3,1,0,1,1,0
2025451630519,2025,451630519,2,1,1,1,18,4,2,0,0,0,0,0,3,9,E01030532,7,1,1,0,3,0
2025141676777,2025,141676777,2,1,1,1,60,9,2,0,0,0,0,0,4,1,E01008009,5,1,1,0,1,0
2025340NN2732,2025,340NN2732,2,1,1,1,21,5,3,0,0,0,0,0,4,7,E01032967,3,1,0,1,1,0
2025340WN1312,2025,340WN1312,1,1,1,1,33,6,2,0,0,0,0,0,4,1,E01027199,7,1,1,0,1,0
2025340NN1522,2025,340NN1522,1,1,2,1,20,4,3,0,0,1,0,0,9,1,E01035414,3,1,0,1,1,0
2025351563165,2025,351563165,1,1,1,2,18,4,3,0,0,0,0,0,9,10,E01017995,3,1,0,1,1,0
2025421652061,2025,421652061,1,1,1,2,90,11,3,0,0,0,0,0,9,10,E01021384,3,1,0,1,3,0
2025991636996,2025,991636996,1,1,1,1,25,5,3,0,0,0,0,0,9,4,-1,3,1,0,1,4,0
2025010621415,2025,010621415,1,1,3,1,19,4,3,10,9,0,0,-1,0,-1,-1,3,1,0,1,-1,0
2025131641106,2025,131641106,1,1,3,1,40,7,3,10,9,0,0,-1,0,3,E01029409,3,1,0,1,5,0
2025531717991,2025,531717991,1,1,3,1,44,7,3,9,5,0,0,-1,0,6,E01022216,3,1,0,1,3,0
2025010613884,2025,010613884,2,1,1,1,21,5,2,0,0,0,0,0,3,3,E01001325,7,1,1,0,3,0
2025010560640,2025,010560640,2,1,1,1,23,5,3,0,0,0,0,0,4,4,E01004569,-1,0,0,1,1,0
2025010589337,2025,010589337,1,1,1,2,32,6,3,0,0,0,0,0,9,1,E01035276,3,1,0,1,3,0
2025111655574,2025,111655574,2,1,1,2,63,9,3,0,0,0,0,0,9,10,E01020603,3,1,0,1,1,0
2025131555247,2025,131555247,2,1,1,1,38,7,3,0,0,0,0,0,9,5,E01007687,3,1,0,1,4,0
2025430333505,2025,430333505,1,1,1,1,40,7,3,0,0,0,0,0,9,7,E01016399,3,1,0,1,1,0
2025041565272,2025,041565272,1,1,3,1,54,8,3,6,9,0,0,-1,0,2,E01012406,3,1,0,1,4,0
2025010578562,2025,010578562,2,1,1,1,45,7,2,0,0,0,0,0,1,4,E01002088,5,1,1,0,2,0
2025010602088,2025,010602088,2,1,1,1,50,8,3,0,0,0,0,0,1,3,E01035668,3,1,0,1,1,0
2025010564925,2025,010564925,1,1,1,1,27,6,2,0,0,0,0,0,3,3,E01001468,7,1,1,0,2,0
2025411595118,2025,411595118,1,1,1,1,19,4,2,0,0,0,0,0,3,8,E01002150,5,1,1,0,2,0
2025501576772,2025,501576772,1,1,1,1,28,6,2,0,0,0,0,0,5,3,E01015060,7,1,1,0,1,0
2025010567157,2025,010567157,2,1,2,2,25,5,3,0,0,1,0,0,9,4,E01000164,-1,0,0,1,3,0
2025340WN1042,2025,340WN1042,2,1,1,1,31,6,3,0,0,0,0,0,9,-1,-1,3,1,0,1,-1,0
2025421557432,2025,421557432,2,1,1,2,27,6,3,0,0,0,0,0,9,5,E01021809,3,1,0,1,1,0
2025451621729,2025,451621729,1,2,2,2,9,2,3,0,0,2,0,0,9,3,E01002595,3,1,0,1,2,0
2025332500291,2025,332500291,2,3,1,1,39,7,2,0,0,0,0,0,19,8,E01028337,7,1,1,0,4,0
2025991554497,2025,991554497,1,2,3,1,20,4,2,6,6,0,0,-1,0,6,-1,7,1,1,0,1,0
2025010616476,2025,010616476,1,1,1,1,24,5,3,0,0,0,0,0,3,1,E01024308,3,1,0,1,3,0
2025541233625,2025,541233625,2,1,1,1,64,9,2,0,0,0,0,0,5,4,E01029036,-1,0,1,0,4,0
2025340NN1522,2025,340NN1522,2,3,2,2,41,7,3,0,0,1,0,0,9,1,E01009275,3,1,0,1,4,0
2025501539600,2025,501539600,2,2,2,2,43,7,3,0,0,0,0,0,9,2,E01015181,3,1,0,1,1,0
2025991542091,2025,991542091,2,1,2,1,32,6,3,0,0,1,0,0,9,5,E01004894,3,1,0,1,5,0
2025991559481,2025,991559481,3,4,1,2,27,6,3,0,0,0,0,0,9,9,-1,3,1,0,1,5,0
2025401595627,2025,401595627,2,5,2,2,38,7,3,0,0,0,4,0,11,6,E01017616,3,1,0,1,2,0
2025010582875,2025,010582875,1,1,1,2,32,6,3,0,0,0,0,0,9,5,E01000505,3,1,0,1,1,0
2025052500150,2025,052500150,1,2,1,2,27,6,3,0,0,0,0,0,9,1,E01006509,-1,0,0.02992,0.97008,1,0
2025122500294,2025,122500294,2,2,1,2,33,6,3,0,0,0,0,0,9,6,E01011704,-1,0,0.01314,0.98686,2,0
2025221656627,2025,221656627,2,1,1,1,68,10,3,0,0,0,0,0,9,7,E01032126,3,1,0,1,3,0
2025231580450,2025,231580450,1,1,1,1,58,9,3,0,0,0,0,0,9,2,E01009659,3,1,0,1,2,0
2025541748207,2025,541748207,1,1,1,2,86,11,2,0,0,0,0,0,9,10,E01031855,5,1,1,0,3,0
2025991572366,2025,991572366,1,1,1,2,46,8,3,0,0,0,0,0,9,2,-1,3,1,0,1,1,0
2025010573942,2025,010573942,1,1,1,1,41,7,3,0,0,0,0,0,3,6,E01004474,3,1,0,1,1,0
2025010553846,2025,010553846,1,1,3,2,36,7,3,5,1,0,0,-1,0,2,E01033737,3,1,0,1,1,0
2025421644162,2025,421644162,1,1,3,1,17,4,3,1,3,0,0,-1,0,5,E01021869,3,1,0,1,1,0
2025101603533,2025,101603533,2,1,1,1,27,6,3,0,0,0,0,0,9,1,E01008223,3,1,0,1,1,0
2025221690354,2025,221690354,2,1,1,2,35,6,2,0,0,0,0,0,9,6,E01027176,6,1,1,0,4,0
2025340NN3132,2025,340NN3132,2,1,1,2,38,7,2,0,0,0,0,0,9,2,E01026957,7,1,1,0,1,0
2025351667347,2025,351667347,2,5,2,1,13,3,3,0,0,2,0,0,9,5,E01035626,3,1,0,1,5,0
2025430181122,2025,430181122,2,2,2,1,20,4,3,0,0,1,0,0,9,9,E01028749,-1,0,0.00205,0.99795,4,0
2025522500480,2025,522500480,1,1,1,1,19,4,2,0,0,0,0,0,9,9,W01001657,7,1,1,0,4,0
2025991548025,2025,991548025,1,1,1,2,76,11,3,0,0,0,0,0,9,1,-1,3,1,0,1,1,0
2025010576519,2025,010576519,2,1,1,1,20,4,3,0,0,0,0,0,1,3,E01034615,3,1,0,1,1,0
2025471545533,2025,471545533,1,1,1,1,25,5,2,0,0,0,0,0,1,3,E01021044,7,1,1,0,1,0
2025461562139,2025,461562139,2,4,2,1,49,8,3,0,0,1,0,0,21,6,E01021689,3,1,0,1,4,0
2025440266375,2025,440266375,2,1,1,1,20,4,2,0,0,0,0,0,5,10,E01023020,-1,0,0.93402,0.06598,2,0
2025440039633,2025,440039633,1,1,3,2,70,10,2,10,9,0,0,0,0,5,E01022907,-1,0,0.91084,0.08916,1,0
2025010574534,2025,010574534,1,1,2,1,38,7,3,0,0,1,0,0,9,3,E01001712,3,1,0,1,1,0
2025052501400,2025,052501400,2,1,1,1,62,9,3,0,0,0,0,0,9,3,E01005474,-1,0,0.0064,0.9936,4,0
2025471556204,2025,471556204,4,3,1,1,60,9,3,0,0,0,0,0,9,5,E01031606,3,1,0,1,2,0
2025501546463,2025,501546463,1,2,2,2,35,6,3,0,0,2,0,0,9,6,E01018821,3,1,0,1,5,0
2025010579156,2025,010579156,2,1,1,1,20,4,2,0,0,0,0,0,3,4,E01002315,5,1,1,0,1,0
2025471565792,2025,471565792,2,1,1,1,36,7,3,0,0,0,0,0,2,5,E01020999,3,1,0,1,1,0
2025451591742,2025,451591742,1,1,1,1,51,8,2,0,0,0,0,0,5,9,E01031496,7,1,1,0,4,0
2025010557435,2025,010557435,1,1,3,1,28,6,3,9,9,0,0,-1,0,4,E01000866,3,1,0,1,2,0
2025010577090,2025,010577090,1,1,3,2,24,5,3,1,1,0,0,-1,0,2,E01004535,3,1,0,1,1,0
2025052501453,2025,052501453,1,1,3,1,26,6,3,1,3,0,0,0,0,1,E01006556,-1,0,0.11807,0.88193,1,0
2025061634075,2025,061634075,1,1,3,1,3,1,2,8,2,0,0,-1,0,-1,-1,7,1,1,0,-1,0
2025471609625,2025,471609625,1,2,2,2,12,3,3,0,0,0,4,0,11,8,E01031634,3,1,0,1,2,0
2025201541608,2025,201541608,2,1,1,1,32,6,3,0,0,0,0,0,9,1,E01014124,3,1,0,1,4,0
2025302500202,2025,302500202,1,1,1,2,55,8,3,0,0,0,0,0,9,9,E01033185,3,1,0,1,5,0
2025361622166,2025,361622166,1,1,1,2,84,11,3,0,0,0,0,0,9,10,E01026510,3,1,0,1,1,0
2025991651078,2025,991651078,1,1,1,2,54,8,3,0,0,0,0,0,9,-1,-1,3,1,0,1,-1,0
2025010568818,2025,010568818,2,1,1,1,36,7,3,0,0,0,0,0,3,9,E01003652,3,1,0,1,3,0
2025010575849,2025,010575849,1,1,1,1,27,6,2,0,0,0,0,0,3,4,E01000633,7,1,1,0,4,0
2025411684843,2025,411684843,2,1,1,1,47,8,3,0,0,0,0,0,4,6,E01023708,3,1,0,1,3,0
2025122600278,2025,122600278,1,1,1,1,34,6,2,0,0,0,0,0,5,8,E01027635,-1,0,1,0,4,0
2025311554244,2025,311554244,1,1,3,1,10,2,3,5,1,0,0,-1,0,7,E01028413,3,1,0,1,1,0
2025221538805,2025,221538805,2,1,1,1,49,8,2,0,0,0,0,0,19,1,E01009326,7,1,1,0,4,0
2025211612226,2025,211612226,1,1,3,1,31,6,3,9,8,0,0,-1,0,2,E01008883,3,1,0,1,4,0
2025010565853,2025,010565853,2,1,1,1,19,4,3,0,0,0,0,0,1,5,E01033727,3,1,0,1,1,0
2025031669680,2025,031669680,1,1,1,1,90,11,2,0,0,0,0,0,9,10,E01034080,6,1,1,0,1,0
2025440437647,2025,440437647,1,2,2,1,29,6,3,0,0,1,0,0,9,4,E01023261,3,1,0,1,1,0
2025052501605,2025,052501605,2,1,2,1,39,7,3,0,0,-1,0,0,18,6,E01012378,-1,0,0.05368,0.94632,3,0
2025201555978,2025,201555978,2,2,1,1,64,9,3,0,0,0,0,0,20,8,E01025497,3,1,0,1,5,0
2025010556379,2025,010556379,1,1,1,2,26,6,3,0,0,0,0,0,1,3,E01034391,3,1,0,1,1,0
2025201592237,2025,201592237,2,2,1,1,59,9,3,0,0,0,0,0,1,9,E01029495,3,1,0,1,2,0
2025010572568,2025,010572568,3,2,2,2,44,7,3,0,0,2,0,0,9,3,E01004445,-1,0,0,1,1,0
2025010575423,2025,010575423,1,1,1,2,51,8,2,0,0,0,0,0,9,-1,-1,-1,0,1,0,-1,0
2025041608933,2025,041608933,1,1,1,1,24,5,3,0,0,0,0,0,9,10,E01025126,3,1,0,1,1,0
2025302500856,2025,302500856,1,1,1,2,26,6,3,0,0,0,0,0,9,9,E01019430,3,1,0,1,3,0
2025361596293,2025,361596293,1,1,1,1,37,7,3,0,0,0,0,0,9,8,E01026849,3,1,0,1,2,0
2025471544660,2025,471544660,2,1,2,2,48,8,3,0,0,1,0,0,9,5,E01031465,3,1,0,1,2,0
2025501556110,2025,501556110,1,4,2,1,56,9,3,0,0,1,0,0,9,4,E01019057,3,1,0,1,4,0
2025520000208,2025,520000208,1,1,3,1,19,4,3,5,3,0,0,-1,0,5,E01014708,3,1,0,1,3,0
2025991563614,2025,991563614,1,1,3,2,26,6,3,1,3,0,0,-1,0,4,-1,3,1,0,1,1,0
2025010615054,2025,010615054,2,1,1,1,27,6,3,0,0,0,0,0,1,5,E01000476,3,1,0,1,1,0
2025501614098,2025,501614098,1,1,1,1,66,10,2,0,0,0,0,0,1,10,E01020356,6,1,1,0,5,0
2025471550850,2025,471550850,1,1,1,2,17,4,2,0,0,0,0,0,3,4,E01020957,7,1,1,0,3,0
202560C185588,2025,60C185588,2,1,1,2,23,5,3,0,0,0,0,0,3,-1,-1,-1,0,0.13877,0.86123,-1,0
2025061634741,2025,061634741,1,1,1,1,56,9,3,0,0,0,0,0,8,-1,-1,3,1,0,1,-1,0
2025141688138,2025,141688138,2,1,1,2,56,9,2,0,0,0,0,0,9,1,E01007373,6,1,1,0,2,0
2025201621269,2025,201621269,1,1,1,1,41,7,3,0,0,0,0,0,9,9,E01010390,3,1,0,1,2,0
2025340NN3482,2025,340NN3482,1,1,1,1,54,8,2,0,0,0,0,0,9,3,E01027081,7,1,1,0,1,0
2025610033125,2025,610033125,2,2,1,1,42,7,3,0,0,1,0,0,9,-1,-1,-1,0,0.01402,0.98598,-1,0
2025991559481,2025,991559481,2,2,2,2,75,10,2,0,0,1,0,0,9,5,-1,5,1,1,0,4,0
2025010609812,2025,010609812,2,4,2,2,8,2,3,0,0,2,0,0,19,9,E01000351,3,1,0,1,1,0
2025010560391,2025,010560391,1,1,3,1,58,9,2,5,1,0,0,-1,0,4,E01001137,6,1,1,0,1,0
2025010588353,2025,010588353,2,2,3,1,34,6,3,9,6,0,0,-1,0,2,E01004390,3,1,0,1,4,0
2025010595330,2025,010595330,1,1,3,2,70,10,3,4,1,0,0,-1,0,8,E01000906,3,1,0,1,1,0
2025010598725,2025,010598725,1,1,3,2,77,11,3,5,1,0,0,-1,0,2,E01002310,3,1,0,1,1,0
2025401599842,2025,401599842,2,1,1,1,34,6,3,0,0,0,0,0,3,10,E01017393,3,1,0,1,1,0
2025451619088,2025,451619088,2,1,1,1,54,8,2,0,0,0,0,0,5,9,E01030340,6,1,1,0,1,0
2025070573387,2025,070573387,1,1,1,2,57,9,2,0,0,0,0,0,9,6,E01034667,7,1,1,0,1,0
2025131541649,2025,131541649,1,1,2,2,16,4,3,0,0,1,0,0,9,6,E01011273,3,1,0,1,2,0
2025201555751,2025,201555751,2,1,1,1,46,8,3,0,0,0,0,0,9,7,E01025623,3,1,0,1,4,0
2025201648994,2025,201648994,1,1,1,2,49,8,3,0,0,0,0,0,9,-1,-1,3,1,0,1,-1,0
2025421648440,2025,421648440,1,1,1,2,25,5,3,0,0,0,0,0,9,4,E01021368,3,1,0,1,3,0
2025010609812,2025,010609812,2,3,2,2,13,3,3,0,0,2,0,0,19,9,E01000351,3,1,0,1,1,0
2025421681499,2025,421681499,1,2,3,1,17,4,2,10,9,0,0,-1,0,3,E01021851,7,1,1,0,1,0
2025010564368,2025,010564368,1,1,1,1,28,6,3,0,0,0,0,0,1,3,E01002770,-1,0,0,1,1,0
2025010560355,2025,010560355,1,1,1,1,39,7,3,0,0,0,0,0,3,-1,-1,3,1,0,1,-1,0
2025141577162,2025,141577162,2,1,1,1,50,8,1,0,0,0,0,0,3,2,E01007546,1,1,0,0,1,0
2025501592468,2025,501592468,2,1,1,1,27,6,1,0,0,0,0,0,3,1,E01015048,1,1,0,0,1,0
2025161558339,2025,161558339,3,1,1,2,67,10,3,0,0,0,0,0,9,10,E01013043,3,1,0,1,1,0
2025201549621,2025,201549621,2,1,1,1,43,7,3,0,0,0,0,0,9,4,E01009186,3,1,0,1,1,0
2025421557432,2025,421557432,1,2,1,2,71,10,3,0,0,0,0,0,9,10,E01021781,3,1,0,1,1,0
2025461610788,2025,461610788,2,2,1,1,56,9,3,0,0,0,0,0,9,4,E01024767,3,1,0,1,1,0
2025520600601,2025,520600601,1,2,2,2,35,6,3,0,0,2,0,0,9,6,E01020007,3,1,0,1,4,0
2025371658443,2025,371658443,1,1,1,1,60,9,3,0,0,0,0,0,19,5,E01030245,3,1,0,1,3,0
2025010555489,2025,010555489,1,1,1,1,50,8,3,0,0,0,0,0,9,7,E01004529,3,1,0,1,1,0
2025010561027,2025,010561027,2,1,2,2,86,11,2,0,0,2,0,0,9,6,E01002220,6,1,1,0,2,0
2025010585946,2025,010585946,2,1,2,2,63,9,3,0,0,1,0,0,9,2,E01003092,3,1,0,1,2,0
2025161600840,2025,161600840,1,1,1,1,38,7,3,0,0,0,0,0,9,1,E01012915,3,1,0,1,1,0
2025430569967,2025,430569967,3,6,2,2,27,6,3,0,0,1,0,0,9,3,E01016834,3,1,0,1,2,0
2025991587352,2025,991587352,2,1,1,2,37,7,3,0,0,0,0,0,9,-1,-1,3,1,0,1,-1,0
2025010575479,2025,010575479,2,1,1,2,27,6,2,0,0,0,0,0,1,6,E01001902,5,1,1,0,1,0
2025070817824,2025,070817824,1,1,1,1,44,7,3,0,0,0,0,0,1,10,E01018584,3,1,0,1,1,0
2025421681499,2025,421681499,1,1,1,1,19,4,3,0,0,0,0,0,3,3,E01021851,3,1,0,1,1,0
2025622500684,2025,622500684,1,1,1,1,30,6,2,0,0,0,0,0,5,-1,-1,-1,0,1,0,-1,0
2025041627879,2025,041627879,2,1,3,1,14,3,3,-1,-1,0,0,-1,0,4,E01024891,3,1,0,1,1,0
2025052500170,2025,052500170,1,1,3,2,20,4,2,1,3,0,0,0,0,6,E01006621,-1,0,1,0,2,0
2025070881191,2025,070881191,2,1,1,2,22,5,3,0,0,0,0,0,9,5,E01018483,3,1,0,1,1,0
2025131672226,2025,131672226,2,1,1,2,19,4,3,0,0,0,0,0,9,1,E01010843,3,1,0,1,1,0
2025201670017,2025,201670017,3,2,2,1,38,7,3,0,0,1,0,0,9,-1,-1,3,1,0,1,-1,0
2025340WN3162,2025,340WN3162,2,1,1,2,52,8,3,0,0,0,0,0,9,5,E01026703,3,1,0,1,5,0
2025461609020,2025,461609020,1,1,1,1,42,7,3,0,0,0,0,0,9,7,E01024798,3,1,0,1,2,0
2025991577789,2025,991577789,1,1,1,2,81,11,3,0,0,0,0,0,9,-1,-1,3,1,0,1,-1,0
2025010611339,2025,010611339,2,1,1,1,34,6,2,0,0,0,0,0,3,3,E01003983,7,1,1,0,2,0
2025010572924,2025,010572924,1,1,3,1,47,8,3,9,9,0,0,-1,0,1,E01001425,3,1,0,1,1,0
2025122501430,2025,122501430,1,2,2,1,17,4,3,0,0,2,0,0,8,8,E01034964,-1,0,0.00874,0.99126,1,0
2025141662076,2025,141662076,1,1,3,1,76,11,3,5,1,0,0,-1,0,6,E01007724,3,1,0,1,1,0
2025411655122,2025,411655122,2,1,1,1,49,8,2,0,0,0,0,0,3,7,E01023809,7,1,1,0,1,0
2025451624098,2025,451624098,1,1,1,1,77,11,2,0,0,0,0,0,4,9,E01022894,7,1,1,0,3,0
2025041678377,2025,041678377,1,1,1,1,81,11,3,0,0,0,0,0,9,7,E01025130,3,1,0,1,2,0
2025131648236,2025,131648236,2,1,1,2,35,6,3,0,0,0,0,0,9,6,E01011517,3,1,0,1,1,0
2025201615260,2025,201615260,2,1,1,1,26,6,3,0,0,0,0,0,9,1,E01034736,3,1,0,1,1,0
2025430526381,2025,430526381,2,2,1,1,47,8,2,0,0,0,0,0,9,4,E01016447,5,1,1,0,2,0
2025471643521,2025,471643521,1,1,1,2,57,9,3,0,0,0,0,0,9,1,E01031558,3,1,0,1,1,0
2025991589622,2025,991589622,1,1,2,2,47,8,2,0,0,1,0,0,9,5,-1,6,1,1,0,4,0
2025010594717,2025,010594717,1,1,1,1,29,6,3,0,0,0,0,0,23,2,E01001155,3,1,0,1,1,0
2025010578894,2025,010578894,1,1,1,1,23,5,3,0,0,0,0,0,9,5,E01000534,3,1,0,1,1,0
2025231633813,2025,231633813,2,2,1,1,59,9,3,0,0,0,0,0,9,1,E01005466,3,1,0,1,5,0
2025440484597,2025,440484597,1,2,2,2,59,9,3,0,0,1,0,0,9,7,E01031938,3,1,0,1,4,0
2025471671088,2025,471671088,1,1,1,2,48,8,3,0,0,0,0,0,9,10,E01020940,3,1,0,1,3,0
2025010600677,2025,010600677,1,1,1,1,25,5,3,0,0,0,0,0,3,-1,-1,3,1,0,1,-1,0
2025340WN6612,2025,340WN6612,1,1,1,1,23,5,2,0,0,0,0,0,3,7,E01027221,7,1,1,0,2,0
2025520600611,2025,520600611,1,1,1,1,40,7,3,0,0,0,0,0,19,2,E01029098,3,1,0,1,2,0
2025141576336,2025,141576336,1,1,3,1,59,9,2,10,9,0,0,-1,0,2,E01007770,7,1,1,0,3,0
2025471563062,2025,471563062,1,1,3,1,35,6,3,9,9,0,0,-1,0,3,E01022739,3,1,0,1,4,0
2025010555380,2025,010555380,1,1,1,2,33,6,3,0,0,0,0,0,1,5,E01000504,-1,0,0,1,1,0
2025010563188,2025,010563188,1,1,2,1,51,8,3,0,0,1,0,0,9,3,E01003221,3,1,0,1,1,0
2025010572842,2025,010572842,1,1,1,2,49,8,3,0,0,0,0,0,9,4,E01004708,3,1,0,1,1,0
2025041576688,2025,041576688,2,5,2,2,5,1,3,0,0,2,0,0,9,4,E01012634,3,1,0,1,1,0
2025231543850,2025,231543850,2,1,1,1,54,8,2,0,0,0,0,0,9,6,E01029821,7,1,1,0,3,0
2025451576003,2025,451576003,2,1,1,1,27,6,2,0,0,0,0,0,9,7,E01030741,7,1,1,0,4,0
2025991542091,2025,991542091,1,2,1,1,42,7,3,0,0,0,0,0,9,8,-1,3,1,0,1,4,0
2025010576683,2025,010576683,2,1,1,1,27,6,2,0,0,0,0,0,33,8,E01033580,5,1,1,0,1,1
2025010573906,2025,010573906,1,1,3,1,51,8,3,5,9,0,0,-1,0,9,E01003680,3,1,0,1,3,0
2025991555204,2025,991555204,2,1,1,1,32,6,3,0,0,0,0,0,1,-1,-1,3,1,0,1,-1,0
2025010607480,2025,010607480,1,1,1,1,25,5,3,0,0,0,0,0,5,-1,-1,3,1,0,1,-1,0
2025041678377,2025,041678377,2,3,1,2,31,6,3,0,0,0,0,0,9,4,E01025170,3,1,0,1,1,0
2025201567943,2025,201567943,2,1,1,2,24,5,3,0,0,0,0,0,9,-1,-1,3,1,0,1,-1,0
2025211638304,2025,211638304,2,2,1,1,47,8,3,0,0,0,0,0,9,2,E01014248,3,1,0,1,2,0
2025440484597,2025,440484597,5,4,1,1,64,9,3,0,0,0,0,0,9,10,E01017784,3,1,0,1,4,0
2025471569999,2025,471569999,2,1,1,2,34,6,3,0,0,0,0,0,9,1,E01021019,3,1,0,1,1,0
2025010561543,2025,010561543,3,1,2,2,70,10,3,0,0,0,4,0,11,8,E01004553,-1,0,0,1,1,0
2025471649905,2025,471649905,1,1,1,1,21,5,3,0,0,0,0,0,19,1,E01021005,3,1,0,1,1,0
2025010551809,2025,010551809,2,3,1,1,74,10,3,0,0,0,0,0,9,4,E01003268,-1,0,0,1,1,0
2025031550848,2025,031550848,1,2,1,1,74,10,3,0,0,0,0,0,9,9,E01019303,3,1,0,1,4,0
2025101636151,2025,101636151,2,1,1,2,40,7,3,0,0,0,0,0,9,10,E01008466,3,1,0,1,2,0
2025131544545,2025,131544545,2,4,1,2,31,6,3,0,0,0,0,0,9,8,E01010568,3,1,0,1,3,0
2025131574349,2025,131574349,2,1,1,1,32,6,3,0,0,0,0,0,9,6,E01010797,3,1,0,1,1,0
2025201615299,2025,201615299,2,2,2,2,25,5,3,0,0,1,0,0,9,-1,-1,3,1,0,1,-1,0
2025461654718,2025,461654718,1,1,1,1,60,9,3,0,0,0,0,0,9,5,E01004056,3,1,0,1,4,0
2025501575134,2025,501575134,2,1,1,1,23,5,3,0,0,0,0,0,9,4,E01018905,3,1,0,1,3,0
2025610002025,2025,610002025,1,1,2,2,81,11,3,0,0,1,0,0,9,-1,-1,-1,0,0.14968,0.85032,-1,0
2025991588988,2025,991588988,1,2,1,1,18,4,3,0,0,0,0,0,9,2,-1,3,1,0,1,2,0
2025010559480,2025,010559480,2,1,1,1,19,4,3,0,0,0,0,0,1,3,E01000908,3,1,0,1,1,0
2025010581033,2025,010581033,2,1,1,2,28,6,3,0,0,0,0,0,1,3,E01003309,3,1,0,1,1,0
2025131594581,2025,131594581,2,1,1,1,59,9,3,0,0,0,0,0,1,6,E01011062,3,1,0,1,1,0
2025991678153,2025,991678153,2,1,1,1,54,8,2,0,0,0,0,0,1,3,-1,7,1,1,0,1,0
2025440128754,2025,440128754,1,1,1,1,20,4,3,0,0,0,0,0,3,3,E01023145,-1,0,0,1,1,0
2025451539185,2025,451539185,2,1,1,1,54,8,3,0,0,0,0,0,5,7,E01023131,3,1,0,1,3,0
2025010579452,2025,010579452,1,1,3,1,55,8,3,4,1,0,0,-1,0,3,E01035642,3,1,0,1,1,0
202517H102825,2025,17H102825,2,1,2,2,50,8,3,0,0,1,0,0,19,8,E01011965,3,1,0,1,2,0
2025141651275,2025,141651275,1,1,3,1,40,7,3,8,8,0,0,-1,0,3,E01007449,3,1,0,1,1,0
2025522500502,2025,522500502,1,1,3,2,78,11,3,5,1,0,0,-1,0,8,E01014561,3,1,0,1,1,0
2025041666839,2025,041666839,2,1,1,1,66,10,3,0,0,0,0,0,9,1,E01034336,3,1,0,1,2,0
2025131568210,2025,131568210,2,1,1,-1,25,5,2,0,0,0,0,0,9,1,E01011106,5,1,1,0,1,0
2025221568704,2025,221568704,1,1,1,2,18,4,3,0,0,0,0,0,9,7,W01000210,3,1,0,1,3,0
2025340WN4782,2025,340WN4782,2,1,1,2,30,6,3,0,0,0,0,0,9,4,-1,3,1,0,1,5,0
2025351601357,2025,351601357,2,2,1,2,50,8,3,0,0,0,0,0,9,2,E01015601,3,1,0,1,1,0
2025351667347,2025,351667347,1,1,1,2,60,9,3,0,0,0,0,0,9,6,E01035103,3,1,0,1,4,0
2025531545570,2025,531545570,1,1,1,1,33,6,2,0,0,0,0,0,9,10,E01016660,7,1,1,0,5,0
2025991600916,2025,991600916,2,1,1,1,43,7,3,0,0,0,0,0,9,9,-1,3,1,0,1,4,0
2025991607287,2025,991607287,1,2,2,1,20,4,3,0,0,0,0,0,9,6,-1,3,1,0,1,3,0
2025031569267,2025,031569267,1,1,2,1,22,5,3,0,0,1,0,0,19,-1,-1,3,1,0,1,-1,0
2025501548967,2025,501548967,2,2,1,1,41,7,2,0,0,0,0,0,11,4,E01018779,7,1,1,0,3,0
2025031550848,2025,031550848,3,3,2,2,55,8,3,0,0,1,0,0,9,10,E01019261,3,1,0,1,4,0
2025031598775,2025,031598775,1,1,1,1,43,7,3,0,0,0,0,0,9,6,E01019235,3,1,0,1,1,0
2025131558480,2025,131558480,2,1,1,2,21,5,3,0,0,0,0,0,9,1,E01010666,3,1,0,1,2,0
2025131605460,2025,131605460,1,1,1,1,36,7,3,0,0,0,0,0,9,1,E01009202,3,1,0,1,5,0
2025201650381,2025,201650381,2,1,2,2,50,8,3,0,0,1,0,0,9,-1,-1,3,1,0,1,-1,0
2025221568704,2025,221568704,1,2,2,2,18,4,3,0,0,1,0,0,9,2,E01028906,3,1,0,1,1,0
2025231653799,2025,231653799,2,1,1,1,58,9,2,0,0,0,0,0,9,9,E01022183,7,1,1,0,3,0
2025302501939,2025,302501939,1,1,1,2,71,10,2,0,0,0,0,0,9,7,E01019607,5,1,1,0,1,0
2025302502068,2025,302502068,1,1,2,2,51,8,3,0,0,1,0,0,9,10,E01013466,3,1,0,1,1,0
2025451600602,2025,451600602,1,1,1,1,47,8,3,0,0,0,0,0,9,9,E01022618,3,1,0,1,3,0
2025231624581,2025,231624581,2,1,1,2,55,8,3,0,0,0,0,0,1,10,E01031305,3,1,0,1,1,0
2025991646594,2025,991646594,2,1,1,1,27,6,3,0,0,0,0,0,1,-1,-1,3,1,0,1,-1,0
2025141615717,2025,141615717,2,1,1,1,44,7,3,0,0,0,0,0,23,2,E01007697,3,1,0,1,1,0
2025430544153,2025,430544153,2,1,1,1,17,4,3,0,0,0,0,0,3,2,E01028569,3,1,0,1,1,0
2025041540512,2025,041540512,1,1,3,1,51,8,3,9,7,0,0,-1,0,8,E01034346,3,1,0,1,1,0
2025991600796,2025,991600796,1,1,3,1,27,6,3,9,8,0,0,-1,0,2,-1,3,1,0,1,4,0
2025451634577,2025,451634577,1,1,1,1,80,11,3,0,0,0,0,0,9,9,E01030306,3,1,0,1,1,0
2025991612736,2025,991612736,1,1,1,2,46,8,3,0,0,0,0,0,9,7,-1,3,1,0,1,1,0
2025010576500,2025,010576500,1,1,1,1,60,9,3,0,0,0,0,0,1,3,E01001830,-1,0,0,1,1,0
2025010583944,2025,010583944,2,1,1,1,49,8,2,0,0,0,0,0,5,7,E01000909,5,1,1,0,1,0
2025201555978,2025,201555978,1,1,1,1,54,8,3,0,0,0,0,0,19,8,E01010225,3,1,0,1,2,0
2025211670764,2025,211670764,2,1,2,1,49,8,3,0,0,1,0,0,19,5,E01010306,3,1,0,1,3,0
2025010554031,2025,010554031,1,2,3,1,25,5,3,8,9,0,0,1,0,9,E01033833,-1,0,0,1,4,0
2025440485718,2025,440485718,2,1,1,1,57,9,2,0,0,0,0,0,1,1,E01017155,7,1,1,0,1,0
2025471686735,2025,471686735,1,1,1,1,18,4,3,0,0,0,0,0,3,5,E01016973,3,1,0,1,1,0
2025340WN4452,2025,340WN4452,2,1,1,1,34,6,3,0,0,0,0,0,4,2,E01016810,3,1,0,1,3,0
2025131663207,2025,131663207,1,1,1,1,33,6,2,0,0,0,0,0,9,7,E01011687,6,1,1,0,3,0
2025161656804,2025,161656804,2,1,1,2,47,8,3,0,0,0,0,0,9,6,E01013163,3,1,0,1,1,0
2025201653387,2025,201653387,2,2,1,1,24,5,2,0,0,0,0,0,9,2,E01014274,6,1,1,0,4,0
2025361640966,2025,361640966,1,1,1,2,34,6,3,0,0,0,0,0,9,1,E01026832,3,1,0,1,2,0
2025461654261,2025,461654261,2,2,2,2,53,8,3,0,0,1,0,0,9,-1,-1,3,1,0,1,-1,0
2025991559481,2025,991559481,2,3,1,1,74,10,2,0,0,0,0,0,9,5,-1,5,1,1,0,4,0
2025010567797,2025,010567797,1,1,1,1,56,9,3,0,0,0,0,0,19,4,E01000689,-1,0,0,1,1,0
2025461612626,2025,461612626,1,1,1,1,49,8,2,0,0,0,0,0,33,6,E01024518,7,1,1,0,1,1
2025101656978,2025,101656978,2,2,2,2,32,6,3,0,0,1,0,0,9,4,E01008597,3,1,0,1,3,0
2025302501668,2025,302501668,2,1,1,1,46,8,3,0,0,0,0,0,9,10,E01019635,3,1,0,1,3,0
2025541654313,2025,541654313,2,2,2,2,58,9,3,0,0,1,0,0,9,7,E01032098,3,1,0,1,3,0
2025622500238,2025,622500238,2,2,1,1,35,6,3,0,0,0,0,0,9,-1,-1,-1,0,0.03293,0.96707,-1,0
2025010588353,2025,010588353,2,1,1,1,29,6,3,0,0,0,0,0,1,2,E01001912,3,1,0,1,1,0
2025010564764,2025,010564764,1,1,1,1,25,5,3,0,0,0,0,0,3,3,E01030744,3,1,0,1,4,0
2025501613366,2025,501613366,1,1,1,1,24,5,3,0,0,0,0,0,4,1,E01018875,3,1,0,1,4,0
2025340WN4582,2025,340WN4582,2,1,1,1,78,11,2,0,0,0,0,0,5,9,E01027201,7,1,1,0,1,0
2025010571321,2025,010571321,1,1,3,2,32,6,3,5,1,0,0,-1,0,2,E01034479,3,1,0,1,3,0
2025070100173,2025,070100173,1,1,3,1,54,8,3,6,9,0,0,-1,0,8,E01018495,3,1,0,1,1,0
2025131544545,2025,131544545,1,3,2,1,4,1,3,0,0,2,0,0,9,7,E01010881,3,1,0,1,2,0
2025131583905,2025,131583905,2,2,1,2,56,9,3,0,0,0,0,0,9,6,E01011308,3,1,0,1,2,0
2025161623607,2025,161623607,1,1,1,1,65,9,3,0,0,0,0,0,9,4,E01028174,3,1,0,1,5,0
2025361596293,2025,361596293,2,2,2,2,48,8,2,0,0,1,0,0,9,-1,-1,7,1,1,0,-1,0
2025010596459,2025,010596459,1,1,3,1,54,8,3,1,1,0,0,-1,0,3,E01035498,3,1,0,1,1,0
2025440331493,2025,440331493,1,1,1,1,40,7,3,0,0,0,0,0,19,6,E01024432,3,1,0,1,5,0
2025010598444,2025,010598444,1,1,3,2,52,8,3,5,3,0,0,-1,0,2,E01001850,3,1,0,1,1,0
2025991554497,2025,991554497,1,1,3,2,18,4,2,6,6,0,0,-1,0,2,-1,7,1,1,0,2,0
2025471583165,2025,471583165,1,1,1,1,18,4,3,0,0,0,0,0,3,9,E01031505,3,1,0,1,1,0
2025010605543,2025,010605543,1,1,1,1,31,6,3,0,0,0,0,0,4,6,E01000631,3,1,0,1,1,0
2025221634037,2025,221634037,1,1,1,1,74,10,3,0,0,0,0,0,5,4,E01014001,3,1,0,1,1,0
2025010574860,2025,010574860,1,1,1,1,48,8,3,0,0,0,0,0,9,-1,-1,-1,0,0,1,-1,0
2025010603318,2025,010603318,1,1,1,2,36,7,3,0,0,0,0,0,9,3,E01004060,3,1,0,1,3,0
2025122501085,2025,122501085,2,1,1,1,17,4,3,0,0,0,0,0,9,10,E01027660,-1,0,0.03312,0.96688,1,0
2025351658002,2025,351658002,1,1,1,2,57,9,3,0,0,0,0,0,9,3,E01015638,3,1,0,1,3,0
2025421587224,2025,421587224,2,1,1,1,24,5,2,0,0,0,0,0,9,2,E01002553,6,1,1,0,4,0
2025421602662,2025,421602662,1,1,2,2,60,9,3,0,0,1,0,0,9,5,E01000037,3,1,0,1,3,0
2025501569874,2025,501569874,1,1,2,2,17,4,3,0,0,1,0,0,9,7,E01020105,3,1,0,1,2,0
2025631584691,2025,631584691,1,2,1,1,80,11,2,0,0,0,0,0,19,7,W01000484,5,1,1,0,1,0
2025010565037,2025,010565037,1,1,1,2,45,7,3,0,0,0,0,0,9,5,E01033788,-1,0,0,1,1,0
2025010567994,2025,010567994,2,1,1,1,36,7,3,0,0,0,0,0,9,4,E01002308,3,1,0,1,3,0
2025010588502,2025,010588502,1,1,1,1,39,7,3,0,0,0,0,0,9,8,E01002453,3,1,0,1,1,0
2025471573212,2025,471573212,2,1,1,1,36,7,3,0,0,0,0,0,9,8,E01031698,3,1,0,1,2,0
2025546474325,2025,546474325,2,1,1,1,31,6,3,0,0,0,0,0,9,8,E01034546,-1,0,0.01865,0.98135,1,0
2025430456031,2025,430456031,1,1,1,1,23,5,3,0,0,0,0,0,5,8,E01028742,-1,0,0.10625,0.89375,1,0
2025071013339,2025,071013339,1,2,3,2,10,2,3,8,3,0,0,-1,0,7,E01012554,3,1,0,1,1,0
2025201547974,2025,201547974,1,1,3,2,19,4,3,1,9,0,0,-1,0,4,E01033617,3,1,0,1,1,0
2025010609022,2025,010609022,2,1,1,2,60,9,3,0,0,0,0,0,1,10,E01003442,3,1,0,1,1,0
2025010591969,2025,010591969,1,1,1,1,34,6,2,0,0,0,0,0,3,9,E01003909,5,1,1,0,1,0
2025010613516,2025,010613516,2,1,1,1,40,7,3,0,0,0,0,0,3,2,E01001828,3,1,0,1,1,0
2025010593727,2025,010593727,1,1,1,1,28,6,3,0,0,0,0,0,9,5,E01033727,3,1,0,1,1,0
2025461555578,2025,461555578,2,1,1,1,45,7,3,0,0,0,0,0,9,3,E01016043,3,1,0,1,4,0
2025461582396,2025,461582396,1,1,1,2,33,6,3,0,0,0,0,0,9,4,E01035307,3,1,0,1,3,0
2025010582844,2025,010582844,1,1,2,2,52,8,3,0,0,0,4,0,11,2,E01002077,3,1,0,1,1,0
2025411600767,2025,411600767,1,1,1,1,58,9,3,0,0,0,0,0,19,5,E01001677,3,1,0,1,4,0
2025440484697,2025,440484697,1,1,1,2,22,5,3,0,0,0,0,0,33,1,E01017039,3,1,0,1,1,1
2025010560306,2025,010560306,1,1,1,1,27,6,3,0,0,0,0,0,1,3,E01001445,3,1,0,1,2,0
2025471565196,2025,471565196,1,1,1,1,19,4,3,0,0,0,0,0,1,5,E01021064,3,1,0,1,3,0
2025041646633,2025,041646633,1,1,1,1,22,5,2,0,0,0,0,0,2,1,E01012707,5,1,1,0,1,0
2025010571426,2025,010571426,1,1,1,1,24,5,3,0,0,0,0,0,3,2,E01033937,3,1,0,1,2,0
2025010599218,2025,010599218,2,1,1,1,23,5,3,0,0,0,0,0,3,-1,-1,3,1,0,1,-1,0
2025371662083,2025,371662083,2,1,2,1,37,7,2,0,0,2,0,0,8,-1,-1,7,1,1,0,-1,0
202517S306425,2025,17S306425,1,1,1,1,60,9,3,0,0,0,0,0,9,3,E01012057,3,1,0,1,1,0
2025201571243,2025,201571243,2,1,1,1,28,6,3,0,0,0,0,0,9,1,E01008966,3,1,0,1,1,0
2025211550749,2025,211550749,2,1,1,1,48,8,3,0,0,0,0,0,9,-1,-1,3,1,0,1,-1,0
2025430118026,2025,430118026,1,1,1,1,41,7,3,0,0,0,0,0,9,6,E01030482,-1,0,0.03507,0.96493,4,0
2025430181122,2025,430181122,2,1,1,1,58,9,3,0,0,0,0,0,9,9,E01028749,-1,0,0.00391,0.99609,4,0
2025451677552,2025,451677552,2,2,2,2,48,8,3,0,0,1,0,0,9,4,E01001009,3,1,0,1,4,0
2025451681095,2025,451681095,3,1,1,2,54,8,3,0,0,0,0,0,9,5,E01030834,3,1,0,1,1,0
2025461610788,2025,461610788,3,3,1,2,34,6,3,0,0,0,0,0,9,10,E01024817,3,1,0,1,2,0
2025501548991,2025,501548991,2,2,2,2,14,3,3,0,0,2,0,0,9,3,E01018937,3,1,0,1,4,0
2025522501469,2025,522501469,1,1,1,2,35,6,3,0,0,0,0,0,9,4,E01014496,3,1,0,1,3,0
2025531552874,2025,531552874,2,1,1,2,23,5,3,0,0,0,0,0,33,2,E01022131,3,1,0,1,1,1
2025031597565,2025,031597565,1,1,3,1,20,4,3,9,5,0,0,-1,0,2,E01019230,3,1,0,1,4,0
2025522501956,2025,522501956,1,1,1,2,34,6,3,0,0,0,0,0,1,6,E01014531,3,1,0,1,1,0
2025010562346,2025,010562346,1,1,1,1,29,6,3,0,0,0,0,0,3,3,E01003491,3,1,0,1,1,0
2025010592797,2025,010592797,1,1,1,1,24,5,2,0,0,0,0,0,3,4,E01002486,7,1,1,0,4,0
2025122501430,2025,122501430,1,1,2,1,19,4,3,0,0,2,0,0,8,9,E01027665,-1,0,0.0096,0.9904,1,0
2025122500267,2025,122500267,3,1,1,1,49,8,3,0,0,0,0,0,9,8,E01007889,-1,0,0.00624,0.99376,4,0
2025311674938,2025,311674938,2,1,2,2,32,6,3,0,0,2,0,0,9,-1,-1,3,1,0,1,-1,0
2025461636197,2025,461636197,5,5,2,2,80,11,3,0,0,1,0,0,9,7,E01024037,3,1,0,1,1,0
2025471556204,2025,471556204,3,1,1,2,55,8,2,0,0,0,0,0,9,8,E01001134,5,1,1,0,4,0
2025471596086,2025,471596086,2,1,1,2,45,7,3,0,0,0,0,0,9,7,E01035329,3,1,0,1,1,0
2025471639783,2025,471639783,1,1,1,1,84,11,3,0,0,0,0,0,9,7,E01035320,3,1,0,1,4,0
2025451578444,2025,451578444,1,4,2,1,20,4,3,0,0,1,0,0,19,6,E01031406,3,1,0,1,4,0
2025161650358,2025,161650358,4,1,1,1,61,9,3,0,0,0,0,0,9,6,E01013048,3,1,0,1,1,0
2025311542468,2025,311542468,2,1,1,2,21,5,2,0,0,0,0,0,9,2,E01013957,7,1,1,0,1,0
2025371649437,2025,371649437,1,1,1,2,68,10,3,0,0,0,0,0,9,5,E01030001,3,1,0,1,1,0
2025451549128,2025,451549128,1,2,2,1,18,4,3,0,0,1,0,0,9,3,E01023357,3,1,0,1,4,0
2025461555578,2025,461555578,2,3,2,1,8,2,3,0,0,2,0,0,9,-1,-1,3,1,0,1,-1,0
2025471538362,2025,471538362,1,2,2,2,18,4,3,0,0,1,0,0,9,5,E01003142,3,1,0,1,4,0
2025522600607,2025,522600607,1,1,1,2,51,8,3,0,0,0,0,0,9,7,E01032680,3,1,0,1,4,0
2025610027725,2025,610027725,2,1,1,2,41,7,3,0,0,1,0,0,9,-1,-1,-1,0,0.04373,0.95627,-1,0
2025141564627,2025,141564627,1,1,1,1,52,8,3,0,0,0,0,0,21,3,E01009626,3,1,0,1,5,0
2025201653704,2025,201653704,1,2,1,1,65,9,2,0,0,0,0,0,21,9,E01027264,6,1,1,0,4,0
2025201555544,2025,201555544,1,1,3,2,49,8,3,5,1,0,0,-1,0,2,E01010019,3,1,0,1,1,0
2025430005015,2025,430005015,1,1,3,2,16,4,3,6,9,0,0,-1,0,10,E01016245,3,1,0,1,1,0
2025010561545,2025,010561545,2,1,1,1,46,8,2,0,0,0,0,0,19,4,E01000736,5,1,1,0,2,0
2025010568255,2025,010568255,1,1,1,1,38,7,3,0,0,0,0,0,9,2,E01015976,3,1,0,1,3,0
2025031569882,2025,031569882,3,2,1,1,34,6,3,0,0,0,0,0,9,2,-1,3,1,0,1,5,0
2025332500024,2025,332500024,1,1,1,1,23,5,2,0,0,0,0,0,9,6,E01035102,5,1,1,0,3,0
2025371675928,2025,371675928,3,1,1,1,-1,-1,3,0,0,0,0,0,9,-1,-1,3,1,0,1,-1,0
2025451677552,2025,451677552,2,1,1,1,44,7,3,0,0,0,0,0,9,6,E01004086,3,1,0,1,4,0
2025991541027,2025,991541027,1,1,2,2,67,10,3,0,0,1,0,0,9,8,-1,3,1,0,1,3,0
2025010576800,2025,010576800,1,1,1,1,31,6,3,0,0,0,0,0,1,3,E01033946,-1,0,0,1,2,0
2025211667440,2025,211667440,1,1,3,1,5,1,2,5,4,0,0,-1,0,7,E01029719,7,1,1,0,1,0
2025231660322,2025,231660322,1,1,3,1,54,8,3,10,3,0,0,-1,0,8,E01035015,3,1,0,1,1,0
2025041596092,2025,041596092,2,1,1,1,38,7,3,0,0,0,0,0,1,4,E01024975,3,1,0,1,2,0
2025991599012,2025,991599012,2,1,1,1,49,8,2,0,0,0,0,0,1,8,-1,6,1,1,0,2,0
2025401651278,2025,401651278,2,2,2,2,5,1,3,0,0,1,0,0,9,5,E01023782,3,1,0,1,4,0
2025440484597,2025,440484597,4,7,2,2,9,2,3,0,0,2,0,0,9,7,E01029055,3,1,0,1,5,0
2025991544730,2025,991544730,2,1,1,1,35,6,3,0,0,0,0,0,9,2,-1,3,1,0,1,2,0
2025010578013,2025,010578013,1,1,1,2,55,8,3,0,0,0,0,0,1,9,E01000971,3,1,0,1,1,0
2025451555627,2025,451555627,1,1,1,1,32,6,3,0,0,0,0,0,3,9,E01004683,3,1,0,1,4,0
2025201641546,2025,201641546,2,2,2,1,50,8,3,0,0,1,0,0,9,1,E01009141,3,1,0,1,1,0
2025351655533,2025,351655533,2,2,2,2,11,3,2,0,0,2,0,0,9,10,E01018256,7,1,1,0,1,0
2025421652061,2025,421652061,2,2,1,1,46,8,3,0,0,0,0,0,9,8,E01021405,3,1,0,1,2,0
202560C148872,2025,60C148872,2,2,1,2,17,4,2,0,0,0,0,0,9,-1,-1,-1,0,1,0,-1,0
2025622500238,2025,622500238,1,4,2,1,17,4,3,0,0,2,0,0,9,-1,-1,-1,0,0.05618,0.94382,-1,0
2025161633338,2025,161633338,1,1,1,1,30,6,3,0,0,0,0,0,19,7,E01013289,3,1,0,1,1,0
2025501556110,2025,501556110,2,1,1,1,49,8,3,0,0,0,0,0,19,4,E01018866,3,1,0,1,3,0
2025430335776,2025,430335776,2,1,1,2,32,6,3,0,0,0,0,0,1,10,E01028563,-1,0,0.0084,0.9916,1,0
2025542167525,2025,542167525,2,1,1,1,43,7,2,0,0,0,0,0,1,5,E01015587,-1,0,1,0,1,0
2025041580007,2025,041580007,2,1,1,1,17,4,3,0,0,0,0,0,3,7,E01025199,3,1,0,1,1,0
2025052501970,2025,052501970,3,1,1,1,36,7,3,0,0,0,0,0,9,1,E01006957,-1,0,0.01777,0.98223,2,0
2025340WN2842,2025,340WN2842,2,1,1,1,25,5,3,0,0,0,0,0,9,4,E01017666,3,1,0,1,4,0
2025430569967,2025,430569967,1,3,1,2,22,5,2,0,0,0,0,0,9,8,E01017704,7,1,1,0,3,0
2025440494396,2025,440494396,2,2,2,1,55,8,3,0,0,1,0,0,9,-1,-1,3,1,0,1,-1,0
2025461613194,2025,461613194,1,1,1,2,29,6,3,0,0,0,0,0,9,2,E01024306,3,1,0,1,1,0
2025531564857,2025,531564857,2,1,1,2,26,6,3,0,0,0,0,0,9,7,E01034801,3,1,0,1,2,0
2025610030825,2025,610030825,1,1,1,1,38,7,3,0,0,1,0,0,9,-1,-1,-1,0,0.01518,0.98482,-1,0
2025010584332,2025,010584332,1,2,2,-1,-1,-1,3,0,0,1,0,0,9,8,E01000678,3,1,0,1,2,0
2025041605556,2025,041605556,2,1,1,2,30,6,3,0,0,0,0,0,9,1,E01025083,3,1,0,1,1,0
2025131541649,2025,131541649,1,2,1,2,18,4,3,0,0,0,0,0,9,3,E01011267,3,1,0,1,2,0
2025421597517,2025,421597517,1,2,2,1,16,4,3,0,0,2,0,0,9,4,E01022034,3,1,0,1,3,0
2025461566917,2025,461566917,2,1,2,1,13,3,3,0,0,2,0,0,9,5,E01024342,3,1,0,1,1,0
2025531646626,2025,531646626,1,2,2,2,19,4,3,0,0,1,0,0,9,9,E01022195,3,1,0,1,3,0
2025501544270,2025,501544270,2,1,1,2,34,6,3,0,0,0,0,0,1,3,E01020095,3,1,0,1,1,0
2025201653704,2025,201653704,2,1,1,1,63,9,3,0,0,0,0,0,21,3,E01004774,3,1,0,1,5,0
2025010615316,2025,010615316,1,1,1,1,19,4,3,0,0,0,0,0,3,2,E01002852,3,1,0,1,1,0
2025440437647,2025,440437647,2,1,1,1,44,7,2,0,0,0,0,0,3,6,E01035442,7,1,1,0,2,0
2025501659468,2025,501659468,1,1,3,1,87,11,2,5,3,0,0,-1,0,2,E01018996,5,1,1,0,1,0
2025010557515,2025,010557515,1,1,1,1,30,6,2,0,0,0,0,0,19,-1,-1,6,1,1,0,-1,0
2025131583905,2025,131583905,1,1,2,1,9,2,3,0,0,1,0,0,9,10,E01034976,3,1,0,1,3,0
2025401651278,2025,401651278,2,1,1,1,45,7,3,0,0,0,0,0,9,5,E01023782,3,1,0,1,4,0
2025430526381,2025,430526381,3,1,1,2,70,10,3,0,0,0,0,0,9,9,E01002450,3,1,0,1,3,0
2025451620513,2025,451620513,1,1,1,1,28,6,3,0,0,0,0,0,9,7,E01030858,3,1,0,1,1,0
2025461564063,2025,461564063,2,1,1,1,42,7,3,0,0,0,0,0,9,4,E01024587,3,1,0,1,4,0
2025010609754,2025,010609754,1,1,3,2,3,1,3,6,9,0,0,-1,0,5,E01002240,3,1,0,1,1,0
2025501569520,2025,501569520,1,1,3,1,16,4,2,5,3,0,0,-1,0,6,E01018821,7,1,1,0,1,0
2025041661257,2025,041661257,1,1,1,2,61,9,3,0,0,0,0,0,9,1,E01012596,3,1,0,1,4,0
2025061615624,2025,061615624,2,2,2,1,17,4,3,0,0,2,0,0,9,3,E01011908,3,1,0,1,4,0
2025201600073,2025,201600073,1,1,1,1,21,5,2,0,0,0,0,0,9,1,E01034924,5,1,1,0,1,0
2025201634324,2025,201634324,2,1,1,2,38,7,3,0,0,0,0,0,9,6,E01009618,3,1,0,1,1,0
2025340NN2342,2025,340NN2342,2,1,1,2,41,7,3,0,0,0,0,0,9,7,E01032963,3,1,0,1,1,0
2025451546754,2025,451546754,1,1,1,1,42,7,3,0,0,0,0,0,9,8,E01030723,3,1,0,1,1,0
2025471553183,2025,471553183,2,1,2,2,32,6,3,0,0,1,0,0,9,5,E01021021,3,1,0,1,1,0
2025471560273,2025,471560273,1,1,1,2,20,4,3,0,0,0,0,0,9,9,E01020944,3,1,0,1,3,0
2025471577335,2025,471577335,2,2,1,1,34,6,3,0,0,0,0,0,9,9,E01023847,3,1,0,1,4,0
2025501556110,2025,501556110,1,3,2,2,31,6,3,0,0,1,0,0,9,4,E01019037,3,1,0,1,4,0
2025531542649,2025,531542649,2,2,2,2,73,10,3,0,0,1,0,0,9,7,E01022376,3,1,0,1,3,0
2025010554883,2025,010554883,1,1,1,2,31,6,3,0,0,0,0,0,1,5,E01004232,-1,0,0,1,1,0
2025010565587,2025,010565587,2,1,1,1,27,6,3,0,0,0,0,0,3,-1,-1,3,1,0,1,-1,0
2025351705264,2025,351705264,2,1,1,1,59,9,2,0,0,0,0,0,5,5,E01018157,7,1,1,0,1,0
2025010607058,2025,010607058,1,2,3,2,5,1,3,7,9,0,0,-1,0,3,E01001508,3,1,0,1,1,0
2025501642922,2025,501642922,1,1,3,2,21,5,3,10,1,0,0,-1,0,2,E01018841,3,1,0,1,1,0
2025010573727,2025,010573727,1,1,1,1,25,5,3,0,0,0,0,0,1,4,E01001932,3,1,0,1,1,0
2025501619086,2025,501619086,1,1,1,1,28,6,3,0,0,0,0,0,3,5,E01020083,3,1,0,1,1,0
2025546777125,2025,546777125,1,1,1,1,20,4,2,0,0,0,0,0,3,2,E01032064,-1,0,1,0,2,0
2025010600947,2025,010600947,1,2,1,1,18,4,2,0,0,0,0,0,9,-1,-1,5,1,1,0,-1,0
2025052501658,2025,052501658,2,1,1,1,34,6,3,0,0,0,0,0,9,1,E01006903,-1,0,0.01349,0.98651,2,0
2025201555354,2025,201555354,2,1,1,2,53,8,3,0,0,0,0,0,9,4,E01008971,3,1,0,1,2,0
2025231684432,2025,231684432,2,1,1,1,52,8,3,0,0,0,0,0,9,8,E01009697,3,1,0,1,3,0
2025351648849,2025,351648849,1,1,1,2,33,6,3,0,0,0,0,0,9,7,E01021913,3,1,0,1,5,0
2025440548191,2025,440548191,1,1,1,1,81,11,3,0,0,0,0,0,9,10,E01022987,3,1,0,1,1,0
2025501548967,2025,501548967,1,1,1,1,68,10,3,0,0,0,0,0,9,4,E01031426,3,1,0,1,5,0
2025520600578,2025,520600578,2,1,1,2,87,11,2,0,0,0,0,0,9,7,E01022087,6,1,1,0,5,0
2025540513125,2025,540513125,2,3,1,2,37,7,3,0,0,0,0,0,9,3,E01015477,-1,0,0.01242,0.98758,2,0
2025610031425,2025,610031425,2,1,1,1,71,10,2,0,0,1,0,0,9,-1,-1,-1,0,1,0,-1,0
2025991569002,2025,991569002,2,1,1,2,38,7,3,0,0,0,0,0,9,-1,-1,3,1,0,1,-1,0
2025991597305,2025,991597305,1,1,1,1,61,9,3,0,0,0,0,0,9,10,-1,3,1,0,1,2,0
2025010562183,2025,010562183,1,1,3,2,12,3,3,5,1,0,0,-1,0,5,E01002671,3,1,0,1,1,0
2025201570957,2025,201570957,1,2,3,2,22,5,3,8,1,0,0,-1,0,5,E01034037,3,1,0,1,5,0
2025052502217,2025,052502217,2,1,1,1,43,7,3,0,0,0,0,0,1,3,E01006433,-1,0,0.02793,0.97207,1,0
2025131605460,2025,131605460,2,2,1,1,46,8,3,0,0,0,0,0,9,9,E01018365,3,1,0,1,5,0
2025451564689,2025,451564689,1,1,1,2,30,6,3,0,0,0,0,0,9,8,E01016614,3,1,0,1,4,0
2025461562139,2025,461562139,1,2,1,1,22,5,3,0,0,0,0,0,9,10,E01024469,3,1,0,1,2,0
2025461582396,2025,461582396,1,2,2,1,33,6,3,0,0,1,0,0,9,4,E01035307,3,1,0,1,3,0
2025520600578,2025,520600578,2,2,2,1,90,11,2,0,0,1,0,0,9,7,E01022087,6,1,1,0,5,0
2025522600607,2025,522600607,3,2,1,1,72,10,3,0,0,0,0,0,9,6,E01014531,3,1,0,1,3,0
2025622500573,2025,622500573,1,1,1,1,29,6,3,0,0,0,0,0,9,-1,-1,-1,0,0.03328,0.96672,-1,0
2025161558727,2025,161558727,2,1,1,1,68,10,1,0,0,0,0,0,9,10,E01013089,1,1,0,0,3,0
2025201548849,2025,201548849,1,1,1,2,58,9,3,0,0,0,0,0,9,-1,-1,3,1,0,1,-1,0
2025421597517,2025,421597517,1,3,1,1,17,4,3,0,0,0,0,0,9,6,E01022052,3,1,0,1,1,0
2025451608191,2025,451608191,1,2,1,2,37,7,2,0,0,0,0,0,9,6,E01024830,7,1,1,0,4,0
2025501569250,2025,501569250,1,1,1,1,68,10,3,0,0,0,0,0,9,1,E01018767,3,1,0,1,4,0
2025451653973,2025,451653973,2,1,1,1,18,4,2,0,0,0,0,0,3,10,E01035360,6,1,1,0,1,0
2025010571975,2025,010571975,1,1,3,1,72,10,3,1,1,0,0,0,0,6,E01000145,-1,0,0,1,1,0
2025991655854,2025,991655854,3,3,2,1,21,5,3,0,0,1,0,0,19,5,-1,3,1,0,1,1,0
2025991711536,2025,991711536,1,1,1,1,40,7,3,0,0,0,0,0,19,7,-1,3,1,0,1,3,0
2025010614115,2025,010614115,1,1,3,2,40,7,3,8,1,0,0,-1,0,2,E01003503,3,1,0,1,1,0
2025221599689,2025,221599689,1,1,3,1,7,2,2,4,4,0,0,-1,0,5,E01014009,7,1,1,0,4,0
2025010563801,2025,010563801,1,1,1,1,27,6,2,0,0,0,0,0,1,3,E01003160,7,1,1,0,2,0
2025351567508,2025,351567508,2,1,1,1,33,6,3,0,0,0,0,0,1,8,E01035519,3,1,0,1,1,0
2025371578905,2025,371578905,2,1,1,1,11,3,3,0,0,0,0,0,1,8,E01029997,3,1,0,1,1,0
2025131665398,2025,131665398,2,1,1,1,17,4,3,0,0,0,0,0,2,2,E01011805,3,1,0,1,2,0
2025010560717,2025,010560717,1,1,1,1,27,6,3,0,0,0,0,0,3,3,E01000901,3,1,0,1,1,0
2025302501569,2025,302501569,2,1,1,1,18,4,3,0,0,0,0,0,3,2,E01019498,3,1,0,1,1,0
2025041582533,2025,041582533,2,1,1,2,40,7,3,0,0,0,0,0,9,3,E01025213,3,1,0,1,1,0
2025401668360,2025,401668360,2,2,2,1,19,4,3,0,0,2,0,0,9,2,E01033603,3,1,0,1,4,0
2025421591565,2025,421591565,1,1,1,1,85,11,2,0,0,0,0,0,9,5,E01021769,6,1,1,0,4,0
2025421680762,2025,421680762,2,2,1,1,61,9,3,0,0,0,0,0,9,7,E01021801,3,1,0,1,1,0
2025451616600,2025,451616600,3,1,1,1,20,4,3,0,0,0,0,0,9,9,E01002953,3,1,0,1,3,0
2025461677115,2025,461677115,2,2,2,2,8,2,3,0,0,2,0,0,9,4,E01024492,3,1,0,1,1,0
2025522601065,2025,522601065,2,1,1,2,47,8,3,0,0,0,0,0,9,2,E01014685,3,1,0,1,1,0
2025522500788,2025,522500788,1,1,1,1,46,8,3,0,0,0,0,0,19,9,W01001714,3,1,0,1,4,0
2025461562139,2025,461562139,2,1,1,1,47,8,3,0,0,0,0,0,21,7,E01021650,3,1,0,1,4,0
2025471548634,2025,471548634,1,1,3,1,-1,-1,3,9,5,0,0,-1,0,-1,-1,3,1,0,1,-1,0
2025522600037,2025,522600037,2,1,1,1,79,11,2,0,0,0,0,0,1,6,E01035214,7,1,1,0,1,0
2025201632421,2025,201632421,2,1,1,2,85,11,3,0,0,0,0,0,9,5,E01010513,3,1,0,1,1,0
2025201640524,2025,201640524,1,1,1,1,34,6,3,0,0,0,0,0,9,5,E01009798,3,1,0,1,3,0
2025361606397,2025,361606397,2,3,2,2,65,9,3,0,0,1,0,0,9,7,E01026593,3,1,0,1,3,0
2025451577499,2025,451577499,2,2,1,2,80,11,3,0,0,0,0,0,9,10,E01030937,3,1,0,1,2,0
2025501674472,2025,501674472,1,2,1,1,83,11,2,0,0,0,0,0,9,4,E01018843,5,1,1,0,1,0
2025991567269,2025,991567269,2,1,2,2,38,7,3,0,0,1,0,0,9,7,-1,3,1,0,1,1,0
2025401595627,2025,401595627,2,2,2,2,87,11,3,0,0,0,4,0,11,7,E01015803,3,1,0,1,1,0
2025070881191,2025,070881191,3,2,1,1,29,6,3,0,0,0,0,0,19,5,E01018483,3,1,0,1,1,0
2025061564244,2025,061564244,1,1,3,2,12,3,2,6,9,0,0,-1,0,6,E01011076,7,1,1,0,2,0
2025451547436,2025,451547436,1,1,3,2,62,9,3,8,1,0,0,-1,0,9,E01030340,3,1,0,1,1,0
2025010581576,2025,010581576,2,1,1,1,23,5,3,0,0,0,0,0,1,6,E01002788,3,1,0,1,1,0
2025010559187,2025,010559187,2,1,1,1,44,7,3,0,0,0,0,0,3,3,E01000731,-1,0,0,1,1,0
2025340WN3102,2025,340WN3102,2,1,1,1,25,5,3,0,0,0,0,0,3,2,E01027161,3,1,0,1,1,0
2025201587457,2025,201587457,1,1,1,1,44,7,2,0,0,0,0,0,5,9,E01025133,7,1,1,0,5,0
2025010553386,2025,010553386,2,2,1,1,55,8,3,0,0,0,0,0,9,8,E01000225,-1,0,0,1,3,0
2025111613254,2025,111613254,3,1,1,2,49,8,2,0,0,0,0,0,9,-1,-1,7,1,1,0,-1,0
202517S306425,2025,17S306425,2,2,2,2,60,9,3,0,0,1,0,0,9,3,E01012057,3,1,0,1,1,0
2025201561009,2025,201561009,2,2,1,1,89,11,3,0,0,0,0,0,9,1,E01009297,3,1,0,1,2,0
2025351604817,2025,351604817,2,2,2,2,10,2,3,0,0,2,0,0,9,7,E01007503,3,1,0,1,5,0
2025531646626,2025,531646626,1,1,1,2,20,4,2,0,0,0,0,0,9,9,E01012514,7,1,1,0,5,0
2025540513125,2025,540513125,1,1,1,2,33,6,3,0,0,0,0,0,9,8,E01031964,-1,0,0.04679,0.95321,1,0
2025010599360,2025,010599360,1,1,2,2,62,9,3,0,0,0,3,0,11,2,E01001971,3,1,0,1,3,0
2025461640200,2025,461640200,2,1,1,1,60,9,2,0,0,0,0,0,19,9,E01024834,7,1,1,0,3,0
2025010568715,2025,010568715,1,1,1,2,59,9,3,0,0,0,0,0,1,4,E01000477,-1,0,0,1,1,0
2025440148057,2025,440148057,1,1,1,2,24,5,3,0,0,0,0,0,1,10,E01022981,-1,0,0,1,2,0
2025041667531,2025,041667531,2,1,1,1,63,9,3,0,0,0,0,0,3,3,E01025376,3,1,0,1,1,0
2025010566167,2025,010566167,1,1,1,2,32,6,3,0,0,0,0,0,9,3,E01003950,3,1,0,1,1,0
2025010567989,2025,010567989,1,1,1,1,33,6,3,0,0,0,0,0,9,7,E01002144,3,1,0,1,1,0
2025101618211,2025,101618211,2,1,1,1,23,5,3,0,0,0,0,0,9,-1,-1,3,1,0,1,-1,0
2025141631229,2025,141631229,1,1,1,2,34,6,3,0,0,0,0,0,9,2,E01007514,3,1,0,1,3,0
2025201567672,2025,201567672,2,1,1,1,39,7,3,0,0,0,0,0,9,1,E01009080,3,1,0,1,2,0
2025201675994,2025,201675994,2,2,2,1,15,3,3,0,0,1,0,0,9,10,E01010199,3,1,0,1,4,0
2025311649166,2025,311649166,3,1,1,1,74,10,3,0,0,0,0,0,9,9,E01028421,3,1,0,1,2,0
2025351563165,2025,351563165,2,2,1,2,26,6,3,0,0,0,0,0,9,6,E01035515,3,1,0,1,1,0
2025401670996,2025,401670996,1,1,1,2,53,8,3,0,0,0,0,0,9,1,E01013165,3,1,0,1,5,0
2025501573860,2025,501573860,1,1,1,2,76,11,3,0,0,0,0,0,9,5,E01020308,3,1,0,1,3,0
2025991576857,2025,991576857,2,1,1,1,44,7,3,0,0,0,0,0,9,-1,-1,3,1,0,1,-1,0
2025041609174,2025,041609174,1,1,1,2,74,10,2,0,0,0,0,0,22,1,E01012680,7,1,1,0,1,0
2025471579323,2025,471579323,1,1,1,1,30,6,2,0,0,0,0,0,33,1,E01016915,7,1,1,0,1,1
2025010560417,2025,010560417,1,1,1,1,42,7,3,0,0,0,0,0,1,7,E01003407,3,1,0,1,2,0
2025010574271,2025,010574271,2,1,1,1,18,4,3,0,0,0,0,0,1,3,E01004584,3,1,0,1,1,0
2025041610296,2025,041610296,1,1,1,2,21,5,3,0,0,0,0,0,9,2,E01012605,3,1,0,1,1,0
2025052600007,2025,052600007,1,1,1,1,73,10,3,0,0,0,0,0,9,5,E01007152,-1,0,0.06747,0.93253,1,0
2025201602971,2025,201602971,2,1,1,1,28,6,3,0,0,0,0,0,9,-1,-1,3,1,0,1,-1,0
2025991592446,2025,991592446,2,1,1,1,29,6,3,0,0,0,0,0,19,7,-1,3,1,0,1,4,0
2025211542714,2025,211542714,2,2,1,1,41,7,3,0,0,0,0,0,20,6,E01029401,3,1,0,1,3,0
2025010557726,2025,010557726,1,1,3,1,38,7,3,8,2,0,0,-1,0,8,E01004651,3,1,0,1,1,0
2025010601848,2025,010601848,1,1,3,1,44,7,2,5,1,0,0,-1,0,5,E01000589,6,1,1,0,4,0
2025361551969,2025,361551969,1,1,3,2,57,9,3,10,3,0,0,-1,0,3,E01026786,3,1,0,1,3,0
2025501586502,2025,501586502,1,1,3,2,14,3,3,6,8,0,0,-1,0,5,E01020122,3,1,0,1,1,0
2025610047425,2025,610047425,1,1,3,2,13,3,2,5,1,0,0,1,0,-1,-1,-1,0,1,0,-1,0
2025010561029,2025,010561029,1,1,1,1,27,6,3,0,0,0,0,0,1,6,E01003398,3,1,0,1,1,0
2025010581694,2025,010581694,1,1,1,1,31,6,2,0,0,0,0,0,1,3,E01000090,7,1,1,0,1,0
2025010607123,2025,010607123,2,1,1,1,28,6,3,0,0,0,0,0,1,3,E01004235,3,1,0,1,1,0
2025471553636,2025,471553636,2,1,1,1,40,7,2,0,0,0,0,0,3,6,E01016850,6,1,1,0,1,0
2025471577431,2025,471577431,1,1,1,1,25,5,3,0,0,0,0,0,4,7,E01021053,3,1,0,1,2,0
2025010568693,2025,010568693,1,1,1,1,61,9,3,0,0,0,0,0,9,10,E01004087,3,1,0,1,1,0
2025052501771,2025,052501771,2,1,1,2,48,8,3,0,0,0,0,0,9,4,E01006501,-1,0,0.00207,0.99793,1,0
2025101609918,2025,101609918,2,1,1,2,47,8,2,0,0,0,0,0,9,6,E01008387,5,1,1,0,2,0
2025201641546,2025,201641546,2,1,1,2,40,7,3,0,0,0,0,0,9,1,E01009141,3,1,0,1,1,0
2025231584780,2025,231584780,1,1,1,1,26,6,3,0,0,0,0,0,9,10,E01031111,3,1,0,1,1,0
2025351588689,2025,351588689,1,1,1,1,43,7,3,0,0,0,0,0,9,6,E01018061,3,1,0,1,3,0
2025351642680,2025,351642680,1,1,1,1,49,8,3,0,0,0,0,0,9,10,E01023587,3,1,0,1,4,0
2025010561543,2025,010561543,3,2,2,1,14,3,3,0,0,0,4,0,11,6,E01003026,-1,0,0,1,1,0
2025010572615,2025,010572615,1,1,1,1,27,6,3,0,0,0,0,0,9,1,E01009753,3,1,0,1,5,0
2025221582861,2025,221582861,1,1,2,1,27,6,3,0,0,1,0,0,9,2,E01009315,3,1,0,1,4,0
2025332500291,2025,332500291,1,1,2,1,49,8,3,0,0,1,0,0,9,8,E01027634,3,1,0,1,5,0
2025351594824,2025,351594824,1,1,1,1,26,6,3,0,0,0,0,0,9,2,E01008338,3,1,0,1,5,0
2025440239411,2025,440239411,1,2,2,1,39,7,3,0,0,1,0,0,9,3,E01031455,-1,0,0,1,4,0
2025440494396,2025,440494396,2,1,1,2,50,8,3,0,0,0,0,0,9,8,E01022615,3,1,0,1,1,0
2025451653050,2025,451653050,1,1,2,1,17,4,2,0,0,2,0,0,9,6,E01034290,7,1,1,0,1,0
2025471538350,2025,471538350,3,1,1,1,70,10,3,0,0,0,0,0,9,9,E01031683,3,1,0,1,1,0
2025010605511,2025,010605511,2,1,1,1,22,5,3,0,0,0,0,0,1,7,E01001587,3,1,0,1,1,0
2025471632862,2025,471632862,2,1,1,1,37,7,3,0,0,0,0,0,1,5,E01021008,3,1,0,1,1,0
2025010564352,2025,010564352,1,1,1,1,31,6,2,0,0,0,0,0,4,3,E01003625,7,1,1,0,2,0
2025010608539,2025,010608539,1,1,3,2,66,10,2,4,3,0,0,-1,0,5,E01004698,5,1,1,0,1,0
2025631679220,2025,631679220,1,1,3,1,29,6,3,9,5,0,0,-1,0,4,W01000438,3,1,0,1,1,0
2025010582180,2025,010582180,1,1,3,1,13,3,3,1,1,0,0,-1,0,2,E01004340,3,1,0,1,1,0
2025451593103,2025,451593103,1,1,3,1,89,11,2,1,1,0,0,-1,0,10,E01030445,6,1,1,0,1,0
2025631570770,2025,631570770,1,1,3,1,40,7,3,9,9,0,0,-1,0,9,W01000466,3,1,0,1,4,0
2025010572031,2025,010572031,2,1,1,2,47,8,2,0,0,0,0,0,1,3,E01032583,7,1,1,0,1,0
2025010593074,2025,010593074,1,1,1,1,69,10,3,0,0,0,0,0,1,6,E01002834,3,1,0,1,1,0
2025010568887,2025,010568887,2,2,2,1,17,4,2,0,0,0,0,0,3,1,E01001013,-1,0,1,0,1,0
2025231645218,2025,231645218,1,1,1,1,26,6,3,0,0,0,0,0,5,6,E01031221,3,1,0,1,1,0
2025010582226,2025,010582226,1,1,1,2,24,5,3,0,0,0,0,0,9,2,E01001560,3,1,0,1,4,0
2025041627512,2025,041627512,2,1,1,1,61,9,3,0,0,0,0,0,9,7,E01024984,3,1,0,1,1,0
2025211550985,2025,211550985,1,1,1,1,18,4,3,0,0,0,0,0,9,4,E01010254,3,1,0,1,1,0
2025231663510,2025,231663510,3,1,1,2,24,5,3,0,0,0,0,0,9,1,E01035017,3,1,0,1,1,0
2025451621729,2025,451621729,1,1,1,2,50,8,2,0,0,0,0,0,9,3,E01002610,7,1,1,0,2,0
2025501660824,2025,501660824,2,1,1,2,65,9,3,0,0,0,0,0,9,7,E01019058,3,1,0,1,1,0
2025991676932,2025,991676932,2,2,2,2,7,2,3,0,0,2,0,0,9,4,-1,3,1,0,1,1,0
2025010578894,2025,010578894,2,2,1,1,27,6,3,0,0,0,0,0,9,2,E01033485,3,1,0,1,1,0
2025131638812,2025,131638812,2,1,1,2,44,7,3,0,0,0,0,0,9,1,E01011466,3,1,0,1,1,0
2025340WN5052,2025,340WN5052,2,1,1,1,65,9,3,0,0,0,0,0,9,3,E01017514,3,1,0,1,4,0
2025430254891,2025,430254891,1,1,1,1,28,6,3,0,0,0,0,0,9,8,E01016711,-1,0,0.01828,0.98172,1,0
2025430498159,2025,430498159,2,1,1,1,34,6,3,0,0,0,0,0,9,9,E01028444,-1,0,0.00218,0.99782,1,0
2025461555578,2025,461555578,2,4,2,1,10,2,3,0,0,2,0,0,9,-1,-1,3,1,0,1,-1,0
2025430263047,2025,430263047,2,1,1,1,42,7,3,0,0,0,0,0,1,8,E01032951,-1,0,0.02023,0.97977,1,0
2025531617698,2025,531617698,2,2,1,1,32,6,1,0,0,0,0,0,21,5,E01026283,1,1,0,0,5,0
2025631584691,2025,631584691,2,1,1,1,27,6,3,0,0,0,0,0,21,6,W01000575,3,1,0,1,5,0
2025071013339,2025,071013339,1,1,3,1,40,7,3,10,3,0,0,-1,0,7,E01012554,3,1,0,1,1,0
2025161620450,2025,161620450,1,1,3,1,25,5,2,1,1,0,0,-1,0,4,E01003216,6,1,1,0,5,0
2025522600635,2025,522600635,1,1,3,1,58,9,2,1,1,0,0,-1,0,6,E01013710,6,1,1,0,5,0
2025031611726,2025,031611726,2,1,1,1,65,9,3,0,0,0,0,0,9,9,E01004789,3,1,0,1,5,0
2025041631266,2025,041631266,2,1,1,2,53,8,3,0,0,0,0,0,9,6,E01024860,3,1,0,1,1,0
2025122600432,2025,122600432,1,1,1,2,38,7,3,0,0,0,0,0,9,9,E01027567,-1,0,0.00978,0.99022,1,0
2025201567943,2025,201567943,2,2,2,2,27,6,3,0,0,1,0,0,9,3,E01010127,3,1,0,1,2,0
2025501546463,2025,501546463,1,1,1,1,36,7,3,0,0,0,0,0,9,6,E01018821,3,1,0,1,5,0
2025520600601,2025,520600601,2,4,2,1,38,7,3,0,0,2,0,0,9,4,E01018815,3,1,0,1,5,0
2025520600601,2025,520600601,1,1,1,2,30,6,3,0,0,0,0,0,9,6,E01020007,3,1,0,1,4,0
2025991555779,2025,991555779,4,2,1,2,34,6,3,0,0,0,0,0,9,5,-1,3,1,0,1,4,0
2025991626173,2025,991626173,1,2,2,2,52,8,3,0,0,1,0,0,9,9,-1,3,1,0,1,4,0
2025991626173,2025,991626173,1,1,2,2,13,3,3,0,0,2,0,0,9,9,-1,3,1,0,1,4,0
2025010580600,2025,010580600,2,1,1,1,27,6,3,0,0,0,0,0,1,5,E01004612,3,1,0,1,1,0
2025541672819,2025,541672819,1,1,1,1,74,10,2,0,0,0,0,0,1,8,E01031940,7,1,1,0,1,0
2025501548991,2025,501548991,1,3,1,1,57,9,3,0,0,0,0,0,20,6,E01015250,3,1,0,1,4,0
2025522501813,2025,522501813,1,1,1,1,21,5,2,0,0,0,0,0,3,1,E01014654,7,1,1,0,1,0
2025061565455,2025,061565455,1,1,1,1,22,5,2,0,0,0,0,0,4,-1,-1,7,1,1,0,-1,0
2025451567670,2025,451567670,1,1,1,1,61,9,3,0,0,0,0,0,5,8,E01030577,3,1,0,1,1,0
2025010597833,2025,010597833,1,1,3,2,44,7,3,5,2,0,0,-1,0,3,E01002781,3,1,0,1,1,0
2025052500150,2025,052500150,1,1,3,1,48,8,3,9,7,0,0,0,0,1,E01006506,-1,0,0.13543,0.86457,1,0
2025010580545,2025,010580545,2,1,1,1,50,8,3,0,0,0,0,0,1,-1,-1,3,1,0,1,-1,0
2025010604811,2025,010604811,2,1,1,1,22,5,3,0,0,0,0,0,1,3,E01034045,3,1,0,1,1,0
2025010551809,2025,010551809,1,2,2,2,28,6,3,0,0,2,0,0,9,4,E01021831,-1,0,0,1,4,0
2025070835033,2025,070835033,3,1,1,1,22,5,3,0,0,0,0,0,9,9,E01018500,3,1,0,1,3,0
2025161679246,2025,161679246,1,1,1,1,68,10,3,0,0,0,0,0,9,7,E01012207,3,1,0,1,4,0
2025201550563,2025,201550563,2,2,2,2,40,7,3,0,0,1,0,0,9,1,E01009585,3,1,0,1,1,0
2025201667941,2025,201667941,1,1,1,1,21,5,3,0,0,0,0,0,9,1,E01009053,3,1,0,1,1,0
2025211542714,2025,211542714,1,1,1,2,44,7,3,0,0,0,0,0,9,10,E01029862,3,1,0,1,2,0
2025371610472,2025,371610472,1,1,1,2,28,6,3,0,0,0,0,0,9,6,E01026902,3,1,0,1,4,0
2025411603604,2025,411603604,1,1,1,2,22,5,3,0,0,0,0,0,9,3,E01023302,3,1,0,1,2,0
2025421680762,2025,421680762,1,3,2,2,83,11,3,0,0,1,0,0,9,10,E01022085,3,1,0,1,3,0
2025440548191,2025,440548191,1,2,2,2,80,11,3,0,0,1,0,0,9,10,E01022987,3,1,0,1,1,0
2025451543022,2025,451543022,1,1,1,1,49,8,3,0,0,0,0,0,9,3,E01007777,3,1,0,1,5,0
2025451609766,2025,451609766,1,1,1,1,46,8,3,0,0,0,0,0,9,9,E01030997,3,1,0,1,1,0
202560C037996,2025,60C037996,1,1,2,1,22,5,3,0,0,1,0,0,9,-1,-1,-1,0,0.05394,0.94606,-1,0
2025010561786,2025,010561786,1,1,2,1,86,11,3,0,0,0,3,0,11,4,E01001704,3,1,0,1,1,0
2025552501159,2025,552501159,2,1,1,1,48,8,3,0,0,0,0,0,19,6,E01029228,3,1,0,1,2,0
2025351604817,2025,351604817,1,1,2,2,32,6,3,0,0,1,0,0,21,7,E01007503,3,1,0,1,5,0
2025010562810,2025,010562810,1,1,3,1,30,6,3,9,9,0,0,-1,0,7,E01016470,3,1,0,1,4,0
2025010593811,2025,010593811,1,1,3,1,65,9,3,5,3,0,0,-1,0,5,E01003067,3,1,0,1,1,0
2025010579866,2025,010579866,2,1,1,1,39,7,2,0,0,0,0,0,3,6,E01003433,5,1,1,0,3,0
2025010594813,2025,010594813,2,1,1,1,20,4,3,0,0,0,0,0,3,3,E01003172,3,1,0,1,1,0
2025332500880,2025,332500880,2,1,1,1,22,5,2,0,0,0,0,0,3,2,E01019699,7,1,1,0,2,0
2025421597498,2025,421597498,2,1,1,1,41,7,2,0,0,0,0,0,3,4,E01034371,7,1,1,0,1,0
2025010567463,2025,010567463,1,1,1,2,36,7,3,0,0,0,0,0,9,2,E01001978,-1,0,0,1,1,0
2025131658508,2025,131658508,1,1,1,1,71,10,3,0,0,0,0,0,9,2,E01011137,3,1,0,1,1,0
2025231584780,2025,231584780,2,4,2,1,77,11,3,0,0,1,0,0,9,5,E01025818,3,1,0,1,1,0
2025361583356,2025,361583356,1,1,1,1,23,5,3,0,0,0,0,0,9,6,E01026637,3,1,0,1,2,0
2025501551107,2025,501551107,2,2,1,1,49,8,3,0,0,0,0,0,9,8,E01015141,3,1,0,1,4,0
2025991555779,2025,991555779,2,1,1,2,24,5,3,0,0,0,0,0,9,1,-1,3,1,0,1,2,0
2025010563188,2025,010563188,2,2,1,2,43,7,3,0,0,0,0,0,9,1,E01003290,3,1,0,1,1,0
2025302501949,2025,302501949,2,1,2,2,76,11,3,0,0,1,0,0,9,5,E01019639,3,1,0,1,1,0
2025302501949,2025,302501949,2,2,2,1,76,11,3,0,0,2,0,0,9,5,E01019639,3,1,0,1,1,0
2025361544528,2025,361544528,2,1,1,1,22,5,3,0,0,0,0,0,9,7,E01026593,3,1,0,1,3,0
2025371646595,2025,371646595,2,2,2,2,60,9,2,0,0,1,0,0,9,6,E01030099,6,1,1,0,1,0
2025501556110,2025,501556110,1,2,1,2,55,8,3,0,0,0,0,0,9,4,E01019037,3,1,0,1,4,0
2025991553495,2025,991553495,1,1,2,1,63,9,3,0,0,0,0,0,20,3,-1,3,1,0,1,2,0
2025522600592,2025,522600592,1,1,1,1,59,9,3,0,0,0,0,0,5,3,E01014841,3,1,0,1,1,0
2025991589688,2025,991589688,1,1,3,1,51,8,3,9,5,0,0,-1,0,10,-1,3,1,0,1,1,0
2025451575384,2025,451575384,1,1,1,1,54,8,3,0,0,0,0,0,19,4,E01001167,3,1,0,1,3,0
2025401595627,2025,401595627,2,4,2,1,24,5,3,0,0,0,4,0,11,4,E01015804,3,1,0,1,1,0
2025041598174,2025,041598174,2,2,1,2,55,8,3,0,0,0,0,0,9,8,E01025241,3,1,0,1,3,0
2025161627321,2025,161627321,1,2,2,1,18,4,3,0,0,1,0,0,9,8,E01013053,3,1,0,1,1,0
2025351655533,2025,351655533,2,1,2,1,6,2,2,0,0,2,0,0,9,10,E01018256,7,1,1,0,1,0
2025501615282,2025,501615282,1,1,2,2,44,7,3,0,0,1,0,0,9,3,E01020131,3,1,0,1,1,0
2025141653459,2025,141653459,2,1,1,1,65,9,3,0,0,0,0,0,3,1,E01008118,3,1,0,1,1,0
2025440184037,2025,440184037,1,1,1,1,65,9,2,0,0,0,0,0,3,3,E01017325,-1,0,0.95434,0.04566,1,0
2025010560132,2025,010560132,1,1,3,2,22,5,2,1,1,0,0,-1,0,5,E01004750,7,1,1,0,1,0
2025041593083,2025,041593083,1,1,3,1,12,3,3,5,1,0,0,-1,0,9,E01025569,3,1,0,1,1,0
2025052500911,2025,052500911,1,1,3,2,29,6,3,5,9,0,0,0,0,1,E01006735,-1,0,0.10006,0.89994,2,0
2025211567660,2025,211567660,1,1,3,1,49,8,3,10,5,0,0,-1,0,7,E01023150,3,1,0,1,5,0
2025361645939,2025,361645939,1,1,3,1,31,6,3,10,9,0,0,-1,0,9,E01026503,3,1,0,1,3,0
2025052500455,2025,052500455,1,1,2,1,57,9,2,0,0,0,3,0,11,1,E01007155,-1,0,1,0,1,0
2025010555576,2025,010555576,1,1,1,1,42,7,3,0,0,0,0,0,9,3,E01002634,3,1,0,1,1,0
2025041630975,2025,041630975,2,2,1,1,27,6,3,0,0,0,0,0,9,7,-1,3,1,0,1,5,0
2025141635258,2025,141635258,2,1,1,2,56,9,3,0,0,0,0,0,9,5,E01013297,3,1,0,1,4,0
2025451559470,2025,451559470,1,1,1,1,89,11,3,0,0,0,0,0,9,10,E01030887,3,1,0,1,4,0
2025991567269,2025,991567269,2,2,1,2,38,7,3,0,0,0,0,0,9,7,-1,3,1,0,1,1,0
2025541654325,2025,541654325,2,1,1,1,76,11,3,0,0,0,0,0,1,7,E01015490,3,1,0,1,1,0
2025451543390,2025,451543390,2,1,1,1,19,4,2,0,0,0,0,0,3,5,E01034297,7,1,1,0,1,0
2025231545703,2025,231545703,1,1,1,1,78,11,3,0,0,0,0,0,4,8,E01029486,3,1,0,1,4,0
2025161675495,2025,161675495,1,1,1,1,41,7,3,0,0,0,0,0,19,7,E01026091,3,1,0,1,4,0
2025501604203,2025,501604203,1,1,2,1,55,8,3,0,0,1,0,0,19,10,E01033053,3,1,0,1,5,0
2025010587159,2025,010587159,1,1,2,2,66,10,3,0,0,0,3,0,11,3,E01004734,3,1,0,1,1,0
2025101661499,2025,101661499,1,1,1,1,27,6,3,0,0,0,0,0,9,2,E01032650,3,1,0,1,1,0
2025131541649,2025,131541649,1,3,2,1,16,4,2,0,0,2,0,0,9,5,E01011269,6,1,1,0,2,0
2025211620553,2025,211620553,1,2,2,2,22,5,3,0,0,1,0,0,9,9,E01029779,3,1,0,1,1,0
2025411665955,2025,411665955,2,1,1,2,25,5,2,0,0,0,0,0,9,2,E01015704,7,1,1,0,2,0
2025010558282,2025,010558282,1,1,1,2,33,6,2,0,0,0,0,0,1,3,E01001440,-1,0,1,0,1,0
2025430065050,2025,430065050,2,1,1,1,62,9,2,0,0,0,0,0,5,5,E01016359,-1,0,1,0,2,0
2025471628309,2025,471628309,1,1,1,1,42,7,3,0,0,0,0,0,1,7,E01031368,3,1,0,1,1,0
2025451583189,2025,451583189,1,1,1,1,22,5,2,0,0,0,0,0,5,3,E01002646,7,1,1,0,3,0
2025131544545,2025,131544545,1,1,1,2,49,8,3,0,0,0,0,0,9,7,E01010881,3,1,0,1,2,0
2025471566083,2025,471566083,1,2,2,2,19,4,3,0,0,1,0,0,9,8,E01030528,3,1,0,1,3,0
2025501569874,2025,501569874,1,2,1,2,18,4,3,0,0,0,0,0,9,7,E01020085,3,1,0,1,3,0
2025991677188,2025,991677188,2,1,1,2,17,4,2,0,0,0,0,0,3,7,-1,5,1,1,0,3,0
2025061615624,2025,061615624,2,1,2,1,56,9,3,0,0,1,0,0,9,3,E01011908,3,1,0,1,4,0
2025101656978,2025,101656978,2,1,1,1,31,6,3,0,0,0,0,0,9,4,E01008597,3,1,0,1,3,0
2025440445094,2025,440445094,1,1,1,1,21,5,3,0,0,0,0,0,9,9,E01032617,3,1,0,1,2,0
2025991561041,2025,991561041,1,1,1,1,40,7,3,0,0,0,0,0,9,4,-1,3,1,0,1,2,0
2025991655854,2025,991655854,1,1,1,1,67,10,2,0,0,0,0,0,9,5,-1,7,1,1,0,1,0
2025991588988,2025,991588988,3,1,1,1,49,8,3,0,0,0,0,0,19,4,-1,3,1,0,1,4,0
2025401595627,2025,401595627,2,1,1,1,58,9,3,0,0,0,0,0,11,5,E01023720,3,1,0,1,4,0
2025201541866,2025,201541866,2,1,1,1,-1,-1,3,0,0,0,0,0,9,1,E01009542,3,1,0,1,1,0
2025361606397,2025,361606397,1,2,2,1,56,9,3,0,0,1,0,0,9,4,E01021808,3,1,0,1,5,0
2025361618170,2025,361618170,2,1,1,2,45,7,3,0,0,0,0,0,9,4,E01026278,3,1,0,1,4,0
2025430036280,2025,430036280,2,2,2,2,40,7,3,0,0,1,0,0,9,9,E01017833,-1,0,0.03035,0.96965,4,0
2025451578444,2025,451578444,2,1,2,1,93,11,3,0,0,1,0,0,9,9,E01030313,3,1,0,1,2,0
2025622500057,2025,622500057,1,1,1,1,58,9,2,0,0,0,0,0,9,-1,-1,-1,0,1,0,-1,0
2025622500301,2025,622500301,1,1,1,1,37,7,2,0,0,0,0,0,9,-1,-1,-1,0,1,0,-1,0
2025052501016,2025,052501016,1,1,1,1,23,5,3,0,0,0,0,0,23,1,E01006458,-1,0,0.18571,0.81429,1,0
2025401695039,2025,401695039,2,1,1,1,47,8,3,0,0,0,0,0,21,9,E01033503,3,1,0,1,1,0
2025451559608,2025,451559608,1,1,1,1,36,7,2,0,0,0,0,0,3,4,E01034155,6,1,1,0,4,0
2025541640206,2025,541640206,1,1,1,1,18,4,3,0,0,0,0,0,3,4,E01032013,3,1,0,1,2,0
2025522502136,2025,522502136,2,1,1,1,64,9,3,0,0,0,0,0,4,4,E01014527,3,1,0,1,1,0
2025430292453,2025,430292453,1,2,3,1,84,11,3,6,9,0,0,0,0,8,E01017804,-1,0,0.09045,0.90955,1,0
2025010596333,2025,010596333,1,1,1,1,57,9,2,0,0,0,0,0,1,1,E01033873,6,1,1,0,1,0
2025122501144,2025,122501144,2,2,1,2,55,8,2,0,0,0,0,0,5,9,E01027913,-1,0,1,0,1,0
2025122501207,2025,122501207,1,1,1,2,85,11,3,0,0,0,0,0,9,7,E01027681,-1,0,0.07551,0.92449,2,0
2025421614916,2025,421614916,2,1,1,2,71,10,3,0,0,0,0,0,9,8,E01003655,3,1,0,1,1,0
2025440405031,2025,440405031,1,1,1,1,64,9,3,0,0,0,0,0,9,8,E01004727,3,1,0,1,4,0
2025522600201,2025,522600201,1,1,1,1,49,8,3,0,0,0,0,0,9,3,E01014624,3,1,0,1,2,0
2025401595627,2025,401595627,2,6,2,1,2,1,3,0,0,0,4,0,11,6,E01017616,3,1,0,1,2,0
2025461636197,2025,461636197,2,2,1,1,55,8,3,0,0,0,0,0,19,3,E01020974,3,1,0,1,4,0
2025451604373,2025,451604373,1,1,3,1,44,7,3,8,6,0,0,-1,0,7,E01022713,3,1,0,1,4,0
2025471565553,2025,471565553,1,1,1,1,63,9,3,0,0,0,0,0,1,5,E01016974,3,1,0,1,1,0
2025522600399,2025,522600399,1,1,1,1,21,5,3,0,0,0,0,0,3,5,E01014708,3,1,0,1,3,0
2025010594758,2025,010594758,1,1,1,1,64,9,3,0,0,0,0,0,4,3,E01000024,3,1,0,1,2,0
2025010553109,2025,010553109,1,1,2,-1,-1,-1,3,0,0,1,0,0,9,5,E01035688,-1,0,0,1,1,0
202517H105425,2025,17H105425,2,1,1,1,28,6,2,0,0,0,0,0,9,4,E01033467,7,1,1,0,1,0
2025221543053,2025,221543053,2,1,1,2,19,4,3,0,0,0,0,0,9,5,E01032193,3,1,0,1,2,0
2025440417363,2025,440417363,2,1,1,1,71,10,2,0,0,0,0,0,9,9,E01022676,7,1,1,0,1,0
2025451549128,2025,451549128,1,1,1,1,47,8,2,0,0,0,0,0,9,3,E01023357,7,1,1,0,4,0
2025461562202,2025,461562202,3,1,1,1,31,6,3,0,0,0,0,0,9,7,E01035010,3,1,0,1,1,0
2025501604203,2025,501604203,2,2,1,1,32,6,2,0,0,0,0,0,9,3,E01020131,6,1,1,0,2,0
2025501674472,2025,501674472,2,1,1,2,76,11,1,0,0,0,0,0,9,4,E01018844,1,1,0,0,2,0
2025541654313,2025,541654313,2,1,1,2,30,6,3,0,0,0,0,0,9,8,E01029034,3,1,0,1,4,0
2025991676932,2025,991676932,1,1,1,2,22,5,3,0,0,0,0,0,9,3,-1,3,1,0,1,1,0
2025451681095,2025,451681095,2,2,1,1,45,7,3,0,0,0,0,0,19,9,E01035344,3,1,0,1,3,0
2025302500288,2025,302500288,2,1,1,1,39,7,3,0,0,0,0,0,21,7,E01007700,3,1,0,1,4,0
2025041548412,2025,041548412,1,1,3,2,27,6,3,4,1,0,0,-1,0,4,E01025459,3,1,0,1,1,0
2025010593139,2025,010593139,1,1,1,1,72,10,3,0,0,0,0,0,9,6,E01030729,3,1,0,1,1,0
2025111643049,2025,111643049,1,1,1,1,28,6,3,0,0,0,0,0,9,1,E01027393,3,1,0,1,4,0
2025231633813,2025,231633813,1,1,1,2,48,8,3,0,0,0,0,0,9,9,E01009801,3,1,0,1,4,0
2025311675434,2025,311675434,1,1,1,1,38,7,3,0,0,0,0,0,9,-1,-1,3,1,0,1,-1,0
2025461636197,2025,461636197,3,3,1,2,59,9,3,0,0,0,0,0,9,6,E01024540,3,1,0,1,2,0
2025430489154,2025,430489154,1,1,1,1,42,7,3,0,0,0,0,0,19,6,E01016306,-1,0,0.01706,0.98294,2,0
2025041576867,2025,041576867,1,2,3,1,30,6,3,6,9,0,0,-1,0,8,E01034350,3,1,0,1,1,0
2025461626312,2025,461626312,1,1,3,1,35,6,3,9,9,0,0,-1,0,5,E01023936,3,1,0,1,5,0
2025991677188,2025,991677188,1,2,1,2,19,4,2,0,0,0,0,0,3,7,-1,5,1,1,0,3,0
2025131574349,2025,131574349,2,2,2,2,37,7,3,0,0,1,0,0,9,6,E01010797,3,1,0,1,1,0
2025201615299,2025,201615299,2,1,1,1,25,5,3,0,0,0,0,0,9,1,E01010277,3,1,0,1,3,0
2025311679007,2025,311679007,1,1,1,2,41,7,3,0,0,0,0,0,9,-1,-1,3,1,0,1,-1,0
2025311682600,2025,311682600,2,2,2,1,9,2,3,0,0,2,0,0,9,-1,-1,3,1,0,1,-1,0
2025411589204,2025,411589204,2,1,2,1,39,7,3,0,0,1,0,0,9,4,E01023303,3,1,0,1,3,0
2025522502030,2025,522502030,1,1,1,2,22,5,2,0,0,0,0,0,9,8,E01029188,7,1,1,0,4,0
2025010609812,2025,010609812,2,2,1,1,39,7,3,0,0,0,0,0,19,9,E01000351,3,1,0,1,1,0
2025061630014,2025,061630014,1,1,3,2,30,6,3,8,2,0,0,-1,0,-1,-1,3,1,0,1,-1,0
2025991683074,2025,991683074,1,2,3,2,63,9,3,8,7,0,0,-1,0,-1,-1,3,1,0,1,-1,0
2025010575290,2025,010575290,2,1,1,2,30,6,3,0,0,0,0,0,1,5,E01001272,-1,0,0,1,1,0
2025010614727,2025,010614727,1,1,1,1,59,9,3,0,0,0,0,0,3,3,E01000622,3,1,0,1,1,0
2025631670871,2025,631670871,1,1,1,1,22,5,3,0,0,0,0,0,3,3,W01000929,3,1,0,1,3,0
2025010561487,2025,010561487,1,1,1,2,50,8,3,0,0,0,0,0,9,-1,-1,3,1,0,1,-1,0
2025041607982,2025,041607982,1,1,1,2,42,7,3,0,0,0,0,0,9,9,E01025477,3,1,0,1,1,0
2025061559951,2025,061559951,2,2,2,2,21,5,3,0,0,1,0,0,9,1,E01004958,3,1,0,1,1,0
2025161627321,2025,161627321,1,1,1,1,56,9,3,0,0,0,0,0,9,8,E01013053,3,1,0,1,1,0
2025211629017,2025,211629017,2,1,1,1,33,6,3,0,0,0,0,0,9,3,E01029410,3,1,0,1,1,0
2025401550864,2025,401550864,2,1,1,1,51,8,3,0,0,0,0,0,9,6,E01017386,3,1,0,1,2,0
2025401668360,2025,401668360,1,1,1,1,24,5,3,0,0,0,0,0,9,10,E01016767,3,1,0,1,3,0
2025552500198,2025,552500198,2,1,1,2,41,7,3,0,0,0,0,0,9,8,E01020435,-1,0,0.00987,0.99013,3,0
2025991647873,2025,991647873,1,1,2,1,64,9,3,0,0,0,3,0,11,7,-1,3,1,0,1,4,0
2025440486178,2025,440486178,1,1,1,1,57,9,3,0,0,0,0,0,33,5,E01023026,3,1,0,1,4,1
2025131611838,2025,131611838,1,1,3,1,19,4,3,10,1,0,0,-1,0,8,E01007428,3,1,0,1,3,0
2025440044001,2025,440044001,1,1,3,1,52,8,2,9,5,0,0,1,0,4,E01017213,-1,0,0.9323,0.0677,3,0
2025010561331,2025,010561331,2,1,1,1,32,6,2,0,0,0,0,0,1,5,E01003292,6,1,1,0,2,0
2025010586527,2025,010586527,1,1,1,1,33,6,3,0,0,0,0,0,9,-1,-1,3,1,0,1,-1,0
2025311674825,2025,311674825,3,2,2,2,30,6,3,0,0,1,0,0,9,4,E01028038,3,1,0,1,2,0
2025430036280,2025,430036280,3,3,1,1,40,7,3,0,0,0,0,0,9,9,E01016407,-1,0,0.0145,0.9855,2,0
2025501543082,2025,501543082,2,2,1,2,45,7,3,0,0,0,0,0,9,4,E01018779,3,1,0,1,3,0
2025501588175,2025,501588175,2,1,1,2,44,7,3,0,0,0,0,0,9,6,E01020335,3,1,0,1,3,0
2025531617698,2025,531617698,1,1,1,1,53,8,3,0,0,0,0,0,21,3,E01022121,3,1,0,1,4,0
