collision_index,collision_year,collision_ref_no,vehicle_reference,casualty_reference,casualty_class,sex_of_casualty,age_of_casualty,age_band_of_casualty,casualty_severity,pedestrian_location,pedestrian_movement,car_passenger,bus_or_coach_passenger,pedestrian_road_maintenance_worker,casualty_type,casualty_imd_decile,lsoa_of_casualty,enhanced_casualty_severity,casualty_injury_based,casualty_adjusted_severity_serious,casualty_adjusted_severity_slight,casualty_distance_banding,escooter_flag
2021131095245,2021,131095245,2,1,1,1,65,9,3,0,0,0,0,0,1,10,E01011948,3,1,0,1,-1,0
2021552100918,2021,552100918,1,1,1,1,18,4,2,0,0,0,0,0,2,9,E01020419,-1,0,1,0,-1,0
2021101051171,2021,101051171,2,1,1,1,24,5,3,0,0,0,0,0,3,-1,-1,3,1,0,1,-1,0
2021201090018,2021,201090018,2,1,1,1,-1,-1,3,0,0,0,0,0,5,-1,-1,3,1,0,1,-1,0
2021052100836,2021,052100836,3,1,2,2,89,11,3,0,0,1,0,0,9,9,E01006986,-1,0,0.05814,0.94186,-1,0
2021101066506,2021,101066506,2,1,1,2,42,7,3,0,0,0,0,0,9,5,E01008535,3,1,0,1,-1,0
2021101117442,2021,101117442,1,1,1,2,31,6,3,0,0,0,0,0,9,6,E01027532,3,1,0,1,-1,0
2021131041744,2021,131041744,3,2,1,1,40,7,3,0,0,0,0,0,9,4,E01011647,3,1,0,1,-1,0
2021131044836,2021,131044836,1,2,2,2,39,7,3,0,0,1,0,0,9,4,E01011808,3,1,0,1,-1,0
2021141077954,2021,141077954,4,1,1,1,26,6,3,0,0,0,0,0,9,4,E01007699,3,1,0,1,-1,0
2021201078285,2021,201078285,1,2,2,1,46,8,3,0,0,1,0,0,9,1,E01010450,3,1,0,1,-1,0
2021401031624,2021,401031624,1,1,1,2,23,5,3,0,0,0,0,0,9,10,E01033024,3,1,0,1,-1,0
2021430186260,2021,430186260,1,1,1,1,51,8,3,0,0,0,0,0,9,10,E01017848,-1,0,0.00459,0.99541,-1,0
2021440372821,2021,440372821,4,4,1,2,69,10,3,0,0,0,0,0,9,10,E01023097,-1,0,0,1,-1,0
2021451027628,2021,451027628,1,2,1,2,51,8,3,0,0,0,0,0,9,5,E01031731,3,1,0,1,-1,0
2021544410121,2021,544410121,2,2,2,2,8,2,3,0,0,2,0,0,9,2,E01015573,-1,0,0.01263,0.98737,-1,0
2021545027421,2021,545027421,3,2,2,1,86,11,3,0,0,1,0,0,9,3,E01000622,-1,0,0.02383,0.97617,-1,0
2021552100233,2021,552100233,3,3,2,2,56,9,3,0,0,2,0,0,9,5,E01020472,-1,0,0.01892,0.98108,-1,0
2021010305578,2021,010305578,1,1,3,2,84,11,2,6,9,0,0,0,0,3,E01004708,-1,0,1,0,-1,0
2021161122060,2021,161122060,1,1,3,2,23,5,3,5,1,0,0,0,0,8,E01012909,3,1,0,1,-1,0
2021430543509,2021,430543509,1,1,3,1,25,5,3,1,3,0,0,0,0,2,E01001528,-1,0,0.05191,0.94809,-1,0
2021010301375,2021,010301375,2,1,1,2,37,7,3,0,0,0,0,0,4,3,E01033735,-1,0,0,1,-1,0
2021010291303,2021,010291303,1,1,1,1,42,7,3,0,0,0,0,0,9,2,E01001215,-1,0,0,1,-1,0
2021052100649,2021,052100649,2,1,1,2,36,7,3,0,0,0,0,0,9,2,E01006456,-1,0,0.00344,0.99656,-1,0
2021430126607,2021,430126607,1,1,1,2,43,7,3,0,0,0,0,0,9,7,E01016545,-1,0,0.00192,0.99808,-1,0
2021440469547,2021,440469547,3,1,1,2,69,10,3,0,0,0,0,0,9,7,E01023032,-1,0,0,1,-1,0
2021471080421,2021,471080421,2,2,1,1,53,8,3,0,0,0,0,0,9,6,E01022941,3,1,0,1,-1,0
2021991093199,2021,991093199,2,1,1,2,43,7,3,0,0,0,0,0,9,1,-1,3,1,0,1,-1,0
202163A005721,2021,63A005721,1,1,1,1,35,6,3,0,0,0,0,0,19,1,W01000830,-1,0,0.01693,0.98307,-1,0
2021010312926,2021,010312926,2,1,1,1,-1,-1,3,0,0,0,0,0,90,2,E01002906,-1,0,0,1,-1,0
2021111083612,2021,111083612,1,1,3,2,30,6,3,5,9,0,0,2,0,-1,-1,3,1,0,1,-1,0
2021010314256,2021,010314256,1,1,1,2,40,7,3,0,0,0,0,0,1,3,E01004533,-1,0,0,1,-1,0
2021041087120,2021,041087120,2,1,1,1,24,5,2,0,0,0,0,0,1,2,E01025263,7,1,1,0,-1,0
2021201092106,2021,201092106,2,1,1,1,42,7,3,0,0,0,0,0,1,1,E01009366,3,1,0,1,-1,0
2021501100501,2021,501100501,1,1,1,1,26,6,3,0,0,0,0,0,3,8,E01020281,3,1,0,1,-1,0
2021010311697,2021,010311697,1,1,1,1,22,5,2,0,0,0,0,0,9,7,E01001882,-1,0,1,0,-1,0
2021010349565,2021,010349565,1,1,1,1,23,5,3,0,0,0,0,0,9,2,E01032562,-1,0,0,1,-1,0
2021131074133,2021,131074133,3,1,2,2,25,5,3,0,0,1,0,0,9,2,E01011632,3,1,0,1,-1,0
2021131114253,2021,131114253,3,2,1,2,66,10,3,0,0,0,0,0,9,2,E01011237,3,1,0,1,-1,0
2021141014256,2021,141014256,1,1,1,1,24,5,2,0,0,0,0,0,9,3,E01007447,7,1,1,0,-1,0
2021231030937,2021,231030937,2,2,1,2,56,9,3,0,0,0,0,0,9,7,E01025757,3,1,0,1,-1,0
2021302101745,2021,302101745,1,2,2,1,57,9,3,0,0,1,0,0,9,8,E01019755,-1,0,0.00513,0.99487,-1,0
2021351072523,2021,351072523,1,1,1,1,88,11,2,0,0,0,0,0,9,9,E01018012,7,1,1,0,-1,0
2021440149229,2021,440149229,1,1,1,2,78,11,3,0,0,0,0,0,9,9,E01023009,-1,0,0,1,-1,0
2021991022047,2021,991022047,2,1,1,1,58,9,3,0,0,0,0,0,9,3,-1,3,1,0,1,-1,0
2021991201030,2021,991201030,2,1,1,1,58,9,3,0,0,0,0,0,17,5,-1,3,1,0,1,-1,0
202134WNC2441,2021,34WNC2441,1,1,1,1,53,8,3,0,0,0,0,0,19,3,E01016490,-1,0,0,1,-1,0
202131C014421,2021,31C014421,2,3,2,2,55,8,3,0,0,0,4,0,11,1,E01013849,-1,0,0.01438,0.98562,-1,0
2021010298898,2021,010298898,1,1,1,1,47,8,3,0,0,0,0,0,9,3,E01001263,-1,0,0,1,-1,0
2021010308151,2021,010308151,1,1,1,1,46,8,3,0,0,0,0,0,9,6,E01002351,-1,0,0,1,-1,0
2021052101319,2021,052101319,2,2,1,2,28,6,3,0,0,0,0,0,9,8,E01018558,-1,0,0.01714,0.98286,-1,0
2021141075227,2021,141075227,1,1,2,2,53,8,3,0,0,1,0,0,9,1,E01007320,3,1,0,1,-1,0
2021201023685,2021,201023685,1,1,1,1,42,7,3,0,0,0,0,0,9,3,E01009255,3,1,0,1,-1,0
2021201100554,2021,201100554,2,1,1,1,50,8,3,0,0,0,0,0,9,3,E01010451,3,1,0,1,-1,0
2021221108433,2021,221108433,1,1,1,1,56,9,3,0,0,0,0,0,9,8,E01032182,3,1,0,1,-1,0
202131A006321,2021,31A006321,1,1,1,1,25,5,3,0,0,0,0,0,9,1,E01027966,-1,0,0.10082,0.89918,-1,0
2021552100126,2021,552100126,2,1,1,1,53,8,3,0,0,0,0,0,9,5,E01020565,-1,0,0.01174,0.98826,-1,0
2021622100770,2021,622100770,2,2,1,1,58,9,3,0,0,0,0,0,9,-1,-1,-1,0,0.01209,0.98791,-1,0
2021101066466,2021,101066466,2,1,1,1,41,7,3,0,0,0,0,0,1,10,E01008550,3,1,0,1,-1,0
2021161033108,2021,161033108,1,1,1,1,15,3,2,0,0,0,0,0,1,1,E01012838,7,1,1,0,-1,0
2021471077453,2021,471077453,1,1,1,1,28,6,3,0,0,0,0,0,5,7,E01016976,3,1,0,1,-1,0
2021543457221,2021,543457221,1,1,1,1,44,7,2,0,0,0,0,0,5,6,E01032083,-1,0,1,0,-1,0
2021010332253,2021,010332253,1,1,2,2,34,6,3,0,0,1,0,0,9,6,E01004059,-1,0,0,1,-1,0
2021041024675,2021,041024675,2,1,1,2,46,8,3,0,0,0,0,0,9,5,E01012690,3,1,0,1,-1,0
2021052100325,2021,052100325,1,1,1,1,25,5,3,0,0,0,0,0,9,3,E01033760,-1,0,0.05179,0.94821,-1,0
2021070505466,2021,070505466,1,1,1,2,68,10,3,0,0,0,0,0,9,4,E01018343,-1,0,0.05207,0.94793,-1,0
2021131033492,2021,131033492,1,2,1,2,21,5,3,0,0,0,0,0,9,2,E01011126,3,1,0,1,-1,0
2021201116069,2021,201116069,2,1,1,2,23,5,3,0,0,0,0,0,9,5,E01028982,3,1,0,1,-1,0
2021302100283,2021,302100283,2,2,1,2,-1,-1,3,0,0,0,0,0,9,3,E01019739,-1,0,0.0107,0.9893,-1,0
202131C061821,2021,31C061821,2,2,1,1,45,7,3,0,0,0,0,0,9,9,E01028120,-1,0,0.00544,0.99456,-1,0
2021401015891,2021,401015891,2,1,1,1,47,8,3,0,0,0,0,0,9,4,E01015717,3,1,0,1,-1,0
2021421034198,2021,421034198,2,3,2,2,13,3,3,0,0,2,0,0,9,6,E01023941,3,1,0,1,-1,0
2021421072174,2021,421072174,1,1,1,1,23,5,2,0,0,0,0,0,9,2,E01000017,6,1,1,0,-1,0
2021471067759,2021,471067759,1,1,1,1,61,9,3,0,0,0,0,0,9,4,E01031550,3,1,0,1,-1,0
2021522104732,2021,522104732,1,1,1,2,23,5,3,0,0,0,0,0,9,7,E01014712,-1,0,0.01273,0.98727,-1,0
2021552100248,2021,552100248,2,1,1,1,20,4,3,0,0,0,0,0,9,5,E01015444,-1,0,0.02747,0.97253,-1,0
2021622200009,2021,622200009,2,2,1,2,61,9,3,0,0,0,0,0,9,2,W01001298,-1,0,0.01486,0.98514,-1,0
202163C017521,2021,63C017521,1,1,1,1,43,7,3,0,0,0,0,0,9,4,W01000603,-1,0,0.12909,0.87091,-1,0
2021461072886,2021,461072886,2,1,1,1,36,7,3,0,0,0,0,0,1,9,E01024818,3,1,0,1,-1,0
2021991027321,2021,991027321,2,1,1,1,43,7,3,0,0,0,0,0,1,6,-1,3,1,0,1,-1,0
2021061050398,2021,061050398,1,1,3,1,29,6,2,5,3,0,0,0,0,4,E01006110,5,1,1,0,-1,0
2021411025469,2021,411025469,1,1,3,1,43,7,3,9,5,0,0,1,0,9,E01021786,3,1,0,1,-1,0
2021461060704,2021,461060704,1,1,3,2,39,7,3,10,9,0,0,2,0,7,E01016139,3,1,0,1,-1,0
2021010296334,2021,010296334,2,1,1,1,50,8,3,0,0,0,0,0,3,7,E01004605,-1,0,0,1,-1,0
2021211087739,2021,211087739,2,1,1,2,46,8,3,0,0,0,0,0,3,3,E01029381,3,1,0,1,-1,0
2021041047963,2021,041047963,2,1,1,1,35,6,2,0,0,0,0,0,5,6,E01032928,5,1,1,0,-1,0
2021041110878,2021,041110878,2,1,1,2,21,5,3,0,0,0,0,0,9,4,E01025460,3,1,0,1,-1,0
2021070507401,2021,070507401,2,1,2,2,30,6,2,0,0,1,0,0,9,2,E01004959,-1,0,1,0,-1,0
2021070548094,2021,070548094,3,2,2,2,69,10,3,0,0,2,0,0,9,10,E01018696,-1,0,0.03056,0.96944,-1,0
2021122100313,2021,122100313,1,1,1,1,22,5,3,0,0,0,0,0,9,7,E01012269,-1,0,0.08834,0.91166,-1,0
2021201145435,2021,201145435,2,3,2,1,50,8,3,0,0,1,0,0,9,-1,-1,3,1,0,1,-1,0
2021201147327,2021,201147327,2,1,1,2,-1,-1,3,0,0,0,0,0,9,7,E01009975,3,1,0,1,-1,0
202134NNC2861,2021,34NNC2861,2,1,1,1,42,7,2,0,0,0,0,0,9,-1,-1,-1,0,0.70172,0.29828,-1,0
2021351052847,2021,351052847,3,3,1,2,23,5,2,0,0,0,0,0,9,6,E01017951,6,1,1,0,-1,0
2021351072639,2021,351072639,1,3,2,1,57,9,2,0,0,2,0,0,9,4,E01017520,5,1,1,0,-1,0
2021361050961,2021,361050961,1,2,2,1,22,5,3,0,0,2,0,0,9,4,E01026814,3,1,0,1,-1,0
2021622100106,2021,622100106,2,3,2,2,21,5,3,0,0,1,0,0,9,4,W01000893,-1,0,0.01272,0.98728,-1,0
2021061025267,2021,061025267,1,1,1,1,30,6,3,0,0,0,0,0,19,9,E01019749,3,1,0,1,-1,0
2021541508521,2021,541508521,1,1,1,1,35,6,3,0,0,0,0,0,21,5,E01032295,-1,0,0.02673,0.97327,-1,0
2021010292252,2021,010292252,2,1,1,1,18,4,3,0,0,0,0,0,33,2,E01001796,-1,0,0,1,-1,1
2021371062043,2021,371062043,1,1,3,1,32,6,3,6,9,0,0,1,0,4,E01029978,3,1,0,1,-1,0
2021552100809,2021,552100809,1,1,3,1,38,7,3,8,8,0,0,0,0,4,E01031980,-1,0,0.05898,0.94102,-1,0
2021411122305,2021,411122305,2,1,1,1,59,9,3,0,0,0,0,0,1,10,E01023670,3,1,0,1,-1,0
2021430180228,2021,430180228,2,1,1,1,15,3,2,0,0,0,0,0,1,4,E01028532,-1,0,1,0,-1,0
2021061097586,2021,061097586,1,2,2,2,19,4,3,0,0,2,0,0,9,-1,-1,3,1,0,1,-1,0
2021101044204,2021,101044204,2,1,1,2,49,8,3,0,0,0,0,0,9,6,E01027532,3,1,0,1,-1,0
2021401031624,2021,401031624,2,2,2,2,51,8,3,0,0,1,0,0,9,9,E01033188,3,1,0,1,-1,0
2021610018821,2021,610018821,2,2,1,2,25,5,3,0,0,0,0,0,9,-1,-1,-1,0,0.03896,0.96104,-1,0
2021201149162,2021,201149162,1,1,1,1,47,8,3,0,0,0,0,0,19,-1,-1,3,1,0,1,-1,0
2021010349819,2021,010349819,1,1,3,2,62,9,3,5,3,0,0,0,0,-1,-1,-1,0,0,1,-1,0
2021010300761,2021,010300761,2,1,1,1,8,2,2,0,0,0,0,0,1,3,E01004448,-1,0,1,0,-1,0
2021010320998,2021,010320998,2,1,1,1,61,9,3,0,0,0,0,0,1,1,E01033605,-1,0,0,1,-1,0
2021010328168,2021,010328168,1,1,1,1,37,7,3,0,0,0,0,0,3,9,E01004032,-1,0,0,1,-1,0
2021161109483,2021,161109483,2,1,1,1,23,5,3,0,0,0,0,0,3,5,E01012902,3,1,0,1,-1,0
2021010341189,2021,010341189,2,1,1,1,64,9,2,0,0,0,0,0,5,9,E01030813,-1,0,1,0,-1,0
2021545646021,2021,545646021,2,1,1,2,50,8,3,0,0,0,0,0,5,8,E01015549,-1,0,0.07448,0.92552,-1,0
2021010322230,2021,010322230,2,1,2,1,24,5,3,0,0,1,0,0,9,-1,-1,-1,0,0,1,-1,0
2021010337968,2021,010337968,4,3,2,2,19,4,3,0,0,2,0,0,9,2,E01003551,-1,0,0,1,-1,0
2021201063689,2021,201063689,1,1,1,2,45,7,3,0,0,0,0,0,9,5,E01009245,3,1,0,1,-1,0
2021451071313,2021,451071313,2,2,1,1,46,8,3,0,0,0,0,0,9,9,E01017759,3,1,0,1,-1,0
2021471027826,2021,471027826,1,2,2,1,14,3,3,0,0,1,0,0,9,-1,-1,3,1,0,1,-1,0
2021471080421,2021,471080421,1,3,2,1,16,4,3,0,0,1,0,0,9,6,E01030818,3,1,0,1,-1,0
2021991093199,2021,991093199,2,3,2,1,61,9,2,0,0,2,0,0,9,2,-1,6,1,1,0,-1,0
2021141021359,2021,141021359,1,1,1,1,52,8,3,0,0,0,0,0,19,1,E01007333,3,1,0,1,-1,0
2021201090376,2021,201090376,1,1,1,1,53,8,3,0,0,0,0,0,21,5,E01009764,3,1,0,1,-1,0
2021041036581,2021,041036581,1,1,3,1,20,4,3,1,3,0,0,0,0,1,E01012737,3,1,0,1,-1,0
2021010294931,2021,010294931,1,1,1,2,26,6,3,0,0,0,0,0,1,3,E01001749,-1,0,0,1,-1,0
2021451074322,2021,451074322,2,2,1,2,32,6,3,0,0,0,0,0,1,3,E01003164,3,1,0,1,-1,0
2021311111651,2021,311111651,2,1,1,1,55,8,3,0,0,0,0,0,5,3,E01028153,3,1,0,1,-1,0
2021010333448,2021,010333448,1,1,1,1,41,7,3,0,0,0,0,0,8,3,E01001972,-1,0,0,1,-1,0
2021041013097,2021,041013097,2,2,2,2,60,9,3,0,0,1,0,0,9,6,E01024915,3,1,0,1,-1,0
2021101037450,2021,101037450,2,2,1,2,68,10,3,0,0,0,0,0,9,-1,-1,3,1,0,1,-1,0
2021141018046,2021,141018046,4,5,2,1,30,6,3,0,0,1,0,0,9,4,E01007646,3,1,0,1,-1,0
2021361052140,2021,361052140,1,1,1,1,43,7,2,0,0,0,0,0,9,4,E01026859,7,1,1,0,-1,0
2021371145123,2021,371145123,2,3,2,2,24,5,3,0,0,1,0,0,9,5,E01029955,3,1,0,1,-1,0
2021430391355,2021,430391355,1,1,1,1,24,5,3,0,0,0,0,0,9,7,E01002173,-1,0,0.0104,0.9896,-1,0
2021440086175,2021,440086175,1,1,1,2,51,8,3,0,0,0,0,0,9,8,E01017145,-1,0,0,1,-1,0
2021440199313,2021,440199313,1,1,1,2,23,5,3,0,0,0,0,0,9,6,E01017018,-1,0,0,1,-1,0
2021440372821,2021,440372821,3,3,1,1,26,6,3,0,0,0,0,0,9,-1,-1,-1,0,0,1,-1,0
2021501112568,2021,501112568,1,1,1,1,27,6,3,0,0,0,0,0,9,6,E01031557,3,1,0,1,-1,0
2021622100770,2021,622100770,3,3,1,2,48,8,3,0,0,0,0,0,9,1,W01001699,-1,0,0.00659,0.99341,-1,0
2021052101525,2021,052101525,1,4,1,1,27,6,3,0,0,0,0,0,19,5,E01006488,-1,0,0.02913,0.97087,-1,0
2021010325401,2021,010325401,1,1,2,1,19,4,3,0,0,1,0,0,9,1,E01001979,-1,0,0,1,-1,0
2021010349916,2021,010349916,2,1,1,1,37,7,3,0,0,0,0,0,9,3,E01002756,-1,0,0,1,-1,0
2021070208148,2021,070208148,2,1,1,2,52,8,3,0,0,0,0,0,9,2,E01018553,-1,0,0.01286,0.98714,-1,0
2021201118773,2021,201118773,2,2,2,1,16,4,3,0,0,2,0,0,9,9,E01019937,3,1,0,1,-1,0
2021201125396,2021,201125396,2,2,1,1,74,10,3,0,0,0,0,0,9,1,E01009384,3,1,0,1,-1,0
2021231095615,2021,231095615,1,1,1,1,21,5,2,0,0,0,0,0,9,1,E01013825,5,1,1,0,-1,0
202131D172321,2021,31D172321,2,6,2,2,19,4,3,0,0,2,0,0,9,6,E01028191,-1,0,0.02172,0.97828,-1,0
202134WNC2231,2021,34WNC2231,2,2,2,1,34,6,3,0,0,1,0,0,9,-1,-1,-1,0,0,1,-1,0
2021371025329,2021,371025329,1,1,1,2,36,7,2,0,0,0,0,0,9,1,E01033131,6,1,1,0,-1,0
2021401038040,2021,401038040,2,1,1,2,36,7,3,0,0,0,0,0,9,9,E01017372,3,1,0,1,-1,0
2021430467613,2021,430467613,1,1,1,1,50,8,3,0,0,0,0,0,9,9,E01030742,-1,0,0.00376,0.99624,-1,0
2021451045676,2021,451045676,1,1,1,2,40,7,3,0,0,0,0,0,9,4,E01030752,3,1,0,1,-1,0
2021010313547,2021,010313547,1,1,1,2,36,7,3,0,0,0,0,0,1,8,E01001384,-1,0,0,1,-1,0
2021471041175,2021,471041175,2,1,1,1,57,9,3,0,0,0,0,0,1,9,E01031741,3,1,0,1,-1,0
2021101115446,2021,101115446,2,1,1,1,57,9,3,0,0,0,0,0,3,3,E01027411,3,1,0,1,-1,0
2021161025797,2021,161025797,1,1,3,1,61,9,3,8,7,0,0,2,0,1,E01012834,3,1,0,1,-1,0
2021201148586,2021,201148586,1,1,3,1,36,7,3,9,5,0,0,0,0,3,E01010262,3,1,0,1,-1,0
2021070098098,2021,070098098,1,1,1,1,54,8,3,0,0,0,0,0,9,2,E01012482,-1,0,0.08057,0.91943,-1,0
2021131045601,2021,131045601,1,1,1,2,43,7,3,0,0,0,0,0,9,7,E01027703,3,1,0,1,-1,0
2021231068644,2021,231068644,1,1,1,2,40,7,3,0,0,0,0,0,9,-1,-1,3,1,0,1,-1,0
2021501062112,2021,501062112,1,1,1,1,52,8,2,0,0,0,0,0,9,9,E01020162,7,1,1,0,-1,0
2021540115221,2021,540115221,2,2,1,1,27,6,3,0,0,0,0,0,9,9,E01030446,-1,0,0.02126,0.97874,-1,0
2021991052779,2021,991052779,1,1,1,2,19,4,3,0,0,0,0,0,9,6,-1,3,1,0,1,-1,0
2021991101899,2021,991101899,2,2,1,1,19,4,3,0,0,0,0,0,9,3,-1,3,1,0,1,-1,0
2021010312388,2021,010312388,1,1,1,1,60,9,3,0,0,0,0,0,1,6,E01000324,-1,0,0,1,-1,0
2021010311327,2021,010311327,1,1,1,2,32,6,3,0,0,0,0,0,3,3,E01000511,-1,0,0,1,-1,0
2021548084621,2021,548084621,1,1,1,1,25,5,3,0,0,0,0,0,5,7,E01032699,-1,0,0.03598,0.96402,-1,0
2021041022019,2021,041022019,2,1,1,1,24,5,3,0,0,0,0,0,19,2,E01025581,3,1,0,1,-1,0
2021061096937,2021,061096937,2,1,1,2,62,9,3,0,0,0,0,0,9,4,E01005185,3,1,0,1,-1,0
2021061097586,2021,061097586,1,3,2,2,18,4,3,0,0,2,0,0,9,8,E01004919,3,1,0,1,-1,0
2021131064205,2021,131064205,1,1,1,1,34,6,2,0,0,0,0,0,9,1,E01010673,7,1,1,0,-1,0
2021302100424,2021,302100424,2,1,2,1,32,6,3,0,0,1,0,0,9,10,E01019708,-1,0,0.00336,0.99664,-1,0
2021320246347,2021,320246347,2,1,1,2,40,7,3,0,0,0,0,0,9,3,E01026140,-1,0,0.01172,0.98828,-1,0
2021361050961,2021,361050961,1,3,1,2,54,8,3,0,0,0,0,0,9,8,E01026921,3,1,0,1,-1,0
2021451045676,2021,451045676,2,4,2,1,22,5,3,0,0,2,0,0,9,5,E01016479,3,1,0,1,-1,0
2021461068429,2021,461068429,2,2,1,2,18,4,3,0,0,0,0,0,9,8,E01024063,3,1,0,1,-1,0
2021471026908,2021,471026908,2,1,1,2,56,9,3,0,0,0,0,0,9,7,E01024801,3,1,0,1,-1,0
2021991088946,2021,991088946,1,1,1,1,19,4,1,0,0,0,0,0,9,8,-1,1,1,0,0,-1,0
2021010328386,2021,010328386,1,1,1,1,23,5,3,0,0,0,0,0,1,10,E01014742,-1,0,0,1,-1,0
2021421016337,2021,421016337,2,1,1,1,19,4,3,0,0,0,0,0,3,2,E01015899,3,1,0,1,-1,0
2021010299906,2021,010299906,2,1,1,1,31,6,3,0,0,0,0,0,2,9,E01033101,-1,0,0,1,-1,0
2021010320775,2021,010320775,1,1,1,1,36,7,3,0,0,0,0,0,2,3,E01001244,-1,0,0,1,-1,0
2021481121422,2021,481121422,1,1,3,1,33,6,3,9,9,0,0,1,0,-1,-1,3,1,0,1,-1,0
2021991057702,2021,991057702,1,1,3,2,13,3,3,1,3,0,0,0,0,2,-1,3,1,0,1,-1,0
2021351052847,2021,351052847,2,2,1,1,60,9,2,0,0,0,0,0,19,9,E01017549,6,1,1,0,-1,0
2021501118913,2021,501118913,1,2,3,1,59,9,2,9,8,0,0,1,0,1,E01015030,7,1,1,0,-1,0
2021991093965,2021,991093965,1,1,3,2,16,4,2,5,1,0,0,0,0,1,-1,5,1,1,0,-1,0
2021541518021,2021,541518021,2,1,1,1,16,4,3,0,0,0,0,0,2,10,E01031907,-1,0,0.07431,0.92569,-1,0
2021440470149,2021,440470149,1,1,1,1,23,5,2,0,0,0,0,0,4,7,E01015272,-1,0,0.92252,0.07748,-1,0
2021501020025,2021,501020025,1,3,2,1,59,9,3,0,0,2,0,0,8,4,E01015177,3,1,0,1,-1,0
2021010314325,2021,010314325,1,1,1,2,47,8,3,0,0,0,0,0,9,5,E01000920,-1,0,0,1,-1,0
2021041079339,2021,041079339,1,1,1,1,64,9,3,0,0,0,0,0,9,-1,-1,3,1,0,1,-1,0
2021131099162,2021,131099162,2,1,2,2,9,2,3,0,0,2,0,0,9,7,E01010587,3,1,0,1,-1,0
2021201053814,2021,201053814,1,2,2,2,39,7,3,0,0,2,0,0,9,2,E01009986,3,1,0,1,-1,0
202131C014421,2021,31C014421,1,1,1,1,25,5,3,0,0,0,0,0,9,3,E01013929,-1,0,0.01949,0.98051,-1,0
2021351104637,2021,351104637,2,1,1,1,24,5,3,0,0,0,0,0,9,2,E01018075,3,1,0,1,-1,0
2021540354621,2021,540354621,3,1,1,1,31,6,3,0,0,0,0,0,9,6,E01032011,-1,0,0.01304,0.98696,-1,0
2021542019121,2021,542019121,2,1,1,1,24,5,3,0,0,0,0,0,9,8,E01015557,-1,0,0.01627,0.98373,-1,0
2021361052140,2021,361052140,2,2,1,1,66,10,3,0,0,0,0,0,19,6,E01026553,3,1,0,1,-1,0
2021010300488,2021,010300488,1,1,1,1,38,7,3,0,0,0,0,0,9,2,E01000075,-1,0,0,1,-1,0
2021010330243,2021,010330243,1,1,1,1,29,6,3,0,0,0,0,0,9,4,E01014488,-1,0,0,1,-1,0
2021041043601,2021,041043601,1,2,2,2,41,7,2,0,0,1,0,0,9,1,E01012656,7,1,1,0,-1,0
2021101028017,2021,101028017,2,1,1,1,53,8,3,0,0,0,0,0,9,2,E01008377,3,1,0,1,-1,0
2021170L10211,2021,170L10211,1,1,1,1,31,6,3,0,0,0,0,0,9,3,E01012137,-1,0,0.11037,0.88963,-1,0
2021201145435,2021,201145435,2,2,1,1,38,7,3,0,0,0,0,0,9,-1,-1,3,1,0,1,-1,0
2021302100081,2021,302100081,1,1,2,-1,23,5,3,0,0,2,0,0,9,9,E01013561,-1,0,0.00391,0.99609,-1,0
202131B201921,2021,31B201921,1,2,2,2,22,5,3,0,0,1,0,0,9,4,E01028038,-1,0,0.10916,0.89084,-1,0
2021320186399,2021,320186399,2,1,1,1,61,9,3,0,0,0,0,0,9,1,E01026114,-1,0,0.03093,0.96907,-1,0
2021430151049,2021,430151049,1,1,1,9,36,7,3,0,0,0,0,0,9,10,E01016386,-1,0,0.00143,0.99857,-1,0
2021501018587,2021,501018587,2,1,1,2,46,8,3,0,0,0,0,0,9,5,E01019039,3,1,0,1,-1,0
2021501062112,2021,501062112,3,4,2,2,9,2,3,0,0,2,0,0,9,3,E01015094,3,1,0,1,-1,0
2021501062846,2021,501062846,1,1,2,1,2,1,3,0,0,2,0,0,9,1,E01015196,3,1,0,1,-1,0
2021010343272,2021,010343272,2,1,1,1,46,8,2,0,0,0,0,0,1,6,E01001245,-1,0,1,0,-1,0
20211383N0883,2021,1383N0883,2,1,1,1,19,4,3,0,0,0,0,0,1,4,E01011669,-1,0,0.0503,0.9497,-1,0
2021010322056,2021,010322056,1,1,1,1,39,7,3,0,0,0,0,0,3,3,E01002542,-1,0,0,1,-1,0
2021072100837,2021,072100837,2,1,1,1,21,5,2,0,0,0,0,0,5,1,E01006599,-1,0,1,0,-1,0
2021010320173,2021,010320173,1,1,3,1,10,2,3,5,3,0,0,0,0,1,E01000868,-1,0,0,1,-1,0
2021471053581,2021,471053581,1,1,3,1,32,6,3,6,9,0,0,1,0,8,E01024451,3,1,0,1,-1,0
2021010337968,2021,010337968,3,1,1,1,43,7,3,0,0,0,0,0,8,1,E01001431,-1,0,0,1,-1,0
2021010294313,2021,010294313,1,1,3,2,54,8,3,1,1,0,0,0,0,4,E01002342,-1,0,0,1,-1,0
2021010333064,2021,010333064,2,1,1,1,29,6,3,0,0,0,0,0,1,4,E01004682,-1,0,0,1,-1,0
2021052100245,2021,052100245,1,1,1,1,15,3,3,0,0,0,0,0,1,1,E01018550,-1,0,0.11214,0.88786,-1,0
2021351062728,2021,351062728,1,1,1,1,50,8,2,0,0,0,0,0,1,7,E01017994,5,1,1,0,-1,0
2021201064591,2021,201064591,2,2,2,1,29,6,3,0,0,1,0,0,9,2,E01009608,3,1,0,1,-1,0
2021201111353,2021,201111353,2,2,2,1,24,5,2,0,0,1,0,0,9,-1,-1,7,1,1,0,-1,0
2021231116465,2021,231116465,2,1,1,2,60,9,3,0,0,0,0,0,9,7,E01031160,3,1,0,1,-1,0
2021302101480,2021,302101480,2,1,1,1,53,8,3,0,0,0,0,0,9,2,E01013597,-1,0,0.00499,0.99501,-1,0
202131P045021,2021,31P045021,1,1,1,1,22,5,3,0,0,0,0,0,9,3,E01013930,-1,0,0.01881,0.98119,-1,0
202134NNC6311,2021,34NNC6311,2,2,1,1,40,7,3,0,0,0,0,0,9,2,E01027331,-1,0,0,1,-1,0
2021430311398,2021,430311398,1,1,1,2,56,9,3,0,0,0,0,0,9,8,E01015584,-1,0,0.00531,0.99469,-1,0
2021371140944,2021,371140944,1,1,2,2,17,4,3,0,0,0,-1,0,11,10,E01021673,3,1,0,1,-1,0
2021010337406,2021,010337406,1,1,1,1,51,8,3,0,0,0,0,0,9,8,E01016491,-1,0,0,1,-1,0
2021070629056,2021,070629056,2,1,1,2,57,9,3,0,0,0,0,0,9,5,E01018444,-1,0,0.00665,0.99335,-1,0
2021131048973,2021,131048973,1,1,1,2,63,9,3,0,0,0,0,0,9,5,E01010729,3,1,0,1,-1,0
2021131120198,2021,131120198,2,1,1,2,44,7,3,0,0,0,0,0,9,9,E01010900,3,1,0,1,-1,0
2021170S11261,2021,170S11261,4,1,1,2,63,9,3,0,0,0,0,0,9,9,E01012138,-1,0,0.05046,0.94954,-1,0
2021211059151,2021,211059151,1,1,1,2,23,5,2,0,0,0,0,0,9,4,E01029831,5,1,1,0,-1,0
2021221108433,2021,221108433,2,2,1,2,32,6,2,0,0,0,0,0,9,8,E01032286,7,1,1,0,-1,0
2021401043920,2021,401043920,1,3,2,1,24,5,3,0,0,2,0,0,9,6,E01004518,3,1,0,1,-1,0
2021440163653,2021,440163653,2,1,1,2,57,9,3,0,0,0,0,0,9,6,E01031408,-1,0,0,1,-1,0
2021552100297,2021,552100297,2,1,1,1,31,6,3,0,0,0,0,0,1,9,E01020385,-1,0,0.02128,0.97872,-1,0
2021991110329,2021,991110329,2,1,1,2,65,9,3,0,0,0,0,0,1,7,-1,3,1,0,1,-1,0
2021421082627,2021,421082627,1,1,1,1,67,10,3,0,0,0,0,0,3,4,E01021809,3,1,0,1,-1,0
2021471103912,2021,471103912,1,1,1,1,18,4,3,0,0,0,0,0,3,8,E01031545,3,1,0,1,-1,0
2021991046957,2021,991046957,2,1,1,1,52,8,3,0,0,0,0,0,4,6,-1,3,1,0,1,-1,0
2021101031115,2021,101031115,2,1,1,1,42,7,3,0,0,0,0,0,5,2,E01008670,3,1,0,1,-1,0
202131C147221,2021,31C147221,1,1,1,1,29,6,3,0,0,0,0,0,5,3,E01013926,-1,0,0.14042,0.85958,-1,0
2021421095432,2021,421095432,2,1,1,1,67,10,2,0,0,0,0,0,5,5,E01021901,7,1,1,0,-1,0
202163D020421,2021,63D020421,2,1,1,1,78,11,3,0,0,0,0,0,5,10,W01001156,-1,0,0.21207,0.78793,-1,0
2021041067364,2021,041067364,2,1,1,1,50,8,3,0,0,0,0,0,90,1,E01012637,3,1,0,1,-1,0
2021201036218,2021,201036218,1,1,3,1,17,4,2,5,4,0,0,2,0,1,E01009355,5,1,1,0,-1,0
2021531074553,2021,531074553,3,2,2,1,19,4,3,0,0,0,0,0,19,1,E01014688,3,1,0,1,-1,0
2021041022314,2021,041022314,2,1,1,1,40,7,2,0,0,0,0,0,9,5,E01012645,7,1,1,0,-1,0
2021131120145,2021,131120145,1,2,1,1,33,6,3,0,0,0,0,0,9,1,E01024907,3,1,0,1,-1,0
2021161038634,2021,161038634,2,1,1,2,29,6,3,0,0,0,0,0,9,6,E01013006,3,1,0,1,-1,0
2021371051875,2021,371051875,1,1,1,1,41,7,2,0,0,0,0,0,9,8,E01028367,7,1,1,0,-1,0
2021440167003,2021,440167003,1,2,1,1,25,5,3,0,0,0,0,0,9,3,E01016442,-1,0,0,1,-1,0
2021471081623,2021,471081623,2,2,2,2,30,6,3,0,0,2,0,0,9,8,E01005767,3,1,0,1,-1,0
2021501048748,2021,501048748,1,1,1,2,30,6,3,0,0,0,0,0,9,4,E01015236,3,1,0,1,-1,0
2021501064675,2021,501064675,1,1,1,1,34,6,3,0,0,0,0,0,9,1,E01032318,3,1,0,1,-1,0
2021531057976,2021,531057976,2,1,1,2,60,9,3,0,0,0,0,0,9,3,E01022256,3,1,0,1,-1,0
2021991045652,2021,991045652,2,1,1,2,43,7,3,0,0,0,0,0,9,7,-1,3,1,0,1,-1,0
2021010291243,2021,010291243,1,1,1,1,48,8,3,0,0,0,0,0,1,1,E01003048,-1,0,0,1,-1,0
2021542713521,2021,542713521,2,1,1,1,32,6,3,0,0,0,0,0,21,2,E01015086,-1,0,0.0184,0.9816,-1,0
2021070342337,2021,070342337,1,1,1,1,19,4,2,0,0,0,0,0,3,7,E01018338,-1,0,1,0,-1,0
2021122101025,2021,122101025,2,1,1,1,69,10,2,0,0,0,0,0,4,10,E01013358,-1,0,1,0,-1,0
2021522102461,2021,522102461,2,1,1,1,54,8,2,0,0,0,0,0,4,4,E01014704,-1,0,1,0,-1,0
2021991067177,2021,991067177,1,1,1,1,56,9,1,0,0,0,0,0,5,10,-1,1,1,0,0,-1,0
2021471101259,2021,471101259,1,1,3,2,11,3,3,8,7,0,0,1,0,8,E01032835,3,1,0,1,-1,0
2021010348680,2021,010348680,1,1,3,1,31,6,3,8,1,0,0,0,0,2,E01003093,-1,0,0,1,-1,0
202131C104421,2021,31C104421,1,1,3,1,32,6,3,1,3,0,0,0,0,5,E01013913,-1,0,0.07482,0.92518,-1,0
2021010304704,2021,010304704,1,1,1,1,51,8,3,0,0,0,0,0,1,3,E01001794,-1,0,0,1,-1,0
2021010323882,2021,010323882,1,1,1,1,24,5,3,0,0,0,0,0,1,3,E01003014,-1,0,0,1,-1,0
2021010328862,2021,010328862,1,1,1,1,35,6,3,0,0,0,0,0,5,-1,-1,-1,0,0,1,-1,0
2021010340209,2021,010340209,2,2,1,1,31,6,3,0,0,0,0,0,9,4,E01002802,-1,0,0,1,-1,0
2021052101924,2021,052101924,3,4,1,2,34,6,3,0,0,0,0,0,9,9,E01007027,-1,0,0.03107,0.96893,-1,0
2021070108834,2021,070108834,2,1,1,2,52,8,3,0,0,0,0,0,9,8,E01012485,-1,0,0.01158,0.98842,-1,0
2021231029106,2021,231029106,2,3,2,2,9,2,3,0,0,2,0,0,9,-1,-1,3,1,0,1,-1,0
2021302101243,2021,302101243,1,1,1,2,37,7,3,0,0,0,0,0,9,6,E01027989,-1,0,0.00401,0.99599,-1,0
2021421019619,2021,421019619,1,2,1,1,30,6,3,0,0,0,0,0,9,5,E01003663,3,1,0,1,-1,0
2021501079684,2021,501079684,2,1,1,2,51,8,3,0,0,0,0,0,9,4,E01018812,3,1,0,1,-1,0
2021541018321,2021,541018321,1,1,1,1,93,11,3,0,0,0,0,0,9,-1,-1,-1,0,0.1136,0.8864,-1,0
2021552100917,2021,552100917,1,1,2,2,33,6,3,0,0,1,0,0,9,7,E01020360,-1,0,0.06922,0.93078,-1,0
202160Z159977,2021,60Z159977,1,1,2,2,27,6,2,0,0,2,0,0,9,-1,-1,-1,0,1,0,-1,0
202160Z161289,2021,60Z161289,2,2,2,2,85,11,3,0,0,1,0,0,9,-1,-1,-1,0,0.043,0.957,-1,0
2021622200009,2021,622200009,1,1,1,2,23,5,3,0,0,0,0,0,9,1,W01001481,-1,0,0.01495,0.98505,-1,0
2021332100844,2021,332100844,5,5,1,1,34,6,3,0,0,0,0,0,98,3,E01019404,-1,0,0.02246,0.97754,-1,0
2021010316255,2021,010316255,1,1,3,2,46,8,3,1,9,0,0,1,0,8,E01004582,-1,0,0,1,-1,0
2021138241407,2021,138241407,1,1,3,1,41,7,2,5,3,0,0,0,0,1,E01011338,-1,0,1,0,-1,0
2021371066887,2021,371066887,1,1,3,2,77,11,3,9,5,0,0,0,0,5,E01030219,3,1,0,1,-1,0
2021010314072,2021,010314072,1,1,1,2,29,6,3,0,0,0,0,0,1,3,E01001508,-1,0,0,1,-1,0
2021010331684,2021,010331684,1,1,1,1,18,4,3,0,0,0,0,0,1,6,E01003738,-1,0,0,1,-1,0
2021111112314,2021,111112314,1,2,2,1,20,4,2,0,0,0,0,0,3,3,E01020836,7,1,1,0,-1,0
2021430209891,2021,430209891,2,1,1,1,27,6,2,0,0,0,0,0,3,2,E01028567,-1,0,1,0,-1,0
2021010295554,2021,010295554,1,1,1,1,28,6,3,0,0,0,0,0,4,2,E01002031,-1,0,0,1,-1,0
2021010333449,2021,010333449,1,1,1,1,37,7,3,0,0,0,0,0,4,8,E01002975,-1,0,0,1,-1,0
2021461065534,2021,461065534,1,1,1,1,50,8,2,0,0,0,0,0,5,7,E01024572,7,1,1,0,-1,0
2021010288848,2021,010288848,1,1,1,1,29,6,3,0,0,0,0,0,9,9,E01003857,-1,0,0,1,-1,0
2021010342246,2021,010342246,1,1,1,1,22,5,3,0,0,0,0,0,9,2,E01004008,-1,0,0,1,-1,0
2021201085128,2021,201085128,1,2,2,2,13,3,3,0,0,2,0,0,9,2,E01010449,3,1,0,1,-1,0
2021320175763,2021,320175763,2,1,1,2,45,7,3,0,0,0,0,0,9,5,E01026249,-1,0,0.02574,0.97426,-1,0
2021440167003,2021,440167003,2,1,2,1,50,8,2,0,0,2,0,0,9,7,E01017344,-1,0,0.89883,0.10117,-1,0
2021471110762,2021,471110762,4,1,1,1,57,9,3,0,0,0,0,0,9,7,E01016913,3,1,0,1,-1,0
2021041091768,2021,041091768,2,1,1,1,30,6,3,0,0,0,0,0,19,8,E01025420,3,1,0,1,-1,0
2021430213016,2021,430213016,2,1,2,1,45,7,3,0,0,0,0,0,19,3,E01002562,-1,0,0.01639,0.98361,-1,0
2021471050546,2021,471050546,2,1,1,1,45,7,3,0,0,0,0,0,19,4,E01031469,3,1,0,1,-1,0
2021302101708,2021,302101708,1,1,3,1,9,2,3,5,3,0,0,0,0,6,E01019434,-1,0,0.03709,0.96291,-1,0
2021461063321,2021,461063321,1,1,3,1,31,6,3,6,9,0,0,1,0,4,E01024086,3,1,0,1,-1,0
2021991103608,2021,991103608,1,1,3,1,29,6,3,5,3,0,0,1,0,5,-1,3,1,0,1,-1,0
2021010338752,2021,010338752,2,1,1,1,35,6,3,0,0,0,0,0,1,2,E01033586,-1,0,0,1,-1,0
2021991129977,2021,991129977,2,1,1,1,63,9,3,0,0,0,0,0,1,10,-1,3,1,0,1,-1,0
2021010306534,2021,010306534,1,1,1,2,30,6,3,0,0,0,0,0,9,10,E01002191,-1,0,0,1,-1,0
2021041116365,2021,041116365,1,1,1,1,83,11,3,0,0,0,0,0,9,6,E01012719,3,1,0,1,-1,0
2021161069184,2021,161069184,3,3,2,2,76,11,3,0,0,1,0,0,9,7,E01013307,3,1,0,1,-1,0
2021201118172,2021,201118172,2,1,1,1,40,7,3,0,0,0,0,0,9,7,E01029376,3,1,0,1,-1,0
2021221109183,2021,221109183,2,2,1,1,33,6,3,0,0,0,0,0,9,6,E01029707,3,1,0,1,-1,0
2021430170053,2021,430170053,1,1,1,2,35,6,3,0,0,0,0,0,9,6,E01016492,-1,0,0.00154,0.99846,-1,0
2021440498471,2021,440498471,2,1,1,2,49,8,3,0,0,0,0,0,9,9,E01023163,-1,0,0,1,-1,0
2021461073526,2021,461073526,2,2,2,1,21,5,3,0,0,1,0,0,9,1,E01016083,3,1,0,1,-1,0
2021991102780,2021,991102780,2,1,2,2,26,6,3,0,0,1,0,0,9,10,-1,3,1,0,1,-1,0
2021430250033,2021,430250033,3,2,1,1,69,10,3,0,0,0,0,0,19,4,E01018024,-1,0,0.02623,0.97377,-1,0
2021010317725,2021,010317725,1,1,2,1,2,1,3,0,0,0,4,0,11,3,E01003104,-1,0,0,1,-1,0
2021010304530,2021,010304530,3,2,1,2,28,6,2,0,0,0,0,0,9,2,E01004696,-1,0,1,0,-1,0
2021010308556,2021,010308556,1,1,1,1,38,7,3,0,0,0,0,0,9,3,E01001637,-1,0,0,1,-1,0
2021141021009,2021,141021009,2,2,1,1,21,5,3,0,0,0,0,0,9,7,E01007689,3,1,0,1,-1,0
2021201061546,2021,201061546,2,1,1,2,21,5,3,0,0,0,0,0,9,8,E01009068,3,1,0,1,-1,0
2021221117601,2021,221117601,2,4,2,2,8,2,3,0,0,2,0,0,9,7,E01023679,3,1,0,1,-1,0
2021221118281,2021,221118281,1,1,1,2,64,9,3,0,0,0,0,0,9,7,E01028951,3,1,0,1,-1,0
2021231029106,2021,231029106,2,1,1,2,29,6,3,0,0,0,0,0,9,5,E01031311,3,1,0,1,-1,0
202131D172321,2021,31D172321,1,3,2,2,82,11,3,0,0,2,0,0,9,7,E01028175,-1,0,0.07304,0.92696,-1,0
2021430250033,2021,430250033,1,1,1,1,73,10,3,0,0,0,0,0,9,9,E01017829,-1,0,0.01469,0.98531,-1,0
2021430543486,2021,430543486,2,1,1,1,31,6,3,0,0,0,0,0,9,9,E01017693,-1,0,0.01642,0.98358,-1,0
2021461038039,2021,461038039,2,2,1,1,19,4,3,0,0,0,0,0,9,6,E01024357,3,1,0,1,-1,0
2021991081350,2021,991081350,1,1,1,1,22,5,2,0,0,0,0,0,21,4,E01027408,6,1,1,0,-1,0
2021201049177,2021,201049177,1,1,1,1,55,8,3,0,0,0,0,0,98,2,E01010074,3,1,0,1,-1,0
2021461097313,2021,461097313,1,1,1,1,22,5,2,0,0,0,0,0,3,3,E01024169,7,1,1,0,-1,0
2021131038260,2021,131038260,1,1,3,1,45,7,2,7,1,0,0,2,0,1,E01011349,5,1,1,0,-1,0
2021201087112,2021,201087112,1,1,3,2,20,4,2,1,3,0,0,1,0,3,E01018769,7,1,1,0,-1,0
2021411110459,2021,411110459,2,1,3,1,50,8,3,7,9,0,0,0,0,9,E01017415,3,1,0,1,-1,0
2021471103069,2021,471103069,1,1,3,1,-1,-1,3,9,8,0,0,0,0,3,E01016869,3,1,0,1,-1,0
2021501103306,2021,501103306,1,1,3,1,26,6,3,10,9,0,0,1,0,4,E01018894,3,1,0,1,-1,0
2021430119441,2021,430119441,5,5,1,1,51,8,3,0,0,0,0,0,19,7,E01013173,-1,0,0.01552,0.98448,-1,0
2021010291614,2021,010291614,1,1,2,2,77,11,3,0,0,0,4,0,11,3,E01004344,-1,0,0,1,-1,0
2021041013097,2021,041013097,2,1,1,1,79,11,3,0,0,0,0,0,9,6,E01024915,3,1,0,1,-1,0
2021041079339,2021,041079339,1,2,2,2,65,9,3,0,0,1,0,0,9,7,E01017323,3,1,0,1,-1,0
2021052100119,2021,052100119,1,1,1,1,18,4,3,0,0,0,0,0,9,1,E01006963,-1,0,0.0583,0.9417,-1,0
2021440043995,2021,440043995,1,1,1,1,42,7,3,0,0,0,0,0,9,3,E01022840,-1,0,0,1,-1,0
2021471022980,2021,471022980,2,1,1,1,46,8,3,0,0,0,0,0,9,6,E01021034,3,1,0,1,-1,0
2021010310961,2021,010310961,2,1,1,2,25,5,2,0,0,0,0,0,1,2,E01004251,-1,0,1,0,-1,0
2021010348824,2021,010348824,2,1,1,1,48,8,3,0,0,0,0,0,1,5,E01004522,-1,0,0,1,-1,0
2021010306026,2021,010306026,2,1,1,1,46,8,3,0,0,0,0,0,3,5,E01000144,-1,0,0,1,-1,0
2021141013098,2021,141013098,1,2,3,2,8,2,3,1,2,0,0,0,0,2,E01007497,3,1,0,1,-1,0
2021320658807,2021,320658807,1,1,3,1,56,9,2,9,5,0,0,1,0,4,E01019519,-1,0,1,0,-1,0
2021371070134,2021,371070134,2,3,2,1,23,5,3,0,0,0,0,0,19,8,E01010201,3,1,0,1,-1,0
2021531074553,2021,531074553,2,4,2,1,26,6,3,0,0,0,0,0,19,3,E01008953,3,1,0,1,-1,0
2021010318324,2021,010318324,1,1,3,1,75,10,3,8,7,0,0,0,0,10,E01021253,-1,0,0,1,-1,0
2021010315226,2021,010315226,1,1,1,1,23,5,3,0,0,0,0,0,1,8,E01002581,-1,0,0,1,-1,0
2021481153475,2021,481153475,2,1,1,1,26,6,3,0,0,0,0,0,1,-1,-1,3,1,0,1,-1,0
2021991106543,2021,991106543,1,1,1,1,65,9,2,0,0,0,0,0,1,7,-1,6,1,1,0,-1,0
2021010296334,2021,010296334,2,2,2,1,13,3,2,0,0,0,0,0,3,7,E01004605,-1,0,1,0,-1,0
2021131092914,2021,131092914,2,1,1,1,17,4,2,0,0,0,0,0,4,1,E01010938,7,1,1,0,-1,0
2021401056756,2021,401056756,1,1,1,1,53,8,3,0,0,0,0,0,5,7,E01017584,3,1,0,1,-1,0
2021010297489,2021,010297489,1,1,1,2,35,6,3,0,0,0,0,0,9,6,E01030363,-1,0,0,1,-1,0
2021201031880,2021,201031880,2,2,2,2,47,8,3,0,0,2,0,0,9,5,E01009739,3,1,0,1,-1,0
2021531061921,2021,531061921,1,1,1,1,45,7,2,0,0,0,0,0,9,5,E01009280,6,1,1,0,-1,0
202163C026021,2021,63C026021,2,1,2,1,25,5,3,0,0,1,0,0,9,3,W01000907,-1,0,0.02275,0.97725,-1,0
202163D013421,2021,63D013421,2,1,1,2,40,7,3,0,0,0,0,0,9,9,W01000482,-1,0,0.0122,0.9878,-1,0
2021031108660,2021,031108660,1,6,2,2,12,3,3,0,0,0,4,0,11,7,E01019357,3,1,0,1,-1,0
202134WNC4561,2021,34WNC4561,3,2,1,1,45,7,3,0,0,0,0,0,19,8,E01027207,-1,0,0,1,-1,0
2021201097861,2021,201097861,1,1,3,1,49,8,2,4,1,0,0,2,0,2,E01009383,6,1,1,0,-1,0
2021552100230,2021,552100230,2,1,1,1,43,7,3,0,0,0,0,0,1,3,E01015308,-1,0,0.09453,0.90547,-1,0
2021010314233,2021,010314233,1,1,1,1,27,6,3,0,0,0,0,0,3,8,E01000230,-1,0,0,1,-1,0
2021010287857,2021,010287857,2,1,1,1,28,6,3,0,0,0,0,0,9,8,E01000394,-1,0,0,1,-1,0
2021010290942,2021,010290942,1,1,1,2,34,6,3,0,0,0,0,0,9,2,E01002840,-1,0,0,1,-1,0
2021010316114,2021,010316114,1,1,2,1,42,7,3,0,0,1,0,0,9,3,E01002400,-1,0,0,1,-1,0
2021010317280,2021,010317280,1,2,2,2,-1,-1,3,0,0,1,0,0,9,2,E01003108,-1,0,0,1,-1,0
2021010345515,2021,010345515,2,2,1,1,37,7,3,0,0,0,0,0,9,1,E01001574,-1,0,0,1,-1,0
2021101069702,2021,101069702,2,1,1,1,69,10,3,0,0,0,0,0,9,4,E01033077,3,1,0,1,-1,0
2021101072205,2021,101072205,2,1,1,1,47,8,3,0,0,0,0,0,9,3,E01008769,3,1,0,1,-1,0
2021170S20431,2021,170S20431,1,1,1,2,61,9,3,0,0,0,0,0,9,1,E01012286,-1,0,0.06226,0.93774,-1,0
2021201085128,2021,201085128,2,3,2,2,22,5,3,0,0,1,0,0,9,6,E01032129,3,1,0,1,-1,0
2021320175763,2021,320175763,1,2,1,2,29,6,2,0,0,0,0,0,9,4,E01026016,-1,0,1,0,-1,0
202134NNC1961,2021,34NNC1961,2,1,1,1,40,7,3,0,0,0,0,0,9,4,E01017475,-1,0,0,1,-1,0
2021361121426,2021,361121426,2,1,1,2,56,9,3,0,0,0,0,0,9,8,E01026857,3,1,0,1,-1,0
2021421112432,2021,421112432,2,1,1,1,42,7,3,0,0,0,0,0,9,2,E01021697,3,1,0,1,-1,0
2021440507209,2021,440507209,3,2,2,2,28,6,3,0,0,1,0,0,9,5,E01022842,-1,0,0,1,-1,0
2021201090376,2021,201090376,2,2,1,2,54,8,3,0,0,0,0,0,19,8,E01029799,3,1,0,1,-1,0
2021430119441,2021,430119441,1,1,1,1,35,6,3,0,0,0,0,0,19,10,E01017703,-1,0,0.04298,0.95702,-1,0
2021010298474,2021,010298474,2,1,1,1,33,6,2,0,0,0,0,0,33,2,E01002615,-1,0,1,0,-1,1
2021010343920,2021,010343920,1,1,1,1,25,5,3,0,0,0,0,0,1,4,E01000155,-1,0,0,1,-1,0
2021010337555,2021,010337555,1,1,1,1,40,7,3,0,0,0,0,0,3,4,E01003447,-1,0,0,1,-1,0
2021552101254,2021,552101254,1,1,1,1,57,9,3,0,0,0,0,0,3,3,E01015294,-1,0,0.12652,0.87348,-1,0
2021351046827,2021,351046827,2,1,1,1,22,5,2,0,0,0,0,0,4,4,E01017953,7,1,1,0,-1,0
2021010288016,2021,010288016,1,1,1,2,35,6,3,0,0,0,0,0,9,4,E01003034,-1,0,0,1,-1,0
2021010295870,2021,010295870,1,1,1,2,42,7,3,0,0,0,0,0,9,2,E01004385,-1,0,0,1,-1,0
2021101040678,2021,101040678,3,1,1,2,43,7,3,0,0,0,0,0,9,-1,-1,3,1,0,1,-1,0
2021141076120,2021,141076120,2,1,1,1,85,11,3,0,0,0,0,0,9,1,E01008022,3,1,0,1,-1,0
2021501015997,2021,501015997,1,1,1,2,34,6,3,0,0,0,0,0,9,4,E01019057,3,1,0,1,-1,0
2021610016321,2021,610016321,1,1,1,2,77,11,3,0,0,0,0,0,9,-1,-1,-1,0,0.09947,0.90053,-1,0
2021221025123,2021,221025123,1,1,1,1,69,10,3,0,0,0,0,0,19,1,E01007453,3,1,0,1,-1,0
2021421027518,2021,421027518,1,2,3,2,5,1,3,1,1,0,0,0,0,4,E01015831,3,1,0,1,-1,0
2021061096679,2021,061096679,2,1,1,1,31,6,3,0,0,0,0,0,1,1,E01005261,3,1,0,1,-1,0
2021430361812,2021,430361812,1,1,1,1,18,4,3,0,0,0,0,0,3,10,E01017765,-1,0,0.01518,0.98482,-1,0
2021430334691,2021,430334691,1,1,1,1,66,10,3,0,0,0,0,0,4,10,E01017630,-1,0,0.07578,0.92422,-1,0
202163D095721,2021,63D095721,1,1,1,1,58,9,3,0,0,0,0,0,5,-1,-1,-1,0,0.17905,0.82095,-1,0
2021211127523,2021,211127523,1,2,2,2,23,5,2,0,0,1,0,0,9,-1,-1,6,1,1,0,-1,0
2021302100381,2021,302100381,3,2,1,1,29,6,3,0,0,0,0,0,9,2,E01013497,-1,0,0.01313,0.98687,-1,0
2021302101049,2021,302101049,1,1,1,2,39,7,3,0,0,0,0,0,9,8,E01028096,-1,0,0.04852,0.95148,-1,0
202131B000621,2021,31B000621,2,1,1,2,33,6,3,0,0,0,0,0,9,7,E01028021,-1,0,0.03331,0.96669,-1,0
202131B201921,2021,31B201921,1,1,1,1,22,5,3,0,0,0,0,0,9,-1,-1,-1,0,0.12113,0.87887,-1,0
2021351116996,2021,351116996,4,3,1,1,34,6,3,0,0,0,0,0,9,9,E01018181,3,1,0,1,-1,0
2021451069102,2021,451069102,2,2,1,1,49,8,3,0,0,0,0,0,9,8,E01030662,3,1,0,1,-1,0
2021471126209,2021,471126209,1,1,1,2,35,6,3,0,0,0,0,0,9,6,E01032833,3,1,0,1,-1,0
202163D014121,2021,63D014121,1,1,1,2,23,5,3,0,0,0,0,0,9,7,E01028915,-1,0,0.02684,0.97316,-1,0
2021430518991,2021,430518991,1,1,1,1,29,6,3,0,0,0,0,0,19,2,E01004008,-1,0,0.02048,0.97952,-1,0
2021401062750,2021,401062750,4,4,2,1,20,4,3,0,0,0,0,0,20,3,E01023920,3,1,0,1,-1,0
2021010331034,2021,010331034,1,1,3,1,47,8,3,5,1,0,0,0,0,1,E01001944,-1,0,0,1,-1,0
2021161029002,2021,161029002,1,1,3,1,43,7,2,8,9,0,0,0,0,2,E01033104,5,1,1,0,-1,0
2021302100825,2021,302100825,1,1,3,2,13,3,3,4,9,0,0,0,0,6,E01019815,-1,0,0.0598,0.9402,-1,0
2021451056193,2021,451056193,1,1,1,1,28,6,3,0,0,0,0,0,3,8,E01003827,3,1,0,1,-1,0
202134NNC3461,2021,34NNC3461,1,1,1,1,54,8,2,0,0,0,0,0,5,4,E01027320,-1,0,0.92648,0.07352,-1,0
2021010314119,2021,010314119,1,1,1,2,42,7,3,0,0,0,0,0,9,1,E01002673,-1,0,0,1,-1,0
2021010317666,2021,010317666,1,1,1,1,50,8,3,0,0,0,0,0,9,2,E01003556,-1,0,0,1,-1,0
2021010337047,2021,010337047,1,1,1,2,27,6,3,0,0,0,0,0,9,6,E01001319,-1,0,0,1,-1,0
2021052100836,2021,052100836,4,3,1,1,59,9,3,0,0,0,0,0,9,4,E01006543,-1,0,0.02731,0.97269,-1,0
2021351052847,2021,351052847,5,5,1,1,24,5,3,0,0,0,0,0,9,3,E01022237,3,1,0,1,-1,0
2021430328362,2021,430328362,2,1,1,1,45,7,3,0,0,0,0,0,9,4,E01000633,-1,0,0.01337,0.98663,-1,0
2021430444191,2021,430444191,1,1,1,1,91,11,3,0,0,0,0,0,9,5,E01016503,-1,0,0.0699,0.9301,-1,0
202163D088421,2021,63D088421,2,1,1,1,61,9,3,0,0,0,0,0,9,-1,-1,-1,0,0.03469,0.96531,-1,0
2021141082403,2021,141082403,1,1,1,1,32,6,3,0,0,0,0,0,19,4,E01011007,3,1,0,1,-1,0
2021531074553,2021,531074553,3,1,1,1,43,7,3,0,0,0,0,0,19,1,E01014688,3,1,0,1,-1,0
2021052101803,2021,052101803,1,1,3,2,70,10,3,9,8,0,0,0,0,4,E01008178,-1,0,0.16517,0.83483,-1,0
2021991105261,2021,991105261,1,1,3,1,5,1,3,1,4,0,0,0,0,3,-1,3,1,0,1,-1,0
2021131065561,2021,131065561,2,1,1,1,38,7,3,0,0,0,0,0,1,8,E01032945,3,1,0,1,-1,0
2021010302732,2021,010302732,1,1,1,1,25,5,3,0,0,0,0,0,3,6,E01000193,-1,0,0,1,-1,0
2021010312732,2021,010312732,2,1,1,1,49,8,3,0,0,0,0,0,3,5,E01000264,-1,0,0,1,-1,0
2021010338634,2021,010338634,1,1,1,1,24,5,3,0,0,0,0,0,4,2,E01033485,-1,0,0,1,-1,0
2021052100934,2021,052100934,2,3,2,2,56,9,3,0,0,1,0,0,9,2,E01006441,-1,0,0.02809,0.97191,-1,0
2021070768755,2021,070768755,1,1,1,2,46,8,3,0,0,0,0,0,9,3,E01011541,-1,0,0.04177,0.95823,-1,0
2021101037543,2021,101037543,2,1,1,2,32,6,3,0,0,0,0,0,9,1,E01008542,3,1,0,1,-1,0
2021471041203,2021,471041203,1,2,2,1,27,6,3,0,0,1,0,0,9,3,E01030588,3,1,0,1,-1,0
2021010330110,2021,010330110,1,1,3,2,85,11,3,4,3,0,0,0,0,2,E01004003,-1,0,0,1,-1,0
2021440147143,2021,440147143,1,1,3,1,46,8,2,9,5,0,0,1,0,8,E01017293,-1,0,0.93154,0.06846,-1,0
2021010319501,2021,010319501,4,2,1,1,23,5,2,0,0,0,0,0,1,2,E01004729,-1,0,1,0,-1,0
2021471023877,2021,471023877,2,1,1,1,60,9,3,0,0,0,0,0,1,4,E01020965,3,1,0,1,-1,0
2021351057155,2021,351057155,2,1,1,1,18,4,2,0,0,0,0,0,2,5,E01017997,7,1,1,0,-1,0
2021010291788,2021,010291788,1,1,1,2,27,6,3,0,0,0,0,0,3,2,E01003181,-1,0,0,1,-1,0
2021201072677,2021,201072677,2,2,1,1,60,9,2,0,0,0,0,0,4,6,E01029826,7,1,1,0,-1,0
2021010311697,2021,010311697,2,2,1,2,37,7,3,0,0,0,0,0,9,8,E01016568,-1,0,0,1,-1,0
2021041084996,2021,041084996,1,3,1,1,36,7,3,0,0,0,0,0,9,8,E01006403,3,1,0,1,-1,0
2021050646701,2021,050646701,1,2,1,2,24,5,3,0,0,0,0,0,9,1,E01006585,-1,0,0.03982,0.96018,-1,0
2021320756465,2021,320756465,1,4,1,2,22,5,3,0,0,0,0,0,9,3,E01026104,-1,0,0.04073,0.95927,-1,0
2021331080696,2021,331080696,2,1,1,2,22,5,3,0,0,0,0,0,9,7,E01011941,3,1,0,1,-1,0
2021340558915,2021,340558915,2,1,1,1,39,7,3,0,0,0,0,0,9,6,E01028703,-1,0,0,1,-1,0
2021361033453,2021,361033453,2,1,2,1,17,4,3,0,0,1,0,0,9,8,E01026855,3,1,0,1,-1,0
2021361052140,2021,361052140,3,4,2,1,60,9,3,0,0,1,0,0,9,5,E01017412,3,1,0,1,-1,0
2021430495981,2021,430495981,1,1,1,2,38,7,3,0,0,0,0,0,9,8,E01016557,-1,0,0.00181,0.99819,-1,0
2021440329367,2021,440329367,1,1,1,2,32,6,2,0,0,0,0,0,9,6,E01017018,-1,0,0.89594,0.10406,-1,0
2021471088935,2021,471088935,2,1,1,2,26,6,3,0,0,0,0,0,9,4,E01031553,3,1,0,1,-1,0
2021010314953,2021,010314953,1,1,1,1,35,6,3,0,0,0,0,0,33,8,E01001030,-1,0,0,1,-1,1
2021010294709,2021,010294709,3,2,1,1,45,7,3,0,0,0,0,0,9,6,E01024180,-1,0,0,1,-1,0
2021131041220,2021,131041220,1,2,2,1,27,6,3,0,0,1,0,0,9,7,E01010976,3,1,0,1,-1,0
2021201052046,2021,201052046,2,1,1,1,39,7,3,0,0,0,0,0,9,4,E01009238,3,1,0,1,-1,0
2021501048748,2021,501048748,2,2,1,2,56,9,3,0,0,0,0,0,9,8,E01020250,3,1,0,1,-1,0
202163A060221,2021,63A060221,1,1,1,2,21,5,3,0,0,2,0,0,9,-1,-1,-1,0,0.05024,0.94976,-1,0
2021991034314,2021,991034314,2,1,1,1,40,7,3,0,0,0,0,0,9,1,-1,3,1,0,1,-1,0
2021430082851,2021,430082851,1,1,1,1,17,4,3,0,0,0,0,0,1,8,E01028630,-1,0,0.02861,0.97139,-1,0
2021991081249,2021,991081249,2,1,1,1,31,6,2,0,0,0,0,0,1,4,-1,7,1,1,0,-1,0
2021101014948,2021,101014948,2,2,1,1,34,6,3,0,0,0,0,0,21,3,E01008486,3,1,0,1,-1,0
2021302100315,2021,302100315,2,1,1,1,49,8,3,0,0,0,0,0,4,5,E01019582,-1,0,0.0596,0.9404,-1,0
2021010307806,2021,010307806,1,1,3,2,40,7,3,1,3,0,0,0,0,3,E01003295,-1,0,0,1,-1,0
2021010337239,2021,010337239,1,1,3,1,78,11,3,5,3,0,0,0,0,5,E01000285,-1,0,0,1,-1,0
2021052101092,2021,052101092,1,1,3,1,15,3,3,5,2,0,0,0,0,8,E01006938,-1,0,0.09222,0.90778,-1,0
2021052101525,2021,052101525,2,3,2,2,35,6,3,0,0,2,0,0,8,2,E01006660,-1,0,0.02871,0.97129,-1,0
2021010330429,2021,010330429,1,1,1,1,36,7,2,0,0,0,0,0,1,4,E01003212,-1,0,1,0,-1,0
2021544211921,2021,544211921,1,1,1,1,20,4,3,0,0,0,0,0,1,2,E01031896,-1,0,0.08997,0.91003,-1,0
2021111112314,2021,111112314,1,1,1,1,21,5,2,0,0,0,0,0,3,2,E01020820,7,1,1,0,-1,0
2021610059421,2021,610059421,1,1,1,2,50,8,3,0,0,0,0,0,4,7,W01001584,-1,0,0.04353,0.95647,-1,0
2021161111777,2021,161111777,2,1,1,1,28,6,3,0,0,0,0,0,9,5,E01012768,3,1,0,1,-1,0
2021161126684,2021,161126684,1,1,1,2,22,5,3,0,0,0,0,0,9,-1,-1,3,1,0,1,-1,0
2021201028606,2021,201028606,1,1,1,1,28,6,3,0,0,0,0,0,9,1,E01033643,3,1,0,1,-1,0
2021211053506,2021,211053506,1,1,2,2,45,7,3,0,0,1,0,0,9,4,E01028882,3,1,0,1,-1,0
2021231081029,2021,231081029,2,2,1,2,63,9,3,0,0,0,0,0,9,1,E01008932,3,1,0,1,-1,0
202131C029821,2021,31C029821,2,1,2,2,45,7,3,0,0,1,0,0,9,3,E01013929,-1,0,0.02994,0.97006,-1,0
2021430257794,2021,430257794,2,5,2,1,16,4,3,0,0,2,0,0,9,6,E01028548,-1,0,0.02618,0.97382,-1,0
2021430474628,2021,430474628,1,1,1,1,29,6,3,0,0,0,0,0,9,5,E01016461,-1,0,0.00603,0.99397,-1,0
2021531056676,2021,531056676,3,2,1,2,62,9,2,0,0,0,0,0,9,3,E01022237,6,1,1,0,-1,0
2021531084944,2021,531084944,2,1,1,2,34,6,3,0,0,0,0,0,16,9,E01022143,3,1,0,1,-1,0
2021010345617,2021,010345617,2,1,1,1,34,6,3,0,0,0,0,0,33,2,E01000958,-1,0,0,1,-1,1
2021010343957,2021,010343957,1,1,1,2,53,8,3,0,0,0,0,0,9,-1,-1,-1,0,0,1,-1,0
2021010347080,2021,010347080,2,1,1,2,24,5,2,0,0,0,0,0,9,6,E01004706,-1,0,1,0,-1,0
2021031027520,2021,031027520,1,1,1,2,24,5,3,0,0,0,0,0,9,9,E01019190,3,1,0,1,-1,0
2021041096391,2021,041096391,2,1,1,2,20,4,3,0,0,0,0,0,9,1,E01012578,3,1,0,1,-1,0
2021070482714,2021,070482714,2,3,2,1,5,1,3,0,0,2,0,0,9,3,E01018435,-1,0,0.00526,0.99474,-1,0
2021131101244,2021,131101244,1,1,1,1,42,7,3,0,0,0,0,0,9,3,E01010662,3,1,0,1,-1,0
2021161090244,2021,161090244,2,1,1,2,39,7,3,0,0,0,0,0,9,8,E01012812,3,1,0,1,-1,0
202131B000621,2021,31B000621,1,2,2,1,72,10,3,0,0,1,0,0,9,6,E01028037,-1,0,0.03728,0.96272,-1,0
2021351072639,2021,351072639,1,4,2,2,63,9,3,0,0,1,0,0,9,2,E01017472,3,1,0,1,-1,0
2021371121429,2021,371121429,2,1,1,2,71,10,3,0,0,0,0,0,9,7,E01024109,3,1,0,1,-1,0
2021401024177,2021,401024177,1,1,1,1,51,8,3,0,0,0,0,0,9,3,E01013765,3,1,0,1,-1,0
2021421103641,2021,421103641,1,1,1,1,18,4,3,0,0,0,0,0,9,-1,-1,3,1,0,1,-1,0
2021451052026,2021,451052026,1,1,1,2,40,7,3,0,0,0,0,0,9,5,E01030656,3,1,0,1,-1,0
2021471084790,2021,471084790,3,1,2,2,2,1,3,0,0,2,0,0,9,3,E01031789,3,1,0,1,-1,0
2021548002221,2021,548002221,2,1,2,2,43,7,3,0,0,1,0,0,9,9,E01032713,-1,0,0.04701,0.95299,-1,0
2021552100233,2021,552100233,3,2,2,2,72,10,3,0,0,1,0,0,9,7,E01015428,-1,0,0.02847,0.97153,-1,0
2021552100233,2021,552100233,3,1,1,1,65,9,3,0,0,0,0,0,9,7,E01015428,-1,0,0.02604,0.97396,-1,0
202160Z109195,2021,60Z109195,2,1,1,1,62,9,2,0,0,0,0,0,9,-1,-1,-1,0,1,0,-1,0
2021610043921,2021,610043921,1,1,1,2,29,6,2,0,0,0,0,0,9,-1,-1,-1,0,1,0,-1,0
2021991086024,2021,991086024,1,1,1,2,57,9,2,0,0,0,0,0,9,6,-1,6,1,1,0,-1,0
2021010297029,2021,010297029,1,1,1,2,58,9,3,0,0,0,0,0,1,7,E01000295,-1,0,0,1,-1,0
2021010304927,2021,010304927,3,1,1,2,26,6,3,0,0,0,0,0,3,4,E01001087,-1,0,0,1,-1,0
2021010342938,2021,010342938,1,1,1,1,23,5,3,0,0,0,0,0,3,1,E01033456,-1,0,0,1,-1,0
2021010298687,2021,010298687,1,1,3,1,34,6,3,5,1,0,0,0,0,5,E01004560,-1,0,0,1,-1,0
2021010299118,2021,010299118,1,1,3,1,16,4,3,1,1,0,0,0,0,2,E01001716,-1,0,0,1,-1,0
2021430213016,2021,430213016,2,4,2,1,49,8,3,0,0,0,0,0,19,7,E01002679,-1,0,0.0154,0.9846,-1,0
2021010299788,2021,010299788,1,1,3,1,46,8,2,5,1,0,0,0,0,3,E01000922,-1,0,1,0,-1,0
2021010323958,2021,010323958,2,1,1,2,63,9,3,0,0,0,0,0,1,5,E01033608,-1,0,0,1,-1,0
2021041050027,2021,041050027,2,1,1,1,52,8,3,0,0,0,0,0,1,10,E01025350,3,1,0,1,-1,0
2021520101538,2021,520101538,2,2,2,2,28,6,3,0,0,2,0,0,5,1,E01029293,-1,0,0.13665,0.86335,-1,0
2021010293537,2021,010293537,1,1,1,1,45,7,3,0,0,0,0,0,8,2,E01003092,-1,0,0,1,-1,0
2021131120145,2021,131120145,2,3,1,1,19,4,3,0,0,0,0,0,9,4,E01011323,3,1,0,1,-1,0
2021201116214,2021,201116214,2,2,1,1,43,7,3,0,0,0,0,0,9,1,E01010282,3,1,0,1,-1,0
2021430276641,2021,430276641,2,1,2,2,42,7,3,0,0,2,0,0,9,7,E01033079,-1,0,0.01349,0.98651,-1,0
2021440442933,2021,440442933,1,1,1,1,45,7,3,0,0,0,0,0,9,3,E01015289,-1,0,0,1,-1,0
2021451086574,2021,451086574,2,1,1,2,27,6,3,0,0,0,0,0,9,3,E01030793,3,1,0,1,-1,0
2021461095851,2021,461095851,2,1,1,2,45,7,3,0,0,0,0,0,9,7,E01016162,3,1,0,1,-1,0
2021540673521,2021,540673521,1,1,1,1,81,11,3,0,0,0,0,0,9,9,E01031847,-1,0,0.05597,0.94403,-1,0
2021547426821,2021,547426821,1,1,1,2,18,4,3,0,0,0,0,0,9,10,E01031927,-1,0,0.01303,0.98697,-1,0
2021991045652,2021,991045652,2,2,2,2,12,3,3,0,0,2,0,0,9,7,-1,3,1,0,1,-1,0
202131D076421,2021,31D076421,2,2,2,2,24,5,3,0,0,0,4,0,11,2,E01019699,-1,0,0.00874,0.99126,-1,0
2021430213016,2021,430213016,2,3,2,2,11,3,3,0,0,0,0,0,19,3,E01002562,-1,0,0.01145,0.98855,-1,0
2021131041461,2021,131041461,1,1,1,1,11,3,2,0,0,0,0,0,23,-1,-1,7,1,1,0,-1,0
2021010290983,2021,010290983,1,1,1,1,47,8,3,0,0,0,0,0,9,2,E01004224,-1,0,0,1,-1,0
2021010325401,2021,010325401,2,2,1,1,27,6,3,0,0,0,0,0,9,2,E01002097,-1,0,0,1,-1,0
2021052100934,2021,052100934,1,1,1,2,36,7,3,0,0,0,0,0,9,1,E01006429,-1,0,0.04425,0.95575,-1,0
2021101028017,2021,101028017,1,2,2,2,21,5,3,0,0,1,0,0,9,2,E01008450,3,1,0,1,-1,0
2021101037447,2021,101037447,2,1,1,2,52,8,3,0,0,0,0,0,9,3,E01008242,3,1,0,1,-1,0
2021101060494,2021,101060494,2,2,2,2,43,7,3,0,0,1,0,0,9,-1,-1,3,1,0,1,-1,0
2021231082832,2021,231082832,2,2,2,1,5,1,3,0,0,2,0,0,9,8,E01022101,3,1,0,1,-1,0
202134WNC2231,2021,34WNC2231,2,1,1,1,20,4,2,0,0,0,0,0,9,4,E01028554,-1,0,0.69293,0.30707,-1,0
2021421104349,2021,421104349,2,2,1,2,43,7,3,0,0,0,0,0,9,5,E01033459,3,1,0,1,-1,0
2021440065344,2021,440065344,2,2,1,1,60,9,3,0,0,0,0,0,9,3,E01022839,-1,0,0,1,-1,0
2021440248135,2021,440248135,2,1,2,2,16,4,3,0,0,1,0,0,9,7,E01023150,-1,0,0,1,-1,0
2021451024013,2021,451024013,1,1,1,2,80,11,3,0,0,0,0,0,9,5,E01030984,3,1,0,1,-1,0
2021461095786,2021,461095786,1,1,1,2,38,7,3,0,0,0,0,0,9,-1,-1,3,1,0,1,-1,0
2021531056676,2021,531056676,2,1,2,2,21,5,3,0,0,2,0,0,9,2,E01022322,3,1,0,1,-1,0
202163A052221,2021,63A052221,2,1,2,2,59,9,3,0,0,2,1,0,9,-1,-1,-1,0,0.10318,0.89682,-1,0
2021010313888,2021,010313888,1,1,2,1,35,6,3,0,0,0,3,0,11,2,E01000556,-1,0,0,1,-1,0
202134WNC4561,2021,34WNC4561,5,3,1,1,52,8,3,0,0,0,0,0,19,10,E01013377,-1,0,0,1,-1,0
2021041042296,2021,041042296,1,1,3,1,27,6,2,5,1,0,0,1,0,3,E01012644,7,1,1,0,-1,0
2021010342721,2021,010342721,2,1,1,2,39,7,3,0,0,0,0,0,1,5,E01001935,-1,0,0,1,-1,0
2021010328862,2021,010328862,1,2,2,1,16,4,3,0,0,0,0,0,5,3,E01002283,-1,0,0,1,-1,0
2021052101525,2021,052101525,2,2,2,2,35,6,3,0,0,2,0,0,8,2,E01006655,-1,0,0.0303,0.9697,-1,0
2021010339009,2021,010339009,1,1,1,1,19,4,2,0,0,0,0,0,9,-1,-1,-1,0,1,0,-1,0
2021010344694,2021,010344694,1,1,1,1,52,8,3,0,0,0,0,0,9,5,E01000738,-1,0,0,1,-1,0
2021070482714,2021,070482714,2,1,1,2,32,6,3,0,0,0,0,0,9,3,E01018435,-1,0,0.00677,0.99323,-1,0
2021111071718,2021,111071718,1,6,2,2,14,3,3,0,0,2,0,0,9,4,E01020644,3,1,0,1,-1,0
2021111137522,2021,111137522,2,2,2,1,43,7,3,0,0,2,0,0,9,2,E01020672,3,1,0,1,-1,0
2021141018046,2021,141018046,1,1,1,1,23,5,3,0,0,0,0,0,9,-1,-1,3,1,0,1,-1,0
2021161063371,2021,161063371,2,3,2,2,19,4,3,0,0,2,0,0,9,10,E01012921,3,1,0,1,-1,0
2021201016234,2021,201016234,1,1,1,2,23,5,3,0,0,0,0,0,9,2,E01010268,3,1,0,1,-1,0
202134WNC1621,2021,34WNC1621,1,2,1,1,21,5,3,0,0,0,0,0,9,5,E01027139,-1,0,0,1,-1,0
202134WNC3101,2021,34WNC3101,2,2,1,2,51,8,3,0,0,0,0,0,9,9,E01000249,-1,0,0,1,-1,0
2021371145072,2021,371145072,4,1,1,1,69,10,3,0,0,0,0,0,9,2,E01021488,3,1,0,1,-1,0
2021371145123,2021,371145123,1,1,1,2,36,7,3,0,0,0,0,0,9,9,E01018015,3,1,0,1,-1,0
2021440208292,2021,440208292,1,1,2,2,37,7,3,0,0,1,0,0,9,10,E01023695,-1,0,0,1,-1,0
2021451096144,2021,451096144,1,1,1,1,41,7,3,0,0,0,0,0,9,3,E01002612,3,1,0,1,-1,0
2021201031880,2021,201031880,2,1,2,1,52,8,3,0,0,1,0,0,9,5,E01009739,3,1,0,1,-1,0
2021201084880,2021,201084880,2,2,1,1,35,6,3,0,0,0,0,0,9,6,E01010339,3,1,0,1,-1,0
202134WNC0551,2021,34WNC0551,2,1,1,1,62,9,3,0,0,0,0,0,9,-1,-1,-1,0,0,1,-1,0
2021351072639,2021,351072639,1,1,1,1,56,9,2,0,0,0,0,0,9,2,E01017472,6,1,1,0,-1,0
2021531027904,2021,531027904,1,1,1,1,43,7,2,0,0,0,0,0,9,5,E01009527,6,1,1,0,-1,0
2021010303551,2021,010303551,1,1,1,1,26,6,3,0,0,0,0,0,1,4,E01003482,-1,0,0,1,-1,0
2021010321240,2021,010321240,2,1,1,1,39,7,2,0,0,0,0,0,1,3,E01004743,-1,0,1,0,-1,0
2021421071007,2021,421071007,2,1,1,2,55,8,3,0,0,0,0,0,1,-1,-1,3,1,0,1,-1,0
2021471061486,2021,471061486,2,1,1,1,56,9,2,0,0,0,0,0,1,6,E01031408,7,1,1,0,-1,0
2021010311490,2021,010311490,1,1,1,1,56,9,3,0,0,0,0,0,3,2,E01002804,-1,0,0,1,-1,0
2021411114084,2021,411114084,2,1,1,1,35,6,3,0,0,0,0,0,3,6,E01023855,3,1,0,1,-1,0
2021371070134,2021,371070134,2,2,1,1,59,9,3,0,0,0,0,0,19,8,E01010201,3,1,0,1,-1,0
2021138171400,2021,138171400,1,1,3,1,83,11,2,5,1,0,0,0,0,10,E01011271,-1,0,1,0,-1,0
2021361144840,2021,361144840,1,1,3,1,75,10,3,4,1,0,0,0,0,7,E01026588,3,1,0,1,-1,0
2021471089108,2021,471089108,1,1,3,1,58,9,3,9,7,0,0,1,0,2,E01001191,3,1,0,1,-1,0
2021221064316,2021,221064316,2,1,1,2,62,9,2,0,0,0,0,0,1,10,E01032149,7,1,1,0,-1,0
2021010332332,2021,010332332,1,1,1,1,20,4,3,0,0,0,0,0,3,5,E01003142,-1,0,0,1,-1,0
2021161126684,2021,161126684,1,2,2,1,25,5,3,0,0,1,0,0,9,2,E01033104,3,1,0,1,-1,0
2021170H10191,2021,170H10191,2,1,1,1,22,5,3,0,0,0,0,0,9,1,E01012000,-1,0,0.02299,0.97701,-1,0
2021170L10211,2021,170L10211,3,3,1,2,55,8,3,0,0,0,0,0,9,8,E01012156,-1,0,0.08156,0.91844,-1,0
2021201049530,2021,201049530,1,1,1,1,36,7,3,0,0,0,0,0,9,2,E01010021,3,1,0,1,-1,0
2021351052847,2021,351052847,4,4,1,1,51,8,3,0,0,0,0,0,9,9,E01033512,3,1,0,1,-1,0
2021351072639,2021,351072639,1,5,2,2,38,7,2,0,0,2,0,0,9,7,E01017516,6,1,1,0,-1,0
2021371143326,2021,371143326,1,1,1,2,79,11,2,0,0,0,0,0,9,8,E01030167,6,1,1,0,-1,0
2021421099184,2021,421099184,1,1,1,1,29,6,2,0,0,0,0,0,9,3,E01016005,5,1,1,0,-1,0
2021451077570,2021,451077570,2,1,1,2,39,7,3,0,0,0,0,0,9,8,E01030701,3,1,0,1,-1,0
2021031108660,2021,031108660,1,4,2,1,12,3,3,0,0,0,4,0,11,7,E01019357,3,1,0,1,-1,0
202131D197921,2021,31D197921,1,2,2,2,12,3,3,0,0,0,4,0,11,10,E01033390,-1,0,0.03117,0.96883,-1,0
2021471091628,2021,471091628,1,1,1,1,17,4,3,0,0,0,0,0,22,5,E01031605,3,1,0,1,-1,0
2021061099475,2021,061099475,1,1,3,1,39,7,2,10,9,0,0,1,0,-1,-1,7,1,1,0,-1,0
2021361156504,2021,361156504,1,1,3,1,41,7,2,1,3,0,0,0,0,-1,-1,7,1,1,0,-1,0
2021010290908,2021,010290908,1,1,1,1,50,8,3,0,0,0,0,0,1,4,E01000746,-1,0,0,1,-1,0
2021421073837,2021,421073837,2,1,1,1,25,5,3,0,0,0,0,0,4,4,E01021707,3,1,0,1,-1,0
2021010330243,2021,010330243,2,2,1,1,21,5,3,0,0,0,0,0,9,2,E01004392,-1,0,0,1,-1,0
2021010332047,2021,010332047,2,4,1,1,28,6,3,0,0,0,0,0,9,4,E01000068,-1,0,0,1,-1,0
2021010345071,2021,010345071,2,2,1,2,77,11,3,0,0,0,0,0,9,10,W01001669,-1,0,0,1,-1,0
2021052102437,2021,052102437,1,2,2,1,22,5,3,0,0,1,0,0,9,2,E01006497,-1,0,0.03304,0.96696,-1,0
2021131116429,2021,131116429,2,1,1,1,23,5,3,0,0,0,0,0,9,6,E01011525,3,1,0,1,-1,0
2021451050692,2021,451050692,2,1,1,2,21,5,3,0,0,0,0,0,9,4,E01021670,3,1,0,1,-1,0
202160Z140796,2021,60Z140796,3,1,1,1,42,7,3,0,0,0,0,0,9,-1,-1,-1,0,0.01531,0.98469,-1,0
2021221040177,2021,221040177,2,2,2,1,35,6,3,0,0,0,0,0,19,2,W01001681,3,1,0,1,-1,0
2021010312717,2021,010312717,1,1,1,1,24,5,3,0,0,0,0,0,23,7,E01023531,-1,0,0,1,-1,0
2021061082579,2021,061082579,1,1,3,1,65,9,2,9,8,0,0,0,0,1,E01004862,5,1,1,0,-1,0
2021010305639,2021,010305639,2,1,1,1,54,8,3,0,0,0,0,0,1,4,E01004002,-1,0,0,1,-1,0
2021010341581,2021,010341581,1,1,1,1,23,5,3,0,0,0,0,0,3,5,E01001214,-1,0,0,1,-1,0
2021070652115,2021,070652115,1,1,1,2,18,4,3,0,0,0,0,0,3,9,E01018727,-1,0,0.10758,0.89242,-1,0
2021501127445,2021,501127445,1,1,1,1,36,7,3,0,0,0,0,0,3,1,E01015231,3,1,0,1,-1,0
2021052100441,2021,052100441,1,1,2,1,1,1,3,0,0,2,0,0,8,1,E01006443,-1,0,0.03414,0.96586,-1,0
2021010322843,2021,010322843,2,1,1,1,19,4,3,0,0,0,0,0,9,5,E01003134,-1,0,0,1,-1,0
2021061069737,2021,061069737,1,1,2,2,32,6,3,0,0,2,0,0,9,2,E01005226,3,1,0,1,-1,0
2021201061310,2021,201061310,2,1,1,2,43,7,3,0,0,0,0,0,9,-1,-1,3,1,0,1,-1,0
2021201114054,2021,201114054,2,1,1,2,28,6,3,0,0,0,0,0,9,2,E01009058,3,1,0,1,-1,0
2021201129340,2021,201129340,2,1,1,2,29,6,3,0,0,0,0,0,9,-1,-1,3,1,0,1,-1,0
2021421072174,2021,421072174,1,2,2,2,24,5,1,0,0,2,0,0,9,9,E01021899,1,1,0,0,-1,0
2021451074635,2021,451074635,2,1,1,2,45,7,3,0,0,0,0,0,9,3,E01030901,3,1,0,1,-1,0
2021461115058,2021,461115058,2,1,1,2,55,8,3,0,0,0,0,0,9,4,E01016143,3,1,0,1,-1,0
2021010292940,2021,010292940,1,1,1,1,34,6,3,0,0,0,0,0,19,10,E01015914,-1,0,0,1,-1,0
2021545352421,2021,545352421,1,1,1,1,45,7,3,0,0,0,0,0,19,8,E01015498,-1,0,0.04372,0.95628,-1,0
2021031108660,2021,031108660,1,11,2,2,11,3,3,0,0,0,3,0,11,7,E01019357,3,1,0,1,-1,0
2021010299370,2021,010299370,2,1,1,2,46,8,3,0,0,0,0,0,9,5,E01024181,-1,0,0,1,-1,0
2021131044836,2021,131044836,1,1,1,1,48,8,3,0,0,0,0,0,9,4,E01011808,3,1,0,1,-1,0
20211382D0401,2021,1382D0401,3,1,2,2,51,8,3,0,0,1,0,0,9,7,E01027703,-1,0,0.07159,0.92841,-1,0
2021170L20161,2021,170L20161,1,1,1,1,39,7,3,0,0,0,0,0,9,5,E01012173,-1,0,0.00884,0.99116,-1,0
202134WNC6421,2021,34WNC6421,2,1,1,1,74,10,2,0,0,0,0,0,9,7,E01027011,-1,0,0.69395,0.30605,-1,0
2021430370144,2021,430370144,2,1,1,2,51,8,3,0,0,0,0,0,9,8,E01022356,-1,0,0.01371,0.98629,-1,0
2021430411572,2021,430411572,2,2,2,1,50,8,3,0,0,1,0,0,9,4,E01014590,-1,0,0.01744,0.98256,-1,0
2021451045676,2021,451045676,2,3,2,2,22,5,3,0,0,2,0,0,9,9,E01030718,3,1,0,1,-1,0
2021552101185,2021,552101185,2,1,2,2,70,10,3,0,0,1,0,0,9,6,E01020445,-1,0,0.01998,0.98002,-1,0
2021552200009,2021,552200009,1,2,2,2,27,6,3,0,0,1,0,0,9,8,E01019966,-1,0,0.0742,0.9258,-1,0
202163C013621,2021,63C013621,2,2,1,2,58,9,3,0,0,0,0,0,9,-1,-1,-1,0,0.02619,0.97381,-1,0
2021991092336,2021,991092336,2,1,1,2,78,11,2,0,0,0,0,0,9,4,-1,7,1,1,0,-1,0
2021010291566,2021,010291566,1,1,1,2,25,5,3,0,0,0,0,0,1,8,E01004479,-1,0,0,1,-1,0
2021010292453,2021,010292453,1,1,1,1,29,6,3,0,0,0,0,0,1,1,E01001838,-1,0,0,1,-1,0
2021302100853,2021,302100853,2,1,1,1,20,4,3,0,0,0,0,0,3,3,E01013547,-1,0,0.04769,0.95231,-1,0
2021610025221,2021,610025221,1,1,1,1,28,6,2,0,0,0,0,0,3,-1,-1,-1,0,1,0,-1,0
2021461043426,2021,461043426,2,1,1,1,45,7,3,0,0,0,0,0,5,7,E01024388,3,1,0,1,-1,0
2021010288439,2021,010288439,1,1,1,1,64,9,3,0,0,0,0,0,8,6,E01000180,-1,0,0,1,-1,0
2021052102436,2021,052102436,1,1,3,1,53,8,2,9,7,0,0,0,0,6,E01033752,-1,0,1,0,-1,0
2021131102189,2021,131102189,1,1,3,1,39,7,2,4,1,0,0,1,0,1,E01033021,7,1,1,0,-1,0
2021010307960,2021,010307960,1,1,1,2,35,6,3,0,0,0,0,0,1,3,E01000866,-1,0,0,1,-1,0
2021070187424,2021,070187424,2,1,1,2,29,6,2,0,0,0,0,0,4,6,E01018356,-1,0,1,0,-1,0
2021010351208,2021,010351208,1,1,1,1,51,8,3,0,0,0,0,0,9,8,E01003446,-1,0,0,1,-1,0
2021052100119,2021,052100119,2,2,1,1,37,7,2,0,0,0,0,0,9,2,E01006953,-1,0,1,0,-1,0
2021231029106,2021,231029106,2,4,2,1,29,6,3,0,0,1,0,0,9,3,E01031332,3,1,0,1,-1,0
2021421072174,2021,421072174,1,3,2,1,24,5,2,0,0,1,0,0,9,-1,-1,7,1,1,0,-1,0
2021421104728,2021,421104728,2,1,1,2,45,7,3,0,0,0,0,0,9,6,E01021730,3,1,0,1,-1,0
2021430257794,2021,430257794,1,1,1,1,18,4,3,0,0,0,0,0,9,8,E01016195,-1,0,0.03875,0.96125,-1,0
2021440027329,2021,440027329,1,1,1,2,60,9,3,0,0,0,0,0,9,8,E01022864,-1,0,0,1,-1,0
2021471062215,2021,471062215,1,1,3,2,12,3,3,1,9,0,0,0,0,4,E01020952,3,1,0,1,-1,0
2021531029168,2021,531029168,1,1,1,1,16,4,3,0,0,0,0,0,1,3,E01022121,3,1,0,1,-1,0
2021010308784,2021,010308784,1,1,1,1,29,6,2,0,0,0,0,0,3,8,E01024184,-1,0,1,0,-1,0
2021052102112,2021,052102112,1,1,1,1,40,7,3,0,0,0,0,0,4,5,E01007030,-1,0,0.16067,0.83933,-1,0
2021010301774,2021,010301774,1,1,1,1,42,7,3,0,0,0,0,0,9,3,E01000644,-1,0,0,1,-1,0
2021141018046,2021,141018046,3,3,1,1,42,7,3,0,0,0,0,0,9,8,E01007520,3,1,0,1,-1,0
2021141059444,2021,141059444,2,2,1,1,39,7,3,0,0,0,0,0,9,2,E01007414,3,1,0,1,-1,0
2021211034698,2021,211034698,1,1,1,1,49,8,2,0,0,0,0,0,9,2,E01029410,7,1,1,0,-1,0
2021231035865,2021,231035865,2,1,1,1,52,8,3,0,0,0,0,0,9,9,E01025425,3,1,0,1,-1,0
2021440086543,2021,440086543,1,1,1,1,45,7,3,0,0,0,0,0,9,6,E01022716,-1,0,0,1,-1,0
2021501051610,2021,501051610,1,1,1,2,17,4,3,0,0,0,0,0,9,4,E01020287,3,1,0,1,-1,0
2021052100836,2021,052100836,1,4,2,1,57,9,3,0,0,0,0,0,19,3,E01006925,-1,0,0.09237,0.90763,-1,0
2021201070968,2021,201070968,1,1,1,1,64,9,1,0,0,0,0,0,90,6,E01010177,1,1,0,0,-1,0
2021010291448,2021,010291448,1,1,3,2,85,11,3,1,3,0,0,0,0,-1,-1,-1,0,0,1,-1,0
2021201092581,2021,201092581,1,1,3,1,44,7,2,4,1,0,0,2,0,1,E01014163,7,1,1,0,-1,0
2021010307427,2021,010307427,1,1,1,1,21,5,1,0,0,0,0,0,3,-1,-1,-1,0,0,0,-1,0
2021010291558,2021,010291558,1,1,1,2,31,6,3,0,0,0,0,0,9,3,E01002235,-1,0,0,1,-1,0
2021010349070,2021,010349070,2,2,2,1,18,4,3,0,0,1,0,0,9,2,E01001528,-1,0,0,1,-1,0
2021161022872,2021,161022872,2,1,1,1,62,9,3,0,0,0,0,0,9,6,E01007452,3,1,0,1,-1,0
2021302100216,2021,302100216,2,2,1,1,21,5,3,0,0,0,0,0,9,3,E01013508,-1,0,0.00876,0.99124,-1,0
2021302100381,2021,302100381,2,1,1,2,22,5,3,0,0,0,0,0,9,4,E01013534,-1,0,0.01507,0.98493,-1,0
202131C138521,2021,31C138521,1,1,1,2,34,6,3,0,0,0,0,0,9,-1,-1,-1,0,0.01848,0.98152,-1,0
2021332100092,2021,332100092,2,1,1,2,26,6,3,0,0,0,0,0,9,-1,-1,-1,0,0.00833,0.99167,-1,0
2021401110603,2021,401110603,2,2,1,1,60,9,3,0,0,0,0,0,9,9,E01017454,3,1,0,1,-1,0
2021461111836,2021,461111836,1,1,1,2,70,10,2,0,0,0,0,0,9,5,E01024032,6,1,1,0,-1,0
2021471031783,2021,471031783,2,1,1,2,23,5,3,0,0,0,0,0,9,10,E01031578,3,1,0,1,-1,0
2021471084790,2021,471084790,3,2,1,2,21,5,3,0,0,0,0,0,9,3,E01031789,3,1,0,1,-1,0
2021501072931,2021,501072931,1,1,1,1,38,7,3,0,0,0,0,0,9,6,E01020244,3,1,0,1,-1,0
2021552100917,2021,552100917,2,2,1,2,24,5,3,0,0,0,0,0,9,8,E01015322,-1,0,0.01737,0.98263,-1,0
202160Z090097,2021,60Z090097,1,1,1,2,19,4,3,0,0,0,0,0,9,-1,-1,-1,0,0.03437,0.96563,-1,0
2021991101899,2021,991101899,2,1,2,2,18,4,2,0,0,1,0,0,9,3,-1,6,1,1,0,-1,0
2021430119441,2021,430119441,2,2,1,1,27,6,3,0,0,0,0,0,19,6,E01017674,-1,0,0.01227,0.98773,-1,0
2021010346122,2021,010346122,2,1,1,1,45,7,2,0,0,0,0,0,33,2,E01004711,-1,0,1,0,-1,1
2021010304198,2021,010304198,1,1,3,1,19,4,2,5,9,0,0,0,0,6,E01021355,-1,0,1,0,-1,0
2021131054608,2021,131054608,1,1,3,1,49,8,2,10,9,0,0,2,0,1,E01011358,6,1,1,0,-1,0
2021421023434,2021,421023434,1,1,3,2,58,9,2,5,1,0,0,0,0,9,E01021767,7,1,1,0,-1,0
2021430166552,2021,430166552,1,1,3,1,64,9,3,4,1,0,0,0,0,10,E01017751,-1,0,0.07185,0.92815,-1,0
2021440415808,2021,440415808,1,1,3,1,39,7,3,9,5,0,0,1,0,2,E01017108,-1,0,0,1,-1,0
2021010319501,2021,010319501,3,1,1,1,32,6,3,0,0,0,0,0,1,2,E01004729,-1,0,0,1,-1,0
2021991056994,2021,991056994,1,1,1,1,20,4,2,0,0,0,0,0,1,1,-1,7,1,1,0,-1,0
2021010325366,2021,010325366,1,1,1,1,43,7,2,0,0,0,0,0,3,2,E01000017,-1,0,1,0,-1,0
2021010289664,2021,010289664,1,1,1,1,62,9,3,0,0,0,0,0,5,2,E01000600,-1,0,0,1,-1,0
2021010297383,2021,010297383,1,1,1,1,54,8,3,0,0,0,0,0,9,6,E01004588,-1,0,0,1,-1,0
2021010304530,2021,010304530,2,1,1,1,25,5,3,0,0,0,0,0,9,4,E01000316,-1,0,0,1,-1,0
2021061067197,2021,061067197,2,1,1,1,31,6,3,0,0,0,0,0,9,2,E01005553,3,1,0,1,-1,0
2021101078368,2021,101078368,2,1,1,2,44,7,3,0,0,0,0,0,9,2,E01008232,3,1,0,1,-1,0
2021231047308,2021,231047308,3,1,1,2,63,9,3,0,0,0,0,0,9,9,E01031151,3,1,0,1,-1,0
2021401102970,2021,401102970,1,3,2,2,13,3,3,0,0,-1,0,0,9,10,E01017407,3,1,0,1,-1,0
2021411075088,2021,411075088,1,1,1,2,34,6,3,0,0,0,0,0,9,4,E01000570,3,1,0,1,-1,0
2021351052847,2021,351052847,6,6,1,1,49,8,3,0,0,0,0,0,21,2,E01030170,3,1,0,1,-1,0
2021010292292,2021,010292292,2,1,1,1,-1,-1,3,0,0,0,0,0,1,-1,-1,-1,0,0,1,-1,0
2021201117121,2021,201117121,1,1,1,1,20,4,2,0,0,0,0,0,3,3,E01009606,6,1,1,0,-1,0
2021471074385,2021,471074385,1,1,1,1,44,7,3,0,0,0,0,0,3,3,E01016952,3,1,0,1,-1,0
2021421045097,2021,421045097,3,2,1,1,60,9,2,0,0,0,0,0,5,1,E01021317,5,1,1,0,-1,0
202163BF01321,2021,63BF01321,1,1,1,1,26,6,1,0,0,0,0,0,5,-1,-1,-1,0,0,0,-1,0
2021471084442,2021,471084442,3,1,2,2,57,9,3,0,0,2,0,0,8,1,E01020985,3,1,0,1,-1,0
2021010317280,2021,010317280,1,3,2,2,3,1,3,0,0,2,0,0,9,2,E01003108,-1,0,0,1,-1,0
2021052100649,2021,052100649,2,2,2,2,60,9,3,0,0,1,0,0,9,2,E01006456,-1,0,0.00432,0.99568,-1,0
2021061069737,2021,061069737,1,2,2,2,32,6,3,0,0,2,0,0,9,-1,-1,3,1,0,1,-1,0
2021101117442,2021,101117442,2,2,1,1,64,9,3,0,0,0,0,0,9,5,E01008410,3,1,0,1,-1,0
2021138112445,2021,138112445,1,1,1,1,41,7,3,0,0,0,0,0,9,6,E01011688,-1,0,0.05368,0.94632,-1,0
202131C067021,2021,31C067021,1,1,1,2,37,7,3,0,0,0,0,0,9,3,E01013665,-1,0,0.05043,0.94957,-1,0
2021320046231,2021,320046231,1,1,1,1,40,7,3,0,0,0,0,0,9,3,E01026075,-1,0,0.06086,0.93914,-1,0
2021332100113,2021,332100113,1,1,1,2,56,9,2,0,0,0,0,0,9,9,E01025779,-1,0,1,0,-1,0
202134WNC4511,2021,34WNC4511,1,1,1,2,34,6,3,0,0,0,0,0,9,1,E01027334,-1,0,0,1,-1,0
2021430018361,2021,430018361,2,1,1,2,49,8,3,0,0,0,0,0,9,3,E01028621,-1,0,0.00182,0.99818,-1,0
2021471108560,2021,471108560,3,2,1,2,57,9,3,0,0,0,0,0,9,9,E01031582,3,1,0,1,-1,0
2021501029162,2021,501029162,2,3,2,2,27,6,3,0,0,1,0,0,9,9,E01015130,3,1,0,1,-1,0
202160Z161289,2021,60Z161289,1,1,2,2,80,11,3,0,0,1,0,0,9,-1,-1,-1,0,0.11668,0.88332,-1,0
2021991074008,2021,991074008,1,1,1,1,49,8,1,0,0,0,0,0,9,2,-1,1,1,0,0,-1,0
2021010305814,2021,010305814,1,1,2,2,67,10,3,0,0,0,3,0,11,2,E01001246,-1,0,0,1,-1,0
2021471059629,2021,471059629,2,2,1,1,63,9,2,0,0,0,0,0,19,2,E01020925,7,1,1,0,-1,0
2021302101199,2021,302101199,1,1,3,2,35,6,3,9,5,0,0,0,0,4,E01019844,-1,0,0.02616,0.97384,-1,0
2021991085410,2021,991085410,1,1,3,2,57,9,1,5,1,0,0,0,0,3,-1,1,1,0,0,-1,0
2021010289542,2021,010289542,2,1,1,1,27,6,3,0,0,0,0,0,1,3,E01003250,-1,0,0,1,-1,0
2021501118913,2021,501118913,1,1,1,1,58,9,3,0,0,0,0,0,1,3,E01015150,3,1,0,1,-1,0
2021010295123,2021,010295123,1,1,1,2,47,8,3,0,0,0,0,0,3,2,E01001042,-1,0,0,1,-1,0
202134WNC1761,2021,34WNC1761,1,1,1,1,21,5,2,0,0,0,0,0,3,2,E01027230,-1,0,0.77469,0.22531,-1,0
2021010304894,2021,010304894,1,1,1,2,36,7,3,0,0,0,0,0,9,6,E01001016,-1,0,0,1,-1,0
2021041049098,2021,041049098,2,1,2,2,44,7,3,0,0,1,0,0,9,8,E01025437,3,1,0,1,-1,0
2021041100407,2021,041100407,1,1,1,1,38,7,3,0,0,0,0,0,9,3,E01012658,3,1,0,1,-1,0
2021141068736,2021,141068736,2,1,2,2,22,5,3,0,0,2,0,0,9,9,E01008064,3,1,0,1,-1,0
2021320173928,2021,320173928,2,1,1,1,28,6,3,0,0,0,0,0,9,4,E01026366,-1,0,0.00805,0.99195,-1,0
2021421103641,2021,421103641,1,2,2,1,18,4,3,0,0,1,0,0,9,-1,-1,3,1,0,1,-1,0
2021461021821,2021,461021821,1,1,2,1,17,4,3,0,0,-1,0,0,9,4,E01024243,3,1,0,1,-1,0
2021501099754,2021,501099754,2,1,1,2,50,8,3,0,0,0,0,0,9,8,E01019908,3,1,0,1,-1,0
2021547038121,2021,547038121,2,1,1,2,36,7,3,0,0,0,0,0,9,8,E01015472,-1,0,0.00473,0.99527,-1,0
2021041062971,2021,041062971,2,2,1,2,23,5,3,0,0,0,0,0,9,1,E01012574,3,1,0,1,-1,0
2021070241468,2021,070241468,2,1,1,2,42,7,3,0,0,0,0,0,9,1,E01018550,-1,0,0.01789,0.98211,-1,0
2021131062418,2021,131062418,1,2,1,1,20,4,3,0,0,0,0,0,9,2,E01011359,3,1,0,1,-1,0
2021131120145,2021,131120145,2,5,2,2,26,6,3,0,0,1,0,0,9,8,E01032945,3,1,0,1,-1,0
2021221062713,2021,221062713,2,1,1,1,40,7,3,0,0,0,0,0,9,9,E01032141,3,1,0,1,-1,0
2021501099754,2021,501099754,2,2,2,2,21,5,3,0,0,1,0,0,9,7,E01019892,3,1,0,1,-1,0
2021531055328,2021,531055328,2,3,2,1,57,9,2,0,0,1,0,0,9,6,E01022267,7,1,1,0,-1,0
2021540713421,2021,540713421,2,1,1,2,25,5,3,0,0,0,0,0,9,1,E01015546,-1,0,0.00598,0.99402,-1,0
2021010325868,2021,010325868,2,1,1,1,24,5,3,0,0,0,0,0,1,6,E01003272,-1,0,0,1,-1,0
2021070718725,2021,070718725,2,1,1,1,27,6,3,0,0,0,0,0,1,6,E01018331,-1,0,0.09039,0.90961,-1,0
2021141023470,2021,141023470,2,1,1,1,20,4,1,0,0,0,0,0,1,-1,-1,1,1,0,0,-1,0
2021991149003,2021,991149003,2,1,1,1,35,6,3,0,0,0,0,0,1,7,-1,3,1,0,1,-1,0
2021010350494,2021,010350494,1,1,1,1,44,7,3,0,0,0,0,0,3,2,E01002068,-1,0,0,1,-1,0
2021052101924,2021,052101924,2,2,1,2,26,6,3,0,0,0,0,0,9,1,E01006547,-1,0,0.03547,0.96453,-1,0
2021070223008,2021,070223008,1,1,1,1,27,6,2,0,0,0,0,0,9,2,E01012457,-1,0,1,0,-1,0
2021141018046,2021,141018046,4,4,1,1,34,6,3,0,0,0,0,0,9,2,E01007654,3,1,0,1,-1,0
2021201069961,2021,201069961,1,1,1,1,51,8,2,0,0,0,0,0,9,3,E01010050,5,1,1,0,-1,0
2021201110554,2021,201110554,2,1,1,2,26,6,3,0,0,0,0,0,9,8,E01032100,3,1,0,1,-1,0
2021201149481,2021,201149481,2,1,1,1,-1,-1,3,0,0,0,0,0,9,3,E01008950,3,1,0,1,-1,0
2021430391864,2021,430391864,2,1,1,2,34,6,3,0,0,0,0,0,9,5,E01016374,-1,0,0.01977,0.98023,-1,0
2021440149229,2021,440149229,3,2,2,2,68,10,3,0,0,1,0,0,9,6,E01023028,-1,0,0,1,-1,0
2021451048000,2021,451048000,2,1,2,2,25,5,3,0,0,2,0,0,9,4,E01002648,3,1,0,1,-1,0
2021461040329,2021,461040329,1,2,1,1,35,6,3,0,0,0,0,0,9,3,E01024508,3,1,0,1,-1,0
2021461099982,2021,461099982,2,1,1,2,23,5,3,0,0,0,0,0,9,5,E01032654,3,1,0,1,-1,0
2021610018821,2021,610018821,1,1,1,1,32,6,3,0,0,0,0,0,9,-1,-1,-1,0,0.06445,0.93555,-1,0
2021471032105,2021,471032105,2,1,1,2,61,9,3,0,0,0,0,0,1,9,E01031489,3,1,0,1,-1,0
2021010317610,2021,010317610,2,1,1,1,43,7,3,0,0,0,0,0,3,5,E01000144,-1,0,0,1,-1,0
2021552100918,2021,552100918,4,2,1,1,16,4,3,0,0,0,0,0,2,4,E01020394,-1,0,0.17658,0.82342,-1,0
2021052102172,2021,052102172,2,1,1,1,19,4,2,0,0,0,0,0,90,1,E01006558,-1,0,1,0,-1,0
2021332100294,2021,332100294,1,1,3,1,33,6,3,4,2,0,0,0,0,4,E01013747,-1,0,0.05849,0.94151,-1,0
2021430194431,2021,430194431,1,1,3,1,53,8,2,9,5,0,0,1,0,6,E01027484,-1,0,1,0,-1,0
2021451055897,2021,451055897,1,1,3,1,44,7,3,6,9,0,0,0,0,8,E01030452,3,1,0,1,-1,0
2021010303403,2021,010303403,1,1,1,1,28,6,3,0,0,0,0,0,8,2,E01004271,-1,0,0,1,-1,0
2021052100836,2021,052100836,1,5,1,2,62,9,3,0,0,0,0,0,19,3,E01006925,-1,0,0.09418,0.90582,-1,0
2021461105502,2021,461105502,2,1,1,1,26,6,3,0,0,0,0,0,19,4,E01024384,3,1,0,1,-1,0
2021010296707,2021,010296707,1,1,3,2,27,6,3,1,1,0,0,1,0,3,E01003723,-1,0,0,1,-1,0
2021010311429,2021,010311429,1,1,3,2,70,10,3,6,9,0,0,0,0,6,E01004588,-1,0,0,1,-1,0
2021010314891,2021,010314891,1,1,3,1,63,9,2,5,3,0,0,0,0,6,E01001266,-1,0,1,0,-1,0
2021010298814,2021,010298814,2,1,1,1,53,8,2,0,0,0,0,0,1,3,E01001856,-1,0,1,0,-1,0
2021010354398,2021,010354398,1,1,1,1,19,4,3,0,0,0,0,0,1,3,E01000185,-1,0,0,1,-1,0
2021101018847,2021,101018847,1,1,1,1,17,4,2,0,0,0,0,0,3,1,E01008837,5,1,1,0,-1,0
202131A085221,2021,31A085221,1,1,1,1,22,5,3,0,0,0,0,0,3,5,E01027941,-1,0,0.16591,0.83409,-1,0
2021010324315,2021,010324315,2,1,1,2,61,9,3,0,0,0,0,0,9,2,E01003497,-1,0,0,1,-1,0
2021101039993,2021,101039993,2,2,2,2,50,8,3,0,0,1,0,0,9,8,E01018302,3,1,0,1,-1,0
2021101109026,2021,101109026,1,1,1,2,29,6,3,0,0,0,0,0,9,2,E01008336,3,1,0,1,-1,0
2021371105275,2021,371105275,2,1,1,2,44,7,3,0,0,0,0,0,9,4,E01021342,3,1,0,1,-1,0
2021430088834,2021,430088834,1,1,1,1,40,7,3,0,0,0,0,0,9,-1,-1,-1,0,0.02151,0.97849,-1,0
2021440496783,2021,440496783,1,4,1,2,51,8,3,0,0,0,0,0,9,7,E01023054,-1,0,0,1,-1,0
2021461081144,2021,461081144,1,1,1,1,56,9,3,0,0,0,0,0,9,9,E01024143,3,1,0,1,-1,0
2021471029075,2021,471029075,2,1,1,2,58,9,3,0,0,0,0,0,9,6,E01024830,3,1,0,1,-1,0
202131D076421,2021,31D076421,2,1,2,2,73,10,3,0,0,0,3,0,11,10,E01028089,-1,0,0.05458,0.94542,-1,0
2021471012966,2021,471012966,1,1,3,2,70,10,3,1,1,0,0,0,0,6,E01016927,3,1,0,1,-1,0
2021991080491,2021,991080491,1,1,3,1,56,9,2,1,3,0,0,0,0,1,-1,7,1,1,0,-1,0
2021010288555,2021,010288555,2,1,1,2,61,9,3,0,0,0,0,0,1,4,E01003389,-1,0,0,1,-1,0
2021010314131,2021,010314131,2,1,1,1,22,5,3,0,0,0,0,0,1,1,E01001554,-1,0,0,1,-1,0
2021010347559,2021,010347559,1,1,1,1,42,7,2,0,0,0,0,0,1,2,E01003093,-1,0,1,0,-1,0
2021440100045,2021,440100045,1,1,1,2,40,7,2,0,0,0,0,0,1,4,E01023088,-1,0,0.90094,0.09906,-1,0
2021010296950,2021,010296950,1,1,1,2,53,8,3,0,0,0,0,0,2,3,E01000912,-1,0,0,1,-1,0
2021010293447,2021,010293447,3,2,1,2,28,6,3,0,0,0,0,0,9,2,E01033000,-1,0,0,1,-1,0
2021041024675,2021,041024675,1,2,1,1,32,6,2,0,0,0,0,0,9,1,E01012682,6,1,1,0,-1,0
202106A078730,2021,06A078730,1,1,2,2,23,5,3,0,0,1,0,0,9,7,E01025251,-1,0,0.04193,0.95807,-1,0
2021101027024,2021,101027024,1,1,1,1,44,7,3,0,0,0,0,0,9,5,E01008787,3,1,0,1,-1,0
2021101117442,2021,101117442,2,3,2,2,73,10,3,0,0,1,0,0,9,5,E01008410,3,1,0,1,-1,0
2021131067246,2021,131067246,1,1,2,2,49,8,3,0,0,1,0,0,9,2,E01027850,3,1,0,1,-1,0
2021201097532,2021,201097532,2,2,1,1,44,7,3,0,0,0,0,0,9,1,E01009325,3,1,0,1,-1,0
2021211144838,2021,211144838,2,1,1,1,37,7,3,0,0,0,0,0,9,2,E01014279,3,1,0,1,-1,0
2021430466648,2021,430466648,1,1,1,1,48,8,3,0,0,0,0,0,9,10,E01016289,-1,0,0.00118,0.99882,-1,0
2021471104134,2021,471104134,3,3,1,2,67,10,2,0,0,0,0,0,9,7,E01031701,5,1,1,0,-1,0
2021471108560,2021,471108560,1,1,1,2,51,8,3,0,0,0,0,0,9,6,E01031363,3,1,0,1,-1,0
2021501112586,2021,501112586,2,1,2,1,42,7,3,0,0,-1,0,0,9,8,E01020091,3,1,0,1,-1,0
2021622100463,2021,622100463,2,2,1,2,32,6,3,0,0,0,0,0,9,1,W01001280,-1,0,0.00496,0.99504,-1,0
2021351062135,2021,351062135,2,1,1,1,42,7,3,0,0,0,0,0,21,2,E01018070,3,1,0,1,-1,0
2021010323704,2021,010323704,1,1,3,1,66,10,3,5,2,0,0,0,0,3,E01001513,-1,0,0,1,-1,0
2021201032913,2021,201032913,1,1,3,1,32,6,3,9,5,0,0,2,0,2,E01009508,3,1,0,1,-1,0
2021221121503,2021,221121503,1,1,3,1,20,4,3,9,5,0,0,1,0,4,E01010457,3,1,0,1,-1,0
2021471053709,2021,471053709,1,1,3,1,21,5,3,10,5,0,0,1,0,8,E01002252,3,1,0,1,-1,0
2021010347641,2021,010347641,2,1,1,1,21,5,3,0,0,0,0,0,3,6,E01002968,-1,0,0,1,-1,0
2021421024033,2021,421024033,2,1,1,1,23,5,2,0,0,0,0,0,3,3,E01016012,7,1,1,0,-1,0
2021122101144,2021,122101144,1,1,1,1,59,9,3,0,0,0,0,0,5,10,E01027717,-1,0,0.15584,0.84416,-1,0
2021061027030,2021,061027030,1,1,1,1,20,4,3,0,0,0,0,0,9,4,E01006211,3,1,0,1,-1,0
2021141021359,2021,141021359,2,2,1,1,35,6,3,0,0,0,0,0,9,1,E01007333,3,1,0,1,-1,0
2021201144503,2021,201144503,1,2,2,1,25,5,3,0,0,1,0,0,9,2,E01014105,3,1,0,1,-1,0
2021302101291,2021,302101291,1,1,1,2,36,7,3,0,0,0,0,0,9,2,E01013588,-1,0,0.03085,0.96915,-1,0
202134WNC2201,2021,34WNC2201,1,1,1,1,65,9,3,0,0,0,0,0,9,5,E01027302,-1,0,0,1,-1,0
2021451027628,2021,451027628,1,1,2,2,23,5,2,0,0,1,0,0,9,5,E01031731,6,1,1,0,-1,0
2021161069184,2021,161069184,2,2,1,1,51,8,3,0,0,0,0,0,19,9,E01013304,3,1,0,1,-1,0
2021161052507,2021,161052507,1,1,1,1,44,7,3,0,0,0,0,0,9,6,E01007787,3,1,0,1,-1,0
2021201070968,2021,201070968,2,2,1,2,29,6,3,0,0,0,0,0,9,10,E01029854,3,1,0,1,-1,0
2021221055652,2021,221055652,2,3,2,2,27,6,3,0,0,1,0,0,9,-1,-1,3,1,0,1,-1,0
2021332100844,2021,332100844,7,1,2,2,29,6,3,0,0,1,0,0,9,6,E01008151,-1,0,0.00831,0.99169,-1,0
2021371138299,2021,371138299,1,1,1,2,64,9,3,0,0,0,0,0,9,6,E01029876,3,1,0,1,-1,0
2021421025837,2021,421025837,2,1,1,2,30,6,3,0,0,0,0,0,9,6,E01021541,3,1,0,1,-1,0
2021421118505,2021,421118505,4,1,2,1,37,7,3,0,0,1,0,0,9,8,E01021750,3,1,0,1,-1,0
2021430502367,2021,430502367,2,1,1,1,26,6,3,0,0,0,0,0,9,4,E01016360,-1,0,0.0124,0.9876,-1,0
2021440372821,2021,440372821,1,1,1,2,20,4,3,0,0,0,0,0,9,9,E01023115,-1,0,0,1,-1,0
2021531055328,2021,531055328,2,2,1,1,43,7,3,0,0,0,0,0,9,8,E01032938,3,1,0,1,-1,0
2021531058374,2021,531058374,2,1,1,2,78,11,3,0,0,0,0,0,1,10,E01031122,3,1,0,1,-1,0
2021552101346,2021,552101346,2,1,1,1,53,8,3,0,0,0,0,0,1,9,E01015356,-1,0,0.07419,0.92581,-1,0
2021320280978,2021,320280978,2,1,1,1,20,4,3,0,0,0,0,0,3,5,E01026298,-1,0,0.08956,0.91044,-1,0
2021361109779,2021,361109779,1,1,1,2,29,6,3,0,0,0,0,0,3,1,E01026848,3,1,0,1,-1,0
2021010304038,2021,010304038,2,1,1,1,53,8,2,0,0,0,0,0,4,4,E01002299,-1,0,1,0,-1,0
2021070098098,2021,070098098,2,2,2,2,34,6,3,0,0,2,0,0,8,4,E01012481,-1,0,0.02511,0.97489,-1,0
20211382D0401,2021,1382D0401,5,3,1,1,62,9,3,0,0,0,0,0,8,2,E01011686,-1,0,0.06815,0.93185,-1,0
202134WNC1781,2021,34WNC1781,1,1,1,1,40,7,2,0,0,0,0,0,19,1,E01012780,-1,0,0.71389,0.28611,-1,0
2021010313888,2021,010313888,1,2,2,2,26,6,3,0,0,0,3,0,11,3,E01000499,-1,0,0,1,-1,0
2021031108660,2021,031108660,1,5,2,1,14,3,3,0,0,0,4,0,11,7,E01019357,3,1,0,1,-1,0
2021031108660,2021,031108660,2,8,2,2,12,3,3,0,0,0,4,0,11,8,E01019353,3,1,0,1,-1,0
2021031108660,2021,031108660,1,3,2,2,15,3,3,0,0,0,4,0,11,5,E01019386,3,1,0,1,-1,0
2021010323242,2021,010323242,2,1,1,2,29,6,3,0,0,0,0,0,9,2,E01002872,-1,0,0,1,-1,0
2021010345515,2021,010345515,3,4,1,1,36,7,3,0,0,0,0,0,9,2,E01001579,-1,0,0,1,-1,0
2021041074660,2021,041074660,2,1,1,1,41,7,3,0,0,0,0,0,9,8,E01025437,3,1,0,1,-1,0
2021131120145,2021,131120145,2,4,2,2,20,4,3,0,0,2,0,0,9,5,E01011732,3,1,0,1,-1,0
2021161035009,2021,161035009,1,1,1,2,26,6,3,0,0,0,0,0,9,3,E01012832,3,1,0,1,-1,0
2021201125294,2021,201125294,1,1,1,1,32,6,3,0,0,0,0,0,9,1,E01008905,3,1,0,1,-1,0
2021211034698,2021,211034698,1,2,2,2,16,4,3,0,0,1,0,0,9,2,E01029410,3,1,0,1,-1,0
2021211048297,2021,211048297,2,1,1,2,76,11,3,0,0,0,0,0,9,10,E01017784,3,1,0,1,-1,0
2021451056318,2021,451056318,2,2,1,1,45,7,3,0,0,0,0,0,9,9,E01030660,3,1,0,1,-1,0
2021461015499,2021,461015499,2,2,1,2,34,6,3,0,0,0,0,0,9,9,E01024834,3,1,0,1,-1,0
202131A111621,2021,31A111621,1,1,1,1,18,4,3,0,0,0,0,0,2,-1,-1,-1,0,0.13933,0.86067,-1,0
2021451042350,2021,451042350,1,1,1,1,59,9,2,0,0,0,0,0,5,2,E01002606,6,1,1,0,-1,0
202131C110421,2021,31C110421,1,1,3,2,40,7,3,9,8,0,0,0,0,1,E01013820,-1,0,0.1293,0.8707,-1,0
2021421032640,2021,421032640,1,1,3,1,30,6,3,6,9,0,0,0,0,8,E01033138,3,1,0,1,-1,0
2021471087277,2021,471087277,1,1,3,1,13,3,3,1,3,0,0,0,0,6,E01031468,3,1,0,1,-1,0
2021430203171,2021,430203171,2,1,1,1,30,6,3,0,0,0,0,0,19,3,E01023876,-1,0,0.00503,0.99497,-1,0
2021547597421,2021,547597421,1,1,3,1,29,6,3,6,9,0,0,0,0,1,E01015572,-1,0,0.06965,0.93035,-1,0
2021010325178,2021,010325178,1,1,1,1,46,8,3,0,0,0,0,0,5,9,E01001132,-1,0,0,1,-1,0
2021010287268,2021,010287268,1,1,1,2,57,9,3,0,0,0,0,0,9,1,E01001080,-1,0,0,1,-1,0
2021010332047,2021,010332047,2,3,2,1,19,4,3,0,0,1,0,0,9,4,E01000068,-1,0,0,1,-1,0
2021201016234,2021,201016234,2,2,1,1,49,8,3,0,0,0,0,0,9,4,E01010499,3,1,0,1,-1,0
2021430165790,2021,430165790,1,1,1,2,22,5,3,0,0,0,0,0,9,3,E01016249,-1,0,0.00146,0.99854,-1,0
2021351027638,2021,351027638,1,1,1,1,42,7,3,0,0,0,0,0,19,1,E01012058,3,1,0,1,-1,0
2021010296441,2021,010296441,1,1,3,1,50,8,3,5,9,0,0,2,0,2,E01002735,-1,0,0,1,-1,0
2021201133949,2021,201133949,1,1,3,1,53,8,2,5,1,0,0,1,0,9,E01009914,7,1,1,0,-1,0
2021501048583,2021,501048583,1,1,3,1,32,6,3,9,5,0,0,1,0,6,E01018753,3,1,0,1,-1,0
2021010329420,2021,010329420,1,1,1,1,32,6,3,0,0,0,0,0,1,9,E01022119,-1,0,0,1,-1,0
2021201107206,2021,201107206,2,1,1,1,75,10,3,0,0,0,0,0,1,-1,-1,3,1,0,1,-1,0
2021101014948,2021,101014948,1,1,1,1,85,11,3,0,0,0,0,0,9,3,E01008567,3,1,0,1,-1,0
2021161109822,2021,161109822,2,2,2,1,14,3,3,0,0,2,0,0,9,3,E01013319,3,1,0,1,-1,0
2021201102707,2021,201102707,1,1,1,1,42,7,3,0,0,0,0,0,9,8,E01017747,3,1,0,1,-1,0
2021201124896,2021,201124896,1,2,2,2,58,9,3,0,0,2,0,0,9,7,E01010123,3,1,0,1,-1,0
2021221120750,2021,221120750,1,1,1,1,46,8,2,0,0,0,0,0,9,7,E01014649,5,1,1,0,-1,0
2021440421840,2021,440421840,1,1,1,1,66,10,3,0,0,0,0,0,9,-1,-1,-1,0,0,1,-1,0
2021451070864,2021,451070864,1,1,1,1,51,8,3,0,0,0,0,0,9,3,W01000907,3,1,0,1,-1,0
2021461111219,2021,461111219,2,1,2,2,54,8,3,0,0,-1,0,0,9,8,E01016138,3,1,0,1,-1,0
2021501036704,2021,501036704,2,1,1,2,37,7,3,0,0,0,0,0,9,5,E01020299,3,1,0,1,-1,0
2021547181121,2021,547181121,1,1,2,2,7,2,3,0,0,1,0,0,9,-1,-1,-1,0,0.03199,0.96801,-1,0
2021622100629,2021,622100629,1,1,1,2,18,4,3,0,0,0,0,0,9,6,W01001305,-1,0,0.02632,0.97368,-1,0
2021430220998,2021,430220998,2,1,1,1,52,8,3,0,0,0,0,0,19,4,W01001050,-1,0,0.03346,0.96654,-1,0
2021010305954,2021,010305954,1,1,3,1,29,6,3,9,9,0,0,1,0,6,E01016113,-1,0,0,1,-1,0
2021501109207,2021,501109207,1,1,3,1,12,3,2,9,8,0,0,0,0,4,E01018941,7,1,1,0,-1,0
2021991110008,2021,991110008,1,1,3,1,81,11,2,5,1,0,0,0,0,10,-1,7,1,1,0,-1,0
2021010310481,2021,010310481,1,1,1,2,23,5,3,0,0,0,0,0,1,3,E01003531,-1,0,0,1,-1,0
2021052100179,2021,052100179,2,2,2,2,63,9,3,0,0,2,0,0,8,1,E01006659,-1,0,0.02112,0.97888,-1,0
2021070445985,2021,070445985,2,1,2,1,40,7,3,0,0,1,0,0,9,2,E01018564,-1,0,0.0193,0.9807,-1,0
2021111044268,2021,111044268,1,2,2,2,10,2,3,0,0,2,0,0,9,-1,-1,3,1,0,1,-1,0
2021111071718,2021,111071718,1,1,1,1,21,5,1,0,0,0,0,0,9,2,E01020645,1,1,0,0,-1,0
2021201099628,2021,201099628,1,1,1,1,21,5,3,0,0,0,0,0,9,7,E01025882,3,1,0,1,-1,0
2021231082832,2021,231082832,2,1,2,1,10,2,3,0,0,2,0,0,9,8,E01022101,3,1,0,1,-1,0
2021302101161,2021,302101161,2,1,1,2,40,7,3,0,0,0,0,0,9,3,E01019667,-1,0,0.00379,0.99621,-1,0
2021440316225,2021,440316225,1,1,1,1,40,7,3,0,0,0,0,0,9,8,W01000554,-1,0,0,1,-1,0
202131C014421,2021,31C014421,2,2,2,2,68,10,3,0,0,0,4,0,11,1,E01013841,-1,0,0.02147,0.97853,-1,0
2021430119441,2021,430119441,3,3,1,1,33,6,3,0,0,0,0,0,19,7,E01023398,-1,0,0.00936,0.99064,-1,0
2021010303151,2021,010303151,2,1,1,1,13,3,3,0,0,0,0,0,33,-1,-1,-1,0,0,1,-1,1
2021031108660,2021,031108660,1,10,2,2,14,3,3,0,0,0,4,0,11,7,E01019357,3,1,0,1,-1,0
2021052101319,2021,052101319,1,1,1,1,32,6,3,0,0,0,0,0,9,7,E01007316,-1,0,0.0384,0.9616,-1,0
2021138250461,2021,138250461,2,1,1,1,19,4,3,0,0,0,0,0,9,1,E01011429,-1,0,0.01826,0.98174,-1,0
2021141018046,2021,141018046,2,2,1,1,52,8,3,0,0,0,0,0,9,1,E01007453,3,1,0,1,-1,0
2021161109822,2021,161109822,2,3,2,1,38,7,3,0,0,1,0,0,9,3,E01013319,3,1,0,1,-1,0
2021351027638,2021,351027638,2,2,1,2,53,8,3,0,0,0,0,0,9,8,E01017992,3,1,0,1,-1,0
2021361050961,2021,361050961,1,1,2,2,21,5,3,0,0,2,0,0,9,4,E01026814,3,1,0,1,-1,0
2021471080421,2021,471080421,1,1,1,2,41,7,3,0,0,0,0,0,9,6,E01030818,3,1,0,1,-1,0
2021471110847,2021,471110847,2,1,1,2,30,6,3,0,0,0,0,0,9,8,E01016928,3,1,0,1,-1,0
2021622100409,2021,622100409,1,1,1,2,28,6,3,0,0,0,0,0,9,9,W01000816,-1,0,0.02003,0.97997,-1,0
2021622100906,2021,622100906,2,2,1,1,35,6,3,0,0,0,0,0,1,2,W01001761,-1,0,0.03779,0.96221,-1,0
2021471028975,2021,471028975,2,1,1,1,23,5,3,0,0,0,0,0,3,6,E01021213,3,1,0,1,-1,0
2021010319463,2021,010319463,1,1,1,1,42,7,2,0,0,0,0,0,5,-1,-1,-1,0,1,0,-1,0
2021991031033,2021,991031033,1,1,3,1,76,11,2,4,1,0,0,0,0,-1,-1,7,1,1,0,-1,0
2021010322627,2021,010322627,1,1,2,2,79,11,3,0,0,0,2,0,11,4,E01002000,-1,0,0,1,-1,0
2021031108660,2021,031108660,1,7,2,1,13,3,3,0,0,0,4,0,11,9,E01019176,3,1,0,1,-1,0
2021010321604,2021,010321604,1,1,1,-1,52,8,3,0,0,0,0,0,9,2,E01003990,-1,0,0,1,-1,0
2021010332047,2021,010332047,1,1,1,2,25,5,3,0,0,0,0,0,9,1,E01003517,-1,0,0,1,-1,0
2021041043601,2021,041043601,1,1,2,2,40,7,3,0,0,1,0,0,9,1,E01012656,3,1,0,1,-1,0
2021061121634,2021,061121634,1,1,1,2,19,4,3,0,0,0,0,0,9,1,E01006289,3,1,0,1,-1,0
2021111071718,2021,111071718,1,3,2,1,14,3,2,0,0,1,0,0,9,-1,-1,6,1,1,0,-1,0
2021141076120,2021,141076120,2,2,2,2,82,11,3,0,0,1,0,0,9,1,E01008022,3,1,0,1,-1,0
2021170S20021,2021,170S20021,1,1,1,1,29,6,3,0,0,0,0,0,9,9,E01012299,-1,0,0.01072,0.98928,-1,0
2021201102707,2021,201102707,2,3,2,2,14,3,2,0,0,1,0,0,9,5,E01008981,7,1,1,0,-1,0
202134NNC3441,2021,34NNC3441,1,1,1,1,47,8,3,0,0,0,0,0,9,3,E01027240,-1,0,0,1,-1,0
2021351035087,2021,351035087,2,1,2,2,37,7,3,0,0,1,0,0,9,9,E01018154,3,1,0,1,-1,0
2021351131971,2021,351131971,1,1,1,1,58,9,3,0,0,0,0,0,9,9,E01022063,3,1,0,1,-1,0
2021421022280,2021,421022280,4,2,1,2,60,9,3,0,0,0,0,0,9,2,E01002368,3,1,0,1,-1,0
2021461018690,2021,461018690,1,1,1,2,57,9,3,0,0,0,0,0,9,4,E01024132,3,1,0,1,-1,0
2021461107888,2021,461107888,1,1,1,1,41,7,3,0,0,0,0,0,9,10,E01021466,3,1,0,1,-1,0
2021991032773,2021,991032773,1,2,2,1,20,4,3,0,0,1,0,0,9,1,-1,3,1,0,1,-1,0
2021991101876,2021,991101876,2,1,1,1,53,8,3,0,0,0,0,0,9,2,-1,3,1,0,1,-1,0
202134WNC4561,2021,34WNC4561,2,1,1,1,24,5,3,0,0,0,0,0,3,7,E01027279,-1,0,0,1,-1,0
2021010309533,2021,010309533,1,1,3,1,17,4,2,1,1,0,0,0,0,-1,-1,-1,0,1,0,-1,0
2021101104750,2021,101104750,2,2,1,1,61,9,3,0,0,0,0,0,9,-1,-1,3,1,0,1,-1,0
2021161051540,2021,161051540,1,1,2,2,3,1,3,0,0,1,0,0,9,2,E01013195,3,1,0,1,-1,0
2021201034724,2021,201034724,2,2,1,1,56,9,3,0,0,0,0,0,9,1,E01009359,3,1,0,1,-1,0
2021231095615,2021,231095615,1,2,2,2,21,5,2,0,0,1,0,0,9,3,E01009947,5,1,1,0,-1,0
2021401074211,2021,401074211,1,1,1,1,28,6,3,0,0,0,0,0,9,7,E01017511,3,1,0,1,-1,0
2021430257794,2021,430257794,2,2,1,2,50,8,3,0,0,0,0,0,9,6,E01028548,-1,0,0.03675,0.96325,-1,0
2021430340430,2021,430340430,1,1,1,1,49,8,2,0,0,0,0,0,9,9,E01016641,-1,0,1,0,-1,0
2021461038039,2021,461038039,1,1,1,1,31,6,3,0,0,0,0,0,9,1,E01020993,3,1,0,1,-1,0
2021471021388,2021,471021388,2,1,1,1,41,7,3,0,0,0,0,0,9,3,E01031492,3,1,0,1,-1,0
2021501062112,2021,501062112,2,2,1,1,63,9,2,0,0,0,0,0,9,1,E01015146,7,1,1,0,-1,0
2021501120008,2021,501120008,4,4,1,1,30,6,3,0,0,0,0,0,9,7,E01018970,3,1,0,1,-1,0
202160Z090097,2021,60Z090097,2,2,1,2,30,6,3,0,0,0,0,0,9,-1,-1,-1,0,0.01847,0.98153,-1,0
2021010308067,2021,010308067,2,1,1,1,51,8,3,0,0,0,0,0,1,3,E01001394,-1,0,0,1,-1,0
2021010345096,2021,010345096,3,1,1,1,22,5,2,0,0,0,0,0,1,2,E01002784,-1,0,1,0,-1,0
2021131102886,2021,131102886,2,1,1,1,19,4,3,0,0,0,0,0,3,5,E01010603,3,1,0,1,-1,0
2021421021430,2021,421021430,2,1,1,1,33,6,2,0,0,0,0,0,4,4,E01021283,7,1,1,0,-1,0
2021141082403,2021,141082403,1,3,2,1,31,6,3,0,0,0,0,0,19,6,E01011228,3,1,0,1,-1,0
2021141082403,2021,141082403,1,2,2,1,32,6,3,0,0,0,0,0,19,2,E01011224,3,1,0,1,-1,0
2021010318086,2021,010318086,1,1,1,2,29,6,3,0,0,0,0,0,9,2,E01002807,-1,0,0,1,-1,0
2021010328690,2021,010328690,1,1,1,2,41,7,3,0,0,0,0,0,9,3,E01003251,-1,0,0,1,-1,0
2021041014729,2021,041014729,2,1,1,1,29,6,3,0,0,0,0,0,9,9,E01025074,3,1,0,1,-1,0
2021201063134,2021,201063134,1,1,1,1,56,9,3,0,0,0,0,0,9,6,E01009880,3,1,0,1,-1,0
202131C056021,2021,31C056021,1,1,1,1,39,7,3,0,0,0,0,0,9,3,E01013828,-1,0,0.04386,0.95614,-1,0
2021371080587,2021,371080587,1,2,1,1,56,9,3,0,0,0,0,0,9,3,E01030010,3,1,0,1,-1,0
2021401066784,2021,401066784,2,1,1,1,61,9,3,0,0,0,0,0,9,3,E01027041,3,1,0,1,-1,0
2021440449793,2021,440449793,1,1,1,2,48,8,3,0,0,0,0,0,9,5,E01017126,-1,0,0,1,-1,0
2021440500427,2021,440500427,1,1,1,2,62,9,2,0,0,0,0,0,9,7,E01022630,-1,0,0.90332,0.09668,-1,0
2021010324234,2021,010324234,1,1,1,1,37,7,2,0,0,0,0,0,1,7,E01000710,-1,0,1,0,-1,0
2021501096560,2021,501096560,2,1,1,1,28,6,3,0,0,0,0,0,1,6,E01020021,3,1,0,1,-1,0
202163B046121,2021,63B046121,1,1,1,1,52,8,3,0,0,0,0,0,2,-1,-1,-1,0,0.20685,0.79315,-1,0
2021991081813,2021,991081813,1,1,1,1,50,8,3,0,0,0,0,0,5,7,-1,3,1,0,1,-1,0
2021421022280,2021,421022280,1,3,1,1,50,8,3,0,0,0,0,0,19,8,E01015833,3,1,0,1,-1,0
2021010287517,2021,010287517,1,1,3,2,44,7,2,5,1,0,0,0,0,7,E01000818,-1,0,1,0,-1,0
2021010343022,2021,010343022,1,1,3,1,40,7,3,1,3,0,0,0,0,5,E01000302,-1,0,0,1,-1,0
2021451046972,2021,451046972,1,1,1,1,23,5,3,0,0,0,0,0,3,8,E01003422,3,1,0,1,-1,0
2021010302510,2021,010302510,3,1,1,2,30,6,3,0,0,0,0,0,9,8,E01001452,-1,0,0,1,-1,0
2021010325401,2021,010325401,3,4,2,2,26,6,3,0,0,2,0,0,9,2,E01002033,-1,0,0,1,-1,0
2021101055283,2021,101055283,2,1,1,2,35,6,3,0,0,0,0,0,9,1,E01008438,3,1,0,1,-1,0
2021141059444,2021,141059444,1,1,1,1,20,4,3,0,0,0,0,0,9,9,E01007386,3,1,0,1,-1,0
2021201075694,2021,201075694,2,2,1,2,42,7,3,0,0,0,0,0,9,-1,-1,3,1,0,1,-1,0
2021221117601,2021,221117601,2,1,1,2,25,5,3,0,0,0,0,0,9,7,E01023679,3,1,0,1,-1,0
2021320756465,2021,320756465,2,1,1,2,50,8,3,0,0,0,0,0,9,1,E01026092,-1,0,0.03688,0.96312,-1,0
2021421104349,2021,421104349,1,1,1,1,37,7,3,0,0,0,0,0,9,9,E01021873,3,1,0,1,-1,0
2021440091349,2021,440091349,2,1,1,2,18,4,3,0,0,0,0,0,9,9,E01022593,-1,0,0,1,-1,0
2021501095754,2021,501095754,1,1,1,2,56,9,3,0,0,0,0,0,9,6,E01019023,3,1,0,1,-1,0
202154A276721,2021,54A276721,1,1,1,1,20,4,3,0,0,0,0,0,9,7,E01015560,-1,0,0.02906,0.97094,-1,0
2021332100100,2021,332100100,2,1,1,1,22,5,2,0,0,0,0,0,33,1,E01013760,-1,0,1,0,-1,1
2021131061091,2021,131061091,3,1,3,1,32,6,3,9,5,0,0,2,0,1,E01010610,3,1,0,1,-1,0
2021371144121,2021,371144121,1,1,3,1,26,6,3,1,9,0,0,0,0,2,E01029988,3,1,0,1,-1,0
2021010302212,2021,010302212,1,1,1,1,56,9,2,0,0,0,0,0,1,3,E01033607,-1,0,1,0,-1,0
2021010324513,2021,010324513,1,1,1,2,36,7,3,0,0,0,0,0,3,4,E01001738,-1,0,0,1,-1,0
2021411052912,2021,411052912,1,1,1,1,65,9,2,0,0,0,0,0,5,9,E01023375,6,1,1,0,-1,0
2021010314119,2021,010314119,1,3,2,2,23,5,3,0,0,1,0,0,9,1,E01002673,-1,0,0,1,-1,0
2021010322672,2021,010322672,1,1,2,2,37,7,3,0,0,1,0,0,9,2,E01000223,-1,0,0,1,-1,0
2021052100934,2021,052100934,2,2,1,1,57,9,3,0,0,0,0,0,9,2,E01006441,-1,0,0.03126,0.96874,-1,0
2021141086418,2021,141086418,1,1,1,1,66,10,3,0,0,0,0,0,9,4,E01007641,3,1,0,1,-1,0
2021371151026,2021,371151026,2,1,1,1,56,9,3,0,0,0,0,0,9,4,E01030169,3,1,0,1,-1,0
2021411084371,2021,411084371,1,1,1,1,53,8,3,0,0,0,0,0,9,9,E01023653,3,1,0,1,-1,0
2021440044628,2021,440044628,2,1,1,1,24,5,3,0,0,0,0,0,9,8,E01022780,-1,0,0,1,-1,0
2021531055328,2021,531055328,1,1,1,2,49,8,2,0,0,0,0,0,9,5,E01022448,7,1,1,0,-1,0
2021991049451,2021,991049451,5,2,1,2,49,8,3,0,0,0,0,0,9,1,-1,3,1,0,1,-1,0
2021991093199,2021,991093199,2,2,2,1,46,8,3,0,0,1,0,0,9,1,-1,3,1,0,1,-1,0
202160Z033634,2021,60Z033634,2,1,1,1,25,5,3,0,0,0,0,0,17,-1,-1,-1,0,0.15683,0.84317,-1,0
2021010322196,2021,010322196,1,1,1,2,24,5,3,0,0,0,0,0,33,2,E01000628,-1,0,0,1,-1,1
2021010312424,2021,010312424,2,1,1,1,57,9,2,0,0,0,0,0,1,3,E01002457,-1,0,1,0,-1,0
2021471088029,2021,471088029,2,1,1,1,-1,-1,3,0,0,0,0,0,1,8,E01021073,3,1,0,1,-1,0
2021010319344,2021,010319344,2,1,1,1,50,8,3,0,0,0,0,0,4,5,E01002563,-1,0,0,1,-1,0
2021070765800,2021,070765800,2,1,1,1,64,9,3,0,0,0,0,0,8,-1,-1,-1,0,0.04575,0.95425,-1,0
2021010324315,2021,010324315,2,2,2,1,-1,-1,3,0,0,1,0,0,9,1,E01033585,-1,0,0,1,-1,0
2021010329778,2021,010329778,1,1,1,1,49,8,3,0,0,0,0,0,9,6,E01002602,-1,0,0,1,-1,0
2021131108116,2021,131108116,1,1,2,2,17,4,3,0,0,1,0,0,9,1,E01011730,3,1,0,1,-1,0
2021221116766,2021,221116766,2,1,2,2,76,11,3,0,0,1,0,0,9,6,E01032188,3,1,0,1,-1,0
2021401024238,2021,401024238,2,1,1,2,25,5,3,0,0,0,0,0,9,4,E01017570,3,1,0,1,-1,0
2021451034350,2021,451034350,1,2,1,1,25,5,3,0,0,0,0,0,9,7,E01030993,3,1,0,1,-1,0
2021451097489,2021,451097489,1,1,1,1,38,7,2,0,0,0,0,0,9,3,E01030952,6,1,1,0,-1,0
2021141019596,2021,141019596,1,1,1,1,60,9,3,0,0,0,0,0,21,9,E01013120,3,1,0,1,-1,0
2021122101341,2021,122101341,1,1,2,1,16,4,3,0,0,0,0,0,17,8,E01027801,-1,0,0.08451,0.91549,-1,0
2021010310354,2021,010310354,1,1,1,1,33,6,3,0,0,0,0,0,9,1,E01002094,-1,0,0,1,-1,0
2021010329241,2021,010329241,1,1,1,1,19,4,3,0,0,0,0,0,9,3,E01003143,-1,0,0,1,-1,0
2021061097586,2021,061097586,1,4,2,2,23,5,3,0,0,2,0,0,9,2,E01006218,3,1,0,1,-1,0
2021122101355,2021,122101355,1,1,1,2,84,11,3,0,0,0,0,0,9,10,E01013423,-1,0,0.02149,0.97851,-1,0
2021131120145,2021,131120145,3,1,1,1,50,8,2,0,0,0,0,0,9,1,E01010826,7,1,1,0,-1,0
2021161111777,2021,161111777,1,2,1,1,23,5,3,0,0,0,0,0,9,3,E01012817,3,1,0,1,-1,0
2021170L10211,2021,170L10211,3,5,2,2,19,4,3,0,0,1,0,0,9,8,E01012156,-1,0,0.0568,0.9432,-1,0
2021451089611,2021,451089611,2,1,1,1,58,9,3,0,0,0,0,0,9,10,E01030388,3,1,0,1,-1,0
2021010292388,2021,010292388,1,1,1,1,61,9,2,0,0,0,0,0,1,2,E01004036,-1,0,1,0,-1,0
2021010301794,2021,010301794,1,1,1,2,27,6,2,0,0,0,0,0,1,2,E01002729,-1,0,1,0,-1,0
2021010314501,2021,010314501,2,1,1,1,25,5,3,0,0,0,0,0,1,2,E01002002,-1,0,0,1,-1,0
2021451093788,2021,451093788,1,1,1,1,52,8,2,0,0,0,0,0,1,6,E01030426,7,1,1,0,-1,0
2021010330413,2021,010330413,1,1,3,1,3,1,3,1,3,0,0,0,0,2,E01032579,-1,0,0,1,-1,0
2021451091781,2021,451091781,1,1,3,1,19,4,3,8,7,0,0,0,0,8,E01016992,3,1,0,1,-1,0
2021991027212,2021,991027212,1,1,3,1,33,6,2,5,1,0,0,0,0,3,-1,7,1,1,0,-1,0
2021991069137,2021,991069137,1,1,3,1,30,6,2,5,1,0,0,0,0,4,-1,5,1,1,0,-1,0
2021440366420,2021,440366420,1,1,1,1,19,4,2,0,0,0,0,0,3,5,E01022616,-1,0,0.93274,0.06726,-1,0
2021010332047,2021,010332047,1,2,2,-1,55,8,3,0,0,1,0,0,9,1,E01003517,-1,0,0,1,-1,0
2021131064205,2021,131064205,1,2,2,1,22,5,3,0,0,2,0,0,9,1,E01010673,3,1,0,1,-1,0
2021201111827,2021,201111827,1,1,1,2,42,7,3,0,0,0,0,0,9,1,E01010064,3,1,0,1,-1,0
2021211127523,2021,211127523,1,1,1,1,21,5,2,0,0,0,0,0,9,2,E01003607,5,1,1,0,-1,0
2021221109183,2021,221109183,3,1,2,2,31,6,3,0,0,2,0,0,9,6,E01014173,3,1,0,1,-1,0
2021302100424,2021,302100424,2,2,1,1,50,8,3,0,0,0,0,0,9,10,E01019708,-1,0,0.00377,0.99623,-1,0
202131D168821,2021,31D168821,1,1,1,1,28,6,3,0,0,0,0,0,9,7,E01013892,-1,0,0.03117,0.96883,-1,0
2021430474628,2021,430474628,1,2,2,2,31,6,3,0,0,1,0,0,9,5,E01016461,-1,0,0.00525,0.99475,-1,0
2021540336821,2021,540336821,2,1,1,1,55,8,3,0,0,0,0,0,9,8,E01031883,-1,0,0.01434,0.98566,-1,0
2021547758821,2021,547758821,2,1,1,1,27,6,3,0,0,0,0,0,9,10,E01016299,-1,0,0.01039,0.98961,-1,0
2021552100525,2021,552100525,2,1,1,2,44,7,3,0,0,0,0,0,9,7,E01020540,-1,0,0.01553,0.98447,-1,0
202163D056921,2021,63D056921,2,2,2,1,7,2,3,0,0,2,2,0,9,-1,-1,-1,0,0.03818,0.96182,-1,0
2021010304833,2021,010304833,1,1,2,1,34,6,3,0,0,0,4,0,11,6,E01004218,-1,0,0,1,-1,0
2021471099068,2021,471099068,2,1,2,2,-1,-1,3,0,0,0,4,0,11,2,E01020911,3,1,0,1,-1,0
2021440047698,2021,440047698,1,1,1,2,23,5,3,0,0,0,0,0,19,9,E01032848,-1,0,0,1,-1,0
2021031108660,2021,031108660,1,1,1,1,72,10,3,0,0,0,0,0,11,9,E01025106,3,1,0,1,-1,0
2021010295876,2021,010295876,1,1,1,1,44,7,2,0,0,0,0,0,9,6,E01002295,-1,0,1,0,-1,0
2021111044268,2021,111044268,1,1,2,2,43,7,3,0,0,1,0,0,9,-1,-1,3,1,0,1,-1,0
2021131041744,2021,131041744,2,1,1,1,45,7,3,0,0,0,0,0,9,6,E01011408,3,1,0,1,-1,0
2021141014256,2021,141014256,2,2,1,1,51,8,3,0,0,0,0,0,9,3,E01008148,3,1,0,1,-1,0
2021170L10211,2021,170L10211,2,2,1,2,30,6,3,0,0,0,0,0,9,1,E01020777,-1,0,0.08272,0.91728,-1,0
202134WNC2491,2021,34WNC2491,1,1,1,1,54,8,2,0,0,0,0,0,9,2,E01027161,-1,0,0.71783,0.28217,-1,0
2021421019619,2021,421019619,3,1,1,1,51,8,3,0,0,0,0,0,9,1,E01004249,3,1,0,1,-1,0
2021430257794,2021,430257794,2,3,2,1,55,8,3,0,0,1,0,0,9,6,E01028548,-1,0,0.03804,0.96196,-1,0
2021430502367,2021,430502367,2,2,2,1,27,6,3,0,0,1,0,0,9,3,E01016389,-1,0,0.01128,0.98872,-1,0
2021461059493,2021,461059493,3,1,1,2,32,6,3,0,0,0,0,0,9,5,E01024364,3,1,0,1,-1,0
2021471104134,2021,471104134,1,1,1,2,36,7,2,0,0,0,0,0,9,2,E01004129,6,1,1,0,-1,0
202163C026021,2021,63C026021,1,2,1,1,65,9,3,0,0,0,0,0,9,4,W01000603,-1,0,0.10447,0.89553,-1,0
2021351052847,2021,351052847,1,1,1,1,26,6,3,0,0,0,0,0,21,9,E01025769,3,1,0,1,-1,0
2021041110820,2021,041110820,2,1,1,1,18,4,3,0,0,0,0,0,3,2,E01025072,3,1,0,1,-1,0
2021161113374,2021,161113374,2,1,1,1,32,6,2,0,0,0,0,0,3,1,E01012782,7,1,1,0,-1,0
2021991025209,2021,991025209,1,1,2,2,23,5,3,0,0,0,0,0,5,8,-1,3,1,0,1,-1,0
2021052101525,2021,052101525,2,1,1,1,39,7,3,0,0,0,0,0,8,1,E01006647,-1,0,0.03651,0.96349,-1,0
2021010309508,2021,010309508,1,1,1,1,15,3,2,0,0,0,0,0,1,2,E01004306,-1,0,1,0,-1,0
2021101057465,2021,101057465,2,1,1,1,68,10,2,0,0,0,0,0,1,2,E01027551,7,1,1,0,-1,0
2021010318946,2021,010318946,1,1,1,1,38,7,3,0,0,0,0,0,4,3,E01002711,-1,0,0,1,-1,0
202131C108921,2021,31C108921,3,1,1,1,28,6,3,0,0,0,0,0,5,6,E01013887,-1,0,0.04863,0.95137,-1,0
2021201053814,2021,201053814,1,1,2,2,32,6,3,0,0,1,0,0,9,1,E01009957,3,1,0,1,-1,0
2021231118393,2021,231118393,1,1,1,2,28,6,3,0,0,0,0,0,9,3,E01028209,3,1,0,1,-1,0
202134WNC2271,2021,34WNC2271,2,1,1,2,35,6,3,0,0,0,0,0,9,9,E01027208,-1,0,0,1,-1,0
2021421034198,2021,421034198,3,2,2,2,3,1,3,0,0,2,0,0,9,8,E01021717,3,1,0,1,-1,0
2021421093663,2021,421093663,2,1,1,2,53,8,3,0,0,0,0,0,9,6,E01021509,3,1,0,1,-1,0
202160Z072610,2021,60Z072610,2,1,1,1,51,8,3,0,0,0,0,0,9,-1,-1,-1,0,0.03121,0.96879,-1,0
2021101027495,2021,101027495,1,1,1,1,26,6,3,0,0,0,0,0,21,5,-1,3,1,0,1,-1,0
2021461068429,2021,461068429,1,1,1,1,55,8,2,0,0,0,0,0,1,5,E01024095,7,1,1,0,-1,0
2021481122343,2021,481122343,2,1,1,1,45,7,2,0,0,0,0,0,3,8,E01004058,7,1,1,0,-1,0
2021122100673,2021,122100673,1,1,1,2,27,6,3,0,0,0,0,0,8,7,E01013428,-1,0,0.01901,0.98099,-1,0
2021010324065,2021,010324065,1,1,1,2,45,7,3,0,0,0,0,0,9,7,E01000573,-1,0,0,1,-1,0
2021010337968,2021,010337968,4,2,2,2,22,5,3,0,0,2,0,0,9,2,E01000050,-1,0,0,1,-1,0
2021131033492,2021,131033492,2,1,1,2,23,5,2,0,0,0,0,0,9,6,E01011425,7,1,1,0,-1,0
2021131064205,2021,131064205,1,3,2,1,21,5,3,0,0,1,0,0,9,1,E01010673,3,1,0,1,-1,0
2021170S11561,2021,170S11561,1,1,1,1,19,4,3,0,0,0,0,0,9,4,E01020899,-1,0,0.0528,0.9472,-1,0
2021201031801,2021,201031801,2,1,1,2,45,7,3,0,0,0,0,0,9,2,E01009966,3,1,0,1,-1,0
2021201110554,2021,201110554,2,2,2,2,30,6,3,0,0,1,0,0,9,3,E01032115,3,1,0,1,-1,0
2021302101736,2021,302101736,2,2,2,2,59,9,3,0,0,1,0,0,9,1,E01013485,-1,0,0.01466,0.98534,-1,0
2021421034198,2021,421034198,2,4,1,2,49,8,3,0,0,0,0,0,9,6,E01023941,3,1,0,1,-1,0
2021430309657,2021,430309657,2,1,1,1,47,8,3,0,0,0,0,0,9,3,E01022540,-1,0,0.03015,0.96985,-1,0
2021430411572,2021,430411572,2,1,1,1,44,7,3,0,0,0,0,0,9,2,E01014659,-1,0,0.0173,0.9827,-1,0
2021440013503,2021,440013503,2,1,1,1,63,9,3,0,0,0,0,0,9,5,E01023019,-1,0,0,1,-1,0
2021451025794,2021,451025794,2,2,1,1,44,7,2,0,0,0,0,0,9,5,E01031611,6,1,1,0,-1,0
2021501095754,2021,501095754,2,2,1,1,23,5,3,0,0,0,0,0,9,-1,-1,3,1,0,1,-1,0
2021531103822,2021,531103822,2,1,1,2,28,6,3,0,0,0,0,0,9,3,E01014502,3,1,0,1,-1,0
2021543240521,2021,543240521,1,1,1,1,68,10,3,0,0,0,0,0,21,3,W01001592,-1,0,0.07306,0.92694,-1,0
2021010310500,2021,010310500,2,1,1,2,39,7,3,0,0,0,0,0,22,3,E01000974,-1,0,0,1,-1,0
2021041095551,2021,041095551,1,1,3,1,35,6,3,9,5,0,0,1,0,1,E01025068,3,1,0,1,-1,0
2021411067947,2021,411067947,1,1,3,1,38,7,3,9,9,0,0,1,0,7,E01021857,3,1,0,1,-1,0
2021010328035,2021,010328035,2,1,1,1,32,6,3,0,0,0,0,0,1,4,E01003216,-1,0,0,1,-1,0
2021421065415,2021,421065415,3,1,1,1,37,7,3,0,0,0,0,0,5,9,E01021925,3,1,0,1,-1,0
2021010299166,2021,010299166,2,1,2,2,57,9,3,0,0,1,0,0,9,6,E01002541,-1,0,0,1,-1,0
2021010324065,2021,010324065,1,3,2,2,-1,-1,3,0,0,2,0,0,9,7,E01000573,-1,0,0,1,-1,0
2021131061307,2021,131061307,2,1,1,2,42,7,3,0,0,0,0,0,9,9,E01011557,3,1,0,1,-1,0
2021170L20161,2021,170L20161,1,6,2,1,9,2,3,0,0,2,0,0,9,5,E01012173,-1,0,0.0058,0.9942,-1,0
2021221091303,2021,221091303,3,1,1,1,40,7,2,0,0,0,0,0,9,4,E01009871,7,1,1,0,-1,0
2021371046927,2021,371046927,2,1,1,2,42,7,3,0,0,0,0,0,9,8,E01033429,3,1,0,1,-1,0
2021371145123,2021,371145123,2,2,1,1,24,5,3,0,0,0,0,0,9,5,E01029955,3,1,0,1,-1,0
2021531122087,2021,531122087,2,1,1,2,49,8,2,0,0,0,0,0,9,6,E01022232,6,1,1,0,-1,0
2021531061921,2021,531061921,2,2,1,1,50,8,3,0,0,0,0,0,90,9,E01031953,3,1,0,1,-1,0
2021010301902,2021,010301902,1,1,3,1,55,8,2,9,7,0,0,1,0,8,E01021444,-1,0,1,0,-1,0
2021010310058,2021,010310058,1,1,3,1,37,7,3,10,9,0,0,1,0,3,E01003544,-1,0,0,1,-1,0
2021052100853,2021,052100853,1,1,3,2,35,6,3,6,9,0,0,1,0,3,E01006904,-1,0,0.07372,0.92628,-1,0
2021221078657,2021,221078657,1,1,3,1,29,6,3,9,5,0,0,1,0,4,E01014019,3,1,0,1,-1,0
2021010309624,2021,010309624,4,1,1,1,42,7,2,0,0,0,0,0,3,4,E01000497,-1,0,1,0,-1,0
2021211091152,2021,211091152,1,1,1,1,65,9,2,0,0,0,0,0,3,6,E01029728,7,1,1,0,-1,0
2021010333325,2021,010333325,1,1,1,1,22,5,3,0,0,0,0,0,9,3,E01000022,-1,0,0,1,-1,0
2021041084996,2021,041084996,1,1,2,2,27,6,3,0,0,2,0,0,9,8,E01006403,3,1,0,1,-1,0
2021101117442,2021,101117442,1,4,2,2,36,7,3,0,0,1,0,0,9,2,E01033716,3,1,0,1,-1,0
2021131035582,2021,131035582,2,1,1,2,23,5,3,0,0,0,0,0,9,1,E01011725,3,1,0,1,-1,0
2021170L20161,2021,170L20161,1,4,2,1,4,1,3,0,0,2,0,0,9,1,E01012113,-1,0,0.00618,0.99382,-1,0
2021231029106,2021,231029106,2,2,2,1,6,2,3,0,0,2,0,0,9,-1,-1,3,1,0,1,-1,0
202131C061821,2021,31C061821,2,1,2,2,44,7,3,0,0,1,0,0,9,9,E01028120,-1,0,0.00571,0.99429,-1,0
2021320208188,2021,320208188,2,1,1,1,18,4,3,0,0,0,0,0,9,9,E01026334,-1,0,0.00412,0.99588,-1,0
2021451048000,2021,451048000,2,2,1,1,55,8,3,0,0,0,0,0,9,9,E01003880,3,1,0,1,-1,0
2021461014986,2021,461014986,2,1,1,2,53,8,3,0,0,0,0,0,9,8,E01024158,3,1,0,1,-1,0
2021471059629,2021,471059629,1,1,1,1,46,8,3,0,0,0,0,0,9,6,E01031656,3,1,0,1,-1,0
2021501029162,2021,501029162,2,2,1,1,29,6,3,0,0,0,0,0,9,9,E01015130,3,1,0,1,-1,0
2021061063019,2021,061063019,1,1,1,1,49,8,3,0,0,0,0,0,9,1,E01005024,3,1,0,1,-1,0
2021061109605,2021,061109605,2,3,2,1,19,4,3,0,0,2,0,0,9,2,E01005553,3,1,0,1,-1,0
2021111030745,2021,111030745,2,1,1,1,31,6,3,0,0,0,0,0,9,2,E01020840,3,1,0,1,-1,0
2021141021009,2021,141021009,1,1,1,1,38,7,3,0,0,0,0,0,9,8,E01007712,3,1,0,1,-1,0
2021201064581,2021,201064581,2,1,1,2,22,5,3,0,0,0,0,0,9,2,E01009744,3,1,0,1,-1,0
2021320182037,2021,320182037,1,1,1,2,65,9,3,0,0,0,0,0,9,4,E01026081,-1,0,0.01715,0.98285,-1,0
2021361030041,2021,361030041,2,1,1,1,54,8,3,0,0,0,0,0,9,6,E01026797,3,1,0,1,-1,0
2021371119749,2021,371119749,1,1,1,1,64,9,3,0,0,0,0,0,9,9,E01030196,3,1,0,1,-1,0
2021401043920,2021,401043920,1,2,2,1,26,6,3,0,0,1,0,0,9,2,E01001151,3,1,0,1,-1,0
2021411118348,2021,411118348,2,1,1,2,27,6,3,0,0,0,0,0,9,5,E01023843,3,1,0,1,-1,0
2021430575988,2021,430575988,1,1,1,2,25,5,3,0,0,0,0,0,9,5,E01016392,-1,0,0.00394,0.99606,-1,0
2021451045676,2021,451045676,2,2,2,1,23,5,3,0,0,2,0,0,9,10,E01030727,3,1,0,1,-1,0
2021461040329,2021,461040329,2,1,2,2,0,1,3,0,0,2,0,0,9,4,E01024029,3,1,0,1,-1,0
2021501120008,2021,501120008,2,2,1,1,43,7,3,0,0,0,0,0,9,7,E01018970,3,1,0,1,-1,0
2021531052907,2021,531052907,1,1,2,2,32,6,3,0,0,1,0,0,9,5,E01007486,3,1,0,1,-1,0
2021010302106,2021,010302106,1,1,1,1,24,5,3,0,0,0,0,0,1,1,E01004674,-1,0,0,1,-1,0
2021531063943,2021,531063943,1,2,1,1,59,9,3,0,0,0,0,0,20,3,E01022293,3,1,0,1,-1,0
2021141065335,2021,141065335,2,1,2,1,27,6,2,0,0,0,0,0,3,-1,-1,6,1,1,0,-1,0
2021010300008,2021,010300008,1,1,1,1,36,7,3,0,0,0,0,0,5,1,E01004449,-1,0,0,1,-1,0
2021552100386,2021,552100386,1,1,1,1,34,6,2,0,0,0,0,0,5,10,E01015455,-1,0,1,0,-1,0
2021010305531,2021,010305531,1,1,3,1,48,8,3,5,1,0,0,0,0,2,E01002831,-1,0,0,1,-1,0
2021010351234,2021,010351234,1,3,3,1,9,2,3,6,9,0,0,0,0,3,E01001649,-1,0,0,1,-1,0
2021101102058,2021,101102058,1,1,3,2,8,2,3,5,1,0,0,0,0,1,E01008325,3,1,0,1,-1,0
2021131051067,2021,131051067,1,1,3,2,10,2,3,5,1,0,0,1,0,7,E01011614,3,1,0,1,-1,0
2021010309779,2021,010309779,1,1,1,1,35,6,3,0,0,0,0,0,1,3,E01000936,-1,0,0,1,-1,0
2021010310343,2021,010310343,1,1,1,1,41,7,3,0,0,0,0,0,1,3,E01033699,-1,0,0,1,-1,0
2021041058973,2021,041058973,2,1,1,2,58,9,3,0,0,0,0,0,9,2,E01025051,3,1,0,1,-1,0
2021061121634,2021,061121634,2,2,1,1,32,6,3,0,0,0,0,0,9,4,E01012460,3,1,0,1,-1,0
2021070053454,2021,070053454,1,1,1,1,40,7,2,0,0,0,0,0,9,2,E01018710,-1,0,1,0,-1,0
2021141086418,2021,141086418,2,2,1,2,24,5,3,0,0,0,0,0,9,10,E01012973,3,1,0,1,-1,0
2021221100910,2021,221100910,2,1,1,1,45,7,3,0,0,0,0,0,9,-1,-1,3,1,0,1,-1,0
202134WNC2141,2021,34WNC2141,2,2,2,2,42,7,3,0,0,1,0,0,9,-1,-1,-1,0,0,1,-1,0
2021440503813,2021,440503813,1,1,1,2,38,7,3,0,0,0,0,0,9,2,E01017116,-1,0,0,1,-1,0
2021451096144,2021,451096144,1,3,2,2,13,3,3,0,0,2,0,0,9,3,E01002612,3,1,0,1,-1,0
2021610018821,2021,610018821,2,3,2,2,24,5,3,0,0,2,0,0,9,-1,-1,-1,0,0.03699,0.96301,-1,0
2021991079433,2021,991079433,1,1,1,1,52,8,2,0,0,0,0,0,17,7,-1,5,1,1,0,-1,0
2021501120008,2021,501120008,1,1,1,1,39,7,3,0,0,0,0,0,20,7,E01018934,3,1,0,1,-1,0
2021131057468,2021,131057468,1,1,3,2,15,3,3,6,9,0,0,2,0,4,E01010675,3,1,0,1,-1,0
2021141022847,2021,141022847,1,1,3,2,52,8,3,10,9,0,0,0,0,-1,-1,3,1,0,1,-1,0
2021320491678,2021,320491678,1,1,3,2,56,9,2,9,8,0,0,0,0,6,E01026205,-1,0,1,0,-1,0
2021451060580,2021,451060580,1,2,3,1,46,8,3,9,9,0,0,0,0,9,E01030822,3,1,0,1,-1,0
2021610060921,2021,610060921,1,1,3,1,24,5,2,9,9,0,0,1,0,8,W01001905,-1,0,1,0,-1,0
2021010322841,2021,010322841,1,1,1,1,29,6,3,0,0,0,0,0,3,4,E01001934,-1,0,0,1,-1,0
2021010293696,2021,010293696,2,1,1,1,36,7,3,0,0,0,0,0,9,7,E01000198,-1,0,0,1,-1,0
2021010321062,2021,010321062,1,1,1,2,47,8,3,0,0,0,0,0,9,1,E01002778,-1,0,0,1,-1,0
2021201118346,2021,201118346,2,2,2,1,-1,-1,3,0,0,1,0,0,9,-1,-1,3,1,0,1,-1,0
2021361058032,2021,361058032,2,1,1,2,34,6,3,0,0,0,0,0,9,9,E01026933,3,1,0,1,-1,0
2021430119441,2021,430119441,4,4,1,1,70,10,3,0,0,0,0,0,9,-1,-1,-1,0,0.01547,0.98453,-1,0
2021991069133,2021,991069133,1,1,2,1,12,3,3,0,0,1,0,0,9,6,-1,3,1,0,1,-1,0
2021991074264,2021,991074264,1,1,1,1,30,6,3,0,0,0,0,0,9,1,-1,3,1,0,1,-1,0
2021031023716,2021,031023716,2,1,1,1,69,10,3,0,0,0,0,0,9,9,E01019085,3,1,0,1,-1,0
2021061097345,2021,061097345,2,1,1,2,33,6,3,0,0,0,0,0,9,9,E01005038,3,1,0,1,-1,0
2021111137522,2021,111137522,2,1,1,1,47,8,3,0,0,0,0,0,9,1,E01020671,3,1,0,1,-1,0
2021201049076,2021,201049076,1,1,1,1,58,9,3,0,0,0,0,0,9,3,E01014141,3,1,0,1,-1,0
2021201064591,2021,201064591,2,1,1,1,40,7,3,0,0,0,0,0,9,3,E01009553,3,1,0,1,-1,0
2021201102707,2021,201102707,2,2,1,2,48,8,3,0,0,0,0,0,9,5,E01008981,3,1,0,1,-1,0
2021221102311,2021,221102311,2,1,1,2,48,8,3,0,0,0,0,0,9,6,E01032353,3,1,0,1,-1,0
2021371074012,2021,371074012,1,1,1,2,19,4,3,0,0,0,0,0,9,3,E01030253,3,1,0,1,-1,0
2021501064675,2021,501064675,2,2,1,1,33,6,3,0,0,0,0,0,9,2,E01005371,3,1,0,1,-1,0
202163C079721,2021,63C079721,2,1,1,1,51,8,3,0,0,2,0,0,9,-1,-1,-1,0,0.02016,0.97984,-1,0
2021010312480,2021,010312480,1,1,1,1,23,5,3,0,0,0,0,0,3,1,E01003065,-1,0,0,1,-1,0
2021141065335,2021,141065335,2,2,2,1,17,4,2,0,0,0,0,0,3,1,E01007892,7,1,1,0,-1,0
2021430151959,2021,430151959,1,1,1,1,30,6,3,0,0,0,0,0,3,5,E01017923,-1,0,0.07802,0.92198,-1,0
2021221059083,2021,221059083,1,1,1,1,54,8,3,0,0,0,0,0,4,5,E01032181,3,1,0,1,-1,0
2021411025469,2021,411025469,1,2,3,1,32,6,3,9,5,0,0,1,0,3,E01021267,3,1,0,1,-1,0
2021440349015,2021,440349015,2,2,3,1,32,6,3,8,5,0,0,2,0,10,E01023220,-1,0,0,1,-1,0
2021010332008,2021,010332008,1,1,3,1,61,9,3,5,9,0,0,2,0,5,E01003233,-1,0,0,1,-1,0
2021041151023,2021,041151023,1,1,3,1,10,2,3,8,3,0,0,0,0,5,E01025030,3,1,0,1,-1,0
2021302101030,2021,302101030,1,1,3,1,52,8,3,5,1,0,0,0,0,1,E01013479,-1,0,0.07507,0.92493,-1,0
2021221045416,2021,221045416,2,1,1,1,17,4,2,0,0,0,0,0,3,7,E01032124,7,1,1,0,-1,0
202131B134721,2021,31B134721,3,1,1,1,68,10,3,0,0,0,0,0,5,7,E01026333,-1,0,0.11053,0.88947,-1,0
2021010304530,2021,010304530,4,3,1,1,35,6,3,0,0,0,0,0,9,-1,-1,-1,0,0,1,-1,0
2021070227046,2021,070227046,2,1,1,1,53,8,3,0,0,0,0,0,9,4,E01005690,-1,0,0.01413,0.98587,-1,0
2021070584588,2021,070584588,2,1,1,2,34,6,3,0,0,0,0,0,9,1,E01018738,-1,0,0.00801,0.99199,-1,0
2021201080951,2021,201080951,3,1,1,2,37,7,3,0,0,0,0,0,9,-1,-1,3,1,0,1,-1,0
2021201124896,2021,201124896,1,1,2,2,45,7,3,0,0,1,0,0,9,1,E01010129,3,1,0,1,-1,0
2021371124541,2021,371124541,2,1,1,2,36,7,2,0,0,0,0,0,9,-1,-1,7,1,1,0,-1,0
2021451047312,2021,451047312,1,1,1,1,31,6,3,0,0,0,0,0,9,8,E01022532,3,1,0,1,-1,0
2021461066754,2021,461066754,2,1,1,2,45,7,3,0,0,0,0,0,9,3,E01016038,3,1,0,1,-1,0
2021501029162,2021,501029162,1,1,1,2,61,9,3,0,0,0,0,0,9,8,E01015097,3,1,0,1,-1,0
2021501036704,2021,501036704,3,5,1,1,31,6,3,0,0,0,0,0,9,4,E01021651,3,1,0,1,-1,0
2021221040177,2021,221040177,2,1,1,1,55,8,3,0,0,0,0,0,19,3,W01001678,3,1,0,1,-1,0
2021010303757,2021,010303757,1,1,1,1,33,6,2,0,0,0,0,0,33,3,E01003122,-1,0,1,0,-1,1
2021351074267,2021,351074267,2,1,1,1,35,6,3,0,0,0,0,0,33,7,E01018002,3,1,0,1,-1,1
2021141088562,2021,141088562,1,1,1,1,67,10,2,0,0,0,0,0,98,3,E01002284,6,1,1,0,-1,0
2021010311143,2021,010311143,1,1,3,2,46,8,3,5,3,0,0,0,0,8,E01002150,-1,0,0,1,-1,0
2021010322059,2021,010322059,1,1,3,2,42,7,2,4,3,0,0,0,0,3,E01032785,-1,0,1,0,-1,0
2021010342992,2021,010342992,1,1,3,2,27,6,3,5,2,0,0,0,0,7,E01004650,-1,0,0,1,-1,0
2021201072650,2021,201072650,1,1,1,1,38,7,1,0,0,0,0,0,1,-1,-1,1,1,0,0,-1,0
2021010291213,2021,010291213,1,1,1,2,23,5,3,0,0,0,0,0,9,7,E01023532,-1,0,0,1,-1,0
2021010320980,2021,010320980,1,1,1,1,40,7,3,0,0,0,0,0,9,2,E01001246,-1,0,0,1,-1,0
2021041101871,2021,041101871,1,1,2,1,48,8,2,0,0,2,0,0,9,5,E01025363,6,1,1,0,-1,0
202106E079320,2021,06E079320,2,1,1,2,45,7,3,0,0,0,0,0,9,1,E01005091,-1,0,0.01696,0.98304,-1,0
2021111071718,2021,111071718,2,5,2,1,5,1,2,0,0,2,0,0,9,3,E01020649,7,1,1,0,-1,0
2021170L20161,2021,170L20161,1,7,2,1,3,1,3,0,0,2,0,0,9,5,E01012173,-1,0,0.00624,0.99376,-1,0
2021170S11561,2021,170S11561,4,3,1,1,41,7,3,0,0,0,0,0,9,9,E01020702,-1,0,0.06516,0.93484,-1,0
2021201111353,2021,201111353,2,1,1,2,23,5,3,0,0,0,0,0,9,-1,-1,3,1,0,1,-1,0
202131D172321,2021,31D172321,3,8,1,1,22,5,3,0,0,0,0,0,9,1,E01013883,-1,0,0.07216,0.92784,-1,0
2021451060890,2021,451060890,2,2,2,2,22,5,3,0,0,1,0,0,9,8,E01030972,3,1,0,1,-1,0
2021471104134,2021,471104134,1,2,2,2,2,1,3,0,0,2,0,0,9,2,E01004129,3,1,0,1,-1,0
2021622100912,2021,622100912,1,1,1,2,49,8,3,0,0,0,0,0,9,4,W01001248,-1,0,0.00929,0.99071,-1,0
2021991093943,2021,991093943,1,1,1,1,29,6,3,0,0,0,0,0,19,7,-1,3,1,0,1,-1,0
2021010347376,2021,010347376,1,1,1,2,51,8,3,0,0,0,0,0,9,5,E01015814,-1,0,0,1,-1,0
2021141105276,2021,141105276,1,1,1,2,40,7,3,0,0,0,0,0,9,6,E01007669,3,1,0,1,-1,0
2021401110603,2021,401110603,1,1,1,2,74,10,3,0,0,0,0,0,9,8,E01017455,3,1,0,1,-1,0
2021430473479,2021,430473479,2,1,1,2,35,6,3,0,0,0,0,0,9,10,E01030670,-1,0,0.00484,0.99516,-1,0
2021451034350,2021,451034350,1,1,2,2,25,5,3,0,0,1,0,0,9,7,E01030993,3,1,0,1,-1,0
2021451088953,2021,451088953,1,1,1,1,25,5,3,0,0,0,0,0,9,4,E01002970,3,1,0,1,-1,0
2021461073526,2021,461073526,2,1,1,2,21,5,3,0,0,0,0,0,9,4,E01016128,3,1,0,1,-1,0
2021461116440,2021,461116440,1,1,1,1,41,7,3,0,0,0,0,0,9,-1,-1,3,1,0,1,-1,0
2021471043476,2021,471043476,2,1,1,1,40,7,3,0,0,0,0,0,9,8,E01031767,3,1,0,1,-1,0
2021520100446,2021,520100446,1,1,1,1,19,4,3,0,0,0,0,0,9,8,E01014419,-1,0,0.18909,0.81091,-1,0
2021522100608,2021,522100608,1,1,2,2,31,6,3,0,0,1,0,0,9,1,E01014703,-1,0,0.03082,0.96918,-1,0
2021544410121,2021,544410121,2,1,1,2,32,6,3,0,0,0,0,0,9,2,E01015573,-1,0,0.0167,0.9833,-1,0
2021546946921,2021,546946921,1,1,1,1,65,9,3,0,0,0,0,0,9,10,E01031675,-1,0,0.07081,0.92919,-1,0
2021552100359,2021,552100359,2,1,1,1,33,6,3,0,0,0,0,0,9,3,E01015285,-1,0,0.01344,0.98656,-1,0
2021010303939,2021,010303939,2,1,1,1,13,3,3,0,0,0,0,0,1,1,E01001845,-1,0,0,1,-1,0
2021010305034,2021,010305034,2,1,1,1,57,9,3,0,0,0,0,0,1,8,E01000878,-1,0,0,1,-1,0
2021991026533,2021,991026533,1,1,1,1,12,3,2,0,0,0,0,0,1,10,-1,6,1,1,0,-1,0
2021010296851,2021,010296851,1,1,1,1,25,5,3,0,0,0,0,0,4,3,E01000511,-1,0,0,1,-1,0
2021010319463,2021,010319463,2,2,1,1,41,7,2,0,0,0,0,0,5,2,E01003500,-1,0,1,0,-1,0
202131C074921,2021,31C074921,1,1,3,2,13,3,3,4,3,0,0,0,0,1,E01013810,-1,0,0.12749,0.87251,-1,0
2021010295623,2021,010295623,1,1,3,1,50,8,3,9,5,0,0,1,0,8,E01001100,-1,0,0,1,-1,0
2021201108275,2021,201108275,1,1,3,2,20,4,2,1,4,0,0,2,0,4,E01009289,7,1,1,0,-1,0
202131D089021,2021,31D089021,1,1,3,1,30,6,3,5,3,0,0,0,0,-1,-1,-1,0,0.06702,0.93298,-1,0
2021010332976,2021,010332976,1,1,1,1,25,5,3,0,0,0,0,0,3,1,E01033455,-1,0,0,1,-1,0
2021552100661,2021,552100661,1,1,1,1,24,5,2,0,0,0,0,0,3,2,E01032659,-1,0,1,0,-1,0
2021010298747,2021,010298747,2,1,1,1,36,7,3,0,0,0,0,0,5,9,E01023448,-1,0,0,1,-1,0
2021010299736,2021,010299736,1,1,1,1,30,6,3,0,0,0,0,0,9,4,E01003766,-1,0,0,1,-1,0
2021041014729,2021,041014729,1,3,2,1,44,7,3,0,0,1,0,0,9,2,E01012576,3,1,0,1,-1,0
2021052100179,2021,052100179,1,1,1,1,35,6,3,0,0,0,0,0,9,4,E01006512,-1,0,0.01214,0.98786,-1,0
2021101101485,2021,101101485,2,1,1,1,80,11,3,0,0,0,0,0,9,8,E01008507,3,1,0,1,-1,0
2021131126274,2021,131126274,1,1,1,1,24,5,3,0,0,0,0,0,9,2,E01011224,3,1,0,1,-1,0
2021201125396,2021,201125396,1,1,1,1,33,6,3,0,0,0,0,0,9,2,E01009090,3,1,0,1,-1,0
2021221093543,2021,221093543,1,1,2,2,69,10,3,0,0,1,0,0,9,8,W01000450,3,1,0,1,-1,0
2021231081029,2021,231081029,1,1,1,2,27,6,3,0,0,0,0,0,9,7,E01009550,3,1,0,1,-1,0
2021320046231,2021,320046231,2,2,1,2,41,7,3,0,0,0,0,0,9,-1,-1,-1,0,0.0188,0.9812,-1,0
2021351116996,2021,351116996,3,2,1,2,63,9,3,0,0,0,0,0,9,9,E01018029,3,1,0,1,-1,0
2021430391355,2021,430391355,1,2,2,1,42,7,3,0,0,1,0,0,9,-1,-1,-1,0,0.01127,0.98873,-1,0
2021461047670,2021,461047670,2,1,1,2,25,5,3,0,0,0,0,0,9,2,E01033212,3,1,0,1,-1,0
2021501120008,2021,501120008,3,3,1,1,31,6,3,0,0,0,0,0,9,4,E01018962,3,1,0,1,-1,0
2021371029472,2021,371029472,2,1,1,1,33,6,3,0,0,0,0,0,19,1,E01029980,3,1,0,1,-1,0
2021401062750,2021,401062750,4,2,1,1,66,10,3,0,0,0,0,0,20,7,E01000334,3,1,0,1,-1,0
202131D172321,2021,31D172321,3,10,2,2,22,5,3,0,0,2,0,0,9,2,E01028299,-1,0,0.06954,0.93046,-1,0
2021501108262,2021,501108262,1,1,1,2,23,5,3,0,0,0,0,0,9,7,E01020300,3,1,0,1,-1,0
2021501130535,2021,501130535,1,1,1,1,49,8,3,0,0,0,0,0,9,4,E01020131,3,1,0,1,-1,0
2021991120285,2021,991120285,1,1,1,1,21,5,3,0,0,0,0,0,9,2,-1,3,1,0,1,-1,0
2021531105835,2021,531105835,1,1,1,1,21,5,2,0,0,0,0,0,3,7,E01022205,7,1,1,0,-1,0
2021061099475,2021,061099475,1,2,3,1,28,6,1,10,9,0,0,1,0,-1,-1,1,1,0,0,-1,0
2021440349015,2021,440349015,1,1,3,2,22,5,3,8,5,0,0,2,0,9,E01023275,-1,0,0,1,-1,0
2021991042920,2021,991042920,1,1,3,2,82,11,3,8,5,0,0,0,0,3,-1,3,1,0,1,-1,0
2021440044395,2021,440044395,2,1,1,1,42,7,3,0,0,0,0,0,19,3,E01023157,-1,0,0,1,-1,0
2021010332181,2021,010332181,1,1,3,2,31,6,3,10,9,0,0,0,0,3,E01002064,-1,0,0,1,-1,0
2021141013098,2021,141013098,1,1,3,2,26,6,3,1,1,0,0,0,0,2,E01007497,3,1,0,1,-1,0
2021461095144,2021,461095144,1,2,3,1,57,9,3,10,9,0,0,1,0,2,E01024246,3,1,0,1,-1,0
2021010325935,2021,010325935,2,1,1,1,42,7,3,0,0,0,0,0,1,1,E01003318,-1,0,0,1,-1,0
2021010328168,2021,010328168,2,2,1,1,30,6,3,0,0,0,0,0,3,5,E01003247,-1,0,0,1,-1,0
2021010334886,2021,010334886,2,1,1,2,28,6,3,0,0,0,0,0,3,4,E01000472,-1,0,0,1,-1,0
202131C141921,2021,31C141921,1,1,1,2,31,6,3,0,0,0,0,0,3,5,E01013840,-1,0,0.12913,0.87087,-1,0
2021501020025,2021,501020025,1,1,1,1,37,7,3,0,0,0,0,0,8,1,E01015149,3,1,0,1,-1,0
2021052102437,2021,052102437,1,1,1,1,64,9,3,0,0,0,0,0,9,2,E01006497,-1,0,0.05752,0.94248,-1,0
2021101037056,2021,101037056,2,1,1,2,24,5,3,0,0,0,0,0,9,8,E01028350,3,1,0,1,-1,0
2021302101736,2021,302101736,2,1,1,1,24,5,3,0,0,0,0,0,9,1,E01013485,-1,0,0.01087,0.98913,-1,0
2021461073557,2021,461073557,2,1,1,2,23,5,3,0,0,0,0,0,9,9,E01024008,3,1,0,1,-1,0
2021610001421,2021,610001421,2,1,2,2,19,4,3,0,0,1,0,0,9,-1,-1,-1,0,0.01543,0.98457,-1,0
2021131043302,2021,131043302,2,1,1,1,28,6,3,0,0,0,0,0,11,1,E01010680,3,1,0,1,-1,0
2021010310836,2021,010310836,1,1,3,1,45,7,3,9,7,0,0,1,0,6,E01001312,-1,0,0,1,-1,0
2021010338741,2021,010338741,1,1,3,2,32,6,2,4,1,0,0,0,0,4,E01004643,-1,0,1,0,-1,0
2021010340715,2021,010340715,1,1,3,2,26,6,2,1,3,0,0,0,0,1,E01002732,-1,0,1,0,-1,0
2021421021217,2021,421021217,1,1,3,1,76,11,3,1,1,0,0,0,0,10,E01021452,3,1,0,1,-1,0
2021531054214,2021,531054214,1,1,3,1,19,4,3,5,1,0,0,1,0,3,W01001026,3,1,0,1,-1,0
2021131059006,2021,131059006,2,1,1,1,39,7,3,0,0,0,0,0,1,8,E01011276,3,1,0,1,-1,0
2021520101538,2021,520101538,2,1,1,1,25,5,3,0,0,0,0,0,5,8,E01029242,-1,0,0.14316,0.85684,-1,0
2021070584588,2021,070584588,2,2,2,2,11,3,3,0,0,1,0,0,9,1,E01018738,-1,0,0.00674,0.99326,-1,0
2021101104750,2021,101104750,1,1,1,1,84,11,3,0,0,0,0,0,9,8,E01027370,3,1,0,1,-1,0
202131D109621,2021,31D109621,2,1,1,2,54,8,3,0,0,0,0,0,9,6,E01025912,-1,0,0.01992,0.98008,-1,0
2021320756465,2021,320756465,2,2,2,1,50,8,2,0,0,1,0,0,9,1,E01026092,-1,0,1,0,-1,0
202134NNC3791,2021,34NNC3791,2,1,1,2,23,5,3,0,0,0,0,0,9,7,E01027078,-1,0,0,1,-1,0
2021421053515,2021,421053515,3,1,1,1,45,7,3,0,0,0,0,0,9,5,E01021484,3,1,0,1,-1,0
2021440372821,2021,440372821,2,2,1,1,26,6,3,0,0,0,0,0,9,8,E01030979,-1,0,0,1,-1,0
2021440469753,2021,440469753,1,1,1,1,44,7,3,0,0,0,0,0,9,9,E01020417,-1,0,0,1,-1,0
2021440496783,2021,440496783,2,1,1,1,37,7,3,0,0,0,0,0,9,10,E01023035,-1,0,0,1,-1,0
2021461022183,2021,461022183,1,1,1,1,57,9,3,0,0,0,0,0,9,4,E01024377,3,1,0,1,-1,0
2021031108660,2021,031108660,1,2,2,2,15,3,3,0,0,0,4,0,11,7,E01019357,3,1,0,1,-1,0
2021371034085,2021,371034085,2,2,1,1,41,7,3,0,0,0,0,0,19,6,E01030150,3,1,0,1,-1,0
2021231111140,2021,231111140,1,1,1,1,26,6,3,0,0,0,0,0,21,1,E01013573,3,1,0,1,-1,0
2021010351234,2021,010351234,1,2,3,2,40,7,2,6,9,0,0,0,0,3,E01001649,-1,0,1,0,-1,0
2021440204220,2021,440204220,1,1,3,1,13,3,3,5,4,0,0,0,0,-1,-1,-1,0,0,1,-1,0
2021440195329,2021,440195329,1,1,1,1,60,9,3,0,0,0,0,0,5,8,E01017302,-1,0,0,1,-1,0
2021991025209,2021,991025209,2,4,1,1,25,5,3,0,0,0,0,0,5,8,-1,3,1,0,1,-1,0
2021141062083,2021,141062083,1,1,1,2,49,8,3,0,0,0,0,0,9,3,E01007702,3,1,0,1,-1,0
2021201057959,2021,201057959,2,1,1,1,41,7,3,0,0,0,0,0,9,-1,-1,3,1,0,1,-1,0
2021201099628,2021,201099628,1,2,2,2,20,4,3,0,0,1,0,0,9,9,E01009469,3,1,0,1,-1,0
2021201125294,2021,201125294,2,2,1,1,26,6,3,0,0,0,0,0,9,5,E01008885,3,1,0,1,-1,0
2021302100283,2021,302100283,1,1,1,1,62,9,3,0,0,0,0,0,9,3,E01019730,-1,0,0.02045,0.97955,-1,0
2021361017109,2021,361017109,1,1,1,1,25,5,3,0,0,0,0,0,9,10,E01026537,3,1,0,1,-1,0
2021501120008,2021,501120008,5,5,1,2,50,8,3,0,0,0,0,0,9,7,E01018970,3,1,0,1,-1,0
202163A030721,2021,63A030721,1,1,2,2,40,7,3,0,0,1,0,0,9,2,W01000705,-1,0,0.00696,0.99304,-1,0
2021361131668,2021,361131668,2,1,1,1,30,6,3,0,0,0,0,0,19,1,E01026809,3,1,0,1,-1,0
2021010311819,2021,010311819,1,1,1,1,38,7,3,0,0,0,0,0,9,-1,-1,-1,0,0,1,-1,0
2021101060494,2021,101060494,2,1,1,1,51,8,3,0,0,0,0,0,9,-1,-1,3,1,0,1,-1,0
2021161027334,2021,161027334,2,2,1,2,39,7,3,0,0,0,0,0,9,6,E01012923,3,1,0,1,-1,0
2021221051436,2021,221051436,1,1,2,2,71,10,3,0,0,1,0,0,9,8,E01028829,3,1,0,1,-1,0
2021320186399,2021,320186399,1,2,1,2,26,6,3,0,0,0,0,0,9,3,E01026085,-1,0,0.01683,0.98317,-1,0
2021332100023,2021,332100023,2,1,1,2,60,9,3,0,0,0,0,0,9,9,E01025776,-1,0,0.00927,0.99073,-1,0
2021351072639,2021,351072639,1,2,2,2,16,4,2,0,0,2,0,0,9,7,E01017516,7,1,1,0,-1,0
2021371129100,2021,371129100,2,1,1,2,32,6,3,0,0,0,0,0,9,7,E01023961,3,1,0,1,-1,0
2021461097439,2021,461097439,1,1,1,1,19,4,3,0,0,0,0,0,9,6,E01024557,3,1,0,1,-1,0
2021471081623,2021,471081623,2,1,1,2,42,7,3,0,0,0,0,0,9,5,E01020947,3,1,0,1,-1,0
2021501121617,2021,501121617,2,1,1,2,39,7,3,0,0,0,0,0,9,6,E01019016,3,1,0,1,-1,0
2021221081456,2021,221081456,2,1,1,1,52,8,3,0,0,0,0,0,5,1,E01032469,3,1,0,1,-1,0
2021010310705,2021,010310705,2,1,1,2,27,6,3,0,0,0,0,0,33,2,E01004242,-1,0,0,1,-1,1
2021011049221,2021,011049221,2,1,1,1,64,9,3,0,0,0,0,0,19,2,E01003126,3,1,0,1,-1,0
2021061065843,2021,061065843,1,2,2,1,15,3,3,0,0,0,0,0,19,-1,-1,3,1,0,1,-1,0
2021201148209,2021,201148209,1,1,3,1,22,5,3,9,5,0,0,1,0,9,E01032125,3,1,0,1,-1,0
2021501107772,2021,501107772,1,1,3,1,55,8,3,8,5,0,0,0,0,5,E01020301,3,1,0,1,-1,0
2021332100310,2021,332100310,2,1,1,1,69,10,3,0,0,0,0,0,1,5,E01013649,-1,0,0.06983,0.93017,-1,0
2021471096670,2021,471096670,2,1,1,1,60,9,2,0,0,0,0,0,1,10,E01016984,6,1,1,0,-1,0
2021010330804,2021,010330804,1,1,1,-1,29,6,3,0,0,0,0,0,3,4,E01000546,-1,0,0,1,-1,0
2021010341334,2021,010341334,1,1,1,1,54,8,3,0,0,0,0,0,3,8,E01030722,-1,0,0,1,-1,0
2021451054923,2021,451054923,1,1,1,1,25,5,3,0,0,0,0,0,5,5,E01030725,3,1,0,1,-1,0
2021010297489,2021,010297489,1,2,2,-1,-1,-1,3,0,0,2,0,0,9,6,E01030363,-1,0,0,1,-1,0
2021010322672,2021,010322672,1,2,2,2,15,3,3,0,0,2,0,0,9,2,E01000223,-1,0,0,1,-1,0
2021010339009,2021,010339009,1,2,2,1,34,6,3,0,0,1,0,0,9,-1,-1,-1,0,0,1,-1,0
2021052101924,2021,052101924,1,1,1,2,73,10,3,0,0,0,0,0,9,6,E01006972,-1,0,0.12342,0.87658,-1,0
2021111071718,2021,111071718,2,4,2,1,7,2,2,0,0,1,0,0,9,3,E01020649,7,1,1,0,-1,0
2021161063371,2021,161063371,2,2,2,1,20,4,3,0,0,1,0,0,9,10,E01012921,3,1,0,1,-1,0
2021170H10191,2021,170H10191,2,2,2,2,22,5,3,0,0,1,0,0,9,1,E01012000,-1,0,0.02005,0.97995,-1,0
2021170S40901,2021,170S40901,2,1,1,2,31,6,3,0,0,0,0,0,9,3,E01012282,-1,0,0.01086,0.98914,-1,0
2021302101812,2021,302101812,1,1,1,2,33,6,3,0,0,0,0,0,9,-1,-1,-1,0,0.00293,0.99707,-1,0
2021421099184,2021,421099184,1,2,2,2,30,6,3,0,0,1,0,0,9,2,E01015938,3,1,0,1,-1,0
2021440044395,2021,440044395,3,2,1,1,37,7,3,0,0,0,0,0,9,9,E01029793,-1,0,0,1,-1,0
2021440466688,2021,440466688,1,1,1,2,64,9,3,0,0,0,0,0,9,8,E01016192,-1,0,0,1,-1,0
2021540115221,2021,540115221,1,3,2,1,29,6,3,0,0,1,0,0,9,9,E01030446,-1,0,0.03517,0.96483,-1,0
2021552101340,2021,552101340,1,1,1,2,49,8,3,0,0,0,0,0,9,5,E01020412,-1,0,0.02867,0.97133,-1,0
2021610057521,2021,610057521,2,1,2,2,96,11,3,0,0,2,0,0,9,6,W01001510,-1,0,0.05125,0.94875,-1,0
2021522106134,2021,522106134,2,1,1,1,35,6,3,0,0,0,0,0,33,-1,-1,-1,0,0.09437,0.90563,-1,1
2021010309793,2021,010309793,2,1,1,1,35,6,3,0,0,0,0,0,1,3,E01002728,-1,0,0,1,-1,0
202106L079230,2021,06L079230,2,1,1,1,54,8,2,0,0,0,0,0,1,7,E01006290,-1,0,1,0,-1,0
2021221042497,2021,221042497,1,1,1,1,50,8,2,0,0,0,0,0,1,8,W01000404,7,1,1,0,-1,0
2021548106421,2021,548106421,1,1,1,2,12,3,3,0,0,0,0,0,1,1,E01015575,-1,0,0.04037,0.95963,-1,0
2021010297916,2021,010297916,1,1,1,1,32,6,2,0,0,0,0,0,3,3,E01001327,-1,0,1,0,-1,0
2021111080892,2021,111080892,1,1,1,1,61,9,2,0,0,0,0,0,5,1,E01020739,6,1,1,0,-1,0
2021010320172,2021,010320172,1,1,1,2,37,7,3,0,0,0,0,0,9,1,E01033605,-1,0,0,1,-1,0
2021031038594,2021,031038594,1,1,1,1,40,7,2,0,0,0,0,0,9,-1,-1,6,1,1,0,-1,0
2021131076876,2021,131076876,1,2,1,1,52,8,3,0,0,0,0,0,9,2,E01011251,3,1,0,1,-1,0
2021161027334,2021,161027334,1,1,1,2,41,7,3,0,0,0,0,0,9,10,E01012919,3,1,0,1,-1,0
2021170L10211,2021,170L10211,2,4,2,2,50,8,3,0,0,1,0,0,9,1,E01020777,-1,0,0.09294,0.90706,-1,0
2021371034085,2021,371034085,1,1,1,2,45,7,3,0,0,0,0,0,9,8,E01018270,3,1,0,1,-1,0
2021411117089,2021,411117089,1,1,1,1,39,7,3,0,0,0,0,0,9,6,E01023874,3,1,0,1,-1,0
2021501038280,2021,501038280,2,1,1,2,34,6,3,0,0,0,0,0,9,3,E01015212,3,1,0,1,-1,0
202131D124621,2021,31D124621,3,1,1,1,28,6,3,0,0,0,0,0,19,3,E01026012,-1,0,0.04149,0.95851,-1,0
202163A016421,2021,63A016421,2,1,1,1,29,6,3,0,0,0,0,0,19,8,W01000694,-1,0,0.01668,0.98332,-1,0
2021131062954,2021,131062954,1,1,2,2,59,9,2,0,0,1,0,0,9,2,E01011259,6,1,1,0,-1,0
2021161051540,2021,161051540,2,2,1,1,30,6,3,0,0,0,0,0,9,3,E01013231,3,1,0,1,-1,0
2021201145435,2021,201145435,2,4,2,1,49,8,3,0,0,1,0,0,9,-1,-1,3,1,0,1,-1,0
2021231023608,2021,231023608,1,1,1,2,20,4,3,0,0,0,0,0,9,9,E01012974,3,1,0,1,-1,0
2021302101736,2021,302101736,2,3,2,2,28,6,3,0,0,2,0,0,9,1,E01013485,-1,0,0.00971,0.99029,-1,0
2021351072523,2021,351072523,1,2,2,2,86,11,3,0,0,1,0,0,9,9,E01018012,3,1,0,1,-1,0
2021421103641,2021,421103641,1,4,2,1,18,4,3,0,0,2,0,0,9,2,E01028435,3,1,0,1,-1,0
2021610021821,2021,610021821,2,1,1,2,-1,-1,3,0,0,0,0,0,9,-1,-1,-1,0,0.04744,0.95256,-1,0
2021010318108,2021,010318108,1,1,1,2,23,5,3,0,0,0,0,0,1,2,E01003988,-1,0,0,1,-1,0
2021010333542,2021,010333542,2,2,1,-1,-1,-1,3,0,0,0,0,0,1,-1,-1,-1,0,0,1,-1,0
2021041087281,2021,041087281,1,1,1,1,41,7,2,0,0,0,0,0,3,4,E01012634,5,1,1,0,-1,0
2021421028343,2021,421028343,2,1,1,2,25,5,2,0,0,0,0,0,3,1,E01001978,6,1,1,0,-1,0
2021371026671,2021,371026671,1,1,1,1,27,6,3,0,0,0,0,0,2,7,E01030020,3,1,0,1,-1,0
2021547142721,2021,547142721,1,1,3,1,10,2,3,5,9,0,0,0,0,8,E01015551,-1,0,0.06492,0.93508,-1,0
2021010287511,2021,010287511,1,1,1,1,50,8,3,0,0,0,0,0,8,1,E01004250,-1,0,0,1,-1,0
2021010345515,2021,010345515,1,1,1,1,41,7,3,0,0,0,0,0,19,4,E01000408,-1,0,0,1,-1,0
2021061065843,2021,061065843,1,1,1,1,58,9,3,0,0,0,0,0,19,-1,-1,3,1,0,1,-1,0
2021010294900,2021,010294900,1,1,1,1,29,6,3,0,0,0,0,0,9,1,E01002099,-1,0,0,1,-1,0
2021041043601,2021,041043601,1,3,2,2,6,2,2,0,0,2,0,0,9,1,E01012656,7,1,1,0,-1,0
2021041079259,2021,041079259,2,1,1,1,30,6,3,0,0,0,0,0,9,9,E01025240,3,1,0,1,-1,0
2021041101871,2021,041101871,1,2,2,1,43,7,3,0,0,2,0,0,9,-1,-1,3,1,0,1,-1,0
2021070482714,2021,070482714,2,2,2,1,38,7,3,0,0,1,0,0,9,3,E01018435,-1,0,0.00684,0.99316,-1,0
2021131044836,2021,131044836,2,3,1,1,72,10,3,0,0,0,0,0,9,2,E01011809,3,1,0,1,-1,0
2021141077954,2021,141077954,2,2,1,2,55,8,3,0,0,0,0,0,9,4,E01007704,3,1,0,1,-1,0
2021302101379,2021,302101379,1,1,1,1,18,4,3,0,0,0,0,0,9,5,E01019428,-1,0,0.00341,0.99659,-1,0
202131D172321,2021,31D172321,2,5,2,2,20,4,3,0,0,1,0,0,9,7,E01028175,-1,0,0.02167,0.97833,-1,0
2021351110127,2021,351110127,2,1,1,2,62,9,3,0,0,0,0,0,9,10,E01028383,3,1,0,1,-1,0
2021421051692,2021,421051692,1,1,1,1,36,7,3,0,0,0,0,0,9,3,E01016012,3,1,0,1,-1,0
2021440496783,2021,440496783,3,3,1,2,73,10,3,0,0,0,0,0,9,7,E01023057,-1,0,0,1,-1,0
2021991049451,2021,991049451,3,1,1,1,49,8,3,0,0,0,0,0,9,2,-1,3,1,0,1,-1,0
2021991101899,2021,991101899,1,3,1,1,46,8,3,0,0,0,0,0,9,2,-1,3,1,0,1,-1,0
2021010351423,2021,010351423,1,1,1,1,28,6,2,0,0,0,0,0,1,6,E01004059,-1,0,1,0,-1,0
2021010355018,2021,010355018,1,1,1,1,31,6,3,0,0,0,0,0,1,2,E01003633,-1,0,0,1,-1,0
2021311109841,2021,311109841,2,1,1,1,32,6,2,0,0,0,0,0,1,2,E01013966,5,1,1,0,-1,0
2021411033695,2021,411033695,2,1,1,1,34,6,3,0,0,0,0,0,1,2,E01021816,3,1,0,1,-1,0
2021461083055,2021,461083055,1,1,3,2,47,8,3,5,9,0,0,0,0,10,E01024829,3,1,0,1,-1,0
20211382D0401,2021,1382D0401,4,2,1,1,60,9,3,0,0,0,0,0,19,8,E01011399,-1,0,0.08005,0.91995,-1,0
2021010339009,2021,010339009,1,3,2,2,17,4,3,0,0,2,0,0,9,-1,-1,-1,0,0,1,-1,0
2021201144503,2021,201144503,1,1,1,1,23,5,2,0,0,0,0,0,9,2,E01009955,7,1,1,0,-1,0
2021421022280,2021,421022280,7,1,1,1,69,10,3,0,0,0,0,0,9,2,E01002281,3,1,0,1,-1,0
2021440259204,2021,440259204,1,1,1,2,38,7,3,0,0,0,0,0,9,4,E01022910,-1,0,0,1,-1,0
2021461038657,2021,461038657,4,2,2,2,56,9,3,0,0,1,0,0,9,5,E01024134,3,1,0,1,-1,0
2021471112427,2021,471112427,2,1,1,2,58,9,3,0,0,0,0,0,9,4,E01031836,3,1,0,1,-1,0
202163C017521,2021,63C017521,2,2,2,2,79,11,3,0,0,1,0,0,9,3,W01000608,-1,0,0.04814,0.95186,-1,0
2021991016585,2021,991016585,1,1,1,2,69,10,2,0,0,0,0,0,9,5,-1,7,1,1,0,-1,0
2021991074995,2021,991074995,1,1,1,1,56,9,2,0,0,0,0,0,9,8,-1,6,1,1,0,-1,0
2021010296032,2021,010296032,2,1,1,2,25,5,3,0,0,0,0,0,1,4,E01001855,-1,0,0,1,-1,0
2021440284778,2021,440284778,2,1,1,2,51,8,3,0,0,0,0,0,3,-1,-1,-1,0,0,1,-1,0
2021010306402,2021,010306402,2,1,1,1,26,6,3,0,0,0,0,0,4,6,E01000238,-1,0,0,1,-1,0
2021421111708,2021,421111708,1,1,1,1,26,6,3,0,0,0,0,0,4,9,E01021710,3,1,0,1,-1,0
2021010325231,2021,010325231,1,1,3,2,60,9,3,6,9,0,0,1,0,3,E01000933,-1,0,0,1,-1,0
202134NNC2181,2021,34NNC2181,1,1,1,1,35,6,3,0,0,0,0,0,19,3,E01009003,-1,0,0,1,-1,0
2021010287923,2021,010287923,2,2,2,2,22,5,3,0,0,2,0,0,9,3,E01002139,-1,0,0,1,-1,0
2021010297563,2021,010297563,1,2,2,1,27,6,3,0,0,2,0,0,9,4,E01023547,-1,0,0,1,-1,0
2021320359498,2021,320359498,1,3,1,1,37,7,3,0,0,0,0,0,9,7,E01013685,-1,0,0.06201,0.93799,-1,0
202134WNC6011,2021,34WNC6011,2,1,1,2,56,9,3,0,0,0,0,0,9,9,E01027003,-1,0,0,1,-1,0
2021351102634,2021,351102634,2,2,1,1,62,9,3,0,0,0,0,0,9,6,E01018042,3,1,0,1,-1,0
2021361052140,2021,361052140,3,3,1,2,59,9,3,0,0,0,0,0,9,5,E01017412,3,1,0,1,-1,0
2021440241583,2021,440241583,1,1,2,1,35,6,3,0,0,1,0,0,9,6,E01023252,-1,0,0,1,-1,0
2021471094666,2021,471094666,1,1,2,2,78,11,3,0,0,1,0,0,9,10,E01031748,3,1,0,1,-1,0
2021543318421,2021,543318421,2,1,1,2,54,8,3,0,0,0,0,0,9,10,E01015521,-1,0,0.01602,0.98398,-1,0
202154B728821,2021,54B728821,1,1,2,2,30,6,3,0,0,2,0,0,9,-1,-1,-1,0,0.03652,0.96348,-1,0
2021401072800,2021,401072800,2,1,1,2,23,5,3,0,0,0,0,0,1,3,E01017522,3,1,0,1,-1,0
2021010302531,2021,010302531,1,1,3,1,42,7,3,4,1,0,0,0,0,2,E01000930,-1,0,0,1,-1,0
2021430484367,2021,430484367,1,1,3,1,5,1,3,5,1,0,0,0,0,4,E01016462,-1,0,0.04285,0.95715,-1,0
2021131083924,2021,131083924,1,2,3,2,2,1,2,8,9,0,0,1,0,4,E01010602,7,1,1,0,-1,0
2021010347132,2021,010347132,1,1,1,2,41,7,3,0,0,0,0,0,1,4,E01003410,-1,0,0,1,-1,0
2021501100469,2021,501100469,2,1,1,1,60,9,3,0,0,0,0,0,5,9,E01030760,3,1,0,1,-1,0
2021010318239,2021,010318239,1,1,1,2,31,6,3,0,0,0,0,0,9,2,E01000030,-1,0,0,1,-1,0
2021010349070,2021,010349070,2,1,1,1,19,4,3,0,0,0,0,0,9,8,E01001392,-1,0,0,1,-1,0
2021052101158,2021,052101158,1,1,2,2,9,2,3,0,0,1,0,0,9,-1,-1,-1,0,0.0239,0.9761,-1,0
2021070548094,2021,070548094,2,1,1,2,55,8,3,0,0,0,0,0,9,10,E01018687,-1,0,0.02886,0.97114,-1,0
2021101039993,2021,101039993,2,1,1,2,54,8,3,0,0,0,0,0,9,8,E01027457,3,1,0,1,-1,0
2021131041220,2021,131041220,1,1,1,1,31,6,3,0,0,0,0,0,9,4,E01010601,3,1,0,1,-1,0
2021131108116,2021,131108116,2,2,1,2,36,7,3,0,0,0,0,0,9,6,E01011881,3,1,0,1,-1,0
2021170L20161,2021,170L20161,1,2,2,2,36,7,3,0,0,1,0,0,9,1,E01012113,-1,0,0.00754,0.99246,-1,0
2021211089231,2021,211089231,2,3,2,2,36,7,3,0,0,1,0,0,9,9,E01005785,3,1,0,1,-1,0
2021221092993,2021,221092993,2,1,1,2,39,7,3,0,0,0,0,0,9,9,E01033528,3,1,0,1,-1,0
2021401073931,2021,401073931,2,1,1,1,54,8,3,0,0,0,0,0,9,2,E01015749,3,1,0,1,-1,0
2021430518991,2021,430518991,2,2,1,1,52,8,3,0,0,0,0,0,9,5,E01016371,-1,0,0.00647,0.99353,-1,0
2021471026908,2021,471026908,2,2,2,1,50,8,3,0,0,1,0,0,9,7,E01024801,3,1,0,1,-1,0
2021471049326,2021,471049326,1,1,1,2,55,8,3,0,0,0,0,0,9,8,E01031474,3,1,0,1,-1,0
2021231111140,2021,231111140,2,2,1,1,29,6,3,0,0,0,0,0,21,10,E01025772,3,1,0,1,-1,0
2021332100844,2021,332100844,2,2,1,1,28,6,2,0,0,0,0,0,98,7,E01007551,-1,0,1,0,-1,0
2021548119421,2021,548119421,1,1,1,1,53,8,3,0,0,0,0,0,17,-1,-1,-1,0,0.08987,0.91013,-1,0
2021010287923,2021,010287923,2,1,2,2,21,5,3,0,0,2,0,0,9,2,E01002217,-1,0,0,1,-1,0
2021010314119,2021,010314119,1,2,2,2,24,5,3,0,0,2,0,0,9,1,E01002673,-1,0,0,1,-1,0
2021101078177,2021,101078177,1,2,2,2,62,9,3,0,0,1,0,0,9,-1,-1,3,1,0,1,-1,0
2021221088373,2021,221088373,1,1,1,2,32,6,3,0,0,0,0,0,9,8,E01028861,3,1,0,1,-1,0
202131D172321,2021,31D172321,2,7,2,2,16,4,3,0,0,2,0,0,9,2,E01013963,-1,0,0.02191,0.97809,-1,0
2021421050268,2021,421050268,2,1,1,2,26,6,3,0,0,0,0,0,9,8,E01021482,3,1,0,1,-1,0
2021440047698,2021,440047698,2,2,1,1,42,7,3,0,0,0,0,0,9,9,E01022879,-1,0,0,1,-1,0
2021451026867,2021,451026867,1,1,1,1,63,9,3,0,0,0,0,0,9,8,E01023141,3,1,0,1,-1,0
2021451096144,2021,451096144,1,2,2,2,44,7,3,0,0,1,0,0,9,3,E01002612,3,1,0,1,-1,0
2021461088624,2021,461088624,2,1,1,2,34,6,3,0,0,0,0,0,9,5,E01001029,3,1,0,1,-1,0
2021161084424,2021,161084424,2,1,1,2,13,3,3,0,0,0,0,0,1,1,E01012847,3,1,0,1,-1,0
2021010306947,2021,010306947,1,1,1,1,56,9,3,0,0,0,0,0,5,2,E01002786,-1,0,0,1,-1,0
2021471094631,2021,471094631,1,1,1,1,-1,-1,3,0,0,0,0,0,33,2,E01016906,3,1,0,1,-1,1
2021010339155,2021,010339155,1,1,3,2,31,6,3,1,2,0,0,0,0,1,E01001425,-1,0,0,1,-1,0
2021141098475,2021,141098475,1,1,3,1,21,5,3,9,7,0,0,0,0,-1,-1,3,1,0,1,-1,0
2021010297088,2021,010297088,2,1,1,1,34,6,3,0,0,0,0,0,1,5,E01002061,-1,0,0,1,-1,0
2021010347444,2021,010347444,2,1,1,1,24,5,3,0,0,0,0,0,3,4,E01002642,-1,0,0,1,-1,0
2021010337986,2021,010337986,2,2,2,-1,-1,-1,3,0,0,9,0,0,9,-1,-1,-1,0,0,1,-1,0
2021052100325,2021,052100325,1,2,2,2,77,11,3,0,0,1,0,0,9,1,E01006693,-1,0,0.09448,0.90552,-1,0
2021061110025,2021,061110025,2,1,1,2,43,7,3,0,0,0,0,0,9,9,E01006377,3,1,0,1,-1,0
2021131040995,2021,131040995,1,1,2,2,17,4,2,0,0,1,0,0,9,1,E01010817,7,1,1,0,-1,0
2021201094921,2021,201094921,2,1,1,1,57,9,3,0,0,0,0,0,9,5,E01009779,3,1,0,1,-1,0
2021201118773,2021,201118773,2,1,1,1,23,5,3,0,0,0,0,0,9,8,E01019951,3,1,0,1,-1,0
2021221117601,2021,221117601,2,2,2,1,25,5,3,0,0,1,0,0,9,7,E01023679,3,1,0,1,-1,0
202131B052221,2021,31B052221,2,1,1,1,32,6,3,0,0,0,0,0,9,-1,-1,-1,0,0.01443,0.98557,-1,0
2021421045097,2021,421045097,2,1,1,2,33,6,2,0,0,0,0,0,9,4,E01016003,7,1,1,0,-1,0
2021440252115,2021,440252115,2,1,1,1,40,7,3,0,0,0,0,0,9,6,E01022677,-1,0,0,1,-1,0
2021010338818,2021,010338818,1,1,3,1,21,5,3,5,2,0,0,0,0,10,E01013340,-1,0,0,1,-1,0
2021010313622,2021,010313622,2,1,1,1,10,2,3,0,0,0,0,0,1,4,E01002684,-1,0,0,1,-1,0
2021010295761,2021,010295761,1,1,1,1,26,6,3,0,0,0,0,0,3,3,E01002044,-1,0,0,1,-1,0
2021010330456,2021,010330456,1,1,1,1,35,6,3,0,0,0,0,0,3,2,E01004720,-1,0,0,1,-1,0
2021201073572,2021,201073572,2,1,1,1,34,6,2,0,0,0,0,0,3,2,E01010404,7,1,1,0,-1,0
2021471066275,2021,471066275,2,1,1,1,21,5,3,0,0,0,0,0,5,3,E01031441,3,1,0,1,-1,0
2021991025209,2021,991025209,1,3,1,1,27,6,3,0,0,0,0,0,5,4,-1,3,1,0,1,-1,0
2021111030745,2021,111030745,2,2,2,2,28,6,3,0,0,1,0,0,9,2,E01020840,3,1,0,1,-1,0
20211383B1530,2021,1383B1530,2,2,2,2,-1,-1,3,0,0,1,0,0,9,7,E01011531,-1,0,0.02048,0.97952,-1,0
2021170S10441,2021,170S10441,2,1,1,2,42,7,3,0,0,0,0,0,9,8,E01012067,-1,0,0.01388,0.98612,-1,0
2021302100216,2021,302100216,1,1,1,1,42,7,3,0,0,0,0,0,9,7,E01019548,-1,0,0.03555,0.96445,-1,0
202134WNC2491,2021,34WNC2491,2,2,1,1,63,9,3,0,0,0,0,0,9,2,E01016726,-1,0,0,1,-1,0
2021421021233,2021,421021233,3,1,1,1,32,6,3,0,0,0,0,0,9,8,E01021749,3,1,0,1,-1,0
2021451071313,2021,451071313,1,1,1,1,70,10,3,0,0,0,0,0,9,4,E01030746,3,1,0,1,-1,0
2021461095786,2021,461095786,2,2,1,1,62,9,3,0,0,0,0,0,9,8,E01024642,3,1,0,1,-1,0
2021501112568,2021,501112568,2,2,1,1,21,5,3,0,0,0,0,0,9,7,E01031978,3,1,0,1,-1,0
2021552100248,2021,552100248,1,2,1,1,24,5,3,0,0,0,0,0,9,9,E01020391,-1,0,0.02283,0.97717,-1,0
2021531074553,2021,531074553,2,3,1,1,25,5,3,0,0,0,0,0,19,5,E01032133,3,1,0,1,-1,0
2021010322733,2021,010322733,1,1,3,1,17,4,3,7,9,0,0,0,0,2,E01003305,-1,0,0,1,-1,0
2021122101298,2021,122101298,1,1,3,1,26,6,3,9,5,0,0,1,0,3,E01027908,-1,0,0.08822,0.91178,-1,0
2021131052700,2021,131052700,1,1,3,1,46,8,2,6,9,0,0,2,0,1,E01011349,7,1,1,0,-1,0
2021201023595,2021,201023595,1,1,3,2,54,8,3,5,9,0,0,2,0,4,E01009868,3,1,0,1,-1,0
2021451059741,2021,451059741,1,1,3,1,13,3,2,4,4,0,0,2,0,3,E01030952,7,1,1,0,-1,0
2021010313446,2021,010313446,1,1,1,1,38,7,2,0,0,0,0,0,3,3,E01003544,-1,0,1,0,-1,0
202160Z030211,2021,60Z030211,1,1,1,1,21,5,2,0,0,0,0,0,5,-1,-1,-1,0,1,0,-1,0
2021501020025,2021,501020025,1,5,2,1,48,8,3,0,0,2,0,0,8,2,E01015156,3,1,0,1,-1,0
2021041084996,2021,041084996,1,2,2,1,30,6,3,0,0,1,0,0,9,4,E01006399,3,1,0,1,-1,0
2021141075227,2021,141075227,2,2,1,1,44,7,3,0,0,0,0,0,9,3,E01007667,3,1,0,1,-1,0
2021201106331,2021,201106331,1,1,1,2,33,6,3,0,0,0,0,0,9,9,E01010390,3,1,0,1,-1,0
202131D172321,2021,31D172321,2,4,1,2,20,4,3,0,0,0,0,0,9,2,E01013963,-1,0,0.02167,0.97833,-1,0
2021401043920,2021,401043920,1,1,1,1,27,6,3,0,0,0,0,0,9,6,E01000252,3,1,0,1,-1,0
2021471027826,2021,471027826,1,1,1,2,48,8,3,0,0,0,0,0,9,5,E01001060,3,1,0,1,-1,0
2021471041203,2021,471041203,1,1,1,1,25,5,3,0,0,0,0,0,9,4,E01031575,3,1,0,1,-1,0
2021430116853,2021,430116853,1,1,1,1,54,8,1,0,0,0,0,0,19,9,E01029800,-1,0,0,0,-1,0
2021161025364,2021,161025364,2,1,1,1,64,9,3,0,0,0,0,0,22,2,E01013131,3,1,0,1,-1,0
2021010342694,2021,010342694,1,1,3,1,63,9,3,7,9,0,0,0,0,7,E01000225,-1,0,0,1,-1,0
2021461095144,2021,461095144,1,1,3,1,30,6,3,10,9,0,0,1,0,7,E01024316,3,1,0,1,-1,0
2021991046095,2021,991046095,1,1,3,2,72,10,3,6,9,0,0,0,0,3,-1,3,1,0,1,-1,0
2021061048410,2021,061048410,2,1,1,1,30,6,2,0,0,0,0,0,5,1,E01006334,7,1,1,0,-1,0
2021552100322,2021,552100322,1,1,1,1,62,9,2,0,0,0,0,0,5,2,E01015277,-1,0,1,0,-1,0
2021010325401,2021,010325401,3,3,1,2,25,5,3,0,0,0,0,0,9,2,E01002033,-1,0,0,1,-1,0
2021131076876,2021,131076876,2,1,1,2,44,7,3,0,0,0,0,0,9,5,E01011063,3,1,0,1,-1,0
2021161109822,2021,161109822,2,1,1,2,42,7,3,0,0,0,0,0,9,3,E01013319,3,1,0,1,-1,0
2021221017673,2021,221017673,1,1,1,1,38,7,3,0,0,0,0,0,9,6,E01032244,3,1,0,1,-1,0
2021010295876,2021,010295876,2,2,1,1,62,9,3,0,0,0,0,0,21,8,E01002321,-1,0,0,1,-1,0
2021501066117,2021,501066117,1,1,3,1,52,8,3,9,1,0,0,1,0,6,E01019945,3,1,0,1,-1,0
2021302100378,2021,302100378,3,1,1,1,34,6,3,0,0,0,0,0,1,2,E01013522,-1,0,0.03172,0.96828,-1,0
2021440462297,2021,440462297,2,1,1,1,49,8,2,0,0,0,0,0,1,3,E01023157,-1,0,0.92217,0.07783,-1,0
2021010297563,2021,010297563,1,1,1,1,55,8,2,0,0,0,0,0,9,7,E01002172,-1,0,1,0,-1,0
2021041062971,2021,041062971,1,1,1,1,46,8,3,0,0,0,0,0,9,1,E01033226,3,1,0,1,-1,0
2021041096998,2021,041096998,1,1,1,1,27,6,3,0,0,0,0,0,9,7,E01025108,3,1,0,1,-1,0
2021101062914,2021,101062914,1,1,1,1,41,7,3,0,0,0,0,0,9,-1,-1,3,1,0,1,-1,0
2021211021886,2021,211021886,2,1,1,2,47,8,3,0,0,0,0,0,9,-1,-1,3,1,0,1,-1,0
202131C085821,2021,31C085821,2,1,1,1,54,8,3,0,0,0,0,0,9,1,E01013821,-1,0,0.01366,0.98634,-1,0
2021430257794,2021,430257794,2,4,2,1,19,4,3,0,0,2,0,0,9,6,E01028548,-1,0,0.02597,0.97403,-1,0
2021440065344,2021,440065344,1,1,1,2,28,6,3,0,0,0,0,0,9,10,E01022687,-1,0,0,1,-1,0
2021991096085,2021,991096085,1,1,2,1,17,4,2,0,0,0,4,0,11,7,-1,7,1,1,0,-1,0
2021461015499,2021,461015499,1,1,1,1,22,5,3,0,0,0,0,0,19,6,E01021182,3,1,0,1,-1,0
2021471049326,2021,471049326,2,2,1,1,46,8,2,0,0,0,0,0,19,10,E01022926,7,1,1,0,-1,0
2021010293447,2021,010293447,2,1,1,2,23,5,3,0,0,0,0,0,9,2,E01001361,-1,0,0,1,-1,0
2021010332253,2021,010332253,2,2,2,1,29,6,3,0,0,1,0,0,9,2,E01004008,-1,0,0,1,-1,0
2021010333542,2021,010333542,1,1,1,1,42,7,3,0,0,0,0,0,9,2,E01024066,-1,0,0,1,-1,0
2021010345515,2021,010345515,2,3,2,2,41,7,3,0,0,1,0,0,9,1,E01001574,-1,0,0,1,-1,0
2021122101301,2021,122101301,1,1,1,2,20,4,3,0,0,0,0,0,9,6,E01010705,-1,0,0.04034,0.95966,-1,0
2021501036704,2021,501036704,2,2,2,2,11,3,3,0,0,2,0,0,9,5,E01020299,3,1,0,1,-1,0
202163D030421,2021,63D030421,2,1,1,2,32,6,3,0,0,0,0,0,9,-1,-1,-1,0,0.01632,0.98368,-1,0
2021010293408,2021,010293408,2,1,1,1,51,8,3,0,0,0,0,0,1,6,E01000180,-1,0,0,1,-1,0
2021201106414,2021,201106414,1,1,1,1,34,6,3,0,0,0,0,0,3,3,E01010396,3,1,0,1,-1,0
2021010295218,2021,010295218,1,1,3,1,35,6,3,9,5,0,0,1,0,3,E01000622,-1,0,0,1,-1,0
2021131036857,2021,131036857,1,1,3,2,82,11,2,1,1,0,0,1,0,9,E01011568,5,1,1,0,-1,0
2021131039005,2021,131039005,1,1,3,2,13,3,3,10,1,0,0,2,0,3,E01033032,3,1,0,1,-1,0
2021531063943,2021,531063943,1,3,3,1,42,7,3,9,5,0,0,1,0,6,E01022261,3,1,0,1,-1,0
2021351048677,2021,351048677,1,1,1,1,42,7,3,0,0,0,0,0,19,1,E01011140,3,1,0,1,-1,0
2021430203171,2021,430203171,2,2,2,1,47,8,3,0,0,0,0,0,19,-1,-1,-1,0,0.0055,0.9945,-1,0
2021131083924,2021,131083924,1,3,3,1,34,6,2,8,5,0,0,1,0,4,E01010602,7,1,1,0,-1,0
2021440243509,2021,440243509,1,1,3,2,60,9,2,1,4,0,0,0,0,3,E01017350,-1,0,0.92411,0.07589,-1,0
2021440313172,2021,440313172,2,1,1,1,21,5,3,0,0,0,0,0,1,3,E01017194,-1,0,0,1,-1,0
2021161104844,2021,161104844,2,1,1,1,32,6,2,0,0,0,0,0,3,-1,-1,7,1,1,0,-1,0
2021501020025,2021,501020025,1,4,2,1,40,7,3,0,0,2,0,0,8,2,E01015181,3,1,0,1,-1,0
2021010302089,2021,010302089,1,1,1,2,49,8,3,0,0,0,0,0,9,2,E01003514,-1,0,0,1,-1,0
2021010320717,2021,010320717,1,1,2,2,77,11,3,0,0,1,0,0,9,2,E01001339,-1,0,0,1,-1,0
2021131062418,2021,131062418,2,1,1,2,52,8,3,0,0,0,0,0,9,6,E01011505,3,1,0,1,-1,0
2021201125220,2021,201125220,1,2,2,1,14,3,3,0,0,2,0,0,9,1,E01009130,3,1,0,1,-1,0
202131D030021,2021,31D030021,3,2,1,1,68,10,3,0,0,0,0,0,9,6,E01027994,-1,0,0.05448,0.94552,-1,0
202134NNC3081,2021,34NNC3081,2,1,1,2,46,8,3,0,0,0,0,0,9,5,E01027073,-1,0,0,1,-1,0
2021351116996,2021,351116996,2,1,1,1,46,8,3,0,0,0,0,0,9,1,E01004257,3,1,0,1,-1,0
2021371080587,2021,371080587,2,1,1,1,31,6,3,0,0,0,0,0,9,3,E01029998,3,1,0,1,-1,0
2021430093793,2021,430093793,1,1,2,2,24,5,3,0,0,1,0,0,9,6,E01016398,-1,0,0.0135,0.9865,-1,0
2021451032685,2021,451032685,1,1,2,1,4,1,3,0,0,2,0,0,9,10,E01030689,3,1,0,1,-1,0
2021451064771,2021,451064771,1,1,1,1,38,7,3,0,0,0,0,0,9,3,E01002559,3,1,0,1,-1,0
2021501130535,2021,501130535,2,2,1,1,46,8,3,0,0,0,0,0,9,7,E01020109,3,1,0,1,-1,0
2021622100106,2021,622100106,2,2,1,2,22,5,3,0,0,0,0,0,9,6,W01000954,-1,0,0.01345,0.98655,-1,0
202163A047221,2021,63A047221,1,1,1,1,22,5,3,0,0,2,0,0,9,-1,-1,-1,0,0.08151,0.91849,-1,0
2021991032773,2021,991032773,1,3,2,1,18,4,2,0,0,2,0,0,9,2,-1,5,1,1,0,-1,0
2021010351234,2021,010351234,1,1,3,1,14,3,1,6,9,0,0,0,0,3,E01001661,-1,0,0,0,-1,0
2021522104142,2021,522104142,1,1,3,1,26,6,3,9,7,0,0,1,0,2,E01007491,-1,0,0.20265,0.79735,-1,0
2021991021456,2021,991021456,1,1,3,1,47,8,3,5,1,0,0,0,0,2,-1,3,1,0,1,-1,0
2021052100331,2021,052100331,2,1,1,1,32,6,3,0,0,0,0,0,1,5,E01033755,-1,0,0.02696,0.97304,-1,0
2021471086255,2021,471086255,1,1,1,1,15,3,3,0,0,0,0,0,1,6,E01031817,3,1,0,1,-1,0
2021170L20161,2021,170L20161,1,3,2,2,4,1,3,0,0,2,0,0,9,1,E01012113,-1,0,0.00591,0.99409,-1,0
2021371065822,2021,371065822,2,1,1,1,58,9,3,0,0,0,0,0,9,5,E01026541,3,1,0,1,-1,0
2021440507209,2021,440507209,3,1,1,2,28,6,3,0,0,0,0,0,9,5,E01022842,-1,0,0,1,-1,0
2021552200009,2021,552200009,2,1,1,1,70,10,3,0,0,0,0,0,9,7,E01020511,-1,0,0.07399,0.92601,-1,0
202163D098921,2021,63D098921,1,1,1,1,17,4,3,0,0,0,0,0,9,-1,-1,-1,0,0.05316,0.94684,-1,0
2021070784552,2021,070784552,2,1,1,2,53,8,3,0,0,0,0,0,11,10,W01000327,-1,0,0.00615,0.99385,-1,0
2021010300129,2021,010300129,1,1,1,1,47,8,3,0,0,0,0,0,9,4,E01017469,-1,0,0,1,-1,0
2021061097586,2021,061097586,1,1,1,1,32,6,3,0,0,0,0,0,9,4,E01004819,3,1,0,1,-1,0
20211381C0312,2021,1381C0312,1,1,1,2,73,10,3,0,0,0,0,0,9,6,E01010594,-1,0,0.01959,0.98041,-1,0
2021201143712,2021,201143712,2,1,1,2,36,7,3,0,0,0,0,0,9,4,E01009241,3,1,0,1,-1,0
2021221037920,2021,221037920,2,1,1,2,26,6,3,0,0,0,0,0,9,3,E01032282,3,1,0,1,-1,0
2021221055652,2021,221055652,2,2,1,1,38,7,3,0,0,0,0,0,9,-1,-1,3,1,0,1,-1,0
2021320756465,2021,320756465,2,3,2,1,23,5,2,0,0,2,0,0,9,1,E01026092,-1,0,1,0,-1,0
2021501020025,2021,501020025,2,2,1,1,24,5,3,0,0,0,0,0,9,8,E01015165,3,1,0,1,-1,0
202154A812821,2021,54A812821,1,1,1,1,44,7,3,0,0,0,0,0,9,10,E01015512,-1,0,0.01468,0.98532,-1,0
2021991111284,2021,991111284,1,1,1,2,28,6,3,0,0,0,0,0,9,3,-1,3,1,0,1,-1,0
2021401062750,2021,401062750,3,1,1,1,51,8,3,0,0,0,0,0,20,-1,-1,3,1,0,1,-1,0
2021471074385,2021,471074385,2,2,1,1,-1,-1,3,0,0,0,0,0,3,4,E01033329,3,1,0,1,-1,0
2021991025209,2021,991025209,2,2,2,2,20,4,2,0,0,0,0,0,5,8,-1,7,1,1,0,-1,0
2021430047594,2021,430047594,1,1,3,1,47,8,3,9,9,0,0,1,0,-1,-1,-1,0,0.05494,0.94506,-1,0
2021461092847,2021,461092847,1,1,3,1,63,9,2,6,9,0,0,1,0,5,E01024283,7,1,1,0,-1,0
2021052101995,2021,052101995,1,1,1,1,33,6,3,0,0,0,0,0,33,1,E01006678,-1,0,0.0971,0.9029,-1,1
2021010337986,2021,010337986,1,1,1,1,40,7,3,0,0,0,0,0,8,-1,-1,-1,0,0,1,-1,0
2021010288016,2021,010288016,1,2,2,-1,-1,-1,3,0,0,1,0,0,9,4,E01003034,-1,0,0,1,-1,0
2021010304964,2021,010304964,1,1,2,2,18,4,3,0,0,1,0,0,9,8,E01021441,-1,0,0,1,-1,0
2021052100095,2021,052100095,1,1,1,1,34,6,3,0,0,0,0,0,9,3,E01006568,-1,0,0.00784,0.99216,-1,0
2021201075694,2021,201075694,1,1,1,1,23,5,3,0,0,0,0,0,9,1,E01008905,3,1,0,1,-1,0
2021311077790,2021,311077790,3,2,1,1,28,6,3,0,0,0,0,0,9,7,E01028309,3,1,0,1,-1,0
2021440496783,2021,440496783,2,2,2,2,37,7,3,0,0,1,0,0,9,10,E01023035,-1,0,0,1,-1,0
2021451060890,2021,451060890,2,1,1,1,22,5,3,0,0,0,0,0,9,9,E01030960,3,1,0,1,-1,0
2021501117964,2021,501117964,2,1,1,2,65,9,3,0,0,0,0,0,9,4,E01015178,3,1,0,1,-1,0
2021991016585,2021,991016585,1,2,2,1,74,10,2,0,0,1,0,0,9,2,-1,6,1,1,0,-1,0
2021010298267,2021,010298267,2,1,1,1,41,7,3,0,0,0,0,0,3,1,E01033701,-1,0,0,1,-1,0
2021471049856,2021,471049856,2,1,1,1,28,6,3,0,0,0,0,0,3,5,E01020968,3,1,0,1,-1,0
2021131042683,2021,131042683,1,1,3,1,55,8,3,1,1,0,0,1,0,1,E01007507,3,1,0,1,-1,0
2021010317515,2021,010317515,2,1,1,2,47,8,3,0,0,0,0,0,33,1,E01002758,-1,0,0,1,-1,1
2021131102005,2021,131102005,1,1,3,2,21,5,3,4,3,0,0,2,0,1,E01011725,3,1,0,1,-1,0
2021351106054,2021,351106054,2,1,1,1,27,6,3,0,0,0,0,0,1,5,E01018233,3,1,0,1,-1,0
2021010302856,2021,010302856,2,1,1,2,22,5,3,0,0,0,0,0,9,4,E01002233,-1,0,0,1,-1,0
2021041014729,2021,041014729,1,2,1,1,52,8,3,0,0,0,0,0,9,1,E01012571,3,1,0,1,-1,0
2021050646701,2021,050646701,2,1,1,2,26,6,3,0,0,0,0,0,9,9,E01012393,-1,0,0.01304,0.98696,-1,0
2021101037450,2021,101037450,2,1,2,1,70,10,3,0,0,1,0,0,9,-1,-1,3,1,0,1,-1,0
2021131106009,2021,131106009,1,1,2,2,26,6,3,0,0,1,0,0,9,3,E01011722,3,1,0,1,-1,0
202134WNC1621,2021,34WNC1621,2,1,1,2,60,9,3,0,0,0,0,0,9,9,E01027201,-1,0,0,1,-1,0
2021401068621,2021,401068621,2,1,1,2,60,9,3,0,0,0,0,0,9,9,E01017559,3,1,0,1,-1,0
2021471046002,2021,471046002,2,1,1,2,39,7,3,0,0,0,0,0,9,5,E01021195,3,1,0,1,-1,0
2021501036704,2021,501036704,2,3,2,1,8,2,3,0,0,1,0,0,9,5,E01020299,3,1,0,1,-1,0
202163D056921,2021,63D056921,2,1,1,1,55,8,3,0,0,2,0,0,9,-1,-1,-1,0,0.03033,0.96967,-1,0
2021991032773,2021,991032773,1,1,1,1,21,5,3,0,0,0,0,0,9,5,-1,3,1,0,1,-1,0
2021545835821,2021,545835821,2,1,1,1,46,8,3,0,0,0,0,0,19,6,E01015532,-1,0,0.0054,0.9946,-1,0
2021010294485,2021,010294485,1,1,3,1,26,6,2,1,1,0,0,0,0,9,E01004640,-1,0,1,0,-1,0
2021501018603,2021,501018603,1,1,3,1,21,5,2,9,6,0,0,1,0,5,E01020049,7,1,1,0,-1,0
2021111071718,2021,111071718,2,2,1,2,67,10,2,0,0,0,0,0,9,8,E01020598,6,1,1,0,-1,0
2021131060999,2021,131060999,2,1,1,2,24,5,3,0,0,0,0,0,9,1,E01011059,3,1,0,1,-1,0
2021201063689,2021,201063689,2,2,1,1,45,7,2,0,0,0,0,0,9,5,E01009279,7,1,1,0,-1,0
2021221117601,2021,221117601,2,3,2,2,6,2,3,0,0,2,0,0,9,-1,-1,3,1,0,1,-1,0
202134WNC3101,2021,34WNC3101,1,1,1,1,71,10,3,0,0,0,0,0,9,10,E01017761,-1,0,0,1,-1,0
2021351094954,2021,351094954,1,1,1,1,24,5,3,0,0,0,0,0,9,2,E01015608,3,1,0,1,-1,0
2021421034198,2021,421034198,3,1,1,2,64,9,3,0,0,0,0,0,9,8,E01021652,3,1,0,1,-1,0
2021461032192,2021,461032192,2,1,2,2,62,9,3,0,0,1,0,0,9,1,E01033129,3,1,0,1,-1,0
2021545027421,2021,545027421,4,1,1,1,51,8,3,0,0,0,0,0,9,4,E01015804,-1,0,0.01208,0.98792,-1,0
2021552100263,2021,552100263,1,1,1,2,66,10,3,0,0,0,0,0,9,8,E01015298,-1,0,0.04202,0.95798,-1,0
2021622100790,2021,622100790,2,4,2,2,46,8,3,0,0,1,0,0,9,9,W01001119,-1,0,0.00974,0.99026,-1,0
2021991032381,2021,991032381,2,1,2,2,24,5,3,0,0,1,0,0,9,2,-1,3,1,0,1,-1,0
2021461105502,2021,461105502,2,2,2,1,22,5,3,0,0,0,0,0,19,10,E01000830,3,1,0,1,-1,0
2021332100844,2021,332100844,3,3,1,1,24,5,3,0,0,0,0,0,98,2,E01031044,-1,0,0.02154,0.97846,-1,0
2021010287884,2021,010287884,1,1,3,2,33,6,2,4,1,0,0,0,0,8,E01030848,-1,0,1,0,-1,0
2021991052703,2021,991052703,1,1,3,1,82,11,3,5,1,0,0,0,0,3,-1,3,1,0,1,-1,0
2021010297070,2021,010297070,1,1,1,1,25,5,3,0,0,0,0,0,1,5,E01003955,-1,0,0,1,-1,0
2021010297865,2021,010297865,1,1,1,1,31,6,3,0,0,0,0,0,1,4,E01003090,-1,0,0,1,-1,0
2021161084424,2021,161084424,2,2,2,2,13,3,3,0,0,0,0,0,1,1,E01012847,3,1,0,1,-1,0
2021010318847,2021,010318847,2,1,1,1,57,9,3,0,0,0,0,0,3,3,E01001147,-1,0,0,1,-1,0
2021501074228,2021,501074228,2,1,1,1,65,9,3,0,0,0,0,0,3,1,E01018870,3,1,0,1,-1,0
2021010340541,2021,010340541,2,1,1,2,29,6,3,0,0,0,0,0,4,5,E01003368,-1,0,0,1,-1,0
2021010343252,2021,010343252,1,1,1,1,24,5,3,0,0,0,0,0,9,2,E01004567,-1,0,0,1,-1,0
2021041012995,2021,041012995,1,1,1,1,74,10,2,0,0,0,0,0,9,9,E01025551,7,1,1,0,-1,0
2021101117442,2021,101117442,1,5,2,1,28,6,1,0,0,2,0,0,9,4,E01027442,1,1,0,0,-1,0
2021131045601,2021,131045601,2,2,1,1,35,6,3,0,0,0,0,0,9,10,E01011888,3,1,0,1,-1,0
20211383B1530,2021,1383B1530,2,1,1,1,34,6,3,0,0,0,0,0,9,7,E01011531,-1,0,0.02529,0.97471,-1,0
2021320359498,2021,320359498,2,2,2,1,3,1,3,0,0,2,0,0,9,5,E01026232,-1,0,0.023,0.977,-1,0
2021351102634,2021,351102634,1,1,1,1,31,6,3,0,0,0,0,0,9,-1,-1,3,1,0,1,-1,0
2021430192257,2021,430192257,1,1,1,2,23,5,3,0,0,0,0,0,9,7,E01016569,-1,0,0.00936,0.99064,-1,0
2021451025980,2021,451025980,1,1,2,2,67,10,3,0,0,1,0,0,9,7,E01022737,3,1,0,1,-1,0
2021471021388,2021,471021388,2,2,2,1,33,6,3,0,0,1,0,0,9,3,E01031492,3,1,0,1,-1,0
2021471069167,2021,471069167,2,1,1,1,31,6,3,0,0,0,0,0,9,10,E01031754,3,1,0,1,-1,0
202160Z147230,2021,60Z147230,3,1,1,1,23,5,3,0,0,0,0,0,9,-1,-1,-1,0,0.00557,0.99443,-1,0
2021991049451,2021,991049451,4,3,2,1,20,4,3,0,0,2,0,0,9,3,-1,3,1,0,1,-1,0
202131D197921,2021,31D197921,1,1,2,2,12,3,3,0,0,0,3,0,11,10,E01028199,-1,0,0.08272,0.91728,-1,0
2021201145435,2021,201145435,1,1,1,1,19,4,2,0,0,0,0,0,19,2,E01009044,7,1,1,0,-1,0
2021201084734,2021,201084734,1,1,1,1,20,4,3,0,0,0,0,0,33,7,E01031335,3,1,0,1,-1,1
2021531096131,2021,531096131,1,1,1,1,49,8,2,0,0,0,0,0,90,10,E01022315,5,1,1,0,-1,0
2021201117121,2021,201117121,1,2,2,2,20,4,1,0,0,0,0,0,3,1,E01032531,1,1,0,0,-1,0
2021070765800,2021,070765800,2,2,2,1,84,11,3,0,0,2,0,0,8,-1,-1,-1,0,0.06688,0.93312,-1,0
2021010293696,2021,010293696,3,2,1,1,31,6,3,0,0,0,0,0,9,5,E01002515,-1,0,0,1,-1,0
2021010317280,2021,010317280,1,4,2,1,1,1,3,0,0,2,0,0,9,2,E01003108,-1,0,0,1,-1,0
2021061109605,2021,061109605,2,2,2,2,40,7,3,0,0,1,0,0,9,2,E01005553,3,1,0,1,-1,0
2021101084416,2021,101084416,2,1,2,2,46,8,3,0,0,1,0,0,9,2,E01027519,3,1,0,1,-1,0
2021211070560,2021,211070560,2,2,1,1,41,7,3,0,0,0,0,0,9,2,E01010343,3,1,0,1,-1,0
2021302101812,2021,302101812,1,2,2,2,4,1,3,0,0,2,0,0,9,2,E01019469,-1,0,0.00232,0.99768,-1,0
202131D168821,2021,31D168821,1,2,2,1,27,6,3,0,0,1,0,0,9,6,E01013894,-1,0,0.02834,0.97166,-1,0
2021430523193,2021,430523193,2,1,1,1,30,6,3,0,0,0,0,0,9,3,E01002526,-1,0,0.01027,0.98973,-1,0
2021010311190,2021,010311190,1,1,1,1,31,6,3,0,0,0,0,0,19,3,E01001412,-1,0,0,1,-1,0
2021010300980,2021,010300980,1,1,1,2,58,9,3,0,0,0,0,0,9,4,E01000625,-1,0,0,1,-1,0
2021161063371,2021,161063371,2,1,1,1,21,5,3,0,0,0,0,0,9,10,E01012921,3,1,0,1,-1,0
2021170S11561,2021,170S11561,2,2,1,1,19,4,1,0,0,0,0,0,9,6,E01020822,-1,0,0,0,-1,0
2021201031880,2021,201031880,2,3,2,1,23,5,3,0,0,2,0,0,9,5,E01009739,3,1,0,1,-1,0
202131D172321,2021,31D172321,1,1,1,1,61,9,3,0,0,0,0,0,9,8,E01028176,-1,0,0.05494,0.94506,-1,0
2021320359498,2021,320359498,2,1,1,2,45,7,2,0,0,0,0,0,9,5,E01026232,-1,0,1,0,-1,0
2021461099222,2021,461099222,2,1,1,2,40,7,3,0,0,0,0,0,9,6,E01024136,3,1,0,1,-1,0
2021501120008,2021,501120008,2,6,2,1,35,6,3,0,0,1,0,0,9,5,E01018973,3,1,0,1,-1,0
2021622100790,2021,622100790,1,1,1,2,84,11,3,0,0,0,0,0,9,7,W01001118,-1,0,0.06596,0.93404,-1,0
2021010340694,2021,010340694,1,1,1,1,31,6,3,0,0,0,0,0,3,3,E01004030,-1,0,0,1,-1,0
2021052100616,2021,052100616,2,1,1,2,20,4,3,0,0,0,0,0,3,5,E01006920,-1,0,0.01121,0.98879,-1,0
2021451098120,2021,451098120,1,1,1,1,27,6,3,0,0,0,0,0,3,8,E01030449,3,1,0,1,-1,0
2021421027518,2021,421027518,1,1,3,1,7,2,3,1,1,0,0,0,0,4,E01015831,3,1,0,1,-1,0
2021440234640,2021,440234640,1,1,3,1,45,7,3,9,8,0,0,0,0,-1,-1,-1,0,0,1,-1,0
2021201124830,2021,201124830,1,1,3,1,13,3,2,4,1,0,0,0,0,2,E01010299,7,1,1,0,-1,0
2021991014806,2021,991014806,1,1,3,2,26,6,2,6,5,0,0,0,0,10,-1,5,1,1,0,-1,0
2021170S21281,2021,170S21281,2,1,1,1,60,9,3,0,0,0,0,0,4,5,E01008490,-1,0,0.14968,0.85032,-1,0
202131A069521,2021,31A069521,1,1,1,1,56,9,2,0,0,0,0,0,5,5,E01028242,-1,0,1,0,-1,0
2021141076826,2021,141076826,1,1,1,1,34,6,3,0,0,0,0,0,9,6,E01007750,3,1,0,1,-1,0
2021211089231,2021,211089231,2,1,1,1,48,8,3,0,0,0,0,0,9,6,E01018713,3,1,0,1,-1,0
2021211121546,2021,211121546,2,1,1,2,30,6,3,0,0,0,0,0,9,7,E01029693,3,1,0,1,-1,0
202134WNC2081,2021,34WNC2081,1,1,1,1,52,8,3,0,0,0,0,0,9,2,E01010073,-1,0,0,1,-1,0
2021440167003,2021,440167003,2,3,1,2,49,8,3,0,0,0,0,0,9,4,E01017339,-1,0,0,1,-1,0
2021440496783,2021,440496783,1,5,2,2,20,4,3,0,0,1,0,0,9,8,E01022991,-1,0,0,1,-1,0
2021451032860,2021,451032860,1,1,1,1,46,8,2,0,0,0,0,0,9,6,E01030736,5,1,1,0,-1,0
2021461014986,2021,461014986,1,2,2,2,20,4,3,0,0,1,0,0,9,5,E01024282,3,1,0,1,-1,0
2021501078816,2021,501078816,1,1,1,2,25,5,3,0,0,0,0,0,9,2,E01015190,3,1,0,1,-1,0
2021501094521,2021,501094521,1,1,2,2,87,11,2,0,0,1,0,0,9,9,E01019952,7,1,1,0,-1,0
2021501095754,2021,501095754,2,3,2,2,23,5,3,0,0,1,0,0,9,-1,-1,3,1,0,1,-1,0
202163C013621,2021,63C013621,1,1,1,1,56,9,3,0,0,0,0,0,9,10,W01001842,-1,0,0.10949,0.89051,-1,0
2021201097532,2021,201097532,1,1,1,1,27,6,3,0,0,0,0,0,9,1,E01015637,3,1,0,1,-1,0
2021221091514,2021,221091514,1,1,2,2,17,4,3,0,0,1,0,0,9,7,E01029012,3,1,0,1,-1,0
2021320725190,2021,320725190,2,1,1,1,28,6,3,0,0,0,0,0,9,3,E01026025,-1,0,0.01329,0.98671,-1,0
2021430492670,2021,430492670,2,1,1,1,31,6,3,0,0,0,0,0,9,1,E01016372,-1,0,0.00884,0.99116,-1,0
2021461073494,2021,461073494,1,1,2,2,20,4,3,0,0,1,0,0,9,10,E01031759,3,1,0,1,-1,0
2021471111303,2021,471111303,3,1,1,2,31,6,3,0,0,0,0,0,9,8,E01021174,3,1,0,1,-1,0
2021010291303,2021,010291303,2,2,1,1,-1,-1,3,0,0,0,0,0,1,-1,-1,-1,0,0,1,-1,0
2021041019568,2021,041019568,2,1,1,1,56,9,3,0,0,0,0,0,1,2,E01025369,3,1,0,1,-1,0
2021991081350,2021,991081350,2,2,1,1,49,8,3,0,0,0,0,0,21,6,-1,3,1,0,1,-1,0
2021131083924,2021,131083924,1,1,1,1,20,4,2,0,0,0,0,0,3,1,E01010680,5,1,1,0,-1,0
2021311048083,2021,311048083,2,1,1,1,57,9,3,0,0,0,0,0,5,4,E01028185,3,1,0,1,-1,0
2021411117089,2021,411117089,2,2,1,1,38,7,2,0,0,0,0,0,5,9,E01023831,6,1,1,0,-1,0
2021991061063,2021,991061063,1,2,3,1,55,8,2,9,9,0,0,1,0,6,-1,6,1,1,0,-1,0
2021161032669,2021,161032669,1,1,3,1,51,8,1,5,3,0,0,0,0,1,E01012854,1,1,0,0,-1,0
2021201111827,2021,201111827,1,2,3,2,67,10,2,4,3,0,0,0,0,4,E01010006,7,1,1,0,-1,0
2021531063943,2021,531063943,1,1,3,1,19,4,3,9,5,0,0,1,0,4,E01032936,3,1,0,1,-1,0
2021991075996,2021,991075996,1,1,2,2,36,7,3,0,0,2,0,0,8,4,-1,3,1,0,1,-1,0
2021010295701,2021,010295701,1,1,1,2,67,10,3,0,0,0,0,0,9,2,E01001550,-1,0,0,1,-1,0
2021010324065,2021,010324065,1,2,2,2,-1,-1,3,0,0,2,0,0,9,7,E01000573,-1,0,0,1,-1,0
2021010327627,2021,010327627,3,1,2,1,58,9,3,0,0,1,0,0,9,4,E01000532,-1,0,0,1,-1,0
2021170L20161,2021,170L20161,1,5,2,2,12,3,3,0,0,2,0,0,9,5,E01012173,-1,0,0.00627,0.99373,-1,0
2021302100966,2021,302100966,3,1,1,1,35,6,3,0,0,0,0,0,9,4,E01013548,-1,0,0.01327,0.98673,-1,0
2021302101096,2021,302101096,1,1,1,2,35,6,3,0,0,0,0,0,9,9,E01019751,-1,0,0.00183,0.99817,-1,0
202131B164921,2021,31B164921,2,1,2,2,45,7,3,0,0,1,0,0,9,4,E01026377,-1,0,0.0918,0.9082,-1,0
202131D172321,2021,31D172321,1,2,2,2,61,9,3,0,0,1,0,0,9,8,E01028176,-1,0,0.04834,0.95166,-1,0
2021421103641,2021,421103641,1,3,2,1,19,4,3,0,0,2,0,0,9,1,E01004256,3,1,0,1,-1,0
2021430210883,2021,430210883,2,1,1,1,43,7,3,0,0,0,0,0,9,-1,-1,-1,0,0.00588,0.99412,-1,0
2021461077985,2021,461077985,2,1,1,2,49,8,3,0,0,0,0,0,9,8,E01016122,3,1,0,1,-1,0
202163A060221,2021,63A060221,2,2,1,1,60,9,3,0,0,1,0,0,9,-1,-1,-1,0,0.0739,0.9261,-1,0
202163D098921,2021,63D098921,1,2,2,1,15,3,2,0,0,2,0,0,9,-1,-1,-1,0,1,0,-1,0
2021131111483,2021,131111483,1,1,2,2,83,11,2,0,0,0,3,0,11,1,E01010712,6,1,1,0,-1,0
2021302101877,2021,302101877,1,1,3,2,70,10,3,10,9,0,0,0,0,7,E01019832,-1,0,0.04298,0.95702,-1,0
2021010304666,2021,010304666,1,1,1,1,22,5,3,0,0,0,0,0,9,6,E01004534,-1,0,0,1,-1,0
2021052100836,2021,052100836,3,2,1,1,64,9,3,0,0,0,0,0,9,10,E01006926,-1,0,0.03091,0.96909,-1,0
2021201034724,2021,201034724,2,1,2,1,52,8,3,0,0,1,0,0,9,-1,-1,3,1,0,1,-1,0
2021201125220,2021,201125220,1,1,2,2,10,2,3,0,0,1,0,0,9,1,E01009130,3,1,0,1,-1,0
2021221036178,2021,221036178,3,1,2,2,9,2,3,0,0,1,0,0,9,6,E01028975,3,1,0,1,-1,0
202134NNC2031,2021,34NNC2031,1,1,1,1,21,5,3,0,0,0,0,0,9,3,E01027035,-1,0,0,1,-1,0
2021461043785,2021,461043785,2,1,2,2,14,3,3,0,0,1,0,0,9,2,E01023973,3,1,0,1,-1,0
2021471096076,2021,471096076,2,1,2,1,8,2,3,0,0,2,0,0,9,7,E01021088,3,1,0,1,-1,0
2021501105131,2021,501105131,2,1,1,1,50,8,3,0,0,0,0,0,9,3,E01020104,3,1,0,1,-1,0
2021010308283,2021,010308283,1,1,1,2,39,7,3,0,0,0,0,0,1,3,E01001489,-1,0,0,1,-1,0
2021010293261,2021,010293261,1,1,1,1,49,8,3,0,0,0,0,0,4,2,E01004060,-1,0,0,1,-1,0
2021010327864,2021,010327864,2,1,1,1,38,7,2,0,0,0,0,0,4,2,E01000063,-1,0,1,0,-1,0
2021041043601,2021,041043601,1,4,2,1,5,1,3,0,0,2,0,0,9,1,E01012656,3,1,0,1,-1,0
2021061096850,2021,061096850,2,1,1,1,38,7,3,0,0,0,0,0,9,5,E01004913,3,1,0,1,-1,0
2021122101301,2021,122101301,3,2,2,2,59,9,3,0,0,1,0,0,9,5,E01008679,-1,0,0.01531,0.98469,-1,0
2021201072677,2021,201072677,1,3,1,1,25,5,3,0,0,0,0,0,9,1,E01009355,3,1,0,1,-1,0
2021231118393,2021,231118393,1,2,2,1,33,6,3,0,0,1,0,0,9,3,E01028209,3,1,0,1,-1,0
2021320208188,2021,320208188,2,2,2,1,18,4,3,0,0,1,0,0,9,8,E01026337,-1,0,0.00372,0.99628,-1,0
2021361121426,2021,361121426,2,2,2,1,64,9,3,0,0,1,0,0,9,8,E01026857,3,1,0,1,-1,0
2021430341789,2021,430341789,1,1,2,2,69,10,3,0,0,1,0,0,9,7,E01015560,-1,0,0.03309,0.96691,-1,0
2021430495981,2021,430495981,1,2,2,1,9,2,3,0,0,2,0,0,9,8,E01016557,-1,0,0.00131,0.99869,-1,0
2021451027628,2021,451027628,2,3,1,1,53,8,2,0,0,0,0,0,9,10,E01031724,7,1,1,0,-1,0
2021451069102,2021,451069102,1,1,1,1,32,6,3,0,0,0,0,0,9,9,E01030742,3,1,0,1,-1,0
2021531024232,2021,531024232,2,1,1,2,59,9,3,0,0,0,0,0,9,5,E01022148,3,1,0,1,-1,0
202160Z077372,2021,60Z077372,2,1,1,1,24,5,3,0,0,0,0,0,9,-1,-1,-1,0,0.01242,0.98758,-1,0
2021031108660,2021,031108660,1,9,2,2,11,3,3,0,0,0,4,0,11,7,E01019357,3,1,0,1,-1,0
2021231030937,2021,231030937,1,1,1,1,29,6,3,0,0,0,0,0,19,1,E01009612,3,1,0,1,-1,0
2021552100043,2021,552100043,1,1,1,1,25,5,3,0,0,0,0,0,19,3,E01020393,-1,0,0.05594,0.94406,-1,0
2021010333634,2021,010333634,1,1,1,2,21,5,3,0,0,0,0,0,9,3,E01000553,-1,0,0,1,-1,0
2021101101531,2021,101101531,3,1,2,1,74,10,3,0,0,1,0,0,9,6,E01008559,3,1,0,1,-1,0
2021201078285,2021,201078285,2,1,1,1,41,7,3,0,0,0,0,0,9,3,E01010321,3,1,0,1,-1,0
2021302100381,2021,302100381,4,3,1,1,26,6,3,0,0,0,0,0,9,10,E01013468,-1,0,0.02113,0.97887,-1,0
2021351110127,2021,351110127,3,2,1,2,46,8,3,0,0,0,0,0,9,7,E01013791,3,1,0,1,-1,0
2021440172355,2021,440172355,2,1,1,1,39,7,3,0,0,0,0,0,9,4,E01017289,-1,0,0,1,-1,0
2021451095074,2021,451095074,1,1,1,2,52,8,3,0,0,0,0,0,9,9,E01030431,3,1,0,1,-1,0
2021010296680,2021,010296680,1,1,3,1,36,7,2,1,1,0,0,0,0,-1,-1,-1,0,1,0,-1,0
2021411020907,2021,411020907,1,1,3,2,74,10,3,5,1,0,0,0,0,4,E01023301,3,1,0,1,-1,0
2021501017641,2021,501017641,1,1,3,1,71,10,2,5,1,0,0,0,0,5,E01019048,7,1,1,0,-1,0
202163B031221,2021,63B031221,1,1,2,2,28,6,3,0,0,2,0,0,8,2,E01032470,-1,0,0.01278,0.98722,-1,0
2021547758821,2021,547758821,1,2,1,1,20,4,3,0,0,0,0,0,19,-1,-1,-1,0,0.03071,0.96929,-1,0
2021010304964,2021,010304964,2,2,1,2,38,7,3,0,0,0,0,0,9,4,E01002247,-1,0,0,1,-1,0
2021010340209,2021,010340209,1,1,1,1,20,4,3,0,0,0,0,0,9,3,E01001397,-1,0,0,1,-1,0
2021070345419,2021,070345419,1,1,1,2,84,11,2,0,0,0,0,0,9,5,E01018308,-1,0,1,0,-1,0
2021211086568,2021,211086568,1,2,1,1,19,4,3,0,0,0,0,0,9,3,E01029701,3,1,0,1,-1,0
2021401015891,2021,401015891,2,2,2,2,58,9,3,0,0,1,0,0,9,2,E01015726,3,1,0,1,-1,0
2021451025794,2021,451025794,1,1,1,1,45,7,2,0,0,0,0,0,9,4,E01001666,7,1,1,0,-1,0
2021451081732,2021,451081732,1,1,1,2,19,4,3,0,0,0,0,0,9,10,E01017887,3,1,0,1,-1,0
2021531024232,2021,531024232,2,2,2,2,27,6,3,0,0,1,0,0,9,5,E01022148,3,1,0,1,-1,0
202160Z129923,2021,60Z129923,1,1,1,1,15,3,3,0,0,0,0,0,1,-1,-1,-1,0,0.13263,0.86737,-1,0
202163D005321,2021,63D005321,2,1,1,1,56,9,3,0,0,0,0,0,1,7,W01000492,-1,0,0.20617,0.79383,-1,0
2021161069184,2021,161069184,1,1,1,1,47,8,3,0,0,0,0,0,19,-1,-1,3,1,0,1,-1,0
2021401062750,2021,401062750,2,3,1,1,49,8,3,0,0,0,0,0,19,10,E01017866,3,1,0,1,-1,0
2021991032773,2021,991032773,2,4,1,1,31,6,2,0,0,0,0,0,19,9,-1,6,1,1,0,-1,0
2021010322371,2021,010322371,1,1,2,2,61,9,3,0,0,0,4,0,11,2,E01003097,-1,0,0,1,-1,0
2021010293789,2021,010293789,1,1,1,1,28,6,3,0,0,0,0,0,9,4,E01032788,-1,0,0,1,-1,0
2021010322046,2021,010322046,3,1,1,2,23,5,3,0,0,0,0,0,9,5,E01033685,-1,0,0,1,-1,0
2021070092009,2021,070092009,2,1,1,1,29,6,3,0,0,0,0,0,9,9,E01018531,-1,0,0.01459,0.98541,-1,0
2021421022939,2021,421022939,1,1,1,1,26,6,3,0,0,0,0,0,9,2,E01015839,3,1,0,1,-1,0
2021430165790,2021,430165790,1,2,2,2,-1,-1,3,0,0,2,0,0,9,3,E01016249,-1,0,0.00134,0.99866,-1,0
2021520200879,2021,520200879,1,1,1,2,32,6,3,0,0,0,0,0,9,9,E01029294,-1,0,0.05935,0.94065,-1,0
2021010317178,2021,010317178,1,1,1,1,46,8,3,0,0,0,0,0,1,8,E01000122,-1,0,0,1,-1,0
2021201121744,2021,201121744,2,1,1,1,27,6,3,0,0,0,0,0,1,1,E01009651,3,1,0,1,-1,0
2021332100481,2021,332100481,1,1,1,1,33,6,2,0,0,0,0,0,1,2,E01013776,-1,0,1,0,-1,0
2021501111619,2021,501111619,1,1,3,2,54,8,2,10,9,0,0,0,0,6,E01020237,7,1,1,0,-1,0
2021461038657,2021,461038657,5,1,1,1,34,6,3,0,0,0,0,0,19,2,E01001594,3,1,0,1,-1,0
2021010349565,2021,010349565,1,2,2,2,23,5,3,0,0,1,0,0,9,5,E01024156,-1,0,0,1,-1,0
2021101117442,2021,101117442,1,6,2,1,24,5,3,0,0,2,0,0,9,1,E01027392,3,1,0,1,-1,0
202131D172321,2021,31D172321,3,9,2,2,21,5,3,0,0,1,0,0,9,-1,-1,-1,0,0.06962,0.93038,-1,0
2021320362144,2021,320362144,1,1,1,2,54,8,3,0,0,0,0,0,9,2,E01030264,-1,0,0.02291,0.97709,-1,0
2021332100844,2021,332100844,4,4,1,1,37,7,3,0,0,0,0,0,9,4,E01019864,-1,0,0.00794,0.99206,-1,0
202134NNC9121,2021,34NNC9121,1,1,1,1,45,7,1,0,0,0,0,0,9,2,E01026957,-1,0,0,0,-1,0
2021440136138,2021,440136138,1,1,2,2,12,3,3,0,0,2,0,0,9,3,E01017170,-1,0,0,1,-1,0
2021501113583,2021,501113583,2,1,1,2,35,6,3,0,0,0,0,0,9,4,E01015056,3,1,0,1,-1,0
2021552100359,2021,552100359,2,2,2,2,29,6,3,0,0,1,0,0,9,-1,-1,-1,0,0.01155,0.98845,-1,0
2021552101340,2021,552101340,3,3,2,2,63,9,3,0,0,1,0,0,9,2,E01017665,-1,0,0.06046,0.93954,-1,0
2021622100463,2021,622100463,2,5,2,2,38,7,3,0,0,2,0,0,9,1,W01001280,-1,0,0.00499,0.99501,-1,0
2021471024044,2021,471024044,1,1,1,1,9,2,2,0,0,0,0,0,1,6,E01031468,7,1,1,0,-1,0
2021361065216,2021,361065216,1,1,1,2,63,9,2,0,0,0,0,0,3,7,E01026757,6,1,1,0,-1,0
2021421060117,2021,421060117,1,1,3,1,54,8,3,5,3,0,0,0,0,6,E01015968,3,1,0,1,-1,0
2021010317280,2021,010317280,1,1,1,1,33,6,3,0,0,0,0,0,9,2,E01004011,-1,0,0,1,-1,0
2021052101924,2021,052101924,2,3,2,2,20,4,3,0,0,1,0,0,9,2,E01006653,-1,0,0.02852,0.97148,-1,0
2021131051444,2021,131051444,2,1,1,2,33,6,2,0,0,0,0,0,9,3,E01011488,6,1,1,0,-1,0
2021221116551,2021,221116551,1,1,1,2,55,8,3,0,0,0,0,0,9,10,E01032300,3,1,0,1,-1,0
2021340558915,2021,340558915,2,2,2,2,33,6,3,0,0,1,0,0,9,6,E01028703,-1,0,0,1,-1,0
202134WNC2141,2021,34WNC2141,2,1,1,1,43,7,3,0,0,0,0,0,9,8,E01032975,-1,0,0,1,-1,0
2021430102500,2021,430102500,2,1,1,1,54,8,3,0,0,0,0,0,9,8,E01016508,-1,0,0.01372,0.98628,-1,0
2021451095256,2021,451095256,1,1,1,2,45,7,3,0,0,0,0,0,9,5,E01030980,3,1,0,1,-1,0
2021471036911,2021,471036911,2,1,2,2,24,5,3,0,0,1,0,0,9,4,E01016974,3,1,0,1,-1,0
2021531107372,2021,531107372,2,1,1,1,19,4,3,0,0,0,0,0,9,3,E01022237,3,1,0,1,-1,0
2021542317621,2021,542317621,2,1,1,1,51,8,3,0,0,0,0,0,9,8,E01015550,-1,0,0.00216,0.99784,-1,0
2021552101340,2021,552101340,3,2,1,2,65,9,3,0,0,0,0,0,9,3,E01023085,-1,0,0.06518,0.93482,-1,0
202163C031721,2021,63C031721,2,1,1,2,66,10,3,0,0,0,0,0,9,-1,-1,-1,0,0.02208,0.97792,-1,0
2021201133397,2021,201133397,2,1,1,1,16,4,3,0,0,0,0,0,1,1,E01009951,3,1,0,1,-1,0
2021211070560,2021,211070560,1,1,1,1,46,8,3,0,0,0,0,0,20,8,W01000115,3,1,0,1,-1,0
2021501064686,2021,501064686,2,1,1,2,61,9,3,0,0,0,0,0,3,6,E01020207,3,1,0,1,-1,0
2021010342458,2021,010342458,1,1,1,1,23,5,2,0,0,0,0,0,5,3,E01033594,-1,0,1,0,-1,0
2021421018545,2021,421018545,2,1,1,1,55,8,2,0,0,0,0,0,5,10,E01021941,7,1,1,0,-1,0
2021010344128,2021,010344128,1,1,3,2,9,2,3,5,1,0,0,0,0,3,E01003251,-1,0,0,1,-1,0
2021451018137,2021,451018137,1,1,3,1,63,9,1,5,9,0,0,0,0,6,E01030759,1,1,0,0,-1,0
202131D030021,2021,31D030021,1,1,1,2,43,7,3,0,0,0,0,0,19,-1,-1,-1,0,0.05134,0.94866,-1,0
2021010290076,2021,010290076,1,1,3,2,54,8,3,4,3,0,0,0,0,5,E01001029,-1,0,0,1,-1,0
2021010291081,2021,010291081,1,1,3,1,62,9,2,1,9,0,0,2,0,2,E01001776,-1,0,1,0,-1,0
2021211079401,2021,211079401,2,1,3,2,70,10,3,10,9,0,0,0,0,-1,-1,3,1,0,1,-1,0
2021010321500,2021,010321500,1,1,1,2,24,5,3,0,0,0,0,0,1,2,E01002002,-1,0,0,1,-1,0
2021421078197,2021,421078197,1,1,1,1,68,10,2,0,0,0,0,0,2,2,E01021667,6,1,1,0,-1,0
2021548620421,2021,548620421,1,1,1,1,16,4,3,0,0,0,0,0,2,7,E01031848,-1,0,0.07968,0.92032,-1,0
2021461035388,2021,461035388,1,1,1,1,26,6,3,0,0,0,0,0,3,6,E01001665,3,1,0,1,-1,0
2021201128354,2021,201128354,2,1,1,1,22,5,3,0,0,0,0,0,4,-1,-1,3,1,0,1,-1,0
2021010304345,2021,010304345,1,1,1,2,24,5,3,0,0,0,0,0,9,4,E01000485,-1,0,0,1,-1,0
2021061109605,2021,061109605,2,1,1,1,49,8,3,0,0,0,0,0,9,2,E01005553,3,1,0,1,-1,0
2021131079764,2021,131079764,1,1,1,1,85,11,3,0,0,0,0,0,9,8,E01011399,3,1,0,1,-1,0
2021201118346,2021,201118346,2,1,1,1,55,8,3,0,0,0,0,0,9,4,E01009089,3,1,0,1,-1,0
2021451032685,2021,451032685,2,2,1,1,36,7,3,0,0,0,0,0,9,9,E01030715,3,1,0,1,-1,0
2021552101229,2021,552101229,2,1,1,2,50,8,3,0,0,0,0,0,9,10,E01015452,-1,0,0.01385,0.98615,-1,0
202163C095521,2021,63C095521,2,1,2,2,15,3,2,0,0,2,0,0,9,-1,-1,-1,0,1,0,-1,0
2021131114253,2021,131114253,2,1,1,1,40,7,2,0,0,0,0,0,19,7,E01017431,7,1,1,0,-1,0
2021141019596,2021,141019596,2,2,1,1,53,8,3,0,0,0,0,0,21,9,E01013016,3,1,0,1,-1,0
2021131048943,2021,131048943,1,1,3,2,76,11,3,6,5,0,0,2,0,3,E01011541,3,1,0,1,-1,0
2021010345071,2021,010345071,1,1,1,2,28,6,3,0,0,0,0,0,9,2,E01016451,-1,0,0,1,-1,0
2021211086568,2021,211086568,1,1,2,2,17,4,3,0,0,-1,0,0,9,3,E01010089,3,1,0,1,-1,0
2021302101745,2021,302101745,1,1,1,2,32,6,3,0,0,0,0,0,9,8,E01019755,-1,0,0.00387,0.99613,-1,0
202134NNC6311,2021,34NNC6311,2,1,2,2,30,6,3,0,0,1,0,0,9,2,E01027331,-1,0,0,1,-1,0
2021430429446,2021,430429446,1,1,1,2,80,11,3,0,0,0,0,0,9,-1,-1,-1,0,0.03719,0.96281,-1,0
2021461099982,2021,461099982,2,2,2,1,26,6,3,0,0,1,0,0,9,5,E01032654,3,1,0,1,-1,0
2021501117964,2021,501117964,2,2,2,2,27,6,3,0,0,1,0,0,9,4,E01015177,3,1,0,1,-1,0
2021540115221,2021,540115221,1,1,1,1,32,6,3,0,0,0,0,0,9,2,W01001532,-1,0,0.04079,0.95921,-1,0
2021430213016,2021,430213016,2,2,2,1,22,5,3,0,0,0,0,0,19,5,E01030725,-1,0,0.01232,0.98768,-1,0
2021061048183,2021,061048183,2,1,1,2,39,7,3,0,0,0,0,0,9,-1,-1,3,1,0,1,-1,0
2021332100615,2021,332100615,1,1,1,2,39,7,3,0,0,0,0,0,9,10,E01025624,-1,0,0.01364,0.98636,-1,0
2021371143326,2021,371143326,2,2,1,1,37,7,3,0,0,0,0,0,9,4,E01030022,3,1,0,1,-1,0
2021430119377,2021,430119377,1,1,1,1,22,5,3,0,0,0,0,0,9,2,E01032744,-1,0,0.00277,0.99723,-1,0
2021430317716,2021,430317716,1,1,1,2,64,9,3,0,0,0,0,0,9,10,E01017819,-1,0,0.00277,0.99723,-1,0
2021461053333,2021,461053333,1,1,1,1,43,7,2,0,0,0,0,0,9,2,E01024646,7,1,1,0,-1,0
2021010306931,2021,010306931,2,1,1,1,53,8,3,0,0,0,0,0,1,4,E01002866,-1,0,0,1,-1,0
2021471035967,2021,471035967,2,1,1,1,54,8,2,0,0,0,0,0,1,1,E01016900,7,1,1,0,-1,0
2021332100844,2021,332100844,6,6,1,1,47,8,3,0,0,0,0,0,98,8,E01009822,-1,0,0.02623,0.97377,-1,0
2021231108952,2021,231108952,1,1,1,1,26,6,3,0,0,0,0,0,3,4,E01031052,3,1,0,1,-1,0
2021531054703,2021,531054703,1,1,3,2,11,3,2,6,5,0,0,0,0,5,E01022379,7,1,1,0,-1,0
202160Z175012,2021,60Z175012,1,1,3,1,52,8,3,9,5,0,0,1,0,-1,-1,-1,0,0.15191,0.84809,-1,0
2021501036704,2021,501036704,1,4,1,1,24,5,3,0,0,0,0,0,19,7,E01020071,3,1,0,1,-1,0
2021010292464,2021,010292464,1,1,1,2,27,6,3,0,0,0,0,0,9,6,E01016076,-1,0,0,1,-1,0
2021010294709,2021,010294709,1,1,1,1,40,7,3,0,0,0,0,0,9,1,E01024295,-1,0,0,1,-1,0
2021010340481,2021,010340481,1,1,1,2,27,6,3,0,0,0,0,0,9,8,E01002148,-1,0,0,1,-1,0
2021201085128,2021,201085128,1,1,2,2,16,4,3,0,0,1,0,0,9,2,E01010449,3,1,0,1,-1,0
2021221058286,2021,221058286,2,1,1,1,59,9,3,0,0,0,0,0,9,7,E01032249,3,1,0,1,-1,0
2021332100615,2021,332100615,2,2,1,1,37,7,3,0,0,0,0,0,9,9,E01025769,-1,0,0.00397,0.99603,-1,0
2021421023892,2021,421023892,2,1,1,1,25,5,3,0,0,0,0,0,9,5,E01021680,3,1,0,1,-1,0
2021421111504,2021,421111504,1,1,1,1,79,11,2,0,0,0,0,0,9,5,E01021644,6,1,1,0,-1,0
202163C031721,2021,63C031721,2,2,2,1,71,10,3,0,0,1,0,0,9,5,E01031568,-1,0,0.02281,0.97719,-1,0
2021991092223,2021,991092223,2,1,1,2,36,7,3,0,0,0,0,0,9,3,-1,3,1,0,1,-1,0
2021010314069,2021,010314069,2,1,1,1,16,4,2,0,0,0,0,0,1,1,E01002751,-1,0,1,0,-1,0
2021010348493,2021,010348493,1,1,1,1,50,8,3,0,0,0,0,0,1,2,E01003288,-1,0,0,1,-1,0
2021131049862,2021,131049862,1,1,3,1,45,7,2,5,9,0,0,1,0,10,E01011454,6,1,1,0,-1,0
2021361029114,2021,361029114,1,1,3,1,54,8,3,9,9,0,0,1,0,6,E01026769,3,1,0,1,-1,0
2021141088562,2021,141088562,2,2,1,1,40,7,3,0,0,0,0,0,19,3,E01025866,3,1,0,1,-1,0
