collision_index,collision_year,collision_ref_no,vehicle_reference,casualty_reference,casualty_class,sex_of_casualty,age_of_casualty,age_band_of_casualty,casualty_severity,pedestrian_location,pedestrian_movement,car_passenger,bus_or_coach_passenger,pedestrian_road_maintenance_worker,casualty_type,casualty_imd_decile,lsoa_of_casualty,enhanced_casualty_severity,casualty_injury_based,casualty_adjusted_severity_serious,casualty_adjusted_severity_slight,casualty_distance_banding,escooter_flag
2024430524714,2024,430524714,1,1,3,2,9,2,3,5,1,0,0,0,0,5,E01035736,-1,0,0.05343,0.94657,1,0
2024031459122,2024,031459122,1,1,1,1,52,8,3,0,0,0,0,0,5,9,E01008620,3,1,0,1,4,0
2024332400601,2024,332400601,1,1,1,1,-1,-1,3,0,0,0,0,0,5,-1,-1,3,1,0,1,-1,0
2024421510525,2024,421510525,1,1,1,1,30,6,1,0,0,0,0,0,5,5,E01021762,1,1,0,0,2,0
2024201463008,2024,201463008,2,1,1,1,58,9,3,0,0,0,0,0,9,9,E01004085,3,1,0,1,5,0
2024421420856,2024,421420856,2,2,1,2,43,7,3,0,0,0,0,0,9,-1,-1,3,1,0,1,-1,0
2024531531066,2024,531531066,2,2,1,1,54,8,3,0,0,0,0,0,9,6,E01022442,3,1,0,1,2,0
2024991501329,2024,991501329,2,1,1,1,59,9,3,0,0,0,0,0,9,5,-1,3,1,0,1,2,0
2024991521039,2024,991521039,2,1,1,2,21,5,3,0,0,0,0,0,9,8,-1,3,1,0,1,1,0
2024061505812,2024,061505812,2,4,2,1,70,10,3,0,0,0,4,0,11,2,E01005188,3,1,0,1,3,0
2024991472756,2024,991472756,1,1,1,1,57,9,3,0,0,0,0,0,19,2,-1,3,1,0,1,4,0
2024401435007,2024,401435007,2,1,1,1,40,7,3,0,0,0,0,0,20,9,E01016833,3,1,0,1,4,0
2024231516659,2024,231516659,1,1,3,1,30,6,3,9,5,0,0,-1,0,1,E01010369,3,1,0,1,3,0
2024010544889,2024,010544889,2,1,1,1,35,6,3,0,0,0,0,0,3,-1,-1,3,1,0,1,-1,0
2024471455982,2024,471455982,2,1,1,1,25,5,2,0,0,0,0,0,3,9,E01031380,5,1,1,0,1,0
2024552400438,2024,552400438,1,1,1,1,27,6,2,0,0,0,0,0,5,10,E01013796,-1,0,1,0,5,0
2024010525995,2024,010525995,1,2,2,2,53,8,3,0,0,2,0,0,9,3,E01000089,3,1,0,1,1,0
2024010542249,2024,010542249,1,1,1,1,35,6,3,0,0,0,0,0,9,8,E01034802,3,1,0,1,5,0
2024070349540,2024,070349540,2,3,1,2,54,8,3,0,0,0,0,0,9,6,E01018355,-1,0,0.02948,0.97052,4,0
2024070797262,2024,070797262,1,1,1,1,79,11,3,0,0,0,0,0,9,1,E01007304,3,1,0,1,3,0
2024131486021,2024,131486021,1,2,2,1,76,11,3,0,0,1,0,0,9,1,E01007318,3,1,0,1,4,0
2024131499210,2024,131499210,2,1,2,2,29,6,3,0,0,1,0,0,9,2,E01032923,3,1,0,1,1,0
2024201437452,2024,201437452,2,1,2,2,41,7,3,0,0,1,0,0,9,-1,-1,3,1,0,1,-1,0
2024411463432,2024,411463432,2,1,1,1,27,6,3,0,0,0,0,0,9,3,E01000876,3,1,0,1,4,0
2024430494094,2024,430494094,2,2,1,1,35,6,2,0,0,0,0,0,9,2,E01028435,-1,0,1,0,4,0
2024531534966,2024,531534966,1,1,2,1,23,5,2,0,0,1,0,0,9,3,E01001557,7,1,1,0,5,0
2024010487959,2024,010487959,1,1,1,1,21,5,3,0,0,0,0,0,9,5,E01001863,3,1,0,1,3,0
2024010531420,2024,010531420,1,1,1,1,52,8,3,0,0,0,0,0,9,9,E01023562,3,1,0,1,2,0
2024041456899,2024,041456899,1,1,1,1,49,8,3,0,0,0,0,0,9,3,E01025368,3,1,0,1,2,0
2024111451915,2024,111451915,2,2,1,1,37,7,3,0,0,0,0,0,9,2,E01034502,3,1,0,1,3,0
2024131414005,2024,131414005,4,4,2,1,9,2,3,0,0,2,0,0,9,1,E01011357,3,1,0,1,1,0
2024401408907,2024,401408907,2,1,1,1,26,6,3,0,0,0,0,0,9,8,E01023850,3,1,0,1,4,0
2024471488286,2024,471488286,2,2,1,1,58,9,3,0,0,0,0,0,9,9,E01021161,3,1,0,1,3,0
2024991524874,2024,991524874,1,3,1,1,39,7,1,0,0,0,0,0,9,4,-1,1,1,0,0,1,0
2024010515581,2024,010515581,1,1,1,2,53,8,3,0,0,0,0,0,1,7,E01035492,3,1,0,1,2,0
2024451513591,2024,451513591,1,1,1,1,20,4,2,0,0,0,0,0,3,10,E01030404,7,1,1,0,3,0
2024461494405,2024,461494405,2,1,1,1,51,8,3,0,0,0,0,0,5,3,E01024529,3,1,0,1,4,0
2024010549023,2024,010549023,1,1,3,1,-1,-1,3,10,9,0,0,0,0,-1,-1,3,1,0,1,-1,0
2024991508881,2024,991508881,1,1,3,1,13,3,3,5,4,0,0,-1,0,4,-1,3,1,0,1,1,0
202454E453524,2024,54E453524,1,1,1,1,65,9,2,0,0,0,0,0,19,4,E01032036,-1,0,1,0,1,0
2024010533785,2024,010533785,1,1,1,2,57,9,3,0,0,0,0,0,9,5,E01033740,3,1,0,1,2,0
2024041468608,2024,041468608,2,4,2,1,84,11,3,0,0,2,0,0,9,4,-1,3,1,0,1,5,0
2024411463890,2024,411463890,2,2,1,1,34,6,3,0,0,0,0,0,9,-1,-1,3,1,0,1,-1,0
2024471515194,2024,471515194,1,2,1,1,49,8,3,0,0,0,0,0,9,1,E01016908,3,1,0,1,1,0
2024501448958,2024,501448958,2,1,1,2,65,9,3,0,0,0,0,0,9,5,E01034855,3,1,0,1,2,0
2024991474310,2024,991474310,2,1,1,1,50,8,3,0,0,0,0,0,9,10,-1,3,1,0,1,4,0
2024010519919,2024,010519919,1,1,1,2,42,7,3,0,0,0,0,0,1,4,E01033081,3,1,0,1,1,0
2024351528696,2024,351528696,1,1,3,1,33,6,3,8,8,0,0,-1,0,4,E01021437,3,1,0,1,5,0
2024430448638,2024,430448638,1,1,3,2,38,7,3,5,1,0,0,0,0,4,E01032555,-1,0,0.05003,0.94997,1,0
2024010503502,2024,010503502,2,1,1,1,22,5,3,0,0,0,0,0,1,7,E01000701,3,1,0,1,1,0
2024451454175,2024,451454175,1,1,1,1,46,8,3,0,0,0,0,0,1,7,E01030864,3,1,0,1,1,0
2024010535606,2024,010535606,2,1,1,1,35,6,2,0,0,0,0,0,5,9,E01001379,-1,0,1,0,3,0
2024471456951,2024,471456951,1,1,1,2,20,4,2,0,0,0,0,0,5,6,E01031345,7,1,1,0,2,0
2024061447980,2024,061447980,2,2,1,1,63,9,3,0,0,0,0,0,8,8,E01006809,3,1,0,1,1,0
2024010516705,2024,010516705,1,2,2,2,1,1,3,0,0,2,0,0,9,3,E01003086,3,1,0,1,1,0
2024041513611,2024,041513611,2,1,1,2,23,5,3,0,0,0,0,0,9,5,E01025013,3,1,0,1,1,0
2024211492675,2024,211492675,1,3,2,2,34,6,3,0,0,1,0,0,9,1,E01009985,3,1,0,1,3,0
2024401498730,2024,401498730,1,1,2,1,80,11,3,0,0,2,0,0,9,5,E01026491,3,1,0,1,4,0
2024461414000,2024,461414000,1,2,2,1,15,3,2,0,0,0,0,0,9,-1,-1,5,1,1,0,-1,0
2024461469105,2024,461469105,2,1,1,1,28,6,3,0,0,0,0,0,9,6,E01024070,3,1,0,1,4,0
2024010540357,2024,010540357,1,1,2,1,79,11,2,0,0,0,3,0,11,3,E01003269,5,1,1,0,3,0
2024351537278,2024,351537278,1,1,1,1,40,7,3,0,0,0,0,0,19,4,E01026280,3,1,0,1,2,0
2024010490445,2024,010490445,1,1,1,1,20,4,3,0,0,0,0,0,9,-1,-1,3,1,0,1,-1,0
2024041454557,2024,041454557,3,3,2,2,26,6,3,0,0,1,0,0,9,1,E01025230,3,1,0,1,1,0
2024070716922,2024,070716922,2,2,1,1,45,7,3,0,0,0,0,0,9,4,E01007112,3,1,0,1,3,0
2024471410448,2024,471410448,1,2,2,1,22,5,3,0,0,1,0,0,9,2,E01001152,3,1,0,1,4,0
2024471487645,2024,471487645,2,1,1,1,32,6,3,0,0,0,0,0,9,4,E01031583,3,1,0,1,4,0
2024552400584,2024,552400584,2,2,2,2,6,2,3,0,0,2,0,0,9,7,E01015414,-1,0,0.01143,0.98857,4,0
2024991521039,2024,991521039,2,2,2,2,23,5,3,0,0,1,0,0,9,6,-1,3,1,0,1,1,0
2024010507994,2024,010507994,2,1,1,1,23,5,3,0,0,0,0,0,1,4,E01003146,3,1,0,1,3,0
2024131472333,2024,131472333,1,1,1,1,-1,-1,2,0,0,0,0,0,1,-1,-1,7,1,1,0,-1,0
2024010528129,2024,010528129,2,2,1,1,-1,-1,3,0,0,0,0,0,3,4,E01003150,3,1,0,1,3,0
2024010496996,2024,010496996,1,1,3,1,42,7,3,1,3,0,0,0,0,9,E01024300,3,1,0,1,3,0
2024501424950,2024,501424950,1,1,3,1,39,7,3,6,9,0,0,-1,0,3,E01020212,3,1,0,1,3,0
2024141394541,2024,141394541,1,1,3,1,49,8,2,5,9,0,0,-1,0,7,E01007483,7,1,1,0,1,0
2024231433431,2024,231433431,1,1,3,1,73,10,2,5,1,0,0,-1,0,7,E01031215,7,1,1,0,1,0
2024351422325,2024,351422325,1,1,3,2,23,5,3,9,7,0,0,-1,0,7,E01026914,3,1,0,1,4,0
2024211485367,2024,211485367,2,1,1,1,50,8,3,0,0,0,0,0,1,-1,-1,3,1,0,1,-1,0
2024201518769,2024,201518769,1,1,1,1,81,11,2,0,0,0,0,0,4,4,E01026259,5,1,1,0,5,0
2024991493534,2024,991493534,1,1,1,1,55,8,2,0,0,0,0,0,5,4,-1,6,1,1,0,4,0
2024010529861,2024,010529861,1,1,1,2,44,7,3,0,0,0,0,0,9,10,E01002419,3,1,0,1,1,0
2024010546431,2024,010546431,1,1,1,2,53,8,3,0,0,0,0,0,9,2,E01003514,3,1,0,1,1,0
2024051430709,2024,051430709,2,2,1,1,67,10,3,0,0,0,0,0,9,5,E01010640,3,1,0,1,4,0
2024131407359,2024,131407359,2,1,1,2,34,6,2,0,0,0,0,0,9,1,E01011625,5,1,1,0,1,0
2024131428463,2024,131428463,2,4,2,1,17,4,2,0,0,2,0,0,9,1,E01011497,7,1,1,0,2,0
2024201445879,2024,201445879,3,2,2,2,11,3,3,0,0,2,0,0,9,1,E01034915,3,1,0,1,1,0
2024221449596,2024,221449596,4,1,1,2,41,7,3,0,0,0,0,0,9,8,E01014077,3,1,0,1,1,0
2024411502311,2024,411502311,2,1,1,1,-1,-1,3,0,0,0,0,0,9,2,E01035570,3,1,0,1,4,0
2024991451606,2024,991451606,2,1,1,1,34,6,3,0,0,0,0,0,9,5,-1,3,1,0,1,4,0
2024991453097,2024,991453097,3,1,1,1,42,7,3,0,0,0,0,0,9,3,E01027388,3,1,0,1,4,0
2024991492666,2024,991492666,2,2,1,2,66,10,3,0,0,0,0,0,9,10,-1,3,1,0,1,1,0
2024122401136,2024,122401136,2,2,1,1,30,6,3,0,0,0,0,0,19,8,E01034964,-1,0,0.02774,0.97226,1,0
2024631481379,2024,631481379,1,2,1,1,53,8,3,0,0,0,0,0,19,2,W01000960,3,1,0,1,4,0
2024131444894,2024,131444894,1,1,1,1,23,5,3,0,0,0,0,0,33,1,E01011370,3,1,0,1,1,1
2024041425514,2024,041425514,1,1,3,2,16,4,3,6,7,0,0,-1,0,1,E01024855,3,1,0,1,1,0
2024131519623,2024,131519623,1,1,3,1,15,3,3,5,1,0,0,-1,0,1,E01010841,3,1,0,1,1,0
2024211546044,2024,211546044,1,1,3,1,15,3,3,5,3,0,0,-1,0,-1,-1,3,1,0,1,-1,0
2024302400635,2024,302400635,1,1,3,2,51,8,3,5,9,0,0,0,0,4,E01013525,-1,0,0.07336,0.92664,1,0
2024070446092,2024,070446092,1,1,1,1,18,4,3,0,0,0,0,0,1,2,E01034669,-1,0,0.06577,0.93423,1,0
2024131502576,2024,131502576,2,1,1,2,14,3,3,0,0,0,0,0,1,3,E01010751,3,1,0,1,1,0
2024991472778,2024,991472778,1,1,1,1,55,8,2,0,0,0,0,0,5,4,E01020889,7,1,1,0,5,0
2024161414745,2024,161414745,2,2,1,2,34,6,3,0,0,0,0,0,9,3,E01007676,3,1,0,1,4,0
2024201480290,2024,201480290,2,1,1,1,48,8,3,0,0,0,0,0,9,-1,-1,3,1,0,1,-1,0
2024302401187,2024,302401187,2,1,1,1,46,8,3,0,0,0,0,0,9,10,E01033103,-1,0,0.01061,0.98939,3,0
2024361497132,2024,361497132,2,1,1,1,54,8,3,0,0,0,0,0,9,1,E01026598,3,1,0,1,1,0
2024401408907,2024,401408907,2,2,2,2,25,5,3,0,0,1,0,0,9,8,E01023850,3,1,0,1,4,0
2024451450531,2024,451450531,1,1,1,1,36,7,3,0,0,0,0,0,9,2,E01034727,3,1,0,1,4,0
2024461513343,2024,461513343,2,1,1,1,43,7,3,0,0,0,0,0,9,7,E01024302,3,1,0,1,1,0
2024471404573,2024,471404573,1,1,1,2,24,5,3,0,0,0,0,0,9,4,E01020935,3,1,0,1,3,0
2024010524495,2024,010524495,1,1,3,2,90,11,2,5,1,0,0,0,0,2,E01001409,7,1,1,0,1,0
2024010540900,2024,010540900,1,1,3,2,51,8,2,6,9,0,0,0,0,10,E01014853,7,1,1,0,5,0
2024052401956,2024,052401956,1,1,3,2,11,3,3,1,1,0,0,0,0,4,E01034404,-1,0,0.12688,0.87312,1,0
2024070346736,2024,070346736,1,1,3,2,62,9,2,1,1,0,0,0,0,1,E01012508,-1,0,1,0,1,0
2024041425902,2024,041425902,1,1,1,1,51,8,2,0,0,0,0,0,3,3,E01025054,7,1,1,0,2,0
2024010506660,2024,010506660,1,1,1,1,53,8,3,0,0,0,0,0,4,5,E01000586,3,1,0,1,1,0
2024311509456,2024,311509456,2,1,1,-1,23,5,2,0,0,0,0,0,4,7,E01028285,7,1,1,0,2,0
2024010535247,2024,010535247,1,1,1,1,40,7,2,0,0,0,0,0,9,2,E01004702,7,1,1,0,1,0
2024061405390,2024,061405390,5,2,1,1,68,10,2,0,0,0,0,0,9,9,E01034764,7,1,1,0,4,0
2024131464400,2024,131464400,2,2,2,2,32,6,2,0,0,1,0,0,9,7,E01027728,6,1,1,0,4,0
2024131464400,2024,131464400,2,1,1,2,34,6,3,0,0,0,0,0,9,10,E01027730,3,1,0,1,4,0
2024201520219,2024,201520219,1,1,2,2,30,6,3,0,0,1,0,0,9,-1,-1,3,1,0,1,-1,0
2024211431260,2024,211431260,1,1,2,2,0,1,3,0,0,2,0,0,9,7,E01014137,3,1,0,1,4,0
2024221484834,2024,221484834,3,1,2,2,55,8,3,0,0,1,0,0,9,1,E01013995,3,1,0,1,3,0
2024340WN5432,2024,340WN5432,2,1,1,1,53,8,3,0,0,0,0,0,9,1,E01005569,3,1,0,1,5,0
2024351425942,2024,351425942,3,1,1,2,59,9,3,0,0,0,0,0,9,6,E01030218,3,1,0,1,4,0
2024461415510,2024,461415510,2,2,1,1,53,8,3,0,0,0,0,0,9,3,E01016021,3,1,0,1,3,0
2024471417438,2024,471417438,1,1,2,2,10,2,3,0,0,2,0,0,9,8,E01021221,3,1,0,1,1,0
2024501414788,2024,501414788,2,1,2,2,13,3,3,0,0,1,0,0,9,4,E01020087,3,1,0,1,4,0
2024501516015,2024,501516015,1,1,1,2,86,11,2,0,0,0,0,0,9,1,E01015256,6,1,1,0,1,0
2024531512174,2024,531512174,1,1,1,1,34,6,3,0,0,0,0,0,9,9,E01031184,3,1,0,1,4,0
2024010513239,2024,010513239,1,1,3,1,-1,-1,3,10,9,0,0,2,0,-1,-1,3,1,0,1,-1,0
2024010534505,2024,010534505,2,1,1,1,35,6,3,0,0,0,0,0,1,4,E01035485,3,1,0,1,1,0
2024451500307,2024,451500307,1,1,1,1,21,5,3,0,0,0,0,0,1,10,E01030623,3,1,0,1,1,0
2024440546822,2024,440546822,1,1,1,1,32,6,3,0,0,0,0,0,9,4,E01022817,-1,0,0,1,3,0
2024461451045,2024,461451045,1,1,2,1,20,4,3,0,0,1,0,0,9,9,E01002386,3,1,0,1,4,0
2024010497607,2024,010497607,1,1,2,2,75,10,2,0,0,0,3,0,11,-1,-1,5,1,1,0,-1,0
2024991526937,2024,991526937,1,1,3,1,38,7,2,4,1,0,0,-1,0,10,-1,5,1,1,0,3,0
2024010532276,2024,010532276,2,1,1,1,36,7,3,0,0,0,0,0,1,2,E01001976,3,1,0,1,2,0
2024461455157,2024,461455157,2,1,1,1,63,9,2,0,0,0,0,0,2,7,E01024573,7,1,1,0,1,0
2024070634460,2024,070634460,1,2,1,1,33,6,3,0,0,0,0,0,9,-1,-1,-1,0,0.09424,0.90576,-1,0
2024211492675,2024,211492675,1,1,1,1,20,4,3,0,0,0,0,0,9,1,E01009351,3,1,0,1,3,0
2024332400541,2024,332400541,1,1,1,2,46,8,3,0,0,0,0,0,9,10,E01025648,3,1,0,1,1,0
2024361404123,2024,361404123,2,2,2,2,32,6,3,0,0,0,0,0,9,5,E01034772,3,1,0,1,1,0
2024361414657,2024,361414657,2,1,2,1,27,6,3,0,0,1,0,0,9,1,E01026690,3,1,0,1,1,0
2024031462605,2024,031462605,2,1,1,1,50,8,2,0,0,0,0,0,19,1,E01005324,6,1,1,0,5,0
2024430194734,2024,430194734,1,1,1,1,55,8,3,0,0,0,0,0,19,7,E01023074,-1,0,0.0193,0.9807,4,0
2024421475046,2024,421475046,1,1,1,1,17,4,3,0,0,0,0,0,33,5,E01021843,3,1,0,1,1,1
2024031411748,2024,031411748,1,1,3,1,43,7,3,9,5,0,0,-1,0,1,E01011803,3,1,0,1,5,0
2024010488266,2024,010488266,2,1,1,1,27,6,3,0,0,0,0,0,1,-1,-1,3,1,0,1,-1,0
2024010519547,2024,010519547,2,1,1,2,26,6,3,0,0,0,0,0,1,6,E01003958,3,1,0,1,1,0
2024221482326,2024,221482326,1,1,1,1,30,6,3,0,0,0,0,0,1,8,E01032366,3,1,0,1,4,0
2024302401699,2024,302401699,1,1,1,1,29,6,3,0,0,0,0,0,2,10,E01019762,-1,0,0.07483,0.92517,1,0
2024231516672,2024,231516672,1,1,1,1,61,9,3,0,0,0,0,0,5,6,E01031322,3,1,0,1,2,0
2024061478550,2024,061478550,1,1,1,1,43,7,2,0,0,0,0,0,9,1,E01005314,7,1,1,0,1,0
2024101447918,2024,101447918,1,2,2,1,24,5,2,0,0,2,0,0,9,3,E01008219,7,1,1,0,1,0
2024302401505,2024,302401505,2,1,2,2,69,10,3,0,0,1,0,0,9,6,E01011835,-1,0,0.0247,0.9753,4,0
2024421416186,2024,421416186,2,1,2,2,34,6,3,0,0,1,0,0,9,2,E01022055,3,1,0,1,4,0
2024451485142,2024,451485142,1,1,1,1,47,8,3,0,0,0,0,0,9,-1,-1,3,1,0,1,-1,0
2024461488881,2024,461488881,2,1,1,2,26,6,3,0,0,0,0,0,9,2,E01024390,3,1,0,1,4,0
2024471411756,2024,471411756,2,1,1,2,36,7,3,0,0,0,0,0,9,5,E01031410,3,1,0,1,2,0
2024610057024,2024,610057024,3,4,2,1,35,6,3,0,0,1,0,0,9,-1,-1,-1,0,0.06159,0.93841,-1,0
2024010535461,2024,010535461,1,1,1,1,55,8,1,0,0,0,0,0,19,8,E01000320,1,1,0,0,3,0
2024501515044,2024,501515044,1,1,2,1,30,6,3,0,0,0,0,0,19,4,E01020275,3,1,0,1,4,0
2024991520677,2024,991520677,2,1,1,1,66,10,3,0,0,0,0,0,1,1,-1,3,1,0,1,4,0
2024010492954,2024,010492954,1,1,1,1,20,4,3,0,0,0,0,0,3,2,E01035682,3,1,0,1,1,0
2024231524392,2024,231524392,1,1,1,1,25,5,3,0,0,0,0,0,3,2,E01031066,3,1,0,1,1,0
2024010517659,2024,010517659,1,1,1,1,59,9,3,0,0,0,0,0,5,-1,-1,3,1,0,1,-1,0
2024010522620,2024,010522620,1,1,1,1,27,6,3,0,0,0,0,0,9,7,E01017800,3,1,0,1,4,0
2024010535510,2024,010535510,1,1,1,2,68,10,3,0,0,0,0,0,9,6,E01001527,3,1,0,1,1,0
2024061514883,2024,061514883,1,1,1,2,34,6,3,0,0,0,0,0,9,10,E01016282,3,1,0,1,5,0
2024161415212,2024,161415212,1,1,1,2,40,7,3,0,0,0,0,0,9,7,E01013228,3,1,0,1,4,0
2024231486375,2024,231486375,2,1,1,1,36,7,3,0,0,0,0,0,9,5,E01010115,3,1,0,1,3,0
2024302401375,2024,302401375,1,2,1,2,44,7,3,0,0,0,0,0,9,5,E01013509,-1,0,0.00636,0.99364,1,0
2024361525145,2024,361525145,2,1,1,1,25,5,3,0,0,0,0,0,9,8,E01026559,3,1,0,1,2,0
2024440333398,2024,440333398,1,1,2,2,13,3,3,0,0,2,0,0,9,10,E01022995,-1,0,0,1,4,0
2024451522841,2024,451522841,2,2,1,2,70,10,3,0,0,0,0,0,9,8,E01022778,3,1,0,1,4,0
2024531475839,2024,531475839,1,1,2,1,28,6,3,0,0,1,0,0,9,8,E01022166,3,1,0,1,1,0
2024991439441,2024,991439441,2,1,2,2,52,8,3,0,0,1,0,0,9,-1,-1,3,1,0,1,-1,0
2024211410469,2024,211410469,1,1,1,1,35,6,3,0,0,0,0,0,19,-1,-1,3,1,0,1,-1,0
2024991419742,2024,991419742,1,1,3,1,30,6,1,9,6,0,0,-1,0,1,-1,1,1,0,0,4,0
2024010503850,2024,010503850,1,1,1,1,37,7,3,0,0,0,0,0,1,3,E01004367,3,1,0,1,1,0
2024010530251,2024,010530251,1,1,1,1,23,5,3,0,0,0,0,0,1,8,E01004731,3,1,0,1,1,0
2024501414740,2024,501414740,2,1,1,2,22,5,3,0,0,0,0,0,3,5,E01020342,3,1,0,1,1,0
2024471463111,2024,471463111,1,1,1,1,24,5,2,0,0,0,0,0,5,8,E01020948,5,1,1,0,2,0
2024201441969,2024,201441969,2,6,2,1,20,4,3,0,0,2,0,0,8,7,E01009819,3,1,0,1,3,0
2024201505632,2024,201505632,1,1,1,1,38,7,3,0,0,0,0,0,8,4,E01009085,3,1,0,1,4,0
2024010539551,2024,010539551,1,1,1,1,30,6,3,0,0,0,0,0,9,9,E01003364,3,1,0,1,3,0
2024211479803,2024,211479803,2,2,1,1,27,6,3,0,0,0,0,0,9,8,E01029676,3,1,0,1,2,0
2024351469098,2024,351469098,1,3,2,1,18,4,2,0,0,1,0,0,9,4,E01015613,6,1,1,0,3,0
2024440504770,2024,440504770,2,2,1,2,31,6,3,0,0,0,0,0,9,5,E01022520,-1,0,0,1,1,0
2024461496532,2024,461496532,2,1,1,1,52,8,3,0,0,0,0,0,9,7,E01024726,3,1,0,1,2,0
2024461510692,2024,461510692,2,1,2,2,31,6,2,0,0,2,0,0,9,6,E01024172,7,1,1,0,1,0
2024451457354,2024,451457354,5,1,1,1,55,8,2,0,0,0,0,0,19,5,E01030677,6,1,1,0,1,0
2024501520762,2024,501520762,2,1,1,1,59,9,1,0,0,0,0,0,19,5,E01018948,1,1,0,0,1,0
2024041398037,2024,041398037,2,3,2,2,17,4,2,0,0,2,0,0,9,10,E01006124,7,1,1,0,4,0
2024101472699,2024,101472699,2,1,1,2,69,10,3,0,0,0,0,0,9,6,E01008342,3,1,0,1,2,0
2024101525283,2024,101525283,1,1,1,2,31,6,3,0,0,0,0,0,9,6,E01027484,3,1,0,1,1,0
2024361492935,2024,361492935,2,3,2,2,82,11,3,0,0,2,0,0,9,4,E01018109,3,1,0,1,4,0
2024411457651,2024,411457651,2,1,1,1,53,8,3,0,0,0,0,0,9,2,E01000951,3,1,0,1,4,0
2024451504520,2024,451504520,2,3,1,2,45,7,3,0,0,0,0,0,9,10,E01027205,3,1,0,1,5,0
2024471417438,2024,471417438,2,2,1,1,61,9,3,0,0,0,0,0,9,9,E01021227,3,1,0,1,1,0
2024501498770,2024,501498770,2,1,1,2,47,8,3,0,0,0,0,0,9,8,E01033232,3,1,0,1,1,0
2024010542460,2024,010542460,1,3,2,1,11,3,3,0,0,0,3,0,11,2,E01000902,3,1,0,1,1,0
2024401539759,2024,401539759,2,1,1,1,39,7,3,0,0,0,0,0,19,3,E01021326,3,1,0,1,4,0
2024991453923,2024,991453923,2,1,1,1,30,6,2,0,0,0,0,0,21,3,-1,7,1,1,0,4,0
2024501494953,2024,501494953,1,1,3,2,55,8,3,9,9,0,0,-1,0,4,E01018815,3,1,0,1,1,0
2024520500442,2024,520500442,1,1,3,1,24,5,3,9,5,0,0,1,0,8,E01032690,-1,0,0.10191,0.89809,4,0
2024010527981,2024,010527981,1,1,1,2,31,6,3,0,0,0,0,0,1,9,E01004054,3,1,0,1,1,0
2024231490424,2024,231490424,2,1,1,1,16,4,3,0,0,0,0,0,1,10,E01031305,3,1,0,1,1,0
2024461483262,2024,461483262,1,1,1,1,36,7,2,0,0,0,0,0,2,3,E01024559,6,1,1,0,1,0
2024010541739,2024,010541739,1,1,1,1,22,5,3,0,0,0,0,0,5,7,E01001457,3,1,0,1,1,0
2024131414005,2024,131414005,4,1,2,2,45,7,3,0,0,1,0,0,9,1,E01011357,3,1,0,1,1,0
2024131464400,2024,131464400,1,5,2,1,20,4,3,0,0,2,0,0,9,6,E01007554,3,1,0,1,3,0
2024201533753,2024,201533753,2,5,2,2,44,7,3,0,0,1,0,0,9,8,E01013783,3,1,0,1,4,0
2024340WN6812,2024,340WN6812,1,1,1,1,30,6,3,0,0,0,0,0,9,6,E01013519,3,1,0,1,4,0
2024351469098,2024,351469098,1,1,1,2,44,7,2,0,0,0,0,0,9,4,E01015613,6,1,1,0,3,0
2024411407680,2024,411407680,4,2,1,1,49,8,3,0,0,0,0,0,9,9,E01023094,3,1,0,1,4,0
2024522401329,2024,522401329,1,1,1,1,60,9,3,0,0,0,0,0,9,3,E01033626,-1,0,0.18893,0.81107,5,0
2024541692624,2024,541692624,2,1,1,2,45,7,3,0,0,0,0,0,9,2,E01031983,-1,0,0.01072,0.98928,1,0
2024552401275,2024,552401275,2,1,2,2,67,10,3,0,0,1,0,0,9,-1,-1,-1,0,0.04017,0.95983,-1,0
2024531483075,2024,531483075,3,2,1,1,68,10,2,0,0,0,0,0,19,6,E01022262,5,1,1,0,1,0
2024991447215,2024,991447215,1,1,1,1,49,8,1,0,0,0,0,0,19,4,-1,1,1,0,0,3,0
2024340WN4552,2024,340WN4552,1,1,1,1,65,9,3,0,0,0,0,0,21,7,E01011243,3,1,0,1,5,0
2024451439501,2024,451439501,2,2,1,1,22,5,3,0,0,0,0,0,90,3,E01023107,3,1,0,1,4,0
2024201489070,2024,201489070,1,1,3,1,22,5,3,1,1,0,0,-1,0,4,E01015179,3,1,0,1,5,0
2024340NN3132,2024,340NN3132,1,1,3,2,11,3,3,1,1,0,0,-1,0,-1,-1,3,1,0,1,-1,0
2024141462241,2024,141462241,2,1,1,1,24,5,3,0,0,0,0,0,1,10,E01007936,3,1,0,1,1,0
2024010544150,2024,010544150,1,1,1,1,15,3,2,0,0,0,0,0,3,5,E01002873,6,1,1,0,1,0
2024010528346,2024,010528346,1,1,1,1,76,11,2,0,0,0,0,0,4,5,E01002449,7,1,1,0,1,0
2024010510148,2024,010510148,1,2,2,2,79,11,2,0,0,2,0,0,8,8,E01004651,5,1,1,0,1,0
2024010540655,2024,010540655,1,1,1,1,23,5,3,0,0,0,0,0,9,2,E01000084,3,1,0,1,3,0
2024351469098,2024,351469098,2,5,2,2,14,3,2,0,0,2,0,0,9,1,E01015664,6,1,1,0,3,0
2024411404254,2024,411404254,2,3,2,1,15,3,3,0,0,0,0,0,9,3,E01023343,3,1,0,1,4,0
2024451432024,2024,451432024,1,4,1,1,30,6,3,0,0,0,0,0,9,5,E01000071,3,1,0,1,4,0
2024451439862,2024,451439862,1,3,2,2,22,5,3,0,0,2,0,0,9,5,E01030569,3,1,0,1,2,0
2024461407212,2024,461407212,2,1,1,1,68,10,3,0,0,0,0,0,9,6,E01024234,3,1,0,1,4,0
2024461451045,2024,461451045,1,2,1,1,18,4,3,0,0,0,0,0,9,10,E01021545,3,1,0,1,4,0
2024471497237,2024,471497237,2,2,1,1,64,9,3,0,0,0,0,0,9,6,E01031484,3,1,0,1,2,0
2024631457584,2024,631457584,1,2,2,2,45,7,3,0,0,1,0,0,9,4,E01013555,3,1,0,1,5,0
2024631460061,2024,631460061,1,3,1,1,35,6,2,0,0,0,0,0,9,7,W01000470,5,1,1,0,2,0
2024991421963,2024,991421963,3,1,1,2,44,7,3,0,0,0,0,0,9,9,-1,3,1,0,1,3,0
2024010488365,2024,010488365,1,1,3,1,37,7,3,10,9,0,0,0,0,4,E01003264,3,1,0,1,1,0
2024010513763,2024,010513763,1,1,3,1,37,7,3,8,7,0,0,0,0,2,E01004068,3,1,0,1,1,0
2024010531162,2024,010531162,1,1,3,2,48,8,3,6,9,0,0,0,0,3,E01003536,3,1,0,1,1,0
2024481564390,2024,481564390,1,1,3,2,60,9,2,1,1,0,0,-1,0,-1,-1,5,1,1,0,-1,0
2024010504929,2024,010504929,2,1,1,1,58,9,3,0,0,0,0,0,1,1,E01004042,3,1,0,1,1,0
2024010524672,2024,010524672,2,1,1,1,43,7,3,0,0,0,0,0,1,6,E01000555,3,1,0,1,1,0
2024010544571,2024,010544571,1,1,1,1,33,6,3,0,0,0,0,0,1,6,E01004017,3,1,0,1,1,0
2024052402821,2024,052402821,2,2,1,1,21,5,3,0,0,0,0,0,1,4,E01033760,-1,0,0.09497,0.90503,1,0
2024430583134,2024,430583134,1,1,1,1,42,7,3,0,0,0,0,0,1,9,E01035269,-1,0,0.02716,0.97284,2,0
2024070891457,2024,070891457,1,1,1,1,63,9,2,0,0,0,0,0,5,10,E01018694,6,1,1,0,2,0
2024131451248,2024,131451248,2,1,1,1,64,9,3,0,0,0,0,0,5,7,E01034266,3,1,0,1,1,0
2024421493246,2024,421493246,2,1,1,1,61,9,2,0,0,0,0,0,5,5,E01021707,7,1,1,0,2,0
2024010528129,2024,010528129,1,1,1,1,55,8,3,0,0,0,0,0,9,3,E01003571,3,1,0,1,1,0
2024131508858,2024,131508858,3,1,2,2,42,7,3,0,0,0,0,0,9,1,E01011433,3,1,0,1,1,0
2024201526280,2024,201526280,1,1,1,1,36,7,3,0,0,0,0,0,9,8,E01014957,3,1,0,1,5,0
2024411493458,2024,411493458,3,2,1,1,21,5,3,0,0,0,0,0,9,9,E01021804,3,1,0,1,3,0
2024451433005,2024,451433005,2,2,2,2,11,3,3,0,0,2,0,0,9,5,E01002611,3,1,0,1,4,0
2024461471695,2024,461471695,2,2,1,1,77,11,3,0,0,0,0,0,9,9,E01003462,3,1,0,1,4,0
2024531518328,2024,531518328,2,1,1,1,25,5,3,0,0,0,0,0,9,2,E01022288,3,1,0,1,3,0
2024991468857,2024,991468857,2,1,1,2,50,8,3,0,0,0,0,0,9,-1,-1,3,1,0,1,-1,0
2024010510148,2024,010510148,1,4,3,1,36,7,3,6,9,0,0,0,0,4,E01002308,3,1,0,1,4,0
2024010540792,2024,010540792,1,1,1,2,42,7,3,0,0,0,0,0,3,9,E01002259,3,1,0,1,1,0
2024010511808,2024,010511808,1,1,1,1,35,6,3,0,0,0,0,0,9,3,E01003607,3,1,0,1,1,0
2024061458785,2024,061458785,1,3,2,2,11,3,3,0,0,2,0,0,9,-1,-1,3,1,0,1,-1,0
2024070727324,2024,070727324,1,1,1,1,55,8,3,0,0,0,0,0,9,7,E01018598,3,1,0,1,2,0
2024141405378,2024,141405378,1,1,2,1,40,7,3,0,0,1,0,0,9,4,E01007536,3,1,0,1,2,0
2024401492756,2024,401492756,2,1,1,2,19,4,3,0,0,0,0,0,9,7,E01017593,3,1,0,1,3,0
2024440170821,2024,440170821,2,2,1,2,32,6,3,0,0,0,0,0,9,5,E01023027,-1,0,0,1,3,0
2024501448958,2024,501448958,2,2,2,2,37,7,3,0,0,1,0,0,9,6,E01018832,3,1,0,1,2,0
2024610032924,2024,610032924,2,1,1,2,36,7,3,0,0,1,0,0,9,-1,-1,-1,0,0.05926,0.94074,-1,0
2024010512150,2024,010512150,1,1,3,2,79,11,2,5,1,0,0,0,0,6,E01003663,7,1,1,0,2,0
2024991488997,2024,991488997,1,1,3,1,26,6,2,8,7,0,0,-1,0,1,-1,6,1,1,0,1,0
2024161479361,2024,161479361,2,1,1,1,19,4,3,0,0,0,0,0,3,9,E01012960,3,1,0,1,2,0
2024031531261,2024,031531261,4,2,2,2,73,10,3,0,0,1,0,0,9,7,E01019240,3,1,0,1,4,0
2024041468608,2024,041468608,2,1,1,1,71,10,3,0,0,0,0,0,9,4,-1,3,1,0,1,5,0
2024041486552,2024,041486552,3,1,1,1,33,6,3,0,0,0,0,0,9,7,E01024921,3,1,0,1,3,0
2024361400469,2024,361400469,2,1,1,2,53,8,3,0,0,0,0,0,9,8,E01026470,3,1,0,1,3,0
2024471531678,2024,471531678,1,1,1,2,42,7,3,0,0,0,0,0,9,8,E01021055,3,1,0,1,1,0
2024991524874,2024,991524874,1,2,2,1,23,5,3,0,0,2,0,0,9,4,-1,3,1,0,1,1,0
2024221498634,2024,221498634,1,1,3,1,41,7,3,9,9,0,0,-1,0,3,E01025989,3,1,0,1,4,0
2024401510013,2024,401510013,1,1,3,1,44,7,3,6,9,0,0,-1,0,8,E01017458,3,1,0,1,2,0
2024520402186,2024,520402186,1,1,3,1,32,6,3,10,5,0,0,1,0,8,E01034536,-1,0,0.27435,0.72565,4,0
2024010541767,2024,010541767,1,1,1,1,45,7,3,0,0,0,0,0,1,5,E01002667,3,1,0,1,1,0
2024010510282,2024,010510282,2,2,1,2,73,10,3,0,0,0,0,0,9,9,E01023811,3,1,0,1,2,0
2024010516075,2024,010516075,1,1,1,1,34,6,3,0,0,0,0,0,9,-1,-1,3,1,0,1,-1,0
2024131486895,2024,131486895,1,1,1,1,68,10,3,0,0,0,0,0,9,1,E01010943,3,1,0,1,1,0
2024421420856,2024,421420856,1,1,1,1,44,7,3,0,0,0,0,0,9,10,E01021447,3,1,0,1,1,0
2024451494777,2024,451494777,1,1,1,2,32,6,3,0,0,0,0,0,9,6,E01024406,3,1,0,1,4,0
2024451499856,2024,451499856,1,1,1,2,26,6,3,0,0,0,0,0,9,3,E01023145,3,1,0,1,2,0
2024501454357,2024,501454357,1,1,1,2,75,10,3,0,0,0,0,0,9,4,E01020087,3,1,0,1,3,0
2024991407793,2024,991407793,2,1,2,1,53,8,3,0,0,1,0,0,20,9,-1,3,1,0,1,3,0
2024052400576,2024,052400576,1,1,3,1,64,9,3,1,3,0,0,0,0,8,E01006530,-1,0,0.15444,0.84556,1,0
2024131474060,2024,131474060,1,1,3,1,70,10,3,6,9,0,0,-1,0,1,E01011621,3,1,0,1,1,0
2024221400400,2024,221400400,2,2,3,1,32,6,3,9,5,0,0,-1,0,-1,-1,3,1,0,1,-1,0
2024302400060,2024,302400060,1,1,3,1,72,10,2,5,9,0,0,0,0,3,E01019437,-1,0,1,0,1,0
2024471494317,2024,471494317,1,1,3,1,-1,-1,3,5,1,0,0,-1,0,-1,-1,3,1,0,1,-1,0
2024010528146,2024,010528146,1,1,1,2,35,6,3,0,0,0,0,0,1,5,E01000916,3,1,0,1,1,0
2024010487684,2024,010487684,1,1,2,2,17,4,3,0,0,1,0,0,9,2,E01003236,3,1,0,1,2,0
2024010499269,2024,010499269,1,1,1,2,38,7,3,0,0,0,0,0,9,6,E01000376,3,1,0,1,3,0
2024010521730,2024,010521730,1,2,2,1,3,1,3,0,0,2,0,0,9,4,E01004454,3,1,0,1,3,0
2024201434199,2024,201434199,2,1,1,2,40,7,2,0,0,0,0,0,9,2,E01009891,7,1,1,0,2,0
2024201460355,2024,201460355,2,1,1,1,21,5,1,0,0,0,0,0,9,1,E01014124,1,1,0,0,4,0
2024311400367,2024,311400367,2,1,1,1,38,7,3,0,0,0,0,0,9,-1,-1,3,1,0,1,-1,0
2024311472626,2024,311472626,1,1,1,2,53,8,3,0,0,0,0,0,9,10,E01028388,3,1,0,1,2,0
2024501454357,2024,501454357,1,2,2,2,16,4,3,0,0,1,0,0,9,4,E01020087,3,1,0,1,3,0
2024501462814,2024,501462814,1,1,1,1,51,8,3,0,0,0,0,0,9,9,E01020186,3,1,0,1,1,0
2024061503422,2024,061503422,1,1,1,1,33,6,3,0,0,0,0,0,10,9,E01005418,3,1,0,1,2,0
2024302400623,2024,302400623,1,1,1,-1,-1,-1,3,0,0,0,0,0,21,5,E01014239,-1,0,0.00903,0.99097,4,0
2024451405718,2024,451405718,1,1,3,2,23,5,2,5,1,0,0,-1,0,6,E01003261,7,1,1,0,4,0
2024010500020,2024,010500020,2,1,1,2,16,4,3,0,0,0,0,0,1,8,E01000910,3,1,0,1,1,0
2024010519070,2024,010519070,1,1,1,1,24,5,3,0,0,0,0,0,1,6,E01003071,3,1,0,1,1,0
2024010542039,2024,010542039,2,1,1,1,54,8,3,0,0,0,0,0,1,4,E01001015,3,1,0,1,3,0
2024131484705,2024,131484705,3,1,1,1,49,8,3,0,0,0,0,0,8,1,E01010616,3,1,0,1,3,0
2024010526488,2024,010526488,1,1,1,2,28,6,3,0,0,0,0,0,9,7,E01001049,3,1,0,1,2,0
2024131468042,2024,131468042,1,1,1,1,57,9,3,0,0,0,0,0,9,1,E01007291,3,1,0,1,5,0
2024161428675,2024,161428675,1,1,1,2,33,6,3,0,0,0,0,0,9,7,E01013145,3,1,0,1,1,0
2024201411402,2024,201411402,1,1,1,1,27,6,3,0,0,0,0,0,9,-1,-1,3,1,0,1,-1,0
2024221484834,2024,221484834,1,4,1,1,28,6,2,0,0,0,0,0,9,7,E01021902,7,1,1,0,5,0
2024421405980,2024,421405980,3,1,1,1,33,6,3,0,0,0,0,0,9,8,E01021613,3,1,0,1,2,0
2024461440033,2024,461440033,4,1,2,1,40,7,3,0,0,1,0,0,9,1,E01024682,3,1,0,1,1,0
2024141421541,2024,141421541,2,1,1,1,29,6,3,0,0,0,0,0,19,7,E01031204,3,1,0,1,5,0
2024201479834,2024,201479834,1,1,1,1,57,9,3,0,0,0,0,0,21,3,E01017711,3,1,0,1,5,0
2024010538020,2024,010538020,1,1,3,2,26,6,3,1,1,0,0,0,0,3,E01034217,3,1,0,1,1,0
2024131494254,2024,131494254,1,1,3,1,53,8,3,1,1,0,0,-1,0,5,E01011215,3,1,0,1,3,0
202454A396624,2024,54A396624,1,1,3,1,42,7,3,9,9,0,0,1,0,2,E01022122,-1,0,0.08044,0.91956,4,0
2024052402040,2024,052402040,2,1,1,1,31,6,3,0,0,0,0,0,9,8,E01023880,-1,0,0.02023,0.97977,5,0
2024161429575,2024,161429575,1,2,2,1,22,5,3,0,0,1,0,0,9,7,E01013333,3,1,0,1,1,0
2024231404462,2024,231404462,2,1,1,1,41,7,3,0,0,0,0,0,9,7,E01032269,3,1,0,1,4,0
2024311520881,2024,311520881,1,1,1,1,49,8,3,0,0,0,0,0,9,6,E01028283,3,1,0,1,1,0
2024991442993,2024,991442993,2,1,1,1,82,11,3,0,0,0,0,0,9,10,-1,3,1,0,1,1,0
2024010514995,2024,010514995,1,1,1,1,37,7,3,0,0,0,0,0,9,2,E01021322,3,1,0,1,4,0
2024041398037,2024,041398037,2,2,2,2,17,4,2,0,0,1,0,0,9,7,E01006125,7,1,1,0,4,0
2024061501834,2024,061501834,1,2,2,1,18,4,3,0,0,1,0,0,9,1,E01005578,3,1,0,1,1,0
2024141403034,2024,141403034,1,1,1,2,52,8,3,0,0,0,0,0,9,4,E01007611,3,1,0,1,1,0
2024302401561,2024,302401561,2,1,1,2,20,4,3,0,0,0,0,0,9,9,E01032248,-1,0,0.00454,0.99546,5,0
2024421420856,2024,421420856,2,3,2,2,6,2,3,0,0,2,0,0,9,5,E01021769,3,1,0,1,2,0
2024471486681,2024,471486681,2,2,2,2,76,11,3,0,0,1,0,0,9,3,E01016921,3,1,0,1,2,0
2024991409428,2024,991409428,1,1,1,2,24,5,3,0,0,0,0,0,9,5,-1,3,1,0,1,2,0
2024991454225,2024,991454225,2,1,1,2,22,5,3,0,0,0,0,0,9,2,-1,3,1,0,1,4,0
2024010549540,2024,010549540,1,1,1,1,35,6,3,0,0,0,0,0,3,-1,-1,3,1,0,1,-1,0
202454A807624,2024,54A807624,1,1,3,1,26,6,2,10,9,0,0,1,0,3,E01034714,-1,0,1,0,4,0
2024052400899,2024,052400899,2,2,2,2,36,7,3,0,0,1,0,0,9,1,E01006757,-1,0,0.02557,0.97443,1,0
2024061514883,2024,061514883,1,2,2,1,35,6,3,0,0,1,0,0,9,10,E01016282,3,1,0,1,5,0
2024131403321,2024,131403321,2,1,1,2,24,5,3,0,0,0,0,0,9,7,E01011299,3,1,0,1,1,0
2024161508208,2024,161508208,2,1,1,2,40,7,3,0,0,0,0,0,9,3,E01034752,3,1,0,1,1,0
2024201424928,2024,201424928,1,1,1,1,56,9,3,0,0,0,0,0,9,6,E01010132,3,1,0,1,1,0
2024201441969,2024,201441969,1,1,1,1,39,7,2,0,0,0,0,0,9,2,E01010268,7,1,1,0,3,0
2024211492675,2024,211492675,2,2,1,2,28,6,3,0,0,0,0,0,9,7,E01000924,3,1,0,1,5,0
2024231452805,2024,231452805,2,1,1,2,31,6,3,0,0,0,0,0,9,8,E01031019,3,1,0,1,1,0
2024302401113,2024,302401113,2,2,2,-1,48,8,3,0,0,1,0,0,9,1,E01034256,-1,0,0.00141,0.99859,1,0
2024461499911,2024,461499911,2,1,1,2,28,6,3,0,0,0,0,0,9,6,E01024172,3,1,0,1,1,0
2024552500042,2024,552500042,2,1,1,2,78,11,3,0,0,0,0,0,9,7,E01015446,-1,0,0.06496,0.93504,1,0
2024010508698,2024,010508698,1,1,1,-1,51,8,3,0,0,0,0,0,1,4,E01003074,3,1,0,1,2,0
2024010531330,2024,010531330,2,1,1,1,-1,-1,3,0,0,0,0,0,1,5,E01004547,3,1,0,1,1,0
2024010532942,2024,010532942,1,1,1,1,38,7,3,0,0,0,0,0,1,8,E01004156,3,1,0,1,1,0
2024361441327,2024,361441327,2,1,1,1,16,4,3,0,0,0,0,0,2,7,E01026545,3,1,0,1,1,0
2024031447303,2024,031447303,1,1,1,2,54,8,3,0,0,0,0,0,5,6,-1,3,1,0,1,5,0
2024010540900,2024,010540900,1,2,3,2,17,4,3,6,9,0,0,0,0,10,E01014853,3,1,0,1,5,0
2024131409147,2024,131409147,2,1,3,1,58,9,3,6,9,0,0,-1,0,10,E01011888,3,1,0,1,1,0
2024421503637,2024,421503637,3,1,1,2,14,3,2,0,0,0,0,0,33,9,E01022074,7,1,1,0,1,1
2024302401017,2024,302401017,2,2,1,1,55,8,3,0,0,0,0,0,8,3,E01019797,-1,0,0.00471,0.99529,1,0
2024461451717,2024,461451717,1,2,3,1,12,3,2,5,4,0,0,-1,0,1,E01024049,7,1,1,0,1,0
2024010541116,2024,010541116,1,1,1,1,41,7,3,0,0,0,0,0,3,4,E01002446,3,1,0,1,3,0
2024010489024,2024,010489024,1,1,1,1,22,5,3,0,0,0,0,0,4,2,E01003197,3,1,0,1,1,0
2024010494018,2024,010494018,1,2,2,-1,16,4,3,0,0,2,0,0,9,4,E01033745,3,1,0,1,2,0
2024221484834,2024,221484834,3,2,1,1,57,9,3,0,0,0,0,0,9,1,E01013995,3,1,0,1,3,0
2024221484834,2024,221484834,2,3,1,2,20,4,2,0,0,0,0,0,9,5,E01014041,5,1,1,0,3,0
2024340NN1682,2024,340NN1682,1,1,1,1,52,8,3,0,0,0,0,0,9,7,E01032963,3,1,0,1,1,0
2024421523064,2024,421523064,2,1,1,2,52,8,3,0,0,0,0,0,9,10,E01016665,3,1,0,1,4,0
2024451504520,2024,451504520,2,5,2,1,21,5,3,0,0,2,0,0,9,10,E01032983,3,1,0,1,5,0
2024471488286,2024,471488286,1,1,1,1,37,7,3,0,0,0,0,0,9,8,E01021221,3,1,0,1,1,0
2024991459852,2024,991459852,1,1,1,2,23,5,3,0,0,0,0,0,9,2,-1,3,1,0,1,1,0
2024010542405,2024,010542405,1,1,1,2,37,7,3,0,0,0,0,0,9,3,E01002634,3,1,0,1,1,0
2024041406312,2024,041406312,1,1,1,1,53,8,3,0,0,0,0,0,9,5,E01025479,3,1,0,1,1,0
2024052402126,2024,052402126,2,1,1,2,23,5,3,0,0,0,0,0,9,6,E01007116,-1,0,0.0101,0.9899,1,0
2024131479608,2024,131479608,1,1,1,1,62,9,3,0,0,0,0,0,9,2,E01006451,3,1,0,1,4,0
2024231506337,2024,231506337,1,1,1,1,33,6,3,0,0,0,0,0,9,8,E01035014,3,1,0,1,1,0
2024991525214,2024,991525214,2,3,2,2,21,5,3,0,0,1,0,0,9,8,-1,3,1,0,1,4,0
2024010535648,2024,010535648,1,1,1,1,40,7,2,0,0,0,0,0,1,2,E01002800,7,1,1,0,1,0
2024061419998,2024,061419998,1,1,3,1,12,3,3,4,1,0,0,-1,0,1,E01005602,3,1,0,1,1,0
2024052402194,2024,052402194,2,1,2,1,38,7,3,0,0,2,0,0,8,2,E01007091,-1,0,0.01381,0.98619,1,0
2024311465506,2024,311465506,2,2,1,1,53,8,3,0,0,0,0,0,19,7,E01027999,3,1,0,1,2,0
2024471481497,2024,471481497,3,3,1,1,51,8,3,0,0,0,0,0,19,10,E01031511,3,1,0,1,4,0
2024221469346,2024,221469346,2,1,1,2,73,10,2,0,0,0,0,0,9,6,E01035058,6,1,1,0,1,0
2024231486375,2024,231486375,2,2,2,2,31,6,3,0,0,1,0,0,9,5,E01010115,3,1,0,1,3,0
2024430133251,2024,430133251,2,1,1,1,28,6,3,0,0,0,0,0,9,10,E01016546,-1,0,0.02336,0.97664,2,0
2024471512379,2024,471512379,2,1,2,2,8,2,3,0,0,2,0,0,9,6,E01035322,3,1,0,1,1,0
2024991497543,2024,991497543,1,1,1,1,45,7,2,0,0,0,0,0,9,-1,-1,7,1,1,0,-1,0
2024122401260,2024,122401260,2,1,1,1,12,3,3,0,0,0,0,0,1,8,E01013343,-1,0,0.04189,0.95811,1,0
2024991431807,2024,991431807,1,1,3,2,13,3,3,5,2,0,0,-1,0,-1,-1,3,1,0,1,-1,0
2024141486608,2024,141486608,1,1,1,1,38,7,2,0,0,0,0,0,19,2,E01007322,7,1,1,0,1,0
2024101424830,2024,101424830,1,1,3,2,60,9,3,10,9,0,0,-1,0,-1,-1,3,1,0,1,-1,0
2024231427219,2024,231427219,1,1,3,1,32,6,2,5,2,0,0,-1,0,2,E01009890,7,1,1,0,4,0
2024440478586,2024,440478586,1,1,1,1,30,6,2,0,0,0,0,0,1,7,E01004550,-1,0,0.92044,0.07956,5,0
2024010510148,2024,010510148,4,7,2,1,-1,-1,3,0,0,1,0,0,9,9,E01004761,3,1,0,1,1,0
2024010511885,2024,010511885,1,1,2,2,91,11,3,0,0,1,0,0,9,4,E01003731,3,1,0,1,2,0
2024010532087,2024,010532087,1,1,1,1,66,10,3,0,0,0,0,0,9,9,E01031004,3,1,0,1,4,0
2024101403124,2024,101403124,2,1,1,1,28,6,3,0,0,0,0,0,9,1,E01008858,3,1,0,1,1,0
2024131486021,2024,131486021,1,1,1,2,74,10,3,0,0,0,0,0,9,1,E01007318,3,1,0,1,4,0
2024201515563,2024,201515563,1,1,1,1,57,9,3,0,0,0,0,0,9,5,E01032328,3,1,0,1,4,0
2024231447100,2024,231447100,3,1,1,1,36,7,3,0,0,0,0,0,9,4,E01031087,3,1,0,1,2,0
2024340NN1682,2024,340NN1682,2,2,1,2,39,7,3,0,0,0,0,0,9,7,E01027043,3,1,0,1,1,0
2024451527676,2024,451527676,2,1,1,1,35,6,3,0,0,0,0,0,9,10,E01030876,3,1,0,1,4,0
2024522401629,2024,522401629,1,1,1,1,28,6,3,0,0,0,0,0,9,4,E01015020,-1,0,0.07369,0.92631,1,0
2024991402731,2024,991402731,2,3,2,1,27,6,3,0,0,1,0,0,9,6,-1,3,1,0,1,1,0
2024010489809,2024,010489809,1,1,1,2,35,6,3,0,0,0,0,0,9,7,E01004164,3,1,0,1,1,0
2024010494018,2024,010494018,1,1,1,2,58,9,3,0,0,0,0,0,9,4,E01033745,3,1,0,1,2,0
2024010518288,2024,010518288,1,1,1,1,24,5,3,0,0,0,0,0,9,9,E01003744,3,1,0,1,3,0
2024010545564,2024,010545564,1,1,1,1,42,7,2,0,0,0,0,0,9,4,E01002591,7,1,1,0,1,0
2024131509624,2024,131509624,1,1,1,1,55,8,3,0,0,0,0,0,9,3,-1,3,1,0,1,5,0
2024141515816,2024,141515816,2,1,1,2,72,10,3,0,0,0,0,0,9,2,E01026378,3,1,0,1,3,0
2024351469098,2024,351469098,2,4,2,1,36,7,2,0,0,1,0,0,9,1,E01009505,7,1,1,0,5,0
2024421475539,2024,421475539,1,1,1,2,44,7,2,0,0,0,0,0,9,10,E01023512,7,1,1,0,2,0
2024440504770,2024,440504770,1,1,1,2,27,6,3,0,0,0,0,0,9,5,E01016371,-1,0,0,1,4,0
2024501398263,2024,501398263,1,1,1,2,85,11,3,0,0,0,0,0,9,6,E01019003,3,1,0,1,4,0
2024531430698,2024,531430698,2,3,2,1,22,5,3,0,0,2,0,0,9,4,E01022241,3,1,0,1,4,0
2024531502272,2024,531502272,1,1,1,2,62,9,3,0,0,0,0,0,9,7,E01034784,3,1,0,1,4,0
2024991408683,2024,991408683,1,1,1,1,44,7,2,0,0,0,0,0,9,-1,-1,7,1,1,0,-1,0
2024440103598,2024,440103598,1,1,1,1,47,8,3,0,0,0,0,0,1,7,E01022532,-1,0,0,1,4,0
2024010537998,2024,010537998,1,1,1,1,36,7,3,0,0,0,0,0,10,3,E01034608,3,1,0,1,1,0
2024461451717,2024,461451717,1,1,1,1,43,7,3,0,0,0,0,0,5,10,E01032827,3,1,0,1,4,0
2024010527947,2024,010527947,1,1,3,2,54,8,2,5,1,0,0,0,0,3,E01000955,-1,0,1,0,1,0
2024131411146,2024,131411146,1,1,3,1,38,7,3,4,2,0,0,-1,0,4,E01010637,3,1,0,1,1,0
2024440039751,2024,440039751,1,1,3,1,9,2,3,5,1,0,0,0,0,7,E01023171,-1,0,0,1,1,0
2024010525063,2024,010525063,1,1,1,2,59,9,3,0,0,0,0,0,1,5,E01003654,3,1,0,1,1,0
2024010548650,2024,010548650,1,1,1,1,47,8,3,0,0,0,0,0,1,8,E01004500,3,1,0,1,1,0
2024221399342,2024,221399342,2,1,1,1,26,6,3,0,0,0,0,0,1,3,E01032157,3,1,0,1,1,0
2024991507726,2024,991507726,2,1,1,1,57,9,2,0,0,0,0,0,1,1,-1,7,1,1,0,2,0
2024010497561,2024,010497561,1,1,1,1,32,6,3,0,0,0,0,0,3,2,E01000798,3,1,0,1,3,0
2024201441969,2024,201441969,2,3,2,2,21,5,3,0,0,2,0,0,8,5,E01009774,3,1,0,1,3,0
2024101444783,2024,101444783,2,1,1,2,42,7,3,0,0,0,0,0,9,9,E01008238,3,1,0,1,1,0
2024131474063,2024,131474063,2,2,2,1,3,1,3,0,0,2,0,0,9,4,E01010795,3,1,0,1,2,0
2024302401740,2024,302401740,1,1,2,2,21,5,2,0,0,1,0,0,9,4,E01003626,-1,0,1,0,5,0
2024430538374,2024,430538374,2,1,1,2,67,10,3,0,0,0,0,0,9,9,E01016691,-1,0,0.03083,0.96917,1,0
2024461415510,2024,461415510,2,3,2,1,32,6,3,0,0,0,0,0,9,5,E01003213,3,1,0,1,4,0
2024471492311,2024,471492311,2,2,1,1,61,9,3,0,0,0,0,0,9,5,E01021008,3,1,0,1,4,0
2024501434530,2024,501434530,2,1,1,2,74,10,2,0,0,0,0,0,9,6,E01034375,5,1,1,0,5,0
2024522402519,2024,522402519,2,6,2,1,19,4,3,0,0,2,0,0,9,4,E01014527,-1,0,0.04159,0.95841,1,0
2024991425929,2024,991425929,1,3,2,2,45,7,3,0,0,1,0,0,9,3,-1,3,1,0,1,2,0
2024991451818,2024,991451818,1,1,1,1,26,6,3,0,0,0,0,0,9,4,-1,3,1,0,1,4,0
2024010505078,2024,010505078,1,1,1,1,23,5,3,0,0,0,0,0,19,3,E01002608,3,1,0,1,3,0
2024991484851,2024,991484851,2,3,1,2,39,7,3,0,0,0,0,0,19,9,-1,3,1,0,1,4,0
2024451498348,2024,451498348,1,1,1,1,27,6,3,0,0,0,0,0,98,5,E01026132,3,1,0,1,5,0
2024070206636,2024,070206636,1,1,2,2,3,1,3,0,0,2,0,0,9,-1,-1,-1,0,0.0467,0.9533,-1,0
2024131512689,2024,131512689,2,1,1,1,30,6,3,0,0,0,0,0,9,3,E01008631,3,1,0,1,5,0
2024221476034,2024,221476034,2,4,2,1,25,5,3,0,0,2,0,0,9,10,E01014181,3,1,0,1,4,0
2024411490018,2024,411490018,1,1,1,1,68,10,3,0,0,0,0,0,9,4,E01023864,3,1,0,1,1,0
2024471469377,2024,471469377,1,1,1,2,47,8,3,0,0,0,0,0,9,10,E01031681,3,1,0,1,3,0
2024010514267,2024,010514267,1,1,1,2,22,5,3,0,0,0,0,0,1,-1,-1,3,1,0,1,-1,0
2024221405118,2024,221405118,2,1,1,1,52,8,3,0,0,0,0,0,1,9,E01032337,3,1,0,1,1,0
2024010492998,2024,010492998,1,1,1,1,-1,-1,3,0,0,0,0,0,22,6,E01002531,3,1,0,1,1,0
2024010530843,2024,010530843,2,1,1,1,34,6,3,0,0,0,0,0,3,2,E01001202,3,1,0,1,2,0
2024010502185,2024,010502185,1,1,1,1,61,9,3,0,0,0,0,0,4,8,E01024845,3,1,0,1,4,0
2024430556151,2024,430556151,2,1,1,1,46,8,3,0,0,0,0,0,8,5,E01017856,-1,0,0.01934,0.98066,2,0
2024010503848,2024,010503848,1,1,2,-1,-1,-1,3,0,0,1,0,0,9,6,E01017592,3,1,0,1,4,0
2024010513227,2024,010513227,1,1,1,2,27,6,3,0,0,0,0,0,9,4,E01003448,3,1,0,1,1,0
2024031499045,2024,031499045,2,1,2,2,19,4,3,0,0,1,0,0,9,4,E01019364,3,1,0,1,3,0
202417M212224,2024,17M212224,1,1,1,2,23,5,3,0,0,0,0,0,9,7,E01012007,3,1,0,1,1,0
2024201533753,2024,201533753,2,7,2,2,12,3,3,0,0,2,0,0,9,8,E01013783,3,1,0,1,4,0
2024231447100,2024,231447100,4,2,2,2,34,6,3,0,0,1,0,0,9,4,E01031087,3,1,0,1,2,0
2024430034916,2024,430034916,1,1,1,2,68,10,2,0,0,0,0,0,9,8,E01028562,-1,0,1,0,1,0
2024461530215,2024,461530215,2,1,2,2,50,8,3,0,0,1,0,0,9,5,E01000379,3,1,0,1,4,0
2024991442643,2024,991442643,2,1,1,1,42,7,3,0,0,0,0,0,9,3,E01008163,3,1,0,1,5,0
2024991528480,2024,991528480,2,1,2,2,30,6,3,0,0,2,0,0,9,1,-1,3,1,0,1,1,0
2024010525011,2024,010525011,2,1,1,2,42,7,3,0,0,0,0,0,1,4,E01000608,3,1,0,1,1,0
2024522401317,2024,522401317,1,1,1,1,18,4,3,0,0,0,0,0,3,2,E01014526,-1,0,0.25407,0.74593,1,0
2024430471844,2024,430471844,1,1,3,1,66,10,2,9,5,0,0,0,0,1,E01016372,-1,0,1,0,1,0
2024311472626,2024,311472626,2,2,1,1,57,9,3,0,0,0,0,0,19,-1,-1,3,1,0,1,-1,0
2024041424487,2024,041424487,2,1,1,1,32,6,3,0,0,0,0,0,1,-1,-1,3,1,0,1,-1,0
2024991468729,2024,991468729,1,1,1,1,76,11,2,0,0,0,0,0,1,8,-1,6,1,1,0,1,0
2024421530028,2024,421530028,1,1,1,1,17,4,3,0,0,0,0,0,2,6,E01021971,3,1,0,1,1,0
2024361415599,2024,361415599,2,1,1,2,19,4,2,0,0,0,0,0,3,9,E01026448,6,1,1,0,4,0
2024052400397,2024,052400397,1,1,1,1,44,7,2,0,0,0,0,0,9,3,E01007083,-1,0,1,0,4,0
2024122400247,2024,122400247,1,1,1,2,58,9,3,0,0,0,0,0,9,8,E01027875,-1,0,0.01491,0.98509,2,0
2024161429575,2024,161429575,1,1,1,1,22,5,3,0,0,0,0,0,9,9,E01013293,3,1,0,1,2,0
2024340WN4552,2024,340WN4552,2,2,1,2,28,6,3,0,0,0,0,0,9,8,E01009559,3,1,0,1,4,0
2024361429262,2024,361429262,2,1,1,2,23,5,3,0,0,0,0,0,9,7,E01026456,3,1,0,1,3,0
2024411502311,2024,411502311,2,2,2,1,-1,-1,3,0,0,1,0,0,9,2,E01035570,3,1,0,1,4,0
2024421495957,2024,421495957,2,1,1,1,38,7,3,0,0,0,0,0,9,7,E01035167,3,1,0,1,1,0
2024440036201,2024,440036201,2,3,2,1,13,3,3,0,0,1,0,0,9,5,E01017028,-1,0,0,1,2,0
2024451517570,2024,451517570,1,1,1,2,49,8,3,0,0,0,0,0,9,8,E01030865,3,1,0,1,1,0
2024471517906,2024,471517906,1,1,1,2,51,8,3,0,0,0,0,0,9,8,E01021232,3,1,0,1,1,0
2024501454899,2024,501454899,2,1,1,2,27,6,3,0,0,0,0,0,9,4,E01018994,3,1,0,1,1,0
2024471497237,2024,471497237,1,1,1,1,44,7,3,0,0,0,0,0,19,2,E01016918,3,1,0,1,4,0
2024010535510,2024,010535510,2,2,1,1,59,9,3,0,0,0,0,0,9,-1,-1,3,1,0,1,-1,0
2024010544000,2024,010544000,1,1,1,2,44,7,3,0,0,0,0,0,9,2,E01001482,3,1,0,1,1,0
2024041411675,2024,041411675,2,1,1,1,35,6,3,0,0,0,0,0,9,6,E01025593,3,1,0,1,2,0
2024041512475,2024,041512475,2,1,1,2,29,6,3,0,0,0,0,0,9,9,E01025519,3,1,0,1,4,0
2024101411723,2024,101411723,2,3,2,1,6,2,3,0,0,2,0,0,9,-1,-1,3,1,0,1,-1,0
2024221469346,2024,221469346,1,2,1,2,59,9,2,0,0,0,0,0,9,8,E01028883,7,1,1,0,3,0
2024231490472,2024,231490472,1,1,1,1,76,11,3,0,0,0,0,0,9,10,E01031214,3,1,0,1,1,0
2024361417886,2024,361417886,2,1,1,2,40,7,3,0,0,0,0,0,9,5,E01026718,3,1,0,1,2,0
2024401545136,2024,401545136,1,1,1,1,34,6,3,0,0,0,0,0,9,5,E01034428,3,1,0,1,3,0
2024451432024,2024,451432024,3,2,2,1,74,10,3,0,0,1,0,0,9,9,E01000753,3,1,0,1,3,0
2024461451045,2024,461451045,2,3,1,1,61,9,3,0,0,0,0,0,9,3,E01024641,3,1,0,1,4,0
2024010504205,2024,010504205,2,1,1,1,31,6,3,0,0,0,0,0,1,-1,-1,3,1,0,1,-1,0
2024041512477,2024,041512477,2,1,1,1,46,8,2,0,0,0,0,0,23,1,E01012704,7,1,1,0,1,0
2024401477242,2024,401477242,1,1,1,1,62,9,3,0,0,0,0,0,20,3,E01017433,3,1,0,1,3,0
2024201456560,2024,201456560,1,1,1,1,18,4,3,0,0,0,0,0,4,1,E01033888,3,1,0,1,1,0
2024501404523,2024,501404523,2,1,1,1,33,6,3,0,0,0,0,0,5,4,E01018918,3,1,0,1,1,0
2024131477555,2024,131477555,1,1,3,2,26,6,2,1,3,0,0,-1,0,4,E01011924,5,1,1,0,3,0
2024070257646,2024,070257646,2,1,1,1,52,8,3,0,0,0,0,0,9,7,E01025417,-1,0,0.07725,0.92275,4,0
2024451502639,2024,451502639,1,1,1,2,19,4,3,0,0,0,0,0,9,9,E01023134,3,1,0,1,3,0
2024010529724,2024,010529724,1,1,1,2,26,6,2,0,0,0,0,0,1,5,E01002083,7,1,1,0,1,0
2024161411540,2024,161411540,1,1,1,1,42,7,2,0,0,0,0,0,3,8,E01013037,6,1,1,0,1,0
2024010508579,2024,010508579,1,1,3,2,77,11,3,4,3,0,0,0,0,3,E01000579,3,1,0,1,1,0
2024010549692,2024,010549692,1,1,3,1,48,8,3,5,3,0,0,0,0,10,E01030966,3,1,0,1,4,0
2024552400981,2024,552400981,1,1,3,1,35,6,3,6,9,0,0,0,0,6,E01015349,-1,0,0.10888,0.89112,1,0
2024010521591,2024,010521591,1,1,3,2,56,9,3,4,1,0,0,2,0,4,E01000621,3,1,0,1,3,0
2024070324236,2024,070324236,1,1,3,2,52,8,1,9,7,0,0,0,0,1,E01014336,-1,0,0,0,4,0
2024010513103,2024,010513103,2,1,1,-1,-1,-1,3,0,0,0,0,0,1,-1,-1,3,1,0,1,-1,0
2024010494018,2024,010494018,1,3,2,1,27,6,3,0,0,9,0,0,9,4,E01033745,3,1,0,1,2,0
2024041428668,2024,041428668,1,1,1,2,52,8,3,0,0,0,0,0,9,7,E01024905,3,1,0,1,1,0
2024991458542,2024,991458542,1,1,1,1,26,6,2,0,0,0,0,0,20,6,-1,6,1,1,0,1,0
2024041411675,2024,041411675,2,2,2,2,35,6,3,0,0,1,0,0,9,6,E01025593,3,1,0,1,2,0
2024052401805,2024,052401805,2,1,1,2,24,5,3,0,0,0,0,0,9,1,E01006703,-1,0,0.0342,0.9658,1,0
2024131464400,2024,131464400,1,4,2,1,17,4,2,0,0,1,0,0,9,-1,-1,7,1,1,0,-1,0
2024440036484,2024,440036484,2,2,1,1,35,6,3,0,0,0,0,0,9,8,E01016221,-1,0,0,1,4,0
2024440324724,2024,440324724,2,1,1,1,73,10,3,0,0,0,0,0,9,6,E01022597,-1,0,0,1,4,0
2024991415139,2024,991415139,3,2,1,1,59,9,3,0,0,0,0,0,9,9,-1,3,1,0,1,3,0
2024991418380,2024,991418380,2,1,1,2,49,8,3,0,0,0,0,0,9,7,-1,3,1,0,1,1,0
2024061486598,2024,061486598,1,1,1,1,56,9,2,0,0,0,0,0,1,-1,-1,5,1,1,0,-1,0
2024430073648,2024,430073648,2,1,1,2,36,7,3,0,0,0,0,0,1,8,E01028510,-1,0,0.0119,0.9881,1,0
2024471420479,2024,471420479,2,1,1,1,32,6,3,0,0,0,0,0,1,5,E01031529,3,1,0,1,1,0
2024531466291,2024,531466291,1,1,1,1,31,6,3,0,0,0,0,0,3,4,E01022331,3,1,0,1,2,0
2024351401581,2024,351401581,1,1,1,1,21,5,2,0,0,0,0,0,2,8,E01018274,5,1,1,0,1,0
202460Q026033,2024,60Q026033,1,1,3,1,86,11,2,6,8,0,0,0,0,-1,-1,-1,0,1,0,-1,0
2024010521702,2024,010521702,2,1,1,1,46,8,3,0,0,0,0,0,33,8,E01001300,3,1,0,1,1,1
2024061447980,2024,061447980,3,1,1,1,36,7,3,0,0,0,0,0,19,4,E01025335,3,1,0,1,4,0
2024411495307,2024,411495307,1,1,1,1,41,7,3,0,0,0,0,0,19,3,E01015730,3,1,0,1,3,0
2024631441508,2024,631441508,2,2,2,2,29,6,3,0,0,1,0,0,19,4,W01000536,3,1,0,1,1,0
2024991458542,2024,991458542,2,3,2,1,40,7,2,0,0,0,0,0,19,-1,-1,5,1,1,0,-1,0
2024010496912,2024,010496912,1,1,2,1,34,6,3,0,0,1,0,0,9,3,E01003768,3,1,0,1,3,0
2024041413053,2024,041413053,2,2,1,1,62,9,3,0,0,0,0,0,9,2,E01012662,3,1,0,1,2,0
2024041443497,2024,041443497,2,2,2,2,11,3,3,0,0,1,0,0,9,4,E01025556,3,1,0,1,1,0
2024131487639,2024,131487639,2,1,1,2,56,9,3,0,0,0,0,0,9,4,E01010678,3,1,0,1,1,0
2024131495958,2024,131495958,2,1,1,1,26,6,3,0,0,0,0,0,9,1,E01010808,3,1,0,1,1,0
2024141519443,2024,141519443,1,1,1,2,69,10,3,0,0,0,0,0,9,2,E01007494,3,1,0,1,1,0
2024440482419,2024,440482419,2,2,1,1,66,10,3,0,0,0,0,0,9,10,E01023052,-1,0,0,1,1,0
2024501431000,2024,501431000,2,2,1,2,78,11,3,0,0,0,0,0,9,3,E01018925,3,1,0,1,2,0
2024991490004,2024,991490004,1,1,1,1,20,4,3,0,0,0,0,0,9,5,-1,3,1,0,1,4,0
2024991495654,2024,991495654,2,1,1,1,67,10,2,0,0,0,0,0,9,8,-1,7,1,1,0,5,0
2024501520762,2024,501520762,3,2,1,1,36,7,2,0,0,0,0,0,20,3,E01018974,7,1,1,0,3,0
2024010498005,2024,010498005,2,1,1,1,58,9,3,0,0,0,0,0,3,9,E01003794,3,1,0,1,2,0
2024991524163,2024,991524163,1,1,1,1,25,5,3,0,0,0,0,0,19,1,E01013885,3,1,0,1,5,0
2024411565809,2024,411565809,1,1,3,1,83,11,3,5,1,0,0,-1,0,6,E01023598,3,1,0,1,1,0
2024010518902,2024,010518902,1,1,1,1,35,6,2,0,0,0,0,0,1,5,E01033099,7,1,1,0,1,0
2024061486448,2024,061486448,1,1,1,1,21,5,3,0,0,0,0,0,1,7,E01006169,3,1,0,1,1,0
2024543736224,2024,543736224,2,1,1,1,54,8,3,0,0,0,0,0,1,10,E01022884,-1,0,0.09341,0.90659,4,0
2024010487684,2024,010487684,1,2,1,1,27,6,3,0,0,0,0,0,9,4,E01001646,3,1,0,1,2,0
2024201533753,2024,201533753,3,3,2,1,14,3,3,0,0,1,0,0,9,5,E01013493,3,1,0,1,4,0
2024311490555,2024,311490555,2,1,1,2,32,6,3,0,0,0,0,0,9,-1,-1,3,1,0,1,-1,0
2024351415418,2024,351415418,2,2,2,2,19,4,3,0,0,2,0,0,9,7,E01026240,3,1,0,1,3,0
2024991402731,2024,991402731,1,2,2,1,49,8,3,0,0,1,0,0,9,2,-1,3,1,0,1,1,0
2024010538480,2024,010538480,2,1,1,1,23,5,3,0,0,0,0,0,1,5,E01002785,3,1,0,1,1,0
2024461492683,2024,461492683,1,1,1,1,32,6,2,0,0,0,0,0,3,1,E01024657,7,1,1,0,1,0
2024430339109,2024,430339109,2,1,1,1,44,7,3,0,0,0,0,0,5,10,E01016706,-1,0,0.09136,0.90864,1,0
2024461483052,2024,461483052,1,1,1,1,44,7,3,0,0,0,0,0,5,7,E01024846,3,1,0,1,1,0
2024131529754,2024,131529754,2,1,1,2,47,8,3,0,0,0,0,0,9,1,E01011472,3,1,0,1,1,0
2024401414588,2024,401414588,2,1,1,1,37,7,3,0,0,0,0,0,9,5,E01016566,3,1,0,1,4,0
2024451412669,2024,451412669,3,1,1,2,43,7,3,0,0,0,0,0,9,8,E01030697,3,1,0,1,3,0
2024451439390,2024,451439390,1,1,2,1,1,1,3,0,0,2,0,0,9,5,E01002611,3,1,0,1,4,0
2024501502143,2024,501502143,1,2,2,2,69,10,3,0,0,2,0,0,9,7,E01015068,3,1,0,1,1,0
2024631460061,2024,631460061,3,2,1,1,66,10,3,0,0,0,0,0,9,1,E01010421,3,1,0,1,4,0
2024010490740,2024,010490740,1,1,1,2,29,6,3,0,0,0,0,0,9,7,E01030755,3,1,0,1,1,0
2024010534784,2024,010534784,1,1,1,1,66,10,3,0,0,0,0,0,9,5,E01033446,3,1,0,1,4,0
2024041430649,2024,041430649,2,1,1,1,26,6,3,0,0,0,0,0,9,4,E01010664,3,1,0,1,4,0
2024161414745,2024,161414745,1,1,1,2,41,7,3,0,0,0,0,0,9,9,E01007624,3,1,0,1,4,0
2024221476034,2024,221476034,2,2,2,2,49,8,3,0,0,1,0,0,9,10,E01014181,3,1,0,1,4,0
2024340WN0322,2024,340WN0322,1,1,1,2,55,8,3,0,0,0,0,0,9,-1,-1,3,1,0,1,-1,0
2024991402731,2024,991402731,2,1,1,2,28,6,3,0,0,0,0,0,9,6,-1,3,1,0,1,1,0
2024201434215,2024,201434215,1,1,1,1,32,6,3,0,0,0,0,0,3,2,E01008944,3,1,0,1,2,0
2024471402313,2024,471402313,2,1,1,1,17,4,3,0,0,0,0,0,3,9,E01030821,3,1,0,1,2,0
2024991409995,2024,991409995,2,1,1,2,18,4,2,0,0,0,0,0,2,2,-1,7,1,1,0,1,0
2024070139839,2024,070139839,2,1,1,1,62,9,2,0,0,0,0,0,5,6,E01007286,-1,0,1,0,2,0
2024451430877,2024,451430877,2,1,1,1,59,9,3,0,0,0,0,0,5,4,E01030824,3,1,0,1,1,0
2024010507922,2024,010507922,1,1,3,2,77,11,2,5,1,0,0,0,0,3,E01000523,7,1,1,0,1,0
2024461485821,2024,461485821,1,1,1,1,33,6,3,0,0,0,0,0,8,5,E01024594,3,1,0,1,2,0
2024052402559,2024,052402559,1,1,2,1,34,6,3,0,0,0,4,0,11,1,E01006779,-1,0,0.06391,0.93609,1,0
2024122400917,2024,122400917,1,1,1,2,82,11,3,0,0,0,0,0,9,9,E01027879,-1,0,0.07615,0.92385,1,0
2024451434254,2024,451434254,1,1,1,1,48,8,3,0,0,0,0,0,9,10,E01030372,3,1,0,1,2,0
2024520402749,2024,520402749,1,1,1,2,30,6,2,0,0,0,0,0,9,6,E01020074,-1,0,1,0,1,0
2024010494797,2024,010494797,2,1,1,1,18,4,3,0,0,0,0,0,1,4,E01004571,3,1,0,1,1,0
2024070802744,2024,070802744,2,1,1,1,24,5,2,0,0,0,0,0,1,3,E01018482,7,1,1,0,1,0
2024010542913,2024,010542913,2,1,1,1,35,6,3,0,0,0,0,0,3,2,E01000102,3,1,0,1,2,0
2024201474306,2024,201474306,2,2,3,1,29,6,3,8,2,0,0,-1,0,3,E01009864,3,1,0,1,1,0
2024101517453,2024,101517453,1,1,1,1,41,7,3,0,0,0,0,0,9,2,E01008813,3,1,0,1,1,0
2024201524168,2024,201524168,2,1,1,2,47,8,3,0,0,0,0,0,9,1,E01034949,3,1,0,1,1,0
2024211523388,2024,211523388,1,1,1,1,44,7,2,0,0,0,0,0,9,1,E01009019,7,1,1,0,4,0
2024340WN5432,2024,340WN5432,2,4,2,1,38,7,3,0,0,2,0,0,9,1,E01005569,3,1,0,1,5,0
2024361492935,2024,361492935,2,2,2,1,31,6,3,0,0,1,0,0,9,2,E01018063,3,1,0,1,4,0
2024522402039,2024,522402039,2,2,1,2,37,7,2,0,0,0,0,0,9,7,E01015022,-1,0,1,0,1,0
2024010534314,2024,010534314,2,1,1,1,24,5,3,0,0,0,0,0,1,-1,-1,3,1,0,1,-1,0
2024010506666,2024,010506666,1,1,1,1,24,5,3,0,0,0,0,0,3,3,E01002401,3,1,0,1,3,0
2024201500321,2024,201500321,2,1,1,1,24,5,2,0,0,0,0,0,3,-1,-1,7,1,1,0,-1,0
2024010524757,2024,010524757,1,1,1,1,32,6,2,0,0,0,0,0,4,6,E01000376,7,1,1,0,4,0
2024010514970,2024,010514970,1,1,2,1,30,6,3,0,0,2,0,0,8,2,E01033148,3,1,0,1,1,0
2024010491155,2024,010491155,1,1,1,1,31,6,3,0,0,0,0,0,19,5,E01003743,3,1,0,1,1,0
2024471481497,2024,471481497,2,2,1,1,59,9,3,0,0,0,0,0,19,6,E01024763,3,1,0,1,4,0
2024430539579,2024,430539579,1,1,3,1,32,6,2,5,1,0,0,0,0,9,E01017635,-1,0,1,0,1,0
2024010512506,2024,010512506,1,1,1,2,35,6,3,0,0,0,0,0,9,6,E01001266,3,1,0,1,1,0
2024201494693,2024,201494693,2,1,1,1,21,5,3,0,0,0,0,0,9,2,E01010038,3,1,0,1,3,0
2024471418860,2024,471418860,1,1,1,1,43,7,3,0,0,0,0,0,9,3,E01021122,3,1,0,1,2,0
2024543356724,2024,543356724,1,1,1,1,49,8,2,0,0,0,0,0,9,9,E01031847,-1,0,1,0,1,0
2024031471063,2024,031471063,2,3,2,2,13,3,3,0,0,1,0,0,9,-1,-1,3,1,0,1,-1,0
2024201421382,2024,201421382,1,1,1,1,56,9,3,0,0,0,0,0,9,7,E01009427,3,1,0,1,1,0
2024311423032,2024,311423032,2,1,1,2,17,4,3,0,0,0,0,0,9,6,E01028242,3,1,0,1,1,0
2024340NN1892,2024,340NN1892,2,1,1,1,32,6,3,0,0,0,0,0,9,3,E01025706,3,1,0,1,4,0
2024401411547,2024,401411547,1,1,1,2,28,6,3,0,0,0,0,0,9,6,E01023413,3,1,0,1,4,0
2024430362976,2024,430362976,1,2,2,1,-1,-1,3,0,0,1,0,0,9,-1,-1,-1,0,0.00141,0.99859,-1,0
2024461479240,2024,461479240,5,1,1,1,56,9,3,0,0,0,0,0,9,8,E01001390,3,1,0,1,5,0
2024991525214,2024,991525214,2,4,2,2,21,5,3,0,0,2,0,0,9,7,-1,3,1,0,1,4,0
2024221420201,2024,221420201,1,1,3,1,43,7,3,9,8,0,0,-1,0,9,E01032477,3,1,0,1,1,0
2024340NN0882,2024,340NN0882,1,1,3,1,54,8,3,8,5,0,0,-1,0,-1,-1,3,1,0,1,-1,0
2024070849757,2024,070849757,2,1,1,1,36,7,3,0,0,0,0,0,19,4,E01029537,3,1,0,1,4,0
2024010532087,2024,010532087,1,2,2,2,46,8,3,0,0,1,0,0,9,9,E01031004,3,1,0,1,4,0
2024041485785,2024,041485785,2,2,1,1,28,6,3,0,0,0,0,0,9,8,E01024956,3,1,0,1,2,0
2024061410048,2024,061410048,1,1,1,1,19,4,3,0,0,0,0,0,9,3,E01005332,3,1,0,1,2,0
2024141400712,2024,141400712,1,1,1,1,20,4,3,0,0,0,0,0,9,-1,-1,3,1,0,1,-1,0
2024430362976,2024,430362976,1,1,1,1,45,7,3,0,0,0,0,0,9,10,E01016243,-1,0,0.00188,0.99812,3,0
2024451527676,2024,451527676,3,3,1,2,27,6,3,0,0,0,0,0,9,8,E01003417,3,1,0,1,3,0
2024461526436,2024,461526436,2,2,1,2,52,8,3,0,0,0,0,0,9,9,E01024256,3,1,0,1,2,0
2024010494347,2024,010494347,2,1,1,1,42,7,2,0,0,0,0,0,1,2,E01033455,7,1,1,0,1,0
2024332401075,2024,332401075,2,1,1,1,15,3,3,0,0,0,0,0,1,3,E01025987,3,1,0,1,1,0
2024340NN4122,2024,340NN4122,1,1,3,1,25,5,3,8,1,0,0,-1,0,2,E01014278,3,1,0,1,5,0
2024211439365,2024,211439365,1,1,1,1,35,6,3,0,0,0,0,0,4,5,E01014335,3,1,0,1,1,0
2024401431819,2024,401431819,2,1,1,1,28,6,3,0,0,0,0,0,8,3,E01015781,3,1,0,1,1,0
2024131474063,2024,131474063,2,1,1,2,25,5,3,0,0,0,0,0,9,4,E01010795,3,1,0,1,2,0
2024161415564,2024,161415564,1,1,1,1,92,11,3,0,0,0,0,0,9,10,E01013054,3,1,0,1,1,0
2024302401422,2024,302401422,1,1,2,1,19,4,3,0,0,2,0,0,9,1,E01034403,-1,0,0.03183,0.96817,5,0
2024440170821,2024,440170821,1,1,1,1,57,9,3,0,0,0,0,0,9,1,E01017155,-1,0,0,1,2,0
2024451422601,2024,451422601,2,1,1,1,44,7,3,0,0,0,0,0,9,6,E01016817,3,1,0,1,5,0
2024541692624,2024,541692624,2,2,2,1,21,5,3,0,0,1,0,0,9,2,E01031983,-1,0,0.00829,0.99171,1,0
2024052400770,2024,052400770,2,1,1,1,30,6,3,0,0,0,0,0,19,8,E01006409,-1,0,0.01848,0.98152,2,0
2024340WN4552,2024,340WN4552,4,4,1,1,57,9,3,0,0,0,0,0,21,9,E01027286,3,1,0,1,3,0
2024421460222,2024,421460222,1,2,1,1,46,8,2,0,0,0,0,0,21,10,E01018155,6,1,1,0,4,0
2024070976470,2024,070976470,1,1,1,2,46,8,3,0,0,0,0,0,9,4,E01012454,3,1,0,1,2,0
2024070976470,2024,070976470,3,3,1,2,58,9,3,0,0,0,0,0,9,10,E01018530,3,1,0,1,4,0
2024201424928,2024,201424928,1,2,2,2,52,8,3,0,0,1,0,0,9,6,E01010132,3,1,0,1,1,0
2024451486925,2024,451486925,1,1,1,1,24,5,3,0,0,0,0,0,9,9,E01030590,3,1,0,1,1,0
2024461415510,2024,461415510,2,4,2,1,31,6,3,0,0,0,0,0,9,4,E01003301,3,1,0,1,4,0
2024471458594,2024,471458594,1,1,3,1,35,6,2,9,5,0,0,-1,0,2,E01031454,5,1,1,0,3,0
2024451494518,2024,451494518,1,1,3,2,26,6,3,8,7,0,0,-1,0,2,E01003337,3,1,0,1,4,0
2024161426177,2024,161426177,1,1,1,1,24,5,2,0,0,0,0,0,3,8,E01035470,7,1,1,0,2,0
2024302400500,2024,302400500,2,1,1,1,66,10,2,0,0,0,0,0,5,9,E01019586,-1,0,1,0,3,0
2024461487797,2024,461487797,2,1,1,1,50,8,3,0,0,0,0,0,5,2,E01016009,3,1,0,1,3,0
2024041468608,2024,041468608,2,2,2,2,67,10,2,0,0,1,0,0,9,4,-1,7,1,1,0,5,0
2024061410048,2024,061410048,1,2,2,1,19,4,2,0,0,1,0,0,9,1,E01005461,7,1,1,0,2,0
2024070218124,2024,070218124,2,2,2,1,42,7,3,0,0,1,0,0,9,9,E01012376,-1,0,0.00518,0.99482,1,0
2024101495902,2024,101495902,1,3,2,2,76,11,3,0,0,1,0,0,9,7,E01008529,3,1,0,1,2,0
2024302401233,2024,302401233,2,1,1,2,33,6,3,0,0,0,0,0,9,2,E01007559,-1,0,0.00835,0.99165,4,0
2024361404123,2024,361404123,2,1,1,2,66,10,3,0,0,0,0,0,9,6,E01034770,3,1,0,1,1,0
2024440351680,2024,440351680,1,1,1,1,76,11,2,0,0,0,0,0,9,8,E01016815,-1,0,0.90906,0.09094,5,0
2024451432024,2024,451432024,3,3,2,2,70,10,3,0,0,2,0,0,9,9,E01000753,3,1,0,1,3,0
2024461414000,2024,461414000,1,3,2,2,16,4,1,0,0,0,0,0,9,7,E01024003,1,1,0,0,4,0
2024471500499,2024,471500499,1,2,2,2,57,9,3,0,0,1,0,0,9,9,E01031532,3,1,0,1,3,0
2024991425929,2024,991425929,2,2,2,2,87,11,3,0,0,1,0,0,9,-1,-1,3,1,0,1,-1,0
2024522402519,2024,522402519,1,1,1,1,34,6,3,0,0,0,0,0,19,10,E01014793,-1,0,0.07794,0.92206,3,0
2024631441508,2024,631441508,2,1,1,1,24,5,3,0,0,0,0,0,19,5,W01000550,3,1,0,1,1,0
2024070889799,2024,070889799,1,1,3,1,36,7,3,10,5,0,0,-1,0,9,E01018419,3,1,0,1,3,0
2024010494215,2024,010494215,1,1,1,1,30,6,3,0,0,0,0,0,1,4,E01032639,3,1,0,1,1,0
2024010497262,2024,010497262,1,1,1,1,21,5,3,0,0,0,0,0,1,4,E01004038,3,1,0,1,1,0
2024010533933,2024,010533933,1,1,1,1,30,6,3,0,0,0,0,0,1,4,E01003406,3,1,0,1,1,0
2024501511419,2024,501511419,2,1,1,1,17,4,3,0,0,0,0,0,3,7,E01015165,3,1,0,1,1,0
2024010546277,2024,010546277,1,1,1,1,32,6,3,0,0,0,0,0,5,10,E01023092,3,1,0,1,4,0
2024111489445,2024,111489445,2,3,2,2,36,7,3,0,0,2,0,0,8,1,E01012341,3,1,0,1,1,0
2024131487680,2024,131487680,2,1,1,2,33,6,3,0,0,0,0,0,9,8,E01011216,3,1,0,1,3,0
2024302401362,2024,302401362,2,1,1,2,55,8,3,0,0,0,0,0,9,4,E01027950,-1,0,0.00463,0.99537,2,0
2024501414358,2024,501414358,1,1,1,1,19,4,3,0,0,0,0,0,9,9,E01019937,3,1,0,1,1,0
2024010517713,2024,010517713,2,2,1,1,23,5,3,0,0,0,0,0,9,2,E01034477,3,1,0,1,2,0
2024101497060,2024,101497060,2,1,1,1,55,8,3,0,0,0,0,0,9,-1,-1,3,1,0,1,-1,0
2024201533650,2024,201533650,2,1,1,1,35,6,3,0,0,0,0,0,9,1,E01010239,3,1,0,1,1,0
2024221476034,2024,221476034,2,1,1,1,52,8,3,0,0,0,0,0,9,10,E01014181,3,1,0,1,4,0
2024340WN4252,2024,340WN4252,1,1,1,2,79,11,3,0,0,0,0,0,9,8,E01027000,3,1,0,1,1,0
2024421411734,2024,421411734,2,1,1,2,55,8,3,0,0,0,0,0,9,6,E01021794,3,1,0,1,1,0
2024461402975,2024,461402975,1,1,1,1,52,8,3,0,0,0,0,0,9,4,E01016115,3,1,0,1,1,0
2024010529098,2024,010529098,2,1,1,1,26,6,2,0,0,0,0,0,5,6,E01004637,7,1,1,0,1,0
2024031493474,2024,031493474,1,1,1,1,60,9,3,0,0,0,0,0,5,6,E01019319,3,1,0,1,3,0
2024010491197,2024,010491197,1,1,3,1,50,8,2,4,3,0,0,0,0,3,E01001466,5,1,1,0,2,0
2024010540900,2024,010540900,1,3,3,1,15,3,3,6,9,0,0,0,0,10,E01014853,3,1,0,1,5,0
202460Q082069,2024,60Q082069,1,1,3,1,27,6,2,8,5,0,0,0,0,-1,-1,-1,0,1,0,-1,0
2024111489445,2024,111489445,2,1,2,1,49,8,3,0,0,2,0,0,8,1,E01012341,3,1,0,1,1,0
2024010507972,2024,010507972,1,1,3,2,27,6,3,1,9,0,0,0,0,6,E01034579,3,1,0,1,1,0
2024991535723,2024,991535723,1,1,3,2,32,6,3,5,1,0,0,-1,0,2,-1,3,1,0,1,3,0
2024311471474,2024,311471474,2,1,1,1,41,7,3,0,0,0,0,0,1,-1,-1,3,1,0,1,-1,0
2024451463319,2024,451463319,2,1,1,1,16,4,3,0,0,0,0,0,1,5,E01002590,3,1,0,1,1,0
2024101411723,2024,101411723,2,1,1,2,44,7,3,0,0,0,0,0,9,1,E01008596,3,1,0,1,1,0
2024141475375,2024,141475375,2,4,2,2,6,2,3,0,0,2,0,0,9,9,E01011557,3,1,0,1,4,0
202417M212224,2024,17M212224,1,2,2,2,21,5,3,0,0,1,0,0,9,-1,-1,3,1,0,1,-1,0
2024221476034,2024,221476034,2,3,2,1,21,5,3,0,0,2,0,0,9,10,E01014181,3,1,0,1,4,0
2024302400850,2024,302400850,2,2,2,1,6,2,3,0,0,1,0,0,9,10,E01025914,-1,0,0.00775,0.99225,4,0
2024411493458,2024,411493458,2,1,1,1,25,5,3,0,0,0,0,0,9,3,E01001434,3,1,0,1,3,0
2024440036201,2024,440036201,1,2,2,1,55,8,3,0,0,1,0,0,9,8,E01022762,-1,0,0,1,1,0
2024451486925,2024,451486925,2,2,2,1,15,3,3,0,0,2,0,0,9,8,E01030567,3,1,0,1,1,0
2024451504520,2024,451504520,1,1,1,1,29,6,3,0,0,0,0,0,9,-1,-1,3,1,0,1,-1,0
2024451520972,2024,451520972,1,1,1,2,74,10,2,0,0,0,0,0,9,9,E01030987,5,1,1,0,3,0
2024522402519,2024,522402519,2,5,2,2,19,4,3,0,0,2,0,0,9,1,E01014584,-1,0,0.03987,0.96013,1,0
2024340WN0952,2024,340WN0952,2,2,2,1,32,6,3,0,0,0,0,0,19,-1,-1,3,1,0,1,-1,0
2024991492666,2024,991492666,1,1,2,2,3,1,2,0,0,0,4,0,11,-1,-1,7,1,1,0,-1,0
2024010508983,2024,010508983,1,4,2,-1,-1,-1,3,0,0,2,0,0,9,-1,-1,3,1,0,1,-1,0
2024010516705,2024,010516705,1,1,2,-1,-1,-1,3,0,0,2,0,0,9,3,E01003086,3,1,0,1,1,0
2024010536368,2024,010536368,1,1,1,2,45,7,3,0,0,0,0,0,9,3,E01003151,3,1,0,1,2,0
2024010548580,2024,010548580,2,1,2,2,36,7,3,0,0,2,0,0,9,7,E01002181,3,1,0,1,1,0
2024070257646,2024,070257646,2,2,2,2,52,8,2,0,0,1,0,0,9,7,E01025417,-1,0,1,0,4,0
2024131428463,2024,131428463,2,3,2,2,18,4,3,0,0,2,0,0,9,3,E01011469,3,1,0,1,1,0
2024141420699,2024,141420699,2,1,1,1,80,11,3,0,0,0,0,0,9,10,E01019793,3,1,0,1,3,0
2024201544799,2024,201544799,1,1,1,1,36,7,2,0,0,0,0,0,9,2,E01009790,6,1,1,0,1,0
2024451486958,2024,451486958,1,1,1,1,42,7,3,0,0,0,0,0,9,8,E01030859,3,1,0,1,2,0
2024451494640,2024,451494640,3,2,2,2,41,7,2,0,0,2,0,0,9,-1,-1,6,1,1,0,-1,0
2024461469413,2024,461469413,2,2,2,2,21,5,2,0,0,1,0,0,9,7,E01035011,5,1,1,0,2,0
2024631430255,2024,631430255,3,1,1,2,62,9,3,0,0,0,0,0,9,8,W01001542,3,1,0,1,5,0
2024221443347,2024,221443347,2,1,1,1,79,11,2,0,0,0,0,0,1,6,E01009069,5,1,1,0,3,0
2024010506796,2024,010506796,2,1,1,1,19,4,3,0,0,0,0,0,3,1,E01000596,3,1,0,1,2,0
2024010523353,2024,010523353,2,1,1,1,28,6,3,0,0,0,0,0,3,6,E01001964,3,1,0,1,1,0
2024010501084,2024,010501084,1,1,3,2,79,11,3,1,1,0,0,0,0,5,E01000928,3,1,0,1,1,0
2024010515314,2024,010515314,1,1,3,1,29,6,3,1,1,0,0,0,0,8,E01001580,3,1,0,1,3,0
2024010518915,2024,010518915,1,1,3,1,23,5,3,5,1,0,0,0,0,2,E01000040,3,1,0,1,3,0
2024461496552,2024,461496552,1,1,3,2,29,6,2,8,8,0,0,-1,0,4,E01024281,7,1,1,0,2,0
2024991458542,2024,991458542,2,2,1,1,36,7,3,0,0,0,0,0,19,-1,-1,3,1,0,1,-1,0
2024430298200,2024,430298200,1,1,3,2,36,7,3,5,3,0,0,0,0,5,E01028633,-1,0,0.01764,0.98236,3,0
2024430584111,2024,430584111,1,1,3,2,31,6,3,4,3,0,0,0,0,7,E01028725,-1,0,0.04594,0.95406,1,0
2024991462339,2024,991462339,1,1,3,1,8,2,3,5,4,0,0,-1,0,2,-1,3,1,0,1,1,0
2024010493194,2024,010493194,1,1,1,2,54,8,3,0,0,0,0,0,1,6,E01002410,3,1,0,1,1,0
2024010541732,2024,010541732,1,1,1,2,53,8,3,0,0,0,0,0,1,5,E01004048,3,1,0,1,1,0
2024471495175,2024,471495175,2,1,1,2,28,6,3,0,0,0,0,0,1,5,E01031806,3,1,0,1,1,0
2024010516691,2024,010516691,1,1,1,1,26,6,3,0,0,0,0,0,3,9,E01000455,3,1,0,1,1,0
2024302401017,2024,302401017,2,1,2,2,22,5,3,0,0,2,0,0,8,4,E01019824,-1,0,0.00347,0.99653,1,0
2024010492466,2024,010492466,1,1,1,2,33,6,3,0,0,0,0,0,9,5,E01002652,3,1,0,1,1,0
2024101411723,2024,101411723,2,2,2,1,49,8,2,0,0,1,0,0,9,1,E01008596,6,1,1,0,1,0
2024351469098,2024,351469098,2,2,1,2,38,7,2,0,0,0,0,0,9,1,E01015664,6,1,1,0,3,0
2024451433005,2024,451433005,2,1,2,1,14,3,3,0,0,1,0,0,9,5,E01002611,3,1,0,1,4,0
2024041404847,2024,041404847,1,1,3,1,-1,-1,3,10,3,0,0,-1,0,-1,-1,3,1,0,1,-1,0
2024041517791,2024,041517791,1,1,3,1,21,5,3,9,5,0,0,-1,0,3,E01025442,3,1,0,1,4,0
2024201414488,2024,201414488,1,1,3,1,29,6,3,5,1,0,0,-1,0,-1,-1,3,1,0,1,-1,0
2024010535247,2024,010535247,1,2,2,2,30,6,2,0,0,1,0,0,9,7,E01002887,7,1,1,0,1,0
2024041485389,2024,041485389,1,1,1,1,39,7,3,0,0,0,0,0,9,2,E01012608,3,1,0,1,1,0
2024122400252,2024,122400252,1,1,1,1,42,7,3,0,0,0,0,0,9,3,E01012943,-1,0,0.02687,0.97313,2,0
2024131491729,2024,131491729,1,1,1,2,29,6,3,0,0,0,0,0,9,1,E01011317,3,1,0,1,1,0
2024211464297,2024,211464297,1,1,1,1,52,8,3,0,0,0,0,0,9,9,E01029799,3,1,0,1,3,0
2024411495307,2024,411495307,2,2,1,1,45,7,3,0,0,0,0,0,9,8,E01023195,3,1,0,1,5,0
2024440333398,2024,440333398,1,2,1,2,42,7,3,0,0,0,0,0,9,10,E01022995,-1,0,0,1,4,0
2024451488945,2024,451488945,1,1,1,2,29,6,3,0,0,0,0,0,9,5,E01022556,3,1,0,1,4,0
2024451494293,2024,451494293,1,1,1,2,36,7,3,0,0,0,0,0,9,6,E01022486,3,1,0,1,4,0
2024461499911,2024,461499911,1,2,2,1,8,2,3,0,0,1,0,0,9,-1,-1,3,1,0,1,-1,0
2024522401084,2024,522401084,2,1,1,1,39,7,3,0,0,0,0,0,9,4,E01035129,-1,0,0.02676,0.97324,4,0
2024531506007,2024,531506007,2,1,2,1,22,5,3,0,0,1,0,0,9,1,E01015932,3,1,0,1,5,0
2024610054424,2024,610054424,2,1,1,2,29,6,2,0,0,1,0,0,9,-1,-1,-1,0,1,0,-1,0
2024622400520,2024,622400520,2,3,2,2,54,8,3,0,0,1,0,0,9,-1,-1,-1,0,0.02895,0.97105,-1,0
2024991467598,2024,991467598,2,1,1,2,42,7,2,0,0,0,0,0,9,-1,-1,7,1,1,0,-1,0
2024061456228,2024,061456228,1,1,1,1,43,7,2,0,0,0,0,0,97,-1,-1,6,1,1,0,-1,0
2024010516326,2024,010516326,1,1,1,1,22,5,3,0,0,0,0,0,9,7,E01029735,3,1,0,1,5,0
2024010521730,2024,010521730,1,1,2,1,5,1,3,0,0,1,0,0,9,4,E01004454,3,1,0,1,3,0
2024101528040,2024,101528040,2,1,1,2,51,8,3,0,0,0,0,0,9,5,E01008629,3,1,0,1,2,0
2024131452273,2024,131452273,2,1,1,2,48,8,3,0,0,0,0,0,9,7,E01010672,3,1,0,1,1,0
2024141431061,2024,141431061,1,1,1,2,40,7,3,0,0,0,0,0,9,1,E01011255,3,1,0,1,4,0
2024161433276,2024,161433276,2,1,1,1,29,6,3,0,0,0,0,0,9,3,E01012943,3,1,0,1,1,0
2024201464127,2024,201464127,1,1,1,1,54,8,3,0,0,0,0,0,9,1,E01009048,3,1,0,1,1,0
2024622400211,2024,622400211,2,1,1,1,55,8,3,0,0,0,0,0,9,-1,-1,-1,0,0.02266,0.97734,-1,0
2024010528350,2024,010528350,2,1,1,1,58,9,3,0,0,0,0,0,1,1,E01001790,3,1,0,1,1,0
2024430414387,2024,430414387,2,1,1,1,40,7,3,0,0,0,0,0,1,8,E01016797,-1,0,0.01958,0.98042,1,0
2024522401714,2024,522401714,1,1,1,1,30,6,3,0,0,0,0,0,1,5,E01033364,-1,0,0.0967,0.9033,1,0
2024061488986,2024,061488986,1,1,1,1,18,4,3,0,0,0,0,0,3,1,E01005190,3,1,0,1,1,0
2024031459686,2024,031459686,1,1,1,1,43,7,3,0,0,0,0,0,4,2,E01019199,3,1,0,1,1,0
2024401491122,2024,401491122,1,1,1,1,42,7,3,0,0,0,0,0,5,9,E01017624,3,1,0,1,1,0
2024461445275,2024,461445275,2,1,1,1,25,5,3,0,0,0,0,0,5,3,E01024695,3,1,0,1,1,0
2024141405064,2024,141405064,2,1,1,1,38,7,3,0,0,0,0,0,19,3,E01007479,3,1,0,1,2,0
2024440439727,2024,440439727,2,1,1,1,37,7,2,0,0,0,0,0,19,5,E01023104,-1,0,0.89427,0.10573,4,0
2024010538112,2024,010538112,1,1,1,1,43,7,3,0,0,0,0,0,9,6,E01001245,3,1,0,1,3,0
2024041454557,2024,041454557,3,2,1,2,42,7,3,0,0,0,0,0,9,4,E01025212,3,1,0,1,1,0
2024052402183,2024,052402183,1,3,2,2,36,7,3,0,0,2,0,0,9,1,E01006289,-1,0,0.10103,0.89897,3,0
2024101447918,2024,101447918,1,1,2,1,25,5,3,0,0,2,0,0,9,9,E01027463,3,1,0,1,4,0
2024101525283,2024,101525283,5,2,1,1,47,8,3,0,0,0,0,0,9,2,E01008377,3,1,0,1,4,0
2024302401344,2024,302401344,3,1,1,1,51,8,3,0,0,0,0,0,9,8,E01029416,-1,0,0.02764,0.97236,1,0
2024052401909,2024,052401909,2,1,1,1,35,6,3,0,0,0,0,0,1,1,E01006967,-1,0,0.07093,0.92907,3,0
2024351420942,2024,351420942,2,1,1,1,48,8,3,0,0,0,0,0,1,6,E01017962,3,1,0,1,1,0
2024451396153,2024,451396153,1,1,1,1,38,7,3,0,0,0,0,0,5,6,E01001016,3,1,0,1,1,0
2024631498163,2024,631498163,1,1,1,1,28,6,2,0,0,0,0,0,5,7,W01000585,5,1,1,0,2,0
2024010495320,2024,010495320,1,1,3,1,38,7,3,10,9,0,0,0,0,2,E01002804,3,1,0,1,1,0
2024010554117,2024,010554117,1,1,3,1,52,8,2,9,9,0,0,1,0,5,E01024382,7,1,1,0,4,0
2024031527402,2024,031527402,1,1,3,1,17,4,3,5,3,0,0,-1,0,3,E01019211,3,1,0,1,1,0
2024522402519,2024,522402519,1,3,2,1,34,6,3,0,0,0,0,0,19,10,E01014793,-1,0,0.06758,0.93242,3,0
2024041513611,2024,041513611,2,2,2,2,21,5,3,0,0,1,0,0,9,10,E01025015,3,1,0,1,1,0
2024070976470,2024,070976470,2,4,2,2,64,9,2,0,0,1,0,0,9,8,E01035389,7,1,1,0,2,0
2024101495902,2024,101495902,2,1,1,1,24,5,3,0,0,0,0,0,9,8,E01008657,3,1,0,1,2,0
2024430082455,2024,430082455,1,1,1,2,23,5,2,0,0,0,0,0,3,10,E01028465,-1,0,1,0,1,0
2024311520849,2024,311520849,2,1,1,1,44,7,3,0,0,0,0,0,33,-1,-1,3,1,0,1,-1,1
2024041415495,2024,041415495,1,1,2,1,17,4,2,0,0,1,0,0,9,8,E01025596,7,1,1,0,1,0
2024131428463,2024,131428463,1,1,2,2,32,6,3,0,0,1,0,0,9,1,E01011312,3,1,0,1,1,0
2024131507110,2024,131507110,2,1,2,2,19,4,3,0,0,1,0,0,9,1,E01026094,3,1,0,1,5,0
2024231489651,2024,231489651,1,1,1,2,22,5,3,0,0,0,0,0,9,7,E01031007,3,1,0,1,1,0
2024231506337,2024,231506337,2,2,1,2,54,8,3,0,0,0,0,0,9,5,E01025818,3,1,0,1,1,0
2024471410742,2024,471410742,1,1,1,1,84,11,2,0,0,0,0,0,9,3,E01031430,5,1,1,0,2,0
2024101468455,2024,101468455,1,1,1,1,48,8,3,0,0,0,0,0,1,-1,-1,3,1,0,1,-1,0
2024440463288,2024,440463288,1,1,1,1,39,7,2,0,0,0,0,0,1,8,E01022423,-1,0,0.94492,0.05508,4,0
2024340WN4552,2024,340WN4552,3,3,1,1,39,7,3,0,0,0,0,0,21,6,E01023751,3,1,0,1,4,0
2024010540082,2024,010540082,1,1,3,2,61,9,2,5,3,0,0,0,0,4,E01003529,7,1,1,0,1,0
2024991438983,2024,991438983,1,1,3,1,62,9,3,9,5,0,0,-1,0,2,-1,3,1,0,1,4,0
2024010531473,2024,010531473,3,1,1,1,44,7,3,0,0,0,0,0,19,2,E01004286,3,1,0,1,2,0
2024201406101,2024,201406101,1,1,3,1,21,5,3,6,9,0,0,-1,0,8,E01009472,3,1,0,1,2,0
2024010505997,2024,010505997,2,1,1,1,53,8,3,0,0,0,0,0,1,7,E01003152,3,1,0,1,3,0
2024451485782,2024,451485782,1,1,1,1,30,6,3,0,0,0,0,0,1,8,E01030950,3,1,0,1,2,0
2024622400452,2024,622400452,1,1,1,1,24,5,3,0,0,0,0,0,2,-1,-1,-1,0,0.16625,0.83375,-1,0
2024501410873,2024,501410873,2,1,1,1,25,5,3,0,0,0,0,0,5,6,E01020143,3,1,0,1,1,0
2024010510148,2024,010510148,1,3,2,2,95,11,2,0,0,2,0,0,8,9,E01004730,5,1,1,0,1,0
2024201533753,2024,201533753,3,4,2,2,47,8,3,0,0,1,0,0,9,5,E01013493,3,1,0,1,4,0
2024461493716,2024,461493716,2,1,1,2,21,5,3,0,0,0,0,0,9,7,E01016119,3,1,0,1,4,0
2024471503673,2024,471503673,2,1,1,2,39,7,3,0,0,0,0,0,9,1,E01016915,3,1,0,1,1,0
2024522402039,2024,522402039,1,1,1,1,42,7,3,0,0,0,0,0,9,10,E01015014,-1,0,0.09296,0.90704,1,0
2024131452374,2024,131452374,2,1,1,1,51,8,2,0,0,0,0,0,19,8,E01007663,7,1,1,0,4,0
2024991525214,2024,991525214,1,2,1,1,24,5,3,0,0,0,0,0,19,1,-1,3,1,0,1,1,0
2024522500114,2024,522500114,1,1,1,1,83,11,3,0,0,0,0,0,17,8,E01014766,-1,0,0.42928,0.57072,1,0
2024131456073,2024,131456073,2,1,1,2,55,8,3,0,0,0,0,0,9,2,E01008435,3,1,0,1,5,0
2024141431061,2024,141431061,1,2,2,1,37,7,3,0,0,1,0,0,9,1,E01011255,3,1,0,1,4,0
2024161447665,2024,161447665,2,3,1,2,50,8,3,0,0,0,0,0,9,10,E01012970,3,1,0,1,3,0
2024201421382,2024,201421382,2,2,1,1,67,10,3,0,0,0,0,0,9,8,E01029858,3,1,0,1,3,0
2024411452370,2024,411452370,1,1,1,1,30,6,3,0,0,0,0,0,9,2,E01001437,3,1,0,1,3,0
2024440394300,2024,440394300,2,1,1,1,49,8,3,0,0,0,0,0,9,-1,-1,-1,0,0,1,-1,0
2024631481379,2024,631481379,2,1,1,1,29,6,3,0,0,0,0,0,9,9,W01000609,3,1,0,1,1,0
2024991524874,2024,991524874,1,1,2,2,19,4,3,0,0,2,0,0,9,4,-1,3,1,0,1,1,0
2024010518950,2024,010518950,1,1,1,2,-1,-1,3,0,0,0,0,0,33,-1,-1,3,1,0,1,-1,1
2024010511632,2024,010511632,1,1,1,2,45,7,3,0,0,0,0,0,8,7,E01001871,3,1,0,1,1,0
2024340WN0952,2024,340WN0952,2,1,1,1,32,6,3,0,0,0,0,0,19,1,E01009297,3,1,0,1,4,0
2024010495408,2024,010495408,1,1,3,2,36,7,3,5,4,0,0,0,0,3,E01033936,3,1,0,1,1,0
202460Q008259,2024,60Q008259,2,1,3,1,58,9,2,9,8,0,0,1,0,-1,-1,-1,0,1,0,-1,0
2024010520598,2024,010520598,1,1,1,2,25,5,3,0,0,0,0,0,1,3,E01001969,3,1,0,1,1,0
2024311513598,2024,311513598,2,1,1,1,23,5,3,0,0,0,0,0,1,3,E01028212,3,1,0,1,2,0
2024451430645,2024,451430645,2,1,1,1,56,9,3,0,0,0,0,0,1,6,E01030729,3,1,0,1,1,0
2024161463288,2024,161463288,1,1,1,2,28,6,2,0,0,0,0,0,3,2,E01013259,5,1,1,0,2,0
2024440217106,2024,440217106,1,1,1,1,24,5,3,0,0,0,0,0,5,-1,-1,-1,0,0,1,-1,0
2024010508983,2024,010508983,1,2,2,-1,-1,-1,3,0,0,1,0,0,9,-1,-1,3,1,0,1,-1,0
2024041413053,2024,041413053,1,1,2,2,88,11,2,0,0,1,0,0,9,6,E01025541,6,1,1,0,2,0
2024061458230,2024,061458230,3,1,1,2,53,8,3,0,0,0,0,0,9,3,E01005536,3,1,0,1,1,0
2024070297110,2024,070297110,2,1,1,1,44,7,3,0,0,0,0,0,9,1,E01018521,-1,0,0.03337,0.96663,1,0
2024201441429,2024,201441429,1,1,1,1,39,7,2,0,0,0,0,0,9,2,E01009566,6,1,1,0,3,0
2024361469104,2024,361469104,1,2,2,2,1,1,3,0,0,2,0,0,9,-1,-1,3,1,0,1,-1,0
2024411479155,2024,411479155,1,1,1,2,62,9,3,0,0,0,0,0,9,2,E01001339,3,1,0,1,4,0
2024430150976,2024,430150976,1,1,1,2,25,5,3,0,0,0,0,0,9,5,W01001164,-1,0,0.00147,0.99853,5,0
2024461474921,2024,461474921,1,1,2,1,27,6,2,0,0,2,0,0,9,3,E01003583,7,1,1,0,4,0
202454E197924,2024,54E197924,1,1,1,2,35,6,3,0,0,0,0,0,9,5,E01022227,-1,0,0.03238,0.96762,4,0
2024552401321,2024,552401321,2,1,1,2,37,7,3,0,0,0,0,0,9,8,E01023066,-1,0,0.00738,0.99262,1,0
2024631430255,2024,631430255,2,3,1,1,54,8,3,0,0,0,0,0,9,6,W01000598,3,1,0,1,1,0
2024031531261,2024,031531261,1,1,1,1,23,5,3,0,0,0,0,0,20,3,E01010050,3,1,0,1,5,0
2024010543266,2024,010543266,2,1,1,1,38,7,2,0,0,0,0,0,33,3,E01034046,7,1,1,0,1,1
2024471496905,2024,471496905,1,1,3,1,18,4,3,4,1,0,0,-1,0,1,E01016947,3,1,0,1,1,0
2024991477946,2024,991477946,1,1,3,1,26,6,2,8,3,0,0,-1,0,-1,-1,7,1,1,0,-1,0
2024552401182,2024,552401182,2,1,1,1,22,5,3,0,0,0,0,0,1,-1,-1,-1,0,0.09351,0.90649,-1,0
2024451412637,2024,451412637,1,1,1,1,58,9,3,0,0,0,0,0,5,4,E01023146,3,1,0,1,4,0
2024010510148,2024,010510148,1,1,1,1,65,9,3,0,0,0,0,0,8,6,E01000892,3,1,0,1,2,0
2024010516326,2024,010516326,1,2,2,2,24,5,3,0,0,1,0,0,9,8,E01014346,3,1,0,1,5,0
2024031499045,2024,031499045,2,2,1,1,20,4,3,0,0,0,0,0,9,10,E01019362,3,1,0,1,3,0
2024430244874,2024,430244874,2,2,2,2,10,2,3,0,0,9,0,0,9,5,E01028498,-1,0,0.00146,0.99854,2,0
2024440528866,2024,440528866,1,1,2,2,34,6,3,0,0,1,0,0,9,10,E01022606,-1,0,0,1,3,0
2024451505909,2024,451505909,2,1,2,2,73,10,3,0,0,1,0,0,9,8,E01023069,3,1,0,1,5,0
2024461496010,2024,461496010,3,1,1,2,58,9,3,0,0,0,0,0,9,10,E01024348,3,1,0,1,4,0
2024501407155,2024,501407155,3,2,1,2,36,7,3,0,0,0,0,0,9,3,E01018925,3,1,0,1,1,0
2024991464272,2024,991464272,1,3,2,2,24,5,3,0,0,1,0,0,9,-1,-1,3,1,0,1,-1,0
2024311465506,2024,311465506,1,1,1,1,32,6,3,0,0,0,0,0,19,1,E01013331,3,1,0,1,4,0
2024131471846,2024,131471846,2,1,1,1,55,8,3,0,0,0,0,0,4,4,E01011158,3,1,0,1,3,0
2024451454101,2024,451454101,2,1,1,1,33,6,3,0,0,0,0,0,5,3,E01003120,3,1,0,1,4,0
2024010503848,2024,010503848,1,2,2,-1,-1,-1,3,0,0,2,0,0,9,6,E01017592,3,1,0,1,4,0
2024070205369,2024,070205369,1,1,1,1,39,7,3,0,0,0,0,0,9,-1,-1,-1,0,0.03955,0.96045,-1,0
2024131402690,2024,131402690,2,1,1,2,46,8,3,0,0,0,0,0,9,10,E01007617,3,1,0,1,3,0
2024131452273,2024,131452273,1,2,1,1,17,4,2,0,0,0,0,0,9,1,E01010702,7,1,1,0,3,0
2024141400712,2024,141400712,2,2,2,2,24,5,3,0,0,1,0,0,9,5,E01012803,3,1,0,1,4,0
2024201436919,2024,201436919,2,1,1,1,44,7,3,0,0,0,0,0,9,6,E01010232,3,1,0,1,1,0
2024231465436,2024,231465436,2,1,1,1,48,8,3,0,0,0,0,0,9,9,E01031284,3,1,0,1,1,0
2024302400623,2024,302400623,2,2,1,2,56,9,3,0,0,0,0,0,9,6,E01011521,-1,0,0.01979,0.98021,4,0
2024471486681,2024,471486681,2,1,1,2,69,10,3,0,0,0,0,0,9,7,E01016916,3,1,0,1,2,0
2024201440997,2024,201440997,1,1,2,1,9,2,3,0,0,0,4,0,11,-1,-1,3,1,0,1,-1,0
2024010511327,2024,010511327,2,1,1,1,17,4,3,0,0,0,0,0,1,3,E01001446,3,1,0,1,1,0
2024010529544,2024,010529544,1,1,1,1,54,8,3,0,0,0,0,0,3,4,E01003513,3,1,0,1,1,0
2024010547934,2024,010547934,2,1,1,1,30,6,3,0,0,0,0,0,3,4,E01003565,3,1,0,1,1,0
2024010489881,2024,010489881,2,2,1,1,48,8,3,0,0,0,0,0,9,3,E01002429,3,1,0,1,1,0
2024010515087,2024,010515087,1,1,1,2,62,9,3,0,0,0,0,0,9,2,E01033883,3,1,0,1,1,0
2024141416456,2024,141416456,2,1,1,1,29,6,3,0,0,0,0,0,9,-1,-1,3,1,0,1,-1,0
2024430118680,2024,430118680,1,1,1,1,47,8,3,0,0,0,0,0,9,8,E01017750,-1,0,0.00526,0.99474,1,0
2024451517570,2024,451517570,1,2,2,1,15,3,3,0,0,1,0,0,9,8,E01030865,3,1,0,1,1,0
2024451520876,2024,451520876,2,1,1,1,29,6,3,0,0,0,0,0,9,10,E01024349,3,1,0,1,4,0
2024991484851,2024,991484851,3,1,2,2,64,9,2,0,0,1,0,0,9,5,-1,7,1,1,0,4,0
2024131533421,2024,131533421,1,1,3,1,25,5,3,1,1,0,0,-1,0,2,E01032923,3,1,0,1,1,0
2024010535301,2024,010535301,1,1,1,2,31,6,2,0,0,0,0,0,1,6,E01034579,7,1,1,0,1,0
2024010543019,2024,010543019,1,1,1,1,44,7,3,0,0,0,0,0,1,2,E01033602,3,1,0,1,1,0
2024161458616,2024,161458616,2,1,1,1,14,3,2,0,0,0,0,0,1,2,E01012775,7,1,1,0,1,0
2024471510603,2024,471510603,2,1,1,1,20,4,2,0,0,0,0,0,3,8,E01031781,7,1,1,0,1,0
2024010543323,2024,010543323,1,1,1,1,35,6,3,0,0,0,0,0,8,7,E01003643,3,1,0,1,4,0
2024201441969,2024,201441969,2,2,1,1,33,6,3,0,0,0,0,0,8,1,E01009371,3,1,0,1,2,0
2024131486895,2024,131486895,1,2,2,2,68,10,2,0,0,1,0,0,9,1,E01010943,6,1,1,0,1,0
2024221469346,2024,221469346,2,3,2,1,85,11,2,0,0,1,0,0,9,6,E01035058,7,1,1,0,1,0
2024430250027,2024,430250027,1,1,1,2,59,9,3,0,0,0,0,0,9,10,E01017729,-1,0,0.00109,0.99891,2,0
2024430337985,2024,430337985,1,1,1,2,37,7,3,0,0,0,0,0,9,4,E01017904,-1,0,0.00437,0.99563,1,0
2024440504770,2024,440504770,2,3,2,1,5,1,3,0,0,2,0,0,9,5,E01022520,-1,0,0,1,1,0
2024471410448,2024,471410448,1,1,1,1,19,4,3,0,0,0,0,0,9,9,E01000829,3,1,0,1,4,0
2024631454922,2024,631454922,1,1,1,1,43,7,3,0,0,0,0,0,9,8,W01000624,3,1,0,1,2,0
2024010492426,2024,010492426,1,1,3,2,12,3,3,4,3,0,0,0,0,3,E01001503,3,1,0,1,1,0
2024311410872,2024,311410872,1,1,3,1,51,8,3,5,1,0,0,-1,0,4,E01028335,3,1,0,1,1,0
2024311536292,2024,311536292,1,1,3,1,21,5,3,8,5,0,0,-1,0,-1,-1,3,1,0,1,-1,0
2024440180604,2024,440180604,1,1,3,1,38,7,3,6,9,0,0,0,0,10,E01022530,-1,0,0,1,1,0
2024451467191,2024,451467191,1,1,3,1,54,8,3,8,5,0,0,-1,0,1,E01000061,3,1,0,1,4,0
2024010508023,2024,010508023,1,1,1,1,34,6,3,0,0,0,0,0,8,5,E01002449,3,1,0,1,1,0
2024010527345,2024,010527345,2,1,1,1,47,8,3,0,0,0,0,0,8,4,E01002593,3,1,0,1,3,0
2024041395208,2024,041395208,2,2,2,2,47,8,3,0,0,1,0,0,9,3,E01025262,3,1,0,1,1,0
2024041398037,2024,041398037,2,1,1,2,21,5,2,0,0,0,0,0,9,6,E01006157,7,1,1,0,4,0
2024041454557,2024,041454557,3,1,2,2,47,8,3,0,0,2,0,0,9,1,E01025230,3,1,0,1,1,0
2024052400899,2024,052400899,2,1,1,1,37,7,3,0,0,0,0,0,9,1,E01006757,-1,0,0.02938,0.97062,1,0
2024131515717,2024,131515717,2,1,1,1,24,5,3,0,0,0,0,0,9,4,E01017073,3,1,0,1,5,0
2024201497667,2024,201497667,1,2,2,2,37,7,3,0,0,2,0,0,9,2,E01009265,3,1,0,1,3,0
2024461526436,2024,461526436,1,4,1,1,64,9,3,0,0,0,0,0,9,3,E01024239,3,1,0,1,2,0
2024501433957,2024,501433957,1,1,1,1,54,8,3,0,0,0,0,0,9,5,E01019947,3,1,0,1,2,0
2024991438527,2024,991438527,2,1,1,1,64,9,3,0,0,0,0,0,9,-1,-1,3,1,0,1,-1,0
2024991442643,2024,991442643,1,2,1,1,32,6,3,0,0,0,0,0,9,5,-1,3,1,0,1,2,0
2024451498348,2024,451498348,1,3,2,1,39,7,2,0,0,0,0,0,98,7,E01002423,6,1,1,0,3,0
2024010494279,2024,010494279,1,1,1,1,30,6,3,0,0,0,0,0,1,7,E01004634,3,1,0,1,1,0
2024010506758,2024,010506758,2,1,1,1,58,9,2,0,0,0,0,0,1,9,E01004659,7,1,1,0,1,0
2024010527130,2024,010527130,1,1,1,1,25,5,3,0,0,0,0,0,1,8,E01000314,3,1,0,1,3,0
2024302401199,2024,302401199,2,1,1,1,50,8,2,0,0,0,0,0,1,7,E01019771,-1,0,1,0,4,0
2024010519040,2024,010519040,1,1,1,1,24,5,3,0,0,0,0,0,3,-1,-1,3,1,0,1,-1,0
2024010538112,2024,010538112,2,2,1,2,34,6,3,0,0,0,0,0,9,4,E01002592,3,1,0,1,1,0
2024010539671,2024,010539671,1,1,1,2,38,7,3,0,0,0,0,0,9,3,E01003975,3,1,0,1,1,0
2024070349540,2024,070349540,1,2,2,2,20,4,3,0,0,1,0,0,9,7,E01018623,-1,0,0.07901,0.92099,1,0
2024131478209,2024,131478209,2,1,1,2,37,7,3,0,0,0,0,0,9,7,E01013418,3,1,0,1,4,0
2024141407582,2024,141407582,2,1,1,1,45,7,3,0,0,0,0,0,9,1,E01007714,3,1,0,1,1,0
2024221509443,2024,221509443,2,1,2,2,27,6,3,0,0,1,0,0,9,8,E01018001,3,1,0,1,5,0
2024231464840,2024,231464840,1,1,1,2,46,8,2,0,0,0,0,0,9,8,E01009669,6,1,1,0,4,0
2024401450319,2024,401450319,2,1,1,2,73,10,3,0,0,0,0,0,9,3,E01011903,3,1,0,1,5,0
2024451497724,2024,451497724,1,1,1,1,18,4,2,0,0,0,0,0,9,4,E01016519,7,1,1,0,4,0
2024501424311,2024,501424311,2,2,1,1,22,5,3,0,0,0,0,0,9,10,E01028789,3,1,0,1,5,0
2024531430698,2024,531430698,2,2,2,2,48,8,3,0,0,1,0,0,9,4,E01022241,3,1,0,1,4,0
2024061503422,2024,061503422,1,2,3,2,25,5,3,4,1,0,0,-1,0,-1,-1,3,1,0,1,-1,0
2024201491164,2024,201491164,1,1,3,1,11,3,2,4,1,0,0,-1,0,2,E01010309,7,1,1,0,1,0
2024302401315,2024,302401315,1,1,3,1,50,8,3,9,9,0,0,1,0,-1,-1,-1,0,0.05067,0.94933,-1,0
2024991396978,2024,991396978,1,2,3,1,21,5,3,9,5,0,0,-1,0,2,-1,3,1,0,1,4,0
2024010487696,2024,010487696,1,1,1,1,33,6,3,0,0,0,0,0,1,3,E01001830,3,1,0,1,1,0
2024361405319,2024,361405319,1,1,1,1,20,4,3,0,0,0,0,0,3,9,E01035145,3,1,0,1,2,0
2024461477494,2024,461477494,2,1,1,1,46,8,2,0,0,0,0,0,3,8,E01024344,7,1,1,0,1,0
2024041395208,2024,041395208,2,1,1,1,54,8,3,0,0,0,0,0,9,3,E01025262,3,1,0,1,1,0
2024070634460,2024,070634460,2,1,1,1,18,4,3,0,0,0,0,0,9,5,E01012400,-1,0,0.08135,0.91865,2,0
2024351415418,2024,351415418,2,1,1,2,36,7,3,0,0,0,0,0,9,2,E01035541,3,1,0,1,1,0
2024440333398,2024,440333398,1,3,2,2,7,2,3,0,0,2,0,0,9,10,E01022995,-1,0,0,1,4,0
2024451478846,2024,451478846,2,1,1,1,55,8,3,0,0,0,0,0,9,5,E01004172,3,1,0,1,2,0
2024451527676,2024,451527676,4,4,2,1,19,4,3,0,0,1,0,0,9,10,E01022898,3,1,0,1,4,0
2024471482842,2024,471482842,2,2,1,2,61,9,3,0,0,0,0,0,9,6,E01021054,3,1,0,1,1,0
2024471497492,2024,471497492,1,1,1,2,31,6,3,0,0,0,0,0,9,4,E01020918,3,1,0,1,3,0
2024531495490,2024,531495490,1,2,1,1,52,8,3,0,0,0,0,0,9,8,E01032701,3,1,0,1,4,0
2024552401456,2024,552401456,1,1,2,1,24,5,2,0,0,0,4,0,11,1,E01015288,-1,0,1,0,1,0
2024221435485,2024,221435485,2,1,1,1,50,8,3,0,0,0,0,0,19,10,E01032284,3,1,0,1,2,0
2024411539064,2024,411539064,2,2,1,1,35,6,3,0,0,0,0,0,19,8,E01035608,3,1,0,1,1,0
2024361485344,2024,361485344,1,1,1,1,76,11,3,0,0,0,0,0,98,6,E01026549,3,1,0,1,1,0
2024010525293,2024,010525293,1,1,1,1,30,6,3,0,0,0,0,0,9,3,E01000032,3,1,0,1,1,0
2024010533544,2024,010533544,1,1,1,2,44,7,3,0,0,0,0,0,9,5,E01017152,3,1,0,1,5,0
2024131403321,2024,131403321,2,2,2,2,56,9,3,0,0,1,0,0,9,5,E01011390,3,1,0,1,1,0
2024131486021,2024,131486021,2,3,1,1,56,9,3,0,0,0,0,0,9,6,E01035049,3,1,0,1,3,0
2024141423708,2024,141423708,2,1,2,1,2,1,3,0,0,0,0,0,9,5,E01007653,3,1,0,1,2,0
2024201441429,2024,201441429,1,2,2,1,23,5,2,0,0,1,0,0,9,6,E01009529,5,1,1,0,3,0
2024221530563,2024,221530563,1,1,1,2,50,8,3,0,0,0,0,0,9,5,E01032411,3,1,0,1,1,0
2024231464840,2024,231464840,1,2,2,2,17,4,2,0,0,2,0,0,9,8,E01009669,6,1,1,0,4,0
2024520403362,2024,520403362,2,1,1,2,30,6,3,0,0,0,0,0,9,1,E01029132,-1,0,0.04432,0.95568,2,0
2024010500753,2024,010500753,1,1,1,1,28,6,2,0,0,0,0,0,1,2,E01003075,7,1,1,0,1,0
2024010540852,2024,010540852,2,1,1,2,29,6,3,0,0,0,0,0,1,5,E01001720,3,1,0,1,1,0
2024010510148,2024,010510148,4,6,3,1,52,8,2,6,9,0,0,0,0,10,E01034780,7,1,1,0,5,0
2024201441969,2024,201441969,2,4,2,2,21,5,3,0,0,1,0,0,8,10,E01009780,3,1,0,1,3,0
2024010522674,2024,010522674,1,1,3,1,56,9,3,6,9,0,0,0,0,3,E01003088,3,1,0,1,2,0
2024991399564,2024,991399564,2,2,3,1,50,8,3,8,5,0,0,-1,0,6,-1,3,1,0,1,4,0
2024010493142,2024,010493142,2,1,1,1,43,7,2,0,0,0,0,0,1,8,E01000361,7,1,1,0,3,0
2024010498162,2024,010498162,2,1,1,1,32,6,3,0,0,0,0,0,1,-1,-1,3,1,0,1,-1,0
2024552400659,2024,552400659,2,1,1,1,63,9,3,0,0,0,0,0,1,4,E01020584,-1,0,0.13017,0.86983,1,0
2024461456934,2024,461456934,2,1,1,1,47,8,2,0,0,0,0,0,5,3,E01016154,7,1,1,0,4,0
2024522403203,2024,522403203,2,1,1,1,69,10,3,0,0,0,0,0,5,8,E01014700,-1,0,0.28312,0.71688,1,0
2024991479768,2024,991479768,1,1,1,1,63,9,3,0,0,0,0,0,5,-1,-1,3,1,0,1,-1,0
2024051430709,2024,051430709,2,1,2,2,69,10,3,0,0,1,0,0,9,5,E01010640,3,1,0,1,4,0
2024101500828,2024,101500828,1,1,1,2,22,5,3,0,0,0,0,0,9,5,E01008224,3,1,0,1,1,0
2024131431682,2024,131431682,1,2,1,1,36,7,3,0,0,0,0,0,9,6,E01011704,3,1,0,1,3,0
2024131461313,2024,131461313,2,1,1,1,17,4,3,0,0,0,0,0,9,7,E01034266,3,1,0,1,2,0
2024161434158,2024,161434158,2,1,1,2,36,7,3,0,0,0,0,0,9,1,E01035473,3,1,0,1,1,0
2024161508208,2024,161508208,1,2,2,2,64,9,3,0,0,2,0,0,9,1,E01028173,3,1,0,1,5,0
2024401429863,2024,401429863,2,1,1,1,64,9,3,0,0,0,0,0,9,9,E01002116,3,1,0,1,4,0
2024451527200,2024,451527200,1,2,2,2,60,9,3,0,0,1,0,0,9,4,E01030337,3,1,0,1,2,0
2024461417893,2024,461417893,1,1,1,1,43,7,2,0,0,0,0,0,9,4,E01000719,7,1,1,0,3,0
202454A226624,2024,54A226624,1,1,1,2,28,6,3,0,0,0,0,0,9,5,E01031933,-1,0,0.03232,0.96768,3,0
2024311505853,2024,311505853,1,1,1,2,45,7,3,0,0,0,0,0,11,2,E01013856,3,1,0,1,2,0
2024010492465,2024,010492465,1,1,3,1,70,10,2,5,3,0,0,0,0,3,E01003587,7,1,1,0,1,0
2024461415510,2024,461415510,1,5,3,1,39,7,3,9,5,0,0,-1,0,3,E01003332,3,1,0,1,4,0
2024501509435,2024,501509435,1,1,3,1,62,9,3,9,7,0,0,-1,0,6,E01019003,3,1,0,1,4,0
2024991512995,2024,991512995,1,1,3,1,16,4,1,5,4,0,0,-1,0,-1,-1,1,1,0,0,-1,0
2024010495996,2024,010495996,1,1,1,2,37,7,3,0,0,0,0,0,1,6,E01001951,3,1,0,1,1,0
2024010497253,2024,010497253,2,1,1,1,29,6,2,0,0,0,0,0,3,-1,-1,6,1,1,0,-1,0
2024430466959,2024,430466959,2,1,1,1,56,9,2,0,0,0,0,0,5,7,E01016285,-1,0,1,0,3,0
2024501410873,2024,501410873,2,2,2,2,22,5,3,0,0,0,0,0,5,1,E01015196,3,1,0,1,3,0
2024041401825,2024,041401825,2,1,1,2,33,6,3,0,0,0,0,0,9,8,E01025272,3,1,0,1,1,0
2024070716922,2024,070716922,1,1,1,2,35,6,3,0,0,0,0,0,9,7,E01007113,3,1,0,1,3,0
2024221534112,2024,221534112,1,1,1,1,50,8,3,0,0,0,0,0,9,9,E01013559,3,1,0,1,4,0
2024231524840,2024,231524840,2,1,1,1,37,7,3,0,0,0,0,0,9,5,E01035423,3,1,0,1,4,0
2024440340121,2024,440340121,1,1,1,2,55,8,3,0,0,0,0,0,9,1,E01017281,-1,0,0,1,2,0
2024440482419,2024,440482419,1,1,1,1,24,5,3,0,0,0,0,0,9,6,E01023056,-1,0,0,1,1,0
2024471416303,2024,471416303,1,1,1,1,54,8,3,0,0,0,0,0,9,2,E01021037,3,1,0,1,1,0
2024211468757,2024,211468757,2,2,1,1,30,6,3,0,0,0,0,0,19,6,E01014178,3,1,0,1,4,0
2024451498348,2024,451498348,1,2,2,1,21,5,2,0,0,0,0,0,98,7,E01002423,7,1,1,0,3,0
2024991466178,2024,991466178,1,1,3,1,33,6,3,9,7,0,0,-1,0,-1,-1,3,1,0,1,-1,0
2024010511158,2024,010511158,1,1,1,2,45,7,3,0,0,0,0,0,9,-1,-1,3,1,0,1,-1,0
2024101398781,2024,101398781,1,1,1,2,87,11,3,0,0,0,0,0,9,7,E01008873,3,1,0,1,1,0
2024101402503,2024,101402503,2,1,1,1,66,10,3,0,0,0,0,0,9,2,E01008601,3,1,0,1,1,0
2024131468042,2024,131468042,1,2,2,2,61,9,3,0,0,1,0,0,9,1,E01007291,3,1,0,1,5,0
2024451498348,2024,451498348,2,5,2,1,70,10,3,0,0,1,0,0,9,-1,-1,3,1,0,1,-1,0
2024461417893,2024,461417893,1,2,2,1,63,9,2,0,0,1,0,0,9,2,E01024277,6,1,1,0,1,0
2024471482842,2024,471482842,1,1,1,1,35,6,3,0,0,0,0,0,9,8,E01021150,3,1,0,1,3,0
2024501502143,2024,501502143,1,1,1,1,71,10,3,0,0,0,0,0,9,7,E01015068,3,1,0,1,1,0
2024010530728,2024,010530728,1,1,3,2,49,8,3,1,3,0,0,0,0,6,E01023903,3,1,0,1,2,0
2024131445301,2024,131445301,1,1,3,1,5,1,3,5,3,0,0,-1,0,2,E01010836,3,1,0,1,1,0
2024010507404,2024,010507404,2,1,1,1,24,5,3,0,0,0,0,0,1,9,E01003458,3,1,0,1,2,0
2024010531790,2024,010531790,1,1,1,2,29,6,3,0,0,0,0,0,1,6,E01004482,3,1,0,1,1,0
2024010505524,2024,010505524,2,1,1,1,25,5,3,0,0,0,0,0,2,6,E01035715,3,1,0,1,1,0
2024440272207,2024,440272207,1,1,1,1,19,4,2,0,0,0,0,0,3,2,E01017366,-1,0,0.9444,0.0556,1,0
2024471453738,2024,471453738,1,1,1,1,44,7,3,0,0,0,0,0,3,6,E01016887,3,1,0,1,1,0
2024131431682,2024,131431682,2,1,1,1,32,6,3,0,0,0,0,0,9,10,E01011280,3,1,0,1,3,0
2024131464400,2024,131464400,2,3,2,1,31,6,3,0,0,2,0,0,9,7,E01027728,3,1,0,1,4,0
2024201497667,2024,201497667,1,1,1,1,37,7,3,0,0,0,0,0,9,2,E01009265,3,1,0,1,3,0
2024451502315,2024,451502315,1,1,1,2,82,11,2,0,0,0,0,0,9,4,E01030645,6,1,1,0,1,0
2024461440033,2024,461440033,4,2,1,1,44,7,3,0,0,0,0,0,9,7,E01024547,3,1,0,1,4,0
2024991430351,2024,991430351,2,1,1,2,37,7,3,0,0,0,0,0,9,8,-1,3,1,0,1,1,0
2024991442957,2024,991442957,1,1,1,1,43,7,3,0,0,0,0,0,9,6,-1,3,1,0,1,4,0
2024991464272,2024,991464272,1,2,1,2,25,5,3,0,0,0,0,0,9,-1,-1,3,1,0,1,-1,0
2024991484851,2024,991484851,2,2,2,2,53,8,3,0,0,2,0,0,19,-1,-1,3,1,0,1,-1,0
2024122401290,2024,122401290,1,1,2,1,70,10,3,0,0,0,4,0,11,8,E01027876,-1,0,0.04782,0.95218,1,0
2024010510282,2024,010510282,2,3,2,2,92,11,3,0,0,2,0,0,9,10,E01002208,3,1,0,1,1,0
2024052402183,2024,052402183,1,2,2,2,21,5,3,0,0,2,0,0,9,1,E01006239,-1,0,0.09507,0.90493,3,0
2024101447918,2024,101447918,1,4,1,1,22,5,2,0,0,0,0,0,9,6,E01008176,6,1,1,0,1,0
2024302401113,2024,302401113,2,1,1,2,22,5,3,0,0,0,0,0,9,10,E01013461,-1,0,0.0022,0.9978,1,0
2024430494094,2024,430494094,1,1,1,1,76,11,3,0,0,0,0,0,9,10,E01028460,-1,0,0.03034,0.96966,1,0
2024451493852,2024,451493852,1,1,2,2,5,1,3,0,0,2,0,0,9,7,E01030943,3,1,0,1,3,0
2024461469413,2024,461469413,2,1,1,1,20,4,2,0,0,0,0,0,9,7,E01024721,5,1,1,0,1,0
2024501516015,2024,501516015,1,2,2,1,95,11,2,0,0,1,0,0,9,1,E01015256,5,1,1,0,1,0
2024501517750,2024,501517750,1,1,1,2,39,7,3,0,0,0,0,0,9,4,E01020302,3,1,0,1,4,0
2024531512174,2024,531512174,3,2,1,1,64,9,3,0,0,0,0,0,9,6,E01022216,3,1,0,1,2,0
2024991416369,2024,991416369,2,2,1,1,33,6,3,0,0,0,0,0,9,4,-1,3,1,0,1,2,0
2024010487996,2024,010487996,2,1,1,1,28,6,3,0,0,0,0,0,1,3,E01002049,3,1,0,1,1,0
2024010505205,2024,010505205,1,1,1,2,30,6,3,0,0,0,0,0,1,-1,-1,3,1,0,1,-1,0
2024010534434,2024,010534434,1,1,3,2,18,4,3,6,9,0,0,0,0,4,E01003102,3,1,0,1,1,0
2024061471155,2024,061471155,1,1,3,1,38,7,3,10,9,0,0,-1,0,2,E01005659,3,1,0,1,1,0
2024131423761,2024,131423761,1,1,3,1,11,3,2,5,4,0,0,-1,0,9,E01027583,7,1,1,0,1,0
2024010543121,2024,010543121,1,1,3,1,45,7,2,4,9,0,0,0,0,1,E01003486,5,1,1,0,1,0
2024010547265,2024,010547265,1,1,3,2,56,9,2,1,1,0,0,0,0,4,E01000947,7,1,1,0,1,0
2024061442676,2024,061442676,1,1,3,1,82,11,3,5,3,0,0,-1,0,2,E01005600,3,1,0,1,1,0
2024131474450,2024,131474450,2,1,1,1,18,4,3,0,0,0,0,0,1,6,E01010594,3,1,0,1,2,0
2024430290291,2024,430290291,2,1,1,9,38,7,3,0,0,0,0,0,3,9,E01028495,-1,0,0.009,0.991,2,0
2024052402183,2024,052402183,1,1,1,2,36,7,3,0,0,0,0,0,9,1,E01006283,-1,0,0.11227,0.88773,2,0
2024101421322,2024,101421322,2,1,1,2,43,7,3,0,0,0,0,0,9,1,E01008189,3,1,0,1,1,0
2024131414005,2024,131414005,4,3,2,1,13,3,3,0,0,2,0,0,9,1,E01011357,3,1,0,1,1,0
2024141456167,2024,141456167,1,1,1,2,46,8,3,0,0,0,0,0,9,-1,-1,3,1,0,1,-1,0
2024141510143,2024,141510143,2,1,1,2,73,10,3,0,0,0,0,0,9,-1,-1,3,1,0,1,-1,0
2024201456016,2024,201456016,1,1,1,1,32,6,3,0,0,0,0,0,9,4,E01017723,3,1,0,1,5,0
2024451536223,2024,451536223,1,1,1,1,52,8,3,0,0,0,0,0,9,10,E01030780,3,1,0,1,4,0
2024010542460,2024,010542460,1,2,2,2,55,8,3,0,0,0,4,0,11,2,E01003052,3,1,0,1,2,0
2024010542460,2024,010542460,1,1,2,2,51,8,3,0,0,0,4,0,11,2,E01000951,3,1,0,1,1,0
2024052402625,2024,052402625,1,2,2,1,28,6,3,0,0,0,0,0,19,1,E01007123,-1,0,0.02319,0.97681,1,0
2024010518819,2024,010518819,2,1,1,2,26,6,3,0,0,0,0,0,1,3,E01000889,3,1,0,1,1,0
2024351463908,2024,351463908,2,1,1,1,12,3,2,0,0,0,0,0,1,5,E01018069,7,1,1,0,1,0
2024631511779,2024,631511779,2,1,1,1,63,9,3,0,0,0,0,0,5,9,W01000446,3,1,0,1,1,0
2024131479608,2024,131479608,1,3,2,2,66,10,2,0,0,1,0,0,9,2,E01012459,6,1,1,0,4,0
2024231531709,2024,231531709,2,1,1,2,33,6,3,0,0,0,0,0,9,1,E01009047,3,1,0,1,3,0
2024340WN5432,2024,340WN5432,2,5,2,2,44,7,3,0,0,2,0,0,9,1,E01005569,3,1,0,1,5,0
2024361470953,2024,361470953,1,1,1,1,24,5,3,0,0,0,0,0,9,1,E01007542,3,1,0,1,5,0
2024451495550,2024,451495550,2,1,1,2,23,5,3,0,0,0,0,0,9,6,E01026315,3,1,0,1,5,0
2024461415510,2024,461415510,1,1,1,1,18,4,3,0,0,0,0,0,9,2,E01016152,3,1,0,1,3,0
2024010535461,2024,010535461,2,2,1,1,56,9,3,0,0,0,0,0,20,6,E01023388,3,1,0,1,4,0
2024991430351,2024,991430351,1,2,1,1,45,7,3,0,0,0,0,0,5,10,-1,3,1,0,1,1,0
2024061470042,2024,061470042,4,1,1,1,56,9,3,0,0,0,0,0,9,-1,-1,3,1,0,1,-1,0
2024101411827,2024,101411827,1,1,1,2,55,8,3,0,0,0,0,0,9,4,E01008711,3,1,0,1,1,0
2024131477558,2024,131477558,1,1,1,1,28,6,3,0,0,0,0,0,9,1,E01010964,3,1,0,1,1,0
2024141475375,2024,141475375,2,2,2,2,12,3,3,0,0,1,0,0,9,9,E01011557,3,1,0,1,4,0
2024451439862,2024,451439862,1,2,2,1,27,6,3,0,0,2,0,0,9,5,E01030569,3,1,0,1,2,0
2024451487038,2024,451487038,2,1,1,2,36,7,3,0,0,0,0,0,9,9,E01024275,3,1,0,1,4,0
2024451539657,2024,451539657,3,1,1,1,32,6,3,0,0,0,0,0,9,6,E01017810,3,1,0,1,4,0
2024461414000,2024,461414000,1,1,1,1,17,4,2,0,0,0,0,0,9,7,E01035328,7,1,1,0,4,0
2024471500499,2024,471500499,1,1,1,1,74,10,3,0,0,0,0,0,9,9,E01031532,3,1,0,1,3,0
2024631460061,2024,631460061,2,1,1,2,18,4,3,0,0,0,0,0,9,6,W01000501,3,1,0,1,1,0
2024111420620,2024,111420620,2,1,2,2,30,6,3,0,0,0,4,0,11,-1,-1,3,1,0,1,-1,0
2024010513658,2024,010513658,1,1,3,2,70,10,3,4,3,0,0,0,0,3,E01001298,3,1,0,1,3,0
2024010551059,2024,010551059,1,1,1,1,21,5,3,0,0,0,0,0,1,-1,-1,3,1,0,1,-1,0
2024201472542,2024,201472542,2,1,1,-1,-1,-1,2,0,0,0,0,0,5,-1,-1,7,1,1,0,-1,0
2024010493324,2024,010493324,1,1,1,1,34,6,3,0,0,0,0,0,9,3,E01034221,3,1,0,1,2,0
2024131414005,2024,131414005,4,5,1,1,34,6,3,0,0,0,0,0,9,1,E01011433,3,1,0,1,1,0
2024302400850,2024,302400850,2,1,1,1,47,8,3,0,0,0,0,0,9,10,E01025914,-1,0,0.01204,0.98796,4,0
2024411463432,2024,411463432,3,3,1,1,45,7,3,0,0,0,0,0,9,6,E01023499,3,1,0,1,4,0
2024430387497,2024,430387497,2,1,2,2,63,9,3,0,0,2,0,0,9,8,E01027028,-1,0,0.0125,0.9875,4,0
2024461430691,2024,461430691,2,1,1,2,22,5,2,0,0,0,0,0,9,9,E01032655,5,1,1,0,2,0
2024461522956,2024,461522956,1,1,1,1,28,6,3,0,0,0,0,0,9,3,E01016022,3,1,0,1,1,0
2024501510907,2024,501510907,2,1,2,2,64,9,3,0,0,1,0,0,9,4,E01020291,3,1,0,1,3,0
2024631495826,2024,631495826,1,1,1,1,20,4,2,0,0,0,0,0,9,9,E01029626,7,1,1,0,4,0
2024122401136,2024,122401136,2,3,2,1,41,7,3,0,0,0,0,0,19,6,E01027648,-1,0,0.02852,0.97148,1,0
2024070224643,2024,070224643,1,1,3,1,92,11,1,4,1,0,0,0,0,5,E01034659,-1,0,0,0,1,0
2024070357776,2024,070357776,2,1,1,2,24,5,3,0,0,0,0,0,1,8,E01018361,-1,0,0.06045,0.93955,1,0
2024302401201,2024,302401201,1,1,1,1,34,6,2,0,0,0,0,0,4,3,E01008032,-1,0,1,0,4,0
2024451399994,2024,451399994,1,1,1,1,31,6,3,0,0,0,0,0,5,9,E01030322,3,1,0,1,2,0
2024201441969,2024,201441969,2,5,2,1,20,4,3,0,0,2,0,0,8,10,E01029678,3,1,0,1,3,0
2024010491891,2024,010491891,1,1,1,2,56,9,3,0,0,0,0,0,9,9,E01002432,3,1,0,1,2,0
2024010525352,2024,010525352,3,1,2,2,52,8,2,0,0,1,0,0,9,5,E01003228,7,1,1,0,2,0
2024010531420,2024,010531420,2,2,1,1,31,6,3,0,0,0,0,0,9,9,E01000230,3,1,0,1,1,0
2024131495958,2024,131495958,1,2,1,2,22,5,2,0,0,0,0,0,9,8,E01011595,7,1,1,0,2,0
2024141410724,2024,141410724,1,2,2,2,47,8,3,0,0,1,0,0,9,-1,-1,3,1,0,1,-1,0
2024141491782,2024,141491782,2,1,2,1,58,9,2,0,0,2,0,0,9,2,E01007717,7,1,1,0,1,0
2024201533753,2024,201533753,2,1,1,1,47,8,3,0,0,0,0,0,9,8,E01013783,3,1,0,1,4,0
2024332401134,2024,332401134,3,1,1,1,38,7,3,0,0,0,0,0,9,6,E01013978,3,1,0,1,4,0
2024471493520,2024,471493520,1,1,2,2,82,11,3,0,0,1,0,0,9,10,E01031800,3,1,0,1,3,0
2024471435682,2024,471435682,2,1,2,2,16,4,3,0,0,2,0,0,10,-1,-1,3,1,0,1,-1,0
2024010494567,2024,010494567,1,2,2,2,38,7,3,0,0,1,0,0,9,2,E01003390,3,1,0,1,1,0
2024010536140,2024,010536140,1,1,1,2,41,7,3,0,0,0,0,0,9,3,E01003244,3,1,0,1,1,0
2024010549635,2024,010549635,2,1,2,2,31,6,3,0,0,1,0,0,9,3,E01002278,3,1,0,1,1,0
2024201480290,2024,201480290,3,2,1,1,47,8,3,0,0,0,0,0,9,-1,-1,3,1,0,1,-1,0
2024411404254,2024,411404254,2,2,1,2,39,7,3,0,0,0,0,0,9,3,E01023343,3,1,0,1,4,0
2024451539657,2024,451539657,2,2,1,1,57,9,2,0,0,0,0,0,98,-1,-1,6,1,1,0,-1,0
2024211524588,2024,211524588,2,1,1,1,47,8,2,0,0,0,0,0,3,5,E01029374,7,1,1,0,3,0
2024010515608,2024,010515608,2,1,1,1,36,7,3,0,0,0,0,0,5,2,E01000739,3,1,0,1,2,0
2024070346736,2024,070346736,1,2,3,2,34,6,3,1,1,0,0,0,0,3,E01012507,-1,0,0.11851,0.88149,1,0
2024031471063,2024,031471063,2,2,2,2,10,2,3,0,0,1,0,0,9,5,E01019392,3,1,0,1,2,0
2024161433276,2024,161433276,1,3,1,1,18,4,3,0,0,0,0,0,9,7,E01012950,3,1,0,1,1,0
2024430319458,2024,430319458,1,1,1,1,54,8,3,0,0,0,0,0,9,9,E01035263,-1,0,0.05725,0.94275,1,0
2024451495550,2024,451495550,2,2,2,2,22,5,3,0,0,1,0,0,9,3,E01026311,3,1,0,1,5,0
2024501522950,2024,501522950,3,1,1,1,17,4,3,0,0,0,0,0,9,8,E01015034,3,1,0,1,1,0
2024552400846,2024,552400846,3,1,1,1,62,9,3,0,0,0,0,0,9,1,E01014647,-1,0,0.04647,0.95353,4,0
2024430207535,2024,430207535,2,1,1,1,71,10,3,0,0,0,0,0,1,8,E01028545,-1,0,0.07943,0.92057,1,0
2024122400328,2024,122400328,2,2,1,1,59,9,3,0,0,0,0,0,5,3,E01027629,-1,0,0.05975,0.94025,4,0
2024991409977,2024,991409977,1,1,3,1,14,3,2,6,7,0,0,-1,0,-1,-1,7,1,1,0,-1,0
2024131468121,2024,131468121,1,1,1,2,28,6,3,0,0,0,0,0,19,3,E01011229,3,1,0,1,1,0
2024311465506,2024,311465506,1,3,2,1,38,7,3,0,0,1,0,0,19,7,E01013224,3,1,0,1,4,0
2024501432398,2024,501432398,2,1,1,1,31,6,3,0,0,0,0,0,19,5,E01034169,3,1,0,1,4,0
2024010494567,2024,010494567,1,1,1,1,46,8,3,0,0,0,0,0,9,2,E01003390,3,1,0,1,1,0
2024010513988,2024,010513988,1,1,1,1,48,8,3,0,0,0,0,0,9,4,E01002592,3,1,0,1,1,0
2024052400899,2024,052400899,1,4,1,2,74,10,3,0,0,0,0,0,9,3,E01006681,-1,0,0.06996,0.93004,2,0
2024161485601,2024,161485601,1,1,1,1,28,6,3,0,0,0,0,0,9,3,E01012868,3,1,0,1,1,0
2024201436919,2024,201436919,2,2,2,1,12,3,3,0,0,2,0,0,9,6,E01010232,3,1,0,1,1,0
2024201445879,2024,201445879,3,1,1,2,48,8,3,0,0,0,0,0,9,1,E01034915,3,1,0,1,1,0
2024201483585,2024,201483585,2,1,1,2,33,6,3,0,0,0,0,0,9,-1,-1,3,1,0,1,-1,0
2024361492935,2024,361492935,2,1,1,2,67,10,3,0,0,0,0,0,9,2,E01018063,3,1,0,1,4,0
2024411452370,2024,411452370,2,2,1,2,50,8,3,0,0,0,0,0,9,6,E01003742,3,1,0,1,4,0
2024411463890,2024,411463890,1,3,2,2,58,9,3,0,0,1,0,0,9,-1,-1,3,1,0,1,-1,0
2024411463890,2024,411463890,1,1,1,1,69,10,2,0,0,0,0,0,9,5,E01033795,6,1,1,0,5,0
2024010495571,2024,010495571,1,1,1,1,34,6,3,0,0,0,0,0,1,-1,-1,3,1,0,1,-1,0
2024471461256,2024,471461256,1,1,1,1,14,3,3,0,0,0,0,0,1,5,E01031832,3,1,0,1,1,0
2024010502242,2024,010502242,1,1,1,1,45,7,2,0,0,0,0,0,5,-1,-1,7,1,1,0,-1,0
2024131533421,2024,131533421,1,2,3,1,41,7,3,1,1,0,0,-1,0,2,E01010993,3,1,0,1,1,0
2024461494602,2024,461494602,2,1,1,1,28,6,3,0,0,0,0,0,8,7,E01024403,3,1,0,1,3,0
2024010529361,2024,010529361,1,1,1,1,42,7,3,0,0,0,0,0,19,8,E01004553,3,1,0,1,1,0
2024131509913,2024,131509913,1,1,3,1,69,10,3,6,9,0,0,-1,0,4,E01010902,3,1,0,1,1,0
2024010542826,2024,010542826,1,1,1,-1,62,9,3,0,0,0,0,0,1,8,E01000862,3,1,0,1,1,0
2024101493062,2024,101493062,2,1,1,1,30,6,3,0,0,0,0,0,1,4,E01008244,3,1,0,1,1,0
2024141417857,2024,141417857,2,1,1,1,49,8,3,0,0,0,0,0,1,-1,-1,3,1,0,1,-1,0
2024010501247,2024,010501247,1,1,1,1,30,6,3,0,0,0,0,0,3,2,E01001161,3,1,0,1,1,0
2024461456934,2024,461456934,2,2,2,2,42,7,3,0,0,-1,0,0,5,1,E01016153,3,1,0,1,4,0
2024010510148,2024,010510148,4,5,1,1,60,9,3,0,0,0,0,0,9,5,E01003900,3,1,0,1,3,0
2024131479608,2024,131479608,2,2,2,1,14,3,3,0,0,2,0,0,9,7,E01011050,3,1,0,1,2,0
2024131505025,2024,131505025,2,2,2,2,86,11,2,0,0,1,0,0,9,4,E01011114,7,1,1,0,1,0
2024302400951,2024,302400951,2,1,1,1,51,8,3,0,0,0,0,0,9,7,E01029781,-1,0,0.00912,0.99088,4,0
2024522402519,2024,522402519,2,2,1,2,45,7,3,0,0,0,0,0,9,1,E01033369,-1,0,0.05593,0.94407,1,0
2024991403509,2024,991403509,2,1,2,2,37,7,3,0,0,2,0,0,9,-1,-1,3,1,0,1,-1,0
2024991513689,2024,991513689,2,1,1,2,25,5,3,0,0,0,0,0,9,3,-1,3,1,0,1,4,0
2024991513866,2024,991513866,1,1,1,1,31,6,3,0,0,0,0,0,90,4,-1,3,1,0,1,3,0
2024010544688,2024,010544688,1,1,1,1,32,6,3,0,0,0,0,0,9,9,E01000424,3,1,0,1,2,0
2024061458785,2024,061458785,1,2,2,1,14,3,3,0,0,1,0,0,9,-1,-1,3,1,0,1,-1,0
2024131409581,2024,131409581,2,1,1,2,41,7,2,0,0,0,0,0,9,7,E01011599,7,1,1,0,1,0
2024131510517,2024,131510517,2,1,1,2,32,6,3,0,0,0,0,0,9,4,E01011395,3,1,0,1,1,0
2024141475375,2024,141475375,2,3,2,2,6,2,3,0,0,2,0,0,9,9,E01011557,3,1,0,1,4,0
2024221417996,2024,221417996,1,1,1,2,43,7,3,0,0,0,0,0,9,9,E01030861,3,1,0,1,5,0
2024340WN5432,2024,340WN5432,2,2,2,2,48,8,3,0,0,1,0,0,9,1,E01005569,3,1,0,1,5,0
2024401498742,2024,401498742,1,1,1,1,52,8,3,0,0,0,0,0,9,8,E01034434,3,1,0,1,1,0
2024421430887,2024,421430887,2,1,1,1,84,11,3,0,0,0,0,0,9,10,E01021918,3,1,0,1,1,0
2024451512688,2024,451512688,2,1,1,2,50,8,3,0,0,0,0,0,9,5,E01002394,3,1,0,1,3,0
2024552401148,2024,552401148,1,1,1,2,56,9,3,0,0,0,0,0,9,7,E01020495,-1,0,0.0474,0.9526,1,0
2024991513689,2024,991513689,2,2,2,2,21,5,3,0,0,1,0,0,9,3,-1,3,1,0,1,4,0
2024991525214,2024,991525214,2,6,2,2,21,5,3,0,0,2,0,0,9,4,-1,3,1,0,1,3,0
2024010493719,2024,010493719,2,1,1,1,27,6,3,0,0,0,0,0,3,-1,-1,3,1,0,1,-1,0
2024421445023,2024,421445023,1,1,1,1,18,4,2,0,0,0,0,0,3,4,E01021955,7,1,1,0,1,0
2024471465024,2024,471465024,2,1,1,1,61,9,2,0,0,0,0,0,3,8,E01031726,7,1,1,0,1,0
2024010547241,2024,010547241,1,1,3,2,59,9,2,10,9,0,0,0,0,2,E01001654,6,1,1,0,3,0
2024010520760,2024,010520760,1,1,3,2,33,6,2,1,2,0,0,2,0,1,E01000521,7,1,1,0,2,0
2024332400973,2024,332400973,1,1,3,1,28,6,3,9,5,0,0,-1,0,1,E01034943,3,1,0,1,4,0
2024548871324,2024,548871324,1,1,3,1,41,7,3,8,5,0,0,1,0,2,E01032023,-1,0,0.07937,0.92063,3,0
2024471409622,2024,471409622,3,1,1,1,40,7,3,0,0,0,0,0,5,6,E01031390,3,1,0,1,3,0
2024061478550,2024,061478550,2,2,1,1,67,10,3,0,0,0,0,0,9,1,E01012433,3,1,0,1,4,0
2024141410724,2024,141410724,1,1,1,1,46,8,2,0,0,0,0,0,9,-1,-1,5,1,1,0,-1,0
2024221400400,2024,221400400,1,1,1,2,28,6,3,0,0,0,0,0,9,8,E01032226,3,1,0,1,1,0
2024351471663,2024,351471663,1,1,1,1,32,6,3,0,0,0,0,0,9,6,E01018190,3,1,0,1,1,0
2024461440033,2024,461440033,5,3,1,2,57,9,3,0,0,0,0,0,9,6,E01024709,3,1,0,1,1,0
2024471417438,2024,471417438,3,3,2,1,30,6,3,0,0,1,0,0,9,7,E01024810,3,1,0,1,4,0
2024631457584,2024,631457584,1,1,1,1,52,8,3,0,0,0,0,0,9,4,E01013555,3,1,0,1,5,0
2024061457860,2024,061457860,1,1,3,2,42,7,3,1,1,0,0,-1,0,1,E01005456,3,1,0,1,1,0
2024161511527,2024,161511527,2,1,1,1,51,8,2,0,0,0,0,0,1,9,E01013193,7,1,1,0,1,0
2024361418242,2024,361418242,2,1,1,1,47,8,3,0,0,0,0,0,1,7,E01026881,3,1,0,1,1,0
2024451497078,2024,451497078,2,1,1,2,61,9,2,0,0,0,0,0,1,8,E01030655,7,1,1,0,1,0
2024991483777,2024,991483777,1,1,1,1,43,7,2,0,0,0,0,0,1,2,-1,7,1,1,0,2,0
2024010490736,2024,010490736,2,1,1,1,18,4,3,0,0,0,0,0,3,3,E01002605,3,1,0,1,1,0
2024010517713,2024,010517713,1,1,2,1,36,7,3,0,0,1,0,0,9,4,E01003578,3,1,0,1,2,0
2024041457507,2024,041457507,2,1,1,1,40,7,3,0,0,0,0,0,9,4,E01011129,3,1,0,1,4,0
2024122400753,2024,122400753,1,1,1,1,43,7,3,0,0,0,0,0,9,10,E01027716,-1,0,0.02577,0.97423,1,0
2024131427613,2024,131427613,2,1,1,2,35,6,3,0,0,0,0,0,9,1,E01010941,3,1,0,1,1,0
2024052401559,2024,052401559,2,1,2,1,25,5,3,0,0,2,0,0,9,5,E01006595,-1,0,0.0043,0.9957,1,0
2024131489631,2024,131489631,1,1,2,2,22,5,3,0,0,1,0,0,9,3,E01011325,3,1,0,1,1,0
2024201523990,2024,201523990,1,1,2,2,22,5,2,0,0,1,0,0,9,-1,-1,5,1,1,0,-1,0
2024461530215,2024,461530215,2,2,1,1,52,8,3,0,0,0,0,0,9,5,E01000379,3,1,0,1,4,0
2024501431000,2024,501431000,2,3,2,1,13,3,3,0,0,2,0,0,9,3,E01018925,3,1,0,1,2,0
2024531501048,2024,531501048,2,1,1,1,37,7,3,0,0,0,0,0,9,6,E01034791,3,1,0,1,1,0
2024542673224,2024,542673224,2,1,1,2,58,9,3,0,0,0,0,0,9,8,E01032095,-1,0,0.01474,0.98526,2,0
2024991420046,2024,991420046,2,1,1,1,66,10,2,0,0,0,0,0,9,9,-1,6,1,1,0,4,0
2024052400196,2024,052400196,2,1,1,1,15,3,3,0,0,0,0,0,1,1,E01006447,-1,0,0.14683,0.85317,1,0
2024522402956,2024,522402956,2,1,1,2,29,6,3,0,0,0,0,0,1,7,E01014528,-1,0,0.13058,0.86942,1,0
2024010524786,2024,010524786,1,1,1,1,38,7,3,0,0,0,0,0,2,5,E01004071,3,1,0,1,3,0
2024010508537,2024,010508537,1,1,3,2,33,6,3,1,1,0,0,1,0,3,E01000984,3,1,0,1,1,0
2024141484168,2024,141484168,1,1,3,1,50,8,3,9,9,0,0,-1,0,1,E01007783,3,1,0,1,1,0
2024211451851,2024,211451851,1,1,3,1,26,6,3,4,3,0,0,-1,0,-1,-1,3,1,0,1,-1,0
2024311489646,2024,311489646,1,1,3,1,45,7,3,1,3,0,0,-1,0,4,E01026343,3,1,0,1,4,0
2024440121220,2024,440121220,1,1,3,1,54,8,3,9,5,0,0,1,0,-1,-1,-1,0,0,1,-1,0
2024010487293,2024,010487293,2,1,1,1,27,6,3,0,0,0,0,0,3,6,E01002161,3,1,0,1,1,0
2024010514542,2024,010514542,1,1,1,1,43,7,3,0,0,0,0,0,8,2,E01000954,3,1,0,1,1,0
2024141475375,2024,141475375,2,1,1,1,69,10,3,0,0,0,0,0,9,3,E01035506,3,1,0,1,4,0
2024411539064,2024,411539064,1,1,1,1,44,7,3,0,0,0,0,0,9,6,E01000265,3,1,0,1,3,0
2024421502156,2024,421502156,1,1,1,1,61,9,2,0,0,0,0,0,9,1,E01021317,6,1,1,0,2,0
2024991403509,2024,991403509,2,2,2,2,33,6,3,0,0,1,0,0,9,5,-1,3,1,0,1,1,0
2024991425929,2024,991425929,2,1,1,2,46,8,3,0,0,0,0,0,9,3,-1,3,1,0,1,1,0
2024010543487,2024,010543487,2,1,1,1,53,8,3,0,0,0,0,0,20,7,E01000169,3,1,0,1,3,0
2024991472461,2024,991472461,2,2,1,1,31,6,2,0,0,0,0,0,90,3,-1,5,1,1,0,1,0
2024131418902,2024,131418902,1,1,3,1,27,6,2,8,3,0,0,-1,0,2,E01010630,7,1,1,0,1,0
2024302401237,2024,302401237,1,2,3,1,30,6,3,9,7,0,0,1,0,2,E01019565,-1,0,0.08176,0.91824,3,0
2024991447439,2024,991447439,1,1,3,1,13,3,2,5,1,0,0,-1,0,10,-1,7,1,1,0,1,0
2024010548855,2024,010548855,1,1,1,1,39,7,3,0,0,0,0,0,1,9,E01001992,3,1,0,1,2,0
2024991502853,2024,991502853,1,1,1,1,43,7,3,0,0,0,0,0,1,6,-1,3,1,0,1,2,0
2024010490445,2024,010490445,1,2,2,2,21,5,3,0,0,1,0,0,9,-1,-1,3,1,0,1,-1,0
2024041457507,2024,041457507,1,2,1,1,22,5,2,0,0,0,0,0,9,1,E01025295,7,1,1,0,3,0
2024451432024,2024,451432024,3,1,1,1,48,8,3,0,0,0,0,0,9,9,E01000753,3,1,0,1,3,0
2024552400642,2024,552400642,1,1,1,2,69,10,3,0,0,0,0,0,9,5,E01016392,-1,0,0.05679,0.94321,4,0
2024201440997,2024,201440997,1,2,2,2,45,7,3,0,0,0,4,0,11,1,E01009020,3,1,0,1,2,0
2024010545938,2024,010545938,1,1,3,1,34,6,2,5,1,0,0,0,0,-1,-1,7,1,1,0,-1,0
2024010489581,2024,010489581,2,1,1,1,29,6,3,0,0,0,0,0,1,7,E01001937,3,1,0,1,1,0
2024010538608,2024,010538608,1,1,1,1,18,4,3,0,0,0,0,0,1,4,E01000035,3,1,0,1,2,0
2024010539140,2024,010539140,2,1,1,1,32,6,2,0,0,0,0,0,1,4,E01002620,7,1,1,0,3,0
2024302401454,2024,302401454,1,1,1,2,17,4,2,0,0,0,0,0,3,2,E01019777,-1,0,1,0,3,0
2024010502434,2024,010502434,2,1,1,1,46,8,2,0,0,0,0,0,5,-1,-1,6,1,1,0,-1,0
2024101495902,2024,101495902,1,2,1,1,78,11,3,0,0,0,0,0,9,7,E01008529,3,1,0,1,2,0
2024201456016,2024,201456016,2,2,1,1,56,9,3,0,0,0,0,0,9,2,E01009509,3,1,0,1,2,0
2024201470332,2024,201470332,2,2,2,2,25,5,3,0,0,1,0,0,9,1,E01010102,3,1,0,1,1,0
2024401476798,2024,401476798,1,1,1,2,43,7,3,0,0,0,0,0,9,9,E01033833,3,1,0,1,3,0
2024421434458,2024,421434458,2,2,2,2,77,11,2,0,0,1,0,0,9,8,E01021332,7,1,1,0,1,0
2024461424651,2024,461424651,1,1,1,1,63,9,2,0,0,0,0,0,9,7,E01024635,5,1,1,0,4,0
2024471482842,2024,471482842,2,3,2,1,32,6,3,0,0,1,0,0,9,6,E01021054,3,1,0,1,1,0
2024010505100,2024,010505100,1,1,3,1,12,3,2,4,2,0,0,0,0,2,E01003966,7,1,1,0,1,0
2024522402072,2024,522402072,1,1,1,1,42,7,3,0,0,0,0,0,1,5,E01035225,-1,0,0.11725,0.88275,2,0
2024010490158,2024,010490158,1,1,1,1,28,6,3,0,0,0,0,0,3,-1,-1,3,1,0,1,-1,0
2024122400630,2024,122400630,1,2,2,1,30,6,3,0,0,2,0,0,9,8,E01028032,-1,0,0.04203,0.95797,4,0
2024221454693,2024,221454693,3,1,1,2,56,9,3,0,0,0,0,0,9,8,E01018677,3,1,0,1,5,0
2024302401313,2024,302401313,2,1,1,2,66,10,3,0,0,0,0,0,9,-1,-1,-1,0,0.01878,0.98122,-1,0
2024430023243,2024,430023243,2,1,1,2,21,5,3,0,0,0,0,0,9,6,E01027292,-1,0,0.00132,0.99868,1,0
2024430326604,2024,430326604,2,1,1,9,28,6,3,0,0,0,0,0,9,-1,-1,-1,0,0.00196,0.99804,-1,0
2024542673224,2024,542673224,1,2,1,1,41,7,3,0,0,0,0,0,9,9,E01031879,-1,0,0.04147,0.95853,4,0
2024991442398,2024,991442398,1,1,1,1,21,5,3,0,0,0,0,0,9,8,-1,3,1,0,1,3,0
2024010526008,2024,010526008,1,2,2,-1,-1,-1,3,0,0,1,0,0,9,3,E01002527,3,1,0,1,2,0
2024031471063,2024,031471063,2,1,1,2,39,7,3,0,0,0,0,0,9,5,E01019392,3,1,0,1,2,0
2024050414472,2024,050414472,2,1,1,1,32,6,3,0,0,0,0,0,9,6,E01019852,-1,0,0.03319,0.96681,5,0
2024052400899,2024,052400899,1,3,2,1,73,10,3,0,0,1,0,0,9,3,E01006681,-1,0,0.0713,0.9287,2,0
2024061514883,2024,061514883,1,3,2,1,60,9,3,0,0,2,0,0,9,2,E01006033,3,1,0,1,1,0
2024122401136,2024,122401136,1,1,1,2,55,8,3,0,0,0,0,0,9,10,E01027712,-1,0,0.0772,0.9228,3,0
2024161447665,2024,161447665,1,1,1,1,36,7,3,0,0,0,0,0,9,1,E01012876,3,1,0,1,4,0
2024211512815,2024,211512815,2,1,1,1,62,9,3,0,0,0,0,0,9,1,E01014361,3,1,0,1,2,0
2024451467385,2024,451467385,1,1,1,2,21,5,3,0,0,0,0,0,9,10,E01022793,3,1,0,1,4,0
2024451504520,2024,451504520,2,4,2,2,18,4,3,0,0,1,0,0,9,10,E01027205,3,1,0,1,5,0
2024610057024,2024,610057024,3,3,1,1,40,7,3,0,0,1,0,0,9,-1,-1,-1,0,0.06499,0.93501,-1,0
2024451468245,2024,451468245,1,1,2,2,62,9,3,0,0,0,0,0,10,7,E01004164,3,1,0,1,3,0
2024070478232,2024,070478232,1,1,3,1,50,8,3,6,9,0,0,1,0,2,E01012402,-1,0,0.10509,0.89491,3,0
2024440478586,2024,440478586,1,2,3,1,72,10,3,5,3,0,0,0,0,7,E01020428,-1,0,0,1,4,0
2024010528371,2024,010528371,1,1,1,2,25,5,3,0,0,0,0,0,1,4,E01000608,3,1,0,1,1,0
2024010540594,2024,010540594,1,1,1,1,26,6,3,0,0,0,0,0,3,4,E01003608,3,1,0,1,1,0
2024131460058,2024,131460058,1,1,1,1,20,4,3,0,0,0,0,0,3,3,E01011601,3,1,0,1,1,0
2024340WN0962,2024,340WN0962,2,1,1,1,19,4,2,0,0,0,0,0,4,5,E01027302,7,1,1,0,2,0
2024131428463,2024,131428463,1,2,2,1,5,1,2,0,0,2,0,0,9,1,E01011312,7,1,1,0,1,0
2024211468757,2024,211468757,1,1,1,1,25,5,1,0,0,0,0,0,9,8,E01029416,1,1,0,0,2,0
2024340WN4282,2024,340WN4282,1,1,1,2,30,6,3,0,0,0,0,0,9,10,E01034655,3,1,0,1,4,0
2024340WN5432,2024,340WN5432,2,3,2,1,36,7,3,0,0,2,0,0,9,3,E01005465,3,1,0,1,5,0
2024430040727,2024,430040727,1,1,1,1,46,8,1,0,0,0,0,0,9,3,E01032582,-1,0,0,0,4,0
2024451444216,2024,451444216,2,2,1,1,27,6,3,0,0,0,0,0,9,9,E01023136,3,1,0,1,3,0
2024451527676,2024,451527676,2,2,2,2,7,2,3,0,0,2,0,0,9,10,E01030876,3,1,0,1,4,0
2024471410742,2024,471410742,2,2,1,1,25,5,3,0,0,0,0,0,9,8,E01031491,3,1,0,1,3,0
2024631422247,2024,631422247,1,1,1,1,56,9,1,0,0,0,0,0,9,6,W01000664,1,1,0,0,3,0
2024010536180,2024,010536180,2,1,2,2,35,6,3,0,0,0,4,0,11,3,E01003571,3,1,0,1,2,0
2024010508983,2024,010508983,1,1,1,1,38,7,3,0,0,0,0,0,9,-1,-1,3,1,0,1,-1,0
2024010534784,2024,010534784,1,2,2,2,62,9,3,0,0,1,0,0,9,5,E01033446,3,1,0,1,4,0
2024070716922,2024,070716922,1,3,2,1,4,1,3,0,0,2,0,0,9,7,E01007113,3,1,0,1,3,0
2024141434595,2024,141434595,1,1,2,2,42,7,3,0,0,1,0,0,9,-1,-1,3,1,0,1,-1,0
2024141491782,2024,141491782,2,2,2,2,62,9,3,0,0,1,0,0,9,3,E01007676,3,1,0,1,1,0
2024351537260,2024,351537260,2,1,1,2,66,10,3,0,0,0,0,0,9,6,E01003663,3,1,0,1,4,0
2024471404573,2024,471404573,1,2,2,2,8,2,3,0,0,1,0,0,9,4,E01021096,3,1,0,1,1,0
2024501419039,2024,501419039,1,1,1,2,85,11,3,0,0,0,0,0,9,9,E01015197,3,1,0,1,2,0
2024991464272,2024,991464272,1,1,2,2,23,5,3,0,0,2,0,0,9,-1,-1,3,1,0,1,-1,0
2024010543487,2024,010543487,2,2,2,1,31,6,3,0,0,0,0,0,20,10,E01032956,3,1,0,1,4,0
2024010542589,2024,010542589,1,1,1,1,29,6,3,0,0,0,0,0,3,-1,-1,3,1,0,1,-1,0
2024041518206,2024,041518206,1,1,3,2,61,9,3,6,9,0,0,-1,0,1,E01025139,3,1,0,1,2,0
2024361437098,2024,361437098,1,1,3,1,65,9,3,10,9,0,0,-1,0,7,E01026427,3,1,0,1,3,0
2024481557893,2024,481557893,1,1,3,2,24,5,3,1,1,0,0,-1,0,-1,-1,3,1,0,1,-1,0
2024501490361,2024,501490361,2,1,1,1,43,7,2,0,0,0,0,0,1,5,E01020068,7,1,1,0,1,0
2024010529961,2024,010529961,1,1,1,1,33,6,2,0,0,0,0,0,3,-1,-1,-1,0,1,0,-1,0
2024041485389,2024,041485389,2,2,1,1,44,7,3,0,0,0,0,0,9,4,E01012633,3,1,0,1,1,0
2024061476711,2024,061476711,1,1,1,1,30,6,3,0,0,0,0,0,9,2,E01005450,3,1,0,1,3,0
2024401414422,2024,401414422,2,1,1,2,46,8,3,0,0,0,0,0,9,9,E01017452,3,1,0,1,3,0
2024451494640,2024,451494640,2,1,2,2,18,4,2,0,0,1,0,0,9,6,E01030451,7,1,1,0,3,0
2024451504520,2024,451504520,2,6,2,1,36,7,3,0,0,2,0,0,9,3,E01017601,3,1,0,1,4,0
2024991525214,2024,991525214,2,5,1,2,21,5,3,0,0,0,0,0,9,9,-1,3,1,0,1,4,0
2024141410015,2024,141410015,1,1,3,2,11,3,3,5,1,0,0,-1,0,9,E01007386,3,1,0,1,1,0
2024201417324,2024,201417324,1,1,3,1,83,11,3,5,3,0,0,-1,0,1,E01009889,3,1,0,1,1,0
2024201493205,2024,201493205,2,1,3,1,47,8,3,6,9,0,0,-1,0,-1,-1,3,1,0,1,-1,0
2024122400491,2024,122400491,2,1,1,1,32,6,3,0,0,0,0,0,2,3,E01027810,-1,0,0.04054,0.95946,1,0
2024010489024,2024,010489024,1,2,2,1,22,5,2,0,0,0,0,0,4,7,E01004588,7,1,1,0,2,0
2024041521222,2024,041521222,1,1,1,1,26,6,3,0,0,0,0,0,9,1,E01025082,3,1,0,1,2,0
2024201505968,2024,201505968,1,1,2,2,57,9,3,0,0,1,0,0,9,-1,-1,3,1,0,1,-1,0
2024201526280,2024,201526280,2,2,2,2,42,7,3,0,0,1,0,0,9,5,E01009590,3,1,0,1,4,0
2024201533753,2024,201533753,2,6,2,1,15,3,3,0,0,2,0,0,9,-1,-1,3,1,0,1,-1,0
2024231501620,2024,231501620,2,1,1,2,60,9,2,0,0,0,0,0,9,9,E01027006,6,1,1,0,2,0
2024361470953,2024,361470953,2,2,1,2,25,5,2,0,0,0,0,0,9,4,E01026794,7,1,1,0,4,0
2024520403447,2024,520403447,2,1,1,1,26,6,3,0,0,0,0,0,9,7,E01029092,-1,0,0.0963,0.9037,1,0
2024552400367,2024,552400367,1,1,1,2,52,8,3,0,0,0,0,0,9,3,E01015359,-1,0,0.05351,0.94649,1,0
2024610057024,2024,610057024,1,1,1,2,39,7,3,0,0,1,0,0,9,-1,-1,-1,0,0.03316,0.96684,-1,0
2024522402519,2024,522402519,1,4,2,2,34,6,3,0,0,0,0,0,19,5,E01035222,-1,0,0.06491,0.93509,2,0
2024631435534,2024,631435534,1,1,3,1,19,4,2,9,5,0,0,-1,0,5,E01014035,5,1,1,0,4,0
2024010487533,2024,010487533,2,1,1,-1,-1,-1,3,0,0,0,0,0,1,-1,-1,3,1,0,1,-1,0
2024010531065,2024,010531065,1,1,1,1,28,6,2,0,0,0,0,0,1,4,E01003053,7,1,1,0,1,0
2024141420278,2024,141420278,2,1,1,2,17,4,2,0,0,0,0,0,1,7,E01012993,7,1,1,0,3,0
2024430426030,2024,430426030,1,1,1,1,20,4,3,0,0,0,0,0,4,7,E01028483,-1,0,0.06264,0.93736,4,0
2024041485785,2024,041485785,1,1,1,1,80,11,3,0,0,0,0,0,9,7,E01025169,3,1,0,1,4,0
2024061468228,2024,061468228,1,1,1,1,55,8,3,0,0,0,0,0,9,7,E01031013,3,1,0,1,5,0
2024340WN4882,2024,340WN4882,2,1,2,2,27,6,3,0,0,1,0,0,9,-1,-1,3,1,0,1,-1,0
2024451498348,2024,451498348,2,4,1,1,77,11,3,0,0,0,0,0,9,4,E01003102,3,1,0,1,4,0
2024622400520,2024,622400520,2,4,2,1,5,1,3,0,0,2,0,0,9,-1,-1,-1,0,0.02078,0.97922,-1,0
2024622400520,2024,622400520,2,2,1,1,66,10,3,0,0,0,0,0,9,-1,-1,-1,0,0.04278,0.95722,-1,0
2024411407609,2024,411407609,2,1,2,1,26,6,3,0,0,2,0,0,19,3,E01030161,3,1,0,1,5,0
2024430334265,2024,430334265,2,1,2,1,66,10,3,0,0,0,4,0,11,-1,-1,-1,0,0.02681,0.97319,-1,0
2024010490979,2024,010490979,1,1,1,1,49,8,3,0,0,0,0,0,9,7,E01002939,3,1,0,1,1,0
2024010513925,2024,010513925,1,1,1,2,22,5,3,0,0,0,0,0,9,3,E01003229,3,1,0,1,1,0
2024010544000,2024,010544000,1,2,2,2,47,8,3,0,0,1,0,0,9,3,E01001491,3,1,0,1,1,0
2024052402625,2024,052402625,2,4,2,2,73,10,3,0,0,1,0,0,9,4,E01013534,-1,0,0.06297,0.93703,5,0
2024070218124,2024,070218124,2,1,1,2,36,7,3,0,0,0,0,0,9,9,E01012376,-1,0,0.00529,0.99471,1,0
2024131507822,2024,131507822,1,1,1,1,51,8,2,0,0,0,0,0,9,3,E01011175,6,1,1,0,2,0
2024131525052,2024,131525052,1,1,1,2,37,7,3,0,0,0,0,0,9,8,E01011596,3,1,0,1,1,0
2024221438682,2024,221438682,1,1,1,2,38,7,3,0,0,0,0,0,9,2,E01010506,3,1,0,1,4,0
2024311428076,2024,311428076,1,1,1,1,31,6,3,0,0,0,0,0,9,1,E01013688,3,1,0,1,4,0
2024401476479,2024,401476479,2,1,2,2,13,3,3,0,0,2,0,0,9,3,E01017619,3,1,0,1,1,0
2024421405980,2024,421405980,3,2,2,2,25,5,3,0,0,1,0,0,9,2,E01004398,3,1,0,1,4,0
2024461526436,2024,461526436,3,1,2,2,61,9,3,0,0,1,0,0,9,-1,-1,3,1,0,1,-1,0
2024531480032,2024,531480032,2,1,1,1,53,8,3,0,0,0,0,0,9,4,E01022310,3,1,0,1,3,0
2024421460222,2024,421460222,2,1,1,1,48,8,3,0,0,0,0,0,21,9,E01002471,3,1,0,1,4,0
2024041475208,2024,041475208,1,1,1,1,59,9,2,0,0,0,0,0,97,7,E01025565,5,1,1,0,4,0
2024010518860,2024,010518860,1,1,1,1,26,6,3,0,0,0,0,0,3,2,E01001558,3,1,0,1,1,0
202454D473024,2024,54D473024,2,1,1,1,31,6,2,0,0,0,0,0,5,8,E01032038,-1,0,1,0,1,0
2024010539837,2024,010539837,1,1,3,2,78,11,2,1,3,0,0,0,0,4,E01003621,5,1,1,0,1,0
2024522402190,2024,522402190,1,1,3,2,22,5,3,5,9,0,0,0,0,5,W01001725,-1,0,0.09075,0.90925,4,0
2024010503756,2024,010503756,1,1,1,1,36,7,3,0,0,0,0,0,1,4,E01003608,3,1,0,1,1,0
2024010517292,2024,010517292,3,1,1,1,36,7,3,0,0,0,0,0,4,4,E01000489,3,1,0,1,1,0
2024201505632,2024,201505632,1,2,2,2,22,5,3,0,0,2,0,0,8,1,E01034735,3,1,0,1,1,0
2024010490512,2024,010490512,2,2,1,1,40,7,3,0,0,0,0,0,9,5,E01003939,3,1,0,1,2,0
2024010521730,2024,010521730,1,3,2,2,42,7,3,0,0,2,0,0,9,3,E01015907,3,1,0,1,4,0
2024070349540,2024,070349540,1,1,1,2,19,4,3,0,0,0,0,0,9,9,E01018403,-1,0,0.08572,0.91428,2,0
2024361528988,2024,361528988,2,1,1,1,36,7,1,0,0,0,0,0,9,4,E01026628,1,1,0,0,3,0
2024451429814,2024,451429814,2,1,1,2,28,6,3,0,0,0,0,0,9,8,E01030302,3,1,0,1,1,0
2024471469817,2024,471469817,2,1,1,2,49,8,3,0,0,0,0,0,9,9,E01031648,3,1,0,1,1,0
2024501407155,2024,501407155,1,1,1,2,33,6,3,0,0,0,0,0,9,9,E01020023,3,1,0,1,4,0
2024552401331,2024,552401331,2,1,1,2,35,6,3,0,0,0,0,0,9,10,E01015398,-1,0,0.00377,0.99623,1,0
2024991415139,2024,991415139,2,1,1,1,73,10,3,0,0,0,0,0,9,7,-1,3,1,0,1,3,0
2024991416369,2024,991416369,1,1,1,1,32,6,2,0,0,0,0,0,9,7,-1,6,1,1,0,3,0
2024010504761,2024,010504761,1,1,2,2,54,8,3,0,0,0,4,0,11,-1,-1,3,1,0,1,-1,0
2024122401290,2024,122401290,1,2,2,2,55,8,3,0,0,0,2,0,11,10,E01027901,-1,0,0.07071,0.92929,1,0
2024010525995,2024,010525995,1,1,2,2,18,4,3,0,0,2,0,0,9,3,E01000089,3,1,0,1,1,0
2024010530937,2024,010530937,2,1,1,2,43,7,3,0,0,0,0,0,9,7,E01034154,3,1,0,1,1,0
2024061405390,2024,061405390,3,1,1,1,37,7,3,0,0,0,0,0,9,1,E01034336,3,1,0,1,3,0
2024061458785,2024,061458785,1,1,1,1,58,9,3,0,0,0,0,0,9,8,E01005049,3,1,0,1,2,0
2024122400630,2024,122400630,1,1,2,1,24,5,3,0,0,2,0,0,9,2,E01026382,-1,0,0.04246,0.95754,4,0
2024451494777,2024,451494777,1,2,2,1,11,3,3,0,0,1,0,0,9,6,E01024406,3,1,0,1,4,0
2024522401329,2024,522401329,2,2,1,2,41,7,3,0,0,0,0,0,9,4,E01015007,-1,0,0.0377,0.9623,4,0
2024371537232,2024,371537232,2,1,1,1,16,4,3,0,0,0,0,0,1,7,E01029937,3,1,0,1,1,0
2024440099264,2024,440099264,2,1,1,1,74,10,3,0,0,0,0,0,1,10,E01022931,-1,0,0,1,1,0
2024440214709,2024,440214709,1,1,1,1,23,5,3,0,0,0,0,0,1,2,E01022902,-1,0,0,1,4,0
2024010539873,2024,010539873,1,1,3,2,35,6,3,1,3,0,0,0,0,1,E01000528,3,1,0,1,1,0
2024010529758,2024,010529758,2,1,1,1,16,4,3,0,0,0,0,0,1,9,E01001299,3,1,0,1,1,0
2024010501990,2024,010501990,2,1,1,1,18,4,3,0,0,0,0,0,3,5,E01000505,3,1,0,1,1,0
2024010527818,2024,010527818,1,1,1,2,35,6,3,0,0,0,0,0,9,2,E01000508,3,1,0,1,1,0
2024101497060,2024,101497060,2,2,2,2,55,8,3,0,0,1,0,0,9,-1,-1,3,1,0,1,-1,0
2024141507723,2024,141507723,2,1,1,1,88,11,2,0,0,0,0,0,9,1,E01007578,6,1,1,0,1,0
2024211464297,2024,211464297,2,2,1,2,28,6,3,0,0,0,0,0,9,5,E01014319,3,1,0,1,3,0
2024401484191,2024,401484191,2,1,1,1,24,5,3,0,0,0,0,0,9,8,E01007921,3,1,0,1,5,0
2024520402985,2024,520402985,1,1,1,1,24,5,3,0,0,0,0,0,9,10,E01014822,-1,0,0.17395,0.82605,4,0
2024552400584,2024,552400584,2,1,1,2,29,6,3,0,0,0,0,0,9,7,E01015414,-1,0,0.01483,0.98517,4,0
2024131478715,2024,131478715,2,1,1,2,56,9,3,0,0,0,0,0,9,2,E01007465,3,1,0,1,3,0
2024302401078,2024,302401078,2,1,1,1,44,7,3,0,0,0,0,0,9,10,E01011270,-1,0,0.00685,0.99315,4,0
2024552400996,2024,552400996,1,1,1,2,18,4,3,0,0,0,0,0,9,5,E01020462,-1,0,0.03102,0.96898,2,0
2024991528480,2024,991528480,2,2,2,2,33,6,3,0,0,2,0,0,9,1,-1,3,1,0,1,4,0
2024631422247,2024,631422247,2,2,2,1,48,8,3,0,0,0,0,0,21,1,W01001652,3,1,0,1,4,0
2024010510282,2024,010510282,1,1,1,1,49,8,3,0,0,0,0,0,3,6,E01034595,3,1,0,1,1,0
2024101517978,2024,101517978,1,1,1,1,27,6,3,0,0,0,0,0,3,-1,-1,3,1,0,1,-1,0
2024451477995,2024,451477995,1,1,1,1,20,4,3,0,0,0,0,0,3,4,E01030664,3,1,0,1,1,0
2024531421645,2024,531421645,1,1,1,1,70,10,3,0,0,0,0,0,5,5,E01022428,3,1,0,1,1,0
2024201512362,2024,201512362,1,1,3,2,44,7,3,8,9,0,0,-1,0,-1,-1,3,1,0,1,-1,0
2024520403339,2024,520403339,1,1,3,1,35,6,1,6,9,0,0,1,0,2,E01029098,-1,0,0,0,4,0
2024411407680,2024,411407680,2,1,1,1,38,7,3,0,0,0,0,0,19,7,E01026994,3,1,0,1,4,0
2024010531166,2024,010531166,1,1,2,2,0,1,3,0,0,0,4,0,11,4,E01033942,3,1,0,1,1,0
2024010489881,2024,010489881,1,1,2,2,22,5,3,0,0,1,0,0,9,3,E01002429,3,1,0,1,1,0
2024131414005,2024,131414005,4,2,2,2,18,4,3,0,0,2,0,0,9,1,E01011357,3,1,0,1,1,0
2024401529324,2024,401529324,1,1,1,2,19,4,2,0,0,0,0,0,9,6,E01002142,6,1,1,0,4,0
2024531531066,2024,531531066,1,1,1,1,54,8,3,0,0,0,0,0,9,10,E01032940,3,1,0,1,1,0
2024201433449,2024,201433449,2,2,1,1,56,9,3,0,0,0,0,0,1,7,E01009682,3,1,0,1,1,0
2024311444176,2024,311444176,1,1,3,1,23,5,2,5,1,0,0,-1,0,7,E01019680,7,1,1,0,4,0
2024991524354,2024,991524354,1,1,3,2,58,9,2,1,1,0,0,-1,0,3,-1,6,1,1,0,1,0
2024010514202,2024,010514202,2,1,1,1,38,7,3,0,0,0,0,0,19,-1,-1,3,1,0,1,-1,0
2024061505812,2024,061505812,2,3,2,2,75,10,2,0,0,0,4,0,11,2,E01004858,7,1,1,0,1,0
2024010493577,2024,010493577,1,1,1,1,22,5,1,0,0,0,0,0,9,7,E01033133,1,1,0,0,1,0
2024041399618,2024,041399618,2,1,2,2,8,2,3,0,0,2,0,0,9,8,E01034347,3,1,0,1,1,0
2024041468608,2024,041468608,2,3,2,2,81,11,3,0,0,2,0,0,9,4,-1,3,1,0,1,5,0
2024201482781,2024,201482781,2,1,1,1,-1,-1,3,0,0,0,0,0,9,10,E01009704,3,1,0,1,1,0
2024201510454,2024,201510454,2,1,1,1,37,7,3,0,0,0,0,0,9,8,E01009456,3,1,0,1,1,0
2024340NN3222,2024,340NN3222,2,1,1,1,32,6,3,0,0,0,0,0,9,7,E01032967,3,1,0,1,1,0
2024401476798,2024,401476798,1,3,2,2,21,5,3,0,0,2,0,0,9,-1,-1,3,1,0,1,-1,0
2024451439501,2024,451439501,1,1,1,2,37,7,3,0,0,0,0,0,9,4,E01030400,3,1,0,1,3,0
2024471492311,2024,471492311,1,1,1,1,36,7,3,0,0,0,0,0,9,8,E01021150,3,1,0,1,1,0
2024991430213,2024,991430213,1,2,1,1,50,8,3,0,0,0,0,0,9,9,-1,3,1,0,1,3,0
2024010542278,2024,010542278,2,1,1,1,35,6,3,0,0,0,0,0,1,3,E01004251,3,1,0,1,1,0
2024010547817,2024,010547817,1,1,1,2,46,8,3,0,0,0,0,0,1,2,E01001955,3,1,0,1,1,0
2024010501799,2024,010501799,2,1,1,1,30,6,3,0,0,0,0,0,3,-1,-1,3,1,0,1,-1,0
2024991416921,2024,991416921,1,1,3,1,43,7,3,9,5,0,0,-1,0,6,-1,3,1,0,1,4,0
2024501432398,2024,501432398,2,2,2,1,31,6,3,0,0,1,0,0,19,2,E01015262,3,1,0,1,4,0
2024010546037,2024,010546037,1,1,3,2,38,7,3,9,5,0,0,0,0,8,E01002021,3,1,0,1,1,0
2024471480069,2024,471480069,1,1,3,1,65,9,2,6,9,0,0,-1,0,10,E01031804,7,1,1,0,4,0
2024010523978,2024,010523978,1,1,1,1,47,8,2,0,0,0,0,0,1,10,E01003858,6,1,1,0,2,0
2024010528078,2024,010528078,1,1,1,2,32,6,3,0,0,0,0,0,3,4,E01001182,3,1,0,1,2,0
2024010513988,2024,010513988,2,2,1,2,22,5,3,0,0,0,0,0,9,4,E01002558,3,1,0,1,1,0
2024131403253,2024,131403253,1,2,1,1,21,5,3,0,0,0,0,0,9,2,E01010715,3,1,0,1,3,0
2024131489631,2024,131489631,1,2,1,2,19,4,3,0,0,0,0,0,9,2,E01011379,3,1,0,1,2,0
2024141521609,2024,141521609,1,1,1,2,37,7,2,0,0,0,0,0,9,-1,-1,6,1,1,0,-1,0
2024421434458,2024,421434458,2,1,1,1,79,11,2,0,0,0,0,0,9,8,E01021332,7,1,1,0,1,0
2024471418860,2024,471418860,1,2,2,2,-1,-1,3,0,0,1,0,0,9,1,E01020979,3,1,0,1,1,0
2024471469817,2024,471469817,2,2,2,2,12,3,3,0,0,2,0,0,9,9,E01031648,3,1,0,1,1,0
2024631430255,2024,631430255,3,2,2,2,67,10,3,0,0,1,0,0,9,5,W01001038,3,1,0,1,4,0
2024991439441,2024,991439441,2,2,1,2,31,6,3,0,0,0,0,0,9,1,-1,3,1,0,1,4,0
2024231490472,2024,231490472,2,2,1,1,76,11,3,0,0,0,0,0,19,10,E01031214,3,1,0,1,1,0
2024101530040,2024,101530040,2,1,1,2,57,9,3,0,0,0,0,0,9,5,E01008727,3,1,0,1,3,0
2024131449066,2024,131449066,2,1,1,1,76,11,2,0,0,0,0,0,9,4,E01010982,6,1,1,0,1,0
2024211434168,2024,211434168,1,1,1,1,78,11,3,0,0,0,0,0,9,8,E01029794,3,1,0,1,1,0
2024451439862,2024,451439862,1,1,1,2,49,8,3,0,0,0,0,0,9,5,E01030569,3,1,0,1,2,0
2024111462670,2024,111462670,1,1,1,1,60,9,2,0,0,0,0,0,1,-1,-1,7,1,1,0,-1,0
2024451493570,2024,451493570,2,1,1,1,13,3,3,0,0,0,0,0,1,-1,-1,3,1,0,1,-1,0
2024010510030,2024,010510030,2,1,1,1,48,8,2,0,0,0,0,0,3,4,E01003597,5,1,1,0,1,0
2024991399564,2024,991399564,2,1,3,1,60,9,2,9,8,0,0,-1,0,1,-1,6,1,1,0,4,0
2024010509229,2024,010509229,1,1,3,2,79,11,3,4,9,0,0,0,0,-1,-1,3,1,0,1,-1,0
2024010518199,2024,010518199,1,1,3,1,69,10,2,1,3,0,0,0,0,-1,-1,7,1,1,0,-1,0
2024991396978,2024,991396978,1,1,3,1,18,4,3,9,5,0,0,-1,0,2,-1,3,1,0,1,4,0
2024010493438,2024,010493438,1,1,1,1,26,6,2,0,0,0,0,0,1,5,E01002119,7,1,1,0,3,0
2024161497918,2024,161497918,2,1,1,2,65,9,2,0,0,0,0,0,1,1,E01012790,7,1,1,0,3,0
2024471439062,2024,471439062,1,1,1,1,36,7,3,0,0,0,0,0,1,10,E01031800,3,1,0,1,1,0
2024010546088,2024,010546088,1,1,1,1,33,6,3,0,0,0,0,0,9,9,E01033956,3,1,0,1,4,0
2024101459297,2024,101459297,2,1,1,2,32,6,3,0,0,0,0,0,9,7,E01008197,3,1,0,1,1,0
2024131505025,2024,131505025,2,1,1,2,75,10,3,0,0,0,0,0,9,9,E01011117,3,1,0,1,2,0
2024451523772,2024,451523772,1,1,1,2,34,6,3,0,0,0,0,0,9,10,E01030500,3,1,0,1,3,0
2024471488286,2024,471488286,2,3,2,2,15,3,3,0,0,1,0,0,9,9,E01021161,3,1,0,1,3,0
2024531483075,2024,531483075,2,1,1,1,45,7,3,0,0,0,0,0,9,6,E01022261,3,1,0,1,1,0
2024010497427,2024,010497427,5,2,1,2,62,9,3,0,0,0,0,0,9,5,E01002621,3,1,0,1,2,0
2024161447665,2024,161447665,1,2,2,2,36,7,3,0,0,1,0,0,9,2,E01012872,3,1,0,1,4,0
2024201470332,2024,201470332,2,1,1,1,25,5,3,0,0,0,0,0,9,1,E01010102,3,1,0,1,1,0
2024221516476,2024,221516476,1,1,1,1,78,11,3,0,0,0,0,0,9,9,E01010183,3,1,0,1,1,0
2024311548088,2024,311548088,1,1,1,2,21,5,3,0,0,0,0,0,9,-1,-1,3,1,0,1,-1,0
2024401476798,2024,401476798,1,2,2,2,31,6,3,0,0,2,0,0,9,10,E01033966,3,1,0,1,4,0
2024440036484,2024,440036484,1,1,1,1,50,8,3,0,0,0,0,0,9,5,E01030484,-1,0,0,1,4,0
2024461471695,2024,461471695,2,1,2,2,76,11,3,0,0,1,0,0,9,9,E01003462,3,1,0,1,4,0
2024520402896,2024,520402896,1,1,1,2,61,9,3,0,0,0,0,0,9,7,E01029166,-1,0,0.08004,0.91996,2,0
2024010530989,2024,010530989,1,1,1,1,42,7,3,0,0,0,0,0,1,7,E01003283,3,1,0,1,1,0
2024332400346,2024,332400346,1,1,1,1,58,9,2,0,0,0,0,0,5,8,E01025911,7,1,1,0,2,0
2024631507688,2024,631507688,2,1,1,1,34,6,2,0,0,0,0,0,90,8,W01000439,6,1,1,0,4,0
2024010508424,2024,010508424,1,1,3,1,69,10,3,5,3,0,0,0,0,4,E01004303,3,1,0,1,1,0
2024052400695,2024,052400695,1,1,3,1,21,5,3,9,5,0,0,1,0,4,E01007053,-1,0,0.12176,0.87824,1,0
2024522402013,2024,522402013,1,1,3,2,60,9,3,1,1,0,0,0,0,7,E01014917,-1,0,0.10571,0.89429,2,0
2024302401039,2024,302401039,1,1,1,1,28,6,3,0,0,0,0,0,19,5,E01009023,-1,0,0.01868,0.98132,4,0
2024061501834,2024,061501834,1,1,1,2,25,5,3,0,0,0,0,0,9,1,E01005578,3,1,0,1,1,0
2024070387038,2024,070387038,2,1,1,2,36,7,3,0,0,0,0,0,9,1,E01034122,-1,0,0.04711,0.95289,4,0
2024351479631,2024,351479631,1,1,2,2,89,11,3,0,0,2,0,0,9,6,E01011521,3,1,0,1,5,0
2024451431679,2024,451431679,2,1,2,2,20,4,3,0,0,1,0,0,9,9,E01034697,3,1,0,1,5,0
2024451444216,2024,451444216,1,1,1,1,40,7,2,0,0,0,0,0,9,10,E01022851,6,1,1,0,4,0
2024451493830,2024,451493830,2,1,1,2,40,7,3,0,0,0,0,0,9,-1,-1,3,1,0,1,-1,0
2024141509938,2024,141509938,2,1,1,1,-1,-1,3,0,0,0,0,0,1,-1,-1,3,1,0,1,-1,0
2024010549787,2024,010549787,2,1,1,1,40,7,3,0,0,0,0,0,5,6,E01002670,3,1,0,1,1,0
2024061505812,2024,061505812,2,5,2,2,42,7,3,0,0,0,4,0,11,3,E01004874,3,1,0,1,1,0
2024010525293,2024,010525293,2,2,2,1,36,7,3,0,0,2,0,0,9,4,E01002324,3,1,0,1,1,0
2024041499885,2024,041499885,2,1,1,2,62,9,3,0,0,0,0,0,9,8,E01025088,3,1,0,1,1,0
2024070976470,2024,070976470,2,2,1,1,68,10,2,0,0,0,0,0,9,8,E01035389,6,1,1,0,2,0
2024131510011,2024,131510011,2,1,1,1,25,5,3,0,0,0,0,0,9,2,E01011224,3,1,0,1,1,0
2024141425613,2024,141425613,2,1,1,2,49,8,3,0,0,0,0,0,9,8,E01007422,3,1,0,1,3,0
2024161433276,2024,161433276,2,2,2,2,27,6,3,0,0,1,0,0,9,3,E01012943,3,1,0,1,1,0
2024201520219,2024,201520219,1,3,2,2,28,6,3,0,0,2,0,0,9,3,E01010020,3,1,0,1,2,0
2024221515623,2024,221515623,1,1,1,2,42,7,3,0,0,0,0,0,9,8,E01032441,3,1,0,1,1,0
2024231492310,2024,231492310,2,1,1,2,20,4,2,0,0,0,0,0,9,2,E01013781,7,1,1,0,4,0
2024461418782,2024,461418782,1,1,1,2,39,7,3,0,0,0,0,0,9,3,E01035312,3,1,0,1,1,0
2024471516608,2024,471516608,1,1,1,1,30,6,3,0,0,0,0,0,9,2,E01021091,3,1,0,1,1,0
2024520401358,2024,520401358,1,1,1,1,20,4,2,0,0,0,0,0,9,6,E01029020,-1,0,1,0,1,0
2024522401140,2024,522401140,2,1,1,1,67,10,3,0,0,0,0,0,9,9,E01022353,-1,0,0.05423,0.94577,4,0
2024430174261,2024,430174261,2,1,1,1,47,8,3,0,0,0,0,0,1,-1,-1,-1,0,0.02058,0.97942,-1,0
2024471478865,2024,471478865,1,1,1,1,47,8,1,0,0,0,0,0,5,5,E01024528,1,1,0,0,4,0
2024010530004,2024,010530004,1,1,3,-1,31,6,3,1,1,0,0,1,0,4,E01004531,3,1,0,1,1,0
2024311508536,2024,311508536,1,1,1,1,12,3,3,0,0,0,0,0,1,6,E01028142,3,1,0,1,1,0
2024302401375,2024,302401375,2,1,1,2,19,4,3,0,0,0,0,0,3,-1,-1,-1,0,0.03292,0.96708,-1,0
2024010508983,2024,010508983,1,3,2,-1,-1,-1,3,0,0,2,0,0,9,-1,-1,3,1,0,1,-1,0
2024010526008,2024,010526008,1,1,1,2,41,7,3,0,0,0,0,0,9,3,E01002527,3,1,0,1,2,0
2024010537709,2024,010537709,1,1,1,2,30,6,3,0,0,0,0,0,9,5,E01004096,3,1,0,1,1,0
2024131403253,2024,131403253,2,1,1,1,43,7,3,0,0,0,0,0,9,1,E01033697,3,1,0,1,1,0
2024471417438,2024,471417438,3,4,1,2,29,6,3,0,0,0,0,0,9,10,E01021228,3,1,0,1,1,0
2024371438592,2024,371438592,1,1,1,1,50,8,2,0,0,0,0,0,19,1,E01009579,7,1,1,0,5,0
2024311469471,2024,311469471,1,1,1,1,32,6,3,0,0,0,0,0,33,-1,-1,3,1,0,1,-1,1
2024501521320,2024,501521320,1,1,3,2,73,10,2,8,3,0,0,-1,0,2,E01020014,7,1,1,0,1,0
2024610052724,2024,610052724,1,1,3,2,79,11,1,5,3,0,0,0,0,-1,-1,-1,0,0,0,-1,0
2024531423459,2024,531423459,2,1,1,1,30,6,3,0,0,0,0,0,1,6,E01034791,3,1,0,1,1,0
2024010546088,2024,010546088,2,2,1,1,63,9,3,0,0,0,0,0,5,5,E01000624,3,1,0,1,2,0
2024111489445,2024,111489445,2,2,2,2,11,3,3,0,0,2,0,0,8,1,E01012341,3,1,0,1,1,0
2024010549174,2024,010549174,2,1,1,1,53,8,3,0,0,0,0,0,9,5,E01023537,3,1,0,1,2,0
2024101500828,2024,101500828,2,2,1,2,59,9,3,0,0,0,0,0,9,-1,-1,3,1,0,1,-1,0
2024201520219,2024,201520219,1,2,2,2,27,6,3,0,0,2,0,0,9,1,E01034942,3,1,0,1,3,0
2024221518889,2024,221518889,1,1,1,1,35,6,2,0,0,0,0,0,9,6,E01028975,7,1,1,0,2,0
2024311525957,2024,311525957,1,2,1,2,21,5,3,0,0,0,0,0,9,5,E01019649,3,1,0,1,1,0
2024461400562,2024,461400562,1,1,1,2,47,8,3,0,0,0,0,0,9,7,E01024073,3,1,0,1,4,0
2024501462944,2024,501462944,1,1,1,1,77,11,3,0,0,0,0,0,9,8,E01016232,3,1,0,1,5,0
2024531505823,2024,531505823,2,1,1,1,34,6,3,0,0,0,0,0,9,8,E01022447,3,1,0,1,3,0
2024610057024,2024,610057024,2,2,1,2,34,6,3,0,0,1,0,0,9,-1,-1,-1,0,0.02471,0.97529,-1,0
2024161414707,2024,161414707,2,1,1,1,14,3,3,0,0,0,0,0,33,5,E01013107,3,1,0,1,1,1
2024101512410,2024,101512410,1,1,3,1,34,6,3,4,4,0,0,-1,0,-1,-1,3,1,0,1,-1,0
2024010532808,2024,010532808,2,1,1,1,14,3,3,0,0,0,0,0,1,4,E01001793,3,1,0,1,1,0
2024010533722,2024,010533722,2,1,1,2,26,6,3,0,0,0,0,0,1,3,E01001833,3,1,0,1,1,0
2024010532670,2024,010532670,1,1,1,1,47,8,2,0,0,0,0,0,3,4,E01030400,5,1,1,0,1,0
2024010540768,2024,010540768,1,1,1,1,33,6,3,0,0,0,0,0,3,5,E01000591,3,1,0,1,2,0
2024111451516,2024,111451516,2,1,1,1,17,4,3,0,0,0,0,0,3,2,E01020741,3,1,0,1,1,0
2024201437330,2024,201437330,2,1,1,1,28,6,3,0,0,0,0,0,5,8,E01009919,3,1,0,1,3,0
2024991414372,2024,991414372,1,1,1,1,60,9,2,0,0,0,0,0,8,1,-1,7,1,1,0,2,0
2024010497102,2024,010497102,1,1,1,1,54,8,3,0,0,0,0,0,9,2,E01015725,3,1,0,1,4,0
2024101483377,2024,101483377,2,1,1,1,51,8,2,0,0,0,0,0,9,5,E01008416,7,1,1,0,3,0
2024302401294,2024,302401294,1,1,1,1,41,7,3,0,0,0,0,0,9,3,E01013471,-1,0,0.00804,0.99196,4,0
2024361469104,2024,361469104,2,1,1,2,36,7,2,0,0,0,0,0,9,8,E01026500,6,1,1,0,1,0
2024421494524,2024,421494524,1,1,1,1,64,9,3,0,0,0,0,0,9,3,E01002264,3,1,0,1,4,0
2024440036201,2024,440036201,1,1,2,2,46,8,2,0,0,2,0,0,9,8,E01022762,-1,0,0.90477,0.09523,1,0
2024461526436,2024,461526436,2,3,2,2,39,7,3,0,0,1,0,0,9,9,E01024256,3,1,0,1,2,0
2024531475839,2024,531475839,2,2,1,1,55,8,3,0,0,0,0,0,9,3,E01032381,3,1,0,1,3,0
2024061505812,2024,061505812,2,2,2,2,55,8,3,0,0,0,4,0,11,2,E01004855,3,1,0,1,1,0
2024311465520,2024,311465520,2,1,1,1,58,9,3,0,0,0,0,0,19,3,E01028064,3,1,0,1,4,0
2024302401693,2024,302401693,1,1,2,2,51,8,3,0,0,0,4,0,11,1,E01013591,-1,0,0.01032,0.98968,1,0
2024451522841,2024,451522841,1,1,1,1,48,8,3,0,0,0,0,0,9,7,E01030423,3,1,0,1,4,0
2024461420024,2024,461420024,2,1,1,2,38,7,3,0,0,0,0,0,9,6,E01024457,3,1,0,1,1,0
2024461487819,2024,461487819,2,1,2,1,31,6,3,0,0,1,0,0,9,-1,-1,3,1,0,1,-1,0
2024991416369,2024,991416369,2,3,2,2,32,6,3,0,0,1,0,0,9,4,-1,3,1,0,1,2,0
2024991477082,2024,991477082,1,1,1,2,26,6,3,0,0,0,0,0,9,7,-1,3,1,0,1,1,0
2024010501902,2024,010501902,1,1,1,1,57,9,3,0,0,0,0,0,1,-1,-1,3,1,0,1,-1,0
2024010528235,2024,010528235,1,1,1,1,33,6,3,0,0,0,0,0,1,4,E01000639,3,1,0,1,1,0
2024401419735,2024,401419735,1,1,3,1,29,6,3,8,5,0,0,-1,0,2,E01001438,3,1,0,1,4,0
2024451450238,2024,451450238,1,1,3,1,40,7,3,4,1,0,0,-1,0,-1,-1,3,1,0,1,-1,0
2024231490472,2024,231490472,2,3,2,2,77,11,3,0,0,1,0,0,19,10,E01031214,3,1,0,1,1,0
2024471515194,2024,471515194,2,1,1,1,58,9,3,0,0,0,0,0,19,8,E01031780,3,1,0,1,3,0
2024010512753,2024,010512753,1,1,1,2,35,6,2,0,0,0,0,0,1,5,E01003262,7,1,1,0,1,0
2024201458923,2024,201458923,2,1,1,2,39,7,3,0,0,0,0,0,1,3,E01010218,3,1,0,1,1,0
2024010536905,2024,010536905,2,1,1,1,21,5,2,0,0,0,0,0,3,2,E01004524,7,1,1,0,1,0
2024010541137,2024,010541137,2,1,1,1,30,6,2,0,0,0,0,0,3,3,E01000143,7,1,1,0,1,0
2024201456560,2024,201456560,1,2,2,2,23,5,3,0,0,-1,0,0,4,2,E01009981,3,1,0,1,1,0
2024041443497,2024,041443497,2,1,1,2,51,8,3,0,0,0,0,0,9,4,E01025556,3,1,0,1,1,0
2024111451915,2024,111451915,1,1,1,2,61,9,3,0,0,0,0,0,9,1,E01020765,3,1,0,1,1,0
2024201502014,2024,201502014,2,1,1,1,31,6,3,0,0,0,0,0,9,2,E01010531,3,1,0,1,3,0
2024411404254,2024,411404254,1,1,1,2,51,8,3,0,0,0,0,0,9,7,E01018271,3,1,0,1,3,0
2024411463432,2024,411463432,1,2,1,1,61,9,3,0,0,0,0,0,9,10,E01017749,3,1,0,1,3,0
2024430244874,2024,430244874,2,1,1,2,63,9,3,0,0,0,0,0,9,5,E01028498,-1,0,0.00303,0.99697,2,0
2024451472914,2024,451472914,1,1,1,2,27,6,3,0,0,0,0,0,9,8,E01004149,3,1,0,1,3,0
2024451482691,2024,451482691,2,1,1,2,38,7,3,0,0,0,0,0,9,4,E01023106,3,1,0,1,3,0
2024451504520,2024,451504520,1,2,2,2,40,7,2,0,0,1,0,0,9,5,E01003661,6,1,1,0,4,0
2024451527200,2024,451527200,1,1,1,1,60,9,3,0,0,0,0,0,9,4,E01030337,3,1,0,1,2,0
2024991493220,2024,991493220,2,1,1,1,46,8,3,0,0,0,0,0,9,7,-1,3,1,0,1,2,0
2024010542207,2024,010542207,1,1,3,2,6,2,3,1,1,0,0,0,0,2,E01003390,3,1,0,1,1,0
2024440430731,2024,440430731,1,1,3,1,11,3,3,5,3,0,0,0,0,5,E01035460,-1,0,0,1,1,0
2024010507643,2024,010507643,1,1,1,2,37,7,3,0,0,0,0,0,1,3,E01034191,3,1,0,1,1,0
2024010549600,2024,010549600,1,1,1,1,39,7,3,0,0,0,0,0,1,-1,-1,3,1,0,1,-1,0
2024031463756,2024,031463756,2,1,1,1,40,7,2,0,0,0,0,0,1,-1,-1,7,1,1,0,-1,0
2024131397838,2024,131397838,2,1,1,1,46,8,3,0,0,0,0,0,1,1,E01010720,3,1,0,1,1,0
2024451525054,2024,451525054,1,1,1,1,16,4,3,0,0,0,0,0,2,7,E01030300,3,1,0,1,1,0
2024451425097,2024,451425097,1,1,1,1,80,11,1,0,0,0,0,0,3,6,E01030826,1,1,0,0,1,0
2024461420460,2024,461420460,1,1,1,1,20,4,2,0,0,0,0,0,3,3,E01024777,7,1,1,0,2,0
2024991430213,2024,991430213,2,1,1,2,24,5,3,0,0,0,0,0,9,-1,-1,3,1,0,1,-1,0
2024010538887,2024,010538887,1,1,3,1,41,7,3,1,1,0,0,0,0,-1,-1,3,1,0,1,-1,0
2024221482681,2024,221482681,1,1,3,2,5,1,3,1,3,0,0,-1,0,5,E01032174,3,1,0,1,1,0
2024531499026,2024,531499026,1,1,3,1,45,7,3,9,7,0,0,-1,0,1,W01001652,3,1,0,1,4,0
2024622400540,2024,622400540,1,1,3,1,82,11,2,10,4,0,0,0,0,-1,-1,-1,0,1,0,-1,0
2024461414337,2024,461414337,2,1,1,1,26,6,3,0,0,0,0,0,3,7,E01000748,3,1,0,1,2,0
2024201498703,2024,201498703,2,1,1,1,45,7,2,0,0,0,0,0,4,7,E01034099,7,1,1,0,4,0
2024010490512,2024,010490512,1,1,1,2,43,7,3,0,0,0,0,0,9,-1,-1,3,1,0,1,-1,0
2024010497427,2024,010497427,2,1,2,2,32,6,3,0,0,1,0,0,9,9,E01035269,3,1,0,1,4,0
2024041524599,2024,041524599,2,1,1,1,32,6,3,0,0,0,0,0,9,2,E01025232,3,1,0,1,3,0
2024201533753,2024,201533753,3,2,1,1,37,7,3,0,0,0,0,0,9,5,E01013493,3,1,0,1,4,0
2024471512379,2024,471512379,2,2,2,1,0,1,3,0,0,2,0,0,9,6,E01035322,3,1,0,1,1,0
2024531430698,2024,531430698,2,1,1,2,20,4,3,0,0,0,0,0,9,4,E01022241,3,1,0,1,4,0
2024010504761,2024,010504761,1,2,2,2,49,8,3,0,0,0,4,0,11,2,E01001320,3,1,0,1,2,0
2024052402625,2024,052402625,1,1,1,1,34,6,3,0,0,0,0,0,19,2,E01007244,-1,0,0.02584,0.97416,1,0
2024501431000,2024,501431000,1,1,1,1,40,7,3,0,0,0,0,0,19,4,E01018965,3,1,0,1,2,0
