collision_index,collision_year,collision_ref_no,vehicle_reference,casualty_reference,casualty_class,sex_of_casualty,age_of_casualty,age_band_of_casualty,casualty_severity,pedestrian_location,pedestrian_movement,car_passenger,bus_or_coach_passenger,pedestrian_road_maintenance_worker,casualty_type,casualty_imd_decile,lsoa_of_casualty,enhanced_casualty_severity,casualty_injury_based,casualty_adjusted_severity_serious,casualty_adjusted_severity_slight,casualty_distance_banding,escooter_flag
2023010454786,2023,010454786,1,1,3,1,24,5,3,9,9,0,0,1,0,2,E01001515,-1,0,0,1,-1,0
2023141352058,2023,141352058,1,1,3,1,32,6,3,6,9,0,0,0,0,7,E01007692,3,1,0,1,-1,0
2023070860108,2023,070860108,1,1,1,1,19,4,3,0,0,0,0,0,4,8,E01018582,-1,0,0.18089,0.81911,-1,0
2023131290301,2023,131290301,1,1,1,1,18,4,3,0,0,0,0,0,9,3,E01033005,3,1,0,1,-1,0
2023231337356,2023,231337356,1,1,1,1,31,6,2,0,0,0,0,0,9,7,E01029519,7,1,1,0,-1,0
2023401270249,2023,401270249,2,2,1,1,29,6,3,0,0,0,0,0,9,4,E01015756,3,1,0,1,-1,0
2023440430995,2023,440430995,2,3,1,1,21,5,2,0,0,0,0,0,9,5,E01022603,-1,0,0.89219,0.10781,-1,0
2023471336011,2023,471336011,1,1,1,1,17,4,3,0,0,0,0,0,9,6,E01021133,3,1,0,1,-1,0
2023552300812,2023,552300812,1,1,1,2,70,10,2,0,0,0,0,0,9,9,E01015432,-1,0,1,0,-1,0
2023010420458,2023,010420458,1,1,3,1,31,6,3,6,9,0,0,0,0,8,E01001891,-1,0,0,1,-1,0
2023010472863,2023,010472863,1,1,3,1,25,5,3,9,9,0,0,0,0,5,E01002237,-1,0,0,1,-1,0
2023041301795,2023,041301795,2,1,3,1,41,7,3,9,5,0,0,0,0,2,E01020809,3,1,0,1,-1,0
2023131324234,2023,131324234,1,1,3,2,76,11,2,8,5,0,0,1,0,7,E01010976,7,1,1,0,-1,0
2023201297372,2023,201297372,1,1,3,2,29,6,3,6,9,0,0,2,0,1,E01010464,3,1,0,1,-1,0
2023010459806,2023,010459806,2,1,1,1,28,6,3,0,0,0,0,0,3,3,E01003592,-1,0,0,1,-1,0
2023451355687,2023,451355687,1,2,2,1,19,4,2,0,0,0,0,0,5,4,E01030745,5,1,1,0,-1,0
2023010460934,2023,010460934,2,2,1,2,24,5,3,0,0,0,0,0,9,3,E01004645,-1,0,0,1,-1,0
2023131294410,2023,131294410,2,1,1,2,36,7,3,0,0,0,0,0,9,3,E01011125,3,1,0,1,-1,0
20231700H1732,2023,1700H1732,2,2,1,2,37,7,3,0,0,0,0,0,9,9,E01011997,-1,0,0.04068,0.95932,-1,0
2023440128843,2023,440128843,1,1,1,1,30,6,3,0,0,0,0,0,9,6,E01022816,-1,0,0,1,-1,0
2023451320443,2023,451320443,1,1,1,1,45,7,3,0,0,0,0,0,9,10,E01022974,3,1,0,1,-1,0
2023471283714,2023,471283714,2,4,2,1,19,4,3,0,0,1,0,0,9,6,E01004108,3,1,0,1,-1,0
2023041299407,2023,041299407,1,1,3,2,17,4,3,8,3,0,0,0,0,2,E01025292,3,1,0,1,-1,0
2023371325372,2023,371325372,1,1,3,1,30,6,3,9,9,0,0,1,0,7,E01030184,3,1,0,1,-1,0
2023010472270,2023,010472270,1,1,1,1,23,5,3,0,0,0,0,0,1,2,E01003049,-1,0,0,1,-1,0
2023221399953,2023,221399953,2,1,1,1,15,3,3,0,0,0,0,0,1,10,E01028949,3,1,0,1,-1,0
2023122301176,2023,122301176,2,1,1,1,16,4,2,0,0,0,0,0,3,3,E01013385,-1,0,1,0,-1,0
2023010464869,2023,010464869,2,1,1,1,40,7,3,0,0,0,0,0,4,6,E01033582,-1,0,0,1,-1,0
2023041293713,2023,041293713,2,1,1,1,55,8,3,0,0,0,0,0,9,1,E01025606,3,1,0,1,-1,0
2023041324190,2023,041324190,1,2,2,2,16,4,3,0,0,2,0,0,9,3,E01010988,3,1,0,1,-1,0
2023070595621,2023,070595621,2,1,1,2,57,9,3,0,0,0,0,0,9,-1,-1,-1,0,0.08949,0.91051,-1,0
2023071093595,2023,071093595,1,1,1,2,50,8,3,0,0,0,0,0,9,5,E01018480,-1,0,0.04245,0.95755,-1,0
2023131298095,2023,131298095,2,1,1,1,33,6,3,0,0,0,0,0,9,3,E01011936,3,1,0,1,-1,0
2023141314380,2023,141314380,2,1,1,2,42,7,3,0,0,0,0,0,9,-1,-1,3,1,0,1,-1,0
2023320624660,2023,320624660,2,4,1,1,22,5,3,0,0,0,0,0,9,8,E01026258,-1,0,0.08196,0.91804,-1,0
2023332300035,2023,332300035,2,1,1,1,19,4,3,0,0,0,0,0,9,6,E01012923,-1,0,0.01098,0.98902,-1,0
2023351357581,2023,351357581,3,1,1,2,36,7,3,0,0,0,0,0,9,4,E01026280,3,1,0,1,-1,0
2023461382149,2023,461382149,2,2,2,2,11,3,3,0,0,1,0,0,9,7,E01024813,3,1,0,1,-1,0
2023522301822,2023,522301822,2,2,2,2,14,3,3,0,0,2,0,0,9,5,E01020308,-1,0,0.05859,0.94141,-1,0
2023531288324,2023,531288324,3,2,1,2,53,8,3,0,0,0,0,0,9,10,E01022426,3,1,0,1,-1,0
2023010422863,2023,010422863,1,1,3,2,85,11,2,4,1,0,0,0,0,5,E01000239,-1,0,1,0,-1,0
2023010447551,2023,010447551,1,1,3,2,45,7,2,5,1,0,0,0,0,2,E01000954,-1,0,1,0,-1,0
2023101358583,2023,101358583,1,1,1,1,47,8,3,0,0,0,0,0,4,4,E01008510,3,1,0,1,-1,0
2023320673925,2023,320673925,2,1,1,1,33,6,2,0,0,0,0,0,5,6,E01026349,-1,0,1,0,-1,0
2023010434387,2023,010434387,2,2,2,1,34,6,3,0,0,1,0,0,9,2,E01003313,-1,0,0,1,-1,0
2023010446012,2023,010446012,1,1,1,1,45,7,3,0,0,0,0,0,9,9,E01001567,-1,0,0,1,-1,0
2023010473982,2023,010473982,1,1,1,2,44,7,3,0,0,0,0,0,9,5,E01004347,-1,0,0,1,-1,0
2023211328296,2023,211328296,2,1,1,2,40,7,3,0,0,0,0,0,9,9,E01029479,3,1,0,1,-1,0
2023302300099,2023,302300099,1,1,1,2,63,9,3,0,0,0,0,0,9,9,E01019597,-1,0,0.00859,0.99141,-1,0
2023302301823,2023,302301823,1,2,2,2,26,6,3,0,0,1,0,0,9,2,E01011015,-1,0,0.03754,0.96246,-1,0
2023302301868,2023,302301868,1,1,1,1,37,7,2,0,0,0,0,0,9,9,E01019751,-1,0,1,0,-1,0
2023471352540,2023,471352540,2,1,1,2,25,5,3,0,0,0,0,0,9,2,E01031361,3,1,0,1,-1,0
2023440507981,2023,440507981,2,1,1,1,28,6,3,0,0,0,0,0,19,-1,-1,-1,0,0,1,-1,0
2023471319056,2023,471319056,2,1,1,2,63,9,3,0,0,0,0,0,33,1,E01020978,3,1,0,1,-1,1
2023010422061,2023,010422061,1,2,2,2,41,7,3,0,0,1,0,0,9,6,E01004637,-1,0,0,1,-1,0
2023010477263,2023,010477263,2,1,1,1,20,4,2,0,0,0,0,0,9,2,E01004696,-1,0,1,0,-1,0
2023041280187,2023,041280187,1,1,1,1,49,8,3,0,0,0,0,0,9,3,E01025306,3,1,0,1,-1,0
2023041391621,2023,041391621,2,2,1,1,52,8,2,0,0,0,0,0,9,7,E01025561,5,1,1,0,-1,0
2023061346481,2023,061346481,1,2,2,1,4,1,3,0,0,2,0,0,9,2,E01005449,3,1,0,1,-1,0
2023141322569,2023,141322569,2,1,1,1,61,9,3,0,0,0,0,0,9,2,E01007656,3,1,0,1,-1,0
2023201292056,2023,201292056,2,1,1,1,18,4,3,0,0,0,0,0,9,3,E01009587,3,1,0,1,-1,0
2023231322790,2023,231322790,2,2,2,2,49,8,3,0,0,1,0,0,9,7,E01019770,3,1,0,1,-1,0
2023320527425,2023,320527425,1,2,1,2,53,8,2,0,0,0,0,0,9,7,E01026372,-1,0,1,0,-1,0
2023411344651,2023,411344651,1,2,1,2,34,6,3,0,0,0,0,0,9,6,E01023830,3,1,0,1,-1,0
2023430015557,2023,430015557,2,1,1,2,39,7,3,0,0,0,0,0,9,6,E01028451,-1,0,0.00169,0.99831,-1,0
2023440056227,2023,440056227,1,1,2,2,19,4,3,0,0,1,0,0,9,-1,-1,-1,0,0,1,-1,0
2023461339678,2023,461339678,2,1,1,1,68,10,3,0,0,0,0,0,9,6,E01024363,3,1,0,1,-1,0
2023471312076,2023,471312076,1,3,2,1,1,1,3,0,0,2,0,0,9,5,E01031705,3,1,0,1,-1,0
2023010439611,2023,010439611,1,1,1,1,19,4,3,0,0,0,0,0,1,1,E01003246,-1,0,0,1,-1,0
2023052301009,2023,052301009,2,1,1,1,44,7,3,0,0,0,0,0,1,8,E01007142,-1,0,0.10598,0.89402,-1,0
2023010474470,2023,010474470,1,1,1,1,27,6,2,0,0,0,0,0,3,4,E01003114,-1,0,1,0,-1,0
2023010452791,2023,010452791,1,1,3,2,32,6,3,1,1,0,0,0,0,2,E01001773,-1,0,0,1,-1,0
2023221261327,2023,221261327,1,1,3,1,32,6,3,9,5,0,0,1,0,2,E01009890,3,1,0,1,-1,0
2023440426319,2023,440426319,1,1,3,2,35,6,3,6,9,0,0,0,0,6,E01017142,-1,0,0,1,-1,0
2023010432278,2023,010432278,1,1,1,1,30,6,3,0,0,0,0,0,9,8,E01016334,-1,0,0,1,-1,0
2023010458083,2023,010458083,1,1,1,1,25,5,3,0,0,0,0,0,9,3,E01000125,-1,0,0,1,-1,0
2023010462149,2023,010462149,1,1,1,1,80,11,3,0,0,0,0,0,9,10,E01000758,-1,0,0,1,-1,0
2023141317451,2023,141317451,2,1,2,1,40,7,2,0,0,1,0,0,9,1,E01007369,7,1,1,0,-1,0
2023201378426,2023,201378426,2,3,2,1,6,2,3,0,0,-1,0,0,9,-1,-1,3,1,0,1,-1,0
2023340WN4962,2023,340WN4962,2,1,1,1,38,7,3,0,0,0,0,0,9,9,E01027201,-1,0,0,1,-1,0
2023471283714,2023,471283714,2,3,1,1,24,5,3,0,0,0,0,0,9,6,E01004108,3,1,0,1,-1,0
2023471370035,2023,471370035,1,1,1,1,29,6,3,0,0,0,0,0,9,9,E01016983,3,1,0,1,-1,0
2023041311637,2023,041311637,2,1,1,1,55,8,2,0,0,0,0,0,4,7,E01025014,6,1,1,0,-1,0
2023010424696,2023,010424696,2,1,1,1,74,10,3,0,0,0,0,0,5,9,E01023962,-1,0,0,1,-1,0
2023332301250,2023,332301250,1,3,3,1,6,2,3,1,2,0,0,0,0,2,E01032867,-1,0,0.06096,0.93904,-1,0
2023010476767,2023,010476767,1,1,1,1,26,6,3,0,0,0,0,0,9,4,E01003230,-1,0,0,1,-1,0
2023101288145,2023,101288145,2,1,1,2,35,6,3,0,0,0,0,0,9,6,E01008577,3,1,0,1,-1,0
2023201376765,2023,201376765,2,1,1,2,30,6,3,0,0,0,0,0,9,1,E01010445,3,1,0,1,-1,0
2023320452073,2023,320452073,2,3,1,1,61,9,1,0,0,0,0,0,9,-1,-1,-1,0,0,0,-1,0
2023430284559,2023,430284559,2,1,1,1,56,9,3,0,0,0,0,0,9,1,E01008935,-1,0,0.00306,0.99694,-1,0
2023471364830,2023,471364830,1,1,1,1,59,9,3,0,0,0,0,0,9,10,E01031639,3,1,0,1,-1,0
202360A019565,2023,60A019565,1,1,1,1,72,10,3,0,0,0,0,0,9,-1,-1,-1,0,0.11346,0.88654,-1,0
2023361268656,2023,361268656,2,1,1,1,43,7,3,0,0,0,0,0,1,5,E01033539,3,1,0,1,-1,0
2023052301405,2023,052301405,2,1,1,1,22,5,3,0,0,0,0,0,3,4,E01006466,-1,0,0.11218,0.88782,-1,0
2023311299812,2023,311299812,2,1,1,1,25,5,3,0,0,0,0,0,3,-1,-1,3,1,0,1,-1,0
2023010485635,2023,010485635,1,1,1,1,26,6,3,0,0,0,0,0,4,5,E01002948,-1,0,0,1,-1,0
2023547811123,2023,547811123,1,1,3,1,24,5,3,8,9,0,0,1,0,4,E01023204,-1,0,0.08751,0.91249,-1,0
2023161320535,2023,161320535,2,1,1,1,20,4,2,0,0,0,0,0,19,1,E01027820,7,1,1,0,-1,0
2023991258985,2023,991258985,1,1,3,1,34,6,2,10,9,0,0,0,0,1,-1,5,1,1,0,-1,0
2023010426381,2023,010426381,1,1,1,1,30,6,2,0,0,0,0,0,1,6,E01002128,-1,0,1,0,-1,0
2023320570331,2023,320570331,2,1,1,2,57,9,3,0,0,0,0,0,1,7,E01026039,-1,0,0.0265,0.9735,-1,0
2023430558844,2023,430558844,2,1,1,1,16,4,3,0,0,0,0,0,1,6,E01028559,-1,0,0.01268,0.98732,-1,0
2023010462233,2023,010462233,1,1,1,1,48,8,2,0,0,0,0,0,3,4,E01000618,-1,0,1,0,-1,0
2023070586578,2023,070586578,2,1,1,1,53,8,3,0,0,0,0,0,5,4,E01018315,-1,0,0.20159,0.79841,-1,0
2023131295574,2023,131295574,1,1,1,1,35,6,3,0,0,0,0,0,9,4,E01011075,3,1,0,1,-1,0
2023131380114,2023,131380114,2,1,1,2,59,9,3,0,0,0,0,0,9,3,E01010597,3,1,0,1,-1,0
2023161365253,2023,161365253,2,2,2,1,11,3,3,0,0,2,0,0,9,3,E01013233,3,1,0,1,-1,0
2023161373935,2023,161373935,1,1,1,1,41,7,3,0,0,0,0,0,9,3,E01012777,3,1,0,1,-1,0
2023201389298,2023,201389298,2,1,1,1,49,8,3,0,0,0,0,0,9,2,E01009515,3,1,0,1,-1,0
2023331306908,2023,331306908,2,2,2,2,39,7,3,0,0,1,0,0,9,3,E01010571,3,1,0,1,-1,0
2023340WN4962,2023,340WN4962,3,2,1,1,49,8,3,0,0,0,0,0,9,8,E01027008,-1,0,0,1,-1,0
2023461297971,2023,461297971,3,1,1,2,54,8,3,0,0,0,0,0,9,5,E01024356,3,1,0,1,-1,0
2023501350570,2023,501350570,2,2,2,1,27,6,3,0,0,-1,0,0,9,4,E01018843,3,1,0,1,-1,0
2023991298667,2023,991298667,1,2,2,2,25,5,3,0,0,1,0,0,9,4,-1,3,1,0,1,-1,0
2023010443919,2023,010443919,1,2,2,2,45,7,3,0,0,0,3,0,11,1,E01004241,-1,0,0,1,-1,0
2023010422642,2023,010422642,1,1,3,1,36,7,2,9,8,0,0,1,0,2,E01004718,-1,0,1,0,-1,0
2023010429947,2023,010429947,1,1,3,2,26,6,3,9,8,0,0,0,0,3,E01004734,-1,0,0,1,-1,0
2023031309680,2023,031309680,1,1,3,1,71,10,3,10,9,0,0,1,0,6,E01025591,3,1,0,1,-1,0
2023991342611,2023,991342611,1,1,1,1,57,9,2,0,0,0,0,0,3,9,-1,7,1,1,0,-1,0
2023041323934,2023,041323934,1,2,1,1,62,9,3,0,0,0,0,0,9,7,E01025081,3,1,0,1,-1,0
2023461268114,2023,461268114,1,2,2,2,52,8,3,0,0,-1,0,0,9,2,E01024192,3,1,0,1,-1,0
2023471329838,2023,471329838,1,2,1,1,25,5,3,0,0,0,0,0,9,4,E01031833,3,1,0,1,-1,0
2023522400343,2023,522400343,2,1,1,1,58,9,3,0,0,0,0,0,9,3,E01014493,-1,0,0.07983,0.92017,-1,0
2023052301449,2023,052301449,2,1,1,1,57,9,2,0,0,0,0,0,22,1,E01006968,-1,0,1,0,-1,0
2023010461496,2023,010461496,1,1,3,2,27,6,3,9,5,0,0,1,0,3,E01004677,-1,0,0,1,-1,0
2023061333454,2023,061333454,1,1,3,1,60,9,2,5,1,0,0,-1,0,-1,-1,7,1,1,0,-1,0
2023201268107,2023,201268107,1,1,3,2,48,8,3,5,3,0,0,2,0,1,E01009367,3,1,0,1,-1,0
2023991313851,2023,991313851,1,1,3,1,44,7,1,5,1,0,0,2,0,-1,-1,1,1,0,0,-1,0
2023010457639,2023,010457639,1,1,1,2,23,5,3,0,0,0,0,0,9,8,E01002945,-1,0,0,1,-1,0
2023131348628,2023,131348628,2,1,1,2,47,8,3,0,0,0,0,0,9,2,E01011246,3,1,0,1,-1,0
2023141319548,2023,141319548,1,1,1,2,41,7,3,0,0,0,0,0,9,2,E01007125,3,1,0,1,-1,0
2023211346059,2023,211346059,3,2,2,2,10,2,3,0,0,2,0,0,9,-1,-1,3,1,0,1,-1,0
2023302300672,2023,302300672,3,3,2,2,64,9,3,0,0,1,0,0,9,6,E01013476,-1,0,0.02042,0.97958,-1,0
2023371391255,2023,371391255,2,1,1,2,25,5,3,0,0,0,0,0,9,3,E01029888,3,1,0,1,-1,0
2023411267944,2023,411267944,1,1,1,1,92,11,3,0,0,0,0,0,9,7,E01023736,3,1,0,1,-1,0
2023461341298,2023,461341298,1,1,1,1,18,4,3,0,0,0,0,0,9,4,E01024694,3,1,0,1,-1,0
2023610018623,2023,610018623,1,1,1,1,36,7,3,0,0,0,0,0,9,3,W01001455,-1,0,0.14525,0.85475,-1,0
2023631372049,2023,631372049,2,1,2,2,34,6,3,0,0,1,0,0,9,4,W01000730,3,1,0,1,-1,0
2023440025213,2023,440025213,2,3,2,1,28,6,3,0,0,0,0,0,19,6,E01022802,-1,0,0,1,-1,0
2023041281070,2023,041281070,1,3,1,1,44,7,3,0,0,0,0,0,9,5,E01025212,3,1,0,1,-1,0
2023041361266,2023,041361266,1,1,1,1,40,7,3,0,0,0,0,0,9,7,-1,3,1,0,1,-1,0
2023061359578,2023,061359578,1,1,1,2,24,5,3,0,0,0,0,0,9,8,E01026347,3,1,0,1,-1,0
2023161365253,2023,161365253,2,1,1,1,46,8,3,0,0,0,0,0,9,3,E01013233,3,1,0,1,-1,0
2023231322790,2023,231322790,2,4,2,2,45,7,3,0,0,2,0,0,9,-1,-1,3,1,0,1,-1,0
2023320044145,2023,320044145,2,1,1,2,52,8,3,0,0,0,0,0,9,4,E01026105,-1,0,0.01161,0.98839,-1,0
2023010449161,2023,010449161,2,1,1,1,41,7,3,0,0,0,0,0,1,6,E01001393,-1,0,0,1,-1,0
2023440003859,2023,440003859,1,1,3,2,16,4,3,1,3,0,0,2,0,9,E01017061,-1,0,0,1,-1,0
2023991329738,2023,991329738,1,1,3,1,54,8,3,6,9,0,0,1,0,-1,-1,3,1,0,1,-1,0
2023010423949,2023,010423949,2,1,1,1,20,4,3,0,0,0,0,0,1,3,E01015927,-1,0,0,1,-1,0
2023041280668,2023,041280668,1,1,1,1,36,7,2,0,0,0,0,0,9,8,E01025266,7,1,1,0,-1,0
2023061351156,2023,061351156,2,1,1,2,35,6,3,0,0,0,0,0,9,1,E01005552,3,1,0,1,-1,0
2023131356225,2023,131356225,1,1,2,1,22,5,3,0,0,1,0,0,9,2,E01010781,3,1,0,1,-1,0
2023161291832,2023,161291832,1,1,1,2,83,11,3,0,0,0,0,0,9,10,E01013118,3,1,0,1,-1,0
2023421329594,2023,421329594,1,1,1,1,35,6,3,0,0,0,0,0,9,1,E01033207,3,1,0,1,-1,0
2023421345286,2023,421345286,2,1,1,1,49,8,3,0,0,0,0,0,9,3,E01000163,3,1,0,1,-1,0
2023440045476,2023,440045476,1,1,1,1,30,6,3,0,0,0,0,0,9,-1,-1,-1,0,0,1,-1,0
2023451337679,2023,451337679,2,2,2,2,38,7,3,0,0,2,0,0,9,7,E01031471,3,1,0,1,-1,0
2023141321368,2023,141321368,1,2,2,2,46,8,3,0,0,0,0,0,19,3,E01007702,3,1,0,1,-1,0
2023440508098,2023,440508098,4,4,1,1,66,10,3,0,0,0,0,0,19,6,E01022507,-1,0,0,1,-1,0
2023010433275,2023,010433275,1,1,3,2,29,6,3,1,4,0,0,0,0,3,E01033699,-1,0,0,1,-1,0
2023010481170,2023,010481170,1,1,3,1,24,5,2,5,3,0,0,0,0,2,E01004024,-1,0,1,0,-1,0
2023201321936,2023,201321936,1,1,3,1,45,7,2,9,5,0,0,2,0,-1,-1,7,1,1,0,-1,0
2023010449538,2023,010449538,1,1,1,1,35,6,3,0,0,0,0,0,9,6,E01004749,-1,0,0,1,-1,0
2023070454534,2023,070454534,2,1,1,1,44,7,3,0,0,0,0,0,9,8,E01006792,-1,0,0.00575,0.99425,-1,0
2023111369351,2023,111369351,2,1,1,1,25,5,3,0,0,0,0,0,9,7,E01020879,3,1,0,1,-1,0
2023131359082,2023,131359082,3,2,1,2,47,8,2,0,0,0,0,0,9,5,E01011202,6,1,1,0,-1,0
2023211261926,2023,211261926,2,1,2,2,46,8,3,0,0,2,0,0,9,-1,-1,3,1,0,1,-1,0
2023320624660,2023,320624660,3,2,2,2,54,8,3,0,0,2,0,0,9,6,E01026260,-1,0,0.08041,0.91959,-1,0
2023421320205,2023,421320205,3,2,1,1,54,8,3,0,0,0,0,0,9,5,E01021905,3,1,0,1,-1,0
2023451365337,2023,451365337,1,1,1,1,54,8,3,0,0,0,0,0,9,9,E01024008,3,1,0,1,-1,0
2023461296075,2023,461296075,2,5,2,2,37,7,3,0,0,1,0,0,9,8,E01024077,3,1,0,1,-1,0
2023471361585,2023,471361585,1,1,1,2,73,10,2,0,0,0,0,0,9,4,E01031443,6,1,1,0,-1,0
2023552301186,2023,552301186,1,1,1,2,49,8,3,0,0,0,0,0,9,2,E01020582,-1,0,0.04866,0.95134,-1,0
2023131294410,2023,131294410,2,4,2,2,0,1,3,0,0,2,0,0,9,3,E01011125,3,1,0,1,-1,0
2023221289592,2023,221289592,2,3,1,1,24,5,3,0,0,0,0,0,9,5,E01032212,3,1,0,1,-1,0
2023361359766,2023,361359766,2,1,1,2,57,9,3,0,0,0,0,0,9,10,E01026507,3,1,0,1,-1,0
2023991318219,2023,991318219,1,1,1,1,31,6,2,0,0,0,0,0,9,1,-1,7,1,1,0,-1,0
2023122300432,2023,122300432,2,1,1,2,39,7,3,0,0,0,0,0,1,2,E01013448,-1,0,0.0754,0.9246,-1,0
2023201372705,2023,201372705,2,1,1,1,30,6,3,0,0,0,0,0,1,4,E01009289,3,1,0,1,-1,0
2023311261690,2023,311261690,2,1,1,1,34,6,2,0,0,0,0,0,3,5,E01028242,7,1,1,0,-1,0
2023010452532,2023,010452532,2,2,1,1,39,7,3,0,0,0,0,0,5,-1,-1,-1,0,0,1,-1,0
2023010434387,2023,010434387,3,6,2,2,12,3,3,0,0,2,0,0,8,-1,-1,-1,0,0,1,-1,0
2023421279923,2023,421279923,2,1,2,1,30,6,3,0,0,0,0,0,19,7,E01016078,3,1,0,1,-1,0
2023010426814,2023,010426814,1,1,1,2,36,7,3,0,0,0,0,0,9,6,E01026520,-1,0,0,1,-1,0
2023010429096,2023,010429096,1,1,1,1,44,7,3,0,0,0,0,0,9,8,E01002414,-1,0,0,1,-1,0
2023010450629,2023,010450629,2,1,1,1,48,8,3,0,0,0,0,0,9,6,E01000273,-1,0,0,1,-1,0
2023041373116,2023,041373116,1,2,2,2,56,9,2,0,0,1,0,0,9,6,E01025562,5,1,1,0,-1,0
2023131299003,2023,131299003,1,1,1,1,48,8,3,0,0,0,0,0,9,8,E01010709,3,1,0,1,-1,0
2023461296075,2023,461296075,3,3,1,1,81,11,3,0,0,0,0,0,9,4,E01024118,3,1,0,1,-1,0
2023461357486,2023,461357486,2,1,1,2,34,6,3,0,0,0,0,0,9,8,E01024106,3,1,0,1,-1,0
2023501282394,2023,501282394,2,1,1,2,33,6,3,0,0,0,0,0,9,2,E01018867,3,1,0,1,-1,0
2023501310142,2023,501310142,2,3,2,2,55,8,3,0,0,-1,0,0,9,4,E01020322,3,1,0,1,-1,0
2023010464708,2023,010464708,1,1,1,1,52,8,3,0,0,0,0,0,1,8,E01004195,-1,0,0,1,-1,0
2023010471287,2023,010471287,1,1,1,2,32,6,3,0,0,0,0,0,1,4,E01004396,-1,0,0,1,-1,0
2023610028723,2023,610028723,2,1,1,2,37,7,3,0,0,0,0,0,22,1,W01001643,-1,0,0.05701,0.94299,-1,0
2023010478661,2023,010478661,1,1,1,1,18,4,3,0,0,0,0,0,3,4,E01000475,-1,0,0,1,-1,0
2023010466411,2023,010466411,1,1,3,2,20,4,3,5,1,0,0,0,0,3,E01000933,-1,0,0,1,-1,0
2023101274116,2023,101274116,1,1,3,1,71,10,2,5,1,0,0,1,0,3,E01008506,6,1,1,0,-1,0
2023451375256,2023,451375256,1,2,1,1,28,6,3,0,0,0,0,0,19,2,E01011262,3,1,0,1,-1,0
2023461328876,2023,461328876,2,2,2,1,4,1,3,0,0,0,0,0,19,6,E01021087,3,1,0,1,-1,0
2023131309380,2023,131309380,2,1,1,1,27,6,3,0,0,0,0,0,5,1,E01011911,3,1,0,1,-1,0
2023161351787,2023,161351787,2,1,1,1,27,6,3,0,0,0,0,0,5,6,E01012923,3,1,0,1,-1,0
2023501369317,2023,501369317,1,1,1,1,62,9,3,0,0,0,0,0,8,7,E01020106,3,1,0,1,-1,0
2023131368653,2023,131368653,2,2,1,1,67,10,3,0,0,0,0,0,9,6,E01010640,3,1,0,1,-1,0
2023141378703,2023,141378703,2,2,2,2,45,7,2,0,0,1,0,0,9,2,E01011002,7,1,1,0,-1,0
2023421269023,2023,421269023,2,1,1,1,64,9,2,0,0,0,0,0,9,6,E01021875,5,1,1,0,-1,0
2023421366851,2023,421366851,2,1,1,1,56,9,3,0,0,0,0,0,23,7,E01022088,3,1,0,1,-1,0
2023421320205,2023,421320205,1,5,2,2,14,3,3,0,0,0,4,0,11,9,E01021893,3,1,0,1,-1,0
2023010438020,2023,010438020,1,2,2,-1,-1,-1,3,0,0,1,0,0,9,4,E01001514,-1,0,0,1,-1,0
2023010457952,2023,010457952,1,2,2,-1,-1,-1,3,0,0,1,0,0,9,2,E01001792,-1,0,0,1,-1,0
2023010472798,2023,010472798,1,1,1,2,23,5,3,0,0,0,0,0,9,-1,-1,-1,0,0,1,-1,0
2023141350522,2023,141350522,2,2,1,1,58,9,3,0,0,0,0,0,9,7,E01028015,3,1,0,1,-1,0
2023361330499,2023,361330499,2,1,1,2,23,5,3,0,0,0,0,0,9,10,E01026540,3,1,0,1,-1,0
2023430251732,2023,430251732,2,2,1,1,39,7,3,0,0,0,0,0,9,2,E01028435,-1,0,0.01162,0.98838,-1,0
2023471270626,2023,471270626,1,1,1,1,24,5,3,0,0,0,0,0,9,8,E01031629,3,1,0,1,-1,0
2023501302666,2023,501302666,1,1,1,1,19,4,3,0,0,0,0,0,9,8,E01018822,3,1,0,1,-1,0
2023010474918,2023,010474918,1,1,1,1,69,10,3,0,0,0,0,0,1,6,E01000575,-1,0,0,1,-1,0
2023351340709,2023,351340709,1,1,1,1,19,4,3,0,0,0,0,0,1,10,E01018272,3,1,0,1,-1,0
2023622300318,2023,622300318,1,1,1,1,43,7,3,0,0,0,0,0,19,5,W01000650,-1,0,0.03289,0.96711,-1,0
2023010457600,2023,010457600,2,2,1,1,20,4,3,0,0,0,0,0,9,2,E01003346,-1,0,0,1,-1,0
2023031384153,2023,031384153,1,1,1,1,88,11,1,0,0,0,0,0,9,5,E01019313,1,1,0,0,-1,0
2023161319724,2023,161319724,3,2,2,2,11,3,3,0,0,2,0,0,9,10,E01012925,3,1,0,1,-1,0
2023311365247,2023,311365247,1,1,1,2,24,5,3,0,0,0,0,0,9,2,E01013905,3,1,0,1,-1,0
2023320172446,2023,320172446,2,2,1,1,75,10,3,0,0,0,0,0,9,6,E01026251,-1,0,0.02845,0.97155,-1,0
2023340NN3312,2023,340NN3312,2,2,1,2,40,7,3,0,0,0,0,0,9,2,E01026957,-1,0,0,1,-1,0
2023430482325,2023,430482325,1,1,1,1,24,5,3,0,0,0,0,0,9,10,E01016612,-1,0,0.03115,0.96885,-1,0
2023451366679,2023,451366679,1,1,1,1,34,6,3,0,0,0,0,0,9,5,E01030814,3,1,0,1,-1,0
2023010449574,2023,010449574,1,1,1,1,20,4,3,0,0,0,0,0,1,3,E01002770,-1,0,0,1,-1,0
2023061300933,2023,061300933,1,1,1,1,52,8,3,0,0,0,0,0,1,9,E01005747,3,1,0,1,-1,0
2023010485539,2023,010485539,1,1,1,1,29,6,3,0,0,0,0,0,3,4,E01003573,-1,0,0,1,-1,0
2023471265408,2023,471265408,1,1,1,2,26,6,3,0,0,0,0,0,3,1,E01020979,3,1,0,1,-1,0
202363C032523,2023,63C032523,2,1,1,1,50,8,3,0,0,0,0,0,5,-1,-1,-1,0,0.14413,0.85587,-1,0
2023010448489,2023,010448489,1,1,3,1,26,6,3,1,1,0,0,0,0,5,E01000705,-1,0,0,1,-1,0
2023421356210,2023,421356210,1,1,1,1,52,8,2,0,0,0,0,0,19,9,E01021681,6,1,1,0,-1,0
2023201320734,2023,201320734,1,1,3,1,49,8,2,1,1,0,0,2,0,1,E01009345,7,1,1,0,-1,0
2023430123419,2023,430123419,1,1,1,2,43,7,3,0,0,0,0,0,1,4,E01016361,-1,0,0.04718,0.95282,-1,0
2023461343757,2023,461343757,1,1,1,1,33,6,2,0,0,0,0,0,1,9,E01024834,5,1,1,0,-1,0
2023010471137,2023,010471137,1,1,1,1,42,7,3,0,0,0,0,0,3,4,E01002088,-1,0,0,1,-1,0
2023010438069,2023,010438069,1,1,2,2,38,7,3,0,0,2,0,0,8,3,E01001368,-1,0,0,1,-1,0
2023070230100,2023,070230100,2,1,1,1,43,7,3,0,0,0,0,0,9,4,E01005816,-1,0,0.01254,0.98746,-1,0
2023141326388,2023,141326388,1,1,2,1,28,6,3,0,0,1,0,0,9,9,E01007602,3,1,0,1,-1,0
2023302300935,2023,302300935,1,1,1,-1,56,9,3,0,0,0,0,0,9,1,E01027198,-1,0,0.00233,0.99767,-1,0
2023332300150,2023,332300150,1,1,1,2,62,9,3,0,0,0,0,0,9,8,E01025948,-1,0,0.03666,0.96334,-1,0
2023461369880,2023,461369880,2,1,1,2,61,9,2,0,0,0,0,0,9,10,E01032655,7,1,1,0,-1,0
2023471267902,2023,471267902,2,1,1,2,32,6,3,0,0,0,0,0,9,8,E01032838,3,1,0,1,-1,0
2023010434133,2023,010434133,1,1,2,1,73,10,3,0,0,0,3,0,11,3,E01001969,-1,0,0,1,-1,0
2023221265406,2023,221265406,2,2,1,1,25,5,3,0,0,0,0,0,19,1,E01033633,3,1,0,1,-1,0
2023010470152,2023,010470152,1,1,2,1,93,11,3,0,0,0,4,0,11,10,E01002253,-1,0,0,1,-1,0
2023421320205,2023,421320205,1,3,2,2,13,3,3,0,0,0,4,0,11,6,E01021907,3,1,0,1,-1,0
2023131272599,2023,131272599,1,2,2,2,45,7,3,0,0,1,0,0,9,2,E01032487,3,1,0,1,-1,0
2023131280015,2023,131280015,2,1,2,1,9,2,3,0,0,0,0,0,9,2,E01011809,3,1,0,1,-1,0
2023302301957,2023,302301957,2,1,1,1,27,6,3,0,0,0,0,0,9,4,E01019519,-1,0,0.02864,0.97136,-1,0
2023351354747,2023,351354747,3,2,1,1,43,7,3,0,0,0,0,0,9,3,E01017977,3,1,0,1,-1,0
2023451342904,2023,451342904,2,1,1,1,52,8,3,0,0,0,0,0,9,10,E01030617,3,1,0,1,-1,0
2023010453826,2023,010453826,1,1,1,1,28,6,3,0,0,0,0,0,1,2,E01003619,-1,0,0,1,-1,0
2023451269001,2023,451269001,1,1,1,1,35,6,3,0,0,0,0,0,3,6,E01030737,3,1,0,1,-1,0
2023201363299,2023,201363299,1,1,3,1,17,4,3,9,5,0,0,1,0,1,E01009978,3,1,0,1,-1,0
2023371299059,2023,371299059,1,1,3,1,-1,-1,2,5,9,0,0,-1,0,1,E01015886,6,1,1,0,-1,0
2023501283656,2023,501283656,1,1,3,1,45,7,3,9,5,0,0,0,0,9,E01033234,3,1,0,1,-1,0
2023010448168,2023,010448168,1,1,3,1,71,10,3,5,3,0,0,0,0,5,E01004647,-1,0,0,1,-1,0
2023010481177,2023,010481177,1,1,3,1,30,6,3,4,3,0,0,0,0,2,E01000015,-1,0,0,1,-1,0
2023451306926,2023,451306926,1,1,3,1,41,7,3,9,5,0,0,1,0,5,E01031663,3,1,0,1,-1,0
2023991262197,2023,991262197,1,1,3,2,63,9,3,1,3,0,0,0,0,1,-1,3,1,0,1,-1,0
2023552300528,2023,552300528,2,1,1,1,29,6,3,0,0,0,0,0,1,8,E01020425,-1,0,0.05534,0.94466,-1,0
2023010446695,2023,010446695,1,1,1,1,23,5,3,0,0,0,0,0,3,5,E01021443,-1,0,0,1,-1,0
2023131283142,2023,131283142,2,2,1,1,42,7,2,0,0,0,0,0,9,2,E01027909,6,1,1,0,-1,0
2023131316053,2023,131316053,2,2,2,2,69,10,3,0,0,1,0,0,9,2,E01011166,3,1,0,1,-1,0
2023201370365,2023,201370365,2,1,1,1,23,5,3,0,0,0,0,0,9,3,E01009294,3,1,0,1,-1,0
2023501354203,2023,501354203,1,1,1,2,87,11,2,0,0,0,0,0,9,2,E01015270,6,1,1,0,-1,0
2023010429096,2023,010429096,1,2,2,-1,-1,-1,3,0,0,1,0,0,9,8,E01002414,-1,0,0,1,-1,0
2023052300062,2023,052300062,3,2,2,2,18,4,3,0,0,1,0,0,9,1,E01006981,-1,0,0.00945,0.99055,-1,0
2023122300868,2023,122300868,2,1,1,1,56,9,3,0,0,0,0,0,9,9,E01027632,-1,0,0.02639,0.97361,-1,0
2023131280582,2023,131280582,2,1,2,2,13,3,3,0,0,1,0,0,9,8,E01018649,3,1,0,1,-1,0
2023131290096,2023,131290096,1,1,1,1,27,6,3,0,0,0,0,0,9,1,E01011361,3,1,0,1,-1,0
2023131359928,2023,131359928,1,1,1,2,21,5,3,0,0,0,0,0,9,1,E01010872,3,1,0,1,-1,0
2023302300046,2023,302300046,2,1,1,1,41,7,3,0,0,0,0,0,9,1,E01005826,-1,0,0.00536,0.99464,-1,0
2023302300387,2023,302300387,1,1,1,1,86,11,2,0,0,0,0,0,9,9,E01019610,-1,0,1,0,-1,0
2023471265996,2023,471265996,1,1,1,2,36,7,3,0,0,0,0,0,9,6,E01031637,3,1,0,1,-1,0
2023531365466,2023,531365466,1,3,2,2,17,4,3,0,0,2,0,0,9,2,E01022288,3,1,0,1,-1,0
2023320420134,2023,320420134,1,1,3,1,20,4,3,8,9,0,0,0,0,-1,-1,-1,0,0.13738,0.86262,-1,0
2023421303067,2023,421303067,1,1,3,1,58,9,3,9,5,0,0,0,0,7,E01021813,3,1,0,1,-1,0
202360A122850,2023,60A122850,1,1,3,1,30,6,3,8,5,0,0,1,0,-1,-1,-1,0,0.14544,0.85456,-1,0
2023010435071,2023,010435071,1,1,1,1,46,8,3,0,0,0,0,0,1,9,E01024183,-1,0,0,1,-1,0
2023010441688,2023,010441688,2,1,1,1,24,5,3,0,0,0,0,0,1,6,E01000581,-1,0,0,1,-1,0
2023430533101,2023,430533101,1,1,1,1,17,4,3,0,0,0,0,0,1,6,E01002567,-1,0,0.01787,0.98213,-1,0
2023451360273,2023,451360273,3,1,1,1,52,8,3,0,0,0,0,0,3,6,E01030751,3,1,0,1,-1,0
2023010460792,2023,010460792,1,1,1,1,35,6,3,0,0,0,0,0,8,3,E01001548,-1,0,0,1,-1,0
2023010447188,2023,010447188,1,1,1,2,50,8,3,0,0,0,0,0,9,4,E01003608,-1,0,0,1,-1,0
2023041391621,2023,041391621,1,3,2,1,28,6,2,0,0,1,0,0,9,7,E01025594,5,1,1,0,-1,0
2023201387832,2023,201387832,2,1,2,2,23,5,3,0,0,1,0,0,9,1,E01009881,3,1,0,1,-1,0
2023201412169,2023,201412169,2,2,1,-1,52,8,3,0,0,0,0,0,9,3,E01009138,3,1,0,1,-1,0
2023231268192,2023,231268192,2,1,1,2,58,9,3,0,0,0,0,0,9,10,E01031305,3,1,0,1,-1,0
2023302300387,2023,302300387,1,2,2,2,78,11,2,0,0,1,0,0,9,9,E01019610,-1,0,1,0,-1,0
2023340WN2332,2023,340WN2332,2,2,2,2,34,6,3,0,0,1,0,0,9,9,E01027301,-1,0,0,1,-1,0
2023541945023,2023,541945023,2,2,1,2,58,9,3,0,0,0,0,0,9,8,E01032071,-1,0,0.01363,0.98637,-1,0
2023010442225,2023,010442225,1,2,2,2,31,6,3,0,0,0,3,0,11,4,E01002098,-1,0,0,1,-1,0
2023101362977,2023,101362977,1,1,1,1,26,6,3,0,0,0,0,0,19,8,E01027440,3,1,0,1,-1,0
2023010463068,2023,010463068,1,1,3,2,18,4,3,1,1,0,0,0,0,5,E01003495,-1,0,0,1,-1,0
2023221277443,2023,221277443,1,1,3,2,85,11,3,6,9,0,0,0,0,9,E01032341,3,1,0,1,-1,0
2023991292542,2023,991292542,1,1,3,1,26,6,3,5,1,0,0,0,0,2,-1,3,1,0,1,-1,0
2023010464257,2023,010464257,1,1,1,2,17,4,3,0,0,0,0,0,3,5,E01000194,-1,0,0,1,-1,0
2023010452320,2023,010452320,1,1,1,1,58,9,3,0,0,0,0,0,8,1,E01003963,-1,0,0,1,-1,0
2023041347504,2023,041347504,4,5,2,1,6,2,3,0,0,2,0,0,9,5,E01006892,3,1,0,1,-1,0
2023141311234,2023,141311234,3,2,2,1,37,7,3,0,0,1,0,0,9,2,E01011104,3,1,0,1,-1,0
2023451316175,2023,451316175,1,1,1,1,47,8,3,0,0,0,0,0,9,7,E01024437,3,1,0,1,-1,0
2023541945023,2023,541945023,1,1,1,1,42,7,3,0,0,0,0,0,9,8,E01032044,-1,0,0.05221,0.94779,-1,0
2023991321265,2023,991321265,1,1,1,1,27,6,2,0,0,0,0,0,17,7,-1,7,1,1,0,-1,0
2023010453961,2023,010453961,1,1,3,1,26,6,2,9,6,0,0,1,0,-1,-1,-1,0,1,0,-1,0
2023320474984,2023,320474984,1,1,3,1,45,7,3,6,9,0,0,1,0,3,E01026017,-1,0,0.07656,0.92344,-1,0
2023041319159,2023,041319159,2,1,1,1,46,8,3,0,0,0,0,0,1,8,E01025443,3,1,0,1,-1,0
2023041348037,2023,041348037,2,1,1,1,42,7,3,0,0,0,0,0,1,1,E01012619,3,1,0,1,-1,0
2023041380148,2023,041380148,2,1,1,1,42,7,3,0,0,0,0,0,9,4,E01025405,3,1,0,1,-1,0
2023141378703,2023,141378703,2,1,1,1,33,6,2,0,0,0,0,0,9,2,E01011002,7,1,1,0,-1,0
2023461289783,2023,461289783,1,1,1,1,64,9,2,0,0,0,0,0,9,10,E01024781,7,1,1,0,-1,0
2023501364864,2023,501364864,1,1,1,1,27,6,3,0,0,0,0,0,9,5,E01023201,3,1,0,1,-1,0
2023010463527,2023,010463527,1,1,3,1,57,9,2,10,9,0,0,0,0,4,E01002596,-1,0,1,0,-1,0
2023311294003,2023,311294003,2,1,1,1,32,6,3,0,0,0,0,0,3,5,E01013840,3,1,0,1,-1,0
2023052302634,2023,052302634,1,1,2,2,70,10,2,0,0,1,0,0,9,6,E01014351,-1,0,1,0,-1,0
2023101329527,2023,101329527,1,1,1,2,31,6,3,0,0,0,0,0,9,4,E01027408,3,1,0,1,-1,0
2023101371710,2023,101371710,2,2,1,2,46,8,3,0,0,0,0,0,9,1,E01008485,3,1,0,1,-1,0
2023111301865,2023,111301865,2,1,1,2,55,8,3,0,0,0,0,0,9,7,E01020684,3,1,0,1,-1,0
2023430311036,2023,430311036,2,1,1,1,37,7,3,0,0,0,0,0,9,4,E01016273,-1,0,0.00379,0.99621,-1,0
2023461343609,2023,461343609,2,2,2,2,76,11,3,0,0,1,0,0,9,8,E01016119,3,1,0,1,-1,0
2023471312076,2023,471312076,2,1,2,1,7,2,3,0,0,1,0,0,9,5,E01031605,3,1,0,1,-1,0
2023522400460,2023,522400460,1,1,1,2,27,6,3,0,0,0,0,0,9,1,E01033359,-1,0,0.0098,0.9902,-1,0
2023010477984,2023,010477984,1,1,2,2,58,9,3,0,0,0,4,0,11,2,E01000956,-1,0,0,1,-1,0
2023501273569,2023,501273569,1,1,1,1,49,8,3,0,0,0,0,0,19,5,E01018896,3,1,0,1,-1,0
2023101321393,2023,101321393,1,1,1,1,30,6,1,0,0,0,0,0,23,3,E01008769,1,1,0,0,-1,0
2023010481738,2023,010481738,3,4,2,2,53,8,3,0,0,2,0,0,9,3,E01032786,-1,0,0,1,-1,0
2023231396667,2023,231396667,1,1,2,2,34,6,3,0,0,1,0,0,9,5,E01019883,3,1,0,1,-1,0
2023331306908,2023,331306908,2,1,1,1,44,7,3,0,0,0,0,0,9,3,E01010571,3,1,0,1,-1,0
2023421366297,2023,421366297,1,1,1,1,27,6,3,0,0,0,0,0,9,-1,-1,3,1,0,1,-1,0
2023430551681,2023,430551681,2,2,2,2,61,9,3,0,0,1,0,0,9,8,E01014805,-1,0,0.01007,0.98993,-1,0
2023471384476,2023,471384476,2,1,1,1,57,9,3,0,0,0,0,0,9,8,E01031840,3,1,0,1,-1,0
202354A135523,2023,54A135523,1,1,1,1,21,5,3,0,0,0,0,0,9,2,E01009029,-1,0,0.05641,0.94359,-1,0
2023552300799,2023,552300799,1,1,1,2,23,5,3,0,0,0,0,0,9,3,E01015442,-1,0,0.01873,0.98127,-1,0
2023170L50753,2023,170L50753,2,1,1,1,15,3,3,0,0,0,0,0,1,-1,-1,-1,0,0.07373,0.92627,-1,0
2023201283449,2023,201283449,2,1,1,1,25,5,2,0,0,0,0,0,97,5,E01009745,7,1,1,0,-1,0
2023010420676,2023,010420676,1,1,1,2,29,6,3,0,0,0,0,0,3,7,E01004597,-1,0,0,1,-1,0
2023111301865,2023,111301865,1,2,3,2,25,5,3,9,5,0,0,0,0,7,E01020684,3,1,0,1,-1,0
2023552301270,2023,552301270,1,1,3,1,45,7,3,8,5,0,0,1,0,-1,-1,-1,0,0.11537,0.88463,-1,0
2023010457714,2023,010457714,2,1,1,2,53,8,3,0,0,0,0,0,33,2,E01002053,-1,0,0,1,-1,1
2023052300842,2023,052300842,1,1,3,1,63,9,1,6,9,0,0,0,0,1,E01006981,-1,0,0,0,-1,0
2023052302794,2023,052302794,1,1,3,1,66,10,3,8,4,0,0,0,0,1,E01006560,-1,0,0.16353,0.83647,-1,0
2023010440413,2023,010440413,1,1,1,2,39,7,2,0,0,0,0,0,1,5,E01004700,-1,0,1,0,-1,0
2023552301189,2023,552301189,1,1,1,1,13,3,2,0,0,0,0,0,1,9,E01015316,-1,0,1,0,-1,0
2023010435522,2023,010435522,1,1,1,1,40,7,3,0,0,0,0,0,3,3,E01002568,-1,0,0,1,-1,0
2023451374958,2023,451374958,2,1,1,1,35,6,2,0,0,0,0,0,3,6,E01030751,7,1,1,0,-1,0
2023010483370,2023,010483370,1,1,1,1,34,6,3,0,0,0,0,0,9,6,E01001991,-1,0,0,1,-1,0
2023141317451,2023,141317451,2,2,2,2,15,3,2,0,0,2,0,0,9,2,E01007340,7,1,1,0,-1,0
2023361270297,2023,361270297,2,1,1,2,41,7,3,0,0,0,0,0,9,7,E01026928,3,1,0,1,-1,0
2023361367797,2023,361367797,1,1,1,2,82,11,3,0,0,0,0,0,9,8,E01026913,3,1,0,1,-1,0
2023430314268,2023,430314268,2,2,1,2,26,6,3,0,0,0,0,0,9,10,E01028788,-1,0,0.00105,0.99895,-1,0
2023471349611,2023,471349611,2,2,2,2,33,6,3,0,0,1,0,0,9,9,E01016924,3,1,0,1,-1,0
2023622300823,2023,622300823,1,1,1,1,51,8,3,0,0,0,0,0,9,9,W01001113,-1,0,0.0155,0.9845,-1,0
2023991332200,2023,991332200,1,1,2,2,82,11,3,0,0,1,0,0,9,5,-1,3,1,0,1,-1,0
2023991345106,2023,991345106,3,2,1,1,43,7,2,0,0,0,0,0,9,3,-1,5,1,1,0,-1,0
2023041338696,2023,041338696,1,1,3,1,24,5,3,8,5,0,0,1,0,8,E01025540,3,1,0,1,-1,0
2023991262187,2023,991262187,1,1,3,2,77,11,2,4,1,0,0,0,0,-1,-1,6,1,1,0,-1,0
2023010471971,2023,010471971,2,1,1,1,30,6,3,0,0,0,0,0,3,3,E01003493,-1,0,0,1,-1,0
2023991324117,2023,991324117,2,1,1,1,65,9,3,0,0,0,0,0,8,-1,-1,3,1,0,1,-1,0
2023141311234,2023,141311234,1,1,1,2,59,9,3,0,0,0,0,0,9,-1,-1,3,1,0,1,-1,0
2023320729502,2023,320729502,2,2,2,2,50,8,3,0,0,2,0,0,9,6,E01026611,-1,0,0.03512,0.96488,-1,0
2023332300509,2023,332300509,1,1,1,1,35,6,3,0,0,0,0,0,9,8,E01032598,-1,0,0.05049,0.94951,-1,0
2023421320695,2023,421320695,1,1,1,2,58,9,3,0,0,0,0,0,9,4,E01033048,3,1,0,1,-1,0
2023451365531,2023,451365531,1,1,1,2,74,10,3,0,0,0,0,0,9,7,E01030651,3,1,0,1,-1,0
2023522400343,2023,522400343,2,2,2,2,57,9,3,0,0,1,0,0,9,3,E01014493,-1,0,0.06928,0.93072,-1,0
2023991272535,2023,991272535,1,1,2,2,85,11,3,0,0,1,0,0,9,9,-1,3,1,0,1,-1,0
2023010459183,2023,010459183,1,1,2,1,5,1,3,0,0,0,4,0,11,1,E01001876,-1,0,0,1,-1,0
2023161327706,2023,161327706,1,1,1,1,56,9,3,0,0,0,0,0,21,1,E01012931,3,1,0,1,-1,0
2023010469686,2023,010469686,2,1,1,1,22,5,3,0,0,0,0,0,33,6,E01000203,-1,0,0,1,-1,1
2023122300543,2023,122300543,1,1,3,2,38,7,3,9,5,0,0,1,0,6,E01027878,-1,0,0.04223,0.95777,-1,0
2023122301352,2023,122301352,2,1,1,1,24,5,3,0,0,0,0,0,1,7,E01013449,-1,0,0.05734,0.94266,-1,0
2023440162758,2023,440162758,2,1,1,1,15,3,3,0,0,0,0,0,1,4,E01017158,-1,0,0,1,-1,0
2023221309037,2023,221309037,1,1,1,1,55,8,2,0,0,0,0,0,5,9,E01032451,5,1,1,0,-1,0
2023010462146,2023,010462146,1,1,1,2,26,6,3,0,0,0,0,0,9,-1,-1,-1,0,0,1,-1,0
2023041375750,2023,041375750,2,1,1,2,25,5,3,0,0,0,0,0,9,9,E01024867,3,1,0,1,-1,0
2023161310876,2023,161310876,2,1,1,2,53,8,3,0,0,0,0,0,9,-1,-1,3,1,0,1,-1,0
2023201371879,2023,201371879,2,1,1,2,25,5,3,0,0,0,0,0,9,5,E01009895,3,1,0,1,-1,0
2023221373822,2023,221373822,2,2,1,2,43,7,3,0,0,0,0,0,9,2,E01032278,3,1,0,1,-1,0
2023320255534,2023,320255534,1,1,1,2,41,7,3,0,0,0,0,0,9,5,E01032987,-1,0,0.0459,0.9541,-1,0
2023430181830,2023,430181830,1,1,1,2,75,10,3,0,0,0,0,0,9,10,E01028806,-1,0,0.04482,0.95518,-1,0
2023461317934,2023,461317934,1,1,1,1,20,4,1,0,0,0,0,0,9,10,E01024337,1,1,0,0,-1,0
2023471347065,2023,471347065,2,1,1,2,34,6,3,0,0,0,0,0,9,4,E01021017,3,1,0,1,-1,0
2023131307616,2023,131307616,1,1,2,2,65,9,2,0,0,0,0,0,11,1,E01011426,7,1,1,0,-1,0
2023440025213,2023,440025213,2,2,1,1,51,8,3,0,0,0,0,0,19,8,E01022792,-1,0,0,1,-1,0
2023451294822,2023,451294822,1,1,1,2,44,7,3,0,0,0,0,0,19,8,E01024761,3,1,0,1,-1,0
2023451326148,2023,451326148,2,1,1,2,35,6,3,0,0,0,0,0,19,5,E01030719,3,1,0,1,-1,0
2023361357808,2023,361357808,1,1,3,1,51,8,3,6,5,0,0,0,0,-1,-1,3,1,0,1,-1,0
2023010477586,2023,010477586,1,1,1,1,43,7,2,0,0,0,0,0,1,1,E01004256,-1,0,1,0,-1,0
2023010463896,2023,010463896,2,1,1,1,29,6,3,0,0,0,0,0,3,3,E01003602,-1,0,0,1,-1,0
2023201375350,2023,201375350,1,1,1,1,22,5,3,0,0,0,0,0,4,1,E01010037,3,1,0,1,-1,0
2023101265161,2023,101265161,2,2,1,2,29,6,3,0,0,0,0,0,9,-1,-1,3,1,0,1,-1,0
2023141357952,2023,141357952,1,1,1,1,38,7,3,0,0,0,0,0,9,5,E01007757,3,1,0,1,-1,0
2023161319724,2023,161319724,3,1,1,2,54,8,3,0,0,0,0,0,9,10,E01012925,3,1,0,1,-1,0
2023320452073,2023,320452073,1,4,1,1,28,6,2,0,0,0,0,0,9,8,E01032998,-1,0,1,0,-1,0
2023451293775,2023,451293775,1,1,1,1,26,6,3,0,0,0,0,0,9,8,E01023907,3,1,0,1,-1,0
2023451303629,2023,451303629,2,2,1,1,39,7,2,0,0,0,0,0,9,9,E01001063,5,1,1,0,-1,0
2023451393429,2023,451393429,1,1,1,1,32,6,3,0,0,0,0,0,9,5,E01004096,3,1,0,1,-1,0
2023501281020,2023,501281020,1,1,1,1,93,11,3,0,0,0,0,0,9,6,E01018764,3,1,0,1,-1,0
2023522400332,2023,522400332,1,1,1,2,47,8,3,0,0,0,0,0,9,9,E01014710,-1,0,0.00856,0.99144,-1,0
2023552400024,2023,552400024,2,1,1,2,25,5,3,0,0,0,0,0,9,3,E01015283,-1,0,0.00716,0.99284,-1,0
2023010424603,2023,010424603,1,1,1,1,50,8,3,0,0,0,0,0,1,4,E01000869,-1,0,0,1,-1,0
2023531283281,2023,531283281,1,1,1,1,13,3,3,0,0,0,0,0,1,10,E01022112,3,1,0,1,-1,0
2023201389298,2023,201389298,2,2,2,2,34,6,3,0,0,-1,0,0,9,2,E01009515,3,1,0,1,-1,0
202354C791223,2023,54C791223,2,1,1,1,32,6,3,0,0,0,0,0,9,9,E01015471,-1,0,0.01431,0.98569,-1,0
202360A019565,2023,60A019565,2,2,1,2,32,6,3,0,0,0,0,0,9,-1,-1,-1,0,0.02809,0.97191,-1,0
2023991282969,2023,991282969,1,1,1,2,50,8,3,0,0,0,0,0,9,3,-1,3,1,0,1,-1,0
2023991359228,2023,991359228,1,1,1,1,61,9,2,0,0,0,0,0,21,9,E01032299,7,1,1,0,-1,0
2023010475589,2023,010475589,1,1,3,2,32,6,3,5,3,0,0,1,0,4,E01003447,-1,0,0,1,-1,0
2023010447899,2023,010447899,1,1,1,2,40,7,3,0,0,0,0,0,1,1,E01001732,-1,0,0,1,-1,0
2023231350353,2023,231350353,1,1,1,1,20,4,2,0,0,0,0,0,3,5,E01009712,7,1,1,0,-1,0
202354C927923,2023,54C927923,1,1,1,1,29,6,3,0,0,0,0,0,5,8,E01031900,-1,0,0.08326,0.91674,-1,0
2023041302749,2023,041302749,1,1,1,1,69,10,2,0,0,0,0,0,9,3,E01025356,5,1,1,0,-1,0
2023201267121,2023,201267121,2,1,1,2,55,8,2,0,0,0,0,0,9,1,E01009996,5,1,1,0,-1,0
2023451313713,2023,451313713,2,1,1,1,72,10,3,0,0,0,0,0,9,6,E01022736,3,1,0,1,-1,0
2023501329174,2023,501329174,1,2,2,2,1,1,2,0,0,2,0,0,9,4,E01029343,5,1,1,0,-1,0
2023010481738,2023,010481738,3,5,2,2,34,6,2,0,0,2,0,0,9,2,E01004060,-1,0,1,0,-1,0
2023041355904,2023,041355904,2,1,1,2,20,4,3,0,0,0,0,0,9,2,E01025091,3,1,0,1,-1,0
2023201299457,2023,201299457,1,1,1,1,21,5,3,0,0,0,0,0,9,4,E01013967,3,1,0,1,-1,0
2023010484334,2023,010484334,1,1,1,1,31,6,3,0,0,0,0,0,1,3,E01000222,-1,0,0,1,-1,0
2023332300206,2023,332300206,2,1,1,1,60,9,3,0,0,0,0,0,1,7,E01025895,-1,0,0.09183,0.90817,-1,0
2023010457720,2023,010457720,1,1,1,2,28,6,3,0,0,0,0,0,3,1,E01002041,-1,0,0,1,-1,0
2023122300477,2023,122300477,1,1,1,1,30,6,2,0,0,0,0,0,5,6,E01025598,-1,0,1,0,-1,0
2023552300183,2023,552300183,2,1,2,1,56,9,3,0,0,0,0,0,19,7,E01020546,-1,0,0.01975,0.98025,-1,0
2023010425345,2023,010425345,1,1,3,2,11,3,3,5,3,0,0,0,0,6,E01004491,-1,0,0,1,-1,0
2023010468967,2023,010468967,2,1,1,1,41,7,3,0,0,0,0,0,2,2,E01000876,-1,0,0,1,-1,0
2023010443618,2023,010443618,1,1,1,1,26,6,3,0,0,0,0,0,5,4,E01003129,-1,0,0,1,-1,0
2023052300472,2023,052300472,1,1,1,1,38,7,2,0,0,0,0,0,5,8,E01007097,-1,0,1,0,-1,0
2023041292639,2023,041292639,2,1,1,2,72,10,3,0,0,0,0,0,9,8,E01025564,3,1,0,1,-1,0
2023231371438,2023,231371438,1,2,2,2,11,3,3,0,0,2,0,0,9,8,E01019872,3,1,0,1,-1,0
2023461368764,2023,461368764,2,1,1,1,23,5,3,0,0,0,0,0,9,2,E01024093,3,1,0,1,-1,0
2023552300852,2023,552300852,1,1,1,1,24,5,2,0,0,0,0,0,5,5,E01020584,-1,0,1,0,-1,0
2023340WN2032,2023,340WN2032,1,1,1,2,42,7,3,0,0,0,0,0,9,4,E01027252,-1,0,0,1,-1,0
2023622300111,2023,622300111,2,2,1,2,57,9,3,0,0,0,0,0,9,4,W01001233,-1,0,0.00894,0.99106,-1,0
2023361322179,2023,361322179,2,1,1,1,20,4,3,0,0,0,0,0,19,7,E01026471,3,1,0,1,-1,0
2023361299315,2023,361299315,1,2,3,2,14,3,3,1,1,0,0,0,0,1,E01026626,3,1,0,1,-1,0
2023010433449,2023,010433449,1,1,1,1,41,7,3,0,0,0,0,0,1,6,E01033582,-1,0,0,1,-1,0
2023010439525,2023,010439525,1,1,1,1,33,6,3,0,0,0,0,0,1,9,E01004607,-1,0,0,1,-1,0
2023070915742,2023,070915742,1,1,1,1,37,7,3,0,0,0,0,0,1,10,E01018346,-1,0,0.08652,0.91348,-1,0
2023010435439,2023,010435439,1,1,1,1,53,8,3,0,0,0,0,0,3,4,E01000612,-1,0,0,1,-1,0
2023010447036,2023,010447036,1,1,1,1,32,6,3,0,0,0,0,0,3,5,E01000224,-1,0,0,1,-1,0
2023010457537,2023,010457537,1,1,1,1,21,5,3,0,0,0,0,0,5,8,E01024414,-1,0,0,1,-1,0
2023101319108,2023,101319108,2,1,1,1,52,8,3,0,0,0,0,0,5,6,E01008872,3,1,0,1,-1,0
2023010430325,2023,010430325,3,3,1,2,38,7,3,0,0,0,0,0,9,3,E01024166,-1,0,0,1,-1,0
2023010458915,2023,010458915,1,1,1,1,44,7,3,0,0,0,0,0,9,2,E01004389,-1,0,0,1,-1,0
2023010469261,2023,010469261,1,1,1,1,23,5,3,0,0,0,0,0,9,6,E01002630,-1,0,0,1,-1,0
2023070230100,2023,070230100,2,2,2,2,43,7,3,0,0,1,0,0,9,4,E01005816,-1,0,0.01087,0.98913,-1,0
2023101265161,2023,101265161,1,1,1,1,23,5,3,0,0,0,0,0,9,-1,-1,3,1,0,1,-1,0
2023122300386,2023,122300386,2,1,1,1,38,7,3,0,0,0,0,0,9,5,E01008306,-1,0,0.02197,0.97803,-1,0
2023340WN2862,2023,340WN2862,2,1,1,1,44,7,3,0,0,0,0,0,9,8,E01016759,-1,0,0,1,-1,0
2023351325704,2023,351325704,1,1,1,1,26,6,3,0,0,0,0,0,9,5,E01015651,3,1,0,1,-1,0
2023451267111,2023,451267111,1,1,1,1,24,5,3,0,0,0,0,0,9,7,E01030420,3,1,0,1,-1,0
2023991353390,2023,991353390,1,1,2,2,21,5,2,0,0,1,0,0,9,2,E01024840,7,1,1,0,-1,0
2023071166502,2023,071166502,1,1,1,1,63,9,2,0,0,0,0,0,21,6,E01029789,-1,0,1,0,-1,0
2023471304902,2023,471304902,1,1,3,1,7,2,3,6,8,0,0,0,0,9,E01031582,3,1,0,1,-1,0
2023991311572,2023,991311572,1,1,1,1,40,7,2,0,0,0,0,0,5,2,-1,7,1,1,0,-1,0
2023010460924,2023,010460924,1,1,1,1,42,7,3,0,0,0,0,0,9,7,E01021791,-1,0,0,1,-1,0
2023131316053,2023,131316053,1,1,1,1,31,6,3,0,0,0,0,0,9,7,E01011350,3,1,0,1,-1,0
2023131380175,2023,131380175,1,2,2,2,84,11,3,0,0,1,0,0,9,8,E01011826,3,1,0,1,-1,0
2023211305360,2023,211305360,2,1,1,1,29,6,3,0,0,0,0,0,9,10,E01029747,3,1,0,1,-1,0
2023421321314,2023,421321314,1,1,1,1,71,10,3,0,0,0,0,0,9,10,E01021728,3,1,0,1,-1,0
2023440052688,2023,440052688,2,2,1,2,36,7,3,0,0,0,0,0,9,10,E01022590,-1,0,0,1,-1,0
2023552300828,2023,552300828,2,2,1,1,20,4,3,0,0,0,0,0,9,4,E01015443,-1,0,0.01926,0.98074,-1,0
2023201340466,2023,201340466,2,2,1,1,28,6,3,0,0,0,0,0,19,-1,-1,3,1,0,1,-1,0
2023221276333,2023,221276333,2,1,1,2,53,8,3,0,0,0,0,0,19,8,E01031241,3,1,0,1,-1,0
2023010443811,2023,010443811,1,1,3,1,35,6,3,4,9,0,0,0,0,5,E01004745,-1,0,0,1,-1,0
2023010474385,2023,010474385,1,1,3,2,19,4,2,4,2,0,0,0,0,7,E01002838,-1,0,1,0,-1,0
2023041367409,2023,041367409,2,2,3,1,23,5,2,9,5,0,0,1,0,4,E01024919,7,1,1,0,-1,0
2023041367409,2023,041367409,3,4,3,1,19,4,3,9,5,0,0,1,0,2,E01025381,3,1,0,1,-1,0
2023201397982,2023,201397982,1,1,3,1,52,8,3,6,7,0,0,2,0,1,E01008907,3,1,0,1,-1,0
2023371391255,2023,371391255,1,2,1,1,27,6,3,0,0,0,0,0,9,8,E01029917,3,1,0,1,-1,0
2023991350681,2023,991350681,1,1,1,1,88,11,2,0,0,0,0,0,9,6,E01025963,6,1,1,0,-1,0
2023041391621,2023,041391621,1,4,2,1,34,6,2,0,0,1,0,0,9,3,E01012677,5,1,1,0,-1,0
2023440207654,2023,440207654,2,1,2,1,20,4,3,0,0,1,0,0,9,4,E01022552,-1,0,0,1,-1,0
2023991353390,2023,991353390,2,2,1,1,18,4,2,0,0,0,0,0,9,9,-1,7,1,1,0,-1,0
2023201370254,2023,201370254,2,1,1,1,19,4,2,0,0,0,0,0,33,-1,-1,7,1,1,0,-1,1
2023131268506,2023,131268506,2,1,2,1,62,9,3,0,0,0,0,0,8,8,E01011203,3,1,0,1,-1,0
2023061338736,2023,061338736,2,1,1,1,37,7,3,0,0,0,0,0,19,8,E01006078,3,1,0,1,-1,0
2023071213986,2023,071213986,2,1,1,1,54,8,2,0,0,0,0,0,19,8,E01006859,-1,0,1,0,-1,0
2023320392939,2023,320392939,1,2,2,1,18,4,3,0,0,0,0,0,19,9,E01026203,-1,0,0.11546,0.88454,-1,0
2023010474059,2023,010474059,1,1,1,2,40,7,3,0,0,0,0,0,9,4,E01003447,-1,0,0,1,-1,0
2023070454534,2023,070454534,2,2,2,1,8,2,3,0,0,2,0,0,9,8,E01006792,-1,0,0.00387,0.99613,-1,0
2023201317475,2023,201317475,2,2,1,2,33,6,3,0,0,0,0,0,9,2,E01010204,3,1,0,1,-1,0
2023231286917,2023,231286917,2,1,1,2,26,6,3,0,0,0,0,0,9,5,E01019883,3,1,0,1,-1,0
2023361328785,2023,361328785,2,1,1,2,61,9,3,0,0,0,0,0,9,2,E01026680,3,1,0,1,-1,0
2023471371783,2023,471371783,2,2,2,2,22,5,3,0,0,2,0,0,9,3,E01016921,3,1,0,1,-1,0
2023010452996,2023,010452996,1,1,1,1,26,6,3,0,0,0,0,0,1,1,E01004721,-1,0,0,1,-1,0
2023010485852,2023,010485852,2,1,1,1,33,6,3,0,0,0,0,0,1,4,E01002762,-1,0,0,1,-1,0
2023041288337,2023,041288337,2,1,1,1,58,9,3,0,0,0,0,0,3,1,E01025575,3,1,0,1,-1,0
2023440057387,2023,440057387,1,1,1,1,55,8,2,0,0,0,0,0,5,5,E01023285,-1,0,0.95348,0.04652,-1,0
2023201377317,2023,201377317,1,1,3,2,40,7,3,5,3,0,0,2,0,2,E01009029,3,1,0,1,-1,0
2023547292823,2023,547292823,1,1,3,1,43,7,3,8,9,0,0,1,0,1,E01022347,-1,0,0.07682,0.92318,-1,0
2023010428004,2023,010428004,1,2,2,2,17,4,3,0,0,2,0,0,9,3,E01002554,-1,0,0,1,-1,0
2023131312206,2023,131312206,2,1,1,2,32,6,2,0,0,0,0,0,9,7,E01032490,5,1,1,0,-1,0
2023201370082,2023,201370082,1,1,1,1,53,8,3,0,0,0,0,0,9,2,E01033641,3,1,0,1,-1,0
2023320527425,2023,320527425,2,1,1,2,42,7,3,0,0,0,0,0,9,7,E01026372,-1,0,0.03104,0.96896,-1,0
2023421345286,2023,421345286,2,2,2,2,18,4,3,0,0,2,0,0,9,3,E01000163,3,1,0,1,-1,0
2023440438239,2023,440438239,2,1,1,1,43,7,3,0,0,0,0,0,9,3,E01017220,-1,0,0,1,-1,0
2023471375480,2023,471375480,1,3,1,2,26,6,3,0,0,0,0,0,9,9,E01031561,3,1,0,1,-1,0
2023991308992,2023,991308992,2,4,2,1,4,1,3,0,0,2,0,0,9,-1,-1,3,1,0,1,-1,0
2023010456200,2023,010456200,1,1,1,1,49,8,3,0,0,0,0,0,1,9,E01003892,-1,0,0,1,-1,0
2023131357544,2023,131357544,2,1,1,1,15,3,3,0,0,0,0,0,1,2,E01010605,3,1,0,1,-1,0
2023332300238,2023,332300238,1,1,3,1,19,4,3,5,3,0,0,0,0,2,E01013688,-1,0,0.04334,0.95666,-1,0
2023440450872,2023,440450872,1,1,3,1,19,4,3,9,8,0,0,0,0,8,E01023049,-1,0,0,1,-1,0
2023041294143,2023,041294143,1,1,3,1,26,6,2,4,1,0,0,1,0,2,E01025274,5,1,1,0,-1,0
2023010456308,2023,010456308,2,1,1,1,36,7,3,0,0,0,0,0,1,2,E01003964,-1,0,0,1,-1,0
2023010486271,2023,010486271,2,1,1,1,42,7,2,0,0,0,0,0,1,6,E01001070,-1,0,1,0,-1,0
2023440303934,2023,440303934,1,1,1,1,20,4,3,0,0,0,0,0,1,10,E01022629,-1,0,0,1,-1,0
2023010440849,2023,010440849,2,1,1,1,40,7,3,0,0,0,0,0,5,1,E01002732,-1,0,0,1,-1,0
2023010475192,2023,010475192,1,1,1,1,49,8,3,0,0,0,0,0,9,4,E01017926,-1,0,0,1,-1,0
2023041302302,2023,041302302,1,1,1,2,34,6,3,0,0,0,0,0,9,1,E01012735,3,1,0,1,-1,0
2023170S10413,2023,170S10413,1,1,1,1,18,4,3,0,0,0,0,0,9,1,E01012250,-1,0,0.01666,0.98334,-1,0
2023430314268,2023,430314268,2,1,2,1,26,6,3,0,0,1,0,0,9,10,E01028734,-1,0,0.00121,0.99879,-1,0
2023430343808,2023,430343808,1,1,1,1,60,9,3,0,0,0,0,0,9,-1,-1,-1,0,0.02775,0.97225,-1,0
2023430521993,2023,430521993,2,1,1,2,30,6,3,0,0,0,0,0,9,3,E01017711,-1,0,0.00493,0.99507,-1,0
2023440115262,2023,440115262,2,1,1,2,52,8,3,0,0,0,0,0,9,2,E01017272,-1,0,0,1,-1,0
2023461318166,2023,461318166,2,1,2,2,1,1,3,0,0,-1,0,0,9,7,E01032822,3,1,0,1,-1,0
2023471283714,2023,471283714,1,2,2,2,55,8,2,0,0,2,0,0,9,-1,-1,6,1,1,0,-1,0
2023991295345,2023,991295345,2,1,1,1,49,8,3,0,0,0,0,0,90,2,-1,3,1,0,1,-1,0
2023221299130,2023,221299130,1,2,2,2,38,7,3,0,0,1,0,0,9,6,E01032352,3,1,0,1,-1,0
2023451355625,2023,451355625,3,3,1,1,30,6,3,0,0,0,0,0,9,3,E01001578,3,1,0,1,-1,0
2023461270689,2023,461270689,1,2,1,2,42,7,2,0,0,0,0,0,9,2,E01023976,7,1,1,0,-1,0
2023461355067,2023,461355067,1,1,1,2,30,6,3,0,0,0,0,0,9,-1,-1,3,1,0,1,-1,0
2023991316067,2023,991316067,1,1,2,2,43,7,3,0,0,2,0,0,9,-1,-1,3,1,0,1,-1,0
2023991327584,2023,991327584,1,1,1,1,26,6,3,0,0,0,0,0,9,-1,-1,3,1,0,1,-1,0
2023010483285,2023,010483285,2,1,1,1,25,5,3,0,0,0,0,0,3,-1,-1,-1,0,0,1,-1,0
2023010463682,2023,010463682,1,1,1,1,45,7,3,0,0,0,0,0,4,1,E01004244,-1,0,0,1,-1,0
2023522400679,2023,522400679,1,1,1,1,43,7,3,0,0,0,0,0,5,2,E01014661,-1,0,0.1199,0.8801,-1,0
2023010475466,2023,010475466,1,4,3,2,27,6,3,6,9,0,0,0,0,10,E01003846,-1,0,0,1,-1,0
2023201397190,2023,201397190,1,1,3,2,12,3,3,1,1,0,0,0,0,-1,-1,3,1,0,1,-1,0
2023302300676,2023,302300676,1,1,3,2,12,3,3,5,1,0,0,0,0,9,E01019772,-1,0,0.05014,0.94986,-1,0
2023440060797,2023,440060797,1,1,1,1,15,3,3,0,0,0,0,0,33,1,E01017037,-1,0,0,1,-1,1
2023320392939,2023,320392939,1,1,1,1,38,7,2,0,0,0,0,0,19,8,E01026212,-1,0,1,0,-1,0
2023371389348,2023,371389348,2,2,2,2,25,5,3,0,0,0,0,0,19,5,E01014060,3,1,0,1,-1,0
2023010450055,2023,010450055,1,1,1,1,22,5,3,0,0,0,0,0,9,3,E01002130,-1,0,0,1,-1,0
2023070877591,2023,070877591,2,2,1,1,26,6,3,0,0,0,0,0,9,7,E01031297,-1,0,0.03193,0.96807,-1,0
2023131329183,2023,131329183,2,2,2,2,16,4,3,0,0,1,0,0,9,1,E01010677,3,1,0,1,-1,0
2023401279739,2023,401279739,1,2,2,1,32,6,3,0,0,-1,0,0,9,5,E01017390,3,1,0,1,-1,0
2023461296075,2023,461296075,2,2,1,2,54,8,2,0,0,0,0,0,9,5,E01024095,7,1,1,0,-1,0
2023991277317,2023,991277317,2,1,1,1,20,4,3,0,0,0,0,0,9,-1,-1,3,1,0,1,-1,0
2023371305694,2023,371305694,2,2,1,1,60,9,2,0,0,0,0,0,1,8,E01030042,6,1,1,0,-1,0
2023421323138,2023,421323138,2,1,1,2,40,7,3,0,0,0,0,0,1,7,E01015822,3,1,0,1,-1,0
2023371354171,2023,371354171,2,1,1,1,45,7,2,0,0,0,0,0,3,6,E01030003,6,1,1,0,-1,0
2023371312575,2023,371312575,1,1,1,1,29,6,1,0,0,0,0,0,5,10,E01030292,1,1,0,0,-1,0
2023010452516,2023,010452516,2,1,1,1,26,6,3,0,0,0,0,0,33,4,E01000546,-1,0,0,1,-1,1
2023010434387,2023,010434387,3,4,2,1,44,7,3,0,0,1,0,0,8,8,E01000412,-1,0,0,1,-1,0
2023311270984,2023,311270984,1,2,1,1,53,8,2,0,0,0,0,0,19,3,-1,6,1,1,0,-1,0
2023610009823,2023,610009823,2,2,1,1,34,6,3,0,0,1,0,0,19,6,E01022264,-1,0,0.01782,0.98218,-1,0
2023010419937,2023,010419937,1,1,3,1,71,10,2,5,1,0,0,1,0,10,E01000280,-1,0,1,0,-1,0
2023541978523,2023,541978523,1,1,3,1,69,10,1,4,9,0,0,0,0,10,E01031966,-1,0,0,0,-1,0
2023122301176,2023,122301176,2,2,2,1,18,4,3,0,0,0,0,0,3,7,E01013401,-1,0,0.08199,0.91801,-1,0
2023010472641,2023,010472641,2,2,1,1,23,5,3,0,0,0,0,0,9,2,E01003256,-1,0,0,1,-1,0
2023052302512,2023,052302512,1,1,1,2,39,7,3,0,0,0,0,0,9,5,E01006489,-1,0,0.04977,0.95023,-1,0
2023131299611,2023,131299611,1,2,2,2,23,5,2,0,0,2,0,0,9,3,E01011670,7,1,1,0,-1,0
2023201319464,2023,201319464,2,1,2,2,51,8,3,0,0,1,0,0,9,6,E01031022,3,1,0,1,-1,0
2023211305360,2023,211305360,1,2,1,2,59,9,3,0,0,0,0,0,9,1,E01029372,3,1,0,1,-1,0
2023311347175,2023,311347175,1,1,1,2,30,6,3,0,0,0,0,0,9,-1,-1,3,1,0,1,-1,0
2023451369024,2023,451369024,1,1,1,2,49,8,3,0,0,0,0,0,9,5,E01002948,3,1,0,1,-1,0
2023471263559,2023,471263559,1,3,2,1,12,3,3,0,0,2,0,0,9,5,E01031750,3,1,0,1,-1,0
2023531327946,2023,531327946,1,1,1,2,29,6,2,0,0,0,0,0,9,3,E01022294,7,1,1,0,-1,0
2023991272848,2023,991272848,1,1,1,2,39,7,2,0,0,0,0,0,9,2,-1,6,1,1,0,-1,0
2023010437715,2023,010437715,1,1,3,1,30,6,3,1,1,0,0,0,0,9,E01003874,-1,0,0,1,-1,0
2023991340292,2023,991340292,1,1,3,1,40,7,1,9,5,0,0,0,0,-1,-1,1,1,0,0,-1,0
2023010465613,2023,010465613,2,2,2,2,6,2,3,0,0,0,0,0,1,8,E01002453,-1,0,0,1,-1,0
2023302301441,2023,302301441,2,1,1,1,18,4,2,0,0,0,0,0,3,6,E01019617,-1,0,1,0,-1,0
2023041302749,2023,041302749,1,2,2,1,15,3,2,0,0,2,0,0,9,-1,-1,7,1,1,0,-1,0
2023101371710,2023,101371710,1,1,1,2,72,10,3,0,0,0,0,0,9,10,E01008497,3,1,0,1,-1,0
2023122300364,2023,122300364,1,1,1,1,33,6,3,0,0,0,0,0,9,6,E01027659,-1,0,0.04521,0.95479,-1,0
2023131332810,2023,131332810,2,1,1,1,38,7,3,0,0,0,0,0,9,7,E01011689,3,1,0,1,-1,0
2023131359928,2023,131359928,2,2,1,1,57,9,3,0,0,0,0,0,9,5,E01012902,3,1,0,1,-1,0
2023221295969,2023,221295969,2,2,1,2,49,8,3,0,0,0,0,0,9,6,E01022253,3,1,0,1,-1,0
2023411309224,2023,411309224,1,1,1,2,81,11,3,0,0,0,0,0,9,10,E01023451,3,1,0,1,-1,0
2023010442225,2023,010442225,1,1,2,2,96,11,3,0,0,0,4,0,11,5,E01001973,-1,0,0,1,-1,0
2023221356067,2023,221356067,1,1,3,2,61,9,3,4,4,0,0,0,0,7,E01028940,3,1,0,1,-1,0
2023010426436,2023,010426436,1,1,1,1,31,6,3,0,0,0,0,0,3,2,E01003313,-1,0,0,1,-1,0
2023991293333,2023,991293333,2,1,1,1,62,9,2,0,0,0,0,0,5,4,-1,6,1,1,0,-1,0
2023010426814,2023,010426814,1,2,2,-1,-1,-1,3,0,0,1,0,0,9,-1,-1,-1,0,0,1,-1,0
2023010444691,2023,010444691,2,1,1,1,64,9,3,0,0,0,0,0,9,9,E01004155,-1,0,0,1,-1,0
2023010447188,2023,010447188,1,2,2,1,-1,-1,3,0,0,9,0,0,9,4,E01003608,-1,0,0,1,-1,0
2023131368776,2023,131368776,2,2,1,1,38,7,3,0,0,0,0,0,9,1,E01010674,3,1,0,1,-1,0
2023451371388,2023,451371388,1,1,1,2,71,10,3,0,0,0,0,0,9,10,E01030907,3,1,0,1,-1,0
2023471364830,2023,471364830,2,2,1,2,71,10,3,0,0,0,0,0,9,2,E01031558,3,1,0,1,-1,0
2023991287613,2023,991287613,1,1,1,2,22,5,3,0,0,0,0,0,9,9,-1,3,1,0,1,-1,0
2023161365460,2023,161365460,1,1,1,1,46,8,3,0,0,0,0,0,19,-1,-1,3,1,0,1,-1,0
2023501260469,2023,501260469,1,1,1,1,30,6,2,0,0,0,0,0,19,9,E01020086,5,1,1,0,-1,0
2023231405537,2023,231405537,2,1,1,2,44,7,3,0,0,0,0,0,20,6,E01014006,3,1,0,1,-1,0
2023010424913,2023,010424913,1,1,3,1,59,9,3,6,9,0,0,0,0,1,E01004670,-1,0,0,1,-1,0
2023010475466,2023,010475466,1,3,3,1,32,6,3,6,9,0,0,0,0,5,E01003842,-1,0,0,1,-1,0
2023131352160,2023,131352160,1,1,3,1,53,8,3,6,9,0,0,1,0,-1,-1,3,1,0,1,-1,0
2023201400129,2023,201400129,1,1,3,2,15,3,2,9,6,0,0,0,0,8,E01031042,6,1,1,0,-1,0
2023010439855,2023,010439855,1,1,1,2,25,5,2,0,0,0,0,0,1,6,E01004513,-1,0,1,0,-1,0
2023101289257,2023,101289257,1,1,1,1,35,6,2,0,0,0,0,0,3,4,E01008230,7,1,1,0,-1,0
2023041381912,2023,041381912,1,1,1,2,18,4,3,0,0,0,0,0,9,1,E01024900,3,1,0,1,-1,0
2023101329527,2023,101329527,2,2,1,1,49,8,3,0,0,0,0,0,9,5,E01027453,3,1,0,1,-1,0
2023302301233,2023,302301233,2,1,2,2,84,11,3,0,0,1,0,0,9,3,E01028111,-1,0,0.01797,0.98203,-1,0
2023471375480,2023,471375480,2,2,2,1,12,3,3,0,0,1,0,0,9,10,E01031720,3,1,0,1,-1,0
2023531365466,2023,531365466,1,2,1,1,19,4,3,0,0,0,0,0,9,8,E01022313,3,1,0,1,-1,0
2023430149010,2023,430149010,1,1,1,1,51,8,3,0,0,0,0,0,19,5,E01017867,-1,0,0.00218,0.99782,-1,0
2023451303629,2023,451303629,1,1,1,1,27,6,2,0,0,0,0,0,19,3,E01000719,5,1,1,0,-1,0
202363C018323,2023,63C018323,2,1,1,2,23,5,3,0,0,0,0,0,19,8,W01000577,-1,0,0.01317,0.98683,-1,0
2023010449233,2023,010449233,1,1,3,2,30,6,3,10,9,0,0,1,0,5,E01002625,-1,0,0,1,-1,0
2023101264671,2023,101264671,1,1,3,1,20,4,3,5,1,0,0,0,0,-1,-1,3,1,0,1,-1,0
2023221311353,2023,221311353,1,1,3,1,47,8,2,9,9,0,0,1,0,5,E01032196,7,1,1,0,-1,0
2023332301250,2023,332301250,1,2,3,2,6,2,3,1,2,0,0,0,0,2,E01032867,-1,0,0.06151,0.93849,-1,0
2023531368948,2023,531368948,1,1,3,1,19,4,3,4,1,0,0,1,0,3,E01022256,3,1,0,1,-1,0
2023221371075,2023,221371075,1,1,1,2,37,7,3,0,0,0,0,0,1,1,E01022122,3,1,0,1,-1,0
2023010430563,2023,010430563,2,1,1,1,21,5,3,0,0,0,0,0,3,8,E01001544,-1,0,0,1,-1,0
2023010478321,2023,010478321,2,1,1,2,29,6,2,0,0,0,0,0,3,4,E01004487,-1,0,1,0,-1,0
2023440473537,2023,440473537,2,1,1,1,29,6,3,0,0,0,0,0,4,3,E01022901,-1,0,0,1,-1,0
2023211268604,2023,211268604,1,1,2,2,20,4,2,0,0,-1,0,0,9,10,E01029418,7,1,1,0,-1,0
2023041367409,2023,041367409,1,1,1,1,43,7,3,0,0,0,0,0,19,3,E01024959,3,1,0,1,-1,0
2023320392939,2023,320392939,1,3,2,1,18,4,3,0,0,2,0,0,19,10,E01026206,-1,0,0.11121,0.88879,-1,0
2023371389348,2023,371389348,2,3,2,2,25,5,3,0,0,0,0,0,19,-1,-1,3,1,0,1,-1,0
2023122400086,2023,122400086,2,1,1,1,58,9,3,0,0,0,0,0,21,4,E01012264,-1,0,0.0403,0.9597,-1,0
2023522400696,2023,522400696,1,1,1,1,42,7,3,0,0,0,0,0,33,6,E01015008,-1,0,0.22989,0.77011,-1,1
2023041272531,2023,041272531,1,1,3,1,54,8,3,6,9,0,0,2,0,4,E01025518,3,1,0,1,-1,0
2023111332855,2023,111332855,2,1,1,1,63,9,2,0,0,0,0,0,1,2,E01020763,5,1,1,0,-1,0
2023430442795,2023,430442795,2,1,1,2,23,5,2,0,0,0,0,0,1,8,E01017814,-1,0,1,0,-1,0
2023461374429,2023,461374429,1,1,1,-1,-1,-1,3,0,0,0,0,0,1,-1,-1,3,1,0,1,-1,0
2023010465414,2023,010465414,2,1,1,1,51,8,3,0,0,0,0,0,5,9,E01015995,-1,0,0,1,-1,0
2023010477797,2023,010477797,1,1,1,2,32,6,3,0,0,0,0,0,9,6,E01002135,-1,0,0,1,-1,0
2023010481738,2023,010481738,1,2,2,2,3,1,3,0,0,2,0,0,9,7,E01021857,-1,0,0,1,-1,0
2023052302984,2023,052302984,1,1,2,2,26,6,3,0,0,1,0,0,9,4,E01006878,-1,0,0.09258,0.90742,-1,0
2023211295787,2023,211295787,1,1,1,2,24,5,3,0,0,0,0,0,9,3,E01029850,3,1,0,1,-1,0
2023221265406,2023,221265406,1,1,1,2,24,5,3,0,0,0,0,0,9,6,E01014133,3,1,0,1,-1,0
2023440025213,2023,440025213,1,1,1,1,39,7,3,0,0,0,0,0,9,2,E01031558,-1,0,0,1,-1,0
2023440147903,2023,440147903,1,1,2,1,21,5,3,0,0,2,0,0,9,-1,-1,-1,0,0,1,-1,0
2023451324606,2023,451324606,1,1,1,1,44,7,3,0,0,0,0,0,9,4,E01003277,3,1,0,1,-1,0
2023622300654,2023,622300654,1,2,2,2,22,5,3,0,0,1,0,0,9,2,W01000994,-1,0,0.03153,0.96847,-1,0
2023991315951,2023,991315951,1,1,1,2,65,9,3,0,0,0,0,0,9,10,-1,3,1,0,1,-1,0
2023451375256,2023,451375256,2,1,2,1,34,6,3,0,0,0,0,0,19,-1,-1,3,1,0,1,-1,0
2023031271469,2023,031271469,2,1,1,1,70,10,3,0,0,0,0,0,9,3,-1,3,1,0,1,-1,0
2023070592320,2023,070592320,1,1,1,1,25,5,2,0,0,0,0,0,9,6,E01018356,-1,0,1,0,-1,0
2023141350522,2023,141350522,1,1,1,2,37,7,3,0,0,0,0,0,9,3,E01007510,3,1,0,1,-1,0
2023201412169,2023,201412169,1,1,1,-1,39,7,3,0,0,0,0,0,9,1,E01009345,3,1,0,1,-1,0
2023302300357,2023,302300357,2,1,1,1,60,9,3,0,0,0,0,0,9,1,E01008022,-1,0,0.01261,0.98739,-1,0
2023340NN3312,2023,340NN3312,1,1,1,2,35,6,3,0,0,0,0,0,9,3,E01001488,-1,0,0,1,-1,0
2023361333778,2023,361333778,2,2,2,1,13,3,3,0,0,-1,0,0,9,7,E01026588,3,1,0,1,-1,0
2023010422819,2023,010422819,1,1,3,2,28,6,2,5,1,0,0,1,0,2,E01003943,-1,0,1,0,-1,0
2023501345436,2023,501345436,1,1,1,1,48,8,2,0,0,0,0,0,19,8,E01015137,5,1,1,0,-1,0
2023141292119,2023,141292119,1,1,3,2,22,5,2,5,1,0,0,0,0,-1,-1,7,1,1,0,-1,0
2023320161868,2023,320161868,1,1,3,2,29,6,3,9,5,0,0,0,0,4,E01026082,-1,0,0.08715,0.91285,-1,0
2023461394806,2023,461394806,1,1,1,2,58,9,3,0,0,0,0,0,1,6,E01024062,3,1,0,1,-1,0
2023010460311,2023,010460311,2,2,1,2,37,7,3,0,0,0,0,0,9,5,E01002330,-1,0,0,1,-1,0
2023041367180,2023,041367180,1,1,1,1,35,6,3,0,0,0,0,0,9,1,E01012733,3,1,0,1,-1,0
2023052301684,2023,052301684,2,1,1,1,56,9,3,0,0,0,0,0,9,3,E01006521,-1,0,0.0488,0.9512,-1,0
2023101325046,2023,101325046,1,3,2,2,32,6,3,0,0,1,0,0,9,3,E01008704,3,1,0,1,-1,0
2023201377489,2023,201377489,2,2,1,1,72,10,3,0,0,0,0,0,9,6,E01010043,3,1,0,1,-1,0
2023451322935,2023,451322935,3,3,1,2,62,9,3,0,0,0,0,0,9,7,E01030515,3,1,0,1,-1,0
2023471349611,2023,471349611,2,1,1,1,33,6,3,0,0,0,0,0,9,9,E01016924,3,1,0,1,-1,0
2023552301416,2023,552301416,2,1,1,1,63,9,3,0,0,0,0,0,9,8,E01015378,-1,0,0.00717,0.99283,-1,0
2023622300298,2023,622300298,2,2,2,2,63,9,3,0,0,1,0,0,9,5,W01001229,-1,0,0.02372,0.97628,-1,0
2023421320205,2023,421320205,1,4,2,2,13,3,3,0,0,0,4,0,11,7,E01021913,3,1,0,1,-1,0
2023201262851,2023,201262851,1,1,3,2,29,6,2,5,3,0,0,2,0,1,E01010039,7,1,1,0,-1,0
2023302301100,2023,302301100,1,1,3,1,21,5,2,1,1,0,0,0,0,2,E01019507,-1,0,1,0,-1,0
2023411305869,2023,411305869,1,1,3,1,62,9,1,9,8,0,0,1,0,2,E01002227,1,1,0,0,-1,0
202360A114222,2023,60A114222,1,1,3,1,41,7,3,9,9,0,0,1,0,-1,-1,-1,0,0.14818,0.85182,-1,0
2023010450149,2023,010450149,1,1,1,1,28,6,3,0,0,0,0,0,1,2,E01003137,-1,0,0,1,-1,0
2023041355022,2023,041355022,1,1,1,1,55,8,3,0,0,0,0,0,3,-1,-1,3,1,0,1,-1,0
2023010432812,2023,010432812,1,1,1,1,31,6,3,0,0,0,0,0,9,1,E01001427,-1,0,0,1,-1,0
2023041347504,2023,041347504,4,4,1,2,30,6,3,0,0,0,0,0,9,5,E01006892,3,1,0,1,-1,0
2023070053474,2023,070053474,1,1,1,1,66,10,3,0,0,0,0,0,9,2,E01005430,-1,0,0.08894,0.91106,-1,0
2023101296425,2023,101296425,2,1,1,2,32,6,3,0,0,0,0,0,9,1,E01008666,3,1,0,1,-1,0
2023101330486,2023,101330486,1,1,2,2,80,11,2,0,0,1,0,0,9,2,E01008383,6,1,1,0,-1,0
2023161391857,2023,161391857,2,1,1,1,50,8,3,0,0,0,0,0,9,4,E01013076,3,1,0,1,-1,0
2023430339379,2023,430339379,2,1,2,2,31,6,3,0,0,1,0,0,9,7,E01031978,-1,0,0.00219,0.99781,-1,0
2023461266414,2023,461266414,2,1,2,1,-1,-1,3,0,0,2,0,0,9,7,E01024630,3,1,0,1,-1,0
2023631387471,2023,631387471,2,1,2,2,51,8,3,0,0,2,0,0,9,5,W01000599,3,1,0,1,-1,0
2023141331602,2023,141331602,1,1,3,1,52,8,3,5,9,0,0,0,0,-1,-1,3,1,0,1,-1,0
2023010428686,2023,010428686,1,1,1,1,25,5,3,0,0,0,0,0,1,2,E01000907,-1,0,0,1,-1,0
2023302300966,2023,302300966,2,1,1,1,70,10,3,0,0,0,0,0,4,5,E01028092,-1,0,0.10928,0.89072,-1,0
2023010481738,2023,010481738,2,3,2,2,25,5,3,0,0,1,0,0,9,9,E01021454,-1,0,0,1,-1,0
2023010483763,2023,010483763,1,2,2,2,-1,-1,3,0,0,1,0,0,9,2,E01001961,-1,0,0,1,-1,0
2023421285734,2023,421285734,1,1,1,2,25,5,3,0,0,0,0,0,9,10,E01021787,3,1,0,1,-1,0
2023451322522,2023,451322522,1,1,1,1,28,6,3,0,0,0,0,0,9,9,E01024300,3,1,0,1,-1,0
2023451355625,2023,451355625,1,2,2,1,31,6,2,0,0,2,0,0,9,5,E01016392,7,1,1,0,-1,0
2023451371265,2023,451371265,1,1,2,2,23,5,3,0,0,1,0,0,9,10,E01030566,3,1,0,1,-1,0
2023451371265,2023,451371265,2,3,1,1,25,5,3,0,0,0,0,0,9,8,E01030648,3,1,0,1,-1,0
2023531365466,2023,531365466,1,4,2,2,17,4,3,0,0,2,0,0,9,3,E01022284,3,1,0,1,-1,0
2023552300342,2023,552300342,2,1,1,2,62,9,3,0,0,0,0,0,9,9,E01015316,-1,0,0.02033,0.97967,-1,0
2023991338952,2023,991338952,1,1,3,1,20,4,3,6,9,0,0,2,0,8,-1,3,1,0,1,-1,0
2023010464770,2023,010464770,1,1,1,1,36,7,3,0,0,0,0,0,1,10,E01030403,-1,0,0,1,-1,0
2023010482736,2023,010482736,3,1,1,2,47,8,2,0,0,0,0,0,1,5,E01001880,-1,0,1,0,-1,0
2023411380897,2023,411380897,1,1,1,1,45,7,2,0,0,0,0,0,1,7,E01023901,5,1,1,0,-1,0
2023010444124,2023,010444124,1,1,1,1,45,7,3,0,0,0,0,0,9,2,E01004537,-1,0,0,1,-1,0
2023320693352,2023,320693352,2,1,1,1,75,10,3,0,0,0,0,0,9,6,E01026260,-1,0,0.0328,0.9672,-1,0
2023351354747,2023,351354747,1,1,1,1,27,6,3,0,0,0,0,0,9,8,E01027329,3,1,0,1,-1,0
2023471318167,2023,471318167,2,1,1,2,74,10,3,0,0,0,0,0,9,9,E01031764,3,1,0,1,-1,0
2023546696123,2023,546696123,2,1,1,2,58,9,3,0,0,0,0,0,9,4,E01031862,-1,0,0.0322,0.9678,-1,0
2023991293778,2023,991293778,2,1,1,2,43,7,2,0,0,0,0,0,9,-1,-1,7,1,1,0,-1,0
2023010442225,2023,010442225,1,3,2,2,37,7,3,0,0,0,3,0,11,2,E01002086,-1,0,0,1,-1,0
2023010475328,2023,010475328,1,1,3,1,75,10,2,8,2,0,0,0,0,-1,-1,-1,0,1,0,-1,0
2023141322867,2023,141322867,1,1,3,1,76,11,2,5,1,0,0,0,0,2,E01007967,7,1,1,0,-1,0
2023010449332,2023,010449332,1,1,1,1,29,6,3,0,0,0,0,0,1,-1,-1,-1,0,0,1,-1,0
2023122300930,2023,122300930,2,1,1,2,28,6,3,0,0,0,0,0,1,8,E01027621,-1,0,0.03315,0.96685,-1,0
2023991346554,2023,991346554,2,1,1,1,34,6,3,0,0,0,0,0,1,-1,-1,3,1,0,1,-1,0
2023010471355,2023,010471355,1,1,1,1,30,6,3,0,0,0,0,0,5,2,E01004238,-1,0,0,1,-1,0
2023471367310,2023,471367310,2,1,1,1,44,7,3,0,0,0,0,0,5,9,E01031662,3,1,0,1,-1,0
2023041301347,2023,041301347,2,2,1,1,19,4,3,0,0,0,0,0,9,9,E01025601,3,1,0,1,-1,0
2023070194691,2023,070194691,1,1,1,1,21,5,3,0,0,0,0,0,9,7,E01018338,-1,0,0.06023,0.93977,-1,0
2023131379414,2023,131379414,2,1,1,1,65,9,3,0,0,0,0,0,9,9,E01013120,3,1,0,1,-1,0
2023221305659,2023,221305659,1,1,1,2,31,6,3,0,0,0,0,0,9,9,E01010346,3,1,0,1,-1,0
2023221373822,2023,221373822,1,1,1,1,22,5,2,0,0,0,0,0,9,7,E01032136,7,1,1,0,-1,0
2023421285734,2023,421285734,1,2,2,1,25,5,3,0,0,1,0,0,9,10,E01021787,3,1,0,1,-1,0
2023421367842,2023,421367842,4,1,1,1,27,6,3,0,0,0,0,0,9,-1,-1,3,1,0,1,-1,0
2023531365466,2023,531365466,1,1,2,1,17,4,3,0,0,2,0,0,9,9,E01022422,3,1,0,1,-1,0
2023010437835,2023,010437835,1,1,2,2,63,9,3,0,0,0,4,0,11,3,E01002645,-1,0,0,1,-1,0
2023041313107,2023,041313107,2,1,1,1,60,9,3,0,0,0,0,0,9,8,E01025564,3,1,0,1,-1,0
2023070753095,2023,070753095,1,1,1,1,57,9,3,0,0,0,0,0,9,3,E01006671,-1,0,0.04009,0.95991,-1,0
2023101296425,2023,101296425,3,2,1,1,40,7,3,0,0,0,0,0,9,-1,-1,3,1,0,1,-1,0
2023201418576,2023,201418576,2,1,1,2,24,5,3,0,0,0,0,0,9,1,E01010453,3,1,0,1,-1,0
2023231268721,2023,231268721,1,1,1,1,21,5,3,0,0,0,0,0,9,1,E01009051,3,1,0,1,-1,0
2023440431792,2023,440431792,1,1,1,2,19,4,3,0,0,0,0,0,9,8,E01022566,-1,0,0,1,-1,0
2023471263559,2023,471263559,2,5,2,2,-1,-1,3,0,0,1,0,0,9,8,E01021180,3,1,0,1,-1,0
2023991324152,2023,991324152,1,1,1,2,31,6,3,0,0,0,0,0,9,2,-1,3,1,0,1,-1,0
2023010436193,2023,010436193,1,1,1,2,39,7,3,0,0,0,0,0,1,3,E01003025,-1,0,0,1,-1,0
2023010464137,2023,010464137,2,1,1,1,50,8,3,0,0,0,0,0,1,2,E01004423,-1,0,0,1,-1,0
2023061326228,2023,061326228,1,1,1,1,17,4,3,0,0,0,0,0,1,2,E01005244,3,1,0,1,-1,0
2023010468909,2023,010468909,2,1,1,2,31,6,3,0,0,0,0,0,3,4,E01003119,-1,0,0,1,-1,0
2023461371517,2023,461371517,1,1,1,1,19,4,2,0,0,0,0,0,3,3,E01024696,7,1,1,0,-1,0
2023041367409,2023,041367409,3,3,3,1,41,7,3,9,5,0,0,1,0,9,E01025364,3,1,0,1,-1,0
2023552300826,2023,552300826,1,1,3,1,35,6,3,9,5,0,0,0,0,4,E01020551,-1,0,0.10175,0.89825,-1,0
2023010472076,2023,010472076,2,1,1,1,56,9,3,0,0,0,0,0,1,4,E01002873,-1,0,0,1,-1,0
2023211353429,2023,211353429,1,1,1,1,22,5,3,0,0,0,0,0,1,1,E01014287,3,1,0,1,-1,0
2023311268531,2023,311268531,2,1,1,1,45,7,3,0,0,0,0,0,1,10,E01013984,3,1,0,1,-1,0
2023010421440,2023,010421440,1,1,1,1,26,6,3,0,0,0,0,0,3,3,E01002756,-1,0,0,1,-1,0
2023010476830,2023,010476830,1,1,1,1,34,6,3,0,0,0,0,0,5,9,E01004191,-1,0,0,1,-1,0
2023010422314,2023,010422314,2,2,2,-1,-1,-1,3,0,0,1,0,0,9,-1,-1,-1,0,0,1,-1,0
2023041324190,2023,041324190,1,1,1,2,49,8,3,0,0,0,0,0,9,9,E01005598,3,1,0,1,-1,0
2023131290539,2023,131290539,2,1,1,1,33,6,2,0,0,0,0,0,9,3,E01010805,7,1,1,0,-1,0
2023201339727,2023,201339727,2,1,2,1,-1,-1,3,0,0,2,0,0,9,-1,-1,3,1,0,1,-1,0
2023211346059,2023,211346059,2,1,1,1,43,7,3,0,0,0,0,0,9,10,E01033062,3,1,0,1,-1,0
2023421284767,2023,421284767,2,1,1,2,42,7,3,0,0,0,0,0,9,7,E01021657,3,1,0,1,-1,0
2023440508098,2023,440508098,3,2,2,2,37,7,3,0,0,1,0,0,9,9,E01022879,-1,0,0,1,-1,0
2023991308992,2023,991308992,1,2,1,2,22,5,3,0,0,0,0,0,9,1,-1,3,1,0,1,-1,0
2023631377850,2023,631377850,1,1,1,1,40,7,3,0,0,0,0,0,90,4,W01000697,3,1,0,1,-1,0
2023131348093,2023,131348093,1,1,1,2,50,8,2,0,0,0,0,0,9,3,E01010670,6,1,1,0,-1,0
2023141281386,2023,141281386,2,1,1,2,48,8,3,0,0,0,0,0,9,10,E01007619,3,1,0,1,-1,0
2023201300616,2023,201300616,1,1,1,2,50,8,3,0,0,0,0,0,9,2,E01010474,3,1,0,1,-1,0
2023421321314,2023,421321314,2,2,1,1,78,11,3,0,0,0,0,0,9,9,E01021661,3,1,0,1,-1,0
2023430181830,2023,430181830,2,2,1,1,18,4,3,0,0,0,0,0,9,-1,-1,-1,0,0.00708,0.99292,-1,0
2023451337679,2023,451337679,2,1,2,2,45,7,3,0,0,2,0,0,9,7,E01031396,3,1,0,1,-1,0
2023041389834,2023,041389834,1,1,1,1,56,9,3,0,0,0,0,0,1,-1,-1,3,1,0,1,-1,0
2023101271144,2023,101271144,2,1,1,2,43,7,3,0,0,0,0,0,1,7,E01027496,3,1,0,1,-1,0
2023201342546,2023,201342546,2,1,1,1,40,7,3,0,0,0,0,0,1,1,E01009146,3,1,0,1,-1,0
2023471302833,2023,471302833,2,1,1,1,65,9,2,0,0,0,0,0,1,9,E01016924,7,1,1,0,-1,0
2023010420429,2023,010420429,1,1,3,2,23,5,3,1,1,0,0,1,0,1,E01003963,-1,0,0,1,-1,0
2023991322543,2023,991322543,1,1,3,1,37,7,3,9,5,0,0,0,0,10,-1,3,1,0,1,-1,0
2023010475021,2023,010475021,1,1,1,1,32,6,3,0,0,0,0,0,19,4,E01001675,-1,0,0,1,-1,0
202360A113580,2023,60A113580,2,1,1,1,61,9,3,0,0,0,0,0,19,-1,-1,-1,0,0.02462,0.97538,-1,0
2023010467142,2023,010467142,1,1,3,2,-1,-1,3,10,9,0,0,2,0,4,E01033589,-1,0,0,1,-1,0
2023430334851,2023,430334851,1,1,3,2,52,8,3,1,1,0,0,0,0,4,E01016400,-1,0,0.0285,0.9715,-1,0
2023501304445,2023,501304445,1,1,3,2,22,5,3,5,1,0,0,0,0,4,E01015169,3,1,0,1,-1,0
2023401359724,2023,401359724,1,1,1,2,30,6,3,0,0,0,0,0,5,9,E01018250,3,1,0,1,-1,0
2023010434387,2023,010434387,2,1,1,1,25,5,3,0,0,0,0,0,9,2,E01003514,-1,0,0,1,-1,0
2023052302976,2023,052302976,2,1,1,1,42,7,3,0,0,0,0,0,9,1,E01006737,-1,0,0.06318,0.93682,-1,0
2023101278090,2023,101278090,2,1,2,2,55,8,3,0,0,1,0,0,9,2,E01008661,3,1,0,1,-1,0
2023131272599,2023,131272599,1,1,2,2,33,6,3,0,0,2,0,0,9,9,E01011880,3,1,0,1,-1,0
2023161291306,2023,161291306,1,1,2,2,24,5,3,0,0,1,0,0,9,2,E01013291,3,1,0,1,-1,0
2023221318928,2023,221318928,1,1,1,1,49,8,3,0,0,0,0,0,9,7,E01028998,3,1,0,1,-1,0
2023340WN5722,2023,340WN5722,1,1,1,1,19,4,2,0,0,0,0,0,9,-1,-1,-1,0,0.77114,0.22886,-1,0
2023440131381,2023,440131381,2,2,1,1,26,6,3,0,0,0,0,0,9,4,E01022635,-1,0,0,1,-1,0
2023461375592,2023,461375592,2,1,1,2,24,5,2,0,0,0,0,0,9,5,E01024654,7,1,1,0,-1,0
2023471263559,2023,471263559,2,4,1,2,69,10,3,0,0,0,0,0,9,7,E01021199,3,1,0,1,-1,0
2023010430331,2023,010430331,1,1,1,2,25,5,3,0,0,0,0,0,9,9,E01001107,-1,0,0,1,-1,0
2023041272438,2023,041272438,2,1,1,1,49,8,3,0,0,0,0,0,9,-1,-1,3,1,0,1,-1,0
2023041370393,2023,041370393,1,1,2,2,31,6,3,0,0,2,0,0,9,-1,-1,3,1,0,1,-1,0
2023122300374,2023,122300374,1,1,1,2,18,4,3,0,0,0,0,0,9,10,E01027698,-1,0,0.01217,0.98783,-1,0
2023131310209,2023,131310209,2,1,1,2,38,7,3,0,0,0,0,0,9,8,E01010672,3,1,0,1,-1,0
2023201377489,2023,201377489,1,1,1,1,46,8,3,0,0,0,0,0,9,2,E01009933,3,1,0,1,-1,0
2023320172446,2023,320172446,2,1,2,2,64,9,3,0,0,1,0,0,9,-1,-1,-1,0,0.02229,0.97771,-1,0
2023421338940,2023,421338940,1,2,2,2,10,2,2,0,0,1,0,0,9,6,E01030068,6,1,1,0,-1,0
2023430162636,2023,430162636,2,1,1,2,38,7,2,0,0,0,0,0,9,-1,-1,-1,0,1,0,-1,0
2023471280290,2023,471280290,3,1,1,1,37,7,3,0,0,0,0,0,9,6,E01031692,3,1,0,1,-1,0
2023991303030,2023,991303030,2,1,1,2,35,6,3,0,0,0,0,0,9,1,-1,3,1,0,1,-1,0
2023201377317,2023,201377317,1,2,1,1,20,4,3,0,0,0,0,0,3,3,E01008895,3,1,0,1,-1,0
2023231313683,2023,231313683,2,1,1,1,21,5,2,0,0,0,0,0,2,6,E01031206,7,1,1,0,-1,0
2023991322707,2023,991322707,1,1,1,1,41,7,2,0,0,0,0,0,4,6,-1,7,1,1,0,-1,0
2023451375619,2023,451375619,1,1,1,1,49,8,2,0,0,0,0,0,5,8,E01030853,7,1,1,0,-1,0
2023010437677,2023,010437677,1,1,3,2,23,5,2,6,9,0,0,0,0,-1,-1,-1,0,1,0,-1,0
2023010447334,2023,010447334,2,1,1,1,17,4,3,0,0,0,0,0,33,5,E01003110,-1,0,0,1,-1,1
2023461314022,2023,461314022,3,3,1,1,61,9,3,0,0,0,0,0,19,3,E01002279,3,1,0,1,-1,0
2023201383357,2023,201383357,1,1,3,2,16,4,3,1,2,0,0,0,0,1,E01010125,3,1,0,1,-1,0
2023471374946,2023,471374946,1,2,3,1,33,6,2,6,9,0,0,1,0,4,E01031344,5,1,1,0,-1,0
2023010430218,2023,010430218,1,1,1,1,35,6,3,0,0,0,0,0,1,3,E01004563,-1,0,0,1,-1,0
2023010452786,2023,010452786,2,1,1,1,23,5,3,0,0,0,0,0,1,2,E01003578,-1,0,0,1,-1,0
2023122300990,2023,122300990,2,1,1,1,31,6,2,0,0,0,0,0,1,3,E01013366,-1,0,1,0,-1,0
2023010431710,2023,010431710,2,1,1,1,25,5,2,0,0,0,0,0,5,-1,-1,-1,0,1,0,-1,0
2023201370635,2023,201370635,1,1,1,1,35,6,3,0,0,0,0,0,5,8,E01032168,3,1,0,1,-1,0
2023010449486,2023,010449486,1,1,1,1,35,6,3,0,0,0,0,0,9,2,E01004011,-1,0,0,1,-1,0
2023141273507,2023,141273507,1,1,1,2,68,10,3,0,0,0,0,0,9,10,E01007939,3,1,0,1,-1,0
2023161369586,2023,161369586,1,1,1,1,42,7,3,0,0,0,0,0,9,6,E01012953,3,1,0,1,-1,0
2023311300426,2023,311300426,1,1,1,1,22,5,2,0,0,0,0,0,9,4,E01028249,5,1,1,0,-1,0
2023320720377,2023,320720377,1,1,1,1,40,7,3,0,0,0,0,0,9,1,E01026112,-1,0,0.05199,0.94801,-1,0
2023401386369,2023,401386369,1,1,1,1,24,5,3,0,0,0,0,0,9,9,E01015797,3,1,0,1,-1,0
2023440105315,2023,440105315,2,1,2,2,69,10,3,0,0,1,0,0,9,-1,-1,-1,0,0,1,-1,0
2023461362550,2023,461362550,2,1,1,1,40,7,3,0,0,0,0,0,9,5,E01024673,3,1,0,1,-1,0
202363A031223,2023,63A031223,1,1,1,1,66,10,3,0,0,0,0,0,9,-1,-1,-1,0,0.13774,0.86226,-1,0
2023221281533,2023,221281533,2,1,1,1,33,6,3,0,0,0,0,0,19,10,E01010181,3,1,0,1,-1,0
2023010477549,2023,010477549,1,1,1,1,43,7,3,0,0,0,0,0,11,6,E01001419,-1,0,0,1,-1,0
2023041281070,2023,041281070,2,2,2,1,62,9,3,0,0,1,0,0,9,7,E01025033,3,1,0,1,-1,0
2023161377756,2023,161377756,2,1,1,1,48,8,3,0,0,0,0,0,9,7,E01013020,3,1,0,1,-1,0
2023170H10623,2023,170H10623,2,1,1,2,26,6,3,0,0,0,0,0,9,9,E01012003,-1,0,0.02056,0.97944,-1,0
2023231310125,2023,231310125,2,2,2,2,20,4,3,0,0,1,0,0,9,9,E01031330,3,1,0,1,-1,0
2023451322935,2023,451322935,2,2,2,2,58,9,3,0,0,1,0,0,9,10,E01030344,3,1,0,1,-1,0
2023451371388,2023,451371388,2,2,2,2,10,2,3,0,0,2,0,0,9,10,E01022581,3,1,0,1,-1,0
202360A019565,2023,60A019565,1,5,2,2,70,10,3,0,0,1,0,0,9,-1,-1,-1,0,0.09651,0.90349,-1,0
2023471347557,2023,471347557,2,1,1,1,13,3,3,0,0,0,0,0,1,1,E01016915,3,1,0,1,-1,0
2023461380647,2023,461380647,2,1,1,1,35,6,3,0,0,0,0,0,5,4,E01024535,3,1,0,1,-1,0
2023552300423,2023,552300423,1,1,1,1,17,4,1,0,0,0,0,0,5,-1,-1,-1,0,0,0,-1,0
2023211324732,2023,211324732,1,1,3,1,43,7,3,1,1,0,0,0,0,2,E01029679,3,1,0,1,-1,0
2023531342136,2023,531342136,1,2,3,2,27,6,3,6,6,0,0,1,0,6,E01022253,3,1,0,1,-1,0
2023451298029,2023,451298029,1,2,1,1,56,9,3,0,0,0,0,0,19,6,E01022907,3,1,0,1,-1,0
2023010439350,2023,010439350,1,2,2,-1,-1,-1,3,0,0,1,0,0,9,9,E01002025,-1,0,0,1,-1,0
2023010460311,2023,010460311,2,3,2,1,19,4,3,0,0,1,0,0,9,5,E01002330,-1,0,0,1,-1,0
2023071055812,2023,071055812,1,1,1,2,42,7,3,0,0,0,0,0,9,2,E01018564,-1,0,0.06373,0.93627,-1,0
2023141370878,2023,141370878,2,1,1,1,43,7,3,0,0,0,0,0,9,-1,-1,3,1,0,1,-1,0
2023221340468,2023,221340468,2,2,1,1,40,7,1,0,0,0,0,0,9,9,E01032351,1,1,0,0,-1,0
2023231310125,2023,231310125,2,1,1,1,28,6,3,0,0,0,0,0,9,6,E01009041,3,1,0,1,-1,0
2023231322790,2023,231322790,2,1,1,2,46,8,3,0,0,0,0,0,9,8,E01019788,3,1,0,1,-1,0
2023320253565,2023,320253565,2,1,1,2,48,8,3,0,0,0,0,0,9,9,E01026301,-1,0,0.01391,0.98609,-1,0
2023451393429,2023,451393429,2,2,1,2,34,6,3,0,0,0,0,0,9,6,E01030618,3,1,0,1,-1,0
2023010439027,2023,010439027,2,1,1,1,30,6,3,0,0,0,0,0,3,4,E01002315,-1,0,0,1,-1,0
2023010453415,2023,010453415,1,1,1,1,47,8,3,0,0,0,0,0,3,4,E01000066,-1,0,0,1,-1,0
2023010485016,2023,010485016,1,2,3,2,57,9,2,8,1,0,0,0,0,2,E01000952,-1,0,1,0,-1,0
2023041260024,2023,041260024,1,1,3,1,54,8,3,8,5,0,0,1,0,6,E01004833,3,1,0,1,-1,0
2023041295585,2023,041295585,1,1,3,1,38,7,3,10,5,0,0,0,0,-1,-1,3,1,0,1,-1,0
2023991303030,2023,991303030,1,2,1,2,35,6,3,0,0,0,0,0,19,1,-1,3,1,0,1,-1,0
2023010433417,2023,010433417,1,1,3,2,89,11,2,4,9,0,0,0,0,8,E01003895,-1,0,1,0,-1,0
2023361299315,2023,361299315,1,1,3,2,34,6,2,1,1,0,0,0,0,1,E01026626,7,1,1,0,-1,0
2023552300629,2023,552300629,1,1,3,1,54,8,3,5,2,0,0,0,0,7,E01015348,-1,0,0.15979,0.84021,-1,0
2023552400145,2023,552400145,1,1,3,1,39,7,3,8,5,0,0,1,0,3,E01015294,-1,0,0.08348,0.91652,-1,0
2023010449178,2023,010449178,1,1,1,1,29,6,3,0,0,0,0,0,1,3,E01004698,-1,0,0,1,-1,0
2023010474444,2023,010474444,1,1,1,2,44,7,3,0,0,0,0,0,9,4,E01003268,-1,0,0,1,-1,0
2023041302749,2023,041302749,1,3,2,1,14,3,3,0,0,2,0,0,9,-1,-1,3,1,0,1,-1,0
2023070877591,2023,070877591,3,3,1,1,64,9,3,0,0,0,0,0,9,4,E01029367,-1,0,0.05389,0.94611,-1,0
2023122300768,2023,122300768,1,1,1,1,77,11,1,0,0,0,0,0,9,2,E01004959,-1,0,0,0,-1,0
2023141378703,2023,141378703,2,3,2,1,45,7,3,0,0,2,0,0,9,2,E01011002,3,1,0,1,-1,0
2023201391452,2023,201391452,3,2,1,1,22,5,3,0,0,0,0,0,9,5,E01029365,3,1,0,1,-1,0
2023231352373,2023,231352373,2,3,2,2,76,11,2,0,0,1,0,0,9,9,E01031219,6,1,1,0,-1,0
2023302300728,2023,302300728,2,1,1,2,61,9,3,0,0,0,0,0,9,7,E01007689,-1,0,0.0063,0.9937,-1,0
2023451355625,2023,451355625,1,1,2,2,22,5,3,0,0,2,0,0,9,9,E01023163,3,1,0,1,-1,0
2023010463249,2023,010463249,1,1,2,2,0,1,3,0,0,0,3,0,11,5,E01000615,-1,0,0,1,-1,0
2023041347051,2023,041347051,2,1,1,1,39,7,3,0,0,0,0,0,9,6,E01025418,3,1,0,1,-1,0
2023101263832,2023,101263832,1,1,1,1,20,4,3,0,0,0,0,0,9,1,E01008166,3,1,0,1,-1,0
2023201343467,2023,201343467,1,1,1,1,30,6,3,0,0,0,0,0,9,4,E01010424,3,1,0,1,-1,0
2023221340468,2023,221340468,2,3,2,1,34,6,2,0,0,1,0,0,9,7,E01022182,6,1,1,0,-1,0
2023451393429,2023,451393429,3,3,1,1,40,7,3,0,0,0,0,0,9,7,E01030583,3,1,0,1,-1,0
2023471375480,2023,471375480,2,1,1,2,46,8,3,0,0,0,0,0,9,10,E01031720,3,1,0,1,-1,0
2023522301571,2023,522301571,2,1,1,2,66,10,3,0,0,0,0,0,9,3,E01014515,-1,0,0.08734,0.91266,-1,0
2023522401263,2023,522401263,2,3,2,2,24,5,3,0,0,1,0,0,9,7,E01014403,-1,0,0.07778,0.92222,-1,0
202360A177238,2023,60A177238,2,1,1,1,63,9,3,0,0,0,0,0,9,-1,-1,-1,0,0.02925,0.97075,-1,0
2023041301327,2023,041301327,1,1,1,1,16,4,2,0,0,0,0,0,1,5,E01025243,7,1,1,0,-1,0
2023041375877,2023,041375877,1,1,1,1,23,5,2,0,0,0,0,0,1,1,E01025248,7,1,1,0,-1,0
2023371360542,2023,371360542,2,1,1,1,53,8,3,0,0,0,0,0,5,7,E01029966,3,1,0,1,-1,0
2023440154328,2023,440154328,1,1,1,1,75,10,3,0,0,0,0,0,5,8,E01023016,-1,0,0,1,-1,0
2023010435522,2023,010435522,1,2,3,2,61,9,3,1,1,0,0,0,0,-1,-1,-1,0,0,1,-1,0
2023010436166,2023,010436166,1,1,3,1,49,8,3,6,9,0,0,0,0,5,E01003040,-1,0,0,1,-1,0
2023111308922,2023,111308922,1,1,3,2,69,10,2,1,1,0,0,0,0,10,E01020717,6,1,1,0,-1,0
2023131384515,2023,131384515,2,1,1,1,49,8,2,0,0,0,0,0,33,1,E01010744,7,1,1,0,-1,1
2023311346081,2023,311346081,2,1,1,1,44,7,3,0,0,0,0,0,8,1,E01013818,3,1,0,1,-1,0
2023010478606,2023,010478606,1,1,1,1,32,6,2,0,0,0,0,0,19,6,E01024079,-1,0,1,0,-1,0
2023101350451,2023,101350451,3,1,1,1,37,7,3,0,0,0,0,0,19,2,E01008834,3,1,0,1,-1,0
2023052302329,2023,052302329,1,1,1,1,69,10,2,0,0,0,0,0,9,-1,-1,-1,0,1,0,-1,0
2023320621980,2023,320621980,1,1,1,1,30,6,3,0,0,0,0,0,9,2,E01026011,-1,0,0.02285,0.97715,-1,0
2023430209172,2023,430209172,2,1,1,2,53,8,2,0,0,0,0,0,9,2,E01013502,-1,0,1,0,-1,0
2023451328416,2023,451328416,1,1,1,1,23,5,3,0,0,0,0,0,9,5,E01031577,3,1,0,1,-1,0
2023461264812,2023,461264812,1,1,1,1,40,7,3,0,0,0,0,0,9,6,E01024425,3,1,0,1,-1,0
2023522400383,2023,522400383,2,1,2,1,48,8,3,0,0,1,0,0,9,10,E01030314,-1,0,0.02577,0.97423,-1,0
2023991308992,2023,991308992,2,3,2,1,9,2,3,0,0,1,0,0,9,-1,-1,3,1,0,1,-1,0
2023010450759,2023,010450759,2,1,1,2,29,6,3,0,0,0,0,0,1,4,E01001855,-1,0,0,1,-1,0
2023010447388,2023,010447388,1,1,1,1,29,6,3,0,0,0,0,0,3,3,E01003493,-1,0,0,1,-1,0
2023320216978,2023,320216978,2,1,1,1,45,7,3,0,0,0,0,0,5,3,E01026317,-1,0,0.15018,0.84982,-1,0
2023131395630,2023,131395630,2,1,1,1,32,6,3,0,0,0,0,0,90,1,E01010755,3,1,0,1,-1,0
2023010432430,2023,010432430,1,1,3,2,39,7,3,1,1,0,0,0,0,4,E01002103,-1,0,0,1,-1,0
2023131388814,2023,131388814,1,1,3,1,46,8,2,5,1,0,0,2,0,-1,-1,7,1,1,0,-1,0
2023141292818,2023,141292818,1,1,3,1,3,1,3,5,9,0,0,0,0,1,E01007403,3,1,0,1,-1,0
2023221289592,2023,221289592,1,2,1,1,31,6,3,0,0,0,0,0,19,7,E01013988,3,1,0,1,-1,0
2023161291370,2023,161291370,1,1,3,1,36,7,3,9,9,0,0,1,0,1,E01007597,3,1,0,1,-1,0
2023361348251,2023,361348251,1,1,3,1,34,6,2,9,5,0,0,1,0,3,E01026717,7,1,1,0,-1,0
2023010467951,2023,010467951,1,1,1,1,24,5,3,0,0,0,0,0,3,-1,-1,-1,0,0,1,-1,0
2023041304505,2023,041304505,2,1,1,1,50,8,2,0,0,0,0,0,3,7,E01025559,6,1,1,0,-1,0
2023501285951,2023,501285951,1,1,1,1,28,6,2,0,0,0,0,0,3,1,E01018930,7,1,1,0,-1,0
2023332300678,2023,332300678,1,1,1,1,35,6,3,0,0,0,0,0,9,5,E01025610,-1,0,0.01776,0.98224,-1,0
2023421308626,2023,421308626,1,1,1,1,42,7,3,0,0,0,0,0,9,10,E01023455,3,1,0,1,-1,0
2023501273569,2023,501273569,2,2,1,1,57,9,3,0,0,0,0,0,9,1,E01018933,3,1,0,1,-1,0
2023010428458,2023,010428458,1,1,2,2,33,6,3,0,0,0,4,0,11,5,E01002791,-1,0,0,1,-1,0
2023010428004,2023,010428004,1,3,2,2,22,5,3,0,0,2,0,0,9,3,E01002554,-1,0,0,1,-1,0
2023010450640,2023,010450640,1,1,1,1,21,5,3,0,0,0,0,0,9,4,E01016837,-1,0,0,1,-1,0
2023131381917,2023,131381917,1,1,1,2,64,9,3,0,0,0,0,0,9,7,W01000114,3,1,0,1,-1,0
2023451306391,2023,451306391,2,1,1,2,51,8,3,0,0,0,0,0,9,4,E01001158,3,1,0,1,-1,0
2023451376838,2023,451376838,2,1,2,2,67,10,3,0,0,1,0,0,9,9,E01030309,3,1,0,1,-1,0
2023461382149,2023,461382149,2,1,1,1,43,7,3,0,0,0,0,0,9,7,E01024813,3,1,0,1,-1,0
2023471312076,2023,471312076,1,2,2,2,26,6,3,0,0,1,0,0,9,5,E01031705,3,1,0,1,-1,0
2023471329838,2023,471329838,1,1,2,2,46,8,3,0,0,1,0,0,9,7,E01031781,3,1,0,1,-1,0
2023622300823,2023,622300823,2,2,1,1,83,11,3,0,0,0,0,0,9,4,W01001749,-1,0,0.06334,0.93666,-1,0
2023991326374,2023,991326374,1,1,1,1,74,10,3,0,0,0,0,0,9,-1,-1,3,1,0,1,-1,0
2023010477532,2023,010477532,2,1,1,1,34,6,3,0,0,0,0,0,1,-1,-1,-1,0,0,1,-1,0
2023440413447,2023,440413447,2,1,1,2,38,7,3,0,0,0,0,0,1,4,E01022723,-1,0,0,1,-1,0
2023010470004,2023,010470004,2,1,1,1,-1,-1,3,0,0,0,0,0,2,2,E01003768,-1,0,0,1,-1,0
2023010444011,2023,010444011,1,1,3,1,28,6,3,9,7,0,0,1,0,4,E01024742,-1,0,0,1,-1,0
2023991317667,2023,991317667,1,1,3,1,44,7,3,6,9,0,0,1,0,3,-1,3,1,0,1,-1,0
2023010480301,2023,010480301,2,1,1,2,30,6,3,0,0,0,0,0,33,1,E01001206,-1,0,0,1,-1,1
2023461314022,2023,461314022,1,1,1,1,37,7,3,0,0,0,0,0,19,6,E01024034,3,1,0,1,-1,0
2023010430299,2023,010430299,1,1,3,1,26,6,3,6,9,0,0,0,0,3,E01000404,-1,0,0,1,-1,0
2023010478674,2023,010478674,1,1,3,2,16,4,2,6,9,0,0,0,0,3,E01001366,-1,0,1,0,-1,0
2023131283064,2023,131283064,1,1,3,2,66,10,2,5,3,0,0,2,0,2,E01011232,7,1,1,0,-1,0
2023010460812,2023,010460812,1,1,1,1,19,4,2,0,0,0,0,0,3,5,E01000589,-1,0,1,0,-1,0
2023131315642,2023,131315642,3,1,2,1,67,10,3,0,0,1,0,0,9,10,E01011213,3,1,0,1,-1,0
2023141382981,2023,141382981,1,1,1,2,53,8,3,0,0,0,0,0,9,1,E01007739,3,1,0,1,-1,0
2023201287675,2023,201287675,3,1,1,1,26,6,3,0,0,0,0,0,9,-1,-1,3,1,0,1,-1,0
2023221299130,2023,221299130,2,1,1,1,21,5,3,0,0,0,0,0,9,1,E01032204,3,1,0,1,-1,0
2023471263424,2023,471263424,2,1,2,2,44,7,3,0,0,1,0,0,9,8,E01031642,3,1,0,1,-1,0
2023552300079,2023,552300079,1,1,2,1,14,3,3,0,0,1,0,0,9,7,E01015413,-1,0,0.05518,0.94482,-1,0
202360A185365,2023,60A185365,2,1,1,2,37,7,2,0,0,0,0,0,9,-1,-1,-1,0,1,0,-1,0
2023131375735,2023,131375735,1,1,2,2,6,2,2,0,0,0,0,0,9,1,E01010616,7,1,1,0,-1,0
2023340NN1152,2023,340NN1152,2,1,1,1,43,7,3,0,0,0,0,0,9,7,E01026978,-1,0,0,1,-1,0
2023542823623,2023,542823623,1,1,1,1,55,8,3,0,0,0,0,0,9,9,E01031847,-1,0,0.04487,0.95513,-1,0
2023010459780,2023,010459780,2,1,1,1,42,7,3,0,0,0,0,0,4,2,E01000084,-1,0,0,1,-1,0
2023010447388,2023,010447388,1,2,3,1,28,6,2,5,2,0,0,0,0,4,E01033576,-1,0,1,0,-1,0
2023231369282,2023,231369282,1,1,3,2,12,3,3,5,2,0,0,0,0,-1,-1,3,1,0,1,-1,0
2023131274884,2023,131274884,2,1,2,1,45,7,2,0,0,0,4,0,11,1,E01011292,7,1,1,0,-1,0
2023010450629,2023,010450629,2,2,2,1,16,4,3,0,0,1,0,0,9,6,E01000273,-1,0,0,1,-1,0
2023071093595,2023,071093595,2,2,1,2,34,6,3,0,0,0,0,0,9,7,E01018457,-1,0,0.01662,0.98338,-1,0
2023340WN2332,2023,340WN2332,1,1,1,1,83,11,3,0,0,0,0,0,9,5,E01027302,-1,0,0,1,-1,0
2023522400796,2023,522400796,1,1,1,1,54,8,3,0,0,0,0,0,9,3,E01014681,-1,0,0.11919,0.88081,-1,0
2023141311063,2023,141311063,2,1,1,2,24,5,3,0,0,0,0,0,1,1,E01007677,3,1,0,1,-1,0
2023430303933,2023,430303933,2,1,1,1,77,11,2,0,0,0,0,0,1,7,E01016285,-1,0,1,0,-1,0
2023122301148,2023,122301148,1,1,1,1,74,10,2,0,0,0,0,0,5,10,E01027670,-1,0,1,0,-1,0
2023411380897,2023,411380897,2,2,1,1,36,7,3,0,0,0,0,0,5,7,E01023832,3,1,0,1,-1,0
2023471309481,2023,471309481,1,1,3,1,32,6,3,9,5,0,0,1,0,1,E01017210,3,1,0,1,-1,0
2023552300836,2023,552300836,2,1,1,1,29,6,3,0,0,0,0,0,5,3,E01015429,-1,0,0.11732,0.88268,-1,0
2023010436990,2023,010436990,1,1,2,2,-1,-1,3,0,0,9,0,0,9,3,E01004333,-1,0,0,1,-1,0
2023010484286,2023,010484286,1,1,1,1,60,9,3,0,0,0,0,0,9,4,E01033727,-1,0,0,1,-1,0
2023031328370,2023,031328370,2,1,1,2,64,9,3,0,0,0,0,0,9,-1,-1,3,1,0,1,-1,0
2023302301868,2023,302301868,2,2,1,1,37,7,2,0,0,0,0,0,9,3,E01019739,-1,0,1,0,-1,0
2023440423449,2023,440423449,1,1,1,1,53,8,3,0,0,0,0,0,9,9,E01022475,-1,0,0,1,-1,0
2023461270495,2023,461270495,3,1,1,2,44,7,3,0,0,0,0,0,9,7,E01024578,3,1,0,1,-1,0
2023041280187,2023,041280187,2,3,2,1,38,7,3,0,0,0,0,0,19,9,E01024972,3,1,0,1,-1,0
2023371389348,2023,371389348,1,1,2,1,2,1,3,0,0,0,0,0,19,-1,-1,3,1,0,1,-1,0
2023031361841,2023,031361841,1,1,1,1,31,6,2,0,0,0,0,0,23,4,E01019218,6,1,1,0,-1,0
2023131279492,2023,131279492,1,1,3,1,69,10,3,10,1,0,0,1,0,1,E01010808,3,1,0,1,-1,0
2023991261726,2023,991261726,1,1,3,1,87,11,2,4,3,0,0,2,0,-1,-1,5,1,1,0,-1,0
2023010470362,2023,010470362,2,1,1,1,54,8,2,0,0,0,0,0,1,6,E01002135,-1,0,1,0,-1,0
2023010435100,2023,010435100,1,1,1,1,20,4,2,0,0,0,0,0,3,5,E01004753,-1,0,1,0,-1,0
2023010472096,2023,010472096,1,1,1,1,26,6,3,0,0,0,0,0,3,6,E01002630,-1,0,0,1,-1,0
2023052302740,2023,052302740,1,1,1,1,45,7,3,0,0,0,0,0,5,8,E01007095,-1,0,0.1224,0.8776,-1,0
2023010458083,2023,010458083,1,3,2,2,26,6,3,0,0,1,0,0,9,3,E01000125,-1,0,0,1,-1,0
2023041281070,2023,041281070,2,1,1,1,32,6,3,0,0,0,0,0,9,7,E01025033,3,1,0,1,-1,0
2023070524016,2023,070524016,1,2,2,2,88,11,3,0,0,1,0,0,9,10,E01018584,-1,0,0.13346,0.86654,-1,0
2023302301823,2023,302301823,1,1,1,2,28,6,3,0,0,0,0,0,9,1,E01011133,-1,0,0.04069,0.95931,-1,0
2023302301868,2023,302301868,2,3,2,2,42,7,2,0,0,1,0,0,9,3,E01019739,-1,0,1,0,-1,0
2023451322337,2023,451322337,1,1,1,1,34,6,2,0,0,0,0,0,9,10,E01030584,7,1,1,0,-1,0
2023451339934,2023,451339934,1,1,1,1,61,9,3,0,0,0,0,0,9,10,E01004120,3,1,0,1,-1,0
2023991365263,2023,991365263,1,1,2,1,37,7,3,0,0,0,0,0,90,-1,-1,3,1,0,1,-1,0
2023010427918,2023,010427918,1,1,3,2,33,6,2,5,2,0,0,0,0,-1,-1,-1,0,1,0,-1,0
2023451392499,2023,451392499,2,1,1,2,22,5,3,0,0,0,0,0,3,8,E01030654,3,1,0,1,-1,0
2023041267613,2023,041267613,2,1,1,1,57,9,3,0,0,0,0,0,5,8,E01025597,3,1,0,1,-1,0
2023311308962,2023,311308962,1,1,1,1,49,8,2,0,0,0,0,0,5,5,E01027932,7,1,1,0,-1,0
2023552300869,2023,552300869,2,1,1,1,61,9,3,0,0,0,0,0,5,4,E01015420,-1,0,0.12619,0.87381,-1,0
2023101277137,2023,101277137,2,1,1,1,66,10,3,0,0,0,0,0,8,2,E01008630,3,1,0,1,-1,0
2023371310516,2023,371310516,2,1,2,2,15,3,3,0,0,2,0,0,8,-1,-1,3,1,0,1,-1,0
2023131294410,2023,131294410,1,5,1,1,23,5,3,0,0,0,0,0,9,4,E01032489,3,1,0,1,-1,0
2023501282394,2023,501282394,2,2,2,1,8,2,2,0,0,2,0,0,9,2,E01018867,6,1,1,0,-1,0
2023050394462,2023,050394462,1,1,1,1,25,5,3,0,0,0,0,0,19,-1,-1,-1,0,0.05056,0.94944,-1,0
2023351342282,2023,351342282,2,1,1,-1,-1,-1,3,0,0,0,0,0,22,-1,-1,3,1,0,1,-1,0
2023010460158,2023,010460158,1,1,1,1,32,6,3,0,0,0,0,0,9,8,E01021744,-1,0,0,1,-1,0
2023101325046,2023,101325046,2,1,1,1,54,8,3,0,0,0,0,0,9,3,E01008704,3,1,0,1,-1,0
2023131299611,2023,131299611,1,1,1,1,39,7,3,0,0,0,0,0,9,1,E01033035,3,1,0,1,-1,0
2023170L30453,2023,170L30453,2,1,1,2,43,7,3,0,0,0,0,0,9,7,E01012053,-1,0,0.01281,0.98719,-1,0
2023320088393,2023,320088393,1,1,1,1,36,7,3,0,0,0,0,0,9,-1,-1,-1,0,0.00821,0.99179,-1,0
2023332300035,2023,332300035,1,2,1,2,23,5,3,0,0,0,0,0,9,2,E01013631,-1,0,0.01648,0.98352,-1,0
2023531342136,2023,531342136,1,1,1,1,19,4,3,0,0,0,0,0,9,9,E01022369,3,1,0,1,-1,0
2023540719923,2023,540719923,2,1,1,2,34,6,3,0,0,0,0,0,9,9,E01031973,-1,0,0.01663,0.98337,-1,0
2023991298667,2023,991298667,2,1,1,1,81,11,3,0,0,0,0,0,9,9,-1,3,1,0,1,-1,0
2023371348869,2023,371348869,2,1,1,1,30,6,3,0,0,0,0,0,19,10,E01021728,3,1,0,1,-1,0
2023010460911,2023,010460911,1,1,3,2,40,7,2,1,1,0,0,0,0,3,E01002070,-1,0,1,0,-1,0
2023141352992,2023,141352992,1,1,3,1,17,4,2,5,1,0,0,0,0,-1,-1,7,1,1,0,-1,0
2023546604823,2023,546604823,1,1,3,1,58,9,3,9,9,0,0,0,0,4,E01031895,-1,0,0.07343,0.92657,-1,0
2023041380123,2023,041380123,2,1,1,1,63,9,3,0,0,0,0,0,1,6,E01025433,3,1,0,1,-1,0
2023451326724,2023,451326724,3,1,1,1,20,4,3,0,0,0,0,0,3,5,E01030459,3,1,0,1,-1,0
2023161330234,2023,161330234,1,1,1,2,32,6,3,0,0,0,0,0,9,5,E01026264,3,1,0,1,-1,0
2023311292233,2023,311292233,2,1,1,1,41,7,3,0,0,0,0,0,9,1,E01008399,3,1,0,1,-1,0
2023451354348,2023,451354348,3,1,1,2,58,9,3,0,0,0,0,0,9,9,E01030425,3,1,0,1,-1,0
2023461302784,2023,461302784,1,1,1,1,28,6,3,0,0,0,0,0,9,10,E01024800,3,1,0,1,-1,0
2023131387479,2023,131387479,2,1,1,1,23,5,3,0,0,0,0,0,10,1,E01010676,3,1,0,1,-1,0
2023010468159,2023,010468159,1,1,1,1,53,8,3,0,0,0,0,0,19,-1,-1,-1,0,0,1,-1,0
2023461328876,2023,461328876,2,1,1,2,34,6,2,0,0,0,0,0,19,6,E01021087,6,1,1,0,-1,0
2023451283175,2023,451283175,1,1,3,1,46,8,3,5,1,0,0,2,0,6,E01030411,3,1,0,1,-1,0
2023010446079,2023,010446079,2,1,1,1,17,4,3,0,0,0,0,0,3,4,E01001139,-1,0,0,1,-1,0
2023302301798,2023,302301798,1,1,1,1,23,5,3,0,0,0,0,0,3,6,E01019815,-1,0,0.05628,0.94372,-1,0
2023010434567,2023,010434567,1,1,1,1,45,7,3,0,0,0,0,0,9,2,E01001316,-1,0,0,1,-1,0
2023070408259,2023,070408259,1,1,1,2,20,4,3,0,0,0,0,0,9,1,E01006844,-1,0,0.02794,0.97206,-1,0
2023131310829,2023,131310829,2,1,1,1,77,11,3,0,0,0,0,0,9,3,E01006335,3,1,0,1,-1,0
2023211269257,2023,211269257,2,2,2,2,56,9,2,0,0,1,0,0,9,-1,-1,6,1,1,0,-1,0
2023522400126,2023,522400126,1,1,1,2,60,9,3,0,0,0,0,0,9,5,E01014983,-1,0,0.00811,0.99189,-1,0
202360A126394,2023,60A126394,1,1,2,2,71,10,3,0,0,1,0,0,9,-1,-1,-1,0,0.05048,0.94952,-1,0
2023421320205,2023,421320205,1,1,1,1,73,10,3,0,0,0,0,0,11,6,E01021419,3,1,0,1,-1,0
2023010461798,2023,010461798,2,1,1,1,-1,-1,3,0,0,0,0,0,33,-1,-1,-1,0,0,1,-1,1
2023010449332,2023,010449332,1,2,3,2,20,4,3,9,8,0,0,0,0,-1,-1,-1,0,0,1,-1,0
2023101369609,2023,101369609,1,1,3,2,22,5,2,5,1,0,0,0,0,8,E01008372,7,1,1,0,-1,0
2023552300183,2023,552300183,2,2,3,1,54,8,3,10,9,0,0,1,0,6,E01019967,-1,0,0.06995,0.93005,-1,0
2023010424077,2023,010424077,2,1,1,1,27,6,3,0,0,0,0,0,1,2,E01000956,-1,0,0,1,-1,0
2023010474574,2023,010474574,2,1,1,1,29,6,2,0,0,0,0,0,1,4,E01003133,-1,0,1,0,-1,0
2023010461766,2023,010461766,1,1,1,2,66,10,3,0,0,0,0,0,9,7,E01002474,-1,0,0,1,-1,0
2023010470067,2023,010470067,1,1,1,2,31,6,3,0,0,0,0,0,9,3,E01002550,-1,0,0,1,-1,0
2023061346481,2023,061346481,1,1,1,2,22,5,3,0,0,0,0,0,9,2,E01005449,3,1,0,1,-1,0
2023170M11633,2023,170M11633,1,1,1,2,22,5,3,0,0,0,0,0,9,-1,-1,-1,0,0.01309,0.98691,-1,0
2023201317475,2023,201317475,2,3,2,2,10,2,3,0,0,2,0,0,9,2,E01010204,3,1,0,1,-1,0
2023320452073,2023,320452073,3,1,1,2,41,7,2,0,0,0,0,0,9,6,E01026330,-1,0,1,0,-1,0
2023332301152,2023,332301152,1,2,2,1,36,7,3,0,0,1,0,0,9,8,E01025672,-1,0,0.00467,0.99533,-1,0
2023430551681,2023,430551681,2,1,1,1,65,9,3,0,0,0,0,0,9,8,E01014805,-1,0,0.01227,0.98773,-1,0
2023440438239,2023,440438239,2,2,2,2,16,4,3,0,0,1,0,0,9,3,E01017220,-1,0,0,1,-1,0
2023451322935,2023,451322935,1,1,2,2,25,5,3,0,0,2,0,0,9,3,E01016490,3,1,0,1,-1,0
2023451365337,2023,451365337,2,2,1,2,79,11,3,0,0,0,0,0,9,10,E01030998,3,1,0,1,-1,0
2023501329174,2023,501329174,1,1,1,2,59,9,2,0,0,0,0,0,9,4,E01029343,7,1,1,0,-1,0
2023101323882,2023,101323882,1,1,3,1,26,6,2,8,5,0,0,1,0,4,E01008404,5,1,1,0,-1,0
2023010448696,2023,010448696,2,1,1,1,44,7,3,0,0,0,0,0,1,3,E01004373,-1,0,0,1,-1,0
2023991321453,2023,991321453,1,1,1,1,50,8,2,0,0,0,0,0,1,10,-1,5,1,1,0,-1,0
2023010463342,2023,010463342,1,1,1,2,40,7,3,0,0,0,0,0,3,5,E01002083,-1,0,0,1,-1,0
2023122300825,2023,122300825,2,1,1,1,20,4,3,0,0,0,0,0,3,9,E01011935,-1,0,0.09954,0.90046,-1,0
2023010426753,2023,010426753,1,1,1,1,58,9,3,0,0,0,0,0,9,5,E01003642,-1,0,0,1,-1,0
2023161301025,2023,161301025,1,1,1,2,31,6,3,0,0,0,0,0,9,8,E01013033,3,1,0,1,-1,0
2023211269257,2023,211269257,2,1,1,1,61,9,2,0,0,0,0,0,9,8,E01029624,7,1,1,0,-1,0
2023231371438,2023,231371438,1,1,1,1,59,9,3,0,0,0,0,0,9,8,E01019872,3,1,0,1,-1,0
2023320474907,2023,320474907,2,1,1,1,49,8,3,0,0,0,0,0,9,4,E01026345,-1,0,0.03611,0.96389,-1,0
2023361394053,2023,361394053,1,1,1,1,80,11,3,0,0,0,0,0,9,4,E01026909,3,1,0,1,-1,0
2023421338940,2023,421338940,1,1,1,2,45,7,2,0,0,0,0,0,9,6,E01030068,6,1,1,0,-1,0
202360A019565,2023,60A019565,3,3,1,1,65,9,3,0,0,0,0,0,9,-1,-1,-1,0,0.04212,0.95788,-1,0
2023631378614,2023,631378614,1,1,2,2,80,11,2,0,0,1,0,0,9,4,W01000602,7,1,1,0,-1,0
2023010470992,2023,010470992,2,2,1,1,51,8,3,0,0,0,0,0,11,3,E01000046,-1,0,0,1,-1,0
2023061268941,2023,061268941,1,1,3,2,86,11,3,6,9,0,0,2,0,7,E01005172,3,1,0,1,-1,0
2023010451175,2023,010451175,1,1,1,1,25,5,3,0,0,0,0,0,3,2,E01004723,-1,0,0,1,-1,0
2023211350829,2023,211350829,1,1,1,1,23,5,2,0,0,0,0,0,5,4,E01029373,7,1,1,0,-1,0
2023320372400,2023,320372400,2,1,1,1,38,7,3,0,0,0,0,0,8,5,E01015651,-1,0,0.04007,0.95993,-1,0
2023010435958,2023,010435958,1,1,1,2,48,8,3,0,0,0,0,0,9,4,E01004128,-1,0,0,1,-1,0
2023010463425,2023,010463425,1,1,2,2,26,6,3,0,0,2,0,0,9,2,E01000470,-1,0,0,1,-1,0
2023131323722,2023,131323722,1,1,1,1,57,9,3,0,0,0,0,0,9,9,E01027919,3,1,0,1,-1,0
2023201297451,2023,201297451,2,1,1,2,35,6,3,0,0,0,0,0,9,7,E01010164,3,1,0,1,-1,0
2023201387832,2023,201387832,2,2,1,2,45,7,3,0,0,0,0,0,9,1,E01009881,3,1,0,1,-1,0
2023421321314,2023,421321314,3,3,1,1,27,6,3,0,0,0,0,0,19,8,E01021729,3,1,0,1,-1,0
2023010484608,2023,010484608,1,1,1,1,24,5,3,0,0,0,0,0,9,6,E01024363,-1,0,0,1,-1,0
2023052302186,2023,052302186,2,1,1,1,38,7,3,0,0,0,0,0,9,9,E01012492,-1,0,0.06948,0.93052,-1,0
2023111281154,2023,111281154,2,2,2,1,7,2,2,0,0,1,0,0,9,-1,-1,7,1,1,0,-1,0
2023131298095,2023,131298095,2,2,2,1,1,1,3,0,0,2,0,0,9,3,E01011936,3,1,0,1,-1,0
2023401344619,2023,401344619,1,1,1,2,44,7,3,0,0,0,0,0,9,6,E01017616,3,1,0,1,-1,0
2023451371265,2023,451371265,1,2,1,2,22,5,3,0,0,0,0,0,9,7,E01023131,3,1,0,1,-1,0
2023631374112,2023,631374112,2,1,2,2,17,4,2,0,0,1,0,0,9,8,W01000609,7,1,1,0,-1,0
2023991294553,2023,991294553,2,2,1,1,50,8,3,0,0,0,0,0,9,8,-1,3,1,0,1,-1,0
2023991313501,2023,991313501,1,1,1,2,30,6,2,0,0,0,0,0,9,5,-1,7,1,1,0,-1,0
2023991329875,2023,991329875,2,1,1,1,24,5,3,0,0,0,0,0,9,3,-1,3,1,0,1,-1,0
2023991332456,2023,991332456,2,1,2,2,13,3,3,0,0,2,0,0,9,1,-1,3,1,0,1,-1,0
2023010443765,2023,010443765,1,1,1,1,40,7,2,0,0,0,0,0,1,2,E01001877,-1,0,1,0,-1,0
2023361292550,2023,361292550,2,1,1,1,45,7,3,0,0,0,0,0,1,1,E01026626,3,1,0,1,-1,0
2023430368131,2023,430368131,2,1,1,2,54,8,2,0,0,0,0,0,1,10,E01032763,-1,0,1,0,-1,0
2023010437019,2023,010437019,1,1,1,1,25,5,3,0,0,0,0,0,3,5,E01000607,-1,0,0,1,-1,0
202354A672223,2023,54A672223,1,1,1,1,65,9,3,0,0,0,0,0,5,3,E01017127,-1,0,0.15841,0.84159,-1,0
2023101263581,2023,101263581,1,2,3,2,22,5,2,10,1,0,0,0,0,5,E01008293,7,1,1,0,-1,0
2023201284301,2023,201284301,1,1,3,1,6,2,3,5,2,0,0,0,0,6,E01009731,3,1,0,1,-1,0
2023050394462,2023,050394462,2,2,1,1,39,7,3,0,0,0,0,0,19,7,E01007316,-1,0,0.03017,0.96983,-1,0
2023031301592,2023,031301592,2,1,1,1,47,8,3,0,0,0,0,0,9,-1,-1,3,1,0,1,-1,0
2023041373116,2023,041373116,1,1,1,1,56,9,2,0,0,0,0,0,9,7,E01025361,5,1,1,0,-1,0
2023141273507,2023,141273507,2,2,1,2,76,11,3,0,0,0,0,0,9,-1,-1,3,1,0,1,-1,0
2023231352373,2023,231352373,1,1,1,1,29,6,3,0,0,0,0,0,9,4,E01031086,3,1,0,1,-1,0
2023320446759,2023,320446759,1,2,1,2,25,5,3,0,0,0,0,0,9,4,E01026183,-1,0,0.04282,0.95718,-1,0
2023320566576,2023,320566576,1,1,1,1,24,5,3,0,0,0,0,0,9,8,E01026193,-1,0,0.07329,0.92671,-1,0
2023320624660,2023,320624660,3,1,2,1,61,9,3,0,0,1,0,0,9,6,E01026260,-1,0,0.09859,0.90141,-1,0
2023451267111,2023,451267111,2,2,1,1,42,7,3,0,0,0,0,0,9,7,E01030943,3,1,0,1,-1,0
2023010451014,2023,010451014,2,1,1,1,49,8,3,0,0,0,0,0,1,3,E01004573,-1,0,0,1,-1,0
2023131364270,2023,131364270,2,1,1,2,41,7,3,0,0,0,0,0,1,1,E01011003,3,1,0,1,-1,0
2023161333750,2023,161333750,1,1,1,1,24,5,3,0,0,0,0,0,21,1,E01007648,3,1,0,1,-1,0
2023141266744,2023,141266744,1,1,3,2,11,3,3,5,3,0,0,0,0,1,E01007317,3,1,0,1,-1,0
2023141355009,2023,141355009,1,1,3,2,43,7,3,9,8,0,0,0,0,-1,-1,3,1,0,1,-1,0
2023361266106,2023,361266106,1,1,3,1,24,5,2,1,9,0,0,0,0,1,E01026867,7,1,1,0,-1,0
2023311267679,2023,311267679,2,1,1,1,12,3,3,0,0,0,0,0,1,9,E01013979,3,1,0,1,-1,0
2023101302434,2023,101302434,2,1,1,1,26,6,3,0,0,0,0,0,8,2,E01008450,3,1,0,1,-1,0
2023141265134,2023,141265134,2,1,2,2,41,7,3,0,0,2,0,0,9,1,E01033021,3,1,0,1,-1,0
2023361333778,2023,361333778,2,1,1,1,34,6,3,0,0,0,0,0,9,7,E01026588,3,1,0,1,-1,0
2023471263559,2023,471263559,1,2,2,2,9,2,2,0,0,2,0,0,9,5,E01031750,7,1,1,0,-1,0
2023070088879,2023,070088879,1,1,1,1,53,8,1,0,0,0,0,0,21,-1,-1,-1,0,0,0,-1,0
2023010434508,2023,010434508,1,1,3,2,23,5,3,6,9,0,0,1,0,2,E01033146,-1,0,0,1,-1,0
2023061295455,2023,061295455,1,1,3,1,23,5,2,5,2,0,0,0,0,8,E01006053,7,1,1,0,-1,0
2023010432244,2023,010432244,1,1,1,1,19,4,3,0,0,0,0,0,1,2,E01002029,-1,0,0,1,-1,0
2023010435024,2023,010435024,1,1,1,1,32,6,3,0,0,0,0,0,9,3,E01001366,-1,0,0,1,-1,0
2023010456643,2023,010456643,1,1,1,1,42,7,3,0,0,0,0,0,9,2,E01001761,-1,0,0,1,-1,0
2023041323934,2023,041323934,2,1,1,1,68,10,3,0,0,0,0,0,9,1,E01025582,3,1,0,1,-1,0
2023052302634,2023,052302634,1,2,1,1,71,10,3,0,0,0,0,0,9,6,E01014351,-1,0,0.06159,0.93841,-1,0
2023170L10923,2023,170L10923,1,1,1,1,68,10,2,0,0,0,0,0,9,5,E01012185,-1,0,1,0,-1,0
2023302301868,2023,302301868,3,4,1,1,53,8,3,0,0,0,0,0,9,5,E01019738,-1,0,0.01371,0.98629,-1,0
2023340WN5502,2023,340WN5502,2,1,1,2,31,6,3,0,0,0,0,0,9,-1,-1,-1,0,0,1,-1,0
2023461343609,2023,461343609,2,1,1,2,84,11,3,0,0,0,0,0,9,6,E01016125,3,1,0,1,-1,0
2023010475466,2023,010475466,1,2,2,1,24,5,3,0,0,0,0,0,19,1,E01002081,-1,0,0,1,-1,0
2023010455651,2023,010455651,1,1,3,2,28,6,3,9,9,0,0,0,0,3,E01003526,-1,0,0,1,-1,0
2023010480083,2023,010480083,2,1,1,1,39,7,3,0,0,0,0,0,1,2,E01001731,-1,0,0,1,-1,0
2023010435794,2023,010435794,1,1,1,1,42,7,3,0,0,0,0,0,8,1,E01002715,-1,0,0,1,-1,0
2023010429016,2023,010429016,1,1,1,1,20,4,3,0,0,0,0,0,9,2,E01004400,-1,0,0,1,-1,0
2023010473687,2023,010473687,1,1,1,1,50,8,3,0,0,0,0,0,9,4,E01002744,-1,0,0,1,-1,0
2023401386369,2023,401386369,2,2,1,1,34,6,3,0,0,0,0,0,9,9,E01017441,3,1,0,1,-1,0
2023411383957,2023,411383957,1,2,2,1,12,3,3,0,0,2,0,0,9,9,E01023831,3,1,0,1,-1,0
2023451288752,2023,451288752,2,1,1,1,51,8,3,0,0,0,0,0,9,4,E01004572,3,1,0,1,-1,0
2023991294553,2023,991294553,1,1,1,1,22,5,3,0,0,0,0,0,9,4,-1,3,1,0,1,-1,0
2023131367418,2023,131367418,1,1,3,2,37,7,3,9,8,0,0,2,0,3,E01010761,3,1,0,1,-1,0
2023010482704,2023,010482704,2,1,1,2,38,7,3,0,0,0,0,0,1,4,E01002785,-1,0,0,1,-1,0
2023010463262,2023,010463262,2,1,1,1,24,5,3,0,0,0,0,0,3,7,E01032025,-1,0,0,1,-1,0
2023010467729,2023,010467729,1,1,1,1,28,6,3,0,0,0,0,0,8,3,E01003493,-1,0,0,1,-1,0
2023010484713,2023,010484713,2,2,1,2,73,10,3,0,0,0,0,0,9,4,E01001167,-1,0,0,1,-1,0
2023041380072,2023,041380072,3,2,1,2,27,6,3,0,0,0,0,0,9,2,E01025060,3,1,0,1,-1,0
2023131359928,2023,131359928,1,3,2,2,21,5,3,0,0,1,0,0,9,1,E01010872,3,1,0,1,-1,0
2023131377827,2023,131377827,2,1,1,2,52,8,2,0,0,0,0,0,9,1,E01011138,7,1,1,0,-1,0
2023320524082,2023,320524082,1,1,1,1,81,11,2,0,0,0,0,0,9,8,E01026200,-1,0,1,0,-1,0
2023421294353,2023,421294353,2,1,1,2,38,7,3,0,0,0,0,0,9,3,E01021307,3,1,0,1,-1,0
2023430166306,2023,430166306,2,1,1,2,31,6,2,0,0,0,0,0,9,7,E01017792,-1,0,1,0,-1,0
2023471361585,2023,471361585,3,2,1,2,55,8,2,0,0,0,0,0,9,10,E01022931,6,1,1,0,-1,0
2023471384476,2023,471384476,2,2,2,2,54,8,3,0,0,1,0,0,9,8,E01031840,3,1,0,1,-1,0
2023501291099,2023,501291099,3,1,1,2,60,9,3,0,0,0,0,0,9,6,E01018763,3,1,0,1,-1,0
2023451285986,2023,451285986,1,1,3,1,44,7,3,10,9,0,0,1,0,3,E01021289,3,1,0,1,-1,0
2023430152157,2023,430152157,1,1,1,1,25,5,3,0,0,0,0,0,3,6,E01016615,-1,0,0.02381,0.97619,-1,0
2023141342459,2023,141342459,1,1,1,1,41,7,3,0,0,0,0,0,5,4,E01008031,3,1,0,1,-1,0
2023010434387,2023,010434387,3,5,2,2,40,7,3,0,0,2,0,0,8,-1,-1,-1,0,0,1,-1,0
2023010429186,2023,010429186,2,1,1,2,42,7,3,0,0,0,0,0,9,6,E01017898,-1,0,0,1,-1,0
2023010457600,2023,010457600,1,1,1,2,46,8,3,0,0,0,0,0,9,10,E01000666,-1,0,0,1,-1,0
2023010483763,2023,010483763,1,3,2,2,-1,-1,2,0,0,2,0,0,9,5,E01001946,-1,0,1,0,-1,0
2023131388392,2023,131388392,2,1,2,2,25,5,3,0,0,1,0,0,9,1,E01010821,3,1,0,1,-1,0
2023430561863,2023,430561863,1,1,1,2,43,7,2,0,0,0,0,0,9,7,E01017713,-1,0,1,0,-1,0
2023451378705,2023,451378705,2,1,1,2,53,8,3,0,0,0,0,0,9,5,E01023110,3,1,0,1,-1,0
2023522400796,2023,522400796,2,2,1,1,56,9,3,0,0,0,0,0,9,7,E01014922,-1,0,0.0307,0.9693,-1,0
2023041263003,2023,041263003,1,1,3,1,29,6,2,8,8,0,0,0,0,5,E01024888,5,1,1,0,-1,0
2023041361730,2023,041361730,1,1,3,1,4,1,2,5,1,0,0,1,0,1,E01024893,7,1,1,0,-1,0
2023131339531,2023,131339531,1,1,3,1,39,7,3,8,7,0,0,1,0,1,E01010960,3,1,0,1,-1,0
2023471342526,2023,471342526,1,1,3,1,35,6,3,9,5,0,0,1,0,5,E01017243,3,1,0,1,-1,0
2023471381668,2023,471381668,1,1,3,1,41,7,3,9,5,0,0,0,0,7,E01021038,3,1,0,1,-1,0
2023010481088,2023,010481088,1,1,1,1,63,9,2,0,0,0,0,0,9,-1,-1,-1,0,1,0,-1,0
2023101325046,2023,101325046,1,2,2,1,9,2,3,0,0,2,0,0,9,3,E01008704,3,1,0,1,-1,0
2023111281154,2023,111281154,2,1,1,1,60,9,3,0,0,0,0,0,9,3,E01020661,3,1,0,1,-1,0
2023231310125,2023,231310125,3,3,2,1,24,5,3,0,0,1,0,0,9,9,E01031138,3,1,0,1,-1,0
2023451354348,2023,451354348,2,2,1,2,61,9,3,0,0,0,0,0,9,10,E01030886,3,1,0,1,-1,0
2023141357190,2023,141357190,1,1,1,1,68,10,3,0,0,0,0,0,19,5,E01033260,3,1,0,1,-1,0
2023201274750,2023,201274750,1,1,3,2,24,5,2,8,3,0,0,2,0,6,E01009523,6,1,1,0,-1,0
2023430405791,2023,430405791,1,1,1,2,63,9,2,0,0,0,0,0,1,10,E01003463,-1,0,1,0,-1,0
2023010453991,2023,010453991,1,1,1,1,31,6,2,0,0,0,0,0,3,6,E01002670,-1,0,1,0,-1,0
2023522401263,2023,522401263,1,2,2,2,48,8,2,0,0,2,0,0,8,8,E01014938,-1,0,1,0,-1,0
2023010429689,2023,010429689,1,1,1,1,37,7,3,0,0,0,0,0,9,3,E01003201,-1,0,0,1,-1,0
2023010444124,2023,010444124,1,2,2,-1,-1,-1,3,0,0,2,0,0,9,-1,-1,-1,0,0,1,-1,0
2023010444124,2023,010444124,1,3,2,-1,-1,-1,3,0,0,2,0,0,9,-1,-1,-1,0,0,1,-1,0
2023041301347,2023,041301347,1,1,1,2,36,7,3,0,0,0,0,0,9,4,E01012713,3,1,0,1,-1,0
2023201299457,2023,201299457,1,2,2,1,23,5,3,0,0,1,0,0,9,4,E01010002,3,1,0,1,-1,0
2023201450888,2023,201450888,2,2,2,2,36,7,3,0,0,-1,0,0,9,1,E01010445,3,1,0,1,-1,0
2023320470558,2023,320470558,2,2,1,1,33,6,2,0,0,0,0,0,9,5,E01012280,-1,0,1,0,-1,0
2023361334648,2023,361334648,2,1,1,2,40,7,3,0,0,0,0,0,9,10,E01026537,3,1,0,1,-1,0
2023461296075,2023,461296075,4,4,1,2,29,6,3,0,0,0,0,0,9,6,E01024096,3,1,0,1,-1,0
2023501340670,2023,501340670,2,1,1,1,60,9,3,0,0,0,0,0,9,5,E01018935,3,1,0,1,-1,0
2023010470434,2023,010470434,2,2,2,2,18,4,3,0,0,0,4,0,11,3,E01004167,-1,0,0,1,-1,0
2023010481738,2023,010481738,1,1,2,1,35,6,3,0,0,1,0,0,9,7,E01021857,-1,0,0,1,-1,0
2023031341349,2023,031341349,1,1,1,1,78,11,3,0,0,0,0,0,9,-1,-1,3,1,0,1,-1,0
2023041273578,2023,041273578,1,1,1,1,30,6,3,0,0,0,0,0,9,5,E01025314,3,1,0,1,-1,0
2023041282037,2023,041282037,2,1,1,1,54,8,3,0,0,0,0,0,9,4,E01025308,3,1,0,1,-1,0
2023041316000,2023,041316000,1,1,1,2,87,11,2,0,0,0,0,0,9,9,E01025553,6,1,1,0,-1,0
2023061359578,2023,061359578,1,2,2,2,27,6,3,0,0,1,0,0,9,6,E01026348,3,1,0,1,-1,0
2023070753095,2023,070753095,2,2,1,2,34,6,3,0,0,0,0,0,9,-1,-1,-1,0,0.03018,0.96982,-1,0
2023131362090,2023,131362090,1,1,1,2,37,7,3,0,0,0,0,0,9,2,E01010792,3,1,0,1,-1,0
2023501310142,2023,501310142,2,2,1,1,54,8,3,0,0,0,0,0,9,4,E01020322,3,1,0,1,-1,0
2023531283757,2023,531283757,1,1,1,1,62,9,3,0,0,0,0,0,9,9,E01022276,3,1,0,1,-1,0
2023991274034,2023,991274034,2,1,1,2,33,6,2,0,0,0,0,0,9,5,-1,5,1,1,0,-1,0
2023010472761,2023,010472761,2,1,1,2,18,4,3,0,0,0,0,0,1,3,E01000948,-1,0,0,1,-1,0
2023201291268,2023,201291268,1,1,1,1,44,7,3,0,0,0,0,0,21,4,E01032858,3,1,0,1,-1,0
2023211346486,2023,211346486,2,1,1,1,29,6,3,0,0,0,0,0,3,2,E01029409,3,1,0,1,-1,0
2023010462566,2023,010462566,1,1,1,1,45,7,3,0,0,0,0,0,5,8,E01004121,-1,0,0,1,-1,0
2023010454287,2023,010454287,1,1,3,2,40,7,3,10,9,0,0,0,0,1,E01002854,-1,0,0,1,-1,0
2023041378748,2023,041378748,1,1,3,1,19,4,2,5,1,0,0,1,0,1,E01025295,6,1,1,0,-1,0
2023991314252,2023,991314252,2,1,1,1,39,7,2,0,0,0,0,0,33,2,-1,7,1,1,0,-1,1
2023010437546,2023,010437546,2,2,2,2,28,6,3,0,0,1,0,0,9,6,E01002818,-1,0,0,1,-1,0
2023031369100,2023,031369100,1,1,1,1,32,6,3,0,0,0,0,0,9,2,E01019227,3,1,0,1,-1,0
2023131283142,2023,131283142,1,1,1,2,33,6,2,0,0,0,0,0,9,10,E01011563,6,1,1,0,-1,0
2023131359082,2023,131359082,2,1,1,2,21,5,2,0,0,0,0,0,9,1,E01010996,6,1,1,0,-1,0
2023161330840,2023,161330840,2,1,1,2,39,7,3,0,0,0,0,0,9,-1,-1,3,1,0,1,-1,0
2023201298687,2023,201298687,1,1,1,1,50,8,3,0,0,0,0,0,9,5,E01024989,3,1,0,1,-1,0
2023440481958,2023,440481958,2,2,1,1,23,5,3,0,0,0,0,0,9,6,E01022640,-1,0,0,1,-1,0
2023451377487,2023,451377487,1,1,1,2,55,8,3,0,0,0,0,0,9,8,E01030784,3,1,0,1,-1,0
2023010430019,2023,010430019,1,1,1,2,26,6,3,0,0,0,0,0,3,2,E01002096,-1,0,0,1,-1,0
2023440294581,2023,440294581,1,1,1,1,19,4,3,0,0,0,0,0,3,5,E01023079,-1,0,0,1,-1,0
2023070940604,2023,070940604,1,1,1,1,41,7,2,0,0,0,0,0,5,6,E01018722,-1,0,1,0,-1,0
2023010422101,2023,010422101,1,1,3,1,64,9,3,5,1,0,0,0,0,6,E01004608,-1,0,0,1,-1,0
2023010439817,2023,010439817,1,1,3,2,68,10,2,1,1,0,0,0,0,7,E01023034,-1,0,1,0,-1,0
2023421370010,2023,421370010,1,1,3,1,19,4,3,5,1,0,0,0,0,7,E01021613,3,1,0,1,-1,0
2023041376848,2023,041376848,2,2,2,1,10,2,2,0,0,2,0,0,9,6,E01025444,7,1,1,0,-1,0
2023131323431,2023,131323431,2,1,2,2,36,7,3,0,0,1,0,0,9,1,E01012643,3,1,0,1,-1,0
2023141370964,2023,141370964,1,1,1,2,19,4,3,0,0,0,0,0,9,3,E01007812,3,1,0,1,-1,0
2023161300362,2023,161300362,1,1,1,1,36,7,3,0,0,0,0,0,9,2,E01007555,3,1,0,1,-1,0
2023201340466,2023,201340466,1,1,1,1,23,5,3,0,0,0,0,0,9,2,E01009980,3,1,0,1,-1,0
2023211361876,2023,211361876,2,2,1,2,52,8,3,0,0,0,0,0,9,3,E01031264,3,1,0,1,-1,0
2023221274187,2023,221274187,3,2,1,1,45,7,3,0,0,0,0,0,9,1,E01009117,3,1,0,1,-1,0
2023221303654,2023,221303654,1,1,1,1,36,7,3,0,0,0,0,0,9,9,E01025877,3,1,0,1,-1,0
2023302301957,2023,302301957,2,2,2,1,24,5,3,0,0,1,0,0,9,3,E01019404,-1,0,0.02441,0.97559,-1,0
2023991283671,2023,991283671,2,1,1,2,64,9,3,0,0,0,0,0,9,-1,-1,3,1,0,1,-1,0
2023010476613,2023,010476613,1,1,1,2,30,6,3,0,0,0,0,0,1,5,E01003279,-1,0,0,1,-1,0
2023991325521,2023,991325521,2,1,1,1,35,6,3,0,0,0,0,0,2,3,-1,3,1,0,1,-1,0
2023548916223,2023,548916223,1,1,1,1,51,8,3,0,0,0,0,0,5,8,E01032110,-1,0,0.14042,0.85958,-1,0
2023430454244,2023,430454244,1,1,3,2,-1,-1,3,4,3,0,0,0,0,4,E01016484,-1,0,0.01433,0.98567,-1,0
2023010443919,2023,010443919,1,1,2,2,70,10,3,0,0,0,4,0,11,1,E01033455,-1,0,0,1,-1,0
2023010459414,2023,010459414,1,1,1,1,40,7,3,0,0,0,0,0,9,5,E01002590,-1,0,0,1,-1,0
2023061268470,2023,061268470,1,1,1,2,40,7,3,0,0,0,0,0,9,-1,-1,3,1,0,1,-1,0
2023111312948,2023,111312948,1,1,1,2,47,8,3,0,0,0,0,0,9,4,E01020896,3,1,0,1,-1,0
2023351294000,2023,351294000,1,2,2,2,-1,-1,2,0,0,1,0,0,9,4,E01026366,6,1,1,0,-1,0
2023401279739,2023,401279739,1,1,1,2,28,6,3,0,0,0,0,0,9,4,E01017595,3,1,0,1,-1,0
2023451355625,2023,451355625,3,4,2,2,29,6,3,0,0,1,0,0,9,9,E01000455,3,1,0,1,-1,0
2023451374537,2023,451374537,1,1,1,2,48,8,3,0,0,0,0,0,9,8,E01030302,3,1,0,1,-1,0
2023552300828,2023,552300828,1,1,2,2,38,7,3,0,0,1,0,0,9,4,E01015443,-1,0,0.03126,0.96874,-1,0
2023610009823,2023,610009823,1,1,1,1,84,11,3,0,0,1,0,0,9,8,W01001553,-1,0,0.12843,0.87157,-1,0
2023010469660,2023,010469660,2,1,1,1,34,6,3,0,0,0,0,0,1,6,E01000306,-1,0,0,1,-1,0
2023231377720,2023,231377720,2,1,1,2,57,9,2,0,0,0,0,0,1,1,E01031273,7,1,1,0,-1,0
202363A017323,2023,63A017323,2,1,1,1,18,4,3,0,0,0,0,0,3,6,W01000639,-1,0,0.03616,0.96384,-1,0
2023010485160,2023,010485160,1,1,1,1,53,8,3,0,0,0,0,0,5,6,E01033570,-1,0,0,1,-1,0
2023451355687,2023,451355687,1,1,1,1,19,4,2,0,0,0,0,0,5,6,E01023121,5,1,1,0,-1,0
2023101289964,2023,101289964,1,1,3,1,33,6,2,5,3,0,0,0,0,9,E01010687,7,1,1,0,-1,0
2023201391452,2023,201391452,2,1,1,1,53,8,3,0,0,0,0,0,19,4,E01010457,3,1,0,1,-1,0
2023451279545,2023,451279545,2,1,1,1,20,4,2,0,0,0,0,0,19,2,E01022900,7,1,1,0,-1,0
2023010438020,2023,010438020,1,1,1,1,23,5,3,0,0,0,0,0,9,2,E01001515,-1,0,0,1,-1,0
2023010461450,2023,010461450,2,1,2,2,28,6,3,0,0,1,0,0,9,5,E01002411,-1,0,0,1,-1,0
2023131295670,2023,131295670,2,1,1,2,29,6,3,0,0,0,0,0,9,6,E01010816,3,1,0,1,-1,0
2023131348628,2023,131348628,2,2,2,1,54,8,3,0,0,1,0,0,9,3,E01011016,3,1,0,1,-1,0
2023141330577,2023,141330577,3,1,1,1,56,9,3,0,0,0,0,0,9,3,E01007480,3,1,0,1,-1,0
2023141350522,2023,141350522,3,3,2,2,7,2,3,0,0,2,0,0,9,3,E01007487,3,1,0,1,-1,0
2023201378426,2023,201378426,2,2,1,2,29,6,3,0,0,0,0,0,9,-1,-1,3,1,0,1,-1,0
2023231352373,2023,231352373,2,2,1,1,77,11,2,0,0,0,0,0,9,9,E01031219,5,1,1,0,-1,0
2023361334648,2023,361334648,1,2,1,1,25,5,3,0,0,0,0,0,9,5,E01022008,3,1,0,1,-1,0
2023430044844,2023,430044844,1,1,1,1,45,7,3,0,0,0,0,0,9,2,E01010106,-1,0,0.0014,0.9986,-1,0
2023461270689,2023,461270689,2,1,1,1,21,5,3,0,0,0,0,0,9,4,E01024541,3,1,0,1,-1,0
2023471329838,2023,471329838,2,3,1,1,48,8,3,0,0,0,0,0,9,10,E01031644,3,1,0,1,-1,0
202360A019565,2023,60A019565,2,4,2,1,4,1,3,0,0,1,0,0,9,-1,-1,-1,0,0.02456,0.97544,-1,0
2023010425130,2023,010425130,1,1,1,1,29,6,3,0,0,0,0,0,1,4,E01000916,-1,0,0,1,-1,0
2023201285241,2023,201285241,2,1,1,1,54,8,3,0,0,0,0,0,1,5,E01008981,3,1,0,1,-1,0
2023440192336,2023,440192336,2,1,1,1,38,7,1,0,0,0,0,0,20,1,E01010316,-1,0,0,0,-1,0
2023631307892,2023,631307892,2,1,1,1,65,9,3,0,0,0,0,0,5,3,W01001302,3,1,0,1,-1,0
2023201290849,2023,201290849,1,1,3,1,-1,-1,3,8,6,0,0,1,0,2,E01009163,3,1,0,1,-1,0
2023010446566,2023,010446566,1,1,2,2,41,7,3,0,0,0,3,0,11,2,E01003097,-1,0,0,1,-1,0
2023010422061,2023,010422061,1,1,1,1,47,8,3,0,0,0,0,0,9,6,E01004637,-1,0,0,1,-1,0
2023010484713,2023,010484713,1,1,1,2,46,8,3,0,0,0,0,0,9,10,E01004084,-1,0,0,1,-1,0
2023041302302,2023,041302302,1,2,2,2,25,5,3,0,0,1,0,0,9,4,E01012713,3,1,0,1,-1,0
2023141326388,2023,141326388,2,3,1,1,68,10,2,0,0,0,0,0,9,7,E01007552,7,1,1,0,-1,0
2023201378426,2023,201378426,1,1,1,1,40,7,3,0,0,0,0,0,9,-1,-1,3,1,0,1,-1,0
2023311305481,2023,311305481,1,1,1,2,24,5,3,0,0,0,0,0,9,-1,-1,3,1,0,1,-1,0
2023320108802,2023,320108802,1,1,1,2,24,5,3,0,0,0,0,0,9,7,E01027452,-1,0,0.05894,0.94106,-1,0
2023411328955,2023,411328955,2,1,2,2,27,6,3,0,0,1,0,0,9,9,E01033609,3,1,0,1,-1,0
2023451298029,2023,451298029,2,1,1,1,37,7,3,0,0,0,0,0,9,10,E01022590,3,1,0,1,-1,0
2023461302784,2023,461302784,2,2,1,1,52,8,3,0,0,0,0,0,9,7,E01024732,3,1,0,1,-1,0
2023471323436,2023,471323436,2,1,1,1,33,6,3,0,0,0,0,0,9,8,E01031418,3,1,0,1,-1,0
2023522400766,2023,522400766,1,1,1,1,60,9,3,0,0,0,0,0,9,10,E01014987,-1,0,0.20434,0.79566,-1,0
202363A031223,2023,63A031223,2,2,1,1,59,9,3,0,0,0,0,0,9,-1,-1,-1,0,0.04089,0.95911,-1,0
2023991272854,2023,991272854,2,1,1,2,46,8,3,0,0,0,0,0,9,1,-1,3,1,0,1,-1,0
2023991308992,2023,991308992,2,1,1,2,35,6,3,0,0,0,0,0,9,-1,-1,3,1,0,1,-1,0
2023010453358,2023,010453358,2,1,1,1,33,6,3,0,0,0,0,0,3,3,E01000245,-1,0,0,1,-1,0
2023501375766,2023,501375766,1,1,1,1,17,4,3,0,0,0,0,0,3,7,E01018971,3,1,0,1,-1,0
2023010434387,2023,010434387,3,3,1,1,43,7,3,0,0,0,0,0,8,4,E01033739,-1,0,0,1,-1,0
2023070673205,2023,070673205,1,1,3,1,24,5,3,8,5,0,0,1,0,2,E01012439,-1,0,0.09249,0.90751,-1,0
2023201375350,2023,201375350,1,2,3,1,54,8,3,8,2,0,0,2,0,1,E01010107,3,1,0,1,-1,0
2023010445748,2023,010445748,1,1,1,1,27,6,3,0,0,0,0,0,3,4,E01001252,-1,0,0,1,-1,0
2023041325973,2023,041325973,2,1,1,1,24,5,3,0,0,0,0,0,3,6,E01007072,3,1,0,1,-1,0
2023010470690,2023,010470690,1,1,1,1,43,7,3,0,0,0,0,0,9,3,E01002283,-1,0,0,1,-1,0
2023041288337,2023,041288337,1,2,1,2,33,6,3,0,0,0,0,0,9,8,E01025550,3,1,0,1,-1,0
2023401270249,2023,401270249,1,1,1,1,38,7,3,0,0,0,0,0,9,5,E01017586,3,1,0,1,-1,0
2023440430995,2023,440430995,1,1,1,1,18,4,3,0,0,0,0,0,9,10,E01022853,-1,0,0,1,-1,0
2023471283714,2023,471283714,1,1,2,1,53,8,2,0,0,2,0,0,9,-1,-1,6,1,1,0,-1,0
2023471319227,2023,471319227,2,1,1,1,57,9,3,0,0,0,0,0,9,9,E01021151,3,1,0,1,-1,0
2023520301584,2023,520301584,1,1,1,1,23,5,3,0,0,0,0,0,9,9,E01029145,-1,0,0.05786,0.94214,-1,0
2023522401263,2023,522401263,2,4,2,1,26,6,3,0,0,2,0,0,9,10,E01014944,-1,0,0.0871,0.9129,-1,0
2023010426507,2023,010426507,1,1,2,2,-1,-1,3,0,0,0,3,0,11,2,E01001842,-1,0,0,1,-1,0
2023401344619,2023,401344619,2,2,1,1,27,6,3,0,0,0,0,0,21,10,E01017402,3,1,0,1,-1,0
2023061359405,2023,061359405,1,1,3,1,93,11,2,9,8,0,0,0,0,6,E01005159,7,1,1,0,-1,0
2023141325477,2023,141325477,1,1,1,1,45,7,3,0,0,0,0,0,1,-1,-1,3,1,0,1,-1,0
2023010422314,2023,010422314,1,1,1,2,22,5,3,0,0,0,0,0,9,6,E01000262,-1,0,0,1,-1,0
2023131312206,2023,131312206,2,2,2,2,0,1,3,0,0,2,0,0,9,7,E01032490,3,1,0,1,-1,0
2023131368776,2023,131368776,1,1,1,2,43,7,3,0,0,0,0,0,9,1,E01010674,3,1,0,1,-1,0
2023131380175,2023,131380175,1,1,1,1,90,11,3,0,0,0,0,0,9,8,E01011826,3,1,0,1,-1,0
2023231322790,2023,231322790,2,3,2,2,50,8,3,0,0,2,0,0,9,8,E01019788,3,1,0,1,-1,0
2023451363161,2023,451363161,1,1,1,2,18,4,3,0,0,0,0,0,9,10,E01030541,3,1,0,1,-1,0
2023461341298,2023,461341298,1,2,2,1,18,4,2,0,0,1,0,0,9,5,E01024643,5,1,1,0,-1,0
2023461367332,2023,461367332,3,1,2,2,63,9,3,0,0,2,0,0,9,8,E01002201,3,1,0,1,-1,0
202360A007748,2023,60A007748,2,1,1,2,75,10,3,0,0,0,0,0,9,-1,-1,-1,0,0.03448,0.96552,-1,0
2023041347504,2023,041347504,1,3,1,1,53,8,3,0,0,0,0,0,19,1,E01005087,3,1,0,1,-1,0
2023332300051,2023,332300051,2,1,1,2,59,9,3,0,0,0,0,0,22,2,E01032867,-1,0,0.05376,0.94624,-1,0
2023041363067,2023,041363067,1,1,3,1,52,8,2,8,7,0,0,0,0,9,E01025303,7,1,1,0,-1,0
2023010431662,2023,010431662,1,1,1,1,22,5,3,0,0,0,0,0,3,3,E01000578,-1,0,0,1,-1,0
2023010463311,2023,010463311,2,1,1,1,41,7,3,0,0,0,0,0,4,5,E01023727,-1,0,0,1,-1,0
2023010430325,2023,010430325,2,2,2,2,11,3,3,0,0,2,0,0,9,3,E01032774,-1,0,0,1,-1,0
2023010448138,2023,010448138,1,1,1,1,54,8,3,0,0,0,0,0,9,3,E01003588,-1,0,0,1,-1,0
2023131277884,2023,131277884,2,1,1,2,52,8,3,0,0,0,0,0,9,2,E01011030,3,1,0,1,-1,0
2023221295969,2023,221295969,1,1,1,1,17,4,3,0,0,0,0,0,9,5,E01014062,3,1,0,1,-1,0
2023302301233,2023,302301233,1,2,1,2,63,9,3,0,0,0,0,0,9,8,E01019449,-1,0,0.0171,0.9829,-1,0
2023010424603,2023,010424603,1,2,3,1,30,6,3,5,1,0,0,2,0,2,E01027246,-1,0,0,1,-1,0
2023231298307,2023,231298307,1,1,3,1,39,7,3,8,5,0,0,1,0,9,E01013016,3,1,0,1,-1,0
2023471374946,2023,471374946,1,1,3,1,44,7,2,10,5,0,0,1,0,4,E01031716,5,1,1,0,-1,0
2023010441446,2023,010441446,1,1,1,1,36,7,3,0,0,0,0,0,3,4,E01000477,-1,0,0,1,-1,0
2023520301153,2023,520301153,1,1,1,1,51,8,1,0,0,0,0,0,5,5,E01032056,-1,0,0,0,-1,0
2023010422206,2023,010422206,1,1,1,2,34,6,3,0,0,0,0,0,9,6,E01027234,-1,0,0,1,-1,0
2023010460311,2023,010460311,1,1,1,2,36,7,3,0,0,0,0,0,9,6,E01002336,-1,0,0,1,-1,0
2023041391621,2023,041391621,1,1,1,1,29,6,3,0,0,0,0,0,9,6,E01025586,3,1,0,1,-1,0
2023131329183,2023,131329183,2,1,1,2,40,7,3,0,0,0,0,0,9,2,E01010619,3,1,0,1,-1,0
2023221295969,2023,221295969,3,3,1,2,57,9,3,0,0,0,0,0,9,6,E01022253,3,1,0,1,-1,0
2023302300672,2023,302300672,1,1,1,1,18,4,3,0,0,0,0,0,9,9,E01024818,-1,0,0.03415,0.96585,-1,0
2023361333778,2023,361333778,2,3,2,1,10,2,3,0,0,-1,0,0,9,7,E01026588,3,1,0,1,-1,0
2023440417222,2023,440417222,1,1,1,2,61,9,3,0,0,0,0,0,9,8,E01023049,-1,0,0,1,-1,0
2023520301819,2023,520301819,2,2,1,2,25,5,3,0,0,0,0,0,9,5,E01029324,-1,0,0.04828,0.95172,-1,0
2023991274559,2023,991274559,2,1,1,2,44,7,2,0,0,0,0,0,9,8,-1,6,1,1,0,-1,0
2023531275766,2023,531275766,1,1,3,1,12,3,3,8,3,0,0,1,0,4,E01022440,3,1,0,1,-1,0
2023010469651,2023,010469651,1,1,1,1,41,7,3,0,0,0,0,0,1,1,E01003245,-1,0,0,1,-1,0
2023201278604,2023,201278604,2,1,1,1,29,6,3,0,0,0,0,0,1,-1,-1,3,1,0,1,-1,0
2023010450964,2023,010450964,1,1,1,1,37,7,3,0,0,0,0,0,3,2,E01003501,-1,0,0,1,-1,0
2023221321641,2023,221321641,2,1,1,1,55,8,2,0,0,0,0,0,5,2,E01032470,6,1,1,0,-1,0
2023231315581,2023,231315581,1,1,1,1,33,6,2,0,0,0,0,0,5,7,E01031334,5,1,1,0,-1,0
2023010430325,2023,010430325,2,1,2,2,13,3,3,0,0,2,0,0,9,3,E01032774,-1,0,0,1,-1,0
2023041376848,2023,041376848,2,1,1,2,44,7,3,0,0,0,0,0,9,6,E01025444,3,1,0,1,-1,0
2023131298635,2023,131298635,1,1,2,2,82,11,2,0,0,1,0,0,9,9,E01010971,5,1,1,0,-1,0
2023201317475,2023,201317475,1,1,1,1,57,9,3,0,0,0,0,0,9,3,E01009006,3,1,0,1,-1,0
2023201408319,2023,201408319,1,1,1,-1,27,6,3,0,0,0,0,0,9,9,E01031268,3,1,0,1,-1,0
2023221274187,2023,221274187,2,1,1,1,36,7,3,0,0,0,0,0,9,1,E01009214,3,1,0,1,-1,0
2023221340468,2023,221340468,1,1,1,1,47,8,2,0,0,0,0,0,9,4,E01032381,5,1,1,0,-1,0
2023302300672,2023,302300672,2,2,1,2,77,11,3,0,0,0,0,0,9,9,E01013599,-1,0,0.01836,0.98164,-1,0
2023340WN0142,2023,340WN0142,3,1,1,2,68,10,3,0,0,0,0,0,9,6,E01026986,-1,0,0,1,-1,0
2023440430995,2023,440430995,1,2,2,2,27,6,3,0,0,1,0,0,9,-1,-1,-1,0,0,1,-1,0
2023451286954,2023,451286954,1,1,1,2,58,9,3,0,0,0,0,0,9,9,E01021053,3,1,0,1,-1,0
2023991272535,2023,991272535,2,2,2,2,89,11,3,0,0,1,0,0,9,9,-1,3,1,0,1,-1,0
2023440052688,2023,440052688,1,1,1,1,41,7,3,0,0,0,0,0,19,3,E01022670,-1,0,0,1,-1,0
2023471378600,2023,471378600,2,1,1,1,58,9,3,0,0,0,0,0,20,6,E01031408,3,1,0,1,-1,0
2023311270984,2023,311270984,2,1,1,1,37,7,3,0,0,0,0,0,21,5,E01028022,3,1,0,1,-1,0
2023070877591,2023,070877591,2,1,2,2,60,9,2,0,0,1,0,0,9,7,E01031297,-1,0,1,0,-1,0
2023161334183,2023,161334183,1,1,1,1,31,6,3,0,0,0,0,0,9,1,E01011428,3,1,0,1,-1,0
2023221300574,2023,221300574,3,1,1,2,32,6,3,0,0,0,0,0,9,2,E01014152,3,1,0,1,-1,0
2023320446759,2023,320446759,1,1,2,2,63,9,3,0,0,1,0,0,9,4,E01026183,-1,0,0.07183,0.92817,-1,0
2023361367797,2023,361367797,2,2,1,2,64,9,3,0,0,0,0,0,9,10,E01026915,3,1,0,1,-1,0
2023552301273,2023,552301273,2,1,1,2,62,9,3,0,0,0,0,0,9,-1,-1,-1,0,0.01657,0.98343,-1,0
2023991345106,2023,991345106,2,1,1,1,81,11,3,0,0,0,0,0,9,2,-1,3,1,0,1,-1,0
2023010430054,2023,010430054,1,1,1,1,41,7,3,0,0,0,0,0,3,3,E01004333,-1,0,0,1,-1,0
2023061296833,2023,061296833,1,1,1,1,30,6,2,0,0,0,0,0,2,2,E01005974,6,1,1,0,-1,0
2023991311572,2023,991311572,2,2,1,1,43,7,2,0,0,0,0,0,5,-1,-1,7,1,1,0,-1,0
2023101263581,2023,101263581,1,1,3,2,22,5,3,10,1,0,0,0,0,-1,-1,3,1,0,1,-1,0
2023201376285,2023,201376285,2,1,3,1,-1,-1,2,1,3,0,0,2,0,-1,-1,7,1,1,0,-1,0
2023211298545,2023,211298545,1,1,3,1,46,8,3,9,5,0,0,1,0,3,W01000355,3,1,0,1,-1,0
2023545440423,2023,545440423,1,1,3,1,15,3,3,4,3,0,0,0,0,7,E01032003,-1,0,0.07715,0.92285,-1,0
2023522401263,2023,522401263,1,1,1,1,45,7,3,0,0,0,0,0,8,1,E01014653,-1,0,0.10667,0.89333,-1,0
2023231298198,2023,231298198,2,1,1,2,50,8,3,0,0,0,0,0,19,3,E01031332,3,1,0,1,-1,0
2023421300855,2023,421300855,2,1,1,1,32,6,3,0,0,0,0,0,19,5,E01016157,3,1,0,1,-1,0
2023501382520,2023,501382520,1,1,3,1,27,6,3,9,5,0,0,1,0,8,E01018424,3,1,0,1,-1,0
2023010451152,2023,010451152,1,1,1,1,36,7,3,0,0,0,0,0,1,5,E01021493,-1,0,0,1,-1,0
2023010485016,2023,010485016,1,1,1,1,27,6,3,0,0,0,0,0,1,1,E01000890,-1,0,0,1,-1,0
2023010437258,2023,010437258,1,1,1,1,38,7,3,0,0,0,0,0,5,1,E01004236,-1,0,0,1,-1,0
2023201413941,2023,201413941,1,1,1,2,58,9,3,0,0,0,0,0,9,8,E01009468,3,1,0,1,-1,0
2023320729502,2023,320729502,2,1,2,2,78,11,3,0,0,1,0,0,9,2,E01026103,-1,0,0.06551,0.93449,-1,0
2023332300150,2023,332300150,2,2,1,2,37,7,3,0,0,0,0,0,9,-1,-1,-1,0,0.04593,0.95407,-1,0
2023332301152,2023,332301152,1,1,1,2,47,8,3,0,0,0,0,0,9,8,E01025672,-1,0,0.0056,0.9944,-1,0
2023440113681,2023,440113681,1,1,1,2,45,7,3,0,0,0,0,0,9,8,E01031843,-1,0,0,1,-1,0
2023451298029,2023,451298029,2,3,2,2,43,7,3,0,0,1,0,0,9,10,E01022590,3,1,0,1,-1,0
2023471335481,2023,471335481,2,1,2,2,55,8,3,0,0,1,0,0,9,6,E01031709,3,1,0,1,-1,0
2023991317938,2023,991317938,1,1,1,1,23,5,3,0,0,0,0,0,19,9,-1,3,1,0,1,-1,0
2023010474619,2023,010474619,1,1,1,1,40,7,3,0,0,0,0,0,9,3,E01003716,-1,0,0,1,-1,0
2023041380072,2023,041380072,2,3,1,1,43,7,3,0,0,0,0,0,9,3,E01012644,3,1,0,1,-1,0
2023131368653,2023,131368653,1,1,1,2,62,9,3,0,0,0,0,0,9,6,E01010640,3,1,0,1,-1,0
2023401276128,2023,401276128,2,1,1,1,37,7,3,0,0,0,0,0,9,8,E01032969,3,1,0,1,-1,0
2023440005738,2023,440005738,2,1,1,2,40,7,3,0,0,0,0,0,9,10,E01022707,-1,0,0,1,-1,0
2023461300621,2023,461300621,2,1,1,2,30,6,3,0,0,0,0,0,9,7,E01024802,3,1,0,1,-1,0
2023520301819,2023,520301819,1,1,1,2,63,9,3,0,0,0,0,0,9,4,E01029337,-1,0,0.09292,0.90708,-1,0
2023991266600,2023,991266600,2,1,1,2,50,8,3,0,0,0,0,0,9,4,-1,3,1,0,1,-1,0
2023991349682,2023,991349682,2,3,1,1,40,7,3,0,0,0,0,0,9,-1,-1,3,1,0,1,-1,0
2023351341568,2023,351341568,2,1,1,1,27,6,3,0,0,0,0,0,1,5,E01017960,3,1,0,1,-1,0
2023461362393,2023,461362393,1,1,1,1,60,9,2,0,0,0,0,0,1,8,E01024839,6,1,1,0,-1,0
2023070115257,2023,070115257,2,2,1,1,38,7,3,0,0,0,0,0,21,-1,-1,-1,0,0.03579,0.96421,-1,0
2023440407164,2023,440407164,1,1,1,2,64,9,3,0,0,0,0,0,2,4,E01017341,-1,0,0,1,-1,0
2023522324393,2023,522324393,3,1,1,1,63,9,3,0,0,0,0,0,4,3,E01014942,-1,0,0.3639,0.6361,-1,0
2023010478414,2023,010478414,1,1,1,1,55,8,3,0,0,0,0,0,8,6,E01001341,-1,0,0,1,-1,0
2023061303990,2023,061303990,1,1,3,1,33,6,2,9,5,0,0,1,0,1,E01012520,7,1,1,0,-1,0
2023070506878,2023,070506878,1,1,3,2,12,3,3,5,4,0,0,0,0,7,E01018742,-1,0,0.1289,0.8711,-1,0
2023010441397,2023,010441397,1,1,1,1,34,6,3,0,0,0,0,0,1,5,E01004370,-1,0,0,1,-1,0
2023061268555,2023,061268555,2,1,1,2,35,6,3,0,0,0,0,0,1,5,E01004975,3,1,0,1,-1,0
2023471314522,2023,471314522,2,1,1,1,62,9,3,0,0,0,0,0,1,7,E01016870,3,1,0,1,-1,0
2023010443208,2023,010443208,1,1,1,1,35,6,3,0,0,0,0,0,3,2,E01004723,-1,0,0,1,-1,0
2023451359964,2023,451359964,2,1,1,1,57,9,2,0,0,0,0,0,5,7,E01023109,7,1,1,0,-1,0
2023131290301,2023,131290301,2,2,1,1,38,7,3,0,0,0,0,0,9,3,E01033690,3,1,0,1,-1,0
2023221307603,2023,221307603,1,1,1,2,19,4,3,0,0,0,0,0,9,8,E01028887,3,1,0,1,-1,0
2023320452073,2023,320452073,3,2,2,2,13,3,3,0,0,1,0,0,9,9,E01026301,-1,0,0.04016,0.95984,-1,0
2023401314224,2023,401314224,3,1,1,2,27,6,3,0,0,0,0,0,9,2,E01004004,3,1,0,1,-1,0
2023501310142,2023,501310142,1,1,1,2,31,6,3,0,0,0,0,0,9,4,E01020302,3,1,0,1,-1,0
2023543231423,2023,543231423,2,1,2,1,15,3,3,0,0,2,0,0,9,8,E01015498,-1,0,0.00186,0.99814,-1,0
2023991290639,2023,991290639,1,1,1,1,19,4,1,0,0,0,0,0,9,8,-1,1,1,0,0,-1,0
2023991360843,2023,991360843,2,1,1,1,73,10,3,0,0,0,0,0,9,3,-1,3,1,0,1,-1,0
2023231320691,2023,231320691,2,1,1,1,29,6,3,0,0,0,0,0,19,2,E01033248,3,1,0,1,-1,0
2023430055454,2023,430055454,2,1,1,1,41,7,3,0,0,0,0,0,19,9,E01017637,-1,0,0.00254,0.99746,-1,0
2023991265516,2023,991265516,1,1,1,1,50,8,1,0,0,0,0,0,20,2,-1,1,1,0,0,-1,0
2023201412174,2023,201412174,1,1,3,1,28,6,3,4,1,0,0,2,0,2,E01009348,3,1,0,1,-1,0
2023010460466,2023,010460466,1,1,1,1,28,6,3,0,0,0,0,0,1,3,E01002781,-1,0,0,1,-1,0
2023461375163,2023,461375163,2,1,1,1,20,4,3,0,0,0,0,0,4,3,E01024668,3,1,0,1,-1,0
2023010468470,2023,010468470,1,1,1,2,29,6,2,0,0,0,0,0,5,9,E01003885,-1,0,1,0,-1,0
2023471294862,2023,471294862,2,1,1,1,42,7,3,0,0,0,0,0,5,3,E01031789,3,1,0,1,-1,0
2023010437546,2023,010437546,1,1,2,1,50,8,3,0,0,2,0,0,9,4,E01001686,-1,0,0,1,-1,0
2023010439350,2023,010439350,1,1,1,2,42,7,3,0,0,0,0,0,9,6,E01003459,-1,0,0,1,-1,0
2023061268470,2023,061268470,2,2,1,1,35,6,3,0,0,0,0,0,9,2,E01005526,3,1,0,1,-1,0
2023141328576,2023,141328576,2,1,1,1,23,5,3,0,0,0,0,0,9,8,E01007671,3,1,0,1,-1,0
2023421320205,2023,421320205,2,8,2,1,53,8,2,0,0,1,0,0,9,4,E01026728,7,1,1,0,-1,0
2023471371783,2023,471371783,2,1,2,1,22,5,3,0,0,1,0,0,9,3,E01031783,3,1,0,1,-1,0
2023010470992,2023,010470992,1,1,1,2,58,9,3,0,0,0,0,0,11,4,E01002020,-1,0,0,1,-1,0
2023010445098,2023,010445098,1,1,1,1,42,7,3,0,0,0,0,0,9,3,E01000148,-1,0,0,1,-1,0
2023141367832,2023,141367832,2,1,2,2,44,7,2,0,0,1,0,0,9,2,E01007784,7,1,1,0,-1,0
2023440147903,2023,440147903,2,2,2,2,35,6,3,0,0,2,0,0,9,10,E01022546,-1,0,0,1,-1,0
2023471263559,2023,471263559,1,1,1,2,36,7,2,0,0,0,0,0,9,5,E01031750,7,1,1,0,-1,0
202363A031223,2023,63A031223,3,3,1,1,50,8,3,0,0,0,0,0,9,-1,-1,-1,0,0.02702,0.97298,-1,0
2023201345111,2023,201345111,1,1,1,1,23,5,3,0,0,0,0,0,1,3,E01009760,3,1,0,1,-1,0
2023340NN2772,2023,340NN2772,1,1,3,1,24,5,3,5,9,0,0,1,0,-1,-1,-1,0,0,1,-1,0
2023361281351,2023,361281351,1,1,3,2,84,11,3,1,3,0,0,0,0,1,E01026624,3,1,0,1,-1,0
2023411388556,2023,411388556,1,1,3,1,40,7,3,6,9,0,0,1,0,5,E01024381,3,1,0,1,-1,0
2023481387644,2023,481387644,1,1,3,2,55,8,2,1,1,0,0,0,0,-1,-1,7,1,1,0,-1,0
2023010483763,2023,010483763,1,1,1,2,38,7,3,0,0,0,0,0,9,1,E01002852,-1,0,0,1,-1,0
2023052300353,2023,052300353,1,1,2,2,18,4,3,0,0,2,0,0,9,9,E01006233,-1,0,0.04683,0.95317,-1,0
2023070877591,2023,070877591,3,4,2,2,61,9,3,0,0,1,0,0,9,4,E01029367,-1,0,0.04975,0.95025,-1,0
2023131288316,2023,131288316,2,1,1,1,65,9,3,0,0,0,0,0,9,1,E01010966,3,1,0,1,-1,0
2023141370878,2023,141370878,3,2,1,2,32,6,3,0,0,0,0,0,9,5,E01007757,3,1,0,1,-1,0
2023201378449,2023,201378449,2,3,2,1,50,8,3,0,0,1,0,0,9,-1,-1,3,1,0,1,-1,0
2023211361876,2023,211361876,1,1,1,1,19,4,3,0,0,0,0,0,9,6,E01019876,3,1,0,1,-1,0
2023401298838,2023,401298838,1,1,2,1,61,9,3,0,0,-1,0,0,9,7,E01017464,3,1,0,1,-1,0
2023461268114,2023,461268114,1,1,1,1,49,8,3,0,0,0,0,0,9,2,E01024192,3,1,0,1,-1,0
2023522301822,2023,522301822,2,1,2,2,47,8,3,0,0,1,0,0,9,5,E01020308,-1,0,0.08166,0.91834,-1,0
2023991298667,2023,991298667,1,3,1,1,29,6,3,0,0,0,0,0,9,4,-1,3,1,0,1,-1,0
2023010463394,2023,010463394,1,1,1,1,22,5,3,0,0,0,0,0,1,4,E01003178,-1,0,0,1,-1,0
2023010474493,2023,010474493,1,1,1,1,22,5,2,0,0,0,0,0,1,-1,-1,-1,0,1,0,-1,0
2023010483443,2023,010483443,1,1,1,1,35,6,3,0,0,0,0,0,1,2,E01001555,-1,0,0,1,-1,0
2023041348037,2023,041348037,2,2,2,2,1,1,3,0,0,0,0,0,1,6,E01012618,3,1,0,1,-1,0
2023010460934,2023,010460934,1,1,1,1,73,10,2,0,0,0,0,0,5,7,E01004619,-1,0,1,0,-1,0
2023522300157,2023,522300157,1,1,3,1,36,7,3,5,9,0,0,0,0,5,E01014662,-1,0,0.0801,0.9199,-1,0
2023141321368,2023,141321368,1,1,1,1,26,6,3,0,0,0,0,0,19,3,E01007702,3,1,0,1,-1,0
2023361334088,2023,361334088,1,1,1,1,32,6,3,0,0,0,0,0,19,9,E01018013,3,1,0,1,-1,0
2023010431775,2023,010431775,1,1,3,1,10,2,3,5,3,0,0,0,0,3,E01000984,-1,0,0,1,-1,0
2023070842873,2023,070842873,1,1,3,1,62,9,3,9,5,0,0,1,0,-1,-1,-1,0,0.14812,0.85188,-1,0
2023010457171,2023,010457171,2,1,1,1,14,3,3,0,0,0,0,0,1,2,E01001791,-1,0,0,1,-1,0
2023010457952,2023,010457952,1,1,1,1,27,6,3,0,0,0,0,0,9,2,E01002033,-1,0,0,1,-1,0
2023052300062,2023,052300062,2,1,2,2,32,6,3,0,0,1,0,0,9,2,E01007091,-1,0,0.01577,0.98423,-1,0
2023141326388,2023,141326388,1,2,1,1,27,6,3,0,0,0,0,0,9,7,E01007483,3,1,0,1,-1,0
2023320470558,2023,320470558,2,1,2,1,6,2,3,0,0,2,0,0,9,5,E01012280,-1,0,0.03085,0.96915,-1,0
2023340WN5722,2023,340WN5722,1,2,2,2,17,4,2,0,0,1,0,0,9,7,E01017646,-1,0,0.76161,0.23839,-1,0
2023351294000,2023,351294000,2,3,1,2,69,10,2,0,0,0,0,0,9,9,E01011456,6,1,1,0,-1,0
2023440508098,2023,440508098,3,3,2,2,3,1,3,0,0,2,0,0,9,9,E01022879,-1,0,0,1,-1,0
2023461373812,2023,461373812,3,2,1,2,-1,-1,3,0,0,0,0,0,9,9,E01024100,3,1,0,1,-1,0
2023461373812,2023,461373812,2,1,1,2,72,10,3,0,0,0,0,0,9,7,E01024712,3,1,0,1,-1,0
2023552301317,2023,552301317,2,1,1,2,58,9,3,0,0,0,0,0,9,6,E01031991,-1,0,0.04158,0.95842,-1,0
2023010428458,2023,010428458,1,2,2,1,0,1,3,0,0,0,4,0,11,5,E01002791,-1,0,0,1,-1,0
2023010449400,2023,010449400,1,1,3,1,55,8,3,8,5,0,0,1,0,4,E01000788,-1,0,0,1,-1,0
2023010452824,2023,010452824,1,1,3,2,63,9,2,4,3,0,0,0,0,7,E01002965,-1,0,1,0,-1,0
2023010479714,2023,010479714,1,1,3,1,32,6,3,10,9,0,0,0,0,7,E01000703,-1,0,0,1,-1,0
2023031363548,2023,031363548,1,1,3,1,18,4,2,5,3,0,0,-1,0,-1,-1,7,1,1,0,-1,0
2023101302583,2023,101302583,1,1,3,1,64,9,3,5,1,0,0,2,0,2,E01008221,3,1,0,1,-1,0
2023010434729,2023,010434729,2,1,1,1,33,6,3,0,0,0,0,0,1,4,E01002970,-1,0,0,1,-1,0
2023010441207,2023,010441207,1,1,1,1,41,7,3,0,0,0,0,0,1,3,E01002102,-1,0,0,1,-1,0
2023010484808,2023,010484808,2,1,1,1,43,7,3,0,0,0,0,0,1,5,E01033325,-1,0,0,1,-1,0
2023010446138,2023,010446138,1,1,1,1,33,6,3,0,0,0,0,0,3,3,E01000082,-1,0,0,1,-1,0
2023451313932,2023,451313932,1,1,1,2,30,6,3,0,0,0,0,0,3,10,E01030986,3,1,0,1,-1,0
2023531288324,2023,531288324,2,1,1,1,33,6,3,0,0,0,0,0,5,3,E01022286,3,1,0,1,-1,0
2023311346081,2023,311346081,2,2,2,1,24,5,3,0,0,2,0,0,8,10,E01028137,3,1,0,1,-1,0
2023010458083,2023,010458083,1,2,2,1,1,1,3,0,0,2,0,0,9,3,E01000125,-1,0,0,1,-1,0
2023052301684,2023,052301684,1,2,1,1,24,5,3,0,0,0,0,0,9,1,E01006720,-1,0,0.02151,0.97849,-1,0
2023201347470,2023,201347470,1,1,1,1,31,6,3,0,0,0,0,0,9,-1,-1,3,1,0,1,-1,0
2023440481958,2023,440481958,1,1,1,1,79,11,3,0,0,0,0,0,9,5,E01031544,-1,0,0,1,-1,0
2023991339918,2023,991339918,1,1,1,2,95,11,3,0,0,0,0,0,9,5,-1,3,1,0,1,-1,0
2023991347579,2023,991347579,1,1,1,2,17,4,3,0,0,0,0,0,9,-1,-1,3,1,0,1,-1,0
2023010452532,2023,010452532,1,1,1,1,51,8,3,0,0,0,0,0,19,-1,-1,-1,0,0,1,-1,0
2023041347504,2023,041347504,3,2,2,1,17,4,3,0,0,1,0,0,9,5,E01019152,3,1,0,1,-1,0
2023071055812,2023,071055812,2,2,1,1,62,9,2,0,0,0,0,0,9,8,E01018348,-1,0,1,0,-1,0
2023201289868,2023,201289868,1,1,2,1,36,7,3,0,0,2,0,0,9,-1,-1,3,1,0,1,-1,0
2023361311167,2023,361311167,2,1,1,1,55,8,3,0,0,0,0,0,9,5,E01026443,3,1,0,1,-1,0
2023010475738,2023,010475738,1,1,1,1,28,6,3,0,0,0,0,0,1,2,E01000870,-1,0,0,1,-1,0
2023351340554,2023,351340554,2,1,1,1,36,7,3,0,0,0,0,0,1,7,E01018127,3,1,0,1,-1,0
2023401366451,2023,401366451,2,1,1,1,60,9,3,0,0,0,0,0,1,10,E01017462,3,1,0,1,-1,0
2023430482863,2023,430482863,2,1,1,2,44,7,2,0,0,0,0,0,1,9,E01028683,-1,0,1,0,-1,0
2023351390664,2023,351390664,1,1,1,1,32,6,3,0,0,0,0,0,4,3,E01017979,3,1,0,1,-1,0
2023010420140,2023,010420140,1,1,3,1,84,11,2,5,3,0,0,0,0,1,E01003052,-1,0,1,0,-1,0
2023010455194,2023,010455194,1,1,3,1,13,3,3,1,9,0,0,0,0,3,E01001045,-1,0,0,1,-1,0
2023332301250,2023,332301250,1,1,3,2,45,7,2,1,2,0,0,0,0,2,E01032867,-1,0,1,0,-1,0
2023061348389,2023,061348389,2,1,1,1,31,6,3,0,0,0,0,0,8,1,E01004870,3,1,0,1,-1,0
2023991303030,2023,991303030,1,3,2,1,28,6,3,0,0,0,0,0,19,1,-1,3,1,0,1,-1,0
2023010434675,2023,010434675,1,1,2,2,65,9,3,0,0,0,3,0,11,2,E01001842,-1,0,0,1,-1,0
2023010428004,2023,010428004,1,1,1,1,61,9,3,0,0,0,0,0,9,3,E01004066,-1,0,0,1,-1,0
2023010471889,2023,010471889,1,1,1,1,40,7,3,0,0,0,0,0,9,6,E01002639,-1,0,0,1,-1,0
2023010483370,2023,010483370,1,2,2,-1,-1,-1,3,0,0,1,0,0,9,6,E01001991,-1,0,0,1,-1,0
2023101350451,2023,101350451,1,2,1,2,73,10,3,0,0,0,0,0,9,2,E01008492,3,1,0,1,-1,0
2023161271121,2023,161271121,2,1,1,2,58,9,3,0,0,0,0,0,9,1,E01013229,3,1,0,1,-1,0
2023320624660,2023,320624660,3,3,1,1,66,10,3,0,0,0,0,0,9,4,E01026259,-1,0,0.10095,0.89905,-1,0
2023332301026,2023,332301026,2,1,1,2,25,5,3,0,0,0,0,0,9,3,E01013765,-1,0,0.00745,0.99255,-1,0
2023351294000,2023,351294000,1,1,1,1,66,10,2,0,0,0,0,0,9,4,E01026366,6,1,1,0,-1,0
2023440508098,2023,440508098,3,1,1,1,38,7,3,0,0,0,0,0,9,9,E01022879,-1,0,0,1,-1,0
2023552300154,2023,552300154,1,1,1,1,35,6,3,0,0,0,0,0,9,4,E01012760,-1,0,0.0133,0.9867,-1,0
202363D006623,2023,63D006623,2,1,1,2,22,5,3,0,0,0,0,0,9,7,W01000477,-1,0,0.03064,0.96936,-1,0
2023201276034,2023,201276034,1,1,1,1,67,10,3,0,0,0,0,0,90,-1,-1,3,1,0,1,-1,0
2023010443182,2023,010443182,1,1,3,2,68,10,3,5,4,0,0,0,0,1,E01002694,-1,0,0,1,-1,0
2023170M11813,2023,170M11813,1,1,3,2,17,4,2,1,1,0,0,0,0,1,E01033468,-1,0,1,0,-1,0
2023991359875,2023,991359875,1,1,3,1,48,8,3,10,9,0,0,1,0,2,-1,3,1,0,1,-1,0
2023010436762,2023,010436762,2,1,1,1,53,8,3,0,0,0,0,0,19,10,E01003859,-1,0,0,1,-1,0
2023610009823,2023,610009823,2,3,2,1,25,5,3,0,0,1,0,0,19,3,W01001374,-1,0,0.01529,0.98471,-1,0
2023430284515,2023,430284515,2,2,3,1,20,4,3,9,9,0,0,1,0,4,E01028471,-1,0,0.0302,0.9698,-1,0
2023010472670,2023,010472670,2,1,1,1,28,6,2,0,0,0,0,0,1,4,E01003076,-1,0,1,0,-1,0
2023161350746,2023,161350746,2,1,1,1,19,4,3,0,0,0,0,0,3,5,E01013249,3,1,0,1,-1,0
2023010447303,2023,010447303,1,1,1,2,37,7,3,0,0,0,0,0,9,3,E01004030,-1,0,0,1,-1,0
2023131294410,2023,131294410,2,2,2,2,59,9,3,0,0,1,0,0,9,8,-1,3,1,0,1,-1,0
2023221300574,2023,221300574,4,3,1,2,43,7,3,0,0,0,0,0,9,8,E01014157,3,1,0,1,-1,0
2023320729502,2023,320729502,2,3,1,1,56,9,3,0,0,0,0,0,9,6,E01026611,-1,0,0.03837,0.96163,-1,0
2023411383957,2023,411383957,1,1,2,1,12,3,3,0,0,1,0,0,9,9,E01023831,3,1,0,1,-1,0
2023430297784,2023,430297784,1,1,1,1,68,10,3,0,0,0,0,0,9,10,E01017756,-1,0,0.01149,0.98851,-1,0
2023451338457,2023,451338457,1,1,1,2,35,6,3,0,0,0,0,0,9,8,E01004498,3,1,0,1,-1,0
2023421320205,2023,421320205,1,6,2,2,15,3,3,0,0,0,4,0,11,7,E01021913,3,1,0,1,-1,0
2023522400758,2023,522400758,2,1,1,1,19,4,3,0,0,0,0,0,33,1,E01033369,-1,0,0.18406,0.81594,-1,1
2023010484025,2023,010484025,1,1,1,1,21,5,3,0,0,0,0,0,90,3,E01002728,-1,0,0,1,-1,0
2023302301052,2023,302301052,1,1,3,1,52,8,2,9,5,0,0,1,0,5,E01013530,-1,0,1,0,-1,0
2023461337742,2023,461337742,1,1,3,1,7,2,3,4,1,0,0,2,0,5,E01033577,3,1,0,1,-1,0
2023010461876,2023,010461876,1,1,1,1,26,6,3,0,0,0,0,0,1,9,E01001386,-1,0,0,1,-1,0
2023010429015,2023,010429015,1,1,1,1,22,5,3,0,0,0,0,0,3,8,E01030734,-1,0,0,1,-1,0
2023010439829,2023,010439829,1,1,1,1,69,10,2,0,0,0,0,0,5,6,E01002609,-1,0,1,0,-1,0
2023430251732,2023,430251732,1,1,1,1,43,7,2,0,0,0,0,0,5,10,E01028475,-1,0,1,0,-1,0
2023070322670,2023,070322670,1,1,1,1,33,6,3,0,0,0,0,0,9,-1,-1,-1,0,0.03801,0.96199,-1,0
2023201284417,2023,201284417,1,1,1,1,24,5,3,0,0,0,0,0,9,-1,-1,3,1,0,1,-1,0
2023211371649,2023,211371649,1,1,1,1,87,11,2,0,0,0,0,0,9,-1,-1,6,1,1,0,-1,0
2023461289783,2023,461289783,2,2,1,1,50,8,3,0,0,0,0,0,9,9,E01016106,3,1,0,1,-1,0
2023010475466,2023,010475466,2,5,1,1,33,6,3,0,0,0,0,0,19,2,E01002804,-1,0,0,1,-1,0
2023311371588,2023,311371588,2,1,1,1,20,4,3,0,0,0,0,0,19,4,E01013967,3,1,0,1,-1,0
2023461267756,2023,461267756,1,1,1,1,64,9,2,0,0,0,0,0,21,4,E01024197,6,1,1,0,-1,0
2023041281039,2023,041281039,1,1,3,2,59,9,2,5,3,0,0,1,0,5,E01025435,7,1,1,0,-1,0
2023111263403,2023,111263403,1,1,3,2,61,9,3,5,3,0,0,0,0,4,E01020887,3,1,0,1,-1,0
2023201305639,2023,201305639,1,1,3,2,43,7,2,1,1,0,0,2,0,1,E01009353,5,1,1,0,-1,0
2023201391677,2023,201391677,2,1,1,1,25,5,3,0,0,0,0,0,1,6,E01032480,3,1,0,1,-1,0
2023010419412,2023,010419412,1,1,1,2,55,8,3,0,0,0,0,0,9,7,E01002228,-1,0,0,1,-1,0
2023010474770,2023,010474770,2,1,1,2,52,8,3,0,0,0,0,0,9,9,E01000303,-1,0,0,1,-1,0
2023041347646,2023,041347646,2,1,2,1,12,3,3,0,0,1,0,0,9,-1,-1,3,1,0,1,-1,0
2023141354612,2023,141354612,1,1,1,1,19,4,2,0,0,0,0,0,9,-1,-1,7,1,1,0,-1,0
2023161284207,2023,161284207,1,1,1,2,24,5,3,0,0,0,0,0,9,1,E01012881,3,1,0,1,-1,0
20231700H1732,2023,1700H1732,1,1,1,2,21,5,3,0,0,0,0,0,9,5,E01011968,-1,0,0.04874,0.95126,-1,0
2023320414454,2023,320414454,1,1,1,1,43,7,3,0,0,0,0,0,9,4,E01015676,-1,0,0.03799,0.96201,-1,0
202363A016023,2023,63A016023,1,1,1,2,23,5,3,0,0,0,0,0,9,6,W01000689,-1,0,0.03978,0.96022,-1,0
2023991264443,2023,991264443,1,1,1,1,48,8,3,0,0,0,0,0,9,3,-1,3,1,0,1,-1,0
2023991287613,2023,991287613,2,2,1,1,28,6,3,0,0,0,0,0,9,3,-1,3,1,0,1,-1,0
2023010472641,2023,010472641,1,1,1,1,61,9,3,0,0,0,0,0,19,4,E01003332,-1,0,0,1,-1,0
2023161294147,2023,161294147,2,1,1,1,24,5,3,0,0,0,0,0,19,9,E01012955,3,1,0,1,-1,0
2023461314022,2023,461314022,2,2,1,2,60,9,3,0,0,0,0,0,19,3,E01002279,3,1,0,1,-1,0
2023010443919,2023,010443919,1,3,2,2,51,8,3,0,0,0,4,0,11,1,E01033456,-1,0,0,1,-1,0
2023010453051,2023,010453051,2,1,1,1,65,9,3,0,0,0,0,0,9,6,E01000193,-1,0,0,1,-1,0
2023221340468,2023,221340468,3,4,1,1,33,6,3,0,0,0,0,0,9,4,E01032342,3,1,0,1,-1,0
2023231327024,2023,231327024,2,1,1,1,32,6,3,0,0,0,0,0,9,4,E01031333,3,1,0,1,-1,0
2023501350570,2023,501350570,2,1,1,2,28,6,3,0,0,0,0,0,9,4,E01018843,3,1,0,1,-1,0
2023991349682,2023,991349682,1,1,1,2,39,7,3,0,0,0,0,0,9,-1,-1,3,1,0,1,-1,0
2023010473895,2023,010473895,2,1,1,2,29,6,3,0,0,0,0,0,1,8,E01004058,-1,0,0,1,-1,0
2023430020557,2023,430020557,1,1,1,1,27,6,2,0,0,0,0,0,1,10,E01017874,-1,0,1,0,-1,0
2023010449269,2023,010449269,1,1,1,1,41,7,3,0,0,0,0,0,5,5,E01004579,-1,0,0,1,-1,0
2023471383676,2023,471383676,2,1,1,1,27,6,2,0,0,0,0,0,5,1,E01022917,7,1,1,0,-1,0
2023471297302,2023,471297302,1,1,3,1,60,9,3,9,5,0,0,1,0,8,E01021214,3,1,0,1,-1,0
2023070115257,2023,070115257,1,1,1,2,30,6,2,0,0,0,0,0,9,6,E01006438,-1,0,1,0,-1,0
2023070230100,2023,070230100,2,3,2,2,61,9,3,0,0,2,0,0,9,4,E01005816,-1,0,0.01378,0.98622,-1,0
2023451393429,2023,451393429,3,4,2,2,23,5,3,0,0,1,0,0,9,7,E01030583,3,1,0,1,-1,0
202360A117291,2023,60A117291,2,1,1,2,47,8,3,0,0,0,0,0,9,-1,-1,-1,0,0.03832,0.96168,-1,0
2023991349682,2023,991349682,1,2,2,2,62,9,3,0,0,1,0,0,9,1,-1,3,1,0,1,-1,0
2023010459045,2023,010459045,2,1,1,1,29,6,2,0,0,0,0,0,3,5,E01003946,-1,0,1,0,-1,0
2023471358052,2023,471358052,2,1,1,1,65,9,2,0,0,0,0,0,5,6,E01030524,7,1,1,0,-1,0
2023430284515,2023,430284515,2,1,3,1,46,8,2,9,9,0,0,1,0,3,E01009587,-1,0,1,0,-1,0
2023010475466,2023,010475466,1,1,2,2,24,5,3,0,0,0,0,0,19,3,E01002030,-1,0,0,1,-1,0
2023041280187,2023,041280187,2,2,1,1,41,7,3,0,0,0,0,0,19,3,E01025289,3,1,0,1,-1,0
2023010452581,2023,010452581,2,1,1,2,23,5,3,0,0,0,0,0,9,2,E01003501,-1,0,0,1,-1,0
2023041347504,2023,041347504,3,1,1,2,18,4,3,0,0,0,0,0,9,7,E01019379,3,1,0,1,-1,0
2023320372400,2023,320372400,1,2,1,1,22,5,3,0,0,0,0,0,9,5,E01026298,-1,0,0.05074,0.94926,-1,0
2023440131381,2023,440131381,1,1,1,1,45,7,3,0,0,0,0,0,9,5,E01022616,-1,0,0,1,-1,0
2023461367258,2023,461367258,1,2,2,2,64,9,3,0,0,1,0,0,9,2,E01002702,3,1,0,1,-1,0
2023122301343,2023,122301343,2,1,1,1,22,5,3,0,0,0,0,0,1,7,E01013346,-1,0,0.07216,0.92784,-1,0
2023010455736,2023,010455736,1,1,3,1,23,5,3,5,1,0,0,0,0,2,E01001491,-1,0,0,1,-1,0
2023010479751,2023,010479751,1,1,3,2,29,6,3,1,3,0,0,0,0,6,E01030548,-1,0,0,1,-1,0
2023101369193,2023,101369193,1,1,3,2,42,7,3,4,3,0,0,0,0,-1,-1,3,1,0,1,-1,0
2023411344651,2023,411344651,1,1,3,1,1,1,3,10,9,0,0,0,0,6,E01023830,3,1,0,1,-1,0
2023311346081,2023,311346081,2,3,2,2,24,5,2,0,0,2,0,0,8,4,E01013524,6,1,1,0,-1,0
2023010428004,2023,010428004,1,4,2,2,21,5,3,0,0,2,0,0,9,4,E01002549,-1,0,0,1,-1,0
2023010454828,2023,010454828,1,1,1,1,40,7,3,0,0,0,0,0,9,7,E01021887,-1,0,0,1,-1,0
2023010460110,2023,010460110,1,1,1,1,57,9,3,0,0,0,0,0,9,3,E01001752,-1,0,0,1,-1,0
2023010470434,2023,010470434,1,1,1,1,79,11,2,0,0,0,0,0,9,7,E01030318,-1,0,1,0,-1,0
2023010474310,2023,010474310,1,1,1,2,29,6,3,0,0,0,0,0,9,2,E01003594,-1,0,0,1,-1,0
2023070524016,2023,070524016,1,1,1,1,88,11,2,0,0,0,0,0,9,10,E01018584,-1,0,1,0,-1,0
2023131294410,2023,131294410,2,3,2,2,9,2,3,0,0,2,0,0,9,3,E01011125,3,1,0,1,-1,0
2023141357952,2023,141357952,1,2,2,2,35,6,3,0,0,1,0,0,9,5,E01007757,3,1,0,1,-1,0
2023141378703,2023,141378703,2,4,2,1,23,5,3,0,0,2,0,0,9,2,E01011002,3,1,0,1,-1,0
2023201283848,2023,201283848,2,1,1,1,47,8,3,0,0,0,0,0,9,5,E01031078,3,1,0,1,-1,0
2023201378449,2023,201378449,2,2,1,1,51,8,3,0,0,0,0,0,9,1,E01009400,3,1,0,1,-1,0
2023351379816,2023,351379816,1,1,1,2,87,11,3,0,0,0,0,0,9,9,E01018013,3,1,0,1,-1,0
2023461367258,2023,461367258,1,1,1,2,52,8,3,0,0,0,0,0,9,-1,-1,3,1,0,1,-1,0
2023542823623,2023,542823623,2,2,1,2,43,7,3,0,0,0,0,0,9,7,E01031866,-1,0,0.02985,0.97015,-1,0
2023010465613,2023,010465613,2,1,1,1,-1,-1,2,0,0,0,0,0,1,8,E01002453,-1,0,1,0,-1,0
2023332301108,2023,332301108,2,1,1,1,19,4,2,0,0,0,0,0,3,-1,-1,-1,0,1,0,-1,0
2023451308701,2023,451308701,1,1,1,1,22,5,2,0,0,0,0,0,3,7,E01030361,6,1,1,0,-1,0
2023101364954,2023,101364954,2,1,1,1,58,9,2,0,0,0,0,0,5,9,E01027405,6,1,1,0,-1,0
2023131289301,2023,131289301,1,1,3,1,19,4,3,9,7,0,0,2,0,1,E01011906,3,1,0,1,-1,0
2023170M11203,2023,170M11203,1,1,3,1,78,11,3,4,3,0,0,0,0,7,E01012007,-1,0,0.18236,0.81764,-1,0
2023991314714,2023,991314714,1,1,3,2,42,7,2,6,9,0,0,0,0,1,-1,7,1,1,0,-1,0
