collision_index,collision_year,collision_ref_no,location_easting_osgr,location_northing_osgr,longitude,latitude,police_force,collision_severity,number_of_vehicles,number_of_casualties,date,day_of_week,time,local_authority_district,local_authority_ons_district,local_authority_highway,local_authority_highway_current,first_road_class,first_road_number,road_type,speed_limit,junction_detail_historic,junction_detail,junction_control,second_road_class,second_road_number,pedestrian_crossing_human_control_historic,pedestrian_crossing_physical_facilities_historic,pedestrian_crossing,light_conditions,weather_conditions,road_surface_conditions,special_conditions_at_site,carriageway_hazards_historic,carriageway_hazards,urban_or_rural_area,did_police_officer_attend_scene_of_accident,trunk_road_flag,lsoa_of_collision_location,enhanced_severity_collision,collision_injury_based,collision_adjusted_severity_serious,collision_adjusted_severity_slight
2022302200737,2022,302200737,435956,333307,-1.466968,52.896014,30,3,4,1,23/04/2022,7,11:40,-1,E06000015,E06000015,E06000015,3,5111,6,40,0,0,-1,0,-1,0,0,0,1,1,1,4,0,13,1,1,2,E01013590,-1,0,0.00536,0.99464
2022302201013,2022,302201013,438216,336296,-1.433024,52.922727,30,3,2,1,17/06/2022,6,19:15,-1,E06000015,E06000015,E06000015,6,0,6,30,0,0,-1,0,-1,0,0,0,1,1,1,4,0,13,1,2,2,E01013507,-1,0,0.00442,0.99558
2022501208047,2022,501208047,175491,48002,-5.153158,50.289165,50,3,2,2,28/06/2022,3,11:39,-1,E06000052,E06000052,E06000052,3,3075,6,40,0,0,-1,0,-1,0,0,0,1,2,2,4,0,13,2,1,2,E01018843,3,1,0,1
2022461170830,2022,461170830,636152,151952,1.380248,51.217899,46,2,2,1,16/04/2022,7,15:00,-1,E07000108,E10000016,E10000016,3,258,6,30,0,0,-1,0,-1,0,0,0,1,1,1,4,0,13,1,3,2,E01024226,6,1,1,0
2022332200161,2022,332200161,462085,302310,-1.084468,52.615025,33,3,2,2,25/02/2022,6,12:50,-1,E07000135,E10000018,E10000018,4,582,6,30,0,0,-1,0,-1,0,0,0,1,1,1,4,2,13,2,1,2,E01025973,-1,0,0.01845,0.98155
2022471184116,2022,471184116,521291,105059,-0.279025,50.832368,47,3,3,1,04/06/2022,7,02:26,-1,E07000223,E10000032,E10000032,3,259,6,30,0,0,-1,0,-1,0,0,0,4,2,2,4,0,13,1,1,2,E01031364,3,1,0,1
2022991232282,2022,991232282,297103,668277,-3.647059,55.896584,99,3,2,1,19/10/2022,4,14:30,-1,S12000040,S12000040,S12000040,4,7002,6,30,0,0,-1,0,-1,0,0,0,1,1,1,4,0,13,1,1,-1,-1,3,1,0,1
202260B154806,2022,60B154806,254137,371024,-4.185949,53.216196,60,3,2,1,11/10/2022,3,20:32,-1,W06000001,W06000001,W06000001,3,55,6,30,0,0,-1,0,-1,0,0,0,4,1,1,4,0,13,2,1,-1,-1,-1,0,0.01757,0.98243
2022610054822,2022,610054822,353466,191612,-2.673563,51.621396,61,3,2,1,02/12/2022,6,10:49,-1,W06000021,W06000021,W06000021,1,48,1,50,1,0,4,3,466,0,0,0,1,1,1,4,0,13,2,2,-1,W01001593,-1,0,0.00598,0.99402
2022131142326,2022,131142326,407455,426982,-1.888457,53.739172,13,2,1,1,10/02/2022,5,12:05,-1,E08000033,E08000033,E08000033,6,0,1,30,2,0,4,6,0,0,0,0,1,4,1,4,0,13,1,1,2,E01010944,7,1,1,0
2022010389338,2022,010389338,537794,181505,-0.015541,51.515672,1,3,2,2,19/07/2022,3,17:50,-1,E09000030,E09000030,E09000030,5,0,9,20,3,13,2,6,0,0,1,13,1,8,1,4,0,13,1,3,2,E01004246,-1,0,0,1
2022031150925,2022,031150925,352853,527302,-2.731985,54.638623,3,1,2,5,28/02/2022,2,11:18,-1,E07000030,E10000006,E06000064,1,6,3,70,0,0,-1,0,-1,0,0,0,1,1,1,4,0,13,2,1,1,E01019312,1,1,0,0
2022501170079,2022,501170079,247868,86966,-4.15388,50.662442,50,3,1,1,09/04/2022,7,11:00,-1,E07000047,E10000008,E10000008,6,0,6,60,0,0,-1,0,-1,0,0,0,1,1,1,4,0,13,2,1,2,E01020325,3,1,0,1
20225222BA241,2022,5222BA241,361566,158041,-2.552906,51.320169,52,3,2,1,30/05/2022,2,15:05,-1,E06000022,E06000022,E06000022,3,38,6,30,3,13,4,6,0,0,0,0,1,1,1,4,0,13,2,1,2,E01014419,-1,0,0.24551,0.75449
2022070330934,2022,070330934,383829,384028,-2.244403,53.352888,7,3,2,1,13/05/2022,6,12:45,-1,E06000049,E06000049,E06000049,4,5166,6,30,0,0,-1,0,-1,0,0,0,1,1,1,4,0,13,1,2,2,E01018651,-1,0,0.07099,0.92901
2022061145729,2022,061145729,356468,400465,-2.657709,53.499072,6,3,2,1,18/01/2022,3,21:45,-1,E08000010,E08000010,E08000010,1,6,3,70,0,0,-1,0,-1,0,0,0,4,1,1,4,0,13,2,3,1,E01006266,3,1,0,1
2022010357296,2022,010357296,529450,182413,-0.135388,51.525804,1,3,1,1,28/01/2022,6,23:00,-1,E09000007,E09000007,E09000007,3,501,3,30,9,19,2,6,0,0,0,0,4,1,1,4,2,13,1,1,2,E01000945,-1,0,0,1
2022010365948,2022,010365948,515395,168496,-0.342431,51.403765,1,3,2,1,17/03/2022,5,19:30,-1,E09000027,E09000027,E09000027,3,309,6,30,0,0,-1,0,-1,0,4,14,4,1,1,4,0,13,2,1,2,E01003823,-1,0,0,1
2022501150778,2022,501150778,250429,70276,-4.11095,50.513117,50,2,4,1,26/02/2022,7,09:30,-1,E07000047,E10000008,E10000008,3,386,6,60,0,0,-1,0,-1,0,0,0,1,1,1,4,0,13,2,1,2,E01020341,5,1,1,0
2022991227498,2022,991227498,278855,679374,-3.943686,55.991982,99,3,1,1,06/10/2022,5,05:19,-1,S12000014,S12000014,S12000014,1,80,3,70,9,19,4,1,80,0,0,0,6,5,2,4,0,13,2,1,-1,-1,3,1,0,1
2022101247858,2022,101247858,425010,564301,-1.610834,54.972704,10,2,2,1,25/11/2022,6,16:47,-1,E08000021,E08000021,E08000021,6,0,6,20,3,13,4,6,0,0,4,14,5,1,2,4,0,13,1,2,2,E01033543,7,1,1,0
2022010369727,2022,010369727,534283,184778,-0.064862,51.545929,1,3,1,2,07/04/2022,5,10:00,-1,E09000012,E09000012,E09000012,3,1207,6,20,99,-1,9,6,0,0,0,0,1,4,1,4,0,13,1,3,2,E01001749,-1,0,0,1
2022311143178,2022,311143178,460475,345880,-1.100196,53.006829,31,3,2,1,24/01/2022,2,13:40,-1,E07000173,E10000024,E10000024,4,684,6,40,0,0,-1,0,-1,0,0,0,1,1,2,4,0,13,2,1,2,E01028180,3,1,0,1
2022371202701,2022,371202701,577387,272766,0.60149,52.324319,37,3,4,2,16/06/2022,5,16:32,-1,E07000245,E10000029,E10000029,3,1101,6,30,0,0,-1,0,-1,0,0,0,1,1,1,4,0,13,2,1,2,E01029941,3,1,0,1
2022991215689,2022,991215689,307044,684595,-3.493789,56.04517,99,3,2,1,05/09/2022,2,07:55,-1,S12000047,S12000047,S12000047,3,985,6,60,0,0,-1,0,-1,0,0,0,1,1,2,4,0,13,2,1,-1,-1,3,1,0,1
2022440213546,2022,440213546,443017,112445,-1.389528,50.909879,44,3,2,1,29/05/2022,1,23:13,-1,E06000045,E06000045,E06000045,3,3024,6,30,0,0,-1,0,-1,0,4,14,4,2,2,4,0,13,1,1,2,E01017154,-1,0,0,1
2022340NNC882,2022,340NNC882,478990,279575,-0.840231,52.408489,34,2,2,1,13/02/2022,1,20:35,-1,E06000061,E06000061,E06000061,3,14,3,70,0,0,-1,0,-1,0,0,0,6,2,2,4,2,13,2,1,1,E01027124,-1,0,0.69274,0.30726
2022061178379,2022,061178379,373229,410423,-2.405904,53.589699,6,2,3,2,17/05/2022,3,22:45,-1,E08000001,E08000001,E08000001,3,58,3,30,6,16,2,6,0,0,4,14,4,1,2,4,0,13,1,1,2,E01004926,5,1,1,0
2022622200741,2022,622200741,301993,207354,-3.421317,51.756272,62,3,2,1,23/09/2022,6,18:45,-1,W06000024,W06000024,W06000024,3,465,6,40,0,0,-1,0,-1,0,0,0,1,2,2,4,0,13,2,1,-1,W01001291,-1,0,0.00635,0.99365
2022131214692,2022,131214692,443626,434489,-1.339048,53.804877,13,3,2,2,02/09/2022,6,01:30,-1,E08000035,E08000035,E08000035,2,1,3,70,0,0,-1,0,-1,0,0,0,4,1,1,4,0,13,2,1,1,E01011297,3,1,0,1
2022440401713,2022,440401713,456350,114150,-1.199643,50.924064,44,3,2,1,03/10/2022,2,11:44,-1,E07000094,E10000014,E10000014,4,2177,6,50,0,0,-1,0,-1,0,0,0,1,1,1,4,0,13,2,1,2,E01023271,-1,0,0,1
2022451204595,2022,451204595,499753,158540,-0.570014,51.317236,45,3,2,1,01/08/2022,2,08:37,-1,E07000217,E10000030,E10000030,6,0,6,30,3,13,4,6,0,0,1,13,1,1,1,4,0,13,1,1,2,E01030954,3,1,0,1
2022010377854,2022,010377854,533927,183885,-0.070332,51.537988,1,3,1,1,22/05/2022,1,07:32,-1,E09000012,E09000012,E09000012,4,108,6,20,9,19,1,6,0,0,1,13,1,1,1,4,0,13,1,1,2,E01001820,-1,0,0,1
2022010414831,2022,010414831,530943,179092,-0.115112,51.495615,1,3,1,1,06/12/2022,3,12:47,-1,E09000022,E09000022,E09000022,3,3203,6,20,3,13,2,6,0,0,0,0,1,1,1,4,0,13,1,3,2,E01003014,-1,0,0,1
2022010382659,2022,010382659,534453,175104,-0.066096,51.458954,1,3,2,1,16/06/2022,5,09:20,-1,E09000028,E09000028,E09000028,4,238,7,20,3,13,4,4,219,9,8,17,1,1,1,4,0,13,1,3,2,E01004015,-1,0,0,1
2022471222901,2022,471222901,557700,115461,0.242095,50.91707,47,3,2,1,25/09/2022,1,22:00,-1,E07000065,E10000011,E10000011,3,267,6,50,0,0,-1,0,-1,0,0,0,6,1,1,4,0,13,2,1,2,E01021201,3,1,0,1
2022421232829,2022,421232829,603287,231394,0.956308,51.943891,42,3,2,1,20/10/2022,5,22:29,-1,E07000071,E10000012,E10000012,3,12,7,70,5,0,4,3,12,0,0,0,6,1,1,4,0,13,2,1,1,E01021655,3,1,0,1
2022440100523,2022,440100523,454587,104786,-1.22612,50.840036,44,2,1,3,13/03/2022,1,03:23,-1,E07000087,E10000014,E10000014,4,3334,6,30,3,13,4,6,0,0,0,0,6,2,2,4,0,13,2,1,2,E01022781,-1,0,0.99329,0.00671
2022440514058,2022,440514058,481733,154197,-0.829514,51.281063,44,3,3,2,22/12/2022,5,17:37,-1,E07000089,E10000014,E10000014,4,3010,6,30,0,0,-1,0,-1,0,0,0,4,1,2,4,0,13,1,1,2,E01022868,-1,0,0,1
2022320574180,2022,320574180,535426,324298,0.007265,52.799252,32,3,1,1,02/10/2022,1,20:40,-1,E07000140,E10000019,E10000019,6,0,6,30,0,0,-1,0,-1,0,0,0,6,1,1,4,2,13,2,1,2,E01026251,-1,0,0.03283,0.96717
2022361244663,2022,361244663,608708,297914,1.076113,52.539071,36,3,3,2,15/07/2022,6,14:06,-1,E07000149,E10000020,E10000020,3,11,3,70,0,0,-1,0,-1,0,0,0,1,1,1,4,0,13,2,2,1,E01026885,3,1,0,1
2022231269783,2022,231269783,438733,277685,-1.4322,52.395822,23,3,2,3,03/09/2022,7,17:00,-1,E07000220,E10000031,E10000031,3,428,3,30,5,0,4,3,46,0,5,15,1,1,1,4,0,13,1,1,2,E01031151,3,1,0,1
202263C098422,2022,63C098422,198273,201537,-4.919068,51.676282,63,3,2,1,25/11/2022,6,14:15,-1,W06000009,W06000009,W06000009,3,4139,6,30,0,0,-1,0,-1,0,0,0,1,1,2,4,0,13,2,1,-1,W01000608,-1,0,0.08318,0.91682
2022061211969,2022,061211969,381752,387601,-2.275813,53.384936,6,3,3,1,23/08/2022,3,21:40,-1,E08000003,E08000003,E08000003,1,56,3,70,0,0,-1,0,-1,0,0,0,4,1,1,4,0,13,1,1,1,E01005088,3,1,0,1
2022201271824,2022,201271824,398374,294664,-2.025411,52.549822,20,3,2,2,26/09/2022,2,19:00,-1,E08000028,E08000028,E08000028,6,0,1,30,2,0,4,6,0,0,8,17,4,2,2,4,0,13,1,1,2,E01010096,3,1,0,1
2022010361784,2022,010361784,535196,181266,-0.053051,51.514151,1,3,1,1,23/02/2022,4,10:50,-1,E09000030,E09000030,E09000030,3,13,3,30,6,16,2,3,13,0,5,15,1,1,1,4,0,13,1,1,2,E01004287,-1,0,0,1
2022010378786,2022,010378786,537404,188673,-0.018361,51.580178,1,3,2,1,27/05/2022,6,00:10,-1,E09000031,E09000031,E09000031,3,112,6,20,6,16,2,6,0,0,5,15,4,1,1,4,0,13,1,1,2,E01004406,-1,0,0,1
2022430023226,2022,430023226,487682,166860,-0.741126,51.394014,43,3,2,1,17/01/2022,2,11:25,-1,E06000036,E06000036,E06000036,3,322,3,50,1,0,2,6,0,0,0,0,1,1,1,4,0,13,1,1,2,E01016217,-1,0,0.00652,0.99348
2022430355325,2022,430355325,502997,177385,-0.518017,51.486049,43,2,2,2,09/08/2022,3,23:37,-1,E06000039,E06000039,E06000039,3,4,6,30,0,0,-1,0,-1,0,0,0,4,1,2,4,0,13,2,1,2,E01016481,-1,0,1,0
2022501146112,2022,501146112,198631,52966,-4.831398,50.342107,50,3,2,1,05/01/2022,4,14:05,-1,E06000052,E06000052,E06000052,3,3058,6,60,0,0,-1,0,-1,0,0,0,1,1,1,4,0,13,2,1,2,E01019073,3,1,0,1
2022547064322,2022,547064322,390668,170870,-2.135642,51.43675,54,3,2,1,06/07/2022,4,22:39,-1,E06000054,E06000054,E06000054,3,350,6,60,0,0,-1,0,-1,0,0,0,6,1,1,4,0,13,2,1,2,E01031942,-1,0,0.0534,0.9466
2022201265805,2022,201265805,408309,285673,-1.879116,52.468935,20,3,2,1,09/06/2022,5,09:40,-1,E08000025,E08000025,E08000025,4,4100,3,30,1,0,4,3,4540,0,4,14,1,1,1,4,0,13,1,2,2,E01009365,3,1,0,1
2022010404550,2022,010404550,514577,188223,-0.347788,51.581232,1,3,2,1,14/10/2022,6,14:40,-1,E09000015,E09000015,E09000015,3,404,6,30,3,13,4,6,0,0,1,13,1,1,1,4,0,13,1,1,2,E01002160,-1,0,0,1
2022440265572,2022,440265572,481486,155149,-0.832838,51.289657,44,3,2,1,03/07/2022,1,22:50,-1,E07000089,E10000014,E10000014,3,3013,6,30,3,13,4,6,0,0,8,17,4,1,1,4,0,13,1,1,2,E01022860,-1,0,0,1
2022461135721,2022,461135721,558364,172690,0.276726,51.431088,46,3,6,2,16/01/2022,1,17:00,-1,E07000107,E10000016,E10000016,3,2,7,70,0,0,-1,0,-1,0,0,0,4,1,2,4,0,13,2,1,1,E01024134,3,1,0,1
2022161226976,2022,161226976,509046,429583,-0.347738,53.751217,16,3,2,1,05/10/2022,4,10:13,-1,E06000010,E06000010,E06000010,3,1079,6,30,0,0,-1,0,-1,0,0,0,1,2,2,4,0,13,1,1,2,E01012851,3,1,0,1
2022161259686,2022,161259686,509069,429457,-0.347434,53.75008,16,3,2,1,12/12/2022,2,18:46,-1,E06000010,E06000010,E06000010,3,1079,6,30,0,0,-1,0,-1,0,0,0,4,7,2,4,0,13,1,1,2,E01012851,3,1,0,1
2022332200214,2022,332200214,458415,302610,-1.138613,52.618128,33,3,2,1,14/03/2022,2,10:08,-1,E06000016,E06000016,E06000016,3,426,6,30,3,13,2,4,5366,0,5,15,1,1,1,4,0,13,1,1,2,E01013688,-1,0,0.00998,0.99002
2022430426355,2022,430426355,460645,167885,-1.129498,51.406759,43,3,3,2,22/09/2022,5,13:40,-1,E06000037,E06000037,E06000037,3,4,6,50,0,0,-1,0,-1,0,0,0,1,1,1,4,0,13,2,1,2,E01016327,-1,0,0.04414,0.95586
2022131160332,2022,131160332,427404,433660,-1.585433,53.79853,13,3,2,1,28/03/2022,2,17:10,-1,E08000035,E08000035,E08000035,3,647,6,30,5,0,4,6,0,0,0,0,1,1,1,4,0,13,1,2,2,E01011293,3,1,0,1
2022010379900,2022,010379900,535466,170305,-0.053358,51.415588,1,3,2,1,01/06/2022,4,15:46,-1,E09000006,E09000006,E09000006,3,234,6,30,3,13,4,6,0,0,4,14,1,1,1,4,0,13,1,3,2,E01000799,-1,0,0,1
2022302202097,2022,302202097,406946,374568,-1.897315,53.268062,30,3,3,1,07/12/2022,4,16:30,-1,E07000037,E10000007,E10000007,3,6,6,50,0,0,-1,0,-1,0,0,0,6,1,4,4,0,13,2,1,2,E01019710,-1,0,0.02547,0.97453
2022041196657,2022,041196657,361329,413094,-2.586001,53.612961,4,3,3,1,13/05/2022,6,17:06,-1,E07000118,E10000017,E10000017,3,673,6,40,0,0,-1,0,-1,0,0,0,1,1,1,4,0,13,1,1,2,E01024918,3,1,0,1
2022622200046,2022,622200046,264029,199168,-3.967837,51.674778,62,3,1,1,08/01/2022,7,06:15,-1,W06000011,W06000011,W06000011,1,4,3,70,0,0,-1,0,-1,0,0,0,4,2,2,4,0,13,2,1,-1,W01000793,-1,0,0.15245,0.84755
2022401224024,2022,401224024,498115,236528,-0.571633,52.018512,40,2,1,1,16/09/2022,6,11:05,-1,E06000056,E06000056,E06000056,1,1,3,60,0,0,-1,0,-1,0,0,0,1,1,1,4,0,13,2,1,1,E01017451,7,1,1,0
2022122201205,2022,122201205,418244,503560,-1.720305,54.427147,12,3,3,2,16/08/2022,3,16:43,-1,E07000166,E06000065,E06000065,4,6274,6,60,0,0,-1,0,-1,0,0,0,1,2,2,4,0,13,2,1,2,E01027752,-1,0,0.16674,0.83326
2022010376511,2022,010376511,527370,185066,-0.164396,51.550118,1,3,1,1,15/05/2022,1,10:11,-1,E09000007,E09000007,E09000007,3,502,6,30,9,19,2,6,0,1,5,11,1,2,1,4,0,13,1,1,2,E01000849,-1,0,0,1
2022302200790,2022,302200790,439777,331268,-1.410421,52.877418,30,3,2,2,20/04/2022,4,21:18,-1,E07000039,E10000007,E10000007,5,0,6,60,0,0,-1,0,-1,0,0,0,6,1,1,4,0,13,2,1,2,E01019835,-1,0,0.06342,0.93658
202263C004922,2022,63C004922,212038,206164,-4.722725,51.722614,63,3,2,1,17/01/2022,2,11:08,-1,W06000009,W06000009,W06000009,3,478,6,30,8,18,4,6,0,0,0,0,1,1,2,4,0,13,2,1,-1,W01000564,-1,0,0.02424,0.97576
2022122300220,2022,122300220,458818,451341,-1.105167,53.954829,12,2,2,1,28/04/2022,5,17:00,-1,E06000014,E06000014,E06000014,3,59,6,30,3,13,2,6,0,0,5,15,1,1,2,4,0,13,1,1,2,E01013391,-1,0,1,0
2022122201065,2022,122201065,439431,465219,-1.398786,54.081389,12,3,1,1,29/06/2022,4,00:42,-1,E07000165,E06000065,E06000065,3,6055,1,60,1,0,4,2,1,0,0,0,4,2,2,4,0,13,2,1,2,E01027647,-1,0,0.07587,0.92413
2022010386563,2022,010386563,527377,175456,-0.167763,51.463753,1,2,1,1,05/07/2022,3,14:05,-1,E09000032,E09000032,E09000032,3,3036,6,20,6,16,2,5,0,0,5,15,1,1,1,4,0,13,1,1,2,E01004551,-1,0,1,0
2022170S41752,2022,170S41752,442451,515342,-1.345524,54.531585,17,2,3,1,31/10/2022,2,14:10,-1,E06000004,E06000004,E06000004,3,135,6,30,0,0,-1,0,-1,0,0,0,1,2,2,4,0,13,1,1,2,E01012270,-1,0,1,0
2022161232279,2022,161232279,505612,432565,-0.398775,53.778715,16,3,2,1,19/10/2022,4,14:10,-1,E06000011,E06000011,E06000011,4,1233,6,30,1,0,2,4,1233,0,0,0,1,1,1,4,0,13,1,1,2,E01012962,3,1,0,1
2022010412732,2022,010412732,527649,178905,-0.162604,51.494687,1,3,2,2,25/11/2022,6,17:40,-1,E09000020,E09000020,E09000020,6,0,6,20,6,16,4,6,0,0,0,0,4,8,1,4,0,13,1,1,2,E01002860,-1,0,0,1
2022041194521,2022,041194521,350046,470747,-2.765946,54.130134,4,3,2,3,29/06/2022,4,15:33,-1,E07000121,E10000017,E10000017,3,6,6,40,0,0,-1,0,-1,0,0,0,1,1,1,4,0,13,2,2,2,E01025098,3,1,0,1
2022371210629,2022,371210629,624246,243447,1.268617,52.044035,37,3,3,1,19/08/2022,6,07:33,-1,E07000244,E10000029,E10000029,3,12,3,70,0,0,-1,0,-1,0,0,0,1,1,2,4,0,13,2,1,2,E01030197,3,1,0,1
2022430176519,2022,430176519,484767,245160,-0.763954,52.098297,43,3,1,1,25/04/2022,2,08:14,-1,E06000042,E06000042,E06000042,1,1,3,60,0,0,-1,0,-1,0,0,0,1,1,1,4,0,13,2,1,1,E01016802,-1,0,0.02487,0.97513
2022201142038,2022,201142038,418595,284152,-1.727788,52.45501,20,2,1,1,27/01/2022,5,18:04,-1,E08000029,E08000029,E08000029,4,4438,1,30,1,0,4,6,0,0,0,0,4,8,1,4,0,13,1,1,2,E01010109,5,1,1,0
2022991181307,2022,991181307,278733,693785,-3.95217,56.121353,99,3,2,1,18/05/2022,4,07:25,-1,S12000030,S12000030,S12000030,3,811,6,40,0,0,-1,0,-1,0,0,0,1,1,1,4,0,13,2,2,-1,-1,3,1,0,1
2022522202180,2022,522202180,358624,172280,-2.596784,51.447987,52,3,2,1,04/05/2022,4,17:45,-1,E06000023,E06000023,E06000023,6,0,6,20,3,13,4,6,0,0,0,0,1,1,1,4,0,13,1,2,2,E01014540,-1,0,0.14213,0.85787
2022430265381,2022,430265381,502134,178177,-0.530213,51.493324,43,3,2,1,17/06/2022,6,14:03,-1,E06000039,E06000039,E06000039,1,4,3,50,0,0,-1,0,-1,0,0,0,1,1,1,4,0,13,1,1,1,E01016481,-1,0,0.01683,0.98317
2022010382729,2022,010382729,525658,164730,-0.196293,51.367741,1,3,2,1,16/06/2022,5,17:20,-1,E09000029,E09000029,E09000029,4,2230,2,20,8,18,4,6,0,0,4,14,1,1,1,4,0,13,1,1,2,E01004142,-1,0,0,1
2022501186983,2022,501186983,233725,119633,-4.36862,50.952083,50,3,1,1,24/05/2022,3,13:54,-1,E07000046,E10000008,E10000008,6,0,6,60,6,16,1,6,0,0,0,0,1,4,2,4,0,13,2,2,2,E01020288,3,1,0,1
2022991130876,2022,991130876,314929,671634,-3.363152,55.93022,99,2,2,1,11/01/2022,3,22:15,-1,S12000036,S12000036,S12000036,1,8,3,70,0,0,-1,0,-1,0,0,0,6,1,2,4,0,13,2,1,-1,-1,5,1,1,0
2022622200678,2022,622200678,293141,177401,-3.54037,51.485433,62,3,2,1,01/09/2022,5,18:05,-1,W06000014,W06000014,W06000014,3,48,3,30,0,0,-1,0,-1,0,0,0,1,1,1,4,0,13,2,1,-1,W01001105,-1,0,0.008,0.992
2022430399729,2022,430399729,484920,212960,-0.769668,51.808839,43,3,2,1,05/09/2022,2,17:47,-1,E06000060,E06000060,E06000060,5,0,6,30,0,0,-1,0,-1,0,0,0,1,1,1,4,0,13,2,1,2,E01017632,-1,0,0.0621,0.9379
2022430498891,2022,430498891,484849,213139,-0.770653,51.810458,43,3,2,1,09/09/2022,6,00:40,-1,E06000060,E06000060,E06000060,3,41,6,30,0,0,-1,0,-1,0,0,0,4,1,1,4,0,13,2,1,2,E01017632,-1,0,0.03023,0.96977
2022131169958,2022,131169958,414336,416583,-1.784614,53.645563,13,3,1,1,24/04/2022,1,14:06,-1,E08000034,E08000034,E08000034,6,0,2,30,3,13,4,6,0,0,4,14,1,1,1,4,2,13,1,1,2,E01011107,3,1,0,1
2022010352620,2022,010352620,531289,182241,-0.108959,51.523834,1,3,2,1,01/01/2022,7,16:53,-1,E09000019,E09000019,E09000019,3,201,6,20,3,13,4,6,0,0,0,0,4,1,1,4,0,13,1,1,2,E01002726,-1,0,0,1
2022421221112,2022,421221112,581830,194229,0.625044,51.617514,42,3,3,1,27/07/2022,4,18:25,-1,E07000075,E10000012,E10000012,6,0,6,40,3,13,4,6,0,0,0,0,1,1,1,4,0,13,1,3,2,E01021944,3,1,0,1
2022041181741,2022,041181741,341221,428581,-2.892848,53.750268,4,3,2,1,26/05/2022,5,14:23,-1,E07000119,E10000017,E10000017,3,584,6,30,0,0,-1,0,-1,0,0,0,1,1,2,4,0,13,2,1,2,E01025030,3,1,0,1
2022332200749,2022,332200749,462780,290693,-1.0764,52.510524,33,3,3,2,07/09/2022,4,08:20,-1,E07000131,E10000018,E10000018,3,5199,6,50,6,16,4,5,0,0,0,0,1,1,2,4,0,13,2,1,2,E01025810,-1,0,0.04227,0.95773
2022622200074,2022,622200074,300266,183130,-3.439414,51.538232,62,2,1,1,17/01/2022,2,11:32,-1,W06000016,W06000016,W06000016,3,473,6,30,9,19,4,6,0,0,0,0,1,1,1,4,0,13,2,1,-1,W01001190,-1,0,1,0
2022522205433,2022,522205433,359107,173909,-2.590023,51.462669,52,3,2,1,05/06/2022,1,07:51,-1,E06000023,E06000023,E06000023,3,38,6,20,0,0,-1,0,-1,0,5,15,1,1,1,4,2,13,1,1,2,E01033367,-1,0,0.03626,0.96374
2022501151878,2022,501151878,183760,64051,-5.046471,50.436383,50,3,3,1,11/02/2022,6,08:09,-1,E06000052,E06000052,E06000052,4,3276,6,60,0,0,-1,0,-1,0,0,0,1,1,1,4,0,13,2,1,2,E01019048,3,1,0,1
2022101162945,2022,101162945,421996,583529,-1.656441,55.145626,10,3,2,4,02/04/2022,7,22:50,-1,E06000057,E06000057,E06000057,3,192,6,30,3,13,2,6,0,0,0,0,4,1,1,4,0,13,2,2,2,E01027448,3,1,0,1
2022201267138,2022,201267138,415246,292544,-1.776689,52.530556,20,3,2,2,24/06/2022,6,10:30,-1,E08000025,E08000025,E08000025,3,38,3,40,1,0,2,6,0,0,0,0,1,1,1,4,2,13,1,2,2,E01009441,3,1,0,1
202254B537722,2022,54B537722,391718,173333,-2.120595,51.458913,54,3,2,1,01/11/2022,3,18:29,-1,E06000054,E06000054,E06000054,6,0,6,30,3,13,4,6,0,0,0,0,7,1,2,4,0,13,1,1,2,E01031913,-1,0,0.04425,0.95575
2022201244170,2022,201244170,404853,291869,-1.929902,52.524677,20,3,2,1,13/02/2022,1,17:00,-1,E08000025,E08000025,E08000025,4,4124,6,30,3,13,4,6,0,0,0,0,1,1,1,4,0,13,1,1,2,E01009278,3,1,0,1
2022201273086,2022,201273086,408607,290006,-1.874619,52.507883,20,3,2,1,14/10/2022,6,22:40,-1,E08000025,E08000025,E08000025,2,38,3,50,0,0,-1,0,-1,0,0,0,4,1,2,4,0,13,1,2,2,E01008899,3,1,0,1
2022201167974,2022,201167974,390645,287358,-2.139185,52.484062,20,3,3,3,28/03/2022,2,16:21,-1,E08000027,E08000027,E08000027,4,4180,6,30,3,13,4,6,0,0,0,0,1,1,1,4,0,13,1,1,2,E01009747,3,1,0,1
2022031241563,2022,031241563,330680,483948,-3.065303,54.246505,3,2,2,1,12/11/2022,7,13:55,-1,E07000031,E10000006,E06000064,3,5092,6,60,3,13,2,6,0,0,0,0,1,9,2,4,0,13,2,3,2,E01019351,7,1,1,0
2022302201683,2022,302201683,439744,352638,-1.408295,53.069509,30,3,2,1,16/09/2022,6,21:10,-1,E07000032,E10000007,E10000007,3,38,3,70,0,0,-1,0,-1,0,0,0,6,1,1,4,0,13,2,1,1,E01019477,-1,0,0.0397,0.9603
2022471203524,2022,471203524,579846,111095,0.554686,50.871378,47,3,2,1,28/07/2022,5,13:50,-1,E07000062,E10000011,E10000011,4,2159,6,30,6,16,4,6,0,0,0,0,1,1,1,4,0,13,1,1,2,E01021019,3,1,0,1
2022361133282,2022,361133282,591468,329023,0.840324,52.824718,36,3,2,1,06/01/2022,5,17:03,-1,E07000147,E10000020,E10000020,4,1146,6,40,6,16,4,6,0,0,0,0,6,2,2,4,0,13,2,1,2,E01026780,3,1,0,1
2022371245664,2022,371245664,623777,247330,1.264332,52.079078,37,3,2,1,04/11/2022,6,10:20,-1,E07000244,E10000029,E10000029,6,0,6,60,3,13,4,6,0,0,0,0,1,1,2,4,0,13,2,2,2,E01030175,3,1,0,1
2022991168226,2022,991168226,241497,661864,-4.531732,55.823923,99,3,1,1,20/04/2022,4,15:31,-1,S12000038,S12000038,S12000038,4,787,6,30,3,13,4,6,0,0,4,14,1,1,1,4,0,13,1,1,-1,-1,3,1,0,1
20225222SG485,2022,5222SG485,357061,180369,-2.62026,51.520598,52,3,2,2,27/06/2022,2,12:50,-1,E06000025,E06000025,E06000025,3,4018,3,30,0,0,-1,0,-1,0,0,0,1,1,1,4,0,13,1,1,2,E01014861,-1,0,0.04283,0.95717
2022010378072,2022,010378072,518010,180823,-0.300745,51.514018,1,2,1,2,23/05/2022,2,12:45,-1,E09000009,E09000009,E09000009,3,4020,6,20,3,13,4,6,0,0,4,14,1,1,1,4,0,13,1,1,2,E01001221,-1,0,1,0
2022010398336,2022,010398336,543920,191185,0.076643,51.601125,1,3,3,1,08/09/2022,5,18:03,-1,E09000026,E09000026,E09000026,5,0,6,30,3,13,4,6,0,0,0,0,1,1,1,4,0,13,1,1,2,E01003700,-1,0,0,1
2022371223199,2022,371223199,564714,263496,0.41119,52.245,37,3,1,1,09/08/2022,3,14:40,-1,E07000245,E10000029,E10000029,4,1063,6,30,0,0,-1,0,-1,0,0,0,1,1,1,4,0,13,1,2,2,E01029925,3,1,0,1
2022991186232,2022,991186232,257990,667380,-4.271591,55.87858,99,2,2,1,31/05/2022,3,08:40,-1,S12000049,S12000049,S12000049,6,0,6,30,3,13,4,6,0,0,0,0,1,1,1,4,0,13,1,2,-1,-1,7,1,1,0
2022010393664,2022,010393664,523624,185870,-0.218112,51.558176,1,3,13,3,12/08/2022,6,08:14,-1,E09000005,E09000005,E09000005,6,0,2,30,0,0,-1,0,-1,0,0,0,1,1,1,4,0,13,1,1,2,E01000553,-1,0,0,1
2022451205087,2022,451205087,527413,150504,-0.176171,51.239498,45,3,1,1,02/08/2022,3,16:17,-1,E07000211,E10000030,E10000030,6,0,6,30,0,0,-1,0,-1,0,0,0,1,1,1,4,0,13,1,1,2,E01030615,3,1,0,1
2022451244377,2022,451244377,504297,171916,-0.500912,51.436653,45,3,1,1,19/11/2022,7,00:56,-1,E07000213,E10000030,E10000030,3,308,3,30,0,0,-1,0,-1,2,8,12,4,1,1,4,0,13,1,1,2,E01030734,3,1,0,1
2022221227093,2022,221227093,394091,268302,-2.088099,52.312796,22,3,2,2,03/10/2022,2,12:20,-1,E07000238,E10000034,E10000034,3,38,6,50,0,0,-1,0,-1,0,0,0,1,1,1,4,0,13,2,1,2,E01032354,3,1,0,1
2022461226994,2022,461226994,576781,167078,0.538601,51.375235,46,2,2,1,16/08/2022,3,18:00,-1,E06000035,E06000035,E06000035,6,0,6,30,3,13,2,6,0,0,5,15,1,1,1,4,0,13,1,1,2,E01016069,5,1,1,0
2022010403586,2022,010403586,532201,179021,-0.097027,51.494685,1,3,1,3,08/10/2022,7,22:00,-1,E09000028,E09000028,E09000028,3,201,6,30,3,13,4,6,0,0,1,13,4,8,1,4,2,13,1,1,2,E01032720,-1,0,0,1
2022332200610,2022,332200610,466905,296085,-1.014546,52.5585,33,3,2,1,25/07/2022,2,13:30,-1,E07000131,E10000018,E10000018,3,6,3,60,3,13,4,5,0,0,0,0,1,1,1,4,0,13,2,1,2,E01025783,-1,0,0.07805,0.92195
2022430212995,2022,430212995,459880,188370,-1.137025,51.591009,43,3,3,1,17/05/2022,3,08:20,-1,E07000179,E10000025,E10000025,3,4130,6,60,0,0,-1,0,-1,0,0,0,1,1,1,4,0,13,2,1,2,E01028617,-1,0,0.02569,0.97431
2022161203262,2022,161203262,527756,409545,-0.072387,53.56697,16,2,2,1,25/07/2022,2,21:30,-1,E06000012,E06000012,E06000012,6,0,6,30,7,17,4,6,0,0,0,0,4,1,1,4,0,13,1,2,2,E01013142,7,1,1,0
2022052202320,2022,052202320,351930,392589,-2.724906,53.427889,5,2,2,2,19/09/2022,2,16:45,-1,E08000013,E08000013,E08000013,3,569,3,30,3,13,2,4,5204,0,0,0,1,1,1,4,0,13,1,1,2,E01006912,-1,0,1,0
2022141192123,2022,141192123,435111,400766,-1.472134,53.502424,14,3,1,1,26/06/2022,1,14:41,-1,E08000016,E08000016,E08000038,3,6195,3,60,0,0,-1,0,-1,0,0,0,1,1,1,4,0,13,2,1,2,E01007424,3,1,0,1
2022991217844,2022,991217844,326643,675273,-3.176706,55.96484,99,3,1,1,05/09/2022,2,11:10,-1,S12000036,S12000036,S12000036,3,900,6,30,0,0,-1,0,-1,0,8,17,1,8,1,4,0,13,1,2,-1,-1,3,1,0,1
202263D025822,2022,63D025822,285205,230969,-3.67229,51.96531,63,2,1,1,15/04/2022,6,14:50,-1,W06000023,W06000023,W06000023,3,40,6,30,0,0,-1,0,-1,0,0,0,1,1,1,4,0,13,2,1,-1,W01000474,-1,0,1,0
2022070242207,2022,070242207,361727,393482,-2.577582,53.436719,7,3,2,1,08/04/2022,6,20:35,-1,E06000007,E06000007,E06000007,1,6,3,70,0,0,-1,0,-1,0,0,0,4,1,1,4,0,13,2,1,1,E01012468,-1,0,0.04387,0.95613
2022311155300,2022,311155300,456183,336444,-1.165785,52.922482,31,2,1,1,19/03/2022,7,09:40,-1,E06000018,E06000018,E06000018,4,679,3,30,0,0,-1,0,-1,0,0,0,1,1,1,4,0,13,2,1,2,E01013902,6,1,1,0
2022111243271,2022,111243271,429737,533176,-1.540181,54.692752,11,3,2,1,17/11/2022,5,00:45,-1,E06000047,E06000047,E06000047,6,0,6,30,0,0,-1,0,-1,0,0,0,6,2,2,4,0,13,2,1,2,E01020808,3,1,0,1
2022201274647,2022,201274647,396100,293139,-2.058928,52.5361,20,3,2,3,10/11/2022,5,08:57,-1,E08000028,E08000028,E08000028,4,4163,6,20,0,0,-1,0,-1,0,1,13,1,1,1,4,0,13,1,1,2,E01010033,3,1,0,1
2022211133499,2022,211133499,390379,325794,-2.144237,52.829584,21,3,2,1,16/01/2022,1,15:30,-1,E07000197,E10000028,E10000028,1,6,3,70,0,0,-1,0,-1,0,0,0,1,1,2,4,0,13,1,1,1,E01029743,3,1,0,1
2022451235723,2022,451235723,506149,170755,-0.474626,51.425874,45,2,2,1,28/10/2022,6,18:45,-1,E07000213,E10000030,E10000030,4,377,1,30,2,0,4,6,0,0,8,17,4,1,1,4,0,13,2,1,2,E01030739,7,1,1,0
2022421169928,2022,421169928,568340,183542,0.425267,51.525703,42,2,2,2,25/04/2022,2,21:25,-1,E06000034,E06000034,E06000034,3,13,3,70,0,0,-1,0,-1,0,0,0,4,1,1,4,0,13,2,1,2,E01015979,6,1,1,0
2022070598969,2022,070598969,364823,371217,-2.5285,53.236812,7,3,3,2,15/08/2022,2,16:27,-1,E06000050,E06000050,E06000050,3,556,3,70,0,0,-1,0,-1,0,0,0,1,1,1,4,0,13,2,1,2,E01018683,-1,0,0.09789,0.90211
2022010403245,2022,010403245,553956,190090,0.220958,51.588636,1,3,2,1,06/10/2022,5,07:25,-1,E09000016,E09000016,E09000016,6,0,7,30,0,0,-1,0,-1,0,8,17,1,8,1,4,0,13,1,3,2,E01002295,-1,0,0,1
2022451195353,2022,451195353,506012,171664,-0.476324,51.43407,45,3,1,1,05/07/2022,3,14:20,-1,E07000213,E10000030,E10000030,6,0,6,30,0,0,-1,0,-1,2,0,12,1,1,1,4,0,13,1,1,2,E01030714,3,1,0,1
2022451245869,2022,451245869,522012,160547,-0.250074,51.33094,45,3,2,1,22/09/2022,5,21:46,-1,E07000208,E10000030,E10000030,6,0,6,30,0,0,-1,0,-1,0,0,0,4,1,1,4,0,13,1,1,2,E01030379,3,1,0,1
202263A002622,2022,63A002622,228635,216546,-4.487814,51.821191,63,3,2,1,12/01/2022,4,10:20,-1,W06000010,W06000010,W06000010,3,40,3,70,3,13,4,6,0,0,0,0,1,1,1,4,0,13,2,1,-1,W01000720,-1,0,0.06857,0.93143
202263A104322,2022,63A104322,258457,247271,-4.06812,52.105609,63,3,1,1,12/12/2022,2,10:40,-1,W06000010,W06000010,W06000010,3,482,6,40,3,13,4,4,4343,0,0,0,1,1,2,4,0,13,2,1,-1,W01000701,-1,0,0.14269,0.85731
2022010360934,2022,010360934,534930,175779,-0.058977,51.464907,1,3,2,1,17/02/2022,5,17:10,-1,E09000028,E09000028,E09000028,3,2214,6,20,3,13,4,6,0,0,0,0,4,1,1,4,0,13,1,1,2,E01004064,-1,0,0,1
2022421148450,2022,421148450,565565,222322,0.403699,51.874895,42,2,2,2,28/02/2022,2,14:17,-1,E07000077,E10000012,E10000012,4,1256,6,60,9,19,4,6,0,0,0,0,1,1,1,4,0,13,2,1,2,E01033052,5,1,1,0
2022231187119,2022,231187119,437826,262272,-1.447258,52.257325,23,3,2,1,31/05/2022,3,13:00,-1,E07000221,E10000031,E10000031,3,425,6,50,0,0,-1,0,-1,0,0,0,1,1,1,4,0,13,2,3,2,E01031210,3,1,0,1
2022070554448,2022,070554448,370841,354522,-2.436811,53.087112,7,3,2,1,01/08/2022,2,07:02,-1,E06000049,E06000049,E06000049,4,5071,6,30,9,19,4,5,0,0,0,0,1,1,1,4,0,13,1,2,2,E01018445,-1,0,0.01942,0.98058
2022061207051,2022,061207051,371995,408785,-2.424398,53.574912,6,2,1,1,18/07/2022,2,08:48,-1,E08000001,E08000001,E08000001,3,575,6,30,3,13,4,3,579,0,0,0,1,1,1,4,0,13,1,1,2,E01004848,5,1,1,0
2022010404954,2022,010404954,532888,182542,-0.085811,51.526165,1,2,2,1,16/10/2022,1,20:55,-1,E09000012,E09000012,E09000012,3,5201,3,20,3,13,4,6,0,0,5,15,4,2,2,4,0,13,1,1,2,E01001780,-1,0,1,0
2022010399520,2022,010399520,536796,172955,-0.033222,51.439082,1,3,2,1,15/09/2022,5,14:25,-1,E09000023,E09000023,E09000023,3,212,6,20,3,13,4,6,0,0,1,13,1,1,1,4,2,13,1,1,2,E01003308,-1,0,0,1
2022010402797,2022,010402797,532095,179695,-0.098301,51.500766,1,3,3,1,04/10/2022,3,18:45,-1,E09000028,E09000028,E09000028,5,0,6,30,3,13,4,6,0,0,0,0,4,1,1,4,2,13,1,1,2,E01003927,-1,0,0,1
2022421139969,2022,421139969,556960,192123,0.265194,51.606073,42,3,2,3,03/02/2022,5,22:51,-1,E07000068,E10000012,E10000012,1,25,7,70,0,0,-1,0,-1,0,0,0,4,1,1,4,0,13,2,1,1,E01021468,3,1,0,1
2022320307849,2022,320307849,530457,343438,-0.058724,52.972432,32,3,1,1,29/05/2022,1,13:00,-1,E07000136,E10000019,E10000019,3,1121,6,30,1,0,4,3,52,0,0,0,1,1,1,4,0,13,2,1,2,E01026039,-1,0,0.08165,0.91835
202263D011122,2022,63D011122,319682,306817,-3.188733,52.653112,63,3,2,3,11/02/2022,6,09:25,-1,W06000023,W06000023,W06000023,3,458,6,60,0,0,-1,0,-1,0,0,0,1,1,1,4,0,13,2,1,-1,W01000501,-1,0,0.28631,0.71369
2022531197936,2022,531197936,383860,216191,-2.235689,51.844085,53,2,2,1,12/07/2022,3,20:37,-1,E07000081,E10000013,E10000013,3,38,6,40,0,0,-1,0,-1,0,0,0,1,1,1,4,0,13,1,1,2,E01022323,7,1,1,0
2022991146689,2022,991146689,278831,690674,-3.949182,56.093444,99,3,1,1,23/02/2022,4,13:20,-1,S12000030,S12000030,S12000030,1,9,3,70,0,0,-1,0,-1,0,0,0,1,5,5,4,0,13,2,1,-1,-1,3,1,0,1
2022141213286,2022,141213286,443407,389223,-1.34866,53.398059,14,2,2,1,28/08/2022,1,14:45,-1,E08000018,E08000018,E08000018,3,630,1,40,1,0,2,1,1,0,0,0,1,1,1,4,0,13,2,1,2,E01007706,7,1,1,0
2022440091188,2022,440091188,480108,150246,-0.853692,51.245774,44,3,2,1,06/03/2022,1,21:31,-1,E07000089,E10000014,E10000014,3,287,6,30,0,0,-1,0,-1,0,0,0,6,1,1,4,0,13,2,1,2,E01022856,-1,0,0,1
2022991212565,2022,991212565,261670,660300,-4.209206,55.816085,99,3,2,1,22/08/2022,2,15:00,-1,S12000029,S12000029,S12000029,6,0,6,30,3,13,2,3,730,0,0,0,1,1,1,4,0,13,1,2,-1,-1,3,1,0,1
2022991215247,2022,991215247,326523,675029,-3.178561,55.96263,99,3,1,1,03/09/2022,7,15:51,-1,S12000036,S12000036,S12000036,6,0,6,20,0,0,-1,0,-1,0,1,13,1,1,1,4,0,13,1,1,-1,-1,3,1,0,1
202260B019418,2022,60B019418,337296,358073,-2.938295,53.116135,60,3,1,1,10/02/2022,5,15:55,-1,W06000006,W06000006,W06000006,6,0,6,30,3,13,1,6,0,0,0,0,1,1,1,4,0,13,2,1,-1,W01000417,-1,0,0.09724,0.90276
2022161164359,2022,161164359,473339,426392,-0.889871,53.728781,16,3,3,2,09/04/2022,7,12:19,-1,E06000011,E06000011,E06000011,3,614,6,30,0,0,-1,0,-1,0,0,0,1,1,1,4,0,13,2,1,2,E01013016,3,1,0,1
2022010385822,2022,010385822,533898,190626,-0.068184,51.598572,1,3,2,1,01/07/2022,6,16:20,-1,E09000014,E09000014,E09000014,3,1010,6,20,6,16,2,3,109,0,5,15,1,1,1,4,0,13,1,1,2,E01001978,-1,0,0,1
2022421224488,2022,421224488,579374,211909,0.598692,51.777102,42,3,1,1,29/09/2022,5,11:10,-1,E07000067,E10000012,E10000012,4,1137,6,30,0,0,-1,0,-1,0,0,0,1,1,1,4,0,13,2,1,2,E01021395,3,1,0,1
2022421241179,2022,421241179,561008,194861,0.324855,51.629529,42,3,2,1,14/10/2022,6,10:20,-1,E07000068,E10000012,E10000012,3,129,6,30,3,13,4,6,0,0,0,0,1,1,1,4,0,13,1,3,2,E01021465,3,1,0,1
2022041183059,2022,041183059,352874,434077,-2.716992,53.800849,4,3,2,1,30/05/2022,2,17:20,-1,E07000123,E10000017,E10000017,1,55,3,70,0,0,-1,0,-1,0,0,0,1,1,1,4,0,13,2,1,1,E01025277,3,1,0,1
2022041251948,2022,041251948,369098,430596,-2.470326,53.770783,4,3,2,2,09/12/2022,6,09:53,-1,E06000008,E06000008,E06000008,3,6119,3,50,0,0,-1,0,-1,0,5,15,1,1,2,4,2,13,2,1,2,E01012607,3,1,0,1
2022501232115,2022,501232115,174913,47204,-5.160785,50.281779,50,3,2,1,19/10/2022,4,10:40,-1,E06000052,E06000052,E06000052,3,30,6,60,0,0,-1,0,-1,0,0,0,1,2,2,4,0,13,2,1,1,E01018843,3,1,0,1
2022010356165,2022,010356165,556461,192176,0.258017,51.606687,1,3,2,1,22/01/2022,7,12:30,-1,E09000016,E09000016,E09000016,3,12,3,70,0,0,-1,0,-1,0,0,0,1,1,2,4,0,13,2,1,2,E01002296,-1,0,0,1
2022010369730,2022,010369730,511455,176417,-0.396558,51.475747,1,3,2,1,07/04/2022,5,18:30,-1,E09000018,E09000018,E09000018,3,4,2,40,0,0,-1,0,-1,0,1,13,1,1,1,4,0,13,1,3,2,E01002635,-1,0,0,1
2022302200946,2022,302200946,437835,369785,-1.434765,53.223773,30,3,2,1,06/06/2022,2,12:05,-1,E07000034,E10000007,E10000007,6,0,1,30,1,0,4,6,0,0,8,17,1,1,1,4,0,13,1,1,2,E01019578,-1,0,0.02363,0.97637
2022531249855,2022,531249855,372526,225902,-2.400983,51.930948,53,2,1,1,05/12/2022,2,06:40,-1,E07000080,E10000013,E10000013,6,0,6,30,9,19,2,6,0,0,0,0,6,1,2,4,0,13,2,1,2,E01022262,7,1,1,0
2022440235179,2022,440235179,481534,155328,-0.832109,51.291259,44,3,2,1,13/06/2022,2,11:46,-1,E07000089,E10000014,E10000014,4,3013,6,30,3,13,4,6,0,0,8,17,1,1,1,4,0,13,1,2,2,E01032857,-1,0,0,1
2022361258477,2022,361258477,627986,312497,1.369909,52.662222,36,3,2,2,09/12/2022,6,09:33,-1,E07000144,E10000020,E10000020,3,1270,3,70,0,0,-1,0,-1,0,0,0,1,1,2,4,0,13,2,1,2,E01026578,3,1,0,1
2022371153481,2022,371153481,570573,276835,0.503673,52.363024,37,2,4,2,04/02/2022,6,08:55,-1,E07000245,E10000029,E10000029,3,1101,6,60,0,0,-1,0,-1,0,0,0,1,2,2,4,0,13,1,1,2,E01032525,6,1,1,0
2022421209420,2022,421209420,550182,214387,0.176976,51.807954,42,3,2,1,23/07/2022,7,03:20,-1,E07000072,E10000012,E10000012,1,11,3,70,0,0,-1,0,-1,0,0,0,6,1,1,4,0,13,2,2,1,E01021795,3,1,0,1
2022430051624,2022,430051624,471087,204697,-0.971961,51.736485,43,2,1,1,03/02/2022,5,17:26,-1,E07000179,E10000025,E10000025,4,4012,6,50,0,0,-1,0,-1,0,0,0,1,1,1,4,0,13,2,1,2,E01028672,-1,0,1,0
2022221178817,2022,221178817,389670,257817,-2.152624,52.218467,22,1,3,1,16/05/2022,2,13:25,-1,E07000238,E10000034,E10000034,1,5,3,70,0,0,-1,0,-1,0,0,0,1,1,1,4,0,13,2,1,1,E01032346,1,1,0,0
202260B109849,2022,60B109849,298772,380270,-3.52074,53.309663,60,2,1,1,25/07/2022,2,09:10,-1,W06000003,W06000003,W06000003,6,0,6,30,0,0,-1,0,-1,0,0,0,1,1,1,4,0,13,1,1,-1,W01000149,-1,0,1,0
2022010397249,2022,010397249,531459,161390,-0.114241,51.336413,1,2,2,1,02/09/2022,6,10:44,-1,E09000008,E09000008,E09000008,3,22,6,30,0,0,-1,0,-1,0,1,13,1,1,1,4,2,13,1,1,2,E01001097,-1,0,1,0
2022010359133,2022,010359133,525377,178046,-0.195619,51.487475,1,3,1,1,07/02/2022,2,15:11,-1,E09000020,E09000020,E09000020,3,3218,6,20,0,0,-1,0,-1,0,5,15,1,1,1,4,0,13,1,1,2,E01002894,-1,0,0,1
2022010368590,2022,010368590,545850,191027,0.104425,51.599209,1,2,3,2,31/03/2022,5,19:20,-1,E09000026,E09000026,E09000026,5,0,6,30,0,0,-1,0,-1,0,0,0,1,1,1,4,0,13,2,1,2,E01003640,-1,0,1,0
2022302201231,2022,302201231,443932,367265,-1.343796,53.200655,30,3,2,1,23/07/2022,7,12:20,-1,E07000038,E10000007,E10000007,3,617,6,70,0,0,-1,0,-1,0,0,0,1,1,1,4,0,13,2,1,2,E01019799,-1,0,0.01529,0.98471
2022471161499,2022,471161499,534768,120135,-0.0822,50.964883,47,3,2,2,31/03/2022,5,20:33,-1,E07000063,E10000011,E10000011,6,0,6,30,6,16,4,6,0,0,0,0,4,1,1,4,0,13,2,1,2,E01021023,3,1,0,1
2022430509371,2022,430509371,448270,212241,-1.301305,51.806733,43,3,2,1,11/11/2022,6,17:40,-1,E07000177,E10000025,E10000025,3,44,6,50,1,0,4,6,0,0,8,17,4,1,1,4,0,13,2,3,2,E01028511,-1,0,0.00341,0.99659
2022161265365,2022,161265365,509485,432234,-0.340144,53.774943,16,3,3,2,20/12/2022,3,17:00,-1,E06000010,E06000010,E06000010,6,0,6,30,9,19,2,6,0,0,0,0,4,1,2,4,0,13,1,1,2,E01012817,3,1,0,1
2022311144315,2022,311144315,455990,341706,-1.167749,52.969798,31,2,1,1,02/02/2022,4,08:30,-1,E06000018,E06000018,E06000018,6,0,6,20,6,16,4,6,0,0,0,0,1,1,1,4,0,13,1,2,2,E01013842,7,1,1,0
2022111150175,2022,111150175,426727,537621,-1.58647,54.732865,11,3,2,1,03/03/2022,5,16:19,-1,E06000047,E06000047,E06000047,6,0,6,40,0,0,-1,0,-1,0,0,0,1,1,1,4,0,13,2,3,2,E01020696,3,1,0,1
2022542463722,2022,542463722,414527,129411,-1.794071,51.063855,54,3,1,1,09/03/2022,4,20:05,-1,E06000054,E06000054,E06000054,6,0,6,30,0,0,-1,0,-1,0,4,14,4,1,1,4,0,13,1,1,2,E01032022,-1,0,0.14402,0.85598
202234NNC3332,2022,34NNC3332,479802,287555,-0.826392,52.480097,34,3,2,2,17/05/2022,3,09:00,-1,E06000061,E06000061,E06000061,3,427,6,60,0,0,-1,0,-1,0,0,0,1,1,1,4,0,13,2,1,2,E01027129,-1,0,0,1
2022501148312,2022,501148312,250982,57558,-4.098091,50.398962,50,3,2,1,08/02/2022,3,07:35,-1,E06000026,E06000026,E06000026,4,3413,6,60,0,0,-1,0,-1,0,0,0,1,1,2,4,0,13,2,1,2,E01015069,3,1,0,1
2022440074121,2022,440074121,444926,110870,-1.362571,50.895572,44,3,2,1,21/02/2022,2,17:45,-1,E06000045,E06000045,E06000045,3,3025,6,30,0,0,-1,0,-1,0,0,0,4,1,1,4,0,13,1,2,2,E01017275,-1,0,0,1
2022131171838,2022,131171838,430055,435497,-1.545009,53.814894,13,3,3,1,01/05/2022,1,13:10,-1,E08000035,E08000035,E08000035,6,0,6,30,0,0,-1,0,-1,0,0,0,1,1,1,4,0,13,1,1,2,E01011670,3,1,0,1
2022201161588,2022,201161588,391175,298625,-2.131684,52.58536,20,3,1,1,03/03/2022,5,12:02,-1,E08000031,E08000031,E08000031,6,0,6,30,6,16,2,6,0,0,5,15,1,1,1,4,0,13,1,2,2,E01010521,3,1,0,1
2022010385875,2022,010385875,511888,171955,-0.391736,51.435557,1,3,1,1,01/07/2022,6,18:45,-1,E09000018,E09000018,E09000018,3,314,6,30,9,19,4,6,0,0,0,0,1,1,1,4,6,13,1,1,2,E01002608,-1,0,0,1
2022041213388,2022,041213388,345312,420723,-2.829426,53.680094,4,3,2,1,28/08/2022,1,15:45,-1,E07000127,E10000017,E10000017,6,0,6,30,3,13,2,6,0,0,0,0,1,5,1,4,0,13,2,2,2,E01025533,3,1,0,1
2022991257859,2022,991257859,279880,694635,-3.934116,56.129276,99,2,2,2,28/12/2022,4,20:18,-1,S12000030,S12000030,S12000030,3,9,6,30,9,19,2,4,823,0,4,14,4,2,2,4,0,13,1,1,-1,-1,7,1,1,0
202263C021222,2022,63C021222,209939,205820,-4.752889,51.718817,63,3,2,1,23/03/2022,4,21:05,-1,W06000009,W06000009,W06000009,3,477,6,60,6,16,2,4,4586,0,0,0,4,1,1,4,0,13,2,1,-1,W01000563,-1,0,0.07333,0.92667
2022221144240,2022,221144240,370570,305492,-2.436409,52.646361,22,3,2,1,15/02/2022,3,07:25,-1,E06000020,E06000020,E06000020,3,442,3,70,5,0,4,3,442,0,0,0,1,2,2,4,0,13,2,3,2,E01014109,3,1,0,1
2022111249028,2022,111249028,419745,552990,-1.693853,54.871297,11,3,2,1,27/11/2022,1,12:40,-1,E06000047,E06000047,E06000047,3,693,3,40,0,0,-1,0,-1,0,0,0,1,1,1,4,0,13,1,3,2,E01020661,3,1,0,1
202234WNC5282,2022,34WNC5282,474855,255436,-0.906363,52.192094,34,3,2,2,29/08/2022,2,15:35,-1,E06000062,E06000062,E06000062,1,1,3,70,0,0,-1,0,-1,0,0,0,1,1,1,4,0,13,1,3,1,E01032985,-1,0,0,1
2022201270793,2022,201270793,393143,299505,-2.102656,52.593299,20,3,2,1,16/07/2022,7,12:02,-1,E08000031,E08000031,E08000031,3,4124,3,30,6,16,2,6,0,0,5,15,5,1,1,4,0,13,1,1,2,E01010473,3,1,0,1
2022010363572,2022,010363572,513329,184596,-0.36696,51.548886,1,3,2,1,03/03/2022,5,20:20,-1,E09000009,E09000009,E09000009,3,312,6,20,3,13,2,6,0,9,9,99,4,9,1,4,9,13,1,3,2,E01001322,-1,0,0,1
2022010373470,2022,010373470,532884,182554,-0.085864,51.526274,1,3,2,1,28/04/2022,5,09:54,-1,E09000012,E09000012,E09000012,3,5201,1,20,3,13,2,6,0,0,1,13,1,1,1,4,2,13,1,3,2,E01001780,-1,0,0,1
2022161226730,2022,161226730,517551,468234,-0.203977,54.096588,16,3,2,1,17/02/2022,5,09:00,-1,E06000011,E06000011,E06000011,4,1255,6,20,0,0,-1,0,-1,0,0,0,1,1,1,4,0,13,1,2,2,E01012934,3,1,0,1
2022052201354,2022,052201354,335761,391882,-2.968067,53.41981,5,3,2,1,04/06/2022,7,18:00,-1,E08000012,E08000012,E08000012,3,5050,6,30,0,0,-1,0,-1,0,0,0,1,1,1,4,0,13,1,1,2,E01006564,-1,0,0.01226,0.98774
2022141129742,2022,141129742,432628,406249,-1.508997,53.551865,14,3,2,1,08/01/2022,7,11:57,-1,E08000016,E08000016,E08000038,6,0,6,30,3,13,4,6,0,0,0,0,1,2,2,4,3,13,1,1,2,E01007442,3,1,0,1
2022010371574,2022,010371574,548325,174296,0.133095,51.448233,1,3,2,1,16/04/2022,7,10:10,-1,E09000004,E09000004,E09000004,3,2,3,70,0,0,-1,0,-1,0,0,0,1,1,1,4,2,13,1,1,2,E01000349,-1,0,0,1
2022010398044,2022,010398044,538241,177411,-0.010705,51.478774,1,2,1,1,07/09/2022,4,08:30,-1,E09000011,E09000011,E09000011,3,206,6,30,3,13,4,4,209,0,4,14,1,1,2,4,0,13,1,1,2,E01001641,-1,0,1,0
2022461205200,2022,461205200,585435,162019,0.660167,51.327037,46,3,1,1,21/07/2022,5,20:59,-1,E07000110,E10000016,E10000016,1,2,7,70,1,0,2,3,249,0,0,0,4,1,1,4,0,13,2,1,1,E01024387,3,1,0,1
2022991165438,2022,991165438,259599,664797,-4.244555,55.855861,99,2,1,1,11/04/2022,2,16:15,-1,S12000049,S12000049,S12000049,3,8,6,20,3,13,4,6,0,0,4,14,1,1,1,4,0,13,1,1,-1,-1,7,1,1,0
2022010361781,2022,010361781,525567,181093,-0.191801,51.514817,1,3,1,1,23/02/2022,4,10:52,-1,E09000033,E09000033,E09000033,6,0,6,20,0,0,-1,0,-1,0,0,0,1,1,1,4,2,13,1,1,2,E01004699,-1,0,0,1
2022101201531,2022,101201531,435657,556124,-1.445529,54.898581,10,3,3,1,20/07/2022,4,14:35,-1,E08000024,E08000024,E08000024,5,0,6,20,0,0,-1,0,-1,0,8,17,1,1,1,4,0,13,1,2,2,E01008730,3,1,0,1
2022430490221,2022,430490221,443650,232822,-1.365708,51.992141,43,3,1,1,31/10/2022,2,15:11,-1,E07000177,E10000025,E10000025,6,0,6,30,0,0,-1,0,-1,0,0,0,1,1,1,4,0,13,2,1,2,E01028482,-1,0,0.02124,0.97876
2022610052922,2022,610052922,329934,194064,-3.013918,51.640996,61,3,2,2,21/09/2022,4,20:32,-1,W06000020,W06000020,W06000020,6,0,6,30,0,0,-1,0,-1,0,0,0,1,1,1,4,0,13,1,1,-1,W01001504,-1,0,0.03601,0.96399
2022131147875,2022,131147875,429973,434198,-1.54638,53.803224,13,2,1,2,27/02/2022,1,00:20,-1,E08000035,E08000035,E08000035,3,660,6,30,6,16,4,6,0,0,0,0,4,1,1,4,2,13,1,1,2,E01033010,6,1,1,0
2022060935790,2022,060935790,379648,384598,-2.307251,53.357866,6,2,2,1,20/12/2022,3,10:36,-1,E08000003,E08000003,E08000003,1,56,3,70,0,0,-1,0,-1,0,0,0,1,1,2,4,2,13,2,1,1,E01005316,-1,0,1,0
2022141138127,2022,141138127,454672,397039,-1.177907,53.467263,14,3,4,2,30/01/2022,1,13:00,-1,E08000017,E08000017,E08000017,1,18,3,70,0,0,-1,0,-1,0,0,0,1,1,1,4,0,13,2,1,1,E01007545,3,1,0,1
2022481225681,2022,481225681,532588,181567,-0.090499,51.517474,48,3,2,1,02/05/2022,2,16:42,-1,E09000001,E09000001,E09000001,3,1211,3,20,0,0,-1,0,-1,0,0,0,1,1,1,4,0,13,1,1,2,E01000002,3,1,0,1
2022411224524,2022,411224524,549820,223231,0.175558,51.88751,41,3,2,1,30/08/2022,3,13:22,-1,E07000242,E10000015,E10000015,3,120,6,60,0,0,-1,0,-1,0,0,0,1,1,1,4,0,13,2,1,2,E01023450,3,1,0,1
2022041183429,2022,041183429,337684,439491,-2.948689,53.847902,4,2,4,1,29/05/2022,1,11:50,-1,E07000119,E10000017,E10000017,3,585,6,60,0,0,-1,0,-1,0,0,0,1,1,1,4,0,13,1,2,1,E01025026,7,1,1,0
2022041250082,2022,041250082,352872,428897,-2.716229,53.754295,4,3,2,2,02/12/2022,6,06:30,-1,E07000123,E10000017,E10000017,4,5254,6,30,6,16,2,6,0,0,0,0,4,1,1,4,0,13,1,1,2,E01025289,3,1,0,1
202263D036222,2022,63D036222,321955,218757,-3.13475,51.861917,63,3,3,2,16/05/2022,2,13:00,-1,W06000023,W06000023,W06000023,6,0,6,30,0,0,-1,0,-1,0,0,0,1,1,2,4,0,13,2,1,-1,W01001903,-1,0,0.16886,0.83114
2022221195506,2022,221195506,374993,307701,-2.371207,52.666442,22,2,2,1,27/06/2022,2,18:08,-1,E06000051,E06000051,E06000051,6,0,6,30,9,19,4,6,0,0,0,0,1,1,1,4,0,13,2,1,2,E01028856,7,1,1,0
2022010376258,2022,010376258,526246,175089,-0.184166,51.460708,1,3,2,1,13/05/2022,6,06:39,-1,E09000032,E09000032,E09000032,3,214,7,40,5,0,4,6,0,0,5,15,1,1,1,4,0,13,1,3,2,E01004514,-1,0,0,1
2022010352927,2022,010352927,526929,180793,-0.172291,51.511817,1,3,2,1,01/01/2022,7,13:32,-1,E09000033,E09000033,E09000033,3,402,6,20,3,13,2,3,402,0,9,0,1,1,1,4,9,13,1,3,2,E01004689,-1,0,0,1
2022061157421,2022,061157421,383263,389432,-2.253194,53.401444,6,3,2,1,25/03/2022,6,12:25,-1,E08000003,E08000003,E08000003,4,5168,6,30,3,13,4,4,5166,0,0,0,1,1,1,4,0,13,1,1,2,E01005263,3,1,0,1
2022052201666,2022,052201666,337488,389205,-2.941553,53.395958,5,3,2,1,08/07/2022,6,18:00,-1,E08000012,E08000012,E08000012,3,562,6,30,3,13,4,6,0,0,0,0,1,1,1,4,0,13,1,1,2,E01006556,-1,0,0.11717,0.88283
2022010392093,2022,010392093,528163,178319,-0.155416,51.489305,1,2,2,1,04/08/2022,5,08:15,-1,E09000020,E09000020,E09000020,3,3216,6,20,0,0,-1,0,-1,0,8,17,1,1,1,4,0,13,2,3,2,E01002902,-1,0,1,0
2022421147970,2022,421147970,550275,214587,0.178411,51.809726,42,3,2,3,27/02/2022,1,15:16,-1,E07000072,E10000012,E10000012,1,11,3,70,0,0,-1,0,-1,0,0,0,1,1,1,4,2,13,2,1,1,E01021768,3,1,0,1
2022991223387,2022,991223387,257757,660370,-4.271636,55.815576,99,2,1,1,07/09/2022,4,17:15,-1,S12000049,S12000049,S12000049,6,0,6,20,0,0,-1,0,-1,0,0,0,1,1,1,4,0,13,1,2,-1,-1,7,1,1,0
202260B005468,2022,60B005468,319832,372284,-3.202731,53.241505,60,3,1,1,13/01/2022,5,10:22,-1,W06000005,W06000005,W06000005,6,0,9,30,0,0,-1,0,-1,0,0,0,1,9,1,4,0,13,2,2,-1,W01000258,-1,0,0.08108,0.91892
2022122200126,2022,122200126,429368,488523,-1.550328,54.291494,12,2,2,5,26/01/2022,4,10:35,-1,E07000164,E06000065,E06000065,3,6055,6,60,0,0,-1,0,-1,0,0,0,1,1,2,4,0,13,2,1,2,E01033065,-1,0,1,0
2022141174271,2022,141174271,430655,388626,-1.540489,53.393585,14,3,1,1,08/05/2022,1,16:25,-1,E08000019,E08000019,E08000039,4,6076,6,30,0,0,-1,0,-1,0,1,13,1,1,1,4,0,13,1,1,2,E01008133,3,1,0,1
2022010370104,2022,010370104,526573,182219,-0.176907,51.524712,1,3,2,1,10/04/2022,1,07:30,-1,E09000033,E09000033,E09000033,3,5,6,20,3,13,2,5,0,0,0,0,1,1,1,4,0,13,1,1,2,E01004728,-1,0,0,1
2022440127182,2022,440127182,436751,118919,-1.477996,50.968525,44,3,2,2,31/03/2022,5,17:52,-1,E07000093,E10000014,E10000014,3,3057,6,60,0,0,-1,0,-1,0,0,0,1,1,2,4,0,13,2,1,2,E01023199,-1,0,0,1
2022461263248,2022,461263248,576456,154745,0.527836,51.264549,46,3,1,1,21/12/2022,4,05:41,-1,E07000110,E10000016,E10000016,3,229,6,30,0,0,-1,0,-1,0,4,14,1,1,2,4,0,13,1,1,2,E01024372,3,1,0,1
2022991220458,2022,991220458,228727,674911,-4.743578,55.936652,99,2,2,1,17/09/2022,7,16:35,-1,S12000018,S12000018,S12000018,4,788,6,30,9,19,4,6,0,0,0,0,1,1,1,4,0,13,1,1,-1,-1,7,1,1,0
202263B016222,2022,63B016222,267452,280520,-3.94993,52.406585,63,3,2,2,27/02/2022,1,15:30,-1,W06000008,W06000008,W06000008,3,44,6,30,0,0,-1,0,-1,0,0,0,1,1,1,4,0,13,2,3,-1,W01000543,-1,0,0.00888,0.99112
2022622300038,2022,622300038,297437,205561,-3.486771,51.739339,62,3,3,1,31/12/2022,7,17:10,-1,W06000016,W06000016,W06000016,6,0,6,40,2,0,4,3,465,0,0,0,4,2,2,4,0,13,2,1,-1,W01001233,-1,0,0.01358,0.98642
2022010407358,2022,010407358,536503,187289,-0.031893,51.56796,1,3,2,1,27/10/2022,5,11:35,-1,E09000031,E09000031,E09000031,3,104,9,20,0,0,-1,0,-1,0,5,15,1,1,1,4,0,13,1,3,2,E01004422,-1,0,0,1
2022221192863,2022,221192863,385324,251660,-2.215969,52.163014,22,3,2,1,22/06/2022,4,15:10,-1,E07000237,E10000034,E10000034,3,38,1,40,1,0,4,3,4440,0,0,0,1,1,1,4,0,13,2,3,2,E01032323,3,1,0,1
2022070219797,2022,070219797,339862,363878,-2.901054,53.168605,7,3,2,1,30/03/2022,4,17:18,-1,E06000050,E06000050,E06000050,3,483,6,40,0,0,-1,0,-1,0,5,15,1,2,2,4,0,13,2,1,2,E01018335,-1,0,0.02719,0.97281
2022201256386,2022,201256386,399141,298532,-2.014111,52.584596,20,3,2,2,20/04/2022,4,16:00,-1,E08000030,E08000030,E08000030,1,6,3,70,0,0,-1,0,-1,0,0,0,1,1,1,4,0,13,2,1,1,E01010362,3,1,0,1
2022010363339,2022,010363339,526848,195427,-0.168178,51.643347,1,3,3,1,03/03/2022,5,08:51,-1,E09000003,E09000003,E09000003,4,193,6,30,9,19,4,6,0,0,0,0,1,1,1,4,0,13,1,1,2,E01000170,-1,0,0,1
2022010388459,2022,010388459,539039,179682,0.001672,51.498986,1,3,2,1,14/07/2022,5,23:50,-1,E09000011,E09000011,E09000011,3,102,3,30,5,0,4,3,102,0,0,0,4,1,1,4,0,13,1,3,2,E01001667,-1,0,0,1
2022361224261,2022,361224261,622813,308033,1.290541,52.624307,36,3,1,1,14/08/2022,1,03:15,-1,E07000148,E10000020,E10000020,3,147,1,30,1,0,4,6,0,0,0,0,4,1,1,4,0,13,1,1,2,E01026822,3,1,0,1
2022430050970,2022,430050970,447282,191668,-1.318418,51.621856,43,2,2,1,03/02/2022,5,12:20,-1,E07000180,E10000025,E10000025,4,4017,6,30,0,0,-1,0,-1,0,0,0,1,1,1,4,0,13,2,1,2,E01028732,-1,0,1,0
2022371283618,2022,371283618,613902,245720,1.119447,52.068525,37,3,2,1,03/11/2022,5,13:00,-1,E07000202,E10000029,E10000029,4,1067,6,30,0,0,-1,0,-1,0,0,0,1,2,2,4,0,13,1,3,2,E01030030,3,1,0,1
2022471222089,2022,471222089,507119,103190,-0.480733,50.81836,47,3,2,1,22/09/2022,5,19:50,-1,E07000224,E10000032,E10000032,3,259,6,40,0,0,-1,0,-1,0,4,14,6,1,1,4,0,13,2,1,2,E01031388,3,1,0,1
2022141238760,2022,141238760,442282,392444,-1.365147,53.427101,14,2,3,1,05/11/2022,7,17:00,-1,E08000018,E08000018,E08000018,3,630,3,40,0,0,-1,0,-1,0,0,0,4,8,2,4,2,13,1,1,2,E01007714,6,1,1,0
2022201266290,2022,201266290,410264,278835,-1.850546,52.407428,20,3,2,1,22/06/2022,4,07:40,-1,E08000029,E08000029,E08000029,6,0,6,30,3,13,4,6,0,0,0,0,1,1,1,4,0,13,1,2,2,E01010221,3,1,0,1
2022010415021,2022,010415021,528337,184628,-0.150617,51.545963,1,3,2,1,07/12/2022,4,18:00,-1,E09000007,E09000007,E09000007,4,517,7,20,6,16,2,5,0,0,5,15,4,1,1,4,0,13,1,1,2,E01000905,-1,0,0,1
2022371218281,2022,371218281,622238,250713,1.244115,52.110064,37,3,2,2,27/07/2022,4,10:30,-1,E07000244,E10000029,E10000029,6,0,6,30,0,0,-1,0,-1,0,0,0,1,1,1,4,0,13,2,1,2,E01030175,3,1,0,1
2022061167730,2022,061167730,377680,394485,-2.337522,53.446655,6,3,2,1,23/03/2022,4,15:40,-1,E08000009,E08000009,E08000009,4,5213,6,30,3,13,4,6,0,0,0,0,1,1,1,4,0,13,1,3,2,E01006184,3,1,0,1
2022010393843,2022,010393843,532696,172486,-0.092352,51.435842,1,3,2,1,12/08/2022,6,17:55,-1,E09000022,E09000022,E09000022,6,0,6,20,3,13,4,6,0,0,0,0,1,1,1,4,0,13,1,3,2,E01003165,-1,0,0,1
2022461206100,2022,461206100,558919,141671,0.270908,51.152237,46,3,2,1,27/07/2022,4,01:54,-1,E07000116,E10000016,E10000016,6,0,6,30,6,16,2,6,0,0,1,13,4,2,2,4,0,13,1,1,2,E01024845,3,1,0,1
2022231191686,2022,231191686,434031,270257,-1.502049,52.329357,23,2,3,1,19/06/2022,1,16:04,-1,E07000222,E10000031,E10000031,3,445,6,50,0,0,-1,0,-1,0,0,0,1,1,1,4,0,13,2,1,2,E01031308,7,1,1,0
2022451249435,2022,451249435,499053,149567,-0.582539,51.236699,45,2,1,1,26/11/2022,7,10:22,-1,E07000209,E10000030,E10000030,6,0,6,30,0,0,-1,0,-1,0,8,17,1,2,2,4,0,13,1,3,2,E01030452,7,1,1,0
2022991258435,2022,991258435,324265,673163,-3.214197,55.945517,99,2,2,2,30/12/2022,6,16:30,-1,S12000036,S12000036,S12000036,6,0,6,20,6,16,2,6,0,0,0,0,4,1,2,4,0,13,1,1,-1,-1,7,1,1,0
2022451244108,2022,451244108,532926,155605,-0.095348,51.284084,45,2,2,1,16/11/2022,4,19:00,-1,E07000215,E10000030,E10000030,6,0,6,30,9,19,4,6,0,0,0,0,4,2,2,4,0,13,1,1,2,E01030848,5,1,1,0
2022471156060,2022,471156060,506562,103169,-0.488644,50.818274,47,3,2,1,21/03/2022,2,08:26,-1,E07000224,E10000032,E10000032,3,259,6,60,0,0,-1,0,-1,0,8,17,1,1,1,4,0,13,2,1,2,E01031388,3,1,0,1
2022201248286,2022,201248286,401195,279180,-1.983858,52.410623,20,3,2,2,27/03/2022,1,02:49,-1,E08000025,E08000025,E08000025,6,0,6,30,6,16,2,6,0,0,5,15,4,1,1,4,0,13,1,1,2,E01009172,3,1,0,1
2022201270341,2022,201270341,406789,291041,-1.901384,52.517213,20,3,1,1,31/07/2022,1,00:12,-1,E08000025,E08000025,E08000025,3,34,6,40,0,0,-1,0,-1,0,0,0,4,2,2,4,0,13,1,1,2,E01009242,3,1,0,1
2022991186483,2022,991186483,119434,906705,-6.745312,57.960882,99,2,1,1,10/06/2022,6,12:07,-1,S12000013,S12000013,S12000013,3,859,6,60,0,0,-1,0,-1,0,0,0,1,5,2,4,0,13,2,1,-1,-1,7,1,1,0
2022991168261,2022,991168261,253908,664626,-4.335296,55.852635,99,2,2,2,18/04/2022,2,12:02,-1,S12000049,S12000049,S12000049,1,8,3,70,0,0,-1,0,-1,0,0,0,1,1,1,4,0,13,1,1,-1,-1,5,1,1,0
2022131177821,2022,131177821,418769,437432,-1.716299,53.832813,13,2,3,1,16/05/2022,2,14:55,-1,E08000032,E08000032,E08000032,3,657,6,30,3,13,4,6,0,0,0,0,1,1,1,4,0,13,1,1,2,E01010682,7,1,1,0
2022010357372,2022,010357372,534529,168012,-0.067693,51.395205,1,3,2,2,28/01/2022,6,15:00,-1,E09000008,E09000008,E09000008,3,215,9,30,99,-1,9,5,0,9,1,13,1,8,1,4,0,13,1,3,2,E01001191,-1,0,0,1
2022010396413,2022,010396413,527905,170375,-0.162,51.417971,1,3,2,1,28/08/2022,1,19:35,-1,E09000024,E09000024,E09000024,3,217,6,20,7,17,4,6,0,0,4,14,1,1,1,4,2,13,1,1,2,E01003392,-1,0,0,1
2022351214874,2022,351214874,539086,303117,0.052565,52.608035,35,3,2,2,25/08/2022,5,20:34,-1,E07000010,E10000003,E10000003,3,47,6,40,0,0,-1,0,-1,0,0,0,4,1,1,4,0,13,2,1,1,E01018091,3,1,0,1
2022421196210,2022,421196210,598220,228520,0.881034,51.919911,42,3,2,1,07/07/2022,5,17:36,-1,E07000071,E10000012,E10000012,3,12,3,70,0,0,-1,0,-1,0,0,0,1,1,1,4,0,13,2,2,1,E01021681,3,1,0,1
2022531229280,2022,531229280,388158,222098,-2.173505,51.897302,53,2,2,1,10/10/2022,2,17:15,-1,E07000083,E10000013,E10000013,4,4063,6,50,0,0,-1,0,-1,0,0,0,1,1,1,4,0,13,1,1,2,E01022431,7,1,1,0
2022440321240,2022,440321240,465226,151364,-1.066666,51.257719,44,3,2,1,07/08/2022,1,20:38,-1,E07000084,E10000014,E10000014,1,3,7,70,1,0,4,1,3,0,0,0,4,1,1,4,0,13,2,2,1,E01022506,-1,0,0,1
2022122300274,2022,122300274,458929,452110,-1.103328,53.961727,12,3,2,1,22/09/2022,5,17:19,-1,E06000014,E06000014,E06000014,6,0,6,30,3,13,4,6,0,0,0,0,1,3,2,4,0,13,1,1,2,E01013391,-1,0,0.11003,0.88997
202252000S325,2022,52000S325,332253,108592,-2.964196,50.872841,52,3,2,1,19/03/2022,7,11:04,-1,E07000189,E06000066,E06000066,3,30,6,30,3,13,4,6,0,0,0,0,1,1,1,4,0,13,1,1,2,E01029175,-1,0,0.18124,0.81876
2022010354435,2022,010354435,545133,162689,0.082451,51.344763,1,3,1,1,13/01/2022,5,10:47,-1,E09000006,E09000006,E09000006,5,0,6,30,99,-1,9,6,0,0,0,0,1,1,1,4,2,13,1,3,2,E01000749,-1,0,0,1
2022421151574,2022,421151574,579763,199806,0.598083,51.66827,42,3,2,1,08/03/2022,3,16:10,-1,E07000070,E10000012,E10000012,6,0,6,30,0,0,-1,0,-1,0,0,0,1,1,1,4,0,13,2,1,2,E01021535,3,1,0,1
2022991150464,2022,991150464,208453,711144,-5.093634,56.254069,99,3,1,1,04/03/2022,6,09:55,-1,S12000035,S12000035,S12000035,3,819,6,60,0,0,-1,0,-1,0,0,0,1,1,1,4,0,13,2,2,-1,-1,3,1,0,1
2022221254447,2022,221254447,371450,320153,-2.424681,52.778201,22,2,2,1,13/12/2022,3,17:20,-1,E06000020,E06000020,E06000020,4,5062,6,40,6,16,4,6,0,0,0,0,4,1,4,4,0,13,2,1,2,E01014131,7,1,1,0
2022351210403,2022,351210403,519342,297303,-0.240942,52.560485,35,3,2,2,10/08/2022,4,21:04,-1,E06000031,E06000031,E06000031,3,605,6,30,3,13,4,6,0,0,0,0,1,1,1,4,0,13,1,1,2,E01015621,3,1,0,1
2022010366064,2022,010366064,535659,189375,-0.043258,51.586909,1,3,2,1,17/03/2022,5,20:30,-1,E09000031,E09000031,E09000031,3,503,9,30,5,0,4,6,0,0,9,0,4,1,1,4,9,13,1,3,2,E01004391,-1,0,0,1
2022332200592,2022,332200592,444650,312575,-1.340566,52.709007,33,3,3,1,26/03/2022,7,15:30,-1,E07000134,E10000018,E10000018,3,511,1,60,1,0,4,3,511,0,0,0,1,1,1,4,0,13,2,1,2,E01033103,-1,0,0.00984,0.99016
2022371208834,2022,371208834,562157,265148,0.374565,52.260598,37,3,2,2,10/08/2022,4,15:09,-1,E07000245,E10000029,E10000029,3,14,3,70,0,0,-1,0,-1,-1,-1,-1,1,1,1,4,0,13,2,2,1,E01029937,3,1,0,1
2022231191075,2022,231191075,419514,286739,-1.714114,52.478235,23,3,2,1,12/04/2022,3,17:24,-1,E07000218,E10000031,E10000031,1,6,3,70,0,0,-1,0,-1,0,0,0,1,1,1,4,0,13,2,1,1,E01031022,3,1,0,1
2022991178301,2022,991178301,230163,683652,-4.726134,56.015608,99,3,2,1,17/05/2022,3,16:20,-1,S12000035,S12000035,S12000035,3,818,6,30,0,0,-1,0,-1,0,0,0,1,1,2,4,0,13,1,1,-1,-1,3,1,0,1
2022161255641,2022,161255641,474066,425930,-0.878964,53.724527,16,3,2,2,10/11/2022,5,18:45,-1,E06000011,E06000011,E06000011,1,62,3,70,0,0,-1,0,-1,0,0,0,4,1,1,4,0,13,2,3,1,E01013074,3,1,0,1
2022010388499,2022,010388499,527329,181926,-0.166121,51.521909,1,2,2,1,15/07/2022,6,09:40,-1,E09000033,E09000033,E09000033,6,0,3,20,6,16,4,6,0,0,0,0,1,1,1,4,0,13,1,1,2,E01033603,-1,0,1,0
2022041257079,2022,041257079,351900,473539,-2.738023,54.155402,4,3,2,1,19/12/2022,2,09:15,-1,E07000121,E10000017,E10000017,1,6,3,70,0,0,-1,0,-1,0,0,0,1,2,2,4,0,13,2,1,1,E01025130,3,1,0,1
2022430152020,2022,430152020,440664,213852,-1.411425,51.82182,43,3,4,2,08/04/2022,6,16:30,-1,E07000181,E10000025,E10000025,3,4095,6,40,3,13,4,6,0,0,0,0,1,1,1,4,0,13,2,1,2,E01028789,-1,0,0.03392,0.96608
2022221206939,2022,221206939,384983,254990,-2.221103,52.192943,22,3,1,1,05/08/2022,6,10:40,-1,E07000237,E10000034,E10000034,6,0,2,30,9,19,4,6,0,0,0,0,1,1,1,4,0,13,1,1,2,E01033247,3,1,0,1
2022101191565,2022,101191565,421960,570641,-1.657995,55.029818,10,3,1,2,22/06/2022,4,10:20,-1,E08000021,E08000021,E08000021,6,0,6,30,0,0,-1,0,-1,0,0,0,1,1,1,4,2,13,2,2,2,E01008308,3,1,0,1
2022991253729,2022,991253729,314953,694022,-3.369873,56.131315,99,3,2,3,14/12/2022,4,17:15,-1,S12000047,S12000047,S12000047,3,909,6,60,0,0,-1,0,-1,0,0,0,4,1,4,4,0,13,2,1,-1,-1,3,1,0,1
2022991154869,2022,991154869,257992,665271,-4.270453,55.859646,99,3,2,3,18/03/2022,6,00:30,-1,S12000049,S12000049,S12000049,3,814,3,30,9,19,2,3,804,0,5,15,4,1,1,4,0,13,1,1,-1,-1,3,1,0,1
2022070582355,2022,070582355,351292,386909,-2.733627,53.376779,7,2,2,1,10/08/2022,4,10:00,-1,E06000006,E06000006,E06000006,4,5419,6,30,0,0,-1,0,-1,0,0,0,1,1,1,4,0,13,1,2,2,E01012369,-1,0,1,0
2022430140908,2022,430140908,486015,243338,-0.746199,52.081728,43,2,4,1,01/04/2022,6,16:00,-1,E06000042,E06000042,E06000042,1,1,3,60,0,0,-1,0,-1,0,0,0,1,2,2,4,0,13,1,3,1,E01016760,-1,0,1,0
2022052202002,2022,052202002,327164,388126,-3.096532,53.384936,5,2,1,1,10/08/2022,4,11:30,-1,E08000015,E08000015,E08000015,6,0,6,20,3,13,4,6,0,0,0,0,1,1,1,4,0,13,1,1,2,E01007298,-1,0,1,0
2022471245518,2022,471245518,494993,106945,-0.651845,50.854232,47,3,1,1,22/11/2022,3,21:02,-1,E07000224,E10000032,E10000032,3,29,6,40,3,13,4,6,0,2,0,12,4,1,1,4,0,13,2,1,2,E01031397,3,1,0,1
2022552200779,2022,552200779,397436,94048,-2.037706,50.746032,55,3,2,1,01/07/2022,6,12:27,-1,E06000059,E06000059,E06000059,3,350,6,60,3,13,4,6,0,0,0,0,1,1,1,4,0,13,2,1,2,E01020472,-1,0,0.04486,0.95514
2022122200558,2022,122200558,424218,511506,-1.62758,54.498308,12,3,2,1,06/05/2022,6,16:25,-1,E07000166,E06000065,E06000065,2,1,3,60,5,0,4,3,66,0,0,0,1,1,1,4,0,13,2,1,1,E01027759,-1,0,0.02519,0.97481
2022010394660,2022,010394660,535016,173077,-0.05877,51.440605,1,3,2,1,18/08/2022,5,16:32,-1,E09000023,E09000023,E09000023,3,205,6,30,3,13,2,5,0,0,0,0,1,1,1,4,0,13,1,1,2,E01003255,-1,0,0,1
2022430138599,2022,430138599,432790,208963,-1.526122,51.778381,43,3,2,2,31/03/2022,5,06:59,-1,E07000181,E10000025,E10000025,6,0,6,60,3,13,2,6,0,0,0,0,1,1,4,4,0,13,2,1,2,E01028784,-1,0,0.04806,0.95194
2022161227525,2022,161227525,509037,429631,-0.347857,53.75165,16,3,2,1,06/10/2022,5,23:34,-1,E06000010,E06000010,E06000010,3,1079,6,30,3,13,2,6,0,0,4,14,4,8,1,4,0,13,1,1,2,E01012851,3,1,0,1
2022221218801,2022,221218801,372099,310881,-2.414269,52.694886,22,3,2,2,18/08/2022,5,17:00,-1,E06000020,E06000020,E06000020,3,5,6,50,3,13,4,6,0,0,0,0,1,1,1,4,0,13,1,3,2,E01014181,3,1,0,1
2022351133504,2022,351133504,538721,285946,0.040015,52.453861,35,3,2,1,04/01/2022,3,17:50,-1,E07000010,E10000003,E10000003,3,141,6,50,0,0,-1,0,-1,0,0,0,4,1,2,4,0,13,1,1,2,E01018102,3,1,0,1
2022991248521,2022,991248521,326684,675376,-3.176078,55.965772,99,2,2,1,29/11/2022,3,08:00,-1,S12000036,S12000036,S12000036,6,0,6,20,3,13,4,3,900,0,0,0,1,1,1,4,0,13,1,1,-1,-1,7,1,1,0
2022991170738,2022,991170738,287675,659816,-3.794242,55.818491,99,2,1,1,27/04/2022,4,12:04,-1,S12000050,S12000050,S12000050,6,0,6,30,3,13,4,6,0,0,4,14,1,1,1,4,0,13,1,1,-1,-1,6,1,1,0
2022131193881,2022,131193881,417655,435629,-1.733328,53.816647,13,3,2,1,30/06/2022,5,15:15,-1,E08000032,E08000032,E08000032,3,6176,6,30,0,0,-1,0,-1,0,0,0,1,8,2,4,0,13,1,1,2,E01010601,3,1,0,1
2022471229154,2022,471229154,542386,134431,0.031824,51.091524,47,3,1,1,10/10/2022,2,13:30,-1,E07000065,E10000011,E10000011,3,22,6,40,0,0,-1,0,-1,0,4,14,1,8,1,4,0,13,1,1,2,E01021168,3,1,0,1
2022461250016,2022,461250016,613614,133215,1.046924,51.058526,46,3,2,2,20/09/2022,3,15:13,-1,E07000112,E10000016,E10000016,3,259,6,40,0,0,-1,0,-1,0,0,0,1,1,1,4,0,13,1,1,2,E01024530,3,1,0,1
2022471244031,2022,471244031,503384,112946,-0.530982,50.90674,47,3,2,2,17/11/2022,5,17:15,-1,E07000227,E10000032,E10000032,4,2139,6,60,0,0,-1,0,-1,0,0,0,6,1,1,4,0,13,2,3,2,E01031626,3,1,0,1
2022610027122,2022,610027122,308535,208666,-3.326911,51.769173,61,3,1,1,01/06/2022,4,23:00,-1,W06000018,W06000018,W06000018,3,465,3,70,0,0,-1,0,-1,0,0,0,6,1,1,4,0,13,2,1,-1,W01001429,-1,0,0.10196,0.89804
2022201250759,2022,201250759,416362,292427,-1.760244,52.529472,20,3,2,1,11/11/2022,6,14:00,-1,E08000025,E08000025,E08000025,6,0,6,40,0,0,-1,0,-1,0,0,0,1,1,1,4,0,13,1,2,2,E01009441,3,1,0,1
2022010354130,2022,010354130,512545,171975,-0.382282,51.435607,1,2,2,2,11/01/2022,3,16:50,-1,E09000018,E09000018,E09000018,6,0,3,50,5,0,4,3,316,0,0,0,4,1,2,4,0,13,1,1,2,E01002605,-1,0,1,0
2022010412134,2022,010412134,532571,177678,-0.092204,51.482529,1,3,2,1,22/11/2022,3,05:58,-1,E09000028,E09000028,E09000028,4,214,3,20,9,19,4,6,0,0,1,13,7,1,1,4,0,13,1,1,2,E01003969,-1,0,0,1
2022371212910,2022,371212910,612763,236839,1.097337,51.989234,37,3,2,1,29/06/2022,4,07:30,-1,E07000200,E10000029,E10000029,3,137,6,30,0,0,-1,0,-1,0,0,0,1,1,1,4,0,13,2,1,2,E01029871,3,1,0,1
2022546300322,2022,546300322,415547,183907,-1.777157,51.55384,54,3,1,1,17/06/2022,6,18:00,-1,E06000030,E06000030,E06000030,6,0,6,30,6,16,4,6,0,0,0,0,1,9,1,4,0,13,1,2,2,E01032715,-1,0,0.0515,0.9485
2022201202237,2022,201202237,407660,286415,-1.888653,52.475615,20,3,2,1,21/07/2022,5,17:45,-1,E08000025,E08000025,E08000025,4,4100,3,30,0,0,-1,0,-1,0,4,14,1,1,1,4,0,13,1,2,2,E01009378,3,1,0,1
2022010406583,2022,010406583,534039,170483,-0.073799,51.417526,1,3,2,1,25/10/2022,3,20:51,-1,E09000006,E09000006,E09000006,3,214,6,30,6,16,4,6,0,0,5,15,4,1,1,4,0,13,1,3,2,E01000741,-1,0,0,1
2022991220640,2022,991220640,287842,680219,-3.800049,56.001757,99,3,3,1,17/09/2022,7,15:03,-1,S12000014,S12000014,S12000014,3,803,6,30,0,0,-1,0,-1,0,0,0,1,1,1,4,0,13,1,1,-1,-1,3,1,0,1
2022010407881,2022,010407881,519937,192458,-0.269021,51.618179,1,3,2,1,01/11/2022,3,16:00,-1,E09000003,E09000003,E09000003,3,5100,9,30,0,0,-1,0,-1,0,1,13,1,1,1,4,0,13,1,3,2,E01000230,-1,0,0,1
2022010406845,2022,010406845,526261,171753,-0.185139,51.430724,1,2,1,1,24/10/2022,2,19:15,-1,E09000024,E09000024,E09000024,4,235,6,20,9,19,4,6,0,0,9,0,4,2,2,4,2,13,1,3,2,E01003475,-1,0,1,0
2022010415581,2022,010415581,540751,181766,0.02715,51.517289,1,3,1,4,09/12/2022,6,23:43,-1,E09000025,E09000025,E09000025,3,13,6,50,0,0,-1,0,-1,0,0,0,4,8,4,4,0,13,1,3,2,E01003604,-1,0,0,1
2022461245316,2022,461245316,562819,149504,0.330171,51.221517,46,3,3,3,15/11/2022,3,08:53,-1,E07000115,E10000016,E10000016,3,26,6,40,3,13,4,6,0,0,0,0,1,2,2,4,0,13,2,1,2,E01024745,3,1,0,1
2022991169092,2022,991169092,256010,666586,-4.30279,55.870864,99,3,2,1,22/04/2022,6,08:30,-1,S12000049,S12000049,S12000049,6,0,6,30,6,16,4,6,0,0,4,14,1,1,1,4,0,13,1,2,-1,-1,3,1,0,1
2022401229047,2022,401229047,498689,236248,-0.563352,52.015893,40,3,2,1,26/09/2022,2,15:55,-1,E06000056,E06000056,E06000056,1,1,3,70,0,0,-1,0,-1,0,0,0,1,1,1,4,0,13,2,3,1,E01017451,3,1,0,1
2022010367465,2022,010367465,506021,178397,-0.474178,51.494587,1,3,2,1,25/03/2022,6,19:00,-1,E09000017,E09000017,E09000017,1,4,3,70,0,0,-1,0,-1,0,0,0,4,1,1,4,0,13,2,1,1,E01002446,-1,0,0,1
2022010413044,2022,010413044,530861,175898,-0.117475,51.466931,1,3,2,3,27/11/2022,1,03:20,-1,E09000022,E09000022,E09000022,3,203,6,30,3,13,4,6,0,0,0,0,4,2,2,4,0,13,1,1,2,E01003053,-1,0,0,1
2022411139292,2022,411139292,547687,214192,0.140731,51.806866,41,3,2,1,17/01/2022,2,14:15,-1,E07000242,E10000015,E10000015,3,1184,3,30,0,0,-1,0,-1,0,0,0,1,1,2,4,0,13,1,3,2,E01023500,3,1,0,1
2022332200318,2022,332200318,442365,293235,-1.376857,52.535339,33,3,3,1,18/04/2022,2,12:55,-1,E07000132,E10000018,E10000018,4,590,6,30,6,16,2,4,590,0,5,15,1,1,1,4,0,13,1,1,2,E01025849,-1,0,0.0288,0.9712
2022221185434,2022,221185434,367611,303455,-2.479941,52.627881,22,3,3,1,07/06/2022,3,15:39,-1,E06000020,E06000020,E06000020,4,4373,6,30,3,13,4,6,0,0,0,0,1,1,1,4,0,13,1,1,2,E01014148,3,1,0,1
2022440029806,2022,440029806,451746,108871,-1.265888,50.877028,44,3,4,1,22/01/2022,7,23:28,-1,E07000087,E10000014,E10000014,1,27,3,50,0,0,-1,0,-1,0,0,0,6,1,1,4,0,13,1,1,1,E01022774,-1,0,0,1
2022201265559,2022,201265559,407716,286389,-1.887829,52.47538,20,2,1,1,30/12/2022,6,19:35,-1,E08000025,E08000025,E08000025,4,4100,3,20,3,13,2,6,0,0,5,15,4,1,1,4,0,13,1,1,2,E01009378,7,1,1,0
2022010372647,2022,010372647,524647,184648,-0.203795,51.546969,1,3,1,2,25/04/2022,2,07:40,-1,E09000005,E09000005,E09000005,5,0,6,30,3,13,2,3,5,0,0,0,1,1,1,4,0,13,1,1,2,E01000561,-1,0,0,1
2022501211286,2022,501211286,234980,122819,-4.352215,50.981069,50,2,3,1,16/06/2022,5,08:38,-1,E07000046,E10000008,E10000008,3,39,6,60,0,0,-1,0,-1,0,0,0,1,1,1,4,0,13,2,1,2,E01020288,5,1,1,0
2022471249594,2022,471249594,544338,101410,0.046606,50.794292,47,3,4,1,01/12/2022,5,10:40,-1,E07000063,E10000011,E10000011,3,259,6,30,9,19,4,6,0,0,0,0,1,1,1,4,0,13,1,1,2,E01021049,3,1,0,1
2022430522009,2022,430522009,443550,237147,-1.366616,52.031032,43,3,3,3,19/11/2022,7,14:47,-1,E07000177,E10000025,E10000025,3,361,6,50,0,0,-1,0,-1,0,0,0,1,1,1,4,0,13,2,1,2,E01028474,-1,0,0.06126,0.93874
2022451205554,2022,451205554,503469,175076,-0.511897,51.465208,45,3,3,2,02/08/2022,3,23:00,-1,E07000213,E10000030,E10000030,1,25,3,70,0,0,-1,0,-1,0,0,0,4,1,1,4,0,13,2,2,1,E01030747,3,1,0,1
202263D058122,2022,63D058122,310704,291238,-3.317209,52.511692,63,3,2,1,20/07/2022,4,22:40,-1,W06000023,W06000023,W06000023,6,0,6,20,0,0,-1,0,-1,0,0,0,4,1,1,4,0,13,1,3,-1,W01000480,-1,0,0.00514,0.99486
2022122200178,2022,122200178,458955,451263,-1.103095,53.954112,12,3,2,1,02/02/2022,4,15:10,-1,E06000014,E06000014,E06000014,3,59,6,30,3,13,4,6,0,0,0,0,1,1,1,4,0,13,1,3,2,E01013397,-1,0,0.03132,0.96868
2022052200051,2022,052200051,340723,390299,-2.893116,53.406164,5,3,4,3,08/01/2022,7,18:43,-1,E08000012,E08000012,E08000012,1,62,3,70,0,0,-1,0,-1,0,0,0,4,5,2,4,0,13,1,1,2,E01006576,-1,0,0.12856,0.87144
2022131219487,2022,131219487,430901,436540,-1.532056,53.824219,13,3,1,1,14/09/2022,4,23:28,-1,E08000035,E08000035,E08000035,6,0,6,30,6,16,2,6,0,0,0,0,4,1,1,4,0,13,1,1,2,E01011356,3,1,0,1
2022351228510,2022,351228510,563399,270779,0.395473,52.310811,35,3,2,1,19/09/2022,2,07:15,-1,E07000009,E10000003,E10000003,4,1102,6,30,6,16,2,6,0,0,0,0,1,1,1,4,0,13,2,1,2,E01018035,3,1,0,1
2022440274601,2022,440274601,471419,153386,-0.977529,51.275156,44,2,2,1,09/07/2022,7,13:15,-1,E07000089,E10000014,E10000014,3,287,6,60,0,0,-1,0,-1,0,0,0,1,1,1,4,0,13,2,1,2,E01022881,-1,0,0.93111,0.06889
2022522201428,2022,522201428,358075,169789,-2.604388,51.42555,52,3,2,1,15/03/2022,3,09:10,-1,E06000023,E06000023,E06000023,3,3029,6,30,3,13,4,6,0,0,8,17,1,1,1,4,0,13,1,2,2,E01014598,-1,0,0.14992,0.85008
2022501233646,2022,501233646,250243,57325,-4.108389,50.39668,50,3,1,1,21/10/2022,6,16:43,-1,E06000026,E06000026,E06000026,6,0,6,20,0,0,-1,0,-1,0,0,0,1,2,2,4,0,13,1,1,2,E01015069,3,1,0,1
2022070314571,2022,070314571,375757,377055,-2.365132,53.289901,7,3,2,1,08/05/2022,1,11:06,-1,E06000049,E06000049,E06000049,3,50,6,50,0,0,-1,0,-1,0,0,0,1,1,1,4,0,13,2,1,2,E01018607,-1,0,0.13718,0.86282
2022430017277,2022,430017277,473547,218802,-0.933356,51.862964,43,2,2,1,13/01/2022,5,10:44,-1,E06000060,E06000060,E06000060,5,0,6,60,6,16,4,6,0,0,0,0,1,1,1,4,0,13,2,1,2,E01017703,-1,0,1,0
2022101147118,2022,101147118,419500,564306,-1.696907,54.972993,10,3,3,1,23/02/2022,4,17:29,-1,E08000021,E08000021,E08000021,3,1,7,60,0,0,-1,0,-1,0,0,0,1,1,1,4,0,13,2,1,1,E01008415,3,1,0,1
2022501199167,2022,501199167,306970,93845,-3.319691,50.736742,50,2,1,1,15/07/2022,6,11:50,-1,E07000040,E10000008,E10000008,6,0,1,30,1,0,4,6,0,2,0,12,1,1,1,4,0,13,2,1,2,E01019940,7,1,1,0
2022361231304,2022,361231304,607783,297509,1.062241,52.535789,36,2,1,1,16/10/2022,1,13:45,-1,E07000143,E10000020,E10000020,3,11,3,70,0,0,-1,0,-1,0,0,0,1,1,1,4,0,13,2,1,1,E01026448,7,1,1,0
2022010381639,2022,010381639,519613,191107,-0.27416,51.606106,1,3,2,1,10/06/2022,6,13:30,-1,E09000003,E09000003,E09000003,3,5,6,30,99,-1,9,6,0,9,9,99,1,1,1,4,0,13,1,3,2,E01002119,-1,0,0,1
2022421146896,2022,421146896,578414,220701,0.589317,51.856377,42,3,2,1,16/02/2022,4,18:41,-1,E07000067,E10000012,E10000012,4,1018,6,40,0,0,-1,0,-1,0,0,0,4,1,2,4,0,13,1,3,2,E01021380,3,1,0,1
2022501234530,2022,501234530,175269,47573,-5.156015,50.285228,50,3,2,1,25/10/2022,3,16:37,-1,E06000052,E06000052,E06000052,3,30,6,60,0,0,-1,0,-1,0,0,0,1,5,2,4,0,13,2,1,1,E01018843,3,1,0,1
2022010363945,2022,010363945,539812,178872,0.01248,51.491517,1,3,2,2,06/03/2022,1,00:40,-1,E09000011,E09000011,E09000011,3,2052,3,40,7,17,2,6,0,0,5,15,4,2,1,4,0,13,1,3,2,E01033732,-1,0,0,1
2022041166935,2022,041166935,346062,463453,-2.825604,54.064183,4,3,3,1,15/04/2022,6,14:20,-1,E07000121,E10000017,E10000017,4,5321,6,30,9,19,2,6,0,0,0,0,1,1,1,4,0,13,1,1,2,E01025165,3,1,0,1
2022311182351,2022,311182351,461358,330834,-1.08988,52.871493,31,3,2,1,28/05/2022,7,12:30,-1,E07000176,E10000024,E10000024,6,0,6,30,0,0,-1,0,-1,0,0,0,1,1,1,4,0,13,2,1,2,E01028383,3,1,0,1
2022070814928,2022,070814928,366268,393186,-2.509198,53.43437,7,3,2,1,06/11/2022,1,09:26,-1,E06000007,E06000007,E06000007,1,62,3,50,0,0,-1,0,-1,0,0,0,1,9,1,4,0,13,1,2,1,E01012471,-1,0,0.00976,0.99024
2022010418535,2022,010418535,546005,178410,0.101431,51.485801,1,3,1,1,27/12/2022,3,17:25,-1,E09000011,E09000011,E09000011,3,206,6,20,3,13,4,6,0,0,5,15,4,2,2,4,0,13,1,3,2,E01001674,-1,0,0,1
2022010409267,2022,010409267,518214,178329,-0.298641,51.49156,1,3,1,1,08/11/2022,3,15:30,-1,E09000018,E09000018,E09000018,3,4,3,50,0,0,-1,0,-1,0,5,15,1,2,2,4,0,13,1,1,2,E01002564,-1,0,0,1
2022031254767,2022,031254767,318230,538785,-3.271521,54.737361,3,3,2,2,17/12/2022,7,12:07,-1,E07000026,E10000006,E06000063,3,595,6,60,0,0,-1,0,-1,0,0,0,1,2,2,4,0,13,2,1,2,E01019133,3,1,0,1
2022461144707,2022,461144707,558542,172790,0.279329,51.431937,46,3,1,1,05/02/2022,7,23:23,-1,E07000107,E10000016,E10000016,4,255,1,30,1,0,4,4,255,0,0,0,5,5,2,4,0,13,2,1,2,E01024134,3,1,0,1
2022010410455,2022,010410455,526066,194902,-0.179662,51.638805,1,3,2,1,14/11/2022,2,13:25,-1,E09000003,E09000003,E09000003,3,1000,6,30,99,-1,9,6,0,0,1,13,1,1,1,4,0,13,1,3,2,E01000271,-1,0,0,1
2022010377274,2022,010377274,530991,181978,-0.11335,51.521539,1,3,2,1,19/05/2022,5,09:38,-1,E09000007,E09000007,E09000007,3,5200,6,20,6,16,2,3,401,9,5,15,1,1,1,4,0,13,1,3,2,E01000920,-1,0,0,1
2022440193127,2022,440193127,455599,104708,-1.21176,50.839239,44,2,1,1,16/05/2022,2,14:30,-1,E07000087,E10000014,E10000014,6,0,6,30,6,16,2,6,0,0,0,0,1,2,2,4,0,13,2,1,2,E01032877,-1,0,0.91491,0.08509
2022471167827,2022,471167827,532755,103535,-0.116876,50.816157,47,3,2,5,19/04/2022,3,20:55,-1,E06000043,E06000043,E06000043,6,0,6,30,0,0,-1,0,-1,0,0,0,5,1,1,4,0,13,1,1,2,E01016861,3,1,0,1
2022070650091,2022,070650091,385954,363069,-2.211546,53.164555,7,3,1,3,01/09/2022,5,12:06,-1,E06000049,E06000049,E06000049,3,54,3,30,6,16,2,6,0,0,4,14,1,1,1,4,0,13,1,1,2,E01018402,-1,0,0.35709,0.64291
2022552200668,2022,552200668,400530,95540,-1.993852,50.759455,55,3,3,1,07/06/2022,3,16:01,-1,E06000058,E06000058,E06000058,4,3074,6,30,3,13,4,6,0,0,0,0,1,1,1,4,0,13,1,1,2,E01015395,-1,0,0.01208,0.98792
2022520204866,2022,520204866,364595,143072,-2.507956,51.185773,52,3,1,1,02/06/2022,5,19:15,-1,E07000187,E06000066,E06000066,3,361,6,30,0,0,-1,0,-1,0,0,0,1,1,1,4,2,13,2,1,2,E01029021,-1,0,0.09748,0.90252
2022101182025,2022,101182025,432957,570032,-1.486036,55.023741,10,3,2,1,24/05/2022,3,16:10,-1,E08000022,E08000022,E08000022,6,0,6,60,0,0,-1,0,-1,0,0,0,1,2,2,4,0,13,1,2,2,E01008490,3,1,0,1
2022010354483,2022,010354483,543992,183770,0.074647,51.53448,1,2,2,1,13/01/2022,5,17:30,-1,E09000002,E09000002,E09000002,3,123,6,30,0,0,-1,0,-1,0,4,14,4,1,2,4,0,13,1,1,2,E01033587,-1,0,1,0
2022471202901,2022,471202901,583860,113133,0.612696,50.888423,47,2,1,1,26/07/2022,3,04:45,-1,E07000064,E10000011,E10000011,6,0,6,60,0,0,-1,0,-1,0,0,0,1,1,1,4,0,13,2,1,2,E01021109,7,1,1,0
2022211324695,2022,211324695,386050,348528,-2.209473,53.033849,21,3,2,1,19/02/2022,7,12:40,-1,E07000195,E10000028,E10000028,3,500,7,70,0,0,-1,0,-1,0,0,0,4,5,2,4,0,13,1,1,1,E01029611,3,1,0,1
2022991248616,2022,991248616,307574,583745,-3.451448,55.139405,99,3,1,1,08/07/2022,6,01:18,-1,S12000006,S12000006,S12000006,6,0,6,60,0,0,-1,0,-1,0,0,0,6,1,1,4,0,13,2,1,-1,-1,3,1,0,1
2022991253302,2022,991253302,203047,761417,-5.218732,56.702805,99,3,3,1,16/11/2022,4,10:00,-1,S12000017,S12000017,S12000017,3,82,6,40,0,0,-1,0,-1,0,0,0,1,1,2,4,0,13,2,1,-1,-1,3,1,0,1
2022991236393,2022,991236393,260926,670082,-4.226088,55.903695,99,2,2,1,21/10/2022,6,09:15,-1,S12000045,S12000045,S12000045,3,803,6,30,0,0,-1,0,-1,0,0,0,1,1,2,4,0,13,1,1,-1,-1,7,1,1,0
2022131243643,2022,131243643,407315,440227,-1.89027,53.858219,13,3,3,1,17/11/2022,5,06:19,-1,E08000032,E08000032,E08000032,6,0,6,30,9,19,2,6,0,0,0,0,4,2,2,4,0,13,1,1,2,E01010704,3,1,0,1
2022010369519,2022,010369519,532408,165919,-0.098942,51.376894,1,3,3,6,06/04/2022,4,17:15,-1,E09000008,E09000008,E09000008,3,212,2,30,0,0,-1,0,-1,0,0,0,1,5,2,4,0,13,1,1,2,E01001048,-1,0,0,1
2022010358147,2022,010358147,509340,178349,-0.426402,51.493524,1,3,3,2,02/02/2022,4,12:40,-1,E09000017,E09000017,E09000017,1,4,3,50,0,0,-1,0,-1,0,0,0,1,1,1,4,0,13,1,1,1,E01002493,-1,0,0,1
2022010381419,2022,010381419,526302,176997,-0.182679,51.477842,1,3,1,1,07/06/2022,3,15:15,-1,E09000020,E09000020,E09000020,5,0,6,30,3,13,4,6,0,2,0,12,1,1,1,4,0,13,1,3,2,E01002841,-1,0,0,1
2022161163415,2022,161163415,471908,423737,-0.912172,53.705121,16,1,3,3,06/04/2022,4,09:50,-1,E06000011,E06000011,E06000011,1,62,3,70,0,0,-1,0,-1,0,0,0,1,4,1,4,0,13,2,1,1,E01013074,1,1,0,0
2022440470224,2022,440470224,460380,91472,-1.146039,50.719748,44,3,3,1,19/11/2022,7,13:15,-1,E06000046,E06000046,E06000046,3,3055,6,30,0,0,-1,0,-1,0,4,14,1,1,2,4,0,13,1,1,2,E01017344,-1,0,0,1
2022010405327,2022,010405327,528357,179827,-0.152076,51.502813,1,3,1,1,18/10/2022,3,23:34,-1,E09000033,E09000033,E09000033,3,4,3,20,0,0,-1,0,-1,0,0,0,4,1,1,4,0,13,1,1,2,E01004761,-1,0,0,1
2022421176613,2022,421176613,572423,189078,0.486777,51.574202,42,2,2,1,06/05/2022,6,13:00,-1,E07000066,E10000012,E10000012,3,1321,3,40,0,0,-1,0,-1,0,5,15,1,1,1,4,0,13,1,3,2,E01021270,7,1,1,0
2022461236635,2022,461236635,583142,154369,0.623371,51.259065,46,3,3,1,20/10/2022,5,04:58,-1,E07000110,E10000016,E10000016,1,20,3,50,0,0,-1,0,-1,0,0,0,5,1,1,4,0,13,2,1,1,E01024387,3,1,0,1
2022311188665,2022,311188665,452153,359422,-1.222015,53.129421,31,3,1,1,16/06/2022,5,22:30,-1,E07000170,E10000024,E10000024,6,0,6,40,1,0,4,6,0,0,0,0,4,1,1,4,0,13,2,1,2,E01027972,3,1,0,1
2022430263870,2022,430263870,501783,178113,-0.535285,51.492812,43,3,2,1,16/06/2022,5,07:35,-1,E06000039,E06000039,E06000039,1,4,3,70,0,0,-1,0,-1,0,0,0,1,1,1,4,0,13,1,3,1,E01016479,-1,0,0.00172,0.99828
2022141238422,2022,141238422,463306,402862,-1.046693,53.51863,14,3,4,1,04/11/2022,6,14:55,-1,E08000017,E08000017,E08000017,6,0,6,60,0,0,-1,0,-1,0,0,0,1,1,1,4,0,13,2,1,2,E01007603,3,1,0,1
2022041152300,2022,041152300,375525,428595,-2.372658,53.753141,4,3,2,1,28/02/2022,2,14:05,-1,E07000120,E10000017,E10000017,6,0,6,30,9,19,4,6,0,0,0,0,1,1,1,4,0,13,1,2,2,E01025041,3,1,0,1
2022622200110,2022,622200110,319488,178504,-3.161271,51.499719,62,2,1,1,26/01/2022,4,17:25,-1,W06000015,W06000015,W06000015,6,0,6,30,3,13,2,6,0,0,0,0,4,1,1,4,0,13,1,1,-1,W01001821,-1,0,1,0
2022161193119,2022,161193119,473148,425706,-0.892927,53.722643,16,3,2,1,28/06/2022,3,15:28,-1,E06000011,E06000011,E06000011,3,614,6,60,3,13,4,6,0,0,0,0,1,1,1,4,0,13,2,1,2,E01013074,3,1,0,1
2022522300065,2022,522300065,364589,170966,-2.510821,51.436578,52,3,3,4,30/08/2022,3,11:35,-1,E06000025,E06000025,E06000025,3,4174,3,70,0,0,-1,0,-1,0,0,0,1,1,1,4,0,13,2,1,2,E01014921,-1,0,0.34012,0.65988
2022201258264,2022,201258264,406405,285661,-1.907144,52.468852,20,3,2,1,03/05/2022,3,21:53,-1,E08000025,E08000025,E08000025,3,4540,3,40,0,0,-1,0,-1,0,0,0,4,1,1,4,0,13,1,2,2,E01008994,3,1,0,1
2022201171952,2022,201171952,399148,297863,-2.014005,52.578582,20,3,2,2,02/05/2022,2,12:18,-1,E08000030,E08000030,E08000030,1,6,3,60,0,0,-1,0,-1,0,0,0,1,1,1,4,0,13,2,1,1,E01010367,3,1,0,1
2022131212677,2022,131212677,420855,434672,-1.68479,53.807928,13,3,3,1,25/08/2022,5,16:25,-1,E08000035,E08000035,E08000035,3,6120,6,60,0,0,-1,0,-1,0,0,0,1,1,1,4,0,13,1,1,2,E01011595,3,1,0,1
2022010395935,2022,010395935,531390,186851,-0.105784,51.565238,1,2,1,1,26/08/2022,6,11:35,-1,E09000019,E09000019,E09000019,3,1201,6,20,3,13,4,3,503,0,4,14,1,1,1,4,0,13,1,1,2,E01002734,-1,0,1,0
2022411154775,2022,411154775,510925,196349,-0.397902,51.654997,41,2,1,1,17/03/2022,5,15:12,-1,E07000103,E10000015,E10000015,6,0,2,30,0,0,-1,0,-1,0,0,0,1,1,1,4,2,13,1,2,2,E01023861,7,1,1,0
2022451231184,2022,451231184,502244,158687,-0.53424,51.318115,45,2,2,2,17/10/2022,2,09:14,-1,E07000217,E10000030,E10000030,4,382,6,40,0,0,-1,0,-1,0,0,0,1,1,2,4,2,13,2,1,2,E01030989,7,1,1,0
202254B193622,2022,54B193622,416869,183574,-1.758106,51.550808,54,3,2,1,23/10/2022,1,10:23,-1,E06000030,E06000030,E06000030,3,4259,3,40,3,13,4,6,0,0,0,0,1,1,2,4,0,13,1,1,2,E01015533,-1,0,0.01142,0.98858
2022010377104,2022,010377104,536168,178478,-0.040127,51.488864,1,2,1,1,18/05/2022,4,07:31,-1,E09000023,E09000023,E09000023,3,200,3,20,6,16,2,6,0,0,5,15,1,1,1,4,0,13,1,1,2,E01003250,-1,0,1,0
2022010400405,2022,010400405,524477,170908,-0.211085,51.423524,1,2,2,1,21/09/2022,4,10:15,-1,E09000024,E09000024,E09000024,3,219,6,20,8,18,4,6,0,0,0,0,1,1,1,4,0,13,1,1,2,E01003402,-1,0,1,0
2022041209413,2022,041209413,340983,434872,-2.897663,53.806778,4,3,2,1,14/08/2022,1,21:25,-1,E07000119,E10000017,E10000017,1,55,3,70,0,0,-1,0,-1,0,0,0,1,1,1,4,0,13,2,1,1,E01025026,3,1,0,1
2022332200043,2022,332200043,475430,301970,-0.887483,52.610282,33,3,2,2,18/01/2022,3,09:03,-1,E07000131,E10000018,E10000018,3,47,6,60,0,0,-1,0,-1,0,0,0,1,8,4,4,0,13,2,1,2,E01025815,-1,0,0.01605,0.98395
2022211244139,2022,211244139,414649,304151,-1.78498,52.634916,21,3,3,2,18/11/2022,6,22:57,-1,E07000194,E10000028,E10000028,3,5,3,70,0,0,-1,0,-1,0,0,0,6,1,2,4,0,13,2,1,1,E01029488,3,1,0,1
202260B078350,2022,60B078350,350593,340431,-2.736939,52.958963,60,2,2,1,31/05/2022,3,13:25,-1,W06000006,W06000006,W06000006,3,495,6,30,0,0,-1,0,-1,0,0,0,1,1,1,4,0,13,2,1,-1,W01000346,-1,0,1,0
2022221192370,2022,221192370,370109,313679,-2.443968,52.719932,22,3,1,1,22/06/2022,4,11:20,-1,E06000020,E06000020,E06000020,3,518,6,40,1,0,4,3,518,0,0,0,1,1,1,4,2,13,1,2,2,E01014128,3,1,0,1
2022501170349,2022,501170349,181386,52036,-5.072865,50.327606,50,2,1,1,26/04/2022,3,20:28,-1,E06000052,E06000052,E06000052,3,30,6,60,0,0,-1,0,-1,0,0,0,1,1,1,4,0,13,2,1,1,E01018815,5,1,1,0
2022221176668,2022,221176668,400009,275907,-2.001293,52.381199,22,3,2,2,12/05/2022,5,16:45,-1,E07000234,E10000034,E10000034,4,4096,1,30,1,0,2,4,4096,0,0,0,1,1,1,4,0,13,1,3,2,E01032142,3,1,0,1
2022201276361,2022,201276361,399116,298642,-2.01448,52.585585,20,3,3,1,30/11/2022,4,17:55,-1,E08000030,E08000030,E08000030,1,6,3,70,0,0,-1,0,-1,0,0,0,5,1,1,4,0,13,2,2,1,E01010260,3,1,0,1
2022010408792,2022,010408792,536259,172595,-0.041082,51.435976,1,3,2,1,05/11/2022,7,09:56,-1,E09000023,E09000023,E09000023,6,0,6,20,6,16,4,6,0,0,0,0,1,2,2,4,0,13,1,1,2,E01003311,-1,0,0,1
2022010409162,2022,010409162,537466,179842,-0.020913,51.500808,1,2,2,1,08/11/2022,3,07:19,-1,E09000030,E09000030,E09000030,5,0,6,20,3,13,4,6,0,0,0,0,4,2,2,4,0,13,1,1,2,E01032771,-1,0,1,0
2022010404089,2022,010404089,535868,165756,-0.049321,51.374612,1,3,2,1,11/10/2022,3,20:15,-1,E09000008,E09000008,E09000008,3,232,6,30,6,16,4,6,0,0,0,0,4,1,1,4,0,13,1,1,2,E01001063,-1,0,0,1
2022010371675,2022,010371675,542621,191774,0.05814,51.606748,1,2,2,1,19/04/2022,3,21:05,-1,E09000026,E09000026,E09000026,4,173,6,30,9,19,2,6,0,0,0,0,4,1,1,4,0,13,1,1,2,E01003657,-1,0,1,0
2022070228066,2022,070228066,372344,379473,-2.416541,53.311467,7,3,2,1,03/04/2022,1,02:52,-1,E06000049,E06000049,E06000049,1,6,3,70,0,0,-1,0,-1,0,0,0,6,1,1,4,0,13,2,1,1,E01018648,-1,0,0.0814,0.9186
2022131135949,2022,131135949,431784,435035,-1.518797,53.81064,13,3,2,1,24/01/2022,2,17:27,-1,E08000035,E08000035,E08000035,6,0,6,30,6,16,2,6,0,0,0,0,4,1,1,4,0,13,1,1,2,E01011677,3,1,0,1
2022010373190,2022,010373190,521591,182719,-0.248511,51.530299,1,2,1,1,27/04/2022,4,17:10,-1,E09000009,E09000009,E09000009,3,4000,6,20,0,0,-1,0,-1,0,1,13,1,1,1,4,0,13,1,1,2,E01001246,-1,0,1,0
2022010355355,2022,010355355,525541,180524,-0.192378,51.509709,1,3,1,1,18/01/2022,3,08:55,-1,E09000020,E09000020,E09000020,3,402,6,20,6,16,2,6,0,9,5,15,1,1,4,4,0,13,1,3,2,E01002827,-1,0,0,1
2022010389001,2022,010389001,524870,182127,-0.201474,51.524264,1,3,2,1,15/07/2022,6,19:06,-1,E09000033,E09000033,E09000033,4,414,7,20,7,17,2,3,404,0,0,0,1,9,9,4,0,13,1,3,2,E01004679,-1,0,0,1
2022201273398,2022,201273398,404741,291376,-1.931559,52.520246,20,3,2,1,14/10/2022,6,17:30,-1,E08000025,E08000025,E08000025,4,4124,6,30,0,0,-1,0,-1,0,0,0,1,2,2,4,0,13,1,2,2,E01009267,3,1,0,1
2022131239962,2022,131239962,430721,418674,-1.536559,53.663655,13,3,2,1,08/11/2022,3,20:22,-1,E08000036,E08000036,E08000036,1,1,3,70,0,0,-1,0,-1,0,0,0,6,1,1,4,0,13,1,1,1,E01011797,3,1,0,1
2022010367880,2022,010367880,506040,178412,-0.473899,51.494718,1,3,4,1,28/03/2022,2,07:54,-1,E09000017,E09000017,E09000017,1,4,3,50,0,0,-1,0,-1,0,0,0,1,1,1,4,0,13,2,1,1,E01002446,-1,0,0,1
2022010416413,2022,010416413,534353,179188,-0.065983,51.495679,1,3,2,1,14/12/2022,4,10:40,-1,E09000028,E09000028,E09000028,5,0,6,20,3,13,4,6,0,0,0,0,1,9,9,4,0,13,1,3,2,E01004022,-1,0,0,1
2022041187171,2022,041187171,336857,428167,-2.958933,53.746037,4,3,2,1,03/05/2022,3,12:34,-1,E07000119,E10000017,E10000017,6,0,6,30,8,18,4,6,0,0,0,0,1,1,1,4,0,13,1,1,2,E01025021,3,1,0,1
2022610047722,2022,610047722,354060,191386,-2.664954,51.619413,61,3,2,1,12/09/2022,2,07:00,-1,W06000021,W06000021,W06000021,1,48,3,50,0,0,-1,0,-1,0,0,0,1,1,1,4,0,13,2,1,-1,W01001593,-1,0,0.1868,0.8132
20225222BR532,2022,5222BR532,359363,175504,-2.586522,51.477028,52,3,1,1,09/06/2022,5,18:00,-1,E06000023,E06000023,E06000023,6,0,6,30,3,13,4,6,0,0,0,0,1,2,2,4,0,13,1,1,2,E01014508,-1,0,0.24415,0.75585
2022351150072,2022,351150072,516154,297907,-0.287736,52.566602,35,3,2,1,26/02/2022,7,13:30,-1,E06000031,E06000031,E06000031,3,1260,3,70,0,0,-1,0,-1,0,0,0,1,1,1,4,0,13,2,1,2,E01015689,3,1,0,1
2022010413874,2022,010413874,521459,185306,-0.249521,51.553577,1,3,1,1,02/09/2022,6,20:01,-1,E09000005,E09000005,E09000005,4,453,9,30,99,-1,9,6,0,9,9,99,4,1,1,4,0,13,1,3,2,E01000506,-1,0,0,1
2022010387232,2022,010387232,505830,178396,-0.476928,51.494613,1,3,3,1,08/07/2022,6,20:25,-1,E09000017,E09000017,E09000017,1,4,3,70,0,0,-1,0,-1,0,0,0,4,1,1,4,0,13,1,1,1,E01002446,-1,0,0,1
2022010393174,2022,010393174,528798,174043,-0.147832,51.450733,1,2,2,1,10/08/2022,4,06:50,-1,E09000032,E09000032,E09000032,3,24,6,30,6,16,2,6,0,0,5,15,1,1,1,4,0,13,1,1,2,E01004476,-1,0,1,0
2022440077982,2022,440077982,442722,115607,-1.393354,50.938333,44,3,2,1,25/02/2022,6,09:25,-1,E06000045,E06000045,E06000045,3,35,6,30,6,16,2,6,0,0,5,15,1,1,2,4,0,13,1,2,2,E01017149,-1,0,0,1
2022010394827,2022,010394827,539431,187230,0.010302,51.566715,1,3,2,1,17/08/2022,4,15:00,-1,E09000031,E09000031,E09000031,3,11,6,20,3,13,4,6,0,9,1,13,1,2,2,4,9,13,1,3,2,E01004440,-1,0,0,1
2022610002822,2022,610002822,323838,209740,-3.105425,51.781122,61,3,2,1,06/02/2022,1,23:23,-1,W06000020,W06000020,W06000020,4,4248,6,40,0,0,-1,0,-1,0,0,0,4,4,1,4,0,13,2,1,-1,W01001489,-1,0,0.20059,0.79941
2022131149201,2022,131149201,420539,425276,-1.690211,53.72349,13,3,1,1,02/03/2022,4,09:51,-1,E08000034,E08000034,E08000034,6,0,6,30,9,19,1,6,0,2,0,12,1,2,2,4,0,13,1,1,2,E01011245,3,1,0,1
2022010377448,2022,010377448,538698,188853,0.000373,51.581479,1,2,1,1,09/05/2022,2,23:20,-1,E09000031,E09000031,E09000031,4,160,9,30,99,-1,9,3,104,0,5,15,4,1,1,4,2,13,1,3,2,E01004363,-1,0,1,0
2022231269136,2022,231269136,418078,293149,-1.73491,52.535909,23,3,3,4,10/08/2022,4,12:25,-1,E07000218,E10000031,E10000031,3,4097,6,40,0,0,-1,0,-1,0,0,0,1,1,1,4,2,13,2,1,2,E01031023,3,1,0,1
2022170M11622,2022,170M11622,448655,520434,-1.248823,54.576786,17,3,3,1,02/10/2022,1,11:58,-1,E06000002,E06000002,E06000002,3,66,3,50,0,0,-1,0,-1,0,0,0,1,1,1,4,0,13,1,1,2,E01033468,-1,0,0.05431,0.94569
2022070055078,2022,070055078,355269,379618,-2.672818,53.3116,7,3,3,2,24/01/2022,2,08:20,-1,E06000050,E06000050,E06000050,1,56,3,70,0,0,-1,0,-1,0,0,0,1,1,1,4,2,13,2,1,1,E01018708,-1,0,0.10997,0.89003
2022010385405,2022,010385405,530836,169084,-0.12035,51.405701,1,3,2,1,28/06/2022,3,20:20,-1,E09000008,E09000008,E09000008,3,23,6,30,3,13,4,6,0,0,4,14,1,1,1,4,0,13,1,3,2,E01001090,-1,0,0,1
2022461222136,2022,461222136,602944,140358,0.898886,51.126542,46,3,2,1,11/09/2022,1,04:28,-1,E07000105,E10000016,E10000016,3,2070,1,40,1,0,-1,6,0,2,0,12,5,1,1,4,0,13,1,3,1,E01024034,3,1,0,1
2022041140073,2022,041140073,358250,440945,-2.63631,53.863034,4,3,1,1,30/01/2022,1,10:00,-1,E07000123,E10000017,E10000017,6,0,6,40,0,0,-1,0,-1,0,0,0,1,9,1,4,2,13,2,2,2,E01025279,3,1,0,1
2022231257889,2022,231257889,424926,301933,-1.633296,52.614605,23,3,4,2,24/12/2022,7,11:30,-1,E07000218,E10000031,E10000031,1,42,3,70,0,0,-1,0,-1,0,0,0,1,1,1,4,0,13,2,1,1,E01031040,3,1,0,1
2022131240428,2022,131240428,428557,419479,-1.569233,53.671012,13,3,1,1,08/11/2022,3,19:55,-1,E08000036,E08000036,E08000036,4,6128,6,30,0,0,-1,0,-1,0,0,0,7,1,1,4,0,13,1,2,2,E01011796,3,1,0,1
2022101175496,2022,101175496,426673,557494,-1.585485,54.91145,10,2,2,1,10/05/2022,3,07:40,-1,E08000037,E08000037,E08000037,3,167,1,50,1,0,4,3,1,0,0,0,1,1,1,4,0,13,2,2,2,E01008224,6,1,1,0
2022010411928,2022,010411928,523417,179745,-0.22324,51.503175,1,2,2,1,21/11/2022,2,19:57,-1,E09000013,E09000013,E09000013,3,219,6,20,6,16,2,3,402,0,1,13,4,8,2,4,0,13,1,1,2,E01001943,-1,0,1,0
2022010388288,2022,010388288,528126,178358,-0.155935,51.489664,1,3,3,2,14/07/2022,5,03:00,-1,E09000020,E09000020,E09000020,3,3216,6,20,3,13,2,3,3214,0,4,14,4,1,1,4,0,13,1,1,2,E01002902,-1,0,0,1
2022010380758,2022,010380758,530410,180288,-0.122344,51.506486,1,3,2,1,06/06/2022,2,18:01,-1,E09000033,E09000033,E09000033,3,3211,9,30,9,19,4,4,308,0,5,15,1,1,9,4,0,13,2,3,2,E01004733,-1,0,0,1
2022351249230,2022,351249230,561554,285436,0.375491,52.443012,35,3,2,1,28/11/2022,2,11:10,-1,E07000009,E10000003,E10000003,3,1101,6,60,3,13,4,4,1382,0,0,0,1,1,2,4,0,13,2,1,2,E01018044,3,1,0,1
2022440295453,2022,440295453,447245,125729,-1.327674,51.028995,44,3,2,1,22/07/2022,6,20:15,-1,E07000094,E10000014,E10000014,1,3,3,70,0,0,-1,0,-1,0,0,0,1,1,1,4,0,13,2,1,1,E01023229,-1,0,0,1
2022991246961,2022,991246961,261105,659073,-4.217588,55.804906,99,2,2,1,28/08/2022,1,13:20,-1,S12000049,S12000049,S12000049,6,0,6,30,0,0,-1,0,-1,0,0,0,1,1,1,4,0,13,1,1,-1,-1,5,1,1,0
2022552200469,2022,552200469,413522,104674,-1.809323,50.841438,55,3,2,1,22/04/2022,6,17:21,-1,E06000059,E06000059,E06000059,3,31,6,50,5,0,4,4,3081,0,0,0,1,1,1,4,0,13,2,1,1,E01020403,-1,0,0.02792,0.97208
2022010366459,2022,010366459,516135,187929,-0.32541,51.578271,1,3,2,1,19/03/2022,7,15:04,-1,E09000005,E09000005,E09000005,3,404,1,30,1,0,4,3,4006,9,9,99,1,1,1,4,0,13,1,3,2,E01000568,-1,0,0,1
2022010398826,2022,010398826,529192,182864,-0.13894,51.529916,1,3,2,1,11/09/2022,1,10:50,-1,E09000007,E09000007,E09000007,3,400,3,20,0,0,-1,0,-1,0,0,0,1,1,1,4,0,13,1,1,2,E01000950,-1,0,0,1
2022041170957,2022,041170957,342228,462315,-2.883958,54.05354,4,3,2,2,11/04/2022,2,16:13,-1,E07000121,E10000017,E10000017,4,5273,6,40,0,0,-1,0,-1,0,0,0,1,1,1,4,0,13,1,1,2,E01025115,3,1,0,1
2022522201444,2022,522201444,337238,159712,-2.902265,51.333024,52,3,1,1,15/03/2022,3,21:20,-1,E06000024,E06000024,E06000024,4,3368,6,40,3,13,4,3,371,0,0,0,7,1,1,4,0,13,2,2,2,E01014769,-1,0,0.23144,0.76856
2022141224132,2022,141224132,435410,388354,-1.469019,53.390844,14,3,2,1,28/09/2022,4,10:30,-1,E08000019,E08000019,E08000039,6,0,6,30,6,16,2,6,0,0,0,0,1,1,1,4,0,13,1,1,2,E01033270,3,1,0,1
2022010355638,2022,010355638,529670,185242,-0.131178,51.551176,1,3,2,1,19/01/2022,4,20:54,-1,E09000007,E09000007,E09000007,3,5200,6,20,0,0,-1,0,-1,0,0,0,4,1,1,4,0,13,1,1,2,E01000926,-1,0,0,1
2022010383615,2022,010383615,537381,177616,-0.023002,51.480825,1,3,2,1,21/06/2022,3,07:40,-1,E09000023,E09000023,E09000011,3,200,6,20,7,17,2,3,2209,0,9,0,1,1,1,4,0,13,1,3,2,E01033727,-1,0,0,1
2022302200370,2022,302200370,430695,319122,-1.546497,52.768828,30,3,2,1,02/03/2022,4,00:10,-1,E07000039,E10000007,E10000007,6,0,6,30,9,19,2,6,0,0,0,0,5,2,2,4,0,13,1,1,2,E01033536,-1,0,0.00523,0.99477
2022101190439,2022,101190439,428623,565778,-1.554248,54.985782,10,3,2,1,22/06/2022,4,03:15,-1,E08000021,E08000021,E08000021,3,193,6,30,0,0,-1,0,-1,0,0,0,4,1,1,4,0,13,1,1,2,E01008433,3,1,0,1
2022010359421,2022,010359421,518428,167615,-0.299141,51.395223,1,3,2,1,09/02/2022,4,14:44,-1,E09000021,E09000021,E09000021,4,3370,6,20,6,16,2,3,240,0,5,15,1,1,2,4,2,13,1,1,2,E01002990,-1,0,0,1
2022430202542,2022,430202542,444892,246152,-1.345874,52.11188,43,3,1,2,10/05/2022,3,21:30,-1,E07000177,E10000025,E10000025,3,422,6,50,0,0,-1,0,-1,0,0,0,6,1,1,4,0,13,2,1,2,E01028479,-1,0,0.05548,0.94452
2022471242206,2022,471242206,506514,103150,-0.48933,50.818112,47,3,2,1,14/11/2022,2,20:04,-1,E07000224,E10000032,E10000032,3,259,1,50,1,0,4,4,2140,0,0,0,4,1,1,4,0,13,2,1,2,E01031388,3,1,0,1
2022610033022,2022,610033022,321894,192209,-3.129666,51.62326,61,3,2,1,31/08/2022,4,14:15,-1,W06000018,W06000018,W06000018,3,467,6,50,0,0,-1,0,-1,0,0,0,1,1,1,4,0,13,2,1,-1,W01001354,-1,0,0.179,0.821
2022141183890,2022,141183890,435636,390997,-1.465323,53.414584,14,2,2,3,02/06/2022,5,10:45,-1,E08000019,E08000019,E08000039,6,0,9,30,6,16,2,6,0,0,0,0,1,1,1,4,0,13,1,1,2,E01007941,7,1,1,0
2022131161862,2022,131161862,420112,427473,-1.69654,53.743253,13,3,2,1,01/04/2022,6,22:50,-1,E08000034,E08000034,E08000034,1,62,3,70,0,0,-1,0,-1,0,0,0,4,1,2,4,0,13,2,1,1,E01011057,3,1,0,1
2022501155154,2022,501155154,297294,113667,-3.462322,50.913301,50,3,2,2,07/03/2022,2,15:58,-1,E07000042,E10000008,E10000008,3,361,3,70,0,0,-1,0,-1,0,0,0,1,1,1,4,0,13,1,1,2,E01020066,3,1,0,1
2022440101823,2022,440101823,458756,107332,-1.16651,50.862521,44,3,2,1,14/03/2022,2,09:34,-1,E07000087,E10000014,E10000014,1,27,3,60,0,0,-1,0,-1,0,0,0,1,1,1,4,0,13,2,1,1,E01022720,-1,0,0,1
2022451140088,2022,451140088,494751,139547,-0.646783,51.147355,45,3,2,1,04/02/2022,6,09:21,-1,E07000216,E10000030,E10000030,3,283,6,30,0,0,-1,0,-1,0,0,0,1,1,2,4,0,13,2,2,2,E01030941,3,1,0,1
2022201269871,2022,201269871,399080,298768,-2.015012,52.586718,20,3,2,1,10/07/2022,1,22:20,-1,E08000030,E08000030,E08000030,1,6,7,60,0,0,-1,0,-1,0,0,0,6,1,1,4,0,13,2,1,1,E01010260,3,1,0,1
2022010367580,2022,010367580,529398,184168,-0.135493,51.541587,1,2,2,1,26/03/2022,7,12:17,-1,E09000007,E09000007,E09000007,3,5202,2,30,9,19,4,6,0,0,0,0,1,1,1,4,0,13,1,1,2,E01000867,-1,0,1,0
2022440393867,2022,440393867,447269,125723,-1.327333,51.028939,44,3,2,1,27/09/2022,3,17:40,-1,E07000094,E10000014,E10000014,1,3,7,50,5,0,2,1,3,0,0,0,1,1,1,4,0,13,2,1,1,E01023229,-1,0,0,1
2022320274172,2022,320274172,503381,373512,-0.452076,53.248568,32,3,1,2,13/05/2022,6,09:19,-1,E07000142,E10000019,E10000019,5,0,6,30,0,0,-1,0,-1,2,0,12,1,1,1,4,0,13,2,1,2,E01026369,-1,0,0.1799,0.8201
2022991223328,2022,991223328,324191,676440,-3.216305,55.974942,99,3,3,1,26/09/2022,2,14:14,-1,S12000036,S12000036,S12000036,6,0,6,20,0,0,-1,0,-1,0,0,0,1,1,1,4,0,13,1,1,-1,-1,3,1,0,1
2022061236565,2022,061236565,384424,402286,-2.236374,53.517017,6,3,2,1,31/10/2022,2,21:58,-1,E08000003,E08000003,E08000003,6,0,6,30,3,13,4,6,0,0,0,0,4,2,2,4,0,13,1,1,2,E01005166,3,1,0,1
2022010377182,2022,010377182,517637,179334,-0.306614,51.500713,1,3,2,1,18/05/2022,4,17:45,-1,E09000009,E09000009,E09000009,4,455,6,20,3,13,4,6,0,0,5,15,1,1,1,4,0,13,1,3,2,E01001303,-1,0,0,1
2022010366299,2022,010366299,524641,182295,-0.204714,51.525824,1,2,1,2,19/03/2022,7,13:55,-1,E09000033,E09000033,E09000033,3,404,6,20,3,13,2,6,0,0,5,15,1,1,1,4,0,13,1,1,2,E01004679,-1,0,1,0
2022332200067,2022,332200067,453550,319300,-1.207753,52.768651,33,3,2,1,21/01/2022,6,23:55,-1,E07000130,E10000018,E10000018,4,5350,2,30,6,16,4,4,5350,0,4,14,4,1,4,4,0,13,1,1,2,E01025718,-1,0,0.06069,0.93931
2022371208039,2022,371208039,578157,277246,0.61515,52.364304,37,2,2,4,29/07/2022,6,03:30,-1,E07000245,E10000029,E10000029,3,11,3,70,0,0,-1,0,-1,0,0,0,6,1,1,4,0,13,2,1,1,E01032525,6,1,1,0
2022010370693,2022,010370693,518083,169144,-0.30359,51.409036,1,3,2,1,13/04/2022,4,21:05,-1,E09000021,E09000021,E09000021,5,0,6,20,3,13,4,6,0,9,9,99,7,9,9,4,0,13,1,3,2,E01002968,-1,0,0,1
2022010411279,2022,010411279,542313,190114,0.053022,51.59191,1,2,1,2,18/11/2022,6,10:31,-1,E09000026,E09000026,E09000026,5,0,6,30,3,13,4,6,0,0,0,0,1,1,1,4,0,13,1,1,2,E01003678,-1,0,1,0
2022361221947,2022,361221947,621118,319432,1.273187,52.727305,36,3,2,3,31/08/2022,4,12:46,-1,E07000144,E10000020,E10000020,3,140,6,60,3,13,4,6,0,0,0,0,1,1,1,4,0,13,2,1,2,E01026533,3,1,0,1
2022471141854,2022,471141854,529744,138811,-0.147017,51.133886,47,3,2,1,09/02/2022,4,11:20,-1,E07000226,E10000032,E10000032,4,2036,6,40,0,0,-1,0,-1,0,0,0,1,1,1,4,2,13,2,1,2,E01031587,3,1,0,1
2022991153285,2022,991153285,282407,680316,-3.887191,56.001326,99,3,2,1,26/02/2022,7,11:40,-1,S12000014,S12000014,S12000014,3,803,6,30,2,0,4,3,803,0,0,0,1,9,1,4,0,13,1,2,-1,-1,3,1,0,1
2022991132226,2022,991132226,326155,674544,-3.184322,55.958217,99,3,2,1,14/01/2022,6,17:05,-1,S12000036,S12000036,S12000036,3,900,3,20,1,0,4,3,900,0,4,14,5,1,2,4,0,13,1,1,-1,-1,3,1,0,1
2022070837044,2022,070837044,366244,386138,-2.508803,53.371019,7,1,3,1,15/11/2022,3,00:28,-1,E06000007,E06000007,E06000007,1,6,3,70,0,0,-1,0,-1,0,0,0,4,2,2,4,0,13,2,1,1,E01012513,-1,0,0,0
2022131147156,2022,131147156,443293,424569,-1.345492,53.715749,13,3,2,1,24/02/2022,5,13:30,-1,E08000036,E08000036,E08000036,3,6539,6,30,3,13,4,6,0,0,0,0,1,1,1,4,0,13,1,2,2,E01011749,3,1,0,1
2022010384607,2022,010384607,519477,191319,-0.27605,51.60804,1,3,2,1,25/06/2022,7,15:45,-1,E09000003,E09000003,E09000003,3,5,6,30,3,13,4,6,0,0,0,0,1,1,1,4,0,13,1,1,2,E01000194,-1,0,0,1
2022461143186,2022,461143186,564607,173375,0.366771,51.435464,46,3,2,2,17/01/2022,2,17:58,-1,E07000109,E10000016,E10000016,3,227,6,30,6,16,4,6,0,0,0,0,4,1,1,4,0,13,1,1,2,E01024291,3,1,0,1
2022161244413,2022,161244413,474832,427077,-0.86708,53.734725,16,3,1,1,20/11/2022,1,08:15,-1,E06000011,E06000011,E06000011,3,614,3,70,1,0,4,1,62,0,0,0,1,1,2,4,0,13,2,1,2,E01013016,3,1,0,1
2022332200389,2022,332200389,458305,300445,-1.140618,52.598679,33,2,1,1,19/04/2022,3,14:00,-1,E06000016,E06000016,E06000016,6,0,6,30,3,13,4,6,0,0,0,0,1,1,1,4,0,13,1,1,2,E01013693,-1,0,1,0
2022010365066,2022,010365066,529177,183076,-0.139079,51.531824,1,2,1,1,13/03/2022,1,01:00,-1,E09000007,E09000007,E09000007,3,400,6,30,6,16,4,5,0,0,0,0,4,1,1,4,0,13,1,1,2,E01000954,-1,0,1,0
2022010369393,2022,010369393,543668,183876,0.070022,51.535515,1,3,2,1,05/04/2022,3,21:52,-1,E09000025,E09000025,E09000002,6,0,6,30,9,19,4,6,0,0,1,13,4,1,1,4,0,13,1,1,2,E01003622,-1,0,0,1
2022031148596,2022,031148596,344190,554636,-2.871451,54.883346,3,3,3,2,24/01/2022,2,12:13,-1,E07000028,E10000006,E06000063,6,0,6,30,0,0,-1,0,-1,0,0,0,1,1,1,4,0,13,1,1,2,E01019251,3,1,0,1
2022471132413,2022,471132413,557672,117174,0.242437,50.93247,47,3,2,1,15/01/2022,7,09:38,-1,E07000065,E10000011,E10000011,6,0,6,30,2,0,4,3,267,0,0,0,1,1,2,4,0,13,2,1,2,E01021200,3,1,0,1
2022041132055,2022,041132055,355031,423617,-2.682718,53.707032,4,3,2,1,14/01/2022,6,08:25,-1,E07000126,E10000017,E10000017,6,0,6,30,6,16,2,4,5254,0,0,0,5,1,2,4,0,13,2,1,2,E01025417,3,1,0,1
2022320152609,2022,320152609,484603,343060,-0.741437,52.978222,32,2,4,3,16/03/2022,4,11:15,-1,E07000141,E10000019,E10000019,3,1,3,70,0,0,-1,0,-1,0,0,0,1,1,1,4,0,13,2,1,1,E01026355,-1,0,1,0
2022231187974,2022,231187974,443104,282128,-1.367396,52.435436,23,3,4,1,10/06/2022,6,21:50,-1,E07000220,E10000031,E10000031,1,6,3,70,0,0,-1,0,-1,0,0,0,1,1,1,4,0,13,2,1,1,E01031159,3,1,0,1
2022471181843,2022,471181843,527011,138400,-0.186202,51.130804,47,3,2,2,27/05/2022,6,02:20,-1,E07000226,E10000032,E10000032,3,23,3,40,6,16,2,6,0,0,0,0,4,8,1,4,0,13,1,1,2,E01031575,3,1,0,1
2022221148569,2022,221148569,385150,251636,-2.218512,52.162794,22,2,3,2,18/02/2022,6,22:05,-1,E07000235,E10000034,E10000034,3,4440,6,30,0,0,-1,0,-1,0,0,0,4,1,2,4,0,13,2,1,2,E01032206,7,1,1,0
2022991243492,2022,991243492,335796,670031,-3.02886,55.919063,99,3,2,1,16/11/2022,4,14:40,-1,S12000010,S12000010,S12000010,3,6124,6,40,0,0,-1,0,-1,0,0,0,1,1,2,4,0,13,2,1,-1,-1,3,1,0,1
2022070051430,2022,070051430,392022,374939,-2.121086,53.271379,7,3,3,1,22/01/2022,7,13:07,-1,E06000049,E06000049,E06000049,3,523,3,70,0,0,-1,0,-1,0,0,0,1,1,1,4,0,13,1,1,2,E01018629,-1,0,0.04299,0.95701
2022122200354,2022,122200354,455869,422184,-1.155386,53.693123,12,2,1,1,19/03/2022,7,12:00,-1,E07000169,E06000065,E06000065,3,19,1,60,1,0,4,1,62,0,0,0,1,1,1,4,0,13,2,1,2,E01027924,-1,0,1,0
2022201195938,2022,201195938,407787,288085,-1.886745,52.490626,20,3,2,1,04/05/2022,4,18:45,-1,E08000025,E08000025,E08000025,3,4540,3,40,0,0,-1,0,-1,0,4,14,1,1,1,4,0,13,1,2,2,E01033561,3,1,0,1
2022010365257,2022,010365257,532677,182458,-0.088882,51.52546,1,2,2,1,10/03/2022,5,09:20,-1,E09000019,E09000019,E09000019,3,5201,6,20,3,13,4,6,0,9,4,14,1,1,1,4,0,13,1,3,2,E01002704,-1,0,1,0
2022010409425,2022,010409425,525343,182008,-0.194702,51.523089,1,2,2,1,09/11/2022,4,13:30,-1,E09000033,E09000033,E09000033,3,404,3,20,3,13,4,6,0,0,8,17,1,1,1,4,0,13,1,1,2,E01004755,-1,0,1,0
2022531231422,2022,531231422,398685,207753,-2.020458,51.768454,53,2,3,2,17/10/2022,2,20:57,-1,E07000079,E10000013,E10000013,3,417,3,70,0,0,-1,0,-1,0,0,0,6,1,1,4,0,13,2,1,1,E01022201,5,1,1,0
2022440083343,2022,440083343,439333,144565,-1.438443,51.198955,44,3,3,3,01/03/2022,3,11:15,-1,E07000093,E10000014,E10000014,3,303,3,70,5,0,4,6,0,0,0,0,1,1,2,4,0,13,2,1,1,E01023178,-1,0,0,1
2022041171913,2022,041171913,353768,429561,-2.702741,53.760343,4,2,1,1,02/05/2022,2,00:23,-1,E07000123,E10000017,E10000017,3,59,3,30,0,0,-1,0,-1,0,5,15,4,1,1,4,0,13,1,1,2,E01033223,7,1,1,0
2022430363128,2022,430363128,443963,234709,-1.360909,52.009081,43,3,2,2,14/08/2022,1,11:55,-1,E07000177,E10000025,E10000025,4,4035,6,30,0,0,-1,0,-1,0,0,0,1,1,2,4,0,13,2,3,2,E01028423,-1,0,0.00215,0.99785
2022451135519,2022,451135519,528881,154411,-0.153747,51.274282,45,3,1,1,24/01/2022,2,05:35,-1,E07000211,E10000030,E10000030,3,23,6,40,0,0,-1,0,-1,0,8,17,4,1,2,4,2,13,1,1,2,E01030598,3,1,0,1
2022451191798,2022,451191798,499455,170486,-0.570949,51.424669,45,2,2,1,24/06/2022,6,18:13,-1,E07000212,E10000030,E10000030,3,30,6,40,6,16,2,3,328,0,5,15,1,1,1,4,2,13,1,1,2,E01030675,7,1,1,0
2022991261721,2022,991261721,385768,800850,-2.236526,57.098407,99,2,4,2,29/12/2022,5,10:00,-1,S12000033,S12000033,S12000033,3,90,3,70,0,0,-1,0,-1,0,0,0,1,1,1,4,0,13,2,1,-1,-1,6,1,1,0
2022430098038,2022,430098038,501790,177675,-0.53531,51.488874,43,3,2,1,05/03/2022,7,06:40,-1,E06000039,E06000039,E06000039,3,4,1,40,1,0,4,6,0,0,5,15,1,1,1,4,0,13,1,1,2,E01016480,-1,0,0.01318,0.98682
2022430173971,2022,430173971,487944,178114,-0.734569,51.49514,43,2,2,1,23/04/2022,7,10:03,-1,E06000040,E06000040,E06000040,1,4,6,50,0,0,-1,0,-1,0,0,0,1,1,1,4,0,13,2,1,1,E01016562,-1,0,1,0
2022010356063,2022,010356063,531009,175271,-0.115577,51.461262,1,3,2,1,21/01/2022,6,17:30,-1,E09000022,E09000022,E09000022,3,23,6,30,7,17,2,3,23,0,5,15,4,1,1,4,0,13,1,1,2,E01003050,-1,0,0,1
2022010356538,2022,010356538,537065,177720,-0.027509,51.481836,1,2,1,1,24/01/2022,2,17:21,-1,E09000023,E09000023,E09000023,3,200,6,30,0,0,-1,0,-1,0,0,0,4,1,1,4,0,13,1,1,2,E01003253,-1,0,1,0
2022361230460,2022,361230460,620622,311152,1.260309,52.653194,36,2,2,1,13/10/2022,5,16:12,-1,E07000144,E10000020,E10000020,3,1067,3,40,6,16,2,6,0,0,0,0,1,1,1,4,0,13,1,1,2,E01026531,6,1,1,0
2022451211964,2022,451211964,507688,159386,-0.45594,51.323395,45,3,2,1,23/08/2022,3,23:28,-1,E07000209,E10000030,E10000030,1,25,7,50,0,0,-1,0,-1,0,0,0,4,1,1,4,0,13,2,1,1,E01030458,3,1,0,1
2022351154208,2022,351154208,546049,257287,0.13534,52.194483,35,3,2,1,15/03/2022,3,12:00,-1,E07000008,E10000003,E10000003,6,0,6,30,0,0,-1,0,-1,0,0,0,1,1,1,4,0,13,1,3,2,E01032795,3,1,0,1
2022302200118,2022,302200118,431851,318821,-1.529394,52.766056,30,2,2,1,11/01/2022,3,13:35,-1,E07000039,E10000007,E10000007,3,511,6,30,3,13,4,6,0,0,0,0,1,1,1,4,0,13,1,1,2,E01019883,-1,0,1,0
2022531249190,2022,531249190,394294,223275,-2.084351,51.907982,53,3,2,1,02/12/2022,6,10:39,-1,E07000078,E10000013,E10000013,6,0,6,30,2,0,4,6,0,0,0,0,1,7,1,4,6,13,1,1,2,E01022151,3,1,0,1
2022361178207,2022,361178207,652844,307749,1.733056,52.608619,36,3,3,1,17/05/2022,3,12:00,-1,E07000145,E10000020,E10000020,6,0,6,30,6,16,4,6,0,0,0,0,1,1,1,4,2,13,1,1,2,E01026598,3,1,0,1
2022161129187,2022,161129187,504209,422009,-0.423609,53.684156,16,3,2,1,06/01/2022,5,17:00,-1,E06000013,E06000013,E06000013,6,0,6,30,0,0,-1,0,-1,0,0,0,4,1,2,4,0,13,2,1,2,E01013259,3,1,0,1
2022401197192,2022,401197192,506819,223581,-0.448864,51.900546,40,3,2,1,04/07/2022,2,17:29,-1,E06000032,E06000032,E06000032,4,579,6,30,3,13,4,6,0,0,0,0,1,1,1,4,0,13,1,1,2,E01015785,3,1,0,1
2022101249005,2022,101249005,426135,571714,-1.592586,55.039259,10,3,1,2,01/12/2022,5,18:30,-1,E08000022,E08000022,E08000022,3,189,1,60,1,0,4,3,189,0,0,0,4,1,2,4,0,13,2,1,2,E01008516,3,1,0,1
2022010386063,2022,010386063,525557,181156,-0.191922,51.515385,1,3,1,2,02/07/2022,7,15:40,-1,E09000033,E09000033,E09000033,3,4206,6,20,3,13,4,6,0,0,0,0,1,1,1,4,0,13,1,1,2,E01004699,-1,0,0,1
2022302201139,2022,302201139,435168,378663,-1.473731,53.303755,30,2,4,2,06/07/2022,4,15:45,-1,E07000038,E10000007,E10000007,4,6057,6,30,0,0,-1,0,-1,0,0,0,1,1,1,4,0,13,1,1,2,E01019780,-1,0,1,0
2022201276562,2022,201276562,413830,276422,-1.798225,52.385658,20,3,2,1,12/12/2022,2,14:16,-1,E08000029,E08000029,E08000029,3,34,3,40,0,0,-1,0,-1,0,0,0,1,8,1,4,0,13,2,1,2,E01010215,3,1,0,1
2022440364708,2022,440364708,485098,156085,-0.78083,51.297544,44,3,1,1,08/09/2022,5,12:37,-1,E07000092,E10000014,E10000014,6,0,6,30,3,13,4,6,0,0,0,0,1,1,1,4,0,13,1,2,2,E01023132,-1,0,0,1
2022221204727,2022,221204727,390522,259184,-2.140191,52.230772,22,2,2,2,01/08/2022,2,14:40,-1,E07000238,E10000034,E10000034,1,5,3,70,0,0,-1,0,-1,0,0,0,1,1,1,4,0,13,2,1,1,E01032346,7,1,1,0
2022221197337,2022,221197337,364666,313551,-2.524534,52.718452,22,3,3,2,01/07/2022,6,16:31,-1,E06000020,E06000020,E06000020,3,442,1,40,1,0,4,3,442,0,0,0,1,1,1,4,0,13,2,1,2,E01014135,3,1,0,1
2022141138528,2022,141138528,436405,390850,-1.453771,53.413211,14,2,3,3,31/01/2022,2,12:45,-1,E08000019,E08000019,E08000039,3,6135,6,30,0,0,-1,0,-1,0,0,0,1,1,1,4,0,13,1,1,2,E01007948,5,1,1,0
2022471175053,2022,471175053,550767,106451,0.139828,50.837957,47,3,2,1,09/05/2022,2,14:53,-1,E07000065,E10000011,E10000011,3,27,6,60,0,0,-1,0,-1,0,0,0,1,1,1,4,0,13,2,1,1,E01021143,3,1,0,1
2022371271830,2022,371271830,573060,278591,0.541065,52.378016,37,3,3,1,09/12/2022,6,11:40,-1,E07000245,E10000029,E10000029,3,1065,6,60,0,0,-1,0,-1,0,0,0,1,1,2,4,0,13,2,1,2,E01032525,3,1,0,1
2022471177789,2022,471177789,530778,120723,-0.138776,50.971087,47,3,2,1,16/05/2022,2,08:50,-1,E07000228,E10000032,E10000032,3,273,6,60,0,0,-1,0,-1,0,0,0,1,1,2,4,0,13,2,1,2,E01031728,3,1,0,1
2022010373794,2022,010373794,535612,192185,-0.042851,51.612171,1,3,3,1,01/05/2022,1,05:44,-1,E09000010,E09000010,E09000010,6,0,6,30,0,0,-1,0,-1,0,0,0,1,1,1,4,0,13,1,1,2,E01001427,-1,0,0,1
2022991184818,2022,991184818,327133,670587,-3.167591,55.922821,99,3,1,1,01/06/2022,4,07:30,-1,S12000036,S12000036,S12000036,6,0,6,20,3,13,4,6,0,0,0,0,1,1,1,4,0,13,1,2,-1,-1,3,1,0,1
202263D040622,2022,63D040622,274399,301367,-3.85574,52.59554,63,2,2,3,28/05/2022,7,13:50,-1,W06000023,W06000023,W06000023,3,487,6,30,8,18,4,6,0,0,0,0,1,1,1,4,0,13,2,1,-1,W01000473,-1,0,1,0
2022111259407,2022,111259407,428534,521050,-1.560021,54.583852,11,2,2,1,08/12/2022,5,17:39,-1,E06000047,E06000047,E06000047,2,1,7,70,0,0,-1,0,-1,0,0,0,4,3,2,4,-1,13,2,3,1,E01020826,7,1,1,0
2022141183372,2022,141183372,440107,383578,-1.399,53.347582,14,3,2,3,31/05/2022,3,13:00,-1,E08000019,E08000019,E08000039,3,6135,6,30,0,0,-1,0,-1,0,0,0,1,1,1,4,0,13,1,1,2,E01007838,3,1,0,1
2022201253603,2022,201253603,395018,287804,-2.074798,52.48813,20,3,3,1,02/09/2022,6,16:43,-1,E08000027,E08000027,E08000027,6,0,6,30,0,0,-1,0,-1,0,0,0,1,1,1,4,0,13,1,1,2,E01009871,3,1,0,1
2022231259498,2022,231259498,430480,271127,-1.554077,52.337386,23,2,2,1,05/11/2022,7,14:07,-1,E07000222,E10000031,E10000031,3,46,3,70,0,0,-1,0,-1,0,0,0,1,1,2,4,0,13,2,1,1,E01031299,6,1,1,0
202263D011322,2022,63D011322,292058,301313,-3.595134,52.598853,63,3,2,1,12/02/2022,7,08:40,-1,W06000023,W06000023,W06000023,3,470,6,60,0,0,-1,0,-1,0,0,0,1,2,2,4,0,13,2,1,-1,W01000452,-1,0,0.08766,0.91234
2022302200846,2022,302200846,444830,360467,-1.331304,53.139478,30,3,2,1,23/05/2022,2,14:07,-1,E07000033,E10000007,E10000007,1,1,3,70,0,0,-1,0,-1,0,0,0,1,1,1,4,0,13,2,1,1,E01019522,-1,0,0.02732,0.97268
2022991207860,2022,991207860,257767,659275,-4.270904,55.805749,99,3,2,1,10/08/2022,4,13:47,-1,S12000011,S12000011,S12000011,4,767,6,30,0,0,-1,0,-1,0,0,0,1,1,1,4,0,13,1,1,-1,-1,3,1,0,1
2022061238999,2022,061238999,371448,411674,-2.432924,53.600849,6,3,2,1,06/11/2022,1,15:20,-1,E08000001,E08000001,E08000001,3,58,3,30,6,16,2,3,666,0,5,15,1,1,2,4,0,13,1,1,2,E01004766,3,1,0,1
2022311152799,2022,311152799,457261,339359,-1.14924,52.948569,31,2,2,1,11/03/2022,6,13:23,-1,E06000018,E06000018,E06000018,6,0,6,30,3,13,4,3,6008,0,4,14,1,1,2,4,2,13,1,1,2,E01033400,7,1,1,0
2022201229488,2022,201229488,398542,298582,-2.022952,52.585044,20,3,2,1,09/03/2022,4,07:03,-1,E08000030,E08000030,E08000030,4,4464,1,30,1,0,2,6,0,0,5,15,1,1,1,4,0,13,1,1,2,E01010260,3,1,0,1
2022201271774,2022,201271774,400705,297916,-1.991029,52.579059,20,3,2,1,18/09/2022,1,22:31,-1,E08000030,E08000030,E08000030,6,0,6,30,0,0,-1,0,-1,0,0,0,4,2,2,4,0,13,1,1,2,E01010340,3,1,0,1
2022131217238,2022,131217238,425950,428280,-1.607958,53.75025,13,3,2,1,07/09/2022,4,16:20,-1,E08000035,E08000035,E08000035,4,6126,6,30,3,13,4,6,0,0,0,0,1,1,1,4,0,13,1,2,2,E01011525,3,1,0,1
2022421238428,2022,421238428,592973,224452,0.802558,51.885222,42,3,1,1,04/11/2022,6,14:32,-1,E07000071,E10000012,E10000012,3,12,3,70,0,0,-1,0,-1,0,0,0,1,1,1,4,0,13,2,1,1,E01021654,3,1,0,1
2022211195083,2022,211195083,424739,324341,-1.634378,52.816048,21,2,2,1,21/04/2022,5,16:37,-1,E07000193,E10000028,E10000028,3,5121,6,30,0,0,-1,0,-1,0,0,0,1,1,1,4,0,13,1,2,2,E01029426,7,1,1,0
2022991177103,2022,991177103,344327,676112,-2.893639,55.974757,99,3,1,1,12/05/2022,5,14:15,-1,S12000010,S12000010,S12000010,3,198,6,20,3,13,4,6,0,0,4,14,1,1,1,4,0,13,2,2,-1,-1,3,1,0,1
2022991155396,2022,991155396,236720,628855,-4.58825,55.526045,99,2,4,1,19/03/2022,7,16:45,-1,S12000028,S12000028,S12000028,3,77,3,50,0,0,-1,0,-1,0,0,0,1,1,1,4,0,13,2,1,-1,-1,5,1,1,0
2022991222645,2022,991222645,270501,649853,-4.063413,55.72473,99,3,3,4,24/09/2022,7,12:20,-1,S12000029,S12000029,S12000029,3,723,6,60,0,0,-1,0,-1,0,0,0,1,1,1,4,3,13,2,1,-1,-1,3,1,0,1
2022111171462,2022,111171462,428193,514929,-1.565881,54.528865,11,1,1,1,29/04/2022,6,10:05,-1,E06000005,E06000005,E06000005,3,68,6,30,3,13,4,6,0,0,8,17,1,1,1,4,0,13,1,1,2,E01012355,1,1,0,0
2022522204152,2022,522204152,360239,179498,-2.574361,51.513001,52,2,2,1,27/09/2022,3,09:34,-1,E06000025,E06000025,E06000025,3,38,3,40,0,0,-1,0,-1,0,0,0,1,1,1,4,0,13,1,3,2,E01014910,-1,0,1,0
2022061162008,2022,061162008,386493,404065,-2.205249,53.533065,6,2,1,1,02/04/2022,7,04:30,-1,E08000005,E08000005,E08000005,1,60,3,70,0,0,-1,0,-1,0,0,0,4,1,1,4,0,13,1,2,1,E01005544,7,1,1,0
2022010354705,2022,010354705,532367,186534,-0.091816,51.562161,1,3,1,1,13/01/2022,5,17:30,-1,E09000012,E09000012,E09000012,3,105,6,20,99,-1,9,6,0,0,1,13,4,1,1,4,0,13,1,3,2,E01001719,-1,0,0,1
2022201152121,2022,201152121,391488,287178,-2.126767,52.482458,20,3,1,1,24/01/2022,2,11:00,-1,E08000027,E08000027,E08000027,6,0,2,30,0,0,-1,0,-1,0,0,0,1,8,1,4,0,13,1,1,2,E01009744,3,1,0,1
2022320139297,2022,320139297,501894,307599,-0.495056,52.656555,32,3,2,1,10/03/2022,5,08:08,-1,E07000141,E10000019,E10000019,4,1081,6,30,0,0,-1,0,-1,0,0,0,1,1,1,4,0,13,1,1,2,E01026358,-1,0,0.05993,0.94007
2022991198445,2022,991198445,406416,837331,-1.894812,57.42629,99,1,2,2,12/07/2022,3,11:05,-1,S12000034,S12000034,S12000034,3,90,6,60,0,0,-1,0,-1,0,0,0,1,1,1,4,0,13,2,1,-1,-1,1,1,0,0
2022991211040,2022,991211040,252097,668071,-4.366079,55.883009,99,2,1,1,20/08/2022,7,17:46,-1,S12000049,S12000049,S12000049,3,814,3,30,9,19,2,3,814,0,8,17,1,1,1,4,0,13,1,1,-1,-1,7,1,1,0
2022010382794,2022,010382794,533479,182280,-0.077396,51.523671,1,2,2,1,16/06/2022,5,19:42,-1,E09000012,E09000012,E09000012,3,10,3,20,3,13,2,5,0,0,4,14,1,1,1,4,2,13,1,1,2,E01033708,-1,0,1,0
2022471215939,2022,471215939,530675,136835,-0.134434,51.115915,47,2,2,1,06/09/2022,3,07:54,-1,E07000228,E10000032,E10000032,6,0,6,30,0,0,-1,0,-1,0,0,0,1,1,2,4,0,13,2,1,2,E01031719,7,1,1,0
2022471225116,2022,471225116,533044,108951,-0.110811,50.864768,47,3,3,1,30/09/2022,6,19:46,-1,E06000043,E06000043,E06000043,6,0,6,30,0,0,-1,0,-1,0,0,0,6,5,2,4,0,13,2,1,2,E01016898,3,1,0,1
2022131209060,2022,131209060,411320,422216,-1.830034,53.696266,13,3,2,2,13/08/2022,7,02:00,-1,E08000033,E08000033,E08000033,3,6025,6,40,0,0,-1,0,-1,0,0,0,7,1,1,4,0,13,2,2,2,E01010890,3,1,0,1
2022131189546,2022,131189546,428758,432719,-1.564965,53.79,13,3,3,1,20/06/2022,2,06:35,-1,E08000035,E08000035,E08000035,3,58,3,40,1,0,2,3,58,0,0,0,1,1,1,4,0,13,1,1,2,E01033013,3,1,0,1
2022010417527,2022,010417527,531989,172016,-0.102692,51.431783,1,2,1,1,20/12/2022,3,20:08,-1,E09000022,E09000022,E09000022,3,215,3,30,0,0,-1,0,-1,0,0,0,4,1,1,4,0,13,1,1,2,E01003081,-1,0,1,0
2022010381299,2022,010381299,526864,181901,-0.172829,51.521789,1,3,1,1,09/06/2022,5,17:45,-1,E09000033,E09000033,E09000033,3,5,6,20,9,19,2,3,5,0,0,0,1,1,2,4,0,13,1,1,2,E01004702,-1,0,0,1
2022320307497,2022,320307497,530469,343438,-0.058545,52.972429,32,3,1,2,29/05/2022,1,11:00,-1,E07000136,E10000019,E10000019,3,1121,6,30,1,0,4,3,52,2,1,12,1,1,1,4,2,13,2,1,2,E01026035,-1,0,0.17902,0.82098
2022201219131,2022,201219131,403525,286494,-1.94953,52.476366,20,3,2,1,01/07/2022,6,18:15,-1,E08000025,E08000025,E08000025,4,4125,6,30,6,16,4,6,0,0,0,0,1,1,1,4,0,13,1,1,2,E01008989,3,1,0,1
2022010414384,2022,010414384,531566,190639,-0.101829,51.599237,1,3,2,1,01/12/2022,5,13:51,-1,E09000014,E09000014,E09000014,3,109,2,30,3,13,3,6,0,0,1,13,1,1,1,4,3,13,1,3,2,E01002032,-1,0,0,1
2022010393379,2022,010393379,534367,181298,-0.064978,51.514636,1,3,2,1,11/08/2022,5,09:19,-1,E09000030,E09000030,E09000030,3,13,6,30,3,13,4,6,0,0,0,0,1,1,1,4,2,13,1,1,2,E01004321,-1,0,0,1
2022421228731,2022,421228731,539225,206972,0.015186,51.744161,42,3,2,1,09/10/2022,1,12:15,-1,E07000072,E10000012,E10000012,6,0,6,30,3,13,4,6,0,0,0,0,1,1,1,4,0,13,1,1,2,E01021792,3,1,0,1
2022622200610,2022,622200610,257663,198102,-4.059406,51.663621,62,3,2,1,08/08/2022,2,19:06,-1,W06000011,W06000011,W06000011,6,0,6,30,0,0,-1,0,-1,0,0,0,1,1,1,4,0,13,1,1,-1,W01000878,-1,0,0.07766,0.92234
2022131147431,2022,131147431,428511,433289,-1.568662,53.795136,13,3,2,1,25/02/2022,6,10:00,-1,E08000035,E08000035,E08000035,3,647,1,30,0,0,-1,0,-1,0,0,0,1,4,2,4,0,13,1,1,2,E01011363,3,1,0,1
2022010386049,2022,010386049,540188,190134,0.022375,51.592622,1,3,2,1,02/07/2022,7,14:10,-1,E09000026,E09000026,E09000026,3,11,6,30,6,16,4,6,0,0,0,0,1,1,1,4,0,13,1,1,2,E01003674,-1,0,0,1
2022991196567,2022,991196567,274401,659750,-4.005922,55.814627,99,2,1,1,08/07/2022,6,16:10,-1,S12000050,S12000050,S12000050,6,0,6,30,6,16,4,6,0,0,0,0,1,1,1,4,0,13,1,1,-1,-1,7,1,1,0
202254D161922,2022,54D161922,419654,177655,-1.718269,51.497499,54,3,2,2,15/12/2022,5,11:16,-1,E06000030,E06000030,E06000030,3,346,6,60,8,18,4,6,0,0,0,0,1,1,2,4,0,13,2,1,2,E01015583,-1,0,0.03721,0.96279
2022430481456,2022,430481456,504833,178372,-0.491291,51.494583,43,3,2,1,26/10/2022,4,06:50,-1,E06000039,E06000039,E06000039,1,4,3,70,0,0,-1,0,-1,0,0,0,4,2,2,4,0,13,2,1,1,E01016482,-1,0,0.01813,0.98187
2022010355301,2022,010355301,540621,169448,0.020383,51.406633,1,2,2,1,18/01/2022,3,07:50,-1,E09000006,E09000006,E09000006,3,222,6,30,3,13,4,6,0,0,0,0,1,8,1,4,0,13,1,1,2,E01000675,-1,0,1,0
2022440195348,2022,440195348,448429,111292,-1.31271,50.899084,44,3,2,1,17/05/2022,3,20:11,-1,E07000086,E10000014,E10000014,1,27,3,70,0,0,-1,0,-1,0,0,0,1,2,2,4,0,13,2,1,1,E01022657,-1,0,0,1
2022231159842,2022,231159842,426612,264853,-1.611339,52.281183,23,3,3,3,16/03/2022,4,18:46,-1,E07000222,E10000031,E10000031,3,46,3,70,0,0,-1,0,-1,0,0,0,7,2,2,4,0,13,2,1,1,E01033255,3,1,0,1
2022221187121,2022,221187121,403113,240693,-1.956003,52.064605,22,3,2,1,09/06/2022,5,14:15,-1,E07000238,E10000034,E10000034,3,46,6,60,0,0,-1,0,-1,0,0,0,1,2,2,4,0,13,2,3,1,E01032374,3,1,0,1
2022221210256,2022,221210256,403688,244022,-1.947581,52.094531,22,3,2,1,13/08/2022,7,18:27,-1,E07000238,E10000034,E10000034,6,0,6,30,3,13,4,6,0,0,0,0,1,1,1,4,0,13,1,3,2,E01032377,3,1,0,1
2022010397104,2022,010397104,532985,180002,-0.085371,51.503317,1,3,1,1,01/09/2022,5,08:40,-1,E09000028,E09000028,E09000028,3,200,6,20,3,13,4,6,0,0,0,0,1,8,1,4,9,13,1,3,2,E01003981,-1,0,0,1
2022302200412,2022,302200412,437848,369814,-1.434567,53.224033,30,3,1,1,03/03/2022,5,08:21,-1,E07000034,E10000007,E10000007,5,0,1,30,2,0,4,6,0,0,0,0,1,9,1,4,0,13,1,2,2,E01019576,-1,0,0.01978,0.98022
2022461195021,2022,461195021,551448,172993,0.177445,51.435699,46,3,2,1,28/06/2022,3,22:45,-1,E07000107,E10000016,E10000016,3,2018,1,60,1,0,4,3,2018,0,0,0,1,1,1,4,0,13,2,1,2,E01024152,3,1,0,1
2022451146272,2022,451146272,527805,150015,-0.170733,51.235016,45,2,2,1,22/02/2022,3,17:45,-1,E07000211,E10000030,E10000030,3,23,6,30,0,0,-1,0,-1,0,4,14,4,1,1,4,1,13,1,1,2,E01030613,7,1,1,0
2022061212527,2022,061212527,381494,385898,-2.279592,53.369619,6,2,3,1,24/08/2022,4,04:00,-1,E08000003,E08000003,E08000003,1,56,7,70,0,0,-1,0,-1,0,0,0,4,1,1,4,0,13,1,1,2,E01005316,7,1,1,0
2022052200474,2022,052200474,336916,390167,-2.950346,53.404536,5,3,2,1,24/02/2022,5,12:24,-1,E08000012,E08000012,E08000012,4,5178,6,30,3,13,4,6,0,0,0,0,1,1,1,4,0,13,1,1,2,E01033763,-1,0,0.11204,0.88796
2022201263728,2022,201263728,406206,292314,-1.909952,52.528664,20,3,2,1,26/05/2022,5,10:15,-1,E08000025,E08000025,E08000025,6,0,6,30,3,13,2,3,34,0,8,17,1,1,1,4,0,13,1,1,2,E01009241,3,1,0,1
2022010354825,2022,010354825,526743,181257,-0.174803,51.516028,1,3,1,1,13/01/2022,5,12:11,-1,E09000033,E09000033,E09000033,3,4205,2,20,3,13,2,5,0,0,5,15,1,1,1,4,0,13,1,1,2,E01033594,-1,0,0,1
2022351176435,2022,351176435,537623,303363,0.031076,52.610617,35,3,3,2,25/04/2022,2,23:41,-1,E07000010,E10000003,E10000003,3,47,6,60,0,0,-1,0,-1,0,0,0,6,1,1,4,0,13,2,1,1,E01018091,3,1,0,1
2022361170101,2022,361170101,622814,312117,1.29331,52.66096,36,3,3,2,25/04/2022,2,09:05,-1,E07000144,E10000020,E10000020,6,0,6,30,0,0,-1,0,-1,0,0,0,1,1,1,4,0,13,1,1,2,E01026543,3,1,0,1
2022451135301,2022,451135301,498964,160718,-0.580727,51.336951,45,3,2,1,23/01/2022,1,00:52,-1,E07000214,E10000030,E10000030,3,3046,6,40,0,0,-1,0,-1,0,0,0,6,1,1,4,0,13,1,1,2,E01030764,3,1,0,1
2022991160001,2022,991160001,254575,667789,-4.326349,55.881232,99,3,2,2,24/03/2022,5,15:30,-1,S12000049,S12000049,S12000049,3,739,3,30,0,0,-1,0,-1,0,0,0,1,9,1,4,0,13,1,2,-1,-1,3,1,0,1
2022501256455,2022,501256455,290412,62953,-3.545127,50.456145,50,3,2,1,15/12/2022,5,15:00,-1,E06000027,E06000027,E06000027,3,3022,6,30,3,13,4,6,0,0,0,0,1,1,1,4,-1,13,2,2,2,E01015208,3,1,0,1
2022010360964,2022,010360964,537153,173416,-0.027911,51.443139,1,3,2,1,17/02/2022,5,22:40,-1,E09000023,E09000023,E09000023,3,205,3,20,7,17,4,6,0,0,0,0,4,1,1,4,0,13,1,1,2,E01003317,-1,0,0,1
2022421222663,2022,421222663,571747,211480,0.488039,51.775639,42,2,2,1,24/09/2022,7,13:28,-1,E07000070,E10000012,E10000012,3,130,6,50,0,0,-1,0,-1,0,0,0,1,1,1,4,0,13,2,1,2,E01021540,7,1,1,0
2022041257544,2022,041257544,353498,429219,-2.706784,53.757245,4,3,2,1,22/12/2022,5,16:30,-1,E07000123,E10000017,E10000017,6,0,6,20,9,19,4,6,0,0,0,0,4,1,1,4,0,13,1,2,2,E01025306,3,1,0,1
2022302201273,2022,302201273,436312,334190,-1.461578,52.903928,30,2,2,1,29/07/2022,6,16:10,-1,E06000015,E06000015,E06000015,6,0,6,30,3,13,4,3,514,0,0,0,1,1,1,4,0,13,1,1,2,E01013590,-1,0,1,0
2022211206041,2022,211206041,389318,345441,-2.160638,53.006176,21,2,3,2,27/02/2022,1,16:07,-1,E06000021,E06000021,E06000021,6,0,6,30,0,0,-1,0,-1,0,0,0,1,1,1,4,0,13,1,2,2,E01033216,7,1,1,0
2022401217590,2022,401217590,501128,254074,-0.522541,52.175667,40,3,1,1,26/08/2022,6,14:27,-1,E06000055,E06000055,E06000055,6,0,6,30,0,0,-1,0,-1,0,0,0,1,1,1,4,0,13,2,1,2,E01017528,3,1,0,1
2022131189072,2022,131189072,428470,435200,-1.569108,53.812314,13,2,2,1,17/06/2022,6,19:55,-1,E08000035,E08000035,E08000035,6,0,9,30,6,16,4,6,0,0,8,17,1,1,1,4,0,13,1,1,2,E01011445,7,1,1,0
2022501155312,2022,501155312,251266,65777,-4.097361,50.472898,50,3,2,1,27/01/2022,5,15:55,-1,E07000047,E10000008,E10000008,3,386,6,60,0,0,-1,0,-1,0,0,0,1,1,2,4,0,13,2,1,2,E01020316,3,1,0,1
2022231253398,2022,231253398,435760,289248,-1.474655,52.49997,23,2,2,1,22/11/2022,3,18:00,-1,E07000219,E10000031,E10000031,3,444,3,30,0,0,-1,0,-1,0,0,0,6,1,1,4,0,13,2,1,2,E01031050,7,1,1,0
2022311146949,2022,311146949,457802,344216,-1.140323,52.992167,31,3,1,1,27/01/2022,5,14:55,-1,E06000018,E06000018,E06000018,3,6514,3,30,0,0,-1,0,-1,0,4,14,1,1,1,4,0,13,1,2,2,E01013963,3,1,0,1
2022070039455,2022,070039455,369264,370426,-2.461888,53.229978,7,2,2,1,17/01/2022,2,19:45,-1,E06000050,E06000050,E06000050,3,530,6,60,0,0,-1,0,-1,0,0,0,7,7,1,4,0,13,2,1,2,E01018722,-1,0,1,0
2022991146300,2022,991146300,335048,659829,-3.038377,55.827314,99,3,2,1,22/02/2022,3,10:00,-1,S12000019,S12000019,S12000019,3,7,6,60,0,0,-1,0,-1,0,0,0,1,4,2,4,0,13,2,1,-1,-1,3,1,0,1
202260B040056,2022,60B040056,336822,342256,-2.942269,52.973918,60,3,1,1,23/03/2022,4,09:12,-1,W06000006,W06000006,W06000006,6,0,6,60,0,0,-1,0,-1,0,0,0,1,1,1,4,0,13,2,1,-1,W01000404,-1,0,0.17494,0.82506
202263C062122,2022,63C062122,178688,224998,-5.216835,51.879514,63,3,2,1,02/08/2022,3,09:00,-1,W06000009,W06000009,W06000009,3,487,6,60,0,0,-1,0,-1,0,0,0,1,1,1,4,0,13,2,3,-1,W01000612,-1,0,0.00642,0.99358
2022070692422,2022,070692422,391160,380559,-2.13417,53.321881,7,3,2,1,16/09/2022,6,14:00,-1,E06000049,E06000049,E06000049,3,523,6,30,0,0,-1,0,-1,0,0,0,1,1,1,4,0,13,2,2,2,E01018668,-1,0,0.00579,0.99421
2022302201773,2022,302201773,411808,367583,-1.824674,53.20519,30,3,2,1,16/10/2022,1,19:00,-1,E07000035,E10000007,E10000007,3,515,6,50,0,0,-1,0,-1,0,0,0,6,1,1,4,0,13,2,1,2,E01019613,-1,0,0.05173,0.94827
2022541044722,2022,541044722,418653,186445,-1.732225,51.576566,54,3,2,1,30/01/2022,1,11:02,-1,E06000030,E06000030,E06000030,3,420,1,30,1,0,4,3,420,0,0,0,1,1,1,4,0,13,1,1,2,E01015551,-1,0,0.01115,0.98885
2022052202206,2022,052202206,356845,398901,-2.65181,53.485046,5,3,2,1,03/09/2022,7,06:55,-1,E08000013,E08000013,E08000013,1,6,3,50,0,0,-1,0,-1,0,0,0,1,1,1,4,0,13,2,1,1,E01006803,-1,0,0.07104,0.92896
2022471254897,2022,471254897,573067,128410,0.46666,51.029004,47,3,3,1,14/12/2022,4,16:48,-1,E07000064,E10000011,E10000011,3,21,6,60,0,0,-1,0,-1,0,0,0,6,1,1,4,0,13,2,1,1,E01021134,3,1,0,1
2022371232470,2022,371232470,584702,264573,0.704214,52.248334,37,3,1,1,20/10/2022,5,09:00,-1,E07000245,E10000029,E10000029,6,0,9,30,8,18,-1,6,0,0,0,0,1,2,2,4,0,13,1,1,2,E01033043,3,1,0,1
2022131246065,2022,131246065,427840,431276,-1.579029,53.77708,13,3,2,1,24/11/2022,5,06:44,-1,E08000035,E08000035,E08000035,1,621,3,70,5,0,4,1,621,0,0,0,4,1,2,4,0,13,1,1,1,E01011369,3,1,0,1
2022010391294,2022,010391294,551993,183409,0.189759,51.529141,1,3,2,4,29/07/2022,6,21:56,-1,E09000016,E09000016,E09000016,3,125,6,30,7,17,2,5,0,0,4,14,4,1,1,4,0,13,1,1,2,E01002371,-1,0,0,1
2022031198847,2022,031198847,326397,523629,-3.140881,54.60245,3,3,2,1,14/07/2022,5,15:10,-1,E07000026,E10000006,E06000063,3,5271,6,30,0,0,-1,0,-1,0,0,0,1,1,1,4,0,13,2,2,2,E01019104,3,1,0,1
2022461184948,2022,461184948,601507,140207,0.878294,51.125692,46,3,2,1,23/05/2022,2,07:08,-1,E07000105,E10000016,E10000016,3,2070,3,50,0,0,-1,0,-1,0,0,0,1,9,1,4,0,13,2,3,1,E01024006,3,1,0,1
2022451167404,2022,451167404,534190,158576,-0.076119,51.310487,45,3,3,1,16/04/2022,7,14:30,-1,E07000215,E10000030,E10000030,4,270,6,30,0,0,-1,0,-1,0,0,0,1,1,1,4,0,13,1,1,2,E01030860,3,1,0,1
2022161256361,2022,161256361,519623,427137,-0.188362,53.726926,16,2,2,1,21/12/2022,4,18:00,-1,E06000011,E06000011,E06000011,4,1240,6,60,0,0,-1,0,-1,0,0,0,6,1,2,4,0,13,2,1,2,E01013100,7,1,1,0
2022131211798,2022,131211798,428511,433289,-1.568662,53.795136,13,3,2,3,21/08/2022,1,18:03,-1,E08000035,E08000035,E08000035,3,647,6,40,0,0,-1,0,-1,0,0,0,1,1,1,4,0,13,1,1,2,E01011363,3,1,0,1
2022010396674,2022,010396674,531438,187998,-0.104664,51.575534,1,3,2,1,30/08/2022,3,14:03,-1,E09000014,E09000014,E09000014,4,138,3,20,0,0,-1,0,-1,0,0,0,1,1,1,4,2,13,1,1,2,E01002002,-1,0,0,1
2022010389371,2022,010389371,531962,178910,-0.100509,51.493743,1,3,2,2,19/07/2022,3,09:15,-1,E09000028,E09000028,E09000028,3,3,3,20,7,17,2,3,3,0,5,15,1,8,1,4,0,13,1,3,2,E01032720,-1,0,0,1
2022010394978,2022,010394978,533857,177676,-0.073696,51.482209,1,3,1,1,20/08/2022,7,11:22,-1,E09000028,E09000028,E09000028,4,215,6,20,3,13,4,6,0,0,5,15,1,1,1,4,0,13,1,1,2,E01004014,-1,0,0,1
2022041244263,2022,041244263,372019,429589,-2.425918,53.761898,4,3,3,2,17/11/2022,5,13:25,-1,E07000120,E10000017,E10000017,1,65,3,70,0,0,-1,0,-1,0,0,0,1,1,2,4,2,13,2,1,1,E01025074,3,1,0,1
2022371235716,2022,371235716,619539,242803,1.199682,52.040137,37,3,2,2,28/10/2022,6,22:18,-1,E07000202,E10000029,E10000029,3,1156,6,40,0,0,-1,0,-1,0,0,0,4,1,1,4,0,13,1,1,2,E01029966,3,1,0,1
2022070309079,2022,070309079,374458,366355,-2.383756,53.193662,7,3,2,1,06/05/2022,6,04:31,-1,E06000050,E06000050,E06000050,1,6,3,70,0,0,-1,0,-1,0,0,0,6,1,1,4,0,13,2,1,1,E01018722,-1,0,0.04492,0.95508
2022010391393,2022,010391393,532766,182446,-0.087605,51.525331,1,3,3,1,31/07/2022,1,06:50,-1,E09000019,E09000019,E09000019,3,5201,1,20,1,0,2,3,501,2,4,12,1,1,1,4,2,13,1,1,2,E01002704,-1,0,0,1
2022461157282,2022,461157282,613641,156742,1.061272,51.269769,46,3,2,1,15/03/2022,3,10:10,-1,E07000106,E10000016,E10000016,3,2,7,30,9,19,4,3,28,0,0,0,1,1,1,4,0,13,1,1,1,E01024128,3,1,0,1
2022361279187,2022,361279187,627142,313865,1.358393,52.674852,36,3,3,1,09/11/2022,4,17:25,-1,E07000144,E10000020,E10000020,3,1270,3,70,0,0,-1,0,-1,0,0,0,6,1,1,4,0,13,2,1,2,E01026554,3,1,0,1
2022170L10732,2022,170L10732,462707,517740,-1.032043,54.551035,17,3,2,2,28/06/2022,3,11:30,-1,E06000003,E06000003,E06000003,3,173,6,60,0,0,-1,0,-1,0,0,0,1,1,1,4,0,13,2,2,2,E01012120,-1,0,0.02152,0.97848
2022522204186,2022,522204186,360956,171621,-2.563156,51.442228,52,3,2,1,25/09/2022,1,18:45,-1,E06000023,E06000023,E06000023,3,4,6,30,0,0,-1,0,-1,0,0,0,1,1,1,4,0,13,1,2,2,E01014531,-1,0,0.09448,0.90552
2022201261582,2022,201261582,432185,279047,-1.528296,52.408488,20,2,2,1,02/12/2022,6,17:30,-1,E08000026,E08000026,E08000026,4,4101,6,30,0,0,-1,0,-1,0,5,15,4,1,1,4,0,13,1,1,2,E01009650,7,1,1,0
2022010386158,2022,010386158,530623,177943,-0.120144,51.485364,1,3,2,1,03/07/2022,1,09:35,-1,E09000022,E09000022,E09000022,6,0,2,20,3,13,4,3,202,0,0,0,1,1,1,4,0,13,1,1,2,E01003102,-1,0,0,1
2022010387363,2022,010387363,532328,180496,-0.094646,51.50791,1,2,2,1,05/07/2022,3,19:25,-1,E09000028,E09000028,E09000028,3,300,6,30,0,0,-1,0,-1,9,9,99,1,1,1,4,0,13,1,3,2,E01003929,-1,0,1,0
2022010382306,2022,010382306,528925,181211,-0.143391,51.515121,1,2,1,1,11/04/2022,2,22:20,-1,E09000033,E09000033,E09000033,3,40,9,30,0,0,-1,0,-1,9,4,14,4,1,1,4,9,13,1,3,2,E01004765,-1,0,1,0
2022332201085,2022,332201085,441365,307590,-1.389809,52.664457,33,3,2,1,16/12/2022,6,11:10,-1,E07000132,E10000018,E10000018,3,447,6,50,0,0,-1,0,-1,0,0,0,1,1,2,4,0,13,2,1,2,E01025819,-1,0,0.00789,0.99211
2022430067355,2022,430067355,501797,177692,-0.535205,51.489025,43,3,2,1,13/02/2022,1,16:00,-1,E06000039,E06000039,E06000039,3,4,1,30,1,0,4,6,0,0,0,0,1,2,2,4,0,13,1,1,2,E01016480,-1,0,0.00784,0.99216
2022471139704,2022,471139704,532856,103878,-0.115319,50.819217,47,3,1,1,03/02/2022,5,06:45,-1,E06000043,E06000043,E06000043,6,0,6,20,0,0,-1,0,-1,0,0,0,4,2,2,4,0,13,1,1,2,E01016863,3,1,0,1
2022061174288,2022,061174288,399986,395888,-2.001678,53.459743,6,1,1,1,08/05/2022,1,22:18,-1,E08000008,E08000008,E08000008,3,57,6,30,0,0,-1,0,-1,0,8,17,4,1,1,4,0,13,1,1,1,E01006049,1,1,0,0
2022201248170,2022,201248170,399903,291756,-2.00286,52.523682,20,3,2,1,22/03/2022,3,14:18,-1,E08000028,E08000028,E08000028,6,0,6,30,3,13,4,6,0,0,0,0,1,1,1,4,0,13,1,1,2,E01010103,3,1,0,1
2022351234723,2022,351234723,547954,261017,0.164819,52.227486,35,2,1,1,13/10/2022,5,14:10,-1,E07000012,E10000003,E10000003,6,0,6,60,3,13,4,6,0,0,0,0,1,2,2,4,0,13,2,1,2,E01018273,6,1,1,0
2022041224305,2022,041224305,360584,413582,-2.597324,53.617291,4,3,2,2,28/09/2022,4,20:44,-1,E07000118,E10000017,E10000017,3,673,6,30,6,16,2,4,6227,0,0,0,4,2,2,4,0,13,1,1,2,E01024915,3,1,0,1
2022461235011,2022,461235011,577580,167152,0.550106,51.375651,46,3,2,1,07/10/2022,6,14:20,-1,E06000035,E06000035,E06000035,6,0,6,30,3,13,4,6,0,0,0,0,1,1,1,4,0,13,1,3,2,E01016046,3,1,0,1
2022311238067,2022,311238067,460545,337581,-1.100702,52.932228,31,3,2,1,03/11/2022,5,17:45,-1,E07000176,E10000024,E10000024,3,52,3,70,1,0,4,3,52,0,0,0,5,1,2,4,0,13,2,1,1,E01028376,3,1,0,1
2022991225419,2022,991225419,259609,664809,-4.244401,55.855972,99,2,1,1,01/10/2022,7,08:00,-1,S12000049,S12000049,S12000049,3,8,6,30,0,0,-1,0,-1,0,4,14,1,2,2,4,0,13,1,1,-1,-1,5,1,1,0
202260B026399,2022,60B026399,323064,364172,-3.152355,53.169081,60,2,1,1,24/02/2022,5,12:30,-1,W06000005,W06000005,W06000005,6,0,9,30,0,0,-1,0,-1,0,0,0,1,9,1,4,0,13,1,2,-1,W01000318,-1,0,1,0
2022430290920,2022,430290920,502029,178151,-0.531732,51.493109,43,3,4,1,02/07/2022,7,23:53,-1,E06000039,E06000039,E06000039,1,4,3,70,0,0,-1,0,-1,0,0,0,4,1,2,4,0,13,2,1,1,E01016481,-1,0,0.03006,0.96994
2022440321413,2022,440321413,443409,114151,-1.38375,50.92519,44,3,2,1,09/08/2022,3,09:42,-1,E06000045,E06000045,E06000045,3,3035,6,30,3,13,4,6,0,0,4,14,1,1,1,4,0,13,1,1,2,E01017233,-1,0,0,1
2022010400885,2022,010400885,523283,180716,-0.224831,51.511931,1,2,1,1,22/09/2022,5,20:45,-1,E09000013,E09000013,E09000013,3,219,6,20,3,13,2,6,0,0,4,14,4,1,1,4,0,13,1,3,2,E01001874,-1,0,1,0
2022440383223,2022,440383223,415202,115296,-1.785025,50.936913,44,3,2,1,20/09/2022,3,15:04,-1,E07000091,E10000014,E10000014,3,338,6,60,3,13,4,6,0,0,0,0,1,1,1,4,0,13,2,1,2,E01023024,-1,0,0,1
202234NNC1622,2022,34NNC1622,488935,276063,-0.695004,52.3754,34,3,2,1,14/03/2022,2,08:20,-1,E06000061,E06000061,E06000061,5,0,6,30,3,13,2,6,0,0,0,0,1,1,1,4,0,13,1,3,2,E01027084,-1,0,0,1
2022061187600,2022,061187600,384799,385898,-2.229921,53.369726,6,3,1,1,25/05/2022,4,12:30,-1,E08000007,E08000007,E08000007,6,0,6,30,3,13,4,6,0,0,8,17,1,1,1,4,0,13,1,1,2,E01005849,3,1,0,1
2022052201221,2022,052201221,329652,408327,-3.063665,53.566818,5,3,1,1,17/05/2022,3,11:30,-1,E08000014,E08000014,E08000014,6,0,6,30,0,0,-1,0,-1,0,0,0,1,1,1,4,0,13,1,2,2,E01007079,-1,0,0.04178,0.95822
2022010374518,2022,010374518,529819,181380,-0.130453,51.516436,1,3,2,1,03/05/2022,3,12:25,-1,E09000007,E09000007,E09000033,3,40,6,30,6,16,2,3,400,9,5,15,1,1,1,4,0,13,1,3,2,E01004763,-1,0,0,1
2022010367087,2022,010367087,506802,186417,-0.460502,51.566525,1,3,2,1,23/03/2022,4,17:50,-1,E09000017,E09000017,E09000017,5,0,6,30,2,0,4,6,0,0,0,0,1,1,1,4,0,13,1,3,2,E01002458,-1,0,0,1
2022010357390,2022,010357390,530907,177881,-0.116079,51.484741,1,3,4,1,29/01/2022,7,11:50,-1,E09000022,E09000022,E09000022,6,0,6,20,9,19,4,6,0,0,0,0,1,1,1,4,0,13,1,1,2,E01003099,-1,0,0,1
2022991212336,2022,991212336,347308,621785,-2.835389,55.487014,99,3,2,1,23/08/2022,3,22:20,-1,S12000026,S12000026,S12000026,3,7,6,60,0,0,-1,0,-1,0,0,0,6,1,1,4,0,13,2,1,-1,-1,3,1,0,1
2022161270119,2022,161270119,510240,428454,-0.330041,53.740823,16,3,2,1,12/12/2022,2,22:56,-1,E06000010,E06000010,E06000010,3,63,3,40,0,0,-1,0,-1,0,0,0,4,1,1,4,0,13,2,2,1,E01012811,3,1,0,1
2022161169085,2022,161169085,516518,467051,-0.220219,54.086195,16,3,2,2,24/02/2022,5,15:55,-1,E06000011,E06000011,E06000011,3,165,6,40,3,13,2,3,1038,0,0,0,1,1,1,4,0,13,2,1,2,E01012946,3,1,0,1
2022302200840,2022,302200840,441897,350022,-1.376504,53.045831,30,2,2,1,19/05/2022,5,11:34,-1,E07000032,E10000007,E10000007,3,610,6,30,3,13,4,6,0,0,0,0,1,1,1,4,0,13,1,1,2,E01019420,-1,0,1,0
2022440503432,2022,440503432,449229,91269,-1.304014,50.718972,44,3,2,1,14/12/2022,4,09:48,-1,E06000046,E06000046,E06000046,6,0,6,30,0,0,-1,0,-1,0,0,0,1,1,2,4,0,13,1,1,2,E01017334,-1,0,0,1
2022061213304,2022,061213304,384848,398831,-2.229811,53.485974,6,3,2,1,27/08/2022,7,22:30,-1,E08000003,E08000003,E08000003,3,62,3,30,3,13,4,6,0,0,0,0,4,1,1,4,0,13,1,2,2,E01033651,3,1,0,1
2022101178067,2022,101178067,425042,558543,-1.610834,54.920961,10,3,1,1,17/05/2022,3,08:43,-1,E08000037,E08000037,E08000037,3,1,3,50,0,0,-1,0,-1,0,0,0,1,1,1,4,-1,13,2,2,1,E01008226,3,1,0,1
2022010391290,2022,010391290,533422,182773,-0.07803,51.528115,1,3,2,2,25/07/2022,2,08:11,-1,E09000012,E09000012,E09000012,3,10,6,20,3,13,4,6,0,9,9,99,1,1,1,4,0,13,1,3,2,E01033706,-1,0,0,1
2022351214527,2022,351214527,544173,267485,0.112261,52.286598,35,3,2,1,31/08/2022,4,17:30,-1,E07000012,E10000003,E10000003,6,0,6,30,0,0,-1,0,-1,0,0,0,1,1,1,4,0,13,2,3,2,E01018236,3,1,0,1
2022622200718,2022,622200718,315489,178045,-3.218758,51.495008,62,3,1,2,16/09/2022,6,10:11,-1,W06000015,W06000015,W06000015,6,0,6,20,9,19,4,6,0,0,0,0,1,1,1,4,2,13,1,1,-1,W01001781,-1,0,0.08477,0.91523
2022111259588,2022,111259588,428713,514351,-1.557903,54.523641,11,3,1,1,22/12/2022,5,13:33,-1,E06000005,E06000005,E06000005,6,0,6,20,3,13,4,6,0,0,0,0,1,1,2,4,0,13,1,1,2,E01033484,3,1,0,1
2022161144265,2022,161144265,475698,408851,-0.858388,53.570815,16,3,2,1,15/02/2022,3,09:29,-1,E06000013,E06000013,E06000013,1,180,3,70,0,0,-1,0,-1,0,0,0,1,1,1,4,0,13,2,1,1,E01013242,3,1,0,1
2022101176870,2022,101176870,432435,563953,-1.494887,54.96915,10,3,2,1,12/05/2022,5,11:25,-1,E08000023,E08000023,E08000023,6,0,6,30,3,13,2,6,0,0,4,14,1,1,1,4,0,13,1,2,2,E01008657,3,1,0,1
2022201151557,2022,201151557,398919,300317,-2.017394,52.600643,20,3,2,1,27/02/2022,1,12:21,-1,E08000030,E08000030,E08000030,1,6,3,70,0,0,-1,0,-1,0,0,0,1,1,1,4,0,13,2,1,1,E01010379,3,1,0,1
2022010407641,2022,010407641,519248,178401,-0.28373,51.49199,1,3,2,1,30/10/2022,1,20:40,-1,E09000018,E09000018,E09000018,3,4,9,40,0,0,-1,0,-1,0,0,0,4,8,1,4,0,13,1,3,2,E01002566,-1,0,0,1
2022010404078,2022,010404078,531124,187140,-0.109512,51.567897,1,3,2,1,11/10/2022,3,13:48,-1,E09000019,E09000019,E09000019,3,1201,6,20,3,13,4,6,0,0,4,14,1,1,1,4,9,13,1,3,2,E01002735,-1,0,0,1
2022041196524,2022,041196524,344620,431217,-2.841783,53.774331,4,3,2,1,08/07/2022,6,09:15,-1,E07000119,E10000017,E10000017,6,0,6,50,6,16,2,3,583,0,5,15,1,1,1,4,2,13,2,1,2,E01025015,3,1,0,1
2022311195019,2022,311195019,462134,389607,-1.066981,53.399643,31,2,1,1,05/07/2022,3,00:55,-1,E07000171,E10000024,E10000024,6,0,6,60,0,0,-1,0,-1,0,0,0,6,1,1,4,0,13,2,1,2,E01028000,5,1,1,0
2022991191321,2022,991191321,337849,732441,-3.010657,56.479962,99,3,2,1,22/06/2022,4,16:30,-1,S12000042,S12000042,S12000042,6,0,6,30,6,16,4,6,0,0,0,0,1,1,1,4,0,13,1,1,-1,-1,3,1,0,1
2022311142771,2022,311142771,456062,341448,-1.166721,52.967472,31,3,2,3,04/02/2022,6,15:36,-1,E06000018,E06000018,E06000018,6,0,6,30,3,13,4,6,0,0,0,0,1,1,1,4,0,13,1,3,2,E01013847,3,1,0,1
2022501224593,2022,501224593,251000,57284,-4.097729,50.396504,50,3,2,2,30/07/2022,7,06:31,-1,E06000026,E06000026,E06000026,3,38,1,30,1,0,4,6,0,0,0,0,1,1,1,4,0,13,2,1,1,E01015069,3,1,0,1
2022531133526,2022,531133526,385515,204723,-2.211183,51.741022,53,3,2,1,14/01/2022,6,08:50,-1,E07000082,E10000013,E10000013,3,419,1,30,0,0,-1,0,-1,0,0,0,1,1,1,4,0,13,1,3,2,E01022410,3,1,0,1
2022991308525,2022,991308525,287927,661711,-3.791004,55.835568,99,3,2,1,15/12/2022,5,09:25,-1,S12000050,S12000050,S12000050,4,717,6,60,0,0,-1,0,-1,0,0,0,1,3,4,4,0,13,2,1,-1,-1,3,1,0,1
2022211211028,2022,211211028,389361,347095,-2.160052,53.021044,21,2,2,1,16/08/2022,3,21:35,-1,E06000021,E06000021,E06000021,6,0,6,30,3,13,4,3,52,0,0,0,4,1,1,4,0,13,1,3,2,E01033216,7,1,1,0
202254B394922,2022,54B394922,420347,133642,-1.710781,51.101725,54,2,2,1,28/10/2022,6,16:45,-1,E06000054,E06000054,E06000054,3,30,6,60,3,13,4,6,0,0,0,0,1,1,1,4,0,13,2,1,2,E01032041,-1,0,1,0
2022471178359,2022,471178359,515072,105121,-0.367276,50.834194,47,3,2,2,17/05/2022,3,21:30,-1,E07000229,E10000032,E10000032,3,27,3,30,6,16,2,6,0,2,5,12,4,8,2,4,0,13,1,1,1,E01031823,3,1,0,1
2022471132353,2022,471132353,532086,105942,-0.125501,50.837944,47,2,1,2,14/01/2022,6,17:54,-1,E06000043,E06000043,E06000043,6,0,6,30,0,0,-1,0,-1,0,5,15,5,1,2,4,0,13,1,1,2,E01016904,6,1,1,0
2022122201202,2022,122201202,435442,458726,-1.460511,54.023324,12,3,2,1,21/08/2022,1,12:17,-1,E07000165,E06000065,E06000065,3,6055,6,60,0,0,-1,0,-1,0,0,0,1,1,1,4,0,13,2,1,2,E01027675,-1,0,0.12175,0.87825
2022010378184,2022,010378184,537252,177654,-0.024844,51.481198,1,3,2,1,23/05/2022,2,16:40,-1,E09000011,E09000011,E09000011,3,200,6,20,3,13,4,6,0,0,0,0,1,1,1,4,0,13,1,3,2,E01003253,-1,0,0,1
2022010392150,2022,010392150,532692,180204,-0.089514,51.505201,1,3,2,1,03/08/2022,4,22:45,-1,E09000028,E09000028,E09000028,3,3,6,20,3,13,4,3,3,9,5,15,4,9,1,4,2,13,1,3,2,E01003929,-1,0,0,1
2022302200407,2022,302200407,429650,315124,-1.562345,52.732947,30,3,2,1,11/03/2022,6,08:00,-1,E07000039,E10000007,E10000007,6,0,6,30,0,0,-1,0,-1,0,0,0,1,1,1,4,0,13,1,2,2,E01019872,-1,0,0.00231,0.99769
2022440365478,2022,440365478,486095,158218,-0.766019,51.316569,44,3,3,2,07/09/2022,4,10:55,-1,E07000092,E10000014,E10000014,4,3272,6,30,0,0,-1,0,-1,0,0,0,1,2,2,4,0,13,1,2,2,E01023099,-1,0,0,1
2022041139524,2022,041139524,334721,439317,-2.993682,53.845974,4,3,2,1,02/02/2022,4,16:51,-1,E07000128,E10000017,E10000017,6,0,6,20,0,0,-1,0,-1,0,1,13,4,1,2,4,0,13,1,1,2,E01025598,3,1,0,1
2022041250097,2022,041250097,349012,430040,-2.774954,53.764203,4,3,3,1,02/12/2022,6,07:10,-1,E07000123,E10000017,E10000017,3,583,3,50,0,0,-1,0,-1,0,0,0,4,1,1,4,0,13,2,1,2,E01025270,3,1,0,1
2022371187011,2022,371187011,616698,245759,1.160199,52.067789,37,3,1,3,01/06/2022,4,14:30,-1,E07000202,E10000029,E10000029,4,1077,6,30,6,16,4,6,0,0,0,0,1,1,1,4,0,13,1,1,2,E01030008,3,1,0,1
202260B008693,2022,60B008693,254561,370403,-4.179321,53.210734,60,1,4,2,20/01/2022,5,02:51,-1,W06000002,W06000002,W06000002,3,55,3,40,0,0,-1,0,-1,0,0,0,4,1,2,4,0,13,2,1,-1,W01000103,-1,0,0,0
2022161251481,2022,161251481,473132,424769,-0.89339,53.714225,16,3,2,2,06/12/2022,3,09:55,-1,E06000011,E06000011,E06000011,1,62,3,70,0,0,-1,0,-1,0,0,0,1,1,1,4,0,13,2,1,1,E01013074,3,1,0,1
2022501190784,2022,501190784,251341,59828,-4.093943,50.419453,50,3,2,2,30/05/2022,2,06:50,-1,E06000026,E06000026,E06000026,4,3432,6,40,3,13,4,6,0,0,0,0,1,1,1,4,0,13,1,1,2,E01015090,3,1,0,1
2022031182174,2022,031182174,343621,551348,-2.879676,54.853738,3,3,4,1,27/05/2022,6,15:00,-1,E07000028,E10000006,E06000063,1,6,3,70,0,0,-1,0,-1,0,0,0,1,1,1,4,0,13,2,1,1,E01019213,3,1,0,1
2022440186729,2022,440186729,468857,111949,-1.022138,50.90292,44,3,1,1,12/05/2022,5,09:18,-1,E07000090,E10000014,E10000014,6,0,6,30,2,0,4,6,0,0,8,17,1,1,1,4,0,13,1,1,2,E01032618,-1,0,0,1
2022041183832,2022,041183832,345501,420088,-2.826453,53.674407,4,2,2,4,01/06/2022,4,07:20,-1,E07000127,E10000017,E10000017,3,59,6,40,0,0,-1,0,-1,0,0,0,1,1,1,4,0,13,2,1,2,E01025533,6,1,1,0
2022471154259,2022,471154259,514344,102988,-0.378274,50.815165,47,3,1,1,14/03/2022,2,16:00,-1,E07000229,E10000032,E10000032,6,0,6,30,0,0,-1,0,-1,0,0,0,1,1,1,4,0,13,1,2,2,E01031790,3,1,0,1
2022401132875,2022,401132875,500293,234266,-0.540567,51.997792,40,3,2,1,09/01/2022,1,17:30,-1,E06000056,E06000056,E06000056,1,1,3,60,0,0,-1,0,-1,0,0,0,4,1,2,4,0,13,2,3,1,E01017404,3,1,0,1
2022010358014,2022,010358014,506798,178560,-0.46294,51.495906,1,3,2,3,01/02/2022,3,18:20,-1,E09000017,E09000017,E09000017,1,4,3,50,0,0,-1,0,-1,0,0,0,4,1,1,4,0,13,1,3,1,E01002446,-1,0,0,1
2022010362504,2022,010362504,528879,182202,-0.143692,51.524038,1,3,2,1,22/02/2022,3,15:30,-1,E09000033,E09000033,E09000033,3,501,3,30,7,17,2,4,506,0,9,0,1,1,1,4,0,13,1,3,2,E01004715,-1,0,0,1
2022320409283,2022,320409283,501264,347979,-0.491847,53.01954,32,3,2,3,15/07/2022,6,19:06,-1,E07000139,E10000019,E10000019,3,17,6,60,8,18,4,6,0,0,0,0,1,1,1,4,0,13,2,1,2,E01026209,-1,0,0.0937,0.9063
2022451169258,2022,451169258,512002,161099,-0.393517,51.33796,45,3,2,1,23/04/2022,7,13:35,-1,E07000207,E10000030,E10000030,6,0,6,30,9,19,4,6,0,0,0,0,1,1,1,4,0,13,1,1,2,E01030306,3,1,0,1
2022451183439,2022,451183439,500063,147567,-0.568634,51.218545,45,2,1,1,30/05/2022,2,17:10,-1,E07000209,E10000030,E10000030,4,2128,6,30,3,13,4,6,0,0,0,0,1,2,2,4,0,13,1,1,2,E01030480,7,1,1,0
2022161239972,2022,161239972,503059,429882,-0.438396,53.75512,16,3,2,1,08/11/2022,3,17:17,-1,E06000011,E06000011,E06000011,4,1232,6,40,9,19,4,6,0,0,0,0,4,1,1,4,0,13,1,1,2,E01013110,3,1,0,1
2022070825371,2022,070825371,383698,370576,-2.245675,53.231969,7,3,1,2,10/11/2022,5,12:14,-1,E06000049,E06000049,E06000049,4,5392,6,60,0,0,-1,0,-1,0,0,0,1,1,1,4,0,13,2,1,2,E01018597,-1,0,0.12145,0.87855
2022010402680,2022,010402680,533493,178443,-0.078645,51.489187,1,3,2,1,26/09/2022,2,06:45,-1,E09000028,E09000028,E09000028,3,2,6,30,99,-1,9,6,0,9,9,99,1,1,1,4,0,13,1,3,2,E01003966,-1,0,0,1
2022440399185,2022,440399185,415383,110860,-1.782635,50.897019,44,2,2,1,01/10/2022,7,10:06,-1,E07000091,E10000014,E10000014,3,348,6,60,0,0,-1,0,-1,0,0,0,1,1,1,4,0,13,2,1,2,E01023025,-1,0,0.90284,0.09716
2022211162679,2022,211162679,387682,333328,-2.184553,52.897254,21,2,3,2,05/04/2022,3,08:55,-1,E07000197,E10000028,E10000028,1,6,3,70,0,0,-1,0,-1,0,0,0,1,1,1,4,0,13,2,1,1,E01029747,6,1,1,0
2022010391254,2022,010391254,533378,169174,-0.083791,51.405918,1,3,2,1,29/07/2022,6,07:30,-1,E09000008,E09000008,E09000008,3,215,7,30,0,0,-1,0,-1,0,0,0,1,1,1,4,9,13,1,3,2,E01001140,-1,0,0,1
2022471242068,2022,471242068,558883,109298,0.256233,50.861369,47,3,2,1,12/11/2022,7,20:30,-1,E07000065,E10000011,E10000011,3,295,6,30,9,19,4,6,0,2,8,12,4,7,2,4,0,13,1,3,2,E01021182,3,1,0,1
2022991147756,2022,991147756,341136,653432,-2.939826,55.770626,99,2,2,2,25/02/2022,6,17:45,-1,S12000026,S12000026,S12000026,3,7,6,60,0,0,-1,0,-1,0,0,0,1,1,2,4,0,13,2,1,-1,-1,7,1,1,0
2022401140083,2022,401140083,509015,221868,-0.4175,51.884725,40,3,1,2,22/01/2022,7,21:31,-1,E06000032,E06000032,E06000032,6,0,6,30,2,0,4,6,0,0,0,0,4,1,2,4,0,13,1,1,2,E01015741,3,1,0,1
2022010373382,2022,010373382,548973,182515,0.145878,51.521912,1,3,2,2,28/04/2022,5,18:30,-1,E09000002,E09000002,E09000002,6,0,6,30,99,-1,9,6,0,0,9,0,1,1,1,4,0,13,1,3,2,E01000090,-1,0,0,1
2022531235535,2022,531235535,375092,198963,-2.361719,51.688866,53,3,2,1,10/10/2022,2,17:04,-1,E07000082,E10000013,E10000013,6,0,6,30,0,0,-1,0,-1,0,5,15,1,1,1,4,0,13,1,1,2,E01022375,3,1,0,1
2022461205720,2022,461205720,595515,157688,0.802292,51.284767,46,3,2,1,26/07/2022,3,08:04,-1,E07000113,E10000016,E10000016,6,0,6,60,0,0,-1,0,-1,0,0,0,1,1,2,4,0,13,2,1,2,E01024566,3,1,0,1
2022430556737,2022,430556737,449401,210821,-1.285104,51.793868,43,3,2,1,10/12/2022,7,16:15,-1,E07000177,E10000025,E10000025,3,44,3,70,1,0,4,3,34,0,0,0,4,1,4,4,0,13,2,3,2,E01028511,-1,0,0.00101,0.99899
2022010413497,2022,010413497,520500,183937,-0.263814,51.541479,1,3,1,1,29/11/2022,3,07:50,-1,E09000005,E09000005,E09000005,3,404,6,30,3,13,4,6,0,0,1,13,1,1,1,4,0,13,1,1,2,E01033456,-1,0,0,1
2022501152394,2022,501152394,254556,134082,-4.078073,51.087563,50,3,2,1,02/03/2022,4,17:10,-1,E07000043,E10000008,E10000008,3,361,3,60,0,0,-1,0,-1,0,0,0,1,1,2,4,0,13,2,3,2,E01020127,3,1,0,1
2022411205841,2022,411205841,510850,197639,-0.398577,51.666605,41,2,2,2,09/07/2022,7,23:15,-1,E07000103,E10000015,E10000015,3,412,3,30,3,13,2,6,0,0,5,15,4,1,1,4,0,13,1,1,2,E01023855,7,1,1,0
2022041217965,2022,041217965,348848,457842,-2.782094,54.014043,4,2,3,5,11/09/2022,1,00:01,-1,E07000121,E10000017,E10000017,1,6,3,70,0,0,-1,0,-1,0,0,0,6,1,1,4,0,13,2,1,1,E01025107,7,1,1,0
2022361190125,2022,361190125,610185,298701,1.098355,52.545568,36,3,1,1,21/06/2022,3,10:09,-1,E07000149,E10000020,E10000020,3,11,3,70,0,0,-1,0,-1,0,0,0,1,1,1,4,0,13,2,1,1,E01026885,3,1,0,1
2022991193150,2022,991193150,271552,644706,-4.044276,55.678793,99,2,3,3,28/06/2022,3,12:38,-1,S12000029,S12000029,S12000029,3,71,6,50,0,0,-1,0,-1,0,0,0,1,1,2,4,0,13,2,1,-1,-1,5,1,1,0
2022010379309,2022,010379309,509311,178353,-0.426818,51.493565,1,2,2,2,29/05/2022,1,19:00,-1,E09000017,E09000017,E09000017,1,4,3,50,0,0,-1,0,-1,0,0,0,1,1,1,4,0,13,1,1,1,E01002493,-1,0,1,0
2022991200443,2022,991200443,260994,661914,-4.220811,55.830382,99,2,1,1,19/07/2022,3,17:15,-1,S12000029,S12000029,S12000029,3,730,3,30,0,0,-1,0,-1,0,0,0,1,1,1,4,0,13,1,1,-1,-1,6,1,1,0
2022101251880,2022,101251880,423831,566857,-1.62904,54.995729,10,3,2,2,07/12/2022,4,17:05,-1,E08000021,E08000021,E08000021,6,0,6,30,3,13,2,6,0,0,0,0,4,9,1,4,0,13,1,2,2,E01008379,3,1,0,1
2022201160842,2022,201160842,407559,286448,-1.890139,52.475913,20,2,1,1,13/03/2022,1,04:50,-1,E08000025,E08000025,E08000025,4,4100,3,20,0,0,-1,0,-1,0,4,14,4,2,2,4,2,13,1,1,2,E01033615,7,1,1,0
2022010355464,2022,010355464,532342,185779,-0.092461,51.555382,1,3,1,2,18/01/2022,3,20:00,-1,E09000019,E09000019,E09000019,6,0,6,20,2,0,4,6,0,0,8,17,4,4,1,4,0,13,1,1,2,E01002743,-1,0,0,1
2022430427788,2022,430427788,448340,212202,-1.300295,51.806377,43,3,3,1,23/09/2022,6,11:10,-1,E07000177,E10000025,E10000025,3,44,6,50,3,13,4,5,0,0,0,0,1,1,2,4,0,13,2,1,2,E01028511,-1,0,0.03656,0.96344
202263C106022,2022,63C106022,212252,206305,-4.719706,51.723952,63,3,2,1,09/12/2022,6,13:00,-1,W06000009,W06000009,W06000009,3,478,6,30,0,0,-1,0,-1,0,0,0,1,1,1,4,0,13,2,3,-1,W01000564,-1,0,0.00562,0.99438
2022430460979,2022,430460979,486338,169948,-0.759688,51.42198,43,3,1,1,13/10/2022,5,18:19,-1,E06000036,E06000036,E06000036,4,3018,6,30,0,0,-1,0,-1,0,0,0,4,1,2,4,0,13,1,1,2,E01016240,-1,0,0.05352,0.94648
2022401161373,2022,401161373,504522,249566,-0.474312,52.134521,40,3,2,1,29/03/2022,3,11:39,-1,E06000055,E06000055,E06000055,3,5141,6,30,0,0,-1,0,-1,0,0,0,4,2,2,4,0,13,1,3,2,E01017466,3,1,0,1
2022101252205,2022,101252205,429029,572017,-1.547273,55.041822,10,3,2,1,09/11/2022,4,22:36,-1,E08000022,E08000022,E08000022,3,19,3,70,0,0,-1,0,-1,0,0,0,6,1,2,4,0,13,2,1,1,E01008504,3,1,0,1
2022101174919,2022,101174919,438403,553235,-1.403097,54.872418,10,3,2,1,06/05/2022,6,16:55,-1,E08000024,E08000024,E08000024,6,0,6,30,3,13,2,6,0,0,1,13,1,2,2,4,0,13,1,2,2,E01008805,3,1,0,1
2022010385859,2022,010385859,524485,185074,-0.20598,51.550833,1,3,1,1,01/07/2022,6,15:20,-1,E09000007,E09000007,E09000007,6,0,6,20,6,16,4,5,0,0,0,0,1,1,1,4,2,13,1,1,2,E01000872,-1,0,0,1
2022010373872,2022,010373872,509724,178314,-0.420884,51.493135,1,2,3,4,01/05/2022,1,13:43,-1,E09000017,E09000017,E09000017,1,4,3,50,0,0,-1,0,-1,0,0,0,1,1,1,4,0,13,1,1,1,E01002491,-1,0,1,0
2022010380007,2022,010380007,538052,174930,-0.014393,51.456525,1,3,2,1,02/06/2022,5,06:25,-1,E09000023,E09000023,E09000023,3,21,6,30,3,13,2,4,236,0,5,15,1,8,1,4,0,13,1,1,2,E01033341,-1,0,0,1
2022010389541,2022,010389541,527363,182919,-0.165273,51.530825,1,3,2,1,01/05/2022,1,09:30,-1,E09000033,E09000033,E09000033,6,0,6,20,99,-1,9,6,0,0,1,13,1,1,1,4,0,13,1,3,2,E01004727,-1,0,0,1
2022421191662,2022,421191662,544423,211073,0.092125,51.779694,42,3,1,1,27/05/2022,6,00:03,-1,E07000073,E10000012,E10000012,3,414,1,40,1,0,2,3,1169,0,4,14,4,1,1,4,0,13,2,1,2,E01021839,3,1,0,1
2022471187844,2022,471187844,512930,104097,-0.397996,50.825411,47,3,2,1,14/06/2022,3,18:20,-1,E07000229,E10000032,E10000032,6,0,6,30,6,16,2,6,0,0,0,0,1,1,1,4,0,13,1,3,2,E01031840,3,1,0,1
2022111185005,2022,111185005,422220,549989,-1.655517,54.844226,11,3,2,1,29/05/2022,1,14:22,-1,E06000047,E06000047,E06000047,4,6532,6,30,3,13,4,6,0,0,0,0,1,1,1,4,0,13,2,2,2,E01020604,3,1,0,1
2022010407904,2022,010407904,522389,182786,-0.236989,51.530729,1,2,2,1,02/11/2022,4,07:40,-1,E09000013,E09000013,E09000013,3,219,6,20,3,13,4,6,0,0,0,0,1,1,1,4,0,13,1,1,2,E01001877,-1,0,1,0
2022010406239,2022,010406239,539701,182369,0.012266,51.522968,1,2,1,1,24/10/2022,2,09:29,-1,E09000025,E09000025,E09000025,5,0,6,20,6,16,4,6,0,0,0,0,1,1,1,4,0,13,1,1,2,E01003500,-1,0,1,0
2022010400501,2022,010400501,532618,180139,-0.090604,51.504634,1,3,1,1,21/09/2022,4,16:45,-1,E09000028,E09000028,E09000028,3,3,6,20,3,13,2,3,3200,0,5,15,1,1,1,4,2,13,1,1,2,E01003929,-1,0,0,1
2022421244134,2022,421244134,551577,221418,0.200273,51.870747,42,3,2,1,18/11/2022,6,22:50,-1,E07000077,E10000012,E10000012,3,120,1,60,0,0,-1,0,-1,0,0,0,4,1,1,4,0,13,2,1,1,E01022059,3,1,0,1
2022461182751,2022,461182751,621666,136709,1.163783,51.086847,46,3,2,4,13/05/2022,6,15:42,-1,E07000112,E10000016,E10000016,6,0,6,30,3,13,4,6,0,0,0,0,1,2,2,4,0,13,1,1,2,E01024517,3,1,0,1
2022361213703,2022,361213703,620876,320064,1.270035,52.733076,36,3,3,1,17/07/2022,1,16:00,-1,E07000144,E10000020,E10000020,3,140,6,60,3,13,4,6,0,0,0,0,1,1,1,4,0,13,2,2,2,E01026534,3,1,0,1
2022371227149,2022,371227149,604573,257491,0.990611,52.17773,37,2,2,1,25/08/2022,5,11:11,-1,E07000203,E10000029,E10000029,6,0,6,30,3,13,4,6,0,0,0,0,1,1,2,4,0,13,1,1,2,E01030080,7,1,1,0
20225222SG372,2022,5222SG372,363744,190143,-2.524956,51.608946,52,3,1,1,19/05/2022,5,21:00,-1,E06000025,E06000025,E06000025,4,4061,6,30,2,0,3,6,0,0,1,13,4,1,2,4,0,13,1,1,2,E01014991,-1,0,0.18616,0.81384
2022430209262,2022,430209262,495688,179500,-0.622675,51.506343,43,3,2,1,14/05/2022,7,15:32,-1,E06000039,E06000039,E06000039,6,0,6,20,3,13,4,6,0,0,0,0,1,1,1,4,0,13,1,3,2,E01016478,-1,0,0.01683,0.98317
2022111163998,2022,111163998,416554,535577,-1.744563,54.714932,11,3,2,1,25/03/2022,6,18:00,-1,E06000047,E06000047,E06000047,3,690,6,30,3,13,4,6,0,0,0,0,1,1,1,4,0,13,2,2,2,E01020877,3,1,0,1
20225222SE623,2022,5222SE623,338789,133527,-2.875527,51.097768,52,3,1,1,19/07/2022,3,09:15,-1,E07000188,E06000066,E06000066,3,361,6,60,0,0,-1,0,-1,0,0,0,1,1,1,4,0,13,2,1,2,E01029139,-1,0,0.28371,0.71629
2022131150409,2022,131150409,430251,433227,-1.542254,53.794481,13,3,2,1,04/03/2022,6,18:50,-1,E08000035,E08000035,E08000035,6,0,6,30,6,16,2,6,0,0,5,15,4,1,1,4,0,13,1,1,2,E01033016,3,1,0,1
2022531185672,2022,531185672,381147,213544,-2.274924,51.820201,53,3,2,1,08/06/2022,4,20:48,-1,E07000081,E10000013,E10000013,6,0,6,30,0,0,-1,0,-1,0,0,0,1,1,1,4,0,13,2,2,2,E01032933,3,1,0,1
2022041188772,2022,041188772,354160,426054,-2.696274,53.728859,4,3,2,1,17/06/2022,6,06:55,-1,E07000126,E10000017,E10000017,6,0,6,30,3,13,2,4,5254,0,0,0,1,1,1,4,0,13,1,1,2,E01025412,3,1,0,1
2022320384697,2022,320384697,505699,348371,-0.425631,53.022206,32,3,3,3,29/06/2022,4,08:45,-1,E07000139,E10000019,E10000019,6,0,6,30,3,13,4,6,0,0,0,0,1,1,1,4,0,13,2,1,2,E01026209,-1,0,0.06445,0.93555
2022161151975,2022,161151975,510676,428789,-0.323314,53.743741,16,3,2,1,09/03/2022,4,22:05,-1,E06000010,E06000010,E06000010,3,63,1,40,1,0,2,3,63,0,5,15,4,1,1,4,0,13,1,1,1,E01012811,3,1,0,1
2022430457936,2022,430457936,487935,204488,-0.72809,51.73222,43,3,4,3,12/10/2022,4,06:50,-1,E06000060,E06000060,E06000060,3,413,6,60,0,0,-1,0,-1,0,0,0,6,1,1,4,0,13,2,1,2,E01017726,-1,0,0.06064,0.93936
2022060059369,2022,060059369,385845,384543,-2.21414,53.357575,6,3,1,1,25/01/2022,3,17:49,-1,E08000007,E08000007,E08000007,3,555,7,70,0,0,-1,0,-1,0,0,0,6,1,1,4,0,13,2,1,2,E01005848,-1,0,0.32428,0.67572
2022010377731,2022,010377731,517481,180659,-0.308419,51.512654,1,3,1,2,21/05/2022,7,13:26,-1,E09000009,E09000009,E09000009,3,4020,6,20,3,13,4,6,0,0,4,14,1,1,1,4,0,13,1,1,2,E01001387,-1,0,0,1
2022010397405,2022,010397405,530652,180972,-0.118606,51.512577,1,3,1,1,24/08/2022,4,02:50,-1,E09000033,E09000033,E09000033,3,4,6,20,99,-1,9,6,0,0,0,0,4,1,1,4,2,13,1,3,2,E01004735,-1,0,0,1
2022302200335,2022,302200335,445032,361942,-1.328078,53.152719,30,3,2,1,16/02/2022,4,01:55,-1,E07000033,E10000007,E10000007,1,1,3,70,0,0,-1,0,-1,0,0,0,4,2,2,4,0,13,2,1,1,E01019521,-1,0,0.0283,0.9717
2022430084595,2022,430084595,465888,205318,-1.047121,51.742702,43,3,2,4,23/02/2022,4,16:00,-1,E07000179,E10000025,E10000025,3,418,6,40,0,0,-1,0,-1,0,0,0,1,1,1,4,0,13,2,1,2,E01028647,-1,0,0.0315,0.9685
2022430516240,2022,430516240,475111,183899,-0.918157,51.548994,43,3,4,1,16/11/2022,4,07:05,-1,E07000179,E10000025,E10000025,3,4130,6,40,0,0,-1,0,-1,0,0,0,6,1,2,4,0,13,2,1,2,E01028651,-1,0,0.00897,0.99103
2022211147952,2022,211147952,387818,333141,-2.182525,52.895576,21,1,2,2,26/02/2022,7,05:14,-1,E07000197,E10000028,E10000028,1,6,3,70,0,0,-1,0,-1,0,0,0,6,1,1,4,0,13,2,1,1,E01029747,1,1,0,0
2022501189698,2022,501189698,253148,53335,-4.065986,50.361554,50,3,2,1,17/05/2022,3,12:16,-1,E06000026,E06000026,E06000026,3,379,6,30,6,16,2,6,0,0,4,14,1,1,1,4,0,13,1,1,2,E01015131,3,1,0,1
2022552200963,2022,552200963,405837,100641,-1.918532,50.805298,55,3,1,1,11/05/2022,4,10:07,-1,E06000059,E06000059,E06000059,4,3073,6,30,3,13,4,6,0,0,0,0,1,1,1,4,0,13,1,2,2,E01020408,-1,0,0.06832,0.93168
2022371146927,2022,371146927,574029,243405,0.537203,52.061687,37,3,3,1,03/01/2022,2,06:52,-1,E07000245,E10000029,E10000029,3,1092,6,30,7,17,4,6,0,0,0,0,4,1,1,4,0,13,2,2,2,E01030120,3,1,0,1
2022231193432,2022,231193432,435832,287728,-1.473758,52.486301,23,3,2,1,24/06/2022,6,19:11,-1,E07000219,E10000031,E10000031,4,4113,6,30,0,0,-1,0,-1,0,0,0,1,1,1,4,0,13,1,1,2,E01031109,3,1,0,1
2022010373220,2022,010373220,532620,180112,-0.090585,51.504391,1,3,2,1,27/04/2022,4,18:40,-1,E09000028,E09000028,E09000028,3,3,9,20,3,13,4,6,0,0,5,15,1,1,1,4,0,13,1,3,2,E01003929,-1,0,0,1
2022010413613,2022,010413613,532438,179787,-0.093328,51.501513,1,2,2,1,30/11/2022,4,08:10,-1,E09000028,E09000028,E09000028,3,2198,6,20,6,16,2,3,3,0,5,15,1,1,1,4,0,13,1,1,2,E01003929,-1,0,1,0
2022501140646,2022,501140646,299698,84870,-3.42027,50.654846,50,3,4,1,27/01/2022,5,21:30,-1,E07000040,E10000008,E10000008,3,376,6,40,0,0,-1,0,-1,0,0,0,4,1,1,4,0,13,2,1,2,E01019964,3,1,0,1
2022451248905,2022,451248905,535582,152839,-0.058335,51.258601,45,3,1,1,29/11/2022,3,00:48,-1,E07000215,E10000030,E10000030,1,25,7,70,5,0,4,1,25,0,0,0,6,1,2,4,0,13,2,1,1,E01030825,3,1,0,1
2022991226420,2022,991226420,320268,669541,-3.277106,55.912335,99,3,2,1,04/10/2022,3,13:17,-1,S12000036,S12000036,S12000036,6,0,6,30,9,19,4,6,0,0,0,0,1,1,2,4,0,13,1,1,-1,-1,3,1,0,1
2022201218714,2022,201218714,407516,286493,-1.890771,52.476318,20,2,1,1,17/06/2022,6,20:33,-1,E08000025,E08000025,E08000025,6,0,6,30,3,13,4,4,4100,0,0,0,1,1,1,4,0,13,1,2,2,E01033561,5,1,1,0
2022302200713,2022,302200713,401001,380205,-1.986435,53.318774,30,3,2,1,28/04/2022,5,11:40,-1,E07000037,E10000007,E10000007,3,5004,6,30,3,13,4,6,0,0,0,0,1,1,1,4,0,13,2,1,2,E01019765,-1,0,0.05389,0.94611
2022041225363,2022,041225363,341526,434893,-2.889423,53.807028,4,3,2,2,01/10/2022,7,22:04,-1,E07000119,E10000017,E10000017,1,55,3,70,0,0,-1,0,-1,0,0,0,6,1,2,4,0,13,2,1,1,E01025026,3,1,0,1
2022991166453,2022,991166453,328501,692183,-3.151465,56.11702,99,2,2,1,13/04/2022,4,20:00,-1,S12000047,S12000047,S12000047,3,921,6,30,9,19,2,6,0,0,4,14,4,1,1,4,0,13,1,2,-1,-1,7,1,1,0
202263D092722,2022,63D092722,316745,306572,-3.232077,52.650467,63,3,2,2,08/11/2022,3,10:10,-1,W06000023,W06000023,W06000023,3,458,6,60,3,13,4,6,0,0,0,0,1,2,2,4,0,13,2,1,-1,W01000444,-1,0,0.13826,0.86174
2022522300231,2022,522300231,359474,172407,-2.584568,51.449191,52,3,2,1,26/10/2022,4,20:20,-1,E06000023,E06000023,E06000023,3,4,6,30,0,0,-1,0,-1,0,4,14,4,1,1,4,0,13,1,1,2,E01033353,-1,0,0.16882,0.83118
2022201219686,2022,201219686,405385,286023,-1.922153,52.472117,20,2,2,1,07/07/2022,5,12:00,-1,E08000025,E08000025,E08000025,3,456,3,30,0,0,-1,0,-1,0,0,0,1,1,1,4,2,13,1,2,2,E01008994,7,1,1,0
2022201216558,2022,201216558,399368,298759,-2.010761,52.586637,20,2,2,2,15/06/2022,4,23:25,-1,E08000030,E08000030,E08000030,3,454,3,30,6,16,2,6,0,0,0,0,4,8,1,4,0,13,2,1,2,E01010270,7,1,1,0
2022101157528,2022,101157528,429136,584537,-1.544321,55.154317,10,3,3,1,25/03/2022,6,12:32,-1,E06000057,E06000057,E06000057,3,189,3,50,0,0,-1,0,-1,0,0,0,1,1,1,4,0,13,2,1,2,E01027552,3,1,0,1
202234WNC2362,2022,34WNC2362,464713,241758,-1.057305,52.070421,34,3,1,1,11/04/2022,2,14:30,-1,E06000062,E06000062,E06000062,3,43,3,70,0,0,-1,0,-1,0,0,0,1,1,1,4,0,13,2,1,1,E01027261,-1,0,0,1
2022231173178,2022,231173178,417283,248075,-1.748933,52.130715,23,3,2,1,29/04/2022,6,11:23,-1,E07000221,E10000031,E10000031,4,4632,6,50,0,0,-1,0,-1,0,0,0,1,1,1,4,0,13,2,1,2,E01031212,3,1,0,1
2022622200506,2022,622200506,297410,205544,-3.487157,51.739182,62,3,2,2,27/06/2022,2,17:32,-1,W06000016,W06000016,W06000016,6,0,6,40,2,0,4,3,465,0,0,0,1,1,1,4,0,13,2,1,-1,W01001233,-1,0,0.02265,0.97735
2022430370220,2022,430370220,464234,176300,-1.076382,51.482018,43,3,2,1,18/08/2022,5,16:10,-1,E06000037,E06000037,E06000037,3,329,6,30,3,13,4,6,0,0,0,0,1,1,1,4,0,13,2,1,2,E01016313,-1,0,0.02251,0.97749
2022430119470,2022,430119470,501812,177687,-0.53499,51.488978,43,3,2,1,18/03/2022,6,20:12,-1,E06000039,E06000039,E06000039,3,4,1,30,1,0,4,6,0,0,8,17,4,1,1,4,0,13,1,1,2,E01016480,-1,0,0.01119,0.98881
2022201218249,2022,201218249,403825,287310,-1.945104,52.4837,20,2,3,4,17/08/2022,4,17:45,-1,E08000025,E08000025,E08000025,3,4040,6,30,3,13,4,6,0,0,0,0,1,1,1,4,0,13,1,1,2,E01009152,5,1,1,0
2022010377116,2022,010377116,517473,164650,-0.313842,51.368772,1,3,2,1,17/05/2022,3,07:45,-1,E09000021,E09000021,E09000021,5,0,6,30,8,18,4,6,0,0,0,0,1,1,1,4,0,13,1,3,2,E01002943,-1,0,0,1
2022461229615,2022,461229615,584653,161212,0.648538,51.320043,46,2,1,2,18/09/2022,1,14:29,-1,E07000110,E10000016,E10000016,3,249,3,70,0,0,-1,0,-1,0,0,0,1,1,1,4,0,13,2,1,2,E01024387,6,1,1,0
2022522205385,2022,522205385,343278,165466,-2.816497,51.385392,52,3,1,1,07/12/2022,4,09:55,-1,E06000024,E06000024,E06000024,6,0,6,30,0,0,-1,0,-1,0,0,0,1,1,1,4,0,13,1,2,2,E01014857,-1,0,0.15134,0.84866
2022201221369,2022,201221369,404891,287656,-1.929402,52.486802,20,3,1,1,09/07/2022,7,04:16,-1,E08000025,E08000025,E08000025,3,457,6,30,3,13,2,6,0,0,0,0,1,1,1,4,0,13,1,2,2,E01009153,3,1,0,1
2022131249272,2022,131249272,432732,421891,-1.505789,53.692447,13,3,2,1,02/12/2022,6,12:50,-1,E08000036,E08000036,E08000036,3,61,3,30,0,0,-1,0,-1,0,0,0,1,1,1,4,0,13,1,1,2,E01011923,3,1,0,1
2022010371828,2022,010371828,529386,180755,-0.136919,51.510918,1,3,2,1,20/04/2022,4,11:20,-1,E09000033,E09000033,E09000033,5,0,2,20,6,16,4,6,0,9,9,99,1,1,1,4,1,13,1,3,2,E01033595,-1,0,0,1
2022131223350,2022,131223350,431968,428319,-1.516697,53.750267,13,3,4,3,26/09/2022,2,22:28,-1,E08000035,E08000035,E08000035,1,1,3,70,0,0,-1,0,-1,0,0,0,4,1,2,4,0,13,2,1,1,E01011502,3,1,0,1
2022131237619,2022,131237619,427984,421195,-1.577752,53.686466,13,2,2,1,01/11/2022,3,09:47,-1,E08000036,E08000036,E08000036,6,0,6,30,3,13,4,6,0,0,0,0,1,2,2,4,2,13,1,1,2,E01011825,6,1,1,0
2022351154247,2022,351154247,546730,246782,0.140764,52.099924,35,3,4,4,06/02/2022,1,18:45,-1,E07000012,E10000003,E10000003,3,505,3,70,3,13,4,6,0,0,0,0,4,1,1,4,0,13,2,1,2,E01018239,3,1,0,1
2022421262492,2022,421262492,595672,225237,0.842168,51.891331,42,3,2,1,01/12/2022,5,16:49,-1,E07000071,E10000012,E10000012,3,12,3,70,0,0,-1,0,-1,0,0,0,4,1,2,4,0,13,1,3,1,E01021719,3,1,0,1
2022461206746,2022,461206746,581180,148201,0.592167,51.204286,46,3,2,1,20/07/2022,4,12:00,-1,E07000110,E10000016,E10000016,3,274,6,40,0,0,-1,0,-1,0,0,0,1,1,1,4,0,13,2,3,2,E01024411,3,1,0,1
2022070770498,2022,070770498,345400,365171,-2.818442,53.180825,7,3,2,1,19/10/2022,4,16:41,-1,E06000050,E06000050,E06000050,5,0,3,50,3,13,4,5,0,0,0,0,1,9,1,4,0,13,1,2,2,E01018324,-1,0,0.0123,0.9877
2022201155711,2022,201155711,406079,286584,-1.911926,52.477153,20,3,1,1,19/02/2022,7,20:00,-1,E08000025,E08000025,E08000025,6,0,6,30,3,13,4,6,0,0,0,0,4,5,2,4,0,13,1,1,2,E01009146,3,1,0,1
2022131216688,2022,131216688,428511,433049,-1.568684,53.792979,13,3,2,1,05/09/2022,2,17:10,-1,E08000035,E08000035,E08000035,4,6154,6,40,0,0,-1,0,-1,0,0,0,1,1,1,4,0,13,1,2,2,E01011363,3,1,0,1
2022010393293,2022,010393293,522548,180089,-0.235635,51.506456,1,3,2,1,10/08/2022,4,14:45,-1,E09000013,E09000013,E09000013,3,4020,6,20,3,13,4,3,4020,0,5,15,1,1,1,4,0,13,1,1,2,E01001960,-1,0,0,1
2022010409161,2022,010409161,535276,179301,-0.052651,51.496474,1,3,2,1,08/11/2022,3,07:40,-1,E09000028,E09000028,E09000028,3,200,2,20,3,13,2,6,0,0,5,15,1,2,2,4,0,13,1,1,2,E01004031,-1,0,0,1
2022231194156,2022,231194156,450048,275032,-1.266322,52.371058,23,3,2,1,20/06/2022,2,23:10,-1,E07000220,E10000031,E10000031,3,426,3,30,6,16,2,3,428,0,5,15,4,1,1,4,2,13,1,1,2,E01031167,3,1,0,1
2022052202897,2022,052202897,337609,391101,-2.940109,53.413013,5,3,2,1,13/11/2022,1,16:00,-1,E08000012,E08000012,E08000012,3,57,6,30,3,13,4,6,0,0,0,0,1,1,1,4,0,13,1,1,2,E01006690,-1,0,0.0697,0.9303
2022101182059,2022,101182059,433730,560967,-1.475009,54.942233,10,3,2,2,25/05/2022,4,22:10,-1,E08000023,E08000023,E08000023,3,184,3,70,0,0,-1,0,-1,0,4,14,4,9,1,4,0,13,2,2,1,E01008629,3,1,0,1
2022131247686,2022,131247686,427124,435706,-1.589505,53.816933,13,2,2,1,28/11/2022,2,17:02,-1,E08000035,E08000035,E08000035,4,6157,6,30,6,16,2,6,0,0,5,15,4,1,2,4,0,13,1,1,2,E01032945,6,1,1,0
2022991228340,2022,991228340,334497,664508,-3.048302,55.869272,99,3,2,2,26/09/2022,2,15:29,-1,S12000019,S12000019,S12000019,4,6482,6,40,0,0,-1,0,-1,0,5,15,1,1,1,4,0,13,1,2,-1,-1,3,1,0,1
2022622200366,2022,622200366,302400,208181,-3.415655,51.763776,62,3,1,1,03/05/2022,3,17:36,-1,W06000024,W06000024,W06000024,3,470,3,40,0,0,-1,0,-1,0,0,0,1,1,2,4,0,13,2,1,-1,W01001324,-1,0,0.03073,0.96927
2022131246903,2022,131246903,415072,417772,-1.773424,53.656229,13,3,1,1,26/11/2022,7,09:57,-1,E08000034,E08000034,E08000034,3,62,3,30,9,19,2,4,6432,0,4,14,1,1,1,4,2,13,1,1,2,E01011107,3,1,0,1
2022010392717,2022,010392717,527821,169192,-0.163634,51.407359,1,3,2,1,08/08/2022,2,07:29,-1,E09000024,E09000024,E09000024,3,217,6,20,7,17,2,5,0,0,4,14,1,1,1,4,0,13,1,1,2,E01003390,-1,0,0,1
2022610033822,2022,610033822,328507,186601,-3.033012,51.573725,61,3,3,1,23/08/2022,3,15:45,-1,W06000022,W06000022,W06000022,1,4,7,50,0,0,-1,0,-1,0,0,0,1,2,2,4,0,13,2,2,-1,W01001632,-1,0,0.02489,0.97511
2022430149835,2022,430149835,471314,172250,-0.975257,51.444762,43,3,2,1,07/04/2022,5,13:00,-1,E06000038,E06000038,E06000038,3,33,3,40,0,0,-1,0,-1,0,0,0,1,1,1,4,0,13,1,3,2,E01016388,-1,0,0.00175,0.99825
202260B024611,2022,60B024611,297767,379675,-3.535626,53.304123,60,3,3,1,20/02/2022,1,18:45,-1,W06000003,W06000003,W06000003,3,548,6,30,0,0,-1,0,-1,0,0,0,4,5,2,4,0,13,1,1,-1,W01000184,-1,0,0.01627,0.98373
2022170S11482,2022,170S11482,443460,517517,-1.329613,54.551045,17,3,2,2,13/09/2022,3,18:00,-1,E06000004,E06000004,E06000004,3,1027,6,30,0,0,-1,0,-1,0,0,0,1,1,1,4,0,13,2,1,2,E01012264,-1,0,0.02305,0.97695
2022041145337,2022,041145337,367740,427224,-2.490575,53.740394,4,3,1,1,18/02/2022,6,14:00,-1,E06000008,E06000008,E06000008,6,0,6,30,9,19,4,6,0,0,0,0,1,5,2,4,0,13,1,1,2,E01012622,3,1,0,1
2022070202656,2022,070202656,368774,372805,-2.469462,53.251333,7,3,2,1,23/03/2022,4,19:58,-1,E06000050,E06000050,E06000050,3,556,3,70,9,19,4,4,5082,0,0,0,6,1,1,4,0,13,2,1,2,E01018718,-1,0,0.02679,0.97321
2022430053715,2022,430053715,487479,205930,-0.734329,51.745253,43,3,1,1,04/02/2022,6,20:30,-1,E06000060,E06000060,E06000060,3,413,6,40,0,0,-1,0,-1,0,0,0,7,1,1,4,2,13,2,1,2,E01017726,-1,0,0.08433,0.91567
2022201191630,2022,201191630,391262,298396,-2.130394,52.583302,20,3,1,1,26/04/2022,3,12:35,-1,E08000031,E08000031,E08000031,6,0,6,20,6,16,2,6,0,0,5,15,1,1,1,4,0,13,1,1,2,E01010521,3,1,0,1
2022131226985,2022,131226985,428027,421180,-1.577102,53.686329,13,2,1,1,04/10/2022,3,17:10,-1,E08000036,E08000036,E08000036,6,0,6,30,3,13,4,6,0,0,0,0,1,2,2,4,0,13,1,1,2,E01011825,7,1,1,0
2022010361478,2022,010361478,520342,176628,-0.268584,51.475824,1,3,2,1,21/02/2022,2,12:15,-1,E09000018,E09000018,E09000018,5,0,6,20,0,0,-1,0,-1,0,0,0,1,1,1,4,0,13,2,1,2,E01002579,-1,0,0,1
2022351187311,2022,351187311,527371,260092,-0.136705,52.224315,35,3,4,2,27/02/2022,1,19:20,-1,E07000012,E10000003,E10000003,6,0,6,40,3,13,4,3,428,0,0,0,4,1,1,4,0,13,2,1,2,E01033118,3,1,0,1
2022031209340,2022,031209340,348878,485380,-2.786311,54.261519,3,2,2,5,15/08/2022,2,17:07,-1,E07000031,E10000006,E06000064,3,590,3,60,0,0,-1,0,-1,0,0,0,1,1,1,4,0,13,2,1,1,E01019377,7,1,1,0
2022302201135,2022,302201135,444230,371268,-1.338782,53.23661,30,3,2,1,06/07/2022,4,11:30,-1,E07000038,E10000007,E10000007,3,632,6,40,0,0,-1,0,-1,0,0,0,1,1,1,4,0,13,2,1,2,E01019822,-1,0,0.05039,0.94961
2022421189018,2022,421189018,597372,227146,0.867932,51.907874,42,3,3,2,16/06/2022,5,19:05,-1,E07000071,E10000012,E10000012,3,12,3,70,0,0,-1,0,-1,0,0,0,1,1,1,4,0,13,2,1,1,E01021729,3,1,0,1
2022610012222,2022,610012222,330999,195793,-2.998872,51.656672,61,3,2,1,19/04/2022,3,20:39,-1,W06000020,W06000020,W06000020,3,4042,3,50,0,0,-1,0,-1,0,0,0,4,2,2,4,0,13,1,1,-1,W01001495,-1,0,0.055,0.945
2022122200714,2022,122200714,440251,457105,-1.387326,54.008405,12,3,2,1,24/06/2022,6,22:00,-1,E07000165,E06000065,E06000065,6,0,6,40,0,0,-1,0,-1,0,0,0,4,1,1,4,0,13,2,1,2,E01027703,-1,0,0.02518,0.97482
2022010390571,2022,010390571,526884,181086,-0.172834,51.51446,1,3,2,1,27/06/2022,2,09:00,-1,E09000033,E09000033,E09000033,5,0,6,20,6,16,2,6,0,9,5,15,1,1,1,4,9,13,1,3,2,E01033594,-1,0,0,1
2022010406068,2022,010406068,529953,180451,-0.128865,51.508056,1,3,2,1,23/10/2022,1,04:20,-1,E09000033,E09000033,E09000033,3,4,6,20,0,0,-1,0,-1,0,0,0,7,9,2,4,2,13,1,1,2,E01004736,-1,0,0,1
2022440158033,2022,440158033,486069,155529,-0.76704,51.2924,44,3,2,1,22/04/2022,6,19:30,-1,E07000092,E10000014,E10000014,4,3014,6,30,0,0,-1,0,-1,0,0,0,1,1,1,4,0,13,1,1,2,E01023098,-1,0,0,1
2022471130998,2022,471130998,539046,138452,-0.01429,51.128479,47,3,2,1,12/01/2022,4,08:50,-1,E07000228,E10000032,E10000032,3,22,2,30,3,13,4,6,0,0,4,14,1,1,1,4,0,13,1,1,2,E01031741,3,1,0,1
202263C060022,2022,63C060022,215287,207413,-4.676404,51.734912,63,2,2,1,26/07/2022,3,08:20,-1,W06000009,W06000009,W06000009,6,0,6,20,3,13,4,6,0,0,0,0,1,1,1,4,0,13,2,1,-1,W01000553,-1,0,1,0
2022440153611,2022,440153611,466507,99711,-1.057772,50.793161,44,3,2,1,19/04/2022,3,21:36,-1,E06000044,E06000044,E06000044,3,288,6,30,1,0,4,6,0,0,0,0,4,1,1,4,0,13,1,1,2,E01017095,-1,0,0,1
2022101180315,2022,101180315,438773,555485,-1.39703,54.892608,10,3,2,1,21/05/2022,7,11:00,-1,E08000024,E08000024,E08000024,5,0,6,20,6,16,4,6,0,0,0,0,1,1,1,4,0,13,1,3,2,E01008781,3,1,0,1
2022010394295,2022,010394295,524183,178994,-0.212474,51.496258,1,2,2,1,11/08/2022,5,07:50,-1,E09000013,E09000013,E09000013,6,0,2,30,0,0,-1,0,-1,0,8,17,1,1,1,4,0,13,1,3,2,E01001866,-1,0,1,0
2022010384835,2022,010384835,509615,178325,-0.42245,51.493255,1,2,3,7,26/06/2022,1,18:46,-1,E09000017,E09000017,E09000017,1,4,3,50,0,0,-1,0,-1,0,0,0,1,1,1,4,0,13,1,1,1,E01002491,-1,0,1,0
2022610034922,2022,610034922,308541,208627,-3.326814,51.768823,61,2,1,1,29/08/2022,2,02:10,-1,W06000018,W06000018,W06000018,3,465,3,40,0,0,-1,0,-1,0,0,0,6,1,1,4,0,13,2,1,-1,W01001429,-1,0,1,0
202254B054822,2022,54B054822,416781,184221,-1.759344,51.556628,54,3,2,2,19/10/2022,4,14:54,-1,E06000030,E06000030,E06000030,3,4259,3,40,6,16,2,6,0,0,5,15,1,1,1,4,0,13,1,1,2,E01015573,-1,0,0.04893,0.95107
2022552201444,2022,552201444,407247,101714,-1.898501,50.814932,55,1,1,1,05/07/2022,3,11:12,-1,E06000059,E06000059,E06000059,6,0,6,30,3,13,4,6,0,0,0,0,1,1,1,4,0,13,1,1,2,E01020391,-1,0,0,0
2022302201617,2022,302201617,448993,371208,-1.267435,53.235654,30,3,2,1,27/09/2022,3,17:00,-1,E07000033,E10000007,E10000007,4,6417,6,60,6,16,4,6,0,0,0,0,1,1,1,4,0,13,2,1,2,E01019485,-1,0,0.02731,0.97269
2022361254189,2022,361254189,565047,295219,0.431677,52.529838,36,2,1,1,15/12/2022,5,17:34,-1,E07000146,E10000020,E10000020,4,1160,6,60,0,0,-1,0,-1,0,0,0,6,1,2,4,0,13,2,1,2,E01026650,6,1,1,0
2022430047814,2022,430047814,485974,243377,-0.746787,52.082085,43,3,2,1,31/01/2022,2,18:30,-1,E06000042,E06000042,E06000042,1,1,3,60,0,0,-1,0,-1,0,0,0,7,1,1,4,0,13,1,3,1,E01016760,-1,0,0.00511,0.99489
202254C348422,2022,54C348422,391291,168802,-2.126628,51.418166,54,3,1,1,23/11/2022,4,06:49,-1,E06000054,E06000054,E06000054,3,350,6,60,0,0,-1,0,-1,0,0,0,6,2,2,4,0,13,2,1,2,E01031942,-1,0,0.19645,0.80355
2022101171197,2022,101171197,430953,581230,-1.516168,55.124491,10,2,2,1,26/04/2022,3,14:40,-1,E06000057,E06000057,E06000057,3,193,6,30,3,13,4,6,0,0,4,14,1,1,1,4,0,13,1,1,2,E01027431,6,1,1,0
2022061142870,2022,061142870,379864,394643,-2.30465,53.448163,6,2,1,1,12/02/2022,7,02:30,-1,E08000009,E08000009,E08000009,3,56,3,30,0,0,-1,0,-1,0,0,0,4,1,2,4,0,13,1,1,2,E01006180,5,1,1,0
2022010366288,2022,010366288,521905,178629,-0.245399,51.493473,1,3,2,1,19/03/2022,7,13:00,-1,E09000013,E09000013,E09000018,3,315,6,30,6,16,4,3,402,0,5,15,1,1,1,4,0,13,1,3,2,E01002574,-1,0,0,1
2022010385072,2022,010385072,530015,183348,-0.126904,51.534076,1,3,2,1,27/06/2022,2,15:05,-1,E09000007,E09000007,E09000007,5,0,2,30,7,17,2,6,0,0,5,15,1,1,2,4,0,13,1,1,2,E01000953,-1,0,0,1
2022302200066,2022,302200066,437617,371418,-1.437838,53.238467,30,2,2,1,17/01/2022,2,12:02,-1,E07000034,E10000007,E10000007,5,0,6,30,0,0,-1,0,-1,0,0,0,1,1,1,4,0,13,1,2,2,E01019538,-1,0,1,0
2022471143962,2022,471143962,506586,103165,-0.488304,50.818234,47,3,1,1,15/02/2022,3,08:35,-1,E07000224,E10000032,E10000032,3,259,6,40,0,0,-1,0,-1,0,8,17,1,1,2,4,2,13,2,1,2,E01031388,3,1,0,1
2022161171500,2022,161171500,527549,409234,-0.075638,53.564226,16,3,2,2,29/04/2022,6,19:00,-1,E06000012,E06000012,E06000012,4,1213,6,30,6,16,4,6,0,0,0,0,1,1,1,4,0,13,1,1,2,E01013165,3,1,0,1
2022501156083,2022,501156083,245715,54466,-4.170874,50.369815,50,3,2,1,24/02/2022,5,14:53,-1,E06000026,E06000026,E06000026,3,374,6,30,6,16,4,6,0,0,5,15,1,1,1,4,0,13,1,1,2,E01015047,3,1,0,1
2022430269292,2022,430269292,483770,245955,-0.77831,52.105595,43,3,2,3,19/06/2022,1,18:45,-1,E06000042,E06000042,E06000042,1,1,3,60,0,0,-1,0,-1,0,0,0,1,1,1,4,0,13,2,3,1,E01016802,-1,0,0.02777,0.97223
2022201279301,2022,201279301,392119,298087,-2.117738,52.580538,20,3,2,1,17/12/2022,7,00:40,-1,E08000031,E08000031,E08000031,6,0,6,30,0,0,-1,0,-1,0,0,0,4,1,4,4,0,13,1,2,2,E01010530,3,1,0,1
2022131250279,2022,131250279,428507,433055,-1.568744,53.793033,13,3,2,1,03/12/2022,7,19:18,-1,E08000035,E08000035,E08000035,4,6154,7,30,0,0,-1,0,-1,0,0,0,4,1,2,4,0,13,1,2,2,E01011363,3,1,0,1
2022471215205,2022,471215205,583328,111679,0.604412,50.875531,47,3,2,1,01/09/2022,5,22:20,-1,E07000062,E10000011,E10000011,4,2093,6,30,0,0,-1,0,-1,0,0,0,4,9,1,4,0,13,1,2,2,E01021004,3,1,0,1
2022461212365,2022,461212365,552370,173501,0.190918,51.440017,46,3,2,1,30/07/2022,7,15:05,-1,E07000107,E10000016,E10000016,3,2018,3,20,7,17,4,6,0,0,0,0,1,1,1,4,0,13,1,1,2,E01024146,3,1,0,1
2022320229679,2022,320229679,494225,334220,-0.600743,52.897178,32,1,1,1,22/04/2022,6,21:30,-1,E07000141,E10000019,E10000019,3,52,6,50,0,0,-1,0,-1,0,0,0,6,9,1,4,0,13,2,1,2,E01026293,-1,0,0,0
2022430447163,2022,430447163,449422,210872,-1.284792,51.794325,43,3,2,1,05/10/2022,4,15:26,-1,E07000177,E10000025,E10000025,3,44,1,60,1,0,4,3,34,0,0,0,1,1,1,4,0,13,1,1,2,E01028511,-1,0,0.05032,0.94968
2022201264891,2022,201264891,412384,289193,-1.819001,52.500503,20,3,2,1,01/06/2022,4,10:45,-1,E08000025,E08000025,E08000025,6,0,6,30,0,0,-1,0,-1,0,0,0,1,1,1,4,0,13,1,2,2,E01009085,3,1,0,1
2022010362370,2022,010362370,512521,177476,-0.380878,51.485054,1,3,1,1,26/02/2022,7,12:40,-1,E09000018,E09000018,E09000018,6,0,6,20,3,13,4,5,0,0,0,0,1,1,1,4,0,13,1,3,2,E01002632,-1,0,0,1
2022041246038,2022,041246038,348995,431944,-2.775527,53.781313,4,3,2,2,21/11/2022,2,19:19,-1,E07000123,E10000017,E10000017,6,0,6,30,3,13,4,6,0,0,0,0,6,2,2,4,0,13,2,1,2,E01025272,3,1,0,1
2022070156471,2022,070156471,375598,384683,-2.368107,53.358458,7,3,3,1,05/03/2022,7,12:02,-1,E06000049,E06000049,E06000049,1,56,3,70,0,0,-1,0,-1,0,0,0,1,1,1,4,0,13,2,1,1,E01018648,-1,0,0.03578,0.96422
2022010375946,2022,010375946,532938,165857,-0.091354,51.376213,1,3,1,1,12/05/2022,5,11:07,-1,E09000008,E09000008,E09000008,3,222,6,30,3,13,4,6,0,0,0,0,1,1,1,4,0,13,1,1,2,E01000975,-1,0,0,1
2022010409463,2022,010409463,525793,180853,-0.188631,51.51261,1,3,2,1,09/11/2022,4,12:00,-1,E09000033,E09000033,E09000033,6,0,6,20,3,13,4,6,0,0,0,0,1,1,1,4,2,13,1,1,2,E01004699,-1,0,0,1
2022161187225,2022,161187225,512860,432576,-0.288831,53.777295,16,3,2,1,13/06/2022,2,17:00,-1,E06000010,E06000010,E06000010,4,1237,6,30,3,13,4,6,0,0,0,0,1,1,1,4,0,13,1,1,2,E01012821,3,1,0,1
2022201256472,2022,201256472,410523,281999,-1.84664,52.435868,20,3,2,1,17/04/2022,1,20:00,-1,E08000025,E08000025,E08000025,3,34,6,30,3,13,2,6,0,0,0,0,4,1,1,4,0,13,1,2,2,E01009045,3,1,0,1
2022010371709,2022,010371709,532545,163837,-0.09775,51.358152,1,3,2,1,19/04/2022,3,17:15,-1,E09000008,E09000008,E09000008,3,235,6,30,3,13,4,6,0,0,1,13,1,1,1,4,0,13,1,3,2,E01001040,-1,0,0,1
2022010395650,2022,010395650,532479,186794,-0.090104,51.564471,1,3,3,1,24/08/2022,4,15:30,-1,E09000012,E09000012,E09000012,4,105,6,20,0,0,-1,0,-1,0,0,0,1,1,1,4,0,13,1,3,2,E01001803,-1,0,0,1
2022010391113,2022,010391113,523538,175848,-0.22286,51.468126,1,3,1,1,29/07/2022,6,09:11,-1,E09000032,E09000032,E09000032,4,306,6,30,3,13,4,6,0,0,0,0,1,1,1,4,0,13,1,1,2,E01004606,-1,0,0,1
2022010360371,2022,010360371,528327,178465,-0.153003,51.49058,1,3,2,1,14/02/2022,2,15:00,-1,E09000033,E09000033,E09000033,3,3214,6,20,3,13,4,5,0,0,1,13,1,1,1,4,0,13,1,3,2,E01004666,-1,0,0,1
2022231185162,2022,231185162,431875,265183,-1.534164,52.283871,23,3,3,1,29/05/2022,1,19:12,-1,E07000222,E10000031,E10000031,4,4087,6,30,6,16,2,3,425,0,0,0,1,1,1,4,0,13,1,1,2,E01031261,3,1,0,1
2022991148463,2022,991148463,286294,650100,-3.812215,55.730913,99,3,2,1,25/02/2022,6,08:30,-1,S12000029,S12000029,S12000029,3,721,6,30,3,13,4,6,0,0,0,0,1,3,3,4,0,13,2,2,-1,-1,3,1,0,1
2022991237607,2022,991237607,326408,672431,-3.179693,55.939275,99,3,1,1,02/11/2022,4,15:35,-1,S12000036,S12000036,S12000036,3,7,6,20,6,16,2,3,700,0,5,15,4,5,2,4,0,13,1,1,-1,-1,3,1,0,1
2022201245737,2022,201245737,407407,286945,-1.892366,52.480383,20,3,1,1,20/10/2022,5,10:20,-1,E08000025,E08000025,E08000025,6,0,6,30,8,18,4,6,0,2,5,12,1,2,2,4,0,13,1,1,2,E01033620,3,1,0,1
2022471182551,2022,471182551,572397,130919,0.458308,51.051745,47,2,1,1,29/05/2022,1,08:30,-1,E07000064,E10000011,E10000011,3,268,6,50,0,0,-1,0,-1,0,0,0,1,1,1,4,0,13,2,1,2,E01021140,6,1,1,0
2022991216349,2022,991216349,255130,663103,-4.31498,55.839331,99,3,1,1,07/09/2022,4,04:25,-1,S12000049,S12000049,S12000049,1,77,7,50,0,0,-1,0,-1,0,0,0,4,1,1,4,0,13,1,1,-1,-1,3,1,0,1
2022101190677,2022,101190677,427999,566811,-1.563898,54.9951,10,3,3,2,21/06/2022,3,10:45,-1,E08000021,E08000021,E08000021,3,1058,3,70,0,0,-1,0,-1,0,0,0,1,1,1,4,0,13,1,2,2,E01008316,3,1,0,1
2022010366771,2022,010366771,507660,178541,-0.450533,51.495572,1,3,3,3,22/03/2022,3,07:40,-1,E09000017,E09000017,E09000017,1,4,3,50,0,0,-1,0,-1,0,0,0,1,1,1,4,0,13,1,1,1,E01002486,-1,0,0,1
2022010367098,2022,010367098,507536,178555,-0.452315,51.495721,1,3,2,1,23/03/2022,4,17:50,-1,E09000017,E09000017,E09000017,1,4,3,70,0,0,-1,0,-1,0,0,0,1,1,1,4,0,13,1,3,1,E01002486,-1,0,0,1
2022041167422,2022,041167422,335596,440582,-2.980651,53.857451,4,3,2,3,18/04/2022,2,14:53,-1,E07000119,E10000017,E10000017,3,585,3,30,0,0,-1,0,-1,0,0,0,1,1,1,4,0,13,1,1,1,E01025026,3,1,0,1
2022320143656,2022,320143656,491387,369492,-0.632923,53.214641,32,2,1,1,12/03/2022,7,11:15,-1,E07000139,E10000019,E10000019,5,0,6,60,0,0,-1,0,-1,0,0,0,4,1,1,4,0,13,2,1,2,E01026199,-1,0,1,0
2022141136186,2022,141136186,439488,389767,-1.407527,53.403256,14,2,2,1,25/01/2022,3,09:55,-1,E08000019,E08000019,E08000039,3,631,3,40,8,18,2,6,0,0,0,0,1,1,1,4,0,13,1,1,2,E01007913,7,1,1,0
2022010357935,2022,010357935,529662,194417,-0.127906,51.633629,1,3,1,1,01/02/2022,3,10:30,-1,E09000010,E09000010,E09000010,6,0,6,30,0,0,-1,0,-1,2,0,12,1,1,1,4,0,13,1,1,2,E01001519,-1,0,0,1
2022010401080,2022,010401080,539064,184183,0.003806,51.539425,1,3,1,1,25/09/2022,1,10:50,-1,E09000025,E09000025,E09000025,3,112,6,30,3,13,4,6,0,2,5,12,1,1,1,4,2,13,1,1,2,E01003619,-1,0,0,1
2022010360116,2022,010360116,515078,191543,-0.339473,51.610969,1,3,2,1,13/02/2022,1,03:26,-1,E09000015,E09000015,E09000015,3,409,1,30,1,0,4,3,410,0,4,14,4,1,1,4,0,13,1,1,2,E01002142,-1,0,0,1
2022010415094,2022,010415094,530166,177831,-0.126763,51.484462,1,2,1,1,08/12/2022,5,07:30,-1,E09000022,E09000022,E09000032,3,3036,6,30,7,17,2,3,203,0,5,15,1,1,4,4,6,13,1,1,2,E01004562,-1,0,1,0
2022302201996,2022,302201996,443536,342120,-1.35312,52.974673,30,3,2,1,25/11/2022,6,08:04,-1,E07000036,E10000007,E10000007,3,609,6,40,6,16,4,6,0,0,0,0,1,1,2,4,0,13,1,1,2,E01019702,-1,0,0.05993,0.94007
2022041208871,2022,041208871,360879,422298,-2.593965,53.69565,4,2,2,1,12/08/2022,6,17:46,-1,E07000118,E10000017,E10000017,3,674,6,30,9,19,2,6,0,0,0,0,1,1,1,4,0,13,2,1,2,E01024979,6,1,1,0
2022991197606,2022,991197606,327291,676444,-3.166645,55.975458,99,2,2,1,11/07/2022,2,20:45,-1,S12000036,S12000036,S12000036,3,199,6,20,6,16,2,3,900,0,5,15,1,1,1,4,0,13,1,1,-1,-1,5,1,1,0
2022622200656,2022,622200656,290911,186880,-3.575412,51.570205,62,3,2,1,27/08/2022,7,22:32,-1,W06000013,W06000013,W06000013,3,4064,6,30,0,0,-1,0,-1,0,0,0,4,1,1,4,0,13,2,1,-1,W01001009,-1,0,0.03574,0.96426
2022201245772,2022,201245772,410871,290212,-1.841256,52.509695,20,3,3,1,20/10/2022,5,13:27,-1,E08000025,E08000025,E08000025,6,0,6,30,6,16,4,6,0,0,0,0,1,8,2,4,0,13,1,1,2,E01008998,3,1,0,1
2022131237640,2022,131237640,420220,423074,-1.695188,53.703711,13,3,2,1,31/10/2022,2,11:43,-1,E08000034,E08000034,E08000034,3,62,6,30,0,0,-1,0,-1,0,0,0,1,1,1,4,0,13,1,1,2,E01011156,3,1,0,1
2022010390135,2022,010390135,534535,175529,-0.064755,51.462754,1,3,2,2,23/07/2022,7,23:30,-1,E09000028,E09000028,E09000028,3,2214,6,20,6,16,2,5,0,0,5,15,4,1,1,4,0,13,1,1,2,E01004064,-1,0,0,1
2022471225860,2022,471225860,552828,105138,0.168529,50.825618,47,3,2,2,03/10/2022,2,11:57,-1,E07000065,E10000011,E10000011,3,27,6,60,0,0,-1,0,-1,0,0,0,1,1,1,4,0,13,2,1,1,E01021143,3,1,0,1
2022451175565,2022,451175565,495905,156968,-0.625634,51.303766,45,3,1,1,10/05/2022,3,21:56,-1,E07000217,E10000030,E10000030,3,322,6,30,6,16,2,6,0,0,5,15,4,1,1,4,0,13,1,1,2,E01030944,3,1,0,1
2022471193939,2022,471193939,519620,132035,-0.293886,51.075185,47,3,2,2,30/06/2022,5,14:58,-1,E07000227,E10000032,E10000032,4,2195,6,30,0,0,-1,0,-1,0,0,0,1,1,1,4,0,13,1,1,2,E01031671,3,1,0,1
2022430358309,2022,430358309,496316,181918,-0.612969,51.527971,43,2,2,1,11/08/2022,5,11:45,-1,E06000039,E06000039,E06000039,6,0,6,30,0,0,-1,0,-1,0,0,0,1,1,1,4,0,13,1,2,2,E01016485,-1,0,1,0
2022320436435,2022,320436435,490323,368016,-0.649269,53.201558,32,3,2,1,28/07/2022,5,17:00,-1,E07000139,E10000019,E10000019,5,0,6,60,6,16,4,5,0,0,0,0,1,1,1,4,0,13,2,1,2,E01026199,-1,0,0.04716,0.95284
2022461130517,2022,461130517,575550,169899,0.522326,51.400958,46,3,2,2,08/01/2022,7,10:54,-1,E06000035,E06000035,E06000035,3,289,3,50,0,0,-1,0,-1,0,0,0,1,2,2,4,0,13,2,1,2,E01016147,3,1,0,1
2022430042814,2022,430042814,473206,217505,-0.938582,51.85135,43,3,3,2,29/01/2022,7,12:38,-1,E06000060,E06000060,E06000060,3,41,6,60,0,0,-1,0,-1,0,0,0,1,1,2,4,0,13,2,1,2,E01017674,-1,0,0.05773,0.94227
2022201226894,2022,201226894,390845,297493,-2.136523,52.575178,20,3,2,1,01/03/2022,3,13:14,-1,E08000031,E08000031,E08000031,3,449,3,30,6,16,2,6,0,0,5,15,1,1,1,4,0,13,1,1,2,E01010426,3,1,0,1
2022131180457,2022,131180457,412275,448066,-1.814549,53.928582,13,3,1,1,23/05/2022,2,15:31,-1,E08000032,E08000032,E08000032,3,65,6,30,3,13,4,6,0,0,5,15,1,1,1,4,0,13,1,1,2,E01010698,3,1,0,1
2022010376759,2022,010376759,529359,183903,-0.136153,51.539214,1,3,1,1,16/05/2022,2,17:24,-1,E09000007,E09000007,E09000007,5,0,2,20,6,16,4,3,5202,0,0,0,1,1,1,4,0,13,1,1,2,E01000958,-1,0,0,1
2022440295456,2022,440295456,448209,111833,-1.315766,50.903967,44,2,2,1,22/07/2022,6,20:57,-1,E07000086,E10000014,E10000014,1,27,3,50,0,0,-1,0,-1,0,0,0,1,1,1,4,0,13,2,1,1,E01022698,-1,0,0.94057,0.05943
2022461217208,2022,461217208,591061,171754,0.746047,51.41261,46,3,2,2,02/09/2022,6,04:54,-1,E07000113,E10000016,E10000016,6,0,6,30,0,0,-1,0,-1,0,0,0,5,1,2,4,0,13,1,1,2,E01024597,3,1,0,1
2022471155181,2022,471155181,533638,125311,-0.09638,51.011665,47,3,3,1,18/03/2022,6,14:59,-1,E07000228,E10000032,E10000032,6,0,6,30,3,13,4,6,0,0,0,0,1,1,1,4,0,13,1,1,2,E01031760,3,1,0,1
2022201268659,2022,201268659,399205,298615,-2.013166,52.585342,20,3,2,1,06/07/2022,4,12:20,-1,E08000030,E08000030,E08000030,3,454,1,40,0,0,-1,0,-1,0,5,15,1,1,1,4,0,13,2,2,2,E01010362,3,1,0,1
2022131145867,2022,131145867,425279,434335,-1.617639,53.804704,13,3,2,1,21/02/2022,2,22:38,-1,E08000035,E08000035,E08000035,3,647,3,40,0,0,-1,0,-1,0,0,0,4,1,1,4,0,13,1,1,2,E01011286,3,1,0,1
2022031151586,2022,031151586,308706,531049,-3.416969,54.66622,3,2,6,3,08/03/2022,3,20:15,-1,E07000026,E10000006,E06000063,3,66,6,60,0,0,-1,0,-1,0,0,0,6,1,2,4,0,13,2,2,1,E01019085,5,1,1,0
2022302201086,2022,302201086,429962,319802,-1.557299,52.774982,30,3,1,1,29/06/2022,4,00:36,-1,E07000039,E10000007,E10000007,3,514,6,30,3,13,4,6,0,0,0,0,4,1,1,4,0,13,1,1,2,E01019877,-1,0,0.03169,0.96831
2022421210830,2022,421210830,603237,231322,0.955539,51.943263,42,2,2,2,19/08/2022,6,15:08,-1,E07000071,E10000012,E10000012,3,12,3,70,0,0,-1,0,-1,0,0,0,1,1,1,4,0,13,2,1,1,E01021655,5,1,1,0
2022421247698,2022,421247698,569147,222890,0.45596,51.878923,42,3,2,1,28/11/2022,2,21:59,-1,E07000077,E10000012,E10000012,3,120,3,70,0,0,-1,0,-1,0,0,0,6,7,2,4,0,13,2,1,1,E01022064,3,1,0,1
2022531202888,2022,531202888,384621,219140,-2.224774,51.87062,53,2,2,5,25/07/2022,2,21:31,-1,E07000081,E10000013,E10000013,3,38,1,40,1,0,4,3,38,0,0,0,4,1,1,4,0,13,1,1,2,E01022318,7,1,1,0
202234WNC3442,2022,34WNC3442,472688,256942,-0.937735,52.205921,34,3,1,1,20/05/2022,6,06:20,-1,E06000062,E06000062,E06000062,3,43,3,60,0,0,-1,0,-1,0,0,0,1,1,1,4,0,13,2,1,1,E01027285,-1,0,0,1
2022201266278,2022,201266278,409647,288969,-1.859326,52.498544,20,3,2,1,17/06/2022,6,16:54,-1,E08000025,E08000025,E08000025,6,0,6,30,1,0,4,3,47,0,4,14,1,1,1,4,0,13,1,2,2,E01009201,3,1,0,1
2022531159994,2022,531159994,392578,224433,-2.109321,51.918373,53,2,2,1,26/03/2022,7,05:20,-1,E07000083,E10000013,E10000013,3,4019,3,40,0,0,-1,0,-1,0,0,0,1,1,1,4,0,13,1,1,2,E01022441,6,1,1,0
2022440087746,2022,440087746,456327,112748,-1.200187,50.911461,44,3,2,1,03/03/2022,5,21:10,-1,E07000094,E10000014,E10000014,4,2177,6,40,3,13,4,3,334,0,0,0,6,1,1,4,0,13,2,2,2,E01023271,-1,0,0,1
2022201273700,2022,201273700,402407,293395,-1.965943,52.538411,20,3,2,2,18/10/2022,3,15:15,-1,E08000028,E08000028,E08000028,3,4041,3,50,3,13,4,6,0,0,0,0,1,1,1,4,0,13,2,1,2,E01032592,3,1,0,1
2022010401372,2022,010401372,520504,177937,-0.265806,51.487554,1,3,2,1,26/09/2022,2,19:20,-1,E09000018,E09000018,E09000018,3,4,3,40,3,13,4,6,0,0,0,0,4,1,1,4,2,13,1,1,2,E01002577,-1,0,0,1
2022010365783,2022,010365783,527644,181316,-0.161804,51.516356,1,3,2,1,16/03/2022,4,21:44,-1,E09000033,E09000033,E09000033,5,0,6,20,6,16,2,5,0,0,0,0,4,2,2,4,0,13,1,1,2,E01004663,-1,0,0,1
2022361139405,2022,361139405,582034,291114,0.679569,52.487569,36,2,3,2,25/01/2022,3,17:31,-1,E07000143,E10000020,E10000020,3,134,6,60,6,16,4,6,0,0,0,0,6,1,2,4,0,13,2,1,2,E01026493,7,1,1,0
2022361168415,2022,361168415,621287,342383,1.291232,52.933213,36,3,2,1,10/04/2022,1,12:10,-1,E07000147,E10000020,E10000020,3,149,6,30,3,13,4,6,0,0,0,0,1,1,1,4,0,13,2,1,2,E01026734,3,1,0,1
2022141198798,2022,141198798,435673,389256,-1.464963,53.398934,14,2,2,1,14/07/2022,5,09:25,-1,E08000019,E08000019,E08000039,6,0,6,20,3,13,4,3,6135,0,0,0,1,1,1,4,0,13,1,1,2,E01007870,7,1,1,0
2022101195768,2022,101195768,440584,560071,-1.368152,54.933673,10,3,1,1,03/06/2022,6,15:50,-1,E08000024,E08000024,E08000024,3,183,6,20,0,0,-1,0,-1,0,4,14,1,1,1,4,0,13,1,1,2,E01008723,3,1,0,1
2022201299047,2022,201299047,399205,298629,-2.013166,52.585468,20,3,2,3,29/01/2022,7,21:35,-1,E08000030,E08000030,E08000030,3,454,1,30,1,0,2,3,454,0,0,0,7,1,1,4,0,13,2,1,2,E01010362,3,1,0,1
2022131173495,2022,131173495,429988,433384,-1.546231,53.795907,13,3,2,1,06/05/2022,6,09:20,-1,E08000035,E08000035,E08000035,6,0,2,20,3,13,4,6,0,0,1,13,1,1,1,4,0,13,1,1,2,E01033010,3,1,0,1
2022131199999,2022,131199999,430225,433397,-1.542632,53.796011,13,3,1,1,18/07/2022,2,18:30,-1,E08000035,E08000035,E08000035,6,0,2,30,3,13,4,6,0,0,8,17,1,1,1,4,0,13,1,1,2,E01033010,3,1,0,1
2022010355991,2022,010355991,515419,189653,-0.335172,51.593913,1,2,2,1,21/01/2022,6,16:10,-1,E09000015,E09000015,E09000015,3,409,2,20,0,0,-1,0,-1,0,0,0,1,1,1,4,2,13,1,1,2,E01002179,-1,0,1,0
2022041172838,2022,041172838,335597,440579,-2.980635,53.857424,4,2,1,1,04/05/2022,4,19:00,-1,E07000119,E10000017,E10000017,3,585,3,30,0,0,-1,0,-1,0,0,0,1,1,1,4,0,13,1,1,1,E01025026,5,1,1,0
2022991194894,2022,991194894,257615,657987,-4.272653,55.79414,99,3,2,1,04/07/2022,2,12:12,-1,S12000011,S12000011,S12000011,6,0,6,30,0,0,-1,0,-1,0,0,0,1,1,1,4,0,13,1,1,-1,-1,3,1,0,1
2022461198329,2022,461198329,577446,167131,0.548172,51.375504,46,2,4,2,13/07/2022,4,08:10,-1,E06000035,E06000035,E06000035,6,0,6,30,6,16,3,6,0,0,0,0,1,1,1,4,2,13,1,1,2,E01016048,5,1,1,0
2022061235353,2022,061235353,386345,406437,-2.207586,53.554381,6,3,3,1,27/10/2022,5,20:24,-1,E08000005,E08000005,E08000005,6,0,6,30,0,0,-1,0,-1,0,0,0,4,1,1,4,0,13,1,1,2,E01005529,3,1,0,1
2022010385514,2022,010385514,520878,192823,-0.255311,51.621258,1,2,2,1,29/06/2022,4,22:30,-1,E09000003,E09000003,E09000003,3,41,3,40,1,0,2,3,5109,0,0,0,4,1,2,4,0,13,1,1,2,E01000231,-1,0,1,0
2022010373136,2022,010373136,528211,177837,-0.1549,51.484962,1,3,2,1,27/04/2022,4,17:04,-1,E09000020,E09000020,E09000020,3,3212,6,20,0,0,-1,0,-1,0,0,0,1,1,1,4,0,13,2,1,2,E01002901,-1,0,0,1
2022010406354,2022,010406354,530063,174533,-0.129458,51.454848,1,3,2,4,23/10/2022,1,14:50,-1,E09000022,E09000022,E09000022,4,221,6,20,3,13,2,5,0,9,9,99,1,1,1,4,0,13,1,3,2,E01003159,-1,0,0,1
2022421263480,2022,421263480,549951,223135,0.177419,51.886612,42,3,2,1,09/12/2022,6,17:12,-1,E07000077,E10000012,E10000012,3,120,1,40,1,0,4,4,1383,0,0,0,4,1,2,4,0,13,1,3,2,E01022087,3,1,0,1
2022451231122,2022,451231122,503577,166762,-0.512771,51.390458,45,3,3,2,08/10/2022,7,09:12,-1,E07000212,E10000030,E10000030,6,0,6,30,3,13,4,3,320,0,0,0,1,1,2,4,0,13,1,1,2,E01030657,3,1,0,1
2022451230077,2022,451230077,516339,157656,-0.332407,51.306144,45,3,1,1,13/10/2022,5,08:15,-1,E07000210,E10000030,E10000030,6,0,6,30,0,0,-1,0,-1,0,0,0,1,8,2,4,0,13,1,1,2,E01030548,3,1,0,1
2022052201608,2022,052201608,335119,390720,-2.977486,53.409288,5,3,2,10,02/07/2022,7,12:10,-1,E08000012,E08000012,E08000012,3,5047,6,30,3,13,4,6,0,0,5,15,1,1,1,4,0,13,1,1,2,E01033760,-1,0,0.45003,0.54997
2022201146579,2022,201146579,406295,290908,-1.908666,52.516023,20,3,1,1,14/01/2022,6,08:51,-1,E08000025,E08000025,E08000025,3,4040,6,30,0,0,-1,0,-1,0,0,0,4,1,4,4,0,13,1,2,2,E01009050,3,1,0,1
2022221236997,2022,221236997,377646,264826,-2.329089,52.28112,22,2,2,1,01/11/2022,3,11:09,-1,E07000235,E10000034,E10000034,3,443,6,60,0,0,-1,0,-1,0,0,0,1,1,2,4,0,13,2,1,2,E01032223,5,1,1,0
2022311246330,2022,311246330,457909,339932,-1.139495,52.95365,31,3,1,1,16/11/2022,4,15:47,-1,E06000018,E06000018,E06000018,3,6008,3,30,3,13,2,3,6008,0,0,0,4,1,1,4,0,13,1,1,2,E01033405,3,1,0,1
2022010410510,2022,010410510,534747,183973,-0.058483,51.538584,1,3,2,1,14/11/2022,2,15:07,-1,E09000012,E09000012,E09000012,6,0,6,20,3,13,4,6,0,0,0,0,1,1,1,4,2,13,1,3,2,E01033712,-1,0,0,1
2022221183530,2022,221183530,347046,241505,-2.773947,52.069371,22,2,3,2,31/05/2022,3,07:51,-1,E06000019,E06000019,E06000019,3,438,6,40,3,13,4,3,480,0,0,0,1,1,2,4,0,13,1,1,2,E01014083,7,1,1,0
202234NNC6102,2022,34NNC6102,482893,275804,-0.7838,52.374019,34,3,2,2,30/09/2022,6,10:30,-1,E06000061,E06000061,E06000061,3,43,6,60,0,0,-1,0,-1,0,0,0,1,1,1,4,0,13,2,1,2,E01027119,-1,0,0,1
2022010366158,2022,010366158,529162,183112,-0.139281,51.532151,1,3,2,1,18/03/2022,6,15:45,-1,E09000007,E09000007,E09000007,3,400,3,30,0,0,-1,0,-1,0,0,0,1,1,1,4,0,13,1,1,2,E01000947,-1,0,0,1
2022440096040,2022,440096040,456320,112748,-1.200286,50.911461,44,2,1,1,10/03/2022,5,05:12,-1,E07000094,E10000014,E10000014,3,334,6,40,3,13,4,4,2177,0,0,0,6,1,2,4,0,13,2,1,2,E01023271,-1,0,0.92406,0.07594
2022041252049,2022,041252049,343891,463043,-2.858694,54.060266,4,3,1,1,05/12/2022,2,13:00,-1,E07000121,E10000017,E10000017,6,0,6,30,0,0,-1,0,-1,0,0,0,1,1,1,4,6,13,1,1,2,E01025171,3,1,0,1
2022531193064,2022,531193064,392030,233170,-2.117494,51.996918,53,3,1,1,28/06/2022,3,10:38,-1,E07000083,E10000013,E10000013,3,46,6,30,0,0,-1,0,-1,0,8,17,1,1,1,4,2,13,1,1,1,E01032938,3,1,0,1
2022411243435,2022,411243435,536643,206236,-0.022478,51.738182,41,3,2,1,05/11/2022,7,17:20,-1,E07000095,E10000015,E10000015,3,1170,6,30,0,0,-1,0,-1,0,4,14,4,1,-1,4,-1,13,1,2,2,E01023340,3,1,0,1
2022430402218,2022,430402218,482111,170172,-0.820414,51.424621,43,3,4,1,29/05/2022,1,00:10,-1,E06000041,E06000041,E06000041,2,329,3,70,0,0,-1,0,-1,0,0,0,1,1,2,4,0,13,2,1,2,E01016656,-1,0,0.02035,0.97965
2022201256594,2022,201256594,413496,284741,-1.802799,52.460454,20,3,2,2,23/04/2022,7,19:30,-1,E08000025,E08000025,E08000025,3,45,3,30,0,0,-1,0,-1,0,4,14,1,1,1,4,0,13,1,2,2,E01009313,3,1,0,1
2022131139381,2022,131139381,409778,423061,-1.853361,53.703892,13,3,2,1,02/02/2022,4,12:06,-1,E08000033,E08000033,E08000033,3,629,6,30,9,19,4,6,0,0,0,0,1,8,2,4,2,13,1,1,2,E01010971,3,1,0,1
2022010408065,2022,010408065,528609,180262,-0.148289,51.506665,1,3,2,1,02/11/2022,4,20:15,-1,E09000033,E09000033,E09000033,5,0,6,20,3,13,4,6,0,0,0,0,4,2,2,4,0,13,1,1,2,E01004761,-1,0,0,1
2022451246367,2022,451246367,493396,163486,-0.659908,51.362774,45,3,1,1,24/11/2022,5,15:15,-1,E07000214,E10000030,E10000030,6,0,6,30,9,19,4,6,0,0,0,0,1,5,2,4,0,13,1,3,2,E01030809,3,1,0,1
2022430289999,2022,430289999,467019,164222,-1.038563,51.373111,43,3,2,1,02/07/2022,7,11:12,-1,E06000037,E06000037,E06000037,6,0,6,30,0,0,-1,0,-1,0,0,0,1,1,1,4,0,13,2,1,2,E01016308,-1,0,0.05785,0.94215
2022552200088,2022,552200088,396703,95079,-2.048105,50.7553,55,3,2,2,13/01/2022,5,10:28,-1,E06000059,E06000059,E06000059,3,350,6,60,0,0,-1,0,-1,0,0,0,1,1,4,4,0,13,2,1,2,E01020472,-1,0,0.16368,0.83632
2022201271725,2022,201271725,411875,279324,-1.826847,52.411792,20,3,2,2,25/09/2022,1,19:15,-1,E08000029,E08000029,E08000029,3,34,3,30,3,13,4,6,0,0,4,14,4,1,1,4,0,13,1,1,2,E01010201,3,1,0,1
2022201143571,2022,201143571,399186,298666,-2.013447,52.585801,20,3,2,3,01/01/2022,7,22:52,-1,E08000030,E08000030,E08000030,3,454,1,30,1,0,2,1,6,0,0,0,4,1,1,4,0,13,2,1,2,E01010270,3,1,0,1
2022371267024,2022,371267024,564087,266122,0.40329,52.268775,37,3,4,1,17/11/2022,5,08:00,-1,E07000245,E10000029,E10000029,3,14,3,70,0,0,-1,0,-1,0,0,0,1,2,2,4,0,13,2,1,1,E01029956,3,1,0,1
2022010395878,2022,010395878,533802,180662,-0.073357,51.509055,1,2,1,1,25/08/2022,5,22:04,-1,E09000030,E09000030,E09000030,3,1203,3,20,7,17,2,3,100,0,4,14,4,1,1,4,0,13,1,1,2,E01004294,-1,0,1,0
2022471140206,2022,471140206,546783,118141,0.087981,50.944032,47,3,2,2,03/02/2022,5,11:57,-1,E07000065,E10000011,E10000011,3,26,6,50,0,0,-1,0,-1,0,0,0,1,8,2,4,2,13,2,1,2,E01021165,3,1,0,1
2022041179446,2022,041179446,354126,429813,-2.697349,53.762639,4,3,2,1,08/05/2022,1,19:07,-1,E07000123,E10000017,E10000017,3,6,3,30,9,19,2,6,0,0,0,0,1,1,1,4,2,13,1,1,2,E01033223,3,1,0,1
2022451141693,2022,451141693,525449,148547,-0.204975,51.222345,45,3,1,1,09/02/2022,4,08:25,-1,E07000211,E10000030,E10000030,6,0,6,30,3,13,4,6,0,0,0,0,1,1,1,4,0,13,1,1,2,E01030632,3,1,0,1
2022991211308,2022,991211308,273839,655242,-4.012794,55.774001,99,3,2,1,12/08/2022,6,19:00,-1,S12000029,S12000029,S12000029,1,74,3,70,0,0,-1,0,-1,0,0,0,1,1,1,4,0,13,2,1,-1,-1,3,1,0,1
2022991130651,2022,991130651,327144,670474,-3.167385,55.921808,99,3,2,1,11/01/2022,3,07:40,-1,S12000036,S12000036,S12000036,3,701,6,30,3,13,4,6,0,0,0,0,4,1,2,4,0,13,1,1,-1,-1,3,1,0,1
2022430144250,2022,430144250,493392,181005,-0.655349,51.520255,43,3,2,1,03/04/2022,1,19:30,-1,E06000039,E06000039,E06000039,3,4,6,30,1,0,4,6,0,0,8,17,1,1,1,4,0,13,1,3,2,E01016493,-1,0,0.00423,0.99577
2022201300156,2022,201300156,406644,290076,-1.903539,52.50854,20,2,2,1,18/01/2022,3,16:56,-1,E08000025,E08000025,E08000025,6,0,6,30,6,16,2,6,0,0,8,17,4,1,2,4,0,13,1,1,2,E01009059,7,1,1,0
2022231233743,2022,231233743,419055,251763,-1.722841,52.163813,23,3,2,1,16/10/2022,1,20:30,-1,E07000221,E10000031,E10000031,4,4632,6,50,0,0,-1,0,-1,0,0,0,6,5,2,4,0,13,2,3,2,E01031248,3,1,0,1
2022471251453,2022,471251453,526985,137141,-0.187017,51.119494,47,3,2,1,08/12/2022,5,14:32,-1,E07000226,E10000032,E10000032,6,0,6,20,0,0,-1,0,-1,0,0,0,1,8,4,4,0,13,1,1,2,E01031585,3,1,0,1
2022471253206,2022,471253206,526580,134967,-0.193562,51.100045,47,3,2,1,09/12/2022,6,21:30,-1,E07000226,E10000032,E10000032,3,23,3,50,0,0,-1,0,-1,0,0,0,4,8,4,4,0,13,1,3,2,E01031605,3,1,0,1
2022501238064,2022,501238064,250613,60854,-4.104592,50.428489,50,3,1,1,23/09/2022,6,08:46,-1,E06000026,E06000026,E06000026,6,0,6,30,3,13,4,6,0,0,0,0,1,1,1,4,2,13,1,1,2,E01015097,3,1,0,1
2022332200891,2022,332200891,436745,310840,-1.457756,52.694004,33,3,2,1,17/10/2022,2,19:30,-1,E07000134,E10000018,E10000018,5,0,6,40,0,0,-1,0,-1,0,0,0,6,1,1,4,0,13,2,1,2,E01025913,-1,0,0.01488,0.98512
2022501230660,2022,501230660,291225,64937,-3.534256,50.474132,50,3,2,2,14/10/2022,6,18:05,-1,E06000027,E06000027,E06000027,6,0,6,30,3,13,2,6,0,0,0,0,1,1,1,4,0,13,1,2,2,E01015259,3,1,0,1
2022061175610,2022,061175610,390646,412976,-2.142863,53.61325,6,3,2,1,13/04/2022,4,13:05,-1,E08000005,E08000005,E08000005,3,640,6,30,9,19,4,6,0,0,8,17,1,1,1,4,0,13,1,3,2,E01005568,3,1,0,1
2022061253031,2022,061253031,357789,404424,-2.638331,53.534763,6,3,3,1,12/12/2022,2,19:00,-1,E08000010,E08000010,E08000010,4,5238,6,30,3,13,4,6,0,0,0,0,4,1,4,4,0,13,1,1,2,E01006405,3,1,0,1
2022531133015,2022,531133015,385777,204384,-2.207374,51.737981,53,3,2,1,12/01/2022,4,18:53,-1,E07000082,E10000013,E10000013,3,419,6,30,6,16,2,6,0,0,4,14,4,1,1,4,0,13,1,3,2,E01022410,3,1,0,1
2022170L41092,2022,170L41092,462041,521862,-1.04147,54.588155,17,3,3,1,13/09/2022,3,10:55,-1,E06000003,E06000003,E06000003,3,174,6,60,0,0,-1,0,-1,0,0,0,1,1,1,4,0,13,2,1,2,E01012138,-1,0,0.02508,0.97492
2022351140865,2022,351140865,516555,300057,-0.281067,52.585835,35,3,3,1,31/01/2022,2,15:40,-1,E06000031,E06000031,E06000031,3,47,3,40,0,0,-1,0,-1,0,0,0,1,2,2,4,0,13,1,3,1,E01015691,3,1,0,1
2022141249893,2022,141249893,449993,391518,-1.249258,53.418105,14,3,1,1,25/11/2022,6,15:23,-1,E08000018,E08000018,E08000018,6,0,6,50,0,0,-1,0,-1,2,0,12,1,1,1,4,0,13,2,2,2,E01007685,3,1,0,1
2022010406793,2022,010406793,535845,178795,-0.044654,51.491791,1,2,2,1,26/10/2022,4,17:30,-1,E09000028,E09000028,E09000028,3,200,2,20,3,13,2,4,206,0,5,15,1,1,1,4,0,13,1,1,2,E01004060,-1,0,1,0
202263A019322,2022,63A019322,238890,238678,-4.349521,52.023062,63,2,1,1,14/03/2022,2,12:25,-1,W06000010,W06000010,W06000010,3,486,6,50,0,0,-1,0,-1,0,0,0,1,1,1,4,0,13,2,3,-1,W01000688,-1,0,1,0
2022141225261,2022,141225261,442668,385693,-1.360249,53.366392,14,3,2,3,01/10/2022,7,07:15,-1,E08000019,E08000019,E08000039,4,6200,6,40,0,0,-1,0,-1,0,0,0,1,1,1,4,0,13,1,2,2,E01007972,3,1,0,1
2022010390348,2022,010390348,516441,181592,-0.323091,51.521254,1,3,1,1,25/07/2022,2,11:55,-1,E09000009,E09000009,E09000009,4,452,1,20,1,0,4,6,0,0,0,0,1,1,1,4,0,13,1,1,2,E01001204,-1,0,0,1
2022991206796,2022,991206796,259718,666313,-4.24344,55.869507,99,3,2,1,04/08/2022,5,08:10,-1,S12000049,S12000049,S12000049,1,8,3,40,0,0,-1,0,-1,0,0,0,1,9,1,4,0,13,1,2,-1,-1,3,1,0,1
2022211212874,2022,211212874,393343,342759,-2.100599,52.982133,21,3,1,1,24/08/2022,4,18:45,-1,E06000021,E06000021,E06000021,3,520,6,30,0,0,-1,0,-1,-1,-1,-1,1,1,1,4,0,13,1,3,2,E01014321,3,1,0,1
2022061173408,2022,061173408,379486,394102,-2.310306,53.443286,6,3,2,1,03/05/2022,3,00:30,-1,E08000009,E08000009,E08000009,3,56,3,30,0,0,-1,0,-1,0,0,0,4,1,1,4,0,13,1,3,2,E01006179,3,1,0,1
2022131225842,2022,131225842,444715,423862,-1.324049,53.709276,13,3,2,1,03/10/2022,2,08:21,-1,E08000036,E08000036,E08000036,1,62,3,70,0,0,-1,0,-1,0,0,0,1,1,1,4,0,13,2,2,1,E01011834,3,1,0,1
2022010413015,2022,010413015,534758,186560,-0.057334,51.561829,1,3,2,1,25/11/2022,6,11:45,-1,E09000012,E09000012,E09000012,3,107,3,20,3,13,2,6,0,0,9,0,1,1,1,4,0,13,1,3,2,E01001798,-1,0,0,1
2022010357801,2022,010357801,527613,178349,-0.163323,51.489699,1,3,2,1,31/01/2022,2,13:43,-1,E09000020,E09000020,E09000020,3,3217,6,30,9,19,2,6,0,0,0,0,1,1,1,4,0,13,1,1,2,E01002903,-1,0,0,1
2022010363004,2022,010363004,531013,181046,-0.113379,51.513159,1,3,2,1,01/03/2022,3,18:35,-1,E09000033,E09000033,E09000033,3,4,6,20,3,13,4,6,0,0,0,0,4,2,2,4,0,13,1,1,2,E01004735,-1,0,0,1
202263C105222,2022,63C105222,207678,203634,-4.784373,51.698414,63,3,3,3,13/12/2022,3,16:40,-1,W06000009,W06000009,W06000009,3,477,6,60,0,0,-1,0,-1,0,0,0,6,1,2,4,0,13,2,1,-1,W01000557,-1,0,0.1951,0.8049
2022010353786,2022,010353786,537341,179886,-0.022695,51.501234,1,2,3,2,09/01/2022,1,13:25,-1,E09000030,E09000030,E09000030,5,0,6,30,0,0,-1,0,-1,0,0,0,1,1,1,4,0,13,1,1,2,E01032782,-1,0,1,0
2022010377296,2022,010377296,529994,180394,-0.128295,51.507535,1,3,1,1,18/05/2022,4,12:55,-1,E09000033,E09000033,E09000033,3,4,1,20,1,0,2,3,4,0,5,15,1,1,2,4,0,13,1,3,2,E01004736,-1,0,0,1
2022311141777,2022,311141777,456282,341352,-1.163463,52.966586,31,2,2,1,09/02/2022,4,12:15,-1,E06000018,E06000018,E06000018,3,6130,6,30,0,0,-1,0,-1,1,4,11,1,1,2,4,0,13,1,1,2,E01013815,7,1,1,0
2022131222620,2022,131222620,415067,416986,-1.773537,53.649165,13,3,2,1,23/09/2022,6,15:45,-1,E08000034,E08000034,E08000034,4,6432,6,30,0,0,-1,0,-1,0,0,0,1,1,1,4,0,13,1,1,2,E01011107,3,1,0,1
2022010355365,2022,010355365,530220,171826,-0.128195,51.430485,1,3,2,1,18/01/2022,3,10:50,-1,E09000022,E09000022,E09000022,6,0,6,20,0,0,-1,0,-1,0,0,0,1,1,1,4,0,13,1,1,2,E01003155,-1,0,0,1
2022361248557,2022,361248557,628735,311400,1.380203,52.652062,36,2,2,1,30/11/2022,4,16:30,-1,E07000144,E10000020,E10000020,3,1270,3,70,0,0,-1,0,-1,0,0,0,6,1,1,4,0,13,2,1,2,E01026546,6,1,1,0
2022471155003,2022,471155003,491352,101984,-0.704791,50.810217,47,2,2,2,17/03/2022,5,08:15,-1,E07000224,E10000032,E10000032,3,259,6,60,0,0,-1,0,-1,0,0,0,1,1,1,4,0,13,2,1,2,E01031401,7,1,1,0
2022070243014,2022,070243014,348566,374493,-2.772581,53.264927,7,2,1,1,09/04/2022,7,07:20,-1,E06000050,E06000050,E06000050,6,0,6,30,0,0,-1,0,-1,0,0,0,1,1,1,4,0,13,2,1,2,E01018695,-1,0,1,0
2022501165044,2022,501165044,179825,50254,-5.093723,50.311022,50,1,4,4,28/03/2022,2,18:29,-1,E06000052,E06000052,E06000052,3,30,6,50,0,0,-1,0,-1,0,0,0,1,1,1,4,0,13,2,1,1,E01018815,1,1,0,0
2022522300373,2022,522300373,356991,180271,-2.621257,51.519712,52,3,3,2,06/12/2022,3,14:41,-1,E06000025,E06000025,E06000025,3,4018,3,30,3,13,4,6,0,0,0,0,1,1,1,4,0,13,2,1,2,E01014861,-1,0,0.04794,0.95206
2022401134914,2022,401134914,504258,225325,-0.485545,51.916705,40,3,2,1,18/01/2022,3,15:28,-1,E06000056,E06000056,E06000056,4,579,6,40,0,0,-1,0,-1,0,0,0,5,8,2,4,0,13,2,1,2,E01017620,3,1,0,1
202234NNC3352,2022,34NNC3352,491264,288125,-0.657513,52.483426,34,3,3,1,23/05/2022,2,17:55,-1,E06000061,E06000061,E06000061,3,43,3,60,0,0,-1,0,-1,0,0,0,1,1,1,4,0,13,2,3,2,E01026977,-1,0,0,1
2022010356373,2022,010356373,541243,160872,0.025916,51.329414,1,3,2,1,23/01/2022,1,16:55,-1,E09000006,E09000006,E09000006,3,233,6,30,3,13,4,6,0,0,0,0,4,1,1,4,0,13,1,3,2,E01000747,-1,0,0,1
2022440321007,2022,440321007,430756,113210,-1.563849,50.917539,44,3,1,1,08/08/2022,2,23:00,-1,E07000091,E10000014,E10000014,3,336,6,30,0,0,-1,0,-1,0,0,0,6,1,1,4,2,13,1,1,2,E01022978,-1,0,0,1
2022161188630,2022,161188630,490737,403952,-0.632775,53.524412,16,3,1,1,08/06/2022,4,20:10,-1,E06000013,E06000013,E06000013,6,0,6,60,3,13,4,6,0,0,0,0,1,1,1,4,0,13,2,1,2,E01013324,3,1,0,1
2022401136683,2022,401136683,503768,250982,-0.484892,52.147389,40,3,3,1,25/01/2022,3,07:38,-1,E06000055,E06000055,E06000055,3,600,3,30,0,0,-1,0,-1,0,0,0,1,1,-1,4,-1,13,2,3,2,E01017499,3,1,0,1
2022101202914,2022,101202914,427352,566223,-1.574066,54.989852,10,3,2,1,22/07/2022,6,07:50,-1,E08000021,E08000021,E08000021,6,0,6,30,6,16,4,6,0,0,0,0,1,2,2,4,0,13,1,1,2,E01008364,3,1,0,1
2022440396154,2022,440396154,470790,137879,-0.989599,51.135819,44,3,1,1,29/09/2022,5,10:30,-1,E07000085,E10000014,E10000014,3,31,3,70,0,0,-1,0,-1,0,0,0,1,1,1,4,2,13,2,1,2,E01022591,-1,0,0,1
2022451163641,2022,451163641,486818,160557,-0.755079,51.337486,45,2,2,1,07/04/2022,5,08:15,-1,E07000214,E10000030,E10000030,3,30,6,40,7,17,4,6,0,0,0,0,1,1,2,4,0,13,1,1,2,E01030795,7,1,1,0
2022991250585,2022,991250585,279718,693617,-3.936261,56.120094,99,2,1,1,06/12/2022,3,19:00,-1,S12000030,S12000030,S12000030,4,8052,6,30,1,0,4,6,0,0,0,0,4,1,1,4,0,13,1,1,-1,-1,7,1,1,0
2022991163442,2022,991163442,313708,685993,-3.387301,56.058976,99,3,3,4,06/04/2022,4,23:15,-1,S12000047,S12000047,S12000047,1,90,3,70,0,0,-1,0,-1,0,0,0,6,2,2,4,0,13,2,1,-1,-1,3,1,0,1
2022991238853,2022,991238853,259677,666307,-4.244091,55.869441,99,2,1,1,05/11/2022,7,22:50,-1,S12000049,S12000049,S12000049,1,8,3,50,0,0,-1,0,-1,0,0,0,4,1,1,4,0,13,1,1,-1,-1,5,1,1,0
2022421149787,2022,421149787,565429,181322,0.382303,51.506619,42,3,2,2,03/03/2022,5,12:30,-1,E06000034,E06000034,E06000034,3,1013,7,30,0,0,-1,0,-1,0,0,0,1,1,1,4,0,13,2,1,2,E01015979,3,1,0,1
2022070628979,2022,070628979,364716,352765,-2.528063,53.070948,7,3,2,2,25/08/2022,5,12:30,-1,E06000049,E06000049,E06000049,4,5341,6,30,6,16,2,6,0,0,0,0,1,1,1,4,0,13,2,1,2,E01033372,-1,0,0.04692,0.95308
2022440122055,2022,440122055,451823,159666,-1.257515,51.333735,44,3,2,1,28/03/2022,2,12:06,-1,E07000084,E10000014,E10000014,3,339,6,40,0,0,-1,0,-1,0,0,0,1,1,1,4,0,13,2,1,2,E01022522,-1,0,0,1
2022351155695,2022,351155695,529743,260697,-0.101767,52.229198,35,3,2,1,19/02/2022,7,06:23,-1,E07000012,E10000003,E10000003,3,428,3,40,0,0,-1,0,-1,0,0,0,1,1,1,4,0,13,2,1,1,E01018277,3,1,0,1
2022221257091,2022,221257091,387071,245106,-2.190178,52.104135,22,3,2,2,23/12/2022,6,15:00,-1,E07000235,E10000034,E10000034,1,5,3,70,0,0,-1,0,-1,0,0,0,1,1,1,4,0,13,2,1,1,E01032191,3,1,0,1
2022552200784,2022,552200784,366693,76204,-2.471823,50.584615,55,3,2,1,04/07/2022,2,18:21,-1,E06000059,E06000059,E06000059,3,354,6,60,0,0,-1,0,-1,0,0,0,1,1,1,4,0,13,2,1,2,E01033200,-1,0,0.01544,0.98456
2022101212276,2022,101212276,420628,562421,-1.679421,54.95601,10,3,2,1,16/08/2022,3,20:30,-1,E08000037,E08000037,E08000037,3,1,3,50,0,0,-1,0,-1,0,0,0,1,1,1,4,0,13,1,1,1,E01008262,3,1,0,1
2022010381627,2022,010381627,530832,166776,-0.121257,51.384961,1,3,1,2,11/06/2022,7,08:40,-1,E09000008,E09000008,E09000008,3,236,1,20,1,0,4,3,236,0,4,14,1,1,1,4,9,13,1,3,2,E01001006,-1,0,0,1
2022010403642,2022,010403642,539271,183485,0.006513,51.533102,1,3,2,1,08/10/2022,7,14:02,-1,E09000025,E09000025,E09000025,5,0,6,30,0,0,-1,0,-1,0,0,0,1,8,1,4,0,13,1,3,2,E01003633,-1,0,0,1
2022610032122,2022,610032122,313022,188917,-3.256976,51.592365,61,3,3,1,11/09/2022,1,17:55,-1,W06000018,W06000018,W06000018,4,4263,6,30,0,0,-1,0,-1,0,0,0,1,1,1,4,0,13,2,1,-1,W01001330,-1,0,0.02857,0.97143
2022471215816,2022,471215816,529808,109265,-0.156658,50.868325,47,3,1,2,05/09/2022,2,20:25,-1,E06000043,E06000043,E06000043,3,23,3,50,0,0,-1,0,-1,0,0,0,4,1,1,4,0,13,2,1,1,E01016928,3,1,0,1
2022010415061,2022,010415061,532053,187466,-0.095994,51.57061,1,3,2,1,08/12/2022,5,03:15,-1,E09000012,E09000012,E09000012,3,105,6,30,6,16,2,3,503,1,4,11,4,1,1,4,0,13,1,1,2,E01001714,-1,0,0,1
2022010397175,2022,010397175,532739,182545,-0.087956,51.526227,1,3,2,1,02/09/2022,6,05:10,-1,E09000019,E09000019,E09000019,3,501,1,20,0,0,-1,0,-1,0,0,0,4,1,2,4,0,13,1,1,2,E01002701,-1,0,0,1
2022010390420,2022,010390420,529129,179560,-0.141057,51.500238,1,3,4,1,25/07/2022,2,16:07,-1,E09000033,E09000033,E09000033,3,3214,6,20,6,16,2,5,0,0,4,14,1,1,1,4,2,13,1,1,2,E01004736,-1,0,0,1
2022440023412,2022,440023412,448517,111046,-1.311491,50.896865,44,2,4,2,18/01/2022,3,17:05,-1,E07000086,E10000014,E10000014,1,27,6,50,0,0,-1,0,-1,0,0,0,6,1,1,4,0,13,1,1,1,E01022657,-1,0,0.98859,0.01141
2022451168824,2022,451168824,488112,148633,-0.739445,51.230095,45,3,2,1,20/04/2022,4,11:55,-1,E07000209,E10000030,E10000030,3,331,3,40,0,0,-1,0,-1,0,0,0,1,1,1,4,0,13,2,1,2,E01030423,3,1,0,1
2022451206504,2022,451206504,503156,154993,-0.522225,51.284746,45,2,1,1,06/08/2022,7,13:35,-1,E07000209,E10000030,E10000030,3,247,6,30,0,0,-1,0,-1,0,5,15,1,1,1,4,0,13,2,1,2,E01030475,5,1,1,0
2022401189687,2022,401189687,495864,237256,-0.604221,52.025448,40,3,2,1,21/05/2022,7,15:47,-1,E06000056,E06000056,E06000056,3,421,1,30,1,0,4,3,421,0,0,0,1,1,1,4,0,13,2,1,1,E01017379,3,1,0,1
2022201272651,2022,201272651,407944,285983,-1.884482,52.471727,20,3,2,2,29/09/2022,5,13:18,-1,E08000025,E08000025,E08000025,6,0,6,30,6,16,3,6,0,0,0,0,1,1,1,4,0,13,1,1,2,E01009378,3,1,0,1
2022070716180,2022,070716180,362803,391217,-2.561117,53.416438,7,3,2,1,27/09/2022,3,08:10,-1,E06000007,E06000007,E06000007,6,0,6,30,0,0,-1,0,-1,0,1,13,1,2,2,4,0,13,1,1,2,E01012542,-1,0,0.11662,0.88338
202254C605322,2022,54C605322,415571,137634,-1.77882,51.137769,54,3,3,1,29/11/2022,3,23:48,-1,E06000054,E06000054,E06000054,3,345,6,60,0,0,-1,0,-1,0,0,0,6,1,2,4,0,13,2,1,2,E01032013,-1,0,0.04086,0.95914
2022061141751,2022,061141751,356288,400843,-2.660475,53.502455,6,3,2,1,05/01/2022,4,12:24,-1,E08000010,E08000010,E08000010,1,6,3,60,0,0,-1,0,-1,0,0,0,1,1,1,4,0,13,2,2,1,E01006368,3,1,0,1
2022131146663,2022,131146663,436105,435502,-1.453125,53.814556,13,3,2,1,23/02/2022,4,10:35,-1,E08000035,E08000035,E08000035,3,6120,3,40,0,0,-1,0,-1,0,0,0,1,1,1,4,0,13,1,2,2,E01011665,3,1,0,1
2022010386905,2022,010386905,518113,184768,-0.297939,51.549452,1,2,1,1,07/07/2022,5,12:00,-1,E09000005,E09000005,E09000005,3,4089,6,20,9,19,2,6,0,0,0,0,1,1,1,4,0,13,1,1,2,E01000633,-1,0,1,0
2022351150124,2022,351150124,557191,264118,0.301387,52.252786,35,3,2,1,15/02/2022,3,12:42,-1,E07000009,E10000003,E10000003,4,1102,6,40,0,0,-1,0,-1,0,0,0,1,2,2,4,0,13,2,1,2,E01018057,3,1,0,1
2022421180505,2022,421180505,577235,223204,0.573499,51.879234,42,3,2,1,23/05/2022,2,20:06,-1,E07000067,E10000012,E10000012,6,0,6,30,0,0,-1,0,-1,0,0,0,1,2,2,4,0,13,1,2,2,E01021370,3,1,0,1
2022430326158,2022,430326158,425785,222681,-1.626636,51.902081,43,3,2,1,23/07/2022,7,10:25,-1,E07000181,E10000025,E10000025,4,4450,6,40,8,18,4,6,0,0,0,0,1,1,1,4,0,13,2,3,2,E01028776,-1,0,0.00452,0.99548
2022221237811,2022,221237811,385311,251420,-2.216149,52.160856,22,3,2,1,27/10/2022,5,16:20,-1,E07000235,E10000034,E10000034,3,38,6,40,9,19,4,6,0,0,0,0,1,1,1,4,0,13,2,1,2,E01032191,3,1,0,1
2022221210461,2022,221210461,354048,307345,-2.680847,52.661867,22,2,1,1,12/05/2022,5,19:15,-1,E06000051,E06000051,E06000051,3,458,6,30,9,19,4,6,0,0,0,0,1,1,1,4,0,13,2,1,2,E01028959,7,1,1,0
2022552201451,2022,552201451,399730,99052,-2.005197,50.791037,55,3,3,1,21/10/2022,6,13:46,-1,E06000058,E06000058,E06000058,3,31,1,60,1,0,4,5,0,0,0,0,1,1,1,4,0,13,2,2,1,E01015433,-1,0,0.01666,0.98334
2022010376177,2022,010376177,529646,181264,-0.132987,51.515433,1,2,1,1,22/04/2022,6,08:58,-1,E09000033,E09000033,E09000033,6,0,2,20,0,0,-1,0,-1,0,0,0,1,1,1,4,9,13,1,3,2,E01004763,-1,0,1,0
2022451207373,2022,451207373,500451,158212,-0.560094,51.314165,45,2,1,1,09/08/2022,3,08:58,-1,E07000217,E10000030,E10000030,3,320,6,30,9,19,2,6,0,0,5,15,1,1,1,4,0,13,1,1,2,E01030993,7,1,1,0
2022552201551,2022,552201551,409024,107873,-1.873128,50.870292,55,2,1,1,20/12/2022,3,15:23,-1,E06000059,E06000059,E06000059,4,3072,6,30,0,0,-1,0,-1,0,0,0,1,1,1,4,0,13,1,1,2,E01020415,-1,0,1,0
2022010365813,2022,010365813,531969,173870,-0.102289,51.448449,1,3,2,1,17/03/2022,5,09:00,-1,E09000022,E09000022,E09000022,3,215,6,20,6,16,4,6,0,0,1,13,1,1,1,4,0,13,1,1,2,E01003170,-1,0,0,1
2022471169220,2022,471169220,502824,103420,-0.541618,50.821206,47,3,1,1,21/04/2022,5,20:00,-1,E07000224,E10000032,E10000032,3,259,6,60,3,13,2,6,0,0,0,0,7,8,1,4,0,13,1,1,2,E01031468,3,1,0,1
2022520300352,2022,520300352,299005,143582,-3.446346,51.182519,52,3,2,1,02/12/2022,6,19:20,-1,E07000246,E06000066,E06000066,6,0,6,30,3,13,4,6,0,0,0,0,6,1,1,4,0,13,2,1,2,E01029325,-1,0,0.2246,0.7754
2022010355601,2022,010355601,526995,184930,-0.16985,51.54898,1,3,1,2,19/01/2022,4,16:33,-1,E09000007,E09000007,E09000007,5,0,6,20,0,0,-1,0,-1,0,0,0,4,1,2,4,0,13,1,1,2,E01000848,-1,0,0,1
2022041137889,2022,041137889,358005,420691,-2.637271,53.680983,4,2,2,1,29/01/2022,7,11:35,-1,E07000118,E10000017,E10000017,3,6,6,40,0,0,-1,0,-1,0,0,0,1,1,1,4,0,13,1,1,2,E01024950,7,1,1,0
2022991209029,2022,991209029,273573,655654,-4.017223,55.777631,99,3,2,1,14/08/2022,1,13:35,-1,S12000029,S12000029,S12000029,1,74,3,70,0,0,-1,0,-1,0,0,0,1,1,1,4,0,13,2,1,-1,-1,3,1,0,1
2022610017222,2022,610017222,328319,185668,-3.035534,51.565314,61,3,2,1,28/05/2022,7,10:35,-1,W06000022,W06000022,W06000022,3,48,3,40,1,0,2,3,48,0,0,0,1,1,1,4,0,13,2,1,-1,W01001913,-1,0,0.16599,0.83401
2022522201841,2022,522201841,358080,169802,-2.604318,51.425667,52,3,2,2,22/01/2022,7,23:06,-1,E06000023,E06000023,E06000023,3,3029,6,30,3,13,4,6,0,0,0,0,4,1,2,4,0,13,1,1,2,E01014579,-1,0,0.12216,0.87784
2022010382133,2022,010382133,522189,193873,-0.236017,51.630412,1,3,2,1,13/06/2022,2,16:22,-1,E09000003,E09000003,E09000003,4,552,6,30,3,13,2,3,5109,0,8,17,1,1,1,4,0,13,2,1,2,E01000279,-1,0,0,1
2022010386796,2022,010386796,514322,175999,-0.35543,51.471418,1,3,2,1,06/07/2022,4,16:58,-1,E09000018,E09000018,E09000018,5,0,6,20,3,13,2,6,0,0,0,0,1,1,1,4,2,13,1,1,2,E01002642,-1,0,0,1
2022010402809,2022,010402809,532121,175988,-0.099312,51.467447,1,3,1,1,04/10/2022,3,13:15,-1,E09000022,E09000022,E09000022,3,2217,6,20,3,13,4,6,0,0,5,15,1,1,1,4,2,13,1,1,2,E01003077,-1,0,0,1
2022010409835,2022,010409835,537573,188238,-0.016094,51.576228,1,3,1,1,08/11/2022,3,18:45,-1,E09000031,E09000031,E09000031,5,0,9,20,0,0,-1,0,-1,9,9,99,4,2,2,4,0,13,1,3,2,E01004420,-1,0,0,1
2022501202909,2022,501202909,258808,131929,-4.016561,51.069278,50,3,1,1,27/07/2022,4,02:29,-1,E07000043,E10000008,E10000008,3,361,6,40,0,0,-1,0,-1,0,0,0,6,1,1,4,0,13,2,1,2,E01020120,3,1,0,1
2022041208896,2022,041208896,333650,442117,-3.010565,53.871,4,3,2,1,12/08/2022,6,19:00,-1,E07000128,E10000017,E10000017,4,5268,6,30,0,0,-1,0,-1,0,0,0,1,1,1,4,0,13,1,2,2,E01025576,3,1,0,1
2022111201481,2022,111201481,417645,529735,-1.727979,54.662396,11,3,3,1,19/07/2022,3,14:00,-1,E06000047,E06000047,E06000047,6,0,6,30,0,0,-1,0,-1,0,0,0,1,1,1,4,0,13,2,3,2,E01020882,3,1,0,1
2022201195067,2022,201195067,403219,286711,-1.954033,52.478319,20,3,1,1,25/05/2022,4,08:45,-1,E08000025,E08000025,E08000025,4,4125,6,20,0,0,-1,0,-1,1,4,11,1,1,1,4,0,13,1,1,2,E01009145,3,1,0,1
2022201254055,2022,201254055,422312,279459,-1.673402,52.412682,20,3,2,1,14/04/2022,5,13:20,-1,E08000029,E08000029,E08000029,3,452,3,30,1,0,4,3,452,0,0,0,1,1,1,4,0,13,2,2,2,E01010168,3,1,0,1
2022131197416,2022,131197416,410358,440698,-1.84399,53.862401,13,3,2,1,11/07/2022,2,11:59,-1,E08000032,E08000032,E08000032,6,0,6,30,0,0,-1,0,-1,0,0,0,1,1,1,4,0,13,1,2,2,E01010765,3,1,0,1
2022010410258,2022,010410258,523233,188663,-0.22277,51.583362,1,3,1,1,13/11/2022,1,09:45,-1,E09000003,E09000003,E09000003,4,551,6,30,0,0,-1,0,-1,0,0,0,1,7,1,4,0,13,1,1,2,E01000311,-1,0,0,1
2022010408355,2022,010408355,531799,166605,-0.107432,51.3832,1,3,1,2,04/11/2022,6,08:50,-1,E09000008,E09000008,E09000008,3,235,6,30,0,0,-1,0,-1,0,1,13,1,1,2,4,0,13,1,1,2,E01001117,-1,0,0,1
2022010399654,2022,010399654,515917,179501,-0.331327,51.502569,1,3,2,1,16/09/2022,6,09:40,-1,E09000009,E09000009,E09000009,3,3002,6,20,99,-1,9,6,0,1,1,11,1,1,1,4,0,13,1,3,2,E01001255,-1,0,0,1
2022430383249,2022,430383249,449248,210754,-1.287332,51.79328,43,3,3,1,26/08/2022,6,08:57,-1,E07000177,E10000025,E10000025,3,34,7,60,0,0,-1,0,-1,0,0,0,1,1,1,4,0,13,2,1,1,E01028511,-1,0,0.00696,0.99304
2022552200451,2022,552200451,402294,91874,-1.968864,50.726484,55,3,2,1,23/03/2022,4,09:35,-1,E06000058,E06000058,E06000058,6,0,6,30,6,16,4,3,35,0,4,14,1,1,1,4,0,13,1,2,2,E01015445,-1,0,0.02335,0.97665
202234NNC7932,2022,34NNC7932,486186,282217,-0.733793,52.431151,34,3,3,1,25/11/2022,6,09:20,-1,E06000061,E06000061,E06000061,3,43,6,60,0,0,-1,0,-1,0,0,0,1,1,2,4,0,13,2,1,2,E01027090,-1,0,0,1
2022101172006,2022,101172006,421480,568196,-1.665687,55.007868,10,3,3,1,01/05/2022,1,16:54,-1,E08000021,E08000021,E08000021,3,1,3,70,0,0,-1,0,-1,0,0,0,1,1,1,4,0,13,2,2,1,E01008295,3,1,0,1
2022131238114,2022,131238114,438278,430208,-1.420779,53.766821,13,2,2,1,03/11/2022,5,23:09,-1,E08000035,E08000035,E08000035,3,642,6,30,9,19,4,6,0,0,0,0,4,1,1,4,1,13,2,1,2,E01011391,7,1,1,0
2022010405150,2022,010405150,539356,178180,0.005643,51.485411,1,3,2,1,17/10/2022,2,22:00,-1,E09000011,E09000011,E09000011,3,206,6,20,3,13,4,6,0,0,0,0,4,1,1,4,0,13,1,1,2,E01001662,-1,0,0,1
2022461239088,2022,461239088,555655,170196,0.236694,51.40943,46,3,3,2,16/10/2022,1,10:15,-1,E07000107,E10000016,E10000016,3,225,6,30,0,0,-1,0,-1,0,0,0,1,1,1,4,0,13,2,3,2,E01024174,3,1,0,1
2022991204007,2022,991204007,264780,666054,-4.16248,55.868629,99,2,2,1,29/07/2022,6,23:20,-1,S12000049,S12000049,S12000049,1,8,7,60,0,0,-1,0,-1,0,0,0,4,2,2,4,0,13,1,1,-1,-1,7,1,1,0
2022131232581,2022,131232581,415325,432578,-1.768868,53.789298,13,3,1,1,20/10/2022,5,09:35,-1,E08000032,E08000032,E08000032,6,0,6,30,3,13,4,6,0,2,4,12,1,2,2,4,0,13,1,1,2,E01010836,3,1,0,1
2022010409548,2022,010409548,540161,178521,0.017365,51.488276,1,3,2,2,08/11/2022,3,18:00,-1,E09000011,E09000011,E09000011,6,0,3,30,6,16,2,6,0,0,0,0,4,1,2,4,0,13,1,1,2,E01033738,-1,0,0,1
2022010357530,2022,010357530,528936,179315,-0.143925,51.49808,1,3,2,1,30/01/2022,1,02:30,-1,E09000033,E09000033,E09000033,3,3217,2,20,6,16,2,3,3214,0,5,15,4,1,1,4,0,13,1,1,2,E01004731,-1,0,0,1
2022440478483,2022,440478483,449602,129307,-1.293578,51.060968,44,3,2,1,25/11/2022,6,11:07,-1,E07000094,E10000014,E10000014,1,3,3,50,0,0,-1,0,-1,0,0,0,1,1,1,4,0,13,1,1,1,E01023258,-1,0,0,1
2022991163763,2022,991163763,265949,659441,-4.140547,55.80958,99,3,2,1,06/04/2022,4,12:30,-1,S12000029,S12000029,S12000029,6,0,6,30,6,16,4,6,0,0,0,0,1,1,1,4,0,13,1,2,-1,-1,3,1,0,1
2022161235354,2022,161235354,527939,409572,-0.069614,53.567168,16,2,1,1,27/10/2022,5,18:00,-1,E06000012,E06000012,E06000012,6,0,6,20,3,13,2,6,0,0,5,15,7,1,1,4,0,13,1,1,2,E01013142,5,1,1,0
2022430323758,2022,430323758,487816,205831,-0.729474,51.74431,43,3,2,1,22/07/2022,6,06:30,-1,E06000060,E06000060,E06000060,5,0,6,60,8,18,4,6,0,0,0,0,1,2,2,4,0,13,2,1,2,E01017726,-1,0,0.03118,0.96882
202234WNC5092,2022,34WNC5092,464990,260749,-1.049636,52.241102,34,2,6,1,30/07/2022,7,14:16,-1,E06000062,E06000062,E06000062,1,1,3,70,0,0,-1,0,-1,0,0,0,1,1,1,4,0,13,2,1,1,E01027011,-1,0,0.70301,0.29699
2022201245644,2022,201245644,397040,282926,-2.044975,52.444292,20,3,2,1,22/03/2022,3,22:15,-1,E08000027,E08000027,E08000027,3,456,1,40,1,0,4,3,459,0,0,0,4,1,1,4,0,13,2,2,2,E01009804,3,1,0,1
2022010364882,2022,010364882,516267,177364,-0.32699,51.48329,1,3,2,1,11/03/2022,6,23:00,-1,E09000018,E09000018,E09000018,3,4,3,40,6,16,2,4,454,0,5,15,4,2,2,4,2,13,1,1,2,E01002678,-1,0,0,1
2022201227987,2022,201227987,389928,285048,-2.149673,52.463282,20,3,4,1,17/08/2022,4,10:38,-1,E08000027,E08000027,E08000027,3,491,6,30,3,13,2,6,0,0,8,17,1,1,1,4,0,13,1,1,2,E01009721,3,1,0,1
2022010355042,2022,010355042,529389,185190,-0.135247,51.550773,1,3,4,3,16/01/2022,1,17:08,-1,E09000007,E09000007,E09000007,5,0,6,20,3,13,4,6,0,0,0,0,4,1,2,4,2,13,1,1,2,E01000925,-1,0,0,1
2022010418348,2022,010418348,533434,178496,-0.079475,51.489677,1,3,9,2,26/11/2022,7,01:10,-1,E09000028,E09000028,E09000028,3,2,3,30,3,13,4,6,0,0,4,14,4,1,2,4,0,13,1,1,2,E01003966,-1,0,0,1
2022010397800,2022,010397800,528439,179882,-0.150875,51.503289,1,3,1,1,05/09/2022,2,11:20,-1,E09000033,E09000033,E09000033,3,4,1,20,1,0,2,3,4202,0,0,0,1,4,1,4,2,13,1,3,2,E01004761,-1,0,0,1
2022010413713,2022,010413713,527834,181368,-0.159049,51.51678,1,3,2,4,30/11/2022,4,19:15,-1,E09000033,E09000033,E09000033,5,0,6,20,7,17,4,6,0,0,0,0,4,1,1,4,0,13,1,1,2,E01004657,-1,0,0,1
2022411243560,2022,411243560,525453,199648,-0.186814,51.681592,41,3,2,1,07/11/2022,2,20:10,-1,E07000098,E10000015,E10000015,3,1000,6,30,3,13,3,6,0,0,0,0,4,1,2,4,0,13,2,3,2,E01023576,3,1,0,1
2022461187338,2022,461187338,603633,141273,0.909236,51.134514,46,2,1,1,09/06/2022,5,14:51,-1,E07000105,E10000016,E10000016,3,2070,3,40,0,0,-1,0,-1,0,0,0,1,1,1,4,0,13,2,1,1,E01024004,7,1,1,0
2022471214640,2022,471214640,494734,106195,-0.655717,50.847532,47,2,3,2,01/09/2022,5,12:55,-1,E07000224,E10000032,E10000032,3,29,6,40,0,0,-1,0,-1,0,0,0,1,1,1,4,0,13,2,1,2,E01031397,6,1,1,0
2022471145031,2022,471145031,528034,104909,-0.183376,50.829569,47,3,1,1,18/02/2022,6,20:31,-1,E06000043,E06000043,E06000043,4,2066,6,30,0,0,-1,0,-1,0,5,15,4,4,1,4,2,13,1,1,2,E01016987,3,1,0,1
2022552201408,2022,552201408,406298,94133,-1.912099,50.74677,55,3,2,2,24/11/2022,5,06:59,-1,E06000058,E06000058,E06000058,3,3049,6,30,3,13,4,6,0,0,0,0,4,1,1,4,0,13,1,1,2,E01015359,-1,0,0.06229,0.93771
2022101220543,2022,101220543,427805,556949,-1.567881,54.906491,10,3,3,3,17/09/2022,7,16:55,-1,E08000037,E08000037,E08000037,2,1,3,70,0,0,-1,0,-1,0,0,0,1,1,1,4,0,13,2,1,1,E01008224,3,1,0,1
2022010408090,2022,010408090,521731,169964,-0.250883,51.415636,1,3,2,1,02/11/2022,4,22:22,-1,E09000021,E09000021,E09000021,3,3,3,70,5,0,4,3,238,0,0,0,4,2,2,4,0,13,1,1,2,E01002953,-1,0,0,1
2022471179124,2022,471179124,558197,104314,0.244344,50.816773,47,3,2,1,11/05/2022,4,16:03,-1,E07000065,E10000011,E10000011,3,2270,6,30,0,0,-1,0,-1,0,4,14,1,1,1,4,0,13,1,2,2,E01021215,3,1,0,1
2022471215822,2022,471215822,544294,127468,0.056277,51.028476,47,2,1,1,05/09/2022,2,19:34,-1,E07000065,E10000011,E10000011,3,22,6,30,3,13,2,6,0,0,0,0,6,1,1,4,0,13,1,1,2,E01021164,7,1,1,0
2022070011617,2022,070011617,340265,366343,-2.895488,53.190806,7,3,3,3,05/01/2022,4,20:18,-1,E06000050,E06000050,E06000050,3,5268,3,30,3,13,2,6,0,0,0,0,4,8,2,4,0,13,1,1,2,E01018326,-1,0,0.0853,0.9147
2022361202561,2022,361202561,624008,309240,1.308982,52.634648,36,3,2,1,25/07/2022,2,21:00,-1,E07000148,E10000020,E10000020,3,147,6,30,0,0,-1,0,-1,0,0,0,4,1,1,4,0,13,1,1,2,E01026848,3,1,0,1
2022010405637,2022,010405637,535972,175782,-0.043985,51.464685,1,3,2,1,20/10/2022,5,15:35,-1,E09000023,E09000023,E09000023,5,0,6,20,6,16,4,6,0,0,0,0,1,1,2,4,2,13,1,3,2,E01003342,-1,0,0,1
2022440497251,2022,440497251,482886,131959,-0.818109,51.080976,44,3,1,1,08/12/2022,5,23:34,-1,E07000085,E10000014,E10000014,6,0,6,30,0,0,-1,0,-1,0,0,0,4,1,4,4,0,13,2,1,2,E01022586,-1,0,0,1
2022070783251,2022,070783251,366322,384589,-2.507465,53.357101,7,3,2,5,24/10/2022,2,21:24,-1,E06000007,E06000007,E06000007,1,6,3,70,5,0,4,1,6,0,0,0,4,1,2,4,0,13,2,1,1,E01012448,-1,0,0.20215,0.79785
2022332201097,2022,332201097,459300,305520,-1.125021,52.644189,33,3,2,1,19/12/2022,2,15:10,-1,E06000016,E06000016,E06000016,5,0,6,30,0,0,-1,0,-1,0,4,14,1,1,2,4,0,13,1,1,2,E01013754,-1,0,0.01777,0.98223
2022201251825,2022,201251825,407065,291250,-1.897312,52.519089,20,3,2,1,01/04/2022,6,07:00,-1,E08000025,E08000025,E08000025,3,453,3,30,3,13,2,6,0,0,0,0,1,1,4,4,0,13,1,1,2,E01009239,3,1,0,1
2022010409691,2022,010409691,529211,182710,-0.138723,51.528527,1,2,2,1,10/11/2022,5,14:29,-1,E09000007,E09000007,E09000007,6,0,6,20,3,13,2,3,400,0,0,0,1,1,2,4,0,13,1,1,2,E01000950,-1,0,1,0
2022351190517,2022,351190517,546922,257605,0.148241,52.197108,35,2,2,1,09/06/2022,5,17:30,-1,E07000008,E10000003,E10000003,6,0,6,20,3,13,4,6,0,0,0,0,1,1,1,4,0,13,1,2,2,E01018000,7,1,1,0
2022041210072,2022,041210072,354421,431601,-2.693139,53.778734,4,3,3,1,16/08/2022,3,13:19,-1,E07000123,E10000017,E10000017,4,6242,6,30,9,19,4,6,0,0,0,0,1,1,1,4,0,13,1,1,2,E01025251,3,1,0,1
2022041230997,2022,041230997,335769,440543,-2.978013,53.857122,4,3,2,2,16/10/2022,1,20:50,-1,E07000119,E10000017,E10000017,3,585,6,50,0,0,-1,0,-1,0,0,0,6,2,2,4,0,13,1,1,1,E01025026,3,1,0,1
2022991235269,2022,991235269,300304,668684,-3.596043,55.900913,99,3,4,1,27/10/2022,5,06:47,-1,S12000040,S12000040,S12000040,3,89,6,50,0,0,-1,0,-1,0,0,0,4,1,2,4,0,13,2,1,-1,-1,3,1,0,1
202234WNC6242,2022,34WNC6242,447449,252387,-1.30767,52.167718,34,3,1,1,03/09/2022,7,19:30,-1,E06000062,E06000062,E06000062,5,0,6,60,0,0,-1,0,-1,0,0,0,6,1,1,4,0,13,2,1,2,E01027304,-1,0,0,1
2022010408400,2022,010408400,541147,174329,0.029884,51.450362,1,3,2,1,04/11/2022,6,13:27,-1,E09000011,E09000011,E09000011,3,20,1,40,1,0,4,3,205,0,0,0,1,1,1,4,0,13,1,1,2,E01001661,-1,0,0,1
2022010417686,2022,010417686,519755,175864,-0.27729,51.469082,1,3,2,1,21/12/2022,4,15:30,-1,E09000027,E09000027,E09000027,3,316,3,30,6,16,2,3,205,9,9,99,1,1,9,4,9,13,1,3,2,E01033571,-1,0,0,1
2022031211108,2022,031211108,351678,492685,-2.744514,54.327437,3,2,2,1,21/08/2022,1,09:39,-1,E07000031,E10000006,E06000064,3,65,6,30,3,13,4,3,65,0,1,13,1,1,1,4,0,13,1,2,2,E01019360,6,1,1,0
2022421219042,2022,421219042,556453,221180,0.270931,51.867264,42,3,2,1,12/08/2022,6,17:00,-1,E07000077,E10000012,E10000012,4,1256,6,30,0,0,-1,0,-1,0,0,0,1,1,1,4,0,13,2,3,2,E01022091,3,1,0,1
2022221187065,2022,221187065,384865,254854,-2.222823,52.191717,22,3,2,1,06/06/2022,2,14:43,-1,E07000237,E10000034,E10000034,3,44,6,30,0,0,-1,0,-1,0,4,14,1,1,1,4,0,13,1,1,2,E01033246,3,1,0,1
2022061221901,2022,061221901,365597,401345,-2.520194,53.50766,6,3,2,1,12/09/2022,2,14:54,-1,E08000010,E08000010,E08000010,3,579,6,30,0,0,-1,0,-1,1,5,11,1,2,2,4,0,13,1,1,2,E01006336,3,1,0,1
2022141198367,2022,141198367,447407,400820,-1.286765,53.501948,14,2,1,1,13/07/2022,4,18:48,-1,E08000017,E08000017,E08000017,6,0,6,30,7,17,4,6,0,0,0,0,1,1,1,4,2,13,2,1,2,E01007572,7,1,1,0
2022010374403,2022,010374403,528983,179436,-0.143205,51.499157,1,3,2,1,04/05/2022,4,17:45,-1,E09000033,E09000033,E09000033,3,3214,6,30,3,13,2,5,0,0,5,15,1,2,2,4,0,13,1,1,2,E01004731,-1,0,0,1
2022440237211,2022,440237211,475745,142372,-0.917848,51.17558,44,3,3,3,15/06/2022,4,12:10,-1,E07000085,E10000014,E10000014,3,31,3,70,0,0,-1,0,-1,0,0,0,1,1,1,4,0,13,2,1,2,E01022604,-1,0,0,1
2022041214279,2022,041214279,353641,429432,-2.704648,53.759172,4,3,2,4,30/08/2022,3,20:09,-1,E07000123,E10000017,E10000017,3,59,3,30,3,13,2,3,5071,0,5,15,4,1,1,4,0,13,1,1,2,E01033223,3,1,0,1
2022161128742,2022,161128742,510287,431731,-0.32816,53.770255,16,2,2,4,04/01/2022,3,11:30,-1,E06000010,E06000010,E06000010,3,1033,3,30,1,0,4,3,1033,0,8,17,1,1,1,4,0,13,1,1,2,E01012817,6,1,1,0
2022501217533,2022,501217533,290073,62598,-3.549797,50.45289,50,3,2,1,09/09/2022,6,10:05,-1,E06000027,E06000027,E06000027,3,3022,6,30,3,13,4,6,0,0,0,0,1,1,2,4,0,13,2,2,2,E01015208,3,1,0,1
20225222SE316,2022,5222SE316,331999,147398,-2.975107,51.221711,52,2,2,1,14/03/2022,2,12:40,-1,E07000188,E06000066,E06000066,3,38,6,30,3,13,4,6,0,0,0,0,1,1,1,4,0,13,1,1,2,E01029131,-1,0,1,0
2022141184869,2022,141184869,425588,404422,-1.615402,53.535832,14,2,2,2,31/05/2022,3,09:20,-1,E08000016,E08000016,E08000038,3,629,6,60,0,0,-1,0,-1,0,0,0,1,2,2,4,0,13,2,1,2,E01007425,6,1,1,0
2022201253770,2022,201253770,401742,298356,-1.975723,52.583012,20,3,2,1,08/04/2022,6,09:47,-1,E08000030,E08000030,E08000030,6,0,6,30,3,13,4,6,0,0,4,14,1,1,1,4,0,13,1,1,2,E01010368,3,1,0,1
2022421151966,2022,421151966,548193,211758,0.147026,51.784864,42,2,1,1,09/03/2022,4,20:18,-1,E07000073,E10000012,E10000012,4,183,6,30,0,0,-1,0,-1,0,0,0,4,1,1,4,0,13,2,1,2,E01021854,6,1,1,0
2022991162025,2022,991162025,220331,557205,-4.801987,54.877234,99,1,3,1,23/03/2022,4,14:30,-1,S12000006,S12000006,S12000006,3,75,6,60,0,0,-1,0,-1,0,0,0,1,1,1,4,0,13,2,1,-1,-1,1,1,0,0
2022991155633,2022,991155633,364689,765933,-2.579525,56.783613,99,3,2,1,17/03/2022,5,22:20,-1,S12000041,S12000041,S12000041,3,90,3,70,0,0,-1,0,-1,0,0,0,6,1,1,4,0,13,2,1,-1,-1,3,1,0,1
2022991132646,2022,991132646,324852,694769,-3.210866,56.139688,99,3,4,4,16/01/2022,1,12:30,-1,S12000047,S12000047,S12000047,4,981,6,40,0,0,-1,0,-1,0,0,0,1,1,1,4,0,13,2,1,-1,-1,3,1,0,1
2022991208375,2022,991208375,255497,666339,-4.310849,55.868493,99,2,2,2,11/08/2022,5,15:50,-1,S12000049,S12000049,S12000049,4,808,6,30,3,13,2,4,808,0,5,15,1,1,1,4,0,13,1,1,-1,-1,7,1,1,0
2022010375880,2022,010375880,520944,193310,-0.25419,51.625621,1,3,2,2,11/05/2022,4,18:34,-1,E09000003,E09000003,E09000003,3,1,9,50,0,0,-1,0,-1,0,0,0,1,1,1,4,0,13,1,3,2,E01000228,-1,0,0,1
2022302201145,2022,302201145,423890,374518,-1.643274,53.267123,30,3,2,1,01/07/2022,6,09:25,-1,E07000035,E10000007,E10000007,6,0,6,30,0,0,-1,0,-1,0,0,0,1,1,1,4,2,13,2,2,2,E01019604,-1,0,0.03327,0.96673
2022421229526,2022,421229526,568406,235570,0.451408,51.993046,42,3,2,1,12/10/2022,4,10:33,-1,E07000067,E10000012,E10000012,4,1057,6,60,0,0,-1,0,-1,0,0,0,1,1,1,4,2,13,2,1,2,E01021412,3,1,0,1
2022041160068,2022,041160068,348013,459484,-2.795116,54.028715,4,2,2,1,28/03/2022,2,10:57,-1,E07000121,E10000017,E10000017,3,6,6,30,9,19,4,6,0,0,1,13,1,1,1,4,0,13,1,2,2,E01025141,7,1,1,0
2022231185897,2022,231185897,435656,290094,-1.476097,52.507582,23,3,2,1,07/06/2022,3,09:56,-1,E07000219,E10000031,E10000031,3,444,3,50,0,0,-1,0,-1,0,0,0,1,1,1,4,0,13,1,1,2,E01031116,3,1,0,1
2022461256787,2022,461256787,574443,162333,0.502718,51.333333,46,2,2,1,09/12/2022,6,18:20,-1,E07000115,E10000016,E10000016,3,229,3,70,0,0,-1,0,-1,0,0,0,4,1,1,4,0,13,2,1,2,E01024721,7,1,1,0
2022231242906,2022,231242906,435721,290320,-1.475115,52.50961,23,3,2,2,24/10/2022,2,15:00,-1,E07000219,E10000031,E10000031,3,444,3,30,0,0,-1,0,-1,0,0,0,1,9,1,4,0,13,1,2,2,E01031116,3,1,0,1
2022430489440,2022,430489440,480074,221019,-0.838078,51.881996,43,3,2,1,31/10/2022,2,09:05,-1,E06000060,E06000060,E06000060,3,413,6,30,0,0,-1,0,-1,0,0,0,1,1,1,4,0,13,2,1,2,E01032958,-1,0,0.00838,0.99162
2022231228443,2022,231228443,429533,269711,-1.568099,52.324708,23,2,2,3,01/10/2022,7,17:45,-1,E07000222,E10000031,E10000031,3,46,3,70,0,0,-1,0,-1,0,0,0,1,1,1,4,0,13,2,1,1,E01031284,5,1,1,0
2022991134501,2022,991134501,305385,669002,-3.514925,55.904795,99,3,4,3,20/01/2022,5,10:45,-1,S12000040,S12000040,S12000040,3,899,3,50,0,0,-1,0,-1,0,0,0,1,1,1,4,0,13,1,1,-1,-1,3,1,0,1
2022430404161,2022,430404161,483669,246028,-0.779766,52.106266,43,3,3,2,08/09/2022,5,11:34,-1,E06000042,E06000042,E06000042,1,1,3,70,0,0,-1,0,-1,0,0,0,1,1,1,4,0,13,2,1,1,E01016802,-1,0,0.04202,0.95798
2022131201589,2022,131201589,442618,427189,-1.355359,53.739352,13,3,2,1,22/07/2022,6,14:04,-1,E08000035,E08000035,E08000035,3,656,6,40,0,0,-1,0,-1,0,0,0,1,1,1,4,0,13,2,1,2,E01011299,3,1,0,1
2022131228018,2022,131228018,419398,442234,-1.70644,53.875949,13,3,3,1,06/10/2022,5,17:50,-1,E08000035,E08000035,E08000035,6,0,6,20,3,13,4,6,0,0,1,13,1,1,1,4,0,13,1,2,2,E01011265,3,1,0,1
2022320474543,2022,320474543,503404,376176,-0.450867,53.272501,32,3,1,1,15/08/2022,2,23:10,-1,E07000142,E10000019,E10000019,5,0,6,30,3,13,4,6,0,0,0,0,4,1,1,4,0,13,2,1,2,E01026406,-1,0,0.03616,0.96384
2022041176081,2022,041176081,330836,436068,-3.051989,53.816273,4,3,1,2,11/05/2022,4,17:45,-1,E06000009,E06000009,E06000009,6,0,6,20,7,17,2,6,0,0,0,0,1,1,1,4,0,13,1,1,2,E01012736,3,1,0,1
2022122200987,2022,122200987,431009,471639,-1.526856,54.139661,12,3,2,1,14/06/2022,3,15:59,-1,E07000165,E06000065,E06000065,6,0,6,30,0,0,-1,0,-1,0,0,0,1,1,1,4,0,13,1,1,2,E01027714,-1,0,0.08056,0.91944
2022010400916,2022,010400916,527663,184370,-0.160425,51.543797,1,3,2,1,23/09/2022,6,15:00,-1,E09000007,E09000007,E09000007,4,509,6,20,3,13,2,6,0,0,9,0,1,1,1,4,0,13,1,3,2,E01000845,-1,0,0,1
2022461241155,2022,461241155,566029,173001,0.387034,51.43169,46,3,1,1,20/10/2022,5,09:59,-1,E07000109,E10000016,E10000016,6,0,6,30,3,13,4,6,0,0,0,0,1,2,2,4,0,13,1,1,2,E01024311,3,1,0,1
2022471247602,2022,471247602,520995,105926,-0.28294,50.840223,47,3,2,1,27/11/2022,1,11:50,-1,E07000223,E10000032,E10000032,6,0,6,30,3,13,1,6,0,0,0,0,1,1,1,4,0,13,1,1,2,E01031368,3,1,0,1
2022991209800,2022,991209800,325616,673564,-3.192682,55.949331,99,2,2,1,16/08/2022,3,20:40,-1,S12000036,S12000036,S12000036,6,0,6,20,6,16,2,6,0,2,4,12,1,1,1,4,0,13,1,1,-1,-1,7,1,1,0
2022201216709,2022,201216709,407598,286434,-1.889565,52.475786,20,3,1,1,16/01/2022,1,06:58,-1,E08000025,E08000025,E08000025,4,4100,3,30,0,0,-1,0,-1,0,4,14,4,1,2,4,0,13,1,1,2,E01033615,3,1,0,1
2022010402730,2022,010402730,548326,189074,0.139322,51.581016,1,3,2,2,04/10/2022,3,11:35,-1,E09000002,E09000002,E09000002,3,12,3,50,9,19,4,6,0,0,0,0,1,1,1,4,0,13,1,1,2,E01000030,-1,0,0,1
2022010396716,2022,010396716,516517,176962,-0.323524,51.479626,1,3,5,4,30/08/2022,3,14:45,-1,E09000018,E09000018,E09000018,4,454,6,30,3,13,4,6,0,0,0,0,1,1,1,4,0,13,1,1,2,E01002682,-1,0,0,1
2022010361703,2022,010361703,528704,170373,-0.150517,51.417773,1,3,2,1,22/02/2022,3,08:17,-1,E09000024,E09000024,E09000024,3,216,6,30,0,0,-1,0,-1,0,1,13,1,1,1,4,0,13,1,3,2,E01003397,-1,0,0,1
2022471192589,2022,471192589,579619,114441,0.553106,50.901507,47,3,2,1,24/06/2022,6,20:09,-1,E07000064,E10000011,E10000011,3,21,6,60,3,13,4,6,0,0,0,0,1,1,1,4,0,13,2,3,1,E01021087,3,1,0,1
2022461181951,2022,461181951,558517,172776,0.278963,51.431818,46,3,2,1,17/05/2022,3,23:19,-1,E07000107,E10000016,E10000016,3,2,7,40,1,0,4,4,255,0,0,0,4,1,1,4,0,13,2,1,2,E01024134,3,1,0,1
2022430140279,2022,430140279,475708,164244,-0.913751,51.372218,43,3,1,1,01/04/2022,6,10:01,-1,E06000041,E06000041,E06000041,6,0,6,30,3,13,4,6,0,0,0,0,1,1,2,4,0,13,2,1,2,E01016691,-1,0,0.0537,0.9463
202234WNC6642,2022,34WNC6642,460257,267433,-1.11775,52.301724,34,2,3,1,25/10/2022,3,08:00,-1,E06000062,E06000062,E06000062,1,1,3,70,0,0,-1,0,-1,0,0,0,1,1,2,4,0,13,2,1,1,E01027017,-1,0,0.68628,0.31372
2022010371166,2022,010371166,520693,191606,-0.2584,51.610361,1,3,3,2,16/04/2022,7,18:55,-1,E09000003,E09000003,E09000003,6,0,3,30,9,19,2,6,0,0,0,0,1,1,1,4,0,13,1,1,2,E01000132,-1,0,0,1
2022010402803,2022,010402803,548161,175647,0.131302,51.460415,1,3,2,1,04/10/2022,3,15:35,-1,E09000004,E09000004,E09000004,5,0,6,30,3,13,4,6,0,0,0,0,1,1,1,4,0,13,1,1,2,E01000394,-1,0,0,1
2022010367304,2022,010367304,517044,177842,-0.315647,51.487426,1,3,2,1,25/03/2022,6,01:25,-1,E09000018,E09000018,E09000018,3,4,3,40,9,19,2,6,0,0,4,14,4,1,1,4,0,13,1,1,2,E01002565,-1,0,0,1
2022010377222,2022,010377222,526565,182215,-0.177024,51.524677,1,2,2,1,18/05/2022,4,23:40,-1,E09000033,E09000033,E09000033,3,5,6,20,3,13,2,5,0,0,5,15,4,2,2,4,0,13,1,1,2,E01004703,-1,0,1,0
2022461190666,2022,461190666,567320,148812,0.394242,51.214,46,3,2,1,17/06/2022,6,21:42,-1,E07000115,E10000016,E10000016,6,0,6,40,0,0,-1,0,-1,0,0,0,6,1,1,4,2,13,2,1,2,E01024743,3,1,0,1
2022461260613,2022,461260613,581923,155414,0.606451,51.268841,46,3,3,2,17/12/2022,7,15:00,-1,E07000110,E10000016,E10000016,1,20,3,70,0,0,-1,0,-1,0,0,0,1,1,2,4,0,13,2,1,1,E01024387,3,1,0,1
2022430281570,2022,430281570,501793,177692,-0.535262,51.489026,43,3,2,1,26/06/2022,1,21:08,-1,E06000039,E06000039,E06000039,3,4,1,40,1,0,4,6,0,0,0,0,1,1,1,4,0,13,1,3,2,E01016480,-1,0,0.00331,0.99669
2022010370793,2022,010370793,512437,180434,-0.381146,51.511657,1,3,2,1,14/04/2022,5,13:50,-1,E09000009,E09000009,E09000009,3,4020,6,20,3,13,4,6,0,0,0,0,1,1,1,4,0,13,1,1,2,E01001361,-1,0,0,1
2022161193510,2022,161193510,510001,428425,-0.333673,53.740613,16,2,2,1,26/06/2022,1,16:40,-1,E06000010,E06000010,E06000010,3,63,3,60,0,0,-1,0,-1,0,4,14,1,1,1,4,0,13,1,1,1,E01033104,5,1,1,0
2022101147586,2022,101147586,436646,552720,-1.43054,54.867922,10,3,2,1,21/02/2022,2,19:00,-1,E08000024,E08000024,E08000024,4,1286,6,30,0,0,-1,0,-1,0,0,0,4,1,2,4,2,13,2,2,2,E01008808,3,1,0,1
2022531152810,2022,531152810,382103,217362,-2.261253,51.854559,53,3,2,1,11/03/2022,6,13:41,-1,E07000081,E10000013,E10000013,3,430,3,40,0,0,-1,0,-1,0,0,0,1,1,2,4,0,13,1,1,2,E01022348,3,1,0,1
2022070911881,2022,070911881,360368,391812,-2.597826,53.421608,7,3,2,3,11/12/2022,1,05:05,-1,E06000007,E06000007,E06000007,3,49,3,40,1,0,2,1,62,0,5,15,4,1,4,4,0,13,2,1,2,E01012539,-1,0,0.10818,0.89182
2022061153506,2022,061153506,391570,405243,-2.128685,53.54376,6,3,1,1,14/03/2022,2,08:07,-1,E08000004,E08000004,E08000004,3,6048,6,30,0,0,-1,0,-1,2,4,12,1,1,1,4,0,13,1,1,2,E01005353,3,1,0,1
2022201265796,2022,201265796,399296,295401,-2.011815,52.556449,20,3,2,1,15/06/2022,4,16:00,-1,E08000028,E08000028,E08000028,6,0,6,30,3,13,4,3,461,0,4,14,1,1,1,4,0,13,1,2,2,E01010085,3,1,0,1
2022010383971,2022,010383971,528933,183623,-0.142394,51.536796,1,2,2,1,22/06/2022,4,15:35,-1,E09000007,E09000007,E09000007,3,503,7,20,3,13,3,6,0,0,0,0,1,1,1,4,3,13,1,1,2,E01000948,-1,0,1,0
2022010377506,2022,010377506,516204,171878,-0.329698,51.433997,1,2,2,1,19/05/2022,5,17:05,-1,E09000027,E09000027,E09000027,3,310,6,30,0,0,-1,0,-1,0,8,17,1,1,1,4,0,13,1,3,2,E01003881,-1,0,1,0
2022501166619,2022,501166619,250637,70128,-4.107959,50.511841,50,3,2,1,30/03/2022,4,22:52,-1,E07000047,E10000008,E10000008,3,386,6,60,0,0,-1,0,-1,0,0,0,6,1,1,4,0,13,2,1,2,E01020341,3,1,0,1
2022461142170,2022,461142170,564334,173670,0.362983,51.438194,46,3,1,1,01/02/2022,3,17:34,-1,E07000109,E10000016,E10000016,6,0,6,30,0,0,-1,0,-1,0,0,0,4,1,1,4,0,13,1,1,2,E01024290,3,1,0,1
2022211227916,2022,211227916,398384,310262,-2.025345,52.690044,21,3,1,1,13/09/2022,3,13:21,-1,E07000192,E10000028,E10000028,3,4601,3,30,1,0,4,6,0,0,4,14,1,1,1,4,0,13,1,1,2,E01029367,3,1,0,1
2022991149934,2022,991149934,340157,730657,-2.972782,56.464236,99,3,2,3,03/03/2022,5,16:00,-1,S12000042,S12000042,S12000042,3,991,1,30,1,0,4,3,991,0,0,0,1,2,2,4,0,13,1,1,-1,-1,3,1,0,1
2022221195514,2022,221195514,384721,251568,-2.22478,52.16217,22,3,2,3,05/07/2022,3,19:18,-1,E07000235,E10000034,E10000034,3,4440,6,60,0,0,-1,0,-1,0,0,0,1,1,1,4,0,13,2,1,2,E01032206,3,1,0,1
2022010364480,2022,010364480,531479,181948,-0.106331,51.521156,1,3,1,1,09/03/2022,4,18:30,-1,E09000007,E09000007,E09000007,3,201,6,20,3,13,2,6,0,2,0,12,4,1,1,4,0,13,1,1,2,E01000916,-1,0,0,1
2022010361073,2022,010361073,529585,173920,-0.136558,51.449448,1,2,6,1,17/02/2022,5,08:10,-1,E09000022,E09000022,E09000022,3,205,6,30,6,16,2,5,0,0,4,14,1,1,1,4,0,13,1,1,2,E01003160,-1,0,1,0
2022141138990,2022,141138990,452760,399203,-1.206343,53.486906,14,3,2,1,01/02/2022,3,10:42,-1,E08000017,E08000017,E08000017,3,630,6,40,0,0,-1,0,-1,0,0,0,1,4,1,4,0,13,2,1,2,E01007613,3,1,0,1
2022101186745,2022,101186745,428230,556891,-1.561259,54.905946,10,3,2,2,20/05/2022,6,20:29,-1,E08000037,E08000037,E08000037,3,1231,3,60,0,0,-1,0,-1,0,0,0,1,1,1,4,0,13,2,2,2,E01008224,3,1,0,1
2022010406396,2022,010406396,515636,188802,-0.332321,51.58622,1,3,1,1,24/10/2022,2,15:16,-1,E09000015,E09000015,E09000015,3,409,6,30,0,0,-1,0,-1,0,5,15,1,1,1,4,0,13,1,1,2,E01002130,-1,0,0,1
2022211301455,2022,211301455,384895,341777,-2.226379,52.973132,21,3,2,1,06/11/2022,1,12:15,-1,E07000197,E10000028,E10000028,1,6,3,70,0,0,-1,0,-1,0,0,0,1,1,1,4,0,13,2,1,1,E01029748,3,1,0,1
2022461151994,2022,461151994,573764,164986,0.494275,51.357373,46,3,1,3,22/02/2022,3,23:28,-1,E06000035,E06000035,E06000035,1,2,3,70,0,0,-1,0,-1,0,0,0,4,1,1,4,0,13,2,1,1,E01016127,3,1,0,1
2022010393514,2022,010393514,540724,180101,0.026098,51.502334,1,3,2,1,11/08/2022,5,14:16,-1,E09000025,E09000025,E09000025,3,1011,6,30,8,18,4,6,0,0,0,0,1,1,1,4,2,13,1,1,2,E01033577,-1,0,0,1
2022430187125,2022,430187125,489595,195265,-0.706424,51.649053,43,2,1,1,01/05/2022,1,16:35,-1,E06000060,E06000060,E06000060,6,0,6,30,3,13,4,3,2087,0,0,0,1,1,1,4,0,13,1,2,2,E01017884,-1,0,1,0
2022430334386,2022,430334386,502431,181036,-0.525106,51.518968,43,2,2,1,28/07/2022,5,10:22,-1,E06000060,E06000060,E06000060,4,470,6,30,3,13,4,6,0,0,0,0,1,1,1,4,0,13,2,1,2,E01017835,-1,0,1,0
202234NNC2602,2022,34NNC2602,479924,281622,-0.826015,52.426753,34,3,2,1,22/04/2022,6,19:50,-1,E06000061,E06000061,E06000061,3,6,3,60,0,0,-1,0,-1,0,0,0,6,1,1,4,0,13,2,1,2,E01027123,-1,0,0,1
202234WNC2252,2022,34WNC2252,479006,265561,-0.843287,52.282525,34,3,2,1,01/04/2022,6,09:45,-1,E06000062,E06000062,E06000062,3,43,3,40,0,0,-1,0,-1,0,0,0,1,1,1,4,0,13,1,1,2,E01027018,-1,0,0,1
2022201153573,2022,201153573,407142,287116,-1.896265,52.481923,20,2,1,1,10/02/2022,5,11:31,-1,E08000025,E08000025,E08000025,6,0,2,30,0,0,-1,0,-1,0,0,0,1,1,1,4,0,13,1,1,2,E01033620,7,1,1,0
2022070208889,2022,070208889,362809,382428,-2.559989,53.337442,7,2,2,2,26/03/2022,7,08:48,-1,E06000007,E06000007,E06000007,1,56,3,70,0,0,-1,0,-1,0,0,0,1,8,1,4,0,13,2,1,1,E01012503,-1,0,1,0
2022421222260,2022,421222260,580901,190957,0.609953,51.588424,42,3,2,1,23/08/2022,3,16:50,-1,E07000075,E10000012,E10000012,4,1013,6,30,3,13,4,6,0,0,0,0,1,1,1,4,0,13,1,3,2,E01021962,3,1,0,1
2022451132439,2022,451132439,497791,144570,-0.601971,51.191997,45,3,2,2,15/01/2022,7,12:40,-1,E07000216,E10000030,E10000030,3,3100,6,30,3,13,4,6,0,0,0,0,1,1,2,4,0,13,1,1,2,E01030922,3,1,0,1
2022622200599,2022,622200599,257740,198084,-4.058286,51.663479,62,3,2,1,04/08/2022,5,07:29,-1,W06000011,W06000011,W06000011,4,4620,6,20,3,13,4,6,0,0,0,0,1,1,1,4,0,13,1,1,-1,W01000878,-1,0,0.07347,0.92653
2022170S11322,2022,170S11322,442925,517083,-1.337947,54.54719,17,3,2,1,24/08/2022,4,22:52,-1,E06000004,E06000004,E06000004,3,66,3,50,5,0,4,3,135,0,0,0,1,1,1,4,0,13,2,1,1,E01012223,-1,0,0.04774,0.95226
2022131188408,2022,131188408,443116,425978,-1.347978,53.728427,13,3,2,1,05/05/2022,5,13:30,-1,E08000036,E08000036,E08000036,6,0,6,30,3,13,4,6,0,0,0,0,1,1,1,4,0,13,1,2,2,E01011752,3,1,0,1
2022010369774,2022,010369774,530624,180904,-0.119034,51.511973,1,2,1,1,08/04/2022,6,03:00,-1,E09000033,E09000033,E09000033,3,301,6,30,3,13,4,6,0,0,4,14,4,1,1,4,0,13,1,1,2,E01004735,-1,0,1,0
2022451229711,2022,451229711,508314,168610,-0.444153,51.406185,45,2,2,2,11/10/2022,3,21:56,-1,E07000213,E10000030,E10000030,1,3,3,70,0,0,-1,0,-1,0,0,0,6,1,1,4,2,13,1,1,1,E01030719,6,1,1,0
2022070209430,2022,070209430,372246,379274,-2.417994,53.309673,7,3,2,1,26/03/2022,7,13:54,-1,E06000049,E06000049,E06000049,3,556,3,60,3,13,2,6,0,0,4,14,1,1,1,4,0,13,2,1,2,E01018648,-1,0,0.16615,0.83385
2022010387591,2022,010387591,520917,192828,-0.254746,51.621295,1,3,2,1,10/07/2022,1,19:30,-1,E09000003,E09000003,E09000003,3,1,3,50,1,0,2,3,5109,0,0,0,1,1,1,4,0,13,1,1,2,E01000264,-1,0,0,1
2022010363114,2022,010363114,541136,183021,0.033198,51.52847,1,3,2,1,01/03/2022,3,18:20,-1,E09000025,E09000025,E09000025,3,124,9,30,99,-1,9,5,0,9,9,99,4,2,2,4,9,13,1,3,2,E01003606,-1,0,0,1
2022010373309,2022,010373309,528575,181927,-0.148172,51.521636,1,3,1,1,28/04/2022,5,14:33,-1,E09000033,E09000033,E09000033,5,0,6,20,6,16,2,5,0,0,0,0,1,1,1,4,2,13,1,1,2,E01004713,-1,0,0,1
2022471231625,2022,471231625,520842,105882,-0.285126,50.839859,47,3,2,1,18/10/2022,3,08:05,-1,E07000223,E10000032,E10000032,6,0,6,30,3,13,2,6,0,0,4,14,1,1,1,4,0,13,1,1,2,E01031368,3,1,0,1
2022401143457,2022,401143457,507564,218141,-0.439733,51.85151,40,3,2,1,10/02/2022,5,11:30,-1,E06000056,E06000056,E06000056,4,4540,6,30,0,0,-1,0,-1,0,0,0,1,1,1,4,0,13,2,1,2,E01017561,3,1,0,1
2022201260324,2022,201260324,408438,285275,-1.877227,52.465355,20,3,1,1,26/09/2022,2,20:57,-1,E08000025,E08000025,E08000025,6,0,6,30,3,13,4,3,41,0,0,0,7,1,1,4,0,13,1,1,2,E01009365,3,1,0,1
2022010373289,2022,010373289,543833,181625,0.071481,51.515246,1,3,2,1,26/04/2022,3,14:30,-1,E09000025,E09000025,E09000025,3,406,9,30,3,13,2,6,0,9,9,99,1,9,9,4,0,13,1,3,2,E01003482,-1,0,0,1
2022421166620,2022,421166620,573072,188542,0.495869,51.569188,42,3,2,3,09/04/2022,7,10:55,-1,E07000066,E10000012,E10000012,6,0,6,30,3,13,4,6,0,0,0,0,1,1,1,4,0,13,1,3,2,E01021305,3,1,0,1
2022440345271,2022,440345271,473913,140797,-0.944373,51.161659,44,3,1,1,25/08/2022,5,03:58,-1,E07000085,E10000014,E10000014,3,31,6,20,0,0,-1,0,-1,0,7,16,4,2,2,4,0,13,2,1,2,E01022605,-1,0,0,1
2022991227018,2022,991227018,241942,645844,-4.515359,55.680268,99,3,2,9,05/10/2022,4,16:25,-1,S12000008,S12000008,S12000008,3,735,6,30,3,13,2,4,769,0,4,14,1,1,2,4,0,13,1,1,-1,-1,3,1,0,1
2022070549894,2022,070549894,354303,379695,-2.687327,53.312209,7,3,4,1,30/08/2022,3,14:15,-1,E06000050,E06000050,E06000050,1,56,3,70,0,0,-1,0,-1,0,0,0,1,1,1,4,0,13,2,1,1,E01018708,-1,0,0.03389,0.96611
2022340WNC822,2022,340WNC822,475697,255197,-0.894101,52.189831,34,3,2,4,04/02/2022,6,23:33,-1,E06000062,E06000062,E06000062,3,45,3,70,3,13,4,5,0,0,0,0,4,1,1,4,0,13,2,1,1,E01027206,-1,0,0,1
2022141186836,2022,141186836,437559,389407,-1.436582,53.40016,14,3,2,2,12/06/2022,1,17:03,-1,E08000019,E08000019,E08000039,3,6109,3,40,6,16,2,4,6083,0,5,15,1,1,1,4,0,13,1,1,2,E01007877,3,1,0,1
2022010370375,2022,010370375,525026,177585,-0.200835,51.48341,1,3,1,1,11/04/2022,2,09:30,-1,E09000013,E09000013,E09000013,4,317,9,20,0,0,-1,0,-1,9,9,99,1,1,1,4,2,13,1,3,2,E01001884,-1,0,0,1
2022010393871,2022,010393871,532435,177276,-0.094312,51.478948,1,3,1,1,14/08/2022,1,00:25,-1,E09000028,E09000028,E09000028,3,215,6,20,6,16,2,5,0,0,4,14,4,1,1,4,0,13,1,1,2,E01003924,-1,0,0,1
2022231200175,2022,231200175,418760,290635,-1.724997,52.513285,23,3,3,1,15/07/2022,6,00:51,-1,E07000218,E10000031,E10000031,1,6,7,70,0,0,-1,0,-1,0,0,0,4,1,1,4,0,13,2,1,1,E01031019,3,1,0,1
2022991222759,2022,991222759,306046,670500,-3.504878,55.91838,99,2,2,1,18/09/2022,1,10:24,-1,S12000040,S12000040,S12000040,4,8046,6,30,3,13,2,6,0,0,5,15,1,1,1,4,0,13,1,1,-1,-1,6,1,1,0
202263D027822,2022,63D027822,306281,265770,-3.375225,52.282055,63,3,3,4,22/04/2022,6,11:25,-1,W06000023,W06000023,W06000023,3,44,6,60,0,0,-1,0,-1,0,0,0,1,1,1,4,0,13,2,1,-1,W01000477,-1,0,0.36819,0.63181
