collision_index,collision_year,collision_ref_no,location_easting_osgr,location_northing_osgr,longitude,latitude,police_force,collision_severity,number_of_vehicles,number_of_casualties,date,day_of_week,time,local_authority_district,local_authority_ons_district,local_authority_highway,local_authority_highway_current,first_road_class,first_road_number,road_type,speed_limit,junction_detail_historic,junction_detail,junction_control,second_road_class,second_road_number,pedestrian_crossing_human_control_historic,pedestrian_crossing_physical_facilities_historic,pedestrian_crossing,light_conditions,weather_conditions,road_surface_conditions,special_conditions_at_site,carriageway_hazards_historic,carriageway_hazards,urban_or_rural_area,did_police_officer_attend_scene_of_accident,trunk_road_flag,lsoa_of_collision_location,enhanced_severity_collision,collision_injury_based,collision_adjusted_severity_serious,collision_adjusted_severity_slight
2025052500361,2025,052500361,344751,391533,-2.83275,53.41769,5,3,2,1,25/02/2025,3,08:17,-1,E08000011,E08000011,E08000011,6,0,6,30,0,0,-1,0,-1,0,0,0,1,1,2,4,0,13,1,1,2,E01006482,-1,0,0.0141,0.9859
2025010596420,2025,010596420,507802,190874,-0.44471,51.60639,1,3,2,1,08/09/2025,2,22:45,-1,E09000017,E09000017,E09000017,3,4180,6,30,-1,13,4,6,0,-1,-1,0,4,1,1,-1,-1,13,1,1,2,E01002473,3,1,0,1
2025010570300,2025,010570300,540102,173843,0.01466,51.44625,1,3,2,1,19/04/2025,7,07:43,-1,E09000023,E09000023,E09000023,3,205,3,40,-1,16,2,3,2212,-1,-1,13,1,1,1,-1,-1,13,1,1,2,E01003268,3,1,0,1
2025161633338,2025,161633338,486854,414665,-0.68835,53.62133,16,3,2,1,26/08/2025,3,07:50,-1,E06000013,E06000013,E06000013,6,0,6,50,-1,0,-1,6,0,-1,-1,0,1,2,2,-1,-1,13,2,1,2,E01013289,3,1,0,1
2025122501259,2025,122501259,457849,422944,-1.12526,53.69974,12,3,2,1,22/10/2025,4,15:51,-1,E06000065,E06000065,E06000065,3,645,6,40,3,13,4,6,0,0,0,0,1,1,1,4,0,13,2,1,2,E01027890,-1,0,0.10438,0.89562
2025101544711,2025,101544711,430713,564004,-1.52178,54.96972,10,3,2,1,21/01/2025,3,15:54,-1,E08000023,E08000023,E08000023,3,185,6,30,-1,13,4,6,0,-1,-1,0,1,1,1,-1,-1,13,1,1,2,E01008642,3,1,0,1
2025131605460,2025,131605460,432204,427133,-1.51324,53.73959,13,3,2,2,20/06/2025,6,12:34,-1,E08000035,E08000035,E08000035,1,1,3,70,-1,0,-1,0,-1,-1,-1,0,1,1,1,-1,-1,13,2,1,1,E01035051,3,1,0,1
2025010560306,2025,010560306,534664,194236,-0.05575,51.63083,1,3,2,1,21/02/2025,6,15:49,-1,E09000010,E09000010,E09000010,3,1010,9,30,-1,19,9,3,1010,-1,-1,13,1,2,2,-1,-1,13,1,3,2,E01001491,3,1,0,1
2025471565196,2025,471565196,524961,105062,-0.22694,50.83161,47,3,2,1,14/03/2025,6,21:35,-1,E07000223,E10000032,E10000032,3,259,6,30,-1,0,-1,6,0,-1,-1,0,4,1,1,-1,-1,13,1,1,2,E01031347,3,1,0,1
2025471648586,2025,471648586,531372,104312,-0.13622,50.82345,47,3,1,1,30/09/2025,3,16:20,-1,E06000043,E06000043,E06000043,3,23,6,20,-1,13,2,3,23,-1,-1,14,1,1,1,-1,-1,13,1,1,2,E01016969,3,1,0,1
2025010594717,2025,010594717,532575,165429,-0.09673,51.37245,1,3,2,1,30/08/2025,7,23:10,-1,E09000008,E09000008,E09000008,5,0,3,30,-1,0,-1,0,-1,-1,-1,0,4,2,2,-1,-1,13,1,1,2,E01034149,3,1,0,1
2025010561487,2025,010561487,550610,188910,0.17219,51.57894,1,3,1,1,28/02/2025,6,16:56,-1,E09000016,E09000016,E09000016,5,0,6,30,-1,13,4,6,0,-1,-1,13,1,1,1,-1,-1,13,1,1,2,E01002245,3,1,0,1
2025991669473,2025,991669473,276500,652874,-3.96933,55.75342,99,3,1,1,13/11/2025,5,22:30,-1,S12000029,S12000029,S12000029,1,74,3,70,-1,0,-1,0,-1,-1,-1,0,4,1,2,-1,-1,13,2,2,-1,-1,3,1,0,1
2025522601065,2025,522601065,362497,178618,-2.54173,51.50524,52,3,4,1,12/11/2025,4,12:00,-1,E06000025,E06000025,E06000025,3,4174,6,40,-1,0,-1,0,-1,-1,-1,0,1,2,2,-1,-1,13,2,1,2,E01035233,3,1,0,1
2025061559951,2025,061559951,381733,412545,-2.27756,53.60914,6,3,2,2,28/02/2025,6,22:15,-1,E08000002,E08000002,E08000002,1,66,3,70,-1,0,-1,0,-1,-1,-1,-1,4,8,1,-1,-1,13,2,3,1,E01004956,3,1,0,1
2025131629669,2025,131629669,427819,430591,-1.57941,53.77092,13,2,2,1,15/08/2025,6,12:52,-1,E08000035,E08000035,E08000035,3,6110,3,30,-1,0,-1,3,643,-1,-1,0,1,1,1,-1,-1,13,1,1,2,E01011318,7,1,1,0
2025010582226,2025,010582226,557415,188797,0.27027,51.57606,1,3,2,2,22/06/2025,1,18:40,-1,E09000016,E09000016,E09000016,3,127,3,70,-1,0,-1,0,-1,-1,-1,0,1,1,1,-1,-1,13,2,1,2,E01002259,3,1,0,1
2025010560132,2025,010560132,528294,179009,-0.15328,51.49547,1,2,1,1,20/02/2025,5,10:22,-1,E09000033,E09000033,E09000033,6,0,6,20,-1,16,2,6,0,-1,-1,15,1,1,2,-1,-1,13,1,1,2,E01004687,7,1,1,0
2025430526381,2025,430526381,495330,187505,-0.62567,51.57836,43,2,4,2,15/10/2025,4,10:59,-1,E06000060,E06000060,E06000060,3,355,6,50,-1,0,-1,0,-1,-1,-1,0,1,1,1,-1,-1,13,2,1,2,E01017803,5,1,1,0
2025010565392,2025,010565392,527812,184732,-0.15815,51.54701,1,3,2,1,21/03/2025,6,14:40,-1,E09000007,E09000007,E09000007,3,502,9,20,3,13,4,6,0,0,9,0,1,1,1,4,0,13,1,3,2,E01000903,-1,0,0,1
2025010567463,2025,010567463,533906,190854,-0.06798,51.60062,1,3,2,1,02/04/2025,4,08:55,-1,E09000014,E09000014,E09000014,6,0,6,20,3,13,4,3,1010,9,5,15,4,1,2,4,0,13,1,3,2,E01002038,-1,0,0,1
2025010592344,2025,010592344,505103,182294,-0.48624,51.52978,1,3,3,2,16/08/2025,7,18:20,-1,E09000017,E09000017,E09000017,4,470,6,30,-1,0,-1,0,-1,-1,-1,0,1,1,1,-1,-1,13,1,1,2,E01034607,3,1,0,1
2025522501493,2025,522501493,360476,180640,-2.57107,51.52328,52,2,2,3,25/08/2025,2,06:05,-1,E06000025,E06000025,E06000025,3,38,6,30,-1,13,2,4,4057,-1,-1,0,1,1,1,-1,-1,13,1,1,2,E01014910,7,1,1,0
2025541233625,2025,541233625,410455,131873,-1.85211,51.08608,54,2,2,1,30/01/2025,5,13:47,-1,E06000054,E06000054,E06000054,5,0,6,30,3,13,4,6,0,0,0,0,1,1,1,4,0,13,2,1,2,E01032039,-1,0,1,0
2025340WN5352,2025,340WN5352,475762,260640,-0.89193,52.23875,34,3,2,1,07/09/2025,1,09:30,-1,E06000062,E06000062,E06000062,6,0,2,30,-1,0,-1,0,-1,-1,-1,0,1,1,1,-1,-1,13,1,3,2,E01035417,3,1,0,1
2025201686228,2025,201686228,412516,288907,-1.81707,52.49793,20,3,2,1,17/12/2025,4,20:30,-1,E08000025,E08000025,E08000025,6,0,6,30,-1,16,4,6,0,-1,-1,0,4,2,2,-1,-1,13,1,3,2,E01009090,3,1,0,1
2025201670750,2025,201670750,402705,289831,-1.96158,52.50637,20,3,2,1,18/11/2025,3,06:25,-1,E08000028,E08000028,E08000028,6,0,6,30,-1,0,-1,0,-1,-1,-1,0,4,1,1,-1,-1,13,1,2,2,E01010052,3,1,0,1
2025461613194,2025,461613194,564877,174377,0.37112,51.44439,46,3,1,1,08/07/2025,3,14:50,-1,E07000109,E10000016,E10000016,3,226,6,30,-1,0,-1,6,0,-1,-1,13,1,1,1,-1,-1,13,1,3,2,E01024295,3,1,0,1
2025471686735,2025,471686735,525612,106110,-0.21734,50.84089,47,3,2,1,22/12/2025,2,12:52,-1,E06000043,E06000043,E06000043,6,0,6,40,-1,0,-1,6,0,-1,-1,0,1,1,1,-1,-1,13,1,1,2,E01016978,3,1,0,1
2025070829897,2025,070829897,360152,372421,-2.59863,53.2473,7,3,1,1,09/10/2025,5,09:18,-1,E06000050,E06000050,E06000050,6,0,6,20,-1,0,2,0,-1,-1,-1,14,1,1,1,-1,-1,13,2,1,2,E01018676,3,1,0,1
2025010593116,2025,010593116,531426,193277,-0.10286,51.62297,1,3,1,1,21/08/2025,5,17:30,-1,E09000010,E09000010,E09000010,6,0,6,30,-1,19,4,3,111,-1,-1,0,1,1,1,-1,-1,13,1,1,2,E01001495,3,1,0,1
2025010593811,2025,010593811,533931,171399,-0.07501,51.42578,1,3,1,1,26/08/2025,3,03:07,-1,E09000028,E09000028,E09000028,3,212,6,30,-1,19,4,6,0,-1,-1,0,4,1,1,-1,-1,13,1,1,2,E01003948,3,1,0,1
2025010563801,2025,010563801,528592,181138,-0.14821,51.51454,1,2,2,1,13/03/2025,5,18:44,-1,E09000033,E09000033,E09000033,3,40,6,20,-1,19,2,6,0,-1,-1,0,4,8,1,-1,-1,13,1,1,2,E01004714,7,1,1,0
2025411684843,2025,411684843,505050,195841,-0.48295,51.65156,41,3,2,1,12/11/2025,4,18:50,-1,E07000102,E10000015,E10000015,3,404,6,30,-1,13,4,6,0,-1,-1,0,4,2,2,-1,-1,13,1,1,2,E01023812,3,1,0,1
2025991600796,2025,991600796,252374,663579,-4.35921,55.84277,99,3,1,1,09/06/2025,2,12:12,-1,S12000049,S12000049,S12000049,6,0,6,30,-1,0,-1,6,0,-1,-1,0,1,1,1,-1,-1,13,1,3,-1,-1,3,1,0,1
2025631670871,2025,631670871,257847,212704,-4.06271,51.79487,63,3,2,1,19/11/2025,4,19:40,-1,W06000010,W06000010,W06000010,6,0,6,20,-1,18,4,6,0,-1,-1,0,4,1,1,-1,-1,13,1,1,-1,W01000712,3,1,0,1
2025522500480,2025,522500480,351685,186338,-2.69856,51.57383,52,2,2,1,03/02/2025,2,19:29,-1,E06000025,E06000025,E06000025,1,4,3,70,-1,0,-1,0,-1,-1,-1,0,4,1,1,-1,-1,13,2,1,1,E01014953,7,1,1,0
2025141597573,2025,141597573,444144,380370,-1.33881,53.31843,14,3,2,1,02/06/2025,2,13:11,-1,E08000039,E08000039,E08000039,6,0,6,30,-1,13,4,6,0,-1,-1,0,1,1,1,-1,-1,13,1,1,2,E01008023,3,1,0,1
2025010606003,2025,010606003,523032,181534,-0.22816,51.51934,1,3,2,1,27/10/2025,2,10:10,-1,E09000013,E09000013,E09000013,3,219,6,20,-1,19,2,4,412,-1,-1,15,1,1,1,-1,-1,13,1,1,2,E01035484,3,1,0,1
2025031611726,2025,031611726,352805,527431,-2.73275,54.63978,3,3,2,1,03/07/2025,5,11:30,-1,E06000064,E06000064,E06000064,1,6,3,70,-1,0,-1,0,-1,-1,-1,0,1,1,1,-1,-1,13,2,1,1,E01019312,3,1,0,1
2025052500911,2025,052500911,334890,389844,-2.98075,53.40139,5,3,1,1,11/04/2025,6,10:45,-1,E08000012,E08000012,E08000012,6,0,6,30,9,19,1,6,0,0,0,0,1,1,1,4,2,13,1,1,2,E01033761,-1,0,0.10006,0.89994
2025010555743,2025,010555743,534123,192553,-0.0642,51.61583,1,3,1,1,24/01/2025,6,23:00,-1,E09000010,E09000010,E09000010,6,0,7,20,-1,18,9,3,1010,-1,-1,-1,4,1,1,-1,-1,13,1,3,2,E01001432,3,1,0,1
2025010582465,2025,010582465,539937,181687,0.0154,51.51678,1,3,2,1,24/06/2025,3,02:10,-1,E09000025,E09000025,E09000025,3,13,3,30,-1,0,-1,0,-1,-1,-1,0,4,1,1,-1,-1,13,1,1,2,E01034208,3,1,0,1
2025010572471,2025,010572471,536339,182459,-0.03613,51.5246,1,3,2,1,01/05/2025,5,07:50,-1,E09000030,E09000030,E09000030,3,11,6,20,-1,18,4,6,0,-1,-1,12,1,1,1,-1,-1,13,1,1,2,E01004270,3,1,0,1
2025401595627,2025,401595627,508047,222885,-0.43124,51.89405,40,3,3,6,15/05/2025,5,14:54,-1,E06000032,E06000032,E06000032,6,0,6,30,-1,13,2,6,0,-1,-1,13,1,1,1,-1,-1,13,1,1,2,E01015701,3,1,0,1
2025010575175,2025,010575175,540079,176869,0.01553,51.47345,1,3,4,1,14/05/2025,4,17:32,-1,E09000011,E09000011,E09000023,3,2,6,30,-1,16,2,4,212,-1,-1,12,1,1,1,-1,-1,13,1,1,2,E01003200,3,1,0,1
2025010576500,2025,010576500,534956,184880,-0.05512,51.54668,1,3,2,1,17/05/2025,7,15:15,-1,E09000012,E09000012,E09000012,3,107,6,20,3,13,2,3,1207,0,0,0,1,1,1,4,0,13,1,3,2,E01001731,-1,0,0,1
2025421550839,2025,421550839,623955,231121,1.25634,51.93351,42,3,1,1,05/02/2025,4,14:00,-1,E07000076,E10000012,E10000012,4,1352,6,30,-1,13,4,6,0,-1,-1,15,1,1,1,-1,-1,13,1,1,2,E01022006,3,1,0,1
2025531617698,2025,531617698,412857,214593,-1.81483,51.82981,53,1,2,2,18/07/2025,6,00:48,-1,E07000079,E10000013,E10000013,3,40,6,60,-1,0,-1,0,-1,-1,-1,0,6,1,1,-1,-1,13,2,1,2,E01022213,1,1,0,0
2025440548191,2025,440548191,428975,91844,-1.59087,50.7255,44,3,2,2,05/12/2025,6,11:40,-1,E07000091,E10000014,E10000014,4,3058,6,30,-1,13,4,6,0,-1,-1,0,1,2,2,-1,-1,13,2,1,2,E01023052,3,1,0,1
2025471565553,2025,471565553,528459,105406,-0.17717,50.83394,47,3,2,1,14/03/2025,6,20:20,-1,E06000043,E06000043,E06000043,3,2023,6,20,-1,13,4,6,0,-1,-1,0,7,9,1,-1,-1,13,1,2,2,E01016873,3,1,0,1
2025141631229,2025,141631229,464223,397203,-1.03402,53.46766,14,3,2,1,20/08/2025,4,06:53,-1,E08000017,E08000017,E08000017,3,638,6,60,-1,13,4,6,0,-1,-1,17,1,1,1,-1,-1,13,2,1,2,E01007609,3,1,0,1
2025201648994,2025,201648994,391642,285601,-2.12446,52.46828,20,3,2,1,01/10/2025,4,13:46,-1,E08000027,E08000027,E08000027,6,0,6,30,-1,0,-1,6,0,-1,-1,0,1,1,1,-1,-1,13,1,1,2,E01009722,3,1,0,1
2025101603533,2025,101603533,426761,557419,-1.58412,54.91077,10,3,2,2,16/06/2025,2,11:30,-1,E08000037,E08000037,E08000037,3,167,1,30,-1,-1,2,3,167,-1,-1,14,1,1,1,-1,-1,13,2,1,2,E01008224,3,1,0,1
2025141661419,2025,141661419,441235,402276,-1.37962,53.51555,14,3,1,1,30/10/2025,5,17:15,-1,E08000038,E08000038,E08000038,3,633,1,60,-1,-1,4,3,6195,-1,-1,17,4,1,1,-1,-1,13,2,1,2,E01032924,3,1,0,1
2025010593074,2025,010593074,525299,178001,-0.19676,51.48709,1,3,1,1,21/08/2025,5,11:56,-1,E09000013,E09000013,E09000013,3,3218,6,20,-1,0,-1,0,-1,-1,-1,14,1,1,1,-1,-1,13,1,1,2,E01001912,3,1,0,1
2025041593083,2025,041593083,334638,439445,-2.99497,53.84711,4,3,1,1,21/05/2025,4,18:45,-1,E07000128,E10000017,E10000017,4,5267,6,30,-1,0,-1,6,0,-1,-1,0,1,1,1,-1,-1,13,1,1,2,E01025598,3,1,0,1
2025991567269,2025,991567269,277839,655460,-3.94917,55.77698,99,3,2,2,15/03/2025,7,19:50,-1,S12000050,S12000050,S12000050,3,721,6,30,-1,0,-1,3,721,-1,-1,0,4,1,1,-1,-1,13,1,1,-1,-1,3,1,0,1
2025161558339,2025,161558339,502137,435308,-0.45058,53.80405,16,3,3,1,25/02/2025,3,18:25,-1,E06000011,E06000011,E06000011,3,164,6,30,-1,13,4,6,0,-1,-1,0,4,1,1,-1,-1,13,2,1,2,E01034756,3,1,0,1
2025520600601,2025,520600601,314158,118720,-3.22369,50.96149,52,3,2,4,16/11/2025,1,14:58,-1,E06000066,E06000066,E06000066,1,5,3,70,-1,0,-1,0,-1,-1,-1,0,1,1,1,-1,-1,13,2,1,1,E01029269,3,1,0,1
2025010572924,2025,010572924,534085,192752,-0.06467,51.61763,1,3,2,1,03/05/2025,7,18:15,-1,E09000010,E09000010,E09000010,5,0,6,30,-1,16,4,6,0,-1,-1,0,1,1,1,-1,-1,13,1,1,2,E01001425,3,1,0,1
2025440486178,2025,440486178,440681,113769,-1.4226,50.92195,44,3,1,1,27/10/2025,2,13:53,-1,E06000045,E06000045,E06000045,6,0,6,30,-1,0,-1,0,-1,-1,-1,0,1,1,1,-1,-1,13,1,1,2,E01017247,3,1,0,1
2025010601848,2025,010601848,537986,176754,-0.01463,51.47293,1,2,1,1,05/10/2025,1,00:01,-1,E09000011,E09000011,E09000011,3,2,6,30,-1,13,4,6,0,-1,-1,0,4,1,1,-1,-1,13,1,1,2,E01001644,6,1,1,0
2025010564352,2025,010564352,536251,182409,-0.03741,51.52417,1,2,2,1,17/03/2025,2,00:10,-1,E09000030,E09000030,E09000030,3,11,6,20,-1,13,4,6,0,-1,-1,0,4,1,1,-1,-1,13,1,1,2,E01035670,7,1,1,0
2025451546754,2025,451546754,506916,168036,-0.46442,51.40129,45,3,2,1,27/01/2025,2,07:01,-1,E07000213,E10000030,E10000030,4,376,6,30,-1,-1,4,4,2,-1,-1,0,1,2,2,-1,-1,13,1,1,2,E01030723,3,1,0,1
2025430036280,2025,430036280,465640,171125,-1.0571,51.43533,43,3,5,3,23/01/2025,5,07:47,-1,E06000037,E06000037,E06000037,1,4,3,50,0,0,-1,0,-1,0,0,0,1,1,2,4,0,13,2,1,1,E01016344,-1,0,0.0771,0.9229
2025131539532,2025,131539532,449525,423901,-1.25118,53.70919,13,3,2,1,09/01/2025,5,13:25,-1,E08000036,E08000036,E08000036,3,645,6,30,-1,19,2,6,0,-1,-1,14,1,1,2,-1,-1,13,1,1,2,E01011808,3,1,0,1
2025411665955,2025,411665955,509150,214571,-0.41784,51.81912,41,2,3,1,18/09/2025,5,22:18,-1,E07000096,E10000015,E10000015,1,1,7,70,-1,0,-1,3,5183,-1,-1,0,4,1,1,-1,-1,13,2,1,1,E01023430,7,1,1,0
2025461654261,2025,461654261,635121,169468,1.37704,51.37555,46,3,2,2,13/10/2025,2,11:30,-1,E07000114,E10000016,E10000016,6,0,6,30,-1,0,-1,6,0,-1,-1,0,1,2,2,-1,-1,13,2,1,2,E01024696,3,1,0,1
2025451602290,2025,451602290,509193,158519,-0.43462,51.31531,45,3,1,1,10/06/2025,3,10:30,-1,E07000207,E10000030,E10000030,1,25,3,70,-1,0,-1,0,-1,-1,-1,0,1,1,1,-1,-1,13,2,1,1,E01030302,3,1,0,1
2025991541422,2025,991541422,230998,643893,-4.68801,55.65907,99,3,2,1,13/01/2025,2,22:35,-1,S12000021,S12000021,S12000021,4,778,6,30,-1,0,-1,0,-1,-1,-1,0,4,1,2,-1,-1,13,2,1,-1,-1,3,1,0,1
2025131631759,2025,131631759,444574,421123,-1.32658,53.68467,13,3,3,1,30/06/2025,2,09:27,-1,E08000036,E08000036,E08000036,3,645,6,40,-1,0,-1,6,0,-1,-1,12,1,1,1,-1,-1,13,2,1,2,E01011847,3,1,0,1
2025461610788,2025,461610788,559930,147434,0.28791,51.20373,46,3,4,3,02/07/2025,4,19:37,-1,E07000115,E10000016,E10000016,3,26,6,30,-1,13,4,6,0,-1,-1,17,1,1,1,-1,-1,13,1,1,2,E01024750,3,1,0,1
2025471563062,2025,471563062,532712,108875,-0.11555,50.86416,47,3,1,1,27/02/2025,5,09:15,-1,E06000043,E06000043,E06000043,6,0,6,20,-1,0,-1,6,0,-1,-1,14,7,9,1,-1,-1,13,1,2,2,E01016898,3,1,0,1
2025471566675,2025,471566675,528458,105424,-0.17718,50.8341,47,2,1,1,19/03/2025,4,08:30,-1,E06000043,E06000043,E06000043,3,2023,6,30,-1,13,4,6,0,-1,-1,17,1,1,1,-1,-1,13,1,1,2,E01016990,7,1,1,0
2025340WN1752,2025,340WN1752,459740,238988,-1.13033,52.04608,34,3,1,1,05/04/2025,7,15:45,-1,E06000062,E06000062,E06000062,3,43,3,50,-1,0,-1,0,-1,-1,-1,0,1,1,1,-1,-1,13,2,1,1,E01027261,3,1,0,1
2025131558480,2025,131558480,411756,436700,-1.82288,53.82644,13,3,2,1,26/02/2025,4,07:40,-1,E08000032,E08000032,E08000032,4,6146,6,30,-1,0,-1,0,-1,-1,-1,0,7,2,2,-1,-1,13,2,2,2,E01010587,3,1,0,1
2025991554497,2025,991554497,308740,683634,-3.46625,56.03686,99,2,2,3,12/02/2025,4,18:57,-1,S12000047,S12000047,S12000047,3,985,6,50,-1,0,-1,0,-1,-1,-1,0,6,1,1,-1,-1,13,2,1,-1,-1,7,1,1,0
2025991711536,2025,991711536,258864,666444,-4.25714,55.87043,99,3,2,1,20/11/2025,5,18:30,-1,S12000049,S12000049,S12000049,1,8,3,70,-1,0,-1,0,-1,-1,-1,0,7,9,1,-1,-1,13,1,2,-1,-1,3,1,0,1
2025451616600,2025,451616600,509244,160445,-0.43329,51.33262,45,3,3,2,14/07/2025,2,09:50,-1,E07000207,E10000030,E10000030,3,3,3,70,-1,0,-1,0,-1,-1,-1,0,1,1,1,-1,-1,13,2,1,1,E01030318,3,1,0,1
2025010551809,2025,010551809,540095,173854,0.01457,51.44635,1,3,2,3,01/01/2025,4,06:55,-1,E09000023,E09000023,E09000023,3,205,3,40,6,16,2,3,2212,0,0,0,4,1,1,4,0,13,1,1,2,E01003280,-1,0,0,1
2025421597517,2025,421597517,605253,224558,0.9808,51.88179,42,3,2,3,01/06/2025,1,21:19,-1,E07000076,E10000012,E10000012,3,133,3,70,-1,0,-1,0,-1,-1,-1,0,1,1,1,-1,-1,13,2,1,2,E01022051,3,1,0,1
2025991539228,2025,991539228,224531,676826,-4.81191,55.95232,99,3,2,1,06/01/2025,2,16:00,-1,S12000018,S12000018,S12000018,6,0,6,30,-1,0,-1,6,0,-1,-1,0,1,1,4,-1,-1,13,1,2,-1,-1,3,1,0,1
2025991569002,2025,991569002,280990,641355,-3.89283,55.65111,99,3,2,1,20/03/2025,5,16:55,-1,S12000029,S12000029,S12000029,1,74,3,70,-1,0,-1,0,-1,-1,-1,0,1,1,1,-1,-1,13,2,1,-1,-1,3,1,0,1
2025201592237,2025,201592237,402590,300873,-1.96319,52.60563,20,3,2,1,20/05/2025,3,07:10,-1,E08000030,E08000030,E08000030,3,461,6,30,-1,0,-1,6,0,-1,-1,0,1,1,1,-1,-1,13,1,1,2,E01010324,3,1,0,1
2025010586497,2025,010586497,512598,175237,-0.38048,51.46491,1,3,2,1,13/07/2025,1,19:40,-1,E09000018,E09000018,E09000018,3,315,2,30,-1,0,-1,0,-1,-1,-1,0,1,1,1,-1,-1,13,1,1,2,E01034039,3,1,0,1
2025430065050,2025,430065050,465808,181782,-1.0527,51.53112,43,2,2,1,09/02/2025,1,08:54,-1,E07000179,E10000025,E10000025,3,4074,6,30,0,0,-1,0,-1,0,0,0,1,1,2,4,0,13,2,1,2,E01028686,-1,0,1,0
2025211567660,2025,211567660,384404,346396,-2.23391,53.01464,21,3,1,1,09/03/2025,1,15:00,-1,E07000195,E10000028,E10000028,6,0,6,30,-1,0,-1,4,5367,-1,-1,0,1,1,1,-1,-1,13,1,3,2,E01029604,3,1,0,1
2025451677552,2025,451677552,505900,134215,-0.48901,51.09747,45,3,3,2,03/12/2025,4,09:40,-1,E07000216,E10000030,E10000030,3,281,6,60,-1,0,-1,6,0,-1,-1,0,1,1,2,-1,-1,13,2,1,2,E01030862,3,1,0,1
2025201615260,2025,201615260,435009,280574,-1.48662,52.42204,20,3,2,1,12/07/2025,7,18:48,-1,E08000026,E08000026,E08000026,3,444,1,40,-1,0,-1,6,0,-1,-1,0,1,1,1,-1,-1,13,1,1,2,E01009656,3,1,0,1
2025010558961,2025,010558961,540830,176777,0.0263,51.47244,1,3,2,1,12/02/2025,4,23:16,-1,E09000011,E09000011,E09000011,3,2,3,50,-1,0,-1,0,-1,-1,-1,-1,4,1,1,-1,-1,13,1,3,2,E01001647,3,1,0,1
2025041603672,2025,041603672,348052,434274,-2.79023,53.80216,4,3,2,2,16/06/2025,2,11:55,-1,E07000123,E10000017,E10000017,1,55,3,70,-1,0,-1,0,-1,-1,-1,0,1,1,1,-1,-1,13,2,1,1,E01034346,3,1,0,1
2025131544545,2025,131544545,405766,423322,-1.91413,53.7063,13,3,2,4,21/01/2025,3,15:30,-1,E08000033,E08000033,E08000033,3,58,6,30,-1,16,4,6,0,-1,-1,0,1,8,2,-1,-1,13,1,1,2,E01010979,3,1,0,1
2025010573895,2025,010573895,512822,180380,-0.37562,51.51109,1,2,1,1,09/05/2025,6,11:08,-1,E09000009,E09000009,E09000009,3,3005,6,20,-1,16,2,3,4020,-1,-1,15,1,1,1,-1,-1,13,1,1,2,E01001361,7,1,1,0
2025461626312,2025,461626312,622792,136122,1.17947,51.08114,46,3,1,1,08/08/2025,6,10:26,-1,E07000112,E10000016,E10000016,3,2033,6,30,-1,13,4,6,0,-1,-1,0,1,1,1,-1,-1,13,1,1,2,E01033212,3,1,0,1
2025221656627,2025,221656627,404160,265988,-1.94043,52.29201,22,3,2,1,20/10/2025,2,10:25,-1,E07000236,E10000034,E10000034,3,448,7,70,-1,-1,4,3,441,-1,-1,0,1,2,2,-1,-1,13,1,1,2,E01032237,3,1,0,1
2025052501016,2025,052501016,341952,396988,-2.87587,53.46642,5,3,2,1,07/05/2025,4,21:28,-1,E08000011,E08000011,E08000011,3,5207,3,40,0,0,-1,0,-1,0,0,0,4,1,1,4,0,13,2,1,2,E01006418,-1,0,0.18571,0.81429
2025451653973,2025,451653973,528950,142860,-0.15691,51.17045,45,2,2,1,14/09/2025,1,20:00,-1,E07000211,E10000030,E10000030,4,2036,6,30,-1,18,2,6,0,-1,-1,0,4,2,2,-1,-1,13,1,1,2,E01030577,6,1,1,0
2025010573030,2025,010573030,544482,190835,0.08461,51.59783,1,3,2,1,03/05/2025,7,13:30,-1,E09000026,E09000026,E09000026,6,0,6,30,99,-1,4,3,123,9,8,17,1,1,1,4,0,13,1,3,2,E01003700,-1,0,0,1
2025461610529,2025,461610529,610766,166917,1.02613,51.3622,46,2,2,1,01/07/2025,3,19:35,-1,E07000106,E10000016,E10000016,4,2205,6,30,-1,16,4,6,0,-1,-1,14,1,1,1,-1,-1,13,1,1,2,E01024072,7,1,1,0
2025361551969,2025,361551969,628206,329903,1.38525,52.81833,36,3,1,1,07/02/2025,6,16:05,-1,E07000147,E10000020,E10000020,4,1145,7,30,-1,-1,2,3,149,-1,-1,15,1,1,2,-1,-1,13,1,1,2,E01026760,3,1,0,1
2025302500211,2025,302500211,430873,335977,-1.54227,52.92033,30,3,2,1,15/02/2025,7,17:13,-1,E06000015,E06000015,E06000015,4,5020,6,30,-1,0,-1,0,-1,-1,-1,0,1,8,9,-1,-1,13,1,3,2,E01013564,3,1,0,1
2025010574271,2025,010574271,527057,177278,-0.17171,51.4802,1,3,2,1,11/05/2025,1,12:30,-1,E09000032,E09000032,E09000032,3,3220,6,20,-1,0,-1,0,-1,-1,-1,0,1,1,1,-1,-1,13,1,1,2,E01004583,3,1,0,1
2025351667347,2025,351667347,510185,297250,-0.37598,52.56194,35,3,2,5,25/10/2025,7,10:19,-1,E07000011,E10000003,E10000003,3,1,3,50,-1,0,-1,0,-1,-1,-1,0,1,1,1,-1,-1,13,2,1,1,E01018127,3,1,0,1
2025010591067,2025,010591067,534920,170620,-0.06109,51.41855,1,3,3,1,08/08/2025,6,17:08,-1,E09000006,E09000006,E09000006,3,234,6,30,-1,13,9,5,0,-1,-1,-1,1,1,1,-1,-1,13,1,3,2,E01000745,3,1,0,1
2025010574860,2025,010574860,545206,185743,0.09295,51.5519,1,3,2,1,14/05/2025,4,14:08,-1,E09000026,E09000026,E09000026,5,0,6,30,3,13,4,6,0,0,0,0,1,8,1,4,0,13,1,1,2,E01003739,-1,0,0,1
2025010580600,2025,010580600,527699,171864,-0.16442,51.4314,1,3,2,1,14/06/2025,7,12:37,-1,E09000032,E09000032,E09000032,3,24,6,20,-1,13,4,6,0,-1,-1,0,1,1,1,-1,-1,13,1,1,2,E01004612,3,1,0,1
2025131651600,2025,131651600,430238,437022,-1.54208,53.82859,13,2,2,1,08/10/2025,4,02:23,-1,E08000035,E08000035,E08000035,6,0,6,30,-1,13,4,6,0,-1,-1,0,4,2,2,-1,-1,13,1,1,2,E01011350,5,1,1,0
2025311586322,2025,311586322,478555,353997,-0.82883,53.07743,31,3,2,1,25/04/2025,6,16:00,-1,E07000175,E10000024,E10000024,3,46,3,70,-1,0,-1,5,0,-1,-1,0,1,9,1,-1,-1,13,2,2,1,E01028311,3,1,0,1
2025211667440,2025,211667440,391317,325744,-2.13031,52.82915,21,2,1,1,12/11/2025,4,15:48,-1,E07000197,E10000028,E10000028,3,34,3,40,-1,0,-1,0,-1,-1,-1,0,4,2,2,-1,-1,13,1,1,2,E01029719,7,1,1,0
2025991607287,2025,991607287,343142,635415,-2.90411,55.609,99,3,2,2,22/05/2025,5,19:32,-1,S12000026,S12000026,S12000026,3,72,6,60,-1,0,-1,0,-1,-1,-1,0,1,1,1,-1,-1,13,2,1,-1,-1,3,1,0,1
2025201555978,2025,201555978,419855,283984,-1.70926,52.45345,20,3,2,2,18/02/2025,3,09:11,-1,E08000029,E08000029,E08000029,1,42,3,70,-1,0,-1,0,-1,-1,-1,0,1,1,1,-1,-1,13,2,1,1,E01010109,3,1,0,1
2025131575387,2025,131575387,409848,422050,-1.85233,53.6948,13,3,2,1,08/04/2025,3,13:11,-1,E08000033,E08000033,E08000033,3,629,3,30,-1,0,-1,0,-1,-1,-1,0,1,1,1,-1,-1,13,2,1,2,E01010993,3,1,0,1
2025010590923,2025,010590923,530239,178983,-0.12529,51.4948,1,2,2,1,08/08/2025,6,08:15,-1,E09000033,E09000033,E09000033,3,3212,1,20,-1,-1,2,4,323,-1,-1,14,1,1,1,-1,-1,13,1,1,2,E01004733,7,1,1,0
2025471545533,2025,471545533,540785,101268,-0.00383,50.79389,47,2,2,1,23/01/2025,5,18:50,-1,E07000063,E10000011,E10000011,6,0,6,30,-1,0,-1,0,-1,-1,-1,0,1,1,2,-1,-1,13,1,1,2,E01021065,7,1,1,0
2025471671088,2025,471671088,553363,112634,0.17926,50.89283,47,3,2,2,20/11/2025,5,08:54,-1,E07000065,E10000011,E10000011,3,22,6,50,-1,13,4,4,2124,-1,-1,0,1,1,2,-1,-1,13,2,1,2,E01021147,3,1,0,1
2025440484597,2025,440484597,462822,149539,-1.10143,51.24158,44,3,5,6,26/10/2025,1,10:00,-1,E07000084,E10000014,E10000014,1,3,3,70,-1,0,-1,0,-1,-1,-1,0,1,1,1,-1,-1,13,2,1,1,E01022475,3,1,0,1
2025541672819,2025,541672819,390129,174439,-2.1435,51.46883,54,2,2,1,13/11/2025,5,15:13,-1,E06000054,E06000054,E06000054,3,420,1,40,-1,-1,4,3,350,-1,-1,0,1,1,1,-1,-1,13,2,1,2,E01031940,7,1,1,0
2025340NN2732,2025,340NN2732,489820,288716,-0.67861,52.48898,34,3,3,1,01/07/2025,3,07:10,-1,E06000061,E06000061,E06000061,3,427,3,40,-1,13,4,6,0,-1,-1,14,1,1,1,-1,-1,13,1,1,2,E01026957,3,1,0,1
2025010609754,2025,010609754,514193,188139,-0.35335,51.58055,1,3,1,1,13/11/2025,5,08:50,-1,E09000015,E09000015,E09000015,6,0,2,20,-1,0,-1,0,-1,-1,-1,0,1,1,1,-1,-1,13,1,3,2,E01002238,3,1,0,1
2025010600947,2025,010600947,503872,175784,-0.50589,51.4715,1,2,2,2,01/10/2025,4,04:30,-1,E09000017,E09000017,E09000017,1,25,3,70,-1,0,-1,0,-1,-1,-1,0,4,1,1,-1,-1,13,2,1,1,E01002444,5,1,1,0
2025531564361,2025,531564361,402048,201536,-1.97176,51.71255,53,3,3,1,07/03/2025,6,12:20,-1,E07000079,E10000013,E10000013,3,429,3,60,-1,0,-1,0,-1,-1,-1,0,1,1,1,-1,-1,13,1,1,2,E01022194,3,1,0,1
2025211550749,2025,211550749,399713,322972,-2.0057,52.8043,21,3,2,1,05/02/2025,4,12:20,-1,E07000197,E10000028,E10000028,6,0,6,30,-1,0,-1,6,0,-1,-1,0,1,1,2,-1,-1,13,2,1,2,E01029713,3,1,0,1
2025991624229,2025,991624229,325906,673751,-3.18809,55.95105,99,3,1,1,03/08/2025,1,17:04,-1,S12000036,S12000036,S12000036,3,7,6,20,-1,16,2,3,7,-1,-1,15,1,1,1,-1,-1,13,1,1,-1,-1,3,1,0,1
2025401599842,2025,401599842,513527,238856,-0.34636,52.0365,40,3,2,1,31/05/2025,7,19:14,-1,E06000056,E06000056,E06000056,6,0,6,30,-1,13,4,6,0,-1,-1,0,1,1,1,-1,-1,13,1,3,2,E01017439,3,1,0,1
2025361654593,2025,361654593,639546,310100,1.53877,52.63573,36,3,1,1,14/10/2025,3,21:35,-1,E07000144,E10000020,E10000020,3,47,3,70,-1,0,-1,0,-1,-1,-1,0,6,1,1,-1,-1,13,2,1,1,E01026498,3,1,0,1
2025451609766,2025,451609766,504192,160996,-0.50562,51.33852,45,3,2,1,30/06/2025,2,18:45,-1,E07000217,E10000030,E10000030,6,0,6,30,-1,13,4,6,0,-1,-1,0,1,1,1,-1,-1,13,1,1,2,E01031004,3,1,0,1
2025430054316,2025,430054316,451645,174167,-1.25796,51.46413,43,3,2,1,02/02/2025,1,13:41,-1,E06000037,E06000037,E06000037,1,4,3,70,0,0,-1,0,-1,0,0,0,1,1,1,4,0,13,2,1,1,E01016263,-1,0,0.01837,0.98163
2025340NN4472,2025,340NN4472,491554,289483,-0.65287,52.49558,34,3,2,2,27/10/2025,2,15:55,-1,E06000061,E06000061,E06000061,3,43,1,40,-1,19,4,3,427,-1,-1,0,1,1,1,-1,-1,13,2,3,2,E01035398,3,1,0,1
2025141553201,2025,141553201,463064,405258,-1.04986,53.54019,14,3,3,1,11/02/2025,3,18:30,-1,E08000017,E08000017,E08000017,6,0,6,30,-1,13,4,6,0,-1,-1,17,5,2,2,-1,-1,13,1,1,2,E01007479,3,1,0,1
2025141651275,2025,141651275,440154,404091,-1.39569,53.53195,14,3,1,1,21/08/2025,5,16:05,-1,E08000038,E08000038,E08000038,6,0,6,30,-1,0,-1,6,0,-1,-1,0,1,1,1,-1,-1,13,2,3,2,E01007448,3,1,0,1
2025010564368,2025,010564368,530296,186169,-0.12181,51.55936,1,3,2,1,27/02/2025,5,17:00,-1,E09000019,E09000019,E09000019,3,1,6,20,3,13,9,6,0,0,0,0,1,1,1,4,2,13,1,3,2,E01002786,-1,0,0,1
2025461562139,2025,461562139,550177,163101,0.15499,51.34715,46,3,2,4,06/03/2025,5,23:29,-1,E07000111,E10000016,E10000016,1,25,3,70,-1,0,-1,1,25,-1,-1,0,6,1,1,-1,-1,13,2,1,1,E01024421,3,1,0,1
2025991676720,2025,991676720,258150,667398,-4.26904,55.87879,99,3,2,1,01/12/2025,2,18:15,-1,S12000049,S12000049,S12000049,3,81,6,30,-1,16,2,6,0,-1,-1,15,4,2,2,-1,-1,13,1,1,-1,-1,3,1,0,1
2025440485718,2025,440485718,441958,113548,-1.40446,50.91987,44,2,2,1,27/10/2025,2,09:37,-1,E06000045,E06000045,E06000045,3,33,6,20,-1,13,4,6,0,-1,-1,0,1,1,1,-1,-1,13,1,1,2,E01017196,7,1,1,0
2025451559084,2025,451559084,483898,146831,-0.8002,51.21453,45,3,1,1,27/02/2025,5,14:00,-1,E07000216,E10000030,E10000030,3,325,6,20,-1,13,2,3,287,-1,-1,12,1,1,1,-1,-1,13,1,1,2,E01030885,3,1,0,1
2025430630617,2025,430630617,496295,175931,-0.6149,51.47416,43,2,1,1,12/12/2025,6,04:50,-1,E06000040,E06000040,E06000040,3,308,2,30,-1,19,4,4,3022,-1,-1,14,-1,2,2,-1,-1,13,1,1,2,E01016596,7,1,1,0
2025340NN3132,2025,340NN3132,487526,290848,-0.71183,52.50851,34,2,3,1,06/07/2025,1,13:30,-1,E06000061,E06000061,E06000061,3,6116,6,40,-1,0,-1,0,-1,-1,-1,0,1,2,2,-1,-1,13,2,3,2,E01026981,7,1,1,0
2025010576651,2025,010576651,531703,178483,-0.1044,51.48996,1,3,2,1,23/05/2025,6,17:28,-1,E09000028,E09000028,E09000022,3,3,3,20,0,0,-1,0,-1,0,0,0,1,1,1,4,2,13,1,1,2,E01003108,-1,0,0,1
2025991587352,2025,991587352,290618,697010,-3.76243,56.15319,99,3,2,1,13/02/2025,5,17:17,-1,S12000005,S12000005,S12000005,3,91,6,60,-1,0,-1,0,-1,-1,-1,0,6,1,1,-1,-1,13,2,1,-1,-1,3,1,0,1
2025070100173,2025,070100173,369428,351432,-2.45761,53.05926,7,3,1,1,05/02/2025,4,17:18,-1,E06000049,E06000049,E06000049,5,0,6,30,-1,0,-1,0,-1,-1,-1,0,7,1,1,-1,-1,13,1,3,2,E01018495,3,1,0,1
2025501660824,2025,501660824,203275,52419,-4.76593,50.33876,50,3,2,1,29/10/2025,4,13:00,-1,E06000052,E06000052,E06000052,3,390,6,30,-1,0,-1,6,0,-1,-1,0,1,1,1,-1,-1,13,1,2,2,E01019042,3,1,0,1
2025531545570,2025,531545570,389665,221864,-2.1516,51.89523,53,2,3,1,23/01/2025,5,21:35,-1,E07000083,E10000013,E10000013,1,5,3,70,-1,0,-1,1,5,-1,-1,0,6,1,2,-1,-1,13,1,1,1,E01034805,7,1,1,0
2025991589688,2025,991589688,369464,798739,-2.50535,57.07865,99,3,1,1,17/01/2025,6,11:05,-1,S12000034,S12000034,S12000034,3,980,6,60,-1,0,-1,6,0,-1,-1,0,1,1,1,-1,-1,13,2,1,-1,-1,3,1,0,1
2025041556953,2025,041556953,332477,434611,-3.02675,53.80339,4,2,1,1,21/02/2025,6,23:30,-1,E06000009,E06000009,E06000009,3,5073,3,30,-1,13,4,6,0,-1,-1,0,4,1,1,-1,-1,13,1,1,2,E01012694,7,1,1,0
2025070817824,2025,070817824,385695,383219,-2.21633,53.34567,7,3,2,1,04/10/2025,7,21:14,-1,E06000049,E06000049,E06000049,4,5358,6,30,-1,0,-1,0,-1,-1,-1,0,4,5,2,-1,-1,13,1,1,2,E01018595,3,1,0,1
2025401670996,2025,401670996,515076,255103,-0.31831,52.18218,40,3,2,2,20/10/2025,2,06:44,-1,E06000055,E06000055,E06000055,3,421,3,50,-1,0,-1,0,-1,-1,-1,0,1,2,1,-1,-1,13,2,1,1,E01017542,3,1,0,1
2025010583528,2025,010583528,529210,182709,-0.13874,51.52852,1,3,2,1,29/06/2025,1,10:48,-1,E09000007,E09000007,E09000007,3,400,3,20,-1,13,4,6,0,-1,-1,15,1,1,1,-1,-1,13,1,1,2,E01035710,3,1,0,1
2025010561027,2025,010561027,507446,178330,-0.45368,51.49371,1,2,3,1,25/02/2025,3,22:06,-1,E09000017,E09000017,E09000017,1,4,3,50,-1,0,-1,0,-1,-1,-1,0,4,1,1,-1,-1,13,1,1,1,E01002447,6,1,1,0
2025531564857,2025,531564857,380589,206473,-2.28262,51.7566,53,3,2,1,12/03/2025,4,11:30,-1,E07000082,E10000013,E10000013,4,4008,6,30,-1,0,-1,6,0,-1,-1,0,1,1,1,-1,-1,13,2,2,2,E01022376,3,1,0,1
2025361645939,2025,361645939,602873,324308,1.00643,52.77822,36,3,1,1,27/08/2025,4,13:00,-1,E07000144,E10000020,E10000020,6,0,6,30,-1,0,-1,6,0,-1,-1,0,1,1,1,-1,-1,13,2,2,2,E01026522,3,1,0,1
2025440074010,2025,440074010,462659,151103,-1.10349,51.25566,44,3,1,1,18/02/2025,3,00:27,-1,E07000084,E10000014,E10000014,6,0,1,70,1,0,2,6,0,0,0,0,4,1,1,4,0,13,1,1,2,E01022481,-1,0,0,1
2025041661257,2025,041661257,350062,467807,-2.76521,54.10371,4,3,2,1,30/10/2025,5,12:50,-1,E07000121,E10000017,E10000017,1,6,3,70,-1,0,-1,0,-1,-1,-1,0,1,1,1,-1,-1,13,2,1,1,E01025130,3,1,0,1
2025311674825,2025,311674825,471062,376105,-0.93575,53.27717,31,3,3,3,27/11/2025,5,17:13,-1,E07000171,E10000024,E10000024,3,638,6,40,-1,0,-1,6,0,-1,-1,0,4,8,2,-1,-1,13,2,1,2,E01028006,3,1,0,1
2025451567670,2025,451567670,528129,146543,-0.16733,51.20374,45,3,1,1,21/03/2025,6,10:45,-1,E07000211,E10000030,E10000030,3,23,3,40,-1,0,-1,6,0,-1,-1,14,1,1,1,-1,-1,13,1,1,2,E01030629,3,1,0,1
2025010608524,2025,010608524,543714,186109,0.0716,51.55557,1,3,1,1,10/11/2025,2,11:00,-1,E09000026,E09000026,E09000026,3,123,6,30,-1,13,4,6,0,-1,-1,0,1,1,2,-1,-1,13,1,1,2,E01003689,3,1,0,1
2025531541975,2025,531541975,393049,215927,-2.1023,51.8419,53,3,3,1,15/01/2025,4,10:40,-1,E07000083,E10000013,E10000013,3,417,6,60,-1,0,-1,6,0,-1,-1,0,1,1,2,-1,-1,13,2,1,1,E01034806,3,1,0,1
2025010616476,2025,010616476,550095,174046,0.15844,51.44552,1,3,2,1,19/12/2025,6,20:17,-1,E09000004,E09000004,E09000004,3,2,3,50,-1,0,-1,0,-1,-1,-1,0,4,1,2,-1,-1,13,2,1,2,E01000447,3,1,0,1
2025351678020,2025,351678020,545796,257343,0.13167,52.19505,35,3,1,1,21/11/2025,6,15:50,-1,E07000008,E10000003,E10000003,6,0,6,30,-1,13,4,6,0,-1,-1,0,1,1,1,-1,-1,13,1,1,2,E01017987,3,1,0,1
2025471632862,2025,471632862,579880,113177,0.55619,50.89007,47,3,2,1,23/08/2025,7,08:00,-1,E07000062,E10000011,E10000011,3,2100,6,30,-1,13,4,4,2093,-1,-1,0,1,1,1,-1,-1,13,1,1,2,E01020971,3,1,0,1
2025041607982,2025,041607982,339770,406684,-2.9106,53.55331,4,3,2,2,26/06/2025,5,08:30,-1,E07000127,E10000017,E10000017,6,0,6,20,-1,13,4,3,59,-1,-1,0,1,1,1,-1,-1,13,1,1,2,E01025477,3,1,0,1
2025311675434,2025,311675434,454820,323617,-1.18821,52.80733,31,3,2,1,25/11/2025,3,12:41,-1,E07000176,E10000024,E10000024,6,0,6,60,-1,19,-1,6,0,-1,-1,0,1,1,1,-1,-1,13,2,1,2,E01028410,3,1,0,1
2025501661583,2025,501661583,176328,45864,-5.14016,50.27028,50,2,2,1,26/09/2025,6,10:25,-1,E06000052,E06000052,E06000052,3,390,6,60,-1,13,4,6,0,-1,-1,0,1,1,1,-1,-1,13,2,1,2,E01018820,6,1,1,0
2025041582533,2025,041582533,384701,433186,-2.23373,53.79476,4,3,2,1,25/04/2025,6,15:30,-1,E07000117,E10000017,E10000017,6,0,6,30,-1,0,-1,3,6114,-1,-1,0,1,1,1,-1,-1,13,1,2,2,E01024857,3,1,0,1
2025430254891,2025,430254891,489080,235560,-0.70351,52.01133,43,3,2,1,23/05/2025,6,21:31,-1,E06000042,E06000042,E06000042,3,4146,3,60,0,0,-1,0,-1,0,0,0,1,1,1,4,0,13,2,3,2,E01016828,-1,0,0.01828,0.98172
2025201549621,2025,201549621,406650,282930,-1.90359,52.4443,20,3,2,1,30/01/2025,5,10:35,-1,E08000025,E08000025,E08000025,6,0,6,30,-1,13,4,6,0,-1,-1,0,1,1,4,-1,-1,13,1,3,2,E01009186,3,1,0,1
2025131658508,2025,131658508,426296,420958,-1.60333,53.68442,13,3,2,1,24/10/2025,6,08:53,-1,E08000034,E08000034,E08000034,6,0,6,30,-1,-1,4,6,0,-1,-1,0,1,1,1,-1,-1,13,1,1,2,E01011124,3,1,0,1
2025010553130,2025,010553130,514894,188982,-0.34297,51.58799,1,3,2,1,09/01/2025,5,15:25,-1,E09000015,E09000015,E09000015,6,0,6,30,-1,13,4,5,0,-1,-1,17,1,1,1,-1,-1,13,1,3,2,E01002181,3,1,0,1
2025501573860,2025,501573860,263271,108437,-3.94407,50.85923,50,3,2,1,04/04/2025,6,15:10,-1,E07000046,E10000008,E10000008,3,3124,6,30,-1,0,-1,6,0,-1,-1,0,1,1,1,-1,-1,13,2,1,2,E01020311,3,1,0,1
2025451624098,2025,451624098,492755,149866,-0.67265,51.24044,45,2,2,1,03/08/2025,1,11:23,-1,E07000209,E10000030,E10000030,6,0,6,30,-1,16,4,6,0,-1,-1,0,1,1,1,-1,-1,13,2,1,2,E01030465,7,1,1,0
2025010554883,2025,010554883,535104,185524,-0.05274,51.55243,1,3,2,1,20/01/2025,2,12:00,-1,E09000012,E09000012,E09000012,3,107,6,30,3,13,4,5,0,9,1,13,1,1,1,4,0,13,1,3,2,E01001734,-1,0,0,1
2025010577090,2025,010577090,527258,175712,-0.16938,51.46608,1,3,1,1,24/05/2025,7,14:18,-1,E09000032,E09000032,E09000032,5,0,9,20,-1,16,9,6,0,-1,-1,13,1,8,1,-1,-1,13,1,3,2,E01004536,3,1,0,1
2025041627879,2025,041627879,385224,434889,-2.22587,53.81008,4,3,1,1,12/08/2025,3,12:35,-1,E07000117,E10000017,E10000017,6,0,6,30,-1,19,2,3,6114,-1,-1,14,1,1,1,-1,-1,13,1,1,2,E01024891,3,1,0,1
2025361583356,2025,361583356,651312,312302,1.71394,52.65017,36,3,1,1,19/03/2025,4,02:28,-1,E07000145,E10000020,E10000020,3,149,1,30,-1,-1,4,6,0,-1,-1,0,4,1,1,-1,-1,13,2,1,2,E01026590,3,1,0,1
2025361661914,2025,361661914,622365,305487,1.28222,52.60164,36,3,2,1,31/10/2025,6,11:29,-1,E07000148,E10000020,E10000020,6,0,6,30,-1,0,-1,0,-1,-1,-1,14,1,1,1,-1,-1,13,1,1,2,E01026821,3,1,0,1
2025221556808,2025,221556808,384103,277402,-2.23504,52.3944,22,3,2,1,21/02/2025,6,12:40,-1,E07000239,E10000034,E10000034,3,449,6,30,-1,0,-1,0,-1,-1,-1,0,1,2,2,-1,-1,13,1,3,2,E01032446,3,1,0,1
2025610046925,2025,610046925,350965,212990,-2.7127,51.81338,61,2,2,1,29/10/2025,4,07:35,-1,W06000021,W06000021,W06000021,3,466,6,20,3,13,4,6,0,0,0,0,1,1,1,4,0,13,1,1,-1,W01001554,-1,0,1,0
2025430336369,2025,430336369,468025,233430,-1.01065,51.99516,43,3,1,1,05/07/2025,7,14:14,-1,E06000060,E06000060,E06000060,3,421,6,40,0,0,-1,0,-1,0,0,0,1,1,1,4,0,13,2,1,2,E01017649,-1,0,0.08479,0.91521
2025041608107,2025,041608107,350328,447703,-2.75785,53.92307,4,2,1,1,25/06/2025,4,15:50,-1,E07000128,E10000017,E10000017,1,6,3,70,-1,0,-1,0,-1,-1,-1,0,1,1,1,-1,-1,13,2,1,1,E01025549,7,1,1,0
2025231543850,2025,231543850,418552,291655,-1.72801,52.52246,23,2,2,1,16/01/2025,5,15:40,-1,E07000218,E10000031,E10000031,1,42,3,70,-1,0,-1,0,-1,-1,-1,0,1,1,1,-1,-1,13,2,3,1,E01031042,7,1,1,0
2025010581351,2025,010581351,552755,190671,0.20389,51.59418,1,3,3,1,18/06/2025,4,12:55,-1,E09000016,E09000016,E09000016,3,12,3,50,-1,0,-1,0,-1,-1,-1,0,1,1,1,-1,-1,13,2,1,2,E01002311,3,1,0,1
2025010553386,2025,010553386,539621,181592,0.01081,51.516,1,3,3,2,11/01/2025,7,12:05,-1,E09000025,E09000025,E09000025,3,13,3,30,0,0,-1,0,-1,0,0,0,1,8,1,4,0,13,1,1,2,E01003503,-1,0,0,1
2025371594188,2025,371594188,617448,244963,1.17062,52.06035,37,2,1,1,22/05/2025,5,08:07,-1,E07000202,E10000029,E10000029,3,1071,6,30,-1,19,-1,6,0,-1,-1,17,1,1,1,-1,-1,13,1,2,2,E01029960,7,1,1,0
2025451559470,2025,451559470,507825,158787,-0.45416,51.31798,45,3,1,1,28/02/2025,6,12:30,-1,E07000209,E10000030,E10000030,3,3,3,70,-1,0,-1,3,3,-1,-1,0,1,1,1,-1,-1,13,2,1,1,E01030458,3,1,0,1
2025231684432,2025,231684432,418538,291931,-1.7282,52.52494,23,3,4,2,13/12/2025,7,17:00,-1,E07000218,E10000031,E10000031,1,42,3,70,-1,0,-1,0,-1,-1,-1,0,4,1,1,-1,-1,13,2,3,1,E01031023,3,1,0,1
2025311655953,2025,311655953,457110,340240,-1.15133,52.9565,31,2,2,1,18/10/2025,7,10:20,-1,E06000018,E06000018,E06000018,3,6008,6,20,-1,0,-1,6,0,-1,-1,0,1,1,1,-1,-1,13,1,1,2,E01013813,6,1,1,0
2025211613933,2025,211613933,388717,348863,-2.16972,53.03692,21,3,2,1,10/07/2025,5,07:57,-1,E06000021,E06000021,E06000021,3,5272,6,30,-1,13,4,6,0,-1,-1,14,1,1,1,-1,-1,13,1,1,2,E01014323,3,1,0,1
2025141622937,2025,141622937,432049,391765,-1.51921,53.42172,14,3,2,1,31/07/2025,5,09:47,-1,E08000039,E08000039,E08000039,5,0,6,30,-1,0,-1,0,-1,-1,-1,12,1,1,1,-1,-1,13,1,1,2,E01033280,3,1,0,1
2025010570250,2025,010570250,534617,192342,-0.05715,51.61382,1,3,2,1,17/04/2025,5,23:43,-1,E09000010,E09000010,E09000010,3,406,9,40,99,-1,-1,-1,-1,0,0,0,4,8,1,4,0,13,1,3,2,E01001432,-1,0,0,1
2025421584250,2025,421584250,596517,224470,0.854,51.88414,42,3,2,1,01/05/2025,5,08:05,-1,E07000071,E10000012,E10000012,6,0,1,30,-1,-1,4,6,0,-1,-1,0,1,1,1,-1,-1,13,1,3,2,E01021674,3,1,0,1
2025041615895,2025,041615895,346749,457723,-2.8141,54.01276,4,2,3,3,14/07/2025,2,07:40,-1,E07000121,E10000017,E10000017,3,1,6,50,-1,0,-1,0,-1,-1,-1,0,1,1,1,-1,-1,13,2,1,2,E01025107,7,1,1,0
2025141635258,2025,141635258,461146,406008,-1.07865,53.54716,14,3,2,2,29/08/2025,6,18:50,-1,E08000017,E08000017,E08000017,3,18,3,40,-1,0,-1,0,-1,-1,-1,14,1,1,1,-1,-1,13,2,1,2,E01007478,3,1,0,1
2025010599360,2025,010599360,537943,176767,-0.01525,51.47306,1,3,1,1,23/09/2025,3,08:50,-1,E09000011,E09000011,E09000011,3,2,6,30,-1,16,2,3,2211,-1,-1,15,1,1,1,-1,-1,13,1,1,2,E01001644,3,1,0,1
2025302502013,2025,302502013,446611,370848,-1.30317,53.23263,30,2,2,1,15/12/2025,2,06:41,-1,E07000033,E10000007,E10000007,3,632,6,30,-1,0,-1,0,-1,-1,-1,0,4,5,2,-1,-1,13,1,1,2,E01019488,7,1,1,0
2025041598174,2025,041598174,367322,430203,-2.49723,53.76714,4,3,2,2,03/06/2025,3,13:00,-1,E06000008,E06000008,E06000008,6,0,6,50,-1,0,-1,6,0,-1,-1,11,1,4,1,-1,-1,13,1,1,2,E01012583,3,1,0,1
2025052502123,2025,052502123,326119,390251,-3.11274,53.40389,5,3,2,1,19/11/2025,4,05:45,-1,E08000015,E08000015,E08000015,3,551,6,20,3,13,4,6,0,0,0,0,4,1,2,4,0,13,1,3,2,E01007227,-1,0,0.06195,0.93805
2025501614098,2025,501614098,247715,139307,-4.17788,51.13273,50,2,1,1,10/07/2025,5,10:10,-1,E07000043,E10000008,E10000008,6,0,6,60,-1,0,-1,6,0,-1,-1,0,1,1,1,-1,-1,13,2,1,2,E01020109,6,1,1,0
2025991589622,2025,991589622,258663,663104,-4.25861,55.84039,99,2,3,1,13/05/2025,3,20:14,-1,S12000049,S12000049,S12000049,6,0,6,30,-1,0,-1,6,0,-1,-1,0,1,1,1,-1,-1,13,1,1,-1,-1,6,1,1,0
2025544846225,2025,544846225,420044,192521,-1.71181,51.63115,54,3,2,1,22/04/2025,3,08:11,-1,E06000030,E06000030,E06000030,3,361,6,30,3,13,4,6,0,0,5,15,1,1,1,4,0,13,2,1,2,E01015519,-1,0,0.08627,0.91373
2025440484697,2025,440484697,467658,101745,-1.04107,50.81131,44,3,1,1,26/10/2025,1,12:04,-1,E06000044,E06000044,E06000044,3,2030,6,50,-1,0,-1,0,-1,-1,-1,0,1,1,1,-1,-1,13,2,1,2,E01017014,3,1,0,1
2025031566380,2025,031566380,319522,472123,-3.23333,54.13862,3,3,2,1,18/03/2025,3,13:41,-1,E06000064,E06000064,E06000064,3,590,6,40,-1,0,-1,6,0,-1,-1,0,1,1,1,-1,-1,13,1,1,2,E01019164,3,1,0,1
2025201555354,2025,201555354,409541,288876,-1.86089,52.49771,20,3,2,1,17/02/2025,2,16:35,-1,E08000025,E08000025,E08000025,3,47,3,40,-1,0,-1,0,-1,-1,-1,0,1,1,1,-1,-1,13,1,1,2,E01009201,3,1,0,1
2025010613010,2025,010613010,530329,183290,-0.1224,51.53348,1,2,2,1,02/12/2025,3,16:55,-1,E09000007,E09000007,E09000019,3,5200,2,20,-1,13,2,5,0,-1,-1,14,4,1,2,-1,-1,13,1,1,2,E01002711,7,1,1,0
2025010565037,2025,010565037,553329,190464,0.21208,51.59216,1,3,2,1,19/03/2025,4,18:45,-1,E09000016,E09000016,E09000016,3,118,6,30,0,0,-1,0,-1,0,8,17,4,1,1,4,0,13,1,3,2,E01002383,-1,0,0,1
2025421648386,2025,421648386,599284,226048,0.89506,51.89733,42,2,2,1,26/09/2025,6,21:20,-1,E07000071,E10000012,E10000012,3,133,1,30,-1,-1,4,6,0,-1,-1,14,4,1,1,-1,-1,13,1,1,2,E01021650,7,1,1,0
2025041685382,2025,041685382,351394,431726,-2.73909,53.77958,4,3,2,1,18/12/2025,5,05:15,-1,E07000123,E10000017,E10000017,4,5411,6,30,-1,0,-1,6,0,-1,-1,0,6,2,2,-1,-1,13,1,2,2,E01025261,3,1,0,1
2025111580043,2025,111580043,429510,514342,-1.54559,54.52351,11,2,2,1,20/04/2025,1,12:26,-1,E06000005,E06000005,E06000005,4,6280,6,30,-1,13,4,6,0,-1,-1,14,1,1,1,-1,-1,13,1,1,2,E01035187,7,1,1,0
2025111643049,2025,111643049,430168,543699,-1.53241,54.78729,11,3,2,1,17/09/2025,4,05:20,-1,E06000047,E06000047,E06000047,2,1,3,70,-1,0,-1,0,-1,-1,-1,0,6,2,2,-1,-1,13,1,1,1,E01020690,3,1,0,1
2025031669680,2025,031669680,348145,481117,-2.79682,54.22313,3,2,2,2,17/11/2025,2,15:15,-1,E06000064,E06000064,E06000064,4,5282,6,40,-1,13,4,6,0,-1,-1,0,1,1,1,-1,-1,13,2,1,2,E01019343,6,1,1,0
2025061634075,2025,061634075,388579,400583,-2.17365,53.50182,6,2,1,1,27/08/2025,4,18:45,-1,E08000003,E08000003,E08000003,5,0,6,20,-1,0,-1,5,0,-1,-1,0,1,1,1,-1,-1,13,1,1,2,E01005258,7,1,1,0
2025471568280,2025,471568280,546327,122155,0.08311,50.98022,47,3,2,1,11/02/2025,3,12:40,-1,E07000065,E10000011,E10000011,3,22,6,60,-1,0,-1,0,-1,-1,-1,0,1,1,1,-1,-1,13,2,1,2,E01021146,3,1,0,1
2025361622166,2025,361622166,631948,309288,1.42613,52.63174,36,3,1,1,29/07/2025,3,13:49,-1,E07000144,E10000020,E10000020,3,47,3,70,-1,0,-1,0,-1,-1,-1,0,1,1,1,-1,-1,13,2,1,1,E01026509,3,1,0,1
2025440239411,2025,440239411,440462,116026,-1.42547,50.94226,44,3,1,2,01/06/2025,1,22:52,-1,E06000045,E06000045,E06000045,6,0,6,30,0,0,-1,0,-1,0,0,0,4,1,1,4,0,13,1,1,2,E01017151,-1,0,0,1
2025052501400,2025,052501400,343806,389688,-2.84664,53.40101,5,3,2,1,21/07/2025,2,08:45,-1,E08000011,E08000011,E08000011,1,62,3,70,0,0,-1,0,-1,0,0,0,1,1,1,4,0,13,2,3,2,E01006471,-1,0,0.0064,0.9936
2025010621415,2025,010621415,522978,181682,-0.22889,51.52068,1,3,1,1,30/10/2025,5,12:00,-1,E09000013,E09000013,E09000013,3,219,6,20,-1,18,2,6,0,-1,-1,-1,1,9,9,-1,-1,13,1,3,2,E01035484,3,1,0,1
2025010572154,2025,010572154,534506,176079,-0.06496,51.4677,1,2,2,1,29/04/2025,3,19:05,-1,E09000028,E09000028,E09000028,6,0,6,20,-1,0,-1,0,-1,-1,-1,0,1,1,1,-1,-1,13,1,1,2,E01004068,5,1,1,0
2025351636063,2025,351636063,529691,260677,-0.10254,52.22903,35,3,2,1,01/09/2025,2,17:10,-1,E07000012,E10000003,E10000003,3,428,3,40,-1,0,-1,3,428,-1,-1,0,1,1,1,-1,-1,13,2,3,1,E01018277,3,1,0,1
2025991542091,2025,991542091,281369,899272,-4.00693,57.96686,99,3,2,2,15/01/2025,4,14:28,-1,S12000017,S12000017,S12000017,3,9,6,60,-1,0,-1,0,-1,-1,-1,0,1,1,1,-1,-1,13,2,1,-1,-1,3,1,0,1
2025131583905,2025,131583905,436167,434463,-1.45231,53.80521,13,3,2,2,30/04/2025,4,12:39,-1,E08000035,E08000035,E08000035,3,6120,3,30,-1,16,4,6,0,-1,-1,0,1,1,1,-1,-1,13,1,1,2,E01011345,3,1,0,1
2025010615316,2025,010615316,523203,181047,-0.22587,51.51492,1,3,1,1,14/12/2025,1,01:30,-1,E09000013,E09000013,E09000013,3,40,7,30,-1,-1,2,3,219,-1,-1,17,4,1,2,-1,-1,13,1,1,2,E01035485,3,1,0,1
2025302501949,2025,302501949,444700,341840,-1.33583,52.97206,30,3,2,2,09/12/2025,3,14:05,-1,E07000036,E10000007,E10000007,3,609,6,40,-1,13,4,6,0,-1,-1,0,1,2,2,-1,-1,13,1,3,2,E01019704,3,1,0,1
2025440044001,2025,440044001,455823,106551,-1.2083,50.85579,44,2,1,1,30/01/2025,5,08:06,-1,E07000087,E10000014,E10000014,6,0,6,30,0,0,-1,0,-1,0,0,0,1,1,1,4,0,13,1,1,2,E01022743,-1,0,0.9323,0.0677
2025451677663,2025,451677663,503898,142682,-0.51515,51.17395,45,2,2,1,03/12/2025,4,08:55,-1,E07000216,E10000030,E10000030,4,2128,6,50,-1,13,4,6,0,-1,-1,0,1,1,2,-1,-1,13,2,1,2,E01030940,7,1,1,0
2025141653459,2025,141653459,434700,392099,-1.47928,53.42455,14,3,2,1,12/10/2025,1,09:40,-1,E08000039,E08000039,E08000039,6,0,6,20,-1,13,4,6,0,-1,-1,0,1,1,1,-1,-1,13,1,1,2,E01008122,3,1,0,1
2025010560640,2025,010560640,521573,176395,-0.25095,51.47347,1,3,2,1,23/02/2025,1,19:01,-1,E09000027,E09000027,E09000027,3,3003,6,20,3,13,4,6,0,0,0,0,4,2,1,4,0,13,1,1,2,E01003854,-1,0,0,1
2025440437647,2025,440437647,446268,123689,-1.34186,51.01073,44,2,2,2,27/09/2025,7,11:24,-1,E07000094,E10000014,E10000014,6,0,6,30,-1,0,-1,0,-1,-1,-1,0,1,1,1,-1,-1,13,2,1,2,E01023230,7,1,1,0
2025340WN4582,2025,340WN4582,475560,257987,-0.89548,52.21493,34,2,2,1,22/08/2025,6,10:05,-1,E06000062,E06000062,E06000062,3,5076,1,30,-1,19,4,3,45,-1,-1,0,1,1,1,-1,-1,13,2,1,2,E01027159,7,1,1,0
2025131574349,2025,131574349,408344,435616,-1.87475,53.81676,13,3,2,2,04/04/2025,6,15:00,-1,E08000032,E08000032,E08000032,4,6144,6,30,-1,0,-1,6,0,-1,-1,0,1,1,1,-1,-1,13,2,2,2,E01010590,3,1,0,1
2025430314517,2025,430314517,455795,203307,-1.19361,51.72571,43,3,2,1,24/06/2025,3,16:52,-1,E07000178,E10000025,E10000025,4,480,6,30,0,0,-1,0,-1,0,0,0,1,1,1,4,0,13,1,1,2,E01028517,-1,0,0.03514,0.96486
2025052500455,2025,052500455,331607,388656,-3.02986,53.39029,5,2,2,1,09/03/2025,1,16:53,-1,E08000015,E08000015,E08000015,3,5029,6,20,9,19,2,6,0,0,5,15,1,1,1,4,0,13,1,1,2,E01007128,-1,0,1,0
2025041565272,2025,041565272,349186,432279,-2.77268,53.78434,4,3,1,1,14/03/2025,6,09:01,-1,E07000123,E10000017,E10000017,6,0,6,20,-1,0,-1,0,-1,-1,-1,0,1,1,1,-1,-1,13,1,2,2,E01025272,3,1,0,1
2025010567157,2025,010567157,516211,188028,-0.32428,51.57914,1,3,2,1,01/04/2025,3,14:25,-1,E09000005,E09000005,E09000005,3,4006,6,30,9,19,4,3,4006,0,0,0,1,1,1,4,0,13,1,1,2,E01000568,-1,0,0,1
2025430587720,2025,430587720,455444,207667,-1.19799,51.76495,43,3,1,1,17/11/2025,2,13:47,-1,E07000178,E10000025,E10000025,6,0,6,20,3,13,2,6,0,0,0,0,1,1,1,4,0,13,1,3,2,E01028513,-1,0,0.01625,0.98375
2025991677188,2025,991677188,341074,752420,-2.96286,56.65984,99,2,2,2,02/12/2025,3,16:40,-1,S12000041,S12000041,S12000041,3,926,6,60,-1,0,-1,0,-1,-1,-1,0,6,1,2,-1,-1,13,2,1,-1,-1,5,1,1,0
2025501619086,2025,501619086,277061,102603,-3.74628,50.80989,50,3,2,1,21/07/2025,2,16:25,-1,E07000042,E10000008,E10000008,3,377,6,30,-1,13,4,3,377,-1,-1,0,1,2,2,-1,-1,13,2,1,2,E01020083,3,1,0,1
2025221543053,2025,221543053,377777,264688,-2.32716,52.27988,22,3,2,1,15/01/2025,4,10:09,-1,E07000235,E10000034,E10000034,3,443,6,60,-1,0,-1,6,0,-1,-1,0,1,8,2,-1,-1,13,2,1,2,E01032223,3,1,0,1
2025552500210,2025,552500210,400775,103280,-1.99036,50.82906,55,3,1,1,26/02/2025,4,19:37,-1,E06000059,E06000059,E06000059,4,3078,6,60,0,0,-1,0,-1,0,0,0,6,1,1,4,0,13,2,1,2,E01020398,-1,0,0.09728,0.90272
2025430498159,2025,430498159,444898,241511,-1.3464,52.07016,43,3,2,1,29/09/2025,2,18:00,-1,E07000177,E10000025,E10000025,3,422,6,40,0,0,-1,0,-1,0,4,14,1,1,1,4,0,13,1,3,2,E01028446,-1,0,0.00218,0.99782
2025451539185,2025,451539185,492005,162740,-0.68007,51.35629,45,3,2,1,07/01/2025,3,18:05,-1,E07000214,E10000030,E10000030,1,3,3,70,-1,0,-1,0,-1,-1,-1,0,4,1,2,-1,-1,13,2,1,1,E01030757,3,1,0,1
2025991678153,2025,991678153,299300,576042,-3.57846,55.0686,99,2,2,1,25/11/2025,3,08:50,-1,S12000006,S12000006,S12000006,3,780,6,30,-1,13,4,6,0,-1,-1,0,1,1,1,-1,-1,13,1,2,-1,-1,7,1,1,0
2025430101316,2025,430101316,469114,169531,-1.00744,51.42059,43,3,3,1,01/03/2025,7,10:48,-1,E06000037,E06000037,E06000037,1,4,3,70,0,0,-1,0,-1,0,0,0,1,1,1,4,0,13,2,1,1,E01016269,-1,0,0.0061,0.9939
2025201571243,2025,201571243,407381,282420,-1.89285,52.4397,20,3,2,1,25/03/2025,3,23:05,-1,E08000025,E08000025,E08000025,3,435,6,20,-1,16,2,6,0,-1,-1,14,4,1,1,-1,-1,13,1,3,2,E01009186,3,1,0,1
2025131536498,2025,131536498,409111,425075,-1.86341,53.722,13,3,2,1,01/01/2025,4,02:06,-1,E08000033,E08000033,E08000033,3,629,6,30,-1,19,4,3,629,-1,-1,14,4,5,2,-1,-1,13,1,1,2,E01034582,3,1,0,1
2025131644653,2025,131644653,443641,437688,-1.33837,53.83362,13,3,3,1,21/09/2025,1,17:00,-1,E08000035,E08000035,E08000035,2,1,3,70,-1,0,-1,0,-1,-1,-1,0,1,1,1,-1,-1,13,2,1,1,E01011297,3,1,0,1
2025010575135,2025,010575135,528678,181156,-0.14697,51.51468,1,2,1,1,12/05/2025,2,11:57,-1,E09000033,E09000033,E09000033,3,40,2,20,-1,16,2,3,40,-1,-1,15,1,1,1,-1,-1,13,1,3,2,E01004765,6,1,1,0
2025311554244,2025,311554244,464943,339686,-1.03486,52.95063,31,3,1,1,04/02/2025,3,08:20,-1,E07000176,E10000024,E10000024,6,0,6,30,-1,19,4,6,0,-1,-1,0,1,1,1,-1,-1,13,2,2,2,E01028413,3,1,0,1
2025991678825,2025,991678825,233367,621081,-4.63664,55.45513,99,3,1,1,05/12/2025,6,17:10,-1,S12000028,S12000028,S12000028,3,719,6,30,-1,13,4,6,0,-1,-1,0,4,2,2,-1,-1,13,1,1,-1,-1,3,1,0,1
2025101661499,2025,101661499,423198,566033,-1.639,54.98835,10,3,2,1,27/10/2025,2,19:45,-1,E08000021,E08000021,E08000021,3,189,7,40,-1,-1,2,3,189,-1,-1,0,4,2,2,-1,-1,13,1,2,2,E01008452,3,1,0,1
2025201555751,2025,201555751,435298,275587,-1.4829,52.37719,20,3,2,1,15/02/2025,7,17:36,-1,E08000026,E08000026,E08000026,3,45,3,50,-1,0,-1,0,-1,-1,-1,0,1,2,2,-1,-1,13,2,1,1,E01032529,3,1,0,1
2025471577431,2025,471577431,546895,123145,0.09159,50.98897,47,3,2,1,13/04/2025,1,12:30,-1,E07000065,E10000011,E10000011,3,26,3,50,-1,13,4,6,0,-1,-1,0,1,1,1,-1,-1,13,2,1,2,E01021146,3,1,0,1
2025361606397,2025,361606397,640369,310145,1.55094,52.63577,36,2,2,3,09/05/2025,6,15:05,-1,E07000144,E10000020,E10000020,3,47,3,40,-1,0,-1,0,-1,-1,-1,0,1,1,1,-1,-1,13,2,1,1,E01026498,6,1,1,0
2025631611926,2025,631611926,197550,216024,-4.93794,51.8061,63,3,2,1,01/07/2025,3,09:45,-1,W06000009,W06000009,W06000009,3,40,6,60,-1,0,-1,0,-1,-1,-1,0,1,1,1,-1,-1,13,2,2,-1,W01000611,3,1,0,1
2025010604108,2025,010604108,520469,181485,-0.2651,51.51945,1,3,3,1,16/10/2025,5,22:41,-1,E09000009,E09000009,E09000009,3,4000,1,30,-1,-1,4,5,0,-1,-1,0,4,1,1,-1,-1,13,1,1,2,E01034027,3,1,0,1
2025010576288,2025,010576288,542110,179053,0.04563,51.49257,1,3,2,1,21/05/2025,4,21:55,-1,E09000011,E09000011,E09000011,6,0,1,30,-1,-1,4,3,206,-1,-1,14,4,1,1,-1,-1,13,1,3,2,E01034198,3,1,0,1
2025010605511,2025,010605511,535476,179103,-0.04985,51.49465,1,3,2,1,24/10/2025,6,14:10,-1,E09000028,E09000028,E09000028,3,200,6,20,-1,0,-1,0,-1,-1,-1,0,1,1,1,-1,-1,13,1,1,2,E01004031,3,1,0,1
2025231663510,2025,231663510,434178,296217,-1.49724,52.56272,23,3,3,1,30/10/2025,5,21:21,-1,E07000218,E10000031,E10000031,3,5,6,50,-1,0,-1,0,-1,-1,-1,0,4,2,1,-1,-1,13,2,1,1,E01031030,3,1,0,1
2025541640206,2025,541640206,412802,130771,-1.81864,51.07612,54,3,2,1,08/09/2025,2,08:30,-1,E06000054,E06000054,E06000054,6,0,6,30,-1,0,-1,6,0,-1,-1,0,1,1,1,-1,-1,13,1,2,2,E01032001,3,1,0,1
2025052500560,2025,052500560,338614,392593,-2.92528,53.42654,5,3,1,1,22/03/2025,7,00:10,-1,E08000012,E08000012,E08000012,3,5049,3,30,0,0,-1,0,-1,0,4,14,4,1,1,4,0,13,1,1,2,E01006761,-1,0,0.17237,0.82763
2025010603633,2025,010603633,511037,173485,-0.40349,51.44947,1,3,2,1,12/10/2025,1,17:10,-1,E09000018,E09000018,E09000018,3,312,9,30,-1,99,9,6,0,-1,-1,-1,1,9,1,-1,-1,13,1,3,2,E01002593,3,1,0,1
2025010570401,2025,010570401,534160,176452,-0.0698,51.47114,1,2,1,1,19/04/2025,7,19:50,-1,E09000028,E09000028,E09000028,3,2215,6,20,-1,0,-1,0,-1,-1,-1,14,1,1,1,-1,-1,13,1,1,2,E01004067,7,1,1,0
2025010561543,2025,010561543,528374,173029,-0.1543,51.44171,1,3,3,4,28/02/2025,6,21:00,-1,E09000032,E09000032,E09000032,3,24,6,20,0,0,-1,0,-1,0,0,0,4,1,1,4,0,13,1,1,2,E01004485,-1,0,0,1
2025211599521,2025,211599521,415037,311500,-1.77891,52.70097,21,3,2,1,06/06/2025,6,13:22,-1,E07000194,E10000028,E10000028,3,38,3,70,-1,0,-1,0,-1,-1,-1,0,1,1,1,-1,-1,13,2,1,1,E01034102,3,1,0,1
2025221544947,2025,221544947,390015,258259,-2.14759,52.22245,22,2,1,1,15/01/2025,4,11:30,-1,E07000238,E10000034,E10000034,1,5,3,50,-1,0,-1,0,-1,-1,-1,0,1,1,1,-1,-1,13,2,1,1,E01032400,5,1,1,0
2025471574425,2025,471574425,529981,105968,-0.15537,50.83865,47,3,2,1,06/04/2025,1,14:30,-1,E06000043,E06000043,E06000043,6,0,6,30,-1,16,2,6,0,-1,-1,15,1,1,1,-1,-1,13,1,1,2,E01016981,3,1,0,1
2025540513125,2025,540513125,407619,183524,-1.89151,51.55056,54,3,2,3,14/01/2025,3,16:55,-1,E06000054,E06000054,E06000054,3,3102,6,40,0,0,-1,0,-1,0,0,0,4,1,1,4,0,13,1,1,2,E01031964,-1,0,0.09295,0.90705
2025430273855,2025,430273855,501667,182749,-0.53562,51.5345,43,3,3,2,03/06/2025,3,16:24,-1,E06000060,E06000060,E06000060,3,412,3,60,0,0,-1,0,-1,0,0,0,1,1,1,4,0,13,2,1,2,E01017834,-1,0,0.0458,0.9542
2025141564627,2025,141564627,439380,390410,-1.40907,53.40904,14,3,2,1,05/03/2025,4,03:30,-1,E08000039,E08000039,E08000039,3,6178,6,40,-1,0,-1,0,-1,-1,-1,0,4,1,2,-1,-1,13,1,3,2,E01007913,3,1,0,1
2025371652185,2025,371652185,575578,264264,0.57055,52.24854,37,3,3,1,05/10/2025,1,15:04,-1,E07000245,E10000029,E10000029,6,0,6,40,-1,0,-1,0,-1,-1,-1,0,1,1,1,-1,-1,13,2,2,2,E01030098,3,1,0,1
2025231588682,2025,231588682,434205,293069,-1.49717,52.53442,23,2,2,2,30/04/2025,4,13:51,-1,E07000219,E10000031,E10000031,4,4114,6,30,-1,13,2,6,0,-1,-1,0,1,1,1,-1,-1,13,2,1,2,E01031073,7,1,1,0
2025991548553,2025,991548553,261984,850066,-4.30601,57.51965,99,2,2,3,30/01/2025,5,20:15,-1,S12000017,S12000017,S12000017,3,9,3,70,-1,0,-1,0,-1,-1,-1,0,6,1,2,-1,-1,13,2,1,-1,-1,6,1,1,0
2025991553495,2025,991553495,331048,668752,-3.10449,55.90691,99,3,2,1,12/02/2025,4,11:00,-1,S12000019,S12000019,S12000019,3,7,6,50,-1,13,4,6,0,-1,-1,0,1,1,2,-1,-1,13,2,1,-1,-1,3,1,0,1
2025332500291,2025,332500291,501355,306300,-0.50342,52.64498,33,2,2,3,28/03/2025,6,20:30,-1,E06000017,E06000017,E06000017,3,1,3,70,-1,-1,4,3,1,-1,-1,0,6,1,1,-1,-1,13,2,1,1,E01013791,7,1,1,0
2025101636151,2025,101636151,427425,575650,-1.57202,55.07456,10,3,2,1,01/09/2025,2,14:57,-1,E06000057,E06000057,E06000057,3,189,3,70,-1,0,-1,0,-1,-1,-1,0,1,1,1,-1,-1,13,2,1,2,E01027394,3,1,0,1
2025010568255,2025,010568255,556462,192863,0.25834,51.61286,1,3,2,1,06/04/2025,1,11:46,-1,E09000016,E09000016,E09000016,1,25,3,70,-1,0,-1,0,-1,-1,-1,0,1,8,1,-1,-1,13,2,3,1,E01002277,3,1,0,1
2025010607731,2025,010607731,532368,178969,-0.09464,51.49418,1,2,2,1,05/11/2025,4,17:24,-1,E09000028,E09000028,E09000028,3,201,3,20,-1,0,-1,0,-1,-1,-1,14,4,1,1,-1,-1,13,1,1,2,E01033873,7,1,1,0
2025991676735,2025,991676735,275928,665960,-3.98441,55.87078,99,3,1,1,20/11/2025,5,07:45,-1,S12000050,S12000050,S12000050,6,0,6,30,-1,13,4,6,0,-1,-1,0,4,8,4,-1,-1,13,1,3,-1,-1,3,1,0,1
2025010566167,2025,010566167,533798,175298,-0.07544,51.46085,1,3,2,1,25/03/2025,3,11:48,-1,E09000028,E09000028,E09000028,3,2216,1,20,-1,-1,4,3,2214,-1,-1,13,1,1,1,-1,-1,13,1,3,2,E01003953,3,1,0,1
2025010560417,2025,010560417,528509,178289,-0.15045,51.48896,1,3,2,1,18/02/2025,3,08:40,-1,E09000033,E09000033,E09000033,4,313,6,20,-1,0,-1,0,-1,-1,-1,15,1,1,1,-1,-1,13,1,3,2,E01035721,3,1,0,1
2025010560139,2025,010560139,528983,180825,-0.1427,51.51164,1,3,1,1,20/02/2025,5,14:15,-1,E09000033,E09000033,E09000033,4,406,6,20,-1,13,4,6,0,-1,-1,15,1,1,2,-1,-1,13,1,3,2,E01035716,3,1,0,1
2025122500267,2025,122500267,457839,425992,-1.12485,53.72713,12,3,3,1,13/02/2025,5,12:42,-1,E06000065,E06000065,E06000065,3,19,6,40,0,0,-1,0,-1,0,0,0,1,1,1,4,0,13,2,2,2,E01027890,-1,0,0.00624,0.99376
2025451619088,2025,451619088,509138,160743,-0.43472,51.33531,45,2,2,1,21/07/2025,2,17:12,-1,E07000207,E10000030,E10000030,6,0,6,30,-1,17,3,3,245,-1,-1,0,1,1,1,-1,-1,13,1,1,2,E01030318,6,1,1,0
2025991630140,2025,991630140,313762,709819,-3.39417,56.27298,99,3,2,1,15/08/2025,6,09:05,-1,S12000048,S12000048,S12000048,1,90,3,70,-1,0,-1,0,-1,-1,-1,0,1,1,1,-1,-1,13,2,1,-1,-1,3,1,0,1
2025991636996,2025,991636996,330612,730072,-3.1275,56.45767,99,3,2,1,03/09/2025,4,16:20,-1,S12000048,S12000048,S12000048,3,90,3,70,-1,0,-1,3,90,-1,-1,0,1,2,2,-1,-1,13,2,1,-1,-1,3,1,0,1
2025541748207,2025,541748207,388996,159803,-2.15935,51.33721,54,2,2,2,09/10/2025,5,10:14,-1,E06000054,E06000054,E06000054,3,361,6,60,-1,13,4,6,0,-1,-1,0,1,1,1,-1,-1,13,2,1,2,E01032077,5,1,1,0
2025061630014,2025,061630014,364917,410327,-2.53146,53.58834,6,3,1,1,17/08/2025,1,18:08,-1,E08000001,E08000001,E08000001,3,673,6,30,-1,19,4,6,0,-1,-1,0,1,1,1,-1,-1,13,1,1,2,E01004781,3,1,0,1
2025010572031,2025,010572031,531330,179837,-0.10926,51.50222,1,2,2,1,29/04/2025,3,09:01,-1,E09000022,E09000022,E09000022,3,301,2,20,-1,16,4,5,0,-1,-1,0,1,1,1,-1,-1,13,1,1,2,E01032582,7,1,1,0
2025010576683,2025,010576683,540447,180185,0.02214,51.50316,1,2,2,1,24/05/2025,7,01:10,-1,E09000025,E09000025,E09000025,3,1011,2,20,-1,13,2,6,0,-1,-1,15,4,1,1,-1,-1,13,1,1,2,E01034229,5,1,1,0
2025010571426,2025,010571426,527088,181702,-0.16967,51.51995,1,3,3,1,25/04/2025,6,21:47,-1,E09000033,E09000033,E09000033,3,404,3,30,-1,19,4,3,5,-1,-1,0,4,1,1,-1,-1,13,1,1,2,E01004661,3,1,0,1
2025010608313,2025,010608313,527224,181536,-0.16777,51.51843,1,3,2,1,08/11/2025,7,22:15,-1,E09000033,E09000033,E09000033,3,5,6,20,-1,0,-1,0,-1,-1,-1,15,4,1,1,-1,-1,13,1,1,2,E01004661,3,1,0,1
2025501551977,2025,501551977,300238,83463,-3.41225,50.64229,50,3,3,1,07/02/2025,6,08:55,-1,E07000040,E10000008,E10000008,3,376,6,30,-1,0,-1,6,0,-1,-1,0,1,1,1,-1,-1,13,1,3,2,E01019964,3,1,0,1
2025440417363,2025,440417363,446229,123589,-1.34243,51.00983,44,2,2,1,15/09/2025,2,10:02,-1,E07000094,E10000014,E10000014,6,0,6,30,-1,-1,4,-1,-1,-1,-1,0,1,1,1,-1,-1,13,2,1,2,E01023230,7,1,1,0
2025461677115,2025,461677115,622642,136061,1.1773,51.08065,46,3,2,2,01/12/2025,2,15:45,-1,E07000112,E10000016,E10000016,3,2034,6,30,-1,13,4,3,2033,-1,-1,0,1,4,2,-1,-1,13,1,1,2,E01033212,3,1,0,1
2025991676932,2025,991676932,209060,560831,-4.97981,54.9056,99,3,3,2,11/11/2025,3,18:00,-1,S12000006,S12000006,S12000006,3,75,6,60,-1,0,-1,6,0,-1,-1,0,6,1,2,-1,-1,13,2,1,-1,-1,3,1,0,1
2025610031425,2025,610031425,324045,183809,-3.09678,51.54804,61,2,4,1,15/07/2025,3,20:58,-1,W06000022,W06000022,W06000022,1,4,3,70,0,0,-1,0,-1,0,0,0,1,1,1,4,0,13,2,1,-1,W01001657,-1,0,1,0
2025501569250,2025,501569250,246154,58752,-4.16646,50.40845,50,3,2,1,25/03/2025,3,21:02,-1,E06000026,E06000026,E06000026,3,38,7,70,-1,0,-1,0,-1,-1,-1,0,6,1,1,-1,-1,13,2,1,1,E01015148,3,1,0,1
2025161650358,2025,161650358,518335,446979,-0.20025,53.90547,16,3,4,1,04/10/2025,7,20:05,-1,E06000011,E06000011,E06000011,3,1035,6,60,-1,0,-1,0,-1,-1,-1,0,6,1,1,-1,-1,13,2,1,2,E01013048,3,1,0,1
2025501556110,2025,501556110,175181,47578,-5.15725,50.28524,50,3,2,4,19/02/2025,4,20:05,-1,E06000052,E06000052,E06000052,3,30,1,30,-1,0,-1,0,-1,-1,-1,0,6,5,2,-1,-1,13,2,1,2,E01018843,3,1,0,1
2025010615054,2025,010615054,517975,183695,-0.30029,51.53984,1,3,2,1,12/12/2025,6,13:10,-1,E09000005,E09000005,E09000005,3,4089,6,30,-1,16,2,3,4005,-1,-1,17,1,1,1,-1,-1,13,1,1,2,E01000472,3,1,0,1
2025010579452,2025,010579452,533532,184792,-0.07568,51.54623,1,3,1,1,08/06/2025,1,17:25,-1,E09000012,E09000012,E09000012,3,10,6,20,-1,16,2,3,104,-1,-1,15,1,1,1,-1,-1,13,1,1,2,E01033699,3,1,0,1
2025010575479,2025,010575479,525581,178185,-0.19263,51.48868,1,2,2,1,17/05/2025,7,11:08,-1,E09000020,E09000020,E09000020,3,3218,6,20,-1,16,2,3,3220,-1,-1,15,1,1,1,-1,-1,13,1,1,2,E01002849,5,1,1,0
2025531542649,2025,531542649,388528,217549,-2.16797,51.85641,53,3,2,3,15/01/2025,4,15:08,-1,E07000083,E10000013,E10000013,3,417,7,70,-1,-1,4,4,4641,-1,-1,0,1,1,1,-1,-1,13,2,1,1,E01022423,3,1,0,1
2025440148057,2025,440148057,428688,91746,-1.59494,50.72463,44,3,2,1,14/04/2025,2,15:44,-1,E07000091,E10000014,E10000014,4,3058,6,30,6,16,4,6,0,0,0,0,1,1,1,4,0,13,2,3,2,E01023053,-1,0,0,1
2025440446500,2025,440446500,449672,110149,-1.29519,50.8887,44,3,3,1,02/10/2025,5,16:37,-1,E07000087,E10000014,E10000014,1,27,3,70,-1,0,-1,0,-1,-1,-1,0,1,1,1,-1,-1,13,2,1,1,E01022657,3,1,0,1
2025070782244,2025,070782244,362531,387900,-2.56481,53.3866,7,3,1,1,22/09/2025,2,08:32,-1,E06000007,E06000007,E06000007,3,50,6,30,-1,13,4,6,0,-1,-1,0,1,1,1,-1,-1,13,1,1,2,E01012506,3,1,0,1
2025041632311,2025,041632311,368424,430932,-2.48059,53.77376,4,3,2,1,22/08/2025,6,23:08,-1,E06000008,E06000008,E06000008,3,6119,3,30,-1,0,-1,3,666,-1,-1,15,4,1,1,-1,-1,13,1,1,2,E01012633,3,1,0,1
2025522600037,2025,522600037,338256,159332,-2.88759,51.32972,52,2,2,1,01/09/2025,2,12:38,-1,E06000024,E06000024,E06000024,6,0,6,40,-1,-1,4,3,371,-1,-1,0,1,1,2,-1,-1,13,2,1,2,E01014744,7,1,1,0
2025471668885,2025,471668885,529453,104836,-0.16326,50.8286,47,3,2,1,14/11/2025,6,14:10,-1,E06000043,E06000043,E06000043,6,0,6,30,-1,0,-1,0,-1,-1,-1,0,1,9,2,-1,-1,13,1,2,2,E01016853,3,1,0,1
2025201568343,2025,201568343,413463,284765,-1.80328,52.46067,20,3,2,1,20/03/2025,5,14:45,-1,E08000025,E08000025,E08000025,3,45,3,40,-1,0,-1,6,0,-1,-1,14,1,1,1,-1,-1,13,1,1,2,E01009313,3,1,0,1
2025421623184,2025,421623184,599357,227268,0.89682,51.90826,42,3,2,1,14/05/2025,4,19:15,-1,E07000071,E10000012,E10000012,3,134,6,40,-1,0,-1,0,-1,-1,-1,14,1,1,1,-1,-1,13,1,1,2,E01035174,3,1,0,1
2025411600767,2025,411600767,532149,206609,-0.08738,51.74261,41,3,2,2,21/05/2025,4,16:13,-1,E07000242,E10000015,E10000015,6,0,6,40,-1,0,-1,0,-1,-1,-1,0,1,1,1,-1,-1,13,2,1,2,E01023481,3,1,0,1
2025211542714,2025,211542714,416382,305413,-1.75931,52.64621,21,3,2,2,16/01/2025,5,21:31,-1,E07000194,E10000028,E10000028,3,51,3,70,-1,0,-1,0,-1,-1,-1,0,7,1,1,-1,-1,13,2,1,2,E01029517,3,1,0,1
2025201577787,2025,201577787,399814,301795,-2.00418,52.61393,20,3,1,1,14/04/2025,2,10:37,-1,E08000030,E08000030,E08000030,3,34,6,30,-1,19,2,4,4210,-1,-1,14,1,1,1,-1,-1,13,1,1,2,E01010292,3,1,0,1
2025141676777,2025,141676777,438535,386046,-1.42231,53.36988,14,2,2,1,27/11/2025,5,07:47,-1,E08000039,E08000039,E08000039,6,0,6,30,-1,13,4,6,0,-1,-1,0,1,1,1,-1,-1,13,1,1,2,E01008012,5,1,1,0
2025501546463,2025,501546463,302892,109277,-3.38155,50.8748,50,3,5,2,26/01/2025,1,16:20,-1,E07000042,E10000008,E10000008,1,5,3,40,-1,0,-1,0,-1,-1,-1,0,1,1,2,-1,-1,13,2,3,1,E01020062,3,1,0,1
2025440440593,2025,440440593,436210,116322,-1.48596,50.94521,44,3,1,1,29/09/2025,2,12:57,-1,E07000093,E10000014,E10000014,1,27,3,70,-1,0,-1,0,-1,-1,-1,0,1,1,1,-1,-1,13,2,3,1,E01023170,3,1,0,1
2025440331493,2025,440331493,449613,131455,-1.29313,51.08028,44,3,1,1,24/07/2025,5,12:41,-1,E07000094,E10000014,E10000014,1,3,3,70,-1,0,-1,0,-1,-1,-1,0,1,1,1,-1,-1,13,2,1,1,E01023236,3,1,0,1
2025501604203,2025,501604203,266056,129462,-3.91226,51.04884,50,2,2,2,17/06/2025,3,20:25,-1,E07000043,E10000008,E10000008,3,361,6,60,-1,0,-1,0,-1,-1,-1,16,1,1,1,-1,-1,13,2,1,2,E01020131,6,1,1,0
2025231624581,2025,231624581,430404,271531,-1.55516,52.34102,23,3,2,1,03/08/2025,1,06:15,-1,E07000222,E10000031,E10000031,6,0,6,30,-1,0,-1,6,0,-1,-1,0,1,1,1,-1,-1,13,2,3,2,E01031299,3,1,0,1
2025010578562,2025,010578562,536459,182370,-0.03443,51.52377,1,2,2,1,03/06/2025,3,16:50,-1,E09000030,E09000030,E09000030,3,1205,3,20,-1,0,-1,0,-1,-1,-1,15,1,1,1,-1,-1,13,1,1,2,E01004270,5,1,1,0
202517H105425,2025,17H105425,445254,534362,-1.29928,54.70226,17,2,4,2,25/07/2025,6,11:03,-1,E06000001,E06000001,E06000001,3,179,6,60,-1,0,-1,0,-1,-1,-1,0,1,1,1,-1,-1,13,2,1,2,E01011959,7,1,1,0
2025501613366,2025,501613366,185043,54296,-5.02285,50.34925,50,3,1,1,19/06/2025,5,01:10,-1,E06000052,E06000052,E06000052,3,30,3,70,-1,0,-1,0,-1,-1,-1,0,6,1,1,-1,-1,13,2,1,1,E01018815,3,1,0,1
2025052501771,2025,052501771,346205,389428,-2.81052,53.39892,5,3,2,1,24/09/2025,4,08:17,-1,E08000011,E08000011,E08000011,1,57,1,30,1,0,2,6,0,0,5,15,1,1,2,4,0,13,2,3,1,E01006424,-1,0,0.00207,0.99793
2025101656978,2025,101656978,427112,557326,-1.57865,54.90992,10,3,2,2,20/10/2025,2,09:45,-1,E08000037,E08000037,E08000037,3,1,3,50,-1,0,-1,0,-1,-1,-1,0,1,1,1,-1,-1,13,1,2,1,E01008224,3,1,0,1
2025010600598,2025,010600598,529491,182977,-0.13459,51.53086,1,3,2,1,29/09/2025,2,12:43,-1,E09000007,E09000007,E09000007,3,4200,6,20,-1,13,4,6,0,-1,-1,0,1,1,1,-1,-1,13,1,1,2,E01000955,3,1,0,1
2025332500666,2025,332500666,442335,314390,-1.3746,52.72551,33,3,2,1,14/07/2025,2,00:33,-1,E07000134,E10000018,E10000018,5,0,6,30,-1,16,2,5,0,-1,-1,0,4,1,1,-1,-1,13,1,1,2,E01025930,3,1,0,1
2025041667531,2025,041667531,388399,417733,-2.17701,53.65596,4,3,2,1,12/11/2025,4,17:30,-1,E07000125,E10000017,E10000017,6,0,6,30,-1,13,4,3,671,-1,-1,0,4,5,2,-1,-1,13,1,1,2,E01025376,3,1,0,1
2025610005625,2025,610005625,337992,190277,-2.89682,51.6079,61,3,2,1,29/01/2025,4,17:50,-1,W06000022,W06000022,W06000022,3,48,6,40,0,0,-1,0,-1,0,0,0,1,1,1,4,0,13,1,1,-1,W01001639,-1,0,0.03266,0.96734
2025991584666,2025,991584666,261738,613414,-4.18458,55.39513,99,1,1,1,01/05/2025,5,15:45,-1,S12000008,S12000008,S12000008,3,76,6,30,-1,0,-1,6,0,-1,-1,0,1,1,1,-1,-1,13,2,1,-1,-1,1,1,0,0
2025340WN0192,2025,340WN0192,474868,264980,-0.90406,52.27788,34,3,2,1,10/01/2025,6,13:14,-1,E06000062,E06000062,E06000062,3,508,6,40,-1,13,4,6,0,-1,-1,0,1,1,2,-1,-1,13,1,1,2,E01027148,3,1,0,1
2025340WN6612,2025,340WN6612,475590,257910,-0.89506,52.21423,34,2,1,1,25/11/2025,3,05:42,-1,E06000062,E06000062,E06000062,3,45,1,40,-1,-1,2,3,5076,-1,-1,0,4,1,1,-1,-1,13,2,1,1,E01027164,7,1,1,0
2025201567943,2025,201567943,413944,284408,-1.79622,52.45745,20,3,2,2,19/03/2025,4,15:25,-1,E08000025,E08000025,E08000025,3,45,3,40,-1,0,-1,6,0,-1,-1,14,1,1,1,-1,-1,13,1,2,2,E01009313,3,1,0,1
2025201541608,2025,201541608,402085,291584,-1.9707,52.52213,20,3,2,1,14/01/2025,3,20:56,-1,E08000028,E08000028,E08000028,1,5,3,70,-1,0,-1,0,-1,-1,-1,0,4,1,1,-1,-1,13,2,1,1,E01010105,3,1,0,1
2025010560717,2025,010560717,528411,186081,-0.14902,51.559,1,3,2,1,21/02/2025,6,23:49,-1,E09000007,E09000007,E09000007,5,0,6,20,-1,99,9,6,0,-1,-1,-1,4,2,2,-1,-1,13,1,3,2,E01000910,3,1,0,1
2025501662887,2025,501662887,284390,100875,-3.64176,50.79587,50,3,2,1,16/10/2025,5,09:55,-1,E07000042,E10000008,E10000008,3,3072,6,30,-1,13,2,6,0,-1,-1,15,1,1,1,-1,-1,13,2,1,2,E01020042,3,1,0,1
2025361683042,2025,361683042,618559,305337,1.22602,52.60183,36,3,2,1,14/12/2025,1,18:28,-1,E07000149,E10000020,E10000020,3,47,7,60,-1,0,-1,0,-1,-1,-1,0,4,2,2,-1,-1,13,2,1,1,E01026881,3,1,0,1
2025461570580,2025,461570580,576789,167071,0.53871,51.37517,46,2,2,1,28/03/2025,6,11:05,-1,E06000035,E06000035,E06000035,6,0,6,30,-1,16,2,6,0,-1,-1,0,1,1,2,-1,-1,13,1,1,2,E01016063,7,1,1,0
2025340WN3702,2025,340WN3702,475731,257917,-0.893,52.21427,34,3,2,1,08/07/2025,3,20:07,-1,E06000062,E06000062,E06000062,3,45,1,30,-1,19,4,6,0,-1,-1,17,1,1,1,-1,-1,13,2,1,2,E01027201,3,1,0,1
2025061564244,2025,061564244,399984,407312,-2.00171,53.56242,6,2,1,1,12/03/2025,4,15:05,-1,E08000004,E08000004,E08000004,6,0,6,30,-1,13,3,6,0,-1,-1,0,1,1,1,-1,-1,13,1,3,2,E01005411,7,1,1,0
2025201600073,2025,201600073,407433,290009,-1.89192,52.50793,20,2,2,2,08/06/2025,1,04:09,-1,E08000025,E08000025,E08000025,4,4140,6,30,-1,0,-1,6,0,-1,-1,0,4,1,1,-1,-1,13,1,1,2,E01009061,5,1,1,0
2025010585946,2025,010585946,534410,173336,-0.06739,51.44307,1,3,2,1,10/07/2025,5,19:48,-1,E09000028,E09000028,E09000028,3,205,6,20,-1,13,2,3,205,-1,-1,14,1,1,1,-1,-1,13,1,1,2,E01003949,3,1,0,1
2025461562202,2025,461562202,569969,158306,0.43664,51.29851,46,3,3,1,04/03/2025,3,15:30,-1,E07000115,E10000016,E10000016,3,20,6,40,-1,0,-1,0,-1,-1,-1,0,1,1,1,-1,-1,13,1,3,2,E01024763,3,1,0,1
2025041565517,2025,041565517,382484,422354,-2.26677,53.69733,4,3,2,1,15/03/2025,7,11:20,-1,E07000125,E10000017,E10000017,3,681,6,30,-1,19,4,6,0,-1,-1,0,1,1,1,-1,-1,13,1,2,2,E01033281,3,1,0,1
2025440086423,2025,440086423,453081,108401,-1.24698,50.87268,44,3,2,1,26/02/2025,4,00:21,-1,E07000094,E10000014,E10000014,1,27,3,40,0,0,-1,0,-1,0,0,0,4,1,2,4,0,13,1,1,1,E01032859,-1,0,0,1
2025131632727,2025,131632727,443647,435976,-1.33852,53.81824,13,3,1,1,23/08/2025,7,06:35,-1,E08000035,E08000035,E08000035,2,1,3,70,-1,0,-1,0,-1,-1,-1,0,1,1,1,-1,-1,13,2,1,1,E01011297,3,1,0,1
2025461589570,2025,461589570,601608,138026,0.87852,51.10607,46,3,3,2,13/05/2025,3,17:35,-1,E07000105,E10000016,E10000016,3,2070,6,60,-1,0,-1,0,-1,-1,-1,0,1,1,1,-1,-1,13,2,1,1,E01034989,3,1,0,1
2025351648849,2025,351648849,506479,301986,-0.42911,52.60523,35,3,1,1,14/09/2025,1,20:54,-1,E06000031,E06000031,E06000031,3,1,3,70,-1,0,-1,0,-1,-1,-1,0,6,2,2,-1,-1,13,2,1,1,E01015628,3,1,0,1
2025041678377,2025,041678377,343684,463032,-2.86185,54.06014,4,3,2,3,03/12/2025,4,16:18,-1,E07000121,E10000017,E10000017,6,0,6,30,-1,0,-1,6,0,-1,-1,14,4,1,1,-1,-1,13,1,1,2,E01025171,3,1,0,1
2025471628309,2025,471628309,521731,105236,-0.27272,50.83386,47,3,2,1,13/08/2025,4,12:40,-1,E07000223,E10000032,E10000032,6,0,2,20,-1,13,4,6,0,-1,-1,0,1,1,1,-1,-1,13,1,3,2,E01031364,3,1,0,1
2025546777125,2025,546777125,389975,174257,-2.14571,51.46719,54,2,1,1,04/06/2025,4,12:50,-1,E06000054,E06000054,E06000054,3,350,3,40,0,0,-1,0,-1,0,0,0,1,1,1,4,0,13,2,1,2,E01031905,-1,0,1,0
2025471553183,2025,471553183,580586,109752,0.56453,50.85908,47,3,2,1,11/02/2025,3,19:55,-1,E07000062,E10000011,E10000011,3,21,6,30,-1,13,2,6,0,-1,-1,0,4,1,2,-1,-1,13,1,1,2,E01020992,3,1,0,1
2025070458676,2025,070458676,385982,377165,-2.21175,53.29126,7,2,2,1,04/06/2025,4,12:45,-1,E06000049,E06000049,E06000049,4,5087,6,60,-1,0,-1,0,-1,-1,-1,0,1,1,1,-1,-1,13,2,3,2,E01018580,7,1,1,0
2025010598725,2025,010598725,554917,191312,0.23536,51.59935,1,3,1,1,20/09/2025,7,13:10,-1,E09000016,E09000016,E09000016,3,12,3,70,-1,13,4,6,0,-1,-1,0,1,1,1,-1,-1,13,1,1,2,E01002298,3,1,0,1
2025451564689,2025,451564689,508200,159196,-0.44865,51.32159,45,3,2,1,13/03/2025,5,17:51,-1,E07000209,E10000030,E10000030,1,25,3,50,-1,0,-1,0,-1,-1,-1,0,4,2,2,-1,-1,13,2,3,1,E01030458,3,1,0,1
2025371646595,2025,371646595,583859,246607,0.68215,52.08727,37,2,2,2,24/09/2025,4,20:00,-1,E07000200,E10000029,E10000029,3,1092,6,40,-1,0,-1,6,0,-1,-1,0,6,1,1,-1,-1,13,2,1,2,E01029885,6,1,1,0
2025201665715,2025,201665715,390526,283069,-2.14081,52.4455,20,3,2,1,09/11/2025,1,09:56,-1,E08000027,E08000027,E08000027,6,0,6,30,-1,13,4,6,0,-1,-1,0,1,1,1,-1,-1,13,1,1,2,E01009845,3,1,0,1
2025471649905,2025,471649905,583680,111417,0.60928,50.87306,47,3,8,4,03/10/2025,6,16:01,-1,E07000062,E10000011,E10000011,3,259,6,30,-1,13,2,6,0,-1,-1,14,1,2,2,-1,-1,13,1,1,2,E01021006,3,1,0,1
2025461555578,2025,461555578,547400,156193,0.11229,51.28581,46,3,4,4,17/02/2025,2,14:55,-1,E07000111,E10000016,E10000016,1,25,3,70,-1,0,-1,0,-1,-1,-1,0,1,1,1,-1,-1,13,2,1,1,E01024417,3,1,0,1
2025221538805,2025,221538805,391883,265634,-2.12042,52.28878,22,2,3,3,07/01/2025,3,17:00,-1,E07000238,E10000034,E10000034,1,5,3,70,-1,0,-1,0,-1,-1,-1,0,6,1,2,-1,-1,13,2,1,1,E01034325,7,1,1,0
2025401550864,2025,401550864,513619,241222,-0.34424,52.05774,40,3,2,1,24/01/2025,6,19:05,-1,E06000056,E06000056,E06000056,6,0,6,20,-1,0,-1,6,0,-1,-1,0,6,1,1,-1,-1,13,2,1,2,E01017412,3,1,0,1
2025122501207,2025,122501207,415970,455270,-1.7579,53.99323,12,3,2,1,13/10/2025,2,14:08,-1,E06000065,E06000065,E06000065,3,59,6,30,0,0,-1,0,-1,0,0,0,1,1,1,4,0,13,2,1,2,E01027735,-1,0,0.07551,0.92449
2025010602088,2025,010602088,533855,182441,-0.07192,51.52503,1,3,2,1,06/10/2025,2,10:03,-1,E09000030,E09000030,E09000030,3,1209,6,20,-1,13,4,4,134,-1,-1,0,1,1,1,-1,-1,13,1,1,2,E01004315,3,1,0,1
2025430489625,2025,430489625,476126,182651,-0.90379,51.53764,43,3,2,1,24/09/2025,4,17:30,-1,E07000179,E10000025,E10000025,3,4130,6,20,0,0,-1,0,-1,0,0,0,1,1,1,4,0,13,1,3,2,E01028652,-1,0,0.01961,0.98039
2025991589363,2025,991589363,258907,665708,-4.25607,55.86384,99,3,1,1,13/05/2025,3,10:08,-1,S12000049,S12000049,S12000049,6,0,6,20,-1,17,2,6,0,-1,-1,14,1,1,1,-1,-1,13,1,1,-1,-1,3,1,0,1
2025501586502,2025,501586502,256550,131523,-4.04861,51.06507,50,3,1,1,06/05/2025,3,19:27,-1,E07000043,E10000008,E10000008,4,3138,6,30,-1,0,-1,6,0,-1,-1,0,1,1,1,-1,-1,13,1,1,2,E01020128,3,1,0,1
2025991600916,2025,991600916,257976,665658,-4.27091,55.86311,99,3,2,1,10/06/2025,3,11:51,-1,S12000049,S12000049,S12000049,6,0,2,30,-1,16,2,6,0,-1,-1,14,1,1,1,-1,-1,13,1,1,-1,-1,3,1,0,1
2025071013339,2025,071013339,369583,390858,-2.45908,53.41365,7,3,1,2,12/12/2025,6,08:45,-1,E06000007,E06000007,E06000007,6,0,6,20,-1,13,3,6,0,-1,-1,-1,1,1,2,-1,-1,13,2,3,2,E01012554,3,1,0,1
2025061582503,2025,061582503,381273,410745,-2.2844,53.59294,6,2,2,1,12/04/2025,7,21:10,-1,E08000002,E08000002,E08000002,3,58,6,30,-1,0,-1,4,6219,-1,-1,14,4,1,1,-1,-1,13,1,1,2,E01004959,7,1,1,0
2025010576800,2025,010576800,529358,181643,-0.137,51.5189,1,3,2,1,22/05/2025,5,18:15,-1,E09000033,E09000033,E09000007,4,506,6,30,6,16,2,4,506,9,5,15,1,1,1,4,0,13,1,3,2,E01000851,-1,0,0,1
2025501551774,2025,501551774,315019,100239,-3.20714,50.79546,50,3,2,1,06/02/2025,5,17:55,-1,E07000040,E10000008,E10000008,3,30,6,30,-1,16,2,6,0,-1,-1,0,4,1,1,-1,-1,13,1,1,1,E01019930,3,1,0,1
2025991629781,2025,991629781,284993,649335,-3.8326,55.72373,99,3,2,1,24/06/2025,3,18:15,-1,S12000029,S12000029,S12000029,6,0,6,30,-1,16,4,3,73,-1,-1,0,1,1,1,-1,-1,13,1,1,-1,-1,3,1,0,1
2025471577335,2025,471577335,531534,109542,-0.13204,50.87042,47,3,2,1,12/04/2025,7,09:05,-1,E06000043,E06000043,E06000043,3,27,3,70,-1,0,-1,0,-1,-1,-1,0,1,1,1,-1,-1,13,2,1,1,E01016931,3,1,0,1
2025340WN3912,2025,340WN3912,475725,257988,-0.89307,52.21491,34,3,2,1,17/07/2025,5,14:58,-1,E06000062,E06000062,E06000062,3,45,1,40,-1,19,2,3,43,-1,-1,15,1,1,1,-1,-1,13,2,1,1,E01027201,3,1,0,1
2025101618211,2025,101618211,434885,556668,-1.4575,54.90352,10,3,2,1,14/07/2025,2,20:07,-1,E08000024,E08000024,E08000024,3,19,3,70,-1,0,-1,0,-1,-1,-1,0,1,1,1,-1,-1,13,2,1,1,E01008814,3,1,0,1
2025421652061,2025,421652061,563684,221998,0.37625,51.87254,42,3,2,2,08/10/2025,4,17:44,-1,E07000077,E10000012,E10000012,6,0,6,60,-1,13,4,4,1256,-1,-1,0,1,1,1,-1,-1,13,2,1,2,E01022069,3,1,0,1
2025552500341,2025,552500341,404829,94871,-1.93291,50.75342,55,3,2,1,18/02/2025,3,18:05,-1,E06000058,E06000058,E06000058,3,348,6,30,0,0,-1,0,-1,0,0,0,4,1,1,4,0,13,1,2,2,E01015379,-1,0,0.00547,0.99453
2025520600611,2025,520600611,331831,142643,-2.97661,51.17894,52,3,2,2,21/11/2025,6,17:56,-1,E06000066,E06000066,E06000066,1,5,3,50,-1,0,-1,0,-1,-1,-1,0,6,1,2,-1,-1,13,2,1,1,E01029145,3,1,0,1
2025141631238,2025,141631238,432609,391135,-1.51085,53.41602,14,3,1,1,20/08/2025,4,11:35,-1,E08000039,E08000039,E08000039,6,0,6,30,-1,13,4,3,6102,-1,-1,0,1,1,1,-1,-1,13,1,1,2,E01007987,3,1,0,1
2025010578894,2025,010578894,522575,182269,-0.23449,51.52604,1,3,3,2,05/06/2025,5,11:23,-1,E09000013,E09000013,E09000013,3,219,6,20,-1,0,-1,0,-1,-1,-1,0,1,2,2,-1,-1,13,1,1,2,E01001877,3,1,0,1
2025010592797,2025,010592797,523006,165410,-0.23413,51.37443,1,2,2,1,08/08/2025,6,07:50,-1,E09000029,E09000029,E09000029,3,2043,9,20,-1,13,2,6,0,-1,-1,-1,1,1,1,-1,-1,13,1,3,2,E01004190,7,1,1,0
2025440039633,2025,440039633,470135,106863,-1.00494,50.85704,44,2,2,1,27/01/2025,2,14:50,-1,E07000090,E10000014,E10000014,6,0,6,30,8,18,4,6,0,0,0,0,1,2,2,4,0,13,1,2,2,E01022909,-1,0,0.91084,0.08916
2025451591742,2025,451591742,506402,157669,-0.4749,51.3082,45,2,2,1,18/05/2025,1,21:44,-1,E07000209,E10000030,E10000030,3,3,3,70,-1,0,-1,0,-1,-1,-1,0,4,1,1,-1,-1,13,2,1,1,E01030458,7,1,1,0
2025430363781,2025,430363781,497301,179058,-0.59956,51.50209,43,3,2,1,19/07/2025,7,00:26,-1,E06000039,E06000039,E06000039,1,4,3,70,-1,0,-1,0,-1,-1,-1,0,4,1,1,-1,-1,13,1,1,1,E01016514,3,1,0,1
2025340WN5052,2025,340WN5052,475534,258046,-0.89585,52.21546,34,3,2,1,09/09/2025,3,05:29,-1,E06000062,E06000062,E06000062,3,508,6,40,-1,0,-1,0,-1,-1,-1,0,4,1,1,-1,-1,13,2,1,2,E01027159,3,1,0,1
2025010581694,2025,010581694,549098,183807,0.14822,51.53349,1,2,1,1,19/06/2025,5,22:00,-1,E09000002,E09000002,E09000002,3,1240,6,30,-1,13,4,6,0,-1,-1,0,4,1,1,-1,-1,13,1,1,2,E01000087,7,1,1,0
2025531552874,2025,531552874,395267,223027,-2.0702,51.90576,53,3,2,1,01/02/2025,7,17:05,-1,E07000078,E10000013,E10000013,3,435,6,30,-1,-1,4,6,0,-1,-1,15,4,1,1,-1,-1,13,1,1,2,E01022141,3,1,0,1
2025010559272,2025,010559272,514438,182232,-0.35174,51.52741,1,3,2,1,14/02/2025,6,14:09,-1,E09000009,E09000009,E09000009,3,4127,6,20,6,16,2,4,455,2,4,12,1,8,1,4,0,13,1,1,2,E01001261,-1,0,0,1
2025010614115,2025,010614115,539585,181679,0.01032,51.51679,1,3,1,1,08/12/2025,2,13:05,-1,E09000025,E09000025,E09000025,3,124,3,20,-1,0,-1,0,-1,-1,-1,0,1,1,1,-1,-1,13,1,1,2,E01003503,3,1,0,1
2025610047425,2025,610047425,328129,201249,-3.04148,51.70536,61,2,1,1,03/11/2025,2,15:35,-1,W06000020,W06000020,W06000020,6,0,6,30,0,0,-1,0,-1,0,0,0,1,2,2,4,0,13,1,1,-1,W01001524,-1,0,1,0
2025522600410,2025,522600410,359211,170739,-2.58816,51.43417,52,3,2,1,21/10/2025,3,09:09,-1,E06000023,E06000023,E06000023,6,0,6,20,-1,13,4,6,0,-1,-1,0,1,2,2,-1,-1,13,1,1,2,E01014736,3,1,0,1
2025052502276,2025,052502276,333360,386111,-3.00297,53.36764,5,3,2,1,10/12/2025,4,14:55,-1,E08000015,E08000015,E08000015,6,0,6,30,3,13,4,4,5136,0,0,0,1,1,1,4,0,13,1,3,2,E01007290,-1,0,0.04827,0.95173
2025351563165,2025,351563165,546650,259025,0.14488,52.20994,35,3,2,2,25/02/2025,3,21:22,-1,E07000008,E10000003,E10000003,3,1134,3,30,-1,13,2,6,0,-1,-1,14,4,1,1,-1,-1,13,1,1,2,E01017943,3,1,0,1
2025631571551,2025,631571551,253149,216106,-4.13223,51.82422,63,2,2,2,18/03/2025,3,17:30,-1,W06000010,W06000010,W06000010,3,48,3,30,-1,0,-1,0,-1,-1,-1,0,1,1,1,-1,-1,13,2,2,-1,W01000675,7,1,1,0
2025122501425,2025,122501425,437168,494095,-1.42981,54.34106,12,3,1,1,01/10/2025,4,08:20,-1,E06000065,E06000065,E06000065,6,0,6,30,0,0,-1,0,-1,0,0,0,1,1,1,4,0,13,1,2,2,E01027612,-1,0,0.04981,0.95019
2025371662083,2025,371662083,616304,244045,1.15338,52.05255,37,2,2,1,29/10/2025,4,14:04,-1,E07000202,E10000029,E10000029,3,137,3,30,-1,0,-1,6,0,-1,-1,14,1,2,2,-1,-1,13,1,1,2,E01033124,7,1,1,0
2025991599012,2025,991599012,229918,683147,-4.72974,56.01099,99,2,2,1,30/05/2025,6,16:15,-1,S12000035,S12000035,S12000035,3,818,6,30,-1,16,3,6,0,-1,-1,0,1,1,1,-1,-1,13,1,1,-1,-1,6,1,1,0
2025541654325,2025,541654325,415033,182132,-1.78465,51.53789,54,3,2,1,06/10/2025,2,16:00,-1,E06000030,E06000030,E06000030,3,4361,3,40,-1,0,-1,0,-1,-1,-1,0,1,1,1,-1,-1,13,2,3,2,E01033848,3,1,0,1
2025221568704,2025,221568704,330508,328636,-3.03336,52.85072,22,3,2,2,24/03/2025,2,15:04,-1,E06000051,E06000051,E06000051,4,4579,6,60,-1,0,-1,6,0,-1,-1,0,1,1,1,-1,-1,13,1,3,2,E01028904,3,1,0,1
2025131611838,2025,131611838,414252,408152,-1.78627,53.56978,13,3,1,1,05/07/2025,7,00:03,-1,E08000034,E08000034,E08000034,4,6106,6,30,-1,13,4,3,635,-1,-1,12,4,2,2,-1,-1,13,1,1,2,E01011181,3,1,0,1
2025451604373,2025,451604373,489448,152221,-0.71942,51.26214,45,3,1,1,17/06/2025,3,10:00,-1,E07000209,E10000030,E10000030,6,0,6,30,-1,13,4,6,0,-1,-1,16,1,1,1,-1,-1,13,1,1,2,E01030430,3,1,0,1
2025201555544,2025,201555544,400212,289008,-1.99831,52.49898,20,3,1,1,12/02/2025,4,08:25,-1,E08000028,E08000028,E08000028,6,0,6,30,-1,13,4,6,0,-1,-1,0,1,1,1,-1,-1,13,1,3,2,E01010053,3,1,0,1
2025201675994,2025,201675994,391941,298400,-2.12037,52.58335,20,3,2,2,30/11/2025,1,08:38,-1,E08000031,E08000031,E08000031,3,4150,1,30,-1,-1,2,3,41,-1,-1,0,1,1,2,-1,-1,13,1,1,2,E01010530,3,1,0,1
2025010587144,2025,010587144,542529,171162,0.04849,51.42156,1,3,2,1,16/07/2025,4,10:00,-1,E09000006,E09000006,E09000006,5,0,9,20,-1,99,9,6,0,-1,-1,-1,1,1,1,-1,-1,13,1,3,2,E01000694,3,1,0,1
2025010605543,2025,010605543,518311,183072,-0.29565,51.53417,1,3,2,1,24/10/2025,6,17:32,-1,E09000009,E09000009,E09000009,3,4005,6,30,-1,13,2,6,0,-1,-1,15,1,1,2,-1,-1,13,1,1,2,E01001277,3,1,0,1
2025010575849,2025,010575849,537407,177126,-0.02282,51.47641,1,2,1,2,19/05/2025,2,15:39,-1,E09000023,E09000023,E09000023,3,2209,1,20,-1,-1,4,6,0,-1,-1,17,1,1,1,-1,-1,13,1,1,2,E01032579,7,1,1,0
2025052500150,2025,052500150,340861,398087,-2.89251,53.47617,5,3,1,2,23/01/2025,5,17:16,-1,E08000011,E08000011,E08000011,4,5192,6,30,3,13,4,6,0,0,8,17,4,2,2,4,0,13,1,1,2,E01006415,-1,0,0.1613,0.8387
2025010561786,2025,010561786,544057,177914,0.07319,51.48184,1,3,1,1,02/03/2025,1,15:23,-1,E09000011,E09000011,E09000011,5,0,6,30,-1,13,4,5,0,-1,-1,0,1,1,1,-1,-1,13,1,1,2,E01001700,3,1,0,1
2025451609619,2025,451609619,499692,156867,-0.57136,51.30221,45,2,2,1,30/06/2025,2,15:35,-1,E07000217,E10000030,E10000030,3,320,6,30,-1,0,-1,6,0,-1,-1,0,1,1,1,-1,-1,13,1,1,2,E01030986,7,1,1,0
2025471596086,2025,471596086,529916,140397,-0.14399,51.1481,47,3,3,1,29/05/2025,5,09:12,-1,E07000226,E10000032,E10000032,4,2036,6,50,-1,0,-1,0,-1,-1,-1,0,1,1,2,-1,-1,13,1,1,2,E01035328,3,1,0,1
2025520501058,2025,520501058,315731,121067,-3.20185,50.98282,52,3,2,1,10/04/2025,5,17:00,-1,E06000066,E06000066,E06000066,3,38,6,40,-1,0,-1,0,-1,-1,-1,0,1,1,1,-1,-1,13,2,1,2,E01029269,3,1,0,1
2025201615299,2025,201615299,410341,284706,-1.84923,52.46021,20,3,2,2,13/07/2025,1,01:10,-1,E08000025,E08000025,E08000025,3,45,3,40,-1,0,-1,0,-1,-1,-1,0,4,1,1,-1,-1,13,1,1,2,E01009338,3,1,0,1
2025010573906,2025,010573906,530658,183034,-0.11776,51.5311,1,3,1,1,30/04/2025,4,13:20,-1,E09000019,E09000019,E09000019,3,501,6,20,-1,0,-1,0,-1,-1,-1,0,1,1,1,-1,-1,13,1,1,2,E01002711,3,1,0,1
2025631570770,2025,631570770,305256,308989,-3.40255,52.6703,63,3,1,1,28/03/2025,6,16:38,-1,W06000023,W06000023,W06000023,3,458,6,60,-1,0,-1,0,-1,-1,-1,0,1,1,1,-1,-1,13,2,1,-1,W01000460,3,1,0,1
2025052501605,2025,052501605,342240,396808,-2.8715,53.46483,5,3,2,1,26/08/2025,3,16:30,-1,E08000011,E08000011,E08000011,3,580,3,40,0,0,-1,0,-1,0,0,0,1,1,1,4,0,13,2,2,2,E01006418,-1,0,0.05368,0.94632
2025522600635,2025,522600635,358547,172803,-2.59795,51.45268,52,2,1,2,30/11/2025,1,12:58,-1,E06000023,E06000023,E06000023,3,38,6,20,-1,0,-1,0,-1,-1,-1,15,1,1,1,-1,-1,13,1,1,2,E01033909,6,1,1,0
2025471560273,2025,471560273,557246,111877,0.2341,50.88499,47,3,3,1,02/03/2025,1,16:52,-1,E07000065,E10000011,E10000011,3,267,6,60,-1,0,-1,0,-1,-1,-1,0,1,1,1,-1,-1,13,2,1,2,E01034299,3,1,0,1
2025041607341,2025,041607341,349906,466363,-2.76736,54.09072,4,3,2,1,15/06/2025,1,14:15,-1,E07000121,E10000017,E10000017,1,6,3,70,-1,0,-1,0,-1,-1,-1,0,1,1,1,-1,-1,13,2,1,1,E01025159,3,1,0,1
2025430335776,2025,430335776,453056,205577,-1.23291,51.74639,43,3,2,1,21/03/2025,6,10:45,-1,E07000178,E10000025,E10000025,4,480,6,20,3,13,4,6,0,0,1,13,1,1,1,4,0,13,1,3,2,E01028587,-1,0,0.0084,0.9916
2025451593103,2025,451593103,509240,154277,-0.43524,51.27718,45,2,1,1,21/05/2025,4,15:00,-1,E07000209,E10000030,E10000030,4,2039,6,30,-1,19,2,6,0,-1,-1,13,1,1,1,-1,-1,13,2,1,2,E01030445,6,1,1,0
2025991648573,2025,991648573,251999,666333,-4.36669,55.86738,99,3,2,1,30/09/2025,3,14:20,-1,S12000038,S12000038,S12000038,3,736,1,30,-1,0,-1,1,8,-1,-1,0,1,1,1,-1,-1,13,1,1,-1,-1,3,1,0,1
2025520000208,2025,520000208,373974,165191,-2.37538,51.38516,52,3,1,1,26/09/2025,6,14:36,-1,E06000022,E06000022,E06000022,3,4,6,20,-1,0,-1,0,-1,-1,-1,0,1,1,1,-1,-1,13,1,1,2,E01033080,3,1,0,1
2025522500355,2025,522500355,363169,174339,-2.5316,51.46681,52,3,2,1,06/01/2025,2,14:43,-1,E06000023,E06000023,E06000023,6,0,6,20,-1,13,4,6,0,-1,-1,17,1,2,2,-1,-1,13,1,1,2,E01014626,3,1,0,1
2025061671269,2025,061671269,370805,408579,-2.44235,53.57299,6,3,1,1,19/11/2025,4,19:14,-1,E08000001,E08000001,E08000001,3,676,6,30,-1,16,4,6,0,-1,-1,17,4,1,2,-1,-1,13,1,1,2,E01004849,3,1,0,1
2025010574534,2025,010574534,543589,179124,0.06695,51.49283,1,3,2,2,12/05/2025,2,19:42,-1,E09000011,E09000011,E09000011,3,206,6,30,-1,16,2,6,0,-1,-1,14,1,1,1,-1,-1,13,1,1,2,E01033737,3,1,0,1
2025010583591,2025,010583591,531924,178809,-0.10109,51.49284,1,2,4,1,29/06/2025,1,17:00,-1,E09000028,E09000028,E09000028,3,3,6,20,-1,13,4,3,215,-1,-1,0,1,1,1,-1,-1,13,1,1,2,E01003933,7,1,1,0
2025451630532,2025,451630532,502661,164650,-0.52654,51.37164,45,3,7,1,18/08/2025,2,20:49,-1,E07000212,E10000030,E10000030,3,320,6,40,-1,0,-1,0,-1,-1,-1,0,4,1,1,-1,-1,13,2,1,2,E01030678,3,1,0,1
2025430625303,2025,430625303,482537,167583,-0.81489,51.40128,43,3,2,1,09/12/2025,3,06:00,-1,E06000041,E06000041,E06000041,6,0,6,40,-1,0,-1,0,-1,-1,-1,0,7,2,2,-1,-1,13,2,3,2,E01016705,3,1,0,1
2025501543082,2025,501543082,241061,60509,-4.23882,50.42288,50,3,3,2,17/01/2025,6,10:40,-1,E06000052,E06000052,E06000052,3,388,6,30,-1,0,-1,6,0,-1,-1,0,1,1,1,-1,-1,13,2,2,2,E01018787,3,1,0,1
2025052500170,2025,052500170,333876,392506,-2.99656,53.42518,5,2,1,1,25/01/2025,7,21:40,-1,E08000012,E08000012,E08000012,3,565,3,40,3,13,2,3,5054,0,5,15,4,4,1,4,0,13,1,1,2,E01006779,-1,0,1,0
2025041645117,2025,041645117,384715,436756,-2.2337,53.82684,4,1,1,1,22/09/2025,2,18:05,-1,E07000122,E10000017,E10000017,3,682,6,30,-1,19,2,6,0,-1,-1,0,1,1,1,-1,-1,13,1,1,2,E01025185,1,1,0,0
2025010558063,2025,010558063,534316,168807,-0.07045,51.4024,1,3,1,1,07/02/2025,6,17:34,-1,E09000008,E09000008,E09000008,3,213,6,30,-1,13,4,6,0,-1,-1,0,4,2,2,-1,-1,13,1,1,2,E01001143,3,1,0,1
2025411595118,2025,411595118,503180,192230,-0.51103,51.61945,41,2,2,1,22/05/2025,5,21:22,-1,E07000102,E10000015,E10000015,3,412,6,40,-1,-1,4,6,0,-1,-1,0,1,1,1,-1,-1,13,2,1,2,E01023837,5,1,1,0
2025041627512,2025,041627512,332328,429106,-3.0278,53.7539,4,3,2,1,11/08/2025,2,14:45,-1,E07000119,E10000017,E10000017,6,0,6,30,-1,16,2,6,0,-1,-1,0,1,1,1,-1,-1,13,1,1,2,E01024986,3,1,0,1
202517H102825,2025,17H102825,446877,526961,-1.27529,54.6356,17,3,2,1,18/03/2025,3,17:35,-1,E06000001,E06000001,E06000001,3,689,3,50,-1,0,-1,0,-1,-1,-1,0,1,1,1,-1,-1,13,2,1,2,E01011968,3,1,0,1
2025061615624,2025,061615624,391231,410741,-2.13396,53.59317,6,3,3,2,13/07/2025,1,22:05,-1,E08000005,E08000005,E08000005,1,62,3,70,-1,0,-1,0,-1,-1,-1,0,5,1,1,-1,-1,13,2,1,1,E01005468,3,1,0,1
2025531606141,2025,531606141,396358,211215,-2.05422,51.79957,53,3,2,1,04/03/2025,3,09:04,-1,E07000079,E10000013,E10000013,3,417,3,70,-1,0,-1,0,-1,-1,-1,0,1,1,1,-1,-1,13,2,1,1,E01022201,3,1,0,1
2025622500301,2025,622500301,283605,180963,-3.67882,51.51556,62,2,3,1,22/04/2025,3,23:00,-1,W06000013,W06000013,W06000013,1,4,3,70,0,0,-1,0,-1,0,0,0,6,2,2,4,2,13,2,1,-1,W01001000,-1,0,1,0
2025161656804,2025,161656804,527214,410257,-0.08028,53.5735,16,3,3,1,20/10/2025,2,15:39,-1,E06000012,E06000012,E06000012,3,16,6,30,-1,0,-1,0,-1,-1,-1,0,1,1,1,-1,-1,13,1,1,2,E01013221,3,1,0,1
2025552501159,2025,552501159,379928,122918,-2.28745,51.00529,55,3,2,1,30/09/2025,3,05:38,-1,E06000059,E06000059,E06000059,3,30,6,30,-1,16,4,3,3092,-1,-1,0,4,1,1,-1,-1,13,2,1,2,E01020462,3,1,0,1
2025122600432,2025,122600432,399782,463839,-2.00482,54.07049,12,3,2,1,31/05/2025,7,13:18,-1,E06000065,E06000065,E06000065,4,6265,6,30,3,13,2,6,0,0,0,0,1,2,2,4,0,13,2,2,2,E01027585,-1,0,0.00978,0.99022
2025201548849,2025,201548849,404737,283138,-1.93173,52.44619,20,3,3,1,28/01/2025,3,17:30,-1,E08000025,E08000025,E08000025,4,384,6,20,-1,0,-1,6,0,-1,-1,13,4,1,1,-1,-1,13,1,2,2,E01034940,3,1,0,1
2025440266375,2025,440266375,430956,94222,-1.5626,50.74678,44,2,4,1,17/06/2025,3,16:45,-1,E07000091,E10000014,E10000014,3,337,6,40,3,13,4,6,0,0,0,0,1,1,1,4,0,13,1,1,2,E01023059,-1,0,0.93402,0.06598
2025440455085,2025,440455085,444176,116907,-1.3725,50.94991,44,3,2,1,08/10/2025,4,05:12,-1,E07000086,E10000014,E10000014,1,27,3,70,-1,0,-1,0,-1,-1,-1,0,4,1,1,-1,-1,13,2,1,1,E01035437,3,1,0,1
2025332500024,2025,332500024,471290,309620,-0.94696,52.6796,33,2,2,2,10/01/2025,6,14:44,-1,E07000133,E10000018,E10000018,5,0,6,60,-1,0,-1,0,-1,-1,-1,0,1,1,4,-1,-1,13,2,1,2,E01025910,5,1,1,0
2025361655820,2025,361655820,651275,312284,1.71338,52.65003,36,3,2,1,17/10/2025,6,19:00,-1,E07000145,E10000020,E10000020,3,149,1,40,-1,-1,4,3,149,-1,-1,17,4,1,1,-1,-1,13,2,1,2,E01026593,3,1,0,1
2025471538350,2025,471538350,513228,130022,-0.38572,51.05838,47,3,4,1,02/01/2025,5,11:55,-1,E07000227,E10000032,E10000032,3,264,6,40,-1,0,-1,6,0,-1,-1,0,1,1,1,-1,-1,13,2,1,2,E01031657,3,1,0,1
2025052501658,2025,052501658,346214,389306,-2.81036,53.39783,5,3,2,1,04/09/2025,5,06:00,-1,E08000011,E08000011,E08000011,1,62,3,30,1,0,2,6,0,0,0,0,4,2,2,4,0,13,2,2,1,E01006424,-1,0,0.01349,0.98651
2025201611614,2025,201611614,414848,282277,-1.78301,52.43827,20,3,2,1,01/07/2025,3,07:40,-1,E08000029,E08000029,E08000029,4,425,3,30,-1,0,-1,6,0,-1,-1,0,1,1,1,-1,-1,13,1,2,2,E01010137,3,1,0,1
2025010557726,2025,010557726,525712,179698,-0.19021,51.50225,1,3,1,1,05/02/2025,4,09:07,-1,E09000020,E09000020,E09000020,3,315,3,20,-1,0,-1,0,-1,-1,-1,15,1,1,1,-1,-1,13,1,3,2,E01002826,3,1,0,1
2025010566157,2025,010566157,538823,175229,-0.00319,51.45902,1,3,2,1,27/03/2025,5,07:15,-1,E09000023,E09000023,E09000023,3,20,3,20,-1,13,2,6,0,-1,-1,14,1,1,1,-1,-1,13,1,1,2,E01003282,3,1,0,1
2025041630975,2025,041630975,361455,413540,-2.58415,53.61698,4,3,3,3,19/08/2025,3,22:10,-1,E07000118,E10000017,E10000017,1,61,3,70,-1,0,-1,0,-1,-1,-1,0,6,1,1,-1,-1,13,2,1,1,E01024918,3,1,0,1
2025451566643,2025,451566643,491897,162761,-0.68162,51.3565,45,3,2,1,19/03/2025,4,09:22,-1,E07000214,E10000030,E10000030,3,322,3,30,-1,0,-1,6,0,-1,-1,0,1,1,1,-1,-1,13,2,1,2,E01030757,3,1,0,1
2025471564170,2025,471564170,531399,103916,-0.13598,50.81989,47,2,1,1,12/03/2025,4,14:35,-1,E06000043,E06000043,E06000043,3,259,3,30,-1,17,2,6,0,-1,-1,14,1,1,1,-1,-1,13,1,1,2,E01016944,7,1,1,0
2025010559187,2025,010559187,547074,169690,0.1132,51.40717,1,3,2,1,14/02/2025,6,13:00,-1,E09000006,E09000006,E09000006,3,224,6,30,3,13,2,5,0,0,5,15,1,1,1,4,0,13,2,1,2,E01000738,-1,0,0,1
2025010570909,2025,010570909,514850,189025,-0.34359,51.58838,1,3,1,1,23/04/2025,4,11:49,-1,E09000015,E09000015,E09000015,5,0,7,30,9,19,4,6,0,0,5,15,1,2,2,4,2,13,1,1,2,E01002164,-1,0,0,1
2025010555576,2025,010555576,511927,177344,-0.38947,51.48398,1,3,2,1,21/01/2025,3,15:40,-1,E09000018,E09000018,E09000018,5,0,6,20,-1,0,-1,0,-1,-1,-1,13,1,1,1,-1,-1,13,1,1,2,E01002636,3,1,0,1
2025351601357,2025,351601357,518454,299870,-0.25312,52.58374,35,3,2,3,06/05/2025,3,18:58,-1,E06000031,E06000031,E06000031,3,15,1,30,-1,-1,4,3,15,-1,-1,0,1,1,1,-1,-1,13,1,1,2,E01015604,3,1,0,1
2025401651278,2025,401651278,506440,241896,-0.44869,52.06522,40,3,2,3,13/09/2025,7,21:08,-1,E06000056,E06000056,E06000056,3,6,6,60,-1,0,-1,6,0,-1,-1,0,6,1,1,-1,-1,13,2,1,2,E01017410,3,1,0,1
2025010560992,2025,010560992,521448,182485,-0.25065,51.52822,1,3,1,1,22/02/2025,7,19:30,-1,E09000009,E09000009,E09000009,3,4000,1,20,-1,-1,4,5,0,-1,-1,13,4,1,1,-1,-1,13,1,1,2,E01001246,3,1,0,1
2025010600677,2025,010600677,531652,179628,-0.1047,51.50027,1,3,2,1,29/09/2025,2,18:45,-1,E09000028,E09000028,E09000028,3,201,3,20,-1,18,4,6,0,-1,-1,15,4,1,1,-1,-1,13,1,1,2,E01003930,3,1,0,1
2025010607847,2025,010607847,528463,179119,-0.15081,51.49642,1,3,1,1,06/11/2025,5,11:33,-1,E09000033,E09000033,E09000033,3,3217,6,20,-1,16,2,3,3213,-1,-1,14,1,1,1,-1,-1,13,1,1,2,E01004687,3,1,0,1
2025501551107,2025,501551107,284649,68170,-3.62789,50.50193,50,3,3,3,29/01/2025,4,09:15,-1,E07000045,E10000008,E10000008,3,381,6,60,-1,0,-1,6,0,-1,-1,0,1,8,2,-1,-1,13,2,1,2,E01020192,3,1,0,1
2025991656128,2025,991656128,261325,664573,-4.21689,55.85435,99,2,1,1,14/08/2025,5,15:00,-1,S12000049,S12000049,S12000049,3,89,6,30,-1,19,2,6,0,-1,-1,14,1,1,1,-1,-1,13,1,3,-1,-1,7,1,1,0
2025471579323,2025,471579323,531357,104195,-0.13647,50.82241,47,2,2,1,17/04/2025,5,17:28,-1,E06000043,E06000043,E06000043,3,23,6,20,-1,13,4,6,0,-1,-1,0,1,1,1,-1,-1,13,1,1,2,E01016941,7,1,1,0
2025010568818,2025,010568818,534649,180912,-0.06106,51.5111,1,3,2,1,10/04/2025,5,10:39,-1,E09000030,E09000030,E09000030,4,108,6,20,-1,16,2,4,126,-1,-1,15,1,1,1,-1,-1,13,1,1,2,E01004295,3,1,0,1
2025451543390,2025,451543390,505209,156780,-0.49227,51.30043,45,2,2,1,18/01/2025,7,09:50,-1,E07000209,E10000030,E10000030,4,2215,6,30,-1,19,2,6,0,-1,-1,14,1,1,1,-1,-1,13,2,1,2,E01030459,7,1,1,0
202560C185588,2025,60C185588,329320,346251,-3.05484,53.00888,60,3,2,1,30/11/2025,1,14:54,-1,W06000006,W06000006,W06000006,4,5426,6,20,3,13,4,6,0,0,0,0,1,1,1,4,0,13,1,1,-1,W01000410,-1,0,0.13877,0.86123
2025522502030,2025,522502030,358687,174209,-2.5961,51.46533,52,2,2,2,20/07/2025,1,15:21,-1,E06000023,E06000023,E06000023,6,0,6,20,-1,16,4,6,0,-1,-1,13,1,1,1,-1,-1,13,1,3,2,E01014563,7,1,1,0
2025522600201,2025,522600201,359157,168903,-2.58872,51.41766,52,3,2,1,17/09/2025,4,07:10,-1,E06000023,E06000023,E06000023,3,4174,3,40,-1,0,-1,0,-1,-1,-1,0,1,2,2,-1,-1,13,1,3,2,E01014607,3,1,0,1
2025541216225,2025,541216225,391749,162377,-2.11989,51.3604,54,3,2,1,30/01/2025,5,08:40,-1,E06000054,E06000054,E06000054,3,365,6,30,8,18,4,6,0,0,5,15,1,1,1,4,0,13,1,2,2,E01034530,-1,0,0.03409,0.96591
2025010614727,2025,010614727,521858,185384,-0.24374,51.55419,1,3,2,1,10/12/2025,4,07:20,-1,E09000005,E09000005,E09000005,3,4088,6,20,-1,0,9,0,-1,-1,-1,-1,4,1,1,-1,-1,13,1,3,2,E01000512,3,1,0,1
2025010553846,2025,010553846,543681,179030,0.06824,51.49197,1,3,1,1,14/01/2025,3,05:30,-1,E09000011,E09000011,E09000011,3,206,3,30,-1,0,-1,0,-1,-1,-1,0,4,1,2,-1,-1,13,1,1,2,E01033737,3,1,0,1
2025311649166,2025,311649166,451650,324143,-1.23515,52.81237,31,3,2,1,01/10/2025,4,13:43,-1,E07000176,E10000024,E10000024,3,6006,6,50,-1,0,-1,6,0,-1,-1,0,1,1,1,-1,-1,13,2,1,2,E01028410,3,1,0,1
2025991544730,2025,991544730,260243,666329,-4.23507,55.8698,99,3,2,1,22/01/2025,4,07:15,-1,S12000049,S12000049,S12000049,1,8,7,30,-1,16,4,3,803,-1,-1,0,1,1,1,-1,-1,13,1,1,-1,-1,3,1,0,1
2025031556786,2025,031556786,339674,556080,-2.94214,54.89579,3,3,2,1,20/02/2025,5,10:45,-1,E06000063,E06000063,E06000063,3,595,3,30,-1,0,-1,6,0,-1,-1,0,1,9,1,-1,-1,13,1,3,2,E01019204,3,1,0,1
2025010560391,2025,010560391,533921,170149,-0.07562,51.41455,1,2,1,1,21/02/2025,6,22:50,-1,E09000006,E09000006,E09000006,5,0,6,30,-1,16,4,6,0,-1,-1,0,4,2,2,-1,-1,13,1,1,2,E01000741,6,1,1,0
2025010604811,2025,010604811,519151,178441,-0.28511,51.49237,1,3,2,1,21/10/2025,3,06:40,-1,E09000018,E09000018,E09000018,3,4,6,20,-1,13,4,6,0,-1,-1,0,1,1,2,-1,-1,13,1,1,2,E01034042,3,1,0,1
2025010591036,2025,010591036,530722,187425,-0.1152,51.57055,1,2,1,1,08/08/2025,6,14:10,-1,E09000019,E09000019,E09000019,3,1201,6,20,-1,17,2,5,0,-1,-1,15,1,1,1,-1,-1,13,1,1,2,E01002805,7,1,1,0
2025440405031,2025,440405031,449588,131076,-1.29354,51.07687,44,2,2,2,07/09/2025,1,08:41,-1,E07000094,E10000014,E10000014,1,3,3,50,-1,0,-1,0,-1,-1,-1,0,1,1,1,-1,-1,13,2,1,1,E01023236,7,1,1,0
2025311679007,2025,311679007,449103,354666,-1.26832,53.08696,31,3,2,1,22/09/2025,2,00:09,-1,E07000170,E10000024,E10000024,6,0,6,40,-1,0,-1,0,-1,-1,-1,0,7,2,2,-1,-1,13,2,1,2,E01027996,3,1,0,1
2025070022784,2025,070022784,359034,369440,-2.615,53.22042,7,3,2,1,09/01/2025,5,12:09,-1,E06000050,E06000050,E06000050,3,49,6,50,-1,0,-1,0,-1,-1,-1,0,1,1,2,-1,-1,13,2,2,2,E01018677,3,1,0,1
2025520600578,2025,520600578,332344,137624,-2.96832,51.13388,52,2,2,2,13/11/2025,5,11:57,-1,E06000066,E06000066,E06000066,1,5,3,70,-1,0,-1,0,-1,-1,-1,0,1,1,2,-1,-1,13,2,1,1,E01035115,6,1,1,0
2025201602971,2025,201602971,394252,292602,-2.08616,52.53125,20,3,2,1,15/06/2025,1,00:03,-1,E08000027,E08000027,E08000027,3,4123,3,40,-1,0,-1,3,457,-1,-1,15,4,1,1,-1,-1,13,1,1,2,E01009776,3,1,0,1
2025010554031,2025,010554031,546664,185766,0.11397,51.55173,1,3,1,3,15/01/2025,4,00:15,-1,E09000002,E09000002,E09000002,3,124,6,30,6,16,2,5,0,0,5,15,4,7,2,4,2,13,1,1,2,E01034471,-1,0,0,1
2025010563188,2025,010563188,540095,173849,0.01456,51.44631,1,3,2,2,10/03/2025,2,13:00,-1,E09000023,E09000023,E09000023,3,2212,3,30,-1,16,2,3,205,-1,-1,13,1,1,1,-1,-1,13,1,1,2,E01003280,3,1,0,1
2025010566263,2025,010566263,528727,161839,-0.15328,51.34107,1,3,3,1,27/03/2025,5,19:27,-1,E09000029,E09000029,E09000029,5,0,3,40,-1,0,-1,0,-1,-1,-1,0,4,1,1,-1,-1,13,1,1,2,E01004108,3,1,0,1
2025041580007,2025,041580007,388712,447725,-2.17338,53.92553,4,3,2,1,01/04/2025,3,17:55,-1,E07000122,E10000017,E10000017,4,6252,6,30,-1,19,4,6,0,-1,-1,0,1,1,1,-1,-1,13,1,1,2,E01025193,3,1,0,1
2025552500199,2025,552500199,404927,99646,-1.93146,50.79636,55,3,2,1,16/01/2025,5,15:13,-1,E06000059,E06000059,E06000059,4,3073,6,50,0,0,-1,0,-1,0,0,0,5,2,2,4,0,13,2,2,2,E01020407,-1,0,0.00952,0.99048
2025010568887,2025,010568887,533804,168275,-0.07801,51.39774,1,2,3,2,10/04/2025,5,15:35,-1,E09000008,E09000008,E09000008,3,213,6,30,0,0,-1,0,-1,0,0,0,1,1,1,4,2,13,1,1,2,E01001136,-1,0,1,0
2025332500184,2025,332500184,501290,306350,-0.50436,52.64544,33,2,1,1,26/02/2025,4,22:45,-1,E06000017,E06000017,E06000017,3,1,7,60,-1,-1,-1,-1,-1,-1,-1,0,6,1,1,-1,-1,13,2,1,1,E01013791,6,1,1,0
2025522600399,2025,522600399,353920,181546,-2.66568,51.53093,52,3,2,1,27/10/2025,2,10:15,-1,E06000023,E06000023,E06000023,6,0,6,40,-1,0,-1,0,-1,-1,-1,0,1,4,2,-1,-1,13,2,3,2,E01014498,3,1,0,1
2025471589467,2025,471589467,529138,108792,-0.16634,50.86422,47,3,2,1,13/05/2025,3,15:53,-1,E06000043,E06000043,E06000043,3,27,3,70,-1,0,-1,0,-1,-1,-1,0,1,1,1,-1,-1,13,2,1,1,E01016999,3,1,0,1
2025010576519,2025,010576519,505497,181299,-0.48086,51.52077,1,3,2,1,23/05/2025,6,10:58,-1,E09000017,E09000017,E09000017,3,408,6,30,-1,13,4,3,408,-1,-1,0,1,1,1,-1,-1,13,1,1,2,E01002413,3,1,0,1
2025451577499,2025,451577499,498747,145712,-0.58798,51.2021,45,2,4,2,27/01/2025,2,11:40,-1,E07000209,E10000030,E10000030,3,3100,6,40,-1,0,-1,0,-1,-1,-1,0,1,2,2,-1,-1,13,2,1,2,E01030478,7,1,1,0
2025622500614,2025,622500614,266960,198104,-3.92507,51.66592,62,2,1,1,07/04/2025,2,09:11,-1,W06000011,W06000011,W06000011,4,4603,6,20,0,0,-1,0,-1,0,0,0,1,1,1,4,0,13,1,1,-1,W01000812,-1,0,1,0
2025122500294,2025,122500294,435162,453509,-1.46539,53.97646,12,3,5,2,06/02/2025,5,17:10,-1,E06000065,E06000065,E06000065,3,661,6,60,0,0,-1,0,-1,0,0,0,1,1,2,4,0,13,2,1,2,E01027704,-1,0,0.04439,0.95561
2025201648961,2025,201648961,412238,286470,-1.82125,52.47602,20,3,1,1,01/10/2025,4,14:12,-1,E08000025,E08000025,E08000025,6,0,6,30,-1,0,-1,6,0,-1,-1,0,1,1,1,-1,-1,13,1,1,2,E01009513,3,1,0,1
2025010598444,2025,010598444,534853,184767,-0.05665,51.54569,1,3,1,1,19/09/2025,6,12:36,-1,E09000012,E09000012,E09000012,6,0,2,20,-1,13,4,6,0,-1,-1,0,1,1,1,-1,-1,13,1,1,2,E01001762,3,1,0,1
2025411572617,2025,411572617,525364,199946,-0.18799,51.68429,41,3,3,1,18/03/2025,3,10:10,-1,E07000098,E10000015,E10000015,1,25,3,50,-1,0,-1,0,-1,-1,-1,0,1,1,1,-1,-1,13,2,1,1,E01023576,3,1,0,1
2025610030825,2025,610030825,351815,213602,-2.70046,51.81895,61,3,2,1,12/07/2025,7,14:47,-1,W06000021,W06000021,W06000021,3,40,3,40,0,0,-1,0,-1,0,0,0,1,1,1,4,0,13,2,2,-1,W01001554,-1,0,0.01518,0.98482
2025522600383,2025,522600383,365727,178641,-2.4952,51.50565,52,3,3,1,19/10/2025,1,21:54,-1,E06000025,E06000025,E06000025,1,4,3,70,-1,0,-1,0,-1,-1,-1,0,6,1,2,-1,-1,13,2,3,1,E01014964,3,1,0,1
2025421681499,2025,421681499,544689,210066,0.09556,51.77058,42,2,1,2,11/12/2025,5,12:30,-1,E07000073,E10000012,E10000012,6,0,6,30,-1,0,-1,6,0,-1,-1,13,1,1,1,-1,-1,13,1,1,2,E01034366,7,1,1,0
2025041597440,2025,041597440,378363,424567,-2.32934,53.71706,4,3,3,1,27/05/2025,3,15:00,-1,E07000125,E10000017,E10000017,4,6236,6,30,-1,0,-1,6,0,-1,-1,0,1,1,1,-1,-1,13,1,2,2,E01025395,3,1,0,1
2025471573212,2025,471573212,529167,108819,-0.16592,50.86446,47,3,2,1,01/04/2025,3,14:20,-1,E06000043,E06000043,E06000043,3,27,3,70,-1,0,-1,0,-1,-1,-1,0,1,1,1,-1,-1,13,2,1,1,E01016999,3,1,0,1
2025541662913,2025,541662913,392694,159923,-2.10627,51.33835,54,3,3,1,31/10/2025,6,15:42,-1,E06000054,E06000054,E06000054,3,361,6,60,-1,0,-1,0,-1,-1,-1,0,1,1,2,-1,-1,13,2,1,2,E01031876,3,1,0,1
2025010559787,2025,010559787,528428,170006,-0.15462,51.41454,1,3,3,1,18/02/2025,3,07:56,-1,E09000024,E09000024,E09000024,3,216,6,20,-1,17,2,6,0,-1,-1,0,1,1,1,-1,-1,13,1,1,2,E01003395,3,1,0,1
2025302500202,2025,302500202,444968,359646,-1.32936,53.13209,30,3,2,1,13/02/2025,5,14:05,-1,E07000033,E10000007,E10000007,1,1,3,70,-1,0,-1,0,-1,-1,-1,0,1,1,1,-1,-1,13,2,3,1,E01019482,3,1,0,1
2025471569999,2025,471569999,581775,109303,0.58118,50.85467,47,3,2,1,25/03/2025,3,14:15,-1,E07000062,E10000011,E10000011,3,259,3,30,-1,0,-1,3,2101,-1,-1,0,1,1,1,-1,-1,13,1,2,2,E01020979,3,1,0,1
2025211639584,2025,211639584,424439,324377,-1.63883,52.81638,21,2,2,1,10/09/2025,4,08:45,-1,E07000193,E10000028,E10000028,3,511,6,30,-1,13,4,6,0,-1,-1,0,1,1,1,-1,-1,13,1,1,2,E01029427,7,1,1,0
2025371675928,2025,371675928,564313,248480,0.39805,52.11024,37,3,3,1,26/11/2025,4,19:30,-1,E07000245,E10000029,E10000029,6,0,6,60,-1,0,-1,0,-1,-1,-1,0,6,2,2,-1,-1,13,2,1,2,E01030151,3,1,0,1
2025631651949,2025,631651949,240995,220246,-4.31034,51.85808,63,3,1,1,07/10/2025,3,15:00,-1,W06000010,W06000010,W06000010,6,0,6,20,-1,19,4,6,0,-1,-1,0,1,1,1,-1,-1,13,1,2,-1,W01000641,3,1,0,1
2025421563029,2025,421563029,544638,210330,0.09493,51.77296,42,3,2,1,09/03/2025,1,21:44,-1,E07000073,E10000012,E10000012,3,1019,1,40,-1,-1,4,6,0,-1,-1,0,4,1,1,-1,-1,13,1,1,2,E01021843,3,1,0,1
2025231687009,2025,231687009,439124,293568,-1.4246,52.53857,23,3,3,1,29/10/2025,4,12:48,-1,E07000219,E10000031,E10000031,3,5,6,50,-1,0,-1,6,0,-1,-1,0,1,1,2,-1,-1,13,2,1,1,E01035019,3,1,0,1
2025991563649,2025,991563649,280362,659828,-3.91089,55.81684,99,2,3,1,05/03/2025,4,15:00,-1,S12000050,S12000050,S12000050,3,73,6,60,-1,0,-1,6,0,-1,-1,0,1,1,2,-1,-1,13,2,1,-1,-1,7,1,1,0
2025010564764,2025,010564764,520153,189695,-0.26685,51.5933,1,3,2,1,14/03/2025,6,21:01,-1,E09000005,E09000005,E09000005,5,0,6,30,-1,99,2,6,0,-1,-1,-1,4,1,1,-1,-1,13,1,3,2,E01033930,3,1,0,1
2025010575312,2025,010575312,538891,183258,0.00095,51.53115,1,3,2,1,16/05/2025,6,14:10,-1,E09000025,E09000025,E09000025,5,0,6,20,3,13,9,6,0,0,5,15,1,1,1,4,0,13,1,3,2,E01033586,-1,0,0,1
2025010571321,2025,010571321,528215,181486,-0.15352,51.51775,1,3,1,1,24/04/2025,5,14:15,-1,E09000033,E09000033,E09000033,5,0,6,20,-1,16,2,6,0,-1,-1,13,1,1,1,-1,-1,13,1,1,2,E01004714,3,1,0,1
2025991647873,2025,991647873,339017,672899,-2.97798,55.94525,99,3,1,1,25/09/2025,5,10:57,-1,S12000010,S12000010,S12000010,3,199,6,40,-1,0,-1,6,0,-1,-1,0,1,1,1,-1,-1,13,2,3,-1,-1,3,1,0,1
2025311552369,2025,311552369,455990,342560,-1.1676,52.97747,31,2,1,1,17/01/2025,6,15:30,-1,E06000018,E06000018,E06000018,4,682,6,30,-1,16,2,6,0,-1,-1,17,1,2,1,-1,-1,13,1,1,2,E01013840,7,1,1,0
2025070835033,2025,070835033,365579,373746,-2.51745,53.25959,7,3,3,1,10/10/2025,6,19:27,-1,E06000050,E06000050,E06000050,3,559,2,30,-1,18,4,6,0,-1,-1,0,4,1,2,-1,-1,13,1,1,2,E01035369,3,1,0,1
2025340WN3102,2025,340WN3102,475564,258000,-0.89542,52.21504,34,3,2,1,15/06/2025,1,14:15,-1,E06000062,E06000062,E06000062,3,508,1,40,-1,19,2,3,45,-1,-1,0,1,1,1,-1,-1,13,2,1,2,E01027159,3,1,0,1
2025010559080,2025,010559080,534077,175371,-0.0714,51.46144,1,2,2,1,13/02/2025,5,17:50,-1,E09000028,E09000028,E09000028,3,2214,6,20,-1,16,2,6,0,-1,-1,14,4,1,1,-1,-1,13,1,1,2,E01004065,7,1,1,0
2025501576772,2025,501576772,248871,53977,-4.12633,50.36624,50,2,2,1,11/04/2025,6,09:59,-1,E06000026,E06000026,E06000026,6,0,6,30,-1,0,-1,6,0,-1,-1,0,1,1,1,-1,-1,13,1,1,2,E01015182,7,1,1,0
2025070538362,2025,070538362,391457,368225,-2.12938,53.21102,7,3,1,1,01/07/2025,3,06:50,-1,E06000049,E06000049,E06000049,3,523,6,60,-1,0,-1,0,-1,-1,-1,0,1,1,1,-1,-1,13,2,1,2,E01018591,3,1,0,1
2025302502012,2025,302502012,403154,393830,-1.95399,53.44123,30,3,2,1,07/12/2025,1,00:42,-1,E07000037,E10000007,E10000007,6,0,6,30,-1,16,4,6,0,-1,-1,0,4,1,1,-1,-1,13,1,1,2,E01019738,3,1,0,1
2025522501469,2025,522501469,361364,184767,-2.55873,51.56045,52,3,2,2,24/05/2025,7,06:50,-1,E06000025,E06000025,E06000025,3,38,6,40,-1,13,4,6,0,-1,-1,0,6,2,2,-1,-1,13,1,1,2,E01014862,3,1,0,1
2025430480868,2025,430480868,471325,172271,-0.97509,51.44495,43,3,2,1,19/09/2025,6,15:15,-1,E06000038,E06000038,E06000038,3,33,3,40,-1,0,-1,0,-1,-1,-1,0,1,1,1,-1,-1,13,1,3,2,E01016388,3,1,0,1
2025010605453,2025,010605453,521972,188134,-0.24114,51.57888,1,3,2,1,24/10/2025,6,13:30,-1,E09000003,E09000003,E09000003,3,5,6,20,-1,13,4,3,504,-1,-1,16,1,1,1,-1,-1,13,1,1,2,E01000313,3,1,0,1
2025010558158,2025,010558158,535172,191649,-0.04941,51.60746,1,3,2,1,08/02/2025,7,07:16,-1,E09000010,E09000010,E09000010,3,1055,3,30,6,16,2,5,0,9,9,99,4,2,9,4,0,13,1,3,2,E01001559,-1,0,0,1
2025010561029,2025,010561029,527778,171122,-0.16356,51.42471,1,3,2,1,25/02/2025,3,18:00,-1,E09000032,E09000032,E09000032,3,217,6,30,-1,13,9,5,0,-1,-1,15,1,1,2,-1,-1,13,1,3,2,E01004528,3,1,0,1
2025501615282,2025,501615282,265908,129456,-3.91437,51.04876,50,3,2,1,12/07/2025,7,22:15,-1,E07000043,E10000008,E10000008,3,361,6,60,-1,0,-1,0,-1,-1,-1,0,7,1,1,-1,-1,13,2,1,2,E01020131,3,1,0,1
2025231584780,2025,231584780,438511,293924,-1.43359,52.54182,23,3,2,4,28/04/2025,2,17:21,-1,E07000219,E10000031,E10000031,3,5,6,30,-1,13,4,6,0,-1,-1,0,1,1,1,-1,-1,13,2,1,1,E01031111,3,1,0,1
2025991572366,2025,991572366,235331,653865,-4.62521,55.75006,99,3,2,1,01/04/2025,3,16:00,-1,S12000021,S12000021,S12000021,3,737,6,50,-1,16,3,4,777,-1,-1,0,1,1,1,-1,-1,13,1,1,-1,-1,3,1,0,1
2025302502068,2025,302502068,433420,338853,-1.50409,52.94603,30,3,2,1,27/07/2025,1,15:25,-1,E06000015,E06000015,E06000015,5,0,6,30,-1,0,-1,0,-1,-1,-1,0,1,1,1,-1,-1,13,1,1,2,E01013468,3,1,0,1
2025061630066,2025,061630066,379189,403937,-2.31543,53.53167,6,3,2,1,17/08/2025,1,02:35,-1,E08000002,E08000002,E08000002,1,60,3,70,-1,0,-1,0,-1,-1,-1,0,7,1,1,-1,-1,13,2,1,1,E01004985,3,1,0,1
2025201587457,2025,201587457,418756,279814,-1.72566,52.416,20,2,2,1,08/05/2025,5,19:10,-1,E08000029,E08000029,E08000029,1,42,3,50,-1,0,-1,0,-1,-1,-1,0,1,1,1,-1,-1,13,2,1,1,E01010115,7,1,1,0
2025421648440,2025,421648440,563692,222003,0.37636,51.87258,42,3,3,1,30/09/2025,3,10:44,-1,E07000077,E10000012,E10000012,6,0,6,60,-1,13,4,4,1256,-1,-1,0,1,1,1,-1,-1,13,2,1,2,E01022069,3,1,0,1
2025122501144,2025,122501144,463359,433090,-1.03974,53.79028,12,2,2,2,28/07/2025,2,13:03,-1,E06000065,E06000065,E06000065,3,63,6,60,0,0,-1,0,-1,0,0,0,1,1,1,4,0,13,2,1,2,E01027897,-1,0,1,0
2025010593727,2025,010593727,537408,177114,-0.02281,51.47631,1,3,2,1,25/08/2025,2,12:25,-1,E09000023,E09000023,E09000023,3,2209,3,20,-1,99,2,6,0,-1,-1,-1,1,1,1,-1,-1,13,1,3,2,E01032579,3,1,0,1
2025501643578,2025,501643578,303024,110179,-3.37991,50.88294,50,2,3,1,18/09/2025,5,21:51,-1,E07000042,E10000008,E10000008,1,5,3,70,-1,0,-1,0,-1,-1,-1,0,6,2,2,-1,-1,13,2,1,1,E01020062,5,1,1,0
2025041565174,2025,041565174,353578,430511,-2.70577,53.76886,4,3,3,1,14/03/2025,6,21:15,-1,E07000123,E10000017,E10000017,6,0,6,30,-1,13,4,6,0,-1,-1,0,4,1,1,-1,-1,13,1,1,2,E01025275,3,1,0,1
2025451554621,2025,451554621,508042,159271,-0.4509,51.32229,45,2,3,2,14/02/2025,6,18:50,-1,E07000209,E10000030,E10000030,1,25,3,70,-1,0,-1,0,-1,-1,-1,0,1,1,1,-1,-1,13,2,1,1,E01030458,6,1,1,0
2025991655854,2025,991655854,260823,665032,-4.22514,55.85832,99,2,3,3,17/10/2025,6,18:36,-1,S12000049,S12000049,S12000049,6,0,6,30,-1,0,-1,6,0,-1,-1,14,4,1,1,-1,-1,13,1,1,-1,-1,7,1,1,0
2025340WN3882,2025,340WN3882,475571,257930,-0.89533,52.21441,34,3,2,1,14/07/2025,2,14:33,-1,E06000062,E06000062,E06000062,3,508,1,40,-1,19,2,3,45,-1,-1,0,1,1,1,-1,-1,13,2,1,2,E01027164,3,1,0,1
2025010605305,2025,010605305,527246,181506,-0.16747,51.51815,1,3,2,1,23/10/2025,5,16:37,-1,E09000033,E09000033,E09000033,3,5,3,20,-1,16,2,3,4209,-1,-1,15,1,5,2,-1,-1,13,1,1,2,E01004661,3,1,0,1
2025461609020,2025,461609020,558220,138504,0.25953,51.12397,46,3,1,1,28/06/2025,7,03:34,-1,E07000116,E10000016,E10000016,3,267,6,30,-1,13,3,6,0,-1,-1,0,1,1,1,-1,-1,13,1,1,2,E01024817,3,1,0,1
2025231658161,2025,231658161,418467,292076,-1.72923,52.52625,23,3,2,1,19/10/2025,1,19:15,-1,E07000218,E10000031,E10000031,1,42,3,70,-1,0,-1,0,-1,-1,-1,0,7,1,2,-1,-1,13,2,3,1,E01031023,3,1,0,1
2025501674472,2025,501674472,175029,47313,-5.15922,50.2828,50,1,2,2,18/11/2025,3,13:55,-1,E06000052,E06000052,E06000052,3,390,6,40,-1,0,-1,0,-1,-1,-1,0,1,2,2,-1,-1,13,2,1,2,E01018843,1,1,0,0
2025041606350,2025,041606350,333404,442301,-3.01435,53.87262,4,3,2,1,21/06/2025,7,23:34,-1,E07000128,E10000017,E10000017,4,5412,6,30,-1,19,4,6,0,-1,-1,0,4,1,1,-1,-1,13,1,1,2,E01025576,3,1,0,1
2025311581931,2025,311581931,457895,344383,-1.13891,52.99366,31,3,1,1,24/04/2025,5,12:05,-1,E07000173,E10000024,E10000024,3,60,6,30,-1,0,-1,3,6211,-1,-1,14,1,1,1,-1,-1,13,1,3,2,E01028176,3,1,0,1
2025231624487,2025,231624487,426080,262386,-1.61933,52.25903,23,3,2,1,29/06/2025,1,11:20,-1,E07000222,E10000031,E10000031,3,46,3,40,-1,-1,4,3,46,-1,-1,0,1,1,1,-1,-1,13,2,1,1,E01033255,3,1,0,1
2025231633813,2025,231633813,419916,286654,-1.7082,52.47745,23,3,2,2,14/08/2025,5,10:14,-1,E07000218,E10000031,E10000031,1,6,7,70,-1,0,-1,3,446,-1,-1,0,1,1,1,-1,-1,13,2,1,1,E01031022,3,1,0,1
2025610027725,2025,610027725,329433,199683,-3.02229,51.69145,61,3,2,1,30/06/2025,2,20:48,-1,W06000020,W06000020,W06000020,3,4042,3,40,0,0,-1,0,-1,0,0,0,1,1,1,4,0,13,1,1,-1,W01001515,-1,0,0.04373,0.95627
2025161623607,2025,161623607,515723,466242,-0.23268,54.07911,16,3,2,3,29/07/2025,3,15:00,-1,E06000011,E06000011,E06000011,3,165,6,40,-1,0,-1,6,0,-1,-1,0,1,1,1,-1,-1,13,2,3,2,E01012946,3,1,0,1
2025340WN6942,2025,340WN6942,473795,279704,-0.91656,52.41037,34,3,4,2,03/12/2025,4,15:49,-1,E06000062,E06000062,E06000062,3,508,6,60,-1,0,-1,0,-1,-1,-1,0,1,1,1,-1,-1,13,2,1,2,E01027005,3,1,0,1
2025010597833,2025,010597833,528980,184860,-0.14126,51.5479,1,3,1,1,09/09/2025,3,19:30,-1,E09000007,E09000007,E09000007,3,400,6,20,-1,99,9,6,0,-1,-1,-1,1,1,1,-1,-1,13,1,3,2,E01000870,3,1,0,1
2025010572396,2025,010572396,543835,182695,0.07195,51.52486,1,3,3,1,01/05/2025,5,02:05,-1,E09000025,E09000025,E09000025,3,13,3,50,-1,0,4,0,-1,-1,-1,0,4,1,1,-1,-1,13,2,1,2,E01003535,3,1,0,1
2025461566917,2025,461566917,576390,154947,0.52699,51.26638,46,3,2,1,19/03/2025,4,19:25,-1,E07000110,E10000016,E10000016,3,229,6,30,-1,19,4,6,0,-1,-1,0,4,1,1,-1,-1,13,1,1,2,E01024372,3,1,0,1
2025451543022,2025,451543022,508071,159364,-0.45045,51.32312,45,3,2,2,09/01/2025,5,12:00,-1,E07000209,E10000030,E10000030,3,3,7,30,-1,0,-1,0,-1,-1,-1,0,1,1,1,-1,-1,13,2,1,1,E01030458,3,1,0,1
2025351588689,2025,351588689,516294,297614,-0.28577,52.56394,35,3,2,1,15/04/2025,3,17:00,-1,E06000031,E06000031,E06000031,6,0,1,40,-1,0,-1,3,1179,-1,-1,0,1,1,1,-1,-1,13,2,1,2,E01015689,3,1,0,1
2025131594581,2025,131594581,413921,423026,-1.79061,53.70348,13,3,2,1,25/05/2025,1,10:45,-1,E08000033,E08000033,E08000033,3,6025,6,20,-1,0,-1,6,0,-1,-1,0,1,1,1,-1,-1,13,1,2,2,E01010949,3,1,0,1
2025302501569,2025,302501569,452079,369283,-1.22152,53.21806,30,3,2,1,26/08/2025,3,17:00,-1,E07000033,E10000007,E10000007,5,0,6,40,-1,0,-1,0,-1,-1,-1,0,1,1,1,-1,-1,13,2,1,2,E01019506,3,1,0,1
2025211620553,2025,211620553,395367,347067,-2.07052,53.02088,21,3,1,2,24/07/2025,5,23:09,-1,E07000198,E10000028,E10000028,3,520,6,60,-1,0,-1,0,-1,-1,-1,0,6,1,1,-1,-1,13,2,1,2,E01029778,3,1,0,1
2025610034225,2025,610034225,314887,188716,-3.23001,51.59084,61,2,2,1,06/08/2025,4,14:38,-1,W06000018,W06000018,W06000018,3,468,6,40,0,0,-1,0,-1,0,0,0,1,1,1,4,0,13,1,1,-1,W01001393,-1,0,1,0
2025631584691,2025,631584691,324134,260038,-3.11229,52.23329,63,2,2,2,01/05/2025,5,15:55,-1,W06000023,W06000023,W06000023,3,44,6,60,-1,0,-1,0,-1,-1,-1,0,1,1,1,-1,-1,13,2,1,-1,W01000484,5,1,1,0
2025221594754,2025,221594754,368149,302988,-2.47195,52.62371,22,3,2,1,26/05/2025,2,11:25,-1,E06000020,E06000020,E06000020,4,4373,6,30,-1,0,-1,6,0,-1,-1,0,1,1,2,-1,-1,13,1,1,2,E01014148,3,1,0,1
2025340WN1682,2025,340WN1682,473091,266309,-0.92982,52.29006,34,3,2,1,01/04/2025,3,15:26,-1,E06000062,E06000062,E06000062,5,0,6,30,-1,0,-1,0,-1,-1,-1,0,1,1,1,-1,-1,13,2,1,2,E01026998,3,1,0,1
2025131541649,2025,131541649,418844,436333,-1.71523,53.82293,13,2,1,3,15/01/2025,4,02:22,-1,E08000032,E08000032,E08000032,3,658,6,30,-1,13,4,6,0,-1,-1,17,4,1,2,-1,-1,13,1,1,2,E01010649,6,1,1,0
2025010565853,2025,010565853,536196,176925,-0.04032,51.4749,1,3,2,1,25/03/2025,3,13:10,-1,E09000023,E09000023,E09000023,3,2,6,20,-1,13,2,6,0,-1,-1,14,1,1,1,-1,-1,13,1,1,2,E01003303,3,1,0,1
2025440445094,2025,440445094,472094,104062,-0.97766,50.83161,44,3,2,1,01/10/2025,4,22:25,-1,E07000090,E10000014,E10000014,3,3023,6,40,-1,13,4,6,0,-1,-1,0,4,1,1,-1,-1,13,2,1,2,E01022943,3,1,0,1
2025231663275,2025,231663275,449047,275674,-1.28093,52.37692,23,3,1,1,24/10/2025,6,08:12,-1,E07000220,E10000031,E10000031,3,4071,6,30,-1,0,-1,0,-1,-1,-1,14,1,1,1,-1,-1,13,1,1,2,E01031168,3,1,0,1
2025991612736,2025,991612736,272272,660417,-4.04019,55.82006,99,3,2,1,25/06/2025,4,10:02,-1,S12000050,S12000050,S12000050,3,725,7,30,-1,-1,4,3,721,-1,-1,0,1,1,1,-1,-1,13,1,2,-1,-1,3,1,0,1
2025622500057,2025,622500057,294471,206147,-3.52989,51.74405,62,2,2,1,10/01/2025,6,21:39,-1,W06000016,W06000016,W06000016,3,465,3,50,0,0,-1,0,-1,0,0,0,6,1,1,4,0,13,2,1,-1,W01001187,-1,0,1,0
2025010608539,2025,010608539,525558,181137,-0.19191,51.51521,1,2,1,1,10/11/2025,2,10:24,-1,E09000033,E09000033,E09000033,6,0,6,20,-1,13,4,6,0,-1,-1,14,1,2,2,-1,-1,13,1,1,2,E01004699,5,1,1,0
2025340NN3482,2025,340NN3482,486209,280674,-0.73385,52.41728,34,2,3,1,26/08/2025,3,12:10,-1,E06000061,E06000061,E06000061,3,43,3,60,-1,0,-1,0,-1,-1,-1,16,1,1,1,-1,-1,13,2,1,2,E01027090,7,1,1,0
2025010559758,2025,010559758,531821,182895,-0.10105,51.52959,1,3,2,1,17/02/2025,2,14:33,-1,E09000019,E09000019,E09000019,6,0,6,20,-1,18,4,6,0,-1,-1,0,1,1,1,-1,-1,13,1,1,2,E01002707,3,1,0,1
2025010588954,2025,010588954,531236,173662,-0.11291,51.44675,1,3,2,1,27/07/2025,1,02:30,-1,E09000022,E09000022,E09000022,3,204,6,20,-1,16,2,6,0,-1,-1,0,4,1,1,-1,-1,13,1,1,2,E01003175,3,1,0,1
2025122500228,2025,122500228,430823,466294,-1.53025,54.09163,12,3,1,1,16/01/2025,5,13:20,-1,E06000065,E06000065,E06000065,3,61,6,60,6,16,4,6,0,0,0,0,1,1,1,4,2,13,2,1,2,E01027642,-1,0,0.06098,0.93902
2025010555380,2025,010555380,521972,183485,-0.24276,51.5371,1,3,2,1,22/01/2025,4,17:30,-1,E09000005,E09000005,E09000005,3,4000,9,30,7,17,2,6,0,0,9,0,4,1,2,4,9,13,1,3,2,E01000533,-1,0,0,1
2025991683074,2025,991683074,325939,673655,-3.18754,55.9502,99,2,1,2,15/12/2025,2,00:08,-1,S12000036,S12000036,S12000036,3,7,6,20,-1,19,2,6,0,-1,-1,14,4,1,2,-1,-1,13,1,1,-1,-1,5,1,1,0
2025340NN3082,2025,340NN3082,491624,289498,-0.65184,52.4957,34,3,2,1,30/07/2025,4,06:30,-1,E06000061,E06000061,E06000061,3,427,1,30,-1,19,1,3,43,-1,-1,0,1,2,2,-1,-1,13,2,1,2,E01035398,3,1,0,1
2025201621269,2025,201621269,400026,296896,-2.00105,52.56989,20,3,2,1,26/07/2025,7,23:27,-1,E08000030,E08000030,E08000030,3,4148,3,30,-1,0,-1,3,4148,-1,-1,14,4,1,1,-1,-1,13,1,1,2,E01010361,3,1,0,1
2025010556929,2025,010556929,538321,184315,-0.00685,51.54079,1,3,2,2,31/01/2025,6,17:45,-1,E09000025,E09000025,E09000025,6,0,6,20,0,0,-1,0,-1,0,5,15,4,1,2,4,0,13,2,3,2,E01034220,-1,0,0,1
2025010579866,2025,010579866,529025,180354,-0.14226,51.5074,1,2,2,1,11/06/2025,4,01:51,-1,E09000033,E09000033,E09000033,3,4,2,20,-1,13,2,3,4,-1,-1,15,4,1,1,-1,-1,13,1,1,2,E01004761,5,1,1,0
2025041540512,2025,041540512,350327,436145,-2.75599,53.8192,4,3,1,1,02/01/2025,5,09:47,-1,E07000123,E10000017,E10000017,6,0,6,50,-1,0,-1,6,0,-1,-1,0,1,1,2,-1,-1,13,2,2,2,E01025281,3,1,0,1
2025332500553,2025,332500553,453410,320458,-1.20964,52.77907,33,3,2,1,05/06/2025,5,16:40,-1,E07000130,E10000018,E10000018,3,6004,6,30,-1,13,2,6,0,-1,-1,15,1,1,1,-1,-1,13,1,1,2,E01025704,3,1,0,1
2025361618170,2025,361618170,573228,296803,0.55298,52.54152,36,2,2,2,18/07/2025,6,22:45,-1,E07000146,E10000020,E10000020,4,1112,6,60,-1,0,-1,4,1112,-1,-1,0,6,8,1,-1,-1,13,2,1,2,E01026651,7,1,1,0
2025211638304,2025,211638304,392558,344188,-2.11232,52.99497,21,2,2,3,06/09/2025,7,17:16,-1,E06000021,E06000021,E06000021,3,5272,3,40,-1,0,-1,6,0,-1,-1,0,1,1,1,-1,-1,13,2,1,2,E01014362,7,1,1,0
2025031550848,2025,031550848,327812,547283,-3.12485,54.81518,3,3,3,4,05/02/2025,4,12:39,-1,E06000063,E06000063,E06000063,3,595,6,60,-1,0,-1,0,-1,-1,-1,0,1,1,1,-1,-1,13,2,1,2,E01019131,3,1,0,1
2025010599481,2025,010599481,526598,184552,-0.17571,51.54567,1,3,2,1,24/09/2025,4,07:40,-1,E09000007,E09000007,E09000007,4,511,6,20,-1,13,9,5,0,-1,-1,-1,1,9,1,-1,-1,13,1,3,2,E01000883,3,1,0,1
2025010559876,2025,010559876,531160,158117,-0.11973,51.30707,1,2,1,1,17/02/2025,2,14:40,-1,E09000008,E09000008,E09000008,4,2030,6,30,-1,13,4,6,0,-1,-1,13,1,1,1,-1,-1,13,1,3,2,E01001018,7,1,1,0
2025010607480,2025,010607480,519485,179727,-0.27987,51.50386,1,3,2,1,04/11/2025,3,13:31,-1,E09000009,E09000009,E09000009,3,4000,6,20,-1,19,4,6,0,-1,-1,15,1,1,1,-1,-1,13,1,1,2,E01001353,3,1,0,1
2025421542681,2025,421542681,556858,192505,0.26389,51.60953,42,3,4,1,16/01/2025,5,18:45,-1,E07000068,E10000012,E10000012,3,12,3,70,-1,0,-1,0,-1,-1,-1,0,4,1,1,-1,-1,13,2,1,1,E01021468,3,1,0,1
2025421634124,2025,421634124,570094,187946,0.45265,51.56474,42,2,2,1,27/08/2025,4,22:04,-1,E07000066,E10000012,E10000012,3,176,6,40,-1,13,4,6,0,-1,-1,0,4,1,1,-1,-1,13,1,1,2,E01021297,7,1,1,0
2025041608933,2025,041608933,348173,456350,-2.79214,54.00057,4,3,1,1,28/06/2025,7,18:10,-1,E07000121,E10000017,E10000017,3,6,6,40,-1,0,-1,6,0,-1,-1,0,1,1,1,-1,-1,13,2,1,2,E01025105,3,1,0,1
2025221634037,2025,221634037,366963,256094,-2.48482,52.20208,22,3,1,1,26/08/2025,3,14:15,-1,E06000019,E06000019,E06000019,6,0,6,60,-1,13,4,4,4203,-1,-1,0,1,1,1,-1,-1,13,2,3,2,E01014000,3,1,0,1
2025340WN4782,2025,340WN4782,475329,252988,-0.89997,52.17002,34,3,2,1,08/08/2025,6,11:52,-1,E06000062,E06000062,E06000062,3,508,6,60,-1,0,-1,0,-1,-1,-1,0,1,1,1,-1,-1,13,2,3,2,E01032985,3,1,0,1
2025201650476,2025,201650476,399018,296185,-2.01592,52.5635,20,2,1,1,04/10/2025,7,17:20,-1,E08000028,E08000028,E08000028,4,4200,1,20,-1,0,-1,0,-1,-1,-1,0,1,1,1,-1,-1,13,1,1,2,E01010087,7,1,1,0
2025461586594,2025,461586594,617734,134885,1.10663,51.07197,46,2,1,1,07/05/2025,4,07:00,-1,E07000112,E10000016,E10000016,3,259,6,30,-1,0,-1,6,0,-1,-1,0,1,1,1,-1,-1,13,1,1,2,E01024526,7,1,1,0
2025622500238,2025,622500238,309591,179600,-3.30409,51.50807,62,3,2,4,02/04/2025,4,00:26,-1,W06000015,W06000015,W06000015,1,4,3,70,0,0,-1,0,-1,0,0,0,6,1,1,4,0,13,2,1,-1,W01001729,-1,0,0.19717,0.80283
2025552500198,2025,552500198,384574,125012,-2.22132,51.02427,55,3,2,1,19/01/2025,1,15:15,-1,E06000059,E06000059,E06000059,5,0,6,60,0,0,-1,0,-1,0,0,0,1,1,1,4,0,13,2,2,2,E01033158,-1,0,0.00987,0.99013
2025340NN0692,2025,340NN0692,487618,290808,-0.71048,52.50814,34,3,2,1,12/02/2025,4,13:42,-1,E06000061,E06000061,E06000061,3,6116,6,40,-1,0,-1,0,-1,-1,-1,0,1,2,2,-1,-1,13,2,1,2,E01026982,3,1,0,1
2025010561545,2025,010561545,540887,174214,0.0261,51.44939,1,2,3,1,28/02/2025,6,20:02,-1,E09000011,E09000011,E09000011,3,205,3,40,-1,0,-1,0,-1,-1,-1,0,4,1,1,-1,-1,13,1,1,2,E01001660,5,1,1,0
2025010611601,2025,010611601,528285,189833,-0.14947,51.59275,1,3,1,1,25/11/2025,3,14:21,-1,E09000014,E09000014,E09000014,6,0,6,20,-1,0,-1,0,-1,-1,-1,0,1,8,2,-1,-1,13,1,1,2,E01001996,3,1,0,1
2025461564063,2025,461564063,572820,158451,0.47756,51.29895,46,3,2,1,07/03/2025,6,17:40,-1,E07000115,E10000016,E10000016,1,20,3,50,-1,0,-1,1,20,-1,-1,0,1,1,1,-1,-1,13,2,3,1,E01024719,3,1,0,1
2025430316983,2025,430316983,437711,209657,-1.45472,51.78431,43,3,1,2,25/06/2025,4,19:39,-1,E07000181,E10000025,E10000025,3,40,3,70,0,0,-1,0,-1,0,0,0,1,1,1,4,0,13,2,1,2,E01028787,-1,0,0.09608,0.90392
2025010575976,2025,010575976,527137,177154,-0.17061,51.47906,1,2,2,1,19/05/2025,2,17:30,-1,E09000032,E09000032,E09000032,3,3220,6,20,-1,13,4,5,0,-1,-1,15,1,1,1,-1,-1,13,1,3,2,E01004583,7,1,1,0
2025461582396,2025,461582396,602672,160239,0.90623,51.30517,46,3,3,2,26/04/2025,7,14:25,-1,E07000113,E10000016,E10000016,3,2,6,50,-1,0,-1,6,0,-1,-1,0,1,1,1,-1,-1,13,2,1,2,E01024625,3,1,0,1
2025430263047,2025,430263047,428233,206654,-1.59236,51.75787,43,3,2,1,28/05/2025,4,23:45,-1,E07000181,E10000025,E10000025,6,0,6,20,3,13,4,6,0,0,0,0,4,2,2,4,0,13,1,3,2,E01028774,-1,0,0.02023,0.97977
2025451555627,2025,451555627,506126,157329,-0.47896,51.3052,45,3,2,1,18/02/2025,3,13:00,-1,E07000209,E10000030,E10000030,3,3,3,70,-1,0,-1,0,-1,-1,-1,0,1,1,1,-1,-1,13,2,1,1,E01030458,3,1,0,1
2025052501845,2025,052501845,334844,392086,-2.9819,53.42153,5,2,1,1,06/10/2025,2,17:30,-1,E08000012,E08000012,E08000012,3,59,3,30,0,0,-1,0,-1,0,5,15,1,1,1,4,0,13,1,1,2,E01034400,-1,0,1,0
2025201593361,2025,201593361,399131,298076,-2.01426,52.5805,20,3,2,1,18/05/2025,1,21:12,-1,E08000030,E08000030,E08000030,1,6,7,60,-1,0,-1,1,6,-1,-1,0,4,1,1,-1,-1,13,2,3,1,E01010261,3,1,0,1
2025991574188,2025,991574188,278415,661659,-3.94276,55.8328,99,2,4,1,05/04/2025,7,17:16,-1,S12000050,S12000050,S12000050,1,8,3,70,-1,0,-1,0,-1,-1,-1,0,1,1,1,-1,-1,13,2,1,-1,-1,6,1,1,0
2025010556379,2025,010556379,538272,175373,-0.01106,51.46045,1,3,2,1,22/01/2025,4,06:47,-1,E09000023,E09000023,E09000023,3,21,2,20,-1,19,4,6,0,-1,-1,-1,4,1,2,-1,-1,13,1,3,2,E01033327,3,1,0,1
2025430657231,2025,430657231,482063,247024,-0.80297,52.11546,43,2,1,1,29/12/2025,2,17:44,-1,E06000042,E06000042,E06000042,6,0,6,60,-1,0,-1,0,-1,-1,-1,0,6,1,1,-1,-1,13,2,1,2,E01016761,7,1,1,0
2025111655574,2025,111655574,426070,551796,-1.5954,54.86028,11,3,2,1,15/10/2025,4,09:35,-1,E06000047,E06000047,E06000047,4,6313,6,30,-1,0,-1,0,-1,-1,-1,0,1,1,1,-1,-1,13,2,3,2,E01020618,3,1,0,1
2025231598890,2025,231598890,435654,292339,-1.47589,52.52776,23,3,1,1,22/05/2025,5,14:00,-1,E07000219,E10000031,E10000031,4,4114,6,30,-1,0,-1,6,0,-1,-1,0,1,1,1,-1,-1,13,1,1,2,E01031043,3,1,0,1
2025501588175,2025,501588175,250169,61520,-4.1111,50.43436,50,3,2,1,10/05/2025,7,12:15,-1,E06000026,E06000026,E06000026,3,386,3,30,-1,0,-1,0,-1,-1,-1,0,1,1,1,-1,-1,13,1,3,2,E01015164,3,1,0,1
2025201653704,2025,201653704,398267,301802,-2.02703,52.61399,20,2,3,2,12/10/2025,1,23:58,-1,E08000030,E08000030,E08000030,1,6,3,70,-1,0,-1,0,-1,-1,-1,0,4,1,2,-1,-1,13,2,1,1,E01010291,6,1,1,0
2025010581033,2025,010581033,535062,171646,-0.05865,51.42773,1,3,2,1,16/06/2025,2,16:40,-1,E09000023,E09000023,E09000023,3,212,6,20,-1,13,4,6,0,-1,-1,0,1,1,1,-1,-1,13,1,1,2,E01003334,3,1,0,1
2025522500502,2025,522500502,358538,172977,-2.5981,51.45425,52,3,1,1,18/01/2025,7,17:30,-1,E06000023,E06000023,E06000023,6,0,6,20,-1,-1,4,4,4051,-1,-1,0,4,1,1,-1,-1,13,1,1,2,E01033909,3,1,0,1
2025010567700,2025,010567700,534832,162435,-0.06545,51.34501,1,3,2,1,04/04/2025,6,08:40,-1,E09000008,E09000008,E09000008,5,0,6,30,-1,17,4,6,0,-1,-1,0,1,1,1,-1,-1,13,1,1,2,E01001125,3,1,0,1
2025461623970,2025,461623970,554506,170674,0.22039,51.41404,46,3,2,4,01/08/2025,6,23:33,-1,E07000107,E10000016,E10000016,1,25,3,70,-1,0,-1,0,-1,-1,-1,0,4,1,1,-1,-1,13,2,1,1,E01024173,3,1,0,1
2025041609174,2025,041609174,331177,436803,-3.04698,53.82292,4,2,1,1,29/06/2025,1,14:50,-1,E06000009,E06000009,E06000009,3,586,3,30,-1,0,-1,6,0,-1,-1,0,1,1,1,-1,-1,13,1,2,2,E01012679,7,1,1,0
2025010572568,2025,010572568,538357,189996,-0.0041,51.59183,1,3,3,3,01/05/2025,5,20:30,-1,E09000031,E09000031,E09000031,3,503,3,20,6,16,2,6,0,0,0,0,4,1,1,4,2,13,1,1,2,E01004469,-1,0,0,1
2025161558125,2025,161558125,508874,428138,-0.35085,53.73827,16,3,2,1,25/02/2025,3,10:10,-1,E06000010,E06000010,E06000010,3,63,3,40,-1,0,-1,3,63,-1,-1,0,1,1,1,-1,-1,13,1,1,1,E01012854,3,1,0,1
2025010613884,2025,010613884,521244,182323,-0.25365,51.52681,1,2,2,1,06/12/2025,7,12:57,-1,E09000009,E09000009,E09000009,3,4000,6,20,-1,13,4,6,0,-1,-1,0,1,2,2,-1,-1,13,1,1,2,E01001239,7,1,1,0
2025010611339,2025,010611339,530350,172846,-0.12595,51.43962,1,2,2,1,24/11/2025,2,09:50,-1,E09000022,E09000022,E09000022,3,23,6,20,-1,13,4,6,0,-1,-1,0,1,1,2,-1,-1,13,1,1,2,E01003130,7,1,1,0
202560C037996,2025,60C037996,303321,382387,-3.45314,53.32953,60,3,1,1,18/03/2025,3,17:50,-1,W06000004,W06000004,W06000004,3,548,6,40,0,0,-1,0,-1,0,0,0,1,1,1,4,0,13,1,1,-1,W01000228,-1,0,0.05394,0.94606
2025041597656,2025,041597656,367266,430187,-2.49808,53.76699,4,3,2,1,02/06/2025,2,15:55,-1,E06000008,E06000008,E06000008,3,6119,3,50,-1,0,-1,6,0,-1,-1,0,1,1,1,-1,-1,13,1,1,2,E01012583,3,1,0,1
2025161600840,2025,161600840,508746,432885,-0.35112,53.78094,16,3,2,1,10/06/2025,3,08:45,-1,E06000010,E06000010,E06000010,6,0,6,30,-1,0,-1,6,0,-1,-1,15,1,1,1,-1,-1,13,1,3,2,E01012766,3,1,0,1
2025041548412,2025,041548412,352359,421865,-2.72292,53.69105,4,3,1,1,30/01/2025,5,10:08,-1,E07000126,E10000017,E10000017,4,5253,6,50,-1,16,2,4,5248,-1,-1,15,1,1,2,-1,-1,13,1,1,2,E01025459,3,1,0,1
2025361680352,2025,361680352,637979,309914,1.51552,52.63475,36,2,3,4,09/12/2025,3,09:20,-1,E07000144,E10000020,E10000020,3,47,6,60,-1,0,-1,0,-1,-1,-1,0,1,2,2,-1,-1,13,2,1,1,E01026498,7,1,1,0
2025991559481,2025,991559481,208642,582291,-5.00068,55.09802,99,2,4,4,19/01/2025,1,10:20,-1,S12000028,S12000028,S12000028,3,77,6,30,-1,0,-1,6,0,-1,-1,0,1,1,1,-1,-1,13,2,1,-1,-1,5,1,1,0
2025340WN2842,2025,340WN2842,475691,257879,-0.89359,52.21394,34,3,2,2,23/05/2025,6,11:05,-1,E06000062,E06000062,E06000062,3,45,1,40,-1,19,2,4,526,-1,-1,0,1,1,1,-1,-1,13,2,3,1,E01027201,3,1,0,1
2025201626553,2025,201626553,403194,286741,-1.9544,52.47859,20,3,2,2,08/08/2025,6,17:40,-1,E08000025,E08000025,E08000025,3,4040,6,30,-1,16,2,4,4125,-1,-1,15,1,1,1,-1,-1,13,1,1,2,E01009145,3,1,0,1
2025131651988,2025,131651988,429444,418224,-1.55593,53.65968,13,3,4,1,07/10/2025,3,16:33,-1,E08000036,E08000036,E08000036,4,6128,6,30,-1,13,4,6,0,-1,-1,13,1,1,1,-1,-1,13,1,2,2,E01011798,3,1,0,1
2025010610878,2025,010610878,535320,191840,-0.0472,51.60914,1,3,2,1,21/11/2025,6,21:11,-1,E09000010,E09000010,E09000010,6,0,2,30,-1,0,-1,0,-1,-1,-1,0,4,1,1,-1,-1,13,1,1,2,E01001559,3,1,0,1
2025440067098,2025,440067098,433528,118580,-1.52392,50.96567,44,3,2,2,13/02/2025,5,11:05,-1,E07000093,E10000014,E10000014,3,3090,3,60,6,16,4,6,0,0,0,0,1,1,1,4,0,13,2,1,2,E01035452,-1,0,0,1
2025430544153,2025,430544153,456219,202561,-1.18759,51.71897,43,3,2,1,24/10/2025,6,18:14,-1,E07000178,E10000025,E10000025,6,0,6,40,-1,0,-1,0,-1,-1,-1,0,4,2,2,-1,-1,13,2,1,2,E01028517,3,1,0,1
2025221690354,2025,221690354,403431,272358,-1.95105,52.34928,22,2,2,1,22/12/2025,2,09:55,-1,E07000234,E10000034,E10000034,3,441,3,70,-1,0,-1,0,-1,-1,-1,0,1,1,2,-1,-1,13,2,1,2,E01032122,6,1,1,0
2025340NN2342,2025,340NN2342,488538,288234,-0.69761,52.48485,34,3,2,1,02/06/2025,2,19:12,-1,E06000061,E06000061,E06000061,3,427,1,30,-1,19,4,3,6014,-1,-1,14,1,1,1,-1,-1,13,1,3,2,E01026950,3,1,0,1
2025101609918,2025,101609918,425256,563885,-1.60703,54.96895,10,2,2,1,19/06/2025,5,04:45,-1,E08000021,E08000021,E08000021,3,167,6,50,-1,0,-1,0,-1,-1,-1,0,1,1,1,-1,-1,13,1,1,2,E01033548,5,1,1,0
2025010555489,2025,010555489,525525,170053,-0.19632,51.41561,1,3,2,1,23/01/2025,5,13:07,-1,E09000024,E09000024,E09000024,3,238,6,20,-1,99,2,6,0,-1,-1,15,1,2,2,-1,-1,13,1,3,2,E01003355,3,1,0,1
2025010582180,2025,010582180,539023,183321,0.00288,51.53169,1,3,1,1,22/06/2025,1,13:00,-1,E09000025,E09000025,E09000025,5,0,3,20,-1,19,4,6,0,-1,-1,14,1,1,1,-1,-1,13,1,1,2,E01033586,3,1,0,1
2025010596333,2025,010596333,532749,179017,-0.08914,51.49452,1,2,1,1,25/08/2025,2,23:00,-1,E09000028,E09000028,E09000028,6,0,9,30,-1,0,-1,0,-1,-1,-1,-1,7,1,1,-1,-1,13,1,3,2,E01003942,6,1,1,0
2025421544111,2025,421544111,556314,183122,0.25187,51.52538,42,2,2,1,20/01/2025,2,14:45,-1,E06000034,E06000034,E06000034,6,0,6,40,-1,0,-1,0,-1,-1,-1,0,1,1,1,-1,-1,13,2,1,2,E01015924,7,1,1,0
2025501659468,2025,501659468,147506,30547,-5.53368,50.12117,50,2,1,1,26/10/2025,1,18:21,-1,E06000052,E06000052,E06000052,6,0,6,20,-1,19,4,6,0,-1,-1,0,4,2,2,-1,-1,13,1,1,2,E01018999,5,1,1,0
2025546474325,2025,546474325,414994,136146,-1.78713,51.1244,54,3,3,2,28/05/2025,4,17:37,-1,E06000054,E06000054,E06000054,3,345,6,60,0,0,-1,0,-1,0,0,0,1,1,1,4,0,13,2,1,2,E01032032,-1,0,0.03139,0.96861
2025531673358,2025,531673358,383479,218520,-2.24133,51.86501,53,3,1,1,01/04/2025,3,16:11,-1,E07000081,E10000013,E10000013,6,0,6,30,-1,13,2,6,0,-1,-1,12,1,1,1,-1,-1,13,1,1,2,E01032937,3,1,0,1
2025461547559,2025,461547559,556604,156163,0.24416,51.28308,46,3,2,1,28/01/2025,3,23:09,-1,E07000111,E10000016,E10000016,3,25,6,50,-1,0,-1,6,0,-1,-1,0,5,1,1,-1,-1,13,2,1,2,E01024458,3,1,0,1
202517S306425,2025,17S306425,446765,517287,-1.27856,54.54868,17,3,2,2,02/05/2025,6,14:15,-1,E06000004,E06000004,E06000004,3,1032,6,30,-1,0,-1,0,-1,-1,-1,0,1,1,1,-1,-1,13,2,3,2,E01012240,3,1,0,1
2025501575134,2025,501575134,173375,42252,-5.17937,50.23672,50,3,2,1,24/01/2025,6,07:19,-1,E06000052,E06000052,E06000052,4,3298,6,30,-1,0,-1,6,0,-1,-1,0,6,1,2,-1,-1,13,2,1,2,E01018918,3,1,0,1
2025430292453,2025,430292453,493146,182877,-0.6584,51.53712,43,3,1,2,13/06/2025,6,12:30,-1,E06000060,E06000060,E06000060,6,0,6,30,3,13,4,6,0,0,0,0,1,1,1,4,0,13,1,1,2,E01017804,-1,0,0.13055,0.86945
2025010581576,2025,010581576,530009,184648,-0.12651,51.54576,1,3,2,1,19/06/2025,5,14:00,-1,E09000007,E09000007,E09000019,3,5200,3,20,-1,13,4,3,5200,-1,-1,13,1,1,1,-1,-1,13,1,1,2,E01002766,3,1,0,1
2025421680762,2025,421680762,544295,210993,0.09024,51.77901,42,3,2,3,09/12/2025,3,15:35,-1,E07000073,E10000012,E10000012,3,1169,6,50,-1,13,4,6,0,-1,-1,0,1,1,1,-1,-1,13,1,1,2,E01021843,3,1,0,1
2025211629017,2025,211629017,422997,323490,-1.66028,52.80847,21,3,2,1,14/08/2025,5,15:20,-1,E07000193,E10000028,E10000028,4,5017,6,30,-1,13,4,6,0,-1,-1,0,1,1,1,-1,-1,13,1,1,2,E01029446,3,1,0,1
2025231689280,2025,231689280,414034,256123,-1.79607,52.20316,23,3,2,1,27/12/2025,7,13:00,-1,E07000221,E10000031,E10000031,3,46,6,60,-1,13,4,6,0,-1,-1,0,1,1,1,-1,-1,13,2,3,1,E01031188,3,1,0,1
2025302500915,2025,302500915,428687,329304,-1.57537,52.86046,30,1,4,1,09/06/2025,2,20:30,-1,E07000039,E10000007,E10000007,3,38,3,70,-1,0,-1,0,-1,-1,-1,0,1,1,1,-1,-1,13,2,1,1,E01019841,1,1,0,0
2025231545703,2025,231545703,419990,287066,-1.70709,52.48116,23,3,1,1,18/01/2025,7,12:31,-1,E07000218,E10000031,E10000031,3,446,3,60,-1,0,-1,0,-1,-1,-1,0,1,1,1,-1,-1,13,2,2,2,E01031022,3,1,0,1
2025231659653,2025,231659653,416663,255654,-1.75762,52.19887,23,3,2,2,15/10/2025,4,22:36,-1,E07000221,E10000031,E10000031,3,46,6,60,-1,0,-1,6,0,-1,-1,0,6,1,1,-1,-1,13,2,1,1,E01031188,3,1,0,1
2025430543396,2025,430543396,440827,172466,-1.41387,51.44971,43,3,2,1,24/10/2025,6,11:55,-1,E06000037,E06000037,E06000037,1,4,3,70,-1,0,-1,0,-1,-1,-1,0,1,1,1,-1,-1,13,2,1,1,E01016301,3,1,0,1
2025201640524,2025,201640524,414354,290152,-1.78994,52.50907,20,3,2,1,12/09/2025,6,01:25,-1,E08000029,E08000029,E08000029,1,6,7,70,-1,0,-1,1,6,-1,-1,0,4,1,2,-1,-1,13,1,1,1,E01010122,3,1,0,1
2025010573727,2025,010573727,523338,178105,-0.22495,51.48845,1,3,2,1,07/05/2025,4,18:00,-1,E09000013,E09000013,E09000013,6,0,6,20,-1,13,4,6,0,-1,-1,-1,1,1,1,-1,-1,13,1,3,2,E01001891,3,1,0,1
2025991550149,2025,991550149,239371,633042,-4.54873,55.56451,99,3,1,1,04/02/2025,3,10:52,-1,S12000028,S12000028,S12000028,4,751,6,60,-1,0,-1,6,0,-1,-1,0,1,2,3,-1,-1,13,2,1,-1,-1,3,1,0,1
2025122600278,2025,122600278,459569,456668,-1.09269,54.00261,12,2,2,1,07/05/2025,4,11:30,-1,E06000014,E06000014,E06000014,4,1363,6,60,8,18,4,6,0,0,0,0,1,1,1,4,0,13,2,1,2,E01013377,-1,0,1,0
2025311542468,2025,311542468,455376,336838,-1.17772,52.92611,31,2,2,1,15/01/2025,4,17:05,-1,E06000018,E06000018,E06000018,6,0,6,30,-1,0,-1,6,0,-1,-1,0,4,1,2,-1,-1,13,2,2,2,E01013928,7,1,1,0
2025010562346,2025,010562346,539616,181698,0.01078,51.51696,1,3,2,1,05/03/2025,4,12:25,-1,E09000025,E09000025,E09000025,3,124,6,20,-1,13,4,6,0,-1,-1,-1,1,1,1,-1,-1,13,1,3,2,E01003503,3,1,0,1
2025302500856,2025,302500856,446104,357135,-1.31274,53.10942,30,3,1,1,15/05/2025,5,23:50,-1,E07000033,E10000007,E10000007,4,6406,7,60,-1,19,4,3,38,-1,-1,0,4,1,1,-1,-1,13,2,1,2,E01019513,3,1,0,1
2025131648236,2025,131648236,426845,438021,-1.59354,53.83775,13,2,2,2,30/09/2025,3,08:30,-1,E08000035,E08000035,E08000035,3,660,1,40,-1,-1,4,3,6120,-1,-1,0,1,1,1,-1,-1,13,1,1,2,E01011687,6,1,1,0
2025010564180,2025,010564180,516431,186833,-0.3215,51.56836,1,3,3,1,15/03/2025,7,23:00,-1,E09000005,E09000005,E09000005,3,404,6,30,-1,13,4,6,0,-1,-1,14,4,1,1,-1,-1,13,1,1,2,E01000562,3,1,0,1
2025461654718,2025,461654718,554377,151083,0.21006,51.23805,46,3,4,2,15/10/2025,4,07:05,-1,E07000111,E10000016,E10000016,3,21,3,70,-1,0,-1,0,-1,-1,-1,0,1,2,2,-1,-1,13,2,1,1,E01024459,3,1,0,1
2025041670222,2025,041670222,385566,437485,-2.2208,53.83342,4,3,2,2,18/11/2025,3,13:30,-1,E07000122,E10000017,E10000017,3,682,6,30,-1,16,2,6,0,-1,-1,0,1,2,2,-1,-1,13,1,1,2,E01025229,3,1,0,1
2025052502217,2025,052502217,342454,387255,-2.86653,53.379,5,3,2,1,27/11/2025,5,15:25,-1,E08000012,E08000012,E08000012,4,5171,6,30,0,0,-1,0,-1,0,0,0,1,1,2,4,0,13,1,3,2,E01006793,-1,0,0.02793,0.97207
2025010557435,2025,010557435,522497,182481,-0.23554,51.52796,1,3,1,1,03/02/2025,2,15:25,-1,E09000013,E09000013,E09000013,3,219,3,20,-1,13,4,6,0,-1,-1,0,1,1,2,-1,-1,13,1,1,2,E01001877,3,1,0,1
2025991617968,2025,991617968,363154,625385,-2.58513,55.52081,99,3,1,1,12/07/2025,7,22:57,-1,S12000026,S12000026,S12000026,3,68,6,60,-1,0,-1,0,-1,-1,-1,0,6,1,1,-1,-1,13,2,1,-1,-1,3,1,0,1
2025991672290,2025,991672290,258671,664428,-4.25917,55.85228,99,3,2,1,14/08/2025,5,11:06,-1,S12000049,S12000049,S12000049,3,77,6,30,-1,0,-1,0,-1,-1,-1,14,1,1,1,-1,-1,13,1,1,-1,-1,3,1,0,1
2025010567797,2025,010567797,546978,168064,0.11114,51.39258,1,3,2,1,04/04/2025,6,16:15,-1,E09000006,E09000006,E09000006,3,224,3,30,9,19,4,6,0,0,5,15,1,8,1,4,2,13,1,1,2,E01000722,-1,0,0,1
2025010558282,2025,010558282,534688,194277,-0.05538,51.63119,1,2,2,1,08/02/2025,7,10:30,-1,E09000010,E09000010,E09000010,3,1010,6,30,6,16,2,6,0,9,9,99,1,2,2,4,9,13,1,3,2,E01001491,-1,0,1,0
2025041646633,2025,041646633,334785,439051,-2.99265,53.84359,4,2,2,1,25/09/2025,5,23:25,-1,E07000128,E10000017,E10000017,3,586,6,30,-1,0,-1,3,588,-1,-1,15,4,1,1,-1,-1,13,1,1,2,E01025569,5,1,1,0
2025211589745,2025,211589745,399506,316117,-2.00876,52.74268,21,2,2,3,13/05/2025,3,07:10,-1,E07000192,E10000028,E10000028,6,0,6,60,-1,0,-1,6,0,-1,-1,0,1,1,1,-1,-1,13,2,1,2,E01029370,5,1,1,0
2025141663701,2025,141663701,435588,401187,-1.4649,53.50617,14,3,2,1,04/11/2025,3,21:46,-1,E08000038,E08000038,E08000038,6,0,3,70,-1,-1,4,3,6195,-1,-1,0,4,2,2,-1,-1,13,2,1,2,E01007398,3,1,0,1
2025411589204,2025,411589204,522862,199981,-0.22415,51.68516,41,3,3,2,24/04/2025,5,20:05,-1,E07000098,E10000015,E10000015,1,25,7,50,-1,0,-1,0,-1,-1,-1,0,4,1,1,-1,-1,13,2,1,1,E01023584,3,1,0,1
2025430054217,2025,430054217,450349,206346,-1.27201,51.75355,43,2,2,1,02/02/2025,1,12:08,-1,E07000178,E10000025,E10000025,6,0,6,20,9,19,4,6,0,0,0,0,1,1,1,4,0,13,1,1,2,E01028551,-1,0,1,0
2025610045325,2025,610045325,330952,202088,-3.0008,51.71326,61,3,1,1,16/10/2025,5,18:20,-1,W06000020,W06000020,W06000020,3,4042,3,70,0,0,-1,0,-1,0,0,0,4,1,1,4,0,13,2,1,-1,W01001513,-1,0,0.20031,0.79969
2025501592468,2025,501592468,245999,54767,-4.16701,50.37259,50,1,2,1,20/05/2025,3,10:50,-1,E06000026,E06000026,E06000026,6,0,6,30,-1,13,4,6,0,-1,-1,0,1,1,1,-1,-1,13,1,1,2,E01015172,1,1,0,0
2025010567480,2025,010567480,535306,179299,-0.05222,51.49645,1,3,1,1,15/01/2025,4,13:30,-1,E09000028,E09000028,E09000028,3,200,6,20,-1,13,9,6,0,-1,-1,-1,1,1,1,-1,-1,13,1,3,2,E01004031,3,1,0,1
2025340NN5252,2025,340NN5252,489436,288593,-0.6843,52.48793,34,3,2,2,22/12/2025,2,10:00,-1,E06000061,E06000061,E06000061,3,43,3,40,-1,0,-1,0,-1,-1,-1,0,1,8,2,-1,-1,13,1,1,2,E01026957,3,1,0,1
2025031569882,2025,031569882,335833,564454,-3.00389,54.97055,3,3,3,2,23/03/2025,1,19:56,-1,E06000063,E06000063,E06000063,1,6,3,70,-1,0,-1,0,-1,-1,-1,0,6,1,1,-1,-1,13,2,1,1,E01019226,3,1,0,1
2025061634741,2025,061634741,383877,394293,-2.24421,53.44515,6,3,2,1,29/08/2025,6,11:24,-1,E08000003,E08000003,E08000003,3,5103,3,30,-1,0,-1,6,0,-1,-1,0,1,1,1,-1,-1,13,1,1,2,E01005178,3,1,0,1
2025201550563,2025,201550563,435755,282601,-1.47544,52.44022,20,3,2,3,02/02/2025,1,15:15,-1,E08000026,E08000026,E08000026,4,4109,6,30,-1,0,-1,6,0,-1,-1,0,1,1,1,-1,-1,13,1,3,2,E01009608,3,1,0,1
2025131672226,2025,131672226,415425,433749,-1.76729,53.79982,13,3,2,1,22/11/2025,7,14:58,-1,E08000032,E08000032,E08000032,4,6144,6,30,-1,0,-1,6,0,-1,-1,0,1,1,1,-1,-1,13,1,2,2,E01033691,3,1,0,1
2025010601338,2025,010601338,551100,178402,0.17475,51.48439,1,2,1,1,02/10/2025,5,15:49,-1,E09000004,E09000004,E09000004,3,2016,3,30,-1,0,-1,0,-1,-1,-1,0,1,1,1,-1,-1,13,1,1,2,E01000404,7,1,1,0
2025010584332,2025,010584332,545619,163136,0.08961,51.34865,1,3,3,2,02/07/2025,4,21:30,-1,E09000006,E09000006,E09000006,3,21,6,40,-1,99,9,6,0,-1,-1,-1,4,1,1,-1,-1,13,2,3,2,E01000749,3,1,0,1
2025451653050,2025,451653050,521449,159481,-0.25851,51.32148,45,2,2,1,10/10/2025,6,18:55,-1,E07000208,E10000030,E10000030,4,289,6,30,-1,16,4,6,0,-1,-1,17,4,1,1,-1,-1,13,1,1,2,E01030380,7,1,1,0
2025421597498,2025,421597498,562275,179127,0.33589,51.48781,42,2,2,1,02/06/2025,2,09:31,-1,E06000034,E06000034,E06000034,3,1013,6,30,-1,13,4,6,0,-1,-1,0,1,1,1,-1,-1,13,1,1,2,E01015960,7,1,1,0
2025340NN1522,2025,340NN1522,487355,275731,-0.71829,52.37267,34,3,3,3,16/04/2025,4,23:45,-1,E06000061,E06000061,E06000061,3,14,3,70,-1,19,4,3,14,-1,-1,0,4,1,1,-1,-1,13,2,1,1,E01027131,3,1,0,1
2025991643589,2025,991643589,318071,673100,-3.31332,55.94393,99,3,2,1,17/09/2025,4,06:50,-1,S12000036,S12000036,S12000036,3,902,6,30,-1,0,-1,3,902,-1,-1,0,1,2,2,-1,-1,13,1,1,-1,-1,3,1,0,1
2025991627437,2025,991627437,344562,731472,-2.90148,56.4721,99,3,2,1,06/08/2025,4,14:06,-1,S12000042,S12000042,S12000042,6,0,6,30,-1,19,4,6,0,-1,-1,0,1,1,1,-1,-1,13,1,1,-1,-1,3,1,0,1
2025522600607,2025,522600607,368840,177900,-2.45028,51.49917,52,3,3,2,20/11/2025,5,20:28,-1,E06000025,E06000025,E06000025,1,4,3,70,-1,0,-1,0,-1,-1,-1,0,4,1,1,-1,-1,13,2,1,1,E01035218,3,1,0,1
2025501569874,2025,501569874,244903,126374,-4.21249,51.01577,50,3,2,2,26/03/2025,4,20:00,-1,E07000046,E10000008,E10000008,6,0,6,30,-1,13,4,6,0,-1,-1,13,4,1,1,-1,-1,13,1,1,2,E01020284,3,1,0,1
2025401668360,2025,401668360,500390,234052,-0.53922,51.99585,40,3,2,2,22/05/2025,5,22:24,-1,E06000056,E06000056,E06000056,1,1,3,70,-1,0,-1,0,-1,-1,-1,0,4,1,1,-1,-1,13,2,1,1,E01017451,3,1,0,1
2025991601540,2025,991601540,325617,673572,-3.19267,55.9494,99,2,1,1,11/06/2025,4,13:12,-1,S12000036,S12000036,S12000036,6,0,6,20,-1,16,2,6,0,-1,-1,15,1,1,1,-1,-1,13,1,1,-1,-1,7,1,1,0
2025122501430,2025,122501430,428645,458405,-1.56429,54.02086,12,3,1,2,14/12/2025,1,06:40,-1,E06000065,E06000065,E06000065,3,61,6,30,0,0,-1,0,-1,0,8,17,7,2,2,4,0,13,2,3,2,E01027665,-1,0,0.01825,0.98175
2025201653387,2025,201653387,399070,299764,-2.01516,52.59567,20,2,3,2,12/10/2025,1,00:16,-1,E08000030,E08000030,E08000030,1,6,3,70,-1,0,-1,0,-1,-1,-1,0,4,1,1,-1,-1,13,2,1,1,E01010267,6,1,1,0
2025131561016,2025,131561016,428590,433214,-1.56747,53.79446,13,2,2,1,04/03/2025,3,11:15,-1,E08000035,E08000035,E08000035,3,58,1,40,-1,-1,2,3,647,-1,-1,0,1,1,1,-1,-1,13,1,2,2,E01011363,7,1,1,0
2025041576867,2025,041576867,353554,425151,-2.70532,53.72069,4,3,1,2,05/04/2025,7,17:40,-1,E07000126,E10000017,E10000017,6,0,6,30,-1,0,-1,6,0,-1,-1,0,1,1,1,-1,-1,13,1,2,2,E01025419,3,1,0,1
2025211569849,2025,211569849,403909,317014,-1.94353,52.75073,21,3,2,1,26/03/2025,4,16:35,-1,E07000192,E10000028,E10000028,3,460,6,30,-1,0,-1,6,0,-1,-1,0,1,1,1,-1,-1,13,1,1,2,E01029374,3,1,0,1
2025991658637,2025,991658637,325676,673859,-3.1918,55.95199,99,2,1,2,24/10/2025,6,12:10,-1,S12000036,S12000036,S12000036,6,0,6,20,-1,13,4,6,0,-1,-1,0,1,2,2,-1,-1,13,1,1,-1,-1,7,1,1,0
2025430118026,2025,430118026,467431,169849,-1.03158,51.42365,43,3,3,1,10/03/2025,2,17:53,-1,E06000037,E06000037,E06000037,1,4,3,70,0,0,-1,0,-1,0,0,0,1,1,1,4,0,13,2,1,1,E01016269,-1,0,0.03507,0.96493
2025471553636,2025,471553636,532594,103727,-0.11909,50.81792,47,2,2,1,12/02/2025,4,21:15,-1,E06000043,E06000043,E06000043,4,2066,6,20,-1,16,4,6,0,-1,-1,0,4,1,1,-1,-1,13,1,1,2,E01016861,6,1,1,0
2025010594813,2025,010594813,531215,173791,-0.11316,51.44791,1,3,2,1,31/08/2025,1,14:30,-1,E09000022,E09000022,E09000022,3,204,6,20,-1,13,2,6,0,-1,-1,0,1,1,1,-1,-1,13,1,1,2,E01003173,3,1,0,1
2025231653799,2025,231653799,419504,252595,-1.71623,52.17128,23,2,2,1,03/10/2025,6,13:54,-1,E07000221,E10000031,E10000031,4,4632,6,50,-1,13,4,6,0,-1,-1,0,1,1,1,-1,-1,13,2,1,2,E01031248,7,1,1,0
2025201667941,2025,201667941,405054,286665,-1.92702,52.47789,20,3,2,1,11/11/2025,3,13:00,-1,E08000025,E08000025,E08000025,4,4126,1,30,-1,-1,2,3,4540,-1,-1,14,1,4,1,-1,-1,13,1,1,2,E01009140,3,1,0,1
2025010564925,2025,010564925,526539,195441,-0.17264,51.64354,1,2,2,1,15/03/2025,7,17:45,-1,E09000003,E09000003,E09000003,4,193,7,30,-1,99,9,6,0,-1,-1,-1,4,1,1,-1,-1,13,1,3,2,E01000270,7,1,1,0
2025371610472,2025,371610472,599287,274139,0.92323,52.32914,37,3,1,1,01/07/2025,3,07:48,-1,E07000245,E10000029,E10000029,3,143,3,40,-1,0,-1,6,0,-1,-1,0,1,1,1,-1,-1,13,2,1,2,E01030096,3,1,0,1
2025430456031,2025,430456031,451691,203492,-1.25299,51.72777,43,3,3,1,05/09/2025,6,22:38,-1,E07000180,E10000025,E10000025,3,423,3,70,5,0,4,6,0,0,0,0,4,1,1,4,2,13,2,1,2,E01028734,-1,0,0.10625,0.89375
2025451634577,2025,451634577,513670,164373,-0.36854,51.36705,45,3,3,1,28/08/2025,5,14:03,-1,E07000207,E10000030,E10000030,3,307,6,30,-1,19,2,6,0,-1,-1,0,1,1,1,-1,-1,13,1,1,2,E01030308,3,1,0,1
2025471583165,2025,471583165,485990,104409,-0.78031,50.83284,47,3,2,1,28/04/2025,2,21:45,-1,E07000225,E10000032,E10000032,3,286,6,30,-1,13,4,3,286,-1,-1,0,4,1,1,-1,-1,13,1,1,2,E01031490,3,1,0,1
2025991597305,2025,991597305,309157,683492,-3.45951,56.03567,99,3,2,1,01/02/2025,7,21:50,-1,S12000047,S12000047,S12000047,3,985,6,50,-1,0,-1,6,0,-1,-1,0,6,1,1,-1,-1,13,2,1,-1,-1,3,1,0,1
2025031598775,2025,031598775,337249,553635,-2.97941,54.87353,3,3,1,1,04/06/2025,4,23:49,-1,E06000063,E06000063,E06000063,6,0,6,60,-1,0,-1,0,-1,-1,-1,0,5,1,2,-1,-1,13,2,1,2,E01034071,3,1,0,1
2025351639191,2025,351639191,515904,290686,-0.29394,52.50177,35,3,2,1,14/08/2025,5,16:30,-1,E07000011,E10000003,E10000003,3,15,1,60,-1,-1,4,2,1,-1,-1,0,1,1,1,-1,-1,13,2,1,2,E01018127,3,1,0,1
2025991572895,2025,991572895,275904,664308,-3.98404,55.85594,99,3,1,2,02/04/2025,4,16:55,-1,S12000050,S12000050,S12000050,4,802,6,30,-1,13,4,6,0,-1,-1,0,1,1,1,-1,-1,13,1,1,-1,-1,3,1,0,1
2025201661427,2025,201661427,398197,287740,-2.02798,52.48757,20,2,1,1,30/10/2025,5,17:15,-1,E08000028,E08000028,E08000028,3,4034,3,40,-1,16,2,6,0,-1,-1,15,4,1,1,-1,-1,13,1,1,2,E01010004,5,1,1,0
2025440143044,2025,440143044,447999,114606,-1.31839,50.92892,44,2,4,1,02/04/2025,4,12:30,-1,E07000086,E10000014,E10000014,1,27,3,70,0,0,-1,0,-1,0,0,0,1,1,1,4,0,13,2,1,1,E01022713,-1,0,0.89194,0.10806
2025052500239,2025,052500239,330712,408525,-3.04771,53.56874,5,2,2,1,04/02/2025,3,11:45,-1,E08000014,E08000014,E08000014,3,565,1,60,1,0,4,4,5424,0,0,0,1,2,2,4,0,13,2,1,2,E01006987,-1,0,1,0
2025440128754,2025,440128754,487472,149989,-0.74828,51.24238,44,3,2,1,24/03/2025,2,18:15,-1,E07000092,E10000014,E10000014,3,323,6,30,3,13,4,6,0,0,0,0,4,1,1,4,0,13,1,1,2,E01023109,-1,0,0,1
2025451583189,2025,451583189,506133,159992,-0.47807,51.32913,45,2,2,1,28/04/2025,2,08:05,-1,E07000209,E10000030,E10000030,1,25,3,70,-1,0,-1,0,-1,-1,-1,0,1,1,1,-1,-1,13,2,1,1,E01030458,7,1,1,0
2025231645218,2025,231645218,441658,260309,-1.39136,52.2394,23,3,1,1,18/09/2025,5,22:15,-1,E07000221,E10000031,E10000031,3,423,6,50,-1,0,-1,0,-1,-1,-1,0,6,1,1,-1,-1,13,2,1,2,E01031222,3,1,0,1
2025991592446,2025,991592446,336816,589885,-2.99419,55.19917,99,3,3,1,15/05/2025,5,11:25,-1,S12000006,S12000006,S12000006,3,7,6,60,-1,0,-1,6,0,-1,-1,0,1,1,1,-1,-1,13,2,1,-1,-1,3,1,0,1
2025610033125,2025,610033125,327855,186872,-3.04247,51.57608,61,3,3,2,29/07/2025,3,17:00,-1,W06000022,W06000022,W06000022,3,467,3,50,1,0,2,3,467,0,0,0,1,1,1,4,0,13,2,2,-1,W01001637,-1,0,0.02779,0.97221
2025010582875,2025,010582875,521856,185325,-0.24379,51.55366,1,3,2,1,25/06/2025,4,23:00,-1,E09000005,E09000005,E09000005,3,4088,9,30,-1,0,-1,0,-1,-1,-1,-1,4,9,9,-1,-1,13,1,3,2,E01000506,3,1,0,1
2025010589337,2025,010589337,541608,174659,0.03665,51.45321,1,3,2,1,29/07/2025,3,09:11,-1,E09000011,E09000011,E09000011,3,205,1,30,-1,-1,4,3,210,-1,-1,13,1,1,1,-1,-1,13,1,1,2,E01001620,3,1,0,1
2025501681842,2025,501681842,279833,60738,-3.69338,50.43416,50,2,2,1,11/12/2025,5,09:35,-1,E07000044,E10000008,E10000008,3,381,6,30,-1,13,4,6,0,-1,-1,17,1,1,2,-1,-1,13,2,1,2,E01020180,7,1,1,0
2025041605556,2025,041605556,374895,430744,-2.38239,53.77242,4,3,2,1,05/06/2025,5,07:52,-1,E07000120,E10000017,E10000017,3,680,6,30,-1,13,4,6,0,-1,-1,0,1,1,1,-1,-1,13,1,2,2,E01025050,3,1,0,1
202517S302025,2025,17S302025,445114,516850,-1.30415,54.54491,17,3,2,1,14/02/2025,6,13:15,-1,E06000004,E06000004,E06000004,5,0,6,30,-1,13,4,6,0,-1,-1,0,1,1,1,-1,-1,13,1,3,2,E01012291,3,1,0,1
2025201547974,2025,201547974,407262,286942,-1.8945,52.48036,20,3,1,1,29/01/2025,4,18:30,-1,E08000025,E08000025,E08000025,6,0,6,20,-1,13,2,6,0,-1,-1,14,4,1,1,-1,-1,13,1,1,2,E01033620,3,1,0,1
2025131641106,2025,131641106,409240,425056,-1.86145,53.72183,13,3,1,1,12/09/2025,6,10:35,-1,E08000033,E08000033,E08000033,6,0,2,30,-1,13,4,6,0,-1,-1,0,1,1,1,-1,-1,13,1,2,2,E01034583,3,1,0,1
2025010560175,2025,010560175,529973,178294,-0.12937,51.48867,1,3,2,1,20/02/2025,5,19:03,-1,E09000033,E09000033,E09000033,3,3212,2,20,-1,16,2,3,3212,-1,-1,15,4,1,2,-1,-1,13,1,3,2,E01035720,3,1,0,1
2025440458298,2025,440458298,444928,121391,-1.36125,50.99017,44,3,3,2,09/10/2025,5,20:55,-1,E07000086,E10000014,E10000014,1,3,3,70,-1,0,-1,0,-1,-1,-1,0,6,1,1,-1,-1,13,1,1,1,E01022704,3,1,0,1
2025522600592,2025,522600592,333511,160143,-2.95583,51.33647,52,3,2,1,21/11/2025,6,12:30,-1,E06000024,E06000024,E06000024,6,0,6,30,-1,13,4,6,0,-1,-1,0,1,1,2,-1,-1,13,1,1,2,E01014832,3,1,0,1
2025501539600,2025,501539600,248388,54675,-4.1334,50.37239,50,3,2,2,09/01/2025,5,17:19,-1,E06000026,E06000026,E06000026,6,0,6,30,-1,19,4,6,0,-1,-1,13,4,1,1,-1,-1,13,1,1,2,E01032658,3,1,0,1
2025430333505,2025,430333505,469277,173786,-1.00426,51.45882,43,3,2,1,03/07/2025,5,21:10,-1,E06000038,E06000038,E06000038,3,329,6,30,-1,19,4,6,0,-1,-1,0,4,1,1,-1,-1,13,1,3,2,E01016359,3,1,0,1
2025201583652,2025,201583652,422224,281672,-1.67455,52.43258,20,3,2,1,29/04/2025,3,22:35,-1,E08000029,E08000029,E08000029,3,452,3,50,-1,16,4,3,452,-1,-1,0,4,1,1,-1,-1,13,2,1,2,E01010165,3,1,0,1
2025201607941,2025,201607941,415667,290659,-1.77057,52.5136,20,3,2,1,24/06/2025,3,12:49,-1,E08000029,E08000029,E08000029,3,452,3,50,-1,0,-1,0,-1,-1,-1,0,1,1,1,-1,-1,13,2,1,2,E01010120,3,1,0,1
2025010556235,2025,010556235,534522,177330,-0.06426,51.47894,1,3,2,1,28/01/2025,3,06:23,-1,E09000028,E09000028,E09000028,5,0,6,20,3,13,4,6,0,0,0,0,5,5,2,4,2,13,1,1,2,E01003983,-1,0,0,1
2025501639822,2025,501639822,296163,76663,-3.46796,50.58044,50,2,1,2,10/09/2025,4,12:40,-1,E07000045,E10000008,E10000008,6,0,6,20,-1,0,-1,3,379,-1,-1,0,1,2,2,-1,-1,13,1,1,2,E01020228,5,1,1,0
2025311674938,2025,311674938,450723,360680,-1.24319,53.14086,31,3,4,1,27/11/2025,5,21:42,-1,E07000170,E10000024,E10000024,3,6075,6,50,-1,0,-1,6,0,-1,-1,0,4,8,2,-1,-1,13,2,1,2,E01027979,3,1,0,1
2025371578905,2025,371578905,617691,245232,1.17433,52.06267,37,3,2,1,14/04/2025,2,20:30,-1,E07000202,E10000029,E10000029,6,0,3,30,-1,13,2,6,0,-1,-1,0,1,1,1,-1,-1,13,1,2,2,E01030000,3,1,0,1
2025991673550,2025,991673550,274976,673550,-4.00312,55.93869,99,2,1,1,19/11/2025,4,14:15,-1,S12000050,S12000050,S12000050,3,8011,3,50,-1,0,-1,3,8011,-1,-1,0,1,1,1,-1,-1,13,1,2,-1,-1,6,1,1,0
2025122501085,2025,122501085,432056,454583,-1.51263,53.98631,12,3,2,2,17/08/2025,1,14:45,-1,E06000065,E06000065,E06000065,6,0,6,30,0,0,-1,0,-1,0,0,0,1,1,1,4,0,13,1,1,2,E01027660,-1,0,0.04992,0.95008
2025201541866,2025,201541866,435617,276613,-1.4781,52.38639,20,3,3,2,15/01/2025,4,10:47,-1,E08000026,E08000026,E08000026,6,0,6,30,-1,0,-1,0,-1,-1,-1,17,1,1,2,-1,-1,13,1,1,2,E01032530,3,1,0,1
2025010599218,2025,010599218,532506,165712,-0.09761,51.37501,1,3,2,1,22/09/2025,2,22:14,-1,E09000008,E09000008,E09000008,3,212,3,30,-1,0,-1,0,-1,-1,-1,0,4,1,1,-1,-1,13,1,1,2,E01034150,3,1,0,1
2025461612626,2025,461612626,622802,136128,1.17962,51.08119,46,2,1,1,01/07/2025,3,23:09,-1,E07000112,E10000016,E10000016,3,2033,6,30,-1,13,4,6,0,-1,-1,0,7,1,1,-1,-1,13,1,1,2,E01033212,7,1,1,0
2025471643521,2025,471643521,526059,131297,-0.20228,51.06717,47,3,3,1,18/09/2025,5,19:53,-1,E07000228,E10000032,E10000032,4,2114,3,70,-1,0,-1,0,-1,-1,-1,0,6,1,1,-1,-1,13,2,1,2,E01035345,3,1,0,1
2025041666839,2025,041666839,368396,428346,-2.48074,53.75052,4,3,2,1,03/10/2025,6,15:25,-1,E06000008,E06000008,E06000008,6,0,6,20,-1,19,4,6,0,-1,-1,13,1,2,2,-1,-1,13,1,1,2,E01012643,3,1,0,1
2025430188452,2025,430188452,481406,165186,-0.83169,51.3799,43,3,1,1,10/04/2025,5,12:45,-1,E06000041,E06000041,E06000041,3,321,6,30,0,0,-1,0,-1,0,0,0,1,1,1,4,0,13,1,3,2,E01016637,-1,0,0.01799,0.98201
2025340WN4452,2025,340WN4452,475555,258037,-0.89555,52.21538,34,3,2,1,12/08/2025,3,19:00,-1,E06000062,E06000062,E06000062,3,508,1,50,-1,19,2,3,45,-1,-1,0,1,1,1,-1,-1,13,2,1,2,E01027159,3,1,0,1
2025141589983,2025,141589983,436234,389897,-1.45645,53.40466,14,2,2,1,14/05/2025,4,14:13,-1,E08000039,E08000039,E08000039,5,0,6,30,-1,13,4,6,0,-1,-1,14,1,1,1,-1,-1,13,1,1,2,E01007873,6,1,1,0
2025010571975,2025,010571975,526329,184661,-0.17955,51.54671,1,3,1,1,24/04/2025,5,11:55,-1,E09000007,E09000007,E09000007,3,41,7,20,3,13,2,5,0,9,1,13,1,1,1,4,0,13,1,3,2,E01000960,-1,0,0,1
2025471550850,2025,471550850,572588,108015,0.45018,50.84592,47,2,2,1,05/02/2025,4,12:30,-1,E07000064,E10000011,E10000011,3,259,6,40,-1,13,4,6,0,-1,-1,0,1,8,1,-1,-1,13,1,1,1,E01021107,7,1,1,0
2025421654041,2025,421654041,617994,218067,1.16153,51.81869,42,3,2,1,13/10/2025,2,16:20,-1,E07000076,E10000012,E10000012,4,1442,6,30,-1,0,-1,4,1442,-1,-1,0,1,1,1,-1,-1,13,2,1,2,E01022039,3,1,0,1
2025430609173,2025,430609173,485709,239687,-0.75158,52.04896,43,3,2,1,29/11/2025,7,21:39,-1,E06000042,E06000042,E06000042,3,509,1,60,-1,19,4,4,4034,-1,-1,0,4,1,1,-1,-1,13,2,1,2,E01033499,3,1,0,1
2025070803991,2025,070803991,365457,366316,-2.51847,53.1928,7,3,2,1,01/09/2025,2,21:44,-1,E06000050,E06000050,E06000050,3,54,3,40,-1,19,4,5,0,-1,-1,0,4,1,1,-1,-1,13,2,1,2,E01018731,3,1,0,1
2025010574035,2025,010574035,519537,187879,-0.27635,51.57711,1,2,2,1,10/05/2025,7,02:00,-1,E09000005,E09000005,E09000005,3,4140,6,40,-1,0,-1,0,-1,-1,-1,0,4,1,1,-1,-1,13,1,1,2,E01000486,5,1,1,0
2025010579156,2025,010579156,553013,190592,0.20758,51.5934,1,2,2,1,06/06/2025,6,23:20,-1,E09000016,E09000016,E09000016,3,12,3,50,-1,0,-1,0,-1,-1,-1,14,4,1,1,-1,-1,13,2,1,2,E01002311,5,1,1,0
2025010594481,2025,010594481,530298,172705,-0.12675,51.43836,1,3,2,1,29/08/2025,6,19:10,-1,E09000022,E09000022,E09000022,3,23,3,20,-1,13,2,3,23,-1,-1,0,1,2,2,-1,-1,13,1,1,2,E01003135,3,1,0,1
2025010572842,2025,010572842,525537,181770,-0.19199,51.52091,1,3,3,1,03/05/2025,7,09:45,-1,E09000033,E09000033,E09000033,3,404,6,20,-1,0,-1,0,-1,-1,-1,13,1,1,1,-1,-1,13,1,3,2,E01032512,3,1,0,1
2025991553203,2025,991553203,251578,671658,-4.37634,55.91505,99,3,1,1,11/02/2025,3,18:15,-1,S12000049,S12000049,S12000049,6,0,6,30,-1,13,4,6,0,-1,-1,0,4,1,1,-1,-1,13,1,1,-1,-1,3,1,0,1
2025421591565,2025,421591565,580801,208224,0.61744,51.74354,42,2,1,1,18/05/2025,1,09:30,-1,E07000074,E10000012,E10000012,6,0,6,60,-1,0,-1,6,0,-1,-1,0,1,1,1,-1,-1,13,2,1,2,E01021913,6,1,1,0
2025991541027,2025,991541027,258968,666411,-4.25547,55.87017,99,3,3,1,13/01/2025,2,17:13,-1,S12000049,S12000049,S12000049,1,8,3,40,-1,0,-1,0,-1,-1,-1,0,6,2,2,-1,-1,13,1,1,-1,-1,3,1,0,1
2025010559636,2025,010559636,529207,182713,-0.13878,51.52855,1,3,2,1,17/02/2025,2,09:42,-1,E09000007,E09000007,E09000007,3,400,6,20,-1,19,2,6,0,-1,-1,0,1,1,1,-1,-1,13,1,1,2,E01035710,3,1,0,1
2025010558800,2025,010558800,534916,191706,-0.05308,51.60803,1,3,2,1,11/02/2025,3,22:07,-1,E09000014,E09000014,E09000014,5,0,3,20,-1,0,4,0,-1,-1,-1,14,4,1,1,-1,-1,13,1,1,2,E01002037,3,1,0,1
2025111613254,2025,111613254,442748,538127,-1.33762,54.73631,11,2,3,1,03/07/2025,5,16:40,-1,E06000047,E06000047,E06000047,4,1281,6,40,-1,0,-1,6,0,-1,-1,0,1,1,1,-1,-1,13,2,1,2,E01020772,7,1,1,0
2025070573387,2025,070573387,377037,361949,-2.34484,53.15417,7,2,3,1,12/07/2025,7,13:14,-1,E06000049,E06000049,E06000049,3,535,6,30,-1,19,4,3,5022,-1,-1,17,1,1,1,-1,-1,13,2,1,2,E01018439,7,1,1,0
2025361640966,2025,361640966,617613,304601,1.21159,52.59561,36,3,2,1,12/09/2025,6,21:40,-1,E07000149,E10000020,E10000020,3,11,3,70,-1,0,-1,0,-1,-1,-1,0,6,1,1,-1,-1,13,2,1,1,E01026908,3,1,0,1
2025211612226,2025,211612226,390364,305108,-2.14385,52.64362,21,3,1,1,02/07/2025,4,16:00,-1,E07000196,E10000028,E10000028,6,0,6,30,-1,0,-1,0,-1,-1,-1,-1,1,1,1,-1,-1,13,2,3,2,E01029613,3,1,0,1
2025201567672,2025,201567672,413906,284359,-1.79678,52.45701,20,3,2,1,19/03/2025,4,15:40,-1,E08000025,E08000025,E08000025,3,45,3,30,-1,0,-1,6,0,-1,-1,0,1,1,1,-1,-1,13,1,2,2,E01009316,3,1,0,1
2025201634324,2025,201634324,434874,280488,-1.48862,52.42128,20,3,2,2,27/08/2025,4,11:00,-1,E08000026,E08000026,E08000026,6,0,3,30,-1,0,-1,6,0,-1,-1,0,1,1,1,-1,-1,13,1,2,2,E01034736,3,1,0,1
2025211539040,2025,211539040,396445,306221,-2.05399,52.65371,21,3,3,1,08/01/2025,4,12:00,-1,E07000196,E10000028,E10000028,3,462,6,60,-1,0,-1,6,0,-1,-1,0,1,1,4,-1,-1,13,2,1,2,E01029621,3,1,0,1
202560C148872,2025,60C148872,255106,370171,-4.17106,53.2088,60,2,2,6,23/09/2025,3,20:30,-1,W06000002,W06000002,W06000002,3,487,6,60,0,0,-1,0,-1,0,0,0,6,1,1,4,0,13,2,1,-1,W01000103,-1,0,1,0
2025622500573,2025,622500573,263879,194519,-3.96819,51.63296,62,3,2,3,18/08/2025,2,12:55,-1,W06000011,W06000011,W06000011,3,474,6,20,0,0,-1,0,-1,0,0,0,1,1,1,4,0,13,1,1,-1,W01000863,-1,0,0.07486,0.92514
2025522502136,2025,522502136,359312,171931,-2.58684,51.4449,52,3,2,1,16/08/2025,7,10:14,-1,E06000023,E06000023,E06000023,3,370,6,30,-1,13,4,6,0,-1,-1,0,1,1,1,-1,-1,13,1,1,2,E01033359,3,1,0,1
2025522501813,2025,522501813,358918,172078,-2.59253,51.44619,52,2,2,1,01/11/2025,7,12:54,-1,E06000023,E06000023,E06000023,6,0,6,30,-1,0,-1,0,-1,-1,-1,0,1,2,2,-1,-1,13,1,1,2,E01033910,7,1,1,0
2025552500085,2025,552500085,403575,92934,-1.95071,50.73601,55,3,2,1,15/01/2025,4,18:22,-1,E06000058,E06000058,E06000058,3,3068,6,30,3,13,4,6,0,0,0,0,4,1,2,4,0,13,1,1,2,E01015439,-1,0,0.11846,0.88154
2025010575661,2025,010575661,529232,184129,-0.1379,51.54127,1,2,2,1,13/03/2025,5,13:10,-1,E09000007,E09000007,E09000007,3,5202,2,20,-1,13,4,5,0,-1,-1,-1,1,2,2,-1,-1,13,1,3,2,E01000861,7,1,1,0
2025010607058,2025,010607058,532680,196566,-0.08351,51.65224,1,3,1,2,01/11/2025,7,13:59,-1,E09000010,E09000010,E09000010,3,110,2,20,-1,13,2,6,0,-1,-1,0,1,1,1,-1,-1,13,1,1,2,E01001536,3,1,0,1
2025010588502,2025,010588502,508028,181584,-0.4443,51.52285,1,3,2,1,24/07/2025,5,15:15,-1,E09000017,E09000017,E09000017,4,465,6,30,-1,99,-1,6,0,-1,-1,-1,1,2,2,-1,-1,13,1,3,2,E01002400,3,1,0,1
2025010587159,2025,010587159,526519,181639,-0.17789,51.51951,1,3,1,1,16/07/2025,4,15:37,-1,E09000033,E09000033,E09000033,3,4206,6,20,-1,0,-1,0,-1,-1,-1,0,1,1,1,-1,-1,13,1,1,2,E01033593,3,1,0,1
2025451654123,2025,451654123,521443,159492,-0.2586,51.32158,45,3,2,1,11/10/2025,7,19:00,-1,E07000208,E10000030,E10000030,4,289,6,30,-1,13,4,6,0,-1,-1,0,4,1,1,-1,-1,13,1,1,2,E01030380,3,1,0,1
2025610002025,2025,610002025,340322,186085,-2.86246,51.57046,61,3,2,1,17/01/2025,6,17:00,-1,W06000022,W06000022,W06000022,3,4810,6,40,1,0,4,3,4810,0,0,0,4,1,1,4,0,13,2,1,-1,W01002027,-1,0,0.14968,0.85032
2025201650381,2025,201650381,404359,287633,-1.93724,52.4866,20,2,2,2,04/10/2025,7,23:58,-1,E08000025,E08000025,E08000025,3,457,6,30,-1,16,2,3,4040,-1,-1,15,4,1,1,-1,-1,13,1,1,2,E01009345,6,1,1,0
2025010593139,2025,010593139,509528,172109,-0.42563,51.4374,1,3,2,1,21/08/2025,5,17:20,-1,E09000018,E09000018,E09000018,4,377,6,30,-1,99,2,3,244,-1,-1,-1,1,1,1,-1,-1,13,1,3,2,E01002601,3,1,0,1
2025991561041,2025,991561041,277378,699969,-3.9768,56.17653,99,3,1,1,28/02/2025,6,13:00,-1,S12000030,S12000030,S12000030,3,9,3,60,-1,0,-1,0,-1,-1,-1,0,1,9,1,-1,-1,13,2,3,-1,-1,3,1,0,1
2025010561362,2025,010561362,530468,183009,-0.1205,51.53092,1,2,1,1,27/02/2025,5,23:30,-1,E09000007,E09000007,E09000019,3,501,2,20,-1,0,-1,0,-1,-1,-1,0,4,1,1,-1,-1,13,1,1,2,E01002711,7,1,1,0
2025411574744,2025,411574744,526634,200288,-0.16951,51.68708,41,3,4,1,30/03/2025,1,13:17,-1,E07000098,E10000015,E10000015,1,25,3,70,-1,0,-1,0,-1,-1,-1,0,1,1,1,-1,-1,13,2,1,1,E01023574,3,1,0,1
2025231580450,2025,231580450,439816,283344,-1.41561,52.44661,23,3,1,1,05/04/2025,7,23:05,-1,E07000220,E10000031,E10000031,4,4065,6,30,-1,0,-1,0,-1,-1,-1,0,4,1,1,-1,-1,13,2,1,2,E01031159,3,1,0,1
2025631679220,2025,631679220,303956,258309,-3.40717,52.2146,63,3,1,1,02/12/2025,3,08:00,-1,W06000023,W06000023,W06000023,6,0,6,60,-1,0,-1,0,-1,-1,-1,0,1,1,1,-1,-1,13,2,2,-1,W01000438,3,1,0,1
2025010609812,2025,010609812,550026,174086,0.15747,51.4459,1,3,2,4,16/11/2025,1,17:07,-1,E09000004,E09000004,E09000004,3,2,3,50,-1,0,-1,0,-1,-1,-1,0,4,1,1,-1,-1,13,2,1,2,E01000447,3,1,0,1
2025440483123,2025,440483123,480649,155084,-0.84485,51.28919,44,3,2,1,23/10/2025,5,18:50,-1,E07000089,E10000014,E10000014,6,0,6,30,-1,0,-1,0,-1,-1,-1,0,4,1,1,-1,-1,13,1,3,2,E01022860,3,1,0,1
2025451539695,2025,451539695,500009,146415,-0.56973,51.2082,45,3,2,1,10/01/2025,6,05:44,-1,E07000209,E10000030,E10000030,3,281,6,40,-1,0,-1,6,0,-1,-1,0,4,1,4,-1,-1,13,2,3,2,E01030480,3,1,0,1
2025052501803,2025,052501803,346216,389451,-2.81035,53.39913,5,3,2,1,27/09/2025,7,22:05,-1,E08000011,E08000011,E08000011,6,0,1,30,1,0,4,6,0,0,0,0,4,1,1,4,0,13,2,2,2,E01006424,-1,0,0.06103,0.93897
2025131566458,2025,131566458,428334,435748,-1.57112,53.81725,13,2,2,1,18/03/2025,3,18:08,-1,E08000035,E08000035,E08000035,3,660,6,30,-1,19,4,6,0,-1,-1,0,1,1,1,-1,-1,13,1,1,2,E01011442,7,1,1,0
2025131638812,2025,131638812,428546,427761,-1.56864,53.74545,13,3,2,1,08/09/2025,2,13:55,-1,E08000035,E08000035,E08000035,4,6123,6,60,-1,-1,4,3,653,-1,-1,0,1,1,1,-1,-1,13,2,1,2,E01011540,3,1,0,1
2025141541393,2025,141541393,436303,385630,-1.4559,53.3663,14,3,2,5,14/01/2025,3,11:05,-1,E08000039,E08000039,E08000039,6,0,6,30,-1,13,4,6,0,-1,-1,0,1,2,2,-1,-1,13,1,1,2,E01008096,3,1,0,1
2025501638991,2025,501638991,254762,103405,-4.06289,50.81194,50,3,2,1,08/09/2025,2,15:30,-1,E07000047,E10000008,E10000008,3,386,6,60,-1,0,-1,0,-1,-1,-1,0,1,2,2,-1,-1,13,2,1,2,E01020321,3,1,0,1
2025421602662,2025,421602662,559719,199401,0.30832,51.67068,42,3,2,1,14/06/2025,7,06:49,-1,E07000068,E10000012,E10000012,6,0,6,30,-1,0,-1,6,0,-1,-1,0,1,1,2,-1,-1,13,2,1,2,E01021471,3,1,0,1
2025991555779,2025,991555779,258030,665434,-4.26993,55.86112,99,3,5,3,18/02/2025,3,20:45,-1,S12000049,S12000049,S12000049,1,8,3,40,-1,0,-1,0,-1,-1,-1,0,4,1,1,-1,-1,13,1,1,-1,-1,3,1,0,1
2025991576857,2025,991576857,258241,665824,-4.26677,55.86468,99,3,2,1,11/04/2025,6,16:53,-1,S12000049,S12000049,S12000049,6,0,6,30,-1,16,2,6,0,-1,-1,15,1,1,1,-1,-1,13,1,1,-1,-1,3,1,0,1
2025010562183,2025,010562183,516361,175620,-0.32621,51.46759,1,3,1,1,27/02/2025,5,08:00,-1,E09000018,E09000018,E09000018,6,0,6,20,-1,13,4,6,0,-1,-1,0,1,9,1,-1,-1,13,1,1,2,E01002667,3,1,0,1
2025451630519,2025,451630519,534343,155149,-0.07521,51.27965,45,2,2,1,18/08/2025,2,17:45,-1,E07000215,E10000030,E10000030,4,2030,6,30,-1,13,4,6,0,-1,-1,0,1,1,1,-1,-1,13,1,1,2,E01030829,7,1,1,0
2025451656293,2025,451656293,521068,143505,-0.26938,51.17797,45,3,2,1,19/10/2025,1,13:04,-1,E07000210,E10000030,E10000030,6,0,6,40,-1,13,4,6,0,-1,-1,0,1,1,2,-1,-1,13,2,3,2,E01030528,3,1,0,1
2025631556974,2025,631556974,254226,215222,-4.11624,51.81656,63,3,2,3,11/02/2025,3,11:40,-1,W06000010,W06000010,W06000010,3,48,3,70,-1,13,4,6,0,-1,-1,0,1,1,1,-1,-1,13,2,1,-1,W01000664,3,1,0,1
2025430168729,2025,430168729,489806,238096,-0.69227,52.03401,43,3,2,1,07/04/2025,2,10:05,-1,E06000042,E06000042,E06000042,3,421,1,60,1,0,4,3,4146,0,0,0,1,1,1,4,0,13,2,1,2,E01016783,-1,0,0.00624,0.99376
2025340WN1312,2025,340WN1312,478752,262179,-0.8478,52.25216,34,2,2,1,15/03/2025,7,14:00,-1,E06000062,E06000062,E06000062,3,4500,6,30,-1,13,4,6,0,-1,-1,0,1,1,1,-1,-1,13,1,1,2,E01027181,7,1,1,0
2025411661869,2025,411661869,505037,195850,-0.48313,51.65164,41,3,3,3,25/10/2025,7,09:08,-1,E07000102,E10000015,E10000015,3,404,6,40,-1,13,4,6,0,-1,-1,0,1,1,1,-1,-1,13,1,1,2,E01023812,3,1,0,1
2025461636197,2025,461636197,600017,132111,0.85255,51.0535,46,3,6,5,01/09/2025,2,11:15,-1,E07000105,E10000016,E10000016,3,2070,6,60,-1,0,-1,6,0,-1,-1,0,1,1,1,-1,-1,13,2,1,1,E01024037,3,1,0,1
2025041552444,2025,041552444,379066,430547,-2.31909,53.77084,4,3,1,1,30/01/2025,5,07:40,-1,E07000117,E10000017,E10000017,3,679,6,60,-1,0,-1,0,-1,-1,-1,0,1,1,4,-1,-1,13,2,1,2,E01024888,3,1,0,1
2025340WN1442,2025,340WN1442,470754,260175,-0.96536,52.23523,34,3,3,1,28/03/2025,6,11:50,-1,E06000062,E06000062,E06000062,3,4500,3,50,-1,16,2,6,0,-1,-1,0,1,1,1,-1,-1,13,2,1,2,E01027286,3,1,0,1
2025471544660,2025,471544660,493756,102346,-0.67059,50.81309,47,3,2,1,21/01/2025,3,21:02,-1,E07000224,E10000032,E10000032,3,29,6,50,-1,13,4,6,0,-1,-1,0,6,8,2,-1,-1,13,2,1,2,E01031402,3,1,0,1
2025471641479,2025,471641479,490004,107516,-0.72256,50.86016,47,3,2,1,14/09/2025,1,10:50,-1,E07000225,E10000032,E10000032,3,285,6,60,-1,13,4,6,0,-1,-1,0,1,1,1,-1,-1,13,2,1,2,E01031477,3,1,0,1
2025991651078,2025,991651078,272376,660475,-4.03856,55.8206,99,3,2,1,22/09/2025,2,10:30,-1,S12000050,S12000050,S12000050,3,721,3,30,-1,0,-1,3,721,-1,-1,0,1,1,1,-1,-1,13,1,2,-1,-1,3,1,0,1
2025041582712,2025,041582712,367306,415871,-2.49595,53.63833,4,2,2,1,27/04/2025,1,16:17,-1,E06000008,E06000008,E06000008,6,0,6,60,-1,0,-1,0,-1,-1,-1,0,1,1,1,-1,-1,13,2,1,2,E01012628,7,1,1,0
2025161627321,2025,161627321,480476,449782,-0.77561,53.93791,16,3,3,2,10/08/2025,1,11:00,-1,E06000011,E06000011,E06000011,6,0,6,40,-1,13,4,6,0,-1,-1,0,1,1,1,-1,-1,13,2,3,2,E01013055,3,1,0,1
2025061619002,2025,061619002,381390,401076,-2.28206,53.50604,6,2,1,1,21/07/2025,2,12:35,-1,E08000006,E08000006,E08000006,6,0,6,30,-1,13,4,6,0,-1,-1,0,1,1,1,-1,-1,13,2,1,2,E01005653,6,1,1,0
2025101554581,2025,101554581,424407,558631,-1.62073,54.92178,10,3,4,1,13/02/2025,5,14:00,-1,E08000037,E08000037,E08000037,3,1,3,50,-1,0,-1,0,-1,-1,-1,0,1,2,2,-1,-1,13,1,2,1,E01008226,3,1,0,1
2025010585330,2025,010585330,540132,173509,0.01496,51.44324,1,3,2,1,07/07/2025,2,07:10,-1,E09000023,E09000023,E09000023,3,2212,6,20,-1,0,-1,0,-1,-1,-1,-1,1,2,2,-1,-1,13,1,3,2,E01003268,3,1,0,1
2025421641533,2025,421641533,544697,210536,0.09587,51.7748,42,3,2,1,14/09/2025,1,14:54,-1,E07000073,E10000012,E10000012,3,1019,1,40,-1,0,-1,0,-1,-1,-1,0,1,2,2,-1,-1,13,2,1,2,E01021851,3,1,0,1
2025440494396,2025,440494396,481603,136146,-0.83548,51.1188,44,3,3,2,01/11/2025,7,12:49,-1,E07000085,E10000014,E10000014,4,3002,6,60,-1,0,-1,0,-1,-1,-1,0,1,1,1,-1,-1,13,1,1,2,E01022601,3,1,0,1
2025451576003,2025,451576003,496843,144430,-0.61557,51.1909,45,2,2,1,08/04/2025,3,21:35,-1,E07000216,E10000030,E10000030,6,0,6,30,-1,16,4,6,0,-1,-1,0,4,1,1,-1,-1,13,1,2,2,E01030918,7,1,1,0
2025421644162,2025,421644162,544823,209933,0.09744,51.76935,42,3,1,1,19/09/2025,6,11:00,-1,E07000073,E10000012,E10000012,3,1019,3,40,-1,0,-1,0,-1,-1,-1,15,1,1,1,-1,-1,13,1,3,2,E01021849,3,1,0,1
2025430152004,2025,430152004,478725,164680,-0.87032,51.37573,43,3,2,1,28/03/2025,6,21:34,-1,E06000041,E06000041,E06000041,6,0,6,30,8,18,4,6,0,0,0,0,4,1,1,4,0,13,2,1,2,E01035269,-1,0,0.0238,0.9762
2025010569066,2025,010569066,519290,177153,-0.28355,51.48076,1,3,2,1,11/04/2025,6,15:05,-1,E09000027,E09000027,E09000027,3,205,6,20,-1,13,9,6,0,-1,-1,15,1,8,1,-1,-1,13,1,3,2,E01003846,3,1,0,1
2025351705264,2025,351705264,525681,288647,-0.15075,52.48128,35,2,2,2,10/12/2025,4,08:42,-1,E07000011,E10000003,E10000003,4,1040,6,30,-1,0,-1,6,0,-1,-1,0,1,1,2,-1,-1,13,2,1,2,E01018157,7,1,1,0
2025131635037,2025,131635037,448599,419002,-1.26597,53.66525,13,3,3,1,29/08/2025,6,18:46,-1,E08000036,E08000036,E08000036,3,1,3,70,-1,0,-1,6,0,-1,-1,0,1,1,1,-1,-1,13,2,1,1,E01011849,3,1,0,1
2025010560355,2025,010560355,548259,183567,0.13604,51.53155,1,3,2,1,20/02/2025,5,23:22,-1,E09000002,E09000002,E09000002,3,13,3,50,-1,0,4,0,-1,-1,-1,0,4,2,2,-1,-1,13,1,1,2,E01000095,3,1,0,1
2025010586527,2025,010586527,552616,175381,0.19526,51.45684,1,3,1,1,14/07/2025,2,03:31,-1,E09000004,E09000004,E09000004,3,206,3,40,-1,13,4,6,0,-1,-1,14,4,1,1,-1,-1,13,1,1,2,E01000376,3,1,0,1
2025010562810,2025,010562810,522472,184655,-0.23514,51.54751,1,3,1,1,07/03/2025,6,12:30,-1,E09000005,E09000005,E09000005,3,407,6,20,-1,0,-1,0,-1,-1,-1,0,1,1,1,-1,-1,13,1,1,2,E01000640,3,1,0,1
2025461568972,2025,461568972,637104,170392,1.4061,51.38302,46,3,2,1,25/03/2025,3,10:29,-1,E07000114,E10000016,E10000016,6,0,6,30,-1,13,4,6,0,-1,-1,14,1,1,1,-1,-1,13,1,1,2,E01024655,3,1,0,1
2025451578444,2025,451578444,508541,158972,-0.44383,51.31951,45,3,2,4,15/04/2025,3,14:35,-1,E07000207,E10000030,E10000030,1,25,7,70,-1,0,-1,1,25,-1,-1,0,1,1,1,-1,-1,13,2,1,1,E01030302,3,1,0,1
2025141615717,2025,141615717,439977,403029,-1.39849,53.52242,14,3,2,1,14/07/2025,2,07:55,-1,E08000038,E08000038,E08000038,6,0,6,20,-1,13,4,6,0,-1,-1,0,1,1,1,-1,-1,13,1,1,2,E01007448,3,1,0,1
2025010603318,2025,010603318,546689,176756,0.11059,51.47076,1,3,2,1,12/10/2025,1,14:51,-1,E09000004,E09000004,E09000004,3,209,6,30,-1,99,9,6,0,-1,-1,-1,1,8,1,-1,-1,13,1,3,2,E01000454,3,1,0,1
2025471548634,2025,471548634,581640,115037,0.58211,50.90623,47,3,1,1,29/01/2025,4,13:25,-1,E07000064,E10000011,E10000011,6,0,6,60,-1,0,-1,6,0,-1,-1,12,1,1,2,-1,-1,13,2,1,2,E01021087,3,1,0,1
2025991588988,2025,991588988,289533,664550,-3.76653,55.86143,99,3,3,3,12/05/2025,2,16:05,-1,S12000050,S12000050,S12000050,1,8,3,70,-1,0,-1,1,8,-1,-1,0,1,1,1,-1,-1,13,2,1,-1,-1,3,1,0,1
2025522500788,2025,522500788,355829,184619,-2.63855,51.55871,52,3,2,1,01/05/2025,5,14:00,-1,E06000025,E06000025,E06000025,4,4055,6,30,-1,0,-1,0,-1,-1,-1,0,1,1,1,-1,-1,13,2,3,2,E01014953,3,1,0,1
2025340WN4842,2025,340WN4842,475730,257988,-0.893,52.21491,34,2,2,1,25/08/2025,2,15:10,-1,E06000062,E06000062,E06000062,3,45,1,40,-1,19,2,3,5076,-1,-1,0,1,1,1,-1,-1,13,2,3,1,E01027201,7,1,1,0
2025010561953,2025,010561953,536260,176969,-0.03938,51.47528,1,3,1,1,03/03/2025,2,11:20,-1,E09000023,E09000023,E09000023,3,2,6,20,-1,0,-1,0,-1,-1,-1,14,1,1,1,-1,-1,13,1,1,2,E01003303,3,1,0,1
2025010580545,2025,010580545,542728,185926,0.05731,51.55417,1,3,2,1,14/06/2025,7,13:00,-1,E09000025,E09000025,E09000025,3,118,3,20,-1,13,4,6,0,-1,-1,0,1,1,1,-1,-1,13,1,1,2,E01003576,3,1,0,1
2025010612701,2025,010612701,537426,180887,-0.02108,51.51021,1,3,1,1,01/12/2025,2,12:18,-1,E09000030,E09000030,E09000030,5,0,6,20,-1,13,4,6,0,-1,-1,0,1,1,2,-1,-1,13,1,1,2,E01004256,3,1,0,1
2025010573942,2025,010573942,527355,175541,-0.16805,51.46452,1,3,2,1,09/05/2025,6,16:00,-1,E09000032,E09000032,E09000032,5,0,1,20,-1,-1,4,6,0,-1,-1,15,1,1,1,-1,-1,13,1,3,2,E01004588,3,1,0,1
2025451564640,2025,451564640,517824,143492,-0.31577,51.17853,45,1,1,1,12/03/2025,4,16:56,-1,E07000210,E10000030,E10000030,3,24,3,50,-1,0,-1,6,0,-1,-1,0,1,1,1,-1,-1,13,2,1,2,E01030515,1,1,0,0
2025041576688,2025,041576688,368101,429245,-2.48531,53.75858,4,3,2,5,09/04/2025,4,16:00,-1,E06000008,E06000008,E06000008,6,0,6,30,-1,0,-1,6,0,-1,-1,0,1,1,1,-1,-1,13,1,2,2,E01012579,3,1,0,1
2025542167525,2025,542167525,415046,182090,-1.78446,51.53751,54,2,2,1,19/02/2025,4,22:58,-1,E06000030,E06000030,E06000030,3,4361,3,30,0,0,-1,0,-1,0,0,0,4,2,2,4,0,13,2,1,2,E01015585,-1,0,1,0
2025010561082,2025,010561082,549730,177741,0.15476,51.47882,1,3,2,1,26/02/2025,4,10:30,-1,E09000004,E09000004,E09000004,5,0,6,30,-1,13,4,6,0,-1,-1,0,1,5,2,-1,-1,13,1,1,2,E01000437,3,1,0,1
2025010582844,2025,010582844,534913,194769,-0.05195,51.63556,1,3,1,2,25/06/2025,4,17:15,-1,E09000010,E09000010,E09000010,3,1010,6,30,-1,13,4,6,0,-1,-1,0,1,1,1,-1,-1,13,1,1,2,E01001482,3,1,0,1
2025010591969,2025,010591969,513078,174567,-0.37379,51.4588,1,2,1,1,14/08/2025,5,14:00,-1,E09000018,E09000018,E09000018,3,3063,2,20,-1,13,4,6,0,-1,-1,15,1,1,1,-1,-1,13,1,1,2,E01002652,5,1,1,0
2025361544528,2025,361544528,634187,309962,1.45963,52.63683,36,3,3,1,21/01/2025,3,16:40,-1,E07000144,E10000020,E10000020,3,47,3,50,-1,0,-1,6,0,-1,-1,0,6,1,2,-1,-1,13,2,1,1,E01026505,3,1,0,1
2025430592966,2025,430592966,496385,180861,-0.61226,51.51846,43,3,1,1,20/11/2025,5,15:16,-1,E06000039,E06000039,E06000039,6,0,6,30,-1,13,4,6,0,-1,-1,0,1,1,1,-1,-1,13,1,1,2,E01016448,3,1,0,1
2025052500860,2025,052500860,342325,396798,-2.87021,53.46475,5,3,2,1,30/04/2025,4,17:15,-1,E08000011,E08000011,E08000011,3,580,3,50,0,0,-1,0,-1,0,0,0,1,1,1,4,0,13,1,1,2,E01006418,-1,0,0.01785,0.98215
2025131663207,2025,131663207,418015,426439,-1.72839,53.73403,13,2,3,1,31/10/2025,6,23:05,-1,E08000034,E08000034,E08000034,1,62,9,70,-1,0,-1,0,-1,-1,-1,0,4,1,1,-1,-1,13,2,1,1,E01011062,6,1,1,0
2025531717991,2025,531717991,411362,214558,-1.83653,51.82952,53,3,1,1,06/10/2025,2,10:41,-1,E07000079,E10000013,E10000013,6,0,6,30,-1,19,4,6,0,-1,-1,0,1,1,1,-1,-1,13,2,2,2,E01022213,3,1,0,1
2025451608191,2025,451608191,509188,158517,-0.43469,51.3153,45,2,3,2,21/06/2025,7,11:15,-1,E07000207,E10000030,E10000030,1,25,3,70,-1,0,-1,0,-1,-1,-1,0,1,1,1,-1,-1,13,2,1,1,E01030302,7,1,1,0
2025332500386,2025,332500386,457430,303285,-1.15304,52.6243,33,2,2,1,16/04/2025,4,10:45,-1,E06000016,E06000016,E06000016,3,5460,6,30,-1,0,-1,0,-1,-1,-1,14,1,1,1,-1,-1,13,1,3,2,E01013776,5,1,1,0
2025010567950,2025,010567950,508395,174295,-0.44125,51.45727,1,3,2,2,04/04/2025,6,20:30,-1,E09000017,E09000017,E09000017,3,30,3,40,0,0,-1,0,-1,0,0,0,4,1,1,4,0,13,1,3,2,E01002444,-1,0,0,1
2025010553109,2025,010553109,537973,183169,-0.01231,51.53058,1,3,1,1,09/01/2025,5,15:38,-1,E09000025,E09000025,E09000025,3,11,7,20,0,0,-1,0,-1,0,9,0,1,1,1,4,0,13,1,3,2,E01033579,-1,0,0,1
2025471566083,2025,471566083,517623,122551,-0.32545,50.99035,47,2,2,2,17/03/2025,2,21:22,-1,E07000227,E10000032,E10000032,3,272,6,60,-1,0,-1,0,-1,-1,-1,0,6,1,1,-1,-1,13,2,1,2,E01031632,7,1,1,0
2025991555204,2025,991555204,369043,677774,-2.49782,55.99192,99,3,2,1,17/02/2025,2,12:15,-1,S12000010,S12000010,S12000010,6,0,2,20,-1,0,-1,3,1087,-1,-1,12,1,3,2,-1,-1,13,2,1,-1,-1,3,1,0,1
2025161620450,2025,161620450,508807,429393,-0.35143,53.74956,16,2,1,1,24/07/2025,5,11:45,-1,E06000010,E06000010,E06000010,6,0,6,30,-1,13,2,6,0,-1,-1,15,1,1,1,-1,-1,13,1,1,2,E01012850,6,1,1,0
2025231660123,2025,231660123,427705,266640,-1.59517,52.29719,23,2,3,1,28/10/2025,3,00:48,-1,E07000222,E10000031,E10000031,3,46,3,70,-1,0,-1,0,-1,-1,-1,0,6,1,2,-1,-1,13,2,1,1,E01031312,7,1,1,0
2025991639476,2025,991639476,241333,859016,-4.65625,57.59319,99,2,2,1,09/09/2025,3,14:15,-1,S12000017,S12000017,S12000017,3,835,6,60,-1,0,-1,0,-1,-1,-1,0,1,1,1,-1,-1,13,2,1,-1,-1,6,1,1,0
2025430574062,2025,430574062,451126,206367,-1.26075,51.75367,43,3,2,1,10/11/2025,2,13:01,-1,E07000178,E10000025,E10000025,6,0,6,20,-1,13,4,6,0,-1,-1,0,1,2,2,-1,-1,13,1,1,2,E01028521,3,1,0,1
2025451620513,2025,451620513,532824,155649,-0.09679,51.2845,45,3,2,1,24/07/2025,5,18:29,-1,E07000215,E10000030,E10000030,6,0,6,30,-1,19,2,4,2031,-1,-1,0,1,1,2,-1,-1,13,1,2,2,E01030858,3,1,0,1
2025471538362,2025,471538362,529904,109206,-0.15532,50.86777,47,3,1,2,07/01/2025,3,02:00,-1,E06000043,E06000043,E06000043,3,27,3,50,-1,0,-1,3,23,-1,-1,0,4,1,1,-1,-1,13,2,1,1,E01016928,3,1,0,1
2025141577162,2025,141577162,454171,399279,-1.18507,53.48744,14,1,3,1,12/04/2025,7,11:30,-1,E08000017,E08000017,E08000017,4,6376,6,30,-1,0,-1,6,0,-1,-1,0,1,1,1,-1,-1,13,1,1,2,E01007545,1,1,0,0
2025201561009,2025,201561009,418612,282707,-1.72762,52.44202,20,3,2,2,04/03/2025,3,12:22,-1,E08000029,E08000029,E08000029,4,4438,3,70,-1,0,-1,6,0,-1,-1,0,1,1,1,-1,-1,13,2,1,2,E01010109,3,1,0,1
2025131547324,2025,131547324,429109,433778,-1.55954,53.7995,13,3,1,1,27/01/2025,2,10:00,-1,E08000035,E08000035,E08000035,6,0,6,30,-1,0,-1,6,0,-1,-1,0,1,1,1,-1,-1,13,1,2,2,E01011678,3,1,0,1
2025010567994,2025,010567994,549653,179975,0.15459,51.49891,1,3,2,1,05/04/2025,7,14:20,-1,E09000004,E09000004,E09000004,6,0,6,20,-1,0,4,0,-1,-1,-1,0,1,1,1,-1,-1,13,1,1,2,E01000335,3,1,0,1
2025010557515,2025,010557515,523346,179848,-0.22423,51.50411,1,2,2,1,04/02/2025,3,11:02,-1,E09000013,E09000013,E09000013,3,219,2,20,-1,0,-1,0,-1,-1,-1,15,1,1,1,-1,-1,13,1,1,2,E01001943,6,1,1,0
2025010594758,2025,010594758,553189,190329,0.21,51.59099,1,3,2,1,31/08/2025,1,13:16,-1,E09000016,E09000016,E09000016,3,118,6,30,-1,13,2,5,0,-1,-1,14,1,1,1,-1,-1,13,1,1,2,E01002383,3,1,0,1
2025351567508,2025,351567508,547540,258001,0.15745,52.2005,35,3,2,1,15/03/2025,7,09:00,-1,E07000008,E10000003,E10000003,3,1134,6,30,-1,19,4,3,1134,-1,-1,0,1,1,1,-1,-1,13,1,1,2,E01017997,3,1,0,1
2025421552143,2025,421552143,552287,223852,0.21165,51.89242,42,2,2,1,08/02/2025,7,21:42,-1,E07000077,E10000012,E10000012,1,11,3,70,-1,0,-1,0,-1,-1,-1,0,6,1,2,-1,-1,13,2,1,1,E01022086,7,1,1,0
2025501710721,2025,501710721,210526,60075,-4.66801,50.40992,50,3,2,1,18/02/2025,3,13:30,-1,E06000052,E06000052,E06000052,3,390,6,40,-1,0,-1,0,-1,-1,-1,0,1,2,2,-1,-1,13,2,1,2,E01019035,3,1,0,1
2025430288731,2025,430288731,446878,242361,-1.3174,52.07763,43,3,2,1,10/06/2025,3,18:20,-1,E07000177,E10000025,E10000025,1,40,3,70,5,0,4,6,0,0,0,0,1,1,1,4,0,13,2,3,1,E01028437,-1,0,0.00259,0.99741
2025141688138,2025,141688138,445328,400129,-1.3182,53.49592,14,2,2,1,26/12/2025,6,14:06,-1,E08000018,E08000018,E08000018,6,0,6,40,-1,0,-1,6,0,-1,-1,0,1,8,2,-1,-1,13,1,1,2,E01007816,6,1,1,0
2025131562436,2025,131562436,420212,445642,-1.69384,53.90655,13,3,1,1,06/03/2025,5,11:30,-1,E08000035,E08000035,E08000035,4,6451,6,20,-1,13,4,6,0,-1,-1,0,1,9,1,-1,-1,13,1,2,2,E01011569,3,1,0,1
2025411603604,2025,411603604,536016,209159,-0.03041,51.7646,41,3,2,3,05/06/2025,5,13:22,-1,E07000095,E10000015,E10000015,3,10,3,70,-1,0,-1,0,-1,-1,-1,0,1,2,2,-1,-1,13,2,1,2,E01023322,3,1,0,1
2025471563823,2025,471563823,512089,103266,-0.41019,50.8181,47,3,2,1,11/03/2025,3,19:00,-1,E07000229,E10000032,E10000032,6,0,6,30,-1,0,-1,0,-1,-1,-1,17,7,1,1,-1,-1,13,1,1,2,E01034829,3,1,0,1
2025070881191,2025,070881191,370784,354884,-2.43769,53.09036,7,3,3,4,27/10/2025,2,10:45,-1,E06000049,E06000049,E06000049,3,5019,6,30,-1,16,4,6,0,-1,-1,0,1,2,2,-1,-1,13,1,1,2,E01018486,3,1,0,1
2025031597565,2025,031597565,339603,523374,-2.93643,54.60191,3,3,1,1,02/06/2025,2,13:20,-1,E06000064,E06000064,E06000064,3,5091,6,30,-1,0,-1,6,0,-1,-1,0,1,1,1,-1,-1,13,2,1,2,E01019339,3,1,0,1
2025201641546,2025,201641546,404372,287633,-1.93705,52.4866,20,3,2,3,13/09/2025,7,23:10,-1,E08000025,E08000025,E08000025,3,457,3,30,-1,16,2,3,4040,-1,-1,15,4,1,1,-1,-1,13,1,1,2,E01009345,3,1,0,1
2025440366041,2025,440366041,445457,115665,-1.35442,50.93864,44,3,2,1,13/08/2025,4,17:57,-1,E07000086,E10000014,E10000014,1,27,3,50,0,0,-1,0,-1,0,0,0,1,1,1,4,0,13,2,3,1,E01022713,-1,0,0,1
2025622500684,2025,622500684,279879,185133,-3.73392,51.55226,62,2,2,1,15/10/2025,4,16:21,-1,W06000012,W06000012,W06000012,1,4,3,50,0,0,-1,0,-1,0,0,0,1,1,1,4,0,13,2,1,-1,W01000933,-1,0,1,0
2025430554787,2025,430554787,438257,172183,-1.45089,51.44735,43,2,2,2,30/10/2025,5,17:00,-1,E06000037,E06000037,E06000037,1,4,3,70,-1,0,-1,0,-1,-1,-1,0,6,1,1,-1,-1,13,2,3,1,E01016301,7,1,1,0
2025501548967,2025,501548967,224861,80262,-4.47593,50.59574,50,2,2,2,31/01/2025,6,16:15,-1,E06000052,E06000052,E06000052,3,30,3,70,-1,13,4,4,3257,-1,-1,0,1,1,1,-1,-1,13,2,1,1,E01018925,7,1,1,0
2025031569267,2025,031569267,299101,526828,-3.56437,54.62647,3,3,2,1,26/03/2025,4,00:16,-1,E06000063,E06000063,E06000063,3,597,6,30,-1,0,-1,3,597,-1,-1,0,4,1,1,-1,-1,13,1,1,2,E01019111,3,1,0,1
2025411655122,2025,411655122,512665,193459,-0.37369,51.62867,41,2,2,1,11/10/2025,7,09:10,-1,E07000102,E10000015,E10000015,3,4008,6,40,-1,13,4,6,0,-1,-1,0,1,1,1,-1,-1,13,1,1,2,E01023810,7,1,1,0
2025221582861,2025,221582861,352990,216061,-2.68375,51.84116,22,3,2,1,11/04/2025,6,13:45,-1,E06000019,E06000019,E06000019,3,40,3,70,-1,0,-1,0,-1,-1,-1,0,1,1,1,-1,-1,13,2,1,1,E01014031,3,1,0,1
2025520500597,2025,520500597,344986,154489,-2.79026,51.28687,52,3,2,1,14/01/2025,3,12:24,-1,E06000066,E06000066,E06000066,3,371,6,30,-1,0,-1,0,-1,-1,-1,0,1,1,1,-1,-1,13,2,1,2,E01029128,3,1,0,1
2025471565792,2025,471565792,581547,109269,0.57793,50.85444,47,3,2,1,17/03/2025,2,08:00,-1,E07000062,E10000011,E10000011,6,0,6,30,-1,13,2,6,0,-1,-1,0,1,2,2,-1,-1,13,1,2,2,E01020979,3,1,0,1
2025332500880,2025,332500880,446915,325415,-1.30521,52.82423,33,2,2,1,12/09/2025,6,23:50,-1,E07000134,E10000018,E10000018,3,453,1,50,-1,-1,4,3,453,-1,-1,0,4,1,1,-1,-1,13,2,1,1,E01025944,7,1,1,0
2025361561627,2025,361561627,560779,318688,0.38024,52.74191,36,3,2,2,05/03/2025,4,04:35,-1,E07000146,E10000020,E10000020,3,47,1,60,-1,0,-1,6,0,-1,-1,0,6,8,2,-1,-1,13,2,1,1,E01026713,3,1,0,1
2025541667808,2025,541667808,383739,155287,-2.23461,51.29647,54,3,2,1,12/11/2025,4,07:45,-1,E06000054,E06000054,E06000054,6,0,1,30,-1,-1,4,3,361,-1,-1,0,1,1,2,-1,-1,13,2,3,2,E01032083,3,1,0,1
2025010552905,2025,010552905,530129,178983,-0.12687,51.49482,1,3,2,1,08/01/2025,4,16:28,-1,E09000033,E09000033,E09000033,4,323,6,20,-1,16,4,6,0,-1,-1,0,4,2,2,-1,-1,13,1,1,2,E01035719,3,1,0,1
2025302501668,2025,302501668,423086,362448,-1.6562,53.15866,30,3,4,1,22/08/2025,6,09:22,-1,E07000035,E10000007,E10000007,4,5056,6,50,-1,0,-1,0,-1,-1,-1,0,1,1,1,-1,-1,13,2,1,2,E01019630,3,1,0,1
2025430489154,2025,430489154,436128,187349,-1.47997,51.58385,43,3,2,1,24/09/2025,4,16:59,-1,E07000180,E10000025,E10000025,4,4001,6,20,3,13,2,6,0,0,0,0,1,1,1,4,0,13,2,1,2,E01028720,-1,0,0.01706,0.98294
2025061565455,2025,061565455,398262,400941,-2.02767,53.50516,6,2,2,1,15/03/2025,7,22:10,-1,E08000008,E08000008,E08000008,4,6175,6,30,-1,0,-1,6,0,-1,-1,0,4,1,1,-1,-1,13,1,1,2,E01006061,7,1,1,0
2025201564793,2025,201564793,412361,291024,-1.81927,52.51696,20,3,1,1,14/03/2025,6,07:46,-1,E08000025,E08000025,E08000025,4,4148,6,30,-1,17,2,3,38,-1,-1,14,1,1,2,-1,-1,13,1,1,2,E01009011,3,1,0,1
2025471614685,2025,471614685,533848,113625,-0.09768,50.90659,47,3,2,1,10/07/2025,5,15:32,-1,E07000063,E10000011,E10000011,4,2116,6,60,-1,13,4,6,0,-1,-1,0,1,1,1,-1,-1,13,2,1,2,E01021026,3,1,0,1
2025041596092,2025,041596092,359081,419710,-2.62085,53.67225,4,3,2,1,29/03/2025,7,09:22,-1,E07000118,E10000017,E10000017,3,674,1,50,-1,-1,2,3,674,-1,-1,0,1,1,1,-1,-1,13,2,1,2,E01034339,3,1,0,1
2025361596293,2025,361596293,621775,299788,1.26971,52.55073,36,2,4,2,30/05/2025,6,07:43,-1,E07000149,E10000020,E10000020,3,140,6,60,-1,13,2,6,0,-1,-1,0,1,1,1,-1,-1,13,2,1,2,E01026919,7,1,1,0
2025052501970,2025,052501970,341834,396791,-2.87761,53.46463,5,3,4,1,28/10/2025,3,13:50,-1,E08000011,E08000011,E08000011,3,580,3,40,6,16,2,3,5207,0,5,15,1,1,1,4,0,13,1,1,2,E01006418,-1,0,0.01777,0.98223
2025302501939,2025,302501939,417105,343365,-1.74665,52.98735,30,2,2,1,08/12/2025,2,19:03,-1,E07000035,E10000007,E10000007,3,515,6,50,-1,13,4,6,0,-1,-1,0,6,1,2,-1,-1,13,2,1,2,E01019607,5,1,1,0
2025311671338,2025,311671338,450231,338932,-1.25392,52.94543,31,2,1,1,19/11/2025,4,21:17,-1,E07000172,E10000024,E10000024,3,6002,6,40,-1,0,-1,0,-1,-1,-1,0,4,1,1,-1,-1,13,2,1,2,E01028125,5,1,1,0
2025991577789,2025,991577789,347650,703450,-2.84577,56.22072,99,3,3,1,14/04/2025,2,13:45,-1,S12000047,S12000047,S12000047,4,942,6,20,-1,0,-1,6,0,-1,-1,0,1,1,1,-1,-1,13,2,1,-1,-1,3,1,0,1
2025161558727,2025,161558727,483627,430487,-0.73287,53.76403,16,1,5,2,26/02/2025,4,16:40,-1,E06000011,E06000011,E06000011,1,62,3,70,-1,0,-1,0,-1,-1,-1,0,1,1,2,-1,-1,13,2,1,1,E01013026,1,1,0,0
2025010578013,2025,010578013,528719,182335,-0.14595,51.52527,1,3,2,1,31/05/2025,7,16:27,-1,E09000007,E09000007,E09000007,6,0,6,20,-1,16,2,6,0,-1,-1,0,1,1,1,-1,-1,13,1,1,2,E01000946,3,1,0,1
2025010566872,2025,010566872,529411,170046,-0.14047,51.41467,1,3,2,1,30/03/2025,1,11:58,-1,E09000022,E09000022,E09000022,4,272,6,20,-1,99,9,6,0,-1,-1,13,1,1,1,-1,-1,13,1,3,2,E01003139,3,1,0,1
2025010581034,2025,010581034,516144,174321,-0.32976,51.45596,1,3,2,1,16/06/2025,2,19:45,-1,E09000027,E09000027,E09000027,3,316,1,40,-1,-1,2,6,0,-1,-1,15,1,1,1,-1,-1,13,1,1,2,E01003869,3,1,0,1
2025161679246,2025,161679246,474572,426637,-0.87113,53.73081,16,3,2,1,05/12/2025,6,15:20,-1,E06000011,E06000011,E06000011,1,62,3,70,-1,0,-1,0,-1,-1,-1,0,6,4,1,-1,-1,13,2,1,1,E01013016,3,1,0,1
2025430005015,2025,430005015,487373,170290,-0.74472,51.42489,43,3,1,2,01/10/2025,4,16:24,-1,E06000036,E06000036,E06000036,6,0,2,40,-1,0,-1,0,-1,-1,-1,0,1,1,1,-1,-1,13,1,1,2,E01016190,3,1,0,1
2025010589913,2025,010589913,522707,182921,-0.23236,51.53187,1,3,1,1,01/08/2025,6,21:58,-1,E09000005,E09000005,E09000005,3,404,2,30,-1,0,-1,0,-1,-1,-1,0,4,1,1,-1,-1,13,1,1,2,E01000531,3,1,0,1
2025421587224,2025,421587224,585019,208887,0.67882,51.74812,42,2,2,1,08/05/2025,5,11:00,-1,E07000074,E10000012,E10000012,6,0,6,30,-1,16,4,6,0,-1,-1,0,1,1,1,-1,-1,13,2,1,2,E01021882,6,1,1,0
2025131555247,2025,131555247,431938,427908,-1.51719,53.74657,13,3,2,1,16/02/2025,1,12:44,-1,E08000035,E08000035,E08000035,1,1,3,70,-1,0,-1,0,-1,-1,-1,0,1,1,1,-1,-1,13,2,1,1,E01035049,3,1,0,1
2025010570310,2025,010570310,532745,167899,-0.09336,51.39461,1,3,2,1,19/04/2025,7,11:00,-1,E09000008,E09000008,E09000008,3,212,6,30,-1,17,4,5,0,-1,-1,0,1,1,1,-1,-1,13,1,1,2,E01001114,3,1,0,1
2025010613486,2025,010613486,534474,183194,-0.06271,51.53165,1,3,1,1,04/12/2025,5,21:20,-1,E09000030,E09000030,E09000030,3,1208,6,20,-1,16,2,6,0,-1,-1,15,4,1,2,-1,-1,13,1,1,2,E01004200,3,1,0,1
2025451575384,2025,451575384,538664,152332,-0.01439,51.2533,45,3,2,1,20/03/2025,5,16:44,-1,E07000215,E10000030,E10000030,3,25,6,30,-1,13,4,6,0,-1,-1,0,1,1,1,-1,-1,13,1,1,2,E01030838,3,1,0,1
2025991626173,2025,991626173,313435,692427,-3.39377,56.11671,99,3,1,2,07/08/2025,5,23:55,-1,S12000047,S12000047,S12000047,1,90,3,70,-1,0,-1,0,-1,-1,-1,0,6,1,1,-1,-1,13,2,1,-1,-1,3,1,0,1
2025010596459,2025,010596459,529511,177564,-0.13629,51.48221,1,3,1,1,09/09/2025,3,08:28,-1,E09000032,E09000032,E09000032,3,3205,6,30,-1,13,2,6,0,-1,-1,15,1,1,1,-1,-1,13,1,3,2,E01035496,3,1,0,1
2025421614916,2025,421614916,541637,192965,0.04442,51.6177,42,3,3,1,11/07/2025,6,22:37,-1,E07000072,E10000012,E10000012,6,0,6,30,-1,19,4,6,0,-1,-1,0,4,1,1,-1,-1,13,1,1,2,E01021744,3,1,0,1
2025531630711,2025,531630711,402720,200906,-1.96204,51.70689,53,2,1,1,19/08/2025,3,10:40,-1,E07000079,E10000013,E10000013,6,0,6,30,-1,13,4,6,0,-1,-1,17,1,1,1,-1,-1,13,1,1,2,E01022198,7,1,1,0
2025451560736,2025,451560736,504471,166828,-0.49991,51.39089,45,3,2,1,03/03/2025,2,09:08,-1,E07000212,E10000030,E10000030,4,375,3,30,-1,0,-1,0,-1,-1,-1,12,1,1,1,-1,-1,13,1,1,2,E01030659,3,1,0,1
2025161675495,2025,161675495,502793,436879,-0.4401,53.81804,16,3,2,2,28/11/2025,6,17:15,-1,E06000011,E06000011,E06000011,3,1079,6,60,-1,-1,4,3,1079,-1,-1,0,4,1,2,-1,-1,13,2,1,2,E01034756,3,1,0,1
2025501569520,2025,501569520,180763,47760,-5.07912,50.28897,50,2,2,1,26/03/2025,4,08:20,-1,E06000052,E06000052,E06000052,4,3284,6,30,-1,0,-1,6,0,-1,-1,14,1,1,1,-1,-1,13,2,1,2,E01018821,7,1,1,0
2025131541049,2025,131541049,442469,440014,-1.35585,53.85463,13,3,1,1,13/01/2025,2,20:15,-1,E08000035,E08000035,E08000035,3,64,3,50,-1,0,-1,6,0,-1,-1,0,6,1,1,-1,-1,13,2,1,2,E01011309,3,1,0,1
2025531624668,2025,531624668,395205,212927,-2.07096,51.81495,53,3,2,1,04/08/2025,2,16:09,-1,E07000079,E10000013,E10000013,3,417,3,70,-1,0,-1,0,-1,-1,-1,0,1,5,2,-1,-1,13,2,1,1,E01022201,3,1,0,1
2025440034533,2025,440034533,430199,104159,-1.57252,50.83618,44,3,2,1,23/01/2025,5,13:00,-1,E07000091,E10000014,E10000014,3,337,6,60,0,0,-1,0,-1,0,0,0,1,1,1,4,0,13,2,3,2,E01022998,-1,0,0,1
2025451621729,2025,451621729,505116,168892,-0.49003,51.40932,45,2,2,2,28/07/2025,2,14:00,-1,E07000213,E10000030,E10000030,4,376,6,30,-1,13,2,6,0,-1,-1,0,1,1,1,-1,-1,13,1,1,2,E01030721,7,1,1,0
2025221683604,2025,221683604,380457,256151,-2.28738,52.20324,22,3,1,1,16/12/2025,3,06:00,-1,E07000235,E10000034,E10000034,6,0,6,30,-1,0,-1,6,0,-1,-1,0,6,2,2,-1,-1,13,2,3,2,E01032182,3,1,0,1
2025332500342,2025,332500342,459170,303420,-1.12732,52.62533,33,3,2,1,11/04/2025,6,10:20,-1,E06000016,E06000016,E06000016,6,0,2,30,-1,13,4,6,0,-1,-1,0,1,1,1,-1,-1,13,1,1,2,E01034019,3,1,0,1
2025221599689,2025,221599689,350746,238639,-2.71956,52.04395,22,2,1,1,28/05/2025,4,18:06,-1,E06000019,E06000019,E06000019,6,0,6,30,-1,16,2,3,49,-1,-1,15,1,1,1,-1,-1,13,1,1,2,E01014070,7,1,1,0
2025052501453,2025,052501453,336516,390464,-2.95642,53.40716,5,3,1,1,29/07/2025,3,11:28,-1,E08000012,E08000012,E08000012,3,5047,3,30,0,0,-1,0,-1,0,4,14,1,2,1,4,0,13,1,1,2,E01006748,-1,0,0.11807,0.88193
2025010613516,2025,010613516,534920,184137,-0.05593,51.54001,1,3,2,1,04/12/2025,5,20:30,-1,E09000012,E09000012,E09000012,3,107,2,20,-1,13,2,3,106,-1,-1,14,4,1,1,-1,-1,13,1,1,2,E01033704,3,1,0,1
2025461620071,2025,461620071,635971,169136,1.38901,51.37222,46,3,2,1,22/07/2025,3,17:36,-1,E07000114,E10000016,E10000016,6,0,6,40,-1,13,2,3,254,-1,-1,0,1,2,2,-1,-1,13,1,1,2,E01024696,3,1,0,1
2025231660322,2025,231660322,435084,291634,-1.48436,52.52146,23,3,1,1,18/10/2025,7,11:00,-1,E07000219,E10000031,E10000031,4,4102,6,30,-1,13,4,6,0,-1,-1,0,1,1,1,-1,-1,13,1,1,2,E01031059,3,1,0,1
2025522502018,2025,522502018,358214,188420,-2.6046,51.59307,52,3,2,1,04/08/2025,2,10:28,-1,E06000025,E06000025,E06000025,1,48,3,70,-1,0,-1,0,-1,-1,-1,0,1,1,1,-1,-1,13,2,1,1,E01014963,3,1,0,1
2025351658002,2025,351658002,503707,304563,-0.46922,52.62893,35,3,2,2,02/10/2025,5,22:16,-1,E06000031,E06000031,E06000031,3,1,3,70,-1,0,-1,4,1081,-1,-1,0,6,1,1,-1,-1,13,2,1,1,E01015590,3,1,0,1
2025052502176,2025,052502176,335818,398682,-2.9686,53.48093,5,3,1,1,25/11/2025,3,10:39,-1,E08000014,E08000014,E08000014,3,5036,3,40,0,0,-1,0,-1,0,4,14,1,1,1,4,0,13,1,1,1,E01007054,-1,0,0.22926,0.77074
2025010588353,2025,010588353,525084,177879,-0.1999,51.48604,1,3,2,2,23/07/2025,4,17:30,-1,E09000013,E09000013,E09000013,3,3218,3,20,-1,18,4,6,0,-1,-1,0,1,1,1,-1,-1,13,1,1,2,E01001884,3,1,0,1
2025010559480,2025,010559480,529324,186563,-0.13568,51.56313,1,3,2,1,16/02/2025,1,10:15,-1,E09000019,E09000019,E09000019,3,400,6,20,-1,13,4,6,0,-1,-1,0,1,1,1,-1,-1,13,1,1,2,E01002770,3,1,0,1
2025340WN0212,2025,340WN0212,465607,260337,-1.04068,52.23732,34,3,1,1,12/01/2025,1,19:25,-1,E06000062,E06000062,E06000062,1,1,3,70,-1,0,-1,0,-1,-1,-1,0,6,1,2,-1,-1,13,2,1,1,E01027287,3,1,0,1
2025052501662,2025,052501662,331979,388737,-3.02428,53.39107,5,3,1,1,04/09/2025,5,21:40,-1,E08000015,E08000015,E08000015,6,0,6,20,2,0,4,6,0,0,0,0,4,1,2,4,0,13,1,1,2,E01007128,-1,0,0.13377,0.86623
2025131568210,2025,131568210,416672,419065,-1.74915,53.6678,13,2,2,2,17/03/2025,2,20:32,-1,E08000034,E08000034,E08000034,3,62,6,30,-1,13,4,6,0,-1,-1,13,4,1,1,-1,-1,13,1,1,2,E01011103,5,1,1,0
2025010602221,2025,010602221,546940,183071,0.11683,51.52744,1,3,2,1,06/10/2025,2,20:18,-1,E09000002,E09000002,E09000002,5,0,6,30,-1,13,4,6,0,-1,-1,0,4,1,1,-1,-1,13,2,1,2,E01000094,3,1,0,1
2025010568715,2025,010568715,519324,181306,-0.28165,51.51808,1,3,2,1,09/04/2025,4,11:15,-1,E09000009,E09000009,E09000009,5,0,6,20,3,13,4,6,0,0,4,14,1,1,1,4,0,13,1,3,2,E01001274,-1,0,0,1
2025010575423,2025,010575423,535287,198784,-0.04499,51.67155,1,2,3,1,16/05/2025,6,13:52,-1,E09000010,E09000010,E09000010,6,0,6,30,0,0,-1,0,-1,0,0,0,1,1,1,4,0,13,1,1,2,E01001547,-1,0,1,0
2025010567989,2025,010567989,515884,191913,-0.32772,51.61413,1,3,2,1,05/04/2025,7,14:25,-1,E09000015,E09000015,E09000015,3,410,6,30,-1,13,9,6,0,-1,-1,17,1,1,1,-1,-1,13,1,3,2,E01002228,3,1,0,1
2025991548025,2025,991548025,297374,578129,-3.60936,55.08695,99,3,1,1,29/01/2025,4,16:10,-1,S12000006,S12000006,S12000006,3,75,6,60,-1,0,-1,0,-1,-1,-1,0,1,1,1,-1,-1,13,2,1,-1,-1,3,1,0,1
2025010595330,2025,010595330,528986,184915,-0.14116,51.54839,1,3,1,1,03/09/2025,4,13:30,-1,E09000007,E09000007,E09000007,3,400,6,20,-1,0,-1,0,-1,-1,-1,14,1,2,2,-1,-1,13,1,1,2,E01000870,3,1,0,1
2025010614890,2025,010614890,520186,176253,-0.27096,51.47249,1,2,1,1,12/12/2025,6,03:10,-1,E09000027,E09000027,E09000027,3,316,6,40,-1,0,-1,0,-1,-1,-1,0,4,1,1,-1,-1,13,2,1,2,E01033570,6,1,1,0
2025471639783,2025,471639783,544880,102924,0.05489,50.80776,47,3,2,2,09/09/2025,3,21:45,-1,E07000063,E10000011,E10000011,3,26,6,40,-1,19,4,6,0,-1,-1,0,5,1,1,-1,-1,13,2,2,1,E01021057,3,1,0,1
2025451600602,2025,451600602,489358,132852,-0.72552,51.08803,45,3,2,1,03/05/2025,7,23:10,-1,E07000216,E10000030,E10000030,4,2131,6,30,-1,16,4,6,0,-1,-1,0,4,1,1,-1,-1,13,1,1,2,E01030928,3,1,0,1
2025541654313,2025,541654313,390165,174447,-2.14298,51.4689,54,3,2,2,06/10/2025,2,16:49,-1,E06000054,E06000054,E06000054,3,350,1,40,-1,-1,4,3,350,-1,-1,0,1,1,1,-1,-1,13,2,3,2,E01031907,3,1,0,1
2025122501165,2025,122501165,463141,427512,-1.04419,53.74018,12,3,3,1,24/10/2025,6,11:16,-1,E06000065,E06000065,E06000065,3,1041,6,30,0,0,-1,0,-1,0,0,0,1,1,1,4,0,13,2,1,2,E01027883,-1,0,0.04945,0.95055
2025010568693,2025,010568693,530387,160233,-0.13004,51.32626,1,3,2,1,09/04/2025,4,14:50,-1,E09000008,E09000008,E09000008,4,2030,7,20,-1,99,9,3,23,-1,-1,0,1,8,1,-1,-1,13,1,3,2,E01001023,3,1,0,1
2025411591846,2025,411591846,523636,235950,-0.20012,52.00822,41,3,2,1,11/05/2025,1,11:00,-1,E07000099,E10000015,E10000015,3,507,6,30,-1,0,-1,6,0,-1,-1,0,1,1,1,-1,-1,13,2,1,2,E01023585,3,1,0,1
2025041631266,2025,041631266,388545,435350,-2.17546,53.8143,4,3,2,1,20/08/2025,4,12:37,-1,E07000117,E10000017,E10000017,6,0,6,60,-1,19,4,6,0,-1,-1,0,1,1,1,-1,-1,13,2,1,2,E01024860,3,1,0,1
2025451573780,2025,451573780,534090,155614,-0.07866,51.28389,45,3,2,1,04/04/2025,6,17:08,-1,E07000215,E10000030,E10000030,4,2208,6,30,-1,0,-1,6,0,-1,-1,0,1,1,1,-1,-1,13,1,2,2,E01030850,3,1,0,1
2025010566580,2025,010566580,535198,171587,-0.05672,51.42717,1,3,2,1,29/03/2025,7,16:25,-1,E09000023,E09000023,E09000023,3,212,6,30,-1,13,4,5,0,-1,-1,15,1,1,1,-1,-1,13,1,3,2,E01003334,3,1,0,1
2025010609022,2025,010609022,523734,169770,-0.22216,51.41346,1,3,2,1,12/11/2025,4,15:20,-1,E09000024,E09000024,E09000024,4,235,6,20,-1,13,4,6,0,-1,-1,14,1,1,1,-1,-1,13,1,1,2,E01003399,3,1,0,1
2025351642680,2025,351642680,522610,273157,-0.20162,52.34279,35,3,2,1,25/08/2025,2,07:13,-1,E07000011,E10000003,E10000003,3,141,3,30,-1,0,-1,6,0,-1,-1,0,1,1,1,-1,-1,13,2,1,2,E01034436,3,1,0,1
2025371658443,2025,371658443,637155,260525,1.46839,52.19193,37,3,2,1,08/08/2025,6,22:20,-1,E07000244,E10000029,E10000029,3,12,3,30,-1,13,4,3,1094,-1,-1,0,6,1,1,-1,-1,13,2,1,2,E01030212,3,1,0,1
2025451547436,2025,451547436,507140,164721,-0.4622,51.37145,45,3,1,1,28/01/2025,3,09:00,-1,E07000207,E10000030,E10000030,4,374,6,30,-1,-1,2,6,0,-1,-1,14,1,1,1,-1,-1,13,1,2,2,E01030374,3,1,0,1
2025340WN3162,2025,340WN3162,467567,244476,-1.01514,52.09451,34,3,2,1,10/06/2025,3,07:30,-1,E06000062,E06000062,E06000062,3,43,3,60,-1,0,-1,0,-1,-1,-1,0,1,1,1,-1,-1,13,2,3,1,E01027295,3,1,0,1
2025031595240,2025,031595240,351305,494522,-2.75055,54.34391,3,3,2,1,19/03/2025,4,22:54,-1,E06000064,E06000064,E06000064,6,0,6,30,-1,0,-1,6,0,-1,-1,0,4,1,1,-1,-1,13,1,1,2,E01019370,3,1,0,1
2025411656533,2025,411656533,509705,202219,-0.41369,51.70799,41,2,2,1,14/10/2025,3,14:01,-1,E07000102,E10000015,E10000015,6,0,6,30,-1,0,-1,6,0,-1,-1,0,1,1,1,-1,-1,13,1,1,2,E01023804,6,1,1,0
2025440031194,2025,440031194,448883,110467,-1.30636,50.89163,44,2,2,1,21/01/2025,3,09:23,-1,E07000086,E10000014,E10000014,1,27,3,50,0,0,-1,0,-1,0,0,0,1,1,1,4,0,13,1,2,1,E01022657,-1,0,0.88395,0.11605
2025041667643,2025,041667643,353511,464809,-2.71201,54.07709,4,3,2,2,08/11/2025,7,18:05,-1,E07000121,E10000017,E10000017,3,683,6,50,-1,0,-1,0,-1,-1,-1,0,7,1,1,-1,-1,13,2,2,2,E01025133,3,1,0,1
2025211670764,2025,211670764,414419,310566,-1.7881,52.69259,21,3,3,1,19/11/2025,4,17:11,-1,E07000194,E10000028,E10000028,3,38,3,70,-1,0,-1,0,-1,-1,-1,0,4,1,2,-1,-1,13,2,1,1,E01034105,3,1,0,1
2025440184037,2025,440184037,452770,91922,-1.25377,50.72453,44,2,2,1,28/04/2025,2,09:30,-1,E06000046,E06000046,E06000046,3,3054,6,50,0,0,-1,0,-1,0,8,17,1,1,1,4,0,13,2,1,2,E01017367,-1,0,0.95434,0.04566
2025201632421,2025,201632421,390962,298614,-2.13483,52.58526,20,3,2,1,23/08/2025,7,12:08,-1,E08000031,E08000031,E08000031,3,4150,1,30,-1,0,-1,0,-1,-1,-1,0,1,1,1,-1,-1,13,1,1,2,E01034312,3,1,0,1
2025451559608,2025,451559608,522076,141497,-0.25565,51.15971,45,2,1,1,28/02/2025,6,19:05,-1,E07000210,E10000030,E10000030,6,0,6,40,-1,0,-1,6,0,-1,-1,0,6,1,2,-1,-1,13,2,1,2,E01030528,6,1,1,0
2025401695039,2025,401695039,493456,238339,-0.63901,52.03559,40,3,2,1,23/10/2025,5,23:56,-1,E06000056,E06000056,E06000056,1,1,3,70,-1,0,-1,0,-1,-1,-1,0,6,1,1,-1,-1,13,2,1,1,E01033814,3,1,0,1
2025461640200,2025,461640200,575159,135966,0.50012,51.09625,46,2,2,1,11/09/2025,5,11:00,-1,E07000116,E10000016,E10000016,4,2085,6,60,-1,0,-1,6,0,-1,-1,0,1,1,2,-1,-1,13,2,1,2,E01024787,7,1,1,0
2025211550985,2025,211550985,406536,305064,-1.90484,52.64328,21,3,2,1,05/02/2025,4,19:00,-1,E07000194,E10000028,E10000028,3,461,6,40,-1,13,4,6,0,-1,-1,17,4,1,1,-1,-1,13,2,1,2,E01029523,3,1,0,1
2025991605389,2025,991605389,287536,662716,-3.79766,55.8445,99,3,3,1,12/06/2025,5,21:20,-1,S12000050,S12000050,S12000050,4,7057,6,60,-1,0,-1,6,0,-1,-1,0,6,1,1,-1,-1,13,2,1,-1,-1,3,1,0,1
2025501584533,2025,501584533,234922,72684,-4.33055,50.53058,50,3,2,1,30/04/2025,4,07:30,-1,E06000052,E06000052,E06000052,3,388,6,60,-1,0,-1,0,-1,-1,-1,0,1,1,1,-1,-1,13,2,3,2,E01018967,3,1,0,1
2025430493274,2025,430493274,502545,186934,-0.52175,51.57196,43,3,1,2,26/09/2025,6,21:26,-1,E06000060,E06000060,E06000060,3,40,3,60,-1,0,-1,0,-1,-1,-1,0,5,1,1,-1,-1,13,2,1,2,E01017818,3,1,0,1
2025141662076,2025,141662076,448780,392472,-1.26736,53.42679,14,3,1,1,31/10/2025,6,19:00,-1,E08000018,E08000018,E08000018,6,0,6,30,-1,13,4,4,6093,-1,-1,12,5,2,2,-1,-1,13,1,1,2,E01007684,3,1,0,1
2025010561331,2025,010561331,534855,177522,-0.05939,51.48059,1,2,2,1,27/02/2025,5,19:15,-1,E09000028,E09000028,E09000028,3,2,3,20,-1,0,-1,0,-1,-1,-1,0,4,1,1,-1,-1,13,1,1,2,E01003988,6,1,1,0
2025231561885,2025,231561885,421626,256544,-1.68495,52.2067,23,3,3,1,04/03/2025,3,21:20,-1,E07000221,E10000031,E10000031,3,439,6,50,-1,13,4,6,0,-1,-1,0,6,1,1,-1,-1,13,2,3,2,E01031228,3,1,0,1
2025201670017,2025,201670017,419731,286235,-1.71095,52.47369,20,3,3,2,18/10/2025,7,00:08,-1,E08000029,E08000029,E08000029,1,42,7,70,-1,0,-1,0,-1,-1,-1,0,4,1,1,-1,-1,13,2,1,1,E01010110,3,1,0,1
2025010575290,2025,010575290,514787,183883,-0.34617,51.54218,1,3,2,1,16/05/2025,6,12:35,-1,E09000009,E09000009,E09000009,6,0,6,20,0,0,-1,0,-1,0,5,15,1,1,1,4,0,13,1,1,2,E01001272,-1,0,0,1
2025351594824,2025,351594824,508781,298190,-0.39637,52.57067,35,3,2,2,26/05/2025,2,15:12,-1,E07000011,E10000003,E10000003,3,1,3,70,-1,0,-1,3,1,-1,-1,0,1,1,2,-1,-1,13,2,3,1,E01018128,3,1,0,1
2025351604817,2025,351604817,519360,271967,-0.24973,52.33282,35,3,2,2,11/06/2025,4,20:54,-1,E07000011,E10000003,E10000003,3,141,1,40,-1,0,-1,3,141,-1,-1,0,1,1,1,-1,-1,13,2,1,1,E01018118,3,1,0,1
2025351611124,2025,351611124,549232,256107,0.18135,52.18303,35,2,1,1,18/06/2025,4,12:57,-1,E07000012,E10000003,E10000003,6,0,6,40,-1,0,-1,6,0,-1,-1,0,1,1,1,-1,-1,13,2,1,2,E01018243,7,1,1,0
2025371649437,2025,371649437,619940,243877,1.20621,52.04962,37,3,2,1,02/10/2025,5,13:00,-1,E07000244,E10000029,E10000029,6,0,6,30,-1,0,-1,6,0,-1,-1,0,1,1,1,-1,-1,13,1,1,2,E01030206,3,1,0,1
2025991646594,2025,991646594,256160,666559,-4.30038,55.87066,99,3,2,1,25/09/2025,5,19:05,-1,S12000049,S12000049,S12000049,6,0,6,30,-1,17,4,6,0,-1,-1,0,1,1,1,-1,-1,13,1,1,-1,-1,3,1,0,1
2025340WN7212,2025,340WN7212,474361,259069,-0.91279,52.22482,34,3,2,1,15/12/2025,2,18:14,-1,E06000062,E06000062,E06000062,6,0,1,30,-1,-1,4,6,0,-1,-1,0,4,2,2,-1,-1,13,1,1,2,E01027158,3,1,0,1
2025351655533,2025,351655533,547136,256047,0.15069,52.18305,35,2,2,2,21/06/2025,7,20:07,-1,E07000008,E10000003,E10000003,3,1134,6,30,-1,0,-1,6,0,-1,-1,0,1,1,1,-1,-1,13,1,1,2,E01017992,7,1,1,0
2025430181122,2025,430181122,461652,229251,-1.1042,51.95833,43,3,2,2,13/04/2025,1,18:40,-1,E07000177,E10000025,E10000025,3,4421,6,50,0,0,-1,0,-1,0,0,0,1,1,1,4,0,13,2,3,2,E01028483,-1,0,0.00595,0.99405
2025141576336,2025,141576336,458390,404776,-1.12047,53.5364,14,2,1,1,10/04/2025,5,12:40,-1,E08000017,E08000017,E08000017,6,0,6,30,-1,16,1,3,630,-1,-1,12,1,1,1,-1,-1,13,1,1,2,E01007653,7,1,1,0
2025221541101,2025,221541101,396483,270206,-2.05303,52.32993,22,2,1,1,13/01/2025,2,19:32,-1,E07000234,E10000034,E10000034,3,38,3,60,-1,16,2,4,4184,-1,-1,15,5,1,2,-1,-1,13,1,1,2,E01032158,7,1,1,0
2025501642922,2025,501642922,179875,33180,-5.08311,50.15771,50,3,1,1,17/09/2025,4,13:08,-1,E06000052,E06000052,E06000052,6,0,6,30,-1,16,4,6,0,-1,-1,14,1,2,2,-1,-1,13,1,1,2,E01018838,3,1,0,1
2025201557034,2025,201557034,406555,278636,-1.90507,52.40569,20,3,1,1,20/02/2025,5,18:30,-1,E08000025,E08000025,E08000025,6,0,6,30,-1,13,4,6,0,-1,-1,14,4,1,1,-1,-1,13,1,2,2,E01008979,3,1,0,1
2025131618922,2025,131618922,414423,416989,-1.78328,53.64921,13,2,1,1,21/07/2025,2,11:01,-1,E08000034,E08000034,E08000034,6,0,6,30,-1,0,-1,6,0,-1,-1,17,1,1,1,-1,-1,13,1,1,2,E01011236,7,1,1,0
2025010571390,2025,010571390,538136,168577,-0.01566,51.39941,1,3,3,1,25/04/2025,6,18:35,-1,E09000006,E09000006,E09000006,4,251,6,30,-1,0,4,0,-1,-1,-1,0,1,1,1,-1,-1,13,1,1,2,E01000830,3,1,0,1
2025451681095,2025,451681095,536151,147901,-0.05206,51.21409,45,3,3,2,09/12/2025,3,05:55,-1,E07000215,E10000030,E10000030,3,22,6,50,-1,0,-1,6,0,-1,-1,0,6,2,2,-1,-1,13,2,1,2,E01030827,3,1,0,1
2025471556204,2025,471556204,530240,139263,-0.13977,51.13783,47,2,5,4,19/02/2025,4,09:55,-1,E07000226,E10000032,E10000032,1,23,3,70,-1,0,-1,1,23,-1,-1,0,1,1,1,-1,-1,13,2,1,1,E01035328,5,1,1,0
2025340WN1042,2025,340WN1042,459800,268290,-1.1243,52.30948,34,3,2,1,23/02/2025,1,00:45,-1,E06000062,E06000062,E06000062,1,1,3,50,-1,0,-1,0,-1,-1,-1,0,6,1,1,-1,-1,13,2,3,1,E01027016,3,1,0,1
2025501550126,2025,501550126,292856,89192,-3.51828,50.69248,50,3,2,1,03/02/2025,2,08:32,-1,E07000045,E10000008,E10000008,3,379,3,40,-1,0,-1,0,-1,-1,-1,0,1,1,1,-1,-1,13,2,1,2,E01020241,3,1,0,1
2025461603460,2025,461603460,575626,137590,0.50757,51.1107,46,3,3,1,01/06/2025,1,17:15,-1,E07000116,E10000016,E10000016,3,262,6,40,-1,0,-1,6,0,-1,-1,0,1,1,1,-1,-1,13,2,1,2,E01024787,3,1,0,1
2025010606655,2025,010606655,552828,192800,0.20587,51.61329,1,3,3,3,30/10/2025,5,23:05,-1,E09000016,E09000016,E09000016,5,0,6,30,-1,0,-1,0,-1,-1,-1,0,6,1,1,-1,-1,13,2,1,2,E01002304,3,1,0,1
2025010572615,2025,010572615,534394,173357,-0.06761,51.44327,1,3,2,1,30/04/2025,4,01:11,-1,E09000028,E09000028,E09000028,3,205,6,20,-1,16,2,3,2216,-1,-1,15,4,1,1,-1,-1,13,1,3,2,E01003950,3,1,0,1
2025421557432,2025,421557432,542951,198151,0.0655,51.66396,42,3,3,2,22/02/2025,7,20:30,-1,E07000072,E10000012,E10000012,3,121,6,40,-1,0,-1,6,0,-1,-1,0,6,1,1,-1,-1,13,2,1,2,E01021788,3,1,0,1
2025471568812,2025,471568812,528274,137953,-0.16832,51.1265,47,3,1,1,24/03/2025,2,21:00,-1,E07000226,E10000032,E10000032,3,2011,1,30,-1,0,-1,3,2011,-1,-1,0,4,1,2,-1,-1,13,1,1,2,E01031603,3,1,0,1
2025522501956,2025,522501956,360421,173282,-2.57104,51.45712,52,3,2,1,31/05/2025,7,05:45,-1,E06000023,E06000023,E06000023,3,4320,3,30,-1,0,-1,0,-1,-1,-1,14,1,1,1,-1,-1,13,1,3,2,E01033369,3,1,0,1
2025131665398,2025,131665398,443761,424582,-1.3384,53.71583,13,3,2,1,28/10/2025,3,17:30,-1,E08000036,E08000036,E08000036,3,656,6,30,-1,19,2,6,0,-1,-1,14,4,2,2,-1,-1,13,1,1,2,E01011748,3,1,0,1
2025211624529,2025,211624529,391005,325946,-2.13495,52.83096,21,3,2,1,04/08/2025,2,13:45,-1,E07000197,E10000028,E10000028,6,0,3,50,-1,0,-1,6,0,-1,-1,0,1,8,2,-1,-1,13,1,1,2,E01029743,3,1,0,1
2025311682600,2025,311682600,452775,338232,-1.21618,52.9389,31,3,2,2,13/12/2025,7,10:14,-1,E06000018,E06000018,E06000018,3,52,1,30,-1,-1,2,3,6464,-1,-1,14,1,1,1,-1,-1,13,1,1,1,E01035508,3,1,0,1
2025340NN0622,2025,340NN0622,495807,266588,-0.59679,52.28909,34,2,1,1,06/02/2025,5,18:40,-1,E06000061,E06000061,E06000061,5,0,6,30,-1,0,-1,0,-1,-1,-1,14,4,1,1,-1,-1,13,1,1,2,E01027069,7,1,1,0
2025141562472,2025,141562472,443390,389188,-1.34892,53.39774,14,2,2,1,05/03/2025,4,11:10,-1,E08000018,E08000018,E08000018,3,630,1,50,-1,-1,2,3,630,-1,-1,0,1,1,1,-1,-1,13,2,1,2,E01007706,7,1,1,0
2025010556122,2025,010556122,527343,169338,-0.17045,51.40878,1,3,1,1,27/01/2025,2,16:30,-1,E09000024,E09000024,E09000024,3,236,6,20,-1,0,-1,0,-1,-1,-1,0,4,5,2,-1,-1,13,1,1,2,E01003405,3,1,0,1
2025501544270,2025,501544270,256177,133326,-4.05464,51.08118,50,3,2,1,21/01/2025,3,06:36,-1,E07000043,E10000008,E10000008,3,39,6,30,-1,16,2,6,0,-1,-1,13,4,1,2,-1,-1,13,1,1,2,E01020094,3,1,0,1
2025471609625,2025,471609625,517513,130408,-0.32448,51.06099,47,3,1,2,30/06/2025,2,15:35,-1,E07000227,E10000032,E10000032,3,281,6,30,-1,0,-1,6,0,-1,-1,0,1,1,1,-1,-1,13,1,1,2,E01035335,3,1,0,1
2025991563614,2025,991563614,297446,668740,-3.64175,55.90081,99,3,1,1,11/03/2025,3,09:55,-1,S12000040,S12000040,S12000040,3,89,6,30,-1,16,2,4,7002,-1,-1,15,1,1,1,-1,-1,13,1,1,-1,-1,3,1,0,1
2025430150568,2025,430150568,490207,178562,-0.70187,51.49881,43,3,2,1,28/03/2025,6,08:12,-1,E06000040,E06000040,E06000040,3,308,6,30,0,0,-1,0,-1,0,0,0,1,1,1,4,0,13,1,1,2,E01016539,-1,0,0.05264,0.94736
2025451549128,2025,451549128,493516,163022,-0.65831,51.35858,45,2,2,2,31/01/2025,6,20:00,-1,E07000214,E10000030,E10000030,1,3,3,70,-1,0,-1,0,-1,-1,-1,-1,7,2,2,-1,-1,13,2,3,1,E01030809,7,1,1,0
2025201655929,2025,201655929,403323,277397,-1.95259,52.39458,20,3,3,1,16/10/2025,5,16:40,-1,E08000025,E08000025,E08000025,3,441,3,40,-1,0,-1,0,-1,-1,-1,0,1,1,1,-1,-1,13,1,3,2,E01009112,3,1,0,1
2025010583944,2025,010583944,529195,182998,-0.13885,51.53112,1,2,2,1,01/07/2025,3,09:46,-1,E09000007,E09000007,E09000007,3,400,6,20,-1,0,-1,0,-1,-1,-1,0,1,1,1,-1,-1,13,1,1,2,E01035710,5,1,1,0
2025201570957,2025,201570957,407347,287639,-1.89323,52.48662,20,3,1,1,25/03/2025,3,09:58,-1,E08000025,E08000025,E08000025,4,4114,7,30,-1,0,-1,6,0,-1,-1,14,1,1,1,-1,-1,13,1,2,2,E01033617,3,1,0,1
2025131582594,2025,131582594,415344,433548,-1.76853,53.79801,13,3,2,1,27/04/2025,1,14:02,-1,E08000032,E08000032,E08000032,6,0,6,30,-1,13,4,6,0,-1,-1,0,1,1,1,-1,-1,13,1,1,2,E01010833,3,1,0,1
2025302500288,2025,302500288,445042,362006,-1.32792,53.15329,30,3,2,1,24/01/2025,6,14:35,-1,E07000033,E10000007,E10000007,1,1,3,70,-1,0,-1,0,-1,-1,-1,0,1,1,1,-1,-1,13,2,3,1,E01019521,3,1,0,1
2025010607123,2025,010607123,536353,182483,-0.03592,51.52481,1,3,2,1,02/11/2025,1,15:49,-1,E09000030,E09000030,E09000030,6,0,6,20,-1,19,4,3,11,-1,-1,15,1,1,1,-1,-1,13,1,1,2,E01004232,3,1,0,1
2025041610296,2025,041610296,370556,431418,-2.44828,53.77825,4,3,2,1,30/06/2025,2,19:52,-1,E07000120,E10000017,E10000017,6,0,6,60,-1,0,-1,6,0,-1,-1,0,1,1,1,-1,-1,13,2,1,2,E01025074,3,1,0,1
2025522501872,2025,522501872,357994,174799,-2.60615,51.47059,52,3,2,1,27/05/2025,3,21:00,-1,E06000023,E06000023,E06000023,6,0,6,20,-1,0,-1,0,-1,-1,-1,17,4,1,1,-1,-1,13,1,3,2,E01014559,3,1,0,1
2025010565587,2025,010565587,525543,180576,-0.19233,51.51017,1,3,2,1,23/03/2025,1,22:58,-1,E09000020,E09000020,E09000020,6,0,2,20,-1,13,4,6,0,-1,-1,12,4,1,1,-1,-1,13,1,1,2,E01002885,3,1,0,1
2025010562236,2025,010562236,538300,189982,-0.00492,51.59172,1,2,2,1,04/03/2025,3,23:53,-1,E09000031,E09000031,E09000031,3,503,6,20,-1,16,2,4,160,-1,-1,15,4,1,1,-1,-1,13,1,1,2,E01004348,7,1,1,0
2025531646626,2025,531646626,394733,213468,-2.07782,51.81981,53,2,2,4,23/09/2025,3,17:25,-1,E07000079,E10000013,E10000013,3,417,6,40,-1,0,-1,6,0,-1,-1,0,1,1,1,-1,-1,13,2,1,1,E01022201,6,1,1,0
2025430569967,2025,430569967,485857,239489,-0.74947,52.04715,43,2,4,6,07/11/2025,6,18:25,-1,E06000042,E06000042,E06000042,4,4034,3,40,-1,0,-1,0,-1,-1,-1,0,5,1,2,-1,-1,13,2,1,2,E01033499,7,1,1,0
2025501548991,2025,501548991,197658,72630,-4.85567,50.51839,50,3,2,3,30/01/2025,5,22:45,-1,E06000052,E06000052,E06000052,3,39,6,60,-1,0,-1,0,-1,-1,-1,0,6,1,1,-1,-1,13,2,2,2,E01018924,3,1,0,1
2025052600007,2025,052600007,333174,382929,-3.00509,53.33902,5,3,1,1,14/12/2025,1,10:25,-1,E08000015,E08000015,E08000015,4,5145,6,20,0,0,-1,0,-1,0,0,0,1,2,2,4,2,13,1,1,2,E01007146,-1,0,0.06747,0.93253
2025451573166,2025,451573166,501309,158470,-0.54771,51.31633,45,2,1,1,01/04/2025,3,13:17,-1,E07000217,E10000030,E10000030,6,0,6,30,-1,13,4,6,0,-1,-1,0,1,1,1,-1,-1,13,1,1,2,E01030988,5,1,1,0
2025991632705,2025,991632705,322146,723799,-3.26296,56.4,99,3,3,1,18/08/2025,2,15:30,-1,S12000048,S12000048,S12000048,3,90,3,70,-1,0,-1,0,-1,-1,-1,0,1,1,1,-1,-1,13,2,1,-1,-1,3,1,0,1
