collision_index,collision_year,collision_ref_no,location_easting_osgr,location_northing_osgr,longitude,latitude,police_force,collision_severity,number_of_vehicles,number_of_casualties,date,day_of_week,time,local_authority_district,local_authority_ons_district,local_authority_highway,local_authority_highway_current,first_road_class,first_road_number,road_type,speed_limit,junction_detail_historic,junction_detail,junction_control,second_road_class,second_road_number,pedestrian_crossing_human_control_historic,pedestrian_crossing_physical_facilities_historic,pedestrian_crossing,light_conditions,weather_conditions,road_surface_conditions,special_conditions_at_site,carriageway_hazards_historic,carriageway_hazards,urban_or_rural_area,did_police_officer_attend_scene_of_accident,trunk_road_flag,lsoa_of_collision_location,enhanced_severity_collision,collision_injury_based,collision_adjusted_severity_serious,collision_adjusted_severity_slight
2023141317451,2023,141317451,445392,404030,-1.316677,53.530976,14,2,3,2,12/06/2023,2,02:05,-1,E08000016,E08000016,E08000038,6,0,6,30,3,13,4,6,0,0,0,0,4,1,1,4,0,13,1,1,2,E01007371,7,1,1,0
2023131289301,2023,131289301,433563,420712,-1.493332,53.681798,13,3,1,1,21/03/2023,3,18:00,-1,E08000036,E08000036,E08000036,6,0,6,30,3,13,4,6,0,0,0,0,1,1,1,4,2,13,1,2,2,E01011916,3,1,0,1
2023010460911,2023,010460911,529253,184088,-0.137612,51.540901,1,2,1,1,16/08/2023,4,07:55,-1,E09000007,E09000007,E09000007,3,5202,2,30,3,13,4,6,0,0,1,13,1,1,1,4,6,13,1,3,2,E01000861,-1,0,1,0
2023311365247,2023,311365247,454321,340721,-1.192763,52.961116,31,3,2,1,20/10/2023,6,20:02,-1,E06000018,E06000018,E06000018,6,0,3,30,0,0,-1,0,-1,0,5,15,4,2,2,4,0,13,1,1,2,E01013932,3,1,0,1
2023461267756,2023,461267756,594168,147686,0.777582,51.195397,46,2,5,1,16/01/2023,2,13:23,-1,E07000105,E10000016,E10000016,1,20,3,70,0,0,-1,0,-1,0,0,0,1,1,1,4,0,13,2,1,1,E01023986,6,1,1,0
2023041263003,2023,041263003,381143,432003,-2.287669,53.784007,4,2,1,1,13/01/2023,6,08:35,-1,E07000117,E10000017,E10000017,3,679,6,40,0,0,-1,0,-1,0,0,0,1,5,2,4,0,13,2,1,2,E01024899,5,1,1,0
2023311292233,2023,311292233,473295,372469,-0.903109,53.244194,31,3,2,1,30/03/2023,5,20:15,-1,E07000171,E10000024,E10000024,3,1,3,70,0,0,-1,0,-1,0,0,0,6,1,2,4,2,13,2,1,1,E01028007,3,1,0,1
2023451374537,2023,451374537,510734,159286,-0.412276,51.321912,45,3,2,1,14/11/2023,3,07:39,-1,E07000207,E10000030,E10000030,6,0,6,30,0,0,-1,0,-1,2,5,12,1,1,1,4,0,13,2,1,2,E01030302,3,1,0,1
2023552301416,2023,552301416,408839,91883,-1.876137,50.726504,55,3,2,1,22/11/2023,4,18:40,-1,E06000058,E06000058,E06000058,3,347,6,30,3,13,4,6,0,0,0,0,1,1,1,4,0,13,1,2,2,E01015287,-1,0,0.00717,0.99283
2023010464257,2023,010464257,517586,191548,-0.303268,51.610496,1,3,2,1,05/09/2023,3,15:20,-1,E09000015,E09000015,E09000015,6,0,6,30,3,13,4,3,4140,0,0,0,1,1,1,4,0,13,1,1,2,E01002109,-1,0,0,1
2023010422101,2023,010422101,530334,180450,-0.123378,51.50796,1,3,1,1,18/01/2023,4,17:45,-1,E09000033,E09000033,E09000033,6,0,6,20,0,0,-1,0,-1,0,0,0,4,1,1,4,2,13,1,1,2,E01004736,-1,0,0,1
2023361348251,2023,361348251,568369,334283,0.500583,52.879661,36,2,1,1,31/08/2023,5,14:53,-1,E07000146,E10000020,E10000020,6,0,6,30,0,0,-1,0,-1,0,0,0,1,1,1,4,6,13,2,1,2,E01026702,7,1,1,0
2023231352373,2023,231352373,440193,270679,-1.411582,52.332735,23,2,5,3,06/09/2023,4,13:00,-1,E07000220,E10000031,E10000031,3,423,6,40,3,13,4,4,4455,0,0,0,1,1,1,4,0,13,2,1,2,E01031149,5,1,1,0
2023991353390,2023,991353390,342661,728584,-2.931695,56.445927,99,2,2,2,18/09/2023,2,00:26,-1,S12000047,S12000047,S12000047,3,92,3,60,0,0,-1,0,-1,0,0,0,6,2,2,4,0,13,2,1,-1,-1,7,1,1,0
2023141322867,2023,141322867,435529,387033,-1.467378,53.378963,14,2,1,1,26/06/2023,2,11:30,-1,E08000019,E08000019,E08000039,6,0,6,30,8,18,4,6,0,0,0,0,1,1,1,4,0,13,1,1,2,E01033264,7,1,1,0
2023010470992,2023,010470992,531388,182052,-0.107603,51.522112,1,3,2,2,09/10/2023,2,17:00,-1,E09000007,E09000007,E09000007,3,5201,6,20,0,0,-1,0,-1,0,5,15,1,1,1,4,2,13,1,1,2,E01000916,-1,0,0,1
2023010475738,2023,010475738,531429,182060,-0.10701,51.522175,1,3,2,1,03/11/2023,6,09:48,-1,E09000007,E09000007,E09000019,3,5201,6,20,6,16,2,3,201,0,5,15,1,1,2,4,0,13,1,3,2,E01002724,-1,0,0,1
2023010420676,2023,010420676,527841,179442,-0.159645,51.49947,1,3,1,1,10/01/2023,3,22:58,-1,E09000020,E09000020,E09000020,3,3216,9,20,3,13,4,6,0,0,1,13,4,1,2,4,9,13,1,3,2,E01002818,-1,0,0,1
2023010460934,2023,010460934,525900,173755,-0.189618,51.448796,1,2,2,2,16/08/2023,4,17:49,-1,E09000032,E09000032,E09000032,3,217,6,20,7,17,2,6,0,2,5,12,1,1,1,4,0,13,1,1,2,E01004494,-1,0,1,0
2023010467142,2023,010467142,530303,179780,-0.124072,51.501946,1,3,1,1,20/09/2023,4,11:38,-1,E09000033,E09000033,E09000033,3,3211,3,20,99,-1,9,6,0,9,8,17,1,1,1,4,9,13,1,3,2,E01004733,-1,0,0,1
2023010430325,2023,010430325,546618,174576,0.108664,51.451193,1,3,3,3,03/03/2023,6,22:47,-1,E09000004,E09000004,E09000004,3,2,3,50,0,0,-1,0,-1,0,0,0,4,1,1,4,0,13,1,1,2,E01000391,-1,0,0,1
2023471263424,2023,471263424,506305,102482,-0.492489,50.812146,47,3,2,1,14/01/2023,7,16:50,-1,E07000224,E10000032,E10000032,4,2140,6,30,0,0,-1,0,-1,0,0,0,4,1,2,4,0,13,1,1,2,E01031411,3,1,0,1
2023440052688,2023,440052688,468428,104809,-1.029572,50.838775,44,3,2,2,07/02/2023,3,20:59,-1,E06000044,E06000044,E06000044,3,27,3,40,0,0,-1,0,-1,0,0,0,6,1,1,4,0,13,2,1,1,E01017059,-1,0,0,1
2023201287675,2023,201287675,399866,296528,-2.003409,52.566581,20,3,4,1,31/01/2023,3,12:55,-1,E08000030,E08000030,E08000030,1,6,3,60,0,0,-1,0,-1,0,0,0,1,1,1,4,0,13,2,1,1,E01010361,3,1,0,1
2023010477532,2023,010477532,532986,182092,-0.084569,51.522098,1,3,2,1,10/11/2023,6,18:15,-1,E09000019,E09000019,E09000012,5,0,6,20,6,16,4,5,0,0,0,0,4,1,1,4,2,13,1,3,2,E01002704,-1,0,0,1
2023471318167,2023,471318167,534687,125416,-0.081397,51.012364,47,3,2,1,13/06/2023,3,10:45,-1,E07000228,E10000032,E10000032,4,2028,6,30,3,13,4,6,0,0,0,0,1,1,1,4,0,13,1,1,2,E01031772,3,1,0,1
2023201387832,2023,201387832,403248,290989,-1.953566,52.516778,20,3,2,2,30/08/2023,4,21:20,-1,E08000025,E08000025,E08000025,6,0,6,30,0,0,-1,0,-1,0,0,0,4,1,1,4,0,13,2,3,2,E01009272,3,1,0,1
2023010439611,2023,010439611,542632,179096,0.053163,51.492826,1,3,2,1,26/04/2023,4,09:22,-1,E09000011,E09000011,E09000011,3,206,3,20,6,16,2,6,0,0,5,15,1,1,1,4,0,13,1,1,2,E01001712,-1,0,0,1
2023010485160,2023,010485160,518978,175689,-0.28853,51.467673,1,3,2,1,20/12/2023,4,15:40,-1,E09000027,E09000027,E09000027,3,316,1,30,1,0,2,4,353,9,1,13,1,1,1,4,0,13,1,3,2,E01003864,-1,0,0,1
2023471347065,2023,471347065,577341,108524,0.517876,50.849054,47,3,2,1,23/08/2023,4,10:21,-1,E07000062,E10000011,E10000011,3,259,6,30,3,13,4,6,0,0,0,0,1,1,1,4,0,13,1,3,2,E01021017,3,1,0,1
2023451392499,2023,451392499,509790,166396,-0.423625,51.386001,45,3,2,1,27/12/2023,4,14:00,-1,E07000207,E10000030,E10000030,6,0,6,30,3,13,4,3,3050,0,0,0,1,5,2,4,0,13,1,1,2,E01030360,3,1,0,1
202360A007748,2023,60A007748,330519,347737,-3.037295,53.022398,60,3,4,1,17/01/2023,3,11:51,-1,W06000006,W06000006,W06000006,4,5605,6,40,9,19,2,6,0,0,0,0,1,1,1,4,0,13,2,1,-1,W01000410,-1,0,0.03448,0.96552
2023401298838,2023,401298838,505281,251655,-0.462581,52.153151,40,3,2,1,04/04/2023,3,10:38,-1,E06000055,E06000055,E06000055,6,0,6,30,9,19,4,6,0,0,0,0,1,1,1,4,0,13,1,1,2,E01017457,3,1,0,1
2023131323722,2023,131323722,437173,437689,-1.436642,53.834137,13,3,2,1,28/06/2023,4,15:25,-1,E08000035,E08000035,E08000035,3,64,6,40,0,0,-1,0,-1,0,0,0,1,1,1,4,0,13,2,1,2,E01011715,3,1,0,1
2023010422061,2023,010422061,526161,170119,-0.187158,51.416061,1,3,2,2,18/01/2023,4,14:04,-1,E09000024,E09000024,E09000024,3,238,6,20,6,16,2,3,218,0,4,14,1,1,1,4,0,13,1,1,2,E01003359,-1,0,0,1
2023010452320,2023,010452320,538910,181245,0.00043,51.513062,1,3,2,1,30/06/2023,6,01:43,-1,E09000030,E09000030,E09000030,3,13,6,30,0,0,-1,0,-1,0,4,14,4,1,1,4,2,13,1,1,2,E01032778,-1,0,0,1
2023010443811,2023,010443811,529586,180729,-0.134048,51.510639,1,3,1,1,19/05/2023,6,01:59,-1,E09000033,E09000033,E09000033,3,401,6,20,3,13,4,6,0,0,4,14,4,1,1,4,2,13,1,1,2,E01004736,-1,0,0,1
2023320392939,2023,320392939,517257,382619,-0.240858,53.327509,32,2,1,3,26/06/2023,2,03:22,-1,E07000137,E10000019,E10000019,3,157,6,60,0,0,-1,0,-1,0,0,0,1,1,1,4,0,13,2,1,2,E01026071,-1,0,1,0
2023361359766,2023,361359766,599784,292329,0.941362,52.492273,36,3,3,1,09/10/2023,2,17:59,-1,E07000143,E10000020,E10000020,6,0,6,40,0,0,-1,0,-1,0,0,0,1,1,1,4,2,13,2,1,2,E01026435,3,1,0,1
2023471335481,2023,471335481,531212,118884,-0.133261,50.95446,47,3,2,1,30/07/2023,1,16:10,-1,E07000228,E10000032,E10000032,4,2113,1,30,1,0,4,6,0,0,0,0,1,2,2,4,0,13,1,1,2,E01031709,3,1,0,1
2023340WN2332,2023,340WN2332,470886,247231,-0.966125,52.118863,34,3,2,2,19/04/2023,4,16:12,-1,E06000062,E06000062,E06000062,3,5,6,40,3,13,4,5,0,0,0,0,1,1,1,4,0,13,2,1,1,E01027297,-1,0,0,1
2023010455194,2023,010455194,533336,164932,-0.085986,51.367807,1,3,1,1,14/07/2023,6,15:28,-1,E09000008,E09000008,E09000008,4,243,6,30,3,13,4,6,0,2,1,12,1,2,2,4,0,13,1,1,2,E01001044,-1,0,0,1
2023991265516,2023,991265516,392868,661686,-2.115477,55.848328,99,1,2,1,19/01/2023,5,03:20,-1,S12000026,S12000026,S12000026,3,1,6,60,0,0,-1,0,-1,0,0,0,6,1,4,4,0,13,2,1,-1,-1,1,1,0,0
2023010430331,2023,010430331,535897,162741,-0.050056,51.347511,1,3,1,1,04/03/2023,7,01:10,-1,E09000008,E09000008,E09000008,3,2022,6,30,0,0,-1,0,-1,0,5,15,4,8,1,4,0,13,1,1,2,E01001066,-1,0,0,1
2023010457639,2023,010457639,518073,168813,-0.303843,51.406064,1,3,2,1,27/07/2023,5,11:26,-1,E09000021,E09000021,E09000021,3,240,6,20,3,13,4,6,0,0,0,0,1,1,1,4,0,13,1,1,2,E01002964,-1,0,0,1
2023451360273,2023,451360273,507007,166805,-0.46348,51.390209,45,3,3,1,06/10/2023,6,13:35,-1,E07000213,E10000030,E10000030,4,375,6,40,9,19,2,6,0,0,8,17,1,1,1,4,0,13,2,1,2,E01030730,3,1,0,1
2023221371075,2023,221371075,403920,243712,-1.944198,52.091743,22,3,2,1,04/10/2023,4,19:00,-1,E07000238,E10000034,E10000034,6,0,6,30,3,13,2,6,0,0,4,14,4,1,2,4,0,13,1,1,2,E01032343,3,1,0,1
2023430551681,2023,430551681,461019,173762,-1.123111,51.459556,43,3,2,2,08/12/2023,6,21:25,-1,E06000037,E06000037,E06000037,1,4,3,70,0,0,-1,0,-1,0,0,0,6,1,2,4,0,13,2,1,1,E01016264,-1,0,0.02221,0.97779
2023141370964,2023,141370964,442512,392226,-1.361715,53.425123,14,3,2,1,04/11/2023,7,19:21,-1,E08000018,E08000018,E08000018,3,6178,6,30,9,19,4,6,0,0,0,0,4,2,2,4,0,13,1,1,2,E01007714,3,1,0,1
2023010468470,2023,010468470,518836,175610,-0.2906,51.466993,1,2,2,1,26/09/2023,3,07:11,-1,E09000027,E09000027,E09000027,3,316,3,30,1,0,2,6,0,0,0,0,1,1,1,4,0,13,1,3,2,E01003864,-1,0,1,0
2023010448696,2023,010448696,539687,187640,0.014156,51.570335,1,3,2,1,10/06/2023,7,14:10,-1,E09000031,E09000031,E09000031,3,11,6,30,0,0,-1,0,-1,0,0,0,1,1,1,4,0,13,1,1,2,E01004438,-1,0,0,1
2023101321393,2023,101321393,439529,556793,-1.385065,54.904302,10,1,2,1,22/06/2023,5,01:05,-1,E08000024,E08000024,E08000024,5,0,6,20,3,13,4,6,0,0,4,14,4,1,1,4,0,13,1,1,2,E01008703,1,1,0,0
2023010444011,2023,010444011,546903,165960,0.109196,51.3737,1,3,1,1,20/05/2023,7,00:17,-1,E09000006,E09000006,E09000006,3,224,6,60,0,0,-1,0,-1,0,0,0,6,1,1,4,0,13,1,1,2,E01000791,-1,0,0,1
2023010453051,2023,010453051,514663,189480,-0.346137,51.592512,1,3,2,1,03/07/2023,2,22:20,-1,E09000015,E09000015,E09000015,5,0,3,30,6,16,2,5,0,0,5,15,4,1,1,4,0,13,1,1,2,E01002181,-1,0,0,1
2023471367310,2023,471367310,525483,136723,-0.208611,51.116068,47,3,2,1,26/10/2023,5,07:57,-1,E07000226,E10000032,E10000032,3,23,3,50,0,0,-1,0,-1,0,0,0,1,2,2,4,2,13,1,1,2,E01031567,3,1,0,1
202363A016023,2023,63A016023,233712,240422,-4.425765,52.037199,63,3,2,1,24/02/2023,6,16:00,-1,W06000010,W06000010,W06000010,3,484,6,30,0,0,-1,0,-1,0,0,0,4,2,2,4,0,13,2,1,-1,W01000689,-1,0,0.03978,0.96022
202363A017323,2023,63A017323,241562,220599,-4.302278,51.861419,63,3,2,1,27/02/2023,2,07:30,-1,W06000010,W06000010,W06000010,6,0,6,30,6,16,4,6,0,0,0,0,1,1,1,4,0,13,1,3,-1,W01000639,-1,0,0.03616,0.96384
2023440162758,2023,440162758,443162,114135,-1.387266,50.925064,44,3,2,1,26/04/2023,4,08:11,-1,E06000045,E06000045,E06000045,3,3035,6,40,6,16,2,3,335,0,5,15,1,1,1,4,0,13,1,1,2,E01017234,-1,0,0,1
2023070053474,2023,070053474,378797,384544,-2.320033,53.357347,7,3,3,1,18/01/2023,4,19:20,-1,E06000049,E06000049,E06000049,1,56,3,50,0,0,-1,0,-1,0,0,0,6,1,1,4,2,13,2,1,1,E01018648,-1,0,0.08894,0.91106
2023552300079,2023,552300079,401773,92254,-1.976244,50.729903,55,3,1,1,13/01/2023,6,04:26,-1,E06000058,E06000058,E06000058,4,3093,6,30,0,0,-1,0,-1,0,0,0,4,1,2,4,0,13,1,1,2,E01015445,-1,0,0.05518,0.94482
2023131299611,2023,131299611,429054,435489,-1.560212,53.814879,13,2,2,2,20/04/2023,5,21:25,-1,E08000035,E08000035,E08000035,6,0,6,30,9,19,4,6,0,0,0,0,4,1,1,4,0,13,1,1,2,E01011668,7,1,1,0
2023010456308,2023,010456308,531544,176463,-0.107438,51.47185,1,3,2,1,20/07/2023,5,14:58,-1,E09000022,E09000022,E09000022,5,0,6,20,6,16,4,6,0,0,5,15,1,1,1,4,0,13,1,1,2,E01003188,-1,0,0,1
2023010474770,2023,010474770,539499,187803,0.011509,51.571847,1,3,2,1,28/10/2023,7,23:50,-1,E09000031,E09000031,E09000031,3,12,3,50,5,0,4,6,0,0,0,0,4,2,2,4,0,13,1,1,2,E01004436,-1,0,0,1
2023010478321,2023,010478321,528471,178183,-0.151032,51.488013,1,2,2,1,16/11/2023,5,11:35,-1,E09000033,E09000033,E09000033,4,313,6,20,3,13,4,6,0,0,0,0,1,1,2,4,0,13,1,1,2,E01033597,-1,0,1,0
2023440303934,2023,440303934,471501,106899,-0.985529,50.857195,44,3,2,1,28/07/2023,6,15:56,-1,E07000090,E10000014,E10000014,4,2149,6,30,0,0,-1,0,-1,0,4,14,1,1,1,4,0,13,1,2,2,E01022953,-1,0,0,1
2023461297971,2023,461297971,575469,155411,0.51403,51.270836,46,3,5,1,14/04/2023,6,09:00,-1,E07000110,E10000016,E10000016,3,26,6,30,3,13,4,6,0,0,0,0,1,1,1,4,0,13,1,1,2,E01033087,3,1,0,1
2023041302302,2023,041302302,335460,440546,-2.982711,53.857111,4,3,2,2,28/04/2023,6,16:20,-1,E07000128,E10000017,E10000017,3,585,1,30,6,16,2,3,585,0,0,0,1,1,1,4,0,13,1,1,1,E01025545,3,1,0,1
2023991272535,2023,991272535,300345,743271,-3.623487,56.570771,99,3,3,2,01/02/2023,4,11:45,-1,S12000048,S12000048,S12000048,3,9,6,60,0,0,-1,0,-1,0,0,0,1,8,1,4,6,13,2,1,-1,-1,3,1,0,1
2023070194691,2023,070194691,338793,378490,-2.919854,53.299811,7,3,1,1,07/03/2023,3,08:06,-1,E06000050,E06000050,E06000050,6,0,6,30,3,13,4,6,0,0,0,0,1,1,1,4,0,13,2,1,2,E01018564,-1,0,0.06023,0.93977
2023141354612,2023,141354612,435058,387284,-1.47443,53.38125,14,2,3,1,21/09/2023,5,00:35,-1,E08000019,E08000019,E08000039,6,0,6,30,3,13,2,6,0,0,5,15,4,1,1,4,0,13,1,1,2,E01033265,7,1,1,0
2023010473895,2023,010473895,536261,179002,-0.038586,51.493551,1,3,2,1,25/10/2023,4,08:16,-1,E09000028,E09000028,E09000028,6,0,6,20,6,16,4,6,0,0,0,0,1,1,2,4,0,13,1,1,2,E01004060,-1,0,0,1
2023531365466,2023,531365466,386951,220719,-2.190993,51.884877,53,3,2,4,15/10/2023,1,19:21,-1,E07000083,E10000013,E10000013,4,4063,6,30,0,0,-1,0,-1,0,0,0,4,1,1,4,0,13,1,1,2,E01022428,3,1,0,1
2023461343757,2023,461343757,558957,140367,0.270876,51.14051,46,2,1,1,29/01/2023,1,11:45,-1,E07000116,E10000016,E10000016,6,0,6,30,7,17,4,6,0,0,0,0,1,1,1,4,2,13,1,1,2,E01024833,5,1,1,0
2023471329838,2023,471329838,512080,102673,-0.410494,50.812775,47,3,3,3,15/07/2023,7,23:20,-1,E07000229,E10000032,E10000032,3,259,6,40,0,0,-1,0,-1,0,5,15,4,4,1,4,0,13,1,1,2,E01031804,3,1,0,1
202360A113580,2023,60A113580,335500,364348,-2.96639,53.172318,60,3,2,1,19/07/2023,4,09:56,-1,W06000005,W06000005,W06000005,3,5104,6,40,3,13,4,6,0,0,0,0,1,1,1,4,0,13,2,1,-1,W01000255,-1,0,0.02462,0.97538
2023440060797,2023,440060797,464723,101044,-1.082845,50.805348,44,3,2,1,10/02/2023,6,16:30,-1,E06000044,E06000044,E06000044,6,0,6,30,0,0,-1,0,-1,0,0,0,1,1,1,4,0,13,1,2,2,E01017038,-1,0,0,1
2023010422642,2023,010422642,526857,181926,-0.172921,51.522015,1,2,1,1,19/01/2023,5,09:00,-1,E09000033,E09000033,E09000033,3,5,6,20,6,16,2,3,5,9,9,99,1,1,1,4,0,13,1,3,2,E01033604,-1,0,1,0
2023421320205,2023,421320205,578925,202849,0.587537,51.69587,42,2,7,7,19/06/2023,2,07:27,-1,E07000070,E10000012,E10000012,4,1418,6,30,0,0,-1,0,-1,0,0,0,1,1,1,4,0,13,2,1,2,E01021533,7,1,1,0
2023451375619,2023,451375619,536589,158224,-0.041855,51.306754,45,2,1,1,17/11/2023,6,07:35,-1,E07000215,E10000030,E10000030,4,269,6,30,1,0,4,6,0,0,0,0,1,8,2,4,0,13,1,1,2,E01030852,7,1,1,0
2023010468159,2023,010468159,540115,173883,0.014866,51.446611,1,3,2,1,25/09/2023,2,06:35,-1,E09000023,E09000023,E09000023,3,205,3,40,7,17,2,5,0,0,0,0,1,1,1,4,0,13,1,1,2,E01003280,-1,0,0,1
2023010450964,2023,010450964,540440,180199,0.022048,51.503285,1,3,2,1,22/06/2023,5,11:35,-1,E09000025,E09000025,E09000025,3,1011,6,30,0,0,-1,0,-1,0,5,15,1,8,1,4,0,13,1,3,2,E01033577,-1,0,0,1
2023542823623,2023,542823623,423743,163835,-1.660288,51.373082,54,3,2,2,15/03/2023,4,16:18,-1,E06000054,E06000054,E06000054,5,0,6,50,0,0,-1,0,-1,0,0,0,1,5,2,4,0,13,2,1,2,E01031847,-1,0,0.07338,0.92662
2023201342546,2023,201342546,407414,286552,-1.892272,52.47685,20,3,2,1,17/06/2023,7,06:30,-1,E08000025,E08000025,E08000025,4,4100,2,30,9,19,2,4,4100,0,5,15,1,1,1,4,0,13,1,2,2,E01033615,3,1,0,1
2023101369193,2023,101369193,423981,562464,-1.627061,54.956247,10,3,1,1,31/10/2023,3,09:00,-1,E08000037,E08000037,E08000037,5,0,6,30,3,13,2,6,0,0,5,15,1,1,2,4,0,13,1,1,2,E01008258,3,1,0,1
2023041324190,2023,041324190,348784,443079,-2.780588,53.881363,4,3,2,2,28/06/2023,4,18:09,-1,E07000128,E10000017,E10000017,3,586,6,50,6,16,4,3,6,0,0,0,1,2,2,4,0,13,2,1,2,E01025553,3,1,0,1
2023161333750,2023,161333750,481140,407222,-0.776653,53.555364,16,3,1,1,25/07/2023,3,08:15,-1,E06000013,E06000013,E06000013,1,180,3,70,0,0,-1,0,-1,0,0,0,1,1,1,4,0,13,2,1,1,E01013242,3,1,0,1
2023010443919,2023,010443919,522070,183126,-0.241468,51.533853,1,3,1,3,18/05/2023,5,11:40,-1,E09000005,E09000005,E09000005,3,404,3,30,0,0,-1,0,-1,0,0,0,1,1,1,4,0,13,1,1,2,E01033455,-1,0,0,1
2023041348037,2023,041348037,367702,426321,-2.491056,53.732275,4,3,2,2,21/08/2023,2,13:00,-1,E06000008,E06000008,E06000008,3,666,3,30,0,0,-1,0,-1,0,5,15,1,1,1,4,0,13,1,1,2,E01012595,3,1,0,1
2023421323138,2023,421323138,586223,187238,0.684719,51.55329,42,3,2,1,27/06/2023,3,08:03,-1,E06000033,E06000033,E06000033,6,0,6,30,3,13,4,6,0,0,0,0,1,1,1,4,0,13,1,1,2,E01015858,3,1,0,1
2023050394462,2023,050394462,335085,379006,-2.975589,53.304006,5,3,3,2,10/05/2023,4,09:45,-1,E08000015,E08000015,E08000015,1,53,3,70,0,0,-1,0,-1,0,0,0,1,1,1,4,0,13,2,1,1,E01007168,-1,0,0.07921,0.92079
2023010452791,2023,010452791,534846,186162,-0.056218,51.558231,1,3,1,1,02/07/2023,1,17:00,-1,E09000012,E09000012,E09000012,3,104,6,30,1,0,2,3,107,0,5,15,1,1,1,4,2,13,1,1,2,E01001770,-1,0,0,1
2023010480083,2023,010480083,533523,184787,-0.075812,51.54619,1,3,2,1,25/11/2023,7,12:52,-1,E09000012,E09000012,E09000012,3,10,2,20,6,16,2,3,104,2,5,12,1,1,1,4,0,13,1,1,2,E01001756,-1,0,0,1
2023010449332,2023,010449332,533407,182039,-0.078524,51.521523,1,3,1,2,15/06/2023,5,23:50,-1,E09000030,E09000030,E09000030,3,10,6,20,3,13,4,5,0,0,0,0,4,1,1,4,2,13,1,1,2,E01033708,-1,0,0,1
2023131348628,2023,131348628,426034,423115,-1.607117,53.703823,13,3,2,2,01/08/2023,3,16:55,-1,E08000034,E08000034,E08000034,6,0,6,30,0,0,-1,0,-1,0,0,0,1,2,2,4,0,13,1,2,2,E01011127,3,1,0,1
2023411309224,2023,411309224,549503,221948,0.170401,51.876068,41,3,2,1,13/05/2023,7,10:23,-1,E07000242,E10000015,E10000015,4,1383,6,30,3,13,2,6,0,0,5,15,1,1,1,4,0,13,1,1,2,E01023451,3,1,0,1
2023461264812,2023,461264812,543759,151597,0.058274,51.245439,46,3,1,1,10/01/2023,3,20:44,-1,E07000111,E10000016,E10000016,4,269,6,60,0,0,-1,0,-1,0,0,0,5,2,2,4,0,13,2,1,2,E01024484,3,1,0,1
2023461289783,2023,461289783,589194,165271,0.715782,51.355008,46,2,2,2,04/03/2023,7,18:09,-1,E07000113,E10000016,E10000016,3,249,3,70,0,0,-1,0,-1,0,0,0,6,1,1,4,0,13,2,1,1,E01024568,7,1,1,0
2023461362550,2023,461362550,615458,157564,1.087774,51.276466,46,3,2,1,04/09/2023,2,11:35,-1,E07000106,E10000016,E10000016,3,257,6,30,3,13,4,6,0,0,0,0,1,1,1,4,0,13,1,3,2,E01024044,3,1,0,1
2023231313683,2023,231313683,434507,252609,-1.496862,52.170672,23,2,2,1,27/05/2023,7,10:15,-1,E07000221,E10000031,E10000031,6,0,6,30,0,0,-1,0,-1,0,0,0,1,1,1,4,0,13,2,2,2,E01031205,7,1,1,0
2023991350681,2023,991350681,315370,578769,-3.327705,55.096098,99,2,2,1,06/09/2023,4,10:50,-1,S12000006,S12000006,S12000006,2,74,3,70,0,0,-1,0,-1,0,0,0,1,1,1,4,0,13,2,1,-1,-1,6,1,1,0
2023991360843,2023,991360843,325310,677020,-3.19854,55.980328,99,3,2,1,08/10/2023,1,21:30,-1,S12000036,S12000036,S12000036,3,901,1,20,1,0,4,3,901,0,0,0,4,1,2,4,0,13,1,1,-1,-1,3,1,0,1
2023010437677,2023,010437677,516745,185451,-0.317433,51.555874,1,2,1,1,16/04/2023,1,12:20,-1,E09000005,E09000005,E09000005,3,404,6,20,0,0,-1,0,-1,0,5,15,1,1,1,4,0,13,1,1,2,E01000608,-1,0,1,0
2023070753095,2023,070753095,358082,383090,-2.631062,53.343038,7,3,2,2,14/08/2023,2,18:45,-1,E06000006,E06000006,E06000006,3,56,3,40,6,16,2,3,558,0,0,0,1,1,1,4,0,13,2,1,2,E01012385,-1,0,0.06906,0.93094
2023311268531,2023,311268531,452763,338259,-1.216354,52.939142,31,3,2,1,26/01/2023,5,08:00,-1,E06000018,E06000018,E06000018,3,52,1,30,1,0,2,6,0,0,5,15,1,1,1,4,0,13,1,2,1,E01013982,3,1,0,1
2023131339531,2023,131339531,408558,425582,-1.871773,53.726572,13,3,1,1,14/07/2023,6,15:00,-1,E08000033,E08000033,E08000033,6,0,6,30,3,13,2,6,0,0,0,0,1,2,2,4,2,13,1,1,2,E01010960,3,1,0,1
2023010452824,2023,010452824,518033,168378,-0.304563,51.402162,1,2,1,1,02/07/2023,1,15:20,-1,E09000021,E09000021,E09000021,3,240,6,20,9,19,2,3,240,0,5,15,4,1,1,4,0,13,1,1,2,E01002965,-1,0,1,0
2023421366297,2023,421366297,566100,201056,0.401297,51.683701,42,3,1,1,17/10/2023,3,19:39,-1,E07000070,E10000012,E10000012,3,12,3,70,0,0,-1,0,-1,0,0,0,7,1,1,4,0,13,2,1,1,E01021602,3,1,0,1
2023231337356,2023,231337356,414189,271775,-1.793145,52.343872,23,2,4,1,25/07/2023,3,09:05,-1,E07000221,E10000031,E10000031,1,40,3,70,0,0,-1,0,-1,0,0,0,1,1,1,4,0,13,2,1,1,E01031244,7,1,1,0
202360A117291,2023,60A117291,257152,360936,-4.136322,53.126398,60,3,2,1,25/07/2023,3,16:33,-1,W06000002,W06000002,W06000002,3,4086,6,40,8,18,4,6,0,0,0,0,1,1,1,4,0,13,2,1,-1,W01000081,-1,0,0.03832,0.96168
2023141311063,2023,141311063,443737,392220,-1.343283,53.424969,14,3,2,1,24/05/2023,4,15:12,-1,E08000018,E08000018,E08000018,6,0,6,40,7,17,4,3,6021,0,0,0,1,1,1,4,0,13,1,1,2,E01007675,3,1,0,1
2023010441446,2023,010441446,525357,178856,-0.19562,51.494759,1,3,2,1,06/05/2023,7,02:05,-1,E09000020,E09000020,E09000020,3,3220,2,20,7,17,2,3,4,0,8,17,4,1,1,4,0,13,1,3,2,E01002815,-1,0,0,1
2023041280187,2023,041280187,353600,429401,-2.705265,53.75889,4,3,2,3,24/02/2023,6,13:51,-1,E07000123,E10000017,E10000017,3,59,3,30,3,13,2,6,0,0,5,15,1,1,2,4,0,13,1,1,2,E01025314,3,1,0,1
2023430339379,2023,430339379,449387,210825,-1.285306,51.793906,43,3,2,1,30/07/2023,1,13:10,-1,E07000177,E10000025,E10000025,3,44,1,40,1,0,4,3,34,0,0,0,1,2,2,4,0,13,2,3,2,E01028511,-1,0,0.00219,0.99781
2023010447036,2023,010447036,525456,179987,-0.193793,51.504902,1,3,2,1,01/06/2023,5,18:20,-1,E09000020,E09000020,E09000020,3,4204,6,20,6,16,2,6,0,0,9,0,1,1,1,4,0,13,1,3,2,E01002824,-1,0,0,1
2023552300423,2023,552300423,405780,91785,-1.919477,50.72566,55,1,1,1,16/04/2023,1,00:21,-1,E06000058,E06000058,E06000058,5,0,6,30,0,0,-1,0,-1,0,0,0,4,1,1,4,0,13,1,1,2,E01015402,-1,0,0,0
2023141321368,2023,141321368,442387,390344,-1.363849,53.408218,14,3,2,2,21/06/2023,4,21:46,-1,E08000018,E08000018,E08000018,4,6066,6,30,0,0,-1,0,-1,0,0,0,1,1,1,4,0,13,1,1,2,E01007702,3,1,0,1
2023041347504,2023,041347504,352115,439316,-2.729332,53.847863,4,3,4,5,31/08/2023,5,13:15,-1,E07000123,E10000017,E10000017,1,6,3,70,0,0,-1,0,-1,0,0,0,1,1,1,4,0,13,2,1,1,E01025281,3,1,0,1
2023430284559,2023,430284559,449297,210851,-1.286608,51.794147,43,3,2,1,27/06/2023,3,15:00,-1,E07000177,E10000025,E10000025,3,44,3,40,1,0,4,3,44,0,0,0,1,1,1,4,0,13,2,2,2,E01028511,-1,0,0.00306,0.99694
2023552300183,2023,552300183,400230,99731,-1.998104,50.797143,55,3,2,2,08/02/2023,4,14:26,-1,E06000059,E06000059,E06000059,4,3073,6,30,0,0,-1,0,-1,0,0,0,1,1,1,4,0,13,2,1,2,E01020410,-1,0,0.08832,0.91168
2023201391677,2023,201391677,407670,286439,-1.888505,52.47583,20,3,2,1,09/08/2023,4,07:46,-1,E08000025,E08000025,E08000025,6,0,6,30,9,19,4,4,4100,0,0,0,1,1,1,4,0,13,1,1,2,E01009200,3,1,0,1
2023010426507,2023,010426507,533485,182169,-0.077352,51.522672,1,3,1,1,10/02/2023,6,14:15,-1,E09000012,E09000012,E09000012,3,1202,6,20,6,16,2,3,10,0,4,14,1,1,1,4,9,13,1,3,2,E01033708,-1,0,0,1
2023421370010,2023,421370010,580745,197321,0.610984,51.645636,42,3,1,1,02/11/2023,5,19:36,-1,E07000070,E10000012,E10000012,6,0,6,30,0,0,-1,0,-1,0,0,0,4,5,2,4,0,13,1,1,2,E01021613,3,1,0,1
2023461367332,2023,461367332,588996,165103,0.712852,51.353565,46,3,3,1,29/09/2023,6,18:28,-1,E07000113,E10000016,E10000016,3,249,3,70,0,0,-1,0,-1,0,0,0,1,1,1,4,0,13,2,1,1,E01024568,3,1,0,1
2023991283671,2023,991283671,256727,667417,-4.291781,55.878538,99,3,2,1,25/01/2023,4,09:30,-1,S12000049,S12000049,S12000049,3,82,6,30,0,0,-1,0,-1,0,0,0,1,1,2,4,0,13,1,2,-1,-1,3,1,0,1
2023161369586,2023,161369586,501743,430854,-0.458028,53.764112,16,3,2,1,22/10/2023,1,14:10,-1,E06000011,E06000011,E06000011,3,164,1,30,1,0,4,3,164,0,0,0,1,1,1,4,2,13,2,1,2,E01012966,3,1,0,1
2023522324393,2023,522324393,359762,169328,-2.580073,51.421528,52,3,3,1,24/08/2023,5,20:54,-1,E06000023,E06000023,E06000023,3,4174,6,40,6,16,2,6,0,0,5,15,4,1,1,4,0,13,1,1,2,E01014583,-1,0,0.3639,0.6361
2023541978523,2023,541978523,406800,182641,-1.90334,51.542628,54,1,1,1,22/02/2023,4,12:35,-1,E06000054,E06000054,E06000054,3,3102,6,30,0,0,-1,0,-1,0,4,14,1,1,1,4,0,13,1,1,2,E01031967,-1,0,0,0
2023010452996,2023,010452996,524625,182310,-0.204939,51.525962,1,3,2,1,03/07/2023,2,14:15,-1,E09000033,E09000033,E09000033,3,404,2,20,3,13,4,6,0,9,7,16,1,9,9,4,9,13,1,3,2,E01004679,-1,0,0,1
2023161327706,2023,161327706,516974,468992,-0.212502,54.103528,16,3,1,1,14/04/2023,6,15:35,-1,E06000011,E06000011,E06000011,3,165,1,60,1,0,4,6,0,0,0,0,1,1,1,4,0,13,2,1,2,E01012934,3,1,0,1
2023061359578,2023,061359578,375566,399310,-2.369727,53.489929,6,3,1,2,30/09/2023,7,17:55,-1,E08000006,E08000006,E08000006,1,602,3,70,0,0,-1,0,-1,0,0,0,1,2,2,4,0,13,1,1,1,E01005726,3,1,0,1
2023010483763,2023,010483763,522901,180309,-0.230475,51.508356,1,2,2,3,13/12/2023,4,02:04,-1,E09000013,E09000013,E09000013,6,0,9,20,6,16,4,6,0,0,0,0,1,2,2,4,0,13,1,3,2,E01001945,-1,0,1,0
2023302300387,2023,302300387,429134,360563,-1.565921,53.141427,30,2,2,2,06/03/2023,2,13:57,-1,E07000035,E10000007,E10000007,3,6,6,40,0,0,-1,0,-1,0,8,17,1,2,2,4,0,13,1,1,2,E01019624,-1,0,1,0
2023221299130,2023,221299130,398916,247226,-2.017248,52.123347,22,3,2,2,20/04/2023,5,20:37,-1,E07000238,E10000034,E10000034,3,44,6,60,0,0,-1,0,-1,0,0,0,6,1,1,4,0,13,2,1,2,E01032383,3,1,0,1
2023010458915,2023,010458915,521922,185264,-0.24286,51.5531,1,3,2,1,04/08/2023,6,15:30,-1,E09000005,E09000005,E09000005,3,4088,6,30,3,13,2,5,0,9,9,99,1,1,1,4,0,13,1,3,2,E01000506,-1,0,0,1
2023010474059,2023,010474059,522084,169717,-0.245895,51.41334,1,3,2,1,25/10/2023,4,14:55,-1,E09000024,E09000024,E09000024,3,238,6,20,0,0,-1,0,-1,9,8,17,1,1,1,4,2,13,1,3,2,E01003445,-1,0,0,1
202354A135523,2023,54A135523,414532,190113,-1.791542,51.609667,54,3,3,1,24/09/2023,1,17:10,-1,E06000030,E06000030,E06000030,3,419,3,70,9,19,4,3,419,0,0,0,1,1,1,4,0,13,2,1,1,E01015474,-1,0,0.05641,0.94359
2023221318928,2023,221318928,346773,295605,-2.786505,52.55567,22,3,3,1,05/06/2023,2,21:42,-1,E06000051,E06000051,E06000051,3,49,6,60,0,0,-1,0,-1,0,0,0,6,1,1,4,0,13,2,1,1,E01028997,3,1,0,1
2023340NN2772,2023,340NN2772,487114,279450,-0.720867,52.406135,34,3,1,1,27/07/2023,5,11:00,-1,E06000061,E06000061,E06000061,6,0,6,30,6,16,4,6,0,0,0,0,1,1,1,4,6,13,1,1,2,E01027106,-1,0,0,1
2023010457720,2023,010457720,531739,189912,-0.099605,51.592664,1,3,2,1,26/07/2023,4,19:23,-1,E09000014,E09000014,E09000014,3,1080,6,20,99,-1,9,6,0,0,0,0,1,2,2,4,0,13,1,3,2,E01002083,-1,0,0,1
2023010476830,2023,010476830,521830,166450,-0.250666,51.384033,1,3,2,1,09/11/2023,5,10:02,-1,E09000021,E09000021,E09000021,3,2043,6,20,3,13,4,6,0,0,0,0,1,1,2,4,0,13,1,1,2,E01002978,-1,0,0,1
2023010435071,2023,010435071,540195,176899,0.017211,51.473693,1,3,2,1,29/03/2023,4,22:40,-1,E09000023,E09000023,E09000023,3,2,9,30,0,0,-1,0,-1,0,5,15,4,1,2,4,0,13,1,3,2,E01003200,-1,0,0,1
2023471314522,2023,471314522,530108,104457,-0.154103,50.825044,47,3,2,1,02/06/2023,6,17:03,-1,E06000043,E06000043,E06000043,4,2066,6,20,9,19,2,6,0,0,4,14,1,1,1,4,0,13,1,1,2,E01016954,3,1,0,1
2023010424077,2023,010424077,529705,182547,-0.131665,51.526949,1,3,2,1,28/01/2023,7,17:45,-1,E09000007,E09000007,E09000007,3,501,3,30,0,0,-1,0,-1,0,0,0,4,1,1,4,0,13,1,1,2,E01000852,-1,0,0,1
2023440115262,2023,440115262,444808,121004,-1.363005,50.986704,44,3,2,1,23/03/2023,5,08:50,-1,E07000086,E10000014,E10000014,1,3,3,70,0,0,-1,0,-1,0,0,0,1,1,1,4,0,13,2,1,1,E01022675,-1,0,0,1
2023430558844,2023,430558844,454767,204514,-1.208298,51.736669,43,3,2,1,13/12/2023,4,20:30,-1,E07000178,E10000025,E10000025,4,4495,6,20,0,0,-1,0,-1,0,0,0,4,1,2,4,0,13,1,3,2,E01028558,-1,0,0.01268,0.98732
2023451322935,2023,451322935,493702,148359,-0.65948,51.226743,45,3,3,3,26/06/2023,2,12:52,-1,E07000209,E10000030,E10000030,3,31,3,60,0,0,-1,0,-1,0,0,0,1,1,1,4,0,13,2,1,2,E01030471,3,1,0,1
2023552301186,2023,552301186,388930,109700,-2.158743,50.886681,55,3,2,1,03/10/2023,3,08:46,-1,E06000059,E06000059,E06000059,5,0,6,60,3,13,4,5,0,0,0,0,1,1,1,4,0,13,2,1,2,E01020442,-1,0,0.04866,0.95134
2023141342459,2023,141342459,443879,381380,-1.342647,53.327528,14,3,2,1,16/08/2023,4,18:05,-1,E08000019,E08000019,E08000039,4,6058,6,30,0,0,-1,0,-1,0,0,0,1,1,1,4,0,13,1,1,2,E01008019,3,1,0,1
2023010483285,2023,010483285,529156,191873,-0.13615,51.610884,1,3,2,1,11/12/2023,2,00:18,-1,E09000010,E09000010,E09000010,3,406,6,30,6,16,4,3,109,0,5,15,4,1,1,4,0,13,1,1,2,E01001973,-1,0,0,1
2023471381668,2023,471381668,541379,110277,0.008066,50.874708,47,3,1,1,01/12/2023,6,09:42,-1,E07000063,E10000011,E10000011,3,2029,6,30,6,16,4,6,0,0,0,0,1,1,2,4,0,13,1,3,2,E01021038,3,1,0,1
2023211371649,2023,211371649,403361,316250,-1.951653,52.743866,21,2,1,1,06/11/2023,2,07:10,-1,E07000192,E10000028,E10000028,3,460,6,60,0,0,-1,0,-1,0,0,0,1,1,2,4,0,13,2,1,2,E01029370,6,1,1,0
2023451376838,2023,451376838,514129,164911,-0.361774,51.371799,45,3,2,1,20/11/2023,2,13:30,-1,E07000207,E10000030,E10000030,3,307,6,30,0,0,-1,0,-1,0,5,15,1,1,1,4,0,13,1,1,2,E01030307,3,1,0,1
2023070408259,2023,070408259,357247,381231,-2.643351,53.326262,7,3,2,1,14/05/2023,1,16:17,-1,E06000006,E06000006,E06000006,3,56,1,40,1,0,2,1,56,0,0,0,1,1,1,4,0,13,2,1,2,E01012385,-1,0,0.02794,0.97206
2023061326228,2023,061326228,381641,394373,-2.277879,53.445802,6,3,2,1,04/07/2023,3,14:45,-1,E08000003,E08000003,E08000003,4,5217,6,30,9,19,4,6,0,0,0,0,1,1,1,4,0,13,1,1,2,E01005150,3,1,0,1
2023141273507,2023,141273507,432070,384285,-1.519651,53.354483,14,3,2,2,28/01/2023,7,11:00,-1,E08000019,E08000019,E08000039,6,0,3,30,6,16,4,5,0,0,0,0,1,1,1,4,0,13,1,2,2,E01007928,3,1,0,1
2023010439350,2023,010439350,525947,175603,-0.188284,51.465394,1,3,2,2,24/04/2023,2,11:54,-1,E09000013,E09000013,E09000013,3,217,6,20,0,0,-1,0,-1,0,5,15,1,1,1,4,0,13,2,3,2,E01001938,-1,0,0,1
2023010468909,2023,010468909,530569,174155,-0.122319,51.451334,1,3,2,1,29/09/2023,6,07:33,-1,E09000022,E09000022,E09000022,3,23,6,30,8,18,4,6,0,2,4,12,1,1,1,4,0,13,1,1,2,E01003024,-1,0,0,1
202360A019565,2023,60A019565,298694,377546,-3.52104,53.285171,60,3,3,5,09/02/2023,5,11:30,-1,W06000003,W06000003,W06000003,3,547,6,60,0,0,-1,0,-1,0,0,0,1,1,1,4,0,13,2,1,-1,W01000140,-1,0,0.27263,0.72737
2023031384153,2023,031384153,346434,541288,-2.834002,54.763654,3,1,2,1,07/12/2023,5,22:54,-1,E06000064,E06000064,E06000064,1,6,3,70,0,0,-1,0,-1,0,0,0,6,1,2,4,0,13,2,1,1,E01019316,1,1,0,0
2023201292056,2023,201292056,433102,278448,-1.514876,52.403049,20,3,2,1,28/02/2023,3,07:56,-1,E08000026,E08000026,E08000026,3,429,3,20,6,16,4,3,4053,0,4,14,1,1,2,4,0,13,1,1,2,E01009553,3,1,0,1
2023010448489,2023,010448489,537266,169422,-0.027832,51.40722,1,3,1,1,12/06/2023,2,12:45,-1,E09000006,E09000006,E09000006,3,222,9,30,99,-1,2,6,0,9,9,99,1,1,1,4,0,13,1,3,2,E01000714,-1,0,0,1
2023411305869,2023,411305869,550119,221977,0.179355,51.876163,41,1,1,1,05/05/2023,6,11:27,-1,E07000242,E10000015,E10000015,6,0,6,30,0,0,-1,0,-1,0,0,0,1,1,2,4,0,13,1,1,2,E01023440,1,1,0,0
2023451313932,2023,451313932,500346,156447,-0.562096,51.298318,45,3,3,1,24/05/2023,4,10:10,-1,E07000217,E10000030,E10000030,4,380,6,30,0,0,-1,0,-1,0,0,0,1,1,1,4,0,13,1,3,2,E01030986,3,1,0,1
2023430533101,2023,430533101,498591,174494,-0.582257,51.460847,43,3,2,1,25/11/2023,7,11:45,-1,E06000040,E06000040,E06000040,3,308,3,20,3,13,4,6,0,0,0,0,1,1,1,4,0,13,1,3,2,E01016587,-1,0,0.01787,0.98213
2023471349611,2023,471349611,531997,105547,-0.126906,50.834414,47,3,2,2,03/09/2023,1,18:26,-1,E06000043,E06000043,E06000043,3,270,6,20,9,19,4,6,0,0,0,0,1,1,1,4,0,13,1,3,2,E01016971,3,1,0,1
2023010422206,2023,010422206,521300,184300,-0.252159,51.54457,1,3,2,1,18/01/2023,4,20:09,-1,E09000005,E09000005,E09000005,6,0,7,20,6,16,2,6,0,0,5,15,4,1,1,4,0,13,1,3,2,E01000528,-1,0,0,1
2023351325704,2023,351325704,513769,294675,-0.324014,52.538062,35,3,2,1,19/06/2023,2,01:16,-1,E07000011,E10000003,E10000003,3,1,3,70,0,0,-1,0,-1,0,0,0,6,1,2,4,0,13,2,1,1,E01018127,3,1,0,1
2023440056227,2023,440056227,465563,103997,-1.070399,50.831805,44,3,2,1,10/02/2023,6,07:07,-1,E06000044,E06000044,E06000044,3,2047,2,30,0,0,-1,0,-1,0,0,0,4,1,1,4,0,13,1,1,2,E01017090,-1,0,0,1
2023101329527,2023,101329527,427309,574490,-1.573952,55.064141,10,3,2,2,13/07/2023,5,06:25,-1,E06000057,E06000057,E06000057,3,19,3,70,0,0,-1,0,-1,0,0,0,1,1,1,4,0,13,2,1,1,E01027436,3,1,0,1
2023201370365,2023,201370365,404616,285502,-1.933481,52.46744,20,3,2,1,09/06/2023,6,13:00,-1,E08000025,E08000025,E08000025,6,0,2,30,9,19,4,4,4124,0,0,0,1,1,1,4,0,13,1,1,2,E01008990,3,1,0,1
2023201298687,2023,201298687,399163,298202,-2.013785,52.58163,20,3,2,1,07/04/2023,6,14:12,-1,E08000030,E08000030,E08000030,1,6,3,70,0,0,-1,0,-1,0,0,0,1,1,1,4,0,13,2,1,1,E01010362,3,1,0,1
2023131388814,2023,131388814,416323,432541,-1.753722,53.788936,13,2,1,1,15/12/2023,6,20:23,-1,E08000032,E08000032,E08000032,3,647,3,30,6,16,2,3,641,0,5,15,4,1,1,4,0,13,1,1,2,E01010730,7,1,1,0
2023010463342,2023,010463342,551356,174896,0.176936,51.452823,1,3,2,1,31/08/2023,5,12:30,-1,E09000004,E09000004,E09000004,3,2000,6,30,3,13,4,6,0,0,0,0,1,8,1,4,0,13,1,1,2,E01000378,-1,0,0,1
2023010435794,2023,010435794,534901,186210,-0.055407,51.55865,1,3,1,1,02/04/2023,1,20:06,-1,E09000012,E09000012,E09000012,3,104,1,20,1,0,2,3,107,9,5,15,4,8,1,4,6,13,1,3,2,E01001792,-1,0,0,1
2023010439829,2023,010439829,511739,171123,-0.394141,51.428108,1,2,2,1,27/04/2023,5,15:36,-1,E09000018,E09000018,E09000018,6,0,6,20,3,13,4,6,0,0,0,0,1,2,2,4,0,13,1,1,2,E01002610,-1,0,1,0
2023041316000,2023,041316000,355037,431519,-2.68378,53.778051,4,2,2,1,07/06/2023,4,12:05,-1,E07000123,E10000017,E10000017,4,6241,6,30,9,19,4,6,0,0,0,0,1,1,1,4,0,13,1,1,2,E01025252,6,1,1,0
2023991321453,2023,991321453,257283,661228,-4.279645,55.823139,99,2,2,1,22/06/2023,5,08:30,-1,S12000049,S12000049,S12000049,6,0,6,30,0,0,-1,0,-1,0,1,13,1,1,1,4,0,13,1,1,-1,-1,5,1,1,0
2023131332810,2023,131332810,428597,432789,-1.567402,53.790638,13,3,2,1,23/07/2023,1,17:17,-1,E08000035,E08000035,E08000035,3,58,3,50,5,0,4,3,58,0,0,0,1,2,2,4,0,13,1,2,2,E01011363,3,1,0,1
2023010481177,2023,010481177,545341,183105,0.093808,51.528159,1,3,1,1,30/11/2023,5,16:50,-1,E09000002,E09000002,E09000002,5,0,6,30,6,16,4,6,0,0,4,14,4,1,1,4,0,13,1,1,2,E01000092,-1,0,0,1
2023041378748,2023,041378748,353753,429536,-2.702965,53.760117,4,2,1,1,25/11/2023,7,05:06,-1,E07000123,E10000017,E10000017,3,59,3,30,9,19,2,3,583,2,5,12,5,1,4,4,0,13,1,1,2,E01033223,6,1,1,0
2023552300826,2023,552300826,367216,81613,-2.464915,50.633286,55,3,1,1,19/06/2023,2,18:08,-1,E06000059,E06000059,E06000059,4,3159,6,30,0,0,-1,0,-1,0,0,0,1,1,1,4,0,13,1,1,2,E01020580,-1,0,0.10175,0.89825
2023141355009,2023,141355009,435272,387705,-1.471166,53.38502,14,3,1,1,15/09/2023,6,17:30,-1,E08000019,E08000019,E08000039,4,6539,9,30,0,0,-1,0,-1,0,4,14,1,1,1,4,0,13,1,1,2,E01033262,3,1,0,1
2023201283848,2023,201283848,409533,290106,-1.860973,52.508767,20,3,2,1,02/02/2023,5,19:15,-1,E08000025,E08000025,E08000025,1,6,3,70,0,0,-1,0,-1,0,0,0,4,1,1,4,0,13,1,2,1,E01008899,3,1,0,1
2023421338940,2023,421338940,598191,228482,0.880591,51.91958,42,2,3,2,07/08/2023,2,09:28,-1,E07000071,E10000012,E10000012,3,12,3,70,0,0,-1,0,-1,0,0,0,1,1,1,4,0,13,2,1,1,E01021680,6,1,1,0
2023361299315,2023,361299315,652854,307390,1.732929,52.605394,36,2,1,2,28/03/2023,3,17:29,-1,E07000145,E10000020,E10000020,6,0,6,30,6,16,2,6,0,0,4,14,1,2,2,4,0,13,1,1,2,E01026623,7,1,1,0
2023991298667,2023,991298667,262544,672796,-4.201611,55.928527,99,3,4,3,19/04/2023,4,12:20,-1,S12000045,S12000045,S12000045,3,803,6,60,0,0,-1,0,-1,0,0,0,1,1,1,4,0,13,2,1,-1,-1,3,1,0,1
2023610018623,2023,610018623,308645,208714,-3.32533,51.769622,61,3,1,1,11/05/2023,5,03:10,-1,W06000018,W06000018,W06000018,3,465,3,40,0,0,-1,0,-1,0,0,0,6,1,1,4,0,13,2,1,-1,W01001429,-1,0,0.14525,0.85475
2023070860108,2023,070860108,389427,379665,-2.160156,53.313813,7,3,2,1,09/09/2023,7,09:49,-1,E06000049,E06000049,E06000049,4,5358,6,40,0,0,-1,0,-1,0,0,0,1,1,1,4,0,13,2,1,2,E01018667,-1,0,0.18089,0.81911
2023421321314,2023,421321314,596407,227855,0.854326,51.914582,42,3,3,3,21/06/2023,4,15:24,-1,E07000071,E10000012,E10000012,4,1508,6,30,0,0,-1,0,-1,0,0,0,1,1,1,4,0,13,2,1,2,E01021728,3,1,0,1
2023461357486,2023,461357486,584969,161573,0.653254,51.323183,46,3,3,1,07/08/2023,2,17:01,-1,E07000110,E10000016,E10000016,3,249,3,50,0,0,-1,0,-1,0,0,0,1,1,1,4,0,13,2,1,2,E01024387,3,1,0,1
2023361292550,2023,361292550,652073,305914,1.720298,52.592516,36,3,2,1,30/03/2023,5,14:20,-1,E07000145,E10000020,E10000020,3,47,1,50,1,0,4,3,47,0,0,0,1,1,1,4,0,13,1,1,1,E01026633,3,1,0,1
2023141370878,2023,141370878,442297,392373,-1.364931,53.426462,14,3,3,2,04/11/2023,7,14:40,-1,E08000018,E08000018,E08000018,3,630,3,40,0,0,-1,0,-1,0,0,0,1,2,2,4,0,13,1,1,2,E01007714,3,1,0,1
2023201300616,2023,201300616,392527,302999,-2.11183,52.624701,20,3,2,1,13/04/2023,5,16:40,-1,E08000031,E08000031,E08000031,6,0,6,30,6,16,4,6,0,0,0,0,1,1,1,4,0,13,1,1,2,E01010439,3,1,0,1
2023010471137,2023,010471137,531276,189912,-0.106285,51.592772,1,3,2,1,09/10/2023,2,21:01,-1,E09000014,E09000014,E09000014,3,105,9,20,99,-1,9,6,0,9,9,99,4,9,9,4,9,13,1,3,2,E01002026,-1,0,0,1
2023010423949,2023,010423949,536298,182743,-0.036609,51.527159,1,3,2,1,27/01/2023,6,21:33,-1,E09000030,E09000030,E09000030,3,1205,7,20,8,18,4,6,0,0,0,0,4,1,1,4,0,13,1,1,2,E01004232,-1,0,0,1
2023041361266,2023,041361266,352008,439555,-2.730996,53.850001,4,3,3,1,04/10/2023,4,13:12,-1,E07000123,E10000017,E10000017,1,6,3,70,0,0,-1,0,-1,0,0,0,1,1,1,4,0,13,2,1,1,E01025281,3,1,0,1
2023545440423,2023,545440423,413214,130478,-1.812769,51.073481,54,3,1,1,24/05/2023,4,15:37,-1,E06000054,E06000054,E06000054,6,0,6,30,3,13,4,3,36,0,4,14,1,1,1,4,0,13,1,1,2,E01032003,-1,0,0.07715,0.92285
2023122300868,2023,122300868,442653,481460,-1.34725,54.227088,12,3,2,1,14/07/2023,6,16:50,-1,E06000065,E06000065,E06000065,4,1448,6,30,0,0,-1,0,-1,0,4,14,1,2,2,4,0,13,2,1,2,E01027620,-1,0,0.02639,0.97361
2023010468967,2023,010468967,526776,191446,-0.170657,51.607587,1,3,2,1,29/09/2023,6,08:03,-1,E09000003,E09000003,E09000003,5,0,6,30,3,13,4,6,0,0,0,0,1,8,1,4,0,13,1,1,2,E01000318,-1,0,0,1
2023010450759,2023,010450759,524172,178961,-0.212644,51.495964,1,3,2,1,22/06/2023,5,08:10,-1,E09000013,E09000013,E09000013,6,0,3,20,0,0,-1,0,-1,0,0,0,1,1,1,4,0,13,1,1,2,E01001871,-1,0,0,1
2023041391621,2023,041391621,337781,439467,-2.94721,53.847698,4,2,2,4,22/12/2023,6,22:08,-1,E07000119,E10000017,E10000017,3,585,3,50,0,0,-1,0,-1,0,0,0,5,4,1,4,0,13,2,1,1,E01025026,5,1,1,0
2023430521993,2023,430521993,465471,203483,-1.053504,51.726254,43,3,2,1,20/11/2023,2,11:51,-1,E07000179,E10000025,E10000025,3,329,6,40,0,0,-1,0,-1,0,0,0,1,1,1,4,0,13,2,1,2,E01028647,-1,0,0.00493,0.99507
2023010435100,2023,010435100,537729,180569,-0.016842,51.507277,1,2,6,1,30/03/2023,5,22:42,-1,E09000030,E09000030,E09000030,3,1261,3,40,3,13,2,6,0,0,0,0,4,2,2,4,2,13,1,1,2,E01004277,-1,0,1,0
2023010449400,2023,010449400,530228,179123,-0.125394,51.496059,1,3,1,1,16/06/2023,6,08:15,-1,E09000033,E09000033,E09000033,3,3212,3,20,3,13,3,6,0,0,0,0,1,1,1,4,2,13,1,1,2,E01004733,-1,0,0,1
2023461380647,2023,461380647,606939,124937,0.947088,50.98663,46,3,2,1,24/11/2023,6,18:06,-1,E07000112,E10000016,E10000016,4,2071,6,30,3,13,4,6,0,0,0,0,1,1,2,4,0,13,2,1,2,E01024539,3,1,0,1
2023041281070,2023,041281070,378112,431678,-2.333645,53.780966,4,3,2,3,25/02/2023,7,17:22,-1,E07000120,E10000017,E10000017,1,65,7,70,0,0,-1,0,-1,0,0,0,1,1,1,4,0,13,2,1,1,E01025053,3,1,0,1
2023451294822,2023,451294822,494754,148428,-0.6444,51.227189,45,3,4,1,06/04/2023,5,11:08,-1,E07000209,E10000030,E10000030,3,31,3,60,0,0,-1,0,-1,0,0,0,1,1,1,4,0,13,2,1,2,E01030471,3,1,0,1
2023311305481,2023,311305481,454899,341430,-1.184039,52.96743,31,3,2,1,09/05/2023,3,17:26,-1,E06000018,E06000018,E06000018,4,690,9,30,6,16,2,3,610,2,4,12,1,1,1,4,0,13,1,1,2,E01013930,3,1,0,1
2023430368131,2023,430368131,477714,170872,-0.883488,51.431533,43,2,2,1,17/08/2023,5,13:59,-1,E06000041,E06000041,E06000041,3,329,6,40,3,13,4,6,0,0,0,0,1,1,1,4,0,13,1,1,2,E01016702,-1,0,1,0
2023201391452,2023,201391452,408106,291701,-1.88196,52.523129,20,3,7,2,22/12/2023,6,13:15,-1,E08000025,E08000025,E08000025,1,6,3,70,0,0,-1,0,-1,0,0,0,1,1,1,4,0,13,1,1,1,E01009239,3,1,0,1
2023010445098,2023,010445098,520604,189846,-0.26029,51.594562,1,3,2,1,25/05/2023,5,18:50,-1,E09000005,E09000005,E09000005,3,5,9,30,99,-1,2,6,0,9,5,15,1,1,1,4,0,13,1,3,2,E01000588,-1,0,0,1
2023041376848,2023,041376848,355922,425327,-2.669466,53.722477,4,2,2,2,20/11/2023,2,19:29,-1,E07000126,E10000017,E10000017,6,0,6,30,9,19,4,6,0,0,0,0,6,1,2,4,0,13,1,2,2,E01025405,7,1,1,0
2023320527425,2023,320527425,499876,375499,-0.503963,53.267093,32,2,3,2,24/08/2023,5,17:52,-1,E07000142,E10000019,E10000019,3,46,6,60,3,13,4,6,0,0,0,0,1,1,1,4,0,13,2,1,2,E01026394,-1,0,1,0
2023430162636,2023,430162636,485988,239282,-0.747613,52.045275,43,2,3,1,14/04/2023,6,16:24,-1,E06000042,E06000042,E06000042,4,4034,6,60,0,0,-1,0,-1,0,7,16,1,1,1,4,0,13,2,1,2,E01016768,-1,0,1,0
2023141331602,2023,141331602,436552,390220,-1.451633,53.407538,14,3,2,1,20/07/2023,5,18:32,-1,E08000019,E08000019,E08000039,3,6102,6,30,0,0,-1,0,-1,0,5,15,1,1,1,4,0,13,1,1,2,E01007942,3,1,0,1
2023421366851,2023,421366851,554753,222593,0.246893,51.880432,42,3,2,1,03/10/2023,3,00:30,-1,E07000077,E10000012,E10000012,6,0,6,40,6,16,2,6,0,0,0,0,4,1,2,4,0,13,2,3,2,E01022090,3,1,0,1
2023231310125,2023,231310125,434574,260537,-1.495075,52.241941,23,3,3,3,14/05/2023,1,14:09,-1,E07000221,E10000031,E10000031,4,4455,6,60,0,0,-1,0,-1,0,0,0,1,1,1,4,0,13,2,1,2,E01031199,3,1,0,1
2023231371438,2023,231371438,425501,303127,-1.624712,52.625312,23,3,1,2,04/11/2023,7,21:40,-1,E07000218,E10000031,E10000031,1,42,3,70,0,0,-1,0,-1,0,0,0,6,2,2,4,0,13,2,1,1,E01031040,3,1,0,1
2023221281533,2023,221281533,398659,280448,-2.021145,52.422021,22,3,2,1,28/02/2023,3,23:40,-1,E07000234,E10000034,E10000034,1,5,3,70,0,0,-1,0,-1,0,0,0,4,1,2,4,0,13,2,1,1,E01032169,3,1,0,1
2023161310876,2023,161310876,505082,411171,-0.414053,53.586604,16,3,3,1,14/03/2023,3,07:20,-1,E06000013,E06000013,E06000013,3,15,3,70,1,0,4,3,180,2,0,12,1,1,1,4,0,13,2,1,2,E01013267,3,1,0,1
2023131280015,2023,131280015,449134,423799,-1.257117,53.708313,13,3,2,1,23/02/2023,5,21:00,-1,E08000036,E08000036,E08000036,3,645,6,30,6,16,2,4,6136,0,0,0,4,1,1,4,2,13,1,2,2,E01011809,3,1,0,1
2023010483370,2023,010483370,528464,189734,-0.146921,51.59182,1,3,2,2,09/12/2023,7,12:00,-1,E09000014,E09000014,E09000014,5,0,6,30,3,13,4,6,0,0,5,15,1,2,2,4,0,13,1,3,2,E01001991,-1,0,0,1
2023010453961,2023,010453961,541658,180391,0.039662,51.504707,1,2,1,1,08/07/2023,7,12:35,-1,E09000025,E09000025,E09000025,3,112,3,30,1,0,4,3,1011,0,0,0,1,2,2,4,0,13,1,1,2,E01033581,-1,0,1,0
2023471280290,2023,471280290,544460,122590,0.056702,50.984599,47,3,3,1,24/02/2023,6,18:40,-1,E07000065,E10000011,E10000011,3,272,6,60,3,13,4,6,0,0,0,0,5,1,1,4,0,13,2,1,2,E01021165,3,1,0,1
2023461375592,2023,461375592,618788,161148,1.137637,51.307377,46,2,2,1,10/11/2023,6,19:54,-1,E07000106,E10000016,E10000016,3,28,6,40,3,13,4,6,0,0,0,0,4,1,1,4,0,13,2,1,2,E01024111,7,1,1,0
2023361357808,2023,361357808,650282,303279,1.691926,52.569704,36,3,1,1,29/09/2023,6,19:30,-1,E07000145,E10000020,E10000020,3,143,6,30,3,13,4,6,0,0,0,0,4,1,1,4,0,13,1,1,2,E01026587,3,1,0,1
2023451267111,2023,451267111,510430,161055,-0.416089,51.337871,45,3,2,2,23/01/2023,2,23:11,-1,E07000207,E10000030,E10000030,3,3,3,70,0,0,-1,0,-1,0,0,0,7,1,2,4,0,13,1,1,1,E01030306,3,1,0,1
2023631377850,2023,631377850,253603,209492,-4.122854,51.764916,63,3,1,1,22/11/2023,4,21:00,-1,W06000010,W06000010,W06000010,4,4306,6,40,0,0,-1,0,-1,0,0,0,6,1,2,4,0,13,2,1,-1,W01000699,3,1,0,1
2023421300855,2023,421300855,568658,182852,0.429517,51.51941,42,3,2,1,25/04/2023,3,18:28,-1,E06000034,E06000034,E06000034,3,1014,3,50,0,0,-1,0,-1,0,0,0,1,1,1,4,0,13,1,1,2,E01015989,3,1,0,1
2023052302329,2023,052302329,336568,396957,-2.95695,53.465518,5,2,2,1,30/09/2023,7,13:30,-1,E08000012,E08000012,E08000012,3,59,6,30,3,13,2,-1,-1,0,5,15,1,1,2,4,0,13,1,1,2,E01006783,-1,0,1,0
2023201285241,2023,201285241,409251,281285,-1.86537,52.429472,20,3,2,1,01/03/2023,4,08:05,-1,E08000025,E08000025,E08000025,3,4040,6,30,3,13,4,6,0,0,0,0,1,1,2,4,0,13,1,2,2,E01008933,3,1,0,1
2023010477549,2023,010477549,525013,190969,-0.196272,51.603694,1,3,2,1,12/11/2023,1,12:08,-1,E09000003,E09000003,E09000003,3,1003,1,30,2,0,4,4,1462,0,8,17,1,1,2,4,0,13,1,3,2,E01000296,-1,0,0,1
2023010424913,2023,010424913,527004,181774,-0.170858,51.520616,1,3,1,1,02/02/2023,5,13:39,-1,E09000033,E09000033,E09000033,3,5,6,20,9,19,4,6,0,0,0,0,1,1,1,4,0,13,1,1,2,E01033604,-1,0,0,1
2023331306908,2023,331306908,453988,302447,-1.204021,52.61712,33,3,2,2,12/05/2023,6,22:07,-1,E07000129,E10000018,E10000018,1,1,3,40,0,0,-1,0,-1,0,0,0,4,1,1,4,0,13,2,2,1,E01025669,3,1,0,1
2023161271121,2023,161271121,526514,404589,-0.093132,53.522749,16,3,2,1,01/02/2023,4,09:10,-1,E06000012,E06000012,E06000012,4,1203,6,40,0,0,-1,0,-1,0,0,0,1,1,1,4,0,13,2,1,2,E01013215,3,1,0,1
2023201345111,2023,201345111,392130,292394,-2.117439,52.529359,20,3,2,1,19/06/2023,2,15:33,-1,E08000027,E08000027,E08000027,3,459,6,30,3,13,4,6,0,0,0,0,1,1,1,4,0,13,1,1,2,E01009788,3,1,0,1
2023311308962,2023,311308962,454422,347659,-1.190094,53.023467,31,2,2,1,18/05/2023,5,15:00,-1,E07000170,E10000024,E10000024,6,0,6,30,3,13,4,6,0,0,8,17,1,1,1,4,0,13,1,1,2,E01027929,7,1,1,0
2023451316175,2023,451316175,541853,154458,0.032118,51.271625,45,3,2,1,08/06/2023,5,00:05,-1,E07000215,E10000030,E10000030,1,25,7,70,0,0,-1,0,-1,0,0,0,4,1,1,4,0,13,2,3,1,E01032571,3,1,0,1
2023451337679,2023,451337679,517715,156667,-0.313002,51.296972,45,3,2,2,03/08/2023,5,02:05,-1,E07000210,E10000030,E10000030,1,25,3,70,0,0,-1,0,-1,0,0,0,4,2,2,4,0,13,2,1,1,E01030554,3,1,0,1
2023170M11633,2023,170M11633,449743,520572,-1.23197,54.57792,17,3,2,1,22/10/2023,1,08:07,-1,E06000002,E06000002,E06000002,3,66,3,50,5,0,4,3,172,0,0,0,1,1,1,4,0,13,1,1,2,E01033468,-1,0,0.01309,0.98691
2023430303933,2023,430303933,453391,176061,-1.232547,51.480995,43,2,2,1,09/07/2023,1,18:26,-1,E06000037,E06000037,E06000037,6,0,6,30,3,13,4,6,0,0,0,0,1,1,1,4,0,13,2,1,2,E01016285,-1,0,1,0
2023201299457,2023,201299457,406472,284266,-1.906184,52.45631,20,3,2,2,06/04/2023,5,00:15,-1,E08000025,E08000025,E08000025,3,441,3,30,0,0,-1,0,-1,0,0,0,4,2,2,4,2,13,1,3,2,E01008984,3,1,0,1
2023010437546,2023,010437546,527893,179190,-0.158988,51.497193,1,3,2,2,15/04/2023,7,13:50,-1,E09000020,E09000020,E09000020,4,319,6,20,7,17,2,3,3216,0,5,15,1,1,1,4,0,13,1,1,2,E01002863,-1,0,0,1
2023991324152,2023,991324152,293747,679105,-3.70497,55.993098,99,3,3,1,29/06/2023,5,11:15,-1,S12000014,S12000014,S12000014,1,9,3,70,0,0,-1,0,-1,0,0,0,1,1,1,4,0,13,1,1,-1,-1,3,1,0,1
20231700H1732,2023,1700H1732,451081,529755,-1.209676,54.660304,17,3,3,2,30/09/2023,7,14:55,-1,E06000001,E06000001,E06000001,4,1277,6,40,3,13,4,6,0,0,0,0,1,1,1,4,0,13,1,1,2,E01011989,-1,0,0.08744,0.91256
2023161330840,2023,161330840,510590,428717,-0.324643,53.743112,16,3,2,1,10/05/2023,4,10:24,-1,E06000010,E06000010,E06000010,3,63,3,40,0,0,-1,0,-1,0,0,0,1,1,1,4,0,13,1,1,1,E01012811,3,1,0,1
2023010434675,2023,010434675,535094,184159,-0.053411,51.540173,1,3,1,1,28/03/2023,3,14:11,-1,E09000012,E09000012,E09000012,3,106,3,20,3,13,2,6,0,0,0,0,1,1,2,4,0,13,1,1,2,E01001839,-1,0,0,1
2023451338457,2023,451338457,507680,158587,-0.456296,51.316215,45,3,1,1,05/08/2023,7,12:19,-1,E07000209,E10000030,E10000030,3,3,3,70,0,0,-1,0,-1,0,0,0,1,1,2,4,0,13,2,1,1,E01030458,3,1,0,1
2023401270249,2023,401270249,503831,224963,-0.49186,51.913531,40,3,2,2,24/01/2023,3,14:05,-1,E06000056,E06000056,E06000056,3,5505,6,40,0,0,-1,0,-1,0,0,0,1,8,2,4,0,13,2,1,2,E01017620,3,1,0,1
2023201377489,2023,201377489,399123,289948,-2.014351,52.507427,20,3,2,2,24/08/2023,5,11:17,-1,E08000028,E08000028,E08000028,3,4034,6,30,3,13,4,6,0,0,0,0,1,1,1,4,0,13,1,1,2,E01010017,3,1,0,1
2023332300509,2023,332300509,463615,305448,-1.061271,52.643054,33,3,3,1,25/06/2023,1,01:20,-1,E06000016,E06000016,E06000016,5,0,6,30,0,0,-1,0,-1,0,0,0,4,1,1,4,0,13,1,1,2,E01013768,-1,0,0.05049,0.94951
2023440003859,2023,440003859,465509,104152,-1.071138,50.833205,44,3,1,1,03/01/2023,3,16:30,-1,E06000044,E06000044,E06000044,3,2047,6,30,0,0,-1,0,-1,0,4,14,7,5,2,4,0,13,1,2,2,E01017090,-1,0,0,1
2023010457714,2023,010457714,533892,190618,-0.068274,51.598501,1,3,2,1,28/07/2023,6,14:00,-1,E09000014,E09000014,E09000014,3,109,6,20,6,16,2,3,1010,0,5,15,1,1,1,4,0,13,1,1,2,E01001978,-1,0,0,1
2023010485635,2023,010485635,518198,165585,-0.303121,51.377025,1,3,2,1,22/12/2023,6,19:00,-1,E09000021,E09000021,E09000021,3,243,6,30,3,13,2,6,0,0,0,0,4,4,1,4,2,13,1,1,2,E01003002,-1,0,0,1
2023010443208,2023,010443208,526483,179436,-0.179201,51.499721,1,3,2,1,14/05/2023,1,22:00,-1,E09000033,E09000033,E09000033,6,0,6,20,0,0,-1,0,-1,9,9,99,4,1,1,4,0,13,1,3,2,E01004688,-1,0,0,1
2023041313107,2023,041313107,333468,447485,-3.0145,53.919215,4,3,2,1,31/05/2023,4,00:05,-1,E07000128,E10000017,E10000017,3,585,1,40,9,19,2,3,587,0,0,0,4,1,1,4,0,13,1,1,1,E01025574,3,1,0,1
2023320414454,2023,320414454,513566,311290,-0.321305,52.687405,32,3,2,1,05/07/2023,4,15:50,-1,E07000141,E10000019,E10000019,3,1175,6,60,0,0,-1,0,-1,0,0,0,1,1,1,4,0,13,2,1,2,E01026336,-1,0,0.03799,0.96201
2023122300930,2023,122300930,442680,481565,-1.34682,54.228029,12,3,2,1,27/07/2023,5,04:45,-1,E06000065,E06000065,E06000065,4,1448,6,20,3,13,2,6,0,0,0,0,4,1,2,4,0,13,2,3,2,E01027620,-1,0,0.03315,0.96685
2023061333454,2023,061333454,383163,403443,-2.255454,53.527377,6,2,1,1,19/07/2023,4,16:32,-1,E08000002,E08000002,E08000002,3,6044,6,30,0,0,-1,0,-1,0,0,0,1,1,1,4,0,13,1,1,2,E01005040,7,1,1,0
2023201305639,2023,201305639,405114,287605,-1.926119,52.486342,20,2,1,1,28/04/2023,6,22:00,-1,E08000025,E08000025,E08000025,3,457,6,30,0,0,-1,0,-1,0,4,14,4,1,1,4,0,13,1,1,2,E01009153,5,1,1,0
2023010439817,2023,010439817,528049,178413,-0.157023,51.490175,1,2,1,1,27/04/2023,5,16:00,-1,E09000020,E09000020,E09000020,3,3216,6,20,3,13,4,6,0,2,1,12,1,2,2,4,2,13,1,1,2,E01002902,-1,0,1,0
2023371348869,2023,371348869,596242,236046,0.856603,51.988192,37,3,2,1,03/09/2023,1,11:50,-1,E07000200,E10000029,E10000029,6,0,6,30,0,0,-1,0,-1,0,0,0,1,1,1,4,0,13,2,2,2,E01029899,3,1,0,1
2023371389348,2023,371389348,597639,263192,0.892663,52.231444,37,3,2,3,17/12/2023,1,14:20,-1,E07000203,E10000029,E10000029,3,14,3,70,0,0,-1,0,-1,0,0,0,1,1,1,4,0,13,2,1,1,E01030049,3,1,0,1
2023161365253,2023,161365253,513283,414459,-0.289029,53.614439,16,3,2,2,19/10/2023,5,16:30,-1,E06000013,E06000013,E06000013,3,180,3,70,0,0,-1,0,-1,0,0,0,1,1,1,4,0,13,2,1,1,E01013308,3,1,0,1
2023552300828,2023,552300828,403953,93109,-1.945347,50.737582,55,3,2,2,17/07/2023,2,16:24,-1,E06000058,E06000058,E06000058,6,0,6,30,3,13,4,6,0,0,0,0,1,1,1,4,0,13,1,1,2,E01015443,-1,0,0.04991,0.95009
2023010472076,2023,010472076,522346,180088,-0.238544,51.506491,1,3,2,1,15/10/2023,1,13:33,-1,E09000013,E09000013,E09000013,3,4020,6,20,3,13,2,6,0,0,4,14,1,1,1,4,0,13,1,1,2,E01001954,-1,0,0,1
2023440413447,2023,440413447,457992,104138,-1.177869,50.833879,44,3,2,1,09/10/2023,2,16:27,-1,E07000088,E10000014,E10000014,6,0,6,30,6,16,2,6,0,0,0,0,1,1,1,4,0,13,1,1,2,E01022802,-1,0,0,1
2023991332456,2023,991332456,309284,728277,-3.472831,56.437925,99,3,2,1,23/07/2023,1,13:35,-1,S12000048,S12000048,S12000048,3,9,3,70,0,0,-1,0,-1,0,0,0,1,1,1,4,0,13,2,1,-1,-1,3,1,0,1
2023991308992,2023,991308992,259563,668227,-4.246908,55.886645,99,3,2,4,18/05/2023,5,15:30,-1,S12000049,S12000049,S12000049,4,808,6,30,0,0,-1,0,-1,0,0,0,1,1,1,4,0,13,1,1,-1,-1,3,1,0,1
2023010467729,2023,010467729,541887,183351,0.044149,51.531247,1,3,2,1,22/09/2023,6,20:15,-1,E09000025,E09000025,E09000025,3,124,6,30,99,-1,2,6,0,9,5,15,4,1,2,4,0,13,1,3,2,E01003493,-1,0,0,1
2023070673205,2023,070673205,356429,383826,-2.65599,53.349519,7,3,1,1,25/07/2023,3,09:10,-1,E06000006,E06000006,E06000006,6,0,6,30,1,0,4,3,558,0,0,0,1,1,1,4,0,13,2,1,2,E01012386,-1,0,0.09249,0.90751
2023430454244,2023,430454244,496168,181300,-0.615271,51.522441,43,3,1,1,09/10/2023,2,16:40,-1,E06000039,E06000039,E06000039,3,355,6,30,6,16,2,6,0,0,5,15,1,1,1,4,0,13,1,3,2,E01016483,-1,0,0.01433,0.98567
2023131310209,2023,131310209,428606,433209,-1.567227,53.794412,13,3,2,1,22/05/2023,2,07:05,-1,E08000035,E08000035,E08000035,3,647,3,40,0,0,-1,0,-1,0,0,0,1,1,1,4,0,13,1,2,2,E01011363,3,1,0,1
2023221289592,2023,221289592,354990,243025,-2.658264,52.08374,22,3,2,2,22/03/2023,4,13:55,-1,E06000019,E06000019,E06000019,3,465,6,50,0,0,-1,0,-1,0,0,0,1,1,1,4,0,13,2,1,2,E01014023,3,1,0,1
2023010461766,2023,010461766,520625,183899,-0.262026,51.541111,1,3,2,1,21/08/2023,2,21:50,-1,E09000005,E09000005,E09000005,3,404,3,30,0,0,-1,0,-1,0,0,0,4,1,1,4,0,13,1,1,2,E01000599,-1,0,0,1
2023010472863,2023,010472863,515316,187990,-0.337204,51.578987,1,3,1,1,19/10/2023,5,11:35,-1,E09000015,E09000015,E09000015,6,0,9,20,0,0,-1,0,-1,9,1,13,1,1,1,4,9,13,1,3,2,E01002129,-1,0,0,1
2023010460110,2023,010460110,531033,185360,-0.111487,51.551922,1,3,2,1,11/08/2023,6,14:30,-1,E09000019,E09000019,E09000019,3,1,3,20,6,16,2,6,0,9,5,15,1,1,1,4,2,13,1,3,2,E01033488,-1,0,0,1
2023351340709,2023,351340709,545300,259524,0.125349,52.214779,35,3,2,1,08/06/2023,5,09:44,-1,E07000008,E10000003,E10000003,3,1134,6,20,0,0,-1,0,-1,0,1,13,1,1,1,4,0,13,1,1,2,E01018009,3,1,0,1
2023461371517,2023,461371517,635794,166174,1.38451,51.345705,46,2,1,1,01/10/2023,1,20:47,-1,E07000114,E10000016,E10000016,3,256,6,40,0,0,-1,0,-1,0,0,0,4,1,1,4,0,13,2,1,2,E01024701,7,1,1,0
2023401359724,2023,401359724,516229,252961,-0.302186,52.162694,40,3,1,1,27/09/2023,4,19:11,-1,E06000056,E06000056,E06000056,6,0,6,60,0,0,-1,0,-1,0,0,0,6,1,1,4,0,13,2,1,2,E01017423,3,1,0,1
2023131323431,2023,131323431,447687,423343,-1.279106,53.704349,13,3,2,1,22/06/2023,5,21:57,-1,E08000036,E08000036,E08000036,1,62,3,70,0,0,-1,0,-1,0,0,0,4,1,1,4,0,13,2,1,1,E01011835,3,1,0,1
2023010464137,2023,010464137,535438,186529,-0.047542,51.561388,1,3,2,1,05/09/2023,3,08:40,-1,E09000012,E09000012,E09000012,3,104,6,20,0,0,-1,0,-1,0,0,0,1,1,1,4,2,13,2,1,2,E01033705,-1,0,0,1
2023010439855,2023,010439855,524772,176285,-0.20495,51.471783,1,2,2,1,27/04/2023,5,16:22,-1,E09000013,E09000013,E09000013,3,308,6,20,3,13,4,6,0,9,1,13,1,2,2,4,9,13,1,3,2,E01001926,-1,0,1,0
2023041267613,2023,041267613,335467,440541,-2.982603,53.857067,4,3,2,1,24/01/2023,3,18:31,-1,E07000128,E10000017,E10000017,3,585,1,30,1,0,4,3,585,0,0,0,6,8,2,4,0,13,1,1,1,E01025545,3,1,0,1
2023302301052,2023,302301052,433902,339067,-1.496899,52.947924,30,2,1,1,10/07/2023,2,09:45,-1,E06000015,E06000015,E06000015,6,0,6,30,0,0,-1,0,-1,0,0,0,1,1,1,4,0,13,1,1,2,E01013466,-1,0,1,0
2023430149010,2023,430149010,490471,190059,-0.69511,51.602116,43,3,3,1,30/03/2023,5,15:30,-1,E06000060,E06000060,E06000060,3,4094,6,30,0,0,-1,0,-1,0,0,0,1,1,1,4,0,13,1,3,2,E01017934,-1,0,0.00218,0.99782
2023101296425,2023,101296425,435533,565837,-1.446265,54.985869,10,3,3,2,13/04/2023,5,15:30,-1,E08000023,E08000023,E08000023,5,0,6,30,0,0,-1,0,-1,0,0,0,1,1,2,4,0,13,1,2,2,E01008671,3,1,0,1
2023991324117,2023,991324117,325347,674001,-3.197109,55.953214,99,3,2,1,22/06/2023,5,19:15,-1,S12000036,S12000036,S12000036,6,0,3,20,1,0,2,6,0,2,5,12,1,1,1,4,0,13,1,2,-1,-1,3,1,0,1
2023430561863,2023,430561863,471251,224762,-0.965463,51.916838,43,2,2,1,15/12/2023,6,19:15,-1,E06000060,E06000060,E06000060,6,0,6,60,0,0,-1,0,-1,0,0,0,6,1,1,4,0,13,2,1,2,E01017714,-1,0,1,0
2023340NN1152,2023,340NN1152,490577,288426,-0.667544,52.486246,34,3,2,1,11/03/2023,7,11:50,-1,E06000061,E06000061,E06000061,3,6086,6,40,8,18,4,6,0,0,0,0,1,1,1,4,0,13,2,1,2,E01026977,-1,0,0,1
2023131295574,2023,131295574,411491,416263,-1.827662,53.642756,13,3,1,1,11/04/2023,3,23:25,-1,E08000034,E08000034,E08000034,6,0,6,30,0,0,-1,0,-1,0,0,0,4,2,2,4,0,13,1,1,2,E01011149,3,1,0,1
2023010462146,2023,010462146,534931,192360,-0.052612,51.613907,1,3,2,1,23/08/2023,4,14:06,-1,E09000010,E09000010,E09000010,4,137,6,20,3,13,2,6,0,0,0,0,1,8,1,4,2,13,1,3,2,E01001427,-1,0,0,1
2023231268192,2023,231268192,432596,274076,-1.522736,52.363776,23,3,2,1,18/01/2023,4,18:01,-1,E07000222,E10000031,E10000031,3,46,3,70,0,0,-1,0,-1,0,0,0,7,1,1,4,0,13,2,3,1,E01031308,3,1,0,1
2023070506878,2023,070506878,364833,364754,-2.527635,53.17872,7,3,1,1,12/06/2023,2,07:58,-1,E06000050,E06000050,E06000050,4,5074,6,30,0,0,-1,0,-1,0,0,0,1,1,1,4,0,13,1,1,2,E01018742,-1,0,0.1289,0.8711
2023501375766,2023,501375766,198580,72461,-4.842588,50.517196,50,3,2,1,17/11/2023,6,11:34,-1,E06000052,E06000052,E06000052,6,0,6,30,0,0,-1,0,-1,0,0,0,1,1,1,4,0,13,2,1,2,E01018971,3,1,0,1
2023010481738,2023,010481738,556446,192762,0.258062,51.611956,1,2,3,5,03/12/2023,1,17:00,-1,E09000016,E09000016,E09000016,1,25,7,50,5,0,4,6,0,0,0,0,6,2,2,4,0,13,2,1,1,E01002277,-1,0,1,0
2023320524082,2023,320524082,514066,343887,-0.30253,52.980201,32,2,2,1,23/08/2023,4,11:40,-1,E07000139,E10000019,E10000019,4,1394,6,30,0,0,-1,0,-1,0,0,0,1,1,1,4,0,13,2,1,2,E01026202,-1,0,1,0
2023131298095,2023,131298095,432119,425748,-1.514673,53.727151,13,3,3,2,17/04/2023,2,13:27,-1,E08000035,E08000035,E08000035,1,1,3,70,0,0,-1,0,-1,0,0,0,1,1,1,4,0,13,2,2,1,E01011499,3,1,0,1
2023010450149,2023,010450149,533374,176717,-0.08101,51.473705,1,3,2,1,14/06/2023,4,14:10,-1,E09000028,E09000028,E09000028,3,202,6,20,3,13,4,6,0,9,9,99,1,8,1,4,9,13,1,3,2,E01003914,-1,0,0,1
2023211346486,2023,211346486,421449,319907,-1.683482,52.776329,21,3,2,1,15/08/2023,3,05:30,-1,E07000193,E10000028,E10000028,3,38,3,70,0,0,-1,0,-1,0,0,0,1,1,1,4,0,13,2,1,1,E01029440,3,1,0,1
2023161319724,2023,161319724,478697,448068,-0.803139,53.922781,16,3,4,2,17/06/2023,7,09:24,-1,E06000011,E06000011,E06000011,3,1079,6,50,0,0,-1,0,-1,0,0,0,1,1,1,4,0,13,2,1,2,E01013127,3,1,0,1
2023010478606,2023,010478606,540827,174173,0.02522,51.44904,1,2,2,1,17/11/2023,6,10:30,-1,E09000011,E09000011,E09000011,3,205,3,40,0,0,-1,0,-1,9,5,15,1,1,1,4,0,13,1,3,2,E01001660,-1,0,1,0
2023010429016,2023,010429016,537168,191218,-0.020771,51.603105,1,3,3,1,24/02/2023,6,22:10,-1,E09000031,E09000031,E09000031,3,406,7,50,0,0,-1,0,-1,0,0,0,4,1,1,4,0,13,1,3,2,E01004403,-1,0,0,1
2023302300728,2023,302300728,408781,399873,-1.869108,53.49549,30,3,2,1,13/05/2023,7,07:15,-1,E07000037,E10000007,E10000007,3,628,6,60,0,0,-1,0,-1,0,0,0,1,1,1,4,2,13,2,2,1,E01019763,-1,0,0.0063,0.9937
2023041293713,2023,041293713,335433,440576,-2.983127,53.857377,4,3,2,1,29/03/2023,4,21:55,-1,E07000128,E10000017,E10000017,3,585,1,30,6,16,2,4,5412,0,0,0,6,1,1,4,0,13,1,1,1,E01025595,3,1,0,1
2023461368764,2023,461368764,614253,157123,1.07026,51.272961,46,3,3,1,25/10/2023,4,17:55,-1,E07000106,E10000016,E10000016,3,28,6,30,3,13,3,6,0,0,0,0,1,1,1,4,0,13,1,3,2,E01024129,3,1,0,1
2023451326148,2023,451326148,507241,158282,-0.462685,51.313556,45,3,2,1,05/07/2023,4,06:25,-1,E07000209,E10000030,E10000030,3,3,3,70,0,0,-1,0,-1,0,0,0,1,1,2,4,0,13,2,1,1,E01030458,3,1,0,1
2023520301584,2023,520301584,329680,132331,-3.005359,51.085968,52,3,2,1,02/10/2023,2,21:10,-1,E06000066,E06000066,E06000066,1,5,3,70,0,0,-1,0,-1,0,0,0,6,2,2,4,0,13,2,1,1,E01032629,-1,0,0.05786,0.94214
2023131377827,2023,131377827,430008,432581,-1.546005,53.788689,13,2,2,1,22/11/2023,4,16:55,-1,E08000035,E08000035,E08000035,6,0,3,30,0,0,-1,0,-1,0,5,15,1,1,1,4,0,13,1,1,2,E01033032,7,1,1,0
2023010436990,2023,010436990,539168,183043,0.004855,51.529156,1,3,1,1,22/01/2023,1,05:03,-1,E09000025,E09000025,E09000025,3,1011,7,20,0,0,-1,0,-1,9,9,99,4,9,9,4,9,13,1,3,2,E01003631,-1,0,0,1
2023501283656,2023,501283656,317309,101389,-3.174911,50.806134,50,3,1,1,12/01/2023,5,11:50,-1,E07000040,E10000008,E10000008,3,30,3,70,0,0,-1,0,-1,0,0,0,1,1,2,4,3,13,2,1,1,E01019933,3,1,0,1
2023010457952,2023,010457952,531199,187428,-0.108323,51.570468,1,3,1,2,29/07/2023,7,03:00,-1,E09000014,E09000014,E09000014,5,0,9,20,6,16,2,4,150,9,5,15,4,2,2,4,0,13,1,3,2,E01002065,-1,0,0,1
2023010462566,2023,010462566,520168,168547,-0.273828,51.403233,1,3,2,1,26/08/2023,7,19:30,-1,E09000021,E09000021,E09000021,3,2043,6,30,5,0,2,6,0,9,9,99,1,1,1,4,0,13,1,3,2,E01002932,-1,0,0,1
2023461374429,2023,461374429,562409,173431,0.335203,51.436601,46,3,2,1,06/11/2023,2,22:40,-1,E07000109,E10000016,E10000016,3,226,1,30,1,0,4,3,226,0,0,0,4,1,1,4,0,13,1,1,2,E01024280,3,1,0,1
2023041380123,2023,041380123,357672,427552,-2.643252,53.742619,4,3,2,1,28/11/2023,3,17:11,-1,E07000126,E10000017,E10000017,6,0,6,30,2,0,4,3,675,0,0,0,6,1,2,4,0,13,1,1,2,E01025458,3,1,0,1
2023211261926,2023,211261926,420340,301962,-1.701025,52.615055,21,3,3,1,11/01/2023,4,00:08,-1,E07000194,E10000028,E10000028,4,5404,6,30,0,0,-1,0,-1,0,0,0,4,1,2,4,0,13,1,1,2,E01029504,3,1,0,1
2023211305360,2023,211305360,391085,328723,-2.13384,52.855926,21,3,2,2,08/05/2023,2,19:34,-1,E07000197,E10000028,E10000028,3,34,3,60,0,0,-1,0,-1,0,0,0,1,2,2,4,0,13,2,1,2,E01029743,3,1,0,1
2023451306926,2023,451306926,520310,159594,-0.274814,51.322737,45,3,1,1,13/05/2023,7,11:09,-1,E07000208,E10000030,E10000030,6,0,6,30,0,0,-1,0,-1,2,0,12,1,1,1,4,0,13,1,1,2,E01030420,3,1,0,1
2023221274187,2023,221274187,403033,275032,-1.956874,52.373325,22,3,3,2,21/01/2023,7,05:24,-1,E07000234,E10000034,E10000034,3,441,6,40,0,0,-1,0,-1,0,0,0,5,1,2,4,0,13,2,1,2,E01032122,3,1,0,1
2023552301273,2023,552301273,400571,93173,-1.993273,50.73817,55,3,3,1,14/10/2023,7,18:10,-1,E06000058,E06000058,E06000058,3,35,6,30,0,0,-1,0,-1,0,1,13,1,1,2,4,0,13,1,1,2,E01015421,-1,0,0.01657,0.98343
2023010484286,2023,010484286,537402,177262,-0.022837,51.477639,1,3,2,1,15/12/2023,6,20:32,-1,E09000023,E09000023,E09000023,3,2209,6,30,3,13,4,6,0,0,0,0,4,1,2,4,0,13,1,1,2,E01003304,-1,0,0,1
2023070088879,2023,070088879,363283,392346,-2.554028,53.42662,7,1,2,1,31/01/2023,3,04:30,-1,E06000007,E06000007,E06000007,1,62,3,70,0,0,-1,0,-1,0,0,0,4,1,2,4,0,13,2,1,1,E01012472,-1,0,0,0
2023430297784,2023,430297784,492334,196670,-0.666477,51.661239,43,3,2,1,05/07/2023,4,07:15,-1,E06000060,E06000060,E06000060,3,404,6,50,0,0,-1,0,-1,0,0,0,1,1,2,4,0,13,2,3,2,E01017783,-1,0,0.01149,0.98851
2023340WN0142,2023,340WN0142,456004,261768,-1.181053,52.251248,34,3,3,1,13/01/2023,6,09:00,-1,E06000062,E06000062,E06000062,3,45,6,60,0,0,-1,0,-1,0,0,0,1,8,1,4,0,13,2,1,2,E01027007,-1,0,0,1
2023010424603,2023,010424603,528367,180359,-0.151738,51.507592,1,3,1,2,31/01/2023,3,17:54,-1,E09000033,E09000033,E09000033,6,0,2,20,0,0,-1,0,-1,0,0,0,6,1,1,4,0,13,1,1,2,E01004762,-1,0,0,1
2023411344651,2023,411344651,509830,201853,-0.411995,51.70468,41,3,2,2,17/08/2023,5,15:44,-1,E07000102,E10000015,E10000015,6,0,6,30,0,0,-1,0,-1,0,0,0,1,1,1,4,0,13,1,1,2,E01023802,3,1,0,1
2023991261726,2023,991261726,276272,651107,-3.972159,55.737499,99,2,1,1,10/01/2023,3,17:29,-1,S12000029,S12000029,S12000029,6,0,6,20,6,16,2,4,7078,0,5,15,4,2,2,4,0,13,1,1,-1,-1,5,1,1,0
2023161291370,2023,161291370,488246,409446,-0.66879,53.574204,16,3,1,1,24/02/2023,6,10:30,-1,E06000013,E06000013,E06000013,6,0,6,30,0,0,-1,0,-1,0,0,0,1,1,1,4,0,13,2,3,2,E01013316,3,1,0,1
2023302301823,2023,302301823,416328,331150,-1.758836,52.877575,30,3,1,2,28/11/2023,3,22:00,-1,E07000035,E10000007,E10000007,3,515,6,60,0,0,-1,0,-1,0,0,0,6,8,4,4,0,13,2,1,2,E01019612,-1,0,0.07671,0.92329
2023421284767,2023,421284767,593134,224542,0.804945,51.885974,42,3,2,1,21/02/2023,3,06:48,-1,E07000071,E10000012,E10000012,3,12,3,70,0,0,-1,0,-1,0,0,0,4,1,1,4,0,13,2,3,1,E01021654,3,1,0,1
2023111281154,2023,111281154,422460,553535,-1.651505,54.87608,11,2,2,2,20/02/2023,2,19:00,-1,E06000047,E06000047,E06000047,3,693,6,60,0,0,-1,0,-1,0,0,0,4,1,1,4,0,13,2,1,2,E01020606,7,1,1,0
2023052302740,2023,052302740,335330,397504,-2.975708,53.470283,5,3,2,1,14/11/2023,3,17:20,-1,E08000014,E08000014,E08000014,6,0,6,30,3,13,2,3,5038,0,5,15,4,2,2,4,0,13,1,1,2,E01007047,-1,0,0.1224,0.8776
2023010433417,2023,010433417,517823,174613,-0.305508,51.458244,1,2,1,1,21/03/2023,3,15:08,-1,E09000027,E09000027,E09000027,3,305,1,20,1,0,4,3,307,0,8,17,1,1,1,4,0,13,1,1,2,E01003876,-1,0,1,0
2023010436762,2023,010436762,516161,173165,-0.329894,51.445573,1,3,2,1,10/04/2023,2,18:05,-1,E09000027,E09000027,E09000027,3,305,3,20,9,19,4,3,310,0,1,13,1,2,1,4,0,13,1,1,2,E01003896,-1,0,0,1
2023451366679,2023,451366679,527777,148295,-0.171747,51.219564,45,3,2,1,24/10/2023,3,23:10,-1,E07000211,E10000030,E10000030,3,23,6,40,0,0,-1,0,-1,0,0,0,4,2,2,4,0,13,2,1,2,E01030570,3,1,0,1
2023332301250,2023,332301250,458065,305235,-1.143321,52.641761,33,2,1,3,14/12/2023,5,09:00,-1,E06000016,E06000016,E06000016,3,50,6,30,3,13,4,6,0,0,4,14,1,1,1,4,0,13,1,1,2,E01013607,-1,0,1,0
2023010431775,2023,010431775,533582,166248,-0.08196,51.379576,1,3,1,1,12/03/2023,1,13:25,-1,E09000008,E09000008,E09000008,3,222,6,30,3,13,4,6,0,0,0,0,1,1,1,4,0,13,1,1,2,E01000979,-1,0,0,1
2023010485852,2023,010485852,528580,189777,-0.145232,51.59218,1,3,2,1,24/12/2023,1,12:30,-1,E09000014,E09000014,E09000014,5,0,6,20,0,0,-1,0,-1,0,0,0,1,1,1,4,0,13,1,1,2,E01001991,-1,0,0,1
2023010430218,2023,010430218,525466,179965,-0.193657,51.504702,1,3,2,1,01/03/2023,4,16:30,-1,E09000020,E09000020,E09000020,3,4204,6,30,99,-1,2,6,0,9,9,99,1,1,1,4,0,13,1,3,2,E01002826,-1,0,0,1
2023010436166,2023,010436166,529348,180930,-0.137402,51.5125,1,3,1,1,06/04/2023,5,10:40,-1,E09000033,E09000033,E09000033,5,0,2,20,6,16,4,6,0,0,0,0,1,1,1,4,0,13,1,1,2,E01033596,-1,0,0,1
2023071055812,2023,071055812,364221,383172,-2.53887,53.344227,7,2,2,2,25/10/2023,4,21:50,-1,E06000007,E06000007,E06000007,1,56,3,70,0,0,-1,0,-1,0,0,0,6,1,1,4,0,13,2,1,1,E01012448,-1,0,1,0
2023522300157,2023,522300157,359870,176099,-2.57929,51.482414,52,3,1,1,20/01/2023,6,13:15,-1,E06000023,E06000023,E06000023,6,0,6,30,3,13,4,4,4469,0,8,17,1,1,1,4,0,13,1,3,2,E01014510,-1,0,0.0801,0.9199
2023101350451,2023,101350451,434765,568738,-1.457914,55.011991,10,3,3,2,08/09/2023,6,12:50,-1,E08000022,E08000022,E08000022,4,1304,6,30,0,0,-1,0,-1,0,0,0,1,1,1,4,0,13,1,1,2,E01008530,3,1,0,1
2023010455736,2023,010455736,534678,194284,-0.055525,51.631257,1,3,1,1,17/07/2023,2,20:02,-1,E09000010,E09000010,E09000010,3,1010,6,30,3,13,4,6,0,0,0,0,1,1,1,4,2,13,1,1,2,E01001479,-1,0,0,1
2023010429947,2023,010429947,528447,177900,-0.151481,51.485475,1,3,1,1,01/02/2023,4,23:55,-1,E09000020,E09000020,E09000020,3,3212,6,20,0,0,-1,0,-1,0,0,0,4,1,1,4,2,13,2,1,2,E01002901,-1,0,0,1
2023010447303,2023,010447303,535307,179261,-0.05222,51.496107,1,3,2,1,06/06/2023,3,12:20,-1,E09000028,E09000028,E09000028,3,200,6,20,0,0,-1,0,-1,0,1,13,1,1,1,4,2,13,1,1,2,E01004031,-1,0,0,1
2023991347579,2023,991347579,348731,762457,-2.839973,56.750903,99,3,2,1,01/09/2023,6,07:50,-1,S12000041,S12000041,S12000041,6,0,6,60,0,0,-1,0,-1,0,0,0,1,1,1,4,0,13,2,1,-1,-1,3,1,0,1
2023552300528,2023,552300528,408958,101349,-1.874223,50.811626,55,3,2,1,29/03/2023,4,16:53,-1,E06000059,E06000059,E06000059,3,348,3,40,0,0,-1,0,-1,0,4,14,1,1,1,4,0,13,1,2,2,E01020390,-1,0,0.05534,0.94466
2023141314380,2023,141314380,439704,387609,-1.404549,53.383843,14,3,3,1,03/06/2023,7,00:10,-1,E08000019,E08000019,E08000039,4,6200,6,30,0,0,-1,0,-1,0,0,0,4,1,1,4,0,13,1,1,2,E01007907,3,1,0,1
2023061300933,2023,061300933,393035,387003,-2.106166,53.379832,6,3,2,1,01/04/2023,7,11:27,-1,E08000007,E08000007,E08000007,6,0,6,30,3,13,4,3,627,0,0,0,1,1,1,4,0,13,1,1,2,E01005839,3,1,0,1
2023010485016,2023,010485016,529087,183574,-0.140193,51.53632,1,2,1,2,19/12/2023,3,16:50,-1,E09000007,E09000007,E09000007,3,502,2,20,0,0,-1,0,-1,0,0,0,4,1,2,4,0,13,1,1,2,E01000947,-1,0,1,0
2023302300935,2023,302300935,428675,361132,-1.572732,53.146566,30,3,2,1,16/06/2023,6,14:25,-1,E07000035,E10000007,E10000007,3,6,6,40,3,13,4,6,0,0,0,0,1,1,1,4,0,13,1,2,2,E01019609,-1,0,0.00233,0.99767
2023320044145,2023,320044145,508271,348538,-0.387246,53.023193,32,3,2,1,22/01/2023,1,12:56,-1,E07000139,E10000019,E10000019,3,153,6,60,3,13,4,5,0,0,0,0,1,1,4,4,0,13,2,1,2,E01026209,-1,0,0.01161,0.98839
2023141357952,2023,141357952,447714,385023,-1.284524,53.35994,14,3,2,2,29/09/2023,6,17:00,-1,E08000018,E08000018,E08000018,1,1,7,50,0,0,-1,0,-1,0,0,0,1,1,1,4,0,13,2,2,1,E01007748,3,1,0,1
2023201339727,2023,201339727,395058,291153,-2.07426,52.518238,20,3,2,1,27/06/2023,3,13:45,-1,E08000027,E08000027,E08000027,3,4037,3,30,7,17,2,3,4037,0,5,15,1,1,1,4,0,13,1,3,2,E01009757,3,1,0,1
2023471352540,2023,471352540,520169,106103,-0.294608,50.841986,47,3,2,1,14/09/2023,5,05:25,-1,E07000223,E10000032,E10000032,3,27,3,40,3,13,4,6,0,0,0,0,5,1,2,4,0,13,2,1,1,E01031358,3,1,0,1
2023061351156,2023,061351156,386559,401859,-2.204157,53.513238,6,3,2,1,14/08/2023,2,16:45,-1,E08000003,E08000003,E08000003,6,0,6,30,0,0,-1,0,-1,0,0,0,1,2,2,4,2,13,1,3,2,E01005202,3,1,0,1
2023131356225,2023,131356225,406861,441091,-1.897153,53.865991,13,3,1,1,25/09/2023,2,05:32,-1,E08000032,E08000032,E08000032,6,0,6,30,3,13,4,6,0,0,0,0,4,1,2,4,2,13,1,1,2,E01010704,3,1,0,1
2023451328416,2023,451328416,502402,166786,-0.529645,51.390887,45,3,2,1,11/07/2023,3,23:10,-1,E07000212,E10000030,E10000030,1,25,3,70,0,0,-1,0,-1,0,0,0,4,1,1,4,0,13,2,1,1,E01030656,3,1,0,1
2023991258985,2023,991258985,257478,663747,-4.277857,55.845812,99,2,1,1,01/01/2023,1,10:07,-1,S12000049,S12000049,S12000049,6,0,6,30,0,0,-1,0,-1,0,0,0,1,1,2,4,0,13,1,1,-1,-1,5,1,1,0
2023052301449,2023,052301449,334323,416240,-2.994819,53.638538,5,2,2,1,13/06/2023,3,12:30,-1,E08000014,E08000014,E08000014,3,5267,6,30,6,16,4,6,0,0,0,0,1,1,1,4,0,13,1,2,2,E01006994,-1,0,1,0
2023131279492,2023,131279492,414531,433976,-1.780854,53.801886,13,3,1,1,22/02/2023,4,19:05,-1,E08000032,E08000032,E08000032,3,6177,2,30,7,17,4,6,0,0,0,0,4,1,2,4,0,13,1,1,2,E01010812,3,1,0,1
2023010449538,2023,010449538,528994,185001,-0.14101,51.549165,1,3,2,1,08/06/2023,5,20:00,-1,E09000007,E09000007,E09000007,3,400,2,20,99,-1,9,6,0,0,0,0,1,1,1,4,0,13,1,3,2,E01000928,-1,0,0,1
2023991311572,2023,991311572,281417,667552,-3.897441,55.886463,99,2,2,2,25/05/2023,5,20:00,-1,S12000050,S12000050,S12000050,3,89,6,30,0,0,-1,0,-1,0,0,0,1,1,1,4,0,13,2,1,-1,-1,7,1,1,0
2023552300812,2023,552300812,404565,97174,-1.936625,50.774132,55,2,1,1,13/07/2023,5,13:40,-1,E06000058,E06000058,E06000058,3,341,6,30,0,0,-1,0,-1,0,0,0,1,1,1,4,0,13,2,1,2,E01015431,-1,0,1,0
2023131364270,2023,131364270,409647,422340,-1.855368,53.697414,13,3,2,1,17/10/2023,3,05:10,-1,E08000033,E08000033,E08000033,3,629,3,30,0,0,-1,0,-1,0,0,0,4,9,1,4,0,13,2,2,2,E01010993,3,1,0,1
2023211298545,2023,211298545,400921,342279,-1.987732,52.97786,21,3,1,1,19/04/2023,4,11:30,-1,E07000198,E10000028,E10000028,3,522,6,30,0,0,-1,0,-1,0,0,0,1,1,1,4,2,13,1,1,2,E01029784,3,1,0,1
2023501304445,2023,501304445,247482,55334,-4.146398,50.378076,50,3,1,1,27/04/2023,5,15:30,-1,E06000026,E06000026,E06000026,6,0,6,30,0,0,-1,0,-1,0,4,14,1,1,1,4,2,13,1,1,2,E01015169,3,1,0,1
2023991329738,2023,991329738,280209,627932,-3.899395,55.530372,99,3,1,1,13/07/2023,5,10:50,-1,S12000029,S12000029,S12000029,3,70,6,60,0,0,-1,0,-1,0,0,0,1,1,1,4,1,13,2,2,-1,-1,3,1,0,1
2023141352058,2023,141352058,448856,392370,-1.266232,53.425869,14,3,1,1,13/09/2023,4,08:35,-1,E08000018,E08000018,E08000018,4,6093,6,40,0,0,-1,0,-1,0,0,0,5,1,1,4,0,13,1,2,2,E01007684,3,1,0,1
2023131312206,2023,131312206,429557,426401,-1.55344,53.733171,13,2,2,2,27/05/2023,7,16:20,-1,E08000035,E08000035,E08000035,1,62,3,70,0,0,-1,0,-1,0,0,0,1,1,1,4,0,13,2,1,1,E01011538,5,1,1,0
2023010470362,2023,010470362,517969,186225,-0.299527,51.562576,1,2,2,1,05/10/2023,5,16:57,-1,E09000005,E09000005,E09000005,3,4088,6,30,8,18,4,6,0,0,4,14,1,1,1,4,0,13,1,1,2,E01000570,-1,0,1,0
2023010485539,2023,010485539,542575,173136,0.04994,51.439285,1,3,2,1,22/12/2023,6,10:15,-1,E09000011,E09000011,E09000011,3,20,3,40,6,16,2,3,208,0,5,15,1,1,1,4,0,13,1,1,2,E01001597,-1,0,0,1
2023440192336,2023,440192336,448036,126798,-1.316254,51.038541,44,1,2,1,16/05/2023,3,10:43,-1,E07000094,E10000014,E10000014,1,3,3,50,0,0,-1,0,-1,0,0,0,1,1,1,4,0,13,2,1,1,E01023226,-1,0,0,0
2023041282037,2023,041282037,344144,434856,-2.849666,53.806984,4,3,2,1,28/02/2023,3,17:30,-1,E07000119,E10000017,E10000017,1,55,3,70,0,0,-1,0,-1,0,0,0,6,1,1,4,0,13,2,1,1,E01025014,3,1,0,1
2023991282969,2023,991282969,276301,611237,-3.953841,55.379472,99,3,3,1,14/02/2023,3,20:20,-1,S12000006,S12000006,S12000006,3,76,6,60,0,0,-1,0,-1,0,0,0,6,1,1,4,0,13,2,1,-1,-1,3,1,0,1
2023991322543,2023,991322543,254312,663974,-4.328498,55.846904,99,3,1,1,25/06/2023,1,17:00,-1,S12000049,S12000049,S12000049,6,0,6,30,3,13,4,3,761,0,0,0,1,1,1,4,2,13,1,1,-1,-1,3,1,0,1
2023131294410,2023,131294410,428521,428310,-1.568968,53.750386,13,3,2,5,06/04/2023,5,13:06,-1,E08000035,E08000035,E08000035,3,653,3,70,0,0,-1,0,-1,0,0,0,1,1,1,4,0,13,2,1,2,E01011493,3,1,0,1
2023010437835,2023,010437835,512615,179783,-0.37879,51.50577,1,3,2,1,17/04/2023,2,11:15,-1,E09000009,E09000009,E09000009,3,3005,6,20,0,0,-1,0,-1,0,4,14,1,1,1,4,2,13,1,1,2,E01001338,-1,0,0,1
2023501329174,2023,501329174,271720,127147,-3.830682,51.029334,50,2,2,2,13/07/2023,5,14:50,-1,E07000043,E10000008,E10000008,3,361,6,60,0,0,-1,0,-1,0,0,0,1,1,1,4,0,13,2,1,2,E01020136,5,1,1,0
2023111312948,2023,111312948,419943,527400,-1.692514,54.641327,11,3,2,1,28/05/2023,1,22:05,-1,E06000047,E06000047,E06000047,6,0,7,30,0,0,-1,0,-1,0,5,15,4,1,1,4,6,13,1,3,2,E01020907,3,1,0,1
2023071166502,2023,071166502,365246,343032,-2.519101,52.983495,7,2,1,1,20/11/2023,2,22:17,-1,E06000049,E06000049,E06000049,3,525,6,30,0,0,-1,0,-1,0,0,0,4,2,2,4,0,13,2,1,2,E01018450,-1,0,1,0
2023061346481,2023,061346481,394410,406142,-2.085844,53.551879,6,3,2,2,26/08/2023,7,15:24,-1,E08000004,E08000004,E08000004,3,672,6,30,3,13,4,6,0,0,0,0,1,1,1,4,0,13,1,1,2,E01005456,3,1,0,1
2023141367832,2023,141367832,442516,392229,-1.361655,53.42515,14,2,2,1,27/10/2023,6,19:50,-1,E08000018,E08000018,E08000018,6,0,6,30,3,13,4,3,6178,0,0,0,4,1,1,4,0,13,1,1,2,E01007714,7,1,1,0
2023010472670,2023,010472670,530088,175081,-0.128897,51.459767,1,2,2,1,18/10/2023,4,08:25,-1,E09000022,E09000022,E09000022,3,2217,6,20,7,17,2,4,221,0,4,14,1,1,1,4,0,13,1,1,2,E01003057,-1,0,1,0
2023451293775,2023,451293775,504379,171927,-0.49973,51.436737,45,3,1,1,05/04/2023,4,00:15,-1,E07000213,E10000030,E10000030,3,30,3,30,1,0,2,3,30,0,7,16,4,1,1,4,0,13,1,1,1,E01030734,3,1,0,1
2023052302634,2023,052302634,358048,397237,-2.63346,53.470188,5,2,3,2,02/11/2023,5,12:21,-1,E08000013,E08000013,E08000013,1,6,3,70,5,0,2,1,6,0,0,0,1,2,2,4,0,13,2,1,1,E01006836,-1,0,1,0
2023010455651,2023,010455651,542377,183255,0.05117,51.530261,1,3,1,1,17/07/2023,2,12:35,-1,E09000025,E09000025,E09000025,6,0,2,30,3,13,3,6,0,0,0,0,1,1,1,4,0,13,1,1,2,E01003527,-1,0,0,1
2023031309680,2023,031309680,299752,518593,-3.551477,54.55262,3,3,1,1,20/05/2023,7,16:25,-1,E06000063,E06000063,E06000063,6,0,6,60,3,13,1,6,0,0,0,0,1,9,1,4,0,13,2,3,2,E01019261,3,1,0,1
2023361334088,2023,361334088,614000,302740,1.157131,52.580338,36,3,1,1,27/07/2023,5,13:10,-1,E07000149,E10000020,E10000020,3,11,3,70,0,0,-1,0,-1,0,0,0,1,1,1,4,0,13,2,1,1,E01026906,3,1,0,1
2023451393429,2023,451393429,507634,159414,-0.456707,51.323657,45,3,3,4,28/12/2023,5,14:11,-1,E07000209,E10000030,E10000030,1,25,3,70,0,0,-1,0,-1,0,0,0,1,4,1,4,0,13,2,1,1,E01030458,3,1,0,1
2023101264671,2023,101264671,424996,564079,-1.611072,54.97071,10,3,1,1,14/01/2023,7,03:05,-1,E08000021,E08000021,E08000021,3,186,6,20,0,0,-1,0,-1,0,5,15,4,1,2,4,0,13,1,1,2,E01033543,3,1,0,1
2023010449269,2023,010449269,525630,179760,-0.191368,51.502823,1,3,2,1,15/06/2023,5,17:45,-1,E09000020,E09000020,E09000020,3,4204,6,20,6,16,4,6,0,9,9,99,1,1,1,4,0,13,1,3,2,E01002826,-1,0,0,1
2023546604823,2023,546604823,396796,167073,-2.047448,51.402678,54,3,2,1,23/06/2023,6,10:50,-1,E06000054,E06000054,E06000054,3,3102,6,50,3,13,4,3,342,0,0,0,1,1,1,4,0,13,2,2,2,E01031845,-1,0,0.07343,0.92657
2023010446079,2023,010446079,532734,167897,-0.093522,51.394593,1,3,2,1,30/05/2023,3,16:50,-1,E09000008,E09000008,E09000008,3,212,6,30,3,13,4,3,212,0,0,0,1,1,1,4,0,13,1,1,2,E01001001,-1,0,0,1
2023010449233,2023,010449233,512471,178194,-0.38137,51.491517,1,3,1,1,14/06/2023,4,17:15,-1,E09000018,E09000018,E09000018,5,0,3,20,9,19,2,6,0,9,9,99,1,8,1,4,0,13,1,3,2,E01002631,-1,0,0,1
2023010441688,2023,010441688,524250,181462,-0.210641,51.518424,1,3,2,1,07/05/2023,1,14:51,-1,E09000020,E09000020,E09000020,4,450,6,20,6,16,4,4,450,0,1,13,1,1,1,4,0,13,1,1,2,E01002878,-1,0,0,1
2023010477263,2023,010477263,527405,181732,-0.165096,51.520148,1,2,3,1,10/11/2023,6,23:50,-1,E09000033,E09000033,E09000033,6,0,2,20,0,0,-1,0,-1,0,0,0,4,1,1,4,3,13,1,1,2,E01004661,-1,0,1,0
2023041301795,2023,041301795,382936,432671,-2.260494,53.790073,4,3,2,1,28/04/2023,6,00:04,-1,E07000117,E10000017,E10000017,3,671,3,30,0,0,-1,0,-1,0,0,0,4,1,1,4,0,13,1,1,2,E01024907,3,1,0,1
2023320570331,2023,320570331,532578,342701,-0.02746,52.965291,32,3,2,1,08/09/2023,6,18:00,-1,E07000136,E10000019,E10000019,3,16,1,40,1,0,4,4,1397,0,0,0,1,9,1,4,0,13,1,2,2,E01026029,-1,0,0.0265,0.9735
2023361322179,2023,361322179,612919,302332,1.14094,52.5771,36,3,2,1,22/06/2023,5,08:10,-1,E07000149,E10000020,E10000020,3,11,3,40,0,0,-1,0,-1,0,0,0,1,1,1,4,0,13,1,2,1,E01026945,3,1,0,1
2023451339934,2023,451339934,507910,159368,-0.452761,51.323191,45,3,2,1,08/08/2023,3,13:39,-1,E07000209,E10000030,E10000030,1,25,3,70,0,0,-1,0,-1,0,0,0,1,2,2,4,0,13,2,2,1,E01030458,3,1,0,1
2023991316067,2023,991316067,231370,638425,-4.678747,55.610121,99,3,1,1,10/01/2023,3,01:00,-1,S12000021,S12000021,S12000021,6,0,6,30,0,0,-1,0,-1,0,0,0,4,1,1,4,0,13,1,1,-1,-1,3,1,0,1
2023351294000,2023,351294000,507472,299979,-0.415101,52.587004,35,2,4,3,12/03/2023,1,10:57,-1,E06000031,E06000031,E06000031,3,1,3,70,0,0,-1,0,-1,0,0,0,1,1,1,4,0,13,2,1,1,E01015628,6,1,1,0
2023010458083,2023,010458083,522263,187695,-0.2371,51.574874,1,3,2,3,30/07/2023,1,22:24,-1,E09000003,E09000003,E09000003,3,5,6,30,0,0,-1,0,-1,0,0,0,4,2,2,4,2,13,1,1,2,E01000305,-1,0,0,1
2023010478414,2023,010478414,516397,185973,-0.322278,51.560638,1,3,2,1,16/11/2023,5,06:40,-1,E09000005,E09000005,E09000005,6,0,6,20,8,18,4,6,0,0,0,0,4,1,1,4,0,13,1,3,2,E01000565,-1,0,0,1
2023010432244,2023,010432244,535432,189337,-0.046547,51.586622,1,3,2,1,14/03/2023,3,16:25,-1,E09000031,E09000031,E09000031,3,503,6,30,0,0,-1,0,-1,0,5,15,1,1,1,4,0,13,2,3,2,E01004391,-1,0,0,1
2023010464770,2023,010464770,519763,165791,-0.280576,51.378549,1,3,2,1,06/09/2023,4,08:40,-1,E09000021,E09000021,E09000021,3,3,1,30,1,0,2,3,240,9,5,15,1,1,1,4,0,13,1,3,2,E01003003,-1,0,0,1
2023010443618,2023,010443618,530250,180753,-0.124476,51.510702,1,3,2,1,06/05/2023,7,01:08,-1,E09000033,E09000033,E09000033,6,0,2,20,3,13,4,6,0,0,8,17,4,1,9,4,0,13,1,3,2,E01004734,-1,0,0,1
2023522301822,2023,522301822,362807,181964,-2.537618,51.535348,52,3,2,2,19/11/2023,1,13:39,-1,E06000025,E06000025,E06000025,1,4,3,70,0,0,-1,0,-1,0,0,0,1,2,2,4,0,13,2,1,1,E01014881,-1,0,0.13547,0.86453
202354C927923,2023,54C927923,402335,179611,-1.967743,51.51542,54,3,2,1,06/12/2023,4,09:26,-1,E06000054,E06000054,E06000054,3,3102,6,40,0,0,-1,0,-1,0,0,0,1,1,2,4,0,13,2,1,2,E01032699,-1,0,0.08326,0.91674
2023141325477,2023,141325477,435160,387612,-1.47286,53.384191,14,3,3,1,03/07/2023,2,17:03,-1,E08000019,E08000019,E08000039,4,6539,6,30,0,0,-1,0,-1,0,1,13,1,1,1,4,0,13,1,1,2,E01033261,3,1,0,1
2023471312076,2023,471312076,527008,138381,-0.186252,51.130634,47,3,4,3,27/05/2023,7,11:50,-1,E07000226,E10000032,E10000032,3,23,3,40,9,19,2,6,0,0,0,0,1,1,1,4,0,13,1,1,2,E01031575,3,1,0,1
2023991322707,2023,991322707,182920,722027,-5.513935,56.340683,99,2,1,1,23/06/2023,6,14:35,-1,S12000035,S12000035,S12000035,3,816,6,60,0,0,-1,0,-1,0,0,0,1,1,2,4,0,13,2,1,-1,-1,7,1,1,0
2023041323934,2023,041323934,339552,439307,-2.920263,53.846469,4,3,3,2,27/06/2023,3,12:50,-1,E07000119,E10000017,E10000017,3,585,6,50,9,19,4,6,0,0,0,0,1,2,2,4,0,13,2,1,1,E01024993,3,1,0,1
2023221311353,2023,221311353,388464,273657,-2.170824,52.360848,22,2,1,1,24/05/2023,4,11:45,-1,E07000239,E10000034,E10000034,3,448,6,30,0,0,-1,0,-1,0,0,0,1,1,1,4,0,13,2,1,2,E01032431,7,1,1,0
2023991325521,2023,991325521,253047,661749,-4.347479,55.826545,99,3,2,1,28/06/2023,4,07:50,-1,S12000049,S12000049,S12000049,6,0,6,30,9,19,4,6,0,0,0,0,1,1,1,4,2,13,1,1,-1,-1,3,1,0,1
2023052301684,2023,052301684,338132,386937,-2.931424,53.375651,5,3,2,2,13/07/2023,5,19:55,-1,E08000012,E08000012,E08000012,6,0,6,30,6,16,2,6,0,0,1,13,1,1,1,4,0,13,1,1,2,E01006526,-1,0,0.06926,0.93074
2023421356210,2023,421356210,593625,224783,0.812205,51.887968,42,2,2,1,25/09/2023,2,16:15,-1,E07000071,E10000012,E10000012,3,12,3,70,0,0,-1,0,-1,0,0,0,1,1,1,4,0,13,2,1,1,E01021654,6,1,1,0
2023461268114,2023,461268114,624755,139757,1.209714,51.113011,46,3,2,2,21/01/2023,7,00:37,-1,E07000108,E10000016,E10000016,3,20,3,70,0,0,-1,0,-1,0,0,0,6,1,2,4,0,13,2,1,1,E01024198,3,1,0,1
2023041381912,2023,041381912,384388,432593,-2.238451,53.789418,4,3,2,1,02/12/2023,7,23:18,-1,E07000117,E10000017,E10000017,3,682,3,30,0,0,-1,0,-1,0,0,0,4,3,2,4,0,13,1,1,2,E01024858,3,1,0,1
2023371325372,2023,371325372,621153,244760,1.22444,52.057063,37,3,1,1,07/06/2023,4,10:20,-1,E07000244,E10000029,E10000029,6,0,6,30,0,0,-1,0,-1,0,0,0,1,1,1,4,6,13,1,2,2,E01030183,3,1,0,1
2023622300298,2023,622300298,304445,209978,-3.386527,51.780281,62,3,2,1,05/04/2023,4,12:36,-1,W06000024,W06000024,W06000024,6,0,6,60,0,0,-1,0,-1,0,0,0,1,1,2,4,0,13,2,1,-1,W01001898,-1,0,0.02372,0.97628
2023010435024,2023,010435024,510934,178843,-0.403295,51.497654,1,3,2,1,29/03/2023,4,11:15,-1,E09000018,E09000018,E09000018,5,0,6,20,99,-1,2,6,0,0,5,15,1,1,1,4,0,13,1,3,2,E01002637,-1,0,0,1
2023010465414,2023,010465414,536386,181290,-0.035903,51.514081,1,3,2,1,11/09/2023,2,19:50,-1,E09000030,E09000030,E09000030,5,0,6,20,3,13,4,6,0,0,0,0,4,1,1,4,0,13,1,1,2,E01004286,-1,0,0,1
2023201412169,2023,201412169,403195,286739,-1.954387,52.478571,20,3,2,2,11/10/2023,4,15:30,-1,E08000025,E08000025,E08000025,3,4040,6,30,6,16,2,4,4125,0,4,14,1,2,2,4,0,13,1,2,2,E01009145,3,1,0,1
2023010459045,2023,010459045,532221,173891,-0.098657,51.448579,1,2,2,1,05/08/2023,7,12:40,-1,E09000022,E09000022,E09000022,3,2199,6,30,3,13,4,6,0,0,0,0,1,2,2,4,0,13,1,1,2,E01004074,-1,0,1,0
2023501364864,2023,501364864,272175,60583,-3.801098,50.431148,50,3,1,1,16/10/2023,2,20:56,-1,E07000044,E10000008,E10000008,3,38,7,70,0,0,-1,0,-1,0,0,0,6,4,2,4,0,13,2,1,1,E01020176,3,1,0,1
2023211361876,2023,211361876,426168,326654,-1.612992,52.836773,21,3,2,2,02/10/2023,2,07:38,-1,E07000193,E10000028,E10000028,3,5121,7,30,3,13,4,3,38,0,0,0,1,1,1,4,0,13,1,1,2,E01029455,3,1,0,1
2023501354203,2023,501354203,287177,61030,-3.590101,50.438244,50,2,3,1,06/09/2023,4,14:10,-1,E06000027,E06000027,E06000027,3,380,6,30,0,0,-1,0,-1,0,0,0,1,1,1,4,0,13,1,1,2,E01015192,6,1,1,0
2023010457171,2023,010457171,534883,186133,-0.055696,51.557962,1,3,2,1,25/07/2023,3,16:31,-1,E09000012,E09000012,E09000012,3,107,1,20,1,0,2,3,104,0,4,14,1,1,1,4,0,13,1,1,2,E01001792,-1,0,0,1
2023010448168,2023,010448168,527146,183305,-0.16826,51.534343,1,3,1,1,10/06/2023,7,14:15,-1,E09000033,E09000033,E09000033,6,0,7,20,7,17,4,6,0,0,0,0,1,1,1,4,0,13,1,1,2,E01004724,-1,0,0,1
2023302300099,2023,302300099,419015,345475,-1.718077,53.006256,30,3,2,1,17/01/2023,3,10:25,-1,E07000035,E10000007,E10000007,6,0,6,40,3,13,4,6,0,0,0,0,1,1,2,4,0,13,2,1,2,E01019596,-1,0,0.00859,0.99141
2023041288337,2023,041288337,333672,441399,-3.010074,53.86455,4,3,2,2,19/03/2023,1,11:34,-1,E07000128,E10000017,E10000017,3,585,1,60,1,0,2,4,5268,0,0,0,1,1,1,4,0,13,2,1,1,E01025576,3,1,0,1
2023070595621,2023,070595621,368785,372805,-2.469297,53.251334,7,3,2,1,02/07/2023,1,22:38,-1,E06000050,E06000050,E06000050,3,556,3,70,9,19,4,4,5082,0,0,0,6,1,1,4,0,13,2,1,2,E01018722,-1,0,0.08949,0.91051
2023101302583,2023,101302583,430652,561417,-1.523007,54.946475,10,3,1,1,01/05/2023,2,09:40,-1,E08000037,E08000037,E08000037,3,184,6,50,0,0,-1,0,-1,0,0,0,1,1,1,4,0,13,1,1,2,E01008283,3,1,0,1
2023010480301,2023,010480301,522087,180114,-0.242265,51.50678,1,3,2,1,26/11/2023,1,13:50,-1,E09000013,E09000013,E09000013,3,4020,6,30,3,13,4,6,0,0,0,0,1,8,2,4,0,13,1,1,2,E01001954,-1,0,0,1
2023501369317,2023,501369317,273629,129870,-3.804425,51.05423,50,3,1,1,01/11/2023,4,09:00,-1,E07000043,E10000008,E10000008,6,0,6,30,9,19,4,6,0,0,0,0,1,1,2,4,2,13,2,1,2,E01020131,3,1,0,1
2023531368948,2023,531368948,363569,203299,-2.52886,51.727218,53,3,1,1,18/10/2023,4,19:00,-1,E07000080,E10000013,E10000013,6,0,6,20,0,0,-1,0,-1,0,5,15,1,1,1,4,0,13,2,2,2,E01022256,3,1,0,1
2023320172446,2023,320172446,528137,324450,-0.100723,52.802396,32,3,3,2,21/03/2023,3,11:00,-1,E07000140,E10000019,E10000019,3,151,6,50,0,0,-1,0,-1,0,0,0,1,1,1,4,0,13,2,1,2,E01026281,-1,0,0.05011,0.94989
2023430442795,2023,430442795,496176,177461,-0.616201,51.487932,43,2,2,1,02/10/2023,2,18:30,-1,E06000040,E06000040,E06000040,6,0,6,30,3,13,4,6,0,0,0,0,6,2,2,4,0,13,2,1,2,E01016567,-1,0,1,0
2023552300836,2023,552300836,409751,93933,-1.863162,50.744924,55,3,2,1,01/07/2023,7,15:58,-1,E06000058,E06000058,E06000058,5,0,6,30,3,13,4,6,0,0,0,0,1,1,1,4,0,13,1,1,2,E01015373,-1,0,0.11732,0.88268
2023201274750,2023,201274750,435299,279337,-1.482491,52.410904,20,2,1,1,19/01/2023,5,20:49,-1,E08000026,E08000026,E08000026,3,4600,6,30,6,16,2,6,0,0,5,15,4,1,1,4,0,13,1,1,2,E01009615,6,1,1,0
2023010461876,2023,010461876,518232,178082,-0.298465,51.489336,1,3,2,1,22/08/2023,3,17:45,-1,E09000018,E09000018,E09000018,6,0,7,20,0,0,-1,0,-1,9,9,99,1,8,1,4,0,13,1,3,2,E01002568,-1,0,0,1
2023131307616,2023,131307616,427803,436504,-1.57912,53.82407,13,2,1,1,15/05/2023,2,12:10,-1,E08000035,E08000035,E08000035,4,6157,6,30,3,13,4,6,0,0,0,0,1,1,2,4,0,13,1,2,2,E01011692,7,1,1,0
2023010453358,2023,010453358,526702,184121,-0.174365,51.541776,1,3,2,1,05/07/2023,4,13:15,-1,E09000007,E09000007,E09000007,3,41,2,20,0,0,-1,0,-1,0,0,0,1,1,1,4,0,13,1,1,2,E01000963,-1,0,0,1
2023161284207,2023,161284207,492438,431285,-0.599008,53.769716,16,3,1,1,06/03/2023,2,16:08,-1,E06000011,E06000011,E06000011,6,0,6,30,3,13,4,6,0,0,0,0,6,2,2,4,2,13,2,1,2,E01012968,3,1,0,1
2023052302794,2023,052302794,337935,395244,-2.936023,53.450286,5,3,1,1,21/11/2023,3,18:40,-1,E08000012,E08000012,E08000012,3,580,3,20,0,0,-1,0,-1,0,0,0,4,1,1,4,0,13,1,1,2,E01006737,-1,0,0.16353,0.83647
2023201408319,2023,201408319,418227,275374,-1.733678,52.376108,20,3,1,1,22/09/2023,6,04:16,-1,E08000029,E08000029,E08000029,6,0,6,30,0,0,-1,0,-1,0,0,0,6,1,1,4,2,13,2,2,2,E01010153,3,1,0,1
2023010472798,2023,010472798,540038,180449,0.016359,51.505631,1,3,1,1,19/10/2023,5,04:05,-1,E09000025,E09000025,E09000025,3,1011,6,30,0,0,-1,0,-1,0,0,0,6,2,2,4,2,13,1,1,2,E01033580,-1,0,0,1
2023421308626,2023,421308626,550782,235498,0.1949,51.99746,42,3,2,1,17/05/2023,4,22:16,-1,E07000077,E10000012,E10000012,1,11,3,70,0,0,-1,0,-1,0,0,0,4,1,1,4,6,13,2,1,1,E01022071,3,1,0,1
2023161294147,2023,161294147,472737,424359,-0.89947,53.710596,16,3,2,1,04/04/2023,3,16:00,-1,E06000011,E06000011,E06000011,1,62,3,70,0,0,-1,0,-1,0,0,0,1,1,1,4,2,13,2,1,1,E01013001,3,1,0,1
2023141266744,2023,141266744,436805,405077,-1.446092,53.541056,14,3,1,1,23/01/2023,2,08:17,-1,E08000016,E08000016,E08000038,4,6100,6,30,0,0,-1,0,-1,0,0,0,1,1,1,4,0,13,1,1,2,E01007317,3,1,0,1
2023361311167,2023,361311167,585213,309753,0.736739,52.653871,36,3,2,1,24/05/2023,4,22:19,-1,E07000143,E10000020,E10000020,3,47,6,60,0,0,-1,0,-1,0,0,0,6,1,1,4,0,13,2,1,1,E01026445,3,1,0,1
2023451303629,2023,451303629,508145,159213,-0.449437,51.321753,45,2,3,2,03/05/2023,4,10:30,-1,E07000209,E10000030,E10000030,1,25,3,70,0,0,-1,0,-1,0,0,0,1,1,1,4,2,13,2,1,1,E01030458,5,1,1,0
2023131295670,2023,131295670,426298,426048,-1.60287,53.730172,13,3,2,1,11/04/2023,3,09:15,-1,E08000035,E08000035,E08000035,1,62,3,70,0,0,-1,0,-1,0,0,0,1,1,1,4,0,13,1,2,1,E01011546,3,1,0,1
2023041347646,2023,041347646,352870,430989,-2.71658,53.773096,4,3,2,1,01/09/2023,6,13:45,-1,E07000123,E10000017,E10000017,3,5085,6,30,0,0,-1,0,-1,0,0,0,1,1,1,4,0,13,1,1,2,E01025308,3,1,0,1
2023361330499,2023,361330499,622968,312457,1.295813,52.663948,36,3,2,1,10/07/2023,2,06:35,-1,E07000144,E10000020,E10000020,6,0,6,20,0,0,-1,0,-1,0,0,0,1,1,1,4,0,13,1,2,2,E01026540,3,1,0,1
2023622300654,2023,622300654,286185,195044,-3.646225,51.642644,62,3,1,1,08/08/2023,3,14:47,-1,W06000013,W06000013,W06000013,3,4063,6,40,0,0,-1,0,-1,0,0,0,1,2,2,4,0,13,2,1,-1,W01000994,-1,0,0.03153,0.96847
2023141330577,2023,141330577,460733,409136,-1.084277,53.575318,14,3,4,1,18/07/2023,3,09:51,-1,E08000017,E08000017,E08000017,6,0,6,60,0,0,-1,0,-1,0,0,0,1,1,1,4,0,13,2,1,2,E01007624,3,1,0,1
2023101319108,2023,101319108,427846,556930,-1.567244,54.906318,10,3,2,1,15/06/2023,5,13:35,-1,E08000037,E08000037,E08000037,3,1,7,50,0,0,-1,0,-1,0,0,0,1,1,1,4,2,13,2,1,1,E01008224,3,1,0,1
2023010474385,2023,010474385,526563,178066,-0.17854,51.487391,1,2,1,1,26/10/2023,5,19:30,-1,E09000020,E09000020,E09000020,3,308,6,20,0,0,-1,0,-1,0,5,15,4,1,2,4,0,13,1,1,2,E01002911,-1,0,1,0
2023320420134,2023,320420134,507883,347025,-0.393534,53.009676,32,3,2,1,08/07/2023,7,00:45,-1,E07000139,E10000019,E10000019,4,1517,6,40,0,0,-1,0,-1,0,0,0,4,1,1,4,0,13,1,1,2,E01026230,-1,0,0.13738,0.86262
2023311270984,2023,311270984,477571,366865,-0.840407,53.193225,31,2,2,2,24/01/2023,3,21:16,-1,E07000175,E10000024,E10000024,3,1,3,70,0,0,-1,0,-1,0,0,0,6,1,2,4,0,13,2,1,1,E01028349,6,1,1,0
2023991293778,2023,991293778,232683,679574,-4.683219,55.979896,99,2,4,1,04/04/2023,3,22:30,-1,S12000035,S12000035,S12000035,3,814,6,40,0,0,-1,0,-1,0,0,0,6,1,1,4,0,13,2,1,-1,-1,7,1,1,0
2023010420458,2023,010420458,523363,178125,-0.224584,51.488628,1,3,2,1,09/01/2023,2,20:05,-1,E09000013,E09000013,E09000013,6,0,6,20,3,13,4,6,0,0,0,0,4,1,1,4,0,13,1,1,2,E01001900,-1,0,0,1
2023010461496,2023,010461496,526064,175414,-0.186668,51.463669,1,3,1,1,19/08/2023,7,23:00,-1,E09000032,E09000032,E09000032,3,217,6,20,5,0,4,6,0,0,0,0,4,1,1,4,0,13,1,1,2,E01004509,-1,0,0,1
2023010465613,2023,010465613,507688,183596,-0.448587,51.541001,1,2,2,2,12/09/2023,3,16:22,-1,E09000017,E09000017,E09000017,6,0,1,20,1,0,4,6,0,0,0,0,1,2,2,4,2,13,1,3,2,E01002453,-1,0,1,0
2023010451014,2023,010451014,523838,174585,-0.218985,51.45671,1,3,2,1,23/06/2023,6,17:45,-1,E09000032,E09000032,E09000032,3,219,6,20,3,13,2,6,0,0,5,15,1,1,1,4,0,13,1,1,2,E01004501,-1,0,0,1
2023430015557,2023,430015557,442517,241915,-1.38108,52.073976,43,3,2,1,11/01/2023,4,15:06,-1,E07000177,E10000025,E10000025,3,422,6,60,0,0,-1,0,-1,0,0,0,1,2,2,4,0,13,2,3,2,E01028509,-1,0,0.00169,0.99831
2023631374112,2023,631374112,216192,209766,-4.664557,51.756342,63,2,3,1,13/11/2023,2,13:25,-1,W06000009,W06000009,W06000009,3,477,6,60,0,0,-1,0,-1,0,0,0,1,1,2,4,0,13,2,1,-1,W01000553,7,1,1,0
2023170M11813,2023,170M11813,449969,519945,-1.228581,54.572264,17,2,1,1,09/11/2023,5,08:05,-1,E06000002,E06000002,E06000002,6,0,6,30,3,13,2,6,0,0,5,15,1,1,2,4,0,13,1,1,2,E01033468,-1,0,1,0
2023161291306,2023,161291306,492581,408295,-0.603685,53.563115,16,3,2,1,23/02/2023,5,09:20,-1,E06000013,E06000013,E06000013,3,18,3,60,0,0,-1,0,-1,0,0,0,1,1,1,4,0,13,2,3,2,E01013324,3,1,0,1
2023522400343,2023,522400343,356756,178110,-2.624378,51.500265,52,3,2,2,01/12/2023,6,16:50,-1,E06000023,E06000023,E06000023,4,4055,6,30,3,13,4,6,0,0,0,0,4,1,2,4,0,13,1,1,2,E01014718,-1,0,0.14357,0.85643
2023141265134,2023,141265134,443968,390924,-1.339987,53.413302,14,3,2,1,18/01/2023,4,19:55,-1,E08000018,E08000018,E08000018,3,618,6,30,3,13,2,6,0,0,0,0,4,1,2,4,0,13,1,1,2,E01007678,3,1,0,1
2023131362090,2023,131362090,416159,432956,-1.756189,53.792671,13,3,2,1,12/10/2023,5,09:38,-1,E08000032,E08000032,E08000032,3,6181,3,30,3,13,2,4,6145,0,5,15,1,1,1,4,0,13,1,1,2,E01033691,3,1,0,1
2023010422314,2023,010422314,520682,191614,-0.258556,51.610435,1,3,2,2,16/01/2023,2,15:20,-1,E09000003,E09000003,E09000003,6,0,9,30,1,0,2,6,0,9,9,99,1,8,1,4,0,13,1,3,2,E01000235,-1,0,0,1
2023010470434,2023,010470434,521318,172187,-0.256059,51.435703,1,2,2,2,06/10/2023,6,17:00,-1,E09000021,E09000021,E09000021,3,3,3,50,3,13,2,3,308,2,4,12,1,1,1,4,0,13,1,1,2,E01002955,-1,0,1,0
2023041355022,2023,041355022,384854,434158,-2.231455,53.803498,4,3,2,1,21/09/2023,5,19:37,-1,E07000117,E10000017,E10000017,6,0,6,30,9,19,4,6,0,0,0,0,4,1,1,4,0,13,1,2,2,E01024895,3,1,0,1
2023161301025,2023,161301025,504395,426207,-0.419381,53.721836,16,3,2,1,18/04/2023,3,17:15,-1,E06000010,E06000010,E06000010,6,0,7,30,0,0,-1,0,-1,0,5,15,1,1,1,4,0,13,1,2,2,E01012884,3,1,0,1
2023201317475,2023,201317475,410849,292279,-1.841514,52.528278,20,3,2,3,15/05/2023,2,08:58,-1,E08000025,E08000025,E08000025,4,4142,6,30,6,16,2,4,4531,0,0,0,1,1,1,4,0,13,1,1,2,E01009007,3,1,0,1
2023010454287,2023,010454287,524927,181764,-0.200782,51.520989,1,3,1,1,07/07/2023,6,18:30,-1,E09000020,E09000020,E09000033,3,4207,2,20,3,13,4,6,0,0,1,13,1,8,1,4,0,13,1,3,2,E01002854,-1,0,0,1
2023440207654,2023,440207654,461583,152006,-1.118755,51.263895,44,3,2,1,25/05/2023,5,22:27,-1,E07000084,E10000014,E10000014,4,3400,6,40,1,0,4,4,3400,0,4,14,4,1,1,4,0,13,1,1,2,E01022551,-1,0,0,1
2023041375750,2023,041375750,384761,432516,-2.232785,53.788737,4,3,2,1,09/11/2023,5,18:20,-1,E07000117,E10000017,E10000017,6,0,6,30,0,0,-1,0,-1,0,0,0,4,1,2,4,0,13,1,1,2,E01024855,3,1,0,1
2023332300150,2023,332300150,433790,312785,-1.501277,52.71168,33,3,3,2,21/02/2023,3,16:49,-1,E07000134,E10000018,E10000018,5,0,6,50,0,0,-1,0,-1,0,0,0,1,1,1,4,0,13,2,1,2,E01025948,-1,0,0.08091,0.91909
2023471267902,2023,471267902,532138,123910,-0.11826,50.99942,47,3,2,1,25/01/2023,4,11:40,-1,E07000228,E10000032,E10000032,4,2272,6,30,3,13,4,6,0,0,0,0,1,1,2,4,0,13,2,1,2,E01032837,3,1,0,1
2023622300111,2023,622300111,294955,205610,-3.522718,51.73932,62,3,2,1,30/01/2023,2,15:14,-1,W06000016,W06000016,W06000016,3,465,1,40,1,0,4,3,4059,0,0,0,1,1,2,4,0,13,2,1,-1,W01001187,-1,0,0.00894,0.99106
2023052302984,2023,052302984,339889,402226,-2.907944,53.513262,5,3,1,1,15/12/2023,6,04:30,-1,E08000014,E08000014,E08000014,1,58,3,40,6,16,2,-1,-1,0,0,0,4,1,2,4,0,13,2,1,1,E01007040,-1,0,0.09258,0.90742
2023101288145,2023,101288145,426137,571696,-1.592556,55.039097,10,3,2,1,16/03/2023,5,16:50,-1,E08000022,E08000022,E08000022,3,189,3,50,1,0,4,3,189,0,0,0,1,1,1,4,0,13,2,2,2,E01008516,3,1,0,1
2023201413941,2023,201413941,411369,294245,-1.833782,52.545941,20,3,2,1,17/10/2023,3,14:55,-1,E08000025,E08000025,E08000025,6,0,6,30,3,13,4,6,0,0,0,0,1,1,1,4,0,13,1,1,2,E01009456,3,1,0,1
2023201375350,2023,201375350,400252,290116,-1.997717,52.508938,20,3,1,2,16/08/2023,4,07:55,-1,E08000028,E08000028,E08000028,3,4182,6,30,0,0,-1,0,-1,0,0,0,1,1,1,4,0,13,1,1,2,E01009989,3,1,0,1
2023201276034,2023,201276034,419257,286912,-1.717888,52.479799,20,3,1,1,12/01/2023,5,12:41,-1,E08000029,E08000029,E08000029,1,6,3,50,0,0,-1,0,-1,0,0,0,1,1,1,4,0,13,2,1,1,E01010126,3,1,0,1
2023010479714,2023,010479714,542852,168951,0.052238,51.40161,1,3,1,1,23/11/2023,5,10:05,-1,E09000006,E09000006,E09000006,3,222,6,30,9,19,2,6,0,0,0,0,1,1,1,4,0,13,1,1,2,E01000649,-1,0,0,1
2023211346059,2023,211346059,416473,313383,-1.75757,52.717856,21,3,3,2,26/08/2023,7,10:50,-1,E07000194,E10000028,E10000028,3,38,3,60,0,0,-1,0,-1,0,0,0,1,2,2,4,0,13,2,1,1,E01029477,3,1,0,1
2023451359964,2023,451359964,496679,157375,-0.614424,51.307293,45,2,2,1,05/10/2023,5,17:15,-1,E07000217,E10000030,E10000030,3,324,6,30,9,19,4,6,0,0,0,0,1,1,1,4,0,13,2,1,2,E01030944,7,1,1,0
2023451371265,2023,451371265,508308,164804,-0.445399,51.371976,45,3,3,3,05/11/2023,1,22:48,-1,E07000207,E10000030,E10000030,6,0,6,30,8,18,2,6,0,0,0,0,5,1,2,4,0,13,1,2,2,E01030371,3,1,0,1
2023141311234,2023,141311234,436204,397416,-1.456042,53.47224,14,3,4,2,23/05/2023,3,22:15,-1,E08000016,E08000016,E08000038,1,1,3,70,0,0,-1,0,-1,0,0,0,4,1,1,4,0,13,2,1,1,E01007424,3,1,0,1
2023010450055,2023,010450055,520815,175971,-0.262001,51.469819,1,3,1,1,19/06/2023,2,07:20,-1,E09000027,E09000027,E09000027,3,3003,6,20,0,0,-1,0,-1,0,4,14,1,1,1,4,2,13,1,1,2,E01003855,-1,0,0,1
2023440423449,2023,440423449,461954,150045,-1.113777,51.246224,44,3,2,1,16/10/2023,2,10:30,-1,E07000084,E10000014,E10000014,6,0,6,30,2,0,4,6,0,0,0,0,1,1,1,4,0,13,1,1,2,E01022474,-1,0,0,1
2023111263403,2023,111263403,413899,534581,-1.785821,54.706061,11,3,1,1,14/01/2023,7,18:30,-1,E06000047,E06000047,E06000047,3,68,6,30,3,13,4,6,0,0,0,0,4,4,2,4,0,13,2,1,2,E01020887,3,1,0,1
2023111308922,2023,111308922,426955,542628,-1.582467,54.777847,11,2,1,1,18/05/2023,5,11:43,-1,E06000047,E06000047,E06000047,6,0,2,30,1,0,4,3,690,0,8,17,1,1,1,4,0,13,1,1,2,E01020702,6,1,1,0
2023401366451,2023,401366451,501317,251584,-0.52052,52.153254,40,3,2,1,27/09/2023,4,13:17,-1,E06000055,E06000055,E06000055,6,0,6,30,9,19,2,6,0,0,0,0,1,1,1,4,0,13,2,1,2,E01017460,3,1,0,1
2023101323882,2023,101323882,415037,626179,-1.76335,55.52912,10,2,1,1,13/06/2023,3,11:00,-1,E06000057,E06000057,E06000057,3,1,6,60,0,0,-1,0,-1,0,0,0,1,1,1,4,0,13,2,1,1,E01027374,5,1,1,0
2023201371879,2023,201371879,399135,298085,-2.014198,52.580578,20,3,2,1,26/07/2023,4,09:45,-1,E08000030,E08000030,E08000030,1,6,7,70,0,0,-1,0,-1,0,0,0,1,1,1,4,0,13,2,2,1,E01010261,3,1,0,1
2023101263832,2023,101263832,425354,563715,-1.605512,54.967421,10,3,1,1,16/01/2023,2,11:00,-1,E08000037,E08000037,E08000037,3,167,6,40,0,0,-1,0,-1,0,4,14,1,1,2,4,0,13,1,1,2,E01008166,3,1,0,1
2023010461450,2023,010461450,508678,181913,-0.434837,51.525685,1,3,3,1,19/08/2023,7,17:48,-1,E09000017,E09000017,E09000017,3,4020,3,40,3,13,4,6,0,0,5,15,1,1,1,4,2,13,1,1,2,E01002423,-1,0,0,1
2023461369880,2023,461369880,591327,169361,0.748578,51.391028,46,2,2,1,13/10/2023,6,12:05,-1,E07000113,E10000016,E10000016,3,249,3,70,0,0,-1,0,-1,0,0,0,1,1,1,4,0,13,2,1,1,E01024597,7,1,1,0
2023991321265,2023,991321265,230104,643144,-4.701736,55.652035,99,2,1,1,21/06/2023,4,02:23,-1,S12000021,S12000021,S12000021,6,0,6,30,0,0,-1,0,-1,0,0,0,4,1,1,4,0,13,1,1,-1,-1,7,1,1,0
2023201412174,2023,201412174,404999,287638,-1.927812,52.48664,20,3,1,1,11/10/2023,4,07:15,-1,E08000025,E08000025,E08000025,3,457,6,30,0,0,-1,0,-1,0,5,15,1,2,2,4,0,13,1,2,2,E01009153,3,1,0,1
2023010432812,2023,010432812,531487,195276,-0.10123,51.640925,1,3,1,1,18/03/2023,7,03:25,-1,E09000010,E09000010,E09000010,5,0,6,30,0,0,-1,0,-1,0,0,0,4,1,2,4,1,13,1,1,2,E01001454,-1,0,0,1
2023010428458,2023,010428458,531477,186793,-0.104552,51.564696,1,3,2,2,21/02/2023,3,18:25,-1,E09000019,E09000019,E09000019,3,503,3,20,7,17,2,3,1201,2,4,12,4,1,1,4,0,13,1,1,2,E01002734,-1,0,0,1
2023041281039,2023,041281039,354174,421637,-2.695407,53.689162,4,2,1,1,27/02/2023,2,16:24,-1,E07000126,E10000017,E10000017,4,5254,6,30,9,19,2,4,5248,0,5,15,1,1,2,4,0,13,1,1,2,E01025435,7,1,1,0
2023311261690,2023,311261690,448756,357635,-1.27305,53.113679,31,2,3,1,09/01/2023,2,22:30,-1,E07000170,E10000024,E10000024,3,38,6,50,0,0,-1,0,-1,0,0,0,4,8,2,4,2,13,2,1,2,E01027959,7,1,1,0
2023522400766,2023,522400766,362822,181978,-2.537403,51.535475,52,3,2,1,18/10/2023,4,00:49,-1,E06000025,E06000025,E06000025,1,4,3,70,0,0,-1,0,-1,0,0,0,5,1,1,4,0,13,2,1,1,E01015000,-1,0,0.20434,0.79566
2023010450640,2023,010450640,525808,183885,-0.187333,51.539855,1,3,1,1,16/06/2023,6,08:30,-1,E09000007,E09000007,E09000007,4,507,6,30,7,17,2,4,509,9,5,15,1,8,1,4,0,13,1,3,2,E01000929,-1,0,0,1
2023010472761,2023,010472761,529302,183241,-0.137217,51.533278,1,3,2,1,18/10/2023,4,18:30,-1,E09000007,E09000007,E09000007,3,4200,3,20,6,16,2,3,400,0,0,0,4,2,2,4,0,13,1,1,2,E01000947,-1,0,0,1
2023010428004,2023,010428004,539124,179584,0.002857,51.498084,1,3,2,4,17/02/2023,6,00:00,-1,E09000011,E09000011,E09000011,6,0,2,20,3,13,2,6,0,9,9,99,4,8,1,4,0,13,1,3,2,E01001667,-1,0,0,1
2023010475192,2023,010475192,505159,184588,-0.484744,51.550394,1,3,2,1,31/10/2023,3,05:50,-1,E09000017,E09000017,E09000017,3,4020,6,30,99,-1,2,6,0,9,9,99,4,9,2,4,9,13,1,3,2,E01002521,-1,0,0,1
2023231298198,2023,231298198,434412,260336,-1.497468,52.240144,23,3,2,1,13/04/2023,5,12:00,-1,E07000221,E10000031,E10000031,4,4455,6,50,6,16,2,6,0,0,0,0,1,1,1,4,0,13,2,3,2,E01031199,3,1,0,1
2023991262187,2023,991262187,259303,664981,-4.249375,55.857427,99,2,1,1,11/01/2023,4,14:04,-1,S12000049,S12000049,S12000049,6,0,6,30,3,13,2,6,0,0,5,15,1,4,1,4,0,13,1,1,-1,-1,6,1,1,0
2023311371588,2023,311371588,458002,340117,-1.138077,52.955303,31,3,2,1,03/11/2023,6,18:05,-1,E06000018,E06000018,E06000018,6,0,6,30,3,13,4,6,0,0,1,13,4,1,1,4,0,13,1,2,2,E01033405,3,1,0,1
2023320693352,2023,320693352,516970,322315,-0.267045,52.785747,32,3,3,1,08/11/2023,4,17:30,-1,E07000141,E10000019,E10000019,3,151,6,60,0,0,-1,0,-1,0,0,0,6,2,2,4,0,13,2,1,2,E01026296,-1,0,0.0328,0.9672
2023471309481,2023,471309481,489558,100931,-0.730504,50.80103,47,3,2,1,17/05/2023,4,09:45,-1,E07000224,E10000032,E10000032,6,0,6,60,3,13,4,4,2166,0,0,0,1,1,1,4,0,13,2,2,2,E01031445,3,1,0,1
2023010454828,2023,010454828,555486,191646,0.243714,51.602196,1,3,2,1,12/07/2023,4,15:20,-1,E09000016,E09000016,E09000016,3,12,3,50,5,0,2,6,0,0,0,0,1,1,1,4,0,13,1,3,2,E01002283,-1,0,0,1
2023010444691,2023,010444691,513281,177319,-0.369988,51.483491,1,3,3,1,23/05/2023,3,16:10,-1,E09000018,E09000018,E09000018,3,3005,6,20,0,0,-1,0,-1,0,0,0,1,1,1,4,0,13,1,1,2,E01002628,-1,0,0,1
2023010478661,2023,010478661,524640,179051,-0.205874,51.49667,1,3,2,1,17/11/2023,6,16:25,-1,E09000020,E09000020,E09000020,3,315,3,20,6,16,2,3,3220,0,5,15,4,1,1,4,0,13,1,1,2,E01002867,-1,0,0,1
2023070586578,2023,070586578,346150,358847,-2.806155,53.124061,7,3,2,1,30/06/2023,6,17:33,-1,E06000050,E06000050,E06000050,3,41,6,50,8,18,4,6,0,0,0,0,1,1,1,4,0,13,2,1,2,E01018371,-1,0,0.20159,0.79841
2023010437258,2023,010437258,529525,181337,-0.134703,51.516117,1,3,2,1,13/04/2023,5,19:00,-1,E09000033,E09000033,E09000033,3,40,6,20,3,13,2,5,0,0,4,14,1,1,1,4,9,13,1,3,2,E01004763,-1,0,0,1
2023531327946,2023,531327946,383225,215004,-2.244848,51.833394,53,2,1,1,10/07/2023,2,15:20,-1,E07000081,E10000013,E10000013,3,4173,6,30,9,19,4,6,0,0,0,0,1,1,1,4,0,13,1,1,2,E01022345,7,1,1,0
2023440045476,2023,440045476,449800,89213,-1.296203,50.700436,44,3,2,1,02/02/2023,5,18:10,-1,E06000046,E06000046,E06000046,6,0,6,30,6,16,4,6,0,0,0,0,4,1,1,4,0,13,1,1,2,E01017326,-1,0,0,1
2023401386369,2023,401386369,509728,237105,-0.402285,52.021525,40,3,2,2,24/11/2023,6,14:14,-1,E06000056,E06000056,E06000056,6,0,6,50,0,0,-1,0,-1,0,0,0,1,1,1,4,0,13,2,1,2,E01017445,3,1,0,1
2023141322569,2023,141322569,458029,404190,-1.126024,53.531173,14,3,2,1,24/06/2023,7,00:30,-1,E08000017,E08000017,E08000017,3,630,3,30,0,0,-1,0,-1,0,4,14,4,1,1,4,0,13,1,1,2,E01007655,3,1,0,1
2023101265161,2023,101265161,434504,557258,-1.463371,54.908852,10,3,3,2,18/01/2023,4,20:31,-1,E08000024,E08000024,E08000024,3,1231,3,70,0,0,-1,0,-1,0,0,0,4,1,1,4,0,13,2,1,2,E01008855,3,1,0,1
2023101362977,2023,101362977,416116,563307,-1.749827,54.964136,10,3,3,1,14/10/2023,7,16:45,-1,E08000037,E08000037,E08000037,3,695,6,50,0,0,-1,0,-1,0,0,0,1,1,1,4,0,13,1,1,2,E01008248,3,1,0,1
2023440128843,2023,440128843,445239,122575,-1.35667,51.000796,44,3,2,1,31/03/2023,6,11:30,-1,E07000094,E10000014,E10000014,1,3,3,50,0,0,-1,0,-1,0,0,0,1,1,2,4,0,13,2,2,1,E01023230,-1,0,0,1
2023411383957,2023,411383957,509893,201677,-0.411139,51.703086,41,3,2,2,30/11/2023,5,20:15,-1,E07000102,E10000015,E10000015,6,0,1,30,1,0,2,6,0,0,0,0,4,8,2,4,0,13,1,1,2,E01023833,3,1,0,1
2023471364830,2023,471364830,526490,135078,-0.194808,51.101062,47,3,2,2,19/10/2023,5,13:50,-1,E07000226,E10000032,E10000032,3,23,1,50,1,0,4,6,0,0,0,0,1,1,2,4,0,13,1,1,2,E01031552,3,1,0,1
2023991365263,2023,991365263,189319,835963,-5.504963,57.365245,99,3,3,1,19/10/2023,5,20:20,-1,S12000017,S12000017,S12000017,3,890,6,60,0,0,-1,0,-1,0,0,0,6,1,1,4,0,13,2,1,-1,-1,3,1,0,1
2023501310142,2023,501310142,226384,105237,-4.466189,50.820583,50,3,3,3,02/05/2023,3,17:16,-1,E06000052,E06000052,E06000052,3,3072,6,60,6,16,4,4,3254,0,0,0,1,1,1,4,0,13,2,1,2,E01018951,3,1,0,1
2023552400024,2023,552400024,408330,90614,-1.883376,50.7151,55,3,2,1,06/11/2023,2,13:30,-1,E06000058,E06000058,E06000058,6,0,6,30,3,13,4,6,0,0,0,0,1,1,1,4,0,13,1,2,2,E01015367,-1,0,0.00716,0.99284
2023201284417,2023,201284417,409636,288207,-1.85951,52.491694,20,3,1,1,15/01/2023,1,22:49,-1,E08000025,E08000025,E08000025,6,0,6,30,1,0,4,4,4114,0,0,0,4,8,2,4,0,13,1,1,2,E01033644,3,1,0,1
2023131380114,2023,131380114,417447,436402,-1.736444,53.823602,13,3,2,1,28/11/2023,3,18:15,-1,E08000032,E08000032,E08000032,6,0,6,30,1,0,4,6,0,0,4,14,4,1,1,4,0,13,1,1,2,E01010656,3,1,0,1
2023010484334,2023,010484334,525179,183944,-0.196377,51.540525,1,3,2,1,07/12/2023,5,15:10,-1,E09000005,E09000005,E09000005,3,5,6,20,3,13,2,6,0,9,1,13,1,1,2,4,0,13,1,3,2,E01000548,-1,0,0,1
2023010437019,2023,010437019,515140,186786,-0.340137,51.568202,1,3,2,1,11/04/2023,3,16:43,-1,E09000015,E09000015,E09000015,3,4005,6,20,3,13,4,4,457,0,0,0,1,2,2,4,0,13,1,3,2,E01002132,-1,0,0,1
2023010453991,2023,010453991,517522,174327,-0.309934,51.455736,1,2,1,1,08/07/2023,7,16:40,-1,E09000027,E09000027,E09000027,3,305,6,20,6,16,4,6,0,1,4,11,1,1,1,4,2,13,1,1,2,E01003893,-1,0,1,0
2023471294862,2023,471294862,518507,103817,-0.31894,50.82178,47,3,2,1,06/04/2023,5,12:55,-1,E07000223,E10000032,E10000032,3,259,6,30,0,0,-1,0,-1,0,4,14,1,1,1,4,0,13,1,1,2,E01031377,3,1,0,1
2023010427918,2023,010427918,521410,182462,-0.251207,51.528028,1,2,1,1,18/02/2023,7,20:49,-1,E09000009,E09000009,E09000009,3,4000,6,20,1,0,4,5,0,0,0,0,4,1,1,4,0,13,1,1,2,E01001239,-1,0,1,0
2023451322337,2023,451322337,506768,159604,-0.469073,51.325528,45,2,1,1,24/06/2023,7,17:45,-1,E07000209,E10000030,E10000030,1,25,3,70,0,0,-1,0,-1,0,0,0,1,1,1,4,0,13,2,1,1,E01030458,7,1,1,0
2023070230100,2023,070230100,377052,384596,-2.346254,53.357741,7,3,2,3,18/03/2023,7,13:45,-1,E06000049,E06000049,E06000049,1,56,3,50,0,0,-1,0,-1,0,0,0,1,1,1,4,0,13,2,2,1,E01018648,-1,0,0.03673,0.96327
2023052300353,2023,052300353,337453,389226,-2.942083,53.396143,5,3,1,1,03/02/2023,6,04:23,-1,E08000012,E08000012,E08000012,6,0,3,30,0,0,-1,0,-1,0,0,0,4,1,1,4,2,13,1,1,2,E01006720,-1,0,0.04683,0.95317
2023010484025,2023,010484025,513054,183230,-0.371362,51.536664,1,3,1,1,13/12/2023,4,20:40,-1,E09000009,E09000009,E09000009,5,0,6,30,3,13,2,6,0,9,9,99,4,8,1,4,9,13,1,3,2,E01001263,-1,0,0,1
2023371391255,2023,371391255,588168,242431,0.742671,52.048323,37,3,2,2,22/12/2023,6,06:17,-1,E07000200,E10000029,E10000029,3,134,6,40,3,13,4,6,0,0,0,0,7,5,2,4,0,13,1,1,2,E01029914,3,1,0,1
2023451286954,2023,451286954,510093,157977,-0.421874,51.31027,45,3,2,1,15/03/2023,4,08:20,-1,E07000207,E10000030,E10000030,1,25,3,70,0,0,-1,0,-1,0,0,0,1,1,1,4,0,13,2,1,1,E01030302,3,1,0,1
2023311294003,2023,311294003,456941,341825,-1.153569,52.970768,31,3,2,1,05/04/2023,4,12:32,-1,E06000018,E06000018,E06000018,3,611,6,30,6,16,2,3,60,0,4,14,1,8,2,4,2,13,1,1,2,E01013843,3,1,0,1
2023522400383,2023,522400383,362548,182379,-2.541396,51.539062,52,3,2,1,20/08/2023,1,12:20,-1,E06000025,E06000025,E06000025,1,4,3,70,0,0,-1,0,-1,0,0,0,1,1,1,4,0,13,2,1,1,E01014876,-1,0,0.02577,0.97423
2023430405791,2023,430405791,498477,174655,-0.583853,51.462314,43,2,2,1,09/09/2023,7,12:30,-1,E06000040,E06000040,E06000040,3,308,6,30,6,16,4,4,3021,0,0,0,1,1,1,4,0,13,1,3,2,E01016588,-1,0,1,0
2023010459414,2023,010459414,510045,174189,-0.417545,51.455997,1,3,2,1,07/08/2023,2,17:30,-1,E09000018,E09000018,E09000018,3,315,6,30,3,13,4,6,0,0,0,0,1,1,1,4,0,13,1,1,2,E01002595,-1,0,0,1
2023440294581,2023,440294581,436839,113602,-1.477279,50.920709,44,3,2,1,22/07/2023,7,06:45,-1,E07000091,E10000014,E10000014,3,35,3,40,5,0,4,6,0,0,0,0,1,1,1,4,0,13,2,1,2,E01023077,-1,0,0,1
2023461318166,2023,461318166,602509,144456,0.894981,51.163498,46,3,2,1,05/06/2023,2,15:40,-1,E07000105,E10000016,E10000016,3,28,1,30,9,19,-1,3,2070,0,0,0,1,1,1,4,0,13,1,1,2,E01032822,3,1,0,1
2023461341298,2023,461341298,638340,169158,1.422998,51.371428,46,2,1,2,05/08/2023,7,01:40,-1,E07000114,E10000016,E10000016,6,0,6,30,0,0,-1,0,-1,0,0,0,7,1,2,4,1,13,1,1,2,E01024633,5,1,1,0
2023041380148,2023,041380148,352932,428908,-2.715321,53.754399,4,3,2,1,22/11/2023,4,09:45,-1,E07000123,E10000017,E10000017,6,0,3,30,0,0,-1,0,-1,0,0,0,1,1,1,4,0,13,1,2,2,E01025289,3,1,0,1
2023231369282,2023,231369282,451170,276648,-1.249598,52.385481,23,3,1,1,09/10/2023,2,16:12,-1,E07000220,E10000031,E10000031,6,0,6,30,3,13,4,6,0,0,0,0,1,1,1,4,0,13,1,3,2,E01031141,3,1,0,1
2023631307892,2023,631307892,298962,218247,-3.468393,51.853639,63,3,2,1,14/05/2023,1,15:00,-1,W06000023,W06000023,W06000023,3,470,6,30,3,13,4,3,4059,0,0,0,1,1,1,4,0,13,2,1,-1,W01001897,3,1,0,1
2023430311036,2023,430311036,471282,174226,-0.97532,51.46253,43,3,2,1,13/07/2023,5,18:35,-1,E06000038,E06000038,E06000038,3,4155,6,30,3,13,4,6,0,0,4,14,1,1,1,4,0,13,1,3,2,E01016355,-1,0,0.00379,0.99621
2023991262197,2023,991262197,260127,665486,-4.236482,55.862201,99,3,1,1,11/01/2023,4,19:55,-1,S12000049,S12000049,S12000049,6,0,6,30,3,13,2,3,8,2,5,12,4,2,2,4,0,13,1,1,-1,-1,3,1,0,1
2023430044844,2023,430044844,485589,192701,-0.764937,51.626628,43,3,2,1,20/01/2023,6,10:55,-1,E06000060,E06000060,E06000060,5,0,6,30,0,0,-1,0,-1,0,0,0,1,1,1,4,0,13,1,3,2,E01017838,-1,0,0.0014,0.9986
2023122400086,2023,122400086,442129,479224,-1.355599,54.207037,12,3,2,1,14/11/2023,3,02:30,-1,E06000065,E06000065,E06000065,3,168,3,60,5,0,4,3,167,0,0,0,6,2,2,4,0,13,2,1,1,E01027635,-1,0,0.0403,0.9597
2023101371710,2023,101371710,429865,571311,-1.534265,55.035428,10,3,2,2,07/11/2023,3,10:35,-1,E08000022,E08000022,E08000022,3,19,3,70,0,0,-1,0,-1,0,0,0,1,1,2,4,0,13,2,1,1,E01008503,3,1,0,1
2023131379414,2023,131379414,431886,435596,-1.51719,53.815676,13,3,2,1,27/11/2023,2,10:16,-1,E08000035,E08000035,E08000035,6,0,6,30,9,19,4,6,0,0,0,0,1,2,2,4,0,13,1,1,2,E01011428,3,1,0,1
202360A177238,2023,60A177238,250512,365781,-4.237739,53.168095,60,3,2,1,06/11/2023,2,15:00,-1,W06000002,W06000002,W06000002,3,4871,6,60,1,0,4,3,487,0,0,0,1,1,2,4,0,13,2,1,-1,W01000119,-1,0,0.02925,0.97075
2023170L50753,2023,170L50753,471822,518158,-0.891048,54.553582,17,3,2,1,15/07/2023,7,18:00,-1,E06000003,E06000003,E06000003,4,1366,6,30,3,13,4,6,0,0,0,0,1,1,1,4,0,13,2,2,2,E01012136,-1,0,0.07373,0.92627
2023201321936,2023,201321936,432589,278739,-1.522387,52.405696,20,2,1,1,17/06/2023,7,03:55,-1,E08000026,E08000026,E08000026,4,4101,3,30,3,13,2,6,0,0,0,0,4,1,1,4,0,13,1,1,2,E01009553,7,1,1,0
2023440431792,2023,440431792,464091,153666,-1.082517,51.278544,44,3,2,1,21/10/2023,7,17:08,-1,E07000084,E10000014,E10000014,6,0,6,30,0,0,-1,0,-1,0,0,0,1,2,2,4,0,13,1,1,2,E01022524,-1,0,0,1
2023371299059,2023,371299059,612974,246599,1.106477,52.076773,37,2,1,1,17/04/2023,2,16:01,-1,E07000203,E10000029,E10000029,6,0,6,30,3,13,4,6,0,0,0,0,1,1,1,4,0,13,1,1,2,E01030042,6,1,1,0
2023231286917,2023,231286917,417204,290338,-1.74794,52.510666,23,3,2,1,12/02/2023,1,21:12,-1,E07000218,E10000031,E10000031,1,6,3,70,0,0,-1,0,-1,0,0,0,5,1,1,4,0,13,2,1,1,E01031041,3,1,0,1
2023471304902,2023,471304902,526075,133278,-0.20136,51.084976,47,3,1,1,07/05/2023,1,17:30,-1,E07000226,E10000032,E10000032,6,0,6,30,3,13,4,6,0,0,0,0,1,1,1,4,0,13,1,1,2,E01031556,3,1,0,1
2023991339918,2023,991339918,277194,664400,-3.963484,55.857101,99,3,2,1,08/08/2023,3,16:30,-1,S12000050,S12000050,S12000050,3,73,6,40,3,13,4,3,73,0,8,17,1,1,1,4,0,13,1,1,-1,-1,3,1,0,1
2023440407164,2023,440407164,450205,89216,-1.290468,50.700428,44,3,1,1,05/10/2023,5,13:48,-1,E06000046,E06000046,E06000046,6,0,2,30,0,0,-1,0,-1,0,4,14,1,1,1,4,2,13,1,1,2,E01017326,-1,0,0,1
2023010453415,2023,010453415,546049,183802,0.104296,51.534239,1,3,2,1,02/03/2023,5,16:30,-1,E09000002,E09000002,E09000002,6,0,6,30,99,-1,9,6,0,0,5,15,1,8,1,4,0,13,1,3,2,E01000043,-1,0,0,1
2023041373116,2023,041373116,335720,439182,-2.978472,53.844885,4,2,4,2,07/11/2023,3,13:35,-1,E07000128,E10000017,E10000017,3,586,6,30,0,0,-1,0,-1,0,0,0,1,1,1,4,0,13,1,1,2,E01025545,5,1,1,0
2023451355687,2023,451355687,505207,171327,-0.488,51.431191,45,2,1,2,24/09/2023,1,01:52,-1,E07000213,E10000030,E10000030,3,308,3,50,0,0,-1,0,-1,0,0,0,6,1,1,4,0,13,2,1,2,E01030714,5,1,1,0
2023141328576,2023,141328576,450438,385827,-1.24347,53.366914,14,3,2,1,12/07/2023,4,09:00,-1,E08000018,E08000018,E08000018,4,6463,6,60,6,16,4,6,0,0,0,0,1,1,1,4,0,13,2,1,2,E01007658,3,1,0,1
2023010461798,2023,010461798,536337,169593,-0.041115,51.408981,1,3,2,1,22/08/2023,3,08:06,-1,E09000006,E09000006,E09000006,3,234,6,30,3,13,4,6,0,0,5,15,1,1,1,4,0,13,1,3,2,E01000797,-1,0,0,1
2023010435439,2023,010435439,515413,189791,-0.335213,51.595154,1,3,2,1,01/04/2023,7,23:15,-1,E09000015,E09000015,E09000015,3,409,2,20,3,13,4,6,0,0,0,0,4,1,2,4,0,13,1,1,2,E01002179,-1,0,0,1
2023201278604,2023,201278604,408219,286143,-1.88043,52.473161,20,3,2,1,22/01/2023,1,19:30,-1,E08000025,E08000025,E08000025,4,4100,3,30,3,13,4,6,0,0,0,0,4,1,1,4,0,13,1,1,2,E01009378,3,1,0,1
2023201383357,2023,201383357,416596,286016,-1.757112,52.471831,20,3,1,1,06/11/2023,2,15:16,-1,E08000025,E08000025,E08000025,6,0,6,30,0,0,-1,0,-1,0,4,14,1,1,1,4,0,13,1,3,2,E01009302,3,1,0,1
2023131277884,2023,131277884,429846,423670,-1.549322,53.708609,13,3,2,1,17/02/2023,6,20:00,-1,E08000035,E08000035,E08000035,1,1,3,70,0,0,-1,0,-1,0,0,0,7,4,2,4,0,13,2,2,1,E01011536,3,1,0,1
2023010449574,2023,010449574,531086,187273,-0.11001,51.569101,1,3,2,1,15/06/2023,5,19:45,-1,E09000014,E09000014,E09000014,5,0,6,20,6,16,2,6,0,0,5,15,1,1,1,4,0,13,1,3,2,E01002065,-1,0,0,1
2023010422819,2023,010422819,532623,180138,-0.090532,51.504624,1,2,1,1,22/01/2023,1,04:12,-1,E09000028,E09000028,E09000028,3,3200,6,20,3,13,2,3,3,2,8,12,4,1,4,4,0,13,1,1,2,E01003929,-1,0,1,0
2023010439525,2023,010439525,523877,175749,-0.218017,51.467162,1,3,2,1,26/04/2023,4,08:06,-1,E09000032,E09000032,E09000032,4,306,6,20,3,13,4,6,0,0,0,0,1,1,1,4,0,13,1,1,2,E01004606,-1,0,0,1
2023461266414,2023,461266414,585353,162036,0.659,51.327216,46,3,2,1,02/01/2023,2,17:15,-1,E07000110,E10000016,E10000016,3,249,1,50,1,0,4,3,249,0,0,0,6,1,1,4,0,13,2,1,1,E01024387,3,1,0,1
2023471347557,2023,471347557,532035,105616,-0.126342,50.835025,47,3,2,1,30/08/2023,4,12:30,-1,E06000043,E06000043,E06000043,3,270,6,30,9,19,2,6,0,0,0,0,1,1,1,4,0,13,1,3,2,E01016971,3,1,0,1
2023340NN3312,2023,340NN3312,486278,285720,-0.731536,52.46262,34,3,2,2,14/09/2023,5,20:05,-1,E06000061,E06000061,E06000061,3,6014,6,60,3,13,4,6,0,0,7,16,4,1,1,4,0,13,2,1,2,E01026956,-1,0,0,1
2023010463896,2023,010463896,539544,178276,0.008387,51.486227,1,3,2,1,03/09/2023,1,18:40,-1,E09000011,E09000011,E09000011,3,206,6,30,0,0,-1,0,-1,0,4,14,4,1,1,4,0,13,1,1,2,E01001662,-1,0,0,1
2023010463068,2023,010463068,541584,183279,0.039755,51.530676,1,3,1,1,29/08/2023,3,15:45,-1,E09000025,E09000025,E09000025,3,124,6,30,99,-1,2,6,0,2,5,12,1,1,1,4,0,13,1,3,2,E01003493,-1,0,0,1
2023351379816,2023,351379816,559069,266571,0.330029,52.274282,35,3,2,1,24/11/2023,6,15:44,-1,E07000009,E10000003,E10000003,6,0,6,30,3,13,4,4,1103,0,0,0,1,1,1,4,0,13,2,1,2,E01018014,3,1,0,1
2023471297302,2023,471297302,567929,125304,0.392022,51.002621,47,3,1,1,14/04/2023,6,17:15,-1,E07000064,E10000011,E10000011,6,0,6,30,0,0,-1,0,-1,0,0,0,1,1,1,4,0,13,2,2,2,E01021098,3,1,0,1
2023451320443,2023,451320443,506898,158032,-0.467679,51.311373,45,3,2,1,19/06/2023,2,08:13,-1,E07000209,E10000030,E10000030,3,3,7,70,0,0,-1,0,-1,0,0,0,1,1,1,4,0,13,2,3,1,E01030458,3,1,0,1
2023221277443,2023,221277443,407738,243832,-1.888468,52.092782,22,3,1,1,13/02/2023,2,09:35,-1,E07000238,E10000034,E10000034,4,4035,6,30,3,13,4,6,0,0,0,0,1,1,1,4,2,13,2,3,2,E01032341,3,1,0,1
2023991329875,2023,991329875,330196,669477,-3.118301,55.913305,99,3,3,1,12/07/2023,4,19:45,-1,S12000036,S12000036,S12000036,3,7,6,30,0,0,-1,0,-1,0,5,15,1,1,1,4,0,13,2,3,-1,-1,3,1,0,1
2023221356067,2023,221356067,349308,311917,-2.751628,52.70254,22,3,1,1,19/09/2023,3,08:30,-1,E06000051,E06000051,E06000051,6,0,6,30,3,13,4,6,0,0,8,17,1,1,2,4,0,13,1,3,2,E01028938,3,1,0,1
2023201284301,2023,201284301,389681,285557,-2.153324,52.467854,20,3,1,1,09/01/2023,2,15:35,-1,E08000027,E08000027,E08000027,3,461,6,30,6,16,2,3,4102,0,0,0,1,1,1,4,0,13,1,2,2,E01009721,3,1,0,1
2023010420140,2023,010420140,532574,165429,-0.096741,51.372452,1,2,1,1,07/01/2023,7,16:41,-1,E09000008,E09000008,E09000008,5,0,3,30,5,0,4,5,0,0,0,0,4,2,2,4,0,13,1,1,2,E01001045,-1,0,1,0
2023421294353,2023,421294353,568979,189373,0.437268,51.577894,42,3,2,1,28/03/2023,3,17:26,-1,E07000066,E10000012,E10000012,4,148,6,30,0,0,-1,0,-1,0,0,0,1,1,2,4,0,13,1,3,2,E01021279,3,1,0,1
2023041325973,2023,041325973,341754,409163,-2.881118,53.575817,4,3,2,1,04/07/2023,3,07:00,-1,E07000127,E10000017,E10000017,3,59,6,20,3,13,4,6,0,0,0,0,1,1,2,4,0,13,1,1,2,E01025516,3,1,0,1
2023471323436,2023,471323436,494531,99863,-0.660229,50.79064,47,3,2,1,27/06/2023,3,22:30,-1,E07000224,E10000032,E10000032,4,2259,6,40,0,0,-1,0,-1,2,5,12,4,1,1,4,0,13,2,1,2,E01031431,3,1,0,1
2023471374946,2023,471374946,526702,137157,-0.191052,51.119701,47,2,1,2,15/11/2023,4,08:02,-1,E07000226,E10000032,E10000032,6,0,6,30,9,19,2,6,0,0,4,14,1,1,2,4,2,13,1,1,2,E01031610,5,1,1,0
2023991345106,2023,991345106,324529,689280,-3.214507,56.090332,99,2,3,2,24/08/2023,5,11:40,-1,S12000047,S12000047,S12000047,4,9157,6,60,0,0,-1,0,-1,0,0,0,1,1,1,4,0,13,2,1,-1,-1,5,1,1,0
2023010475328,2023,010475328,527789,179690,-0.160304,51.50171,1,2,1,1,01/11/2023,4,14:08,-1,E09000020,E09000020,E09000020,3,3216,2,20,3,13,2,3,4,0,5,15,1,1,2,4,2,13,1,1,2,E01002818,-1,0,1,0
2023361268656,2023,361268656,612959,279122,1.126715,52.36874,36,3,2,1,09/01/2023,2,07:30,-1,E07000149,E10000020,E10000020,3,1066,6,30,6,16,4,4,1077,0,8,17,1,1,1,4,0,13,1,1,2,E01033539,3,1,0,1
2023991346554,2023,991346554,322865,673249,-3.236632,55.946067,99,3,2,1,25/08/2023,6,07:40,-1,S12000036,S12000036,S12000036,3,8,6,30,7,17,4,6,0,0,0,0,1,1,1,4,0,13,1,2,-1,-1,3,1,0,1
2023332301108,2023,332301108,458017,301703,-1.144649,52.610018,33,2,2,1,09/11/2023,5,16:00,-1,E06000016,E06000016,E06000016,3,426,6,30,3,13,4,6,0,0,4,14,1,1,1,4,0,13,1,1,2,E01013613,-1,0,1,0
2023201340466,2023,201340466,413054,290097,-1.809096,52.508614,20,3,2,2,10/08/2023,5,23:00,-1,E08000025,E08000025,E08000025,1,6,3,70,0,0,-1,0,-1,0,0,0,4,1,1,4,0,13,1,1,1,E01009079,3,1,0,1
2023010449178,2023,010449178,528082,181458,-0.155444,51.517533,1,3,1,1,15/06/2023,5,12:00,-1,E09000033,E09000033,E09000033,3,41,2,20,6,16,2,5,0,0,0,0,1,1,1,4,9,13,1,3,2,E01004714,-1,0,0,1
2023361367797,2023,361367797,620644,303212,1.255339,52.581922,36,3,2,2,27/10/2023,6,19:02,-1,E07000149,E10000020,E10000020,4,1113,6,40,0,0,-1,0,-1,0,0,0,6,1,2,4,0,13,2,1,2,E01026914,3,1,0,1
2023451306391,2023,451306391,509429,158402,-0.431267,51.314218,45,3,3,1,11/05/2023,5,18:06,-1,E07000207,E10000030,E10000030,1,25,3,70,0,0,-1,0,-1,0,0,0,1,2,2,4,0,13,2,1,1,E01030302,3,1,0,1
2023471302833,2023,471302833,530599,108779,-0.145596,50.863779,47,2,2,1,27/04/2023,5,15:00,-1,E06000043,E06000043,E06000043,6,0,6,30,3,13,2,6,0,0,0,0,1,1,1,4,0,13,1,3,2,E01016924,7,1,1,0
2023430020557,2023,430020557,486149,196653,-0.755877,51.662068,43,2,1,1,14/01/2023,7,15:10,-1,E06000060,E06000060,E06000060,5,0,6,30,3,13,4,6,0,0,0,0,1,1,2,4,0,13,1,1,2,E01017870,-1,0,1,0
2023411388556,2023,411388556,530398,202426,-0.114291,51.705431,41,3,1,1,23/03/2023,5,13:33,-1,E07000241,E10000015,E10000015,4,156,6,30,0,0,-1,0,-1,0,0,0,1,1,1,4,0,13,2,1,2,E01023948,3,1,0,1
2023320474984,2023,320474984,506661,345334,-0.412296,52.994726,32,3,1,1,01/08/2023,3,09:40,-1,E07000139,E10000019,E10000019,6,0,6,30,3,13,4,4,1517,0,0,0,1,1,1,4,0,13,1,1,2,E01026227,-1,0,0.07656,0.92344
2023131309380,2023,131309380,433353,420585,-1.496525,53.68067,13,3,2,1,19/05/2023,6,17:45,-1,E08000036,E08000036,E08000036,6,0,6,30,3,13,2,6,0,0,0,0,1,1,1,4,0,13,1,1,2,E01011916,3,1,0,1
2023010419412,2023,010419412,515090,191271,-0.339389,51.608522,1,3,1,1,03/01/2023,3,06:20,-1,E09000015,E09000015,E09000015,3,409,6,30,9,19,4,6,0,0,1,13,4,8,2,4,2,13,1,1,2,E01002142,-1,0,0,1
2023010447188,2023,010447188,542045,183720,0.046574,51.534523,1,3,2,2,05/06/2023,2,15:15,-1,E09000025,E09000025,E09000025,4,109,6,20,9,19,9,6,0,0,0,0,1,1,1,4,2,13,1,3,2,E01003524,-1,0,0,1
2023361334648,2023,361334648,585942,309850,0.747557,52.654493,36,3,2,2,29/07/2023,7,13:21,-1,E07000143,E10000020,E10000020,6,0,6,60,3,13,4,3,47,0,0,0,1,1,1,4,0,13,2,1,2,E01026445,3,1,0,1
2023010434729,2023,010434729,528463,177915,-0.151245,51.485606,1,3,2,1,28/03/2023,3,18:30,-1,E09000020,E09000020,E09000020,3,3212,6,20,0,0,-1,0,-1,0,5,15,1,1,1,4,0,13,2,1,2,E01002901,-1,0,0,1
2023371310516,2023,371310516,597778,263074,0.894627,52.230335,37,3,2,1,23/05/2023,3,08:20,-1,E07000203,E10000029,E10000029,3,14,3,70,0,0,-1,0,-1,0,0,0,1,1,1,4,0,13,2,1,1,E01030049,3,1,0,1
2023610028723,2023,610028723,332855,187550,-2.970464,51.582792,61,3,2,1,05/07/2023,4,13:00,-1,W06000022,W06000022,W06000022,6,0,6,30,6,16,4,6,0,0,0,0,1,1,1,4,0,13,1,2,-1,W01001644,-1,0,0.05701,0.94299
2023131359928,2023,131359928,416921,424025,-1.745108,53.712375,13,3,2,3,04/10/2023,4,20:22,-1,E08000033,E08000033,E08000033,1,62,3,70,0,0,-1,0,-1,0,0,0,4,1,1,4,0,13,2,1,1,E01010879,3,1,0,1
2023501282394,2023,501282394,177125,45451,-5.128752,50.266876,50,2,2,2,02/03/2023,5,12:14,-1,E06000052,E06000052,E06000052,3,390,6,30,0,0,-1,0,-1,0,0,0,1,1,1,4,0,13,2,1,2,E01018819,6,1,1,0
2023141350522,2023,141350522,454315,407045,-1.181554,53.557228,14,3,3,3,08/09/2023,6,14:40,-1,E08000017,E08000017,E08000017,3,638,1,50,9,19,4,3,638,0,0,0,1,1,1,4,0,13,2,1,2,E01007507,3,1,0,1
2023201290849,2023,201290849,396991,289432,-2.045757,52.50278,20,3,1,1,23/02/2023,5,21:00,-1,E08000028,E08000028,E08000028,6,0,6,30,6,16,4,6,0,0,0,0,4,1,1,4,2,13,1,1,2,E01010077,3,1,0,1
2023201297451,2023,201297451,425738,282496,-1.622802,52.439834,20,3,3,1,14/03/2023,3,07:03,-1,E08000029,E08000029,E08000029,3,45,3,40,0,0,-1,0,-1,0,0,0,1,3,2,4,0,13,2,1,2,E01010164,3,1,0,1
2023221321641,2023,221321641,393435,281646,-2.097987,52.432753,22,2,3,1,21/06/2023,4,16:30,-1,E07000234,E10000034,E10000034,3,456,3,60,0,0,-1,0,-1,0,0,0,1,1,1,4,0,13,2,1,2,E01032141,6,1,1,0
2023332300051,2023,332300051,458170,303787,-1.142024,52.628734,33,3,2,1,19/01/2023,5,14:11,-1,E06000016,E06000016,E06000016,6,0,6,30,3,13,4,6,0,0,0,0,1,1,2,4,0,13,1,1,2,E01032875,-1,0,0.05376,0.94624
2023131359082,2023,131359082,410837,421524,-1.837373,53.690057,13,2,3,2,03/10/2023,3,16:35,-1,E08000033,E08000033,E08000033,3,629,3,50,0,0,-1,0,-1,0,0,0,1,2,2,4,0,13,1,1,2,E01010889,6,1,1,0
2023010452786,2023,010452786,528522,184647,-0.147943,51.546092,1,3,2,1,02/07/2023,1,18:09,-1,E09000007,E09000007,E09000007,5,0,6,20,9,19,4,6,0,0,1,13,1,1,1,4,0,13,1,1,2,E01000904,-1,0,0,1
2023531288324,2023,531288324,387123,220927,-2.188502,51.886751,53,3,3,2,19/03/2023,1,10:15,-1,E07000083,E10000013,E10000013,4,4063,6,30,0,0,-1,0,-1,0,1,13,1,1,1,4,0,13,1,1,2,E01022428,3,1,0,1
2023421320695,2023,421320695,577705,221940,0.57967,51.867731,42,3,2,1,20/06/2023,3,08:30,-1,E07000067,E10000012,E10000012,3,120,3,70,0,0,-1,0,-1,0,0,0,1,2,2,4,0,13,1,1,1,E01021380,3,1,0,1
2023461373812,2023,461373812,625733,165007,1.239553,51.339311,46,3,3,2,05/11/2023,1,14:01,-1,E07000114,E10000016,E10000016,3,28,6,30,1,0,4,6,0,0,0,0,1,1,1,4,3,13,2,3,2,E01024703,3,1,0,1
2023161350746,2023,161350746,477363,412612,-0.83232,53.60437,16,3,2,1,09/09/2023,7,12:30,-1,E06000013,E06000013,E06000013,3,161,6,30,9,19,4,6,0,0,0,0,1,8,1,4,0,13,2,1,2,E01013248,3,1,0,1
2023061268555,2023,061268555,382793,401112,-2.260906,53.506413,6,3,2,1,26/01/2023,5,18:05,-1,E08000006,E08000006,E08000006,3,56,6,30,0,0,-1,0,-1,0,0,0,4,1,2,4,0,13,1,1,2,E01005612,3,1,0,1
2023201370082,2023,201370082,408084,286283,-1.882414,52.474422,20,3,2,1,12/07/2023,4,00:43,-1,E08000025,E08000025,E08000025,4,4100,3,20,3,13,2,6,0,0,0,0,4,1,1,4,0,13,1,1,2,E01009200,3,1,0,1
2023010452532,2023,010452532,531367,193347,-0.103686,51.623619,1,3,2,2,01/07/2023,7,08:11,-1,E09000010,E09000010,E09000010,3,105,6,30,6,16,2,3,111,0,4,14,1,1,1,4,0,13,1,1,2,E01001495,-1,0,0,1
2023451342904,2023,451342904,508937,158682,-0.438238,51.31683,45,3,4,1,16/08/2023,4,12:00,-1,E07000207,E10000030,E10000030,1,25,3,50,0,0,-1,0,-1,0,0,0,1,1,1,4,0,13,2,1,1,E01030302,3,1,0,1
2023440438239,2023,440438239,445146,111821,-1.359325,50.904106,44,3,2,2,26/10/2023,5,09:53,-1,E06000045,E06000045,E06000045,6,0,6,30,6,16,4,6,0,0,1,13,1,1,2,4,0,13,1,1,2,E01017261,-1,0,0,1
2023201377317,2023,201377317,410260,283915,-1.85045,52.453098,20,3,2,2,20/06/2023,3,15:14,-1,E08000025,E08000025,E08000025,3,41,6,30,3,13,4,6,0,0,0,0,1,1,1,4,0,13,1,1,2,E01009340,3,1,0,1
2023122300825,2023,122300825,452750,426305,-1.201915,53.730483,12,3,2,1,25/06/2023,1,15:30,-1,E06000065,E06000065,E06000065,6,0,6,60,0,0,-1,0,-1,0,0,0,1,1,1,4,0,13,2,1,2,E01027891,-1,0,0.09954,0.90046
2023201343467,2023,201343467,416307,290741,-1.761137,52.514317,20,3,2,1,29/05/2023,2,14:15,-1,E08000029,E08000029,E08000029,1,6,3,70,0,0,-1,0,-1,0,0,0,1,1,1,4,0,13,2,1,1,E01010120,3,1,0,1
2023421285734,2023,421285734,542944,197094,0.064971,51.654468,42,3,2,2,11/03/2023,7,16:34,-1,E07000072,E10000012,E10000012,3,121,6,30,0,0,-1,0,-1,0,0,0,1,1,2,4,0,13,1,1,2,E01021787,3,1,0,1
2023531342136,2023,531342136,386613,209688,-2.195474,51.78569,53,3,2,2,16/08/2023,4,06:30,-1,E07000082,E10000013,E10000013,3,46,6,30,0,0,-1,0,-1,0,0,0,1,1,1,4,0,13,2,1,2,E01022390,3,1,0,1
2023461270689,2023,461270689,603510,140842,0.907237,51.130687,46,2,2,2,27/01/2023,6,06:50,-1,E07000105,E10000016,E10000016,3,2070,3,40,3,13,2,6,0,0,4,14,1,1,1,4,0,13,2,1,1,E01023996,7,1,1,0
2023471265996,2023,471265996,522580,122685,-0.254815,50.990523,47,3,1,1,19/01/2023,5,20:10,-1,E07000227,E10000032,E10000032,3,272,6,60,0,0,-1,0,-1,0,0,0,6,1,4,4,0,13,2,1,2,E01031634,3,1,0,1
2023161391857,2023,161391857,476263,427935,-0.845181,53.742228,16,3,2,1,23/12/2023,7,20:35,-1,E06000011,E06000011,E06000011,1,62,3,70,0,0,-1,0,-1,0,0,0,6,1,1,4,0,13,2,1,1,E01013020,3,1,0,1
2023031363548,2023,031363548,353105,481982,-2.720893,54.231388,3,2,1,1,12/10/2023,5,01:05,-1,E06000064,E06000064,E06000064,1,6,3,70,0,0,-1,0,-1,0,0,0,7,1,1,4,0,13,2,1,1,E01019343,7,1,1,0
2023131274884,2023,131274884,428754,433242,-1.564977,53.794701,13,2,2,1,09/02/2023,5,17:30,-1,E08000035,E08000035,E08000035,3,58,6,40,0,0,-1,0,-1,0,0,0,7,1,1,4,0,13,1,1,2,E01033013,7,1,1,0
2023320720377,2023,320720377,553894,362347,0.299036,53.136062,32,3,2,1,21/11/2023,3,17:00,-1,E07000137,E10000019,E10000019,3,52,6,50,0,0,-1,0,-1,0,0,0,5,1,2,4,0,13,2,1,2,E01026056,-1,0,0.05199,0.94801
2023401279739,2023,401279739,493149,223427,-0.647526,51.901611,40,3,2,2,07/02/2023,3,17:13,-1,E06000056,E06000056,E06000056,3,505,6,40,0,0,-1,0,-1,0,0,0,6,1,2,4,0,13,2,1,2,E01033193,3,1,0,1
2023010424696,2023,010424696,527841,197049,-0.153242,51.657698,1,3,2,1,01/02/2023,4,11:30,-1,E09000010,E09000010,E09000010,3,111,6,30,3,13,4,6,0,0,0,0,1,1,1,4,0,13,1,1,2,E01001415,-1,0,0,1
2023010456200,2023,010456200,517582,174390,-0.30905,51.45629,1,3,1,1,19/07/2023,4,23:00,-1,E09000027,E09000027,E09000027,3,305,6,20,3,13,4,3,305,0,4,14,4,8,2,4,2,13,1,1,2,E01003893,-1,0,0,1
2023010466411,2023,010466411,527318,182677,-0.166009,51.52866,1,3,1,1,16/09/2023,7,13:35,-1,E09000033,E09000033,E09000033,3,41,6,20,0,0,-1,0,-1,0,5,15,1,1,1,4,0,13,1,1,2,E01004725,-1,0,0,1
2023461317934,2023,461317934,584847,161434,0.651433,51.321974,46,1,1,1,12/06/2023,2,04:22,-1,E07000110,E10000016,E10000016,3,249,3,70,0,0,-1,0,-1,0,0,0,1,1,1,4,0,13,2,1,2,E01024387,1,1,0,0
2023320372400,2023,320372400,510586,319921,-0.362469,52.765579,32,3,2,2,18/06/2023,1,02:15,-1,E07000141,E10000019,E10000019,4,1193,6,30,3,13,4,6,0,0,0,0,5,1,1,4,0,13,1,1,2,E01026298,-1,0,0.08878,0.91122
2023131381917,2023,131381917,428983,431703,-1.561645,53.780856,13,3,1,1,26/11/2023,1,17:20,-1,E08000035,E08000035,E08000035,1,621,3,50,0,0,-1,0,-1,0,0,0,4,1,1,4,0,13,1,1,1,E01011366,3,1,0,1
2023010425130,2023,010425130,532674,182458,-0.088925,51.52546,1,3,2,1,03/02/2023,6,08:30,-1,E09000019,E09000019,E09000019,3,5201,2,20,3,13,4,6,0,9,1,13,1,1,1,4,9,13,1,3,2,E01002704,-1,0,0,1
2023440450872,2023,440450872,438491,109626,-1.454195,50.884849,44,3,1,1,04/11/2023,7,05:49,-1,E07000091,E10000014,E10000014,3,326,6,60,0,0,-1,0,-1,0,0,0,6,2,2,4,0,13,2,1,2,E01023050,-1,0,0,1
2023631387471,2023,631387471,197326,205214,-4.934883,51.708958,63,3,2,1,10/12/2023,1,17:45,-1,W06000009,W06000009,W06000009,3,477,6,60,0,0,-1,0,-1,0,0,0,6,5,2,4,0,13,2,1,-1,W01000554,3,1,0,1
2023340WN4962,2023,340WN4962,459277,260674,-1.133306,52.241072,34,3,3,2,05/09/2023,3,20:20,-1,E06000062,E06000062,E06000062,3,45,6,60,0,0,-1,0,-1,0,0,0,6,1,1,4,2,13,2,1,2,E01026993,-1,0,0,1
2023061268470,2023,061268470,386451,408384,-2.206071,53.571884,6,3,3,2,26/01/2023,5,11:04,-1,E08000005,E08000005,E08000005,3,6046,6,40,0,0,-1,0,-1,0,0,0,1,1,1,4,0,13,2,1,2,E01005554,3,1,0,1
2023052300842,2023,052300842,334958,399287,-2.981681,53.486261,5,1,1,1,13/04/2023,5,21:05,-1,E08000014,E08000014,E08000014,6,0,6,20,2,0,4,6,0,0,0,0,4,1,1,4,0,13,1,1,2,E01007090,-1,0,0,0
2023201297372,2023,201297372,390978,297821,-2.13457,52.578129,20,3,2,1,20/03/2023,2,11:50,-1,E08000031,E08000031,E08000031,3,449,3,40,9,19,2,6,0,0,5,15,1,1,1,4,0,13,1,3,2,E01010463,3,1,0,1
2023131290539,2023,131290539,415453,432025,-1.766953,53.784324,13,2,4,1,25/03/2023,7,21:32,-1,E08000032,E08000032,E08000032,6,0,6,30,0,0,-1,0,-1,0,0,0,4,1,2,4,0,13,1,1,2,E01010731,7,1,1,0
2023101325046,2023,101325046,426371,557681,-1.590179,54.913147,10,3,2,3,29/06/2023,5,15:35,-1,E08000037,E08000037,E08000037,3,1,3,50,0,0,-1,0,-1,0,0,0,1,1,1,4,0,13,2,3,1,E01008224,3,1,0,1
2023010433275,2023,010433275,533546,185115,-0.075356,51.549132,1,3,1,1,20/03/2023,2,18:20,-1,E09000012,E09000012,E09000012,3,10,3,20,0,0,-1,0,-1,2,4,12,5,2,2,4,2,13,1,1,2,E01033699,-1,0,0,1
2023622300318,2023,622300318,304334,208546,-3.38774,51.767391,62,3,1,1,27/01/2023,6,21:27,-1,W06000024,W06000024,W06000024,6,0,6,30,0,0,-1,0,-1,0,0,0,4,1,2,4,0,13,1,1,-1,W01001299,-1,0,0.03289,0.96711
2023430343808,2023,430343808,473175,208662,-0.940896,51.77186,43,3,1,1,02/08/2023,4,15:37,-1,E06000060,E06000060,E06000060,6,0,6,30,0,0,-1,0,-1,0,0,0,1,2,2,4,0,13,2,1,2,E01017675,-1,0,0.02775,0.97225
2023010460924,2023,010460924,543332,186252,0.066148,51.55695,1,3,1,1,16/08/2023,4,18:45,-1,E09000026,E09000026,E09000026,3,118,6,30,3,13,2,6,0,9,5,15,1,1,1,4,9,13,1,3,2,E01003728,-1,0,0,1
2023041363067,2023,041363067,353745,429537,-2.703086,53.760125,4,2,1,1,14/10/2023,7,20:25,-1,E07000123,E10000017,E10000017,3,583,6,30,9,19,4,3,59,0,4,14,4,1,1,4,6,13,1,1,2,E01033223,7,1,1,0
2023371360542,2023,371360542,618260,244853,1.182372,52.059044,37,3,3,1,07/10/2023,7,14:52,-1,E07000202,E10000029,E10000029,6,0,6,30,6,16,2,6,0,0,5,15,1,1,1,4,0,13,1,1,2,E01029958,3,1,0,1
2023991315951,2023,991315951,299960,680970,-3.606106,56.011185,99,3,2,1,30/05/2023,3,20:00,-1,S12000014,S12000014,S12000014,6,0,6,30,6,16,4,6,0,0,0,0,1,1,1,4,0,13,1,1,-1,-1,3,1,0,1
2023141319548,2023,141319548,439991,390692,-1.399845,53.411532,14,3,2,1,16/06/2023,6,09:40,-1,E08000019,E08000019,E08000039,1,1,3,70,0,0,-1,0,-1,0,0,0,1,1,1,4,0,13,1,1,1,E01007913,3,1,0,1
2023481387644,2023,481387644,532491,181149,-0.092053,51.51374,48,2,1,1,03/10/2023,3,17:42,-1,E09000001,E09000001,E09000001,6,0,6,20,3,13,4,6,0,0,5,15,1,1,1,4,0,13,1,1,2,E01032739,7,1,1,0
2023440417222,2023,440417222,436975,111933,-1.475512,50.905693,44,3,2,1,11/10/2023,4,22:50,-1,E07000091,E10000014,E10000014,6,0,6,60,0,0,-1,0,-1,0,0,0,6,2,2,4,0,13,2,1,2,E01023085,-1,0,0,1
2023041311637,2023,041311637,345333,430979,-2.830924,53.772268,4,2,2,1,25/05/2023,5,08:15,-1,E07000119,E10000017,E10000017,6,0,6,50,6,16,4,3,583,0,0,0,1,1,1,4,2,13,2,1,2,E01025015,6,1,1,0
2023320088393,2023,320088393,497362,370663,-0.54312,53.224104,32,3,2,1,10/02/2023,6,15:50,-1,E07000138,E10000019,E10000019,6,0,6,30,3,13,4,6,0,0,0,0,1,1,1,4,6,13,1,2,2,E01026176,-1,0,0.00821,0.99179
2023010434387,2023,010434387,542621,177557,0.052383,51.478999,1,3,3,6,27/03/2023,2,04:37,-1,E09000011,E09000011,E09000011,6,0,6,20,3,13,2,6,0,0,0,0,4,1,1,4,2,13,1,1,2,E01001701,-1,0,0,1
2023041361730,2023,041361730,384907,434214,-2.230653,53.804003,4,2,1,1,11/10/2023,4,11:40,-1,E07000117,E10000017,E10000017,6,0,6,30,0,0,-1,0,-1,0,0,0,1,5,2,4,0,13,1,1,2,E01024895,7,1,1,0
2023991340292,2023,991340292,259707,665341,-4.243112,55.860777,99,1,1,1,05/08/2023,7,22:38,-1,S12000049,S12000049,S12000049,6,0,6,20,3,13,4,6,0,0,4,14,4,1,1,4,0,13,1,1,-1,-1,1,1,0,0
2023430334851,2023,430334851,470292,173454,-0.989722,51.455713,43,3,1,1,27/07/2023,5,17:25,-1,E06000038,E06000038,E06000038,3,329,6,30,0,0,-1,0,-1,0,4,14,1,1,1,4,0,13,1,3,2,E01016358,-1,0,0.0285,0.9715
2023501350570,2023,501350570,175022,47349,-5.159343,50.283122,50,3,2,2,09/09/2023,7,01:30,-1,E06000052,E06000052,E06000052,3,3075,6,30,1,0,4,3,3075,0,0,0,6,1,1,4,0,13,2,1,2,E01018843,3,1,0,1
2023201400129,2023,201400129,414646,290234,-1.785635,52.509806,20,2,1,1,21/08/2023,2,14:21,-1,E08000025,E08000025,E08000025,1,6,3,50,0,0,-1,0,-1,0,0,0,1,1,1,4,0,13,2,1,1,E01009441,6,1,1,0
2023201363299,2023,201363299,397290,299565,-2.041439,52.593876,20,3,1,1,09/08/2023,4,11:15,-1,E08000030,E08000030,E08000030,3,462,6,30,2,0,4,6,0,0,4,14,1,1,1,4,0,13,1,3,2,E01010376,3,1,0,1
2023010429096,2023,010429096,512202,184127,-0.383356,51.544896,1,3,3,2,25/02/2023,7,12:43,-1,E09000009,E09000009,E09000009,3,40,3,30,5,0,4,6,0,0,0,0,1,1,1,4,0,13,1,3,2,E01001320,-1,0,0,1
2023010479751,2023,010479751,529458,180596,-0.13594,51.509473,1,3,1,1,23/11/2023,5,13:00,-1,E09000033,E09000033,E09000033,3,4,3,30,3,13,2,6,0,9,5,15,1,1,1,4,0,13,1,3,2,E01033595,-1,0,0,1
2023041319159,2023,041319159,354005,426248,-2.698652,53.730588,4,3,2,1,13/06/2023,3,19:42,-1,E07000126,E10000017,E10000017,4,5254,6,30,9,19,4,6,0,0,0,0,1,1,1,4,0,13,1,2,2,E01025411,3,1,0,1
2023471375480,2023,471375480,526565,134507,-0.193937,51.095914,47,3,2,3,16/11/2023,5,19:30,-1,E07000226,E10000032,E10000032,3,23,3,50,0,0,-1,0,-1,0,0,0,7,2,2,4,0,13,2,1,2,E01031606,3,1,0,1
2023131329183,2023,131329183,413108,435611,-1.802391,53.816619,13,3,4,2,13/07/2023,5,19:05,-1,E08000032,E08000032,E08000032,4,6269,6,30,8,18,4,6,0,0,0,0,1,1,1,4,0,13,1,1,2,E01010677,3,1,0,1
2023010462233,2023,010462233,520854,183947,-0.258709,51.541493,1,2,2,1,24/08/2023,5,19:39,-1,E09000005,E09000005,E09000005,3,404,6,30,7,17,2,5,0,0,5,15,4,1,1,4,0,13,1,1,2,E01000595,-1,0,1,0
2023010463394,2023,010463394,531767,182108,-0.102123,51.522527,1,3,2,1,31/08/2023,5,18:00,-1,E09000019,E09000019,E09000019,4,501,6,20,6,16,2,3,5201,0,5,15,1,1,1,4,0,13,1,3,2,E01002724,-1,0,0,1
2023010474619,2023,010474619,539171,183002,0.004882,51.528786,1,3,2,1,29/10/2023,1,01:04,-1,E09000025,E09000025,E09000025,3,1011,6,30,0,0,-1,0,-1,9,9,99,5,1,2,4,0,13,1,3,2,E01003631,-1,0,0,1
2023010463682,2023,010463682,537894,180254,-0.014589,51.504406,1,3,2,1,23/02/2023,5,00:00,-1,E09000030,E09000030,E09000030,6,0,2,20,0,0,-1,0,-1,9,5,15,4,8,1,4,9,13,1,3,2,E01032780,-1,0,0,1
2023421303067,2023,421303067,538581,200513,0.003297,51.686282,42,3,1,1,02/05/2023,3,20:20,-1,E07000072,E10000012,E10000012,6,0,6,30,3,13,4,6,0,0,0,0,4,1,1,4,2,13,1,1,2,E01021818,3,1,0,1
2023451298029,2023,451298029,506898,157996,-0.46769,51.31105,45,3,2,3,18/04/2023,3,06:54,-1,E07000209,E10000030,E10000030,3,3,3,70,0,0,-1,0,-1,0,0,0,1,1,1,4,0,13,2,1,1,E01030458,3,1,0,1
2023231268721,2023,231268721,417667,292917,-1.740982,52.533836,23,3,2,1,20/01/2023,6,16:07,-1,E07000218,E10000031,E10000031,3,4097,6,50,0,0,-1,0,-1,0,0,0,1,1,2,4,0,13,2,1,2,E01031023,3,1,0,1
2023231327024,2023,231327024,433067,265226,-1.516687,52.284187,23,3,2,1,05/07/2023,4,09:55,-1,E07000222,E10000031,E10000031,6,0,6,30,0,0,-1,0,-1,0,0,0,1,1,1,4,0,13,1,3,2,E01031337,3,1,0,1
2023522401263,2023,522401263,367258,170648,-2.472396,51.43388,52,2,2,4,23/09/2023,7,23:41,-1,E06000025,E06000025,E06000025,3,4175,6,30,3,13,2,6,0,0,5,15,4,1,1,4,0,13,1,1,2,E01014866,-1,0,1,0
2023101289964,2023,101289964,425045,564106,-1.610304,54.97095,10,2,1,1,18/03/2023,7,01:52,-1,E08000021,E08000021,E08000021,3,186,9,30,3,13,2,6,0,0,0,0,7,1,1,4,0,13,1,1,2,E01033543,7,1,1,0
2023010473982,2023,010473982,537552,190545,-0.015493,51.596964,1,3,2,1,25/10/2023,4,16:06,-1,E09000031,E09000031,E09000031,3,112,6,20,3,13,4,6,0,1,4,11,1,1,1,4,0,13,1,1,2,E01004342,-1,0,0,1
2023010444124,2023,010444124,525866,174687,-0.189776,51.45718,1,3,1,3,20/05/2023,7,12:12,-1,E09000032,E09000032,E09000032,3,3,9,20,99,-1,2,3,3,9,5,15,1,9,9,4,9,13,1,3,2,E01004514,-1,0,0,1
2023170H10623,2023,170H10623,447930,532963,-1.257992,54.68944,17,3,2,1,17/06/2023,7,21:58,-1,E06000001,E06000001,E06000001,6,0,6,60,0,0,-1,0,-1,0,0,0,1,1,1,4,0,13,2,2,2,E01012003,-1,0,0.02056,0.97944
2023522400679,2023,522400679,359008,172903,-2.591331,51.453617,52,3,2,1,23/11/2023,5,12:00,-1,E06000023,E06000023,E06000023,4,4053,6,20,0,0,-1,0,-1,0,5,15,1,1,1,4,0,13,1,3,2,E01033355,-1,0,0.1199,0.8801
2023371305694,2023,371305694,612144,245893,1.093945,52.070754,37,2,2,1,10/05/2023,4,08:51,-1,E07000203,E10000029,E10000029,4,1113,6,40,0,0,-1,0,-1,0,0,0,1,1,1,4,0,13,2,1,2,E01030042,6,1,1,0
2023451269001,2023,451269001,503646,171785,-0.510313,51.435595,45,3,2,1,27/01/2023,6,20:03,-1,E07000213,E10000030,E10000030,6,0,6,30,0,0,-1,0,-1,0,0,0,4,1,1,4,0,13,1,1,2,E01030736,3,1,0,1
2023451324606,2023,451324606,516824,149639,-0.32807,51.233988,45,3,2,1,30/06/2023,6,21:45,-1,E07000210,E10000030,E10000030,3,25,6,30,9,19,4,6,0,0,0,0,4,1,1,4,0,13,1,1,2,E01030532,3,1,0,1
2023471384476,2023,471384476,510184,104877,-0.436734,50.832951,47,3,2,2,07/12/2023,5,13:00,-1,E07000229,E10000032,E10000032,6,0,6,30,0,0,-1,0,-1,0,0,0,1,2,2,4,0,13,2,3,2,E01031819,3,1,0,1
2023061338736,2023,061338736,377717,393753,-2.336913,53.440077,6,3,4,1,04/08/2023,6,14:50,-1,E08000009,E08000009,E08000009,3,6144,6,40,0,0,-1,0,-1,0,0,0,1,1,1,4,0,13,2,1,2,E01006200,3,1,0,1
2023010476613,2023,010476613,530944,182064,-0.113995,51.522323,1,3,2,1,07/11/2023,3,09:50,-1,E09000007,E09000007,E09000007,3,5200,9,20,3,13,4,6,0,0,1,13,1,1,1,4,0,13,1,3,2,E01000920,-1,0,0,1
2023211295787,2023,211295787,421605,302791,-1.682288,52.622459,21,3,3,1,03/04/2023,2,17:00,-1,E07000199,E10000028,E10000028,3,5,3,70,0,0,-1,0,-1,0,0,0,1,1,1,4,0,13,1,1,1,E01029827,3,1,0,1
2023991295345,2023,991295345,306288,666923,-3.499767,55.886299,99,3,2,1,11/04/2023,3,08:55,-1,S12000040,S12000040,S12000040,3,899,3,50,0,0,-1,0,-1,0,0,0,1,1,1,4,0,13,1,1,-1,-1,3,1,0,1
2023122300543,2023,122300543,448645,425612,-1.26424,53.724653,12,3,1,1,08/03/2023,4,14:10,-1,E06000065,E06000065,E06000065,3,162,6,30,3,13,4,6,0,0,0,0,1,1,1,4,0,13,1,2,2,E01027892,-1,0,0.04223,0.95777
2023010437715,2023,010437715,523336,178576,-0.224815,51.492687,1,3,1,1,16/04/2023,1,16:45,-1,E09000013,E09000013,E09000013,3,219,2,20,3,13,4,6,0,9,9,99,1,1,1,4,9,13,1,3,2,E01001898,-1,0,0,1
2023041370393,2023,041370393,384367,432546,-2.238767,53.788995,4,3,2,1,03/11/2023,6,07:51,-1,E07000117,E10000017,E10000017,3,682,3,30,1,0,4,3,682,0,1,13,1,1,1,4,0,13,1,1,2,E01024877,3,1,0,1
2023170L10923,2023,170L10923,464937,519620,-0.997158,54.567647,17,2,3,1,18/08/2023,6,07:20,-1,E06000003,E06000003,E06000003,3,174,6,50,0,0,-1,0,-1,0,0,0,1,1,1,4,0,13,2,1,2,E01012163,-1,0,1,0
2023161351787,2023,161351787,487709,441778,-0.667748,53.864818,16,3,2,1,12/09/2023,3,16:10,-1,E06000011,E06000011,E06000011,6,0,6,30,9,19,4,6,0,0,1,13,1,2,2,4,2,13,2,1,2,E01013124,3,1,0,1
2023401344619,2023,401344619,508147,237683,-0.425134,52.027029,40,3,2,2,13/07/2023,5,12:15,-1,E06000056,E06000056,E06000056,3,6,6,30,3,13,4,6,0,0,0,0,1,1,1,4,0,13,2,1,2,E01017419,3,1,0,1
2023141292818,2023,141292818,437428,405625,-1.436626,53.545937,14,3,1,1,30/03/2023,5,15:07,-1,E08000016,E08000016,E08000038,3,635,3,40,0,0,-1,0,-1,0,0,0,1,1,1,4,0,13,1,1,2,E01007319,3,1,0,1
2023101277137,2023,101277137,436512,565882,-1.430961,54.986203,10,3,2,1,13/02/2023,2,12:20,-1,E08000023,E08000023,E08000023,4,1301,1,30,1,0,4,4,1298,0,0,0,1,1,1,4,0,13,1,3,2,E01008678,3,1,0,1
2023010454786,2023,010454786,524294,172493,-0.21316,51.437809,1,3,1,1,12/07/2023,4,12:50,-1,E09000024,E09000024,E09000024,5,0,6,20,7,17,1,6,0,0,4,14,1,1,1,4,0,13,1,1,2,E01003464,-1,0,0,1
2023010460792,2023,010460792,529040,180329,-0.142057,51.507169,1,3,2,1,14/08/2023,2,23:35,-1,E09000033,E09000033,E09000033,3,4,6,20,3,13,2,5,0,9,5,15,4,1,1,4,0,13,1,3,2,E01004736,-1,0,0,1
2023461375163,2023,461375163,616164,159076,1.098795,51.289775,46,3,2,1,08/11/2023,4,12:35,-1,E07000106,E10000016,E10000016,3,28,6,30,3,13,4,6,0,2,0,12,1,2,2,4,0,13,1,1,2,E01024090,3,1,0,1
2023320253565,2023,320253565,508792,320053,-0.389002,52.767129,32,3,2,1,27/04/2023,5,09:30,-1,E07000141,E10000019,E10000019,3,151,6,30,3,13,4,6,0,2,1,12,1,1,1,4,0,13,1,1,2,E01026301,-1,0,0.01391,0.98609
2023111332855,2023,111332855,431855,545987,-1.505925,54.807746,11,2,2,1,24/07/2023,2,10:10,-1,E06000047,E06000047,E06000047,3,690,3,50,9,19,4,6,0,0,0,0,1,1,1,4,0,13,2,1,2,E01020726,5,1,1,0
2023131280582,2023,131280582,439731,423773,-1.399562,53.708878,13,3,2,1,24/02/2023,6,16:03,-1,E08000036,E08000036,E08000036,1,62,3,70,0,0,-1,0,-1,0,0,0,1,9,1,4,0,13,1,2,1,E01011758,3,1,0,1
2023302300676,2023,302300676,434252,370322,-1.488371,53.228842,30,3,2,1,04/05/2023,5,16:15,-1,E07000038,E10000007,E10000007,6,0,6,30,0,0,-1,0,-1,0,0,0,1,9,1,4,0,13,1,1,2,E01019771,-1,0,0.05014,0.94986
2023461300621,2023,461300621,561273,142519,0.304917,51.159198,46,3,2,1,17/04/2023,2,07:30,-1,E07000116,E10000016,E10000016,3,21,3,50,0,0,-1,0,-1,0,0,0,1,1,1,4,0,13,2,3,1,E01024825,3,1,0,1
2023991264443,2023,991264443,275187,652977,-3.990283,55.754012,99,3,3,1,17/01/2023,3,09:20,-1,S12000029,S12000029,S12000029,4,7078,6,40,0,0,-1,0,-1,0,0,0,1,1,4,4,0,13,2,1,-1,-1,3,1,0,1
2023070454534,2023,070454534,355336,379873,-2.671849,53.313898,7,3,2,2,27/05/2023,7,13:30,-1,E06000006,E06000006,E06000006,3,56,6,30,1,0,4,3,533,0,0,0,1,1,1,4,0,13,2,2,2,E01012440,-1,0,0.0096,0.9904
2023501281020,2023,501281020,240485,60775,-4.247039,50.425113,50,3,2,1,15/02/2023,4,06:02,-1,E06000052,E06000052,E06000052,3,388,6,40,0,0,-1,0,-1,0,0,0,1,1,1,4,0,13,2,1,2,E01018787,3,1,0,1
2023031301592,2023,031301592,325886,525394,-3.149237,54.618233,3,3,2,1,27/04/2023,5,11:12,-1,E06000063,E06000063,E06000063,3,591,6,60,0,0,-1,0,-1,0,0,0,1,1,1,4,0,13,2,1,2,E01019083,3,1,0,1
2023010464708,2023,010464708,530085,159937,-0.134484,51.323671,1,3,2,1,07/09/2023,5,15:50,-1,E09000008,E09000008,E09000008,3,23,3,30,8,18,4,6,0,0,5,15,1,1,1,4,0,13,1,3,2,E01001023,-1,0,0,1
2023351340554,2023,351340554,521819,274779,-0.212638,52.357545,35,3,2,1,04/07/2023,3,17:20,-1,E07000011,E10000003,E10000003,6,0,6,30,0,0,-1,0,-1,0,0,0,1,2,2,4,0,13,2,1,2,E01033433,3,1,0,1
2023111369351,2023,111369351,420584,530388,-1.682373,54.668153,11,3,2,1,20/10/2023,6,14:20,-1,E06000047,E06000047,E06000047,3,689,6,50,0,0,-1,0,-1,0,0,0,1,2,2,4,0,13,2,3,2,E01020869,3,1,0,1
2023201262851,2023,201262851,407732,286399,-1.887593,52.47547,20,2,1,1,06/01/2023,6,11:30,-1,E08000025,E08000025,E08000025,4,4100,3,30,0,0,-1,0,-1,0,4,14,1,1,1,4,0,13,1,2,2,E01009200,7,1,1,0
2023451283175,2023,451283175,520807,160887,-0.267247,51.334253,45,3,1,1,05/03/2023,1,01:40,-1,E07000208,E10000030,E10000030,3,1,6,30,6,16,2,3,24,0,5,15,4,1,1,4,0,13,1,1,2,E01030411,3,1,0,1
2023451375256,2023,451375256,508369,159722,-0.446069,51.326286,45,3,2,2,14/11/2023,3,15:10,-1,E07000209,E10000030,E10000030,3,3,3,70,0,0,-1,0,-1,0,0,0,1,1,1,4,0,13,2,1,1,E01030458,3,1,0,1
2023991274034,2023,991274034,338411,672762,-2.987651,55.943939,99,2,2,1,07/02/2023,3,20:50,-1,S12000010,S12000010,S12000010,3,1,7,60,0,0,-1,0,-1,0,0,0,6,1,1,4,0,13,2,2,-1,-1,5,1,1,0
2023991327584,2023,991327584,357090,703780,-2.69361,56.224636,99,3,1,1,09/07/2023,1,01:46,-1,S12000047,S12000047,S12000047,6,0,6,20,3,13,4,6,0,0,0,0,4,2,2,4,2,13,1,1,-1,-1,3,1,0,1
2023161320535,2023,161320535,473674,425422,-0.885025,53.720017,16,2,2,1,20/06/2023,3,03:05,-1,E06000011,E06000011,E06000011,1,62,3,70,0,0,-1,0,-1,0,0,0,6,1,1,4,0,13,2,1,1,E01013074,7,1,1,0
2023141281386,2023,141281386,455654,403200,-1.162025,53.522532,14,3,2,1,27/02/2023,2,09:30,-1,E08000017,E08000017,E08000017,6,0,6,30,6,16,4,6,0,0,0,0,1,1,1,4,0,13,1,1,2,E01007585,3,1,0,1
2023451374958,2023,451374958,502844,171538,-0.521918,51.433521,45,2,2,1,15/11/2023,4,13:20,-1,E07000212,E10000030,E10000030,3,308,6,30,0,0,-1,0,-1,0,0,0,1,1,1,4,0,13,1,1,2,E01030666,7,1,1,0
2023131283064,2023,131283064,413851,416777,-1.791942,53.64732,13,2,1,1,04/03/2023,7,11:23,-1,E08000034,E08000034,E08000034,6,0,6,30,0,0,-1,0,-1,0,0,0,1,1,1,4,0,13,1,1,2,E01011232,7,1,1,0
2023010464869,2023,010464869,532210,182315,-0.095664,51.524284,1,3,2,1,08/09/2023,6,17:50,-1,E09000019,E09000019,E09000019,3,5201,2,20,6,16,2,5,0,0,5,15,1,1,1,4,0,13,1,1,2,E01002706,-1,0,0,1
2023461337742,2023,461337742,615210,157662,1.084283,51.27744,46,3,1,1,24/07/2023,2,15:53,-1,E07000106,E10000016,E10000016,3,28,3,30,0,0,-1,0,-1,0,5,15,1,2,2,4,0,13,1,1,2,E01032807,3,1,0,1
2023041260024,2023,041260024,340436,412083,-2.901578,53.601911,4,3,1,1,05/01/2023,5,09:20,-1,E07000127,E10000017,E10000017,4,5242,6,50,3,13,4,6,0,2,0,12,1,1,1,4,0,13,2,1,2,E01025515,3,1,0,1
2023340WN2862,2023,340WN2862,475104,247505,-0.904472,52.12077,34,3,2,1,03/06/2023,7,13:15,-1,E06000062,E06000062,E06000062,3,508,6,60,0,0,-1,0,-1,0,0,0,1,1,1,4,0,13,2,1,2,E01027284,-1,0,0,1
2023461270495,2023,461270495,593387,163019,0.774703,51.333372,46,3,3,1,28/01/2023,7,08:06,-1,E07000113,E10000016,E10000016,3,2,6,30,0,0,-1,0,-1,0,0,0,1,1,2,4,0,13,2,1,2,E01024624,3,1,0,1
2023361333778,2023,361333778,652038,305845,1.71973,52.591913,36,3,2,3,22/07/2023,7,15:41,-1,E07000145,E10000020,E10000020,3,47,3,50,0,0,-1,0,-1,0,0,0,1,2,2,4,0,13,1,1,1,E01026600,3,1,0,1
2023111301865,2023,111301865,425526,541101,-1.604816,54.764199,11,3,2,2,27/04/2023,5,15:20,-1,E06000047,E06000047,E06000047,3,690,6,50,9,19,4,6,0,0,0,0,1,1,1,4,0,13,2,3,2,E01020684,3,1,0,1
2023201289868,2023,201289868,410412,288732,-1.848065,52.496399,20,3,2,1,05/02/2023,1,02:09,-1,E08000025,E08000025,E08000025,4,4114,6,30,6,16,4,4,4516,0,4,14,4,1,2,4,0,13,1,1,2,E01009484,3,1,0,1
2023010460466,2023,010460466,529317,181603,-0.137602,51.518555,1,3,2,1,13/08/2023,1,19:40,-1,E09000033,E09000033,E09000033,4,506,2,20,3,13,2,6,0,0,5,15,1,1,1,4,0,13,1,3,2,E01004763,-1,0,0,1
2023320621980,2023,320621980,531081,341979,-0.050027,52.959173,32,3,2,1,03/10/2023,3,08:17,-1,E07000136,E10000019,E10000019,5,0,6,40,0,0,-1,0,-1,0,0,0,1,1,1,4,0,13,2,2,2,E01026039,-1,0,0.02285,0.97715
2023430181830,2023,430181830,466525,188189,-1.041152,51.588638,43,3,2,2,26/04/2023,4,15:58,-1,E07000179,E10000025,E10000025,3,4130,6,60,0,0,-1,0,-1,0,0,0,1,1,1,4,0,13,2,1,2,E01028620,-1,0,0.05158,0.94842
2023101274116,2023,101274116,425968,577214,-1.5947,55.08869,10,2,2,1,08/02/2023,4,13:46,-1,E06000057,E06000057,E06000057,6,0,6,30,3,13,4,6,0,0,0,0,1,1,1,4,0,13,2,1,2,E01027404,6,1,1,0
2023131352160,2023,131352160,416259,433319,-1.754652,53.79593,13,3,1,1,13/09/2023,4,14:00,-1,E08000032,E08000032,E08000032,6,0,6,20,3,13,4,6,0,0,0,0,1,1,1,4,0,13,1,2,2,E01033690,3,1,0,1
2023101289257,2023,101289257,425497,563328,-1.603313,54.963936,10,2,2,1,23/02/2023,5,16:18,-1,E08000037,E08000037,E08000037,6,0,6,20,7,17,2,6,0,0,5,15,1,1,1,4,0,13,1,1,2,E01008166,7,1,1,0
2023471319056,2023,471319056,580095,111309,0.558326,50.873223,47,3,2,1,08/06/2023,5,15:11,-1,E07000062,E10000011,E10000011,3,21,6,30,0,0,-1,0,-1,0,0,0,1,1,1,4,0,13,1,1,2,E01021010,3,1,0,1
2023461302784,2023,461302784,561161,142187,0.303168,51.156247,46,3,2,2,16/04/2023,1,19:14,-1,E07000116,E10000016,E10000016,3,21,3,50,0,0,-1,0,-1,0,0,0,1,1,1,4,0,13,2,1,1,E01024825,3,1,0,1
2023320108802,2023,320108802,489836,334337,-0.665936,52.89898,32,3,1,1,20/02/2023,2,20:45,-1,E07000141,E10000019,E10000019,3,1,3,70,5,0,4,3,607,0,0,0,6,1,1,4,0,13,2,1,1,E01026308,-1,0,0.05894,0.94106
2023522400796,2023,522400796,370595,172686,-2.424563,51.452388,52,3,2,2,23/10/2023,2,18:29,-1,E06000025,E06000025,E06000025,3,420,6,30,0,0,-1,0,-1,0,0,0,4,1,1,4,0,13,2,1,2,E01014870,-1,0,0.14624,0.85376
2023552400145,2023,552400145,405391,95333,-1.924937,50.75757,55,3,1,1,13/12/2023,4,08:18,-1,E06000058,E06000058,E06000058,6,0,6,30,0,0,-1,0,-1,0,0,0,1,1,1,4,0,13,1,2,2,E01015308,-1,0,0.08348,0.91652
2023052301009,2023,052301009,331322,387337,-3.033858,53.378403,5,3,2,1,05/05/2023,6,10:18,-1,E08000015,E08000015,E08000015,3,552,6,30,3,13,2,6,0,0,5,15,1,1,1,4,0,13,1,1,2,E01007244,-1,0,0.10598,0.89402
2023010469686,2023,010469686,526942,189425,-0.168992,51.589388,1,3,2,1,03/10/2023,3,10:18,-1,E09000003,E09000003,E09000003,3,504,6,30,3,13,4,6,0,0,0,0,1,1,1,4,0,13,1,1,2,E01000180,-1,0,0,1
2023010484608,2023,010484608,539342,179699,0.006041,51.499064,1,3,2,1,17/12/2023,1,20:18,-1,E09000011,E09000011,E09000011,6,0,6,20,0,0,-1,0,-1,0,0,0,4,1,1,4,0,13,1,3,2,E01001667,-1,0,0,1
2023010481088,2023,010481088,525151,182391,-0.197332,51.526574,1,2,2,1,30/11/2023,5,11:27,-1,E09000033,E09000033,E09000033,6,0,6,20,0,0,-1,0,-1,0,0,0,1,1,1,4,2,13,1,1,2,E01004678,-1,0,1,0
2023991272848,2023,991272848,289635,822583,-3.832284,57.280502,99,2,3,1,06/02/2023,2,06:02,-1,S12000017,S12000017,S12000017,3,9,6,60,0,0,-1,0,-1,0,0,0,6,1,1,4,0,13,2,1,-1,-1,6,1,1,0
2023101369609,2023,101369609,425015,564117,-1.610772,54.97105,10,2,1,1,19/10/2023,5,23:40,-1,E08000021,E08000021,E08000021,6,0,6,20,0,0,-1,0,-1,0,4,14,4,2,2,4,0,13,1,1,2,E01033543,7,1,1,0
2023010460158,2023,010460158,523396,192408,-0.219103,51.616983,1,3,2,1,11/08/2023,6,21:50,-1,E09000003,E09000003,E09000003,4,552,6,20,99,-1,9,6,0,9,9,99,4,1,1,4,0,13,1,3,2,E01000262,-1,0,0,1
2023010439027,2023,010439027,535432,186522,-0.047631,51.561326,1,3,2,1,23/04/2023,1,18:40,-1,E09000012,E09000012,E09000012,3,104,6,20,3,13,4,6,0,0,0,0,1,1,2,4,0,13,2,1,2,E01033705,-1,0,0,1
2023010470152,2023,010470152,556124,186931,0.250825,51.559658,1,3,1,1,05/10/2023,5,15:25,-1,E09000016,E09000016,E09000016,5,0,6,30,3,13,4,6,0,0,1,13,1,1,1,4,0,13,1,1,2,E01002257,-1,0,0,1
2023010475021,2023,010475021,531429,182063,-0.107008,51.522202,1,3,2,1,31/10/2023,3,05:20,-1,E09000019,E09000019,E09000019,3,201,6,20,6,16,2,3,5201,0,0,0,4,1,2,4,0,13,1,1,2,E01002724,-1,0,0,1
2023010475589,2023,010475589,521603,169998,-0.252711,51.415969,1,3,1,1,01/11/2023,4,18:40,-1,E09000021,E09000021,E09000021,3,238,6,30,3,13,2,3,3,9,8,17,4,2,2,4,9,13,1,3,2,E01002953,-1,0,0,1
2023010432278,2023,010432278,512087,184178,-0.384997,51.545377,1,3,2,1,15/03/2023,4,10:10,-1,E09000009,E09000009,E09000009,3,40,3,30,0,0,-1,0,-1,0,0,0,1,1,1,4,0,13,1,1,2,E01001326,-1,0,0,1
2023010446566,2023,010446566,527943,181374,-0.157476,51.516809,1,3,1,1,02/06/2023,6,13:55,-1,E09000033,E09000033,E09000033,3,41,6,20,6,16,2,5,0,0,0,0,1,1,1,4,0,13,1,1,2,E01004657,-1,0,0,1
2023041380072,2023,041380072,361302,430347,-2.588569,53.768022,4,3,4,2,28/11/2023,3,11:30,-1,E07000126,E10000017,E10000017,3,677,6,50,0,0,-1,0,-1,0,0,0,1,1,1,4,0,13,2,1,2,E01025456,3,1,0,1
2023320470558,2023,320470558,530231,394798,-0.041156,53.433888,32,2,2,2,30/07/2023,1,12:00,-1,E07000137,E10000019,E10000019,3,16,6,50,3,13,4,3,18,0,0,0,1,1,1,4,0,13,2,1,2,E01026080,-1,0,1,0
2023361394053,2023,361394053,602189,302171,0.982722,52.579746,36,3,1,1,14/12/2023,5,20:38,-1,E07000149,E10000020,E10000020,4,1108,6,20,0,0,-1,0,-1,0,0,0,6,1,2,4,0,13,2,1,2,E01026909,3,1,0,1
2023201450888,2023,201450888,390371,298799,-2.143556,52.58691,20,3,2,1,09/08/2023,4,12:55,-1,E08000031,E08000031,E08000031,3,41,6,30,3,13,4,6,0,0,8,17,1,1,1,4,0,13,1,2,2,E01010508,3,1,0,1
2023430251732,2023,430251732,445553,242173,-1.336753,52.076055,43,2,2,2,08/06/2023,5,14:37,-1,E07000177,E10000025,E10000025,3,423,6,40,3,13,2,6,0,0,5,15,1,1,1,4,0,13,2,1,2,E01028445,-1,0,1,0
2023211268604,2023,211268604,414323,310295,-1.789532,52.690157,21,2,2,1,27/01/2023,6,01:18,-1,E07000194,E10000028,E10000028,3,38,3,70,0,0,-1,0,-1,0,0,0,6,1,1,4,0,13,2,1,1,E01029530,7,1,1,0
2023311267679,2023,311267679,454223,340040,-1.194335,52.955005,31,3,2,1,24/01/2023,3,08:00,-1,E06000018,E06000018,E06000018,3,609,3,30,8,18,-1,6,0,0,5,15,1,1,1,4,0,13,1,3,2,E01013979,3,1,0,1
2023061359405,2023,061359405,379252,394440,-2.313851,53.446315,6,2,1,1,04/10/2023,4,10:35,-1,E08000009,E08000009,E08000009,3,5181,3,30,9,19,4,6,0,0,5,15,1,1,1,4,0,13,1,1,2,E01006181,7,1,1,0
2023131290096,2023,131290096,430690,436772,-1.535238,53.826317,13,3,2,1,16/03/2023,5,15:59,-1,E08000035,E08000035,E08000035,6,0,6,30,0,0,-1,0,-1,0,4,14,1,1,1,4,0,13,1,1,2,E01011352,3,1,0,1
2023010475466,2023,010475466,531431,182049,-0.106985,51.522075,1,3,2,5,02/11/2023,5,09:52,-1,E09000007,E09000007,E09000007,3,201,6,20,6,16,2,3,5201,2,5,12,1,2,2,4,2,13,1,1,2,E01000916,-1,0,0,1
2023351354747,2023,351354747,546048,260405,0.136669,52.222496,35,3,3,2,03/09/2023,1,16:30,-1,E07000008,E10000003,E10000003,3,1309,6,20,0,0,-1,0,-1,0,4,14,1,1,1,4,0,13,1,1,2,E01018006,3,1,0,1
2023440508098,2023,440508098,477511,156367,-0.889566,51.301161,44,3,4,4,13/12/2023,4,11:02,-1,E07000089,E10000014,E10000014,3,323,6,40,0,0,-1,0,-1,0,0,0,1,1,2,4,0,13,2,1,2,E01022879,-1,0,0,1
2023041338696,2023,041338696,352387,410009,-2.72068,53.584496,4,3,1,1,03/08/2023,5,11:17,-1,E07000127,E10000017,E10000017,4,5375,6,30,3,13,4,6,0,0,0,0,1,1,1,4,0,13,1,2,2,E01025539,3,1,0,1
2023320255534,2023,320255534,520568,386049,-0.189865,53.357582,32,3,2,1,28/04/2023,6,08:05,-1,E07000137,E10000019,E10000019,3,157,6,60,6,16,4,4,1225,0,0,0,1,2,2,4,0,13,2,1,2,E01026071,-1,0,0.0459,0.9541
2023991317667,2023,991317667,320734,974707,-3.367698,58.652938,99,3,1,1,08/06/2023,5,14:55,-1,S12000017,S12000017,S12000017,4,855,6,60,0,0,-1,0,-1,0,0,0,1,1,1,4,2,13,2,1,-1,-1,3,1,0,1
2023430209172,2023,430209172,485767,185621,-0.764095,51.562957,43,2,2,1,13/05/2023,7,15:27,-1,E06000040,E06000040,E06000040,3,404,3,70,0,0,-1,0,-1,0,0,0,1,1,1,4,0,13,2,1,1,E01016531,-1,0,1,0
2023010482704,2023,010482704,531018,185374,-0.111698,51.552051,1,3,2,1,07/12/2023,5,18:40,-1,E09000019,E09000019,E09000019,3,1,6,20,3,13,4,6,0,0,0,0,4,2,2,4,0,13,1,1,2,E01033488,-1,0,0,1
2023421367842,2023,421367842,576193,188343,0.540755,51.566435,42,3,4,1,27/10/2023,6,20:37,-1,E07000066,E10000012,E10000012,3,130,1,30,1,0,2,3,13,0,0,0,4,1,1,4,0,13,2,1,2,E01021312,3,1,0,1
2023451308701,2023,451308701,509101,162596,-0.434688,51.351979,45,2,2,1,15/05/2023,2,15:15,-1,E07000207,E10000030,E10000030,4,365,6,40,0,0,-1,0,-1,0,0,0,1,1,1,4,0,13,2,2,2,E01030349,6,1,1,0
2023231315581,2023,231315581,434887,256492,-1.490907,52.205557,23,2,1,1,01/06/2023,5,07:14,-1,E07000221,E10000031,E10000031,4,4100,6,50,0,0,-1,0,-1,0,0,0,1,1,1,4,0,13,2,1,2,E01031207,5,1,1,0
2023471378600,2023,471378600,507689,104276,-0.472326,50.828017,47,3,2,1,24/11/2023,6,05:55,-1,E07000224,E10000032,E10000032,3,280,6,60,3,13,4,6,0,0,0,0,6,1,1,4,0,13,1,1,2,E01031388,3,1,0,1
2023991272854,2023,991272854,298405,666157,-3.625452,55.87782,99,3,2,1,01/02/2023,4,17:22,-1,S12000040,S12000040,S12000040,6,0,6,20,0,0,-1,0,-1,0,0,0,5,1,1,4,0,13,1,2,-1,-1,3,1,0,1
2023221305659,2023,221305659,376956,283776,-2.340511,52.451451,22,3,3,1,03/05/2023,4,10:00,-1,E06000051,E06000051,E06000051,3,442,6,60,0,0,-1,0,-1,0,0,0,1,1,1,4,0,13,2,1,2,E01028828,3,1,0,1
2023010486271,2023,010486271,530740,160826,-0.124764,51.33151,1,2,2,1,28/12/2023,5,04:41,-1,E09000008,E09000008,E09000008,6,0,6,30,9,19,4,3,23,0,5,15,4,5,2,4,0,13,1,1,2,E01001074,-1,0,1,0
2023421329594,2023,421329594,591712,223897,0.78395,51.880672,42,3,1,1,15/07/2023,7,00:50,-1,E07000071,E10000012,E10000012,3,120,3,40,5,0,4,3,120,0,0,0,4,1,2,4,0,13,2,1,1,E01021678,3,1,0,1
2023440005738,2023,440005738,449268,128364,-1.298472,51.052518,44,3,2,1,05/01/2023,5,14:54,-1,E07000094,E10000014,E10000014,1,3,3,50,0,0,-1,0,-1,0,0,0,1,1,1,4,0,13,2,1,1,E01023258,-1,0,0,1
2023041295585,2023,041295585,353540,429847,-2.706242,53.762893,4,3,1,1,11/04/2023,3,23:21,-1,E07000123,E10000017,E10000017,6,0,6,20,0,0,-1,0,-1,0,1,13,5,5,2,4,0,13,1,1,2,E01025292,3,1,0,1
2023430055454,2023,430055454,460989,220403,-1.115415,51.878868,43,3,3,1,06/02/2023,2,08:50,-1,E07000177,E10000025,E10000025,3,41,6,50,3,13,4,4,4011,0,0,0,1,1,1,4,0,13,2,3,2,E01028425,-1,0,0.00254,0.99746
2023501302666,2023,501302666,177905,48875,-5.119836,50.297918,50,3,1,1,01/05/2023,2,23:51,-1,E06000052,E06000052,E06000052,3,30,1,30,1,0,4,6,0,0,0,0,4,7,1,4,0,13,2,1,1,E01018821,3,1,0,1
2023010419937,2023,010419937,526393,193949,-0.175283,51.630167,1,2,1,1,06/01/2023,6,11:29,-1,E09000003,E09000003,E09000003,3,5109,6,30,3,13,2,3,1000,0,0,0,1,1,1,4,0,13,1,1,2,E01000281,-1,0,1,0
2023010467951,2023,010467951,522395,180086,-0.237839,51.506462,1,3,2,1,24/09/2023,1,11:39,-1,E09000013,E09000013,E09000013,3,4020,6,20,3,13,4,6,0,2,0,12,1,1,1,4,0,13,1,1,2,E01001954,-1,0,0,1
2023010482736,2023,010482736,528456,177913,-0.151346,51.48559,1,2,4,1,08/12/2023,6,05:50,-1,E09000020,E09000020,E09000020,3,3212,6,20,0,0,-1,0,-1,0,0,0,6,1,2,4,2,13,2,1,2,E01002901,-1,0,1,0
2023631372049,2023,631372049,212026,216664,-4.728583,51.816909,63,3,2,1,31/10/2023,3,19:10,-1,W06000009,W06000009,W06000009,3,40,1,30,1,0,4,3,478,0,0,0,7,2,2,4,0,13,2,2,-1,W01000577,3,1,0,1
2023122300768,2023,122300768,378555,466344,-2.329369,54.092549,12,1,3,1,16/06/2023,6,12:12,-1,E06000065,E06000065,E06000065,3,65,6,60,3,13,1,4,6480,0,0,0,1,1,1,4,0,13,2,1,2,E01027569,-1,0,0,0
2023010431662,2023,010431662,521329,183729,-0.251938,51.539432,1,3,2,1,11/03/2023,7,18:18,-1,E09000005,E09000005,E09000005,3,404,6,30,3,13,3,6,0,0,0,0,4,2,2,4,0,13,1,1,2,E01000523,-1,0,0,1
2023041292639,2023,041292639,336070,440386,-2.973405,53.855748,4,3,3,1,31/03/2023,6,15:55,-1,E07000119,E10000017,E10000017,3,585,6,40,0,0,-1,0,-1,0,0,0,1,1,1,4,0,13,1,2,1,E01025026,3,1,0,1
2023211269257,2023,211269257,396956,305596,-2.046427,52.648091,21,2,3,2,27/01/2023,6,18:19,-1,E07000196,E10000028,E10000028,3,462,6,60,3,13,4,5,0,0,0,0,4,1,2,4,0,13,2,1,2,E01029621,6,1,1,0
2023451354348,2023,451354348,487397,157761,-0.747454,51.312263,45,3,3,2,20/09/2023,4,09:00,-1,E07000214,E10000030,E10000030,6,0,6,30,0,0,-1,0,-1,0,0,0,1,1,1,4,0,13,1,1,2,E01030766,3,1,0,1
2023631378614,2023,631378614,194025,213164,-4.9873,51.779138,63,2,2,1,24/11/2023,6,11:45,-1,W06000009,W06000009,W06000009,3,4076,6,60,0,0,-1,0,-1,0,0,0,1,8,1,4,0,13,2,1,-1,W01000586,7,1,1,0
2023122300432,2023,122300432,459218,450762,-1.099185,53.94958,12,3,2,1,18/02/2023,7,16:00,-1,E06000014,E06000014,E06000014,3,1036,6,30,3,13,4,6,0,0,0,0,1,1,1,4,0,13,1,1,2,E01013417,-1,0,0.0754,0.9246
2023302300672,2023,302300672,439103,338460,-1.419572,52.942115,30,3,3,3,04/05/2023,5,13:38,-1,E06000015,E06000015,E06000015,6,0,6,40,0,0,-1,0,-1,0,0,0,1,1,1,4,0,13,1,1,2,E01013576,-1,0,0.07125,0.92875
2023010426814,2023,010426814,534332,197391,-0.059329,51.659259,1,3,1,2,11/02/2023,7,13:00,-1,E09000010,E09000010,E09000010,3,10,3,40,1,0,2,6,0,0,0,0,1,8,1,4,0,13,1,3,2,E01001516,-1,0,0,1
2023010460311,2023,010460311,550491,189622,0.170779,51.585366,1,3,3,3,12/08/2023,7,23:08,-1,E09000016,E09000016,E09000016,3,12,3,50,0,0,-1,0,-1,0,0,0,4,1,1,4,0,13,1,1,2,E01002328,-1,0,0,1
2023451285986,2023,451285986,536307,148383,-0.049646,51.218384,45,3,1,1,12/03/2023,1,20:00,-1,E07000215,E10000030,E10000030,3,22,6,30,3,13,1,6,0,0,0,0,4,1,1,4,0,13,2,3,2,E01030826,3,1,0,1
2023221265406,2023,221265406,364731,310777,-2.523273,52.69352,22,3,2,2,05/01/2023,5,07:06,-1,E06000020,E06000020,E06000020,4,5061,6,30,0,0,-1,0,-1,0,0,0,4,1,2,4,0,13,1,1,2,E01014133,3,1,0,1
2023131375735,2023,131375735,403588,444568,-1.946884,53.897274,13,2,2,1,17/11/2023,6,12:02,-1,E08000032,E08000032,E08000032,6,0,6,30,0,0,-1,0,-1,0,0,0,1,1,1,4,0,13,1,1,2,E01010643,7,1,1,0
2023010457600,2023,010457600,546482,166536,0.103389,51.378984,1,3,2,2,27/06/2023,3,17:52,-1,E09000006,E09000006,E09000006,6,0,6,30,6,16,4,6,0,0,0,0,1,1,1,4,0,13,1,1,2,E01000788,-1,0,0,1
2023010434508,2023,010434508,534585,193474,-0.057179,51.624,1,3,1,1,27/03/2023,2,14:55,-1,E09000010,E09000010,E09000010,6,0,2,30,99,-1,9,6,0,0,0,0,1,1,1,4,9,13,1,3,2,E01001429,-1,0,0,1
2023991314714,2023,991314714,254626,655544,-4.318981,55.771318,99,2,1,1,15/05/2023,2,12:02,-1,S12000011,S12000011,S12000011,6,0,6,30,0,0,-1,0,-1,0,0,0,1,9,1,4,0,13,1,2,-1,-1,7,1,1,0
2023991338952,2023,991338952,326217,673938,-3.183163,55.952783,99,3,1,1,03/08/2023,5,15:15,-1,S12000036,S12000036,S12000036,6,0,6,20,3,13,4,6,0,0,0,0,1,1,1,4,0,13,1,3,-1,-1,3,1,0,1
2023010459183,2023,010459183,523630,179824,-0.220146,51.503839,1,3,1,1,06/08/2023,1,12:00,-1,E09000013,E09000013,E09000013,3,402,6,30,3,13,4,6,0,0,0,0,1,1,1,4,2,13,1,1,2,E01001857,-1,0,0,1
2023440473537,2023,440473537,469182,111086,-1.01768,50.895122,44,3,2,1,19/11/2023,1,17:25,-1,E07000090,E10000014,E10000014,3,3,6,30,3,13,2,6,0,0,5,15,4,1,2,4,0,13,1,1,2,E01022920,-1,0,0,1
2023451369024,2023,451369024,502249,163932,-0.532664,51.36526,45,3,2,1,31/10/2023,3,09:55,-1,E07000212,E10000030,E10000030,3,320,1,30,1,0,2,3,319,0,0,0,1,1,1,4,0,13,1,3,2,E01030678,3,1,0,1
2023543231423,2023,543231423,414038,184838,-1.798885,51.56225,54,3,2,1,24/03/2023,6,09:30,-1,E06000030,E06000030,E06000030,4,4289,6,30,3,13,2,6,0,0,4,14,1,9,1,4,0,13,1,2,2,E01032716,-1,0,0.00186,0.99814
2023430482325,2023,430482325,476761,163273,-0.898835,51.363348,43,3,2,1,26/10/2023,5,17:49,-1,E06000041,E06000041,E06000041,3,327,6,40,6,16,4,6,0,0,0,0,4,1,1,4,0,13,2,1,2,E01016641,-1,0,0.03115,0.96885
2023010434133,2023,010434133,530942,190517,-0.110878,51.598286,1,3,1,1,25/03/2023,7,12:35,-1,E09000014,E09000014,E09000014,3,105,6,20,6,16,2,6,0,0,5,15,1,2,2,4,0,13,1,1,2,E01002098,-1,0,0,1
2023010447388,2023,010447388,539967,180554,0.015378,51.506592,1,2,1,2,06/06/2023,3,17:29,-1,E09000025,E09000025,E09000025,3,1011,3,30,0,0,-1,0,-1,2,0,12,1,1,1,4,0,13,1,1,2,E01033574,-1,0,1,0
2023010470004,2023,010470004,543714,188731,0.072667,51.579127,1,3,2,1,04/10/2023,4,16:45,-1,E09000026,E09000026,E09000026,3,123,6,30,3,13,4,6,0,0,0,0,1,9,9,4,0,13,1,3,2,E01003647,-1,0,0,1
2023010426381,2023,010426381,524651,182621,-0.204455,51.528751,1,2,2,1,09/02/2023,5,21:45,-1,E09000033,E09000033,E09000033,6,0,6,20,3,13,4,6,0,0,0,0,4,1,1,4,0,13,1,1,2,E01004722,-1,0,1,0
2023351357581,2023,351357581,545976,310159,0.157349,52.66949,35,3,3,1,28/04/2023,6,09:40,-1,E07000010,E10000003,E10000003,3,1101,6,30,3,13,4,6,0,0,5,15,1,1,1,4,0,13,1,1,2,E01018093,3,1,0,1
2023302300966,2023,302300966,425135,371980,-1.624808,53.244253,30,3,2,1,26/06/2023,2,10:41,-1,E07000035,E10000007,E10000007,3,619,6,60,0,0,-1,0,-1,0,0,0,1,1,1,4,0,13,2,1,2,E01019606,-1,0,0.10928,0.89072
2023320474907,2023,320474907,504456,344673,-0.445349,52.98922,32,3,2,1,01/08/2023,3,08:20,-1,E07000139,E10000019,E10000019,3,153,6,60,8,18,4,6,0,0,0,0,1,1,1,4,0,13,2,1,2,E01026234,-1,0,0.03611,0.96389
2023221261327,2023,221261327,380130,269231,-2.29294,52.320817,22,3,1,1,04/01/2023,4,08:30,-1,E07000235,E10000034,E10000034,4,4194,6,60,0,0,-1,0,-1,0,0,0,1,1,2,4,0,13,2,1,2,E01032181,3,1,0,1
2023552300852,2023,552300852,367550,83613,-2.460368,50.651289,55,2,2,1,22/07/2023,7,07:24,-1,E06000059,E06000059,E06000059,3,354,6,50,0,0,-1,0,-1,0,0,0,1,1,1,4,0,13,2,1,2,E01020551,-1,0,1,0
2023302300357,2023,302300357,443380,364215,-1.352472,53.173286,30,3,3,1,01/03/2023,4,15:50,-1,E07000033,E10000007,E10000007,4,6039,6,50,0,0,-1,0,-1,0,4,14,1,2,2,4,0,13,2,1,2,E01019520,-1,0,0.01261,0.98739
2023041299407,2023,041299407,353919,429672,-2.700467,53.761354,4,3,1,1,21/04/2023,6,10:50,-1,E07000123,E10000017,E10000017,3,59,3,30,0,0,-1,0,-1,0,0,0,1,1,1,4,0,13,1,1,2,E01033223,3,1,0,1
2023501291099,2023,501291099,247485,55239,-4.146317,50.377223,50,3,4,1,27/03/2023,2,21:41,-1,E06000026,E06000026,E06000026,3,386,3,30,0,0,-1,0,-1,0,0,0,4,1,1,4,0,13,1,1,2,E01015169,3,1,0,1
2023010463249,2023,010463249,521313,183714,-0.252174,51.539301,1,3,1,1,30/08/2023,4,17:54,-1,E09000005,E09000005,E09000005,3,404,6,30,3,13,4,6,0,0,0,0,1,1,1,4,0,13,1,1,2,E01000521,-1,0,0,1
2023010438069,2023,010438069,510961,178847,-0.402905,51.497684,1,3,1,1,19/03/2023,1,12:20,-1,E09000018,E09000018,E09000018,5,0,9,20,3,13,2,6,0,9,5,15,1,1,1,4,0,13,1,3,2,E01002637,-1,0,0,1
2023010469651,2023,010469651,529080,181041,-0.141221,51.513558,1,3,2,1,03/10/2023,3,10:00,-1,E09000033,E09000033,E09000033,3,4201,6,20,6,16,2,5,0,9,5,15,1,1,1,4,2,13,1,3,2,E01033595,-1,0,0,1
2023010484808,2023,010484808,539814,180816,0.013279,51.508985,1,3,2,1,18/12/2023,2,18:35,-1,E09000025,E09000025,E09000025,3,1020,1,20,1,0,4,6,0,0,0,0,4,1,1,4,0,13,1,1,2,E01033576,-1,0,0,1
2023302301957,2023,302301957,438899,354931,-1.420629,53.090182,30,3,2,2,15/12/2023,6,19:50,-1,E07000032,E10000007,E10000007,4,6013,6,60,3,13,4,6,0,0,0,0,6,1,1,4,0,13,2,1,2,E01019477,-1,0,0.05235,0.94765
2023311299812,2023,311299812,456917,341546,-1.153975,52.968263,31,3,2,1,22/04/2023,7,22:33,-1,E06000018,E06000018,E06000018,3,60,1,30,0,0,-1,0,-1,0,0,0,4,2,2,4,0,13,1,1,2,E01013941,3,1,0,1
2023302301868,2023,302301868,402017,394843,-1.971096,53.450347,30,2,3,4,04/12/2023,2,14:45,-1,E07000037,E10000007,E10000007,6,0,6,40,0,0,-1,0,-1,0,8,17,1,1,2,4,0,13,2,1,2,E01019732,-1,0,1,0
2023302301798,2023,302301798,442026,378920,-1.370792,53.305567,30,3,2,1,25/11/2023,7,10:30,-1,E07000038,E10000007,E10000007,4,6052,6,30,3,13,4,6,0,0,5,15,1,1,1,4,0,13,1,1,2,E01019792,-1,0,0.05628,0.94372
2023041367409,2023,041367409,357254,413216,-2.647609,53.61374,4,2,3,4,25/10/2023,4,08:25,-1,E07000118,E10000017,E10000017,6,0,6,60,0,0,-1,0,-1,0,0,0,1,1,1,4,0,13,2,1,2,E01024961,7,1,1,0
2023131298635,2023,131298635,411179,421446,-1.832197,53.689348,13,2,4,1,19/04/2023,4,16:50,-1,E08000033,E08000033,E08000033,3,629,3,50,0,0,-1,0,-1,0,0,0,1,1,1,4,0,13,1,1,2,E01010890,5,1,1,0
2023010478674,2023,010478674,518045,177605,-0.301316,51.485088,1,2,1,1,17/11/2023,6,17:17,-1,E09000018,E09000018,E09000018,3,315,6,20,0,0,-1,0,-1,0,0,0,4,1,2,4,2,13,1,1,2,E01033081,-1,0,1,0
2023010425345,2023,010425345,527426,171495,-0.168482,51.428145,1,3,1,1,04/02/2023,7,14:55,-1,E09000032,E09000032,E09000032,3,217,6,30,6,16,2,3,24,0,0,0,1,1,1,4,0,13,1,1,2,E01004617,-1,0,0,1
202363A031223,2023,63A031223,229709,216956,-4.472448,51.825203,63,3,3,3,23/04/2023,1,12:04,-1,W06000010,W06000010,W06000010,3,40,3,40,0,0,-1,0,-1,0,0,0,1,1,1,4,0,13,2,1,-1,W01000721,-1,0,0.19534,0.80466
2023122300990,2023,122300990,460768,451163,-1.075491,53.953004,12,2,2,1,07/09/2023,5,14:06,-1,E06000014,E06000014,E06000014,3,1036,6,30,6,16,4,6,0,0,0,0,1,1,1,4,0,13,1,1,2,E01013363,-1,0,1,0
2023131288316,2023,131288316,427825,431261,-1.579258,53.776946,13,3,2,1,18/03/2023,7,14:41,-1,E08000035,E08000035,E08000035,1,621,3,70,5,0,4,1,621,0,0,0,1,2,2,4,0,13,1,2,1,E01011369,3,1,0,1
2023041355904,2023,041355904,348303,462202,-2.791154,54.05317,4,3,2,1,24/09/2023,1,16:40,-1,E07000121,E10000017,E10000017,6,0,6,20,0,0,-1,0,-1,0,0,0,1,1,1,4,0,13,1,2,2,E01025091,3,1,0,1
2023221373822,2023,221373822,395986,272096,-2.060348,52.346922,22,2,2,2,09/11/2023,5,18:16,-1,E07000234,E10000034,E10000034,4,4091,6,30,3,13,4,6,0,0,0,0,4,1,1,4,0,13,1,1,2,E01032160,7,1,1,0
2023170L30453,2023,170L30453,456584,522423,-1.125794,54.593835,17,3,3,1,21/05/2023,1,18:00,-1,E06000003,E06000003,E06000003,3,1085,6,60,0,0,-1,0,-1,0,0,0,1,1,1,4,0,13,2,2,2,E01032560,-1,0,0.01281,0.98719
2023546696123,2023,546696123,418937,182569,-1.728335,51.541707,54,3,2,1,26/06/2023,2,16:44,-1,E06000030,E06000030,E06000030,3,4259,3,50,9,19,2,6,0,0,5,15,1,1,1,4,0,13,1,1,2,E01015547,-1,0,0.0322,0.9678
2023122300477,2023,122300477,384335,489250,-2.242201,54.298621,12,2,1,1,21/05/2023,1,08:50,-1,E06000065,E06000065,E06000065,4,6255,6,60,0,0,-1,0,-1,0,0,0,1,1,1,4,0,13,2,1,2,E01027753,-1,0,1,0
2023131395630,2023,131395630,413136,430267,-1.802191,53.768587,13,3,2,1,08/12/2023,6,11:40,-1,E08000032,E08000032,E08000032,6,0,6,20,0,0,-1,0,-1,0,0,0,1,1,1,4,0,13,1,2,2,E01010846,3,1,0,1
2023302300046,2023,302300046,408065,399496,-1.87991,53.492113,30,3,2,1,06/01/2023,6,18:00,-1,E07000037,E10000007,E10000007,3,628,6,60,0,0,-1,0,-1,0,0,0,4,1,2,4,0,13,2,2,1,E01019763,-1,0,0.00536,0.99464
2023332301152,2023,332301152,459290,312840,-1.123854,52.709987,33,3,2,2,17/11/2023,6,19:50,-1,E07000130,E10000018,E10000018,3,6,3,70,0,0,-1,0,-1,0,0,0,4,1,2,4,0,13,2,3,2,E01025737,-1,0,0.01024,0.98976
2023041375877,2023,041375877,353751,429536,-2.702995,53.760116,4,2,2,1,17/11/2023,6,18:17,-1,E07000123,E10000017,E10000017,3,583,6,30,9,19,2,3,59,0,0,0,4,1,1,4,0,13,1,1,2,E01033223,7,1,1,0
2023231320691,2023,231320691,410290,272621,-1.850352,52.351563,23,3,2,1,05/06/2023,2,16:35,-1,E07000221,E10000031,E10000031,1,42,3,70,0,0,-1,0,-1,0,0,0,1,1,1,4,0,13,2,1,1,E01031243,3,1,0,1
2023010456643,2023,010456643,541702,181993,0.040938,51.519091,1,3,2,1,21/07/2023,6,23:30,-1,E09000025,E09000025,E09000025,3,13,3,50,0,0,-1,0,-1,0,9,0,4,8,1,4,9,13,1,3,2,E01003483,-1,0,0,1
2023010457537,2023,010457537,533471,178471,-0.078951,51.489444,1,3,2,1,27/07/2023,5,15:30,-1,E09000028,E09000028,E09000028,3,2,3,30,0,0,-1,0,-1,0,5,15,1,4,1,4,0,13,1,1,2,E01003980,-1,0,0,1
2023070322670,2023,070322670,377532,353086,-2.336812,53.074529,7,3,2,1,17/04/2023,2,07:30,-1,E06000049,E06000049,E06000049,1,6,9,70,0,0,-1,0,-1,0,0,0,1,1,1,4,0,13,2,1,1,E01018465,-1,0,0.03801,0.96199
2023101302434,2023,101302434,425030,564369,-1.610516,54.973314,10,3,2,1,28/04/2023,6,23:45,-1,E08000021,E08000021,E08000021,6,0,6,20,0,0,-1,0,-1,0,4,14,4,1,1,4,0,13,1,2,2,E01033543,3,1,0,1
2023451288752,2023,451288752,503066,171440,-0.518754,51.432599,45,3,3,1,20/03/2023,2,14:59,-1,E07000212,E10000030,E10000030,3,308,1,30,1,0,4,3,308,0,1,13,1,2,2,4,0,13,1,1,2,E01030666,3,1,0,1
2023991342611,2023,991342611,230201,675273,-4.720238,55.940424,99,2,2,1,17/08/2023,5,08:05,-1,S12000018,S12000018,S12000018,3,8,3,30,0,0,-1,0,-1,0,5,15,1,1,1,4,0,13,1,1,-1,-1,7,1,1,0
2023547292823,2023,547292823,392244,173155,-2.11302,51.45732,54,3,1,1,12/07/2023,4,10:00,-1,E06000054,E06000054,E06000054,6,0,6,30,0,0,-1,0,-1,0,4,14,1,1,1,4,0,13,1,1,2,E01031912,-1,0,0.07682,0.92318
2023340WN5722,2023,340WN5722,457715,233419,-1.160791,51.996228,34,2,1,2,14/10/2023,7,05:25,-1,E06000062,E06000062,E06000062,3,421,6,60,1,0,4,3,43,0,0,0,4,1,1,4,0,13,2,1,2,E01027290,-1,0,0.94544,0.05456
2023010431710,2023,010431710,539573,178830,0.009023,51.491198,1,2,2,1,11/03/2023,7,20:54,-1,E09000011,E09000011,E09000011,3,102,7,50,6,16,2,3,2203,0,0,0,4,1,2,4,0,13,1,1,2,E01001667,-1,0,1,0
2023010470067,2023,010470067,506728,182042,-0.462895,51.527216,1,3,1,1,04/10/2023,4,22:30,-1,E09000017,E09000017,E09000017,5,0,1,20,3,13,4,5,0,0,0,0,4,1,1,4,0,13,1,3,2,E01002412,-1,0,0,1
2023461382149,2023,461382149,566478,142815,0.379421,51.160368,46,3,2,2,12/11/2023,1,11:30,-1,E07000116,E10000016,E10000016,4,2160,6,50,0,0,-1,0,-1,0,0,0,1,1,2,4,0,13,2,1,2,E01024793,3,1,0,1
2023041304505,2023,041304505,348783,443232,-2.780629,53.882738,4,2,2,1,04/05/2023,5,17:14,-1,E07000128,E10000017,E10000017,3,6,6,50,0,0,-1,0,-1,0,0,0,1,1,1,4,0,13,2,1,2,E01025553,6,1,1,0
2023231405537,2023,231405537,411904,272193,-1.826672,52.347683,23,3,3,1,17/08/2023,5,16:58,-1,E07000221,E10000031,E10000031,1,42,3,70,0,0,-1,0,-1,0,0,0,1,1,1,4,0,13,2,1,1,E01031243,3,1,0,1
2023061268941,2023,061268941,383546,397988,-2.249388,53.478358,6,3,1,1,27/01/2023,6,11:30,-1,E08000003,E08000003,E08000003,3,34,6,30,6,16,2,3,56,2,5,12,1,1,1,4,0,13,1,1,2,E01033677,3,1,0,1
2023131388392,2023,131388392,416793,433028,-1.746562,53.793298,13,3,2,1,14/12/2023,5,19:37,-1,E08000032,E08000032,E08000032,6,0,6,30,3,13,2,3,6181,0,0,0,4,1,1,4,0,13,1,1,2,E01033693,3,1,0,1
2023010435522,2023,010435522,517875,178309,-0.303529,51.491451,1,3,1,2,02/04/2023,1,15:50,-1,E09000018,E09000018,E09000018,3,4,3,40,1,0,2,4,455,0,4,14,1,1,1,4,0,13,1,1,2,E01002564,-1,0,0,1
2023351342282,2023,351342282,541717,296870,0.088721,52.551234,35,3,2,1,11/08/2023,6,11:00,-1,E07000010,E10000003,E10000003,4,1101,6,30,0,0,-1,0,-1,0,5,15,1,1,1,4,0,13,1,3,2,E01018077,3,1,0,1
2023440154328,2023,440154328,444077,103029,-1.375584,50.825131,44,3,2,1,20/04/2023,5,11:51,-1,E07000091,E10000014,E10000014,6,0,6,30,0,0,-1,0,-1,0,0,0,1,1,1,4,0,13,1,1,2,E01023032,-1,0,0,1
2023361266106,2023,361266106,619927,308136,1.248045,52.626407,36,2,1,1,17/01/2023,3,12:22,-1,E07000148,E10000020,E10000020,6,0,6,20,3,13,4,6,0,2,4,12,1,1,4,4,0,13,1,1,2,E01026860,7,1,1,0
2023361281351,2023,361281351,652845,307888,1.733177,52.609866,36,3,1,1,28/02/2023,3,11:45,-1,E07000145,E10000020,E10000020,6,0,6,30,6,16,2,6,0,2,4,12,1,8,2,4,0,13,1,1,2,E01026598,3,1,0,1
2023451326724,2023,451326724,507935,158968,-0.452524,51.319591,45,3,3,1,06/07/2023,5,18:01,-1,E07000209,E10000030,E10000030,3,3,3,70,0,0,-1,0,-1,0,0,0,1,1,1,4,0,13,2,1,1,E01030458,3,1,0,1
2023122300374,2023,122300374,429672,454353,-1.549005,53.984385,12,3,2,1,14/04/2023,6,15:03,-1,E06000065,E06000065,E06000065,4,6162,6,30,7,17,2,6,0,0,0,0,1,2,2,4,0,13,1,1,2,E01027679,-1,0,0.01217,0.98783
2023131315642,2023,131315642,430781,426516,-1.534875,53.734134,13,3,3,1,06/06/2023,3,12:57,-1,E08000035,E08000035,E08000035,1,62,3,70,0,0,-1,0,-1,0,0,0,1,1,1,4,0,13,2,1,1,E01011499,3,1,0,1
2023010429186,2023,010429186,514542,183287,-0.349899,51.536876,1,3,3,1,26/02/2023,1,00:43,-1,E09000009,E09000009,E09000009,3,40,3,40,0,0,-1,0,-1,0,0,0,4,1,1,4,0,13,1,1,2,E01001267,-1,0,0,1
2023421345286,2023,421345286,543791,194977,0.076337,51.635231,42,3,2,2,24/08/2023,5,23:35,-1,E07000072,E10000012,E10000012,1,11,3,70,0,0,-1,0,-1,0,0,0,4,1,1,4,0,13,2,1,1,E01021750,3,1,0,1
2023440113681,2023,440113681,446866,132224,-1.332239,51.087426,44,3,2,1,22/03/2023,4,08:40,-1,E07000094,E10000014,E10000014,4,3420,3,50,6,16,4,6,0,0,0,0,1,1,1,4,0,13,1,1,2,E01023274,-1,0,0,1
2023552301270,2023,552301270,406738,98563,-1.905783,50.786602,55,3,1,1,16/08/2023,4,19:30,-1,E06000059,E06000059,E06000059,4,3073,6,40,0,0,-1,0,-1,0,0,0,4,1,1,4,0,13,1,2,2,E01020399,-1,0,0.11537,0.88463
2023010474444,2023,010474444,547637,180351,0.12573,51.502819,1,3,3,1,24/10/2023,3,12:09,-1,E09000004,E09000004,E09000004,3,2016,3,50,5,0,4,6,0,0,0,0,1,1,1,4,6,13,2,3,2,E01000470,-1,0,0,1
2023010474310,2023,010474310,539174,182352,0.004669,51.522945,1,3,2,1,26/10/2023,5,17:32,-1,E09000025,E09000025,E09000025,3,1011,6,20,3,13,4,3,1011,0,1,13,1,1,1,4,0,13,1,3,2,E01003500,-1,0,0,1
2023131348093,2023,131348093,414516,435484,-1.781012,53.81544,13,2,2,1,01/09/2023,6,14:07,-1,E08000032,E08000032,E08000032,6,0,6,30,3,13,2,6,0,0,0,0,1,1,1,4,0,13,1,2,2,E01010670,6,1,1,0
2023231298307,2023,231298307,407291,263998,-1.894565,52.274088,23,3,1,1,10/04/2023,2,12:09,-1,E07000221,E10000031,E10000031,3,435,6,30,3,13,4,6,0,0,0,0,1,1,1,4,0,13,2,1,2,E01031239,3,1,0,1
2023991313501,2023,991313501,270875,557250,-4.014838,54.893253,99,2,2,1,31/05/2023,4,14:00,-1,S12000006,S12000006,S12000006,3,711,6,60,0,0,-1,0,-1,0,0,0,1,1,1,4,0,13,2,1,-1,-1,7,1,1,0
202360A185365,2023,60A185365,250119,365439,-4.243452,53.164913,60,2,2,1,22/11/2023,4,18:00,-1,W06000002,W06000002,W06000002,3,4871,6,30,0,0,-1,0,-1,0,0,0,4,2,2,4,0,13,2,2,-1,W01000119,-1,0,1,0
2023552301189,2023,552301189,415166,92983,-1.786454,50.736266,55,2,2,1,03/10/2023,3,15:31,-1,E06000058,E06000058,E06000058,6,0,6,20,6,16,4,6,0,0,0,0,1,1,1,4,0,13,1,1,2,E01020368,-1,0,1,0
2023361270297,2023,361270297,631314,302142,1.411788,52.56789,36,3,2,1,25/01/2023,4,09:17,-1,E07000149,E10000020,E10000020,3,146,6,60,0,0,-1,0,-1,0,0,0,1,2,2,4,0,13,2,1,2,E01026929,3,1,0,1
2023221300574,2023,221300574,368539,312126,-2.467062,52.705882,22,3,4,2,20/04/2023,5,16:40,-1,E06000020,E06000020,E06000020,6,0,6,30,0,0,-1,0,-1,0,0,0,1,1,1,4,0,13,1,1,2,E01014141,3,1,0,1
2023522400696,2023,522400696,359006,172979,-2.591369,51.4543,52,3,2,1,01/10/2023,1,20:15,-1,E06000023,E06000023,E06000023,6,0,6,20,3,13,2,6,0,0,0,0,4,2,2,4,0,13,1,1,2,E01014540,-1,0,0.22989,0.77011
2023010441397,2023,010441397,535667,185059,-0.044807,51.548123,1,3,2,1,05/05/2023,6,18:05,-1,E09000012,E09000012,E09000012,3,102,6,20,8,18,4,6,0,9,9,99,1,1,1,4,9,13,1,3,2,E01001729,-1,0,0,1
2023010445748,2023,010445748,522004,179815,-0.243564,51.504111,1,3,2,1,28/05/2023,1,22:15,-1,E09000013,E09000013,E09000013,4,408,6,20,9,19,4,6,0,0,4,14,4,8,1,4,2,13,1,1,2,E01001860,-1,0,0,1
2023010440413,2023,010440413,526999,181499,-0.171029,51.518146,1,2,2,1,28/04/2023,6,12:20,-1,E09000033,E09000033,E09000033,3,4205,2,30,3,13,2,6,0,9,0,0,1,1,1,4,9,13,1,3,2,E01033594,-1,0,1,0
2023531283281,2023,531283281,396620,221213,-2.050519,51.889463,53,3,2,1,05/03/2023,1,18:20,-1,E07000078,E10000013,E10000013,6,0,6,30,3,13,4,6,0,0,0,0,4,1,1,4,0,13,2,1,2,E01022105,3,1,0,1
2023991349682,2023,991349682,252360,666176,-4.360845,55.866078,99,3,2,3,06/09/2023,4,15:00,-1,S12000038,S12000038,S12000038,1,8,3,70,0,0,-1,0,-1,0,0,0,1,1,1,4,0,13,1,1,-1,-1,3,1,0,1
202363C032523,2023,63C032523,217735,230410,-4.653115,51.942257,63,3,2,1,19/04/2023,4,11:55,-1,W06000009,W06000009,W06000009,3,478,6,50,3,13,4,6,0,0,0,0,1,1,1,4,0,13,2,2,-1,W01000561,-1,0,0.14413,0.85587
2023071093595,2023,071093595,368127,357772,-2.477654,53.116169,7,3,2,2,03/11/2023,6,20:04,-1,E06000049,E06000049,E06000049,3,530,6,30,3,13,4,6,0,0,0,0,4,1,2,4,0,13,2,1,2,E01018480,-1,0,0.05836,0.94164
2023201319464,2023,201319464,410056,283888,-1.853453,52.452859,20,3,2,1,23/05/2023,3,08:20,-1,E08000025,E08000025,E08000025,3,41,6,30,0,0,-1,0,-1,0,5,15,1,1,1,4,0,13,1,2,2,E01009340,3,1,0,1
2023010430054,2023,010430054,528934,180240,-0.143616,51.506393,1,3,2,1,02/03/2023,5,14:00,-1,E09000033,E09000033,E09000033,3,4,6,20,3,13,2,5,0,0,0,0,1,1,1,4,0,13,1,3,2,E01004736,-1,0,0,1
2023041272531,2023,041272531,341677,408340,-2.882126,53.568412,4,3,1,1,26/01/2023,5,15:50,-1,E07000127,E10000017,E10000017,3,570,6,30,0,0,-1,0,-1,0,0,0,1,1,1,4,0,13,1,2,2,E01025488,3,1,0,1
2023231377720,2023,231377720,432464,266358,-1.525418,52.2944,23,2,2,1,15/11/2023,4,05:45,-1,E07000222,E10000031,E10000031,6,0,6,30,2,0,4,6,0,0,0,0,4,1,1,4,0,13,1,1,2,E01031271,7,1,1,0
2023311347175,2023,311347175,453535,343429,-1.204016,52.985536,31,3,2,1,31/08/2023,5,11:16,-1,E06000018,E06000018,E06000018,4,6008,6,30,0,0,-1,0,-1,0,0,0,1,1,1,4,0,13,1,1,2,E01013825,3,1,0,1
2023101330486,2023,101330486,415970,625284,-1.748621,55.521048,10,2,2,1,14/07/2023,6,02:00,-1,E06000057,E06000057,E06000057,3,1,6,60,0,0,-1,0,-1,0,0,0,6,1,1,4,0,13,2,1,1,E01027384,6,1,1,0
2023101358583,2023,101358583,420193,586355,-1.684528,55.171096,10,3,2,1,22/09/2023,6,13:20,-1,E06000057,E06000057,E06000057,4,1337,6,30,3,13,4,6,0,0,0,0,1,2,2,4,0,13,1,2,2,E01027457,3,1,0,1
2023061296833,2023,061296833,393394,395457,-2.10095,53.455826,6,2,1,1,14/04/2023,6,21:35,-1,E08000008,E08000008,E08000008,3,57,6,30,0,0,-1,0,-1,0,0,0,4,1,2,4,2,13,1,1,2,E01005973,6,1,1,0
2023501382520,2023,501382520,258112,132167,-4.026581,51.071245,50,3,1,1,04/12/2023,2,11:30,-1,E07000043,E10000008,E10000008,3,361,6,40,0,0,-1,0,-1,0,0,0,1,1,2,4,2,13,2,1,2,E01020120,3,1,0,1
2023041301347,2023,041301347,336071,440389,-2.97339,53.855775,4,3,2,2,26/04/2023,4,16:52,-1,E07000119,E10000017,E10000017,3,585,6,40,0,0,-1,0,-1,0,0,0,1,1,1,4,0,13,1,1,1,E01025026,3,1,0,1
2023547811123,2023,547811123,424590,123544,-1.650867,51.010758,54,3,1,1,25/07/2023,3,11:09,-1,E06000054,E06000054,E06000054,6,0,6,30,8,18,4,6,0,0,0,0,1,1,1,4,2,13,2,1,2,E01031972,-1,0,0.08751,0.91249
2023440131381,2023,440131381,479988,137091,-0.858336,51.127525,44,3,3,2,03/04/2023,2,11:17,-1,E07000085,E10000014,E10000014,3,325,6,50,8,18,4,6,0,0,0,0,1,1,1,4,0,13,2,1,2,E01022640,-1,0,0,1
2023361328785,2023,361328785,560981,319425,0.383587,52.748471,36,3,2,1,12/07/2023,4,15:35,-1,E07000146,E10000020,E10000020,6,0,6,40,0,0,-1,0,-1,0,0,0,1,1,1,4,0,13,1,1,2,E01026705,3,1,0,1
2023201283449,2023,201283449,390544,283330,-2.140557,52.447849,20,2,2,1,24/02/2023,6,06:50,-1,E08000027,E08000027,E08000027,3,491,6,30,8,18,4,6,0,0,0,0,1,2,2,4,0,13,1,1,2,E01009850,7,1,1,0
2023320566576,2023,320566576,488899,362943,-0.671989,53.15621,32,3,2,1,11/09/2023,2,21:00,-1,E07000139,E10000019,E10000019,3,46,3,70,0,0,-1,0,-1,0,0,0,4,2,2,4,0,13,2,1,1,E01032990,-1,0,0.07329,0.92671
2023052301405,2023,052301405,349351,394392,-2.764006,53.443852,5,3,2,1,14/06/2023,4,16:00,-1,E08000013,E08000013,E08000013,3,58,6,30,3,13,4,6,0,0,8,17,1,1,1,4,0,13,1,1,2,E01006835,-1,0,0.11218,0.88782
2023201376765,2023,201376765,396636,298440,-2.051081,52.583759,20,3,2,1,16/11/2023,5,22:30,-1,E08000030,E08000030,E08000030,4,4464,6,30,0,0,-1,0,-1,0,0,0,4,1,2,4,0,13,1,2,2,E01010406,3,1,0,1
2023471358052,2023,471358052,538343,139004,-0.024118,51.133609,47,2,2,1,30/09/2023,7,16:00,-1,E07000228,E10000032,E10000032,3,22,6,30,3,13,4,6,0,0,0,0,1,1,1,4,0,13,1,1,2,E01031732,7,1,1,0
202360A114222,2023,60A114222,310237,355524,-3.341759,53.089355,60,3,1,1,20/07/2023,5,10:10,-1,W06000004,W06000004,W06000004,4,5105,6,30,3,13,1,6,0,0,0,0,1,1,1,4,0,13,2,1,-1,W01000202,-1,0,0.14818,0.85182
2023070842873,2023,070842873,357500,382174,-2.63968,53.334758,7,3,1,1,05/09/2023,3,08:40,-1,E06000006,E06000006,E06000006,5,0,6,30,3,13,4,6,0,0,0,0,1,1,1,4,0,13,2,1,2,E01012385,-1,0,0.14812,0.85188
2023541945023,2023,541945023,385476,166721,-2.210164,51.399334,54,3,2,2,21/02/2023,3,17:06,-1,E06000054,E06000054,E06000054,3,365,6,60,9,19,4,6,0,0,0,0,1,1,1,4,0,13,2,1,2,E01032043,-1,0,0.06513,0.93487
2023552300629,2023,552300629,407603,92445,-1.893637,50.731575,55,3,1,1,01/06/2023,5,07:54,-1,E06000058,E06000058,E06000058,6,0,6,30,0,0,-1,0,-1,0,0,0,1,1,1,4,0,13,1,1,2,E01015344,-1,0,0.15979,0.84021
2023122300364,2023,122300364,445300,468051,-1.308662,54.106358,12,3,1,1,11/04/2023,3,16:11,-1,E06000065,E06000065,E06000065,6,0,6,20,0,0,-1,0,-1,0,0,0,1,2,2,4,0,13,2,1,2,E01027600,-1,0,0.04521,0.95479
2023010481170,2023,010481170,530528,180909,-0.120415,51.51204,1,2,1,1,29/11/2023,4,00:45,-1,E09000033,E09000033,E09000033,4,401,2,20,6,16,4,6,0,9,1,13,4,1,1,4,9,13,1,3,2,E01004735,-1,0,1,0
2023231396667,2023,231396667,426055,303776,-1.616477,52.63112,23,3,1,1,27/12/2023,4,08:45,-1,E07000218,E10000031,E10000031,1,42,3,70,0,0,-1,0,-1,0,0,0,1,2,5,4,0,13,2,1,1,E01031038,3,1,0,1
2023552300799,2023,552300799,407580,92648,-1.893958,50.733401,55,3,2,1,09/07/2023,1,15:41,-1,E06000058,E06000058,E06000058,6,0,6,30,6,16,3,6,0,0,0,0,1,1,1,4,0,13,1,1,2,E01015344,-1,0,0.01873,0.98127
2023131367418,2023,131367418,422686,428588,-1.657432,53.75317,13,3,1,1,26/10/2023,5,12:15,-1,E08000035,E08000035,E08000035,6,0,6,30,3,13,4,6,0,0,0,0,1,2,2,4,0,13,1,2,2,E01011529,3,1,0,1
2023010477797,2023,010477797,515124,184368,-0.341158,51.546474,1,3,1,1,13/11/2023,2,13:00,-1,E09000009,E09000009,E09000009,3,4127,6,20,0,0,-1,0,-1,0,0,0,1,2,5,4,2,13,1,3,2,E01001269,-1,0,0,1
2023421279923,2023,421279923,538064,202696,-0.003313,51.706025,42,3,2,1,24/02/2023,6,01:20,-1,E07000072,E10000012,E10000012,4,194,6,60,0,0,-1,0,-1,0,0,0,6,1,1,4,0,13,2,1,2,E01021812,3,1,0,1
2023991287613,2023,991287613,328291,702574,-3.157647,56.210327,99,3,3,2,16/03/2023,5,19:40,-1,S12000047,S12000047,S12000047,3,92,6,40,0,0,-1,0,-1,0,0,0,4,1,2,4,0,13,1,1,-1,-1,3,1,0,1
2023031341349,2023,031341349,298372,517285,-3.572353,54.540594,3,3,3,1,14/08/2023,2,08:56,-1,E06000063,E06000063,E06000063,6,0,6,30,0,0,-1,0,-1,0,0,0,1,1,1,4,0,13,1,1,2,E01019287,3,1,0,1
2023010460812,2023,010460812,529650,182046,-0.132642,51.52246,1,2,2,1,16/08/2023,4,00:30,-1,E09000007,E09000007,E09000007,3,400,6,20,6,16,2,5,0,0,5,15,4,1,1,4,0,13,1,1,2,E01000850,-1,0,1,0
2023010428686,2023,010428686,530460,185997,-0.119511,51.557779,1,3,2,1,22/02/2023,4,00:50,-1,E09000019,E09000019,E09000019,3,1,7,20,6,16,2,3,503,0,5,15,4,2,2,4,0,13,1,3,2,E01002786,-1,0,0,1
2023320624660,2023,320624660,521503,325519,-0.198677,52.813534,32,3,3,4,07/10/2023,7,19:05,-1,E07000140,E10000019,E10000019,4,1180,6,60,6,16,4,4,1180,0,0,0,4,1,1,4,0,13,2,1,2,E01026258,-1,0,0.31583,0.68417
2023161330234,2023,161330234,509322,429293,-0.343657,53.748554,16,3,3,1,08/07/2023,7,13:18,-1,E06000010,E06000010,E06000010,3,165,3,30,0,0,-1,0,-1,0,4,14,1,4,2,4,0,13,1,2,2,E01012851,3,1,0,1
2023430152157,2023,430152157,473359,173295,-0.945621,51.453895,43,3,2,1,04/04/2023,3,17:45,-1,E06000038,E06000038,E06000038,3,4,6,30,3,13,4,6,0,0,0,0,1,1,1,4,0,13,1,3,2,E01016406,-1,0,0.02381,0.97619
2023052302976,2023,052302976,339012,395698,-2.919897,53.454492,5,3,2,1,13/12/2023,4,19:48,-1,E08000012,E08000012,E08000012,3,580,3,40,7,17,2,6,0,0,5,15,1,1,1,4,0,13,1,1,2,E01006662,-1,0,0.06318,0.93682
202363C018323,2023,63C018323,212255,216665,-4.725265,51.816995,63,3,2,1,07/03/2023,3,18:48,-1,W06000009,W06000009,W06000009,3,40,6,30,0,0,-1,0,-1,0,0,0,6,1,1,4,0,13,2,1,-1,W01000577,-1,0,0.01317,0.98683
2023221295969,2023,221295969,359060,218468,-2.595935,51.863283,22,3,3,3,11/02/2023,7,13:40,-1,E06000019,E06000019,E06000019,4,4234,6,60,0,0,-1,0,-1,0,0,0,1,1,2,4,0,13,2,1,2,E01014032,3,1,0,1
2023070524016,2023,070524016,382999,379247,-2.256614,53.309887,7,2,1,2,16/06/2023,6,12:12,-1,E06000049,E06000049,E06000049,4,5085,6,30,0,0,-1,0,-1,0,0,0,1,1,1,4,0,13,1,1,2,E01018572,-1,0,1,0
2023070915742,2023,070915742,340363,367986,-2.894328,53.205584,7,3,2,1,22/09/2023,6,09:06,-1,E06000050,E06000050,E06000050,3,5116,6,30,3,13,4,6,0,0,0,0,1,1,1,4,0,13,1,1,2,E01018374,-1,0,0.08652,0.91348
2023131324234,2023,131324234,406715,424030,-1.899738,53.712649,13,2,1,1,29/06/2023,5,08:50,-1,E08000033,E08000033,E08000033,6,0,6,30,3,13,4,3,58,0,0,0,1,1,1,4,0,13,1,2,2,E01010981,7,1,1,0
2023010483443,2023,010483443,534856,194678,-0.052803,51.634755,1,3,2,1,11/12/2023,2,20:30,-1,E09000010,E09000010,E09000010,3,1010,6,20,6,16,4,6,0,0,9,0,4,1,1,4,0,13,1,3,2,E01001479,-1,0,0,1
2023991303030,2023,991303030,262220,663815,-4.202219,55.847801,99,3,2,3,02/05/2023,3,14:53,-1,S12000049,S12000049,S12000049,3,74,6,30,6,16,2,6,0,0,5,15,1,1,1,4,2,13,1,1,-1,-1,3,1,0,1
2023010474470,2023,010474470,529455,171780,-0.13921,51.430246,1,2,1,1,28/10/2023,7,04:17,-1,E09000032,E09000032,E09000032,3,214,6,30,9,19,2,6,0,0,0,0,4,2,2,4,2,13,1,1,2,E01004524,-1,0,1,0
2023351341568,2023,351341568,545607,257608,0.129016,52.197484,35,3,2,1,29/07/2023,7,16:26,-1,E07000008,E10000003,E10000003,3,1307,6,30,3,13,4,6,0,0,4,14,1,1,1,4,0,13,1,1,2,E01018005,3,1,0,1
2023041302749,2023,041302749,386704,423979,-2.202923,53.71206,4,2,2,3,01/05/2023,2,14:20,-1,E07000125,E10000017,E10000017,3,671,6,30,9,19,-1,6,0,0,0,0,1,1,1,4,0,13,2,1,2,E01025367,5,1,1,0
2023451365337,2023,451365337,506995,158096,-0.466269,51.31193,45,3,2,2,11/10/2023,4,13:35,-1,E07000209,E10000030,E10000030,3,3,3,70,0,0,-1,0,-1,0,0,0,1,1,1,4,0,13,2,1,1,E01030458,3,1,0,1
202354A672223,2023,54A672223,393625,142400,-2.092584,51.180797,54,3,2,1,08/10/2023,1,14:04,-1,E06000054,E06000054,E06000054,3,36,6,40,3,13,4,4,390,0,0,0,1,1,1,4,0,13,2,1,1,E01032076,-1,0,0.15841,0.84159
2023131272599,2023,131272599,432689,421794,-1.50645,53.691578,13,3,2,2,05/02/2023,1,18:56,-1,E08000036,E08000036,E08000036,6,0,6,30,6,16,2,6,0,0,5,15,4,1,1,4,0,13,1,1,2,E01011923,3,1,0,1
2023010447551,2023,010447551,529335,183185,-0.136762,51.532768,1,2,1,1,07/06/2023,4,15:00,-1,E09000007,E09000007,E09000007,3,4200,6,20,0,0,-1,0,-1,0,8,17,1,1,1,4,0,13,1,1,2,E01000952,-1,0,1,0
2023041280668,2023,041280668,349131,431901,-2.773456,53.780939,4,2,2,1,26/02/2023,1,18:57,-1,E07000123,E10000017,E10000017,6,0,6,30,0,0,-1,0,-1,0,0,0,4,1,1,4,0,13,2,1,2,E01025272,7,1,1,0
2023211324732,2023,211324732,386896,292281,-2.194586,52.528241,21,3,1,1,30/06/2023,6,20:30,-1,E07000196,E10000028,E10000028,6,0,6,30,0,0,-1,0,-1,0,1,13,1,1,1,4,0,13,1,1,2,E01029679,3,1,0,1
2023231322790,2023,231322790,425439,303009,-1.625637,52.624254,23,3,2,4,12/06/2023,2,07:15,-1,E07000218,E10000031,E10000031,1,42,3,70,0,0,-1,0,-1,0,0,0,1,1,1,4,0,13,2,3,1,E01031040,3,1,0,1
2023010452516,2023,010452516,529002,185054,-0.140876,51.54964,1,3,2,1,01/07/2023,7,05:02,-1,E09000007,E09000007,E09000007,3,400,6,20,3,13,4,6,0,0,5,15,1,2,2,4,0,13,1,1,2,E01000928,-1,0,0,1
2023221399953,2023,221399953,351461,312046,-2.719787,52.703898,22,3,2,1,11/12/2023,2,17:00,-1,E06000051,E06000051,E06000051,6,0,6,30,3,13,4,6,0,0,0,0,4,1,1,4,0,13,2,1,2,E01028947,3,1,0,1
2023131380175,2023,131380175,408637,417790,-1.87079,53.656536,13,3,2,2,29/11/2023,4,01:50,-1,E08000034,E08000034,E08000034,1,62,3,70,0,0,-1,0,-1,0,0,0,4,1,1,4,0,13,1,1,1,E01011205,3,1,0,1
2023131283142,2023,131283142,424125,444003,-1.634406,53.891651,13,2,2,2,05/03/2023,1,04:36,-1,E08000035,E08000035,E08000035,3,658,6,60,6,16,2,3,660,0,5,15,4,1,1,4,0,13,2,1,2,E01032503,6,1,1,0
2023332300035,2023,332300035,455780,293280,-1.179096,52.534538,33,3,2,2,13/01/2023,6,20:55,-1,E07000129,E10000018,E10000018,1,1,3,70,0,0,-1,0,-1,0,0,0,4,2,2,4,0,13,2,1,1,E01025615,-1,0,0.02729,0.97271
2023320161868,2023,320161868,515243,318455,-0.293996,52.751433,32,3,1,1,16/03/2023,5,11:50,-1,E07000140,E10000019,E10000019,5,0,6,60,0,0,-1,0,-1,0,0,0,1,1,1,4,0,13,2,2,2,E01026241,-1,0,0.08715,0.91285
2023070115257,2023,070115257,358091,391404,-2.632033,53.417765,7,2,3,2,09/02/2023,5,03:00,-1,E06000007,E06000007,E06000007,1,62,3,70,0,0,-1,0,-1,0,0,0,5,1,1,4,0,13,1,1,1,E01012562,-1,0,1,0
2023061295455,2023,061295455,396762,398590,-2.050263,53.484019,6,2,1,1,11/04/2023,3,12:27,-1,E08000008,E08000008,E08000008,4,6175,6,30,0,0,-1,0,-1,0,0,0,1,1,1,4,0,13,1,1,2,E01006068,7,1,1,0
2023010452581,2023,010452581,539168,182940,0.004814,51.52823,1,3,2,1,01/07/2023,7,11:59,-1,E09000025,E09000025,E09000025,3,1011,6,30,0,0,-1,0,-1,0,0,0,1,1,1,4,0,13,1,1,2,E01003496,-1,0,0,1
2023411380897,2023,411380897,509810,203115,-0.411887,51.716026,41,2,2,2,03/10/2023,3,18:25,-1,E07000102,E10000015,E10000015,6,0,6,40,3,13,4,6,0,0,0,0,4,1,1,4,0,13,2,1,2,E01023807,5,1,1,0
2023041347051,2023,041347051,354124,422651,-2.696314,53.698271,4,3,2,1,30/08/2023,4,16:58,-1,E07000126,E10000017,E10000017,6,0,6,30,3,13,2,4,5256,0,0,0,1,1,1,4,0,13,1,2,2,E01025422,3,1,0,1
2023320452073,2023,320452073,507311,317698,-0.411713,52.746262,32,1,4,4,21/07/2023,6,19:15,-1,E07000141,E10000019,E10000019,3,6121,6,40,0,0,-1,0,-1,0,0,0,1,1,2,4,0,13,2,1,2,E01026330,-1,0,0,0
2023231350353,2023,231350353,439851,283369,-1.415095,52.446838,23,2,2,1,07/09/2023,5,17:15,-1,E07000220,E10000031,E10000031,4,4065,6,30,3,13,4,6,0,0,0,0,1,1,1,4,0,13,2,1,2,E01031159,7,1,1,0
2023101263581,2023,101263581,425028,564095,-1.610571,54.970852,10,2,1,2,15/01/2023,1,18:05,-1,E08000021,E08000021,E08000021,3,186,6,20,6,16,2,6,0,0,0,0,4,1,1,4,0,13,1,1,2,E01033543,7,1,1,0
2023010463311,2023,010463311,525205,185833,-0.195331,51.557495,1,3,2,1,31/08/2023,5,09:26,-1,E09000007,E09000007,E09000007,3,41,3,20,0,0,-1,0,-1,0,0,0,1,1,1,4,2,13,1,1,2,E01000878,-1,0,0,1
2023010472641,2023,010472641,534746,175675,-0.061664,51.464016,1,3,2,2,18/10/2023,4,07:14,-1,E09000028,E09000028,E09000028,3,2214,6,20,3,13,4,6,0,0,0,0,1,1,1,4,0,13,1,1,2,E01004064,-1,0,0,1
2023991290639,2023,991290639,282293,662938,-3.88144,55.845245,99,1,2,1,25/03/2023,7,01:45,-1,S12000050,S12000050,S12000050,1,8,3,70,0,0,-1,0,-1,0,0,0,6,1,2,4,0,13,2,1,-1,-1,1,1,0,0
2023031361841,2023,031361841,339181,555165,-2.949628,54.887514,3,2,2,1,11/10/2023,4,21:30,-1,E06000063,E06000063,E06000063,6,0,6,30,3,13,4,4,5299,0,0,0,4,1,1,4,0,13,1,1,2,E01019232,6,1,1,0
2023131316053,2023,131316053,430351,432101,-1.540846,53.784355,13,3,4,2,07/06/2023,4,16:05,-1,E08000035,E08000035,E08000035,6,0,6,30,3,13,4,6,0,0,4,14,1,1,1,4,0,13,1,1,2,E01011364,3,1,0,1
2023010440849,2023,010440849,534863,186072,-0.056007,51.557419,1,3,2,1,03/05/2023,4,09:52,-1,E09000012,E09000012,E09000012,3,107,6,20,1,0,2,6,0,0,0,0,1,1,1,4,0,13,1,1,2,E01001770,-1,0,0,1
2023461328876,2023,461328876,585413,162003,0.659843,51.326901,46,2,2,2,09/07/2023,1,16:15,-1,E07000110,E10000016,E10000016,3,249,1,30,1,0,2,3,249,0,0,0,1,1,1,4,0,13,2,3,1,E01024387,6,1,1,0
2023320673925,2023,320673925,507603,307530,-0.410712,52.654833,32,2,2,1,30/10/2023,2,16:45,-1,E07000141,E10000019,E10000019,3,16,6,60,0,0,-1,0,-1,0,0,0,5,1,1,4,0,13,2,1,2,E01026363,-1,0,1,0
2023548916223,2023,548916223,387115,146560,-2.185869,51.218092,54,3,1,1,23/08/2023,4,15:56,-1,E06000054,E06000054,E06000054,6,0,6,60,8,18,4,6,0,0,0,0,1,1,1,4,0,13,2,1,2,E01032111,-1,0,0.14042,0.85958
2023122301148,2023,122301148,380374,462865,-2.301332,54.061355,12,2,1,1,07/06/2023,4,15:40,-1,E06000065,E06000065,E06000065,1,65,6,60,3,13,4,6,0,0,0,0,1,8,1,4,0,13,2,3,2,E01027571,-1,0,1,0
2023520301819,2023,520301819,319112,127458,-3.155119,51.040763,52,3,3,2,05/11/2023,1,17:32,-1,E06000066,E06000066,E06000066,3,358,6,40,0,0,-1,0,-1,0,0,0,4,1,1,4,0,13,2,1,2,E01032651,-1,0,0.13672,0.86328
2023052302186,2023,052302186,347115,389024,-2.796763,53.395386,5,3,2,1,16/09/2023,7,06:32,-1,E08000011,E08000011,E08000011,3,5080,6,60,0,0,-1,0,-1,0,0,0,1,1,1,4,0,13,2,1,2,E01006424,-1,0,0.06948,0.93052
2023052302512,2023,052302512,343610,397294,-2.85095,53.469349,5,3,1,1,20/10/2023,6,06:30,-1,E08000011,E08000011,E08000011,3,5208,3,30,0,0,-1,0,-1,0,0,0,4,2,2,4,0,13,2,1,2,E01006446,-1,0,0.04977,0.95023
2023201397982,2023,201397982,407178,287033,-1.895736,52.481177,20,3,1,1,16/08/2023,4,22:20,-1,E08000025,E08000025,E08000025,6,0,6,20,0,0,-1,0,-1,0,5,15,4,1,1,4,0,13,1,1,2,E01033620,3,1,0,1
2023010443765,2023,010443765,522070,183141,-0.241463,51.533988,1,2,1,1,11/05/2023,5,18:15,-1,E09000005,E09000005,E09000005,3,404,6,30,3,13,2,3,4002,9,5,15,1,1,1,4,0,13,1,3,2,E01033455,-1,0,1,0
2023010435958,2023,010435958,530299,160194,-0.131321,51.325931,1,3,2,1,05/04/2023,4,07:58,-1,E09000008,E09000008,E09000008,3,23,3,30,0,0,-1,0,-1,0,0,0,1,1,1,4,0,13,1,1,2,E01001023,-1,0,0,1
2023010471889,2023,010471889,517521,179018,-0.308389,51.497897,1,3,2,1,14/10/2023,7,09:30,-1,E09000009,E09000009,E09000009,4,4491,6,20,0,0,-1,0,-1,0,1,13,1,1,1,4,0,13,1,3,2,E01001301,-1,0,0,1
2023531275766,2023,531275766,383903,220751,-2.235278,51.885084,53,3,1,1,13/02/2023,2,15:40,-1,E07000083,E10000013,E10000013,6,0,6,30,3,13,2,6,0,0,0,0,1,1,1,4,0,13,1,1,2,E01022440,3,1,0,1
2023041273578,2023,041273578,350029,430407,-2.759587,53.7676,4,3,1,1,07/02/2023,3,01:40,-1,E07000123,E10000017,E10000017,3,5085,3,50,9,19,4,6,0,0,0,0,6,1,1,4,0,13,1,1,2,E01025271,3,1,0,1
202360A126394,2023,60A126394,328180,367511,-3.07659,53.199806,60,3,2,1,09/08/2023,4,16:06,-1,W06000005,W06000005,W06000005,6,0,6,30,0,0,-1,0,-1,0,0,0,1,1,1,4,0,13,2,1,-1,W01000252,-1,0,0.05048,0.94952
2023010432430,2023,010432430,530996,190395,-0.110144,51.597177,1,3,1,1,15/03/2023,4,21:30,-1,E09000014,E09000014,E09000014,5,0,6,20,7,17,2,3,105,0,5,15,4,2,2,4,0,13,1,1,2,E01002029,-1,0,0,1
2023471263559,2023,471263559,542742,121367,0.031763,50.974036,47,2,2,5,15/01/2023,1,13:20,-1,E07000063,E10000011,E10000011,3,272,6,60,0,0,-1,0,-1,0,0,0,1,8,1,4,0,13,2,1,2,E01021053,7,1,1,0
2023411267944,2023,411267944,516711,210075,-0.309707,51.777185,41,3,2,1,10/01/2023,3,11:30,-1,E07000240,E10000015,E10000015,4,651,6,40,0,0,-1,0,-1,0,0,0,1,1,2,4,0,13,1,1,2,E01023734,3,1,0,1
2023371354171,2023,371354171,614975,245849,1.135158,52.069268,37,2,2,1,19/09/2023,3,06:20,-1,E07000202,E10000029,E10000029,3,1156,6,30,6,16,4,6,0,0,8,17,1,1,1,4,0,13,1,1,2,E01030026,6,1,1,0
2023451355625,2023,451355625,508365,159718,-0.446128,51.326251,45,2,3,4,23/09/2023,7,16:25,-1,E07000209,E10000030,E10000030,3,3,3,70,0,0,-1,0,-1,0,0,0,1,1,1,4,0,13,2,1,1,E01030458,7,1,1,0
2023451378705,2023,451378705,509481,160618,-0.429841,51.334127,45,3,3,1,22/11/2023,4,17:35,-1,E07000207,E10000030,E10000030,3,3,3,70,0,0,-1,0,-1,0,0,0,4,1,1,4,0,13,2,1,1,E01030318,3,1,0,1
2023991274559,2023,991274559,300578,668321,-3.591529,55.89771,99,2,3,1,09/02/2023,5,20:50,-1,S12000040,S12000040,S12000040,1,8,3,70,0,0,-1,0,-1,0,0,0,6,2,2,4,0,13,2,1,-1,-1,6,1,1,0
2023122301343,2023,122301343,459208,452978,-1.098908,53.969496,12,3,2,1,21/08/2023,2,07:45,-1,E06000014,E06000014,E06000014,6,0,6,30,3,13,4,6,0,0,0,0,1,1,1,4,0,13,1,1,2,E01013346,-1,0,0.07216,0.92784
2023141382981,2023,141382981,442686,392191,-1.359102,53.424794,14,3,2,1,05/12/2023,3,13:41,-1,E08000018,E08000018,E08000018,3,6178,6,30,9,19,4,6,0,0,0,0,1,1,2,4,0,13,1,1,2,E01007677,3,1,0,1
2023201291268,2023,201291268,399136,298628,-2.014185,52.585459,20,3,2,1,28/02/2023,3,03:15,-1,E08000030,E08000030,E08000030,1,6,3,60,0,0,-1,0,-1,0,0,0,4,1,1,4,0,13,2,3,1,E01010362,3,1,0,1
2023010462149,2023,010462149,545649,165714,0.091092,51.371812,1,3,2,1,15/08/2023,3,15:00,-1,E09000006,E09000006,E09000006,3,232,6,30,3,13,4,5,0,0,4,14,1,1,5,4,0,13,1,3,2,E01000790,-1,0,0,1
2023010471971,2023,010471971,542055,183404,0.046591,51.531681,1,3,2,1,14/10/2023,7,14:50,-1,E09000025,E09000025,E09000025,3,124,6,30,9,19,2,6,0,0,0,0,1,1,1,4,0,13,1,1,2,E01003493,-1,0,0,1
2023302301441,2023,302301441,422977,364840,-1.657656,53.180171,30,2,2,1,15/09/2023,6,11:00,-1,E07000035,E10000007,E10000007,5,0,6,50,0,0,-1,0,-1,0,0,0,1,1,1,4,0,13,2,1,2,E01019599,-1,0,1,0
2023461367258,2023,461367258,585478,162205,0.66088,51.328694,46,3,2,2,14/10/2023,7,05:15,-1,E07000110,E10000016,E10000016,3,249,3,50,0,0,-1,0,-1,0,0,0,4,1,2,4,0,13,2,1,1,E01024387,3,1,0,1
2023991313851,2023,991313851,261191,665022,-4.219258,55.858342,99,1,1,1,01/06/2023,5,10:37,-1,S12000049,S12000049,S12000049,6,0,6,30,3,13,4,6,0,0,0,0,1,1,1,4,1,13,1,1,-1,-1,1,1,0,0
2023430166306,2023,430166306,496823,203512,-0.599701,51.721984,43,2,2,1,17/04/2023,2,12:02,-1,E06000060,E06000060,E06000060,3,416,6,40,0,0,-1,0,-1,0,0,0,1,1,1,4,0,13,2,1,2,E01017780,-1,0,1,0
2023201389298,2023,201389298,410630,286381,-1.844928,52.47526,20,3,2,2,05/08/2023,7,18:50,-1,E08000025,E08000025,E08000025,6,0,6,30,0,0,-1,0,-1,0,0,0,1,2,2,4,0,13,1,2,2,E01009327,3,1,0,1
2023440481958,2023,440481958,480232,138061,-0.854634,51.136212,44,3,2,2,24/11/2023,6,21:40,-1,E07000085,E10000014,E10000014,3,325,6,50,0,0,-1,0,-1,0,0,0,6,1,1,4,0,13,2,1,2,E01022603,-1,0,0,1
2023430314268,2023,430314268,449387,210829,-1.285306,51.793942,43,3,2,2,15/07/2023,7,11:00,-1,E07000177,E10000025,E10000025,3,44,3,40,1,0,4,3,34,0,0,0,1,1,1,4,0,13,2,3,2,E01028511,-1,0,0.00225,0.99775
2023991318219,2023,991318219,258650,666489,-4.260585,55.870775,99,2,2,1,13/06/2023,3,09:15,-1,S12000049,S12000049,S12000049,3,81,6,30,0,0,-1,0,-1,0,0,0,1,1,1,4,0,13,1,1,-1,-1,7,1,1,0
2023161377756,2023,161377756,475430,428502,-0.85767,53.747445,16,3,2,1,22/11/2023,4,12:30,-1,E06000011,E06000011,E06000011,4,1230,6,30,3,13,4,6,0,0,0,0,1,1,1,4,0,13,2,1,2,E01013015,3,1,0,1
2023031328370,2023,031328370,297978,520081,-3.57941,54.565632,3,3,2,1,11/07/2023,3,16:05,-1,E06000063,E06000063,E06000063,3,595,6,40,3,13,4,6,0,0,0,0,1,1,1,4,0,13,1,1,1,E01019297,3,1,0,1
2023520301153,2023,520301153,380716,153386,-2.277859,51.279288,52,1,4,1,03/09/2023,1,17:00,-1,E06000066,E06000066,E06000066,3,361,6,30,3,13,4,6,0,0,0,0,1,1,1,4,0,13,2,1,2,E01029022,-1,0,0,0
2023131299003,2023,131299003,429051,435491,-1.560257,53.814897,13,3,2,1,19/04/2023,4,17:13,-1,E08000035,E08000035,E08000035,6,0,6,30,6,16,4,6,0,0,0,0,1,1,1,4,0,13,1,1,2,E01033005,3,1,0,1
2023010459806,2023,010459806,541068,184274,0.03272,51.539746,1,3,2,1,09/08/2023,4,23:38,-1,E09000025,E09000025,E09000025,4,167,6,20,3,13,4,6,0,0,1,13,4,1,1,4,0,13,1,1,2,E01003564,-1,0,0,1
2023440147903,2023,440147903,462031,150480,-1.112599,51.250127,44,3,2,2,15/04/2023,7,22:54,-1,E07000084,E10000014,E10000014,6,0,6,30,1,0,4,6,0,0,0,0,4,1,1,4,0,13,1,1,2,E01022548,-1,0,0,1
2023340WN2032,2023,340WN2032,473300,259013,-0.928333,52.224456,34,3,3,1,17/04/2023,2,12:00,-1,E06000062,E06000062,E06000062,3,5076,3,40,0,0,-1,0,-1,0,0,0,1,1,1,4,0,13,2,1,2,E01027234,-1,0,0,1
2023010433449,2023,010433449,545727,178464,0.097452,51.486358,1,3,2,1,20/03/2023,2,20:00,-1,E09000011,E09000011,E09000011,3,206,6,30,99,-1,2,6,0,9,5,15,4,1,1,4,0,13,1,3,2,E01001677,-1,0,0,1
2023221303654,2023,221303654,364949,269166,-2.515649,52.31947,22,3,1,1,28/04/2023,6,13:53,-1,E07000235,E10000034,E10000034,3,443,6,60,0,0,-1,0,-1,0,0,0,1,1,1,4,0,13,2,1,2,E01032193,3,1,0,1
202363D006623,2023,63D006623,297975,267213,-3.497375,52.293543,63,3,2,1,24/01/2023,3,17:00,-1,W06000023,W06000023,W06000023,3,470,6,60,0,0,-1,0,-1,0,0,0,6,7,2,4,0,13,2,1,-1,W01000477,-1,0,0.03064,0.96936
2023041367180,2023,041367180,333094,436827,-3.017865,53.82339,4,3,1,1,27/06/2023,3,00:01,-1,E06000009,E06000009,E06000009,3,587,3,30,1,0,4,3,587,0,0,0,4,1,1,4,0,13,1,1,2,E01012722,3,1,0,1
2023201376285,2023,201376285,407497,286486,-1.891051,52.476255,20,2,1,1,17/06/2023,7,15:06,-1,E08000025,E08000025,E08000025,4,4100,3,30,9,19,2,6,0,0,4,14,1,1,1,4,0,13,1,3,2,E01033561,7,1,1,0
2023010446138,2023,010446138,530583,188115,-0.116951,51.576784,1,3,2,1,30/05/2023,3,16:19,-1,E09000014,E09000014,E09000014,6,0,1,20,1,0,4,6,0,1,7,11,1,1,1,4,1,13,1,3,2,E01001986,-1,0,0,1
2023010472270,2023,010472270,531767,175896,-0.10444,51.466703,1,3,2,1,16/10/2023,2,13:50,-1,E09000022,E09000022,E09000022,5,0,9,20,0,0,-1,0,-1,9,9,99,1,1,1,4,0,13,1,3,2,E01003048,-1,0,0,1
2023471336011,2023,471336011,585438,125028,0.641157,50.99477,47,3,3,1,31/07/2023,2,16:50,-1,E07000064,E10000011,E10000011,3,268,6,60,0,0,-1,0,-1,2,0,12,1,2,2,4,0,13,2,1,2,E01021115,3,1,0,1
2023461296075,2023,461296075,614733,166922,1.083028,51.360763,46,2,4,4,30/03/2023,5,12:25,-1,E07000106,E10000016,E10000016,3,2990,6,40,0,0,-1,0,-1,0,0,0,1,1,1,4,0,13,2,1,2,E01024065,7,1,1,0
2023471283714,2023,471283714,528946,141631,-0.157407,51.15941,47,2,3,4,06/03/2023,2,23:45,-1,E07000226,E10000032,E10000032,3,23,3,50,0,0,-1,0,-1,0,0,0,4,1,2,4,0,13,2,1,1,E01031587,6,1,1,0
2023010472096,2023,010472096,517608,174409,-0.308669,51.456455,1,3,2,1,12/10/2023,5,21:30,-1,E09000027,E09000027,E09000027,3,305,6,20,3,13,4,3,305,0,5,15,4,2,2,4,0,13,1,3,2,E01003893,-1,0,0,1
2023010459780,2023,010459780,538564,180607,-0.004804,51.507414,1,3,2,1,09/08/2023,4,19:30,-1,E09000030,E09000030,E09000030,3,102,3,30,9,19,4,6,0,0,0,0,1,1,1,4,2,13,1,1,2,E01032776,-1,0,0,1
2023440025213,2023,440025213,459760,148390,-1.145482,51.231578,44,3,2,3,19/01/2023,5,15:38,-1,E07000084,E10000014,E10000014,3,30,3,30,0,0,-1,0,-1,0,0,0,1,1,2,4,0,13,2,1,2,E01032850,-1,0,0,1
2023221309037,2023,221309037,364688,266541,-2.519202,52.295855,22,2,1,1,18/05/2023,5,20:53,-1,E07000235,E10000034,E10000034,4,4204,6,60,0,0,-1,0,-1,0,0,0,1,1,1,4,0,13,2,1,2,E01032213,5,1,1,0
2023991359228,2023,991359228,365629,622510,-2.545573,55.495164,99,2,1,1,04/10/2023,4,06:20,-1,S12000026,S12000026,S12000026,3,68,6,60,0,0,-1,0,-1,0,0,0,6,1,1,4,2,13,2,1,-1,-1,7,1,1,0
2023201370254,2023,201370254,406752,290786,-1.901934,52.514921,20,2,2,1,08/06/2023,5,07:15,-1,E08000025,E08000025,E08000025,3,34,3,30,1,0,2,3,4040,0,5,15,1,1,1,4,0,13,1,2,2,E01009051,7,1,1,0
2023131290301,2023,131290301,431402,435025,-1.524599,53.810573,13,3,2,2,24/03/2023,6,23:47,-1,E08000035,E08000035,E08000035,6,0,6,30,6,16,2,6,0,2,5,12,4,2,2,4,0,13,1,1,2,E01011673,3,1,0,1
2023010469660,2023,010469660,526330,192309,-0.176783,51.615443,1,3,2,1,03/10/2023,3,08:00,-1,E09000003,E09000003,E09000003,3,1000,6,30,3,13,4,6,0,0,0,0,1,1,1,4,0,13,1,1,2,E01000299,-1,0,0,1
2023010446012,2023,010446012,529388,188370,-0.134092,51.579351,1,3,2,1,30/05/2023,3,11:10,-1,E09000014,E09000014,E09000014,5,0,6,20,3,13,4,6,0,0,0,0,1,8,1,4,0,13,1,3,2,E01001989,-1,0,0,1
2023221276333,2023,221276333,394515,254566,-2.081651,52.18931,22,3,2,1,13/02/2023,2,08:40,-1,E07000238,E10000034,E10000034,3,422,6,50,0,0,-1,0,-1,0,0,0,1,1,1,4,0,13,2,3,2,E01032417,3,1,0,1
2023610009823,2023,610009823,349200,210327,-2.737912,51.789281,61,3,2,3,14/02/2023,3,08:45,-1,W06000021,W06000021,W06000021,6,0,6,30,0,0,-1,0,-1,0,0,0,1,1,1,4,0,13,2,1,-1,W01001575,-1,0,0.15705,0.84295
2023170M11203,2023,170M11203,449330,520024,-1.238451,54.573036,17,3,1,1,12/08/2023,7,11:02,-1,E06000002,E06000002,E06000002,6,0,6,30,3,13,4,6,0,0,5,15,1,1,1,4,0,13,1,1,2,E01012068,-1,0,0.18236,0.81764
2023061303990,2023,061303990,377716,391011,-2.336733,53.415431,6,2,1,1,04/05/2023,5,10:11,-1,E08000009,E08000009,E08000009,3,56,6,30,0,0,-1,0,-1,0,8,17,1,1,1,4,0,13,1,1,2,E01006151,7,1,1,0
2023471270626,2023,471270626,515824,113249,-0.354031,50.907104,47,3,1,1,30/01/2023,2,21:40,-1,E07000227,E10000032,E10000032,3,283,6,60,0,0,-1,0,-1,0,0,0,6,1,2,4,0,13,2,1,2,E01031622,3,1,0,1
2023522400758,2023,522400758,360120,172467,-2.575279,51.449776,52,3,2,1,14/10/2023,7,17:28,-1,E06000023,E06000023,E06000023,6,0,6,20,0,0,-1,0,-1,0,0,0,1,1,2,4,0,13,1,1,2,E01033352,-1,0,0.18406,0.81594
2023451279545,2023,451279545,506822,157970,-0.468788,51.31083,45,2,3,1,22/02/2023,4,07:00,-1,E07000209,E10000030,E10000030,3,3,3,70,9,19,4,6,0,0,0,0,1,2,2,4,0,13,2,1,1,E01030458,7,1,1,0
2023991359875,2023,991359875,208786,701398,-5.08124,56.166768,99,3,1,1,05/10/2023,5,11:08,-1,S12000035,S12000035,S12000035,3,886,6,60,0,0,-1,0,-1,0,0,0,1,2,2,4,2,13,2,1,-1,-1,3,1,0,1
2023332300238,2023,332300238,458521,302109,-1.137136,52.613613,33,3,1,1,03/04/2023,2,13:00,-1,E06000016,E06000016,E06000016,4,5366,6,30,3,13,4,6,0,0,0,0,1,1,1,4,0,13,1,1,2,E01013688,-1,0,0.04334,0.95666
2023031271469,2023,031271469,336490,552911,-2.991074,54.866927,3,3,4,1,02/02/2023,5,12:18,-1,E06000063,E06000063,E06000063,3,595,6,60,0,0,-1,0,-1,0,0,0,1,1,2,4,0,13,2,1,2,E01019214,3,1,0,1
2023201378426,2023,201378426,393924,293930,-2.091023,52.543191,20,3,2,3,31/10/2023,3,15:15,-1,E08000027,E08000027,E08000027,3,4123,3,40,6,16,2,6,0,0,5,15,1,1,2,4,0,13,1,1,2,E01009768,3,1,0,1
2023010434567,2023,010434567,516981,185114,-0.314143,51.552797,1,3,2,1,27/03/2023,2,13:48,-1,E09000005,E09000005,E09000005,3,404,1,20,1,0,2,5,0,9,5,15,1,1,1,4,0,13,1,3,2,E01000608,-1,0,0,1
2023010471355,2023,010471355,531483,182067,-0.106229,51.522225,1,3,2,1,11/10/2023,4,13:12,-1,E09000019,E09000019,E09000019,3,5201,6,20,3,13,4,5,0,0,5,15,1,1,1,4,0,13,1,1,2,E01002724,-1,0,0,1
2023010469261,2023,010469261,528574,182136,-0.14811,51.523514,1,3,2,1,30/09/2023,7,23:08,-1,E09000033,E09000033,E09000033,3,501,3,20,6,16,2,3,4201,0,5,15,4,1,1,4,0,13,1,1,2,E01004716,-1,0,0,1
2023461314022,2023,461314022,589027,150661,0.705659,51.223841,46,3,3,3,24/05/2023,4,22:40,-1,E07000110,E10000016,E10000016,1,20,3,70,0,0,-1,0,-1,0,0,0,6,1,1,4,0,13,2,1,1,E01024362,3,1,0,1
2023522301571,2023,522301571,356797,167524,-2.622491,51.405089,52,3,2,1,24/05/2023,4,19:02,-1,E06000023,E06000023,E06000023,6,0,6,30,3,13,4,6,0,0,0,0,1,1,1,4,0,13,1,1,2,E01014516,-1,0,0.08734,0.91266
2023501340670,2023,501340670,174702,46954,-5.163593,50.279453,50,3,2,1,10/08/2023,5,08:07,-1,E06000052,E06000052,E06000052,3,30,1,30,1,0,4,4,3277,0,0,0,1,1,2,4,0,13,2,1,1,E01018820,3,1,0,1
2023131368776,2023,131368776,415855,433428,-1.76078,53.796922,13,3,2,2,30/10/2023,2,07:23,-1,E08000032,E08000032,E08000032,4,6144,6,40,0,0,-1,0,-1,0,0,0,1,2,2,4,0,13,1,1,2,E01033691,3,1,0,1
2023010447334,2023,010447334,530895,178120,-0.116163,51.486891,1,3,2,1,06/06/2023,3,16:05,-1,E09000022,E09000022,E09000022,3,3204,6,20,0,0,-1,0,-1,0,4,14,1,1,1,4,0,13,1,1,2,E01003109,-1,0,0,1
2023552300869,2023,552300869,402432,91742,-1.96691,50.725297,55,3,2,1,26/07/2023,4,18:17,-1,E06000058,E06000058,E06000058,3,35,6,30,6,16,2,4,3068,0,5,15,1,5,2,4,0,13,1,1,2,E01015466,-1,0,0.12619,0.87381
2023010430563,2023,010430563,534289,193245,-0.06154,51.622013,1,3,2,1,05/03/2023,1,20:45,-1,E09000010,E09000010,E09000010,3,1010,6,30,3,13,4,6,0,0,1,13,4,1,1,4,0,13,1,1,2,E01001429,-1,0,0,1
2023531283757,2023,531283757,384995,216185,-2.219213,51.844063,53,3,1,1,06/03/2023,2,15:30,-1,E07000081,E10000013,E10000013,4,4073,6,30,6,16,2,6,0,2,5,12,1,1,2,4,0,13,1,1,2,E01022324,3,1,0,1
2023552300154,2023,552300154,410935,92428,-1.846426,50.73137,55,3,2,1,26/01/2023,5,17:42,-1,E06000058,E06000058,E06000058,6,0,6,30,6,16,4,6,0,0,0,0,7,1,1,4,0,13,1,2,2,E01015293,-1,0,0.0133,0.9867
2023141292119,2023,141292119,434911,387424,-1.476624,53.382518,14,2,1,1,27/03/2023,2,12:35,-1,E08000019,E08000019,E08000039,6,0,6,40,0,0,-1,0,-1,0,0,0,1,1,1,4,0,13,1,2,2,E01033261,7,1,1,0
2023170S10413,2023,170S10413,441098,517747,-1.366096,54.553309,17,3,2,1,06/03/2023,2,09:44,-1,E06000004,E06000004,E06000004,5,0,6,30,3,13,4,5,0,0,0,0,1,1,1,4,0,13,2,2,2,E01012225,-1,0,0.01666,0.98334
2023070877591,2023,070877591,366294,386318,-2.508071,53.37264,7,2,3,4,13/09/2023,4,23:00,-1,E06000007,E06000007,E06000007,1,6,3,70,0,0,-1,0,-1,0,0,0,4,1,2,4,0,13,2,1,1,E01012513,-1,0,1,0
2023501345436,2023,501345436,177688,48786,-5.122826,50.297037,50,2,2,1,25/08/2023,6,09:01,-1,E06000052,E06000052,E06000052,3,30,6,60,9,19,2,4,3284,0,0,0,1,1,1,4,0,13,2,1,1,E01018821,5,1,1,0
2023201397190,2023,201397190,411795,286976,-1.827756,52.480585,20,3,1,1,27/11/2023,2,08:08,-1,E08000025,E08000025,E08000025,4,4128,3,30,0,0,-1,0,-1,0,4,14,1,2,2,4,0,13,1,1,2,E01009477,3,1,0,1
2023010420429,2023,010420429,532235,178452,-0.096751,51.489563,1,3,1,1,05/01/2023,5,08:00,-1,E09000028,E09000028,E09000028,3,215,3,20,6,16,2,3,215,0,4,14,1,1,1,4,2,13,1,1,2,E01032639,-1,0,0,1
2023471265408,2023,471265408,577306,108498,0.517366,50.848831,47,3,2,1,19/01/2023,5,08:09,-1,E07000062,E10000011,E10000011,3,259,6,30,0,0,-1,0,-1,0,0,0,1,1,4,4,0,13,1,1,2,E01021017,3,1,0,1
2023451371388,2023,451371388,482829,145891,-0.815723,51.206235,45,3,2,2,06/11/2023,2,20:10,-1,E07000216,E10000030,E10000030,3,31,1,50,1,0,4,3,325,0,0,0,4,1,1,4,0,13,2,1,2,E01030905,3,1,0,1
2023471383676,2023,471383676,484665,104366,-0.799129,50.832647,47,2,2,1,07/12/2023,5,01:10,-1,E07000225,E10000032,E10000032,3,27,1,70,1,0,4,3,259,0,0,0,4,2,2,4,0,13,2,1,1,E01031505,7,1,1,0
2023501273569,2023,501273569,179370,49728,-5.099796,50.306128,50,3,2,2,07/02/2023,3,17:45,-1,E06000052,E06000052,E06000052,3,30,6,50,0,0,-1,0,-1,0,0,0,1,1,1,4,0,13,2,1,1,E01018843,3,1,0,1
2023401314224,2023,401314224,492467,227574,-0.656323,51.939,40,3,4,1,04/05/2023,5,20:52,-1,E06000056,E06000056,E06000056,6,0,6,30,0,0,-1,0,-1,0,0,0,4,1,1,4,0,13,2,1,2,E01017577,3,1,0,1
2023141352992,2023,141352992,435254,387695,-1.471438,53.384931,14,2,1,1,15/09/2023,6,23:30,-1,E08000019,E08000019,E08000039,4,6539,3,30,0,0,-1,0,-1,0,5,15,4,1,1,4,0,13,1,1,2,E01033262,7,1,1,0
2023131357544,2023,131357544,419385,433862,-1.707163,53.800704,13,3,2,1,11/09/2023,2,15:27,-1,E08000032,E08000032,E08000032,3,647,1,30,3,13,4,6,0,2,5,12,1,1,1,4,2,13,1,2,2,E01010627,3,1,0,1
2023010421440,2023,010421440,528046,188468,-0.153413,51.580538,1,3,2,1,14/01/2023,7,21:04,-1,E09000014,E09000014,E09000014,3,1,6,30,99,-1,2,6,0,9,0,0,4,1,1,4,0,13,1,3,2,E01002011,-1,0,0,1
2023010470690,2023,010470690,554986,188829,0.235258,51.577024,1,3,3,1,07/10/2023,7,23:00,-1,E09000016,E09000016,E09000016,5,0,6,30,0,0,-1,0,-1,0,0,0,4,1,1,4,0,13,1,1,2,E01002269,-1,0,0,1
2023010429689,2023,010429689,539923,174343,0.012286,51.450792,1,3,2,1,28/02/2023,3,14:47,-1,E09000023,E09000023,E09000023,3,2212,6,20,3,13,2,6,0,0,0,0,1,1,1,4,0,13,1,3,2,E01003285,-1,0,0,1
2023311300426,2023,311300426,454799,360688,-1.182258,53.140535,31,2,1,1,26/03/2023,1,04:37,-1,E07000174,E10000024,E10000024,3,6191,6,30,0,0,-1,0,-1,0,0,0,4,3,2,4,0,13,1,1,2,E01028269,5,1,1,0
2023451322522,2023,451322522,504206,164158,-0.504497,51.366937,45,3,2,1,25/06/2023,1,12:50,-1,E07000212,E10000030,E10000030,1,25,3,70,0,0,-1,0,-1,0,0,0,1,1,1,4,0,13,1,3,1,E01030662,3,1,0,1
2023991294553,2023,991294553,338341,672654,-2.988747,55.94296,99,3,3,2,06/04/2023,5,07:40,-1,S12000010,S12000010,S12000010,3,1,3,70,5,0,4,3,1,0,0,0,1,1,1,4,0,13,2,1,-1,-1,3,1,0,1
202360A122850,2023,60A122850,255366,372226,-4.168103,53.227329,60,3,1,1,03/08/2023,5,15:35,-1,W06000001,W06000001,W06000001,6,0,6,30,3,13,1,4,5420,0,0,0,1,1,1,4,0,13,2,1,-1,W01000042,-1,0,0.14544,0.85456
2023340WN5502,2023,340WN5502,473742,265248,-0.920504,52.280442,34,3,2,1,28/10/2023,7,12:14,-1,E06000062,E06000062,E06000062,5,0,6,30,8,18,4,6,0,0,8,17,1,1,1,4,0,13,2,3,2,E01026997,-1,0,0,1
2023061348389,2023,061348389,383071,398691,-2.256583,53.484662,6,3,2,1,13/08/2023,1,00:38,-1,E08000006,E08000006,E08000006,3,6042,3,30,0,0,-1,0,-1,0,0,0,4,1,1,4,0,13,1,2,2,E01032687,3,1,0,1
2023010438020,2023,010438020,533175,196583,-0.076354,51.652274,1,3,1,2,10/04/2023,2,12:20,-1,E09000010,E09000010,E09000010,3,110,6,30,6,16,2,3,110,0,5,15,1,1,1,4,0,13,1,3,2,E01001512,-1,0,0,1
2023010448138,2023,010448138,536435,196972,-0.029108,51.654988,1,3,2,1,08/06/2023,5,18:00,-1,E09000010,E09000010,E09000010,3,1055,3,40,1,0,4,6,0,0,0,0,1,1,1,4,0,13,1,3,2,E01001437,-1,0,0,1
2023010471287,2023,010471287,535774,189398,-0.04159,51.587088,1,3,2,1,09/10/2023,2,07:52,-1,E09000031,E09000031,E09000031,3,503,6,30,0,0,-1,0,-1,0,9,0,1,1,1,4,0,13,1,3,2,E01004391,-1,0,0,1
2023161291832,2023,161291832,503639,433144,-0.428509,53.784313,16,3,2,1,29/03/2023,4,15:03,-1,E06000011,E06000011,E06000011,4,1233,6,30,0,0,-1,0,-1,0,0,0,1,2,2,4,0,13,1,1,2,E01012956,3,1,0,1
2023122301352,2023,122301352,459219,450755,-1.099171,53.949517,12,3,2,1,21/10/2023,7,21:09,-1,E06000014,E06000014,E06000014,3,1036,6,30,3,13,4,6,0,0,0,0,4,1,1,4,0,13,1,2,2,E01013417,-1,0,0.05734,0.94266
2023141378703,2023,141378703,441294,389513,-1.380398,53.400835,14,2,3,4,23/11/2023,5,18:09,-1,E08000018,E08000018,E08000018,1,1,3,70,0,0,-1,0,-1,0,0,0,6,1,1,4,0,13,2,1,1,E01007705,7,1,1,0
2023010442225,2023,010442225,529511,189257,-0.131991,51.587294,1,3,2,3,10/05/2023,4,15:42,-1,E09000014,E09000014,E09000014,3,504,6,30,3,13,4,6,0,0,1,13,1,1,1,4,0,13,1,1,2,E01002021,-1,0,0,1
2023010463262,2023,010463262,542072,183411,0.046839,51.53174,1,3,2,1,31/08/2023,5,01:14,-1,E09000025,E09000025,E09000025,3,124,6,30,9,19,4,6,0,0,0,0,4,1,1,4,0,13,1,1,2,E01003524,-1,0,0,1
2023461362393,2023,461362393,560006,145234,0.288021,51.183947,46,2,1,1,26/09/2023,3,14:00,-1,E07000115,E10000016,E10000016,3,26,6,30,0,0,-1,0,-1,0,0,0,1,1,1,4,0,13,2,1,2,E01024767,6,1,1,0
2023332300678,2023,332300678,459615,298560,-1.121619,52.581593,33,3,3,1,07/08/2023,2,17:55,-1,E07000135,E10000018,E10000018,4,582,6,30,3,13,4,6,0,0,0,0,1,1,1,4,0,13,1,1,2,E01025992,-1,0,0.01776,0.98224
2023540719923,2023,540719923,424574,121884,-1.651207,50.995832,54,3,2,1,21/01/2023,7,07:12,-1,E06000054,E06000054,E06000054,3,36,6,60,0,0,-1,0,-1,0,0,0,6,1,4,4,0,13,2,1,1,E01031972,-1,0,0.01663,0.98337
2023010476767,2023,010476767,531063,174935,-0.114925,51.45823,1,3,2,1,08/11/2023,4,15:15,-1,E09000022,E09000022,E09000022,3,204,6,20,0,0,-1,0,-1,9,8,17,1,2,2,4,2,13,1,3,2,E01003176,-1,0,0,1
2023010426753,2023,010426753,544883,188542,0.089448,51.57713,1,3,2,1,12/02/2023,1,11:20,-1,E09000026,E09000026,E09000026,6,0,6,30,0,0,-1,0,-1,0,0,0,1,1,1,4,2,13,1,1,2,E01003642,-1,0,0,1
2023041272438,2023,041272438,384920,432469,-2.23037,53.788319,4,3,2,1,04/02/2023,7,23:27,-1,E07000117,E10000017,E10000017,6,0,6,30,0,0,-1,0,-1,0,0,0,4,1,1,4,0,13,1,1,2,E01024855,3,1,0,1
2023161300362,2023,161300362,467077,421550,-0.985814,53.686109,16,3,2,1,23/04/2023,1,19:20,-1,E06000011,E06000011,E06000011,3,614,6,30,3,13,2,3,614,0,0,0,1,1,1,4,0,13,2,2,2,E01013072,3,1,0,1
2023141357190,2023,141357190,465917,399518,-1.008022,53.488257,14,3,2,1,26/09/2023,3,17:55,-1,E08000017,E08000017,E08000017,6,0,6,30,6,16,4,6,0,0,0,0,1,1,1,4,0,13,2,2,2,E01007602,3,1,0,1
2023131310829,2023,131310829,428363,426431,-1.571536,53.733506,13,3,2,1,24/05/2023,4,07:17,-1,E08000035,E08000035,E08000035,1,62,3,70,0,0,-1,0,-1,0,0,0,1,1,1,4,0,13,1,1,1,E01011538,3,1,0,1
2023101278090,2023,101278090,425331,563760,-1.605867,54.967826,10,3,3,1,19/02/2023,1,16:40,-1,E08000037,E08000037,E08000037,3,167,6,40,0,0,-1,0,-1,0,0,0,1,1,1,4,0,13,2,1,2,E01008166,3,1,0,1
2023010477984,2023,010477984,526999,182361,-0.170718,51.525892,1,3,1,1,14/11/2023,3,18:04,-1,E09000033,E09000033,E09000033,4,507,6,20,3,13,4,6,0,0,0,0,4,1,2,4,0,13,1,1,2,E01004670,-1,0,0,1
2023351390664,2023,351390664,546946,262330,0.150642,52.239552,35,3,2,1,04/12/2023,2,12:00,-1,E07000012,E10000003,E10000003,3,10,3,70,0,0,-1,0,-1,0,0,0,1,1,2,4,0,13,2,1,2,E01018274,3,1,0,1
2023461394806,2023,461394806,611540,165550,1.036418,51.349641,46,3,2,1,20/12/2023,4,14:21,-1,E07000106,E10000016,E10000016,6,0,6,30,0,0,-1,0,-1,0,0,0,1,1,1,4,0,13,1,1,2,E01024062,3,1,0,1
2023991317938,2023,991317938,309328,728543,-3.47221,56.440322,99,3,3,1,31/05/2023,4,16:44,-1,S12000048,S12000048,S12000048,3,9,3,70,0,0,-1,0,-1,0,0,0,1,1,1,4,0,13,2,1,-1,-1,3,1,0,1
2023991292542,2023,991292542,260858,665761,-4.224953,55.864881,99,3,1,1,31/03/2023,6,08:30,-1,S12000049,S12000049,S12000049,3,8,6,30,0,0,-1,0,-1,0,0,0,1,1,1,4,0,13,1,1,-1,-1,3,1,0,1
2023201267121,2023,201267121,399765,291954,-2.004894,52.525462,20,2,3,1,04/01/2023,4,13:50,-1,E08000028,E08000028,E08000028,3,41,1,30,1,0,4,3,41,0,0,0,1,1,2,4,0,13,1,2,2,E01010103,5,1,1,0
2023010449486,2023,010449486,535511,179064,-0.049359,51.494288,1,3,2,1,16/06/2023,6,13:35,-1,E09000028,E09000028,E09000028,3,200,3,20,0,0,-1,0,-1,0,4,14,1,1,1,4,0,13,1,1,2,E01004031,-1,0,0,1
2023371312575,2023,371312575,645173,275789,1.596528,52.325383,37,1,3,1,25/05/2023,5,19:28,-1,E07000244,E10000029,E10000029,3,12,6,40,0,0,-1,0,-1,0,0,0,1,1,1,4,2,13,2,1,2,E01030219,1,1,0,0
2023071213986,2023,071213986,362000,395079,-2.573666,53.451093,7,2,2,1,01/12/2023,6,16:00,-1,E06000007,E06000007,E06000007,3,579,6,30,0,0,-1,0,-1,0,0,0,4,8,4,4,0,13,2,1,2,E01012472,-1,0,1,0
2023122300386,2023,122300386,421574,506520,-1.668765,54.453619,12,3,2,1,24/04/2023,2,06:12,-1,E06000065,E06000065,E06000065,2,1,3,50,0,0,-1,0,-1,0,0,0,1,1,1,4,0,13,2,1,1,E01027761,-1,0,0.02197,0.97803
2023010441207,2023,010441207,530696,183957,-0.116865,51.539392,1,3,2,1,04/05/2023,5,16:38,-1,E09000019,E09000019,E09000019,3,5203,6,20,3,13,4,6,0,0,1,13,1,1,1,4,0,13,1,3,2,E01002714,-1,0,0,1
2023010451152,2023,010451152,541129,181214,0.032374,51.512234,1,3,2,1,23/06/2023,6,15:30,-1,E09000025,E09000025,E09000025,3,112,6,30,99,-1,9,6,0,9,5,15,1,1,1,4,0,13,1,3,2,E01003512,-1,0,0,1
2023471319227,2023,471319227,550958,130322,0.152425,51.052412,47,3,3,1,15/06/2023,5,18:10,-1,E07000065,E10000011,E10000011,3,26,6,40,3,13,4,6,0,0,0,0,1,1,1,4,0,13,1,1,2,E01021162,3,1,0,1
2023332300206,2023,332300206,475340,318410,-0.885056,52.758057,33,3,2,1,21/03/2023,3,16:40,-1,E07000133,E10000018,E10000018,6,0,6,30,0,0,-1,0,-1,0,0,0,1,1,1,4,0,13,1,1,2,E01025908,-1,0,0.09183,0.90817
2023471342526,2023,471342526,535680,128587,-0.066064,51.040629,47,3,1,1,16/08/2023,4,21:09,-1,E07000228,E10000032,E10000032,4,2028,6,60,3,13,1,6,0,2,0,12,6,1,1,4,0,13,2,1,2,E01031694,3,1,0,1
2023430123419,2023,430123419,472178,173399,-0.962594,51.454982,43,3,2,1,20/03/2023,2,10:03,-1,E06000038,E06000038,E06000038,3,329,3,30,6,16,2,6,0,0,5,15,1,1,2,4,0,13,1,1,2,E01033418,-1,0,0.04718,0.95282
2023070592320,2023,070592320,346140,359157,-2.806357,53.126846,7,2,2,1,02/07/2023,1,01:50,-1,E06000050,E06000050,E06000050,3,41,6,50,0,0,-1,0,-1,0,0,0,6,1,1,4,0,13,2,1,2,E01018371,-1,0,1,0
2023101364954,2023,101364954,400313,625876,-1.996599,55.526625,10,2,3,1,06/08/2023,1,13:05,-1,E06000057,E06000057,E06000057,3,697,6,60,9,19,4,6,0,0,0,0,1,1,1,4,0,13,2,1,2,E01027375,6,1,1,0
2023131384515,2023,131384515,416155,432864,-1.756255,53.791844,13,2,2,1,08/12/2023,6,16:55,-1,E08000032,E08000032,E08000032,3,6181,6,30,0,0,-1,0,-1,0,4,14,4,1,2,4,0,13,1,1,2,E01010834,7,1,1,0
2023311346081,2023,311346081,453701,337026,-1.202602,52.927967,31,2,2,3,27/08/2023,1,23:35,-1,E07000172,E10000024,E10000024,3,6005,6,30,3,13,2,6,0,0,5,15,4,1,1,4,0,13,1,1,2,E01028074,6,1,1,0
2023430482863,2023,430482863,453411,207443,-1.227484,51.763132,43,2,2,1,26/10/2023,5,13:15,-1,E07000178,E10000025,E10000025,6,0,6,20,0,0,-1,0,-1,0,0,0,1,1,2,4,0,13,1,3,2,E01028540,-1,0,1,0
2023010477586,2023,010477586,539813,180754,0.01324,51.508428,1,2,1,1,25/10/2023,4,18:45,-1,E09000025,E09000025,E09000025,3,1020,1,30,1,0,4,6,0,9,1,13,4,4,1,4,9,13,1,3,2,E01033576,-1,0,1,0
2023430284515,2023,430284515,454127,206902,-1.217195,51.758199,43,2,2,2,28/06/2023,4,04:00,-1,E07000178,E10000025,E10000025,3,420,6,20,3,13,4,6,0,0,0,0,4,1,1,4,0,13,1,1,2,E01028535,-1,0,1,0
2023451363161,2023,451363161,510211,156026,-0.420784,51.292711,45,3,2,1,10/10/2023,3,08:40,-1,E07000209,E10000030,E10000030,6,0,6,30,3,13,4,6,0,0,0,0,1,1,1,4,0,13,2,1,2,E01030443,3,1,0,1
2023122301176,2023,122301176,459829,453708,-1.089299,53.975985,12,2,3,2,05/09/2023,3,21:20,-1,E06000014,E06000014,E06000014,6,0,6,30,3,13,2,6,0,0,4,14,4,1,1,4,0,13,1,1,2,E01013347,-1,0,1,0
2023031369100,2023,031369100,337391,553608,-2.977189,54.873303,3,3,3,1,31/10/2023,3,17:28,-1,E06000063,E06000063,E06000063,6,0,6,60,0,0,-1,0,-1,0,0,0,4,2,1,4,0,13,2,1,2,E01019214,3,1,0,1
2023010422863,2023,010422863,522414,189691,-0.234227,51.592779,1,2,1,1,22/01/2023,1,13:48,-1,E09000003,E09000003,E09000003,3,41,3,50,6,16,2,5,0,0,7,16,1,1,1,4,0,13,1,1,2,E01000239,-1,0,1,0
2023010436193,2023,010436193,525881,170657,-0.190991,51.420958,1,3,2,1,06/04/2023,5,14:50,-1,E09000024,E09000024,E09000024,5,0,6,30,3,13,4,6,0,0,0,0,1,1,1,4,0,13,1,3,2,E01003458,-1,0,0,1
2023201370635,2023,201370635,405257,287559,-1.924014,52.485927,20,3,2,1,26/05/2023,6,15:22,-1,E08000025,E08000025,E08000025,3,457,6,30,3,13,4,6,0,0,4,14,1,1,1,4,0,13,1,1,2,E01009141,3,1,0,1
2023320446759,2023,320446759,513777,355783,-0.30264,53.08715,32,3,1,2,19/07/2023,4,16:25,-1,E07000139,E10000019,E10000019,4,1189,6,60,0,0,-1,0,-1,0,0,0,1,1,2,4,0,13,2,1,2,E01026183,-1,0,0.11158,0.88842
2023991332200,2023,991332200,215991,673470,-4.946201,55.919016,99,3,2,1,21/07/2023,6,16:16,-1,S12000035,S12000035,S12000035,3,815,6,40,0,0,-1,0,-1,0,0,0,1,1,1,4,0,13,2,1,-1,-1,3,1,0,1
2023991293333,2023,991293333,263386,665357,-4.184388,55.861977,99,2,2,1,03/04/2023,2,16:40,-1,S12000049,S12000049,S12000049,6,0,6,30,3,13,4,6,0,0,0,0,1,1,1,4,0,13,1,1,-1,-1,6,1,1,0
2023522400460,2023,522400460,369281,172733,-2.443477,51.452741,52,3,3,1,25/09/2023,2,12:10,-1,E06000025,E06000025,E06000025,3,420,6,40,0,0,-1,0,-1,0,0,0,1,1,1,4,0,13,2,3,2,E01014871,-1,0,0.0098,0.9902
2023552301317,2023,552301317,387351,122492,-2.181639,51.001678,55,3,2,1,04/11/2023,7,14:10,-1,E06000059,E06000059,E06000059,3,30,6,40,6,16,4,4,3081,0,0,0,1,1,1,4,0,13,2,1,2,E01020455,-1,0,0.04158,0.95842
2023201347470,2023,201347470,411699,286489,-1.829186,52.476209,20,3,2,1,17/05/2023,4,08:19,-1,E08000025,E08000025,E08000025,6,0,6,20,8,18,4,6,0,1,1,11,1,1,1,4,0,13,1,1,2,E01009342,3,1,0,1
2023010426436,2023,010426436,536092,169659,-0.04461,51.409633,1,3,2,1,20/01/2023,6,13:05,-1,E09000006,E09000006,E09000006,3,234,6,30,0,0,-1,0,-1,9,9,99,1,1,1,4,0,13,1,3,2,E01000702,-1,0,0,1
2023010450629,2023,010450629,556362,192924,0.256922,51.613435,1,3,2,2,22/06/2023,5,03:10,-1,E09000016,E09000016,E09000016,1,25,3,70,0,0,-1,0,-1,0,0,0,4,1,1,4,0,13,2,1,1,E01002277,-1,0,0,1
2023010443182,2023,010443182,530608,186135,-0.117326,51.558985,1,3,1,1,15/05/2023,2,13:28,-1,E09000019,E09000019,E09000019,3,503,2,20,9,19,4,6,0,0,0,0,1,1,1,4,2,13,1,1,2,E01002731,-1,0,0,1
2023010447899,2023,010447899,532025,182212,-0.098367,51.523402,1,3,2,1,08/06/2023,5,17:45,-1,E09000019,E09000019,E09000019,3,5201,6,20,6,16,2,3,1,0,5,15,1,1,1,4,0,13,1,3,2,E01033489,-1,0,0,1
2023501285951,2023,501285951,202821,71237,-4.782193,50.507646,50,2,1,1,17/02/2023,6,05:41,-1,E06000052,E06000052,E06000052,3,389,6,60,0,0,-1,0,-1,0,0,0,6,2,2,4,0,13,2,1,2,E01018924,7,1,1,0
2023141326388,2023,141326388,453809,402297,-1.190006,53.514608,14,2,2,3,05/07/2023,4,23:09,-1,E08000017,E08000017,E08000017,6,0,6,30,6,16,4,6,0,0,1,13,4,1,1,4,0,13,1,1,2,E01007617,7,1,1,0
2023010453826,2023,010453826,524052,186324,-0.211781,51.562162,1,3,2,1,01/03/2023,4,08:10,-1,E09000003,E09000003,E09000003,6,0,1,30,6,16,4,6,0,0,0,0,1,1,1,4,0,13,1,3,2,E01000142,-1,0,0,1
2023010474493,2023,010474493,527785,181602,-0.15967,51.518894,1,2,1,1,27/10/2023,6,23:45,-1,E09000033,E09000033,E09000033,6,0,6,20,99,-1,9,6,0,0,1,13,7,2,2,4,0,13,1,3,2,E01004657,-1,0,1,0
2023211350829,2023,211350829,410713,310808,-1.842924,52.694851,21,2,3,1,05/09/2023,3,07:00,-1,E07000194,E10000028,E10000028,6,0,6,40,6,16,4,3,5192,0,0,0,1,1,1,4,0,13,1,1,2,E01029492,7,1,1,0
2023451365531,2023,451365531,507832,158801,-0.454051,51.318109,45,3,2,1,21/10/2023,7,14:57,-1,E07000209,E10000030,E10000030,3,3,3,70,0,0,-1,0,-1,0,0,0,5,2,2,4,0,13,2,1,1,E01030458,3,1,0,1
2023991326374,2023,991326374,282259,638732,-3.871547,55.627861,99,3,2,1,05/07/2023,4,13:32,-1,S12000029,S12000029,S12000029,4,7078,6,50,0,0,-1,0,-1,0,0,0,1,1,1,4,0,13,2,1,-1,-1,3,1,0,1
2023991266600,2023,991266600,258640,666375,-4.260685,55.869748,99,3,2,1,22/01/2023,1,16:00,-1,S12000049,S12000049,S12000049,3,804,6,30,1,0,2,3,804,0,0,0,1,1,1,4,0,13,1,2,-1,-1,3,1,0,1
2023161365460,2023,161365460,470447,422992,-0.934469,53.698625,16,3,1,1,21/10/2023,7,07:55,-1,E06000011,E06000011,E06000011,1,62,3,70,0,0,-1,0,-1,0,0,0,1,5,2,4,0,13,2,1,1,E01013072,3,1,0,1
2023201268107,2023,201268107,407708,286413,-1.887946,52.475596,20,3,1,1,17/01/2023,3,07:54,-1,E08000025,E08000025,E08000025,4,4100,3,30,0,0,-1,0,-1,0,0,0,1,1,1,4,0,13,1,1,2,E01009200,3,1,0,1
2023010451175,2023,010451175,524867,181968,-0.201574,51.522835,1,3,2,1,24/06/2023,7,13:40,-1,E09000033,E09000033,E09000033,3,4207,3,20,3,13,2,6,0,0,0,0,1,1,1,4,0,13,1,3,2,E01004755,-1,0,0,1
2023622300823,2023,622300823,312281,173134,-3.263736,51.450373,62,3,2,2,27/09/2023,4,19:16,-1,W06000014,W06000014,W06000014,3,4050,6,50,0,0,-1,0,-1,0,0,0,1,2,2,4,0,13,2,1,-1,W01001136,-1,0,0.07786,0.92214
2023401276128,2023,401276128,507019,220866,-0.446799,51.876106,40,3,2,1,01/02/2023,4,22:45,-1,E06000056,E06000056,E06000056,1,1,3,50,0,0,-1,0,-1,0,0,0,4,1,1,4,0,13,2,1,1,E01017562,3,1,0,1
2023131387479,2023,131387479,432175,427270,-1.513667,53.740827,13,3,2,1,13/12/2023,4,02:50,-1,E08000035,E08000035,E08000035,1,1,3,70,0,0,-1,0,-1,0,0,0,4,1,2,4,0,13,2,1,1,E01032495,3,1,0,1
2023010429015,2023,010429015,531127,168810,-0.11627,51.403172,1,3,2,1,24/02/2023,6,18:00,-1,E09000008,E09000008,E09000008,6,0,6,20,6,16,4,6,0,0,0,0,1,1,1,4,0,13,1,1,2,E01001086,-1,0,0,1
2023320729502,2023,320729502,522572,374386,-0.164271,53.25234,32,3,2,3,25/11/2023,7,16:40,-1,E07000137,E10000019,E10000019,4,1225,6,60,0,0,-1,0,-1,0,0,0,6,1,2,4,0,13,2,1,2,E01026082,-1,0,0.13292,0.86708
2023211328296,2023,211328296,415103,311564,-1.777935,52.701544,21,3,2,1,11/07/2023,3,09:42,-1,E07000194,E10000028,E10000028,3,38,3,70,0,0,-1,0,-1,0,0,0,1,1,1,4,0,13,2,1,1,E01029479,3,1,0,1
2023552300342,2023,552300342,406850,91673,-1.90432,50.724642,55,3,2,1,09/03/2023,5,22:23,-1,E06000058,E06000058,E06000058,3,338,3,40,0,0,-1,0,-1,0,0,0,7,2,2,4,0,13,1,2,2,E01015371,-1,0,0.02033,0.97967
2023131368653,2023,131368653,404670,446990,-1.930382,53.919034,13,3,3,2,30/10/2023,2,12:01,-1,E08000032,E08000032,E08000032,3,6034,6,30,0,0,-1,0,-1,0,0,0,1,2,2,4,0,13,2,1,2,E01010638,3,1,0,1
2023041294143,2023,041294143,353610,429395,-2.705112,53.758837,4,2,1,1,05/04/2023,4,16:33,-1,E07000123,E10000017,E10000017,3,59,3,30,6,16,2,6,0,2,5,12,1,1,2,4,0,13,1,2,2,E01025306,5,1,1,0
2023161334183,2023,161334183,512605,414438,-0.299281,53.614396,16,3,1,1,27/07/2023,5,21:40,-1,E06000013,E06000013,E06000013,3,180,3,70,0,0,-1,0,-1,0,0,0,6,1,1,4,0,13,2,1,1,E01013308,3,1,0,1
2023522400332,2023,522400332,362637,184174,-2.540304,51.555207,52,3,2,1,17/09/2023,1,17:00,-1,E06000025,E06000025,E06000025,1,5,3,70,0,0,-1,0,-1,0,0,0,1,2,2,4,0,13,2,3,1,E01014862,-1,0,0.00856,0.99144
2023201320734,2023,201320734,407666,286272,-1.888568,52.474329,20,2,1,1,06/06/2023,3,13:13,-1,E08000025,E08000025,E08000025,4,4100,6,30,9,19,2,6,0,0,5,15,1,1,1,4,0,13,1,1,2,E01009378,7,1,1,0
2023010446695,2023,010446695,528395,190021,-0.147812,51.594415,1,3,2,1,02/06/2023,6,09:00,-1,E09000014,E09000014,E09000014,6,0,1,20,1,0,4,6,0,1,5,11,1,1,1,4,3,13,1,3,2,E01001997,-1,0,0,1
2023451313713,2023,451313713,507108,158183,-0.464622,51.312691,45,3,2,1,31/05/2023,4,10:35,-1,E07000209,E10000030,E10000030,3,3,7,70,0,0,-1,0,-1,0,1,13,1,1,1,4,0,13,2,1,1,E01030458,3,1,0,1
2023221340468,2023,221340468,407891,239809,-1.886326,52.056611,22,1,4,4,10/08/2023,5,20:30,-1,E07000238,E10000034,E10000034,3,44,6,60,0,0,-1,0,-1,0,0,0,1,1,1,4,0,13,2,1,2,E01032352,1,1,0,0
2023991277317,2023,991277317,322230,672017,-3.246441,55.934898,99,3,2,1,16/02/2023,5,14:15,-1,S12000036,S12000036,S12000036,6,0,6,20,1,0,4,6,0,0,8,17,1,1,1,4,0,13,1,3,-1,-1,3,1,0,1
2023440105315,2023,440105315,446784,111099,-1.336124,50.897484,44,3,2,1,16/03/2023,5,11:03,-1,E06000045,E06000045,E06000045,4,3033,6,40,3,13,4,6,0,0,0,0,1,1,1,4,0,13,1,1,2,E01017170,-1,0,0,1
2023302301233,2023,302301233,439886,350314,-1.406463,53.048609,30,3,2,2,10/08/2023,5,14:40,-1,E07000032,E10000007,E10000007,4,6179,6,30,3,13,2,6,0,0,4,14,1,1,1,4,0,13,1,1,2,E01019458,-1,0,0.03476,0.96524
2023451377487,2023,451377487,507120,159529,-0.464046,51.324787,45,3,3,1,17/11/2023,6,09:20,-1,E07000209,E10000030,E10000030,1,25,3,70,0,0,-1,0,-1,0,0,0,1,1,1,4,0,13,2,3,1,E01030458,3,1,0,1
2023991314252,2023,991314252,261199,665028,-4.219134,55.858399,99,2,2,1,01/06/2023,5,19:00,-1,S12000049,S12000049,S12000049,6,0,6,30,3,13,4,6,0,0,4,14,1,1,1,4,0,13,1,1,-1,-1,7,1,1,0
2023471370035,2023,471370035,529639,104548,-0.160726,50.825967,47,3,2,1,02/11/2023,5,19:50,-1,E06000043,E06000043,E06000043,4,2066,6,30,0,0,-1,0,-1,0,0,0,7,2,2,4,0,13,1,1,2,E01016852,3,1,0,1
2023101271144,2023,101271144,418400,565972,-1.713985,54.988006,10,3,2,1,31/01/2023,3,09:17,-1,E08000021,E08000021,E08000021,4,6528,6,30,0,0,-1,0,-1,0,0,0,1,1,2,4,0,13,2,3,2,E01008381,3,1,0,1
2023010474918,2023,010474918,517961,186990,-0.299386,51.569453,1,3,2,1,14/09/2023,5,08:45,-1,E09000005,E09000005,E09000005,6,0,6,20,3,13,4,6,0,0,0,0,1,1,1,4,0,13,1,3,2,E01000573,-1,0,0,1
2023421269023,2023,421269023,582806,199222,0.641732,51.662044,42,2,3,1,27/01/2023,6,18:08,-1,E07000074,E10000012,E10000012,6,0,6,30,0,0,-1,0,-1,0,0,0,1,1,2,4,0,13,2,1,2,E01021902,5,1,1,0
2023440430995,2023,440430995,479946,136522,-0.859062,51.122416,44,2,2,3,21/10/2023,7,00:29,-1,E07000085,E10000014,E10000014,4,3002,6,30,6,16,2,6,0,0,5,15,4,2,2,4,0,13,1,1,2,E01022640,-1,0,0.89219,0.10781
2023461343609,2023,461343609,579672,162646,0.577857,51.334518,46,3,2,2,03/08/2023,5,14:23,-1,E07000110,E10000016,E10000016,1,2,3,70,0,0,-1,0,-1,0,0,0,1,1,1,4,0,13,2,1,1,E01024335,3,1,0,1
2023461355067,2023,461355067,630797,144675,1.299033,51.154761,46,3,2,1,11/09/2023,2,21:57,-1,E07000108,E10000016,E10000016,3,2,3,70,0,0,-1,0,-1,0,0,0,4,1,1,4,0,13,2,1,1,E01024254,3,1,0,1
2023041301327,2023,041301327,353748,429529,-2.70304,53.760053,4,2,2,1,26/04/2023,4,15:52,-1,E07000123,E10000017,E10000017,3,59,3,30,6,16,2,3,583,0,5,15,1,1,1,4,0,13,1,1,2,E01033223,7,1,1,0
2023522400126,2023,522400126,359072,180491,-2.591292,51.521845,52,3,2,1,10/07/2023,2,16:30,-1,E06000025,E06000025,E06000025,6,0,3,30,1,0,2,6,0,0,5,15,1,1,1,4,0,13,2,3,2,E01014861,-1,0,0.00811,0.99189
2023052300062,2023,052300062,333472,395405,-3.003249,53.451187,5,3,3,2,09/01/2023,2,10:30,-1,E08000014,E08000014,E08000014,3,565,3,40,3,13,4,6,0,0,0,0,1,1,1,4,0,13,1,1,2,E01007008,-1,0,0.02507,0.97493
2023010463425,2023,010463425,546882,179954,0.114695,51.499448,1,3,2,1,30/08/2023,4,01:44,-1,E09000011,E09000011,E09000011,3,2016,3,40,5,0,4,6,0,0,0,0,4,1,1,4,0,13,2,1,2,E01001694,-1,0,0,1
2023010430019,2023,010430019,534434,190303,-0.060574,51.595541,1,3,2,1,28/02/2023,3,15:20,-1,E09000014,E09000014,E09000014,5,0,1,20,1,0,3,6,0,0,1,13,1,1,1,4,0,13,1,3,2,E01002076,-1,0,0,1
2023302301100,2023,302301100,452777,367592,-1.211345,53.202792,30,2,1,1,18/07/2023,3,16:45,-1,E07000033,E10000007,E10000007,4,6407,6,30,0,0,-1,0,-1,0,4,14,1,1,1,4,0,13,1,2,2,E01019507,-1,0,1,0
2023501260469,2023,501260469,260863,131189,-3.986965,51.06313,50,2,1,1,05/01/2023,5,16:51,-1,E07000043,E10000008,E10000008,3,361,6,40,0,0,-1,0,-1,0,0,0,6,2,2,4,0,13,2,1,2,E01020120,5,1,1,0
2023440507981,2023,440507981,455798,116974,-1.207065,50.94951,44,3,3,1,13/12/2023,4,09:50,-1,E07000094,E10000014,E10000014,4,2177,6,50,0,0,-1,0,-1,0,0,0,1,1,1,4,0,13,2,1,2,E01023223,-1,0,0,1
2023332301026,2023,332301026,458770,303020,-1.133297,52.621775,33,3,2,1,31/07/2023,2,08:00,-1,E06000016,E06000016,E06000016,3,594,3,30,3,13,2,6,0,0,5,15,1,1,1,4,0,13,1,1,2,E01013649,-1,0,0.00745,0.99255
2023211353429,2023,211353429,387712,346610,-2.184616,53.016649,21,3,2,1,06/09/2023,4,23:15,-1,E06000021,E06000021,E06000021,3,5006,1,30,2,0,4,4,5046,0,0,0,4,1,1,4,0,13,1,3,2,E01014286,3,1,0,1
2023010463527,2023,010463527,509571,172416,-0.424913,51.440153,1,2,1,1,01/09/2023,6,14:46,-1,E09000018,E09000018,E09000018,5,0,6,20,3,13,4,6,0,0,1,13,1,1,1,4,0,13,1,1,2,E01002600,-1,0,1,0
2023471361585,2023,471361585,484927,104667,-0.79534,50.835315,47,2,3,2,10/10/2023,3,10:30,-1,E07000225,E10000032,E10000032,3,259,3,60,0,0,-1,0,-1,0,0,0,1,1,1,4,0,13,1,1,2,E01031493,6,1,1,0
2023161373935,2023,161373935,501777,430814,-0.457526,53.763746,16,3,2,1,11/11/2023,7,12:35,-1,E06000011,E06000011,E06000011,4,1232,1,40,0,0,-1,0,-1,0,0,0,1,1,1,4,0,13,1,3,2,E01013116,3,1,0,1
2023052300472,2023,052300472,347170,391335,-2.796324,53.416162,5,2,2,1,24/02/2023,6,18:00,-1,E08000011,E08000011,E08000011,6,0,6,30,3,13,4,6,0,0,0,0,4,1,1,4,0,13,1,1,2,E01006500,-1,0,1,0
2023131268506,2023,131268506,413246,417218,-1.801076,53.651299,13,3,2,1,25/01/2023,4,21:40,-1,E08000034,E08000034,E08000034,3,640,3,30,1,0,4,3,640,0,0,0,4,1,1,4,0,13,1,2,2,E01011239,3,1,0,1
2023010484713,2023,010484713,530126,164748,-0.132139,51.366897,1,3,3,2,18/12/2023,2,10:25,-1,E09000029,E09000029,E09000029,4,272,6,30,3,13,4,6,0,0,1,13,1,1,1,4,6,13,1,1,2,E01004077,-1,0,0,1
2023440057387,2023,440057387,459090,110944,-1.161182,50.894964,44,2,1,1,10/02/2023,6,19:12,-1,E07000094,E10000014,E10000014,4,2177,6,60,6,16,4,6,0,0,0,0,6,1,2,4,0,13,2,1,2,E01023285,-1,0,0.95348,0.04652
2023070940604,2023,070940604,386526,381969,-2.203797,53.334457,7,2,1,1,28/09/2023,5,11:15,-1,E06000049,E06000049,E06000049,6,0,6,30,3,13,4,6,0,0,0,0,1,1,1,4,2,13,2,1,2,E01018582,-1,0,1,0
2023221307603,2023,221307603,347555,323648,-2.779448,52.807819,22,3,1,1,14/05/2023,1,14:12,-1,E06000051,E06000051,E06000051,3,528,6,60,0,0,-1,0,-1,0,0,0,1,1,1,4,0,13,2,1,2,E01028862,3,1,0,1
2023201418576,2023,201418576,413612,291306,-1.800826,52.519469,20,3,2,1,01/11/2023,4,19:40,-1,E08000025,E08000025,E08000025,3,452,3,40,1,0,4,3,38,0,0,0,4,2,2,4,0,13,1,3,2,E01009098,3,1,0,1
2023010474574,2023,010474574,531427,182063,-0.107037,51.522202,1,2,2,1,28/10/2023,7,12:34,-1,E09000019,E09000019,E09000019,3,5201,6,20,6,16,2,3,201,0,0,0,1,1,2,4,2,13,1,1,2,E01002724,-1,0,1,0
2023471371783,2023,471371783,522677,106523,-0.258863,50.845235,47,3,2,2,05/11/2023,1,20:30,-1,E07000223,E10000032,E10000032,3,27,3,70,0,0,-1,0,-1,0,0,0,6,8,2,4,0,13,1,3,1,E01031340,3,1,0,1
202354C791223,2023,54C791223,414445,190010,-1.792802,51.608743,54,3,3,1,02/12/2023,7,14:07,-1,E06000030,E06000030,E06000030,4,4534,6,30,3,13,4,6,0,0,0,0,1,1,2,4,0,13,2,1,2,E01015474,-1,0,0.01431,0.98569
2023201372705,2023,201372705,407653,286418,-1.888756,52.475642,20,3,2,1,12/06/2023,2,11:00,-1,E08000025,E08000025,E08000025,4,4100,3,30,0,0,-1,0,-1,0,4,14,1,1,1,4,0,13,1,2,2,E01009378,3,1,0,1
2023010430299,2023,010430299,550492,177977,0.165821,51.480736,1,3,1,1,03/03/2023,6,19:10,-1,E09000004,E09000004,E09000004,6,0,2,30,9,19,4,6,0,0,1,13,4,1,1,4,0,13,1,1,2,E01000407,-1,0,0,1
2023010449161,2023,010449161,530780,189366,-0.113644,51.587981,1,3,2,1,15/06/2023,5,07:42,-1,E09000014,E09000014,E09000014,3,504,6,20,9,19,2,3,103,0,1,13,1,1,1,4,0,13,1,1,2,E01033085,-1,0,0,1
2023411328955,2023,411328955,531337,219103,-0.094406,51.855073,41,3,2,1,28/06/2023,4,14:56,-1,E07000242,E10000015,E10000015,3,602,6,40,0,0,-1,0,-1,0,0,0,1,1,1,4,0,13,2,1,2,E01033609,3,1,0,1
2023461339678,2023,461339678,576345,157573,0.527641,51.289988,46,3,2,1,04/07/2023,3,17:46,-1,E07000110,E10000016,E10000016,6,0,6,40,3,13,1,6,0,0,0,0,1,1,1,4,2,13,1,1,2,E01024383,3,1,0,1
2023320216978,2023,320216978,494077,336192,-0.602373,52.914926,32,3,2,1,11/04/2023,3,13:15,-1,E07000141,E10000019,E10000019,5,0,6,60,0,0,-1,0,-1,0,0,0,1,1,1,4,0,13,2,1,2,E01026293,-1,0,0.15018,0.84982
2023440426319,2023,440426319,442190,112126,-1.401327,50.907071,44,3,1,1,17/10/2023,3,08:10,-1,E06000045,E06000045,E06000045,6,0,6,30,6,16,2,6,0,0,5,15,1,1,1,4,0,13,1,2,2,E01017139,-1,0,0,1
2023201378449,2023,201378449,410406,290589,-1.848096,52.513094,20,3,2,2,19/11/2023,1,14:30,-1,E08000025,E08000025,E08000025,6,0,6,30,0,0,-1,0,-1,0,0,0,1,1,1,4,2,13,1,3,2,E01008999,3,1,0,1
2023010473687,2023,010473687,531949,185264,-0.098319,51.550846,1,3,2,1,23/10/2023,2,22:30,-1,E09000019,E09000019,E09000019,3,1201,6,20,3,13,4,6,0,0,0,0,4,1,2,4,0,13,1,3,2,E01002738,-1,0,0,1
2023041389834,2023,041389834,335067,427739,-2.98598,53.74197,4,3,2,1,16/12/2023,7,09:56,-1,E07000119,E10000017,E10000017,6,0,6,30,0,0,-1,0,-1,0,0,0,1,1,1,4,0,13,1,2,2,E01024981,3,1,0,1
