collision_index,collision_year,collision_ref_no,location_easting_osgr,location_northing_osgr,longitude,latitude,police_force,collision_severity,number_of_vehicles,number_of_casualties,date,day_of_week,time,local_authority_district,local_authority_ons_district,local_authority_highway,local_authority_highway_current,first_road_class,first_road_number,road_type,speed_limit,junction_detail_historic,junction_detail,junction_control,second_road_class,second_road_number,pedestrian_crossing_human_control_historic,pedestrian_crossing_physical_facilities_historic,pedestrian_crossing,light_conditions,weather_conditions,road_surface_conditions,special_conditions_at_site,carriageway_hazards_historic,carriageway_hazards,urban_or_rural_area,did_police_officer_attend_scene_of_accident,trunk_road_flag,lsoa_of_collision_location,enhanced_severity_collision,collision_injury_based,collision_adjusted_severity_serious,collision_adjusted_severity_slight
2024481564390,2024,481564390,531608,181359,-0.10469,51.51583,48,2,1,1,20/09/2024,6,14:55,-1,E09000001,E09000001,E09000001,3,201,6,20,-1,13,4,6,0,-1,-1,15,1,1,1,-1,-1,13,1,1,2,E01032740,5,1,1,0
202417M212224,2024,17M212224,449120,513864,-1.24272,54.5177,17,3,2,2,31/07/2024,4,05:15,-1,E06000002,E06000002,E06000002,5,0,6,40,-1,0,-1,-1,-1,-1,-1,0,1,1,1,-1,-1,13,2,3,2,E01035194,3,1,0,1
2024481557893,2024,481557893,533205,181968,-0.08146,51.52093,48,3,1,1,17/05/2024,6,15:10,-1,E09000001,E09000001,E09000001,6,0,6,20,-1,13,2,6,0,-1,-1,15,1,1,1,-1,-1,13,1,1,2,E01032739,3,1,0,1
2024010492466,2024,010492466,513023,174679,-0.37455,51.45981,1,3,2,1,02/02/2024,6,17:15,-1,E09000018,E09000018,E09000018,3,3063,9,20,3,13,4,6,0,9,9,99,1,1,1,4,0,13,1,3,2,E01002652,-1,0,0,1
2024010522620,2024,010522620,519024,182360,-0.28562,51.52762,1,3,2,1,19/07/2024,6,14:00,-1,E09000009,E09000009,E09000009,3,40,7,40,3,13,4,6,0,9,9,99,1,1,9,4,0,13,1,3,2,E01001278,-1,0,0,1
2024010508983,2024,010508983,542692,183596,0.05585,51.53324,1,3,2,4,02/05/2024,5,23:12,-1,E09000025,E09000025,E09000025,3,124,6,30,0,0,-1,0,-1,9,5,15,4,2,2,4,0,13,1,3,2,E01003523,-1,0,0,1
2024010501799,2024,010501799,526960,181464,-0.1716,51.51784,1,3,2,1,26/03/2024,3,13:04,-1,E09000033,E09000033,E09000033,3,4205,2,20,0,0,-1,0,-1,0,0,0,1,1,1,4,0,13,1,1,2,E01033593,-1,0,0,1
2024010527818,2024,010527818,523778,182886,-0.21694,51.53132,1,3,2,1,19/08/2024,2,13:20,-1,E09000005,E09000005,E09000005,4,450,6,30,0,0,-1,0,-1,0,0,0,1,1,1,4,0,13,1,1,2,E01000586,-1,0,0,1
2024010508537,2024,010508537,533162,166350,-0.08795,51.38059,1,3,1,1,03/05/2024,6,19:08,-1,E09000008,E09000008,E09000008,3,222,9,30,6,16,4,3,222,0,1,13,1,1,1,4,2,13,1,3,2,E01000976,-1,0,0,1
2024010494567,2024,010494567,527912,169450,-0.16223,51.40966,1,3,2,2,03/02/2024,7,11:30,-1,E09000024,E09000024,E09000024,3,217,3,20,7,17,2,6,0,0,5,15,1,1,1,4,0,13,1,3,2,E01003388,-1,0,0,1
2024010508023,2024,010508023,510529,174352,-0.41053,51.45737,1,3,3,1,29/04/2024,2,23:00,-1,E09000018,E09000018,E09000018,3,315,6,30,3,13,2,3,315,9,9,99,4,1,1,4,9,13,1,3,2,E01002595,-1,0,0,1
2024010516705,2024,010516705,532194,171078,-0.10009,51.4233,1,3,2,2,17/06/2024,2,14:00,-1,E09000022,E09000022,E09000022,6,0,6,20,3,13,4,6,0,9,4,14,1,1,1,4,0,13,1,3,2,E01003086,-1,0,0,1
2024010548580,2024,010548580,515581,187806,-0.33344,51.57728,1,3,2,1,11/12/2024,4,08:28,-1,E09000015,E09000015,E09000015,3,404,6,30,6,16,2,3,404,0,0,0,1,1,1,4,0,13,1,1,2,E01034598,-1,0,0,1
2024010506666,2024,010506666,520545,186482,-0.26229,51.56434,1,3,2,1,23/04/2024,3,01:15,-1,E09000005,E09000005,E09000005,3,4088,6,30,3,13,4,6,0,0,4,14,4,1,1,4,0,13,1,3,2,E01000625,-1,0,0,1
2024010529724,2024,010529724,532609,189045,-0.08738,51.58467,1,2,2,1,31/08/2024,7,12:15,-1,E09000014,E09000014,E09000014,6,0,6,20,0,0,-1,0,-1,0,0,0,1,1,1,4,2,13,1,1,2,E01002049,-1,0,1,0
2024010533544,2024,010533544,519706,185886,-0.2746,51.55916,1,3,4,1,21/09/2024,7,23:30,-1,E09000005,E09000005,E09000005,6,0,6,20,3,13,4,5,0,0,0,0,5,2,2,4,0,13,1,1,2,E01000615,-1,0,0,1
2024010505997,2024,010505997,542489,158458,0.04282,51.30741,1,3,2,1,20/04/2024,7,12:08,-1,E09000006,E09000006,E09000006,3,233,6,30,0,0,-1,0,-1,0,0,0,1,1,1,4,0,13,1,1,2,E01000748,-1,0,0,1
2024010507922,2024,010507922,523870,182497,-0.21575,51.52781,1,2,1,1,01/05/2024,4,10:37,-1,E09000033,E09000033,E09000033,3,404,3,20,3,13,4,4,450,0,0,0,1,1,1,4,2,13,1,1,2,E01004720,-1,0,1,0
2024010538887,2024,010538887,526234,184643,-0.18092,51.54657,1,3,1,1,20/10/2024,1,14:20,-1,E09000007,E09000007,E09000007,5,0,2,20,7,17,4,6,0,0,1,13,1,2,2,4,0,13,1,1,2,E01000960,-1,0,0,1
2024010500753,2024,010500753,531177,177574,-0.11231,51.48192,1,2,2,1,20/03/2024,4,07:50,-1,E09000022,E09000022,E09000022,3,202,6,20,6,16,2,3,202,0,5,15,1,1,2,4,0,13,1,3,2,E01003100,-1,0,1,0
2024010514995,2024,010514995,528328,191479,-0.14825,51.60753,1,3,2,1,07/06/2024,6,23:50,-1,E09000003,E09000003,E09000003,3,406,3,40,99,-1,9,6,0,9,0,0,4,1,1,4,0,13,1,3,2,E01000165,-1,0,0,1
2024010500020,2024,010500020,529018,185192,-0.14059,51.55087,1,3,2,1,16/03/2024,7,01:44,-1,E09000007,E09000007,E09000007,3,400,6,20,6,16,2,5,0,0,0,0,4,1,1,4,0,13,1,1,2,E01000921,-1,0,0,1
2024010508424,2024,010508424,534936,181288,-0.05679,51.51441,1,3,1,1,03/05/2024,6,15:06,-1,E09000030,E09000030,E09000030,3,13,6,20,0,0,-1,0,-1,0,0,0,1,1,2,4,0,13,1,1,2,E01004304,-1,0,0,1
2024010549692,2024,010549692,525879,173211,-0.19011,51.44391,1,3,1,1,12/12/2024,5,16:18,-1,E09000032,E09000032,E09000032,6,0,6,20,3,13,4,3,217,0,5,15,4,8,2,4,2,13,1,3,2,E01004496,-1,0,0,1
2024010534784,2024,010534784,556287,193038,0.25589,51.61448,1,3,2,2,28/09/2024,7,09:32,-1,E09000016,E09000016,E09000016,1,25,3,70,0,0,-1,0,-1,0,0,0,1,1,1,4,0,13,2,1,1,E01002277,-1,0,0,1
2024010543487,2024,010543487,537565,185492,-0.01728,51.55155,1,3,3,2,14/11/2024,5,22:15,-1,E09000025,E09000025,E09000025,3,12,3,50,0,0,-1,0,-1,0,0,0,4,1,1,4,0,13,2,1,2,E01034213,-1,0,0,1
2024010491197,2024,010491197,537118,188962,-0.02237,51.58284,1,2,1,1,26/01/2024,6,09:19,-1,E09000031,E09000031,E09000031,5,0,6,20,0,0,-1,0,-1,0,1,13,1,1,1,4,0,13,1,1,2,E01004397,-1,0,1,0
2024010542913,2024,010542913,542286,182104,0.04939,51.51994,1,3,2,1,11/11/2024,2,22:40,-1,E09000025,E09000025,E09000025,3,13,3,50,0,0,-1,0,-1,0,0,0,4,1,1,4,0,13,1,1,2,E01003541,-1,0,0,1
2024010512753,2024,010512753,535306,173835,-0.05431,51.44735,1,2,2,1,24/05/2024,6,08:30,-1,E09000023,E09000023,E09000023,5,0,6,20,0,0,-1,0,-1,1,4,11,1,1,1,4,0,13,1,3,2,E01003261,-1,0,1,0
2024010514970,2024,010514970,536396,196324,-0.02992,51.64917,1,3,2,1,08/06/2024,7,03:10,-1,E09000010,E09000010,E09000010,6,0,3,40,0,0,-1,0,-1,0,0,0,4,1,1,4,2,13,1,1,2,E01033926,-1,0,0,1
2024010531473,2024,010531473,540958,176456,0.02801,51.46952,1,3,3,1,11/09/2024,4,01:28,-1,E09000011,E09000011,E09000011,3,2,3,50,5,0,4,6,0,0,0,0,4,1,2,4,0,13,1,1,2,E01001647,-1,0,0,1
2024010532670,2024,010532670,518501,167163,-0.29824,51.39114,1,2,2,1,17/09/2024,3,14:53,-1,E09000021,E09000021,E09000021,3,240,6,20,-1,-1,4,6,0,0,8,17,1,1,1,4,2,13,1,1,2,E01002923,-1,0,1,0
2024010516075,2024,010516075,522700,182913,-0.23246,51.5318,1,3,3,1,14/06/2024,6,00:58,-1,E09000005,E09000005,E09000005,3,404,6,30,0,0,-1,0,-1,0,0,0,4,1,2,4,0,13,1,1,2,E01000531,-1,0,0,1
2024010502185,2024,010502185,539536,178932,0.00853,51.49212,1,3,1,1,28/03/2024,5,05:59,-1,E09000011,E09000011,E09000011,3,102,3,30,0,0,-1,0,-1,0,0,0,1,1,2,4,2,13,1,1,2,E01034190,-1,0,0,1
2024010490979,2024,010490979,519723,165869,-0.28112,51.37926,1,3,2,1,24/01/2024,4,15:00,-1,E09000021,E09000021,E09000021,3,240,1,30,1,0,2,3,3,0,0,0,1,1,1,4,0,13,1,3,2,E01003003,-1,0,0,1
2024010490740,2024,010490740,509479,171786,-0.42643,51.43451,1,3,3,1,16/01/2024,3,17:15,-1,E09000018,E09000018,E09000018,3,244,6,30,6,16,2,6,0,0,4,14,4,1,1,4,0,13,1,3,2,E01002601,-1,0,0,1
2024010538020,2024,010538020,538194,184457,-0.00862,51.5421,1,3,1,1,15/10/2024,3,16:46,-1,E09000025,E09000025,E09000025,6,0,6,20,9,19,2,6,0,0,5,15,1,1,1,4,0,13,2,1,2,E01034220,-1,0,0,1
2024010521702,2024,010521702,516784,179740,-0.31876,51.50454,1,3,2,1,14/07/2024,1,15:29,-1,E09000009,E09000009,E09000009,4,452,6,20,6,16,4,6,0,0,1,13,1,1,1,4,0,13,1,1,2,E01001384,-1,0,0,1
2024010541767,2024,010541767,516089,174286,-0.33056,51.45566,1,3,2,1,04/11/2024,2,17:13,-1,E09000027,E09000027,E09000027,3,316,1,20,1,0,4,3,310,9,9,99,4,1,1,4,0,13,1,3,2,E01003869,-1,0,0,1
2024010491891,2024,010491891,511617,178941,-0.39343,51.4984,1,3,2,1,30/01/2024,3,15:30,-1,E09000009,E09000009,E09000009,5,0,6,20,0,0,-1,0,-1,0,9,0,1,1,1,4,0,13,1,3,2,E01001370,-1,0,0,1
2024010525011,2024,010525011,517567,184181,-0.30601,51.54429,1,3,2,1,02/08/2024,6,08:15,-1,E09000005,E09000005,E09000005,3,4005,3,30,-1,-1,4,6,0,0,0,0,1,1,1,4,0,13,1,1,2,E01000475,-1,0,0,1
2024010518860,2024,010518860,534277,193176,-0.06174,51.62139,1,3,2,1,28/06/2024,6,12:03,-1,E09000010,E09000010,E09000010,3,1010,6,30,3,13,4,6,0,0,0,0,1,1,1,4,0,13,1,1,2,E01001430,-1,0,0,1
2024010492465,2024,010492465,542083,185526,0.04785,51.55074,1,2,1,1,02/02/2024,6,17:14,-1,E09000025,E09000025,E09000025,3,118,3,30,6,16,2,3,117,0,0,0,4,1,1,4,0,13,1,1,2,E01003591,-1,0,1,0
2024010536140,2024,010536140,536477,182302,-0.0342,51.52315,1,3,2,1,05/10/2024,7,16:40,-1,E09000030,E09000030,E09000030,3,1205,3,20,3,13,4,6,0,0,0,0,1,1,1,4,0,13,1,1,2,E01035675,-1,0,0,1
2024010532808,2024,010532808,534435,185481,-0.0624,51.55221,1,3,2,1,18/09/2024,4,08:11,-1,E09000012,E09000012,E09000012,5,0,3,20,0,0,-1,0,-1,0,0,0,1,1,1,4,0,13,1,1,2,E01033713,-1,0,0,1
2024010519919,2024,010519919,518652,177934,-0.29247,51.48792,1,3,2,1,03/07/2024,4,08:00,-1,E09000018,E09000018,E09000018,3,315,6,20,0,0,-1,0,-1,0,4,14,1,1,1,4,0,13,1,3,2,E01034042,-1,0,0,1
2024010547934,2024,010547934,538862,180942,-0.00038,51.51035,1,3,2,1,07/12/2024,7,14:00,-1,E09000030,E09000030,E09000030,3,1261,6,20,0,0,-1,0,-1,0,0,0,1,2,2,4,0,13,1,1,2,E01035702,-1,0,0,1
2024010539551,2024,010539551,530623,180810,-0.11908,51.51113,1,3,2,1,23/10/2024,4,08:40,-1,E09000033,E09000033,E09000033,3,301,6,20,6,16,2,3,4,0,5,15,1,1,1,4,0,13,1,3,2,E01004735,-1,0,0,1
2024010502434,2024,010502434,549832,183968,0.15887,51.53474,1,2,2,1,29/03/2024,6,17:55,-1,E09000002,E09000002,E09000002,4,178,6,30,0,0,-1,0,-1,0,0,0,1,1,1,4,0,13,1,1,2,E01000088,-1,0,1,0
2024010494797,2024,010494797,524024,175243,-0.21608,51.46258,1,3,2,1,16/02/2024,6,09:00,-1,E09000032,E09000032,E09000032,3,219,6,20,3,13,4,6,0,0,0,0,1,1,2,4,0,13,1,1,2,E01004609,-1,0,0,1
2024010489881,2024,010489881,509753,182664,-0.41911,51.53223,1,3,2,2,18/01/2024,5,17:40,-1,E09000017,E09000017,E09000017,5,0,6,30,7,17,2,5,0,0,5,15,4,1,4,4,0,13,1,1,2,E01002424,-1,0,0,1
2024010490445,2024,010490445,517903,178318,-0.30312,51.49152,1,3,1,2,22/01/2024,2,00:52,-1,E09000018,E09000018,E09000018,3,4,3,40,0,0,-1,0,-1,0,0,0,4,5,2,4,0,13,1,1,2,E01002564,-1,0,0,1
2024010543121,2024,010543121,543079,181554,0.06059,51.5148,1,2,1,1,13/11/2024,4,00:45,-1,E09000025,E09000025,E09000025,3,117,6,20,1,0,4,6,0,0,4,14,4,2,2,4,2,13,1,1,2,E01003486,-1,0,1,0
2024010537709,2024,010537709,525924,162795,-0.19316,51.35029,1,3,2,1,14/10/2024,2,09:16,-1,E09000029,E09000029,E09000029,4,2230,6,30,3,13,2,6,0,0,0,0,1,2,2,4,0,13,1,1,2,E01004092,-1,0,0,1
2024010490158,2024,010490158,538261,181526,-0.00881,51.51574,1,3,2,1,20/01/2024,7,03:23,-1,E09000030,E09000030,E09000030,3,12,3,40,0,0,-1,0,-1,0,0,0,4,1,1,4,0,13,1,1,2,E01004249,-1,0,0,1
2024010495996,2024,010495996,523899,174777,-0.21804,51.45842,1,3,2,1,22/02/2024,5,18:00,-1,E09000032,E09000032,E09000032,3,219,6,20,9,19,9,6,0,0,0,0,4,2,2,4,0,13,1,3,2,E01004506,-1,0,0,1
2024010513925,2024,010513925,534647,173102,-0.06407,51.44092,1,3,2,1,02/06/2024,1,14:25,-1,E09000023,E09000023,E09000023,3,205,6,20,3,13,2,3,205,0,5,15,1,8,1,4,0,13,1,3,2,E01003257,-1,0,0,1
2024010513658,2024,010513658,523337,179959,-0.22432,51.50511,1,3,1,1,28/05/2024,3,14:40,-1,E09000013,E09000013,E09000013,3,219,2,20,6,16,4,3,4020,0,5,15,1,1,1,4,0,13,1,3,2,E01001943,-1,0,0,1
2024010503848,2024,010503848,537325,199863,-0.01512,51.68075,1,3,1,2,23/03/2024,7,01:22,-1,E09000010,E09000010,E09000010,1,25,3,40,0,0,-1,0,-1,0,0,0,4,1,1,4,0,13,1,3,1,E01001445,-1,0,0,1
2024010510030,2024,010510030,539995,180487,0.01575,51.50598,1,2,2,1,12/05/2024,1,18:00,-1,E09000025,E09000025,E09000025,3,1011,6,20,3,13,4,6,0,0,0,0,1,1,1,4,2,13,1,1,2,E01034229,-1,0,1,0
2024010489809,2024,010489809,527604,169073,-0.16679,51.40634,1,3,2,1,18/01/2024,5,10:35,-1,E09000024,E09000024,E09000024,3,236,6,20,99,-1,9,6,0,9,9,99,1,8,1,4,0,13,1,3,2,E01003390,-1,0,0,1
2024010544000,2024,010544000,533283,193956,-0.07579,51.62864,1,3,3,2,17/11/2024,1,20:04,-1,E09000010,E09000010,E09000010,4,154,3,20,9,19,4,6,0,0,0,0,4,2,2,4,0,13,1,1,2,E01001461,-1,0,0,1
2024010528078,2024,010528078,527485,163533,-0.17049,51.35657,1,3,1,1,20/08/2024,3,21:15,-1,E09000029,E09000029,E09000029,4,278,6,30,3,13,4,6,0,0,0,0,4,9,1,4,0,13,1,1,2,E01004105,-1,0,0,1
2024010532087,2024,010532087,556377,192931,0.25714,51.61349,1,3,3,2,14/09/2024,7,11:52,-1,E09000016,E09000016,E09000016,1,25,3,70,0,0,-1,0,-1,0,0,0,1,1,1,4,0,13,2,1,1,E01002277,-1,0,0,1
2024010497427,2024,010497427,521289,178888,-0.25418,51.49593,1,3,5,2,01/03/2024,6,16:24,-1,E09000018,E09000018,E09000018,4,409,6,30,6,16,4,6,0,0,0,0,1,5,2,4,0,13,1,1,2,E01002573,-1,0,0,1
2024010547241,2024,010547241,530811,172164,-0.11957,51.43338,1,2,1,1,04/12/2024,4,00:21,-1,E09000022,E09000022,E09000022,5,0,6,20,3,13,4,6,0,0,0,0,4,1,1,4,0,13,1,1,2,E01003152,-1,0,1,0
2024010510148,2024,010510148,528719,180430,-0.14664,51.50815,1,2,6,7,13/05/2024,2,11:30,-1,E09000033,E09000033,E09000033,6,0,2,20,0,0,-1,0,-1,0,0,0,1,1,1,4,0,13,1,1,2,E01004761,-1,0,1,0
2024010507643,2024,010507643,539316,179692,0.00566,51.49901,1,3,2,1,29/04/2024,2,19:26,-1,E09000011,E09000011,E09000011,6,0,1,20,1,0,4,6,0,0,1,13,1,1,1,4,9,13,1,3,2,E01034188,-1,0,0,1
2024010487959,2024,010487959,532971,182562,-0.08461,51.52632,1,3,1,1,02/01/2024,3,15:04,-1,E09000012,E09000012,E09000012,3,5201,6,20,7,17,2,3,1202,9,5,15,1,1,1,4,0,13,1,3,2,E01033708,-1,0,0,1
2024010507404,2024,010507404,526267,178715,-0.18257,51.49329,1,3,2,1,28/04/2024,1,14:36,-1,E09000020,E09000020,E09000020,6,0,6,20,0,0,-1,0,-1,0,5,15,1,2,2,4,0,13,1,1,2,E01002835,-1,0,0,1
2024010493324,2024,010493324,535551,179031,-0.0488,51.49398,1,3,2,1,07/02/2024,4,18:45,-1,E09000028,E09000028,E09000028,3,200,6,20,99,-1,2,3,2208,9,5,15,4,1,1,4,9,13,1,3,2,E01004031,-1,0,0,1
2024010527947,2024,010527947,529668,182749,-0.13212,51.52877,1,2,1,1,17/08/2024,7,15:15,-1,E09000007,E09000007,E09000007,3,4200,6,20,3,13,4,6,0,0,5,15,1,1,1,4,9,13,1,3,2,E01000956,-1,0,1,0
2024010515581,2024,010515581,527836,169266,-0.16339,51.40802,1,3,1,1,11/06/2024,3,12:30,-1,E09000024,E09000024,E09000024,3,217,6,20,0,0,-1,0,-1,0,0,0,1,1,1,4,6,13,1,1,2,E01003390,-1,0,0,1
2024010542249,2024,010542249,528769,176368,-0.1474,51.47163,1,3,2,1,02/11/2024,7,14:44,-1,E09000032,E09000032,E09000032,4,224,7,20,3,13,4,6,0,9,9,99,1,1,1,4,9,13,1,3,2,E01004564,-1,0,0,1
2024010531166,2024,010531166,518601,185891,-0.29053,51.55944,1,3,1,1,09/09/2024,2,10:40,-1,E09000005,E09000005,E09000005,5,0,6,30,7,17,2,3,4089,0,0,0,1,1,1,4,0,13,1,1,2,E01000616,-1,0,0,1
2024010538608,2024,010538608,554643,180631,0.22671,51.50346,1,3,2,1,18/10/2024,6,18:40,-1,E09000016,E09000016,E09000016,3,1306,3,40,1,0,4,6,0,0,8,17,4,1,1,4,0,13,2,3,2,E01002344,-1,0,0,1
2024010549023,2024,010549023,530220,179128,-0.12551,51.4961,1,3,1,1,12/12/2024,5,18:55,-1,E09000033,E09000033,E09000033,3,3212,6,20,3,13,4,6,0,0,1,13,4,2,2,4,2,13,1,3,2,E01004733,-1,0,0,1
2024010501084,2024,010501084,529019,185194,-0.14058,51.55089,1,3,1,1,22/03/2024,6,10:50,-1,E09000007,E09000007,E09000007,3,400,6,20,6,16,2,5,0,0,5,15,1,2,2,4,2,13,1,1,2,E01000921,-1,0,0,1
2024010511885,2024,010511885,552807,181932,0.20084,51.51565,1,3,2,1,22/05/2024,4,14:30,-1,E09000016,E09000016,E09000016,4,1335,6,30,0,0,-1,0,-1,0,0,0,1,2,2,4,2,13,1,1,2,E01002346,-1,0,0,1
2024010547817,2024,010547817,523250,180824,-0.22527,51.51291,1,3,2,1,05/12/2024,5,19:45,-1,E09000013,E09000013,E09000013,3,219,9,20,3,13,4,6,0,9,5,15,4,2,2,4,9,13,1,3,2,E01035484,-1,0,0,1
2024010527130,2024,010527130,533382,189043,-0.07623,51.58447,1,3,2,1,11/07/2024,5,18:15,-1,E09000014,E09000014,E09000014,3,504,6,20,3,13,4,6,0,0,9,0,1,1,1,4,0,13,1,3,2,E01002069,-1,0,0,1
2024010494279,2024,010494279,522130,174232,-0.24368,51.45391,1,3,2,1,13/02/2024,3,09:18,-1,E09000032,E09000032,E09000032,3,306,6,20,3,13,2,6,0,0,5,15,1,2,2,4,2,13,1,1,2,E01004568,-1,0,0,1
2024010502242,2024,010502242,524281,185174,-0.20889,51.55178,1,2,2,1,28/03/2024,5,16:25,-1,E09000007,E09000007,E09000007,3,5,3,20,3,13,4,6,0,0,0,0,1,5,2,4,0,13,1,1,2,E01000872,-1,0,1,0
2024010530251,2024,010530251,529914,179487,-0.12978,51.4994,1,3,2,1,03/09/2024,3,19:40,-1,E09000033,E09000033,E09000033,3,302,6,20,3,13,4,6,0,0,5,15,1,1,1,4,0,13,1,3,2,E01004731,-1,0,0,1
2024010510282,2024,010510282,515679,188491,-0.3318,51.58341,1,3,2,3,13/05/2024,2,21:32,-1,E09000015,E09000015,E09000015,3,409,6,30,3,13,4,5,0,0,0,0,4,1,1,4,2,13,1,1,2,E01002130,-1,0,0,1
2024010530843,2024,010530843,525035,184128,-0.19839,51.54221,1,3,2,1,07/09/2024,7,13:30,-1,E09000005,E09000005,E09000005,3,5,6,20,3,13,4,6,0,0,4,14,1,1,1,4,0,13,1,1,2,E01000545,-1,0,0,1
2024010528235,2024,010528235,526059,185066,-0.18329,51.55041,1,3,1,1,21/08/2024,4,18:51,-1,E09000007,E09000007,E09000007,3,41,6,30,99,-1,9,6,0,0,9,0,1,8,1,4,0,13,1,3,2,E01000972,-1,0,0,1
2024010539873,2024,010539873,521499,184664,-0.24917,51.5478,1,3,1,1,25/10/2024,6,16:40,-1,E09000005,E09000005,E09000005,3,407,6,20,3,13,4,6,0,0,1,13,1,2,2,4,0,13,1,1,2,E01000508,-1,0,0,1
2024010554117,2024,010554117,527072,178059,-0.17122,51.48721,1,2,1,1,19/11/2024,3,13:30,-1,E09000020,E09000020,E09000020,6,0,6,30,3,13,2,6,0,0,0,0,1,1,2,4,0,13,1,3,2,E01002914,-1,0,1,0
2024010507994,2024,010507994,527168,182231,-0.16833,51.52468,1,3,2,1,01/05/2024,4,15:15,-1,E09000033,E09000033,E09000033,4,507,6,20,3,13,4,6,0,0,5,15,1,1,1,4,0,13,1,1,2,E01033601,-1,0,0,1
2024010530004,2024,010530004,528013,172351,-0.15973,51.4357,1,3,1,1,02/09/2024,2,12:41,-1,E09000032,E09000032,E09000032,3,24,6,20,6,16,2,3,214,9,5,15,1,1,2,4,0,13,1,3,2,E01004548,-1,0,0,1
2024010535510,2024,010535510,530876,192126,-0.11123,51.61276,1,3,2,2,02/10/2024,4,11:15,-1,E09000010,E09000010,E09000010,6,0,3,40,6,16,2,3,406,2,5,12,1,1,1,4,0,13,1,1,2,E01001501,-1,0,0,1
2024010541739,2024,010541739,529944,194427,-0.12383,51.63365,1,3,2,1,05/11/2024,3,08:58,-1,E09000010,E09000010,E09000010,5,0,6,30,3,13,4,6,0,0,8,17,1,1,1,4,0,13,1,3,2,E01033928,-1,0,0,1
2024010540852,2024,010540852,531363,182159,-0.10792,51.52308,1,3,2,1,31/10/2024,5,08:20,-1,E09000019,E09000019,E09000019,3,201,6,20,3,13,4,6,0,0,5,15,1,1,1,4,0,13,1,3,2,E01002724,-1,0,0,1
2024010513763,2024,010513763,535070,172956,-0.05804,51.4395,1,3,1,1,14/05/2024,3,23:50,-1,E09000023,E09000023,E09000023,6,0,6,20,3,13,4,6,0,0,5,15,4,1,1,4,0,13,1,3,2,E01003255,-1,0,0,1
2024010545938,2024,010545938,533902,181328,-0.07166,51.51501,1,2,1,1,22/11/2024,6,21:30,-1,E09000030,E09000030,E09000030,3,11,2,30,6,16,2,3,1202,9,9,99,4,1,1,4,0,13,1,3,2,E01035687,-1,0,1,0
2024010523353,2024,010523353,530123,190550,-0.12268,51.59877,1,3,2,1,09/06/2024,1,13:00,-1,E09000014,E09000014,E09000014,5,0,6,20,99,-1,2,5,0,0,0,0,1,1,2,4,0,13,1,3,2,E01001964,-1,0,0,1
2024010489024,2024,010489024,532293,172877,-0.098,51.43945,1,2,2,2,13/01/2024,7,23:28,-1,E09000022,E09000022,E09000022,3,205,6,20,3,13,2,5,0,0,0,0,4,1,1,4,0,13,1,1,2,E01003166,-1,0,1,0
2024010533785,2024,010533785,539501,178967,0.00804,51.49245,1,3,2,1,06/08/2024,3,07:35,-1,E09000011,E09000011,E09000011,3,102,3,50,5,0,4,3,102,0,0,0,1,9,1,4,0,13,1,1,2,E01034190,-1,0,0,1
2024010544571,2024,010544571,533399,177103,-0.0805,51.47717,1,3,2,1,18/11/2024,2,19:25,-1,E09000028,E09000028,E09000028,4,217,6,30,-1,-1,4,6,0,0,9,0,4,2,2,4,0,13,1,3,2,E01003916,-1,0,0,1
2024010494215,2024,010494215,532257,178439,-0.09644,51.48944,1,3,2,1,11/02/2024,1,20:47,-1,E09000028,E09000028,E09000028,3,215,6,20,99,-1,2,3,215,9,9,99,4,1,2,4,0,13,1,3,2,E01033877,-1,0,0,1
2024010518288,2024,010518288,528431,200249,-0.14354,51.68632,1,3,2,1,25/06/2024,3,18:02,-1,E09000010,E09000010,E09000010,1,25,3,50,0,0,-1,0,-1,0,0,0,1,1,1,4,0,13,2,3,1,E01001412,-1,0,0,1
2024010521591,2024,010521591,533552,185100,-0.07528,51.54899,1,3,1,1,13/07/2024,7,19:40,-1,E09000012,E09000012,E09000012,3,10,3,20,0,0,-1,0,-1,0,1,13,1,1,1,4,0,13,1,1,2,E01033699,-1,0,0,1
2024010505100,2024,010505100,533331,178588,-0.08092,51.49053,1,2,1,1,15/04/2024,2,16:29,-1,E09000028,E09000028,E09000028,3,2,3,20,3,13,2,5,0,0,5,15,1,4,1,4,0,13,1,1,2,E01003966,-1,0,1,0
2024010494018,2024,010494018,535962,179237,-0.0428,51.49573,1,3,2,3,11/02/2024,1,02:45,-1,E09000028,E09000028,E09000028,4,205,9,20,9,19,4,6,0,0,9,0,1,1,1,4,0,13,1,3,2,E01004059,-1,0,0,1
2024010526488,2024,010526488,532211,173909,-0.09879,51.44874,1,3,2,1,10/08/2024,7,13:10,-1,E09000028,E09000028,E09000028,3,2199,7,20,3,13,2,6,0,9,9,99,1,1,1,4,0,13,1,3,2,E01004074,-1,0,0,1
2024010539837,2024,010539837,542343,184277,0.05109,51.53945,1,2,1,1,25/10/2024,6,13:13,-1,E09000025,E09000025,E09000025,3,117,6,20,6,16,2,6,0,0,4,14,1,1,1,4,0,13,1,1,2,E01003532,-1,0,1,0
2024010549787,2024,010549787,516059,174239,-0.33101,51.45524,1,3,2,1,17/12/2024,3,15:00,-1,E09000027,E09000027,E09000027,3,316,6,40,0,0,-1,0,-1,0,0,0,1,1,1,4,2,13,1,1,2,E01003867,-1,0,0,1
2024010543323,2024,010543323,528371,173034,-0.15434,51.44176,1,3,2,1,14/11/2024,5,01:40,-1,E09000032,E09000032,E09000032,3,24,6,20,0,0,-1,0,-1,0,0,0,4,1,1,4,0,13,1,1,2,E01004485,-1,0,0,1
2024010543019,2024,010543019,530645,180637,-0.11883,51.50957,1,3,2,1,02/11/2024,7,20:00,-1,E09000033,E09000033,E09000033,3,3211,3,60,9,19,4,6,0,0,7,16,4,1,1,4,2,13,1,1,2,E01004735,-1,0,0,1
2024010531420,2024,010531420,518196,193518,-0.2938,51.62807,1,3,2,2,10/09/2024,3,17:45,-1,E09000003,E09000003,E09000003,3,41,6,60,0,0,-1,0,-1,0,0,0,1,2,2,4,0,13,2,1,2,E01000188,-1,0,0,1
2024010501247,2024,010501247,531809,164907,-0.10792,51.36794,1,3,2,1,22/03/2024,6,21:58,-1,E09000008,E09000008,E09000008,3,232,3,30,0,0,-1,0,-1,9,0,0,4,8,1,4,0,13,1,3,2,E01001167,-1,0,0,1
2024010539671,2024,010539671,534721,178587,-0.06091,51.49019,1,3,2,1,23/10/2024,4,16:57,-1,E09000028,E09000028,E09000028,5,0,6,20,3,13,2,6,0,9,9,99,1,1,1,4,0,13,1,3,2,E01004037,-1,0,0,1
2024010532942,2024,010532942,529421,165060,-0.14215,51.36986,1,3,2,1,18/09/2024,4,17:33,-1,E09000029,E09000029,E09000029,3,232,6,30,9,19,9,6,0,0,0,0,1,1,1,4,0,13,1,3,2,E01004076,-1,0,0,1
2024010514542,2024,010514542,528415,179157,-0.15148,51.49678,1,3,2,1,05/06/2024,4,22:18,-1,E09000033,E09000033,E09000033,4,310,2,20,6,16,4,6,0,0,0,0,4,1,1,4,0,13,1,1,2,E01004690,-1,0,0,1
2024010530728,2024,010530728,514615,189500,-0.34682,51.5927,1,3,1,1,06/09/2024,6,14:17,-1,E09000015,E09000015,E09000015,5,0,6,30,6,16,2,5,0,0,5,15,4,1,2,4,0,13,1,1,2,E01002162,-1,0,0,1
2024010511327,2024,010511327,535936,199360,-0.03539,51.67657,1,3,2,1,19/05/2024,1,12:55,-1,E09000010,E09000010,E09000010,3,1010,6,30,6,16,4,3,1010,0,4,14,1,1,1,4,0,13,1,1,2,E01001446,-1,0,0,1
2024010549600,2024,010549600,532986,182091,-0.08457,51.52209,1,3,2,1,16/12/2024,2,18:20,-1,E09000019,E09000019,E09000012,5,0,2,20,6,16,4,5,0,9,9,99,4,1,1,4,0,13,1,3,2,E01002704,-1,0,0,1
2024010513239,2024,010513239,533043,166384,-0.08965,51.38092,1,3,1,1,09/05/2024,5,15:26,-1,E09000008,E09000008,E09000008,3,222,6,30,3,13,4,6,0,0,0,0,1,1,1,4,0,13,1,3,2,E01000976,-1,0,0,1
2024010531330,2024,010531330,529288,176196,-0.14,51.46997,1,3,2,1,10/08/2024,7,07:45,-1,E09000022,E09000022,E09000022,3,3036,6,20,3,13,2,6,0,9,9,99,1,1,1,4,0,13,1,3,2,E01003034,-1,0,0,1
2024010542207,2024,010542207,527564,171648,-0.16644,51.42949,1,3,1,1,07/11/2024,5,15:45,-1,E09000032,E09000032,E09000032,3,24,6,20,3,13,4,6,0,0,4,14,1,1,1,4,2,13,1,1,2,E01004525,-1,0,0,1
2024010494347,2024,010494347,522184,183407,-0.23973,51.53635,1,2,2,1,13/02/2024,3,12:54,-1,E09000005,E09000005,E09000005,5,0,6,30,3,13,2,6,0,0,1,13,1,2,2,4,2,13,1,1,2,E01000535,-1,0,1,0
2024010546277,2024,010546277,539393,181507,0.00749,51.5153,1,3,3,1,28/11/2024,5,13:10,-1,E09000025,E09000025,E09000025,3,13,3,30,0,0,-1,0,-1,0,0,0,1,1,1,4,0,13,1,1,2,E01034209,-1,0,0,1
2024010493577,2024,010493577,525269,178968,-0.19685,51.49578,1,1,1,1,09/02/2024,6,03:22,-1,E09000020,E09000020,E09000020,3,3220,2,20,3,13,2,3,3220,0,0,0,4,1,2,4,2,13,1,1,2,E01002813,-1,0,0,0
2024010523978,2024,010523978,530142,178467,-0.12687,51.49018,1,2,2,1,22/07/2024,2,06:15,-1,E09000033,E09000033,E09000033,3,3212,6,20,3,13,4,5,0,9,9,99,1,1,1,4,9,13,1,3,2,E01035720,-1,0,1,0
2024010520598,2024,010520598,532296,187886,-0.09233,51.57433,1,3,2,1,25/06/2024,3,18:45,-1,E09000014,E09000014,E09000014,6,0,6,20,3,13,4,5,0,0,0,0,1,1,1,4,0,13,1,3,2,E01002056,-1,0,0,1
2024010490512,2024,010490512,541977,180110,0.04414,51.5021,1,3,2,2,22/01/2024,2,10:20,-1,E09000025,E09000025,E09000025,6,0,1,30,7,17,4,6,0,0,0,0,1,1,1,4,0,13,1,1,2,E01034224,-1,0,0,1
2024010492998,2024,010492998,506045,180524,-0.47319,51.5137,1,3,1,1,03/02/2024,7,13:00,-1,E09000017,E09000017,E09000017,5,0,2,30,3,13,4,6,0,9,1,13,1,9,9,4,0,13,1,3,2,E01034609,-1,0,0,1
2024010536180,2024,010536180,531429,182064,-0.10701,51.52221,1,3,2,1,06/10/2024,1,05:07,-1,E09000019,E09000019,E09000019,3,201,6,20,7,17,2,3,5201,0,5,15,4,1,1,4,0,13,1,1,2,E01002724,-1,0,0,1
2024010546088,2024,010546088,527923,181954,-0.15755,51.52202,1,3,2,2,28/11/2024,5,09:45,-1,E09000033,E09000033,E09000033,3,41,2,20,6,16,2,3,501,0,4,14,1,1,1,4,2,13,1,1,2,E01004660,-1,0,0,1
2024010513988,2024,010513988,511289,173052,-0.40001,51.44553,1,3,2,2,03/06/2024,2,10:51,-1,E09000018,E09000018,E09000018,3,312,6,30,6,16,2,4,3377,0,5,15,1,1,1,4,0,13,1,1,2,E01002612,-1,0,0,1
2024010545564,2024,010545564,510507,172876,-0.41131,51.4441,1,2,2,1,22/11/2024,6,15:50,-1,E09000018,E09000018,E09000018,3,244,6,20,6,16,2,6,0,0,5,15,1,1,1,4,0,13,1,3,2,E01002598,-1,0,1,0
2024010540082,2024,010540082,542362,184173,0.05132,51.53851,1,2,1,1,26/10/2024,7,18:45,-1,E09000025,E09000025,E09000025,3,117,6,30,6,16,2,5,0,0,5,15,4,1,1,4,0,13,1,1,2,E01003520,-1,0,1,0
2024010497253,2024,010497253,548874,174350,0.14101,51.44857,1,2,2,1,29/02/2024,5,08:30,-1,E09000004,E09000004,E09000004,3,2,3,50,0,0,-1,0,-1,0,0,0,4,2,2,4,3,13,1,1,2,E01000363,-1,0,1,0
2024010499269,2024,010499269,540885,176142,0.02684,51.46672,1,3,3,1,12/03/2024,3,09:50,-1,E09000011,E09000011,E09000011,3,2213,1,20,3,13,4,3,2213,1,9,11,1,1,9,4,0,13,1,3,2,E01034174,-1,0,0,1
2024010531065,2024,010531065,531062,175517,-0.11472,51.46346,1,2,2,1,08/09/2024,1,16:25,-1,E09000022,E09000022,E09000022,3,23,6,20,3,13,2,4,223,0,5,15,1,1,1,4,0,13,1,1,2,E01003047,-1,0,1,0
2024010541137,2024,010541137,522494,182427,-0.2356,51.52748,1,2,2,1,01/11/2024,6,20:11,-1,E09000013,E09000013,E09000013,3,219,1,20,2,0,4,6,0,0,1,13,4,1,1,4,2,13,1,1,2,E01001877,-1,0,1,0
2024010520760,2024,010520760,527019,181688,-0.17067,51.51984,1,2,1,1,09/07/2024,3,09:47,-1,E09000033,E09000033,E09000033,3,404,7,20,9,19,2,6,0,2,4,12,1,1,2,4,2,13,1,1,2,E01033593,-1,0,1,0
2024010542460,2024,010542460,529213,182580,-0.13874,51.52736,1,3,1,3,08/11/2024,6,21:20,-1,E09000007,E09000007,E09000007,3,400,6,30,-1,-1,2,6,0,0,0,0,4,1,1,4,0,13,1,1,2,E01035710,-1,0,0,1
2024010543266,2024,010543266,516763,176977,-0.31998,51.47971,1,2,2,1,13/11/2024,4,15:55,-1,E09000018,E09000018,E09000018,3,315,6,20,3,13,4,5,0,0,0,0,1,1,1,4,0,13,1,1,2,E01002682,-1,0,1,0
2024010507972,2024,010507972,525603,171893,-0.19455,51.43213,1,3,1,1,01/05/2024,4,09:28,-1,E09000024,E09000024,E09000024,3,218,6,20,3,13,4,6,0,0,8,17,1,1,1,4,0,13,1,3,2,E01034578,-1,0,0,1
2024010518902,2024,010518902,526664,175935,-0.17785,51.46822,1,2,2,1,28/06/2024,6,08:50,-1,E09000032,E09000032,E09000032,3,3205,3,20,3,13,4,6,0,0,4,14,1,1,1,4,0,13,1,1,2,E01004541,-1,0,1,0
2024010536905,2024,010536905,531011,168551,-0.11803,51.40087,1,2,2,1,09/10/2024,4,23:35,-1,E09000008,E09000008,E09000008,3,23,6,30,9,19,4,5,0,0,0,0,4,2,2,4,0,13,1,1,2,E01000995,-1,0,1,0
2024010505078,2024,010505078,526238,182614,-0.18159,51.52833,1,3,2,1,15/04/2024,2,11:58,-1,E09000033,E09000033,E09000033,3,5,3,20,8,18,2,6,0,0,5,15,1,4,1,4,2,13,1,1,2,E01004709,-1,0,0,1
2024010525293,2024,010525293,548411,188086,0.14013,51.57211,1,3,2,2,03/08/2024,7,20:17,-1,E09000002,E09000002,E09000002,3,118,6,30,9,19,4,6,0,0,0,0,1,1,1,4,2,13,1,1,2,E01000031,-1,0,0,1
2024010493438,2024,010493438,530400,178172,-0.12327,51.48747,1,2,2,1,05/02/2024,2,14:10,-1,E09000022,E09000022,E09000022,3,3036,9,40,99,-1,2,6,0,9,5,15,1,1,1,4,9,13,1,3,2,E01033862,-1,0,1,0
2024010503502,2024,010503502,535705,170212,-0.04996,51.41469,1,3,2,1,05/04/2024,6,15:45,-1,E09000006,E09000006,E09000006,3,213,6,30,3,13,4,6,0,0,0,0,1,1,1,4,0,13,1,1,2,E01000805,-1,0,0,1
2024010492426,2024,010492426,535781,195626,-0.03908,51.64305,1,3,1,1,02/02/2024,6,15:07,-1,E09000010,E09000010,E09000010,5,0,6,20,3,13,4,6,0,0,1,13,1,1,1,4,0,13,1,1,2,E01033926,-1,0,0,1
2024010498005,2024,010498005,535342,186453,-0.04896,51.56073,1,3,2,1,05/03/2024,3,04:09,-1,E09000012,E09000012,E09000012,3,104,6,20,3,13,2,5,0,0,4,14,4,2,2,4,0,13,2,1,2,E01033705,-1,0,0,1
2024010501990,2024,010501990,519524,186564,-0.27699,51.56529,1,3,2,1,27/03/2024,4,10:09,-1,E09000005,E09000005,E09000005,3,4088,6,30,6,16,2,3,4089,0,5,15,1,1,2,4,2,13,1,1,2,E01033931,-1,0,0,1
2024010518915,2024,010518915,533509,189029,-0.0744,51.58431,1,3,1,1,28/06/2024,6,15:08,-1,E09000014,E09000014,E09000014,3,504,6,20,3,13,2,6,0,0,0,0,1,1,1,4,0,13,1,1,2,E01002069,-1,0,0,1
2024010540357,2024,010540357,525513,179555,-0.19313,51.501,1,2,1,1,28/10/2024,2,15:35,-1,E09000020,E09000020,E09000020,3,315,3,20,6,16,2,5,0,0,0,0,4,1,2,4,2,13,1,1,2,E01002889,-1,0,1,0
2024010509229,2024,010509229,523174,179663,-0.22677,51.50249,1,3,1,1,07/05/2024,3,14:10,-1,E09000013,E09000013,E09000013,3,402,9,30,99,-1,4,6,0,9,4,14,1,1,1,4,0,13,1,3,2,E01001940,-1,0,0,1
2024010533722,2024,010533722,531367,182158,-0.10787,51.52307,1,3,2,1,23/09/2024,2,08:20,-1,E09000019,E09000019,E09000019,3,201,6,20,3,13,4,6,0,0,5,15,1,2,2,4,2,13,1,1,2,E01002724,-1,0,0,1
2024010504761,2024,010504761,518179,184236,-0.29717,51.54465,1,3,1,2,13/04/2024,7,16:50,-1,E09000005,E09000005,E09000005,3,4089,6,30,3,13,2,6,0,0,0,0,1,1,1,4,0,13,1,1,2,E01000632,-1,0,0,1
2024010489581,2024,010489581,525687,176429,-0.19173,51.47287,1,3,2,1,17/01/2024,4,10:10,-1,E09000013,E09000013,E09000013,3,217,6,20,6,16,4,6,0,0,0,0,1,1,1,4,0,13,1,1,2,E01001925,-1,0,0,1
2024010542826,2024,010542826,528827,183801,-0.14386,51.53842,1,3,2,1,11/11/2024,2,12:35,-1,E09000007,E09000007,E09000007,3,4201,6,20,6,16,2,6,0,0,5,15,1,1,1,4,0,13,1,3,2,E01000863,-1,0,0,1
2024010517713,2024,010517713,548459,187603,0.14062,51.56776,1,3,2,2,22/06/2024,7,16:41,-1,E09000002,E09000002,E09000002,5,0,6,30,3,13,4,6,0,0,0,0,1,1,1,4,0,13,1,1,2,E01034469,-1,0,0,1
2024010519547,2024,010519547,533821,177667,-0.07422,51.48213,1,3,2,1,02/07/2024,3,08:24,-1,E09000028,E09000028,E09000028,6,0,7,20,3,13,4,4,215,0,5,15,1,1,1,4,0,13,1,3,2,E01004014,-1,0,0,1
2024010501902,2024,010501902,526324,181812,-0.18064,51.52111,1,3,2,1,26/03/2024,3,08:26,-1,E09000033,E09000033,E09000033,5,0,6,20,6,16,2,6,0,0,1,13,1,1,1,4,9,13,1,3,2,E01004702,-1,0,0,1
2024010487696,2024,010487696,533420,182759,-0.07806,51.52799,1,3,2,1,05/01/2024,6,08:01,-1,E09000012,E09000012,E09000012,3,10,6,20,99,-1,9,6,0,0,1,13,1,1,1,4,2,13,1,3,2,E01033706,-1,0,0,1
2024010515608,2024,010515608,540316,173528,0.01762,51.44337,1,3,2,1,11/06/2024,3,16:45,-1,E09000023,E09000023,E09000023,5,0,3,30,7,17,2,6,0,0,4,14,1,2,2,4,0,13,1,1,2,E01003269,-1,0,0,1
2024010538480,2024,010538480,528818,183816,-0.14398,51.53855,1,3,2,1,18/10/2024,6,09:03,-1,E09000007,E09000007,E09000007,3,4201,2,20,6,16,2,6,0,0,1,13,1,1,1,4,0,13,1,1,2,E01000863,-1,0,0,1
2024010528146,2024,010528146,529509,179263,-0.13569,51.49748,1,3,2,1,15/08/2024,5,07:05,-1,E09000033,E09000033,E09000033,3,302,6,20,6,16,2,4,323,9,5,15,1,1,1,4,0,13,1,3,2,E01004744,-1,0,0,1
2024010541732,2024,010541732,535221,172978,-0.05586,51.43966,1,3,2,1,31/10/2024,5,17:00,-1,E09000023,E09000023,E09000023,3,205,6,20,3,13,2,6,0,0,5,15,1,1,1,4,0,13,1,3,2,E01003255,-1,0,0,1
2024010488266,2024,010488266,531831,188225,-0.09891,51.57748,1,3,2,1,09/01/2024,3,18:50,-1,E09000014,E09000014,E09000014,3,105,2,20,3,13,4,6,0,0,0,0,4,1,1,4,0,13,1,1,2,E01002002,-1,0,0,1
2024010528350,2024,010528350,536467,182353,-0.03432,51.52361,1,3,2,1,22/08/2024,5,21:02,-1,E09000030,E09000030,E09000030,3,1205,6,30,0,0,-1,0,-1,0,0,0,4,1,1,4,0,13,1,1,2,E01035675,-1,0,0,1
2024010535301,2024,010535301,525879,173206,-0.19012,51.44387,1,2,2,1,30/09/2024,2,18:49,-1,E09000032,E09000032,E09000032,6,0,9,20,3,13,4,3,217,0,9,0,1,1,2,4,0,13,1,3,2,E01004496,-1,0,1,0
2024010540792,2024,010540792,555668,186631,0.24412,51.55709,1,3,2,1,30/10/2024,4,13:40,-1,E09000016,E09000016,E09000016,3,124,9,30,0,0,-1,0,-1,9,9,99,1,9,9,4,9,13,1,3,2,E01002386,-1,0,0,1
2024010497262,2024,010497262,533718,178272,-0.07547,51.4876,1,3,2,1,29/02/2024,5,00:40,-1,E09000028,E09000028,E09000028,3,2,3,20,99,-1,2,6,0,0,5,15,4,1,1,4,0,13,1,3,2,E01004040,-1,0,0,1
2024010488365,2024,010488365,540599,172373,0.02123,51.43292,1,3,1,1,09/01/2024,3,18:50,-1,E09000023,E09000023,E09000023,3,2212,3,30,9,19,9,6,0,9,1,13,4,1,2,4,9,13,1,3,2,E01003263,-1,0,0,1
2024010528129,2024,010528129,537130,183652,-0.02427,51.53512,1,3,2,2,10/08/2024,7,21:40,-1,E09000030,E09000030,E09000030,3,12,3,50,99,-1,9,6,0,0,0,0,4,1,1,4,0,13,1,3,2,E01032764,-1,0,0,1
2024010495571,2024,010495571,528955,179145,-0.14371,51.49655,1,3,2,1,20/02/2024,3,11:53,-1,E09000033,E09000033,E09000033,3,302,2,20,0,0,-1,0,-1,9,5,15,1,1,1,4,0,13,1,3,2,E01004750,-1,0,0,1
2024010527345,2024,010527345,528831,180908,-0.14486,51.51242,1,3,2,1,16/08/2024,6,14:00,-1,E09000033,E09000033,E09000033,4,406,6,20,3,13,2,4,406,0,0,0,1,1,1,4,0,13,1,1,2,E01035716,-1,0,0,1
2024010514202,2024,010514202,523691,177736,-0.22,51.48506,1,3,2,1,04/06/2024,3,12:30,-1,E09000013,E09000013,E09000013,3,219,6,20,3,13,4,3,219,0,4,14,1,1,1,4,0,13,1,1,2,E01001891,-1,0,0,1
2024010535606,2024,010535606,531841,183000,-0.10072,51.53052,1,2,2,1,02/10/2024,4,19:55,-1,E09000019,E09000019,E09000019,3,501,6,20,3,13,4,6,0,0,0,0,4,1,2,4,0,13,1,1,2,E01002707,-1,0,1,0
2024010496996,2024,010496996,552028,176139,0.18713,51.46381,1,3,1,1,28/02/2024,4,08:45,-1,E09000004,E09000004,E09000004,5,0,9,30,1,0,2,3,206,9,5,15,1,8,1,4,0,13,1,3,2,E01000374,-1,0,0,1
2024010546037,2024,010546037,527982,190850,-0.15347,51.60196,1,3,2,1,27/11/2024,4,17:03,-1,E09000014,E09000014,E09000014,6,0,6,20,9,19,4,6,0,0,0,0,5,1,1,4,0,13,1,1,2,E01001995,-1,0,0,1
2024010493194,2024,010493194,506774,182131,-0.46221,51.52801,1,3,2,1,07/02/2024,4,07:28,-1,E09000017,E09000017,E09000017,5,0,6,30,3,13,4,6,0,0,0,0,1,1,2,4,0,13,1,3,2,E01002412,-1,0,0,1
2024010533933,2024,010533933,527598,171711,-0.16593,51.43005,1,3,2,1,23/09/2024,2,06:55,-1,E09000032,E09000032,E09000032,3,24,6,20,3,13,4,6,0,0,4,14,1,2,2,4,0,13,1,3,2,E01004613,-1,0,0,1
2024010540900,2024,010540900,538129,177320,-0.01235,51.47798,1,2,1,3,28/10/2024,2,19:55,-1,E09000011,E09000011,E09000011,3,206,6,30,99,-1,2,3,2211,9,9,99,4,8,2,4,0,13,1,3,2,E01034182,-1,0,1,0
2024010544688,2024,010544688,545219,178112,0.09,51.48332,1,3,2,1,20/11/2024,4,11:05,-1,E09000011,E09000011,E09000011,6,0,2,20,0,0,-1,0,-1,0,0,0,1,1,2,4,0,13,1,3,2,E01001635,-1,0,0,1
2024010506796,2024,010506796,527408,183327,-0.16448,51.53448,1,3,2,1,24/04/2024,4,22:50,-1,E09000033,E09000033,E09000033,3,5205,3,20,3,13,2,6,0,0,1,13,4,1,1,4,0,13,1,1,2,E01004727,-1,0,0,1
2024010529758,2024,010529758,517488,179012,-0.30887,51.49785,1,3,2,1,31/08/2024,7,14:46,-1,E09000009,E09000009,E09000009,4,4491,6,20,3,13,2,6,0,0,1,13,1,1,1,4,0,13,1,1,2,E01001301,-1,0,0,1
2024010515087,2024,010515087,536441,181128,-0.03517,51.51261,1,3,2,1,08/06/2024,7,17:14,-1,E09000030,E09000030,E09000030,6,0,6,30,9,19,2,3,13,0,5,15,1,8,9,4,0,13,1,3,2,E01035690,-1,0,0,1
2024010534505,2024,010534505,523242,180858,-0.22537,51.51321,1,3,2,1,26/09/2024,5,17:35,-1,E09000013,E09000013,E09000013,3,219,6,20,0,0,-1,0,-1,0,4,14,1,2,2,4,0,13,1,1,2,E01035484,-1,0,0,1
2024010518819,2024,010518819,529323,183983,-0.13664,51.53994,1,3,2,1,28/06/2024,6,08:20,-1,E09000007,E09000007,E09000007,3,5202,2,20,3,13,4,6,0,0,8,17,1,1,1,4,0,13,1,1,2,E01000957,-1,0,0,1
2024010491155,2024,010491155,543268,186163,0.06519,51.55616,1,3,2,1,25/01/2024,5,19:30,-1,E09000025,E09000025,E09000025,3,118,9,30,0,0,-1,0,-1,0,0,0,4,1,1,4,9,13,1,3,2,E01003577,-1,0,0,1
2024010503756,2024,010503756,538343,183584,-0.00682,51.53422,1,3,2,1,07/04/2024,1,13:45,-1,E09000025,E09000025,E09000025,3,11,3,30,0,0,-1,0,-1,9,5,15,1,1,1,4,0,13,1,3,2,E01034223,-1,0,0,1
2024010519070,2024,010519070,532017,174324,-0.10143,51.45252,1,3,2,1,29/06/2024,7,16:08,-1,E09000022,E09000022,E09000022,3,215,6,20,99,-1,2,3,215,0,5,15,1,1,1,4,0,13,1,3,2,E01003074,-1,0,0,1
2024010536368,2024,010536368,529074,178930,-0.14208,51.49459,1,3,2,1,04/10/2024,6,09:35,-1,E09000033,E09000033,E09000033,3,202,2,30,3,13,2,5,0,9,5,15,1,1,1,4,0,13,1,3,2,E01004749,-1,0,0,1
2024010508579,2024,010508579,524800,184429,-0.20167,51.54497,1,3,1,1,04/05/2024,7,18:10,-1,E09000005,E09000005,E09000005,3,5,6,30,3,13,2,6,0,0,5,15,1,1,1,4,2,13,1,1,2,E01000545,-1,0,0,1
2024010497102,2024,010497102,529320,183191,-0.13698,51.53282,1,3,2,1,29/02/2024,5,01:18,-1,E09000007,E09000007,E09000007,3,4200,6,20,6,16,2,3,400,0,0,0,4,1,2,4,2,13,1,1,2,E01000952,-1,0,0,1
2024010519040,2024,010519040,520818,183940,-0.25923,51.54144,1,3,2,1,29/06/2024,7,11:54,-1,E09000005,E09000005,E09000005,3,407,6,20,3,13,2,3,404,0,0,0,1,1,1,4,0,13,1,1,2,E01033456,-1,0,0,1
2024010511632,2024,010511632,520599,178901,-0.26411,51.4962,1,3,2,1,20/05/2024,2,16:45,-1,E09000009,E09000009,E09000009,4,490,1,20,1,0,2,4,490,0,1,13,1,1,1,4,6,13,1,3,2,E01032572,-1,0,0,1
2024010505524,2024,010505524,527837,179175,-0.1598,51.49707,1,3,2,1,17/04/2024,4,23:55,-1,E09000020,E09000020,E09000020,4,319,6,20,-1,-1,4,6,0,2,1,12,4,1,1,4,2,13,1,1,2,E01002863,-1,0,0,1
2024010542278,2024,010542278,536386,181912,-0.03566,51.51967,1,3,2,1,08/11/2024,6,11:49,-1,E09000030,E09000030,E09000030,6,0,6,30,8,18,4,6,0,0,0,0,1,1,1,4,0,13,1,1,2,E01004270,-1,0,0,1
2024010539140,2024,010539140,526533,177701,-0.1791,51.48412,1,2,2,1,20/10/2024,1,15:00,-1,E09000020,E09000020,E09000020,6,0,6,20,9,19,4,6,0,0,0,0,1,1,1,4,0,13,1,1,2,E01002912,-1,0,1,0
2024010512150,2024,010512150,542602,183516,0.05452,51.53255,1,2,1,1,26/05/2024,1,09:20,-1,E09000025,E09000025,E09000025,3,117,6,20,0,0,-1,0,-1,0,4,14,1,1,1,4,0,13,1,1,2,E01003525,-1,0,1,0
2024010487293,2024,010487293,515623,187807,-0.33284,51.57728,1,3,2,1,03/01/2024,4,16:09,-1,E09000015,E09000015,E09000015,3,404,6,30,3,13,2,4,457,0,0,0,1,2,2,4,2,13,1,1,2,E01002137,-1,0,0,1
2024010549540,2024,010549540,527406,169243,-0.16958,51.40791,1,3,2,1,16/12/2024,2,06:29,-1,E09000024,E09000024,E09000024,3,236,6,20,6,16,4,6,0,0,1,13,4,1,1,4,2,13,1,1,2,E01003405,-1,0,0,1
2024010524786,2024,010524786,525021,184132,-0.19859,51.54225,1,3,2,1,31/07/2024,4,16:44,-1,E09000005,E09000005,E09000005,3,5,6,30,3,13,4,6,0,9,5,15,1,1,1,4,0,13,1,3,2,E01000545,-1,0,0,1
2024010492954,2024,010492954,539468,179047,0.0076,51.49317,1,3,2,1,04/02/2024,1,12:44,-1,E09000011,E09000011,E09000011,3,102,3,50,5,0,4,6,0,0,0,0,1,4,1,4,2,13,1,1,2,E01034188,-1,0,0,1
2024010530989,2024,010530989,539035,175184,-0.00015,51.45857,1,3,2,1,07/09/2024,7,10:30,-1,E09000023,E09000023,E09000023,3,20,3,20,3,13,4,6,0,9,9,99,1,1,1,4,0,13,1,3,2,E01003282,-1,0,0,1
2024010540768,2024,010540768,527106,195400,-0.16446,51.64304,1,3,2,1,30/10/2024,4,21:20,-1,E09000003,E09000003,E09000003,4,193,6,30,3,13,4,6,0,0,0,0,4,1,1,4,0,13,1,1,2,E01000174,-1,0,0,1
2024010522674,2024,010522674,523818,179690,-0.21749,51.50259,1,3,1,1,19/07/2024,6,19:55,-1,E09000013,E09000013,E09000013,6,0,9,20,99,-1,9,6,0,9,9,99,1,1,1,4,2,13,1,3,2,E01001852,-1,0,0,1
2024010508698,2024,010508698,524392,179318,-0.20935,51.49912,1,3,2,1,03/05/2024,6,19:00,-1,E09000020,E09000020,E09000020,3,3220,2,20,3,13,4,6,0,0,0,0,1,1,1,4,0,13,1,3,2,E01002867,-1,0,0,1
2024010506758,2024,010506758,527962,181331,-0.15722,51.51642,1,2,2,1,24/04/2024,4,17:45,-1,E09000033,E09000033,E09000033,4,523,6,30,3,13,3,6,0,0,1,13,1,1,1,4,2,13,1,1,2,E01004714,-1,0,1,0
2024010535247,2024,010535247,527813,179602,-0.15999,51.50091,1,2,1,2,30/09/2024,2,18:21,-1,E09000020,E09000020,E09000020,3,3216,2,20,3,13,4,6,0,0,0,0,1,1,1,4,0,13,1,1,2,E01002818,-1,0,1,0
2024010495408,2024,010495408,518399,185320,-0.29363,51.55435,1,3,1,1,19/02/2024,2,16:55,-1,E09000005,E09000005,E09000005,3,4089,6,30,3,13,4,6,0,0,5,15,1,1,1,4,0,13,1,1,2,E01033935,-1,0,0,1
2024010529961,2024,010529961,531084,168375,-0.11705,51.39927,1,2,2,1,01/09/2024,1,22:20,-1,E09000008,E09000008,E09000008,3,23,6,20,3,13,4,6,0,0,0,0,4,1,1,4,2,13,1,1,2,E01000995,-1,0,1,0
2024010525352,2024,010525352,539546,178914,0.00867,51.49196,1,2,3,1,04/08/2024,1,12:38,-1,E09000011,E09000011,E09000011,3,102,3,50,0,0,-1,0,-1,0,0,0,1,1,1,4,2,13,1,1,2,E01034190,-1,0,1,0
2024010540655,2024,010540655,536167,199991,-0.0318,51.68218,1,3,3,1,27/09/2024,6,11:20,-1,E09000010,E09000010,E09000010,1,25,3,70,0,0,-1,0,-1,0,0,0,1,1,9,4,0,13,1,3,1,E01001444,-1,0,0,1
2024010511808,2024,010511808,540295,183234,0.02117,51.53059,1,3,3,1,21/05/2024,3,19:00,-1,E09000025,E09000025,E09000025,3,112,3,30,9,19,2,6,0,0,0,0,1,2,2,4,0,13,1,1,2,E01003600,-1,0,0,1
2024010506660,2024,010506660,526529,181270,-0.17788,51.51619,1,3,2,1,24/04/2024,4,10:30,-1,E09000033,E09000033,E09000033,3,4205,6,20,3,13,4,6,0,2,0,12,1,1,1,4,0,13,1,1,2,E01004682,-1,0,0,1
2024010517292,2024,010517292,523247,180838,-0.22531,51.51303,1,3,3,1,20/06/2024,5,14:30,-1,E09000013,E09000013,E09000013,3,219,6,20,3,13,1,6,0,2,0,12,1,1,1,4,2,13,1,1,2,E01035484,-1,0,0,1
2024010513103,2024,010513103,532987,182092,-0.08455,51.5221,1,3,2,1,26/05/2024,1,11:50,-1,E09000019,E09000019,E09000012,5,0,6,20,6,16,4,5,0,0,0,0,1,1,1,4,0,13,1,3,2,E01002704,-1,0,0,1
2024010541116,2024,010541116,525741,174634,-0.19159,51.45673,1,3,2,1,29/10/2024,3,17:10,-1,E09000032,E09000032,E09000032,3,3,6,20,0,0,-1,0,-1,9,9,99,4,8,1,4,9,13,1,3,2,E01035493,-1,0,0,1
2024010548855,2024,010548855,529214,182712,-0.13868,51.52854,1,3,2,1,12/12/2024,5,15:20,-1,E09000007,E09000007,E09000007,3,400,6,30,-1,-1,4,6,0,9,9,99,1,2,2,4,0,13,1,3,2,E01035710,-1,0,0,1
2024010548650,2024,010548650,524485,174828,-0.20959,51.45875,1,3,2,1,09/12/2024,2,07:26,-1,E09000032,E09000032,E09000032,6,0,6,20,3,13,4,3,205,0,4,14,1,1,1,4,0,13,1,3,2,E01004507,-1,0,0,1
2024010528371,2024,010528371,517907,183759,-0.30125,51.54042,1,3,2,1,15/08/2024,5,18:15,-1,E09000005,E09000005,E09000005,3,4005,2,30,0,0,-1,0,-1,9,4,14,1,1,1,4,0,13,1,3,2,E01000475,-1,0,0,1
2024010547265,2024,010547265,529217,182802,-0.1386,51.52935,1,2,1,1,20/11/2024,4,09:50,-1,E09000007,E09000007,E09000007,3,400,6,30,3,13,2,6,0,0,5,15,1,1,1,4,0,13,1,3,2,E01035710,-1,0,1,0
2024010517659,2024,010517659,517230,182348,-0.31147,51.52788,1,3,2,1,22/06/2024,7,09:58,-1,E09000009,E09000009,E09000009,6,0,3,40,0,0,-1,0,-1,0,0,0,1,1,1,4,0,13,1,1,2,E01001209,-1,0,0,1
2024010515314,2024,010515314,523288,180710,-0.22476,51.51187,1,3,1,1,10/06/2024,2,07:55,-1,E09000013,E09000013,E09000013,3,219,6,20,9,19,4,6,0,2,5,12,1,2,2,4,2,13,1,1,2,E01035485,-1,0,0,1
2024010526008,2024,010526008,509910,171994,-0.42017,51.43629,1,3,2,2,07/08/2024,4,15:15,-1,E09000018,E09000018,E09000018,5,0,6,20,3,13,4,6,0,0,8,17,1,1,1,4,0,13,1,3,2,E01002616,-1,0,0,1
2024010544889,2024,010544889,538939,181016,0.00076,51.511,1,3,2,1,21/11/2024,5,22:16,-1,E09000030,E09000030,E09000030,3,1261,1,20,1,0,4,3,1268,0,0,0,4,1,1,4,0,13,1,1,2,E01035702,-1,0,0,1
2024010503850,2024,010503850,535526,186591,-0.04625,51.56192,1,3,2,1,05/04/2024,6,16:55,-1,E09000012,E09000012,E09000012,3,104,6,20,0,0,-1,0,-1,0,5,15,1,1,1,4,0,13,2,3,2,E01033705,-1,0,0,1
2024010534314,2024,010534314,523245,180814,-0.22534,51.51282,1,3,2,1,26/09/2024,5,00:15,-1,E09000013,E09000013,E09000013,3,219,6,20,3,13,2,6,0,0,4,14,4,1,2,4,0,13,1,1,2,E01035485,-1,0,0,1
2024010493142,2024,010493142,535449,179104,-0.05024,51.49466,1,2,2,1,06/02/2024,3,17:57,-1,E09000028,E09000028,E09000028,3,200,6,20,3,13,4,6,0,0,0,0,4,2,2,4,0,13,1,1,2,E01004031,-1,0,1,0
2024010531790,2024,010531790,527857,172533,-0.16191,51.43737,1,3,2,1,03/09/2024,3,20:15,-1,E09000032,E09000032,E09000032,3,214,6,30,8,18,4,6,0,0,4,14,4,1,1,4,0,13,1,3,2,E01004548,-1,0,0,1
2024010529544,2024,010529544,540235,183525,0.02042,51.53322,1,3,2,1,30/08/2024,6,10:05,-1,E09000025,E09000025,E09000025,6,0,6,20,0,0,-1,0,-1,0,0,0,1,1,1,4,0,13,1,1,2,E01003598,-1,0,0,1
2024010527981,2024,010527981,532487,179829,-0.09261,51.50188,1,3,2,1,31/07/2024,4,08:30,-1,E09000028,E09000028,E09000028,3,3,6,20,0,0,-1,0,-1,9,5,15,1,1,1,4,2,13,1,3,2,E01003939,-1,0,0,1
2024010542039,2024,010542039,527653,171769,-0.16512,51.43055,1,3,2,1,06/11/2024,4,20:30,-1,E09000032,E09000032,E09000032,3,24,6,30,3,13,4,6,0,0,5,15,7,1,1,4,0,13,1,1,2,E01004613,-1,0,0,1
2024010504205,2024,010504205,529401,189158,-0.13361,51.58643,1,3,2,1,10/04/2024,4,07:36,-1,E09000014,E09000014,E09000014,3,1201,6,30,3,13,4,5,0,0,0,0,1,1,1,4,0,13,1,1,2,E01002019,-1,0,0,1
2024010525063,2024,010525063,540770,191405,0.03128,51.6039,1,3,2,1,02/08/2024,6,14:20,-1,E09000026,E09000026,E09000026,3,1009,6,30,0,0,-1,0,-1,0,0,0,1,1,1,4,0,13,1,1,2,E01003749,-1,0,0,1
2024010496912,2024,010496912,535948,180880,-0.04237,51.5105,1,3,2,1,27/02/2024,3,23:30,-1,E09000030,E09000030,E09000030,3,1203,6,30,3,13,2,4,145,0,4,14,4,1,1,4,0,13,1,1,2,E01032769,-1,0,0,1
2024010538112,2024,010538112,509995,175255,-0.41793,51.46559,1,3,2,2,16/10/2024,4,12:16,-1,E09000018,E09000018,E09000018,5,0,6,30,8,18,4,6,0,0,0,0,1,1,1,4,0,13,1,1,2,E01002592,-1,0,0,1
2024010487533,2024,010487533,542146,185275,0.04866,51.54847,1,3,2,1,04/01/2024,5,17:40,-1,E09000025,E09000025,E09000025,3,117,2,20,3,13,4,6,0,0,0,0,6,5,2,4,2,13,1,3,2,E01003587,-1,0,0,1
2024010544150,2024,010544150,523768,180688,-0.21786,51.51157,1,2,2,1,18/11/2024,2,12:09,-1,E09000020,E09000020,E09000020,5,0,7,20,9,19,4,5,0,0,0,0,1,1,2,4,0,13,1,1,2,E01002870,-1,0,1,0
2024010513227,2024,010513227,527596,165331,-0.16825,51.37271,1,3,2,1,28/05/2024,3,22:13,-1,E09000029,E09000029,E09000029,5,0,6,20,3,13,2,6,0,0,5,15,4,1,1,4,0,13,1,3,2,E01004165,-1,0,0,1
2024010518199,2024,010518199,542223,184813,0.04958,51.5443,1,2,1,1,24/06/2024,2,03:00,-1,E09000025,E09000025,E09000025,3,117,6,20,99,-1,9,6,0,9,1,13,4,1,1,4,0,13,1,3,2,E01003589,-1,0,1,0
2024010487996,2024,010487996,533664,186761,-0.07303,51.56389,1,3,2,1,08/01/2024,2,11:16,-1,E09000012,E09000012,E09000012,3,10,6,20,9,19,4,3,10,0,5,15,1,1,1,4,0,13,1,1,2,E01001724,-1,0,0,1
2024010530937,2024,010530937,529382,165055,-0.14271,51.36982,1,3,2,1,07/09/2024,7,17:44,-1,E09000029,E09000029,E09000029,3,232,6,20,99,-1,2,6,0,0,5,15,1,1,1,4,0,13,1,3,2,E01004076,-1,0,0,1
2024010490736,2024,010490736,514457,171217,-0.35503,51.42841,1,3,2,1,23/01/2024,3,14:58,-1,E09000027,E09000027,E09000027,3,311,6,20,3,13,4,6,0,0,0,0,1,1,2,4,0,13,1,1,2,E01003815,-1,0,0,1
2024010497607,2024,010497607,517708,179810,-0.30543,51.50497,1,2,1,1,02/03/2024,7,17:00,-1,E09000009,E09000009,E09000009,4,455,6,20,3,13,2,6,0,0,0,0,4,2,2,4,0,13,1,1,2,E01001230,-1,0,1,0
2024010518950,2024,010518950,534076,196403,-0.06341,51.65044,1,3,2,1,28/06/2024,6,14:55,-1,E09000010,E09000010,E09000010,3,110,9,30,3,13,2,6,0,0,0,0,1,1,1,4,0,13,1,3,2,E01001518,-1,0,0,1
2024010542589,2024,010542589,524801,185400,-0.20131,51.55369,1,3,1,1,10/11/2024,1,00:30,-1,E09000007,E09000007,E09000007,6,0,6,30,0,0,-1,0,-1,0,0,0,4,1,1,4,2,13,1,1,2,E01000873,-1,0,0,1
2024010537998,2024,010537998,510743,179853,-0.40573,51.50677,1,3,2,1,11/10/2024,6,10:50,-1,E09000017,E09000017,E09000017,3,312,3,40,0,0,-1,0,-1,0,0,0,1,1,1,4,2,13,1,1,2,E01002507,-1,0,0,1
2024010528346,2024,010528346,510809,177570,-0.40549,51.48623,1,2,2,1,22/08/2024,5,16:45,-1,E09000018,E09000018,E09000018,6,0,6,30,9,19,4,6,0,2,1,12,1,1,1,4,0,13,1,1,2,E01002633,-1,0,1,0
2024010505205,2024,010505205,535304,183248,-0.05073,51.53193,1,3,2,1,16/04/2024,3,13:14,-1,E09000030,E09000030,E09000030,6,0,1,20,2,0,4,6,0,0,0,0,1,2,2,4,0,13,1,1,2,E01035661,-1,0,0,1
2024010535648,2024,010535648,530388,180228,-0.12268,51.50595,1,2,1,1,01/10/2024,3,21:30,-1,E09000033,E09000033,E09000033,3,3211,6,30,99,-1,9,6,0,9,9,99,4,2,2,4,0,13,2,3,2,E01004733,-1,0,1,0
2024010532276,2024,010532276,535023,194943,-0.05029,51.63709,1,3,2,1,15/09/2024,1,13:24,-1,E09000010,E09000010,E09000010,3,1010,6,30,0,0,-1,0,-1,0,0,0,1,1,1,4,2,13,1,1,2,E01001476,-1,0,0,1
2024010549635,2024,010549635,553373,190488,0.21272,51.59237,1,3,2,1,16/12/2024,2,22:46,-1,E09000016,E09000016,E09000016,3,12,3,50,7,17,2,3,12,0,0,0,4,1,1,4,0,13,1,1,2,E01002383,-1,0,0,1
2024010497561,2024,010497561,518390,177787,-0.29629,51.48665,1,3,3,1,02/03/2024,7,14:48,-1,E09000018,E09000018,E09000018,3,315,6,20,3,13,4,6,0,0,5,15,1,1,2,4,0,13,2,1,2,E01034046,-1,0,0,1
2024010551059,2024,010551059,538994,181005,0.00154,51.51088,1,3,2,1,24/12/2024,3,22:00,-1,E09000030,E09000030,E09000030,3,1020,1,20,0,0,-1,0,-1,0,0,0,5,1,1,4,0,13,1,1,2,E01035702,-1,0,0,1
2024010531162,2024,010531162,543078,181588,0.06059,51.5151,1,3,1,1,09/09/2024,2,10:10,-1,E09000025,E09000025,E09000025,3,117,6,20,0,0,-1,0,-1,0,1,13,1,1,1,4,2,13,1,1,2,E01003486,-1,0,0,1
2024010529361,2024,010529361,528400,175203,-0.15314,51.46125,1,3,1,1,29/08/2024,5,06:55,-1,E09000032,E09000032,E09000032,3,3,6,30,3,13,2,6,0,0,0,0,1,1,1,4,2,13,1,1,2,E01004554,-1,0,0,1
2024010495320,2024,010495320,530235,187065,-0.12236,51.56743,1,3,1,1,19/01/2024,6,10:00,-1,E09000019,E09000019,E09000019,3,103,3,20,3,13,4,6,0,0,1,13,1,1,1,4,0,13,1,3,2,E01002804,-1,0,0,1
2024010549174,2024,010549174,522054,188026,-0.24,51.57789,1,3,2,1,14/12/2024,7,11:38,-1,E09000003,E09000003,E09000003,3,5,6,30,9,19,2,3,504,0,0,0,1,1,2,4,0,13,1,1,2,E01000305,-1,0,0,1
2024010524672,2024,010524672,523296,180764,-0.22463,51.51236,1,3,2,1,31/07/2024,4,08:55,-1,E09000013,E09000013,E09000013,3,219,3,20,8,18,4,6,0,0,0,0,1,1,1,4,0,13,1,1,2,E01035485,-1,0,0,1
2024010521730,2024,010521730,555430,193715,0.24382,51.6208,1,3,5,3,14/07/2024,1,15:27,-1,E09000016,E09000016,E09000016,1,25,3,70,0,0,-1,0,-1,0,0,0,1,1,1,4,0,13,2,1,1,E01002276,-1,0,0,1
2024010534434,2024,010534434,530829,180952,-0.11606,51.51235,1,3,1,1,26/09/2024,5,14:09,-1,E09000033,E09000033,E09000033,3,4,2,20,3,13,4,6,0,0,0,0,1,2,2,4,0,13,1,1,2,E01004735,-1,0,0,1
2024010529098,2024,010529098,524304,170989,-0.21354,51.42429,1,2,2,1,27/08/2024,3,17:40,-1,E09000024,E09000024,E09000024,3,219,6,20,3,13,1,6,0,0,0,0,1,1,1,4,0,13,1,1,2,E01003402,-1,0,1,0
2024010487684,2024,010487684,533647,176788,-0.07705,51.47428,1,3,2,2,06/01/2024,7,05:24,-1,E09000028,E09000028,E09000028,3,202,6,20,3,13,2,4,217,0,4,14,4,1,1,4,2,13,1,1,2,E01004066,-1,0,0,1
2024010514267,2024,010514267,528181,177831,-0.15533,51.48491,1,3,2,1,02/06/2024,1,16:53,-1,E09000020,E09000020,E09000020,3,3212,6,30,0,0,-1,0,-1,9,1,13,1,1,1,4,0,13,2,3,2,E01002901,-1,0,0,1
2024010516326,2024,010516326,541519,181940,0.03828,51.51866,1,3,2,2,15/06/2024,7,12:50,-1,E09000025,E09000025,E09000025,3,13,3,50,0,0,-1,0,-1,0,0,0,1,2,2,4,0,13,1,1,2,E01003516,-1,0,0,1
2024010493719,2024,010493719,540306,183230,0.02132,51.53055,1,3,2,1,09/02/2024,6,17:37,-1,E09000025,E09000025,E09000025,3,112,6,30,3,13,2,3,114,0,4,14,4,2,2,4,0,13,1,1,2,E01003600,-1,0,0,1
2024010511158,2024,010511158,515001,183909,-0.34308,51.54237,1,3,2,1,17/05/2024,6,16:55,-1,E09000009,E09000009,E09000009,3,4127,6,20,6,16,2,5,0,0,5,15,1,1,1,4,0,13,1,3,2,E01001272,-1,0,0,1
2024010516691,2024,010516691,548777,176241,0.14041,51.46559,1,3,2,1,13/06/2024,5,19:45,-1,E09000004,E09000004,E09000004,5,0,9,30,0,0,-1,0,-1,9,9,99,1,1,1,4,9,13,1,3,2,E01000358,-1,0,0,1
2024010535461,2024,010535461,536437,192037,-0.031,51.61064,1,1,3,2,02/10/2024,4,04:45,-1,E09000031,E09000031,E09000031,3,406,3,50,0,0,-1,0,-1,0,0,0,4,1,1,4,0,13,1,1,2,E01004456,-1,0,0,0
2024010540594,2024,010540594,536929,181070,-0.02817,51.51197,1,3,1,1,30/10/2024,4,00:00,-1,E09000030,E09000030,E09000030,3,13,9,20,6,16,2,3,1205,9,5,15,4,1,1,4,9,13,1,3,2,E01035691,-1,0,0,1
2024010524757,2024,010524757,528425,179150,-0.15134,51.49671,1,2,2,1,31/07/2024,4,16:30,-1,E09000033,E09000033,E09000033,4,310,3,20,6,16,2,6,0,0,5,15,1,1,1,4,0,13,1,1,2,E01004690,-1,0,1,0
2024010524495,2024,010524495,533956,197714,-0.06464,51.66225,1,2,1,1,30/07/2024,3,13:00,-1,E09000010,E09000010,E09000010,5,0,6,30,0,0,-1,0,-1,0,0,0,1,1,1,4,2,13,1,1,2,E01001538,-1,0,1,0
2024010498162,2024,010498162,524436,178964,-0.20884,51.49593,1,3,2,1,05/03/2024,3,18:20,-1,E09000013,E09000013,E09000013,3,315,6,20,9,19,4,6,0,0,4,14,4,1,1,4,2,13,1,1,2,E01001866,-1,0,0,1
2024010525995,2024,010525995,545922,183959,0.10253,51.53568,1,3,2,2,07/08/2024,4,21:54,-1,E09000002,E09000002,E09000002,3,123,6,30,3,13,2,5,0,0,4,14,4,1,1,4,0,13,1,1,2,E01000043,-1,0,0,1
2024010512506,2024,010512506,519365,182269,-0.28074,51.52673,1,3,2,1,23/05/2024,5,01:45,-1,E09000009,E09000009,E09000009,3,40,3,40,6,16,2,6,0,9,5,15,4,1,2,4,0,13,1,3,2,E01001247,-1,0,0,1
2024010504929,2024,010504929,534772,178837,-0.06008,51.49242,1,3,2,1,14/04/2024,1,20:17,-1,E09000028,E09000028,E09000028,3,2206,6,20,3,13,4,6,0,0,0,0,5,1,1,4,0,13,1,1,2,E01004024,-1,0,0,1
2024010542405,2024,010542405,511760,177380,-0.39186,51.48434,1,3,2,1,17/10/2024,5,03:25,-1,E09000018,E09000018,E09000018,5,0,6,20,3,13,2,6,0,1,1,11,1,8,1,4,0,13,1,3,2,E01002634,-1,0,0,1
2024010529861,2024,010529861,509675,190753,-0.41772,51.60494,1,3,2,1,01/09/2024,1,11:20,-1,E09000017,E09000017,E09000017,3,404,6,30,3,13,4,3,4125,0,0,0,1,1,1,4,0,13,1,1,2,E01002474,-1,0,0,1
2024010546431,2024,010546431,541694,180885,0.04038,51.50914,1,3,1,1,27/11/2024,4,17:45,-1,E09000025,E09000025,E09000025,3,112,1,40,1,0,4,3,112,0,0,0,4,1,1,4,0,13,1,3,2,E01003515,-1,0,0,1
2024031462605,2024,031462605,385430,514291,-2.22661,54.52369,3,2,2,1,02/07/2024,3,09:25,-1,E06000064,E06000064,E06000064,3,66,3,70,-1,19,-1,6,0,-1,-1,0,1,1,1,-1,-1,13,2,1,1,E01019309,6,1,1,0
2024031459122,2024,031459122,352942,529672,-2.73099,54.65993,3,3,2,1,22/06/2024,7,18:00,-1,E06000064,E06000064,E06000064,3,686,6,40,-1,13,4,6,0,-1,-1,0,1,1,1,-1,-1,13,2,1,2,E01019326,3,1,0,1
2024031531261,2024,031531261,331013,524612,-3.06967,54.61193,3,3,4,2,17/12/2024,3,11:47,-1,E06000063,E06000063,E06000063,3,66,6,60,-1,0,-1,-1,-1,-1,-1,0,1,1,1,-1,-1,13,2,1,1,E01019106,3,1,0,1
2024031411748,2024,031411748,336615,556241,-2.98986,54.89686,3,3,1,1,19/02/2024,2,10:15,-1,E06000063,E06000063,E06000063,4,5307,6,60,-1,0,-1,3,689,-1,-1,0,1,1,1,-1,-1,13,2,2,2,E01019203,3,1,0,1
2024031493474,2024,031493474,350436,528681,-2.76966,54.65078,3,3,1,1,19/09/2024,5,09:10,-1,E06000064,E06000064,E06000064,3,66,2,60,-1,13,4,6,0,-1,-1,0,1,1,1,-1,-1,13,2,1,1,E01019311,3,1,0,1
2024031499045,2024,031499045,344884,483667,-2.8473,54.24571,3,3,4,2,02/10/2024,4,21:17,-1,E06000064,E06000064,E06000064,3,590,6,60,-1,0,-1,-1,-1,-1,-1,0,4,1,1,-1,-1,13,2,1,1,E01019381,3,1,0,1
2024031527402,2024,031527402,340883,553808,-2.92282,54.87552,3,3,1,1,06/12/2024,6,17:50,-1,E06000063,E06000063,E06000063,6,0,6,30,-1,0,-1,6,0,-1,-1,0,4,2,2,-1,-1,13,1,1,2,E01019247,3,1,0,1
2024031471063,2024,031471063,320801,474033,-3.21426,54.15598,3,3,2,3,22/07/2024,2,14:48,-1,E06000064,E06000064,E06000064,3,590,3,60,-1,13,2,6,0,-1,-1,0,1,1,1,-1,-1,13,2,3,2,E01019154,3,1,0,1
2024031463756,2024,031463756,299959,528164,-3.55154,54.63864,3,2,2,1,04/07/2024,5,16:45,-1,E06000063,E06000063,E06000063,4,5296,6,30,-1,0,-1,6,0,-1,-1,0,1,1,1,-1,-1,13,1,2,2,E01019120,7,1,1,0
2024031447303,2024,031447303,343265,555402,-2.88602,54.89012,3,3,2,1,23/05/2024,5,15:44,-1,E06000063,E06000063,E06000063,1,6,3,70,-1,0,-1,-1,-1,-1,-1,0,1,2,2,-1,-1,13,2,1,1,E01019251,3,1,0,1
2024031459686,2024,031459686,343181,556476,-2.88754,54.89976,3,3,1,1,25/06/2024,3,07:49,-1,E06000063,E06000063,E06000063,1,6,3,70,-1,0,-1,-1,-1,-1,-1,0,1,1,1,-1,-1,13,2,1,1,E01019251,3,1,0,1
2024041512477,2024,041512477,332323,440573,-3.0304,53.85695,4,2,2,1,06/09/2024,6,17:49,-1,E06000009,E06000009,E06000009,6,0,6,30,-1,13,4,6,0,-1,-1,13,1,1,1,-1,-1,13,1,1,2,E01012703,7,1,1,0
2024041406312,2024,041406312,344804,406830,-2.83465,53.55518,4,3,2,1,05/02/2024,2,07:35,-1,E07000127,E10000017,E10000017,4,5240,6,40,-1,0,-1,-1,-1,-1,-1,0,1,1,1,-1,-1,13,2,2,2,E01025479,3,1,0,1
2024041404847,2024,041404847,384372,432798,-2.2387,53.79126,4,3,1,1,30/01/2024,3,19:48,-1,E07000117,E10000017,E10000017,3,682,3,30,-1,-1,4,6,0,-1,-1,0,4,8,1,-1,-1,13,1,1,2,E01024877,3,1,0,1
2024041398037,2024,041398037,330596,435780,-3.05557,53.81365,4,2,4,3,13/01/2024,7,18:25,-1,E06000009,E06000009,E06000009,3,584,6,30,-1,13,2,6,0,-1,-1,14,4,8,1,-1,-1,13,1,1,2,E01012736,7,1,1,0
2024041517791,2024,041517791,383324,432602,-2.2546,53.78946,4,3,1,1,18/11/2024,2,10:15,-1,E07000117,E10000017,E10000017,3,671,6,30,-1,0,-1,6,0,-1,-1,13,1,1,1,-1,-1,13,1,2,2,E01024909,3,1,0,1
2024041399618,2024,041399618,350995,432258,-2.74523,53.78433,4,3,2,1,13/01/2024,7,17:30,-1,E07000123,E10000017,E10000017,4,5411,6,30,-1,16,4,6,0,-1,-1,0,1,1,1,-1,-1,13,1,2,2,E01025262,3,1,0,1
2024041475208,2024,041475208,351265,429864,-2.74075,53.76284,4,2,1,1,02/08/2024,6,05:00,-1,E07000123,E10000017,E10000017,3,583,3,40,-1,16,2,6,0,-1,-1,15,7,1,1,-1,-1,13,1,2,2,E01025269,5,1,1,0
2024041499885,2024,041499885,350963,470424,-2.75186,54.12732,4,3,2,1,04/10/2024,6,16:20,-1,E07000121,E10000017,E10000017,1,6,7,70,-1,0,-1,1,6,-1,-1,0,1,1,1,-1,-1,13,2,1,1,E01025130,3,1,0,1
2024041485389,2024,041485389,366815,430068,-2.5049,53.76589,4,3,3,2,29/08/2024,5,14:20,-1,E06000008,E06000008,E06000008,3,6119,3,50,-1,0,-1,6,0,-1,-1,0,1,1,1,-1,-1,13,1,1,2,E01012581,3,1,0,1
2024041413053,2024,041413053,337559,439478,-2.95059,53.84777,4,2,2,2,09/02/2024,6,20:50,-1,E07000119,E10000017,E10000017,3,586,6,60,-1,0,-1,4,5260,-1,-1,17,6,2,2,-1,-1,13,1,1,2,E01025026,6,1,1,0
2024041512475,2024,041512475,348496,430003,-2.78277,53.76382,4,3,2,1,05/09/2024,5,18:00,-1,E07000123,E10000017,E10000017,3,583,1,50,-1,0,-1,3,5085,-1,-1,0,1,1,1,-1,-1,13,2,1,2,E01025270,3,1,0,1
2024041430649,2024,041430649,383487,435704,-2.25229,53.81735,4,3,2,1,10/04/2024,4,21:20,-1,E07000122,E10000017,E10000017,1,65,3,70,-1,0,-1,-1,-1,-1,-1,0,6,1,2,-1,-1,13,2,1,2,E01025213,3,1,0,1
2024041521222,2024,041521222,369194,428972,-2.46871,53.75619,4,3,3,1,25/11/2024,2,12:22,-1,E06000008,E06000008,E06000008,6,0,6,30,-1,13,4,6,0,-1,-1,0,1,2,2,-1,-1,13,1,1,2,E01012574,3,1,0,1
2024041415495,2024,041415495,335473,440536,-2.98251,53.85702,4,2,2,1,29/02/2024,5,12:00,-1,E07000128,E10000017,E10000017,3,585,1,40,-1,16,2,3,585,-1,-1,15,1,1,1,-1,-1,13,1,1,1,E01025545,7,1,1,0
2024041456899,2024,041456899,384387,432534,-2.23846,53.78889,4,3,2,1,15/06/2024,7,13:00,-1,E07000117,E10000017,E10000017,3,682,3,30,-1,19,2,3,682,-1,-1,0,1,2,2,-1,-1,13,1,1,2,E01024858,3,1,0,1
2024041454557,2024,041454557,385588,437505,-2.22047,53.8336,4,3,3,3,06/06/2024,5,12:37,-1,E07000122,E10000017,E10000017,3,682,6,30,-1,16,2,6,0,-1,-1,0,1,1,1,-1,-1,13,1,2,2,E01025224,3,1,0,1
2024041457507,2024,041457507,350359,447392,-2.75733,53.92028,4,2,2,2,10/06/2024,2,07:16,-1,E07000128,E10000017,E10000017,1,6,3,70,-1,0,-1,-1,-1,-1,-1,0,1,1,1,-1,-1,13,2,1,1,E01025549,7,1,1,0
2024041518206,2024,041518206,350240,465012,-2.76203,54.07861,4,3,1,1,18/11/2024,2,12:45,-1,E07000121,E10000017,E10000017,6,0,6,30,-1,0,-1,6,0,-1,-1,0,1,1,1,-1,-1,13,2,2,2,E01025108,3,1,0,1
2024041425514,2024,041425514,384355,432460,-2.23894,53.78822,4,3,1,1,27/03/2024,4,07:50,-1,E07000117,E10000017,E10000017,3,682,3,30,-1,0,-1,3,682,-1,-1,14,1,1,2,-1,-1,13,1,1,2,E01024858,3,1,0,1
2024041524599,2024,041524599,352191,418633,-2.72497,53.66198,4,3,2,1,02/12/2024,2,19:55,-1,E07000118,E10000017,E10000017,3,581,6,30,-1,-1,4,4,5253,-1,-1,0,4,1,2,-1,-1,13,2,1,2,E01024965,3,1,0,1
2024041411675,2024,041411675,334908,439593,-2.9909,53.84848,4,3,2,2,18/02/2024,1,12:04,-1,E07000128,E10000017,E10000017,4,5412,3,30,-1,19,4,3,585,-1,-1,14,1,1,1,-1,-1,13,1,1,2,E01025546,3,1,0,1
2024041425902,2024,041425902,380320,431507,-2.30013,53.77952,4,2,1,1,26/03/2024,3,22:10,-1,E07000117,E10000017,E10000017,3,679,6,50,-1,0,-1,-1,-1,-1,-1,0,4,2,2,-1,-1,13,2,2,2,E01024888,7,1,1,0
2024041424487,2024,041424487,386367,421942,-2.20794,53.69374,4,3,2,1,25/03/2024,2,07:10,-1,E07000125,E10000017,E10000017,3,681,6,30,-1,13,4,3,6066,-1,-1,17,1,2,2,-1,-1,13,1,1,2,E01025370,3,1,0,1
2024041468608,2024,041468608,334224,433557,-3,53.79415,4,2,4,4,16/07/2024,3,14:35,-1,E06000009,E06000009,E06000009,3,5230,3,40,-1,0,-1,3,5230,-1,-1,0,1,1,1,-1,-1,13,1,1,2,E01012732,7,1,1,0
2024041513611,2024,041513611,341509,428640,-2.88849,53.75083,4,3,2,2,05/10/2024,7,19:00,-1,E07000119,E10000017,E10000017,3,584,6,30,-1,0,-1,6,0,-1,-1,0,4,1,1,-1,-1,13,2,2,2,E01025030,3,1,0,1
2024041485785,2024,041485785,354707,413364,-2.68613,53.61485,4,3,3,2,31/08/2024,7,10:15,-1,E07000118,E10000017,E10000017,1,6,3,70,-1,0,-1,-1,-1,-1,-1,0,1,1,1,-1,-1,13,2,1,1,E01024924,3,1,0,1
2024041395208,2024,041395208,350997,432251,-2.7452,53.78426,4,3,2,2,05/01/2024,6,13:20,-1,E07000123,E10000017,E10000017,4,5411,6,30,-1,16,4,6,0,-1,-1,0,1,1,1,-1,-1,13,1,1,2,E01025262,3,1,0,1
2024041401825,2024,041401825,350777,432831,-2.74863,53.78945,4,3,3,1,17/01/2024,4,13:15,-1,E07000123,E10000017,E10000017,4,5411,1,30,-1,-1,4,4,5411,-1,-1,0,1,2,2,-1,-1,13,1,2,2,E01025263,3,1,0,1
2024041486552,2024,041486552,348895,439793,-2.77835,53.85184,4,3,3,1,27/07/2024,7,23:10,-1,E07000128,E10000017,E10000017,6,0,6,50,-1,0,-1,-1,-1,-1,-1,0,6,1,1,-1,-1,13,2,2,2,E01025547,3,1,0,1
2024041428668,2024,041428668,384365,432523,-2.2388,53.78879,4,3,2,1,27/03/2024,4,08:45,-1,E07000117,E10000017,E10000017,3,682,3,30,-1,0,-1,3,682,-1,-1,14,1,1,1,-1,-1,13,1,1,2,E01024877,3,1,0,1
2024041443497,2024,041443497,332328,443504,-3.03097,53.88329,4,3,2,2,15/05/2024,4,11:45,-1,E07000128,E10000017,E10000017,6,0,6,30,-1,16,4,6,0,-1,-1,0,1,1,1,-1,-1,13,1,1,2,E01025554,3,1,0,1
2024052402821,2024,052402821,335688,389489,-2.96868,53.39829,5,3,2,1,18/12/2024,4,22:20,-1,E08000012,E08000012,E08000012,6,0,6,30,6,16,2,3,5039,0,0,0,4,2,2,4,0,13,1,1,2,E01006514,-1,0,0.09497,0.90503
2024052402194,2024,052402194,335172,400290,-2.97866,53.4953,5,3,2,1,07/10/2024,2,14:00,-1,E08000014,E08000014,E08000014,3,5207,6,30,2,0,4,6,0,0,0,0,1,1,1,4,0,13,1,1,2,E01007091,-1,0,0.01381,0.98619
2024052401956,2024,052401956,339192,387948,-2.91569,53.38486,5,3,1,1,10/09/2024,3,07:45,-1,E08000012,E08000012,E08000012,3,5058,3,30,0,0,-1,0,-1,0,4,14,1,1,1,4,0,13,1,1,2,E01006596,-1,0,0.12688,0.87312
2024052402040,2024,052402040,360153,395350,-2.60151,53.45339,5,3,2,1,17/09/2024,3,11:56,-1,E08000013,E08000013,E08000013,1,6,3,70,0,0,-1,0,-1,0,0,0,1,1,1,4,0,13,2,2,1,E01006859,-1,0,0.02023,0.97977
2024052402183,2024,052402183,358134,397336,-2.63218,53.47108,5,3,1,3,05/10/2024,7,19:40,-1,E08000013,E08000013,E08000013,1,6,3,60,1,0,2,3,580,0,5,15,4,1,1,4,0,13,2,1,1,E01006836,-1,0,0.27783,0.72217
2024052402126,2024,052402126,331557,388379,-3.03055,53.3878,5,3,3,1,28/09/2024,7,10:43,-1,E08000015,E08000015,E08000015,3,552,3,30,3,13,2,6,0,2,1,12,1,1,2,4,0,13,1,1,2,E01007129,-1,0,0.0101,0.9899
2024052400899,2024,052400899,346163,384524,-2.81031,53.35484,5,3,2,4,27/04/2024,7,11:30,-1,E08000011,E08000011,E08000011,3,561,3,60,0,0,-1,0,-1,0,0,0,1,1,1,4,0,13,2,1,2,E01006420,-1,0,0.18308,0.81692
2024052401909,2024,052401909,345403,384690,-2.82176,53.35626,5,3,2,1,06/09/2024,6,08:45,-1,E08000011,E08000011,E08000011,3,562,6,30,1,0,4,6,0,0,0,0,1,1,1,4,0,13,2,2,2,E01006428,-1,0,0.07093,0.92907
2024052401559,2024,052401559,340659,388415,-2.89372,53.38922,5,3,2,1,14/07/2024,1,12:50,-1,E08000012,E08000012,E08000012,6,0,6,20,6,16,2,6,0,0,0,0,1,1,1,4,0,13,1,2,2,E01006594,-1,0,0.0043,0.9957
2024050414472,2024,050414472,360292,395123,-2.59939,53.45136,5,3,3,1,06/05/2024,2,14:12,-1,E08000013,E08000013,E08000013,1,6,6,50,0,0,-1,0,-1,0,0,0,1,1,1,4,0,13,2,1,1,E01006859,-1,0,0.03319,0.96681
2024051430709,2024,051430709,358157,397107,-2.6318,53.46903,5,3,2,2,12/04/2024,6,06:45,-1,E08000013,E08000013,E08000013,1,6,3,70,-1,0,-1,1,6,-1,-1,0,1,1,1,-1,-1,13,2,1,1,E01006836,3,1,0,1
2024052402625,2024,052402625,331863,390472,-3.0264,53.40665,5,3,2,3,27/11/2024,4,12:23,-1,E08000015,E08000015,E08000015,3,5139,6,30,0,0,-1,0,-1,0,0,0,1,1,2,4,0,13,1,1,2,E01007269,-1,0,0.10836,0.89164
2024052400695,2024,052400695,337214,397143,-2.94726,53.46727,5,3,1,1,27/03/2024,4,20:10,-1,E08000012,E08000012,E08000012,3,506,3,30,3,13,4,6,0,0,0,0,4,1,1,4,0,13,1,1,2,E01006652,-1,0,0.12176,0.87824
2024052400576,2024,052400576,342490,386697,-2.86588,53.37399,5,3,1,1,10/03/2024,1,22:15,-1,E08000012,E08000012,E08000012,4,5171,3,30,6,16,2,6,0,0,5,15,4,2,2,4,0,13,1,1,2,E01006533,-1,0,0.15444,0.84556
2024052401805,2024,052401805,333873,392193,-2.99654,53.42237,5,3,3,1,22/08/2024,5,12:15,-1,E08000012,E08000012,E08000012,3,565,3,40,6,16,2,6,0,0,0,0,1,1,1,4,0,13,1,1,2,E01006776,-1,0,0.0342,0.9658
2024052402559,2024,052402559,336359,392929,-2.95928,53.42929,5,3,5,1,29/10/2024,3,17:27,-1,E08000012,E08000012,E08000012,6,0,6,20,3,13,4,6,0,0,0,0,4,1,2,4,0,13,1,1,2,E01006546,-1,0,0.06391,0.93609
2024052400770,2024,052400770,359000,397297,-2.61913,53.4708,5,3,3,1,10/04/2024,4,19:30,-1,E08000013,E08000013,E08000013,1,6,3,50,0,0,-1,0,-1,0,0,0,1,1,1,4,0,13,2,1,1,E01006836,-1,0,0.01848,0.98152
2024052400196,2024,052400196,343560,396872,-2.85163,53.46555,5,3,2,1,03/01/2024,4,14:00,-1,E08000011,E08000011,E08000011,3,580,3,60,6,16,2,6,0,0,5,15,1,2,2,4,0,13,2,1,2,E01006446,-1,0,0.14683,0.85317
2024052400397,2024,052400397,358401,396792,-2.62808,53.46621,5,2,2,1,13/02/2024,3,12:30,-1,E08000013,E08000013,E08000013,1,6,3,70,0,0,-1,0,-1,0,0,0,1,1,1,4,0,13,2,1,1,E01006856,-1,0,1,0
2024061458230,2024,061458230,389128,409912,-2.1657,53.58568,6,3,4,1,20/06/2024,5,12:24,-1,E08000005,E08000005,E08000005,2,627,7,70,-1,-1,4,1,62,-1,-1,0,1,1,1,-1,-1,13,2,1,1,E01005478,3,1,0,1
2024061478550,2024,061478550,381987,388344,-2.27232,53.39162,6,2,2,2,10/08/2024,7,00:10,-1,E08000003,E08000003,E08000003,1,56,3,70,-1,0,-1,1,56,-1,-1,0,4,1,1,-1,-1,13,1,1,1,E01005088,7,1,1,0
2024061410048,2024,061410048,390866,396837,-2.13906,53.46819,6,2,1,2,14/02/2024,4,23:59,-1,E08000008,E08000008,E08000008,1,60,3,70,-1,0,-1,-1,-1,-1,-1,0,4,2,2,-1,-1,13,1,1,1,E01005961,7,1,1,0
2024061486448,2024,061486448,379534,394121,-2.30958,53.44346,6,3,2,1,31/08/2024,7,20:24,-1,E08000009,E08000009,E08000009,6,0,6,30,-1,13,4,3,56,-1,-1,0,4,1,1,-1,-1,13,1,3,2,E01006144,3,1,0,1
2024061471155,2024,061471155,370991,404478,-2.43916,53.53614,6,3,1,1,19/07/2024,6,07:40,-1,E08000006,E08000006,E08000006,3,6,6,30,-1,13,4,6,0,-1,-1,0,1,1,1,-1,-1,13,1,3,2,E01005659,3,1,0,1
2024061458785,2024,061458785,384948,410549,-2.22887,53.5913,6,3,2,3,22/06/2024,7,13:49,-1,E08000005,E08000005,E08000005,6,0,6,30,-1,0,-1,6,0,-1,-1,0,1,1,1,-1,-1,13,1,3,2,E01005509,3,1,0,1
2024061514883,2024,061514883,394077,395451,-2.09066,53.45578,6,3,2,3,27/10/2024,1,15:45,-1,E08000008,E08000008,E08000008,1,67,3,70,-1,0,-1,-1,-1,-1,-1,0,1,1,1,-1,-1,13,1,3,1,E01006031,3,1,0,1
2024061505812,2024,061505812,374138,405645,-2.39177,53.5468,6,2,2,4,19/10/2024,7,09:40,-1,E08000001,E08000001,E08000001,3,6053,6,30,-1,0,-1,6,0,-1,-1,0,1,1,1,-1,-1,13,1,1,2,E01004906,7,1,1,0
2024061503422,2024,061503422,395194,398829,-2.0739,53.48615,6,3,2,2,14/10/2024,2,10:18,-1,E08000008,E08000008,E08000008,3,635,3,30,-1,17,2,6,0,-1,-1,14,1,1,1,-1,-1,13,1,1,2,E01005942,3,1,0,1
2024061486598,2024,061486598,383789,398627,-2.24576,53.48411,6,2,2,1,31/08/2024,7,11:59,-1,E08000003,E08000003,E08000003,3,56,6,30,-1,0,-1,3,6,-1,-1,0,1,1,1,-1,-1,13,1,3,2,E01033658,5,1,1,0
2024061447980,2024,061447980,356644,399358,-2.6549,53.48914,6,3,3,2,22/05/2024,4,15:14,-1,E08000010,E08000010,E08000010,1,6,3,70,-1,19,4,1,6,-1,-1,0,1,2,2,-1,-1,13,2,1,1,E01006264,3,1,0,1
2024061501834,2024,061501834,390795,414746,-2.14066,53.62916,6,3,3,2,09/10/2024,4,23:05,-1,E08000005,E08000005,E08000005,3,58,1,30,-1,0,-1,-1,-1,-1,-1,-1,4,1,1,-1,-1,13,1,3,2,E01005578,3,1,0,1
2024061442676,2024,061442676,377507,398572,-2.34042,53.48338,6,3,1,1,14/05/2024,3,09:45,-1,E08000006,E08000006,E08000006,3,57,3,30,-1,0,-1,6,0,-1,-1,14,1,2,2,-1,-1,13,1,1,2,E01005599,3,1,0,1
2024061476711,2024,061476711,381754,400077,-2.27651,53.49707,6,3,2,1,07/08/2024,4,03:50,-1,E08000006,E08000006,E08000006,3,576,1,30,-1,-1,4,6,0,-1,-1,14,4,1,1,-1,-1,13,1,1,2,E01033981,3,1,0,1
2024061405390,2024,061405390,382041,409686,-2.27274,53.58345,6,2,5,2,01/02/2024,5,22:42,-1,E08000005,E08000005,E08000005,1,66,3,70,-1,0,-1,-1,-1,-1,-1,0,6,1,1,-1,-1,13,2,1,1,E01005514,7,1,1,0
2024061470042,2024,061470042,367173,411130,-2.49746,53.59571,6,3,4,1,17/07/2024,4,20:00,-1,E08000001,E08000001,E08000001,4,6226,6,50,-1,13,4,6,0,-1,-1,0,1,1,1,-1,-1,13,2,1,2,E01004840,3,1,0,1
2024061456228,2024,061456228,371303,404253,-2.43443,53.53414,6,2,2,1,15/06/2024,7,16:38,-1,E08000006,E08000006,E08000006,3,6,6,30,-1,13,4,6,0,-1,-1,0,1,1,2,-1,-1,13,1,1,2,E01005659,6,1,1,0
2024061419998,2024,061419998,376640,398491,-2.35348,53.48261,6,3,1,1,12/03/2024,3,15:50,-1,E08000006,E08000006,E08000006,3,57,6,30,-1,13,2,6,0,-1,-1,15,1,1,2,-1,-1,13,1,1,2,E01005601,3,1,0,1
2024061468228,2024,061468228,353844,403370,-2.69769,53.52496,6,3,2,1,15/07/2024,2,09:45,-1,E08000010,E08000010,E08000010,1,6,3,50,-1,0,-1,-1,-1,-1,-1,0,1,1,1,-1,-1,13,2,3,1,E01006401,3,1,0,1
2024061488986,2024,061488986,387786,394773,-2.18538,53.44957,6,3,2,1,05/09/2024,5,23:30,-1,E08000003,E08000003,E08000003,6,0,6,20,-1,17,-1,6,0,-1,-1,-1,1,1,1,-1,-1,13,1,3,2,E01005200,3,1,0,1
2024061457860,2024,061457860,394622,405793,-2.08264,53.54874,6,3,1,1,20/06/2024,5,08:30,-1,E08000004,E08000004,E08000004,3,62,6,30,-1,0,-1,6,0,-1,-1,14,1,8,1,-1,-1,13,1,3,2,E01005456,3,1,0,1
2024070257646,2024,070257646,363262,392161,-2.55432,53.42495,7,2,2,2,15/03/2024,6,16:15,-1,E06000007,E06000007,E06000007,1,6,3,50,5,0,4,1,6,0,0,0,1,1,1,4,0,13,2,1,1,E01012463,-1,0,1,0
2024070206636,2024,070206636,358653,392891,-2.62377,53.43117,7,3,2,1,26/02/2024,2,17:34,-1,E06000007,E06000007,E06000007,5,0,6,50,0,0,-1,0,-1,0,0,0,1,1,1,4,0,13,2,1,2,E01012468,-1,0,0.0467,0.9533
2024070205369,2024,070205369,332642,376247,-3.01166,53.2789,7,3,3,1,26/02/2024,2,10:55,-1,E06000050,E06000050,E06000050,3,540,3,60,7,17,2,6,0,0,0,0,1,1,1,4,0,13,2,1,2,E01018518,-1,0,0.03955,0.96045
2024070634460,2024,070634460,357511,383413,-2.63968,53.34589,7,3,2,2,21/07/2024,1,00:39,-1,E06000006,E06000006,E06000006,3,558,6,50,0,0,-1,0,-1,0,0,0,5,1,2,4,0,13,2,1,2,E01012385,-1,0,0.16792,0.83208
2024070346736,2024,070346736,362509,387248,-2.56507,53.38074,7,2,1,2,16/04/2024,3,19:00,-1,E06000007,E06000007,E06000007,3,5061,2,30,5,0,2,6,0,0,4,14,1,8,1,4,0,13,1,1,2,E01012507,-1,0,1,0
2024070224643,2024,070224643,392623,373459,-2.11204,53.25808,7,1,1,1,04/03/2024,2,09:40,-1,E06000049,E06000049,E06000049,3,537,6,40,3,13,2,6,0,0,4,14,1,1,1,4,0,13,1,1,2,E01018628,-1,0,0,0
2024070357776,2024,070357776,342238,364657,-2.86566,53.17587,7,3,2,1,20/04/2024,7,10:55,-1,E06000050,E06000050,E06000050,4,5130,6,30,0,0,-1,0,-1,0,0,0,1,1,1,4,2,13,1,2,2,E01035379,-1,0,0.06045,0.93955
2024070297110,2024,070297110,340485,376307,-2.89406,53.28038,7,3,2,1,30/03/2024,7,00:15,-1,E06000050,E06000050,E06000050,6,0,6,20,3,13,2,6,0,0,0,0,4,1,1,4,0,13,1,1,2,E01018520,-1,0,0.03337,0.96663
2024070716922,2024,070716922,341560,374730,-2.87765,53.26633,7,3,2,3,18/08/2024,1,13:58,-1,E06000050,E06000050,E06000050,1,53,7,50,-1,-1,-1,-1,-1,-1,-1,0,1,1,1,-1,-1,13,1,1,1,E01018551,3,1,0,1
2024070891457,2024,070891457,358170,370082,-2.62802,53.22612,7,2,2,1,19/10/2024,7,16:15,-1,E06000050,E06000050,E06000050,3,556,6,60,-1,16,4,6,0,-1,-1,0,1,1,1,-1,-1,13,2,1,2,E01018677,6,1,1,0
2024070139839,2024,070139839,329949,379027,-3.05265,53.30354,7,2,2,1,02/02/2024,6,12:42,-1,E06000050,E06000050,E06000050,3,540,3,40,3,13,2,4,5136,0,0,0,1,1,1,4,0,13,1,1,2,E01018535,-1,0,1,0
2024070446092,2024,070446092,369089,353626,-2.46288,53.07896,7,3,2,1,16/05/2024,5,08:10,-1,E06000049,E06000049,E06000049,3,535,6,30,3,13,4,6,0,0,0,0,1,1,1,4,0,13,1,2,2,E01018505,-1,0,0.06577,0.93423
2024070478232,2024,070478232,342031,366099,-2.86902,53.18881,7,3,1,1,28/05/2024,3,11:02,-1,E06000050,E06000050,E06000050,4,5130,3,30,0,0,-1,0,-1,0,8,17,1,1,1,4,0,13,1,1,2,E01018319,-1,0,0.10509,0.89491
2024070802744,2024,070802744,370742,354736,-2.43831,53.08903,7,2,2,1,18/09/2024,4,06:00,-1,E06000049,E06000049,E06000049,3,534,6,30,-1,16,2,3,5019,-1,-1,13,4,2,2,-1,-1,13,1,2,2,E01018447,7,1,1,0
2024070324236,2024,070324236,363417,391923,-2.55196,53.42283,7,1,1,1,09/04/2024,3,00:15,-1,E06000007,E06000007,E06000007,1,6,7,70,5,0,4,1,62,0,0,0,4,2,2,4,3,13,2,2,1,E01012541,-1,0,0,0
2024070849757,2024,070849757,363809,349693,-2.54125,53.04327,7,3,2,1,04/10/2024,6,20:32,-1,E06000049,E06000049,E06000049,3,530,6,40,-1,19,2,6,0,-1,-1,0,6,1,1,-1,-1,13,2,1,2,E01034678,3,1,0,1
2024070349540,2024,070349540,389328,370945,-2.16135,53.23543,7,3,2,3,17/04/2024,4,16:31,-1,E06000049,E06000049,E06000049,3,536,6,60,0,0,-1,0,-1,0,0,0,1,1,2,4,0,13,2,1,2,E01018591,-1,0,0.18278,0.81722
2024070889799,2024,070889799,373612,377444,-2.39734,53.29329,7,3,1,1,18/10/2024,6,22:12,-1,E06000049,E06000049,E06000049,1,6,3,40,-1,0,-1,-1,-1,-1,-1,0,6,1,1,-1,-1,13,2,1,1,E01018648,3,1,0,1
2024070218124,2024,070218124,351067,388071,-2.73719,53.3872,7,3,2,2,01/03/2024,6,10:00,-1,E06000006,E06000006,E06000006,4,5419,6,30,0,0,-1,0,-1,0,0,0,1,2,2,4,0,13,1,2,2,E01012374,-1,0,0.01044,0.98956
2024070797262,2024,070797262,335704,378489,-2.9662,53.29943,7,3,2,1,16/09/2024,2,12:38,-1,E06000050,E06000050,E06000050,4,5133,6,40,-1,13,4,6,0,-1,-1,0,1,1,1,-1,-1,13,2,1,2,E01018570,3,1,0,1
2024070976470,2024,070976470,358357,383561,-2.62699,53.34729,7,2,3,4,18/11/2024,2,12:47,-1,E06000007,E06000007,E06000007,3,56,6,50,-1,0,-1,-1,-1,-1,-1,0,1,1,2,-1,-1,13,2,1,2,E01012502,6,1,1,0
2024070387038,2024,070387038,352277,378875,-2.71761,53.30466,7,3,2,1,27/04/2024,7,22:29,-1,E06000050,E06000050,E06000050,1,56,3,70,0,0,-1,0,-1,0,0,0,6,1,1,4,0,13,2,1,1,E01018685,-1,0,0.04711,0.95289
2024070727324,2024,070727324,362629,392757,-2.56392,53.43027,7,3,3,1,22/08/2024,5,08:40,-1,E06000007,E06000007,E06000007,1,6,3,50,-1,0,-1,-1,-1,-1,-1,0,1,1,2,-1,-1,13,2,1,1,E01012468,3,1,0,1
2024101517453,2024,101517453,433533,556987,-1.47855,54.90648,10,3,3,1,17/11/2024,1,10:20,-1,E08000024,E08000024,E08000024,3,1231,3,70,-1,0,-1,-1,-1,-1,-1,0,1,1,1,-1,-1,13,2,1,2,E01034516,3,1,0,1
2024101424830,2024,101424830,439275,564791,-1.38794,54.97619,10,3,2,1,16/03/2024,7,13:50,-1,E08000023,E08000023,E08000023,3,1300,6,30,-1,0,-1,-1,-1,-1,-1,0,1,1,1,-1,-1,13,1,1,2,E01008684,3,1,0,1
2024101468455,2024,101468455,424458,560001,-1.61982,54.93409,10,3,1,1,16/07/2024,3,16:47,-1,E08000037,E08000037,E08000037,6,0,3,40,-1,0,-1,6,0,-1,-1,0,1,1,1,-1,-1,13,1,1,2,E01008259,3,1,0,1
2024101398781,2024,101398781,428731,556730,-1.55346,54.90447,10,3,1,1,09/01/2024,3,09:35,-1,E08000024,E08000024,E08000024,6,0,6,30,-1,19,4,6,0,-1,-1,0,1,1,1,-1,-1,13,2,1,2,E01008873,3,1,0,1
2024101495902,2024,101495902,429762,571394,-1.53587,55.03618,10,3,2,3,24/09/2024,3,21:01,-1,E08000022,E08000022,E08000022,3,19,3,70,-1,0,-1,-1,-1,-1,-1,0,6,1,1,-1,-1,13,2,1,1,E01035625,3,1,0,1
2024101403124,2024,101403124,429242,557603,-1.5454,54.91228,10,3,2,1,26/01/2024,6,21:39,-1,E08000024,E08000024,E08000024,3,182,3,70,-1,19,4,3,182,-1,-1,0,4,1,2,-1,-1,13,2,1,2,E01008875,3,1,0,1
2024101512410,2024,101512410,416265,572815,-1.74696,55.04957,10,3,1,1,13/10/2024,1,09:58,-1,E06000057,E06000057,E06000057,6,0,6,20,-1,18,-1,6,0,-1,-1,14,1,1,1,-1,-1,13,1,1,2,E01033714,3,1,0,1
2024101530040,2024,101530040,428396,556186,-1.55874,54.8996,10,3,2,1,12/12/2024,5,17:29,-1,E08000037,E08000037,E08000037,2,194,3,50,-1,19,4,2,1,-1,-1,0,4,2,2,-1,-1,13,2,2,1,E01008174,3,1,0,1
2024101411827,2024,101411827,439414,558784,-1.38659,54.9222,10,3,2,1,17/02/2024,7,12:45,-1,E08000024,E08000024,E08000024,3,1018,6,30,-1,13,4,6,0,-1,-1,0,1,1,2,-1,-1,13,1,1,2,E01008711,3,1,0,1
2024101447918,2024,101447918,426716,557560,-1.58481,54.91204,10,2,2,3,23/05/2024,5,23:28,-1,E08000037,E08000037,E08000037,3,167,3,50,-1,19,4,3,167,-1,-1,0,4,1,2,-1,-1,13,2,1,2,E01008224,6,1,1,0
2024101402503,2024,101402503,435328,563690,-1.44973,54.96659,10,3,2,1,23/01/2024,3,18:17,-1,E08000023,E08000023,E08000023,5,0,6,30,-1,0,-1,6,0,-1,-1,0,4,1,2,-1,-1,13,1,2,2,E01008669,3,1,0,1
2024101528040,2024,101528040,427181,557285,-1.57758,54.90954,10,3,4,1,09/12/2024,2,16:45,-1,E08000037,E08000037,E08000037,3,1,3,50,-1,0,-1,-1,-1,-1,-1,0,4,1,2,-1,-1,13,2,1,1,E01008224,3,1,0,1
2024101493062,2024,101493062,425311,563789,-1.60618,54.96809,10,3,2,1,15/09/2024,1,09:45,-1,E08000021,E08000021,E08000021,3,167,6,30,-1,0,-1,-1,-1,-1,-1,0,1,1,1,-1,-1,13,2,2,2,E01033543,3,1,0,1
2024101421322,2024,101421322,424558,558600,-1.61838,54.9215,10,3,2,1,15/03/2024,6,14:10,-1,E08000037,E08000037,E08000037,3,1,3,50,-1,0,-1,-1,-1,-1,-1,0,1,1,1,-1,-1,13,1,3,1,E01008226,3,1,0,1
2024101459297,2024,101459297,416864,564125,-1.7381,54.97146,10,3,2,1,19/06/2024,4,14:45,-1,E08000037,E08000037,E08000037,4,6317,6,30,-1,0,-1,6,0,-1,-1,0,1,1,1,-1,-1,13,1,2,2,E01008248,3,1,0,1
2024101472699,2024,101472699,424117,577162,-1.6237,55.08831,10,3,3,1,25/07/2024,5,09:15,-1,E06000057,E06000057,E06000057,3,1068,3,50,-1,0,-1,-1,-1,-1,-1,0,1,1,1,-1,-1,13,2,2,2,E01027412,3,1,0,1
2024101497060,2024,101497060,425218,558562,-1.60809,54.92112,10,3,2,2,24/09/2024,3,20:50,-1,E08000037,E08000037,E08000037,3,1,7,40,-1,0,-1,-1,-1,-1,-1,0,1,1,1,-1,-1,13,2,2,1,E01008226,3,1,0,1
2024101483377,2024,101483377,427273,554609,-1.5764,54.88549,10,2,2,1,21/08/2024,4,20:41,-1,E08000037,E08000037,E08000037,3,167,6,30,-1,0,-1,6,0,-1,-1,0,1,1,1,-1,-1,13,1,3,2,E01008174,7,1,1,0
2024101444783,2024,101444783,426723,557567,-1.5847,54.9121,10,3,2,1,17/05/2024,6,11:25,-1,E08000037,E08000037,E08000037,3,167,1,30,-1,-1,4,3,167,-1,-1,17,1,1,1,-1,-1,13,2,2,2,E01008224,3,1,0,1
2024101517978,2024,101517978,425332,563759,-1.60585,54.96782,10,3,2,1,16/11/2024,7,09:45,-1,E08000037,E08000037,E08000037,3,167,6,40,-1,0,-1,-1,-1,-1,-1,0,1,1,1,-1,-1,13,2,2,2,E01008166,3,1,0,1
2024101411723,2024,101411723,436693,566518,-1.42805,54.9919,10,2,2,3,19/02/2024,2,16:00,-1,E08000023,E08000023,E08000023,3,1018,6,30,-1,16,4,6,0,-1,-1,0,1,1,1,-1,-1,13,1,1,2,E01008595,6,1,1,0
2024101525283,2024,101525283,372662,563973,-2.42856,54.96962,10,3,5,2,28/11/2024,5,19:57,-1,E06000057,E06000057,E06000057,3,69,6,60,-1,18,-1,6,0,-1,-1,0,1,1,2,-1,-1,13,2,1,1,E01027484,3,1,0,1
2024101500828,2024,101500828,424629,558568,-1.61728,54.9212,10,3,2,2,07/10/2024,2,19:41,-1,E08000037,E08000037,E08000037,3,1,7,50,-1,0,-1,-1,-1,-1,-1,0,4,1,1,-1,-1,13,1,1,1,E01008226,3,1,0,1
2024111451516,2024,111451516,440644,547078,-1.36904,54.81691,11,3,2,1,31/05/2024,6,21:00,-1,E06000047,E06000047,E06000047,4,1285,6,30,-1,16,2,4,1285,-1,-1,14,1,1,1,-1,-1,13,2,3,2,E01033161,3,1,0,1
2024111462670,2024,111462670,408656,512750,-1.86782,54.50999,11,2,2,1,27/06/2024,5,12:00,-1,E06000047,E06000047,E06000047,6,0,6,30,-1,0,-1,-1,-1,-1,-1,0,1,1,1,-1,-1,13,2,3,2,E01020863,7,1,1,0
2024111451915,2024,111451915,441800,543338,-1.35159,54.78321,11,3,3,2,22/05/2024,4,13:20,-1,E06000047,E06000047,E06000047,4,1432,6,30,-1,13,2,6,0,-1,-1,17,1,2,2,-1,-1,13,2,1,2,E01020756,3,1,0,1
2024111420620,2024,111420620,427467,551204,-1.5737,54.85488,11,3,2,1,09/03/2024,7,15:30,-1,E06000047,E06000047,E06000047,6,0,6,20,-1,13,4,6,0,-1,-1,0,1,1,1,-1,-1,13,1,2,2,E01020593,3,1,0,1
2024111489445,2024,111489445,429567,514321,-1.54471,54.52332,11,3,2,3,07/09/2024,7,15:06,-1,E06000005,E06000005,E06000005,4,6280,6,30,-1,0,-1,6,0,-1,-1,0,1,1,2,-1,-1,13,1,3,2,E01012304,3,1,0,1
2024122400252,2024,122400252,515299,472677,-0.2367,54.13701,12,3,2,1,08/02/2024,5,14:50,-1,E06000065,E06000065,E06000065,3,165,6,60,0,0,-1,0,-1,0,0,0,1,2,2,4,0,13,2,1,2,E01027833,-1,0,0.02687,0.97313
2024122400328,2024,122400328,461005,449290,-1.07225,53.93614,12,3,3,1,23/02/2024,6,13:34,-1,E06000014,E06000014,E06000014,3,19,6,30,0,0,-1,0,-1,0,8,17,1,1,1,4,0,13,1,1,2,E01034762,-1,0,0.05975,0.94025
2024122400630,2024,122400630,456638,423490,-1.1435,53.70478,12,3,2,2,04/06/2024,3,05:30,-1,E06000065,E06000065,E06000065,3,19,6,40,0,0,-1,0,-1,0,0,0,1,1,1,4,0,13,2,1,2,E01027890,-1,0,0.08271,0.91729
2024122400917,2024,122400917,461071,432255,-1.07463,53.78305,12,3,1,1,03/08/2024,7,18:55,-1,E06000065,E06000065,E06000065,6,0,6,30,0,0,-1,0,-1,0,4,14,1,1,1,4,0,13,1,1,2,E01027908,-1,0,0.07615,0.92385
2024122400491,2024,122400491,503103,484801,-0.41914,54.24852,12,3,2,1,22/02/2024,5,14:35,-1,E06000065,E06000065,E06000065,3,64,6,40,8,18,4,6,0,0,0,0,1,1,1,4,0,13,2,3,2,E01027858,-1,0,0.04054,0.95946
2024122401260,2024,122401260,459642,451593,-1.09256,53.957,12,3,1,1,02/12/2024,2,15:15,-1,E06000014,E06000014,E06000014,3,1036,6,30,0,0,-1,0,-1,0,0,0,1,1,1,4,0,13,1,2,2,E01033068,-1,0,0.04189,0.95811
2024122401136,2024,122401136,427912,457272,-1.57558,54.01072,12,3,2,3,17/10/2024,5,08:50,-1,E06000065,E06000065,E06000065,4,6161,6,60,0,0,-1,0,-1,0,0,0,1,1,2,4,0,13,2,1,2,E01034964,-1,0,0.12838,0.87162
2024122400753,2024,122400753,430296,455488,-1.53938,53.99455,12,3,2,1,25/04/2024,5,13:01,-1,E06000065,E06000065,E06000065,6,0,2,30,0,0,-1,0,-1,0,4,14,1,1,1,4,0,13,1,1,2,E01027678,-1,0,0.02577,0.97423
2024122401290,2024,122401290,462082,437932,-1.05815,53.83395,12,3,2,2,13/11/2024,4,17:49,-1,E06000065,E06000065,E06000065,6,0,6,30,3,13,4,6,0,0,0,0,4,1,1,4,0,13,2,1,2,E01027901,-1,0,0.11515,0.88485
2024122400247,2024,122400247,446166,441533,-1.29943,53.86796,12,3,2,1,16/02/2024,6,09:58,-1,E06000065,E06000065,E06000065,3,64,3,70,0,0,-1,0,-1,0,0,0,1,1,2,4,0,13,2,1,1,E01027922,-1,0,0.01491,0.98509
2024131484705,2024,131484705,430279,431932,-1.54196,53.78284,13,3,3,1,27/08/2024,3,16:52,-1,E08000035,E08000035,E08000035,1,621,3,50,-1,0,-1,-1,-1,-1,-1,0,1,2,2,-1,-1,13,1,1,1,E01011371,3,1,0,1
2024131525052,2024,131525052,421776,436254,-1.67069,53.82211,13,3,2,1,03/12/2024,3,14:35,-1,E08000035,E08000035,E08000035,3,6120,6,50,-1,0,-1,-1,-1,-1,-1,0,1,1,1,-1,-1,13,2,1,2,E01011593,3,1,0,1
2024131464400,2024,131464400,450590,414502,-1.23657,53.62462,13,2,2,5,06/07/2024,7,20:20,-1,E08000036,E08000036,E08000036,3,1,3,70,-1,0,-1,-1,-1,-1,-1,0,1,1,1,-1,-1,13,2,1,1,E01011856,6,1,1,0
2024131486895,2024,131486895,407930,425152,-1.8813,53.72272,13,2,2,2,03/09/2024,3,15:33,-1,E08000033,E08000033,E08000033,6,0,6,30,-1,13,4,6,0,-1,-1,13,1,1,1,-1,-1,13,1,1,2,E01010964,6,1,1,0
2024131474060,2024,131474060,433229,433039,-1.49707,53.79261,13,3,1,1,09/06/2024,1,16:40,-1,E08000035,E08000035,E08000035,6,0,6,30,-1,13,4,6,0,-1,-1,0,1,1,1,-1,-1,13,1,1,2,E01011621,3,1,0,1
2024131403321,2024,131403321,440993,429875,-1.37964,53.76362,13,3,2,2,26/01/2024,6,15:10,-1,E08000035,E08000035,E08000035,6,0,6,30,-1,0,-1,6,0,-1,-1,0,1,1,1,-1,-1,13,1,2,2,E01011306,3,1,0,1
2024131489631,2024,131489631,422297,433421,-1.66298,53.79662,13,3,2,2,10/09/2024,3,11:57,-1,E08000035,E08000035,E08000035,4,6154,6,30,-1,16,2,4,6155,-1,-1,15,1,1,1,-1,-1,13,1,1,2,E01011612,3,1,0,1
2024131411146,2024,131411146,416059,433127,-1.7577,53.79421,13,3,1,1,18/02/2024,1,01:04,-1,E08000032,E08000032,E08000032,3,6181,6,20,-1,13,2,6,0,-1,-1,15,4,8,2,-1,-1,13,1,1,2,E01033691,3,1,0,1
2024131461313,2024,131461313,438875,418174,-1.41323,53.65862,13,3,2,1,28/06/2024,6,11:05,-1,E08000036,E08000036,E08000036,3,638,6,40,-1,16,2,6,0,-1,-1,12,1,1,1,-1,-1,13,2,1,2,E01011766,3,1,0,1
2024131487639,2024,131487639,414244,435495,-1.78514,53.81554,13,3,2,1,05/09/2024,5,09:20,-1,E08000032,E08000032,E08000032,6,0,6,30,-1,13,4,6,0,-1,-1,0,1,8,2,-1,-1,13,1,2,2,E01010670,3,1,0,1
2024131478715,2024,131478715,448644,419177,-1.26526,53.66682,13,3,2,1,11/08/2024,1,19:15,-1,E08000036,E08000036,E08000036,3,1,3,70,-1,0,-1,3,1,-1,-1,0,1,1,1,-1,-1,13,2,2,1,E01011849,3,1,0,1
2024131409581,2024,131409581,419836,437051,-1.70011,53.82935,13,2,2,1,13/02/2024,3,19:32,-1,E08000035,E08000035,E08000035,3,657,6,40,-1,0,-1,6,0,-1,-1,0,4,1,1,-1,-1,13,1,1,2,E01011590,7,1,1,0
2024131444894,2024,131444894,429757,430567,-1.55001,53.7706,13,3,2,1,19/05/2024,1,17:40,-1,E08000035,E08000035,E08000035,3,653,3,30,-1,19,2,3,653,-1,-1,14,1,1,1,-1,-1,13,1,1,2,E01011322,3,1,0,1
2024131403253,2024,131403253,416432,432617,-1.75206,53.78961,13,3,3,2,27/01/2024,7,11:00,-1,E08000032,E08000032,E08000032,3,647,3,40,-1,16,2,6,0,-1,-1,15,1,1,1,-1,-1,13,1,1,2,E01010730,3,1,0,1
2024131468042,2024,131468042,428530,431797,-1.56851,53.78172,13,3,2,2,15/07/2024,2,16:05,-1,E08000035,E08000035,E08000035,3,643,3,40,-1,0,-1,-1,-1,-1,-1,0,1,1,1,-1,-1,13,1,1,2,E01011366,3,1,0,1
2024131452374,2024,131452374,423726,444371,-1.64045,53.89498,13,2,2,1,06/06/2024,5,09:07,-1,E08000035,E08000035,E08000035,3,660,6,40,-1,0,-1,6,0,-1,-1,0,1,1,1,-1,-1,13,2,1,2,E01011570,7,1,1,0
2024131486021,2024,131486021,443454,434961,-1.34159,53.80913,13,3,2,3,01/09/2024,1,11:50,-1,E08000035,E08000035,E08000035,1,1,3,70,-1,0,-1,-1,-1,-1,-1,0,1,1,1,-1,-1,13,2,1,1,E01011297,3,1,0,1
2024131509624,2024,131509624,436106,431177,-1.45362,53.77568,13,3,3,1,28/10/2024,2,17:52,-1,E08000035,E08000035,E08000035,1,1,3,70,-1,0,-1,-1,-1,-1,-1,0,6,1,1,-1,-1,13,2,1,1,E01011420,3,1,0,1
2024131487680,2024,131487680,428482,431566,-1.56926,53.77965,13,3,2,1,04/09/2024,4,17:50,-1,E08000035,E08000035,E08000035,1,621,7,70,-1,0,-1,3,643,-1,-1,0,1,2,2,-1,-1,13,1,2,1,E01011366,3,1,0,1
2024131519623,2024,131519623,415121,433575,-1.77192,53.79826,13,3,1,1,21/11/2024,5,19:32,-1,E08000032,E08000032,E08000032,6,0,6,30,-1,13,4,6,0,-1,-1,0,4,1,2,-1,-1,13,1,1,2,E01010833,3,1,0,1
2024131529754,2024,131529754,434994,431211,-1.47048,53.77606,13,3,2,1,13/12/2024,6,15:30,-1,E08000035,E08000035,E08000035,1,1,3,70,-1,0,-1,-1,-1,-1,-1,0,1,1,2,-1,-1,13,2,1,1,E01011624,3,1,0,1
2024131451248,2024,131451248,442108,425287,-1.36335,53.7223,13,3,2,1,03/06/2024,2,11:16,-1,E08000036,E08000036,E08000036,3,655,6,30,-1,19,4,6,0,-1,-1,12,1,1,1,-1,-1,13,1,1,2,E01011761,3,1,0,1
2024131409147,2024,131409147,431510,422803,-1.5242,53.70072,13,3,3,1,12/02/2024,2,18:07,-1,E08000036,E08000036,E08000036,6,0,6,30,-1,0,-1,6,0,-1,-1,0,4,1,1,-1,-1,13,1,1,2,E01011888,3,1,0,1
2024131449066,2024,131449066,392011,425667,-2.12256,53.72734,13,2,2,1,27/05/2024,2,09:04,-1,E08000033,E08000033,E08000033,3,646,6,30,-1,19,2,6,0,-1,-1,0,1,2,2,-1,-1,13,1,1,2,E01010987,6,1,1,0
2024131507822,2024,131507822,415043,416429,-1.77393,53.64416,13,2,2,1,05/08/2024,2,08:00,-1,E08000034,E08000034,E08000034,4,6432,6,30,-1,16,2,3,629,-1,-1,0,1,1,1,-1,-1,13,1,1,2,E01011107,6,1,1,0
2024131431682,2024,131431682,430860,434003,-1.53293,53.80142,13,3,2,2,15/04/2024,2,08:30,-1,E08000035,E08000035,E08000035,6,0,3,30,-1,17,4,6,0,-1,-1,0,1,2,2,-1,-1,13,1,1,2,E01033031,3,1,0,1
2024131474450,2024,131474450,405569,439564,-1.91683,53.85228,13,3,2,1,30/07/2024,3,12:53,-1,E08000032,E08000032,E08000032,3,629,6,30,-1,0,-1,6,0,-1,-1,0,1,1,1,-1,-1,13,1,2,2,E01010716,3,1,0,1
2024131499210,2024,131499210,409550,424282,-1.85678,53.71487,13,3,2,1,03/10/2024,5,14:55,-1,E08000033,E08000033,E08000033,6,0,6,20,-1,19,2,6,0,-1,-1,0,1,1,1,-1,-1,13,1,1,2,E01010989,3,1,0,1
2024131478209,2024,131478209,407903,425147,-1.88171,53.72267,13,3,2,1,10/08/2024,7,12:20,-1,E08000033,E08000033,E08000033,6,0,9,30,-1,16,2,6,0,-1,-1,0,1,2,2,-1,-1,13,1,1,2,E01011001,3,1,0,1
2024131509913,2024,131509913,408671,419729,-1.87022,53.67396,13,3,1,1,28/10/2024,2,11:30,-1,E08000033,E08000033,E08000033,4,6112,6,20,-1,13,4,6,0,-1,-1,0,1,9,1,-1,-1,13,2,2,2,E01010902,3,1,0,1
2024131460058,2024,131460058,422994,432523,-1.65247,53.78852,13,3,2,1,25/06/2024,3,12:46,-1,E08000035,E08000035,E08000035,6,0,6,20,-1,13,4,6,0,-1,-1,0,1,1,1,-1,-1,13,1,1,2,E01011601,3,1,0,1
2024131495958,2024,131495958,415100,433565,-1.77224,53.79817,13,2,2,2,25/09/2024,4,21:15,-1,E08000032,E08000032,E08000032,6,0,6,30,-1,19,4,4,6145,-1,-1,0,4,2,2,-1,-1,13,1,1,2,E01010833,7,1,1,0
2024131474063,2024,131474063,409261,425449,-1.86112,53.72536,13,3,2,2,27/07/2024,7,11:29,-1,E08000033,E08000033,E08000033,6,0,1,30,-1,0,-1,-1,-1,-1,-1,14,1,1,1,-1,-1,13,1,1,2,E01034582,3,1,0,1
2024131428463,2024,131428463,428698,433103,-1.56584,53.79345,13,2,4,4,04/04/2024,5,22:05,-1,E08000035,E08000035,E08000035,3,58,1,40,-1,0,-1,6,0,-1,-1,0,4,2,2,-1,-1,13,1,1,2,E01011363,7,1,1,0
2024131512689,2024,131512689,431902,425453,-1.51799,53.72451,13,3,2,1,04/11/2024,2,08:15,-1,E08000035,E08000035,E08000035,1,1,3,70,-1,0,-1,1,62,-1,-1,0,1,1,1,-1,-1,13,2,2,1,E01011551,3,1,0,1
2024131477555,2024,131477555,429965,433232,-1.54659,53.79454,13,2,2,1,08/08/2024,5,17:35,-1,E08000035,E08000035,E08000035,6,0,6,20,-1,0,-1,-1,-1,-1,-1,15,1,2,2,-1,-1,13,1,1,2,E01033016,5,1,1,0
2024131402690,2024,131402690,449096,416931,-1.25878,53.64659,13,3,2,1,24/01/2024,4,08:00,-1,E08000036,E08000036,E08000036,4,6474,6,30,-1,0,-1,-1,-1,-1,-1,0,1,4,1,-1,-1,13,2,2,2,E01011856,3,1,0,1
2024131505025,2024,131505025,426940,412641,-1.5943,53.60964,13,2,2,2,17/10/2024,5,11:58,-1,E08000034,E08000034,E08000034,3,636,6,60,-1,13,4,6,0,-1,-1,0,1,1,1,-1,-1,13,2,1,2,E01011109,7,1,1,0
2024131510517,2024,131510517,442520,425889,-1.35702,53.72767,13,3,2,1,28/10/2024,2,11:50,-1,E08000036,E08000036,E08000036,3,6032,6,30,-1,18,4,6,0,-1,-1,0,1,1,1,-1,-1,13,1,2,2,E01034260,3,1,0,1
2024131452273,2024,131452273,414360,433047,-1.78349,53.79354,13,2,3,2,06/05/2024,2,22:15,-1,E08000032,E08000032,E08000032,3,6177,6,30,-1,13,4,6,0,-1,-1,0,4,1,2,-1,-1,13,1,1,2,E01010658,7,1,1,0
2024131468121,2024,131468121,410458,416817,-1.84327,53.64776,13,3,2,1,15/07/2024,2,22:55,-1,E08000034,E08000034,E08000034,6,0,1,30,-1,-1,4,6,0,-1,-1,0,4,1,2,-1,-1,13,1,1,2,E01011155,3,1,0,1
2024131423761,2024,131423761,402004,444479,-1.97099,53.89648,13,2,1,1,22/03/2024,6,16:10,-1,E08000032,E08000032,E08000032,4,6265,6,30,-1,0,-1,6,0,-1,-1,0,1,1,1,-1,-1,13,1,1,2,E01010644,7,1,1,0
2024131418902,2024,131418902,416096,433100,-1.75714,53.79397,13,2,1,1,10/03/2024,1,02:47,-1,E08000032,E08000032,E08000032,3,6181,3,30,-1,17,2,6,0,-1,-1,0,4,2,2,-1,-1,13,1,1,2,E01033691,7,1,1,0
2024131494254,2024,131494254,430065,433364,-1.54506,53.79572,13,3,1,1,20/09/2024,6,10:52,-1,E08000035,E08000035,E08000035,6,0,6,20,-1,17,2,6,0,-1,-1,12,1,1,1,-1,-1,13,1,1,2,E01033010,3,1,0,1
2024131427613,2024,131427613,409262,424957,-1.86112,53.72094,13,3,2,1,03/04/2024,4,12:00,-1,E08000033,E08000033,E08000033,6,0,2,20,-1,16,2,3,629,-1,-1,0,1,2,2,-1,-1,13,1,2,2,E01034583,3,1,0,1
2024131414005,2024,131414005,429943,433052,-1.54695,53.79292,13,3,5,5,25/02/2024,1,20:53,-1,E08000035,E08000035,E08000035,6,0,6,30,-1,0,-1,6,0,-1,-1,0,4,1,1,-1,-1,13,1,1,2,E01033016,3,1,0,1
2024131479608,2024,131479608,431400,426477,-1.5255,53.73374,13,2,2,3,14/08/2024,4,10:47,-1,E08000035,E08000035,E08000035,1,62,3,70,-1,0,-1,1,62,-1,-1,0,1,1,1,-1,-1,13,1,1,1,E01035053,6,1,1,0
2024131507110,2024,131507110,430828,433935,-1.53342,53.80081,13,3,2,1,17/10/2024,5,11:50,-1,E08000035,E08000035,E08000035,3,61,3,30,-1,0,-1,6,0,-1,-1,0,1,1,1,-1,-1,13,1,2,2,E01033031,3,1,0,1
2024131407359,2024,131407359,429592,432078,-1.55237,53.78419,13,2,2,1,07/02/2024,4,17:35,-1,E08000035,E08000035,E08000035,1,621,3,70,-1,0,-1,1,621,-1,-1,0,4,1,1,-1,-1,13,1,1,1,E01011364,5,1,1,0
2024131471846,2024,131471846,438387,430311,-1.41911,53.76774,13,3,2,1,24/07/2024,4,18:01,-1,E08000035,E08000035,E08000035,3,642,2,30,-1,18,4,6,0,-1,-1,0,1,1,1,-1,-1,13,2,1,2,E01011390,3,1,0,1
2024131445301,2024,131445301,415136,432187,-1.77176,53.78579,13,3,1,1,20/05/2024,2,20:31,-1,E08000032,E08000032,E08000032,3,647,6,30,-1,0,-1,6,0,-1,-1,0,5,1,1,-1,-1,13,1,1,2,E01010836,3,1,0,1
2024131477558,2024,131477558,407917,424910,-1.8815,53.72054,13,3,2,1,08/08/2024,5,22:00,-1,E08000033,E08000033,E08000033,6,0,6,30,-1,16,4,6,0,-1,-1,12,4,2,2,-1,-1,13,1,1,2,E01010996,3,1,0,1
2024131456073,2024,131456073,443638,436846,-1.33853,53.82606,13,3,3,1,13/06/2024,5,13:00,-1,E08000035,E08000035,E08000035,2,1,9,70,-1,0,-1,-1,-1,-1,-1,0,1,1,1,-1,-1,13,2,2,1,E01011297,3,1,0,1
2024131502576,2024,131502576,415093,428654,-1.77258,53.75403,13,3,2,1,10/10/2024,5,13:50,-1,E08000032,E08000032,E08000032,6,0,6,30,-1,0,-1,6,0,-1,-1,0,1,1,1,-1,-1,13,1,2,2,E01010867,3,1,0,1
2024131510011,2024,131510011,414444,416937,-1.78296,53.64874,13,3,2,1,01/10/2024,3,08:15,-1,E08000034,E08000034,E08000034,6,0,3,30,-1,0,-1,6,0,-1,-1,0,1,1,1,-1,-1,13,1,2,2,E01011107,3,1,0,1
2024131397838,2024,131397838,407330,442151,-1.89,53.87551,13,3,3,1,12/01/2024,6,10:30,-1,E08000032,E08000032,E08000032,4,6265,6,30,-1,13,4,6,0,-1,-1,0,1,1,1,-1,-1,13,1,1,2,E01010708,3,1,0,1
2024131533421,2024,131533421,409119,425049,-1.86329,53.72177,13,3,1,2,21/12/2024,7,21:00,-1,E08000033,E08000033,E08000033,3,629,6,30,-1,-1,4,3,629,-1,-1,14,4,1,2,-1,-1,13,1,1,2,E01034583,3,1,0,1
2024131472333,2024,131472333,409183,425314,-1.86231,53.72415,13,2,2,1,26/07/2024,6,09:28,-1,E08000033,E08000033,E08000033,3,629,6,30,-1,0,-1,3,629,-1,-1,0,1,1,1,-1,-1,13,1,1,2,E01034582,7,1,1,0
2024131508858,2024,131508858,430845,434035,-1.53316,53.80171,13,3,3,1,26/10/2024,7,13:18,-1,E08000035,E08000035,E08000035,3,61,3,30,-1,13,4,6,0,-1,-1,0,1,1,1,-1,-1,13,1,1,2,E01033031,3,1,0,1
2024131491729,2024,131491729,431366,432747,-1.52538,53.7901,13,3,2,1,15/09/2024,1,15:42,-1,E08000035,E08000035,E08000035,3,61,3,40,-1,16,2,3,63,-1,-1,0,1,1,2,-1,-1,13,1,1,2,E01011626,3,1,0,1
2024131515717,2024,131515717,448155,421783,-1.27226,53.69028,13,3,2,1,12/11/2024,3,11:45,-1,E08000036,E08000036,E08000036,2,1,3,70,-1,0,-1,6,0,-1,-1,0,1,1,1,-1,-1,13,2,2,1,E01011849,3,1,0,1
2024141509938,2024,141509938,447656,399756,-1.28317,53.49236,14,3,2,1,29/10/2024,3,10:45,-1,E08000017,E08000017,E08000017,3,6023,3,40,-1,0,-1,6,0,-1,-1,0,1,1,1,-1,-1,13,1,2,2,E01007578,3,1,0,1
2024141491782,2024,141491782,442264,392730,-1.36538,53.42967,14,2,2,2,15/09/2024,1,20:10,-1,E08000018,E08000018,E08000018,6,0,6,40,-1,16,2,6,0,-1,-1,17,4,1,2,-1,-1,13,1,1,2,E01007714,7,1,1,0
2024141400712,2024,141400712,440538,390031,-1.3917,53.40555,14,3,2,2,20/01/2024,7,13:36,-1,E08000019,E08000019,E08000039,1,1,3,70,-1,0,-1,-1,-1,-1,-1,0,1,1,2,-1,-1,13,1,1,1,E01007903,3,1,0,1
2024141462241,2024,141462241,432930,385655,-1.50659,53.36674,14,3,2,1,01/07/2024,2,09:35,-1,E08000019,E08000019,E08000039,6,0,6,30,-1,0,-1,6,0,-1,-1,14,1,1,1,-1,-1,13,1,1,2,E01007935,3,1,0,1
2024141519443,2024,141519443,458049,401071,-1.1263,53.50314,14,3,2,1,21/11/2024,5,10:09,-1,E08000017,E08000017,E08000017,6,0,6,30,-1,0,-1,-1,-1,-1,-1,0,1,8,1,-1,-1,13,1,1,2,E01007495,3,1,0,1
2024141456167,2024,141456167,433265,392138,-1.50087,53.42499,14,3,2,1,15/06/2024,7,14:17,-1,E08000019,E08000019,E08000039,6,0,6,30,-1,13,4,6,0,-1,-1,0,1,1,2,-1,-1,13,1,1,2,E01008087,3,1,0,1
2024141486608,2024,141486608,437045,405614,-1.44241,53.54586,14,2,1,1,20/08/2024,3,23:01,-1,E08000016,E08000016,E08000038,3,635,3,30,-1,0,-1,6,0,-1,-1,0,4,2,2,-1,-1,13,1,1,2,E01007322,7,1,1,0
2024141420699,2024,141420699,439733,390039,-1.40381,53.40568,14,3,2,1,14/03/2024,5,11:55,-1,E08000019,E08000019,E08000039,3,631,3,40,-1,0,-1,6,0,-1,-1,0,1,1,1,-1,-1,13,1,1,2,E01007913,3,1,0,1
2024141515816,2024,141515816,461338,393020,-1.07829,53.43041,14,3,3,1,13/11/2024,4,13:00,-1,E08000017,E08000017,E08000017,3,631,6,40,-1,0,-1,-1,-1,-1,-1,0,1,1,1,-1,-1,13,2,1,2,E01007614,3,1,0,1
2024141394541,2024,141394541,463304,404060,-1.04648,53.52939,14,2,1,1,03/01/2024,4,22:30,-1,E08000017,E08000017,E08000017,6,0,6,30,-1,13,4,6,0,-1,-1,0,4,8,2,-1,-1,13,1,1,2,E01007485,7,1,1,0
2024141431061,2024,141431061,436919,395824,-1.44546,53.45788,14,3,1,2,13/04/2024,7,04:00,-1,E08000019,E08000019,E08000039,1,1,7,70,-1,0,-1,3,629,-1,-1,16,4,1,1,-1,-1,13,1,1,1,E01007891,3,1,0,1
2024141416456,2024,141416456,444490,389324,-1.33236,53.39888,14,3,3,1,03/03/2024,1,11:57,-1,E08000018,E08000018,E08000018,1,1,3,70,-1,0,-1,-1,-1,-1,-1,0,1,1,1,-1,-1,13,2,1,1,E01034253,3,1,0,1
2024141421541,2024,141421541,447939,386575,-1.28091,53.37387,14,3,3,1,15/03/2024,6,13:02,-1,E08000018,E08000018,E08000018,1,1,3,70,-1,0,-1,-1,-1,-1,-1,0,1,2,2,-1,-1,13,2,1,1,E01007670,3,1,0,1
2024141507723,2024,141507723,447357,399777,-1.28768,53.49258,14,2,4,1,23/10/2024,4,16:20,-1,E08000017,E08000017,E08000017,3,6023,3,30,-1,13,4,6,0,-1,-1,14,1,1,1,-1,-1,13,1,1,2,E01007578,6,1,1,0
2024141425613,2024,141425613,437056,394639,-1.44353,53.44722,14,3,2,1,27/03/2024,4,19:30,-1,E08000019,E08000019,E08000039,1,1,3,70,-1,0,-1,-1,-1,-1,-1,0,6,1,1,-1,-1,13,2,2,1,E01008135,3,1,0,1
2024141417857,2024,141417857,433768,383188,-1.49426,53.34452,14,3,2,1,06/03/2024,4,19:09,-1,E08000019,E08000019,E08000039,6,0,6,30,-1,13,4,6,0,-1,-1,0,4,1,1,-1,-1,13,1,1,2,E01007829,3,1,0,1
2024141423708,2024,141423708,453048,408559,-1.20042,53.57096,14,3,2,1,22/03/2024,6,10:20,-1,E08000017,E08000017,E08000017,3,638,3,50,-1,-1,4,6,0,-1,-1,0,1,1,1,-1,-1,13,1,1,2,E01007466,3,1,0,1
2024141434595,2024,141434595,435315,387770,-1.47051,53.3856,14,3,2,1,22/04/2024,2,23:08,-1,E08000019,E08000019,E08000039,4,6539,6,30,-1,0,-1,4,6539,-1,-1,0,4,1,1,-1,-1,13,1,1,2,E01033262,3,1,0,1
2024141407582,2024,141407582,442367,392160,-1.36391,53.42454,14,3,2,1,08/02/2024,5,07:40,-1,E08000018,E08000018,E08000018,3,630,1,50,-1,-1,4,3,630,-1,-1,0,1,2,2,-1,-1,13,2,1,2,E01007676,3,1,0,1
2024141484168,2024,141484168,443649,395667,-1.34413,53.45596,14,3,1,1,15/08/2024,5,21:48,-1,E08000018,E08000018,E08000018,3,633,6,30,-1,19,4,6,0,-1,-1,14,4,1,1,-1,-1,13,1,1,2,E01007784,3,1,0,1
2024141475375,2024,141475375,447350,382962,-1.2903,53.34145,14,3,2,4,02/08/2024,6,21:45,-1,E08000018,E08000018,E08000018,1,1,3,70,-1,0,-1,-1,-1,-1,-1,0,6,1,1,-1,-1,13,2,1,1,E01007750,3,1,0,1
2024141410015,2024,141410015,431933,407900,-1.51932,53.56675,14,3,1,1,14/02/2024,4,17:05,-1,E08000016,E08000016,E08000038,3,635,6,30,-1,13,4,6,0,-1,-1,0,1,1,1,-1,-1,13,2,1,2,E01007387,3,1,0,1
2024141510143,2024,141510143,434840,388566,-1.47757,53.39279,14,3,2,1,29/10/2024,3,17:30,-1,E08000019,E08000019,E08000039,4,6075,6,30,-1,17,2,4,6074,-1,-1,15,4,8,1,-1,-1,13,1,1,2,E01033270,3,1,0,1
2024141405378,2024,141405378,446316,404792,-1.30263,53.53774,14,3,2,1,01/02/2024,5,18:15,-1,E08000016,E08000016,E08000038,3,635,6,60,-1,0,-1,-1,-1,-1,-1,0,4,1,1,-1,-1,13,2,1,2,E01007376,3,1,0,1
2024141410724,2024,141410724,447932,381292,-1.28181,53.32638,14,2,3,2,16/02/2024,6,12:45,-1,E08000018,E08000018,E08000018,1,1,3,70,-1,0,-1,-1,-1,-1,-1,0,1,1,1,-1,-1,13,2,1,1,E01007751,5,1,1,0
2024141405064,2024,141405064,462914,410900,-1.05099,53.59091,14,3,2,1,01/02/2024,5,02:04,-1,E08000017,E08000017,E08000017,6,0,6,50,-1,0,-1,6,0,-1,-1,0,6,1,1,-1,-1,13,2,1,2,E01007626,3,1,0,1
2024141521609,2024,141521609,445171,387774,-1.32234,53.38489,14,2,2,1,26/11/2024,3,12:00,-1,E08000018,E08000018,E08000018,3,618,6,50,-1,0,-1,6,0,-1,-1,0,1,1,1,-1,-1,13,2,1,2,E01007666,6,1,1,0
2024141420278,2024,141420278,467961,413801,-0.97412,53.61636,14,2,2,1,13/03/2024,4,10:02,-1,E08000017,E08000017,E08000017,6,0,6,20,-1,13,4,3,614,-1,-1,12,1,1,1,-1,-1,13,1,1,2,E01007640,7,1,1,0
2024141403034,2024,141403034,456484,401335,-1.14984,53.50568,14,3,2,1,26/01/2024,6,14:14,-1,E08000017,E08000017,E08000017,3,60,3,30,-1,0,-1,6,0,-1,-1,0,1,1,1,-1,-1,13,1,1,2,E01007494,3,1,0,1
2024161433276,2024,161433276,517726,466992,-0.20178,54.08539,16,3,2,3,18/04/2024,5,17:03,-1,E06000011,E06000011,E06000011,6,0,6,30,-1,13,4,6,0,-1,-1,13,1,2,2,-1,-1,13,1,1,2,E01012943,3,1,0,1
2024161415212,2024,161415212,487508,406195,-0.68084,53.54511,16,3,2,1,28/02/2024,4,05:05,-1,E06000013,E06000013,E06000013,1,180,3,70,-1,0,-1,-1,-1,-1,-1,0,6,2,2,-1,-1,13,2,1,1,E01013264,3,1,0,1
2024161411540,2024,161411540,502599,436622,-0.44313,53.81577,16,2,1,1,16/02/2024,6,07:10,-1,E06000011,E06000011,E06000011,3,164,6,60,-1,0,-1,3,1079,-1,-1,0,1,2,2,-1,-1,13,2,3,2,E01034756,6,1,1,0
2024161429575,2024,161429575,489196,411325,-0.65391,53.59093,16,3,2,2,08/04/2024,2,20:15,-1,E06000013,E06000013,E06000013,6,0,6,30,-1,16,2,6,0,-1,-1,15,4,1,1,-1,-1,13,1,3,2,E01013330,3,1,0,1
2024161458616,2024,161458616,502639,427001,-0.44572,53.72932,16,2,2,1,21/06/2024,6,15:00,-1,E06000011,E06000011,E06000011,3,1105,3,40,-1,0,-1,6,0,-1,-1,0,1,1,1,-1,-1,13,1,2,2,E01013011,7,1,1,0
2024161479361,2024,161479361,499673,429778,-0.48976,53.75484,16,3,2,1,13/08/2024,3,14:15,-1,E06000011,E06000011,E06000011,6,0,6,60,-1,13,4,6,0,-1,-1,0,1,1,1,-1,-1,13,2,1,2,E01013091,3,1,0,1
2024161497918,2024,161497918,520723,447275,-0.16381,53.90758,16,2,2,1,29/09/2024,1,12:00,-1,E06000011,E06000011,E06000011,6,0,6,20,-1,0,-1,6,0,-1,-1,0,1,1,1,-1,-1,13,2,2,2,E01013051,7,1,1,0
2024161511527,2024,161511527,526465,408914,-0.09212,53.56161,16,2,2,1,31/10/2024,5,18:04,-1,E06000012,E06000012,E06000012,6,0,6,30,-1,19,1,3,1243,-1,-1,0,4,1,2,-1,-1,13,1,2,2,E01013187,7,1,1,0
2024161415564,2024,161415564,480587,448365,-0.77429,53.92516,16,3,2,1,21/01/2024,1,17:03,-1,E06000011,E06000011,E06000011,4,1247,6,30,-1,0,-1,6,0,-1,-1,0,1,2,2,-1,-1,13,2,1,2,E01034755,3,1,0,1
2024161414745,2024,161414745,476485,428029,-0.84179,53.74304,16,3,2,2,25/01/2024,5,17:25,-1,E06000011,E06000011,E06000011,1,62,3,70,-1,0,-1,-1,-1,-1,-1,0,6,2,2,-1,-1,13,2,1,1,E01013020,3,1,0,1
2024161447665,2024,161447665,476626,428085,-0.83964,53.74352,16,3,2,3,24/05/2024,6,07:52,-1,E06000011,E06000011,E06000011,1,62,3,70,-1,0,-1,-1,-1,-1,-1,0,1,1,1,-1,-1,13,2,1,1,E01013020,3,1,0,1
2024161463288,2024,161463288,498789,426569,-0.50419,53.72618,16,2,4,1,03/07/2024,4,21:22,-1,E06000011,E06000011,E06000011,3,63,3,70,-1,0,-1,-1,-1,-1,-1,0,4,1,1,-1,-1,13,1,1,1,E01013088,5,1,1,0
2024161434158,2024,161434158,524995,410812,-0.11355,53.57901,16,3,3,1,21/04/2024,1,18:05,-1,E06000012,E06000012,E06000012,3,180,3,70,-1,0,-1,-1,-1,-1,-1,0,1,1,1,-1,-1,13,1,1,1,E01013146,3,1,0,1
2024161426177,2024,161426177,502132,435303,-0.45066,53.80401,16,2,2,1,29/03/2024,6,09:00,-1,E06000011,E06000011,E06000011,3,164,6,30,-1,13,4,6,0,-1,-1,0,1,1,1,-1,-1,13,2,1,2,E01034756,7,1,1,0
2024161485601,2024,161485601,508297,429043,-0.35928,53.74652,16,3,1,1,30/08/2024,6,23:40,-1,E06000010,E06000010,E06000010,6,0,6,30,-1,19,4,6,0,-1,-1,15,4,1,1,-1,-1,13,1,1,2,E01012852,3,1,0,1
2024161428675,2024,161428675,525334,410686,-0.10848,53.5778,16,3,2,1,05/04/2024,6,17:20,-1,E06000012,E06000012,E06000012,3,180,3,50,-1,-1,4,3,180,-1,-1,0,1,1,1,-1,-1,13,1,1,2,E01013144,3,1,0,1
2024161508208,2024,161508208,517229,468068,-0.20896,54.09517,16,3,2,2,23/10/2024,4,13:35,-1,E06000011,E06000011,E06000011,4,1423,1,30,-1,-1,4,4,1255,-1,-1,13,1,1,1,-1,-1,13,1,1,2,E01012932,3,1,0,1
2024161414707,2024,161414707,503376,428851,-0.43393,53.74579,16,3,2,1,26/02/2024,2,17:50,-1,E06000011,E06000011,E06000011,6,0,6,30,-1,19,4,6,0,-1,-1,0,4,1,2,-1,-1,13,1,1,2,E01013107,3,1,0,1
2024201464127,2024,201464127,405698,286358,-1.91754,52.47512,20,3,2,1,06/07/2024,7,02:56,-1,E08000025,E08000025,E08000025,6,0,6,30,-1,16,4,6,0,-1,-1,0,4,2,2,-1,-1,13,1,1,2,E01034948,3,1,0,1
2024201497667,2024,201497667,414859,283671,-1.78279,52.4508,20,3,1,2,28/09/2024,7,20:06,-1,E08000029,E08000029,E08000029,6,0,6,30,-1,19,4,4,425,-1,-1,0,4,1,1,-1,-1,13,1,2,2,E01010159,3,1,0,1
2024201470332,2024,201470332,400626,290087,-1.99221,52.50868,20,3,2,2,19/07/2024,6,13:30,-1,E08000028,E08000028,E08000028,3,4182,3,30,-1,0,-1,-1,-1,-1,-1,0,1,1,1,-1,-1,13,1,3,2,E01010101,3,1,0,1
2024201472542,2024,201472542,400268,277556,-1.99749,52.39602,20,2,2,1,26/07/2024,6,17:45,-1,E08000025,E08000025,E08000025,3,38,3,30,-1,0,-1,-1,-1,-1,-1,0,1,1,1,-1,-1,13,1,1,2,E01009165,7,1,1,0
2024201440997,2024,201440997,407528,286471,-1.8906,52.47612,20,3,1,2,07/05/2024,3,16:43,-1,E08000025,E08000025,E08000025,4,4100,3,20,-1,19,4,6,0,-1,-1,15,1,1,1,-1,-1,13,1,3,2,E01033561,3,1,0,1
2024201406101,2024,201406101,407197,287760,-1.89544,52.48771,20,3,1,1,25/01/2024,5,09:02,-1,E08000025,E08000025,E08000025,6,0,6,20,-1,0,-1,-1,-1,-1,-1,0,1,1,2,-1,-1,13,1,3,2,E01033617,3,1,0,1
2024201437452,2024,201437452,411901,286203,-1.82622,52.47363,20,3,2,1,28/04/2024,1,13:00,-1,E08000025,E08000025,E08000025,6,0,6,30,-1,18,4,6,0,-1,-1,0,1,1,1,-1,-1,13,1,2,2,E01009341,3,1,0,1
2024201493205,2024,201493205,411818,286443,-1.82744,52.47579,20,3,2,1,18/09/2024,4,15:32,-1,E08000025,E08000025,E08000025,6,0,6,30,-1,0,-1,-1,-1,-1,-1,0,1,1,1,-1,-1,13,1,1,2,E01009341,3,1,0,1
2024201421382,2024,201421382,410406,299120,-1.84783,52.58978,20,3,4,2,20/01/2024,7,17:22,-1,E08000025,E08000025,E08000025,3,454,6,30,-1,0,-1,-1,-1,-1,-1,0,4,1,1,-1,-1,13,1,1,2,E01009422,3,1,0,1
2024201533753,2024,201533753,419749,284610,-1.71078,52.45909,20,3,3,7,22/12/2024,1,15:55,-1,E08000029,E08000029,E08000029,1,42,3,50,-1,0,-1,-1,-1,-1,-1,0,4,3,2,-1,-1,13,2,1,1,E01010109,3,1,0,1
2024201458923,2024,201458923,410179,278086,-1.85182,52.40069,20,3,2,1,21/06/2024,6,15:11,-1,E08000029,E08000029,E08000029,6,0,6,30,-1,13,4,6,0,-1,-1,0,1,1,1,-1,-1,13,2,1,2,E01010221,3,1,0,1
2024201463008,2024,201463008,418482,279332,-1.72972,52.41168,20,3,2,1,28/06/2024,6,22:40,-1,E08000029,E08000029,E08000029,1,42,3,70,-1,0,-1,-1,-1,-1,-1,0,4,1,1,-1,-1,13,2,3,1,E01010115,3,1,0,1
2024201491164,2024,201491164,397167,295739,-2.04322,52.55948,20,2,1,1,11/09/2024,4,17:45,-1,E08000030,E08000030,E08000030,3,41,3,40,-1,19,4,6,0,-1,-1,14,1,8,2,-1,-1,13,1,2,2,E01010313,7,1,1,0
2024201544799,2024,201544799,396363,290459,-2.05502,52.51201,20,2,2,1,09/09/2024,2,21:18,-1,E08000028,E08000028,E08000028,3,4123,3,40,-1,0,-1,6,0,-1,-1,14,4,1,1,-1,-1,13,1,1,2,E01010016,6,1,1,0
2024201474306,2024,201474306,392764,286412,-2.10796,52.47559,20,3,2,1,18/06/2024,3,15:06,-1,E08000027,E08000027,E08000027,6,0,3,30,-1,16,2,3,4036,-1,-1,15,1,1,1,-1,-1,13,1,1,2,E01009866,3,1,0,1
2024201436919,2024,201436919,411482,280131,-1.8326,52.41905,20,3,2,2,27/04/2024,7,13:52,-1,E08000029,E08000029,E08000029,3,34,3,30,-1,0,-1,-1,-1,-1,-1,0,1,1,2,-1,-1,13,1,2,2,E01032590,3,1,0,1
2024201483585,2024,201483585,393328,288700,-2.0997,52.49616,20,3,2,1,24/08/2024,7,18:40,-1,E08000027,E08000027,E08000027,6,0,6,30,-1,0,-1,6,0,-1,-1,0,4,1,1,-1,-1,13,1,1,2,E01009844,3,1,0,1
2024201526280,2024,201526280,407689,286710,-1.88822,52.47826,20,3,3,2,05/12/2024,5,16:40,-1,E08000025,E08000025,E08000025,6,0,6,30,-1,13,3,6,0,-1,-1,0,4,2,2,-1,-1,13,1,1,2,E01033561,3,1,0,1
2024201524168,2024,201524168,404322,287631,-1.93778,52.48658,20,3,2,1,29/11/2024,6,14:12,-1,E08000025,E08000025,E08000025,3,457,6,30,-1,16,2,4,4126,-1,-1,15,1,1,1,-1,-1,13,1,3,2,E01009345,3,1,0,1
2024201500321,2024,201500321,402842,290199,-1.95956,52.50968,20,2,2,1,06/10/2024,1,17:36,-1,E08000025,E08000025,E08000025,6,0,3,30,-1,13,4,3,41,-1,-1,14,4,2,2,-1,-1,13,1,1,2,E01009272,7,1,1,0
2024201482781,2024,201482781,427637,278155,-1.59522,52.40072,20,3,2,1,12/06/2024,4,10:39,-1,E08000026,E08000026,E08000026,6,0,3,30,-1,16,-1,4,4101,-1,-1,0,1,1,1,-1,-1,13,1,2,2,E01032532,3,1,0,1
2024201498703,2024,201498703,406778,284886,-1.90167,52.46188,20,2,2,1,02/10/2024,4,14:49,-1,E08000025,E08000025,E08000025,3,441,6,30,-1,16,4,6,0,-1,-1,14,1,1,2,-1,-1,13,1,1,2,E01008996,7,1,1,0
2024201523990,2024,201523990,419859,283867,-1.7092,52.4524,20,2,3,1,01/12/2024,1,13:49,-1,E08000029,E08000029,E08000029,1,42,3,70,-1,0,-1,-1,-1,-1,-1,0,1,1,1,-1,-1,13,1,1,1,E01010109,5,1,1,0
2024201456016,2024,201456016,406382,287044,-1.90746,52.48128,20,3,2,2,05/01/2024,6,20:00,-1,E08000025,E08000025,E08000025,3,4400,3,30,-1,13,2,3,4400,-1,-1,15,4,1,1,-1,-1,13,1,1,2,E01033620,3,1,0,1
2024201480290,2024,201480290,407100,291791,-1.89678,52.52395,20,3,3,2,02/08/2024,6,09:30,-1,E08000025,E08000025,E08000025,3,453,3,30,-1,0,-1,-1,-1,-1,-1,14,1,1,1,-1,-1,13,1,1,2,E01009239,3,1,0,1
2024201533650,2024,201533650,415181,287989,-1.77785,52.48961,20,3,2,1,21/12/2024,7,18:40,-1,E08000025,E08000025,E08000025,6,0,6,30,-1,0,-1,-1,-1,-1,-1,0,4,1,1,-1,-1,13,2,3,2,E01009306,3,1,0,1
2024201433449,2024,201433449,430370,277006,-1.55516,52.39024,20,3,2,1,19/04/2024,6,07:59,-1,E08000026,E08000026,E08000026,6,0,1,30,-1,-1,4,6,0,-1,-1,0,1,1,1,-1,-1,13,1,1,2,E01033058,3,1,0,1
2024201437330,2024,201437330,396819,291830,-2.04831,52.52434,20,3,2,1,30/04/2024,3,07:54,-1,E08000028,E08000028,E08000028,3,461,3,30,-1,18,4,6,0,-1,-1,14,1,1,1,-1,-1,13,1,1,2,E01010067,3,1,0,1
2024201441969,2024,201441969,402563,288655,-1.96368,52.4958,20,2,2,6,12/05/2024,1,02:49,-1,E08000028,E08000028,E08000028,3,457,3,40,-1,0,-1,6,0,-1,-1,14,4,1,1,-1,-1,13,1,1,2,E01010062,7,1,1,0
2024201510454,2024,201510454,408586,293119,-1.87485,52.53587,20,3,2,1,28/10/2024,2,19:15,-1,E08000025,E08000025,E08000025,3,453,3,30,-1,0,-1,6,0,-1,-1,0,7,1,1,-1,-1,13,1,3,2,E01034913,3,1,0,1
2024201414488,2024,201414488,399349,290179,-2.01102,52.5095,20,3,1,1,23/02/2024,6,16:20,-1,E08000028,E08000028,E08000028,6,0,6,30,-1,13,4,3,4034,-1,-1,0,1,1,2,-1,-1,13,1,3,2,E01009989,3,1,0,1
2024201434199,2024,201434199,402263,288182,-1.9681,52.49155,20,2,2,1,09/04/2024,3,21:10,-1,E08000028,E08000028,E08000028,3,4030,6,30,-1,0,-1,6,0,-1,-1,14,4,1,1,-1,-1,13,1,1,2,E01010054,7,1,1,0
2024201417324,2024,201417324,394453,290132,-2.08316,52.50905,20,3,1,1,05/03/2024,3,12:30,-1,E08000027,E08000027,E08000027,6,0,6,30,-1,16,2,6,0,-1,-1,0,1,1,1,-1,-1,13,1,1,2,E01009889,3,1,0,1
2024201445879,2024,201445879,410352,290993,-1.84888,52.51672,20,3,3,2,20/05/2024,2,08:15,-1,E08000025,E08000025,E08000025,3,5127,6,30,-1,0,-1,-1,-1,-1,-1,0,1,1,1,-1,-1,13,1,3,2,E01009000,3,1,0,1
2024201489070,2024,201489070,407730,286399,-1.88762,52.47547,20,3,1,1,09/09/2024,2,10:58,-1,E08000025,E08000025,E08000025,4,4100,6,30,-1,0,-1,-1,-1,-1,-1,14,1,1,1,-1,-1,13,1,1,2,E01009200,3,1,0,1
2024201494693,2024,201494693,406384,287043,-1.90743,52.48127,20,3,2,1,18/09/2024,4,23:10,-1,E08000025,E08000025,E08000025,3,4400,3,30,-1,16,2,3,4400,-1,-1,14,4,1,1,-1,-1,13,1,3,2,E01033620,3,1,0,1
2024201505968,2024,201505968,400096,291851,-2.00002,52.52453,20,3,3,1,19/10/2024,7,18:44,-1,E08000028,E08000028,E08000028,3,41,3,40,-1,0,-1,3,41,-1,-1,0,4,1,1,-1,-1,13,1,1,2,E01010106,3,1,0,1
2024201411402,2024,201411402,398960,289782,-2.01675,52.50593,20,3,2,1,14/02/2024,4,12:20,-1,E08000028,E08000028,E08000028,3,4034,6,30,-1,0,-1,4,4166,-1,-1,14,1,2,2,-1,-1,13,1,2,2,E01010018,3,1,0,1
2024201479834,2024,201479834,402101,292950,-1.97046,52.53441,20,3,2,1,14/08/2024,4,21:52,-1,E08000028,E08000028,E08000028,1,5,3,70,-1,0,-1,-1,-1,-1,-1,0,4,1,1,-1,-1,13,2,1,1,E01009947,3,1,0,1
2024201520219,2024,201520219,407627,286591,-1.88913,52.4772,20,3,2,3,22/11/2024,6,22:25,-1,E08000025,E08000025,E08000025,6,0,6,20,-1,16,2,6,0,-1,-1,0,4,1,2,-1,-1,13,1,1,2,E01033561,3,1,0,1
2024201424928,2024,201424928,413128,283188,-1.80828,52.4465,20,3,2,2,08/03/2024,6,08:00,-1,E08000029,E08000029,E08000029,6,0,6,30,-1,13,4,6,0,-1,-1,17,1,1,1,-1,-1,13,1,2,2,E01008895,3,1,0,1
2024201434215,2024,201434215,407117,283939,-1.8967,52.45336,20,3,2,1,21/01/2024,1,23:26,-1,E08000025,E08000025,E08000025,4,4217,6,30,-1,0,-1,-1,-1,-1,-1,13,4,2,2,-1,-1,13,1,3,2,E01034939,3,1,0,1
2024201460355,2024,201460355,407992,289442,-1.88369,52.50282,20,1,3,1,02/06/2024,1,00:11,-1,E08000025,E08000025,E08000025,3,38,7,40,-1,0,-1,4,4132,-1,-1,0,4,1,1,-1,-1,13,1,1,2,E01008901,1,1,0,0
2024201456560,2024,201456560,396147,291111,-2.05821,52.51787,20,3,2,2,08/06/2024,7,20:11,-1,E08000028,E08000028,E08000028,3,461,6,30,-1,18,2,6,0,-1,-1,0,1,1,1,-1,-1,13,1,1,2,E01010072,3,1,0,1
2024201515563,2024,201515563,397146,290868,-2.04349,52.51569,20,3,2,1,13/11/2024,4,06:59,-1,E08000028,E08000028,E08000028,3,457,6,30,-1,13,4,6,0,-1,-1,0,1,1,1,-1,-1,13,1,1,2,E01010069,3,1,0,1
2024201502014,2024,201502014,410533,289671,-1.84625,52.50484,20,3,2,1,08/10/2024,3,17:42,-1,E08000025,E08000025,E08000025,1,6,3,70,-1,0,-1,-1,-1,-1,-1,0,1,2,2,-1,-1,13,1,3,1,E01009400,3,1,0,1
2024201512362,2024,201512362,407206,287051,-1.89532,52.48134,20,3,1,1,04/11/2024,2,17:37,-1,E08000025,E08000025,E08000025,6,0,6,30,-1,16,2,6,0,-1,-1,14,4,1,1,-1,-1,13,1,1,2,E01033620,3,1,0,1
2024201441429,2024,201441429,418346,282875,-1.73152,52.44354,20,2,2,2,10/05/2024,6,02:23,-1,E08000029,E08000029,E08000029,4,4438,7,50,-1,0,-1,-1,-1,-1,-1,0,4,1,1,-1,-1,13,2,1,2,E01010109,5,1,1,0
2024201518769,2024,201518769,419775,284512,-1.7104,52.4582,20,2,2,1,20/11/2024,4,10:10,-1,E08000029,E08000029,E08000029,1,42,3,70,-1,0,-1,-1,-1,-1,-1,0,1,1,1,-1,-1,13,2,1,1,E01010109,5,1,1,0
2024201505632,2024,201505632,436943,280109,-1.45824,52.41773,20,3,2,2,18/10/2024,6,17:55,-1,E08000026,E08000026,E08000026,3,4600,3,40,-1,13,4,6,0,-1,-1,17,4,1,2,-1,-1,13,1,1,2,E01009714,3,1,0,1
2024211485367,2024,211485367,388154,345625,-2.17799,53.0078,21,3,2,1,22/08/2024,5,13:55,-1,E06000021,E06000021,E06000021,3,52,6,30,-1,0,-1,6,0,-1,-1,0,1,1,1,-1,-1,13,1,3,2,E01014284,3,1,0,1
2024211439365,2024,211439365,386523,349612,-2.20247,53.0436,21,3,2,1,03/05/2024,6,15:32,-1,E06000021,E06000021,E06000021,4,5051,6,40,-1,13,4,4,5051,-1,-1,0,1,2,2,-1,-1,13,1,1,2,E01014250,3,1,0,1
2024211431260,2024,211431260,413550,304565,-1.8012,52.63866,21,3,3,1,12/04/2024,6,16:30,-1,E07000194,E10000028,E10000028,3,5,3,70,-1,0,-1,-1,-1,-1,-1,0,1,8,1,-1,-1,13,2,1,2,E01029488,3,1,0,1
2024211492675,2024,211492675,387465,291349,-2.18616,52.51987,21,3,2,3,17/09/2024,3,20:20,-1,E07000196,E10000028,E10000028,4,4176,6,60,-1,0,-1,-1,-1,-1,-1,0,6,1,1,-1,-1,13,2,1,2,E01029645,3,1,0,1
2024211524588,2024,211524588,393487,321876,-2.09803,52.79441,21,2,2,1,02/12/2024,2,20:33,-1,E07000197,E10000028,E10000028,3,34,1,30,-1,-1,4,6,0,-1,-1,0,5,1,2,-1,-1,13,1,1,2,E01029735,7,1,1,0
2024211410469,2024,211410469,402871,315867,-1.95891,52.74042,21,3,3,1,15/02/2024,5,08:34,-1,E07000192,E10000028,E10000028,3,460,6,60,-1,0,-1,6,0,-1,-1,0,1,1,2,-1,-1,13,2,1,2,E01029370,3,1,0,1
2024211479803,2024,211479803,382512,296025,-2.25941,52.56177,21,3,2,1,09/08/2024,6,13:12,-1,E07000196,E10000028,E10000028,3,454,6,50,-1,16,4,6,0,-1,-1,0,1,1,1,-1,-1,13,2,1,2,E01029667,3,1,0,1
2024211546044,2024,211546044,394111,321613,-2.08877,52.79205,21,3,1,1,08/11/2024,6,15:25,-1,E07000197,E10000028,E10000028,6,0,6,30,-1,13,4,3,34,-1,-1,0,4,1,2,-1,-1,13,1,1,2,E01029758,3,1,0,1
2024211512815,2024,211512815,389458,343089,-2.15847,52.98503,21,3,2,1,05/11/2024,3,17:30,-1,E06000021,E06000021,E06000021,6,0,6,30,-1,0,-1,6,0,-1,-1,17,4,1,2,-1,-1,13,1,1,2,E01014239,3,1,0,1
2024211451851,2024,211451851,389892,344382,-2.15205,52.99667,21,3,1,1,29/05/2024,4,20:20,-1,E06000021,E06000021,E06000021,3,5007,6,30,-1,0,-1,6,0,-1,-1,0,1,1,1,-1,-1,13,1,1,2,E01014274,3,1,0,1
2024211434168,2024,211434168,393710,347210,-2.09522,53.02215,21,3,4,1,19/04/2024,6,11:36,-1,E07000198,E10000028,E10000028,3,52,6,40,-1,0,-1,6,0,-1,-1,14,1,1,1,-1,-1,13,1,1,2,E01029818,3,1,0,1
2024211464297,2024,211464297,394838,329326,-2.07811,52.86139,21,3,2,2,06/07/2024,7,13:04,-1,E07000197,E10000028,E10000028,3,51,6,40,-1,13,4,4,5066,-1,-1,0,1,1,1,-1,-1,13,2,1,2,E01029733,3,1,0,1
2024211523388,2024,211523388,388201,332797,-2.17682,52.89249,21,2,3,1,29/11/2024,6,01:20,-1,E07000197,E10000028,E10000028,1,6,3,70,-1,0,-1,-1,-1,-1,-1,0,6,1,1,-1,-1,13,2,1,1,E01029695,7,1,1,0
2024211468757,2024,211468757,426568,326934,-1.60703,52.83927,21,1,3,2,17/07/2024,4,01:20,-1,E07000193,E10000028,E10000028,3,38,3,70,-1,0,-1,3,38,-1,-1,0,4,1,1,-1,-1,13,2,1,1,E01029455,1,1,0,0
2024221484834,2024,221484834,350260,249623,-2.72825,52.14265,22,2,3,4,28/08/2024,4,22:56,-1,E06000019,E06000019,E06000019,3,49,6,60,-1,0,-1,6,0,-1,-1,0,6,1,1,-1,-1,13,2,1,1,E01014100,5,1,1,0
2024221482326,2024,221482326,349852,238548,-2.73258,52.04305,22,3,2,1,18/08/2024,1,12:23,-1,E06000019,E06000019,E06000019,3,465,6,30,-1,0,-1,6,0,-1,-1,0,1,1,1,-1,-1,13,1,1,2,E01013995,3,1,0,1
2024221438682,2024,221438682,372237,309241,-2.41209,52.68015,22,3,1,1,23/04/2024,3,07:10,-1,E06000020,E06000020,E06000020,1,54,3,70,-1,-1,4,1,54,-1,-1,0,1,1,1,-1,-1,13,1,1,1,E01014182,3,1,0,1
2024221469346,2024,221469346,369388,325981,-2.4558,52.83048,22,2,3,3,18/07/2024,5,09:35,-1,E06000051,E06000051,E06000051,3,41,6,60,-1,13,4,3,529,-1,-1,0,1,1,1,-1,-1,13,2,1,2,E01028869,6,1,1,0
2024221518889,2024,221518889,341968,308094,-2.85956,52.66744,22,2,3,1,20/11/2024,4,15:45,-1,E06000051,E06000051,E06000051,3,488,6,60,-1,0,-1,6,0,-1,-1,0,1,1,2,-1,-1,13,2,1,2,E01028976,7,1,1,0
2024221435485,2024,221435485,394391,248874,-2.08337,52.13813,22,3,2,1,23/04/2024,3,17:30,-1,E07000238,E10000034,E10000034,3,44,6,60,-1,18,4,6,0,-1,-1,0,1,1,1,-1,-1,13,2,3,2,E01032411,3,1,0,1
2024221516476,2024,221516476,409988,277319,-1.85465,52.3938,22,3,2,1,14/11/2024,5,11:20,-1,E07000234,E10000034,E10000034,6,0,6,30,-1,0,-1,6,0,-1,-1,0,1,1,1,-1,-1,13,1,1,2,E01032146,3,1,0,1
2024221443347,2024,221443347,392387,281334,-2.11339,52.42993,22,2,2,1,15/05/2024,4,13:52,-1,E07000234,E10000034,E10000034,3,456,3,50,-1,0,-1,3,456,-1,-1,0,1,1,1,-1,-1,13,2,1,2,E01032141,5,1,1,0
2024221454693,2024,221454693,359815,225073,-2.58574,51.92272,22,3,3,1,10/06/2024,2,14:50,-1,E06000019,E06000019,E06000019,3,40,3,70,-1,0,-1,-1,-1,-1,-1,0,1,1,1,-1,-1,13,1,1,1,E01014065,3,1,0,1
2024221449596,2024,221449596,349075,242888,-2.74456,52.08199,22,3,4,1,27/05/2024,2,15:00,-1,E06000019,E06000019,E06000019,3,4110,6,40,-1,0,-1,-1,-1,-1,-1,0,1,2,2,-1,-1,13,1,1,2,E01035055,3,1,0,1
2024221498634,2024,221498634,403704,267879,-1.94709,52.30901,22,3,1,1,28/09/2024,7,13:30,-1,E07000236,E10000034,E10000034,6,0,6,30,-1,0,-1,6,0,-1,-1,0,1,1,1,-1,-1,13,1,3,2,E01032234,3,1,0,1
2024221417996,2024,221417996,394617,271036,-2.08043,52.33738,22,3,2,1,02/03/2024,7,18:36,-1,E07000234,E10000034,E10000034,3,448,6,40,-1,19,4,6,0,-1,-1,0,6,1,1,-1,-1,13,1,1,2,E01032173,3,1,0,1
2024221399342,2024,221399342,395454,270110,-2.06813,52.32906,22,3,2,1,12/01/2024,6,17:35,-1,E07000234,E10000034,E10000034,4,4091,6,30,-1,13,4,6,0,-1,-1,0,4,1,1,-1,-1,13,1,3,2,E01032156,3,1,0,1
2024221400400,2024,221400400,403375,268193,-1.95192,52.31184,22,3,2,2,14/01/2024,1,16:30,-1,E07000236,E10000034,E10000034,4,4184,6,30,-1,13,4,6,0,-1,-1,0,1,1,1,-1,-1,13,1,3,2,E01032234,3,1,0,1
2024221515623,2024,221515623,380665,276760,-2.28553,52.38852,22,3,2,1,02/11/2024,7,07:50,-1,E07000239,E10000034,E10000034,4,4190,6,60,-1,0,-1,6,0,-1,-1,0,1,1,1,-1,-1,13,2,3,2,E01032481,3,1,0,1
2024221405118,2024,221405118,384048,252925,-2.23468,52.17435,22,3,2,1,01/02/2024,5,08:20,-1,E07000237,E10000034,E10000034,3,449,6,30,-1,19,4,6,0,-1,-1,0,1,1,1,-1,-1,13,1,1,2,E01032289,3,1,0,1
2024221534112,2024,221534112,394346,270281,-2.08439,52.33059,22,3,1,1,23/12/2024,2,07:48,-1,E07000234,E10000034,E10000034,1,5,3,70,-1,0,-1,-1,-1,-1,-1,0,1,1,2,-1,-1,13,2,1,1,E01032173,3,1,0,1
2024221530563,2024,221530563,395232,247280,-2.07106,52.12381,22,3,2,1,26/11/2024,3,15:00,-1,E07000238,E10000034,E10000034,4,4083,6,40,-1,13,4,6,0,-1,-1,0,1,1,1,-1,-1,13,2,1,2,E01032409,3,1,0,1
2024221509443,2024,221509443,376995,315710,-2.34217,52.73853,22,3,4,1,23/10/2024,4,13:13,-1,E06000020,E06000020,E06000020,3,41,6,60,-1,0,-1,6,0,-1,-1,0,1,1,1,-1,-1,13,2,1,2,E01014112,3,1,0,1
2024221482681,2024,221482681,395154,269708,-2.07253,52.32545,22,3,1,1,22/08/2024,5,12:16,-1,E07000234,E10000034,E10000034,4,4091,6,30,-1,13,4,6,0,-1,-1,14,1,1,1,-1,-1,13,1,1,2,E01032174,3,1,0,1
2024221476034,2024,221476034,384503,271743,-2.2289,52.34354,22,3,2,4,02/08/2024,6,15:22,-1,E07000238,E10000034,E10000034,3,449,6,40,-1,13,4,4,4193,-1,-1,0,1,1,1,-1,-1,13,2,3,2,E01032387,3,1,0,1
2024221420201,2024,221420201,381495,276088,-2.27329,52.38251,22,3,1,1,12/03/2024,3,10:53,-1,E07000239,E10000034,E10000034,6,0,6,30,-1,0,-1,3,456,-1,-1,0,1,1,1,-1,-1,13,1,1,2,E01032477,3,1,0,1
2024231524392,2024,231524392,438227,291781,-1.43803,52.52257,23,3,2,1,27/11/2024,4,14:26,-1,E07000219,E10000031,E10000031,3,4254,6,30,-1,0,-1,6,0,-1,-1,0,1,1,1,-1,-1,13,1,1,2,E01035019,3,1,0,1
2024231489651,2024,231489651,424869,291363,-1.63493,52.51959,23,3,2,1,04/09/2024,4,16:50,-1,E07000218,E10000031,E10000031,4,4098,6,40,-1,16,2,4,4114,-1,-1,0,1,1,1,-1,-1,13,2,1,2,E01031007,3,1,0,1
2024231404462,2024,231404462,430177,263570,-1.5592,52.26946,23,3,2,1,17/01/2024,4,09:45,-1,E07000222,E10000031,E10000031,3,452,1,40,-1,-1,4,6,0,-1,-1,0,1,1,4,-1,-1,13,2,3,2,E01035037,3,1,0,1
2024231427219,2024,231427219,438656,288658,-1.43207,52.49447,23,2,1,1,18/03/2024,2,07:46,-1,E07000219,E10000031,E10000031,4,4112,6,30,-1,0,-1,6,0,-1,-1,0,1,1,1,-1,-1,13,2,1,2,E01031069,7,1,1,0
2024231524840,2024,231524840,419514,286740,-1.71411,52.47824,23,3,2,1,28/11/2024,5,07:00,-1,E07000218,E10000031,E10000031,1,6,3,70,-1,0,-1,1,6,-1,-1,0,4,1,1,-1,-1,13,2,3,1,E01031022,3,1,0,1
2024231516672,2024,231516672,432621,274123,-1.52236,52.3642,23,3,2,1,13/11/2024,4,16:47,-1,E07000222,E10000031,E10000031,3,46,3,70,-1,0,-1,-1,-1,-1,-1,0,4,1,1,-1,-1,13,2,1,1,E01031308,3,1,0,1
2024231531709,2024,231531709,418504,292130,-1.72869,52.52673,23,3,3,1,15/12/2024,1,12:50,-1,E07000218,E10000031,E10000031,1,42,3,70,-1,0,-1,-1,-1,-1,-1,0,1,1,1,-1,-1,13,2,1,1,E01031023,3,1,0,1
2024231490424,2024,231490424,430527,271702,-1.55333,52.34255,23,3,2,1,09/09/2024,2,08:40,-1,E07000222,E10000031,E10000031,6,0,6,30,-1,0,-1,-1,-1,-1,-1,0,1,1,1,-1,-1,13,1,3,2,E01031299,3,1,0,1
2024231464840,2024,231464840,435716,256478,-1.47878,52.20538,23,2,2,2,07/07/2024,1,00:49,-1,E07000221,E10000031,E10000031,1,40,3,70,-1,0,-1,-1,-1,-1,-1,0,6,1,1,-1,-1,13,2,1,1,E01031199,6,1,1,0
2024231465436,2024,231465436,431698,272846,-1.53604,52.35277,23,3,3,1,09/07/2024,3,08:28,-1,E07000222,E10000031,E10000031,3,46,3,70,-1,0,-1,-1,-1,-1,-1,0,1,2,2,-1,-1,13,2,1,1,E01031308,3,1,0,1
2024231433431,2024,231433431,425875,240918,-1.62396,52.06604,23,2,1,1,11/04/2024,5,15:00,-1,E07000221,E10000031,E10000031,6,0,6,30,-1,13,4,3,3400,-1,-1,0,1,1,1,-1,-1,13,2,1,2,E01031215,7,1,1,0
2024231516659,2024,231516659,420622,296600,-1.69719,52.56684,23,3,1,1,13/06/2024,5,02:12,-1,E07000218,E10000031,E10000031,1,42,3,70,-1,0,-1,-1,-1,-1,-1,0,6,1,1,-1,-1,13,2,1,1,E01031024,3,1,0,1
2024231492310,2024,231492310,428131,306436,-1.58558,52.65493,23,2,3,1,13/09/2024,6,16:45,-1,E07000218,E10000031,E10000031,1,42,3,70,-1,0,-1,-1,-1,-1,-1,0,1,1,1,-1,-1,13,2,3,1,E01031036,7,1,1,0
2024231501620,2024,231501620,451421,279149,-1.24553,52.40794,23,2,3,1,02/10/2024,4,21:20,-1,E07000220,E10000031,E10000031,1,6,3,70,-1,0,-1,-1,-1,-1,-1,0,6,1,1,-1,-1,13,2,2,1,E01035026,6,1,1,0
2024231452805,2024,231452805,419625,289749,-1.7123,52.50529,23,3,2,1,31/05/2024,6,19:43,-1,E07000218,E10000031,E10000031,3,446,1,30,-1,-1,4,4,4117,-1,-1,0,1,1,1,-1,-1,13,2,3,2,E01031019,3,1,0,1
2024231490472,2024,231490472,426075,241203,-1.62102,52.06859,23,3,2,3,04/09/2024,4,14:18,-1,E07000221,E10000031,E10000031,3,3400,6,30,-1,13,2,6,0,-1,-1,0,1,1,1,-1,-1,13,2,1,2,E01031215,3,1,0,1
2024231506337,2024,231506337,437507,293976,-1.44839,52.54235,23,3,2,2,04/10/2024,6,09:51,-1,E07000219,E10000031,E10000031,6,0,6,30,-1,0,-1,6,0,-1,-1,0,1,1,1,-1,-1,13,1,1,2,E01031110,3,1,0,1
2024231447100,2024,231447100,436601,292131,-1.46195,52.52583,23,3,4,2,25/04/2024,5,12:17,-1,E07000219,E10000031,E10000031,3,444,6,30,-1,0,-1,3,444,-1,-1,0,1,1,1,-1,-1,13,1,1,2,E01031102,3,1,0,1
2024231486375,2024,231486375,421024,297282,-1.69122,52.57296,23,3,2,2,26/08/2024,2,09:00,-1,E07000218,E10000031,E10000031,1,42,3,70,-1,0,-1,-1,-1,-1,-1,0,1,1,1,-1,-1,13,2,3,1,E01031034,3,1,0,1
2024302401313,2024,302401313,444972,359741,-1.32928,53.13294,30,3,2,1,16/08/2024,6,19:49,-1,E07000033,E10000007,E10000007,1,1,3,50,0,0,-1,0,-1,0,0,0,1,1,1,4,0,13,2,1,1,E01019482,-1,0,0.01878,0.98122
2024302401561,2024,302401561,445390,373464,-1.32109,53.25625,30,3,2,1,31/10/2024,5,12:00,-1,E07000033,E10000007,E10000007,1,1,3,50,0,0,-1,0,-1,0,0,0,1,1,1,4,0,13,2,2,1,E01019484,-1,0,0.00454,0.99546
2024302401237,2024,302401237,442925,363496,-1.35937,53.16686,30,3,2,1,13/05/2024,2,14:39,-1,E07000033,E10000007,E10000007,6,0,6,60,0,0,-1,0,-1,0,0,0,1,1,1,4,6,13,2,1,2,E01019520,-1,0,0.08176,0.91824
2024302401315,2024,302401315,436059,336517,-1.46508,52.92486,30,3,1,1,13/09/2024,6,20:05,-1,E06000015,E06000015,E06000015,3,52,3,40,5,0,1,3,52,2,0,12,1,1,1,4,0,13,1,2,2,E01013536,-1,0,0.05067,0.94933
2024302401422,2024,302401422,439628,329769,-1.41282,52.86395,30,3,3,1,04/10/2024,6,19:45,-1,E07000039,E10000007,E10000007,3,50,3,70,0,0,-1,0,-1,0,0,0,6,1,1,4,0,13,2,1,1,E01034653,-1,0,0.03183,0.96817
2024302401017,2024,302401017,438750,367717,-1.42131,53.20512,30,3,2,2,18/07/2024,5,12:43,-1,E07000038,E10000007,E10000007,3,61,6,50,0,0,-1,0,-1,0,0,0,1,1,1,4,0,13,1,2,2,E01019824,-1,0,0.00817,0.99183
2024302401233,2024,302401233,444618,371186,-1.33298,53.23584,30,3,2,1,30/08/2024,6,15:45,-1,E07000038,E10000007,E10000007,1,1,3,50,0,0,-1,0,-1,0,0,0,1,1,1,4,0,13,2,2,1,E01019822,-1,0,0.00835,0.99165
2024302401375,2024,302401375,437988,336349,-1.43641,52.92322,30,3,2,2,23/09/2024,2,14:30,-1,E06000015,E06000015,E06000015,6,0,6,30,3,13,4,6,0,0,0,0,1,1,1,4,0,13,1,2,2,E01013507,-1,0,0.03907,0.96093
2024302401362,2024,302401362,445023,361908,-1.32822,53.15241,30,3,3,1,17/09/2024,3,12:35,-1,E07000033,E10000007,E10000007,1,1,3,50,0,0,-1,0,-1,0,0,0,1,1,1,4,0,13,2,2,1,E01019521,-1,0,0.00463,0.99537
2024302401113,2024,302401113,436176,334507,-1.46356,52.90678,30,3,2,2,07/08/2024,4,12:35,-1,E06000015,E06000015,E06000015,3,514,6,30,3,13,2,6,0,0,5,15,1,1,1,4,0,13,1,2,2,E01013590,-1,0,0.0036,0.9964
2024302400951,2024,302400951,427379,327644,-1.59493,52.84561,30,3,3,1,03/07/2024,4,10:45,-1,E07000039,E10000007,E10000007,3,38,3,70,5,0,4,6,0,0,0,0,1,1,1,4,0,13,2,1,1,E01019841,-1,0,0.00912,0.99088
2024302401039,2024,302401039,435576,336610,-1.47226,52.92573,30,3,1,1,02/07/2024,3,15:40,-1,E06000015,E06000015,E06000015,6,0,6,30,0,0,-1,0,-1,0,0,0,1,1,1,4,0,13,1,1,2,E01034256,-1,0,0.01868,0.98132
2024302401199,2024,302401199,404894,394180,-1.92779,53.44437,30,2,2,1,16/08/2024,6,08:15,-1,E07000037,E10000007,E10000007,3,57,6,30,3,13,4,6,0,0,0,0,1,1,1,4,2,13,1,1,2,E01019749,-1,0,1,0
2024302401740,2024,302401740,409638,392854,-1.8564,53.43238,30,2,2,1,13/11/2024,4,15:12,-1,E07000037,E10000007,E10000007,3,57,6,60,0,0,-1,0,-1,0,0,0,1,7,2,4,0,13,2,1,2,E01019736,-1,0,1,0
2024302401187,2024,302401187,446496,331256,-1.3106,52.87677,30,3,2,1,18/08/2024,1,11:00,-1,E07000036,E10000007,E10000007,1,1,3,50,0,0,-1,0,-1,0,0,0,1,1,1,4,0,13,2,2,1,E01019697,-1,0,0.01061,0.98939
2024302400850,2024,302400850,444960,361566,-1.32921,53.14934,30,3,2,2,16/06/2024,1,16:00,-1,E07000033,E10000007,E10000007,1,1,3,50,0,0,-1,0,-1,0,0,0,1,1,1,4,0,13,2,2,1,E01019521,-1,0,0.01969,0.98031
2024302401344,2024,302401344,425192,318503,-1.6281,52.76355,30,3,3,1,28/08/2024,4,18:20,-1,E07000039,E10000007,E10000007,6,0,6,60,3,13,4,6,0,0,0,0,1,1,1,4,0,13,2,1,2,E01019850,-1,0,0.02764,0.97236
2024302400500,2024,302400500,434206,352335,-1.49097,53.06717,30,2,2,1,11/04/2024,5,17:51,-1,E07000032,E10000007,E10000007,3,6,6,50,0,0,-1,0,-1,0,0,0,1,1,1,4,0,13,2,1,2,E01019424,-1,0,1,0
2024302400623,2024,302400623,444881,361304,-1.33042,53.147,30,3,2,2,03/05/2024,6,19:45,-1,E07000033,E10000007,E10000007,1,1,3,70,0,0,-1,0,-1,0,0,0,6,2,2,4,0,13,2,1,1,E01019521,-1,0,0.02864,0.97136
2024302401505,2024,302401505,445407,367748,-1.32165,53.20487,30,3,3,1,21/09/2024,7,11:31,-1,E07000038,E10000007,E10000007,1,1,3,50,0,0,-1,0,-1,0,0,0,1,1,1,4,0,13,2,1,1,E01019799,-1,0,0.0247,0.9753
2024302401078,2024,302401078,445074,356836,-1.32817,53.10682,30,3,2,1,02/08/2024,6,14:55,-1,E07000033,E10000007,E10000007,1,1,3,70,5,0,4,1,1,0,0,0,1,1,1,4,0,13,2,2,1,E01019513,-1,0,0.00685,0.99315
2024302401294,2024,302401294,445030,361925,-1.32811,53.15256,30,3,2,1,06/09/2024,6,14:50,-1,E07000033,E10000007,E10000007,1,1,3,50,0,0,-1,0,-1,0,0,0,1,1,1,4,0,13,2,2,1,E01019521,-1,0,0.00804,0.99196
2024302401693,2024,302401693,435395,336212,-1.47499,52.92216,30,3,2,1,18/10/2024,6,08:50,-1,E06000015,E06000015,E06000015,6,0,6,30,3,13,4,6,0,0,5,15,1,1,1,4,2,13,1,1,2,E01034256,-1,0,0.01032,0.98968
2024302401201,2024,302401201,428926,329606,-1.57179,52.86317,30,2,1,1,18/08/2024,1,17:00,-1,E07000039,E10000007,E10000007,3,38,3,70,0,0,-1,0,-1,0,0,0,1,1,1,4,0,13,2,1,1,E01019841,-1,0,1,0
2024302400060,2024,302400060,443520,346449,-1.35278,53.01358,30,2,1,1,10/01/2024,4,17:55,-1,E07000032,E10000007,E10000007,3,6007,6,30,3,13,4,6,0,0,0,0,4,1,2,4,0,13,1,1,2,E01019440,-1,0,1,0
2024302401454,2024,302401454,432933,347646,-1.51045,53.0251,30,2,2,1,24/09/2024,3,13:00,-1,E07000032,E10000007,E10000007,3,517,6,40,0,0,-1,0,-1,0,0,0,1,1,1,4,0,13,2,1,2,E01019405,-1,0,1,0
2024302400635,2024,302400635,435355,336168,-1.47559,52.92177,30,3,1,1,21/04/2024,1,14:20,-1,E06000015,E06000015,E06000015,6,0,6,20,3,13,4,6,0,0,0,0,1,1,1,4,0,13,1,1,2,E01034256,-1,0,0.07336,0.92664
2024302401699,2024,302401699,404138,372198,-1.93945,53.24679,30,3,2,1,18/10/2024,6,19:40,-1,E07000037,E10000007,E10000007,3,53,6,30,3,13,4,6,0,0,8,17,4,1,1,4,0,13,1,1,2,E01019714,-1,0,0.07483,0.92517
2024311489646,2024,311489646,454359,338212,-1.19262,52.93856,31,3,1,1,10/09/2024,3,11:25,-1,E06000018,E06000018,E06000018,6,0,6,20,-1,13,4,6,0,-1,-1,13,1,1,2,-1,-1,13,1,1,2,E01035508,3,1,0,1
2024311505853,2024,311505853,454487,338836,-1.19061,52.94415,31,3,2,1,12/10/2024,7,19:30,-1,E06000018,E06000018,E06000018,3,52,1,30,-1,-1,2,3,52,-1,-1,0,4,1,2,-1,-1,13,1,2,1,E01035507,3,1,0,1
2024311525957,2024,311525957,449429,336118,-1.26628,52.92021,31,3,3,1,21/06/2024,6,20:02,-1,E07000172,E10000024,E10000024,3,52,3,70,-1,0,-1,3,52,-1,-1,14,1,1,1,-1,-1,13,1,1,1,E01028131,3,1,0,1
2024311465520,2024,311465520,454450,340762,-1.19084,52.96147,31,3,2,1,04/07/2024,5,11:15,-1,E06000018,E06000018,E06000018,3,6514,3,40,-1,13,2,3,6514,-1,-1,15,1,1,1,-1,-1,13,1,3,2,E01013932,3,1,0,1
2024311472626,2024,311472626,457783,333054,-1.14259,52.89184,31,3,2,2,26/07/2024,6,22:13,-1,E07000176,E10000024,E10000024,3,60,3,40,-1,16,2,4,680,-1,-1,14,4,1,1,-1,-1,13,1,1,2,E01028404,3,1,0,1
2024311444176,2024,311444176,470688,380527,-0.94038,53.31696,31,2,1,1,14/05/2024,3,13:30,-1,E07000171,E10000024,E10000024,6,0,6,30,-1,0,-1,6,0,-1,-1,0,1,1,1,-1,-1,13,1,2,2,E01028022,7,1,1,0
2024311428076,2024,311428076,465043,326976,-1.03591,52.83638,31,3,1,1,04/04/2024,5,17:18,-1,E07000176,E10000024,E10000024,3,46,3,70,-1,0,-1,-1,-1,-1,-1,0,1,2,2,-1,-1,13,2,1,1,E01028421,3,1,0,1
2024311423032,2024,311423032,455030,362549,-1.17849,53.15724,31,3,2,1,20/03/2024,4,07:40,-1,E07000174,E10000024,E10000024,3,6117,6,40,-1,13,4,6,0,-1,-1,0,1,2,2,-1,-1,13,1,1,2,E01028242,3,1,0,1
2024311465506,2024,311465506,471402,390568,-0.9274,53.40711,31,3,2,3,09/07/2024,3,16:04,-1,E07000171,E10000024,E10000024,3,631,6,50,-1,0,-1,-1,-1,-1,-1,0,1,1,1,-1,-1,13,2,1,2,E01028005,3,1,0,1
2024311490555,2024,311490555,449033,340360,-1.27153,52.95838,31,3,2,1,12/09/2024,5,08:30,-1,E07000172,E10000024,E10000024,1,1,3,70,-1,0,-1,1,1,-1,-1,0,1,1,1,-1,-1,13,2,1,1,E01033412,3,1,0,1
2024311410872,2024,311410872,479945,354279,-0.80802,53.07976,31,3,1,1,16/02/2024,6,20:42,-1,E07000175,E10000024,E10000024,4,6166,6,30,-1,13,2,6,0,-1,-1,15,4,1,1,-1,-1,13,1,1,2,E01028310,3,1,0,1
2024311520849,2024,311520849,456823,339996,-1.15565,52.95434,31,3,2,1,24/11/2024,1,18:06,-1,E06000018,E06000018,E06000018,3,610,6,30,-1,13,2,3,6008,-1,-1,15,4,2,2,-1,-1,13,1,1,2,E01032522,3,1,0,1
2024311520881,2024,311520881,452319,360402,-1.21937,53.13821,31,3,2,1,24/11/2024,1,19:53,-1,E07000174,E10000024,E10000024,4,6014,6,30,-1,0,-1,6,0,-1,-1,0,4,2,2,-1,-1,13,1,1,2,E01028245,3,1,0,1
2024311469471,2024,311469471,453776,340745,-1.20087,52.96139,31,3,2,1,01/07/2024,2,06:45,-1,E06000018,E06000018,E06000018,6,0,1,30,-1,-1,4,6,0,-1,-1,13,1,9,2,-1,-1,13,1,3,2,E01013859,3,1,0,1
2024311513598,2024,311513598,455409,340639,-1.17658,52.96027,31,3,2,1,07/11/2024,5,09:30,-1,E06000018,E06000018,E06000018,3,6130,6,30,-1,19,-1,6,0,-1,-1,-1,1,1,2,-1,-1,13,1,2,2,E01013947,3,1,0,1
2024311471474,2024,311471474,458118,342588,-1.13591,52.9775,31,3,2,1,06/07/2024,7,16:57,-1,E06000018,E06000018,E06000018,4,684,6,30,-1,13,4,6,0,-1,-1,0,1,1,1,-1,-1,13,1,3,2,E01013937,3,1,0,1
2024311509456,2024,311509456,482353,358796,-0.77092,53.11999,31,2,2,1,24/10/2024,5,20:45,-1,E07000175,E10000024,E10000024,3,1133,6,50,-1,18,-1,6,0,-1,-1,0,6,1,1,-1,-1,13,2,3,2,E01028353,7,1,1,0
2024311508536,2024,311508536,452501,348031,-1.21867,53.027,31,3,2,1,24/10/2024,5,18:00,-1,E07000170,E10000024,E10000024,6,0,6,30,-1,19,2,4,6009,-1,-1,14,1,1,1,-1,-1,13,2,2,2,E01027939,3,1,0,1
2024311400367,2024,311400367,455478,362331,-1.17182,53.15523,31,3,2,1,04/01/2024,5,17:00,-1,E07000174,E10000024,E10000024,3,6117,1,30,-1,-1,4,6,0,-1,-1,15,4,1,1,-1,-1,13,1,3,2,E01033776,3,1,0,1
2024311548088,2024,311548088,455015,338448,-1.18282,52.94061,31,3,2,1,25/10/2024,6,20:50,-1,E06000018,E06000018,E06000018,3,52,7,40,-1,0,-1,3,6005,-1,-1,0,4,1,1,-1,-1,13,1,1,1,E01013928,3,1,0,1
2024311536292,2024,311536292,446871,357452,-1.30124,53.1122,31,3,1,1,31/12/2024,3,09:45,-1,E07000170,E10000024,E10000024,4,6027,6,30,-1,0,-1,-1,-1,-1,-1,0,1,1,1,-1,-1,13,1,2,2,E01027990,3,1,0,1
2024332400973,2024,332400973,437890,295418,-1.44258,52.55529,33,3,1,1,13/10/2024,1,12:30,-1,E07000132,E10000018,E10000018,5,0,6,30,-1,0,-1,-1,-1,-1,-1,0,1,1,1,-1,-1,13,2,3,2,E01025818,3,1,0,1
2024332400541,2024,332400541,456223,297875,-1.17179,52.57579,33,3,2,1,14/06/2024,6,06:59,-1,E07000129,E10000018,E10000018,3,426,1,30,-1,-1,4,6,0,-1,-1,0,1,1,1,-1,-1,13,2,1,2,E01025646,3,1,0,1
2024332400601,2024,332400601,459215,309425,-1.12558,52.6793,33,3,3,1,29/06/2024,7,15:55,-1,E07000130,E10000018,E10000018,3,6,6,40,-1,18,4,6,0,-1,-1,0,1,1,1,-1,-1,13,1,1,2,E01025684,3,1,0,1
2024332400346,2024,332400346,477420,320470,-0.85376,52.77628,33,2,2,1,21/04/2024,1,12:15,-1,E07000133,E10000018,E10000018,3,607,6,60,-1,0,-1,-1,-1,-1,-1,0,1,1,1,-1,-1,13,2,1,2,E01025911,7,1,1,0
2024332401134,2024,332401134,448555,314885,-1.28243,52.72943,33,3,3,1,29/11/2024,6,20:18,-1,E07000134,E10000018,E10000018,1,1,3,70,-1,0,-1,-1,-1,-1,-1,0,6,1,1,-1,-1,13,2,1,1,E01025934,3,1,0,1
2024332401075,2024,332401075,460670,299165,-1.10594,52.58691,33,3,2,1,15/11/2024,6,18:05,-1,E07000135,E10000018,E10000018,6,0,6,30,-1,0,-1,-1,-1,-1,-1,14,4,1,1,-1,-1,13,1,1,2,E01026003,3,1,0,1
2024340WN4882,2024,340WN4882,458536,270153,-1.14251,52.32636,34,3,3,1,14/09/2024,7,08:45,-1,E06000062,E06000062,E06000062,1,1,3,50,-1,0,-1,-1,-1,-1,-1,0,1,1,1,-1,-1,13,2,1,1,E01027006,3,1,0,1
2024340NN3222,2024,340NN3222,489300,288528,-0.68632,52.48737,34,3,2,1,23/09/2024,2,20:00,-1,E06000061,E06000061,E06000061,3,427,3,40,-1,13,2,6,0,-1,-1,0,1,2,2,-1,-1,13,1,1,2,E01026957,3,1,0,1
2024340WN6812,2024,340WN6812,458925,269604,-1.1369,52.32138,34,3,1,1,03/12/2024,3,18:20,-1,E06000062,E06000062,E06000062,1,1,3,70,-1,19,4,1,45,-1,-1,0,6,1,2,-1,-1,13,2,1,1,E01027016,3,1,0,1
2024340WN4252,2024,340WN4252,474589,270347,-0.90696,52.32616,34,3,2,1,04/08/2024,1,10:50,-1,E06000062,E06000062,E06000062,6,0,6,30,-1,0,-1,-1,-1,-1,-1,0,1,1,1,-1,-1,13,2,1,2,E01027000,3,1,0,1
2024340NN3132,2024,340NN3132,488401,288642,-0.69952,52.48854,34,3,1,1,19/09/2024,5,08:00,-1,E06000061,E06000061,E06000061,5,0,6,30,-1,13,4,6,0,-1,-1,13,1,1,1,-1,-1,13,1,1,2,E01026949,3,1,0,1
2024340WN0962,2024,340WN0962,475283,253328,-0.90057,52.17309,34,2,2,1,29/02/2024,5,13:51,-1,E06000062,E06000062,E06000062,3,508,6,50,-1,18,4,6,0,-1,-1,0,1,8,2,-1,-1,13,2,1,2,E01032985,7,1,1,0
2024340WN0322,2024,340WN0322,486180,256919,-0.74035,52.20377,34,3,3,1,18/01/2024,5,08:20,-1,E06000062,E06000062,E06000062,3,428,6,30,-1,0,-1,-1,-1,-1,-1,0,1,8,4,-1,-1,13,2,1,2,E01027308,3,1,0,1
2024340WN4282,2024,340WN4282,474398,255952,-0.91293,52.19679,34,3,2,1,03/08/2024,7,03:00,-1,E06000062,E06000062,E06000062,1,1,3,50,-1,0,-1,-1,-1,-1,-1,0,6,1,1,-1,-1,13,2,1,1,E01032985,3,1,0,1
2024340WN5432,2024,340WN5432,457912,271782,-1.15139,52.34107,34,3,2,5,10/10/2024,5,14:35,-1,E06000062,E06000062,E06000062,1,1,3,70,-1,0,-1,-1,-1,-1,-1,0,1,1,1,-1,-1,13,2,1,1,E01027006,3,1,0,1
2024340NN4122,2024,340NN4122,495944,268712,-0.59417,52.30815,34,3,1,1,23/11/2024,7,13:20,-1,E06000061,E06000061,E06000061,6,0,2,30,-1,16,1,6,0,-1,-1,0,1,2,2,-1,-1,13,1,1,2,E01027034,3,1,0,1
2024340WN4552,2024,340WN4552,458633,270005,-1.14112,52.32502,34,3,4,4,21/08/2024,4,13:28,-1,E06000062,E06000062,E06000062,1,1,3,70,-1,0,-1,-1,-1,-1,-1,0,1,1,1,-1,-1,13,2,1,1,E01027006,3,1,0,1
2024340NN1892,2024,340NN1892,484579,279856,-0.75802,52.41018,34,3,2,1,15/06/2024,7,19:00,-1,E06000061,E06000061,E06000061,3,14,3,70,-1,19,4,3,14,-1,-1,0,1,2,2,-1,-1,13,2,1,1,E01032972,3,1,0,1
2024340WN0952,2024,340WN0952,464238,258589,-1.06106,52.22177,34,3,2,2,29/02/2024,5,09:14,-1,E06000062,E06000062,E06000062,3,5,6,50,-1,0,-1,-1,-1,-1,-1,0,1,2,2,-1,-1,13,2,1,1,E01027024,3,1,0,1
2024340NN0882,2024,340NN0882,500352,273189,-0.52821,52.3476,34,3,1,1,20/03/2024,4,18:00,-1,E06000061,E06000061,E06000061,4,663,6,30,-1,13,4,6,0,-1,-1,0,1,1,1,-1,-1,13,2,3,2,E01027053,3,1,0,1
2024340NN1682,2024,340NN1682,491565,289308,-0.65276,52.49401,34,3,2,2,10/06/2024,2,16:50,-1,E06000061,E06000061,E06000061,3,43,3,30,-1,13,4,6,0,-1,-1,0,1,1,1,-1,-1,13,2,1,2,E01035398,3,1,0,1
2024351528696,2024,351528696,544550,311056,0.13667,52.67793,35,3,1,1,21/11/2024,5,10:57,-1,E07000010,E10000003,E10000003,6,0,6,30,-1,0,-1,6,0,-1,-1,0,1,1,2,-1,-1,13,1,1,2,E01018094,3,1,0,1
2024351420942,2024,351420942,547534,258013,0.15737,52.20061,35,3,2,1,19/02/2024,2,06:20,-1,E07000008,E10000003,E10000003,3,1134,1,30,-1,-1,4,3,1134,-1,-1,0,7,1,2,-1,-1,13,1,1,2,E01017997,3,1,0,1
2024351537278,2024,351537278,535446,304106,-0.00075,52.61784,35,3,1,1,01/12/2024,1,16:30,-1,E07000010,E10000003,E10000003,6,0,6,60,-1,0,-1,-1,-1,-1,-1,-1,6,2,2,-1,-1,13,2,3,2,E01018091,3,1,0,1
2024351463908,2024,351463908,546731,308502,0.16777,52.6544,35,2,2,1,03/07/2024,4,15:29,-1,E07000010,E10000003,E10000003,6,0,6,30,-1,0,-1,6,0,-1,-1,13,1,1,1,-1,-1,13,1,1,2,E01018070,7,1,1,0
2024351469098,2024,351469098,517690,282676,-0.27047,52.42941,35,2,2,5,15/07/2024,2,00:55,-1,E07000011,E10000003,E10000003,2,1,3,70,-1,0,-1,-1,-1,-1,-1,0,4,1,1,-1,-1,13,2,1,1,E01018192,6,1,1,0
2024351415418,2024,351415418,517995,295677,-0.26138,52.54617,35,3,4,2,15/02/2024,5,18:58,-1,E06000031,E06000031,E06000031,3,1139,7,40,-1,-1,2,3,1260,-1,-1,0,5,1,1,-1,-1,13,2,1,2,E01033174,3,1,0,1
2024351401581,2024,351401581,546654,261005,0.14579,52.22772,35,2,1,1,13/01/2024,7,00:17,-1,E07000008,E10000003,E10000003,3,1309,6,20,-1,0,-1,6,0,-1,-1,15,4,1,1,-1,-1,13,1,1,2,E01017976,5,1,1,0
2024351422325,2024,351422325,533852,287959,-0.03078,52.47316,35,3,1,1,18/03/2024,2,15:00,-1,E07000010,E10000003,E10000003,6,0,6,50,-1,13,4,6,0,-1,-1,0,1,1,1,-1,-1,13,2,3,2,E01018060,3,1,0,1
2024351471663,2024,351471663,520918,259963,-0.23117,52.22461,35,3,1,1,02/07/2024,3,00:17,-1,E07000011,E10000003,E10000003,4,1428,1,60,-1,-1,4,3,428,-1,-1,0,6,1,1,-1,-1,13,2,1,2,E01034443,3,1,0,1
2024351425942,2024,351425942,564548,266171,0.41006,52.26908,35,3,3,1,27/03/2024,4,16:00,-1,E07000009,E10000003,E10000003,3,14,3,70,-1,0,-1,6,0,-1,-1,0,1,1,1,-1,-1,13,2,1,1,E01018035,3,1,0,1
2024351537260,2024,351537260,529588,260667,-0.10405,52.22896,35,3,2,1,14/11/2024,5,17:17,-1,E07000012,E10000003,E10000003,3,428,1,40,-1,0,-1,3,428,-1,-1,0,4,1,1,-1,-1,13,2,1,1,E01018278,3,1,0,1
2024351479631,2024,351479631,517846,281778,-0.26849,52.4213,35,3,3,1,02/08/2024,6,16:47,-1,E07000011,E10000003,E10000003,2,1,3,70,-1,0,-1,-1,-1,-1,-1,0,1,1,1,-1,-1,13,2,1,1,E01018192,3,1,0,1
2024361400469,2024,361400469,598455,289166,0.91993,52.46436,36,3,2,1,19/01/2024,6,17:40,-1,E07000143,E10000020,E10000020,3,11,3,70,-1,0,-1,-1,-1,-1,-1,0,6,1,2,-1,-1,13,2,1,1,E01026440,3,1,0,1
2024361405319,2024,361405319,617498,310090,1.2135,52.64492,36,3,1,1,01/02/2024,5,17:50,-1,E07000148,E10000020,E10000020,3,1074,6,30,-1,17,2,6,0,-1,-1,0,4,1,2,-1,-1,13,1,1,2,E01026794,3,1,0,1
2024361470953,2024,361470953,564241,317097,0.43067,52.72658,36,2,2,2,22/07/2024,2,23:45,-1,E07000146,E10000020,E10000020,3,47,6,60,-1,0,-1,-1,-1,-1,-1,0,6,1,1,-1,-1,13,2,1,1,E01026724,7,1,1,0
2024361415599,2024,361415599,623193,307798,1.29599,52.62204,36,2,2,1,29/02/2024,5,18:41,-1,E07000148,E10000020,E10000020,6,0,3,30,-1,13,4,3,147,-1,-1,0,4,2,2,-1,-1,13,1,1,2,E01026853,6,1,1,0
2024361414657,2024,361414657,561080,318940,0.38481,52.74408,36,3,2,1,13/02/2024,3,17:08,-1,E07000146,E10000020,E10000020,6,0,6,30,-1,0,-1,6,0,-1,-1,0,4,2,2,-1,-1,13,2,1,2,E01026705,3,1,0,1
2024361404123,2024,361404123,561980,304341,0.39096,52.61269,36,3,2,2,29/01/2024,2,10:14,-1,E07000146,E10000020,E10000020,6,0,6,30,-1,13,4,6,0,-1,-1,0,1,1,2,-1,-1,13,1,1,2,E01033036,3,1,0,1
2024361485344,2024,361485344,622796,319512,1.29805,52.72733,36,3,3,1,29/08/2024,5,07:42,-1,E07000144,E10000020,E10000020,4,1354,6,30,-1,0,-1,6,0,-1,-1,0,1,1,1,-1,-1,13,2,1,2,E01026533,3,1,0,1
2024361437098,2024,361437098,617927,309955,1.21974,52.64354,36,3,2,1,29/04/2024,2,14:50,-1,E07000148,E10000020,E10000020,3,1074,1,30,-1,0,-1,6,0,-1,-1,0,1,1,1,-1,-1,13,1,1,2,E01026792,3,1,0,1
2024361417886,2024,361417886,582892,328370,0.71283,52.82183,36,3,2,1,06/03/2024,4,21:03,-1,E07000146,E10000020,E10000020,3,148,6,40,-1,0,-1,6,0,-1,-1,0,6,1,1,-1,-1,13,2,1,2,E01026695,3,1,0,1
2024361418242,2024,361418242,622828,307992,1.29073,52.62393,36,3,2,1,07/03/2024,5,15:38,-1,E07000148,E10000020,E10000020,3,147,1,30,-1,-1,4,3,147,-1,-1,0,1,1,1,-1,-1,13,1,1,2,E01026853,3,1,0,1
2024361525145,2024,361525145,618718,305555,1.22851,52.60373,36,3,2,1,03/12/2024,3,19:42,-1,E07000149,E10000020,E10000020,3,11,3,40,-1,0,-1,-1,-1,-1,-1,0,4,1,1,-1,-1,13,2,1,2,E01035141,3,1,0,1
2024361528988,2024,361528988,652203,300997,1.71848,52.54834,36,1,2,1,11/12/2024,4,20:40,-1,E07000145,E10000020,E10000020,3,47,3,70,-1,0,-1,6,0,-1,-1,0,6,1,1,-1,-1,13,2,1,1,E01026588,1,1,0,0
2024361441327,2024,361441327,627760,310899,1.36547,52.64797,36,3,2,1,10/05/2024,6,19:15,-1,E07000144,E10000020,E10000020,6,0,6,30,-1,16,4,6,0,-1,-1,0,1,1,1,-1,-1,13,1,1,2,E01026576,3,1,0,1
2024361469104,2024,361469104,615722,323367,1.196,52.7648,36,2,2,2,17/06/2024,2,08:46,-1,E07000144,E10000020,E10000020,4,1149,6,60,-1,16,4,6,0,-1,-1,0,1,1,1,-1,-1,13,2,1,2,E01026523,6,1,1,0
2024361497132,2024,361497132,652842,308579,1.73366,52.61606,36,3,2,1,28/09/2024,7,15:36,-1,E07000145,E10000020,E10000020,6,0,6,30,-1,13,4,6,0,-1,-1,0,1,1,1,-1,-1,13,1,1,2,E01026595,3,1,0,1
2024361429262,2024,361429262,581376,297043,0.67312,52.54103,36,3,2,1,07/03/2024,5,08:50,-1,E07000143,E10000020,E10000020,3,1065,6,60,-1,0,-1,-1,-1,-1,-1,0,1,1,1,-1,-1,13,2,1,2,E01026424,3,1,0,1
2024361492935,2024,361492935,571321,325453,0.53977,52.79943,36,3,2,3,18/09/2024,4,11:00,-1,E07000146,E10000020,E10000020,3,148,6,60,-1,0,-1,6,0,-1,-1,0,1,1,1,-1,-1,13,2,1,2,E01026718,3,1,0,1
2024371537232,2024,371537232,563111,264732,0.38833,52.25658,37,3,2,1,29/10/2024,3,14:00,-1,E07000245,E10000029,E10000029,4,1103,6,30,-1,13,4,6,0,-1,-1,15,1,1,1,-1,-1,13,1,3,2,E01029953,3,1,0,1
2024371438592,2024,371438592,603396,260548,0.97526,52.20561,37,2,2,1,02/05/2024,5,10:28,-1,E07000203,E10000029,E10000029,3,14,3,50,-1,0,-1,-1,-1,-1,-1,0,1,1,1,-1,-1,13,2,1,1,E01030056,7,1,1,0
2024401498742,2024,401498742,503473,246314,-0.49062,52.10549,40,3,2,1,29/09/2024,1,14:04,-1,E06000055,E06000055,E06000055,3,421,3,70,-1,0,-1,-1,-1,-1,-1,0,1,1,1,-1,-1,13,2,1,1,E01034424,3,1,0,1
2024401414422,2024,401414422,506723,221189,-0.451,51.87906,40,3,2,1,22/02/2024,5,18:15,-1,E06000056,E06000056,E06000056,1,1,3,70,-1,0,-1,-1,-1,-1,-1,0,6,2,2,-1,-1,13,2,3,1,E01017562,3,1,0,1
2024401477242,2024,401477242,507877,238024,-0.42896,52.03014,40,3,2,1,27/02/2024,3,16:14,-1,E06000056,E06000056,E06000056,3,6,6,60,-1,0,-1,-1,-1,-1,-1,0,1,1,1,-1,-1,13,2,1,2,E01017421,3,1,0,1
2024401431819,2024,401431819,508790,221733,-0.42081,51.88355,40,3,2,1,13/04/2024,7,02:16,-1,E06000032,E06000032,E06000032,3,6,3,20,-1,0,-1,6,0,-1,-1,-1,4,1,-1,-1,-1,13,1,3,2,E01015699,3,1,0,1
2024401529324,2024,401529324,503749,226032,-0.49273,51.92315,40,2,4,1,01/12/2024,1,17:34,-1,E06000056,E06000056,E06000056,1,1,3,70,-1,0,-1,-1,-1,-1,-1,0,4,1,2,-1,-1,13,2,1,1,E01017620,6,1,1,0
2024401539759,2024,401539759,515550,255401,-0.31128,52.18476,40,3,2,1,02/12/2024,2,10:00,-1,E06000055,E06000055,E06000055,3,421,3,40,-1,0,-1,-1,-1,-1,-1,0,1,1,1,-1,-1,13,2,1,1,E01017542,3,1,0,1
2024401498730,2024,401498730,516033,255521,-0.30418,52.18574,40,3,2,1,21/09/2024,7,10:30,-1,E06000055,E06000055,E06000055,3,1,3,40,-1,0,-1,-1,-1,-1,-1,0,1,1,1,-1,-1,13,2,1,1,E01017542,3,1,0,1
2024401492756,2024,401492756,500425,234035,-0.53871,51.99569,40,3,2,1,16/09/2024,2,15:08,-1,E06000056,E06000056,E06000056,1,1,3,50,-1,0,-1,-1,-1,-1,-1,-1,1,1,1,-1,-1,13,2,3,1,E01017404,3,1,0,1
2024401491122,2024,401491122,504989,217956,-0.47716,51.85034,40,3,2,1,06/09/2024,6,14:42,-1,E06000056,E06000056,E06000056,3,5183,6,60,-1,13,4,4,4540,-1,-1,0,1,1,1,-1,-1,13,2,1,2,E01017586,3,1,0,1
2024401411547,2024,401411547,494198,229596,-0.6306,51.95688,40,3,1,1,15/02/2024,5,11:38,-1,E06000056,E06000056,E06000056,3,5,6,60,-1,0,-1,6,0,-1,-1,0,1,1,1,-1,-1,13,2,1,1,E01017577,3,1,0,1
2024401429863,2024,401429863,508197,219103,-0.43025,51.86003,40,3,2,1,08/04/2024,2,06:30,-1,E06000056,E06000056,E06000056,1,1,3,70,-1,0,-1,1,1,-1,-1,0,1,1,1,-1,-1,13,2,3,1,E01017564,3,1,0,1
2024401435007,2024,401435007,508059,219261,-0.4322,51.86148,40,3,2,1,22/04/2024,2,11:40,-1,E06000056,E06000056,E06000056,1,1,3,70,-1,0,-1,-1,-1,-1,-1,0,1,1,2,-1,-1,13,2,3,1,E01017562,3,1,0,1
2024401408907,2024,401408907,507738,219780,-0.4367,51.86621,40,3,3,2,10/02/2024,7,11:50,-1,E06000056,E06000056,E06000056,1,1,3,70,-1,0,-1,-1,-1,-1,-1,0,1,1,1,-1,-1,13,2,3,1,E01017562,3,1,0,1
2024401414588,2024,401414588,495806,237374,-0.60503,52.02652,40,3,2,1,20/02/2024,3,22:35,-1,E06000056,E06000056,E06000056,1,1,6,50,-1,0,-1,3,421,-1,-1,0,4,1,2,-1,-1,13,2,1,1,E01017379,3,1,0,1
2024401545136,2024,401545136,496002,237356,-0.60218,52.02632,40,3,3,1,29/12/2024,1,15:44,-1,E06000056,E06000056,E06000056,1,1,3,70,-1,0,-1,-1,-1,-1,-1,0,6,1,2,-1,-1,13,2,1,1,E01017379,3,1,0,1
2024401476798,2024,401476798,495420,237583,-0.6106,52.02846,40,3,2,3,14/07/2024,1,19:05,-1,E06000056,E06000056,E06000056,1,1,7,70,-1,0,-1,-1,-1,-1,-1,0,1,1,1,-1,-1,13,2,1,1,E01033814,3,1,0,1
2024401419735,2024,401419735,509707,219404,-0.40823,51.86244,40,3,1,1,07/03/2024,5,09:10,-1,E06000032,E06000032,E06000032,3,1081,3,30,-1,0,-1,6,0,-1,-1,0,1,1,1,-1,-1,13,2,1,2,E01015793,3,1,0,1
2024401484191,2024,401484191,516343,251049,-0.30117,52.14549,40,3,2,1,26/08/2024,2,04:10,-1,E06000056,E06000056,E06000056,3,1,3,70,-1,0,-1,6,0,-1,-1,0,4,1,1,-1,-1,13,2,3,1,E01017430,3,1,0,1
2024401476479,2024,401476479,504310,222537,-0.48563,51.89164,40,3,2,1,01/08/2024,5,12:19,-1,E06000056,E06000056,E06000056,6,0,1,30,-1,0,-1,3,505,-1,-1,0,1,1,1,-1,-1,13,1,1,2,E01017583,3,1,0,1
2024401510013,2024,401510013,499904,259419,-0.53886,52.22393,40,3,1,1,11/10/2024,6,09:42,-1,E06000055,E06000055,E06000055,6,0,6,30,-1,0,-1,6,0,-1,-1,0,1,1,1,-1,-1,13,2,1,2,E01017544,3,1,0,1
2024401450319,2024,401450319,502760,229127,-0.50618,51.95115,40,3,3,1,23/05/2024,5,11:50,-1,E06000056,E06000056,E06000056,1,1,3,70,-1,0,-1,1,1,-1,-1,0,1,1,1,-1,-1,13,2,1,1,E01017620,3,1,0,1
2024411490018,2024,411490018,513028,198118,-0.36694,51.67048,41,3,3,1,21/06/2024,6,23:59,-1,E07000098,E10000015,E10000015,1,1,6,50,-1,0,-1,-1,-1,-1,-1,0,4,1,1,-1,-1,13,2,2,1,E01023528,3,1,0,1
2024411495307,2024,411495307,519943,227891,-0.25671,51.93661,41,3,3,2,05/06/2024,4,11:52,-1,E07000099,E10000015,E10000015,3,602,3,70,-1,0,-1,-1,-1,-1,-1,0,1,1,1,-1,-1,13,2,1,2,E01023622,3,1,0,1
2024411479155,2024,411479155,521827,200931,-0.23879,51.69392,41,3,2,1,08/08/2024,5,13:35,-1,E07000098,E10000015,E10000015,1,25,3,70,-1,0,-1,-1,-1,-1,-1,0,1,1,1,-1,-1,13,2,1,1,E01023584,3,1,0,1
2024411452370,2024,411452370,522901,199964,-0.2236,51.68499,41,3,2,2,30/05/2024,5,14:10,-1,E07000098,E10000015,E10000015,1,25,7,60,-1,0,-1,-1,-1,-1,-1,0,1,1,1,-1,-1,13,2,1,1,E01023584,3,1,0,1
2024411565809,2024,411565809,533506,237550,-0.05578,52.02032,41,3,1,1,16/12/2024,2,14:00,-1,E07000099,E10000015,E10000015,6,0,6,30,-1,13,4,6,0,-1,-1,0,1,1,1,-1,-1,13,2,1,2,E01023598,3,1,0,1
2024411404254,2024,411404254,535642,234659,-0.02581,51.99382,41,3,3,3,19/01/2024,6,12:28,-1,E07000099,E10000015,E10000015,3,10,6,60,-1,0,-1,-1,-1,-1,-1,0,1,1,1,-1,-1,13,2,1,2,E01023598,3,1,0,1
2024411463432,2024,411463432,505396,204302,-0.4754,51.72754,41,3,3,3,24/06/2024,2,11:40,-1,E07000096,E10000015,E10000015,3,41,3,70,-1,0,-1,-1,-1,-1,-1,0,1,1,1,-1,-1,13,2,1,2,E01023407,3,1,0,1
2024411407609,2024,411407609,511875,202095,-0.38234,51.70645,41,3,2,1,14/01/2024,1,22:55,-1,E07000102,E10000015,E10000015,1,1,7,70,-1,-1,4,1,1,-1,-1,0,4,1,2,-1,-1,13,2,1,1,E01023832,3,1,0,1
2024411502311,2024,411502311,522670,200206,-0.22685,51.68722,41,3,3,2,09/10/2024,4,23:30,-1,E07000098,E10000015,E10000015,3,1,1,70,-1,0,-1,6,0,-1,-1,15,4,2,2,-1,-1,13,2,1,1,E01023584,3,1,0,1
2024411493458,2024,411493458,524677,200127,-0.19786,51.68607,41,3,3,2,16/08/2024,6,18:07,-1,E07000098,E10000015,E10000015,1,25,3,50,-1,0,-1,-1,-1,-1,-1,0,1,1,1,-1,-1,13,2,1,1,E01023576,3,1,0,1
2024411463890,2024,411463890,525229,200004,-0.18992,51.68484,41,2,2,3,08/06/2024,7,15:26,-1,E07000098,E10000015,E10000015,1,25,3,50,-1,0,-1,-1,-1,-1,-1,0,1,1,1,-1,-1,13,2,1,1,E01023576,6,1,1,0
2024411407680,2024,411407680,508784,217874,-0.42211,51.84887,41,3,4,2,21/01/2024,1,16:40,-1,E07000096,E10000015,E10000015,1,1,3,40,-1,0,-1,1,1,-1,-1,0,4,4,2,-1,-1,13,2,1,1,E01023430,3,1,0,1
2024411539064,2024,411539064,523037,202992,-0.22056,51.71218,41,3,2,2,03/12/2024,3,17:15,-1,E07000098,E10000015,E10000015,6,0,6,40,-1,13,4,6,0,-1,-1,0,6,1,2,-1,-1,13,2,1,2,E01023567,3,1,0,1
2024411457651,2024,411457651,523633,216798,-0.20703,51.83612,41,3,2,1,05/06/2024,4,19:29,-1,E07000241,E10000015,E10000015,2,1,3,70,-1,0,-1,-1,-1,-1,-1,0,1,1,1,-1,-1,13,2,1,1,E01023968,3,1,0,1
2024421411734,2024,421411734,543549,209054,0.07863,51.76178,42,3,3,1,19/02/2024,2,16:50,-1,E07000073,E10000012,E10000012,3,1169,1,60,-1,-1,4,3,1169,-1,-1,0,1,1,1,-1,-1,13,2,1,2,E01021833,3,1,0,1
2024421523064,2024,421523064,540484,199683,0.03047,51.67835,42,3,2,1,29/11/2024,6,07:45,-1,E07000072,E10000012,E10000012,1,25,3,70,-1,0,-1,1,25,-1,-1,0,1,1,2,-1,-1,13,2,1,1,E01021810,3,1,0,1
2024421503637,2024,421503637,553858,237765,0.24069,52.01698,42,2,2,1,04/10/2024,6,19:20,-1,E07000077,E10000012,E10000012,6,0,6,30,-1,16,2,6,0,-1,-1,14,4,1,2,-1,-1,13,1,1,2,E01022075,7,1,1,0
2024421502156,2024,421502156,578618,188007,0.57553,51.56265,42,2,2,1,09/10/2024,4,14:11,-1,E07000069,E10000012,E10000012,3,13,6,30,-1,19,2,6,0,-1,-1,0,1,1,1,-1,-1,13,1,1,2,E01021481,6,1,1,0
2024421495957,2024,421495957,599439,226713,0.89769,51.90325,42,3,2,1,25/09/2024,4,20:43,-1,E07000071,E10000012,E10000012,6,0,6,40,-1,13,2,6,0,-1,-1,14,4,2,2,-1,-1,13,1,1,2,E01035175,3,1,0,1
2024421494524,2024,421494524,592506,224225,0.79565,51.88334,42,3,2,1,22/09/2024,1,12:40,-1,E07000071,E10000012,E10000012,3,12,3,70,-1,0,-1,-1,-1,-1,-1,0,1,1,1,-1,-1,13,2,1,1,E01035160,3,1,0,1
2024421460222,2024,421460222,540171,199635,0.02593,51.678,42,2,2,2,26/06/2024,4,05:34,-1,E07000072,E10000012,E10000012,1,25,3,70,-1,0,-1,1,25,-1,-1,0,1,1,1,-1,-1,13,2,1,1,E01021810,6,1,1,0
2024421420856,2024,421420856,563648,198232,0.36454,51.65905,42,3,2,3,14/03/2024,5,21:30,-1,E07000068,E10000012,E10000012,3,12,3,70,-1,0,-1,-1,-1,-1,-1,0,6,1,2,-1,-1,13,2,1,1,E01021460,3,1,0,1
2024421493246,2024,421493246,592658,223898,0.79768,51.88035,42,2,2,1,10/09/2024,3,17:15,-1,E07000071,E10000012,E10000012,4,1408,6,30,-1,13,4,6,0,-1,-1,0,1,2,2,-1,-1,13,1,3,2,E01035160,7,1,1,0
2024421510525,2024,421510525,540142,199641,0.02551,51.67806,42,1,1,1,30/10/2024,4,13:22,-1,E07000072,E10000012,E10000012,1,25,7,70,-1,0,-1,1,25,-1,-1,0,1,1,1,-1,-1,13,2,1,1,E01021810,1,1,0,0
2024421434458,2024,421434458,575082,193948,0.52754,51.61713,42,2,3,2,22/04/2024,2,11:45,-1,E07000066,E10000012,E10000012,3,132,6,30,-1,0,-1,6,0,-1,-1,0,1,1,1,-1,-1,13,1,1,2,E01021334,7,1,1,0
2024421475539,2024,421475539,544255,211484,0.08986,51.78343,42,2,4,1,03/08/2024,7,13:33,-1,E07000073,E10000012,E10000012,3,414,6,40,-1,0,-1,3,414,-1,-1,0,1,1,1,-1,-1,13,2,1,2,E01021839,7,1,1,0
2024421475046,2024,421475046,543588,209901,0.07955,51.76938,42,3,2,1,02/08/2024,6,07:56,-1,E07000073,E10000012,E10000012,6,0,6,40,-1,13,4,6,0,-1,-1,0,1,1,1,-1,-1,13,1,1,2,E01021841,3,1,0,1
2024421530028,2024,421530028,601266,225664,0.9236,51.89317,42,3,2,1,14/12/2024,7,10:55,-1,E07000071,E10000012,E10000012,3,137,6,30,-1,0,-1,6,0,-1,-1,15,1,1,2,-1,-1,13,1,1,2,E01021704,3,1,0,1
2024421430887,2024,421430887,582811,189414,0.63669,51.57395,42,3,2,1,12/04/2024,6,08:27,-1,E06000033,E06000033,E06000033,6,0,6,30,-1,19,4,3,1015,-1,-1,0,1,1,1,-1,-1,13,1,1,2,E01015837,3,1,0,1
2024421405980,2024,421405980,576584,194993,0.54973,51.62604,42,3,3,2,03/02/2024,7,16:45,-1,E07000070,E10000012,E10000012,3,132,6,60,-1,0,-1,6,0,-1,-1,0,1,1,2,-1,-1,13,2,1,2,E01021595,3,1,0,1
2024421416186,2024,421416186,592500,224221,0.79557,51.88331,42,3,2,1,02/03/2024,7,13:00,-1,E07000071,E10000012,E10000012,3,12,3,70,-1,0,-1,-1,-1,-1,-1,0,1,2,2,-1,-1,13,2,1,1,E01035160,3,1,0,1
2024421445023,2024,421445023,587072,191273,0.6991,51.58925,42,2,2,1,20/05/2024,2,07:45,-1,E07000075,E10000012,E10000012,6,0,6,30,-1,19,4,6,0,-1,-1,0,1,1,1,-1,-1,13,1,1,2,E01021930,7,1,1,0
2024430426030,2024,430426030,454096,202124,-1.21838,51.71525,43,3,2,1,04/09/2024,4,18:41,-1,E07000178,E10000025,E10000025,6,0,1,40,1,0,4,6,0,0,0,0,1,1,1,4,0,13,1,1,2,E01028553,-1,0,0.06264,0.93736
2024430023243,2024,430023243,445523,241766,-1.33725,52.0724,43,3,2,1,16/01/2024,3,08:09,-1,E07000177,E10000025,E10000025,3,422,1,40,1,0,2,3,361,0,0,0,1,1,1,4,0,13,2,3,2,E01035726,-1,0,0.00132,0.99868
2024430194734,2024,430194734,467932,172158,-1.02393,51.44435,43,3,2,1,28/04/2024,1,08:24,-1,E06000038,E06000038,E06000038,3,4,6,40,0,0,-1,0,-1,0,0,0,1,1,1,4,0,13,1,1,2,E01016422,-1,0,0.0193,0.9807
2024430150976,2024,430150976,445097,173257,-1.35233,51.4565,43,3,2,1,01/04/2024,2,15:30,-1,E06000037,E06000037,E06000037,1,4,3,40,0,0,-1,0,-1,0,0,0,1,1,1,4,0,13,2,3,1,E01016326,-1,0,0.00147,0.99853
2024430319458,2024,430319458,471143,171315,-0.97791,51.43638,43,3,1,1,06/07/2024,7,03:06,-1,E06000038,E06000038,E06000038,3,33,3,40,6,16,2,6,0,0,5,15,4,2,2,4,0,13,2,1,2,E01016388,-1,0,0.05725,0.94275
2024430118680,2024,430118680,497613,205177,-0.5878,51.73681,43,3,2,1,13/03/2024,4,22:16,-1,E06000060,E06000060,E06000060,3,416,6,30,3,13,4,6,0,0,0,0,4,9,2,4,0,13,2,3,2,E01017750,-1,0,0.00526,0.99474
2024430207535,2024,430207535,450081,206212,-1.27591,51.75237,43,3,2,1,05/05/2024,1,12:18,-1,E07000178,E10000025,E10000025,3,420,6,30,3,13,2,6,0,0,0,0,1,1,1,4,0,13,1,1,2,E01028548,-1,0,0.07943,0.92057
2024430583134,2024,430583134,471513,167666,-0.97332,51.40352,43,3,2,1,27/11/2024,4,08:02,-1,E06000041,E06000041,E06000041,4,3349,6,40,0,0,-1,0,-1,0,0,0,1,1,1,4,0,13,2,3,2,E01035264,-1,0,0.02716,0.97284
2024430326604,2024,430326604,459849,189112,-1.13735,51.59768,43,3,2,1,09/07/2024,3,13:15,-1,E07000179,E10000025,E10000025,6,0,6,30,3,13,4,6,0,0,0,0,1,8,2,4,0,13,1,3,2,E01028617,-1,0,0.00196,0.99804
2024430466959,2024,430466959,467968,174750,-1.02292,51.46765,43,2,2,1,28/09/2024,7,15:21,-1,E06000038,E06000038,E06000038,3,329,6,30,3,13,3,6,0,0,0,0,1,1,1,4,0,13,1,1,2,E01016382,-1,0,1,0
2024430334265,2024,430334265,471182,171480,-0.97731,51.43785,43,3,2,1,14/07/2024,1,14:57,-1,E06000038,E06000038,E06000038,3,33,3,40,0,0,-1,0,-1,0,0,0,1,1,1,4,0,13,2,1,2,E01016388,-1,0,0.02681,0.97319
2024430244874,2024,430244874,449916,212215,-1.27744,51.80635,43,3,2,2,24/05/2024,6,20:43,-1,E07000177,E10000025,E10000025,3,4165,6,40,0,0,-1,0,-1,0,0,0,1,8,1,4,0,13,2,3,2,E01028496,-1,0,0.00448,0.99552
2024430290291,2024,430290291,450937,206368,-1.26349,51.7537,43,3,2,1,19/06/2024,4,22:00,-1,E07000178,E10000025,E10000025,3,4144,6,20,0,0,-1,0,-1,0,4,14,4,1,1,4,0,13,1,3,2,E01028521,-1,0,0.009,0.991
2024430339109,2024,430339109,483969,166262,-0.79462,51.3892,43,3,2,1,17/07/2024,4,09:21,-1,E06000036,E06000036,E06000036,6,0,6,40,0,0,-1,0,-1,0,0,0,1,1,1,4,0,13,2,1,2,E01016213,-1,0,0.09136,0.90864
2024430133251,2024,430133251,491725,169380,-0.68238,51.41603,43,3,3,1,22/03/2024,6,13:20,-1,E06000040,E06000040,E06000040,3,332,6,40,0,0,-1,0,-1,0,0,0,1,1,1,4,0,13,2,1,2,E01016524,-1,0,0.02336,0.97664
2024430539579,2024,430539579,483729,211806,-0.78722,51.79864,43,2,1,1,08/11/2024,6,18:44,-1,E06000060,E06000060,E06000060,3,413,6,30,0,0,-1,0,-1,0,8,17,5,1,1,4,0,13,1,1,2,E01017638,-1,0,1,0
2024430034916,2024,430034916,454569,207966,-1.21062,51.76772,43,2,2,1,23/01/2024,3,14:57,-1,E07000178,E10000025,E10000025,3,40,3,50,0,0,-1,0,-1,0,0,0,1,1,2,4,0,13,2,1,2,E01028537,-1,0,1,0
2024430174261,2024,430174261,450012,206213,-1.27691,51.75239,43,3,2,1,16/04/2024,3,07:10,-1,E07000178,E10000025,E10000025,3,420,6,30,3,13,4,6,0,0,0,0,1,2,2,4,0,13,1,3,2,E01028548,-1,0,0.02058,0.97942
2024430524714,2024,430524714,457329,221901,-1.16833,51.89272,43,3,1,1,30/10/2024,4,16:10,-1,E07000177,E10000025,E10000025,6,0,6,20,0,0,-1,0,-1,0,1,13,1,1,1,4,0,13,2,1,2,E01035736,-1,0,0.05343,0.94657
2024430040727,2024,430040727,490047,240390,-0.68815,52.05459,43,1,2,1,26/01/2024,6,22:46,-1,E06000042,E06000042,E06000042,1,1,3,70,0,0,-1,0,-1,0,0,0,7,1,1,4,0,13,2,1,1,E01033503,-1,0,0,0
2024430584111,2024,430584111,439508,188450,-1.43107,51.59352,43,3,1,1,03/12/2024,3,08:45,-1,E07000180,E10000025,E10000025,3,417,6,20,3,13,4,6,0,0,1,13,1,1,2,4,0,13,1,1,2,E01028760,-1,0,0.04594,0.95406
2024430250027,2024,430250027,480734,203648,-0.83253,51.72575,43,3,2,1,28/05/2024,3,10:00,-1,E06000060,E06000060,E06000060,3,4010,1,30,1,0,4,3,4129,0,0,0,1,2,2,4,0,13,2,3,2,E01017929,-1,0,0.00109,0.99891
2024430494094,2024,430494094,457780,224286,-1.16138,51.91412,43,2,2,2,14/10/2024,2,07:50,-1,E07000177,E10000025,E10000025,3,4095,6,40,3,13,4,6,0,0,0,0,1,2,2,4,0,13,1,1,2,E01028460,-1,0,1,0
2024430362976,2024,430362976,498625,176801,-0.58112,51.48158,43,3,2,2,29/07/2024,2,11:58,-1,E06000040,E06000040,E06000040,3,470,6,30,0,0,-1,0,-1,0,0,0,1,1,1,4,0,13,2,3,2,E01016565,-1,0,0.00329,0.99671
2024430448638,2024,430448638,450575,208763,-1.26838,51.77526,43,3,1,1,18/09/2024,4,09:01,-1,E07000178,E10000025,E10000025,3,4144,6,30,3,13,4,6,0,0,5,15,1,1,1,4,0,13,1,1,2,E01028584,-1,0,0.05003,0.94997
2024430337985,2024,430337985,486121,193340,-0.7571,51.63229,43,3,2,1,15/07/2024,2,14:29,-1,E06000060,E06000060,E06000060,6,0,6,30,0,0,-1,0,-1,0,0,0,1,2,2,4,0,13,1,3,2,E01017837,-1,0,0.00437,0.99563
2024430414387,2024,430414387,488906,251295,-0.70195,52.15279,43,3,2,1,28/08/2024,4,11:10,-1,E06000042,E06000042,E06000042,3,509,6,30,0,0,-1,0,-1,0,0,0,1,1,1,4,0,13,2,3,2,E01016797,-1,0,0.01958,0.98042
2024430471844,2024,430471844,471240,172170,-0.97634,51.44405,43,2,1,1,01/10/2024,3,15:05,-1,E06000038,E06000038,E06000038,3,33,3,40,3,13,2,6,0,0,5,15,1,1,1,4,0,13,1,1,2,E01016388,-1,0,1,0
2024430538374,2024,430538374,473003,168843,-0.95166,51.41392,43,3,3,1,07/11/2024,5,07:23,-1,E06000041,E06000041,E06000041,1,4,3,70,0,0,-1,0,-1,0,0,0,1,1,2,4,0,13,2,1,1,E01016679,-1,0,0.03083,0.96917
2024430556151,2024,430556151,487598,199387,-0.73425,51.68642,43,3,3,1,17/11/2024,1,02:49,-1,E06000060,E06000060,E06000060,3,4128,6,30,0,0,-1,0,-1,0,0,0,4,2,2,4,0,13,2,1,2,E01017785,-1,0,0.01934,0.98066
2024430073648,2024,430073648,449897,212377,-1.27769,51.80781,43,3,2,1,15/02/2024,5,07:55,-1,E07000177,E10000025,E10000025,3,4260,1,20,1,0,4,6,0,0,0,0,1,1,1,4,0,13,2,3,2,E01028511,-1,0,0.0119,0.9881
2024430387497,2024,430387497,453954,226258,-1.21669,51.93223,43,3,3,1,13/08/2024,3,10:36,-1,E07000177,E10000025,E10000025,4,430,6,60,0,0,-1,0,-1,0,0,0,1,1,1,4,0,13,2,1,2,E01028477,-1,0,0.0125,0.9875
2024430298200,2024,430298200,451135,206373,-1.26062,51.75372,43,3,1,1,24/06/2024,2,15:15,-1,E07000178,E10000025,E10000025,6,0,6,20,3,13,4,6,0,0,0,0,1,1,1,4,0,13,1,3,2,E01028521,-1,0,0.01764,0.98236
2024430082455,2024,430082455,457587,224171,-1.1642,51.9131,43,2,2,1,21/02/2024,4,07:42,-1,E07000177,E10000025,E10000025,3,4095,6,40,0,0,-1,0,-1,0,0,0,1,1,1,4,0,13,2,1,2,E01028460,-1,0,1,0
2024440394300,2024,440394300,485763,151486,-0.7724,51.2561,44,3,2,1,13/09/2024,6,20:04,-1,E07000092,E10000014,E10000014,3,325,6,50,0,0,-1,0,-1,0,0,0,4,1,1,4,0,13,2,1,2,E01034729,-1,0,0,1
2024440351680,2024,440351680,443226,116708,-1.38605,50.94819,44,2,2,1,16/08/2024,6,14:42,-1,E07000093,E10000014,E10000014,1,27,3,50,0,0,-1,0,-1,0,0,0,1,1,1,4,0,13,2,1,1,E01023171,-1,0,0.90906,0.09094
2024440528866,2024,440528866,452865,108501,-1.25004,50.8736,44,3,2,1,05/12/2024,5,22:31,-1,E07000094,E10000014,E10000014,1,27,3,50,0,0,-1,0,-1,0,0,0,4,1,1,4,0,13,1,1,1,E01032859,-1,0,0,1
2024440103598,2024,440103598,449035,129452,-1.30165,51.06232,44,3,2,1,09/03/2024,7,12:50,-1,E07000094,E10000014,E10000014,4,3404,6,30,0,0,-1,0,-1,0,0,0,1,1,1,4,0,13,1,2,2,E01023257,-1,0,0,1
2024440482419,2024,440482419,426484,92614,-1.6261,50.73254,44,3,2,2,05/11/2024,3,18:13,-1,E07000091,E10000014,E10000014,6,0,6,50,0,0,-1,0,-1,0,0,0,6,1,1,4,0,13,2,1,2,E01023053,-1,0,0,1
2024440504770,2024,440504770,453034,158909,-1.24025,51.32682,44,3,2,3,19/11/2024,3,16:59,-1,E07000084,E10000014,E10000014,4,3051,6,30,3,13,2,6,0,0,0,0,4,1,2,4,0,13,2,1,2,E01022521,-1,0,0,1
2024440180604,2024,440180604,457520,150002,-1.1773,51.2463,44,3,1,1,30/04/2024,3,15:20,-1,E07000084,E10000014,E10000014,6,0,6,30,3,13,4,6,0,0,0,0,1,1,1,4,0,13,2,3,2,E01022530,-1,0,0,1
2024440333398,2024,440333398,442804,116695,-1.39206,50.94811,44,3,2,3,05/08/2024,2,12:00,-1,E06000045,E06000045,E06000045,1,27,3,50,5,0,4,1,27,0,0,0,1,1,1,4,0,13,2,1,1,E01017145,-1,0,0,1
2024440036484,2024,440036484,470317,152520,-0.99349,51.26751,44,3,2,2,25/01/2024,5,21:03,-1,E07000084,E10000014,E10000014,1,3,3,70,0,0,-1,0,-1,0,0,0,6,2,2,4,2,13,2,1,1,E01022468,-1,0,0,1
2024440272207,2024,440272207,452409,77280,-1.26095,50.5929,44,2,3,1,28/06/2024,6,07:32,-1,E06000046,E06000046,E06000046,6,0,6,40,0,0,-1,0,-1,0,0,0,1,1,1,4,0,13,2,1,2,E01017298,-1,0,0.9444,0.0556
2024440121220,2024,440121220,448798,129511,-1.30502,51.06287,44,3,1,1,21/03/2024,5,08:50,-1,E07000094,E10000014,E10000014,4,3404,6,30,3,13,4,6,0,0,0,0,1,1,1,4,0,13,1,2,2,E01023255,-1,0,0,1
2024440217106,2024,440217106,465330,104767,-1.07357,50.83875,44,3,1,1,23/05/2024,5,21:01,-1,E06000044,E06000044,E06000044,3,27,6,50,0,0,-1,0,-1,0,0,0,4,1,1,4,0,13,2,1,2,E01017054,-1,0,0,1
2024440478586,2024,440478586,429931,108208,-1.57599,50.8726,44,2,1,2,03/11/2024,1,11:36,-1,E07000091,E10000014,E10000014,3,35,2,30,3,13,4,6,0,0,4,14,1,1,1,4,0,13,2,1,2,E01023046,-1,0,0.92044,0.07956
2024440214709,2024,440214709,487205,157299,-0.75032,51.30814,44,3,2,1,22/05/2024,4,13:28,-1,E07000092,E10000014,E10000014,6,0,6,40,1,0,4,3,325,0,0,0,1,1,1,4,0,13,1,2,2,E01023103,-1,0,0,1
2024440170821,2024,440170821,435734,112679,-1.49309,50.91248,44,3,3,2,24/04/2024,4,08:46,-1,E07000091,E10000014,E10000014,3,35,6,50,1,0,4,6,0,0,0,0,1,1,1,4,0,13,1,1,2,E01023084,-1,0,0,1
2024440430731,2024,440430731,437586,145753,-1.46332,51.20975,44,3,1,1,04/10/2024,6,08:37,-1,E07000093,E10000014,E10000014,6,0,6,30,0,0,-1,0,-1,0,0,0,1,1,1,4,0,13,1,3,2,E01023219,-1,0,0,1
2024440340121,2024,440340121,443214,116703,-1.38622,50.94815,44,3,1,1,09/08/2024,6,10:40,-1,E07000093,E10000014,E10000014,1,27,3,50,0,0,-1,0,-1,0,0,0,1,1,1,4,0,13,2,1,1,E01023171,-1,0,0,1
2024440439727,2024,440439727,457372,145736,-1.1801,51.20796,44,2,2,1,09/10/2024,4,20:24,-1,E07000084,E10000014,E10000014,1,3,7,70,5,0,4,1,3,0,0,0,6,1,1,4,0,13,2,1,1,E01022532,-1,0,0.89427,0.10573
2024440099264,2024,440099264,466867,110865,-1.05063,50.89341,44,3,2,1,07/03/2024,5,11:32,-1,E07000094,E10000014,E10000014,4,2150,6,30,3,13,4,6,0,0,0,0,1,1,1,4,0,13,2,1,2,E01023232,-1,0,0,1
2024440463288,2024,440463288,455717,162278,-1.20122,51.35685,44,2,1,1,24/10/2024,5,12:45,-1,E07000084,E10000014,E10000014,4,3051,6,60,0,0,-1,0,-1,0,0,0,1,1,2,4,0,13,2,1,2,E01022522,-1,0,0.94492,0.05508
2024440546822,2024,440546822,452509,108678,-1.25507,50.87522,44,3,2,1,16/12/2024,2,17:21,-1,E07000094,E10000014,E10000014,1,27,3,70,5,0,4,6,0,0,0,0,4,5,2,4,0,13,2,1,1,E01032859,-1,0,0,1
2024440036201,2024,440036201,459479,106081,-1.15644,50.8512,44,2,2,3,25/01/2024,5,18:12,-1,E07000087,E10000014,E10000014,3,27,3,40,6,16,2,6,0,0,5,15,4,1,2,4,0,13,1,1,2,E01022766,-1,0,0.90477,0.09523
2024440324724,2024,440324724,451718,108345,-1.26636,50.8723,44,3,2,1,30/07/2024,3,21:55,-1,E07000087,E10000014,E10000014,3,3051,6,30,0,0,-1,0,-1,0,0,0,4,1,1,4,0,13,1,1,2,E01022754,-1,0,0,1
2024440039751,2024,440039751,439336,119717,-1.4411,50.97553,44,3,1,1,27/01/2024,7,15:30,-1,E07000093,E10000014,E10000014,6,0,6,30,3,13,4,6,0,0,0,0,1,1,1,4,0,13,2,2,2,E01023192,-1,0,0,1
2024451494518,2024,451494518,523564,148321,-0.23203,51.22072,45,3,1,1,22/09/2024,1,11:47,-1,E07000211,E10000030,E10000030,6,0,6,30,-1,0,-1,6,0,-1,-1,0,6,1,2,-1,-1,13,2,1,2,E01030632,3,1,0,1
2024451396153,2024,451396153,528893,156915,-0.15267,51.29678,45,3,1,1,08/01/2024,2,23:10,-1,E07000211,E10000030,E10000030,3,23,3,40,-1,0,-1,6,0,-1,-1,15,4,1,1,-1,-1,13,2,1,1,E01030569,3,1,0,1
2024451527676,2024,451527676,509691,160729,-0.42679,51.33508,45,3,4,4,05/12/2024,5,17:50,-1,E07000207,E10000030,E10000030,3,3,3,70,-1,0,-1,-1,-1,-1,-1,0,4,5,2,-1,-1,13,2,1,1,E01030318,3,1,0,1
2024451498348,2024,451498348,501463,167826,-0.54284,51.4004,45,2,2,5,08/09/2024,1,21:15,-1,E07000212,E10000030,E10000030,1,25,7,70,-1,0,-1,-1,-1,-1,-1,0,4,1,1,-1,-1,13,2,1,1,E01030685,6,1,1,0
2024451493830,2024,451493830,499680,166586,-0.56881,51.38957,45,3,2,1,23/08/2024,6,12:45,-1,E07000212,E10000030,E10000030,1,3,3,70,-1,0,-1,-1,-1,-1,-1,0,1,1,1,-1,-1,13,2,1,1,E01030677,3,1,0,1
2024451463319,2024,451463319,509329,170300,-0.42905,51.42118,45,3,2,1,03/07/2024,4,20:00,-1,E07000213,E10000030,E10000030,3,244,6,30,-1,0,-1,-1,-1,-1,-1,0,1,1,1,-1,-1,13,1,1,2,E01030752,3,1,0,1
2024451500307,2024,451500307,524727,150427,-0.21466,51.2394,45,3,2,1,06/10/2024,1,16:55,-1,E07000211,E10000030,E10000030,3,25,6,30,-1,13,4,6,0,-1,-1,0,5,2,2,-1,-1,13,1,1,2,E01030623,3,1,0,1
2024451512688,2024,451512688,502751,166457,-0.52473,51.38786,45,3,2,1,03/11/2024,1,06:50,-1,E07000212,E10000030,E10000030,1,25,3,70,-1,0,-1,-1,-1,-1,-1,0,1,1,1,-1,-1,13,2,1,1,E01030656,3,1,0,1
2024451422601,2024,451422601,540120,153997,0.00711,51.26791,45,3,3,1,19/03/2024,3,23:30,-1,E07000215,E10000030,E10000030,1,25,3,70,-1,0,-1,-1,-1,-1,-1,0,6,1,1,-1,-1,13,2,1,1,E01030831,3,1,0,1
2024451412669,2024,451412669,507009,158087,-0.46607,51.31185,45,3,3,1,21/02/2024,4,08:42,-1,E07000209,E10000030,E10000030,3,3,3,50,-1,0,-1,6,0,-1,-1,0,1,2,2,-1,-1,13,2,1,1,E01030458,3,1,0,1
2024451513591,2024,451513591,509424,160831,-0.43059,51.33605,45,2,2,1,06/11/2024,4,05:30,-1,E07000207,E10000030,E10000030,3,245,9,40,-1,0,-1,6,0,-1,-1,-1,4,8,2,-1,-1,13,2,3,2,E01030318,7,1,1,0
2024451454101,2024,451454101,507261,158307,-0.46239,51.31378,45,3,2,1,10/06/2024,2,18:37,-1,E07000209,E10000030,E10000030,3,3,3,70,-1,0,-1,-1,-1,-1,-1,0,1,1,1,-1,-1,13,2,1,1,E01030458,3,1,0,1
2024451444216,2024,451444216,500568,167232,-0.55587,51.39522,45,2,2,2,11/05/2024,7,07:05,-1,E07000212,E10000030,E10000030,1,3,3,70,-1,0,-1,-1,-1,-1,-1,0,1,1,1,-1,-1,13,2,1,1,E01030677,6,1,1,0
2024451485142,2024,451485142,510214,157914,-0.42016,51.30968,45,3,2,1,28/08/2024,4,14:00,-1,E07000207,E10000030,E10000030,1,25,3,70,-1,0,-1,-1,-1,-1,-1,0,1,1,1,-1,-1,13,2,2,1,E01030302,3,1,0,1
2024451454175,2024,451454175,495983,145399,-0.62761,51.19975,45,3,2,1,11/06/2024,3,07:40,-1,E07000216,E10000030,E10000030,6,0,6,30,-1,0,-1,6,0,-1,-1,0,1,1,1,-1,-1,13,1,3,2,E01030919,3,1,0,1
2024451527200,2024,451527200,509764,160781,-0.42573,51.33554,45,3,2,2,04/12/2024,4,14:07,-1,E07000207,E10000030,E10000030,3,3,3,50,-1,0,-1,-1,-1,-1,-1,0,1,1,2,-1,-1,13,2,1,1,E01030318,3,1,0,1
2024451525054,2024,451525054,509195,163152,-0.43317,51.35696,45,3,2,1,03/12/2024,3,11:30,-1,E07000207,E10000030,E10000030,6,0,1,40,-1,-1,4,4,365,-1,-1,0,1,1,2,-1,-1,13,2,1,2,E01030318,3,1,0,1
2024451432024,2024,451432024,540345,153976,0.01033,51.26767,45,3,3,4,16/04/2024,3,03:05,-1,E07000215,E10000030,E10000030,1,25,3,70,-1,0,-1,-1,-1,-1,-1,0,6,2,2,-1,-1,13,2,1,1,E01030831,3,1,0,1
2024451502315,2024,451502315,505563,162940,-0.48537,51.35574,45,2,2,1,08/10/2024,3,08:40,-1,E07000212,E10000030,E10000030,3,318,6,30,-1,19,4,6,0,-1,-1,0,1,5,2,-1,-1,13,1,1,2,E01030683,6,1,1,0
2024451520876,2024,451520876,507130,159527,-0.4639,51.32477,45,3,2,1,21/11/2024,5,20:20,-1,E07000209,E10000030,E10000030,1,25,3,70,-1,0,-1,-1,-1,-1,-1,0,6,1,1,-1,-1,13,2,1,1,E01030458,3,1,0,1
2024451467385,2024,451467385,499981,166801,-0.56442,51.39145,45,3,3,1,13/07/2024,7,12:40,-1,E07000212,E10000030,E10000030,1,3,3,50,-1,0,-1,-1,-1,-1,-1,0,1,1,1,-1,-1,13,2,3,1,E01030690,3,1,0,1
2024451472914,2024,451472914,508148,159213,-0.44939,51.32175,45,3,1,1,27/07/2024,7,13:35,-1,E07000209,E10000030,E10000030,3,3,1,30,-1,0,-1,1,25,-1,-1,0,1,8,1,-1,-1,13,2,3,1,E01030458,3,1,0,1
2024451430645,2024,451430645,505568,170851,-0.48295,51.42684,45,3,2,1,11/04/2024,5,18:13,-1,E07000213,E10000030,E10000030,6,0,6,30,-1,-1,4,6,0,-1,-1,0,1,1,1,-1,-1,13,1,1,2,E01030740,3,1,0,1
2024451520972,2024,451520972,514226,162382,-0.36119,51.34905,45,2,3,1,21/11/2024,5,17:30,-1,E07000207,E10000030,E10000030,3,3,3,70,-1,0,-1,-1,-1,-1,-1,0,5,1,1,-1,-1,13,2,1,1,E01030342,5,1,1,0
2024451450531,2024,451450531,537755,153630,-0.02691,51.26519,45,3,2,1,31/05/2024,6,06:35,-1,E07000215,E10000030,E10000030,1,25,3,70,-1,0,-1,-1,-1,-1,-1,0,1,1,1,-1,-1,13,2,1,1,E01030837,3,1,0,1
2024451467191,2024,451467191,517428,148529,-0.31979,51.22389,45,3,1,1,12/07/2024,6,16:11,-1,E07000210,E10000030,E10000030,6,0,6,40,-1,13,1,3,24,-1,-1,0,1,1,1,-1,-1,13,2,1,2,E01030546,3,1,0,1
2024451430877,2024,451430877,538281,152176,-0.01994,51.25199,45,3,2,1,12/04/2024,6,12:45,-1,E07000215,E10000030,E10000030,3,25,6,50,-1,0,-1,6,0,-1,-1,0,1,1,1,-1,-1,13,2,1,2,E01030838,3,1,0,1
2024451494293,2024,451494293,487437,158663,-0.74666,51.32036,45,3,3,1,30/08/2024,6,10:54,-1,E07000214,E10000030,E10000030,1,3,3,50,-1,0,-1,-1,-1,-1,-1,0,1,1,1,-1,-1,13,1,1,1,E01030804,3,1,0,1
2024451523772,2024,451523772,509716,158231,-0.4272,51.31262,45,3,2,1,30/11/2024,7,16:00,-1,E07000207,E10000030,E10000030,1,25,3,70,-1,0,-1,-1,-1,-1,-1,0,4,1,2,-1,-1,13,2,1,1,E01030302,3,1,0,1
2024451425097,2024,451425097,538293,152187,-0.01976,51.25209,45,1,2,1,26/03/2024,3,10:35,-1,E07000215,E10000030,E10000030,3,25,6,50,-1,0,-1,-1,-1,-1,-1,0,1,1,1,-1,-1,13,2,1,2,E01030838,1,1,0,0
2024451497078,2024,451497078,501388,165556,-0.54456,51.38001,45,2,2,1,28/09/2024,7,12:35,-1,E07000212,E10000030,E10000030,4,386,6,40,-1,0,-1,6,0,-1,-1,0,1,1,2,-1,-1,13,2,1,2,E01030677,7,1,1,0
2024451477995,2024,451477995,506145,172650,-0.47412,51.44291,45,3,2,1,09/08/2024,6,22:20,-1,E07000213,E10000030,E10000030,3,30,3,40,-1,13,2,4,378,-1,-1,15,4,1,1,-1,-1,13,1,1,1,E01030707,3,1,0,1
2024451433005,2024,451433005,491644,163481,-0.68507,51.36301,45,3,2,2,10/04/2024,4,21:25,-1,E07000214,E10000030,E10000030,3,322,3,50,-1,0,-1,6,0,-1,-1,0,6,1,2,-1,-1,13,2,1,2,E01030758,3,1,0,1
2024451485782,2024,451485782,511482,159691,-0.40142,51.3254,45,3,1,1,31/08/2024,7,15:24,-1,E07000207,E10000030,E10000030,3,245,6,30,-1,0,-1,6,0,-1,-1,0,1,1,1,-1,-1,13,1,1,2,E01030303,3,1,0,1
2024451494777,2024,451494777,500951,167538,-0.55028,51.3979,45,3,3,2,22/09/2024,1,18:30,-1,E07000212,E10000030,E10000030,1,3,3,50,-1,0,-1,-1,-1,-1,-1,0,1,1,2,-1,-1,13,2,3,1,E01030677,3,1,0,1
2024451457354,2024,451457354,499810,166686,-0.56691,51.39045,45,2,5,1,14/06/2024,6,10:50,-1,E07000212,E10000030,E10000030,1,3,3,70,-1,0,-1,-1,-1,-1,-1,0,1,1,1,-1,-1,13,2,1,1,E01030691,6,1,1,0
2024451497724,2024,451497724,507643,159433,-0.45657,51.32382,45,2,2,1,28/09/2024,7,17:50,-1,E07000209,E10000030,E10000030,1,25,3,70,-1,0,-1,1,25,-1,-1,0,1,1,1,-1,-1,13,2,3,1,E01030458,7,1,1,0
2024451429814,2024,451429814,509122,160761,-0.43495,51.33548,45,3,2,1,07/04/2024,1,14:51,-1,E07000207,E10000030,E10000030,3,1,3,50,-1,16,2,6,0,-1,-1,0,1,1,1,-1,-1,13,1,1,2,E01030346,3,1,0,1
2024451493570,2024,451493570,499547,156116,-0.57364,51.29548,45,3,2,1,19/09/2024,5,15:50,-1,E07000217,E10000030,E10000030,4,380,1,30,-1,-1,4,3,320,-1,-1,17,1,1,1,-1,-1,13,1,3,2,E01030987,3,1,0,1
2024451494640,2024,451494640,499799,166685,-0.56707,51.39044,45,2,3,2,20/09/2024,6,18:00,-1,E07000212,E10000030,E10000030,1,3,3,70,-1,0,-1,-1,-1,-1,-1,0,1,1,1,-1,-1,13,2,1,1,E01030691,6,1,1,0
2024451450238,2024,451450238,501067,157046,-0.55159,51.30357,45,3,1,1,31/05/2024,6,10:05,-1,E07000217,E10000030,E10000030,3,247,6,30,-1,-1,2,6,0,-1,-1,15,1,1,1,-1,-1,13,1,3,2,E01030972,3,1,0,1
2024451405718,2024,451405718,499190,149858,-0.5805,51.23929,45,2,1,1,02/02/2024,6,18:30,-1,E07000209,E10000030,E10000030,6,0,6,30,-1,0,-1,6,0,-1,-1,0,4,1,1,-1,-1,13,1,1,2,E01030452,7,1,1,0
2024451486925,2024,451486925,528696,153888,-0.15659,51.26962,45,3,2,2,03/09/2024,3,15:50,-1,E07000211,E10000030,E10000030,6,0,6,50,-1,0,-1,6,0,-1,-1,0,1,1,1,-1,-1,13,2,1,2,E01030598,3,1,0,1
2024451499856,2024,451499856,482778,145896,-0.81645,51.20629,45,3,2,1,05/10/2024,7,13:14,-1,E07000216,E10000030,E10000030,3,31,3,50,-1,-1,4,3,31,-1,-1,0,1,1,1,-1,-1,13,2,1,2,E01030905,3,1,0,1
2024451434254,2024,451434254,508333,159680,-0.4466,51.32591,45,3,2,1,22/04/2024,2,07:30,-1,E07000209,E10000030,E10000030,3,3,3,50,-1,0,-1,-1,-1,-1,-1,0,1,1,1,-1,-1,13,2,3,1,E01030458,3,1,0,1
2024451517570,2024,451517570,498740,145678,-0.58809,51.20179,45,3,2,2,04/11/2024,2,08:35,-1,E07000209,E10000030,E10000030,3,3100,6,40,-1,13,4,6,0,-1,-1,0,1,1,1,-1,-1,13,2,1,2,E01030478,3,1,0,1
2024451522841,2024,451522841,507821,158775,-0.45422,51.31788,45,3,2,2,28/11/2024,5,13:53,-1,E07000209,E10000030,E10000030,3,3,3,70,-1,0,-1,3,3,-1,-1,0,1,1,1,-1,-1,13,2,1,1,E01030458,3,1,0,1
2024451488945,2024,451488945,496419,164473,-0.61623,51.37114,45,3,2,1,09/09/2024,2,03:33,-1,E07000214,E10000030,E10000030,1,3,3,50,-1,0,-1,-1,-1,-1,-1,-1,7,2,2,-1,-1,13,2,3,1,E01030763,3,1,0,1
2024451486958,2024,451486958,528456,153819,-0.16005,51.26906,45,3,2,1,03/09/2024,3,17:00,-1,E07000211,E10000030,E10000030,6,0,6,50,-1,0,-1,6,0,-1,-1,0,1,1,1,-1,-1,13,2,1,2,E01030598,3,1,0,1
2024451439862,2024,451439862,528069,151401,-0.16646,51.24741,45,3,2,3,03/05/2024,6,15:35,-1,E07000211,E10000030,E10000030,3,23,6,30,-1,0,-1,6,0,-1,-1,15,1,1,1,-1,-1,13,1,3,2,E01030618,3,1,0,1
2024451431679,2024,451431679,507706,159379,-0.45568,51.32333,45,3,2,1,13/04/2024,7,07:05,-1,E07000209,E10000030,E10000030,1,25,7,70,-1,0,-1,1,25,-1,-1,0,1,1,1,-1,-1,13,2,1,1,E01030458,3,1,0,1
2024451539657,2024,451539657,541203,154130,0.02268,51.26884,45,2,3,2,25/11/2024,2,09:10,-1,E07000215,E10000030,E10000030,1,25,3,70,-1,0,-1,-1,-1,-1,-1,0,1,5,1,-1,-1,13,2,1,1,E01032571,6,1,1,0
2024451482691,2024,451482691,500490,167186,-0.557,51.39482,45,3,3,1,22/08/2024,5,07:27,-1,E07000212,E10000030,E10000030,1,3,3,70,-1,0,-1,-1,-1,-1,-1,0,1,1,1,-1,-1,13,2,1,1,E01030690,3,1,0,1
2024451439501,2024,451439501,506189,159907,-0.47729,51.32836,45,3,2,2,05/05/2024,1,23:06,-1,E07000209,E10000030,E10000030,1,25,3,70,-1,0,-1,-1,-1,-1,-1,0,4,1,1,-1,-1,13,2,1,1,E01030458,3,1,0,1
2024451495550,2024,451495550,518961,156257,-0.29528,51.29303,45,3,2,2,25/09/2024,4,03:05,-1,E07000210,E10000030,E10000030,1,25,3,70,-1,0,-1,-1,-1,-1,-1,0,4,1,1,-1,-1,13,2,1,1,E01030508,3,1,0,1
2024451487038,2024,451487038,530747,153202,-0.12745,51.26299,45,3,2,1,03/09/2024,3,23:04,-1,E07000211,E10000030,E10000030,1,23,3,70,-1,0,-1,-1,-1,-1,-1,0,4,1,1,-1,-1,13,2,1,1,E01030600,3,1,0,1
2024451468245,2024,451468245,508672,160043,-0.44162,51.32911,45,3,2,1,15/07/2024,2,14:31,-1,E07000207,E10000030,E10000030,3,3,3,50,-1,0,-1,6,0,-1,-1,0,1,8,2,-1,-1,13,2,3,1,E01030318,3,1,0,1
2024451412637,2024,451412637,508027,159325,-0.4511,51.32278,45,3,1,1,21/02/2024,4,20:00,-1,E07000209,E10000030,E10000030,3,3,1,50,-1,-1,2,1,25,-1,-1,0,4,2,2,-1,-1,13,2,1,1,E01030458,3,1,0,1
2024451399994,2024,451399994,509134,160754,-0.43478,51.33541,45,3,1,1,18/01/2024,5,07:40,-1,E07000207,E10000030,E10000030,6,0,6,40,-1,16,4,3,245,-1,-1,0,1,8,4,-1,-1,13,1,1,2,E01030346,3,1,0,1
2024451502639,2024,451502639,492818,163033,-0.66833,51.3588,45,3,3,1,11/10/2024,6,16:00,-1,E07000214,E10000030,E10000030,1,3,3,50,-1,0,-1,-1,-1,-1,-1,0,1,1,1,-1,-1,13,2,3,1,E01030809,3,1,0,1
2024451505909,2024,451505909,498016,165418,-0.59304,51.37936,45,3,2,1,19/10/2024,7,15:30,-1,E07000212,E10000030,E10000030,1,3,3,70,-1,0,-1,-1,-1,-1,-1,0,1,1,1,-1,-1,13,2,1,1,E01030679,3,1,0,1
2024451536223,2024,451536223,538667,154087,-0.01367,51.26907,45,3,2,1,22/12/2024,1,00:55,-1,E07000215,E10000030,E10000030,1,25,3,70,-1,0,-1,-1,-1,-1,-1,0,6,1,2,-1,-1,13,2,1,1,E01030837,3,1,0,1
2024451493852,2024,451493852,498957,150834,-0.58356,51.2481,45,3,2,1,19/09/2024,5,16:30,-1,E07000209,E10000030,E10000030,6,0,3,30,-1,0,-1,6,0,-1,-1,15,1,1,1,-1,-1,13,1,3,2,E01030452,3,1,0,1
2024451478846,2024,451478846,522582,160096,-0.24205,51.32676,45,3,2,1,10/08/2024,7,08:43,-1,E07000208,E10000030,E10000030,3,2022,6,30,-1,0,-1,4,288,-1,-1,0,1,1,1,-1,-1,13,1,1,2,E01030379,3,1,0,1
2024451439390,2024,451439390,493786,163049,-0.65442,51.35878,45,3,2,1,05/05/2024,1,16:42,-1,E07000214,E10000030,E10000030,1,3,3,70,-1,0,-1,-1,-1,-1,-1,0,1,2,2,-1,-1,13,2,1,1,E01030809,3,1,0,1
2024451504520,2024,451504520,530963,143444,-0.12792,51.17524,45,2,3,6,01/10/2024,3,03:22,-1,E07000215,E10000030,E10000030,1,23,3,70,-1,0,-1,-1,-1,-1,-1,0,4,1,1,-1,-1,13,2,1,1,E01030817,6,1,1,0
2024461522956,2024,461522956,575251,165299,0.51576,51.35973,46,3,2,1,28/11/2024,5,21:19,-1,E06000035,E06000035,E06000035,3,230,3,30,-1,13,4,6,0,-1,-1,0,4,1,2,-1,-1,13,1,1,2,E01016122,3,1,0,1
2024461440033,2024,461440033,636334,165624,1.39189,51.34054,46,3,5,3,07/05/2024,3,17:15,-1,E07000114,E10000016,E10000016,4,2050,6,30,-1,13,4,6,0,-1,-1,0,1,1,1,-1,-1,13,1,1,2,E01024684,3,1,0,1
2024461474921,2024,461474921,560619,172696,0.30914,51.43051,46,2,2,1,18/07/2024,5,14:53,-1,E07000107,E10000016,E10000016,3,2,3,70,-1,0,-1,-1,-1,-1,-1,0,1,1,1,-1,-1,13,2,1,1,E01035280,7,1,1,0
2024461494405,2024,461494405,613395,164805,1.06257,51.34226,46,3,2,1,21/09/2024,7,11:55,-1,E07000106,E10000016,E10000016,3,299,3,70,-1,0,-1,-1,-1,-1,-1,0,1,1,1,-1,-1,13,2,1,2,E01024056,3,1,0,1
2024461418782,2024,461418782,636618,149642,1.38539,51.19697,46,3,2,1,09/03/2024,7,13:59,-1,E07000108,E10000016,E10000016,3,258,6,30,-1,13,4,6,0,-1,-1,0,1,1,1,-1,-1,13,1,1,2,E01024236,3,1,0,1
2024461469413,2024,461469413,575302,158720,0.51326,51.30061,46,2,2,2,09/07/2024,3,21:57,-1,E07000110,E10000016,E10000016,1,20,7,40,-1,0,-1,3,229,-1,-1,0,4,2,2,-1,-1,13,2,3,1,E01024335,5,1,1,0
2024461496532,2024,461496532,566193,153908,0.38048,51.26011,46,3,2,1,16/09/2024,2,18:01,-1,E07000115,E10000016,E10000016,3,228,6,30,-1,0,-1,-1,-1,-1,-1,0,1,1,1,-1,-1,13,2,3,2,E01024746,3,1,0,1
2024461471695,2024,461471695,566056,159346,0.38105,51.30901,46,3,3,2,24/07/2024,4,11:09,-1,E07000115,E10000016,E10000016,1,20,3,70,-1,0,-1,-1,-1,-1,-1,0,1,1,1,-1,-1,13,2,1,1,E01032829,3,1,0,1
2024461488881,2024,461488881,551188,172919,0.17368,51.4351,46,3,2,1,03/09/2024,3,07:35,-1,E07000107,E10000016,E10000016,3,2018,1,20,-1,-1,4,6,0,-1,-1,14,1,1,1,-1,-1,13,2,3,2,E01024152,3,1,0,1
2024461493716,2024,461493716,549476,156858,0.14232,51.29124,46,3,2,1,20/09/2024,6,04:20,-1,E07000111,E10000016,E10000016,1,25,3,70,-1,0,-1,-1,-1,-1,-1,0,4,1,1,-1,-1,13,2,1,1,E01024416,3,1,0,1
2024461487819,2024,461487819,544169,154738,0.06541,51.27356,46,3,2,1,05/09/2024,5,21:50,-1,E07000111,E10000016,E10000016,1,25,3,70,-1,0,-1,-1,-1,-1,-1,0,6,2,2,-1,-1,13,2,1,1,E01024483,3,1,0,1
2024461496552,2024,461496552,567765,172761,0.41187,51.42902,46,2,1,1,24/09/2024,3,22:02,-1,E07000109,E10000016,E10000016,3,226,3,50,-1,0,-1,6,0,-1,-1,0,7,1,2,-1,-1,13,1,1,2,E01024261,7,1,1,0
2024461420460,2024,461420460,557647,143791,0.25366,51.17164,46,2,2,1,13/03/2024,4,19:25,-1,E07000116,E10000016,E10000016,3,26,6,40,-1,0,-1,4,2176,-1,-1,0,4,8,1,-1,-1,13,2,1,2,E01024850,7,1,1,0
2024461499911,2024,461499911,558406,172705,0.27734,51.43121,46,3,2,2,14/09/2024,7,11:30,-1,E07000107,E10000016,E10000016,3,2,7,70,-1,0,-1,3,2,-1,-1,0,1,1,1,-1,-1,13,2,1,1,E01024134,3,1,0,1
2024461415510,2024,461415510,558900,172702,0.28443,51.43104,46,3,2,5,28/02/2024,4,21:29,-1,E07000107,E10000016,E10000016,3,2,3,70,-1,0,-1,3,2,-1,-1,0,4,1,1,-1,-1,13,2,1,1,E01024134,3,1,0,1
2024461513343,2024,461513343,564396,166663,0.36063,51.37522,46,3,2,1,01/11/2024,6,22:05,-1,E07000109,E10000016,E10000016,3,227,3,30,-1,13,2,4,260,-1,-1,0,4,4,1,-1,-1,13,2,3,2,E01024271,3,1,0,1
2024461445275,2024,461445275,636783,170104,1.4013,51.38057,46,3,2,1,20/05/2024,2,15:15,-1,E07000114,E10000016,E10000016,4,2052,6,30,-1,0,-1,6,0,-1,-1,0,1,1,1,-1,-1,13,1,1,2,E01024665,3,1,0,1
2024461479240,2024,461479240,638258,165440,1.41933,51.33809,46,3,6,1,11/08/2024,1,11:15,-1,E07000114,E10000016,E10000016,3,255,6,30,-1,13,4,6,0,-1,-1,0,1,1,1,-1,-1,13,1,1,2,E01024670,3,1,0,1
2024461402975,2024,461402975,577829,169312,0.55476,51.39497,46,3,2,1,26/01/2024,6,12:40,-1,E06000035,E06000035,E06000035,3,289,3,40,-1,13,2,6,0,-1,-1,15,1,1,1,-1,-1,13,1,1,2,E01035295,3,1,0,1
2024461526436,2024,461526436,635481,147207,1.36755,51.17558,46,3,3,4,05/12/2024,5,22:05,-1,E07000108,E10000016,E10000016,3,258,6,50,-1,0,-1,6,0,-1,-1,0,6,2,2,-1,-1,13,2,1,2,E01024236,3,1,0,1
2024461477494,2024,461477494,575679,151295,0.51502,51.2338,46,2,2,1,08/08/2024,5,17:17,-1,E07000110,E10000016,E10000016,3,229,6,40,-1,13,4,6,0,-1,-1,0,1,2,2,-1,-1,13,1,1,2,E01024376,7,1,1,0
2024461430691,2024,461430691,584298,160982,0.64333,51.31809,46,2,2,1,03/04/2024,4,17:00,-1,E07000110,E10000016,E10000016,3,249,3,50,-1,0,-1,-1,-1,-1,-1,0,1,1,1,-1,-1,13,2,3,2,E01024387,5,1,1,0
2024461492683,2024,461492683,636264,171317,1.39466,51.39167,46,2,2,1,17/09/2024,3,22:00,-1,E07000114,E10000016,E10000016,4,2051,6,30,-1,0,-1,6,0,-1,-1,0,4,1,1,-1,-1,13,1,1,2,E01024657,7,1,1,0
2024461424651,2024,461424651,585992,162107,0.6682,51.32764,46,2,3,1,25/03/2024,2,08:30,-1,E07000113,E10000016,E10000016,1,2,3,70,-1,0,-1,1,2,-1,-1,0,1,1,1,-1,-1,13,2,1,1,E01024554,5,1,1,0
2024461469105,2024,461469105,584844,161428,0.65139,51.32192,46,3,2,1,08/07/2024,2,15:30,-1,E07000110,E10000016,E10000016,3,249,3,50,-1,0,-1,6,0,-1,-1,0,1,1,1,-1,-1,13,2,3,2,E01024387,3,1,0,1
2024461400562,2024,461400562,598317,159837,0.84361,51.3031,46,3,1,1,20/01/2024,7,02:22,-1,E07000113,E10000016,E10000016,1,2,3,70,-1,0,-1,-1,-1,-1,-1,0,6,1,4,-1,-1,13,2,1,1,E01024565,3,1,0,1
2024461485821,2024,461485821,590798,167452,0.73996,51.37406,46,3,2,1,31/08/2024,7,17:09,-1,E07000113,E10000016,E10000016,3,249,3,70,-1,0,-1,-1,-1,-1,-1,0,1,1,1,-1,-1,13,2,1,1,E01032655,3,1,0,1
2024461496010,2024,461496010,550396,157416,0.15574,51.29601,46,3,4,1,25/09/2024,4,13:25,-1,E07000111,E10000016,E10000016,1,26,3,70,-1,0,-1,-1,-1,-1,-1,0,1,1,1,-1,-1,13,2,1,1,E01024416,3,1,0,1
2024461451045,2024,461451045,597173,159247,0.8269,51.2982,46,3,2,3,02/06/2024,1,11:44,-1,E07000113,E10000016,E10000016,1,2,3,50,-1,0,-1,-1,-1,-1,-1,0,6,1,1,-1,-1,13,2,1,1,E01024622,3,1,0,1
2024461420024,2024,461420024,554646,156778,0.21637,51.28914,46,3,2,1,12/03/2024,3,18:30,-1,E07000111,E10000016,E10000016,3,25,6,30,-1,0,-1,6,0,-1,-1,0,4,2,2,-1,-1,13,1,1,2,E01024457,3,1,0,1
2024461530215,2024,461530215,572626,158504,0.47481,51.29949,46,3,2,2,12/12/2024,5,21:48,-1,E07000115,E10000016,E10000016,1,20,3,70,-1,0,-1,-1,-1,-1,-1,0,7,1,2,-1,-1,13,2,1,1,E01024717,3,1,0,1
2024461487797,2024,461487797,554851,175741,0.22757,51.45947,46,3,2,1,05/09/2024,5,18:10,-1,E07000107,E10000016,E10000016,3,206,3,50,-1,0,-1,-1,-1,-1,-1,0,1,1,1,-1,-1,13,2,1,2,E01035272,3,1,0,1
2024461417893,2024,461417893,562282,173207,0.33327,51.43462,46,2,2,2,05/03/2024,3,23:27,-1,E07000109,E10000016,E10000016,4,262,6,30,-1,19,4,6,0,-1,-1,0,4,1,1,-1,-1,13,1,1,2,E01035285,6,1,1,0
2024461456934,2024,461456934,603623,159493,0.91943,51.29814,46,2,2,2,16/06/2024,1,17:00,-1,E07000113,E10000016,E10000016,1,2,3,70,-1,0,-1,1,2,-1,-1,0,1,1,1,-1,-1,13,2,1,1,E01024558,7,1,1,0
2024461483052,2024,461483052,558272,141022,0.26138,51.14658,46,3,2,1,23/08/2024,6,12:23,-1,E07000116,E10000016,E10000016,3,26,6,30,-1,13,4,6,0,-1,-1,0,1,1,1,-1,-1,13,1,1,2,E01024838,3,1,0,1
2024461455157,2024,461455157,580389,164321,0.58899,51.34933,46,2,2,1,20/05/2024,2,16:52,-1,E06000035,E06000035,E06000035,6,0,6,30,-1,0,-1,6,0,-1,-1,0,1,1,1,-1,-1,13,1,3,2,E01016105,7,1,1,0
2024461451717,2024,461451717,616160,157747,1.09793,51.27784,46,2,1,2,01/06/2024,7,16:05,-1,E07000106,E10000016,E10000016,3,257,6,30,-1,13,4,6,0,-1,-1,14,1,1,1,-1,-1,13,1,1,2,E01024049,7,1,1,0
2024461414000,2024,461414000,584330,160989,0.64379,51.31814,46,1,1,3,24/02/2024,7,18:45,-1,E07000110,E10000016,E10000016,3,249,3,70,-1,0,-1,-1,-1,-1,-1,0,6,1,2,-1,-1,13,2,1,2,E01024387,1,1,0,0
2024461510692,2024,461510692,553916,173473,0.21313,51.43935,46,2,2,1,22/10/2024,3,12:30,-1,E07000107,E10000016,E10000016,6,0,6,30,-1,0,-1,6,0,-1,-1,0,1,1,1,-1,-1,13,1,3,2,E01024165,7,1,1,0
2024461483262,2024,461483262,590103,164434,0.72837,51.34719,46,2,1,1,24/08/2024,7,03:37,-1,E07000113,E10000016,E10000016,4,2006,1,30,-1,-1,4,4,2006,-1,-1,0,4,2,2,-1,-1,13,1,1,2,E01024561,6,1,1,0
2024461407212,2024,461407212,585081,162628,0.65541,51.33262,46,3,3,1,30/01/2024,3,20:20,-1,E07000113,E10000016,E10000016,1,2,3,70,-1,0,-1,1,2,-1,-1,0,6,1,1,-1,-1,13,2,1,1,E01024570,3,1,0,1
2024461494602,2024,461494602,565743,158496,0.37617,51.30146,46,3,2,1,21/09/2024,7,23:00,-1,E07000115,E10000016,E10000016,3,20,6,60,-1,0,-1,6,0,-1,-1,0,6,2,2,-1,-1,13,2,1,2,E01032620,3,1,0,1
2024461414337,2024,461414337,548966,155495,0.13444,51.27913,46,3,2,1,26/02/2024,2,18:53,-1,E07000111,E10000016,E10000016,3,25,6,30,-1,0,-1,-1,-1,-1,-1,0,6,1,1,-1,-1,13,2,1,2,E01024417,3,1,0,1
2024471458594,2024,471458594,522389,105137,-0.26341,50.83284,47,2,1,1,21/06/2024,6,21:30,-1,E07000223,E10000032,E10000032,3,259,6,40,-1,0,-1,-1,-1,-1,-1,0,4,1,1,-1,-1,13,1,1,2,E01031366,5,1,1,0
2024471517906,2024,471517906,562358,100494,0.30167,50.7813,47,3,2,1,18/11/2024,2,13:00,-1,E07000061,E10000011,E10000011,3,259,6,30,-1,13,4,6,0,-1,-1,15,1,1,1,-1,-1,13,1,3,2,E01020913,3,1,0,1
2024471493520,2024,471493520,499703,101666,-0.58639,50.80598,47,3,1,1,19/09/2024,5,14:25,-1,E07000224,E10000032,E10000032,3,259,6,60,-1,18,4,6,0,-1,-1,0,1,1,1,-1,-1,13,2,1,2,E01031470,3,1,0,1
2024471482842,2024,471482842,546587,113345,0.08327,50.90098,47,3,2,3,22/08/2024,5,21:00,-1,E07000063,E10000011,E10000011,4,2192,6,60,-1,0,-1,-1,-1,-1,-1,0,6,2,2,-1,-1,13,2,1,2,E01021054,3,1,0,1
2024471469817,2024,471469817,518876,133429,-0.30404,51.08787,47,3,2,2,19/07/2024,6,14:00,-1,E07000227,E10000032,E10000032,3,264,3,50,-1,-1,4,3,264,-1,-1,0,1,1,1,-1,-1,13,2,1,2,E01031650,3,1,0,1
2024471409622,2024,471409622,520799,106412,-0.28556,50.84463,47,3,3,1,13/02/2024,3,23:33,-1,E07000223,E10000032,E10000032,3,27,7,70,-1,0,-1,3,27,-1,-1,0,6,2,2,-1,-1,13,2,1,1,E01031340,3,1,0,1
2024471469377,2024,471469377,527341,135979,-0.18234,51.10897,47,3,2,1,18/07/2024,5,10:57,-1,E07000226,E10000032,E10000032,3,2004,6,30,-1,0,-1,6,0,-1,-1,0,1,8,1,-1,-1,13,1,1,2,E01031563,3,1,0,1
2024471500499,2024,471500499,488515,102349,-0.74496,50.81394,47,3,2,2,07/10/2024,2,09:30,-1,E07000225,E10000032,E10000032,4,2166,6,30,-1,0,-1,6,0,-1,-1,0,1,1,1,-1,-1,13,2,2,2,E01035327,3,1,0,1
2024471481497,2024,471481497,513619,134573,-0.37871,51.09921,47,3,3,2,19/08/2024,2,11:20,-1,E07000227,E10000032,E10000032,3,29,6,60,-1,0,-1,6,0,-1,-1,0,1,1,1,-1,-1,13,2,1,2,E01031658,3,1,0,1
2024471439062,2024,471439062,514241,104185,-0.37936,50.82594,47,3,2,1,03/05/2024,6,15:40,-1,E07000229,E10000032,E10000032,6,0,6,30,-1,0,-1,6,0,-1,-1,0,1,1,1,-1,-1,13,1,3,2,E01031799,3,1,0,1
2024471411756,2024,471411756,509121,103439,-0.45225,50.82022,47,3,2,1,19/02/2024,2,18:20,-1,E07000224,E10000032,E10000032,3,259,3,30,-1,0,-1,6,0,-1,-1,0,4,1,1,-1,-1,13,1,1,2,E01031423,3,1,0,1
2024471402313,2024,471402313,541437,136813,0.01921,51.11316,47,3,3,1,24/01/2024,4,16:51,-1,E07000228,E10000032,E10000032,3,22,6,30,-1,13,4,6,0,-1,-1,0,4,1,1,-1,-1,13,1,1,2,E01031695,3,1,0,1
2024471465024,2024,471465024,532827,123937,-0.10844,50.9995,47,2,2,1,08/07/2024,2,18:40,-1,E07000228,E10000032,E10000032,4,2272,6,30,-1,0,-1,-1,-1,-1,-1,17,1,2,2,-1,-1,13,1,1,2,E01035348,7,1,1,0
2024471417438,2024,471417438,547390,120431,0.09754,50.96445,47,3,3,4,05/03/2024,3,18:30,-1,E07000065,E10000011,E10000011,6,0,6,30,-1,19,4,6,0,-1,-1,0,4,2,2,-1,-1,13,1,1,2,E01021221,3,1,0,1
2024471480069,2024,471480069,486501,102261,-0.77356,50.81345,47,2,1,1,15/08/2024,5,11:25,-1,E07000225,E10000032,E10000032,4,2145,6,30,-1,0,-1,6,0,-1,-1,0,1,1,1,-1,-1,13,2,1,2,E01031530,7,1,1,0
2024471487645,2024,471487645,517119,105104,-0.33823,50.83363,47,3,3,1,05/09/2024,5,07:58,-1,E07000223,E10000032,E10000032,6,0,6,30,-1,13,4,6,0,-1,-1,14,1,2,2,-1,-1,13,1,1,2,E01031344,3,1,0,1
2024471410448,2024,471410448,581158,115051,0.57527,50.9065,47,3,1,2,16/02/2024,6,00:27,-1,E07000064,E10000011,E10000011,3,28,6,30,-1,0,-1,6,0,-1,-1,0,6,1,1,-1,-1,13,2,1,2,E01021089,3,1,0,1
2024471531678,2024,471531678,546195,113105,0.0776,50.89892,47,3,3,1,18/12/2024,4,09:05,-1,E07000063,E10000011,E10000011,4,2192,6,30,-1,0,-1,6,0,-1,-1,0,1,2,2,-1,-1,13,2,3,2,E01021054,3,1,0,1
2024471488286,2024,471488286,546298,120975,0.08222,50.96962,47,3,3,3,06/09/2024,6,19:04,-1,E07000065,E10000011,E10000011,4,2102,6,40,-1,0,-1,6,0,-1,-1,0,1,1,1,-1,-1,13,1,1,2,E01021219,3,1,0,1
2024471497237,2024,471497237,489475,99422,-0.73205,50.78747,47,3,3,2,28/09/2024,7,22:20,-1,E07000224,E10000032,E10000032,6,0,6,60,-1,0,-1,6,0,-1,-1,0,6,1,1,-1,-1,13,2,1,2,E01031445,3,1,0,1
2024471455982,2024,471455982,489818,99413,-0.72719,50.78734,47,2,2,1,14/06/2024,6,16:00,-1,E07000224,E10000032,E10000032,6,0,6,30,-1,0,-1,6,0,-1,-1,0,1,1,2,-1,-1,13,1,1,2,E01031445,5,1,1,0
2024471512379,2024,471512379,484077,106706,-0.80694,50.85377,47,3,2,2,04/11/2024,2,18:28,-1,E07000225,E10000032,E10000032,4,2178,6,40,-1,19,4,6,0,-1,-1,0,6,1,1,-1,-1,13,2,1,2,E01035323,3,1,0,1
2024471492311,2024,471492311,562444,120415,0.31173,50.96027,47,3,4,2,17/09/2024,3,07:30,-1,E07000065,E10000011,E10000011,4,2096,6,30,-1,0,-1,6,0,-1,-1,0,1,1,1,-1,-1,13,2,1,2,E01021189,3,1,0,1
2024471515194,2024,471515194,532649,109432,-0.11625,50.86918,47,3,3,2,12/11/2024,3,09:31,-1,E06000043,E06000043,E06000043,6,0,6,40,-1,0,-1,6,0,-1,-1,0,1,1,1,-1,-1,13,2,1,2,E01016899,3,1,0,1
2024471416303,2024,471416303,539257,109344,-0.02243,50.86684,47,3,3,1,02/03/2024,7,18:15,-1,E07000063,E10000011,E10000011,3,27,1,50,-1,-1,2,6,0,-1,-1,0,4,1,2,-1,-1,13,2,3,1,E01021041,3,1,0,1
2024471404573,2024,471404573,567588,114525,0.38221,50.90587,47,3,2,2,30/01/2024,3,17:00,-1,E07000064,E10000011,E10000011,6,0,6,60,-1,13,4,6,0,-1,-1,0,1,1,1,-1,-1,13,2,3,2,E01021096,3,1,0,1
2024471496905,2024,471496905,531442,104567,-0.13513,50.82573,47,3,1,1,28/09/2024,7,00:01,-1,E06000043,E06000043,E06000043,3,23,6,20,-1,13,4,6,0,-1,-1,14,4,1,1,-1,-1,13,1,1,2,E01016947,3,1,0,1
2024471495175,2024,471495175,514862,102840,-0.37097,50.81373,47,3,2,1,23/09/2024,2,07:00,-1,E07000229,E10000032,E10000032,6,0,6,30,-1,13,4,6,0,-1,-1,0,1,2,2,-1,-1,13,1,2,2,E01031788,3,1,0,1
2024471494317,2024,471494317,498006,102849,-0.61015,50.81691,47,3,1,1,21/09/2024,7,18:20,-1,E07000224,E10000032,E10000032,4,2132,6,30,-1,0,-1,6,0,-1,-1,0,1,1,1,-1,-1,13,2,3,2,E01031471,3,1,0,1
2024471478865,2024,471478865,600414,118920,0.85093,50.9349,47,1,2,1,12/08/2024,2,12:23,-1,E07000064,E10000011,E10000011,6,0,6,60,-1,0,-1,-1,-1,-1,-1,0,1,1,1,-1,-1,13,2,1,2,E01021103,1,1,0,0
2024471503673,2024,471503673,533953,108229,-0.09817,50.85807,47,3,2,1,14/10/2024,2,16:15,-1,E06000043,E06000043,E06000043,3,270,7,30,-1,0,-1,6,0,-1,-1,0,1,1,2,-1,-1,13,2,1,2,E01016914,3,1,0,1
2024471497492,2024,471497492,571688,107935,0.43737,50.84546,47,3,3,1,29/09/2024,1,19:14,-1,E07000064,E10000011,E10000011,3,259,6,30,-1,0,-1,6,0,-1,-1,0,5,2,2,-1,-1,13,1,1,1,E01021106,3,1,0,1
2024471516608,2024,471516608,570208,107784,0.4163,50.84454,47,3,1,1,14/11/2024,5,05:40,-1,E07000064,E10000011,E10000011,3,259,6,40,-1,0,-1,6,0,-1,-1,0,4,1,2,-1,-1,13,1,1,1,E01021125,3,1,0,1
2024471510603,2024,471510603,514673,103982,-0.3733,50.82403,47,2,2,1,30/10/2024,4,17:25,-1,E07000229,E10000032,E10000032,3,24,3,30,-1,16,4,6,0,-1,-1,14,4,1,1,-1,-1,13,1,1,2,E01031798,7,1,1,0
2024471463111,2024,471463111,563958,104530,0.32615,50.81711,47,2,2,1,28/06/2024,6,20:00,-1,E07000065,E10000011,E10000011,4,2191,6,30,-1,0,-1,6,0,-1,-1,13,1,1,1,-1,-1,13,2,3,2,E01021206,5,1,1,0
2024471453738,2024,471453738,527208,105430,-0.19492,50.83443,47,3,2,1,06/06/2024,5,15:01,-1,E06000043,E06000043,E06000043,6,0,6,30,-1,13,9,6,0,-1,-1,-1,1,9,9,-1,-1,13,1,3,2,E01016993,3,1,0,1
2024471418860,2024,471418860,581420,109397,0.57619,50.85563,47,3,2,2,08/03/2024,6,18:00,-1,E07000062,E10000011,E10000011,3,21,6,30,-1,0,-1,6,0,-1,-1,14,4,1,1,-1,-1,13,1,3,2,E01020979,3,1,0,1
2024471410742,2024,471410742,497434,106863,-0.6172,50.85309,47,2,2,2,15/02/2024,5,10:10,-1,E07000224,E10000032,E10000032,3,27,3,70,-1,-1,4,4,2132,-1,-1,0,1,1,2,-1,-1,13,2,1,1,E01031465,5,1,1,0
2024471435682,2024,471435682,534769,129320,-0.07878,51.04743,47,3,2,1,25/04/2024,5,16:00,-1,E07000228,E10000032,E10000032,6,0,6,20,-1,13,4,6,0,-1,-1,0,1,1,1,-1,-1,13,2,3,2,E01031694,3,1,0,1
2024471486681,2024,471486681,519696,105818,-0.30142,50.83952,47,3,2,2,01/09/2024,1,10:40,-1,E07000223,E10000032,E10000032,3,27,1,70,-1,-1,2,3,27,-1,-1,15,1,1,1,-1,-1,13,2,1,2,E01031358,3,1,0,1
2024471461256,2024,471461256,514990,103972,-0.3688,50.82388,47,3,2,1,27/06/2024,5,15:30,-1,E07000229,E10000032,E10000032,6,0,6,30,-1,13,2,6,0,-1,-1,0,1,1,1,-1,-1,13,1,2,2,E01031780,3,1,0,1
2024471456951,2024,471456951,523006,106501,-0.2542,50.84497,47,2,3,1,16/06/2024,1,12:50,-1,E07000223,E10000032,E10000032,3,27,3,70,-1,0,-1,-1,-1,-1,-1,0,5,1,1,-1,-1,13,2,1,1,E01031338,7,1,1,0
2024471420479,2024,471420479,485025,99638,-0.79511,50.79009,47,3,2,1,13/03/2024,4,19:15,-1,E07000225,E10000032,E10000032,4,2145,6,30,-1,13,4,6,0,-1,-1,0,5,1,2,-1,-1,13,2,1,2,E01031529,3,1,0,1
2024501462944,2024,501462944,261227,95285,-3.96812,50.74055,50,3,1,1,27/06/2024,5,23:39,-1,E07000047,E10000008,E10000008,4,3260,6,40,-1,13,4,3,30,-1,-1,0,4,1,1,-1,-1,13,2,1,2,E01034643,3,1,0,1
2024501521320,2024,501521320,294535,91785,-3.49526,50.71609,50,2,1,1,25/11/2024,2,14:45,-1,E07000041,E10000008,E10000008,6,0,6,20,-1,0,-1,6,0,-1,-1,17,1,1,1,-1,-1,13,1,3,2,E01020014,7,1,1,0
2024501424950,2024,501424950,280855,60295,-3.67885,50.43038,50,3,1,1,26/03/2024,3,11:00,-1,E07000044,E10000008,E10000008,6,0,6,30,-1,0,-1,6,0,-1,-1,0,1,1,1,-1,-1,13,2,1,2,E01020180,3,1,0,1
2024501490361,2024,501490361,284419,101078,-3.64141,50.7977,50,2,2,1,14/07/2024,1,17:30,-1,E07000042,E10000008,E10000008,3,3072,6,30,-1,0,-1,6,0,-1,-1,0,1,4,1,-1,-1,13,2,1,2,E01020069,7,1,1,0
2024501454357,2024,501454357,264467,129673,-3.935,51.05037,50,3,1,2,10/06/2024,2,15:41,-1,E07000043,E10000008,E10000008,3,361,6,60,-1,0,-1,-1,-1,-1,-1,0,1,1,1,-1,-1,13,2,1,2,E01020131,3,1,0,1
2024501516015,2024,501516015,290374,62882,-3.54564,50.4555,50,2,1,2,13/11/2024,4,23:33,-1,E06000027,E06000027,E06000027,3,3022,6,30,-1,0,-1,6,0,-1,-1,17,4,1,1,-1,-1,13,1,1,2,E01015208,5,1,1,0
2024501398263,2024,501398263,177756,45139,-5.11973,50.26431,50,3,2,1,14/01/2024,1,16:24,-1,E06000052,E06000052,E06000052,3,390,6,30,-1,0,-1,3,390,-1,-1,15,4,1,1,-1,-1,13,2,1,2,E01018819,3,1,0,1
2024501414788,2024,501414788,262019,130521,-3.97022,51.0574,50,3,2,1,27/02/2024,3,18:38,-1,E07000043,E10000008,E10000008,3,361,6,60,-1,0,-1,-1,-1,-1,-1,0,6,2,2,-1,-1,13,2,1,2,E01020120,3,1,0,1
2024501407155,2024,501407155,227370,82235,-4.44144,50.61422,50,3,3,2,07/02/2024,4,09:10,-1,E06000052,E06000052,E06000052,3,30,3,70,-1,0,-1,3,30,-1,-1,0,1,1,2,-1,-1,13,2,1,1,E01018965,3,1,0,1
2024501432398,2024,501432398,263648,55649,-3.91929,50.38488,50,3,2,2,09/04/2024,3,20:30,-1,E07000044,E10000008,E10000008,3,38,7,70,-1,-1,4,3,38,-1,-1,0,6,1,1,-1,-1,13,2,2,1,E01020160,3,1,0,1
2024501509435,2024,501509435,173265,45747,-5.18301,50.26806,50,3,1,1,28/10/2024,2,09:07,-1,E06000052,E06000052,E06000052,6,0,6,40,-1,0,-1,6,0,-1,-1,0,1,2,2,-1,-1,13,2,1,2,E01018820,3,1,0,1
2024501502143,2024,501502143,250219,61393,-4.11035,50.43323,50,3,1,2,10/10/2024,5,10:30,-1,E06000026,E06000026,E06000026,3,386,1,30,-1,-1,4,6,0,-1,-1,0,1,1,1,-1,-1,13,1,1,2,E01015097,3,1,0,1
2024501454899,2024,501454899,146548,31269,-5.54753,50.12724,50,3,4,1,11/06/2024,3,11:29,-1,E06000052,E06000052,E06000052,3,30,6,50,-1,0,-1,-1,-1,-1,-1,0,1,1,1,-1,-1,13,1,1,2,E01018976,3,1,0,1
2024501511419,2024,501511419,250222,61418,-4.11032,50.43346,50,3,2,1,01/11/2024,6,09:35,-1,E06000026,E06000026,E06000026,3,386,1,30,-1,-1,4,6,0,-1,-1,0,1,1,1,-1,-1,13,1,3,2,E01015097,3,1,0,1
2024501522950,2024,501522950,245892,58912,-4.17021,50.40981,50,3,6,1,28/11/2024,5,18:42,-1,E06000026,E06000026,E06000026,3,38,3,70,-1,0,-1,-1,-1,-1,-1,0,6,2,2,-1,-1,13,2,1,1,E01015148,3,1,0,1
2024501494953,2024,501494953,179808,50742,-5.09425,50.3154,50,3,1,1,12/09/2024,5,11:15,-1,E06000052,E06000052,E06000052,6,0,6,40,-1,0,-1,6,0,-1,-1,0,1,1,1,-1,-1,13,2,3,2,E01018843,3,1,0,1
2024501520762,2024,501520762,233087,83659,-4.36134,50.62868,50,1,3,2,24/11/2024,1,07:30,-1,E06000052,E06000052,E06000052,3,30,3,70,-1,0,-1,-1,-1,-1,-1,0,1,5,2,-1,-1,13,2,1,1,E01034848,1,1,0,0
2024501498770,2024,501498770,295015,93616,-3.48898,50.73264,50,3,2,1,02/10/2024,4,14:50,-1,E07000041,E10000008,E10000008,4,3212,6,30,-1,0,-1,6,0,-1,-1,0,1,1,1,-1,-1,13,1,3,2,E01020037,3,1,0,1
2024501424311,2024,501424311,266399,129470,-3.90737,51.049,50,3,2,1,24/03/2024,1,18:53,-1,E07000043,E10000008,E10000008,3,361,6,60,-1,0,-1,-1,-1,-1,-1,0,6,1,1,-1,-1,13,2,1,2,E01020131,3,1,0,1
2024501410873,2024,501410873,278485,57203,-3.7112,50.4021,50,3,2,2,16/02/2024,6,20:15,-1,E07000044,E10000008,E10000008,3,381,6,60,-1,13,4,6,0,-1,-1,0,6,2,2,-1,-1,13,2,1,2,E01020143,3,1,0,1
2024501431000,2024,501431000,232931,83422,-4.36344,50.6265,50,3,2,3,03/04/2024,4,16:50,-1,E06000052,E06000052,E06000052,6,0,6,60,-1,0,-1,6,0,-1,-1,0,1,2,2,-1,-1,13,2,2,2,E01034848,3,1,0,1
2024501462814,2024,501462814,251717,52721,-4.08585,50.35567,50,3,2,1,02/07/2024,3,07:40,-1,E06000026,E06000026,E06000026,6,0,6,30,-1,19,2,6,0,-1,-1,0,1,1,1,-1,-1,13,1,3,2,E01015140,3,1,0,1
2024501515044,2024,501515044,271740,127135,-3.83039,51.02923,50,3,2,1,12/11/2024,3,05:30,-1,E07000043,E10000008,E10000008,3,361,6,60,-1,0,-1,-1,-1,-1,-1,0,6,1,1,-1,-1,13,2,1,2,E01020136,3,1,0,1
2024501404523,2024,501404523,171564,43797,-5.20566,50.2499,50,3,2,1,30/01/2024,3,17:10,-1,E06000052,E06000052,E06000052,3,3047,6,40,-1,0,-1,6,0,-1,-1,0,1,1,1,-1,-1,13,2,1,2,E01018912,3,1,0,1
2024501414358,2024,501414358,308437,89724,-3.29788,50.69992,50,3,2,1,26/02/2024,2,18:30,-1,E07000040,E10000008,E10000008,3,3052,6,30,-1,18,4,6,0,-1,-1,0,4,1,1,-1,-1,13,2,1,2,E01019937,3,1,0,1
2024501517750,2024,501517750,244273,125912,-4.22127,51.01145,50,3,2,1,18/11/2024,2,11:44,-1,E07000046,E10000008,E10000008,6,0,6,30,-1,0,-1,6,0,-1,-1,0,1,2,2,-1,-1,13,1,1,2,E01020285,3,1,0,1
2024501448958,2024,501448958,183803,53656,-5.03989,50.34304,50,3,2,2,28/05/2024,3,10:45,-1,E06000052,E06000052,E06000052,3,30,6,60,-1,0,-1,-1,-1,-1,-1,0,1,1,2,-1,-1,13,2,1,1,E01018815,3,1,0,1
2024501510907,2024,501510907,243418,127218,-4.23401,51.02295,50,3,3,1,31/10/2024,5,12:30,-1,E07000046,E10000008,E10000008,3,39,6,60,-1,0,-1,-1,-1,-1,-1,0,1,1,1,-1,-1,13,2,1,2,E01020283,3,1,0,1
2024501414740,2024,501414740,249981,70548,-4.11737,50.51545,50,3,2,1,27/02/2024,3,12:48,-1,E07000047,E10000008,E10000008,3,386,6,60,-1,0,-1,6,0,-1,-1,0,1,1,1,-1,-1,13,2,1,2,E01020341,3,1,0,1
2024501434530,2024,501434530,263584,129925,-3.94768,51.05242,50,2,2,1,12/04/2024,6,12:31,-1,E07000043,E10000008,E10000008,3,361,6,60,-1,0,-1,-1,-1,-1,-1,0,1,1,1,-1,-1,13,2,1,2,E01020120,5,1,1,0
2024501433957,2024,501433957,317504,91956,-3.17003,50.72135,50,3,1,1,20/04/2024,7,21:20,-1,E07000040,E10000008,E10000008,6,0,6,60,-1,0,-1,-1,-1,-1,-1,0,6,1,1,-1,-1,13,2,1,2,E01019901,3,1,0,1
2024501419039,2024,501419039,290355,62805,-3.54589,50.4548,50,3,2,1,10/03/2024,1,14:55,-1,E06000027,E06000027,E06000027,3,3022,6,30,-1,0,-1,6,0,-1,-1,15,1,2,2,-1,-1,13,1,1,2,E01015208,3,1,0,1
2024522402039,2024,522402039,367391,184432,-2.47176,51.55782,52,2,2,2,25/06/2024,3,07:40,-1,E06000025,E06000025,E06000025,4,4059,6,30,3,13,4,6,0,0,0,0,1,1,1,4,0,13,2,1,2,E01014929,-1,0,1,0
2024520402186,2024,520402186,363509,129891,-2.52216,51.06718,52,3,2,1,04/07/2024,5,14:00,-1,E06000066,E06000066,E06000066,3,359,6,40,0,0,-1,0,-1,0,0,0,6,1,1,4,0,13,2,1,2,E01029166,-1,0,0.27435,0.72565
2024522402072,2024,522402072,359094,172569,-2.59005,51.45062,52,3,2,1,19/04/2024,6,17:11,-1,E06000023,E06000023,E06000023,6,0,6,20,3,13,4,6,0,0,0,0,1,1,1,4,0,13,1,3,2,E01033902,-1,0,0.11725,0.88275
2024522401317,2024,522401317,362510,171495,-2.54078,51.4412,52,3,2,1,20/02/2024,3,17:12,-1,E06000023,E06000023,E06000023,6,0,6,30,3,13,4,6,0,0,0,0,4,1,1,4,0,13,1,1,2,E01014524,-1,0,0.25407,0.74593
2024520403447,2024,520403447,330977,140957,-2.9885,51.16368,52,3,2,1,01/12/2024,1,13:00,-1,E06000066,E06000066,E06000066,3,38,6,50,0,0,-1,0,-1,0,0,0,1,1,2,4,0,13,2,1,2,E01029145,-1,0,0.0963,0.9037
2024522401329,2024,522401329,340260,166286,-2.86,51.39245,52,3,2,2,21/02/2024,4,23:20,-1,E06000024,E06000024,E06000024,1,5,3,50,0,0,-1,0,-1,0,0,0,6,1,1,4,0,13,2,1,1,E01014858,-1,0,0.21951,0.78049
2024522401084,2024,522401084,360223,183038,-2.57499,51.54483,52,3,2,1,09/02/2024,6,18:20,-1,E06000025,E06000025,E06000025,1,5,3,70,0,0,-1,0,-1,0,0,0,4,2,2,4,0,13,1,1,1,E01014862,-1,0,0.02676,0.97324
2024522500114,2024,522500114,351731,175117,-2.69635,51.47295,52,3,5,1,31/07/2024,4,12:41,-1,E06000024,E06000024,E06000024,3,369,6,50,0,0,-1,0,-1,0,0,0,1,1,1,4,0,13,2,1,2,E01014767,-1,0,0.42928,0.57072
2024520402749,2024,520402749,308984,118451,-3.29728,50.95827,52,2,1,1,29/08/2024,5,07:30,-1,E06000066,E06000066,E06000066,3,38,3,20,3,13,4,6,0,0,0,0,1,1,1,4,0,13,2,1,2,E01029269,-1,0,1,0
2024522403203,2024,522403203,356360,172639,-2.62941,51.45104,52,3,2,1,04/11/2024,2,17:24,-1,E06000024,E06000024,E06000024,3,369,6,30,3,13,4,6,0,0,0,0,4,1,1,4,0,13,2,1,2,E01014766,-1,0,0.28312,0.71688
2024522401140,2024,522401140,359047,181940,-2.59182,51.53487,52,3,3,1,19/01/2024,6,17:45,-1,E06000025,E06000025,E06000025,1,5,3,70,0,0,-1,0,-1,0,0,0,4,1,1,4,0,13,2,1,1,E01014861,-1,0,0.05423,0.94577
2024522402519,2024,522402519,359920,172639,-2.57818,51.45131,52,3,2,6,22/07/2024,2,10:50,-1,E06000023,E06000023,E06000023,6,0,6,20,6,16,2,6,0,0,5,15,1,1,1,4,0,13,1,1,2,E01033353,-1,0,0.30159,0.69841
2024520402896,2024,520402896,371052,128586,-2.4144,51.05588,52,3,1,1,12/09/2024,5,09:24,-1,E06000066,E06000066,E06000066,6,0,6,30,3,13,4,6,0,0,0,0,1,1,1,4,0,13,2,1,2,E01029229,-1,0,0.08004,0.91996
2024522402190,2024,522402190,358909,172612,-2.59272,51.45099,52,3,1,1,19/05/2024,1,14:45,-1,E06000023,E06000023,E06000023,6,0,6,20,0,0,-1,0,-1,0,0,0,1,1,1,4,0,13,1,3,2,E01033908,-1,0,0.09075,0.90925
2024520402985,2024,520402985,363957,137862,-2.51656,51.13888,52,3,1,1,10/09/2024,3,10:38,-1,E06000066,E06000066,E06000066,3,371,6,60,0,0,-1,0,-1,0,0,0,1,1,1,4,0,13,2,1,2,E01029027,-1,0,0.17395,0.82605
2024520403339,2024,520403339,349145,118202,-2.72549,50.96099,52,1,3,1,03/12/2024,3,21:02,-1,E06000066,E06000066,E06000066,3,3088,6,60,0,0,-1,0,-1,0,0,0,6,1,1,4,6,13,2,1,2,E01029215,-1,0,0,0
2024520500442,2024,520500442,365959,137868,-2.48795,51.13906,52,3,1,1,14/09/2024,7,10:57,-1,E06000066,E06000066,E06000066,4,3081,6,60,3,13,4,6,0,0,0,0,1,1,1,4,0,13,2,3,2,E01029027,-1,0,0.10191,0.89809
2024522402956,2024,522402956,359641,172148,-2.58214,51.44687,52,3,2,1,11/09/2024,4,17:53,-1,E06000023,E06000023,E06000023,3,370,1,30,1,0,2,3,4,0,5,15,1,1,2,4,0,13,1,1,2,E01033359,-1,0,0.13058,0.86942
2024520403362,2024,520403362,331106,140548,-2.98658,51.16002,52,3,2,1,02/12/2024,2,15:20,-1,E06000066,E06000066,E06000066,3,38,6,40,0,0,-1,0,-1,0,0,0,1,4,2,4,0,13,2,1,2,E01029145,-1,0,0.04432,0.95568
2024520401358,2024,520401358,366452,143412,-2.48142,51.18894,52,2,3,1,25/02/2024,1,13:10,-1,E06000066,E06000066,E06000066,3,361,6,30,0,0,-1,0,-1,0,0,0,1,2,2,4,2,13,2,1,2,E01029021,-1,0,1,0
2024522402013,2024,522402013,358654,173408,-2.59648,51.45813,52,3,1,1,03/05/2024,6,11:15,-1,E06000023,E06000023,E06000023,4,4051,6,20,0,0,-1,0,-1,0,4,14,1,1,1,4,0,13,1,3,2,E01033904,-1,0,0.10571,0.89429
2024522401629,2024,522401629,366029,182172,-2.49119,51.53742,52,3,2,1,25/04/2024,5,21:50,-1,E06000025,E06000025,E06000025,4,4058,6,30,6,16,2,6,0,0,8,17,4,1,1,4,0,13,1,1,2,E01014911,-1,0,0.07369,0.92631
2024522401714,2024,522401714,358977,172060,-2.59168,51.44603,52,3,2,1,25/03/2024,2,08:30,-1,E06000023,E06000023,E06000023,3,38,6,30,1,0,2,6,0,0,5,15,1,1,1,4,0,13,1,3,2,E01033910,-1,0,0.0967,0.9033
2024531531066,2024,531531066,390081,231677,-2.14584,51.98346,53,3,2,2,17/12/2024,3,07:06,-1,E07000083,E10000013,E10000013,3,38,6,40,-1,0,-1,-1,-1,-1,-1,0,4,1,2,-1,-1,13,2,1,2,E01032939,3,1,0,1
2024531466291,2024,531466291,378574,209936,-2.31203,51.78767,53,3,2,1,11/07/2024,5,07:40,-1,E07000082,E10000013,E10000013,3,38,6,50,-1,18,-1,6,0,-1,-1,0,1,1,1,-1,-1,13,2,1,2,E01022396,3,1,0,1
2024531423459,2024,531423459,384627,219135,-2.22469,51.87057,53,3,2,1,22/03/2024,6,07:20,-1,E07000081,E10000013,E10000013,3,38,1,30,-1,-1,4,3,38,-1,-1,0,1,2,2,-1,-1,13,1,1,2,E01022318,3,1,0,1
2024531501048,2024,531501048,381043,213643,-2.27644,51.82109,53,3,2,1,08/10/2024,3,09:55,-1,E07000081,E10000013,E10000013,3,38,3,60,-1,0,-1,6,0,-1,-1,0,1,2,2,-1,-1,13,1,1,2,E01034797,3,1,0,1
2024531499026,2024,531499026,390837,225354,-2.13466,51.92663,53,3,1,1,02/10/2024,4,19:25,-1,E07000083,E10000013,E10000013,6,0,6,50,-1,13,4,3,4019,-1,-1,0,6,1,1,-1,-1,13,2,1,2,E01034805,3,1,0,1
2024531512174,2024,531512174,395267,224589,-2.07023,51.9198,53,3,3,2,04/11/2024,2,06:40,-1,E07000078,E10000013,E10000013,3,435,6,60,-1,0,-1,6,0,-1,-1,0,6,1,1,-1,-1,13,2,1,2,E01022143,3,1,0,1
2024531502272,2024,531502272,393486,216132,-2.09596,51.84375,53,3,2,1,10/10/2024,5,18:50,-1,E07000079,E10000013,E10000013,3,417,1,30,-1,-1,4,3,417,-1,-1,0,6,1,2,-1,-1,13,2,1,1,E01022187,3,1,0,1
2024531483075,2024,531483075,376607,223548,-2.34147,51.90997,53,2,3,2,23/08/2024,6,06:33,-1,E07000080,E10000013,E10000013,4,4215,6,40,-1,0,-1,-1,-1,-1,-1,0,1,1,2,-1,-1,13,2,1,2,E01022271,5,1,1,0
2024531534966,2024,531534966,363528,203278,-2.52945,51.72702,53,2,1,1,03/12/2024,3,00:56,-1,E07000080,E10000013,E10000013,6,0,6,20,-1,19,4,6,0,-1,-1,0,4,2,2,-1,-1,13,2,1,2,E01022256,7,1,1,0
2024531518328,2024,531518328,367125,220818,-2.47904,51.88494,53,3,3,1,15/11/2024,6,19:30,-1,E07000080,E10000013,E10000013,3,40,6,50,-1,0,-1,-1,-1,-1,-1,0,6,1,1,-1,-1,13,2,2,1,E01022230,3,1,0,1
2024531421645,2024,531421645,387216,221120,-2.18716,51.88849,53,3,1,1,16/03/2024,7,15:25,-1,E07000083,E10000013,E10000013,6,0,6,30,-1,0,-1,6,0,-1,-1,12,1,1,1,-1,-1,13,1,1,2,E01022431,3,1,0,1
2024531475839,2024,531475839,395308,224957,-2.06963,51.92311,53,3,2,2,04/08/2024,1,16:18,-1,E07000078,E10000013,E10000013,3,435,6,60,-1,0,-1,-1,-1,-1,-1,0,1,1,1,-1,-1,13,2,1,2,E01022143,3,1,0,1
2024531480032,2024,531480032,394767,216450,-2.07737,51.84662,53,3,3,1,15/08/2024,5,09:42,-1,E07000079,E10000013,E10000013,3,436,6,60,-1,13,4,6,0,-1,-1,0,1,1,1,-1,-1,13,2,1,2,E01022187,3,1,0,1
2024531505823,2024,531505823,396789,210536,-2.04796,51.79347,53,3,2,1,18/10/2024,6,15:30,-1,E07000079,E10000013,E10000013,3,417,3,70,-1,0,-1,-1,-1,-1,-1,0,1,1,1,-1,-1,13,2,3,1,E01022201,3,1,0,1
2024531506007,2024,531506007,385255,218157,-2.21552,51.8618,53,3,2,1,14/10/2024,2,07:50,-1,E07000081,E10000013,E10000013,3,38,7,40,-1,16,4,6,0,-1,-1,0,1,2,2,-1,-1,13,1,1,2,E01022287,3,1,0,1
2024531430698,2024,531430698,381007,214363,-2.277,51.82756,53,3,2,3,26/03/2024,3,14:00,-1,E07000081,E10000013,E10000013,4,4008,1,30,-1,0,-1,-1,-1,-1,-1,0,1,2,2,-1,-1,13,1,2,2,E01022335,3,1,0,1
2024531495490,2024,531495490,395325,212807,-2.06922,51.81387,53,3,2,1,22/09/2024,1,21:55,-1,E07000079,E10000013,E10000013,3,417,3,70,-1,0,-1,-1,-1,-1,-1,0,6,1,2,-1,-1,13,2,1,1,E01022201,3,1,0,1
2024548871324,2024,548871324,425690,127088,-1.63494,51.04258,54,3,1,1,29/07/2024,2,14:00,-1,E06000054,E06000054,E06000054,6,0,6,30,3,13,4,6,0,0,0,0,1,1,1,4,0,13,2,1,2,E01032042,-1,0,0.07937,0.92063
202454D473024,2024,54D473024,410343,131342,-1.85372,51.08131,54,2,2,1,14/11/2024,5,15:30,-1,E06000054,E06000054,E06000054,3,36,6,30,8,18,4,6,0,0,0,0,1,1,1,4,0,13,2,1,1,E01032038,-1,0,1,0
202454A396624,2024,54A396624,431383,162814,-1.55062,51.36353,54,3,1,1,03/09/2024,3,07:55,-1,E06000054,E06000054,E06000054,6,0,6,20,0,0,-1,0,-1,0,0,0,1,1,2,4,0,13,2,1,2,E01031877,-1,0,0.08044,0.91956
202454A807624,2024,54A807624,414017,130096,-1.80132,51.07003,54,2,1,1,12/09/2024,5,15:00,-1,E06000054,E06000054,E06000054,6,0,6,30,0,0,-1,0,-1,0,0,0,1,1,1,4,0,13,1,1,2,E01032022,-1,0,1,0
202454E197924,2024,54E197924,389594,179154,-2.15134,51.51122,54,3,2,1,01/12/2024,1,21:38,-1,E06000054,E06000054,E06000054,1,4,3,70,0,0,-1,0,-1,0,0,0,6,2,2,4,0,13,2,1,1,E01031940,-1,0,0.03238,0.96762
2024542673224,2024,542673224,390209,165588,-2.1421,51.38925,54,3,3,2,06/03/2024,4,18:36,-1,E06000054,E06000054,E06000054,3,350,6,40,8,18,4,6,0,0,0,0,6,1,1,4,0,13,2,1,2,E01034528,-1,0,0.0556,0.9444
2024543736224,2024,543736224,388032,151544,-2.17291,51.26293,54,3,2,1,02/04/2024,3,12:15,-1,E06000054,E06000054,E06000054,4,3098,6,30,3,13,4,6,0,0,0,0,1,1,2,4,0,13,1,1,2,E01032121,-1,0,0.09341,0.90659
202454E453524,2024,54E453524,378209,134602,-2.31266,51.11029,54,2,1,1,07/12/2024,7,18:15,-1,E06000054,E06000054,E06000054,4,3092,6,60,0,0,-1,0,-1,0,0,0,6,5,2,4,0,13,2,1,2,E01032036,-1,0,1,0
202454A226624,2024,54A226624,383484,179590,-2.2394,51.51499,54,3,2,1,29/08/2024,5,20:45,-1,E06000054,E06000054,E06000054,1,4,3,70,0,0,-1,0,-1,0,0,0,6,1,1,4,0,13,2,1,1,E01031950,-1,0,0.03232,0.96768
2024541692624,2024,541692624,413571,130414,-1.80768,51.0729,54,3,2,2,09/02/2024,6,18:25,-1,E06000054,E06000054,E06000054,3,36,1,30,3,13,4,6,0,0,0,0,4,1,2,4,0,13,1,1,1,E01032003,-1,0,0.01892,0.98108
2024543356724,2024,543356724,422722,159874,-1.67521,51.33751,54,2,2,1,22/03/2024,6,10:26,-1,E06000054,E06000054,E06000054,3,338,6,60,0,0,-1,0,-1,0,0,0,1,1,1,4,0,13,2,1,2,E01031847,-1,0,1,0
2024552400438,2024,552400438,389981,90123,-2.14326,50.71065,55,2,3,1,13/04/2024,7,17:18,-1,E06000059,E06000059,E06000059,5,0,6,50,0,0,-1,0,-1,0,0,0,1,1,1,4,0,13,2,1,2,E01020476,-1,0,1,0
2024552401331,2024,552401331,398350,92738,-2.02475,50.73425,55,3,2,1,24/10/2024,5,08:00,-1,E06000059,E06000059,E06000059,4,3068,6,30,0,0,-1,0,-1,0,0,0,1,1,1,4,0,13,1,2,2,E01020473,-1,0,0.00377,0.99623
2024552401321,2024,552401321,412298,102309,-1.82679,50.8202,55,3,2,1,13/09/2024,6,16:03,-1,E06000059,E06000059,E06000059,6,0,6,50,0,0,-1,0,-1,0,4,14,1,1,1,4,0,13,2,2,2,E01020405,-1,0,0.00738,0.99262
2024552400996,2024,552400996,387354,122494,-2.1816,51.00169,55,3,2,1,21/08/2024,4,10:19,-1,E06000059,E06000059,E06000059,3,30,6,40,3,13,4,4,3080,0,0,0,1,1,1,4,0,13,2,1,2,E01034375,-1,0,0.03102,0.96898
2024552400981,2024,552400981,410430,95447,-1.8535,50.75853,55,3,1,1,17/08/2024,7,23:02,-1,E06000058,E06000058,E06000058,6,0,6,30,3,13,4,6,0,0,0,0,4,1,1,4,0,13,1,1,2,E01015352,-1,0,0.10888,0.89112
2024552400367,2024,552400367,406595,98159,-1.90782,50.78297,55,3,2,1,20/03/2024,4,19:50,-1,E06000059,E06000059,E06000059,3,348,6,30,0,0,-1,0,-1,0,0,0,4,1,1,4,0,13,1,1,2,E01034373,-1,0,0.05351,0.94649
2024552401275,2024,552401275,403198,93396,-1.95604,50.74017,55,3,2,1,13/09/2024,6,11:16,-1,E06000058,E06000058,E06000058,4,3061,6,30,0,0,-1,0,-1,0,0,0,1,1,1,4,0,13,1,1,2,E01015439,-1,0,0.04017,0.95983
2024552401148,2024,552401148,347886,101391,-2.74101,50.80971,55,3,2,1,18/09/2024,4,09:53,-1,E06000059,E06000059,E06000059,3,3066,6,20,0,0,-1,0,-1,0,0,0,1,1,1,4,0,13,2,1,2,E01020496,-1,0,0.0474,0.9526
2024552401182,2024,552401182,407261,91712,-1.8985,50.72499,55,3,2,1,30/09/2024,2,16:59,-1,E06000058,E06000058,E06000058,6,0,6,30,6,16,4,6,0,0,0,0,1,1,2,4,0,13,1,1,2,E01033288,-1,0,0.09351,0.90649
2024552401456,2024,552401456,410307,91474,-1.85535,50.7228,55,2,1,1,14/11/2024,5,19:00,-1,E06000058,E06000058,E06000058,3,35,6,30,6,16,4,6,0,0,0,0,4,1,1,4,0,13,1,2,2,E01015291,-1,0,1,0
2024552400584,2024,552400584,334313,92236,-2.93199,50.72602,55,3,2,2,15/03/2024,6,13:42,-1,E06000059,E06000059,E06000059,3,3052,6,30,0,0,-1,0,-1,0,0,0,1,2,2,4,0,13,2,2,2,E01020532,-1,0,0.02609,0.97391
2024552400642,2024,552400642,397479,113633,-2.03724,50.92215,55,3,3,1,24/05/2024,6,11:05,-1,E06000059,E06000059,E06000059,3,354,6,60,0,0,-1,0,-1,0,0,0,1,1,1,4,0,13,2,1,2,E01020396,-1,0,0.05679,0.94321
2024552400846,2024,552400846,365461,110583,-2.49246,50.89369,55,3,5,1,22/07/2024,2,10:31,-1,E06000059,E06000059,E06000059,3,352,6,40,0,0,-1,0,-1,0,0,0,1,1,1,4,0,13,2,1,2,E01020508,-1,0,0.04647,0.95353
2024552500042,2024,552500042,405383,94574,-1.92506,50.75074,55,3,2,1,23/11/2024,7,22:51,-1,E06000058,E06000058,E06000058,3,3049,6,30,0,0,-1,0,-1,0,0,0,4,5,2,4,0,13,1,1,2,E01015381,-1,0,0.06496,0.93504
2024552400659,2024,552400659,366839,82171,-2.4703,50.63828,55,3,2,1,07/06/2024,6,10:41,-1,E06000059,E06000059,E06000059,4,3159,6,30,3,13,4,6,0,0,0,0,1,1,1,4,0,13,1,1,2,E01020579,-1,0,0.13017,0.86983
202460Q026033,2024,60Q026033,229288,379147,-4.56208,53.28173,60,2,1,1,23/02/2024,6,09:33,-1,W06000001,W06000001,W06000001,4,4545,6,20,0,0,-1,0,-1,0,0,0,1,1,1,4,0,13,2,1,-1,W01002007,-1,0,1,0
202460Q082069,2024,60Q082069,272121,336018,-3.90287,52.90633,60,2,1,1,07/06/2024,6,17:11,-1,W06000002,W06000002,W06000002,3,4212,6,60,0,0,-1,0,-1,0,0,0,1,1,1,4,0,13,2,1,-1,W01000114,-1,0,1,0
202460Q008259,2024,60Q008259,251715,382270,-4.22744,53.31653,60,2,2,1,18/01/2024,5,13:52,-1,W06000001,W06000001,W06000001,3,5025,6,20,3,13,4,6,0,0,0,0,1,1,2,4,0,13,2,1,-1,W01000010,-1,0,1,0
2024610032924,2024,610032924,319142,210715,-3.17371,51.78922,61,3,2,1,15/08/2024,5,17:30,-1,W06000019,W06000019,W06000019,3,467,6,60,0,0,-1,0,-1,0,0,0,1,2,2,4,0,13,1,1,-1,W01001468,-1,0,0.05926,0.94074
2024610057024,2024,610057024,315199,196256,-3.22734,51.65867,61,3,3,4,13/11/2024,4,10:40,-1,W06000018,W06000018,W06000018,3,469,6,40,3,13,4,6,0,0,0,0,1,1,1,4,0,13,1,1,-1,W01001363,-1,0,0.17264,0.82736
2024610052724,2024,610052724,330589,213608,-3.00836,51.81677,61,1,1,1,16/12/2024,2,16:57,-1,W06000021,W06000021,W06000021,3,465,6,40,0,0,-1,0,-1,0,0,0,6,1,1,4,6,13,1,1,-1,W01001980,-1,0,0,0
2024610054424,2024,610054424,308357,208435,-3.32943,51.76707,61,2,2,1,29/12/2024,1,00:17,-1,W06000018,W06000018,W06000018,3,465,3,40,0,0,-1,0,-1,0,0,0,6,7,2,4,0,13,2,1,-1,W01001429,-1,0,1,0
2024622400452,2024,622400452,320918,177816,-3.14052,51.49373,62,3,1,1,22/06/2024,7,00:50,-1,W06000015,W06000015,W06000015,6,0,6,40,0,0,-1,0,-1,0,4,14,4,1,1,4,0,13,1,1,-1,W01002021,-1,0,0.16625,0.83375
2024622400211,2024,622400211,301447,193768,-3.42538,51.63406,62,3,2,1,16/03/2024,7,17:55,-1,W06000016,W06000016,W06000016,6,0,6,20,0,0,-1,0,-1,0,0,0,1,1,2,4,0,13,2,1,-1,W01001275,-1,0,0.02266,0.97734
2024622400520,2024,622400520,296059,205073,-3.50657,51.7347,62,3,2,3,18/07/2024,5,14:37,-1,W06000016,W06000016,W06000016,3,465,6,30,0,0,-1,0,-1,0,0,0,1,1,1,4,0,13,2,1,-1,W01001188,-1,0,0.08982,0.91018
2024622400540,2024,622400540,261559,188375,-3.99927,51.57719,62,2,1,1,31/07/2024,4,13:15,-1,W06000011,W06000011,W06000011,3,4067,6,30,3,13,4,6,0,0,0,0,1,1,1,4,0,13,1,1,-1,W01000825,-1,0,1,0
2024631498163,2024,631498163,215913,216961,-4.67241,51.82087,63,2,2,1,01/10/2024,3,07:25,-1,W06000009,W06000009,W06000009,3,40,6,40,-1,19,4,6,0,-1,-1,0,6,2,2,-1,-1,13,2,1,-1,W01000577,5,1,1,0
2024631422247,2024,631422247,257444,203689,-4.06485,51.71377,63,1,2,2,18/03/2024,2,23:17,-1,W06000010,W06000010,W06000010,1,4,3,70,-1,0,-1,-1,-1,-1,-1,0,6,2,2,-1,-1,13,2,1,-1,W01000665,1,1,0,0
2024631495826,2024,631495826,329177,311951,-3.04951,52.70058,63,2,2,1,25/09/2024,4,06:50,-1,W06000023,W06000023,W06000023,3,458,6,40,-1,0,-1,6,0,-1,-1,0,1,1,1,-1,-1,13,2,1,-1,W01000497,7,1,1,0
2024631435534,2024,631435534,322976,242602,-3.12528,52.0764,63,2,1,1,24/04/2024,4,14:50,-1,W06000023,W06000023,W06000023,4,4350,6,20,-1,13,4,6,0,-1,-1,12,1,1,1,-1,-1,13,2,2,-1,W01000446,5,1,1,0
2024631511779,2024,631511779,322014,241701,-3.13911,52.06817,63,3,2,1,01/11/2024,6,17:25,-1,W06000023,W06000023,W06000023,4,4350,6,30,-1,13,4,6,0,-1,-1,0,6,1,1,-1,-1,13,2,1,-1,W01000445,3,1,0,1
2024631430255,2024,631430255,197277,205392,-4.93569,51.71054,63,3,3,3,10/04/2024,4,16:00,-1,W06000009,W06000009,W06000009,3,477,6,40,-1,13,4,6,0,-1,-1,0,1,2,2,-1,-1,13,2,1,-1,W01000554,3,1,0,1
2024631457584,2024,631457584,234451,252009,-4.42063,52.1415,63,3,1,2,19/06/2024,4,11:30,-1,W06000008,W06000008,W06000008,3,487,6,60,-1,0,-1,-1,-1,-1,-1,12,1,1,1,-1,-1,13,2,1,-1,W01000545,3,1,0,1
2024631460061,2024,631460061,320423,312385,-3.17913,52.70326,63,2,3,3,24/06/2024,2,17:00,-1,W06000023,W06000023,W06000023,3,490,6,60,-1,13,4,6,0,-1,-1,0,1,1,1,-1,-1,13,2,1,-1,W01000444,5,1,1,0
2024631481379,2024,631481379,200772,202787,-4.88369,51.6884,63,3,3,2,14/08/2024,4,17:11,-1,W06000009,W06000009,W06000009,3,477,6,60,-1,13,4,6,0,-1,-1,0,1,1,1,-1,-1,13,2,1,-1,W01000578,3,1,0,1
2024631441508,2024,631441508,264080,258997,-3.99077,52.21238,63,3,2,2,02/05/2024,5,20:00,-1,W06000008,W06000008,W06000008,4,4578,6,30,-1,0,-1,-1,-1,-1,-1,0,1,1,1,-1,-1,13,2,2,-1,W01000536,3,1,0,1
2024631454922,2024,631454922,244981,234131,-4.25877,51.98395,63,3,2,1,06/06/2024,5,10:15,-1,W06000010,W06000010,W06000010,4,4459,6,40,-1,0,-1,-1,-1,-1,-1,0,1,1,1,-1,-1,13,2,1,-1,W01000685,3,1,0,1
2024631507688,2024,631507688,315353,326453,-3.25778,52.82893,63,2,2,1,23/10/2024,4,10:00,-1,W06000023,W06000023,W06000023,4,4580,6,60,-1,13,4,6,0,-1,-1,0,1,1,2,-1,-1,13,2,1,-1,W01001907,6,1,1,0
2024991409977,2024,991409977,271486,653078,-4.04926,55.75395,99,2,1,1,14/02/2024,4,18:00,-1,S12000029,S12000029,S12000029,6,0,6,30,-1,13,4,6,0,-1,-1,0,4,2,2,-1,-1,13,1,1,-1,-1,7,1,1,0
2024991507726,2024,991507726,257989,666011,-4.27089,55.86629,99,2,2,1,23/10/2024,4,14:59,-1,S12000049,S12000049,S12000049,6,0,6,30,-1,19,2,3,804,-1,-1,15,1,1,1,-1,-1,13,1,1,-1,-1,7,1,1,0
2024991459852,2024,991459852,309996,688532,-3.44774,56.08109,99,3,2,1,25/06/2024,3,09:22,-1,S12000047,S12000047,S12000047,6,0,6,30,-1,13,4,6,0,-1,-1,0,1,1,1,-1,-1,13,1,1,-1,-1,3,1,0,1
2024991462339,2024,991462339,238827,678630,-4.5843,55.97352,99,3,1,1,01/07/2024,2,15:30,-1,S12000039,S12000039,S12000039,4,857,6,30,-1,0,-1,6,0,-1,-1,0,1,1,1,-1,-1,13,1,1,-1,-1,3,1,0,1
2024991442957,2024,991442957,268402,661927,-4.10264,55.83257,99,3,1,1,14/05/2024,3,23:20,-1,S12000029,S12000029,S12000029,1,73,3,50,-1,0,-1,1,74,-1,-1,0,4,1,2,-1,-1,13,2,1,-1,-1,3,1,0,1
2024991501329,2024,991501329,281059,680356,-3.90881,56.00135,99,3,2,1,25/09/2024,4,07:15,-1,S12000014,S12000014,S12000014,3,872,6,30,-1,0,-1,6,0,-1,-1,0,1,1,1,-1,-1,13,1,1,-1,-1,3,1,0,1
2024991520677,2024,991520677,288454,679261,-3.78984,55.9933,99,3,2,1,11/11/2024,2,17:00,-1,S12000014,S12000014,S12000014,6,0,6,30,-1,13,4,6,0,-1,-1,0,5,1,1,-1,-1,13,1,2,-1,-1,3,1,0,1
2024991425929,2024,991425929,256495,666917,-4.29522,55.87398,99,3,2,3,28/03/2024,5,16:40,-1,S12000049,S12000049,S12000049,4,808,6,30,-1,17,2,6,0,-1,-1,15,1,1,2,-1,-1,13,1,1,-1,-1,3,1,0,1
2024991493220,2024,991493220,258254,665863,-4.26658,55.86504,99,3,2,1,18/09/2024,4,22:25,-1,S12000049,S12000049,S12000049,6,0,6,20,-1,16,2,6,0,-1,-1,0,4,1,1,-1,-1,13,1,1,-1,-1,3,1,0,1
2024991497543,2024,991497543,208993,576446,-4.99126,55.0457,99,2,2,1,29/09/2024,1,09:50,-1,S12000028,S12000028,S12000028,3,77,6,60,-1,0,-1,-1,-1,-1,-1,0,1,1,1,-1,-1,13,2,1,-1,-1,7,1,1,0
2024991495654,2024,991495654,314875,714084,-3.37758,56.31149,99,2,2,1,20/09/2024,6,14:35,-1,S12000048,S12000048,S12000048,1,90,3,70,-1,0,-1,-1,-1,-1,-1,0,1,1,1,-1,-1,13,2,1,-1,-1,7,1,1,0
2024991416369,2024,991416369,263623,666530,-4.18119,55.87257,99,2,3,3,02/03/2024,7,22:10,-1,S12000049,S12000049,S12000049,1,8,3,60,-1,0,-1,1,8,-1,-1,0,4,1,2,-1,-1,13,1,1,-1,-1,6,1,1,0
2024991477946,2024,991477946,250002,663127,-4.3968,55.83798,99,2,1,1,06/08/2024,3,08:40,-1,S12000038,S12000038,S12000038,6,0,6,30,-1,13,4,6,0,-1,-1,14,1,1,1,-1,-1,13,1,1,-1,-1,7,1,1,0
2024991407793,2024,991407793,312067,584729,-3.38129,55.14906,99,3,2,1,18/01/2024,5,13:50,-1,S12000006,S12000006,S12000006,4,7076,6,60,-1,17,4,5,0,-1,-1,0,1,1,1,-1,-1,13,2,1,-1,-1,3,1,0,1
2024991442398,2024,991442398,442592,1150363,-1.23275,60.23534,99,3,3,1,10/05/2024,6,16:15,-1,S12000027,S12000027,S12000027,3,970,6,50,-1,13,4,6,0,-1,-1,0,1,1,1,-1,-1,13,2,1,-1,-1,3,1,0,1
2024991430213,2024,991430213,260442,665927,-4.23168,55.86625,99,3,2,2,08/04/2024,2,16:00,-1,S12000049,S12000049,S12000049,1,8,7,50,-1,-1,2,1,8,-1,-1,0,1,1,1,-1,-1,13,1,3,-1,-1,3,1,0,1
2024991418380,2024,991418380,324712,673992,-3.20727,55.95303,99,3,2,1,03/03/2024,1,14:00,-1,S12000036,S12000036,S12000036,6,0,6,20,-1,19,2,6,0,-1,-1,0,1,1,1,-1,-1,13,1,2,-1,-1,3,1,0,1
2024991490004,2024,991490004,302546,678338,-3.56369,55.98808,99,3,2,1,11/09/2024,4,07:25,-1,S12000040,S12000040,S12000040,1,9,3,70,-1,0,-1,-1,-1,-1,-1,0,1,1,1,-1,-1,13,2,1,-1,-1,3,1,0,1
2024991399564,2024,991399564,297893,645294,-3.62581,55.69033,99,2,2,2,17/01/2024,4,10:18,-1,S12000029,S12000029,S12000029,4,7016,6,60,-1,0,-1,6,0,-1,-1,0,1,1,2,-1,-1,13,2,1,-1,-1,6,1,1,0
2024991472756,2024,991472756,344605,746208,-2.90393,56.60447,99,3,2,1,27/07/2024,7,06:04,-1,S12000041,S12000041,S12000041,3,90,7,70,-1,0,-1,3,90,-1,-1,0,1,1,1,-1,-1,13,2,1,-1,-1,3,1,0,1
2024991472461,2024,991472461,326945,674613,-3.17169,55.95896,99,2,2,1,25/07/2024,5,20:45,-1,S12000036,S12000036,S12000036,6,0,6,20,-1,13,4,6,0,-1,-1,0,1,1,1,-1,-1,13,1,1,-1,-1,5,1,1,0
2024991488997,2024,991488997,282296,656329,-3.87853,55.78589,99,2,1,1,05/09/2024,5,23:25,-1,S12000050,S12000050,S12000050,3,73,6,30,-1,13,4,6,0,-1,-1,0,4,8,2,-1,-1,13,1,1,-1,-1,6,1,1,0
2024991453923,2024,991453923,285104,633713,-3.82429,55.58347,99,2,2,1,10/06/2024,2,12:20,-1,S12000029,S12000029,S12000029,1,74,3,70,-1,0,-1,-1,-1,-1,-1,0,1,1,1,-1,-1,13,2,1,-1,-1,7,1,1,0
2024991468729,2024,991468729,254771,668723,-4.32372,55.88968,99,2,2,1,17/07/2024,4,10:16,-1,S12000049,S12000049,S12000049,3,82,3,30,-1,0,-1,3,82,-1,-1,0,1,1,1,-1,-1,13,1,1,-1,-1,6,1,1,0
2024991467598,2024,991467598,244259,636432,-4.47322,55.59653,99,2,2,1,13/06/2024,5,10:15,-1,S12000008,S12000008,S12000008,3,76,6,60,-1,0,-1,6,0,-1,-1,0,1,1,1,-1,-1,13,1,1,-1,-1,7,1,1,0
2024991409428,2024,991409428,239914,664917,-4.55877,55.8508,99,3,3,1,13/02/2024,3,08:55,-1,S12000038,S12000038,S12000038,3,761,6,60,-1,0,-1,6,0,-1,-1,0,1,1,2,-1,-1,13,2,1,-1,-1,3,1,0,1
2024991438527,2024,991438527,321097,697326,-3.27203,56.16205,99,3,2,1,29/04/2024,2,19:41,-1,S12000047,S12000047,S12000047,4,9097,6,60,-1,0,-1,-1,-1,-1,-1,0,1,1,1,-1,-1,13,2,1,-1,-1,3,1,0,1
2024991492666,2024,991492666,321989,670660,-3.2499,55.92267,99,2,2,2,17/09/2024,3,15:10,-1,S12000036,S12000036,S12000036,6,0,6,30,-1,19,2,3,70,-1,-1,15,1,1,1,-1,-1,13,1,1,-1,-1,7,1,1,0
2024991402731,2024,991402731,332839,673038,-3.07691,55.94567,99,3,2,3,25/01/2024,5,14:40,-1,S12000010,S12000010,S12000010,3,199,6,30,-1,0,-1,6,0,-1,-1,0,1,1,2,-1,-1,13,1,1,-1,-1,3,1,0,1
2024991451606,2024,991451606,254053,661305,-4.3312,55.82286,99,3,2,1,23/05/2024,5,10:50,-1,S12000049,S12000049,S12000049,4,762,3,40,-1,0,-1,1,77,-1,-1,0,1,2,2,-1,-1,13,1,2,-1,-1,3,1,0,1
2024991409995,2024,991409995,253891,664978,-4.33576,55.85579,99,2,2,1,14/02/2024,4,18:20,-1,S12000049,S12000049,S12000049,3,8,3,30,-1,17,4,6,0,-1,-1,0,4,2,2,-1,-1,13,1,1,-1,-1,7,1,1,0
2024991442993,2024,991442993,332150,664949,-3.08591,55.87291,99,3,2,1,16/02/2024,6,12:00,-1,S12000019,S12000019,S12000019,4,6392,6,30,-1,17,2,6,0,-1,-1,0,1,8,1,-1,-1,13,2,1,-1,-1,3,1,0,1
2024991524163,2024,991524163,314236,651171,-3.36777,55.74629,99,3,2,1,02/12/2024,2,05:14,-1,S12000026,S12000026,S12000026,3,702,6,60,-1,0,-1,6,0,-1,-1,0,6,2,2,-1,-1,13,2,1,-1,-1,3,1,0,1
2024991477082,2024,991477082,258230,662329,-4.26512,55.8333,99,3,1,1,06/08/2024,3,22:10,-1,S12000049,S12000049,S12000049,6,0,6,30,-1,0,-1,6,0,-1,-1,0,5,2,2,-1,-1,13,1,1,-1,-1,3,1,0,1
2024991512995,2024,991512995,262069,661632,-4.20352,55.82816,99,1,1,1,05/11/2024,3,16:10,-1,S12000029,S12000029,S12000029,4,768,6,30,-1,0,-1,6,0,-1,-1,0,1,1,1,-1,-1,13,1,1,-1,-1,1,1,0,0
2024991521039,2024,991521039,258433,665363,-4.26346,55.8606,99,3,3,2,23/11/2024,7,15:15,-1,S12000049,S12000049,S12000049,6,0,6,30,-1,16,2,6,0,-1,-1,15,4,2,2,-1,-1,13,1,1,-1,-1,3,1,0,1
2024991431807,2024,991431807,315158,688810,-3.36492,56.08454,99,3,1,1,15/04/2024,2,08:05,-1,S12000047,S12000047,S12000047,4,925,6,30,-1,0,-1,6,0,-1,-1,0,1,1,1,-1,-1,13,2,1,-1,-1,3,1,0,1
2024991484851,2024,991484851,229757,561368,-4.65771,54.9179,99,2,3,3,23/08/2024,6,11:51,-1,S12000006,S12000006,S12000006,3,75,6,60,-1,0,-1,6,0,-1,-1,0,1,1,2,-1,-1,13,2,1,-1,-1,7,1,1,0
2024991439441,2024,991439441,258761,665473,-4.25828,55.86168,99,3,2,2,05/05/2024,1,18:05,-1,S12000049,S12000049,S12000049,6,0,6,30,-1,16,2,6,0,-1,-1,0,1,1,1,-1,-1,13,1,1,-1,-1,3,1,0,1
2024991408683,2024,991408683,246359,665854,-4.45646,55.86131,99,2,1,1,11/02/2024,1,20:35,-1,S12000038,S12000038,S12000038,6,0,6,40,-1,17,4,3,726,-1,-1,0,6,1,2,-1,-1,13,2,1,-1,-1,7,1,1,0
2024991493534,2024,991493534,313238,719375,-3.40578,56.35872,99,2,2,1,19/09/2024,5,14:46,-1,S12000048,S12000048,S12000048,1,90,3,70,-1,0,-1,-1,-1,-1,-1,0,1,1,1,-1,-1,13,2,1,-1,-1,6,1,1,0
2024991526937,2024,991526937,394248,806163,-2.09669,57.14632,99,2,1,1,06/12/2024,6,23:40,-1,S12000033,S12000033,S12000033,6,0,6,30,-1,17,2,6,0,-1,-1,15,4,5,2,-1,-1,13,1,1,-1,-1,5,1,1,0
2024991513866,2024,991513866,258111,661656,-4.26666,55.82722,99,3,1,1,08/11/2024,6,10:00,-1,S12000049,S12000049,S12000049,6,0,6,30,-1,0,-1,4,768,-1,-1,17,1,1,1,-1,-1,13,1,1,-1,-1,3,1,0,1
2024991420046,2024,991420046,301726,669184,-3.57349,55.90569,99,2,2,1,12/03/2024,3,21:30,-1,S12000040,S12000040,S12000040,1,8,3,70,-1,0,-1,-1,-1,-1,-1,0,6,1,2,-1,-1,13,1,1,-1,-1,6,1,1,0
2024991416921,2024,991416921,326611,665863,-3.17466,55.8803,99,3,1,1,29/02/2024,5,10:15,-1,S12000019,S12000019,S12000019,6,0,6,60,-1,0,-1,-1,-1,-1,-1,0,1,1,2,-1,-1,13,2,1,-1,-1,3,1,0,1
2024991472778,2024,991472778,308365,600897,-3.44462,55.29363,99,2,1,1,27/07/2024,7,13:25,-1,S12000006,S12000006,S12000006,3,701,6,60,-1,0,-1,4,7076,-1,-1,0,1,1,2,-1,-1,13,2,1,-1,-1,7,1,1,0
2024991447215,2024,991447215,220412,557243,-4.80075,54.8776,99,1,2,1,21/05/2024,3,06:40,-1,S12000006,S12000006,S12000006,3,75,6,60,-1,0,-1,-1,-1,-1,-1,0,1,1,1,-1,-1,13,2,1,-1,-1,1,1,0,0
2024991513689,2024,991513689,314652,722427,-3.38389,56.38638,99,3,2,2,05/11/2024,3,21:00,-1,S12000048,S12000048,S12000048,3,90,3,70,-1,0,-1,3,90,-1,-1,0,6,1,1,-1,-1,13,2,3,-1,-1,3,1,0,1
2024991421963,2024,991421963,330153,672806,-3.11985,55.9432,99,3,4,1,18/03/2024,2,09:00,-1,S12000036,S12000036,S12000036,3,1,6,30,-1,13,4,6,0,-1,-1,0,1,1,1,-1,-1,13,1,1,-1,-1,3,1,0,1
2024991419742,2024,991419742,263025,849211,-4.28816,57.5123,99,1,2,1,12/03/2024,3,01:40,-1,S12000017,S12000017,S12000017,3,9,3,70,-1,0,-1,4,9161,-1,-1,0,6,1,1,-1,-1,13,2,1,-1,-1,1,1,0,0
2024991454225,2024,991454225,342561,727944,-2.93318,56.44016,99,3,3,1,11/06/2024,3,07:30,-1,S12000047,S12000047,S12000047,3,92,3,70,-1,-1,4,6,0,-1,-1,0,1,1,1,-1,-1,13,2,1,-1,-1,3,1,0,1
2024991479768,2024,991479768,246594,667824,-4.45383,55.87907,99,3,2,1,14/08/2024,4,14:52,-1,S12000038,S12000038,S12000038,3,726,6,50,-1,19,4,6,0,-1,-1,0,1,1,1,-1,-1,13,2,1,-1,-1,3,1,0,1
2024991415139,2024,991415139,239113,673028,-4.57638,55.92334,99,3,3,2,28/02/2024,4,15:45,-1,S12000038,S12000038,S12000038,3,8,3,70,-1,0,-1,-1,-1,-1,-1,0,1,2,2,-1,-1,13,2,1,-1,-1,3,1,0,1
2024991447439,2024,991447439,255434,667365,-4.3124,55.87768,99,2,1,1,23/05/2024,5,15:49,-1,S12000049,S12000049,S12000049,6,0,6,30,-1,16,4,6,0,-1,-1,14,1,2,2,-1,-1,13,1,1,-1,-1,7,1,1,0
2024991524874,2024,991524874,168706,823632,-5.83535,57.24473,99,1,2,3,02/12/2024,2,22:00,-1,S12000017,S12000017,S12000017,3,87,6,40,-1,0,-1,6,0,-1,-1,0,6,1,4,-1,-1,13,2,1,-1,-1,1,1,0,0
2024991414372,2024,991414372,329248,701101,-3.14183,56.19724,99,2,3,1,26/02/2024,2,21:35,-1,S12000047,S12000047,S12000047,3,911,6,60,-1,0,-1,6,0,-1,-1,0,6,1,1,-1,-1,13,2,1,-1,-1,7,1,1,0
2024991483777,2024,991483777,258255,665866,-4.26657,55.86506,99,2,2,1,25/08/2024,1,19:40,-1,S12000049,S12000049,S12000049,6,0,6,20,-1,16,2,6,0,-1,-1,0,1,2,2,-1,-1,13,1,1,-1,-1,7,1,1,0
2024991430351,2024,991430351,323087,674489,-3.23343,55.95724,99,3,2,2,11/04/2024,5,08:50,-1,S12000036,S12000036,S12000036,4,900,2,30,-1,13,2,6,0,-1,-1,0,1,1,1,-1,-1,13,1,1,-1,-1,3,1,0,1
2024991468857,2024,991468857,278288,665837,-3.94666,55.87028,99,3,2,1,14/07/2024,1,11:15,-1,S12000050,S12000050,S12000050,3,89,6,30,-1,13,2,4,8058,-1,-1,15,1,1,1,-1,-1,13,1,2,-1,-1,3,1,0,1
2024991451818,2024,991451818,232576,730751,-4.71725,56.43914,99,3,1,1,20/05/2024,2,23:00,-1,S12000030,S12000030,S12000030,3,82,6,60,-1,19,4,3,85,-1,-1,0,6,1,2,-1,-1,13,2,1,-1,-1,3,1,0,1
2024991525214,2024,991525214,250532,665907,-4.38988,55.8631,99,3,3,5,03/12/2024,3,22:20,-1,S12000038,S12000038,S12000038,1,8,3,70,-1,0,-1,-1,-1,-1,-1,0,4,1,2,-1,-1,13,1,1,-1,-1,3,1,0,1
2024991528480,2024,991528480,258254,665863,-4.26658,55.86504,99,3,2,2,30/11/2024,7,20:45,-1,S12000049,S12000049,S12000049,6,0,6,20,-1,16,2,6,0,-1,-1,0,4,2,2,-1,-1,13,1,1,-1,-1,3,1,0,1
2024991464272,2024,991464272,309525,686993,-3.45479,56.06718,99,3,2,3,04/07/2024,5,22:25,-1,S12000047,S12000047,S12000047,3,823,3,40,-1,0,-1,3,823,-1,-1,0,4,1,2,-1,-1,13,1,2,-1,-1,3,1,0,1
2024991438983,2024,991438983,376236,821956,-2.39587,57.2876,99,3,1,1,02/05/2024,5,13:15,-1,S12000034,S12000034,S12000034,6,0,6,30,-1,13,4,6,0,-1,-1,0,1,1,1,-1,-1,13,1,1,-1,-1,3,1,0,1
2024991403509,2024,991403509,276251,652953,-3.97333,55.75407,99,3,2,2,28/01/2024,1,13:10,-1,S12000029,S12000029,S12000029,3,72,3,50,-1,13,4,6,0,-1,-1,0,1,1,2,-1,-1,13,2,1,-1,-1,3,1,0,1
2024991396978,2024,991396978,278357,702654,-3.96227,56.20089,99,3,2,2,10/01/2024,4,20:38,-1,S12000030,S12000030,S12000030,3,9,3,70,-1,0,-1,-1,-1,-1,-1,0,6,1,1,-1,-1,13,2,1,-1,-1,3,1,0,1
2024991524354,2024,991524354,364078,741269,-2.58607,56.562,99,2,1,1,02/12/2024,2,11:40,-1,S12000041,S12000041,S12000041,3,92,3,30,-1,0,-1,6,0,-1,-1,14,1,1,2,-1,-1,13,1,1,-1,-1,6,1,1,0
2024991508881,2024,991508881,257677,652126,-4.26861,55.74154,99,3,1,1,26/10/2024,7,14:00,-1,S12000011,S12000011,S12000011,4,764,6,30,-1,18,4,6,0,-1,-1,0,1,1,2,-1,-1,13,1,1,-1,-1,3,1,0,1
2024991474310,2024,991474310,282216,706205,-3.90169,56.23375,99,3,2,1,26/07/2024,6,00:50,-1,S12000048,S12000048,S12000048,3,9,3,70,-1,19,4,3,822,-1,-1,0,7,1,1,-1,-1,13,2,1,-1,-1,3,1,0,1
2024991466178,2024,991466178,258145,666466,-4.26864,55.87042,99,3,1,1,10/07/2024,4,23:40,-1,S12000049,S12000049,S12000049,3,82,3,30,-1,0,-1,3,804,-1,-1,0,6,1,1,-1,-1,13,1,1,-1,-1,3,1,0,1
2024991502853,2024,991502853,325350,673328,-3.19687,55.94717,99,3,2,1,11/10/2024,6,19:00,-1,S12000036,S12000036,S12000036,6,0,6,20,-1,0,-1,6,0,-1,-1,13,4,2,2,-1,-1,13,1,1,-1,-1,3,1,0,1
2024991535723,2024,991535723,258842,665193,-4.25684,55.85919,99,3,1,1,29/12/2024,1,17:45,-1,S12000049,S12000049,S12000049,6,0,6,20,-1,0,-1,6,0,-1,-1,14,4,1,1,-1,-1,13,1,1,-1,-1,3,1,0,1
2024991458542,2024,991458542,250855,626519,-4.36329,55.5096,99,2,2,3,18/04/2024,5,07:15,-1,S12000008,S12000008,S12000008,4,705,6,60,-1,0,-1,6,0,-1,-1,0,1,1,2,-1,-1,13,2,1,-1,-1,5,1,1,0
2024991442643,2024,991442643,316576,690607,-3.3427,56.10093,99,3,2,2,14/05/2024,3,10:30,-1,S12000047,S12000047,S12000047,3,92,3,70,-1,-1,4,3,92,-1,-1,0,1,1,1,-1,-1,13,2,1,-1,-1,3,1,0,1
2024991453097,2024,991453097,357552,634964,-2.67532,55.60642,99,3,4,1,08/05/2024,4,11:14,-1,S12000026,S12000026,S12000026,3,68,6,60,-1,0,-1,4,6360,-1,-1,0,1,1,1,-1,-1,13,2,1,-1,-1,3,1,0,1
