collision_index,collision_year,collision_ref_no,vehicle_reference,vehicle_type,towing_and_articulation,vehicle_manoeuvre_historic,vehicle_manoeuvre,vehicle_direction_from,vehicle_direction_to,vehicle_location_restricted_lane_historic,vehicle_location_restricted_lane,junction_location,skidding_and_overturning,hit_object_in_carriageway,vehicle_leaving_carriageway,hit_object_off_carriageway,first_point_of_impact,vehicle_left_hand_drive,journey_purpose_of_driver_historic,journey_purpose_of_driver,sex_of_driver,age_of_driver,age_band_of_driver,engine_capacity_cc,propulsion_code,age_of_vehicle,generic_make_model,driver_imd_decile,lsoa_of_driver,escooter_flag,driver_distance_banding
2023991272854,2023,991272854,2,9,0,5,5,3,7,0,0,0,0,0,0,0,2,1,6,6,2,46,8,1997,2,10,CITROEN DS4,1,-1,0,-1
2023031361841,2023,031361841,2,9,0,9,9,3,5,0,0,5,0,0,0,0,4,1,5,6,1,59,9,1997,2,12,FORD MONDEO,4,E01019137,0,-1
2023131362090,2023,131362090,2,9,0,5,5,7,5,0,0,8,0,0,0,0,1,1,6,6,1,38,7,1997,2,8,FORD MONDEO,1,E01033691,0,-1
2023131332810,2023,131332810,1,9,0,4,4,5,1,0,0,1,0,0,0,0,1,1,6,6,1,45,7,1560,2,9,FORD MONDEO,1,E01011332,0,-1
2023552301273,2023,552301273,1,9,0,18,19,2,6,0,0,0,0,0,0,0,1,1,6,6,1,26,6,1997,2,7,FORD MONDEO,10,E01020378,0,-1
2023221340468,2023,221340468,1,9,0,13,13,4,8,0,0,0,0,0,0,0,1,1,6,6,1,47,8,2179,2,15,FORD MONDEO,4,E01032381,0,-1
2023411388556,2023,411388556,1,9,0,7,7,6,7,9,9,0,0,0,0,0,3,1,5,6,1,86,11,1753,2,16,FORD MONDEO,6,E01000324,0,-1
2023421323138,2023,421323138,1,9,0,7,7,7,1,0,0,8,0,0,0,0,4,1,5,6,1,70,10,1999,8,1,FORD MONDEO,9,E01021526,0,-1
2023461297971,2023,461297971,3,9,0,4,4,3,7,0,0,1,0,0,0,0,1,1,2,2,2,54,8,1998,2,17,FORD MONDEO,5,E01024356,0,-1
2023101358583,2023,101358583,2,9,0,9,9,1,6,0,0,6,0,0,0,0,3,1,1,1,2,57,9,1997,2,9,FORD MONDEO,3,E01027462,0,-1
2023231377720,2023,231377720,1,8,0,9,9,5,3,0,0,4,0,0,0,0,4,1,2,2,1,38,7,1997,2,13,FORD MONDEO,3,E01031332,0,-1
2023221321641,2023,221321641,2,5,0,4,4,6,2,0,0,0,0,0,1,0,2,1,6,6,1,55,8,1200,1,2,-1,2,E01032470,0,-1
2023010475192,2023,010475192,2,9,0,99,99,9,9,99,99,9,9,99,9,99,1,9,6,6,3,29,6,1999,1,17,MAZDA 6,8,E01023307,0,-1
2023010480301,2023,010480301,1,9,0,18,19,3,7,2,2,1,0,0,0,0,1,1,6,6,1,37,7,1998,1,9,MAZDA 6,5,E01001859,0,-1
2023430561863,2023,430561863,2,9,0,18,19,6,2,0,0,0,0,0,0,0,1,1,6,6,1,-1,-1,1999,1,21,MAZDA 6,-1,-1,0,-1
2023131316053,2023,131316053,2,9,0,9,9,3,1,0,0,8,0,0,0,0,4,1,6,6,1,67,10,2488,1,13,MAZDA 6,1,E01011475,0,-1
2023471283714,2023,471283714,1,9,0,18,19,7,3,0,0,0,0,0,0,0,1,1,1,1,1,56,9,-1,3,2,MG 5,2,E01004423,0,-1
2023041375750,2023,041375750,2,9,0,18,19,7,3,0,0,0,0,0,0,0,3,1,2,2,2,25,5,1499,1,1,MINI COOPER,9,E01024867,0,-1
202360A177238,2023,60A177238,2,9,0,3,3,2,6,0,0,2,0,0,0,0,2,1,2,2,1,63,9,1598,1,12,MINI COOPER,-1,-1,0,-1
2023010464869,2023,010464869,1,9,0,9,9,3,8,0,0,8,0,0,0,0,1,1,6,6,2,22,5,1998,1,0,MINI COOPER,3,E01030400,0,-1
2023221340468,2023,221340468,2,9,0,18,19,8,4,0,0,0,0,0,0,0,1,1,1,1,1,40,7,1598,1,14,MINI COOPER,9,E01032351,0,-1
2023122300768,2023,122300768,2,9,0,3,3,8,4,0,0,1,0,0,0,0,2,1,6,6,1,53,8,1598,1,14,MINI COOPER,6,E01027559,0,-1
2023471371783,2023,471371783,2,9,0,11,11,3,7,0,0,0,0,0,0,0,2,1,6,6,1,23,5,1499,1,0,MINI COOPER,6,E01031365,0,-1
2023471361585,2023,471361585,3,9,0,18,19,6,2,0,0,0,0,0,0,0,1,1,2,2,2,55,8,1499,1,4,MINI COOPER,10,E01022931,0,-1
2023010447303,2023,010447303,1,9,0,3,3,4,8,0,0,0,0,0,0,0,2,1,6,6,2,37,7,1598,1,14,MINI COOPER,3,E01004030,0,-1
2023101350451,2023,101350451,1,9,0,18,19,5,1,0,0,0,0,4,0,0,1,1,5,6,2,73,10,1499,1,5,MINI COOPER,2,E01008492,0,-1
2023041361266,2023,041361266,2,9,0,18,19,5,1,0,0,0,0,2,4,6,4,1,5,6,2,67,10,1998,1,4,MINI COOPER,9,-1,0,-1
2023010485539,2023,010485539,2,9,0,18,19,3,7,0,0,1,0,0,0,0,1,1,6,6,1,56,9,1499,1,1,MINI COOPER,2,E01000785,0,-1
2023010460158,2023,010460158,1,9,0,99,99,9,9,99,99,9,9,99,9,99,9,9,6,6,1,32,6,1998,1,0,MINI COOPER,8,E01021744,0,-1
2023471280290,2023,471280290,2,9,0,18,19,2,6,0,0,1,0,0,0,0,2,1,5,6,1,52,8,1598,1,16,MINI COOPER,10,E01021162,0,-1
2023622300111,2023,622300111,2,9,0,4,4,4,8,0,0,2,0,0,0,0,3,1,6,6,2,57,9,1499,1,5,MINI COOPER,4,W01001233,0,-1
2023010428004,2023,010428004,2,9,0,18,19,1,5,0,0,1,0,0,0,0,2,9,6,6,2,-1,-1,1598,1,15,MINI COOPER,9,E01000344,0,-1
2023010451014,2023,010451014,1,9,0,2,2,0,0,9,9,1,0,0,0,0,3,1,6,6,3,-1,-1,-1,3,2,MINI COOPER,-1,-1,0,-1
2023991339918,2023,991339918,2,9,0,3,3,1,5,0,0,1,0,0,0,0,3,1,5,6,1,59,9,1499,1,4,MINI COOPER,-1,-1,0,-1
2023471352540,2023,471352540,2,9,0,18,19,2,6,0,0,1,0,2,6,1,3,1,3,7,2,25,5,1598,1,19,MINI COOPER,2,E01031361,0,-1
2023340WN5502,2023,340WN5502,1,9,0,14,14,3,7,0,0,1,0,0,0,0,1,1,6,6,2,47,8,1600,2,12,MINI COOPER,-1,-1,0,-1
2023531288324,2023,531288324,3,9,0,18,19,2,6,0,0,0,0,0,7,0,3,1,5,6,2,53,8,1499,1,4,MINI COOPER,10,E01022426,0,-1
2023471270626,2023,471270626,1,9,0,17,19,4,8,0,0,0,1,0,2,0,4,1,5,6,1,24,5,1598,1,16,MINI COOPER,8,E01031629,0,-1
2023440450872,2023,440450872,1,9,0,18,19,8,4,0,0,0,0,0,0,0,1,1,1,1,1,46,8,2199,2,14,HONDA ACCORD,10,E01023073,0,-1
2023101325046,2023,101325046,1,9,0,4,4,8,4,0,0,0,0,0,0,0,1,1,6,6,1,-1,-1,2199,2,12,HONDA ACCORD,-1,-1,0,-1
2023545440423,2023,545440423,1,9,0,7,7,7,5,0,0,5,0,0,0,0,1,1,6,6,1,67,10,1998,1,16,HONDA ACCORD,5,E01031982,0,-1
2023010484713,2023,010484713,2,9,0,14,14,5,1,0,0,1,0,0,0,0,1,1,6,6,2,73,10,1998,1,19,HONDA ACCORD,4,E01001167,0,-1
2023010473687,2023,010473687,1,9,0,99,99,9,9,99,99,9,9,99,9,99,2,9,2,2,1,50,8,2995,8,0,VOLKSWAGEN TOUAREG,4,E01002744,0,-1
2023501354203,2023,501354203,3,9,0,3,3,1,5,0,0,0,0,0,0,0,2,1,6,6,1,68,10,2967,2,11,VOLKSWAGEN TOUAREG,7,E01029060,0,-1
2023361268656,2023,361268656,1,9,0,9,9,7,5,0,0,8,0,0,0,0,1,1,6,6,1,34,6,3996,1,4,PORSCHE PANAMERA,5,E01033539,0,-1
2023010439829,2023,010439829,1,5,0,18,19,6,2,0,0,1,5,10,7,11,1,1,6,6,1,69,10,800,1,9,TRIUMPH TIGER,6,E01002609,0,-1
2023010424696,2023,010424696,2,5,0,18,19,1,5,0,0,1,0,0,0,0,1,1,6,6,1,74,10,800,1,3,TRIUMPH TIGER,9,E01023962,0,-1
2023170M11813,2023,170M11813,1,11,0,18,19,3,7,0,0,2,0,0,0,0,1,1,1,1,1,62,9,6700,2,13,VDL MODEL MISSING,1,E01033477,0,-1
2023471364830,2023,471364830,1,9,0,16,19,5,8,0,0,3,0,0,0,0,2,1,2,2,1,59,9,1390,1,14,VOLKSWAGEN URBAN,10,E01031639,0,-1
2023552301189,2023,552301189,2,9,0,18,19,8,4,0,0,8,0,0,0,0,1,1,4,7,1,17,4,1198,1,14,VOLKSWAGEN URBAN,7,E01020361,0,-1
2023010438020,2023,010438020,1,9,0,99,99,9,9,99,99,9,9,99,9,99,9,9,6,6,1,23,5,1499,1,4,BMW 2 SERIES,2,E01001515,0,-1
2023131277884,2023,131277884,1,9,0,-1,-1,-1,-1,-1,-1,0,-1,-1,-1,-1,-1,1,6,6,3,-1,-1,1995,2,7,BMW 2 SERIES,-1,-1,0,-1
2023010483763,2023,010483763,1,9,0,99,99,9,9,99,99,9,9,99,9,99,2,1,6,6,2,38,7,1499,1,4,BMW 2 SERIES,1,E01002852,0,-1
202354A135523,2023,54A135523,3,9,0,4,4,8,4,0,0,5,0,0,0,0,2,1,6,6,1,52,8,1499,1,0,BMW 2 SERIES,8,E01015472,0,-1
2023302301100,2023,302301100,1,9,0,1,1,3,7,0,0,0,0,0,0,0,2,1,6,6,1,68,10,1499,1,5,BMW 2 SERIES,3,E01019511,0,-1
2023430251732,2023,430251732,2,9,0,9,9,1,7,0,0,5,0,0,0,0,4,1,1,1,1,39,7,1499,1,5,BMW 2 SERIES,2,E01028435,0,-1
2023052302186,2023,052302186,1,9,0,18,19,8,4,0,0,0,0,2,0,0,1,1,2,2,1,34,6,1499,1,5,BMW 2 SERIES,1,E01006697,0,-1
2023101371710,2023,101371710,2,9,0,4,4,5,1,0,0,0,0,0,0,0,2,1,2,2,2,46,8,-1,3,1,HYUNDAI KONA,1,E01008485,0,-1
2023041373116,2023,041373116,2,9,0,5,5,7,3,0,0,0,0,0,0,0,1,1,1,1,2,34,6,998,1,3,HYUNDAI KONA,2,E01012709,0,-1
2023231322790,2023,231322790,1,9,0,18,19,2,6,0,0,0,0,0,0,0,1,1,5,6,1,45,7,-1,3,2,HYUNDAI KONA,-1,-1,0,-1
2023991349682,2023,991349682,2,9,0,18,19,4,8,0,0,0,0,2,0,0,2,1,1,1,1,40,7,-1,3,2,HYUNDAI KONA,-1,-1,0,-1
2023031328370,2023,031328370,2,9,0,4,4,5,1,0,0,8,0,0,0,0,2,1,5,6,2,64,9,1580,8,1,HYUNDAI KONA,-1,-1,0,-1
2023552300812,2023,552300812,1,9,0,18,19,4,8,0,0,0,0,0,7,1,1,1,6,6,2,70,10,-1,3,3,HYUNDAI KONA,9,E01015432,0,-1
2023430015557,2023,430015557,2,9,0,3,3,8,4,0,0,0,0,0,0,0,2,1,2,2,2,39,7,998,1,5,HYUNDAI KONA,6,E01028451,0,-1
2023520301153,2023,520301153,2,9,0,18,19,6,2,0,0,1,0,0,0,0,3,1,6,6,2,39,7,998,1,4,HYUNDAI KONA,9,E01032099,0,-1
2023461318166,2023,461318166,1,19,0,18,19,7,3,0,0,5,0,2,7,0,1,1,1,1,1,65,9,-1,-1,-1,MAN TGE,6,E01024094,0,-1
2023010435794,2023,010435794,1,8,0,99,99,9,9,99,99,9,9,99,9,99,9,9,1,1,1,42,7,1580,8,5,HYUNDAI IONIQ,1,E01002715,0,-1
2023991274559,2023,991274559,3,9,0,18,19,2,6,0,0,0,0,0,0,0,2,1,2,2,1,47,8,1580,8,6,HYUNDAI IONIQ,9,-1,0,-1
2023061351156,2023,061351156,2,9,0,3,3,1,5,0,0,0,0,0,0,0,4,1,2,2,2,35,6,-1,3,0,HYUNDAI IONIQ,1,E01005552,0,-1
2023010470690,2023,010470690,3,9,0,3,3,1,5,0,0,0,0,0,0,0,1,1,1,1,1,32,6,1580,8,5,HYUNDAI IONIQ,3,E01000108,0,-1
2023131290539,2023,131290539,1,9,0,5,5,5,1,0,0,0,0,0,0,0,1,1,6,6,1,29,6,1896,2,17,VOLKSWAGEN JETTA,1,E01010666,0,-1
2023131288316,2023,131288316,1,9,0,-1,-1,-1,-1,-1,-1,8,-1,-1,-1,0,-1,1,6,6,3,-1,-1,2480,1,4,AUDI RS3,-1,-1,0,-1
2023010450640,2023,010450640,1,9,0,99,99,9,9,99,99,9,9,99,9,99,9,9,6,6,1,21,5,2480,1,5,AUDI RS3,4,E01016837,0,-1
2023131316053,2023,131316053,3,9,0,18,19,3,7,0,0,2,0,0,0,0,1,1,6,6,1,60,9,1499,2,9,FORD ECOSPORT,4,E01011727,0,-1
2023041323934,2023,041323934,2,9,0,18,19,5,1,0,0,1,0,0,7,0,2,1,5,6,1,68,10,998,1,4,FORD ECOSPORT,1,E01025582,0,-1
2023520301819,2023,520301819,2,9,0,2,2,0,0,0,0,0,0,0,0,0,2,1,6,6,2,25,5,1499,2,5,FORD ECOSPORT,5,E01029324,0,-1
2023101371710,2023,101371710,1,9,0,18,19,5,1,0,0,0,0,0,0,0,0,1,5,6,2,72,10,2199,2,10,HYUNDAI SANTA FE,10,E01008497,0,-1
2023131380114,2023,131380114,1,9,0,18,19,3,7,0,0,8,0,0,7,0,1,1,5,6,2,56,9,2199,2,13,HYUNDAI SANTA FE,3,E01010776,0,-1
2023552400145,2023,552400145,1,9,0,18,19,4,8,0,0,0,0,0,0,0,1,1,6,6,2,47,8,1598,2,10,VOLKSWAGEN BEETLE,1,E01015307,0,-1
2023122300868,2023,122300868,1,9,0,3,3,2,6,0,0,0,0,0,0,0,4,1,6,6,2,18,4,1560,2,9,FORD B-MAX,8,E01027621,0,-1
2023361367797,2023,361367797,1,9,0,18,19,6,2,0,0,0,0,0,0,0,1,1,5,6,2,82,11,1596,1,7,FORD B-MAX,8,E01026913,0,-1
2023340WN2332,2023,340WN2332,1,9,0,9,9,2,8,0,0,6,0,0,0,0,1,1,6,6,1,83,11,998,1,9,FORD B-MAX,5,E01027302,0,-1
2023061303990,2023,061303990,1,9,3,18,19,5,1,0,0,0,0,0,0,0,4,1,5,6,1,71,10,2497,2,17,KIA SORENTO,1,E01005941,0,-1
2023101358583,2023,101358583,1,4,0,18,19,5,2,0,0,8,0,0,0,0,1,1,2,2,1,47,8,125,1,3,KTM 125 DUKE,4,E01008510,0,-1
2023010420676,2023,010420676,1,3,0,99,99,9,9,99,99,9,9,99,9,99,9,1,2,2,2,29,6,125,1,3,LEXMOTO ENIGMA,7,E01004597,0,-1
2023201287675,2023,201287675,4,9,0,18,19,5,1,0,0,0,0,0,0,0,1,1,6,6,2,-1,-1,1597,1,13,MERCEDES CLC CLASS,-1,-1,0,-1
2023991324152,2023,991324152,3,90,0,18,19,4,8,0,0,0,0,0,0,0,2,1,5,6,1,72,10,2184,2,1,-1,6,-1,0,-1
2023522400383,2023,522400383,1,9,0,18,19,4,8,0,0,0,0,0,0,0,1,1,6,6,2,29,6,1368,1,12,FIAT PUNTO,4,W01001709,0,-1
2023070877591,2023,070877591,3,9,0,4,4,1,5,0,0,0,0,0,0,0,3,1,6,6,1,64,9,1242,1,6,FIAT PUNTO,4,E01029367,0,-1
2023122301176,2023,122301176,1,9,0,18,19,3,7,0,0,8,0,0,0,0,1,1,6,6,1,36,7,1242,1,16,FIAT PUNTO,7,E01013406,0,-1
2023161365253,2023,161365253,2,9,0,18,19,3,7,0,0,0,0,0,0,0,2,1,5,6,1,46,8,1368,1,15,FIAT PUNTO,3,E01013233,0,-1
2023991339918,2023,991339918,1,9,0,5,5,5,1,0,0,1,0,0,7,0,3,1,5,6,2,95,11,1368,1,12,FIAT PUNTO,5,-1,0,-1
2023430149010,2023,430149010,3,9,0,3,3,8,4,0,0,0,0,0,0,0,2,1,6,6,2,45,7,1596,1,9,FORD C-MAX,10,E01017873,0,-1
2023211346059,2023,211346059,3,9,0,5,5,2,4,0,0,0,0,0,0,0,1,1,5,6,1,44,7,1596,1,9,FORD C-MAX,6,E01010115,0,-1
2023451322935,2023,451322935,2,9,0,3,3,3,7,0,0,0,0,0,0,0,2,1,5,6,1,65,9,1950,2,4,MERCEDES GLC CLASS,10,E01030344,0,-1
2023010430218,2023,010430218,2,9,0,99,99,9,9,99,99,9,9,99,9,99,9,9,6,6,3,-1,-1,1991,1,5,MERCEDES GLC CLASS,-1,-1,0,-1
2023451328416,2023,451328416,2,9,0,18,19,5,1,0,0,0,0,0,0,0,2,1,5,6,1,45,7,2143,2,4,MERCEDES GLC CLASS,8,E01000777,0,-1
2023501310142,2023,501310142,2,9,0,18,19,7,3,0,0,8,0,0,0,0,1,1,5,6,1,54,8,2143,2,4,MERCEDES GLC CLASS,4,E01020322,0,-1
2023520301153,2023,520301153,1,5,0,14,14,2,6,0,0,2,0,0,0,0,1,1,6,6,1,51,8,1783,1,16,-1,5,E01032056,0,-1
2023010435958,2023,010435958,2,11,0,5,5,5,1,0,0,0,0,0,0,0,1,1,1,1,1,63,9,6692,2,10,WRIGHTBUS GEMINI,7,E01001036,0,-1
2023010442225,2023,010442225,1,11,0,3,3,7,3,0,0,1,0,0,0,0,0,1,1,1,1,64,9,6692,2,12,WRIGHTBUS GEMINI,2,E01002080,0,-1
2023041347504,2023,041347504,4,9,0,4,4,5,1,0,0,0,0,0,0,0,2,1,5,6,2,30,6,1248,1,8,KIA RIO,5,E01006892,0,-1
2023311300426,2023,311300426,1,9,0,18,19,2,8,0,0,0,0,0,0,0,1,1,5,6,1,22,5,1493,2,15,KIA RIO,4,E01028249,0,-1
2023010450629,2023,010450629,2,9,0,3,3,1,5,0,0,0,0,0,0,0,2,1,6,6,1,48,8,1396,1,11,KIA RIO,6,E01000273,0,-1
2023101329527,2023,101329527,1,9,0,18,19,1,5,0,0,0,0,0,0,0,2,1,1,1,2,31,6,1995,1,9,SUBARU FORESTER,4,E01027408,0,-1
2023451269001,2023,451269001,2,9,0,9,9,1,5,0,0,0,0,0,0,0,2,1,6,6,1,17,4,1994,7,19,SUBARU FORESTER,6,E01024207,0,-1
2023451377487,2023,451377487,1,9,0,18,19,8,4,0,0,0,0,0,0,0,2,1,5,6,2,55,8,1994,1,12,SUBARU FORESTER,8,E01030784,0,-1
2023131384515,2023,131384515,1,9,0,18,19,5,1,0,0,0,0,0,0,0,1,1,5,6,1,22,5,796,1,14,CHEVROLET MATIZ,1,E01010809,0,-1
2023170M11203,2023,170M11203,1,9,0,9,9,2,7,0,0,8,0,0,0,0,1,1,6,6,1,60,9,1248,1,9,HYUNDAI I20,4,E01012056,0,-1
2023010447188,2023,010447188,1,9,0,99,99,9,9,99,99,9,9,99,9,99,2,9,6,6,2,50,8,998,1,13,TOYOTA IQ,4,E01003608,0,-1
2023201412174,2023,201412174,1,9,0,18,19,7,4,0,0,0,0,0,0,0,1,2,1,1,3,29,6,1598,2,5,VOLKSWAGEN T-ROC,1,E01009361,0,-1
2023991329875,2023,991329875,1,9,0,18,19,7,3,0,0,0,0,0,0,0,1,1,6,6,2,32,6,999,1,2,VOLKSWAGEN T-ROC,7,-1,0,-1
2023421285734,2023,421285734,1,9,0,3,3,1,6,0,0,0,0,0,0,0,2,1,6,6,2,25,5,1498,1,3,VOLKSWAGEN T-ROC,10,E01021787,0,-1
2023631378614,2023,631378614,2,9,0,4,4,1,5,0,0,0,1,0,0,0,2,1,5,6,2,69,10,1498,1,2,VOLKSWAGEN T-ROC,6,W01000575,0,-1
2023201319464,2023,201319464,2,9,0,3,3,3,7,0,0,0,0,0,0,0,2,1,2,2,2,22,5,999,1,5,VOLKSWAGEN T-ROC,6,E01031022,0,-1
2023440407164,2023,440407164,1,2,0,4,4,7,3,0,0,0,0,11,0,0,1,1,6,6,2,64,9,125,1,8,-1,4,E01017341,0,-1
2023010439829,2023,010439829,2,3,0,18,19,6,2,0,0,1,5,0,0,0,3,1,6,6,3,-1,-1,124,1,14,YAMAHA NXC,-1,-1,0,-1
2023010462233,2023,010462233,1,3,0,5,5,7,3,0,0,8,0,0,0,0,4,1,6,6,1,48,8,124,1,0,YAMAHA X,4,E01000618,0,-1
2023010451175,2023,010451175,1,3,0,99,99,9,9,0,0,8,9,99,9,99,1,1,1,1,1,25,5,124,1,4,YAMAHA X,2,E01004723,0,-1
2023430162636,2023,430162636,1,9,0,18,19,1,5,0,0,0,0,0,0,0,1,1,6,6,1,39,7,1910,2,16,ALFA ROMEO 159,7,E01033500,0,-1
2023041391621,2023,041391621,1,9,0,18,19,3,7,0,0,0,0,0,0,0,1,1,5,6,1,29,6,1998,1,3,BMW M1,6,E01025586,0,-1
2023010464257,2023,010464257,1,3,0,14,14,1,5,0,0,2,0,0,0,0,1,1,4,7,2,17,4,125,1,6,HONDA CBR,5,E01000194,0,-1
2023302301798,2023,302301798,1,3,0,14,14,6,2,0,0,1,0,0,0,0,1,1,2,2,1,23,5,125,1,18,HONDA CBR,6,E01019815,0,-1
202354A672223,2023,54A672223,1,5,0,18,19,8,4,0,0,2,0,0,0,0,1,1,6,6,1,65,9,1137,1,24,HONDA CBR,3,E01017127,0,-1
2023010476830,2023,010476830,1,5,0,14,14,7,3,0,0,6,5,10,0,0,4,1,2,2,1,34,6,1000,1,9,HONDA CBR,9,E01004191,0,-1
2023371360542,2023,371360542,3,5,0,18,19,3,7,0,0,8,1,0,0,0,4,1,5,6,1,26,6,599,1,25,HONDA CBR,5,E01029958,0,-1
2023010431710,2023,010431710,2,5,0,3,3,5,1,0,0,1,0,0,0,0,2,1,1,1,1,25,5,649,1,7,HONDA CBR,-1,-1,0,-1
2023361270297,2023,361270297,1,9,0,18,19,8,4,0,0,0,0,0,0,0,1,1,2,2,1,57,9,2143,2,12,-1,5,E01026943,0,-1
2023471297302,2023,471297302,1,9,0,18,19,3,1,0,0,0,0,2,0,0,1,1,5,6,1,62,9,1995,2,7,KIA SPORTAGE,7,E01021098,0,-1
2023340WN2032,2023,340WN2032,3,9,0,3,3,7,3,0,0,0,0,0,0,0,2,1,6,6,2,49,8,1995,2,11,KIA SPORTAGE,6,E01032977,0,-1
2023010474059,2023,010474059,2,9,0,99,99,9,9,99,99,0,9,99,9,99,2,9,6,6,3,-1,-1,1591,1,6,KIA SPORTAGE,-1,-1,0,-1
2023440508098,2023,440508098,1,9,0,3,3,3,7,0,0,0,0,0,0,0,2,1,6,6,1,61,9,1598,8,0,KIA SPORTAGE,10,E01022873,0,-1
2023161291832,2023,161291832,2,9,0,18,19,3,7,0,0,0,0,0,0,0,2,1,3,7,2,61,9,1995,2,5,KIA SPORTAGE,5,E01012964,0,-1
2023101263832,2023,101263832,1,9,0,18,19,1,5,9,9,0,0,7,3,0,1,1,5,6,1,20,4,1685,2,5,KIA SPORTAGE,1,E01008166,0,-1
2023631387471,2023,631387471,2,9,0,3,3,5,1,0,0,0,0,0,0,0,2,1,5,6,1,60,9,1685,2,7,KIA SPORTAGE,5,W01000599,0,-1
2023070753095,2023,070753095,2,9,0,18,19,6,2,0,0,1,0,0,0,0,1,1,2,2,2,34,6,1685,2,7,KIA SPORTAGE,-1,-1,0,-1
2023041324190,2023,041324190,1,9,0,9,9,3,5,0,0,8,0,0,0,0,1,1,5,6,2,49,8,1591,1,7,KIA SPORTAGE,9,E01005598,0,-1
2023440481958,2023,440481958,1,9,0,6,6,1,1,0,0,0,0,0,0,0,3,1,6,6,1,79,11,998,1,2,KIA XCEED,5,E01031544,0,-1
2023451322935,2023,451322935,3,9,0,18,19,3,7,0,0,0,0,2,0,0,2,1,3,7,2,62,9,1999,2,6,LAND ROVER DISCOVERY,7,E01030515,0,-1
2023991261726,2023,991261726,1,9,0,9,9,5,1,0,0,2,0,0,0,0,3,1,2,2,1,58,9,1498,8,1,LAND ROVER DISCOVERY,8,-1,0,-1
2023170S10413,2023,170S10413,2,9,0,9,9,5,3,0,0,8,0,0,0,0,4,1,6,6,2,56,9,2997,2,2,LAND ROVER DISCOVERY,7,E01012269,0,-1
2023451376838,2023,451376838,1,9,0,5,5,5,1,0,0,0,0,0,0,0,1,1,5,6,1,25,5,2720,2,17,LAND ROVER DISCOVERY,6,E01030336,0,-1
2023061268470,2023,061268470,1,9,0,5,5,5,1,0,0,0,0,0,0,0,1,1,5,6,2,40,7,1999,2,5,LAND ROVER DISCOVERY,-1,-1,0,-1
2023401270249,2023,401270249,2,9,0,3,3,5,1,0,0,0,0,0,0,0,2,1,6,6,1,29,6,1968,2,9,VOLKSWAGEN SCIROCCO,4,E01015756,0,-1
2023461296075,2023,461296075,4,9,0,3,3,3,7,0,0,0,0,0,0,0,2,1,2,2,2,29,6,1998,1,8,MAZDA 3,6,E01024096,0,-1
2023552400024,2023,552400024,1,9,0,1,1,8,4,0,0,1,0,0,0,0,2,1,6,6,3,-1,-1,1598,1,14,MAZDA 3,-1,-1,0,-1
2023101296425,2023,101296425,3,9,0,3,3,1,5,0,0,0,0,0,0,0,2,1,5,6,1,40,7,1598,1,19,MAZDA 3,-1,-1,0,-1
2023201370082,2023,201370082,2,9,0,17,19,7,4,0,0,2,0,0,0,0,1,1,6,6,3,-1,-1,1498,1,4,SEAT ARONA,-1,-1,0,-1
2023552300342,2023,552300342,2,9,0,18,19,4,8,0,0,0,0,0,0,0,2,1,6,6,2,62,9,999,1,3,SEAT ARONA,9,E01015316,0,-1
2023451359964,2023,451359964,2,5,0,18,19,1,5,0,0,1,0,0,0,0,4,1,2,2,1,57,9,1200,1,7,TRIUMPH BONNEVILLE,7,E01023109,0,-1
2023471358052,2023,471358052,2,5,0,13,13,8,3,0,0,1,0,0,0,0,1,1,5,6,1,65,9,865,1,13,TRIUMPH BONNEVILLE,6,E01030524,0,-1
2023311346081,2023,311346081,1,9,0,9,9,4,1,0,0,1,0,0,0,0,1,1,6,6,3,-1,-1,1995,2,11,RENAULT LAGUNA,-1,-1,0,-1
2023440131381,2023,440131381,3,9,0,18,19,5,1,0,0,1,0,0,0,0,1,1,6,6,1,81,11,1997,1,15,RENAULT LAGUNA,9,E01022586,0,-1
2023991294553,2023,991294553,3,9,0,4,4,2,6,0,0,2,0,0,0,0,1,1,6,6,1,54,8,1968,2,6,VOLKSWAGEN GOLF,5,E01027553,0,-1
2023991326374,2023,991326374,1,9,0,18,19,4,8,0,0,0,0,4,0,0,1,1,5,6,1,74,10,1598,2,10,VOLKSWAGEN GOLF,-1,-1,0,-1
2023430152157,2023,430152157,2,9,0,9,9,8,6,0,0,6,0,0,0,0,3,1,6,6,1,-1,-1,1968,2,16,VOLKSWAGEN GOLF,-1,-1,0,-1
2023421279923,2023,421279923,1,9,0,18,19,5,1,0,0,0,0,4,0,0,4,1,6,6,1,23,5,1968,2,10,VOLKSWAGEN GOLF,4,E01021829,0,-1
2023320470558,2023,320470558,2,9,0,18,19,4,8,0,0,8,0,0,0,0,1,1,6,6,1,33,6,1968,2,4,VOLKSWAGEN GOLF,5,E01012280,0,-1
2023201347470,2023,201347470,1,9,0,18,19,8,4,0,0,8,0,0,0,0,1,1,6,6,1,31,6,1598,2,11,VOLKSWAGEN GOLF,-1,-1,0,-1
2023451355625,2023,451355625,3,9,0,18,19,1,5,0,0,0,0,0,0,0,2,1,5,6,1,30,6,2000,2,19,VOLKSWAGEN GOLF,3,E01001578,0,-1
2023161391857,2023,161391857,1,9,0,18,19,2,6,0,0,0,0,0,0,0,1,1,6,6,1,19,4,1600,2,13,VOLKSWAGEN GOLF,-1,-1,0,-1
2023070408259,2023,070408259,2,9,0,3,3,4,1,0,0,8,0,0,0,0,2,1,6,6,2,40,7,1395,1,10,VOLKSWAGEN GOLF,3,W01000263,0,-1
2023351340709,2023,351340709,2,9,0,4,4,1,5,0,0,0,0,0,0,0,0,1,5,6,1,70,10,1600,2,13,VOLKSWAGEN GOLF,10,E01018007,0,-1
2023430368131,2023,430368131,1,9,0,9,9,8,6,0,0,5,0,0,0,0,4,1,1,1,1,43,7,1598,2,8,VOLKSWAGEN GOLF,10,E01023278,0,-1
2023041380072,2023,041380072,4,9,0,4,4,3,7,0,0,0,0,0,0,0,2,1,6,6,1,32,6,1968,2,7,VOLKSWAGEN GOLF,2,E01025285,0,-1
2023101362977,2023,101362977,3,9,0,3,3,7,3,0,0,0,0,0,0,0,2,1,5,6,1,52,8,1984,1,15,VOLKSWAGEN GOLF,9,E01008245,0,-1
2023991264443,2023,991264443,2,9,0,18,19,8,4,0,0,0,0,0,0,0,1,1,5,6,2,32,6,2000,1,13,VOLKSWAGEN GOLF,6,-1,0,-1
2023010483443,2023,010483443,2,9,9,99,99,9,9,99,99,9,9,99,9,99,2,9,6,6,3,-1,-1,1598,1,17,VOLKSWAGEN GOLF,-1,-1,0,-1
2023201371879,2023,201371879,1,9,0,3,3,5,1,0,0,0,0,0,0,0,1,1,6,6,3,30,6,1984,1,11,VOLKSWAGEN GOLF,-1,-1,0,-1
2023340NN3312,2023,340NN3312,2,9,0,4,4,6,2,0,0,2,0,0,0,0,2,1,6,6,2,40,7,1896,2,15,VOLKSWAGEN GOLF,2,E01026957,0,-1
2023461289783,2023,461289783,2,9,0,4,4,2,8,0,0,0,0,0,0,0,2,1,5,6,1,50,8,1984,1,8,VOLKSWAGEN GOLF,9,E01016106,0,-1
2023411383957,2023,411383957,2,9,0,9,9,5,3,0,0,4,0,0,0,0,1,1,1,1,1,20,4,1390,1,14,VOLKSWAGEN GOLF,6,E01015778,0,-1
2023471283714,2023,471283714,2,9,0,8,8,7,3,0,0,0,0,0,0,0,2,1,5,6,1,24,5,1390,1,13,VOLKSWAGEN GOLF,6,E01004108,0,-1
2023451337679,2023,451337679,1,9,0,18,19,2,6,0,0,0,0,0,2,7,1,1,6,6,1,47,8,1968,2,12,VOLKSWAGEN GOLF,5,E01023429,0,-1
2023552300154,2023,552300154,2,9,0,18,19,8,4,0,0,8,0,0,0,0,1,1,6,6,3,-1,-1,1600,1,17,VOLKSWAGEN GOLF,-1,-1,0,-1
2023131356225,2023,131356225,1,9,0,18,19,1,1,0,0,8,0,2,0,0,1,1,5,6,1,19,4,1600,2,13,VOLKSWAGEN GOLF,1,E01010720,0,-1
2023031369100,2023,031369100,3,9,0,18,19,5,5,0,0,0,0,0,0,0,0,1,5,6,1,59,9,1968,2,6,VOLKSWAGEN GOLF,6,E01019338,0,-1
2023131272599,2023,131272599,2,9,0,18,19,1,5,0,0,1,0,0,0,0,1,1,5,6,1,22,5,1598,2,10,VOLKSWAGEN GOLF,2,E01011262,0,-1
2023332300509,2023,332300509,3,9,0,2,2,0,0,0,0,0,0,0,0,0,4,1,6,6,2,60,9,1984,1,8,VOLKSWAGEN GOLF,2,E01013768,0,-1
2023320414454,2023,320414454,2,9,0,3,3,6,2,0,0,0,0,0,0,0,2,1,6,6,1,61,9,1984,1,4,VOLKSWAGEN GOLF,8,E01026363,0,-1
2023201389298,2023,201389298,1,9,0,18,19,7,3,0,0,0,0,0,0,0,2,1,6,6,1,-1,-1,1390,1,14,VOLKSWAGEN GOLF,-1,-1,0,-1
2023471323436,2023,471323436,2,9,0,3,3,1,1,0,0,0,0,0,0,0,2,1,5,6,1,33,6,2000,1,17,VOLKSWAGEN GOLF,8,E01031418,0,-1
2023141317451,2023,141317451,2,9,0,18,19,1,5,0,0,1,5,2,0,0,1,1,6,6,3,-1,-1,2000,2,18,VOLKSWAGEN GOLF,-1,-1,0,-1
2023231298198,2023,231298198,1,9,0,18,19,2,6,0,0,8,0,0,0,0,1,1,6,6,1,31,6,1900,2,18,VOLKSWAGEN GOLF,-1,-1,0,-1
2023320621980,2023,320621980,1,9,0,18,19,4,8,0,0,0,0,0,0,0,1,1,6,6,1,30,6,2324,1,21,VOLKSWAGEN GOLF,2,E01026011,0,-1
2023430149010,2023,430149010,2,9,0,18,19,8,4,0,0,0,0,0,0,0,1,1,6,6,1,-1,-1,1900,2,19,VOLKSWAGEN GOLF,-1,-1,0,-1
2023221371075,2023,221371075,2,9,0,9,9,5,3,0,0,6,0,0,0,0,1,1,6,6,1,57,9,1395,8,3,VOLKSWAGEN GOLF,9,E01032341,0,-1
2023141350522,2023,141350522,1,9,0,12,12,2,6,0,0,2,0,0,0,0,1,1,5,6,2,37,7,1598,2,13,VOLKSWAGEN GOLF,3,E01007510,0,-1
202360A007748,2023,60A007748,3,9,0,3,3,6,2,0,0,2,0,0,0,0,2,1,6,6,2,30,6,1900,2,22,VOLKSWAGEN GOLF,-1,-1,0,-1
2023451267111,2023,451267111,2,9,0,4,4,1,5,0,0,0,0,0,0,0,2,1,5,6,1,42,7,1598,2,13,VOLKSWAGEN GOLF,7,E01030943,0,-1
2023430297784,2023,430297784,2,9,0,18,19,7,3,0,0,0,0,0,0,0,1,1,6,6,1,-1,-1,1598,2,12,VOLKSWAGEN GOLF,-1,-1,0,-1
2023031271469,2023,031271469,3,9,0,3,3,6,2,0,0,0,0,0,0,0,2,1,5,6,1,26,6,1390,1,17,VOLKSWAGEN GOLF,7,E01019240,0,-1
2023332301026,2023,332301026,2,9,0,6,6,3,3,0,0,8,0,0,0,0,3,1,2,2,2,25,5,1968,2,2,VOLKSWAGEN GOLF,3,E01013765,0,-1
2023101321393,2023,101321393,2,9,0,9,9,3,1,0,0,1,0,0,0,0,3,1,6,6,1,24,5,1968,2,9,VOLKSWAGEN GOLF,1,E01008702,0,-1
2023201370635,2023,201370635,2,9,0,9,9,6,4,0,0,6,0,0,0,0,4,1,5,6,2,46,8,999,1,1,VOLKSWAGEN GOLF,1,E01009892,0,-1
2023010446695,2023,010446695,2,9,0,99,99,9,9,99,99,9,9,99,9,99,1,9,6,6,3,-1,-1,1197,1,9,VOLKSWAGEN GOLF,-1,-1,0,-1
2023522300157,2023,522300157,1,9,0,6,6,8,8,0,0,1,0,0,0,0,1,1,6,6,1,-1,-1,1395,1,8,VOLKSWAGEN GOLF,-1,-1,0,-1
2023221373822,2023,221373822,1,9,0,18,19,8,4,0,0,8,0,0,0,0,1,1,6,6,1,22,5,1984,1,6,VOLKSWAGEN GOLF,7,E01032136,0,-1
2023451279545,2023,451279545,3,9,0,3,3,1,5,0,0,1,0,0,0,0,2,1,2,2,1,56,9,1968,2,1,VOLKSWAGEN GOLF,6,E01029165,0,-1
2023991308992,2023,991308992,1,9,0,18,19,3,7,0,0,0,0,0,0,0,1,1,6,6,2,22,5,1598,2,12,VOLKSWAGEN GOLF,1,-1,0,-1
2023401298838,2023,401298838,2,9,0,18,19,8,4,0,0,1,0,2,0,0,1,1,5,6,1,86,11,1900,2,23,VOLKSWAGEN GOLF,7,E01017491,0,-1
2023201321936,2023,201321936,1,9,0,18,19,3,7,0,0,1,0,0,0,0,1,1,6,6,2,-1,-1,1896,2,18,VOLKSWAGEN GOLF,-1,-1,0,-1
2023070592320,2023,070592320,1,9,0,18,19,1,5,0,0,0,5,2,0,0,1,1,6,6,1,25,5,998,1,8,CITROEN C1,6,E01018356,0,-1
2023010483370,2023,010483370,1,9,0,99,99,9,9,99,99,9,9,99,9,99,2,9,6,6,1,34,6,1200,1,5,CITROEN C1,6,E01001991,0,-1
2023041302302,2023,041302302,1,9,0,9,9,7,3,0,0,5,0,0,0,0,1,1,5,6,2,34,6,998,1,10,CITROEN C1,1,E01012735,0,-1
2023461375592,2023,461375592,2,9,0,3,3,7,3,0,0,1,0,0,0,0,2,1,6,6,2,24,5,998,1,13,CITROEN C1,5,E01024654,0,-1
2023440303934,2023,440303934,2,9,0,13,13,1,5,0,0,0,0,0,0,0,1,1,6,6,1,-1,-1,998,1,8,CITROEN C1,-1,-1,0,-1
2023461369880,2023,461369880,2,9,0,4,4,3,7,0,0,0,0,7,0,0,2,1,2,2,2,61,9,998,1,12,CITROEN C1,10,E01032655,0,-1
2023101296425,2023,101296425,2,9,0,3,3,5,1,0,0,0,0,0,0,0,2,1,5,6,2,32,6,1200,1,6,CITROEN C1,1,E01008666,0,-1
2023541945023,2023,541945023,1,9,0,18,19,8,4,0,0,2,1,0,0,0,1,1,6,6,1,42,7,998,1,13,CITROEN C1,8,E01032044,0,-1
2023041376848,2023,041376848,1,9,0,17,19,1,3,0,0,1,0,0,0,0,1,1,5,6,2,48,8,1200,1,7,CITROEN C1,8,E01024978,0,-1
2023211295787,2023,211295787,1,9,0,11,11,3,7,0,0,0,0,0,0,0,2,1,2,2,2,24,5,998,1,8,CITROEN C1,3,E01029850,0,-1
2023531342136,2023,531342136,1,9,0,18,19,6,2,0,0,0,0,4,7,1,1,1,2,2,1,19,4,998,1,13,CITROEN C1,9,E01022369,0,-1
2023010483285,2023,010483285,1,9,0,12,12,3,7,0,0,8,0,0,0,0,3,1,6,6,1,69,10,3456,8,10,LEXUS RX 450,5,E01001389,0,-1
2023371310516,2023,371310516,1,9,0,18,19,8,4,0,0,0,0,2,0,0,4,1,6,6,1,80,11,3456,8,5,LEXUS RX 450,5,E01030151,0,-1
2023141273507,2023,141273507,2,9,0,18,19,5,1,0,0,1,0,2,0,0,1,2,5,6,2,76,11,1998,1,2,MAZDA CX-30,9,E01007825,0,-1
2023622300823,2023,622300823,1,9,0,3,3,4,8,0,0,0,0,0,0,0,2,1,6,6,1,51,8,-1,3,3,MERCEDES EQC CLASS,9,W01001113,0,-1
2023991313501,2023,991313501,2,9,0,18,19,1,5,0,0,0,0,0,7,4,2,1,5,6,1,26,6,1560,2,10,VOLVO V40,5,-1,0,-1
2023041280668,2023,041280668,1,9,0,18,19,1,5,0,0,0,5,0,1,11,1,1,5,6,1,36,7,1969,2,5,VOLVO V40,8,E01025266,0,-1
202363D006623,2023,63D006623,2,9,0,3,3,1,6,0,0,0,0,0,0,0,4,1,6,6,2,22,5,1560,2,10,VOLVO V40,7,W01000477,0,-1
2023421269023,2023,421269023,2,9,0,2,2,6,2,0,0,0,0,0,0,0,2,1,6,6,1,64,9,3189,1,16,AUDI TT,6,E01021875,0,-1
2023451378705,2023,451378705,2,9,0,18,19,1,5,0,0,0,0,0,0,0,2,1,6,6,2,53,8,1968,2,14,AUDI TT,5,E01023110,0,-1
2023201287675,2023,201287675,3,9,0,18,19,4,8,0,0,0,0,0,0,0,1,1,6,6,1,26,6,1968,2,8,AUDI TT,-1,-1,0,-1
2023451306391,2023,451306391,2,9,0,18,19,6,2,0,0,0,0,0,0,0,2,1,1,1,2,51,8,3189,1,16,AUDI TT,4,E01001158,0,-1
2023211269257,2023,211269257,3,9,0,9,9,8,6,0,0,1,0,0,0,0,2,1,5,6,1,42,7,1968,2,9,AUDI TT,5,E01029638,0,-1
2023010463311,2023,010463311,2,4,0,18,19,1,5,2,2,0,0,10,0,0,1,1,6,6,1,41,7,798,1,15,-1,5,E01023727,0,-1
2023471318167,2023,471318167,2,9,0,18,19,1,5,0,0,8,0,0,0,0,3,1,5,6,2,74,10,1998,1,1,BMW X1,9,E01031764,0,-1
2023131298635,2023,131298635,4,9,0,4,4,4,8,0,0,0,0,0,0,0,2,1,6,6,2,30,6,1995,2,7,BMW X1,1,E01010943,0,-1
2023010426753,2023,010426753,2,9,0,16,19,5,1,0,0,0,0,0,0,0,3,2,6,6,1,36,7,1998,1,6,BMW X1,6,E01003653,0,-1
2023471335481,2023,471335481,1,9,0,18,19,7,4,0,0,4,0,0,0,0,1,1,6,6,2,61,9,1995,2,8,BMW X1,5,E01031771,0,-1
2023471347065,2023,471347065,1,9,0,18,19,6,2,0,0,2,0,0,0,0,1,1,6,6,2,76,11,1995,2,13,BMW X1,3,E01021016,0,-1
2023440423449,2023,440423449,1,9,0,5,5,2,6,0,0,1,0,0,0,0,1,1,6,6,1,53,8,1499,8,2,BMW X1,9,E01022475,0,-1
2023361328785,2023,361328785,2,9,0,3,3,1,4,0,0,0,0,0,0,0,2,1,5,6,2,61,9,1995,2,11,BMW X1,2,E01026680,0,-1
2023320452073,2023,320452073,3,9,0,18,19,2,6,0,0,0,0,0,0,0,1,1,6,6,2,41,7,1995,2,8,BMW X1,-1,-1,0,-1
2023131298635,2023,131298635,1,9,0,18,19,4,8,0,0,0,0,0,0,0,1,1,6,6,1,85,11,1995,2,7,BMW X1,9,E01010971,0,-1
2023131323722,2023,131323722,2,21,0,18,19,6,2,0,0,0,0,0,0,0,1,1,2,2,1,40,7,-1,-1,-1,DENNIS MODEL MISSING,3,E01011048,0,-1
2023451288752,2023,451288752,3,11,0,18,19,3,7,0,0,8,0,0,0,0,1,1,1,1,1,66,10,5883,2,22,DENNIS MODEL MISSING,10,E01030680,0,-1
2023010462146,2023,010462146,2,21,4,99,99,9,9,99,99,9,9,99,9,99,9,9,6,6,3,-1,-1,7698,2,7,MERCEDES MODEL MISSING,-1,-1,0,-1
2023201291268,2023,201291268,1,21,1,18,19,1,5,0,0,0,5,7,0,0,1,1,6,6,1,44,7,10677,2,8,MERCEDES MODEL MISSING,4,E01032858,0,-1
2023991265516,2023,991265516,1,20,0,18,19,7,3,0,0,0,0,0,0,0,1,1,1,1,1,50,8,5132,2,8,MERCEDES MODEL MISSING,2,-1,0,-1
2023050394462,2023,050394462,3,21,0,18,19,1,5,0,0,0,0,2,0,0,3,1,1,1,1,56,9,7698,2,5,MERCEDES MODEL MISSING,8,E01006263,0,-1
2023451313713,2023,451313713,1,21,1,18,19,5,1,0,0,0,1,0,0,0,4,1,1,1,1,35,6,12809,2,11,MERCEDES MODEL MISSING,1,E01032252,0,-1
2023061359405,2023,061359405,1,11,0,5,5,1,5,0,0,1,0,0,0,0,4,1,1,1,1,27,6,6370,2,12,MERCEDES MODEL MISSING,1,E01005130,0,-1
2023161320535,2023,161320535,1,21,0,18,19,6,2,0,0,0,0,0,0,0,2,1,1,1,1,57,9,12809,2,2,MERCEDES MODEL MISSING,7,E01032596,0,-1
2023421320205,2023,421320205,1,11,0,18,19,3,6,0,0,0,0,0,0,0,1,1,1,1,1,73,10,4250,2,16,MERCEDES MODEL MISSING,6,E01021419,0,-1
2023991313851,2023,991313851,1,21,0,18,19,3,7,0,0,1,0,0,0,0,1,1,1,1,2,45,7,7698,2,0,MERCEDES MODEL MISSING,-1,-1,0,-1
2023451363161,2023,451363161,2,21,0,18,19,1,5,0,0,8,0,0,0,0,1,1,1,1,1,38,7,7698,2,5,MERCEDES MODEL MISSING,9,E01030639,0,-1
2023501340670,2023,501340670,1,21,1,5,5,7,2,0,0,4,0,0,0,0,1,1,1,1,1,49,8,10677,2,4,MERCEDES MODEL MISSING,8,E01022255,0,-1
2023131310829,2023,131310829,1,20,0,18,19,3,3,0,0,0,0,0,0,0,1,1,1,1,1,41,7,7698,2,7,MERCEDES MODEL MISSING,1,E01005527,0,-1
2023451308701,2023,451308701,1,3,0,18,19,5,1,0,0,0,2,12,0,0,1,1,5,6,1,22,5,125,1,14,HONDA SH,7,E01030361,0,-1
2023332300678,2023,332300678,2,9,0,18,19,3,7,0,0,8,0,0,0,0,3,1,2,2,1,51,8,1997,1,6,JAGUAR F-TYPE,10,E01025785,0,-1
2023201291268,2023,201291268,2,9,0,18,19,1,5,0,0,0,0,10,1,2,1,1,6,6,1,37,7,2179,2,12,LAND ROVER FREELANDER,10,W01000326,0,-1
2023041323934,2023,041323934,1,9,0,18,19,5,1,0,0,1,1,0,0,0,1,1,1,1,1,62,9,2179,2,11,LAND ROVER FREELANDER,7,E01025081,0,-1
2023201376765,2023,201376765,1,9,0,18,19,2,7,0,0,0,0,0,0,0,1,1,6,6,2,31,6,1951,2,21,LAND ROVER FREELANDER,-1,-1,0,-1
2023010484286,2023,010484286,2,9,0,18,19,5,1,0,0,1,0,0,0,0,1,1,6,6,1,63,9,1798,8,9,LEXUS CT 200,4,E01003277,0,-1
2023302300935,2023,302300935,1,9,0,4,4,8,4,0,0,1,0,0,0,0,2,1,6,6,3,56,9,1995,2,9,MINI COUNTRYMAN,1,E01027198,0,-1
2023471280290,2023,471280290,3,9,0,4,4,2,6,0,0,1,0,0,0,0,2,1,5,6,1,37,7,1598,2,10,MINI COUNTRYMAN,6,E01031692,0,-1
2023451392499,2023,451392499,1,9,0,9,9,1,5,0,0,1,0,0,0,0,3,1,5,6,2,54,8,1200,1,7,DS DS3,10,E01030360,0,-1
2023010440849,2023,010440849,2,5,0,18,19,5,1,2,2,4,0,0,0,0,3,1,6,6,1,40,7,1043,1,7,KAWASAKI ZR,1,E01002732,0,-1
2023122300825,2023,122300825,1,3,0,4,4,7,3,0,0,0,1,0,0,0,2,1,6,6,1,31,6,124,1,0,LEXMOTO LXR,9,E01011935,0,-1
2023010468470,2023,010468470,2,9,0,99,99,9,9,99,99,9,9,99,9,99,1,9,6,6,3,63,9,2981,1,7,PORSCHE 911,9,E01003847,0,-1
2023170L10923,2023,170L10923,3,9,0,3,3,6,2,0,0,0,0,0,0,0,3,1,6,6,2,52,8,1998,2,8,-1,1,E01012100,0,-1
2023471364830,2023,471364830,2,9,0,16,19,5,8,0,0,3,0,0,0,0,1,1,5,6,2,71,10,1199,1,1,VAUXHALL CROSSLAND,2,E01031558,0,-1
2023522400343,2023,522400343,2,9,0,18,19,5,1,0,0,8,0,0,0,0,4,1,6,6,1,58,9,1199,1,5,VAUXHALL CROSSLAND,3,E01014493,0,-1
2023201287675,2023,201287675,1,21,1,18,19,4,8,0,0,0,0,0,0,0,2,1,1,1,1,51,8,11120,2,1,-1,1,E01011780,0,-1
2023010454828,2023,010454828,2,20,0,99,99,9,9,99,99,9,9,99,9,99,1,9,6,6,3,-1,-1,-1,-1,-1,-1,-1,-1,0,-1
2023141321368,2023,141321368,1,19,0,2,2,0,0,0,0,0,0,0,0,0,2,1,5,6,1,26,6,1896,2,14,VOLKSWAGEN CADDY,3,E01007702,0,-1
2023991317938,2023,991317938,1,19,0,18,19,1,5,0,0,0,0,0,0,0,1,1,1,1,1,23,5,1968,2,5,VOLKSWAGEN CADDY,9,-1,0,-1
2023411328955,2023,411328955,2,9,0,3,3,3,7,0,0,0,0,0,0,0,2,1,6,6,2,55,8,1968,2,9,VOLKSWAGEN TIGUAN,9,E01033609,0,-1
2023010428004,2023,010428004,1,9,0,99,99,9,9,99,99,1,9,99,9,99,2,9,1,1,1,61,9,1968,2,6,VOLKSWAGEN TIGUAN,3,E01004066,0,-1
2023010457639,2023,010457639,2,9,0,7,7,3,5,0,0,2,0,0,0,0,1,1,6,6,2,75,10,1968,2,13,VOLKSWAGEN TIGUAN,8,E01002922,0,-1
2023141350522,2023,141350522,2,9,0,18,19,2,4,0,0,2,0,0,0,0,2,1,5,6,1,58,9,1968,2,15,VOLKSWAGEN TIGUAN,7,E01028015,0,-1
2023010464770,2023,010464770,2,9,0,99,99,9,9,99,99,9,9,99,9,99,9,9,6,6,1,45,7,1968,2,6,VOLKSWAGEN TIGUAN,9,E01030394,0,-1
2023010475192,2023,010475192,1,9,0,99,99,9,9,99,99,9,9,99,9,99,2,9,2,2,1,49,8,1498,1,1,VOLKSWAGEN TIGUAN,4,E01017926,0,-1
2023041301347,2023,041301347,1,9,0,5,5,1,5,0,0,0,0,0,0,0,1,1,5,6,2,36,7,1498,1,2,VOLKSWAGEN TIGUAN,4,E01012713,0,-1
2023340NN1152,2023,340NN1152,1,9,0,4,4,3,7,0,0,1,0,0,0,0,1,1,6,6,2,35,6,1968,2,14,VOLKSWAGEN TIGUAN,8,E01026977,0,-1
2023010429186,2023,010429186,1,9,0,18,19,3,7,0,0,0,0,0,0,0,2,1,6,6,2,39,7,1984,1,12,VOLKSWAGEN TIGUAN,3,E01002407,0,-1
202360A126394,2023,60A126394,2,9,0,4,4,4,8,0,0,0,0,0,0,0,2,1,6,6,1,72,10,1968,2,8,VOLKSWAGEN TIGUAN,-1,-1,0,-1
2023041302302,2023,041302302,2,9,0,18,19,3,7,0,0,8,0,0,0,0,1,1,5,6,2,33,6,1995,12,2,BMW X3,4,E01012599,0,-1
2023010422314,2023,010422314,2,9,9,99,99,9,9,99,99,9,9,99,9,99,9,9,6,6,3,-1,-1,1995,2,13,BMW X3,-1,-1,0,-1
2023141330577,2023,141330577,4,9,0,18,19,6,2,0,0,0,0,0,0,0,1,1,6,6,3,-1,-1,1995,2,17,BMW X3,-1,-1,0,-1
2023451306926,2023,451306926,1,9,0,18,19,6,2,0,0,0,0,0,0,0,1,1,6,6,1,42,7,2993,2,8,BMW X3,7,E01030420,0,-1
2023141322569,2023,141322569,2,9,0,18,19,5,1,0,0,0,0,0,0,0,1,1,6,6,1,61,9,1968,2,14,-1,2,E01007656,0,-1
2023010460924,2023,010460924,1,9,0,99,99,9,9,99,99,9,9,99,9,99,1,9,2,2,1,42,7,2996,1,4,MERCEDES AMG CLASS,7,E01021791,0,-1
2023451369024,2023,451369024,1,9,0,3,3,3,7,0,0,8,0,0,0,0,2,1,5,6,2,49,8,2996,1,4,MERCEDES AMG CLASS,5,E01002948,0,-1
2023320044145,2023,320044145,1,9,0,18,19,2,6,0,0,2,1,0,0,0,1,1,6,6,2,37,7,1490,1,15,SUZUKI SWIFT,4,E01026183,0,-1
2023010459045,2023,010459045,1,9,0,18,19,5,1,0,0,8,0,0,0,0,3,1,6,6,3,-1,-1,1242,1,10,SUZUKI SWIFT,-1,-1,0,-1
2023440147903,2023,440147903,1,9,0,18,19,7,3,0,0,4,0,0,0,0,1,1,6,6,3,19,4,1490,1,17,SUZUKI SWIFT,-1,-1,0,-1
2023461300621,2023,461300621,2,9,0,18,19,1,5,0,0,0,0,2,0,0,2,1,2,2,2,30,6,1197,8,1,SUZUKI SWIFT,7,E01024802,0,-1
2023451377487,2023,451377487,2,9,0,3,3,8,4,0,0,0,0,0,0,0,0,1,6,6,1,33,6,998,8,4,SUZUKI SWIFT,9,E01018054,0,-1
2023430162636,2023,430162636,2,9,0,3,3,1,5,0,0,0,0,0,0,0,2,1,2,2,2,38,7,1242,1,7,SUZUKI SWIFT,-1,-1,0,-1
2023010437546,2023,010437546,2,9,0,5,5,7,3,0,0,1,0,0,0,0,1,1,6,6,1,33,6,3902,1,6,-1,6,E01002818,0,-1
2023070915742,2023,070915742,2,9,0,4,4,5,1,0,0,8,0,2,0,0,2,1,2,2,2,-1,-1,1242,1,6,FIAT 500,10,E01018346,0,-1
2023041260024,2023,041260024,1,9,0,18,19,5,1,0,0,8,0,0,0,0,1,1,6,6,1,57,9,1242,1,10,FIAT 500,6,E01025514,0,-1
2023991321453,2023,991321453,2,9,0,3,3,4,7,0,0,0,0,0,0,0,2,1,2,2,2,23,5,1242,1,9,FIAT 500,5,-1,0,-1
2023461270495,2023,461270495,1,9,0,18,19,7,3,0,0,0,0,0,0,0,1,1,6,6,2,30,6,-1,3,1,FIAT 500,7,E01024576,0,-1
2023361334648,2023,361334648,2,9,0,18,19,3,7,0,0,1,0,0,0,0,1,1,5,6,2,40,7,1242,1,6,FIAT 500,10,E01026537,0,-1
2023010453961,2023,010453961,1,9,0,14,14,1,5,0,0,3,0,0,0,0,1,1,6,6,2,27,6,1242,1,10,FIAT 500,9,E01023674,0,-1
2023070053474,2023,070053474,3,9,0,4,4,7,3,0,0,0,0,0,0,0,2,1,6,6,1,55,8,999,1,1,FIAT 500,3,E01005363,0,-1
2023201391452,2023,201391452,4,9,0,18,19,4,8,0,0,0,0,0,0,0,2,1,5,6,2,28,6,1242,1,9,FIAT 500,7,E01029613,0,-1
2023332300150,2023,332300150,1,9,0,6,6,2,2,0,0,0,0,0,0,0,1,1,6,6,2,62,9,1242,1,9,FIAT 500,8,E01025948,0,-1
2023451363161,2023,451363161,1,9,0,9,9,3,1,0,0,8,0,0,0,0,1,1,4,7,2,18,4,1242,1,5,FIAT 500,10,E01030541,0,-1
2023131295670,2023,131295670,2,9,0,18,19,7,3,0,0,0,0,0,0,0,3,1,2,2,2,29,6,1242,1,4,FIAT 500,6,E01010816,0,-1
2023201391452,2023,201391452,5,9,0,18,19,4,8,0,0,0,0,0,0,0,2,1,5,6,2,27,6,1242,1,12,FIAT 500,1,E01027110,0,-1
2023131298635,2023,131298635,2,9,0,4,4,4,8,0,0,0,0,0,0,0,2,1,6,6,2,26,6,1242,1,7,FIAT 500,7,E01010917,0,-1
2023361367797,2023,361367797,2,9,0,18,19,2,6,0,0,0,0,0,0,0,1,1,5,6,2,64,9,1242,1,13,FIAT 500,10,E01026915,0,-1
2023201300616,2023,201300616,1,9,0,5,5,8,4,0,0,6,0,0,0,0,3,1,6,6,2,50,8,1242,1,7,FIAT 500,2,E01010474,0,-1
2023161310876,2023,161310876,2,9,0,3,3,8,4,0,0,1,0,0,0,0,2,1,5,6,2,53,8,999,1,1,FIAT 500,-1,-1,0,-1
2023440417222,2023,440417222,1,9,0,18,19,4,8,0,0,0,0,2,0,0,1,1,6,6,2,61,9,1242,1,9,FIAT 500,8,E01023049,0,-1
2023471265408,2023,471265408,1,3,0,18,19,2,6,2,2,0,1,0,0,0,0,1,2,2,2,26,6,125,1,1,-1,1,E01020979,0,-1
2023010421440,2023,010421440,2,9,9,99,99,9,9,99,99,9,9,12,9,99,9,9,6,6,1,24,5,1595,1,5,MERCEDES CLA CLASS,6,E01002567,0,-1
2023061346481,2023,061346481,2,9,0,18,19,2,6,0,0,2,0,0,0,0,2,1,5,6,1,22,5,2143,2,8,MERCEDES CLA CLASS,1,E01032558,0,-1
2023991277317,2023,991277317,1,9,0,5,5,5,1,9,9,4,0,7,0,0,1,1,6,6,3,-1,-1,1595,1,4,MERCEDES CLA CLASS,-1,-1,0,-1
2023010452786,2023,010452786,1,9,0,9,9,7,4,0,0,5,0,0,0,0,2,1,6,6,1,22,5,1332,1,4,MERCEDES CLA CLASS,2,E01002765,0,-1
2023010449400,2023,010449400,1,9,0,7,7,4,7,0,0,6,0,11,0,0,1,1,6,6,3,-1,-1,1332,1,2,MERCEDES CLA CLASS,-1,-1,0,-1
2023041361266,2023,041361266,1,9,0,18,19,4,8,0,0,0,5,0,0,0,1,1,2,2,1,40,7,4395,1,3,-1,7,-1,0,-1
2023122300930,2023,122300930,1,9,0,18,19,1,5,0,0,8,0,0,0,0,4,1,1,1,1,59,9,2499,2,21,-1,7,E01027616,0,-1
2023451326724,2023,451326724,3,3,0,18,19,1,5,0,0,0,1,0,0,0,1,1,5,6,1,20,4,125,1,3,-1,5,E01030459,0,-1
2023010485160,2023,010485160,1,5,0,99,99,9,9,99,99,9,9,99,9,99,9,1,6,6,1,53,8,1158,1,0,-1,6,E01033570,0,-1
2023320693352,2023,320693352,3,9,0,3,3,6,2,0,0,0,0,0,0,0,2,1,6,6,1,42,7,1685,2,11,HYUNDAI I40,6,E01026260,0,-1
2023211346059,2023,211346059,1,9,0,5,5,2,4,0,0,0,0,0,0,0,2,1,5,6,1,76,11,1685,2,6,HYUNDAI I40,8,E01027504,0,-1
2023522324393,2023,522324393,3,4,0,18,19,6,2,0,0,2,0,0,0,0,1,1,6,6,1,63,9,248,1,33,-1,3,E01014942,0,-1
2023101350451,2023,101350451,2,9,0,2,2,0,0,0,0,0,0,0,0,0,2,1,5,6,1,36,7,1330,1,3,RENAULT MEGANE,6,E01008530,0,-1
2023461270689,2023,461270689,2,9,0,18,19,3,7,0,0,1,0,11,0,0,1,1,1,1,1,21,5,1461,2,16,RENAULT MEGANE,4,E01024541,0,-1
2023010459414,2023,010459414,1,9,0,7,7,7,1,0,0,5,1,0,0,0,2,1,6,6,1,40,7,1461,2,11,RENAULT MEGANE,5,E01002590,0,-1
2023201387832,2023,201387832,2,9,0,3,3,8,4,0,0,0,0,0,0,0,2,1,6,6,2,45,7,1998,2,15,TOYOTA AVENSIS,1,E01009881,0,-1
2023552301186,2023,552301186,1,9,0,18,19,5,1,0,0,8,0,0,0,0,1,1,2,2,2,49,8,1995,2,10,TOYOTA AVENSIS,2,E01020582,0,-1
2023201376285,2023,201376285,2,8,0,18,19,8,4,0,0,1,0,0,0,0,3,1,6,6,1,65,9,1598,2,7,TOYOTA AVENSIS,1,E01009377,0,-1
2023010474310,2023,010474310,1,9,0,99,99,9,9,99,99,9,9,99,9,99,9,9,2,2,2,29,6,1229,1,7,VAUXHALL ADAM,2,E01003594,0,-1
2023631307892,2023,631307892,2,5,0,18,19,1,5,0,0,8,0,0,0,0,1,1,5,6,1,65,9,1450,1,17,-1,3,W01001302,0,-1
2023440057387,2023,440057387,1,5,0,18,19,1,5,0,0,8,0,2,0,0,1,1,6,6,1,55,8,998,1,25,YAMAHA MODEL MISSING,5,E01023285,0,-1
2023411380897,2023,411380897,2,5,0,18,19,1,5,0,0,2,1,0,1,0,4,1,5,6,1,36,7,1200,1,16,YAMAHA MODEL MISSING,7,E01023832,0,-1
2023141370878,2023,141370878,3,9,0,18,19,1,5,0,0,0,0,0,0,0,2,1,5,6,2,32,6,1598,1,10,CITROEN DS3,5,E01007757,0,-1
2023440115262,2023,440115262,2,9,0,18,19,1,5,0,0,0,0,0,0,0,3,1,6,6,2,52,8,1598,1,9,CITROEN DS3,2,E01017272,0,-1
2023131381917,2023,131381917,1,9,0,18,19,3,7,0,0,0,0,2,0,0,1,1,5,6,2,64,9,1560,2,9,CITROEN DS3,7,W01000114,0,-1
2023111312948,2023,111312948,1,9,0,18,19,6,2,0,0,0,0,0,0,0,2,1,5,6,2,47,8,1461,2,6,DACIA LOGAN,4,E01020896,0,-1
2023211346059,2023,211346059,2,9,0,5,5,2,4,0,0,0,0,0,0,0,1,1,5,6,1,43,7,898,1,8,DACIA LOGAN,10,E01033062,0,-1
2023010452532,2023,010452532,2,5,0,18,19,7,3,0,0,1,0,0,0,0,4,1,6,6,1,39,7,693,1,3,-1,-1,-1,0,-1
2023332301250,2023,332301250,1,9,0,14,14,5,1,0,0,1,0,0,0,0,1,1,1,1,1,41,7,2179,2,11,LAND ROVER RANGE ROVER EVOQUE,3,E01013732,0,-1
2023991274034,2023,991274034,2,9,0,18,19,6,2,0,0,0,0,0,0,0,2,1,5,6,2,33,6,1498,8,2,LAND ROVER RANGE ROVER EVOQUE,5,-1,0,-1
2023991303030,2023,991303030,2,9,0,18,19,2,6,0,0,8,0,0,0,0,1,1,2,2,2,35,6,1999,2,6,LAND ROVER RANGE ROVER EVOQUE,1,-1,0,-1
2023471375480,2023,471375480,2,9,0,18,19,5,1,0,0,0,0,0,0,0,2,1,5,6,2,46,8,1999,2,3,LAND ROVER RANGE ROVER EVOQUE,10,E01031720,0,-1
2023101362977,2023,101362977,2,9,0,3,3,7,3,0,0,0,0,0,0,0,2,1,5,6,1,69,10,2179,2,8,LAND ROVER RANGE ROVER EVOQUE,10,E01027509,0,-1
2023231371438,2023,231371438,1,9,0,18,19,6,2,0,0,0,0,0,5,6,1,1,5,6,1,59,9,2179,2,9,LAND ROVER RANGE ROVER EVOQUE,8,E01019872,0,-1
2023010461496,2023,010461496,1,9,0,18,19,5,1,0,0,3,0,0,0,0,0,1,6,6,1,27,6,1999,2,3,LAND ROVER RANGE ROVER EVOQUE,-1,-1,0,-1
2023311261690,2023,311261690,2,3,0,13,13,5,2,0,0,0,0,0,0,0,4,1,6,6,1,34,6,124,1,1,LEXMOTO LXS,5,E01028242,0,-1
2023131323431,2023,131323431,2,9,0,18,19,4,8,0,0,0,0,0,0,0,2,1,5,6,1,35,6,1149,1,11,RENAULT CLIO,1,E01012643,0,-1
2023122300374,2023,122300374,1,9,0,7,7,1,6,0,0,8,0,0,0,0,1,1,1,1,2,18,4,1461,2,10,RENAULT CLIO,10,E01027698,0,-1
2023111301865,2023,111301865,2,9,0,7,7,2,6,0,0,1,0,0,0,0,0,1,6,6,2,55,8,1149,1,16,RENAULT CLIO,7,E01020684,0,-1
2023991287613,2023,991287613,3,9,0,18,19,1,5,0,0,0,0,0,0,0,2,1,6,6,2,65,9,999,1,2,RENAULT CLIO,8,-1,0,-1
2023451360273,2023,451360273,2,9,0,18,19,7,3,0,0,8,0,0,0,0,3,1,5,6,2,78,11,1149,1,13,RENAULT CLIO,8,E01030659,0,-1
2023070506878,2023,070506878,1,9,0,18,19,4,8,0,0,0,0,0,0,0,1,1,2,2,2,19,4,1149,1,9,RENAULT CLIO,6,E01018736,0,-1
2023101288145,2023,101288145,1,9,0,4,4,5,1,0,0,1,0,0,0,0,1,1,6,6,2,53,8,1149,1,9,RENAULT CLIO,5,E01008861,0,-1
2023421300855,2023,421300855,1,9,0,18,19,3,7,0,0,0,0,0,0,0,2,1,6,6,1,45,7,1149,1,14,RENAULT CLIO,9,E01015980,0,-1
2023361270297,2023,361270297,2,9,0,3,3,8,4,0,0,0,0,0,0,0,2,1,5,6,2,41,7,1461,2,20,RENAULT CLIO,7,E01026928,0,-1
2023430209172,2023,430209172,2,9,0,12,12,6,2,0,0,0,0,0,2,7,2,1,6,6,2,53,8,1149,1,12,RENAULT CLIO,2,E01013502,0,-1
2023451355625,2023,451355625,2,9,0,18,19,1,5,0,0,0,0,0,0,0,1,1,5,6,1,27,6,898,1,7,RENAULT CLIO,9,E01022719,0,-1
2023201376765,2023,201376765,2,9,0,3,3,2,6,0,0,0,0,0,0,0,2,1,6,6,2,30,6,1149,1,17,RENAULT CLIO,1,E01010445,0,-1
2023010430331,2023,010430331,1,9,0,18,19,2,6,0,0,0,0,10,0,0,1,1,6,6,2,25,5,999,1,2,AUDI A1,9,E01001107,0,-1
2023440128843,2023,440128843,2,9,0,18,19,5,1,0,0,0,0,0,0,0,1,1,6,6,1,-1,-1,999,1,3,AUDI A1,-1,-1,0,-1
2023221321641,2023,221321641,3,9,0,4,4,6,2,0,0,0,0,0,0,0,2,1,6,6,2,23,5,999,1,8,AUDI A1,4,E01010040,0,-1
2023501291099,2023,501291099,3,9,0,18,19,3,3,0,0,0,0,0,0,0,2,1,6,6,2,60,9,1197,1,9,AUDI A1,6,E01018763,0,-1
2023141378703,2023,141378703,3,9,0,18,19,1,5,0,0,0,0,0,0,0,1,1,5,6,1,48,8,1395,1,7,AUDI A1,8,E01005880,0,-1
2023031301592,2023,031301592,1,9,0,18,19,8,4,0,0,0,0,4,0,0,1,1,1,1,2,28,6,1598,2,7,AUDI A1,1,E01019231,0,-1
2023070860108,2023,070860108,2,9,0,3,3,1,4,0,0,0,0,2,0,0,2,1,6,6,2,44,7,999,1,0,AUDI A1,6,E01018612,0,-1
2023131368653,2023,131368653,2,9,0,3,3,5,1,0,0,0,0,0,0,0,2,1,5,6,1,67,10,1395,1,5,AUDI A1,6,E01010640,0,-1
20231700H1732,2023,1700H1732,2,9,0,2,2,0,0,0,0,2,0,0,0,0,0,1,6,6,2,37,7,1197,1,10,AUDI A1,9,E01011997,0,-1
2023031341349,2023,031341349,3,9,0,2,2,0,0,0,0,0,0,0,0,0,1,1,6,6,3,-1,-1,1390,1,9,AUDI A1,-1,-1,0,-1
2023471381668,2023,471381668,1,9,0,18,19,3,7,0,0,1,0,2,0,0,1,1,6,6,3,-1,-1,1598,2,12,AUDI A1,-1,-1,0,-1
2023451393429,2023,451393429,2,9,0,18,19,3,7,0,0,0,0,0,0,0,2,1,5,6,2,34,6,1498,1,4,AUDI A1,6,E01030618,0,-1
2023070115257,2023,070115257,1,9,0,18,19,3,7,0,0,0,0,0,0,0,1,1,6,6,2,30,6,999,1,6,AUDI A1,6,E01006438,0,-1
2023131329183,2023,131329183,2,9,0,9,9,1,4,7,6,1,0,0,0,0,1,1,1,1,2,40,7,1395,1,7,AUDI A1,2,E01010619,0,-1
2023031369100,2023,031369100,2,9,0,18,19,5,5,0,0,0,0,0,0,0,1,1,2,2,2,31,6,999,1,6,AUDI A1,3,E01019126,0,-1
2023451324606,2023,451324606,1,9,0,2,2,7,3,0,0,1,0,0,0,0,2,1,5,6,1,44,7,2995,1,1,AUDI Q8,4,E01003277,0,-1
2023340NN2772,2023,340NN2772,1,9,0,18,19,3,7,0,0,2,0,0,0,0,1,1,6,6,3,-1,-1,2996,2,13,BMW X6,-1,-1,0,-1
2023041324190,2023,041324190,2,9,0,17,19,1,1,0,0,1,0,0,0,0,1,1,2,2,1,43,7,2997,2,2,LAND ROVER DEFENDER,6,E01025562,0,-1
2023552301270,2023,552301270,1,9,0,5,5,4,8,0,0,0,0,2,0,0,1,1,6,6,1,59,9,2400,2,16,VOLVO XC70,9,E01020399,0,-1
2023471263559,2023,471263559,2,9,0,18,19,3,7,0,0,0,0,0,1,10,2,1,6,6,2,69,10,1591,1,7,KIA VENGA,7,E01021199,0,-1
2023302300099,2023,302300099,2,19,0,3,3,4,8,0,0,8,0,0,0,0,1,1,1,1,1,36,7,2298,2,2,RENAULT MASTER,2,E01005553,0,-1
2023421338940,2023,421338940,2,19,0,18,19,2,6,0,0,0,0,0,1,0,2,1,1,1,1,51,8,2298,2,4,RENAULT MASTER,4,E01030251,0,-1
2023010432278,2023,010432278,2,19,0,4,4,7,3,0,0,0,0,0,0,0,1,1,1,1,1,27,6,2298,2,6,RENAULT MASTER,1,E01000521,0,-1
2023010482736,2023,010482736,2,9,0,5,5,3,7,0,0,0,0,0,0,0,1,1,1,1,1,55,8,-1,3,1,TESLA MODEL 3,5,E01004522,0,-1
2023010463425,2023,010463425,2,9,0,18,19,1,5,0,0,1,0,0,0,0,2,1,1,1,1,23,5,-1,3,2,TESLA MODEL 3,-1,-1,0,-1
2023010451175,2023,010451175,2,9,0,99,99,9,9,99,99,9,9,99,9,99,2,9,6,6,1,-1,-1,-1,3,2,TESLA MODEL 3,-1,-1,0,-1
2023111369351,2023,111369351,2,9,0,3,3,1,5,0,0,0,0,0,0,0,2,1,5,6,1,25,5,1968,2,5,AUDI A5,7,E01020879,0,-1
2023010450964,2023,010450964,2,9,0,99,99,9,9,99,99,0,9,99,9,99,9,9,6,6,1,66,10,1968,2,6,AUDI A5,3,E01004337,0,-1
2023211261926,2023,211261926,1,9,0,18,19,7,3,0,0,0,0,0,0,0,1,1,6,6,1,22,5,1968,2,3,AUDI A5,-1,-1,0,-1
2023010471971,2023,010471971,1,9,0,9,9,7,5,0,0,1,0,0,0,0,3,1,6,6,1,29,6,1984,1,5,AUDI A5,3,E01003565,0,-1
2023430405791,2023,430405791,2,9,0,18,19,8,4,0,0,1,0,0,0,0,4,1,6,6,2,-1,-1,1984,1,3,AUDI A5,-1,-1,0,-1
2023361311167,2023,361311167,1,9,0,18,19,3,7,0,0,0,0,0,0,0,1,1,6,6,2,23,5,1968,2,7,AUDI A5,6,E01026456,0,-1
2023010434387,2023,010434387,2,9,0,18,19,5,1,0,0,1,0,0,0,0,1,1,6,6,1,25,5,1984,1,3,AUDI A5,2,E01003514,0,-1
2023131280582,2023,131280582,2,9,0,18,19,7,3,0,0,0,0,0,0,0,4,1,5,6,2,48,8,1968,2,6,AUDI A5,8,E01018649,0,-1
2023231352373,2023,231352373,4,9,0,18,19,4,8,0,0,8,0,0,0,0,1,1,5,6,1,51,8,-1,3,3,AUDI E-TRON,9,E01032894,0,-1
2023131348093,2023,131348093,2,9,0,-1,-1,-1,-1,-1,-1,-1,-1,-1,-1,0,-1,1,6,6,3,-1,-1,4999,1,1,LAND ROVER RANGE ROVER SPORT,-1,-1,0,-1
2023131329183,2023,131329183,1,9,0,14,14,1,2,7,6,1,1,4,8,2,1,1,6,6,1,26,6,4999,1,3,LAND ROVER RANGE ROVER SPORT,1,E01010808,0,-1
2023131299611,2023,131299611,2,9,0,18,19,1,5,0,0,8,0,0,0,0,1,1,5,6,1,42,7,2993,2,9,LAND ROVER RANGE ROVER SPORT,1,E01011473,0,-1
2023170L30453,2023,170L30453,2,9,0,4,4,2,6,0,0,0,0,0,0,0,2,1,6,6,2,43,7,2993,2,5,LAND ROVER RANGE ROVER SPORT,7,E01012053,0,-1
2023010481738,2023,010481738,3,9,0,18,19,5,1,0,0,7,0,0,0,0,1,1,6,6,1,67,10,2993,2,7,LAND ROVER RANGE ROVER SPORT,3,E01004028,0,-1
2023461302784,2023,461302784,2,9,0,5,5,5,1,0,0,0,1,2,0,0,1,1,6,6,1,52,8,2993,2,10,LAND ROVER RANGE ROVER SPORT,7,E01024732,0,-1
2023421320205,2023,421320205,2,9,0,3,3,3,6,0,0,0,0,0,0,0,2,1,6,6,1,45,7,2993,2,5,LAND ROVER RANGE ROVER SPORT,7,E01021887,0,-1
2023471342526,2023,471342526,1,9,0,18,19,5,1,0,0,1,0,2,0,0,1,1,5,6,2,78,11,1328,1,10,SUZUKI JIMNY,8,E01031694,0,-1
2023991349682,2023,991349682,1,9,0,18,19,4,7,0,0,0,0,2,0,0,1,1,6,6,2,39,7,1685,2,4,KIA CARENS,-1,-1,0,-1
2023461373812,2023,461373812,3,9,0,3,3,2,6,0,0,1,0,1,0,0,2,1,6,6,2,-1,-1,1685,2,8,KIA CARENS,9,E01024100,0,-1
2023302300728,2023,302300728,1,9,0,18,19,8,4,0,0,0,0,0,0,0,1,1,6,6,1,-1,-1,1910,2,15,VAUXHALL VECTRA,-1,-1,0,-1
2023221274187,2023,221274187,2,9,0,3,3,8,4,0,0,0,0,0,0,0,2,1,6,6,1,36,7,1796,1,19,VAUXHALL VECTRA,1,E01009214,0,-1
2023451324606,2023,451324606,2,9,0,15,15,7,3,0,0,1,0,0,0,0,1,1,6,6,1,45,7,1796,7,15,VAUXHALL VECTRA,-1,-1,0,-1
2023991262197,2023,991262197,1,11,0,7,7,1,3,0,0,2,0,0,0,0,2,1,1,1,1,50,8,-1,3,1,BYD ENVIRO,6,-1,0,-1
2023170L10923,2023,170L10923,1,9,0,18,19,6,2,0,0,0,0,0,0,0,1,1,6,6,1,68,10,1799,1,17,HONDA CIVIC,5,E01012185,0,-1
2023351379816,2023,351379816,2,9,0,18,19,7,3,0,0,1,0,1,0,0,1,1,5,6,2,29,6,1339,1,13,HONDA CIVIC,7,E01029937,0,-1
2023440417222,2023,440417222,2,9,0,3,3,8,4,0,0,0,0,0,1,1,1,1,6,6,1,30,6,1597,2,8,HONDA CIVIC,8,E01023049,0,-1
2023401276128,2023,401276128,2,9,0,18,19,5,1,0,0,0,0,0,0,0,2,1,6,6,1,37,7,1996,1,4,HONDA CIVIC,8,E01032969,0,-1
2023141367832,2023,141367832,1,9,0,18,19,2,6,0,0,1,0,0,0,0,1,1,5,6,1,38,7,1597,2,9,HONDA CIVIC,5,E01007608,0,-1
2023471319227,2023,471319227,1,9,0,18,19,6,2,0,0,1,0,0,0,0,1,1,5,6,2,37,7,1798,1,11,HONDA CIVIC,6,E01021145,0,-1
2023010444691,2023,010444691,3,9,0,4,4,8,4,0,0,0,0,0,0,0,1,1,6,6,2,26,6,1590,1,18,HONDA CIVIC,5,E01002625,0,-1
2023041378748,2023,041378748,1,9,0,18,19,3,7,0,0,8,0,0,0,0,1,1,5,6,1,20,4,1996,1,7,HONDA CIVIC,10,E01014352,0,-1
2023141370878,2023,141370878,1,9,0,18,19,1,5,0,0,0,1,0,0,0,1,1,6,6,1,51,8,1597,2,9,HONDA CIVIC,4,E01007675,0,-1
2023010480083,2023,010480083,1,9,0,7,7,3,6,0,0,1,0,0,0,0,1,1,6,6,1,43,7,1339,1,12,HONDA CIVIC,3,E01032764,0,-1
2023161300362,2023,161300362,1,9,0,3,3,1,5,0,0,1,0,0,0,0,2,1,5,6,1,36,7,2204,2,16,HONDA CIVIC,2,E01007555,0,-1
2023520301584,2023,520301584,1,9,0,12,12,5,1,0,0,0,0,0,0,0,2,1,6,6,1,23,5,1998,1,17,HONDA CIVIC,9,E01029145,0,-1
2023052302512,2023,052302512,1,9,0,18,19,1,5,0,0,0,0,10,0,0,1,1,6,6,2,39,7,1686,2,19,HONDA CIVIC,5,E01006489,0,-1
2023141281386,2023,141281386,1,9,0,18,19,8,4,0,0,8,0,0,0,0,4,1,1,1,1,35,6,1799,1,17,HONDA CIVIC,5,E01007558,0,-1
2023010435958,2023,010435958,1,9,0,3,3,5,1,0,0,0,0,0,0,0,2,1,6,6,2,48,8,1685,2,9,-1,4,E01004128,0,-1
2023451374537,2023,451374537,2,9,0,18,19,1,5,0,0,0,0,0,0,0,3,1,2,2,1,37,7,1200,1,5,PEUGEOT 5008,3,E01003379,0,-1
2023221309037,2023,221309037,1,5,0,16,19,4,6,0,0,0,1,0,7,0,1,1,5,6,1,55,8,750,1,23,-1,9,E01032451,0,-1
2023231350353,2023,231350353,1,3,0,18,19,2,6,0,0,8,0,0,0,0,1,1,6,6,1,20,4,124,1,37,-1,5,E01009712,0,-1
2023010473687,2023,010473687,2,9,0,99,99,9,9,99,99,9,9,99,9,99,1,9,6,6,1,33,6,1599,1,18,HYUNDAI GETZ,4,E01001724,0,-1
2023101364954,2023,101364954,3,9,0,3,3,1,5,0,0,2,0,0,0,0,0,1,5,6,1,68,10,1998,2,2,JAGUAR F-PACE,8,E01027372,0,-1
2023010476830,2023,010476830,2,9,0,9,9,5,2,0,0,6,0,0,0,0,1,1,1,1,2,42,7,2993,2,7,JAGUAR F-PACE,-1,-1,0,-1
2023451313713,2023,451313713,2,9,0,18,19,5,1,0,0,0,0,0,0,0,2,1,5,6,1,72,10,1999,2,7,JAGUAR F-PACE,6,E01022736,0,-1
2023430162636,2023,430162636,3,9,0,3,3,1,5,0,0,0,0,0,0,0,2,1,2,2,1,39,7,1997,8,1,JAGUAR F-PACE,-1,-1,0,-1
2023440473537,2023,440473537,1,9,0,18,19,6,2,0,0,1,0,0,0,0,1,1,6,6,3,-1,-1,1999,2,5,JAGUAR F-PACE,-1,-1,0,-1
2023010430054,2023,010430054,2,9,0,99,99,9,9,99,99,9,9,99,9,99,1,9,6,6,1,64,9,2993,2,6,LAND ROVER RANGE ROVER VELAR,8,E01002868,0,-1
2023522400332,2023,522400332,1,9,0,3,3,2,6,0,0,0,0,0,0,0,2,1,6,6,2,47,8,1997,8,2,LAND ROVER RANGE ROVER VELAR,9,E01014710,0,-1
2023010471889,2023,010471889,2,3,0,99,99,9,9,99,99,0,9,99,9,99,2,9,6,6,3,-1,-1,124,1,14,YAMAHA XC,6,E01001387,0,-1
202360A113580,2023,60A113580,1,11,0,18,19,7,3,0,0,8,0,0,0,0,1,1,1,1,1,33,6,6700,2,14,DAF MODEL MISSING,-1,-1,0,-1
2023070877591,2023,070877591,1,11,0,18,19,1,5,0,0,0,1,0,0,0,1,1,1,1,1,45,7,5911,2,18,DAF MODEL MISSING,1,E01033300,0,-1
2023201412169,2023,201412169,1,9,0,18,19,2,6,0,0,8,0,2,0,0,1,1,6,6,3,39,7,1200,1,10,PEUGEOT 208,1,E01009345,0,-1
2023371354171,2023,371354171,1,9,0,5,5,7,8,0,0,8,0,0,0,0,1,1,2,2,1,34,6,1398,2,11,PEUGEOT 208,7,E01029974,0,-1
2023311305481,2023,311305481,1,9,0,18,19,5,1,0,0,1,1,7,0,0,4,1,6,6,2,24,5,1199,1,5,PEUGEOT 208,-1,-1,0,-1
2023302300357,2023,302300357,2,9,0,3,3,4,8,0,0,0,0,0,0,0,2,1,6,6,1,60,9,1000,1,10,PEUGEOT 208,1,E01008022,0,-1
2023052301684,2023,052301684,1,9,0,10,10,1,5,0,0,8,0,0,0,0,1,1,6,6,1,24,5,1398,2,8,PEUGEOT 208,1,E01006720,0,-1
2023170L10923,2023,170L10923,2,9,0,18,19,2,6,0,0,0,0,0,0,0,1,1,6,6,2,63,9,1200,1,1,PEUGEOT 208,8,E01012163,0,-1
2023061346481,2023,061346481,1,9,0,18,19,2,6,0,0,2,0,0,0,0,1,1,5,6,2,22,5,1560,2,8,PEUGEOT 208,2,E01005449,0,-1
2023610009823,2023,610009823,1,9,0,18,19,2,6,0,0,0,0,0,0,0,1,1,6,6,1,84,11,1200,1,9,PEUGEOT 208,8,W01001553,0,-1
2023201391677,2023,201391677,1,9,0,7,7,8,2,0,0,5,0,0,0,0,1,1,1,1,2,38,7,1200,1,2,PEUGEOT 208,5,E01009108,0,-1
2023131290539,2023,131290539,3,9,0,2,2,5,1,0,0,0,0,0,0,0,2,1,6,6,1,24,5,1200,1,10,PEUGEOT 208,1,E01010739,0,-1
2023631372049,2023,631372049,2,9,0,18,19,7,3,0,0,8,0,0,0,0,4,1,5,6,1,30,6,1968,2,13,SEAT EXEO,1,W01001742,0,-1
2023361299315,2023,361299315,1,9,0,3,3,5,1,0,0,8,0,0,0,0,1,1,5,6,1,46,8,1364,1,5,VAUXHALL MOKKA,-1,-1,0,-1
202360A126394,2023,60A126394,1,9,0,4,4,4,8,0,0,0,0,0,0,0,1,1,6,6,2,73,10,1364,1,5,VAUXHALL MOKKA,-1,-1,0,-1
2023201370365,2023,201370365,1,9,0,8,8,3,6,0,0,1,0,0,0,0,1,1,6,6,2,50,8,1364,1,5,VAUXHALL MOKKA,1,E01033645,0,-1
2023546696123,2023,546696123,2,9,0,18,19,4,8,0,0,8,0,0,0,0,3,1,6,6,2,58,9,1364,1,7,VAUXHALL MOKKA,4,E01031862,0,-1
2023211328296,2023,211328296,2,9,0,18,19,2,6,0,0,0,5,0,0,0,3,1,5,6,2,40,7,1686,2,9,VAUXHALL MOKKA,9,E01029479,0,-1
2023141382981,2023,141382981,2,9,0,5,5,5,1,0,0,2,0,0,0,0,2,1,2,2,2,57,9,1364,1,6,VAUXHALL MOKKA,3,E01007777,0,-1
2023041299407,2023,041299407,1,9,0,18,19,3,7,0,0,0,0,0,0,0,3,1,5,6,2,49,8,1199,1,1,VAUXHALL MOKKA,6,E01025401,0,-1
2023070595621,2023,070595621,2,9,0,18,19,3,7,0,0,1,0,0,1,0,1,1,6,6,2,57,9,1199,1,2,VAUXHALL MOKKA,-1,-1,0,-1
2023451294822,2023,451294822,3,9,0,18,19,7,3,0,0,0,0,0,0,0,2,1,5,6,1,51,8,1598,1,7,VAUXHALL MOKKA,8,E01030478,0,-1
2023411328955,2023,411328955,1,9,0,18,19,3,7,0,0,0,0,0,0,0,1,1,6,6,2,37,7,1686,2,10,VAUXHALL MOKKA,9,E01023438,0,-1
202360A019565,2023,60A019565,1,9,0,4,4,7,3,0,0,0,0,0,0,0,1,1,2,2,1,72,10,1199,1,0,VAUXHALL MOKKA,-1,-1,0,-1
2023461367332,2023,461367332,3,9,0,4,4,6,2,0,0,0,0,0,1,0,2,1,6,6,1,34,6,1364,1,7,VAUXHALL MOKKA,3,E01002130,0,-1
2023332300678,2023,332300678,1,9,0,9,9,1,7,0,0,6,0,0,0,0,1,1,6,6,1,35,6,1199,1,0,VAUXHALL MOKKA,5,E01025610,0,-1
2023010435071,2023,010435071,2,9,0,99,99,9,9,99,99,0,9,99,9,99,9,9,6,6,3,-1,-1,1598,1,7,VAUXHALL MOKKA,-1,-1,0,-1
2023461297971,2023,461297971,2,9,0,4,4,3,7,0,0,1,0,0,0,0,1,1,2,2,2,53,8,1364,1,4,VAUXHALL MOKKA,7,E01024388,0,-1
2023170H10623,2023,170H10623,1,9,0,1,1,3,7,0,0,0,0,0,0,0,2,1,6,6,1,50,8,1199,1,1,VAUXHALL MOKKA,4,E01012002,0,-1
2023010435522,2023,010435522,1,3,0,18,19,7,3,0,0,3,2,0,0,0,1,1,6,6,1,40,7,124,1,2,YAMAHA XSR,3,E01002568,0,-1
2023221299130,2023,221299130,2,9,0,4,4,3,7,0,0,0,0,0,0,0,2,1,1,1,1,21,5,1896,2,19,VOLKSWAGEN BORA,1,E01032204,0,-1
2023451365337,2023,451365337,2,9,0,18,19,5,1,0,0,0,0,0,0,0,1,1,5,6,2,79,11,1969,1,7,VOLVO V60,10,E01030998,0,-1
2023221305659,2023,221305659,2,9,0,4,4,4,8,0,0,0,0,0,0,0,2,1,5,6,1,56,9,1969,2,8,VOLVO V60,4,E01020876,0,-1
2023302300672,2023,302300672,2,9,0,3,3,2,6,0,0,0,0,0,0,0,2,1,6,6,2,77,11,1149,1,13,RENAULT MODUS,9,E01013599,0,-1
2023010447036,2023,010447036,2,9,0,99,99,9,9,99,99,9,9,99,9,99,9,9,6,6,3,51,8,999,1,9,SMART FORTWO,7,E01002836,0,-1
2023440113681,2023,440113681,2,9,0,18,19,4,8,0,0,8,0,0,1,0,3,1,2,2,2,46,8,999,1,12,SMART FORTWO,10,E01023212,0,-1
2023061268555,2023,061268555,1,9,0,5,5,5,1,0,0,0,0,0,0,0,1,1,6,6,1,41,7,999,1,15,SMART FORTWO,1,E01005615,0,-1
2023010470690,2023,010470690,1,9,0,18,19,5,1,0,0,0,0,0,0,0,1,1,6,6,1,43,7,999,1,14,SMART FORTWO,3,E01002283,0,-1
2023461296075,2023,461296075,2,9,0,3,3,3,7,0,0,0,0,0,0,0,2,1,1,1,2,54,8,999,1,7,SMART FORTWO,5,E01024095,0,-1
2023547292823,2023,547292823,1,9,0,5,5,8,4,0,0,0,0,0,0,0,1,1,1,1,2,43,7,1498,1,2,VOLKSWAGEN TOURAN,9,E01031913,0,-1
2023991293778,2023,991293778,2,9,0,2,2,7,7,0,0,0,0,0,0,0,2,1,6,6,2,43,7,1598,2,9,VOLKSWAGEN TOURAN,-1,-1,0,-1
2023461270495,2023,461270495,2,9,0,3,3,7,3,0,0,0,0,0,0,0,2,1,6,6,1,30,6,1896,2,17,VOLKSWAGEN TOURAN,3,E01024372,0,-1
2023471312076,2023,471312076,2,9,0,4,4,5,1,0,0,1,0,0,0,0,2,1,5,6,1,41,7,1598,2,9,VOLKSWAGEN TOURAN,5,E01031605,0,-1
2023221318928,2023,221318928,2,9,0,3,3,6,2,0,0,0,0,0,0,0,1,1,5,6,1,23,5,1968,2,14,VOLKSWAGEN TOURAN,1,E01009978,0,-1
2023131348093,2023,131348093,1,9,0,9,9,1,7,0,0,1,0,0,0,0,1,1,5,6,2,50,8,1968,2,10,VOLKSWAGEN TOURAN,3,E01010670,0,-1
2023010472096,2023,010472096,2,9,0,99,99,9,9,99,99,9,9,99,9,99,1,9,6,6,3,-1,-1,1368,1,10,ALFA ROMEO GIULIETTA,-1,-1,0,-1
2023010443618,2023,010443618,1,5,0,99,99,9,9,99,99,9,9,99,9,99,2,1,2,2,1,26,6,1450,1,18,-1,4,E01003129,0,-1
2023010453415,2023,010453415,1,3,0,99,99,9,9,99,99,9,9,99,9,99,9,1,2,2,1,47,8,125,1,15,HONDA XL125V,4,E01000066,0,-1
2023201370635,2023,201370635,1,5,0,14,14,4,8,0,0,8,0,2,7,0,0,1,2,2,1,35,6,998,1,13,KAWASAKI MODEL MISSING,8,E01032168,0,-1
2023122300825,2023,122300825,2,3,0,4,4,7,3,0,0,0,1,0,0,0,1,1,6,6,1,20,4,124,1,0,KEEWAY SUPERLIGHT,9,E01011935,0,-1
2023461368764,2023,461368764,3,9,0,3,3,7,3,0,0,1,0,0,0,0,2,1,6,6,1,-1,-1,1988,1,19,LEXUS IS 200,4,E01032823,0,-1
2023552301317,2023,552301317,1,9,0,9,9,7,5,0,0,5,0,0,0,0,1,1,6,6,1,42,7,-1,3,4,RENAULT ZOE,9,E01015300,0,-1
2023302300046,2023,302300046,2,9,0,4,4,6,2,0,0,0,0,0,0,0,2,1,6,6,1,41,7,-1,3,1,RENAULT ZOE,1,E01005826,0,-1
2023430152157,2023,430152157,1,3,0,14,14,6,2,0,0,8,0,0,0,0,1,1,6,6,1,25,5,113,1,6,SUZUKI UK 110,6,E01016615,0,-1
2023520301153,2023,520301153,4,9,0,18,19,6,2,0,0,1,0,0,0,0,1,1,6,6,1,39,7,999,1,1,VOLKSWAGEN T-CROSS,4,E01029037,0,-1
2023010439027,2023,010439027,2,3,0,13,13,2,6,0,0,2,0,0,0,0,4,1,1,1,1,30,6,-1,3,2,-1,4,E01002315,0,-1
2023122301148,2023,122301148,1,5,0,8,8,3,5,0,0,1,0,0,0,0,4,1,6,6,1,74,10,895,1,2,BMW F 900,10,E01027670,0,-1
2023010427918,2023,010427918,1,9,0,5,5,1,5,0,0,3,0,0,0,0,1,1,6,6,1,32,6,2184,2,18,NISSAN X-TRAIL,6,E01028646,0,-1
2023451288752,2023,451288752,2,9,0,4,4,3,7,0,0,8,0,0,0,0,2,1,1,1,1,51,8,1598,2,7,NISSAN X-TRAIL,4,E01004572,0,-1
2023311305481,2023,311305481,2,9,0,9,9,7,5,0,0,1,0,0,0,0,1,1,6,6,2,34,6,1598,2,7,NISSAN X-TRAIL,-1,-1,0,-1
2023421329594,2023,421329594,1,9,0,17,19,6,2,0,0,1,0,0,1,0,1,1,5,6,1,35,6,1497,8,0,NISSAN X-TRAIL,1,E01033207,0,-1
2023010472641,2023,010472641,1,19,0,4,4,6,2,0,0,1,0,0,0,0,1,1,1,1,1,61,9,1560,2,5,PEUGEOT PARTNER,4,E01003332,0,-1
2023461314022,2023,461314022,1,19,0,4,4,3,7,0,0,0,0,0,0,0,1,1,2,2,1,37,7,1498,2,3,PEUGEOT PARTNER,6,E01024034,0,-1
2023041380123,2023,041380123,1,19,0,15,15,3,3,0,0,4,0,2,0,0,3,1,2,2,1,37,7,1498,2,3,PEUGEOT PARTNER,4,E01025407,0,-1
2023161310876,2023,161310876,3,19,0,3,3,8,4,0,0,1,0,0,0,0,2,1,2,2,1,43,7,1560,2,5,PEUGEOT PARTNER,9,E01013257,0,-1
2023430284515,2023,430284515,2,19,0,2,2,0,0,0,0,2,0,0,0,0,2,1,1,1,3,-1,-1,1498,2,3,PEUGEOT PARTNER,-1,-1,0,-1
2023421320205,2023,421320205,6,19,0,3,3,3,6,0,0,0,0,0,0,0,3,1,6,6,1,65,9,1498,2,2,PEUGEOT PARTNER,-1,-1,0,-1
2023451342904,2023,451342904,2,9,0,18,19,3,7,0,0,0,0,0,0,0,2,1,6,6,1,52,8,698,1,19,-1,10,E01030617,0,-1
2023010437715,2023,010437715,1,9,0,99,99,9,9,99,99,9,9,99,9,99,9,9,6,6,3,-1,-1,1598,2,5,AUDI Q2,-1,-1,0,-1
2023451313932,2023,451313932,2,9,0,18,19,3,7,0,0,0,0,0,0,0,1,1,6,6,2,59,9,1498,1,3,AUDI Q2,6,E01030973,0,-1
2023471329838,2023,471329838,3,9,0,3,3,7,3,0,0,0,0,0,0,0,2,1,5,6,2,28,6,1498,1,3,AUDI Q2,8,E01031439,0,-1
2023010469686,2023,010469686,1,9,0,7,7,7,1,0,0,1,0,0,0,0,4,1,6,6,1,62,9,1498,1,4,AUDI Q2,6,E01000180,0,-1
2023201268107,2023,201268107,1,9,0,18,19,4,8,0,0,0,0,0,0,0,1,1,1,1,2,59,9,1395,1,5,AUDI Q2,9,E01010220,0,-1
2023010461766,2023,010461766,2,9,0,18,19,7,3,0,0,0,0,0,0,0,1,1,6,6,1,58,9,2261,1,15,FORD GALAXY,2,E01004719,0,-1
2023451337679,2023,451337679,2,9,0,18,19,2,6,0,0,0,1,0,2,7,2,1,1,1,1,56,9,1997,2,13,FORD GALAXY,10,E01030617,0,-1
2023430533101,2023,430533101,2,9,0,9,9,3,8,0,0,6,0,0,0,0,3,1,6,6,1,-1,-1,1999,1,14,FORD S-MAX,10,E01016552,0,-1
2023371305694,2023,371305694,1,9,0,18,19,1,5,0,0,0,0,0,0,0,1,1,6,6,1,49,8,1997,2,16,FORD S-MAX,9,E01030072,0,-1
2023221281533,2023,221281533,1,21,1,18,19,6,2,7,6,0,0,4,0,0,1,1,1,1,1,33,6,12777,2,1,RENAULT TRUCKS MODEL MISSING,9,E01002535,0,-1
2023161320535,2023,161320535,2,19,0,18,19,6,2,0,0,0,0,0,1,9,1,1,1,1,1,20,4,-1,-1,-1,RENAULT TRUCKS MODEL MISSING,1,E01027820,0,-1
2023991272535,2023,991272535,3,21,1,4,4,1,5,0,0,0,0,2,0,0,2,1,1,1,1,44,7,12777,2,2,RENAULT TRUCKS MODEL MISSING,-1,-1,0,-1
2023061268941,2023,061268941,1,21,1,9,9,8,7,9,9,8,0,0,8,0,2,1,6,6,1,39,7,12777,2,3,RENAULT TRUCKS MODEL MISSING,2,E01006218,0,-1
2023541978523,2023,541978523,1,21,0,5,5,2,6,0,0,0,0,0,0,0,1,1,1,1,1,57,9,10837,2,4,RENAULT TRUCKS MODEL MISSING,5,E01031916,0,-1
2023131295670,2023,131295670,1,21,0,11,11,7,3,0,0,0,0,0,0,0,1,1,6,6,3,-1,-1,12777,2,1,RENAULT TRUCKS MODEL MISSING,-1,-1,0,-1
2023991329875,2023,991329875,3,9,0,3,3,7,3,0,0,0,0,0,0,0,2,1,6,6,1,30,6,1598,2,12,SKODA FABIA,6,-1,0,-1
2023010429186,2023,010429186,3,9,0,18,19,3,7,0,0,0,0,0,0,0,1,1,6,6,2,72,10,1390,1,17,SKODA FABIA,9,E01002483,0,-1
2023010473982,2023,010473982,1,9,0,9,9,5,2,0,0,1,0,0,0,0,2,1,6,6,2,44,7,1197,1,10,SKODA FABIA,5,E01004347,0,-1
2023131332810,2023,131332810,2,9,0,4,4,5,1,0,0,7,0,0,0,0,2,1,6,6,1,38,7,999,1,5,SKODA FABIA,7,E01011689,0,-1
2023401298838,2023,401298838,1,9,0,3,3,8,4,0,0,1,0,0,0,0,2,1,5,6,1,17,4,999,1,1,SKODA FABIA,9,E01017546,0,-1
2023211371649,2023,211371649,1,9,0,18,19,2,5,0,0,0,0,2,0,0,1,1,5,6,1,87,11,1598,1,13,SKODA FABIA,-1,-1,0,-1
2023010423949,2023,010423949,1,9,0,9,9,8,6,0,0,5,0,0,1,0,4,1,6,6,1,19,4,1197,1,8,SKODA FABIA,3,E01004217,0,-1
2023461270689,2023,461270689,1,9,0,5,5,5,1,0,0,1,0,0,0,0,4,1,1,1,2,42,7,1198,1,9,SKODA FABIA,2,E01023976,0,-1
2023141330577,2023,141330577,2,9,0,2,2,0,0,0,0,0,0,0,0,0,2,1,6,6,1,69,10,1198,1,16,SKODA FABIA,1,E01007511,0,-1
2023122300432,2023,122300432,1,9,0,9,9,6,4,0,0,8,0,0,0,0,3,1,6,6,2,59,9,999,1,5,SKODA FABIA,4,E01008073,0,-1
202363A016023,2023,63A016023,2,9,0,4,4,4,7,0,0,0,0,0,0,0,2,1,6,6,1,56,9,1198,1,9,SKODA FABIA,3,W01000510,0,-1
2023471383676,2023,471383676,2,5,0,9,9,2,7,0,0,3,1,0,0,0,4,1,2,2,1,27,6,645,1,3,SUZUKI SV 650,1,E01022917,0,-1
2023991325521,2023,991325521,2,2,0,18,19,1,4,0,0,1,0,0,0,0,1,1,1,1,1,35,6,645,1,17,-1,3,-1,0,-1
2023041325973,2023,041325973,2,3,0,14,14,7,3,0,0,1,0,0,0,0,4,1,2,2,1,24,5,125,1,0,-1,6,E01007072,0,-1
2023201370365,2023,201370365,2,9,0,8,8,3,6,0,0,1,0,0,0,0,2,1,6,6,1,23,5,1998,1,7,BMW 4 SERIES,3,E01009294,0,-1
2023991327584,2023,991327584,1,9,0,18,19,2,6,0,0,1,0,2,0,0,1,1,6,6,1,26,6,1995,2,9,BMW 4 SERIES,-1,-1,0,-1
2023010458083,2023,010458083,2,9,0,18,19,4,8,0,0,0,0,0,0,0,1,1,6,6,1,28,6,2993,2,7,BMW 4 SERIES,2,E01000184,0,-1
2023101325046,2023,101325046,2,9,0,4,4,8,4,0,0,0,0,0,0,0,2,1,5,6,1,54,8,1995,2,7,BMW 4 SERIES,3,E01008704,0,-1
2023430284559,2023,430284559,2,9,0,3,3,8,4,0,0,1,0,0,0,0,2,1,2,2,1,56,9,1998,1,4,BMW X2,1,E01008935,0,-1
2023991311572,2023,991311572,1,5,0,18,19,3,7,0,0,0,0,0,0,0,1,1,5,6,1,40,7,955,1,3,-1,2,-1,0,-1
2023231352373,2023,231352373,1,9,0,15,15,4,8,0,0,8,1,0,1,0,1,1,6,6,1,29,6,1999,2,4,JAGUAR E-PACE,4,E01031086,0,-1
2023041375750,2023,041375750,1,9,0,5,5,5,1,0,0,0,0,0,0,0,1,1,5,6,2,54,8,996,1,12,SUZUKI ALTO,4,E01024894,0,-1
2023231268721,2023,231268721,1,9,0,18,19,2,6,0,0,0,0,0,0,0,1,1,6,6,1,21,5,996,1,13,SUZUKI ALTO,1,E01009051,0,-1
2023141370964,2023,141370964,2,9,0,18,19,2,6,0,0,1,0,0,0,0,1,1,5,6,1,26,6,996,1,9,SUZUKI ALTO,2,E01007806,0,-1
2023471263559,2023,471263559,1,9,0,18,19,3,7,0,0,0,0,0,0,0,1,1,5,6,2,36,7,996,1,11,SUZUKI ALTO,5,E01031750,0,-1
2023101350451,2023,101350451,3,19,0,2,2,0,0,0,0,0,0,4,0,0,1,1,5,6,1,37,7,1560,2,4,CITROEN DISPATCH,2,E01008834,0,-1
2023501260469,2023,501260469,1,19,0,18,19,7,3,0,0,0,5,0,2,7,4,1,1,1,1,30,6,1500,2,4,CITROEN DISPATCH,9,E01020086,0,-1
2023201340466,2023,201340466,2,19,0,18,19,3,7,0,0,0,0,0,0,0,2,1,1,1,1,28,6,1500,2,3,CITROEN DISPATCH,2,E01007881,0,-1
2023440507981,2023,440507981,2,19,0,3,3,4,8,0,0,0,0,0,0,0,2,1,6,6,1,28,6,1560,2,5,CITROEN DISPATCH,-1,-1,0,-1
2023070230100,2023,070230100,1,19,0,18,19,3,7,0,0,0,0,2,0,0,1,1,1,1,1,30,6,1500,2,3,CITROEN DISPATCH,-1,-1,0,-1
2023010460311,2023,010460311,1,9,0,3,3,6,2,0,0,0,0,0,0,0,2,1,6,6,2,36,7,1997,2,13,FORD KUGA,6,E01002336,0,-1
2023010470690,2023,010470690,2,9,0,3,3,1,5,0,0,0,0,0,0,0,1,1,6,6,2,37,7,1499,2,1,FORD KUGA,7,E01002329,0,-1
2023101369193,2023,101369193,1,9,0,9,9,4,5,0,0,1,0,0,0,0,1,1,2,2,2,27,6,1499,2,6,FORD KUGA,6,E01008177,0,-1
2023631378614,2023,631378614,1,9,0,13,13,1,5,0,0,0,0,0,0,0,1,1,6,6,1,78,11,1997,2,9,FORD KUGA,4,W01000602,0,-1
2023131395630,2023,131395630,1,9,0,-1,-1,-1,-1,-1,-1,0,-1,-1,-1,-1,-1,1,6,6,3,-1,-1,1496,1,0,FORD KUGA,-1,-1,0,-1
2023320624660,2023,320624660,1,9,0,9,9,2,8,0,0,2,0,0,0,0,0,1,6,6,2,28,6,1997,2,7,FORD KUGA,10,E01026302,0,-1
2023231327024,2023,231327024,1,9,0,4,4,5,1,0,0,0,0,0,0,0,1,1,5,6,2,62,9,1997,2,9,FORD KUGA,5,E01031327,0,-1
2023070454534,2023,070454534,1,9,0,4,4,5,1,0,0,1,0,2,0,0,1,1,6,6,2,-1,-1,2488,8,0,FORD KUGA,-1,-1,0,-1
2023221274187,2023,221274187,3,9,0,3,3,8,4,0,0,0,0,0,0,0,2,1,6,6,1,45,7,1997,2,6,FORD KUGA,1,E01009117,0,-1
2023101364954,2023,101364954,2,5,0,4,4,1,5,0,0,2,1,0,0,0,1,1,5,6,1,58,9,999,1,0,BMW S 1000,9,E01027405,0,-1
2023052302634,2023,052302634,1,9,0,18,19,5,1,0,0,1,0,0,0,0,1,1,6,6,1,71,10,1461,2,1,DACIA DUSTER,6,E01014351,0,-1
2023010429096,2023,010429096,2,9,0,99,99,9,9,99,99,9,9,99,9,99,1,9,6,6,1,41,7,999,1,4,DACIA DUSTER,1,E01012624,0,-1
2023031309680,2023,031309680,1,9,0,5,5,5,1,0,0,1,0,0,0,0,1,1,5,6,2,50,8,998,1,6,SUZUKI SX4,-1,-1,0,-1
2023320108802,2023,320108802,1,9,0,16,19,8,3,0,0,5,0,0,3,1,1,1,6,6,2,24,5,1586,1,8,SUZUKI SX4,7,E01027452,0,-1
2023522400696,2023,522400696,2,9,0,18,19,7,3,0,0,1,0,0,0,0,1,1,1,1,1,37,7,1968,2,9,VOLKSWAGEN PASSAT,7,E01014712,0,-1
2023211269257,2023,211269257,2,9,0,3,3,8,4,0,0,1,0,0,0,0,2,1,5,6,1,61,9,1968,2,8,VOLKSWAGEN PASSAT,8,E01029624,0,-1
2023141352992,2023,141352992,1,9,0,18,19,6,2,0,0,0,0,0,0,0,1,1,1,1,1,42,7,1968,2,10,VOLKSWAGEN PASSAT,1,E01008123,0,-1
2023311299812,2023,311299812,1,9,0,5,5,8,3,0,0,0,0,0,0,0,1,1,6,6,1,22,5,1598,2,12,VOLKSWAGEN PASSAT,3,E01013932,0,-1
2023141265134,2023,141265134,2,9,0,18,19,1,5,0,0,1,0,0,0,0,1,1,5,6,1,33,6,1968,2,15,VOLKSWAGEN PASSAT,1,E01033021,0,-1
2023552301416,2023,552301416,2,9,0,4,4,8,4,0,0,8,0,0,0,0,2,1,2,2,1,63,9,1498,1,1,VOLKSWAGEN PASSAT,8,E01015378,0,-1
2023440045476,2023,440045476,2,8,0,18,19,1,5,0,0,8,0,0,0,0,1,1,1,1,1,43,7,1968,2,5,VOLKSWAGEN PASSAT,2,E01017331,0,-1
2023141325477,2023,141325477,3,9,0,18,19,6,2,0,0,0,0,0,0,0,4,1,6,6,3,-1,-1,1968,2,5,VOLKSWAGEN PASSAT,-1,-1,0,-1
2023041361730,2023,041361730,1,9,0,18,19,5,7,0,0,0,0,0,0,0,3,1,2,2,1,29,6,1968,2,15,VOLKSWAGEN PASSAT,1,E01025230,0,-1
2023010482704,2023,010482704,1,9,0,7,7,7,1,2,2,2,0,0,0,0,4,1,6,6,1,20,4,1339,8,11,HONDA INSIGHT,3,E01002795,0,-1
2023141326388,2023,141326388,2,9,0,7,7,8,3,0,0,1,1,0,0,0,3,1,5,6,1,68,10,1339,8,13,HONDA INSIGHT,7,E01007552,0,-1
202360A019565,2023,60A019565,3,9,0,3,3,7,3,0,0,0,0,0,0,0,2,1,2,2,1,65,9,2685,2,20,JEEP GRAND CHEROKEE,-1,-1,0,-1
2023430284559,2023,430284559,1,9,0,4,4,8,4,0,0,1,0,0,0,0,1,1,6,6,2,30,6,2987,2,9,JEEP GRAND CHEROKEE,5,E01028505,0,-1
2023430339379,2023,430339379,1,9,0,18,19,5,1,0,0,4,0,0,0,0,1,1,6,6,1,60,9,2987,2,10,JEEP GRAND CHEROKEE,-1,-1,0,-1
2023430209172,2023,430209172,1,9,0,18,19,6,2,0,0,0,0,0,0,0,1,1,6,6,1,37,7,6417,1,6,JEEP GRAND CHEROKEE,10,E01016188,0,-1
2023440052688,2023,440052688,1,19,0,11,11,2,6,0,0,0,0,0,0,0,1,1,2,2,1,41,7,2143,2,4,MERCEDES VITO,3,E01022670,0,-1
2023101265161,2023,101265161,3,8,0,3,3,7,3,0,0,0,0,0,0,0,2,1,1,1,1,48,8,2143,2,8,MERCEDES VITO,-1,-1,0,-1
2023010448168,2023,010448168,1,8,0,9,9,2,8,0,0,1,0,0,0,0,4,1,1,1,1,51,8,2143,2,6,MERCEDES VITO,5,E01033573,0,-1
2023311347175,2023,311347175,2,19,-1,18,19,6,2,0,0,0,0,0,0,0,1,1,6,6,3,33,6,2148,2,17,MERCEDES VITO,-1,-1,0,-1
2023320372400,2023,320372400,2,8,0,9,9,7,5,0,0,6,1,0,0,0,1,1,1,1,1,38,7,2143,2,5,MERCEDES VITO,5,E01015651,0,-1
2023311270984,2023,311270984,1,19,0,18,19,4,8,0,0,0,0,2,0,0,1,1,5,6,1,53,8,2143,2,7,MERCEDES VITO,3,-1,0,-1
2023991340292,2023,991340292,1,8,0,18,19,7,3,0,0,8,0,0,0,0,4,1,1,1,1,48,8,2143,2,5,MERCEDES VITO,2,-1,0,-1
2023221276333,2023,221276333,2,19,0,3,3,3,7,0,0,0,0,0,0,0,2,1,2,2,2,53,8,2143,2,7,MERCEDES VITO,8,E01031241,0,-1
2023041311637,2023,041311637,1,9,0,9,9,3,1,0,0,8,0,0,0,0,4,1,5,6,2,46,8,2995,1,2,PORSCHE MACAN,10,E01025015,0,-1
2023101302583,2023,101302583,1,9,0,18,19,3,7,0,0,0,0,0,0,0,1,1,5,6,1,79,11,3604,1,8,PORSCHE MACAN,9,E01008673,0,-1
2023010462566,2023,010462566,1,5,0,99,99,9,9,99,99,9,9,99,9,99,2,1,2,2,1,45,7,645,1,12,SUZUKI DL 650,8,E01004121,0,-1
2023991317667,2023,991317667,1,90,0,18,19,4,8,0,0,0,0,2,0,0,4,1,6,6,3,40,7,2198,2,8,-1,-1,-1,0,-1
2023461369880,2023,461369880,1,19,0,18,19,3,7,0,0,0,0,0,0,0,1,1,2,2,1,30,6,2200,2,1,CITROEN RELAY,6,E01032653,0,-1
2023451294822,2023,451294822,1,19,0,18,19,7,3,0,0,0,0,0,0,0,1,1,1,1,2,44,7,2200,2,1,CITROEN RELAY,8,E01024761,0,-1
2023041292639,2023,041292639,3,9,0,5,5,5,1,0,0,0,0,0,0,0,2,1,5,6,2,67,10,999,1,2,JEEP RENEGADE,6,E01025562,0,-1
2023991283671,2023,991283671,1,19,0,5,5,8,4,0,0,0,0,0,0,0,1,1,1,1,1,48,8,1968,2,10,VOLKSWAGEN CRAFTER,-1,-1,0,-1
2023161319724,2023,161319724,4,19,0,4,4,4,8,0,0,0,0,0,0,0,2,1,6,6,3,-1,-1,1968,2,6,VOLKSWAGEN CRAFTER,-1,-1,0,-1
2023451279545,2023,451279545,2,19,0,18,19,5,1,0,0,1,0,0,0,0,2,1,1,1,1,20,4,1968,2,6,VOLKSWAGEN CRAFTER,2,E01022900,0,-1
2023421279923,2023,421279923,2,19,0,2,2,1,5,0,0,0,0,0,0,0,4,1,6,6,3,-1,-1,1968,2,3,VOLKSWAGEN CRAFTER,-1,-1,0,-1
2023440507981,2023,440507981,1,19,0,3,3,4,8,0,0,0,0,0,0,0,2,1,6,6,1,54,8,1968,2,5,VOLKSWAGEN CRAFTER,10,E01022763,0,-1
2023010472270,2023,010472270,2,19,9,99,99,9,9,99,99,0,9,99,9,99,1,9,6,6,3,-1,-1,1968,2,3,VOLKSWAGEN CRAFTER,2,E01001079,0,-1
2023221300574,2023,221300574,3,9,0,4,4,8,4,0,0,0,0,0,0,0,2,1,5,6,2,32,6,1498,1,0,-1,2,E01014152,0,-1
2023421284767,2023,421284767,2,9,0,18,19,6,2,0,0,0,0,0,0,0,2,1,2,2,2,42,7,1968,2,14,VOLKSWAGEN EOS,7,E01021657,0,-1
2023041267613,2023,041267613,2,5,0,18,19,3,7,0,0,3,1,0,0,0,1,1,2,2,1,57,9,850,1,27,BMW R SERIES,8,E01025597,0,-1
2023010467142,2023,010467142,1,5,0,99,99,9,9,99,99,9,9,99,9,99,1,1,6,6,3,-1,-1,1170,1,4,BMW R SERIES,5,E01030151,0,-1
2023070586578,2023,070586578,2,5,0,18,19,5,1,0,0,1,0,2,0,0,1,1,6,6,1,53,8,1254,1,0,BMW R SERIES,4,E01018315,0,-1
2023010460934,2023,010460934,1,5,0,18,19,5,1,0,0,8,0,0,0,0,4,1,6,6,1,73,10,1254,1,0,BMW R SERIES,7,E01004619,0,-1
2023010477263,2023,010477263,1,9,0,18,19,8,4,0,0,0,0,0,0,0,1,1,1,1,1,41,7,2993,2,3,BMW X5,2,E01004252,0,-1
2023010463262,2023,010463262,1,9,0,1,1,3,7,0,0,1,0,0,0,0,2,1,1,1,1,34,6,2993,12,2,BMW X5,2,E01004255,0,-1
2023351354747,2023,351354747,1,9,0,13,13,2,6,0,0,0,1,2,0,0,4,1,5,6,1,27,6,2993,12,0,BMW X5,8,E01027329,0,-1
2023010477549,2023,010477549,2,9,0,99,99,9,9,99,99,9,9,99,9,99,1,9,6,6,3,-1,-1,2993,2,14,BMW X5,-1,-1,0,-1
2023010485160,2023,010485160,2,9,0,99,99,9,9,99,99,9,9,99,9,99,9,9,6,6,2,35,6,2993,12,1,BMW X5,-1,-1,0,-1
2023010420458,2023,010420458,2,9,0,18,19,3,7,0,0,2,0,0,0,0,0,1,1,1,2,30,6,2993,2,4,BMW X5,4,E01003929,0,-1
2023501283656,2023,501283656,1,9,0,2,2,2,6,0,0,0,0,0,0,0,1,1,1,1,1,45,7,2993,12,1,BMW X5,9,E01033234,0,-1
2023161291306,2023,161291306,2,9,0,4,4,4,8,0,0,0,0,0,0,0,1,1,5,6,1,60,9,2663,2,26,-1,6,E01013276,0,-1
2023311270984,2023,311270984,2,21,0,18,19,4,8,0,0,0,0,4,0,0,1,1,1,1,1,37,7,6728,2,7,IVECO EUROCARGO,5,E01028022,0,-1
2023070115257,2023,070115257,2,21,0,4,4,3,7,0,0,0,0,0,0,0,2,1,1,1,1,38,7,6728,2,7,IVECO EUROCARGO,-1,-1,0,-1
2023991290639,2023,991290639,2,21,0,2,2,0,0,6,6,0,0,0,0,0,2,1,1,1,1,32,6,-1,-1,-1,IVECO EUROCARGO,-1,-1,0,-1
2023231405537,2023,231405537,1,21,1,4,4,7,3,0,0,0,0,0,0,0,2,1,1,1,1,68,10,6728,2,8,IVECO EUROCARGO,3,E01010895,0,-1
2023461382149,2023,461382149,2,9,0,4,4,7,3,0,0,0,0,0,0,0,2,1,5,6,1,43,7,1998,1,4,MAZDA CX-5,7,E01024813,0,-1
2023471319227,2023,471319227,3,9,0,3,3,6,2,0,0,1,0,0,0,0,2,1,6,6,1,45,7,1998,1,3,MAZDA CX-5,6,E01021187,0,-1
2023131288316,2023,131288316,2,9,0,18,19,6,2,0,0,8,0,0,0,0,2,1,5,6,1,65,9,1998,1,4,MAZDA CX-5,1,E01010966,0,-1
2023440423449,2023,440423449,2,9,0,3,3,2,6,0,0,1,0,0,0,0,2,1,6,6,1,55,8,1998,1,0,MAZDA CX-5,10,E01022512,0,-1
2023991308992,2023,991308992,2,9,0,18,19,3,7,0,0,0,0,0,0,0,2,1,6,6,2,35,6,1998,1,0,MAZDA CX-5,-1,-1,0,-1
2023991272535,2023,991272535,2,9,0,16,19,1,5,0,0,0,0,0,7,0,2,1,5,6,1,91,11,2191,2,6,MAZDA CX-5,9,-1,0,-1
2023010458915,2023,010458915,2,9,0,99,99,9,9,99,99,9,9,99,9,99,9,9,6,6,2,-1,-1,2995,1,19,-1,6,E01000487,0,-1
2023010422101,2023,010422101,1,8,0,1,1,1,5,0,0,0,0,0,0,0,2,1,1,1,1,42,7,-1,3,2,-1,10,E01024722,0,-1
2023421356210,2023,421356210,1,19,0,4,4,7,3,0,0,0,0,0,0,0,1,1,1,1,1,52,8,-1,3,1,NISSAN NV200,9,E01021681,0,-1
2023522400343,2023,522400343,1,19,0,9,9,7,5,0,0,6,0,0,0,0,1,1,6,6,1,43,7,1461,2,8,NISSAN NV200,8,E01014721,0,-1
202354A672223,2023,54A672223,2,9,0,3,3,8,4,0,0,2,0,0,0,0,3,1,6,6,1,50,8,1461,2,10,NISSAN NV200,10,E01022995,0,-1
2023302301868,2023,302301868,2,9,0,18,19,8,4,0,0,0,5,0,0,0,1,1,6,6,1,37,7,1598,1,12,RENAULT GRAND SCENIC,3,E01019739,0,-1
2023421285734,2023,421285734,2,9,0,5,5,2,6,0,0,0,0,0,0,0,1,1,6,6,1,31,6,999,1,7,VOLKSWAGEN UP,7,E01021791,0,-1
2023552300079,2023,552300079,1,9,0,18,19,1,5,0,0,0,0,2,0,0,1,1,6,6,2,46,8,999,1,5,VOLKSWAGEN UP,7,E01015413,0,-1
2023371299059,2023,371299059,1,9,0,1,1,3,7,0,0,1,0,2,0,0,2,1,6,6,2,88,11,999,1,5,VOLKSWAGEN UP,8,E01030042,0,-1
2023351342282,2023,351342282,1,9,0,18,19,3,7,0,0,0,0,0,0,0,1,1,6,6,3,-1,-1,999,1,10,VOLKSWAGEN UP,-1,-1,0,-1
2023010439525,2023,010439525,2,9,0,9,9,1,7,0,0,6,0,0,0,0,3,1,3,7,2,22,5,999,1,10,VOLKSWAGEN UP,10,E01022425,0,-1
2023461357486,2023,461357486,2,9,0,3,3,1,5,0,0,0,0,0,0,0,2,1,6,6,2,34,6,999,1,11,VOLKSWAGEN UP,8,E01024106,0,-1
2023010457639,2023,010457639,1,9,0,18,19,1,5,0,0,2,1,0,0,0,4,1,6,6,2,23,5,999,1,11,VOLKSWAGEN UP,8,E01002945,0,-1
2023991283671,2023,991283671,2,9,0,3,3,8,4,0,0,0,0,0,0,0,2,1,2,2,2,64,9,999,1,5,VOLKSWAGEN UP,-1,-1,0,-1
2023430251732,2023,430251732,1,5,0,18,19,5,1,0,0,8,0,0,0,0,1,1,6,6,1,43,7,1923,1,4,-1,10,E01028475,0,-1
2023010472761,2023,010472761,1,9,0,5,5,1,5,0,0,1,0,0,0,0,4,1,6,6,2,70,10,1591,1,5,HYUNDAI IX20,-1,-1,0,-1
2023131290539,2023,131290539,4,9,0,2,2,5,1,0,0,0,0,0,0,0,2,1,6,6,2,39,7,1591,1,9,HYUNDAI IX20,1,E01010737,0,-1
2023010420140,2023,010420140,1,9,0,18,19,5,1,0,0,2,0,0,0,0,1,1,6,6,2,63,9,1591,1,12,HYUNDAI IX20,3,E01001109,0,-1
2023361333778,2023,361333778,2,9,0,4,4,5,8,0,0,0,0,0,0,0,2,1,5,6,1,34,6,2143,2,8,MERCEDES C CLASS,7,E01026588,0,-1
2023461296075,2023,461296075,1,9,0,18,19,3,7,0,0,0,0,0,0,0,1,1,6,6,1,25,5,2143,2,12,MERCEDES C CLASS,9,E01024056,0,-1
2023010477263,2023,010477263,2,9,0,18,19,8,4,9,9,0,0,11,1,11,1,1,6,6,1,20,4,2143,2,11,MERCEDES C CLASS,2,E01004696,0,-1
2023451354348,2023,451354348,1,9,0,4,4,6,2,0,0,0,0,0,0,0,1,1,5,6,1,32,6,2148,2,18,MERCEDES C CLASS,9,E01030785,0,-1
2023031328370,2023,031328370,1,9,0,4,4,5,1,0,0,8,0,0,0,0,1,1,5,6,2,81,11,2148,2,14,MERCEDES C CLASS,-1,-1,0,-1
2023061338736,2023,061338736,1,9,0,18,19,3,7,0,0,0,0,0,0,0,1,1,6,6,1,73,10,2143,2,7,MERCEDES C CLASS,9,E01005055,0,-1
2023010434567,2023,010434567,1,9,0,99,99,9,9,99,99,9,9,99,9,99,9,9,6,6,1,45,7,2143,2,7,MERCEDES C CLASS,2,E01001316,0,-1
2023421321314,2023,421321314,2,9,0,18,19,7,8,0,0,0,0,2,0,0,1,1,6,6,1,78,11,2143,2,8,MERCEDES C CLASS,9,E01021661,0,-1
2023201283848,2023,201283848,2,9,0,18,19,4,8,0,0,0,0,7,0,0,4,1,1,1,1,47,8,2143,2,10,MERCEDES C CLASS,5,E01031078,0,-1
2023991295345,2023,991295345,1,9,0,13,13,4,8,0,0,0,0,0,0,0,1,1,1,1,1,21,5,1595,1,10,MERCEDES C CLASS,8,-1,0,-1
2023201389298,2023,201389298,2,9,0,5,5,7,3,0,0,0,0,0,0,0,1,1,6,6,1,49,8,2143,2,6,MERCEDES C CLASS,2,E01009515,0,-1
2023010430325,2023,010430325,1,9,0,4,4,7,3,0,0,0,0,0,0,0,2,1,2,2,1,36,7,2143,2,5,MERCEDES C CLASS,3,E01016146,0,-1
2023141357190,2023,141357190,2,9,0,18,19,6,2,0,0,1,0,0,0,0,3,2,6,6,3,-1,-1,2143,2,9,MERCEDES C CLASS,-1,-1,0,-1
2023101278090,2023,101278090,3,9,0,4,4,1,5,0,0,0,0,0,0,0,2,1,6,6,2,25,5,2143,2,7,MERCEDES C CLASS,7,E01008650,0,-1
2023320527425,2023,320527425,1,9,0,18,19,2,6,0,0,1,0,0,0,0,1,1,6,6,2,53,8,1796,1,15,MERCEDES C CLASS,7,E01026372,0,-1
2023010435100,2023,010435100,6,9,0,3,3,3,7,0,0,2,0,0,0,0,2,1,6,6,1,39,7,2143,2,8,MERCEDES C CLASS,7,E01024569,0,-1
2023010462566,2023,010462566,2,9,0,99,99,9,9,99,99,9,9,99,9,99,1,9,6,6,1,30,6,2143,2,9,MERCEDES C CLASS,4,E01002964,0,-1
2023010484713,2023,010484713,1,9,0,5,5,1,5,0,0,1,0,0,0,0,1,1,6,6,2,46,8,1950,2,3,MERCEDES C CLASS,10,E01004084,0,-1
2023231396667,2023,231396667,1,9,0,18,19,6,2,0,0,0,1,0,1,6,1,1,6,6,1,35,6,2143,2,10,MERCEDES C CLASS,5,E01019883,0,-1
2023010448696,2023,010448696,1,9,0,18,19,7,3,0,0,0,0,0,0,0,1,1,6,6,3,-1,-1,1998,1,21,MERCEDES C CLASS,-1,-1,0,-1
2023201285241,2023,201285241,1,9,0,7,7,5,7,0,0,6,0,0,0,0,1,1,6,6,2,-1,-1,1595,1,9,MERCEDES C CLASS,-1,-1,0,-1
2023010452581,2023,010452581,1,9,0,3,3,5,1,0,0,0,0,0,0,0,1,1,6,6,1,41,7,2143,12,6,MERCEDES C CLASS,4,E01033576,0,-1
2023221276333,2023,221276333,1,9,0,18,19,3,7,0,0,0,0,0,0,0,1,1,2,2,1,54,8,-1,3,8,NISSAN LEAF,5,E01031242,0,-1
202360A019565,2023,60A019565,2,9,0,3,3,7,3,0,0,0,0,0,0,0,2,1,3,7,2,32,6,-1,3,10,NISSAN LEAF,-1,-1,0,-1
2023471361585,2023,471361585,2,9,0,18,19,6,2,0,0,0,0,0,0,0,2,1,5,6,1,69,10,1598,2,10,SKODA RAPID,2,E01024080,0,-1
2023201289868,2023,201289868,2,9,0,9,9,5,3,0,0,6,0,0,0,0,1,1,1,1,1,58,9,1197,1,9,SKODA RAPID,1,E01009195,0,-1
2023991314252,2023,991314252,1,9,0,9,9,3,7,0,0,8,0,0,0,0,3,1,1,1,1,38,7,999,1,5,SKODA RAPID,1,-1,0,-1
2023070860108,2023,070860108,1,4,0,16,19,1,4,0,0,0,1,2,0,0,1,1,6,6,1,19,4,125,1,1,-1,8,E01018582,0,-1
2023010422206,2023,010422206,2,19,0,99,99,9,9,99,99,9,9,99,9,99,1,9,6,6,3,-1,-1,1598,2,6,FIAT TALENTO,1,E01000508,0,-1
2023351390664,2023,351390664,1,4,0,4,4,5,1,0,0,0,0,0,0,0,2,1,6,6,1,32,6,279,1,4,HONDA NSS,3,E01017979,0,-1
2023010430054,2023,010430054,1,3,0,99,99,9,9,99,99,9,9,99,9,99,2,1,6,6,1,41,7,125,1,1,HONDA NSS,3,E01004333,0,-1
2023522400460,2023,522400460,2,19,0,18,19,7,3,0,0,0,0,0,0,0,1,1,6,6,3,-1,-1,2287,2,11,IVECO DAILY,-1,-1,0,-1
2023041347504,2023,041347504,1,19,4,4,4,5,1,0,0,0,1,0,0,0,2,1,1,1,1,53,8,2287,2,0,IVECO DAILY,1,E01005087,0,-1
2023010459414,2023,010459414,2,19,0,18,19,7,3,0,0,1,0,0,0,0,1,1,1,1,1,37,7,2287,2,3,IVECO DAILY,3,E01002560,0,-1
2023041280187,2023,041280187,1,9,0,11,11,7,3,0,0,1,0,0,0,0,4,1,2,2,1,49,8,2290,1,15,SAAB 9-5,3,E01025306,0,-1
2023211268604,2023,211268604,1,9,0,18,19,1,3,0,0,0,0,0,0,0,2,1,6,6,2,56,9,1956,2,13,SAAB 9-5,10,E01029418,0,-1
2023991293778,2023,991293778,3,9,0,2,2,7,7,0,0,0,0,0,0,0,2,1,6,6,1,46,8,-1,3,2,SEAT MII,-1,-1,0,-1
2023131312206,2023,131312206,2,9,0,4,4,3,7,0,0,0,0,0,0,0,2,1,6,6,2,32,6,1498,1,1,SKODA KAROQ,7,E01032490,0,-1
2023131362090,2023,131362090,1,9,0,5,5,5,1,0,0,8,0,0,0,0,1,1,6,6,2,37,7,1498,1,2,SKODA KAROQ,2,E01010792,0,-1
2023101364954,2023,101364954,1,9,0,9,9,7,3,0,0,8,0,0,0,0,4,1,5,6,1,83,11,2231,2,17,TOYOTA RAV4,4,E01027375,0,-1
2023501281020,2023,501281020,2,9,0,3,3,7,3,0,0,0,0,0,0,0,2,1,5,6,1,62,9,2231,2,10,TOYOTA RAV4,5,E01020325,0,-1
2023991298667,2023,991298667,4,9,0,3,3,7,3,0,0,0,0,0,0,0,2,1,5,6,2,77,11,1998,2,10,TOYOTA RAV4,9,-1,0,-1
2023471304902,2023,471304902,1,9,0,18,19,1,5,0,0,1,0,0,0,0,1,1,6,6,2,60,9,2487,8,2,TOYOTA RAV4,6,E01030819,0,-1
2023471265996,2023,471265996,1,9,0,18,19,6,2,0,0,0,5,2,1,9,1,1,5,6,2,36,7,1998,1,19,TOYOTA RAV4,6,E01031637,0,-1
2023010457720,2023,010457720,2,9,0,99,99,9,9,99,99,9,9,99,9,99,1,9,6,6,3,-1,-1,2487,8,3,TOYOTA RAV4,-1,-1,0,-1
2023031271469,2023,031271469,1,9,0,18,19,6,2,0,0,0,0,0,0,0,1,1,6,6,1,37,7,2967,2,11,AUDI Q7,-1,-1,0,-1
2023991274034,2023,991274034,1,9,0,18,19,6,2,0,0,0,0,0,0,0,1,1,5,6,1,68,10,1206,1,12,CHEVROLET AVEO,7,-1,0,-1
2023471358052,2023,471358052,1,9,0,9,9,8,5,0,0,1,0,0,0,0,3,1,5,6,1,53,8,1206,1,13,CHEVROLET AVEO,10,E01031725,0,-1
2023471312076,2023,471312076,3,9,0,4,4,5,1,0,0,1,0,0,0,0,2,1,5,6,1,65,9,1248,2,10,VAUXHALL MERIVA,4,E01031549,0,-1
2023361359766,2023,361359766,1,9,0,4,4,7,3,0,0,0,0,0,0,0,1,1,2,2,1,50,8,1686,2,10,VAUXHALL MERIVA,3,E01026639,0,-1
2023201267121,2023,201267121,2,9,0,4,4,2,6,0,0,2,0,0,0,0,2,1,1,1,2,55,8,1364,1,8,VAUXHALL MERIVA,1,E01009996,0,-1
2023061338736,2023,061338736,2,19,0,3,3,3,7,0,0,0,0,0,0,0,2,1,1,1,1,37,7,1499,2,3,VAUXHALL VIVARO,8,E01006078,0,-1
2023010452532,2023,010452532,1,19,0,18,19,1,5,0,0,1,0,0,0,0,1,1,6,6,1,51,8,1598,2,9,VAUXHALL VIVARO,-1,-1,0,-1
2023221274187,2023,221274187,1,19,0,18,19,8,4,0,0,0,0,0,0,0,1,1,6,6,1,25,5,1995,2,16,VAUXHALL VIVARO,-1,-1,0,-1
2023451326148,2023,451326148,2,19,0,18,19,5,1,0,0,0,0,0,0,0,2,1,5,6,2,35,6,1995,2,11,VAUXHALL VIVARO,5,E01030719,0,-1
2023430055454,2023,430055454,2,19,0,3,3,3,7,0,0,8,0,0,0,0,2,1,6,6,1,41,7,1499,2,1,VAUXHALL VIVARO,9,E01017637,0,-1
2023991332456,2023,991332456,1,19,0,18,19,1,5,0,0,0,0,0,0,0,1,1,5,6,1,50,8,1995,2,9,VAUXHALL VIVARO,1,-1,0,-1
2023991274559,2023,991274559,1,19,0,18,19,2,6,0,0,0,0,0,1,0,1,1,1,1,1,21,5,1499,2,2,VAUXHALL VIVARO,8,-1,0,-1
2023010446012,2023,010446012,2,19,0,99,99,9,9,99,99,9,9,99,9,99,2,9,6,6,3,-1,-1,1499,2,2,VAUXHALL VIVARO,-1,-1,0,-1
2023010463311,2023,010463311,1,19,4,11,11,1,5,2,2,0,0,0,0,0,4,1,1,1,1,61,9,1598,2,4,VAUXHALL VIVARO,5,E01023584,0,-1
2023430149010,2023,430149010,1,19,0,3,3,8,4,0,0,0,0,0,0,0,2,1,2,2,1,51,8,1598,2,8,VAUXHALL VIVARO,5,E01017867,0,-1
2023041313107,2023,041313107,2,9,0,18,19,5,1,0,0,8,0,2,0,0,4,1,1,1,1,60,9,1598,2,6,VAUXHALL VIVARO,8,E01025564,0,-1
2023421269023,2023,421269023,3,9,0,3,3,2,2,0,0,0,0,0,0,0,2,1,6,6,1,44,7,-1,-1,-1,VAUXHALL VIVARO,10,E01021614,0,-1
2023201391452,2023,201391452,2,19,0,18,19,4,8,0,0,0,0,0,0,0,1,1,1,1,1,53,8,1995,2,9,VAUXHALL VIVARO,4,E01010457,0,-1
2023451375619,2023,451375619,1,5,0,18,19,5,1,0,0,3,2,0,0,0,1,1,5,6,1,49,8,779,1,13,-1,8,E01030853,0,-1
2023461302784,2023,461302784,1,9,0,5,5,5,1,0,0,0,1,2,0,0,2,1,6,6,1,28,6,2979,1,21,BMW 3 SERIES,10,E01024800,0,-1
2023211350829,2023,211350829,2,9,0,9,9,2,8,0,0,1,0,0,0,0,4,1,6,6,2,51,8,1998,1,2,BMW 3 SERIES,10,E01029531,0,-1
2023010429096,2023,010429096,1,9,0,99,99,9,9,99,99,9,9,99,9,99,2,9,6,6,1,44,7,1995,2,10,BMW 3 SERIES,8,E01002414,0,-1
2023010446079,2023,010446079,1,9,0,9,9,3,8,0,0,8,0,0,0,0,1,1,6,6,3,-1,-1,1995,1,21,BMW 3 SERIES,-1,-1,0,-1
2023430339379,2023,430339379,2,9,0,9,9,1,6,0,0,8,0,0,0,0,4,1,6,6,1,33,6,1995,2,15,BMW 3 SERIES,7,E01031978,0,-1
2023461373812,2023,461373812,1,9,0,5,5,2,6,0,0,1,0,0,0,0,1,1,6,6,3,-1,-1,1995,2,15,BMW 3 SERIES,-1,-1,0,-1
2023471378600,2023,471378600,1,9,0,18,19,5,1,0,0,1,0,0,0,0,1,1,2,2,1,44,7,2993,2,20,BMW 3 SERIES,6,E01031408,0,-1
2023401314224,2023,401314224,2,9,0,3,3,1,5,0,0,0,0,0,0,0,2,1,6,6,1,64,9,2979,1,21,BMW 3 SERIES,9,E01017576,0,-1
2023010470362,2023,010470362,1,9,0,5,5,3,7,0,0,6,0,0,0,0,1,1,6,6,1,61,9,1998,8,5,BMW 3 SERIES,4,E01000570,0,-1
2023211295787,2023,211295787,3,9,0,4,4,3,7,0,0,0,0,0,0,0,1,1,2,2,1,27,6,1995,1,14,BMW 3 SERIES,9,E01010346,0,-1
2023010449574,2023,010449574,2,9,0,99,99,9,9,99,99,9,9,99,9,99,9,9,6,6,3,-1,-1,1995,1,11,BMW 3 SERIES,-1,-1,0,-1
2023010484608,2023,010484608,2,9,0,99,99,9,9,99,99,0,9,99,9,99,1,9,6,6,3,-1,-1,2996,1,17,BMW 3 SERIES,-1,-1,0,-1
2023461375592,2023,461375592,1,9,0,18,19,7,3,0,0,1,0,0,0,0,1,1,6,6,1,24,5,1995,2,13,BMW 3 SERIES,4,E01024099,0,-1
2023471312076,2023,471312076,1,9,0,18,19,5,1,0,0,1,0,0,0,0,1,1,5,6,1,28,6,1995,2,11,BMW 3 SERIES,9,E01031714,0,-1
2023361330499,2023,361330499,1,9,0,5,5,5,1,0,0,0,0,0,0,0,1,1,6,6,1,32,6,1499,1,5,BMW 3 SERIES,10,E01026540,0,-1
2023471336011,2023,471336011,2,9,0,3,3,5,1,0,0,0,0,2,0,0,2,1,5,6,1,27,6,1998,1,6,BMW 3 SERIES,5,E01021114,0,-1
2023461339678,2023,461339678,1,9,0,18,19,8,4,0,0,1,1,4,0,0,3,1,6,6,1,-1,-1,1995,2,17,BMW 3 SERIES,2,E01024374,0,-1
2023991324117,2023,991324117,1,9,0,12,12,5,1,0,0,1,0,0,3,0,3,1,6,6,3,-1,-1,1995,1,14,BMW 3 SERIES,-1,-1,0,-1
2023302300357,2023,302300357,1,9,0,18,19,4,8,0,0,0,0,0,0,0,1,1,1,1,1,33,6,1995,2,12,BMW 3 SERIES,2,E01007740,0,-1
2023991272848,2023,991272848,3,9,0,18,19,8,4,0,0,0,0,0,0,0,2,1,6,6,1,42,7,1998,1,2,BMW 3 SERIES,4,-1,0,-1
2023010446012,2023,010446012,1,9,0,99,99,9,9,99,99,9,9,99,9,99,9,9,2,2,1,45,7,2494,1,19,BMW 3 SERIES,9,E01001567,0,-1
2023471329838,2023,471329838,2,9,0,3,3,7,3,0,0,0,0,0,0,0,2,1,5,6,1,48,8,1998,8,3,BMW 3 SERIES,10,E01031644,0,-1
2023221303654,2023,221303654,1,9,0,18,19,7,3,0,0,0,0,0,1,0,1,1,5,6,1,36,7,1998,8,1,BMW 3 SERIES,9,E01025877,0,-1
2023302301957,2023,302301957,1,9,0,18,19,6,2,0,0,8,0,0,0,0,1,1,1,1,1,-1,-1,2993,12,1,BMW 3 SERIES,5,E01019456,0,-1
2023131359082,2023,131359082,1,9,0,11,11,3,7,0,0,0,0,0,0,0,1,1,6,6,1,23,5,1995,2,13,BMW 3 SERIES,6,E01010594,0,-1
2023231327024,2023,231327024,2,9,0,4,4,5,1,0,0,0,0,0,0,0,2,1,5,6,1,32,6,1995,2,7,BMW 3 SERIES,4,E01031333,0,-1
2023311365247,2023,311365247,2,9,0,18,19,3,7,0,0,0,1,0,0,0,1,1,5,6,1,19,4,1995,2,10,BMW 3 SERIES,3,E01013830,0,-1
2023052300062,2023,052300062,2,9,0,4,4,5,1,0,0,8,0,0,0,0,2,1,6,6,1,31,6,1995,2,9,BMW 3 SERIES,1,E01007087,0,-1
2023231313683,2023,231313683,2,2,0,16,19,2,6,0,0,0,0,0,0,0,1,1,5,6,1,21,5,125,1,0,-1,6,E01031206,0,-1
2023991332200,2023,991332200,2,9,0,13,13,1,5,0,0,0,1,0,7,0,1,1,1,1,1,25,5,1560,2,7,PEUGEOT HORIZON,1,-1,0,-1
2023991325521,2023,991325521,1,9,0,9,9,6,4,0,0,1,0,0,0,0,3,1,6,6,1,53,8,999,1,5,SEAT TOLEDO,9,-1,0,-1
2023320524082,2023,320524082,2,9,0,2,2,0,0,0,0,0,0,0,0,0,1,1,6,6,2,38,7,-1,3,0,CUPRA BORN,7,E01026202,0,-1
2023421320695,2023,421320695,2,20,0,4,4,1,5,0,0,0,0,0,0,0,1,1,1,1,1,51,8,11120,2,5,-1,10,E01025726,0,-1
2023141354612,2023,141354612,1,9,0,18,19,7,2,0,0,2,5,0,0,0,1,1,5,6,1,19,4,2231,1,15,LEXUS IS 220,4,E01007879,0,-1
2023991347579,2023,991347579,1,9,0,16,19,2,5,0,0,0,0,0,1,0,3,1,2,2,2,17,4,998,1,12,PEUGEOT 107,-1,-1,0,-1
202354C791223,2023,54C791223,3,9,0,4,4,3,7,0,0,2,0,0,0,0,1,1,6,6,2,48,8,998,1,11,PEUGEOT 107,3,E01031956,0,-1
2023041281070,2023,041281070,2,9,0,18,19,3,7,0,0,0,0,0,0,0,2,1,1,1,1,32,6,998,1,11,PEUGEOT 107,7,E01025033,0,-1
2023340WN2032,2023,340WN2032,2,9,0,3,3,7,3,0,0,0,0,0,0,0,2,1,2,2,2,25,5,998,1,13,PEUGEOT 107,2,E01027170,0,-1
2023501329174,2023,501329174,1,9,0,18,19,7,3,0,0,0,0,0,7,0,1,1,5,6,2,59,9,998,1,15,PEUGEOT 107,4,E01029343,0,-1
2023340WN2862,2023,340WN2862,1,9,0,18,19,1,5,0,0,0,0,0,0,0,1,1,6,6,2,41,7,998,1,13,PEUGEOT 107,8,E01027297,0,-1
2023340WN4962,2023,340WN4962,2,9,0,3,3,8,4,0,0,0,0,0,0,0,2,1,6,6,1,38,7,1373,8,3,SUZUKI VITARA,9,E01027201,0,-1
2023041302749,2023,041302749,2,9,0,2,2,1,5,0,0,1,0,0,0,0,2,1,6,6,2,62,9,1373,8,2,SUZUKI VITARA,6,E01010915,0,-1
2023052300353,2023,052300353,1,9,0,18,19,1,5,0,0,0,0,11,0,0,1,1,6,6,3,-1,-1,1373,1,3,SUZUKI VITARA,-1,-1,0,-1
2023201383357,2023,201383357,1,3,0,14,14,4,8,0,0,0,0,0,0,0,1,1,2,2,1,22,5,125,1,4,HONDA GLR 125,1,E01009092,0,-1
2023010460812,2023,010460812,1,3,0,18,19,5,1,0,0,8,0,0,0,0,1,1,6,6,1,19,4,125,1,7,HONDA GLR 125,5,E01000589,0,-1
2023010447388,2023,010447388,1,3,0,14,14,7,3,0,0,0,0,0,0,0,1,1,1,1,1,29,6,125,1,4,HONDA GLR 125,3,E01003493,0,-1
2023131387479,2023,131387479,2,10,0,11,11,1,5,0,0,0,1,0,0,0,1,1,1,1,1,23,5,-1,-1,-1,-1,1,E01010676,0,-1
2023211295787,2023,211295787,2,20,0,4,4,3,7,0,0,0,0,0,0,0,3,1,2,2,1,37,7,-1,-1,-1,-1,-1,-1,0,-1
2023041338696,2023,041338696,1,19,0,18,19,-1,-1,0,0,2,0,0,0,0,1,1,6,6,1,32,6,1996,2,13,RENAULT TRAFIC,9,E01006365,0,-1
2023131352160,2023,131352160,1,9,0,4,4,7,3,0,0,8,0,2,0,0,4,1,6,6,3,-1,-1,1870,2,15,SUZUKI GRAND VITARA,-1,-1,0,-1
2023991264443,2023,991264443,3,9,0,3,3,8,4,0,0,0,0,0,0,0,2,1,5,6,1,56,9,1598,1,14,CHEVROLET LACETTI,1,-1,0,-1
2023461296075,2023,461296075,3,9,0,3,3,7,3,0,0,0,0,0,0,0,2,1,6,6,1,81,11,1490,8,2,MG HS,4,E01024118,0,-1
2023991266600,2023,991266600,1,9,0,18,19,3,8,0,0,3,0,0,0,0,1,1,6,6,3,34,6,1490,1,3,MG HS,3,-1,0,-1
2023421320205,2023,421320205,7,9,0,3,3,2,2,0,0,0,0,0,0,0,3,1,6,6,1,61,9,1490,1,3,MG HS,4,E01016003,0,-1
2023041293713,2023,041293713,2,9,0,18,19,3,7,0,0,8,0,2,0,0,3,1,5,6,1,55,8,1584,1,19,MITSUBISHI SPACE STAR,1,E01025606,0,-1
2023010470152,2023,010470152,1,11,0,4,4,1,5,0,0,1,0,0,0,0,0,1,1,1,1,34,6,6692,2,14,-1,2,E01033587,0,-1
2023010486271,2023,010486271,1,11,0,18,19,2,6,0,0,1,0,0,0,0,1,1,1,1,1,54,8,6692,2,14,-1,7,E01030859,0,-1
2023440413447,2023,440413447,1,9,0,18,19,2,6,0,0,8,0,0,0,0,4,1,6,6,1,31,6,3222,2,20,-1,3,E01022803,0,-1
2023991365263,2023,991365263,2,90,0,2,2,0,0,6,6,0,0,0,1,0,1,1,6,6,3,-1,-1,1499,2,0,-1,-1,-1,0,-1
2023552300836,2023,552300836,1,9,0,10,10,6,4,0,0,6,0,0,0,0,1,1,6,6,1,17,4,1590,1,31,-1,8,E01015335,0,-1
2023302301957,2023,302301957,2,9,0,18,19,2,6,0,0,8,0,0,0,0,1,1,6,6,1,27,6,1998,1,5,-1,4,E01019519,0,-1
2023430482325,2023,430482325,2,9,0,18,19,2,6,0,0,6,0,0,0,0,1,1,6,6,1,-1,-1,2685,2,20,-1,-1,-1,0,-1
2023010470992,2023,010470992,2,11,0,18,19,3,7,0,0,0,0,0,0,0,1,1,1,1,1,51,8,4461,2,9,WRIGHTBUS NB4L,3,E01000046,0,-1
2023010437258,2023,010437258,2,11,0,99,99,9,9,99,99,9,9,99,9,99,9,9,6,6,3,-1,-1,4500,2,8,WRIGHTBUS NB4L,3,E01004427,0,-1
2023010478674,2023,010478674,1,11,0,18,19,3,7,0,0,0,0,11,0,0,1,1,1,1,1,49,8,4500,2,6,WRIGHTBUS NB4L,5,E01033030,0,-1
2023351354747,2023,351354747,3,9,0,18,19,2,6,0,0,0,0,0,0,0,3,1,5,6,1,43,7,-1,3,2,-1,3,E01017977,0,-1
2023201297451,2023,201297451,2,9,0,4,4,3,7,0,0,0,0,0,0,0,2,1,6,6,2,35,6,1198,1,6,NISSAN PULSAR,7,E01010164,0,-1
2023010474385,2023,010474385,1,5,0,14,14,7,3,0,0,0,0,0,0,0,1,1,6,6,1,39,7,749,1,5,SUZUKI GSXS,5,E01004461,0,-1
2023451354348,2023,451354348,3,9,0,18,19,2,6,0,0,0,0,0,0,0,2,1,2,2,2,58,9,1477,1,2,VOLVO XC40,9,E01030425,0,-1
2023430311036,2023,430311036,1,9,0,18,19,4,8,0,0,2,0,0,0,0,3,1,2,2,1,51,8,1969,8,0,VOLVO XC40,4,E01016359,0,-1
2023201287675,2023,201287675,2,9,0,18,19,4,8,0,0,0,0,0,0,0,1,1,6,6,1,68,10,1477,8,1,VOLVO XC40,-1,-1,0,-1
2023010452824,2023,010452824,1,3,0,18,19,1,5,0,0,1,0,0,0,0,3,1,6,6,1,18,4,125,1,4,YAMAHA DELIGHT,5,E01002950,0,-1
2023421320205,2023,421320205,3,9,0,3,3,3,6,0,0,0,0,0,0,0,4,1,6,6,1,54,8,2400,2,14,VOLVO C70,5,E01021905,0,-1
2023010463262,2023,010463262,2,3,0,3,3,3,7,0,0,1,0,0,0,0,1,1,1,1,1,24,5,125,1,5,YAMAHA GPD,7,E01032025,0,-1
2023010446079,2023,010446079,2,3,0,18,19,5,1,0,0,8,0,0,0,0,4,1,6,6,1,17,4,125,1,3,YAMAHA GPD,4,E01001139,0,-1
2023451392499,2023,451392499,2,3,0,13,13,3,7,0,0,1,0,0,0,0,3,1,2,2,2,22,5,125,1,2,YAMAHA GPD,8,E01030654,0,-1
2023010441688,2023,010441688,1,3,0,6,6,1,1,0,0,1,0,0,0,0,2,1,6,6,3,-1,-1,125,1,4,YAMAHA GPD,-1,-1,0,-1
2023451269001,2023,451269001,1,3,0,18,19,8,1,0,0,0,5,0,0,0,1,1,1,1,1,35,6,125,1,1,YAMAHA GPD,6,E01030737,0,-1
2023010430019,2023,010430019,1,3,0,99,99,9,9,99,99,9,9,99,9,99,2,1,6,6,2,26,6,125,1,5,YAMAHA GPD,2,E01002096,0,-1
2023010474470,2023,010474470,1,3,0,18,19,7,3,0,0,1,0,11,0,0,1,1,6,6,1,27,6,125,1,2,YAMAHA GPD,4,E01003114,0,-1
2023010437019,2023,010437019,1,3,0,18,19,7,3,0,0,8,0,0,0,0,1,1,6,6,1,25,5,125,1,0,YAMAHA GPD,5,E01000607,0,-1
2023010457720,2023,010457720,1,3,0,99,99,9,9,99,99,9,9,99,9,99,2,1,6,6,2,28,6,125,1,5,YAMAHA GPD,1,E01002041,0,-1
2023010435100,2023,010435100,1,3,0,18,19,3,7,0,0,2,2,4,0,0,1,1,6,6,1,20,4,125,1,5,YAMAHA GPD,5,E01004753,0,-1
2023451313932,2023,451313932,1,3,0,18,19,5,1,0,0,0,2,0,0,0,1,1,2,2,2,30,6,125,1,0,YAMAHA GPD,10,E01030986,0,-1
2023010483285,2023,010483285,2,3,0,13,13,3,7,0,0,8,0,0,0,0,4,1,6,6,1,25,5,125,1,2,YAMAHA GPD,-1,-1,0,-1
2023010421440,2023,010421440,1,3,0,99,99,9,9,99,99,9,9,99,9,99,2,1,6,6,1,26,6,125,1,4,YAMAHA GPD,3,E01002756,0,-1
2023201377317,2023,201377317,1,3,0,14,14,3,7,0,0,2,0,4,0,0,1,1,1,1,1,20,4,125,1,2,YAMAHA GPD,3,E01008895,0,-1
2023010436193,2023,010436193,2,3,0,99,99,9,9,99,99,9,9,99,9,99,1,1,6,6,3,-1,-1,125,1,0,YAMAHA GPD,6,E01003437,0,-1
2023010468909,2023,010468909,2,3,0,14,14,6,2,0,0,8,0,0,0,0,1,1,2,2,2,31,6,125,1,2,YAMAHA GPD,4,E01003119,0,-1
2023010471137,2023,010471137,1,3,0,99,99,9,9,99,99,9,9,99,9,99,1,1,6,6,1,42,7,125,1,3,YAMAHA GPD,4,E01002088,0,-1
2023010447036,2023,010447036,1,3,0,99,99,9,9,99,99,9,9,99,9,99,9,1,6,6,1,32,6,125,1,1,YAMAHA GPD,5,E01000224,0,-1
2023010446138,2023,010446138,1,3,0,99,99,9,9,99,99,9,9,99,9,99,1,1,2,2,1,33,6,125,1,3,YAMAHA GPD,3,E01000082,0,-1
2023320474984,2023,320474984,1,9,0,18,19,4,8,9,9,2,0,0,0,0,1,1,6,6,3,-1,-1,1987,8,3,LEXUS UX 250,-1,-1,0,-1
2023201298687,2023,201298687,2,9,0,3,3,1,5,0,0,0,0,0,0,0,2,1,6,6,1,41,7,1560,2,9,MAZDA 5,1,E01005167,0,-1
2023161351787,2023,161351787,2,5,0,18,19,7,3,0,0,1,0,0,0,0,1,1,5,6,1,27,6,805,1,14,-1,6,E01012923,0,-1
2023201299457,2023,201299457,1,9,0,4,4,2,6,0,0,0,0,0,0,0,1,1,6,6,1,21,5,1395,1,8,VOLKSWAGEN MODEL MISSING,4,E01013967,0,-1
2023421338940,2023,421338940,1,9,0,18,19,2,6,0,0,0,0,0,0,0,1,1,5,6,2,45,7,1600,1,49,VOLKSWAGEN MODEL MISSING,6,E01030068,0,-1
2023451365337,2023,451365337,1,9,0,18,19,5,1,0,0,0,0,0,0,0,2,1,2,2,1,54,8,1798,1,5,AUDI A6,9,E01024008,0,-1
2023451322337,2023,451322337,1,9,0,18,19,5,1,0,0,0,0,7,0,0,1,1,2,2,1,34,6,1968,2,0,AUDI A6,10,E01030584,0,-1
2023122300868,2023,122300868,2,9,0,18,19,3,7,0,0,0,0,0,0,0,3,1,6,6,1,56,9,1496,1,7,MAZDA 2,9,E01027632,0,-1
2023991272848,2023,991272848,1,9,0,18,19,8,4,0,0,0,0,4,0,0,1,1,5,6,2,39,7,999,1,1,RENAULT CAPTUR,2,-1,0,-1
2023010426814,2023,010426814,1,9,0,99,99,9,9,99,99,9,9,99,9,99,2,9,6,6,2,36,7,999,1,1,RENAULT CAPTUR,6,E01026520,0,-1
2023340WN5502,2023,340WN5502,2,9,0,9,9,3,7,0,0,5,0,10,0,0,3,1,6,6,2,31,6,898,1,4,RENAULT CAPTUR,-1,-1,0,-1
2023041380072,2023,041380072,3,9,0,4,4,3,7,0,0,0,0,0,0,0,2,1,5,6,2,27,6,898,1,7,RENAULT CAPTUR,2,E01025060,0,-1
2023451365531,2023,451365531,2,9,0,18,19,1,5,0,0,0,0,0,0,0,1,1,5,6,1,85,11,1333,1,3,RENAULT CAPTUR,10,E01030351,0,-1
2023010478606,2023,010478606,2,19,0,99,99,9,9,99,99,0,9,99,9,99,1,1,6,6,3,65,9,1248,2,9,CITROEN NEMO,8,E01024394,0,-1
2023010462149,2023,010462149,2,9,9,6,6,1,1,99,99,9,9,99,9,99,1,9,6,6,3,31,6,999,1,0,SKODA KAMIQ,2,E01001001,0,-1
2023531275766,2023,531275766,1,9,0,18,19,5,1,0,0,2,0,0,0,0,1,1,5,6,2,60,9,1498,1,3,SKODA KAMIQ,8,E01022313,0,-1
2023010458083,2023,010458083,1,9,0,18,19,4,8,0,0,0,0,0,0,0,2,1,6,6,1,25,5,1797,8,11,TOYOTA AURIS,3,E01000125,0,-1
2023461380647,2023,461380647,1,9,0,5,5,1,5,0,0,8,0,0,0,0,3,1,6,6,1,25,5,1598,1,13,TOYOTA AURIS,7,E01032820,0,-1
2023451342904,2023,451342904,3,9,0,18,19,3,7,0,0,0,0,0,0,0,2,1,5,6,2,56,9,1798,8,5,TOYOTA AURIS,6,E01024084,0,-1
2023131368776,2023,131368776,2,9,0,18,19,1,1,0,0,0,0,0,0,0,1,1,1,1,1,38,7,1797,8,9,TOYOTA AURIS,1,E01010674,0,-1
2023041302749,2023,041302749,1,9,0,16,19,1,5,0,0,1,0,2,7,11,1,1,1,1,1,69,10,1798,8,7,TOYOTA AURIS,3,E01025356,0,-1
2023451313932,2023,451313932,3,9,0,3,3,5,1,0,0,0,0,0,0,0,0,1,6,6,1,45,7,1598,1,9,TOYOTA AURIS,10,E01030475,0,-1
2023010444124,2023,010444124,1,9,0,99,99,9,9,99,99,9,9,99,9,99,1,9,6,6,1,45,7,1797,8,13,TOYOTA AURIS,2,E01004537,0,-1
2023201317475,2023,201317475,1,9,0,9,9,1,7,0,0,5,0,0,0,0,1,1,2,2,1,57,9,1598,1,16,TOYOTA AURIS,3,E01009006,0,-1
2023311346081,2023,311346081,2,8,0,18,19,2,5,0,0,1,0,0,0,0,1,1,1,1,1,44,7,1798,8,5,TOYOTA AURIS,1,E01013818,0,-1
2023131280015,2023,131280015,2,9,0,9,9,4,7,0,0,8,0,0,0,0,2,1,1,1,1,35,6,1797,8,9,TOYOTA AURIS,1,E01010618,0,-1
2023131299611,2023,131299611,1,9,0,18,19,3,7,0,0,8,0,0,0,0,3,1,1,1,1,39,7,1798,8,6,TOYOTA AURIS,1,E01033035,0,-1
2023201305639,2023,201305639,1,9,0,18,19,8,4,0,0,0,0,0,0,0,2,1,6,6,3,-1,-1,2360,7,13,TOYOTA MODEL MISSING,-1,-1,0,-1
2023201342546,2023,201342546,1,9,0,1,1,4,8,0,0,1,0,0,0,0,2,1,1,1,1,59,9,2360,7,9,TOYOTA MODEL MISSING,1,E01009479,0,-1
2023461394806,2023,461394806,2,9,0,7,7,7,3,0,0,0,0,0,0,0,3,1,6,6,1,48,8,2360,1,13,TOYOTA MODEL MISSING,8,E01024063,0,-1
2023371325372,2023,371325372,1,19,0,18,19,-1,-1,0,0,0,0,0,0,0,1,1,6,6,1,67,10,1896,2,14,VOLKSWAGEN TRANSPORTER,9,E01030183,0,-1
2023371389348,2023,371389348,1,19,0,18,19,7,3,0,0,0,0,0,0,0,1,1,5,6,1,35,6,1968,2,3,VOLKSWAGEN TRANSPORTER,8,E01030089,0,-1
2023320673925,2023,320673925,1,19,0,6,6,6,6,0,0,0,0,0,0,0,4,1,2,2,1,37,7,1968,2,7,VOLKSWAGEN TRANSPORTER,10,E01026364,0,-1
2023010434567,2023,010434567,2,19,9,99,99,9,9,99,99,9,9,99,9,99,1,9,6,6,3,-1,-1,1968,2,3,VOLKSWAGEN TRANSPORTER,-1,-1,0,-1
2023161294147,2023,161294147,1,19,0,18,19,7,3,0,0,0,5,0,0,0,2,1,1,1,1,42,7,1968,2,6,VOLKSWAGEN TRANSPORTER,10,E01013057,0,-1
2023010441446,2023,010441446,1,3,0,99,99,9,9,99,99,9,9,99,9,99,2,1,1,1,1,36,7,124,1,8,YAMAHA YP,4,E01000477,0,-1
2023010464869,2023,010464869,2,4,0,18,19,6,2,0,0,8,0,0,0,0,1,1,6,6,1,40,7,249,1,8,YAMAHA YP,6,E01033582,0,-1
2023122301176,2023,122301176,2,3,0,10,10,7,3,0,0,8,0,2,0,0,1,1,6,6,1,16,4,125,1,6,LEXMOTO TITAN,3,E01013385,0,-1
2023041292639,2023,041292639,2,9,0,2,2,5,1,0,0,0,0,0,0,0,2,1,6,6,2,72,10,1598,1,6,NISSAN JUKE,8,E01025564,0,-1
2023131310209,2023,131310209,2,9,0,18,19,1,2,0,0,0,0,0,0,0,3,1,2,2,2,38,7,999,1,2,NISSAN JUKE,8,E01010672,0,-1
2023991282969,2023,991282969,2,9,0,4,4,7,3,0,0,0,0,0,0,0,2,1,6,6,1,65,9,1461,2,5,NISSAN JUKE,7,-1,0,-1
2023991324152,2023,991324152,1,9,0,18,19,4,8,0,0,0,0,2,0,0,1,1,5,6,2,31,6,1197,1,7,NISSAN JUKE,2,-1,0,-1
2023201418576,2023,201418576,2,9,0,3,3,8,4,0,0,1,0,0,0,0,2,1,6,6,2,24,5,1598,1,6,NISSAN JUKE,1,E01010453,0,-1
2023041267613,2023,041267613,1,9,0,5,5,7,3,0,0,4,0,0,0,0,3,1,1,1,1,27,6,1197,1,9,NISSAN JUKE,1,E01025570,0,-1
2023201378426,2023,201378426,2,9,0,18,19,8,4,0,0,8,0,0,0,0,1,1,6,6,2,29,6,1461,2,7,NISSAN JUKE,-1,-1,0,-1
2023451366679,2023,451366679,2,9,0,18,19,1,5,0,0,0,1,0,0,0,1,1,5,6,2,42,7,1598,1,7,NISSAN JUKE,6,E01030570,0,-1
2023201363299,2023,201363299,1,9,0,18,19,1,5,0,0,1,0,0,0,0,4,1,6,6,3,-1,-1,1598,1,8,NISSAN JUKE,-1,-1,0,-1
2023061300933,2023,061300933,2,9,0,9,9,3,7,0,0,6,0,0,0,0,1,1,5,6,2,77,11,999,1,2,NISSAN JUKE,9,E01005843,0,-1
2023221356067,2023,221356067,1,9,0,18,19,8,4,0,0,2,0,0,0,0,1,1,6,6,2,29,6,1598,1,4,NISSAN JUKE,-1,-1,0,-1
2023411344651,2023,411344651,1,9,0,2,2,7,3,9,9,0,1,0,0,0,3,1,5,6,2,34,6,1598,1,7,NISSAN JUKE,6,E01023830,0,-1
2023361281351,2023,361281351,1,9,0,9,9,8,5,0,0,2,0,4,0,0,1,1,5,6,2,50,8,1598,1,11,NISSAN JUKE,1,E01026635,0,-1
2023201319464,2023,201319464,1,9,0,5,5,3,7,0,0,0,0,0,0,0,1,1,6,6,1,-1,-1,1461,2,12,NISSAN JUKE,-1,-1,0,-1
2023201317475,2023,201317475,2,9,0,18,19,5,1,0,0,8,0,0,0,0,1,1,2,2,2,33,6,1197,1,7,NISSAN JUKE,2,E01010204,0,-1
2023041376848,2023,041376848,2,9,0,17,19,1,3,0,0,1,0,0,0,0,1,1,5,6,2,44,7,999,1,0,NISSAN JUKE,6,E01025444,0,-1
2023991316067,2023,991316067,1,9,0,18,19,2,6,0,0,0,0,0,0,0,1,1,6,6,2,21,5,999,1,2,NISSAN JUKE,-1,-1,0,-1
2023302301868,2023,302301868,3,9,0,3,3,4,8,0,0,0,0,0,0,0,3,1,2,2,1,53,8,1618,1,7,NISSAN JUKE,5,E01019738,0,-1
2023010449538,2023,010449538,2,19,9,99,99,9,9,99,99,9,9,99,9,99,1,9,6,6,3,-1,-1,1560,2,6,PEUGEOT EXPERT,-1,-1,0,-1
2023361322179,2023,361322179,2,19,0,3,3,-1,-1,0,0,0,0,0,0,0,2,1,1,1,1,20,4,1499,2,3,PEUGEOT EXPERT,7,E01026471,0,-1
2023501273569,2023,501273569,1,19,0,9,9,1,6,0,0,0,0,0,0,0,3,1,2,2,1,49,8,1560,2,11,PEUGEOT EXPERT,5,E01018896,0,-1
2023141325477,2023,141325477,2,19,0,2,2,0,0,0,0,0,0,0,0,0,3,1,6,6,1,62,9,1499,2,2,PEUGEOT EXPERT,3,E01008063,0,-1
2023010478321,2023,010478321,1,9,0,5,5,2,6,0,0,2,0,0,0,0,1,1,1,1,1,50,8,1798,8,5,TOYOTA C-HR,3,E01001779,0,-1
2023311308962,2023,311308962,2,9,0,4,4,5,8,0,0,5,0,0,0,0,4,1,2,2,1,54,8,1798,8,2,TOYOTA C-HR,4,E01027933,0,-1
2023010461450,2023,010461450,1,9,0,4,4,7,3,0,0,1,0,0,0,0,2,1,6,6,1,56,9,1798,8,5,TOYOTA C-HR,4,E01002425,0,-1
2023131315642,2023,131315642,2,9,0,4,4,3,7,0,0,0,0,0,0,0,2,1,5,6,2,57,9,1798,8,4,TOYOTA C-HR,8,E01013101,0,-1
2023201413941,2023,201413941,1,9,0,18,19,4,8,0,0,8,0,0,0,0,4,1,6,6,2,58,9,1798,8,3,TOYOTA C-HR,8,E01009468,0,-1
2023131379414,2023,131379414,2,9,0,18,19,3,7,0,0,1,0,0,0,0,1,1,6,6,1,65,9,1798,8,4,TOYOTA C-HR,9,E01013120,0,-1
2023430055454,2023,430055454,3,9,0,3,3,3,7,0,0,8,0,0,0,0,2,1,6,6,1,45,7,1798,8,5,TOYOTA C-HR,-1,-1,0,-1
2023320372400,2023,320372400,1,9,0,18,19,5,1,0,0,8,1,0,0,0,1,1,6,6,1,22,5,1997,2,13,VOLVO C30,-1,-1,0,-1
2023221300574,2023,221300574,4,9,0,18,19,8,4,0,0,0,0,0,0,0,1,1,5,6,2,43,7,4395,1,9,BMW M5,8,E01014157,0,-1
2023548916223,2023,548916223,1,5,0,18,19,1,5,0,0,1,0,0,0,0,4,1,2,2,1,51,8,670,1,10,-1,8,E01032110,0,-1
2023010453415,2023,010453415,2,9,0,99,99,9,9,99,99,9,9,99,9,99,9,9,6,6,3,-1,-1,1598,12,3,HYUNDAI TUCSON,-1,-1,0,-1
2023211305360,2023,211305360,2,9,0,18,19,6,2,0,0,0,0,0,0,0,3,1,2,2,1,29,6,1995,2,6,HYUNDAI TUCSON,10,E01029747,0,-1
2023631307892,2023,631307892,1,9,0,9,9,7,5,0,0,5,0,0,0,0,4,1,5,6,1,81,11,1591,1,5,HYUNDAI TUCSON,8,W01001423,0,-1
2023221399953,2023,221399953,1,9,0,18,19,1,5,0,0,8,0,0,0,0,1,1,6,6,2,29,6,1685,2,6,HYUNDAI TUCSON,5,E01028946,0,-1
2023010474770,2023,010474770,1,9,0,12,12,3,7,0,0,2,0,0,0,0,2,1,6,6,2,-1,-1,1591,1,4,HYUNDAI TUCSON,2,E01022006,0,-1
2023010472076,2023,010472076,1,9,0,5,5,1,5,0,0,8,0,0,0,0,1,1,6,6,1,42,7,1598,1,1,HYUNDAI TUCSON,3,E01001954,0,-1
2023371348869,2023,371348869,1,9,0,-1,-1,-1,-1,-1,-1,0,-1,-1,-1,0,1,1,6,6,1,18,4,1591,1,4,HYUNDAI TUCSON,1,E01022045,0,-1
2023991265516,2023,991265516,2,21,1,3,3,8,3,0,0,0,0,0,0,0,2,1,1,1,1,42,7,11120,2,6,IVECO STRALIS,-1,-1,0,-1
2023461343609,2023,461343609,1,21,1,18,19,6,2,0,0,0,0,0,0,0,2,1,1,1,1,63,9,11120,2,6,IVECO STRALIS,2,E01007218,0,-1
2023131375735,2023,131375735,1,9,0,4,4,1,5,0,0,0,0,0,0,0,2,1,5,6,2,26,6,1595,1,17,AUDI A3,1,E01010616,0,-1
2023131283142,2023,131283142,1,9,0,9,9,3,7,0,0,8,0,0,0,0,1,1,6,6,2,33,6,1968,2,17,AUDI A3,10,E01011563,0,-1
2023451286954,2023,451286954,1,9,0,4,4,3,7,0,0,0,0,0,0,0,2,1,2,2,2,58,9,1498,1,2,AUDI A3,9,E01021053,0,-1
2023161334183,2023,161334183,1,9,0,18,19,7,3,0,0,0,0,0,1,4,1,1,2,2,1,31,6,1968,2,11,AUDI A3,1,E01011428,0,-1
2023041272438,2023,041272438,1,9,0,18,19,7,3,0,0,0,0,0,0,0,1,1,6,6,1,32,6,1395,1,7,AUDI A3,1,E01024858,0,-1
2023161377756,2023,161377756,2,9,0,17,19,5,1,0,0,1,0,0,0,0,1,1,2,2,1,48,8,1968,2,11,AUDI A3,7,E01013020,0,-1
2023461266414,2023,461266414,1,9,0,12,12,5,1,0,0,3,0,0,0,0,3,1,6,6,1,25,5,1968,2,16,AUDI A3,3,E01024083,0,-1
2023221299130,2023,221299130,1,9,0,18,19,3,7,0,0,0,0,0,0,0,1,1,5,6,1,46,8,2480,1,11,AUDI A3,4,E01032384,0,-1
2023131357544,2023,131357544,1,9,0,7,7,8,8,0,0,8,0,0,1,0,3,1,5,6,2,53,8,1798,1,10,AUDI A3,1,E01010627,0,-1
2023010439027,2023,010439027,1,9,0,6,6,2,2,0,0,2,0,0,0,0,1,1,6,6,1,24,5,1598,2,6,AUDI A3,3,E01004430,0,-1
2023201289868,2023,201289868,1,9,0,18,19,3,7,0,0,8,0,0,0,0,1,1,6,6,1,22,5,1984,1,15,AUDI A3,2,E01009487,0,-1
2023141378703,2023,141378703,2,9,0,18,19,1,5,0,0,0,0,0,0,0,2,1,5,6,1,33,6,999,1,5,AUDI A3,2,E01011002,0,-1
2023991293778,2023,991293778,1,9,0,18,19,7,7,0,0,0,0,0,0,0,1,1,6,6,1,21,5,1598,2,8,AUDI A3,3,-1,0,-1
2023471263424,2023,471263424,1,9,0,5,5,3,7,0,0,0,0,0,0,0,1,1,5,6,1,28,6,1968,2,10,AUDI A3,9,E01031458,0,-1
2023010477797,2023,010477797,1,9,0,99,99,9,9,99,99,0,9,99,9,99,4,9,6,6,2,32,6,1595,1,15,AUDI A3,6,E01002135,0,-1
2023041325973,2023,041325973,1,9,0,9,9,1,7,0,0,6,0,0,0,0,1,1,2,2,2,51,8,1395,1,10,AUDI A3,8,E01025516,0,-1
2023461362550,2023,461362550,2,9,0,3,3,6,2,0,0,1,0,0,0,0,2,1,6,6,1,40,7,1395,8,2,AUDI A3,5,E01024673,0,-1
2023041301795,2023,041301795,1,9,0,14,14,3,7,0,0,0,0,0,4,1,1,1,6,6,1,62,9,1896,2,14,AUDI A3,3,E01024866,0,-1
2023131290539,2023,131290539,2,9,0,2,2,5,1,0,0,0,0,0,0,0,2,1,6,6,1,33,6,1968,2,6,AUDI A3,3,E01010805,0,-1
2023430303933,2023,430303933,1,9,0,18,19,4,8,0,0,1,0,0,0,0,1,1,2,2,1,40,7,1968,2,15,AUDI A3,7,E01023579,0,-1
2023440105315,2023,440105315,2,9,0,3,3,6,2,0,0,8,0,0,0,0,2,1,6,6,2,70,10,1798,1,15,AUDI A3,6,E01017261,0,-1
2023122301176,2023,122301176,3,9,0,2,2,0,0,6,6,8,0,0,0,0,3,1,2,2,1,55,8,1968,2,14,AUDI A3,7,E01027781,0,-1
2023141265134,2023,141265134,1,9,0,7,7,7,1,0,0,6,0,0,0,0,1,1,2,2,2,55,8,1968,2,8,AUDI A3,1,E01007369,0,-1
2023421294353,2023,421294353,1,9,0,18,19,7,3,0,0,0,0,0,0,0,1,1,6,6,1,33,6,1798,1,15,AUDI A3,3,E01021328,0,-1
2023231352373,2023,231352373,3,9,0,18,19,4,8,0,0,8,0,0,0,0,4,1,5,6,2,28,6,1968,2,8,AUDI A3,3,E01031264,0,-1
2023461374429,2023,461374429,2,9,0,7,7,3,5,0,0,3,0,0,0,0,1,1,6,6,1,28,6,1968,2,10,AUDI A3,5,E01024281,0,-1
2023131268506,2023,131268506,1,9,0,-1,-1,-1,-1,-1,-1,8,-1,-1,-1,0,-1,1,6,6,3,-1,-1,1968,2,9,AUDI A3,-1,-1,0,-1
2023351294000,2023,351294000,2,9,0,4,4,1,5,0,0,0,0,0,0,0,2,1,6,6,2,69,10,1395,1,10,AUDI A3,9,E01011456,0,-1
2023131294410,2023,131294410,2,9,0,12,12,1,5,0,0,0,0,0,0,0,2,1,6,6,2,36,7,1968,2,12,AUDI A3,3,E01011125,0,-1
2023010429186,2023,010429186,2,9,0,18,19,3,7,0,0,0,0,10,1,0,2,1,6,6,2,42,7,1598,2,10,AUDI A3,6,E01017898,0,-1
2023320566576,2023,320566576,1,9,0,18,19,6,2,0,0,0,1,0,8,6,1,1,6,6,1,24,5,1968,2,10,AUDI A3,8,E01026193,0,-1
2023440207654,2023,440207654,1,9,0,18,19,3,7,0,0,3,1,0,0,0,3,1,6,6,1,22,5,1395,1,8,AUDI A3,3,E01022487,0,-1
2023320621980,2023,320621980,2,9,0,4,4,4,8,0,0,0,0,0,0,0,2,1,6,6,1,45,7,2480,1,8,AUDI RSQ3,7,E01017288,0,-1
2023991332200,2023,991332200,1,9,0,9,9,1,7,0,0,0,0,0,0,0,3,1,5,6,1,77,11,2993,12,2,BMW X4,5,-1,0,-1
2023071093595,2023,071093595,2,9,0,4,4,1,5,0,0,1,0,0,0,0,1,1,2,2,2,34,6,1685,2,8,HYUNDAI IX35,9,E01018737,0,-1
2023501282394,2023,501282394,2,9,0,18,19,8,4,0,0,0,0,0,0,0,2,1,5,6,2,33,6,1591,1,11,HYUNDAI IX35,2,E01018867,0,-1
2023070454534,2023,070454534,2,9,0,8,8,5,1,0,0,1,0,2,0,0,2,1,6,6,1,44,7,1685,2,10,HYUNDAI IX35,8,E01006792,0,-1
2023010460792,2023,010460792,1,8,0,99,99,9,9,99,99,9,9,99,9,99,1,9,1,1,1,35,6,1477,8,1,LEVC TX,3,E01001548,0,-1
2023010475328,2023,010475328,1,8,0,18,19,8,4,0,0,1,0,0,0,0,0,1,1,1,1,33,6,1477,8,1,LEVC TX,9,E01029076,0,-1
2023451316175,2023,451316175,1,9,0,18,19,7,3,0,0,0,1,0,0,0,4,1,6,6,1,47,8,-1,-1,-1,LEVC TX,7,E01024437,0,-1
2023991324117,2023,991324117,2,8,0,3,3,5,1,0,0,1,0,2,7,0,4,1,1,1,1,65,9,1477,8,4,LEVC TX,-1,-1,0,-1
2023010478661,2023,010478661,2,8,0,18,19,2,6,0,0,1,0,0,0,0,1,1,1,1,1,40,7,1477,8,0,LEVC TX,8,E01002453,0,-1
2023010452516,2023,010452516,1,9,0,9,9,5,2,0,0,8,0,0,0,0,0,1,6,6,1,61,9,1560,2,6,MITSUBISHI ASX,5,E01000567,0,-1
2023010464708,2023,010464708,2,9,0,99,99,9,9,99,99,9,9,99,9,99,1,9,6,6,3,-1,-1,1193,1,3,MITSUBISHI MIRAGE,4,E01001023,0,-1
2023010432430,2023,010432430,1,9,0,3,3,7,3,0,0,2,0,0,0,0,1,1,6,6,1,68,10,1197,8,3,SUZUKI IGNIS,1,E01033086,0,-1
2023010452791,2023,010452791,1,9,0,16,19,3,7,0,0,2,1,11,0,0,1,1,6,6,1,34,6,1491,1,46,-1,-1,-1,0,-1
2023010457714,2023,010457714,1,19,0,7,7,5,7,0,0,5,0,0,0,0,4,1,1,1,1,52,8,2200,2,3,PEUGEOT BOXER,3,E01002015,0,-1
2023041347504,2023,041347504,2,90,0,4,4,5,1,0,0,0,0,0,0,0,1,1,5,6,1,70,10,1998,1,26,PEUGEOT BOXER,10,-1,0,-1
2023401366451,2023,401366451,1,19,0,18,19,7,3,0,0,5,0,0,0,0,1,1,1,1,1,44,7,1997,2,5,PEUGEOT BOXER,7,E01023605,0,-1
2023231350353,2023,231350353,2,19,0,9,9,6,4,0,0,5,0,0,0,0,1,1,6,6,1,62,9,1997,2,6,PEUGEOT BOXER,6,E01031159,0,-1
2023161294147,2023,161294147,2,19,0,18,19,7,3,0,0,0,0,0,0,0,1,1,1,1,1,24,5,2179,2,1,PEUGEOT BOXER,9,E01012955,0,-1
2023041280187,2023,041280187,2,19,0,18,19,7,3,0,0,1,0,0,0,0,3,1,1,1,1,41,7,2198,2,11,PEUGEOT BOXER,3,E01025289,0,-1
2023522301822,2023,522301822,1,19,0,3,3,4,8,0,0,0,0,0,0,0,2,1,6,6,1,64,9,2200,2,4,PEUGEOT BOXER,10,E01029104,0,-1
2023010475021,2023,010475021,2,19,0,18,19,5,1,0,0,8,0,0,0,0,1,1,1,1,1,37,7,1997,2,6,PEUGEOT BOXER,5,E01016015,0,-1
2023052302740,2023,052302740,1,5,0,18,19,3,7,0,0,8,0,0,0,0,3,1,6,6,1,45,7,599,1,27,SUZUKI MODEL MISSING,8,E01007095,0,-1
2023101362977,2023,101362977,1,19,0,18,19,7,3,0,0,0,0,0,0,0,1,1,5,6,1,26,6,1248,2,16,VAUXHALL COMBO,8,E01027440,0,-1
202360A113580,2023,60A113580,2,19,0,3,3,7,3,0,0,8,0,0,0,0,2,1,1,1,1,61,9,1560,2,5,VAUXHALL COMBO,-1,-1,0,-1
2023471319056,2023,471319056,1,19,0,5,5,4,5,0,0,0,0,0,0,0,3,1,6,6,3,-1,-1,1499,2,3,VAUXHALL COMBO,-1,-1,0,-1
2023543231423,2023,543231423,1,19,0,18,19,4,8,0,0,1,0,0,0,0,1,1,1,1,1,33,6,1598,2,8,VAUXHALL COMBO,8,E01022217,0,-1
2023010448138,2023,010448138,2,10,0,99,99,9,9,99,99,9,9,99,9,99,1,9,6,6,3,-1,-1,-1,-1,-1,-1,-1,-1,0,-1
2023231320691,2023,231320691,2,19,0,4,4,3,7,0,0,0,5,0,1,0,2,1,1,1,1,29,6,1248,2,12,VAUXHALL COMBO,2,E01033248,0,-1
2023543231423,2023,543231423,2,9,0,4,4,4,8,0,0,1,0,0,0,0,2,1,3,7,2,50,8,1499,2,3,VAUXHALL COMBO,8,E01015498,0,-1
2023451286954,2023,451286954,2,19,0,18,19,3,7,0,0,0,0,0,0,0,1,1,1,1,1,21,5,1499,2,3,VAUXHALL COMBO,10,E01021442,0,-1
2023461355067,2023,461355067,1,9,0,18,19,3,7,0,0,0,0,0,4,0,4,1,6,6,2,30,6,2967,2,7,AUDI SQ5,-1,-1,0,-1
2023331306908,2023,331306908,1,9,0,18,19,2,3,0,0,0,0,0,0,0,1,2,6,6,1,38,7,2967,2,7,AUDI SQ5,5,E01027636,0,-1
2023451339934,2023,451339934,2,19,0,18,19,1,5,0,0,0,0,0,0,0,2,1,1,1,1,47,8,2402,2,12,FORD TRANSIT,9,E01031461,0,-1
2023320216978,2023,320216978,1,19,0,4,4,8,4,0,0,0,0,0,0,0,1,1,1,1,1,39,7,1995,2,4,FORD TRANSIT,-1,-1,0,-1
2023141352058,2023,141352058,1,11,0,18,19,4,8,0,0,0,0,0,0,0,4,1,6,6,1,58,9,2198,2,9,-1,2,E01007414,0,-1
2023471309481,2023,471309481,2,19,0,2,2,0,0,0,0,1,0,0,0,0,0,1,6,6,3,-1,-1,1995,2,1,FORD TRANSIT,-1,-1,0,-1
2023440508098,2023,440508098,4,19,0,16,19,3,7,0,0,0,0,0,0,0,1,1,1,1,1,66,10,1995,2,5,FORD TRANSIT,6,E01022507,0,-1
2023141321368,2023,141321368,2,19,0,18,19,5,1,0,0,0,1,0,0,0,1,1,6,6,1,22,5,2198,2,16,FORD TRANSIT,1,E01007723,0,-1
2023471267902,2023,471267902,1,19,0,18,19,3,7,0,0,1,0,0,0,0,1,1,1,1,1,27,6,1995,2,2,FORD TRANSIT,4,E01000068,0,-1
2023371348869,2023,371348869,2,19,0,-1,-1,-1,-1,-1,-1,0,-1,-1,-1,0,-1,1,6,6,1,30,6,1995,2,6,FORD TRANSIT,10,E01021728,0,-1
2023461382149,2023,461382149,1,19,0,4,4,7,3,0,0,0,1,0,0,0,1,1,5,6,3,-1,-1,2198,2,14,FORD TRANSIT,-1,-1,0,-1
2023440507981,2023,440507981,3,19,0,18,19,4,8,0,0,0,0,0,0,0,1,1,6,6,1,38,7,2198,2,7,FORD TRANSIT,9,E01022947,0,-1
2023552300183,2023,552300183,2,19,0,2,2,0,0,6,6,0,0,0,0,0,2,1,6,6,3,-1,-1,1995,2,3,FORD TRANSIT,-1,-1,0,-1
2023041280668,2023,041280668,2,19,0,3,3,5,1,0,0,0,0,0,0,0,3,1,1,1,1,22,5,1995,2,2,FORD TRANSIT,1,E01012698,0,-1
2023351340554,2023,351340554,1,19,0,4,4,4,8,0,0,0,0,0,0,0,2,1,2,2,1,32,6,2198,2,12,FORD TRANSIT,9,E01033433,0,-1
2023052300062,2023,052300062,1,19,0,18,19,5,1,0,0,8,0,0,0,0,1,1,6,6,1,52,8,2198,2,14,FORD TRANSIT,2,E01007130,0,-1
2023461368764,2023,461368764,1,19,0,18,19,7,3,0,0,1,0,0,0,0,1,1,1,1,1,-1,-1,1995,2,3,FORD TRANSIT,-1,-1,0,-1
2023221289592,2023,221289592,1,19,0,16,19,6,1,0,0,0,0,0,0,0,1,1,1,1,1,31,6,1995,2,1,FORD TRANSIT,7,E01013988,0,-1
2023320693352,2023,320693352,1,19,0,18,19,6,2,0,0,0,0,0,0,0,1,1,1,1,1,37,7,2402,2,13,FORD TRANSIT,9,E01026274,0,-1
2023361334088,2023,361334088,1,19,0,18,19,3,6,0,0,0,0,7,0,0,1,1,1,1,1,32,6,2198,2,10,FORD TRANSIT,9,E01018013,0,-1
2023010447551,2023,010447551,1,20,0,18,19,1,5,0,0,0,0,0,0,0,0,1,1,1,1,55,8,1995,2,5,FORD TRANSIT,3,E01003264,0,-1
2023991345106,2023,991345106,1,19,0,16,19,7,3,0,0,0,5,0,2,11,1,1,6,6,1,25,5,2402,2,18,FORD TRANSIT,-1,-1,0,-1
2023991314714,2023,991314714,1,19,4,18,19,2,6,0,0,0,0,0,0,0,4,1,1,1,1,21,5,1995,2,2,FORD TRANSIT,7,-1,0,-1
2023332301026,2023,332301026,1,19,0,18,19,3,7,0,0,8,0,0,0,0,1,1,2,2,1,36,7,2402,2,13,FORD TRANSIT,2,E01013694,0,-1
2023010475466,2023,010475466,2,19,0,18,19,3,7,0,0,8,1,0,1,7,1,1,6,6,1,33,6,2198,2,16,FORD TRANSIT,2,E01002804,0,-1
2023050394462,2023,050394462,1,19,0,18,19,1,5,0,0,0,0,2,0,0,1,1,1,1,1,25,5,1995,2,1,FORD TRANSIT,1,E01006563,0,-1
2023141322569,2023,141322569,1,19,0,18,19,1,5,0,0,0,0,0,0,0,1,1,5,6,2,38,7,1995,2,1,FORD TRANSIT,6,E01007586,0,-1
2023052302794,2023,052302794,1,19,0,18,19,3,7,0,0,0,0,0,0,0,3,1,1,1,1,35,6,2198,2,8,FORD TRANSIT,1,E01006648,0,-1
2023320729502,2023,320729502,1,19,0,18,19,8,4,0,0,0,0,0,0,0,1,1,2,2,1,25,5,1995,2,5,FORD TRANSIT,4,E01026067,0,-1
2023010436762,2023,010436762,1,19,0,5,5,6,2,0,0,8,0,0,0,0,1,1,6,6,3,36,7,1995,2,4,FORD TRANSIT,-1,-1,0,-1
2023221281533,2023,221281533,2,19,0,2,2,0,0,6,6,0,0,0,0,0,2,1,1,1,1,33,6,1995,2,1,FORD TRANSIT,10,E01010181,0,-1
2023421320205,2023,421320205,4,19,0,3,3,3,6,0,0,0,0,0,0,0,2,1,6,6,1,58,9,2402,2,12,FORD TRANSIT,10,E01021570,0,-1
2023041367409,2023,041367409,2,19,0,2,2,8,4,0,0,0,0,4,0,0,2,1,6,6,3,-1,-1,1995,2,4,FORD TRANSIT,-1,-1,0,-1
2023520301819,2023,520301819,3,19,0,18,19,7,3,0,0,0,0,0,0,0,1,1,6,6,1,59,9,2198,2,13,FORD TRANSIT,3,E01029333,0,-1
2023221265406,2023,221265406,2,19,0,2,2,0,0,0,0,0,0,0,0,0,1,1,1,1,1,25,5,1995,2,1,FORD TRANSIT,1,E01033633,0,-1
2023471378600,2023,471378600,2,20,0,9,9,5,3,0,0,5,0,0,0,0,3,1,1,1,1,58,9,-1,-1,-1,-1,6,E01031408,0,-1
2023010475021,2023,010475021,1,19,0,18,19,7,3,0,0,8,2,10,0,0,1,1,1,1,1,32,6,1499,2,1,FORD TRANSIT COURIER,4,E01001675,0,-1
2023010485539,2023,010485539,1,3,0,4,4,3,7,0,0,1,0,0,0,0,2,1,1,1,1,29,6,110,1,1,HONDA NSC,4,E01003573,0,-1
2023010459045,2023,010459045,2,3,0,18,19,4,8,0,0,8,1,0,0,0,4,1,6,6,1,29,6,108,1,11,HONDA NSC,5,E01003946,0,-1
2023010471971,2023,010471971,2,3,0,13,13,7,3,0,0,1,0,0,0,0,4,1,6,6,1,30,6,108,1,5,HONDA NSC,3,E01003493,0,-1
2023010429015,2023,010429015,1,3,0,18,19,5,1,0,0,2,0,0,0,0,3,1,2,2,1,22,5,108,1,7,HONDA NSC,8,E01030734,0,-1
2023010431662,2023,010431662,1,3,0,13,13,7,3,0,0,2,0,0,0,0,4,1,2,2,1,22,5,108,1,9,HONDA NSC,3,E01000578,0,-1
2023332301108,2023,332301108,2,3,0,14,14,2,6,0,0,8,0,0,0,0,1,1,6,6,1,19,4,125,1,3,KAWASAKI BR125,-1,-1,0,-1
2023131274884,2023,131274884,2,11,0,18,19,1,5,0,0,0,0,0,0,0,0,1,1,1,1,30,6,5132,2,4,WRIGHTBUS STREETDECK,1,E01010817,0,-1
2023311371588,2023,311371588,1,9,0,16,19,4,8,0,0,8,0,0,0,0,1,1,6,6,1,-1,-1,2993,2,7,BMW 7 SERIES,-1,-1,0,-1
2023201391452,2023,201391452,1,9,0,18,19,4,8,0,0,0,0,0,0,0,1,1,5,6,2,40,7,1200,1,8,PEUGEOT 108,3,E01006341,0,-1
2023131380175,2023,131380175,1,9,0,18,19,7,3,0,0,0,1,0,2,7,3,1,6,6,1,90,11,998,1,2,PEUGEOT 108,8,E01011826,0,-1
2023131359082,2023,131359082,3,9,0,3,3,3,7,0,0,0,0,0,0,0,2,1,6,6,2,47,8,998,1,9,PEUGEOT 108,5,E01011202,0,-1
2023141314380,2023,141314380,1,9,0,18,19,3,7,0,0,0,0,0,0,0,1,1,5,6,2,46,8,1360,1,20,PEUGEOT 307,1,E01007715,0,-1
2023471294862,2023,471294862,2,5,0,13,13,7,3,0,0,0,0,0,0,0,1,1,2,2,1,42,7,600,1,22,SUZUKI GSF 600,3,E01031789,0,-1
2023451355687,2023,451355687,1,5,0,16,19,8,4,0,0,0,2,0,1,0,3,1,5,6,1,19,4,600,1,20,SUZUKI GSF 600,6,E01023121,0,-1
2023010431775,2023,010431775,1,9,0,5,5,3,7,0,0,8,0,0,0,0,1,1,6,6,1,33,6,1398,2,15,CITROEN C2,5,E01000979,0,-1
2023041311637,2023,041311637,2,4,0,18,19,7,3,0,0,8,0,0,0,0,1,1,5,6,1,55,8,471,1,1,HONDA CB,7,E01025014,0,-1
2023622300318,2023,622300318,1,19,0,18,19,3,7,0,0,0,0,2,0,0,1,1,2,2,1,43,7,2298,2,6,NISSAN NAVARA,5,W01000650,0,-1
2023201377489,2023,201377489,1,9,0,14,14,6,4,0,0,8,0,0,0,0,1,1,6,6,1,46,8,2953,2,18,-1,2,E01009933,0,-1
2023302300099,2023,302300099,1,9,0,3,3,4,8,0,0,8,0,0,0,0,2,1,6,6,2,63,9,1560,2,5,PEUGEOT 3008,9,E01019597,0,-1
2023991272535,2023,991272535,1,9,0,17,19,1,5,0,0,0,1,0,0,0,1,1,5,6,2,60,9,1560,2,7,PEUGEOT 3008,8,-1,0,-1
2023041347051,2023,041347051,1,9,0,7,7,5,3,0,0,8,0,2,0,0,1,1,6,6,3,-1,-1,1500,2,3,PEUGEOT 3008,-1,-1,0,-1
2023471349611,2023,471349611,2,9,0,3,3,6,2,0,0,1,0,0,0,0,2,1,5,6,1,33,6,1200,1,6,PEUGEOT 3008,9,E01016924,0,-1
2023010444691,2023,010444691,2,9,0,3,3,8,4,0,0,0,0,0,0,0,2,1,1,1,1,64,9,1500,2,1,PEUGEOT 3008,9,E01004155,0,-1
2023010439611,2023,010439611,2,9,0,18,19,3,7,0,0,1,0,0,0,0,4,1,6,6,1,48,8,1560,2,7,PEUGEOT 3008,4,E01001704,0,-1
2023991360843,2023,991360843,2,9,0,4,4,3,7,0,0,3,0,0,0,0,2,1,5,6,1,73,10,1333,1,2,RENAULT KADJAR,3,-1,0,-1
2023471367310,2023,471367310,2,5,0,18,19,5,1,0,0,0,0,0,0,0,2,1,6,6,1,44,7,776,1,0,-1,9,E01031662,0,-1
2023991332456,2023,991332456,2,9,0,4,4,1,5,0,0,0,0,0,0,0,2,1,5,6,1,32,6,1461,2,4,MERCEDES A CLASS,1,-1,0,-1
2023622300654,2023,622300654,1,9,0,15,15,6,2,0,0,0,2,10,1,9,0,1,6,6,1,21,5,1461,2,7,MERCEDES A CLASS,2,W01000920,0,-1
2023440431792,2023,440431792,2,9,0,2,2,0,0,0,0,0,0,0,1,11,2,1,6,6,3,-1,-1,1461,2,9,MERCEDES A CLASS,-1,-1,0,-1
2023041273578,2023,041273578,1,9,0,7,7,7,3,0,0,1,5,2,0,0,1,1,5,6,1,30,6,1461,2,7,MERCEDES A CLASS,5,E01025314,0,-1
2023010471137,2023,010471137,2,9,0,99,99,9,9,99,99,9,9,99,9,99,2,9,6,6,3,-1,-1,1332,1,2,MERCEDES A CLASS,-1,-1,0,-1
2023131368776,2023,131368776,1,9,0,7,7,3,1,0,0,0,0,0,1,0,3,1,6,6,2,43,7,1796,2,10,MERCEDES A CLASS,1,E01010674,0,-1
2023010481088,2023,010481088,1,9,0,18,19,5,1,0,0,0,0,2,0,0,1,1,6,6,1,63,9,1461,2,8,MERCEDES A CLASS,-1,-1,0,-1
2023101369609,2023,101369609,1,9,0,4,4,1,5,0,0,0,0,0,0,0,4,1,6,6,2,31,6,2143,2,5,MERCEDES A CLASS,7,E01008850,0,-1
2023991274559,2023,991274559,2,9,0,18,19,2,6,0,0,0,0,0,1,0,2,1,6,6,2,44,7,1461,2,4,MERCEDES A CLASS,8,-1,0,-1
2023221289592,2023,221289592,2,9,0,3,3,6,1,0,0,0,0,0,0,0,2,1,1,1,1,24,5,1461,2,5,MERCEDES A CLASS,5,E01032212,0,-1
2023471336011,2023,471336011,1,9,0,18,19,5,1,0,0,0,0,0,0,0,1,1,2,2,1,17,4,1595,1,8,MERCEDES A CLASS,6,E01021133,0,-1
2023552300154,2023,552300154,1,9,0,5,5,2,6,0,0,6,0,0,0,0,4,1,6,6,1,35,6,2143,2,8,MERCEDES A CLASS,4,E01012760,0,-1
2023010435024,2023,010435024,1,9,9,99,99,9,9,99,99,9,9,99,9,99,9,9,6,6,1,32,6,2143,2,8,MERCEDES A CLASS,3,E01001366,0,-1
2023302300672,2023,302300672,1,9,0,18,19,2,6,0,0,0,0,0,0,0,1,1,6,6,1,18,4,1461,2,6,MERCEDES A CLASS,9,E01024818,0,-1
2023161373935,2023,161373935,1,9,0,3,3,4,7,0,0,0,0,0,0,0,2,1,5,6,1,41,7,1461,2,9,MERCEDES A CLASS,3,E01012777,0,-1
2023461297971,2023,461297971,5,9,0,4,4,3,7,0,0,1,0,0,0,0,1,1,2,2,2,29,6,1595,1,8,MERCEDES A CLASS,8,E01024762,0,-1
2023010462146,2023,010462146,1,9,0,99,99,9,9,99,99,9,9,99,9,99,9,9,6,6,2,26,6,1332,1,5,MERCEDES A CLASS,2,E01001477,0,-1
2023201412169,2023,201412169,2,9,0,18,19,8,4,0,0,6,0,2,0,0,1,1,6,6,3,52,8,1595,1,5,MERCEDES A CLASS,3,E01009138,0,-1
2023201391452,2023,201391452,6,9,0,18,19,4,8,0,0,0,0,0,0,0,2,1,5,6,1,45,7,1595,1,8,MERCEDES A CLASS,5,E01021683,0,-1
2023461368764,2023,461368764,2,9,0,3,3,7,3,0,0,1,0,0,0,0,2,1,6,6,1,23,5,1461,2,3,MERCEDES A CLASS,2,E01024093,0,-1
2023471347065,2023,471347065,2,9,0,3,3,6,2,0,0,2,0,0,0,0,2,1,5,6,2,34,6,2268,2,8,MITSUBISHI OUTLANDER,4,E01021017,0,-1
2023501345436,2023,501345436,2,17,0,9,9,7,3,0,0,1,0,0,0,0,4,1,1,1,1,68,10,6800,2,17,-1,5,E01018864,0,-1
2023991342611,2023,991342611,1,3,0,11,11,3,8,0,0,0,0,0,0,0,4,1,1,1,1,57,9,278,1,1,PIAGGIO VESPA,9,-1,0,-1
2023010468967,2023,010468967,2,2,0,18,19,7,3,0,0,8,0,0,3,0,1,1,2,2,1,41,7,124,1,11,PIAGGIO VESPA,2,E01000876,0,-1
2023552300852,2023,552300852,1,5,0,13,13,6,2,0,0,0,0,0,0,0,1,1,6,6,1,24,5,689,1,8,YAMAHA MT,5,E01020584,0,-1
2023010468470,2023,010468470,1,5,0,99,99,9,9,99,99,9,9,99,9,99,9,1,2,2,2,29,6,689,1,0,YAMAHA MT,9,E01003885,0,-1
2023010478321,2023,010478321,2,3,0,18,19,6,2,0,0,1,5,0,0,0,1,1,6,6,2,29,6,124,1,7,YAMAHA MT,4,E01004487,0,-1
2023010457537,2023,010457537,1,5,0,18,19,1,5,0,0,0,0,0,0,0,1,1,2,2,1,21,5,689,1,8,YAMAHA MT,8,E01024414,0,-1
2023041304505,2023,041304505,2,3,0,18,19,5,1,0,0,0,5,0,0,0,1,1,6,6,1,50,8,124,1,7,YAMAHA MT,7,E01025559,0,-1
2023552301186,2023,552301186,2,9,0,4,4,5,1,0,0,6,0,0,0,0,2,1,6,6,2,78,11,1560,2,10,FORD GRAND C-MAX,7,E01020467,0,-1
202363A017323,2023,63A017323,2,3,0,5,5,8,4,0,0,8,0,0,0,0,4,1,1,1,1,18,4,125,1,12,HONDA CBF 125,6,W01000639,0,-1
2023010435439,2023,010435439,1,3,0,18,19,7,3,0,0,6,0,0,0,0,3,1,1,1,1,53,8,124,1,2,HONDA CBF 125,4,E01000612,0,-1
2023430442795,2023,430442795,1,3,0,18,19,6,2,0,0,1,0,0,0,0,1,1,2,2,1,23,5,124,1,0,HONDA CBF 125,5,E01016577,0,-1
2023010472798,2023,010472798,1,9,0,18,19,4,8,0,0,0,0,10,0,0,1,1,6,6,2,23,5,2143,2,7,MERCEDES GLA CLASS,-1,-1,0,-1
2023010453051,2023,010453051,2,9,0,18,19,7,3,0,0,8,0,0,0,0,3,1,6,6,1,65,9,1595,1,3,MERCEDES GLA CLASS,6,E01000193,0,-1
2023440005738,2023,440005738,2,9,0,18,19,1,5,0,0,0,0,0,1,7,4,1,6,6,2,40,7,1332,1,3,MERCEDES GLA CLASS,10,E01022707,0,-1
2023131290096,2023,131290096,1,9,0,18,19,1,5,0,0,0,1,2,0,0,1,1,5,6,1,27,6,2143,2,5,MERCEDES GLA CLASS,1,E01011361,0,-1
2023201377489,2023,201377489,2,9,0,9,9,6,4,0,0,5,0,0,7,0,3,1,6,6,1,72,10,2143,2,7,MERCEDES GLA CLASS,6,E01010043,0,-1
2023131309380,2023,131309380,1,9,0,9,9,3,7,0,0,8,0,0,0,0,3,1,2,2,2,42,7,1595,1,3,MERCEDES GLA CLASS,4,E01011876,0,-1
2023340WN2332,2023,340WN2332,2,9,0,18,19,1,5,0,0,8,0,0,0,0,1,1,6,6,1,34,6,1595,1,4,MERCEDES GLA CLASS,9,E01027301,0,-1
2023061338736,2023,061338736,4,9,0,18,19,3,7,0,0,0,0,0,0,0,2,1,1,1,1,44,7,1595,1,4,MERCEDES GLA CLASS,2,E01011000,0,-1
2023010456643,2023,010456643,1,9,0,99,99,9,9,99,99,0,9,99,9,99,2,9,2,2,1,42,7,1991,1,5,MERCEDES GLA CLASS,2,E01001761,0,-1
2023552300183,2023,552300183,1,9,0,18,19,2,6,0,0,0,0,4,0,0,1,1,6,6,1,33,6,1364,2,18,TOYOTA COROLLA,5,E01015461,0,-1
2023320474907,2023,320474907,2,9,0,18,19,6,2,0,0,8,0,0,0,0,4,1,2,2,1,49,8,1798,8,3,TOYOTA COROLLA,4,E01026345,0,-1
2023201284417,2023,201284417,1,9,0,18,19,8,4,0,0,1,0,2,7,11,1,1,6,6,1,24,5,1798,8,1,TOYOTA COROLLA,1,E01009195,0,-1
2023010422863,2023,010422863,1,9,0,1,1,5,3,0,0,2,0,0,0,0,2,1,6,6,2,42,7,1598,1,20,TOYOTA COROLLA,-1,-1,0,-1
2023351325704,2023,351325704,1,9,0,18,19,4,8,0,0,0,0,0,1,0,1,1,6,6,1,26,6,1798,8,4,TOYOTA COROLLA,5,E01015651,0,-1
2023461268114,2023,461268114,2,9,0,4,4,3,7,0,0,0,0,0,0,0,1,1,6,6,1,43,7,1987,8,3,TOYOTA COROLLA,7,E01024547,0,-1
2023991293333,2023,991293333,1,9,0,9,9,1,7,0,0,6,0,0,0,0,1,1,5,6,1,31,6,1798,8,3,TOYOTA COROLLA,1,-1,0,-1
2023131329183,2023,131329183,4,9,0,2,2,0,0,6,6,2,0,0,0,0,2,1,6,6,3,-1,-1,1398,1,17,TOYOTA COROLLA,-1,-1,0,-1
2023522400679,2023,522400679,2,8,0,6,6,4,4,0,0,0,0,0,0,0,3,1,1,1,3,-1,-1,1987,8,4,TOYOTA COROLLA,-1,-1,0,-1
2023141382981,2023,141382981,1,9,0,9,9,2,7,0,0,6,0,0,0,0,1,1,6,6,2,53,8,1798,8,2,TOYOTA COROLLA,1,E01007739,0,-1
2023010447188,2023,010447188,2,9,0,99,99,9,9,99,99,9,9,99,9,99,1,9,6,6,3,-1,-1,1398,1,18,TOYOTA COROLLA,2,E01000015,0,-1
2023501310142,2023,501310142,3,9,0,8,8,2,3,0,0,2,0,0,0,0,3,1,5,6,1,25,5,1798,8,4,TOYOTA COROLLA,3,E01020294,0,-1
2023451303629,2023,451303629,3,9,0,18,19,1,5,0,0,0,0,0,0,0,1,1,1,1,1,60,9,1798,8,3,TOYOTA COROLLA,10,E01017737,0,-1
2023430166306,2023,430166306,1,9,0,16,19,1,4,0,0,0,0,0,0,0,3,1,1,1,1,55,8,1798,8,4,TOYOTA COROLLA,5,E01000251,0,-1
2023041301327,2023,041301327,2,9,0,18,19,6,2,0,0,8,0,0,0,0,1,1,5,6,1,45,7,2967,2,12,AUDI A7,8,E01012584,0,-1
2023070842873,2023,070842873,1,19,4,9,9,6,2,0,0,1,0,0,0,0,0,2,1,1,1,24,5,1995,2,4,FORD TRANSIT CUSTOM,1,E01004979,0,-1
2023540719923,2023,540719923,1,19,0,18,19,4,8,0,0,0,1,0,0,0,1,1,1,1,1,37,7,1995,2,5,FORD TRANSIT CUSTOM,7,E01022735,0,-1
2023451298029,2023,451298029,1,19,0,18,19,7,3,0,0,0,0,0,0,0,1,1,1,1,1,56,9,1995,2,7,FORD TRANSIT CUSTOM,6,E01022907,0,-1
2023010439817,2023,010439817,1,19,0,3,3,7,3,0,0,1,0,0,0,0,1,1,1,1,1,54,8,1995,2,1,FORD TRANSIT CUSTOM,8,E01001106,0,-1
202360A007748,2023,60A007748,1,19,0,18,19,6,2,0,0,1,0,0,0,0,1,1,1,1,1,30,6,1995,2,6,FORD TRANSIT CUSTOM,-1,-1,0,-1
2023440294581,2023,440294581,2,19,0,4,4,6,2,0,0,7,0,0,0,0,2,1,2,2,1,35,6,1995,2,5,FORD TRANSIT CUSTOM,7,E01023082,0,-1
2023991303030,2023,991303030,1,19,0,18,19,7,3,0,0,8,0,0,0,0,4,1,1,1,2,35,6,1995,2,4,FORD TRANSIT CUSTOM,1,-1,0,-1
2023361292550,2023,361292550,1,19,0,18,19,1,5,0,0,1,0,0,0,0,1,1,1,1,1,26,6,2198,2,8,FORD TRANSIT CUSTOM,7,E01026835,0,-1
2023451375256,2023,451375256,2,19,0,18,19,1,5,0,0,0,0,2,0,0,1,1,1,1,1,30,6,1995,2,5,FORD TRANSIT CUSTOM,3,E01022487,0,-1
2023231298307,2023,231298307,1,19,0,18,19,5,2,0,0,8,0,0,0,0,1,1,6,6,1,45,7,2198,2,8,FORD TRANSIT CUSTOM,5,E01022435,0,-1
2023050394462,2023,050394462,2,19,0,18,19,1,5,0,0,0,1,2,0,0,2,1,1,1,1,39,7,2198,2,9,FORD TRANSIT CUSTOM,7,E01007316,0,-1
2023010429016,2023,010429016,2,19,0,99,99,9,9,99,99,0,9,99,9,99,1,9,6,6,3,-1,-1,1995,2,3,FORD TRANSIT CUSTOM,-1,-1,0,-1
2023141322867,2023,141322867,1,10,0,9,9,3,6,0,0,2,0,0,0,0,4,1,5,6,2,52,8,-1,-1,-1,-1,3,E01007993,0,-1
2023302300046,2023,302300046,1,20,0,18,19,6,2,0,0,0,0,0,0,0,1,1,6,6,1,-1,-1,-1,-1,-1,FORD TRANSIT CUSTOM,-1,-1,0,-1
2023610009823,2023,610009823,2,19,0,4,4,2,6,0,0,0,0,0,0,0,2,1,1,1,1,34,6,2198,2,8,FORD TRANSIT CUSTOM,6,E01022264,0,-1
2023010429689,2023,010429689,2,19,0,99,99,9,9,99,99,9,9,99,9,99,1,9,6,6,3,27,6,1995,2,4,FORD TRANSIT CUSTOM,10,E01021194,0,-1
2023991315951,2023,991315951,2,9,0,18,19,3,7,0,0,1,0,0,0,0,4,1,6,6,1,27,6,1086,1,14,HYUNDAI I10,2,-1,0,-1
202360A185365,2023,60A185365,2,9,0,3,3,2,6,0,0,0,0,0,0,0,2,1,6,6,2,37,7,1248,1,11,HYUNDAI I10,-1,-1,0,-1
2023471374946,2023,471374946,1,9,0,18,19,8,4,0,0,2,0,2,0,0,1,1,5,6,1,70,10,1248,1,13,HYUNDAI I10,6,E01031606,0,-1
2023201297451,2023,201297451,3,9,0,4,4,3,7,0,0,0,0,0,0,0,1,1,6,6,1,35,6,1248,1,12,HYUNDAI I10,2,E01009151,0,-1
2023161369586,2023,161369586,2,9,0,9,9,2,3,0,0,4,0,0,0,0,2,1,5,6,2,58,9,998,1,1,HYUNDAI I10,9,E01012956,0,-1
2023161301025,2023,161301025,2,9,0,7,7,7,1,0,0,0,0,0,0,0,1,1,6,6,2,-1,-1,1248,1,8,HYUNDAI I10,-1,-1,0,-1
2023010433449,2023,010433449,2,9,0,99,99,9,9,99,99,9,9,99,9,99,1,9,6,6,1,-1,-1,998,1,5,HYUNDAI I30,4,E01000418,0,-1
2023320172446,2023,320172446,3,9,0,3,3,2,6,0,0,0,0,0,0,0,2,1,6,6,2,63,9,1582,2,12,HYUNDAI I30,4,E01026253,0,-1
2023010435100,2023,010435100,2,9,0,18,19,3,7,0,0,1,0,0,0,0,0,1,1,1,1,35,6,1582,2,10,HYUNDAI I30,2,E01001830,0,-1
2023451339934,2023,451339934,1,9,0,18,19,1,5,0,0,0,0,0,0,0,1,1,5,6,1,61,9,1591,1,13,HYUNDAI I30,10,E01004120,0,-1
2023010462149,2023,010462149,1,9,9,3,3,5,1,99,99,9,9,99,0,0,3,9,6,6,1,80,11,1582,2,9,HYUNDAI I30,10,E01000758,0,-1
2023430297784,2023,430297784,1,9,0,5,5,3,7,0,0,0,0,0,0,0,1,1,6,6,1,68,10,1582,2,11,HYUNDAI I30,10,E01017756,0,-1
2023522301571,2023,522301571,1,9,0,1,1,1,5,0,0,1,0,0,0,0,2,1,1,1,1,32,6,1353,1,4,HYUNDAI I30,1,E01014582,0,-1
2023041282037,2023,041282037,1,9,0,18,19,7,3,0,0,0,0,0,0,0,1,1,2,2,1,25,5,1582,2,8,HYUNDAI I30,8,E01024948,0,-1
2023010469660,2023,010469660,1,9,0,3,3,1,5,0,0,1,0,0,0,0,2,1,6,6,1,47,8,1396,1,10,HYUNDAI I30,5,E01000265,0,-1
2023010441207,2023,010441207,2,9,0,99,99,9,9,99,99,9,9,99,9,99,9,9,6,6,1,39,7,2987,2,13,-1,1,E01002715,0,-1
2023461367258,2023,461367258,1,9,0,12,12,5,2,0,0,0,0,0,0,0,3,1,6,6,2,52,8,1995,2,4,RENAULT KOLEOS,1,E01001846,0,-1
2023010449269,2023,010449269,1,5,0,99,99,9,9,99,99,9,9,99,9,99,1,1,6,6,1,41,7,599,1,14,SUZUKI GSXR,5,E01004579,0,-1
2023320673925,2023,320673925,2,5,0,18,19,2,6,0,0,0,0,2,0,0,1,1,2,2,1,33,6,999,1,10,SUZUKI GSXR,-1,-1,0,-1
2023070940604,2023,070940604,1,5,0,18,19,3,7,0,0,1,1,2,0,0,0,1,6,6,1,41,7,599,1,21,SUZUKI GSXR,6,E01018722,0,-1
2023501285951,2023,501285951,1,3,0,16,19,5,8,0,0,0,0,0,0,0,3,1,6,6,1,28,6,125,1,3,SUZUKI GSXR,1,E01018930,0,-1
2023991353390,2023,991353390,2,9,0,18,19,5,1,0,0,0,0,0,0,0,4,1,5,6,1,18,4,1199,2,9,VOLKSWAGEN POLO,9,-1,0,-1
2023122300768,2023,122300768,1,9,0,18,19,8,4,0,0,1,0,4,0,0,1,1,6,6,1,77,11,1198,1,13,VOLKSWAGEN POLO,2,E01004959,0,-1
2023471329838,2023,471329838,1,9,0,18,19,7,3,0,0,0,0,0,0,0,1,1,6,6,1,25,5,1198,1,10,VOLKSWAGEN POLO,4,E01031833,0,-1
2023430181830,2023,430181830,2,9,0,4,4,4,8,0,0,0,0,0,0,0,2,1,6,6,1,18,4,1198,1,12,VOLKSWAGEN POLO,-1,-1,0,-1
2023451326724,2023,451326724,2,9,0,18,19,1,5,0,0,0,0,0,0,0,2,2,2,2,1,26,6,1395,1,7,VOLKSWAGEN POLO,10,E01030353,0,-1
2023231352373,2023,231352373,2,9,0,18,19,7,3,0,0,8,0,0,0,0,1,1,5,6,1,77,11,999,1,1,VOLKSWAGEN POLO,9,E01031219,0,-1
2023161291306,2023,161291306,1,9,0,4,4,4,8,0,0,0,0,0,0,0,2,1,2,2,2,64,9,1199,2,10,VOLKSWAGEN POLO,6,E01013334,0,-1
2023522324393,2023,522324393,2,9,0,4,4,6,2,0,0,2,0,0,0,0,2,1,6,6,2,40,7,1197,1,9,VOLKSWAGEN POLO,-1,-1,0,-1
2023010424696,2023,010424696,1,9,0,6,6,1,1,0,0,1,0,0,0,0,3,1,6,6,1,28,6,999,1,9,VOLKSWAGEN POLO,4,E01023574,0,-1
2023010457600,2023,010457600,1,9,0,5,5,7,3,0,0,8,0,0,0,0,4,1,6,6,2,46,8,999,1,5,VOLKSWAGEN POLO,10,E01000666,0,-1
2023010419412,2023,010419412,1,9,0,18,19,1,5,0,0,2,0,7,1,2,1,1,2,2,2,55,8,1198,1,16,VOLKSWAGEN POLO,7,E01002228,0,-1
2023451378705,2023,451378705,3,9,0,18,19,1,5,0,0,0,0,0,0,0,1,1,5,6,2,26,6,1198,1,14,VOLKSWAGEN POLO,9,E01004640,0,-1
2023010481088,2023,010481088,2,9,0,2,2,0,0,0,0,0,0,11,0,0,3,1,6,6,3,-1,-1,999,1,1,VOLKSWAGEN POLO,-1,-1,0,-1
2023141370964,2023,141370964,1,9,0,9,9,7,3,0,0,5,0,0,0,0,4,1,5,6,2,19,4,1198,1,11,VOLKSWAGEN POLO,3,E01007812,0,-1
2023010429096,2023,010429096,3,9,0,99,99,9,9,99,99,9,9,99,9,99,2,9,6,6,2,35,6,1390,1,10,VOLKSWAGEN POLO,10,E01017794,0,-1
2023031341349,2023,031341349,2,9,0,2,2,0,0,0,0,0,0,0,0,0,1,1,6,6,3,-1,-1,1798,1,8,VOLKSWAGEN POLO,-1,-1,0,-1
2023010459806,2023,010459806,1,9,0,9,9,5,3,0,0,1,0,0,0,0,1,1,2,2,1,52,8,1390,1,16,VOLKSWAGEN POLO,3,E01003524,0,-1
2023141311234,2023,141311234,4,9,0,18,19,1,5,0,0,0,0,0,0,0,1,1,5,6,1,77,11,999,1,2,VOLKSWAGEN POLO,3,E01009411,0,-1
2023221295969,2023,221295969,1,9,0,18,19,7,3,0,0,0,0,0,0,0,1,1,6,6,1,17,4,1198,1,13,VOLKSWAGEN POLO,5,E01014062,0,-1
2023332300035,2023,332300035,1,9,0,18,19,5,1,0,0,0,0,0,0,0,1,1,2,2,2,23,5,1422,2,8,VOLKSWAGEN POLO,2,E01013631,0,-1
2023211350829,2023,211350829,3,9,0,3,3,2,4,0,0,1,0,0,0,0,0,1,6,6,1,26,6,999,1,4,VOLKSWAGEN POLO,8,E01029500,0,-1
2023010485852,2023,010485852,1,9,0,3,3,3,7,0,0,0,0,0,0,0,4,1,6,6,1,28,6,1198,1,11,VOLKSWAGEN POLO,-1,-1,0,-1
2023122301343,2023,122301343,1,9,0,18,19,6,2,0,0,8,0,0,0,0,1,1,1,1,1,32,6,999,1,2,VOLKSWAGEN POLO,9,E01013397,0,-1
2023161330234,2023,161330234,2,9,0,3,3,7,3,0,0,0,0,0,0,0,2,1,6,6,1,69,10,1598,2,12,VOLKSWAGEN POLO,6,E01013318,0,-1
2023041263003,2023,041263003,1,9,0,18,19,3,7,0,0,0,0,0,0,0,1,1,5,6,1,27,6,1984,1,1,VOLKSWAGEN POLO,3,E01024911,0,-1
2023451371265,2023,451371265,3,9,0,2,2,5,1,0,0,1,0,0,0,0,0,1,6,6,1,20,4,1198,1,12,VOLKSWAGEN POLO,7,E01033568,0,-1
2023451371388,2023,451371388,1,9,0,18,19,1,5,0,0,3,0,0,1,9,2,1,5,6,2,71,10,1390,1,24,VOLKSWAGEN POLO,10,E01030907,0,-1
2023421367842,2023,421367842,1,9,0,3,3,3,5,0,0,4,0,4,0,0,1,1,6,6,3,20,4,999,1,4,VOLKSWAGEN POLO,-1,-1,0,-1
2023471367310,2023,471367310,1,9,0,13,13,5,1,0,0,0,0,0,0,0,1,1,2,2,1,22,5,999,1,3,VOLKSWAGEN POLO,9,E01031670,0,-1
2023552300799,2023,552300799,1,9,0,5,5,3,7,0,0,6,0,0,0,0,4,1,6,6,2,23,5,999,1,9,VOLKSWAGEN POLO,3,E01015442,0,-1
2023991353390,2023,991353390,1,9,0,18,19,8,5,0,0,0,0,0,1,0,4,1,6,6,1,27,6,1198,1,18,VOLKSWAGEN POLO,3,-1,0,-1
2023991311572,2023,991311572,2,5,0,3,3,4,7,0,0,0,0,0,0,0,2,1,5,6,1,43,7,998,1,18,YAMAHA FZS,-1,-1,0,-1
2023331306908,2023,331306908,2,9,0,2,2,2,3,0,0,0,0,0,0,0,2,2,6,6,1,44,7,1995,2,8,BMW 1 SERIES,3,E01010571,0,-1
2023531283281,2023,531283281,2,9,0,18,19,7,3,0,0,1,0,0,0,0,1,1,5,6,2,58,9,1499,1,4,BMW 1 SERIES,10,E01022112,0,-1
2023010430325,2023,010430325,2,9,0,4,4,7,3,0,0,0,0,0,0,0,1,1,6,6,1,17,4,1499,1,5,BMW 1 SERIES,3,E01032774,0,-1
2023201378426,2023,201378426,1,9,0,9,9,4,2,0,0,5,0,0,0,0,4,1,6,6,1,40,7,1598,2,9,BMW 1 SERIES,1,E01009328,0,-1
2023340WN2862,2023,340WN2862,2,9,0,3,3,1,5,0,0,0,0,0,0,0,2,1,6,6,1,44,7,1995,2,17,BMW 1 SERIES,8,E01016759,0,-1
2023471335481,2023,471335481,2,9,0,10,10,1,5,0,0,3,0,0,0,0,4,1,6,6,1,55,8,1995,2,10,BMW 1 SERIES,6,E01031709,0,-1
2023451322522,2023,451322522,2,9,0,18,19,3,7,0,0,0,0,0,0,0,1,1,6,6,1,37,7,1995,1,11,BMW 1 SERIES,3,E01016505,0,-1
2023010445098,2023,010445098,1,9,0,99,99,9,9,99,99,9,9,99,9,99,9,9,2,2,1,42,7,1598,1,9,BMW 1 SERIES,3,E01000148,0,-1
2023201274750,2023,201274750,1,9,0,14,14,6,2,0,0,1,0,0,0,0,1,1,6,6,1,18,4,1496,2,3,BMW 1 SERIES,5,E01009710,0,-1
2023010457600,2023,010457600,2,9,0,18,19,7,3,0,0,8,0,0,0,0,1,1,6,6,1,20,4,1598,1,8,BMW 1 SERIES,2,E01003346,0,-1
2023131323431,2023,131323431,1,9,0,-1,-1,-1,-1,-1,-1,0,-1,-1,-1,-1,-1,1,6,6,3,-1,-1,1499,1,3,BMW 1 SERIES,-1,-1,0,-1
2023471336011,2023,471336011,3,9,0,3,3,5,1,0,0,0,0,0,0,0,2,1,5,6,1,44,7,1598,2,10,BMW 1 SERIES,6,E01021145,0,-1
2023010429016,2023,010429016,3,9,0,99,99,9,9,99,99,0,9,99,9,99,2,9,6,6,3,-1,-1,1995,2,7,BMW 1 SERIES,-1,-1,0,-1
2023501291099,2023,501291099,4,9,0,18,19,4,3,0,0,0,1,0,0,0,1,1,6,6,2,20,4,1995,2,13,BMW 1 SERIES,6,E01015049,0,-1
2023471384476,2023,471384476,2,9,0,3,3,5,1,0,0,0,0,0,0,0,2,1,5,6,1,57,9,1499,1,2,BMW 1 SERIES,8,E01031840,0,-1
2023631372049,2023,631372049,1,9,0,18,19,1,5,0,0,4,0,0,0,0,1,1,6,6,1,36,7,1995,2,16,BMW 1 SERIES,5,W01000567,0,-1
2023201290849,2023,201290849,1,9,0,18,19,1,5,0,0,2,0,2,0,0,0,1,6,6,1,43,7,1995,2,14,BMW 1 SERIES,9,E01009735,0,-1
2023161330234,2023,161330234,1,9,0,3,3,7,3,0,0,0,0,0,0,0,2,1,6,6,2,32,6,1496,2,6,BMW 1 SERIES,5,E01026264,0,-1
2023041304505,2023,041304505,1,9,0,6,6,5,1,0,0,0,0,0,0,0,3,1,2,2,1,22,5,1995,2,6,BMW 1 SERIES,8,E01025141,0,-1
2023531365466,2023,531365466,2,9,0,18,19,2,6,0,0,0,0,0,0,0,1,1,5,6,1,23,5,1995,2,14,BMW 1 SERIES,10,E01022431,0,-1
2023010437677,2023,010437677,1,9,0,18,19,5,1,2,2,0,0,0,0,0,1,1,6,6,1,33,6,1496,2,7,BMW 1 SERIES,3,E01002151,0,-1
2023451359964,2023,451359964,1,9,0,9,9,4,2,0,0,2,0,0,0,0,1,1,5,6,2,54,8,1995,2,14,BMW 1 SERIES,8,E01030979,0,-1
2023010424077,2023,010424077,1,9,0,3,3,3,7,0,0,0,0,0,0,0,4,1,6,6,1,29,6,1499,1,5,BMW 1 SERIES,8,E01002333,0,-1
2023010470067,2023,010470067,1,9,0,99,99,9,9,99,99,9,9,99,9,99,2,9,2,2,2,31,6,1499,1,6,BMW 1 SERIES,3,E01002550,0,-1
2023401270249,2023,401270249,1,9,0,18,19,5,1,0,0,0,0,0,0,0,1,1,6,6,1,38,7,1995,2,8,BMW 1 SERIES,5,E01017586,0,-1
2023541945023,2023,541945023,2,9,0,3,3,8,4,0,0,2,0,0,0,0,2,1,6,6,2,58,9,1499,1,6,BMW 1 SERIES,8,E01032071,0,-1
2023371391255,2023,371391255,1,9,0,18,19,7,4,0,0,1,1,0,0,0,1,1,2,2,1,27,6,1995,2,11,BMW 1 SERIES,8,E01029917,0,-1
2023302301052,2023,302301052,1,9,0,18,19,2,6,0,0,0,0,0,0,0,4,1,6,6,2,59,9,1995,2,6,BMW 1 SERIES,10,E01013466,0,-1
2023332300150,2023,332300150,3,9,0,3,3,2,6,0,0,0,0,0,0,0,1,1,2,2,1,32,6,1995,2,5,BMW 1 SERIES,4,E01025953,0,-1
2023501302666,2023,501302666,1,9,0,18,19,7,3,0,0,8,1,2,1,7,4,1,5,6,1,19,4,1995,2,6,BMW 1 SERIES,8,E01018822,0,-1
2023201413941,2023,201413941,2,9,0,9,9,6,4,0,0,6,0,0,0,0,1,1,6,6,2,70,10,1339,1,16,HONDA JAZZ,-1,-1,0,-1
2023070524016,2023,070524016,1,9,0,18,19,3,7,0,0,0,2,10,1,10,1,2,6,6,1,88,11,1318,1,7,HONDA JAZZ,9,E01005925,0,-1
2023451322935,2023,451322935,1,9,0,18,19,3,7,0,0,0,0,2,0,0,1,1,1,1,1,23,5,1339,1,18,HONDA JAZZ,3,E01001371,0,-1
2023061351156,2023,061351156,1,9,0,18,19,5,1,0,0,0,0,0,0,0,1,1,1,1,3,-1,-1,1198,1,8,HONDA JAZZ,2,E01005149,0,-1
2023351379816,2023,351379816,1,9,0,9,9,1,5,0,0,8,0,0,0,0,3,1,5,6,2,87,11,1339,1,17,HONDA JAZZ,9,E01018013,0,-1
2023451306391,2023,451306391,3,9,0,4,4,3,7,0,0,0,0,0,0,0,2,1,5,6,1,34,6,1318,1,6,HONDA JAZZ,9,E01017252,0,-1
2023440105315,2023,440105315,1,9,0,4,4,6,2,0,0,8,0,0,0,0,1,1,6,6,1,82,11,1339,1,16,HONDA JAZZ,2,E01017219,0,-1
2023101278090,2023,101278090,2,9,0,4,4,1,5,0,0,0,0,0,0,0,2,1,6,6,1,61,9,1198,1,14,HONDA JAZZ,2,E01008661,0,-1
2023471294862,2023,471294862,1,9,0,9,9,7,3,0,0,0,0,0,0,0,3,1,5,6,2,64,9,1339,1,15,HONDA JAZZ,8,E01031356,0,-1
2023351294000,2023,351294000,1,9,0,4,4,1,5,0,0,0,0,0,0,0,1,1,6,6,1,66,10,1339,1,9,HONDA JAZZ,4,E01026366,0,-1
2023070877591,2023,070877591,2,9,0,4,4,1,5,0,0,0,0,0,0,0,2,1,6,6,1,26,6,1339,1,15,HONDA JAZZ,7,E01031297,0,-1
2023340NN3312,2023,340NN3312,1,9,0,18,19,6,2,0,0,2,0,0,0,0,1,1,6,6,2,35,6,1339,1,15,HONDA JAZZ,3,E01001488,0,-1
2023340WN5722,2023,340WN5722,1,9,0,18,19,3,7,0,0,4,1,0,2,2,1,1,6,6,1,19,4,1198,1,13,HONDA JAZZ,-1,-1,0,-1
2023010430019,2023,010430019,2,9,0,99,99,9,9,99,99,9,9,99,9,99,1,9,6,6,3,-1,-1,1339,1,14,HONDA JAZZ,-1,-1,0,-1
2023010430325,2023,010430325,3,9,0,4,4,7,3,0,0,0,0,0,0,0,1,1,6,6,2,38,7,1339,1,19,HONDA JAZZ,3,E01024166,0,-1
2023440154328,2023,440154328,2,9,0,4,4,5,1,0,0,0,0,0,0,0,2,1,6,6,2,41,7,1198,1,13,HONDA JAZZ,8,E01023016,0,-1
2023440056227,2023,440056227,1,9,0,15,15,4,8,0,0,0,2,10,1,0,3,1,2,2,2,20,4,1339,1,12,HONDA JAZZ,-1,-1,0,-1
2023401386369,2023,401386369,2,9,0,3,3,5,1,0,0,0,0,0,0,0,2,1,6,6,1,34,6,2400,2,14,VOLVO XC90,9,E01017441,0,-1
2023111312948,2023,111312948,2,9,0,18,19,6,2,0,0,0,0,0,0,0,1,1,5,6,2,30,6,2401,2,14,VOLVO XC90,-1,-1,0,-1
2023461337742,2023,461337742,1,9,0,3,3,7,3,0,0,0,0,0,0,0,0,1,6,6,1,51,8,2400,2,9,VOLVO XC90,7,E01024109,0,-1
2023231352373,2023,231352373,5,9,0,18,19,4,8,0,0,8,0,0,0,0,0,1,5,6,1,38,7,1969,8,1,VOLVO XC90,-1,-1,0,-1
2023221265406,2023,221265406,1,9,0,18,19,3,7,0,0,0,0,4,0,0,1,1,5,6,2,24,5,1596,1,20,FORD FOCUS,6,E01014133,0,-1
2023131277884,2023,131277884,2,9,0,18,19,1,5,0,0,0,0,0,0,0,3,1,5,6,2,52,8,998,1,9,FORD FOCUS,2,E01011030,0,-1
2023010460311,2023,010460311,2,9,0,3,3,6,2,0,0,0,0,0,0,0,2,1,6,6,2,37,7,1499,2,8,FORD FOCUS,5,E01002330,0,-1
2023440045476,2023,440045476,1,9,0,5,5,3,7,0,0,8,0,0,0,0,3,1,1,1,1,30,6,1995,2,2,FORD FOCUS,-1,-1,0,-1
2023010431710,2023,010431710,1,9,0,5,5,5,1,0,0,1,0,0,0,0,1,1,2,2,1,34,6,999,1,6,FORD FOCUS,2,E01000033,0,-1
202360A177238,2023,60A177238,1,9,0,18,19,2,6,0,0,2,0,0,0,0,1,1,6,6,1,22,5,1753,2,16,FORD FOCUS,-1,-1,0,-1
2023041347051,2023,041347051,2,9,0,7,7,5,3,0,0,8,0,0,0,0,2,1,2,2,1,39,7,999,1,5,FORD FOCUS,6,E01025418,0,-1
2023440113681,2023,440113681,1,9,0,5,5,3,7,0,0,6,0,0,0,0,1,1,2,2,2,45,7,999,1,7,FORD FOCUS,8,E01031843,0,-1
2023501364864,2023,501364864,1,9,0,16,19,2,4,0,0,0,1,0,7,4,1,1,5,6,1,27,6,999,1,6,FORD FOCUS,5,E01023201,0,-1
2023141378703,2023,141378703,1,9,0,18,19,1,5,0,0,0,0,0,0,0,2,1,2,2,1,40,7,1560,2,9,FORD FOCUS,9,E01019804,0,-1
2023522400332,2023,522400332,2,9,0,18,19,2,6,0,0,0,0,0,0,0,1,1,6,6,2,61,9,1995,2,3,FORD FOCUS,8,E01029274,0,-1
2023010456643,2023,010456643,2,9,0,99,99,9,9,99,99,0,9,99,9,99,1,9,6,6,3,-1,-1,999,1,5,FORD FOCUS,3,E01000092,0,-1
2023052300062,2023,052300062,3,9,0,4,4,5,1,0,0,8,0,0,0,0,2,1,6,6,1,45,7,1499,2,7,FORD FOCUS,1,E01006981,0,-1
2023361266106,2023,361266106,1,9,0,4,4,0,0,0,0,1,0,0,0,0,2,1,2,2,1,60,9,998,1,10,FORD FOCUS,1,E01026827,0,-1
2023141314380,2023,141314380,3,9,0,2,2,0,0,9,9,0,0,0,0,0,3,1,6,6,3,-1,-1,1560,2,10,FORD FOCUS,-1,-1,0,-1
2023320452073,2023,320452073,2,9,0,18,19,6,2,0,0,0,0,0,1,0,1,1,6,6,1,61,9,1596,1,20,FORD FOCUS,-1,-1,0,-1
2023421308626,2023,421308626,1,9,0,5,5,1,5,0,0,0,0,2,0,0,1,1,5,6,1,42,7,1999,1,7,FORD FOCUS,10,E01023455,0,-1
2023201377317,2023,201377317,2,9,0,2,2,0,0,0,0,1,0,0,0,0,1,1,6,6,1,62,9,1560,2,15,FORD FOCUS,2,E01009340,0,-1
2023161301025,2023,161301025,1,9,0,8,8,7,1,0,0,0,0,0,0,0,2,1,2,2,2,31,6,1560,2,9,FORD FOCUS,8,E01013033,0,-1
2023101278090,2023,101278090,1,9,0,4,4,1,5,0,0,0,0,0,0,0,1,1,6,6,1,38,7,1997,2,11,FORD FOCUS,7,E01008465,0,-1
2023451371388,2023,451371388,2,9,0,18,19,3,7,0,0,4,0,0,0,0,1,1,5,6,2,34,6,1999,1,7,FORD FOCUS,7,E01030943,0,-1
2023201339727,2023,201339727,1,9,0,18,19,5,1,0,0,8,1,0,0,0,1,1,6,6,1,41,7,1596,1,21,FORD FOCUS,1,E01009889,0,-1
2023440438239,2023,440438239,2,9,0,18,19,6,2,0,0,8,1,0,7,1,3,1,6,6,1,43,7,999,8,0,FORD FOCUS,3,E01017220,0,-1
2023010484608,2023,010484608,1,9,0,99,99,9,9,99,99,0,9,99,9,99,2,9,2,2,1,24,5,999,1,7,FORD FOCUS,6,E01024363,0,-1
2023421367842,2023,421367842,2,9,0,17,19,3,5,0,0,4,0,0,0,0,0,1,1,1,1,39,7,2261,1,2,FORD FOCUS,8,E01021537,0,-1
2023440481958,2023,440481958,2,9,0,18,19,1,5,0,0,0,0,0,0,0,1,1,6,6,1,23,5,1999,1,10,FORD FOCUS,6,E01022640,0,-1
2023231369282,2023,231369282,1,9,0,18,19,1,5,0,0,8,0,0,0,0,1,1,5,6,2,30,6,998,1,10,FORD FOCUS,2,E01031097,0,-1
2023131294410,2023,131294410,1,9,0,18,19,1,5,0,0,0,0,0,0,0,1,1,6,6,1,23,5,998,1,9,FORD FOCUS,4,E01032489,0,-1
2023010478414,2023,010478414,2,9,0,99,99,9,9,99,99,9,9,99,9,99,2,9,6,6,3,-1,-1,1596,1,21,FORD FOCUS,4,E01000565,0,-1
2023332300678,2023,332300678,3,9,0,3,3,7,3,0,0,1,0,0,0,0,3,1,2,2,1,55,8,1596,1,15,FORD FOCUS,9,E01025619,0,-1
2023122300386,2023,122300386,1,9,0,18,19,5,1,0,0,0,0,0,0,0,1,1,2,2,1,21,5,1560,2,9,FORD FOCUS,8,E01008412,0,-1
2023010444691,2023,010444691,1,9,0,3,3,8,4,0,0,0,0,0,0,0,2,1,1,1,2,62,9,998,1,9,FORD FOCUS,2,E01002637,0,-1
2023101289257,2023,101289257,2,9,0,9,9,5,2,0,0,8,0,0,0,0,1,1,6,6,2,57,9,999,1,5,FORD FOCUS,10,E01008563,0,-1
2023552300629,2023,552300629,1,9,0,14,14,5,1,0,0,0,0,0,0,0,1,1,6,6,1,60,9,1560,2,14,FORD FOCUS,10,E01015455,0,-1
2023351354747,2023,351354747,2,9,0,18,19,2,6,0,0,0,0,0,0,0,3,1,5,6,2,48,8,1798,1,14,FORD FOCUS,5,E01017974,0,-1
2023031271469,2023,031271469,2,9,0,3,3,6,2,0,0,0,0,0,0,0,2,1,5,6,1,70,10,1499,2,6,FORD FOCUS,3,-1,0,-1
2023201292056,2023,201292056,1,9,0,18,19,6,2,0,0,8,0,0,0,0,1,1,6,6,1,-1,-1,1997,2,12,FORD FOCUS,-1,-1,0,-1
2023201387832,2023,201387832,1,9,0,18,19,8,4,0,0,0,0,0,0,0,1,1,6,6,1,-1,-1,1560,2,12,FORD FOCUS,-1,-1,0,-1
2023340WN2032,2023,340WN2032,1,9,0,18,19,7,3,0,0,0,0,0,0,0,1,1,6,6,2,42,7,1596,1,17,FORD FOCUS,4,E01027252,0,-1
2023471265408,2023,471265408,2,9,0,5,5,5,1,9,9,0,0,0,0,0,0,1,2,2,2,52,8,1997,2,15,FORD FOCUS,4,E01021017,0,-1
2023010484286,2023,010484286,1,9,0,4,4,5,1,6,6,1,0,0,0,0,2,1,2,2,1,60,9,998,1,11,FORD FOCUS,4,E01033727,0,-1
2023451371265,2023,451371265,1,9,0,18,19,1,5,0,0,1,0,0,0,0,4,1,1,1,2,22,5,1499,2,7,FORD FOCUS,7,E01023131,0,-1
2023610018623,2023,610018623,1,9,0,18,19,2,6,0,0,0,5,2,1,0,1,1,2,2,1,36,7,998,1,10,FORD FOCUS,3,W01001455,0,-1
2023471267902,2023,471267902,2,9,0,18,19,3,7,0,0,1,0,0,0,0,2,1,3,7,2,32,6,1560,2,9,FORD FOCUS,8,E01032838,0,-1
2023451371265,2023,451371265,2,9,0,18,19,1,5,0,0,1,0,0,0,0,2,1,1,1,1,25,5,1499,2,7,FORD FOCUS,8,E01030648,0,-1
2023141311063,2023,141311063,1,9,0,9,9,6,4,0,0,5,0,0,0,0,4,1,5,6,1,75,10,999,1,6,FORD FOCUS,7,E01007743,0,-1
2023461264812,2023,461264812,1,9,0,18,19,3,7,0,0,0,2,0,0,0,3,1,6,6,1,40,7,1596,1,18,FORD FOCUS,6,E01024425,0,-1
2023430558844,2023,430558844,1,9,0,18,19,6,1,0,0,0,0,0,0,0,1,1,6,6,1,30,6,1560,2,9,FORD FOCUS,-1,-1,0,-1
2023201298687,2023,201298687,1,9,0,18,19,1,5,0,0,0,0,0,0,0,1,1,6,6,1,50,8,1499,2,7,FORD FOCUS,5,E01024989,0,-1
2023010436166,2023,010436166,1,9,0,1,1,3,7,9,9,1,0,0,0,0,2,1,6,6,3,-1,-1,1950,2,4,MERCEDES V CLASS,-1,-1,0,-1
2023010449269,2023,010449269,2,10,9,99,99,9,9,99,99,9,9,99,9,99,9,9,6,6,3,37,7,-1,-1,-1,-1,6,E01001496,0,-1
2023131290301,2023,131290301,2,9,0,9,9,2,6,0,0,8,0,0,0,0,1,1,2,2,1,38,7,1240,1,15,NISSAN MICRA,3,E01033690,0,-1
2023451354348,2023,451354348,2,9,0,18,19,2,6,0,0,0,0,0,0,0,2,1,2,2,2,61,9,1198,1,10,NISSAN MICRA,10,E01030886,0,-1
2023010467729,2023,010467729,2,9,9,99,99,9,9,99,99,9,9,99,9,99,9,9,6,6,3,-1,-1,1240,1,20,NISSAN MICRA,-1,-1,0,-1
2023332300051,2023,332300051,1,9,0,9,9,5,3,0,0,6,0,0,0,0,1,1,6,6,1,40,7,998,1,21,NISSAN MICRA,2,E01013667,0,-1
2023991346554,2023,991346554,1,9,0,9,9,1,7,0,0,8,0,0,0,0,1,1,6,6,2,52,8,1198,1,8,NISSAN MICRA,-1,-1,0,-1
2023622300823,2023,622300823,2,9,0,18,19,4,8,0,0,0,0,0,0,0,1,1,6,6,1,83,11,1240,1,18,NISSAN MICRA,4,W01001749,0,-1
2023141281386,2023,141281386,2,9,0,18,19,2,7,0,0,8,0,0,0,0,1,1,5,6,2,48,8,1386,1,13,NISSAN MICRA,10,E01007619,0,-1
2023201299457,2023,201299457,2,8,0,18,19,2,6,0,0,0,0,0,0,0,2,1,1,1,1,-1,-1,1968,2,6,SEAT ALHAMBRA,2,E01009395,0,-1
2023131299003,2023,131299003,1,9,0,18,19,1,5,0,0,1,1,0,3,0,3,1,1,1,1,48,8,1968,2,7,SEAT ALHAMBRA,8,E01010709,0,-1
2023010460812,2023,010460812,2,9,0,9,9,1,6,0,0,8,0,0,0,0,4,1,1,1,1,52,8,1968,2,6,SEAT ALHAMBRA,2,E01000143,0,-1
2023010443618,2023,010443618,2,9,9,99,99,9,9,99,99,9,9,99,0,0,9,9,6,6,3,-1,-1,1968,2,6,SEAT ALHAMBRA,-1,-1,0,-1
2023991324152,2023,991324152,2,9,0,18,19,4,8,0,0,0,0,0,0,0,1,1,6,6,1,36,7,1968,2,6,SEAT ALHAMBRA,7,-1,0,-1
2023201450888,2023,201450888,1,9,0,4,4,8,4,0,0,8,0,0,0,0,1,1,6,6,2,78,11,1199,1,0,CITROEN C5,8,E01028844,0,-1
2023061295455,2023,061295455,1,9,0,18,19,6,5,0,0,0,0,0,0,0,4,1,5,6,2,43,7,999,1,0,FORD PUMA,1,E01006027,0,-1
2023440162758,2023,440162758,1,9,0,9,9,3,1,0,0,8,0,0,0,0,4,1,2,2,1,37,7,999,1,0,FORD PUMA,4,E01017258,0,-1
2023522400126,2023,522400126,1,9,0,3,3,3,7,0,0,1,0,0,0,0,2,1,6,6,2,60,9,999,1,2,FORD PUMA,5,E01014983,0,-1
2023531283757,2023,531283757,1,9,0,18,19,2,6,0,0,1,0,2,1,1,1,1,5,6,1,62,9,999,1,0,FORD PUMA,9,E01022276,0,-1
2023211305360,2023,211305360,1,9,0,9,9,3,2,8,6,0,0,0,0,0,4,1,5,6,2,59,9,999,1,3,FORD PUMA,1,E01029372,0,-1
2023010447334,2023,010447334,1,19,0,7,7,7,2,0,0,0,0,0,0,0,4,1,1,1,1,50,8,-1,3,1,MAXUS DELIVER,5,E01000174,0,-1
2023351325704,2023,351325704,2,9,0,18,19,4,8,0,0,0,0,0,0,0,2,1,6,6,3,38,7,-1,3,1,MERCEDES EQB CLASS,3,E01026123,0,-1
2023320420134,2023,320420134,2,9,0,3,3,6,2,0,0,0,0,0,0,0,2,1,6,6,1,28,6,1984,1,2,SEAT ATECA,9,E01026231,0,-1
2023451338457,2023,451338457,1,9,0,18,19,1,5,0,0,0,1,2,0,0,1,1,5,6,2,35,6,1498,1,3,SEAT ATECA,8,E01004498,0,-1
2023041319159,2023,041319159,1,9,0,7,7,1,5,0,0,1,0,0,0,0,4,1,6,6,1,27,6,998,1,6,TOYOTA AYGO,10,E01025259,0,-1
2023361330499,2023,361330499,2,9,0,5,5,5,1,0,0,0,0,0,0,0,3,1,1,1,2,23,5,998,1,6,TOYOTA AYGO,10,E01026540,0,-1
2023451328416,2023,451328416,1,9,0,18,19,5,1,0,0,0,0,0,0,0,1,1,5,6,1,23,5,998,1,8,TOYOTA AYGO,5,E01031577,0,-1
2023471323436,2023,471323436,1,9,0,5,5,5,1,0,0,0,0,0,0,0,1,1,5,6,1,44,7,998,1,4,TOYOTA AYGO,2,E01031436,0,-1
2023141319548,2023,141319548,1,9,0,12,12,1,5,0,0,0,1,0,0,0,3,1,2,2,2,41,7,998,1,4,TOYOTA AYGO,2,E01007125,0,-1
2023501354203,2023,501354203,1,9,0,18,19,1,5,0,0,0,0,0,0,0,1,1,6,6,2,87,11,998,1,10,TOYOTA AYGO,2,E01015270,0,-1
2023552300869,2023,552300869,1,9,0,5,5,4,8,0,0,8,0,0,0,0,1,1,6,6,2,46,8,998,1,17,TOYOTA AYGO,8,E01015447,0,-1
2023320255534,2023,320255534,2,9,0,9,9,2,8,0,0,5,0,0,0,0,2,1,2,2,1,23,5,998,1,9,TOYOTA AYGO,4,E01013197,0,-1
2023122300386,2023,122300386,2,9,0,18,19,5,1,0,0,0,0,0,0,0,2,1,2,2,1,38,7,998,1,4,TOYOTA AYGO,5,E01008306,0,-1
2023461289783,2023,461289783,1,9,0,18,19,2,8,0,0,0,0,0,0,0,1,1,2,2,1,64,9,998,1,8,TOYOTA AYGO,10,E01024781,0,-1
2023371312575,2023,371312575,3,19,0,2,2,0,0,0,0,0,0,0,0,0,2,1,1,1,1,32,6,2299,2,3,VAUXHALL MOVANO,5,E01030188,0,-1
2023070053474,2023,070053474,2,20,0,4,4,7,3,0,0,0,0,0,0,0,2,1,1,1,1,58,9,-1,-1,-1,-1,4,E01005928,0,-1
2023141311234,2023,141311234,1,9,0,18,19,1,5,0,0,0,0,0,0,0,2,1,5,6,2,59,9,1968,2,5,VOLKSWAGEN CADDYMAXI,1,E01007856,0,-1
2023401314224,2023,401314224,3,9,0,3,3,1,5,0,0,0,0,0,0,0,2,1,6,6,2,27,6,1198,1,14,VOLKSWAGEN FOX,2,E01004004,0,-1
202363A016023,2023,63A016023,1,9,0,16,19,4,7,0,0,0,0,0,0,0,1,1,6,6,2,23,5,1198,1,15,VOLKSWAGEN FOX,6,W01000689,0,-1
2023461371517,2023,461371517,1,3,0,5,5,4,5,0,0,0,1,10,0,0,3,1,6,6,1,19,4,124,1,0,LEXMOTO ISCA 125,3,E01024696,0,-1
2023440473537,2023,440473537,2,4,0,3,3,6,2,0,0,1,0,0,0,0,2,1,2,2,1,29,6,124,1,0,-1,3,E01022901,0,-1
2023991293778,2023,991293778,4,9,0,2,2,7,7,0,0,0,0,0,0,0,2,1,6,6,2,22,5,1598,1,11,MINI ONE,9,-1,0,-1
2023061359578,2023,061359578,1,9,0,18,19,7,3,0,0,0,0,0,2,0,1,1,5,6,2,24,5,1397,1,15,MINI ONE,8,E01026347,0,-1
2023010449486,2023,010449486,1,9,0,18,19,1,5,0,0,0,1,10,1,11,1,1,6,6,1,35,6,1397,1,13,MINI ONE,2,E01004011,0,-1
2023010485635,2023,010485635,1,4,0,13,13,1,5,0,0,1,0,0,7,10,4,1,6,6,1,26,6,330,1,8,-1,5,E01002948,0,-1
2023320524082,2023,320524082,1,9,0,18,19,7,3,0,0,0,0,4,0,0,1,1,6,6,1,81,11,1598,1,12,RENAULT KANGOO,8,E01026200,0,-1
2023320566576,2023,320566576,2,9,0,18,19,6,2,0,0,0,1,0,6,6,2,1,6,6,1,61,9,1461,2,13,RENAULT SCENIC,6,E01026247,0,-1
2023501382520,2023,501382520,1,9,0,5,5,4,7,0,0,0,0,2,0,0,4,1,6,6,1,90,11,1598,1,15,RENAULT SCENIC,4,E01029328,0,-1
202360A185365,2023,60A185365,1,9,0,18,19,2,6,0,0,0,0,0,0,0,1,1,2,2,1,38,7,2231,2,9,VAUXHALL ANTARA,-1,-1,0,-1
2023302300966,2023,302300966,2,4,0,13,13,5,1,0,0,0,0,0,0,0,1,1,6,6,1,70,10,649,1,24,-1,5,E01028092,0,-1
2023041363067,2023,041363067,1,9,0,18,19,1,1,0,0,1,0,0,0,0,1,1,5,6,1,49,8,1984,1,6,AUDI S3,2,E01025032,0,-1
2023361334648,2023,361334648,1,9,0,9,9,1,3,0,0,1,0,0,0,0,1,1,5,6,1,25,5,1984,1,2,AUDI S3,5,E01022008,0,-1
2023991318219,2023,991318219,1,9,0,18,19,5,8,0,0,0,1,7,0,0,3,1,6,6,1,31,6,1984,1,6,AUDI S3,1,-1,0,-1
2023010430563,2023,010430563,2,3,0,18,19,1,5,0,0,1,0,0,0,0,1,1,6,6,1,21,5,125,1,1,HONDA WW125,8,E01001544,0,-1
2023010467951,2023,010467951,1,3,0,18,19,7,3,0,0,6,0,0,0,0,1,1,1,1,1,24,5,125,1,9,HONDA WW125,-1,-1,0,-1
2023010483370,2023,010483370,2,3,0,99,99,9,9,99,99,9,9,99,9,99,1,1,6,6,3,-1,-1,125,1,8,HONDA WW125,2,E01002076,0,-1
2023010463682,2023,010463682,1,4,0,99,99,9,9,99,99,0,9,99,9,99,9,1,1,1,1,45,7,125,1,12,HONDA WW125,1,E01004244,0,-1
2023010478661,2023,010478661,1,3,0,9,9,2,8,0,0,5,0,0,0,0,4,1,6,6,1,18,4,125,1,1,HONDA WW125,4,E01000475,0,-1
2023010445748,2023,010445748,1,3,0,18,19,1,5,0,0,1,0,0,0,0,1,1,1,1,1,27,6,125,1,2,HONDA WW125,4,E01001252,0,-1
2023311299812,2023,311299812,2,3,0,18,19,5,1,0,0,0,0,0,0,0,3,1,6,6,1,25,5,125,1,1,HONDA WW125,-1,-1,0,-1
2023010419937,2023,010419937,1,3,0,15,15,7,3,0,0,1,0,0,0,0,1,1,6,6,2,19,4,125,1,3,HONDA WW125,4,E01000162,0,-1
2023010426436,2023,010426436,1,3,0,99,99,9,9,99,99,0,9,99,9,99,1,1,1,1,1,31,6,125,1,6,HONDA WW125,2,E01003313,0,-1
2023201276034,2023,201276034,1,90,0,18,19,4,8,0,0,0,1,2,2,2,1,1,1,1,1,67,10,5193,2,11,-1,-1,-1,0,-1
2023010429016,2023,010429016,1,9,0,99,99,9,9,99,99,0,9,99,9,99,2,9,2,2,1,20,4,998,1,10,VAUXHALL CORSA,2,E01004400,0,-1
2023201283848,2023,201283848,1,9,0,18,19,4,8,0,0,0,0,0,0,0,3,1,6,6,2,31,6,1229,1,9,VAUXHALL CORSA,7,E01028941,0,-1
20231700H1732,2023,1700H1732,1,9,0,18,19,5,5,0,0,2,0,0,0,0,0,1,6,6,2,21,5,1398,1,5,VAUXHALL CORSA,5,E01011968,0,-1
2023622300111,2023,622300111,1,9,0,16,19,8,3,0,0,1,0,0,0,0,3,1,6,6,2,28,6,1229,1,10,VAUXHALL CORSA,10,W01000858,0,-1
2023131316053,2023,131316053,1,9,0,18,19,7,3,0,0,1,0,0,0,0,1,1,2,2,1,31,6,1686,2,13,VAUXHALL CORSA,7,E01011350,0,-1
2023041347504,2023,041347504,3,9,0,18,19,5,1,0,0,0,0,0,0,0,1,1,5,6,2,18,4,1229,1,11,VAUXHALL CORSA,7,E01019379,0,-1
2023430561863,2023,430561863,1,9,0,18,19,2,6,0,0,0,0,0,0,0,1,1,6,6,2,43,7,1364,1,17,VAUXHALL CORSA,7,E01017713,0,-1
2023052302976,2023,052302976,1,9,0,9,9,7,5,0,0,8,0,0,0,0,1,1,6,6,2,52,8,1248,2,16,VAUXHALL CORSA,2,E01032510,0,-1
2023010461450,2023,010461450,2,9,0,4,4,7,3,0,0,1,0,0,0,0,2,1,6,6,1,27,6,1248,2,11,VAUXHALL CORSA,8,E01024839,0,-1
2023461375163,2023,461375163,1,9,0,9,9,1,7,0,0,6,0,0,0,0,4,1,6,6,2,32,6,1398,1,7,VAUXHALL CORSA,6,E01032807,0,-1
2023991313501,2023,991313501,1,9,0,18,19,1,5,0,0,0,1,0,0,0,3,1,5,6,2,30,6,1362,1,10,VAUXHALL CORSA,5,-1,0,-1
2023440430995,2023,440430995,2,9,0,9,9,5,3,0,0,8,0,0,0,0,4,1,6,6,1,21,5,1229,1,15,VAUXHALL CORSA,5,E01022603,0,-1
2023010467951,2023,010467951,2,9,0,17,19,7,3,0,0,1,0,0,0,0,2,1,6,6,3,-1,-1,1398,1,7,VAUXHALL CORSA,-1,-1,0,-1
2023440431792,2023,440431792,1,9,0,16,19,4,7,0,0,0,1,4,7,2,1,1,6,6,2,19,4,1398,1,12,VAUXHALL CORSA,8,E01022566,0,-1
2023430015557,2023,430015557,1,9,0,18,19,8,4,0,0,0,0,0,0,0,1,1,6,6,1,17,4,1248,2,11,VAUXHALL CORSA,7,E01028509,0,-1
2023302301798,2023,302301798,2,9,0,9,9,8,6,0,0,1,0,0,0,0,3,1,6,6,2,48,8,1229,1,8,VAUXHALL CORSA,3,E01019792,0,-1
2023421294353,2023,421294353,2,9,0,3,3,7,3,0,0,0,0,0,0,0,2,1,5,6,2,38,7,1398,1,5,VAUXHALL CORSA,3,E01021307,0,-1
2023471280290,2023,471280290,1,9,0,18,19,2,6,0,0,1,0,0,0,0,1,1,5,6,1,37,7,1229,1,16,VAUXHALL CORSA,8,E01021197,0,-1
2023170H10623,2023,170H10623,2,9,0,3,3,7,3,0,0,0,0,0,0,0,1,1,6,6,2,26,6,998,1,9,VAUXHALL CORSA,9,E01012003,0,-1
2023131324234,2023,131324234,1,9,0,7,7,5,7,0,0,1,0,0,0,0,1,1,1,1,2,25,5,998,1,13,VAUXHALL CORSA,7,E01010976,0,-1
2023411267944,2023,411267944,2,9,0,3,3,5,1,0,0,0,0,2,0,0,2,1,6,6,2,48,8,1362,1,10,VAUXHALL CORSA,6,E01023746,0,-1
2023991282969,2023,991282969,1,9,0,18,19,7,3,0,0,0,1,0,0,0,1,1,6,6,2,50,8,998,1,14,VAUXHALL CORSA,3,-1,0,-1
2023070586578,2023,070586578,1,9,0,9,9,7,5,0,0,4,0,2,0,0,1,1,2,2,1,27,6,1229,1,11,VAUXHALL CORSA,7,E01018372,0,-1
2023101288145,2023,101288145,2,9,0,3,3,5,1,0,0,1,0,0,0,0,2,1,6,6,2,35,6,1229,1,8,VAUXHALL CORSA,6,E01008577,0,-1
2023440128843,2023,440128843,1,9,0,4,4,5,1,0,0,0,0,0,0,0,2,1,6,6,1,30,6,1398,1,8,VAUXHALL CORSA,6,E01022816,0,-1
2023131377827,2023,131377827,2,9,0,16,19,5,1,0,0,0,0,0,0,0,2,1,2,2,2,52,8,1229,1,13,VAUXHALL CORSA,1,E01011138,0,-1
2023440207654,2023,440207654,2,9,0,18,19,7,3,0,0,4,0,0,0,0,1,1,6,6,1,22,5,1398,1,6,VAUXHALL CORSA,3,E01022487,0,-1
2023401314224,2023,401314224,1,9,0,18,19,1,5,0,0,0,1,0,0,0,1,1,6,6,2,60,9,1199,1,0,VAUXHALL CORSA,10,E01017606,0,-1
2023361357808,2023,361357808,1,9,0,5,5,1,3,9,9,1,0,10,0,0,4,1,5,6,2,22,5,1229,1,14,VAUXHALL CORSA,3,E01030234,0,-1
2023041301347,2023,041301347,2,9,0,18,19,3,7,0,0,0,0,0,0,0,1,1,2,2,1,19,4,1229,1,15,VAUXHALL CORSA,9,E01025601,0,-1
2023440003859,2023,440003859,1,9,0,18,19,8,4,0,0,0,0,0,0,0,1,1,6,6,2,38,7,1229,1,10,VAUXHALL CORSA,4,E01022845,0,-1
2023430521993,2023,430521993,1,9,0,18,19,2,6,0,0,0,0,0,0,0,1,1,6,6,2,20,4,1398,1,7,VAUXHALL CORSA,9,E01028649,0,-1
2023131359082,2023,131359082,2,9,0,3,3,3,7,0,0,0,0,0,0,0,2,1,6,6,2,21,5,1398,1,11,VAUXHALL CORSA,1,E01010996,0,-1
2023122300364,2023,122300364,1,9,0,18,19,8,4,0,0,0,0,0,1,4,1,1,2,2,1,33,6,1199,1,19,VAUXHALL CORSA,6,E01027659,0,-1
2023311365247,2023,311365247,1,9,0,9,9,5,1,0,0,0,0,0,0,0,3,1,6,6,2,24,5,1398,1,8,VAUXHALL CORSA,2,E01013905,0,-1
2023070592320,2023,070592320,2,9,0,3,3,1,5,0,0,0,0,2,1,0,2,1,6,6,2,19,4,1398,1,6,VAUXHALL CORSA,7,E01018371,0,-1
2023351357581,2023,351357581,1,9,0,17,19,1,5,0,0,1,0,0,0,0,1,1,6,6,1,35,6,1598,1,6,VAUXHALL CORSA,3,E01018090,0,-1
2023170M11633,2023,170M11633,2,9,0,18,19,8,4,0,0,1,0,0,0,0,1,1,6,6,1,37,7,1229,1,16,VAUXHALL CORSA,-1,-1,0,-1
2023401279739,2023,401279739,1,9,0,4,4,2,6,0,0,0,0,0,0,0,1,1,6,6,2,28,6,1199,1,3,VAUXHALL CORSA,4,E01017595,0,-1
2023531365466,2023,531365466,1,9,0,9,9,6,4,0,0,0,0,0,0,0,1,1,5,6,1,19,4,1229,1,18,VAUXHALL CORSA,8,E01022313,0,-1
2023131290301,2023,131290301,1,9,0,18,19,6,2,0,0,8,0,0,0,0,3,1,2,2,1,18,4,1248,2,20,VAUXHALL CORSA,3,E01033005,0,-1
2023131388392,2023,131388392,1,9,0,9,9,7,5,0,0,8,0,0,0,0,4,1,5,6,2,25,5,1364,1,15,VAUXHALL CORSA,1,E01010811,0,-1
2023010481177,2023,010481177,1,9,0,18,19,1,5,0,0,1,0,0,0,0,1,1,6,6,3,43,7,1364,1,15,VAUXHALL CORSA,3,E01000094,0,-1
2023201300616,2023,201300616,2,9,0,18,19,6,2,0,0,8,0,0,0,0,1,1,6,6,2,22,5,1229,1,17,VAUXHALL CORSA,2,E01010476,0,-1
2023041355022,2023,041355022,2,9,0,3,3,7,3,0,0,1,0,2,0,0,4,1,2,2,2,58,9,998,1,16,VAUXHALL CORSA,1,E01025188,0,-1
2023552300828,2023,552300828,2,9,0,18,19,6,2,0,0,8,0,0,0,0,3,1,2,2,1,20,4,1364,1,16,VAUXHALL CORSA,4,E01015443,0,-1
2023451374537,2023,451374537,1,9,0,6,6,1,5,0,0,0,0,0,0,0,4,1,6,6,2,48,8,1229,1,11,VAUXHALL CORSA,8,E01030302,0,-1
2023131380114,2023,131380114,2,9,0,5,5,5,1,0,0,4,0,0,0,0,3,1,5,6,2,59,9,1398,1,13,VAUXHALL CORSA,3,E01010597,0,-1
2023430551681,2023,430551681,2,9,0,4,4,6,2,0,0,0,0,0,0,0,2,1,6,6,1,65,9,1560,2,12,VOLVO V70,8,E01014805,0,-1
2023052301405,2023,052301405,1,9,0,5,5,5,1,0,0,6,0,0,0,0,3,1,2,2,2,32,6,1395,1,5,AUDI Q3,4,E01006835,0,-1
2023010470434,2023,010470434,1,9,0,18,19,1,5,0,0,1,0,0,0,0,1,1,6,6,1,79,11,1395,1,5,AUDI Q3,7,E01030318,0,-1
2023052302740,2023,052302740,2,9,0,9,9,1,7,0,0,6,0,0,0,0,4,1,6,6,2,51,8,1968,2,6,AUDI Q3,4,E01006454,0,-1
2023461267756,2023,461267756,5,9,0,2,2,3,7,0,0,0,0,0,0,0,2,1,6,6,2,70,10,1968,2,11,AUDI Q5,7,E01016802,0,-1
2023010457952,2023,010457952,1,9,0,99,99,9,9,99,99,9,9,99,9,99,9,9,6,6,1,27,6,1968,2,5,AUDI Q5,2,E01002033,0,-1
2023461266414,2023,461266414,2,9,0,11,11,5,2,0,0,3,0,0,0,0,4,1,6,6,1,25,5,2497,2,19,BMW 5 SERIES,7,E01024630,0,-1
2023041293713,2023,041293713,1,9,0,18,19,1,5,0,0,8,0,0,0,0,1,1,6,6,3,-1,-1,1998,8,1,BMW 5 SERIES,-1,-1,0,-1
2023170L30453,2023,170L30453,3,9,0,18,19,2,6,0,0,0,0,0,0,0,1,1,6,6,1,-1,-1,2497,2,18,BMW 5 SERIES,1,E01012036,0,-1
2023010434387,2023,010434387,1,9,0,18,19,5,1,0,0,1,0,0,0,0,0,1,1,1,1,32,6,2993,2,3,BMW 5 SERIES,-1,-1,0,-1
2023991322543,2023,991322543,1,9,0,9,9,7,5,0,0,1,0,2,0,0,1,1,5,6,1,61,9,1995,2,8,BMW 5 SERIES,3,-1,0,-1
202363D006623,2023,63D006623,1,9,0,17,19,1,6,0,0,0,0,0,1,4,1,1,2,2,1,31,6,1998,8,6,BMW 5 SERIES,3,W01000454,0,-1
2023501310142,2023,501310142,1,9,0,9,9,3,1,0,0,1,0,0,0,0,1,1,5,6,2,31,6,2993,2,17,BMW 5 SERIES,4,E01020302,0,-1
2023201340466,2023,201340466,1,9,0,18,19,3,7,0,0,0,0,0,0,0,1,1,5,6,1,23,5,1995,2,11,BMW 5 SERIES,2,E01009980,0,-1
2023052302329,2023,052302329,1,9,0,18,19,6,3,0,0,8,0,0,1,11,1,1,6,6,1,69,10,1995,2,5,BMW 5 SERIES,-1,-1,0,-1
2023161319724,2023,161319724,1,9,0,18,19,4,8,0,0,0,0,0,0,0,1,1,5,6,1,50,8,1995,2,8,BMW 5 SERIES,10,E01013042,0,-1
2023501291099,2023,501291099,2,9,0,18,19,7,3,0,0,0,0,0,0,0,1,1,1,1,1,46,8,2993,2,3,BMW 5 SERIES,-1,-1,0,-1
2023430044844,2023,430044844,1,9,0,3,3,5,1,0,0,0,0,0,0,0,2,1,1,1,1,45,7,1998,8,4,BMW 5 SERIES,2,E01010106,0,-1
2023991317938,2023,991317938,3,19,0,3,3,1,5,0,0,0,0,0,0,0,2,1,1,1,2,28,6,1499,2,3,FORD TRANSIT CONNECT,7,-1,0,-1
2023161319724,2023,161319724,2,19,0,4,4,4,8,0,0,0,0,0,0,0,2,1,1,1,1,28,6,1499,2,5,FORD TRANSIT CONNECT,8,E01012911,0,-1
2023010468967,2023,010468967,1,19,0,9,9,3,1,0,0,8,0,0,0,0,1,2,2,2,1,55,8,1499,2,2,FORD TRANSIT CONNECT,8,E01000246,0,-1
2023440025213,2023,440025213,2,19,0,18,19,2,6,0,0,0,0,0,0,0,2,1,2,2,1,51,8,1753,2,12,FORD TRANSIT CONNECT,8,E01022792,0,-1
2023421300855,2023,421300855,2,19,0,18,19,3,7,0,0,0,0,0,0,0,1,1,1,1,1,32,6,1560,2,9,FORD TRANSIT CONNECT,5,E01016157,0,-1
2023010425130,2023,010425130,2,19,9,99,99,9,9,99,99,9,9,99,9,99,9,9,6,6,1,25,5,1499,2,2,FORD TRANSIT CONNECT,7,E01003283,0,-1
2023421321314,2023,421321314,3,19,0,18,19,8,8,0,0,0,0,2,0,0,1,1,6,6,1,27,6,1499,2,3,FORD TRANSIT CONNECT,8,E01021729,0,-1
2023991293333,2023,991293333,2,5,0,18,19,3,7,0,0,1,0,0,0,0,3,1,1,1,1,62,9,1084,1,24,HONDA MODEL MISSING,4,-1,0,-1
2023061333454,2023,061333454,1,5,0,16,19,1,4,0,0,0,0,0,0,0,1,1,6,6,1,25,5,1099,1,32,HONDA MODEL MISSING,2,E01005100,0,-1
2023010465414,2023,010465414,2,5,0,3,3,7,3,0,0,8,0,0,0,0,1,1,2,2,1,51,8,900,1,25,HONDA MODEL MISSING,9,E01015995,0,-1
2023231315581,2023,231315581,1,5,0,17,19,4,8,0,0,0,1,0,1,9,1,1,2,2,1,33,6,599,1,25,HONDA MODEL MISSING,7,E01031334,0,-1
2023052302186,2023,052302186,2,9,0,18,19,4,8,0,0,0,0,0,0,0,1,1,1,1,1,38,7,998,1,10,KIA PICANTO,9,E01012492,0,-1
2023440508098,2023,440508098,3,9,0,3,3,3,7,0,0,0,0,0,0,0,2,1,6,6,1,38,7,1248,1,9,KIA PICANTO,9,E01022879,0,-1
2023041316000,2023,041316000,1,9,0,5,5,5,5,0,0,1,0,0,0,0,1,1,5,6,2,87,11,1086,1,18,KIA PICANTO,9,E01025553,0,-1
2023552400024,2023,552400024,2,9,0,3,3,4,8,0,0,2,0,0,0,0,1,1,6,6,2,25,5,1248,1,8,KIA PICANTO,3,E01015283,0,-1
2023161284207,2023,161284207,1,9,0,4,4,2,6,0,0,1,1,0,1,9,3,1,2,2,2,24,5,1086,1,18,KIA PICANTO,1,E01012881,0,-1
2023320693352,2023,320693352,2,9,0,3,3,6,2,0,0,0,0,0,0,0,2,1,6,6,1,75,10,998,1,1,KIA PICANTO,6,E01026260,0,-1
2023010451152,2023,010451152,2,9,9,99,99,9,9,99,99,9,9,99,9,99,9,1,6,6,3,-1,-1,2000,1,19,SAAB 9-3,-1,-1,0,-1
2023451267111,2023,451267111,1,9,0,18,19,5,1,0,0,0,0,0,0,0,1,1,5,6,1,24,5,1796,1,11,VAUXHALL INSIGNIA,7,E01030420,0,-1
2023010437019,2023,010437019,2,9,0,18,19,7,3,0,0,8,0,0,0,0,2,1,6,6,1,-1,-1,1796,1,14,VAUXHALL INSIGNIA,-1,-1,0,-1
2023991317938,2023,991317938,2,9,0,3,3,1,5,0,0,0,0,0,0,0,2,1,5,6,2,35,6,1956,2,10,VAUXHALL INSIGNIA,6,-1,0,-1
2023451320443,2023,451320443,1,9,0,3,3,5,1,0,0,0,0,0,0,0,2,1,6,6,1,45,7,1956,2,13,VAUXHALL INSIGNIA,10,E01022974,0,-1
2023451360273,2023,451360273,1,9,0,2,2,3,2,0,0,1,0,0,0,0,2,1,5,6,1,51,8,1796,1,10,VAUXHALL INSIGNIA,5,E01030656,0,-1
2023010432812,2023,010432812,1,9,0,18,19,7,3,0,0,0,5,0,7,4,1,1,6,6,1,31,6,1364,1,7,VAUXHALL INSIGNIA,1,E01001427,0,-1
2023461297971,2023,461297971,4,9,0,4,4,3,7,0,0,1,0,0,0,0,1,1,2,2,1,36,7,1956,2,11,VAUXHALL INSIGNIA,4,E01024373,0,-1
2023010434729,2023,010434729,1,9,0,16,19,7,3,0,0,0,0,0,0,0,1,1,2,2,1,32,6,1796,1,12,VAUXHALL INSIGNIA,3,E01003104,0,-1
2023161310876,2023,161310876,1,9,0,18,19,8,4,0,0,1,0,0,8,6,1,1,2,2,1,30,6,1956,2,12,VAUXHALL INSIGNIA,3,E01013233,0,-1
2023522400679,2023,522400679,1,5,0,18,19,4,8,0,0,0,0,0,0,0,1,1,6,6,1,43,7,781,1,24,HONDA VFR800F,2,E01014661,0,-1
2023371360542,2023,371360542,2,5,0,18,19,3,7,0,0,8,0,0,0,0,1,1,6,6,1,53,8,781,1,25,HONDA VFR800F,7,E01029966,0,-1
2023041389834,2023,041389834,2,9,0,18,19,3,7,0,0,0,0,0,0,0,2,1,6,6,1,65,9,5000,1,12,JAGUAR XK SERIES,9,E01024981,0,-1
2023451294822,2023,451294822,2,9,0,18,19,7,3,0,0,0,0,0,0,0,2,1,5,6,1,77,11,1595,1,5,MERCEDES B CLASS,9,E01001132,0,-1
2023010474770,2023,010474770,2,9,0,17,19,3,7,0,0,2,0,0,0,0,1,1,6,6,2,52,8,1595,1,11,MERCEDES B CLASS,9,E01000303,0,-1
2023010463682,2023,010463682,2,9,0,99,99,9,9,99,99,0,9,99,9,99,9,9,6,6,3,-1,-1,2925,2,1,MERCEDES GLE CLASS,9,E01004277,0,-1
2023122400086,2023,122400086,2,21,0,2,2,0,0,0,0,8,0,0,0,0,2,1,1,1,1,58,9,9290,2,6,SCANIA MODEL MISSING,4,E01012264,0,-1
2023131280582,2023,131280582,1,21,0,12,12,7,3,0,0,0,0,0,0,0,3,1,6,6,1,-1,-1,16353,2,1,SCANIA MODEL MISSING,-1,-1,0,-1
2023430055454,2023,430055454,1,21,0,18,19,3,7,0,0,8,0,0,0,0,1,1,1,1,1,45,7,12740,2,7,SCANIA MODEL MISSING,-1,-1,0,-1
2023070088879,2023,070088879,1,21,4,18,19,7,3,0,0,0,0,2,0,0,1,1,1,1,1,53,8,-1,2,8,SCANIA MODEL MISSING,-1,-1,0,-1
2023991359228,2023,991359228,1,21,1,18,19,5,1,0,0,0,5,2,0,0,3,1,1,1,1,61,9,12742,2,6,SCANIA MODEL MISSING,9,E01032299,0,-1
2023501329174,2023,501329174,2,21,4,18,19,4,7,0,0,0,0,0,0,0,1,1,1,1,1,56,9,12742,2,4,SCANIA MODEL MISSING,1,E01007048,0,-1
2023461367258,2023,461367258,2,21,0,11,11,5,2,0,0,0,0,0,7,0,4,1,1,1,1,34,6,12742,2,0,SCANIA MODEL MISSING,1,E01024610,0,-1
2023440056227,2023,440056227,2,21,1,18,19,4,8,0,0,0,0,0,0,0,4,1,1,1,1,46,8,12742,2,4,SCANIA MODEL MISSING,4,E01017085,0,-1
2023161330840,2023,161330840,1,21,1,11,11,2,6,0,0,0,0,0,0,0,4,1,1,1,1,47,8,-1,2,9,SCANIA MODEL MISSING,-1,-1,0,-1
2023991359875,2023,991359875,1,21,1,18,19,6,2,0,0,0,0,2,1,1,4,1,1,1,1,37,7,12742,2,4,SCANIA MODEL MISSING,9,-1,0,-1
2023991350681,2023,991350681,2,21,0,2,2,0,0,6,6,0,0,2,0,0,3,1,6,6,3,-1,-1,9290,2,2,SCANIA MODEL MISSING,-1,-1,0,-1
2023401344619,2023,401344619,2,21,1,18,19,1,5,0,0,8,0,0,0,0,4,1,1,1,1,27,6,12742,2,1,SCANIA MODEL MISSING,10,E01017402,0,-1
2023031384153,2023,031384153,2,21,0,18,19,7,3,0,0,0,1,0,0,0,1,1,1,1,1,24,5,12742,2,1,SCANIA MODEL MISSING,4,E01019340,0,-1
2023231320691,2023,231320691,1,21,1,18,19,3,7,0,0,0,0,0,0,0,1,1,1,1,1,27,6,12742,2,2,SCANIA MODEL MISSING,6,E01032407,0,-1
2023131380175,2023,131380175,2,21,1,18,19,7,3,0,0,0,0,0,0,0,4,1,1,1,1,58,9,9290,2,3,SCANIA MODEL MISSING,4,E01005015,0,-1
2023161333750,2023,161333750,1,21,1,18,19,3,7,0,0,0,5,2,1,7,4,1,1,1,1,24,5,15607,2,18,SCANIA MODEL MISSING,1,E01007648,0,-1
2023052302634,2023,052302634,3,21,1,18,19,5,1,0,0,1,0,0,0,0,1,1,1,1,3,-1,-1,16350,2,1,SCANIA MODEL MISSING,-1,-1,0,-1
2023421356210,2023,421356210,2,21,1,4,4,7,3,0,0,0,0,0,0,0,2,1,1,1,1,52,8,12742,2,3,SCANIA MODEL MISSING,8,E01029883,0,-1
2023131312206,2023,131312206,1,21,0,18,19,3,7,0,0,0,0,0,0,0,1,1,1,1,1,66,10,12740,5,2,SCANIA MODEL MISSING,3,E01007237,0,-1
2023071166502,2023,071166502,1,21,1,18,19,2,7,0,0,0,0,2,7,9,1,1,2,2,1,63,9,12740,2,9,SCANIA MODEL MISSING,6,E01029789,0,-1
2023991318219,2023,991318219,2,21,0,18,19,1,4,0,0,0,0,0,0,0,3,1,1,1,1,44,7,12742,2,6,SCANIA MODEL MISSING,5,E01025483,0,-1
2023991292542,2023,991292542,1,9,0,4,4,7,3,0,0,0,0,0,0,0,1,1,2,2,2,26,6,1984,1,4,AUDI A4,6,-1,0,-1
2023041347646,2023,041347646,1,9,0,18,19,8,8,0,0,0,0,0,0,0,1,1,6,6,1,44,7,1798,1,14,AUDI A4,-1,-1,0,-1
2023041281070,2023,041281070,1,9,0,18,19,3,7,0,0,0,0,0,0,0,1,1,5,6,1,44,7,1968,2,6,AUDI A4,5,E01025212,0,-1
2023031301592,2023,031301592,2,9,0,3,3,8,4,0,0,0,0,0,0,0,2,1,5,6,1,47,8,1968,2,12,AUDI A4,-1,-1,0,-1
2023010436990,2023,010436990,1,9,0,99,99,9,9,99,99,0,9,99,9,99,9,9,6,6,3,33,6,1968,2,7,AUDI A4,4,E01003543,0,-1
202363C018323,2023,63C018323,1,9,0,18,19,7,3,0,0,0,0,0,0,0,1,1,6,6,1,27,6,1896,2,21,AUDI A4,-1,-1,0,-1
2023991298667,2023,991298667,3,9,0,3,3,7,3,0,0,0,0,0,0,0,2,1,5,6,1,36,7,1395,1,7,AUDI A4,7,-1,0,-1
2023991298667,2023,991298667,2,9,0,3,3,7,3,0,0,0,0,0,0,0,2,1,5,6,1,81,11,1986,2,16,AUDI A4,9,-1,0,-1
2023520301153,2023,520301153,3,9,0,3,3,2,6,0,0,2,0,0,0,0,3,1,6,6,1,49,8,2698,2,16,AUDI A4,7,E01015297,0,-1
2023041380072,2023,041380072,2,9,0,4,4,3,7,0,0,0,0,0,0,0,2,1,5,6,1,43,7,1968,2,12,AUDI A4,3,E01012644,0,-1
2023010465414,2023,010465414,1,9,0,3,3,7,3,0,0,8,0,0,0,0,2,1,6,6,1,24,5,1798,1,10,AUDI A4,4,E01004258,0,-1
2023320172446,2023,320172446,2,9,0,3,3,2,6,0,0,0,0,0,0,0,2,1,6,6,1,75,10,1984,1,17,AUDI A4,6,E01026251,0,-1
2023141357952,2023,141357952,1,9,0,5,5,1,1,0,0,0,0,0,0,0,2,1,6,6,1,38,7,1896,2,19,AUDI A4,5,E01007757,0,-1
2023451298029,2023,451298029,2,9,0,18,19,5,1,0,0,0,1,2,1,0,2,1,5,6,1,37,7,1968,2,11,AUDI A4,10,E01022590,0,-1
2023440154328,2023,440154328,1,5,0,18,19,5,1,0,0,0,0,0,0,0,1,1,6,6,1,75,10,853,1,2,-1,8,E01023016,0,-1
2023451365531,2023,451365531,1,9,0,18,19,1,5,0,0,0,0,7,0,0,1,1,5,6,2,74,10,1598,1,9,PEUGEOT 207,7,E01030651,0,-1
2023201391452,2023,201391452,3,9,0,12,12,4,8,0,0,0,0,0,0,0,1,1,5,6,1,22,5,1397,1,14,PEUGEOT 207,5,E01029365,0,-1
2023522400766,2023,522400766,2,9,0,2,2,0,0,0,0,0,0,0,0,0,2,1,6,6,2,51,8,1598,1,12,PEUGEOT 207,6,E01022227,0,-1
2023991287613,2023,991287613,2,9,0,18,19,1,5,0,0,0,0,0,0,0,2,1,2,2,1,28,6,1360,1,16,PEUGEOT 207,3,-1,0,-1
2023546604823,2023,546604823,1,9,0,5,5,2,6,0,0,1,0,0,0,0,1,1,6,6,2,47,8,1560,2,10,PEUGEOT 207,5,E01031898,0,-1
2023010460110,2023,010460110,1,9,0,99,99,9,9,99,99,9,9,99,9,99,2,9,6,6,1,57,9,1968,2,8,AUDI TTS,3,E01001752,0,-1
2023141357190,2023,141357190,1,19,0,9,9,7,5,0,0,8,0,0,0,0,3,2,1,1,1,68,10,3198,2,5,FORD RANGER,5,E01033260,0,-1
2023031341349,2023,031341349,1,9,0,18,19,4,8,0,0,0,0,4,0,0,1,1,5,6,1,78,11,1597,2,8,HONDA CR-V,-1,-1,0,-1
2023010448138,2023,010448138,1,9,0,99,99,9,9,99,99,9,9,99,9,99,2,9,2,2,1,54,8,1997,1,10,HONDA CR-V,3,E01003588,0,-1
2023221295969,2023,221295969,3,9,0,18,19,3,7,0,0,0,0,0,0,0,1,1,6,6,2,57,9,1997,1,11,HONDA CR-V,6,E01022253,0,-1
2023141273507,2023,141273507,1,9,0,18,19,7,3,0,0,1,1,2,7,2,4,2,6,6,2,68,10,1997,1,5,HONDA CR-V,10,E01007939,0,-1
2023101319108,2023,101319108,2,5,0,18,19,8,4,0,0,0,0,2,0,0,3,1,2,2,1,52,8,1200,1,4,-1,6,E01008872,0,-1
2023371354171,2023,371354171,2,3,0,15,15,5,8,0,0,1,0,0,0,0,4,1,2,2,1,45,7,675,1,7,-1,6,E01030003,0,-1
2023122300477,2023,122300477,1,5,0,18,19,7,3,0,0,0,1,0,7,0,0,1,6,6,1,30,6,765,1,2,TRIUMPH STREET TRIPLE,6,E01025598,0,-1
2023010443182,2023,010443182,1,5,0,14,14,6,2,2,2,1,0,0,0,0,1,1,6,6,1,38,7,675,1,14,TRIUMPH STREET TRIPLE,3,E01033492,0,-1
2023010437258,2023,010437258,1,5,0,99,99,9,9,99,99,9,9,99,9,99,9,1,6,6,1,38,7,765,1,1,TRIUMPH STREET TRIPLE,1,E01004236,0,-1
2023461380647,2023,461380647,2,5,0,17,19,3,7,0,0,8,5,0,0,0,1,1,6,6,1,35,6,765,1,5,TRIUMPH STREET TRIPLE,4,E01024535,0,-1
2023141342459,2023,141342459,1,5,0,14,14,3,7,0,0,0,0,0,0,0,1,1,2,2,1,41,7,675,1,12,TRIUMPH STREET TRIPLE,4,E01008031,0,-1
2023010463896,2023,010463896,1,11,0,5,5,7,3,0,0,0,0,0,0,0,1,1,1,1,1,39,7,5132,2,6,WRIGHTBUS STREETLITE,-1,-1,0,-1
2023010426507,2023,010426507,1,11,9,99,99,9,9,99,99,9,9,99,9,99,9,9,6,6,3,-1,-1,4461,2,9,WRIGHTBUS STREETLITE,-1,-1,0,-1
2023111308922,2023,111308922,1,11,0,7,7,3,4,0,0,3,0,0,0,0,1,1,1,1,1,53,8,4461,2,7,WRIGHTBUS STREETLITE,1,E01008836,0,-1
2023010471355,2023,010471355,1,5,0,18,19,7,3,0,0,1,0,0,0,0,0,1,6,6,1,30,6,599,1,14,YAMAHA XJ,2,E01004238,0,-1
2023552300423,2023,552300423,1,5,0,18,19,3,7,0,0,0,1,0,7,11,1,1,6,6,1,17,4,599,1,13,YAMAHA XJ,-1,-1,0,-1
2023461362550,2023,461362550,1,9,0,4,4,6,2,0,0,1,0,0,0,0,1,1,6,6,2,-1,-1,1388,1,16,FORD FUSION,-1,-1,0,-1
2023351357581,2023,351357581,2,9,0,4,4,1,5,0,0,1,0,0,0,0,2,1,6,6,1,70,10,1388,1,13,FORD FUSION,2,E01018063,0,-1
2023361348251,2023,361348251,1,9,0,5,5,5,1,0,0,0,0,0,0,0,4,1,5,6,2,80,11,1596,1,15,FORD FUSION,6,E01026722,0,-1
2023221305659,2023,221305659,3,9,0,4,4,4,8,0,0,0,0,0,0,0,2,1,5,6,1,76,11,4235,1,-1,-1,2,E01032481,0,-1
2023070753095,2023,070753095,1,9,0,18,19,6,2,0,0,1,1,0,0,0,2,1,2,2,1,57,9,-1,3,0,MG 4,-1,-1,0,-1
2023010461766,2023,010461766,1,9,0,18,19,7,3,0,0,0,0,0,0,0,2,1,6,6,2,66,10,-1,3,1,TESLA MODEL Y,7,E01002474,0,-1
2023991322707,2023,991322707,1,4,0,4,4,6,2,0,0,0,5,0,1,0,4,1,5,6,1,41,7,1200,1,21,-1,6,-1,0,-1
2023451393429,2023,451393429,3,9,0,18,19,3,7,0,0,0,0,0,0,0,2,1,5,6,1,40,7,1368,1,7,ABARTH 595,7,E01030583,0,-1
2023161350746,2023,161350746,2,3,0,5,5,4,8,0,0,3,0,0,0,0,1,1,5,6,1,19,4,124,1,35,-1,5,E01013249,0,-1
2023991329738,2023,991329738,1,9,0,5,5,6,2,0,0,0,0,0,0,0,3,1,6,6,2,70,10,2997,2,1,LAND ROVER RANGE ROVER,3,-1,0,-1
2023320729502,2023,320729502,2,9,4,5,5,8,4,0,0,0,0,0,0,1,2,1,6,6,1,56,9,1386,1,13,NISSAN NOTE,6,E01026611,0,-1
2023351294000,2023,351294000,4,9,0,4,4,1,5,0,0,0,0,0,0,0,2,1,6,6,1,81,11,1386,1,10,NISSAN NOTE,9,E01013796,0,-1
2023991350681,2023,991350681,1,9,0,17,19,8,4,0,0,0,0,4,1,0,1,1,5,6,1,88,11,1461,2,11,NISSAN NOTE,6,E01025963,0,-1
2023501354203,2023,501354203,2,9,0,3,3,1,5,0,0,0,0,0,0,0,2,1,6,6,2,74,10,1198,1,9,NISSAN NOTE,6,E01015244,0,-1
2023131298095,2023,131298095,2,9,0,18,19,6,2,0,0,0,0,0,0,0,3,1,5,6,1,33,6,1386,1,15,NISSAN NOTE,3,E01011936,0,-1
2023311292233,2023,311292233,2,9,0,18,19,8,5,0,0,0,0,4,0,0,1,1,6,6,1,41,7,1598,1,17,NISSAN NOTE,1,E01008399,0,-1
2023010429689,2023,010429689,1,9,0,99,99,9,9,99,99,9,9,99,9,99,2,9,2,2,1,37,7,1198,1,8,NISSAN NOTE,3,E01003201,0,-1
2023522400460,2023,522400460,1,9,0,3,3,7,3,0,0,0,0,0,0,0,2,1,6,6,2,27,6,1242,1,9,FORD KA,1,E01033359,0,-1
2023041367180,2023,041367180,1,9,0,18,19,7,3,0,0,4,1,2,7,0,1,1,5,6,1,35,6,1242,1,13,FORD KA,1,E01012733,0,-1
2023471383676,2023,471383676,1,9,0,7,7,1,5,0,0,3,0,0,0,0,4,1,5,6,2,18,4,1248,2,12,FORD KA,10,E01022588,0,-1
2023320446759,2023,320446759,1,9,0,18,19,4,8,0,0,0,1,0,1,9,2,1,6,6,2,25,5,1242,1,9,FORD KA,4,E01026183,0,-1
2023221300574,2023,221300574,2,9,0,4,4,8,4,0,0,0,0,0,0,0,2,1,5,6,1,66,10,1299,1,16,FORD KA,-1,-1,0,-1
2023131359928,2023,131359928,1,9,0,12,12,3,7,0,0,0,0,0,0,0,1,1,5,6,2,21,5,1242,1,13,FORD KA,1,E01010872,0,-1
2023131323722,2023,131323722,1,9,0,13,13,6,2,0,0,0,1,0,0,0,4,1,5,6,1,57,9,1242,1,13,FORD KA,9,E01027919,0,-1
2023461375163,2023,461375163,2,4,0,5,5,4,8,0,0,1,0,0,0,0,3,1,6,6,1,20,4,296,1,6,KAWASAKI ER,3,E01024668,0,-1
2023111263403,2023,111263403,1,9,0,18,19,8,4,0,0,2,0,0,0,0,4,1,5,6,1,25,5,1998,1,3,MINI JOHN COOPER WORKS,7,E01020879,0,-1
2023221318928,2023,221318928,1,9,0,18,19,2,6,0,0,0,0,0,0,0,3,1,5,6,1,49,8,2488,2,16,NISSAN PATHFINDER,7,E01028998,0,-1
2023101289257,2023,101289257,1,3,0,18,19,2,6,0,0,8,5,0,0,0,4,1,6,6,1,35,6,125,1,2,SINNIS APACHE,4,E01008230,0,-1
2023122300374,2023,122300374,2,9,0,18,19,2,6,0,0,8,0,0,0,0,3,1,6,6,2,86,11,996,1,9,VAUXHALL AGILA,10,E01027730,0,-1
2023351390664,2023,351390664,2,9,0,18,19,5,1,0,0,0,1,0,0,0,1,1,6,6,2,85,11,1242,1,13,VAUXHALL AGILA,3,E01017971,0,-1
2023540719923,2023,540719923,2,9,0,3,3,4,8,0,0,0,0,0,1,4,2,1,1,1,2,34,6,1242,1,15,VAUXHALL AGILA,9,E01031973,0,-1
2023440438239,2023,440438239,1,9,0,18,19,4,8,0,0,8,0,0,0,0,1,1,6,6,1,58,9,1199,1,4,VAUXHALL GRANDLAND,4,E01017257,0,-1
2023010474059,2023,010474059,1,9,0,99,99,9,9,99,99,0,9,99,9,99,1,9,6,6,2,40,7,1199,1,0,VAUXHALL GRANDLAND,4,E01003447,0,-1
20231700H1732,2023,1700H1732,3,9,0,2,2,0,0,0,0,2,0,0,0,0,0,1,6,6,2,-1,-1,1199,1,4,VAUXHALL GRANDLAND,8,E01011963,0,-1
2023201450888,2023,201450888,2,9,0,5,5,2,4,0,0,6,0,0,0,0,1,1,6,6,1,64,9,1199,1,0,VAUXHALL GRANDLAND,1,E01010445,0,-1
2023141367832,2023,141367832,2,9,0,9,9,6,4,0,0,1,0,0,0,0,4,1,5,6,1,48,8,1560,2,16,CITROEN C4,2,E01007784,0,-1
2023440508098,2023,440508098,2,9,0,3,3,3,7,0,0,0,0,0,0,0,2,1,6,6,2,73,10,1560,2,10,CITROEN C4,10,E01022856,0,-1
2023520301819,2023,520301819,1,9,0,2,2,0,0,0,0,0,0,0,0,0,2,1,6,6,2,63,9,1560,2,9,CITROEN C4,4,E01029337,0,-1
202354C791223,2023,54C791223,2,9,0,4,4,3,7,0,0,2,0,0,0,0,1,1,6,6,1,32,6,1560,2,16,CITROEN C4,9,E01015471,0,-1
2023010453358,2023,010453358,2,3,0,18,19,3,7,0,0,0,0,0,0,0,1,1,6,6,1,33,6,125,1,1,HONDA SH 125,3,E01000245,0,-1
2023010463896,2023,010463896,2,3,0,3,3,7,3,0,0,0,0,0,0,0,2,1,6,6,1,29,6,125,1,9,HONDA SH 125,3,E01003602,0,-1
2023010472096,2023,010472096,1,3,0,99,99,9,9,99,99,9,9,99,9,99,1,1,1,1,1,26,6,125,1,3,HONDA SH 125,6,E01002630,0,-1
2023010446695,2023,010446695,1,3,0,99,99,9,9,99,99,9,9,99,9,99,2,1,1,1,1,23,5,125,1,3,HONDA SH 125,5,E01021443,0,-1
2023451374958,2023,451374958,2,3,0,18,19,3,7,0,0,0,0,2,0,0,1,1,1,1,1,35,6,125,1,0,HONDA SH 125,6,E01030751,0,-1
2023041288337,2023,041288337,2,3,0,14,14,7,3,0,0,4,0,0,0,0,1,1,1,1,1,58,9,125,1,1,HONDA SH 125,1,E01025575,0,-1
2023311294003,2023,311294003,2,3,0,7,7,5,1,0,0,8,0,0,0,0,2,1,1,1,1,32,6,125,1,1,HONDA SH 125,5,E01013840,0,-1
2023010475589,2023,010475589,1,3,0,99,99,9,9,99,99,9,9,99,9,99,1,1,6,6,3,42,7,125,1,2,HONDA SH 125,6,E01003437,0,-1
2023010450964,2023,010450964,1,3,0,99,99,9,9,99,99,0,9,99,9,99,1,1,6,6,1,37,7,125,1,4,HONDA SH 125,2,E01003501,0,-1
2023010463342,2023,010463342,1,3,0,13,13,4,8,0,0,8,0,0,0,0,4,1,6,6,2,40,7,125,1,2,HONDA SH 125,5,E01002083,0,-1
2023451360273,2023,451360273,3,3,0,3,3,3,7,0,0,1,0,0,0,0,2,1,2,2,1,52,8,125,1,1,HONDA SH 125,6,E01030751,0,-1
2023010459806,2023,010459806,2,3,0,18,19,1,5,9,9,8,5,10,1,0,3,1,1,1,1,28,6,125,1,4,HONDA SH 125,3,E01003592,0,-1
2023010450055,2023,010450055,1,9,0,5,5,3,7,0,0,0,0,11,0,0,1,1,2,2,1,22,5,1999,2,6,JAGUAR XE SERIES,3,E01002130,0,-1
2023430123419,2023,430123419,2,9,0,18,19,4,8,0,0,8,0,0,0,0,4,1,6,6,2,36,7,1999,2,6,JAGUAR XE SERIES,9,E01004095,0,-1
2023041375877,2023,041375877,2,9,0,5,5,2,6,0,0,2,0,0,0,0,1,1,2,2,1,31,6,1999,2,6,JAGUAR XE SERIES,3,E01025291,0,-1
2023211350829,2023,211350829,1,5,0,18,19,4,2,0,0,8,1,0,0,0,1,1,6,6,1,23,5,599,1,22,KAWASAKI ZX,4,E01029373,0,-1
2023552300836,2023,552300836,2,5,0,18,19,8,4,0,0,8,0,0,0,0,1,1,6,6,1,29,6,998,1,16,KAWASAKI ZX,3,E01015429,0,-1
2023010432278,2023,010432278,1,9,0,4,4,7,3,0,0,0,0,0,0,0,2,1,1,1,1,30,6,1598,8,1,DS DS7,8,E01016334,0,-1
2023552300869,2023,552300869,2,5,0,9,9,8,6,0,0,5,0,0,0,0,1,1,6,6,1,61,9,649,1,6,KAWASAKI EX,4,E01015420,0,-1
202360A117291,2023,60A117291,2,9,0,9,9,2,8,0,0,6,0,0,0,0,3,1,2,2,2,47,8,1396,2,8,KIA CEED,-1,-1,0,-1
2023430166306,2023,430166306,2,9,0,17,19,4,1,0,0,0,0,0,0,0,3,1,6,6,2,31,6,1582,2,13,KIA CEED,7,E01017792,0,-1
2023320255534,2023,320255534,1,9,0,13,13,2,6,0,0,8,0,0,7,11,1,1,2,2,2,41,7,1353,1,4,KIA CEED,-1,-1,0,-1
2023201297372,2023,201297372,2,9,0,5,5,7,6,0,0,6,0,0,0,0,1,1,1,1,2,24,5,998,1,1,KIA CEED,8,E01010487,0,-1
2023041347646,2023,041347646,2,9,0,18,19,8,8,0,0,0,0,0,0,0,2,1,5,6,1,42,7,1591,1,12,KIA CEED,7,E01025014,0,-1
2023451378705,2023,451378705,1,9,0,3,3,1,5,0,0,0,0,0,0,0,2,1,5,6,1,45,7,1591,1,8,KIA CEED,10,E01030953,0,-1
2023041391621,2023,041391621,2,9,0,18,19,7,3,0,0,0,0,0,0,0,1,1,2,2,1,52,8,1582,2,9,KIA CEED,7,E01025561,0,-1
2023461367332,2023,461367332,1,9,0,4,4,6,2,0,0,0,1,0,1,0,3,1,2,2,1,35,6,1582,2,10,KIA CEED,2,E01024616,0,-1
2023161377756,2023,161377756,1,9,0,18,19,1,5,0,0,2,0,0,0,0,1,1,2,2,2,54,8,1582,2,7,KIA CEED,-1,-1,0,-1
2023010481738,2023,010481738,1,9,0,18,19,5,1,0,0,7,0,0,0,0,2,1,6,6,2,46,8,998,1,3,KIA CEED,7,E01021857,0,-1
2023320253565,2023,320253565,2,9,0,18,19,7,3,0,0,2,0,0,0,0,2,1,6,6,2,48,8,999,1,5,MG ZS,-1,-1,0,-1
2023421367842,2023,421367842,3,9,0,3,3,3,3,0,0,4,0,0,0,0,3,1,6,6,2,44,7,999,1,0,MG ZS,8,E01021516,0,-1
2023010439350,2023,010439350,2,9,0,99,99,9,9,99,99,0,9,99,9,99,1,9,6,6,3,66,10,1498,1,4,MG ZS,-1,-1,0,-1
2023161291832,2023,161291832,1,9,0,18,19,3,7,0,0,0,0,0,0,0,1,1,6,6,2,83,11,999,1,5,MG ZS,10,E01013118,0,-1
2023101265161,2023,101265161,2,9,0,3,3,7,3,0,0,0,0,0,0,0,2,1,5,6,2,29,6,999,1,2,MG ZS,-1,-1,0,-1
2023991282969,2023,991282969,3,9,4,18,19,3,7,0,0,0,0,0,0,0,3,1,1,1,1,40,7,2755,2,1,TOYOTA HILUX,7,-1,0,-1
2023010429947,2023,010429947,1,9,0,5,5,3,7,0,0,0,0,2,0,0,1,1,2,2,2,51,8,2393,2,1,TOYOTA HILUX,-1,-1,0,-1
2023320720377,2023,320720377,2,9,0,5,5,2,6,0,0,0,0,0,0,0,1,1,1,1,1,33,6,2393,2,2,TOYOTA HILUX,8,W01000095,0,-1
2023231268721,2023,231268721,2,9,0,3,3,2,6,0,0,0,0,0,0,0,2,1,1,1,1,61,9,2494,2,9,TOYOTA HILUX,7,E01031023,0,-1
2023991347579,2023,991347579,2,9,0,4,4,5,2,0,0,0,0,0,1,0,3,1,1,1,1,54,8,2393,2,1,TOYOTA HILUX,6,-1,0,-1
2023320474907,2023,320474907,1,9,0,7,7,8,2,0,0,6,0,0,0,0,1,1,2,2,1,26,6,2980,2,28,TOYOTA HILUX,9,E01026231,0,-1
2023361359766,2023,361359766,2,9,0,3,3,7,3,0,0,0,0,0,0,0,1,1,2,2,2,57,9,1200,1,6,CITROEN C3,10,E01026507,0,-1
2023421321314,2023,421321314,1,9,0,18,19,4,8,0,0,0,5,10,2,9,1,1,6,6,1,71,10,1560,2,9,CITROEN C3,10,E01021728,0,-1
2023041381912,2023,041381912,1,9,0,5,5,1,5,0,0,0,0,0,0,0,4,1,6,6,2,18,4,1199,1,0,CITROEN C3,1,E01024900,0,-1
2023522400796,2023,522400796,1,9,0,16,19,3,7,0,0,0,2,0,0,0,1,2,6,6,1,54,8,1200,1,5,CITROEN C3,3,E01014681,0,-1
2023501291099,2023,501291099,1,9,0,1,1,7,3,0,0,0,1,0,0,0,3,1,6,6,1,27,6,1360,1,20,CITROEN C3,2,E01015181,0,-1
2023421320205,2023,421320205,5,9,0,3,3,3,6,0,0,0,0,0,0,0,3,1,6,6,2,54,8,1200,1,5,CITROEN C3,7,E01021887,0,-1
2023552301317,2023,552301317,2,9,0,18,19,3,7,0,0,8,0,0,0,0,1,1,6,6,2,58,9,1398,2,16,CITROEN C3,6,E01031991,0,-1
2023221311353,2023,221311353,1,9,0,18,19,4,8,0,0,0,0,0,0,0,3,1,6,6,2,78,11,1560,2,13,CITROEN C3,3,E01032422,0,-1
2023221373822,2023,221373822,2,9,0,9,9,6,4,0,0,6,1,0,1,0,1,1,6,6,2,43,7,1199,1,0,CITROEN C3,2,E01032278,0,-1
2023161319724,2023,161319724,3,9,0,4,4,4,8,0,0,0,0,0,0,0,2,1,5,6,2,54,8,1200,1,8,CITROEN C3,10,E01012925,0,-1
2023010476767,2023,010476767,1,9,0,99,99,9,9,99,99,0,9,99,9,99,9,9,6,6,1,26,6,1199,1,4,CITROEN C3,4,E01003230,0,-1
2023430454244,2023,430454244,1,9,0,9,9,3,1,0,0,6,0,0,0,0,3,1,6,6,2,31,6,1200,1,6,CITROEN C3,8,E01016567,0,-1
202354C791223,2023,54C791223,1,9,0,5,5,3,7,0,0,1,0,0,0,0,2,1,6,6,1,36,7,1999,2,6,JAGUAR XF SERIES,8,E01015576,0,-1
2023071055812,2023,071055812,2,9,0,18,19,6,2,0,0,0,0,2,0,0,2,1,1,1,1,62,9,2993,2,9,JAGUAR XF SERIES,8,E01018348,0,-1
2023231310125,2023,231310125,1,5,0,5,5,2,6,0,0,0,0,0,0,0,0,1,5,6,1,49,8,1868,1,3,-1,9,E01031315,0,-1
2023010437546,2023,010437546,1,9,0,5,5,1,5,1,1,2,1,0,0,0,1,1,1,1,2,48,8,1580,8,3,KIA NIRO,3,E01004212,0,-1
2023010433275,2023,010433275,1,9,0,4,4,5,1,0,0,0,0,0,0,0,1,1,1,1,1,53,8,-1,3,1,KIA NIRO,2,E01003497,0,-1
2023010445098,2023,010445098,2,9,0,99,99,9,9,99,99,9,9,99,9,99,9,9,6,6,3,-1,-1,1580,8,5,KIA NIRO,3,E01000128,0,-1
2023010469261,2023,010469261,2,8,0,4,4,7,3,0,0,1,0,0,0,0,3,1,1,1,1,62,9,-1,3,0,KIA NIRO,3,E01001326,0,-1
2023010477532,2023,010477532,1,9,0,9,9,1,7,0,0,2,0,0,0,0,1,9,6,6,1,30,6,1580,8,6,KIA NIRO,2,E01004251,0,-1
2023010482736,2023,010482736,1,9,0,5,5,7,3,0,0,0,0,0,0,0,1,1,1,1,1,42,7,-1,3,1,KIA NIRO,5,E01004522,0,-1
2023010465613,2023,010465613,1,9,0,99,99,9,9,99,99,9,9,99,9,99,0,9,6,6,2,43,7,1685,2,6,KIA OPTIMA,5,E01002456,0,-1
2023010449538,2023,010449538,1,9,0,99,99,9,9,99,99,9,9,99,9,99,2,9,6,6,1,35,6,2616,1,16,-1,6,E01004749,0,-1
2023010454786,2023,010454786,1,8,0,1,1,6,8,1,1,8,0,0,0,0,4,2,1,1,1,31,6,2925,2,6,-1,4,E01000609,0,-1
2023010463527,2023,010463527,1,8,0,18,19,4,8,0,0,2,0,0,0,0,4,1,1,1,1,56,9,2999,8,1,-1,5,E01001350,0,-1
2023991342611,2023,991342611,2,9,0,18,19,3,8,0,0,0,0,0,0,0,3,2,1,1,1,55,8,1997,2,5,PEUGEOT 508,-1,-1,0,-1
2023041361266,2023,041361266,3,9,0,18,19,5,1,0,0,0,0,2,0,0,2,1,1,1,2,39,7,1598,8,0,PEUGEOT 508,7,E01025102,0,-1
2023070322670,2023,070322670,1,9,0,11,11,1,5,0,0,0,0,0,0,0,1,1,1,1,1,33,6,1560,2,12,PEUGEOT 508,-1,-1,0,-1
2023010453358,2023,010453358,1,9,0,12,12,5,1,0,0,0,0,0,0,0,3,1,1,1,1,37,7,1797,8,3,TOYOTA PRIUS,2,E01002787,0,-1
2023010430563,2023,010430563,1,8,0,9,9,3,1,0,0,1,0,0,0,0,1,1,1,1,1,45,7,1798,8,6,TOYOTA PRIUS,3,E01016474,0,-1
2023010473982,2023,010473982,2,9,0,3,3,5,1,0,0,1,0,0,0,0,1,1,6,6,1,52,8,1798,8,7,TOYOTA PRIUS,3,E01004448,0,-1
2023010478414,2023,010478414,1,8,0,99,99,9,9,99,99,9,9,99,9,99,9,9,1,1,1,55,8,1797,8,4,TOYOTA PRIUS,6,E01001341,0,-1
2023440426319,2023,440426319,1,8,0,18,19,3,7,0,0,1,0,10,1,1,1,1,1,1,1,54,8,1798,8,7,TOYOTA PRIUS,1,E01032755,0,-1
2023522401263,2023,522401263,1,8,0,5,5,5,1,0,0,8,0,0,1,10,2,1,6,6,1,45,7,1798,8,4,TOYOTA PRIUS,1,E01014653,0,-1
2023010473895,2023,010473895,1,8,0,9,9,7,5,0,0,1,0,0,0,0,1,1,6,6,1,50,8,1797,8,6,TOYOTA PRIUS,2,E01003735,0,-1
2023010471889,2023,010471889,1,9,0,99,99,9,9,99,99,0,9,99,9,99,2,9,1,1,1,40,7,1797,8,9,TOYOTA PRIUS,6,E01002639,0,-1
2023421366851,2023,421366851,1,9,0,18,19,5,1,0,0,2,0,0,0,0,1,1,1,1,1,28,6,1798,8,5,TOYOTA PRIUS,3,E01001043,0,-1
2023041272438,2023,041272438,2,9,0,18,19,3,7,0,0,0,0,0,0,0,1,1,1,1,1,49,8,1800,8,10,TOYOTA PRIUS,-1,-1,0,-1
2023010453051,2023,010453051,1,9,0,18,19,5,1,0,0,8,0,0,0,0,1,2,6,6,1,47,8,1797,8,4,TOYOTA PRIUS,-1,-1,0,-1
2023061348389,2023,061348389,2,8,0,18,19,6,2,0,0,0,0,0,0,0,2,1,1,1,1,31,6,1798,8,7,TOYOTA PRIUS,1,E01004870,0,-1
2023010443208,2023,010443208,2,9,0,99,99,9,9,99,99,0,9,99,9,99,2,9,6,6,3,-1,-1,1798,8,7,TOYOTA PRIUS,-1,-1,0,-1
2023010435100,2023,010435100,3,8,0,3,3,3,7,0,0,2,0,0,0,0,4,1,1,1,1,49,8,1798,8,6,TOYOTA PRIUS,4,E01003781,0,-1
2023201370082,2023,201370082,1,9,0,3,3,4,8,0,0,1,0,0,0,0,1,1,1,1,1,53,8,1797,8,13,TOYOTA PRIUS,2,E01033641,0,-1
2023131379414,2023,131379414,1,9,0,7,7,1,3,0,0,2,0,0,0,0,1,1,1,1,1,40,7,1797,8,8,TOYOTA PRIUS,2,E01011424,0,-1
2023010434387,2023,010434387,3,8,0,9,9,7,5,0,0,6,0,0,0,0,1,1,1,1,1,43,7,1798,8,6,TOYOTA PRIUS,4,E01033739,0,-1
2023010460934,2023,010460934,2,9,0,18,19,3,7,0,0,1,0,0,0,0,1,1,6,6,2,24,5,1798,8,11,TOYOTA PRIUS,3,E01004645,0,-1
2023010452320,2023,010452320,1,8,0,18,19,7,3,0,0,0,0,0,7,0,2,1,1,1,1,58,9,1797,8,10,TOYOTA PRIUS,1,E01003963,0,-1
2023421370010,2023,421370010,1,9,0,9,9,7,6,0,0,0,0,0,0,0,4,1,5,6,1,48,8,1798,8,6,TOYOTA PRIUS,7,E01021613,0,-1
2023371310516,2023,371310516,2,8,0,12,12,8,4,0,0,0,0,0,0,0,3,1,3,7,1,52,8,1797,8,12,TOYOTA PRIUS,2,E01030031,0,-1
2023552300799,2023,552300799,2,9,0,18,19,5,1,0,0,8,0,0,0,0,1,1,1,1,1,32,6,1798,8,10,TOYOTA PRIUS,1,E01015313,0,-1
2023451374958,2023,451374958,1,9,0,18,19,7,3,0,0,0,0,0,0,0,3,1,5,6,1,66,10,1798,8,10,TOYOTA PRIUS,3,E01016449,0,-1
2023131279492,2023,131279492,1,9,0,16,19,1,1,0,0,1,0,0,0,0,1,2,1,1,1,34,6,1790,8,9,TOYOTA PRIUS,2,E01010837,0,-1
2023141311234,2023,141311234,3,9,0,18,19,1,5,0,0,0,0,0,0,0,2,1,5,6,1,35,6,1797,8,8,TOYOTA PRIUS,2,E01011104,0,-1
2023010447303,2023,010447303,2,9,0,18,19,4,8,0,0,0,0,0,0,0,1,1,6,6,3,-1,-1,1798,8,8,TOYOTA PRIUS,3,E01011920,0,-1
2023122301352,2023,122301352,1,9,0,9,9,4,2,0,0,6,0,0,0,0,1,1,6,6,3,-1,-1,1790,8,9,TOYOTA PRIUS,-1,-1,0,-1
2023302300728,2023,302300728,2,9,0,4,4,8,4,0,0,0,0,0,0,0,2,1,6,6,2,61,9,1969,12,1,VOLVO XC60,7,E01007689,0,-1
2023101330486,2023,101330486,2,9,0,3,3,1,5,0,0,0,0,0,0,0,2,1,5,6,1,50,8,1969,2,6,VOLVO XC60,10,-1,0,-1
2023111281154,2023,111281154,2,9,0,3,3,3,7,0,0,0,0,0,0,0,2,1,5,6,1,60,9,2400,2,7,VOLVO XC60,3,E01020661,0,-1
2023010459780,2023,010459780,2,4,0,3,3,1,5,0,0,1,0,2,0,0,3,1,6,6,1,42,7,124,1,0,-1,2,E01000084,0,-1
2023991345106,2023,991345106,3,9,0,17,19,3,7,0,0,0,0,0,0,0,3,1,5,6,1,43,7,999,7,1,DACIA SANDERO,3,-1,0,-1
2023542823623,2023,542823623,2,9,0,18,19,5,1,0,0,0,0,0,0,0,1,1,6,6,2,43,7,898,1,5,DACIA SANDERO,7,E01031866,0,-1
2023320624660,2023,320624660,3,9,0,18,19,2,6,0,0,1,0,0,7,8,1,1,6,6,1,66,10,999,1,0,DACIA SANDERO,4,E01026259,0,-1
2023991315951,2023,991315951,1,9,0,18,19,5,1,0,0,1,0,0,0,0,3,1,6,6,2,65,9,1461,2,6,DACIA SANDERO,10,-1,0,-1
2023401359724,2023,401359724,1,5,0,18,19,5,1,0,0,0,0,2,1,0,1,1,5,6,2,30,6,649,1,2,-1,9,E01018250,0,-1
2023311308962,2023,311308962,1,5,0,14,14,5,8,0,0,8,0,0,0,0,1,1,2,2,1,49,8,649,1,4,-1,5,E01027932,0,-1
202354C927923,2023,54C927923,1,5,0,4,4,2,6,0,0,0,1,0,0,0,1,1,2,2,1,29,6,1157,1,21,SUZUKI GSF 1200,8,E01031900,0,-1
2023070115257,2023,070115257,3,21,1,18,19,3,7,0,0,0,0,0,0,0,1,1,1,1,1,31,6,12777,2,8,VOLVO MODEL MISSING,-1,-1,0,-1
2023070673205,2023,070673205,1,21,1,18,19,1,5,0,0,4,0,0,0,0,1,1,1,1,1,-1,-1,10837,2,9,VOLVO MODEL MISSING,-1,-1,0,-1
2023010420429,2023,010420429,1,11,0,18,19,5,1,0,0,1,0,11,0,0,1,1,1,1,1,23,5,5132,2,6,VOLVO MODEL MISSING,2,E01003159,0,-1
2023552301273,2023,552301273,3,11,0,4,4,2,6,0,0,0,0,0,0,0,2,1,1,1,2,52,8,7300,2,11,VOLVO MODEL MISSING,5,E01015456,0,-1
2023302300357,2023,302300357,3,21,0,3,3,4,8,0,0,0,0,0,0,0,2,1,6,6,1,37,7,12777,2,7,VOLVO MODEL MISSING,-1,-1,0,-1
2023010424913,2023,010424913,1,11,0,5,5,1,5,0,0,2,0,0,0,0,1,1,1,1,1,36,7,5132,2,5,VOLVO MODEL MISSING,5,E01000615,0,-1
2023010443919,2023,010443919,1,11,0,3,3,4,8,0,0,0,0,0,0,0,0,1,1,1,1,52,8,5132,2,6,VOLVO MODEL MISSING,-1,-1,0,-1
2023052302634,2023,052302634,2,21,1,4,4,5,1,0,0,1,0,0,0,0,2,1,1,1,3,-1,-1,12777,2,1,VOLVO MODEL MISSING,-1,-1,0,-1
2023411305869,2023,411305869,1,90,0,1,1,8,4,0,0,0,0,0,0,0,2,1,1,1,1,57,9,10837,2,8,VOLVO MODEL MISSING,6,E01015860,0,-1
2023010434133,2023,010434133,1,11,0,4,4,1,5,0,0,1,0,0,0,0,0,1,1,1,1,40,7,5132,2,5,VOLVO MODEL MISSING,5,E01002563,0,-1
2023161327706,2023,161327706,1,21,0,18,19,8,4,0,0,8,5,0,0,0,0,1,1,1,1,56,9,12777,2,5,VOLVO MODEL MISSING,1,E01012931,0,-1
2023221318928,2023,221318928,3,20,0,3,3,6,2,0,0,0,0,0,0,0,3,1,1,1,1,55,8,-1,-1,-1,VOLVO MODEL MISSING,4,E01018309,0,-1
2023010470434,2023,010470434,2,11,0,4,4,1,5,0,0,1,0,0,3,0,2,1,1,1,1,56,9,5132,2,7,VOLVO MODEL MISSING,3,E01002595,0,-1
2023991272854,2023,991272854,1,21,4,5,5,3,7,0,0,0,0,0,0,0,1,1,2,2,1,50,8,12777,2,10,VOLVO MODEL MISSING,6,-1,0,-1
2023010470992,2023,010470992,1,11,0,18,19,3,7,0,0,0,0,0,0,0,2,1,1,1,2,58,9,5132,2,6,VOLVO MODEL MISSING,4,E01002020,0,-1
2023010437835,2023,010437835,1,11,0,4,4,1,5,0,0,0,0,0,0,0,0,1,1,1,1,35,6,5132,2,6,VOLVO MODEL MISSING,6,E01001292,0,-1
202354C927923,2023,54C927923,2,21,0,18,19,6,2,0,0,0,0,0,0,0,1,1,1,1,1,52,8,12777,2,5,VOLVO MODEL MISSING,7,E01024540,0,-1
2023430284515,2023,430284515,1,11,0,18,19,2,6,0,0,2,0,0,0,0,1,1,1,1,1,41,7,10837,2,3,VOLVO MODEL MISSING,-1,-1,0,-1
2023320253565,2023,320253565,1,21,0,18,19,7,3,0,0,2,0,0,0,0,1,1,1,1,1,54,8,12777,2,6,VOLVO MODEL MISSING,4,E01026019,0,-1
2023010428458,2023,010428458,1,11,0,5,5,7,3,0,0,1,0,0,0,0,0,1,1,1,1,25,5,5132,2,6,VOLVO MODEL MISSING,2,E01002774,0,-1
2023010474574,2023,010474574,1,11,0,18,19,1,5,0,0,1,0,0,0,0,1,1,1,1,1,29,6,5132,2,6,VOLVO MODEL MISSING,1,E01001978,0,-1
2023010446566,2023,010446566,1,11,0,5,5,5,1,0,0,1,0,0,0,0,0,1,1,1,1,43,7,5132,2,6,VOLVO MODEL MISSING,5,E01001889,0,-1
2023010463249,2023,010463249,1,11,0,3,3,3,7,0,0,1,0,0,0,0,0,1,1,1,1,51,8,5132,2,6,VOLVO MODEL MISSING,1,E01001899,0,-1
2023440115262,2023,440115262,1,21,1,11,11,1,5,0,0,0,0,0,0,0,4,1,1,1,1,48,8,16123,2,4,VOLVO MODEL MISSING,3,E01019075,0,-1
2023131375735,2023,131375735,2,9,0,18,19,5,1,0,0,0,0,0,0,0,1,1,5,6,1,77,11,1991,1,7,-1,7,E01010639,0,-1
2023522301822,2023,522301822,2,9,0,18,19,4,8,0,0,0,0,0,0,0,1,1,6,6,1,54,8,1896,2,17,SEAT IBIZA,5,E01020308,0,-1
2023361322179,2023,361322179,1,9,0,18,19,7,3,0,0,0,0,0,0,0,-1,1,6,6,1,21,5,1395,1,9,SEAT IBIZA,6,E01026449,0,-1
2023231268192,2023,231268192,2,9,0,18,19,2,6,0,0,0,0,0,0,0,4,1,2,2,2,58,9,999,1,3,SEAT IBIZA,10,E01031305,0,-1
2023010472641,2023,010472641,2,9,0,17,19,2,6,0,0,2,0,0,0,0,1,1,6,6,1,23,5,1390,1,15,SEAT IBIZA,2,E01003256,0,-1
2023161271121,2023,161271121,2,9,0,18,19,1,5,0,0,0,0,0,0,0,1,1,2,2,2,58,9,999,1,5,SEAT IBIZA,1,E01013229,0,-1
2023131315642,2023,131315642,3,9,0,4,4,3,7,0,0,0,0,0,0,0,1,1,6,6,2,65,9,1197,1,8,SEAT IBIZA,10,E01011213,0,-1
2023311294003,2023,311294003,1,9,0,18,19,5,1,0,0,8,0,0,0,0,1,1,2,2,1,36,7,1390,1,12,SEAT IBIZA,1,E01033411,0,-1
2023991287613,2023,991287613,1,9,0,18,19,1,5,0,0,0,0,0,0,0,1,1,6,6,2,22,5,999,1,4,SEAT IBIZA,9,-1,0,-1
2023041316000,2023,041316000,2,9,0,2,2,5,5,0,0,1,0,0,0,0,2,1,6,6,3,-1,-1,999,1,5,SEAT IBIZA,-1,-1,0,-1
2023461373812,2023,461373812,2,9,0,3,3,2,6,0,0,1,0,1,0,0,2,1,5,6,2,72,10,1198,1,15,SEAT IBIZA,7,E01024712,0,-1
2023311261690,2023,311261690,1,9,0,4,4,5,2,0,0,0,0,0,0,0,2,1,6,6,1,32,6,1390,1,16,SEAT IBIZA,2,E01028227,0,-1
2023201292056,2023,201292056,2,9,0,9,9,6,4,0,0,5,0,0,0,0,4,1,1,1,1,18,4,1422,2,13,SEAT IBIZA,3,E01009587,0,-1
2023131309380,2023,131309380,2,5,0,13,13,3,7,0,0,1,0,0,0,0,3,1,2,2,1,27,6,645,1,9,SUZUKI SFV 650,1,E01011911,0,-1
2023010433417,2023,010433417,1,9,0,9,9,5,4,0,0,8,0,0,0,0,3,1,3,7,2,46,8,1598,1,10,VAUXHALL ZAFIRA,6,E01002614,0,-1
2023131388814,2023,131388814,1,9,0,18,19,5,1,0,0,2,0,0,0,0,1,1,6,6,1,52,8,1796,1,15,VAUXHALL ZAFIRA,1,E01010613,0,-1
2023471263424,2023,471263424,2,9,0,18,19,7,3,0,0,0,0,0,0,0,3,1,5,6,1,47,8,1956,2,9,VAUXHALL ZAFIRA,8,E01031642,0,-1
2023201339727,2023,201339727,2,9,0,9,9,6,5,0,0,6,0,0,0,0,3,1,1,1,2,38,7,1956,2,9,VAUXHALL ZAFIRA,-1,-1,0,-1
2023552301273,2023,552301273,2,9,0,4,4,2,6,0,0,0,0,0,0,0,2,1,6,6,2,62,9,1598,1,12,VAUXHALL ZAFIRA,-1,-1,0,-1
2023622300298,2023,622300298,2,9,0,4,4,4,8,0,0,0,0,0,0,0,1,1,6,6,1,63,9,1910,2,13,VAUXHALL ZAFIRA,5,W01001229,0,-1
2023401344619,2023,401344619,1,9,0,9,9,1,3,0,0,8,0,0,0,0,1,1,5,6,2,44,7,1796,1,9,VAUXHALL ZAFIRA,6,E01017616,0,-1
2023361328785,2023,361328785,1,9,0,18,19,8,4,0,0,0,2,0,0,0,1,1,5,6,2,35,6,1956,2,9,VAUXHALL ZAFIRA,4,E01026705,0,-1
2023302301441,2023,302301441,2,3,0,18,19,8,4,0,0,0,0,0,0,0,1,1,6,6,1,18,4,124,1,9,YAMAHA YZF,6,E01019617,0,-1
2023052301405,2023,052301405,2,3,0,14,14,3,7,0,0,1,0,0,0,0,4,1,6,6,1,22,5,124,1,8,YAMAHA YZF,4,E01006466,0,-1
2023531288324,2023,531288324,2,5,0,18,19,6,2,0,0,0,0,0,1,10,1,1,5,6,1,33,6,998,1,15,YAMAHA YZF,3,E01022286,0,-1
2023231337356,2023,231337356,1,9,0,4,4,4,8,0,0,0,0,0,0,0,2,1,5,6,1,31,6,-1,3,0,AUDI Q4,7,E01029519,0,-1
2023411344651,2023,411344651,2,9,0,3,3,5,1,0,0,0,0,0,0,0,4,1,5,6,1,45,7,-1,3,1,AUDI Q4,9,E01023833,0,-1
2023421338940,2023,421338940,3,9,0,18,19,2,6,0,0,0,0,0,0,0,2,1,6,6,1,64,9,-1,3,2,AUDI Q4,6,E01030064,0,-1
2023320414454,2023,320414454,1,9,0,4,4,6,2,0,0,0,1,0,0,0,1,1,6,6,1,43,7,-1,-1,-1,CITROEN BERLINGO,4,E01015676,0,-1
2023231298198,2023,231298198,2,19,0,18,19,8,4,0,0,6,0,0,0,0,1,1,1,1,2,50,8,1560,2,9,CITROEN BERLINGO,3,E01031332,0,-1
2023451288752,2023,451288752,1,19,0,4,4,3,7,0,0,3,0,0,0,0,2,1,5,6,2,61,9,1560,2,12,CITROEN BERLINGO,-1,-1,0,-1
2023461367332,2023,461367332,2,19,0,4,4,6,2,0,0,0,0,0,1,0,2,1,6,6,2,62,9,1560,2,11,CITROEN BERLINGO,4,E01024586,0,-1
202363C018323,2023,63C018323,2,19,0,4,4,7,3,0,0,0,0,0,0,0,2,1,6,6,2,23,5,1500,2,2,CITROEN BERLINGO,8,W01000577,0,-1
2023010468159,2023,010468159,1,19,0,18,19,7,3,0,0,8,5,0,1,1,3,1,1,1,1,53,8,1560,2,6,CITROEN BERLINGO,-1,-1,0,-1
2023070322670,2023,070322670,2,19,0,4,4,1,5,0,0,0,0,0,0,0,2,1,1,1,1,59,9,1500,2,2,CITROEN BERLINGO,4,E01012504,0,-1
2023451293775,2023,451293775,1,9,0,18,19,6,2,0,0,8,1,7,0,0,3,1,6,6,1,26,6,3456,8,7,LEXUS GS 450,8,E01023907,0,-1
2023451376838,2023,451376838,2,9,0,3,3,2,6,0,0,0,0,0,0,0,2,1,5,6,2,75,10,3311,8,16,LEXUS RX 400,9,E01030309,0,-1
2023161365253,2023,161365253,1,19,0,18,19,3,7,0,0,0,0,0,0,0,1,1,1,1,1,21,5,2143,2,6,MERCEDES SPRINTER,1,E01010416,0,-1
2023010475466,2023,010475466,1,19,0,18,19,1,5,0,0,8,0,0,7,7,4,1,1,1,1,38,7,2987,2,8,MERCEDES SPRINTER,3,E01002030,0,-1
2023141292119,2023,141292119,1,19,0,18,19,5,1,0,0,0,0,0,0,0,4,2,1,1,1,58,9,2143,2,3,MERCEDES SPRINTER,10,E01007928,0,-1
2023041367409,2023,041367409,1,19,0,17,19,8,4,0,0,0,0,4,0,0,1,1,1,1,1,43,7,2143,2,9,MERCEDES SPRINTER,3,E01024959,0,-1
2023161365460,2023,161365460,1,19,0,18,19,6,2,0,0,0,2,2,1,10,1,1,1,1,1,46,8,1950,2,0,MERCEDES SPRINTER,-1,-1,0,-1
2023231405537,2023,231405537,2,20,0,4,4,7,3,0,0,0,0,0,0,0,1,1,6,6,2,44,7,-1,-1,-1,MERCEDES SPRINTER,6,E01014006,0,-1
2023041272531,2023,041272531,1,19,0,18,19,7,7,0,0,0,0,0,0,0,0,1,6,6,1,59,9,2143,2,6,MERCEDES SPRINTER,2,E01006415,0,-1
2023451342904,2023,451342904,1,19,0,18,19,3,7,0,0,0,0,0,0,0,1,1,1,1,1,22,5,2143,2,6,MERCEDES SPRINTER,6,E01009278,0,-1
2023311371588,2023,311371588,2,19,0,3,3,4,8,0,0,8,0,0,0,0,2,1,1,1,1,20,4,2143,2,2,MERCEDES SPRINTER,4,E01013967,0,-1
2023991326374,2023,991326374,2,19,0,2,2,0,0,0,0,0,0,0,0,0,2,1,6,6,3,-1,-1,2143,2,3,MERCEDES SPRINTER,-1,-1,0,-1
2023631374112,2023,631374112,1,19,0,18,19,3,7,0,0,0,0,0,0,0,1,1,1,1,1,32,6,1950,2,0,MERCEDES SPRINTER,2,W01000856,0,-1
2023451303629,2023,451303629,1,19,0,18,19,1,5,0,0,0,0,11,0,0,1,1,6,6,1,27,6,2143,2,7,MERCEDES SPRINTER,3,E01000719,0,-1
2023010478606,2023,010478606,1,19,0,99,99,9,9,99,99,0,9,99,9,99,2,1,1,1,1,32,6,2143,2,4,MERCEDES SPRINTER,6,E01024079,0,-1
2023430551681,2023,430551681,1,19,0,18,19,6,2,0,0,0,0,0,0,0,1,1,2,2,1,35,6,2143,2,5,MERCEDES SPRINTER,9,E01015535,0,-1
2023340WN4962,2023,340WN4962,1,19,0,18,19,8,4,0,0,0,0,0,0,0,1,1,2,2,1,29,6,2143,2,7,MERCEDES SPRINTER,6,E01002125,0,-1
2023041367409,2023,041367409,3,19,0,2,2,8,4,0,0,0,0,0,0,0,2,1,6,6,3,-1,-1,1950,2,1,MERCEDES SPRINTER,-1,-1,0,-1
2023440192336,2023,440192336,2,20,4,18,19,6,2,0,0,0,0,4,0,0,1,1,1,1,1,38,7,2143,2,4,MERCEDES SPRINTER,1,E01010316,0,-1
2023501375766,2023,501375766,2,19,0,5,5,4,8,0,0,0,0,0,0,0,3,1,1,1,1,63,9,1950,2,1,MERCEDES SPRINTER,8,E01015119,0,-1
2023061268470,2023,061268470,3,9,0,15,15,1,5,0,0,0,0,0,0,0,0,1,1,1,2,32,6,1200,1,4,PEUGEOT 308,1,E01005484,0,-1
2023031369100,2023,031369100,1,9,0,18,19,5,5,0,0,0,0,0,0,0,1,1,2,2,1,32,6,1560,2,13,PEUGEOT 308,2,E01019227,0,-1
202360A007748,2023,60A007748,2,9,0,3,3,6,2,0,0,2,0,0,0,0,2,1,6,6,2,75,10,1200,1,4,PEUGEOT 308,-1,-1,0,-1
2023302301233,2023,302301233,2,9,0,3,3,3,7,0,0,1,0,0,0,0,1,1,6,6,2,93,11,1200,1,4,PEUGEOT 308,3,E01028111,0,-1
2023141317451,2023,141317451,1,9,0,18,19,1,5,0,0,1,0,0,0,0,0,1,1,1,1,30,6,1500,2,1,PEUGEOT 308,2,E01007336,0,-1
2023522400766,2023,522400766,1,9,0,18,19,8,4,0,0,0,0,4,0,0,1,1,6,6,1,60,9,1560,2,6,PEUGEOT 308,10,E01014987,0,-1
2023231310125,2023,231310125,3,9,0,4,4,6,2,0,0,0,0,0,0,0,2,1,1,1,1,28,6,1500,2,3,PEUGEOT 308,5,E01031141,0,-1
2023440052688,2023,440052688,2,9,0,3,3,2,6,0,0,0,0,0,0,0,2,1,2,2,2,36,7,1598,1,11,PEUGEOT 308,10,E01022590,0,-1
2023010439350,2023,010439350,1,9,0,99,99,9,9,99,99,0,9,99,9,99,2,9,6,6,2,42,7,2967,2,9,PORSCHE CAYENNE,6,E01003459,0,-1
2023221305659,2023,221305659,1,9,0,18,19,4,8,0,0,0,0,0,0,0,1,1,5,6,2,31,6,999,1,8,RENAULT TWINGO,9,E01010346,0,-1
2023010472670,2023,010472670,1,9,0,6,6,3,3,0,0,1,0,0,0,0,1,1,3,7,1,48,8,1149,1,14,RENAULT TWINGO,-1,-1,0,-1
2023131339531,2023,131339531,1,9,0,9,9,1,5,0,0,8,0,0,0,0,3,1,1,1,1,45,7,2494,8,5,LEXUS IS 300,4,E01011208,0,-1
2023010462233,2023,010462233,2,9,0,18,19,1,5,0,0,8,0,0,0,0,1,1,6,6,2,-1,-1,1950,2,2,MERCEDES E CLASS,5,E01000239,0,-1
2023010445748,2023,010445748,2,9,0,6,6,1,1,0,0,1,0,0,0,0,1,2,6,6,1,22,5,1950,2,6,MERCEDES E CLASS,4,E01003803,0,-1
2023131348628,2023,131348628,2,9,0,4,4,5,1,0,0,0,0,0,0,0,2,1,5,6,2,47,8,3226,2,21,MERCEDES E CLASS,2,E01011246,0,-1
2023010474619,2023,010474619,1,9,0,99,99,9,9,99,99,0,9,99,9,99,1,9,6,6,1,40,7,1950,2,6,MERCEDES E CLASS,3,E01003716,0,-1
202360A114222,2023,60A114222,1,9,0,18,19,1,5,0,0,8,0,0,0,0,4,1,6,6,1,53,8,1991,1,4,MERCEDES E CLASS,-1,-1,0,-1
2023010460792,2023,010460792,2,9,0,99,99,9,9,99,99,9,9,99,9,99,2,9,6,6,3,-1,-1,1950,2,2,MERCEDES E CLASS,-1,-1,0,-1
2023101264671,2023,101264671,1,9,0,5,5,6,2,0,0,0,0,0,0,0,4,1,1,1,1,23,5,2143,2,7,MERCEDES E CLASS,7,E01008243,0,-1
2023122300990,2023,122300990,1,9,0,18,19,1,5,0,0,1,0,0,0,0,1,1,6,6,1,73,10,2925,2,0,MERCEDES E CLASS,7,E01019258,0,-1
2023201283449,2023,201283449,1,9,0,9,9,5,3,0,0,5,0,0,0,0,1,1,6,6,1,21,5,2996,2,32,MERCEDES E CLASS,2,E01009505,0,-1
2023101277137,2023,101277137,2,8,0,3,3,3,7,0,0,4,0,0,0,0,0,1,1,1,1,66,10,2143,2,7,MERCEDES E CLASS,2,E01008630,0,-1
2023010422206,2023,010422206,1,9,0,99,99,9,9,99,99,9,9,99,9,99,2,9,2,2,2,34,6,1950,2,4,MERCEDES E CLASS,6,E01027234,0,-1
2023451393429,2023,451393429,1,9,0,18,19,3,7,0,0,0,0,0,0,0,1,1,1,1,1,32,6,1950,2,4,MERCEDES E CLASS,5,E01004096,0,-1
2023332300150,2023,332300150,2,9,0,18,19,6,2,0,0,0,0,0,1,3,1,1,6,6,2,37,7,1950,12,4,MERCEDES E CLASS,-1,-1,0,-1
2023010467729,2023,010467729,1,8,0,99,99,9,9,99,99,9,9,99,9,99,1,9,6,6,1,28,6,1950,2,3,MERCEDES E CLASS,3,E01003493,0,-1
2023010438069,2023,010438069,1,8,0,99,99,9,9,99,99,9,9,99,9,99,2,9,6,6,3,-1,-1,1950,2,6,MERCEDES E CLASS,-1,-1,0,-1
2023471283714,2023,471283714,3,9,0,18,19,7,3,0,0,0,0,0,0,0,2,1,6,6,1,-1,-1,1950,2,6,MERCEDES E CLASS,4,E01001087,0,-1
2023010450629,2023,010450629,1,9,0,18,19,1,5,0,0,0,0,0,0,0,1,1,6,6,1,22,5,1950,2,1,MERCEDES E CLASS,5,E01001647,0,-1
2023010422819,2023,010422819,1,9,0,5,5,2,6,0,0,2,0,0,0,0,1,1,6,6,1,61,9,2143,2,7,MERCEDES E CLASS,2,E01001815,0,-1
2023451303629,2023,451303629,2,9,0,18,19,1,5,0,0,0,1,0,0,0,3,1,6,6,1,39,7,1950,2,5,MERCEDES E CLASS,9,E01001063,0,-1
2023471361585,2023,471361585,1,9,0,16,19,3,6,0,0,0,0,0,0,0,1,1,6,6,2,73,10,1332,8,1,NISSAN QASHQAI,4,E01031443,0,-1
2023201262851,2023,201262851,1,9,0,18,19,8,4,0,0,0,0,0,0,0,1,1,6,6,1,35,6,1332,8,1,NISSAN QASHQAI,3,E01009084,0,-1
2023201343467,2023,201343467,1,9,0,4,4,1,1,0,0,0,0,0,0,0,1,1,5,6,1,30,6,1461,2,8,NISSAN QASHQAI,4,E01010424,0,-1
2023010463342,2023,010463342,2,9,0,5,5,7,3,0,0,6,0,0,0,0,1,1,6,6,2,37,7,1598,1,11,NISSAN QASHQAI,3,E01000432,0,-1
2023052302329,2023,052302329,2,9,0,18,19,2,6,0,0,8,0,0,0,0,1,1,6,6,1,50,8,1332,1,3,NISSAN QASHQAI,2,E01006655,0,-1
2023010455736,2023,010455736,1,9,0,9,9,1,7,0,0,5,0,0,0,0,1,1,6,6,1,42,7,1332,8,0,NISSAN QASHQAI,1,E01001562,0,-1
2023010430299,2023,010430299,1,9,0,18,19,1,5,9,9,1,0,0,7,11,1,1,6,6,1,52,8,1997,1,11,NISSAN QASHQAI,3,E01033744,0,-1
2023041282037,2023,041282037,2,9,0,18,19,7,3,0,0,0,0,0,0,0,2,1,2,2,1,54,8,1461,2,7,NISSAN QASHQAI,4,E01025308,0,-1
2023421320695,2023,421320695,1,9,0,4,4,1,5,0,0,0,0,0,0,0,2,1,5,6,2,58,9,1461,2,6,NISSAN QASHQAI,4,E01033048,0,-1
2023041370393,2023,041370393,2,9,0,5,5,5,1,0,0,4,0,0,0,0,1,1,2,2,1,38,7,1332,1,4,NISSAN QASHQAI,5,E01025387,0,-1
2023221295969,2023,221295969,2,9,0,3,3,7,3,0,0,0,0,0,0,0,2,1,6,6,2,49,8,1598,2,11,NISSAN QASHQAI,6,E01022253,0,-1
2023351357581,2023,351357581,3,9,0,17,19,1,5,0,0,1,0,0,0,0,2,1,6,6,2,36,7,1461,2,5,NISSAN QASHQAI,4,E01026280,0,-1
2023430343808,2023,430343808,1,9,0,17,19,8,5,0,0,0,0,0,1,1,1,1,1,1,1,60,9,1461,2,10,NISSAN QASHQAI,-1,-1,0,-1
2023010458915,2023,010458915,1,9,0,99,99,9,9,99,99,9,9,99,9,99,9,9,6,6,1,44,7,1197,1,7,NISSAN QASHQAI,2,E01004389,0,-1
2023421345286,2023,421345286,2,9,0,4,4,2,5,0,0,0,0,0,0,0,2,1,6,6,1,49,8,1598,1,12,NISSAN QASHQAI,3,E01000163,0,-1
2023070194691,2023,070194691,1,9,0,5,5,7,3,9,9,2,1,0,7,2,1,1,2,2,1,21,5,1461,2,16,NISSAN QASHQAI,7,E01018338,0,-1
2023070595621,2023,070595621,1,9,0,9,9,7,4,0,0,8,0,0,0,0,1,1,6,6,1,61,9,1995,2,12,NISSAN QASHQAI,-1,-1,0,-1
2023522400460,2023,522400460,3,9,0,3,3,7,3,0,0,0,0,0,0,0,2,1,6,6,3,-1,-1,1461,2,4,NISSAN QASHQAI,-1,-1,0,-1
2023320452073,2023,320452073,1,9,0,18,19,2,6,0,0,0,0,0,1,0,1,1,6,6,1,28,6,1461,2,14,NISSAN QASHQAI,-1,-1,0,-1
2023101323882,2023,101323882,1,9,0,15,15,8,4,6,6,0,0,0,1,9,3,1,5,6,1,68,10,1497,8,1,NISSAN QASHQAI,3,E01008441,0,-1
2023111281154,2023,111281154,1,9,0,18,19,3,7,0,0,0,0,0,0,0,1,1,5,6,1,42,7,1461,2,13,NISSAN QASHQAI,5,E01020663,0,-1
2023401279739,2023,401279739,2,9,0,4,4,2,6,0,0,0,0,0,0,0,2,1,6,6,1,25,5,1598,1,14,NISSAN QASHQAI,5,E01015762,0,-1
2023101330486,2023,101330486,1,9,0,18,19,1,5,0,0,0,0,0,0,0,1,1,5,6,1,78,11,1461,2,7,NISSAN QASHQAI,2,E01008383,0,-1
2023231322790,2023,231322790,2,9,0,3,3,2,6,0,0,0,0,0,0,0,2,1,5,6,2,46,8,1197,1,8,NISSAN QASHQAI,8,E01019788,0,-1
2023320720377,2023,320720377,1,9,0,6,6,6,6,0,0,0,0,0,7,0,4,1,6,6,1,40,7,1598,1,12,NISSAN QASHQAI,1,E01026112,0,-1
2023501340670,2023,501340670,2,9,0,17,19,4,2,0,0,3,0,0,0,0,4,1,1,1,1,60,9,-1,3,2,PEUGEOT 2008,5,E01018935,0,-1
2023031384153,2023,031384153,1,9,0,18,19,8,3,0,0,0,0,0,2,7,2,1,6,6,1,88,11,1199,1,5,PEUGEOT 2008,5,E01019313,0,-1
2023201418576,2023,201418576,1,9,0,12,12,8,4,0,0,1,0,0,0,0,1,1,1,1,1,46,8,1200,1,10,PEUGEOT 2008,2,E01009348,0,-1
2023546604823,2023,546604823,2,9,0,2,2,0,0,0,0,1,0,0,0,0,0,1,6,6,1,58,9,1500,2,2,PEUGEOT 2008,4,E01031895,0,-1
2023010459780,2023,010459780,1,9,0,3,3,1,5,0,0,1,0,0,0,0,4,1,6,6,1,33,6,1200,1,3,PEUGEOT 2008,4,E01033730,0,-1
2023320044145,2023,320044145,2,9,0,3,3,2,6,0,0,2,0,0,0,0,2,1,6,6,2,52,8,1200,1,5,PEUGEOT 2008,4,E01026105,0,-1
2023131283142,2023,131283142,2,9,0,18,19,7,3,0,0,1,0,0,0,0,1,1,6,6,1,42,7,1200,1,5,PEUGEOT 2008,2,E01027909,0,-1
2023010479714,2023,010479714,1,9,0,3,3,1,5,0,0,1,0,0,0,0,0,1,2,2,1,43,7,1199,1,1,PEUGEOT 2008,7,E01000675,0,-1
2023131298095,2023,131298095,1,9,0,18,19,6,2,0,0,0,0,0,0,0,-1,1,6,6,3,-1,-1,1200,1,7,PEUGEOT 2008,-1,-1,0,-1
2023221321641,2023,221321641,1,9,0,18,19,6,2,0,0,0,0,0,0,0,1,1,6,6,1,37,7,1560,2,7,PEUGEOT 2008,9,E01009735,0,-1
2023061296833,2023,061296833,1,2,0,16,19,4,8,0,0,0,0,2,0,0,1,1,6,6,1,30,6,125,1,8,PEUGEOT SPEEDFIGHT,2,E01005974,0,-1
2023451375256,2023,451375256,1,19,0,18,19,1,5,0,0,0,0,2,0,0,2,1,1,1,1,28,6,2299,2,2,RENAULT TRUCKS MASTER,2,E01011262,0,-1
2023631374112,2023,631374112,3,9,0,3,3,3,7,0,0,0,0,0,0,0,2,1,6,6,2,68,10,1598,2,7,SEAT LEON,5,W01000698,0,-1
2023131295574,2023,131295574,1,9,0,18,19,8,4,0,0,0,0,2,0,0,1,1,5,6,1,35,6,1896,2,15,SEAT LEON,4,E01011075,0,-1
2023631374112,2023,631374112,2,9,0,3,3,3,7,0,0,0,0,0,1,10,2,1,6,6,2,49,8,1968,2,10,SEAT LEON,8,W01000609,0,-1
2023010463394,2023,010463394,2,9,0,99,99,9,9,99,99,9,9,99,9,99,1,9,6,6,3,57,9,999,1,0,SEAT LEON,3,E01021847,0,-1
2023340WN0142,2023,340WN0142,3,9,0,3,3,8,4,0,0,0,0,0,0,0,4,1,6,6,2,68,10,1498,1,2,SEAT LEON,6,E01026986,0,-1
2023041288337,2023,041288337,1,9,0,4,4,7,3,0,0,4,0,0,0,0,3,1,1,1,2,33,6,999,1,2,SEAT LEON,8,E01025550,0,-1
2023552300828,2023,552300828,1,9,0,5,5,4,2,0,0,6,0,0,0,0,1,1,6,6,1,42,7,1896,2,14,SEAT LEON,3,E01015439,0,-1
2023991298667,2023,991298667,1,9,0,18,19,7,3,0,0,0,0,0,0,0,1,1,5,6,1,29,6,1197,1,8,SEAT LEON,4,-1,0,-1
2023010470004,2023,010470004,1,8,0,99,99,9,9,0,0,8,0,0,0,0,3,1,6,6,3,57,9,1968,2,6,VOLKSWAGEN SHARAN,6,E01003755,0,-1
2023501375766,2023,501375766,1,3,0,13,13,4,8,0,0,0,0,0,0,0,4,1,6,6,1,17,4,124,1,0,-1,7,E01018971,0,-1
2023991365263,2023,991365263,1,90,0,18,19,6,2,0,0,0,0,4,7,0,4,1,5,6,1,36,7,2184,2,0,-1,-1,-1,0,-1
2023052300472,2023,052300472,1,5,0,14,14,2,6,0,0,1,1,0,0,0,1,1,2,2,1,38,7,749,1,6,-1,8,E01007097,0,-1
2023010470004,2023,010470004,2,2,0,99,99,9,9,0,0,1,0,0,0,0,1,1,6,6,1,-1,-1,125,1,3,-1,2,E01003768,0,-1
2023520301584,2023,520301584,2,21,1,18,19,5,1,0,0,0,0,0,0,0,1,1,1,1,1,59,9,12419,2,4,MAN MODEL MISSING,7,E01029278,0,-1
2023461328876,2023,461328876,1,21,1,17,19,5,1,0,0,8,0,0,0,0,1,1,6,6,1,36,7,12419,2,3,MAN MODEL MISSING,7,E01032380,0,-1
2023041373116,2023,041373116,4,98,0,18,19,3,7,0,0,0,0,0,0,0,2,1,1,1,1,54,8,4580,2,1,-1,6,E01024915,0,-1
2023451326148,2023,451326148,1,21,0,18,19,5,1,0,0,0,0,0,0,0,1,1,1,1,1,37,7,12419,2,1,MAN MODEL MISSING,7,E01031616,0,-1
2023451306391,2023,451306391,1,21,0,12,12,3,7,0,0,0,0,2,0,0,1,1,5,6,1,64,9,12419,2,3,MAN MODEL MISSING,7,E01024109,0,-1
2023501282394,2023,501282394,1,21,0,18,19,8,4,0,0,0,0,0,0,0,1,1,1,1,1,57,9,10518,2,7,MAN MODEL MISSING,4,E01018926,0,-1
2023451279545,2023,451279545,1,21,0,18,19,5,1,0,0,1,0,0,0,0,1,1,1,1,1,59,9,12419,2,7,MAN MODEL MISSING,6,E01031448,0,-1
2023122400086,2023,122400086,1,21,1,18,19,5,1,0,0,8,1,4,1,9,1,1,1,1,1,31,6,12419,2,2,MAN MODEL MISSING,4,E01029309,0,-1
2023141319548,2023,141319548,2,21,0,11,11,1,5,0,0,0,0,0,0,0,4,1,1,1,1,61,9,12419,2,1,MAN MODEL MISSING,3,E01032896,0,-1
2023320420134,2023,320420134,1,9,0,18,19,6,2,0,0,0,0,0,0,0,1,1,6,6,3,-1,-1,1596,1,10,FORD FIESTA,-1,-1,0,-1
2023141370878,2023,141370878,2,9,0,18,19,1,5,0,0,0,0,0,0,0,2,1,5,6,1,43,7,1242,1,7,FORD FIESTA,1,E01007885,0,-1
202354A135523,2023,54A135523,1,9,0,18,19,8,4,0,0,5,5,0,1,1,1,1,6,6,1,21,5,1242,1,10,FORD FIESTA,2,E01009029,0,-1
2023010452581,2023,010452581,2,9,0,3,3,5,1,0,0,0,0,0,0,0,2,1,6,6,2,23,5,1388,1,11,FORD FIESTA,2,E01003501,0,-1
2023361333778,2023,361333778,1,9,0,4,4,5,1,0,0,0,0,0,0,0,1,1,5,6,1,20,4,1242,1,8,FORD FIESTA,8,E01030237,0,-1
2023131368653,2023,131368653,1,9,0,3,3,5,1,0,0,0,0,0,0,0,2,1,5,6,2,62,9,998,1,8,FORD FIESTA,6,E01010640,0,-1
2023411383957,2023,411383957,1,9,0,7,7,2,5,0,0,3,0,0,0,0,1,1,6,6,1,37,7,998,1,4,FORD FIESTA,9,E01023831,0,-1
2023052302976,2023,052302976,2,9,0,18,19,3,7,0,0,8,0,0,2,7,1,1,6,6,1,42,7,1242,1,16,FORD FIESTA,1,E01006737,0,-1
2023221307603,2023,221307603,1,9,0,13,13,4,8,0,0,0,2,0,1,0,3,1,2,2,2,19,4,1242,1,14,FORD FIESTA,8,E01028887,0,-1
2023401386369,2023,401386369,1,9,0,4,4,5,1,0,0,0,0,0,0,0,1,1,6,6,1,24,5,998,1,7,FORD FIESTA,9,E01015797,0,-1
2023421367842,2023,421367842,4,9,0,3,3,3,3,0,0,4,0,0,0,0,2,1,6,6,1,27,6,998,1,9,FORD FIESTA,-1,-1,0,-1
2023041380148,2023,041380148,2,9,0,3,3,3,7,0,0,0,0,2,0,0,1,1,5,6,1,42,7,998,1,8,FORD FIESTA,4,E01025405,0,-1
2023010481738,2023,010481738,2,9,0,18,19,5,1,0,0,7,0,0,0,0,1,1,6,6,1,27,6,998,1,6,FORD FIESTA,9,E01021454,0,-1
2023440430995,2023,440430995,1,9,0,18,19,1,5,0,0,8,0,0,0,0,1,1,6,6,1,18,4,1242,1,8,FORD FIESTA,10,E01022853,0,-1
2023991277317,2023,991277317,2,9,0,2,2,5,1,0,0,4,0,0,0,0,0,1,1,1,1,20,4,998,1,7,FORD FIESTA,-1,-1,0,-1
2023991329875,2023,991329875,2,9,0,3,3,7,3,0,0,0,0,0,0,0,2,1,6,6,1,24,5,998,1,6,FORD FIESTA,3,-1,0,-1
2023340WN4962,2023,340WN4962,3,9,0,18,19,4,8,0,0,0,0,0,7,0,3,1,2,2,1,49,8,1242,1,7,FORD FIESTA,8,E01027008,0,-1
2023401314224,2023,401314224,4,9,0,3,3,1,5,0,0,0,0,0,0,0,2,1,6,6,1,24,5,1299,1,20,FORD FIESTA,10,E01017606,0,-1
2023141314380,2023,141314380,2,9,0,18,19,3,7,0,0,0,0,0,0,0,2,1,5,6,2,42,7,1560,2,9,FORD FIESTA,6,E01007908,0,-1
2023320470558,2023,320470558,1,9,0,9,9,6,4,0,0,6,0,0,0,0,3,1,6,6,1,52,8,1242,1,19,FORD FIESTA,5,E01026390,0,-1
2023302300387,2023,302300387,1,9,0,14,14,4,8,0,0,0,0,7,0,0,1,1,6,6,1,86,11,1399,2,14,FORD FIESTA,9,E01019610,0,-1
2023351341568,2023,351341568,1,9,0,14,14,4,8,0,0,8,0,0,0,0,4,1,6,6,1,24,5,1596,1,7,FORD FIESTA,-1,-1,0,-1
2023010474619,2023,010474619,2,9,0,99,99,9,9,99,99,0,9,99,9,99,1,9,6,6,3,-1,-1,1242,1,6,FORD FIESTA,-1,-1,0,-1
2023141328576,2023,141328576,1,9,0,9,9,6,4,0,0,2,0,0,0,0,3,1,6,6,2,65,9,998,1,9,FORD FIESTA,9,E01007792,0,-1
2023201297451,2023,201297451,1,9,0,4,4,3,7,0,0,0,0,0,0,0,2,1,6,6,1,-1,-1,1242,1,10,FORD FIESTA,-1,-1,0,-1
2023141266744,2023,141266744,1,9,0,18,19,1,5,0,0,0,0,0,0,0,1,1,2,2,2,32,6,998,1,6,FORD FIESTA,4,E01007398,0,-1
2023522401263,2023,522401263,2,9,0,18,19,5,1,0,0,8,0,2,0,0,1,1,6,6,3,-1,-1,1596,1,9,FORD FIESTA,-1,-1,0,-1
2023131388392,2023,131388392,2,9,0,18,19,3,7,0,0,8,0,0,7,0,1,1,5,6,1,24,5,1242,1,16,FORD FIESTA,1,E01010624,0,-1
2023010463425,2023,010463425,1,9,0,18,19,1,5,0,0,1,0,0,0,0,1,1,6,6,1,28,6,1596,1,7,FORD FIESTA,2,E01001693,0,-1
2023201408319,2023,201408319,1,9,0,16,19,7,3,0,0,0,0,2,0,0,1,1,2,2,3,27,6,1084,1,5,FORD FIESTA,9,E01031268,0,-1
2023221261327,2023,221261327,1,9,0,18,19,8,4,0,0,0,0,0,0,0,4,1,6,6,1,73,10,1242,1,10,FORD FIESTA,5,E01032428,0,-1
2023052300472,2023,052300472,2,9,0,10,10,2,8,0,0,1,0,0,0,0,3,1,2,2,2,36,7,1242,1,7,FORD FIESTA,2,E01006441,0,-1
2023332300509,2023,332300509,2,9,0,2,2,0,0,0,0,0,0,0,1,3,1,1,6,6,2,61,9,1596,1,17,FORD FIESTA,2,E01013768,0,-1
2023461317934,2023,461317934,1,9,0,18,19,6,2,0,0,0,5,0,8,10,3,1,6,6,1,20,4,998,1,6,FORD FIESTA,10,E01024337,0,-1
2023552300342,2023,552300342,1,9,0,18,19,4,8,0,0,0,0,0,0,0,1,1,6,6,1,24,5,1242,1,8,FORD FIESTA,5,E01015444,0,-1
2023161391857,2023,161391857,2,9,0,4,4,2,6,0,0,0,0,0,1,0,2,1,6,6,1,50,8,999,1,3,FORD FIESTA,4,E01013076,0,-1
2023302301233,2023,302301233,1,9,0,3,3,3,7,0,0,1,0,0,1,0,1,1,6,6,2,63,9,998,1,8,FORD FIESTA,8,E01019449,0,-1
2023340NN1152,2023,340NN1152,2,9,0,4,4,3,7,0,0,1,0,0,0,0,2,1,6,6,1,43,7,1560,2,12,FORD FIESTA,7,E01026978,0,-1
2023332300035,2023,332300035,2,9,0,18,19,5,1,0,0,0,0,0,0,0,2,1,6,6,1,19,4,1499,2,6,FORD FIESTA,6,E01012923,0,-1
2023131368653,2023,131368653,3,9,0,16,19,5,1,0,0,0,0,0,0,0,1,1,5,6,2,83,11,1596,1,7,FORD FIESTA,10,E01010697,0,-1
2023542823623,2023,542823623,1,9,0,18,19,1,5,0,0,0,0,0,0,0,1,1,2,2,1,55,8,-1,-1,-1,FORD FIESTA,9,E01031847,0,-1
2023070408259,2023,070408259,1,9,0,18,19,4,1,0,0,8,0,0,0,0,1,1,6,6,2,20,4,998,1,5,FORD FIESTA,1,E01006844,0,-1
2023170M11633,2023,170M11633,1,9,0,4,4,8,4,0,0,1,0,0,0,0,2,1,6,6,2,22,5,1242,1,13,FORD FIESTA,-1,-1,0,-1
2023071093595,2023,071093595,1,9,0,5,5,2,6,0,0,1,0,0,0,0,1,1,6,6,2,50,8,1388,1,13,FORD FIESTA,7,E01018457,0,-1
2023320172446,2023,320172446,1,9,0,18,19,2,6,0,0,0,0,0,0,0,1,1,6,6,1,85,11,1388,1,11,FORD FIESTA,6,E01026251,0,-1
2023052301684,2023,052301684,2,9,0,18,19,5,1,0,0,1,0,0,0,0,1,1,6,6,1,56,9,1242,1,17,FORD FIESTA,3,E01006521,0,-1
2023332300206,2023,332300206,1,9,0,18,19,5,1,0,0,0,0,0,0,0,3,1,2,2,2,53,8,998,1,6,FORD FIESTA,6,E01025912,0,-1
2023221340468,2023,221340468,4,9,0,18,19,4,8,0,0,0,0,0,0,0,2,1,6,6,2,25,5,1242,1,14,FORD FIESTA,9,E01032379,0,-1
2023531288324,2023,531288324,1,9,0,9,9,4,2,0,0,0,0,0,0,0,4,1,5,6,1,40,7,998,1,5,FORD FIESTA,-1,-1,0,-1
2023010440413,2023,010440413,2,9,0,7,7,6,8,0,0,8,0,0,0,0,4,9,6,6,3,-1,-1,998,1,9,FORD FIESTA,-1,-1,0,-1
2023411309224,2023,411309224,2,9,0,5,5,5,1,0,0,8,0,0,0,0,1,1,5,6,2,25,5,998,1,4,FORD FIESTA,8,E01021795,0,-1
2023010454828,2023,010454828,1,9,0,99,99,9,9,99,99,9,9,99,9,99,2,9,2,2,1,40,7,998,1,8,FORD FIESTA,7,E01021887,0,-1
2023201371879,2023,201371879,2,9,0,3,3,5,1,0,0,0,0,0,0,0,2,1,6,6,2,25,5,999,1,3,FORD FIESTA,5,E01009895,0,-1
2023451322522,2023,451322522,1,9,0,3,3,3,7,0,0,0,0,0,0,0,2,1,5,6,1,28,6,1242,1,10,FORD FIESTA,9,E01024300,0,-1
2023221340468,2023,221340468,3,9,0,18,19,4,8,0,0,0,0,0,0,0,2,1,6,6,1,33,6,1499,2,7,FORD FIESTA,4,E01032342,0,-1
2023631387471,2023,631387471,1,9,0,3,3,5,1,0,0,0,0,0,0,0,1,1,2,2,2,86,11,999,8,0,FORD FIESTA,1,W01000606,0,-1
2023320452073,2023,320452073,4,9,0,18,19,2,6,0,0,0,0,0,0,0,0,1,6,6,2,54,8,998,1,7,FORD FIESTA,5,E01026264,0,-1
2023461339678,2023,461339678,2,9,1,3,3,8,4,0,0,1,0,0,0,0,2,1,6,6,1,68,10,-1,-1,-1,FORD FIESTA,6,E01024363,0,-1
2023131298635,2023,131298635,3,9,0,4,4,4,8,0,0,0,0,0,0,0,2,1,6,6,2,58,9,1084,1,6,FORD FIESTA,9,E01010971,0,-1
2023622300298,2023,622300298,1,9,0,18,19,8,4,0,0,0,0,0,0,0,1,1,6,6,3,-1,-1,1596,1,17,FORD FIESTA,-1,-1,0,-1
2023522400758,2023,522400758,1,9,0,11,11,3,7,0,0,0,0,0,0,0,1,1,6,6,1,33,6,1124,1,17,MITSUBISHI COLT,3,E01014695,0,-1
2023471370035,2023,471370035,1,9,0,18,19,7,3,0,0,0,0,0,0,0,2,1,2,2,1,29,6,1332,1,16,MITSUBISHI COLT,9,E01016983,0,-1
2023501369317,2023,501369317,1,8,0,18,19,3,8,0,0,1,0,11,0,0,1,1,1,1,1,62,9,1968,2,4,SKODA SUPERB,7,E01020106,0,-1
2023131359928,2023,131359928,2,9,0,18,19,3,7,0,0,0,0,0,0,0,2,1,1,1,1,57,9,1968,2,8,SKODA SUPERB,5,E01012902,0,-1
2023201297372,2023,201297372,1,9,0,18,19,6,2,0,0,8,0,10,1,0,4,1,1,1,1,36,7,1598,2,11,SKODA SUPERB,1,E01010416,0,-1
2023010426436,2023,010426436,2,9,0,99,99,9,9,99,99,0,9,99,9,99,9,9,6,6,1,53,8,1968,2,13,SKODA SUPERB,8,E01026490,0,-1
2023332301108,2023,332301108,1,8,0,9,9,4,2,0,0,6,0,0,0,0,3,1,1,1,1,45,7,1968,2,9,SKODA SUPERB,4,E01013747,0,-1
2023501281020,2023,501281020,1,9,0,3,3,7,3,0,0,0,0,0,0,0,1,1,5,6,1,93,11,1242,1,10,FIAT PANDA,6,E01018764,0,-1
2023451366679,2023,451366679,1,9,0,18,19,5,1,0,0,0,1,0,0,0,1,1,2,2,1,34,6,1242,1,14,FIAT PANDA,5,E01030814,0,-1
2023010485635,2023,010485635,2,9,0,9,9,1,6,0,0,1,0,0,0,0,1,1,6,6,1,59,9,1242,1,17,FIAT PANDA,8,E01030333,0,-1
2023361394053,2023,361394053,1,9,0,18,19,3,7,0,0,0,0,10,1,2,1,2,5,6,1,80,11,1242,1,8,FIAT PANDA,4,E01026909,0,-1
2023991345106,2023,991345106,2,9,0,4,4,7,3,0,0,0,5,2,0,0,2,1,5,6,1,81,11,1108,1,19,FIAT PANDA,2,-1,0,-1
2023070230100,2023,070230100,2,9,0,4,4,3,7,0,0,0,0,2,0,0,2,1,6,6,1,43,7,1498,1,1,SKODA KODIAQ,4,E01005816,0,-1
2023501350570,2023,501350570,2,9,0,18,19,6,2,0,0,8,0,0,0,0,3,1,5,6,2,28,6,1968,2,1,SKODA KODIAQ,4,E01018843,0,-1
2023332301152,2023,332301152,1,9,0,18,19,1,5,0,0,0,0,0,0,0,2,1,6,6,2,47,8,999,1,0,VOLKSWAGEN TAIGO,8,E01025672,0,-1
2023010429015,2023,010429015,2,9,0,18,19,3,7,0,0,1,0,0,0,0,1,1,6,6,2,28,6,999,1,0,VOLKSWAGEN TAIGO,-1,-1,0,-1
202360A117291,2023,60A117291,1,11,0,18,19,8,4,0,0,1,0,0,0,0,1,1,1,1,1,56,9,4500,2,0,ALEXANDER DENNIS MODEL MISSING,-1,-1,0,-1
2023010477549,2023,010477549,1,11,0,99,99,9,9,99,99,9,9,99,9,99,2,9,6,6,1,43,7,4500,2,11,ALEXANDER DENNIS MODEL MISSING,6,E01001419,0,-1
2023991262187,2023,991262187,1,11,0,7,7,3,5,0,0,2,0,0,0,0,4,1,1,1,1,56,9,6700,2,11,ALEXANDER DENNIS MODEL MISSING,-1,-1,0,-1
2023010484713,2023,010484713,3,11,0,18,19,5,1,0,0,2,0,0,0,0,3,1,1,1,1,49,8,6700,2,12,ALEXANDER DENNIS MODEL MISSING,7,E01001036,0,-1
2023041281039,2023,041281039,1,11,0,9,9,6,4,0,0,7,0,0,0,0,4,1,1,1,1,26,6,6696,2,10,ALEXANDER DENNIS MODEL MISSING,8,E01025266,0,-1
2023010459183,2023,010459183,1,11,0,12,12,3,7,0,0,1,0,0,0,0,0,1,1,1,1,56,9,4500,2,15,ALEXANDER DENNIS MODEL MISSING,7,E01001904,0,-1
2023010434675,2023,010434675,1,11,0,5,5,0,3,2,2,1,0,0,0,0,0,1,1,1,2,24,5,4500,2,6,ALEXANDER DENNIS MODEL MISSING,2,E01003591,0,-1
2023010477984,2023,010477984,1,11,0,4,4,7,3,2,2,1,0,0,0,0,0,1,1,1,2,26,6,4500,2,8,ALEXANDER DENNIS MODEL MISSING,1,E01033456,0,-1
2023201320734,2023,201320734,1,11,0,18,19,4,8,0,0,2,0,0,0,0,4,1,1,1,1,69,10,4500,2,8,ALEXANDER DENNIS MODEL MISSING,2,E01009043,0,-1
2023471352540,2023,471352540,1,20,0,13,13,2,6,0,0,1,0,0,0,0,4,1,1,1,1,39,7,4500,2,1,DAF TRUCKS MODEL MISSING,5,E01031401,0,-1
2023201400129,2023,201400129,1,21,0,18,19,6,4,0,0,0,0,0,0,0,1,1,1,1,1,21,5,12902,2,2,DAF TRUCKS MODEL MISSING,6,E01009737,0,-1
2023031363548,2023,031363548,1,21,5,18,19,5,1,0,0,0,0,0,0,0,3,1,1,1,1,63,9,10837,2,5,DAF TRUCKS MODEL MISSING,-1,-1,0,-1
2023211328296,2023,211328296,1,21,1,11,11,2,6,0,0,0,0,0,0,0,1,1,1,1,1,62,9,12902,2,3,DAF TRUCKS MODEL MISSING,-1,-1,0,-1
2023461355067,2023,461355067,2,20,0,12,12,3,7,0,0,0,0,0,0,0,3,1,6,6,1,64,9,-1,-1,-1,DAF TRUCKS MODEL MISSING,7,E01024550,0,-1
2023340WN0142,2023,340WN0142,2,21,0,18,19,4,8,0,0,0,0,0,7,10,3,1,1,1,1,39,7,12902,2,1,DAF TRUCKS MODEL MISSING,6,E01004962,0,-1
2023461267756,2023,461267756,1,21,1,18,19,3,7,0,0,0,0,0,0,0,1,1,1,1,1,64,9,6700,2,8,DAF TRUCKS MODEL MISSING,4,E01024197,0,-1
2023440192336,2023,440192336,1,21,1,2,2,0,0,0,0,0,0,0,0,0,2,1,1,1,1,52,8,12902,2,8,DAF TRUCKS MODEL MISSING,4,E01014623,0,-1
2023211268604,2023,211268604,2,20,1,18,19,1,3,0,0,0,1,0,0,0,1,1,1,1,1,58,9,-1,-1,-1,DAF TRUCKS MODEL MISSING,9,E01022246,0,-1
2023501345436,2023,501345436,1,19,0,18,19,7,3,0,0,1,0,2,0,0,3,1,1,1,1,48,8,6700,2,9,DAF TRUCKS MODEL MISSING,8,E01015137,0,-1
2023231337356,2023,231337356,3,21,1,4,4,4,8,0,0,0,0,0,0,0,1,1,1,1,1,63,9,10837,2,6,DAF TRUCKS MODEL MISSING,7,E01030466,0,-1
2023221277443,2023,221277443,1,20,0,5,5,7,3,0,0,2,0,11,0,0,4,1,1,1,1,48,8,-1,-1,-1,DAF TRUCKS MODEL MISSING,9,E01016786,0,-1
2023231337356,2023,231337356,4,21,1,4,4,4,8,0,0,0,0,0,0,0,1,1,1,1,1,33,6,10837,2,1,DAF TRUCKS MODEL MISSING,8,E01016192,0,-1
2023231337356,2023,231337356,2,21,1,4,4,4,8,0,0,0,0,0,0,0,1,1,1,1,1,63,9,10837,2,1,DAF TRUCKS MODEL MISSING,6,E01030312,0,-1
2023041292639,2023,041292639,1,21,0,18,19,5,1,0,0,0,0,4,0,0,1,1,1,1,1,49,8,12900,2,15,DAF TRUCKS MODEL MISSING,7,E01024990,0,-1
2023010422061,2023,010422061,2,21,0,10,10,1,7,0,0,6,0,0,0,0,1,1,2,2,1,54,8,10837,2,2,DAF TRUCKS MODEL MISSING,3,E01006014,0,-1
2023122300768,2023,122300768,3,21,0,2,2,0,0,0,0,1,0,0,0,0,1,1,1,1,1,33,6,-1,-1,-1,DAF TRUCKS MODEL MISSING,7,E01028015,0,-1
2023231405537,2023,231405537,3,21,1,4,4,7,3,0,0,0,0,0,0,0,1,1,1,1,1,49,8,12902,2,7,DAF TRUCKS MODEL MISSING,1,E01012076,0,-1
2023371312575,2023,371312575,2,17,0,14,14,5,1,0,0,0,0,0,0,0,0,1,1,1,1,52,8,4525,2,12,JOHN DEERE MODEL MISSING,4,E01030208,0,-1
2023101329527,2023,101329527,2,9,0,18,19,1,5,0,0,0,0,0,0,0,1,1,1,1,1,49,8,3200,2,9,MITSUBISHI SHOGUN,5,E01027453,0,-1
2023421366297,2023,421366297,1,9,0,12,12,1,5,0,0,0,0,2,0,0,4,1,5,6,1,27,6,898,1,7,SMART FORFOUR,3,E01004229,0,-1
2023010449161,2023,010449161,1,9,0,18,19,5,1,0,0,1,0,0,0,0,1,1,2,2,1,65,9,1497,8,3,TOYOTA YARIS,6,E01001393,0,-1
2023010422061,2023,010422061,1,9,0,7,7,1,3,0,0,1,0,0,0,0,3,1,6,6,1,47,8,1329,1,7,TOYOTA YARIS,6,E01004637,0,-1
2023131377827,2023,131377827,1,9,0,16,19,5,1,0,0,0,0,0,0,0,1,1,2,2,1,23,5,998,1,9,TOYOTA YARIS,10,E01011516,0,-1
2023061326228,2023,061326228,2,9,0,18,19,3,7,0,0,8,0,0,0,0,4,1,5,6,2,66,10,1490,8,0,TOYOTA YARIS,3,E01012443,0,-1
2023471314522,2023,471314522,1,9,0,13,13,3,7,0,0,1,0,0,0,0,4,1,5,6,1,45,7,1497,8,4,TOYOTA YARIS,2,E01003063,0,-1
2023471349611,2023,471349611,1,9,0,-1,-1,6,2,0,0,2,0,0,0,0,1,1,6,6,1,21,5,998,1,11,TOYOTA YARIS,-1,-1,0,-1
2023052302984,2023,052302984,1,9,0,18,19,7,3,0,0,1,0,0,1,6,1,1,6,6,1,51,8,1299,1,23,TOYOTA YARIS,2,E01033757,0,-1
2023131280015,2023,131280015,1,9,0,9,9,4,3,0,0,1,0,0,0,0,1,1,6,6,3,-1,-1,1364,2,14,TOYOTA YARIS,-1,-1,0,-1
2023461343609,2023,461343609,2,9,0,11,11,6,2,0,0,0,1,0,4,0,3,1,5,6,2,84,11,1329,1,14,TOYOTA YARIS,6,E01016125,0,-1
2023546696123,2023,546696123,1,9,0,5,5,8,5,0,0,8,0,0,0,0,1,1,6,6,1,84,11,998,1,8,TOYOTA YARIS,5,E01015571,0,-1
2023430181830,2023,430181830,1,9,0,18,19,4,8,0,0,0,0,0,0,0,1,1,6,6,2,75,10,1299,1,21,TOYOTA YARIS,10,E01028806,0,-1
2023201397190,2023,201397190,1,9,0,18,19,7,3,0,0,0,0,0,0,0,1,1,3,7,2,23,5,998,1,21,TOYOTA YARIS,1,E01009306,0,-1
2023131329183,2023,131329183,3,9,0,2,2,0,0,6,6,2,0,0,0,0,4,1,6,6,3,-1,-1,1329,1,14,TOYOTA YARIS,-1,-1,0,-1
2023991266600,2023,991266600,2,9,0,4,4,3,1,0,0,3,0,0,0,0,2,1,5,6,2,50,8,1490,8,2,TOYOTA YARIS,4,-1,0,-1
2023111301865,2023,111301865,1,9,0,18,19,2,6,0,0,1,0,0,0,0,1,1,6,6,1,60,9,1497,8,5,TOYOTA YARIS,7,E01020685,0,-1
2023991290639,2023,991290639,1,9,0,18,19,3,7,6,6,0,1,2,0,0,3,1,5,6,1,19,4,998,1,18,TOYOTA YARIS,8,-1,0,-1
2023411309224,2023,411309224,1,9,0,17,19,7,5,0,0,8,0,0,0,0,3,1,5,6,2,81,11,1490,8,1,TOYOTA YARIS,10,E01023451,0,-1
2023522400796,2023,522400796,2,9,0,3,3,3,7,0,0,0,0,0,0,0,2,1,6,6,1,56,9,1329,1,7,TOYOTA YARIS,7,E01014922,0,-1
2023010435100,2023,010435100,5,9,0,3,3,3,7,0,0,2,0,0,0,0,2,1,6,6,2,44,7,1497,8,9,TOYOTA YARIS,2,E01003633,0,-1
2023010461450,2023,010461450,3,9,0,4,4,7,3,0,0,1,0,0,0,0,1,1,6,6,1,23,5,1299,1,18,TOYOTA YARIS,4,E01003409,0,-1
2023531368948,2023,531368948,1,9,0,18,19,5,3,0,0,0,0,0,0,0,1,1,6,6,2,64,9,1329,1,11,TOYOTA YARIS,6,E01022263,0,-1
202360A122850,2023,60A122850,1,9,0,18,19,4,8,0,0,1,0,0,0,0,1,1,6,6,2,75,10,1490,8,3,TOYOTA YARIS,-1,-1,0,-1
2023522400383,2023,522400383,2,9,0,4,4,4,8,0,0,0,0,0,0,0,2,1,6,6,2,52,8,1490,8,1,TOYOTA YARIS,10,E01030314,0,-1
2023371360542,2023,371360542,1,9,0,9,9,7,5,0,0,8,0,0,0,0,1,1,5,6,1,45,7,1399,1,5,VAUXHALL ASTRA,8,E01029997,0,-1
2023010456308,2023,010456308,1,9,0,9,9,1,6,0,0,5,0,0,0,0,4,1,6,6,2,32,6,1598,1,12,VAUXHALL ASTRA,3,E01003099,0,-1
2023471375480,2023,471375480,1,9,0,18,19,5,1,0,0,0,0,0,0,0,1,1,5,6,2,26,6,1956,2,10,VAUXHALL ASTRA,9,E01031561,0,-1
2023311261690,2023,311261690,3,9,0,14,14,5,2,0,0,0,0,0,0,0,1,1,6,6,2,36,7,1686,2,13,VAUXHALL ASTRA,2,E01028274,0,-1
2023201345111,2023,201345111,2,9,0,18,19,4,8,0,0,1,0,0,0,0,1,1,6,6,1,55,8,-1,-1,-1,VAUXHALL ASTRA,1,E01009889,0,-1
2023461297971,2023,461297971,1,9,0,4,4,3,7,0,0,1,0,0,0,0,2,1,2,2,1,54,8,1399,1,6,VAUXHALL ASTRA,-1,-1,0,-1
2023991258985,2023,991258985,1,9,0,18,19,5,1,0,0,0,0,0,0,0,1,1,6,6,1,42,7,1598,1,16,VAUXHALL ASTRA,1,-1,0,-1
2023010474444,2023,010474444,1,9,0,99,99,9,9,99,99,9,9,99,9,99,2,9,2,2,2,44,7,1598,2,4,VAUXHALL ASTRA,4,E01003268,0,-1
2023141331602,2023,141331602,1,9,0,18,19,6,2,0,0,0,0,0,0,0,1,1,5,6,1,21,5,1598,2,6,VAUXHALL ASTRA,9,E01007926,0,-1
2023201378449,2023,201378449,1,9,0,18,19,8,4,0,0,0,0,4,0,0,1,1,6,6,2,34,6,1362,1,11,VAUXHALL ASTRA,1,E01009401,0,-1
2023010469261,2023,010469261,1,9,0,13,13,7,3,0,0,1,0,10,0,0,3,1,6,6,1,23,5,1598,1,11,VAUXHALL ASTRA,6,E01002630,0,-1
2023201378449,2023,201378449,2,9,0,2,2,0,0,9,9,0,0,0,0,0,3,1,6,6,1,51,8,1364,1,13,VAUXHALL ASTRA,1,E01009400,0,-1
2023010484334,2023,010484334,2,9,0,99,99,9,9,99,99,9,9,99,9,99,1,9,6,6,3,27,6,1598,1,16,VAUXHALL ASTRA,4,E01000608,0,-1
2023071055812,2023,071055812,1,9,0,18,19,6,2,0,0,0,0,2,0,0,1,1,6,6,2,42,7,1199,1,0,VAUXHALL ASTRA,2,E01018564,0,-1
2023320088393,2023,320088393,2,9,0,18,19,2,6,0,0,8,0,0,7,0,1,1,6,6,2,40,7,1598,2,9,VAUXHALL ASTRA,-1,-1,0,-1
2023131290096,2023,131290096,2,9,0,5,5,2,3,0,0,0,0,0,0,0,1,1,3,7,2,31,6,1398,1,11,VAUXHALL ASTRA,1,E01011504,0,-1
2023010426753,2023,010426753,1,9,0,16,19,1,5,0,0,0,0,0,0,0,4,2,6,6,1,58,9,1796,1,16,VAUXHALL ASTRA,5,E01003642,0,-1
2023231310125,2023,231310125,2,9,0,18,19,6,2,0,0,0,0,0,0,0,1,1,1,1,1,28,6,1598,2,6,VAUXHALL ASTRA,6,E01009041,0,-1
2023010468909,2023,010468909,1,9,0,9,9,8,6,0,0,1,0,0,0,0,1,1,2,2,2,35,6,1598,1,8,VAUXHALL ASTRA,3,E01001048,0,-1
2023131272599,2023,131272599,1,9,0,9,9,1,7,0,0,5,0,0,0,0,4,1,5,6,2,44,7,1598,1,10,VAUXHALL ASTRA,2,E01032487,0,-1
2023371391255,2023,371391255,2,9,0,3,3,7,3,0,0,2,0,0,0,0,2,1,5,6,2,25,5,1598,2,8,VAUXHALL ASTRA,3,E01029888,0,-1
2023501304445,2023,501304445,1,9,0,18,19,2,6,0,0,0,0,0,0,0,3,1,5,6,2,52,8,1686,2,12,VAUXHALL ASTRA,7,E01015036,0,-1
2023010457537,2023,010457537,2,9,0,6,6,1,1,0,0,0,0,0,0,0,1,1,6,6,2,28,6,1796,1,18,VAUXHALL ASTRA,2,E01004013,0,-1
2023461341298,2023,461341298,1,9,0,7,7,5,7,9,9,0,1,7,7,0,1,1,6,6,1,18,4,1598,1,14,VAUXHALL ASTRA,4,E01024694,0,-1
2023231286917,2023,231286917,2,9,0,18,19,8,4,0,0,0,0,0,0,0,3,1,6,6,2,26,6,1598,1,10,VAUXHALL ASTRA,5,E01019883,0,-1
2023161330234,2023,161330234,3,9,0,4,4,7,3,0,0,0,0,0,0,0,1,1,6,6,2,35,6,1398,1,9,VAUXHALL ASTRA,1,E01012858,0,-1
2023991360843,2023,991360843,1,9,0,18,19,3,7,0,0,3,0,0,0,0,1,1,5,6,1,36,7,1910,2,18,VAUXHALL ASTRA,9,-1,0,-1
2023201343467,2023,201343467,2,9,0,4,4,1,1,0,0,0,0,0,0,0,1,1,5,6,1,26,6,1956,2,10,VAUXHALL ASTRA,1,E01005432,0,-1
2023161351787,2023,161351787,1,9,0,9,9,3,1,0,0,8,0,0,0,0,4,1,6,6,1,24,5,1956,2,9,VAUXHALL ASTRA,10,E01013357,0,-1
2023010460466,2023,010460466,2,9,0,99,99,9,9,99,99,9,9,99,9,99,9,9,6,6,3,-1,-1,1598,1,12,VAUXHALL ASTRA,-1,-1,0,-1
202360A007748,2023,60A007748,4,9,0,3,3,6,2,0,0,2,0,0,0,0,2,1,6,6,2,75,10,1399,1,7,VAUXHALL ASTRA,-1,-1,0,-1
2023552301416,2023,552301416,1,9,0,4,4,8,4,0,0,8,0,0,0,0,1,1,1,1,1,46,8,1598,2,7,VAUXHALL ASTRA,10,E01015433,0,-1
2023170L50753,2023,170L50753,1,9,0,3,3,6,2,0,0,1,0,0,0,0,2,1,6,6,1,39,7,1598,2,6,VAUXHALL ASTRA,2,E01012134,0,-1
2023061338736,2023,061338736,3,9,0,18,19,3,7,0,0,0,0,0,0,0,2,1,5,6,1,28,6,1399,1,6,VAUXHALL ASTRA,1,E01005729,0,-1
2023141342459,2023,141342459,2,9,0,9,9,7,3,0,0,0,0,0,0,0,1,1,2,2,1,49,8,1598,2,7,VAUXHALL ASTRA,6,E01028043,0,-1
2023552300852,2023,552300852,2,9,0,13,13,6,2,0,0,0,0,0,0,0,2,1,2,2,1,20,4,1598,1,21,VAUXHALL ASTRA,9,E01020558,0,-1
2023041373116,2023,041373116,1,9,0,13,13,3,7,0,0,0,0,4,0,0,1,1,5,6,1,56,9,1598,1,21,VAUXHALL ASTRA,7,E01025361,0,-1
2023010440849,2023,010440849,1,9,0,4,4,5,1,2,2,4,0,0,0,0,4,1,1,1,1,34,6,1341,1,2,VAUXHALL ASTRA,3,E01001445,0,-1
2023440147903,2023,440147903,2,9,0,18,19,7,3,0,0,8,0,0,0,0,2,1,1,1,1,45,7,1968,2,1,SKODA OCTAVIA,4,E01032847,0,-1
2023141311234,2023,141311234,2,9,0,18,19,1,5,0,0,0,0,0,0,0,1,1,5,6,1,31,6,1598,2,10,SKODA OCTAVIA,2,E01013739,0,-1
2023211261926,2023,211261926,3,9,0,18,19,7,8,0,0,0,0,0,0,0,0,1,1,1,1,53,8,1984,1,4,SKODA OCTAVIA,7,E01029732,0,-1
2023070053474,2023,070053474,1,9,0,18,19,7,3,0,0,0,0,0,0,0,1,1,1,1,1,66,10,1598,2,8,SKODA OCTAVIA,2,E01005430,0,-1
2023010435100,2023,010435100,4,8,0,3,3,3,7,0,0,2,0,0,0,0,3,1,1,1,1,36,7,999,8,1,SKODA OCTAVIA,7,E01024101,0,-1
2023302300935,2023,302300935,2,9,0,18,19,8,4,0,0,1,0,0,0,0,1,1,6,6,3,30,6,1390,1,14,SKODA OCTAVIA,8,E01019609,0,-1
2023320527425,2023,320527425,2,9,0,18,19,2,6,0,0,1,0,0,0,0,2,1,6,6,2,42,7,1968,2,16,SKODA OCTAVIA,7,E01026372,0,-1
2023332300509,2023,332300509,1,9,0,18,19,3,7,0,0,0,5,0,1,11,1,1,6,6,1,35,6,1984,1,16,SKODA OCTAVIA,8,E01032598,0,-1
2023141354612,2023,141354612,3,9,0,2,2,0,0,0,0,1,0,0,0,0,3,1,1,1,1,29,6,1968,2,7,SKODA OCTAVIA,2,E01008089,0,-1
2023501273569,2023,501273569,2,9,0,18,19,6,2,0,0,0,0,0,0,0,1,1,2,2,1,57,9,1968,2,15,SKODA OCTAVIA,1,E01018933,0,-1
2023041370393,2023,041370393,1,9,0,9,9,1,7,0,0,3,0,0,1,7,1,1,1,1,1,28,6,1968,2,8,SKODA OCTAVIA,1,E01010700,0,-1
2023101302434,2023,101302434,2,8,0,18,19,2,6,0,0,0,0,0,0,0,1,1,1,1,1,26,6,1598,2,7,SKODA OCTAVIA,2,E01008450,0,-1
2023440294581,2023,440294581,1,3,0,18,19,6,2,0,0,7,0,0,0,0,1,1,6,6,1,19,4,125,1,1,-1,5,E01023079,0,-1
2023131310209,2023,131310209,1,9,0,-1,-1,-1,-1,-1,-1,0,-1,-1,-1,-1,-1,1,6,6,3,-1,-1,-1,-1,-1,-1,-1,-1,0,-1
2023440131381,2023,440131381,1,9,0,3,3,5,1,0,0,1,0,0,0,0,2,1,6,6,1,45,7,-1,-1,-1,-1,5,E01022616,0,-1
2023010423949,2023,010423949,2,1,0,18,19,4,8,5,5,1,0,0,0,0,1,1,6,6,1,20,4,-1,-1,-1,-1,3,E01015927,0,-1
2023471370035,2023,471370035,2,9,0,18,19,7,3,0,0,0,0,2,0,0,1,1,6,6,3,-1,-1,-1,-1,-1,-1,-1,-1,0,-1
2023041301327,2023,041301327,1,1,0,18,19,1,5,0,0,8,5,0,0,0,3,1,4,7,1,16,4,-1,-1,-1,-1,5,E01025243,0,-1
2023311267679,2023,311267679,1,9,0,7,7,5,1,9,9,5,0,0,1,0,4,1,6,6,2,30,6,-1,-1,-1,-1,-1,-1,0,-1
2023531283281,2023,531283281,1,1,0,18,19,1,5,0,0,2,2,0,0,0,3,1,6,6,1,13,3,-1,-1,-1,-1,10,E01022112,0,-1
2023141311063,2023,141311063,2,1,0,18,19,4,8,0,0,1,0,0,0,0,1,1,6,6,2,24,5,-1,-1,-1,-1,1,E01007677,0,-1
2023141330577,2023,141330577,3,9,0,3,3,6,2,0,0,0,0,0,0,0,2,1,6,6,1,56,9,-1,-1,-1,-1,3,E01007480,0,-1
2023010484334,2023,010484334,1,1,9,99,99,9,9,99,99,9,9,99,9,99,9,1,2,2,1,31,6,-1,-1,-1,-1,3,E01000222,0,-1
2023101274116,2023,101274116,2,90,5,18,19,1,5,0,0,2,0,0,0,0,0,1,1,1,1,28,6,-1,-1,-1,-1,3,E01008298,0,-1
2023010469651,2023,010469651,2,98,0,99,99,9,9,99,99,9,9,99,9,99,9,9,6,6,3,-1,-1,-1,-1,-1,-1,-1,-1,0,-1
2023070088879,2023,070088879,2,21,2,4,4,7,3,0,0,0,0,2,0,0,2,2,1,1,1,23,5,-1,-1,-1,-1,-1,-1,0,-1
2023141354612,2023,141354612,2,9,0,2,2,0,0,0,0,2,0,0,0,0,3,1,1,1,1,35,6,-1,-1,-1,-1,3,E01033272,0,-1
2023010472076,2023,010472076,2,1,0,18,19,7,3,0,0,1,0,0,0,0,4,1,6,6,1,56,9,-1,-1,-1,-1,4,E01002873,0,-1
2023421323138,2023,421323138,2,1,0,18,19,3,1,0,0,1,0,0,0,0,1,1,2,2,2,40,7,-1,-1,-1,-1,7,E01015822,0,-1
2023010426381,2023,010426381,2,9,0,9,9,1,7,0,0,1,0,0,0,0,1,1,6,6,3,-1,-1,-1,-1,-1,-1,-1,-1,0,-1
2023211353429,2023,211353429,2,9,0,18,19,3,7,0,0,4,0,0,0,0,1,1,6,6,1,50,8,-1,-1,-1,-1,-1,-1,0,-1
2023351340554,2023,351340554,2,1,0,18,19,4,8,0,0,0,0,0,0,0,1,1,2,2,1,36,7,-1,-1,-1,-1,7,E01018127,0,-1
2023131395630,2023,131395630,2,90,0,18,19,1,5,0,0,0,0,0,0,0,2,1,6,6,1,32,6,-1,-1,-1,-1,1,E01010755,0,-1
2023041375877,2023,041375877,1,1,0,18,19,7,3,0,0,6,0,0,0,0,1,1,6,6,1,23,5,-1,-1,-1,-1,1,E01025248,0,-1
2023302300676,2023,302300676,1,9,0,18,19,4,8,0,0,0,0,0,0,0,1,1,2,2,2,45,7,-1,-1,-1,-1,7,E01019771,0,-1
2023010452786,2023,010452786,2,1,0,9,9,7,4,0,0,5,0,0,0,0,2,1,6,6,1,23,5,-1,-1,-1,-1,2,E01003578,0,-1
2023430442795,2023,430442795,2,1,0,18,19,4,8,0,0,1,0,0,0,0,1,1,2,2,2,23,5,-1,-1,-1,-1,8,E01017814,0,-1
2023010460911,2023,010460911,1,9,0,99,99,9,9,99,99,9,9,99,9,99,1,9,6,6,3,-1,-1,-1,-1,-1,-1,-1,-1,0,-1
2023320161868,2023,320161868,1,9,0,18,19,8,4,0,0,0,0,0,0,0,1,1,6,6,3,-1,-1,-1,-1,-1,-1,-1,-1,0,-1
202363A031223,2023,63A031223,3,9,0,4,4,6,2,0,0,0,0,0,0,0,2,1,6,6,1,50,8,-1,-1,-1,-1,-1,-1,0,-1
2023010464137,2023,010464137,2,1,0,13,13,7,3,0,0,0,1,0,0,0,3,1,6,6,1,50,8,-1,-1,-1,-1,2,E01004423,0,-1
2023061300933,2023,061300933,1,1,0,17,19,3,7,0,0,8,0,0,0,0,1,1,5,6,1,52,8,-1,-1,-1,-1,9,E01005747,0,-1
2023122300930,2023,122300930,2,1,0,5,5,1,5,0,0,8,0,0,0,0,1,1,1,1,2,28,6,-1,-1,-1,-1,8,E01027621,0,-1
2023430368131,2023,430368131,2,1,0,18,19,4,8,0,0,8,0,0,0,0,1,1,6,6,2,54,8,-1,-1,-1,-1,10,E01032763,0,-1
2023451369024,2023,451369024,2,9,0,4,4,3,7,0,0,8,1,0,0,0,1,1,6,6,1,34,6,-1,-1,-1,-1,-1,-1,0,-1
2023010451152,2023,010451152,1,1,9,99,99,9,9,99,99,9,9,99,9,99,1,1,2,2,1,36,7,-1,-1,-1,-1,5,E01021493,0,-1
2023010451014,2023,010451014,2,1,0,18,19,5,1,0,0,1,0,0,1,0,1,1,2,2,1,49,8,-1,-1,-1,-1,3,E01004573,0,-1
2023010460158,2023,010460158,2,9,0,99,99,9,9,99,99,9,9,99,9,99,1,9,6,6,3,-1,-1,-1,-1,-1,-1,-1,-1,0,-1
2023010474918,2023,010474918,2,9,0,99,99,9,9,99,99,9,9,99,9,99,1,9,6,6,3,-1,-1,-1,-1,-1,-1,-1,-1,0,-1
2023302301441,2023,302301441,1,17,0,2,2,0,0,0,0,0,0,0,0,0,2,1,1,1,1,42,7,-1,-1,-1,-1,6,E01019594,0,-1
2023101321393,2023,101321393,1,23,0,13,13,3,7,0,0,1,0,0,0,0,1,1,6,6,1,30,6,-1,-1,-1,-1,3,E01008769,0,-1
2023461314022,2023,461314022,3,19,0,4,4,3,7,0,0,0,0,0,0,0,2,1,2,2,1,61,9,-1,-1,-1,-1,3,E01002279,0,-1
2023401276128,2023,401276128,1,98,0,18,19,5,1,0,0,0,0,0,0,0,1,1,1,1,1,31,6,-1,-1,-1,-1,-1,-1,0,-1
2023320624660,2023,320624660,2,9,0,18,19,6,2,0,0,1,0,0,7,0,1,1,6,6,1,22,5,-1,-1,-1,-1,8,E01026258,0,-1
2023211261926,2023,211261926,2,9,0,5,5,4,1,0,0,0,0,0,0,0,1,1,5,6,2,20,4,-1,-1,-1,-1,-1,-1,0,-1
2023010461876,2023,010461876,1,1,9,99,99,9,9,99,99,0,9,99,9,99,1,1,6,6,1,26,6,-1,-1,-1,-1,9,E01001386,0,-1
2023411267944,2023,411267944,1,9,0,4,4,5,1,0,0,0,0,0,0,0,1,1,6,6,1,92,11,-1,-1,-1,-1,7,E01023736,0,-1
2023451342904,2023,451342904,4,9,0,18,19,3,7,0,0,0,0,0,0,0,2,1,1,1,1,32,6,-1,-1,-1,-1,6,E01030818,0,-1
2023010449233,2023,010449233,1,9,9,99,99,9,9,99,99,9,9,99,9,99,9,9,6,6,3,-1,-1,-1,-1,-1,-1,-1,-1,0,-1
2023041381912,2023,041381912,2,9,0,18,19,7,3,0,0,0,0,-1,-1,0,1,1,6,6,3,-1,-1,-1,-1,-1,-1,-1,-1,0,-1
2023061348389,2023,061348389,1,9,0,18,19,6,2,0,0,0,0,0,0,0,1,1,6,6,3,-1,-1,-1,-1,-1,-1,-1,-1,0,-1
2023010435071,2023,010435071,1,1,9,99,99,9,9,99,99,0,9,99,9,99,1,1,2,2,1,46,8,-1,-1,-1,-1,9,E01024183,0,-1
2023991264443,2023,991264443,1,9,0,18,19,8,4,0,0,0,0,0,0,0,1,1,5,6,1,48,8,-1,-1,-1,-1,3,-1,0,-1
2023041294143,2023,041294143,1,9,0,18,19,3,7,0,0,1,0,0,0,0,-1,1,6,6,3,-1,-1,-1,-1,-1,-1,-1,-1,0,-1
2023991321453,2023,991321453,1,1,0,18,19,4,7,0,0,0,0,0,0,0,1,1,1,1,1,50,8,-1,-1,-1,-1,10,-1,0,-1
2023010436762,2023,010436762,2,19,0,4,4,6,2,0,0,8,0,0,0,0,2,1,6,6,1,53,8,-1,-1,-1,-1,10,E01003859,0,-1
2023041313107,2023,041313107,1,9,0,18,19,7,3,0,0,8,0,2,0,0,1,1,6,6,1,44,7,-1,-1,-1,-1,5,E01025541,0,-1
2023421366851,2023,421366851,2,23,0,9,9,8,5,0,0,2,0,0,0,0,3,1,2,2,1,56,9,-1,-1,-1,-1,7,E01022088,0,-1
2023041301795,2023,041301795,2,90,0,2,2,0,0,0,0,0,0,0,0,0,3,1,6,6,3,-1,-1,-1,-1,-1,-1,-1,-1,0,-1
2023411380897,2023,411380897,1,1,0,13,13,8,5,0,0,2,1,0,0,0,4,1,2,2,1,45,7,-1,-1,-1,-1,7,E01023901,0,-1
202363A017323,2023,63A017323,1,9,0,16,19,1,4,0,0,8,0,0,0,0,1,1,6,6,3,-1,-1,-1,-1,-1,-1,-1,-1,0,-1
2023531342136,2023,531342136,2,98,0,2,2,0,0,9,9,0,0,0,0,0,2,1,6,6,3,-1,-1,-1,-1,-1,-1,-1,-1,0,-1
2023010475738,2023,010475738,2,97,0,99,99,9,9,99,99,9,9,99,9,99,9,1,6,6,3,-1,-1,-1,-1,-1,-1,-1,-1,0,-1
2023141355009,2023,141355009,1,9,0,18,19,2,6,0,0,0,0,0,0,0,4,1,6,6,3,-1,-1,-1,-1,-1,-1,-1,-1,0,-1
2023991272848,2023,991272848,2,9,0,18,19,8,4,0,0,0,0,0,0,0,2,1,5,6,1,55,8,-1,-1,-1,-1,-1,-1,0,-1
2023131367418,2023,131367418,1,9,0,-1,-1,-1,-1,-1,-1,-1,-1,-1,-1,-1,-1,1,6,6,3,-1,-1,-1,-1,-1,-1,-1,-1,0,-1
2023010422314,2023,010422314,1,9,0,99,99,9,9,99,99,9,9,99,9,99,2,9,6,6,2,22,5,-1,-1,-1,-1,6,E01000262,0,-1
2023010448696,2023,010448696,2,1,0,18,19,7,3,0,0,0,0,0,0,0,3,1,6,6,1,44,7,-1,-1,-1,-1,3,E01004373,0,-1
2023041295585,2023,041295585,1,9,0,1,1,-1,-1,0,0,0,0,0,0,0,2,1,6,6,3,-1,-1,-1,-1,-1,-1,-1,-1,0,-1
2023010439855,2023,010439855,2,9,0,99,99,9,9,99,99,9,9,99,9,99,9,9,6,6,3,-1,-1,-1,-1,-1,-1,-1,-1,0,-1
2023161350746,2023,161350746,1,9,0,9,9,8,4,0,0,1,0,0,0,0,4,1,5,6,1,53,8,-1,-1,-1,-1,5,E01013249,0,-1
2023010455651,2023,010455651,1,19,0,1,1,2,4,0,0,2,0,0,0,0,2,1,6,6,3,-1,-1,-1,-1,-1,-1,-1,-1,0,-1
2023371389348,2023,371389348,2,19,0,18,19,7,3,0,0,0,0,0,0,0,2,1,1,1,2,25,5,-1,-1,-1,-1,6,E01015363,0,-1
2023201372705,2023,201372705,1,9,0,18,19,4,8,0,0,0,0,0,0,0,1,1,6,6,1,-1,-1,-1,-1,-1,-1,-1,-1,0,-1
2023231377720,2023,231377720,2,1,0,18,19,3,7,0,0,4,0,0,0,0,1,1,2,2,2,57,9,-1,-1,-1,-1,1,E01031273,0,-1
2023302301823,2023,302301823,1,9,0,16,19,2,6,0,0,0,1,2,7,11,3,1,6,6,2,28,6,-1,-1,-1,-1,1,E01011133,0,-1
2023481387644,2023,481387644,1,1,0,18,19,3,7,0,0,1,0,2,0,0,1,1,5,6,1,32,6,-1,-1,-1,-1,-1,-1,0,-1
2023010434729,2023,010434729,2,1,0,18,19,3,7,0,0,0,0,0,0,0,1,1,6,6,1,33,6,-1,-1,-1,-1,4,E01002970,0,-1
2023430482863,2023,430482863,1,9,0,2,2,0,0,0,0,0,0,0,0,0,3,1,1,1,1,60,9,-1,-1,-1,-1,-1,-1,0,-1
2023041389834,2023,041389834,1,1,0,18,19,1,5,0,0,0,0,0,0,0,1,1,6,6,1,56,9,-1,-1,-1,-1,-1,-1,0,-1
2023461328876,2023,461328876,2,19,0,17,19,3,7,0,0,8,1,2,3,1,4,1,5,6,2,34,6,-1,-1,-1,-1,6,E01021087,0,-1
2023201370254,2023,201370254,2,33,0,18,19,7,3,0,0,1,0,0,0,0,1,1,5,6,1,19,4,-1,-1,-1,-1,1,E01033636,1,-1
2023371305694,2023,371305694,2,1,0,2,2,0,0,0,0,0,0,0,0,0,2,1,6,6,1,60,9,-1,-1,-1,-1,8,E01030042,0,-1
2023440060797,2023,440060797,1,33,0,18,19,4,8,0,0,0,0,0,0,0,1,1,6,6,1,15,3,-1,-1,-1,-1,1,E01017037,1,-1
2023451326724,2023,451326724,1,9,0,4,4,1,5,0,0,0,0,0,0,0,0,1,6,6,3,35,6,-1,-1,-1,-1,-1,-1,0,-1
2023991295345,2023,991295345,2,90,0,2,2,5,8,0,0,0,0,0,0,0,2,1,1,1,1,49,8,-1,-1,-1,-1,2,-1,0,-1
2023211346486,2023,211346486,2,3,0,4,4,1,5,0,0,0,0,0,0,0,1,1,2,2,1,29,6,-1,-1,-1,-1,2,E01029409,0,-1
2023361292550,2023,361292550,2,1,0,18,19,7,3,0,0,2,0,0,0,0,2,1,2,2,1,45,7,-1,-1,-1,-1,1,E01026626,0,-1
2023010452516,2023,010452516,2,33,0,18,19,5,1,0,0,8,0,0,0,0,1,1,6,6,1,26,6,-1,-1,-1,-1,4,E01000546,1,-1
2023430533101,2023,430533101,1,1,0,18,19,8,4,0,0,8,0,0,0,0,1,1,6,6,1,17,4,-1,-1,-1,-1,6,E01002567,0,-1
2023211353429,2023,211353429,1,1,0,18,19,3,7,0,0,4,0,0,0,0,4,1,2,2,1,22,5,-1,-1,-1,-1,1,E01014287,0,-1
2023451285986,2023,451285986,1,19,0,18,19,2,6,0,0,1,0,0,0,0,3,1,6,6,1,30,6,-1,-1,-1,-1,-1,-1,0,-1
2023461394806,2023,461394806,1,1,0,18,19,5,1,0,0,0,0,0,0,0,4,1,2,2,2,58,9,-1,-1,-1,-1,6,E01024062,0,-1
2023141331602,2023,141331602,2,9,0,4,4,7,2,0,0,0,0,0,0,0,0,1,6,6,3,43,7,-1,-1,-1,-1,-1,-1,0,-1
2023201391452,2023,201391452,7,9,0,18,19,4,8,0,0,0,0,0,0,0,2,1,5,6,1,56,9,-1,-1,-1,-1,10,E01025352,0,-1
2023311347175,2023,311347175,1,9,0,3,3,6,2,0,0,0,0,0,0,0,2,1,5,6,2,30,6,-1,-1,-1,-1,-1,-1,0,-1
2023320570331,2023,320570331,1,9,0,18,19,4,8,0,0,4,0,0,0,0,1,1,6,6,2,-1,-1,-1,-1,-1,-1,-1,-1,0,-1
2023461318166,2023,461318166,2,9,0,18,19,3,7,0,0,3,0,0,0,0,1,1,6,6,2,30,6,-1,-1,-1,-1,7,E01032822,0,-1
2023052301009,2023,052301009,2,1,0,18,19,1,5,0,0,8,0,10,1,10,2,1,6,6,1,44,7,-1,-1,-1,-1,8,E01007142,0,-1
2023131384515,2023,131384515,2,33,0,18,19,3,7,0,0,0,5,0,0,0,1,1,6,6,1,49,8,-1,-1,-1,-1,1,E01010744,1,-1
2023430311036,2023,430311036,2,9,0,18,19,4,8,0,0,2,0,0,0,0,4,1,6,6,1,37,7,-1,-1,-1,-1,4,E01016273,0,-1
2023010430218,2023,010430218,1,1,9,99,99,9,9,99,99,9,9,99,9,99,9,1,6,6,1,35,6,-1,-1,-1,-1,3,E01004563,0,-1
2023041348037,2023,041348037,1,9,0,18,19,1,5,0,0,0,0,0,0,0,-1,1,6,6,3,-1,-1,-1,-1,-1,-1,-1,-1,0,-1
2023131316053,2023,131316053,4,9,0,18,19,1,7,0,0,1,0,0,0,0,1,1,6,6,1,57,9,-1,-1,-1,-1,1,E01011368,0,-1
2023010460466,2023,010460466,1,1,9,99,99,9,9,99,99,9,9,99,9,99,1,1,2,2,1,28,6,-1,-1,-1,-1,3,E01002781,0,-1
2023010476613,2023,010476613,1,1,9,18,19,9,9,99,99,9,9,99,9,99,1,1,2,2,2,30,6,-1,-1,-1,-1,5,E01003279,0,-1
2023010479751,2023,010479751,1,3,0,99,99,9,9,99,99,9,9,99,9,99,1,9,6,6,3,-1,-1,-1,-1,-1,-1,-1,-1,0,-1
2023010449332,2023,010449332,1,1,0,18,19,1,5,0,0,8,0,0,0,0,1,1,2,2,1,29,6,-1,-1,-1,-1,-1,-1,0,-1
2023201375350,2023,201375350,1,4,0,14,14,7,3,0,0,0,0,0,0,0,1,1,2,2,1,22,5,-1,-1,-1,-1,1,E01010037,0,-1
2023010441397,2023,010441397,1,1,9,99,99,9,9,99,99,9,9,99,9,99,1,1,2,2,1,34,6,-1,-1,-1,-1,5,E01004370,0,-1
2023010477532,2023,010477532,2,1,0,18,19,5,1,0,0,2,0,0,0,0,1,1,6,6,1,34,6,-1,-1,-1,-1,2,E01001754,0,-1
2023361311167,2023,361311167,2,9,0,3,3,3,7,0,0,0,0,0,0,0,2,1,6,6,1,55,8,-1,-1,-1,-1,5,E01026443,0,-1
2023991294553,2023,991294553,2,9,0,4,4,2,6,0,0,2,0,0,0,0,2,1,6,6,1,50,8,-1,-1,-1,-1,8,-1,0,-1
2023010425345,2023,010425345,1,9,0,18,19,4,8,0,0,8,0,0,0,0,1,1,6,6,3,-1,-1,-1,-1,-1,-1,-1,-1,0,-1
2023131283064,2023,131283064,1,9,0,-1,-1,-1,-1,0,0,0,-1,-1,-1,-1,-1,1,6,6,2,45,7,-1,-1,-1,-1,-1,-1,0,-1
2023991314252,2023,991314252,2,33,0,13,13,3,7,0,0,8,0,0,0,0,4,1,6,6,1,39,7,-1,-1,-1,-1,2,-1,1,-1
2023010441207,2023,010441207,1,1,9,99,99,9,9,99,99,9,9,99,9,99,9,1,6,6,1,41,7,-1,-1,-1,-1,3,E01002102,0,-1
2023010449161,2023,010449161,2,1,0,18,19,1,5,0,0,8,0,0,0,0,4,1,6,6,1,41,7,-1,-1,-1,-1,6,E01001393,0,-1
2023010482736,2023,010482736,3,1,0,5,5,7,3,9,9,0,0,11,0,0,1,1,2,2,2,47,8,-1,-1,-1,-1,5,E01001880,0,-1
2023010450759,2023,010450759,2,1,0,13,13,5,1,0,0,0,0,0,0,0,1,1,6,6,2,29,6,-1,-1,-1,-1,4,E01001855,0,-1
2023161291370,2023,161291370,1,9,0,15,15,7,3,0,0,0,0,0,0,0,0,1,6,6,3,-1,-1,-1,-1,-1,-1,-1,-1,0,-1
2023201267121,2023,201267121,1,9,0,18,19,2,6,0,0,4,0,0,0,0,2,1,6,6,3,-1,-1,-1,-1,-1,-1,-1,-1,0,-1
2023010472270,2023,010472270,1,1,9,99,99,9,9,99,99,0,9,99,9,99,9,1,1,1,1,23,5,-1,-1,-1,-1,2,E01003049,0,-1
2023311268531,2023,311268531,2,1,0,5,5,3,7,0,0,4,2,0,0,0,1,1,6,6,1,45,7,-1,-1,-1,-1,10,E01013984,0,-1
2023302300676,2023,302300676,2,11,0,3,3,4,8,0,0,0,0,0,0,0,0,1,3,7,3,-1,-1,-1,-1,-1,-1,5,E01019456,0,-1
2023122300543,2023,122300543,1,9,0,9,9,5,3,0,0,8,0,0,0,0,1,1,6,6,3,-1,-1,-1,-1,-1,-1,-1,-1,0,-1
2023122301343,2023,122301343,2,1,0,9,9,5,2,0,0,8,0,0,0,0,1,1,1,1,1,22,5,-1,-1,-1,-1,7,E01013346,0,-1
2023351341568,2023,351341568,2,1,0,9,9,6,4,0,0,8,0,0,0,0,1,1,1,1,1,27,6,-1,-1,-1,-1,5,E01017960,0,-1
2023052300842,2023,052300842,1,9,0,18,19,3,7,0,0,3,0,10,1,11,1,1,6,6,3,-1,-1,-1,-1,-1,-1,-1,-1,0,-1
2023010471287,2023,010471287,2,9,0,99,99,9,9,99,99,0,9,99,9,99,9,9,6,6,3,-1,-1,-1,-1,-1,-1,-1,-1,0,-1
2023141292818,2023,141292818,1,9,0,5,5,6,2,0,0,0,0,0,0,0,1,1,6,6,3,-1,-1,-1,-1,-1,-1,-1,-1,0,-1
2023440005738,2023,440005738,1,21,1,12,12,1,5,0,0,0,0,0,0,0,3,1,1,1,1,25,5,-1,-1,-1,-1,-1,-1,0,-1
2023501350570,2023,501350570,1,9,0,18,19,6,2,0,0,8,0,0,0,0,1,1,2,2,1,51,8,-1,-1,-1,-1,3,E01019053,0,-1
2023010441446,2023,010441446,2,9,0,99,99,9,9,99,99,9,9,99,9,99,1,9,6,6,3,-1,-1,-1,-1,-1,-1,-1,-1,0,-1
2023010475738,2023,010475738,1,1,9,99,99,9,9,99,99,9,9,99,9,99,9,1,2,2,1,28,6,-1,-1,-1,-1,2,E01000870,0,-1
2023010468159,2023,010468159,2,9,0,18,19,5,1,0,0,8,0,0,0,0,1,1,6,6,3,-1,-1,-1,-1,-1,-1,-1,-1,0,-1
2023161373935,2023,161373935,2,9,0,3,3,4,7,0,0,0,0,0,0,0,1,1,6,6,2,35,6,-1,-1,-1,-1,-1,-1,0,-1
2023221399953,2023,221399953,2,1,0,9,9,3,1,0,0,6,0,0,0,0,1,1,5,6,1,15,3,-1,-1,-1,-1,10,E01028949,0,-1
2023451320443,2023,451320443,2,9,0,12,12,5,1,0,0,0,0,0,0,0,2,1,6,6,1,30,6,-1,-1,-1,-1,-1,-1,0,-1
2023552300826,2023,552300826,1,9,0,6,6,1,1,0,0,0,0,0,0,0,1,1,6,6,3,-1,-1,-1,-1,-1,-1,-1,-1,0,-1
2023010439611,2023,010439611,1,1,0,18,19,3,7,0,0,2,0,0,0,0,1,1,1,1,1,19,4,-1,-1,-1,-1,1,E01003246,0,-1
2023161271121,2023,161271121,1,9,0,18,19,5,1,0,0,0,0,0,0,0,4,1,6,6,1,31,6,-1,-1,-1,-1,7,E01013186,0,-1
2023451355625,2023,451355625,1,9,0,18,19,1,5,0,0,0,0,0,0,0,1,1,5,6,1,33,6,-1,-1,-1,-1,-1,-1,0,-1
2023010481170,2023,010481170,1,9,0,99,99,9,9,99,99,9,9,99,9,99,9,1,6,6,3,-1,-1,-1,-1,-1,-1,-1,-1,0,-1
2023131310829,2023,131310829,2,9,0,18,19,3,3,0,0,0,0,0,0,0,2,1,1,1,1,77,11,-1,-1,-1,-1,3,E01006335,0,-1
2023471347557,2023,471347557,1,9,0,7,7,7,2,0,0,6,0,0,0,0,1,1,5,6,2,-1,-1,-1,-1,-1,-1,-1,-1,0,-1
2023010428458,2023,010428458,2,9,0,18,19,1,5,0,0,2,0,0,0,0,0,2,6,6,3,-1,-1,-1,-1,-1,-1,-1,-1,0,-1
2023101296425,2023,101296425,1,9,0,18,19,1,5,0,0,0,0,0,0,0,1,1,6,6,3,-1,-1,-1,-1,-1,-1,-1,-1,0,-1
2023231286917,2023,231286917,1,21,1,12,12,8,4,0,0,0,0,0,0,0,4,1,1,1,1,55,8,-1,-1,-1,-1,7,E01012371,0,-1
2023451294822,2023,451294822,4,9,0,18,19,7,3,0,0,0,0,0,0,0,2,1,5,6,1,52,8,-1,-1,-1,-1,8,E01030544,0,-1
2023610028723,2023,610028723,2,22,0,18,19,3,7,0,0,8,0,0,0,0,4,1,6,6,2,37,7,-1,-1,-1,-1,1,W01001643,0,-1
2023141326388,2023,141326388,1,9,0,18,19,7,3,0,0,1,2,2,0,0,1,1,1,1,1,27,6,-1,-1,-1,-1,7,E01007483,0,-1
2023010426381,2023,010426381,1,1,0,18,19,5,1,0,0,1,0,0,0,0,1,1,1,1,1,30,6,-1,-1,-1,-1,6,E01002128,0,-1
2023430303933,2023,430303933,2,1,0,18,19,4,8,0,0,1,0,0,0,0,4,1,6,6,1,77,11,-1,-1,-1,-1,7,E01016285,0,-1
2023010471287,2023,010471287,1,1,9,99,99,9,9,99,99,0,9,99,9,99,9,1,6,6,2,32,6,-1,-1,-1,-1,4,E01004396,0,-1
2023101319108,2023,101319108,1,9,0,11,11,7,3,0,0,0,0,0,0,0,0,1,6,6,3,-1,-1,-1,-1,-1,-1,-1,-1,0,-1
2023010434508,2023,010434508,1,19,9,99,99,9,9,99,99,9,9,99,9,99,2,9,6,6,3,-1,-1,-1,-1,-1,-1,-1,-1,0,-1
2023010473895,2023,010473895,2,1,0,18,19,7,3,0,0,1,0,0,0,0,1,1,1,1,2,29,6,-1,-1,-1,-1,8,E01004058,0,-1
2023010474310,2023,010474310,2,9,0,99,99,9,9,99,99,9,9,99,9,99,9,9,6,6,3,-1,-1,-1,-1,-1,-1,2,E01003500,0,-1
2023141350522,2023,141350522,3,9,0,18,19,2,4,0,0,2,0,0,0,0,1,1,1,1,1,63,9,-1,-1,-1,-1,1,E01007530,0,-1
2023010452996,2023,010452996,2,9,0,7,7,8,2,0,0,8,0,0,0,0,1,9,6,6,1,30,6,-1,-1,-1,-1,3,E01000622,0,-1
2023991321265,2023,991321265,1,17,0,18,19,3,7,0,0,0,2,2,0,0,4,1,6,6,1,27,6,-1,-1,-1,-1,7,-1,0,-1
2023052301009,2023,052301009,1,9,0,18,19,1,5,0,0,1,0,0,0,0,1,1,6,6,2,68,10,-1,-1,-1,-1,7,E01007265,0,-1
2023071213986,2023,071213986,1,19,0,4,4,5,1,0,0,0,0,0,0,0,1,1,2,2,1,33,6,-1,-1,-1,-1,7,E01006245,0,-1
2023141357952,2023,141357952,2,9,0,18,19,5,1,0,0,0,0,0,0,0,1,1,6,6,3,-1,-1,-1,-1,-1,-1,-1,-1,0,-1
2023010480083,2023,010480083,2,1,0,7,7,3,6,0,0,8,0,0,0,0,4,1,6,6,1,39,7,-1,-1,-1,-1,2,E01001731,0,-1
2023010463068,2023,010463068,1,5,0,99,99,9,9,99,99,9,9,99,9,99,1,1,6,6,3,-1,-1,-1,-1,-1,-1,-1,-1,0,-1
2023440025213,2023,440025213,1,9,0,18,19,2,6,0,0,0,0,0,0,0,1,1,1,1,1,39,7,-1,-1,-1,-1,2,E01031558,0,-1
2023552301189,2023,552301189,1,1,0,18,19,6,2,0,0,8,0,0,0,0,1,1,4,7,1,13,3,-1,-1,-1,-1,9,E01015316,0,-1
2023010470362,2023,010470362,2,1,0,14,14,3,7,0,0,1,0,0,0,0,1,1,2,2,1,54,8,-1,-1,-1,-1,6,E01002135,0,-1
2023430020557,2023,430020557,1,1,0,17,19,6,3,0,0,8,0,0,0,0,0,1,6,6,1,27,6,-1,-1,-1,-1,10,E01017874,0,-1
2023010456200,2023,010456200,1,1,0,18,19,2,6,0,0,1,1,2,0,0,1,1,6,6,1,49,8,-1,-1,-1,-1,9,E01003892,0,-1
2023111369351,2023,111369351,1,9,0,18,19,1,5,0,0,0,0,0,0,0,1,1,6,6,1,66,10,-1,-1,-1,-1,-1,-1,0,-1
2023131268506,2023,131268506,2,8,0,3,3,3,7,0,0,8,0,0,0,0,2,1,1,1,1,64,9,-1,-1,-1,-1,5,E01011202,0,-1
2023131387479,2023,131387479,1,9,0,-1,-1,-1,-1,-1,-1,0,-1,-1,-1,-1,-1,1,6,6,3,-1,-1,-1,-1,-1,-1,-1,-1,0,-1
2023320527425,2023,320527425,3,9,0,4,4,2,6,0,0,1,0,0,0,0,2,1,6,6,1,55,8,-1,-1,-1,-1,5,E01033414,0,-1
2023430334851,2023,430334851,1,1,0,18,19,3,7,0,0,0,0,0,0,0,1,1,6,6,1,-1,-1,-1,-1,-1,-1,-1,-1,0,-1
2023010464770,2023,010464770,1,1,9,99,99,9,9,99,99,9,9,99,9,99,1,1,2,2,1,36,7,-1,-1,-1,-1,10,E01030403,0,-1
2023041380123,2023,041380123,2,1,0,18,19,7,3,0,0,4,0,0,0,0,3,1,6,6,1,63,9,-1,-1,-1,-1,6,E01025433,0,-1
2023061268555,2023,061268555,2,1,0,5,5,5,1,0,0,0,0,0,0,0,2,1,6,6,2,35,6,-1,-1,-1,-1,5,E01004975,0,-1
2023010454287,2023,010454287,1,1,9,99,99,9,9,99,99,9,9,99,9,99,1,1,6,6,3,-1,-1,-1,-1,-1,-1,-1,-1,0,-1
2023351340709,2023,351340709,1,1,0,18,19,1,5,0,0,0,0,0,0,0,2,1,5,6,1,19,4,-1,-1,-1,-1,10,E01018272,0,-1
2023010461798,2023,010461798,2,33,9,99,99,9,9,99,99,9,9,99,9,99,9,1,6,6,1,-1,-1,-1,-1,-1,-1,-1,-1,1,-1
2023010474493,2023,010474493,1,1,9,99,99,9,9,99,99,9,9,99,9,99,1,1,6,6,1,22,5,-1,-1,-1,-1,-1,-1,0,-1
2023041373116,2023,041373116,3,9,0,4,4,0,3,0,0,0,0,0,0,0,1,1,1,1,1,24,5,-1,-1,-1,-1,5,E01025009,0,-1
2023111332855,2023,111332855,2,1,0,5,5,4,8,0,0,6,0,0,2,0,1,1,5,6,1,63,9,-1,-1,-1,-1,2,E01020763,0,-1
2023201372705,2023,201372705,2,1,0,18,19,4,8,0,0,0,0,0,0,0,1,1,6,6,1,30,6,-1,-1,-1,-1,4,E01009289,0,-1
2023010453826,2023,010453826,1,1,9,99,99,9,9,99,99,9,9,99,9,99,9,1,1,1,1,28,6,-1,-1,-1,-1,2,E01003619,0,-1
2023010453826,2023,010453826,2,9,9,99,99,9,9,99,99,9,9,99,9,99,9,9,6,6,3,-1,-1,-1,-1,-1,-1,-1,-1,0,-1
2023010472761,2023,010472761,2,1,0,7,7,3,5,0,0,6,0,0,0,0,1,1,6,6,2,18,4,-1,-1,-1,-1,3,E01000948,0,-1
2023440303934,2023,440303934,1,1,0,18,19,1,5,0,0,0,0,0,0,0,3,1,6,6,1,20,4,-1,-1,-1,-1,10,E01022629,0,-1
2023351342282,2023,351342282,2,22,0,18,19,5,1,0,0,0,0,0,0,0,3,1,6,6,3,-1,-1,-1,-1,-1,-1,-1,-1,0,-1
2023010446138,2023,010446138,2,9,0,99,99,9,9,99,99,9,9,99,9,99,1,9,6,6,3,-1,-1,-1,-1,-1,-1,-1,-1,0,-1
2023161330840,2023,161330840,2,9,0,18,19,2,6,0,0,0,0,0,0,0,3,1,1,1,2,39,7,-1,-1,-1,-1,-1,-1,0,-1
2023010484025,2023,010484025,1,90,9,99,99,9,9,99,99,9,9,99,9,99,2,9,6,6,1,21,5,-1,-1,-1,-1,3,E01002728,0,-1
2023061268470,2023,061268470,2,9,0,5,5,5,1,0,0,0,0,0,0,0,2,1,1,1,1,35,6,-1,-1,-1,-1,2,E01005526,0,-1
2023302301868,2023,302301868,1,9,0,13,13,4,8,0,0,0,0,0,0,0,1,1,6,6,1,37,7,-1,-1,-1,-1,9,E01019751,0,-1
2023440162758,2023,440162758,2,1,0,18,19,7,3,0,0,8,0,0,0,0,1,1,4,7,1,15,3,-1,-1,-1,-1,4,E01017158,0,-1
2023471312076,2023,471312076,4,9,0,18,19,5,1,0,0,8,0,0,0,0,0,1,6,6,3,-1,-1,-1,-1,-1,-1,-1,-1,0,-1
2023430314268,2023,430314268,1,9,0,18,19,4,8,0,0,1,0,0,0,0,1,1,6,6,3,-1,-1,-1,-1,-1,-1,-1,-1,0,-1
2023471318167,2023,471318167,1,9,0,2,2,7,3,0,0,1,0,0,0,0,1,1,5,6,1,40,7,-1,-1,-1,-1,10,E01031682,0,-1
2023010482736,2023,010482736,4,9,0,18,19,1,5,0,0,0,0,0,0,0,2,1,6,6,3,-1,-1,-1,-1,-1,-1,-1,-1,0,-1
2023031271469,2023,031271469,4,9,0,3,3,6,2,0,0,0,0,0,0,0,2,1,1,1,1,49,8,-1,-1,-1,-1,-1,-1,0,-1
2023211324732,2023,211324732,1,9,0,18,19,7,3,0,0,0,0,0,0,0,4,1,6,6,3,30,6,-1,-1,-1,-1,-1,-1,0,-1
2023991365263,2023,991365263,3,90,0,2,2,0,0,6,6,0,0,0,0,0,3,1,6,6,3,23,5,-1,-1,-1,-1,-1,-1,0,-1
2023010450149,2023,010450149,1,1,9,99,99,9,9,99,99,9,9,99,9,99,9,1,2,2,1,28,6,-1,-1,-1,-1,2,E01003137,0,-1
2023010476767,2023,010476767,2,9,0,99,99,9,9,99,99,0,9,99,9,99,9,9,6,6,1,68,10,-1,-1,-1,-1,3,E01003068,0,-1
2023211269257,2023,211269257,1,9,0,18,19,8,4,0,0,1,0,0,0,0,1,1,5,6,1,33,6,-1,-1,-1,-1,9,E01029641,0,-1
2023211298545,2023,211298545,1,9,0,18,19,1,2,0,0,0,0,2,0,0,1,1,6,6,1,60,9,-1,-1,-1,-1,-1,-1,0,-1
2023010455194,2023,010455194,1,9,0,18,19,7,3,0,0,1,0,0,0,0,1,1,6,6,3,-1,-1,-1,-1,-1,-1,-1,-1,0,-1
2023122301352,2023,122301352,2,1,0,18,19,6,2,0,0,8,0,0,0,0,3,1,6,6,1,24,5,-1,-1,-1,-1,7,E01013449,0,-1
2023010461876,2023,010461876,2,9,0,99,99,9,9,99,99,0,9,99,9,99,2,9,6,6,3,-1,-1,-1,-1,-1,-1,-1,-1,0,-1
2023131274884,2023,131274884,1,9,0,4,4,1,5,0,0,0,0,0,0,0,0,1,6,6,3,-1,-1,-1,-1,-1,-1,-1,-1,0,-1
2023471302833,2023,471302833,2,1,0,18,19,5,1,0,0,8,0,0,0,0,1,1,2,2,1,65,9,-1,-1,-1,-1,9,E01016924,0,-1
2023131289301,2023,131289301,1,11,0,-1,-1,-1,-1,-1,-1,-1,-1,-1,-1,-1,-1,1,6,6,3,-1,-1,-1,-1,-1,-1,-1,-1,0,-1
2023201278604,2023,201278604,2,1,0,12,12,4,8,2,2,2,0,2,0,0,3,1,6,6,1,29,6,-1,-1,-1,-1,-1,-1,0,-1
2023010439855,2023,010439855,1,1,9,99,99,9,9,99,99,9,9,99,9,99,9,1,2,2,2,25,5,-1,-1,-1,-1,6,E01004513,0,-1
2023161369586,2023,161369586,1,9,0,9,9,5,2,0,0,4,0,0,0,0,1,1,5,6,1,42,7,-1,-1,-1,-1,6,E01012953,0,-1
2023631377850,2023,631377850,1,90,0,18,19,7,3,0,0,0,0,0,1,3,4,1,5,6,1,40,7,-1,-1,-1,-1,4,W01000697,0,-1
2023010464708,2023,010464708,1,1,9,99,99,9,9,99,99,9,9,99,9,99,9,1,2,2,1,52,8,-1,-1,-1,-1,8,E01004195,0,-1
2023311268531,2023,311268531,1,9,0,5,5,3,1,0,0,4,0,0,0,0,4,1,2,2,1,24,5,-1,-1,-1,-1,6,E01019673,0,-1
2023461268114,2023,461268114,1,9,0,4,4,3,7,0,0,0,0,0,0,0,2,1,6,6,1,49,8,-1,-1,-1,-1,2,E01024192,0,-1
2023610028723,2023,610028723,1,9,0,7,7,7,1,0,0,8,0,0,0,0,1,1,6,6,1,-1,-1,-1,-1,-1,-1,10,W01001673,0,-1
2023010460311,2023,010460311,3,19,3,18,19,6,2,0,0,0,0,0,0,0,1,1,6,6,3,-1,-1,-1,-1,-1,-1,-1,-1,0,-1
2023161300362,2023,161300362,2,9,0,6,6,1,1,0,0,1,1,0,0,0,1,1,6,6,3,-1,-1,-1,-1,-1,-1,-1,-1,0,-1
2023430314268,2023,430314268,2,9,0,3,3,4,8,0,0,1,0,0,0,0,2,1,6,6,2,26,6,-1,-1,-1,-1,10,E01028788,0,-1
2023552300528,2023,552300528,1,9,0,18,19,6,2,0,0,0,0,0,0,0,1,1,6,6,3,-1,-1,-1,-1,-1,-1,-1,-1,0,-1
2023010428686,2023,010428686,1,1,9,99,99,9,9,99,99,9,9,99,9,99,9,1,1,1,1,25,5,-1,-1,-1,-1,2,E01000907,0,-1
2023010476613,2023,010476613,2,9,0,7,7,9,9,99,99,9,9,99,9,99,1,9,6,6,3,-1,-1,-1,-1,-1,-1,-1,-1,0,-1
2023041355904,2023,041355904,2,9,0,3,3,5,1,0,0,0,0,0,0,0,2,1,5,6,2,20,4,-1,-1,-1,-1,2,E01025091,0,-1
2023170S10413,2023,170S10413,1,9,0,18,19,1,5,0,0,8,0,0,0,0,1,1,6,6,1,18,4,-1,-1,-1,-1,1,E01012250,0,-1
2023010453991,2023,010453991,1,3,0,15,15,5,1,0,0,3,5,12,0,0,1,1,2,2,1,31,6,-1,-1,-1,-1,6,E01002670,0,-1
2023231268192,2023,231268192,1,21,1,12,12,2,6,0,0,0,0,0,0,0,1,1,6,6,3,45,7,-1,-1,-1,-1,-1,-1,0,-1
2023461267756,2023,461267756,2,21,1,11,11,3,7,0,0,0,0,0,0,0,2,1,6,6,1,63,9,-1,-1,-1,-1,-1,-1,0,-1
2023041355904,2023,041355904,1,9,0,3,3,1,5,0,0,0,0,0,0,0,1,1,6,6,3,-1,-1,-1,-1,-1,-1,-1,-1,0,-1
2023170L50753,2023,170L50753,2,1,0,18,19,6,2,0,0,1,0,0,0,0,1,1,6,6,1,15,3,-1,-1,-1,-1,-1,-1,0,-1
2023010452320,2023,010452320,2,9,0,4,4,7,3,0,0,0,0,0,0,0,1,1,6,6,3,-1,-1,-1,-1,-1,-1,-1,-1,0,-1
202363C032523,2023,63C032523,2,5,0,18,19,5,1,0,0,8,0,0,0,0,1,1,6,6,1,50,8,-1,-1,-1,-1,-1,-1,0,-1
2023141328576,2023,141328576,2,9,0,18,19,4,8,0,0,1,0,0,0,0,4,1,1,1,1,23,5,-1,-1,-1,-1,8,E01007671,0,-1
2023547811123,2023,547811123,1,9,0,18,19,1,5,0,0,1,0,2,0,0,1,1,6,6,1,55,8,-1,-1,-1,-1,10,E01031972,0,-1
2023461300621,2023,461300621,1,9,0,18,19,1,5,0,0,0,0,2,0,0,1,1,6,6,1,-1,-1,-1,-1,-1,-1,-1,-1,0,-1
2023111332855,2023,111332855,1,9,0,18,19,2,6,0,0,2,0,0,0,0,1,1,1,1,1,24,5,-1,-1,-1,-1,1,E01008345,0,-1
2023131348628,2023,131348628,1,9,0,18,19,5,1,0,0,0,0,0,0,0,1,1,6,6,1,-1,-1,-1,-1,-1,-1,-1,-1,0,-1
2023461362393,2023,461362393,1,1,0,18,19,3,8,9,9,0,0,10,7,0,1,1,6,6,1,60,9,-1,-1,-1,-1,8,E01024839,0,-1
2023471347557,2023,471347557,2,1,0,7,7,6,2,0,0,8,2,0,0,0,4,1,5,6,1,13,3,-1,-1,-1,-1,1,E01016915,0,-1
2023010436193,2023,010436193,1,1,9,99,99,9,9,99,99,9,9,99,9,99,9,1,2,2,2,39,7,-1,-1,-1,-1,3,E01003025,0,-1
2023010463394,2023,010463394,1,1,9,99,99,9,9,99,99,9,9,99,9,99,9,1,2,2,1,22,5,-1,-1,-1,-1,4,E01003178,0,-1
2023522400758,2023,522400758,2,33,0,12,12,7,3,0,0,0,0,0,0,0,1,1,6,6,1,19,4,-1,-1,-1,-1,1,E01033369,1,-1
2023010464137,2023,010464137,1,9,0,18,19,7,3,0,0,0,0,0,0,0,3,1,1,1,1,40,7,-1,-1,-1,-1,5,E01001829,0,-1
2023332301152,2023,332301152,2,9,0,18,19,1,5,0,0,0,0,0,0,0,1,1,6,6,3,-1,-1,-1,-1,-1,-1,-1,-1,0,-1
2023010424077,2023,010424077,2,1,3,5,5,3,7,0,0,0,0,0,0,0,4,1,1,1,1,27,6,-1,-1,-1,-1,2,E01000956,0,-1
2023311292233,2023,311292233,1,90,0,2,2,8,4,0,0,0,0,0,0,0,2,1,1,1,1,47,8,-1,-1,-1,-1,-1,-1,0,-1
2023010452996,2023,010452996,1,1,9,99,99,9,9,99,99,9,9,99,9,99,1,1,6,6,1,26,6,-1,-1,-1,-1,1,E01004721,0,-1
2023131307616,2023,131307616,1,11,0,-1,-1,-1,-1,-1,-1,-1,-1,-1,-1,-1,-1,1,1,1,1,46,8,-1,-1,-1,-1,2,E01011324,0,-1
2023010449178,2023,010449178,1,1,9,99,99,9,9,99,99,9,9,99,9,99,1,1,1,1,1,29,6,-1,-1,-1,-1,3,E01004698,0,-1
2023131357544,2023,131357544,2,1,0,18,19,4,4,4,4,1,0,0,0,0,1,1,5,6,1,15,3,-1,-1,-1,-1,2,E01010605,0,-1
2023010485016,2023,010485016,1,1,0,18,19,5,1,0,0,0,0,0,0,0,1,1,6,6,1,27,6,-1,-1,-1,-1,1,E01000890,0,-1
2023010485852,2023,010485852,2,1,0,18,19,3,7,0,0,0,0,0,0,0,1,1,6,6,1,33,6,-1,-1,-1,-1,4,E01002762,0,-1
2023302300387,2023,302300387,2,20,0,2,2,0,0,0,0,0,0,0,0,0,0,1,6,6,3,-1,-1,-1,-1,-1,-1,5,E01019456,0,-1
2023010482704,2023,010482704,2,1,0,18,19,5,1,2,2,2,0,0,0,0,3,1,1,1,2,38,7,-1,-1,-1,-1,4,E01002785,0,-1
2023010472670,2023,010472670,2,1,0,15,15,7,3,0,0,1,0,0,0,0,1,1,6,6,1,28,6,-1,-1,-1,-1,4,E01003076,0,-1
2023302300966,2023,302300966,1,9,0,6,6,5,5,0,0,0,0,0,0,0,3,1,6,6,1,67,10,-1,-1,-1,-1,8,E01019600,0,-1
2023010428686,2023,010428686,2,9,0,99,99,9,9,99,99,9,9,99,9,99,1,9,6,6,1,-1,-1,-1,-1,-1,-1,-1,-1,0,-1
2023010432244,2023,010432244,1,1,9,99,99,9,9,99,99,0,9,99,9,99,9,1,6,6,1,19,4,-1,-1,-1,-1,2,E01002029,0,-1
2023101302434,2023,101302434,1,9,0,18,19,6,2,0,0,0,0,0,0,0,1,1,6,6,3,-1,-1,-1,-1,-1,-1,-1,-1,0,-1
2023351294000,2023,351294000,3,9,0,4,4,1,5,0,0,0,0,0,0,0,2,1,6,6,1,52,8,-1,-1,-1,-1,8,E01000646,0,-1
2023430123419,2023,430123419,1,1,0,18,19,6,2,0,0,6,0,0,0,0,1,1,1,1,2,43,7,-1,-1,-1,-1,4,E01016361,0,-1
2023552300528,2023,552300528,2,1,0,18,19,6,2,0,0,0,0,0,0,0,2,1,2,2,1,29,6,-1,-1,-1,-1,8,E01020425,0,-1
2023010477263,2023,010477263,3,9,0,2,2,0,0,0,0,0,0,0,0,0,1,1,6,6,3,-1,-1,-1,-1,-1,-1,-1,-1,0,-1
2023201278604,2023,201278604,1,9,0,18,19,4,8,0,0,2,0,0,0,0,1,1,6,6,3,-1,-1,-1,-1,-1,-1,-1,-1,0,-1
2023010437835,2023,010437835,2,9,0,4,4,1,5,0,0,0,0,0,0,0,1,1,6,6,3,-1,-1,-1,-1,-1,-1,-1,-1,0,-1
2023991338952,2023,991338952,1,9,0,18,19,7,2,9,9,1,0,0,1,0,4,1,6,6,3,18,4,-1,-1,-1,-1,-1,-1,0,-1
2023430044844,2023,430044844,2,9,0,18,19,5,1,0,0,0,0,0,0,0,1,1,6,6,1,-1,-1,-1,-1,-1,-1,-1,-1,0,-1
2023010449574,2023,010449574,1,1,9,99,99,9,9,99,99,9,9,99,9,99,9,1,6,6,1,20,4,-1,-1,-1,-1,3,E01002770,0,-1
2023122300432,2023,122300432,2,1,0,15,15,2,6,4,4,8,0,0,0,0,1,1,6,6,2,39,7,-1,-1,-1,-1,2,E01013448,0,-1
2023101265161,2023,101265161,1,9,0,18,19,7,3,0,0,0,0,0,0,0,1,1,5,6,1,23,5,-1,-1,-1,-1,-1,-1,0,-1
2023332300238,2023,332300238,1,98,0,18,19,5,1,0,0,1,0,0,0,0,0,1,6,6,3,-1,-1,-1,-1,-1,-1,-1,-1,0,-1
2023401366451,2023,401366451,2,1,0,17,19,1,5,0,0,1,0,0,0,0,1,1,5,6,1,60,9,-1,-1,-1,-1,10,E01017462,0,-1
2023010432244,2023,010432244,2,9,0,99,99,9,9,99,99,0,9,99,9,99,9,9,6,6,3,-1,-1,-1,-1,-1,-1,-1,-1,0,-1
202363A031223,2023,63A031223,1,9,0,18,19,6,2,0,0,0,0,0,0,0,1,1,6,6,1,66,10,-1,-1,-1,-1,-1,-1,0,-1
2023010447899,2023,010447899,1,1,9,99,99,9,9,99,99,9,9,99,9,99,2,1,6,6,2,40,7,-1,-1,-1,-1,1,E01001732,0,-1
2023131299003,2023,131299003,2,9,0,18,19,3,7,0,0,1,0,0,0,0,1,1,6,6,2,20,4,-1,-1,-1,-1,5,E01000375,0,-1
2023201284301,2023,201284301,1,3,0,9,9,8,6,0,0,2,0,0,0,0,1,1,6,6,1,61,9,-1,-1,-1,-1,6,E01009909,0,-1
202354A135523,2023,54A135523,2,9,0,4,4,8,4,0,0,5,0,0,0,0,2,1,6,6,1,29,6,-1,-1,-1,-1,7,E01028995,0,-1
2023010443765,2023,010443765,1,1,9,99,99,9,9,99,99,9,9,99,9,99,1,1,2,2,1,40,7,-1,-1,-1,-1,2,E01001877,0,-1
2023010457714,2023,010457714,2,33,0,18,19,1,5,0,0,8,0,0,0,0,1,1,6,6,2,53,8,-1,-1,-1,-1,2,E01002053,1,-1
2023010486271,2023,010486271,2,1,0,4,4,4,8,0,0,6,2,0,0,0,1,1,2,2,1,42,7,-1,-1,-1,-1,6,E01001070,0,-1
2023010448489,2023,010448489,1,9,0,99,99,9,9,99,99,9,9,99,9,99,1,9,6,6,3,-1,-1,-1,-1,-1,-1,-1,-1,0,-1
2023010483443,2023,010483443,1,1,9,99,99,9,9,99,99,9,9,99,9,99,1,1,2,2,1,35,6,-1,-1,-1,-1,2,E01001555,0,-1
2023471314522,2023,471314522,2,1,0,18,19,3,7,0,0,2,5,0,0,0,3,1,5,6,1,62,9,-1,-1,-1,-1,7,E01016870,0,-1
2023421345286,2023,421345286,1,9,0,18,19,2,6,0,0,0,0,0,0,0,1,1,6,6,1,51,8,-1,-1,-1,-1,-1,-1,0,-1
2023041380072,2023,041380072,1,9,0,18,19,3,7,0,0,0,0,0,0,0,1,1,6,6,3,-1,-1,-1,-1,-1,-1,-1,-1,0,-1
2023010450149,2023,010450149,2,9,0,99,99,9,9,99,99,9,9,99,9,99,1,9,6,6,3,-1,-1,-1,-1,-1,-1,-1,-1,0,-1
2023141330577,2023,141330577,1,9,0,3,3,6,2,0,0,0,0,0,0,0,4,1,6,6,1,44,7,-1,-1,-1,-1,3,E01007487,0,-1
2023430521993,2023,430521993,2,9,0,4,4,2,6,0,0,0,0,0,0,0,2,1,6,6,2,30,6,-1,-1,-1,-1,3,E01017711,0,-1
2023010443811,2023,010443811,1,8,0,18,19,6,2,0,0,1,0,0,0,0,1,1,6,6,3,-1,-1,-1,-1,-1,-1,-1,-1,0,-1
2023101271144,2023,101271144,2,1,0,14,14,8,3,0,0,0,0,0,0,0,4,1,2,2,2,43,7,-1,-1,-1,-1,7,E01027496,0,-1
2023131364270,2023,131364270,1,9,0,18,19,1,5,0,0,0,0,0,0,0,-1,1,6,6,3,-1,-1,-1,-1,-1,-1,-1,-1,0,-1
2023451308701,2023,451308701,2,9,0,4,4,5,1,0,0,0,0,12,0,0,2,1,6,6,2,35,6,-1,-1,-1,-1,-1,-1,0,-1
2023131315642,2023,131315642,1,19,0,4,4,3,7,0,0,0,0,0,0,0,2,1,6,6,3,30,6,-1,-1,-1,-1,-1,-1,0,-1
2023211361876,2023,211361876,2,9,0,18,19,3,6,0,0,8,0,0,0,0,1,1,2,2,2,52,8,-1,-1,-1,-1,3,E01031264,0,-1
2023041348037,2023,041348037,2,1,0,5,5,1,5,0,0,0,0,0,0,0,2,1,5,6,1,42,7,-1,-1,-1,-1,1,E01012619,0,-1
2023201342546,2023,201342546,2,1,0,3,3,8,4,0,0,2,0,0,0,0,0,1,6,6,1,40,7,-1,-1,-1,-1,1,E01009146,0,-1
2023461267756,2023,461267756,3,19,0,18,19,3,7,0,0,0,0,0,0,0,0,1,6,6,1,32,6,-1,-1,-1,-1,-1,-1,0,-1
2023461374429,2023,461374429,1,1,0,18,19,1,5,0,0,3,0,0,0,0,1,1,6,6,3,-1,-1,-1,-1,-1,-1,-1,-1,0,-1
2023061326228,2023,061326228,1,1,0,18,19,5,1,0,0,1,0,0,0,0,1,1,6,6,1,17,4,-1,-1,-1,-1,2,E01005244,0,-1
2023320570331,2023,320570331,2,1,0,3,3,4,8,0,0,1,5,0,0,0,2,1,2,2,2,57,9,-1,-1,-1,-1,7,E01026039,0,-1
2023010449486,2023,010449486,2,1,0,18,19,1,5,0,0,0,5,0,0,0,0,1,6,6,1,22,5,-1,-1,-1,-1,-1,-1,0,-1
2023010480301,2023,010480301,2,33,0,13,13,7,3,2,2,1,2,10,0,0,4,1,6,6,2,30,6,-1,-1,-1,-1,1,E01001206,1,-1
2023031361841,2023,031361841,1,23,0,18,19,5,3,9,9,8,0,0,0,0,1,1,6,6,1,31,6,-1,-1,-1,-1,4,E01019218,0,-1
2023041323934,2023,041323934,3,98,0,7,7,3,1,0,0,1,-1,-1,-1,0,-1,1,6,6,3,-1,-1,-1,-1,-1,-1,-1,-1,0,-1
2023101277137,2023,101277137,1,19,0,5,5,3,7,0,0,4,0,0,0,0,4,1,1,1,1,-1,-1,-1,-1,-1,-1,-1,-1,0,-1
2023010457171,2023,010457171,2,1,0,18,19,3,7,0,0,8,0,0,0,0,1,1,6,6,1,14,3,-1,-1,-1,-1,2,E01001791,0,-1
2023430405791,2023,430405791,1,1,0,18,19,8,4,0,0,1,0,0,0,0,3,1,6,6,2,63,9,-1,-1,-1,-1,10,E01003463,0,-1
202363A031223,2023,63A031223,2,9,0,4,4,6,2,0,0,0,0,0,0,0,2,1,6,6,1,59,9,-1,-1,-1,-1,-1,-1,0,-1
2023010471355,2023,010471355,2,97,0,18,19,7,3,0,0,8,0,0,0,0,1,1,6,6,3,-1,-1,-1,-1,-1,-1,-1,-1,0,-1
2023332300051,2023,332300051,2,22,0,18,19,3,7,0,0,1,0,0,0,0,1,1,6,6,2,59,9,-1,-1,-1,-1,2,E01032867,0,-1
2023010440413,2023,010440413,1,1,0,18,19,6,2,0,0,1,9,0,0,0,1,1,1,1,2,39,7,-1,-1,-1,-1,5,E01004700,0,-1
2023522324393,2023,522324393,1,9,0,4,4,6,2,0,0,2,0,0,0,0,0,1,6,6,3,-1,-1,-1,-1,-1,-1,-1,-1,0,-1
2023010442225,2023,010442225,2,9,0,9,9,7,5,0,0,5,0,0,0,0,0,1,6,6,3,-1,-1,-1,-1,-1,-1,-1,-1,0,-1
2023010474574,2023,010474574,2,1,0,16,19,5,1,0,0,2,0,0,0,0,1,1,2,2,1,29,6,-1,-1,-1,-1,4,E01003133,0,-1
2023471384476,2023,471384476,1,9,0,5,5,5,1,0,0,0,0,0,0,0,1,1,6,6,2,31,6,-1,-1,-1,-1,9,E01031625,0,-1
2023010465613,2023,010465613,2,1,9,99,99,9,9,99,99,9,9,99,9,99,9,1,6,6,1,-1,-1,-1,-1,-1,-1,8,E01002453,0,-1
2023010483763,2023,010483763,2,9,9,99,99,9,9,99,99,9,9,99,9,99,9,1,6,6,3,-1,-1,-1,-1,-1,-1,-1,-1,0,-1
2023010474444,2023,010474444,3,1,9,99,99,9,9,99,99,9,9,99,9,99,0,1,6,6,3,-1,-1,-1,-1,-1,-1,-1,-1,0,-1
2023101289964,2023,101289964,1,9,0,18,19,2,6,0,0,4,0,0,0,0,3,1,6,6,3,-1,-1,-1,-1,-1,-1,-1,-1,0,-1
2023010431662,2023,010431662,2,9,0,7,7,1,2,0,0,2,0,0,0,0,1,1,6,6,2,43,7,-1,-1,-1,-1,-1,-1,0,-1
2023211361876,2023,211361876,1,9,0,18,19,5,1,0,0,1,0,0,0,0,4,1,6,6,1,19,4,-1,-1,-1,-1,6,E01019876,0,-1
2023421303067,2023,421303067,1,9,0,18,19,3,7,0,0,1,0,0,0,0,1,1,6,6,3,-1,-1,-1,-1,-1,-1,-1,-1,0,-1
2023101263581,2023,101263581,1,8,0,12,12,7,3,0,0,4,0,0,0,0,1,1,6,6,3,-1,-1,-1,-1,-1,-1,-1,-1,0,-1
2023201267121,2023,201267121,3,9,0,18,19,2,6,0,0,8,0,0,0,0,1,1,6,6,3,-1,-1,-1,-1,-1,-1,-1,-1,0,-1
2023052301449,2023,052301449,2,22,0,2,2,0,0,0,0,8,0,0,0,0,1,1,6,6,1,57,9,-1,-1,-1,-1,1,E01006968,0,-1
2023010469651,2023,010469651,1,1,9,99,99,9,9,99,99,9,9,99,9,99,9,1,2,2,1,41,7,-1,-1,-1,-1,1,E01003245,0,-1
2023231313683,2023,231313683,1,9,0,17,19,6,2,0,0,0,0,0,0,0,1,1,6,6,3,34,6,-1,-1,-1,-1,-1,-1,0,-1
2023302300672,2023,302300672,3,9,0,18,19,2,6,0,0,0,0,0,0,0,2,1,6,6,1,64,9,-1,-1,-1,-1,6,E01013476,0,-1
2023320088393,2023,320088393,1,9,0,9,9,6,4,0,0,8,0,0,0,0,2,1,6,6,1,36,7,-1,-1,-1,-1,3,E01026124,0,-1
2023122300990,2023,122300990,2,1,0,18,19,7,3,0,0,1,0,0,0,0,3,1,6,6,1,31,6,-1,-1,-1,-1,3,E01013366,0,-1
2023471319227,2023,471319227,2,9,0,3,3,6,2,0,0,1,0,0,0,0,2,1,1,1,1,57,9,-1,-1,-1,-1,9,E01021151,0,-1
2023531327946,2023,531327946,1,9,0,18,19,5,1,0,0,1,0,10,0,0,3,1,2,2,2,29,6,-1,-1,-1,-1,3,E01022294,0,-1
2023010439525,2023,010439525,1,1,0,18,19,7,3,0,0,8,0,0,0,0,1,1,2,2,1,33,6,-1,-1,-1,-1,9,E01004607,0,-1
2023010477586,2023,010477586,1,1,9,99,99,9,9,99,99,9,9,99,9,99,9,1,1,1,1,43,7,-1,-1,-1,-1,1,E01004256,0,-1
2023131298095,2023,131298095,3,9,0,18,19,6,2,0,0,0,0,0,0,0,1,1,6,6,1,-1,-1,-1,-1,-1,-1,2,W01001371,0,-1
2023010447899,2023,010447899,2,9,0,99,99,9,9,99,99,9,9,99,9,99,1,9,6,6,3,-1,-1,-1,-1,-1,-1,3,E01001774,0,-1
2023101274116,2023,101274116,1,90,1,1,1,7,3,0,0,1,0,0,0,0,2,1,1,1,1,44,7,-1,-1,-1,-1,1,E01008382,0,-1
2023361268656,2023,361268656,2,1,0,18,19,3,7,0,0,8,0,0,0,0,3,1,2,2,1,43,7,-1,-1,-1,-1,5,E01033539,0,-1
2023311267679,2023,311267679,2,1,0,18,19,7,3,5,5,1,0,0,0,0,3,1,4,7,1,12,3,-1,-1,-1,-1,9,E01013979,0,-1
2023440060797,2023,440060797,2,9,0,18,19,8,4,0,0,0,0,0,0,0,1,1,6,6,3,-1,-1,-1,-1,-1,-1,-1,-1,0,-1
2023141325477,2023,141325477,1,1,0,18,19,1,5,0,0,0,0,8,0,0,1,1,5,6,1,45,7,-1,-1,-1,-1,2,E01007976,0,-1
2023361359766,2023,361359766,3,9,0,4,4,7,3,0,0,0,0,0,0,0,2,1,2,2,1,31,6,-1,-1,-1,-1,9,E01026576,0,-1
2023991294553,2023,991294553,1,9,0,18,19,2,6,0,0,2,0,4,0,0,1,1,1,1,1,22,5,-1,-1,-1,-1,4,-1,0,-1
2023221300574,2023,221300574,1,9,0,3,3,8,4,0,0,0,0,0,0,0,2,1,6,6,3,26,6,-1,-1,-1,-1,-1,-1,0,-1
2023471302833,2023,471302833,1,98,0,18,19,3,7,0,0,8,0,0,0,0,3,1,1,1,1,-1,-1,-1,-1,-1,-1,-1,-1,0,-1
2023522400126,2023,522400126,2,9,0,18,19,3,7,0,0,1,0,0,0,0,1,1,6,6,3,-1,-1,-1,-1,-1,-1,-1,-1,0,-1
2023471309481,2023,471309481,1,9,0,18,19,5,1,0,0,1,0,0,0,0,1,1,6,6,3,-1,-1,-1,-1,-1,-1,-1,-1,0,-1
2023010460110,2023,010460110,2,8,0,99,99,9,9,99,99,9,9,99,9,99,1,9,6,6,3,-1,-1,-1,-1,-1,-1,-1,-1,0,-1
2023070915742,2023,070915742,1,1,0,4,4,5,1,0,0,8,0,2,0,0,1,1,2,2,1,37,7,-1,-1,-1,-1,6,E01018352,0,-1
2023071213986,2023,071213986,2,19,0,4,4,5,1,0,0,0,0,0,0,0,2,1,2,2,1,54,8,-1,-1,-1,-1,8,E01006859,0,-1
2023461267756,2023,461267756,4,9,0,2,2,3,7,0,0,0,0,0,0,0,2,1,6,6,1,57,9,-1,-1,-1,-1,9,E01030477,0,-1
2023471319056,2023,471319056,2,33,0,5,5,4,2,0,0,0,0,0,0,0,3,1,6,6,2,63,9,-1,-1,-1,-1,1,E01020978,1,-1
2023522301571,2023,522301571,2,9,0,2,2,0,0,0,0,8,0,0,0,0,1,1,6,6,2,66,10,-1,-1,-1,-1,3,E01014515,0,-1
2023461314022,2023,461314022,2,19,0,4,4,3,7,0,0,0,0,4,0,0,2,1,2,2,2,60,9,-1,-1,-1,-1,3,E01002279,0,-1
2023010469686,2023,010469686,2,33,0,18,19,7,3,0,0,1,0,0,0,0,1,1,6,6,1,22,5,-1,-1,-1,-1,6,E01000203,1,-1
2023211346486,2023,211346486,1,9,0,4,4,1,5,0,0,0,0,0,0,0,2,1,2,2,2,57,9,-1,-1,-1,-1,8,E01029416,0,-1
2023131364270,2023,131364270,2,1,0,18,19,1,5,0,0,0,0,0,0,0,0,1,2,2,2,41,7,-1,-1,-1,-1,1,E01011003,0,-1
2023332300206,2023,332300206,2,1,0,18,19,1,5,0,0,0,0,0,1,1,1,1,6,6,1,60,9,-1,-1,-1,-1,7,E01025895,0,-1
2023010433449,2023,010433449,1,1,9,99,99,9,9,99,99,9,9,99,9,99,1,1,6,6,1,41,7,-1,-1,-1,-1,6,E01033582,0,-1
2023010484808,2023,010484808,1,9,0,7,7,5,8,0,0,3,0,0,0,0,1,1,6,6,3,-1,-1,-1,-1,-1,-1,-1,-1,0,-1
2023451377487,2023,451377487,3,98,0,18,19,8,4,0,0,0,0,0,0,0,1,1,6,6,3,40,7,-1,-1,-1,-1,-1,-1,0,-1
2023461270495,2023,461270495,3,9,0,18,19,7,3,0,0,0,0,0,0,0,1,1,6,6,2,44,7,-1,-1,-1,-1,7,E01024578,0,-1
2023170L30453,2023,170L30453,1,9,0,4,4,2,6,0,0,0,0,0,0,0,0,1,6,6,3,-1,-1,-1,-1,-1,-1,-1,-1,0,-1
2023320392939,2023,320392939,1,19,0,17,19,2,6,0,0,0,0,0,1,1,1,1,1,1,1,38,7,-1,-1,-1,-1,8,E01026212,0,-1
2023421284767,2023,421284767,1,9,0,18,19,6,2,0,0,0,0,0,0,0,1,1,6,6,3,-1,-1,-1,-1,-1,-1,-1,-1,0,-1
2023052301449,2023,052301449,1,9,0,1,1,4,8,0,0,8,0,0,0,0,2,1,6,6,3,-1,-1,-1,-1,-1,-1,-1,-1,0,-1
2023320216978,2023,320216978,2,5,0,18,19,4,8,0,0,0,0,0,0,0,1,1,1,1,1,45,7,-1,-1,-1,-1,3,E01026317,0,-1
2023201370254,2023,201370254,1,19,0,18,19,5,1,0,0,1,0,0,0,0,3,1,6,6,3,-1,-1,-1,-1,-1,-1,-1,-1,0,-1
2023421308626,2023,421308626,2,90,0,2,2,1,5,0,0,0,0,0,0,0,2,1,6,6,3,-1,-1,-1,-1,-1,-1,-1,-1,0,-1
2023010484808,2023,010484808,2,1,0,7,7,5,8,0,0,3,0,0,0,0,4,1,2,2,1,43,7,-1,-1,-1,-1,5,E01033325,0,-1
2023010425130,2023,010425130,1,1,9,99,99,9,9,99,99,9,9,99,9,99,1,1,2,2,1,29,6,-1,-1,-1,-1,4,E01000916,0,-1
2023010447334,2023,010447334,2,33,0,18,19,7,3,0,0,0,0,0,0,0,1,1,6,6,1,17,4,-1,-1,-1,-1,5,E01003110,1,-1
2023010420458,2023,010420458,1,4,0,13,13,3,7,9,9,2,0,0,0,0,1,1,6,6,3,-1,-1,-1,-1,-1,-1,-1,-1,0,-1
2023010441688,2023,010441688,2,1,0,4,4,1,5,0,0,1,0,0,0,0,2,1,6,6,1,24,5,-1,-1,-1,-1,6,E01000581,0,-1
2023010457171,2023,010457171,1,9,0,18,19,1,5,0,0,2,0,0,0,0,4,1,6,6,2,31,6,-1,-1,-1,-1,-1,-1,0,-1
2023010474918,2023,010474918,1,1,9,99,99,9,9,99,99,9,9,99,9,99,1,1,6,6,1,69,10,-1,-1,-1,-1,6,E01000575,0,-1
2023010435439,2023,010435439,2,9,0,18,19,1,5,0,0,1,0,0,0,0,1,1,6,6,3,-1,-1,-1,-1,-1,-1,-1,-1,0,-1
2023440413447,2023,440413447,2,1,0,18,19,4,8,0,0,8,0,0,0,0,1,1,2,2,2,38,7,-1,-1,-1,-1,4,E01022723,0,-1
2023010424603,2023,010424603,1,1,0,18,19,5,1,0,0,0,0,10,0,0,1,1,6,6,1,50,8,-1,-1,-1,-1,4,E01000869,0,-1
2023201345111,2023,201345111,1,1,0,5,5,4,8,0,0,1,0,0,0,0,4,1,6,6,1,23,5,-1,-1,-1,-1,3,E01009760,0,-1
2023201347470,2023,201347470,2,9,0,7,7,3,5,0,0,1,0,0,0,0,4,1,6,6,1,45,7,-1,-1,-1,-1,1,E01009513,0,-1
2023430482863,2023,430482863,2,1,0,18,19,7,3,0,0,0,0,8,0,0,1,1,2,2,2,44,7,-1,-1,-1,-1,9,E01028683,0,-1
2023010456308,2023,010456308,2,1,0,7,7,6,1,0,0,6,0,0,0,0,1,1,6,6,1,36,7,-1,-1,-1,-1,2,E01003964,0,-1
2023010464257,2023,010464257,2,9,0,3,3,1,5,0,0,2,0,0,0,0,3,1,6,6,3,-1,-1,-1,-1,-1,-1,-1,-1,0,-1
2023010472863,2023,010472863,1,9,9,99,99,9,9,99,99,0,9,99,9,99,9,9,6,6,3,-1,-1,-1,-1,-1,-1,-1,-1,0,-1
2023522400696,2023,522400696,1,33,0,18,19,2,6,0,0,1,0,0,0,0,1,1,6,6,1,42,7,-1,-1,-1,-1,6,E01015008,1,-1
2023451283175,2023,451283175,1,9,0,18,19,1,5,0,0,1,0,0,0,0,1,1,6,6,3,42,7,-1,-1,-1,-1,-1,-1,0,-1
2023010435024,2023,010435024,2,19,4,99,99,9,9,99,99,9,9,99,9,99,9,9,6,6,3,-1,-1,-1,-1,-1,-1,-1,-1,0,-1
2023430558844,2023,430558844,2,1,0,18,19,6,2,0,0,0,0,0,0,0,2,1,6,6,1,16,4,-1,-1,-1,-1,6,E01028559,0,-1
2023461357486,2023,461357486,1,9,0,4,4,1,5,0,0,0,0,0,0,0,1,1,2,2,1,69,10,-1,-1,-1,-1,1,E01024580,0,-1
2023041319159,2023,041319159,2,1,0,18,19,1,5,0,0,1,0,2,0,0,4,1,6,6,1,46,8,-1,-1,-1,-1,8,E01025443,0,-1
2023421269023,2023,421269023,1,9,0,18,19,2,2,0,0,0,0,0,0,0,1,1,1,1,1,32,6,-1,-1,-1,-1,5,E01021874,0,-1
202363C032523,2023,63C032523,1,19,0,5,5,3,7,0,0,8,0,0,0,0,4,1,1,1,1,28,6,-1,-1,-1,-1,-1,-1,0,-1
2023010422642,2023,010422642,1,9,9,18,19,1,5,0,0,1,0,0,0,0,4,9,6,6,3,-1,-1,-1,-1,-1,-1,-1,-1,0,-1
2023010474444,2023,010474444,2,98,0,99,99,9,9,99,99,9,9,99,9,99,1,9,6,6,3,-1,-1,-1,-1,-1,-1,-1,-1,0,-1
2023041380148,2023,041380148,1,98,0,1,1,3,7,0,0,0,0,0,0,0,2,1,6,6,3,-1,-1,-1,-1,-1,-1,-1,-1,0,-1
2023101271144,2023,101271144,1,9,0,6,6,7,7,0,0,0,0,0,0,0,3,1,6,6,2,35,6,-1,-1,-1,-1,-1,-1,0,-1
2023010450759,2023,010450759,1,9,0,9,9,7,5,0,0,0,0,0,0,0,1,1,2,2,1,48,8,-1,-1,-1,-1,-1,-1,0,-1
2023221371075,2023,221371075,1,1,0,18,19,7,3,0,0,1,0,0,0,0,1,1,6,6,2,37,7,-1,-1,-1,-1,1,E01022122,0,-1
2023010466411,2023,010466411,1,9,0,7,7,1,3,0,0,0,0,0,0,0,1,1,6,6,3,-1,-1,-1,-1,-1,-1,-1,-1,0,-1
2023451316175,2023,451316175,2,9,0,15,15,7,3,0,0,0,0,0,0,0,1,1,6,6,3,40,7,-1,-1,-1,-1,-1,-1,0,-1
2023010441397,2023,010441397,2,9,0,99,99,9,9,99,99,9,9,99,9,99,1,9,6,6,3,-1,-1,-1,-1,-1,-1,-1,-1,0,-1
2023461343757,2023,461343757,1,1,0,16,19,5,1,0,0,1,0,10,1,2,1,1,5,6,1,33,6,-1,-1,-1,-1,9,E01024834,0,-1
2023201283449,2023,201283449,2,97,0,18,19,1,5,0,0,8,2,0,0,0,1,1,6,6,1,25,5,-1,-1,-1,-1,5,E01009745,0,-1
2023010469660,2023,010469660,2,1,0,3,3,1,5,0,0,1,0,0,0,0,1,1,6,6,1,34,6,-1,-1,-1,-1,6,E01000306,0,-1
2023141317451,2023,141317451,3,9,0,18,19,5,1,0,0,2,0,0,0,0,1,1,1,1,2,39,7,-1,-1,-1,-1,1,E01007790,0,-1
2023471371783,2023,471371783,1,9,0,11,11,3,7,0,0,0,0,0,0,0,1,1,6,6,3,-1,-1,-1,-1,-1,-1,-1,-1,0,-1
2023201285241,2023,201285241,2,1,0,18,19,7,3,0,0,8,0,0,0,0,3,1,2,2,1,54,8,-1,-1,-1,-1,5,E01008981,0,-1
2023201397982,2023,201397982,1,18,1,4,4,6,8,1,1,0,0,0,0,0,2,1,1,1,1,26,6,-1,-1,-1,-1,2,E01010419,0,-1
2023201391677,2023,201391677,2,1,0,18,19,3,7,0,0,2,0,0,0,0,1,1,6,6,1,25,5,-1,-1,-1,-1,6,E01032480,0,-1
2023340WN0142,2023,340WN0142,1,9,0,18,19,8,4,0,0,0,0,0,0,0,1,1,6,6,1,39,7,-1,-1,-1,-1,8,E01016815,0,-1
2023461357486,2023,461357486,3,9,0,3,3,1,5,0,0,0,0,0,0,0,2,1,2,2,1,-1,-1,-1,-1,-1,-1,7,E01024073,0,-1
2023991346554,2023,991346554,2,1,0,18,19,7,3,0,0,1,5,0,0,0,1,1,1,1,1,34,6,-1,-1,-1,-1,-1,-1,0,-1
2023371312575,2023,371312575,1,5,0,14,14,5,1,0,0,0,0,4,0,0,1,1,5,6,1,29,6,600,1,18,-1,10,E01030292,0,-1
2023010461798,2023,010461798,1,9,0,99,99,9,9,99,99,9,9,99,9,99,9,9,6,6,1,40,7,1798,1,14,MAZDA MX-5,6,E01000700,0,-1
2023440131381,2023,440131381,2,9,0,3,3,5,1,0,0,1,0,0,0,0,2,1,6,6,1,26,6,1839,1,19,MAZDA MX-5,4,E01022635,0,-1
2023430482325,2023,430482325,1,9,0,18,19,4,8,0,0,8,0,0,1,3,3,1,6,6,1,24,5,1999,1,13,MAZDA MX-5,10,E01016612,0,-1
2023010444011,2023,010444011,1,9,0,5,5,1,5,0,0,0,0,0,0,0,1,1,2,2,2,56,9,1999,1,15,MAZDA MX-5,8,E01000784,0,-1
2023041355022,2023,041355022,1,3,0,15,15,7,3,0,0,1,0,8,0,0,3,1,6,6,1,55,8,124,1,10,YAMAHA YBR,-1,-1,0,-1
2023010443208,2023,010443208,1,3,0,99,99,9,9,99,99,0,9,99,9,99,1,1,1,1,1,35,6,124,1,13,YAMAHA YBR,2,E01004723,0,-1
