collision_index,collision_year,collision_ref_no,vehicle_reference,vehicle_type,towing_and_articulation,vehicle_manoeuvre_historic,vehicle_manoeuvre,vehicle_direction_from,vehicle_direction_to,vehicle_location_restricted_lane_historic,vehicle_location_restricted_lane,junction_location,skidding_and_overturning,hit_object_in_carriageway,vehicle_leaving_carriageway,hit_object_off_carriageway,first_point_of_impact,vehicle_left_hand_drive,journey_purpose_of_driver_historic,journey_purpose_of_driver,sex_of_driver,age_of_driver,age_band_of_driver,engine_capacity_cc,propulsion_code,age_of_vehicle,generic_make_model,driver_imd_decile,lsoa_of_driver,escooter_flag,driver_distance_banding
2021501074228,2021,501074228,2,3,0,18,19,1,5,0,0,1,0,0,0,0,1,1,5,6,1,65,9,125,1,1,-1,1,E01018870,0,-1
2021552101254,2021,552101254,1,3,0,4,4,4,8,0,0,0,0,0,0,0,0,1,6,6,1,57,9,125,1,8,-1,3,E01015294,0,-1
2021041036581,2021,041036581,1,9,0,5,5,3,7,0,0,1,0,0,0,0,1,1,1,1,1,64,9,-1,-1,-1,LONDON TAXIS INT. TX4,4,E01012699,0,-1
2021010338741,2021,010338741,1,8,0,18,19,5,1,2,2,1,0,0,0,0,1,1,1,1,1,60,9,2499,2,13,LONDON TAXIS INT. TX4,9,E01026226,0,-1
2021010309624,2021,010309624,2,8,0,3,3,3,7,0,0,3,0,0,0,0,1,1,1,1,1,54,8,2499,2,7,LONDON TAXIS INT. TX4,7,E01000391,0,-1
202106A078730,2021,06A078730,2,9,0,18,19,4,8,0,0,8,0,0,0,0,1,1,1,1,1,47,8,-1,-1,-1,LONDON TAXIS INT. TX4,3,E01005282,0,-1
2021010309793,2021,010309793,1,8,0,3,3,5,1,0,0,1,0,0,0,0,0,1,1,1,1,59,9,2499,2,6,LONDON TAXIS INT. TX4,1,E01002694,0,-1
2021052101092,2021,052101092,1,8,0,18,19,4,8,0,0,0,0,0,0,0,4,1,1,1,3,-1,-1,2499,2,13,LONDON TAXIS INT. TX4,-1,-1,0,-1
2021010304530,2021,010304530,1,9,0,3,3,7,3,0,0,2,0,0,0,0,1,1,2,2,1,46,8,1969,8,1,VOLVO XC90,2,E01004679,0,-1
2021070227046,2021,070227046,2,9,0,3,3,8,4,0,0,7,0,2,0,0,2,1,6,6,1,53,8,1969,2,2,VOLVO XC90,4,E01005690,0,-1
2021411067947,2021,411067947,1,9,0,18,19,8,4,7,6,0,0,0,0,0,0,1,1,1,1,38,7,1969,8,1,VOLVO XC90,-1,-1,0,-1
2021010306026,2021,010306026,1,9,0,9,9,3,1,0,0,6,0,0,0,0,1,1,3,7,2,48,8,1969,8,4,VOLVO XC90,-1,-1,0,-1
2021471059629,2021,471059629,1,9,0,6,6,7,7,8,6,0,0,0,0,0,1,1,5,6,1,46,8,2400,2,12,VOLVO XC90,6,E01031656,0,-1
2021991129977,2021,991129977,1,19,0,9,9,1,8,4,4,8,0,11,0,0,1,1,1,1,1,52,8,1997,2,4,CITROEN RELAY,7,-1,0,-1
2021101014948,2021,101014948,2,21,0,3,3,1,1,0,0,0,0,0,0,0,2,1,1,1,1,34,6,-1,-1,-1,CITROEN RELAY,3,E01008486,0,-1
2021991102780,2021,991102780,1,19,0,1,1,2,6,0,0,1,0,0,0,0,2,1,6,6,1,45,7,2198,2,12,CITROEN RELAY,7,E01023391,0,-1
202134WNC2441,2021,34WNC2441,2,19,0,18,19,1,5,0,0,0,0,0,0,0,2,1,1,1,1,61,9,1997,2,4,CITROEN RELAY,7,E01000493,0,-1
2021141082403,2021,141082403,1,19,0,2,2,2,6,0,0,0,0,0,0,0,1,1,2,2,1,32,6,2200,2,2,CITROEN RELAY,4,E01011007,0,-1
2021501120008,2021,501120008,1,20,0,18,19,8,4,0,0,0,0,0,0,0,1,1,1,1,1,39,7,-1,-1,-1,CITROEN RELAY,7,E01018934,0,-1
2021440163653,2021,440163653,4,19,0,4,4,7,3,0,0,0,0,0,0,0,2,1,1,1,1,65,9,1997,2,4,CITROEN RELAY,6,E01022761,0,-1
2021211089231,2021,211089231,1,19,4,15,15,1,5,0,0,0,1,0,0,0,1,1,5,6,1,32,6,2800,2,18,CITROEN RELAY,6,-1,0,-1
2021041043601,2021,041043601,2,9,0,18,19,3,7,0,0,1,0,0,0,0,1,1,5,6,1,39,7,1498,1,1,SEAT ATECA,1,E01012656,0,-1
2021041058973,2021,041058973,3,9,0,3,3,8,4,0,0,8,0,0,0,0,2,1,1,1,1,48,8,999,1,2,SEAT ATECA,1,E01025082,0,-1
2021211087739,2021,211087739,2,3,0,2,2,0,0,0,0,0,0,0,0,0,2,1,6,6,2,46,8,125,1,5,SUZUKI UH 125,3,E01029381,0,-1
2021170S40901,2021,170S40901,2,9,0,3,3,8,4,0,0,0,0,0,0,0,2,1,6,6,2,31,6,2982,2,20,TOYOTA LANDCRUISER,3,E01012282,0,-1
2021131114253,2021,131114253,2,19,0,3,3,7,3,0,0,0,0,0,0,0,2,1,2,2,1,40,7,1968,2,4,VOLKSWAGEN CADDY,7,E01017431,0,-1
2021031108660,2021,031108660,3,9,0,3,3,8,4,0,0,2,0,0,0,0,2,1,6,6,2,71,10,1968,2,10,VOLKSWAGEN CADDY,9,E01019349,0,-1
2021471084442,2021,471084442,2,19,0,4,4,3,7,0,0,0,0,0,0,0,2,1,6,6,1,-1,-1,1598,2,7,VOLKSWAGEN CADDY,2,E01021091,0,-1
2021161069184,2021,161069184,1,19,0,18,19,6,2,0,0,0,0,0,0,0,1,1,1,1,1,47,8,1968,2,1,VOLKSWAGEN TRANSPORTER,-1,-1,0,-1
2021401062750,2021,401062750,1,19,0,18,19,5,1,0,0,0,0,0,0,0,1,1,1,1,1,41,7,1968,2,1,VOLKSWAGEN TRANSPORTER,2,E01002737,0,-1
2021501066117,2021,501066117,1,19,0,3,3,5,1,0,0,0,0,0,0,0,1,1,2,2,1,33,6,1968,2,4,VOLKSWAGEN TRANSPORTER,8,E01033232,0,-1
2021010311190,2021,010311190,2,19,0,99,99,9,9,99,99,9,9,99,9,99,1,9,6,6,3,-1,-1,1968,2,6,VOLKSWAGEN TRANSPORTER,-1,-1,0,-1
2021161069184,2021,161069184,2,19,0,3,3,6,2,0,0,0,0,0,0,0,2,1,1,1,1,51,8,1968,2,4,VOLKSWAGEN TRANSPORTER,9,E01013304,0,-1
2021552100918,2021,552100918,5,19,0,18,19,1,5,0,0,0,0,0,0,0,3,1,6,6,1,55,8,-1,-1,-1,VOLKSWAGEN TRANSPORTER,5,E01015421,0,-1
2021010342721,2021,010342721,1,19,0,7,7,7,2,0,0,8,0,0,0,0,4,1,1,1,1,27,6,1968,2,0,VOLKSWAGEN TRANSPORTER,2,E01001625,0,-1
2021131043302,2021,131043302,1,19,0,18,19,-1,-1,0,0,1,0,0,0,0,-1,1,6,6,3,35,6,1896,2,17,VOLKSWAGEN TRANSPORTER,-1,-1,0,-1
2021201106331,2021,201106331,2,9,0,5,5,8,3,0,0,1,0,0,0,0,1,1,6,6,1,35,6,1995,1,12,BMW Z4,3,E01010127,0,-1
2021501036704,2021,501036704,2,9,0,3,3,8,4,0,0,0,0,0,0,0,2,1,5,6,2,37,7,1248,1,9,HYUNDAI I10,5,E01020299,0,-1
2021451025980,2021,451025980,2,9,0,18,19,1,5,0,0,0,0,4,0,0,1,1,6,6,1,30,6,998,1,2,HYUNDAI I10,5,E01023129,0,-1
2021131114253,2021,131114253,1,9,0,3,3,7,3,0,0,0,0,0,0,0,2,1,5,6,1,74,10,1248,1,11,HYUNDAI I10,5,E01011201,0,-1
2021161111777,2021,161111777,2,9,0,18,19,6,2,0,0,0,1,10,1,10,2,1,2,2,1,28,6,998,1,6,HYUNDAI I10,5,E01012768,0,-1
2021070445985,2021,070445985,1,9,0,12,12,5,1,0,0,2,0,0,0,0,1,1,6,6,1,70,10,2894,1,4,PORSCHE PANAMERA,7,E01018580,0,-1
2021010309624,2021,010309624,3,9,0,3,3,7,3,0,0,2,0,0,0,0,2,1,1,1,1,54,8,4806,1,10,PORSCHE PANAMERA,4,E01001317,0,-1
2021041087281,2021,041087281,1,3,0,18,19,7,3,0,0,2,2,10,0,0,4,1,6,6,1,41,7,125,1,0,-1,4,E01012634,0,-1
2021440199313,2021,440199313,1,9,0,18,19,6,2,0,0,0,0,0,0,0,3,1,6,6,2,23,5,1124,1,20,CITROEN SAXO,6,E01017018,0,-1
2021161033108,2021,161033108,2,9,0,18,19,2,6,0,0,0,0,0,0,0,4,1,5,6,1,46,8,1499,2,5,FORD GRAND C-MAX,1,E01012806,0,-1
2021501078816,2021,501078816,2,9,0,4,4,7,3,0,0,0,0,0,0,0,1,1,6,6,2,45,7,1560,2,8,FORD GRAND C-MAX,7,E01015203,0,-1
2021552200009,2021,552200009,2,9,0,18,19,8,4,0,0,0,1,0,0,0,2,1,6,6,1,70,10,1598,1,8,PEUGEOT RCZ,7,E01020511,0,-1
2021542317621,2021,542317621,2,9,0,3,3,6,2,0,0,0,0,0,0,0,2,1,2,2,1,51,8,1968,2,11,SEAT EXEO,8,E01015550,0,-1
2021061048410,2021,061048410,2,5,0,18,19,2,4,0,0,8,0,0,0,0,1,1,5,6,1,30,6,598,1,23,-1,1,E01006334,0,-1
2021221108433,2021,221108433,1,9,0,18,19,3,7,0,0,3,1,0,7,0,1,1,5,6,1,56,9,4497,1,8,-1,8,E01032182,0,-1
2021010317610,2021,010317610,2,3,0,18,19,1,5,0,0,2,0,0,0,0,0,1,6,6,1,43,7,108,1,12,HONDA NHX110WH,5,E01000144,0,-1
2021991049451,2021,991049451,6,9,0,18,19,3,7,0,0,0,0,0,0,0,2,1,2,2,1,31,6,1994,1,15,SUBARU IMPREZA,5,-1,0,-1
2021461073494,2021,461073494,1,9,0,16,19,1,5,0,0,7,1,0,4,0,4,1,6,6,1,30,6,1994,1,16,SUBARU IMPREZA,9,E01024416,0,-1
202163D088421,2021,63D088421,2,9,0,4,4,8,4,0,0,0,0,0,0,0,2,1,6,6,1,61,9,999,1,3,VAUXHALL VIVA,1,E01007272,0,-1
2021201117121,2021,201117121,1,3,0,18,19,5,1,0,0,0,0,0,0,0,1,1,6,6,1,20,4,689,1,6,YAMAHA MT,3,E01009606,0,-1
202131C108921,2021,31C108921,3,5,0,3,3,2,6,0,0,1,0,0,0,0,2,1,6,6,1,28,6,689,1,4,YAMAHA MT,6,E01013887,0,-1
2021101031115,2021,101031115,2,5,0,5,5,2,8,-1,-1,0,0,0,3,0,1,1,6,6,1,42,7,660,1,15,YAMAHA MT,2,E01008670,0,-1
2021010294709,2021,010294709,1,9,0,18,19,3,7,0,0,2,0,0,0,0,1,1,6,6,1,40,7,1998,1,1,BMW 4 SERIES,1,E01024295,0,-1
2021141023470,2021,141023470,3,9,0,18,19,5,1,0,0,0,0,0,0,0,4,1,6,6,1,24,5,1998,1,2,BMW 4 SERIES,1,E01007369,0,-1
2021421016337,2021,421016337,1,9,0,5,5,7,3,0,0,2,0,0,0,0,4,1,5,6,1,36,7,2993,2,3,BMW 4 SERIES,6,E01015860,0,-1
2021211127523,2021,211127523,1,9,0,18,19,4,8,0,0,0,5,0,1,0,4,1,6,6,1,21,5,1995,2,6,BMW 4 SERIES,2,E01003607,0,-1
2021010344694,2021,010344694,1,9,0,99,99,9,9,99,99,0,9,99,9,99,2,9,2,2,1,52,8,1995,2,4,BMW 4 SERIES,5,E01000738,0,-1
2021421099184,2021,421099184,1,9,0,18,19,3,6,0,0,0,1,0,1,0,1,1,6,6,1,29,6,2993,2,6,BMW 4 SERIES,3,E01016005,0,-1
2021010322056,2021,010322056,2,9,0,18,19,3,7,0,0,1,0,0,0,0,1,1,6,6,1,22,5,1995,2,6,BMW 4 SERIES,10,E01002188,0,-1
2021371051875,2021,371051875,2,9,0,18,19,5,1,0,0,7,0,0,0,0,1,1,5,6,2,36,7,2993,2,6,BMW 4 SERIES,5,E01018051,0,-1
2021131064205,2021,131064205,1,9,0,18,19,1,5,0,0,0,1,0,1,11,1,1,5,6,1,34,6,2993,2,5,BMW 4 SERIES,1,E01010673,0,-1
2021010296441,2021,010296441,1,3,0,18,19,5,1,0,0,8,0,0,0,0,1,1,6,6,1,25,5,124,1,4,PIAGGIO LIBERTY,1,E01033604,0,-1
2021010307427,2021,010307427,1,3,0,18,19,7,3,0,0,1,0,0,1,0,1,1,6,6,1,21,5,124,1,13,PIAGGIO LIBERTY,-1,-1,0,-1
2021501100501,2021,501100501,1,3,0,18,19,3,7,0,0,0,0,2,0,0,4,1,6,6,1,26,6,124,1,0,PIAGGIO LIBERTY,8,E01020281,0,-1
2021471049856,2021,471049856,2,3,0,18,19,5,1,0,0,8,0,0,0,0,1,1,5,6,1,28,6,124,1,27,YAMAHA MODEL MISSING,5,E01020968,0,-1
2021010300129,2021,010300129,1,9,0,99,99,9,9,99,99,9,9,99,9,99,9,9,6,6,1,47,8,2993,2,4,BMW X5,4,E01017469,0,-1
2021141023470,2021,141023470,1,9,0,18,19,6,2,0,0,0,0,0,0,0,1,1,5,6,1,31,6,2993,2,16,BMW X5,1,E01007332,0,-1
2021471022980,2021,471022980,3,9,0,18,19,8,4,0,0,0,0,0,0,0,1,1,1,1,1,42,7,2993,2,3,BMW X5,6,E01021034,0,-1
2021451052026,2021,451052026,2,9,0,18,19,5,1,0,0,8,0,0,0,0,1,1,5,6,1,45,7,2979,1,19,BMW X5,4,E01030645,0,-1
2021440241583,2021,440241583,1,9,0,18,19,3,7,0,0,0,0,0,0,0,1,1,1,1,1,-1,-1,2993,2,4,BMW X5,7,E01017046,0,-1
2021421103641,2021,421103641,4,9,0,18,19,4,8,0,0,0,0,0,0,0,0,1,1,1,1,35,6,2993,2,3,BMW X5,8,E01021544,0,-1
2021430492670,2021,430492670,2,9,0,18,19,4,8,0,0,8,0,0,0,0,3,1,2,2,1,31,6,1753,2,12,FORD C-MAX,1,E01016372,0,-1
2021991101876,2021,991101876,2,9,0,18,19,6,1,0,0,1,0,0,0,0,4,1,6,6,1,53,8,1499,2,4,FORD C-MAX,2,-1,0,-1
2021101117442,2021,101117442,3,9,0,3,3,3,7,0,0,1,0,0,0,0,2,1,5,6,1,79,11,999,1,4,FORD C-MAX,5,E01027441,0,-1
2021461099222,2021,461099222,2,9,0,4,4,3,7,0,0,2,0,0,0,0,2,1,6,6,2,40,7,1560,2,6,FORD C-MAX,6,E01024136,0,-1
2021401056756,2021,401056756,1,5,0,15,15,3,7,0,0,0,0,0,0,0,4,1,5,6,1,53,8,1195,1,8,-1,7,E01017584,0,-1
2021201129340,2021,201129340,2,9,0,3,3,3,7,0,0,0,0,0,0,0,2,1,6,6,2,29,6,1360,1,12,PEUGEOT 207,-1,-1,0,-1
2021501120008,2021,501120008,4,9,0,3,3,8,4,0,0,0,0,0,0,0,2,1,6,6,1,30,6,1560,2,10,PEUGEOT 207,7,E01018970,0,-1
2021544410121,2021,544410121,2,9,0,18,19,5,1,0,0,8,0,0,0,0,1,1,6,6,2,32,6,1560,2,13,PEUGEOT 207,2,E01015573,0,-1
2021061096937,2021,061096937,2,9,0,3,3,7,3,0,0,1,0,0,0,0,1,1,5,6,2,62,9,1598,1,13,PEUGEOT 207,4,E01005185,0,-1
2021501048748,2021,501048748,2,9,0,4,4,5,1,0,0,0,1,0,0,0,1,1,5,6,2,56,9,1560,2,11,PEUGEOT 207,8,E01020250,0,-1
2021501079684,2021,501079684,2,9,0,18,19,4,8,0,0,0,0,0,0,0,2,1,2,2,2,51,8,1398,2,9,PEUGEOT 207,4,E01018812,0,-1
2021052100095,2021,052100095,2,9,0,3,3,5,1,0,0,1,0,0,0,0,1,1,6,6,2,51,8,1360,1,14,PEUGEOT 207,9,E01006917,0,-1
2021201143712,2021,201143712,1,9,0,18,19,-1,-1,0,0,0,0,0,0,0,2,1,6,6,2,-1,-1,1360,1,11,PEUGEOT 207,5,E01009246,0,-1
2021522102461,2021,522102461,1,9,0,11,11,3,7,0,0,8,0,0,0,0,4,1,6,6,1,48,8,1598,2,2,SKODA KAROQ,10,E01014395,0,-1
2021221093543,2021,221093543,1,9,0,13,13,7,3,0,0,0,0,0,7,3,1,1,5,6,1,71,10,1498,1,1,SKODA KAROQ,8,W01000450,0,-1
2021351072639,2021,351072639,1,9,0,18,19,4,8,0,0,0,0,2,1,9,4,1,5,6,1,56,9,1498,1,0,SKODA KAROQ,2,E01017472,0,-1
2021430250033,2021,430250033,1,9,0,4,4,8,4,0,0,0,0,0,0,0,2,1,6,6,1,73,10,1498,1,3,SKODA KAROQ,9,E01017829,0,-1
2021061048410,2021,061048410,1,9,0,5,5,6,8,0,0,8,0,0,0,0,1,1,5,6,2,68,10,999,1,4,VOLKSWAGEN UP,9,E01006331,0,-1
2021421051692,2021,421051692,1,9,0,18,19,7,3,0,0,2,0,0,1,11,1,1,6,6,1,36,7,999,1,4,VOLKSWAGEN UP,3,E01016012,0,-1
2021421034198,2021,421034198,3,9,0,18,19,7,3,0,0,0,0,0,0,0,1,1,5,6,2,64,9,999,1,7,VOLKSWAGEN UP,8,E01021652,0,-1
2021451081732,2021,451081732,1,9,0,18,19,1,5,0,0,0,0,0,0,0,1,1,5,6,2,19,4,999,1,3,VOLKSWAGEN UP,10,E01017887,0,-1
2021211121546,2021,211121546,1,9,0,18,19,8,8,0,0,0,0,0,0,0,1,1,5,6,1,20,4,999,1,0,VOLKSWAGEN UP,6,E01029401,0,-1
2021141013098,2021,141013098,1,9,4,18,19,5,1,0,0,2,0,0,0,0,1,1,1,1,1,23,5,2982,2,10,TOYOTA HILUX,9,E01007475,0,-1
2021401072800,2021,401072800,1,9,0,4,4,3,7,0,0,1,0,0,0,0,1,1,1,1,1,30,6,2494,2,7,TOYOTA HILUX,5,E01017497,0,-1
2021371143326,2021,371143326,2,9,0,18,19,3,7,0,0,0,0,0,0,0,1,1,6,6,1,37,7,2982,2,5,TOYOTA HILUX,4,E01030022,0,-1
202134WNC2081,2021,34WNC2081,2,9,0,18,19,1,5,0,0,0,0,0,0,0,4,1,2,2,1,49,8,2393,2,4,TOYOTA HILUX,2,E01029734,0,-1
2021010330804,2021,010330804,2,9,0,99,99,9,9,99,99,9,9,99,9,99,2,9,6,6,3,-1,-1,2393,2,2,TOYOTA HILUX,-1,-1,0,-1
2021302101049,2021,302101049,1,9,0,18,19,6,2,0,0,0,1,0,1,2,1,1,6,6,2,39,7,1242,1,18,FIAT PUNTO,8,E01028096,0,-1
2021361058032,2021,361058032,3,9,0,3,3,7,3,0,0,0,0,0,0,0,2,1,5,6,1,72,10,1242,1,13,FIAT PUNTO,9,E01026942,0,-1
2021471112427,2021,471112427,1,9,0,18,19,7,3,0,0,0,0,0,0,0,1,1,6,6,1,-1,-1,1242,1,18,FIAT PUNTO,-1,-1,0,-1
2021440044628,2021,440044628,1,9,0,4,4,5,1,0,0,1,0,0,0,0,1,1,6,6,1,37,7,1242,1,9,FIAT PUNTO,6,E01023199,0,-1
2021101027024,2021,101027024,1,9,0,11,11,5,1,0,0,1,0,0,0,0,4,1,6,6,1,44,7,1242,1,15,FIAT PUNTO,5,E01008787,0,-1
2021991027212,2021,991027212,1,8,0,18,19,5,1,0,0,0,0,0,0,0,1,1,5,6,2,43,7,1560,2,7,PEUGEOT HORIZON,5,-1,0,-1
2021622100912,2021,622100912,2,8,0,4,4,8,4,0,0,0,0,0,0,0,1,1,1,1,1,31,6,1598,1,5,PEUGEOT HORIZON,8,W01001252,0,-1
2021010311327,2021,010311327,1,3,0,3,3,1,5,0,0,1,0,0,0,0,4,1,6,6,2,32,6,125,1,1,YAMAHA DELIGHT,3,E01000511,0,-1
2021421082627,2021,421082627,1,3,0,18,19,7,3,0,0,0,1,0,7,0,4,1,2,2,1,67,10,124,1,11,YAMAHA YBR,4,E01021809,0,-1
2021430361812,2021,430361812,1,3,0,14,14,5,1,0,0,1,0,0,0,0,3,1,6,6,1,18,4,124,1,10,YAMAHA YBR,10,E01017765,0,-1
2021010308784,2021,010308784,1,3,0,18,19,7,3,0,0,1,0,0,0,0,2,1,2,2,1,29,6,124,1,10,YAMAHA YBR,8,E01024184,0,-1
2021552100661,2021,552100661,1,3,0,18,19,7,3,0,0,0,0,2,0,0,1,1,2,2,1,24,5,124,1,8,YAMAHA YBR,2,E01032659,0,-1
2021010306026,2021,010306026,2,3,0,14,14,1,5,0,0,8,1,0,0,0,1,1,6,6,1,46,8,125,1,5,YAMAHA YBR,5,E01000144,0,-1
2021471110762,2021,471110762,4,9,0,4,4,7,3,0,0,0,1,0,0,0,2,1,2,2,1,57,9,1968,2,8,AUDI A3,7,E01016913,0,-1
2021131035582,2021,131035582,2,9,0,4,4,8,4,0,0,0,0,0,0,0,2,1,6,6,2,23,5,1798,1,14,AUDI A3,1,E01011725,0,-1
2021010322230,2021,010322230,2,9,0,18,19,3,7,0,0,0,0,0,0,0,1,1,6,6,1,22,5,1598,2,4,AUDI A3,3,E01003025,0,-1
2021010300761,2021,010300761,1,9,0,99,99,9,9,99,99,9,9,99,9,99,9,9,6,6,3,-1,-1,1395,1,6,AUDI A3,-1,-1,0,-1
2021221037920,2021,221037920,1,9,0,18,19,6,2,0,0,0,0,4,0,0,1,1,5,6,1,22,5,1896,2,14,AUDI A3,5,E01032312,0,-1
2021050646701,2021,050646701,2,9,0,3,3,7,3,0,0,0,0,2,0,0,2,2,6,6,2,26,6,1968,2,7,AUDI A3,9,E01012393,0,-1
202163C095521,2021,63C095521,2,9,0,3,3,3,7,0,0,0,0,0,1,7,2,1,6,6,2,50,8,1984,1,17,AUDI A3,9,W01000619,0,-1
2021430151959,2021,430151959,2,9,0,3,3,6,2,0,0,0,0,0,0,0,4,1,6,6,1,30,6,1968,2,15,AUDI A3,8,E01028614,0,-1
2021131108116,2021,131108116,1,9,0,18,19,6,2,0,0,0,0,0,0,0,1,1,5,6,2,66,10,1896,2,18,AUDI A3,1,E01011730,0,-1
2021010315226,2021,010315226,2,9,0,99,99,9,9,0,0,8,0,0,0,0,2,9,6,6,1,-1,-1,1968,2,12,AUDI A3,-1,-1,0,-1
2021010340209,2021,010340209,2,9,0,18,19,7,3,0,0,8,0,0,0,0,4,1,6,6,1,31,6,1395,1,5,AUDI A3,4,E01002802,0,-1
202134WNC2141,2021,34WNC2141,1,9,0,18,19,7,3,0,0,0,0,0,0,0,1,1,6,6,1,77,11,1498,1,4,AUDI A3,5,E01027179,0,-1
2021221045416,2021,221045416,1,9,0,6,6,8,8,0,0,0,0,0,0,0,3,1,5,6,1,41,7,1395,1,7,AUDI A3,6,E01032283,0,-1
2021461077985,2021,461077985,2,9,0,4,4,7,3,0,0,0,0,0,0,0,2,1,5,6,2,49,8,1798,1,13,AUDI A3,8,E01016122,0,-1
2021122101301,2021,122101301,3,9,0,3,3,7,3,0,0,0,0,0,0,0,2,1,6,6,1,54,8,1598,2,7,AUDI A3,5,E01008679,0,-1
2021131108116,2021,131108116,2,9,0,18,19,6,2,0,0,0,0,0,0,0,2,1,2,2,2,36,7,1598,2,9,AUDI A3,6,E01011881,0,-1
2021201100554,2021,201100554,2,9,0,3,3,6,2,0,0,0,0,0,0,0,2,1,6,6,1,50,8,1968,2,0,AUDI A3,3,E01010451,0,-1
2021201080951,2021,201080951,1,9,0,18,19,8,4,0,0,0,0,0,0,0,1,1,6,6,1,-1,-1,3189,1,16,AUDI A3,-1,-1,0,-1
2021010337555,2021,010337555,2,9,0,9,9,2,8,0,0,1,0,0,1,0,1,1,6,6,1,24,5,1390,1,10,AUDI A3,-1,-1,0,-1
2021010340541,2021,010340541,1,9,0,9,9,6,4,0,0,6,0,0,0,0,1,1,6,6,2,61,9,1984,1,12,AUDI A3,5,E01001168,0,-1
2021201028606,2021,201028606,2,9,0,2,2,0,0,0,0,0,0,4,0,0,1,1,6,6,1,26,6,1984,1,4,AUDI A3,1,E01033648,0,-1
2021131042683,2021,131042683,1,9,0,18,19,-1,-1,0,0,8,0,0,0,0,1,1,6,6,3,30,6,1968,2,6,AUDI A3,-1,-1,0,-1
202163A052221,2021,63A052221,1,9,0,9,9,6,3,0,0,5,0,0,0,0,1,1,6,6,1,32,6,1781,1,18,AUDI A3,1,W01001280,0,-1
2021451074635,2021,451074635,2,9,0,18,19,3,7,0,0,8,0,0,1,0,1,1,5,6,2,45,7,1968,2,9,AUDI A3,3,E01030901,0,-1
202163C095521,2021,63C095521,1,9,0,16,19,3,6,0,0,0,0,0,0,0,1,1,6,6,1,58,9,1968,2,8,AUDI A3,8,W01000557,0,-1
2021231023608,2021,231023608,1,9,0,18,19,6,2,0,0,0,0,0,0,0,1,1,5,6,2,20,4,1896,2,16,AUDI A3,9,E01012974,0,-1
2021131041744,2021,131041744,2,9,0,18,19,1,1,0,0,0,0,0,0,0,2,1,5,6,1,45,7,1968,2,15,AUDI A3,6,E01011408,0,-1
2021010293789,2021,010293789,1,9,0,99,99,9,9,99,99,9,9,99,9,99,1,9,6,6,1,28,6,1498,1,3,AUDI A3,4,E01032788,0,-1
2021622100463,2021,622100463,1,9,0,18,19,4,8,0,0,1,0,0,0,0,1,1,6,6,1,32,6,1781,1,18,AUDI A3,1,W01001280,0,-1
2021010321604,2021,010321604,1,9,9,18,19,1,5,0,0,1,9,0,0,0,3,9,6,6,3,52,8,1968,2,9,AUDI A3,2,E01003990,0,-1
2021991093965,2021,991093965,1,9,0,18,19,8,4,0,0,0,0,0,0,0,1,1,1,1,1,30,6,1896,2,12,AUDI A3,1,-1,0,-1
202134WNC2201,2021,34WNC2201,2,9,0,2,2,0,0,0,0,2,0,0,0,0,2,1,6,6,1,-1,-1,1968,2,14,AUDI A3,7,E01027299,0,-1
2021122101355,2021,122101355,1,9,0,1,1,2,3,9,9,5,0,0,0,0,2,1,6,6,2,84,11,1968,2,8,AUDI A3,10,E01013423,0,-1
2021231108952,2021,231108952,2,9,0,4,4,8,4,0,0,8,0,0,0,0,2,1,5,6,2,48,8,1968,2,7,AUDI A3,7,E01031014,0,-1
2021170S21281,2021,170S21281,2,4,0,18,19,3,7,0,0,8,0,0,0,0,1,1,6,6,1,60,9,1157,1,13,BMW K SERIES,5,E01008490,0,-1
2021010314119,2021,010314119,1,9,0,9,9,3,2,0,0,5,0,0,0,0,4,1,6,6,2,42,7,1995,2,0,BMW X2,1,E01002673,0,-1
2021471053709,2021,471053709,1,9,0,7,7,5,7,0,0,0,0,0,0,0,4,1,5,6,1,77,11,1242,1,7,FIAT PANDA,4,E01016882,0,-1
2021440163653,2021,440163653,2,9,0,4,4,7,3,0,0,0,0,0,0,0,2,1,2,2,2,57,9,1242,1,7,FIAT PANDA,6,E01031408,0,-1
2021440329367,2021,440329367,2,9,0,18,19,7,3,0,0,0,1,0,0,0,2,1,2,2,1,55,8,875,1,3,FIAT PANDA,9,E01022920,0,-1
2021141075227,2021,141075227,1,9,0,3,3,3,7,0,0,0,0,0,0,0,2,1,6,6,1,55,8,1108,1,12,FIAT PANDA,1,E01007320,0,-1
2021131092914,2021,131092914,2,4,0,18,19,1,1,0,0,0,0,0,0,0,1,1,5,6,1,17,4,124,1,3,LEXMOTO VIPER 125,1,E01010938,0,-1
2021010320172,2021,010320172,1,9,0,3,3,1,5,0,0,8,0,10,0,0,4,1,3,7,2,37,7,1995,2,11,RENAULT GRAND SCENIC,1,E01033605,0,-1
2021201124896,2021,201124896,1,9,0,18,19,6,2,0,0,0,0,0,0,0,2,1,6,6,2,22,5,1229,1,7,VAUXHALL ADAM,7,E01010123,0,-1
2021170L10211,2021,170L10211,2,9,0,18,19,8,4,0,0,0,0,0,1,11,1,1,6,6,2,30,6,1229,1,8,VAUXHALL ADAM,1,E01020777,0,-1
2021622100106,2021,622100106,2,9,0,18,19,6,2,0,0,8,0,0,0,0,1,1,2,2,2,22,5,999,1,3,VOLKSWAGEN T-ROC,6,W01000954,0,-1
2021991022047,2021,991022047,3,9,0,3,3,4,8,0,0,0,0,0,0,0,4,1,2,2,1,60,9,1498,1,1,VOLKSWAGEN T-ROC,3,-1,0,-1
2021061069737,2021,061069737,4,9,0,3,3,1,5,0,0,0,0,0,0,0,2,1,6,6,2,25,5,999,1,1,VOLKSWAGEN T-ROC,2,E01005915,0,-1
2021501062846,2021,501062846,2,9,0,18,19,8,4,0,0,0,0,0,0,0,3,1,5,6,1,68,10,2435,1,13,VOLVO C70,6,E01020237,0,-1
202134WNC4561,2021,34WNC4561,5,19,0,18,19,1,5,0,0,0,0,0,1,9,2,1,6,6,1,52,8,2287,2,0,FIAT DUCATO,10,E01013377,0,-1
2021320658807,2021,320658807,1,19,0,18,19,5,1,0,0,0,0,2,0,0,1,1,6,6,1,45,7,2287,2,9,FIAT DUCATO,8,E01027999,0,-1
202131D124621,2021,31D124621,4,19,0,13,13,6,2,0,0,0,0,0,0,0,0,1,1,1,1,58,9,-1,-1,-1,FIAT DUCATO,10,E01028137,0,-1
2021041116365,2021,041116365,1,9,0,18,19,3,8,0,0,0,0,0,0,0,2,1,5,6,1,83,11,1200,1,3,CITROEN C3,6,E01012719,0,-1
2021552101185,2021,552101185,2,9,0,4,4,8,4,0,0,0,0,0,0,0,2,1,6,6,1,81,11,1200,1,2,CITROEN C3,6,E01020445,0,-1
2021430126607,2021,430126607,2,9,0,12,12,7,3,0,0,3,0,0,0,0,3,1,6,6,2,-1,-1,1124,1,19,CITROEN C3,-1,-1,0,-1
2021320046231,2021,320046231,1,9,0,18,19,5,1,0,0,0,0,0,0,0,1,1,6,6,1,40,7,1328,1,18,SUZUKI IGNIS,3,E01026075,0,-1
2021471080421,2021,471080421,1,9,0,3,3,6,2,0,0,0,0,0,0,0,2,1,2,2,2,41,7,2993,2,9,BMW 6 SERIES,6,E01030818,0,-1
2021201023595,2021,201023595,1,9,0,9,9,8,6,0,0,2,0,0,0,0,1,1,6,6,1,33,6,2993,2,7,BMW 6 SERIES,2,E01009742,0,-1
2021201053814,2021,201053814,1,9,0,18,19,6,2,0,0,1,0,0,0,0,1,1,6,6,3,-1,-1,1910,2,14,FIAT BRAVO,-1,-1,0,-1
2021302101736,2021,302101736,2,9,0,18,19,8,4,0,0,0,0,0,0,0,3,1,6,6,1,24,5,1598,2,9,FIAT BRAVO,1,E01013485,0,-1
2021211091152,2021,211091152,1,3,0,13,13,6,1,0,0,8,0,0,0,0,1,1,6,6,1,65,9,948,1,1,KAWASAKI ZR,6,E01029728,0,-1
2021161104844,2021,161104844,2,3,0,18,19,3,7,0,0,1,5,0,1,7,1,1,6,6,1,32,6,125,1,5,-1,-1,-1,0,-1
2021501109207,2021,501109207,1,9,0,18,19,1,3,0,0,0,0,11,0,0,1,1,5,6,1,17,4,995,1,11,CHEVROLET SPARK,7,E01018970,0,-1
2021010337239,2021,010337239,1,9,0,3,3,5,1,0,0,0,0,0,0,0,1,1,6,6,2,36,7,1993,8,1,HONDA CR-V,6,E01023941,0,-1
2021061109605,2021,061109605,2,9,0,4,4,5,1,0,0,0,0,0,0,0,2,1,5,6,1,49,8,1973,1,20,HONDA CR-V,2,E01005553,0,-1
2021201073572,2021,201073572,2,3,0,18,19,3,7,0,0,8,1,0,0,0,4,1,2,2,1,34,6,124,1,2,LEXMOTO ZSB,2,E01010404,0,-1
2021061082579,2021,061082579,1,11,0,18,19,1,5,0,0,2,0,0,0,0,1,1,1,1,1,29,6,7300,2,13,VOLVO Model Missing,3,E01005003,0,-1
2021052100325,2021,052100325,2,21,1,18,19,6,2,0,0,0,0,0,0,0,4,1,1,1,1,31,6,12777,2,2,VOLVO Model Missing,1,E01032252,0,-1
2021141019596,2021,141019596,1,21,0,18,19,5,1,0,0,0,5,0,1,7,1,1,1,1,1,60,9,16120,2,23,VOLVO Model Missing,9,E01013120,0,-1
2021531054214,2021,531054214,1,21,0,18,19,-1,-1,0,0,0,0,11,0,0,-1,1,6,6,1,38,7,12777,2,8,VOLVO Model Missing,7,E01022206,0,-1
2021421053515,2021,421053515,2,21,1,12,12,4,7,8,6,0,0,0,0,0,3,1,1,1,1,57,9,12777,2,0,VOLVO Model Missing,1,E01015282,0,-1
2021351052847,2021,351052847,6,21,1,3,3,7,3,0,0,0,0,0,0,0,2,1,1,1,1,49,8,12777,2,6,VOLVO Model Missing,2,E01030170,0,-1
2021041074660,2021,041074660,1,9,0,18,19,5,1,0,0,0,0,0,0,0,1,1,5,6,2,39,7,1496,2,4,BMW 1 SERIES,3,E01025069,0,-1
2021221117601,2021,221117601,2,9,0,4,4,8,4,0,0,1,0,0,1,0,2,1,5,6,2,25,5,1499,1,1,BMW 1 SERIES,7,E01023679,0,-1
2021010291081,2021,010291081,1,9,0,7,7,5,6,0,0,2,0,0,0,0,1,1,6,6,1,18,4,1598,1,8,BMW 1 SERIES,3,E01001764,0,-1
2021421045097,2021,421045097,2,9,0,18,19,6,3,0,0,0,0,4,0,0,1,1,6,6,2,33,6,1599,1,13,BMW 1 SERIES,4,E01016003,0,-1
2021540673521,2021,540673521,2,9,0,4,4,5,1,0,0,0,0,0,0,0,2,1,2,2,1,27,6,2000,2,12,BMW 1 SERIES,-1,-1,0,-1
2021101055283,2021,101055283,2,9,0,16,19,1,5,0,0,0,0,0,0,0,2,1,5,6,2,35,6,1995,2,6,BMW 1 SERIES,1,E01008438,0,-1
2021010310705,2021,010310705,1,9,0,5,5,7,3,0,0,3,0,11,0,0,1,1,6,6,1,26,6,1499,1,5,BMW 1 SERIES,4,E01000408,0,-1
2021010319344,2021,010319344,1,9,0,9,9,7,5,0,0,8,0,0,0,0,3,1,6,6,2,48,8,1598,1,8,BMW 1 SERIES,4,E01001261,0,-1
2021471081623,2021,471081623,2,9,0,3,3,3,7,0,0,0,0,0,0,0,2,1,5,6,2,42,7,1995,2,6,BMW 1 SERIES,5,E01020947,0,-1
2021430018361,2021,430018361,2,9,0,3,3,3,7,0,0,0,0,0,0,0,3,1,6,6,2,49,8,1496,2,1,BMW 1 SERIES,3,E01028621,0,-1
2021010333448,2021,010333448,2,9,9,18,19,3,7,0,0,9,9,99,0,0,9,9,6,6,1,26,6,1596,1,15,BMW 1 SERIES,3,E01002043,0,-1
2021221062713,2021,221062713,1,9,0,12,12,3,7,0,0,3,0,0,0,0,3,1,6,6,3,34,6,1995,1,12,BMW 1 SERIES,-1,-1,0,-1
2021430495981,2021,430495981,1,9,0,18,19,6,2,0,0,3,0,0,0,0,2,1,6,6,2,38,7,1995,2,7,BMW 1 SERIES,8,E01016557,0,-1
2021461099222,2021,461099222,3,9,0,2,2,0,0,0,0,2,0,0,0,0,0,1,6,6,3,-1,-1,1995,2,12,BMW 1 SERIES,-1,-1,0,-1
2021141077954,2021,141077954,2,9,0,4,4,5,1,0,0,0,0,0,0,0,1,1,2,2,2,55,8,1496,2,6,BMW 1 SERIES,4,E01007704,0,-1
2021010306534,2021,010306534,1,9,0,18,19,3,7,0,0,0,0,0,0,0,3,1,6,6,2,30,6,1995,2,10,BMW 1 SERIES,10,E01002191,0,-1
2021131076876,2021,131076876,2,9,0,18,19,5,1,0,0,1,0,4,0,0,1,1,2,2,2,44,7,1995,2,12,BMW 1 SERIES,5,E01011063,0,-1
2021070227046,2021,070227046,1,9,0,4,4,8,4,0,0,7,0,2,0,0,1,1,6,6,2,57,9,1598,1,9,BMW 1 SERIES,1,E01022122,0,-1
2021061069737,2021,061069737,2,9,0,3,3,1,5,0,0,0,0,0,0,0,2,1,5,6,2,35,6,1496,2,5,BMW 1 SERIES,6,W01000014,0,-1
2021471066275,2021,471066275,1,9,0,5,5,2,8,0,0,4,0,0,0,0,3,1,5,6,1,80,11,1499,1,4,BMW 1 SERIES,5,E01031415,0,-1
2021010347641,2021,010347641,1,9,0,12,12,8,4,0,0,0,0,0,0,0,4,1,6,6,1,23,5,1995,2,6,BMW 1 SERIES,-1,-1,0,-1
202134NNC3791,2021,34NNC3791,1,9,0,5,5,3,7,0,0,0,0,0,0,0,1,1,6,6,1,41,7,1995,2,9,BMW 1 SERIES,10,E01027121,0,-1
202163D088421,2021,63D088421,3,9,0,4,4,8,4,0,0,0,0,0,0,0,2,1,1,1,1,58,9,1496,2,4,BMW 1 SERIES,10,E01029665,0,-1
2021070768755,2021,070768755,3,9,0,4,4,7,3,0,0,0,0,0,0,6,1,1,6,6,1,31,6,1995,2,8,BMW 1 SERIES,3,E01003141,0,-1
2021451054923,2021,451054923,2,9,0,7,7,1,5,0,0,0,0,0,0,0,1,1,2,2,2,37,7,1499,1,4,BMW 1 SERIES,4,E01003826,0,-1
202163B031221,2021,63B031221,2,9,0,18,19,5,1,0,0,1,0,0,0,0,1,1,6,6,1,68,10,1598,1,8,BMW 1 SERIES,-1,-1,0,-1
2021010288016,2021,010288016,2,9,0,99,99,9,9,99,99,9,9,99,9,99,1,9,6,6,3,-1,-1,1499,1,1,BMW 1 SERIES,5,E01004370,0,-1
2021302101812,2021,302101812,3,9,0,4,4,8,4,0,0,0,0,0,0,0,2,1,6,6,1,-1,-1,1995,2,8,BMW 1 SERIES,4,E01019773,0,-1
2021010310481,2021,010310481,2,9,0,99,99,9,9,99,99,9,9,99,9,99,9,9,6,6,1,21,5,1598,1,7,BMW 1 SERIES,4,E01003771,0,-1
2021461077985,2021,461077985,1,9,0,4,4,7,3,0,0,0,0,0,0,0,1,1,2,2,2,30,6,1496,2,6,BMW 1 SERIES,6,E01024276,0,-1
2021101104750,2021,101104750,1,9,0,18,19,4,8,0,0,2,0,0,0,0,1,1,6,6,1,84,11,1995,2,3,BMW 1 SERIES,8,E01027370,0,-1
2021010327864,2021,010327864,1,9,0,18,19,1,5,0,0,0,0,0,0,0,1,1,6,6,1,42,7,1995,2,8,BMW 1 SERIES,2,E01000075,0,-1
2021302100381,2021,302100381,2,9,0,4,4,5,1,0,0,0,0,0,0,0,2,1,6,6,2,22,5,1499,1,3,BMW 1 SERIES,4,E01013534,0,-1
2021471066275,2021,471066275,2,5,0,18,19,7,3,0,0,4,5,0,0,0,4,1,1,1,1,21,5,125,1,3,HONDA GLR 125,3,E01031441,0,-1
2021010332976,2021,010332976,1,3,0,14,14,4,8,0,0,0,2,0,0,0,0,1,1,1,1,25,5,125,1,2,HONDA GLR 125,1,E01033455,0,-1
2021451046972,2021,451046972,1,3,0,17,19,1,5,0,0,0,1,0,0,0,1,1,5,6,1,23,5,125,1,5,HONDA GLR 125,8,E01003422,0,-1
2021371026671,2021,371026671,1,2,0,4,4,7,3,0,0,0,0,0,1,4,4,1,2,2,1,27,6,125,1,5,HONDA GLR 125,7,E01030020,0,-1
2021211079401,2021,211079401,2,11,-1,-1,-1,7,3,-1,-1,-1,-1,-1,-1,-1,-1,1,1,1,1,-1,-1,4250,2,15,MAKE AND MODEL REDACTED,1,E01014305,0,-1
2021010293696,2021,010293696,1,9,0,3,3,3,7,0,0,0,0,0,0,0,4,1,6,6,1,45,7,-1,3,4,TESLA MODEL S,10,E01023695,0,-1
2021421019619,2021,421019619,2,9,0,9,9,3,1,0,0,3,0,0,0,0,1,1,5,6,1,68,10,-1,3,4,TESLA MODEL S,7,E01021765,0,-1
202134NNC3081,2021,34NNC3081,2,9,0,18,19,7,3,0,0,1,0,0,0,0,2,1,6,6,2,46,8,1248,2,4,FIAT TIPO,5,E01027073,0,-1
2021201031880,2021,201031880,2,9,0,3,3,8,4,0,0,0,0,0,0,0,2,1,6,6,1,26,6,1597,1,24,FORD ESCORT,5,E01009739,0,-1
2021201145435,2021,201145435,2,9,0,18,19,7,7,0,0,8,0,0,0,0,1,1,2,2,1,38,7,2967,2,6,VOLKSWAGEN TOUAREG,1,E01009477,0,-1
2021010300488,2021,010300488,2,9,0,10,10,1,6,0,0,8,0,0,0,0,1,1,6,6,1,28,6,2967,2,0,VOLKSWAGEN TOUAREG,6,E01033064,0,-1
2021131102886,2021,131102886,2,3,0,-1,-1,-1,-1,-1,-1,0,-1,-1,-1,-1,-1,1,6,6,1,19,4,124,1,9,GILERA RUNNER 125,5,E01010603,0,-1
2021010320998,2021,010320998,1,9,0,7,7,3,4,0,0,1,0,0,0,0,1,1,6,6,1,21,5,2967,2,2,AUDI A7,5,E01001914,0,-1
2021451077570,2021,451077570,3,9,0,2,2,0,0,9,9,1,0,0,0,0,3,1,6,6,3,-1,-1,2967,2,5,AUDI A7,-1,-1,0,-1
2021201023685,2021,201023685,1,9,0,4,4,4,8,0,0,0,0,0,0,0,2,1,6,6,1,42,7,2967,2,3,AUDI A7,3,E01009255,0,-1
2021991120285,2021,991120285,2,9,0,4,4,5,1,0,0,1,0,0,0,0,2,1,5,6,1,26,6,2967,2,8,AUDI A7,6,-1,0,-1
2021101027495,2021,101027495,1,21,1,18,19,7,3,0,0,0,5,0,0,0,3,1,1,1,1,26,6,16400,2,4,SCANIA MODEL MISSING,5,-1,0,-1
2021471099068,2021,471099068,2,11,0,18,19,6,2,0,0,8,0,0,0,0,4,1,1,1,1,40,7,9000,2,12,SCANIA MODEL MISSING,4,E01020966,0,-1
2021101037450,2021,101037450,1,21,1,11,11,5,1,0,0,0,0,0,0,0,1,1,2,2,1,65,9,12740,2,8,SCANIA MODEL MISSING,-1,-1,0,-1
202131C014421,2021,31C014421,2,11,0,9,9,8,6,0,0,8,0,0,0,0,1,1,1,1,1,69,10,9300,5,2,SCANIA MODEL MISSING,2,E01013870,0,-1
2021231068644,2021,231068644,2,21,1,11,11,7,3,0,0,0,0,0,0,0,2,1,1,1,1,48,8,12740,2,3,SCANIA MODEL MISSING,10,E01027203,0,-1
2021231111140,2021,231111140,1,21,1,18,19,8,4,0,0,0,0,0,0,0,1,1,1,1,1,26,6,12740,2,5,SCANIA MODEL MISSING,1,E01013573,0,-1
202163D020421,2021,63D020421,1,11,0,1,1,1,4,0,0,0,0,0,0,0,2,1,1,1,1,59,9,9000,2,3,SCANIA MODEL MISSING,9,E01022615,0,-1
2021371140944,2021,371140944,1,11,0,18,19,8,4,0,0,0,0,0,0,0,0,1,1,1,1,39,7,9000,2,16,SCANIA MODEL MISSING,-1,-1,0,-1
2021010287268,2021,010287268,2,90,0,18,19,7,3,0,0,1,0,4,0,0,1,1,1,1,1,28,6,7146,2,4,DENNIS Model Missing,2,E01003151,0,-1
2021421021430,2021,421021430,2,4,0,4,4,2,6,0,0,0,0,0,0,0,0,1,5,6,1,33,6,250,1,3,-1,4,E01021283,0,-1
2021010302212,2021,010302212,2,9,0,99,99,9,9,99,99,0,9,99,9,99,1,9,6,6,1,-1,-1,999,1,0,MG ZS,2,E01004720,0,-1
2021610057521,2021,610057521,2,9,0,3,3,7,3,0,0,0,0,0,0,0,2,1,6,6,2,58,9,1498,1,3,MG ZS,10,W01001533,0,-1
2021131041220,2021,131041220,2,9,0,7,7,3,6,0,0,6,0,0,0,0,1,1,5,6,2,22,5,998,1,4,PEUGEOT 108,4,E01011678,0,-1
202131B134721,2021,31B134721,2,9,0,3,3,2,6,0,0,0,0,7,0,0,2,1,6,6,1,-1,-1,998,1,5,PEUGEOT 108,6,E01028316,0,-1
2021540713421,2021,540713421,1,9,0,4,4,1,5,0,0,0,0,0,0,0,1,1,6,6,2,22,5,998,1,6,PEUGEOT 108,5,E01032716,0,-1
2021451086574,2021,451086574,2,9,0,9,9,1,3,0,0,6,1,0,0,0,4,1,5,6,2,27,6,998,1,5,PEUGEOT 108,3,E01030793,0,-1
2021131062418,2021,131062418,1,9,0,18,19,5,6,0,0,1,0,0,0,0,1,1,5,6,1,20,4,1200,1,3,PEUGEOT 108,2,E01011359,0,-1
2021501120008,2021,501120008,5,9,0,3,3,8,4,0,0,0,0,0,0,0,2,1,6,6,2,50,8,998,1,1,PEUGEOT 108,7,E01018970,0,-1
2021131116429,2021,131116429,2,9,0,18,19,1,5,0,0,0,0,0,0,0,2,1,2,2,1,23,5,998,1,4,TOYOTA AYGO,6,E01011525,0,-1
2021201118346,2021,201118346,2,9,0,3,3,6,2,0,0,0,0,4,0,0,2,1,1,1,1,55,8,998,1,12,TOYOTA AYGO,4,E01009089,0,-1
2021201032913,2021,201032913,2,9,0,3,3,6,2,0,0,1,0,0,0,0,2,1,6,6,1,-1,-1,998,1,9,TOYOTA AYGO,-1,-1,0,-1
2021111071718,2021,111071718,2,9,0,18,19,7,3,0,0,0,0,0,0,0,1,1,6,6,2,67,10,998,1,5,TOYOTA AYGO,8,E01020598,0,-1
2021547426821,2021,547426821,2,9,0,18,19,5,1,0,0,1,0,0,0,0,1,1,2,2,2,46,8,998,1,6,TOYOTA AYGO,10,E01031919,0,-1
2021320186399,2021,320186399,1,9,0,18,19,6,2,0,0,8,0,0,0,0,1,1,2,2,2,26,6,998,1,4,TOYOTA AYGO,3,E01026085,0,-1
2021010311697,2021,010311697,3,9,0,3,3,3,7,0,0,7,0,0,0,0,2,1,6,6,1,48,8,998,1,15,TOYOTA AYGO,4,E01003333,0,-1
2021161126684,2021,161126684,1,9,0,18,19,3,7,0,0,1,1,2,0,0,1,1,5,6,2,22,5,998,1,8,TOYOTA AYGO,-1,-1,0,-1
2021440091349,2021,440091349,2,9,0,4,4,1,5,0,0,8,0,0,0,0,1,1,1,1,2,18,4,998,1,13,TOYOTA AYGO,9,E01022593,0,-1
202134WNC2231,2021,34WNC2231,2,9,0,18,19,1,5,0,0,0,0,0,0,0,3,1,1,1,1,20,4,998,1,2,TOYOTA AYGO,4,E01028554,0,-1
202134NNC1961,2021,34NNC1961,2,9,0,18,19,4,8,0,0,3,0,0,0,0,2,1,6,6,1,40,7,998,1,10,TOYOTA AYGO,4,E01017475,0,-1
2021430473479,2021,430473479,3,9,0,4,4,2,6,0,0,0,0,0,0,0,2,1,2,2,2,29,6,998,1,12,TOYOTA AYGO,7,E01016470,0,-1
2021501078816,2021,501078816,1,9,0,4,4,7,3,0,0,0,0,0,0,0,2,1,6,6,2,25,5,998,1,4,TOYOTA AYGO,2,E01015190,0,-1
2021451050692,2021,451050692,2,9,0,18,19,3,7,0,0,4,1,2,0,0,3,1,5,6,2,21,5,999,1,4,AUDI A1,4,E01021670,0,-1
2021552100248,2021,552100248,1,9,0,9,9,7,5,0,0,5,0,0,0,0,4,1,2,2,1,24,5,1968,2,9,AUDI A1,9,E01020391,0,-1
2021411067947,2021,411067947,2,9,0,18,19,8,4,9,9,0,0,2,0,0,1,1,6,6,3,-1,-1,999,1,0,AUDI A1,-1,-1,0,-1
2021010347080,2021,010347080,2,9,0,4,4,5,1,0,0,1,0,0,0,0,1,1,6,6,2,24,5,1197,1,10,AUDI A1,6,E01004706,0,-1
2021052100441,2021,052100441,2,9,0,17,19,3,7,0,0,0,0,0,0,0,1,1,6,6,1,18,4,999,1,1,AUDI A1,5,E01006420,0,-1
202134WNC1621,2021,34WNC1621,2,9,0,4,4,7,3,0,0,0,0,0,0,0,2,1,6,6,2,60,9,1390,1,8,AUDI A1,9,E01027201,0,-1
2021131116429,2021,131116429,1,9,0,18,19,1,5,0,0,0,0,0,0,0,2,1,5,6,1,30,6,1968,2,8,AUDI A1,2,E01011262,0,-1
202134WNC6011,2021,34WNC6011,2,9,0,18,19,3,7,0,0,1,0,0,0,0,3,1,6,6,2,56,9,1395,1,7,AUDI A1,9,E01027003,0,-1
2021361058032,2021,361058032,1,9,0,4,4,7,3,0,0,0,0,0,0,0,1,1,5,6,2,25,5,1395,1,6,AUDI A1,3,E01026453,0,-1
202134NNC6311,2021,34NNC6311,1,9,0,18,19,3,7,0,0,1,0,0,0,0,1,1,6,6,2,22,5,1598,2,7,AUDI A1,9,E01027053,0,-1
2021401068621,2021,401068621,2,9,0,4,4,3,5,0,0,1,0,0,0,0,1,1,5,6,2,60,9,1395,1,3,AUDI A1,9,E01017559,0,-1
2021622100629,2021,622100629,1,9,0,18,19,3,7,0,0,0,5,7,0,0,1,1,2,2,2,18,4,999,1,5,AUDI A1,6,W01001305,0,-1
2021131126274,2021,131126274,1,9,0,6,6,5,1,0,0,0,0,0,0,0,3,1,5,6,1,24,5,999,1,1,AUDI A1,2,E01011224,0,-1
2021201064581,2021,201064581,2,9,0,3,3,8,4,0,0,1,0,0,0,0,2,1,2,2,2,22,5,1197,1,8,AUDI A1,2,E01009744,0,-1
2021201090376,2021,201090376,1,21,0,7,7,1,3,0,0,1,0,0,0,0,1,1,1,1,1,53,8,3920,2,17,-1,5,E01009764,0,-1
2021430209891,2021,430209891,2,3,0,18,19,6,2,0,0,1,0,0,7,0,1,1,6,6,1,27,6,125,1,6,HONDA ANC125E,2,E01028567,0,-1
2021122101025,2021,122101025,1,9,0,9,9,2,8,2,2,1,0,0,0,0,1,1,6,6,1,41,7,1998,2,3,MINI COUNTRYMAN,6,E01012098,0,-1
202134WNC3101,2021,34WNC3101,1,9,0,12,12,1,5,0,0,2,0,0,0,0,1,1,6,6,1,71,10,3200,2,15,MITSUBISHI SHOGUN,10,E01017761,0,-1
2021501121617,2021,501121617,4,9,0,18,19,1,1,0,0,0,0,0,0,0,1,1,6,6,1,76,11,1834,1,20,MITSUBISHI SHOGUN,4,E01019037,0,-1
2021170L20161,2021,170L20161,2,9,0,18,19,8,4,0,0,1,0,0,0,0,1,1,6,6,1,-1,-1,1240,1,13,NISSAN MICRA,9,E01012147,0,-1
2021451060890,2021,451060890,2,9,0,18,19,3,7,0,0,1,0,0,1,0,1,1,5,6,1,22,5,998,1,21,NISSAN MICRA,9,E01030960,0,-1
2021440349015,2021,440349015,2,9,0,18,19,5,1,0,0,0,0,0,0,0,2,1,2,2,1,32,6,1240,1,12,NISSAN MICRA,10,E01023220,0,-1
2021421019619,2021,421019619,3,9,0,3,3,8,4,0,0,1,0,0,0,0,3,1,5,6,1,51,8,1240,1,15,NISSAN MICRA,1,E01004249,0,-1
2021622200009,2021,622200009,2,9,0,7,7,5,7,0,0,3,0,0,0,0,3,1,6,6,2,61,9,1198,1,6,NISSAN MICRA,2,W01001298,0,-1
2021052100179,2021,052100179,1,9,0,10,10,6,2,0,0,1,0,0,0,0,2,1,6,6,1,35,6,1198,1,7,NISSAN MICRA,4,E01006512,0,-1
2021010302531,2021,010302531,1,9,0,18,19,5,1,0,0,6,0,11,0,0,1,1,6,6,2,32,6,1240,1,14,NISSAN MICRA,2,E01000102,0,-1
202134WNC1621,2021,34WNC1621,1,9,0,18,19,7,3,0,0,0,0,0,0,0,1,1,6,6,1,21,5,1461,2,3,NISSAN MICRA,5,E01027139,0,-1
2021531027904,2021,531027904,1,9,0,16,19,5,1,0,0,0,0,0,1,4,1,1,5,6,1,43,7,1240,1,15,NISSAN MICRA,5,E01009527,0,-1
2021101028017,2021,101028017,1,9,0,18,19,6,2,0,0,0,0,0,0,0,1,1,1,1,1,29,6,1240,1,15,NISSAN MICRA,6,E01008453,0,-1
2021371062043,2021,371062043,1,9,0,18,19,1,5,0,0,0,0,0,0,0,1,1,5,6,1,79,11,999,1,2,NISSAN MICRA,5,E01030229,0,-1
2021461077985,2021,461077985,3,9,0,3,3,7,3,0,0,0,0,0,0,0,2,1,5,6,2,26,6,999,1,3,NISSAN MICRA,9,E01016052,0,-1
2021010324315,2021,010324315,2,9,0,3,3,1,5,0,0,2,0,4,0,0,2,1,6,6,2,61,9,999,1,1,NISSAN MICRA,2,E01003497,0,-1
2021070345419,2021,070345419,1,9,0,18,19,5,1,0,0,0,0,2,0,0,1,1,6,6,2,84,11,1240,1,11,NISSAN MICRA,10,E01018349,0,-1
2021010288848,2021,010288848,1,9,0,99,99,9,9,0,0,0,9,99,9,99,9,9,2,2,1,29,6,1240,1,12,NISSAN MICRA,9,E01003857,0,-1
2021050646701,2021,050646701,1,9,0,18,19,7,3,0,0,0,0,2,0,0,1,1,6,6,2,24,5,1240,1,17,NISSAN MICRA,1,E01006585,0,-1
2021010299736,2021,010299736,1,9,0,3,3,1,5,0,0,0,0,0,0,0,2,2,2,2,1,30,6,1240,1,16,NISSAN MICRA,4,E01003766,0,-1
2021622100409,2021,622100409,1,9,0,5,5,8,4,0,0,4,0,0,7,2,4,1,6,6,2,28,6,1598,1,14,NISSAN MICRA,9,W01000816,0,-1
2021440167003,2021,440167003,1,9,0,15,15,1,5,0,0,0,1,0,0,0,1,1,6,6,1,25,5,998,1,22,NISSAN MICRA,3,E01016442,0,-1
2021461047670,2021,461047670,1,9,0,18,19,8,2,0,0,6,0,0,0,0,3,1,5,6,2,43,7,1461,2,14,NISSAN MICRA,6,E01024216,0,-1
2021010300980,2021,010300980,1,9,0,5,5,1,5,0,0,2,0,0,0,0,2,1,6,6,2,58,9,1240,1,14,NISSAN MICRA,4,E01000625,0,-1
2021471026908,2021,471026908,2,9,0,4,4,1,5,0,0,0,0,0,0,0,2,1,5,6,2,56,9,1240,1,17,NISSAN MICRA,7,E01024801,0,-1
2021401110603,2021,401110603,1,9,0,18,19,8,4,0,0,0,0,0,0,0,1,1,6,6,2,74,10,1586,1,4,SUZUKI VITARA,8,E01017455,0,-1
2021451027628,2021,451027628,1,9,0,18,19,3,7,0,0,8,0,0,0,0,4,1,5,6,2,51,8,1373,1,1,SUZUKI VITARA,5,E01031731,0,-1
2021010337555,2021,010337555,1,3,0,13,13,1,5,0,0,1,0,0,1,0,1,1,1,1,1,40,7,124,1,4,YAMAHA X,4,E01003447,0,-1
2021010298747,2021,010298747,2,5,0,18,19,7,3,2,2,1,0,0,0,0,1,1,6,6,1,36,7,745,1,3,-1,9,E01023448,0,-1
2021010304894,2021,010304894,1,9,0,99,99,9,9,99,99,9,9,99,9,99,2,9,6,6,2,36,7,1582,2,11,HYUNDAI I30,6,E01001016,0,-1
2021622100770,2021,622100770,3,9,0,4,4,7,3,0,0,0,0,0,0,0,2,1,2,2,2,48,8,1396,1,8,HYUNDAI I30,1,W01001699,0,-1
2021421023892,2021,421023892,2,9,0,3,3,5,1,0,0,4,0,0,0,0,2,1,2,2,1,25,5,1353,1,1,HYUNDAI I30,5,E01021680,0,-1
2021131035582,2021,131035582,1,9,0,4,4,8,4,0,0,0,0,0,0,0,1,1,6,6,3,30,6,1396,1,12,HYUNDAI I30,-1,-1,0,-1
2021052100836,2021,052100836,3,9,0,4,4,5,1,0,0,1,0,0,0,0,2,1,6,6,1,64,9,1582,2,7,HYUNDAI I30,10,E01006926,0,-1
2021471084442,2021,471084442,4,9,0,3,3,3,7,0,0,0,0,0,0,0,2,1,5,6,1,-1,-1,1582,2,9,HYUNDAI I30,10,E01022720,0,-1
2021430093793,2021,430093793,3,9,0,3,3,2,6,0,0,1,0,0,0,0,1,1,6,6,2,38,7,1582,2,10,HYUNDAI I30,6,E01016388,0,-1
2021361156504,2021,361156504,1,9,0,18,19,2,6,0,0,0,0,0,0,0,1,1,5,6,1,77,11,1582,2,9,HYUNDAI I30,5,E01026845,0,-1
2021351104637,2021,351104637,1,9,-1,18,19,4,8,0,0,0,0,0,0,0,1,1,6,6,2,30,6,1598,2,6,RENAULT KADJAR,4,E01026982,0,-1
2021061096937,2021,061096937,1,9,0,1,1,3,7,0,0,8,0,0,0,0,2,1,6,6,3,30,6,1197,1,3,RENAULT KADJAR,-1,-1,0,-1
2021010301794,2021,010301794,2,9,0,99,99,9,9,99,99,9,9,99,9,99,9,9,6,6,3,27,6,2995,1,4,AUDI S4,3,E01001954,0,-1
2021170L20161,2021,170L20161,1,9,0,3,3,8,4,0,0,1,0,0,0,0,2,1,6,6,1,39,7,2179,2,13,-1,5,E01012173,0,-1
2021421065415,2021,421065415,3,5,0,15,15,7,3,0,0,0,1,0,0,0,1,1,2,2,1,37,7,680,1,12,-1,9,E01021925,0,-1
2021302100315,2021,302100315,2,4,0,13,13,8,4,0,0,0,0,0,0,0,4,1,6,6,1,49,8,498,1,17,KAWASAKI MODEL MISSING,5,E01019582,0,-1
2021141075227,2021,141075227,2,9,0,18,19,3,7,0,0,0,0,0,0,0,1,1,2,2,1,44,7,1969,2,5,VOLVO V90,3,E01007667,0,-1
2021421118505,2021,421118505,5,9,0,18,19,4,8,0,0,4,0,0,0,0,1,1,1,1,1,36,7,1969,2,3,VOLVO V90,8,E01021750,0,-1
2021361033453,2021,361033453,2,9,0,18,19,7,3,0,0,8,0,0,0,0,4,1,5,6,1,56,9,1969,1,1,VOLVO V90,8,E01026855,0,-1
2021461095851,2021,461095851,1,9,0,-1,-1,-1,-1,-1,-1,0,-1,-1,-1,0,1,1,6,6,2,42,7,2231,2,9,CHEVROLET CAPTIVA,4,E01016141,0,-1
2021010333449,2021,010333449,1,4,0,99,99,9,9,99,99,9,9,99,9,99,9,1,6,6,1,37,7,350,1,2,-1,8,E01002975,0,-1
2021311048083,2021,311048083,2,5,0,4,4,4,8,0,0,0,2,0,0,0,1,1,6,6,1,57,9,883,1,13,HARLEY-DAVIDSON XL,4,E01028185,0,-1
2021221059083,2021,221059083,1,4,0,13,13,7,3,0,0,0,1,0,0,0,1,1,6,6,1,54,8,498,1,14,KAWASAKI ER,5,E01032181,0,-1
2021451032685,2021,451032685,1,9,0,17,19,1,5,0,0,8,0,0,0,0,1,1,5,6,1,43,7,1685,2,8,KIA CARENS,10,E01030689,0,-1
2021302100853,2021,302100853,2,3,0,13,13,6,2,0,0,1,0,10,0,0,0,1,2,2,1,20,4,125,1,1,LEXMOTO TITAN,3,E01013547,0,-1
2021201032913,2021,201032913,1,9,0,3,3,6,2,0,0,1,0,0,0,0,2,1,6,6,3,-1,-1,2987,2,7,MERCEDES S CLASS,-1,-1,0,-1
2021010343272,2021,010343272,1,9,0,18,19,7,3,0,0,0,0,0,0,0,2,1,6,6,1,46,8,2925,2,2,MERCEDES S CLASS,5,E01003751,0,-1
202134NNC3441,2021,34NNC3441,1,9,0,18,19,7,3,0,0,1,0,0,7,10,1,1,6,6,1,47,8,2987,2,10,MERCEDES S CLASS,3,E01027240,0,-1
2021141065335,2021,141065335,2,3,0,14,14,8,4,0,0,8,0,0,0,0,1,1,6,6,3,-1,-1,124,1,8,-1,-1,-1,0,-1
2021070505466,2021,070505466,2,9,0,4,4,8,4,0,0,0,0,2,0,0,2,1,6,6,1,19,4,2231,2,14,TOYOTA RAV4,8,E01018379,0,-1
2021221042497,2021,221042497,2,9,0,3,3,8,4,0,0,0,0,0,0,0,2,1,5,6,2,62,9,1998,2,8,TOYOTA RAV4,8,W01000404,0,-1
2021221116766,2021,221116766,1,9,0,5,5,7,3,0,0,0,0,0,0,0,1,1,5,6,2,53,8,2487,8,1,TOYOTA RAV4,5,E01032205,0,-1
2021547181121,2021,547181121,1,9,0,18,19,3,7,0,0,1,0,0,0,0,1,1,6,6,1,26,6,2231,2,10,TOYOTA RAV4,5,E01026423,0,-1
2021440496783,2021,440496783,1,9,0,3,3,3,6,0,0,0,0,0,0,0,2,1,6,6,2,51,8,1998,1,17,TOYOTA RAV4,7,E01023054,0,-1
2021361029114,2021,361029114,1,9,0,4,4,8,4,0,0,0,1,0,0,0,1,1,2,2,1,24,5,2231,2,9,TOYOTA RAV4,8,E01026929,0,-1
2021111044268,2021,111044268,1,9,0,18,19,1,5,0,0,0,0,7,0,0,3,1,5,6,1,63,9,1998,2,6,TOYOTA RAV4,2,E01020797,0,-1
2021221091303,2021,221091303,3,9,0,3,3,4,8,0,0,0,0,0,0,0,2,1,5,6,1,40,7,2494,8,4,TOYOTA RAV4,4,E01009871,0,-1
2021101037447,2021,101037447,2,9,0,18,19,1,5,0,0,0,0,0,0,0,1,1,5,6,2,52,8,1598,2,4,JEEP RENEGADE,3,E01008242,0,-1
2021010295876,2021,010295876,1,9,0,18,19,3,7,0,0,0,0,2,0,0,1,1,3,7,1,44,7,2987,2,7,-1,6,E01002295,0,-1
2021440027329,2021,440027329,1,9,0,18,19,8,4,0,0,0,2,0,7,1,1,1,6,6,2,60,9,996,1,12,NISSAN PIXO,8,E01022864,0,-1
2021542019121,2021,542019121,2,9,0,9,9,5,3,0,0,4,0,0,0,0,1,1,6,6,1,24,5,1685,2,7,KIA OPTIMA,8,E01015557,0,-1
2021201070968,2021,201070968,1,90,0,13,13,4,8,0,0,8,0,0,0,0,1,1,6,6,1,64,9,997,1,1,-1,6,E01010177,0,-1
2021122101301,2021,122101301,2,9,0,4,4,7,3,0,0,0,0,0,0,0,2,1,6,6,1,57,9,2995,1,10,AUDI S5,8,E01010645,0,-1
202131C141921,2021,31C141921,2,19,0,1,1,4,8,0,0,0,0,0,0,0,2,1,1,1,1,54,8,1499,2,0,FORD TRANSIT COURIER,3,E01025989,0,-1
2021221025123,2021,221025123,1,19,0,2,2,0,0,0,0,8,0,0,1,0,1,1,1,1,1,69,10,1499,2,2,FORD TRANSIT COURIER,1,E01007453,0,-1
2021501127445,2021,501127445,1,3,0,4,4,7,3,0,0,0,1,0,0,0,3,1,5,6,1,36,7,125,1,0,LEXMOTO MICHIGAN,1,E01015231,0,-1
2021421016337,2021,421016337,2,3,0,5,5,7,3,0,0,2,0,0,0,0,3,1,2,2,1,19,4,125,1,1,LEXMOTO MICHIGAN,2,E01015899,0,-1
2021010299906,2021,010299906,1,9,0,18,19,1,5,0,0,1,0,0,0,0,1,1,6,6,1,24,5,1781,1,18,AUDI TT,1,E01004541,0,-1
2021302101480,2021,302101480,1,9,0,9,9,8,4,0,0,8,0,0,0,0,1,1,6,6,1,46,8,1781,1,16,AUDI TT,5,E01013595,0,-1
2021320359498,2021,320359498,2,9,0,4,4,2,6,0,0,0,0,0,0,0,1,1,3,7,2,45,7,2143,2,3,MERCEDES GLC CLASS,5,E01026232,0,-1
2021061027030,2021,061027030,2,9,0,3,3,4,8,0,0,0,0,0,0,0,2,1,3,7,2,28,6,2143,2,3,MERCEDES GLC CLASS,4,E01006211,0,-1
2021111083612,2021,111083612,1,9,0,18,19,2,6,0,0,0,0,0,0,0,1,1,6,6,2,35,6,1461,2,4,NISSAN JUKE,8,E01020837,0,-1
2021546946921,2021,546946921,1,9,0,18,19,6,2,0,0,0,0,2,4,1,3,1,6,6,1,65,9,1598,1,8,NISSAN JUKE,10,E01031675,0,-1
2021311077790,2021,311077790,3,9,0,18,19,3,7,0,0,0,0,0,0,0,1,1,5,6,1,28,6,1598,1,6,NISSAN JUKE,7,E01028309,0,-1
2021141076120,2021,141076120,2,9,0,11,11,7,3,0,0,0,0,0,0,0,4,1,6,6,1,85,11,1598,1,9,NISSAN JUKE,1,E01008022,0,-1
2021070548094,2021,070548094,3,9,0,4,4,7,3,0,0,0,0,0,0,0,1,1,6,6,1,67,10,1197,1,7,NISSAN JUKE,10,E01018696,0,-1
2021070768755,2021,070768755,1,9,0,4,4,7,3,0,0,0,0,0,0,0,1,1,6,6,2,46,8,1197,1,5,NISSAN JUKE,3,E01011541,0,-1
2021991049451,2021,991049451,5,9,0,18,19,3,7,0,0,0,0,0,0,0,1,1,2,2,2,49,8,1598,1,7,NISSAN JUKE,1,-1,0,-1
2021201125220,2021,201125220,1,9,0,6,6,3,3,0,0,0,0,7,6,11,1,1,6,6,2,46,8,1598,1,10,NISSAN JUKE,1,E01009130,0,-1
202134WNC3101,2021,34WNC3101,2,9,0,18,19,1,5,0,0,2,2,0,0,0,2,1,2,2,2,51,8,999,1,1,NISSAN JUKE,9,E01000249,0,-1
2021351072523,2021,351072523,2,9,0,3,3,7,3,0,0,1,0,0,0,0,4,1,2,2,1,50,8,1461,2,5,NISSAN JUKE,5,E01032526,0,-1
2021231116465,2021,231116465,1,9,0,18,19,6,2,0,0,0,0,0,0,0,1,1,5,6,1,71,10,1598,1,8,NISSAN JUKE,6,E01031159,0,-1
2021052102172,2021,052102172,1,9,0,13,13,4,8,0,0,0,0,0,0,0,4,1,2,2,1,33,6,1598,1,3,NISSAN JUKE,1,E01006696,0,-1
2021371145123,2021,371145123,1,9,0,18,19,7,3,0,0,0,0,0,0,0,1,1,5,6,2,36,7,1242,1,8,FORD KA,9,E01018015,0,-1
2021141086418,2021,141086418,2,9,0,4,4,3,7,0,0,0,0,0,0,0,1,1,5,6,2,24,5,1242,1,12,FORD KA,10,E01012973,0,-1
2021531055328,2021,531055328,1,9,0,6,6,7,3,0,0,0,0,0,0,0,3,1,1,1,2,49,8,1242,1,7,FORD KA,5,E01022448,0,-1
2021471112427,2021,471112427,2,9,0,3,3,7,3,0,0,0,0,0,0,0,2,1,5,6,2,58,9,1299,1,15,FORD KA,4,E01031836,0,-1
2021421050268,2021,421050268,2,9,0,4,4,3,7,0,0,0,0,0,0,0,2,1,5,6,2,26,6,1242,1,12,FORD KA,8,E01021482,0,-1
2021440086175,2021,440086175,1,9,0,16,19,6,2,0,0,0,1,0,7,9,2,1,2,2,2,51,8,1299,1,17,FORD KA,8,E01017145,0,-1
2021991016585,2021,991016585,1,9,0,9,9,2,7,0,0,8,5,0,1,0,3,1,6,6,2,69,10,1242,1,8,FORD KA,5,-1,0,-1
2021351057155,2021,351057155,2,2,0,13,13,8,4,0,0,1,2,0,0,0,4,1,5,6,1,18,4,125,1,14,-1,5,E01017997,0,-1
2021991101899,2021,991101899,1,9,0,11,11,5,1,0,0,0,0,0,0,0,2,1,5,6,1,46,8,1560,2,6,PEUGEOT 308,2,-1,0,-1
2021371151026,2021,371151026,2,9,0,5,5,1,5,0,0,8,0,0,0,0,2,1,5,6,1,56,9,1560,2,11,PEUGEOT 308,4,E01030169,0,-1
2021430575988,2021,430575988,1,9,0,18,19,4,8,0,0,8,1,0,0,0,4,1,6,6,2,25,5,1560,2,11,PEUGEOT 308,5,E01016392,0,-1
2021201116069,2021,201116069,1,9,0,18,19,1,5,0,0,0,0,0,0,0,1,1,6,6,1,-1,-1,1560,2,8,PEUGEOT 308,-1,-1,0,-1
2021411118348,2021,411118348,1,9,0,4,4,1,5,0,0,3,0,0,0,0,1,1,2,2,2,45,7,1598,1,13,PEUGEOT 308,4,E01023805,0,-1
2021320280978,2021,320280978,1,9,0,1,1,3,7,0,0,0,0,0,0,0,0,1,3,7,2,44,7,1560,2,8,PEUGEOT 308,-1,-1,0,-1
2021471084790,2021,471084790,2,9,0,4,4,5,1,0,0,0,0,0,0,0,2,1,5,6,1,50,8,1200,1,3,PEUGEOT 308,7,E01031423,0,-1
2021041110820,2021,041110820,1,9,0,9,9,5,3,0,0,8,0,0,0,0,4,1,2,2,1,49,8,1200,1,0,PEUGEOT 308,1,E01012650,0,-1
2021221116551,2021,221116551,2,9,0,9,9,7,4,0,0,6,0,0,0,0,1,1,6,6,1,28,6,1598,1,12,PEUGEOT 308,-1,-1,0,-1
2021421093663,2021,421093663,1,9,0,18,19,3,7,0,0,0,0,0,0,0,2,1,6,6,2,53,8,1149,1,16,RENAULT CLIO,7,E01015848,0,-1
2021351102634,2021,351102634,2,9,0,11,11,5,1,0,0,6,0,0,0,0,1,1,1,1,1,62,9,1461,2,6,RENAULT CLIO,6,E01018042,0,-1
2021101040678,2021,101040678,3,9,0,18,19,5,1,0,0,0,0,0,0,0,2,1,1,1,2,43,7,1149,1,3,RENAULT CLIO,-1,-1,0,-1
2021111071718,2021,111071718,1,9,0,18,19,3,7,0,0,0,1,0,0,0,1,1,6,6,1,21,5,1149,1,15,RENAULT CLIO,2,E01020645,0,-1
2021361017109,2021,361017109,2,9,0,5,5,1,7,0,0,0,0,0,0,0,0,1,5,6,2,33,6,1461,2,8,RENAULT CLIO,8,E01026530,0,-1
2021010306931,2021,010306931,1,9,0,9,9,8,5,0,0,0,0,0,7,0,4,1,6,6,2,50,8,1149,1,10,RENAULT CLIO,10,E01030754,0,-1
2021010300980,2021,010300980,2,9,0,18,19,1,5,0,0,8,0,0,0,0,1,1,6,6,2,21,5,1461,2,13,RENAULT CLIO,-1,-1,0,-1
2021991069137,2021,991069137,1,9,0,17,19,7,3,0,0,1,0,0,0,0,1,1,5,6,2,21,5,898,1,2,RENAULT CLIO,8,-1,0,-1
202131B201921,2021,31B201921,1,9,0,16,19,6,8,0,0,0,0,2,0,0,1,1,6,6,1,22,5,1390,1,16,RENAULT CLIO,-1,-1,0,-1
2021440507209,2021,440507209,3,9,0,18,19,3,7,0,0,0,0,0,0,0,1,1,6,6,2,28,6,1461,2,8,RENAULT CLIO,5,E01022842,0,-1
202131A069521,2021,31A069521,2,9,0,6,6,2,2,0,0,0,0,0,0,0,3,1,1,1,1,20,4,898,1,4,RENAULT CLIO,7,E01027984,0,-1
2021501099754,2021,501099754,2,9,0,2,2,5,1,0,0,1,0,0,0,0,2,1,5,6,2,50,8,1461,2,13,RENAULT CLIO,8,E01019908,0,-1
2021041091768,2021,041091768,1,9,0,4,4,1,5,0,0,0,0,0,0,0,1,1,6,6,2,21,5,1149,1,5,RENAULT CLIO,8,E01025411,0,-1
2021201078285,2021,201078285,1,9,0,5,5,7,3,0,0,0,0,0,0,0,1,1,6,6,3,-1,-1,1998,1,15,RENAULT CLIO,-1,-1,0,-1
2021131033492,2021,131033492,1,9,0,9,9,6,3,0,0,5,0,0,0,0,1,1,5,6,2,21,5,1461,2,13,RENAULT CLIO,2,E01011126,0,-1
2021231029106,2021,231029106,2,9,0,3,3,5,1,0,0,0,0,0,0,0,3,1,5,6,2,29,6,1149,1,12,RENAULT CLIO,5,E01031311,0,-1
2021361017109,2021,361017109,1,9,0,18,19,3,7,0,0,0,0,0,1,0,1,1,1,1,1,25,5,1998,1,14,RENAULT CLIO,10,E01026537,0,-1
2021010332047,2021,010332047,1,9,0,3,3,7,3,0,0,0,0,0,0,0,1,1,6,6,2,25,5,1149,1,14,RENAULT CLIO,1,E01003517,0,-1
2021221120750,2021,221120750,1,9,0,18,19,5,1,0,0,0,0,0,0,0,1,1,6,6,1,46,8,1461,2,11,RENAULT CLIO,7,E01014649,0,-1
2021141059444,2021,141059444,1,9,0,5,5,1,5,0,0,8,0,0,0,0,4,1,4,7,1,20,4,1461,2,12,RENAULT CLIO,9,E01007386,0,-1
2021471091628,2021,471091628,2,9,0,18,19,1,5,0,0,1,0,0,0,0,1,1,6,6,2,39,7,1149,1,13,RENAULT CLIO,3,E01031569,0,-1
2021451074322,2021,451074322,1,9,0,18,19,1,5,0,0,2,0,0,0,0,4,2,1,1,1,52,8,1149,1,13,RENAULT CLIO,9,E01030438,0,-1
2021031027520,2021,031027520,1,9,0,18,19,1,5,0,0,0,1,0,0,0,2,1,5,6,2,24,5,1149,1,10,RENAULT CLIO,9,E01019190,0,-1
2021531057976,2021,531057976,2,9,0,3,3,-1,-1,0,0,0,0,0,0,0,2,1,5,6,2,60,9,1598,1,8,RENAULT SCENIC,3,E01022256,0,-1
2021501020025,2021,501020025,3,9,0,4,4,8,4,0,0,0,0,0,0,0,1,1,6,6,1,38,7,1870,2,14,RENAULT SCENIC,5,E01015179,0,-1
2021221040177,2021,221040177,2,19,0,2,2,0,0,0,0,8,0,0,0,0,4,1,1,1,1,55,8,1968,2,4,VOLKSWAGEN CRAFTER,3,W01001678,0,-1
2021430116853,2021,430116853,1,19,0,18,19,4,8,0,0,0,0,0,0,0,1,1,1,1,1,54,8,1968,2,5,VOLKSWAGEN CRAFTER,9,E01029800,0,-1
2021141088562,2021,141088562,2,19,0,18,19,1,5,0,0,0,0,0,4,6,1,1,1,1,1,40,7,1968,2,7,VOLKSWAGEN CRAFTER,3,E01025866,0,-1
202131C067021,2021,31C067021,3,19,0,18,19,4,8,0,0,2,0,0,0,0,2,1,6,6,3,-1,-1,1968,2,6,VOLKSWAGEN CRAFTER,-1,-1,0,-1
2021430518991,2021,430518991,1,19,0,18,19,8,4,0,0,8,0,0,0,0,1,1,6,6,1,29,6,1968,2,4,VOLKSWAGEN CRAFTER,2,E01004008,0,-1
202131D030021,2021,31D030021,1,19,0,18,19,1,5,0,0,0,0,0,0,0,1,1,6,6,2,43,7,1968,2,7,VOLKSWAGEN CRAFTER,-1,-1,0,-1
2021430276641,2021,430276641,2,9,0,18,19,7,3,0,0,0,0,0,0,0,4,1,6,6,2,39,7,1997,2,12,FORD S-MAX,10,E01032045,0,-1
2021471104134,2021,471104134,2,9,0,18,19,3,7,0,0,0,0,0,0,0,1,1,5,6,1,65,9,2179,2,8,FORD S-MAX,4,E01001247,0,-1
2021461099222,2021,461099222,1,9,0,18,19,3,7,0,0,2,0,0,0,0,1,1,6,6,1,43,7,1997,2,13,FORD S-MAX,9,E01023993,0,-1
2021041047963,2021,041047963,2,5,0,18,19,7,3,0,0,1,0,0,0,0,1,1,5,6,1,35,6,996,1,18,-1,6,E01032928,0,-1
2021430309657,2021,430309657,2,9,0,18,19,6,2,0,0,0,1,0,5,6,4,1,1,1,1,47,8,1560,2,8,VOLVO V60,3,E01022540,0,-1
2021531122087,2021,531122087,4,9,0,5,5,1,5,0,0,0,0,2,0,0,2,1,5,6,1,55,8,1969,2,2,VOLVO V60,4,E01022241,0,-1
2021622100770,2021,622100770,4,8,0,4,4,7,3,0,0,0,0,0,0,0,2,1,1,1,1,59,9,1560,2,6,CITROEN BERLINGO,1,W01001698,0,-1
2021544410121,2021,544410121,1,19,0,5,5,7,3,0,0,6,0,0,0,0,3,1,1,1,1,30,6,1560,2,4,CITROEN BERLINGO,7,E01015526,0,-1
2021201061546,2021,201061546,1,19,0,18,19,2,6,0,0,0,0,0,0,0,0,1,6,6,1,-1,-1,1997,2,16,CITROEN BERLINGO,-1,-1,0,-1
2021622100409,2021,622100409,2,9,0,5,5,2,6,0,0,4,0,0,0,0,3,1,6,6,1,66,10,1560,2,5,CITROEN BERLINGO,8,W01001569,0,-1
2021371034085,2021,371034085,2,19,0,4,4,6,2,0,0,0,0,0,0,0,2,1,6,6,1,41,7,1560,2,5,CITROEN BERLINGO,6,E01030150,0,-1
2021221025123,2021,221025123,2,19,0,18,19,4,8,0,0,8,1,4,0,0,1,1,6,6,1,34,6,1997,2,15,CITROEN BERLINGO,-1,-1,0,-1
2021540354621,2021,540354621,2,9,0,3,3,2,6,0,0,1,0,0,0,0,2,1,6,6,1,25,5,1560,2,15,CITROEN BERLINGO,-1,-1,0,-1
2021170S11261,2021,170S11261,3,9,0,18,19,4,8,0,0,0,0,0,0,0,1,1,6,6,1,30,6,-1,-1,-1,CITROEN BERLINGO,8,E01012009,0,-1
2021070208148,2021,070208148,1,19,0,18,19,6,2,0,0,0,0,2,0,0,1,1,6,6,1,18,4,1560,2,4,CITROEN BERLINGO,1,E01018563,0,-1
2021201090018,2021,201090018,1,19,0,1,1,2,6,0,0,1,0,0,0,0,2,1,6,6,1,-1,-1,1560,2,12,CITROEN BERLINGO,-1,-1,0,-1
2021461015499,2021,461015499,1,19,0,18,19,4,8,0,0,0,1,2,0,0,1,1,1,1,1,22,5,1500,2,1,CITROEN BERLINGO,6,E01021182,0,-1
202163BF01321,2021,63BF01321,1,5,0,16,19,6,3,0,0,0,1,0,7,4,1,1,6,6,1,26,6,999,1,12,HONDA CBR,2,E01028967,0,-1
2021161113374,2021,161113374,2,3,0,18,19,5,1,0,0,0,2,0,0,0,1,1,6,6,1,32,6,125,1,4,HONDA CBR,1,E01012782,0,-1
2021440195329,2021,440195329,1,5,0,4,4,6,2,0,0,0,1,0,0,0,0,1,2,2,1,60,9,1137,1,18,HONDA CBR,8,E01017302,0,-1
2021991025209,2021,991025209,2,5,0,18,19,2,6,0,0,8,0,0,0,0,1,1,6,6,1,25,5,998,1,4,HONDA CBR,8,-1,0,-1
202163BF01321,2021,63BF01321,3,5,0,16,19,6,3,0,0,0,0,0,0,0,0,1,6,6,1,26,6,599,1,12,HONDA CBR,7,E01028988,0,-1
2021471077453,2021,471077453,1,5,0,14,14,3,7,0,0,8,0,0,7,0,4,1,5,6,1,28,6,600,1,16,HONDA CBR,7,E01016976,0,-1
2021101040678,2021,101040678,2,9,0,18,19,5,1,0,0,0,0,0,0,0,1,1,5,6,1,25,5,2993,2,4,LAND ROVER RANGE ROVER,-1,-1,0,-1
2021471089108,2021,471089108,1,9,0,18,19,6,2,0,0,2,0,0,0,0,0,1,5,6,1,60,9,2993,2,1,LAND ROVER RANGE ROVER,9,E01019599,0,-1
2021451071313,2021,451071313,3,9,0,3,3,7,3,0,0,4,0,0,0,0,1,1,5,6,2,32,6,4367,2,4,LAND ROVER RANGE ROVER,9,E01016575,0,-1
2021141018046,2021,141018046,2,9,0,18,19,1,5,0,0,0,0,0,0,0,1,1,2,2,1,52,8,3628,2,14,LAND ROVER RANGE ROVER,1,E01007453,0,-1
2021010323958,2021,010323958,1,9,0,18,19,1,5,0,0,2,0,0,0,0,1,1,6,6,1,37,7,4999,1,11,LAND ROVER RANGE ROVER,5,E01000639,0,-1
202131C061821,2021,31C061821,1,9,0,18,19,8,4,0,0,8,0,0,0,0,1,1,6,6,3,-1,-1,2231,2,9,VAUXHALL ANTARA,-1,-1,0,-1
2021501108262,2021,501108262,1,9,0,18,19,4,8,0,0,0,5,2,0,0,1,1,5,6,2,23,5,2231,2,10,VAUXHALL ANTARA,7,E01020300,0,-1
2021041024675,2021,041024675,1,9,0,18,19,1,5,0,0,0,0,0,0,0,1,1,2,2,1,32,6,2776,2,16,CHRYSLER GRAND VOYAGER,1,E01012682,0,-1
2021421111708,2021,421111708,1,4,0,18,19,6,2,0,0,0,0,0,0,0,1,1,5,6,1,26,6,125,1,1,KYMCO VISAR 125,9,E01021710,0,-1
2021320280978,2021,320280978,2,3,0,18,19,1,5,0,0,0,5,10,0,0,3,1,6,6,1,20,4,125,1,1,KYMCO VISAR 125,5,E01026298,0,-1
2021201106414,2021,201106414,1,3,0,13,13,6,2,0,0,8,0,0,0,0,1,1,2,2,1,34,6,115,1,4,YAMAHA XC,3,E01010396,0,-1
2021101018847,2021,101018847,1,3,0,18,19,1,5,0,0,0,0,0,0,0,1,1,5,6,1,17,4,124,1,8,YAMAHA XC,1,E01008837,0,-1
2021010322056,2021,010322056,1,3,0,3,3,3,7,0,0,1,0,0,0,0,2,1,6,6,1,39,7,114,1,6,YAMAHA XC,3,E01002542,0,-1
2021302101480,2021,302101480,2,9,0,3,3,8,4,0,0,8,0,0,0,0,2,1,6,6,1,53,8,1968,2,12,-1,2,E01013597,0,-1
2021430151959,2021,430151959,3,9,0,3,3,6,2,0,0,0,0,0,0,0,0,1,6,6,1,32,6,1200,1,6,DS DS3,8,E01017921,0,-1
2021201031880,2021,201031880,1,9,0,18,19,8,4,0,0,0,0,0,0,0,1,1,6,6,1,19,4,1200,1,6,DS DS3,5,E01009863,0,-1
2021010313622,2021,010313622,1,9,0,18,19,2,6,0,0,1,0,0,0,0,4,1,6,6,2,49,8,1200,1,2,DS DS3,8,W01000715,0,-1
2021461018690,2021,461018690,1,9,0,7,7,3,7,0,0,0,0,10,4,0,2,1,2,2,2,57,9,1200,1,5,DS DS3,4,E01024132,0,-1
2021052101525,2021,052101525,1,19,0,18,19,3,7,0,0,8,0,0,0,0,1,1,1,1,1,27,6,1499,2,4,FORD TRANSIT CONNECT,5,E01006488,0,-1
2021010311190,2021,010311190,1,19,0,99,99,9,9,99,99,9,9,99,9,99,1,9,2,2,1,31,6,1499,2,4,FORD TRANSIT CONNECT,3,E01001412,0,-1
202163A016421,2021,63A016421,2,19,0,4,4,4,8,0,0,0,0,0,0,0,2,1,1,1,1,29,6,1560,2,7,FORD TRANSIT CONNECT,8,W01000694,0,-1
2021421023434,2021,421023434,1,19,0,14,14,3,7,0,0,1,0,0,0,0,4,1,2,2,1,23,5,1560,2,6,FORD TRANSIT CONNECT,4,E01021785,0,-1
202131B164921,2021,31B164921,1,19,0,3,3,1,5,0,0,0,0,0,0,0,2,1,6,6,1,26,6,1753,2,14,FORD TRANSIT CONNECT,8,E01027999,0,-1
2021070187424,2021,070187424,1,19,5,9,9,8,4,0,0,1,0,2,0,0,1,2,6,6,1,50,8,1753,2,16,FORD TRANSIT CONNECT,2,E01007130,0,-1
202134NNC2181,2021,34NNC2181,1,19,0,18,19,3,7,7,6,0,0,4,1,0,1,1,1,1,1,35,6,1499,2,4,FORD TRANSIT CONNECT,3,E01009003,0,-1
2021501099754,2021,501099754,1,19,0,18,19,5,1,0,0,1,0,0,0,0,1,1,5,6,1,51,8,1753,2,15,FORD TRANSIT CONNECT,6,E01019897,0,-1
2021430220998,2021,430220998,1,19,0,18,19,8,4,0,0,0,0,0,0,0,2,1,2,2,1,34,6,1753,2,15,FORD TRANSIT CONNECT,8,E01016337,0,-1
2021041050027,2021,041050027,1,19,0,18,19,5,1,0,0,0,0,0,0,0,2,1,6,6,3,-1,-1,1560,2,7,FORD TRANSIT CONNECT,-1,-1,0,-1
2021221091303,2021,221091303,2,19,0,4,4,4,8,0,0,0,0,0,0,0,2,1,6,6,1,-1,-1,1753,2,14,FORD TRANSIT CONNECT,7,E01029673,0,-1
202134NNC6311,2021,34NNC6311,2,9,0,18,19,3,7,0,0,1,0,0,0,0,2,1,2,2,1,40,7,1997,2,15,PEUGEOT MODEL MISSING,2,E01027331,0,-1
2021541518021,2021,541518021,2,2,0,18,19,6,2,0,0,1,0,0,0,0,1,1,6,6,1,16,4,49,1,19,PIAGGIO ZIP,10,E01031907,0,-1
2021430210883,2021,430210883,3,9,0,18,19,5,1,0,0,0,0,0,0,0,1,1,6,6,1,45,7,1968,2,7,VOLKSWAGEN CC,6,E01017795,0,-1
2021010350494,2021,010350494,1,3,0,99,99,9,9,99,99,9,9,99,9,99,1,1,6,6,1,44,7,125,1,10,MAKE AND MODEL REDACTED,2,E01002068,0,-1
2021552200009,2021,552200009,4,9,0,18,19,8,4,0,0,0,1,0,0,0,2,1,6,6,1,34,6,2488,2,13,NISSAN PATHFINDER,6,E01020533,0,-1
2021010299906,2021,010299906,2,2,0,7,7,2,5,0,0,1,0,0,0,0,2,1,1,1,1,31,6,125,1,6,YAMAHA GPD,9,E01033101,0,-1
202131C141921,2021,31C141921,1,3,0,18,19,4,8,0,0,0,0,0,0,0,1,1,1,1,2,31,6,125,1,5,YAMAHA GPD,5,E01013840,0,-1
2021430151959,2021,430151959,1,3,0,18,19,6,2,0,0,0,0,0,0,0,1,1,1,1,1,30,6,125,1,2,YAMAHA GPD,5,E01017923,0,-1
2021010338634,2021,010338634,1,4,0,99,99,9,9,99,99,9,9,99,9,99,1,1,2,2,1,24,5,125,1,1,YAMAHA GPD,2,E01033485,0,-1
2021010342992,2021,010342992,1,4,0,18,19,1,5,0,0,1,0,0,0,0,1,1,6,6,1,38,7,125,1,0,YAMAHA GPD,5,E01000142,0,-1
2021010334886,2021,010334886,2,3,0,18,19,7,3,0,0,0,0,0,0,0,1,1,1,1,2,28,6,125,1,0,YAMAHA GPD,4,E01000472,0,-1
2021010293261,2021,010293261,3,3,0,3,3,3,7,0,0,1,0,0,0,0,2,1,1,1,1,28,6,125,1,5,YAMAHA GPD,3,E01002070,0,-1
2021010314233,2021,010314233,1,3,0,1,1,3,7,0,0,0,0,0,0,0,1,1,6,6,1,27,6,125,1,4,YAMAHA GPD,8,E01000230,0,-1
2021010295123,2021,010295123,1,3,0,99,99,9,9,99,99,9,9,99,9,99,9,1,6,6,2,47,8,125,1,2,YAMAHA GPD,2,E01001042,0,-1
2021421073837,2021,421073837,2,4,0,14,14,4,7,0,0,2,0,0,0,0,1,1,6,6,1,25,5,125,1,3,YAMAHA GPD,4,E01021707,0,-1
2021010340694,2021,010340694,1,3,0,18,19,6,2,0,0,0,0,0,0,0,1,1,2,2,1,31,6,125,1,3,YAMAHA GPD,3,E01004030,0,-1
2021471074385,2021,471074385,2,3,0,18,19,1,5,0,0,2,2,2,1,0,4,1,6,6,1,-1,-1,125,1,4,YAMAHA GPD,4,E01033329,0,-1
2021010330804,2021,010330804,1,3,0,99,99,9,9,99,99,9,9,99,9,99,1,1,6,6,3,29,6,125,1,4,YAMAHA GPD,4,E01000546,0,-1
2021421024033,2021,421024033,2,3,0,18,19,1,7,0,0,8,0,0,0,0,4,1,1,1,1,23,5,125,1,4,YAMAHA GPD,3,E01016012,0,-1
2021010309624,2021,010309624,4,3,0,3,3,7,3,0,0,2,5,0,0,0,3,1,1,1,1,42,7,125,1,1,YAMAHA GPD,4,E01000497,0,-1
2021430328362,2021,430328362,1,9,0,9,9,8,7,0,0,6,0,0,0,0,3,1,6,6,1,37,7,1998,1,5,BMW X1,8,E01017747,0,-1
2021010312424,2021,010312424,1,9,0,99,99,9,9,99,99,9,9,99,9,99,1,9,6,6,3,32,6,1998,1,1,BMW X1,-1,-1,0,-1
2021101078177,2021,101078177,1,9,0,18,19,3,7,0,0,0,0,0,0,0,1,1,5,6,1,45,7,1998,1,1,BMW X1,-1,-1,0,-1
2021351035087,2021,351035087,2,9,0,18,19,1,5,0,0,0,0,0,0,0,2,1,6,6,1,34,6,1995,2,4,BMW X1,9,E01023967,0,-1
20211382D0401,2021,1382D0401,4,19,0,18,19,3,7,0,0,0,0,0,0,0,1,1,6,6,1,60,9,2287,2,6,IVECO DAILY,8,E01011399,0,-1
2021141082403,2021,141082403,2,19,0,1,1,3,7,0,0,0,0,0,0,0,2,1,6,6,1,40,7,2287,2,11,IVECO DAILY,1,E01007462,0,-1
2021531074553,2021,531074553,1,20,0,18,19,8,4,0,0,0,1,0,0,0,1,1,1,1,1,56,9,-1,-1,-1,IVECO DAILY,10,E01022113,0,-1
2021440208292,2021,440208292,2,19,0,4,4,2,6,0,0,0,1,0,0,0,2,1,1,1,1,44,7,2300,2,15,IVECO DAILY,3,E01017227,0,-1
2021371025329,2021,371025329,2,20,1,3,3,7,3,0,0,2,0,0,0,0,2,1,1,1,1,30,6,2998,2,3,IVECO DAILY,6,E01026424,0,-1
202134WNC1781,2021,34WNC1781,1,19,0,18,19,1,5,0,0,0,0,0,0,0,1,1,1,1,1,40,7,2287,2,5,IVECO DAILY,1,E01012780,0,-1
2021302101161,2021,302101161,1,19,0,18,19,6,4,0,0,0,0,0,0,0,1,1,6,6,3,-1,-1,2287,2,3,IVECO DAILY,5,E01019456,0,-1
2021131079764,2021,131079764,2,19,0,7,7,5,3,0,0,1,0,0,0,0,3,1,1,1,1,63,9,-1,-1,-1,IVECO DAILY,7,E01027647,0,-1
2021010351234,2021,010351234,1,19,4,3,3,7,3,9,9,1,0,12,1,5,1,1,1,1,1,40,7,2998,2,2,IVECO DAILY,8,E01024527,0,-1
2021471074385,2021,471074385,1,3,0,7,7,1,3,0,0,2,2,2,1,0,3,1,5,6,1,44,7,125,1,2,PEUGEOT TWEET,3,E01016952,0,-1
2021440248135,2021,440248135,3,19,0,3,3,8,4,0,0,0,0,0,0,0,2,1,1,1,1,58,9,2299,2,8,VAUXHALL MOVANO,4,E01017217,0,-1
2021221059083,2021,221059083,4,19,0,3,3,3,7,0,0,0,0,0,0,0,3,1,1,1,1,45,7,2299,2,3,VAUXHALL MOVANO,8,E01009465,0,-1
2021430250033,2021,430250033,3,19,0,18,19,8,4,0,0,0,1,0,0,0,1,1,1,1,1,69,10,2299,2,1,VAUXHALL MOVANO,4,E01018024,0,-1
2021552100043,2021,552100043,2,19,0,3,3,3,7,0,0,0,0,0,0,0,2,1,1,1,1,52,8,2299,2,7,VAUXHALL MOVANO,7,E01020576,0,-1
2021451056193,2021,451056193,1,3,0,18,19,5,1,0,0,1,0,0,0,0,3,1,2,2,1,28,6,124,1,6,YAMAHA YZF R125,8,E01003827,0,-1
2021461032192,2021,461032192,2,9,0,18,19,4,8,0,0,0,0,0,0,0,4,1,6,6,1,63,9,1998,1,7,MAZDA 3,1,E01033129,0,-1
2021141098475,2021,141098475,1,9,0,18,19,3,7,0,0,0,0,0,0,0,1,1,5,6,2,34,6,1998,2,12,MAZDA 3,2,E01007855,0,-1
2021010327627,2021,010327627,1,9,0,5,5,3,7,0,0,0,0,4,0,0,1,1,6,6,1,18,4,1598,1,9,MAZDA 3,4,E01000134,0,-1
202163D014121,2021,63D014121,1,9,0,16,19,2,5,0,0,1,1,0,0,0,4,1,1,1,2,23,5,1598,1,13,MAZDA 3,7,E01028915,0,-1
2021161109822,2021,161109822,1,9,0,18,19,8,4,0,0,0,0,0,0,0,1,1,6,6,1,37,7,1984,1,9,AUDI S3,7,E01013248,0,-1
2021010323704,2021,010323704,1,9,0,18,19,3,7,0,0,2,0,0,0,0,1,1,6,6,1,23,5,1984,1,3,AUDI S3,-1,-1,0,-1
202131C014421,2021,31C014421,1,9,0,9,9,3,7,0,0,4,0,0,0,0,1,1,6,6,1,25,5,1999,1,4,AUDI S3,3,E01013929,0,-1
2021201148209,2021,201148209,1,9,0,18,19,7,3,0,0,1,0,0,0,0,1,1,6,6,1,37,7,1984,1,13,AUDI S3,1,E01009476,0,-1
2021991067177,2021,991067177,2,9,0,9,9,4,2,0,0,6,0,0,0,0,1,1,5,6,2,44,7,1984,1,4,AUDI S3,6,-1,0,-1
2021010303403,2021,010303403,2,9,0,99,99,9,9,99,99,0,9,99,9,99,1,9,6,6,3,-1,-1,1984,1,7,AUDI S3,-1,-1,0,-1
2021010340715,2021,010340715,1,3,0,16,19,3,7,0,0,1,0,0,0,0,1,1,6,6,3,-1,-1,125,1,3,HONDA ANC125,-1,-1,0,-1
2021430102500,2021,430102500,2,9,0,18,19,7,3,0,0,0,0,0,0,0,3,1,2,2,1,54,8,1339,8,10,HONDA INSIGHT,8,E01016508,0,-1
2021010337968,2021,010337968,5,8,0,8,8,7,1,0,0,1,0,0,0,0,1,1,1,1,1,61,9,1339,8,9,HONDA INSIGHT,2,E01003607,0,-1
2021991042920,2021,991042920,1,9,0,4,4,7,3,0,0,0,0,0,0,0,1,1,6,6,1,74,10,999,1,5,RENAULT TWINGO,4,-1,0,-1
2021221051436,2021,221051436,2,9,0,18,19,8,4,0,0,4,0,0,0,0,1,1,5,6,1,80,11,1149,1,11,RENAULT TWINGO,1,E01014118,0,-1
2021440149229,2021,440149229,1,9,0,15,15,2,6,0,0,0,0,0,0,0,1,1,6,6,2,78,11,999,1,7,RENAULT TWINGO,9,E01023009,0,-1
2021010324065,2021,010324065,1,9,0,99,99,9,9,99,99,9,9,99,9,99,2,9,6,6,2,45,7,1598,2,8,SEAT ALTEA,7,E01000573,0,-1
2021010296334,2021,010296334,2,3,0,15,15,7,3,0,0,1,5,0,0,0,4,1,3,7,1,50,8,125,1,6,HONDA FES125,7,E01004605,0,-1
2021031023716,2021,031023716,2,9,0,3,3,7,3,0,0,0,0,0,0,0,2,1,5,6,1,69,10,1999,2,4,JAGUAR F-PACE,9,E01019085,0,-1
2021991049451,2021,991049451,4,9,0,18,19,3,7,0,0,0,0,0,0,0,3,1,5,6,2,41,7,1999,2,5,JAGUAR F-PACE,3,-1,0,-1
2021522102461,2021,522102461,2,4,0,15,15,3,7,0,0,8,0,0,0,0,3,1,6,6,1,54,8,399,1,2,-1,4,E01014704,0,-1
202131D089021,2021,31D089021,1,9,0,9,9,7,4,0,0,6,0,0,0,0,1,1,6,6,2,84,11,1197,1,8,SKODA FABIA,10,E01028139,0,-1
2021010287517,2021,010287517,1,9,0,12,12,2,6,0,0,1,0,0,0,0,1,1,6,6,1,75,10,1390,1,17,SKODA FABIA,8,E01000672,0,-1
2021471084790,2021,471084790,3,9,0,4,4,5,1,0,0,0,0,0,0,0,2,1,5,6,2,21,5,1422,2,15,SKODA FABIA,3,E01031789,0,-1
2021501112586,2021,501112586,2,9,0,4,4,7,3,0,0,0,0,0,0,0,2,1,5,6,2,45,7,1598,2,9,SKODA FABIA,8,E01020091,0,-1
2021440415808,2021,440415808,1,9,0,18,19,2,6,0,0,0,0,2,0,0,4,1,6,6,1,-1,-1,1390,1,12,SKODA FABIA,-1,-1,0,-1
2021052102437,2021,052102437,4,9,0,2,2,0,0,0,0,8,0,0,0,0,2,1,6,6,3,-1,-1,1197,1,9,SKODA FABIA,-1,-1,0,-1
2021430311398,2021,430311398,1,9,0,18,19,3,7,0,0,0,0,0,0,0,4,1,6,6,2,56,9,1896,2,13,SKODA FABIA,8,E01015584,0,-1
202131C056021,2021,31C056021,1,9,0,18,19,2,6,0,0,2,0,0,0,0,1,1,2,2,1,39,7,1198,1,13,SKODA FABIA,3,E01013828,0,-1
2021461038039,2021,461038039,2,9,0,18,19,5,1,0,0,0,0,7,1,9,3,1,6,6,1,19,4,1598,2,10,SKODA FABIA,6,E01024357,0,-1
2021461073557,2021,461073557,1,9,0,3,3,4,8,0,0,1,0,0,0,0,1,1,6,6,1,69,10,2926,2,18,LAND ROVER MODEL MISSING,7,-1,0,-1
2021010294313,2021,010294313,1,9,0,18,19,3,7,0,0,1,0,11,0,0,4,1,1,1,2,38,7,1461,2,9,NISSAN QASHQAI,4,E01021451,0,-1
2021440469547,2021,440469547,1,9,0,3,3,6,2,0,0,8,0,0,0,0,2,1,2,2,2,48,8,1461,2,10,NISSAN QASHQAI,2,E01017188,0,-1
2021351116996,2021,351116996,3,9,0,4,4,2,6,0,0,8,0,0,0,0,2,1,6,6,2,63,9,1461,2,6,NISSAN QASHQAI,9,E01018029,0,-1
2021461066754,2021,461066754,2,9,0,2,2,0,0,0,0,0,0,0,0,0,1,1,6,6,2,45,7,1598,1,14,NISSAN QASHQAI,3,E01016038,0,-1
2021010330456,2021,010330456,2,9,0,5,5,7,3,0,0,2,0,0,0,0,1,1,6,6,1,29,6,1332,1,1,NISSAN QASHQAI,8,E01004707,0,-1
2021430257794,2021,430257794,2,9,0,18,19,4,8,0,0,0,1,0,1,9,3,1,6,6,2,50,8,1461,2,4,NISSAN QASHQAI,6,E01028548,0,-1
2021211144838,2021,211144838,1,9,0,18,19,2,6,0,0,1,0,0,0,0,1,1,1,1,1,37,7,1461,2,2,NISSAN QASHQAI,2,E01014359,0,-1
2021991092336,2021,991092336,2,9,0,4,4,8,4,0,0,0,0,0,0,0,2,1,5,6,2,78,11,1995,2,10,NISSAN QASHQAI,4,-1,0,-1
2021471046002,2021,471046002,2,9,0,18,19,8,4,0,0,2,0,0,0,0,2,1,5,6,2,39,7,1461,2,8,NISSAN QASHQAI,5,E01021195,0,-1
2021201016234,2021,201016234,1,9,0,9,9,4,2,0,0,4,0,0,0,0,4,1,6,6,2,23,5,1461,2,11,NISSAN QASHQAI,2,E01010268,0,-1
2021052102437,2021,052102437,1,9,0,18,19,3,7,0,0,8,0,0,0,0,3,1,6,6,1,64,9,1332,1,0,NISSAN QASHQAI,2,E01006497,0,-1
2021411114084,2021,411114084,1,9,0,7,7,5,3,0,0,1,0,0,0,0,3,1,6,6,1,-1,-1,1461,2,6,NISSAN QASHQAI,9,E01023726,0,-1
2021101028017,2021,101028017,4,9,0,4,4,6,2,0,0,0,0,0,0,0,2,1,5,6,1,66,10,1461,2,5,NISSAN QASHQAI,8,E01027406,0,-1
2021371145072,2021,371145072,3,9,0,3,3,6,2,0,0,0,0,0,0,0,2,1,6,6,1,78,11,1598,1,9,NISSAN QASHQAI,9,E01033450,0,-1
202134WNC2201,2021,34WNC2201,1,9,0,18,19,4,8,0,0,2,0,4,2,2,1,1,6,6,1,65,9,1997,1,14,NISSAN QASHQAI,5,E01027302,0,-1
2021471108560,2021,471108560,2,9,0,4,4,7,3,0,0,0,0,0,0,0,2,1,5,6,2,55,8,1997,1,8,NISSAN QASHQAI,9,E01016924,0,-1
2021622100463,2021,622100463,4,9,0,4,4,4,8,0,0,1,0,0,0,0,2,1,6,6,1,54,8,1598,2,9,NISSAN QASHQAI,3,W01001287,0,-1
2021421024033,2021,421024033,1,9,0,18,19,5,1,0,0,4,0,0,0,0,4,1,2,2,1,60,9,1994,2,13,NISSAN QASHQAI,3,E01021291,0,-1
2021010292464,2021,010292464,1,9,0,99,99,9,9,99,99,9,9,99,9,99,9,9,2,2,2,27,6,1197,1,6,NISSAN QASHQAI,6,E01016076,0,-1
2021010325366,2021,010325366,2,9,0,5,5,0,3,9,9,6,0,0,0,0,1,1,6,6,2,32,6,1197,1,5,NISSAN QASHQAI,2,E01015976,0,-1
2021544211921,2021,544211921,2,9,0,3,3,2,6,0,0,0,0,0,0,0,2,1,6,6,2,50,8,1598,2,7,NISSAN QASHQAI,5,E01031937,0,-1
2021201149481,2021,201149481,2,9,0,4,4,6,2,0,0,0,0,0,0,0,2,1,6,6,1,-1,-1,1332,1,0,NISSAN QASHQAI,3,E01008950,0,-1
2021161122060,2021,161122060,1,9,0,18,19,7,3,0,0,1,0,0,0,0,4,1,5,6,2,31,6,1598,2,8,NISSAN QASHQAI,1,E01012841,0,-1
2021471101259,2021,471101259,1,9,0,5,5,6,2,0,0,0,0,11,0,0,1,1,2,2,2,27,6,1332,1,2,NISSAN QASHQAI,4,E01031596,0,-1
2021371119749,2021,371119749,2,9,0,7,7,4,8,0,0,0,0,0,0,0,2,1,5,6,1,71,10,1461,2,11,NISSAN QASHQAI,2,E01029987,0,-1
2021371046927,2021,371046927,2,9,0,18,19,5,8,0,0,1,0,0,0,0,1,1,5,6,2,42,7,1598,1,9,NISSAN QASHQAI,8,E01033429,0,-1
2021531063943,2021,531063943,1,20,0,4,4,4,8,0,0,0,1,0,1,0,1,1,1,1,1,59,9,-1,-1,-1,-1,3,E01022293,0,-1
2021201144503,2021,201144503,1,9,0,16,19,2,5,0,0,0,1,4,4,0,1,1,6,6,1,23,5,3000,2,25,TOYOTA MODEL MISSING,2,E01009955,0,-1
2021010347132,2021,010347132,2,9,0,99,99,9,9,99,99,9,9,99,9,99,9,9,6,6,3,-1,-1,1800,8,8,TOYOTA MODEL MISSING,6,E01003378,0,-1
2021010325178,2021,010325178,1,5,0,99,99,9,9,99,99,9,9,99,9,99,9,1,2,2,1,46,8,765,1,3,TRIUMPH STREET TRIPLE,9,E01001132,0,-1
2021010330413,2021,010330413,1,9,0,5,5,5,1,0,0,7,0,0,0,0,1,1,3,7,2,55,8,1499,1,6,BMW 2 SERIES,5,E01004056,0,-1
2021371105275,2021,371105275,2,9,0,18,19,2,5,0,0,0,0,0,0,0,3,1,5,6,2,44,7,1499,1,5,BMW 2 SERIES,4,E01021342,0,-1
2021401024238,2021,401024238,1,9,0,5,5,7,5,0,0,4,0,0,0,0,1,1,2,2,1,29,6,1499,1,2,BMW 2 SERIES,7,E01017575,0,-1
2021010301375,2021,010301375,3,9,3,2,2,0,0,0,0,1,0,0,0,0,2,1,6,6,3,-1,-1,1499,1,2,BMW 2 SERIES,-1,-1,0,-1
2021010306534,2021,010306534,2,9,0,4,4,7,3,0,0,0,0,0,0,0,0,1,1,1,1,21,5,1499,1,1,BMW 2 SERIES,7,E01001343,0,-1
2021010332253,2021,010332253,2,9,0,4,4,1,5,0,0,0,0,0,0,0,0,1,1,1,1,40,7,1499,1,3,BMW 2 SERIES,2,E01004008,0,-1
2021440044395,2021,440044395,1,21,0,4,4,5,1,0,0,1,0,0,0,0,1,1,1,1,1,34,6,11120,2,7,IVECO STRALIS,6,E01022672,0,-1
2021451045676,2021,451045676,2,9,0,9,9,3,1,0,0,2,0,7,0,0,1,1,1,1,1,45,7,1968,2,2,SEAT ALHAMBRA,10,E01030327,0,-1
2021201097532,2021,201097532,2,9,0,18,19,4,8,0,0,8,0,0,0,0,1,1,6,6,1,44,7,1968,2,7,SEAT ALHAMBRA,1,E01009325,0,-1
2021201094921,2021,201094921,2,9,0,3,3,6,2,0,0,0,0,0,0,0,2,1,6,6,1,57,9,1199,1,1,VAUXHALL GRANDLAND,5,E01009779,0,-1
2021421018545,2021,421018545,1,9,0,9,9,1,5,0,0,8,0,0,0,0,3,1,6,6,2,56,9,1499,2,3,VAUXHALL GRANDLAND,4,E01016003,0,-1
2021461021821,2021,461021821,2,9,0,18,19,2,6,0,0,8,0,0,0,0,3,1,6,6,1,70,10,1199,1,2,VAUXHALL GRANDLAND,1,E01033211,0,-1
2021010320980,2021,010320980,1,9,0,3,3,5,1,0,0,0,0,0,0,0,2,1,6,6,1,40,7,1199,1,0,VAUXHALL GRANDLAND,2,E01001246,0,-1
2021010325935,2021,010325935,1,9,0,18,19,8,4,0,0,0,0,11,0,0,4,1,6,6,1,61,9,1199,1,1,VAUXHALL GRANDLAND,5,E01033740,0,-1
2021221062713,2021,221062713,2,9,0,18,19,3,7,0,0,3,0,0,4,6,4,1,5,6,1,40,7,1199,1,3,VAUXHALL GRANDLAND,9,E01032141,0,-1
2021471104134,2021,471104134,3,9,0,18,19,3,7,0,0,0,0,0,0,0,1,1,5,6,2,67,10,998,1,0,KIA PICANTO,7,E01031701,0,-1
2021471050546,2021,471050546,1,9,0,9,9,7,3,0,0,5,0,0,0,0,1,1,5,6,2,47,8,998,1,0,KIA PICANTO,8,E01030534,0,-1
2021061027030,2021,061027030,1,9,0,18,19,4,8,0,0,0,0,0,0,0,1,1,1,1,1,20,4,998,1,7,KIA PICANTO,4,E01006211,0,-1
2021501018587,2021,501018587,2,9,0,18,19,2,6,0,0,8,0,0,0,0,2,1,6,6,2,46,8,1598,2,7,SUZUKI SX4,5,E01019039,0,-1
2021430018361,2021,430018361,1,9,0,1,1,1,5,0,0,0,0,0,0,0,2,1,6,6,2,-1,-1,1386,1,14,NISSAN NOTE,9,E01028624,0,-1
2021010316114,2021,010316114,2,9,0,18,19,3,7,0,0,0,1,2,0,0,2,1,2,2,2,52,8,1386,1,14,NISSAN NOTE,5,E01001344,0,-1
2021545027421,2021,545027421,4,9,0,3,3,1,5,0,0,0,0,0,0,0,2,1,6,6,1,51,8,1386,1,12,NISSAN NOTE,4,E01015804,0,-1
2021421118505,2021,421118505,1,9,0,18,19,5,1,0,0,8,0,0,1,0,1,1,6,6,1,18,4,1598,1,12,NISSAN NOTE,2,E01001423,0,-1
2021101078177,2021,101078177,2,9,0,18,19,3,7,0,0,0,0,0,0,0,2,1,5,6,1,38,7,1461,2,7,NISSAN NOTE,6,E01020608,0,-1
2021101014948,2021,101014948,1,9,0,18,19,1,1,0,0,0,0,4,0,0,1,1,5,6,1,85,11,1386,1,13,NISSAN NOTE,3,E01008567,0,-1
2021010317610,2021,010317610,1,8,0,5,5,1,5,0,0,2,0,0,0,0,0,1,1,1,1,62,9,1798,8,9,TOYOTA PRIUS,5,E01001499,0,-1
2021010337986,2021,010337986,1,8,0,99,99,9,9,99,99,9,9,99,9,99,2,9,1,1,1,40,7,1798,8,7,TOYOTA PRIUS,-1,-1,0,-1
2021010297563,2021,010297563,1,9,0,18,19,7,3,0,0,1,0,0,0,0,2,1,1,1,1,55,8,1798,8,5,TOYOTA PRIUS,7,E01002172,0,-1
2021401073931,2021,401073931,2,9,0,4,4,4,8,0,0,0,0,0,0,0,2,1,2,2,1,54,8,1797,8,11,TOYOTA PRIUS,2,E01015749,0,-1
2021041022314,2021,041022314,2,9,0,18,19,1,5,0,0,0,0,0,0,0,1,1,1,1,1,40,7,1497,8,15,TOYOTA PRIUS,5,E01012645,0,-1
20211383B1530,2021,1383B1530,1,8,0,11,11,7,3,0,0,0,0,0,0,0,0,1,6,6,3,-1,-1,1798,8,8,TOYOTA PRIUS,4,E01011037,0,-1
2021010347080,2021,010347080,1,9,0,4,4,5,1,0,0,1,0,0,0,0,2,1,6,6,1,43,7,1797,8,2,TOYOTA PRIUS,4,E01000286,0,-1
2021010317515,2021,010317515,1,9,0,5,5,3,7,0,0,6,0,0,0,0,1,1,1,1,1,42,7,1798,8,5,TOYOTA PRIUS,5,E01002733,0,-1
2021041047963,2021,041047963,1,9,0,5,5,5,1,0,0,8,0,0,0,0,4,1,1,1,1,38,7,1497,8,12,TOYOTA PRIUS,8,E01012581,0,-1
2021010293537,2021,010293537,1,8,0,99,99,9,9,99,99,9,9,99,9,99,1,9,6,6,1,45,7,1797,8,10,TOYOTA PRIUS,2,E01003092,0,-1
2021451050692,2021,451050692,1,9,0,9,9,7,5,0,0,8,0,0,0,0,1,1,1,1,1,54,8,1798,8,6,TOYOTA PRIUS,4,E01016521,0,-1
2021010322672,2021,010322672,1,9,0,18,19,1,5,0,0,8,0,0,0,0,2,1,6,6,1,49,8,1797,8,11,TOYOTA PRIUS,-1,-1,0,-1
2021010337968,2021,010337968,3,8,0,10,10,5,3,0,0,1,0,4,0,0,2,1,1,1,1,43,7,1798,8,4,TOYOTA PRIUS,1,E01001431,0,-1
2021421060117,2021,421060117,1,9,0,18,19,1,5,0,0,3,0,0,0,0,3,1,6,6,2,34,6,1800,8,7,TOYOTA PRIUS,4,E01015948,0,-1
2021010314325,2021,010314325,1,9,0,18,19,7,3,0,0,2,0,2,0,0,4,1,2,2,2,47,8,1797,8,9,TOYOTA PRIUS,5,E01000920,0,-1
2021010287511,2021,010287511,2,9,9,99,99,9,9,99,99,0,9,99,9,99,9,9,6,6,3,-1,-1,1797,8,11,TOYOTA PRIUS,-1,-1,0,-1
2021010314891,2021,010314891,1,9,0,18,19,5,1,0,0,0,0,0,0,0,3,1,1,1,1,50,8,1798,8,5,TOYOTA PRIUS,2,E01033698,0,-1
20211383N0883,2021,1383N0883,1,8,0,5,5,6,1,0,0,0,0,0,0,0,3,1,1,1,1,63,9,1798,8,7,TOYOTA PRIUS,5,E01011648,0,-1
2021351131971,2021,351131971,1,9,0,18,19,1,5,0,0,0,0,0,0,0,1,1,1,1,1,58,9,1800,8,8,TOYOTA PRIUS,9,E01022063,0,-1
2021070768755,2021,070768755,2,9,0,4,4,7,3,0,0,0,0,0,0,0,1,1,6,6,1,38,7,1497,8,13,TOYOTA PRIUS,4,E01004832,0,-1
2021010308556,2021,010308556,1,9,0,99,99,9,9,99,99,9,9,99,9,99,1,9,6,6,1,38,7,1798,8,4,TOYOTA PRIUS,3,E01001637,0,-1
2021070098098,2021,070098098,2,8,0,2,2,5,1,0,0,1,0,2,0,0,2,1,1,1,1,44,7,1797,8,11,TOYOTA PRIUS,2,E01012482,0,-1
2021010345617,2021,010345617,1,9,0,5,5,4,8,0,0,0,0,0,0,0,3,1,3,7,1,54,8,1798,8,6,TOYOTA PRIUS,1,E01000953,0,-1
2021010301774,2021,010301774,1,9,0,99,99,9,9,99,99,0,9,99,9,99,2,9,6,6,1,42,7,1797,8,9,TOYOTA PRIUS,3,E01000644,0,-1
2021010301375,2021,010301375,1,9,0,9,9,3,1,0,0,1,0,0,0,0,1,1,6,6,2,55,8,1798,8,5,TOYOTA PRIUS,2,E01001594,0,-1
2021371080587,2021,371080587,2,9,0,18,19,6,2,0,0,0,0,0,0,0,1,1,5,6,1,31,6,1798,8,2,TOYOTA PRIUS,3,E01029998,0,-1
2021010302510,2021,010302510,2,9,9,18,19,1,5,0,0,7,9,4,3,99,1,2,6,6,3,-1,-1,1800,8,7,TOYOTA PRIUS,-1,-1,0,-1
2021010327627,2021,010327627,3,9,0,18,19,7,3,0,0,0,0,4,0,0,1,1,6,6,1,41,7,1798,8,3,TOYOTA PRIUS,6,E01000193,0,-1
2021010304666,2021,010304666,2,9,0,18,19,7,3,0,0,0,0,0,0,0,2,1,1,1,1,30,6,1797,8,12,TOYOTA PRIUS,4,E01024358,0,-1
2021010350494,2021,010350494,2,9,0,99,99,9,9,99,99,9,9,99,9,99,9,9,6,6,3,46,8,1791,8,9,TOYOTA PRIUS,3,E01001742,0,-1
2021201106331,2021,201106331,1,9,0,3,3,8,3,0,0,1,0,0,0,0,2,1,2,2,2,33,6,1368,1,1,ABARTH 595,9,E01010390,0,-1
2021461073557,2021,461073557,2,9,0,18,19,4,8,0,0,1,0,0,0,0,2,1,6,6,2,23,5,1368,1,2,ABARTH 595,9,E01024008,0,-1
2021371066887,2021,371066887,1,9,4,18,19,1,5,0,0,0,0,0,0,0,0,1,5,6,1,71,10,2720,2,12,CITROEN C5,5,E01030219,0,-1
2021072100837,2021,072100837,2,5,0,4,4,7,3,0,0,0,0,0,0,0,2,1,2,2,1,21,5,649,1,4,-1,1,E01006599,0,-1
2021010317666,2021,010317666,1,9,0,99,99,9,9,99,99,9,9,99,9,99,2,9,6,6,1,50,8,1580,8,2,HYUNDAI IONIQ,2,E01003556,0,-1
2021052101525,2021,052101525,2,8,0,18,19,1,6,0,0,8,0,0,7,0,4,1,1,1,1,39,7,1580,8,4,HYUNDAI IONIQ,1,E01006647,0,-1
2021440507209,2021,440507209,4,9,0,18,19,3,7,0,0,0,0,0,0,0,1,1,6,6,1,62,9,1580,8,1,HYUNDAI IONIQ,10,E01022729,0,-1
2021052100179,2021,052100179,2,8,0,18,19,4,8,0,0,1,0,0,0,0,2,1,1,1,1,42,7,1580,8,2,HYUNDAI IONIQ,2,E01006506,0,-1
2021010303551,2021,010303551,2,9,0,99,99,9,9,99,99,1,9,99,9,99,9,9,6,6,3,34,6,1580,8,4,HYUNDAI IONIQ,3,E01000094,0,-1
2021052100331,2021,052100331,1,8,0,18,19,1,5,0,0,8,0,0,0,0,1,1,6,6,1,49,8,1580,8,4,HYUNDAI IONIQ,1,E01006614,0,-1
2021170S11261,2021,170S11261,1,9,0,4,4,4,8,0,0,0,0,0,0,0,2,1,6,6,2,29,6,1580,8,2,HYUNDAI IONIQ,5,E01012300,0,-1
2021070208148,2021,070208148,2,9,0,3,3,6,2,0,0,0,0,2,0,0,2,1,6,6,2,52,8,1580,8,4,HYUNDAI IONIQ,2,E01018553,0,-1
2021531061921,2021,531061921,1,9,0,18,19,2,5,0,0,0,1,0,1,0,1,1,1,1,1,45,7,1580,8,4,HYUNDAI IONIQ,5,E01009280,0,-1
2021161035009,2021,161035009,2,9,0,18,19,7,3,0,0,0,0,0,0,0,1,1,6,6,2,-1,-1,1798,8,9,LEXUS CT 200,-1,-1,0,-1
2021131061307,2021,131061307,2,9,0,4,4,1,5,0,0,0,0,0,0,0,2,1,3,7,2,42,7,1950,2,0,MERCEDES GLB CLASS,9,E01011557,0,-1
2021371129100,2021,371129100,2,9,0,4,4,7,3,6,6,0,0,0,1,0,2,1,5,6,2,32,6,998,1,8,PEUGEOT 107,7,E01023961,0,-1
2021451095074,2021,451095074,3,9,0,3,3,1,5,0,0,0,0,0,0,0,3,1,6,6,2,25,5,998,1,11,PEUGEOT 107,8,E01030977,0,-1
2021010348493,2021,010348493,2,9,0,99,99,9,9,99,99,9,9,99,9,99,9,9,6,6,3,-1,-1,998,1,8,PEUGEOT 107,-1,-1,0,-1
2021302101708,2021,302101708,1,9,0,18,19,4,8,0,0,3,0,0,0,0,1,1,6,6,1,83,11,998,1,9,PEUGEOT 107,8,E01027993,0,-1
2021101101485,2021,101101485,2,9,0,18,19,5,1,0,0,0,0,0,0,0,3,1,6,6,1,80,11,998,1,11,PEUGEOT 107,8,E01008507,0,-1
202134NNC2861,2021,34NNC2861,2,9,0,18,19,7,3,0,0,0,0,0,1,10,2,1,6,6,1,42,7,1360,1,14,PEUGEOT 206,-1,-1,0,-1
2021471111303,2021,471111303,1,9,0,4,4,8,4,0,0,0,0,0,0,0,2,1,6,6,1,42,7,1587,1,18,PEUGEOT 206,8,E01021069,0,-1
2021421104349,2021,421104349,2,9,0,18,19,1,5,0,0,0,0,0,0,0,1,1,6,6,2,43,7,1360,1,16,PEUGEOT 206,5,E01033459,0,-1
2021522106134,2021,522106134,1,9,0,18,19,7,3,0,0,1,0,0,0,0,4,1,6,6,2,43,7,1560,2,15,PEUGEOT 206,2,E01014565,0,-1
2021401043920,2021,401043920,1,9,0,18,19,4,8,0,0,0,1,2,2,0,1,1,5,6,1,27,6,1360,1,16,PEUGEOT 206,6,E01000252,0,-1
2021461095144,2021,461095144,1,9,0,15,15,1,4,0,0,4,1,2,7,9,1,1,5,6,2,33,6,1587,1,17,PEUGEOT 206,4,E01024262,0,-1
2021101066466,2021,101066466,1,9,0,18,19,1,5,0,0,0,0,0,0,0,1,1,5,6,1,76,11,2179,2,19,-1,4,E01027433,0,-1
2021540713421,2021,540713421,2,9,0,4,4,1,5,0,0,0,0,0,0,0,2,1,6,6,2,25,5,1560,2,7,CITROEN C4,1,E01015546,0,-1
2021010296334,2021,010296334,1,9,0,15,15,7,3,0,0,1,0,0,0,0,3,1,3,7,1,45,7,1560,2,13,CITROEN C4,9,E01003804,0,-1
2021552100233,2021,552100233,3,9,0,4,4,5,1,0,0,0,0,0,0,0,2,1,6,6,1,65,9,1560,2,12,CITROEN C4,7,E01015428,0,-1
2021201124896,2021,201124896,2,9,0,18,19,6,2,0,0,0,0,0,0,0,1,1,6,6,2,32,6,1560,2,7,CITROEN C4,3,E01009086,0,-1
2021070505466,2021,070505466,3,9,0,4,4,8,4,0,0,0,0,2,0,0,1,1,6,6,1,53,8,1560,2,5,CITROEN C4,4,E01005897,0,-1
2021501020025,2021,501020025,2,9,0,4,4,8,4,0,0,0,0,0,0,0,2,1,6,6,1,24,5,1560,2,8,CITROEN C4,8,E01015165,0,-1
202134WNC2491,2021,34WNC2491,1,9,0,18,19,5,1,0,0,0,0,0,0,0,1,1,6,6,1,54,8,1560,2,9,CITROEN C4,2,E01027161,0,-1
2021302100424,2021,302100424,1,9,0,18,19,4,8,0,0,0,0,0,0,0,1,1,6,6,1,36,7,1200,1,5,CITROEN C4,3,E01033397,0,-1
2021351046827,2021,351046827,1,9,0,4,4,4,8,0,0,1,0,0,0,0,2,1,5,6,1,29,6,1896,2,16,VOLKSWAGEN PASSAT,5,E01017960,0,-1
202131C138521,2021,31C138521,1,9,0,18,19,6,2,0,0,1,0,0,0,0,2,1,6,6,2,34,6,1598,2,12,VOLKSWAGEN PASSAT,-1,-1,0,-1
2021052100441,2021,052100441,1,8,0,14,14,7,3,0,0,0,0,0,0,0,1,1,6,6,1,31,6,1968,2,10,VOLKSWAGEN PASSAT,1,E01006755,0,-1
2021010324315,2021,010324315,1,9,0,3,3,1,5,0,0,2,0,4,0,0,1,1,2,2,1,26,6,1598,2,9,VOLKSWAGEN PASSAT,3,E01003532,0,-1
2021101060494,2021,101060494,2,9,0,18,19,2,6,0,0,1,0,0,0,0,2,1,5,6,1,51,8,1598,2,3,VOLKSWAGEN PASSAT,-1,-1,0,-1
2021201078285,2021,201078285,2,9,0,3,3,7,3,0,0,0,0,0,0,0,2,1,6,6,1,41,7,1968,2,6,VOLKSWAGEN PASSAT,3,E01010321,0,-1
2021070548094,2021,070548094,1,9,0,4,4,7,3,0,0,0,0,0,0,0,2,1,6,6,1,34,6,1968,2,0,VOLKSWAGEN PASSAT,5,E01005520,0,-1
2021101028017,2021,101028017,3,9,0,4,4,6,2,0,0,0,0,0,0,0,2,1,5,6,1,49,8,1598,2,7,VOLKSWAGEN PASSAT,7,E01008374,0,-1
2021451064771,2021,451064771,1,9,0,4,4,1,3,0,0,0,0,0,0,0,0,1,5,6,1,38,7,1968,2,9,VOLKSWAGEN PASSAT,3,E01002559,0,-1
2021430088834,2021,430088834,1,9,0,11,11,5,1,0,0,0,1,0,1,7,2,1,6,6,1,40,7,1968,2,13,VOLKSWAGEN PASSAT,-1,-1,0,-1
2021430186260,2021,430186260,1,9,0,5,5,4,8,0,0,0,0,0,0,0,1,1,6,6,1,51,8,1968,2,12,VOLKSWAGEN PASSAT,10,E01017848,0,-1
2021052100649,2021,052100649,1,9,0,18,19,7,3,0,0,0,0,0,0,0,1,1,6,6,2,55,8,1968,2,13,VOLKSWAGEN PASSAT,1,E01006437,0,-1
2021461021821,2021,461021821,1,9,0,18,19,2,6,0,0,8,0,0,0,0,4,1,6,6,3,-1,-1,1968,2,12,VOLKSWAGEN PASSAT,-1,-1,0,-1
2021552100233,2021,552100233,1,9,0,18,19,5,1,0,0,0,0,0,0,0,1,1,6,6,2,44,7,1968,2,12,VOLKSWAGEN PASSAT,7,E01020436,0,-1
2021010332047,2021,010332047,3,9,4,18,19,3,7,0,0,0,0,0,0,0,1,1,6,6,3,-1,-1,1896,2,15,VOLKSWAGEN PASSAT,-1,-1,0,-1
2021010349916,2021,010349916,1,9,0,99,99,9,9,99,99,0,9,99,9,99,1,9,6,6,3,-1,-1,1598,2,1,AUDI Q2,-1,-1,0,-1
2021010328690,2021,010328690,2,9,0,99,99,9,9,99,99,0,9,99,9,99,9,9,6,6,3,-1,-1,1395,1,4,AUDI Q2,6,E01024172,0,-1
2021010330243,2021,010330243,2,9,0,18,19,3,7,0,0,1,1,0,0,0,1,1,6,6,1,21,5,1598,2,2,AUDI Q2,2,E01004392,0,-1
2021052100649,2021,052100649,2,9,0,3,3,7,3,0,0,0,0,0,0,0,2,1,6,6,2,36,7,999,1,1,AUDI Q2,2,E01006456,0,-1
2021471087277,2021,471087277,1,9,0,18,19,3,7,0,0,0,0,0,0,0,1,1,6,6,2,56,9,999,1,1,AUDI Q2,5,E01031467,0,-1
2021302100283,2021,302100283,2,9,0,18,19,6,2,0,0,1,0,0,0,0,1,1,6,6,2,-1,-1,1395,1,4,AUDI Q2,3,E01019739,0,-1
2021010306534,2021,010306534,3,9,0,18,19,7,3,0,0,0,0,0,0,0,1,1,6,6,1,22,5,1498,1,2,AUDI Q2,7,E01001308,0,-1
2021421095432,2021,421095432,1,9,0,4,4,2,6,0,0,0,0,0,0,0,1,1,6,6,1,43,7,1995,2,3,BMW X3,10,E01021587,0,-1
2021131067246,2021,131067246,1,9,0,4,4,6,2,0,0,0,0,0,0,0,2,1,5,6,1,48,8,1560,2,11,CITROEN DS3,2,E01027850,0,-1
2021101044204,2021,101044204,2,9,0,18,19,1,5,0,0,0,1,0,1,10,3,1,5,6,2,49,8,1200,1,6,CITROEN DS3,6,E01027532,0,-1
202134WNC0551,2021,34WNC0551,2,9,0,3,3,5,1,0,0,0,0,0,0,0,2,1,6,6,1,62,9,1598,1,7,CITROEN DS3,-1,-1,0,-1
2021552100322,2021,552100322,3,9,0,3,3,3,7,0,0,1,0,0,0,0,1,1,6,6,2,46,8,1598,1,10,CITROEN DS3,9,E01020362,0,-1
20211381C0312,2021,1381C0312,1,9,0,3,3,8,4,0,0,0,0,0,0,0,2,1,6,6,2,73,10,1199,1,7,CITROEN DS3,6,E01010594,0,-1
2021131045601,2021,131045601,1,9,0,11,11,8,2,0,0,1,0,0,0,0,2,1,2,2,2,43,7,1396,2,10,KIA VENGA,7,E01027703,0,-1
2021010312926,2021,010312926,1,9,0,99,99,9,9,99,99,9,9,99,9,99,1,9,6,6,3,-1,-1,1591,1,8,KIA VENGA,2,E01002879,0,-1
2021545646021,2021,545646021,1,9,0,5,5,1,7,0,0,1,0,0,0,0,3,1,2,2,2,24,5,1499,1,0,MINI CLUBMAN,8,E01015552,0,-1
2021101039993,2021,101039993,2,9,0,3,3,2,4,0,0,1,0,0,0,0,2,1,5,6,2,54,8,1998,1,1,MINI CLUBMAN,8,E01027457,0,-1
2021471094631,2021,471094631,2,9,0,4,4,8,4,0,0,1,0,0,0,0,4,1,3,7,2,32,6,1500,2,0,PEUGEOT 3008,3,E01016894,0,-1
2021041087120,2021,041087120,1,9,0,10,10,7,3,0,0,6,0,0,0,0,3,1,3,7,2,48,8,1560,2,8,PEUGEOT 3008,9,E01025240,0,-1
2021371121429,2021,371121429,2,9,0,4,4,6,2,0,0,0,0,0,0,0,2,1,5,6,2,71,10,1997,2,3,PEUGEOT 3008,7,E01024109,0,-1
2021010323242,2021,010323242,2,9,0,18,19,5,1,0,0,0,0,0,0,0,4,1,2,2,2,29,6,1560,2,5,PEUGEOT 3008,2,E01002872,0,-1
2021170S11561,2021,170S11561,1,9,0,4,4,8,4,0,0,0,0,0,0,0,1,1,6,6,1,19,4,1500,2,2,PEUGEOT 3008,4,E01020899,0,-1
2021010345515,2021,010345515,2,9,0,18,19,3,7,0,0,1,0,0,0,0,1,1,6,6,1,37,7,1200,1,4,PEUGEOT 3008,1,E01001574,0,-1
2021070098098,2021,070098098,1,9,0,18,19,5,1,0,0,1,0,2,0,0,1,1,6,6,1,54,8,1560,2,9,PEUGEOT 3008,7,E01006867,0,-1
2021501130535,2021,501130535,1,9,0,6,6,1,5,0,0,8,1,0,0,0,3,1,6,6,1,49,8,1997,2,6,PEUGEOT 3008,4,E01020131,0,-1
2021531122087,2021,531122087,2,9,0,18,19,2,6,0,0,0,0,0,0,0,2,1,5,6,2,49,8,1560,2,7,PEUGEOT 3008,6,E01022232,0,-1
2021231030937,2021,231030937,3,9,0,3,3,1,5,0,0,0,0,0,0,0,2,1,5,6,2,42,7,1560,2,4,PEUGEOT 3008,7,E01031198,0,-1
2021991093943,2021,991093943,2,21,1,18,19,5,1,0,0,0,0,0,0,0,2,1,1,1,1,36,7,10837,2,4,DAF TRUCKS MODEL MISSING,5,-1,0,-1
2021010337406,2021,010337406,2,20,0,18,19,7,3,0,0,0,0,0,0,0,1,1,6,6,1,60,9,9186,2,7,DAF TRUCKS MODEL MISSING,-1,-1,0,-1
2021211048297,2021,211048297,1,21,1,18,19,1,5,0,0,0,0,0,0,0,1,1,1,1,1,67,10,12900,2,9,DAF TRUCKS MODEL MISSING,6,E01026260,0,-1
2021461116440,2021,461116440,2,21,1,18,19,3,7,0,0,0,0,0,0,0,2,1,1,1,1,54,8,10837,2,2,DAF TRUCKS MODEL MISSING,9,E01016169,0,-1
2021421022280,2021,421022280,3,21,1,18,19,7,3,0,0,0,0,0,0,0,1,1,1,1,1,26,6,12902,2,6,DAF TRUCKS MODEL MISSING,8,E01021533,0,-1
2021430203171,2021,430203171,1,20,0,18,19,3,7,0,0,0,0,0,0,0,1,1,1,1,1,41,7,6700,2,6,DAF TRUCKS MODEL MISSING,10,E01023436,0,-1
2021430370144,2021,430370144,1,21,0,11,11,8,4,0,0,0,0,0,0,0,4,1,1,1,1,56,9,12902,2,1,DAF TRUCKS MODEL MISSING,2,E01029351,0,-1
2021010320980,2021,010320980,2,21,0,3,3,5,1,0,0,0,0,0,0,0,1,1,1,1,1,42,7,12902,2,7,DAF TRUCKS MODEL MISSING,3,E01016021,0,-1
2021221036178,2021,221036178,2,19,0,17,19,6,3,0,0,8,0,0,0,0,1,1,1,1,1,53,8,4500,2,5,DAF TRUCKS MODEL MISSING,2,E01010049,0,-1
2021991061063,2021,991061063,2,21,0,2,2,0,0,0,0,0,0,0,0,0,0,1,6,6,3,-1,-1,-1,-1,-1,DAF TRUCKS MODEL MISSING,-1,-1,0,-1
2021351048677,2021,351048677,2,21,0,2,2,5,1,0,0,0,0,0,0,0,2,1,1,1,1,44,7,6700,2,6,DAF TRUCKS MODEL MISSING,10,E01017436,0,-1
2021991085410,2021,991085410,1,90,0,1,1,7,3,0,0,1,0,0,0,0,2,1,1,1,1,46,8,4461,2,10,DAF TRUCKS MODEL MISSING,8,-1,0,-1
2021501062112,2021,501062112,2,9,0,18,19,8,4,0,0,1,0,0,0,0,1,1,6,6,1,63,9,1496,1,1,FORD KUGA,1,E01015146,0,-1
2021070345419,2021,070345419,2,9,0,4,4,5,1,0,0,0,0,2,0,0,2,1,6,6,2,48,8,1997,2,6,FORD KUGA,-1,-1,0,-1
2021421025837,2021,421025837,1,9,0,18,19,3,7,0,0,0,0,0,0,0,1,1,6,6,2,31,6,1997,2,6,FORD KUGA,6,E01021542,0,-1
2021010300488,2021,010300488,1,9,0,18,19,3,7,0,0,2,0,2,0,0,4,1,6,6,1,38,7,1997,2,3,FORD KUGA,2,E01000075,0,-1
2021010347444,2021,010347444,1,9,0,4,4,5,1,0,0,1,0,0,0,0,2,1,2,2,2,40,7,1499,2,3,FORD KUGA,6,E01000590,0,-1
202131D030021,2021,31D030021,3,9,0,18,19,5,1,0,0,0,0,0,0,0,1,1,6,6,1,68,10,1499,2,3,FORD KUGA,6,E01027994,0,-1
2021201116214,2021,201116214,2,9,0,5,5,6,2,0,0,8,0,0,0,0,3,1,2,2,1,43,7,1997,2,6,FORD KUGA,1,E01010282,0,-1
202134NNC2031,2021,34NNC2031,2,9,0,4,4,5,1,0,0,1,0,0,0,0,2,1,2,2,1,39,7,1498,1,3,FORD KUGA,8,E01027162,0,-1
2021991086024,2021,991086024,1,9,0,18,19,1,5,0,0,1,5,2,0,0,1,1,5,6,2,57,9,1496,1,0,FORD KUGA,6,-1,0,-1
2021201118773,2021,201118773,1,9,0,18,19,1,5,0,0,0,0,10,0,0,1,1,6,6,1,36,7,1499,2,4,FORD KUGA,6,E01009976,0,-1
2021461099982,2021,461099982,1,9,0,18,19,7,3,0,0,0,0,0,0,0,1,1,2,2,1,43,7,1997,2,5,FORD KUGA,6,E01024568,0,-1
2021302100966,2021,302100966,3,9,0,18,19,8,4,0,0,1,0,0,0,0,1,1,6,6,1,35,6,1997,2,7,FORD KUGA,4,E01013548,0,-1
2021201114054,2021,201114054,2,9,0,18,19,7,3,0,0,3,0,0,0,0,4,1,6,6,2,28,6,1498,1,2,FORD KUGA,2,E01009058,0,-1
2021231081029,2021,231081029,2,9,0,7,7,2,5,0,0,4,0,0,0,0,4,1,2,2,2,63,9,1499,2,3,FORD KUGA,1,E01008932,0,-1
2021201144503,2021,201144503,2,9,0,2,2,0,0,0,0,0,1,0,0,0,1,1,6,6,2,31,6,1997,2,12,FORD KUGA,4,E01009871,0,-1
2021451097489,2021,451097489,1,9,0,18,19,7,4,0,0,1,1,4,1,1,1,1,5,6,1,38,7,1599,1,20,HYUNDAI MATRIX,3,E01030952,0,-1
2021547758821,2021,547758821,2,9,0,3,3,4,8,0,0,1,0,0,0,0,2,1,2,2,1,27,6,1560,2,6,PEUGEOT 2008,10,E01016299,0,-1
2021430518991,2021,430518991,2,9,0,3,3,8,4,0,0,8,0,0,0,0,2,1,6,6,1,52,8,1200,1,2,PEUGEOT 2008,5,E01016371,0,-1
2021531122087,2021,531122087,3,9,0,4,4,2,6,0,0,0,0,0,0,0,2,1,5,6,2,41,7,-1,3,0,PEUGEOT 2008,6,E01022268,0,-1
202131D172321,2021,31D172321,3,9,0,18,19,8,4,0,0,0,1,0,0,0,1,1,6,6,1,22,5,1598,2,11,SEAT LEON,1,E01013883,0,-1
2021010304964,2021,010304964,1,9,0,14,14,1,5,0,0,1,0,0,0,0,1,1,6,6,1,27,6,1984,1,4,SEAT LEON,4,E01021374,0,-1
2021430523193,2021,430523193,2,9,0,18,19,6,2,0,0,8,0,0,0,0,1,1,1,1,1,30,6,1968,2,14,SEAT LEON,3,E01002526,0,-1
2021131095245,2021,131095245,1,8,0,7,7,7,5,0,0,1,0,0,0,0,4,1,1,1,1,37,7,1598,2,3,SEAT LEON,1,E01005235,0,-1
2021131062954,2021,131062954,2,9,0,9,9,1,7,0,0,3,0,0,0,0,4,1,2,2,1,31,6,1197,1,8,SEAT LEON,4,E01011892,0,-1
2021302101199,2021,302101199,1,9,0,14,14,6,2,0,0,2,0,0,0,0,4,1,6,6,2,63,9,1395,1,6,SEAT LEON,6,E01025740,0,-1
2021122101355,2021,122101355,2,9,0,2,2,0,0,9,9,2,0,0,0,0,2,1,6,6,1,40,7,1498,1,2,SKODA KODIAQ,10,E01013423,0,-1
202134NNC3461,2021,34NNC3461,1,5,0,13,13,8,4,0,0,1,5,10,1,2,1,1,6,6,1,54,8,650,1,19,SUZUKI SV 650,4,E01027320,0,-1
2021991049451,2021,991049451,2,9,0,18,19,3,7,0,0,0,0,0,0,0,2,1,5,6,2,40,7,1968,2,2,VOLKSWAGEN TIGUAN,-1,-1,0,-1
2021311048083,2021,311048083,1,9,0,4,4,4,8,0,0,0,0,0,0,0,2,1,3,7,2,26,6,1968,2,11,VOLKSWAGEN TIGUAN,10,E01028390,0,-1
2021451089611,2021,451089611,2,9,0,4,4,3,7,0,0,0,0,0,0,0,2,1,2,2,1,58,9,1968,2,8,VOLKSWAGEN TIGUAN,10,E01030388,0,-1
2021221116766,2021,221116766,2,9,0,3,3,7,3,0,0,0,0,0,0,0,2,1,5,6,1,60,9,1968,2,7,VOLKSWAGEN TIGUAN,6,E01032188,0,-1
2021231118393,2021,231118393,1,9,0,18,19,8,4,0,0,0,0,0,0,0,3,1,6,6,2,28,6,1968,2,5,VOLKSWAGEN TIGUAN,3,E01028209,0,-1
2021430473479,2021,430473479,2,9,0,4,4,2,6,0,0,0,0,0,0,0,2,1,2,2,2,35,6,1390,1,7,VOLKSWAGEN TIGUAN,10,E01030670,0,-1
2021552200009,2021,552200009,1,9,0,13,13,8,4,0,0,0,1,0,0,0,1,1,6,6,1,32,6,1986,2,16,AUDI A4,8,E01019966,0,-1
2021041049098,2021,041049098,1,9,0,18,19,7,3,0,0,1,0,0,0,0,1,1,5,6,1,35,6,1986,2,13,AUDI A4,6,E01025418,0,-1
2021430411572,2021,430411572,2,9,0,18,19,6,2,0,0,0,0,0,0,0,4,1,1,1,1,44,7,1968,2,7,AUDI A4,2,E01014659,0,-1
2021440047698,2021,440047698,2,9,0,4,4,6,2,0,0,0,0,0,0,0,2,1,2,2,1,42,7,1968,2,2,AUDI A4,9,E01022879,0,-1
2021231068644,2021,231068644,1,9,0,18,19,7,3,0,0,0,0,0,1,7,1,1,6,6,2,40,7,2496,2,16,AUDI A4,1,E01009482,0,-1
2021371051875,2021,371051875,1,9,0,6,6,5,1,0,0,7,0,0,0,0,3,1,5,6,1,41,7,1968,2,12,AUDI A4,8,E01028367,0,-1
2021041042296,2021,041042296,1,9,0,17,19,3,7,0,0,8,0,0,0,0,4,1,5,6,1,61,9,1986,2,16,AUDI A4,3,E01025097,0,-1
202134WNC4511,2021,34WNC4511,1,9,0,12,12,3,7,0,0,7,0,0,0,0,1,1,6,6,2,34,6,1968,2,11,AUDI A4,1,E01027334,0,-1
2021451056318,2021,451056318,1,9,0,18,19,2,6,0,0,3,0,0,0,0,4,1,2,2,1,46,8,1968,2,8,AUDI A4,6,E01023388,0,-1
2021201072677,2021,201072677,1,9,0,18,19,1,5,0,0,0,0,0,0,0,0,1,2,2,1,25,5,1968,2,12,AUDI A4,1,E01009355,0,-1
2021552101340,2021,552101340,2,9,0,18,19,6,2,0,0,1,0,0,0,0,1,1,6,6,1,61,9,1968,2,2,AUDI A4,10,E01015295,0,-1
2021610057521,2021,610057521,1,9,0,3,3,7,3,0,0,0,0,0,0,0,1,1,6,6,1,71,10,1984,1,2,AUDI A4,10,W01001512,0,-1
2021401015891,2021,401015891,2,9,0,3,3,5,1,0,0,1,0,0,0,0,2,1,5,6,1,47,8,1968,2,12,AUDI A4,4,E01015717,0,-1
2021201097861,2021,201097861,1,9,0,9,9,3,1,0,0,6,0,0,0,0,1,1,6,6,1,46,8,1395,1,3,AUDI A4,2,E01009517,0,-1
2021501112568,2021,501112568,1,9,0,4,4,4,8,0,0,0,0,0,0,0,2,1,5,6,1,27,6,1968,2,9,AUDI A4,6,E01031557,0,-1
2021101028017,2021,101028017,2,9,0,4,4,6,2,0,0,0,0,0,0,0,2,1,5,6,1,53,8,1395,1,4,AUDI A4,2,E01008377,0,-1
202154A276721,2021,54A276721,1,9,0,18,19,5,1,0,0,0,0,0,0,0,1,1,2,2,1,20,4,1968,2,7,AUDI A4,7,E01015560,0,-1
2021161111777,2021,161111777,3,9,0,18,19,6,2,0,0,0,0,0,0,0,2,1,5,6,1,41,7,1968,2,11,AUDI A4,7,E01013100,0,-1
2021501105131,2021,501105131,2,9,0,3,3,1,5,0,0,0,0,0,0,0,2,1,1,1,1,50,8,1997,2,5,FORD GALAXY,3,E01020104,0,-1
2021471061486,2021,471061486,1,9,0,18,19,7,3,0,0,0,0,0,0,0,3,1,5,6,2,41,7,1997,2,11,FORD GALAXY,4,E01031795,0,-1
2021010288439,2021,010288439,1,8,0,99,99,9,9,0,0,0,9,99,9,99,9,9,6,6,1,64,9,1997,2,4,FORD GALAXY,6,E01000180,0,-1
2021430444191,2021,430444191,3,9,0,18,19,6,2,0,0,2,0,0,0,0,2,1,6,6,2,47,8,1997,2,14,FORD GALAXY,10,E01022872,0,-1
2021010311143,2021,010311143,1,9,0,9,9,3,2,0,0,6,0,0,0,0,4,1,1,1,2,26,6,1997,2,12,FORD GALAXY,8,E01000261,0,-1
2021010344128,2021,010344128,1,9,0,3,3,1,5,0,0,0,0,0,0,0,1,1,2,2,1,40,7,1997,2,3,FORD GALAXY,3,E01000510,0,-1
2021131106009,2021,131106009,1,9,0,18,19,5,1,9,9,0,0,0,1,11,3,1,5,6,1,31,6,998,1,2,KIA STONIC,1,E01011339,0,-1
2021201085128,2021,201085128,2,9,0,3,3,6,1,0,0,1,0,0,0,0,2,1,6,6,2,26,6,898,1,6,SMART FORFOUR,6,E01032129,0,-1
2021451032860,2021,451032860,1,9,0,4,4,1,3,0,0,1,0,0,0,0,0,1,5,6,1,46,8,898,1,4,SMART FORFOUR,6,E01030736,0,-1
2021471036911,2021,471036911,1,9,0,18,19,3,7,0,0,0,0,2,0,0,1,1,6,6,1,34,6,1998,1,26,TOYOTA CELICA,5,E01031373,0,-1
2021010301375,2021,010301375,2,4,0,15,15,7,3,4,4,1,1,4,0,0,1,1,2,2,2,37,7,249,1,9,YAMAHA YP,3,E01033735,0,-1
2021010293261,2021,010293261,1,4,0,10,10,3,1,0,0,1,0,0,0,0,2,1,2,2,1,49,8,249,1,5,YAMAHA YP,2,E01004060,0,-1
202134WNC1761,2021,34WNC1761,1,3,0,14,14,1,5,0,0,1,2,0,0,0,1,1,6,6,1,21,5,125,1,7,ZONTES ZT,2,E01027230,0,-1
2021401015891,2021,401015891,1,11,0,4,4,5,1,0,0,1,0,0,0,0,1,1,1,1,1,43,7,9200,2,19,DAF MODEL MISSING,4,E01015804,0,-1
2021041110820,2021,041110820,2,3,0,7,7,1,3,0,0,8,0,0,0,0,1,1,2,2,1,18,4,125,1,1,SINNIS ZS 125,2,E01025072,0,-1
2021111137522,2021,111137522,2,9,0,3,3,3,7,0,0,0,0,0,0,0,2,1,6,6,1,47,8,1896,2,13,SKODA OCTAVIA,1,E01020671,0,-1
2021991034314,2021,991034314,2,9,0,16,19,7,3,0,0,0,0,0,0,0,2,1,1,1,1,40,7,1598,2,6,SKODA OCTAVIA,1,-1,0,-1
2021501095754,2021,501095754,2,9,0,3,3,7,3,0,0,0,0,0,0,0,2,1,5,6,1,23,5,1968,2,12,SKODA OCTAVIA,-1,-1,0,-1
2021131079764,2021,131079764,3,9,0,18,19,1,5,0,0,1,0,0,0,0,3,1,2,2,1,33,6,1896,2,17,SKODA OCTAVIA,4,E01011073,0,-1
2021061069737,2021,061069737,1,9,0,18,19,1,5,0,0,0,0,0,0,0,1,1,5,6,1,36,7,1598,2,6,SKODA OCTAVIA,9,E01012583,0,-1
2021101102058,2021,101102058,1,9,0,18,19,5,1,0,0,1,0,0,0,0,3,1,5,6,1,52,8,1968,2,3,SKODA OCTAVIA,2,E01012081,0,-1
2021302101243,2021,302101243,1,9,0,4,4,4,8,0,0,0,0,0,0,0,2,1,6,6,2,37,7,1984,1,2,SKODA OCTAVIA,6,E01027989,0,-1
2021622100906,2021,622100906,1,9,0,4,4,2,6,0,0,1,0,0,0,0,1,1,1,1,1,27,6,1968,2,14,SKODA OCTAVIA,1,W01001699,0,-1
2021991074264,2021,991074264,1,9,0,18,19,4,8,0,0,0,0,0,0,0,1,1,6,6,1,30,6,1968,2,5,SKODA OCTAVIA,1,-1,0,-1
2021430119377,2021,430119377,2,9,0,4,4,4,8,0,0,0,0,0,0,0,2,1,6,6,1,-1,-1,1984,1,5,SKODA OCTAVIA,-1,-1,0,-1
2021547142721,2021,547142721,1,9,0,18,19,8,4,0,0,1,0,0,0,0,3,1,2,2,1,30,6,1984,1,2,SKODA OCTAVIA,8,E01015553,0,-1
2021101117442,2021,101117442,2,9,0,3,3,3,7,0,0,1,0,0,0,0,2,1,5,6,1,64,9,1968,2,6,SKODA OCTAVIA,5,E01008410,0,-1
2021211144838,2021,211144838,2,9,0,9,9,2,7,0,0,5,0,0,0,0,2,1,1,1,1,37,7,1498,1,0,SKODA OCTAVIA,2,E01014279,0,-1
2021991075996,2021,991075996,1,8,0,18,19,7,3,0,0,4,0,2,0,0,1,1,1,1,1,61,9,1598,2,7,SKODA OCTAVIA,4,-1,0,-1
202134WNC6421,2021,34WNC6421,1,9,0,12,12,5,1,0,0,6,5,0,0,0,1,1,1,1,1,29,6,1968,2,1,SKODA OCTAVIA,8,E01027162,0,-1
2021010287268,2021,010287268,1,9,0,3,3,7,3,0,0,1,0,0,0,0,2,1,6,6,2,57,9,1498,1,3,SKODA OCTAVIA,1,E01001080,0,-1
2021052101158,2021,052101158,1,9,0,9,9,1,7,0,0,6,0,0,0,0,1,1,6,6,1,43,7,1598,2,7,SKODA OCTAVIA,-1,-1,0,-1
2021201125396,2021,201125396,1,9,0,18,19,7,3,0,0,1,0,0,0,0,1,1,6,6,1,33,6,1968,2,6,SKODA OCTAVIA,2,E01009090,0,-1
2021141105276,2021,141105276,1,9,0,18,19,5,1,0,0,0,0,0,0,0,1,1,6,6,2,40,7,1199,1,7,CITROEN C1,6,E01007669,0,-1
2021552100230,2021,552100230,1,9,0,5,5,5,8,0,0,4,0,0,0,0,1,1,6,6,2,76,11,998,1,7,CITROEN C1,8,E01015319,0,-1
2021471110847,2021,471110847,1,9,0,18,19,7,3,0,0,0,0,0,0,0,1,1,5,6,1,23,5,1199,1,6,CITROEN C1,6,E01021213,0,-1
2021421053515,2021,421053515,3,9,0,18,19,3,7,0,0,0,0,0,0,0,4,1,6,6,1,45,7,998,1,11,CITROEN C1,5,E01021484,0,-1
2021320182037,2021,320182037,1,9,0,1,1,1,5,0,0,0,0,0,0,0,3,1,6,6,2,65,9,998,1,11,CITROEN C1,4,E01026081,0,-1
2021440372821,2021,440372821,1,9,0,18,19,6,2,0,0,0,0,0,0,0,1,1,6,6,2,20,4,1360,1,14,-1,9,E01023115,0,-1
2021010313446,2021,010313446,1,3,0,13,13,3,7,0,0,1,0,0,0,0,4,1,2,2,1,38,7,125,1,1,PEUGEOT SPEEDFIGHT,3,E01003544,0,-1
2021552100918,2021,552100918,1,2,0,18,19,5,1,0,0,0,1,0,0,0,1,1,6,6,1,18,4,49,1,17,PEUGEOT SPEEDFIGHT,9,E01020419,0,-1
202163BF01321,2021,63BF01321,4,5,0,16,19,6,3,0,0,0,0,0,0,0,0,1,6,6,1,25,5,-1,-1,-1,PEUGEOT SPEEDFIGHT,2,E01028967,0,-1
2021201087112,2021,201087112,1,11,0,4,4,7,3,0,0,0,0,0,0,0,3,1,1,1,1,25,5,6700,2,5,ALEXANDER DENNIS MODEL MISSING,1,E01010054,0,-1
2021101051171,2021,101051171,1,11,0,9,9,1,5,0,0,8,0,0,0,0,0,1,1,1,1,36,7,6700,2,5,ALEXANDER DENNIS MODEL MISSING,-1,-1,0,-1
2021010322371,2021,010322371,1,11,0,4,4,1,5,0,0,1,0,0,0,0,0,1,1,1,1,39,7,4500,2,4,ALEXANDER DENNIS MODEL MISSING,4,E01010072,0,-1
2021010305814,2021,010305814,1,11,0,4,4,1,5,0,0,1,0,0,0,0,0,1,1,1,1,57,9,4500,2,2,ALEXANDER DENNIS MODEL MISSING,3,E01000545,0,-1
2021201097532,2021,201097532,3,11,0,7,7,6,8,0,0,1,0,0,0,0,1,1,6,6,1,-1,-1,6700,2,2,ALEXANDER DENNIS MODEL MISSING,-1,-1,0,-1
202131D076421,2021,31D076421,2,11,0,18,19,2,6,0,0,1,0,0,0,0,0,1,1,1,2,39,7,6700,2,3,ALEXANDER DENNIS MODEL MISSING,8,E01033412,0,-1
2021010297383,2021,010297383,2,11,0,18,19,3,7,0,0,1,0,0,0,0,4,1,1,1,1,25,5,6700,2,9,ALEXANDER DENNIS MODEL MISSING,2,E01003983,0,-1
2021481121422,2021,481121422,1,11,0,18,19,7,3,0,0,1,0,0,0,0,4,1,1,1,1,52,8,6700,2,1,ALEXANDER DENNIS MODEL MISSING,-1,-1,0,-1
2021010317725,2021,010317725,1,11,0,5,5,7,3,0,0,1,0,0,0,0,1,1,1,1,1,27,6,4500,2,9,ALEXANDER DENNIS MODEL MISSING,5,E01004494,0,-1
2021302100424,2021,302100424,2,9,0,3,3,4,8,0,0,0,1,0,0,0,2,2,6,6,1,50,8,1968,2,8,AUDI A5,10,E01019708,0,-1
2021552100359,2021,552100359,2,9,0,8,8,3,5,0,0,1,0,0,0,0,1,1,6,6,1,33,6,1968,2,9,AUDI A5,3,E01015285,0,-1
2021010294709,2021,010294709,3,9,0,4,4,3,7,0,0,8,0,0,0,0,1,1,6,6,1,45,7,1984,1,11,AUDI A5,6,E01024180,0,-1
2021010306402,2021,010306402,1,9,0,13,13,5,1,0,0,0,0,0,0,0,4,1,6,6,2,30,6,1395,1,3,AUDI A5,4,E01001444,0,-1
2021122101301,2021,122101301,5,9,0,18,19,7,3,0,0,0,0,0,0,0,1,1,6,6,2,44,7,1968,2,9,AUDI A5,10,E01010771,0,-1
2021471110847,2021,471110847,2,9,0,4,4,7,3,0,0,0,0,0,0,0,2,1,2,2,2,30,6,1984,1,4,AUDI A5,8,E01016928,0,-1
2021547181121,2021,547181121,3,9,0,4,4,3,7,0,0,1,0,0,0,0,2,1,6,6,1,49,8,1968,2,1,AUDI A5,6,E01029021,0,-1
2021201110554,2021,201110554,3,98,0,18,19,5,1,0,0,0,0,0,0,0,1,1,1,1,1,47,8,2499,2,2,-1,5,E01028898,0,-1
2021141019596,2021,141019596,3,19,0,11,11,5,1,0,0,0,0,0,0,0,0,1,1,1,1,61,9,2499,2,2,LDV V80,7,E01013024,0,-1
2021440149229,2021,440149229,3,9,0,3,3,2,6,0,0,0,0,0,0,0,2,1,6,6,1,79,11,2685,2,17,MERCEDES E CLASS,6,E01023028,0,-1
2021201125294,2021,201125294,1,9,0,18,19,4,2,0,0,0,1,0,0,0,1,1,6,6,1,32,6,1950,2,2,MERCEDES E CLASS,1,E01008905,0,-1
2021461035388,2021,461035388,2,9,0,4,4,3,7,0,0,0,0,0,0,0,2,1,2,2,1,43,7,1950,2,3,MERCEDES E CLASS,8,E01024730,0,-1
2021010295123,2021,010295123,2,9,9,99,99,9,9,99,99,9,9,99,9,99,9,9,6,6,3,-1,-1,2143,2,9,MERCEDES E CLASS,-1,-1,0,-1
2021421050268,2021,421050268,1,9,5,15,15,3,7,0,0,0,0,0,0,0,1,1,1,1,1,56,9,1950,2,3,MERCEDES E CLASS,2,E01032474,0,-1
2021041074660,2021,041074660,2,9,0,4,4,5,1,0,0,0,0,0,0,0,2,1,5,6,1,41,7,1950,2,4,MERCEDES E CLASS,8,E01025437,0,-1
2021430213016,2021,430213016,3,9,0,18,19,6,2,0,0,1,0,0,0,0,2,1,1,1,1,44,7,1950,2,4,MERCEDES E CLASS,5,E01002636,0,-1
2021461107888,2021,461107888,1,9,0,18,19,2,6,0,0,0,0,2,1,0,4,1,6,6,1,41,7,1950,2,4,MERCEDES E CLASS,10,E01021466,0,-1
2021421027518,2021,421027518,1,9,0,7,7,7,2,0,0,8,0,0,0,0,1,1,5,6,2,63,9,1796,1,8,MERCEDES E CLASS,5,E01015865,0,-1
2021371124541,2021,371124541,1,9,0,18,19,4,8,0,0,0,0,0,0,0,1,1,1,1,1,62,9,1950,2,1,MERCEDES E CLASS,10,E01019829,0,-1
2021451048000,2021,451048000,2,9,0,9,9,3,7,0,0,8,0,0,0,0,1,1,1,1,1,55,8,2143,2,9,MERCEDES E CLASS,9,E01003880,0,-1
2021010292252,2021,010292252,1,9,0,18,19,3,7,0,0,0,0,0,0,0,1,1,2,2,1,30,6,1991,1,1,MERCEDES E CLASS,1,E01002732,0,-1
2021010325401,2021,010325401,1,9,0,18,19,7,3,0,0,8,0,7,0,0,4,1,6,6,1,28,6,1950,2,4,MERCEDES E CLASS,4,E01002063,0,-1
2021041043601,2021,041043601,1,9,0,5,5,5,1,6,6,2,0,0,0,0,3,1,5,6,1,30,6,1950,2,4,MERCEDES E CLASS,5,E01025435,0,-1
2021122100673,2021,122100673,1,8,0,9,9,3,5,0,0,6,0,0,0,0,1,1,1,1,2,27,6,2143,2,6,MERCEDES E CLASS,7,E01013428,0,-1
2021531024232,2021,531024232,1,19,0,5,5,5,7,0,0,4,0,0,0,0,1,1,1,1,2,32,6,1461,2,5,NISSAN NV200,9,E01022396,0,-1
202134WNC4561,2021,34WNC4561,4,19,0,3,3,5,1,0,0,0,0,0,0,0,2,1,6,6,1,67,10,1461,2,6,NISSAN NV200,1,E01009570,0,-1
2021010314119,2021,010314119,2,2,0,18,19,3,7,0,0,8,0,0,0,0,1,1,6,6,3,-1,-1,49,1,4,PEUGEOT KISBEE,-1,-1,0,-1
2021131106009,2021,131106009,2,21,0,11,11,5,1,0,0,0,0,0,0,0,4,1,6,6,3,-1,-1,6700,2,4,DAF TRUCKS Model Missing,-1,-1,0,-1
2021161038634,2021,161038634,3,21,1,5,5,5,1,0,0,4,0,0,0,0,1,1,1,1,1,49,8,12902,2,6,DAF TRUCKS Model Missing,1,E01033688,0,-1
2021401066784,2021,401066784,1,21,1,16,19,6,2,0,0,0,0,2,0,0,1,1,1,1,1,38,7,12902,2,0,DAF TRUCKS Model Missing,7,E01016584,0,-1
2021201107206,2021,201107206,1,19,0,9,9,4,2,0,0,6,0,0,0,0,1,1,1,1,1,47,8,4500,2,5,DAF TRUCKS Model Missing,3,E01018720,0,-1
2021545027421,2021,545027421,1,20,0,3,3,1,5,0,0,0,0,0,0,0,1,1,1,1,1,55,8,4500,2,3,DAF TRUCKS Model Missing,4,E01022479,0,-1
2021401068621,2021,401068621,1,21,0,18,19,1,5,0,0,1,0,0,0,0,4,1,5,6,1,41,7,6700,2,5,DAF TRUCKS Model Missing,6,E01000161,0,-1
2021331080696,2021,331080696,1,21,0,-1,-1,-1,-1,-1,-1,0,-1,-1,-1,0,-1,1,6,6,3,-1,-1,12902,2,3,DAF TRUCKS Model Missing,-1,-1,0,-1
2021061067197,2021,061067197,3,21,0,2,2,0,0,0,0,0,0,0,0,0,2,1,1,1,1,26,6,6700,2,5,DAF TRUCKS Model Missing,2,E01005477,0,-1
2021131074133,2021,131074133,1,21,0,18,19,3,7,0,0,0,0,0,0,0,1,1,1,1,1,25,5,12902,2,1,DAF TRUCKS Model Missing,4,E01012901,0,-1
2021371070134,2021,371070134,3,21,-1,-1,-1,-1,-1,-1,-1,0,-1,-1,-1,0,-1,1,1,1,1,-1,-1,10837,2,2,DAF TRUCKS Model Missing,-1,-1,0,-1
2021542713521,2021,542713521,1,21,0,14,14,6,2,0,0,0,0,0,0,0,1,1,1,1,1,36,7,12902,2,4,DAF TRUCKS Model Missing,8,E01016121,0,-1
2021542713521,2021,542713521,2,21,0,2,2,0,0,0,0,0,0,0,0,0,2,1,1,1,1,32,6,6692,2,10,DAF TRUCKS Model Missing,2,E01015086,0,-1
2021141076120,2021,141076120,1,21,1,18,19,7,3,0,0,0,0,0,0,0,3,1,1,1,1,34,6,12902,2,2,DAF TRUCKS Model Missing,4,E01018343,0,-1
2021010300008,2021,010300008,1,5,0,99,99,9,9,99,99,9,9,99,9,99,2,1,6,6,1,36,7,1202,1,8,-1,1,E01004449,0,-1
2021221093543,2021,221093543,2,9,0,5,5,7,3,0,0,0,0,0,0,0,3,1,5,6,1,74,10,5343,1,34,-1,6,E01033527,0,-1
2021041022019,2021,041022019,1,17,0,4,4,3,7,0,0,0,0,0,0,0,1,1,1,1,1,27,6,6788,2,5,-1,6,E01025568,0,-1
2021552101229,2021,552101229,1,9,0,18,19,6,2,0,0,0,0,0,0,0,1,1,6,6,2,26,6,2179,2,11,LAND ROVER FREELANDER,9,E01020435,0,-1
2021361029114,2021,361029114,2,9,0,4,4,8,4,0,0,0,0,0,0,0,2,1,5,6,2,49,8,2179,2,14,LAND ROVER FREELANDER,6,E01026505,0,-1
2021540354621,2021,540354621,3,9,0,3,3,2,6,0,0,1,0,0,0,0,2,1,6,6,1,31,6,2179,2,8,LAND ROVER FREELANDER,6,E01032011,0,-1
2021221121503,2021,221121503,1,9,0,5,5,3,7,0,0,0,0,0,0,0,1,1,6,6,1,61,9,1796,1,17,LAND ROVER FREELANDER,7,W01000428,0,-1
2021170L10211,2021,170L10211,3,9,0,18,19,8,4,0,0,0,0,0,1,11,1,1,6,6,2,55,8,2179,2,12,LAND ROVER FREELANDER,8,E01012156,0,-1
2021010318946,2021,010318946,1,4,0,18,19,5,1,0,0,8,0,0,0,0,4,1,6,6,1,38,7,244,1,14,-1,3,E01002711,0,-1
2021440496783,2021,440496783,2,9,0,3,3,3,7,0,0,0,0,0,0,0,2,1,6,6,1,37,7,1984,1,1,SEAT TARRACO,10,E01023035,0,-1
2021430523193,2021,430523193,1,9,0,3,3,4,8,0,0,6,0,0,0,0,4,1,1,1,2,42,7,1969,2,7,VOLVO V40,-1,-1,0,-1
2021041084996,2021,041084996,1,9,0,4,4,7,3,0,0,1,0,0,0,0,2,2,5,6,1,36,7,1984,2,8,VOLVO V40,8,E01006403,0,-1
2021161051540,2021,161051540,3,9,0,3,3,6,2,0,0,2,0,0,0,0,2,1,6,6,1,50,8,1969,2,5,VOLVO V40,3,E01015032,0,-1
2021371145072,2021,371145072,1,9,0,18,19,6,2,0,0,0,0,0,0,0,1,1,5,6,1,74,10,1870,2,19,VOLVO V40,1,E01030021,0,-1
2021421045097,2021,421045097,3,5,0,18,19,6,3,0,0,0,0,0,0,0,1,1,6,6,1,60,9,647,1,26,HONDA MODEL MISSING,1,E01021317,0,-1
202131A111621,2021,31A111621,1,2,0,18,19,4,8,0,0,2,0,11,0,0,1,1,2,2,1,18,4,49,1,2,LEXMOTO DIABLO,-1,-1,0,-1
2021010291213,2021,010291213,2,19,0,18,19,3,7,0,0,0,0,0,0,0,0,1,1,1,1,62,9,2151,2,19,MERCEDES VITO,4,E01016453,0,-1
2021010293537,2021,010293537,2,19,9,99,99,9,9,0,0,1,0,0,0,0,9,9,6,6,3,-1,-1,2148,2,11,MERCEDES VITO,-1,-1,0,-1
2021010325868,2021,010325868,1,8,0,9,9,3,8,0,0,1,0,0,0,0,1,1,1,1,1,56,9,2143,2,4,MERCEDES VITO,9,E01000658,0,-1
2021010328386,2021,010328386,2,8,0,99,99,9,9,99,99,9,9,99,9,99,1,9,6,6,3,-1,-1,1950,2,2,MERCEDES VITO,5,E01000519,0,-1
2021141022847,2021,141022847,1,19,0,18,19,1,5,0,0,2,0,0,0,0,1,1,1,1,1,24,5,1598,2,2,MERCEDES VITO,1,E01008012,0,-1
2021991096085,2021,991096085,1,11,0,16,19,2,6,0,0,2,0,0,0,0,3,1,3,7,2,42,7,7300,2,16,VOLVO MODEL MISSING,7,-1,0,-1
2021031108660,2021,031108660,2,11,0,4,4,2,6,0,0,1,0,0,0,0,2,1,1,1,1,45,7,12000,2,14,VOLVO MODEL MISSING,3,E01025138,0,-1
2021131102189,2021,131102189,1,11,0,18,19,1,5,0,0,0,0,0,0,0,1,1,1,1,2,53,8,7300,2,12,VOLVO MODEL MISSING,8,E01027640,0,-1
2021430170053,2021,430170053,2,21,4,11,11,4,8,0,0,1,0,0,0,0,4,1,6,6,1,-1,-1,10837,2,3,VOLVO MODEL MISSING,4,E01002519,0,-1
202134WNC6011,2021,34WNC6011,1,21,0,11,11,3,7,0,0,1,0,0,0,0,1,1,1,1,1,58,9,12777,2,5,VOLVO MODEL MISSING,7,E01027221,0,-1
2021031108660,2021,031108660,1,11,0,18,19,2,6,0,0,1,0,0,0,0,1,1,1,1,1,72,10,12000,2,14,VOLVO MODEL MISSING,9,E01025106,0,-1
2021221120750,2021,221120750,2,21,1,4,4,5,1,0,0,0,0,0,0,0,2,1,1,1,1,61,9,12777,2,1,VOLVO MODEL MISSING,5,E01031163,0,-1
202163BF01321,2021,63BF01321,2,21,0,17,19,3,6,0,0,0,0,0,0,0,4,1,6,6,1,58,9,12777,2,6,VOLVO MODEL MISSING,5,W01000535,0,-1
2021541508521,2021,541508521,1,21,1,17,19,5,1,0,0,2,5,0,0,6,4,1,1,1,1,35,6,12777,2,13,VOLVO MODEL MISSING,5,E01032295,0,-1
2021131111483,2021,131111483,1,11,0,5,5,2,6,0,0,8,0,0,0,0,0,1,1,1,1,63,9,7300,2,13,VOLVO MODEL MISSING,3,E01010703,0,-1
2021010349819,2021,010349819,1,11,0,4,4,6,2,0,0,0,0,0,0,0,1,1,6,6,2,59,9,5132,2,4,VOLVO MODEL MISSING,-1,-1,0,-1
2021010291614,2021,010291614,1,11,0,4,4,5,1,0,0,1,0,0,0,0,0,1,1,1,1,53,8,5132,2,4,VOLVO MODEL MISSING,3,E01001501,0,-1
202134WNC2491,2021,34WNC2491,3,21,1,18,19,5,1,0,0,0,0,0,0,0,2,1,1,1,1,54,8,12777,2,0,VOLVO MODEL MISSING,7,W01000532,0,-1
2021543240521,2021,543240521,1,21,0,18,19,3,7,0,0,0,0,7,0,0,4,1,1,1,1,68,10,12777,2,6,VOLVO MODEL MISSING,3,W01001592,0,-1
2021430116853,2021,430116853,2,21,1,12,12,4,8,0,0,0,0,0,0,0,2,1,1,1,1,55,8,12777,2,5,VOLVO MODEL MISSING,6,E01009796,0,-1
2021211070560,2021,211070560,1,20,1,13,13,1,5,0,0,0,0,0,0,0,1,1,1,1,1,46,8,-1,-1,-1,VOLVO MODEL MISSING,8,W01000115,0,-1
2021991081350,2021,991081350,2,21,1,2,2,3,7,0,0,0,0,0,0,0,2,1,1,1,1,49,8,12777,2,2,VOLVO MODEL MISSING,6,-1,0,-1
2021221092993,2021,221092993,1,20,0,4,4,5,1,0,0,0,0,0,0,0,1,1,1,1,1,39,7,-1,-1,-1,VOLVO MODEL MISSING,6,W01000558,0,-1
2021010291213,2021,010291213,3,21,0,18,19,3,7,0,0,0,0,0,0,0,1,1,6,6,3,-1,-1,12777,2,1,VOLVO MODEL MISSING,-1,-1,0,-1
2021010328035,2021,010328035,1,11,0,3,3,3,7,0,0,0,0,0,0,0,1,1,1,1,1,55,8,5132,2,5,VOLVO MODEL MISSING,2,E01001692,0,-1
2021010291243,2021,010291243,2,21,9,99,99,9,9,99,99,9,9,99,9,99,2,9,6,6,3,54,8,7698,2,1,VOLVO MODEL MISSING,10,E01021251,0,-1
2021991201030,2021,991201030,2,17,5,18,19,2,6,0,0,0,0,0,0,0,2,1,1,1,1,58,9,6788,2,2,MAKE AND MODEL REDACTED,5,-1,0,-1
2021101115446,2021,101115446,2,3,0,18,19,5,1,0,0,0,0,0,0,0,1,1,2,2,1,57,9,647,1,15,-1,3,E01027411,0,-1
2021451047312,2021,451047312,2,21,1,7,7,6,2,0,0,2,0,0,0,0,1,1,6,6,3,30,6,8710,5,1,IVECO MODEL MISSING,10,E01023695,0,-1
2021461015499,2021,461015499,3,21,0,4,4,4,8,0,0,0,0,0,0,0,2,1,1,1,1,47,8,5880,2,12,IVECO MODEL MISSING,4,E01016164,0,-1
2021411084371,2021,411084371,1,9,0,18,19,2,7,0,0,1,1,12,7,4,1,1,2,2,1,53,8,1598,2,6,NISSAN X-TRAIL,9,E01023653,0,-1
2021461040329,2021,461040329,1,9,0,18,19,7,3,0,0,0,1,0,0,0,1,1,1,1,1,35,6,1598,2,5,NISSAN X-TRAIL,3,E01024508,0,-1
2021302101291,2021,302101291,1,9,0,18,19,5,2,0,0,8,0,0,1,1,1,2,6,6,2,36,7,1598,2,5,NISSAN X-TRAIL,2,E01013588,0,-1
2021041067364,2021,041067364,1,9,0,18,19,4,8,0,0,0,0,0,7,0,1,1,5,6,1,18,4,1998,2,14,VOLVO S40,1,E01012603,0,-1
2021010340541,2021,010340541,2,4,0,18,19,5,1,0,0,1,0,0,0,0,1,1,6,6,2,29,6,124,1,3,APRILIA RS 125,5,E01003368,0,-1
2021010298267,2021,010298267,1,9,0,18,19,5,1,0,0,2,0,0,0,0,3,1,6,6,2,30,6,-1,3,4,NISSAN LEAF,3,E01002803,0,-1
2021010343022,2021,010343022,1,8,0,9,9,8,7,0,0,8,0,0,0,0,1,1,1,1,1,65,9,-1,3,2,NISSAN LEAF,1,E01001559,0,-1
2021010333542,2021,010333542,1,9,0,99,99,9,9,99,99,9,9,99,9,99,1,9,2,2,1,42,7,-1,3,2,NISSAN LEAF,2,E01024066,0,-1
2021010333448,2021,010333448,1,8,0,99,99,9,9,99,99,9,9,99,9,99,9,9,1,1,1,41,7,-1,3,2,NISSAN LEAF,3,E01001972,0,-1
2021302101745,2021,302101745,2,9,0,5,5,6,2,0,0,1,0,0,0,0,1,1,6,6,2,74,10,-1,3,1,NISSAN LEAF,8,E01019734,0,-1
2021501015997,2021,501015997,2,9,0,18,19,3,7,0,0,0,0,0,0,0,1,1,5,6,1,28,6,2993,2,13,BMW X6,-1,-1,0,-1
2021531105835,2021,531105835,2,9,0,3,3,1,5,0,0,0,0,0,0,0,2,1,5,6,1,38,7,2993,2,2,BMW X6,9,E01032351,0,-1
2021471103912,2021,471103912,2,9,0,4,4,3,7,0,0,0,0,0,0,0,2,1,5,6,1,74,10,1197,1,2,FORD KA+,5,E01031611,0,-1
2021131120145,2021,131120145,3,9,0,18,19,8,4,0,0,0,0,0,0,0,3,1,1,1,1,50,8,1997,7,9,HONDA ACCORD,1,E01010826,0,-1
2021302100283,2021,302100283,1,9,0,9,9,8,6,0,0,8,0,0,0,0,3,1,6,6,1,62,9,1998,1,17,HONDA ACCORD,3,E01019730,0,-1
2021221037920,2021,221037920,2,9,0,3,3,6,2,0,0,0,0,0,0,0,2,1,5,6,2,26,6,2204,2,13,HONDA ACCORD,3,E01032282,0,-1
2021010304530,2021,010304530,4,9,0,3,3,7,3,0,0,2,0,0,0,0,2,1,2,2,1,35,6,-1,-1,-1,LEVC TX,-1,-1,0,-1
2021010322059,2021,010322059,1,8,0,5,5,6,2,0,0,2,0,0,0,0,4,1,6,6,3,-1,-1,1477,8,0,LEVC TX,-1,-1,0,-1
2021221045416,2021,221045416,2,3,0,14,14,8,5,0,0,0,1,0,0,0,1,1,5,6,1,17,4,124,1,0,LEXMOTO ASSAULT 125,7,E01032124,0,-1
2021201117121,2021,201117121,2,9,0,18,19,5,1,0,0,0,0,0,0,0,2,1,6,6,1,48,8,2231,2,14,LEXUS IS 220,6,E01009598,0,-1
2021451097489,2021,451097489,2,9,0,5,5,7,4,0,0,8,0,0,0,0,2,1,5,6,2,50,8,2925,2,0,MERCEDES GLE CLASS,7,E01030956,0,-1
2021010304704,2021,010304704,2,9,0,99,99,9,9,99,99,9,9,99,9,99,1,9,6,6,3,36,7,2143,2,4,MERCEDES GLE CLASS,3,E01002079,0,-1
2021440442933,2021,440442933,2,21,0,18,19,6,2,0,0,1,0,0,0,0,1,1,6,6,3,-1,-1,7698,2,1,RENAULT TRUCKS Model Missing,-1,-1,0,-1
2021351062135,2021,351062135,1,21,1,18,19,5,1,0,0,0,0,2,1,0,1,1,1,1,1,30,6,12780,2,12,RENAULT TRUCKS Model Missing,4,E01026268,0,-1
2021451048000,2021,451048000,1,9,0,18,19,7,3,0,0,8,0,0,0,0,3,1,1,1,1,61,9,1998,2,7,CHEVROLET ORLANDO,5,E01030725,0,-1
2021991079433,2021,991079433,1,17,4,7,7,2,4,0,0,0,5,0,7,0,3,1,1,1,1,52,8,6788,2,11,JOHN DEERE MODEL MISSING,7,-1,0,-1
2021320175763,2021,320175763,2,9,0,18,19,1,5,0,0,8,0,0,0,0,4,1,1,1,2,45,7,1149,1,10,-1,5,E01026249,0,-1
2021302100216,2021,302100216,2,9,0,3,3,2,6,0,0,0,0,0,0,0,2,1,6,6,1,21,5,1910,2,12,SAAB 9-5,3,E01013508,0,-1
2021461043426,2021,461043426,2,5,0,18,19,7,3,0,0,0,0,0,0,0,3,1,6,6,1,45,7,1050,1,2,TRIUMPH SPEED TRIPLE,7,E01024388,0,-1
2021010325178,2021,010325178,2,9,0,99,99,9,9,99,99,9,9,99,9,99,9,9,6,6,3,27,6,1198,1,12,VOLKSWAGEN FOX,6,E01003254,0,-1
202163A030721,2021,63A030721,2,9,0,18,19,3,7,0,0,1,0,4,0,0,1,1,6,6,1,25,5,1798,1,14,VOLVO C 30,6,W01000667,0,-1
2021052100616,2021,052100616,2,3,0,3,3,1,5,0,0,0,0,0,0,0,2,1,2,2,2,20,4,125,1,6,-1,5,E01006920,0,-1
2021411052912,2021,411052912,1,5,0,17,19,5,1,0,0,0,2,0,0,0,1,1,6,6,1,65,9,599,1,12,-1,9,E01023375,0,-1
2021451042350,2021,451042350,1,5,0,12,12,2,4,0,0,1,1,0,1,0,1,1,2,2,1,59,9,599,1,13,-1,2,E01002606,0,-1
2021411117089,2021,411117089,2,5,0,18,19,4,8,0,0,0,1,0,4,0,1,1,2,2,1,38,7,649,1,6,-1,9,E01023831,0,-1
2021010287268,2021,010287268,3,9,0,13,13,7,3,0,0,1,0,0,0,0,0,1,6,6,2,44,7,875,1,9,FIAT 500,7,E01004138,0,-1
2021351116996,2021,351116996,1,9,0,18,19,2,6,0,0,1,0,0,0,0,1,1,6,6,2,19,4,1242,1,5,FIAT 500,7,E01029937,0,-1
2021547426821,2021,547426821,1,9,0,9,9,1,7,0,0,1,0,0,0,0,4,1,2,2,2,18,4,1242,1,4,FIAT 500,10,E01031927,0,-1
2021440449793,2021,440449793,1,9,0,18,19,8,4,0,0,0,1,0,0,0,4,1,6,6,2,48,8,875,1,6,FIAT 500,5,E01017126,0,-1
2021461115058,2021,461115058,2,9,0,18,19,7,3,0,0,0,0,0,0,0,2,1,5,6,2,55,8,1242,1,5,FIAT 500,4,E01016143,0,-1
2021547038121,2021,547038121,2,9,0,4,4,1,5,0,0,4,0,0,0,0,2,1,1,1,2,36,7,1242,1,4,FIAT 500,8,E01015472,0,-1
2021351106054,2021,351106054,1,9,0,7,7,3,4,0,0,6,0,0,0,0,4,1,6,6,2,26,6,875,1,8,FIAT 500,6,E01032612,0,-1
2021161090244,2021,161090244,2,9,0,18,19,2,5,0,0,8,0,0,0,0,4,1,6,6,2,39,7,1242,1,8,FIAT 500,8,E01012812,0,-1
2021101039993,2021,101039993,1,9,0,3,3,2,4,0,0,1,0,0,0,0,1,1,6,6,2,25,5,1242,1,5,FIAT 500,5,E01008359,0,-1
2021010343252,2021,010343252,1,9,0,99,99,9,9,99,99,9,9,99,9,99,9,9,6,6,1,24,5,1368,1,6,FIAT 500,2,E01004567,0,-1
2021440248135,2021,440248135,2,9,0,3,3,8,4,0,0,0,0,0,0,0,2,1,6,6,1,46,8,1242,1,6,FIAT 500,7,E01023150,0,-1
2021010343957,2021,010343957,1,9,0,18,19,3,7,0,0,1,0,0,0,0,1,1,6,6,2,53,8,1242,1,6,FIAT 500,-1,-1,0,-1
2021991111284,2021,991111284,2,9,0,3,3,5,1,0,0,1,0,0,0,0,2,1,6,6,1,35,6,1242,1,10,FIAT 500,1,-1,0,-1
2021411084371,2021,411084371,2,9,0,18,19,2,7,0,0,1,1,0,0,0,2,1,5,6,2,24,5,1242,1,12,FIAT 500,4,E01023794,0,-1
2021552101340,2021,552101340,3,9,0,18,19,6,2,0,0,1,0,0,0,0,1,1,6,6,2,65,9,1242,1,12,FIAT 500,3,E01023085,0,-1
2021421071007,2021,421071007,1,9,0,7,7,1,3,0,0,8,0,0,0,0,3,1,6,6,2,56,9,1242,1,6,FIAT 500,-1,-1,0,-1
2021010347376,2021,010347376,1,9,0,9,9,7,5,0,0,8,0,0,0,0,1,1,6,6,2,51,8,999,1,0,FIAT 500,5,E01015814,0,-1
2021211059151,2021,211059151,1,9,0,18,19,5,1,0,0,0,1,0,7,9,1,1,2,2,2,23,5,1242,1,8,FIAT 500,4,E01029831,0,-1
2021471031783,2021,471031783,2,9,0,3,3,6,2,0,0,1,0,0,0,0,2,1,5,6,2,23,5,1242,1,8,FIAT 500,10,E01031578,0,-1
2021010293447,2021,010293447,3,9,0,18,19,7,3,0,0,0,0,0,0,0,1,1,2,2,2,28,6,1242,1,7,FIAT 500,2,E01033000,0,-1
2021010304345,2021,010304345,1,9,9,99,99,9,9,99,99,9,9,99,9,99,9,9,2,2,2,24,5,1242,1,4,FIAT 500,4,E01000485,0,-1
2021371074012,2021,371074012,1,9,0,18,19,2,6,0,0,0,1,0,7,0,1,1,6,6,2,19,4,1242,1,11,FIAT 500,3,E01030253,0,-1
2021991111284,2021,991111284,1,9,0,18,19,5,1,0,0,1,0,0,0,0,1,1,5,6,2,28,6,1242,1,8,FIAT 500,3,-1,0,-1
2021211048297,2021,211048297,2,9,0,18,19,1,5,0,0,0,5,0,0,0,2,1,6,6,2,76,11,1242,1,8,FIAT 500,10,E01017784,0,-1
2021401024238,2021,401024238,2,9,0,5,5,7,5,0,0,4,0,0,0,0,2,1,3,7,2,25,5,1242,1,8,FIAT 500,4,E01017570,0,-1
202163D013421,2021,63D013421,3,9,0,3,3,2,6,0,0,8,0,0,0,0,2,1,6,6,1,67,10,2402,2,11,LAND ROVER DEFENDER,8,W01000429,0,-1
2021501117964,2021,501117964,1,9,0,9,9,3,1,0,0,3,1,0,0,0,1,1,5,6,1,17,4,2495,2,15,LAND ROVER DEFENDER,10,E01020166,0,-1
2021991032381,2021,991032381,1,9,4,12,12,1,5,0,0,0,0,0,0,0,2,1,1,1,1,61,9,2495,2,26,LAND ROVER DEFENDER,6,-1,0,-1
2021161027334,2021,161027334,2,9,0,5,5,2,6,0,0,1,0,0,0,0,1,1,6,6,2,39,7,2495,2,27,LAND ROVER DEFENDER,6,E01012923,0,-1
2021371080587,2021,371080587,1,9,0,4,4,6,2,0,0,0,0,0,0,0,2,1,5,6,1,56,9,1598,1,16,MINI COOPER,3,E01030010,0,-1
2021430192257,2021,430192257,1,9,0,18,19,2,6,0,0,1,0,0,0,0,1,1,2,2,2,23,5,1499,1,5,MINI COOPER,7,E01016569,0,-1
2021131054608,2021,131054608,1,9,0,5,5,5,5,0,0,0,0,0,0,0,4,1,6,6,2,33,6,1598,1,15,MINI COOPER,2,E01011485,0,-1
2021302100378,2021,302100378,1,9,0,5,5,2,6,0,0,0,0,0,0,0,2,1,6,6,3,24,5,1598,1,18,MINI COOPER,2,E01013522,0,-1
2021545352421,2021,545352421,2,9,0,4,4,7,3,0,0,0,0,0,0,0,2,1,6,6,1,31,6,1499,1,3,MINI COOPER,9,E01016342,0,-1
2021010313888,2021,010313888,2,9,0,2,2,0,0,0,0,2,0,4,0,0,3,1,6,6,3,-1,-1,1598,1,15,MINI COOPER,-1,-1,0,-1
202131C067021,2021,31C067021,2,9,0,18,19,4,8,0,0,2,0,0,0,0,2,1,1,1,2,60,9,1998,1,4,MINI COOPER,1,E01013841,0,-1
2021451032860,2021,451032860,2,9,0,18,19,1,3,0,0,8,0,0,0,0,1,1,6,6,2,20,4,1499,1,2,MINI COOPER,4,E01028882,0,-1
2021552100263,2021,552100263,1,9,0,18,19,2,6,0,0,0,0,0,0,0,1,1,6,6,2,66,10,1598,1,11,MINI COOPER,8,E01015298,0,-1
2021010287857,2021,010287857,2,9,9,99,99,9,9,99,99,0,9,99,9,99,9,1,6,6,1,28,6,1598,1,15,MINI COOPER,8,E01000394,0,-1
2021170S11561,2021,170S11561,3,9,0,18,19,8,4,0,0,0,0,0,0,0,2,1,6,6,1,20,4,1598,1,16,MINI COOPER,8,E01020851,0,-1
2021501072931,2021,501072931,1,9,0,4,4,2,6,0,0,0,2,10,1,9,4,1,5,6,1,38,7,1598,1,19,MINI COOPER,6,E01020244,0,-1
2021471111303,2021,471111303,2,9,0,18,19,8,4,0,0,0,0,0,0,0,2,1,5,6,1,19,4,1598,1,9,MINI COOPER,9,E01021072,0,-1
2021010287923,2021,010287923,1,9,0,18,19,7,3,0,0,1,1,0,0,0,1,1,6,6,1,30,6,1598,1,13,MINI COOPER,4,E01033174,0,-1
2021430317716,2021,430317716,3,9,0,3,3,6,2,0,0,0,0,0,0,0,2,1,6,6,2,45,7,1598,1,8,MINI COOPER,-1,-1,0,-1
2021461068429,2021,461068429,2,9,0,18,19,5,7,0,0,1,0,0,0,0,1,1,5,6,2,18,4,1598,1,14,MINI COOPER,8,E01024063,0,-1
2021552200009,2021,552200009,3,9,0,18,19,8,4,0,0,0,1,0,7,6,2,1,6,6,2,27,6,1598,2,8,MINI COOPER,6,E01029952,0,-1
2021221037920,2021,221037920,4,9,0,2,2,0,0,0,0,0,0,0,0,0,4,1,5,6,2,54,8,1598,1,15,MINI COOPER,5,E01032279,0,-1
202163D098921,2021,63D098921,3,9,0,18,19,8,4,0,0,1,0,0,0,0,1,1,6,6,2,42,7,1598,1,18,MINI COOPER,2,W01000483,0,-1
2021471029075,2021,471029075,2,9,0,7,7,5,8,0,0,8,0,0,0,0,2,1,1,1,2,58,9,898,1,8,RENAULT CAPTUR,6,E01024830,0,-1
202131B134721,2021,31B134721,4,9,0,5,5,2,6,0,0,0,0,0,0,0,2,1,6,6,2,69,10,898,1,4,RENAULT CAPTUR,10,E01028292,0,-1
2021421022280,2021,421022280,5,9,0,18,19,7,3,0,0,0,0,0,0,0,1,1,6,6,1,29,6,898,1,8,RENAULT CAPTUR,3,E01001764,0,-1
2021440284778,2021,440284778,1,9,0,1,1,3,5,0,0,8,0,0,0,0,2,1,6,6,2,83,11,1333,1,1,RENAULT CAPTUR,10,E01022784,0,-1
2021070652115,2021,070652115,1,3,0,4,4,5,1,0,0,0,1,2,0,0,1,1,1,1,2,18,4,125,1,1,YAMAHA YS,9,E01018727,0,-1
202131A085221,2021,31A085221,1,3,0,14,14,4,8,0,0,0,1,0,0,0,1,1,6,6,1,22,5,125,1,1,LEXMOTO LXR,5,E01027941,0,-1
2021471028975,2021,471028975,2,3,0,18,19,5,1,0,0,0,0,0,0,0,1,1,2,2,1,23,5,125,1,2,LEXMOTO LXR,6,E01021213,0,-1
2021010297088,2021,010297088,1,19,0,16,19,5,1,0,0,2,0,0,0,0,1,1,1,1,1,37,7,12809,2,1,MERCEDES MODEL MISSING,-1,-1,0,-1
2021070053454,2021,070053454,2,21,1,18,19,3,7,0,0,0,0,0,0,0,1,1,1,1,1,38,7,12809,2,2,MERCEDES MODEL MISSING,1,E01013573,0,-1
2021440241583,2021,440241583,2,21,1,18,19,3,7,0,0,0,0,0,0,0,2,1,1,1,1,-1,-1,12809,2,4,MERCEDES MODEL MISSING,2,E01017219,0,-1
2021451047312,2021,451047312,1,9,0,18,19,6,2,0,0,2,0,10,0,0,3,1,6,6,1,31,6,2685,2,18,MERCEDES MODEL MISSING,8,E01022532,0,-1
2021010295876,2021,010295876,2,21,0,4,4,3,7,0,0,0,0,0,0,0,2,1,1,1,1,62,9,11946,2,14,MERCEDES MODEL MISSING,8,E01002321,0,-1
2021991081350,2021,991081350,1,21,1,18,19,3,7,0,0,0,1,0,0,0,1,1,1,1,1,22,5,12809,2,4,MERCEDES MODEL MISSING,4,E01027408,0,-1
2021010310961,2021,010310961,1,21,1,17,19,3,1,0,0,4,0,11,0,0,1,1,1,1,1,40,7,12809,2,7,MERCEDES MODEL MISSING,1,E01021500,0,-1
2021430467613,2021,430467613,2,21,1,11,11,6,2,0,0,0,0,0,0,0,1,1,6,6,1,46,8,12809,2,5,MERCEDES MODEL MISSING,-1,-1,0,-1
2021371138299,2021,371138299,2,21,1,3,3,3,7,0,0,1,0,0,0,0,3,1,1,1,1,60,9,12809,2,1,MERCEDES MODEL MISSING,5,E01027564,0,-1
2021010322230,2021,010322230,1,21,1,18,19,3,7,0,0,0,0,0,0,0,2,1,1,1,1,41,7,12809,2,1,MERCEDES MODEL MISSING,8,E01016028,0,-1
2021361065216,2021,361065216,1,3,0,12,12,6,2,0,0,8,0,0,0,0,3,1,6,6,2,63,9,124,1,1,YAMAHA YZF,7,E01026757,0,-1
2021440366420,2021,440366420,1,3,0,18,19,1,5,0,0,8,1,0,0,0,1,1,6,6,1,19,4,124,1,10,YAMAHA YZF,5,E01022616,0,-1
2021010319463,2021,010319463,2,5,0,18,19,3,7,0,0,0,0,0,0,0,1,1,6,6,1,41,7,998,1,6,YAMAHA YZF,2,E01003500,0,-1
2021440470149,2021,440470149,1,4,0,18,19,6,2,0,0,8,0,0,0,0,1,1,2,2,1,23,5,124,1,5,YAMAHA YZF,7,E01015272,0,-1
2021010320172,2021,010320172,2,11,0,3,3,1,5,0,0,8,0,0,0,0,3,1,1,1,1,58,9,10837,2,2,-1,8,E01019476,0,-1
2021211053506,2021,211053506,2,19,0,12,12,5,4,0,0,0,0,0,0,0,1,1,6,6,1,37,7,1598,2,1,FIAT DOBLO,7,E01029545,0,-1
2021543318421,2021,543318421,2,9,0,9,9,5,3,0,0,3,0,0,0,0,4,1,6,6,2,54,8,1368,1,14,FIAT DOBLO,10,E01015521,0,-1
2021010306947,2021,010306947,1,5,0,99,99,9,9,99,99,9,9,99,9,99,9,1,6,6,1,56,9,1868,1,2,-1,2,E01002786,0,-1
2021101066506,2021,101066506,1,9,0,18,19,6,2,0,0,1,0,0,0,0,1,1,6,6,1,22,5,999,1,5,SKODA CITIGO,3,E01008349,0,-1
2021991067177,2021,991067177,1,5,0,18,19,2,6,0,0,8,0,0,0,0,4,1,5,6,1,56,9,1050,1,10,TRIUMPH TIGER,10,-1,0,-1
2021991081813,2021,991081813,1,5,0,6,6,4,4,0,0,8,0,0,0,0,4,1,5,6,1,50,8,800,1,2,TRIUMPH TIGER,7,-1,0,-1
2021010337968,2021,010337968,2,8,0,10,10,5,3,0,0,1,0,0,0,0,2,1,1,1,1,49,8,1968,2,5,VOLKSWAGEN SHARAN,6,E01003753,0,-1
2021010345096,2021,010345096,1,9,0,4,4,5,1,0,0,0,0,0,0,0,0,1,1,1,1,41,7,1968,2,6,VOLKSWAGEN SHARAN,-1,-1,0,-1
2021070505466,2021,070505466,1,9,0,4,4,8,4,0,0,0,0,2,0,0,1,1,2,2,2,68,10,1248,1,8,KIA RIO,4,E01018343,0,-1
2021991021456,2021,991021456,1,9,0,18,19,6,2,0,0,1,0,11,0,0,1,1,1,1,1,50,8,1493,2,10,KIA RIO,1,-1,0,-1
2021440507209,2021,440507209,2,9,0,18,19,3,7,0,0,0,0,0,0,0,2,1,6,6,1,32,6,1493,2,12,KIA RIO,10,E01022794,0,-1
2021010337968,2021,010337968,4,9,0,10,10,5,3,0,0,1,0,4,0,0,2,1,6,6,1,63,9,1399,1,13,KIA RIO,3,E01002070,0,-1
2021545352421,2021,545352421,1,19,0,18,19,7,3,0,0,0,0,0,0,0,1,1,6,6,1,45,7,2298,2,4,RENAULT MASTER,8,E01015498,0,-1
2021531056676,2021,531056676,1,19,0,18,19,1,5,0,0,0,0,2,0,0,2,1,1,1,1,59,9,2464,2,12,RENAULT MASTER,4,E01014044,0,-1
2021010314233,2021,010314233,2,19,0,1,1,3,7,0,0,0,0,0,0,0,2,1,6,6,1,51,8,2298,2,2,RENAULT MASTER,2,E01002843,0,-1
2021501051610,2021,501051610,2,19,0,17,19,4,2,0,0,0,0,0,0,0,1,1,1,1,1,22,5,2298,2,4,RENAULT MASTER,5,E01020006,0,-1
2021231111140,2021,231111140,2,21,1,4,4,8,4,0,0,0,0,0,0,0,2,1,1,1,1,29,6,10837,2,5,RENAULT TRUCKS MODEL MISSING,10,E01025772,0,-1
2021371105275,2021,371105275,1,21,1,13,13,1,5,0,0,0,0,0,0,0,1,1,1,1,1,43,7,10837,2,5,RENAULT TRUCKS MODEL MISSING,9,E01030008,0,-1
2021101044204,2021,101044204,1,21,1,18,19,1,5,0,0,0,0,0,0,0,1,1,1,1,1,34,6,12780,2,6,RENAULT TRUCKS MODEL MISSING,10,E01013375,0,-1
2021122101298,2021,122101298,1,21,1,18,19,3,1,0,0,6,0,11,0,0,1,1,1,1,1,55,8,12777,2,2,RENAULT TRUCKS MODEL MISSING,9,E01010642,0,-1
2021010343920,2021,010343920,2,21,0,7,7,1,4,0,0,1,1,0,0,0,4,1,1,1,1,48,8,10837,2,5,RENAULT TRUCKS MODEL MISSING,10,E01023716,0,-1
202131D124621,2021,31D124621,1,21,0,4,4,2,6,0,0,0,0,0,0,0,2,1,1,1,1,48,8,7146,2,9,RENAULT TRUCKS MODEL MISSING,3,E01013641,0,-1
2021351046827,2021,351046827,2,4,0,3,3,4,8,9,9,1,0,0,0,0,1,1,5,6,1,22,5,125,1,6,-1,4,E01017953,0,-1
202134WNC4561,2021,34WNC4561,6,9,0,18,19,1,5,0,0,0,0,0,0,0,2,1,6,6,2,54,8,1969,2,3,VOLVO XC40,10,E01027205,0,-1
2021010311490,2021,010311490,1,3,0,5,5,5,1,9,9,1,5,0,0,0,3,1,6,6,1,56,9,125,1,11,HONDA SH 125,2,E01002804,0,-1
2021010332332,2021,010332332,1,3,0,99,99,9,9,99,99,9,9,99,9,99,9,1,2,2,1,20,4,125,1,3,HONDA SH 125,5,E01003142,0,-1
2021481122343,2021,481122343,2,3,0,4,4,5,7,0,0,2,0,0,0,0,2,1,5,6,1,45,7,125,1,1,HONDA SH 125,8,E01004058,0,-1
2021010319344,2021,010319344,2,4,0,13,13,7,3,0,0,1,0,0,0,0,4,1,6,6,1,50,8,125,1,9,HONDA SH 125,5,E01002563,0,-1
2021010294931,2021,010294931,2,4,0,99,99,9,9,99,99,9,9,99,9,99,1,1,6,6,3,-1,-1,125,1,2,HONDA SH 125,-1,-1,0,-1
2021010328168,2021,010328168,1,3,0,18,19,1,5,0,0,8,0,1,0,0,3,1,6,6,1,37,7,125,1,2,HONDA SH 125,9,E01004032,0,-1
2021010312480,2021,010312480,1,3,0,99,99,9,9,99,99,9,9,99,9,99,1,1,6,6,1,23,5,125,1,1,HONDA SH 125,1,E01003065,0,-1
2021010320775,2021,010320775,1,2,0,5,5,3,7,0,0,1,0,0,0,0,4,1,1,1,1,36,7,125,1,6,HONDA SH 125,3,E01001244,0,-1
2021010318847,2021,010318847,2,3,0,3,3,1,5,0,0,1,0,0,0,0,1,1,6,6,1,57,9,125,1,4,HONDA SH 125,3,E01001147,0,-1
2021471041175,2021,471041175,1,9,0,18,19,6,2,0,0,4,0,0,0,0,3,1,5,6,1,40,7,3311,8,16,LEXUS RX 400,6,E01031676,0,-1
2021201128354,2021,201128354,1,9,0,9,9,4,2,0,0,6,0,0,0,0,1,1,6,6,2,36,7,1461,2,4,MERCEDES B CLASS,2,E01008984,0,-1
2021440167003,2021,440167003,2,9,0,16,19,5,1,0,0,0,0,0,0,0,1,1,6,6,2,49,8,2143,2,6,MERCEDES B CLASS,4,E01017339,0,-1
2021010351423,2021,010351423,2,9,0,99,99,9,9,99,99,9,9,99,9,99,1,9,6,6,3,-1,-1,1699,1,15,MERCEDES B CLASS,3,E01003250,0,-1
2021161109483,2021,161109483,1,9,0,16,19,3,1,0,0,3,0,0,0,0,2,1,5,6,1,19,4,1461,2,6,MERCEDES B CLASS,8,E01012813,0,-1
2021411075088,2021,411075088,1,9,0,5,5,1,5,0,0,1,0,0,0,0,1,1,5,6,2,34,6,2143,2,8,MERCEDES SLK CLASS,4,E01000570,0,-1
202163D013421,2021,63D013421,1,9,0,18,19,2,6,0,0,8,0,0,0,0,1,1,6,6,1,82,11,2143,2,7,MERCEDES SLK CLASS,6,W01000433,0,-1
202134WNC0551,2021,34WNC0551,1,9,0,18,19,5,1,0,0,0,0,0,0,0,1,1,6,6,2,49,8,2143,2,5,MERCEDES SLK CLASS,7,E01027004,0,-1
2021010302732,2021,010302732,2,9,0,9,9,7,5,0,0,0,0,0,0,0,0,1,2,2,1,42,7,2997,1,14,MERCEDES SLK CLASS,9,E01001417,0,-1
2021010328862,2021,010328862,1,5,0,13,13,3,7,0,0,8,1,0,0,0,3,1,6,6,1,35,6,749,1,2,SUZUKI GSXS,-1,-1,0,-1
2021221109183,2021,221109183,1,9,0,17,19,4,8,0,0,0,0,0,0,0,1,1,5,6,1,43,7,2495,2,22,LAND ROVER DISCOVERY,5,E01028869,0,-1
2021101104750,2021,101104750,2,9,0,2,2,8,4,0,0,1,0,0,0,0,1,1,6,6,1,61,9,2720,2,13,LAND ROVER DISCOVERY,-1,-1,0,-1
2021552101229,2021,552101229,2,9,0,4,4,6,2,0,0,0,0,0,0,0,2,1,6,6,2,50,8,2993,2,7,LAND ROVER DISCOVERY,10,E01015452,0,-1
2021552100043,2021,552100043,3,9,0,3,3,3,7,0,0,0,0,0,0,0,2,1,1,1,2,26,6,2993,2,4,LAND ROVER DISCOVERY,10,E01031228,0,-1
2021010311490,2021,010311490,2,9,0,8,8,7,1,0,0,8,0,0,0,0,1,1,6,6,1,34,6,1999,2,6,LAND ROVER DISCOVERY,2,E01002737,0,-1
2021520100446,2021,520100446,1,9,0,18,19,2,6,0,0,1,5,2,1,3,1,1,6,6,1,19,4,2495,2,17,LAND ROVER DISCOVERY,8,E01014419,0,-1
2021131116429,2021,131116429,3,9,0,18,19,1,5,0,0,0,0,0,0,0,1,1,5,6,1,50,8,1999,2,3,LAND ROVER DISCOVERY,9,E01005848,0,-1
2021501038280,2021,501038280,1,9,4,4,4,2,6,0,0,0,1,0,0,0,1,1,5,6,1,45,7,2720,2,12,LAND ROVER DISCOVERY,5,E01020191,0,-1
2021421065415,2021,421065415,1,9,0,9,9,7,3,0,0,0,0,0,0,0,4,1,5,6,1,57,9,2495,2,20,LAND ROVER DISCOVERY,4,E01015835,0,-1
2021461015499,2021,461015499,2,9,0,3,3,4,8,0,0,0,0,2,0,0,2,1,3,7,2,34,6,2179,2,6,LAND ROVER DISCOVERY,9,E01024834,0,-1
2021451025794,2021,451025794,1,9,0,18,19,7,3,0,0,0,0,0,0,0,2,1,5,6,1,45,7,1999,2,5,LAND ROVER DISCOVERY,4,E01001666,0,-1
2021041049098,2021,041049098,2,9,0,3,3,7,3,0,0,1,0,0,0,0,2,1,5,6,1,48,8,2191,2,6,MAZDA CX-5,8,E01025437,0,-1
2021201052046,2021,201052046,2,9,0,3,3,5,8,0,0,0,0,0,0,0,2,1,6,6,1,39,7,1998,1,2,MAZDA CX-5,4,E01009238,0,-1
2021471096076,2021,471096076,1,9,0,5,5,4,8,0,0,1,0,0,0,0,1,1,6,6,2,59,9,1998,1,2,MAZDA CX-5,4,E01021013,0,-1
2021451081732,2021,451081732,2,9,0,18,19,7,3,0,0,0,0,0,0,0,3,1,5,6,1,56,9,2143,2,6,MERCEDES V CLASS,6,E01030677,0,-1
2021430328362,2021,430328362,2,9,0,18,19,7,3,0,0,8,0,0,0,0,1,1,6,6,1,45,7,2143,2,2,MERCEDES V CLASS,4,E01000633,0,-1
2021371070134,2021,371070134,1,21,-1,-1,-1,-1,-1,-1,-1,0,-1,-1,-1,0,-1,1,6,6,1,61,9,7700,2,2,SCANIA Model Missing,3,E01031059,0,-1
2021461107888,2021,461107888,2,21,1,2,2,0,0,0,0,0,0,4,0,0,2,1,1,1,1,32,6,16353,2,3,SCANIA Model Missing,8,E01016928,0,-1
2021201072650,2021,201072650,2,11,0,18,19,1,5,0,0,1,1,0,0,0,1,1,1,1,3,30,6,9000,2,12,SCANIA Model Missing,1,E01032889,0,-1
2021351110127,2021,351110127,1,21,2,3,3,6,2,4,4,0,0,7,0,0,1,1,1,1,1,49,8,12742,2,2,SCANIA Model Missing,10,E01025651,0,-1
2021010310354,2021,010310354,2,11,0,99,99,9,9,99,99,9,9,99,9,99,1,9,6,6,3,-1,-1,4500,2,6,WRIGHTBUS NB4L,-1,-1,0,-1
2021010346122,2021,010346122,1,11,0,5,5,3,7,0,0,2,0,0,0,0,4,1,1,1,1,50,8,4500,2,6,WRIGHTBUS NB4L,2,E01004467,0,-1
2021010310343,2021,010310343,2,11,0,99,99,9,9,99,99,9,9,99,9,99,9,9,6,6,3,66,10,4500,2,6,WRIGHTBUS NB4L,3,E01003572,0,-1
2021010313888,2021,010313888,1,11,0,14,14,5,1,0,0,2,0,4,0,0,4,1,1,1,1,51,8,4500,2,5,WRIGHTBUS NB4L,2,E01004679,0,-1
2021622100106,2021,622100106,1,9,0,5,5,6,3,0,0,6,0,0,0,0,2,1,6,6,1,46,8,2967,2,6,AUDI SQ5,1,W01001361,0,-1
2021421018545,2021,421018545,2,5,0,14,14,7,3,0,0,1,0,0,0,0,3,1,6,6,1,55,8,853,1,2,-1,10,E01021941,0,-1
2021471103912,2021,471103912,1,3,0,18,19,3,7,0,0,0,1,0,0,0,1,1,5,6,1,18,4,124,1,0,HONDA CBF 125,8,E01031545,0,-1
2021070187424,2021,070187424,2,4,0,18,19,8,4,0,0,1,0,2,0,0,1,1,6,6,2,29,6,125,1,10,HONDA CBF 125,6,E01018356,0,-1
2021010327864,2021,010327864,2,4,0,18,19,1,5,0,0,0,0,0,0,0,2,1,6,6,1,38,7,124,1,0,HONDA CBF 125,2,E01000063,0,-1
2021010307427,2021,010307427,2,9,0,9,9,1,7,0,0,8,0,0,0,0,4,1,6,6,1,56,9,998,1,6,SUZUKI CELERIO,-1,-1,0,-1
2021010304833,2021,010304833,1,11,0,4,4,7,3,0,0,2,0,0,1,0,0,1,1,1,1,34,6,-1,3,2,BYD ENVIRO,4,E01003927,0,-1
202131C108921,2021,31C108921,2,5,0,3,3,2,6,0,0,1,0,0,0,0,2,1,6,6,1,53,8,998,1,5,HONDA CRF1000A,8,E01028176,0,-1
2021545027421,2021,545027421,2,19,0,5,5,1,5,0,0,0,0,0,0,0,1,1,1,1,1,30,6,4580,2,5,MAN Model Missing,-1,-1,0,-1
2021141019596,2021,141019596,2,21,0,18,19,5,1,0,0,0,0,0,1,4,1,1,1,1,1,53,8,12419,2,5,MAN Model Missing,9,E01013016,0,-1
2021010322843,2021,010322843,1,98,0,17,19,3,1,0,0,8,0,0,0,0,0,1,1,1,1,42,7,10518,2,6,-1,10,E01023730,0,-1
202163D030421,2021,63D030421,1,19,0,5,5,6,4,0,0,6,0,0,0,0,3,1,1,1,1,-1,-1,1560,2,3,PEUGEOT PARTNER,3,W01000499,0,-1
2021351048677,2021,351048677,1,19,0,18,19,5,1,0,0,0,0,4,0,0,1,1,2,2,1,42,7,1560,2,5,PEUGEOT PARTNER,1,E01011140,0,-1
202134WNC4561,2021,34WNC4561,3,19,0,3,3,5,1,0,0,0,0,0,0,0,2,1,6,6,1,45,7,1500,2,2,PEUGEOT PARTNER,8,E01027207,0,-1
2021141105276,2021,141105276,2,19,0,3,3,5,1,0,0,0,0,0,0,0,2,1,6,6,1,32,6,1498,2,0,PEUGEOT PARTNER,4,E01007821,0,-1
2021052100836,2021,052100836,2,19,0,18,19,5,1,0,0,1,0,0,0,0,2,1,1,1,1,21,5,1995,2,5,FORD TRANSIT CUSTOM,2,E01006948,0,-1
2021440047698,2021,440047698,1,19,0,18,19,6,2,0,0,0,0,0,0,0,1,1,1,1,2,23,5,2198,2,5,FORD TRANSIT CUSTOM,9,E01032848,0,-1
2021041091768,2021,041091768,2,19,0,4,4,1,5,0,0,0,0,0,0,0,2,1,1,1,1,30,6,1995,2,3,FORD TRANSIT CUSTOM,8,E01025420,0,-1
2021471086255,2021,471086255,2,19,0,18,19,1,5,0,0,1,1,0,0,0,4,1,6,6,1,38,7,1995,2,0,FORD TRANSIT CUSTOM,5,E01031410,0,-1
2021991103608,2021,991103608,1,19,0,18,19,4,1,0,0,6,0,11,0,0,1,1,1,1,1,47,8,1995,2,1,FORD TRANSIT CUSTOM,10,-1,0,-1
2021131061091,2021,131061091,1,19,0,4,4,2,6,0,0,8,0,0,0,0,2,1,2,2,1,30,6,2198,2,5,FORD TRANSIT CUSTOM,1,E01010831,0,-1
2021542317621,2021,542317621,1,19,0,18,19,6,2,0,0,0,0,0,0,0,1,1,6,6,1,55,8,1995,2,2,FORD TRANSIT CUSTOM,6,E01031845,0,-1
2021461072886,2021,461072886,1,19,0,14,14,3,7,0,0,0,0,0,0,0,1,1,6,6,1,61,9,2198,2,7,FORD TRANSIT CUSTOM,8,E01021171,0,-1
2021010318239,2021,010318239,2,19,0,99,99,9,9,99,99,0,9,99,9,99,9,9,6,6,3,-1,-1,2198,2,6,FORD TRANSIT CUSTOM,-1,-1,0,-1
2021170S20021,2021,170S20021,2,19,0,18,19,6,2,0,0,0,0,0,0,0,1,1,6,6,1,45,7,1995,2,5,FORD TRANSIT CUSTOM,3,E01024372,0,-1
2021471049326,2021,471049326,2,19,0,18,19,1,5,0,0,8,5,0,0,0,3,1,1,1,1,46,8,1995,2,5,FORD TRANSIT CUSTOM,10,E01022926,0,-1
2021430341789,2021,430341789,2,19,0,4,4,2,6,0,0,0,0,0,0,0,2,1,6,6,2,43,7,1995,2,2,FORD TRANSIT CUSTOM,2,W01001946,0,-1
2021351027638,2021,351027638,1,19,0,18,19,5,1,0,0,0,5,0,0,0,1,1,2,2,1,42,7,1995,2,1,FORD TRANSIT CUSTOM,1,E01012058,0,-1
2021430484367,2021,430484367,1,19,0,18,19,6,2,0,0,1,0,0,0,0,1,1,1,1,1,75,10,2198,2,5,FORD TRANSIT CUSTOM,9,E01016258,0,-1
2021320359498,2021,320359498,3,19,0,4,4,2,6,0,0,0,0,0,0,0,1,1,1,1,1,32,6,1995,2,3,FORD TRANSIT CUSTOM,5,E01032988,0,-1
2021010292388,2021,010292388,2,19,0,2,2,0,0,99,99,9,9,99,9,99,0,9,6,6,3,-1,-1,1995,2,3,FORD TRANSIT CUSTOM,-1,-1,0,-1
2021991032773,2021,991032773,2,19,0,18,19,3,7,0,0,0,1,0,0,0,3,1,1,1,1,31,6,1995,2,2,FORD TRANSIT CUSTOM,9,-1,0,-1
2021430317716,2021,430317716,2,19,0,18,19,6,2,0,0,0,0,0,0,0,1,1,6,6,1,25,5,1995,2,0,FORD TRANSIT CUSTOM,-1,-1,0,-1
2021552100263,2021,552100263,2,19,0,4,4,2,6,0,0,0,0,0,0,0,2,1,1,1,1,51,8,1995,2,3,FORD TRANSIT CUSTOM,3,E01015357,0,-1
2021451093788,2021,451093788,2,19,0,18,19,5,1,0,0,2,0,0,0,0,1,1,2,2,1,45,7,2198,2,7,FORD TRANSIT CUSTOM,5,E01030424,0,-1
2021111137522,2021,111137522,3,19,0,3,3,3,7,0,0,0,0,0,0,0,2,1,6,6,1,29,6,1995,2,1,FORD TRANSIT CUSTOM,4,E01020899,0,-1
2021430119441,2021,430119441,2,19,0,3,3,3,7,0,0,0,0,4,0,0,2,1,1,1,1,27,6,2198,2,5,FORD TRANSIT CUSTOM,6,E01017674,0,-1
2021201111353,2021,201111353,1,19,0,1,1,4,8,0,0,6,0,0,0,0,2,1,6,6,1,50,8,2198,2,8,FORD TRANSIT CUSTOM,4,E01010040,0,-1
2021070342337,2021,070342337,2,19,0,3,3,6,3,0,0,0,0,2,0,0,2,1,1,1,1,-1,-1,2198,2,7,FORD TRANSIT CUSTOM,10,E01018695,0,-1
2021440248135,2021,440248135,1,19,0,4,4,8,4,0,0,0,0,0,0,0,1,1,1,1,1,45,7,1995,2,0,FORD TRANSIT CUSTOM,4,E01017087,0,-1
2021371070134,2021,371070134,2,19,0,18,19,7,3,0,0,0,0,2,0,0,4,1,1,1,1,59,9,2198,2,7,FORD TRANSIT CUSTOM,8,E01010201,0,-1
2021461035388,2021,461035388,1,3,0,18,19,3,7,0,0,0,0,0,0,0,1,1,5,6,1,26,6,125,1,4,KTM 125 DUKE,6,E01001665,0,-1
2021520101538,2021,520101538,2,5,0,18,19,1,5,0,0,8,0,0,0,0,2,1,6,6,1,25,5,1298,1,13,-1,8,E01029242,0,-1
2021070342337,2021,070342337,1,3,0,18,19,6,3,0,0,0,0,2,0,0,1,1,1,1,1,19,4,124,1,12,YAMAHA WR,7,E01018338,0,-1
2021548620421,2021,548620421,2,19,0,1,1,5,1,0,0,1,0,0,0,0,1,1,2,2,1,29,6,1997,2,14,CITROEN DISPATCH,9,E01031858,0,-1
2021451098120,2021,451098120,2,19,0,9,9,8,4,0,0,1,0,0,0,0,4,1,1,1,1,56,9,1997,2,14,CITROEN DISPATCH,10,E01030543,0,-1
2021052102112,2021,052102112,2,19,0,3,3,1,5,0,0,0,0,0,0,0,2,1,2,2,2,33,6,1560,2,14,CITROEN DISPATCH,8,E01007036,0,-1
2021161109483,2021,161109483,2,3,0,16,19,3,1,0,0,3,1,0,0,0,1,1,2,2,1,23,5,125,1,0,SYM JET,5,E01012902,0,-1
2021610059421,2021,610059421,1,4,0,3,3,3,7,0,0,1,0,0,0,0,0,1,2,2,2,50,8,499,1,20,YAMAHA XP,7,W01001584,0,-1
2021161113374,2021,161113374,1,9,0,18,19,1,5,0,0,0,0,0,0,0,4,1,2,2,1,47,8,1987,8,0,LEXUS UX 250,4,E01008031,0,-1
202154A276721,2021,54A276721,2,9,0,4,4,5,1,0,0,0,0,0,0,0,2,1,2,2,1,32,6,1587,1,18,PEUGEOT 307,9,E01031897,0,-1
202163A060221,2021,63A060221,1,9,0,18,19,2,6,0,0,8,0,0,0,0,1,1,1,1,2,21,5,1587,1,14,PEUGEOT 307,3,W01000848,0,-1
2021421021233,2021,421021233,3,9,0,3,3,8,4,0,0,0,0,0,0,0,2,1,6,6,1,32,6,1587,1,17,PEUGEOT 307,8,E01021749,0,-1
2021161029002,2021,161029002,1,9,0,18,19,3,7,0,0,2,0,0,0,0,1,1,5,6,1,69,10,1560,2,15,PEUGEOT 307,1,E01012889,0,-1
2021401024177,2021,401024177,2,9,0,18,19,7,3,0,0,4,0,0,3,0,1,1,1,1,1,64,9,2179,2,14,PEUGEOT 407,8,E01016808,0,-1
2021101051171,2021,101051171,2,3,0,18,19,5,1,9,9,8,0,0,1,1,1,1,1,1,1,24,5,125,1,1,-1,-1,-1,0,-1
2021010303403,2021,010303403,1,8,0,99,99,9,9,99,99,0,9,99,9,99,2,9,6,6,1,28,6,1968,2,6,AUDI A6,2,E01004271,0,-1
2021010329778,2021,010329778,2,9,0,99,99,9,9,0,0,0,9,99,9,99,1,9,6,6,3,-1,-1,1968,2,7,AUDI A6,-1,-1,0,-1
2021552100917,2021,552100917,2,9,0,5,5,2,6,0,0,0,0,0,0,0,3,1,6,6,2,24,5,1968,2,8,AUDI A6,8,E01015322,0,-1
2021070507401,2021,070507401,2,9,0,18,19,3,7,0,0,0,0,2,0,0,2,1,6,6,1,35,6,1968,2,7,AUDI A6,2,E01004959,0,-1
2021061097586,2021,061097586,1,9,0,18,19,2,6,0,0,1,0,2,0,0,1,1,5,6,1,32,6,1968,2,8,AUDI A6,4,E01004819,0,-1
2021131102005,2021,131102005,1,9,0,18,19,1,5,0,0,8,0,0,0,0,3,1,5,6,1,22,5,1968,2,5,AUDI A6,1,E01010626,0,-1
2021552100043,2021,552100043,4,9,0,4,4,3,7,0,0,0,0,0,0,0,1,1,6,6,1,57,9,1968,2,3,AUDI A6,2,E01015229,0,-1
2021201023685,2021,201023685,2,9,0,18,19,4,8,0,0,0,0,0,0,0,1,1,6,6,2,31,6,1968,2,6,AUDI A6,-1,-1,0,-1
2021161025364,2021,161025364,1,9,0,4,4,4,8,0,0,2,0,0,0,0,1,1,5,6,1,57,9,1968,2,9,AUDI A6,3,E01013134,0,-1
2021440044395,2021,440044395,3,9,0,3,3,5,1,0,0,1,0,0,0,0,2,1,2,2,1,37,7,1968,2,10,AUDI A6,9,E01029793,0,-1
2021552100918,2021,552100918,2,9,0,4,4,5,1,0,0,0,0,0,0,0,2,1,6,6,1,48,8,1968,2,2,AUDI A6,9,E01015432,0,-1
2021991101899,2021,991101899,2,9,0,18,19,5,1,0,0,0,0,0,0,0,1,1,5,6,1,19,4,1968,2,0,AUDI A6,3,-1,0,-1
2021010293696,2021,010293696,2,9,0,12,12,3,7,0,0,0,0,0,0,0,1,1,6,6,1,36,7,2967,2,10,AUDI A6,7,E01000198,0,-1
2021451071313,2021,451071313,2,9,0,18,19,3,7,0,0,1,0,0,0,0,1,1,1,1,1,46,8,1968,2,8,AUDI A6,9,E01017759,0,-1
2021471022980,2021,471022980,2,9,0,18,19,8,4,0,0,0,0,0,0,0,4,1,1,1,1,46,8,2967,2,6,AUDI A6,6,E01021034,0,-1
2021501064686,2021,501064686,2,3,0,18,19,3,7,0,0,0,0,0,0,0,1,1,6,6,2,61,9,85,1,24,-1,6,E01020207,0,-1
2021201118172,2021,201118172,1,19,0,18,19,8,4,0,0,0,0,0,0,0,1,1,6,6,1,21,5,2200,2,2,PEUGEOT BOXER,2,E01010264,0,-1
2021471032105,2021,471032105,1,19,0,1,1,3,7,0,0,0,0,0,0,0,3,1,6,6,1,29,6,2200,2,1,PEUGEOT BOXER,5,E01017152,0,-1
2021010297563,2021,010297563,2,19,0,18,19,7,3,0,0,1,0,0,0,0,1,1,1,1,1,47,8,2198,2,9,PEUGEOT BOXER,6,E01000231,0,-1
2021543318421,2021,543318421,1,19,0,18,19,1,3,0,0,4,0,0,0,0,1,1,6,6,2,58,9,1997,2,2,PEUGEOT BOXER,5,E01015519,0,-1
2021371121429,2021,371121429,1,19,0,18,19,6,2,0,0,0,0,0,0,0,1,1,1,1,1,40,7,1997,2,1,PEUGEOT BOXER,6,E01030063,0,-1
20211382D0401,2021,1382D0401,5,8,0,18,19,3,7,0,0,0,0,0,0,0,1,1,1,1,1,62,9,1798,7,4,TOYOTA AVENSIS,2,E01011686,0,-1
2021010325231,2021,010325231,1,9,0,5,5,5,1,9,9,1,1,0,1,0,0,1,6,6,1,78,11,1794,1,15,TOYOTA AVENSIS,3,E01000638,0,-1
2021201053814,2021,201053814,2,9,0,3,3,6,2,0,0,1,0,0,0,0,2,1,6,6,1,36,7,1798,1,10,TOYOTA AVENSIS,2,E01010363,0,-1
2021161022872,2021,161022872,2,9,0,18,19,2,6,0,0,1,0,0,0,0,1,1,6,6,1,62,9,1794,1,16,TOYOTA AVENSIS,6,E01007452,0,-1
2021010308151,2021,010308151,1,9,0,9,9,6,3,0,0,8,0,0,0,0,3,1,6,6,1,46,8,2231,2,13,TOYOTA AVENSIS,6,E01002351,0,-1
2021101072205,2021,101072205,3,9,0,3,3,5,1,0,0,0,0,0,0,0,2,1,1,1,1,53,8,1598,2,5,TOYOTA AVENSIS,5,E01008346,0,-1
2021451056318,2021,451056318,2,9,0,12,12,1,5,0,0,8,0,0,0,0,3,1,1,1,1,45,7,1598,2,4,TOYOTA AVENSIS,9,E01030660,0,-1
2021542019121,2021,542019121,1,9,0,18,19,1,5,0,0,4,0,0,0,0,1,1,6,6,2,48,8,1995,2,7,TOYOTA AVENSIS,2,E01015476,0,-1
2021101078368,2021,101078368,2,9,0,4,4,3,7,0,0,2,0,0,0,0,2,1,5,6,2,44,7,1798,1,10,TOYOTA AVENSIS,2,E01008232,0,-1
202134WNC1761,2021,34WNC1761,2,9,0,9,9,3,1,0,0,6,0,0,0,0,1,1,6,6,1,40,7,1794,1,14,TOYOTA AVENSIS,7,E01027149,0,-1
202131D197921,2021,31D197921,1,11,0,18,19,5,1,0,0,0,0,11,0,0,1,1,3,7,1,36,7,8268,2,17,TRANSBUS INT MODEL MISSING,7,E01028250,0,-1
2021131120145,2021,131120145,1,9,0,18,19,8,4,0,0,0,0,0,0,0,1,1,5,6,1,33,6,1910,2,13,VAUXHALL VECTRA,1,E01024907,0,-1
2021531122087,2021,531122087,1,9,0,18,19,2,6,0,0,0,0,0,0,0,1,1,5,6,1,28,6,1910,2,13,VAUXHALL VECTRA,8,E01022257,0,-1
2021010292940,2021,010292940,1,19,0,3,3,3,7,0,0,0,9,99,0,0,2,9,6,6,1,34,6,1968,2,3,VOLKSWAGEN CADDYMAXI,10,E01015914,0,-1
2021041079259,2021,041079259,1,9,0,13,13,7,3,0,0,2,0,0,0,0,4,1,2,2,1,53,8,2967,2,16,VOLKSWAGEN MODEL MISSING,8,E01025233,0,-1
2021471084790,2021,471084790,1,9,0,5,5,5,1,0,0,0,1,0,0,0,1,1,3,7,1,32,6,2286,1,41,-1,3,E01031783,0,-1
2021201073572,2021,201073572,1,9,0,9,9,5,3,0,0,6,0,0,0,0,1,1,6,6,2,26,6,1332,1,1,MERCEDES CLA CLASS,-1,-1,0,-1
2021010304530,2021,010304530,3,9,0,3,3,7,3,0,0,2,0,0,0,0,2,1,2,2,2,28,6,1332,1,1,MERCEDES CLA CLASS,2,E01004696,0,-1
2021010298814,2021,010298814,1,9,0,9,9,5,3,0,0,8,0,0,0,0,1,1,6,6,1,32,6,1332,1,1,MERCEDES CLA CLASS,6,E01002570,0,-1
2021371065822,2021,371065822,2,9,0,4,4,5,1,0,0,0,0,0,0,0,2,1,2,2,1,58,9,2143,2,4,MERCEDES CLA CLASS,5,E01026541,0,-1
2021052100934,2021,052100934,2,9,0,18,19,7,3,0,0,0,0,0,0,0,2,1,6,6,1,57,9,1595,1,4,MERCEDES CLA CLASS,2,E01006441,0,-1
2021211089231,2021,211089231,2,9,0,18,19,1,5,0,0,0,0,0,0,0,2,1,5,6,1,48,8,1595,1,2,MERCEDES CLA CLASS,6,E01018713,0,-1
202154B728821,2021,54B728821,2,9,0,9,9,3,1,0,0,8,0,0,0,0,1,1,6,6,1,68,10,2143,2,3,MERCEDES CLA CLASS,7,E01015474,0,-1
2021010290942,2021,010290942,3,9,0,3,3,5,1,0,0,1,0,0,0,0,1,1,6,6,2,23,5,1595,1,4,MERCEDES CLA CLASS,3,E01001311,0,-1
2021351104637,2021,351104637,2,9,-1,4,4,4,8,0,0,0,0,0,0,0,2,1,6,6,1,24,5,2143,2,5,MERCEDES CLA CLASS,2,E01018075,0,-1
2021201128354,2021,201128354,2,4,0,18,19,2,6,0,0,8,0,10,1,0,1,1,6,6,1,22,5,125,1,1,-1,4,E01033625,0,-1
2021371124541,2021,371124541,2,9,0,4,4,4,8,0,0,0,0,0,0,0,2,1,5,6,2,36,7,-1,3,0,TESLA MODEL 3,-1,-1,0,-1
2021010306402,2021,010306402,2,4,0,5,5,1,5,0,0,0,5,0,0,0,3,1,6,6,1,26,6,321,1,0,-1,6,E01000238,0,-1
2021010329420,2021,010329420,2,9,0,3,3,7,3,0,0,1,0,0,0,0,3,1,6,6,1,38,7,1598,1,11,CHEVROLET CRUZE,2,E01002830,0,-1
2021501017641,2021,501017641,1,9,0,18,19,2,6,0,0,8,0,0,0,0,1,1,5,6,1,57,9,1499,2,1,FORD TOURNEO,3,E01019028,0,-1
2021070765800,2021,070765800,1,8,0,18,19,7,3,0,0,0,0,4,0,0,2,1,1,1,1,42,7,1995,2,5,FORD TOURNEO,9,W01000376,0,-1
2021440498471,2021,440498471,3,9,0,3,3,7,3,0,0,0,0,0,0,0,2,1,1,1,1,53,8,2198,2,6,FORD TOURNEO,8,E01015223,0,-1
2021501105131,2021,501105131,1,9,0,3,3,1,5,0,0,0,0,0,0,0,1,1,1,1,1,45,7,1499,2,5,FORD TOURNEO,4,E01020284,0,-1
202163D095721,2021,63D095721,1,5,0,18,19,6,2,0,0,8,0,0,0,0,1,1,6,6,1,58,9,745,1,0,HONDA NC750,2,W01001443,0,-1
2021361058032,2021,361058032,4,9,0,3,3,7,3,0,0,0,0,0,0,0,2,1,5,6,1,38,7,3982,1,3,MERCEDES AMG CLASS,6,E01029951,0,-1
202131C061821,2021,31C061821,2,9,0,4,4,8,4,0,0,8,0,0,0,0,2,1,6,6,1,45,7,1598,2,9,SKODA SUPERB,9,E01028120,0,-1
2021070765800,2021,070765800,2,8,0,2,2,7,3,0,0,0,0,0,0,0,0,1,1,1,1,64,9,1968,2,6,SKODA SUPERB,-1,-1,0,-1
2021302101812,2021,302101812,2,9,0,4,4,8,4,0,0,0,0,0,0,0,1,1,6,6,1,33,6,1968,2,6,SKODA SUPERB,3,E01019468,0,-1
2021471043476,2021,471043476,2,9,0,4,4,7,3,0,0,0,0,0,0,0,2,1,2,2,1,40,7,1968,2,5,SKODA SUPERB,8,E01031767,0,-1
2021440065344,2021,440065344,2,9,0,18,19,7,4,0,0,0,0,0,0,0,1,1,6,6,1,60,9,1968,2,4,SKODA SUPERB,3,E01022839,0,-1
2021061121634,2021,061121634,2,9,0,18,19,3,7,0,0,0,0,0,0,0,2,1,2,2,1,32,6,1498,1,1,SKODA SUPERB,4,E01012460,0,-1
2021010298898,2021,010298898,2,9,0,18,19,7,3,0,0,3,0,0,0,0,3,1,2,2,1,30,6,1798,1,10,SKODA SUPERB,3,E01001327,0,-1
2021131079764,2021,131079764,1,9,0,18,19,1,5,0,0,1,0,0,0,0,1,1,2,2,1,85,11,1329,1,6,TOYOTA YARIS,8,E01011399,0,-1
2021201108275,2021,201108275,1,9,0,18,19,8,4,0,0,1,1,0,0,0,1,1,6,6,1,19,4,1299,1,16,TOYOTA YARIS,1,E01008896,0,-1
2021010337047,2021,010337047,2,9,0,99,99,9,9,99,99,9,9,99,9,99,1,9,6,6,1,37,7,1296,1,15,TOYOTA YARIS,-1,-1,0,-1
2021131060999,2021,131060999,2,9,0,4,4,1,5,0,0,0,0,0,0,0,2,1,2,2,2,24,5,998,1,18,TOYOTA YARIS,1,E01011059,0,-1
2021548106421,2021,548106421,2,9,0,14,14,2,6,0,0,0,0,0,0,0,1,1,6,6,2,56,9,998,1,17,TOYOTA YARIS,5,E01015554,0,-1
2021221091514,2021,221091514,3,9,0,3,3,8,4,0,0,0,0,0,0,0,3,1,5,6,1,62,9,1299,1,19,TOYOTA YARIS,3,E01033526,0,-1
2021430093793,2021,430093793,1,9,0,18,19,6,2,0,0,8,0,0,0,0,4,1,6,6,1,24,5,1329,1,12,TOYOTA YARIS,5,E01016437,0,-1
2021010329241,2021,010329241,3,9,0,2,2,0,0,9,9,0,0,0,0,0,2,1,6,6,3,-1,-1,1299,1,20,TOYOTA YARIS,-1,-1,0,-1
2021421025837,2021,421025837,2,9,0,3,3,3,7,0,0,0,0,0,0,0,2,1,5,6,2,30,6,1329,1,8,TOYOTA YARIS,6,E01021541,0,-1
2021201061310,2021,201061310,3,9,0,3,3,6,2,0,0,0,0,0,0,0,2,1,6,6,1,-1,-1,1497,8,8,TOYOTA YARIS,1,E01033637,0,-1
2021461088624,2021,461088624,1,9,0,18,19,7,3,0,0,0,0,0,0,0,2,1,6,6,1,34,6,1497,8,4,TOYOTA YARIS,3,E01000718,0,-1
2021440252115,2021,440252115,2,9,0,3,3,4,8,0,0,8,0,0,0,0,2,1,6,6,1,40,7,1329,1,9,TOYOTA YARIS,6,E01022677,0,-1
2021211086568,2021,211086568,1,9,0,7,7,3,3,0,0,1,0,0,3,0,1,1,5,6,1,19,4,1364,2,14,TOYOTA YARIS,3,E01029701,0,-1
2021010317725,2021,010317725,2,9,0,4,4,7,3,0,0,1,0,0,0,0,2,1,2,2,2,51,8,1299,1,20,TOYOTA YARIS,4,E01004591,0,-1
2021010345071,2021,010345071,1,9,9,11,11,7,3,0,0,4,9,0,9,99,1,2,6,6,2,28,6,1497,8,3,TOYOTA YARIS,2,E01016451,0,-1
2021221108433,2021,221108433,2,9,0,4,4,7,3,0,0,1,0,0,1,0,1,1,5,6,2,32,6,1329,1,9,TOYOTA YARIS,8,E01032286,0,-1
2021231081029,2021,231081029,1,9,0,17,19,2,8,0,0,4,0,10,7,1,1,1,2,2,2,27,6,1497,8,6,TOYOTA YARIS,7,E01009550,0,-1
2021430495981,2021,430495981,2,9,0,18,19,6,2,0,0,5,0,0,0,0,1,1,6,6,3,-1,-1,1490,8,1,TOYOTA YARIS,-1,-1,0,-1
2021141065335,2021,141065335,1,9,0,9,9,2,8,0,0,8,0,0,0,0,1,1,5,6,1,27,6,1497,8,0,TOYOTA YARIS,6,E01007452,0,-1
20211382D0401,2021,1382D0401,1,9,0,18,19,3,7,0,0,0,0,0,0,0,2,1,2,2,2,59,9,1329,1,8,TOYOTA YARIS,2,E01011665,0,-1
2021471041203,2021,471041203,1,9,0,18,19,6,2,6,6,4,2,2,7,4,1,1,5,6,1,25,5,1296,1,13,TOYOTA YARIS,4,E01031575,0,-1
2021430543509,2021,430543509,1,9,0,18,19,2,7,0,0,0,0,0,0,0,1,1,2,2,1,37,7,1497,8,4,TOYOTA YARIS,3,E01002532,0,-1
2021440149229,2021,440149229,2,9,0,3,3,2,6,0,0,0,0,2,1,1,4,1,6,6,2,70,10,1968,2,8,AUDI Q3,8,E01023016,0,-1
2021070584588,2021,070584588,2,9,0,3,3,3,7,0,0,1,0,0,0,0,1,1,6,6,2,34,6,1968,2,9,AUDI Q3,1,E01018738,0,-1
2021371145123,2021,371145123,2,9,0,3,3,7,3,0,0,0,0,0,0,0,2,1,5,6,1,24,5,1395,1,6,AUDI Q3,5,E01029955,0,-1
2021138171400,2021,138171400,1,9,0,18,19,5,1,0,0,8,0,0,0,0,1,1,2,2,1,59,9,1395,1,5,AUDI Q3,10,E01010771,0,-1
2021471022980,2021,471022980,1,9,0,18,19,8,4,0,0,0,0,0,0,0,3,1,5,6,1,42,7,1968,2,7,AUDI Q3,-1,-1,0,-1
2021471031783,2021,471031783,3,9,0,3,3,6,2,0,0,1,0,0,0,0,2,1,6,6,2,56,9,1395,1,4,AUDI Q3,4,E01030619,0,-1
202134WNC2271,2021,34WNC2271,2,9,0,18,19,7,3,0,0,8,1,0,5,6,3,1,6,6,2,35,6,1968,2,4,AUDI Q3,9,E01027208,0,-1
2021221055652,2021,221055652,2,9,0,3,3,4,8,0,0,8,0,0,1,10,3,1,5,6,1,38,7,1999,1,8,FORD MODEL MISSING,-1,-1,0,-1
2021471067759,2021,471067759,2,9,0,5,5,7,1,0,0,4,0,0,0,0,1,1,6,6,1,83,11,1997,1,14,HONDA CRV,4,E01031610,0,-1
2021548002221,2021,548002221,1,9,0,9,9,5,3,0,0,8,0,0,0,0,4,1,6,6,2,46,8,1998,1,16,HONDA CRV,10,E01015512,0,-1
2021221042497,2021,221042497,3,9,0,4,4,8,4,0,0,0,0,0,0,0,0,1,5,6,2,49,8,2204,2,12,HONDA CRV,8,E01028919,0,-1
2021052101924,2021,052101924,3,9,0,18,19,1,5,0,0,0,0,0,0,0,2,1,6,6,2,34,6,1997,1,7,HONDA CRV,9,E01007027,0,-1
2021451069102,2021,451069102,2,9,0,18,19,3,7,0,0,4,0,0,0,0,1,1,2,2,1,49,8,2199,2,7,HONDA CRV,8,E01030662,0,-1
2021201031801,2021,201031801,2,9,0,8,8,3,6,0,0,1,0,0,0,0,2,1,6,6,2,45,7,1998,1,17,HONDA CRV,2,E01009966,0,-1
2021221088373,2021,221088373,1,9,0,6,6,5,5,0,0,6,0,0,0,0,1,1,5,6,2,32,6,1997,1,12,HONDA CRV,8,E01028861,0,-1
2021311111651,2021,311111651,1,9,0,6,6,3,7,0,0,0,0,0,0,0,1,1,5,6,1,69,10,2199,2,10,HONDA CRV,6,E01013838,0,-1
2021440503813,2021,440503813,2,9,0,4,4,3,7,0,0,0,0,0,0,0,2,1,6,6,1,49,8,1597,2,7,HONDA CRV,6,E01022925,0,-1
2021361144840,2021,361144840,1,9,0,7,7,1,3,0,0,5,0,0,0,0,1,1,5,6,1,66,10,2199,2,8,HONDA CRV,2,E01026600,0,-1
2021010314501,2021,010314501,1,8,0,5,5,0,8,6,6,0,0,0,0,0,3,1,1,1,1,33,6,1580,8,2,KIA NIRO,1,E01001429,0,-1
2021010337968,2021,010337968,1,9,0,18,19,7,3,0,0,1,0,4,0,0,1,1,6,6,2,18,4,1580,8,0,KIA NIRO,2,E01003601,0,-1
202154A812821,2021,54A812821,1,9,0,6,6,1,1,0,0,8,0,0,0,0,3,1,6,6,1,44,7,1580,8,0,KIA NIRO,10,E01015512,0,-1
2021548002221,2021,548002221,2,9,0,18,19,1,5,0,0,8,0,0,4,0,1,1,6,6,1,30,6,2995,1,16,LEXUS GS 300,9,E01032713,0,-1
2021010351208,2021,010351208,1,9,4,4,4,3,7,0,0,1,0,0,0,0,2,1,6,6,1,51,8,698,1,17,SMART FORTWO,8,E01003446,0,-1
2021540336821,2021,540336821,2,9,0,3,3,4,8,0,0,0,0,0,0,0,2,1,6,6,1,55,8,999,1,9,SMART FORTWO,8,E01031883,0,-1
2021430210883,2021,430210883,2,9,0,3,3,5,1,0,0,0,0,0,0,0,2,1,6,6,1,43,7,999,1,13,SMART FORTWO,-1,-1,0,-1
2021451034350,2021,451034350,1,9,0,18,19,1,5,0,0,0,0,0,1,4,4,1,5,6,1,25,5,1998,1,8,TOYOTA GT86,7,E01030993,0,-1
2021501100469,2021,501100469,2,5,0,3,3,1,5,0,0,2,0,0,0,0,2,1,5,6,1,60,9,1700,1,5,TRIUMPH THUNDERBIRD,9,E01030760,0,-1
2021010309533,2021,010309533,1,9,0,18,19,5,1,0,0,0,0,0,0,0,1,1,6,6,1,71,10,2967,2,14,AUDI Q7,-1,-1,0,-1
2021010341189,2021,010341189,2,5,0,15,15,6,2,0,0,0,1,0,0,0,0,1,1,1,1,64,9,1170,1,10,BMW R SERIES,9,E01030813,0,-1
2021201090018,2021,201090018,2,5,0,3,3,6,2,0,0,2,5,0,0,0,4,1,1,1,1,-1,-1,1170,1,4,BMW R SERIES,-1,-1,0,-1
202131B134721,2021,31B134721,3,5,0,3,3,2,6,0,0,0,0,0,0,0,2,1,6,6,1,68,10,1170,1,5,BMW R SERIES,7,E01026333,0,-1
2021421078197,2021,421078197,1,2,0,18,19,8,4,0,0,0,0,10,1,6,1,1,5,6,1,68,10,980,1,34,BMW R SERIES,2,E01021667,0,-1
2021421095432,2021,421095432,2,5,0,3,3,2,6,0,0,0,5,0,0,0,2,1,5,6,1,67,10,1170,1,5,BMW R SERIES,5,E01021901,0,-1
2021302100315,2021,302100315,1,9,0,9,9,8,5,0,0,0,0,0,0,0,3,1,6,6,1,42,7,1753,2,14,FORD MONDEO,6,E01019551,0,-1
2021421118505,2021,421118505,3,9,0,18,19,5,8,0,0,8,0,0,0,0,1,1,1,1,1,31,6,1995,2,0,FORD MONDEO,7,E01021571,0,-1
2021052101924,2021,052101924,2,9,0,18,19,1,5,0,0,0,0,0,0,0,2,1,1,1,2,26,6,1560,2,8,FORD MONDEO,1,E01006547,0,-1
2021070223008,2021,070223008,1,9,0,17,19,5,1,0,0,4,0,2,0,0,1,1,1,1,1,27,6,1753,2,11,FORD MONDEO,4,E01033299,0,-1
2021440470149,2021,440470149,2,9,0,6,6,1,1,0,0,8,0,0,0,0,1,1,2,2,1,30,6,1997,2,14,FORD MONDEO,6,E01023065,0,-1
2021201118172,2021,201118172,2,9,0,18,19,8,4,0,0,0,0,0,0,0,2,1,2,2,1,40,7,2198,2,15,FORD MONDEO,7,E01029376,0,-1
202163B031221,2021,63B031221,1,8,0,18,19,5,1,0,0,1,0,0,0,0,2,1,1,1,1,-1,-1,1997,2,5,FORD MONDEO,10,W01000525,0,-1
2021211087739,2021,211087739,1,9,0,15,15,1,5,0,0,0,0,0,0,0,1,1,2,2,1,48,8,1560,2,9,FORD MONDEO,-1,-1,0,-1
2021010318239,2021,010318239,1,9,0,99,99,9,9,99,99,0,9,99,9,99,9,9,2,2,2,31,6,1498,1,6,FORD MONDEO,2,E01000030,0,-1
2021141021009,2021,141021009,1,9,0,7,7,6,8,0,0,1,1,0,7,11,1,1,6,6,1,38,7,1753,2,14,FORD MONDEO,8,E01007712,0,-1
2021471046002,2021,471046002,1,9,0,3,3,8,5,0,0,2,0,0,0,0,1,1,6,6,1,41,7,1997,2,5,FORD MONDEO,-1,-1,0,-1
2021471084442,2021,471084442,3,8,0,18,19,3,7,0,0,0,0,0,0,0,1,1,6,6,1,41,7,1999,8,5,FORD MONDEO,1,E01020984,0,-1
2021041079259,2021,041079259,2,9,0,18,19,7,3,0,0,2,0,0,0,0,3,1,5,6,1,30,6,1753,2,12,FORD MONDEO,9,E01025240,0,-1
2021421022939,2021,421022939,2,9,0,18,19,7,3,0,0,0,0,0,0,0,2,1,2,2,1,36,7,1997,2,6,FORD MONDEO,3,E01021328,0,-1
2021461060704,2021,461060704,1,9,0,18,19,7,3,9,9,0,0,0,0,0,3,1,6,6,1,28,6,1753,2,14,FORD MONDEO,3,E01024169,0,-1
2021320359498,2021,320359498,1,9,0,18,19,6,2,0,0,0,1,0,0,0,1,1,3,7,1,37,7,1560,2,9,FORD MONDEO,-1,-1,0,-1
2021231047308,2021,231047308,1,21,1,18,19,6,2,0,0,0,0,0,0,0,1,1,1,1,1,34,6,10677,2,2,MERCEDES Model Missing,1,E01032890,0,-1
2021061048183,2021,061048183,1,21,0,1,1,6,2,0,0,1,0,0,0,0,4,1,1,1,1,25,5,10677,2,6,MERCEDES Model Missing,3,E01025388,0,-1
2021131074133,2021,131074133,2,21,0,18,19,3,7,0,0,0,0,0,0,0,2,1,1,1,1,40,7,12809,2,5,MERCEDES Model Missing,7,E01012983,0,-1
2021351062135,2021,351062135,2,21,0,2,2,0,0,0,0,0,0,0,0,0,2,1,1,1,1,42,7,7201,2,14,MERCEDES Model Missing,2,E01018070,0,-1
2021430444191,2021,430444191,1,9,0,18,19,6,2,0,0,2,1,2,1,4,4,1,6,6,1,91,11,1390,1,16,SEAT IBIZA,5,E01016503,0,-1
2021010342246,2021,010342246,1,9,0,5,5,7,3,0,0,0,0,0,0,0,4,1,6,6,1,22,5,1398,1,12,SEAT IBIZA,2,E01004008,0,-1
2021201106414,2021,201106414,2,9,0,9,9,6,5,0,0,5,0,0,0,0,3,1,6,6,1,18,4,1198,1,15,SEAT IBIZA,3,E01010407,0,-1
2021622200009,2021,622200009,1,9,0,18,19,3,1,0,0,3,0,0,0,0,4,1,6,6,2,23,5,999,1,4,SEAT IBIZA,1,W01001481,0,-1
2021161051540,2021,161051540,2,9,0,3,3,6,2,0,0,2,0,0,0,0,2,1,6,6,1,30,6,1390,1,11,SEAT IBIZA,3,E01013231,0,-1
2021070629056,2021,070629056,2,9,0,4,4,6,2,0,0,0,0,0,0,0,2,1,1,1,2,57,9,1390,1,8,SEAT IBIZA,5,E01018444,0,-1
2021430093793,2021,430093793,2,9,0,9,9,8,6,0,0,6,0,0,0,0,1,1,6,6,1,26,6,1390,1,14,SEAT IBIZA,5,E01016374,0,-1
2021010322046,2021,010322046,3,9,0,4,4,2,6,0,0,0,0,0,0,0,3,1,6,6,2,23,5,1390,1,8,SEAT IBIZA,5,E01033685,0,-1
2021461047670,2021,461047670,2,9,0,3,3,6,2,0,0,1,0,0,0,0,4,1,5,6,2,25,5,1390,1,12,SEAT IBIZA,2,E01033212,0,-1
202163A047221,2021,63A047221,1,9,0,18,19,6,2,0,0,0,1,0,1,10,4,1,2,2,1,22,5,1390,1,13,SEAT IBIZA,5,W01000728,0,-1
2021351094954,2021,351094954,1,9,0,18,19,-1,-1,0,0,1,1,0,7,2,1,1,5,6,1,24,5,999,1,0,SEAT IBIZA,2,E01015608,0,-1
2021141077954,2021,141077954,4,9,0,4,4,5,1,0,0,0,0,0,1,0,1,1,6,6,1,26,6,1968,2,10,SEAT IBIZA,4,E01007699,0,-1
2021991093199,2021,991093199,1,9,0,18,19,8,5,0,0,1,0,0,0,0,1,1,2,2,1,57,9,999,1,3,SEAT IBIZA,5,-1,0,-1
2021201099628,2021,201099628,1,9,0,18,19,6,2,0,0,4,0,0,0,0,0,1,6,6,1,21,5,999,1,1,SEAT IBIZA,7,E01025882,0,-1
2021401074211,2021,401074211,1,9,0,9,9,1,5,0,0,5,0,0,1,1,2,1,5,6,1,28,6,999,1,2,SEAT IBIZA,7,E01017511,0,-1
2021201034724,2021,201034724,2,9,0,12,12,1,5,0,0,1,0,2,1,10,1,1,6,6,1,56,9,1364,1,16,VAUXHALL TIGRA,1,E01009359,0,-1
2021461038657,2021,461038657,3,9,0,3,3,3,7,0,0,0,0,0,0,0,2,1,5,6,1,26,6,1364,1,13,VAUXHALL TIGRA,9,E01024145,0,-1
2021010295554,2021,010295554,1,4,0,7,7,2,4,0,0,1,0,0,0,0,2,1,6,6,1,28,6,125,1,4,-1,2,E01002031,0,-1
2021010312732,2021,010312732,2,3,0,18,19,3,7,0,0,8,0,0,0,0,4,1,6,6,1,49,8,125,1,3,YAMAHA GPD 125,5,E01000264,0,-1
2021010320173,2021,010320173,1,9,0,5,5,5,1,0,0,1,0,0,0,0,3,1,6,6,1,35,6,1499,8,4,BMW I8,1,E01000953,0,-1
202134WNC4561,2021,34WNC4561,1,9,0,17,19,5,1,0,0,0,1,0,0,0,1,1,6,6,1,43,7,1499,8,7,BMW I8,9,E01033512,0,-1
2021451088953,2021,451088953,2,9,0,2,2,0,0,9,9,0,0,0,0,0,2,1,6,6,3,-1,-1,898,1,2,DACIA SANDERO,-1,-1,0,-1
2021231082832,2021,231082832,2,9,0,3,3,5,1,0,0,0,0,0,0,0,2,1,5,6,1,49,8,1461,2,8,DACIA SANDERO,8,E01022101,0,-1
2021371121429,2021,371121429,3,9,0,4,4,6,2,0,0,0,0,0,0,0,2,1,1,1,2,46,8,898,1,2,DACIA SANDERO,3,E01033046,0,-1
2021991110329,2021,991110329,1,9,0,9,9,1,7,0,0,8,0,0,0,0,1,1,5,6,2,53,8,898,1,7,DACIA SANDERO,10,-1,0,-1
2021430370144,2021,430370144,2,9,0,18,19,8,4,0,0,0,0,0,0,0,3,1,6,6,2,51,8,1461,2,6,DACIA SANDERO,8,E01022356,0,-1
2021461111219,2021,461111219,2,9,0,4,4,7,3,0,0,0,0,0,0,0,2,1,6,6,1,81,11,898,1,3,DACIA SANDERO,8,E01016138,0,-1
2021461059493,2021,461059493,3,9,0,3,3,3,7,0,0,0,0,0,0,0,2,1,6,6,2,32,6,1461,2,4,DACIA SANDERO,5,E01024364,0,-1
2021010308556,2021,010308556,2,19,0,99,99,9,9,99,99,9,9,99,9,99,2,9,6,6,3,-1,-1,1997,2,1,PEUGEOT EXPERT,5,E01004057,0,-1
2021501020025,2021,501020025,1,8,0,4,4,8,4,0,0,0,0,0,0,0,2,1,1,1,1,37,7,1997,2,14,PEUGEOT EXPERT,1,E01015149,0,-1
2021201149162,2021,201149162,1,19,0,5,5,4,8,0,0,1,0,0,0,0,1,1,1,1,1,47,8,1499,2,1,PEUGEOT EXPERT,-1,-1,0,-1
2021501064686,2021,501064686,1,19,0,1,1,3,7,0,0,0,0,0,0,0,2,1,6,6,1,36,7,1997,2,2,PEUGEOT EXPERT,6,E01016254,0,-1
2021010312480,2021,010312480,2,19,9,99,99,9,9,99,99,9,9,99,9,99,2,9,6,6,3,-1,-1,1560,2,2,PEUGEOT EXPERT,-1,-1,0,-1
2021101027024,2021,101027024,2,19,0,18,19,5,1,0,0,1,0,0,0,0,3,1,1,1,1,54,8,1997,2,5,PEUGEOT EXPERT,3,E01008708,0,-1
2021010311327,2021,010311327,2,19,0,18,19,5,1,0,0,1,0,0,0,0,1,1,1,1,2,39,7,1560,2,4,PEUGEOT EXPERT,1,E01000605,0,-1
2021041058973,2021,041058973,1,9,0,18,19,8,4,0,0,1,0,0,0,0,1,1,6,6,3,-1,-1,1969,2,5,VOLVO S60,-1,-1,0,-1
2021070482714,2021,070482714,1,9,0,18,19,7,3,0,0,0,0,2,0,0,1,1,6,6,1,33,6,1998,2,13,VOLVO V50,10,E01018471,0,-1
2021440234640,2021,440234640,1,9,0,18,19,5,1,0,0,0,0,0,0,0,3,1,6,6,1,-1,-1,1998,2,13,VOLVO V50,-1,-1,0,-1
2021461073526,2021,461073526,1,9,0,15,15,3,5,0,0,8,0,0,0,0,1,1,6,6,3,-1,-1,2401,2,14,VOLVO V50,-1,-1,0,-1
2021430317716,2021,430317716,1,9,0,4,4,6,2,0,0,0,0,0,0,0,2,1,6,6,2,64,9,1560,2,9,VOLVO V50,10,E01017819,0,-1
2021541518021,2021,541518021,1,9,0,9,9,1,6,0,0,6,0,0,0,0,1,1,6,6,2,56,9,1560,2,10,VOLVO V50,10,E01031907,0,-1
2021543457221,2021,543457221,1,5,0,18,19,6,2,0,0,1,0,0,0,0,0,1,6,6,1,44,7,998,1,10,APRILIA TUONO,6,E01032083,0,-1
2021361109779,2021,361109779,1,3,0,7,7,1,4,0,0,1,1,0,0,0,4,1,5,6,2,29,6,125,1,11,KYMCO AGILITY,1,E01026848,0,-1
2021522104732,2021,522104732,1,9,0,3,3,1,5,0,0,0,0,0,0,0,2,1,6,6,2,23,5,1598,1,15,MINI ONE,7,E01014712,0,-1
2021471088935,2021,471088935,1,9,0,18,19,5,1,0,0,0,1,0,1,7,1,1,2,2,1,27,6,1598,1,18,MINI ONE,5,E01024494,0,-1
2021440349015,2021,440349015,1,9,0,18,19,5,1,0,0,0,0,0,0,0,1,1,2,2,2,22,5,1598,1,8,MINI ONE,9,E01023275,0,-1
2021052101924,2021,052101924,1,9,0,18,19,1,5,0,0,0,0,0,0,0,1,1,6,6,2,73,10,1598,1,16,MINI ONE,6,E01006972,0,-1
2021141068736,2021,141068736,1,9,0,18,19,8,4,0,0,0,0,0,0,0,2,1,5,6,2,20,4,1198,1,4,MINI ONE,9,E01019590,0,-1
2021010295701,2021,010295701,1,9,0,99,99,9,9,99,99,9,9,99,9,99,2,9,2,2,2,67,10,1598,1,10,MINI ONE,2,E01001550,0,-1
2021471053581,2021,471053581,1,9,0,18,19,3,7,0,0,0,0,0,0,0,4,1,6,6,1,66,10,1390,1,18,RENAULT MEGANE,5,E01031585,0,-1
2021201110554,2021,201110554,2,9,0,18,19,5,1,0,0,0,0,0,0,0,2,1,6,6,2,26,6,1461,2,4,RENAULT MEGANE,8,E01032100,0,-1
2021320046231,2021,320046231,2,9,0,5,5,5,1,0,0,0,0,0,0,0,2,1,2,2,2,41,7,1461,2,3,RENAULT MEGANE,10,E01028315,0,-1
2021161109822,2021,161109822,2,9,0,18,19,8,4,0,0,0,0,0,0,0,2,1,6,6,2,42,7,1598,2,9,RENAULT MEGANE,3,E01013319,0,-1
2021501036704,2021,501036704,3,9,0,3,3,8,4,0,0,0,0,0,0,0,2,1,2,2,1,31,6,1461,2,10,RENAULT MEGANE,4,E01021651,0,-1
202131C110421,2021,31C110421,1,9,0,18,19,5,1,0,0,0,0,0,0,0,1,1,3,7,2,17,4,1461,2,13,RENAULT MEGANE,1,E01013867,0,-1
2021991092336,2021,991092336,1,9,0,18,19,8,4,0,0,0,0,0,0,0,1,1,1,1,1,30,6,1198,1,3,RENAULT MEGANE,6,E01010233,0,-1
2021302101096,2021,302101096,2,9,0,17,19,2,6,0,0,3,0,0,0,0,1,1,6,6,3,-1,-1,1598,1,13,RENAULT MEGANE,5,E01019456,0,-1
202134WNC2081,2021,34WNC2081,1,9,0,18,19,1,5,0,0,0,0,7,2,7,1,1,2,2,1,52,8,1461,2,13,RENAULT MEGANE,2,E01010073,0,-1
2021052101158,2021,052101158,2,9,0,18,19,5,1,0,0,1,0,0,0,0,1,1,6,6,2,37,7,1598,1,12,RENAULT MEGANE,-1,-1,0,-1
2021461014986,2021,461014986,2,9,0,18,19,0,0,0,0,4,0,0,0,0,3,1,6,6,2,53,8,1598,2,8,RENAULT MEGANE,8,E01024158,0,-1
2021201085128,2021,201085128,1,9,0,3,3,6,1,0,0,1,0,0,0,0,0,1,2,2,2,36,7,1598,1,11,RENAULT MEGANE,2,E01010449,0,-1
2021010344694,2021,010344694,2,9,0,99,99,9,9,99,99,0,9,99,9,99,2,9,6,6,3,-1,-1,1598,1,14,RENAULT MEGANE,-1,-1,0,-1
2021531107372,2021,531107372,1,9,0,16,19,1,5,0,0,2,0,0,0,0,1,1,5,6,1,34,6,1995,2,14,RENAULT MEGANE,6,E01022236,0,-1
2021361052140,2021,361052140,3,9,0,3,3,5,1,0,0,0,0,0,0,0,2,1,5,6,2,59,9,1461,2,7,RENAULT MEGANE,5,E01017412,0,-1
2021471108560,2021,471108560,1,9,0,11,11,7,3,0,0,0,0,0,0,0,1,1,5,6,2,51,8,1461,2,6,RENAULT MEGANE,6,E01031363,0,-1
2021010342458,2021,010342458,1,5,0,18,19,3,7,0,0,0,0,11,0,0,3,1,6,6,1,23,5,689,1,3,YAMAHA TRACER,3,E01033594,0,-1
2021430543486,2021,430543486,2,9,0,18,19,7,3,0,0,8,0,0,0,0,1,1,2,2,1,31,6,2998,1,1,BMW 8 SERIES,9,E01017693,0,-1
2021010342938,2021,010342938,1,3,0,99,99,9,9,99,99,9,9,99,9,99,9,1,6,6,1,23,5,125,1,3,HONDA NSS,1,E01033456,0,-1
2021010297916,2021,010297916,1,3,0,15,15,1,5,2,2,1,0,0,0,0,3,1,2,2,1,32,6,125,1,2,HONDA NSS,3,E01001327,0,-1
2021052100325,2021,052100325,1,9,0,18,19,6,2,0,0,0,0,0,1,11,3,1,6,6,1,25,5,1248,1,3,HYUNDAI I20,3,E01033760,0,-1
2021547181121,2021,547181121,2,9,0,4,4,3,7,0,0,1,0,0,0,0,2,1,6,6,1,-1,-1,1248,1,11,HYUNDAI I20,7,E01031447,0,-1
2021320756465,2021,320756465,2,9,0,18,19,4,8,0,0,8,0,0,0,0,3,1,6,6,2,50,8,1248,1,11,HYUNDAI I20,1,E01026092,0,-1
2021201111353,2021,201111353,2,9,0,3,3,2,6,0,0,8,0,0,0,0,4,1,6,6,2,23,5,998,1,3,HYUNDAI I20,-1,-1,0,-1
2021131043302,2021,131043302,2,11,0,18,19,3,7,0,0,1,0,0,7,0,0,1,1,1,1,28,6,6700,2,5,OPTARE VERSA,1,E01010680,0,-1
2021471050546,2021,471050546,2,19,0,18,19,3,7,0,0,1,0,0,0,0,1,1,5,6,1,45,7,1598,2,6,VAUXHALL VIVARO,4,E01031469,0,-1
2021141021359,2021,141021359,1,19,0,18,19,8,4,0,0,2,0,0,0,0,1,1,1,1,1,52,8,1995,2,9,VAUXHALL VIVARO,1,E01007333,0,-1
2021201049177,2021,201049177,1,98,0,9,9,3,8,0,0,6,0,0,0,0,3,1,1,1,1,55,8,1499,2,1,-1,2,E01010074,0,-1
2021371129100,2021,371129100,1,19,0,18,19,7,3,0,0,0,0,0,1,0,1,1,5,6,1,39,7,1499,2,0,VAUXHALL VIVARO,6,E01023789,0,-1
2021010293447,2021,010293447,1,19,0,18,19,7,3,0,0,0,0,0,0,0,2,1,1,1,1,41,7,2000,2,13,VAUXHALL VIVARO,4,E01002611,0,-1
2021451096144,2021,451096144,2,19,0,18,19,4,8,0,0,0,0,0,0,0,1,1,1,1,1,25,5,1598,2,4,VAUXHALL VIVARO,6,E01009847,0,-1
2021421022280,2021,421022280,1,19,0,18,19,7,3,0,0,0,0,0,0,0,2,1,1,1,1,50,8,1499,2,1,VAUXHALL VIVARO,8,E01015833,0,-1
2021131059006,2021,131059006,1,19,0,13,13,1,5,0,0,1,0,0,0,0,4,1,6,6,3,-1,-1,1598,2,6,VAUXHALL VIVARO,-1,-1,0,-1
2021010332332,2021,010332332,2,19,0,99,99,9,9,99,99,9,9,99,9,99,9,9,6,6,3,-1,-1,1995,2,9,VAUXHALL VIVARO,9,E01004558,0,-1
2021221058286,2021,221058286,1,19,0,18,19,6,2,0,0,0,0,0,0,0,1,1,1,1,1,26,6,1870,2,19,VAUXHALL VIVARO,6,E01032395,0,-1
2021440252115,2021,440252115,1,19,0,18,19,4,8,0,0,8,0,0,0,0,1,1,6,6,2,33,6,1997,2,1,VAUXHALL VIVARO,4,E01022681,0,-1
2021531056676,2021,531056676,4,19,0,18,19,1,5,0,0,0,0,0,0,0,2,1,2,2,1,56,9,1598,2,2,VAUXHALL VIVARO,6,E01022348,0,-1
2021010305954,2021,010305954,1,19,0,18,19,5,1,0,0,0,0,0,0,0,4,1,1,1,1,53,8,1598,2,4,VAUXHALL VIVARO,6,E01016076,0,-1
2021061025267,2021,061025267,1,19,0,3,3,2,6,0,0,0,0,0,0,0,3,1,6,6,1,30,6,1499,2,1,VAUXHALL VIVARO,9,E01019749,0,-1
202134NNC1961,2021,34NNC1961,1,19,0,18,19,4,8,0,0,3,0,0,0,0,1,1,6,6,1,38,7,1870,2,18,VAUXHALL VIVARO,9,E01027053,0,-1
2021361052140,2021,361052140,2,19,0,3,3,5,1,0,0,0,0,0,0,0,2,1,1,1,1,66,10,1598,2,5,VAUXHALL VIVARO,6,E01026553,0,-1
2021430119441,2021,430119441,3,19,0,3,3,3,7,0,0,0,0,4,0,0,2,1,1,1,1,33,6,1995,2,9,VAUXHALL VIVARO,7,E01023398,0,-1
2021471059629,2021,471059629,2,19,0,18,19,7,3,0,0,0,0,0,0,0,1,1,2,2,1,63,9,1598,2,5,VAUXHALL VIVARO,2,E01020925,0,-1
2021010309508,2021,010309508,2,19,3,99,99,9,9,99,99,9,9,99,9,99,2,9,6,6,1,40,7,1997,2,1,VAUXHALL VIVARO,5,E01003664,0,-1
2021430213016,2021,430213016,1,19,0,4,4,6,2,0,0,7,0,0,0,0,0,1,1,1,1,30,6,1598,2,4,VAUXHALL VIVARO,6,E01016574,0,-1
2021010297029,2021,010297029,2,9,0,99,99,9,9,99,99,9,9,99,9,99,1,9,6,6,3,31,6,1598,2,8,ALFA ROMEO GIULIETTA,5,E01000284,0,-1
2021371025329,2021,371025329,1,9,0,3,3,7,3,0,0,1,0,0,0,0,1,1,6,6,2,36,7,1368,1,1,ALFA ROMEO GIULIETTA,1,E01033131,0,-1
2021221091303,2021,221091303,1,9,0,18,19,4,8,0,0,0,0,0,0,0,1,1,6,6,1,20,4,1368,1,11,ALFA ROMEO GIULIETTA,2,E01010036,0,-1
2021552100322,2021,552100322,1,5,0,18,19,7,3,0,0,8,0,0,0,0,1,1,6,6,1,62,9,1043,1,5,KAWASAKI ZX,2,E01015277,0,-1
2021991025209,2021,991025209,1,5,0,18,19,2,6,0,0,8,0,0,0,0,2,1,6,6,1,27,6,998,1,13,KAWASAKI ZX,4,-1,0,-1
2021311111651,2021,311111651,2,5,0,14,14,3,7,0,0,0,0,0,0,0,4,1,5,6,1,55,8,998,1,14,KAWASAKI ZX,3,E01028153,0,-1
2021010289664,2021,010289664,1,5,0,18,19,5,1,0,0,8,0,0,0,0,3,1,1,1,1,62,9,1043,1,4,KAWASAKI ZX,2,E01000600,0,-1
2021440013503,2021,440013503,1,9,0,6,6,8,8,0,0,0,0,0,0,0,1,1,2,2,1,39,7,2199,2,6,KIA SORENTO,7,E01023164,0,-1
2021010291558,2021,010291558,1,9,0,18,19,1,5,0,0,8,0,0,0,0,2,1,6,6,2,31,6,-1,3,1,RENAULT ZOE,3,E01002235,0,-1
2021440421840,2021,440421840,1,9,0,18,19,3,7,0,0,0,0,2,5,6,4,1,6,6,1,66,10,999,1,5,-1,-1,-1,0,-1
2021070584588,2021,070584588,1,9,0,5,5,3,7,0,0,1,0,0,0,0,2,1,6,6,3,-1,-1,1598,1,6,VAUXHALL MOKKA,-1,-1,0,-1
2021991016585,2021,991016585,2,9,0,17,19,8,4,0,0,1,0,0,0,0,1,1,1,1,2,43,7,1364,1,4,VAUXHALL MOKKA,1,-1,0,-1
2021451025794,2021,451025794,2,9,0,18,19,3,7,0,0,0,0,0,0,0,1,1,5,6,1,44,7,1364,1,3,VAUXHALL MOKKA,5,E01031611,0,-1
2021401102970,2021,401102970,1,9,0,-1,-1,1,1,0,0,0,-1,0,-1,0,-1,1,5,6,2,43,7,1364,1,4,VAUXHALL MOKKA,10,E01017407,0,-1
2021138112445,2021,138112445,2,9,0,18,19,8,4,0,0,8,0,0,0,0,1,1,6,6,1,37,7,1364,1,3,VAUXHALL MOKKA,1,E01011338,0,-1
2021622100912,2021,622100912,1,9,0,4,4,8,4,0,0,0,0,0,0,0,1,1,6,6,2,49,8,1364,1,3,VAUXHALL MOKKA,4,W01001248,0,-1
2021070548094,2021,070548094,4,9,0,4,4,7,3,0,0,0,0,0,0,0,1,1,6,6,1,38,7,1364,1,5,VAUXHALL MOKKA,-1,-1,0,-1
2021531096131,2021,531096131,2,9,0,18,19,3,7,0,0,0,0,0,0,0,1,1,5,6,2,27,6,1364,1,9,VAUXHALL MOKKA,1,E01022333,0,-1
2021991049451,2021,991049451,1,9,0,11,11,3,7,0,0,0,0,0,0,0,0,1,6,6,3,28,6,1598,1,7,VAUXHALL MOKKA,2,-1,0,-1
2021440496783,2021,440496783,3,9,0,4,4,3,7,0,0,0,0,0,0,0,1,1,6,6,2,73,10,1364,1,6,VAUXHALL MOKKA,7,E01023057,0,-1
2021221118281,2021,221118281,1,9,0,17,19,7,5,0,0,0,1,11,0,0,1,1,2,2,2,64,9,1598,2,3,VAUXHALL MOKKA,7,E01028951,0,-1
2021501094521,2021,501094521,1,9,0,2,2,1,5,6,6,2,0,0,0,0,0,1,5,6,2,83,11,1364,1,3,VAUXHALL MOKKA,5,E01019954,0,-1
2021101066506,2021,101066506,2,9,0,3,3,6,2,0,0,1,0,0,0,0,2,1,6,6,2,42,7,1598,1,6,VAUXHALL MOKKA,5,E01008535,0,-1
2021201147327,2021,201147327,2,9,0,3,3,-1,-1,0,0,0,0,0,0,0,2,1,1,1,2,-1,-1,1598,1,5,VAUXHALL MOKKA,7,E01009975,0,-1
2021201034724,2021,201034724,1,8,0,7,7,1,2,0,0,1,0,2,1,1,4,1,1,1,1,40,7,1598,2,5,VOLKSWAGEN TOURAN,3,E01033564,0,-1
2021552100525,2021,552100525,2,9,0,18,19,3,7,0,0,8,0,0,0,0,3,1,3,7,2,44,7,1896,2,14,VOLKSWAGEN TOURAN,7,E01020540,0,-1
2021070241468,2021,070241468,1,9,0,5,5,3,7,0,0,0,0,2,0,0,1,1,6,6,2,33,6,1896,2,14,VOLKSWAGEN TOURAN,1,E01018519,0,-1
2021010302856,2021,010302856,1,9,0,1,1,1,5,0,0,8,0,0,0,0,2,1,3,7,1,55,8,1896,2,16,VOLKSWAGEN TOURAN,5,E01002234,0,-1
2021010296032,2021,010296032,1,9,0,7,7,7,2,0,0,5,0,0,0,0,0,1,6,6,3,-1,-1,1968,2,8,VOLKSWAGEN TOURAN,-1,-1,0,-1
2021010349070,2021,010349070,1,9,0,9,9,3,1,0,0,6,0,0,0,0,4,1,6,6,1,51,8,1968,2,5,VOLKSWAGEN TOURAN,-1,-1,0,-1
2021201080951,2021,201080951,2,9,0,3,3,8,4,0,0,0,0,0,0,0,2,1,6,6,2,58,9,1984,1,2,AUDI TTS,10,E01029513,0,-1
2021221091514,2021,221091514,1,9,0,16,19,8,4,0,0,0,1,0,7,1,1,1,5,6,1,21,5,1984,1,10,AUDI TTS,2,E01029007,0,-1
2021552100809,2021,552100809,1,9,4,14,14,2,6,0,0,0,0,0,0,0,3,1,2,2,2,36,7,2987,2,7,JEEP GRAND CHEROKEE,6,E01020529,0,-1
2021371034085,2021,371034085,3,9,0,4,4,6,2,0,0,0,0,0,0,0,2,1,6,6,1,31,6,1582,2,5,KIA CEED,-1,-1,0,-1
2021211053506,2021,211053506,1,9,0,4,4,5,4,0,0,0,0,0,0,0,2,1,6,6,1,61,9,1582,2,13,KIA CEED,4,E01028882,0,-1
2021548084621,2021,548084621,1,5,0,18,19,1,5,0,0,1,0,0,0,0,1,1,6,6,1,25,5,999,1,2,-1,7,E01032699,0,-1
2021052101803,2021,052101803,1,11,0,18,19,2,6,0,0,0,0,0,0,0,4,1,1,1,1,59,9,6696,2,7,ALEXANDER DENNIS Model Missing,4,E01006537,0,-1
2021411052912,2021,411052912,2,9,0,6,6,5,3,0,0,0,0,0,0,0,3,1,6,6,2,42,7,1984,1,1,AUDI Q5,4,E01002440,0,-1
2021401038040,2021,401038040,2,9,0,3,3,3,7,0,0,0,0,0,0,0,2,1,6,6,2,36,7,1968,2,11,AUDI Q5,9,E01017372,0,-1
2021101072205,2021,101072205,1,9,0,18,19,5,1,0,0,0,0,0,0,0,1,1,5,6,1,26,6,1968,2,10,AUDI Q5,6,E01008768,0,-1
2021411075088,2021,411075088,2,9,0,18,19,2,1,0,0,1,0,0,0,0,3,1,6,6,3,-1,-1,2967,2,10,AUDI Q5,-1,-1,0,-1
2021221088373,2021,221088373,2,9,0,18,19,5,1,0,0,8,0,0,0,0,1,1,5,6,1,39,7,2967,2,8,AUDI Q5,7,E01028830,0,-1
2021991101876,2021,991101876,1,9,0,18,19,1,5,0,0,8,0,0,0,0,1,1,6,6,3,35,6,898,1,1,DACIA LOGAN,1,-1,0,-1
2021548119421,2021,548119421,1,17,0,2,2,7,7,0,0,1,0,2,0,0,1,1,1,1,1,53,8,3990,2,16,JCB MODEL MISSING,-1,-1,0,-1
2021411117089,2021,411117089,1,9,0,6,6,4,4,0,0,0,0,0,0,0,1,1,2,2,1,39,7,1685,2,4,KIA SPORTAGE,6,E01023874,0,-1
2021991049451,2021,991049451,3,9,0,18,19,3,7,0,0,0,0,0,0,0,2,1,5,6,1,49,8,1685,2,6,KIA SPORTAGE,2,-1,0,-1
202163C017521,2021,63C017521,2,9,0,4,4,2,6,0,0,0,0,0,0,0,2,1,6,6,1,69,10,1591,1,3,KIA SPORTAGE,3,W01000608,0,-1
2021451096144,2021,451096144,1,9,0,4,4,5,1,0,0,0,0,0,0,0,2,1,5,6,1,41,7,1591,1,2,KIA SPORTAGE,3,E01002612,0,-1
2021421022280,2021,421022280,4,9,0,18,19,7,3,0,0,0,0,0,0,0,1,1,6,6,2,60,9,1591,1,1,KIA SPORTAGE,2,E01002368,0,-1
2021221109183,2021,221109183,3,9,0,3,3,4,8,0,0,0,0,0,0,0,2,1,5,6,2,35,6,1685,2,5,KIA SPORTAGE,6,E01014173,0,-1
2021010332253,2021,010332253,1,9,0,18,19,5,1,0,0,0,0,8,0,0,1,1,6,6,3,-1,-1,1591,1,4,KIA SPORTAGE,-1,-1,0,-1
2021041013097,2021,041013097,2,9,0,18,19,3,7,0,0,0,0,0,0,0,2,1,5,6,1,79,11,1685,2,4,KIA SPORTAGE,6,E01024915,0,-1
2021351074267,2021,351074267,1,9,0,18,19,2,6,0,0,2,0,0,0,0,4,1,5,6,2,31,6,1685,2,9,KIA SPORTAGE,8,E01017989,0,-1
2021371145072,2021,371145072,2,9,0,3,3,6,2,0,0,0,0,0,0,0,2,1,5,6,2,32,6,1991,2,14,KIA SPORTAGE,3,E01021639,0,-1
2021161027334,2021,161027334,1,9,0,9,9,6,2,0,0,6,0,0,0,0,3,1,2,2,2,41,7,1598,2,2,KIA SPORTAGE,10,E01012919,0,-1
2021070482714,2021,070482714,2,9,0,3,3,7,3,0,0,0,0,2,0,0,2,1,6,6,2,32,6,1685,2,9,KIA SPORTAGE,3,E01018435,0,-1
2021991045652,2021,991045652,2,9,0,3,3,4,8,0,0,1,0,0,0,0,2,1,6,6,2,43,7,1999,2,4,LAND ROVER RANGE ROVER EVOQUE,7,-1,0,-1
2021010341581,2021,010341581,2,9,0,3,3,3,7,0,0,1,0,0,0,0,0,1,2,2,2,28,6,1498,8,0,LAND ROVER RANGE ROVER EVOQUE,3,E01001373,0,-1
2021421021217,2021,421021217,1,9,0,18,19,4,8,0,0,0,0,0,0,0,1,1,6,6,1,33,6,1999,2,6,LAND ROVER RANGE ROVER EVOQUE,7,E01021463,0,-1
2021991102780,2021,991102780,2,9,0,4,4,6,2,0,0,3,0,0,0,0,1,1,5,6,1,31,6,1999,2,2,LAND ROVER RANGE ROVER EVOQUE,10,-1,0,-1
2021231035865,2021,231035865,2,9,0,13,13,7,3,0,0,0,0,0,0,0,4,1,2,2,1,52,8,2179,2,7,LAND ROVER RANGE ROVER EVOQUE,9,E01025425,0,-1
2021010319501,2021,010319501,1,9,0,18,19,5,1,0,0,1,0,0,0,0,1,1,6,6,3,-1,-1,1999,2,5,LAND ROVER RANGE ROVER EVOQUE,-1,-1,0,-1
2021201063689,2021,201063689,1,9,0,18,19,2,6,0,0,6,0,0,0,0,1,1,6,6,2,45,7,2179,2,10,LAND ROVER RANGE ROVER EVOQUE,5,E01009245,0,-1
2021351131971,2021,351131971,2,19,0,18,19,5,1,0,0,0,0,0,0,0,1,1,1,1,1,32,6,2143,2,6,MERCEDES SPRINTER,1,E01009094,0,-1
2021501036704,2021,501036704,1,19,0,18,19,8,4,0,0,0,0,0,0,0,1,1,1,1,1,24,5,2143,2,3,MERCEDES SPRINTER,7,E01020071,0,-1
2021010348680,2021,010348680,1,19,0,1,1,3,7,0,0,1,0,0,0,0,2,1,1,1,1,20,4,2143,2,2,MERCEDES SPRINTER,5,E01013287,0,-1
2021070507401,2021,070507401,1,19,0,18,19,3,7,0,0,0,0,2,0,0,1,1,1,1,1,38,7,2143,2,4,MERCEDES SPRINTER,9,E01033194,0,-1
2021351052847,2021,351052847,2,19,0,3,3,7,3,0,0,0,5,0,0,0,2,1,1,1,1,60,9,2143,2,7,MERCEDES SPRINTER,9,E01017549,0,-1
2021201149162,2021,201149162,2,19,0,5,5,4,8,0,0,1,0,0,0,0,2,1,1,1,1,-1,-1,2143,2,4,MERCEDES SPRINTER,4,E01010015,0,-1
2021101084416,2021,101084416,1,19,-1,3,3,1,5,0,0,0,0,0,0,0,3,1,6,6,1,-1,-1,2143,2,8,MERCEDES SPRINTER,-1,-1,0,-1
2021451056193,2021,451056193,2,19,0,18,19,1,5,0,0,4,5,0,0,0,2,1,6,6,3,45,7,2143,2,3,MERCEDES SPRINTER,6,E01030714,0,-1
2021430119441,2021,430119441,1,19,0,18,19,3,7,0,0,0,0,4,0,0,1,1,1,1,1,35,6,2143,2,5,MERCEDES SPRINTER,10,E01017703,0,-1
2021531074553,2021,531074553,2,19,0,18,19,8,4,0,0,0,0,0,0,0,2,1,1,1,1,25,5,1950,2,0,MERCEDES SPRINTER,5,E01032133,0,-1
2021991061063,2021,991061063,1,19,0,18,19,4,8,0,0,0,0,0,0,0,0,1,1,1,1,23,5,2143,2,5,MERCEDES SPRINTER,1,-1,0,-1
2021430220998,2021,430220998,2,19,0,18,19,8,4,0,0,0,0,0,0,0,1,1,2,2,1,52,8,1950,2,1,MERCEDES SPRINTER,4,W01001050,0,-1
2021430192257,2021,430192257,2,10,0,4,4,2,6,0,0,1,0,0,0,0,2,1,1,1,1,61,9,2143,2,11,MERCEDES SPRINTER,10,E01017771,0,-1
2021010334886,2021,010334886,1,20,0,6,6,3,3,0,0,0,0,0,0,0,4,1,1,1,1,39,7,2143,2,2,MERCEDES SPRINTER,6,E01002659,0,-1
2021101101485,2021,101101485,3,90,0,18,19,5,1,0,0,0,0,0,0,0,0,1,1,1,1,44,7,2987,2,7,MERCEDES SPRINTER,1,E01008400,0,-1
2021010333064,2021,010333064,1,19,0,9,9,7,5,0,0,8,0,0,0,0,1,1,1,1,1,53,8,2143,2,8,MERCEDES SPRINTER,3,E01004006,0,-1
2021010322371,2021,010322371,2,19,0,5,5,0,5,0,0,1,0,0,0,0,0,1,1,1,3,20,4,1950,2,0,MERCEDES SPRINTER,3,E01003917,0,-1
2021481122343,2021,481122343,1,19,0,18,19,5,7,0,0,2,0,0,0,0,1,1,1,1,1,50,8,2143,2,2,MERCEDES SPRINTER,8,E01004506,0,-1
2021201099628,2021,201099628,2,19,0,18,19,6,2,0,0,4,0,10,1,2,4,1,1,1,1,-1,-1,2143,2,4,MERCEDES SPRINTER,-1,-1,0,-1
202163A005721,2021,63A005721,1,19,0,3,3,2,6,0,0,0,0,0,0,0,2,1,1,1,1,35,6,2143,2,4,MERCEDES SPRINTER,1,W01000830,0,-1
2021010345515,2021,010345515,1,19,0,12,12,7,3,0,0,1,0,0,0,0,1,1,2,2,1,41,7,2143,2,2,MERCEDES SPRINTER,4,E01000408,0,-1
202134WNC2441,2021,34WNC2441,1,19,0,11,11,1,5,0,0,0,0,0,0,0,1,1,1,1,1,53,8,2143,2,5,MERCEDES SPRINTER,3,E01016490,0,-1
2021231030937,2021,231030937,1,19,0,4,4,1,5,0,0,0,0,0,0,0,1,1,5,6,1,29,6,2143,2,11,MERCEDES SPRINTER,1,E01009612,0,-1
2021531074553,2021,531074553,3,19,0,18,19,8,4,0,0,0,0,0,0,0,2,1,1,1,1,43,7,1950,2,0,MERCEDES SPRINTER,1,E01014688,0,-1
2021471069167,2021,471069167,1,19,0,16,19,2,6,0,0,2,0,0,0,0,1,1,1,1,1,44,7,2143,2,1,MERCEDES SPRINTER,2,E01024019,0,-1
2021231047308,2021,231047308,2,19,0,18,19,6,2,0,0,0,1,0,0,0,1,1,1,1,1,30,6,2143,2,2,MERCEDES SPRINTER,2,E01027106,0,-1
2021010293408,2021,010293408,1,19,0,1,1,1,5,0,0,6,0,0,0,0,2,1,6,6,3,-1,-1,2143,2,4,MERCEDES SPRINTER,-1,-1,0,-1
2021221059083,2021,221059083,2,19,0,3,3,7,3,0,0,0,0,0,0,0,1,1,1,1,1,47,8,2143,2,1,MERCEDES SPRINTER,6,E01009217,0,-1
2021461066754,2021,461066754,1,19,0,1,1,7,0,0,0,0,0,0,0,0,2,1,6,6,1,41,7,2143,2,2,MERCEDES SPRINTER,4,E01015972,0,-1
2021461111836,2021,461111836,2,19,0,5,5,1,5,0,0,0,0,0,0,0,3,1,6,6,2,54,8,2143,2,0,MERCEDES SPRINTER,3,E01024567,0,-1
2021552100918,2021,552100918,4,2,0,18,19,5,1,0,0,0,1,0,0,0,1,1,6,6,1,16,4,50,1,1,-1,4,E01020394,0,-1
2021070445985,2021,070445985,2,9,0,18,19,3,7,0,0,1,0,0,0,0,4,1,6,6,2,32,6,1364,1,13,VAUXHALL MERIVA,2,E01018564,0,-1
2021451060580,2021,451060580,2,9,0,2,2,0,0,0,0,0,0,0,0,0,0,1,6,6,2,31,6,1398,1,5,VAUXHALL MERIVA,6,E01021419,0,-1
2021461053333,2021,461053333,2,9,0,3,3,3,7,0,0,0,0,0,0,0,2,1,6,6,2,27,6,1598,1,11,VAUXHALL MERIVA,5,E01024228,0,-1
2021010318108,2021,010318108,2,9,0,99,99,9,9,99,99,9,9,99,9,99,9,9,6,6,3,-1,-1,1598,1,13,VAUXHALL MERIVA,1,E01002790,0,-1
2021131114253,2021,131114253,4,9,0,4,4,7,3,0,0,0,0,0,0,0,1,1,5,6,2,30,6,1398,1,5,VAUXHALL MERIVA,4,E01011153,0,-1
2021122101144,2021,122101144,1,5,0,4,4,7,3,0,0,0,1,0,0,0,0,1,6,6,1,59,9,998,1,6,HONDA CB,10,E01027717,0,-1
202131C147221,2021,31C147221,1,5,0,18,19,2,6,0,0,8,0,0,0,0,3,1,6,6,1,29,6,649,1,3,HONDA CB,3,E01013926,0,-1
202131A069521,2021,31A069521,1,5,0,14,14,2,6,0,0,0,0,0,0,0,1,1,1,1,1,56,9,599,1,20,HONDA CB,5,E01028242,0,-1
2021010325366,2021,010325366,1,3,0,14,14,5,1,0,0,8,1,0,0,0,1,1,2,2,1,43,7,471,1,8,HONDA CB,2,E01000017,0,-1
2021461065534,2021,461065534,1,5,0,16,19,5,1,0,0,0,1,0,0,0,0,1,2,2,1,50,8,599,1,18,HONDA CB,7,E01024572,0,-1
2021545646021,2021,545646021,2,5,0,5,5,1,7,0,0,1,0,0,0,0,1,1,6,6,2,50,8,599,1,10,HONDA CB,8,E01015549,0,-1
2021421028343,2021,421028343,2,3,0,18,19,1,5,0,0,0,0,0,0,0,2,1,6,6,2,25,5,125,1,5,HONDA WW125EX2,1,E01001978,0,-1
2021302100966,2021,302100966,2,9,0,4,4,8,4,0,0,1,0,0,0,0,2,1,6,6,1,61,9,2987,2,14,MERCEDES CLS CLASS,3,E01013454,0,-1
2021010311697,2021,010311697,2,9,0,3,3,3,7,0,0,7,0,0,0,0,2,1,6,6,2,37,7,2143,2,7,MERCEDES CLS CLASS,8,E01016568,0,-1
2021131044836,2021,131044836,2,9,0,9,9,3,7,0,0,1,0,0,0,0,1,1,5,6,1,72,10,1598,2,8,MINI PACEMAN,2,E01011809,0,-1
2021610060921,2021,610060921,1,9,0,15,15,6,2,0,0,0,0,2,0,0,4,1,6,6,1,37,7,1990,1,17,MITSUBISHI LANCER,9,W01001294,0,-1
2021010304927,2021,010304927,3,3,0,18,19,5,1,0,0,2,0,0,1,0,2,1,6,6,2,26,6,113,1,6,SUZUKI UK 110,4,E01001087,0,-1
2021010312717,2021,010312717,1,23,0,14,14,5,1,0,0,0,0,0,0,0,0,1,6,6,1,24,5,-1,3,0,VMOTO CPA,7,E01023531,0,-1
2021010296851,2021,010296851,1,4,0,13,13,5,1,0,0,0,0,0,0,0,1,1,1,1,1,25,5,-1,3,0,VMOTO CPA,3,E01000511,0,-1
202163C079721,2021,63C079721,1,9,0,18,19,8,4,0,0,0,0,0,0,0,1,1,6,6,2,49,8,1390,1,22,VOLKSWAGEN POLO,7,W01000562,0,-1
2021471024044,2021,471024044,2,9,0,18,19,3,7,0,0,8,0,0,0,0,1,1,5,6,1,22,5,1198,1,14,VOLKSWAGEN POLO,8,E01017010,0,-1
202163D005321,2021,63D005321,1,9,0,4,4,8,4,0,0,0,0,0,0,0,2,1,2,2,1,54,8,1422,2,6,VOLKSWAGEN POLO,3,W01001902,0,-1
2021451088953,2021,451088953,1,9,0,18,19,5,1,0,0,0,2,4,0,0,1,1,5,6,1,25,5,1197,1,7,VOLKSWAGEN POLO,4,E01002970,0,-1
2021471067759,2021,471067759,1,9,0,5,5,7,1,0,0,4,0,0,0,0,2,1,6,6,1,61,9,1198,1,15,VOLKSWAGEN POLO,4,E01031550,0,-1
2021141105276,2021,141105276,3,9,0,3,3,5,1,0,0,0,0,0,0,0,2,1,6,6,2,33,6,999,1,2,VOLKSWAGEN POLO,7,E01007666,0,-1
2021170H10191,2021,170H10191,2,9,0,9,9,3,1,0,0,8,0,0,0,0,1,1,6,6,1,22,5,1199,2,10,VOLKSWAGEN POLO,1,E01012000,0,-1
2021440243509,2021,440243509,1,9,0,18,19,1,5,0,0,1,0,0,0,0,1,1,6,6,1,27,6,1197,1,6,VOLKSWAGEN POLO,5,E01017317,0,-1
2021545835821,2021,545835821,1,9,0,18,19,6,2,0,0,0,0,0,0,0,1,1,6,6,2,22,5,1198,1,19,VOLKSWAGEN POLO,9,E01015473,0,-1
2021131099162,2021,131099162,1,9,0,2,2,5,1,0,0,0,0,0,0,0,2,1,2,2,1,55,8,999,1,2,VOLKSWAGEN POLO,10,E01010693,0,-1
2021531103822,2021,531103822,2,9,0,4,4,-1,-1,0,0,0,1,0,0,0,2,1,2,2,2,28,6,1200,1,16,VOLKSWAGEN POLO,3,E01014502,0,-1
2021401031624,2021,401031624,2,9,0,5,5,2,6,0,0,4,0,0,0,0,2,1,5,6,2,25,5,1390,1,14,VOLKSWAGEN POLO,9,E01033188,0,-1
2021320208188,2021,320208188,1,9,0,18,19,1,5,0,0,0,0,0,0,0,1,1,6,6,1,21,5,1800,1,13,VOLKSWAGEN POLO,5,E01026241,0,-1
2021331080696,2021,331080696,2,9,0,18,19,1,5,0,0,0,0,2,0,0,2,1,6,6,2,22,5,1197,1,5,VOLKSWAGEN POLO,7,E01011941,0,-1
2021471094666,2021,471094666,1,9,0,14,14,5,1,0,0,0,0,7,0,0,3,1,5,6,1,79,11,1197,1,4,VOLKSWAGEN POLO,10,E01031748,0,-1
2021471028975,2021,471028975,1,9,0,10,10,7,5,0,0,0,0,0,0,0,3,1,2,2,1,62,9,1198,1,19,VOLKSWAGEN POLO,10,E01031747,0,-1
2021101037056,2021,101037056,2,9,0,4,4,6,2,0,0,0,0,0,0,0,2,1,2,2,2,24,5,999,1,0,VOLKSWAGEN POLO,8,E01028350,0,-1
2021010337047,2021,010337047,1,9,0,99,99,9,9,99,99,9,9,99,9,99,1,9,6,6,2,27,6,999,1,3,VOLKSWAGEN POLO,6,E01001319,0,-1
2021471111303,2021,471111303,3,9,0,18,19,8,4,0,0,0,0,0,0,0,1,1,2,2,2,31,6,1197,1,6,VOLKSWAGEN POLO,8,E01021174,0,-1
2021351052847,2021,351052847,3,9,0,3,3,7,3,0,0,0,0,0,0,0,2,1,6,6,2,23,5,999,1,2,VOLKSWAGEN POLO,6,E01017951,0,-1
2021440136138,2021,440136138,2,9,0,4,4,4,8,0,0,0,0,0,0,0,0,1,6,6,1,18,4,1198,1,11,VOLKSWAGEN POLO,8,E01017196,0,-1
2021061069737,2021,061069737,3,9,0,3,3,1,5,0,0,0,0,0,0,0,2,1,6,6,2,21,5,1400,1,16,VOLKSWAGEN POLO,9,E01025451,0,-1
2021070718725,2021,070718725,1,9,0,5,5,6,3,0,0,1,0,2,0,0,4,1,6,6,1,42,7,999,1,2,VOLKSWAGEN POLO,9,E01018374,0,-1
2021552100233,2021,552100233,2,9,0,4,4,5,1,0,0,0,0,0,0,0,2,1,6,6,1,22,5,1198,1,16,VOLKSWAGEN POLO,10,E01015399,0,-1
2021440366420,2021,440366420,2,9,0,9,9,5,3,0,0,8,0,0,0,0,4,1,6,6,2,82,11,1400,1,14,VOLKSWAGEN POLO,5,E01031614,0,-1
202131P045021,2021,31P045021,1,9,0,4,4,5,1,0,0,0,0,0,0,0,2,1,2,2,1,22,5,1798,1,5,VOLKSWAGEN POLO,3,E01013930,0,-1
2021421111504,2021,421111504,2,9,0,2,2,0,0,0,0,0,0,0,0,0,2,1,5,6,2,67,10,1198,1,14,VOLKSWAGEN POLO,7,E01021408,0,-1
2021141018046,2021,141018046,1,9,0,18,19,1,5,0,0,0,0,0,0,0,2,1,2,2,1,23,5,1595,2,11,VOLKSWAGEN POLO,4,E01002065,0,-1
2021061096679,2021,061096679,1,9,0,9,9,6,2,0,0,1,0,0,0,0,0,1,6,6,1,31,6,999,1,7,VOLKSWAGEN POLO,3,E01033663,0,-1
2021991081813,2021,991081813,2,9,0,18,19,4,8,0,0,1,0,0,0,0,1,1,5,6,1,18,4,1197,1,5,VOLKSWAGEN POLO,6,-1,0,-1
2021131051444,2021,131051444,1,19,0,17,19,5,5,0,0,0,1,0,0,0,1,1,1,1,1,52,8,2300,2,18,IVECO Model Missing,2,E01027812,0,-1
2021351035087,2021,351035087,1,9,0,18,19,1,5,0,0,0,0,0,0,0,1,1,6,6,1,70,10,2993,2,6,JAGUAR XF SERIES,10,E01018177,0,-1
2021531058374,2021,531058374,1,9,0,13,13,1,5,0,0,8,0,0,0,0,1,1,5,6,2,58,9,2993,2,12,JAGUAR XF SERIES,6,E01022234,0,-1
202163D095721,2021,63D095721,2,9,0,9,9,8,6,0,0,6,0,0,0,0,1,1,6,6,1,76,11,1999,2,3,JAGUAR XF SERIES,10,E01028972,0,-1
2021451070864,2021,451070864,2,9,0,18,19,3,7,0,0,4,0,0,0,0,1,1,2,2,1,53,8,2993,2,10,JAGUAR XF SERIES,4,E01030745,0,-1
2021302100825,2021,302100825,1,9,0,7,7,8,2,0,0,0,0,0,0,0,1,1,6,6,1,29,6,2179,2,7,JAGUAR XF SERIES,3,E01007966,0,-1
2021101101531,2021,101101531,2,9,0,4,4,3,7,0,0,0,0,0,0,0,2,1,6,6,2,25,5,1200,1,4,PEUGEOT 208,5,E01008490,0,-1
2021501121617,2021,501121617,2,9,0,3,3,1,2,0,0,0,0,0,0,0,2,1,2,2,2,39,7,1398,2,7,PEUGEOT 208,6,E01019016,0,-1
2021231116465,2021,231116465,3,9,0,3,3,6,2,0,0,0,0,0,0,0,2,1,5,6,2,31,6,1560,2,5,PEUGEOT 208,8,E01017718,0,-1
2021201016234,2021,201016234,2,9,0,18,19,8,4,0,0,4,0,0,0,0,1,1,1,1,1,49,8,1200,1,4,PEUGEOT 208,4,E01010499,0,-1
2021440469547,2021,440469547,3,9,0,4,4,6,2,0,0,8,0,2,2,7,1,1,2,2,2,69,10,1200,1,8,PEUGEOT 208,7,E01023032,0,-1
2021201069961,2021,201069961,1,9,0,18,19,4,8,0,0,0,0,2,7,4,1,1,6,6,1,51,8,1200,1,5,PEUGEOT 208,3,E01010050,0,-1
202131A085221,2021,31A085221,2,9,0,6,6,4,4,0,0,0,0,0,0,0,3,1,6,6,1,66,10,1199,1,3,PEUGEOT 208,6,E01028413,0,-1
2021501113583,2021,501113583,1,9,0,2,2,5,1,0,0,0,0,0,0,0,1,1,5,6,2,28,6,1398,2,8,PEUGEOT 208,8,E01015113,0,-1
2021221058286,2021,221058286,2,9,0,3,3,6,2,0,0,0,0,0,0,0,2,1,5,6,1,59,9,1560,2,6,PEUGEOT 208,7,E01032249,0,-1
2021302100378,2021,302100378,2,9,0,14,14,2,6,0,0,0,0,0,0,0,0,1,6,6,3,-1,-1,1798,8,1,TOYOTA C-HR,5,E01019456,0,-1
2021101069702,2021,101069702,2,9,0,18,19,3,7,0,0,0,0,0,0,0,3,1,5,6,1,69,10,1798,8,4,TOYOTA C-HR,4,E01033077,0,-1
2021221051436,2021,221051436,1,9,0,4,4,8,4,0,0,1,0,0,0,0,2,1,5,6,2,50,8,1987,8,0,TOYOTA C-HR,5,E01028828,0,-1
2021440043995,2021,440043995,1,9,0,18,19,3,7,0,0,2,0,2,1,7,4,1,2,2,1,42,7,1798,8,2,TOYOTA C-HR,3,E01022840,0,-1
2021010291213,2021,010291213,1,9,0,18,19,3,7,0,0,0,1,2,0,0,1,1,1,1,2,23,5,1798,8,3,TOYOTA C-HR,7,E01023532,0,-1
2021531054703,2021,531054703,1,8,0,1,1,-1,-1,9,9,0,0,0,0,0,2,1,3,7,1,57,9,1956,2,7,VAUXHALL INSIGNIA,7,E01022300,0,-1
2021010290983,2021,010290983,1,9,0,99,99,9,9,99,99,0,9,99,9,99,2,9,2,2,1,47,8,1956,2,6,VAUXHALL INSIGNIA,2,E01004224,0,-1
2021430170053,2021,430170053,1,9,0,18,19,4,8,0,0,1,0,0,0,0,3,1,3,7,2,35,6,1956,2,6,VAUXHALL INSIGNIA,6,E01016492,0,-1
2021440065344,2021,440065344,1,9,0,4,4,7,4,0,0,0,0,0,0,0,2,1,6,6,2,28,6,1956,2,10,VAUXHALL INSIGNIA,10,E01022687,0,-1
2021111080892,2021,111080892,2,9,0,3,3,1,5,0,0,1,0,0,0,0,2,1,1,1,1,58,9,1956,2,10,VAUXHALL INSIGNIA,9,E01008674,0,-1
2021531056676,2021,531056676,2,9,0,18,19,1,5,0,0,0,0,0,0,0,2,1,1,1,1,39,7,1956,2,7,VAUXHALL INSIGNIA,2,E01022328,0,-1
2021052100095,2021,052100095,1,9,0,1,1,1,5,0,0,1,0,0,0,0,2,1,6,6,1,34,6,1598,2,3,VAUXHALL INSIGNIA,3,E01006568,0,-1
2021141021359,2021,141021359,2,9,0,18,19,6,3,0,0,6,0,0,0,0,4,1,5,6,1,35,6,1956,2,4,VAUXHALL INSIGNIA,1,E01007333,0,-1
202131D172321,2021,31D172321,1,9,0,4,4,8,4,0,0,0,0,0,0,0,2,1,6,6,1,61,9,1598,2,6,VAUXHALL INSIGNIA,8,E01028176,0,-1
2021141068736,2021,141068736,2,9,0,18,19,8,4,0,0,0,0,0,0,0,1,1,1,1,1,29,6,1598,2,5,VAUXHALL INSIGNIA,1,E01033277,0,-1
2021010293696,2021,010293696,3,9,0,18,19,3,7,0,0,0,0,0,0,0,1,1,6,6,1,31,6,1490,1,2,VAUXHALL INSIGNIA,5,E01002515,0,-1
2021461053333,2021,461053333,3,9,0,18,19,7,3,0,0,0,0,0,0,0,1,1,6,6,2,47,8,1956,2,7,VAUXHALL INSIGNIA,2,E01024192,0,-1
2021221100910,2021,221100910,2,9,0,4,4,2,6,0,0,0,0,0,0,0,2,1,5,6,1,45,7,1956,2,7,VAUXHALL INSIGNIA,-1,-1,0,-1
2021522100608,2021,522100608,1,9,0,4,4,8,5,0,0,8,0,0,0,0,1,1,6,6,2,35,6,1968,2,12,VOLKSWAGEN SCIROCCO,5,E01014439,0,-1
2021061050398,2021,061050398,1,9,0,18,19,5,1,0,0,2,0,0,0,0,1,1,5,6,1,23,5,1968,2,11,VOLKSWAGEN SCIROCCO,7,E01011692,0,-1
2021501112568,2021,501112568,2,9,0,18,19,4,8,0,0,0,0,0,0,0,1,1,5,6,1,21,5,1968,2,12,VOLKSWAGEN SCIROCCO,7,E01031978,0,-1
2021010347641,2021,010347641,2,3,0,15,15,8,4,0,0,0,0,0,0,0,4,1,6,6,1,21,5,125,1,5,HONDA WW125,6,E01002968,0,-1
2021010330456,2021,010330456,1,3,0,5,5,0,1,0,0,6,0,11,0,0,2,1,6,6,1,35,6,125,1,1,HONDA WW125,2,E01004720,0,-1
2021010301774,2021,010301774,2,3,0,99,99,9,9,99,99,0,9,99,9,99,1,1,6,6,1,39,7,125,1,1,HONDA WW125,6,E01000576,0,-1
2021411114084,2021,411114084,2,3,0,7,7,5,3,0,0,1,1,0,0,0,4,1,6,6,1,35,6,125,1,1,HONDA WW125,6,E01023855,0,-1
2021010347444,2021,010347444,2,3,0,4,4,5,1,0,0,1,1,0,0,0,2,1,6,6,1,24,5,125,1,7,HONDA WW125,4,E01002642,0,-1
2021010291788,2021,010291788,1,3,0,99,99,9,9,99,99,9,9,99,9,99,9,1,6,6,2,27,6,125,1,9,HONDA WW125,2,E01003181,0,-1
2021461097313,2021,461097313,1,3,0,16,19,1,6,0,0,0,1,0,0,0,4,1,6,6,1,22,5,125,1,7,HONDA WW125,3,E01024169,0,-1
202134WNC4561,2021,34WNC4561,2,3,0,18,19,1,5,0,0,0,0,0,0,0,2,1,6,6,1,24,5,125,1,1,HONDA WW125,7,E01027279,0,-1
2021010322841,2021,010322841,1,3,0,99,99,9,9,99,99,9,9,99,9,99,1,1,1,1,1,29,6,125,1,10,HONDA WW125,4,E01001934,0,-1
2021320246347,2021,320246347,1,9,0,18,19,7,3,0,0,8,0,0,0,0,1,1,6,6,1,48,8,2198,2,15,JAGUAR X TYPE,2,E01026006,0,-1
2021170S40901,2021,170S40901,1,9,0,18,19,8,4,0,0,0,0,0,0,0,1,1,6,6,1,81,11,1998,2,12,JAGUAR X TYPE,10,E01012298,0,-1
2021161051540,2021,161051540,1,9,0,18,19,6,2,0,0,1,0,0,0,0,1,1,6,6,1,34,6,1400,1,15,MAZDA 2,2,E01013195,0,-1
2021010288016,2021,010288016,1,9,0,99,99,9,9,99,99,9,9,99,9,99,9,9,6,6,2,35,6,1349,1,8,MAZDA 2,4,E01003034,0,-1
2021991022047,2021,991022047,2,9,0,3,3,4,8,0,0,0,0,0,0,0,2,1,2,2,1,58,9,1349,1,6,MAZDA 2,3,-1,0,-1
2021101037450,2021,101037450,2,9,0,18,19,5,1,0,0,0,1,0,0,0,3,1,5,6,2,68,10,1349,1,8,MAZDA 2,-1,-1,0,-1
2021991092223,2021,991092223,2,9,0,3,3,6,3,0,0,4,0,0,0,0,2,1,6,6,2,36,7,1349,1,11,MAZDA 2,3,-1,0,-1
2021101101531,2021,101101531,3,9,0,4,4,3,7,0,0,0,0,0,0,0,2,1,5,6,2,72,10,1496,1,4,MAZDA 2,6,E01008559,0,-1
2021430257794,2021,430257794,1,9,0,18,19,4,8,0,0,0,1,0,1,9,4,1,6,6,1,18,4,1349,1,9,MAZDA 2,8,E01016195,0,-1
2021401031624,2021,401031624,1,9,0,4,4,2,6,0,0,4,0,0,0,0,1,1,5,6,2,23,5,1496,1,5,MAZDA 2,10,E01033024,0,-1
2021552101185,2021,552101185,1,9,0,18,19,8,4,0,0,0,0,0,0,0,1,1,2,2,1,18,4,1349,1,13,MAZDA 2,4,E01020438,0,-1
2021161063371,2021,161063371,2,9,0,18,19,3,7,0,0,8,0,0,0,0,1,1,2,2,1,21,5,1498,1,12,MAZDA 2,10,E01012921,0,-1
2021010311819,2021,010311819,1,9,0,99,99,9,9,99,99,9,9,99,9,99,9,9,6,6,1,38,7,1699,1,10,MERCEDES A CLASS,-1,-1,0,-1
2021430126607,2021,430126607,1,9,0,12,12,7,3,0,0,3,0,0,0,0,3,1,3,7,2,43,7,1595,1,3,MERCEDES A CLASS,7,E01016545,0,-1
2021411025469,2021,411025469,1,9,0,18,19,7,3,0,0,1,0,0,0,0,0,1,6,6,1,59,9,1991,2,16,MERCEDES A CLASS,6,E01023518,0,-1
202134WNC2141,2021,34WNC2141,3,9,0,3,3,7,3,0,0,0,0,0,0,0,2,1,6,6,2,40,7,1332,1,3,MERCEDES A CLASS,3,E01027238,0,-1
2021461111219,2021,461111219,1,9,0,5,5,7,3,0,0,0,0,0,0,0,1,1,5,6,1,20,4,1598,1,20,MERCEDES A CLASS,1,E01024308,0,-1
2021421019619,2021,421019619,1,9,0,18,19,6,2,0,0,2,1,0,0,0,3,1,5,6,1,30,6,1461,2,8,MERCEDES A CLASS,5,E01003663,0,-1
2021010323882,2021,010323882,2,9,0,99,99,9,9,99,99,0,9,99,9,99,9,9,6,6,3,-1,-1,2143,2,5,MERCEDES A CLASS,-1,-1,0,-1
2021061097345,2021,061097345,2,9,0,3,3,5,1,0,0,1,0,0,0,0,2,1,5,6,2,33,6,1595,1,3,MERCEDES A CLASS,9,E01005038,0,-1
2021010312732,2021,010312732,1,9,0,18,19,1,5,0,0,8,0,0,0,0,1,1,2,2,2,46,8,1498,1,12,MERCEDES A CLASS,1,E01002758,0,-1
202131D109621,2021,31D109621,2,9,0,3,3,2,6,0,0,0,0,0,0,0,2,1,6,6,2,54,8,1332,8,1,MERCEDES A CLASS,6,E01025912,0,-1
2021010322843,2021,010322843,2,9,0,17,19,3,8,0,0,8,0,0,1,11,2,1,6,6,1,19,4,1461,2,2,MERCEDES A CLASS,5,E01003134,0,-1
2021010333449,2021,010333449,3,9,0,99,99,9,9,99,99,9,9,99,9,99,3,9,6,6,1,41,7,1332,1,1,MERCEDES A CLASS,1,E01002904,0,-1
2021010287884,2021,010287884,1,9,0,18,19,3,7,0,0,1,0,11,0,0,4,1,6,6,1,27,6,1498,1,10,MERCEDES A CLASS,2,E01004535,0,-1
2021010318086,2021,010318086,1,9,0,3,3,1,5,0,0,9,9,0,0,0,2,1,6,6,2,29,6,1595,1,3,MERCEDES A CLASS,2,E01002807,0,-1
2021010303151,2021,010303151,1,9,0,4,4,3,7,0,0,1,0,0,0,0,1,1,2,2,1,51,8,1595,1,6,MERCEDES A CLASS,6,E01000513,0,-1
2021161111777,2021,161111777,1,9,0,18,19,6,2,0,0,0,0,0,0,0,1,1,6,6,1,23,5,1461,2,4,MERCEDES A CLASS,3,E01012817,0,-1
2021421021233,2021,421021233,1,9,0,18,19,8,4,0,0,0,1,0,1,11,1,1,2,2,1,23,5,1332,1,2,MERCEDES A CLASS,7,E01003709,0,-1
2021161032669,2021,161032669,1,9,0,18,19,2,6,0,0,0,0,0,0,0,1,1,5,6,1,21,5,1332,1,2,MERCEDES A CLASS,4,E01012816,0,-1
2021010325401,2021,010325401,3,9,0,3,3,1,5,0,0,2,1,0,0,0,1,1,6,6,2,25,5,1595,1,4,MERCEDES A CLASS,2,E01002033,0,-1
2021547181121,2021,547181121,4,9,0,4,4,3,7,0,0,1,0,0,0,0,2,1,6,6,1,-1,-1,1461,2,4,MERCEDES A CLASS,5,E01009713,0,-1
2021311077790,2021,311077790,2,9,0,3,3,7,3,0,0,0,0,0,0,0,2,1,6,6,1,63,9,1332,1,3,MERCEDES A CLASS,4,E01026105,0,-1
2021201064591,2021,201064591,1,9,0,18,19,8,4,0,0,4,0,0,0,0,1,1,6,6,1,22,5,1461,2,5,MERCEDES A CLASS,3,E01011898,0,-1
2021201080951,2021,201080951,3,9,0,3,3,8,4,0,0,0,0,0,0,0,2,1,6,6,2,37,7,1461,2,3,MERCEDES A CLASS,2,E01002708,0,-1
2021010310500,2021,010310500,1,9,0,1,1,5,1,0,0,1,0,0,0,0,2,1,1,1,1,51,8,1998,8,3,MITSUBISHI OUTLANDER,-1,-1,0,-1
202134WNC2201,2021,34WNC2201,3,9,0,2,2,0,0,0,0,2,0,0,0,0,2,1,6,6,1,-1,-1,1968,2,13,MITSUBISHI OUTLANDER,7,E01027299,0,-1
2021010292292,2021,010292292,1,9,0,99,99,9,9,99,99,9,9,99,9,99,1,9,6,6,1,44,7,1998,8,7,MITSUBISHI OUTLANDER,1,E01004241,0,-1
2021201094921,2021,201094921,3,9,0,18,19,6,2,0,0,0,0,0,0,0,1,1,6,6,1,38,7,1968,2,12,MITSUBISHI OUTLANDER,3,E01010249,0,-1
2021010329778,2021,010329778,1,9,0,99,99,9,9,0,0,0,9,99,9,99,2,9,1,1,1,49,8,2268,2,6,MITSUBISHI OUTLANDER,6,E01002602,0,-1
2021111112314,2021,111112314,1,3,0,18,19,1,5,0,0,0,5,2,0,0,1,1,6,6,1,21,5,125,1,5,-1,2,E01020820,0,-1
2021302100381,2021,302100381,3,9,0,4,4,5,1,0,0,0,0,0,0,0,2,1,6,6,1,29,6,1995,2,13,-1,2,E01013497,0,-1
2021010296680,2021,010296680,1,9,0,4,4,1,5,0,0,2,0,0,0,0,4,1,6,6,1,36,7,988,1,1,HONDA CIVIC,1,E01000508,0,-1
2021547038121,2021,547038121,1,9,0,18,19,1,5,0,0,4,0,0,0,0,1,1,1,1,2,41,7,2204,2,14,HONDA CIVIC,9,E01032703,0,-1
2021010310836,2021,010310836,1,9,0,1,1,7,3,0,0,0,0,0,0,0,2,1,6,6,1,65,9,1798,1,5,HONDA CIVIC,2,E01002606,0,-1
2021440469753,2021,440469753,1,9,0,18,19,6,2,0,0,0,0,0,1,7,1,1,6,6,1,44,7,2204,2,15,HONDA CIVIC,9,E01020417,0,-1
2021070108834,2021,070108834,2,9,0,18,19,3,7,0,0,0,0,2,0,0,2,1,1,1,2,52,8,1339,1,12,HONDA CIVIC,8,E01012485,0,-1
202134WNC2271,2021,34WNC2271,1,9,0,18,19,5,1,0,0,8,1,0,5,6,1,1,6,6,2,-1,-1,1339,1,11,HONDA CIVIC,3,E01027124,0,-1
2021161063371,2021,161063371,1,9,0,5,5,5,7,0,0,6,0,0,0,0,2,1,6,6,1,22,5,1339,1,5,HONDA CIVIC,5,E01012773,0,-1
202131A006321,2021,31A006321,1,9,0,13,13,1,5,0,0,0,1,0,5,0,1,1,2,2,1,25,5,1998,1,16,HONDA CIVIC,1,E01027966,0,-1
2021131041220,2021,131041220,1,9,0,18,19,2,6,0,0,8,0,0,0,0,4,1,2,2,1,31,6,988,1,3,HONDA CIVIC,4,E01010601,0,-1
2021421045097,2021,421045097,1,9,0,2,2,6,3,0,0,0,0,0,0,0,2,1,6,6,3,-1,-1,2204,2,15,HONDA CIVIC,-1,-1,0,-1
2021430210883,2021,430210883,1,9,0,3,3,5,1,0,0,0,0,0,0,0,2,1,6,6,1,25,5,1799,1,13,HONDA CIVIC,9,E01017590,0,-1
2021041110878,2021,041110878,1,9,0,12,12,5,3,0,0,1,0,0,0,0,1,1,5,6,1,68,10,1798,1,5,HONDA CIVIC,9,E01025558,0,-1
2021501121617,2021,501121617,3,9,0,3,3,3,3,0,0,0,0,0,0,0,2,1,2,2,1,36,7,1799,1,11,HONDA CIVIC,4,E01019073,0,-1
2021421022280,2021,421022280,7,9,0,18,19,7,3,0,0,0,0,0,0,0,1,1,6,6,1,69,10,1590,1,17,HONDA CIVIC,2,E01002281,0,-1
2021430119377,2021,430119377,1,9,0,4,4,4,8,0,0,0,0,0,0,0,2,1,6,6,1,22,5,2204,2,16,HONDA CIVIC,2,E01032744,0,-1
2021138241407,2021,138241407,1,9,0,18,19,2,6,0,0,0,0,0,0,0,1,1,6,6,1,39,7,2204,2,12,HONDA CIVIC,3,E01011331,0,-1
2021361050961,2021,361050961,2,9,0,18,19,4,8,0,0,0,0,0,0,0,1,1,5,6,1,21,5,1998,1,18,HONDA CIVIC,9,E01026875,0,-1
2021622100790,2021,622100790,2,9,0,3,3,8,4,0,0,0,0,0,0,0,2,1,6,6,1,35,6,1590,1,16,HONDA CIVIC,9,W01001949,0,-1
2021430466648,2021,430466648,2,9,0,18,19,2,6,0,0,1,0,0,0,0,1,1,6,6,2,-1,-1,1799,1,13,HONDA CIVIC,9,E01016292,0,-1
2021211021886,2021,211021886,2,9,0,5,5,1,5,0,0,2,0,0,0,0,2,1,6,6,2,47,8,1499,1,4,-1,-1,-1,0,-1
2021010297563,2021,010297563,3,9,0,18,19,7,3,0,0,1,0,0,0,0,2,1,6,6,1,50,8,1769,1,19,NISSAN ALMERA,8,E01000210,0,-1
2021421023892,2021,421023892,1,9,0,18,19,5,1,0,0,1,0,0,0,0,1,1,6,6,2,73,10,1597,1,22,NISSAN ALMERA,10,E01021384,0,-1
2021991081249,2021,991081249,1,9,0,17,19,3,5,0,0,2,0,0,0,0,2,1,6,6,1,77,11,1995,1,0,-1,9,-1,0,-1
2021440466688,2021,440466688,1,9,0,18,19,4,8,0,0,0,0,0,0,0,2,1,6,6,2,64,9,1968,2,11,VOLKSWAGEN EOS,8,E01016192,0,-1
202134NNC2861,2021,34NNC2861,1,9,0,15,15,7,3,0,0,0,0,0,0,0,1,1,6,6,2,-1,-1,2998,1,1,BMW M3,-1,-1,0,-1
2021052100934,2021,052100934,1,9,0,18,19,7,3,0,0,0,0,0,0,0,1,1,6,6,2,36,7,1560,2,9,CITROEN DS4,1,E01006429,0,-1
2021371029472,2021,371029472,1,19,0,18,19,1,5,0,0,1,0,0,0,0,1,1,1,1,1,54,8,5193,2,5,ISUZU TRUCKS FORWARD,1,E01026384,0,-1
2021401062750,2021,401062750,4,20,0,18,19,5,1,0,0,0,0,0,0,0,2,1,1,1,1,66,10,5193,2,4,ISUZU TRUCKS FORWARD,7,E01000334,0,-1
2021430466648,2021,430466648,1,9,0,3,3,2,6,0,0,1,0,0,0,0,2,1,3,7,1,48,8,2995,1,1,PORSCHE MACAN,10,E01016289,0,-1
20211382D0401,2021,1382D0401,2,9,0,18,19,3,7,0,0,0,0,0,0,0,1,1,6,6,1,29,6,2997,1,4,PORSCHE MACAN,8,E01011655,0,-1
2021131101244,2021,131101244,2,9,0,6,6,1,1,1,1,1,0,0,0,0,3,1,6,6,1,29,6,1242,1,7,SUZUKI SWIFT,3,E01010662,0,-1
2021622100790,2021,622100790,3,9,0,3,3,8,4,0,0,0,0,0,0,0,2,1,6,6,2,70,10,1242,8,1,SUZUKI SWIFT,7,W01001118,0,-1
2021471049856,2021,471049856,1,9,0,9,9,1,7,0,0,8,0,0,0,0,1,1,5,6,1,22,5,1242,1,8,SUZUKI SWIFT,5,E01020921,0,-1
202163C031721,2021,63C031721,2,9,0,5,5,2,6,0,0,0,0,0,0,0,2,1,6,6,2,66,10,1248,2,7,SUZUKI SWIFT,-1,-1,0,-1
2021501051610,2021,501051610,1,9,0,16,19,2,4,0,0,0,0,0,0,0,1,1,6,6,2,17,4,1490,1,14,SUZUKI SWIFT,4,E01020287,0,-1
2021161035009,2021,161035009,1,9,0,3,3,7,3,0,0,0,0,0,0,0,2,1,6,6,2,26,6,1242,1,7,SUZUKI SWIFT,3,E01012832,0,-1
2021070548094,2021,070548094,2,9,0,4,4,7,3,0,0,0,0,0,0,0,1,1,6,6,2,55,8,1242,8,1,SUZUKI SWIFT,10,E01018687,0,-1
2021201049076,2021,201049076,2,9,0,5,5,6,2,0,0,0,0,0,0,0,1,1,6,6,1,20,4,1328,1,15,SUZUKI SWIFT,1,E01009396,0,-1
2021010290942,2021,010290942,1,9,0,18,19,1,5,0,0,8,1,0,0,0,3,1,6,6,2,34,6,1199,1,1,VAUXHALL CROSSLAND,2,E01002840,0,-1
2021010297383,2021,010297383,1,9,0,3,3,3,7,0,0,1,0,0,0,0,3,1,6,6,1,54,8,1199,1,0,VAUXHALL CROSSLAND,6,E01004588,0,-1
2021531024232,2021,531024232,2,9,0,5,5,5,7,0,0,4,0,0,0,0,2,1,5,6,2,59,9,1199,1,1,VAUXHALL CROSSLAND,5,E01022148,0,-1
2021010291788,2021,010291788,2,9,0,99,99,9,9,99,99,9,9,99,9,99,2,9,6,6,3,-1,-1,1199,1,1,VAUXHALL CROSSLAND,-1,-1,0,-1
2021302101745,2021,302101745,1,9,0,10,10,6,4,0,0,1,0,0,0,0,2,1,6,6,2,32,6,1199,1,0,VAUXHALL CROSSLAND,8,E01019755,0,-1
2021991046957,2021,991046957,1,9,0,4,4,2,6,0,0,1,0,0,0,0,1,1,6,6,2,55,8,2967,2,2,AUDI Q8,5,E01002667,0,-1
2021440442933,2021,440442933,1,9,0,4,4,6,2,0,0,1,0,0,0,0,2,1,6,6,1,45,7,2993,2,3,BMW 7 SERIES,3,E01015289,0,-1
2021010305639,2021,010305639,1,9,0,7,7,3,5,0,0,8,0,0,0,0,3,1,4,7,2,49,8,1242,1,13,FORD FIESTA,4,E01003322,0,-1
2021531107372,2021,531107372,2,9,0,17,19,5,1,0,0,1,0,0,0,0,1,1,6,6,1,19,4,1242,1,10,FORD FIESTA,3,E01022237,0,-1
2021138250461,2021,138250461,2,9,0,18,19,3,7,0,0,0,0,0,0,0,3,1,6,6,1,19,4,1399,2,14,FORD FIESTA,1,E01011429,0,-1
2021471021388,2021,471021388,1,9,0,18,19,7,3,0,0,1,0,0,0,0,1,1,6,6,1,17,4,998,1,7,FORD FIESTA,5,E01031498,0,-1
202131P045021,2021,31P045021,2,9,0,18,19,5,1,0,0,0,0,0,0,0,1,1,2,2,1,22,5,998,1,5,FORD FIESTA,5,E01019402,0,-1
2021371065822,2021,371065822,3,9,0,4,4,5,1,0,0,0,0,0,0,0,2,1,2,2,2,21,5,1242,1,16,FORD FIESTA,8,E01029878,0,-1
2021201070968,2021,201070968,2,9,0,9,9,4,2,0,0,5,0,0,0,0,3,1,6,6,2,29,6,998,1,1,FORD FIESTA,10,E01029854,0,-1
2021991069133,2021,991069133,1,9,0,18,19,2,6,0,0,0,0,0,0,0,1,1,5,6,1,47,8,999,1,1,FORD FIESTA,6,-1,0,-1
2021031023716,2021,031023716,1,9,0,18,19,7,3,0,0,0,0,0,0,0,1,1,5,6,1,101,11,1242,1,21,FORD FIESTA,9,E01019079,0,-1
2021991074264,2021,991074264,3,9,0,18,19,4,8,0,0,0,0,0,0,0,2,1,5,6,2,24,5,998,1,3,FORD FIESTA,7,-1,0,-1
2021131099162,2021,131099162,2,9,0,2,2,5,1,0,0,0,0,0,0,0,2,1,3,7,2,31,6,1242,1,9,FORD FIESTA,7,E01010587,0,-1
2021351102634,2021,351102634,1,9,0,5,5,7,3,0,0,1,0,0,0,0,1,1,2,2,1,31,6,1596,1,20,FORD FIESTA,-1,-1,0,-1
2021351110127,2021,351110127,3,9,0,3,3,6,2,4,4,0,0,0,0,0,2,1,5,6,2,46,8,1242,1,12,FORD FIESTA,7,E01013791,0,-1
2021430165790,2021,430165790,1,9,0,3,3,4,8,0,0,3,0,0,0,0,2,1,6,6,2,22,5,1388,1,17,FORD FIESTA,3,E01016249,0,-1
2021421099184,2021,421099184,2,9,0,18,19,3,6,0,0,0,0,0,0,0,3,1,6,6,2,30,6,998,1,8,FORD FIESTA,1,E01016006,0,-1
2021131126274,2021,131126274,2,9,0,18,19,5,1,0,0,0,0,0,0,0,1,1,5,6,1,65,9,998,1,2,FORD FIESTA,7,E01010899,0,-1
2021061121634,2021,061121634,1,9,0,18,19,3,7,0,0,0,0,0,0,0,1,1,2,2,2,19,4,1242,1,7,FORD FIESTA,1,E01006289,0,-1
2021622100770,2021,622100770,2,9,0,4,4,7,3,0,0,0,0,0,0,0,2,1,2,2,1,58,9,998,1,6,FORD FIESTA,-1,-1,0,-1
2021010299166,2021,010299166,2,9,0,18,19,7,3,0,0,0,0,0,0,0,3,1,6,6,1,61,9,1388,1,12,FORD FIESTA,6,E01002541,0,-1
2021501062112,2021,501062112,3,9,0,18,19,8,4,0,0,1,0,0,0,0,0,1,6,6,2,30,6,1388,1,12,FORD FIESTA,3,E01015094,0,-1
2021131060999,2021,131060999,1,9,0,-1,-1,1,5,-1,-1,0,-1,-1,-1,-1,-1,1,6,6,3,-1,-1,1242,1,10,FORD FIESTA,-1,-1,0,-1
2021131099162,2021,131099162,3,9,0,18,19,5,1,0,0,0,0,0,0,0,1,1,5,6,2,31,6,1242,1,8,FORD FIESTA,4,E01007816,0,-1
2021010292940,2021,010292940,2,9,0,4,4,3,7,0,0,0,9,99,0,0,1,9,6,6,1,-1,-1,1084,1,3,FORD FIESTA,10,E01024151,0,-1
2021351057155,2021,351057155,1,9,0,9,9,8,5,0,0,1,0,0,0,0,3,1,5,6,2,67,10,998,1,2,FORD FIESTA,5,E01017997,0,-1
2021440204220,2021,440204220,1,9,0,18,19,8,4,0,0,0,0,0,0,0,1,1,6,6,1,57,9,998,1,8,FORD FIESTA,7,E01017316,0,-1
2021131120145,2021,131120145,2,9,0,18,19,4,8,0,0,0,0,0,7,0,1,1,5,6,1,19,4,998,1,3,FORD FIESTA,4,E01011323,0,-1
2021991022047,2021,991022047,1,9,0,18,19,4,8,0,0,0,0,4,0,0,1,1,6,6,1,34,6,1596,1,11,FORD FIESTA,4,-1,0,-1
2021201149481,2021,201149481,1,9,0,11,11,6,2,0,0,0,0,0,0,0,1,1,6,6,1,-1,-1,1399,2,11,FORD FIESTA,4,E01027061,0,-1
2021991034314,2021,991034314,3,9,0,16,19,7,3,0,0,0,0,0,0,0,2,1,5,6,2,60,9,1596,1,6,FORD FIESTA,10,-1,0,-1
2021622100790,2021,622100790,1,9,0,18,19,8,4,0,0,0,0,0,0,0,1,2,6,6,2,84,11,998,1,5,FORD FIESTA,7,W01001118,0,-1
2021361050961,2021,361050961,1,9,0,18,19,4,8,0,0,0,0,0,0,0,2,1,5,6,2,54,8,1560,2,9,FORD FIESTA,8,E01026921,0,-1
2021131048973,2021,131048973,1,9,0,16,19,6,8,0,0,0,1,2,0,0,1,1,2,2,2,63,9,1242,1,15,FORD FIESTA,5,E01010729,0,-1
2021201133397,2021,201133397,1,9,0,3,3,1,5,0,0,1,0,0,0,0,4,1,6,6,2,42,7,999,1,1,FORD FIESTA,5,E01010008,0,-1
2021010299370,2021,010299370,2,9,0,3,3,3,7,0,0,0,0,0,0,0,2,1,6,6,2,46,8,1596,1,16,FORD FIESTA,5,E01024181,0,-1
2021010349070,2021,010349070,2,9,0,18,19,5,1,0,0,1,0,0,0,0,3,1,6,6,1,19,4,1596,1,7,FORD FIESTA,8,E01001392,0,-1
2021461097439,2021,461097439,1,9,0,18,19,7,4,0,0,1,1,0,0,0,1,1,2,2,1,19,4,1596,1,12,FORD FIESTA,6,E01024557,0,-1
202131D109621,2021,31D109621,1,9,0,18,19,2,6,0,0,0,0,0,0,0,1,1,1,1,1,19,4,1242,1,5,FORD FIESTA,5,E01026201,0,-1
2021201061546,2021,201061546,2,9,0,3,3,2,6,0,0,0,0,0,0,0,2,1,6,6,2,21,5,1242,1,4,FORD FIESTA,8,E01009068,0,-1
2021440462297,2021,440462297,1,9,0,18,19,3,7,0,0,0,0,0,0,0,1,2,6,6,2,52,8,1242,1,17,FORD FIESTA,10,E01023169,0,-1
2021421093663,2021,421093663,2,9,0,3,3,7,3,0,0,0,0,0,0,0,2,1,2,2,2,53,8,1242,1,4,FORD FIESTA,6,E01021509,0,-1
2021531056676,2021,531056676,5,9,0,18,19,1,5,0,0,0,0,0,0,0,1,1,2,2,1,40,7,1242,1,10,FORD FIESTA,6,E01022348,0,-1
2021052100836,2021,052100836,4,9,0,4,4,5,1,0,0,1,0,0,0,0,2,1,6,6,1,59,9,1499,2,7,FORD FIESTA,4,E01006543,0,-1
2021610059421,2021,610059421,2,9,0,4,4,3,7,0,0,1,0,0,0,0,0,1,6,6,1,-1,-1,1242,1,14,FORD FIESTA,6,E01022227,0,-1
2021131092914,2021,131092914,1,9,0,4,4,1,1,0,0,0,0,0,0,0,2,1,2,2,2,25,5,1499,2,4,FORD FIESTA,5,E01033695,0,-1
2021451018137,2021,451018137,1,9,0,18,19,4,8,0,0,0,0,0,0,0,4,1,2,2,1,58,9,1399,2,14,FORD FIESTA,10,E01016607,0,-1
2021101060494,2021,101060494,1,9,0,18,19,2,6,0,0,1,0,0,0,0,1,1,6,6,3,-1,-1,999,1,1,FORD FIESTA,-1,-1,0,-1
2021451052026,2021,451052026,1,9,0,7,7,3,1,0,0,8,0,2,0,0,1,1,5,6,2,40,7,1388,1,14,FORD FIESTA,5,E01030656,0,-1
2021531056676,2021,531056676,3,9,0,2,2,1,5,0,0,0,0,0,0,0,2,1,2,2,2,62,9,1388,1,16,FORD FIESTA,3,E01022237,0,-1
2021451077570,2021,451077570,2,9,0,18,19,5,1,0,0,1,0,0,0,0,2,1,5,6,2,39,7,1499,2,8,FORD FIESTA,8,E01030701,0,-1
2021440163653,2021,440163653,3,9,0,4,4,7,3,0,0,0,0,0,0,0,2,1,2,2,2,59,9,998,1,3,FORD FIESTA,10,E01022741,0,-1
2021421021233,2021,421021233,2,9,0,3,3,8,4,0,0,0,0,0,0,0,2,1,2,2,1,21,5,998,1,3,FORD FIESTA,5,E01003724,0,-1
2021041058973,2021,041058973,2,9,0,3,3,8,4,0,0,8,0,4,0,0,2,1,5,6,2,58,9,1242,1,10,FORD FIESTA,2,E01025051,0,-1
2021451071313,2021,451071313,1,9,0,18,19,5,1,0,0,1,0,0,0,0,3,1,5,6,1,70,10,1242,1,8,FORD FIESTA,4,E01030746,0,-1
2021430444191,2021,430444191,2,9,0,18,19,6,2,0,0,2,0,0,0,0,3,1,6,6,1,21,5,1560,2,13,FORD FIESTA,10,E01017739,0,-1
2021201063134,2021,201063134,1,9,0,14,14,6,1,0,0,0,0,10,7,11,1,1,6,6,1,56,9,1399,2,14,FORD FIESTA,6,E01009880,0,-1
202163A060221,2021,63A060221,2,9,0,9,9,4,2,0,0,7,0,0,1,1,3,1,6,6,1,60,9,1242,1,6,FORD FIESTA,4,W01000846,0,-1
2021552100297,2021,552100297,1,9,0,4,4,6,2,0,0,1,0,0,0,0,1,1,1,1,1,25,5,1596,1,11,FORD FIESTA,9,E01020435,0,-1
2021302101379,2021,302101379,2,9,0,18,19,4,8,0,0,0,0,0,0,0,1,1,6,6,1,25,5,998,1,6,FORD FIESTA,7,E01019472,0,-1
2021421034198,2021,421034198,1,9,0,18,19,7,3,0,0,0,0,0,0,0,2,1,5,6,1,75,10,1596,1,21,FORD FIESTA,3,E01002350,0,-1
2021010302089,2021,010302089,1,9,0,4,4,7,3,0,0,5,0,4,3,0,3,1,2,2,2,49,8,1242,1,11,FORD FIESTA,2,E01003514,0,-1
2021545027421,2021,545027421,3,9,0,3,3,1,5,0,0,0,0,0,0,0,2,1,6,6,1,63,9,998,1,6,FORD FIESTA,10,E01030341,0,-1
2021122101301,2021,122101301,1,9,0,18,19,7,3,0,0,0,0,0,0,0,1,1,6,6,2,20,4,1242,1,9,FORD FIESTA,6,E01010705,0,-1
2021302100381,2021,302100381,1,9,0,4,4,5,1,0,0,0,0,0,0,0,2,1,2,2,2,32,6,998,1,3,FORD FIESTA,2,E01013477,0,-1
2021440259204,2021,440259204,2,9,0,4,4,3,7,0,0,0,0,0,0,0,2,1,6,6,2,59,9,1388,1,14,FORD FIESTA,5,E01022832,0,-1
2021371145072,2021,371145072,4,9,0,3,3,6,2,0,0,0,0,0,0,0,2,1,5,6,1,69,10,1388,1,11,FORD FIESTA,2,E01021488,0,-1
2021231047308,2021,231047308,3,9,0,4,4,6,2,0,0,0,0,0,4,6,2,1,5,6,2,63,9,1242,1,9,FORD FIESTA,9,E01031151,0,-1
2021311077790,2021,311077790,1,9,0,14,14,7,3,0,0,0,0,0,7,0,1,1,5,6,1,19,4,1242,1,12,FORD FIESTA,6,E01026031,0,-1
2021320208188,2021,320208188,2,9,0,4,4,1,5,0,0,0,0,0,0,0,2,1,6,6,1,18,4,998,1,8,FORD FIESTA,9,E01026334,0,-1
2021061096850,2021,061096850,1,9,0,18,19,3,7,0,0,0,0,0,0,0,1,1,6,6,3,30,6,1388,1,18,FORD FIESTA,-1,-1,0,-1
2021010348824,2021,010348824,1,9,0,7,7,5,6,4,4,0,0,0,0,0,4,1,6,6,2,73,10,1242,1,24,FORD FIESTA,8,E01004135,0,-1
2021101037543,2021,101037543,2,9,0,18,19,6,6,0,0,0,0,0,0,0,1,1,5,6,2,32,6,1499,2,3,FORD FIESTA,1,E01008542,0,-1
2021201102707,2021,201102707,1,9,0,18,19,2,6,0,0,0,1,0,0,0,1,1,6,6,1,42,7,998,1,5,FORD FIESTA,8,E01017747,0,-1
2021010295870,2021,010295870,1,9,0,18,19,3,7,0,0,0,0,0,0,0,1,1,3,7,2,42,7,1388,1,12,FORD FIESTA,2,E01004385,0,-1
202163A052221,2021,63A052221,2,9,0,18,19,2,6,0,0,8,0,0,0,0,3,1,6,6,1,60,9,2494,8,0,LEXUS NX 300,-1,-1,0,-1
2021131061307,2021,131061307,1,9,0,18,19,1,5,0,0,0,0,0,0,0,1,1,1,1,1,40,7,-1,-1,-1,PEUGEOT PREMIER,1,E01011428,0,-1
2021361030041,2021,361030041,2,9,0,4,4,8,4,0,0,1,0,0,0,0,2,1,5,6,1,54,8,1197,1,8,SKODA ROOMSTER,6,E01026797,0,-1
2021041024675,2021,041024675,3,9,0,3,3,1,5,0,0,0,0,0,0,0,2,1,3,7,2,45,7,1422,2,12,SKODA ROOMSTER,1,E01012751,0,-1
2021010324513,2021,010324513,1,3,9,99,99,9,9,99,99,9,9,99,9,99,9,1,6,6,2,36,7,125,1,7,-1,4,E01001738,0,-1
2021201084880,2021,201084880,1,9,0,11,11,7,3,0,0,4,0,0,0,0,1,1,6,6,1,-1,-1,1995,2,9,BMW 5 SERIES,-1,-1,0,-1
2021201092106,2021,201092106,1,9,0,14,14,2,6,0,0,0,0,0,0,0,1,1,6,6,1,56,9,2993,2,5,BMW 5 SERIES,1,E01009494,0,-1
2021411110459,2021,411110459,1,9,0,2,2,5,1,6,6,0,0,0,1,0,4,1,6,6,1,-1,-1,2993,12,1,BMW 5 SERIES,8,E01027593,0,-1
2021461095786,2021,461095786,4,9,0,3,3,6,2,0,0,0,0,0,0,0,2,1,5,6,1,45,7,1995,2,5,BMW 5 SERIES,5,E01024082,0,-1
2021421112432,2021,421112432,2,9,0,4,4,6,2,0,0,0,0,0,0,0,4,1,6,6,1,42,7,1995,2,14,BMW 5 SERIES,2,E01021697,0,-1
2021451095256,2021,451095256,2,9,0,5,5,4,8,0,0,0,0,0,0,0,1,1,6,6,1,45,7,1995,2,6,BMW 5 SERIES,6,E01030973,0,-1
2021201100554,2021,201100554,1,9,0,18,19,6,2,0,0,0,0,0,0,0,1,1,6,6,1,28,6,1995,2,3,BMW 5 SERIES,3,E01001391,0,-1
2021421118505,2021,421118505,4,9,0,18,19,5,8,0,0,3,0,0,0,0,4,1,1,1,1,47,8,2993,2,1,BMW 5 SERIES,8,E01021750,0,-1
2021421103641,2021,421103641,3,9,0,18,19,4,8,0,0,0,0,0,0,0,0,1,1,1,2,44,7,2993,2,3,BMW 5 SERIES,8,E01021544,0,-1
2021471111303,2021,471111303,4,9,0,18,19,8,4,0,0,0,0,0,0,0,1,1,3,7,1,38,7,1995,2,6,BMW 5 SERIES,5,E01021195,0,-1
2021010322672,2021,010322672,2,9,0,13,13,1,5,0,0,8,0,0,0,0,1,1,6,6,1,20,4,2979,1,17,BMW 5 SERIES,-1,-1,0,-1
2021061063019,2021,061063019,2,9,0,11,11,4,8,0,0,8,0,0,0,0,4,1,6,6,3,-1,-1,3199,1,17,MERCEDES CLK CLASS,-1,-1,0,-1
2021010330243,2021,010330243,1,9,0,9,9,7,5,0,0,1,1,0,0,0,1,1,6,6,1,29,6,3199,1,21,MERCEDES CLK CLASS,4,E01014488,0,-1
2021361030041,2021,361030041,1,9,0,18,19,8,4,0,0,1,0,0,0,0,1,1,5,6,1,31,6,1796,1,16,MERCEDES CLK CLASS,9,E01026550,0,-1
2021361052140,2021,361052140,1,9,0,18,19,5,1,0,0,0,0,0,0,0,1,1,5,6,1,43,7,2685,2,16,MERCEDES CLK CLASS,4,E01026859,0,-1
2021010317280,2021,010317280,2,9,0,18,19,1,5,0,0,9,0,0,0,0,9,1,6,6,1,69,10,3199,1,18,MERCEDES CLK CLASS,-1,-1,0,-1
2021371034085,2021,371034085,1,9,0,18,19,6,2,0,0,0,5,0,0,0,1,1,6,6,2,45,7,1595,1,2,MERCEDES GLA CLASS,8,E01018270,0,-1
2021461099982,2021,461099982,2,9,0,2,2,0,0,0,0,0,0,4,0,0,2,1,2,2,2,23,5,2143,2,6,MERCEDES GLA CLASS,5,E01032654,0,-1
2021010321062,2021,010321062,1,9,0,99,99,9,9,99,99,9,9,99,9,99,2,9,6,6,2,47,8,1332,1,0,MERCEDES GLA CLASS,1,E01002778,0,-1
2021201116214,2021,201116214,1,9,0,9,9,4,2,0,0,6,0,0,0,0,4,1,6,6,1,35,6,2143,2,5,MERCEDES GLA CLASS,7,E01010544,0,-1
2021010355018,2021,010355018,2,9,0,99,99,9,9,99,99,9,9,99,9,99,9,9,6,6,3,54,8,1969,2,3,VOLVO XC60,9,E01000424,0,-1
2021221036178,2021,221036178,1,9,0,16,19,3,6,0,0,8,0,0,0,0,0,1,1,1,1,49,8,1969,2,3,VOLVO XC60,9,E01028929,0,-1
2021211091152,2021,211091152,2,9,0,9,9,6,4,0,0,1,0,0,0,0,3,1,6,6,1,60,9,2400,2,12,VOLVO XC60,3,E01029782,0,-1
2021461043426,2021,461043426,1,9,0,12,12,7,3,0,0,0,0,0,0,0,4,1,6,6,1,-1,-1,1969,12,1,VOLVO XC60,10,E01027662,0,-1
2021201072677,2021,201072677,2,4,0,18,19,5,1,0,0,0,0,0,0,0,0,1,6,6,1,60,9,1250,1,20,YAMAHA XJR,6,E01029826,0,-1
202134NNC3791,2021,34NNC3791,2,9,0,3,3,3,7,0,0,0,0,0,0,0,1,1,6,6,2,23,5,1368,1,9,ABARTH 500,7,E01027078,0,-1
2021010320717,2021,010320717,1,9,0,18,19,5,1,9,9,0,0,10,7,2,1,1,6,6,1,73,10,-1,3,1,BMW I3,-1,-1,0,-1
2021010309624,2021,010309624,1,9,0,4,4,7,3,0,0,3,0,0,0,0,1,1,6,6,1,72,10,-1,3,1,BMW I3,5,E01003941,0,-1
2021061067197,2021,061067197,2,9,0,18,19,7,3,0,0,0,0,2,0,0,2,1,6,6,1,31,6,1388,1,16,FORD FUSION,2,E01005553,0,-1
2021221017673,2021,221017673,1,9,0,16,19,5,8,0,0,2,0,0,0,0,1,1,5,6,1,38,7,1388,1,16,FORD FUSION,6,E01032244,0,-1
2021440044628,2021,440044628,3,9,0,4,4,5,1,0,0,1,0,0,0,0,2,1,6,6,2,41,7,-1,3,1,-1,-1,-1,0,-1
2021421072174,2021,421072174,2,90,0,2,2,0,0,9,9,1,0,0,0,0,3,1,6,6,3,-1,-1,2482,2,3,-1,-1,-1,0,-1
2021622100770,2021,622100770,1,9,0,18,19,7,3,0,0,0,0,0,0,0,1,1,2,2,1,39,7,2191,2,6,MAZDA 6,9,W01001729,0,-1
2021041100407,2021,041100407,1,9,0,18,19,5,1,0,0,0,0,0,0,0,4,1,6,6,1,38,7,2191,2,5,MAZDA 6,3,E01012658,0,-1
2021440259204,2021,440259204,1,9,0,18,19,3,7,0,0,0,0,0,0,0,1,1,2,2,2,38,7,2183,2,9,MAZDA 6,4,E01022910,0,-1
2021010317280,2021,010317280,1,9,0,99,99,9,9,99,99,9,9,99,9,99,1,9,6,6,1,33,6,1999,1,11,MAZDA 6,2,E01004011,0,-1
2021430166552,2021,430166552,1,9,0,18,19,6,2,0,0,0,0,0,0,0,4,1,6,6,1,59,9,1798,1,11,MAZDA 6,10,E01017757,0,-1
2021440316225,2021,440316225,2,9,0,12,12,7,3,0,0,0,0,0,0,0,3,1,6,6,1,50,8,1991,1,1,MERCEDES C CLASS,-1,-1,0,-1
2021061067197,2021,061067197,1,9,0,18,19,7,3,0,0,0,0,2,0,0,1,1,6,6,1,25,5,1497,1,2,MERCEDES C CLASS,-1,-1,0,-1
2021201064591,2021,201064591,2,9,0,18,19,2,6,0,0,8,0,0,0,0,2,1,6,6,1,40,7,2148,2,15,MERCEDES C CLASS,3,E01009553,0,-1
2021302100081,2021,302100081,1,9,0,18,19,8,4,0,0,2,0,2,0,0,1,1,1,1,1,45,7,2143,2,9,MERCEDES C CLASS,1,E01013485,0,-1
2021461022183,2021,461022183,1,9,0,12,12,7,3,0,0,0,1,2,1,0,0,1,6,6,1,57,9,1991,1,5,MERCEDES C CLASS,4,E01024377,0,-1
2021221102311,2021,221102311,1,9,0,4,4,4,8,0,0,0,0,0,0,0,1,1,5,6,1,38,7,1796,1,14,MERCEDES C CLASS,4,E01032343,0,-1
2021430047594,2021,430047594,1,9,0,18,19,3,7,0,0,0,0,0,0,0,3,1,6,6,1,31,6,2143,2,10,MERCEDES C CLASS,4,E01028632,0,-1
2021010342246,2021,010342246,2,9,0,9,9,7,4,2,2,0,0,0,0,0,1,1,1,1,1,53,8,1991,8,5,MERCEDES C CLASS,5,E01004225,0,-1
2021201118346,2021,201118346,3,9,0,2,2,0,0,0,0,0,0,0,0,0,1,1,6,6,1,-1,-1,1950,2,2,MERCEDES C CLASS,-1,-1,0,-1
2021052102437,2021,052102437,2,9,0,18,19,3,7,0,0,8,0,0,0,0,4,1,6,6,1,41,7,1950,2,2,MERCEDES C CLASS,6,E01006499,0,-1
2021010295701,2021,010295701,2,9,0,99,99,9,9,99,99,9,9,99,9,99,1,9,6,6,3,-1,-1,2143,2,3,MERCEDES C CLASS,-1,-1,0,-1
2021430391355,2021,430391355,1,9,0,18,19,7,3,0,0,0,1,11,0,0,1,1,6,6,1,24,5,1497,1,2,MERCEDES C CLASS,7,E01002173,0,-1
2021351104637,2021,351104637,3,9,-1,4,4,4,8,0,0,0,0,0,0,0,2,1,6,6,2,34,6,1595,1,6,MERCEDES C CLASS,3,E01015619,0,-1
2021010347559,2021,010347559,2,9,0,7,7,2,4,0,0,8,0,0,0,0,1,1,6,6,1,30,6,1991,1,3,MERCEDES C CLASS,2,E01001529,0,-1
2021548084621,2021,548084621,2,9,0,9,9,3,1,0,0,2,0,0,0,0,1,1,6,6,1,40,7,1796,1,16,MERCEDES C CLASS,8,E01031946,0,-1
2021401024177,2021,401024177,1,9,0,7,7,3,7,0,0,3,0,0,0,0,4,1,5,6,1,51,8,2148,2,16,MERCEDES C CLASS,3,E01013765,0,-1
2021010304345,2021,010304345,2,9,0,99,99,9,9,99,99,9,9,99,9,99,9,9,6,6,3,-1,-1,1796,1,11,MERCEDES C CLASS,5,E01000592,0,-1
2021461095786,2021,461095786,3,9,0,3,3,6,2,0,0,0,0,0,0,0,2,1,5,6,1,49,8,1796,1,16,MERCEDES C CLASS,2,E01024080,0,-1
2021501079684,2021,501079684,1,9,0,18,19,4,8,0,0,0,0,0,0,0,1,1,6,6,2,-1,-1,2143,2,7,MERCEDES C CLASS,4,E01018863,0,-1
2021302101096,2021,302101096,1,9,0,3,3,2,6,0,0,3,0,0,0,0,2,1,6,6,2,35,6,2143,2,6,MERCEDES C CLASS,9,E01019751,0,-1
2021010297916,2021,010297916,2,9,0,7,7,1,4,0,0,5,0,0,0,0,4,1,2,2,2,25,5,1595,1,8,MERCEDES C CLASS,2,E01033601,0,-1
2021010295623,2021,010295623,1,9,0,18,19,3,7,0,0,8,0,0,0,0,1,1,6,6,1,35,6,1497,8,2,MERCEDES C CLASS,4,E01003212,0,-1
2021010332047,2021,010332047,2,9,4,18,19,7,3,0,0,0,0,0,0,0,1,1,6,6,1,28,6,1796,1,9,MERCEDES C CLASS,4,E01000068,0,-1
202134WNC4511,2021,34WNC4511,2,9,0,18,19,3,7,0,0,2,0,0,0,0,4,1,6,6,1,30,6,2143,2,5,MERCEDES C CLASS,5,E01027232,0,-1
2021201129340,2021,201129340,1,9,0,14,14,3,7,0,0,0,0,0,0,0,1,1,6,6,1,-1,-1,1991,8,5,MERCEDES C CLASS,-1,-1,0,-1
2021010291558,2021,010291558,2,9,0,99,99,9,9,99,99,9,9,99,9,99,1,9,6,6,1,-1,-1,1796,1,11,MERCEDES C CLASS,-1,-1,0,-1
2021991149003,2021,991149003,1,9,0,18,19,4,8,0,0,0,0,0,0,0,2,2,6,6,1,55,8,2148,2,12,MERCEDES C CLASS,3,-1,0,-1
2021010321604,2021,010321604,2,9,9,5,5,0,5,0,0,1,9,0,0,0,4,9,6,6,1,31,6,1950,2,2,MERCEDES C CLASS,10,E01030316,0,-1
2021451086574,2021,451086574,1,9,0,18,19,1,3,0,0,1,0,0,0,0,1,1,5,6,1,25,5,1991,1,5,MERCEDES C CLASS,3,E01016442,0,-1
2021401074211,2021,401074211,2,9,0,5,5,2,6,0,0,1,0,0,0,0,1,1,5,6,1,75,10,2143,2,5,MERCEDES C CLASS,8,E01017458,0,-1
202163D030421,2021,63D030421,2,9,0,4,4,4,8,0,0,8,1,0,0,0,1,1,6,6,2,32,6,1597,1,19,-1,-1,-1,0,-1
2021451095256,2021,451095256,1,9,0,7,7,4,8,0,0,0,0,0,0,0,2,1,2,2,2,45,7,1597,1,18,-1,5,E01030980,0,-1
2021052101319,2021,052101319,2,9,0,18,19,5,1,0,0,0,0,0,0,0,2,1,6,6,2,28,6,999,1,0,DACIA DUSTER,8,E01018558,0,-1
2021440086543,2021,440086543,1,9,0,16,19,6,2,0,0,0,1,0,7,9,3,1,2,2,1,45,7,1598,1,2,DACIA DUSTER,6,E01022716,0,-1
2021541018321,2021,541018321,1,9,0,18,19,2,6,0,0,8,0,0,7,2,1,1,6,6,1,93,11,1318,1,4,HONDA JAZZ,-1,-1,0,-1
2021471027826,2021,471027826,1,9,0,18,19,8,4,0,0,0,0,0,0,0,1,1,5,6,2,48,8,1339,1,15,HONDA JAZZ,5,E01001060,0,-1
2021351110127,2021,351110127,2,9,0,3,3,6,2,4,4,0,0,7,0,0,2,1,5,6,2,62,9,1339,1,6,HONDA JAZZ,10,E01028383,0,-1
2021430474628,2021,430474628,1,9,0,18,19,4,8,0,0,0,0,0,0,0,3,1,6,6,1,29,6,1339,1,12,HONDA JAZZ,5,E01016461,0,-1
2021010298898,2021,010298898,1,9,0,11,11,7,3,0,0,3,0,0,0,0,4,1,2,2,1,47,8,1339,1,10,HONDA JAZZ,3,E01001263,0,-1
2021061048183,2021,061048183,2,9,0,4,4,2,6,0,0,1,0,0,1,0,3,1,3,7,2,39,7,1339,1,15,HONDA JAZZ,-1,-1,0,-1
2021061110025,2021,061110025,2,9,0,9,9,5,1,0,0,1,0,0,0,0,3,1,6,6,2,43,7,1339,1,15,HONDA JAZZ,9,E01006377,0,-1
2021010294709,2021,010294709,2,9,0,4,4,3,7,0,0,8,0,0,0,0,2,1,6,6,1,41,7,1339,1,16,HONDA JAZZ,4,E01003301,0,-1
2021010333325,2021,010333325,1,9,0,99,99,9,9,99,99,9,9,99,9,99,2,9,6,6,1,22,5,1339,1,10,HONDA JAZZ,3,E01000022,0,-1
2021991080491,2021,991080491,1,9,0,9,9,7,5,0,0,1,0,2,0,0,1,1,6,6,2,22,5,1339,1,15,HONDA JAZZ,6,-1,0,-1
2021451024013,2021,451024013,1,9,0,18,19,5,1,0,0,0,0,4,0,0,4,1,6,6,2,80,11,1198,1,9,HONDA JAZZ,5,E01030984,0,-1
2021501107772,2021,501107772,1,9,0,3,3,1,6,0,0,3,0,0,0,0,3,1,2,2,1,64,9,1339,1,19,HONDA JAZZ,5,E01018947,0,-1
2021141062083,2021,141062083,1,9,0,18,19,7,3,0,0,0,0,0,0,0,2,1,3,7,2,49,8,1339,1,9,HONDA JAZZ,3,E01007702,0,-1
2021351072523,2021,351072523,1,9,0,4,4,7,3,0,0,1,0,0,0,0,1,1,5,6,1,88,11,1339,1,9,HONDA JAZZ,9,E01018012,0,-1
2021440091349,2021,440091349,1,9,0,3,3,1,5,0,0,8,0,0,0,0,2,1,1,1,1,27,6,1685,2,10,HYUNDAI IX35,6,E01032844,0,-1
2021221109183,2021,221109183,2,9,0,3,3,4,8,0,0,0,0,0,0,0,2,1,5,6,1,33,6,1995,2,8,HYUNDAI IX35,6,E01029707,0,-1
2021052100119,2021,052100119,1,9,0,18,19,2,6,0,0,8,0,10,7,0,1,1,6,6,1,18,4,1685,2,9,HYUNDAI IX35,1,E01006963,0,-1
2021131040995,2021,131040995,1,9,0,4,4,1,5,0,0,1,0,0,0,0,4,1,5,6,2,58,9,1490,1,1,MG HS,1,E01010817,0,-1
2021010330110,2021,010330110,1,19,0,5,5,0,2,0,0,7,0,0,0,0,2,1,1,1,1,29,6,-1,-1,-1,RENAULT TRUCKS MASTER,1,E01004035,0,-1
2021552100918,2021,552100918,3,2,0,4,4,5,1,0,0,0,0,0,0,0,2,1,6,6,1,16,4,50,1,0,-1,10,E01020415,0,-1
2021440172355,2021,440172355,1,19,0,7,7,3,5,0,0,6,0,0,0,0,3,1,6,6,1,69,10,1298,1,20,SUZUKI CARRY,5,E01017310,0,-1
2021010321500,2021,010321500,2,19,0,99,99,9,9,99,99,0,9,99,9,99,9,9,6,6,1,33,6,10518,2,7,MAN MODEL MISSING,6,E01033463,0,-1
2021221040177,2021,221040177,1,21,1,14,14,1,6,0,0,8,0,8,0,0,4,1,1,1,1,27,6,12419,2,6,MAN MODEL MISSING,3,E01028912,0,-1
2021430102500,2021,430102500,1,21,0,13,13,7,3,0,0,0,0,0,0,0,4,1,1,1,1,67,10,10518,2,2,MAN MODEL MISSING,10,E01017876,0,-1
2021501095754,2021,501095754,1,9,0,18,19,7,3,0,0,0,1,0,0,0,1,1,5,6,2,56,9,1598,1,12,RENAULT MODUS,6,E01019023,0,-1
2021430186260,2021,430186260,2,9,0,18,19,4,8,0,0,0,0,0,0,0,2,1,6,6,1,45,7,1598,1,16,RENAULT MODUS,-1,-1,0,-1
2021131101244,2021,131101244,1,9,0,12,12,3,3,0,0,1,0,0,0,0,1,1,1,1,1,42,7,1598,1,8,VAUXHALL ZAFIRA,3,E01010662,0,-1
2021201102707,2021,201102707,2,9,0,18,19,6,2,0,0,0,0,0,0,0,1,1,6,6,2,48,8,1686,2,9,VAUXHALL ZAFIRA,5,E01008981,0,-1
2021461095851,2021,461095851,2,9,0,-1,-1,-1,-1,-1,-1,0,-1,-1,-1,0,2,1,6,6,2,45,7,1796,1,13,VAUXHALL ZAFIRA,7,E01016162,0,-1
2021351116996,2021,351116996,4,9,0,4,4,2,6,0,0,8,0,0,0,0,1,1,6,6,1,34,6,1910,2,13,VAUXHALL ZAFIRA,9,E01018181,0,-1
2021010304894,2021,010304894,2,8,0,99,99,9,9,99,99,9,9,99,9,99,1,9,6,6,3,-1,-1,1956,2,7,VAUXHALL ZAFIRA,-1,-1,0,-1
2021440507209,2021,440507209,1,9,0,18,19,3,7,0,0,0,0,0,0,0,2,1,6,6,2,36,7,1686,2,11,VAUXHALL ZAFIRA,5,E01017131,0,-1
2021141059444,2021,141059444,2,9,0,18,19,3,7,0,0,1,0,0,0,0,1,1,6,6,1,39,7,1910,2,15,VAUXHALL ZAFIRA,2,E01007414,0,-1
2021991031033,2021,991031033,1,9,0,9,9,2,8,0,0,6,0,0,0,0,1,1,5,6,1,42,7,1686,2,8,VAUXHALL ZAFIRA,7,-1,0,-1
2021461040329,2021,461040329,3,9,0,18,19,7,3,0,0,0,0,0,0,0,2,1,6,6,1,72,10,1598,2,3,VAUXHALL ZAFIRA,8,E01000328,0,-1
2021302101161,2021,302101161,2,9,0,3,3,6,4,0,0,0,0,0,0,0,2,1,6,6,2,40,7,1598,1,8,VAUXHALL ZAFIRA,3,E01019667,0,-1
2021461095786,2021,461095786,2,9,0,3,3,6,2,0,0,0,0,0,0,0,2,1,5,6,1,62,9,1956,2,7,VAUXHALL ZAFIRA,8,E01024642,0,-1
2021010290076,2021,010290076,1,9,0,17,19,4,3,0,0,8,0,0,0,0,1,1,2,2,1,58,9,2198,1,15,VAUXHALL ZAFIRA,8,E01030848,0,-1
2021440329367,2021,440329367,3,9,0,18,19,7,3,0,0,0,1,0,0,0,2,1,6,6,2,41,7,1991,2,13,HYUNDAI TUCSON,4,E01017128,0,-1
2021161052507,2021,161052507,1,9,0,18,19,6,2,0,0,0,0,0,0,0,2,1,5,6,1,44,7,1685,2,5,HYUNDAI TUCSON,6,E01007787,0,-1
2021061109605,2021,061109605,1,9,0,18,19,5,1,0,0,0,0,0,0,0,1,1,6,6,1,30,6,1598,12,0,HYUNDAI TUCSON,-1,-1,0,-1
2021101117442,2021,101117442,4,9,0,3,3,3,7,0,0,1,0,0,0,0,2,1,5,6,1,33,6,1685,2,4,HYUNDAI TUCSON,2,E01027397,0,-1
2021101072205,2021,101072205,2,9,0,3,3,5,1,0,0,0,0,0,0,0,2,1,2,2,1,47,8,1591,1,0,HYUNDAI TUCSON,3,E01008769,0,-1
2021991045652,2021,991045652,1,9,0,18,19,4,8,0,0,1,0,0,0,0,1,1,6,6,3,-1,-1,1591,1,1,HYUNDAI TUCSON,-1,-1,0,-1
2021991057702,2021,991057702,1,9,0,18,19,5,1,0,0,0,0,0,0,0,1,1,5,6,2,35,6,1685,2,4,HYUNDAI TUCSON,8,-1,0,-1
2021131120198,2021,131120198,2,9,0,18,19,5,1,0,0,0,0,0,0,0,2,1,6,6,2,44,7,1591,1,3,HYUNDAI TUCSON,9,E01010900,0,-1
2021552100043,2021,552100043,1,19,4,18,19,3,7,0,0,0,0,0,0,0,1,1,1,1,1,25,5,1461,2,7,RENAULT KANGOO,3,E01020393,0,-1
2021501048583,2021,501048583,1,9,0,18,19,1,7,0,0,1,0,0,0,0,1,1,1,1,1,65,9,1461,2,11,RENAULT KANGOO,8,E01019944,0,-1
2021170S21281,2021,170S21281,1,19,0,9,9,3,1,0,0,8,0,0,0,0,3,1,1,1,1,69,10,1461,2,10,RENAULT KANGOO,9,E01033478,0,-1
2021471043476,2021,471043476,1,19,0,18,19,7,3,0,0,0,0,0,0,0,1,1,1,1,1,49,8,1461,2,5,RENAULT KANGOO,4,E01031576,0,-1
2021170L10211,2021,170L10211,1,9,0,14,14,4,8,0,0,0,0,0,1,9,1,1,6,6,1,31,6,1461,2,12,RENAULT LAGUNA,3,E01012137,0,-1
202163D020421,2021,63D020421,2,5,0,3,3,4,1,0,0,0,0,0,0,0,1,1,6,6,1,78,11,599,1,23,SUZUKI MODEL MISSING,10,W01001156,0,-1
2021111112314,2021,111112314,2,9,0,18,19,5,1,0,0,0,0,2,0,0,1,1,2,2,1,36,7,1398,1,5,VAUXHALL CORSA,7,E01020685,0,-1
2021041096391,2021,041096391,2,9,0,18,19,5,1,0,0,0,0,0,0,0,4,1,2,2,2,20,4,1229,1,13,VAUXHALL CORSA,1,E01012578,0,-1
202131C067021,2021,31C067021,1,9,0,12,12,4,8,0,0,8,0,0,0,0,1,1,1,1,2,37,7,973,1,18,VAUXHALL CORSA,3,E01013665,0,-1
2021201116069,2021,201116069,2,9,0,18,19,1,5,0,0,0,0,0,0,0,2,1,6,6,2,23,5,1398,1,7,VAUXHALL CORSA,5,E01028982,0,-1
2021010293447,2021,010293447,2,9,0,18,19,7,3,0,0,0,0,0,0,0,2,1,1,1,2,23,5,1248,2,4,VAUXHALL CORSA,2,E01001361,0,-1
2021131038260,2021,131038260,1,9,0,18,19,3,7,0,0,0,0,0,0,0,1,1,2,2,2,42,7,1229,1,10,VAUXHALL CORSA,1,E01011730,0,-1
2021552100359,2021,552100359,1,9,0,7,7,1,3,0,0,5,0,0,0,0,3,1,6,6,1,20,4,1229,1,10,VAUXHALL CORSA,6,E01015373,0,-1
2021302101379,2021,302101379,1,9,0,4,4,4,8,0,0,0,0,0,0,0,2,1,6,6,1,18,4,1364,1,6,VAUXHALL CORSA,5,E01019428,0,-1
202131C029821,2021,31C029821,1,9,0,9,9,6,3,0,0,5,0,0,0,0,4,1,6,6,2,27,6,1248,2,12,VAUXHALL CORSA,9,E01028095,0,-1
2021010305034,2021,010305034,1,9,0,9,9,1,7,0,0,1,0,0,0,0,1,1,6,6,2,58,9,1398,1,10,VAUXHALL CORSA,-1,-1,0,-1
2021351027638,2021,351027638,2,9,0,18,19,5,1,0,0,0,5,0,1,11,2,1,6,6,2,53,8,1229,1,15,VAUXHALL CORSA,8,E01017992,0,-1
2021461043785,2021,461043785,2,9,0,7,7,3,7,0,0,3,0,0,0,0,4,1,6,6,2,50,8,1229,1,14,VAUXHALL CORSA,2,E01023973,0,-1
2021101040678,2021,101040678,1,9,0,12,12,5,1,0,0,0,1,0,0,0,3,1,6,6,2,63,9,1248,2,13,VAUXHALL CORSA,2,E01008457,0,-1
2021461095786,2021,461095786,1,9,0,18,19,6,2,0,0,0,0,0,0,0,1,1,5,6,2,38,7,1364,1,13,VAUXHALL CORSA,9,E01007825,0,-1
2021170S11561,2021,170S11561,2,9,0,4,4,8,4,0,0,0,5,0,0,0,2,1,6,6,1,19,4,998,1,9,VAUXHALL CORSA,6,E01020822,0,-1
202163D098921,2021,63D098921,1,9,0,18,19,4,8,0,0,2,0,0,0,0,1,1,6,6,1,17,4,1398,1,9,VAUXHALL CORSA,8,W01000466,0,-1
2021041019568,2021,041019568,1,9,0,9,9,3,7,0,0,6,0,0,0,0,3,1,6,6,1,17,4,1398,1,5,VAUXHALL CORSA,7,E01025362,0,-1
2021041062971,2021,041062971,1,9,0,18,19,5,1,0,0,1,0,0,0,0,3,1,6,6,1,46,8,1199,1,1,VAUXHALL CORSA,1,E01033226,0,-1
2021201094921,2021,201094921,1,9,0,3,3,6,2,0,0,0,0,0,0,0,2,1,6,6,1,42,7,1229,1,11,VAUXHALL CORSA,1,E01009743,0,-1
2021540336821,2021,540336821,1,9,0,16,19,4,8,0,0,0,1,0,1,0,1,1,1,1,1,17,4,1398,1,2,VAUXHALL CORSA,7,E01031882,0,-1
2021302101736,2021,302101736,1,9,0,13,13,8,4,0,0,0,0,0,0,0,4,1,6,6,1,81,11,1398,1,3,VAUXHALL CORSA,4,E01013498,0,-1
2021221064316,2021,221064316,1,9,0,11,11,1,5,0,0,3,0,0,0,0,4,1,5,6,1,75,10,1398,1,3,VAUXHALL CORSA,8,E01032290,0,-1
2021401102970,2021,401102970,2,9,0,-1,-1,1,1,-1,-1,0,-1,-1,-1,0,-1,1,6,6,2,50,8,1199,1,2,VAUXHALL CORSA,6,E01017550,0,-1
2021440349015,2021,440349015,4,9,0,18,19,5,1,0,0,0,0,0,0,0,1,1,2,2,1,19,4,1199,1,20,VAUXHALL CORSA,5,E01023285,0,-1
2021461111836,2021,461111836,1,9,0,5,5,1,5,0,0,0,0,0,0,0,4,1,6,6,2,70,10,1248,2,10,VAUXHALL CORSA,5,E01024032,0,-1
2021141014256,2021,141014256,1,9,0,18,19,5,1,0,0,0,0,0,0,0,1,1,1,1,1,24,5,1229,1,10,VAUXHALL CORSA,3,E01007447,0,-1
2021461081144,2021,461081144,2,9,0,4,4,5,1,0,0,0,0,0,2,0,2,1,6,6,1,22,5,1229,1,12,VAUXHALL CORSA,10,E01024139,0,-1
2021440372821,2021,440372821,4,9,0,3,3,6,2,0,0,0,0,0,0,0,2,1,6,6,2,69,10,1229,1,11,VAUXHALL CORSA,10,E01023097,0,-1
2021991120285,2021,991120285,1,9,0,4,4,5,1,0,0,1,0,0,0,0,1,1,2,2,1,21,5,1199,1,22,VAUXHALL CORSA,2,-1,0,-1
2021430467613,2021,430467613,1,9,0,18,19,6,2,0,0,0,0,0,0,0,2,1,6,6,1,50,8,1598,1,7,VAUXHALL CORSA,9,E01030742,0,-1
2021501048748,2021,501048748,1,9,0,4,4,5,1,0,0,0,0,0,0,0,2,1,5,6,2,30,6,1398,1,11,VAUXHALL CORSA,4,E01015236,0,-1
2021461040329,2021,461040329,2,9,0,11,11,7,3,0,0,0,0,0,0,0,2,1,6,6,2,29,6,1398,1,4,VAUXHALL CORSA,4,E01024029,0,-1
2021010329241,2021,010329241,1,9,0,18,19,5,1,0,0,0,1,0,7,11,1,1,6,6,1,19,4,1229,1,14,VAUXHALL CORSA,3,E01003143,0,-1
2021440469547,2021,440469547,2,9,0,4,4,6,2,0,0,8,0,0,0,0,1,1,2,2,1,36,7,1248,2,13,VAUXHALL CORSA,7,E01023255,0,-1
2021041110878,2021,041110878,2,9,0,9,9,5,3,0,0,3,0,0,0,0,4,1,5,6,2,21,5,1398,1,5,VAUXHALL CORSA,4,E01025460,0,-1
2021451027628,2021,451027628,2,9,0,17,19,5,1,0,0,6,0,0,0,0,1,1,3,7,1,53,8,1248,2,12,VAUXHALL CORSA,10,E01031724,0,-1
202131C085821,2021,31C085821,1,9,0,18,19,3,7,0,0,1,0,0,0,0,1,1,6,6,1,21,5,1229,1,7,VAUXHALL CORSA,1,E01013868,0,-1
2021351116996,2021,351116996,2,9,0,6,6,6,6,0,0,1,0,0,0,0,2,1,6,6,1,46,8,1398,1,4,VAUXHALL CORSA,1,E01004257,0,-1
2021010308784,2021,010308784,2,9,0,18,19,3,7,0,0,8,0,0,0,0,1,1,6,6,3,-1,-1,1248,2,6,VAUXHALL CORSA,-1,-1,0,-1
2021122101301,2021,122101301,4,9,0,3,3,7,3,0,0,0,0,0,0,0,2,1,6,6,2,82,11,1199,1,1,VAUXHALL CORSA,10,E01027717,0,-1
2021552100917,2021,552100917,1,9,0,18,19,6,2,0,0,0,1,10,2,2,1,1,2,2,1,46,8,1364,1,13,VAUXHALL CORSA,7,E01020361,0,-1
2021991056994,2021,991056994,2,9,0,18,19,2,6,0,0,8,0,0,0,0,1,1,5,6,1,18,4,1398,1,10,VAUXHALL CORSA,3,-1,0,-1
2021520200879,2021,520200879,1,9,0,18,19,5,7,0,0,7,5,2,0,0,1,1,6,6,2,32,6,1364,1,17,VAUXHALL CORSA,9,E01029294,0,-1
2021041079339,2021,041079339,1,9,0,4,4,1,5,0,0,0,0,0,0,0,2,1,5,6,1,64,9,1199,1,0,VAUXHALL CORSA,-1,-1,0,-1
2021461038657,2021,461038657,4,9,0,3,3,3,7,0,0,0,0,0,0,0,2,1,5,6,2,18,4,1248,2,10,VAUXHALL CORSA,5,E01024134,0,-1
2021991092223,2021,991092223,1,9,0,18,19,6,3,0,0,4,0,0,0,0,1,1,6,6,1,50,8,998,1,8,VAUXHALL CORSA,-1,-1,0,-1
2021141014256,2021,141014256,2,9,0,18,19,1,5,0,0,0,0,0,0,0,1,1,1,1,1,51,8,1398,1,2,VAUXHALL CORSA,3,E01008148,0,-1
2021201121744,2021,201121744,1,9,0,18,19,6,2,0,0,4,0,0,0,0,1,1,6,6,2,23,5,1248,2,11,VAUXHALL CORSA,3,E01009587,0,-1
2021010304666,2021,010304666,1,9,0,15,15,7,3,0,0,0,1,0,0,0,1,1,6,6,1,22,5,1364,1,12,VAUXHALL CORSA,6,E01004534,0,-1
2021221116551,2021,221116551,1,9,0,18,19,4,8,0,0,8,0,0,0,0,4,1,5,6,2,55,8,1248,2,7,VAUXHALL CORSA,10,E01032300,0,-1
2021010298747,2021,010298747,1,9,0,7,7,8,2,0,0,5,0,0,0,0,1,1,6,6,1,32,6,1229,1,16,VAUXHALL CORSA,2,E01004283,0,-1
2021211070560,2021,211070560,2,9,0,18,19,1,5,0,0,0,5,0,0,0,2,1,6,6,1,41,7,1199,1,1,VAUXHALL CORSA,2,E01010343,0,-1
2021991110008,2021,991110008,1,9,0,9,9,1,7,0,0,8,0,0,0,0,4,1,2,2,2,61,9,1398,1,5,VAUXHALL CORSA,8,-1,0,-1
2021052100245,2021,052100245,2,9,0,17,19,5,3,0,0,8,0,0,0,0,1,1,2,2,1,26,6,1364,1,6,VAUXHALL CORSA,1,E01006771,0,-1
2021170S20431,2021,170S20431,1,9,0,11,11,6,2,0,0,5,0,0,8,7,3,1,2,2,2,61,9,1229,1,11,VAUXHALL CORSA,1,E01012286,0,-1
2021440500427,2021,440500427,1,9,0,18,19,6,2,0,0,1,0,0,1,1,4,1,6,6,2,62,9,1229,1,6,VAUXHALL CORSA,7,E01022630,0,-1
2021461059493,2021,461059493,2,9,0,3,3,3,7,0,0,0,0,0,0,0,2,1,6,6,2,25,5,1229,1,11,VAUXHALL CORSA,4,E01024384,0,-1
2021991014806,2021,991014806,1,9,0,15,15,1,5,9,9,6,0,11,0,0,1,1,6,6,1,37,7,1229,1,11,VAUXHALL CORSA,2,-1,0,-1
2021440503813,2021,440503813,1,9,0,4,4,3,7,0,0,0,0,0,0,0,1,1,6,6,2,38,7,1398,1,9,VAUXHALL CORSA,2,E01017116,0,-1
2021991088946,2021,991088946,2,9,0,16,19,4,8,0,0,0,0,0,0,0,1,1,5,6,1,18,4,1229,1,9,VAUXHALL CORSA,1,-1,0,-1
2021201084880,2021,201084880,2,9,0,4,4,7,3,0,0,4,0,10,2,0,1,1,1,1,1,35,6,1229,1,7,VAUXHALL CORSA,6,E01010339,0,-1
2021131041744,2021,131041744,3,9,0,18,19,1,1,0,0,0,0,0,0,0,2,1,6,6,1,40,7,1248,2,14,VAUXHALL CORSA,4,E01011647,0,-1
2021201125396,2021,201125396,2,9,0,9,9,3,8,0,0,1,0,7,0,0,3,1,6,6,1,74,10,1248,2,17,VAUXHALL CORSA,1,E01009384,0,-1
2021991032381,2021,991032381,2,9,0,18,19,1,5,0,0,0,1,7,4,0,1,1,5,6,1,29,6,1398,1,5,VAUXHALL CORSA,4,E01010637,0,-1
2021231095615,2021,231095615,1,9,0,18,19,6,2,0,0,0,5,2,2,6,3,1,5,6,1,21,5,1248,2,13,VAUXHALL CORSA,1,E01013825,0,-1
2021991088946,2021,991088946,1,9,0,15,15,4,8,0,0,0,2,0,1,5,1,1,6,6,1,19,4,1229,1,11,VAUXHALL CORSA,8,-1,0,-1
202154A812821,2021,54A812821,2,9,0,18,19,1,5,0,0,4,0,0,0,0,1,1,6,6,2,20,4,1229,1,8,VAUXHALL CORSA,5,E01015571,0,-1
2021440466688,2021,440466688,2,9,0,18,19,4,8,0,0,0,0,0,0,0,1,1,6,6,2,25,5,1229,1,9,VAUXHALL CORSA,10,E01022892,0,-1
2021131061091,2021,131061091,3,9,0,4,4,2,6,0,0,8,0,0,0,0,1,1,2,2,1,29,6,1398,1,11,VAUXHALL CORSA,4,E01010866,0,-1
202131B000621,2021,31B000621,1,9,0,3,3,1,5,0,0,0,0,0,1,0,2,1,6,6,2,50,8,1364,1,15,VAUXHALL CORSA,2,E01028334,0,-1
2021131120198,2021,131120198,1,9,0,18,19,5,1,0,0,0,0,0,0,0,1,1,6,6,3,-1,-1,1968,2,12,VOLKSWAGEN JETTA,-1,-1,0,-1
2021101101485,2021,101101485,1,9,0,11,11,5,1,0,0,0,0,0,0,0,4,1,6,6,1,62,9,2993,2,8,LAND ROVER RANGE ROVER SPORT,4,E01027375,0,-1
2021010302106,2021,010302106,2,9,0,99,99,9,9,99,99,9,9,99,9,99,1,9,6,6,3,-1,-1,2993,2,2,LAND ROVER RANGE ROVER SPORT,-1,-1,0,-1
2021471077453,2021,471077453,2,9,0,5,5,5,1,0,0,6,0,0,0,0,1,1,5,6,1,59,9,2993,2,4,LAND ROVER RANGE ROVER SPORT,10,E01031824,0,-1
2021010295761,2021,010295761,2,9,0,99,99,9,9,99,99,9,9,99,9,99,1,9,6,6,3,-1,-1,2993,2,5,LAND ROVER RANGE ROVER SPORT,6,E01001415,0,-1
202134NNC9121,2021,34NNC9121,1,9,0,17,19,3,7,0,0,2,0,2,1,11,1,1,6,6,1,45,7,2993,2,7,LAND ROVER RANGE ROVER SPORT,2,E01026957,0,-1
20211382D0401,2021,1382D0401,3,9,0,18,19,3,7,0,0,0,0,0,0,0,1,1,6,6,1,53,8,2993,2,3,LAND ROVER RANGE ROVER SPORT,7,E01027703,0,-1
2021461088624,2021,461088624,2,9,0,12,12,7,3,0,0,0,0,0,0,0,1,1,2,2,2,34,6,2993,2,10,LAND ROVER RANGE ROVER SPORT,5,E01001029,0,-1
2021010319501,2021,010319501,2,9,0,18,19,5,1,0,0,1,0,0,0,0,2,1,6,6,3,-1,-1,2993,2,6,LAND ROVER RANGE ROVER SPORT,-1,-1,0,-1
2021440047698,2021,440047698,3,9,0,3,3,6,2,0,0,0,0,0,0,0,2,1,2,2,2,52,8,1999,2,4,LAND ROVER RANGE ROVER SPORT,10,E01023248,0,-1
2021010340481,2021,010340481,2,9,0,18,19,3,7,0,0,0,0,0,0,0,1,1,6,6,1,48,8,2993,2,6,LAND ROVER RANGE ROVER SPORT,10,E01002188,0,-1
2021041095551,2021,041095551,1,9,0,18,19,7,3,0,0,0,0,0,0,0,4,1,5,6,2,38,7,4134,2,7,PORSCHE CAYENNE,8,E01012636,0,-1
2021440047698,2021,440047698,4,9,0,3,3,6,2,0,0,0,0,0,0,0,2,1,6,6,2,51,8,2967,2,8,PORSCHE CAYENNE,8,E01022532,0,-1
2021320246347,2021,320246347,2,9,0,18,19,7,3,0,0,8,0,0,0,0,2,1,1,1,2,40,7,999,1,4,SEAT TOLEDO,3,E01026140,0,-1
2021010345071,2021,010345071,2,9,0,3,3,7,3,0,0,1,0,0,3,0,2,1,6,6,2,77,11,2771,1,20,AUDI A8,10,W01001669,0,-1
202106E079320,2021,06E079320,2,9,0,18,19,1,5,0,0,0,0,0,0,0,2,1,6,6,2,45,7,1499,2,5,FORD ECOSPORT,1,E01005091,0,-1
2021371138299,2021,371138299,1,9,0,6,6,3,3,0,0,2,0,0,0,0,1,1,5,6,2,64,9,998,1,3,FORD ECOSPORT,6,E01029876,0,-1
2021991074995,2021,991074995,1,9,0,17,19,4,1,0,0,0,0,0,1,7,4,1,6,6,1,56,9,998,1,1,FORD ECOSPORT,8,-1,0,-1
2021131114253,2021,131114253,3,9,0,18,19,7,3,0,0,0,0,0,0,0,1,1,5,6,2,66,10,998,1,3,FORD ECOSPORT,2,E01011237,0,-1
2021010329241,2021,010329241,2,9,0,2,2,0,0,9,9,0,0,0,0,0,1,1,6,6,3,-1,-1,998,1,2,FORD ECOSPORT,-1,-1,0,-1
2021221081456,2021,221081456,2,5,0,14,14,6,2,0,0,8,0,0,0,0,1,1,2,2,1,52,8,1690,1,5,-1,1,E01032469,0,-1
2021122101341,2021,122101341,1,17,4,18,19,1,5,0,0,0,0,0,1,9,0,1,1,1,1,57,9,-1,2,12,NEW HOLLAND MODEL MISSING,8,E01027801,0,-1
2021211021886,2021,211021886,1,17,0,5,5,1,5,0,0,1,0,4,0,0,1,1,6,6,1,-1,-1,3387,2,6,NEW HOLLAND MODEL MISSING,3,E01029527,0,-1
2021401038040,2021,401038040,1,9,0,18,19,3,7,0,0,0,0,0,0,0,1,1,6,6,1,32,6,2979,1,4,BMW M4,5,E01015768,0,-1
2021552101340,2021,552101340,1,9,0,3,3,6,2,0,0,1,0,0,0,0,2,1,6,6,2,49,8,1599,1,16,FORD STREETKA,5,E01020412,0,-1
2021991092336,2021,991092336,3,9,0,4,4,8,4,0,0,0,0,0,0,0,2,1,5,6,1,74,10,1997,1,1,JAGUAR E-PACE,10,-1,0,-1
202131B052221,2021,31B052221,3,9,0,18,19,4,8,0,0,0,0,2,0,0,1,1,6,6,1,34,6,1798,8,1,TOYOTA COROLLA,6,E01028024,0,-1
2021010314069,2021,010314069,1,9,0,3,3,1,5,0,0,1,0,0,0,0,2,1,6,6,1,45,7,1598,1,19,TOYOTA COROLLA,3,E01002808,0,-1
2021351052847,2021,351052847,5,9,0,3,3,7,3,0,0,0,0,0,0,0,4,1,1,1,1,24,5,1798,8,1,TOYOTA COROLLA,3,E01022237,0,-1
2021201147327,2021,201147327,3,9,0,3,3,-1,-1,0,0,0,0,0,0,0,2,1,6,6,1,-1,-1,1798,8,2,TOYOTA COROLLA,10,E01010297,0,-1
202163A005721,2021,63A005721,2,9,0,18,19,2,6,0,0,0,0,0,0,0,1,1,6,6,1,32,6,2231,2,15,TOYOTA COROLLA,3,W01000641,0,-1
2021201075694,2021,201075694,1,9,0,18,19,4,8,0,0,8,0,0,0,0,3,1,6,6,1,23,5,1798,8,1,TOYOTA COROLLA,1,E01008905,0,-1
2021221036178,2021,221036178,3,9,0,4,4,6,3,0,0,8,0,0,0,0,2,1,5,6,2,32,6,1398,1,15,TOYOTA COROLLA,6,E01028975,0,-1
2021471103069,2021,471103069,1,9,0,18,19,5,1,0,0,0,0,0,0,0,4,1,6,6,3,-1,-1,1798,8,1,TOYOTA COROLLA,-1,-1,0,-1
2021201061310,2021,201061310,2,9,0,3,3,6,2,0,0,0,0,0,0,0,2,1,6,6,2,43,7,1794,1,14,TOYOTA COROLLA,1,E01009053,0,-1
2021141021009,2021,141021009,2,9,0,18,19,6,8,0,0,1,0,0,0,0,2,1,6,6,1,21,5,2998,1,4,BMW M1,7,E01007689,0,-1
2021471036911,2021,471036911,2,9,0,18,19,3,7,0,0,0,0,0,0,0,2,1,6,6,1,26,6,2998,1,4,BMW M1,3,E01016919,0,-1
2021201118346,2021,201118346,1,9,0,18,19,6,2,0,0,0,0,10,1,10,1,1,6,6,3,-1,-1,2998,1,2,BMW M1,-1,-1,0,-1
2021351052847,2021,351052847,1,21,0,18,19,7,3,0,0,0,1,0,4,0,1,1,1,1,1,26,6,9200,2,15,-1,9,E01025769,0,-1
2021161022872,2021,161022872,1,19,0,16,19,6,2,0,0,1,0,0,7,0,1,1,1,1,1,49,8,2198,2,15,FORD TRANSIT,7,E01012966,0,-1
202131D030021,2021,31D030021,2,19,0,18,19,5,1,0,0,0,0,0,0,0,2,1,6,6,1,52,8,1995,2,3,FORD TRANSIT,-1,-1,0,-1
2021010341189,2021,010341189,1,10,0,11,11,5,1,0,0,0,0,0,0,0,0,1,1,1,1,66,10,1995,2,1,FORD TRANSIT,9,E01000987,0,-1
2021010289664,2021,010289664,2,19,0,18,19,3,7,0,0,8,0,0,0,0,1,1,1,1,1,61,9,2402,2,9,FORD TRANSIT,10,E01000463,0,-1
2021371029472,2021,371029472,2,19,0,3,3,1,5,0,0,1,0,0,0,0,2,1,1,1,1,33,6,1995,2,1,FORD TRANSIT,1,E01029980,0,-1
2021201053814,2021,201053814,3,19,0,3,3,6,2,0,0,1,0,0,0,0,2,1,6,6,1,39,7,2402,2,10,FORD TRANSIT,2,E01010077,0,-1
2021421022280,2021,421022280,6,19,0,18,19,7,3,0,0,0,1,0,0,0,1,1,6,6,1,35,6,2198,2,8,FORD TRANSIT,3,E01000107,0,-1
2021991074264,2021,991074264,2,19,0,18,19,4,8,0,0,0,0,0,0,0,1,1,1,1,1,39,7,1995,2,3,FORD TRANSIT,1,-1,0,-1
202134WNC1621,2021,34WNC1621,3,19,0,4,4,7,3,0,0,0,0,0,0,0,2,1,1,1,1,67,10,2198,2,5,FORD TRANSIT,10,E01027255,0,-1
2021170S10441,2021,170S10441,1,19,0,18,19,4,8,0,0,0,0,0,0,0,1,1,1,1,1,41,7,2198,2,13,FORD TRANSIT,3,E01032552,0,-1
2021101055283,2021,101055283,1,19,0,18,19,1,5,0,0,0,0,0,0,0,1,1,6,6,1,-1,-1,1998,2,18,FORD TRANSIT,-1,-1,0,-1
2021451024013,2021,451024013,2,19,0,3,3,1,5,0,0,0,0,0,0,0,1,1,1,1,1,52,8,2402,2,16,FORD TRANSIT,6,E01030677,0,-1
2021061065843,2021,061065843,1,19,0,18,19,7,3,0,0,0,0,0,1,6,1,1,5,6,1,58,9,2402,2,16,FORD TRANSIT,-1,-1,0,-1
2021991093943,2021,991093943,1,19,0,18,19,5,1,0,0,0,0,0,0,0,1,1,1,1,1,29,6,1995,2,2,FORD TRANSIT,7,-1,0,-1
2021361033453,2021,361033453,1,19,0,7,7,1,7,0,0,2,0,0,0,0,1,1,2,2,1,44,7,1995,2,1,FORD TRANSIT,8,E01026886,0,-1
2021440044395,2021,440044395,2,19,0,3,3,5,1,0,0,1,0,0,0,0,2,1,1,1,1,42,7,1995,2,4,FORD TRANSIT,3,E01023157,0,-1
2021041022019,2021,041022019,2,19,0,2,2,0,0,6,6,0,0,0,0,0,4,1,6,6,1,24,5,1995,2,1,FORD TRANSIT,2,E01025581,0,-1
2021461038657,2021,461038657,5,19,0,3,3,3,7,0,0,0,0,0,0,0,1,1,5,6,1,34,6,1995,2,1,FORD TRANSIT,2,E01001594,0,-1
2021411033695,2021,411033695,1,19,0,7,7,7,1,0,0,0,0,0,0,0,3,1,6,6,1,46,8,1995,2,3,FORD TRANSIT,8,E01000175,0,-1
2021991046095,2021,991046095,1,19,0,2,2,0,0,9,9,0,0,0,7,11,1,1,1,1,1,51,8,2402,2,11,FORD TRANSIT,7,-1,0,-1
2021430213016,2021,430213016,2,19,0,4,4,6,2,0,0,1,0,0,0,0,1,1,6,6,1,43,7,2198,2,13,FORD TRANSIT,6,E01018852,0,-1
2021411020907,2021,411020907,1,19,0,7,7,1,3,0,0,5,0,0,0,0,1,1,2,2,1,-1,-1,2198,2,9,FORD TRANSIT,4,E01023301,0,-1
2021010318324,2021,010318324,1,19,0,99,99,9,9,99,99,9,9,99,9,99,2,9,6,6,1,41,7,1995,2,1,FORD TRANSIT,1,E01000858,0,-1
2021461105502,2021,461105502,2,19,0,2,2,0,0,0,0,0,0,0,0,0,2,1,5,6,1,26,6,2198,2,5,FORD TRANSIT,4,E01024384,0,-1
2021010305578,2021,010305578,1,19,0,1,1,3,7,9,9,1,0,0,0,0,2,1,1,1,1,46,8,1995,2,3,FORD TRANSIT,1,E01001425,0,-1
2021010304038,2021,010304038,1,19,0,9,9,3,1,0,0,2,1,0,0,0,1,1,1,1,1,43,7,2402,2,15,FORD TRANSIT,3,E01002243,0,-1
2021430203171,2021,430203171,2,19,0,4,4,3,7,0,0,0,0,0,0,0,2,1,1,1,1,30,6,2198,2,6,FORD TRANSIT,3,E01023876,0,-1
2021052100836,2021,052100836,1,19,0,18,19,5,1,0,0,1,0,0,0,0,1,1,6,6,2,62,9,1995,2,2,FORD TRANSIT,3,E01006925,0,-1
2021552100525,2021,552100525,1,19,0,18,19,8,4,0,0,6,0,0,0,0,1,1,1,1,1,58,9,1995,2,4,FORD TRANSIT,8,E01020515,0,-1
2021010343252,2021,010343252,2,19,0,99,99,9,9,99,99,9,9,99,9,99,1,9,6,6,3,-1,-1,1995,2,3,FORD TRANSIT,3,E01003081,0,-1
2021010318847,2021,010318847,1,19,0,1,1,1,4,0,0,1,0,0,0,0,2,1,1,1,1,52,8,1995,2,1,FORD TRANSIT,2,E01002851,0,-1
2021231082832,2021,231082832,1,19,0,4,4,5,1,0,0,0,0,0,0,0,1,1,5,6,1,31,6,2198,2,8,FORD TRANSIT,6,E01025824,0,-1
2021531103822,2021,531103822,1,19,0,18,19,-1,-1,0,0,0,1,0,0,0,1,1,6,6,1,35,6,2198,2,12,FORD TRANSIT,6,E01022383,0,-1
2021010339009,2021,010339009,2,19,0,18,19,6,2,0,0,0,1,0,0,0,2,1,1,1,1,26,6,1995,2,1,FORD TRANSIT,2,E01001959,0,-1
2021421022280,2021,421022280,2,19,0,18,19,7,3,0,0,0,1,0,0,0,2,1,1,1,1,59,9,2198,2,6,FORD TRANSIT,7,E01021416,0,-1
2021131041461,2021,131041461,2,19,0,5,5,1,5,0,0,1,0,11,0,0,1,1,5,6,1,54,8,2402,2,18,FORD TRANSIT,1,E01010654,0,-1
2021070629056,2021,070629056,1,19,0,18,19,6,2,0,0,0,0,0,0,0,1,1,6,6,1,-1,-1,2198,2,14,FORD TRANSIT,-1,-1,0,-1
2021361065216,2021,361065216,2,19,0,18,19,6,2,0,0,8,0,0,0,0,4,1,1,1,1,35,6,2198,2,7,FORD TRANSIT,2,E01026820,0,-1
2021010291448,2021,010291448,1,20,0,9,9,7,5,0,0,5,0,0,0,0,4,1,1,1,1,47,8,1995,2,4,FORD TRANSIT,4,E01004401,0,-1
2021052102112,2021,052102112,1,4,0,18,19,1,5,0,0,0,1,0,0,0,1,1,2,2,1,40,7,125,1,6,-1,5,E01007030,0,-1
2021010297383,2021,010297383,3,3,0,3,3,3,7,0,0,1,0,0,0,0,0,1,6,6,1,21,5,108,1,5,HONDA NSC,7,E01004597,0,-1
2021010298267,2021,010298267,2,3,0,18,19,5,1,0,0,2,0,0,0,0,4,1,6,6,1,41,7,108,1,7,HONDA NSC,1,E01033701,0,-1
2021010302732,2021,010302732,1,3,0,18,19,1,5,0,0,0,0,0,0,0,0,1,6,6,1,25,5,108,1,5,HONDA NSC,6,E01000193,0,-1
2021010295761,2021,010295761,1,3,0,99,99,9,9,99,99,9,9,99,9,99,1,1,6,6,1,26,6,108,1,6,HONDA NSC,3,E01002044,0,-1
2021010328168,2021,010328168,2,3,0,18,19,1,5,0,0,2,0,1,0,0,1,1,1,1,1,30,6,108,1,2,HONDA NSC,5,E01003247,0,-1
2021231108952,2021,231108952,1,3,0,4,4,8,4,0,0,8,0,0,0,0,1,1,1,1,1,26,6,108,1,2,HONDA NSC,4,E01031052,0,-1
2021010341581,2021,010341581,1,3,0,18,19,3,7,0,0,1,0,0,0,0,1,1,1,1,1,23,5,108,1,3,HONDA NSC,5,E01001214,0,-1
2021451098120,2021,451098120,1,3,0,18,19,4,8,0,0,1,0,0,0,0,4,1,1,1,1,27,6,125,1,0,LEXMOTO AURA,8,E01030449,0,-1
202131D124621,2021,31D124621,3,19,0,18,19,2,6,0,0,0,0,0,0,0,1,1,1,1,1,28,6,1598,2,2,RENAULT TRAFIC,3,E01026012,0,-1
2021010313446,2021,010313446,2,19,0,12,12,3,7,0,0,1,0,0,0,0,3,1,2,2,1,43,7,1997,2,1,RENAULT TRAFIC,2,E01003189,0,-1
2021201049177,2021,201049177,2,19,0,4,4,8,4,0,0,8,0,0,0,0,1,1,2,2,1,33,6,1598,2,4,RENAULT TRAFIC,2,E01012621,0,-1
2021471096670,2021,471096670,1,19,0,1,1,5,1,0,0,0,0,0,0,0,2,1,1,1,1,51,8,1598,2,5,RENAULT TRAFIC,7,E01031351,0,-1
2021131102886,2021,131102886,1,10,0,-1,-1,-1,-1,-1,-1,0,-1,-1,-1,-1,-1,1,1,1,1,53,8,-1,-1,-1,RENAULT TRAFIC,4,E01010601,0,-1
2021451095074,2021,451095074,2,19,0,4,4,1,5,0,0,0,1,0,0,0,3,1,6,6,1,25,5,1598,2,3,RENAULT TRAFIC,8,E01030565,0,-1
2021201118172,2021,201118172,3,9,0,18,19,8,4,0,0,0,0,0,0,0,2,1,6,6,1,-1,-1,1598,2,3,RENAULT TRAFIC,1,E01033650,0,-1
2021471104134,2021,471104134,1,9,0,18,19,7,3,0,0,0,1,0,0,0,1,1,5,6,2,36,7,1984,1,3,VOLKSWAGEN GOLF,2,E01004129,0,-1
2021010333634,2021,010333634,1,9,0,18,19,2,6,0,0,2,5,7,0,0,1,1,6,6,2,21,5,1896,2,13,VOLKSWAGEN GOLF,3,E01000553,0,-1
2021221055652,2021,221055652,3,9,0,18,19,8,4,0,0,8,0,0,0,0,1,1,5,6,1,55,8,1498,1,1,VOLKSWAGEN GOLF,3,E01014153,0,-1
2021461081144,2021,461081144,1,9,0,4,4,5,1,0,0,0,0,0,2,0,1,1,6,6,1,56,9,1390,1,12,VOLKSWAGEN GOLF,9,E01024143,0,-1
2021010333449,2021,010333449,2,9,0,99,99,9,9,99,99,9,9,99,9,99,1,9,6,6,1,-1,-1,1984,1,3,VOLKSWAGEN GOLF,6,E01002912,0,-1
2021440372821,2021,440372821,2,9,0,4,4,6,2,0,0,0,0,0,0,0,2,1,6,6,1,26,6,1390,1,18,VOLKSWAGEN GOLF,8,E01030979,0,-1
2021401110603,2021,401110603,2,9,0,4,4,8,4,0,0,0,0,0,0,0,2,1,6,6,1,60,9,1598,2,9,VOLKSWAGEN GOLF,9,E01017454,0,-1
2021201111827,2021,201111827,1,9,0,18,19,5,1,0,0,1,0,0,0,0,1,1,6,6,2,42,7,1600,1,17,VOLKSWAGEN GOLF,1,E01010064,0,-1
2021052101319,2021,052101319,1,9,0,18,19,5,1,0,0,0,0,0,0,0,1,1,1,1,1,32,6,1598,2,5,VOLKSWAGEN GOLF,7,E01007316,0,-1
2021161090244,2021,161090244,1,9,0,5,5,3,7,0,0,6,0,0,0,0,1,1,6,6,1,75,10,1197,1,5,VOLKSWAGEN GOLF,7,E01012814,0,-1
2021010327627,2021,010327627,2,9,0,2,2,0,0,0,0,0,0,0,0,0,2,1,6,6,3,-1,-1,1600,1,17,VOLKSWAGEN GOLF,-1,-1,0,-1
2021201061310,2021,201061310,1,9,0,14,14,2,6,0,0,0,1,0,0,0,1,1,6,6,1,-1,-1,1896,2,13,VOLKSWAGEN GOLF,-1,-1,0,-1
2021010303757,2021,010303757,2,9,0,18,19,4,8,0,0,1,0,0,0,0,1,1,1,1,2,31,6,1498,8,1,VOLKSWAGEN GOLF,2,E01004567,0,-1
2021201118773,2021,201118773,2,9,0,18,19,1,5,0,0,0,0,0,0,0,2,1,6,6,1,23,5,1598,2,8,VOLKSWAGEN GOLF,8,E01019951,0,-1
2021471110762,2021,471110762,2,9,0,3,3,7,3,0,0,0,0,0,0,0,2,1,2,2,1,40,7,1598,2,10,VOLKSWAGEN GOLF,6,E01032833,0,-1
2021440329367,2021,440329367,1,9,0,18,19,7,3,0,0,0,1,0,0,0,1,1,6,6,2,32,6,1896,2,12,VOLKSWAGEN GOLF,6,E01017018,0,-1
2021010340209,2021,010340209,1,9,0,18,19,1,5,0,0,8,0,0,0,0,1,1,6,6,1,20,4,1984,1,6,VOLKSWAGEN GOLF,3,E01001397,0,-1
2021211034698,2021,211034698,1,9,0,18,19,6,2,0,0,0,0,10,1,10,2,1,6,6,1,49,8,1598,2,9,VOLKSWAGEN GOLF,2,E01029410,0,-1
2021041062971,2021,041062971,2,9,0,9,9,5,1,0,0,1,0,0,0,0,4,1,6,6,2,23,5,1598,2,10,VOLKSWAGEN GOLF,1,E01012574,0,-1
2021371151026,2021,371151026,1,9,0,4,4,1,5,0,0,8,0,0,0,0,1,1,1,1,1,18,4,1390,1,18,VOLKSWAGEN GOLF,9,E01030164,0,-1
2021131051067,2021,131051067,1,9,0,18,19,7,3,0,0,0,0,0,0,0,4,1,5,6,1,45,7,1968,2,5,VOLKSWAGEN GOLF,3,E01011601,0,-1
2021471031783,2021,471031783,1,9,0,18,19,6,2,0,0,1,0,0,0,0,1,1,6,6,1,-1,-1,1598,1,17,VOLKSWAGEN GOLF,-1,-1,0,-1
2021052100119,2021,052100119,2,9,0,18,19,4,8,0,0,8,0,7,1,1,3,1,2,2,1,37,7,-1,3,1,VOLKSWAGEN GOLF,2,E01006953,0,-1
2021010306534,2021,010306534,4,9,0,3,3,3,7,0,0,0,0,0,0,0,1,2,6,6,2,54,8,1600,2,11,VOLKSWAGEN GOLF,10,E01002190,0,-1
2021131052700,2021,131052700,1,9,0,18,19,7,3,0,0,0,0,0,0,0,4,1,5,6,2,23,5,1598,2,4,VOLKSWAGEN GOLF,10,E01011711,0,-1
2021010312388,2021,010312388,2,9,0,99,99,9,9,99,99,9,9,99,9,99,9,9,6,6,3,-1,-1,1395,1,4,VOLKSWAGEN GOLF,10,E01023410,0,-1
2021010294900,2021,010294900,1,9,0,11,11,3,7,0,0,5,0,7,0,0,1,1,6,6,1,29,6,999,1,5,VOLKSWAGEN GOLF,1,E01002099,0,-1
2021201057959,2021,201057959,1,9,0,18,19,-1,-1,0,0,0,0,0,0,0,1,1,6,6,1,-1,-1,1600,1,17,VOLKSWAGEN GOLF,-1,-1,0,-1
2021201117121,2021,201117121,3,9,0,18,19,5,1,0,0,0,0,0,0,0,2,1,6,6,1,21,5,1598,1,13,VOLKSWAGEN GOLF,7,E01009645,0,-1
2021991069133,2021,991069133,2,9,0,18,19,2,6,0,0,0,0,0,0,0,2,1,5,6,1,29,6,1598,2,7,VOLKSWAGEN GOLF,5,-1,0,-1
202134WNC2491,2021,34WNC2491,2,9,0,18,19,5,1,0,0,0,0,0,0,0,2,1,6,6,1,63,9,2000,2,12,VOLKSWAGEN GOLF,2,E01016726,0,-1
2021010304530,2021,010304530,2,9,0,3,3,7,3,0,0,2,0,0,0,0,2,1,2,2,1,25,5,1390,1,12,VOLKSWAGEN GOLF,4,E01000316,0,-1
2021101109026,2021,101109026,1,9,0,18,19,5,1,0,0,0,0,2,0,0,1,1,2,2,2,29,6,1968,2,8,VOLKSWAGEN GOLF,2,E01008336,0,-1
2021041014729,2021,041014729,1,9,0,18,19,7,3,0,0,0,0,0,0,0,1,1,1,1,1,52,8,1900,2,16,VOLKSWAGEN GOLF,1,E01012571,0,-1
202131B134721,2021,31B134721,1,9,0,18,19,2,6,0,0,0,0,0,0,0,1,1,6,6,1,-1,-1,1598,2,10,VOLKSWAGEN GOLF,4,E01026192,0,-1
202131D168821,2021,31D168821,2,9,0,18,19,7,3,0,0,0,0,0,0,0,1,1,1,1,1,43,7,2000,2,15,VOLKSWAGEN GOLF,2,E01013963,0,-1
2021421112432,2021,421112432,1,9,0,18,19,6,2,0,0,0,0,0,0,0,3,1,5,6,1,23,5,1498,1,1,VOLKSWAGEN GOLF,9,E01021721,0,-1
2021501062846,2021,501062846,1,9,0,18,19,4,8,0,0,0,1,0,2,10,4,1,5,6,2,25,5,1598,1,15,VOLKSWAGEN GOLF,1,E01015196,0,-1
2021540673521,2021,540673521,3,9,0,4,4,5,1,0,0,0,0,0,0,0,2,1,2,2,1,35,6,1598,2,9,VOLKSWAGEN GOLF,3,E01014622,0,-1
2021201124830,2021,201124830,1,9,0,5,5,6,4,0,0,1,0,0,0,0,1,1,2,2,1,56,9,1896,2,13,VOLKSWAGEN GOLF,7,E01010394,0,-1
2021540354621,2021,540354621,1,9,0,18,19,2,6,0,0,1,0,0,0,0,1,1,6,6,1,57,9,1896,2,18,VOLKSWAGEN GOLF,4,E01032014,0,-1
2021461014986,2021,461014986,1,9,0,18,19,1,5,0,0,3,1,0,0,0,1,1,6,6,1,19,4,1968,2,13,VOLKSWAGEN GOLF,2,E01024294,0,-1
2021010302856,2021,010302856,2,9,0,7,7,1,4,0,0,5,0,0,0,0,3,1,6,6,2,22,5,999,1,3,VOLKSWAGEN GOLF,4,E01002233,0,-1
2021041022314,2021,041022314,1,9,0,18,19,7,3,0,0,0,0,0,0,0,4,1,5,6,1,26,6,1968,2,1,VOLKSWAGEN GOLF,-1,-1,0,-1
2021221081456,2021,221081456,1,9,0,9,9,6,7,0,0,5,0,0,0,0,3,1,6,6,1,29,6,1900,2,15,VOLKSWAGEN GOLF,2,E01032435,0,-1
2021201084734,2021,201084734,2,9,0,17,19,8,6,0,0,0,0,0,0,0,1,1,6,6,1,24,5,1598,2,9,VOLKSWAGEN GOLF,1,E01009025,0,-1
2021010322046,2021,010322046,2,9,0,11,11,2,6,0,0,0,0,0,0,0,2,1,6,6,2,28,6,1984,1,6,VOLKSWAGEN GOLF,1,E01003291,0,-1
2021520101538,2021,520101538,1,9,0,5,5,1,5,0,0,8,0,0,0,0,1,1,6,6,1,45,7,1395,1,3,VOLKSWAGEN GOLF,8,E01029319,0,-1
2021041096391,2021,041096391,1,9,0,18,19,5,1,0,0,0,0,2,0,0,3,1,6,6,1,21,5,1900,2,16,VOLKSWAGEN GOLF,5,E01012633,0,-1
2021010297489,2021,010297489,1,9,0,99,99,9,9,99,99,9,9,99,9,99,2,9,6,6,2,35,6,1598,1,15,VOLKSWAGEN GOLF,6,E01030363,0,-1
2021221055652,2021,221055652,1,9,0,18,19,4,8,0,0,8,5,0,0,0,1,1,5,6,1,18,4,1390,1,12,VOLKSWAGEN GOLF,10,E01025797,0,-1
2021522100608,2021,522100608,2,9,0,16,19,5,8,0,0,8,0,0,0,0,1,1,6,6,3,-1,-1,1968,2,14,VOLKSWAGEN GOLF,-1,-1,0,-1
2021501120008,2021,501120008,3,9,0,3,3,8,4,0,0,0,0,0,0,0,2,1,6,6,1,31,6,1781,1,21,VOLKSWAGEN GOLF,4,E01018962,0,-1
2021451060890,2021,451060890,1,9,0,9,9,3,7,0,0,8,0,0,1,1,4,1,2,2,1,61,9,1395,1,6,VOLKSWAGEN GOLF,6,E01017809,0,-1
2021430194431,2021,430194431,1,9,0,18,19,3,7,0,0,1,1,2,4,1,1,1,6,6,1,32,6,1390,1,16,VOLKSWAGEN GOLF,10,E01016645,0,-1
2021170S10441,2021,170S10441,2,9,0,4,4,4,8,0,0,0,0,0,0,0,2,1,2,2,2,42,7,1395,1,3,VOLKSWAGEN GOLF,8,E01012067,0,-1
2021010322046,2021,010322046,1,9,0,13,13,2,6,0,0,0,2,0,0,0,1,1,6,6,1,20,4,1390,1,13,VOLKSWAGEN GOLF,-1,-1,0,-1
2021201125294,2021,201125294,2,9,0,4,4,4,2,0,0,0,0,0,0,0,2,1,6,6,1,26,6,1197,1,9,VOLKSWAGEN GOLF,5,E01008885,0,-1
2021101062914,2021,101062914,1,9,0,18,19,7,3,0,0,0,1,2,1,0,1,1,6,6,1,41,7,1968,2,7,VOLKSWAGEN GOLF,-1,-1,0,-1
2021221059083,2021,221059083,3,9,0,3,3,3,7,0,0,0,0,0,0,0,3,1,5,6,1,45,7,1498,1,0,VOLKSWAGEN GOLF,8,E01032223,0,-1
2021471108560,2021,471108560,3,9,0,4,4,7,3,0,0,0,0,0,0,0,1,1,2,2,2,57,9,1598,2,8,VOLKSWAGEN GOLF,9,E01031582,0,-1
2021991032773,2021,991032773,1,9,0,12,12,3,7,0,0,0,0,0,0,0,1,1,6,6,1,21,5,3200,1,13,VOLKSWAGEN GOLF,5,-1,0,-1
2021221017673,2021,221017673,2,9,0,17,19,8,4,0,0,1,0,0,0,0,1,1,5,6,1,30,6,1984,1,7,VOLKSWAGEN GOLF,4,E01009030,0,-1
2021201063689,2021,201063689,2,9,0,9,9,6,4,0,0,6,0,0,0,0,3,1,6,6,1,45,7,1598,2,8,VOLKSWAGEN GOLF,5,E01009279,0,-1
2021501064675,2021,501064675,1,9,0,4,4,7,3,0,0,0,0,0,0,0,1,1,1,1,1,34,6,1984,1,2,VOLKSWAGEN GOLF,1,E01032318,0,-1
202131C138521,2021,31C138521,2,9,0,18,19,6,2,0,0,1,0,0,0,0,1,1,6,6,1,19,4,1900,2,15,VOLKSWAGEN GOLF,2,E01013916,0,-1
2021991111284,2021,991111284,3,9,0,3,3,5,1,0,0,1,0,0,0,0,2,1,6,6,1,30,6,1598,2,7,VOLKSWAGEN GOLF,1,-1,0,-1
2021010299166,2021,010299166,3,9,0,18,19,7,3,0,0,0,0,0,0,0,1,1,6,6,1,39,7,1395,8,3,VOLKSWAGEN GOLF,3,E01001942,0,-1
2021201028606,2021,201028606,3,9,0,2,2,0,0,0,0,0,0,0,0,0,1,1,6,6,1,26,6,1598,2,4,VOLKSWAGEN GOLF,1,E01010367,0,-1
2021131064205,2021,131064205,2,9,0,18,19,1,5,0,0,0,0,0,0,0,1,1,1,1,3,-1,-1,2993,2,2,BMW 3 SERIES,1,E01010730,0,-1
2021010347376,2021,010347376,2,9,0,18,19,3,7,0,0,1,0,0,0,0,1,1,6,6,1,34,6,1995,1,16,BMW 3 SERIES,4,E01033590,0,-1
202134WNC2141,2021,34WNC2141,2,9,0,3,3,7,3,0,0,0,0,0,0,0,2,1,2,2,1,43,7,1995,2,16,BMW 3 SERIES,8,E01032975,0,-1
2021131067246,2021,131067246,3,9,0,18,19,6,2,0,0,0,0,0,0,0,1,1,5,6,1,41,7,1995,2,10,BMW 3 SERIES,8,E01027838,0,-1
2021302100381,2021,302100381,4,9,0,4,4,5,1,0,0,0,0,0,0,0,1,1,6,6,1,26,6,1995,2,9,BMW 3 SERIES,10,E01013468,0,-1
2021201052046,2021,201052046,1,9,0,5,5,5,8,0,0,0,0,0,0,0,1,1,6,6,3,-1,-1,1998,1,1,BMW 3 SERIES,-1,-1,0,-1
2021041012995,2021,041012995,1,9,0,18,19,7,3,0,0,0,0,0,0,0,1,1,5,6,1,74,10,2494,1,18,BMW 3 SERIES,9,E01025551,0,-1
2021461105502,2021,461105502,1,9,0,18,19,7,3,0,0,0,0,0,0,0,1,1,5,6,1,-1,-1,1998,8,2,BMW 3 SERIES,-1,-1,0,-1
2021010288555,2021,010288555,1,9,0,7,7,5,7,0,0,8,0,0,0,0,4,1,2,2,1,25,5,1995,2,8,BMW 3 SERIES,4,E01003409,0,-1
2021501062112,2021,501062112,1,9,0,5,5,1,6,0,0,1,0,0,0,0,1,1,6,6,1,52,8,1995,2,17,BMW 3 SERIES,9,E01020162,0,-1
2021010345515,2021,010345515,3,9,0,18,19,3,7,0,0,1,0,0,0,0,1,1,2,2,1,36,7,1995,1,10,BMW 3 SERIES,2,E01001579,0,-1
2021131074133,2021,131074133,3,9,0,18,19,3,7,0,0,0,0,0,0,0,2,1,5,6,1,23,5,1998,1,2,BMW 3 SERIES,4,E01011157,0,-1
2021010323242,2021,010323242,1,9,0,18,19,5,1,0,0,0,0,0,0,0,3,1,2,2,1,37,7,1995,2,9,BMW 3 SERIES,8,E01003818,0,-1
2021010349916,2021,010349916,2,9,0,99,99,9,9,99,99,0,9,99,9,99,2,9,6,6,1,37,7,1998,1,4,BMW 3 SERIES,3,E01002756,0,-1
2021451070864,2021,451070864,1,9,0,9,9,7,5,0,0,3,0,0,0,0,4,1,5,6,1,51,8,1998,1,2,BMW 3 SERIES,3,W01000907,0,-1
2021201097532,2021,201097532,1,9,0,9,9,8,6,0,0,5,0,0,0,0,2,1,6,6,1,27,6,1995,1,9,BMW 3 SERIES,1,E01015637,0,-1
2021141062083,2021,141062083,2,9,0,18,19,7,3,0,0,0,0,0,0,0,1,1,1,1,1,24,5,1499,1,2,BMW 3 SERIES,-1,-1,0,-1
2021351052847,2021,351052847,4,9,0,3,3,7,3,0,0,0,0,0,0,0,4,1,6,6,1,51,8,1951,2,20,BMW 3 SERIES,9,E01033512,0,-1
2021552100248,2021,552100248,2,9,0,18,19,3,7,0,0,8,0,0,0,0,1,1,2,2,1,20,4,1995,2,16,BMW 3 SERIES,5,E01015444,0,-1
2021201049530,2021,201049530,2,9,0,18,19,2,6,0,0,8,0,0,0,0,1,1,6,6,1,32,6,1997,1,8,BMW 3 SERIES,2,E01010048,0,-1
2021131064205,2021,131064205,3,9,0,18,19,1,5,0,0,0,0,0,0,0,0,1,1,1,3,-1,-1,2993,2,2,BMW 3 SERIES,1,E01010730,0,-1
2021010328862,2021,010328862,2,9,0,5,5,1,5,0,0,8,0,0,0,0,1,1,6,6,1,23,5,1995,1,10,BMW 3 SERIES,8,E01002274,0,-1
2021421104349,2021,421104349,1,9,0,10,10,3,1,0,0,0,0,0,0,0,1,1,1,1,1,37,7,1995,2,13,BMW 3 SERIES,9,E01021873,0,-1
2021320725190,2021,320725190,2,9,0,3,3,6,2,0,0,0,0,0,0,0,2,1,2,2,1,28,6,1995,2,14,BMW 3 SERIES,3,E01026025,0,-1
2021430502367,2021,430502367,2,9,0,18,19,8,4,0,0,8,0,0,0,0,4,1,6,6,1,26,6,1995,1,16,BMW 3 SERIES,4,E01016360,0,-1
2021201028606,2021,201028606,1,9,0,18,19,4,8,0,0,0,1,4,7,0,1,1,6,6,1,28,6,1995,2,14,BMW 3 SERIES,1,E01033643,0,-1
2021440316225,2021,440316225,1,9,0,4,4,7,3,0,0,0,0,0,0,0,4,1,6,6,1,40,7,2993,2,6,BMW 3 SERIES,8,W01000554,0,-1
2021430151049,2021,430151049,1,9,0,12,12,8,4,0,0,1,0,0,0,0,3,1,2,2,3,36,7,2993,2,4,BMW 3 SERIES,10,E01016386,0,-1
2021101078368,2021,101078368,1,9,0,4,4,3,7,0,0,2,0,0,0,0,1,1,6,6,1,16,4,1995,2,5,BMW 3 SERIES,-1,-1,0,-1
2021010312717,2021,010312717,2,9,0,14,14,5,1,0,0,0,0,0,0,0,0,1,6,6,1,35,6,1995,2,11,BMW 3 SERIES,3,E01000138,0,-1
2021111030745,2021,111030745,2,9,0,18,19,3,7,0,0,0,0,0,7,9,4,1,5,6,1,31,6,2993,2,4,BMW 3 SERIES,2,E01020840,0,-1
2021421072174,2021,421072174,1,9,0,17,19,7,3,0,0,1,0,2,1,0,4,1,6,6,1,23,5,1995,2,9,BMW 3 SERIES,2,E01000017,0,-1
2021371119749,2021,371119749,1,9,0,7,7,1,4,0,0,0,0,0,0,0,1,1,6,6,1,64,9,1995,2,10,BMW 3 SERIES,9,E01030196,0,-1
2021052100119,2021,052100119,3,9,0,18,19,2,6,0,0,1,0,0,0,0,1,1,6,6,1,43,7,2993,2,2,BMW 3 SERIES,2,E01006751,0,-1
2021320173928,2021,320173928,2,9,0,3,3,3,7,0,0,2,0,0,0,0,2,1,6,6,1,28,6,1995,2,9,BMW 3 SERIES,4,E01026366,0,-1
2021101101531,2021,101101531,1,9,0,18,19,3,7,0,0,0,1,0,0,0,1,1,5,6,1,32,6,2993,2,8,BMW 3 SERIES,9,E01008526,0,-1
202134WNC2081,2021,34WNC2081,3,9,0,18,19,1,5,0,0,0,0,0,0,0,3,1,2,2,1,41,7,1995,2,2,BMW 3 SERIES,6,E01019651,0,-1
2021471088935,2021,471088935,2,9,0,3,3,5,1,0,0,0,0,0,0,0,2,1,5,6,2,26,6,1995,2,5,BMW 3 SERIES,4,E01031553,0,-1
2021010325401,2021,010325401,2,9,0,3,3,3,7,0,0,1,0,0,0,0,1,1,6,6,1,27,6,1995,2,7,BMW 3 SERIES,2,E01002097,0,-1
2021010299370,2021,010299370,1,9,0,13,13,3,7,0,0,0,1,0,0,0,3,1,6,6,3,-1,-1,2497,1,14,BMW 3 SERIES,-1,-1,0,-1
2021421103641,2021,421103641,1,9,0,18,19,4,8,0,0,0,1,2,4,6,1,1,6,6,1,18,4,1995,1,17,BMW 3 SERIES,-1,-1,0,-1
2021010290942,2021,010290942,2,9,0,18,19,3,7,0,0,8,0,0,0,0,1,1,6,6,1,53,8,2993,2,7,BMW 3 SERIES,7,E01002883,0,-1
2021010337406,2021,010337406,1,9,0,4,4,7,3,0,0,0,0,0,0,0,2,1,6,6,1,51,8,1995,2,11,BMW 3 SERIES,8,E01016491,0,-1
2021201075694,2021,201075694,2,9,0,9,9,8,6,0,0,5,0,0,0,0,4,1,6,6,2,42,7,1995,2,8,BMW 3 SERIES,2,E01009481,0,-1
2021471049326,2021,471049326,1,9,0,5,5,7,3,0,0,8,0,0,0,0,1,1,6,6,2,55,8,1596,1,19,FORD FOCUS,8,E01031474,0,-1
2021201143712,2021,201143712,2,9,0,3,3,-1,-1,0,0,0,0,0,0,0,0,1,6,6,2,36,7,999,1,4,FORD FOCUS,4,E01009241,0,-1
2021421022939,2021,421022939,1,9,0,18,19,7,3,0,0,0,0,0,0,0,1,1,2,2,1,26,6,1560,2,11,FORD FOCUS,2,E01015839,0,-1
2021010349565,2021,010349565,1,9,0,18,19,1,5,0,0,1,0,10,0,0,1,1,6,6,1,23,5,1999,1,7,FORD FOCUS,2,E01032562,0,-1
2021161069184,2021,161069184,3,9,0,3,3,6,2,0,0,0,0,0,0,0,2,1,6,6,1,77,11,1596,1,10,FORD FOCUS,7,E01013307,0,-1
2021131062954,2021,131062954,1,9,0,18,19,5,1,0,0,4,0,0,0,0,1,1,5,6,1,73,10,1560,2,11,FORD FOCUS,2,E01011259,0,-1
2021201085128,2021,201085128,3,9,0,5,5,6,1,0,0,1,0,0,0,0,0,1,6,6,1,18,4,1796,1,21,FORD FOCUS,6,E01026512,0,-1
2021010308283,2021,010308283,2,9,0,99,99,9,9,99,99,9,9,99,9,99,9,9,6,6,1,-1,-1,1496,1,2,FORD FOCUS,7,E01001405,0,-1
2021010317666,2021,010317666,2,9,0,99,99,9,9,99,99,9,9,99,9,99,1,9,6,6,1,46,8,2521,1,13,FORD FOCUS,1,E01002790,0,-1
2021010337986,2021,010337986,2,9,9,99,99,9,9,99,99,9,9,99,9,99,9,9,6,6,3,-1,-1,1596,1,14,FORD FOCUS,-1,-1,0,-1
2021430502367,2021,430502367,1,9,0,7,7,2,4,0,0,6,0,0,0,0,1,1,6,6,1,64,9,1596,1,17,FORD FOCUS,10,E01017891,0,-1
2021010324315,2021,010324315,3,9,0,3,3,1,5,0,0,2,0,0,0,0,2,1,6,6,1,58,9,1496,1,2,FORD FOCUS,9,E01021947,0,-1
2021461081144,2021,461081144,3,9,0,4,4,5,1,0,0,0,0,0,1,0,2,1,6,6,2,51,8,1798,1,14,FORD FOCUS,8,E01024351,0,-1
2021070053454,2021,070053454,1,9,0,18,19,3,7,0,0,0,0,0,0,0,4,1,6,6,1,40,7,1999,1,3,FORD FOCUS,2,E01018710,0,-1
2021501029162,2021,501029162,2,9,0,18,19,2,5,0,0,1,0,0,0,0,1,1,6,6,1,29,6,1560,2,10,FORD FOCUS,9,E01015130,0,-1
2021201147327,2021,201147327,1,9,0,18,19,-1,-1,0,0,0,0,0,0,0,1,1,6,6,1,-1,-1,999,1,3,FORD FOCUS,4,E01009236,0,-1
2021430575988,2021,430575988,2,9,0,18,19,5,1,0,0,6,0,0,0,0,1,1,6,6,1,-1,-1,1560,2,10,FORD FOCUS,-1,-1,0,-1
2021052102437,2021,052102437,3,9,0,2,2,0,0,0,0,8,0,0,1,11,2,1,6,6,3,-1,-1,1499,2,5,FORD FOCUS,-1,-1,0,-1
2021201110554,2021,201110554,1,9,0,18,19,5,1,0,0,0,0,0,0,0,1,1,6,6,1,61,9,1596,1,13,FORD FOCUS,7,E01022449,0,-1
2021052101995,2021,052101995,2,8,0,18,19,4,8,0,0,8,0,0,0,0,3,1,1,1,1,40,7,1560,2,7,FORD FOCUS,1,E01006776,0,-1
2021421034198,2021,421034198,2,9,0,18,19,7,3,0,0,0,0,0,0,0,1,1,1,1,2,49,8,1798,1,15,FORD FOCUS,6,E01023941,0,-1
2021451095074,2021,451095074,1,9,0,18,19,5,1,0,0,0,0,0,0,0,3,1,6,6,2,52,8,999,1,6,FORD FOCUS,9,E01030431,0,-1
2021070345419,2021,070345419,3,9,0,4,4,5,1,0,0,0,0,2,0,0,2,1,6,6,1,37,7,1499,2,6,FORD FOCUS,-1,-1,0,-1
202131B052221,2021,31B052221,1,9,0,18,19,8,4,0,0,0,0,2,0,0,1,1,6,6,3,-1,-1,1596,1,12,FORD FOCUS,-1,-1,0,-1
202131C029821,2021,31C029821,2,9,0,18,19,2,6,0,0,8,0,0,0,0,1,1,1,1,1,51,8,1596,1,7,FORD FOCUS,4,E01028158,0,-1
2021010299736,2021,010299736,2,9,0,18,19,1,5,0,0,0,0,0,1,0,1,1,6,6,1,25,5,999,1,6,FORD FOCUS,6,E01003698,0,-1
2021010316114,2021,010316114,1,9,0,11,11,3,7,0,0,0,1,0,0,0,1,1,6,6,1,32,6,2521,1,13,FORD FOCUS,3,E01002400,0,-1
2021211087739,2021,211087739,3,9,0,5,5,1,5,0,0,0,0,0,0,0,0,1,6,6,1,24,5,1560,2,7,FORD FOCUS,-1,-1,0,-1
202131D168821,2021,31D168821,1,9,0,3,3,7,3,0,0,0,0,0,0,0,2,1,1,1,1,28,6,1560,2,8,FORD FOCUS,7,E01013892,0,-1
2021122100673,2021,122100673,2,9,0,9,9,7,1,0,0,6,0,0,0,0,1,1,6,6,2,36,7,1596,1,13,FORD FOCUS,7,E01013400,0,-1
2021101117442,2021,101117442,1,9,0,3,3,3,7,0,0,1,0,0,0,0,1,1,5,6,2,31,6,1798,1,14,FORD FOCUS,6,E01027532,0,-1
2021552100126,2021,552100126,2,9,0,3,3,5,1,0,0,0,0,0,0,0,2,1,6,6,1,53,8,1596,1,19,FORD FOCUS,5,E01020565,0,-1
2021061096850,2021,061096850,2,9,0,18,19,3,7,0,0,0,0,0,0,0,2,1,5,6,1,38,7,998,1,9,FORD FOCUS,5,E01004913,0,-1
2021461099982,2021,461099982,3,9,0,2,2,0,0,0,0,0,0,4,0,0,2,1,2,2,2,40,7,1499,2,6,FORD FOCUS,1,E01024621,0,-1
2021461116440,2021,461116440,1,9,0,18,19,3,7,0,0,0,5,0,0,0,1,1,2,2,1,41,7,1596,1,13,FORD FOCUS,-1,-1,0,-1
2021501100469,2021,501100469,1,9,0,4,4,8,4,0,0,1,0,0,0,0,4,1,5,6,2,72,10,998,1,7,FORD FOCUS,4,E01020131,0,-1
2021010331034,2021,010331034,1,9,0,18,19,7,3,0,0,1,0,0,1,0,1,1,6,6,3,21,5,1596,1,13,FORD FOCUS,-1,-1,0,-1
2021302101812,2021,302101812,1,9,0,4,4,8,4,0,0,0,0,0,0,0,2,1,6,6,2,33,6,1560,2,8,FORD FOCUS,-1,-1,0,-1
2021991027321,2021,991027321,1,9,0,18,19,7,3,0,0,0,0,0,0,0,4,1,5,6,1,39,7,1596,1,10,FORD FOCUS,8,-1,0,-1
2021010302510,2021,010302510,3,9,0,8,8,1,4,0,0,7,0,4,3,0,2,1,2,2,2,30,6,1496,1,2,FORD FOCUS,8,E01001452,0,-1
2021430518991,2021,430518991,3,9,0,3,3,8,4,0,0,8,0,0,0,0,2,1,6,6,2,37,7,1798,1,11,FORD FOCUS,5,E01032726,0,-1
2021131044836,2021,131044836,1,9,0,18,19,7,3,0,0,8,0,0,0,0,1,1,5,6,1,48,8,998,1,8,FORD FOCUS,4,E01011808,0,-1
2021451045676,2021,451045676,1,9,0,18,19,7,3,0,0,8,0,0,0,0,1,1,5,6,2,40,7,1596,1,17,FORD FOCUS,4,E01030752,0,-1
2021440372821,2021,440372821,3,9,0,3,3,6,2,0,0,0,0,0,0,0,2,1,6,6,1,26,6,999,1,2,FORD FOCUS,-1,-1,0,-1
2021501029162,2021,501029162,1,9,0,18,19,7,4,0,0,1,0,0,0,0,4,1,6,6,2,61,9,1596,1,13,FORD FOCUS,8,E01015097,0,-1
2021221102311,2021,221102311,2,9,0,3,3,4,8,0,0,0,0,0,0,0,2,1,5,6,2,48,8,1499,2,5,FORD FOCUS,6,E01032353,0,-1
2021461073526,2021,461073526,2,9,0,16,19,1,5,0,0,8,0,0,0,0,4,1,6,6,2,21,5,999,1,7,FORD FOCUS,4,E01016128,0,-1
2021440172355,2021,440172355,2,9,0,18,19,1,5,0,0,1,0,0,0,0,1,1,6,6,1,39,7,2521,1,12,FORD FOCUS,4,E01017289,0,-1
2021010311697,2021,010311697,4,9,0,3,3,3,7,0,0,7,0,0,0,0,2,1,6,6,1,44,7,999,1,3,FORD FOCUS,6,E01001607,0,-1
2021041013097,2021,041013097,1,9,0,18,19,3,7,0,0,0,0,0,0,0,1,1,2,2,1,31,6,999,1,6,FORD FOCUS,3,E01004932,0,-1
2021061097345,2021,061097345,1,9,0,18,19,5,1,0,0,1,0,4,0,0,1,1,6,6,3,30,6,999,1,4,FORD FOCUS,-1,-1,0,-1
2021471112427,2021,471112427,3,9,0,3,3,7,3,0,0,0,0,0,0,0,2,1,5,6,1,40,7,1596,1,10,FORD FOCUS,8,E01031411,0,-1
2021451032685,2021,451032685,2,9,0,5,5,2,8,0,0,8,0,0,0,0,3,1,5,6,1,36,7,999,1,4,FORD FOCUS,9,E01030715,0,-1
2021131051444,2021,131051444,2,9,0,4,4,5,5,0,0,0,0,0,0,0,2,1,5,6,2,33,6,1999,1,12,FORD FOCUS,3,E01011488,0,-1
2021451025980,2021,451025980,1,9,0,2,2,1,5,0,0,0,0,0,0,0,2,1,6,6,1,68,10,1596,1,6,FORD FOCUS,7,E01022737,0,-1
2021540673521,2021,540673521,1,9,0,4,4,5,1,0,0,0,0,0,0,0,1,1,6,6,1,81,11,1989,1,22,FORD FOCUS,9,E01031847,0,-1
202131D172321,2021,31D172321,2,9,0,4,4,8,4,0,0,0,0,0,0,0,2,1,6,6,2,20,4,1388,1,14,FORD FOCUS,2,E01013963,0,-1
2021430492670,2021,430492670,1,9,0,9,9,2,8,0,0,6,0,0,0,0,1,1,6,6,2,23,5,1499,2,1,FORD FOCUS,1,E01016372,0,-1
2021161038634,2021,161038634,2,9,0,7,7,5,7,0,0,3,0,0,0,0,4,1,5,6,2,29,6,999,1,6,FORD FOCUS,6,E01013006,0,-1
2021451059741,2021,451059741,1,3,0,18,19,2,6,0,0,0,0,0,0,0,1,1,2,2,1,34,6,125,1,13,HONDA SH125,-1,-1,0,-1
2021010340481,2021,010340481,1,9,0,18,19,7,3,9,9,0,0,4,7,2,1,1,6,6,2,27,6,1580,8,0,HYUNDAI KONA,8,E01002148,0,-1
2021231029106,2021,231029106,1,9,0,18,19,1,5,0,0,0,0,0,0,0,4,1,5,6,1,56,9,999,1,2,SEAT ARONA,6,E01009614,0,-1
2021552100322,2021,552100322,4,9,0,3,3,3,7,0,0,8,0,0,0,0,0,1,6,6,2,66,10,999,1,2,SEAT ARONA,3,E01015306,0,-1
2021201049076,2021,201049076,1,9,0,3,3,6,2,0,0,0,0,0,0,0,2,1,6,6,1,58,9,698,1,16,SMART CITY,3,E01014141,0,-1
2021451026867,2021,451026867,1,9,0,16,19,1,5,0,0,0,1,11,0,0,4,1,5,6,1,63,9,1686,2,9,VAUXHALL ASTRA,8,E01023141,0,-1
2021371143326,2021,371143326,1,9,0,18,19,7,3,0,0,0,0,0,0,0,1,1,6,6,2,79,11,1598,1,21,VAUXHALL ASTRA,8,E01030167,0,-1
2021041151023,2021,041151023,1,9,0,18,19,5,3,0,0,5,0,0,0,0,1,1,6,6,1,28,6,1598,1,14,VAUXHALL ASTRA,5,E01025030,0,-1
202134NNC2031,2021,34NNC2031,1,9,0,18,19,5,1,0,0,1,0,0,0,0,1,1,3,7,1,21,5,1598,1,14,VAUXHALL ASTRA,3,E01027035,0,-1
202131B052221,2021,31B052221,2,9,0,3,3,8,4,0,0,0,0,2,0,0,2,1,6,6,1,32,6,1686,2,9,VAUXHALL ASTRA,-1,-1,0,-1
2021501074228,2021,501074228,1,9,0,3,3,1,5,0,0,1,0,0,0,0,2,1,2,2,1,39,7,1598,1,14,VAUXHALL ASTRA,2,E01018897,0,-1
2021461038039,2021,461038039,1,9,0,18,19,5,1,0,0,0,0,2,0,0,4,1,6,6,1,31,6,1686,2,13,VAUXHALL ASTRA,1,E01020993,0,-1
2021471012966,2021,471012966,1,19,0,18,19,5,1,0,0,2,0,0,0,0,1,1,1,1,1,58,9,1910,2,14,VAUXHALL ASTRA,3,E01016926,0,-1
2021552100322,2021,552100322,2,9,0,9,9,5,3,0,0,6,0,0,0,0,2,1,6,6,2,34,6,1598,1,14,VAUXHALL ASTRA,9,E01020352,0,-1
2021430116853,2021,430116853,3,9,0,2,2,0,0,0,0,0,0,0,0,0,0,1,6,6,1,29,6,1598,1,16,VAUXHALL ASTRA,2,E01033499,0,-1
2021991093199,2021,991093199,2,9,0,18,19,1,5,0,0,1,0,0,7,0,4,1,5,6,2,43,7,1796,1,16,VAUXHALL ASTRA,1,-1,0,-1
2021531052907,2021,531052907,1,9,0,3,3,2,6,0,0,1,0,0,0,0,4,1,5,6,2,28,6,1399,1,4,VAUXHALL ASTRA,5,E01007486,0,-1
2021430082851,2021,430082851,2,9,0,18,19,5,1,0,0,0,0,0,0,0,0,1,6,6,1,29,6,1598,1,15,VAUXHALL ASTRA,5,E01028605,0,-1
2021361058032,2021,361058032,2,9,0,3,3,7,3,0,0,0,0,0,0,0,2,1,5,6,2,34,6,1248,2,10,VAUXHALL ASTRA,9,E01026933,0,-1
2021221092993,2021,221092993,2,9,0,3,3,5,1,0,0,0,0,0,0,0,2,1,1,1,2,39,7,1364,1,13,VAUXHALL ASTRA,9,E01033528,0,-1
2021138250461,2021,138250461,1,9,0,11,11,3,7,0,0,0,0,0,0,0,4,1,6,6,2,-1,-1,1598,1,10,VAUXHALL ASTRA,1,E01011662,0,-1
2021170S11261,2021,170S11261,4,9,0,18,19,4,8,0,0,0,0,0,0,0,1,1,6,6,2,63,9,1598,1,9,VAUXHALL ASTRA,9,E01012138,0,-1
2021070241468,2021,070241468,2,9,0,3,3,3,7,0,0,0,0,2,0,0,2,1,6,6,2,42,7,1398,1,9,VAUXHALL ASTRA,1,E01018550,0,-1
2021401073931,2021,401073931,1,9,0,14,14,4,8,0,0,0,0,0,0,0,1,1,6,6,3,-1,-1,1956,2,10,VAUXHALL ASTRA,-1,-1,0,-1
2021011049221,2021,011049221,1,9,0,14,14,0,0,0,0,0,0,0,0,0,0,1,5,6,2,36,7,1364,1,8,VAUXHALL ASTRA,4,E01001463,0,-1
202131B164921,2021,31B164921,2,9,0,18,19,1,5,0,0,0,0,0,1,0,1,1,6,6,1,49,8,1956,2,7,VAUXHALL ASTRA,4,E01026377,0,-1
2021471069167,2021,471069167,2,9,0,17,19,6,2,0,0,2,0,0,0,0,1,1,2,2,1,31,6,-1,-1,-1,VAUXHALL ASTRA,10,E01031754,0,-1
2021421104728,2021,421104728,1,9,0,5,5,1,5,0,0,0,0,0,0,0,1,1,3,7,2,31,6,999,1,5,VAUXHALL ASTRA,6,E01021659,0,-1
202163C017521,2021,63C017521,1,9,0,18,19,2,6,0,0,0,1,0,1,10,1,1,6,6,1,43,7,1364,1,13,VAUXHALL ASTRA,4,W01000603,0,-1
2021421111708,2021,421111708,2,9,0,4,4,6,2,0,0,0,0,0,0,0,2,1,1,1,1,32,6,1598,2,4,VAUXHALL ASTRA,-1,-1,0,-1
2021010291303,2021,010291303,1,9,0,99,99,9,9,99,99,9,9,99,9,99,1,9,6,6,1,42,7,1796,1,15,VAUXHALL ASTRA,2,E01001215,0,-1
2021211121546,2021,211121546,2,9,0,4,4,8,8,0,0,0,0,0,0,0,2,1,5,6,2,30,6,1910,2,13,VAUXHALL ASTRA,7,E01029693,0,-1
2021451064771,2021,451064771,2,9,0,18,19,1,3,0,0,0,0,0,0,0,2,1,6,6,2,35,6,1598,1,7,VAUXHALL ASTRA,5,E01033030,0,-1
2021471088029,2021,471088029,1,9,0,5,5,5,1,0,0,8,0,0,0,0,1,1,5,6,1,35,6,1398,1,9,VAUXHALL ASTRA,8,E01028715,0,-1
2021471096076,2021,471096076,2,9,0,5,5,4,8,0,0,1,0,0,0,0,2,1,6,6,2,30,6,1796,1,15,VAUXHALL ASTRA,7,E01021088,0,-1
2021320186399,2021,320186399,2,9,0,18,19,8,4,0,0,1,0,0,0,0,1,1,6,6,1,61,9,1910,2,14,VAUXHALL ASTRA,1,E01026114,0,-1
2021231116465,2021,231116465,2,9,0,4,4,6,2,0,0,0,0,0,0,0,2,1,5,6,2,60,9,1398,1,6,VAUXHALL ASTRA,7,E01031160,0,-1
2021440349015,2021,440349015,3,9,0,18,19,5,1,0,0,0,0,0,0,0,2,1,6,6,1,20,4,1248,2,14,VAUXHALL ASTRA,10,E01022784,0,-1
2021010311697,2021,010311697,1,9,0,18,19,3,7,0,0,7,0,0,0,0,1,1,6,6,1,22,5,1398,1,10,VAUXHALL ASTRA,7,E01001882,0,-1
2021161052507,2021,161052507,2,9,0,18,19,7,3,0,0,0,1,0,0,0,1,1,6,6,1,26,6,1598,1,15,VAUXHALL ASTRA,-1,-1,0,-1
2021131067246,2021,131067246,2,9,0,4,4,6,2,0,0,0,0,0,0,0,2,1,5,6,2,22,5,1956,2,10,VAUXHALL ASTRA,2,E01011837,0,-1
2021010333325,2021,010333325,2,9,0,99,99,9,9,99,99,9,9,99,9,99,1,9,6,6,3,-1,-1,1956,2,8,VAUXHALL ASTRA,-1,-1,0,-1
2021061099475,2021,061099475,1,9,0,18,19,6,2,0,0,1,0,2,1,9,1,1,6,6,1,50,8,1598,1,6,VAUXHALL ASTRA,-1,-1,0,-1
2021361131668,2021,361131668,1,9,0,18,19,2,6,0,0,1,0,0,0,0,0,1,1,1,1,34,6,1598,2,4,VAUXHALL ASTRA,-1,-1,0,-1
2021131045601,2021,131045601,2,9,0,18,19,8,2,0,0,1,0,0,0,0,1,1,5,6,1,35,6,1598,2,5,VAUXHALL ASTRA,10,E01011888,0,-1
2021461021821,2021,461021821,3,9,0,18,19,2,6,0,0,8,0,0,0,0,0,1,1,1,1,58,9,1496,2,1,VAUXHALL ASTRA,1,E01024678,0,-1
2021401073931,2021,401073931,3,9,0,4,4,4,8,0,0,0,0,0,0,0,2,1,2,2,2,41,7,1598,1,11,VAUXHALL ASTRA,6,E01015775,0,-1
20211381C0312,2021,1381C0312,2,9,0,18,19,8,4,0,0,0,0,0,0,0,1,1,6,6,1,28,6,1910,2,14,VAUXHALL ASTRA,-1,-1,0,-1
2021010310354,2021,010310354,1,9,0,99,99,9,9,99,99,9,9,99,9,99,2,9,6,6,1,33,6,1598,1,12,VAUXHALL ASTRA,1,E01002094,0,-1
2021170S20021,2021,170S20021,1,9,0,4,4,6,2,0,0,0,0,0,0,0,2,1,6,6,1,29,6,1686,2,12,VAUXHALL ASTRA,9,E01012299,0,-1
202154B728821,2021,54B728821,1,9,0,18,19,7,3,0,0,8,0,0,0,0,1,1,6,6,1,24,5,1686,2,15,VAUXHALL ASTRA,-1,-1,0,-1
2021302100966,2021,302100966,1,9,0,4,4,8,4,0,0,1,0,0,0,0,2,1,6,6,1,65,9,1796,1,19,VAUXHALL ASTRA,1,E01013479,0,-1
2021302100216,2021,302100216,1,9,0,18,19,2,6,0,0,0,0,0,0,0,1,1,6,6,1,42,7,1796,1,17,VAUXHALL ASTRA,7,E01019548,0,-1
2021531052907,2021,531052907,2,9,0,5,5,4,8,0,0,6,0,0,0,0,1,1,5,6,1,30,6,1956,2,9,VAUXHALL ASTRA,5,E01022158,0,-1
2021052101319,2021,052101319,3,9,0,18,19,5,1,0,0,0,0,0,0,0,2,1,6,6,2,29,6,1598,1,12,VAUXHALL ASTRA,4,E01007174,0,-1
202134WNC6421,2021,34WNC6421,2,9,0,12,12,5,1,0,0,5,0,0,0,0,2,1,6,6,1,74,10,999,1,3,VAUXHALL ASTRA,7,E01027011,0,-1
2021201049530,2021,201049530,1,9,0,9,9,6,4,0,0,5,0,10,7,2,1,1,6,6,1,36,7,1598,1,12,VAUXHALL ASTRA,2,E01010021,0,-1
2021131057468,2021,131057468,1,9,0,18,19,5,1,0,0,0,0,0,0,0,4,1,2,2,2,22,5,1598,1,10,VAUXHALL ASTRA,1,E01010809,0,-1
2021471029075,2021,471029075,1,9,0,18,19,2,6,0,0,1,0,0,0,0,1,1,2,2,1,27,6,1364,1,11,VAUXHALL ASTRA,7,E01024378,0,-1
2021010300008,2021,010300008,2,9,0,99,99,9,9,99,99,9,9,99,9,99,1,9,6,6,3,-1,-1,1686,2,12,VAUXHALL ASTRA,-1,-1,0,-1
2021622100463,2021,622100463,3,9,0,18,19,4,8,0,0,1,0,0,0,0,2,1,6,6,2,53,8,1364,1,14,VAUXHALL ASTRA,3,W01001216,0,-1
2021471021388,2021,471021388,2,9,0,18,19,3,7,0,0,8,0,0,0,0,1,1,1,1,1,41,7,1598,2,3,VAUXHALL ASTRA,3,E01031492,0,-1
2021440208292,2021,440208292,1,9,0,18,19,2,6,0,0,0,0,0,0,0,1,1,6,6,1,42,7,1956,2,10,VAUXHALL ASTRA,5,E01023285,0,-1
2021010302510,2021,010302510,1,9,9,99,99,9,9,99,99,9,9,99,9,99,9,9,6,6,1,-1,-1,1364,1,15,VAUXHALL ASTRA,4,E01001444,0,-1
2021547758821,2021,547758821,1,19,0,18,19,4,8,0,0,1,0,0,0,0,1,1,2,2,1,20,4,1248,2,15,VAUXHALL ASTRA,-1,-1,0,-1
202131C108921,2021,31C108921,1,9,0,18,19,2,6,0,0,1,0,0,0,0,1,1,6,6,2,85,11,1587,1,12,CITROEN XSARA,1,E01013920,0,-1
2021111080892,2021,111080892,1,5,0,18,19,1,5,0,0,1,2,0,1,0,1,1,6,6,1,61,9,1832,1,19,-1,1,E01020739,0,-1
2021440284778,2021,440284778,2,3,0,3,3,1,3,0,0,8,0,0,0,0,1,1,6,6,2,51,8,125,1,5,HONDA MSX125,-1,-1,0,-1
2021531105835,2021,531105835,1,3,0,4,4,1,5,0,0,0,0,0,0,0,1,1,5,6,1,21,5,125,1,5,HONDA MSX125,7,E01022205,0,-1
2021010297489,2021,010297489,2,9,0,99,99,9,9,99,99,9,9,99,9,99,1,9,6,6,3,51,8,1797,8,7,TOYOTA AURIS,2,E01004539,0,-1
2021010304964,2021,010304964,2,9,0,3,3,1,5,0,0,1,0,0,0,0,2,1,6,6,2,38,7,1798,8,4,TOYOTA AURIS,4,E01002247,0,-1
2021010295870,2021,010295870,2,9,0,3,3,3,7,0,0,0,0,0,0,0,2,1,1,1,2,36,7,1598,1,14,TOYOTA AURIS,9,E01021745,0,-1
2021421104728,2021,421104728,2,9,0,3,3,1,5,0,0,0,0,0,0,0,2,1,2,2,2,45,7,1798,8,3,TOYOTA AURIS,6,E01021730,0,-1
2021421111504,2021,421111504,1,9,0,18,19,6,6,0,0,0,2,0,7,3,1,1,6,6,1,79,11,1598,1,7,TOYOTA AURIS,5,E01021644,0,-1
2021440313172,2021,440313172,1,8,0,18,19,1,3,0,0,5,0,0,0,0,3,1,1,1,1,46,8,1798,8,3,TOYOTA AURIS,1,E01017154,0,-1
2021501117964,2021,501117964,2,9,0,18,19,1,5,0,0,4,0,0,0,0,1,1,5,6,2,65,9,1797,8,8,TOYOTA AURIS,4,E01015178,0,-1
2021991052703,2021,991052703,1,8,0,7,7,3,6,9,9,0,0,0,0,0,1,1,6,6,1,43,7,1798,8,5,TOYOTA AURIS,-1,-1,0,-1
2021010328690,2021,010328690,1,9,0,99,99,9,9,99,99,0,9,99,9,99,9,9,6,6,2,41,7,1797,8,10,TOYOTA AURIS,3,E01003251,0,-1
2021131065561,2021,131065561,1,9,0,7,7,3,7,0,0,8,2,0,1,0,4,1,1,1,1,37,7,1798,8,3,TOYOTA AURIS,3,E01011722,0,-1
2021061063019,2021,061063019,1,9,0,18,19,4,8,0,0,8,0,0,0,0,3,1,1,1,1,49,8,1797,8,10,TOYOTA AURIS,1,E01005024,0,-1
2021010287511,2021,010287511,1,8,0,99,99,9,9,99,99,0,9,99,9,99,9,9,6,6,1,50,8,1798,8,6,TOYOTA AURIS,1,E01004250,0,-1
2021131033492,2021,131033492,2,9,0,18,19,2,6,0,0,8,0,0,0,0,3,1,5,6,2,23,5,1329,1,12,TOYOTA AURIS,6,E01011425,0,-1
2021010304927,2021,010304927,1,9,0,18,19,5,1,0,0,2,0,0,0,0,2,1,6,6,1,45,7,1598,2,5,TOYOTA VERSO,2,E01001114,0,-1
2021131062418,2021,131062418,2,9,0,4,4,5,6,0,0,1,0,0,0,0,2,1,5,6,2,52,8,-1,3,0,VOLKSWAGEN ID3,6,E01011505,0,-1
2021101115446,2021,101115446,1,20,0,9,9,5,1,0,0,0,0,0,0,0,4,1,1,1,1,-1,-1,-1,-1,-1,-1,-1,-1,0,-1
2021320175763,2021,320175763,1,9,0,18,19,3,7,0,0,8,0,0,0,0,1,1,6,6,2,29,6,-1,-1,-1,-1,4,E01026016,0,-1
2021440147143,2021,440147143,1,9,0,18,19,8,4,0,0,0,0,2,0,0,1,1,6,6,3,-1,-1,-1,-1,-1,-1,-1,-1,0,-1
202163D056921,2021,63D056921,1,9,0,17,19,1,6,0,0,0,0,0,0,0,1,1,6,6,1,27,6,-1,-1,-1,-1,5,W01000546,0,-1
2021010322627,2021,010322627,1,11,0,2,2,0,0,2,2,0,0,0,0,0,0,1,6,6,3,-1,-1,-1,-1,-1,-1,-1,-1,0,-1
2021131048943,2021,131048943,1,90,0,-1,-1,-1,-1,-1,-1,-1,-1,-1,-1,-1,-1,1,6,6,3,-1,-1,-1,-1,-1,-1,-1,-1,0,-1
2021991026533,2021,991026533,2,98,1,18,19,1,5,0,0,0,0,0,0,0,2,1,6,6,3,-1,-1,-1,-1,-1,-1,-1,-1,0,-1
2021201145435,2021,201145435,1,19,0,18,19,8,4,0,0,8,0,10,7,0,4,1,6,6,1,19,4,-1,-1,-1,-1,2,E01009044,0,-1
2021141086418,2021,141086418,1,9,0,4,4,3,7,0,0,0,0,0,0,0,2,1,5,6,1,66,10,-1,-1,-1,-1,4,E01007641,0,-1
2021010303939,2021,010303939,1,98,9,99,99,9,9,99,99,9,9,99,9,99,9,9,6,6,3,-1,-1,-1,-1,-1,-1,-1,-1,0,-1
2021010348493,2021,010348493,1,1,9,99,99,9,9,99,99,9,9,99,9,99,9,1,2,2,1,50,8,-1,-1,-1,-1,2,E01003288,0,-1
2021991129977,2021,991129977,2,1,0,18,19,5,8,4,4,8,0,0,0,0,3,1,5,6,1,63,9,-1,-1,-1,-1,10,-1,0,-1
2021010311429,2021,010311429,1,1,9,99,99,9,9,99,99,9,9,99,9,99,9,1,6,6,3,-1,-1,-1,-1,-1,-1,-1,-1,0,-1
2021201090376,2021,201090376,2,19,0,9,9,3,7,0,0,1,0,0,0,0,0,1,1,1,2,54,8,-1,-1,-1,-1,8,E01029799,0,-1
2021421118505,2021,421118505,2,9,0,18,19,4,1,0,0,8,0,0,0,0,4,1,1,1,1,38,7,-1,-1,-1,-1,5,E01023761,0,-1
2021010323882,2021,010323882,1,1,9,99,99,9,9,99,99,0,9,99,9,99,1,1,6,6,1,24,5,-1,-1,-1,-1,3,E01003014,0,-1
2021010298687,2021,010298687,1,1,0,18,19,7,3,0,0,1,0,11,0,0,1,1,6,6,3,21,5,-1,-1,-1,-1,-1,-1,0,-1
202106E079320,2021,06E079320,1,9,0,18,19,1,5,0,0,0,0,0,0,0,1,1,6,6,3,30,6,-1,-1,-1,-1,-1,-1,0,-1
2021201133397,2021,201133397,2,1,0,18,19,3,7,0,0,1,0,0,0,0,2,1,6,6,1,16,4,-1,-1,-1,-1,1,E01009951,0,-1
2021430276641,2021,430276641,1,21,0,12,12,7,3,0,0,0,0,0,0,0,3,1,1,1,1,40,7,-1,-1,-1,-1,-1,-1,0,-1
2021010341334,2021,010341334,2,9,0,12,12,3,7,0,0,0,0,0,0,0,1,1,6,6,3,-1,-1,-1,-1,-1,-1,-1,-1,0,-1
2021501103306,2021,501103306,1,19,0,18,19,1,5,0,0,0,0,0,0,0,4,1,1,1,1,50,8,-1,-1,-1,-1,4,E01018894,0,-1
2021461115058,2021,461115058,1,9,0,18,19,7,3,0,0,0,0,0,0,0,1,1,5,6,3,-1,-1,-1,-1,-1,-1,-1,-1,0,-1
2021010342694,2021,010342694,1,4,9,99,99,9,9,99,99,9,9,99,9,99,9,1,6,6,3,31,6,-1,-1,-1,-1,-1,-1,0,-1
2021101037056,2021,101037056,1,9,0,18,19,6,2,0,0,0,0,0,0,0,1,1,1,1,1,34,6,-1,-1,-1,-1,2,E01008339,0,-1
2021010298474,2021,010298474,2,33,0,18,19,6,2,4,4,0,0,0,1,1,2,1,6,6,1,33,6,-1,-1,-1,-1,2,E01002615,1,-1
2021010346122,2021,010346122,2,33,0,5,5,3,7,0,0,2,0,0,1,0,3,1,6,6,1,45,7,-1,-1,-1,-1,2,E01004711,1,-1
2021461018690,2021,461018690,2,21,1,17,19,3,1,0,0,0,0,0,0,0,1,1,1,1,1,40,7,-1,-1,-1,-1,-1,-1,0,-1
2021201133949,2021,201133949,1,9,-1,-1,-1,3,7,0,0,0,-1,-1,0,0,1,1,6,6,3,-1,-1,-1,-1,-1,-1,-1,-1,0,-1
2021010314256,2021,010314256,2,3,0,99,99,9,9,99,99,9,9,99,9,99,9,1,6,6,1,26,6,-1,-1,-1,-1,3,E01033423,0,-1
2021131041744,2021,131041744,1,9,0,18,19,1,1,0,0,0,0,0,0,0,1,1,1,1,1,35,6,-1,-1,-1,-1,8,E01011412,0,-1
2021461053333,2021,461053333,1,9,0,18,19,3,7,0,0,0,0,0,1,0,1,1,6,6,1,43,7,-1,-1,-1,-1,2,E01024646,0,-1
202134WNC2441,2021,34WNC2441,3,19,0,18,19,1,5,0,0,0,0,0,0,0,3,1,1,1,2,41,7,-1,-1,-1,-1,-1,-1,0,-1
2021552101346,2021,552101346,1,9,0,18,19,8,4,0,0,0,0,0,0,0,4,1,6,6,3,-1,-1,-1,-1,-1,-1,-1,-1,0,-1
2021332100023,2021,332100023,2,9,0,4,4,2,6,0,0,0,0,0,0,0,2,1,6,6,2,60,9,-1,-1,-1,-1,9,E01025776,0,-1
2021461038657,2021,461038657,2,9,0,18,19,3,7,0,0,0,0,0,0,0,0,1,6,6,3,-1,-1,-1,-1,-1,-1,-1,-1,0,-1
2021010316255,2021,010316255,1,9,0,99,99,9,9,99,99,9,9,99,9,99,9,9,6,6,3,24,5,-1,-1,-1,-1,1,E01004675,0,-1
202160Z077372,2021,60Z077372,1,9,0,18,19,7,3,0,0,0,0,0,0,0,1,1,6,6,1,28,6,-1,-1,-1,-1,-1,-1,0,-1
2021010290908,2021,010290908,1,1,0,4,4,7,3,0,0,1,1,10,0,0,3,1,6,6,1,50,8,-1,-1,-1,-1,4,E01000746,0,-1
2021010343272,2021,010343272,2,1,0,18,19,7,3,0,0,0,0,0,0,0,1,1,6,6,1,46,8,-1,-1,-1,-1,6,E01001245,0,-1
2021501038280,2021,501038280,2,9,0,4,4,2,6,0,0,0,0,0,0,0,2,1,5,6,2,34,6,-1,-1,-1,-1,3,E01015212,0,-1
2021052100245,2021,052100245,1,1,0,18,19,3,7,0,0,8,0,0,0,0,1,1,6,6,1,15,3,-1,-1,-1,-1,1,E01018550,0,-1
2021471080421,2021,471080421,2,9,0,18,19,6,2,0,0,0,0,0,0,0,1,1,1,1,1,53,8,-1,-1,-1,-1,6,E01022941,0,-1
2021131036857,2021,131036857,1,1,0,18,19,1,5,2,2,1,0,0,0,0,1,1,2,2,1,23,5,-1,-1,-1,-1,7,E01011642,0,-1
2021201072650,2021,201072650,1,1,0,6,6,7,3,0,0,1,0,0,0,0,3,1,6,6,1,38,7,-1,-1,-1,-1,-1,-1,0,-1
2021010309779,2021,010309779,2,10,0,99,99,9,9,99,99,9,9,99,9,99,1,9,6,6,3,-1,-1,-1,-1,-1,-1,-1,-1,0,-1
2021332100100,2021,332100100,2,33,0,18,19,7,3,0,0,0,0,0,0,0,1,1,6,6,1,22,5,-1,-1,-1,-1,1,E01013760,1,-1
2021010297865,2021,010297865,2,97,9,99,99,9,9,99,99,9,9,99,9,99,9,1,6,6,1,-1,-1,-1,-1,-1,-1,-1,-1,0,-1
2021041101871,2021,041101871,1,9,0,18,19,5,1,0,0,1,0,0,0,0,1,1,5,6,1,40,7,-1,-1,-1,-1,9,E01025364,0,-1
2021052100616,2021,052100616,1,9,0,18,19,1,5,0,0,0,0,0,0,0,1,1,6,6,3,-1,-1,-1,-1,-1,-1,-1,-1,0,-1
2021332100844,2021,332100844,4,9,0,3,3,3,1,0,0,0,0,0,0,0,2,1,6,6,1,37,7,-1,-1,-1,-1,4,E01019864,0,-1
2021421073837,2021,421073837,1,9,0,6,6,4,7,0,0,2,0,0,0,0,3,1,6,6,1,-1,-1,-1,-1,-1,-1,-1,-1,0,-1
2021332100615,2021,332100615,1,9,0,11,11,5,1,2,2,0,0,0,0,0,1,1,2,2,2,39,7,-1,-1,-1,-1,10,E01025624,0,-1
2021010303551,2021,010303551,1,1,9,99,99,9,9,99,99,1,9,99,9,99,9,1,2,2,1,26,6,-1,-1,-1,-1,4,E01003482,0,-1
2021501096560,2021,501096560,2,1,0,18,19,2,6,0,0,8,0,0,0,0,1,1,6,6,1,28,6,-1,-1,-1,-1,6,E01020021,0,-1
2021552101346,2021,552101346,2,1,0,18,19,8,4,0,0,0,0,0,0,0,3,1,6,6,1,53,8,-1,-1,-1,-1,9,E01015356,0,-1
2021471091628,2021,471091628,1,22,0,18,19,7,3,0,0,1,0,0,0,0,4,1,6,6,1,17,4,-1,-1,-1,-1,5,E01031605,0,-1
2021531029168,2021,531029168,2,9,0,18,19,7,3,0,0,1,0,0,0,0,-1,1,6,6,1,-1,-1,-1,-1,-1,-1,-1,-1,0,-1
2021531029168,2021,531029168,1,1,0,18,19,5,1,0,0,8,5,0,0,0,-1,1,6,6,1,16,4,-1,-1,-1,-1,3,E01022121,0,-1
202163C031721,2021,63C031721,1,19,0,18,19,2,6,0,0,0,0,0,0,0,1,1,6,6,3,-1,-1,-1,-1,-1,-1,-1,-1,0,-1
2021010308151,2021,010308151,2,9,0,14,14,7,3,0,0,8,0,10,0,0,1,1,6,6,1,28,6,-1,-1,-1,-1,-1,-1,0,-1
2021010317178,2021,010317178,1,1,9,18,19,5,1,5,5,0,9,0,0,0,3,1,6,6,1,46,8,-1,-1,-1,-1,8,E01000122,0,-1
2021201107206,2021,201107206,2,1,0,18,19,2,6,4,4,8,0,0,0,0,1,1,6,6,1,75,10,-1,-1,-1,-1,1,E01009341,0,-1
2021440199313,2021,440199313,2,9,0,18,19,2,6,0,0,0,0,0,0,0,4,1,6,6,3,-1,-1,-1,-1,-1,-1,-1,-1,0,-1
202160Z129923,2021,60Z129923,2,9,0,18,19,2,6,0,0,0,0,0,0,0,4,1,6,6,1,51,8,-1,-1,-1,-1,-1,-1,0,-1
2021332100481,2021,332100481,1,1,0,18,19,5,1,0,0,8,0,0,0,0,1,1,6,6,1,33,6,-1,-1,-1,-1,2,E01013776,0,-1
2021131059006,2021,131059006,2,1,0,18,19,1,5,0,0,1,0,2,0,0,3,1,5,6,1,39,7,-1,-1,-1,-1,8,E01011276,0,-1
2021161038634,2021,161038634,1,9,0,18,19,1,7,0,0,3,0,0,0,0,0,1,6,6,3,-1,-1,-1,-1,-1,-1,-1,-1,0,-1
202163A030721,2021,63A030721,1,9,0,4,4,3,7,0,0,1,0,0,0,0,2,1,6,6,2,18,4,-1,-1,-1,-1,2,W01000705,0,-1
202163D013421,2021,63D013421,2,9,0,4,4,2,6,0,0,8,0,0,0,0,2,1,6,6,2,40,7,-1,-1,-1,-1,9,W01000482,0,-1
2021332100294,2021,332100294,1,9,0,18,19,4,8,0,0,0,0,0,0,0,1,1,6,6,1,67,10,-1,-1,-1,-1,10,E01025708,0,-1
2021070784552,2021,070784552,1,9,0,12,12,2,1,0,0,3,0,2,0,0,1,1,1,1,1,-1,-1,-1,-1,-1,-1,-1,-1,0,-1
2021010305034,2021,010305034,2,1,0,18,19,5,1,4,4,1,0,0,0,0,1,1,6,6,1,57,9,-1,-1,-1,-1,8,E01000878,0,-1
2021010298474,2021,010298474,1,9,0,18,19,6,2,0,0,0,0,0,0,0,2,1,6,6,3,-1,-1,-1,-1,-1,-1,-1,-1,0,-1
2021451069102,2021,451069102,1,9,0,17,19,1,5,0,0,4,0,0,3,0,1,1,1,1,1,32,6,-1,-1,-1,-1,9,E01030742,0,-1
2021111030745,2021,111030745,1,9,0,18,19,7,3,0,0,0,0,2,0,0,4,1,6,6,3,30,6,-1,-1,-1,-1,-1,-1,0,-1
2021101057465,2021,101057465,2,1,0,18,19,1,5,0,0,0,0,0,1,10,3,1,5,6,1,68,10,-1,-1,-1,-1,2,E01027551,0,-1
2021010339009,2021,010339009,1,9,0,18,19,6,2,0,0,0,1,0,5,6,1,2,6,6,1,19,4,-1,-1,-1,-1,-1,-1,0,-1
2021010342938,2021,010342938,2,9,9,99,99,9,9,99,99,9,9,99,9,99,1,9,6,6,3,-1,-1,-1,-1,-1,-1,2,E01001971,0,-1
2021501130535,2021,501130535,2,9,0,18,19,5,1,0,0,8,1,0,0,0,4,1,6,6,1,46,8,-1,-1,-1,-1,7,E01020109,0,-1
2021010303757,2021,010303757,1,33,0,9,9,8,6,0,0,8,0,0,0,0,1,1,2,2,1,33,6,-1,-1,-1,-1,3,E01003122,1,-1
2021451091781,2021,451091781,1,9,0,18,19,5,1,0,0,1,0,0,0,0,1,1,6,6,3,25,5,-1,-1,-1,-1,-1,-1,0,-1
2021010304704,2021,010304704,1,1,9,99,99,9,9,99,99,9,9,99,9,99,2,1,6,6,1,51,8,-1,-1,-1,-1,3,E01001794,0,-1
2021332100844,2021,332100844,1,98,0,18,19,5,1,0,0,0,1,0,0,0,1,1,1,1,1,50,8,-1,-1,-1,-1,10,E01025624,0,-1
2021351106054,2021,351106054,2,1,0,18,19,1,2,0,0,6,0,0,0,0,3,1,6,6,1,27,6,-1,-1,-1,-1,5,E01018233,0,-1
2021201114054,2021,201114054,1,9,0,18,19,7,3,0,0,3,0,0,0,0,1,1,6,6,3,-1,-1,-1,-1,-1,-1,-1,-1,0,-1
2021991026533,2021,991026533,1,1,0,9,9,5,6,0,0,0,0,0,0,0,1,1,5,6,1,12,3,-1,-1,-1,-1,10,-1,0,-1
2021371046927,2021,371046927,1,98,0,18,19,6,1,0,0,7,0,0,0,0,3,1,1,1,1,54,8,-1,-1,-1,-1,-1,-1,0,-1
2021461083055,2021,461083055,1,9,0,18,19,8,5,0,0,1,0,0,0,0,1,1,6,6,3,-1,-1,-1,-1,-1,-1,-1,-1,0,-1
202160Z109195,2021,60Z109195,1,9,0,13,13,5,1,0,0,8,0,0,0,0,3,1,6,6,1,71,10,-1,-1,-1,-1,-1,-1,0,-1
2021010310058,2021,010310058,1,9,0,99,99,9,9,99,99,9,9,99,9,99,1,9,6,6,3,-1,-1,-1,-1,-1,-1,6,E01002789,0,-1
2021010314072,2021,010314072,1,1,9,99,99,9,9,99,99,9,9,99,9,99,9,1,2,2,2,29,6,-1,-1,-1,-1,3,E01001508,0,-1
2021010310961,2021,010310961,2,1,0,12,12,2,6,0,0,4,0,0,0,0,1,1,2,2,2,25,5,-1,-1,-1,-1,2,E01004251,0,-1
2021548106421,2021,548106421,1,1,0,18,19,5,1,0,0,0,0,0,0,0,3,1,6,6,2,12,3,-1,-1,-1,-1,1,E01015575,0,-1
2021010321062,2021,010321062,2,9,0,99,99,9,9,99,99,9,9,99,9,99,1,9,6,6,3,-1,-1,-1,-1,-1,-1,-1,-1,0,-1
2021131065561,2021,131065561,2,1,0,18,19,3,7,4,4,8,0,0,0,0,0,1,2,2,1,38,7,-1,-1,-1,-1,8,E01032945,0,-1
20211383B1530,2021,1383B1530,2,9,0,18,19,7,3,0,0,0,0,2,0,1,1,1,6,6,1,34,6,-1,-1,-1,-1,7,E01011531,0,-1
2021052102172,2021,052102172,2,90,0,18,19,4,8,0,0,0,0,0,0,0,4,1,6,6,1,19,4,-1,-1,-1,-1,1,E01006558,0,-1
2021451055897,2021,451055897,1,97,0,18,19,5,1,9,9,0,0,0,0,0,0,1,1,1,3,38,7,-1,-1,-1,-1,-1,-1,0,-1
202160Z140796,2021,60Z140796,2,9,0,3,3,6,2,0,0,2,0,0,0,0,2,1,6,6,1,37,7,-1,-1,-1,-1,-1,-1,0,-1
2021041067364,2021,041067364,2,90,0,4,4,4,8,0,0,0,0,0,1,0,2,1,5,6,1,50,8,-1,-1,-1,-1,1,E01012637,0,-1
2021010322733,2021,010322733,1,98,9,18,19,3,7,0,0,2,9,10,9,1,9,1,6,6,3,-1,-1,-1,-1,-1,-1,-1,-1,0,-1
2021421021430,2021,421021430,1,90,0,4,4,2,6,0,0,0,0,0,0,0,0,1,6,6,3,40,7,-1,-1,-1,-1,-1,-1,0,-1
2021010294931,2021,010294931,1,1,9,99,99,9,9,99,99,9,9,99,9,99,2,1,6,6,2,26,6,-1,-1,-1,-1,3,E01001749,0,-1
2021411110459,2021,411110459,2,9,0,18,19,5,1,0,0,0,0,0,0,0,3,1,6,6,3,-1,-1,-1,-1,-1,-1,-1,-1,0,-1
2021010345617,2021,010345617,2,33,0,13,13,4,8,0,0,0,0,0,0,0,3,1,6,6,1,34,6,-1,-1,-1,-1,2,E01000958,1,-1
2021201036218,2021,201036218,1,9,0,18,19,5,1,0,0,2,0,0,0,0,1,1,6,6,1,20,4,-1,-1,-1,-1,1,E01008898,0,-1
2021010331684,2021,010331684,1,1,9,99,99,9,9,99,99,9,9,99,9,99,9,1,6,6,1,18,4,-1,-1,-1,-1,6,E01003738,0,-1
2021440013503,2021,440013503,2,9,0,18,19,8,4,0,0,0,0,0,0,0,1,1,2,2,1,63,9,-1,-1,-1,-1,5,E01023019,0,-1
2021440163653,2021,440163653,5,21,1,4,4,7,3,0,0,0,0,0,0,0,1,1,1,1,1,29,6,-1,-1,-1,-1,-1,-1,0,-1
2021010328035,2021,010328035,2,1,0,18,19,7,3,0,0,0,0,0,1,0,1,1,6,6,1,32,6,-1,-1,-1,-1,4,E01003216,0,-1
2021461032192,2021,461032192,1,21,1,12,12,4,8,0,0,0,0,0,0,0,3,1,1,1,1,37,7,-1,-1,-1,-1,-1,-1,0,-1
202160Z140796,2021,60Z140796,1,9,0,18,19,6,2,0,0,2,0,0,0,0,1,1,6,6,3,-1,-1,-1,-1,-1,-1,-1,-1,0,-1
2021010330429,2021,010330429,2,90,0,18,19,3,7,0,0,1,0,0,0,0,1,1,6,6,3,-1,-1,-1,-1,-1,-1,-1,-1,0,-1
202106L079230,2021,06L079230,2,1,0,18,19,8,4,0,0,1,0,0,0,0,4,1,2,2,1,54,8,-1,-1,-1,-1,7,E01006290,0,-1
2021991052779,2021,991052779,1,9,0,18,19,3,7,0,0,8,1,0,1,4,1,1,5,6,2,19,4,-1,-1,-1,-1,6,-1,0,-1
2021010318108,2021,010318108,1,1,9,99,99,9,9,99,99,9,9,99,9,99,1,1,2,2,2,23,5,-1,-1,-1,-1,2,E01003988,0,-1
2021070092009,2021,070092009,1,21,0,11,11,8,4,0,0,5,0,2,0,0,0,1,1,1,3,-1,-1,-1,-1,-1,-1,-1,-1,0,-1
202106A078730,2021,06A078730,1,9,0,9,9,8,6,0,0,8,0,0,0,0,4,1,6,6,1,20,4,-1,-1,-1,-1,8,E01012581,0,-1
2021991074008,2021,991074008,1,9,0,18,19,8,4,0,0,0,0,0,0,0,3,1,1,1,1,49,8,-1,-1,-1,-1,2,-1,0,-1
2021010312926,2021,010312926,2,90,0,18,19,5,1,0,0,8,0,0,0,0,3,1,6,6,1,-1,-1,-1,-1,-1,-1,2,E01002906,0,-1
2021332100113,2021,332100113,2,9,0,5,5,8,4,0,0,0,0,0,0,0,2,1,6,6,2,38,7,-1,-1,-1,-1,8,E01025645,0,-1
2021531084944,2021,531084944,1,19,0,9,9,-1,-1,-1,-1,0,0,-1,-1,0,4,1,6,6,3,-1,-1,-1,-1,-1,-1,-1,-1,0,-1
202163D014121,2021,63D014121,2,9,4,3,3,2,5,0,0,1,0,0,0,0,0,1,2,2,1,55,8,-1,-1,-1,-1,6,W01000082,0,-1
2021010321240,2021,010321240,1,9,0,18,19,1,5,0,0,0,0,11,0,0,2,1,2,2,1,64,9,-1,-1,-1,-1,4,E01003714,0,-1
2021471086255,2021,471086255,1,1,0,6,6,2,2,0,0,1,0,0,0,0,3,1,6,6,1,15,3,-1,-1,-1,-1,6,E01031817,0,-1
2021111137522,2021,111137522,1,9,0,4,4,3,7,0,0,0,0,0,0,0,1,1,6,6,2,74,10,-1,-1,-1,-1,4,E01020900,0,-1
2021231035865,2021,231035865,1,21,1,12,12,7,3,0,0,0,0,0,0,0,3,1,1,1,1,40,7,-1,-1,-1,-1,-1,-1,0,-1
2021302100853,2021,302100853,1,9,0,9,9,6,4,0,0,5,0,0,0,0,0,1,6,6,3,-1,-1,-1,-1,-1,-1,5,E01019456,0,-1
2021311109841,2021,311109841,2,1,0,4,4,4,8,0,0,0,0,2,0,0,2,1,6,6,1,32,6,-1,-1,-1,-1,2,E01013966,0,-1
202131C056021,2021,31C056021,2,9,0,18,19,2,6,1,1,2,0,0,0,0,2,1,6,6,3,-1,-1,-1,-1,-1,-1,-1,-1,0,-1
2021401056756,2021,401056756,2,9,0,8,8,3,1,0,0,0,0,0,0,0,3,1,5,6,1,58,9,-1,-1,-1,-1,10,E01023425,0,-1
2021547597421,2021,547597421,1,97,0,5,5,4,8,9,9,0,0,0,0,0,1,1,1,1,1,32,6,-1,-1,-1,-1,3,E01015510,0,-1
2021332100310,2021,332100310,1,9,0,7,7,3,5,0,0,5,0,2,0,0,2,1,6,6,1,36,7,-1,-1,-1,-1,8,E01032598,0,-1
2021061096679,2021,061096679,2,1,0,18,19,2,6,0,0,1,0,0,0,0,0,1,6,6,1,31,6,-1,-1,-1,-1,1,E01005261,0,-1
2021131095245,2021,131095245,2,1,0,18,19,3,7,4,4,1,0,0,0,0,3,1,6,6,1,65,9,-1,-1,-1,-1,10,E01011948,0,-1
202134WNC2231,2021,34WNC2231,1,19,0,11,11,1,5,0,0,0,0,0,0,0,4,1,1,1,1,39,7,-1,-1,-1,-1,4,E01027316,0,-1
2021430165790,2021,430165790,3,9,0,3,3,4,8,0,0,3,0,0,0,0,2,1,6,6,3,-1,-1,-1,-1,-1,-1,-1,-1,0,-1
2021010299166,2021,010299166,1,21,1,18,19,7,3,0,0,0,0,0,0,0,3,2,1,1,1,57,9,-1,-1,-1,-1,-1,-1,0,-1
2021201092106,2021,201092106,2,1,0,18,19,2,6,0,0,0,0,0,0,0,1,1,6,6,1,42,7,-1,-1,-1,-1,1,E01009366,0,-1
2021440136138,2021,440136138,1,9,0,4,4,4,8,0,0,0,0,0,0,0,0,1,6,6,2,40,7,-1,-1,-1,-1,6,E01017261,0,-1
2021052101995,2021,052101995,1,33,0,18,19,2,6,0,0,8,0,0,0,0,1,1,6,6,1,33,6,-1,-1,-1,-1,1,E01006678,1,-1
2021131040995,2021,131040995,2,9,0,11,11,1,5,0,0,1,0,0,0,0,1,1,2,2,1,23,5,-1,-1,-1,-1,8,E01011930,0,-1
2021471023877,2021,471023877,2,1,0,15,15,1,4,0,0,0,1,0,0,0,3,1,6,6,1,60,9,-1,-1,-1,-1,4,E01020965,0,-1
2021351062728,2021,351062728,1,1,0,18,19,2,6,9,9,1,0,11,0,0,1,1,6,6,1,50,8,-1,-1,-1,-1,7,E01017994,0,-1
2021371065822,2021,371065822,1,9,0,18,19,5,1,0,0,0,0,0,0,0,1,1,2,2,1,42,7,-1,-1,-1,-1,6,E01030041,0,-1
2021471110762,2021,471110762,3,9,0,18,19,7,3,0,0,0,1,0,0,0,1,1,2,2,1,56,9,-1,-1,-1,-1,5,E01018213,0,-1
202163B046121,2021,63B046121,1,2,0,16,19,3,6,0,0,0,1,0,1,10,0,1,6,6,1,52,8,-1,-1,-1,-1,9,E01016799,0,-1
2021011049221,2021,011049221,2,19,0,2,2,5,1,0,0,0,0,0,0,0,0,1,1,1,1,64,9,-1,-1,-1,-1,2,E01003126,0,-1
2021072100837,2021,072100837,1,9,0,4,4,7,3,0,0,0,0,0,0,0,1,1,6,6,1,30,6,-1,-1,-1,-1,1,E01032508,0,-1
2021552100126,2021,552100126,1,9,0,18,19,5,1,0,0,0,0,0,0,0,1,1,6,6,1,27,6,-1,-1,-1,-1,6,E01020529,0,-1
202163C026021,2021,63C026021,1,9,0,18,19,2,6,0,0,1,0,0,0,0,1,1,1,1,1,65,9,-1,-1,-1,-1,4,W01000603,0,-1
2021531084944,2021,531084944,2,16,0,18,19,7,3,0,0,0,0,0,0,0,0,1,6,6,2,34,6,-1,-1,-1,-1,9,E01022143,0,-1
2021010322841,2021,010322841,2,9,0,99,99,9,9,99,99,9,9,99,9,99,1,9,6,6,3,25,5,-1,-1,-1,-1,7,E01000983,0,-1
2021070108834,2021,070108834,1,9,0,11,11,3,7,0,0,0,0,2,0,0,1,1,6,6,3,-1,-1,-1,-1,-1,-1,-1,-1,0,-1
2021411033695,2021,411033695,2,1,0,18,19,7,1,0,0,0,0,0,0,0,1,1,6,6,1,34,6,-1,-1,-1,-1,2,E01021816,0,-1
202160Z072610,2021,60Z072610,4,9,0,4,4,7,3,0,0,0,0,0,0,0,4,1,6,6,2,63,9,-1,-1,-1,-1,-1,-1,0,-1
2021052100331,2021,052100331,2,1,0,9,9,5,3,0,0,8,0,0,0,0,4,1,6,6,1,32,6,-1,-1,-1,-1,5,E01033755,0,-1
202160Z030211,2021,60Z030211,1,5,0,18,19,1,5,0,0,1,0,0,0,0,1,1,6,6,1,21,5,-1,-1,-1,-1,-1,-1,0,-1
202163C013621,2021,63C013621,1,9,0,18,19,2,6,0,0,0,1,0,0,0,1,1,6,6,1,56,9,-1,-1,-1,-1,10,W01001842,0,-1
202134NNC2181,2021,34NNC2181,2,17,0,2,2,0,0,6,6,0,0,0,0,0,3,1,1,1,1,65,9,-1,-1,-1,-1,-1,-1,0,-1
2021545835821,2021,545835821,2,19,0,4,4,6,2,0,0,0,0,0,0,0,2,1,6,6,1,46,8,-1,-1,-1,-1,6,E01015532,0,-1
2021010313622,2021,010313622,2,1,0,18,19,2,6,0,0,1,0,0,0,0,2,1,6,6,1,10,2,-1,-1,-1,-1,4,E01002684,0,-1
202160Z072610,2021,60Z072610,3,9,0,4,4,3,7,0,0,0,0,0,0,0,2,1,6,6,1,37,7,-1,-1,-1,-1,-1,-1,0,-1
2021010313547,2021,010313547,1,1,0,99,99,9,9,0,0,8,0,2,0,0,1,1,2,2,2,36,7,-1,-1,-1,-1,8,E01001384,0,-1
2021010314953,2021,010314953,1,33,0,18,19,3,7,0,0,1,0,0,1,0,1,1,6,6,1,35,6,-1,-1,-1,-1,8,E01001030,1,-1
2021131061091,2021,131061091,2,9,0,4,4,2,6,0,0,8,0,0,0,0,2,1,2,2,1,59,9,-1,-1,-1,-1,1,E01011294,0,-1
2021461059493,2021,461059493,1,21,1,18,19,3,7,0,0,0,0,0,0,0,1,1,1,1,1,44,7,-1,-1,-1,-1,-1,-1,0,-1
2021552100297,2021,552100297,2,1,0,4,4,6,2,0,0,1,0,0,0,0,2,1,1,1,1,31,6,-1,-1,-1,-1,9,E01020385,0,-1
202163A016421,2021,63A016421,1,19,0,18,19,4,8,0,0,0,0,0,0,0,1,1,1,1,2,47,8,-1,-1,-1,-1,5,W01000698,0,-1
2021070223008,2021,070223008,2,1,0,18,19,3,7,0,0,3,0,2,0,0,3,1,1,1,1,32,6,-1,-1,-1,-1,2,E01012457,0,-1
2021010333542,2021,010333542,2,1,9,99,99,9,9,99,99,9,9,99,9,99,1,1,6,6,3,-1,-1,-1,-1,-1,-1,-1,-1,0,-1
2021471035967,2021,471035967,2,1,0,18,19,7,3,0,0,8,0,0,0,0,3,1,6,6,1,54,8,-1,-1,-1,-1,1,E01016900,0,-1
2021201084734,2021,201084734,1,33,0,16,19,6,2,0,0,0,0,0,0,0,1,1,6,6,1,20,4,-1,-1,-1,-1,7,E01031335,1,-1
2021461092847,2021,461092847,1,19,0,4,4,5,1,9,9,1,0,2,0,0,0,1,6,6,1,-1,-1,-1,-1,-1,-1,-1,-1,0,-1
2021010294485,2021,010294485,1,9,0,99,99,9,9,99,99,9,9,99,9,99,9,9,6,6,3,-1,-1,-1,-1,-1,-1,-1,-1,0,-1
2021481153475,2021,481153475,2,1,0,18,19,3,7,0,0,1,0,0,0,0,1,1,2,2,1,26,6,-1,-1,-1,-1,-1,-1,0,-1
2021610021821,2021,610021821,1,19,0,18,19,1,0,0,0,0,0,0,0,0,2,1,6,6,3,-1,-1,-1,-1,-1,-1,-1,-1,0,-1
2021010292292,2021,010292292,2,1,9,99,99,9,9,99,99,9,9,99,9,99,9,1,6,6,1,-1,-1,-1,-1,-1,-1,-1,-1,0,-1
2021010320775,2021,010320775,2,2,0,6,6,7,7,0,0,1,0,0,0,0,3,1,1,1,1,35,6,-1,-1,-1,-1,-1,-1,0,-1
2021320362144,2021,320362144,2,9,0,4,4,4,8,0,0,1,0,0,0,0,2,1,1,1,1,40,7,-1,-1,-1,-1,9,E01024981,0,-1
2021430311398,2021,430311398,2,19,0,12,12,3,7,0,0,0,0,0,0,0,3,1,6,6,1,-1,-1,-1,-1,-1,-1,-1,-1,0,-1
2021010330429,2021,010330429,1,1,0,18,19,7,3,0,0,2,0,0,0,0,1,1,6,6,1,36,7,-1,-1,-1,-1,4,E01003212,0,-1
2021061025267,2021,061025267,2,98,4,18,19,2,2,0,0,0,0,0,0,0,3,1,1,1,3,30,6,-1,-1,-1,-1,5,E01006008,0,-1
202160Z129923,2021,60Z129923,1,1,0,18,19,6,2,0,0,0,0,0,0,0,1,1,6,6,1,15,3,-1,-1,-1,-1,-1,-1,0,-1
2021010319501,2021,010319501,3,1,0,18,19,5,1,0,0,1,0,0,0,0,2,1,6,6,1,32,6,-1,-1,-1,-1,2,E01004729,0,-1
2021010351423,2021,010351423,1,1,9,99,99,9,9,99,99,9,9,99,9,99,1,1,2,2,1,28,6,-1,-1,-1,-1,6,E01004059,0,-1
2021201031801,2021,201031801,1,9,0,18,19,3,7,0,0,1,0,0,0,0,1,1,6,6,1,-1,-1,-1,-1,-1,-1,-1,-1,0,-1
2021010291566,2021,010291566,2,98,0,6,6,2,2,99,99,0,9,99,9,99,1,9,6,6,3,-1,-1,-1,-1,-1,-1,-1,-1,0,-1
2021010304927,2021,010304927,2,19,0,18,19,5,1,0,0,2,0,0,0,0,1,1,6,6,1,50,8,-1,-1,-1,-1,8,E01004171,0,-1
2021622100906,2021,622100906,2,1,0,18,19,2,6,0,0,1,0,0,0,0,2,1,6,6,1,35,6,-1,-1,-1,-1,2,W01001761,0,-1
2021070053454,2021,070053454,3,9,0,18,19,3,7,0,0,0,0,0,0,0,0,1,1,1,1,49,8,-1,-1,-1,-1,9,E01018737,0,-1
2021131049862,2021,131049862,1,98,0,18,19,2,6,0,0,1,0,0,0,0,-1,1,6,6,3,-1,-1,-1,-1,-1,-1,-1,-1,0,-1
2021010311429,2021,010311429,2,1,9,99,99,9,9,99,99,9,9,99,9,99,9,1,6,6,3,-1,-1,-1,-1,-1,-1,-1,-1,0,-1
2021471081623,2021,471081623,1,9,0,18,19,3,7,0,0,0,0,0,0,0,1,1,6,6,1,59,9,-1,-1,-1,-1,6,E01021105,0,-1
2021501113583,2021,501113583,2,9,0,2,2,0,0,0,0,0,0,0,0,0,2,1,5,6,2,35,6,-1,-1,-1,-1,4,E01015056,0,-1
202163C026021,2021,63C026021,2,9,0,3,3,2,6,0,0,1,0,0,0,0,2,1,1,1,1,47,8,-1,-1,-1,-1,7,W01000532,0,-1
2021010314131,2021,010314131,1,9,0,18,19,1,5,0,0,8,0,0,0,0,1,1,6,6,3,-1,-1,-1,-1,-1,-1,-1,-1,0,-1
2021320362144,2021,320362144,1,9,0,4,4,4,8,0,0,1,0,0,0,0,1,1,1,1,2,54,8,-1,-1,-1,-1,2,E01030264,0,-1
202160Z161289,2021,60Z161289,2,9,0,4,4,5,1,0,0,1,0,0,0,0,2,1,6,6,1,85,11,-1,-1,-1,-1,-1,-1,0,-1
202163C017521,2021,63C017521,3,9,0,4,4,2,6,0,0,0,0,0,0,0,0,1,6,6,2,23,5,-1,-1,-1,-1,4,W01000591,0,-1
202163D098921,2021,63D098921,2,9,0,10,10,8,6,0,0,1,0,0,0,0,1,1,6,6,1,28,6,-1,-1,-1,-1,5,W01000452,0,-1
2021101031115,2021,101031115,1,9,0,5,5,2,8,0,0,0,0,0,0,0,2,1,6,6,1,16,4,-1,-1,-1,-1,-1,-1,0,-1
2021401062750,2021,401062750,2,19,0,18,19,5,1,0,0,0,0,0,0,0,2,1,1,1,1,49,8,-1,-1,-1,-1,10,E01017866,0,-1
2021041012995,2021,041012995,2,98,4,2,2,3,7,0,0,0,0,0,0,0,3,1,6,6,3,-1,-1,-1,-1,-1,-1,-1,-1,0,-1
2021141018046,2021,141018046,3,9,0,18,19,1,5,0,0,0,0,0,0,0,1,1,2,2,1,42,7,-1,-1,-1,-1,8,E01007520,0,-1
2021610001421,2021,610001421,2,9,0,4,4,8,4,0,0,0,0,0,0,0,2,1,6,6,1,23,5,-1,-1,-1,-1,-1,-1,0,-1
2021041096998,2021,041096998,1,9,0,18,19,1,5,0,0,1,0,11,0,0,1,1,6,6,1,27,6,-1,-1,-1,-1,7,E01025108,0,-1
2021010295218,2021,010295218,1,9,0,18,19,1,5,0,0,0,0,11,0,0,1,1,6,6,3,-1,-1,-1,-1,-1,-1,-1,-1,0,-1
2021010345096,2021,010345096,3,1,0,4,4,5,1,9,9,0,0,0,0,0,0,1,1,1,1,22,5,-1,-1,-1,-1,2,E01002784,0,-1
2021501111619,2021,501111619,1,19,0,1,1,2,6,0,0,0,0,0,0,0,2,1,1,1,1,52,8,-1,-1,-1,-1,3,E01020095,0,-1
2021991106543,2021,991106543,1,1,0,18,19,5,1,0,0,0,0,2,0,0,1,1,5,6,1,65,9,-1,-1,-1,-1,7,-1,0,-1
202160Z175012,2021,60Z175012,1,9,0,15,15,5,1,0,0,0,0,0,0,0,1,1,6,6,1,62,9,-1,-1,-1,-1,-1,-1,0,-1
2021501064675,2021,501064675,2,9,4,18,19,7,3,0,0,0,0,0,0,0,2,1,6,6,1,33,6,-1,-1,-1,-1,2,E01005371,0,-1
2021010297070,2021,010297070,1,1,9,99,99,9,9,99,99,9,9,99,9,99,9,1,6,6,1,25,5,-1,-1,-1,-1,5,E01003955,0,-1
2021010354398,2021,010354398,1,1,9,99,99,9,9,99,99,9,9,99,9,99,1,1,6,6,1,19,4,-1,-1,-1,-1,3,E01000185,0,-1
2021141023470,2021,141023470,2,1,0,18,19,6,2,0,0,0,0,0,0,0,2,1,6,6,1,20,4,-1,-1,-1,-1,-1,-1,0,-1
2021221092993,2021,221092993,3,9,0,3,3,5,1,0,0,0,0,0,0,0,2,1,6,6,1,34,6,-1,-1,-1,-1,-1,-1,0,-1
2021481153475,2021,481153475,1,9,0,6,6,7,7,0,0,1,0,0,0,0,4,1,6,6,1,40,7,-1,-1,-1,-1,-1,-1,0,-1
2021070718725,2021,070718725,2,1,0,18,19,6,4,0,0,8,0,2,0,0,0,1,6,6,1,27,6,-1,-1,-1,-1,6,E01018331,0,-1
2021531057976,2021,531057976,1,9,0,4,4,-1,-1,0,0,0,0,0,0,0,1,1,5,6,1,49,8,-1,-1,-1,-1,9,E01014398,0,-1
2021451060580,2021,451060580,1,20,0,18,19,1,5,0,0,0,0,0,0,0,1,1,6,6,2,40,7,-1,-1,-1,-1,6,E01031676,0,-1
2021371144121,2021,371144121,1,9,0,18,19,7,3,0,0,0,0,0,0,0,-1,1,6,6,3,-1,-1,-1,-1,-1,-1,-1,-1,0,-1
2021451074322,2021,451074322,2,1,0,17,19,3,7,0,0,6,0,0,0,0,3,1,5,6,2,32,6,-1,-1,-1,-1,3,E01003164,0,-1
2021501018603,2021,501018603,1,9,0,18,19,1,5,0,0,0,0,2,0,0,1,1,1,1,1,46,8,-1,-1,-1,-1,3,E01020073,0,-1
2021501118913,2021,501118913,1,1,0,18,19,3,7,0,0,0,2,11,0,0,1,1,1,1,1,58,9,-1,-1,-1,-1,3,E01015150,0,-1
2021010292453,2021,010292453,2,9,0,99,99,9,9,99,99,9,9,99,9,99,9,9,6,6,3,-1,-1,-1,-1,-1,-1,-1,-1,0,-1
202131C085821,2021,31C085821,2,9,0,10,10,3,7,0,0,1,0,0,0,0,2,1,6,6,1,54,8,-1,-1,-1,-1,1,E01013821,0,-1
2021201057959,2021,201057959,2,9,0,3,3,-1,-1,0,0,0,0,0,0,0,2,1,6,6,1,41,7,-1,-1,-1,-1,-1,-1,0,-1
2021302101030,2021,302101030,1,9,0,5,5,8,4,0,0,0,0,0,0,0,1,1,6,6,3,-1,-1,-1,-1,-1,-1,5,E01019456,0,-1
2021440313172,2021,440313172,2,1,0,18,19,5,1,0,0,8,0,0,0,0,4,1,1,1,1,21,5,-1,-1,-1,-1,3,E01017194,0,-1
2021471026908,2021,471026908,1,9,0,18,19,1,5,0,0,0,0,0,0,0,1,1,6,6,1,-1,-1,-1,-1,-1,-1,-1,-1,0,-1
2021041019568,2021,041019568,2,1,0,18,19,1,5,0,0,1,2,11,0,0,1,1,5,6,1,56,9,-1,-1,-1,-1,2,E01025369,0,-1
2021161084424,2021,161084424,1,9,0,9,9,6,4,0,0,8,0,0,0,0,1,1,6,6,2,-1,-1,-1,-1,-1,-1,-1,-1,0,-1
2021010314501,2021,010314501,2,1,0,18,19,4,8,0,0,0,0,0,0,0,4,1,1,1,1,25,5,-1,-1,-1,-1,2,E01002002,0,-1
2021010329420,2021,010329420,1,1,0,5,5,7,3,0,0,1,0,0,0,0,4,1,2,2,1,32,6,-1,-1,-1,-1,9,E01022119,0,-1
2021471062215,2021,471062215,1,9,0,18,19,1,5,0,0,8,0,0,0,0,1,2,6,6,3,-1,-1,-1,-1,-1,-1,-1,-1,0,-1
2021010315226,2021,010315226,1,1,0,99,99,9,9,0,0,8,1,0,0,0,1,1,2,2,1,23,5,-1,-1,-1,-1,8,E01002581,0,-1
2021531055328,2021,531055328,2,9,0,18,19,3,7,0,0,0,0,0,0,0,1,1,5,6,1,43,7,-1,-1,-1,-1,8,E01032938,0,-1
2021010305639,2021,010305639,2,1,0,18,19,3,7,0,0,8,5,0,0,0,4,1,6,6,1,54,8,-1,-1,-1,-1,4,E01004002,0,-1
2021010302106,2021,010302106,1,1,9,99,99,9,9,99,99,9,9,99,9,99,2,1,6,6,1,24,5,-1,-1,-1,-1,1,E01004674,0,-1
2021031027520,2021,031027520,2,21,0,18,19,1,5,0,0,0,0,0,0,0,1,1,1,1,1,62,9,-1,-1,-1,-1,-1,-1,0,-1
2021010310705,2021,010310705,2,33,0,5,5,3,7,0,0,3,5,0,0,0,2,1,2,2,2,27,6,-1,-1,-1,-1,2,E01004242,1,-1
2021010355018,2021,010355018,1,1,9,99,99,9,9,99,99,9,9,99,9,99,9,1,6,6,1,31,6,-1,-1,-1,-1,2,E01003633,0,-1
2021052100853,2021,052100853,1,33,0,18,19,7,3,0,0,2,0,0,0,0,1,1,6,6,3,-1,-1,-1,-1,-1,-1,-1,-1,1,-1
2021161104844,2021,161104844,1,9,0,9,9,7,5,0,0,1,0,0,0,0,1,1,5,6,1,51,8,-1,-1,-1,-1,6,E01012987,0,-1
2021010332008,2021,010332008,1,1,0,18,19,5,1,0,0,1,0,11,0,0,1,1,1,1,2,26,6,-1,-1,-1,-1,2,E01003305,0,-1
2021221042497,2021,221042497,1,1,0,18,19,8,4,0,0,0,0,0,0,0,1,1,5,6,1,50,8,-1,-1,-1,-1,8,W01000404,0,-1
2021430411572,2021,430411572,1,21,0,12,12,6,2,0,0,0,0,0,0,0,3,1,1,1,1,55,8,-1,-1,-1,-1,-1,-1,0,-1
202106L079230,2021,06L079230,1,90,0,18,19,8,4,0,0,1,0,0,0,0,2,1,6,6,3,30,6,-1,-1,-1,-1,-1,-1,0,-1
2021471023877,2021,471023877,1,9,0,15,15,1,4,0,0,0,0,0,0,0,4,1,6,6,3,-1,-1,-1,-1,-1,-1,-1,-1,0,-1
2021010310500,2021,010310500,2,22,0,18,19,1,5,0,0,1,0,0,0,0,1,1,6,6,2,39,7,-1,-1,-1,-1,3,E01000974,0,-1
2021501112586,2021,501112586,1,9,0,18,19,7,3,0,0,0,0,0,0,0,1,1,5,6,1,58,9,-1,-1,-1,-1,9,E01020128,0,-1
202160Z109195,2021,60Z109195,2,9,0,9,9,5,3,0,0,8,0,0,0,0,4,1,1,1,1,62,9,-1,-1,-1,-1,-1,-1,0,-1
2021421032640,2021,421032640,1,9,0,18,19,7,3,9,9,1,0,0,0,0,1,1,6,6,1,-1,-1,-1,-1,-1,-1,-1,-1,0,-1
2021610018821,2021,610018821,1,9,0,18,19,4,8,0,0,0,0,0,0,0,4,1,2,2,1,32,6,-1,-1,-1,-1,-1,-1,0,-1
2021010314953,2021,010314953,2,8,0,4,4,3,7,0,0,1,0,0,0,0,4,1,1,1,1,43,7,-1,-1,-1,-1,4,E01004611,0,-1
2021471035967,2021,471035967,1,9,0,18,19,7,3,0,0,8,0,0,0,0,4,1,6,6,3,-1,-1,-1,-1,-1,-1,-1,-1,0,-1
2021440100045,2021,440100045,2,9,0,13,13,7,3,0,0,0,0,0,0,0,0,1,6,6,3,-1,-1,-1,-1,-1,-1,-1,-1,0,-1
2021041084996,2021,041084996,2,9,0,4,4,3,7,0,0,1,0,0,0,0,1,2,6,6,1,30,6,-1,-1,-1,-1,9,E01025299,0,-1
2021332100844,2021,332100844,2,98,0,3,3,5,1,0,0,0,0,0,0,0,2,1,1,1,1,28,6,-1,-1,-1,-1,7,E01007551,0,-1
2021010302089,2021,010302089,2,19,0,9,9,1,7,0,0,5,0,4,1,0,1,1,2,2,1,30,6,-1,-1,-1,-1,8,E01001523,0,-1
2021332100481,2021,332100481,2,11,0,18,19,3,7,0,0,8,0,0,0,0,1,1,1,1,3,-1,-1,-1,-1,-1,-1,-1,-1,0,-1
2021430119377,2021,430119377,3,9,0,18,19,4,8,0,0,0,0,0,0,0,1,1,6,6,1,-1,-1,-1,-1,-1,-1,-1,-1,0,-1
2021332100844,2021,332100844,8,98,0,3,3,5,1,0,0,0,0,0,0,0,2,2,1,1,1,29,6,-1,-1,-1,-1,-1,-1,0,-1
2021221037920,2021,221037920,3,9,0,3,3,6,2,0,0,0,0,0,0,0,3,1,5,6,1,58,9,-1,-1,-1,-1,5,E01029829,0,-1
2021471088029,2021,471088029,2,1,0,18,19,7,3,0,0,8,0,0,0,0,4,1,6,6,1,-1,-1,-1,-1,-1,-1,8,E01021073,0,-1
2021544211921,2021,544211921,1,1,0,18,19,2,6,0,0,0,0,0,0,0,1,1,6,6,1,20,4,-1,-1,-1,-1,2,E01031896,0,-1
2021302101243,2021,302101243,2,9,0,18,19,4,8,0,0,0,0,0,0,0,1,1,6,6,3,-1,-1,-1,-1,-1,-1,5,E01019456,0,-1
2021332100100,2021,332100100,1,8,0,18,19,5,1,0,0,0,0,0,0,0,4,1,1,1,1,66,10,-1,-1,-1,-1,7,E01013669,0,-1
2021610043921,2021,610043921,1,9,0,18,19,3,7,0,0,0,1,0,1,6,1,1,6,6,2,29,6,-1,-1,-1,-1,-1,-1,0,-1
2021010308283,2021,010308283,1,1,9,99,99,9,9,99,99,9,9,99,9,99,9,1,6,6,2,39,7,-1,-1,-1,-1,3,E01001489,0,-1
2021010297865,2021,010297865,1,1,9,99,99,9,9,99,99,9,9,99,9,99,2,1,6,6,1,31,6,-1,-1,-1,-1,4,E01003090,0,-1
2021010314131,2021,010314131,2,1,0,18,19,1,5,0,0,1,0,0,1,0,2,1,2,2,1,22,5,-1,-1,-1,-1,1,E01001554,0,-1
2021451089611,2021,451089611,1,9,0,18,19,3,7,0,0,0,0,0,0,0,1,1,2,2,1,55,8,-1,-1,-1,-1,2,E01001603,0,-1
2021010311819,2021,010311819,2,9,0,99,99,9,9,99,99,9,9,99,9,99,9,9,6,6,3,-1,-1,-1,-1,-1,-1,-1,-1,0,-1
2021010325935,2021,010325935,2,1,0,18,19,8,4,0,0,0,0,11,0,0,3,1,6,6,1,42,7,-1,-1,-1,-1,1,E01003318,0,-1
2021010347559,2021,010347559,1,1,0,5,5,1,5,0,0,8,5,0,0,0,1,1,2,2,1,42,7,-1,-1,-1,-1,2,E01003093,0,-1
202160Z147230,2021,60Z147230,1,98,0,4,4,5,1,0,0,1,1,0,0,0,1,1,6,6,1,22,5,-1,-1,-1,-1,-1,-1,0,-1
2021010325868,2021,010325868,2,1,0,18,19,1,5,0,0,1,0,0,0,0,1,1,1,1,1,24,5,-1,-1,-1,-1,6,E01003272,0,-1
2021320182037,2021,320182037,2,9,0,18,19,4,8,0,0,0,0,0,0,0,1,1,6,6,3,40,7,-1,-1,-1,-1,-1,-1,0,-1
2021311109841,2021,311109841,1,9,0,18,19,7,8,0,0,0,0,0,0,0,1,1,6,6,3,16,4,-1,-1,-1,-1,-1,-1,0,-1
2021332100844,2021,332100844,3,98,0,3,3,5,1,0,0,0,0,0,0,0,2,1,1,1,1,24,5,-1,-1,-1,-1,2,E01031044,0,-1
2021010300761,2021,010300761,2,1,9,99,99,9,9,99,99,9,9,99,9,99,9,1,3,7,1,8,2,-1,-1,-1,-1,3,E01004448,0,-1
2021332100023,2021,332100023,3,9,0,18,19,2,6,0,0,0,0,0,0,0,1,1,6,6,2,25,5,-1,-1,-1,-1,7,E01025627,0,-1
2021010291566,2021,010291566,1,1,9,99,99,9,9,99,99,0,9,99,9,99,9,1,2,2,2,25,5,-1,-1,-1,-1,8,E01004479,0,-1
2021041100407,2021,041100407,2,9,0,12,12,5,1,0,0,0,0,0,0,0,3,1,6,6,1,31,6,-1,-1,-1,-1,7,E01010918,0,-1
2021010307960,2021,010307960,1,1,9,99,99,9,9,99,99,9,9,99,9,99,9,1,2,2,2,35,6,-1,-1,-1,-1,3,E01000866,0,-1
202160Z033634,2021,60Z033634,2,17,4,13,13,1,5,0,0,0,0,0,0,0,1,1,1,1,1,25,5,-1,-1,-1,-1,-1,-1,0,-1
202160Z147230,2021,60Z147230,3,9,0,3,3,5,1,0,0,1,0,0,0,0,2,1,1,1,1,23,5,-1,-1,-1,-1,-1,-1,0,-1
2021010292252,2021,010292252,2,33,0,18,19,1,5,0,0,0,0,0,0,0,1,1,6,6,1,18,4,-1,-1,-1,-1,2,E01001796,1,-1
2021010312388,2021,010312388,1,1,9,99,99,9,9,99,99,9,9,99,9,99,9,1,6,6,1,60,9,-1,-1,-1,-1,6,E01000324,0,-1
2021440329367,2021,440329367,4,10,0,18,19,7,3,0,0,0,0,0,0,0,2,1,2,2,2,48,8,-1,-1,-1,-1,7,E01017017,0,-1
2021010328386,2021,010328386,1,1,9,99,99,9,9,99,99,9,9,99,9,99,1,1,6,6,1,23,5,-1,-1,-1,-1,10,E01014742,0,-1
2021320491678,2021,320491678,1,9,0,18,19,3,7,0,0,0,0,0,0,0,4,1,6,6,3,40,7,-1,-1,-1,-1,-1,-1,0,-1
202134WNC1781,2021,34WNC1781,2,19,0,18,19,1,5,0,0,0,0,0,0,0,2,1,1,1,1,58,9,-1,-1,-1,-1,9,E01024349,0,-1
2021430209891,2021,430209891,1,9,0,5,5,6,2,0,0,1,0,0,0,0,3,1,2,2,2,23,5,-1,-1,-1,-1,3,E01028546,0,-1
2021991149003,2021,991149003,2,1,0,15,15,4,8,0,0,0,0,0,0,0,2,1,6,6,1,35,6,-1,-1,-1,-1,7,-1,0,-1
2021010289542,2021,010289542,1,9,0,7,7,3,5,0,0,5,0,0,0,0,4,1,6,6,3,-1,-1,-1,-1,-1,-1,-1,-1,0,-1
2021010347132,2021,010347132,1,1,9,99,99,9,9,99,99,9,9,99,9,99,9,1,2,2,2,41,7,-1,-1,-1,-1,4,E01003410,0,-1
2021161025364,2021,161025364,2,22,0,14,14,4,8,0,0,2,0,0,0,0,2,1,5,6,1,64,9,-1,-1,-1,-1,2,E01013131,0,-1
2021522104732,2021,522104732,2,9,0,18,19,1,5,0,0,0,0,0,0,0,1,1,6,6,1,30,6,-1,-1,-1,-1,-1,-1,0,-1
2021010322196,2021,010322196,2,3,0,5,5,1,5,0,0,0,0,0,0,0,1,1,6,6,3,-1,-1,-1,-1,-1,-1,-1,-1,0,-1
2021471061486,2021,471061486,2,1,0,18,19,7,3,9,9,0,0,0,0,0,1,1,5,6,1,56,9,-1,-1,-1,-1,6,E01031408,0,-1
2021610021821,2021,610021821,3,20,0,18,19,1,0,0,0,0,0,0,0,0,1,1,6,6,3,-1,-1,-1,-1,-1,-1,-1,-1,0,-1
2021010338752,2021,010338752,1,9,0,13,13,4,8,0,0,1,0,0,0,0,1,1,6,6,3,-1,-1,-1,-1,-1,-1,-1,-1,0,-1
2021211079401,2021,211079401,1,9,-1,-1,-1,1,3,-1,-1,-1,-1,-1,-1,-1,-1,1,1,1,3,-1,-1,-1,-1,-1,-1,-1,-1,0,-1
2021010338818,2021,010338818,1,1,0,18,19,7,3,0,0,0,0,0,0,0,1,1,1,1,1,50,8,-1,-1,-1,-1,6,E01004749,0,-1
2021101037447,2021,101037447,1,9,0,18,19,1,5,0,0,0,0,0,0,0,-1,1,6,6,2,-1,-1,-1,-1,-1,-1,-1,-1,0,-1
2021010324234,2021,010324234,2,9,0,99,99,9,9,99,99,9,9,99,9,99,9,9,6,6,3,-1,-1,-1,-1,-1,-1,-1,-1,0,-1
2021332100092,2021,332100092,2,9,0,5,5,6,2,0,0,8,0,0,0,0,1,1,3,7,2,26,6,-1,-1,-1,-1,-1,-1,0,-1
2021010314256,2021,010314256,1,1,9,99,99,9,9,99,99,9,9,99,9,99,1,1,2,2,2,40,7,-1,-1,-1,-1,3,E01004533,0,-1
2021010297029,2021,010297029,1,1,9,99,99,9,9,99,99,9,9,99,9,99,9,1,6,6,2,58,9,-1,-1,-1,-1,7,E01000295,0,-1
2021010298814,2021,010298814,2,1,0,18,19,3,7,0,0,8,0,0,0,0,4,1,6,6,1,53,8,-1,-1,-1,-1,3,E01001856,0,-1
2021440100045,2021,440100045,1,1,0,18,19,7,3,0,0,0,0,0,0,0,0,1,6,6,2,40,7,-1,-1,-1,-1,4,E01023088,0,-1
2021010296032,2021,010296032,2,1,0,18,19,7,3,4,4,1,0,0,0,0,0,1,1,1,2,25,5,-1,-1,-1,-1,4,E01001855,0,-1
2021010297088,2021,010297088,2,1,0,16,19,5,1,0,0,2,0,0,0,0,2,1,6,6,1,34,6,-1,-1,-1,-1,5,E01002061,0,-1
2021010307806,2021,010307806,1,11,0,18,19,5,1,0,0,8,0,0,0,0,1,1,6,6,1,52,8,-1,-1,-1,-1,4,E01001675,0,-1
2021010310343,2021,010310343,1,1,9,99,99,9,9,99,99,9,9,99,9,99,9,1,6,6,1,41,7,-1,-1,-1,-1,3,E01033699,0,-1
2021041079339,2021,041079339,2,9,0,18,19,1,5,0,0,0,0,0,0,0,1,2,1,1,1,38,7,-1,-1,-1,-1,-1,-1,0,-1
2021041087120,2021,041087120,2,1,0,18,19,1,5,0,0,1,5,0,0,0,1,1,2,2,1,24,5,-1,-1,-1,-1,2,E01025263,0,-1
202160Z147230,2021,60Z147230,2,19,0,3,3,5,1,0,0,1,0,0,0,0,2,1,6,6,1,25,5,-1,-1,-1,-1,-1,-1,0,-1
2021010310481,2021,010310481,1,1,9,99,99,9,9,99,99,9,9,99,9,99,9,1,6,6,2,23,5,-1,-1,-1,-1,3,E01003531,0,-1
2021010312424,2021,010312424,2,1,9,99,99,9,9,99,99,9,9,99,9,99,9,1,2,2,1,57,9,-1,-1,-1,-1,3,E01002457,0,-1
2021302100378,2021,302100378,3,1,0,18,19,2,6,0,0,0,0,0,0,0,1,1,6,6,1,34,6,-1,-1,-1,-1,2,E01013522,0,-1
2021430391864,2021,430391864,2,9,0,18,19,4,8,0,0,0,1,0,4,6,4,1,1,1,2,34,6,-1,-1,-1,-1,5,E01016374,0,-1
2021451093788,2021,451093788,1,1,0,18,19,1,5,0,0,1,2,0,0,0,1,1,2,2,1,52,8,-1,-1,-1,-1,6,E01030426,0,-1
202160Z161289,2021,60Z161289,1,9,0,18,19,5,1,0,0,1,0,0,0,0,1,1,6,6,1,80,11,-1,-1,-1,-1,-1,-1,0,-1
2021010299118,2021,010299118,1,9,0,99,99,9,9,99,99,9,9,99,9,99,1,9,6,6,3,-1,-1,-1,-1,-1,-1,-1,-1,0,-1
2021501018587,2021,501018587,1,9,0,18,19,4,6,0,0,6,0,0,0,0,1,1,6,6,3,-1,-1,-1,-1,-1,-1,-1,-1,0,-1
2021332100615,2021,332100615,2,9,0,3,3,5,1,0,0,0,0,0,0,0,2,1,2,2,1,37,7,-1,-1,-1,-1,9,E01025769,0,-1
2021471032105,2021,471032105,2,1,0,18,19,3,7,0,0,0,0,0,0,0,4,1,5,6,2,61,9,-1,-1,-1,-1,9,E01031489,0,-1
202163C013621,2021,63C013621,2,9,0,3,3,2,6,0,0,0,0,0,0,0,2,1,6,6,2,58,9,-1,-1,-1,-1,-1,-1,0,-1
2021010293408,2021,010293408,2,1,0,18,19,3,7,0,0,2,0,0,0,0,1,1,6,6,1,51,8,-1,-1,-1,-1,6,E01000180,0,-1
2021361131668,2021,361131668,2,19,0,18,19,2,6,0,0,1,0,0,0,0,4,1,5,6,1,30,6,-1,-1,-1,-1,1,E01026809,0,-1
2021430165790,2021,430165790,2,9,0,18,19,4,8,0,0,3,0,0,0,0,1,1,6,6,3,-1,-1,-1,-1,-1,-1,-1,-1,0,-1
2021430250033,2021,430250033,2,98,0,18,19,8,4,0,0,0,1,0,0,0,1,1,1,1,1,57,9,-1,-1,-1,-1,2,E01000904,0,-1
2021340558915,2021,340558915,2,9,0,18,19,5,1,0,0,0,0,0,0,0,2,2,2,2,1,39,7,-1,-1,-1,-1,6,E01028703,0,-1
2021010289542,2021,010289542,2,1,0,15,15,3,7,0,0,1,0,0,0,0,1,1,2,2,1,27,6,-1,-1,-1,-1,3,E01003250,0,-1
2021221091514,2021,221091514,2,9,0,3,3,8,4,0,0,0,0,0,0,0,3,1,5,6,1,25,5,-1,-1,-1,-1,4,E01028999,0,-1
2021440163653,2021,440163653,1,9,0,4,4,7,3,0,0,0,0,0,0,0,2,1,2,2,2,27,6,-1,-1,-1,-1,5,E01022832,0,-1
2021451055897,2021,451055897,2,97,0,18,19,5,1,9,9,0,0,0,0,0,0,1,1,1,3,36,7,-1,-1,-1,-1,-1,-1,0,-1
2021461038657,2021,461038657,1,21,1,18,19,3,7,0,0,0,0,0,0,0,0,1,6,6,3,-1,-1,-1,-1,-1,-1,-1,-1,0,-1
2021991027321,2021,991027321,2,1,0,12,12,7,3,9,9,0,0,0,0,0,3,1,5,6,1,43,7,-1,-1,-1,-1,6,-1,0,-1
2021548620421,2021,548620421,1,2,0,18,19,7,3,0,0,1,0,0,0,0,4,1,6,6,1,16,4,-1,-1,-1,-1,7,E01031848,0,-1
2021010341334,2021,010341334,1,3,0,18,19,3,7,0,0,0,0,0,0,0,0,1,2,2,1,54,8,-1,-1,-1,-1,8,E01030722,0,-1
202163C026021,2021,63C026021,3,21,1,3,3,2,6,0,0,1,0,0,0,0,2,1,1,1,1,56,9,-1,-1,-1,-1,3,W01000945,0,-1
2021201121744,2021,201121744,2,1,0,18,19,5,1,0,0,1,0,0,0,0,1,1,6,6,1,27,6,-1,-1,-1,-1,1,E01009651,0,-1
2021440462297,2021,440462297,2,1,0,18,19,7,3,0,0,0,0,0,0,0,1,1,6,6,1,49,8,-1,-1,-1,-1,3,E01023157,0,-1
2021610021821,2021,610021821,2,9,0,18,19,1,0,0,0,0,0,0,0,0,1,1,6,6,2,-1,-1,-1,-1,-1,-1,-1,-1,0,-1
2021231030937,2021,231030937,2,9,0,3,3,1,5,0,0,0,0,0,0,0,2,1,1,1,2,56,9,-1,-1,-1,-1,7,E01025757,0,-1
2021430180228,2021,430180228,1,9,0,13,13,2,6,0,0,0,0,0,0,0,4,1,6,6,1,-1,-1,-1,-1,-1,-1,-1,-1,0,-1
2021010348824,2021,010348824,2,1,0,18,19,6,2,4,4,0,0,0,0,0,1,1,2,2,1,48,8,-1,-1,-1,-1,5,E01004522,0,-1
2021610025221,2021,610025221,1,3,0,18,19,6,2,9,9,0,1,2,7,1,1,1,6,6,1,28,6,-1,-1,-1,-1,-1,-1,0,-1
2021101084416,2021,101084416,2,9,0,18,19,1,5,0,0,0,0,0,0,0,4,1,5,6,1,49,8,-1,-1,-1,-1,2,E01027519,0,-1
2021610021821,2021,610021821,4,9,0,18,19,1,0,0,0,0,0,0,0,0,1,1,6,6,3,-1,-1,-1,-1,-1,-1,-1,-1,0,-1
2021010339155,2021,010339155,1,2,0,18,19,5,1,0,0,8,0,0,0,0,1,1,1,1,1,21,5,-1,-1,-1,-1,3,E01000099,0,-1
2021430309657,2021,430309657,1,21,1,12,12,6,2,0,0,0,1,0,0,0,3,2,1,1,1,51,8,-1,-1,-1,-1,-1,-1,0,-1
2021010304198,2021,010304198,1,19,0,5,5,0,5,0,0,2,0,0,0,0,4,1,1,1,1,33,6,-1,-1,-1,-1,4,E01000565,0,-1
2021411122305,2021,411122305,1,98,0,18,19,1,5,0,0,8,0,0,0,0,1,1,1,1,1,70,10,-1,-1,-1,-1,6,E01023414,0,-1
2021461022183,2021,461022183,2,21,1,18,19,7,3,0,0,0,0,0,0,0,2,1,1,1,1,43,7,-1,-1,-1,-1,-1,-1,0,-1
2021471041175,2021,471041175,2,1,0,9,9,4,2,0,0,8,0,0,0,0,1,1,5,6,1,57,9,-1,-1,-1,-1,9,E01031741,0,-1
202134NNC3081,2021,34NNC3081,1,9,0,18,19,7,3,0,0,1,0,0,0,0,1,1,1,1,1,23,5,-1,-1,-1,-1,4,E01000068,0,-1
2021010290908,2021,010290908,2,9,0,4,4,7,3,0,0,1,0,0,0,0,4,1,6,6,3,-1,-1,-1,-1,-1,-1,-1,-1,0,-1
2021010290983,2021,010290983,2,9,0,99,99,9,9,99,99,0,9,99,9,99,1,9,6,6,3,-1,-1,-1,-1,-1,-1,-1,-1,0,-1
2021540115221,2021,540115221,1,9,0,18,19,6,2,0,0,0,0,0,0,0,1,1,1,1,1,32,6,-1,-1,-1,-1,2,W01001532,0,-1
2021122100313,2021,122100313,1,9,0,18,19,7,3,0,0,4,0,9,3,7,1,1,1,1,1,22,5,-1,-1,-1,-1,7,E01012269,0,-1
2021430088834,2021,430088834,2,21,1,18,19,5,1,0,0,0,0,0,0,0,1,2,2,2,1,40,7,-1,-1,-1,-1,-1,-1,0,-1
2021041116365,2021,041116365,2,98,0,18,19,4,8,0,0,0,0,0,0,0,2,1,2,2,1,54,8,-1,-1,-1,-1,1,E01025574,0,-1
2021531061921,2021,531061921,2,90,0,18,19,1,5,0,0,0,0,0,0,0,2,1,1,1,1,50,8,-1,-1,-1,-1,9,E01031953,0,-1
202160Z072610,2021,60Z072610,2,9,0,4,4,7,3,0,0,0,0,0,0,0,2,1,6,6,1,51,8,-1,-1,-1,-1,-1,-1,0,-1
2021461072886,2021,461072886,2,1,0,3,3,3,7,0,0,0,1,0,0,0,2,1,1,1,1,36,7,-1,-1,-1,-1,9,E01024818,0,-1
202163D056921,2021,63D056921,2,9,0,3,3,1,6,0,0,0,0,0,0,0,2,1,6,6,1,55,8,-1,-1,-1,-1,9,W01000549,0,-1
2021010309779,2021,010309779,1,1,9,99,99,9,9,99,99,9,9,99,9,99,9,1,2,2,1,35,6,-1,-1,-1,-1,3,E01000936,0,-1
202131B000621,2021,31B000621,2,9,0,18,19,1,5,0,0,0,0,0,0,0,1,1,2,2,2,33,6,-1,-1,-1,-1,7,E01028021,0,-1
2021052102436,2021,052102436,1,11,0,18,19,5,1,0,0,0,0,0,0,0,4,1,1,1,3,-1,-1,-1,-1,-1,-1,-1,-1,0,-1
2021421103641,2021,421103641,2,21,1,18,19,4,8,0,0,0,0,0,0,0,3,1,1,1,1,43,7,-1,-1,-1,-1,-1,-1,0,-1
2021461068429,2021,461068429,1,1,0,18,19,5,1,0,0,1,0,0,0,0,1,1,5,6,1,55,8,-1,-1,-1,-1,5,E01024095,0,-1
202131D076421,2021,31D076421,1,9,0,4,4,2,6,0,0,1,0,0,0,0,0,1,6,6,3,-1,-1,-1,-1,-1,-1,-1,-1,0,-1
2021332100092,2021,332100092,1,9,0,9,9,4,2,0,0,6,0,0,0,0,4,1,6,6,2,46,8,-1,-1,-1,-1,4,E01025931,0,-1
202160Z161289,2021,60Z161289,3,9,0,4,4,5,1,0,0,1,0,0,0,0,2,1,6,6,1,18,4,-1,-1,-1,-1,-1,-1,0,-1
2021231118393,2021,231118393,2,19,0,18,19,8,4,0,0,0,0,0,0,0,4,1,1,1,1,-1,-1,-1,-1,-1,-1,-1,-1,0,-1
2021332100113,2021,332100113,1,9,0,18,19,8,4,0,0,0,0,0,1,9,1,1,6,6,2,56,9,-1,-1,-1,-1,9,E01025779,0,-1
2021340558915,2021,340558915,1,9,0,18,19,5,1,0,0,0,0,0,0,0,1,1,6,6,3,-1,-1,-1,-1,-1,-1,-1,-1,0,-1
2021411118348,2021,411118348,2,9,0,4,4,1,5,0,0,3,0,0,0,0,2,1,5,6,2,27,6,-1,-1,-1,-1,5,E01023843,0,-1
2021451074635,2021,451074635,1,17,0,18,19,3,7,0,0,8,0,0,0,0,4,1,1,1,1,52,8,-1,-1,-1,-1,6,E01032653,0,-1
2021010308067,2021,010308067,1,9,0,18,19,2,6,0,0,1,0,0,0,0,4,1,6,6,3,-1,-1,-1,-1,-1,-1,-1,-1,0,-1
2021201092581,2021,201092581,1,11,0,7,7,6,8,0,0,5,0,0,0,0,0,1,6,6,3,-1,-1,-1,-1,-1,-1,-1,-1,0,-1
2021440449793,2021,440449793,2,98,1,12,12,8,4,0,0,0,0,0,0,0,3,1,1,1,1,37,7,-1,-1,-1,-1,-1,-1,0,-1
2021471110762,2021,471110762,1,9,0,4,4,7,3,0,0,0,0,0,0,0,1,1,6,6,3,-1,-1,-1,-1,-1,-1,-1,-1,0,-1
2021610021821,2021,610021821,5,9,0,18,19,1,0,0,0,0,0,0,0,0,1,1,6,6,3,-1,-1,-1,-1,-1,-1,-1,-1,0,-1
2021141088562,2021,141088562,1,98,0,4,4,1,5,0,0,0,0,0,4,0,2,1,5,6,1,67,10,-1,-1,-1,-1,3,E01002284,0,-1
2021010287923,2021,010287923,2,9,0,18,19,7,3,0,0,1,0,0,0,0,2,1,6,6,3,-1,-1,-1,-1,-1,-1,-1,-1,0,-1
2021332100023,2021,332100023,1,19,0,3,3,2,6,0,0,0,0,0,0,0,2,1,1,1,1,28,6,-1,-1,-1,-1,8,E01025775,0,-1
2021610001421,2021,610001421,1,9,0,18,19,8,4,0,0,0,0,0,0,0,1,1,6,6,1,39,7,-1,-1,-1,-1,-1,-1,0,-1
2021010296707,2021,010296707,1,8,0,99,99,9,9,99,99,0,9,99,9,99,9,9,6,6,3,-1,-1,-1,-1,-1,-1,-1,-1,0,-1
2021430341789,2021,430341789,1,9,0,18,19,2,6,0,0,0,0,0,0,0,1,1,6,6,1,45,7,-1,-1,-1,-1,7,E01015560,0,-1
2021161025797,2021,161025797,1,9,0,18,19,6,2,0,0,0,0,0,0,0,3,1,1,1,1,22,5,-1,-1,-1,-1,-1,-1,0,-1
2021332100844,2021,332100844,6,98,0,3,3,5,1,0,0,0,0,0,0,0,2,1,1,1,1,47,8,-1,-1,-1,-1,8,E01009822,0,-1
2021010295554,2021,010295554,2,9,0,18,19,2,6,0,0,1,0,0,0,0,1,1,6,6,3,-1,-1,-1,-1,-1,-1,-1,-1,0,-1
2021010324234,2021,010324234,1,1,9,99,99,9,9,99,99,9,9,99,9,99,1,1,2,2,1,37,7,-1,-1,-1,-1,7,E01000710,0,-1
2021440043995,2021,440043995,2,21,0,12,12,3,7,0,0,2,0,0,0,0,1,1,6,6,1,-1,-1,-1,-1,-1,-1,-1,-1,0,-1
2021471086255,2021,471086255,3,97,0,18,19,5,1,0,0,1,0,0,0,0,0,1,6,6,3,-1,-1,-1,-1,-1,-1,-1,-1,0,-1
202163B046121,2021,63B046121,2,21,0,17,19,6,3,0,0,0,0,0,0,0,0,1,1,1,1,45,7,-1,-1,-1,-1,-1,-1,0,-1
202160Z077372,2021,60Z077372,2,9,0,4,4,7,3,0,0,0,0,0,0,0,2,1,6,6,1,24,5,-1,-1,-1,-1,-1,-1,0,-1
2021010297070,2021,010297070,2,9,0,99,99,9,9,99,99,9,9,99,9,99,1,9,6,6,3,-1,-1,-1,-1,-1,-1,-1,-1,0,-1
2021131083924,2021,131083924,1,3,0,-1,-1,5,1,-1,-1,8,0,0,0,0,-1,1,6,6,1,20,4,-1,-1,-1,-1,1,E01010680,0,-1
2021522106134,2021,522106134,2,33,0,18,19,3,7,0,0,1,0,0,0,0,1,1,6,6,1,35,6,-1,-1,-1,-1,-1,-1,1,-1
2021010321240,2021,010321240,2,1,0,15,15,1,5,0,0,0,5,0,0,0,1,1,6,6,1,39,7,-1,-1,-1,-1,3,E01004743,0,-1
2021101037543,2021,101037543,1,98,0,4,4,6,6,6,6,0,0,0,0,0,1,1,1,1,1,36,7,-1,-1,-1,-1,-1,-1,0,-1
2021430180228,2021,430180228,2,1,0,18,19,2,6,0,0,0,0,0,0,0,3,1,4,7,1,15,3,-1,-1,-1,-1,4,E01028532,0,-1
2021010287857,2021,010287857,1,9,9,99,99,9,9,99,99,0,9,99,9,99,9,1,6,6,3,-1,-1,-1,-1,-1,-1,-1,-1,0,-1
202160Z033634,2021,60Z033634,1,9,0,6,6,1,1,0,0,0,0,0,7,0,3,1,1,1,2,30,6,-1,-1,-1,-1,-1,-1,0,-1
202163D005321,2021,63D005321,2,1,0,18,19,8,4,0,0,0,0,0,0,0,1,1,6,6,1,56,9,-1,-1,-1,-1,7,W01000492,0,-1
2021010292453,2021,010292453,1,1,9,99,99,9,9,99,99,9,9,99,9,99,9,1,6,6,1,29,6,-1,-1,-1,-1,1,E01001838,0,-1
2021552100386,2021,552100386,2,21,1,9,9,5,3,0,0,3,0,0,0,0,3,2,1,1,1,73,10,-1,-1,-1,-1,-1,-1,0,-1
2021170S10441,2021,170S10441,3,19,0,4,4,4,8,0,0,0,0,0,0,0,2,1,1,1,1,48,8,-1,-1,-1,-1,-1,-1,0,-1
2021010296851,2021,010296851,2,1,0,11,11,5,1,0,0,0,0,0,0,0,2,1,6,6,1,25,5,-1,-1,-1,-1,5,E01000620,0,-1
2021010288555,2021,010288555,2,1,0,9,9,5,3,0,0,8,0,0,0,0,1,1,2,2,2,61,9,-1,-1,-1,-1,4,E01003389,0,-1
2021201124896,2021,201124896,3,9,0,18,19,2,3,0,0,0,0,0,0,0,1,1,6,6,1,60,9,-1,-1,-1,-1,3,E01009441,0,-1
2021201148586,2021,201148586,1,9,0,18,19,-1,-1,0,0,0,0,0,0,0,1,1,6,6,3,-1,-1,-1,-1,-1,-1,-1,-1,0,-1
2021430391864,2021,430391864,1,21,1,12,12,4,8,0,0,0,1,0,0,0,3,2,1,1,1,38,7,-1,-1,-1,-1,2,E01016438,0,-1
2021430473479,2021,430473479,4,8,0,4,4,2,6,0,0,0,0,0,0,0,2,1,1,1,1,58,9,-1,-1,-1,-1,3,E01004344,0,-1
202160Z140796,2021,60Z140796,3,9,0,3,3,6,2,0,0,2,0,0,0,0,2,1,6,6,1,42,7,-1,-1,-1,-1,-1,-1,0,-1
2021010343920,2021,010343920,1,1,0,18,19,1,5,0,0,1,0,0,0,0,4,1,6,6,1,25,5,-1,-1,-1,-1,4,E01000155,0,-1
2021138112445,2021,138112445,1,9,0,18,19,6,2,0,0,8,2,0,0,0,4,1,6,6,1,41,7,-1,-1,-1,-1,6,E01011688,0,-1
2021010287923,2021,010287923,3,9,0,18,19,7,3,0,0,1,0,0,0,0,2,1,6,6,1,64,9,-1,-1,-1,-1,6,E01016268,0,-1
2021991034314,2021,991034314,1,9,0,16,19,7,3,0,0,0,0,0,0,0,1,1,2,2,1,53,8,-1,-1,-1,-1,1,-1,0,-1
2021010319501,2021,010319501,4,1,0,18,19,5,1,0,0,1,0,0,0,0,2,1,6,6,1,23,5,-1,-1,-1,-1,2,E01004729,0,-1
2021131041461,2021,131041461,1,23,0,5,5,7,3,0,0,6,0,11,0,0,4,1,6,6,1,11,3,-1,-1,-1,-1,-1,-1,0,-1
2021320725190,2021,320725190,1,9,0,15,15,6,2,0,0,0,0,0,0,0,1,1,2,2,1,32,6,-1,-1,-1,-1,4,E01026028,0,-1
2021430151049,2021,430151049,2,9,0,18,19,8,4,0,0,1,0,0,0,0,1,1,6,6,1,-1,-1,-1,-1,-1,-1,-1,-1,0,-1
2021531058374,2021,531058374,2,1,0,18,19,1,5,0,0,8,0,0,0,0,3,1,6,6,2,78,11,-1,-1,-1,-1,10,E01031122,0,-1
202160Z030211,2021,60Z030211,2,9,0,9,9,5,3,0,0,5,0,0,0,0,4,1,6,6,1,32,6,-1,-1,-1,-1,-1,-1,0,-1
2021991201030,2021,991201030,1,9,0,18,19,2,6,0,0,0,1,2,0,0,1,1,6,6,1,28,6,-1,-1,-1,-1,5,-1,0,-1
2021010321500,2021,010321500,1,1,9,99,99,9,9,99,99,0,9,99,9,99,9,1,2,2,2,24,5,-1,-1,-1,-1,2,E01002002,0,-1
2021101069702,2021,101069702,1,21,1,12,12,3,7,0,0,0,0,0,0,0,4,1,6,6,3,-1,-1,-1,-1,-1,-1,-1,-1,0,-1
2021430473479,2021,430473479,1,98,0,18,19,2,6,0,0,0,0,0,0,0,1,1,1,1,1,48,8,-1,-1,-1,-1,5,E01002622,0,-1
2021991110329,2021,991110329,2,1,0,18,19,6,1,0,0,8,0,0,0,0,3,1,5,6,2,65,9,-1,-1,-1,-1,7,-1,0,-1
2021010333064,2021,010333064,2,1,0,18,19,3,7,0,0,8,0,0,0,0,1,1,2,2,1,29,6,-1,-1,-1,-1,4,E01004682,0,-1
2021221078657,2021,221078657,1,9,0,5,5,7,3,0,0,2,0,0,0,0,4,1,1,1,1,25,5,-1,-1,-1,-1,2,E01032311,0,-1
202131C061821,2021,31C061821,3,9,0,11,11,8,4,0,0,8,0,0,0,0,0,1,6,6,3,-1,-1,-1,-1,-1,-1,-1,-1,0,-1
2021101057465,2021,101057465,1,9,0,15,15,5,8,0,0,0,0,0,0,0,4,1,6,6,3,18,4,-1,-1,-1,-1,-1,-1,0,-1
2021010293261,2021,010293261,2,9,0,18,19,3,7,0,0,1,0,0,0,0,4,1,6,6,3,-1,-1,-1,-1,-1,-1,-1,-1,0,-1
2021010307960,2021,010307960,2,9,0,99,99,9,9,99,99,9,9,99,9,99,9,9,6,6,3,-1,-1,-1,-1,-1,-1,-1,-1,0,-1
2021401066784,2021,401066784,2,9,0,18,19,6,8,0,0,0,0,0,0,0,2,1,1,1,1,61,9,-1,-1,-1,-1,3,E01027041,0,-1
2021430429446,2021,430429446,3,9,0,18,19,4,8,0,0,0,0,0,0,0,2,1,6,6,3,-1,-1,-1,-1,-1,-1,-1,-1,0,-1
2021361121426,2021,361121426,1,9,0,18,19,8,4,0,0,0,0,0,0,0,3,1,1,1,1,21,5,-1,-1,-1,-1,7,E01026939,0,-1
2021461043785,2021,461043785,1,21,0,7,7,5,7,0,0,4,0,0,0,0,1,1,1,1,1,51,8,-1,-1,-1,-1,-1,-1,0,-1
2021501120008,2021,501120008,2,9,0,3,3,8,4,0,0,0,0,0,0,0,2,1,1,1,1,43,7,-1,-1,-1,-1,7,E01018970,0,-1
2021041050027,2021,041050027,2,1,0,18,19,5,1,0,0,0,0,0,0,0,1,1,5,6,1,52,8,-1,-1,-1,-1,10,E01025350,0,-1
2021010342458,2021,010342458,2,98,0,18,19,3,7,0,0,0,0,0,0,0,4,1,6,6,3,-1,-1,-1,-1,-1,-1,-1,-1,0,-1
2021031038594,2021,031038594,1,9,0,18,19,1,5,0,0,0,0,0,1,0,1,1,6,6,1,40,7,-1,-1,-1,-1,-1,-1,0,-1
2021170S11261,2021,170S11261,2,9,0,18,19,4,8,0,0,0,0,0,0,0,1,1,6,6,1,40,7,-1,-1,-1,-1,2,E01020908,0,-1
2021610018821,2021,610018821,2,9,0,18,19,8,4,0,0,0,0,0,0,11,4,1,3,7,2,25,5,-1,-1,-1,-1,-1,-1,0,-1
2021010317515,2021,010317515,2,33,0,18,19,1,5,0,0,8,2,0,0,0,1,1,6,6,2,47,8,-1,-1,-1,-1,1,E01002758,1,-1
2021010332181,2021,010332181,1,9,0,99,99,9,9,99,99,9,9,99,9,99,1,9,6,6,1,31,6,-1,-1,-1,-1,4,E01000475,0,-1
2021471024044,2021,471024044,1,1,0,18,19,1,5,9,9,1,0,0,0,0,1,1,5,6,1,9,2,-1,-1,-1,-1,6,E01031468,0,-1
202160Z140796,2021,60Z140796,4,9,0,3,3,6,2,0,0,2,0,0,0,0,2,1,6,6,2,29,6,-1,-1,-1,-1,-1,-1,0,-1
2021010292388,2021,010292388,1,1,9,7,7,4,6,99,99,9,9,99,9,99,0,1,2,2,1,61,9,-1,-1,-1,-1,2,E01004036,0,-1
2021010309793,2021,010309793,2,1,0,18,19,1,5,0,0,1,0,0,0,0,1,1,6,6,1,35,6,-1,-1,-1,-1,3,E01002728,0,-1
2021010351208,2021,010351208,2,9,0,4,4,3,7,0,0,1,0,0,0,0,1,1,6,6,1,21,5,-1,-1,-1,-1,-1,-1,0,-1
2021332100310,2021,332100310,2,1,0,18,19,3,7,0,0,8,1,2,0,0,0,1,6,6,1,69,10,-1,-1,-1,-1,5,E01013649,0,-1
2021010300129,2021,010300129,2,9,0,99,99,9,9,99,99,9,9,99,9,99,1,9,6,6,3,-1,-1,-1,-1,-1,-1,-1,-1,0,-1
202160Z090097,2021,60Z090097,2,9,0,9,9,5,3,0,0,5,0,0,0,0,4,1,6,6,2,30,6,-1,-1,-1,-1,-1,-1,0,-1
2021010320998,2021,010320998,2,1,0,18,19,5,1,0,0,1,0,0,0,0,1,1,6,6,1,61,9,-1,-1,-1,-1,1,E01033605,0,-1
2021421053515,2021,421053515,1,98,1,12,12,3,7,0,0,0,0,0,0,0,3,2,1,1,1,39,7,-1,-1,-1,-1,-1,-1,0,-1
2021610016321,2021,610016321,1,9,0,15,15,2,6,0,0,0,1,4,7,0,1,1,6,6,2,77,11,-1,-1,-1,-1,-1,-1,0,-1
2021430543486,2021,430543486,1,19,0,9,9,1,7,0,0,6,0,0,0,0,3,1,1,1,1,20,4,-1,-1,-1,-1,2,E01000050,0,-1
2021010293789,2021,010293789,2,19,0,99,99,9,9,99,99,9,9,99,9,99,2,9,6,6,3,-1,-1,-1,-1,-1,-1,-1,-1,0,-1
2021010343957,2021,010343957,2,9,0,9,9,1,6,0,0,1,0,0,0,0,4,1,6,6,3,-1,-1,-1,-1,-1,-1,-1,-1,0,-1
2021041014729,2021,041014729,2,9,0,2,2,7,3,0,0,0,0,0,0,0,2,1,1,1,1,29,6,-1,-1,-1,-1,9,E01025074,0,-1
2021221100910,2021,221100910,1,19,0,18,19,2,6,0,0,0,0,0,0,0,1,1,6,6,1,40,7,-1,-1,-1,-1,-1,-1,0,-1
2021531096131,2021,531096131,1,90,0,18,19,3,7,0,0,0,0,0,0,0,2,1,5,6,1,49,8,-1,-1,-1,-1,10,E01022315,0,-1
2021010306931,2021,010306931,2,1,0,14,14,8,4,0,0,0,0,0,0,0,1,1,6,6,1,53,8,-1,-1,-1,-1,4,E01002866,0,-1
202160Z159977,2021,60Z159977,1,9,0,17,19,6,2,0,0,8,1,10,2,1,1,1,6,6,3,-1,-1,-1,-1,-1,-1,-1,-1,0,-1
2021041024675,2021,041024675,2,9,0,3,3,1,5,0,0,0,0,0,0,0,2,1,2,2,2,46,8,-1,-1,-1,-1,5,E01012690,0,-1
202131C147221,2021,31C147221,2,9,0,9,9,8,6,0,0,6,0,0,0,0,1,1,6,6,3,-1,-1,-1,-1,-1,-1,-1,-1,0,-1
2021421071007,2021,421071007,2,1,0,18,19,1,7,0,0,8,0,0,0,0,3,1,5,6,2,55,8,-1,-1,-1,-1,-1,-1,0,-1
2021332100844,2021,332100844,5,98,0,3,3,5,1,0,0,0,0,0,0,0,2,1,1,1,1,34,6,-1,-1,-1,-1,3,E01019404,0,-1
2021411122305,2021,411122305,2,1,0,18,19,7,3,0,0,8,0,0,0,0,1,1,6,6,1,59,9,-1,-1,-1,-1,10,E01023670,0,-1
202131D124621,2021,31D124621,2,9,0,18,19,2,6,0,0,0,0,0,0,0,1,1,1,1,1,52,8,-1,-1,-1,-1,7,E01026197,0,-1
202163D088421,2021,63D088421,1,9,0,18,19,8,4,0,0,0,1,0,0,0,1,1,6,6,1,28,6,-1,-1,-1,-1,8,E01031103,0,-1
2021141018046,2021,141018046,4,9,0,18,19,1,5,0,0,0,0,0,1,0,1,1,1,1,1,34,6,-1,-1,-1,-1,2,E01007654,0,-1
2021010308067,2021,010308067,2,1,0,3,3,2,6,0,0,1,0,0,0,0,3,1,2,2,1,51,8,-1,-1,-1,-1,3,E01001394,0,-1
2021131076876,2021,131076876,1,9,0,3,3,1,5,0,0,1,0,0,0,0,2,1,1,1,1,52,8,-1,-1,-1,-1,2,E01011251,0,-1
2021161084424,2021,161084424,2,1,0,18,19,6,2,0,0,2,0,0,0,0,1,1,6,6,2,13,3,-1,-1,-1,-1,1,E01012847,0,-1
2021430361812,2021,430361812,2,9,0,9,9,7,5,0,0,6,0,0,0,0,4,1,6,6,1,50,8,-1,-1,-1,-1,10,E01017763,0,-1
2021440044628,2021,440044628,2,9,0,4,4,5,1,0,0,1,0,0,0,0,2,1,1,1,1,24,5,-1,-1,-1,-1,8,E01022780,0,-1
2021010304964,2021,010304964,3,9,0,3,3,1,5,0,0,1,0,0,0,0,2,1,6,6,1,33,6,-1,-1,-1,-1,8,E01002379,0,-1
2021170H10191,2021,170H10191,1,9,0,14,14,1,7,0,0,8,0,0,0,0,1,1,6,6,1,29,6,-1,-1,-1,-1,1,E01033468,0,-1
2021471094631,2021,471094631,1,33,0,18,19,8,4,0,0,1,0,0,0,0,1,1,6,6,1,-1,-1,-1,-1,-1,-1,2,E01016906,1,-1
202160Z072610,2021,60Z072610,1,21,1,4,4,7,3,0,0,0,0,0,0,0,1,1,1,1,1,29,6,-1,-1,-1,-1,-1,-1,0,-1
2021401062750,2021,401062750,3,20,0,18,19,5,1,0,0,0,0,0,0,0,2,1,1,1,1,51,8,-1,-1,-1,-1,-1,-1,0,-1
2021461063321,2021,461063321,1,9,0,7,7,5,7,0,0,6,0,0,0,0,1,1,6,6,2,-1,-1,-1,-1,-1,-1,-1,-1,0,-1
2021170S11561,2021,170S11561,4,9,0,18,19,4,8,0,0,0,0,0,0,0,1,1,6,6,1,41,7,-1,-1,-1,-1,9,E01020702,0,-1
2021010323958,2021,010323958,2,1,0,18,19,3,7,0,0,1,0,0,0,0,1,1,6,6,2,63,9,-1,-1,-1,-1,5,E01033608,0,-1
202160Z090097,2021,60Z090097,1,9,0,16,19,5,1,0,0,1,5,10,0,0,1,1,6,6,2,19,4,-1,-1,-1,-1,-1,-1,0,-1
2021991081249,2021,991081249,2,1,0,18,19,1,5,5,5,6,0,0,0,0,1,1,6,6,1,31,6,-1,-1,-1,-1,4,-1,0,-1
2021010302212,2021,010302212,1,1,9,99,99,9,9,99,99,0,9,99,9,99,2,1,6,6,1,56,9,-1,-1,-1,-1,3,E01033607,0,-1
202163C079721,2021,63C079721,2,9,0,4,4,8,4,0,0,0,0,0,0,0,2,1,1,1,1,51,8,-1,-1,-1,-1,8,E01009904,0,-1
2021010342721,2021,010342721,2,1,0,18,19,7,3,4,4,8,0,10,0,0,3,1,6,6,2,39,7,-1,-1,-1,-1,5,E01001935,0,-1
2021010338752,2021,010338752,2,1,0,18,19,4,8,0,0,1,0,2,0,0,3,1,6,6,1,35,6,-1,-1,-1,-1,2,E01033586,0,-1
2021101066466,2021,101066466,2,1,0,18,19,1,5,0,0,0,0,0,0,0,2,1,6,6,1,41,7,-1,-1,-1,-1,10,E01008550,0,-1
2021111112314,2021,111112314,3,9,0,18,19,1,5,0,0,0,0,0,0,0,0,1,1,1,1,30,6,-1,-1,-1,-1,-1,-1,0,-1
2021010331684,2021,010331684,2,9,0,99,99,9,9,99,99,9,9,99,9,99,9,9,6,6,3,-1,-1,-1,-1,-1,-1,-1,-1,0,-1
202131C104421,2021,31C104421,1,1,0,18,19,8,4,0,0,1,0,0,0,0,1,1,6,6,3,-1,-1,-1,-1,-1,-1,-1,-1,0,-1
2021430119441,2021,430119441,5,19,0,3,3,3,7,0,0,0,0,0,0,0,0,1,1,1,1,51,8,-1,-1,-1,-1,7,E01013173,0,-1
2021471084442,2021,471084442,1,9,0,4,4,3,7,0,0,0,0,0,0,0,2,1,6,6,1,68,10,-1,-1,-1,-1,6,E01017961,0,-1
2021201064581,2021,201064581,1,9,0,18,19,8,4,0,0,1,0,0,0,0,1,1,6,6,1,-1,-1,-1,-1,-1,-1,-1,-1,0,-1
2021430334691,2021,430334691,1,4,0,16,19,6,1,0,0,1,0,0,0,0,4,1,6,6,1,66,10,-1,-1,-1,-1,10,E01017630,0,-1
2021501015997,2021,501015997,1,9,0,4,4,3,7,0,0,0,0,0,0,0,2,1,5,6,2,34,6,-1,-1,-1,-1,4,E01019057,0,-1
2021430119441,2021,430119441,4,9,0,3,3,3,7,0,0,0,0,4,0,0,2,1,1,1,1,70,10,-1,-1,-1,-1,-1,-1,0,-1
2021401072800,2021,401072800,2,1,0,4,4,3,7,0,0,1,0,0,0,0,1,1,6,6,2,23,5,-1,-1,-1,-1,3,E01017522,0,-1
2021010309508,2021,010309508,1,1,9,99,99,9,9,99,99,9,9,99,9,99,2,1,6,6,1,15,3,-1,-1,-1,-1,2,E01004306,0,-1
2021010314069,2021,010314069,2,1,0,18,19,1,5,0,0,1,0,0,0,0,1,1,6,6,1,16,4,-1,-1,-1,-1,1,E01002751,0,-1
2021141077954,2021,141077954,3,98,0,18,19,5,1,0,0,0,0,0,0,0,1,1,6,6,1,31,6,-1,-1,-1,-1,8,E01007672,0,-1
2021010303151,2021,010303151,2,33,0,13,13,3,7,0,0,1,0,0,0,0,4,1,4,7,1,13,3,-1,-1,-1,-1,-1,-1,1,-1
2021221064316,2021,221064316,2,1,0,18,19,1,5,0,0,3,0,0,0,0,3,1,5,6,2,62,9,-1,-1,-1,-1,10,E01032149,0,-1
2021332100844,2021,332100844,7,9,0,3,3,5,1,0,0,0,0,0,0,0,2,1,6,6,1,29,6,-1,-1,-1,-1,6,E01008151,0,-1
2021430474628,2021,430474628,2,9,0,18,19,8,4,0,0,0,0,0,0,0,3,1,6,6,3,-1,-1,-1,-1,-1,-1,-1,-1,0,-1
2021010345096,2021,010345096,2,9,0,18,19,1,5,0,0,0,0,11,0,0,0,1,6,6,3,-1,-1,-1,-1,-1,-1,-1,-1,0,-1
2021201063134,2021,201063134,2,9,0,18,19,1,6,0,0,0,0,0,0,0,3,1,6,6,1,22,5,-1,-1,-1,-1,9,E01009902,0,-1
2021010303939,2021,010303939,2,1,0,5,5,5,1,0,0,2,0,0,0,0,1,1,6,6,1,13,3,-1,-1,-1,-1,1,E01001845,0,-1
2021351074267,2021,351074267,2,33,0,18,19,6,2,0,0,8,0,0,0,0,1,1,6,6,1,35,6,-1,-1,-1,-1,7,E01018002,1,-1
2021320756465,2021,320756465,1,9,0,18,19,2,6,0,0,8,0,0,1,11,1,1,2,2,2,22,5,-1,-1,-1,-1,3,E01026104,0,-1
2021430429446,2021,430429446,2,21,1,18,19,4,8,0,0,0,0,0,0,0,4,1,6,6,1,40,7,-1,-1,-1,-1,-1,-1,0,-1
2021161033108,2021,161033108,1,1,0,18,19,4,8,0,0,0,0,0,7,0,1,1,5,6,1,15,3,-1,-1,-1,-1,1,E01012838,0,-1
2021302101877,2021,302101877,1,9,0,18,19,1,5,0,0,0,0,0,0,0,4,1,6,6,3,-1,-1,-1,-1,-1,-1,5,E01019456,0,-1
2021430082851,2021,430082851,1,1,0,18,19,5,1,0,0,0,0,0,0,0,2,1,6,6,1,17,4,-1,-1,-1,-1,8,E01028630,0,-1
2021552100230,2021,552100230,2,1,0,17,19,4,8,0,0,8,0,0,0,0,1,1,6,6,1,43,7,-1,-1,-1,-1,3,E01015308,0,-1
2021010291303,2021,010291303,2,1,9,99,99,9,9,99,99,9,9,99,9,99,9,1,6,6,1,-1,-1,-1,-1,-1,-1,-1,-1,0,-1
2021010305531,2021,010305531,1,1,0,18,19,1,5,0,0,1,0,0,0,0,1,1,6,6,3,25,5,-1,-1,-1,-1,-1,-1,0,-1
20211383N0883,2021,1383N0883,2,1,0,15,15,4,1,0,0,0,0,0,0,0,4,1,6,6,1,19,4,-1,-1,-1,-1,4,E01011669,0,-1
2021161126684,2021,161126684,2,9,0,8,8,5,7,0,0,6,0,0,0,0,0,1,6,6,3,-1,-1,-1,-1,-1,-1,-1,-1,0,-1
2021320173928,2021,320173928,1,9,0,18,19,3,7,0,0,2,0,0,0,0,1,1,6,6,1,61,9,-1,-1,-1,-1,9,E01026370,0,-1
2021522104142,2021,522104142,1,9,0,5,5,6,7,0,0,1,0,0,0,0,1,1,6,6,1,75,10,-1,-1,-1,-1,6,E01014532,0,-1
2021231023608,2021,231023608,2,21,1,5,5,6,2,8,6,0,0,0,0,0,4,1,5,6,1,28,6,-1,-1,-1,-1,6,E01009526,0,-1
2021010291243,2021,010291243,1,1,9,99,99,9,9,99,99,9,9,99,9,99,2,1,6,6,1,48,8,-1,-1,-1,-1,1,E01003048,0,-1
2021421028343,2021,421028343,1,9,0,13,13,1,5,0,0,0,0,0,0,0,1,1,6,6,3,-1,-1,-1,-1,-1,-1,-1,-1,0,-1
2021471096670,2021,471096670,2,1,0,3,3,1,5,0,0,0,0,0,0,0,1,1,2,2,1,60,9,-1,-1,-1,-1,10,E01016984,0,-1
2021061110025,2021,061110025,1,9,0,13,13,4,1,0,0,1,0,0,0,0,-1,1,6,6,3,-1,-1,-1,-1,-1,-1,-1,-1,0,-1
2021991056994,2021,991056994,1,1,0,18,19,3,7,0,0,8,0,0,0,0,1,1,5,6,1,20,4,-1,-1,-1,-1,1,-1,0,-1
2021010299788,2021,010299788,1,9,0,18,19,3,7,0,0,0,0,0,0,0,1,1,6,6,3,-1,-1,-1,-1,-1,-1,-1,-1,0,-1
2021010301794,2021,010301794,1,1,9,99,99,9,9,99,99,9,9,99,9,99,1,1,2,2,2,27,6,-1,-1,-1,-1,2,E01002729,0,-1
2021010301902,2021,010301902,1,19,0,13,13,7,3,0,0,0,0,0,0,0,1,1,6,6,3,-1,-1,-1,-1,-1,-1,-1,-1,0,-1
2021540115221,2021,540115221,2,9,0,18,19,6,2,0,0,0,0,0,0,0,2,1,6,6,1,27,6,-1,-1,-1,-1,9,E01030446,0,-1
2021610016321,2021,610016321,2,9,0,2,2,0,0,9,9,0,0,0,0,0,2,1,6,6,2,28,6,-1,-1,-1,-1,-1,-1,0,-1
2021070784552,2021,070784552,2,11,0,3,3,2,1,0,0,3,0,2,0,0,2,1,6,6,2,53,8,-1,-1,-1,-1,10,W01000327,0,-1
2021010322196,2021,010322196,1,33,0,18,19,5,1,0,0,0,0,0,0,0,1,1,6,6,2,24,5,-1,-1,-1,-1,2,E01000628,1,-1
2021070092009,2021,070092009,2,9,0,11,11,8,4,0,0,5,0,2,0,0,1,1,2,2,1,29,6,3993,1,7,-1,9,E01018531,0,-1
2021471099068,2021,471099068,1,9,0,7,7,8,2,0,0,8,0,0,0,0,3,1,6,6,2,28,6,1496,1,2,MAZDA MX-5,-1,-1,0,-1
2021131039005,2021,131039005,1,9,0,4,4,7,7,0,0,8,0,0,0,0,1,1,2,2,1,23,5,1999,1,15,MAZDA MX-5,1,E01011491,0,-1
2021440498471,2021,440498471,2,9,0,3,3,7,3,0,0,0,0,0,0,0,2,1,3,7,2,49,8,1496,1,5,MAZDA MX-5,9,E01023163,0,-1
2021430429446,2021,430429446,1,9,0,18,19,4,8,0,0,0,0,0,0,0,1,1,6,6,2,80,11,1496,1,5,MAZDA MX-5,-1,-1,0,-1
2021122101025,2021,122101025,2,4,0,18,19,6,2,2,2,8,0,0,0,0,3,1,6,6,1,69,10,278,1,3,PIAGGIO VESPA,10,E01013358,0,-1
2021991046957,2021,991046957,2,4,0,3,3,2,6,0,0,1,0,0,0,0,2,1,6,6,1,52,8,278,1,5,PIAGGIO VESPA,6,-1,0,-1
2021010296950,2021,010296950,1,2,0,99,99,9,9,99,99,9,9,99,9,99,2,1,6,6,2,53,8,48,1,11,PIAGGIO VESPA,3,E01000912,0,-1
2021010304038,2021,010304038,2,4,0,18,19,3,7,0,0,1,2,10,0,0,3,1,6,6,1,53,8,278,1,11,PIAGGIO VESPA,4,E01002299,0,-1
2021221116766,2021,221116766,3,9,0,3,3,7,3,0,0,0,0,0,0,0,2,1,5,6,2,71,10,2000,1,15,SAAB 9-3,7,E01032209,0,-1
2021141077954,2021,141077954,1,9,0,4,4,5,1,0,0,0,0,0,0,0,2,1,6,6,1,36,7,1590,1,18,SUZUKI GRAND VITARA,5,E01008099,0,-1
2021991105261,2021,991105261,1,9,0,18,19,1,5,0,0,0,0,0,0,0,1,1,6,6,1,41,7,1870,2,14,SUZUKI GRAND VITARA,7,-1,0,-1
2021010319463,2021,010319463,1,5,0,11,11,3,7,0,0,0,0,0,0,0,4,1,6,6,1,42,7,999,1,6,SUZUKI GSXR,-1,-1,0,-1
2021552100386,2021,552100386,1,5,0,15,15,8,4,0,0,4,0,0,0,0,1,1,6,6,1,34,6,599,1,9,SUZUKI GSXR,10,E01015455,0,-1
2021221117601,2021,221117601,1,19,0,18,19,8,4,0,0,1,0,0,0,0,1,1,5,6,1,31,6,1686,2,13,VAUXHALL COMBO,5,E01014076,0,-1
2021501096560,2021,501096560,1,19,0,5,5,8,1,0,0,8,0,0,0,0,1,1,1,1,2,51,8,1248,2,8,VAUXHALL COMBO,7,E01020011,0,-1
2021451077570,2021,451077570,1,19,0,18,19,3,7,0,0,1,0,0,0,0,1,1,5,6,1,29,6,1248,2,14,VAUXHALL COMBO,5,E01030725,0,-1
2021141076826,2021,141076826,1,9,0,18,19,3,7,0,0,1,0,7,8,10,1,1,5,6,1,34,6,-1,-1,-1,VAUXHALL COMBO,6,E01007750,0,-1
2021361121426,2021,361121426,2,9,0,3,3,4,8,0,0,0,0,0,0,0,1,1,5,6,2,56,9,1199,1,1,VAUXHALL COMBO,8,E01026857,0,-1
2021010324513,2021,010324513,2,19,4,99,99,9,9,99,99,9,9,99,9,99,9,9,6,6,3,-1,-1,1686,2,15,VAUXHALL COMBO,2,E01000059,0,-1
202131C074921,2021,31C074921,1,9,0,18,19,4,8,0,0,1,0,0,0,0,1,1,2,2,1,55,8,1390,1,14,VOLKSWAGEN BEETLE,2,E01013842,0,-1
2021440498471,2021,440498471,1,9,0,18,19,7,3,0,0,0,0,0,0,0,1,1,2,2,1,23,5,1896,2,18,VOLKSWAGEN BEETLE,4,E01017137,0,-1
2021622100463,2021,622100463,2,9,0,4,4,4,8,0,0,1,0,0,0,0,2,1,6,6,2,32,6,1896,2,17,VOLKSWAGEN BEETLE,1,W01001280,0,-1
2021471126209,2021,471126209,1,9,0,18,19,7,3,0,0,4,1,2,7,6,1,1,5,6,2,35,6,1198,1,14,VOLKSWAGEN URBAN,6,E01032833,0,-1
2021430340430,2021,430340430,1,9,0,18,19,2,6,0,0,2,0,0,7,11,1,1,6,6,1,49,8,1390,1,14,VOLKSWAGEN URBAN,9,E01016641,0,-1
2021451054923,2021,451054923,1,5,0,5,5,1,5,0,0,0,0,0,0,0,2,1,5,6,1,25,5,689,1,5,YAMAHA MT07,5,E01030725,0,-1
