collision_index,collision_year,collision_ref_no,vehicle_reference,casualty_reference,casualty_class,sex_of_casualty,age_of_casualty,age_band_of_casualty,casualty_severity,pedestrian_location,pedestrian_movement,car_passenger,bus_or_coach_passenger,pedestrian_road_maintenance_worker,casualty_type,casualty_imd_decile,lsoa_of_casualty,enhanced_casualty_severity,casualty_injury_based,casualty_adjusted_severity_serious,casualty_adjusted_severity_slight,casualty_distance_banding,escooter_flag
2022201218714,2022,201218714,1,1,3,2,50,8,2,5,9,0,0,2,0,9,E01031019,5,1,1,0,-1,0
2022201221369,2022,201221369,1,1,3,1,25,5,3,10,9,0,0,1,0,1,E01010141,3,1,0,1,-1,0
2022320307849,2022,320307849,1,1,3,1,38,7,3,9,5,0,0,1,0,5,E01026224,-1,0,0.08165,0.91835,-1,0
2022501170349,2022,501170349,1,1,1,1,70,10,2,0,0,0,0,0,4,5,E01018821,5,1,1,0,-1,0
2022010409161,2022,010409161,1,1,2,2,11,3,3,0,0,1,0,0,9,3,E01001640,-1,0,0,1,-1,0
2022201143571,2022,201143571,1,1,1,1,45,7,3,0,0,0,0,0,9,5,E01009234,3,1,0,1,-1,0
2022201219131,2022,201219131,2,1,1,1,63,9,3,0,0,0,0,0,9,3,E01009140,3,1,0,1,-1,0
2022201227987,2022,201227987,2,1,2,2,73,10,3,0,0,1,0,0,9,6,E01009828,3,1,0,1,-1,0
202234NNC2602,2022,34NNC2602,2,1,1,2,43,7,3,0,0,0,0,0,9,-1,-1,-1,0,0,1,-1,0
2022440514058,2022,440514058,2,1,1,1,59,9,3,0,0,0,0,0,9,10,E01022868,-1,0,0,1,-1,0
2022610012222,2022,610012222,2,1,2,1,43,7,3,0,0,1,0,0,9,1,E01007179,-1,0,0.055,0.945,-1,0
2022610054822,2022,610054822,1,1,1,1,25,5,3,0,0,1,0,0,9,8,W01001758,-1,0,0.00598,0.99402,-1,0
2022991154869,2022,991154869,1,1,1,1,25,5,3,0,0,0,0,0,9,2,-1,3,1,0,1,-1,0
2022061153506,2022,061153506,1,1,3,2,13,3,3,1,3,0,0,0,0,1,E01005349,3,1,0,1,-1,0
2022070650091,2022,070650091,1,2,3,2,8,2,3,1,1,0,0,0,0,3,E01018461,-1,0,0.13291,0.86709,-1,0
2022010377222,2022,010377222,2,1,1,1,34,6,2,0,0,0,0,0,1,1,E01004721,-1,0,1,0,-1,0
2022211206041,2022,211206041,3,2,1,2,42,7,2,0,0,0,0,0,1,1,E01014275,7,1,1,0,-1,0
2022471156060,2022,471156060,1,1,1,1,14,3,3,0,0,0,0,0,1,2,E01031819,3,1,0,1,-1,0
2022471202901,2022,471202901,1,1,1,1,18,4,2,0,0,0,0,0,3,5,E01021089,7,1,1,0,-1,0
202254B394922,2022,54B394922,1,1,1,1,17,4,2,0,0,0,0,0,3,6,E01027025,-1,0,1,0,-1,0
2022610047722,2022,610047722,1,1,1,1,50,8,3,0,0,0,0,0,3,5,E01022228,-1,0,0.1868,0.8132,-1,0
2022101147118,2022,101147118,2,1,2,1,54,8,3,0,0,1,0,0,9,2,E01027519,3,1,0,1,-1,0
2022332200161,2022,332200161,1,1,1,2,56,9,3,0,0,0,0,0,9,8,E01025812,-1,0,0.00665,0.99335,-1,0
2022461190666,2022,461190666,2,1,1,1,43,7,3,0,0,0,0,0,9,4,E01031608,3,1,0,1,-1,0
2022501189698,2022,501189698,1,1,1,2,38,7,3,0,0,0,0,0,9,3,E01015095,3,1,0,1,-1,0
2022522201841,2022,522201841,2,2,1,1,32,6,3,0,0,0,0,0,9,4,E01014521,-1,0,0.0825,0.9175,-1,0
2022041171913,2022,041171913,1,1,3,2,21,5,2,5,1,0,0,1,0,2,E01033223,7,1,1,0,-1,0
2022361168415,2022,361168415,2,1,2,2,55,8,3,0,0,0,0,0,5,2,E01026607,3,1,0,1,-1,0
2022010396716,2022,010396716,3,3,2,2,73,10,3,0,0,1,0,0,9,5,E01001201,-1,0,0,1,-1,0
2022041176081,2022,041176081,1,2,1,1,59,9,3,0,0,0,0,0,9,8,E01024916,3,1,0,1,-1,0
2022231187119,2022,231187119,2,1,1,2,35,6,3,0,0,0,0,0,9,9,E01031220,3,1,0,1,-1,0
2022461250016,2022,461250016,1,1,1,1,68,10,3,0,0,0,0,0,9,7,E01021094,3,1,0,1,-1,0
20225222SG485,2022,5222SG485,1,2,2,1,43,7,3,0,0,1,0,0,9,8,E01014896,-1,0,0.02202,0.97798,-1,0
2022201191630,2022,201191630,1,1,3,1,20,4,3,8,8,0,0,2,0,3,E01009857,3,1,0,1,-1,0
2022430334386,2022,430334386,2,1,1,1,29,6,2,0,0,0,0,0,1,9,E01002537,-1,0,1,0,-1,0
2022010391294,2022,010391294,2,4,1,1,31,6,3,0,0,0,0,0,9,3,E01000099,-1,0,0,1,-1,0
2022041217965,2022,041217965,2,1,1,1,22,5,3,0,0,0,0,0,9,3,E01009795,3,1,0,1,-1,0
2022201253770,2022,201253770,2,1,2,2,-1,-1,3,0,0,2,0,0,9,3,E01009049,3,1,0,1,-1,0
2022201299047,2022,201299047,1,1,1,1,20,4,3,0,0,0,0,0,9,5,E01008885,3,1,0,1,-1,0
2022351154247,2022,351154247,3,1,2,2,27,6,3,0,0,1,0,0,9,4,E01021775,3,1,0,1,-1,0
2022421244134,2022,421244134,2,1,2,2,46,8,3,0,0,2,0,0,9,-1,-1,3,1,0,1,-1,0
2022451135519,2022,451135519,1,1,1,1,27,6,3,0,0,0,0,0,9,3,E01004167,3,1,0,1,-1,0
2022461144707,2022,461144707,1,1,1,2,24,5,3,0,0,0,0,0,9,-1,-1,3,1,0,1,-1,0
2022461151994,2022,461151994,1,1,1,1,24,5,3,0,0,0,0,0,9,4,E01024099,3,1,0,1,-1,0
2022461157282,2022,461157282,2,1,1,2,21,5,3,0,0,0,0,0,9,8,E01024043,3,1,0,1,-1,0
2022231228443,2022,231228443,2,2,2,2,20,4,3,0,0,0,4,0,11,-1,-1,3,1,0,1,-1,0
2022430326158,2022,430326158,2,1,1,1,50,8,3,0,0,0,0,0,19,2,E01000087,-1,0,0.00452,0.99548,-1,0
2022010400885,2022,010400885,1,1,3,1,22,5,2,1,1,0,0,0,0,3,E01001874,-1,0,1,0,-1,0
2022010355301,2022,010355301,2,1,1,1,20,4,2,0,0,0,0,0,1,5,E01000824,-1,0,1,0,-1,0
2022430209262,2022,430209262,1,1,1,1,10,2,3,0,0,0,0,0,1,7,E01016478,-1,0,0.01683,0.98317,-1,0
2022991209800,2022,991209800,2,1,1,2,32,6,2,0,0,0,0,0,1,6,-1,7,1,1,0,-1,0
2022501140646,2022,501140646,2,1,1,1,49,8,3,0,0,0,0,0,5,9,E01019907,3,1,0,1,-1,0
2022201143571,2022,201143571,2,2,1,2,45,7,3,0,0,0,0,0,9,2,E01010343,3,1,0,1,-1,0
2022201253603,2022,201253603,2,1,1,2,55,8,3,0,0,0,0,0,9,1,E01009929,3,1,0,1,-1,0
2022211301455,2022,211301455,1,1,1,1,43,7,3,0,0,0,0,0,9,5,E01029542,3,1,0,1,-1,0
2022461135721,2022,461135721,5,2,2,2,59,9,3,0,0,1,0,0,9,6,E01024152,3,1,0,1,-1,0
2022991134501,2022,991134501,1,1,1,1,35,6,3,0,0,0,0,0,9,9,-1,3,1,0,1,-1,0
2022221257091,2022,221257091,2,1,1,1,44,7,3,0,0,0,0,0,9,4,E01019822,3,1,0,1,-1,0
2022430404161,2022,430404161,1,2,2,1,29,6,3,0,0,1,0,0,9,5,E01011734,-1,0,0.02153,0.97847,-1,0
2022461195021,2022,461195021,2,1,1,1,34,6,3,0,0,0,0,0,9,3,E01024047,3,1,0,1,-1,0
2022991223328,2022,991223328,3,1,1,1,32,6,3,0,0,0,0,0,9,7,-1,3,1,0,1,-1,0
2022622200599,2022,622200599,2,2,1,1,24,5,3,0,0,0,0,0,5,5,W01000802,-1,0,0.07347,0.92653,-1,0
2022320152609,2022,320152609,2,3,3,1,58,9,3,8,5,0,0,1,0,7,E01026155,-1,0,0.14802,0.85198,-1,0
2022531249855,2022,531249855,1,1,3,1,57,9,2,5,1,0,0,1,0,10,E01022130,7,1,1,0,-1,0
2022552200963,2022,552200963,1,1,3,1,47,8,3,9,5,0,0,1,0,9,E01023170,-1,0,0.06832,0.93168,-1,0
2022421176613,2022,421176613,2,1,1,1,18,4,2,0,0,0,0,0,33,1,E01021323,7,1,1,0,-1,1
2022010366299,2022,010366299,1,1,3,1,57,9,2,5,2,0,0,0,0,2,E01004679,-1,0,1,0,-1,0
2022201216709,2022,201216709,1,1,3,1,20,4,3,5,1,0,0,2,0,9,E01010332,3,1,0,1,-1,0
2022531231422,2022,531231422,1,1,3,1,38,7,2,9,9,0,0,-1,0,3,E01017181,5,1,1,0,-1,0
2022991237607,2022,991237607,1,1,3,2,13,3,3,4,1,0,0,0,0,-1,-1,3,1,0,1,-1,0
2022302200840,2022,302200840,2,1,1,1,59,9,2,0,0,0,0,0,5,5,E01019456,-1,0,1,0,-1,0
2022010406354,2022,010406354,1,3,2,-1,13,3,3,0,0,2,0,0,9,4,E01004525,-1,0,0,1,-1,0
2022101186745,2022,101186745,1,2,1,2,58,9,3,0,0,0,0,0,9,3,E01008192,3,1,0,1,-1,0
2022111249028,2022,111249028,2,1,1,2,64,9,3,0,0,0,0,0,9,1,E01020671,3,1,0,1,-1,0
2022231242906,2022,231242906,2,2,2,1,80,11,3,0,0,1,0,0,9,7,E01031013,3,1,0,1,-1,0
2022351154247,2022,351154247,1,3,1,1,31,6,3,0,0,0,0,0,9,-1,-1,3,1,0,1,-1,0
2022361244663,2022,361244663,2,2,1,2,51,8,3,0,0,0,0,0,9,6,E01026420,3,1,0,1,-1,0
2022371208834,2022,371208834,2,1,1,2,25,5,3,0,0,0,0,0,9,4,E01029940,3,1,0,1,-1,0
2022440100523,2022,440100523,1,2,2,1,20,4,2,0,0,2,0,0,9,-1,-1,-1,0,0.91681,0.08319,-1,0
2022991178301,2022,991178301,2,1,1,2,44,7,3,0,0,0,0,0,9,1,-1,3,1,0,1,-1,0
2022991257859,2022,991257859,1,1,1,2,41,7,2,0,0,0,0,0,9,8,-1,7,1,1,0,-1,0
2022010361781,2022,010361781,1,1,3,1,40,7,3,6,9,0,0,1,0,3,E01002370,-1,0,0,1,-1,0
2022010395935,2022,010395935,1,1,3,2,7,2,2,1,3,0,0,0,0,5,E01002740,-1,0,1,0,-1,0
2022991170738,2022,991170738,1,1,3,2,53,8,2,4,4,0,0,0,0,1,-1,6,1,1,0,-1,0
2022010356063,2022,010356063,2,1,1,1,40,7,3,0,0,0,0,0,1,4,E01001087,-1,0,0,1,-1,0
2022010385072,2022,010385072,2,1,1,2,32,6,3,0,0,0,0,0,1,2,E01003506,-1,0,0,1,-1,0
2022010389338,2022,010389338,1,1,1,1,44,7,3,0,0,0,0,0,1,5,E01032770,-1,0,0,1,-1,0
2022031241563,2022,031241563,2,1,1,1,55,8,2,0,0,0,0,0,1,7,E01019379,7,1,1,0,-1,0
2022041210072,2022,041210072,2,1,1,2,32,6,3,0,0,0,0,0,9,-1,-1,3,1,0,1,-1,0
2022070202656,2022,070202656,1,1,1,1,44,7,3,0,0,0,0,0,9,1,E01012441,-1,0,0.02679,0.97321,-1,0
2022131223350,2022,131223350,2,2,1,1,26,6,3,0,0,0,0,0,9,7,E01011214,3,1,0,1,-1,0
2022401132875,2022,401132875,2,1,2,2,51,8,3,0,0,1,0,0,9,4,E01003739,3,1,0,1,-1,0
2022421148450,2022,421148450,2,2,1,1,54,8,3,0,0,0,0,0,9,10,E01033053,3,1,0,1,-1,0
2022471192589,2022,471192589,2,1,1,1,27,6,3,0,0,0,0,0,9,9,E01002384,3,1,0,1,-1,0
2022501156083,2022,501156083,2,1,2,2,28,6,3,0,0,0,0,0,19,2,E01015181,3,1,0,1,-1,0
2022461198329,2022,461198329,4,1,1,1,52,8,2,0,0,0,0,0,20,1,E01016019,5,1,1,0,-1,0
2022010412732,2022,010412732,1,1,1,2,51,8,3,0,0,0,0,0,9,3,E01002701,-1,0,0,1,-1,0
2022101162945,2022,101162945,2,3,2,2,13,3,3,0,0,2,0,0,9,-1,-1,3,1,0,1,-1,0
2022131147875,2022,131147875,1,1,1,1,71,10,2,0,0,0,0,0,9,9,E01011641,6,1,1,0,-1,0
2022221227093,2022,221227093,1,1,1,1,85,11,3,0,0,0,0,0,9,9,E01032362,3,1,0,1,-1,0
2022361244663,2022,361244663,1,1,1,2,40,7,3,0,0,0,0,0,9,6,E01026498,3,1,0,1,-1,0
2022440100523,2022,440100523,1,3,2,1,20,4,3,0,0,2,0,0,9,10,E01032859,-1,0,0,1,-1,0
202254B054822,2022,54B054822,1,1,1,2,61,9,3,0,0,0,0,0,9,9,E01032713,-1,0,0.03442,0.96558,-1,0
202254C605322,2022,54C605322,1,1,1,2,43,7,3,0,0,0,0,0,9,-1,-1,-1,0,0.04086,0.95914,-1,0
2022552200088,2022,552200088,1,2,2,2,79,11,3,0,0,1,0,0,9,10,E01020470,-1,0,0.07777,0.92223,-1,0
202263D011122,2022,63D011122,1,1,1,2,56,9,3,0,0,0,0,0,9,-1,-1,-1,0,0.10969,0.89031,-1,0
2022471244031,2022,471244031,2,1,1,1,51,8,3,0,0,0,0,0,90,6,E01031712,3,1,0,1,-1,0
2022201146579,2022,201146579,1,1,3,1,48,8,3,8,9,0,0,0,0,1,E01009134,3,1,0,1,-1,0
2022320274172,2022,320274172,1,2,3,1,42,7,3,9,5,0,0,0,0,7,E01026155,-1,0,0.09435,0.90565,-1,0
2022471169220,2022,471169220,1,1,3,1,14,3,3,5,1,0,0,0,0,1,E01031429,3,1,0,1,-1,0
2022991217844,2022,991217844,1,1,3,2,32,6,3,1,9,0,0,0,0,9,-1,3,1,0,1,-1,0
2022010355042,2022,010355042,4,3,2,2,56,9,3,0,0,2,0,0,9,2,E01004315,-1,0,0,1,-1,0
2022010373872,2022,010373872,3,3,1,1,59,9,3,0,0,0,0,0,9,10,E01017429,-1,0,0,1,-1,0
2022070825371,2022,070825371,1,2,2,2,21,5,3,0,0,1,0,0,9,1,E01014223,-1,0,0.05635,0.94365,-1,0
2022131216688,2022,131216688,2,1,2,1,26,6,3,0,0,1,0,0,9,6,E01011645,3,1,0,1,-1,0
2022201167974,2022,201167974,1,1,1,1,36,7,3,0,0,0,0,0,9,1,E01010410,3,1,0,1,-1,0
2022201245644,2022,201245644,2,1,1,1,38,7,3,0,0,0,0,0,9,7,E01009805,3,1,0,1,-1,0
2022201274647,2022,201274647,1,1,1,1,48,8,3,0,0,0,0,0,9,1,E01010032,3,1,0,1,-1,0
2022440237211,2022,440237211,3,3,1,2,37,7,3,0,0,0,0,0,9,7,E01030905,-1,0,0,1,-1,0
2022991222645,2022,991222645,3,4,2,2,35,6,3,0,0,2,0,0,9,10,-1,3,1,0,1,-1,0
2022010413613,2022,010413613,2,1,1,1,12,3,2,0,0,0,0,0,1,3,E01003938,-1,0,1,0,-1,0
2022061167730,2022,061167730,2,1,1,1,36,7,3,0,0,0,0,0,1,4,E01012504,3,1,0,1,-1,0
2022201219686,2022,201219686,2,1,1,1,50,8,2,0,0,0,0,0,1,-1,-1,7,1,1,0,-1,0
2022070208889,2022,070208889,1,1,1,1,28,6,3,0,0,0,0,0,20,7,E01010862,-1,0,0.03038,0.96962,-1,0
2022010377854,2022,010377854,1,1,3,1,23,5,3,9,5,0,0,1,0,3,E01015962,-1,0,0,1,-1,0
2022010399520,2022,010399520,1,1,3,2,40,7,3,8,9,0,0,0,0,2,E01001709,-1,0,0,1,-1,0
2022010415094,2022,010415094,1,1,3,1,42,7,2,1,1,0,0,0,0,4,E01003919,-1,0,1,0,-1,0
2022421191662,2022,421191662,1,1,3,1,37,7,3,7,9,0,0,1,0,4,E01015972,3,1,0,1,-1,0
2022361248557,2022,361248557,1,1,1,1,50,8,2,0,0,0,0,0,19,3,E01026747,6,1,1,0,-1,0
2022010413497,2022,010413497,1,1,3,2,43,7,3,1,3,0,0,0,0,2,E01000600,-1,0,0,1,-1,0
2022010370793,2022,010370793,2,1,1,1,51,8,3,0,0,0,0,0,1,3,E01001363,-1,0,0,1,-1,0
2022010387363,2022,010387363,1,1,1,1,34,6,2,0,0,0,0,0,1,2,E01032722,-1,0,1,0,-1,0
2022430050970,2022,430050970,2,1,1,1,86,11,2,0,0,0,0,0,1,9,E01028754,-1,0,1,0,-1,0
2022010353786,2022,010353786,1,1,1,1,22,5,3,0,0,0,0,0,3,3,E01003496,-1,0,0,1,-1,0
2022010382659,2022,010382659,1,1,1,1,53,8,3,0,0,0,0,0,3,2,E01003190,-1,0,0,1,-1,0
2022010369519,2022,010369519,2,4,1,1,32,6,3,0,0,0,0,0,8,7,E01000986,-1,0,0,1,-1,0
2022111150175,2022,111150175,2,1,1,2,38,7,3,0,0,0,0,0,9,7,E01020685,3,1,0,1,-1,0
2022201226894,2022,201226894,1,1,1,1,83,11,3,0,0,0,0,0,9,5,E01010548,3,1,0,1,-1,0
2022411205841,2022,411205841,1,2,1,2,20,4,3,0,0,0,0,0,9,3,E01023891,3,1,0,1,-1,0
2022440101823,2022,440101823,1,1,1,2,35,6,3,0,0,0,0,0,9,8,E01022757,-1,0,0,1,-1,0
202263A002622,2022,63A002622,1,1,2,2,53,8,3,0,0,0,0,0,19,-1,-1,-1,0,0.06857,0.93143,-1,0
2022010357801,2022,010357801,1,1,1,2,29,6,3,0,0,0,0,0,1,7,E01004505,-1,0,0,1,-1,0
2022041160068,2022,041160068,2,1,1,1,33,6,2,0,0,0,0,0,1,5,E01025128,7,1,1,0,-1,0
2022010368590,2022,010368590,2,2,1,1,52,8,3,0,0,0,0,0,9,-1,-1,-1,0,0,1,-1,0
2022131211798,2022,131211798,2,1,1,1,37,7,3,0,0,0,0,0,9,6,E01011425,3,1,0,1,-1,0
2022201274647,2022,201274647,1,3,2,1,5,1,3,0,0,2,0,0,9,1,E01010032,3,1,0,1,-1,0
2022231228443,2022,231228443,1,1,1,1,61,9,2,0,0,0,0,0,9,8,E01031218,5,1,1,0,-1,0
2022302201139,2022,302201139,1,1,1,2,49,8,3,0,0,0,0,0,9,5,E01019780,-1,0,0.01801,0.98199,-1,0
2022421210830,2022,421210830,2,2,2,2,58,9,3,0,0,1,0,0,9,2,E01017265,3,1,0,1,-1,0
2022501190784,2022,501190784,2,2,1,1,60,9,3,0,0,0,0,0,9,7,E01015066,3,1,0,1,-1,0
2022531235535,2022,531235535,2,1,1,2,63,9,3,0,0,0,0,0,9,8,E01022413,3,1,0,1,-1,0
202263D011322,2022,63D011322,1,1,1,1,22,5,3,0,0,0,0,0,9,-1,-1,-1,0,0.08766,0.91234,-1,0
202263D040622,2022,63D040622,2,3,1,2,56,9,2,0,0,0,0,0,9,5,W01000117,-1,0,1,0,-1,0
2022991227018,2022,991227018,1,7,2,2,19,4,3,0,0,0,4,0,11,10,-1,3,1,0,1,-1,0
2022430358309,2022,430358309,2,1,1,1,17,4,2,0,0,0,0,0,33,-1,-1,-1,0,1,0,-1,1
2022070219797,2022,070219797,1,1,1,2,38,7,3,0,0,0,0,0,9,10,W01000327,-1,0,0.02719,0.97281,-1,0
2022070783251,2022,070783251,2,5,2,1,0,1,3,0,0,2,0,0,9,6,E01025401,-1,0,0.02694,0.97306,-1,0
2022332200214,2022,332200214,2,1,2,1,53,8,3,0,0,1,0,0,9,3,E01025997,-1,0,0.00998,0.99002,-1,0
2022421147970,2022,421147970,1,2,1,1,51,8,3,0,0,0,0,0,9,-1,-1,3,1,0,1,-1,0
2022430176519,2022,430176519,1,1,1,1,36,7,3,0,0,0,0,0,9,8,E01010520,-1,0,0.02487,0.97513,-1,0
2022461239088,2022,461239088,2,2,2,1,64,9,3,0,0,1,0,0,9,2,E01024476,3,1,0,1,-1,0
202254B193622,2022,54B193622,2,1,1,2,24,5,3,0,0,0,0,0,9,2,E01015542,-1,0,0.01142,0.98858,-1,0
2022041208896,2022,041208896,2,1,1,1,32,6,3,0,0,0,0,0,5,5,E01025541,3,1,0,1,-1,0
2022010357935,2022,010357935,1,1,3,1,28,6,3,9,9,0,0,0,0,4,E01023302,-1,0,0,1,-1,0
2022401140083,2022,401140083,1,1,3,2,43,7,3,8,1,0,0,0,0,7,E01017593,3,1,0,1,-1,0
2022010355365,2022,010355365,2,1,1,2,28,6,3,0,0,0,0,0,3,5,E01004482,-1,0,0,1,-1,0
2022451244108,2022,451244108,2,1,1,2,20,4,2,0,0,0,0,0,3,5,E01000747,5,1,1,0,-1,0
2022991232282,2022,991232282,2,1,1,1,17,4,3,0,0,0,0,0,3,7,-1,3,1,0,1,-1,0
2022131223350,2022,131223350,4,3,1,1,56,9,3,0,0,0,0,0,9,6,E01006317,3,1,0,1,-1,0
2022131223350,2022,131223350,1,1,1,2,36,7,3,0,0,0,0,0,9,6,E01011885,3,1,0,1,-1,0
2022141225261,2022,141225261,1,3,2,2,8,2,3,0,0,2,0,0,9,2,E01007910,3,1,0,1,-1,0
2022201251825,2022,201251825,1,1,1,1,33,6,3,0,0,0,0,0,9,9,E01009472,3,1,0,1,-1,0
2022430269292,2022,430269292,2,1,1,2,52,8,3,0,0,0,0,0,9,4,E01013964,-1,0,0.00817,0.99183,-1,0
2022471178359,2022,471178359,1,3,1,2,64,9,3,0,0,0,0,0,9,9,E01031704,3,1,0,1,-1,0
2022991181307,2022,991181307,2,1,1,1,54,8,3,0,0,0,0,0,9,8,-1,3,1,0,1,-1,0
2022991220640,2022,991220640,2,1,1,2,39,7,3,0,0,0,0,0,9,5,-1,3,1,0,1,-1,0
2022991227018,2022,991227018,1,9,2,2,91,11,3,0,0,0,4,0,11,10,-1,3,1,0,1,-1,0
2022131225842,2022,131225842,2,1,1,1,26,6,3,0,0,0,0,0,19,1,E01007492,3,1,0,1,-1,0
2022332201085,2022,332201085,1,1,1,1,45,7,3,0,0,0,0,0,19,3,E01031058,-1,0,0.00789,0.99211,-1,0
2022451205554,2022,451205554,3,2,1,1,43,7,3,0,0,0,0,0,19,7,E01017919,3,1,0,1,-1,0
2022010393664,2022,010393664,1,2,3,1,23,5,3,5,9,0,0,0,0,3,E01000148,-1,0,0,1,-1,0
2022010418535,2022,010418535,1,1,3,2,21,5,3,1,3,0,0,0,0,3,E01001676,-1,0,0,1,-1,0
2022010394295,2022,010394295,1,1,1,1,30,6,2,0,0,0,0,0,1,4,E01004643,-1,0,1,0,-1,0
2022211211028,2022,211211028,2,1,1,1,57,9,2,0,0,0,0,0,1,-1,-1,7,1,1,0,-1,0
2022991130651,2022,991130651,2,1,1,1,38,7,3,0,0,0,0,0,1,-1,-1,3,1,0,1,-1,0
2022131188408,2022,131188408,2,1,1,1,59,9,3,0,0,0,0,0,5,3,E01011786,3,1,0,1,-1,0
2022010375880,2022,010375880,1,2,2,-1,-1,-1,3,0,0,1,0,0,9,2,E01000126,-1,0,0,1,-1,0
2022131243643,2022,131243643,1,1,1,1,65,9,3,0,0,0,0,0,9,6,E01010705,3,1,0,1,-1,0
202263C106022,2022,63C106022,2,1,1,1,60,9,3,0,0,0,0,0,9,7,W01000564,-1,0,0.00562,0.99438,-1,0
2022991130876,2022,991130876,1,1,1,1,63,9,2,0,0,0,0,0,9,5,-1,5,1,1,0,-1,0
2022131214692,2022,131214692,1,1,1,1,48,8,3,0,0,0,0,0,21,7,E01020594,3,1,0,1,-1,0
2022991227018,2022,991227018,2,2,1,1,52,8,3,0,0,0,0,0,21,2,-1,3,1,0,1,-1,0
2022010369727,2022,010369727,1,1,1,2,32,6,3,0,0,0,0,0,1,5,E01000888,-1,0,0,1,-1,0
2022522202180,2022,522202180,1,1,1,1,28,6,3,0,0,0,0,0,1,1,E01033359,-1,0,0.14213,0.85787,-1,0
2022010357372,2022,010357372,1,1,1,2,32,6,3,0,0,0,0,0,9,3,E01001186,-1,0,0,1,-1,0
2022101220543,2022,101220543,3,3,2,1,52,8,3,0,0,1,0,0,9,-1,-1,3,1,0,1,-1,0
2022161226730,2022,161226730,1,1,1,2,-1,-1,3,0,0,0,0,0,9,-1,-1,3,1,0,1,-1,0
2022201218249,2022,201218249,1,3,2,2,27,6,3,0,0,1,0,0,9,1,E01009057,3,1,0,1,-1,0
2022201263728,2022,201263728,2,1,1,1,26,6,3,0,0,0,0,0,9,-1,-1,3,1,0,1,-1,0
2022231191075,2022,231191075,2,1,2,2,45,7,3,0,0,1,0,0,9,2,E01009050,3,1,0,1,-1,0
2022351187311,2022,351187311,2,1,1,1,44,7,3,0,0,0,0,0,9,4,E01023775,3,1,0,1,-1,0
2022430023226,2022,430023226,2,1,1,2,60,9,3,0,0,0,0,0,9,-1,-1,-1,0,0.00652,0.99348,-1,0
2022471181843,2022,471181843,2,1,2,1,55,8,3,0,0,1,0,0,9,4,E01031572,3,1,0,1,-1,0
2022501155154,2022,501155154,2,1,1,1,25,5,3,0,0,0,0,0,9,10,E01029310,3,1,0,1,-1,0
2022501224593,2022,501224593,2,2,1,1,58,9,3,0,0,0,0,0,9,9,E01015110,3,1,0,1,-1,0
2022991227498,2022,991227498,1,1,1,1,55,8,3,0,0,0,0,0,9,4,-1,3,1,0,1,-1,0
2022471143962,2022,471143962,1,1,3,1,10,2,3,1,1,0,0,1,0,-1,-1,3,1,0,1,-1,0
2022010391254,2022,010391254,1,1,1,1,29,6,3,0,0,0,0,0,1,3,E01001188,-1,0,0,1,-1,0
2022101247858,2022,101247858,2,1,1,1,21,5,2,0,0,0,0,0,1,9,E01008367,7,1,1,0,-1,0
2022991222759,2022,991222759,1,1,1,1,51,8,2,0,0,0,0,0,3,5,-1,6,1,1,0,-1,0
2022052202320,2022,052202320,1,1,1,1,41,7,2,0,0,0,0,0,5,1,E01006908,-1,0,1,0,-1,0
2022010355042,2022,010355042,4,1,1,2,57,9,3,0,0,0,0,0,9,-1,-1,-1,0,0,1,-1,0
2022010358014,2022,010358014,1,3,2,1,15,3,3,0,0,2,0,0,9,6,E01002423,-1,0,0,1,-1,0
2022010368590,2022,010368590,1,1,1,1,61,9,2,0,0,0,0,0,9,-1,-1,-1,0,1,0,-1,0
2022010369519,2022,010369519,1,2,2,1,17,4,3,0,0,2,0,0,9,3,E01001117,-1,0,0,1,-1,0
2022010373872,2022,010373872,3,4,2,2,48,8,2,0,0,1,0,0,9,10,E01017429,-1,0,1,0,-1,0
2022041214279,2022,041214279,2,4,2,1,19,4,3,0,0,1,0,0,9,1,E01025423,3,1,0,1,-1,0
2022320384697,2022,320384697,3,1,1,2,36,7,3,0,0,0,0,0,9,10,E01026233,-1,0,0.01319,0.98681,-1,0
2022332200749,2022,332200749,3,1,1,1,61,9,3,0,0,0,0,0,9,8,E01025771,-1,0,0.02443,0.97557,-1,0
2022371235716,2022,371235716,1,2,1,2,52,8,3,0,0,0,0,0,9,4,E01033127,3,1,0,1,-1,0
2022421209420,2022,421209420,2,1,1,1,55,8,3,0,0,0,0,0,9,4,E01003704,3,1,0,1,-1,0
2022430269292,2022,430269292,2,3,2,2,41,7,3,0,0,2,0,0,9,2,E01007451,-1,0,0.00602,0.99398,-1,0
2022471145031,2022,471145031,1,1,2,2,7,2,3,0,0,2,0,0,9,6,E01016987,3,1,0,1,-1,0
2022991198445,2022,991198445,1,1,1,2,82,11,1,0,0,0,0,0,9,8,-1,1,1,0,0,-1,0
2022522300065,2022,522300065,2,3,2,1,34,6,3,0,0,1,0,0,19,3,W01001630,-1,0,0.07503,0.92497,-1,0
2022201248170,2022,201248170,1,1,1,1,39,7,3,0,0,0,0,0,3,2,E01009980,3,1,0,1,-1,0
2022440321007,2022,440321007,1,1,1,1,23,5,3,0,0,0,0,0,3,9,E01023050,-1,0,0,1,-1,0
2022010406793,2022,010406793,1,1,1,1,38,7,2,0,0,0,0,0,4,2,E01001633,-1,0,1,0,-1,0
2022010379309,2022,010379309,1,1,2,1,13,3,2,0,0,2,0,0,9,4,E01002224,-1,0,1,0,-1,0
2022122200126,2022,122200126,2,2,2,1,39,7,3,0,0,1,0,0,9,7,E01026228,-1,0,0.01482,0.98518,-1,0
2022201266278,2022,201266278,2,1,1,1,55,8,3,0,0,0,0,0,9,-1,-1,3,1,0,1,-1,0
2022421149787,2022,421149787,2,2,2,2,17,4,3,0,0,1,0,0,9,6,E01015978,3,1,0,1,-1,0
2022461142170,2022,461142170,1,1,1,1,21,5,3,0,0,0,0,0,9,4,E01024290,3,1,0,1,-1,0
2022461182751,2022,461182751,2,1,1,1,36,7,3,0,0,0,0,0,9,3,E01024497,3,1,0,1,-1,0
2022991222645,2022,991222645,3,5,1,2,53,8,3,0,0,0,0,0,9,9,-1,3,1,0,1,-1,0
2022201161588,2022,201161588,1,1,3,1,55,8,3,4,1,0,0,2,0,1,E01010443,3,1,0,1,-1,0
2022430140279,2022,430140279,1,1,3,1,40,7,3,8,5,0,0,1,0,1,E01017103,-1,0,0.0537,0.9463,-1,0
2022010385822,2022,010385822,2,1,1,1,34,6,3,0,0,0,0,0,1,2,E01001439,-1,0,0,1,-1,0
2022161193510,2022,161193510,2,1,1,1,52,8,2,0,0,0,0,0,1,-1,-1,5,1,1,0,-1,0
2022421229526,2022,421229526,2,1,1,1,66,10,3,0,0,0,0,0,1,3,E01021358,3,1,0,1,-1,0
2022522201428,2022,522201428,1,1,1,1,26,6,3,0,0,0,0,0,1,7,E01014700,-1,0,0.14992,0.85008,-1,0
2022010357296,2022,010357296,1,1,1,1,17,4,3,0,0,0,0,0,3,1,E01004670,-1,0,0,1,-1,0
2022451245869,2022,451245869,1,1,1,2,28,6,3,0,0,0,0,0,3,10,E01030590,3,1,0,1,-1,0
2022061145729,2022,061145729,2,1,1,2,47,8,3,0,0,0,0,0,9,6,E01012465,3,1,0,1,-1,0
2022101201531,2022,101201531,2,1,1,1,52,8,3,0,0,0,0,0,9,2,E01008810,3,1,0,1,-1,0
2022101252205,2022,101252205,2,1,1,2,43,7,3,0,0,0,0,0,9,4,E01008513,3,1,0,1,-1,0
2022201273398,2022,201273398,1,1,1,2,64,9,3,0,0,0,0,0,9,9,E01010328,3,1,0,1,-1,0
2022351150124,2022,351150124,2,1,1,2,41,7,3,0,0,0,0,0,9,6,E01018016,3,1,0,1,-1,0
2022430051624,2022,430051624,1,1,1,2,25,5,2,0,0,0,0,0,9,10,E01017891,-1,0,1,0,-1,0
2022440497251,2022,440497251,1,1,1,2,31,6,3,0,0,0,0,0,9,9,E01022586,-1,0,0,1,-1,0
202263B016222,2022,63B016222,2,1,1,1,47,8,3,0,0,0,0,0,9,-1,-1,-1,0,0.00516,0.99484,-1,0
2022430522009,2022,430522009,1,1,2,2,47,8,3,0,0,0,0,0,19,8,E01028796,-1,0,0.04417,0.95583,-1,0
2022991212336,2022,991212336,2,1,1,1,42,7,3,0,0,0,0,0,19,6,-1,3,1,0,1,-1,0
2022010365948,2022,010365948,1,1,1,1,66,10,3,0,0,0,0,0,9,3,E01002932,-1,0,0,1,-1,0
2022031254767,2022,031254767,2,1,2,2,76,11,3,0,0,1,0,0,9,6,E01019096,3,1,0,1,-1,0
2022101251880,2022,101251880,2,1,1,2,41,7,3,0,0,0,0,0,9,9,E01008311,3,1,0,1,-1,0
2022231269136,2022,231269136,2,4,2,1,1,1,3,0,0,2,0,0,9,7,E01009442,3,1,0,1,-1,0
2022440087746,2022,440087746,1,1,1,1,53,8,3,0,0,0,0,0,9,10,E01022693,-1,0,0,1,-1,0
2022010414384,2022,010414384,1,1,1,1,28,6,3,0,0,0,0,0,3,2,E01002054,-1,0,0,1,-1,0
2022010371675,2022,010371675,1,1,1,2,55,8,2,0,0,0,0,0,5,4,E01003645,-1,0,1,0,-1,0
2022201245737,2022,201245737,1,1,3,1,61,9,3,4,1,0,0,0,0,5,E01015651,3,1,0,1,-1,0
2022451183439,2022,451183439,1,1,3,2,76,11,2,5,3,0,0,0,0,10,E01030870,7,1,1,0,-1,0
2022991168226,2022,991168226,1,1,3,2,10,2,3,5,3,0,0,0,0,2,-1,3,1,0,1,-1,0
2022010366771,2022,010366771,1,1,1,1,46,8,3,0,0,0,0,0,9,-1,-1,-1,0,0,1,-1,0
2022161163415,2022,161163415,2,2,1,1,54,8,1,0,0,0,0,0,9,5,E01011417,1,1,0,0,-1,0
2022201218249,2022,201218249,1,1,1,1,59,9,3,0,0,0,0,0,9,2,E01033635,3,1,0,1,-1,0
2022351155695,2022,351155695,2,1,1,1,61,9,3,0,0,0,0,0,9,8,E01018164,3,1,0,1,-1,0
2022421166620,2022,421166620,2,1,1,1,34,6,3,0,0,0,0,0,9,3,E01021303,3,1,0,1,-1,0
2022451231122,2022,451231122,1,1,1,2,20,4,3,0,0,0,0,0,9,9,E01030372,3,1,0,1,-1,0
2022471225860,2022,471225860,2,1,1,2,21,5,3,0,0,0,0,0,9,4,E01020965,3,1,0,1,-1,0
202263D058122,2022,63D058122,2,1,1,1,27,6,3,0,0,0,0,0,9,9,W01000482,-1,0,0.00514,0.99486,-1,0
2022010365257,2022,010365257,1,1,1,1,48,8,2,0,0,0,0,0,1,2,E01001760,-1,0,1,0,-1,0
2022991226420,2022,991226420,2,1,1,1,42,7,3,0,0,0,0,0,4,1,-1,3,1,0,1,-1,0
2022201160842,2022,201160842,1,1,3,1,33,6,2,10,9,0,0,0,0,3,E01009005,7,1,1,0,-1,0
2022070814928,2022,070814928,2,1,1,1,24,5,3,0,0,0,0,0,19,2,E01006404,-1,0,0.00976,0.99024,-1,0
2022010361478,2022,010361478,1,1,1,2,42,7,3,0,0,0,0,0,9,4,E01002576,-1,0,0,1,-1,0
2022010363945,2022,010363945,1,2,2,2,13,3,3,0,0,1,0,0,9,-1,-1,-1,0,0,1,-1,0
2022161129187,2022,161129187,2,1,2,2,51,8,3,0,0,1,0,0,9,2,E01013281,3,1,0,1,-1,0
2022430457936,2022,430457936,3,2,1,1,28,6,3,0,0,0,0,0,9,10,E01002462,-1,0,0.0118,0.9882,-1,0
2022430516240,2022,430516240,2,1,1,2,65,9,3,0,0,0,0,0,9,9,E01028688,-1,0,0.00897,0.99103,-1,0
2022440237211,2022,440237211,1,1,1,2,43,7,3,0,0,0,0,0,9,10,E01022581,-1,0,0,1,-1,0
2022461130517,2022,461130517,1,2,2,1,10,2,3,0,0,1,0,0,9,9,E01016081,3,1,0,1,-1,0
202263D011122,2022,63D011122,1,3,2,2,7,2,3,0,0,2,0,0,9,-1,-1,-1,0,0.0657,0.9343,-1,0
2022010415021,2022,010415021,2,1,1,1,10,2,3,0,0,0,0,0,1,1,E01000891,-1,0,0,1,-1,0
2022451204595,2022,451204595,2,1,1,1,51,8,3,0,0,0,0,0,5,10,E01030953,3,1,0,1,-1,0
2022010377731,2022,010377731,1,2,3,2,36,7,3,4,2,0,0,0,0,2,E01001367,-1,0,0,1,-1,0
2022010386905,2022,010386905,1,1,3,1,66,10,2,5,3,0,0,0,0,4,E01000633,-1,0,1,0,-1,0
2022440023412,2022,440023412,2,2,2,1,34,6,2,0,0,0,0,0,19,8,E01017059,-1,0,0.88582,0.11418,-1,0
2022302200066,2022,302200066,1,1,2,2,-1,-1,2,0,0,0,4,0,11,9,E01019558,-1,0,1,0,-1,0
2022010373289,2022,010373289,2,1,1,1,42,7,3,0,0,0,0,0,9,5,E01000071,-1,0,0,1,-1,0
2022031151586,2022,031151586,2,2,1,2,59,9,3,0,0,0,0,0,9,6,E01019090,3,1,0,1,-1,0
2022041225363,2022,041225363,2,2,2,2,17,4,3,0,0,1,0,0,9,1,E01019164,3,1,0,1,-1,0
2022041244263,2022,041244263,2,1,1,1,41,7,3,0,0,0,0,0,9,2,E01025044,3,1,0,1,-1,0
2022061178379,2022,061178379,1,2,2,1,14,3,2,0,0,2,0,0,9,2,E01005504,5,1,1,0,-1,0
2022101249005,2022,101249005,1,1,1,1,40,7,3,0,0,0,0,0,9,1,E01008325,3,1,0,1,-1,0
2022131228018,2022,131228018,2,1,1,2,54,8,3,0,0,0,0,0,9,7,E01011571,3,1,0,1,-1,0
2022141225261,2022,141225261,1,2,2,1,6,2,3,0,0,2,0,0,9,2,E01007910,3,1,0,1,-1,0
2022231193432,2022,231193432,2,1,2,1,28,6,3,0,0,1,0,0,9,5,E01031050,3,1,0,1,-1,0
2022320384697,2022,320384697,1,2,2,1,6,2,3,0,0,2,0,0,9,9,E01026231,-1,0,0.02543,0.97457,-1,0
2022430363128,2022,430363128,2,1,1,1,25,5,3,0,0,0,0,0,9,6,E01031193,-1,0,0.00121,0.99879,-1,0
2022471178359,2022,471178359,2,2,1,1,34,6,3,0,0,0,0,0,9,2,E01031808,3,1,0,1,-1,0
2022010377448,2022,010377448,1,1,1,1,65,9,2,0,0,0,0,0,1,2,E01004471,-1,0,1,0,-1,0
2022010355355,2022,010355355,1,1,1,1,40,7,3,0,0,0,0,0,3,4,E01002876,-1,0,0,1,-1,0
2022141174271,2022,141174271,1,1,3,2,4,1,3,1,1,0,0,0,0,-1,-1,3,1,0,1,-1,0
2022430460979,2022,430460979,1,1,3,2,12,3,3,5,4,0,0,0,0,5,E01016240,-1,0,0.05352,0.94648,-1,0
2022010402730,2022,010402730,2,2,1,1,41,7,3,0,0,0,0,0,19,2,E01002297,-1,0,0,1,-1,0
2022070243014,2022,070243014,1,1,1,1,29,6,2,0,0,0,0,0,19,7,E01018330,-1,0,1,0,-1,0
2022010391393,2022,010391393,2,1,2,2,24,5,3,0,0,2,0,0,9,-1,-1,-1,0,0,1,-1,0
2022041251948,2022,041251948,1,1,2,2,30,6,3,0,0,1,0,0,9,2,E01012608,3,1,0,1,-1,0
2022141138528,2022,141138528,1,1,2,1,0,1,3,0,0,2,0,0,9,-1,-1,3,1,0,1,-1,0
2022201265805,2022,201265805,2,1,1,-1,34,6,3,0,0,0,0,0,9,-1,-1,3,1,0,1,-1,0
2022221197337,2022,221197337,2,1,1,1,73,10,3,0,0,0,0,0,9,10,E01014177,3,1,0,1,-1,0
2022351154247,2022,351154247,3,2,1,1,30,6,3,0,0,0,0,0,9,4,E01021775,3,1,0,1,-1,0
2022430042814,2022,430042814,1,1,1,1,76,11,3,0,0,0,0,0,9,8,E01017788,-1,0,0.0497,0.9503,-1,0
2022451169258,2022,451169258,1,1,1,2,31,6,3,0,0,0,0,0,9,6,E01030300,3,1,0,1,-1,0
2022461182751,2022,461182751,2,2,2,1,14,3,3,0,0,2,0,0,9,5,E01024503,3,1,0,1,-1,0
2022302200846,2022,302200846,2,1,1,1,47,8,3,0,0,0,0,0,20,7,E01011145,-1,0,0.02732,0.97268,-1,0
2022451163641,2022,451163641,1,1,1,1,17,4,2,0,0,0,0,0,3,7,E01023100,7,1,1,0,-1,0
2022010364480,2022,010364480,1,1,3,2,31,6,3,1,1,0,0,0,0,5,E01033711,-1,0,0,1,-1,0
2022421221112,2022,421221112,2,1,3,1,22,5,3,10,9,0,0,1,0,3,E01021437,3,1,0,1,-1,0
2022070156471,2022,070156471,2,1,1,1,52,8,3,0,0,0,0,0,19,7,E01007196,-1,0,0.03578,0.96422,-1,0
2022010358014,2022,010358014,1,1,1,1,49,8,3,0,0,0,0,0,9,6,E01002423,-1,0,0,1,-1,0
2022010363572,2022,010363572,1,1,1,1,46,8,3,0,0,0,0,0,9,3,E01001327,-1,0,0,1,-1,0
2022010367087,2022,010367087,1,1,1,1,46,8,3,0,0,0,0,0,9,8,E01002495,-1,0,0,1,-1,0
2022010390135,2022,010390135,1,1,1,1,37,7,3,0,0,0,0,0,9,3,E01003319,-1,0,0,1,-1,0
2022131180457,2022,131180457,1,1,1,1,58,9,3,0,0,0,0,0,9,7,E01011692,3,1,0,1,-1,0
2022201248286,2022,201248286,2,2,1,1,28,6,3,0,0,0,0,0,9,2,E01009058,3,1,0,1,-1,0
2022201276562,2022,201276562,2,1,1,2,50,8,3,0,0,0,0,0,9,10,E01010181,3,1,0,1,-1,0
2022340NNC882,2022,340NNC882,2,1,2,2,7,2,2,0,0,2,0,0,9,10,E01027088,-1,0,0.69274,0.30726,-1,0
2022552200469,2022,552200469,2,1,1,1,33,6,3,0,0,0,0,0,9,7,E01032746,-1,0,0.02792,0.97208,-1,0
2022991155396,2022,991155396,1,1,1,2,62,9,2,0,0,0,0,0,9,7,-1,5,1,1,0,-1,0
2022991163442,2022,991163442,2,3,2,2,50,8,3,0,0,1,0,0,9,9,-1,3,1,0,1,-1,0
2022010380007,2022,010380007,1,1,1,1,52,8,3,0,0,0,0,0,1,3,E01003352,-1,0,0,1,-1,0
2022010392150,2022,010392150,1,1,1,1,23,5,3,0,0,0,0,0,1,5,E01003054,-1,0,0,1,-1,0
2022010393293,2022,010393293,1,1,1,1,26,6,3,0,0,0,0,0,3,3,E01001238,-1,0,0,1,-1,0
2022440074121,2022,440074121,1,1,1,1,58,9,3,0,0,0,0,0,4,9,E01022930,-1,0,0,1,-1,0
2022010393871,2022,010393871,1,1,3,2,50,8,3,8,1,0,0,0,0,3,E01003923,-1,0,0,1,-1,0
2022010409835,2022,010409835,1,1,3,2,53,8,3,10,9,0,0,1,0,3,E01004406,-1,0,0,1,-1,0
2022131199999,2022,131199999,1,1,3,1,29,6,3,7,1,0,0,1,0,3,E01033032,3,1,0,1,-1,0
2022010391290,2022,010391290,1,1,1,1,58,9,3,0,0,0,0,0,19,2,E01033581,-1,0,0,1,-1,0
2022010406239,2022,010406239,1,1,3,2,42,7,2,5,3,0,0,0,0,3,E01003552,-1,0,1,0,-1,0
2022070582355,2022,070582355,2,1,1,1,49,8,2,0,0,0,0,0,1,9,E01012393,-1,0,1,0,-1,0
2022430355325,2022,430355325,2,2,1,1,16,4,2,0,0,0,0,0,5,-1,-1,-1,0,1,0,-1,0
2022070825371,2022,070825371,1,1,1,1,33,6,3,0,0,0,0,0,9,3,E01029766,-1,0,0.06898,0.93102,-1,0
2022070911881,2022,070911881,1,1,1,1,22,5,3,0,0,0,0,0,9,2,E01006842,-1,0,0.06811,0.93189,-1,0
2022131209060,2022,131209060,2,1,1,1,62,9,3,0,0,0,0,0,9,2,E01011002,3,1,0,1,-1,0
2022501199167,2022,501199167,1,1,3,1,57,9,2,5,9,0,0,1,0,9,E01020265,7,1,1,0,-1,0
2022010389541,2022,010389541,1,1,1,1,28,6,3,0,0,0,0,0,1,2,E01004242,-1,0,0,1,-1,0
2022010394660,2022,010394660,2,1,1,2,39,7,3,0,0,0,0,0,1,5,E01003195,-1,0,0,1,-1,0
2022501211286,2022,501211286,1,1,1,1,20,4,2,0,0,0,0,0,5,5,E01018960,5,1,1,0,-1,0
2022010369519,2022,010369519,2,5,2,1,30,6,3,0,0,2,0,0,8,7,E01000986,-1,0,0,1,-1,0
2022010389338,2022,010389338,2,2,1,1,38,7,3,0,0,0,0,0,9,-1,-1,-1,0,0,1,-1,0
2022231269783,2022,231269783,1,3,2,2,22,5,3,0,0,1,0,0,9,2,E01010311,3,1,0,1,-1,0
2022311155300,2022,311155300,1,2,2,2,58,9,2,0,0,1,0,0,9,6,E01028416,6,1,1,0,-1,0
2022340WNC822,2022,340WNC822,2,2,2,1,72,10,3,0,0,1,0,0,9,2,E01004283,-1,0,0,1,-1,0
2022361258477,2022,361258477,2,1,1,2,50,8,3,0,0,0,0,0,9,9,E01026552,3,1,0,1,-1,0
2022401143457,2022,401143457,1,1,1,2,59,9,3,0,0,0,0,0,9,5,E01017586,3,1,0,1,-1,0
2022440365478,2022,440365478,1,1,1,1,41,7,3,0,0,0,0,0,9,9,E01022894,-1,0,0,1,-1,0
2022451205554,2022,451205554,1,1,1,1,48,8,3,0,0,0,0,0,9,4,E01000242,3,1,0,1,-1,0
2022531202888,2022,531202888,2,1,1,2,21,5,3,0,0,0,0,0,9,8,E01022446,3,1,0,1,-1,0
202263D027822,2022,63D027822,1,2,2,2,79,11,3,0,0,1,0,0,9,5,W01000427,-1,0,0.16566,0.83434,-1,0
2022991154869,2022,991154869,1,3,2,1,22,5,3,0,0,1,0,0,9,2,-1,3,1,0,1,-1,0
2022052201608,2022,052201608,1,3,2,2,76,11,3,0,0,0,4,0,11,2,E01006727,-1,0,0.06756,0.93244,-1,0
2022010406354,2022,010406354,1,2,2,-1,16,4,3,0,0,1,0,0,9,4,E01004525,-1,0,0,1,-1,0
2022052202206,2022,052202206,1,1,1,2,58,9,3,0,0,0,0,0,9,2,E01012605,-1,0,0.07104,0.92896,-1,0
2022332200891,2022,332200891,1,1,1,1,46,8,3,0,0,0,0,0,9,3,E01025949,-1,0,0.01488,0.98512,-1,0
202234NNC6102,2022,34NNC6102,1,1,2,1,85,11,3,0,0,2,0,0,9,-1,-1,-1,0,0,1,-1,0
2022421151966,2022,421151966,1,1,1,1,31,6,2,0,0,0,0,0,9,7,E01021857,6,1,1,0,-1,0
2022991253729,2022,991253729,2,1,2,2,36,7,3,0,0,1,0,0,9,1,-1,3,1,0,1,-1,0
2022041208871,2022,041208871,1,1,1,1,44,7,2,0,0,0,0,0,5,10,E01024977,6,1,1,0,-1,0
2022622200718,2022,622200718,1,1,3,1,63,9,3,10,5,0,0,0,0,8,W01001789,-1,0,0.0572,0.9428,-1,0
2022010389371,2022,010389371,2,2,2,-1,14,3,3,0,0,0,0,0,19,3,E01003938,-1,0,0,1,-1,0
2022461245316,2022,461245316,3,2,1,1,53,8,3,0,0,0,0,0,19,10,E01024837,3,1,0,1,-1,0
2022131226985,2022,131226985,1,1,3,2,18,4,2,5,1,0,0,-1,0,8,E01011825,7,1,1,0,-1,0
2022010370104,2022,010370104,2,1,1,1,32,6,3,0,0,0,0,0,1,2,E01000627,-1,0,0,1,-1,0
2022010405637,2022,010405637,1,1,1,1,46,8,3,0,0,0,0,0,1,3,E01003214,-1,0,0,1,-1,0
2022010413015,2022,010413015,1,1,1,2,40,7,3,0,0,0,0,0,1,9,E01022658,-1,0,0,1,-1,0
2022041152300,2022,041152300,2,1,1,1,83,11,3,0,0,0,0,0,1,1,E01033231,3,1,0,1,-1,0
2022201202237,2022,201202237,2,1,1,1,58,9,3,0,0,0,0,0,1,4,E01009175,3,1,0,1,-1,0
2022471182551,2022,471182551,1,1,1,1,65,9,2,0,0,0,0,0,5,8,E01021150,6,1,1,0,-1,0
2022041196524,2022,041196524,2,1,1,2,39,7,3,0,0,0,0,0,9,6,E01032928,3,1,0,1,-1,0
2022161171500,2022,161171500,2,1,1,1,75,10,3,0,0,0,0,0,9,9,E01032683,3,1,0,1,-1,0
2022170S11482,2022,170S11482,1,1,1,2,40,7,3,0,0,0,0,0,9,9,E01033480,-1,0,0.01356,0.98644,-1,0
2022201272651,2022,201272651,2,1,1,1,20,4,3,0,0,0,0,0,9,1,E01009339,3,1,0,1,-1,0
2022421232829,2022,421232829,1,1,1,1,31,6,3,0,0,0,0,0,9,4,E01022041,3,1,0,1,-1,0
2022501151878,2022,501151878,1,1,1,1,64,9,3,0,0,0,0,0,9,3,E01019028,3,1,0,1,-1,0
2022552200668,2022,552200668,2,1,1,1,41,7,3,0,0,0,0,0,9,6,E01015402,-1,0,0.01208,0.98792,-1,0
2022991191321,2022,991191321,2,1,1,1,73,10,3,0,0,0,0,0,9,9,-1,3,1,0,1,-1,0
2022991243492,2022,991243492,2,1,1,1,25,5,3,0,0,0,0,0,19,2,-1,3,1,0,1,-1,0
202234WNC3442,2022,34WNC3442,1,1,3,1,42,7,3,5,9,0,0,1,0,-1,-1,-1,0,0,1,-1,0
2022421224488,2022,421224488,1,1,3,1,16,4,3,5,1,0,0,0,0,6,E01021394,3,1,0,1,-1,0
2022501186983,2022,501186983,1,1,3,1,52,8,3,9,5,0,0,1,0,3,E01020285,3,1,0,1,-1,0
2022010407358,2022,010407358,1,1,1,2,31,6,3,0,0,0,0,0,1,-1,-1,-1,0,0,1,-1,0
2022010409425,2022,010409425,2,1,1,1,51,8,2,0,0,0,0,0,1,1,E01000596,-1,0,1,0,-1,0
2022010358014,2022,010358014,1,2,2,2,41,7,3,0,0,1,0,0,9,6,E01002423,-1,0,0,1,-1,0
2022041187171,2022,041187171,1,1,1,1,78,11,3,0,0,0,0,0,9,9,E01025021,3,1,0,1,-1,0
2022131193881,2022,131193881,1,1,1,2,24,5,3,0,0,0,0,0,9,4,E01010763,3,1,0,1,-1,0
2022170L41092,2022,170L41092,2,1,1,2,58,9,3,0,0,0,0,0,9,2,E01012171,-1,0,0.02508,0.97492,-1,0
2022430498891,2022,430498891,1,1,1,2,48,8,3,0,0,0,0,0,9,8,E01023712,-1,0,0.03023,0.96977,-1,0
2022471215816,2022,471215816,1,1,2,2,65,9,3,0,0,1,0,0,9,7,E01016916,3,1,0,1,-1,0
2022552201408,2022,552201408,2,2,2,1,10,2,3,0,0,1,0,0,9,3,E01015273,-1,0,0.02716,0.97284,-1,0
202263D011122,2022,63D011122,1,2,2,2,77,11,3,0,0,1,0,0,9,-1,-1,-1,0,0.14201,0.85799,-1,0
2022991163763,2022,991163763,2,1,1,1,64,9,3,0,0,0,0,0,9,9,-1,3,1,0,1,-1,0
2022010362370,2022,010362370,1,1,3,1,83,11,3,5,1,0,0,1,0,5,E01002632,-1,0,0,1,-1,0
2022061142870,2022,061142870,1,1,3,1,24,5,2,9,5,0,0,0,0,-1,-1,5,1,1,0,-1,0
2022161235354,2022,161235354,1,1,3,1,48,8,2,10,9,0,0,2,0,1,E01013136,5,1,1,0,-1,0
2022451195353,2022,451195353,1,1,3,2,28,6,3,9,5,0,0,1,0,2,E01000796,3,1,0,1,-1,0
2022542463722,2022,542463722,1,1,3,1,55,8,3,4,2,0,0,0,0,5,E01032013,-1,0,0.14402,0.85598,-1,0
2022991223387,2022,991223387,1,1,3,2,11,3,2,5,3,0,0,0,0,4,-1,7,1,1,0,-1,0
2022010363004,2022,010363004,2,1,1,1,45,7,3,0,0,0,0,0,1,5,E01021880,-1,0,0,1,-1,0
2022010389371,2022,010389371,1,1,1,1,47,8,3,0,0,0,0,0,1,3,E01003938,-1,0,0,1,-1,0
2022451132439,2022,451132439,2,2,1,1,50,8,3,0,0,0,0,0,3,8,E01030920,3,1,0,1,-1,0
2022052201354,2022,052201354,2,1,2,2,45,7,3,0,0,2,0,0,8,2,E01006966,-1,0,0.01226,0.98774,-1,0
2022010355991,2022,010355991,1,1,2,1,39,7,2,0,0,2,0,0,9,1,E01010367,-1,0,1,0,-1,0
2022041179446,2022,041179446,2,1,2,2,43,7,3,0,0,2,0,0,9,1,E01025297,3,1,0,1,-1,0
2022131135949,2022,131135949,1,1,1,2,41,7,3,0,0,0,0,0,9,1,E01011427,3,1,0,1,-1,0
2022161255641,2022,161255641,1,2,2,2,25,5,3,0,0,1,0,0,9,-1,-1,3,1,0,1,-1,0
2022371218281,2022,371218281,2,2,1,2,53,8,3,0,0,0,0,0,9,9,E01030175,3,1,0,1,-1,0
2022430202542,2022,430202542,1,2,2,2,17,4,3,0,0,1,0,0,9,7,E01028508,-1,0,0.0264,0.9736,-1,0
2022501146112,2022,501146112,1,1,1,1,41,7,3,0,0,0,0,0,11,2,E01018977,3,1,0,1,-1,0
2022141198367,2022,141198367,1,1,3,1,48,8,2,9,8,0,0,0,0,8,E01007818,7,1,1,0,-1,0
2022351154208,2022,351154208,2,1,1,2,26,6,3,0,0,0,0,0,1,7,E01018294,3,1,0,1,-1,0
2022010371166,2022,010371166,3,1,2,1,12,3,3,0,0,2,0,0,9,5,E01002119,-1,0,0,1,-1,0
2022131237640,2022,131237640,1,1,1,2,19,4,3,0,0,0,0,0,9,1,E01011361,3,1,0,1,-1,0
2022141183890,2022,141183890,2,3,2,2,18,4,2,0,0,1,0,0,9,-1,-1,7,1,1,0,-1,0
2022320229679,2022,320229679,1,1,1,1,22,5,1,0,0,0,0,0,9,-1,-1,-1,0,0,0,-1,0
2022430269292,2022,430269292,2,2,2,2,80,11,3,0,0,1,0,0,9,2,E01013943,-1,0,0.01382,0.98618,-1,0
2022471215816,2022,471215816,1,2,1,1,77,11,3,0,0,0,0,0,9,7,E01016916,3,1,0,1,-1,0
202263D092722,2022,63D092722,1,2,2,1,26,6,3,0,0,1,0,0,9,8,W01000444,-1,0,0.06969,0.93031,-1,0
2022991208375,2022,991208375,2,2,1,2,65,9,2,0,0,0,0,0,9,2,-1,7,1,1,0,-1,0
2022010403586,2022,010403586,1,3,2,2,42,7,3,0,0,0,4,0,11,1,E01003961,-1,0,0,1,-1,0
2022010373190,2022,010373190,1,1,3,1,13,3,2,1,2,0,0,0,0,-1,-1,-1,0,1,0,-1,0
2022010377731,2022,010377731,1,1,3,2,4,1,3,4,2,0,0,0,0,8,E01001228,-1,0,0,1,-1,0
2022010408355,2022,010408355,1,1,3,2,7,2,3,1,3,0,0,0,0,2,E01001130,-1,0,0,1,-1,0
2022131246903,2022,131246903,1,1,3,1,29,6,3,8,7,0,0,1,0,1,E01011107,3,1,0,1,-1,0
2022010393379,2022,010393379,2,1,1,1,26,6,3,0,0,0,0,0,1,2,E01004252,-1,0,0,1,-1,0
2022010408065,2022,010408065,2,1,1,1,22,5,3,0,0,0,0,0,3,2,E01004321,-1,0,0,1,-1,0
2022361231304,2022,361231304,1,1,2,2,80,11,2,0,0,1,0,0,9,5,E01011096,7,1,1,0,-1,0
2022471215205,2022,471215205,2,1,1,2,47,8,3,0,0,0,0,0,9,3,E01021016,3,1,0,1,-1,0
2022991227018,2022,991227018,1,3,2,2,34,6,3,0,0,0,3,0,11,7,-1,3,1,0,1,-1,0
202234NNC7932,2022,34NNC7932,2,1,1,2,48,8,3,0,0,0,0,0,19,1,E01027127,-1,0,0,1,-1,0
2022010370375,2022,010370375,1,1,3,2,45,7,3,6,9,0,0,1,0,4,E01001355,-1,0,0,1,-1,0
2022010390348,2022,010390348,1,1,3,1,41,7,3,10,9,0,0,1,0,6,E01016248,-1,0,0,1,-1,0
2022010417527,2022,010417527,1,1,3,1,59,9,2,5,3,0,0,0,0,6,E01001163,-1,0,1,0,-1,0
2022371187011,2022,371187011,1,2,3,1,25,5,3,9,9,0,0,1,0,4,E01026846,3,1,0,1,-1,0
2022622200110,2022,622200110,1,1,3,1,62,9,2,8,3,0,0,0,0,8,W01001822,-1,0,1,0,-1,0
2022440193127,2022,440193127,1,1,1,2,60,9,2,0,0,0,0,0,3,10,E01022748,-1,0,0.91491,0.08509,-1,0
2022451205087,2022,451205087,1,1,1,1,17,4,3,0,0,0,0,0,3,6,E01030827,3,1,0,1,-1,0
2022302200407,2022,302200407,2,1,1,2,42,7,3,0,0,0,0,0,9,8,E01033535,-1,0,0.00231,0.99769,-1,0
2022351133504,2022,351133504,1,1,1,1,41,7,3,0,0,0,0,0,9,8,E01017461,3,1,0,1,-1,0
2022361224261,2022,361224261,1,1,1,2,32,6,3,0,0,0,0,0,9,6,E01026430,3,1,0,1,-1,0
2022430138599,2022,430138599,1,2,1,1,56,9,3,0,0,0,0,0,9,9,E01028775,-1,0,0.03107,0.96893,-1,0
2022430265381,2022,430265381,1,1,1,1,32,6,3,0,0,0,0,0,9,7,E01017577,-1,0,0.01683,0.98317,-1,0
2022440321240,2022,440321240,1,1,1,1,36,7,3,0,0,0,0,0,9,10,E01023718,-1,0,0,1,-1,0
2022461229615,2022,461229615,1,1,2,1,79,11,2,0,0,1,0,0,9,7,E01024637,7,1,1,0,-1,0
2022461229615,2022,461229615,1,2,1,2,75,10,2,0,0,0,0,0,9,7,E01024637,6,1,1,0,-1,0
2022501202909,2022,501202909,1,1,1,1,57,9,3,0,0,0,0,0,9,5,E01020278,3,1,0,1,-1,0
2022991253302,2022,991253302,2,1,1,2,60,9,3,0,0,0,0,0,9,6,-1,3,1,0,1,-1,0
2022161251481,2022,161251481,1,2,1,1,52,8,3,0,0,0,0,0,21,6,E01019239,3,1,0,1,-1,0
2022101195768,2022,101195768,1,1,3,2,12,3,3,10,4,0,0,0,0,-1,-1,3,1,0,1,-1,0
2022010377296,2022,010377296,1,1,1,1,26,6,3,0,0,0,0,0,1,2,E01004033,-1,0,0,1,-1,0
2022161256361,2022,161256361,1,1,1,1,43,7,2,0,0,0,0,0,3,6,E01013095,7,1,1,0,-1,0
2022221204727,2022,221204727,1,1,1,1,38,7,2,0,0,0,0,0,5,8,E01013996,7,1,1,0,-1,0
2022010402730,2022,010402730,1,1,1,2,32,6,3,0,0,0,0,0,9,7,E01002338,-1,0,0,1,-1,0
2022041217965,2022,041217965,2,4,2,1,23,5,3,0,0,2,0,0,9,3,E01009795,3,1,0,1,-1,0
2022332201097,2022,332201097,1,1,1,1,19,4,3,0,0,0,0,0,9,8,E01032865,-1,0,0.01777,0.98223,-1,0
2022361221947,2022,361221947,1,2,2,2,5,1,3,0,0,2,0,0,9,10,E01007923,3,1,0,1,-1,0
2022430509371,2022,430509371,2,1,1,2,28,6,3,0,0,0,0,0,9,10,E01028789,-1,0,0.00341,0.99659,-1,0
2022471161499,2022,471161499,2,2,1,1,43,7,3,0,0,0,0,0,9,10,E01031744,3,1,0,1,-1,0
2022471184116,2022,471184116,2,1,1,2,52,8,3,0,0,0,0,0,9,6,E01031777,3,1,0,1,-1,0
2022552200088,2022,552200088,1,1,1,1,83,11,3,0,0,0,0,0,9,10,E01020470,-1,0,0.09316,0.90684,-1,0
2022991160001,2022,991160001,1,2,2,2,32,6,3,0,0,1,0,0,9,1,-1,3,1,0,1,-1,0
2022991193150,2022,991193150,1,1,1,1,19,4,2,0,0,0,0,0,9,4,-1,5,1,1,0,-1,0
2022991228340,2022,991228340,2,2,2,1,34,6,3,0,0,0,0,0,19,-1,-1,3,1,0,1,-1,0
2022041145337,2022,041145337,1,1,3,1,9,2,3,5,1,0,0,0,0,1,E01012622,3,1,0,1,-1,0
2022010404954,2022,010404954,2,1,1,1,21,5,2,0,0,0,0,0,3,5,E01003713,-1,0,1,0,-1,0
2022141192123,2022,141192123,1,1,2,2,13,3,3,0,0,0,0,0,5,4,E01005341,3,1,0,1,-1,0
2022991258435,2022,991258435,1,1,1,1,59,9,3,0,0,0,0,0,8,-1,-1,3,1,0,1,-1,0
2022031209340,2022,031209340,2,1,1,1,26,6,3,0,0,0,0,0,9,4,E01019150,3,1,0,1,-1,0
2022421189018,2022,421189018,1,2,2,2,23,5,3,0,0,1,0,0,9,4,E01022018,3,1,0,1,-1,0
2022052201608,2022,052201608,1,10,2,1,77,11,3,0,0,0,4,0,11,8,E01012389,-1,0,0.07115,0.92885,-1,0
2022010359133,2022,010359133,1,1,3,1,48,8,3,5,9,0,0,0,0,2,E01001911,-1,0,0,1,-1,0
2022361202561,2022,361202561,2,1,1,1,52,8,3,0,0,0,0,0,1,8,E01030269,3,1,0,1,-1,0
2022010369730,2022,010369730,1,1,1,1,26,6,3,0,0,0,0,0,9,5,E01002660,-1,0,0,1,-1,0
2022010371166,2022,010371166,3,2,2,2,7,2,3,0,0,2,0,0,9,5,E01002119,-1,0,0,1,-1,0
2022101190677,2022,101190677,2,1,1,1,50,8,3,0,0,0,0,0,9,3,E01008182,3,1,0,1,-1,0
2022401134914,2022,401134914,1,1,1,2,33,6,3,0,0,0,0,0,9,5,E01015753,3,1,0,1,-1,0
2022430556737,2022,430556737,2,1,1,2,32,6,3,0,0,0,0,0,9,7,E01028818,-1,0,0.00101,0.99899,-1,0
2022440100523,2022,440100523,1,1,2,1,20,4,2,0,0,1,0,0,9,10,E01022745,-1,0,0.91939,0.08061,-1,0
2022461184948,2022,461184948,2,1,1,1,38,7,3,0,0,0,0,0,9,6,E01024034,3,1,0,1,-1,0
2022501170079,2022,501170079,1,1,1,2,20,4,3,0,0,0,0,0,9,4,E01015054,3,1,0,1,-1,0
2022031182174,2022,031182174,4,1,1,1,54,8,3,0,0,0,0,0,9,6,-1,3,1,0,1,-1,0
2022070837044,2022,070837044,3,1,1,1,41,7,1,0,0,0,0,0,9,1,E01006844,-1,0,0,0,-1,0
2022221148569,2022,221148569,2,1,1,1,25,5,3,0,0,0,0,0,9,9,E01032402,3,1,0,1,-1,0
2022221218801,2022,221218801,2,2,2,1,42,7,3,0,0,1,0,0,9,9,E01029378,3,1,0,1,-1,0
2022430138599,2022,430138599,2,1,1,2,40,7,3,0,0,0,0,0,9,10,E01028820,-1,0,0.01753,0.98247,-1,0
2022522201841,2022,522201841,1,1,1,2,59,9,3,0,0,0,0,0,9,3,E01014501,-1,0,0.04323,0.95677,-1,0
2022531202888,2022,531202888,1,3,1,1,18,4,3,0,0,0,0,0,9,5,E01021139,3,1,0,1,-1,0
2022010365813,2022,010365813,2,1,1,1,6,2,3,0,0,0,0,0,1,-1,-1,-1,0,0,1,-1,0
2022010394827,2022,010394827,1,1,1,1,31,6,3,0,0,0,0,0,3,7,E01003778,-1,0,0,1,-1,0
2022421238428,2022,421238428,1,1,1,1,29,6,3,0,0,0,0,0,3,8,E01021533,3,1,0,1,-1,0
2022610033022,2022,610033022,2,1,1,1,28,6,3,0,0,0,0,0,3,1,W01001530,-1,0,0.179,0.821,-1,0
2022122201205,2022,122201205,2,2,1,1,63,9,3,0,0,0,0,0,4,7,E01019671,-1,0,0.12544,0.87456,-1,0
2022010381299,2022,010381299,1,1,3,1,7,2,3,5,1,0,0,0,0,6,E01002844,-1,0,0,1,-1,0
2022320274172,2022,320274172,1,1,3,1,28,6,3,9,5,0,0,1,0,2,E01007638,-1,0,0.09446,0.90554,-1,0
2022131201589,2022,131201589,2,1,1,2,48,8,3,0,0,0,0,0,19,2,E01011760,3,1,0,1,-1,0
2022451175565,2022,451175565,1,1,2,1,21,5,3,0,0,0,0,0,19,2,E01002604,3,1,0,1,-1,0
2022131240428,2022,131240428,1,1,3,1,14,3,3,6,9,0,0,2,0,6,E01011830,3,1,0,1,-1,0
2022302201145,2022,302201145,1,1,3,1,20,4,3,9,6,0,0,1,0,2,E01011223,-1,0,0.03327,0.96673,-1,0
2022461241155,2022,461241155,1,1,3,1,48,8,3,9,5,0,0,1,0,8,E01016028,3,1,0,1,-1,0
2022041188772,2022,041188772,2,1,1,1,54,8,3,0,0,0,0,0,1,10,E01025414,3,1,0,1,-1,0
2022161239972,2022,161239972,1,1,1,1,36,7,3,0,0,0,0,0,1,2,E01033104,3,1,0,1,-1,0
2022440153611,2022,440153611,2,1,1,1,38,7,3,0,0,0,0,0,1,-1,-1,-1,0,0,1,-1,0
2022471155003,2022,471155003,1,2,1,1,62,9,2,0,0,0,0,0,5,5,E01031481,7,1,1,0,-1,0
2022010408792,2022,010408792,1,1,1,2,39,7,3,0,0,0,0,0,9,9,E01001132,-1,0,0,1,-1,0
2022010410258,2022,010410258,1,1,1,1,68,10,3,0,0,0,0,0,9,3,E01001394,-1,0,0,1,-1,0
2022061173408,2022,061173408,2,1,1,1,37,7,3,0,0,0,0,0,9,2,E01005082,3,1,0,1,-1,0
2022070911881,2022,070911881,2,3,2,1,56,9,3,0,0,1,0,0,9,5,E01012468,-1,0,0.02242,0.97758,-1,0
2022101190677,2022,101190677,3,2,1,2,33,6,3,0,0,0,0,0,9,7,E01008360,3,1,0,1,-1,0
2022201195938,2022,201195938,1,1,1,1,31,6,3,0,0,0,0,0,9,5,E01009037,3,1,0,1,-1,0
2022201256386,2022,201256386,1,1,1,1,24,5,3,0,0,0,0,0,9,3,E01016465,3,1,0,1,-1,0
2022320436435,2022,320436435,1,1,1,2,79,11,3,0,0,0,0,0,9,7,E01026372,-1,0,0.04716,0.95284,-1,0
2022430522009,2022,430522009,2,2,2,1,25,5,3,0,0,1,0,0,9,10,E01028476,-1,0,0.00942,0.99058,-1,0
2022471167827,2022,471167827,1,4,2,2,27,6,3,0,0,2,0,0,9,4,E01016966,3,1,0,1,-1,0
202263D036222,2022,63D036222,3,2,2,2,84,11,3,0,0,1,0,0,9,9,W01001903,-1,0,0.044,0.956,-1,0
2022010398826,2022,010398826,2,1,1,1,34,6,3,0,0,0,0,0,33,1,E01000890,-1,0,0,1,-1,1
2022010373872,2022,010373872,1,2,2,2,10,2,2,0,0,2,0,0,9,10,E01032761,-1,0,1,0,-1,0
2022010384607,2022,010384607,2,1,2,1,8,2,3,0,0,2,0,0,9,7,E01000234,-1,0,0,1,-1,0
2022111201481,2022,111201481,2,1,1,2,37,7,3,0,0,0,0,0,9,4,E01020887,3,1,0,1,-1,0
2022122201065,2022,122201065,1,1,1,2,43,7,3,0,0,0,0,0,9,3,E01021704,-1,0,0.07587,0.92413,-1,0
2022201271725,2022,201271725,1,1,1,1,51,8,3,0,0,0,0,0,9,7,E01010219,3,1,0,1,-1,0
2022361221947,2022,361221947,1,3,2,2,45,7,3,0,0,1,0,0,9,10,E01007923,3,1,0,1,-1,0
2022440127182,2022,440127182,2,2,1,2,31,6,3,0,0,0,0,0,9,4,E01017277,-1,0,0,1,-1,0
2022421180505,2022,421180505,1,1,1,1,6,2,3,0,0,0,0,0,1,2,E01021370,3,1,0,1,-1,0
2022010407641,2022,010407641,1,1,1,1,49,8,3,0,0,0,0,0,8,5,E01002456,-1,0,0,1,-1,0
2022010377104,2022,010377104,1,1,3,1,60,9,2,1,1,0,0,0,0,3,E01003727,-1,0,1,0,-1,0
2022010402809,2022,010402809,1,1,3,1,5,1,3,4,3,0,0,0,0,4,E01003077,-1,0,0,1,-1,0
2022041183832,2022,041183832,1,4,2,2,24,5,3,0,0,2,0,0,9,1,E01025283,3,1,0,1,-1,0
2022070598969,2022,070598969,1,1,1,1,36,7,3,0,0,0,0,0,9,2,E01018739,-1,0,0.06765,0.93235,-1,0
2022101186745,2022,101186745,2,1,1,2,54,8,3,0,0,0,0,0,9,3,E01008350,3,1,0,1,-1,0
2022161164359,2022,161164359,2,1,1,2,51,8,3,0,0,0,0,0,9,7,E01013017,3,1,0,1,-1,0
2022201264891,2022,201264891,1,1,1,1,24,5,3,0,0,0,0,0,9,7,E01010121,3,1,0,1,-1,0
2022302200737,2022,302200737,3,1,1,2,42,7,3,0,0,0,0,0,9,1,E01013536,-1,0,0.00536,0.99464,-1,0
2022351176435,2022,351176435,2,2,1,1,59,9,3,0,0,0,0,0,9,6,E01018088,3,1,0,1,-1,0
2022361221947,2022,361221947,1,1,1,1,47,8,3,0,0,0,0,0,9,10,E01007923,3,1,0,1,-1,0
2022461181951,2022,461181951,2,1,1,1,33,6,3,0,0,0,0,0,9,2,E01016153,3,1,0,1,-1,0
2022991215689,2022,991215689,2,1,1,1,64,9,3,0,0,0,0,0,9,9,-1,3,1,0,1,-1,0
2022461226994,2022,461226994,2,1,1,1,38,7,2,0,0,0,0,0,33,3,E01016016,5,1,1,0,-1,1
2022010355464,2022,010355464,1,1,1,2,37,7,3,0,0,0,0,0,9,3,E01002781,-1,0,0,1,-1,0
2022010393664,2022,010393664,6,3,1,1,41,7,3,0,0,0,0,0,9,10,E01017841,-1,0,0,1,-1,0
2022041137889,2022,041137889,2,1,2,2,62,9,2,0,0,1,0,0,9,8,E01024948,7,1,1,0,-1,0
2022041183832,2022,041183832,1,2,1,1,27,6,3,0,0,0,0,0,9,2,E01025290,3,1,0,1,-1,0
2022041194521,2022,041194521,2,3,2,1,8,2,3,0,0,2,0,0,9,8,E01025089,3,1,0,1,-1,0
2022041217965,2022,041217965,2,3,2,1,23,5,3,0,0,2,0,0,9,-1,-1,3,1,0,1,-1,0
2022122200714,2022,122200714,2,1,1,1,40,7,3,0,0,0,0,0,9,9,E01013431,-1,0,0.02518,0.97482,-1,0
2022131161862,2022,131161862,1,1,1,1,30,6,3,0,0,0,0,0,9,3,E01011920,3,1,0,1,-1,0
2022161255641,2022,161255641,1,1,1,2,33,6,3,0,0,0,0,0,9,2,E01013131,3,1,0,1,-1,0
2022201248286,2022,201248286,1,1,1,2,31,6,3,0,0,0,0,0,9,3,E01008930,3,1,0,1,-1,0
2022201256594,2022,201256594,2,1,1,1,-1,-1,3,0,0,0,0,0,9,2,E01008897,3,1,0,1,-1,0
2022311246330,2022,311246330,1,1,1,2,84,11,3,0,0,0,0,0,9,10,E01028391,3,1,0,1,-1,0
202254D161922,2022,54D161922,2,2,1,2,41,7,3,0,0,0,0,0,9,8,E01031861,-1,0,0.00896,0.99104,-1,0
2022010381639,2022,010381639,1,1,1,2,51,8,3,0,0,0,0,0,3,5,E01023806,-1,0,0,1,-1,0
20225222BR532,2022,5222BR532,1,1,3,1,50,8,3,9,5,0,0,1,0,4,W01000746,-1,0,0.24415,0.75585,-1,0
2022302200370,2022,302200370,1,1,2,2,28,6,3,0,0,2,0,0,8,3,E01025950,-1,0,0.00523,0.99477,-1,0
2022430426355,2022,430426355,1,1,1,1,48,8,3,0,0,0,0,0,19,10,E01022744,-1,0,0.03565,0.96435,-1,0
2022461206746,2022,461206746,2,1,1,1,37,7,3,0,0,0,0,0,19,3,E01024396,3,1,0,1,-1,0
2022010361784,2022,010361784,1,1,3,2,64,9,3,1,9,0,0,0,0,7,E01032775,-1,0,0,1,-1,0
2022320143656,2022,320143656,1,1,3,1,22,5,2,9,5,0,0,1,0,10,E01026413,-1,0,1,0,-1,0
2022411154775,2022,411154775,1,1,3,1,26,6,2,6,9,0,0,1,0,5,E01002145,7,1,1,0,-1,0
2022471154259,2022,471154259,1,1,3,2,-1,-1,3,9,9,0,0,0,0,8,E01031778,3,1,0,1,-1,0
2022010385514,2022,010385514,2,1,1,1,53,8,2,0,0,0,0,0,3,5,E01023956,-1,0,1,0,-1,0
2022311141777,2022,311141777,1,1,1,1,29,6,2,0,0,0,0,0,3,-1,-1,7,1,1,0,-1,0
2022440274601,2022,440274601,2,1,1,1,20,4,2,0,0,0,0,0,3,7,E01029873,-1,0,0.93111,0.06889,-1,0
2022451211964,2022,451211964,2,1,1,1,43,7,3,0,0,0,0,0,5,8,E01004135,3,1,0,1,-1,0
2022010361073,2022,010361073,2,1,1,1,81,11,2,0,0,0,0,0,9,7,E01004508,-1,0,1,0,-1,0
2022122200126,2022,122200126,2,1,1,1,36,7,3,0,0,0,0,0,9,5,E01026034,-1,0,0.01609,0.98391,-1,0
2022141238422,2022,141238422,1,1,1,2,69,10,3,0,0,0,0,0,9,7,E01007605,3,1,0,1,-1,0
2022161265365,2022,161265365,2,1,1,1,32,6,3,0,0,0,0,0,9,-1,-1,3,1,0,1,-1,0
2022340WNC822,2022,340WNC822,2,3,2,2,64,9,3,0,0,2,0,0,9,2,E01004283,-1,0,0,1,-1,0
20225222SG485,2022,5222SG485,1,1,1,2,34,6,3,0,0,0,0,0,9,5,E01014886,-1,0,0.02127,0.97873,-1,0
2022471140206,2022,471140206,2,2,1,1,29,6,3,0,0,0,0,0,19,4,E01003389,3,1,0,1,-1,0
2022201270341,2022,201270341,1,1,3,1,22,5,3,5,3,0,0,2,0,3,E01009221,3,1,0,1,-1,0
2022371187011,2022,371187011,1,3,3,1,29,6,3,9,9,0,0,1,0,9,E01018124,3,1,0,1,-1,0
2022010396413,2022,010396413,2,1,1,1,30,6,3,0,0,0,0,0,1,5,E01004178,-1,0,0,1,-1,0
2022101175496,2022,101175496,2,1,1,1,41,7,2,0,0,0,0,0,1,9,E01020702,6,1,1,0,-1,0
2022141198798,2022,141198798,2,1,1,1,29,6,2,0,0,0,0,0,1,1,E01007901,7,1,1,0,-1,0
2022010359421,2022,010359421,2,1,1,1,49,8,3,0,0,0,0,0,3,6,E01002940,-1,0,0,1,-1,0
2022010396674,2022,010396674,1,1,1,2,28,6,3,0,0,0,0,0,3,3,E01002047,-1,0,0,1,-1,0
2022430289999,2022,430289999,2,1,2,2,55,8,3,0,0,0,0,0,5,9,E01023130,-1,0,0.05785,0.94215,-1,0
2022430355325,2022,430355325,2,1,2,1,17,4,2,0,0,0,0,0,5,2,E01016458,-1,0,1,0,-1,0
2022070549894,2022,070549894,1,1,1,1,35,6,3,0,0,0,0,0,9,8,E01012472,-1,0,0.03389,0.96611,-1,0
2022201151557,2022,201151557,2,1,1,2,40,7,3,0,0,0,0,0,9,-1,-1,3,1,0,1,-1,0
2022332200592,2022,332200592,2,1,1,2,32,6,3,0,0,0,0,0,9,4,E01025931,-1,0,0.00984,0.99016,-1,0
2022361133282,2022,361133282,2,1,1,2,48,8,3,0,0,0,0,0,9,6,E01026446,3,1,0,1,-1,0
2022440213546,2022,440213546,1,1,1,1,44,7,3,0,0,0,0,0,9,1,E01017236,-1,0,0,1,-1,0
2022471141854,2022,471141854,1,1,2,1,10,2,3,0,0,1,0,0,9,6,E01031579,3,1,0,1,-1,0
202260B008693,2022,60B008693,2,1,1,1,52,8,1,0,0,0,0,0,9,-1,-1,-1,0,0,0,-1,0
2022991253729,2022,991253729,2,2,2,2,16,4,3,0,0,2,0,0,9,1,-1,3,1,0,1,-1,0
2022131173495,2022,131173495,1,1,2,2,42,7,3,0,0,0,4,0,11,4,E01013941,3,1,0,1,-1,0
2022052201608,2022,052201608,1,9,2,2,76,11,3,0,0,0,4,0,11,8,E01012389,-1,0,0.06756,0.93244,-1,0
2022010396716,2022,010396716,4,4,2,2,7,2,3,0,0,1,0,0,9,6,E01002678,-1,0,0,1,-1,0
2022052200051,2022,052200051,2,2,2,1,15,3,3,0,0,1,0,0,9,7,E01006471,-1,0,0.02798,0.97202,-1,0
2022070628979,2022,070628979,1,1,1,2,36,7,3,0,0,0,0,0,9,5,E01018444,-1,0,0.02656,0.97344,-1,0
2022101162945,2022,101162945,2,2,2,1,44,7,3,0,0,1,0,0,9,-1,-1,3,1,0,1,-1,0
2022122200126,2022,122200126,1,4,2,2,38,7,3,0,0,2,0,0,9,1,E01012341,-1,0,0.05567,0.94433,-1,0
2022170S11322,2022,170S11322,2,1,1,1,40,7,3,0,0,0,0,0,9,-1,-1,-1,0,0.04774,0.95226,-1,0
202234WNC5282,2022,34WNC5282,2,1,1,2,37,7,3,0,0,0,0,0,9,7,E01015969,-1,0,0,1,-1,0
2022421148450,2022,421148450,1,1,1,2,34,6,2,0,0,0,0,0,9,6,E01033054,5,1,1,0,-1,0
2022430370220,2022,430370220,1,1,1,2,71,10,3,0,0,0,0,0,9,10,E01016316,-1,0,0.02251,0.97749,-1,0
2022501150778,2022,501150778,3,1,1,2,75,10,2,0,0,0,0,0,9,2,E01015026,5,1,1,0,-1,0
2022622200366,2022,622200366,1,2,2,2,12,3,3,0,0,2,0,0,9,9,W01001901,-1,0,0.03073,0.96927,-1,0
2022010406845,2022,010406845,1,1,1,1,50,8,2,0,0,0,0,0,1,10,E01003443,-1,0,1,0,-1,0
2022070314571,2022,070314571,2,1,1,1,35,6,3,0,0,0,0,0,1,9,E01018442,-1,0,0.13718,0.86282,-1,0
2022311188665,2022,311188665,1,1,1,1,29,6,3,0,0,0,0,0,3,-1,-1,3,1,0,1,-1,0
2022501233646,2022,501233646,1,1,1,1,52,8,3,0,0,0,0,0,3,9,E01015110,3,1,0,1,-1,0
2022131149201,2022,131149201,1,1,3,1,36,7,3,9,5,0,0,1,0,1,E01013298,3,1,0,1,-1,0
2022440295453,2022,440295453,2,1,1,1,43,7,3,0,0,0,0,0,19,3,E01023256,-1,0,0,1,-1,0
2022610034922,2022,610034922,1,1,1,1,30,6,2,0,0,1,0,0,19,4,W01001384,-1,0,1,0,-1,0
2022010355601,2022,010355601,1,1,3,1,30,6,3,5,2,0,0,0,0,6,E01000887,-1,0,0,1,-1,0
2022440364708,2022,440364708,1,1,3,1,13,3,3,5,3,0,0,0,0,7,E01023135,-1,0,0,1,-1,0
2022060059369,2022,060059369,1,1,1,1,60,9,3,0,0,0,0,0,1,10,E01006205,-1,0,0.32428,0.67572,-1,0
2022201279301,2022,201279301,2,1,1,1,21,5,3,0,0,0,0,0,1,2,E01010521,3,1,0,1,-1,0
2022991132226,2022,991132226,2,1,1,2,34,6,3,0,0,0,0,0,1,6,-1,3,1,0,1,-1,0
2022010355464,2022,010355464,1,2,2,2,9,2,3,0,0,2,0,0,9,3,E01002781,-1,0,0,1,-1,0
2022010396716,2022,010396716,3,2,1,1,74,10,3,0,0,0,0,0,9,5,E01001201,-1,0,0,1,-1,0
2022201269871,2022,201269871,2,1,2,2,32,6,3,0,0,1,0,0,9,4,E01010424,3,1,0,1,-1,0
2022221178817,2022,221178817,1,1,1,2,65,9,1,0,0,0,0,0,9,9,E01032323,1,1,0,0,-1,0
2022231173178,2022,231173178,2,1,1,1,78,11,3,0,0,0,0,0,9,7,E01031212,3,1,0,1,-1,0
2022302201013,2022,302201013,2,1,1,2,71,10,3,0,0,0,0,0,9,2,E01013598,-1,0,0.00442,0.99558,-1,0
2022320409283,2022,320409283,1,3,1,1,26,6,3,0,0,0,0,0,9,8,E01026918,-1,0,0.05783,0.94217,-1,0
2022320574180,2022,320574180,1,1,1,2,23,5,3,0,0,0,0,0,9,2,E01018078,-1,0,0.03283,0.96717,-1,0
2022421247698,2022,421247698,1,1,1,1,25,5,3,0,0,0,0,0,9,5,E01033719,3,1,0,1,-1,0
2022440514058,2022,440514058,3,2,1,1,40,7,3,0,0,0,0,0,9,10,E01022870,-1,0,0,1,-1,0
2022010385859,2022,010385859,1,1,3,1,31,6,3,6,9,0,0,1,0,9,E01016565,-1,0,0,1,-1,0
2022010366064,2022,010366064,2,1,1,-1,-1,-1,3,0,0,0,0,0,1,5,E01004383,-1,0,0,1,-1,0
2022131197416,2022,131197416,1,1,1,1,28,6,3,0,0,0,0,0,1,5,E01033015,3,1,0,1,-1,0
2022991258435,2022,991258435,1,2,2,1,38,7,2,0,0,2,0,0,8,7,-1,7,1,1,0,-1,0
2022010406354,2022,010406354,1,1,1,2,39,7,3,0,0,0,0,0,9,4,E01004525,-1,0,0,1,-1,0
2022041183832,2022,041183832,2,3,2,2,22,5,2,0,0,1,0,0,9,2,E01025274,6,1,1,0,-1,0
2022061212527,2022,061212527,3,1,1,2,19,4,2,0,0,0,0,0,9,8,E01011241,7,1,1,0,-1,0
2022201256386,2022,201256386,2,2,1,2,33,6,3,0,0,0,0,0,9,-1,-1,3,1,0,1,-1,0
2022361170101,2022,361170101,2,2,1,2,32,6,3,0,0,0,0,0,9,1,E01026798,3,1,0,1,-1,0
2022471161499,2022,471161499,1,1,1,2,24,5,3,0,0,0,0,0,9,3,E01031752,3,1,0,1,-1,0
2022201167974,2022,201167974,2,2,1,1,54,8,3,0,0,0,0,0,19,3,E01009865,3,1,0,1,-1,0
2022122200126,2022,122200126,1,5,1,2,31,6,3,0,0,0,0,0,9,2,E01012342,-1,0,0.05257,0.94743,-1,0
2022201273700,2022,201273700,1,1,1,1,31,6,3,0,0,0,0,0,9,2,E01033635,3,1,0,1,-1,0
2022320474543,2022,320474543,1,1,1,2,29,6,3,0,0,0,0,0,9,1,E01026126,-1,0,0.03616,0.96384,-1,0
2022361254189,2022,361254189,1,1,1,1,29,6,2,0,0,0,0,0,9,3,E01026652,6,1,1,0,-1,0
2022522300373,2022,522300373,2,2,2,1,45,7,3,0,0,1,0,0,9,5,E01033350,-1,0,0.0224,0.9776,-1,0
2022010402680,2022,010402680,1,1,1,1,44,7,3,0,0,0,0,0,1,7,E01000675,-1,0,0,1,-1,0
2022201261582,2022,201261582,2,1,1,1,37,7,2,0,0,0,0,0,1,-1,-1,7,1,1,0,-1,0
2022471132353,2022,471132353,1,2,1,1,23,5,3,0,0,0,0,0,3,4,E01016850,3,1,0,1,-1,0
2022052202320,2022,052202320,1,2,2,2,38,7,3,0,0,0,0,0,5,1,E01006908,-1,0,0.12248,0.87752,-1,0
2022471245518,2022,471245518,1,1,3,2,29,6,3,8,6,0,0,1,0,2,E01000796,3,1,0,1,-1,0
2022010356538,2022,010356538,1,1,3,2,64,9,2,9,9,0,0,0,0,3,E01003978,-1,0,1,0,-1,0
2022010376759,2022,010376759,1,1,1,1,31,6,3,0,0,0,0,0,1,2,E01001651,-1,0,0,1,-1,0
2022161227525,2022,161227525,2,1,1,2,36,7,3,0,0,0,0,0,1,2,E01012763,3,1,0,1,-1,0
2022010411928,2022,010411928,1,1,1,1,38,7,2,0,0,0,0,0,3,4,E01000591,-1,0,1,0,-1,0
2022531185672,2022,531185672,1,1,1,1,19,4,3,0,0,0,0,0,3,3,E01014145,3,1,0,1,-1,0
2022010363114,2022,010363114,1,1,1,1,44,7,3,0,0,0,0,0,8,3,E01003606,-1,0,0,1,-1,0
2022010416413,2022,010416413,1,1,2,2,-1,-1,3,0,0,1,0,0,9,-1,-1,-1,0,0,1,-1,0
2022061162008,2022,061162008,1,1,1,1,31,6,2,0,0,0,0,0,9,10,E01006084,7,1,1,0,-1,0
2022061175610,2022,061175610,2,1,1,2,54,8,3,0,0,0,0,0,9,6,E01005519,3,1,0,1,-1,0
2022161164359,2022,161164359,3,2,1,1,52,8,3,0,0,0,0,0,9,1,E01013000,3,1,0,1,-1,0
2022201267138,2022,201267138,1,1,1,1,47,8,3,0,0,0,0,0,9,5,E01009324,3,1,0,1,-1,0
2022440470224,2022,440470224,1,1,1,2,25,5,3,0,0,0,0,0,9,5,E01017338,-1,0,0,1,-1,0
2022501166619,2022,501166619,2,1,1,2,18,4,3,0,0,0,0,0,9,5,E01020324,3,1,0,1,-1,0
2022991208375,2022,991208375,1,1,1,2,55,8,3,0,0,0,0,0,9,8,-1,3,1,0,1,-1,0
2022991227018,2022,991227018,1,1,1,1,34,6,3,0,0,0,0,0,11,2,-1,3,1,0,1,-1,0
2022522204152,2022,522204152,1,1,1,1,34,6,2,0,0,0,0,0,33,7,E01014950,-1,0,1,0,-1,1
2022201153573,2022,201153573,1,1,3,1,32,6,2,4,1,0,0,0,0,-1,-1,7,1,1,0,-1,0
2022471231625,2022,471231625,2,1,1,1,27,6,3,0,0,0,0,0,1,6,E01016878,3,1,0,1,-1,0
2022531133526,2022,531133526,2,1,1,1,-1,-1,3,0,0,0,0,0,1,9,E01022357,3,1,0,1,-1,0
2022122300220,2022,122300220,2,1,1,1,19,4,2,0,0,0,0,0,3,9,E01013422,-1,0,1,0,-1,0
2022010366771,2022,010366771,2,2,1,1,41,7,3,0,0,0,0,0,9,10,E01016246,-1,0,0,1,-1,0
2022061235353,2022,061235353,2,1,2,1,9,2,3,0,0,2,0,0,9,1,E01005532,3,1,0,1,-1,0
2022101220543,2022,101220543,2,1,1,2,49,8,3,0,0,0,0,0,9,7,E01026340,3,1,0,1,-1,0
2022221144240,2022,221144240,2,1,1,1,23,5,3,0,0,0,0,0,9,10,E01014182,3,1,0,1,-1,0
2022221192863,2022,221192863,2,1,1,2,55,8,3,0,0,0,0,0,9,9,E01032207,3,1,0,1,-1,0
2022361139405,2022,361139405,3,2,1,1,26,6,2,0,0,0,0,0,9,7,E01026669,7,1,1,0,-1,0
2022371202701,2022,371202701,1,1,1,1,57,9,3,0,0,0,0,0,9,2,E01029938,3,1,0,1,-1,0
2022430457936,2022,430457936,4,3,1,1,37,7,3,0,0,0,0,0,9,-1,-1,-1,0,0.03375,0.96625,-1,0
2022440399185,2022,440399185,1,1,1,1,57,9,2,0,0,0,0,0,9,3,E01023058,-1,0,0.90284,0.09716,-1,0
2022451206504,2022,451206504,1,1,1,1,67,10,2,0,0,0,0,0,9,5,E01030494,5,1,1,0,-1,0
2022461239088,2022,461239088,2,1,2,2,34,6,3,0,0,2,0,0,9,2,E01024476,3,1,0,1,-1,0
20225222SE623,2022,5222SE623,1,1,1,2,84,11,3,0,0,0,0,0,9,5,E01029144,-1,0,0.28371,0.71629,-1,0
2022991186483,2022,991186483,1,2,1,2,53,8,2,0,0,0,0,0,9,6,-1,7,1,1,0,-1,0
2022991227018,2022,991227018,1,4,2,1,19,4,3,0,0,0,4,0,11,4,-1,3,1,0,1,-1,0
2022451229711,2022,451229711,1,1,2,2,16,4,2,0,0,0,0,0,19,7,E01024573,7,1,1,0,-1,0
2022461205720,2022,461205720,2,1,1,1,62,9,3,0,0,0,0,0,19,5,E01024565,3,1,0,1,-1,0
2022010383615,2022,010383615,1,1,1,1,18,4,3,0,0,0,0,0,1,8,E01001585,-1,0,0,1,-1,0
2022010366299,2022,010366299,1,2,1,1,26,6,3,0,0,0,0,0,3,3,E01000148,-1,0,0,1,-1,0
2022010397405,2022,010397405,1,1,1,1,24,5,3,0,0,0,0,0,3,-1,-1,-1,0,0,1,-1,0
2022531159994,2022,531159994,1,1,1,1,37,7,2,0,0,0,0,0,3,5,E01022441,6,1,1,0,-1,0
20225222BA241,2022,5222BA241,2,1,1,1,40,7,3,0,0,0,0,0,5,10,E01014990,-1,0,0.24551,0.75449,-1,0
2022131239962,2022,131239962,2,1,2,1,35,6,3,0,0,1,0,0,9,3,E01010793,3,1,0,1,-1,0
2022221148569,2022,221148569,2,2,2,2,29,6,2,0,0,1,0,0,9,9,E01032402,7,1,1,0,-1,0
2022231194156,2022,231194156,2,1,1,2,27,6,3,0,0,0,0,0,9,9,E01031161,3,1,0,1,-1,0
2022411243560,2022,411243560,2,1,1,1,51,8,3,0,0,0,0,0,9,5,E01023575,3,1,0,1,-1,0
2022471247602,2022,471247602,1,2,2,2,78,11,3,0,0,1,0,0,9,9,E01031339,3,1,0,1,-1,0
2022501165044,2022,501165044,1,1,1,1,38,7,1,0,0,0,0,0,9,-1,-1,1,1,0,0,-1,0
202254B054822,2022,54B054822,2,2,1,2,26,6,3,0,0,0,0,0,9,6,E01015579,-1,0,0.01504,0.98496,-1,0
2022991193150,2022,991193150,3,2,1,1,87,11,2,0,0,0,0,0,9,9,-1,6,1,1,0,-1,0
2022991204007,2022,991204007,2,1,1,1,31,6,2,0,0,0,0,0,9,2,-1,7,1,1,0,-1,0
2022010373872,2022,010373872,1,1,2,2,39,7,2,0,0,2,0,0,9,10,E01032761,-1,0,1,0,-1,0
2022131238114,2022,131238114,1,1,1,2,84,11,2,0,0,0,0,0,9,-1,-1,7,1,1,0,-1,0
2022421210830,2022,421210830,1,1,1,2,80,11,2,0,0,0,0,0,9,10,E01017897,5,1,1,0,-1,0
2022451140088,2022,451140088,2,1,1,2,42,7,3,0,0,0,0,0,9,9,E01030942,3,1,0,1,-1,0
2022991168261,2022,991168261,2,1,2,1,60,9,3,0,0,1,0,0,9,4,-1,3,1,0,1,-1,0
2022161187225,2022,161187225,2,1,1,1,25,5,3,0,0,0,0,0,3,1,E01012788,3,1,0,1,-1,0
2022221254447,2022,221254447,1,1,1,2,36,7,2,0,0,0,0,0,5,-1,-1,7,1,1,0,-1,0
2022471229154,2022,471229154,1,1,3,1,73,10,3,5,1,0,0,0,0,9,E01021168,3,1,0,1,-1,0
202260B109849,2022,60B109849,1,1,3,1,46,8,2,9,5,0,0,1,0,-1,-1,-1,0,1,0,-1,0
2022991200443,2022,991200443,1,1,3,2,53,8,2,5,3,0,0,0,0,1,-1,6,1,1,0,-1,0
2022010382133,2022,010382133,1,1,1,1,33,6,3,0,0,0,0,0,1,7,E01000117,-1,0,0,1,-1,0
2022101180315,2022,101180315,2,1,1,1,36,7,3,0,0,0,0,0,1,5,E01008741,3,1,0,1,-1,0
2022010367098,2022,010367098,1,1,1,2,44,7,3,0,0,0,0,0,9,3,E01029111,-1,0,0,1,-1,0
2022070051430,2022,070051430,2,1,1,2,60,9,3,0,0,0,0,0,9,-1,-1,-1,0,0.04299,0.95701,-1,0
2022201218249,2022,201218249,2,2,1,1,27,6,2,0,0,0,0,0,9,3,E01009883,7,1,1,0,-1,0
2022421166620,2022,421166620,2,3,2,1,3,1,3,0,0,2,0,0,9,-1,-1,3,1,0,1,-1,0
2022552201408,2022,552201408,1,1,1,2,36,7,3,0,0,0,0,0,9,2,E01015304,-1,0,0.03611,0.96389,-1,0
202263D040622,2022,63D040622,1,1,2,2,67,10,2,0,0,1,0,0,9,6,W01000595,-1,0,1,0,-1,0
2022010390420,2022,010390420,1,1,3,1,52,8,3,10,9,0,0,0,0,7,E01004742,-1,0,0,1,-1,0
2022010400501,2022,010400501,1,1,3,1,59,9,3,5,1,0,0,0,0,4,E01003095,-1,0,0,1,-1,0
2022041140073,2022,041140073,1,1,3,2,57,9,3,9,7,0,0,2,0,7,E01025279,3,1,0,1,-1,0
20225222SG372,2022,5222SG372,1,1,3,2,50,8,3,1,1,0,0,0,0,4,E01014991,-1,0,0.18616,0.81384,-1,0
2022991248521,2022,991248521,2,1,1,2,26,6,2,0,0,0,0,0,1,-1,-1,7,1,1,0,-1,0
2022010397800,2022,010397800,1,1,1,1,26,6,3,0,0,0,0,0,3,5,E01000636,-1,0,0,1,-1,0
2022311143178,2022,311143178,2,1,1,1,66,10,3,0,0,0,0,0,4,-1,-1,3,1,0,1,-1,0
2022031148596,2022,031148596,1,1,1,1,19,4,3,0,0,0,0,0,9,7,E01025123,3,1,0,1,-1,0
2022041250097,2022,041250097,2,1,1,2,50,8,3,0,0,0,0,0,9,8,E01025411,3,1,0,1,-1,0
2022101162945,2022,101162945,2,1,1,2,42,7,3,0,0,0,0,0,9,-1,-1,3,1,0,1,-1,0
2022131171838,2022,131171838,1,1,2,1,6,2,3,0,0,2,0,0,9,5,E01033015,3,1,0,1,-1,0
2022201299047,2022,201299047,2,2,1,1,23,5,3,0,0,0,0,0,9,4,E01009236,3,1,0,1,-1,0
2022302201135,2022,302201135,1,1,1,1,91,11,3,0,0,0,0,0,9,4,E01019560,-1,0,0.05039,0.94961,-1,0
2022340WNC822,2022,340WNC822,2,1,1,1,29,6,3,0,0,0,0,0,9,2,E01004283,-1,0,0,1,-1,0
2022430017277,2022,430017277,2,1,1,2,75,10,2,0,0,0,0,0,9,10,E01017703,-1,0,1,0,-1,0
2022430404161,2022,430404161,1,1,1,2,25,5,3,0,0,0,0,0,9,5,E01011793,-1,0,0.02094,0.97906,-1,0
2022440237211,2022,440237211,2,2,1,2,36,7,3,0,0,0,0,0,9,6,E01030896,-1,0,0,1,-1,0
2022440393867,2022,440393867,2,1,2,2,75,10,3,0,0,1,0,0,9,10,E01022794,-1,0,0,1,-1,0
2022991198445,2022,991198445,2,2,2,2,76,11,2,0,0,1,0,0,9,8,-1,7,1,1,0,-1,0
2022031150925,2022,031150925,1,4,2,1,30,6,3,0,0,0,0,0,20,4,E01032445,3,1,0,1,-1,0
2022161244413,2022,161244413,1,1,1,1,31,6,3,0,0,0,0,0,9,-1,-1,3,1,0,1,-1,0
2022401189687,2022,401189687,2,1,1,1,46,8,3,0,0,0,0,0,9,3,E01017536,3,1,0,1,-1,0
2022421151574,2022,421151574,2,1,1,2,47,8,3,0,0,0,0,0,9,7,E01021546,3,1,0,1,-1,0
2022471181843,2022,471181843,1,2,1,2,55,8,3,0,0,0,0,0,9,3,E01031548,3,1,0,1,-1,0
2022520300352,2022,520300352,1,1,1,1,82,11,3,0,0,0,0,0,9,7,E01020075,-1,0,0.2246,0.7754,-1,0
2022552200784,2022,552200784,2,1,1,1,33,6,3,0,0,0,0,0,9,-1,-1,-1,0,0.01544,0.98456,-1,0
2022991222645,2022,991222645,2,1,1,2,43,7,3,0,0,0,0,0,9,1,-1,3,1,0,1,-1,0
2022061221901,2022,061221901,2,1,1,1,36,7,3,0,0,0,0,0,1,5,E01006337,3,1,0,1,-1,0
2022070716180,2022,070716180,2,1,1,1,42,7,3,0,0,0,0,0,1,-1,-1,-1,0,0.11662,0.88338,-1,0
2022351228510,2022,351228510,2,1,1,2,18,4,3,0,0,0,0,0,97,5,E01018035,3,1,0,1,-1,0
2022332200389,2022,332200389,1,1,3,1,36,7,2,5,1,0,0,0,0,1,E01013693,-1,0,1,0,-1,0
202260B019418,2022,60B019418,1,1,3,1,23,5,3,6,9,0,0,1,0,-1,-1,-1,0,0.09724,0.90276,-1,0
2022991184818,2022,991184818,1,1,3,1,35,6,3,5,3,0,0,0,0,1,-1,3,1,0,1,-1,0
2022991238853,2022,991238853,1,1,3,1,51,8,2,8,3,0,0,2,0,-1,-1,5,1,1,0,-1,0
2022010382794,2022,010382794,2,1,1,1,36,7,2,0,0,0,0,0,1,6,E01032646,-1,0,1,0,-1,0
2022010389001,2022,010389001,1,1,1,-1,34,6,3,0,0,0,0,0,3,3,E01000586,-1,0,0,1,-1,0
2022010405327,2022,010405327,1,1,1,1,27,6,3,0,0,0,0,0,3,2,E01001250,-1,0,0,1,-1,0
2022471215822,2022,471215822,1,1,1,1,61,9,2,0,0,0,0,0,5,8,E01021163,7,1,1,0,-1,0
2022010393664,2022,010393664,1,1,1,1,71,10,3,0,0,0,0,0,9,5,E01000489,-1,0,0,1,-1,0
2022041167422,2022,041167422,2,3,2,1,8,2,3,0,0,1,0,0,9,7,E01025594,3,1,0,1,-1,0
2022131189546,2022,131189546,3,1,1,2,24,5,3,0,0,0,0,0,9,2,E01011126,3,1,0,1,-1,0
2022221218801,2022,221218801,2,1,1,1,19,4,3,0,0,0,0,0,9,9,E01029378,3,1,0,1,-1,0
2022430152020,2022,430152020,4,2,1,2,49,8,3,0,0,0,0,0,9,-1,-1,-1,0,0.00978,0.99022,-1,0
2022461222136,2022,461222136,2,1,2,2,24,5,3,0,0,1,0,0,9,8,E01032819,3,1,0,1,-1,0
2022501165044,2022,501165044,1,4,2,2,44,7,1,0,0,1,0,0,9,3,E01018942,1,1,0,0,-1,0
2022041257079,2022,041257079,1,1,1,1,64,9,3,0,0,0,0,0,90,3,-1,3,1,0,1,-1,0
2022010374518,2022,010374518,1,1,1,2,56,9,3,0,0,0,0,0,1,6,E01003273,-1,0,0,1,-1,0
2022010376258,2022,010376258,1,1,1,2,24,5,3,0,0,0,0,0,9,8,E01004514,-1,0,0,1,-1,0
2022031209340,2022,031209340,1,4,2,2,61,9,2,0,0,1,0,0,9,-1,-1,7,1,1,0,-1,0
2022061238999,2022,061238999,2,1,2,2,59,9,3,0,0,1,0,0,9,8,E01024920,3,1,0,1,-1,0
2022070011617,2022,070011617,3,3,1,2,36,7,3,0,0,0,0,0,9,6,E01018380,-1,0,0.01246,0.98754,-1,0
2022170L10732,2022,170L10732,1,1,1,1,23,5,3,0,0,0,0,0,9,2,E01012165,-1,0,0.01112,0.98888,-1,0
2022201271824,2022,201271824,1,1,1,2,45,7,3,0,0,0,0,0,9,1,E01010433,3,1,0,1,-1,0
2022201274647,2022,201274647,1,2,2,2,37,7,3,0,0,1,0,0,9,1,E01010032,3,1,0,1,-1,0
2022231185162,2022,231185162,2,1,1,1,30,6,3,0,0,0,0,0,9,6,E01026991,3,1,0,1,-1,0
2022430140908,2022,430140908,4,1,1,2,27,6,2,0,0,0,0,0,9,8,E01027000,-1,0,1,0,-1,0
2022461143186,2022,461143186,1,1,1,1,57,9,3,0,0,0,0,0,9,4,E01024258,3,1,0,1,-1,0
2022461143186,2022,461143186,2,2,1,1,52,8,3,0,0,0,0,0,9,10,E01024467,3,1,0,1,-1,0
2022461256787,2022,461256787,1,1,1,1,41,7,2,0,0,0,0,0,9,6,E01016125,7,1,1,0,-1,0
2022501230660,2022,501230660,1,1,1,2,57,9,3,0,0,0,0,0,9,2,E01015218,3,1,0,1,-1,0
2022052201608,2022,052201608,1,5,2,2,60,9,3,0,0,0,4,0,11,1,E01006771,-1,0,0.04781,0.95219,-1,0
2022010354435,2022,010354435,1,1,3,1,31,6,3,9,9,0,0,2,0,7,E01024141,-1,0,0,1,-1,0
2022471253206,2022,471253206,1,1,3,1,47,8,3,5,9,0,0,0,0,8,E01031655,3,1,0,1,-1,0
2022991186232,2022,991186232,2,1,1,1,16,4,2,0,0,0,0,0,1,1,-1,7,1,1,0,-1,0
2022010404089,2022,010404089,1,1,1,1,17,4,3,0,0,0,0,0,3,7,E01000668,-1,0,0,1,-1,0
2022010355638,2022,010355638,2,1,1,1,54,8,3,0,0,0,0,0,4,3,E01002770,-1,0,0,1,-1,0
202260B026399,2022,60B026399,1,1,1,1,35,6,2,0,0,0,0,0,5,-1,-1,-1,0,1,0,-1,0
2022010358147,2022,010358147,3,2,1,1,33,6,3,0,0,0,0,0,9,7,E01023492,-1,0,0,1,-1,0
2022010379309,2022,010379309,1,2,2,2,-1,-1,2,0,0,1,0,0,9,4,E01002224,-1,0,1,0,-1,0
2022031150925,2022,031150925,2,3,2,1,30,6,2,0,0,1,0,0,9,2,E01005487,6,1,1,0,-1,0
2022041214279,2022,041214279,2,1,2,2,6,2,3,0,0,1,0,0,9,6,E01025458,3,1,0,1,-1,0
2022041224305,2022,041224305,2,1,2,2,61,9,3,0,0,1,0,0,9,8,E01004778,3,1,0,1,-1,0
2022041230997,2022,041230997,2,2,1,2,54,8,3,0,0,0,0,0,9,1,E01012749,3,1,0,1,-1,0
2022201142038,2022,201142038,1,1,2,2,57,9,2,0,0,1,0,0,9,9,E01010168,5,1,1,0,-1,0
2022231269136,2022,231269136,2,2,2,2,3,1,3,0,0,2,0,0,9,7,E01009442,3,1,0,1,-1,0
2022332200043,2022,332200043,2,2,1,1,29,6,3,0,0,0,0,0,9,1,E01013622,-1,0,0.00978,0.99022,-1,0
2022440345271,2022,440345271,1,1,1,1,30,6,3,0,0,0,0,0,9,9,E01030900,-1,0,0,1,-1,0
2022461235011,2022,461235011,2,1,1,2,39,7,3,0,0,0,0,0,9,5,E01016034,3,1,0,1,-1,0
2022471167827,2022,471167827,1,5,2,2,36,7,3,0,0,2,0,0,9,1,E01016947,3,1,0,1,-1,0
2022471167827,2022,471167827,1,2,1,1,33,6,3,0,0,0,0,0,9,4,E01016966,3,1,0,1,-1,0
2022501208047,2022,501208047,2,2,2,2,-1,-1,3,0,0,1,0,0,9,4,E01018844,3,1,0,1,-1,0
2022991216349,2022,991216349,1,1,1,2,30,6,3,0,0,0,0,0,9,2,-1,3,1,0,1,-1,0
2022991248616,2022,991248616,1,1,2,2,34,6,3,0,0,1,0,0,9,7,-1,3,1,0,1,-1,0
2022371245664,2022,371245664,2,1,1,1,29,6,3,0,0,0,0,0,19,8,E01026839,3,1,0,1,-1,0
2022991149934,2022,991149934,2,1,1,2,28,6,3,0,0,0,0,0,19,-1,-1,3,1,0,1,-1,0
2022141129742,2022,141129742,2,1,1,1,35,6,3,0,0,0,0,0,90,2,E01011852,3,1,0,1,-1,0
2022010400405,2022,010400405,2,1,1,1,25,5,2,0,0,0,0,0,1,10,E01003464,-1,0,1,0,-1,0
2022471179124,2022,471179124,1,1,1,1,19,4,3,0,0,0,0,0,4,7,E01021236,3,1,0,1,-1,0
2022031209340,2022,031209340,1,5,2,1,9,2,3,0,0,2,0,0,9,7,E01019344,3,1,0,1,-1,0
2022302201086,2022,302201086,1,1,1,1,19,4,3,0,0,0,0,0,9,2,E01019863,-1,0,0.03169,0.96831,-1,0
2022430084595,2022,430084595,2,1,1,1,42,7,3,0,0,0,0,0,9,9,E01032950,-1,0,0.00978,0.99022,-1,0
2022430202542,2022,430202542,1,1,1,1,17,4,3,0,0,0,0,0,9,9,E01028439,-1,0,0.02987,0.97013,-1,0
202263D092722,2022,63D092722,1,1,1,2,33,6,3,0,0,0,0,0,9,8,W01000444,-1,0,0.07371,0.92629,-1,0
2022991194894,2022,991194894,1,1,1,2,72,10,3,0,0,0,0,0,9,10,-1,3,1,0,1,-1,0
2022991235269,2022,991235269,1,1,1,1,41,7,3,0,0,0,0,0,9,-1,-1,3,1,0,1,-1,0
2022010411279,2022,010411279,1,1,2,2,90,11,2,0,0,0,3,0,11,8,E01003710,-1,0,1,0,-1,0
2022401229047,2022,401229047,2,1,1,1,48,8,3,0,0,0,0,0,19,10,E01016796,3,1,0,1,-1,0
2022010415061,2022,010415061,2,1,1,1,47,8,3,0,0,0,0,0,9,4,E01004376,-1,0,0,1,-1,0
2022101190439,2022,101190439,1,1,1,1,25,5,3,0,0,0,0,0,9,3,E01008537,3,1,0,1,-1,0
2022421139969,2022,421139969,2,3,2,2,50,8,3,0,0,1,0,0,9,3,E01016043,3,1,0,1,-1,0
2022010399654,2022,010399654,1,1,1,1,57,9,3,0,0,0,0,0,1,5,E01002214,-1,0,0,1,-1,0
2022991166453,2022,991166453,1,1,1,1,21,5,2,0,0,0,0,0,3,3,-1,7,1,1,0,-1,0
2022141249893,2022,141249893,1,1,3,1,21,5,3,9,9,0,0,1,0,1,E01007597,3,1,0,1,-1,0
202263A104322,2022,63A104322,1,1,3,1,22,5,3,9,5,0,0,1,0,5,W01000717,-1,0,0.14269,0.85731,-1,0
2022031211108,2022,031211108,2,1,1,1,31,6,2,0,0,0,0,0,1,-1,-1,6,1,1,0,-1,0
2022161226976,2022,161226976,2,1,1,1,51,8,3,0,0,0,0,0,1,1,E01012857,3,1,0,1,-1,0
2022471177789,2022,471177789,1,1,1,1,21,5,3,0,0,0,0,0,3,9,E01031753,3,1,0,1,-1,0
2022010366771,2022,010366771,3,3,1,1,33,6,3,0,0,0,0,0,9,-1,-1,-1,0,0,1,-1,0
2022010413713,2022,010413713,1,1,2,2,22,5,3,0,0,2,0,0,9,-1,-1,-1,0,0,1,-1,0
2022070011617,2022,070011617,2,2,1,2,31,6,3,0,0,0,0,0,9,9,W01000042,-1,0,0.01573,0.98427,-1,0
2022070598969,2022,070598969,2,2,1,2,75,10,3,0,0,0,0,0,9,3,E01018729,-1,0,0.03244,0.96756,-1,0
2022211244139,2022,211244139,2,2,2,2,20,4,3,0,0,1,0,0,9,2,E01029350,3,1,0,1,-1,0
202234NNC1622,2022,34NNC1622,2,1,1,2,34,6,3,0,0,0,0,0,9,-1,-1,-1,0,0,1,-1,0
2022351210403,2022,351210403,1,1,1,1,40,7,3,0,0,0,0,0,9,4,E01015621,3,1,0,1,-1,0
2022991155633,2022,991155633,2,1,1,1,19,4,3,0,0,0,0,0,9,8,-1,3,1,0,1,-1,0
2022122200354,2022,122200354,1,1,1,1,47,8,2,0,0,0,0,0,21,2,E01013947,-1,0,1,0,-1,0
202263A019322,2022,63A019322,1,1,3,2,39,7,2,8,9,0,0,1,0,-1,-1,-1,0,1,0,-1,0
2022010361703,2022,010361703,1,1,1,2,36,7,3,0,0,0,0,0,1,3,E01003387,-1,0,0,1,-1,0
2022010393174,2022,010393174,2,1,1,1,39,7,2,0,0,0,0,0,1,7,E01003370,-1,0,1,0,-1,0
2022010406583,2022,010406583,1,1,1,1,29,6,3,0,0,0,0,0,1,6,E01000778,-1,0,0,1,-1,0
2022122201202,2022,122201202,2,1,1,2,36,7,3,0,0,0,0,0,1,10,E01013060,-1,0,0.12175,0.87825,-1,0
2022010384835,2022,010384835,1,4,2,2,10,2,3,0,0,2,0,0,9,4,E01002236,-1,0,0,1,-1,0
2022031209340,2022,031209340,1,3,1,1,69,10,3,0,0,0,0,0,9,10,E01019355,3,1,0,1,-1,0
2022041230997,2022,041230997,1,1,1,1,26,6,3,0,0,0,0,0,9,8,E01025602,3,1,0,1,-1,0
2022070055078,2022,070055078,2,2,1,2,40,7,3,0,0,0,0,0,9,7,E01018592,-1,0,0.03439,0.96561,-1,0
2022070911881,2022,070911881,2,2,1,2,53,8,3,0,0,0,0,0,9,5,E01012468,-1,0,0.02105,0.97895,-1,0
2022201271725,2022,201271725,2,2,1,1,19,4,3,0,0,0,0,0,9,7,E01008949,3,1,0,1,-1,0
2022351187311,2022,351187311,3,2,1,2,37,7,3,0,0,0,0,0,9,10,E01018122,3,1,0,1,-1,0
2022421169928,2022,421169928,1,2,1,1,31,6,3,0,0,0,0,0,9,8,E01021607,3,1,0,1,-1,0
2022430173971,2022,430173971,1,1,1,2,29,6,2,0,0,0,0,0,9,8,E01032758,-1,0,1,0,-1,0
2022991132646,2022,991132646,2,4,2,2,28,6,3,0,0,1,0,0,9,-1,-1,3,1,0,1,-1,0
2022010391294,2022,010391294,1,1,1,1,47,8,3,0,0,0,0,0,10,3,E01003521,-1,0,0,1,-1,0
2022471140206,2022,471140206,1,1,1,2,37,7,3,0,0,0,0,0,9,7,E01021032,3,1,0,1,-1,0
2022010397249,2022,010397249,2,1,1,2,55,8,2,0,0,0,0,0,1,2,E01032569,-1,0,1,0,-1,0
2022010381419,2022,010381419,1,1,3,1,59,9,3,9,9,0,0,1,0,3,E01030952,-1,0,0,1,-1,0
2022010386063,2022,010386063,1,2,3,1,74,10,3,5,3,0,0,0,0,10,E01023551,-1,0,0,1,-1,0
2022401140083,2022,401140083,1,2,3,2,64,9,3,8,1,0,0,0,0,5,E01015739,3,1,0,1,-1,0
2022010384835,2022,010384835,1,3,2,1,11,3,3,0,0,2,0,0,9,9,E01002483,-1,0,0,1,-1,0
2022010407881,2022,010407881,1,1,1,1,36,7,3,0,0,0,0,0,9,6,E01000232,-1,0,0,1,-1,0
2022231159842,2022,231159842,2,3,2,2,27,6,3,0,0,1,0,0,9,3,E01031053,3,1,0,1,-1,0
2022231233743,2022,231233743,2,1,1,2,30,6,3,0,0,0,0,0,9,4,E01031231,3,1,0,1,-1,0
2022302202097,2022,302202097,2,1,1,1,64,9,3,0,0,0,0,0,9,7,E01019718,-1,0,0.02547,0.97453,-1,0
2022320409283,2022,320409283,2,2,1,1,33,6,3,0,0,0,0,0,9,8,E01019476,-1,0,0.01874,0.98126,-1,0
2022421149787,2022,421149787,2,1,1,1,18,4,3,0,0,0,0,0,9,5,E01015985,3,1,0,1,-1,0
2022010402797,2022,010402797,2,1,1,2,46,8,3,0,0,0,0,0,1,1,E01004040,-1,0,0,1,-1,0
2022010407904,2022,010407904,2,1,1,1,32,6,2,0,0,0,0,0,1,2,E01001328,-1,0,1,0,-1,0
2022010372647,2022,010372647,1,1,1,1,28,6,3,0,0,0,0,0,3,4,E01000134,-1,0,0,1,-1,0
2022041251948,2022,041251948,2,2,1,1,46,8,3,0,0,0,0,0,19,5,E01025271,3,1,0,1,-1,0
2022010354130,2022,010354130,2,2,1,1,49,8,2,0,0,0,0,0,9,8,E01030734,-1,0,1,0,-1,0
2022031150925,2022,031150925,2,5,2,1,43,7,1,0,0,2,0,0,9,2,E01005487,1,1,0,0,-1,0
2022031151586,2022,031151586,4,3,1,2,18,4,3,0,0,0,0,0,9,6,E01019084,3,1,0,1,-1,0
2022111185005,2022,111185005,2,1,1,2,48,8,3,0,0,0,0,0,9,2,E01020615,3,1,0,1,-1,0
2022131189072,2022,131189072,2,1,1,1,35,6,2,0,0,0,0,0,9,2,E01011448,7,1,1,0,-1,0
2022170S11482,2022,170S11482,1,2,2,2,6,2,3,0,0,2,0,0,9,9,E01033480,-1,0,0.00962,0.99038,-1,0
2022201276361,2022,201276361,2,1,2,2,40,7,3,0,0,1,0,0,9,-1,-1,3,1,0,1,-1,0
2022221195514,2022,221195514,1,1,1,2,63,9,3,0,0,0,0,0,9,9,E01032335,3,1,0,1,-1,0
2022461245316,2022,461245316,2,1,1,2,28,6,3,0,0,0,0,0,9,10,E01032826,3,1,0,1,-1,0
2022501165044,2022,501165044,4,2,1,1,55,8,3,0,0,0,0,0,9,6,E01019035,3,1,0,1,-1,0
202263C098422,2022,63C098422,1,1,1,1,75,10,3,0,0,0,0,0,9,7,W01000578,-1,0,0.08318,0.91682,-1,0
2022991257859,2022,991257859,2,2,1,1,23,5,2,0,0,0,0,0,9,1,-1,7,1,1,0,-1,0
2022010412134,2022,010412134,2,1,1,1,48,8,3,0,0,0,0,0,1,3,E01003969,-1,0,0,1,-1,0
2022501217533,2022,501217533,1,1,1,1,73,10,3,0,0,0,0,0,1,2,E01015259,3,1,0,1,-1,0
2022161163415,2022,161163415,1,3,2,2,15,3,2,0,0,0,0,0,21,4,E01027928,7,1,1,0,-1,0
2022010386796,2022,010386796,2,1,1,1,39,7,3,0,0,0,0,0,3,2,E01002637,-1,0,0,1,-1,0
2022010393514,2022,010393514,2,1,1,1,23,5,3,0,0,0,0,0,3,3,E01000044,-1,0,0,1,-1,0
2022302200713,2022,302200713,1,1,1,1,61,9,3,0,0,0,0,0,4,4,E01011087,-1,0,0.05389,0.94611,-1,0
2022401197192,2022,401197192,2,1,1,1,44,7,3,0,0,0,0,0,33,2,E01015774,3,1,0,1,-1,1
2022201229488,2022,201229488,2,1,1,1,33,6,3,0,0,0,0,0,19,4,E01010259,3,1,0,1,-1,0
2022451135301,2022,451135301,1,1,1,1,39,7,3,0,0,0,0,0,19,9,E01022654,3,1,0,1,-1,0
2022010357372,2022,010357372,1,2,2,-1,0,1,3,0,0,2,0,0,9,3,E01001186,-1,0,0,1,-1,0
2022010390135,2022,010390135,1,2,2,2,21,5,3,0,0,1,0,0,9,3,E01003105,-1,0,0,1,-1,0
2022041246038,2022,041246038,1,1,1,1,19,4,3,0,0,0,0,0,9,8,E01025280,3,1,0,1,-1,0
2022061141751,2022,061141751,2,1,1,2,27,6,3,0,0,0,0,0,9,8,E01006318,3,1,0,1,-1,0
2022131177821,2022,131177821,1,1,1,1,74,10,2,0,0,0,0,0,9,4,E01010652,7,1,1,0,-1,0
2022141183890,2022,141183890,2,2,1,1,22,5,3,0,0,0,0,0,9,-1,-1,3,1,0,1,-1,0
2022161169085,2022,161169085,1,1,2,1,86,11,3,0,0,1,0,0,9,6,E01012941,3,1,0,1,-1,0
2022622300038,2022,622300038,2,4,2,1,8,2,3,0,0,2,0,0,9,5,W01001186,-1,0,0.01358,0.98642,-1,0
2022231259498,2022,231259498,1,1,1,1,65,9,2,0,0,0,0,0,5,5,E01033256,6,1,1,0,-1,0
2022501238064,2022,501238064,1,1,3,1,28,6,3,6,9,0,0,1,0,2,E01020211,3,1,0,1,-1,0
2022991308525,2022,991308525,1,1,3,1,22,5,3,9,5,0,0,2,0,-1,-1,3,1,0,1,-1,0
2022141138528,2022,141138528,2,3,2,1,30,6,2,0,0,0,0,0,19,-1,-1,6,1,1,0,-1,0
2022010376177,2022,010376177,1,1,3,2,36,7,2,5,9,0,0,1,0,2,E01004197,-1,0,1,0,-1,0
2022010378072,2022,010378072,1,1,3,1,26,6,2,4,1,0,0,0,0,6,E01004583,-1,0,1,0,-1,0
2022010398044,2022,010398044,1,1,3,2,60,9,2,1,1,0,0,0,0,6,E01000407,-1,0,1,0,-1,0
2022101191565,2022,101191565,1,1,3,1,48,8,3,9,9,0,0,1,0,2,E01033074,3,1,0,1,-1,0
2022010383971,2022,010383971,2,1,1,1,34,6,2,0,0,0,0,0,1,2,E01000901,-1,0,1,0,-1,0
2022161193119,2022,161193119,2,1,1,1,38,7,3,0,0,0,0,0,4,5,E01013001,3,1,0,1,-1,0
2022010388499,2022,010388499,1,1,1,1,51,8,2,0,0,0,0,0,5,7,E01000710,-1,0,1,0,-1,0
2022991132646,2022,991132646,3,2,1,2,60,9,3,0,0,0,0,0,8,3,-1,3,1,0,1,-1,0
2022010412732,2022,010412732,1,2,2,2,52,8,3,0,0,1,0,0,9,3,E01002701,-1,0,0,1,-1,0
2022141186836,2022,141186836,2,2,1,1,62,9,3,0,0,0,0,0,9,-1,-1,3,1,0,1,-1,0
2022201143571,2022,201143571,2,3,2,1,43,7,3,0,0,1,0,0,9,2,E01010343,3,1,0,1,-1,0
2022201268659,2022,201268659,2,1,1,1,44,7,3,0,0,0,0,0,9,2,E01009405,3,1,0,1,-1,0
2022332200318,2022,332200318,2,1,1,2,77,11,3,0,0,0,0,0,9,7,E01031068,-1,0,0.0288,0.9712,-1,0
2022371210629,2022,371210629,3,1,1,1,19,4,3,0,0,0,0,0,9,7,E01030155,3,1,0,1,-1,0
2022451231122,2022,451231122,1,2,2,1,19,4,3,0,0,2,0,0,9,9,E01030731,3,1,0,1,-1,0
202263D036222,2022,63D036222,1,1,1,1,80,11,3,0,0,0,0,0,9,9,W01001903,-1,0,0.13061,0.86939,-1,0
2022991147756,2022,991147756,1,1,1,2,24,5,2,0,0,0,0,0,9,7,-1,7,1,1,0,-1,0
2022522300231,2022,522300231,2,1,1,2,24,5,3,0,0,0,0,0,33,10,E01014666,-1,0,0.16882,0.83118,-1,1
2022010406396,2022,010406396,1,1,2,1,35,6,3,0,0,0,3,0,11,4,E01002231,-1,0,0,1,-1,0
2022052201608,2022,052201608,1,2,2,2,87,11,3,0,0,0,4,0,11,1,E01006861,-1,0,0.08606,0.91394,-1,0
2022010367304,2022,010367304,1,1,1,2,36,7,3,0,0,0,0,0,9,5,E01001866,-1,0,0,1,-1,0
2022010415581,2022,010415581,1,1,2,-1,-1,-1,3,0,0,2,0,0,9,2,E01004323,-1,0,0,1,-1,0
2022031151586,2022,031151586,1,1,1,1,66,10,2,0,0,0,0,0,9,-1,-1,5,1,1,0,-1,0
2022041196657,2022,041196657,2,1,2,2,60,9,3,0,0,1,0,0,9,9,E01024918,3,1,0,1,-1,0
2022221187121,2022,221187121,2,1,1,2,54,8,3,0,0,0,0,0,9,9,E01032413,3,1,0,1,-1,0
2022302200790,2022,302200790,1,1,1,1,26,6,3,0,0,0,0,0,9,1,E01013479,-1,0,0.03395,0.96605,-1,0
2022361258477,2022,361258477,2,2,2,2,57,9,3,0,0,1,0,0,9,10,E01026521,3,1,0,1,-1,0
2022371208039,2022,371208039,1,1,2,1,22,5,3,0,0,-1,0,0,9,9,E01026908,3,1,0,1,-1,0
2022131247686,2022,131247686,2,1,3,1,29,6,2,5,9,0,0,2,0,1,E01011332,6,1,1,0,-1,0
202260B005468,2022,60B005468,1,1,3,1,27,6,3,10,9,0,0,1,0,-1,-1,-1,0,0.08108,0.91892,-1,0
2022991149934,2022,991149934,2,3,2,1,32,6,3,0,0,0,0,0,19,-1,-1,3,1,0,1,-1,0
2022010391113,2022,010391113,1,1,3,2,70,10,3,5,2,0,0,0,0,9,E01004604,-1,0,0,1,-1,0
2022991211040,2022,991211040,1,1,3,1,14,3,2,8,4,0,0,0,0,1,-1,7,1,1,0,-1,0
2022010354130,2022,010354130,1,1,1,2,37,7,3,0,0,0,0,0,9,7,E01003839,-1,0,0,1,-1,0
2022010413044,2022,010413044,1,1,1,1,24,5,3,0,0,0,0,0,9,5,E01000467,-1,0,0,1,-1,0
2022041209413,2022,041209413,2,1,2,2,42,7,3,0,0,2,0,0,9,1,E01010095,3,1,0,1,-1,0
2022131147431,2022,131147431,1,1,2,1,8,2,3,0,0,2,0,0,9,4,E01011727,3,1,0,1,-1,0
2022201245772,2022,201245772,1,1,1,1,58,9,3,0,0,0,0,0,9,2,E01008999,3,1,0,1,-1,0
202234WNC5282,2022,34WNC5282,2,2,2,2,34,6,3,0,0,1,0,0,9,-1,-1,-1,0,0,1,-1,0
2022351176435,2022,351176435,1,1,1,2,41,7,3,0,0,0,0,0,9,6,E01026239,3,1,0,1,-1,0
2022361190125,2022,361190125,1,1,1,1,29,6,3,0,0,0,0,0,9,5,E01023773,3,1,0,1,-1,0
2022430290920,2022,430290920,1,1,2,2,27,6,3,0,0,1,0,0,9,-1,-1,-1,0,0.03006,0.96994,-1,0
2022440083343,2022,440083343,2,3,2,2,29,6,3,0,0,1,0,0,9,7,E01023198,-1,0,0,1,-1,0
2022041217965,2022,041217965,1,5,2,1,24,5,2,0,0,0,0,0,19,3,E01012623,7,1,1,0,-1,0
2022061187600,2022,061187600,1,1,3,2,38,7,3,7,1,0,0,-1,0,4,E01005821,3,1,0,1,-1,0
2022131169958,2022,131169958,1,1,3,1,11,3,3,1,1,0,0,1,0,2,E01011230,3,1,0,1,-1,0
2022010377182,2022,010377182,1,1,1,2,56,9,3,0,0,0,0,0,1,6,E01001387,-1,0,0,1,-1,0
2022010413874,2022,010413874,1,1,1,1,56,9,3,0,0,0,0,0,9,7,E01002111,-1,0,0,1,-1,0
2022010417686,2022,010417686,1,1,1,2,48,8,3,0,0,0,0,0,9,5,E01003878,-1,0,0,1,-1,0
2022041183429,2022,041183429,1,1,2,2,71,10,2,0,0,1,0,0,9,5,-1,7,1,1,0,-1,0
2022041217965,2022,041217965,2,2,2,1,23,5,3,0,0,2,0,0,9,6,E01012914,3,1,0,1,-1,0
2022141138127,2022,141138127,2,2,2,2,6,2,3,0,0,2,0,0,9,6,E01007649,3,1,0,1,-1,0
2022201254055,2022,201254055,2,1,1,2,-1,-1,3,0,0,0,0,0,9,7,E01009318,3,1,0,1,-1,0
2022211147952,2022,211147952,1,1,1,1,27,6,2,0,0,0,0,0,9,-1,-1,5,1,1,0,-1,0
2022221176668,2022,221176668,2,2,2,1,37,7,3,0,0,1,0,0,9,1,E01009160,3,1,0,1,-1,0
2022471215939,2022,471215939,2,1,1,1,34,6,2,0,0,0,0,0,9,9,E01031582,7,1,1,0,-1,0
2022421241179,2022,421241179,2,1,1,1,21,5,3,0,0,0,0,0,19,4,E01021260,3,1,0,1,-1,0
2022141213286,2022,141213286,2,1,1,1,39,7,2,0,0,0,0,0,97,7,E01007972,7,1,1,0,-1,0
2022010406068,2022,010406068,1,1,1,1,21,5,3,0,0,0,0,0,9,4,E01015996,-1,0,0,1,-1,0
2022041244263,2022,041244263,3,2,1,1,29,6,3,0,0,0,0,0,9,2,E01005461,3,1,0,1,-1,0
2022161128742,2022,161128742,1,1,2,2,25,5,3,0,0,2,0,0,9,4,E01012828,3,1,0,1,-1,0
2022201273086,2022,201273086,1,1,1,2,42,7,3,0,0,0,0,0,9,4,E01029838,3,1,0,1,-1,0
2022361139405,2022,361139405,2,1,1,1,18,4,3,0,0,0,0,0,9,6,E01026424,3,1,0,1,-1,0
2022421139969,2022,421139969,2,2,1,1,25,5,3,0,0,0,0,0,9,5,E01016165,3,1,0,1,-1,0
2022010373220,2022,010373220,1,1,1,1,43,7,3,0,0,0,0,0,1,10,E01004478,-1,0,0,1,-1,0
2022010377274,2022,010377274,1,1,1,1,37,7,3,0,0,0,0,0,1,3,E01003615,-1,0,0,1,-1,0
2022010379900,2022,010379900,1,1,1,1,42,7,3,0,0,0,0,0,1,6,E01003219,-1,0,0,1,-1,0
2022131217238,2022,131217238,2,1,1,1,28,6,3,0,0,0,0,0,1,1,E01011337,3,1,0,1,-1,0
2022332200067,2022,332200067,1,1,1,1,27,6,3,0,0,0,0,0,3,6,E01025756,-1,0,0.06069,0.93931,-1,0
2022221204727,2022,221204727,1,2,2,2,40,7,3,0,0,0,0,0,5,8,E01022432,3,1,0,1,-1,0
2022552201444,2022,552201444,1,1,3,1,54,8,1,9,5,0,0,1,0,6,E01020443,-1,0,0,0,-1,0
2022010403245,2022,010403245,1,1,1,2,35,6,3,0,0,0,0,0,9,6,E01002295,-1,0,0,1,-1,0
2022041166935,2022,041166935,2,1,2,2,14,3,3,0,0,2,0,0,9,4,E01025172,3,1,0,1,-1,0
2022041246038,2022,041246038,2,2,1,1,33,6,3,0,0,0,0,0,9,1,E01025260,3,1,0,1,-1,0
2022041250082,2022,041250082,2,1,2,2,21,5,3,0,0,1,0,0,9,4,E01025309,3,1,0,1,-1,0
2022131160332,2022,131160332,2,1,1,1,33,6,3,0,0,0,0,0,9,4,E01011335,3,1,0,1,-1,0
2022161169085,2022,161169085,2,2,1,2,30,6,3,0,0,0,0,0,9,6,E01012940,3,1,0,1,-1,0
2022161188630,2022,161188630,1,1,1,1,21,5,3,0,0,0,0,0,9,10,E01013328,3,1,0,1,-1,0
2022201271824,2022,201271824,2,2,1,2,19,4,3,0,0,0,0,0,9,2,E01010087,3,1,0,1,-1,0
2022302200790,2022,302200790,2,2,1,1,32,6,3,0,0,0,0,0,9,5,E01013519,-1,0,0.0305,0.9695,-1,0
2022371153481,2022,371153481,2,1,1,1,28,6,2,0,0,0,0,0,9,6,E01030091,6,1,1,0,-1,0
2022371202701,2022,371202701,2,2,1,1,55,8,3,0,0,0,0,0,9,8,E01029942,3,1,0,1,-1,0
2022622200678,2022,622200678,2,2,1,1,56,9,3,0,0,0,0,0,9,-1,-1,-1,0,0.008,0.992,-1,0
2022010391290,2022,010391290,2,2,1,1,-1,-1,3,0,0,0,0,0,3,3,E01033699,-1,0,0,1,-1,0
2022010408400,2022,010408400,2,1,1,1,52,8,3,0,0,0,0,0,3,6,E01003398,-1,0,0,1,-1,0
2022061207051,2022,061207051,1,1,3,1,50,8,2,5,1,0,0,-1,0,3,E01006238,5,1,1,0,-1,0
2022371187011,2022,371187011,1,1,3,1,23,5,3,9,9,0,0,1,0,6,E01018110,3,1,0,1,-1,0
2022991227018,2022,991227018,1,5,2,2,15,3,3,0,0,0,4,0,11,1,-1,3,1,0,1,-1,0
2022010381627,2022,010381627,1,1,1,2,41,7,3,0,0,0,0,0,9,4,E01001148,-1,0,0,1,-1,0
2022070628979,2022,070628979,1,2,2,1,5,1,3,0,0,2,0,0,9,5,E01018444,-1,0,0.02092,0.97908,-1,0
2022101162945,2022,101162945,2,4,2,2,9,2,3,0,0,2,0,0,9,-1,-1,3,1,0,1,-1,0
2022161151975,2022,161151975,1,1,1,1,28,6,3,0,0,0,0,0,9,4,E01012810,3,1,0,1,-1,0
2022201271774,2022,201271774,1,1,1,1,22,5,3,0,0,0,0,0,9,2,E01010338,3,1,0,1,-1,0
2022302201231,2022,302201231,1,1,2,2,78,11,3,0,0,1,0,0,9,1,E01027951,-1,0,0.01529,0.98471,-1,0
2022340WNC822,2022,340WNC822,2,4,2,2,28,6,3,0,0,2,0,0,9,3,E01003605,-1,0,0,1,-1,0
2022430084595,2022,430084595,2,3,2,2,11,3,3,0,0,2,0,0,9,9,E01032950,-1,0,0.0069,0.9931,-1,0
2022440478483,2022,440478483,2,1,2,2,70,10,3,0,0,1,0,0,9,9,E01022676,-1,0,0,1,-1,0
2022440503432,2022,440503432,2,1,1,2,60,9,3,0,0,0,0,0,9,6,E01017300,-1,0,0,1,-1,0
2022461182751,2022,461182751,2,3,2,2,12,3,3,0,0,1,0,0,9,3,E01024497,3,1,0,1,-1,0
2022610032122,2022,610032122,2,1,1,2,75,10,3,0,0,1,0,0,9,2,W01001333,-1,0,0.02857,0.97143,-1,0
2022991146689,2022,991146689,1,1,1,1,23,5,3,0,0,0,0,0,9,3,-1,3,1,0,1,-1,0
2022531197936,2022,531197936,2,1,1,1,15,3,2,0,0,0,0,0,1,7,E01022345,7,1,1,0,-1,0
2022471132413,2022,471132413,2,1,1,1,28,6,3,0,0,0,0,0,5,8,E01021150,3,1,0,1,-1,0
2022052202002,2022,052202002,1,1,3,1,28,6,2,5,2,0,0,0,0,8,E01007298,-1,0,1,0,-1,0
202234WNC6242,2022,34WNC6242,1,1,3,1,31,6,3,9,7,0,0,1,0,-1,-1,-1,0,0,1,-1,0
2022430053715,2022,430053715,1,1,3,1,49,8,3,9,7,0,0,1,0,3,E01010113,-1,0,0.08433,0.91567,-1,0
2022010388288,2022,010388288,1,1,1,1,56,9,3,0,0,0,0,0,8,4,E01004617,-1,0,0,1,-1,0
2022010354825,2022,010354825,1,1,3,1,42,7,3,1,9,0,0,0,0,3,E01033594,-1,0,0,1,-1,0
2022010357390,2022,010357390,1,1,3,1,62,9,3,9,9,0,0,1,0,5,E01001632,-1,0,0,1,-1,0
2022610002822,2022,610002822,1,1,1,1,18,4,3,0,0,0,0,0,2,7,W01001484,-1,0,0.20059,0.79941,-1,0
2022010415581,2022,010415581,1,4,2,-1,-1,-1,3,0,0,2,0,0,9,2,E01004323,-1,0,0,1,-1,0
2022041181741,2022,041181741,1,1,1,2,40,7,3,0,0,0,0,0,9,3,E01012732,3,1,0,1,-1,0
2022131237619,2022,131237619,1,1,1,2,52,8,2,0,0,0,0,0,9,7,E01011833,6,1,1,0,-1,0
2022371146927,2022,371146927,1,1,1,2,52,8,3,0,0,0,0,0,9,6,E01030120,3,1,0,1,-1,0
2022461250016,2022,461250016,2,2,1,1,69,10,3,0,0,0,0,0,9,10,E01016522,3,1,0,1,-1,0
202263D027822,2022,63D027822,2,3,1,1,31,6,3,0,0,0,0,0,19,7,W01000460,-1,0,0.03388,0.96612,-1,0
2022070309079,2022,070309079,2,1,1,1,40,7,3,0,0,0,0,0,21,8,E01018443,-1,0,0.04492,0.95508,-1,0
2022161163415,2022,161163415,1,1,1,1,53,8,1,0,0,0,0,0,21,6,E01027997,1,1,0,0,-1,0
2022010360371,2022,010360371,1,1,1,1,52,8,3,0,0,0,0,0,1,-1,-1,-1,0,0,1,-1,0
2022010373470,2022,010373470,1,1,1,1,41,7,3,0,0,0,0,0,3,2,E01003502,-1,0,0,1,-1,0
2022010369519,2022,010369519,2,6,2,1,32,6,3,0,0,1,0,0,8,3,E01000977,-1,0,0,1,-1,0
2022101174919,2022,101174919,2,1,1,1,30,6,3,0,0,0,0,0,9,4,E01008764,3,1,0,1,-1,0
2022141183890,2022,141183890,1,1,1,2,46,8,3,0,0,0,0,0,9,-1,-1,3,1,0,1,-1,0
2022161144265,2022,161144265,2,1,1,2,51,8,3,0,0,0,0,0,9,8,E01013292,3,1,0,1,-1,0
2022231269783,2022,231269783,2,1,1,1,62,9,3,0,0,0,0,0,9,7,E01031164,3,1,0,1,-1,0
2022501155312,2022,501155312,1,1,1,1,85,11,3,0,0,0,0,0,9,1,E01015182,3,1,0,1,-1,0
202263D040622,2022,63D040622,1,2,1,1,79,11,2,0,0,0,0,0,9,6,W01000595,-1,0,1,0,-1,0
2022991212565,2022,991212565,1,2,1,2,41,7,3,0,0,0,0,0,9,2,-1,3,1,0,1,-1,0
2022010384835,2022,010384835,3,5,2,2,39,7,3,0,0,2,0,0,9,6,E01002662,-1,0,0,1,-1,0
2022041170957,2022,041170957,1,1,1,2,58,9,3,0,0,0,0,0,9,1,E01025112,3,1,0,1,-1,0
2022131147156,2022,131147156,2,1,1,2,35,6,3,0,0,0,0,0,9,2,E01011759,3,1,0,1,-1,0
2022131147875,2022,131147875,1,2,2,2,35,6,3,0,0,1,0,0,9,9,E01011641,3,1,0,1,-1,0
2022141225261,2022,141225261,1,1,1,1,42,7,3,0,0,0,0,0,9,2,E01007910,3,1,0,1,-1,0
202234NNC3332,2022,34NNC3332,1,2,1,2,37,7,3,0,0,0,0,0,9,-1,-1,-1,0,0,1,-1,0
2022421147970,2022,421147970,2,1,1,2,59,9,3,0,0,0,0,0,9,5,E01021443,3,1,0,1,-1,0
2022471225116,2022,471225116,3,1,1,2,73,10,3,0,0,0,0,0,9,1,E01016915,3,1,0,1,-1,0
2022991193150,2022,991193150,3,3,2,2,20,4,3,0,0,1,0,0,9,9,-1,3,1,0,1,-1,0
2022031150925,2022,031150925,1,1,1,1,32,6,3,0,0,0,0,0,20,6,E01009909,3,1,0,1,-1,0
2022010372647,2022,010372647,1,2,3,2,33,6,3,5,2,0,0,0,0,2,E01000876,-1,0,0,1,-1,0
2022041176081,2022,041176081,1,1,3,1,36,7,3,6,8,0,0,2,0,1,E01012735,3,1,0,1,-1,0
2022201152121,2022,201152121,1,1,3,1,31,6,3,9,5,0,0,1,0,3,E01009757,3,1,0,1,-1,0
2022371223199,2022,371223199,1,1,3,1,-1,-1,3,9,5,0,0,1,0,5,E01030027,3,1,0,1,-1,0
2022010405150,2022,010405150,2,1,1,1,24,5,3,0,0,0,0,0,1,2,E01004033,-1,0,0,1,-1,0
202254C348422,2022,54C348422,1,1,1,1,23,5,3,0,0,0,0,0,3,5,E01032063,-1,0,0.19645,0.80355,-1,0
2022421228731,2022,421228731,2,1,1,1,71,10,3,0,0,0,0,0,5,9,E01023319,3,1,0,1,-1,0
2022070011617,2022,070011617,1,1,1,2,32,6,3,0,0,0,0,0,9,2,E01018553,-1,0,0.05896,0.94104,-1,0
2022101202914,2022,101202914,1,1,1,2,31,6,3,0,0,0,0,0,9,2,E01008428,3,1,0,1,-1,0
2022201299047,2022,201299047,2,3,2,2,22,5,3,0,0,1,0,0,9,1,E01009137,3,1,0,1,-1,0
2022351214527,2022,351214527,2,1,1,2,68,10,3,0,0,0,0,0,9,10,E01018259,3,1,0,1,-1,0
2022371208039,2022,371208039,1,2,2,1,36,7,3,0,0,1,0,0,9,6,E01026922,3,1,0,1,-1,0
2022411243435,2022,411243435,1,1,1,2,37,7,3,0,0,0,0,0,9,10,E01023290,3,1,0,1,-1,0
202260B024611,2022,60B024611,2,1,2,2,22,5,3,0,0,2,0,0,9,-1,-1,-1,0,0.01627,0.98373,-1,0
2022991163442,2022,991163442,2,4,2,1,43,7,3,0,0,2,0,0,9,5,-1,3,1,0,1,-1,0
2022991206796,2022,991206796,2,1,1,1,31,6,3,0,0,0,0,0,9,8,-1,3,1,0,1,-1,0
2022211227916,2022,211227916,1,1,3,1,2,1,3,1,3,0,0,2,0,4,E01029367,3,1,0,1,-1,0
2022401224024,2022,401224024,1,1,3,1,46,8,2,6,9,0,0,1,0,2,E01030024,7,1,1,0,-1,0
2022451141693,2022,451141693,1,1,3,1,8,2,3,5,9,0,0,0,0,6,E01030633,3,1,0,1,-1,0
202263C060022,2022,63C060022,1,1,3,1,52,8,2,8,5,0,0,1,0,4,W01000591,-1,0,1,0,-1,0
2022010377506,2022,010377506,1,1,1,2,54,8,2,0,0,0,0,0,1,9,E01003890,-1,0,1,0,-1,0
2022211206041,2022,211206041,2,1,1,1,47,8,3,0,0,0,0,0,1,1,E01014275,3,1,0,1,-1,0
2022010364882,2022,010364882,2,1,1,1,36,7,3,0,0,0,0,0,3,6,E01001253,-1,0,0,1,-1,0
2022111243271,2022,111243271,2,1,1,1,22,5,3,0,0,0,0,0,3,2,E01020797,3,1,0,1,-1,0
2022010410455,2022,010410455,1,1,1,1,49,8,3,0,0,0,0,0,9,8,E01000200,-1,0,0,1,-1,0
2022111259407,2022,111259407,2,1,1,2,30,6,2,0,0,0,0,0,9,4,E01012311,7,1,1,0,-1,0
2022141224132,2022,141224132,1,1,1,2,30,6,3,0,0,0,0,0,9,8,E01007671,3,1,0,1,-1,0
2022201258264,2022,201258264,2,1,1,1,45,7,3,0,0,0,0,0,9,1,E01009259,3,1,0,1,-1,0
202234WNC2252,2022,34WNC2252,2,1,1,1,69,10,3,0,0,0,0,0,9,1,E01027083,-1,0,0,1,-1,0
2022440127182,2022,440127182,1,1,1,2,35,6,3,0,0,0,0,0,9,7,E01023184,-1,0,0,1,-1,0
2022010385875,2022,010385875,1,1,2,2,57,9,3,0,0,0,4,0,11,6,E01022890,-1,0,0,1,-1,0
2022052201608,2022,052201608,1,7,2,2,39,7,3,0,0,0,4,0,11,6,E01006578,-1,0,0.03636,0.96364,-1,0
2022010366158,2022,010366158,2,1,1,2,20,4,3,0,0,0,0,0,33,3,E01000957,-1,0,0,1,-1,1
2022010418348,2022,010418348,7,1,3,1,-1,-1,3,9,6,0,0,0,0,4,E01033745,-1,0,0,1,-1,0
2022552201551,2022,552201551,1,1,3,1,12,3,2,5,3,0,0,0,0,10,E01020420,-1,0,1,0,-1,0
2022041167422,2022,041167422,1,1,2,2,83,11,3,0,0,1,0,0,9,6,E01025114,3,1,0,1,-1,0
2022111163998,2022,111163998,2,1,1,2,29,6,3,0,0,0,0,0,9,4,E01020876,3,1,0,1,-1,0
2022211133499,2022,211133499,2,1,1,2,45,7,3,0,0,0,0,0,9,1,E01010486,3,1,0,1,-1,0
2022311238067,2022,311238067,2,1,1,1,22,5,3,0,0,0,0,0,9,7,E01028287,3,1,0,1,-1,0
2022991134501,2022,991134501,3,3,1,1,30,6,3,0,0,0,0,0,9,8,-1,3,1,0,1,-1,0
2022010411279,2022,010411279,1,2,2,2,1,1,3,0,0,0,3,0,11,6,E01003707,-1,0,0,1,-1,0
2022471193939,2022,471193939,2,2,2,1,4,1,3,0,0,0,0,0,17,6,E01031669,3,1,0,1,-1,0
2022010363945,2022,010363945,1,1,1,2,47,8,3,0,0,0,0,0,9,8,E01033610,-1,0,0,1,-1,0
2022010365783,2022,010365783,1,1,1,1,47,8,3,0,0,0,0,0,9,5,E01002622,-1,0,0,1,-1,0
2022010388459,2022,010388459,1,1,1,1,28,6,3,0,0,0,0,0,9,10,E01031729,-1,0,0,1,-1,0
2022041194521,2022,041194521,2,2,2,2,38,7,3,0,0,1,0,0,9,8,E01025089,3,1,0,1,-1,0
2022041250082,2022,041250082,2,2,2,2,36,7,3,0,0,2,0,0,9,4,E01025309,3,1,0,1,-1,0
2022101182025,2022,101182025,2,1,1,2,77,11,3,0,0,0,0,0,9,5,E01008490,3,1,0,1,-1,0
2022101249005,2022,101249005,1,2,2,2,30,6,3,0,0,1,0,0,9,2,E01008460,3,1,0,1,-1,0
2022141183372,2022,141183372,2,3,1,1,31,6,3,0,0,0,0,0,9,4,E01008019,3,1,0,1,-1,0
2022161171500,2022,161171500,1,2,2,1,18,4,3,0,0,1,0,0,9,5,E01013200,3,1,0,1,-1,0
2022361170101,2022,361170101,1,1,1,2,50,8,3,0,0,0,0,0,9,3,E01026799,3,1,0,1,-1,0
2022430144250,2022,430144250,1,1,1,1,45,7,3,0,0,0,0,0,9,7,E01016495,-1,0,0.00423,0.99577,-1,0
2022430490221,2022,430490221,1,1,2,2,52,8,3,0,0,2,0,0,9,4,E01032942,-1,0,0.02124,0.97876,-1,0
2022471155181,2022,471155181,1,1,1,1,27,6,3,0,0,0,0,0,9,6,E01031363,3,1,0,1,-1,0
2022501232115,2022,501232115,1,1,1,1,37,7,3,0,0,0,0,0,5,5,E01018976,3,1,0,1,-1,0
2022010375946,2022,010375946,1,1,3,1,12,3,3,5,1,0,0,0,0,3,E01004034,-1,0,0,1,-1,0
2022221185434,2022,221185434,1,1,1,1,51,8,3,0,0,0,0,0,19,6,E01028852,3,1,0,1,-1,0
2022991227018,2022,991227018,1,6,2,2,18,4,3,0,0,0,4,0,11,4,-1,3,1,0,1,-1,0
2022070783251,2022,070783251,2,4,2,2,31,6,3,0,0,2,0,0,9,6,E01025401,-1,0,0.02811,0.97189,-1,0
2022101182059,2022,101182059,2,1,2,1,39,7,3,0,0,1,0,0,9,6,E01028757,3,1,0,1,-1,0
2022101251880,2022,101251880,2,2,2,2,10,2,3,0,0,1,0,0,9,9,E01008311,3,1,0,1,-1,0
2022161128742,2022,161128742,1,4,2,2,2,1,3,0,0,2,0,0,9,3,E01012907,3,1,0,1,-1,0
2022161259686,2022,161259686,1,1,1,1,42,7,3,0,0,0,0,0,9,3,E01012839,3,1,0,1,-1,0
202234WNC2362,2022,34WNC2362,1,1,1,1,25,5,3,0,0,0,0,0,9,9,E01022082,-1,0,0,1,-1,0
2022430067355,2022,430067355,1,1,1,2,48,8,3,0,0,0,0,0,9,6,E01017827,-1,0,0.00784,0.99216,-1,0
2022430084595,2022,430084595,2,4,2,2,12,3,3,0,0,2,0,0,9,9,E01032950,-1,0,0.00686,0.99314,-1,0
2022471187844,2022,471187844,2,1,1,2,24,5,3,0,0,0,0,0,9,9,E01031793,3,1,0,1,-1,0
2022070209430,2022,070209430,1,1,1,2,38,7,3,0,0,0,0,0,1,7,E01012561,-1,0,0.16615,0.83385,-1,0
2022211195083,2022,211195083,2,1,1,1,21,5,2,0,0,0,0,0,2,7,E01025954,7,1,1,0,-1,0
2022010373309,2022,010373309,1,1,3,1,26,6,3,9,5,0,0,1,0,5,E01003040,-1,0,0,1,-1,0
2022221206939,2022,221206939,1,1,3,1,78,11,3,6,9,0,0,0,0,5,E01032294,3,1,0,1,-1,0
2022101147586,2022,101147586,2,1,1,1,41,7,3,0,0,0,0,0,1,-1,-1,3,1,0,1,-1,0
2022041172838,2022,041172838,1,1,1,1,64,9,2,0,0,0,0,0,9,-1,-1,5,1,1,0,-1,0
2022041224305,2022,041224305,2,2,1,1,63,9,3,0,0,0,0,0,9,8,E01004778,3,1,0,1,-1,0
2022101182059,2022,101182059,2,2,1,2,35,6,3,0,0,0,0,0,9,6,E01028757,3,1,0,1,-1,0
2022101212276,2022,101212276,2,1,2,2,24,5,3,0,0,1,0,0,9,1,E01008345,3,1,0,1,-1,0
2022131146663,2022,131146663,2,1,1,2,18,4,3,0,0,0,0,0,9,6,E01011299,3,1,0,1,-1,0
2022361178207,2022,361178207,2,1,1,1,54,8,3,0,0,0,0,0,9,1,E01026598,3,1,0,1,-1,0
2022371208039,2022,371208039,1,3,2,1,51,8,2,0,0,2,0,0,9,4,E01026483,6,1,1,0,-1,0
2022421196210,2022,421196210,2,1,1,2,20,4,3,0,0,0,0,0,9,6,E01021986,3,1,0,1,-1,0
2022430152020,2022,430152020,1,1,1,1,43,7,3,0,0,0,0,0,9,-1,-1,-1,0,0.02437,0.97563,-1,0
2022430427788,2022,430427788,1,1,1,2,74,10,3,0,0,0,0,0,9,2,E01028567,-1,0,0.03656,0.96344,-1,0
2022610052922,2022,610052922,1,2,2,1,39,7,3,0,0,1,0,0,9,2,W01001618,-1,0,0.01821,0.98179,-1,0
2022461245316,2022,461245316,3,3,2,1,30,6,3,0,0,0,0,0,19,2,E01024775,3,1,0,1,-1,0
2022010382306,2022,010382306,1,1,3,2,47,8,2,3,1,0,0,0,0,6,E01000487,-1,0,1,0,-1,0
2022320307497,2022,320307497,1,2,3,1,45,7,3,9,5,0,0,1,0,4,E01026090,-1,0,0.09111,0.90889,-1,0
2022010365066,2022,010365066,1,1,1,1,55,8,2,0,0,0,0,0,1,4,E01002014,-1,0,1,0,-1,0
2022041257544,2022,041257544,2,1,1,1,38,7,3,0,0,0,0,0,1,9,E01025425,3,1,0,1,-1,0
2022351190517,2022,351190517,1,1,1,1,19,4,2,0,0,0,0,0,1,6,E01017967,7,1,1,0,-1,0
2022010360934,2022,010360934,2,1,1,1,33,6,3,0,0,0,0,0,3,2,E01004067,-1,0,0,1,-1,0
2022231253398,2022,231253398,2,1,1,1,43,7,2,0,0,0,0,0,3,1,E01032890,7,1,1,0,-1,0
2022421219042,2022,421219042,2,1,1,1,33,6,3,0,0,0,0,0,3,9,E01021586,3,1,0,1,-1,0
2022010357530,2022,010357530,2,1,1,1,32,6,3,0,0,0,0,0,5,3,E01001043,-1,0,0,1,-1,0
20225222SE316,2022,5222SE316,2,1,1,1,73,10,2,0,0,0,0,0,5,9,E01029074,-1,0,1,0,-1,0
2022010369519,2022,010369519,1,1,1,1,50,8,3,0,0,0,0,0,9,3,E01001117,-1,0,0,1,-1,0
2022010373382,2022,010373382,2,2,2,2,-1,-1,3,0,0,2,0,0,9,7,E01015967,-1,0,0,1,-1,0
2022010403642,2022,010403642,1,1,1,1,48,8,3,0,0,0,0,0,9,7,E01003643,-1,0,0,1,-1,0
2022041132055,2022,041132055,2,1,2,1,20,4,3,0,0,1,0,0,9,-1,-1,3,1,0,1,-1,0
2022070783251,2022,070783251,2,3,2,2,51,8,3,0,0,1,0,0,9,2,E01014664,-1,0,0.03477,0.96523,-1,0
2022131249272,2022,131249272,1,1,1,1,57,9,3,0,0,0,0,0,9,1,E01010943,3,1,0,1,-1,0
2022201171952,2022,201171952,2,2,2,2,27,6,3,0,0,1,0,0,9,4,E01010112,3,1,0,1,-1,0
2022371235716,2022,371235716,2,1,1,1,43,7,3,0,0,0,0,0,9,4,E01030160,3,1,0,1,-1,0
2022451248905,2022,451248905,1,1,1,2,71,10,3,0,0,0,0,0,9,10,E01030641,3,1,0,1,-1,0
2022052201608,2022,052201608,1,8,2,2,8,2,3,0,0,0,4,0,11,6,E01006578,-1,0,0.02874,0.97126,-1,0
2022311152799,2022,311152799,2,1,1,1,22,5,2,0,0,0,0,0,33,6,E01027119,7,1,1,0,-1,1
2022010381627,2022,010381627,1,2,2,-1,-1,-1,3,0,0,9,0,0,9,-1,-1,-1,0,0,1,-1,0
2022031148596,2022,031148596,3,2,1,2,22,5,3,0,0,0,0,0,9,8,E01019224,3,1,0,1,-1,0
2022031209340,2022,031209340,2,2,2,1,27,6,2,0,0,1,0,0,9,5,E01019149,7,1,1,0,-1,0
2022351214874,2022,351214874,1,2,1,1,27,6,3,0,0,0,0,0,9,6,E01026456,3,1,0,1,-1,0
2022471167827,2022,471167827,2,1,1,1,33,6,3,0,0,0,0,0,9,4,E01031610,3,1,0,1,-1,0
202263C004922,2022,63C004922,1,1,1,2,62,9,3,0,0,0,0,0,9,-1,-1,-1,0,0.02424,0.97576,-1,0
202263C105222,2022,63C105222,3,3,1,1,54,8,3,0,0,0,0,0,9,7,W01000564,-1,0,0.03303,0.96697,-1,0
2022991163442,2022,991163442,2,1,1,1,52,8,3,0,0,0,0,0,9,9,-1,3,1,0,1,-1,0
2022010409691,2022,010409691,2,1,1,2,35,6,2,0,0,0,0,0,1,3,E01000977,-1,0,1,0,-1,0
2022122200178,2022,122200178,1,1,1,1,13,3,3,0,0,0,0,0,1,9,E01013395,-1,0,0.03132,0.96868,-1,0
2022010391294,2022,010391294,1,3,2,1,8,2,3,0,0,0,0,0,10,3,E01003521,-1,0,0,1,-1,0
2022010363339,2022,010363339,2,1,1,1,26,6,3,0,0,0,0,0,3,2,E01000315,-1,0,0,1,-1,0
2022010398336,2022,010398336,2,1,1,1,28,6,3,0,0,0,0,0,3,6,E01003698,-1,0,0,1,-1,0
2022332200610,2022,332200610,2,1,1,1,24,5,3,0,0,0,0,0,3,4,E01025789,-1,0,0.07805,0.92195,-1,0
2022211212874,2022,211212874,1,1,3,1,68,10,3,5,1,0,0,0,0,-1,-1,3,1,0,1,-1,0
2022440122055,2022,440122055,1,1,1,1,58,9,3,0,0,0,0,0,9,4,E01016347,-1,0,0,1,-1,0
2022531202888,2022,531202888,2,2,2,1,23,5,2,0,0,1,0,0,9,5,E01022321,7,1,1,0,-1,0
2022522204186,2022,522204186,1,1,1,2,44,7,3,0,0,0,0,0,1,3,E01014736,-1,0,0.09448,0.90552,-1,0
2022101171197,2022,101171197,2,1,1,1,21,5,2,0,0,0,0,0,5,1,E01027416,6,1,1,0,-1,0
2022461170830,2022,461170830,1,1,1,1,61,9,2,0,0,0,0,0,5,7,E01016162,6,1,1,0,-1,0
202254B537722,2022,54B537722,1,1,3,1,36,7,3,9,9,0,0,0,0,8,E01033338,-1,0,0.04425,0.95575,-1,0
2022991197606,2022,991197606,1,1,1,1,31,6,2,0,0,0,0,0,33,3,-1,5,1,1,0,-1,1
2022101157528,2022,101157528,2,1,1,2,50,8,3,0,0,0,0,0,19,2,E01027422,3,1,0,1,-1,0
2022430426355,2022,430426355,2,2,1,1,49,8,3,0,0,0,0,0,19,5,E01031585,-1,0,0.0088,0.9912,-1,0
2022041252049,2022,041252049,1,1,3,1,29,6,3,10,1,0,0,1,0,5,E01025061,3,1,0,1,-1,0
2022451207373,2022,451207373,1,1,3,2,38,7,2,1,1,0,0,1,0,8,E01030994,7,1,1,0,-1,0
2022991250585,2022,991250585,1,1,3,1,54,8,2,5,1,0,0,2,0,4,-1,7,1,1,0,-1,0
2022311182351,2022,311182351,2,1,1,1,75,10,3,0,0,0,0,0,1,10,E01028382,3,1,0,1,-1,0
2022451235723,2022,451235723,1,1,1,1,53,8,2,0,0,0,0,0,1,7,E01030741,7,1,1,0,-1,0
2022010386049,2022,010386049,2,1,1,1,27,6,3,0,0,0,0,0,3,3,E01002028,-1,0,0,1,-1,0
2022421222663,2022,421222663,2,1,1,1,62,9,2,0,0,0,0,0,4,9,E01021543,7,1,1,0,-1,0
2022440295456,2022,440295456,1,1,1,1,33,6,2,0,0,0,0,0,5,4,E01017171,-1,0,0.94057,0.05943,-1,0
2022070242207,2022,070242207,2,1,1,2,52,8,3,0,0,0,0,0,9,7,E01029490,-1,0,0.04387,0.95613,-1,0
2022122201205,2022,122201205,1,1,2,1,17,4,3,0,0,1,0,0,9,-1,-1,-1,0,0.04722,0.95278,-1,0
2022131142326,2022,131142326,1,1,1,2,54,8,2,0,0,0,0,0,9,1,E01010941,7,1,1,0,-1,0
2022201171952,2022,201171952,1,1,1,1,32,6,3,0,0,0,0,0,9,1,E01010275,3,1,0,1,-1,0
2022211162679,2022,211162679,2,2,1,1,52,8,2,0,0,0,0,0,9,10,E01028845,6,1,1,0,-1,0
202263C105222,2022,63C105222,2,2,1,1,27,6,3,0,0,0,0,0,9,8,W01000694,-1,0,0.03387,0.96613,-1,0
2022101178067,2022,101178067,1,1,1,1,-1,-1,3,0,0,0,0,0,9,-1,-1,3,1,0,1,-1,0
2022122200558,2022,122200558,1,1,1,2,23,5,3,0,0,0,0,0,9,9,E01011923,-1,0,0.02519,0.97481,-1,0
2022131250279,2022,131250279,2,1,1,1,45,7,3,0,0,0,0,0,9,1,E01011293,3,1,0,1,-1,0
2022440383223,2022,440383223,2,1,1,1,24,5,3,0,0,0,0,0,9,2,W01001805,-1,0,0,1,-1,0
2022461130517,2022,461130517,1,1,1,1,40,7,3,0,0,0,0,0,9,9,E01016081,3,1,0,1,-1,0
2022461217208,2022,461217208,2,2,1,1,44,7,3,0,0,0,0,0,9,1,E01024597,3,1,0,1,-1,0
2022471203524,2022,471203524,2,1,1,1,61,9,3,0,0,0,0,0,9,1,E01021019,3,1,0,1,-1,0
2022061157421,2022,061157421,2,1,1,1,33,6,3,0,0,0,0,0,1,6,E01005069,3,1,0,1,-1,0
2022010404078,2022,010404078,1,1,1,1,39,7,3,0,0,0,0,0,3,5,E01001500,-1,0,0,1,-1,0
202252000S325,2022,52000S325,2,1,1,2,19,4,3,0,0,0,0,0,3,8,E01029194,-1,0,0.18124,0.81876,-1,0
2022010378786,2022,010378786,2,1,1,1,23,5,3,0,0,0,0,0,4,3,E01004443,-1,0,0,1,-1,0
2022320307497,2022,320307497,1,1,3,1,43,7,3,9,9,0,0,1,0,3,E01026017,-1,0,0.09672,0.90328,-1,0
2022451249435,2022,451249435,1,1,3,2,22,5,2,1,9,0,0,0,0,8,E01030452,7,1,1,0,-1,0
2022010409267,2022,010409267,1,1,3,1,6,2,3,1,1,0,0,0,0,5,E01032724,-1,0,0,1,-1,0
2022622200718,2022,622200718,1,2,3,2,20,4,3,10,5,0,0,0,0,8,W01001858,-1,0,0.02924,0.97076,-1,0
2022440235179,2022,440235179,2,1,1,1,44,7,3,0,0,0,0,0,1,10,E01022873,-1,0,0,1,-1,0
2022531229280,2022,531229280,2,1,1,1,26,6,2,0,0,0,0,0,5,2,E01022164,7,1,1,0,-1,0
2022010369519,2022,010369519,1,3,2,1,47,8,3,0,0,1,0,0,9,3,E01001117,-1,0,0,1,-1,0
2022010415581,2022,010415581,1,3,2,-1,22,5,3,0,0,2,0,0,9,6,E01032767,-1,0,0,1,-1,0
2022041170957,2022,041170957,2,2,1,1,55,8,3,0,0,0,0,0,9,1,E01025171,3,1,0,1,-1,0
2022201272651,2022,201272651,2,2,2,1,14,3,3,0,0,1,0,0,9,1,E01009339,3,1,0,1,-1,0
2022320384697,2022,320384697,1,3,1,2,33,6,3,0,0,0,0,0,9,9,E01026231,-1,0,0.02721,0.97279,-1,0
2022552200451,2022,552200451,1,1,1,2,72,10,3,0,0,0,0,0,9,9,E01015432,-1,0,0.02335,0.97665,-1,0
2022141138990,2022,141138990,2,2,2,2,33,6,3,0,0,0,0,0,90,5,E01007478,3,1,0,1,-1,0
2022010406354,2022,010406354,1,4,2,-1,6,2,3,0,0,2,0,0,9,2,E01004001,-1,0,0,1,-1,0
2022041167422,2022,041167422,2,2,1,2,45,7,3,0,0,0,0,0,9,7,E01025594,3,1,0,1,-1,0
2022070783251,2022,070783251,1,1,1,1,58,9,3,0,0,0,0,0,9,1,E01005552,-1,0,0.08568,0.91432,-1,0
2022161128742,2022,161128742,1,2,1,2,47,8,3,0,0,0,0,0,9,3,E01012907,3,1,0,1,-1,0
2022201218249,2022,201218249,2,4,2,1,27,6,2,0,0,1,0,0,9,1,E01014361,5,1,1,0,-1,0
2022201300156,2022,201300156,1,1,1,1,18,4,2,0,0,0,0,0,9,-1,-1,7,1,1,0,-1,0
2022371208834,2022,371208834,2,2,2,2,24,5,3,0,0,1,0,0,9,4,E01029940,3,1,0,1,-1,0
2022401217590,2022,401217590,1,1,1,1,33,6,3,0,0,0,0,0,9,3,E01017453,3,1,0,1,-1,0
2022622200506,2022,622200506,1,3,2,2,19,4,3,0,0,2,0,0,9,1,W01001188,-1,0,0.01106,0.98894,-1,0
2022010374403,2022,010374403,2,1,1,1,52,8,3,0,0,0,0,0,1,2,E01001961,-1,0,0,1,-1,0
2022451146272,2022,451146272,2,1,1,1,23,5,2,0,0,0,0,0,5,9,E01030571,7,1,1,0,-1,0
2022010408355,2022,010408355,1,2,3,2,9,2,3,2,1,0,0,2,0,2,E01001130,-1,0,0,1,-1,0
2022531193064,2022,531193064,1,1,3,1,25,5,3,9,8,0,0,1,0,3,E01009232,3,1,0,1,-1,0
2022111259588,2022,111259588,1,1,3,2,58,9,3,5,3,0,0,0,0,5,E01012364,3,1,0,1,-1,0
2022010377116,2022,010377116,1,1,1,1,24,5,3,0,0,0,0,0,1,10,E01002917,-1,0,0,1,-1,0
2022201266290,2022,201266290,1,1,1,1,-1,-1,3,0,0,0,0,0,1,4,E01009497,3,1,0,1,-1,0
2022052200051,2022,052200051,1,3,1,1,58,9,3,0,0,0,0,0,8,2,E01006477,-1,0,0.07192,0.92808,-1,0
2022010367880,2022,010367880,1,1,1,1,43,7,3,0,0,0,0,0,9,5,E01002456,-1,0,0,1,-1,0
2022010384835,2022,010384835,3,6,2,1,66,10,3,0,0,2,0,0,9,6,E01002662,-1,0,0,1,-1,0
2022010387232,2022,010387232,2,1,2,2,24,5,3,0,0,2,0,0,9,6,E01001266,-1,0,0,1,-1,0
2022010388288,2022,010388288,2,2,2,1,24,5,3,0,0,1,0,0,9,6,E01000487,-1,0,0,1,-1,0
2022351150072,2022,351150072,2,1,1,2,36,7,3,0,0,0,0,0,9,6,E01033179,3,1,0,1,-1,0
2022421166620,2022,421166620,2,2,2,2,30,6,3,0,0,1,0,0,9,3,E01021303,3,1,0,1,-1,0
2022430149835,2022,430149835,1,1,1,1,36,7,3,0,0,0,0,0,9,3,E01033423,-1,0,0.00175,0.99825,-1,0
2022461198329,2022,461198329,3,2,1,2,33,6,2,0,0,0,0,0,9,3,E01016047,7,1,1,0,-1,0
2022610052922,2022,610052922,1,1,1,2,35,6,3,0,0,1,0,0,9,2,W01001618,-1,0,0.01813,0.98187,-1,0
2022131232581,2022,131232581,1,1,3,1,56,9,3,8,5,0,0,1,0,2,E01007336,3,1,0,1,-1,0
2022451246367,2022,451246367,1,1,3,1,30,6,3,10,7,0,0,1,0,7,E01030872,3,1,0,1,-1,0
2022010401372,2022,010401372,2,1,1,2,60,9,3,0,0,0,0,0,2,9,E01001303,-1,0,0,1,-1,0
2022371212910,2022,371212910,1,1,1,1,17,4,3,0,0,0,0,0,3,5,E01022004,3,1,0,1,-1,0
2022141238760,2022,141238760,2,1,1,1,35,6,2,0,0,0,0,0,9,1,E01007714,6,1,1,0,-1,0
2022430212995,2022,430212995,1,1,1,2,25,5,3,0,0,0,0,0,9,10,E01032949,-1,0,0.02569,0.97431,-1,0
2022451167404,2022,451167404,1,1,1,1,73,10,3,0,0,0,0,0,9,7,E01001071,3,1,0,1,-1,0
2022461260613,2022,461260613,2,1,1,2,30,6,3,0,0,0,0,0,9,4,E01024528,3,1,0,1,-1,0
2022461260613,2022,461260613,3,2,1,2,41,7,3,0,0,0,0,0,9,5,E01000360,3,1,0,1,-1,0
2022501234530,2022,501234530,2,1,1,2,72,10,3,0,0,0,0,0,9,8,E01018823,3,1,0,1,-1,0
2022991132646,2022,991132646,2,3,1,1,24,5,3,0,0,0,0,0,9,2,-1,3,1,0,1,-1,0
2022141138528,2022,141138528,2,2,1,1,30,6,2,0,0,0,0,0,19,1,E01007573,5,1,1,0,-1,0
2022010369393,2022,010369393,1,1,1,2,36,7,3,0,0,0,0,0,9,5,E01024181,-1,0,0,1,-1,0
2022010384835,2022,010384835,1,1,1,2,49,8,3,0,0,0,0,0,9,9,E01002483,-1,0,0,1,-1,0
2022041225363,2022,041225363,2,1,1,1,22,5,3,0,0,0,0,0,9,9,E01019179,3,1,0,1,-1,0
2022201256472,2022,201256472,2,1,1,1,45,7,3,0,0,0,0,0,9,5,E01032589,3,1,0,1,-1,0
2022351154247,2022,351154247,3,4,2,1,8,2,3,0,0,2,0,0,9,4,E01021775,3,1,0,1,-1,0
2022520204866,2022,520204866,1,1,1,1,42,7,3,0,0,0,0,0,9,5,E01029066,-1,0,0.09748,0.90252,-1,0
2022010376511,2022,010376511,1,1,3,2,70,10,3,9,8,0,0,0,0,6,E01000898,-1,0,0,1,-1,0
2022430447163,2022,430447163,1,1,3,1,39,7,3,9,9,0,0,1,0,1,E01010471,-1,0,0.05032,0.94968,-1,0
2022522300065,2022,522300065,2,2,1,1,32,6,3,0,0,0,0,0,19,9,W01001655,-1,0,0.07857,0.92143,-1,0
2022111171462,2022,111171462,1,1,3,1,49,8,1,5,1,0,0,0,0,-1,-1,1,1,0,0,-1,0
2022010354483,2022,010354483,2,1,1,1,20,4,2,0,0,0,0,0,1,3,E01000010,-1,0,1,0,-1,0
2022010355601,2022,010355601,1,2,1,2,52,8,3,0,0,0,0,0,1,-1,-1,-1,0,0,1,-1,0
2022010366288,2022,010366288,1,1,1,-1,37,7,3,0,0,0,0,0,1,9,E01001379,-1,0,0,1,-1,0
2022010409162,2022,010409162,2,1,1,1,21,5,2,0,0,0,0,0,1,2,E01001760,-1,0,1,0,-1,0
2022010409463,2022,010409463,2,1,1,2,60,9,3,0,0,0,0,0,1,4,E01004697,-1,0,0,1,-1,0
202263D025822,2022,63D025822,1,1,1,2,47,8,2,0,0,0,0,0,3,10,E01022281,-1,0,1,0,-1,0
2022101172006,2022,101172006,2,1,1,1,49,8,3,0,0,0,0,0,5,1,E01027426,3,1,0,1,-1,0
2022010360116,2022,010360116,1,1,1,1,28,6,3,0,0,0,0,0,9,3,E01000635,-1,0,0,1,-1,0
2022010362504,2022,010362504,1,1,1,2,56,9,3,0,0,0,0,0,9,8,E01028715,-1,0,0,1,-1,0
2022010367465,2022,010367465,2,1,1,2,36,7,3,0,0,0,0,0,9,8,E01023491,-1,0,0,1,-1,0
2022010396716,2022,010396716,2,1,1,1,59,9,3,0,0,0,0,0,9,3,E01002623,-1,0,0,1,-1,0
2022031150925,2022,031150925,2,2,1,1,51,8,1,0,0,0,0,0,9,2,E01005487,1,1,0,0,-1,0
2022061178379,2022,061178379,1,1,2,1,18,4,3,0,0,2,0,0,9,2,E01005502,3,1,0,1,-1,0
2022131212677,2022,131212677,2,1,1,1,62,9,3,0,0,0,0,0,9,8,E01011021,3,1,0,1,-1,0
2022170M11622,2022,170M11622,3,1,1,2,61,9,3,0,0,0,0,0,9,-1,-1,-1,0,0.05431,0.94569,-1,0
2022201216558,2022,201216558,2,2,1,-1,28,6,3,0,0,0,0,0,9,3,E01009995,3,1,0,1,-1,0
2022320139297,2022,320139297,1,1,1,1,81,11,3,0,0,0,0,0,9,9,E01026357,-1,0,0.05993,0.94007,-1,0
202234NNC3332,2022,34NNC3332,2,1,1,2,23,5,3,0,0,0,0,0,9,-1,-1,-1,0,0,1,-1,0
2022122200126,2022,122200126,1,3,2,2,28,6,2,0,0,1,0,0,9,2,E01012318,-1,0,1,0,-1,0
2022141136186,2022,141136186,1,1,1,1,44,7,2,0,0,0,0,0,9,2,E01007579,7,1,1,0,-1,0
2022141183372,2022,141183372,1,2,2,1,47,8,3,0,0,1,0,0,9,7,E01007660,3,1,0,1,-1,0
2022161270119,2022,161270119,1,1,2,1,-1,-1,3,0,0,1,0,0,9,-1,-1,3,1,0,1,-1,0
2022440158033,2022,440158033,1,1,1,1,23,5,3,0,0,0,0,0,9,5,E01023095,-1,0,0,1,-1,0
2022451168824,2022,451168824,1,1,1,1,86,11,3,0,0,0,0,0,9,5,E01030424,3,1,0,1,-1,0
2022430399729,2022,430399729,1,1,1,1,31,6,3,0,0,0,0,0,1,10,E01017632,-1,0,0.0621,0.9379,-1,0
2022522205433,2022,522205433,2,1,1,1,33,6,3,0,0,0,0,0,8,1,E01014653,-1,0,0.03626,0.96374,-1,0
2022070770498,2022,070770498,2,1,1,1,24,5,3,0,0,0,0,0,19,2,E01006404,-1,0,0.0123,0.9877,-1,0
2022010367580,2022,010367580,2,1,1,1,83,11,2,0,0,0,0,0,1,2,E01000856,-1,0,1,0,-1,0
2022440396154,2022,440396154,1,1,1,1,60,9,3,0,0,0,0,0,1,10,E01023229,-1,0,0,1,-1,0
2022221195506,2022,221195506,1,1,1,1,19,4,2,0,0,0,0,0,4,9,E01028855,7,1,1,0,-1,0
2022041139524,2022,041139524,1,1,1,1,69,10,3,0,0,0,0,0,9,3,E01012662,3,1,0,1,-1,0
2022430263870,2022,430263870,1,1,1,1,38,7,3,0,0,0,0,0,9,5,E01002410,-1,0,0.00172,0.99828,-1,0
2022440023412,2022,440023412,1,1,1,1,51,8,2,0,0,0,0,0,9,3,E01017078,-1,0,0.9001,0.0999,-1,0
2022451231184,2022,451231184,1,2,2,2,43,7,2,0,0,2,0,0,9,10,E01030989,7,1,1,0,-1,0
202263C062122,2022,63C062122,2,1,1,1,35,6,3,0,0,0,0,0,9,3,W01000568,-1,0,0.00642,0.99358,-1,0
2022991222645,2022,991222645,3,3,2,1,54,8,3,0,0,2,0,0,9,10,-1,3,1,0,1,-1,0
2022221183530,2022,221183530,1,1,1,1,41,7,2,0,0,0,0,0,21,6,W01000489,7,1,1,0,-1,0
2022311144315,2022,311144315,1,1,3,1,58,9,2,8,5,0,0,1,0,8,E01028182,7,1,1,0,-1,0
2022311146949,2022,311146949,1,1,3,1,17,4,3,5,1,0,0,0,0,-1,-1,3,1,0,1,-1,0
2022471222089,2022,471222089,2,1,1,1,14,3,3,0,0,0,0,0,1,10,E01031389,3,1,0,1,-1,0
2022010352927,2022,010352927,1,1,1,1,39,7,3,0,0,0,0,0,3,4,E01003441,-1,0,0,1,-1,0
2022161128742,2022,161128742,1,3,2,2,27,6,2,0,0,1,0,0,9,3,E01012907,6,1,1,0,-1,0
2022211147952,2022,211147952,2,2,1,1,57,9,1,0,0,0,0,0,9,5,E01029352,1,1,0,0,-1,0
2022221227093,2022,221227093,2,2,1,1,23,5,3,0,0,0,0,0,9,6,E01032129,3,1,0,1,-1,0
2022231159842,2022,231159842,2,2,1,1,32,6,3,0,0,0,0,0,9,3,E01031053,3,1,0,1,-1,0
2022430084595,2022,430084595,2,2,2,2,39,7,3,0,0,1,0,0,9,9,E01032950,-1,0,0.00834,0.99166,-1,0
2022430323758,2022,430323758,1,1,1,1,62,9,3,0,0,0,0,0,9,5,W01001925,-1,0,0.03118,0.96882,-1,0
2022440029806,2022,440029806,1,1,2,1,18,4,3,0,0,1,0,0,9,3,E01030901,-1,0,0,1,-1,0
2022451132439,2022,451132439,1,1,1,2,47,8,3,0,0,0,0,0,9,9,E01030916,3,1,0,1,-1,0
2022461206100,2022,461206100,2,1,1,1,38,7,3,0,0,0,0,0,9,2,E01020925,3,1,0,1,-1,0
2022461263248,2022,461263248,1,1,1,1,22,5,3,0,0,0,0,0,9,5,E01024287,3,1,0,1,-1,0
2022531152810,2022,531152810,2,1,1,2,27,6,3,0,0,0,0,0,9,6,E01022348,3,1,0,1,-1,0
2022552201451,2022,552201451,2,1,1,1,60,9,3,0,0,0,0,0,9,5,E01031771,-1,0,0.01666,0.98334,-1,0
2022231228443,2022,231228443,2,3,2,2,23,5,3,0,0,0,4,0,11,1,E01008909,3,1,0,1,-1,0
2022010354705,2022,010354705,1,1,3,2,24,5,3,4,2,0,0,0,0,2,E01001719,-1,0,0,1,-1,0
2022201265559,2022,201265559,1,1,3,2,17,4,2,1,3,0,0,0,0,-1,-1,7,1,1,0,-1,0
2022010385405,2022,010385405,1,1,1,1,36,7,3,0,0,0,0,0,1,5,E01000996,-1,0,0,1,-1,0
2022440077982,2022,440077982,1,1,1,2,23,5,3,0,0,0,0,0,1,4,E01032756,-1,0,0,1,-1,0
2022010393843,2022,010393843,1,1,1,1,37,7,3,0,0,0,0,0,4,7,E01000701,-1,0,0,1,-1,0
2022221197337,2022,221197337,2,2,2,2,73,10,3,0,0,1,0,0,9,10,E01014177,3,1,0,1,-1,0
2022231200175,2022,231200175,3,1,1,1,32,6,3,0,0,0,0,0,9,2,E01009101,3,1,0,1,-1,0
2022302201617,2022,302201617,1,1,1,2,50,8,3,0,0,0,0,0,9,5,E01019494,-1,0,0.02731,0.97269,-1,0
2022311142771,2022,311142771,2,2,2,2,36,7,3,0,0,2,0,0,9,2,E01013842,3,1,0,1,-1,0
2022311142771,2022,311142771,2,3,2,1,42,7,3,0,0,1,0,0,9,2,E01013847,3,1,0,1,-1,0
2022371271830,2022,371271830,1,1,1,2,18,4,3,0,0,0,0,0,9,8,E01030121,3,1,0,1,-1,0
2022440083343,2022,440083343,3,1,2,2,57,9,3,0,0,1,0,0,9,8,E01030879,-1,0,0,1,-1,0
2022471167827,2022,471167827,1,3,2,2,28,6,3,0,0,1,0,0,9,1,E01010430,3,1,0,1,-1,0
2022501155154,2022,501155154,1,2,2,2,72,10,3,0,0,1,0,0,9,8,E01020054,3,1,0,1,-1,0
2022991261721,2022,991261721,3,2,2,1,56,9,2,0,0,1,0,0,9,8,-1,6,1,1,0,-1,0
2022010386158,2022,010386158,2,1,1,1,21,5,3,0,0,0,0,0,33,3,E01003926,-1,0,0,1,-1,1
2022041183059,2022,041183059,2,1,1,2,25,5,3,0,0,0,0,0,9,4,E01012665,3,1,0,1,-1,0
2022201216558,2022,201216558,1,1,1,1,20,4,2,0,0,0,0,0,9,2,E01010533,7,1,1,0,-1,0
2022231187974,2022,231187974,2,1,1,1,60,9,3,0,0,0,0,0,9,5,E01031105,3,1,0,1,-1,0
2022231191686,2022,231191686,3,1,1,1,50,8,2,0,0,0,0,0,9,10,E01031292,7,1,1,0,-1,0
2022351140865,2022,351140865,2,1,1,2,39,7,3,0,0,0,0,0,9,5,E01033176,3,1,0,1,-1,0
2022421139969,2022,421139969,2,1,2,2,20,4,3,0,0,2,0,0,9,8,E01016093,3,1,0,1,-1,0
2022430363128,2022,430363128,2,2,2,2,18,4,3,0,0,1,0,0,9,6,E01031193,-1,0,0.00095,0.99905,-1,0
2022531202888,2022,531202888,1,4,2,1,19,4,2,0,0,1,0,0,9,4,E01032936,7,1,1,0,-1,0
2022610027122,2022,610027122,1,1,1,1,36,7,3,0,0,1,0,0,9,7,W01001442,-1,0,0.10196,0.89804,-1,0
2022991209029,2022,991209029,1,1,2,2,17,4,3,0,0,1,0,0,9,6,-1,3,1,0,1,-1,0
2022052202897,2022,052202897,2,1,1,1,17,4,3,0,0,0,0,0,1,1,E01006766,-1,0,0.0697,0.9303,-1,0
2022010378072,2022,010378072,1,2,1,1,22,5,3,0,0,0,0,0,2,3,E01002564,-1,0,0,1,-1,0
2022010373136,2022,010373136,1,1,1,1,22,5,3,0,0,0,0,0,4,2,E01003176,-1,0,0,1,-1,0
2022131219487,2022,131219487,1,1,3,1,62,9,3,5,9,0,0,2,0,1,E01011358,3,1,0,1,-1,0
2022221187065,2022,221187065,2,1,3,2,21,5,3,9,5,0,0,0,0,1,E01009300,3,1,0,1,-1,0
2022302200412,2022,302200412,1,1,3,2,-1,-1,3,5,1,0,0,0,0,-1,-1,-1,0,0.01978,0.98022,-1,0
2022991196567,2022,991196567,1,1,3,1,8,2,2,5,4,0,0,0,0,3,-1,7,1,1,0,-1,0
2022991154869,2022,991154869,2,2,1,1,53,8,3,0,0,0,0,0,8,3,-1,3,1,0,1,-1,0
2022430042814,2022,430042814,2,2,2,1,39,7,3,0,0,0,0,0,19,10,E01028475,-1,0,0.00844,0.99156,-1,0
2022351234723,2022,351234723,1,1,3,1,53,8,2,5,9,0,0,0,0,5,E01018273,6,1,1,0,-1,0
2022622200074,2022,622200074,1,1,3,2,84,11,2,5,1,0,0,0,0,5,W01001161,-1,0,1,0,-1,0
2022371227149,2022,371227149,2,1,1,1,17,4,2,0,0,0,0,0,3,10,E01033319,7,1,1,0,-1,0
2022411205841,2022,411205841,2,1,1,1,31,6,2,0,0,0,0,0,5,6,E01023855,7,1,1,0,-1,0
2022010358147,2022,010358147,1,1,1,2,48,8,3,0,0,0,0,0,9,9,E01002509,-1,0,0,1,-1,0
2022041214279,2022,041214279,2,2,2,1,10,2,3,0,0,2,0,0,9,6,E01025458,3,1,0,1,-1,0
2022041214279,2022,041214279,2,3,1,2,32,6,3,0,0,0,0,0,9,6,E01025458,3,1,0,1,-1,0
2022201256594,2022,201256594,2,2,2,1,-1,-1,3,0,0,1,0,0,9,-1,-1,3,1,0,1,-1,0
202234WNC5092,2022,34WNC5092,2,1,2,2,45,7,2,0,0,1,0,0,9,2,E01006657,-1,0,0.70301,0.29699,-1,0
2022351214874,2022,351214874,2,1,1,1,21,5,3,0,0,0,0,0,9,6,E01026135,3,1,0,1,-1,0
2022361279187,2022,361279187,2,1,1,1,21,5,3,0,0,0,0,0,9,8,E01026551,3,1,0,1,-1,0
2022461151994,2022,461151994,1,2,2,1,19,4,3,0,0,2,0,0,9,4,E01024090,3,1,0,1,-1,0
2022461182751,2022,461182751,2,4,2,1,13,3,3,0,0,2,0,0,9,5,E01024503,3,1,0,1,-1,0
202263D027822,2022,63D027822,1,1,1,1,79,11,3,0,0,0,0,0,9,5,W01000427,-1,0,0.17867,0.82133,-1,0
2022052201608,2022,052201608,1,4,2,1,64,9,3,0,0,0,4,0,11,1,E01006771,-1,0,0.05233,0.94767,-1,0
2022131214692,2022,131214692,2,2,1,1,38,7,3,0,0,0,0,0,21,6,E01027994,3,1,0,1,-1,0
2022201260324,2022,201260324,1,1,3,1,17,4,3,5,1,0,0,0,0,1,E01009152,3,1,0,1,-1,0
2022061253031,2022,061253031,2,1,1,1,52,8,3,0,0,0,0,0,8,1,E01006360,3,1,0,1,-1,0
2022440091188,2022,440091188,2,1,1,1,25,5,3,0,0,0,0,0,9,7,E01016321,-1,0,0,1,-1,0
2022471214640,2022,471214640,2,1,1,1,23,5,3,0,0,0,0,0,9,7,E01031396,3,1,0,1,-1,0
2022501152394,2022,501152394,1,1,2,2,6,2,3,0,0,-1,0,0,9,8,E01020110,3,1,0,1,-1,0
2022522300065,2022,522300065,1,4,2,1,7,2,3,0,0,1,0,0,9,-1,-1,-1,0,0.10588,0.89412,-1,0
2022010394978,2022,010394978,1,1,2,2,73,10,3,0,0,0,4,0,11,3,E01004039,-1,0,0,1,-1,0
2022070208889,2022,070208889,2,2,1,1,54,8,2,0,0,0,0,0,20,8,E01017735,-1,0,1,0,-1,0
2022430119470,2022,430119470,1,1,1,2,21,5,3,0,0,0,0,0,9,8,E01032077,-1,0,0.01119,0.98881,-1,0
2022440195348,2022,440195348,2,1,1,1,31,6,3,0,0,0,0,0,9,9,E01031413,-1,0,0,1,-1,0
2022461135721,2022,461135721,2,1,2,2,74,10,3,0,0,1,0,0,9,9,E01000415,3,1,0,1,-1,0
2022622200741,2022,622200741,1,1,1,2,24,5,3,0,0,0,0,0,9,2,W01001138,-1,0,0.00635,0.99365,-1,0
2022010390571,2022,010390571,1,1,1,1,37,7,3,0,0,0,0,0,1,7,E01001204,-1,0,0,1,-1,0
2022221183530,2022,221183530,2,2,1,1,44,7,3,0,0,0,0,0,21,1,E01012641,3,1,0,1,-1,0
2022471244031,2022,471244031,2,2,2,2,19,4,3,0,0,0,0,0,90,6,E01031712,3,1,0,1,-1,0
202260B040056,2022,60B040056,1,1,3,1,27,6,3,9,5,0,0,1,0,-1,-1,-1,0,0.17494,0.82506,-1,0
2022201195067,2022,201195067,1,1,3,1,12,3,3,5,1,0,0,0,0,1,E01033639,3,1,0,1,-1,0
2022221210461,2022,221210461,1,1,3,1,7,2,2,8,3,0,0,0,0,5,E01028959,7,1,1,0,-1,0
2022471132353,2022,471132353,1,1,3,2,42,7,2,5,2,0,0,0,0,6,E01016889,6,1,1,0,-1,0
2022010400916,2022,010400916,1,1,1,1,52,8,3,0,0,0,0,0,3,1,E01002773,-1,0,0,1,-1,0
2022010413713,2022,010413713,2,4,2,2,22,5,3,0,0,2,0,0,8,-1,-1,-1,0,0,1,-1,0
2022041183832,2022,041183832,2,1,1,1,59,9,3,0,0,0,0,0,9,10,E01025259,3,1,0,1,-1,0
2022141184869,2022,141184869,1,1,1,1,25,5,3,0,0,0,0,0,9,-1,-1,3,1,0,1,-1,0
2022161232279,2022,161232279,2,1,1,1,32,6,3,0,0,0,0,0,9,9,E01012962,3,1,0,1,-1,0
2022221195514,2022,221195514,2,2,1,1,79,11,3,0,0,0,0,0,9,10,E01028845,3,1,0,1,-1,0
2022302200118,2022,302200118,2,1,1,1,75,10,2,0,0,0,0,0,9,9,E01025917,-1,0,1,0,-1,0
2022421263480,2022,421263480,2,1,1,1,40,7,3,0,0,0,0,0,9,7,E01022087,3,1,0,1,-1,0
2022430481456,2022,430481456,2,1,1,1,55,8,3,0,0,0,0,0,9,2,E01001961,-1,0,0.01813,0.98187,-1,0
2022471222901,2022,471222901,2,1,2,2,4,1,3,0,0,2,0,0,9,3,E01032832,3,1,0,1,-1,0
2022552200779,2022,552200779,1,1,1,2,36,7,3,0,0,0,0,0,9,-1,-1,-1,0,0.04486,0.95514,-1,0
2022451229711,2022,451229711,1,2,1,1,19,4,2,0,0,0,0,0,19,2,E01003832,6,1,1,0,-1,0
2022481225681,2022,481225681,2,1,1,1,22,5,3,0,0,0,0,0,33,-1,-1,3,1,0,1,-1,1
2022010404550,2022,010404550,2,1,1,1,30,6,3,0,0,0,0,0,2,6,E01033463,-1,0,0,1,-1,0
2022501148312,2022,501148312,1,1,1,1,27,6,3,0,0,0,0,0,3,5,E01015129,3,1,0,1,-1,0
2022440096040,2022,440096040,1,1,1,1,59,9,2,0,0,0,0,0,9,1,E01020912,-1,0,0.92406,0.07594,-1,0
2022440365478,2022,440365478,1,2,2,2,40,7,3,0,0,1,0,0,9,9,E01022894,-1,0,0,1,-1,0
2022991147756,2022,991147756,2,2,1,1,21,5,3,0,0,0,0,0,9,6,-1,3,1,0,1,-1,0
2022010386563,2022,010386563,1,1,2,2,56,9,2,0,0,0,4,0,11,2,E01004613,-1,0,1,0,-1,0
2022010401080,2022,010401080,1,1,2,2,40,7,3,0,0,0,4,0,11,4,E01003608,-1,0,0,1,-1,0
2022010373382,2022,010373382,2,1,2,2,37,7,3,0,0,1,0,0,9,7,E01015967,-1,0,0,1,-1,0
2022010375880,2022,010375880,1,1,1,2,45,7,3,0,0,0,0,0,9,5,E01000264,-1,0,0,1,-1,0
2022010418348,2022,010418348,8,2,1,1,36,7,3,0,0,0,0,0,9,-1,-1,-1,0,0,1,-1,0
2022101220543,2022,101220543,3,2,1,1,60,9,3,0,0,0,0,0,9,-1,-1,3,1,0,1,-1,0
2022401161373,2022,401161373,2,1,1,1,26,6,3,0,0,0,0,0,9,1,E01017466,3,1,0,1,-1,0
2022461205200,2022,461205200,1,1,1,2,63,9,3,0,0,0,0,0,9,5,E01032654,3,1,0,1,-1,0
2022610033822,2022,610033822,1,1,1,2,23,5,3,0,0,1,0,0,9,8,W01001537,-1,0,0.02489,0.97511,-1,0
202263B016222,2022,63B016222,2,2,2,2,35,6,3,0,0,1,0,0,9,-1,-1,-1,0,0.00374,0.99626,-1,0
2022302200946,2022,302200946,2,1,1,2,36,7,3,0,0,0,0,0,3,3,E01019552,-1,0,0.02363,0.97637,-1,0
2022522201444,2022,522201444,1,1,3,1,32,6,3,9,9,0,0,1,0,3,E01020010,-1,0,0.23144,0.76856,-1,0
2022010413713,2022,010413713,2,3,2,2,22,5,3,0,0,2,0,0,8,-1,-1,-1,0,0,1,-1,0
2022010369774,2022,010369774,1,1,3,1,22,5,2,5,3,0,0,0,0,2,E01004725,-1,0,1,0,-1,0
2022070330934,2022,070330934,2,1,1,1,42,7,3,0,0,0,0,0,4,10,E01018653,-1,0,0.07099,0.92901,-1,0
2022471155003,2022,471155003,1,1,2,1,15,3,3,0,0,0,0,0,5,5,E01031481,3,1,0,1,-1,0
2022501190784,2022,501190784,1,1,1,1,41,7,3,0,0,0,0,0,5,5,E01015091,3,1,0,1,-1,0
2022010413044,2022,010413044,1,2,2,2,32,6,3,0,0,1,0,0,9,-1,-1,-1,0,0,1,-1,0
2022070554448,2022,070554448,1,1,1,1,53,8,3,0,0,0,0,0,9,-1,-1,-1,0,0.01942,0.98058,-1,0
2022070783251,2022,070783251,2,2,1,1,60,9,3,0,0,0,0,0,9,2,E01014664,-1,0,0.04406,0.95594,-1,0
2022131209060,2022,131209060,2,2,2,2,64,9,3,0,0,1,0,0,9,2,E01011002,3,1,0,1,-1,0
2022141138127,2022,141138127,2,1,1,2,38,7,3,0,0,0,0,0,9,6,E01007649,3,1,0,1,-1,0
2022231269783,2022,231269783,1,2,2,1,30,6,3,0,0,2,0,0,9,2,E01009874,3,1,0,1,-1,0
202234NNC3352,2022,34NNC3352,2,1,1,1,43,7,3,0,0,0,0,0,9,-1,-1,-1,0,0,1,-1,0
2022351249230,2022,351249230,2,1,1,1,24,5,3,0,0,0,0,0,9,1,E01018103,3,1,0,1,-1,0
2022361230460,2022,361230460,2,1,1,1,22,5,2,0,0,0,0,0,9,1,E01026798,6,1,1,0,-1,0
2022421146896,2022,421146896,2,1,1,2,72,10,3,0,0,0,0,0,9,9,E01021428,3,1,0,1,-1,0
202260B154806,2022,60B154806,2,1,1,1,24,5,3,0,0,0,0,0,9,-1,-1,-1,0,0.01757,0.98243,-1,0
2022991162025,2022,991162025,1,1,2,2,87,11,1,0,0,1,0,0,9,5,-1,1,1,0,0,-1,0
2022070692422,2022,070692422,2,1,1,1,44,7,3,0,0,0,0,0,19,-1,-1,-1,0,0.00579,0.99421,-1,0
2022302200335,2022,302200335,1,1,1,1,49,8,3,0,0,0,0,0,19,6,E01009749,-1,0,0.0283,0.9717,-1,0
2022010355042,2022,010355042,4,2,2,2,72,10,3,0,0,1,0,0,9,2,E01002702,-1,0,0,1,-1,0
2022010384835,2022,010384835,1,2,2,2,9,2,3,0,0,2,0,0,9,7,E01002473,-1,0,0,1,-1,0
2022010402803,2022,010402803,2,1,1,2,40,7,3,0,0,0,0,0,9,3,E01000403,-1,0,0,1,-1,0
2022052200051,2022,052200051,2,1,1,2,39,7,3,0,0,0,0,0,9,7,E01006471,-1,0,0.03401,0.96599,-1,0
2022060935790,2022,060935790,1,1,1,1,37,7,2,0,0,0,0,0,9,10,E01012517,-1,0,1,0,-1,0
2022161251481,2022,161251481,2,1,1,2,20,4,3,0,0,0,0,0,9,9,E01013243,3,1,0,1,-1,0
2022211244139,2022,211244139,1,1,2,2,20,4,3,0,0,1,0,0,9,-1,-1,3,1,0,1,-1,0
2022231185897,2022,231185897,2,1,2,2,44,7,3,0,0,1,0,0,9,6,E01031084,3,1,0,1,-1,0
2022231269136,2022,231269136,2,3,2,1,5,1,3,0,0,-1,0,0,9,-1,-1,3,1,0,1,-1,0
2022991153285,2022,991153285,2,1,1,2,27,6,3,0,0,0,0,0,9,4,-1,3,1,0,1,-1,0
2022991246961,2022,991246961,1,1,1,1,21,5,2,0,0,0,0,0,1,1,-1,5,1,1,0,-1,0
2022501165044,2022,501165044,3,3,1,1,43,7,3,0,0,0,0,0,21,2,E01033292,3,1,0,1,-1,0
2022991220458,2022,991220458,2,1,1,1,62,9,2,0,0,0,0,0,4,2,-1,7,1,1,0,-1,0
2022031198847,2022,031198847,2,1,1,1,32,6,3,0,0,0,0,0,5,-1,-1,3,1,0,1,-1,0
2022061174288,2022,061174288,1,1,1,1,35,6,1,0,0,0,0,0,5,1,E01005941,1,1,0,0,-1,0
2022010386063,2022,010386063,1,1,3,2,66,10,3,5,1,0,0,0,0,10,E01023551,-1,0,0,1,-1,0
2022471139704,2022,471139704,1,1,3,2,19,4,3,10,5,0,0,0,0,1,E01016964,3,1,0,1,-1,0
2022170S41752,2022,170S41752,1,1,1,2,78,11,2,0,0,0,0,0,9,9,E01012203,-1,0,1,0,-1,0
2022201270793,2022,201270793,1,1,2,2,55,8,3,0,0,1,0,0,9,2,E01010425,3,1,0,1,-1,0
2022211324695,2022,211324695,2,1,1,2,18,4,3,0,0,0,0,0,9,8,E01019868,3,1,0,1,-1,0
2022221176668,2022,221176668,2,1,1,1,36,7,3,0,0,0,0,0,9,1,E01009160,3,1,0,1,-1,0
2022221257091,2022,221257091,2,2,2,2,37,7,3,0,0,1,0,0,9,-1,-1,3,1,0,1,-1,0
2022320409283,2022,320409283,2,1,2,2,32,6,3,0,0,2,0,0,9,8,E01019476,-1,0,0.01971,0.98029,-1,0
202234WNC6642,2022,34WNC6642,2,1,1,1,52,8,2,0,0,0,0,0,9,7,E01007689,-1,0,0.68628,0.31372,-1,0
2022522300065,2022,522300065,1,1,1,2,29,6,3,0,0,0,0,0,9,5,E01014431,-1,0,0.13406,0.86594,-1,0
2022010410510,2022,010410510,2,1,1,1,-1,-1,3,0,0,0,0,0,1,2,E01001731,-1,0,0,1,-1,0
2022122300274,2022,122300274,1,1,1,2,69,10,3,0,0,0,0,0,3,8,E01013392,-1,0,0.11003,0.88997,-1,0
2022430489440,2022,430489440,1,1,1,1,41,7,3,0,0,0,0,0,19,4,E01017667,-1,0,0.00838,0.99162,-1,0
2022471254897,2022,471254897,2,1,1,1,53,8,3,0,0,0,0,0,19,5,E01011077,3,1,0,1,-1,0
2022991215247,2022,991215247,1,1,3,1,24,5,3,8,5,0,0,1,0,2,-1,3,1,0,1,-1,0
2022070039455,2022,070039455,1,1,1,1,19,4,2,0,0,0,0,0,3,5,E01018719,-1,0,1,0,-1,0
2022010371574,2022,010371574,2,1,2,2,47,8,3,0,0,0,0,0,5,8,E01033580,-1,0,0,1,-1,0
2022010415581,2022,010415581,1,2,2,-1,-1,-1,3,0,0,1,0,0,9,2,E01004323,-1,0,0,1,-1,0
2022131139381,2022,131139381,1,1,1,2,73,10,3,0,0,0,0,0,9,3,E01010895,3,1,0,1,-1,0
2022161265365,2022,161265365,3,2,1,1,27,6,3,0,0,0,0,0,9,1,E01012806,3,1,0,1,-1,0
2022231159842,2022,231159842,1,1,1,1,39,7,3,0,0,0,0,0,9,6,E01006125,3,1,0,1,-1,0
2022231269136,2022,231269136,2,1,1,2,31,6,3,0,0,0,0,0,9,7,E01009442,3,1,0,1,-1,0
2022332200043,2022,332200043,1,1,1,1,34,6,3,0,0,0,0,0,9,3,E01005421,-1,0,0.00633,0.99367,-1,0
2022440401713,2022,440401713,2,1,1,2,67,10,3,0,0,0,0,0,9,8,E01023245,-1,0,0,1,-1,0
2022471251453,2022,471251453,2,1,1,2,58,9,3,0,0,0,0,0,9,3,E01031556,3,1,0,1,-1,0
2022991253729,2022,991253729,2,3,1,1,61,9,3,0,0,0,0,0,9,2,-1,3,1,0,1,-1,0
2022010395650,2022,010395650,1,1,1,2,61,9,3,0,0,0,0,0,19,5,E01001536,-1,0,0,1,-1,0
2022991163442,2022,991163442,1,2,1,1,34,6,3,0,0,0,0,0,19,2,-1,3,1,0,1,-1,0
2022101176870,2022,101176870,2,1,1,1,-1,-1,3,0,0,0,0,0,22,-1,-1,3,1,0,1,-1,0
2022010380758,2022,010380758,1,1,1,1,25,5,3,0,0,0,0,0,1,7,E01004566,-1,0,0,1,-1,0
2022061213304,2022,061213304,2,1,1,1,30,6,3,0,0,0,0,0,1,2,E01005178,3,1,0,1,-1,0
2022991169092,2022,991169092,2,1,1,1,24,5,3,0,0,0,0,0,1,4,-1,3,1,0,1,-1,0
2022010352620,2022,010352620,2,1,1,1,37,7,3,0,0,0,0,0,9,1,E01002694,-1,0,0,1,-1,0
2022010356373,2022,010356373,1,1,1,2,30,6,3,0,0,0,0,0,9,10,E01024426,-1,0,0,1,-1,0
2022010387591,2022,010387591,2,1,2,2,45,7,3,0,0,2,0,0,9,8,E01023541,-1,0,0,1,-1,0
2022061211969,2022,061211969,2,1,2,2,62,9,3,0,0,1,0,0,9,4,W01000220,3,1,0,1,-1,0
2022302201139,2022,302201139,3,2,1,1,32,6,2,0,0,0,0,0,9,-1,-1,-1,0,1,0,-1,0
2022332200749,2022,332200749,2,2,2,1,42,7,3,0,0,1,0,0,9,3,E01025994,-1,0,0.01828,0.98172,-1,0
2022371267024,2022,371267024,2,1,1,1,66,10,3,0,0,0,0,0,9,2,E01021685,3,1,0,1,-1,0
2022430522009,2022,430522009,2,3,1,2,25,5,3,0,0,0,0,0,9,10,E01028476,-1,0,0.00853,0.99147,-1,0
2022440186729,2022,440186729,1,1,1,2,81,11,3,0,0,0,0,0,9,7,E01032618,-1,0,0,1,-1,0
2022471193939,2022,471193939,1,1,1,2,36,7,3,0,0,0,0,0,9,6,E01031669,3,1,0,1,-1,0
2022471175053,2022,471175053,2,1,1,1,41,7,3,0,0,0,0,0,19,7,E01031500,3,1,0,1,-1,0
2022031254767,2022,031254767,2,2,1,2,47,8,3,0,0,0,0,0,9,3,E01019114,3,1,0,1,-1,0
2022170L10732,2022,170L10732,1,2,2,2,30,6,3,0,0,1,0,0,9,2,E01012165,-1,0,0.01052,0.98948,-1,0
2022231257889,2022,231257889,2,2,2,1,87,11,3,0,0,1,0,0,9,4,E01027982,3,1,0,1,-1,0
2022302201683,2022,302201683,2,1,1,1,55,8,3,0,0,0,0,0,9,6,E01019819,-1,0,0.0397,0.9603,-1,0
2022311195019,2022,311195019,1,1,1,2,25,5,2,0,0,0,0,0,9,-1,-1,5,1,1,0,-1,0
2022371283618,2022,371283618,2,1,1,1,50,8,3,0,0,0,0,0,9,6,E01030041,3,1,0,1,-1,0
202254D161922,2022,54D161922,1,1,1,2,19,4,3,0,0,0,0,0,9,8,E01031868,-1,0,0.02851,0.97149,-1,0
202260B008693,2022,60B008693,3,2,1,1,39,7,2,0,0,0,0,0,9,-1,-1,-1,0,1,0,-1,0
2022991148463,2022,991148463,2,1,1,2,29,6,3,0,0,0,0,0,9,4,-1,3,1,0,1,-1,0
2022010371709,2022,010371709,2,1,1,1,56,9,3,0,0,0,0,0,1,10,E01031763,-1,0,0,1,-1,0
2022052201666,2022,052201666,2,1,1,1,33,6,3,0,0,0,0,0,1,-1,-1,-1,0,0.11717,0.88283,-1,0
2022010370693,2022,010370693,1,1,1,1,40,7,3,0,0,0,0,0,3,4,E01002964,-1,0,0,1,-1,0
2022131150409,2022,131150409,1,1,1,1,36,7,3,0,0,0,0,0,90,3,E01018093,3,1,0,1,-1,0
2022010414831,2022,010414831,1,1,3,2,-1,-1,3,5,9,0,0,0,0,-1,-1,-1,0,0,1,-1,0
2022371153481,2022,371153481,1,2,1,1,33,6,3,0,0,0,0,0,19,7,E01029947,3,1,0,1,-1,0
2022201155711,2022,201155711,1,1,3,1,47,8,3,5,9,0,0,2,0,1,E01009275,3,1,0,1,-1,0
2022010397175,2022,010397175,1,1,1,2,38,7,3,0,0,0,0,0,1,3,E01002084,-1,0,0,1,-1,0
2022161203262,2022,161203262,2,1,1,1,37,7,2,0,0,0,0,0,1,1,E01013139,7,1,1,0,-1,0
2022351210403,2022,351210403,2,2,1,1,32,6,3,0,0,0,0,0,3,4,E01015655,3,1,0,1,-1,0
2022010409548,2022,010409548,1,1,2,2,24,5,3,0,0,2,0,0,9,2,E01003297,-1,0,0,1,-1,0
2022131211798,2022,131211798,2,2,2,2,34,6,3,0,0,1,0,0,9,6,E01011425,3,1,0,1,-1,0
2022201167974,2022,201167974,1,3,2,1,21,5,3,0,0,1,0,0,9,4,E01009861,3,1,0,1,-1,0
2022201273700,2022,201273700,2,2,1,2,24,5,3,0,0,0,0,0,9,9,E01010332,3,1,0,1,-1,0
2022421189018,2022,421189018,3,1,2,2,63,9,3,0,0,1,0,0,9,7,E01002343,3,1,0,1,-1,0
2022471214640,2022,471214640,2,2,2,1,5,1,2,0,0,1,0,0,9,7,E01031396,6,1,1,0,-1,0
2022622200656,2022,622200656,1,1,1,1,41,7,3,0,0,0,0,0,9,3,W01001021,-1,0,0.03574,0.96426,-1,0
2022991227018,2022,991227018,1,8,2,2,74,10,3,0,0,0,4,0,11,7,-1,3,1,0,1,-1,0
202263D027822,2022,63D027822,2,4,2,1,56,9,3,0,0,0,0,0,19,8,W01000444,-1,0,0.04568,0.95432,-1,0
2022010392717,2022,010392717,2,1,1,1,39,7,3,0,0,0,0,0,33,5,E01001157,-1,0,0,1,-1,1
2022010395878,2022,010395878,1,1,3,2,22,5,2,1,3,0,0,0,0,-1,-1,-1,0,1,0,-1,0
2022201265796,2022,201265796,2,1,1,2,-1,-1,3,0,0,0,0,0,1,-1,-1,3,1,0,1,-1,0
2022010353786,2022,010353786,2,2,1,1,42,7,2,0,0,0,0,0,3,3,E01003570,-1,0,1,0,-1,0
2022302201773,2022,302201773,2,1,1,1,57,9,3,0,0,0,0,0,4,4,E01013503,-1,0,0.05173,0.94827,-1,0
2022610017222,2022,610017222,2,1,1,1,57,9,3,0,0,0,0,0,4,3,W01001634,-1,0,0.16599,0.83401,-1,0
2022010413713,2022,010413713,2,2,1,1,43,7,3,0,0,0,0,0,8,7,E01002154,-1,0,0,1,-1,0
2022041194521,2022,041194521,2,1,1,1,42,7,3,0,0,0,0,0,9,8,E01025089,3,1,0,1,-1,0
2022141183372,2022,141183372,1,1,1,1,32,6,3,0,0,0,0,0,9,1,E01007677,3,1,0,1,-1,0
2022141184869,2022,141184869,2,2,1,1,41,7,2,0,0,0,0,0,9,4,E01011008,6,1,1,0,-1,0
2022221195514,2022,221195514,2,3,2,2,78,11,3,0,0,1,0,0,9,10,E01028845,3,1,0,1,-1,0
2022311142771,2022,311142771,2,1,1,2,40,7,3,0,0,0,0,0,9,2,E01013847,3,1,0,1,-1,0
2022461151994,2022,461151994,1,3,2,1,19,4,3,0,0,1,0,0,9,4,E01024090,3,1,0,1,-1,0
202263C105222,2022,63C105222,1,1,1,1,57,9,3,0,0,0,0,0,9,8,W01000649,-1,0,0.13843,0.86157,-1,0
2022141186836,2022,141186836,1,1,1,2,25,5,3,0,0,0,0,0,9,3,E01007346,3,1,0,1,-1,0
2022361213703,2022,361213703,1,1,2,2,20,4,3,0,0,1,0,0,9,6,E01026761,3,1,0,1,-1,0
2022421222260,2022,421222260,2,1,1,2,37,7,3,0,0,0,0,0,9,10,E01021935,3,1,0,1,-1,0
2022430047814,2022,430047814,2,1,1,1,27,6,3,0,0,0,0,0,9,10,E01017393,-1,0,0.00511,0.99489,-1,0
2022451231184,2022,451231184,1,1,1,1,20,4,3,0,0,0,0,0,9,10,E01030989,3,1,0,1,-1,0
2022451244377,2022,451244377,1,1,2,2,18,4,3,0,0,1,0,0,9,1,E01009983,3,1,0,1,-1,0
2022622200506,2022,622200506,1,2,2,2,19,4,3,0,0,2,0,0,9,1,W01001188,-1,0,0.01172,0.98828,-1,0
2022371218281,2022,371218281,1,1,1,1,61,9,3,0,0,0,0,0,21,6,E01030090,3,1,0,1,-1,0
2022522205385,2022,522205385,1,1,3,1,65,9,3,6,8,0,0,0,0,-1,-1,-1,0,0.15134,0.84866,-1,0
2022010403586,2022,010403586,1,2,2,2,45,7,3,0,0,0,4,0,11,2,E01003337,-1,0,0,1,-1,0
2022070228066,2022,070228066,1,1,1,1,28,6,3,0,0,0,0,0,9,1,E01009269,-1,0,0.0814,0.9186,-1,0
2022471242068,2022,471242068,2,1,1,1,48,8,3,0,0,0,0,0,9,7,E01021181,3,1,0,1,-1,0
2022471249594,2022,471249594,2,1,1,2,47,8,3,0,0,0,0,0,9,1,E01016868,3,1,0,1,-1,0
2022501208047,2022,501208047,2,1,1,1,81,11,3,0,0,0,0,0,9,9,W01001775,3,1,0,1,-1,0
202263C021222,2022,63C021222,1,1,2,2,20,4,3,0,0,1,0,0,9,-1,-1,-1,0,0.07333,0.92667,-1,0
2022991134501,2022,991134501,2,2,1,1,40,7,3,0,0,0,0,0,9,1,-1,3,1,0,1,-1,0
2022991207860,2022,991207860,1,1,1,2,88,11,3,0,0,0,0,0,9,10,-1,3,1,0,1,-1,0
2022991236393,2022,991236393,2,1,1,1,43,7,2,0,0,0,0,0,9,2,-1,7,1,1,0,-1,0
2022041213388,2022,041213388,2,1,1,1,60,9,3,0,0,0,0,0,1,6,E01025421,3,1,0,1,-1,0
2022320152609,2022,320152609,1,2,1,1,55,8,2,0,0,0,0,0,21,6,-1,-1,0,1,0,-1,0
2022010408090,2022,010408090,1,1,1,1,31,6,3,0,0,0,0,0,3,8,E01003455,-1,0,0,1,-1,0
2022052200474,2022,052200474,2,1,1,1,41,7,3,0,0,0,0,0,4,3,E01006743,-1,0,0.11204,0.88796,-1,0
2022991177103,2022,991177103,1,1,3,1,70,10,3,1,4,0,0,0,0,8,-1,3,1,0,1,-1,0
2022221236997,2022,221236997,1,1,2,1,41,7,2,0,0,0,0,0,19,2,E01032250,5,1,1,0,-1,0
2022501224593,2022,501224593,1,1,1,1,57,9,3,0,0,0,0,0,19,2,E01015086,3,1,0,1,-1,0
2022451230077,2022,451230077,1,1,3,2,11,3,3,5,2,0,0,2,0,8,E01030549,3,1,0,1,-1,0
2022531231422,2022,531231422,1,2,3,1,23,5,2,9,9,0,0,-1,0,5,E01017152,5,1,1,0,-1,0
2022991165438,2022,991165438,1,1,3,1,78,11,2,1,1,0,0,0,0,8,-1,7,1,1,0,-1,0
2022302201996,2022,302201996,2,1,1,1,41,7,3,0,0,0,0,0,1,6,E01019405,-1,0,0.05993,0.94007,-1,0
2022531249190,2022,531249190,2,1,1,1,34,6,3,0,0,0,0,0,1,5,E01022150,3,1,0,1,-1,0
2022010378184,2022,010378184,1,1,1,1,39,7,3,0,0,0,0,0,3,6,E01001665,-1,0,0,1,-1,0
2022221192370,2022,221192370,1,1,1,1,62,9,3,0,0,0,0,0,9,2,E01014140,3,1,0,1,-1,0
2022221237811,2022,221237811,2,1,1,2,29,6,3,0,0,0,0,0,9,7,E01032191,3,1,0,1,-1,0
2022430383249,2022,430383249,2,1,1,2,36,7,3,0,0,0,0,0,9,8,E01028765,-1,0,0.00696,0.99304,-1,0
2022430402218,2022,430402218,3,1,1,2,48,8,3,0,0,0,0,0,9,9,E01016620,-1,0,0.02035,0.97965,-1,0
2022440083343,2022,440083343,2,2,1,1,38,7,3,0,0,0,0,0,9,7,E01023198,-1,0,0,1,-1,0
2022461217208,2022,461217208,1,1,1,2,58,9,3,0,0,0,0,0,19,1,E01033456,3,1,0,1,-1,0
2022991228340,2022,991228340,2,1,1,1,28,6,3,0,0,0,0,0,19,9,-1,3,1,0,1,-1,0
2022122200987,2022,122200987,1,1,1,1,11,3,3,0,0,0,0,0,33,8,E01027714,-1,0,0.08056,0.91944,-1,1
2022070650091,2022,070650091,1,1,3,1,8,2,3,1,1,0,0,0,0,3,E01018461,-1,0,0.14575,0.85425,-1,0
2022070650091,2022,070650091,1,3,3,2,5,1,3,1,1,0,0,0,0,3,E01018461,-1,0,0.13204,0.86796,-1,0
2022991150464,2022,991150464,1,1,3,1,57,9,3,9,8,0,0,1,0,6,-1,3,1,0,1,-1,0
2022131222620,2022,131222620,2,1,1,1,26,6,3,0,0,0,0,0,1,1,E01011093,3,1,0,1,-1,0
2022010356165,2022,010356165,1,1,2,2,34,6,3,0,0,1,0,0,9,10,E01021351,-1,0,0,1,-1,0
2022201250759,2022,201250759,2,1,1,2,38,7,3,0,0,0,0,0,9,1,E01009160,3,1,0,1,-1,0
2022371208039,2022,371208039,1,4,2,1,61,9,2,0,0,2,0,0,9,5,E01026862,6,1,1,0,-1,0
2022430281570,2022,430281570,1,1,1,2,25,5,3,0,0,0,0,0,9,7,E01023850,-1,0,0.00331,0.99669,-1,0
2022440265572,2022,440265572,1,1,1,2,39,7,3,0,0,0,0,0,9,10,E01022861,-1,0,0,1,-1,0
2022451191798,2022,451191798,1,1,1,2,41,7,2,0,0,0,0,0,9,9,E01017248,7,1,1,0,-1,0
2022461236635,2022,461236635,1,1,1,1,23,5,3,0,0,0,0,0,9,2,E01024246,3,1,0,1,-1,0
2022501230660,2022,501230660,1,2,2,1,25,5,3,0,0,1,0,0,9,-1,-1,3,1,0,1,-1,0
2022541044722,2022,541044722,2,1,1,2,21,5,3,0,0,0,0,0,9,8,E01015551,-1,0,0.01115,0.98885,-1,0
2022991160001,2022,991160001,1,1,1,2,63,9,3,0,0,0,0,0,9,5,-1,3,1,0,1,-1,0
2022010403586,2022,010403586,1,1,2,2,65,9,3,0,0,0,4,0,11,3,E01004064,-1,0,0,1,-1,0
2022411139292,2022,411139292,2,1,1,2,20,4,3,0,0,0,0,0,19,3,E01023496,3,1,0,1,-1,0
2022471242206,2022,471242206,1,1,1,1,16,4,3,0,0,0,0,0,97,7,E01031414,3,1,0,1,-1,0
2022052201608,2022,052201608,1,1,2,2,85,11,3,0,0,0,4,0,11,1,E01006769,-1,0,0.08923,0.91077,-1,0
2022010409548,2022,010409548,2,2,1,2,19,4,3,0,0,0,0,0,9,4,E01001645,-1,0,0,1,-1,0
2022131145867,2022,131145867,2,1,1,1,17,4,3,0,0,0,0,0,9,2,E01010815,3,1,0,1,-1,0
2022211162679,2022,211162679,1,1,1,1,52,8,3,0,0,0,0,0,9,4,E01028471,3,1,0,1,-1,0
2022221210256,2022,221210256,3,1,1,1,52,8,3,0,0,0,0,0,9,6,E01022445,3,1,0,1,-1,0
2022231242906,2022,231242906,2,1,1,2,74,10,3,0,0,0,0,0,9,7,E01031013,3,1,0,1,-1,0
2022547064322,2022,547064322,1,1,1,1,21,5,3,0,0,0,0,0,9,10,E01032072,-1,0,0.0534,0.9466,-1,0
2022320152609,2022,320152609,2,1,1,1,32,6,3,0,0,0,0,0,20,7,E01032989,-1,0,0.04895,0.95105,-1,0
2022411224524,2022,411224524,2,1,1,1,-1,-1,3,0,0,0,0,0,3,7,E01003675,3,1,0,1,-1,0
2022010397104,2022,010397104,1,1,3,1,-1,-1,3,10,9,0,0,1,0,-1,-1,-1,0,0,1,-1,0
2022430187125,2022,430187125,1,1,3,1,10,2,2,5,1,0,0,0,0,10,E01017884,-1,0,1,0,-1,0
2022546300322,2022,546300322,1,1,3,1,46,8,3,10,9,0,0,0,0,9,E01032710,-1,0,0.0515,0.9485,-1,0
2022622200046,2022,622200046,1,1,3,1,53,8,3,7,9,0,0,1,0,3,W01000965,-1,0,0.15245,0.84755,-1,0
2022010369727,2022,010369727,1,2,3,1,35,6,3,5,9,0,0,1,0,7,E01000574,-1,0,0,1,-1,0
2022371232470,2022,371232470,1,1,3,1,40,7,3,6,9,0,0,0,0,6,E01033043,3,1,0,1,-1,0
2022991225419,2022,991225419,1,1,3,2,25,5,2,2,1,0,0,0,0,1,-1,5,1,1,0,-1,0
2022010392093,2022,010392093,1,1,1,1,27,6,2,0,0,0,0,0,1,5,E01004601,-1,0,1,0,-1,0
2022302201273,2022,302201273,2,1,1,1,46,8,2,0,0,0,0,0,1,9,E01013462,-1,0,1,0,-1,0
2022440321413,2022,440321413,1,1,1,1,47,8,3,0,0,0,0,0,2,8,E01017190,-1,0,0,1,-1,0
2022010360964,2022,010360964,2,1,1,1,19,4,3,0,0,0,0,0,3,2,E01003229,-1,0,0,1,-1,0
2022010373794,2022,010373794,2,1,1,1,33,6,3,0,0,0,0,0,9,-1,-1,-1,0,0,1,-1,0
2022070055078,2022,070055078,1,1,1,1,53,8,3,0,0,0,0,0,9,-1,-1,-1,0,0.07827,0.92173,-1,0
2022131246065,2022,131246065,1,1,1,2,29,6,3,0,0,0,0,0,9,2,E01010916,3,1,0,1,-1,0
2022201244170,2022,201244170,2,1,1,1,46,8,3,0,0,0,0,0,9,8,E01010329,3,1,0,1,-1,0
2022201267138,2022,201267138,1,2,2,2,51,8,3,0,0,1,0,0,9,-1,-1,3,1,0,1,-1,0
2022332200161,2022,332200161,2,2,1,1,27,6,3,0,0,0,0,0,9,8,E01025993,-1,0,0.01187,0.98813,-1,0
202234NNC6102,2022,34NNC6102,1,2,2,2,61,9,3,0,0,2,0,0,9,-1,-1,-1,0,0,1,-1,0
2022421169928,2022,421169928,2,1,1,1,64,9,2,0,0,0,0,0,9,4,E01000331,6,1,1,0,-1,0
2022421262492,2022,421262492,2,1,1,2,21,5,3,0,0,0,0,0,9,9,E01021428,3,1,0,1,-1,0
2022430098038,2022,430098038,2,1,1,1,47,8,3,0,0,0,0,0,9,3,E01002589,-1,0,0.01318,0.98682,-1,0
2022471130998,2022,471130998,1,1,1,1,46,8,3,0,0,0,0,0,9,8,E01031732,3,1,0,1,-1,0
2022471225860,2022,471225860,2,2,2,1,27,6,3,0,0,1,0,0,9,4,E01020965,3,1,0,1,-1,0
2022522300373,2022,522300373,2,1,1,2,50,8,3,0,0,0,0,0,9,5,E01033350,-1,0,0.02613,0.97387,-1,0
2022991168261,2022,991168261,2,2,2,2,67,10,2,0,0,2,0,0,9,8,W01000124,5,1,1,0,-1,0
2022010391294,2022,010391294,1,2,2,2,13,3,3,0,0,0,0,0,10,3,E01003521,-1,0,0,1,-1,0
2022052201608,2022,052201608,1,6,2,1,5,1,3,0,0,0,4,0,11,3,E01007177,-1,0,0.0313,0.9687,-1,0
2022010371828,2022,010371828,1,1,1,1,31,6,3,0,0,0,0,0,3,6,E01001964,-1,0,0,1,-1,0
2022461212365,2022,461212365,1,1,1,2,34,6,3,0,0,0,0,0,5,3,E01016171,3,1,0,1,-1,0
2022622200610,2022,622200610,2,2,1,1,34,6,3,0,0,0,0,0,5,2,W01000844,-1,0,0.07766,0.92234,-1,0
2022010366459,2022,010366459,1,1,1,2,29,6,3,0,0,0,0,0,9,6,E01023900,-1,0,0,1,-1,0
2022010384835,2022,010384835,3,7,2,2,62,9,2,0,0,2,0,0,9,6,E01002662,-1,0,1,0,-1,0
2022010413044,2022,010413044,1,3,2,1,32,6,3,0,0,2,0,0,9,-1,-1,-1,0,0,1,-1,0
2022061236565,2022,061236565,1,1,1,1,30,6,3,0,0,0,0,0,9,-1,-1,3,1,0,1,-1,0
2022131211798,2022,131211798,2,3,2,2,11,3,3,0,0,2,0,0,9,6,E01011425,3,1,0,1,-1,0
2022231257889,2022,231257889,1,1,1,1,29,6,3,0,0,0,0,0,9,1,E01012851,3,1,0,1,-1,0
2022421147970,2022,421147970,1,3,2,2,38,7,3,0,0,1,0,0,9,-1,-1,3,1,0,1,-1,0
2022430457936,2022,430457936,1,1,2,1,16,4,3,0,0,2,0,0,9,-1,-1,-1,0,0.01622,0.98378,-1,0
2022461187338,2022,461187338,1,1,1,1,27,6,2,0,0,0,0,0,9,2,E01023974,7,1,1,0,-1,0
2022991211308,2022,991211308,2,1,2,1,31,6,3,0,0,1,0,0,9,9,-1,3,1,0,1,-1,0
2022991146300,2022,991146300,2,1,1,1,29,6,3,0,0,0,0,0,19,6,-1,3,1,0,1,-1,0
2022010382729,2022,010382729,1,1,2,1,8,2,3,0,0,2,0,0,9,8,E01004171,-1,0,0,1,-1,0
2022401136683,2022,401136683,2,1,1,1,21,5,3,0,0,0,0,0,9,10,E01017532,3,1,0,1,-1,0
2022531133015,2022,531133015,2,1,1,2,61,9,3,0,0,0,0,0,9,10,E01022368,3,1,0,1,-1,0
2022531202888,2022,531202888,1,5,2,1,16,4,3,0,0,2,0,0,9,6,E01022380,3,1,0,1,-1,0
2022991132646,2022,991132646,1,1,1,1,29,6,3,0,0,0,0,0,9,3,-1,3,1,0,1,-1,0
2022991261721,2022,991261721,3,1,1,2,58,9,3,0,0,0,0,0,9,8,-1,3,1,0,1,-1,0
2022501256455,2022,501256455,2,1,1,1,72,10,3,0,0,0,0,0,1,4,E01015241,3,1,0,1,-1,0
202260B078350,2022,60B078350,2,1,1,1,31,6,2,0,0,0,0,0,4,-1,-1,-1,0,1,0,-1,0
2022052201221,2022,052201221,1,1,3,1,22,5,3,6,9,0,0,2,0,2,E01006879,-1,0,0.04178,0.95822,-1,0
2022101191565,2022,101191565,1,2,3,1,34,6,3,9,9,0,0,1,0,3,E01008208,3,1,0,1,-1,0
2022991149934,2022,991149934,2,2,2,1,34,6,3,0,0,0,0,0,19,-1,-1,3,1,0,1,-1,0
