year,collision_index,collision_severity,literal_roadworks,S0_two_front_opposite_straight_ahead,S1_two_front_opposite_straight,S2_two_front_opposite_from,M1_pair_front_opposite_from,M2_pair_front_near_opposite_from,M3_two_front,M4_pair_front,L1_pair_one_front_opposite_from,L2_pair_opposite_from,L3_multi_any_front
2021,2021430492670,3,1,0,0,0,0,0,0,0,0,0,1
2021,2021122101298,3,1,0,0,0,0,0,0,0,0,0,0
2021,2021052100331,3,1,0,0,0,0,0,0,0,1,1,1
2021,2021010342694,3,1,0,0,0,0,0,0,0,0,0,0
2021,2021531029168,3,1,0,0,0,0,0,0,0,0,0,0
2021,2021161104844,2,1,0,0,1,1,1,1,1,1,1,1
2021,2021201121744,3,1,0,0,0,0,0,1,1,0,0,1
2021,2021010325366,2,1,0,0,0,0,0,1,1,0,0,1
2021,2021010342721,3,1,0,0,0,0,0,0,0,0,0,0
2021,2021010291243,3,1,0,0,0,0,0,0,0,0,0,0
2021,2021302101736,3,1,0,0,0,0,0,0,0,0,0,0
2021,202131C147221,3,1,0,0,0,0,0,0,0,0,0,1
2021,2021101055283,3,1,0,0,0,0,0,0,0,0,0,1
2021,2021430210883,3,1,0,0,0,0,0,0,0,0,0,1
2021,2021201032913,3,1,0,0,0,0,0,0,0,0,0,0
2021,2021031108660,3,1,0,0,0,0,0,0,0,0,0,1
2021,202131C108921,3,1,0,0,0,0,0,0,0,0,0,1
2021,2021522106134,3,1,0,0,0,0,0,0,0,1,1,1
2021,202154B728821,3,1,0,0,1,1,1,1,1,1,1,1
2021,2021421050268,3,1,0,0,0,0,0,0,0,0,0,1
2021,2021471096670,2,1,0,0,0,0,0,0,0,1,1,1
2021,2021010351208,3,1,0,0,0,0,0,0,0,0,0,1
2021,2021471077453,3,1,0,0,0,0,0,0,0,0,0,1
2021,2021471103912,3,1,0,0,0,0,0,0,0,0,0,1
2021,202163C013621,3,1,0,0,0,0,0,0,0,0,0,1
2021,2021430192257,3,1,0,0,0,0,0,0,0,0,0,1
2021,2021430340430,2,1,0,0,0,0,0,0,0,0,0,0
2021,2021221088373,3,1,0,0,0,0,0,1,1,0,0,1
2021,2021052101803,3,1,0,0,0,0,0,0,0,0,0,0
2021,2021010314891,2,1,0,0,0,0,0,0,0,0,0,0
2021,2021320756465,2,1,0,0,0,0,0,0,0,0,0,1
2021,2021211089231,3,1,0,0,0,0,0,0,0,0,0,1
2021,2021371026671,3,1,0,0,0,0,0,0,0,0,0,0
2021,2021371121429,3,1,0,0,0,0,0,0,0,0,0,1
2021,2021302101291,3,1,0,0,0,0,0,0,0,0,0,0
2021,202131C085821,3,1,0,0,0,0,0,0,0,0,0,1
2021,202134NNC2031,3,1,0,0,0,0,0,0,0,0,0,1
2021,2021421019619,3,1,0,0,0,0,0,0,0,0,0,1
2021,2021451064771,3,1,0,0,0,0,0,0,0,0,0,0
2021,2021401102970,3,1,0,0,0,0,0,0,0,0,0,0
2021,2021061082579,2,1,0,0,0,0,0,0,0,0,0,0
2021,2021061048183,3,1,0,0,0,0,0,0,0,0,1,0
2021,2021010307427,1,1,0,0,0,0,0,0,0,0,0,1
2021,2021010304038,2,1,0,0,0,0,0,0,0,0,0,1
2021,2021010324234,2,1,0,0,0,0,0,0,0,0,0,1
2021,2021351131971,3,1,1,1,1,1,1,1,1,1,1,1
2021,2021041012995,2,1,0,0,0,0,0,0,0,1,1,1
2021,2021451069102,3,1,0,0,0,0,0,1,1,0,0,1
2021,2021041110820,3,1,0,0,0,0,0,0,0,1,1,1
2021,202131C141921,3,1,0,0,0,0,0,0,0,0,0,1
2021,2021311109841,2,1,0,0,0,0,0,0,0,0,0,1
2021,2021552100359,3,1,0,0,0,0,0,0,0,0,0,1
2021,2021141076120,3,1,0,0,0,0,0,0,0,0,0,0
2021,2021501064686,3,1,0,0,0,0,0,0,0,0,0,1
2021,202163A047221,3,1,0,0,0,0,0,0,0,0,0,0
2021,2021622100912,3,1,0,0,0,0,0,1,1,0,0,1
2021,2021101084416,3,1,0,0,0,0,0,0,0,0,0,0
2021,2021141019596,3,1,0,0,0,0,0,0,1,0,0,1
2021,2021201118346,3,1,0,0,0,0,0,0,1,0,0,1
2021,2021010339009,2,1,0,0,0,0,0,0,0,0,0,1
2021,2021010330413,3,1,0,0,0,0,0,0,0,0,0,0
2021,2021430186260,3,1,0,0,0,0,0,0,0,0,0,1
2021,202134NNC3791,3,1,0,0,0,0,0,1,1,0,0,1
2021,2021201125396,3,1,0,0,0,0,0,0,0,1,1,1
2021,2021201149481,3,1,0,0,0,0,0,0,0,0,0,1
2021,2021461014986,3,1,0,0,0,0,0,0,0,0,0,1
2021,2021161027334,3,1,0,0,0,0,0,0,0,1,1,1
2021,2021010310343,3,1,0,0,0,0,0,0,0,0,0,0
2021,202160Z077372,3,1,0,0,0,0,0,0,0,0,0,1
2021,2021552100126,3,1,0,0,0,0,0,0,0,0,0,1
2021,202131D109621,3,1,0,0,0,0,0,0,0,0,0,1
2021,2021991027321,3,1,0,0,0,0,0,0,0,0,0,0
2021,2021201023685,3,1,0,0,0,0,0,0,0,0,0,1
2021,2021320362144,3,1,0,0,0,0,0,0,0,0,0,1
2021,2021041087281,2,1,0,0,0,0,0,0,0,0,0,0
2021,2021501029162,3,1,0,0,0,0,0,0,0,0,0,1
2021,2021471012966,3,1,0,0,0,0,0,0,0,0,0,0
2021,2021440313172,3,1,0,0,0,0,0,0,0,0,1,0
2021,2021501079684,3,1,0,0,0,0,0,0,0,0,0,1
2021,2021401043920,3,1,0,0,0,0,0,0,0,0,0,0
2021,2021401056756,3,1,0,0,0,0,0,0,0,0,0,0
2021,2021131038260,2,1,0,0,0,0,0,0,0,0,0,0
2021,2021010347132,3,1,0,0,0,0,0,0,0,0,0,0
2021,2021010303757,2,1,0,0,1,1,1,1,1,1,1,1
2021,2021471026908,3,1,0,0,0,0,0,0,0,0,0,1
2021,2021471050546,3,1,0,1,1,1,1,1,1,1,1,1
2021,2021471084790,3,1,0,0,0,0,0,0,0,0,0,1
2021,2021221108433,2,1,0,1,1,1,1,1,1,1,1,1
2021,2021170L20161,3,1,0,0,0,0,0,0,0,0,0,1
2021,2021010332976,3,1,0,0,0,0,0,0,0,0,0,0
2021,2021010318239,3,1,0,0,0,0,0,0,0,0,0,0
2021,2021531061921,2,1,0,0,0,0,0,0,0,0,0,1
2021,2021440462297,2,1,1,1,1,1,1,1,1,1,1,1
2021,2021451096144,3,1,0,0,0,0,0,0,0,0,0,1
2021,2021061025267,3,1,0,0,0,0,0,0,0,0,0,0
2021,2021131061307,3,1,0,0,0,0,0,0,0,0,0,1
2021,2021461111836,2,1,0,0,0,0,0,0,0,0,0,0
2021,2021361029114,3,1,0,0,0,0,0,0,0,0,0,1
2021,2021302101480,3,1,0,0,0,0,0,0,0,0,0,1
2021,202131C138521,3,1,0,0,0,0,0,0,0,0,0,1
2021,2021501113583,3,1,0,0,0,0,0,0,0,0,0,1
2021,2021361144840,3,1,0,0,0,0,0,0,0,0,0,0
2021,202160Z033634,3,1,0,0,0,0,0,0,0,0,0,1
2021,2021070241468,3,1,0,0,0,0,0,0,0,0,0,1
2021,2021101078177,3,1,0,0,0,0,0,0,0,0,0,1
2021,2021010322843,3,1,0,0,0,0,0,0,0,0,0,0
2021,2021411025469,3,1,0,0,0,0,0,0,0,0,0,0
2021,2021320280978,3,1,0,0,0,0,0,0,0,0,0,0
2021,2021170S20021,3,1,0,0,0,0,0,0,0,0,0,1
2021,2021041022314,2,1,0,0,0,0,0,0,0,0,0,1
2021,2021361050961,3,1,0,0,0,0,0,0,0,0,0,1
2021,2021552100248,3,1,0,0,0,0,0,0,0,1,1,1
2021,2021052101158,3,1,0,0,1,1,1,1,1,1,1,1
2021,2021010329420,3,1,0,0,0,0,0,0,0,0,0,0
2021,2021471031783,3,1,0,0,0,0,0,0,0,0,0,1
2021,2021991025209,2,1,0,0,0,0,0,0,0,0,0,1
2021,202163BF01321,1,1,0,0,0,0,0,0,0,0,0,1
2021,2021302100853,3,1,0,0,0,0,0,0,0,0,0,0
2021,2021131102886,3,1,0,0,0,0,0,0,0,0,0,0
2021,2021131067246,3,1,0,0,0,0,0,0,0,0,0,1
2021,2021010331034,3,1,0,0,0,0,0,0,0,0,0,0
2021,2021351062728,2,1,0,0,0,0,0,0,0,0,0,0
2021,2021061027030,3,1,0,0,0,0,0,0,0,0,0,1
2021,2021201090376,3,1,0,0,0,0,0,0,0,0,0,1
2021,2021131083924,2,1,0,0,0,0,0,0,0,0,0,0
2021,2021010342458,2,1,0,0,0,0,0,0,0,0,0,0
2021,2021531096131,2,1,0,0,0,0,0,0,0,0,0,1
2021,2021332100310,3,1,0,0,0,0,0,0,0,0,0,0
2021,2021401038040,3,1,0,0,0,0,0,0,0,0,0,1
2021,2021451047312,3,1,0,0,0,0,0,0,0,0,0,1
2021,2021451060890,3,1,0,0,0,0,0,0,0,0,0,1
2021,2021010344128,3,1,0,0,0,0,0,0,0,0,0,0
2021,2021010291566,3,1,0,0,0,0,0,0,0,0,0,1
2021,2021010322733,3,1,0,0,0,0,0,0,0,0,0,0
2021,2021471046002,3,1,0,0,0,0,0,0,0,0,0,1
2021,2021041049098,3,1,0,0,0,0,0,0,0,0,0,1
2021,2021371034085,3,1,0,0,0,0,0,0,0,0,0,1
2021,2021010324315,3,1,0,0,0,0,0,0,0,0,0,1
2021,2021440503813,3,1,0,0,0,0,0,0,0,0,0,1
2021,2021070092009,3,1,0,0,0,0,0,0,0,0,0,1
2021,2021401110603,3,1,0,0,0,0,0,0,0,0,0,1
2021,2021201125294,3,1,0,0,0,0,0,0,0,0,0,1
2021,2021010322059,2,1,0,0,0,0,0,0,0,0,0,0
2021,2021421023892,3,1,0,0,0,0,0,0,0,0,0,1
2021,202131D168821,3,1,0,0,0,0,0,0,0,0,0,1
2021,2021610021821,3,1,0,0,0,0,0,0,1,0,0,1
2021,2021010330804,3,1,0,0,0,0,0,0,0,0,0,1
2021,2021010303551,3,1,0,0,0,0,0,0,0,0,0,0
2021,2021371029472,3,1,0,0,0,0,0,0,0,0,0,1
2021,202160Z140796,3,1,0,0,0,0,0,0,0,0,0,1
2021,2021010317666,3,1,0,0,0,0,0,0,0,0,0,1
2021,2021320182037,3,1,0,0,0,0,0,0,0,0,0,1
2021,2021361131668,3,1,0,0,0,0,0,0,0,0,0,0
2021,2021471067759,3,1,0,0,0,0,0,0,0,0,0,1
2021,2021061121634,3,1,0,0,0,0,0,0,0,0,0,1
2021,2021141021009,3,1,0,0,0,0,0,0,0,0,0,1
2021,2021131102189,2,1,0,0,0,0,0,0,0,0,0,0
2021,2021430502367,3,1,0,0,0,0,0,0,0,0,0,1
2021,2021070482714,3,1,0,0,0,0,0,0,0,0,0,1
2021,2021542019121,3,1,0,0,1,1,1,1,1,1,1,1
2021,2021131064205,2,1,0,0,0,0,0,0,1,0,0,1
2021,2021138250461,3,1,0,0,0,0,0,0,0,0,0,0
2021,2021010331684,3,1,0,0,0,0,0,0,0,0,0,0
2021,2021010292388,2,1,0,0,0,0,0,0,0,0,0,0
2021,2021501130535,3,1,0,0,0,0,0,0,0,0,1,0
2021,2021221100910,3,1,0,0,0,0,0,0,0,0,0,1
2021,2021010345071,3,1,0,0,0,0,0,0,0,0,0,1
2021,2021010346122,2,1,0,0,0,0,0,0,0,0,0,0
2021,2021421073837,3,1,0,0,0,0,0,0,0,0,0,1
2021,2021991092223,3,1,0,0,0,0,0,0,0,0,0,1
2021,2021991069133,3,1,0,0,0,0,0,0,0,0,0,1
2021,2021991080491,2,1,0,0,0,0,0,0,0,0,0,0
2021,2021101060494,3,1,0,0,0,0,0,0,0,0,0,1
2021,202106A078730,3,1,0,0,0,0,0,0,0,1,1,1
2021,2021440044628,3,1,0,0,0,0,0,0,0,0,0,1
2021,2021622100463,3,1,0,0,0,0,0,0,0,0,0,1
2021,2021161025364,3,1,0,0,0,0,0,0,0,0,0,1
2021,2021052100616,3,1,0,0,0,0,0,0,0,0,0,1
2021,2021201064581,3,1,0,0,0,0,0,0,0,0,0,1
2021,2021010299736,3,1,0,0,0,0,0,0,0,0,0,1
2021,2021010292252,3,1,0,0,0,0,0,1,1,0,0,1
2021,2021211034698,2,1,0,0,0,0,0,0,0,0,0,0
2021,2021991093943,3,1,0,0,0,0,0,0,0,0,0,1
2021,2021161033108,2,1,0,0,0,0,0,0,0,0,0,1
2021,2021430203171,3,1,0,0,0,0,0,0,0,0,0,1
2021,2021430543509,3,1,0,0,0,0,0,0,0,0,0,0
2021,2021010338752,3,1,0,0,0,0,0,0,0,0,0,1
2021,2021430391355,3,1,0,0,0,0,0,0,0,0,0,0
2021,2021430119377,3,1,0,0,0,0,0,0,0,0,0,1
2021,2021141088562,2,1,0,0,0,0,0,0,0,0,0,1
2021,2021010309793,3,1,0,0,0,0,0,0,0,1,1,1
2021,2021010328862,3,1,0,0,0,0,0,0,0,0,0,1
2021,2021440136138,3,1,0,0,0,0,0,0,0,0,0,0
2021,2021610043921,2,1,0,0,0,0,0,0,0,0,0,0
2021,2021430474628,3,1,0,0,0,0,0,0,0,0,1,0
2021,2021542713521,3,1,0,0,0,0,0,0,0,0,0,1
2021,2021010301774,3,1,0,0,0,0,0,0,0,0,0,1
2021,2021461116440,3,1,0,0,0,0,0,0,0,0,0,1
2021,2021371065822,3,1,0,0,0,0,0,0,0,0,0,1
2021,2021991026533,2,1,0,0,0,0,0,0,0,1,1,1
2021,202163D056921,3,1,0,0,0,0,0,0,0,0,0,1
2021,2021061063019,3,1,0,0,0,0,0,0,0,0,0,0
2021,2021052100441,3,1,0,1,1,1,1,1,1,1,1,1
2021,2021201129340,3,1,0,0,0,0,0,0,0,0,0,1
2021,2021010307806,3,1,0,0,0,0,0,0,0,0,0,0
2021,2021010332047,3,1,0,0,0,1,1,0,1,1,1,1
2021,2021421082627,3,1,0,0,0,0,0,0,0,0,0,0
2021,2021461040329,3,1,0,0,0,0,0,0,0,0,0,1
2021,202131B134721,3,1,0,0,0,0,0,0,0,0,0,1
2021,2021161032669,1,1,0,0,0,0,0,0,0,0,0,0
2021,2021332100481,2,1,0,0,0,0,0,1,1,0,0,1
2021,2021545835821,3,1,0,0,0,0,0,0,0,0,0,1
2021,2021221121503,3,1,0,0,0,0,0,0,0,0,0,0
2021,202134WNC6011,3,1,0,0,0,0,0,0,0,0,0,1
2021,2021101109026,3,1,0,0,0,0,0,0,0,0,0,0
2021,2021010290908,3,1,0,0,0,0,0,0,0,0,0,0
2021,2021440498471,3,1,0,0,0,0,0,0,0,0,0,1
2021,2021430311398,3,1,0,0,0,0,0,0,0,0,0,0
2021,2021543457221,2,1,0,0,0,0,0,0,0,0,0,0
2021,2021010306402,3,1,0,0,0,0,0,0,0,0,1,0
2021,2021010302531,3,1,0,0,0,0,0,0,0,0,0,0
2021,2021531122087,2,1,0,0,0,0,0,0,0,0,0,1
2021,2021371138299,3,1,0,0,0,0,0,0,0,0,0,1
2021,2021211079401,3,1,0,0,0,0,0,0,0,0,0,0
2021,2021440316225,3,1,0,0,0,0,0,0,0,0,0,0
2021,2021501120008,3,1,0,0,0,0,0,0,0,0,0,1
2021,2021552100230,3,1,0,0,0,0,0,1,1,0,0,1
2021,202134NNC3461,2,1,0,0,0,0,0,0,0,0,0,0
2021,2021131074133,3,1,0,0,0,0,0,0,0,0,0,1
2021,2021010289664,3,1,0,0,0,0,0,0,0,0,0,1
2021,2021010325401,3,1,0,0,0,0,0,0,1,1,1,1
2021,2021010318108,3,1,0,0,0,0,0,0,0,0,0,1
2021,2021531074553,3,1,0,0,0,0,0,0,0,0,0,1
2021,202163A060221,3,1,0,0,0,0,0,0,0,0,0,1
2021,2021522100608,3,1,0,0,0,0,1,1,1,0,0,1
2021,2021221091514,3,1,0,0,0,0,0,0,0,0,0,1
2021,2021552100263,3,1,0,0,0,0,0,0,0,0,0,1
2021,2021141068736,3,1,0,0,0,0,0,0,0,0,0,1
2021,2021131120145,2,1,0,0,0,1,1,0,1,1,1,1
2021,2021461015499,3,1,0,0,0,0,0,0,0,0,0,1
2021,2021041050027,3,1,0,0,0,0,0,0,0,0,0,1
2021,2021221045416,2,1,0,0,0,0,0,0,0,0,0,1
2021,2021161109483,3,1,0,0,0,0,0,0,0,0,0,1
2021,2021010312717,3,1,0,0,0,0,0,0,0,0,0,0
2021,2021010311143,3,1,0,0,0,0,0,0,0,0,0,0
2021,2021010347559,2,1,0,0,0,0,0,1,1,0,0,1
2021,2021010332253,3,1,0,0,0,0,0,0,0,1,1,1
2021,2021501105131,3,1,0,0,0,0,0,0,0,0,0,1
2021,2021161122060,3,1,0,0,0,0,0,0,0,0,0,0
2021,2021421060117,3,1,0,0,0,0,0,0,0,0,0,0
2021,2021461060704,3,1,0,0,0,0,0,0,0,0,0,0
2021,2021201069961,2,1,0,0,0,0,0,0,0,0,0,0
2021,2021010287517,2,1,0,0,0,0,0,0,0,0,0,0
2021,2021351057155,2,1,0,0,0,0,0,0,0,0,0,0
2021,2021531057976,3,1,0,0,0,0,0,0,0,0,0,1
2021,2021161038634,3,1,0,0,0,0,0,0,0,1,1,1
2021,2021440199313,3,1,0,0,0,0,0,0,0,0,1,0
2021,2021111044268,3,1,0,0,0,0,0,0,0,0,0,0
2021,2021061048410,2,1,0,0,1,1,1,1,1,1,1,1
2021,2021131043302,3,1,0,0,0,0,0,0,0,0,0,0
2021,2021010311819,3,1,0,0,0,0,0,0,0,0,0,0
2021,2021010322841,3,1,0,0,0,0,0,1,1,0,0,1
2021,2021010338741,2,1,0,0,0,0,0,0,0,0,0,0
2021,2021471053581,3,1,0,0,0,0,0,0,0,0,0,0
2021,2021302100081,3,1,0,0,0,0,0,0,0,0,0,0
2021,2021131062954,2,1,0,0,0,0,0,0,0,1,1,1
2021,2021010322196,3,1,0,1,1,1,1,1,1,1,1,1
2021,2021451055897,3,1,0,0,0,0,0,0,0,0,0,0
2021,2021501062112,2,1,0,0,0,0,0,0,1,0,0,1
2021,2021010297563,2,1,0,0,0,0,0,0,0,0,0,1
2021,2021461032192,3,1,0,0,0,0,0,0,0,0,0,0
2021,2021041043601,2,1,0,0,0,0,0,0,0,0,0,1
2021,2021332100113,2,1,0,0,0,0,0,0,0,0,0,1
2021,2021371062043,3,1,0,0,0,0,0,0,0,0,0,0
2021,2021302100966,3,1,0,0,0,0,0,0,0,0,0,1
2021,2021540336821,3,1,0,0,0,0,0,0,0,0,0,1
2021,2021201100554,3,1,0,0,0,0,0,0,0,0,0,1
2021,2021010320775,3,1,0,0,0,0,0,0,0,0,1,0
2021,2021010305034,3,1,0,0,1,1,1,1,1,1,1,1
2021,2021430119441,3,1,0,0,0,0,0,0,0,0,0,1
2021,2021371046927,3,1,0,0,0,0,0,0,0,0,0,1
2021,2021221042497,2,1,0,0,0,0,0,0,0,0,0,1
2021,2021221092993,3,1,0,0,0,0,0,0,0,0,0,1
2021,2021010327627,3,1,0,0,0,1,1,0,1,1,1,1
2021,2021010306026,3,1,0,0,0,0,0,1,1,0,0,1
2021,2021010351234,1,1,0,0,0,0,0,0,0,0,0,0
2021,2021421022280,3,1,0,0,0,0,0,0,1,0,0,1
2021,2021451098120,3,1,0,0,0,0,0,0,0,0,1,0
2021,2021991106543,2,1,0,0,0,0,0,0,0,0,0,0
2021,2021548002221,3,1,0,0,0,0,0,0,0,1,1,1
2021,2021131036857,2,1,0,0,0,0,0,0,0,0,0,0
2021,2021481121422,3,1,0,0,0,0,0,0,0,0,0,0
2021,2021010325935,3,1,0,0,0,0,0,0,0,0,0,0
2021,2021440442933,3,1,0,0,0,0,0,0,0,0,0,1
2021,2021991079433,2,1,0,0,0,0,0,0,0,0,0,0
2021,2021991081813,3,1,0,0,0,0,0,0,0,0,0,1
2021,2021552100809,3,1,0,0,0,0,0,0,0,0,0,0
2021,2021010295876,2,1,0,0,0,0,0,0,0,0,0,1
2021,2021010293447,3,1,0,0,0,0,0,0,0,0,0,1
2021,2021440349015,3,1,0,0,0,0,0,0,1,0,0,1
2021,202160Z109195,2,1,0,0,0,0,0,0,0,0,0,0
2021,2021161063371,3,1,0,0,0,0,0,0,0,0,0,1
2021,2021211048297,3,1,0,0,0,0,0,0,0,0,0,1
2021,2021170S40901,3,1,0,0,0,0,0,0,0,0,0,1
2021,2021041036581,3,1,0,0,0,0,0,0,0,0,0,0
2021,2021430391864,3,1,0,0,0,0,0,0,0,0,0,0
2021,2021501015997,3,1,0,0,0,0,0,0,0,0,0,1
2021,2021461088624,3,1,0,0,0,0,0,0,0,0,0,1
2021,2021451042350,2,1,0,0,0,0,0,0,0,0,0,0
2021,2021471066275,3,1,0,0,0,0,0,0,0,0,0,0
2021,2021991049451,3,1,0,0,0,0,0,0,0,0,0,1
2021,2021221055652,3,1,0,0,0,1,1,0,1,1,1,1
2021,2021430411572,3,1,0,0,0,0,0,0,0,0,0,0
2021,2021552100233,3,1,0,0,0,0,0,0,0,0,0,1
2021,2021101039993,3,1,0,0,0,0,0,0,0,0,0,1
2021,2021201117121,1,1,0,0,0,0,0,0,0,0,0,1
2021,2021010318946,3,1,0,0,0,0,0,0,0,0,0,0
2021,202160Z090097,3,1,0,0,0,0,0,0,0,0,0,1
2021,2021070098098,3,1,0,0,0,0,0,0,0,0,0,1
2021,2021520101538,3,1,0,0,0,0,0,0,0,0,0,1
2021,2021101072205,3,1,0,0,0,0,0,0,0,0,0,1
2021,2021041013097,3,1,0,0,0,0,0,0,0,0,0,1
2021,2021991032381,3,1,0,0,0,0,0,0,0,0,0,1
2021,2021430088834,3,1,0,0,0,0,0,0,0,0,0,1
2021,2021052100119,2,1,0,0,0,0,0,0,1,0,0,1
2021,2021101066506,3,1,0,0,0,0,0,0,0,0,0,1
2021,2021440329367,2,1,0,0,0,0,0,0,0,0,0,1
2021,2021471041175,3,1,0,0,0,0,0,0,0,0,0,1
2021,202160Z030211,2,1,0,0,0,0,0,0,0,1,1,1
2021,2021340558915,3,1,0,0,0,0,0,0,0,0,0,1
2021,2021010325868,3,1,0,0,0,0,0,1,1,0,0,1
2021,2021010305578,2,1,0,0,0,0,0,0,0,0,0,0
2021,2021451070864,3,1,0,0,0,0,0,0,0,1,1,1
2021,2021991075996,3,1,0,0,0,0,0,0,0,0,0,0
2021,2021052102172,2,1,0,0,0,0,0,0,0,0,0,0
2021,2021141065335,2,1,0,0,0,0,0,1,1,0,0,1
2021,2021010320980,3,1,0,0,0,0,0,0,0,0,0,1
2021,2021440507209,3,1,0,0,0,0,0,0,1,0,0,1
2021,2021991032773,2,1,0,0,0,0,0,0,0,0,0,1
2021,2021211144838,3,1,0,0,0,0,0,0,0,0,0,1
2021,2021111071718,1,1,1,1,1,1,1,1,1,1,1,1
2021,2021070652115,3,1,0,0,0,0,0,0,0,0,0,0
2021,2021201097861,2,1,0,0,0,0,0,0,0,0,0,0
2021,2021010311190,3,1,0,0,0,0,0,1,1,0,0,1
2021,2021010303939,3,1,0,0,0,0,0,0,0,0,0,1
2021,2021010306931,3,1,0,0,0,0,0,0,0,0,0,1
2021,2021010355018,3,1,0,0,0,0,0,0,0,0,0,0
2021,2021302100381,3,1,0,0,0,0,0,0,0,0,0,1
2021,2021411020907,3,1,0,0,0,0,0,0,0,0,0,0
2021,2021170S10441,3,1,0,0,0,0,0,0,0,0,0,1
2021,2021201070968,1,1,0,0,0,0,0,0,0,0,0,1
2021,2021302100424,3,1,0,0,0,0,0,0,0,0,0,1
2021,2021421118505,3,1,0,0,0,0,0,0,1,0,0,1
2021,2021371143326,2,1,1,1,1,1,1,1,1,1,1,1
2021,2021610060921,2,1,0,0,0,0,0,0,0,0,0,0
2021,2021161022872,3,1,1,1,1,1,1,1,1,1,1,1
2021,2021421099184,2,1,0,0,0,0,0,0,0,0,0,1
2021,2021430370144,3,1,0,0,0,0,0,0,0,0,0,0
2021,2021101040678,3,1,0,0,0,0,0,0,0,0,0,1
2021,2021471084442,3,1,0,0,0,0,0,0,0,0,0,1
2021,2021451074322,3,1,0,0,0,0,0,0,0,0,0,0
2021,2021221118281,3,1,0,0,0,0,0,0,0,0,0,0
2021,2021421112432,3,1,0,0,0,0,0,0,0,0,0,0
2021,202163C095521,2,1,0,0,0,0,0,0,0,0,0,1
2021,2021430429446,3,1,0,0,0,0,0,0,0,0,0,1
2021,2021131054608,2,1,0,0,0,0,0,0,0,0,0,0
2021,2021010324065,3,1,0,0,0,0,0,0,0,0,0,0
2021,2021010287268,3,1,0,0,0,0,0,0,0,0,0,1
2021,2021010314953,3,1,0,0,0,0,0,0,0,0,0,1
2021,2021320658807,2,1,0,0,0,0,0,0,0,0,0,0
2021,2021991074008,1,1,0,0,0,0,0,0,0,0,0,0
2021,2021430276641,3,1,0,0,0,0,0,0,0,0,0,0
2021,2021430220998,3,1,0,0,0,0,0,0,0,0,0,1
2021,2021070505466,3,1,0,0,0,0,0,0,1,0,0,1
2021,202134WNC2201,3,1,0,0,0,0,0,0,0,0,0,1
2021,2021440013503,3,1,0,0,0,0,0,1,1,0,0,1
2021,2021440044395,3,1,0,0,0,0,0,0,0,0,0,1
2021,2021440469753,3,1,0,0,0,0,0,0,0,0,0,0
2021,2021471029075,3,1,0,0,0,0,0,0,0,0,0,1
2021,2021052102112,3,1,0,0,0,0,0,0,0,0,0,1
2021,2021421021217,3,1,0,0,0,0,0,0,0,0,0,0
2021,2021991111284,3,1,0,0,0,0,0,0,0,0,0,1
2021,202160Z159977,2,1,0,0,0,0,0,0,0,0,0,0
2021,202163A016421,3,1,0,0,0,0,0,0,0,0,0,1
2021,2021622100409,3,1,0,0,0,0,0,0,0,0,0,0
2021,2021170S11261,3,1,0,0,0,0,0,0,1,0,0,1
2021,2021430361812,3,1,0,0,0,0,0,0,0,0,0,0
2021,2021101037450,3,1,0,0,0,0,0,0,0,0,0,1
2021,2021010288848,3,1,0,0,0,0,0,0,0,0,0,0
2021,2021010318847,3,1,0,0,0,0,0,0,0,0,0,1
2021,2021421023434,2,1,0,0,0,0,0,0,0,0,0,0
2021,2021531107372,3,1,1,1,1,1,1,1,1,1,1,1
2021,2021010298474,2,1,0,0,0,0,0,0,0,0,0,0
2021,2021531027904,2,1,0,0,0,0,0,0,0,0,0,0
2021,2021991085410,1,1,0,0,0,0,0,0,0,0,0,0
2021,2021421016337,3,1,0,0,0,0,0,0,0,0,0,0
2021,2021501018587,3,1,0,0,0,0,0,0,0,0,0,1
2021,2021010294931,3,1,0,0,0,0,0,0,0,0,0,1
2021,2021461115058,3,1,0,0,0,0,0,0,0,0,0,1
2021,2021471126209,3,1,0,0,0,0,0,0,0,0,0,0
2021,2021351110127,3,1,0,0,0,0,0,0,0,0,0,1
2021,2021131052700,2,1,0,0,0,0,0,0,0,0,0,0
2021,2021010287884,2,1,0,0,0,0,0,0,0,0,0,0
2021,2021471088029,3,1,0,0,0,0,0,0,0,0,0,1
2021,2021531056676,2,1,0,0,0,0,0,0,0,0,0,1
2021,2021531058374,3,1,0,0,0,0,0,0,0,0,0,1
2021,2021161109822,3,1,0,0,0,0,0,0,0,0,0,1
2021,2021010287857,3,1,0,0,0,0,0,0,0,0,0,0
2021,2021461063321,3,1,0,0,0,0,0,0,0,0,0,0
2021,2021101101485,3,1,0,0,0,0,0,0,0,0,0,0
2021,2021101027024,3,1,0,0,0,0,0,0,0,0,0,0
2021,2021010299118,3,1,0,0,0,0,0,0,0,0,0,0
2021,2021010292940,3,1,0,0,0,0,0,0,0,0,0,1
2021,2021010310058,3,1,0,0,0,0,0,0,0,0,0,0
2021,2021010310705,3,1,0,0,0,0,0,0,0,1,1,1
2021,2021440234640,3,1,0,0,0,0,0,0,0,0,0,0
2021,202131C104421,3,1,0,0,0,0,0,0,0,0,0,0
2021,2021101117442,1,1,0,0,0,0,0,0,0,0,0,1
2021,202134NNC6311,3,1,0,0,0,0,0,0,0,0,0,1
2021,2021141014256,2,1,1,1,1,1,1,1,1,1,1,1
2021,2021010325178,3,1,0,0,0,0,0,0,0,0,0,0
2021,2021010314233,3,1,0,0,0,0,0,0,0,0,0,1
2021,2021010321604,3,1,0,0,0,0,0,0,0,0,0,0
2021,2021041062971,3,1,0,0,0,0,0,0,0,0,0,0
2021,2021041100407,3,1,0,0,0,0,0,0,0,0,0,0
2021,2021161113374,2,1,0,0,0,0,0,0,0,1,1,1
2021,202131C074921,3,1,0,0,0,0,0,0,0,0,0,0
2021,20211381C0312,3,1,0,0,0,0,0,0,0,0,0,1
2021,2021010298267,3,1,0,0,0,0,0,0,0,0,0,0
2021,2021010333542,3,1,0,0,0,0,0,1,1,0,0,1
2021,2021430018361,3,1,0,0,0,0,0,0,0,0,0,0
2021,2021547142721,3,1,0,0,0,0,0,0,0,0,0,0
2021,2021122101301,3,1,0,0,0,0,0,0,1,0,0,1
2021,2021201114054,3,1,0,0,0,0,0,0,0,0,0,1
2021,2021131126274,3,1,0,0,0,0,0,0,0,0,0,1
2021,2021010292453,3,1,0,0,0,0,0,0,0,0,0,0
2021,2021531024232,3,1,0,0,0,0,0,0,0,0,0,1
2021,202163D095721,3,1,0,0,0,0,0,1,1,0,0,1
2021,2021221040177,3,1,0,0,0,0,0,0,0,0,0,0
2021,2021061109605,3,1,0,0,0,0,0,0,0,0,0,1
2021,2021201097532,3,1,0,0,0,0,0,0,1,1,1,1
2021,2021201099628,3,1,0,0,0,0,0,0,0,0,0,0
2021,2021010309533,2,1,0,0,0,0,0,0,0,0,0,0
2021,2021010330456,3,1,0,0,0,0,0,0,0,0,0,1
2021,2021501038280,3,1,0,0,0,0,0,0,0,0,0,1
2021,2021461097313,2,1,0,0,0,0,0,0,0,0,0,0
2021,2021221058286,3,1,0,0,0,0,0,0,0,0,0,1
2021,2021622200009,3,1,0,0,0,0,0,0,0,0,0,0
2021,2021161126684,3,1,0,0,0,0,0,0,0,0,0,1
2021,2021070718725,3,1,0,0,0,0,0,0,0,0,0,0
2021,2021401066784,3,1,0,0,0,0,0,0,0,0,0,1
2021,2021138241407,2,1,0,0,0,0,0,0,0,0,0,0
2021,2021010323242,3,1,0,0,0,0,0,0,0,0,0,0
2021,2021351046827,2,1,0,0,0,0,0,0,0,0,0,1
2021,2021501112586,3,1,0,0,0,0,0,0,0,0,0,1
2021,2021041074660,3,1,0,0,0,0,0,0,0,0,0,1
2021,2021221059083,3,1,0,0,0,0,0,0,1,1,1,1
2021,2021552100386,2,1,0,0,0,0,0,0,0,0,0,1
2021,2021131101244,3,1,0,0,0,0,0,0,0,0,0,1
2021,2021010328035,3,1,0,1,1,1,1,1,1,1,1,1
2021,2021461038039,3,1,0,0,0,0,0,0,0,0,0,0
2021,2021471094631,3,1,0,0,0,0,0,0,0,0,0,1
2021,2021010313622,3,1,0,0,0,0,0,0,0,0,0,0
2021,2021451091781,3,1,0,0,0,0,0,0,0,0,0,0
2021,2021221120750,2,1,0,0,0,0,0,0,0,0,0,1
2021,2021501121617,3,1,0,0,0,0,0,0,0,0,0,1
2021,2021552101254,3,1,0,0,0,0,0,0,0,0,0,0
2021,2021010340481,3,1,1,1,1,1,1,1,1,1,1,1
2021,2021221064316,2,1,0,0,0,0,0,0,0,0,0,0
2021,2021501074228,3,1,0,0,0,0,0,0,0,0,0,1
2021,2021201080951,3,1,0,0,0,0,0,0,0,0,0,1
2021,2021131040995,2,1,0,0,0,0,0,0,0,0,0,1
2021,2021010294485,2,1,0,0,0,0,0,0,0,0,0,0
2021,2021010320998,3,1,0,0,0,0,0,1,1,0,0,1
2021,2021461022183,3,1,0,0,0,0,0,0,0,0,0,0
2021,2021471032105,3,1,0,0,0,0,0,0,0,0,0,0
2021,2021010343957,3,1,0,0,0,0,0,0,0,0,0,1
2021,2021010338818,3,1,0,0,0,0,0,0,0,0,0,0
2021,2021351102634,3,1,0,0,0,0,0,1,1,0,0,1
2021,2021041091768,3,1,0,0,0,0,0,0,0,0,0,1
2021,2021451034350,3,1,0,0,0,0,0,0,0,0,0,0
2021,2021501078816,3,1,0,0,0,0,0,0,0,0,0,1
2021,2021546946921,3,1,0,0,0,0,0,0,0,0,0,0
2021,2021430328362,3,1,0,0,0,0,0,0,0,0,0,1
2021,2021052101995,3,1,0,0,0,0,0,0,0,0,0,1
2021,2021010304894,3,1,0,0,0,0,0,0,0,0,0,1
2021,2021010304198,2,1,0,0,0,0,0,0,0,0,0,0
2021,2021302101708,3,1,0,0,0,0,0,0,0,0,0,0
2021,2021332100023,3,1,0,0,0,0,0,0,0,0,0,1
2021,2021351094954,3,1,0,0,0,0,0,0,0,0,0,0
2021,2021421093663,3,1,0,0,0,0,0,0,0,0,1,0
2021,2021141013098,3,1,0,0,0,0,0,0,0,0,0,0
2021,2021010314119,3,1,0,0,0,0,0,0,0,0,0,1
2021,2021010330429,2,1,1,1,1,1,1,1,1,1,1,1
2021,2021302100283,3,1,0,0,0,0,0,0,0,0,0,1
2021,2021501048748,3,1,0,0,0,0,0,0,0,0,0,1
2021,2021471024044,2,1,0,0,0,0,0,1,1,0,0,1
2021,2021991074264,3,1,0,0,0,0,0,0,1,0,0,1
2021,2021610018821,3,1,0,0,0,0,0,0,0,0,1,0
2021,2021111112314,2,1,0,0,0,1,1,0,1,1,1,1
2021,2021221091303,2,1,0,0,0,0,0,0,0,0,0,1
2021,2021501095754,3,1,0,0,0,0,0,0,0,0,0,1
2021,202131D197921,3,1,0,0,0,0,0,0,0,0,0,0
2021,2021371051875,2,1,0,0,0,0,0,0,0,0,0,1
2021,2021991052779,3,1,0,0,0,0,0,0,0,0,0,0
2021,2021430495981,3,1,0,0,0,0,0,0,0,0,0,1
2021,2021547426821,3,1,0,0,0,0,0,0,0,1,1,1
2021,2021061067197,3,1,0,0,0,0,0,0,0,0,0,1
2021,2021101031115,3,1,0,0,0,0,0,0,0,0,0,1
2021,2021545352421,3,1,0,0,0,0,0,0,0,0,0,1
2021,2021421045097,2,1,0,0,0,0,0,0,1,0,0,1
2021,2021010319463,2,1,0,0,0,0,0,0,0,0,0,1
2021,2021010330243,3,1,0,0,1,1,1,1,1,1,1,1
2021,2021010302856,3,1,0,0,0,0,0,0,0,0,0,0
2021,2021010318086,3,1,0,0,0,0,0,0,0,0,0,0
2021,2021440500427,2,1,0,0,0,0,0,0,0,0,0,0
2021,2021010312424,2,1,0,0,0,0,0,0,0,0,0,1
2021,2021501064675,3,1,0,0,0,0,0,0,0,0,0,1
2021,2021401073931,3,1,0,0,0,0,0,0,0,0,0,1
2021,2021471111303,3,1,0,0,0,0,0,0,1,0,0,1
2021,2021471043476,3,1,0,0,0,0,0,0,0,0,0,1
2021,2021461073557,3,1,0,0,0,0,0,0,0,0,0,1
2021,2021041047963,2,1,0,0,0,0,0,0,0,0,0,1
2021,2021231116465,3,1,0,0,0,0,0,0,0,0,0,1
2021,2021440167003,2,1,0,1,1,1,1,1,1,1,1,1
2021,202106E079320,3,1,0,0,0,0,0,0,0,0,0,1
2021,2021131041461,2,1,0,0,0,0,0,0,0,0,0,1
2021,2021010308151,3,1,0,0,0,0,0,0,0,0,0,1
2021,2021010338634,3,1,0,0,0,0,0,0,0,0,0,0
2021,2021531084944,3,1,0,0,0,0,0,0,0,0,0,0
2021,2021451095256,3,1,0,0,0,0,0,0,0,0,0,1
2021,2021231111140,3,1,0,0,0,0,0,0,0,0,0,1
2021,2021010310481,3,1,0,0,0,0,0,0,0,0,0,0
2021,2021440091349,3,1,0,0,0,0,0,0,0,0,0,1
2021,2021610001421,3,1,0,0,0,0,0,0,0,0,0,1
2021,2021041067364,3,1,0,0,0,0,0,0,0,0,0,1
2021,2021302101030,3,1,0,0,0,0,0,0,0,0,0,0
2021,202134NNC2181,3,1,0,0,0,0,0,0,0,0,0,1
2021,2021010291303,3,1,0,0,0,0,0,0,0,0,0,1
2021,2021010301375,3,1,0,0,0,1,1,0,1,1,1,1
2021,2021531054703,2,1,0,0,0,0,0,0,0,0,0,0
2021,202131D124621,3,1,0,0,0,0,0,0,1,1,1,1
2021,2021371080587,3,1,0,0,0,0,0,0,0,0,0,1
2021,2021451077570,3,1,0,0,0,0,0,0,0,0,0,1
2021,2021351104637,3,1,0,0,0,0,0,0,0,0,0,1
2021,2021430309657,3,1,0,0,0,0,0,0,0,0,0,0
2021,202134WNC1621,3,1,0,0,0,0,0,0,0,0,0,1
2021,2021010300008,3,1,0,0,0,0,0,0,0,0,0,1
2021,2021501112568,3,1,0,0,0,0,0,0,0,0,0,1
2021,2021471096076,3,1,0,0,0,0,0,0,0,0,0,1
2021,2021371144121,3,1,0,0,0,0,0,0,0,0,0,0
2021,2021451048000,3,1,0,0,0,0,0,0,0,1,1,1
2021,2021543240521,3,1,0,0,0,0,0,0,0,0,0,0
2021,2021430466648,3,1,0,0,0,0,0,0,0,0,0,1
2021,2021430317716,3,1,0,0,0,0,0,0,0,0,0,1
2021,2021201106414,3,1,0,0,0,0,0,0,0,0,0,1
2021,2021131048943,3,1,0,0,0,0,0,0,0,0,0,0
2021,2021461092847,2,1,0,0,0,0,0,0,0,0,0,0
2021,2021041116365,3,1,0,0,0,0,0,0,0,0,0,0
2021,2021451052026,3,1,0,0,0,0,0,1,1,0,0,1
2021,2021221117601,3,1,0,0,0,0,0,0,0,0,0,1
2021,2021430341789,3,1,0,0,0,0,0,0,0,0,0,1
2021,2021070345419,2,1,0,0,0,0,0,0,0,0,0,1
2021,2021131116429,3,1,0,0,0,0,0,0,0,0,0,1
2021,2021131044836,3,1,0,1,1,1,1,1,1,1,1,1
2021,2021451018137,1,1,0,0,0,0,0,0,0,0,0,0
2021,202163C031721,3,1,0,0,0,0,0,0,0,0,0,1
2021,2021201147327,3,1,0,0,0,0,0,0,0,0,0,1
2021,2021010291448,3,1,0,0,0,0,0,0,0,0,0,0
2021,2021201064591,3,1,0,0,0,0,0,0,0,0,0,1
2021,2021010297865,3,1,0,0,0,0,0,0,0,0,0,0
2021,2021501107772,3,1,0,0,0,0,0,0,0,0,0,0
2021,2021411067947,3,1,0,0,0,0,0,0,0,0,0,1
2021,2021041019568,3,1,0,0,0,0,0,0,0,0,0,1
2021,2021451074635,3,1,0,0,0,0,0,0,0,0,0,1
2021,2021991088946,1,1,0,0,0,0,0,1,1,0,0,1
2021,2021070342337,2,1,0,0,0,0,0,0,0,0,0,1
2021,2021122101341,3,1,0,0,0,0,0,0,0,0,0,0
2021,2021131041220,3,1,0,0,0,0,0,0,0,0,0,1
2021,2021010308556,3,1,0,0,0,0,0,0,0,0,0,1
2021,2021411110459,3,1,0,0,0,0,0,0,0,0,0,0
2021,2021991061063,2,1,0,0,0,0,0,0,0,0,0,0
2021,2021401024238,3,1,0,0,0,0,0,0,0,0,0,1
2021,2021302101049,3,1,0,0,0,0,0,0,0,0,0,0
2021,2021451032685,3,1,0,0,0,0,0,0,0,0,0,1
2021,2021430213016,3,1,0,0,0,0,0,0,0,0,0,1
2021,2021010289542,3,1,0,0,0,0,0,0,0,0,0,1
2021,2021320208188,3,1,0,0,0,0,0,0,0,0,0,1
2021,202131A006321,3,1,0,0,0,0,0,0,0,0,0,0
2021,2021545027421,3,1,0,0,0,0,0,0,1,0,0,1
2021,202134WNC2081,3,1,0,0,0,0,0,0,0,0,0,1
2021,2021201145435,2,1,0,0,0,0,0,0,0,0,0,1
2021,2021010312480,3,1,0,0,0,0,0,0,0,0,0,1
2021,2021072100837,2,1,0,0,0,0,0,0,0,0,0,1
2021,2021052100853,3,1,0,0,0,0,0,0,0,0,0,0
2021,2021201092106,3,1,0,0,0,0,0,1,1,0,0,1
2021,2021010343920,3,1,0,0,0,0,0,0,0,0,0,0
2021,2021501036704,3,1,0,0,0,0,0,0,0,0,0,1
2021,2021622100106,3,1,0,0,0,0,0,0,0,0,0,1
2021,2021430484367,3,1,0,0,0,0,0,0,0,0,0,0
2021,2021070507401,2,1,0,0,0,0,0,0,0,0,0,1
2021,202134NNC3081,3,1,0,0,0,0,0,0,0,0,0,1
2021,2021122100313,3,1,0,0,0,0,0,0,0,0,0,0
2021,2021201034724,3,1,0,0,0,0,0,0,0,0,0,1
2021,2021131059006,3,1,0,0,0,0,0,0,0,0,0,0
2021,2021010325231,3,1,0,0,0,0,0,0,0,0,0,0
2021,2021010343272,2,1,0,0,0,0,0,0,0,0,0,1
2021,2021320491678,2,1,0,0,0,0,0,0,0,0,0,0
2021,2021101057465,2,1,0,0,0,0,0,0,0,0,1,0
2021,2021411033695,3,1,0,0,0,0,0,0,0,0,0,1
2021,2021371145072,3,1,0,0,0,0,0,0,0,0,0,1
2021,2021552100917,3,1,0,0,0,0,0,0,0,1,1,1
2021,2021552101229,3,1,0,0,0,0,0,0,0,0,0,1
2021,2021501062846,3,1,0,0,0,0,0,0,0,0,1,0
2021,2021361156504,2,1,0,0,0,0,0,0,0,0,0,0
2021,2021471110762,3,1,0,0,0,0,0,0,1,0,0,1
2021,202160Z147230,3,1,0,0,0,0,0,0,0,0,0,1
2021,2021548084621,3,1,0,0,0,0,0,1,1,0,0,1
2021,2021101115446,3,1,0,0,0,0,0,0,0,0,0,1
2021,2021131095245,3,1,0,0,0,0,0,0,0,0,1,0
2021,2021010297383,3,1,0,0,0,0,0,0,0,0,0,0
2021,2021501111619,2,1,0,0,0,0,0,0,0,0,0,0
2021,2021161084424,3,1,0,0,0,0,0,1,1,0,0,1
2021,2021541508521,3,1,0,0,0,0,0,0,0,0,0,0
2021,2021430165790,3,1,0,0,0,0,0,0,0,0,0,1
2021,2021131102005,3,1,0,0,0,0,0,0,0,0,0,0
2021,2021010310961,2,1,0,0,0,0,0,1,1,0,0,1
2021,2021622100790,3,1,0,0,0,0,0,0,0,0,0,1
2021,2021201108275,2,1,0,0,0,0,0,0,0,0,0,0
2021,2021010296680,2,1,0,0,0,0,0,0,0,0,0,0
2021,2021010311327,3,1,0,0,0,0,0,0,0,1,1,1
2021,2021010297489,3,1,0,0,0,0,0,0,0,0,0,1
2021,2021461047670,3,1,0,0,0,0,0,0,0,0,0,0
2021,2021451025980,3,1,0,0,0,0,0,0,0,0,0,1
2021,2021122101025,2,1,0,0,0,0,0,0,0,1,1,1
2021,2021332100294,3,1,0,0,0,0,0,0,0,0,0,0
2021,2021070053454,2,1,0,0,0,0,0,0,0,0,0,1
2021,2021061096850,3,1,0,0,0,0,0,0,0,0,0,1
2021,2021131062418,3,1,0,0,0,0,0,0,0,0,0,1
2021,2021131065561,3,1,0,0,0,0,0,0,0,0,0,0
2021,2021010291081,2,1,0,0,0,0,0,0,0,0,0,0
2021,2021010294900,3,1,0,0,0,0,0,0,0,0,0,0
2021,2021501100469,3,1,0,0,0,0,0,0,0,0,0,0
2021,2021461081144,3,1,0,0,0,0,0,0,0,0,0,1
2021,2021361033453,3,1,0,0,0,0,0,0,0,0,0,1
2021,2021451086574,3,1,0,0,0,0,0,0,0,0,0,1
2021,2021010299788,2,1,0,0,0,0,0,0,0,0,0,0
2021,2021471049326,2,1,0,0,0,0,0,0,0,0,0,1
2021,2021471104134,2,1,0,0,0,1,1,0,1,1,1,1
2021,2021547758821,3,1,0,0,0,0,0,0,0,0,0,1
2021,2021548119421,3,1,0,0,0,0,0,0,0,0,0,0
2021,202134WNC6421,2,1,0,0,0,0,0,0,0,0,0,1
2021,2021010317610,3,1,0,0,0,0,0,0,0,0,0,0
2021,2021302100315,3,1,0,0,0,0,0,0,0,0,0,0
2021,2021361058032,3,1,0,0,0,0,0,0,0,0,0,1
2021,2021540354621,3,1,0,0,0,0,0,0,0,0,0,1
2021,2021141023470,1,1,0,0,0,0,0,0,0,0,0,1
2021,2021201094921,3,1,0,0,0,0,0,0,0,0,0,1
2021,2021010317515,3,1,0,0,0,0,0,1,1,0,0,1
2021,2021010304833,3,1,0,0,0,0,0,0,0,0,0,0
2021,2021461018690,3,1,0,0,0,0,0,0,0,0,0,1
2021,2021041022019,3,1,0,0,0,0,0,0,0,0,0,1
2021,2021522104142,3,1,0,0,0,0,0,0,0,0,0,0
2021,2021010347376,3,1,0,0,1,1,1,1,1,1,1,1
2021,2021010330110,3,1,0,0,0,0,0,0,0,0,0,0
2021,2021010343252,3,1,0,0,0,0,0,0,0,0,0,1
2021,2021221116551,3,1,0,0,0,0,0,0,0,0,0,1
2021,2021430473479,3,1,0,0,0,0,0,0,0,0,0,1
2021,2021070584588,3,1,0,0,0,0,0,0,0,0,0,1
2021,2021010348493,3,1,0,0,0,0,0,0,0,0,0,0
2021,2021421111708,3,1,0,0,0,0,0,0,0,0,0,1
2021,2021541518021,3,1,0,0,0,0,1,1,1,0,0,1
2021,2021401074211,3,1,0,0,0,0,0,0,0,0,0,1
2021,2021010315226,3,1,0,0,0,0,0,0,0,0,0,1
2021,2021421095432,2,1,0,0,0,0,0,0,0,0,0,1
2021,202131B000621,3,1,0,0,0,0,0,0,0,0,0,1
2021,2021221116766,3,1,0,0,0,0,0,0,0,0,0,1
2021,2021991074995,2,1,0,0,0,0,0,0,0,0,0,0
2021,2021991022047,3,1,0,0,0,0,0,0,0,0,0,1
2021,2021010329778,3,1,0,0,0,0,0,0,0,0,0,1
2021,2021221081456,3,1,0,0,0,0,0,0,0,0,0,1
2021,2021161090244,3,1,0,0,0,0,0,0,0,0,0,1
2021,2021401072800,3,1,0,0,0,0,0,1,1,0,0,1
2021,2021201031801,3,1,0,0,0,0,0,0,0,0,0,1
2021,2021010348824,3,1,0,0,0,0,0,0,0,0,0,1
2021,2021461097439,3,1,0,0,0,0,0,0,0,0,0,0
2021,2021211021886,3,1,0,0,0,0,0,0,0,0,0,1
2021,2021610016321,3,1,0,0,0,0,0,0,0,0,0,1
2021,2021122101355,3,1,0,0,0,0,0,0,0,0,0,0
2021,2021548106421,3,1,0,0,0,0,0,0,0,0,0,1
2021,2021010306534,3,1,0,0,0,1,1,0,1,1,1,1
2021,2021461095144,3,1,0,0,0,0,0,0,0,0,0,0
2021,2021170H10191,3,1,0,0,0,0,0,1,1,0,0,1
2021,2021201049530,3,1,0,0,1,1,1,1,1,1,1,1
2021,2021010293261,3,1,0,0,0,0,0,0,0,0,0,0
2021,2021440163653,3,1,0,0,0,0,0,0,0,0,0,1
2021,2021440366420,2,1,0,0,0,0,0,0,0,1,1,1
2021,2021430334691,3,1,0,0,0,0,0,0,0,0,0,0
2021,2021471080421,3,1,0,0,0,0,0,0,0,0,0,1
2021,2021010302510,3,1,0,0,0,0,0,0,0,0,0,1
2021,2021421021233,3,1,0,0,0,0,0,0,0,0,0,1
2021,2021991149003,3,1,0,0,0,0,0,0,0,0,0,0
2021,2021170S20431,3,1,0,0,0,0,0,0,0,0,0,0
2021,2021131111483,2,1,0,0,0,0,0,0,0,0,0,0
2021,2021010313888,3,1,0,0,0,0,0,0,0,0,0,0
2021,2021010349916,3,1,0,0,0,0,0,0,0,0,0,1
2021,2021010320717,3,1,0,0,0,0,0,0,0,0,0,0
2021,2021010319501,2,1,0,0,0,0,0,0,0,0,0,1
2021,2021471094666,3,1,0,0,0,0,0,0,0,0,0,0
2021,2021471103069,3,1,0,0,0,0,0,0,0,0,0,0
2021,2021201073572,2,1,0,0,0,0,0,0,0,0,0,1
2021,2021361017109,3,1,0,0,0,0,0,0,0,0,0,1
2021,2021451050692,3,1,0,0,0,0,0,0,0,1,1,1
2021,2021231035865,3,1,0,0,0,0,0,0,0,0,0,0
2021,2021201036218,2,1,0,0,0,0,0,0,0,0,0,0
2021,2021481122343,2,1,0,0,0,0,0,0,0,0,0,1
2021,2021010321500,3,1,0,0,0,0,0,0,0,0,0,0
2021,2021010321062,3,1,0,0,0,0,0,0,0,0,0,1
2021,2021010328386,3,1,0,0,0,0,0,1,1,0,0,1
2021,2021010303403,3,1,0,0,0,0,0,0,0,0,0,1
2021,2021351074267,3,1,0,0,0,0,0,0,0,1,1,1
2021,2021332100092,3,1,0,0,0,0,0,0,0,0,0,1
2021,2021320046231,3,1,0,0,0,0,0,0,0,0,0,1
2021,2021991067177,1,1,0,0,0,0,0,0,0,0,0,1
2021,2021010304704,3,1,0,0,0,0,0,0,0,0,0,1
2021,2021010306947,3,1,0,0,0,0,0,0,0,0,0,0
2021,2021421034198,3,1,0,0,0,0,0,0,1,0,0,1
2021,2021361052140,2,1,0,0,0,0,0,0,0,0,0,1
2021,2021371124541,2,1,0,0,0,0,0,0,0,0,0,1
2021,202163D098921,2,1,0,0,0,1,1,0,1,1,1,1
2021,2021141098475,3,1,0,0,0,0,0,0,0,0,0,0
2021,2021010288439,3,1,0,0,0,0,0,0,0,0,0,0
2021,2021010341189,2,1,0,0,0,0,0,0,0,0,0,0
2021,2021471022980,3,1,0,0,0,0,0,0,0,0,0,1
2021,2021411084371,3,1,0,0,0,0,0,0,0,0,0,1
2021,2021461068429,2,1,0,0,0,0,0,1,1,0,0,1
2021,2021991110329,3,1,0,0,0,0,0,0,0,0,0,1
2021,2021991057702,3,1,0,0,0,0,0,0,0,0,0,0
2021,2021610059421,3,1,0,0,0,0,0,0,0,0,0,0
2021,2021170S21281,3,1,0,0,0,0,0,0,0,0,0,1
2021,202134WNC0551,3,1,0,0,0,0,0,0,0,0,0,1
2021,2021101078368,3,1,0,0,0,0,0,0,0,0,0,1
2021,2021010302212,2,1,0,0,0,0,0,0,0,0,0,1
2021,2021421025837,3,1,0,0,0,0,0,0,0,0,0,1
2021,2021451056193,3,1,0,0,0,0,0,0,0,0,1,0
2021,2021520200879,3,1,0,0,0,0,0,0,0,0,0,0
2021,2021131106009,3,1,0,0,0,0,0,0,0,0,0,0
2021,2021010310500,3,1,0,0,0,0,0,0,0,1,1,1
2021,2021010322046,3,1,0,0,0,0,0,0,0,0,0,1
2021,2021041079339,3,1,0,0,0,0,0,0,0,0,0,1
2021,2021320246347,3,1,0,0,0,0,0,0,0,0,0,1
2021,2021991092336,2,1,0,0,0,0,0,0,0,0,0,1
2021,2021430093793,3,1,0,0,0,0,0,0,1,1,1,1
2021,2021401031624,3,1,0,0,0,0,0,0,0,0,0,1
2021,2021141021359,3,1,0,0,0,0,0,0,0,0,0,1
2021,2021010347444,3,1,0,0,0,0,0,0,0,0,0,0
2021,2021010291614,3,1,0,0,0,0,0,0,0,0,0,0
2021,2021610025221,2,1,0,0,0,0,0,0,0,0,0,0
2021,2021070187424,2,1,0,0,0,0,0,1,1,0,0,1
2021,202134WNC2271,3,1,0,0,0,0,0,0,0,0,0,1
2021,2021201072677,2,1,0,0,0,0,0,0,0,0,1,0
2021,2021010347641,3,1,0,0,0,0,0,0,0,0,0,0
2021,2021010332008,3,1,0,0,0,0,0,0,0,0,0,0
2021,2021010314325,3,1,0,0,0,0,0,0,0,0,0,0
2021,2021010348680,3,1,0,0,0,0,0,0,0,0,0,0
2021,2021302101096,3,1,0,0,0,0,0,0,0,0,0,1
2021,2021501103306,3,1,0,0,0,0,0,0,0,0,0,0
2021,202134WNC2231,2,1,0,0,0,0,0,0,0,0,0,0
2021,2021052100649,3,1,0,0,0,0,0,0,0,0,0,1
2021,2021010317725,3,1,0,0,0,0,0,0,0,0,0,1
2021,2021010309779,3,1,0,0,0,0,0,0,0,0,0,1
2021,2021461053333,2,1,0,0,0,1,1,0,1,1,1,1
2021,2021041101871,2,1,0,0,0,0,0,0,0,0,0,0
2021,2021991045652,3,1,0,0,0,0,0,0,0,0,0,1
2021,2021138171400,2,1,0,0,0,0,0,0,0,0,0,0
2021,2021010345096,2,1,0,0,0,0,0,0,0,0,1,0
2021,2021010322371,3,1,0,0,0,0,0,0,0,0,0,0
2021,2021430180228,2,1,0,0,0,0,0,0,0,0,0,0
2021,2021991027212,2,1,0,0,0,0,0,0,0,0,0,0
2021,2021161029002,2,1,0,0,0,0,0,0,0,0,0,0
2021,2021061096679,3,1,0,0,0,0,0,0,0,0,1,0
2021,2021201023595,3,1,0,0,0,0,0,0,0,0,0,0
2021,2021131076876,3,1,0,0,0,0,0,0,0,1,1,1
2021,2021010308784,2,1,0,0,0,0,0,0,0,1,1,1
2021,2021010295218,3,1,0,0,0,0,0,0,0,0,0,0
2021,2021010318324,3,1,0,0,0,0,0,0,0,0,0,0
2021,2021231023608,3,1,0,0,0,0,0,0,0,0,0,1
2021,2021070227046,3,1,0,0,0,0,0,0,0,0,0,1
2021,2021010294709,3,1,0,0,0,0,0,0,1,0,0,1
2021,2021011049221,3,1,0,0,0,0,0,0,0,0,0,0
2021,2021010304530,2,1,0,0,0,0,0,0,0,0,0,1
2021,2021544410121,3,1,0,0,0,0,0,0,0,0,0,1
2021,2021052102436,2,1,0,0,0,0,0,0,0,0,0,0
2021,2021201110554,3,1,0,0,0,0,0,0,1,0,0,1
2021,2021010322627,3,1,0,0,0,0,0,0,0,0,0,0
2021,2021010312926,3,1,0,0,0,0,0,0,0,0,0,1
2021,2021010291788,3,1,0,0,0,0,0,0,0,0,0,0
2021,2021440086543,3,1,0,0,0,0,0,0,0,0,0,0
2021,202160Z129923,3,1,0,0,0,0,0,0,0,1,1,1
2021,202131C029821,3,1,0,0,0,0,0,0,0,1,1,1
2021,2021052100934,3,1,0,0,0,0,0,0,0,0,0,1
2021,2021201053814,3,1,0,0,0,0,0,0,0,0,0,1
2021,20211383N0883,3,1,0,0,0,0,0,0,0,0,0,0
2021,2021010313547,3,1,0,0,0,0,0,0,0,0,0,0
2021,2021531052907,3,1,0,0,0,0,0,0,0,0,0,1
2021,2021461083055,3,1,0,0,0,0,0,0,0,0,0,0
2021,202134WNC1781,2,1,0,0,0,0,0,0,0,0,0,1
2021,2021421065415,3,1,0,0,0,0,0,0,0,0,0,1
2021,2021440496783,3,1,0,0,0,0,0,0,0,0,0,1
2021,2021991014806,2,1,0,0,0,0,0,0,0,0,0,0
2021,202163D005321,3,1,0,0,0,0,0,0,0,0,0,1
2021,2021421051692,3,1,0,0,0,0,0,0,0,0,0,0
2021,2021552100043,3,1,0,0,0,0,0,0,1,0,0,1
2021,2021201057959,3,1,0,0,0,0,0,0,0,0,0,1
2021,2021201124896,3,1,0,0,0,1,1,0,1,1,1,1
2021,2021010300980,3,1,0,0,0,0,0,0,0,0,0,1
2021,2021461043426,3,1,0,0,0,0,0,0,0,0,0,0
2021,2021461073494,3,1,0,0,0,0,0,0,0,0,0,0
2021,2021041084996,3,1,0,0,0,0,0,0,0,1,1,1
2021,2021211087739,3,1,0,0,0,0,0,0,0,0,0,1
2021,2021520100446,3,1,0,0,0,0,0,0,0,0,0,0
2021,2021010337986,3,1,0,0,0,0,0,0,0,0,0,0
2021,2021461072886,3,1,0,0,0,0,0,0,0,0,0,1
2021,2021201061546,3,1,0,0,0,0,0,0,0,0,0,0
2021,2021010300129,3,1,0,0,0,0,0,0,0,0,0,1
2021,2021461107888,3,1,0,0,0,0,0,0,0,0,0,0
2021,2021451026867,3,1,0,0,0,0,0,0,0,0,0,0
2021,2021451045676,3,1,0,0,1,1,1,1,1,1,1,1
2021,2021991096085,2,1,0,0,0,0,0,0,0,0,0,0
2021,202134NNC2861,2,1,0,0,0,0,0,0,0,0,0,1
2021,2021010293408,3,1,0,0,0,0,0,0,0,0,0,1
2021,2021010298747,3,1,0,0,0,0,0,1,1,0,0,1
2021,2021221078657,3,1,0,0,0,0,0,0,0,0,0,0
2021,202131C110421,3,1,0,0,0,0,0,0,0,0,0,0
2021,2021451054923,3,1,0,0,0,0,0,0,0,0,0,1
2021,2021451088953,3,1,0,0,0,0,0,0,0,0,0,1
2021,2021131092914,2,1,0,0,0,0,0,0,0,0,0,1
2021,2021010314131,3,1,0,0,0,0,0,0,0,0,0,1
2021,2021070765800,3,1,0,0,0,0,0,0,0,0,0,0
2021,2021061096937,3,1,0,0,0,0,0,0,0,1,1,1
2021,2021101044204,3,1,0,0,0,0,0,0,0,0,0,1
2021,2021201085128,3,1,0,0,0,0,0,0,0,0,0,0
2021,2021010303151,3,1,0,0,0,0,0,0,0,0,0,1
2021,2021010305954,3,1,0,0,0,0,0,0,0,0,0,0
2021,2021010295701,3,1,0,0,0,0,0,0,0,0,0,1
2021,2021010311490,3,1,0,0,0,0,0,0,0,0,0,1
2021,2021461099982,3,1,0,0,0,0,0,0,0,0,0,1
2021,2021231030937,3,1,0,0,0,0,0,0,0,0,0,1
2021,2021010299906,3,1,0,0,0,0,0,0,0,0,0,1
2021,2021501100501,3,1,0,0,0,0,0,0,0,0,0,0
2021,2021411114084,3,1,0,0,0,0,0,0,0,0,0,0
2021,2021371025329,2,1,0,0,0,0,0,0,0,0,0,1
2021,2021552200009,3,1,0,0,0,0,0,0,0,0,0,1
2021,2021101018847,2,1,0,0,0,0,0,0,0,0,0,0
2021,2021201052046,3,1,0,0,0,0,0,0,0,0,0,1
2021,2021010337047,3,1,0,0,0,0,0,1,1,0,0,1
2021,2021010309508,2,1,0,0,0,0,0,0,0,0,0,0
2021,2021122100673,3,1,0,0,1,1,1,1,1,1,1,1
2021,2021501018603,2,1,0,0,0,0,0,0,0,0,0,0
2021,202160Z175012,3,1,0,0,0,0,0,0,0,0,0,0
2021,202131C014421,3,1,0,0,0,0,1,1,1,0,0,1
2021,2021070784552,3,1,0,0,0,0,0,0,0,0,0,1
2021,2021141062083,3,1,0,0,0,0,0,0,0,0,0,1
2021,2021010291213,3,1,0,0,0,0,0,0,1,0,0,1
2021,2021351062135,3,1,0,0,0,0,0,0,0,0,0,1
2021,2021501072931,3,1,0,0,0,0,0,0,0,0,0,0
2021,2021440415808,3,1,0,0,0,0,0,0,0,0,0,0
2021,202163D020421,3,1,0,0,0,0,0,0,0,0,0,1
2021,2021332100615,3,1,0,0,0,0,0,0,0,0,0,1
2021,2021010345617,3,1,0,0,0,0,0,0,0,0,0,0
2021,2021010298814,2,1,0,0,0,0,0,0,0,0,0,1
2021,2021010305531,3,1,0,0,0,0,0,0,0,0,0,0
2021,2021010302106,3,1,0,0,0,0,0,0,0,0,0,1
2021,2021302101877,3,1,0,0,0,0,0,0,0,0,0,0
2021,2021421072174,1,1,0,0,0,0,0,0,0,0,0,0
2021,2021991120285,3,1,0,0,0,0,0,0,0,0,0,1
2021,2021010349070,3,1,0,0,0,0,0,0,0,0,0,0
2021,2021471074385,3,1,0,0,0,0,0,0,0,0,0,0
2021,2021548620421,3,1,0,0,0,0,0,0,0,0,0,1
2021,2021201090018,3,1,0,0,0,0,0,0,0,0,1,0
2021,2021010312388,3,1,0,0,0,0,0,0,0,0,0,0
2021,2021302100216,3,1,0,0,0,0,0,0,0,0,0,1
2021,2021440043995,3,1,0,0,0,0,0,0,0,0,0,1
2021,2021041087120,2,1,0,0,0,0,0,0,0,0,0,1
2021,2021052101924,3,1,0,0,0,0,0,0,0,0,0,1
2021,2021501127445,3,1,0,0,0,0,0,0,0,0,0,0
2021,202131A111621,3,1,0,0,0,0,0,0,0,0,0,0
2021,2021211121546,3,1,0,0,0,0,0,0,0,0,0,1
2021,2021471069167,3,1,1,1,1,1,1,1,1,1,1,1
2021,2021471086255,3,1,0,0,0,0,0,0,0,0,1,0
2021,2021070548094,3,1,0,0,0,0,0,0,1,0,0,1
2021,2021010295623,3,1,0,0,0,0,0,0,0,0,0,0
2021,2021440252115,3,1,0,0,0,0,0,0,0,0,0,1
2021,2021430444191,3,1,0,0,0,0,0,0,0,0,0,0
2021,2021010317280,3,1,0,0,0,0,0,0,0,0,0,1
2021,2021440466688,3,1,0,0,0,0,0,0,0,0,0,1
2021,2021411118348,3,1,0,0,0,0,0,0,0,0,0,1
2021,2021371070134,3,1,0,0,0,0,0,0,0,0,0,0
2021,2021471088935,3,1,0,0,0,0,0,0,0,0,0,1
2021,2021170L10211,3,1,0,0,0,1,1,0,1,1,1,1
2021,2021201133949,2,1,0,0,0,0,0,0,0,0,0,0
2021,2021010349565,3,1,0,0,0,0,0,0,0,0,0,0
2021,2021421018545,2,1,0,0,0,0,0,0,0,0,0,0
2021,202131A085221,3,1,0,0,0,0,0,0,0,0,0,1
2021,202160Z161289,3,1,0,0,0,0,0,0,0,0,0,1
2021,2021430151959,3,1,0,0,0,0,0,0,0,0,0,1
2021,2021061097586,3,1,0,0,0,0,0,0,0,0,0,0
2021,2021201118773,3,1,0,0,0,0,0,0,0,0,0,1
2021,2021010312732,3,1,0,0,0,0,0,0,0,0,0,1
2021,2021010297070,3,1,0,0,0,0,0,0,0,0,0,1
2021,202131B164921,3,1,0,0,0,0,0,0,0,0,0,1
2021,2021543318421,3,1,0,0,0,0,0,0,0,1,1,1
2021,2021440204220,3,1,0,0,0,0,0,0,0,0,0,0
2021,2021401062750,3,1,0,0,0,0,0,0,0,0,0,1
2021,2021101037447,3,1,0,0,0,0,0,0,0,0,0,1
2021,2021010304666,3,1,0,0,0,0,0,0,0,0,0,1
2021,2021031023716,3,1,0,0,0,0,0,0,0,0,0,1
2021,2021501051610,3,1,0,0,0,0,0,1,1,0,0,1
2021,2021991031033,2,1,0,0,0,0,0,0,0,0,0,0
2021,2021201061310,3,1,0,0,0,0,0,0,0,1,1,1
2021,2021010297916,2,1,0,0,0,0,0,0,0,0,0,0
2021,2021010302089,3,1,0,0,0,0,0,0,0,0,0,1
2021,2021991016585,2,1,0,0,0,0,0,0,0,0,0,1
2021,202163A030721,3,1,0,0,0,0,0,0,0,0,0,1
2021,2021010296707,3,1,0,0,0,0,0,0,0,0,0,0
2021,2021041058973,3,1,0,0,0,0,0,0,0,0,0,1
2021,2021991081350,2,1,0,0,0,0,0,0,0,0,0,1
2021,202131C061821,3,1,0,0,0,0,0,0,0,0,0,1
2021,2021430523193,3,1,0,0,0,0,0,0,0,0,0,1
2021,2021101102058,3,1,0,0,0,0,0,0,0,0,0,0
2021,2021061097345,3,1,0,0,0,0,0,0,0,0,0,1
2021,2021201049076,3,1,0,0,0,0,0,0,0,0,0,1
2021,2021201031880,3,1,0,0,0,0,0,0,0,0,0,1
2021,2021320173928,3,1,0,0,0,0,0,0,0,0,0,1
2021,202134WNC4561,3,1,0,0,0,0,0,0,0,1,1,1
2021,2021010308283,3,1,0,0,0,0,0,0,0,0,0,0
2021,2021010295761,3,1,0,0,0,0,0,1,1,0,0,1
2021,2021010337968,3,1,0,0,0,0,0,0,1,0,0,1
2021,2021302101379,3,1,0,0,0,0,0,0,0,0,0,1
2021,2021451089611,3,1,0,0,0,0,0,0,0,0,0,1
2021,2021052101525,3,1,0,0,0,0,0,0,0,0,0,1
2021,2021201133397,3,1,0,0,0,0,0,0,0,0,0,0
2021,2021471099068,3,1,0,0,0,0,0,0,0,0,0,0
2021,202134NNC1961,3,1,0,0,0,0,0,0,0,0,0,1
2021,2021010290076,3,1,0,0,0,0,0,0,0,0,0,0
2021,2021010350494,3,1,0,0,0,0,0,0,0,0,0,1
2021,2021351027638,3,1,0,0,0,0,0,0,0,0,0,1
2021,202131D076421,3,1,0,0,0,0,0,0,0,0,0,0
2021,2021622100770,3,1,0,0,0,0,0,0,0,0,0,1
2021,2021421022939,3,1,0,0,0,0,0,0,0,0,0,1
2021,2021111137522,3,1,0,0,0,0,0,0,0,0,0,1
2021,2021501109207,2,1,0,0,0,0,0,0,0,0,0,0
2021,2021010297029,3,1,0,0,0,0,0,0,0,0,0,1
2021,2021010292292,3,1,0,0,0,0,0,0,0,0,0,1
2021,2021031038594,2,1,0,0,0,0,0,0,0,0,0,0
2021,2021302101199,3,1,0,0,0,0,0,0,0,0,0,0
2021,2021451056318,3,1,0,0,0,0,0,0,0,0,0,0
2021,2021451093788,2,1,1,1,1,1,1,1,1,1,1,1
2021,2021440243509,2,1,0,0,0,0,0,0,0,0,0,0
2021,2021411052912,2,1,0,0,0,0,0,0,0,0,0,1
2021,2021430151049,3,1,0,0,0,0,0,0,0,0,0,1
2021,2021111080892,2,1,0,0,0,0,0,0,0,0,0,1
2021,2021070629056,3,1,0,0,0,0,0,0,0,0,0,1
2021,2021010337406,3,1,0,0,0,0,0,0,0,0,0,1
2021,2021010310354,3,1,0,0,0,0,0,0,0,0,0,1
2021,2021231047308,3,1,0,0,0,0,0,0,1,0,0,1
2021,2021201075694,3,1,0,0,0,0,0,0,0,0,1,0
2021,2021231095615,2,1,0,0,0,0,0,0,0,0,0,0
2021,202160Z072610,3,1,0,0,0,0,0,0,0,1,1,1
2021,2021440086175,3,1,0,0,0,0,0,0,0,0,0,0
2021,2021440469547,3,1,0,0,0,0,0,0,1,0,0,1
2021,2021231068644,3,1,0,0,0,0,0,0,0,0,0,1
2021,2021201049177,3,1,0,0,0,0,0,0,0,0,0,1
2021,2021131035582,3,1,0,0,0,0,0,0,0,0,0,1
2021,2021010304345,3,1,0,0,0,0,0,0,0,0,0,0
2021,2021010323704,3,1,0,0,0,0,0,0,0,0,0,0
2021,2021010345515,3,1,0,0,0,1,1,0,1,1,1,1
2021,2021010311697,2,1,0,0,0,0,0,0,0,0,0,1
2021,2021231029106,3,1,0,0,0,0,0,0,0,0,1,0
2021,2021991103608,3,1,0,0,0,0,0,0,0,0,0,0
2021,2021541018321,3,1,0,0,0,0,0,0,0,0,0,0
2021,2021201111827,2,1,0,0,0,0,0,0,0,0,0,0
2021,2021201072650,1,1,0,0,0,0,0,0,0,0,0,1
2021,2021501048583,3,1,0,0,0,0,0,0,0,0,0,0
2021,202134NNC9121,1,1,0,0,0,0,0,0,0,0,0,0
2021,2021481153475,3,1,0,0,0,0,0,0,0,1,1,1
2021,2021031027520,3,1,0,0,0,0,0,0,0,0,0,1
2021,202131B201921,3,1,0,0,0,0,0,0,0,0,0,0
2021,2021471061486,2,1,0,0,0,0,0,0,0,0,0,1
2021,2021052101092,3,1,0,0,0,0,0,0,0,0,0,0
2021,2021131051444,2,1,0,0,0,0,0,0,0,0,0,1
2021,2021010341334,3,1,0,0,0,0,0,0,0,0,0,1
2021,2021010334886,3,1,0,0,0,0,0,0,0,1,1,1
2021,2021010293537,3,1,0,0,0,0,0,0,0,0,0,1
2021,2021061110025,3,1,0,0,0,0,0,0,0,0,0,0
2021,2021010317178,3,1,0,0,0,0,0,0,0,0,0,0
2021,2021302101161,3,1,0,0,0,0,0,0,0,0,0,1
2021,2021170S11561,1,1,0,0,0,1,1,0,1,1,1,1
2021,2021161035009,3,1,0,0,0,0,0,0,0,0,0,1
2021,2021501020025,3,1,0,0,0,0,0,0,0,0,0,1
2021,2021101037543,3,1,0,0,0,0,0,1,1,0,0,1
2021,2021201084734,3,1,0,0,0,0,0,1,1,0,0,1
2021,2021010314501,3,1,0,0,0,0,0,0,0,0,0,0
2021,2021010322230,3,1,0,0,0,0,0,0,0,0,0,1
2021,2021411075088,3,1,0,0,0,0,0,0,0,0,0,1
2021,2021111083612,3,1,0,0,0,0,0,0,0,0,0,0
2021,2021101027495,3,1,0,0,0,0,0,0,0,0,0,0
2021,2021052100179,3,1,0,0,0,0,0,0,0,0,0,0
2021,2021201087112,2,1,0,0,0,0,0,0,0,0,0,0
2021,2021010292464,3,1,0,0,0,0,0,0,0,0,0,0
2021,2021010294313,3,1,0,0,0,0,0,0,0,0,0,0
2021,2021461105502,3,1,0,0,0,0,0,0,0,0,0,1
2021,2021161025797,3,1,0,0,0,0,0,0,0,0,0,0
2021,2021461073526,3,1,0,0,0,0,0,0,0,0,0,1
2021,2021201084880,3,1,0,0,0,0,0,1,1,0,0,1
2021,2021010298898,3,1,0,0,0,0,0,0,0,0,0,0
2021,2021411122305,3,1,0,0,0,0,0,1,1,0,0,1
2021,2021211086568,3,1,0,0,0,0,0,0,0,0,0,0
2021,2021542317621,3,1,0,0,0,0,0,0,0,0,0,1
2021,2021461065534,2,1,0,0,0,0,0,0,0,0,0,0
2021,2021201128354,3,1,0,0,0,0,0,1,1,0,0,1
2021,2021201125220,3,1,0,0,0,0,0,0,0,0,0,0
2021,2021010305814,3,1,0,0,0,0,0,0,0,0,0,0
2021,2021010295554,3,1,0,0,0,0,0,0,0,0,0,1
2021,2021010293789,3,1,0,0,0,0,0,0,0,0,0,1
2021,2021010290983,3,1,0,0,0,0,0,0,0,0,0,1
2021,2021361065216,2,1,0,0,0,0,0,0,0,0,0,0
2021,2021991129977,3,1,0,0,0,0,0,0,0,1,1,1
2021,202163B046121,3,1,0,0,0,0,0,0,0,0,0,0
2021,2021010291558,3,1,0,0,0,0,0,0,0,0,0,1
2021,2021501066117,3,1,0,0,0,0,0,0,0,0,0,0
2021,2021231081029,3,1,0,0,0,0,0,0,0,0,0,1
2021,2021221093543,3,1,0,0,0,0,0,0,0,0,0,1
2021,2021101014948,3,1,0,0,0,0,0,0,0,0,0,1
2021,2021010300488,3,1,0,0,0,0,0,0,0,0,0,1
2021,2021302101812,3,1,0,0,0,0,0,0,0,0,0,1
2021,2021991105261,3,1,0,0,0,0,0,0,0,0,0,0
2021,2021430194431,2,1,0,0,0,0,0,0,0,0,0,0
2021,2021131120198,3,1,0,0,0,0,0,0,0,0,0,1
2021,2021010301794,2,1,0,0,0,0,0,0,0,0,0,1
2021,2021010341581,3,1,0,0,0,0,0,0,0,0,0,1
2021,2021361030041,3,1,0,0,0,0,0,0,0,0,0,1
2021,2021211053506,3,1,0,0,0,0,0,0,0,0,0,1
2021,2021052101319,3,1,0,0,0,0,0,0,0,0,0,1
2021,2021440241583,3,1,0,0,0,0,0,0,0,0,0,1
2021,2021361121426,3,1,0,0,0,0,0,0,0,1,1,1
2021,2021430082851,3,1,0,0,0,0,0,0,0,0,0,0
2021,2021471087277,3,1,0,0,0,0,0,0,0,0,0,0
2021,2021552100322,2,1,0,0,0,1,1,0,1,1,1,1
2021,2021201116069,3,1,0,0,0,0,0,0,0,0,0,1
2021,2021421032640,3,1,0,0,0,0,0,0,0,0,0,0
2021,2021461021821,3,1,0,0,0,0,0,0,0,0,0,0
2021,2021361109779,3,1,0,0,0,0,0,0,0,0,0,0
2021,2021430467613,3,1,0,0,0,0,0,0,0,0,0,1
2021,2021430518991,3,1,0,0,0,0,0,0,0,0,0,1
2021,2021010322056,3,1,0,0,0,0,0,0,0,0,0,1
2021,2021010308067,3,1,0,0,0,0,0,0,0,0,0,0
2021,2021421103641,3,1,0,0,0,0,0,0,0,0,0,1
2021,2021421104349,3,1,0,0,0,0,0,1,1,0,0,1
2021,2021991093199,2,1,0,0,0,0,0,0,0,0,0,1
2021,2021311111651,3,1,0,0,0,0,0,0,0,0,0,1
2021,2021201144503,2,1,0,0,0,0,0,1,1,0,0,1
2021,2021138112445,3,1,0,0,0,0,0,0,0,0,0,1
2021,2021010301902,2,1,0,0,0,0,0,0,0,0,0,0
2021,2021501117964,3,1,0,0,0,0,0,1,1,0,0,1
2021,2021461038657,3,1,0,0,0,0,0,0,0,0,0,1
2021,2021471101259,3,1,0,0,0,0,0,0,0,0,0,0
2021,2021471108560,3,1,0,0,0,0,0,0,1,0,0,1
2021,2021991052703,3,1,0,0,0,0,0,0,0,0,0,0
2021,202163D088421,3,1,0,0,0,0,0,0,0,0,0,1
2021,2021622100629,3,1,0,0,0,0,0,0,0,0,0,0
2021,2021522102461,2,1,0,0,0,0,0,0,0,0,0,0
2021,2021010340541,3,1,0,0,0,0,0,1,1,0,0,1
2021,2021010316114,3,1,0,0,0,0,0,0,0,0,0,1
2021,2021010309624,2,1,0,0,0,1,1,0,1,1,1,1
2021,2021351116996,3,1,0,0,0,0,0,0,1,1,1,1
2021,2021411117089,2,1,0,0,0,0,0,1,1,0,0,1
2021,202134NNC3441,3,1,0,0,0,0,0,0,0,0,0,0
2021,2021141075227,3,1,0,0,0,0,0,0,0,0,0,1
2021,2021010337555,3,1,0,0,0,0,0,1,1,0,0,1
2021,2021010305639,3,1,0,0,0,0,0,0,0,0,0,0
2021,2021302100825,3,1,0,0,0,0,0,0,0,0,0,0
2021,2021461059493,3,1,0,0,0,0,0,0,0,0,0,1
2021,2021461095786,3,1,0,0,0,0,0,0,0,0,0,1
2021,2021161111777,3,1,0,0,0,0,0,0,0,0,0,1
2021,2021547181121,3,1,0,0,0,0,0,0,0,0,0,1
2021,202134WNC2441,3,1,0,0,0,0,0,0,0,0,0,1
2021,2021131045601,3,1,0,0,0,0,0,0,0,0,0,1
2021,202131D089021,3,1,0,0,0,0,0,0,0,0,0,0
2021,2021430575988,3,1,0,0,0,0,0,0,0,0,0,1
2021,2021010333448,3,1,0,0,0,0,0,0,0,0,0,0
2021,2021010298687,3,1,0,0,0,0,0,0,0,0,0,0
2021,2021010288555,3,1,0,0,0,0,0,0,0,0,0,1
2021,2021471081623,3,1,0,0,0,0,0,0,0,0,0,1
2021,2021101051171,3,1,0,0,0,0,0,0,0,1,1,1
2021,2021131099162,3,1,0,0,0,0,0,0,0,0,0,1
2021,2021010321240,2,1,0,0,0,0,0,0,0,0,0,1
2021,2021010319344,3,1,0,0,0,0,0,0,0,0,0,0
2021,2021010333634,3,1,0,0,0,0,0,0,0,0,0,0
2021,2021371129100,3,1,0,0,0,0,0,0,0,0,0,1
2021,2021122101144,3,1,0,0,0,0,0,0,0,0,0,0
2021,2021141018046,3,1,0,0,0,0,0,0,1,0,0,1
2021,2021351106054,3,1,0,0,0,0,0,0,0,0,0,0
2021,2021041079259,3,1,0,0,0,0,0,0,0,0,0,0
2021,2021540673521,3,1,0,0,0,0,0,0,0,0,0,1
2021,202134WNC1761,2,1,0,0,0,0,0,1,1,0,0,1
2021,2021141077954,3,1,0,0,0,0,0,0,1,0,0,1
2021,2021201118172,3,1,0,0,0,0,0,0,0,0,0,1
2021,2021010320173,3,1,0,0,0,0,0,0,0,0,0,0
2021,2021991101899,2,1,0,0,0,0,0,0,0,0,0,1
2021,2021991086024,2,1,0,0,0,0,0,0,0,0,0,0
2021,202163D030421,3,1,0,0,0,0,0,0,0,0,0,1
2021,2021461095851,3,1,0,0,0,0,0,0,0,0,0,1
2021,2021131057468,3,1,0,0,0,0,0,0,0,0,0,0
2021,2021010299370,3,1,0,0,0,0,0,0,0,0,0,0
2021,2021501099754,3,1,0,0,0,0,0,0,0,0,0,1
2021,2021471023877,3,1,0,0,0,0,0,0,0,0,0,0
2021,2021531103822,3,1,0,0,0,0,0,0,0,0,0,1
2021,202131P045021,3,1,0,0,0,0,0,0,0,0,0,1
2021,202131B052221,3,1,0,0,0,1,1,0,1,1,1,1
2021,2021991201030,3,1,0,0,0,0,0,0,0,0,0,1
2021,2021041096391,3,1,0,0,0,0,0,0,0,0,0,0
2021,2021221036178,3,1,0,0,0,0,0,0,0,0,0,1
2021,2021052100325,3,1,0,0,0,0,0,0,0,0,0,0
2021,2021991101876,3,1,0,0,0,0,0,0,0,0,0,1
2021,2021070768755,3,1,0,0,0,0,0,0,1,0,0,1
2021,2021010347080,2,1,0,0,0,0,0,0,0,0,0,1
2021,2021610057521,3,1,0,0,0,0,0,0,0,0,0,1
2021,2021552101340,3,1,0,0,0,0,0,0,1,0,0,1
2021,2021052100245,3,1,0,0,0,0,0,1,1,0,0,1
2021,2021101037056,3,1,0,0,0,0,0,0,0,0,0,1
2021,2021010343022,3,1,0,0,0,0,0,0,0,0,0,0
2021,2021351052847,2,1,0,0,0,0,0,0,0,0,0,1
2021,2021440421840,3,1,0,0,0,0,0,0,0,0,0,0
2021,2021371066887,3,1,0,0,0,0,0,0,0,0,0,0
2021,2021010327864,2,1,0,0,0,0,0,0,0,0,0,1
2021,202163D014121,3,1,0,0,0,0,0,0,0,0,0,0
2021,2021302100378,3,1,0,0,0,0,0,0,0,0,0,1
2021,2021430116853,1,1,0,0,0,0,0,0,0,0,0,1
2021,2021201111353,2,1,0,0,0,0,0,0,0,0,0,0
2021,2021131048973,3,1,0,0,0,0,0,0,0,0,0,0
2021,2021010340715,2,1,0,0,0,0,0,0,0,0,0,0
2021,2021451059741,2,1,0,0,0,0,0,0,0,0,0,0
2021,202163B031221,3,1,0,0,0,0,0,0,0,0,0,1
2021,2021201016234,3,1,0,0,0,0,0,0,0,1,1,1
2021,2021010323882,3,1,0,0,0,0,0,0,0,0,0,1
2021,2021471049856,3,1,0,0,1,1,1,1,1,1,1,1
2021,2021371151026,3,1,0,0,0,0,0,0,0,0,0,1
2021,2021371145123,3,1,0,0,0,0,0,0,0,0,0,1
2021,2021451024013,3,1,0,0,0,0,0,0,0,1,1,1
2021,2021111030745,3,1,0,0,0,0,0,0,0,0,1,0
2021,2021010304927,3,1,0,0,0,0,0,0,0,0,0,1
2021,2021010296334,2,1,0,0,0,0,0,0,0,0,0,0
2021,2021351072523,2,1,0,0,0,0,0,0,0,0,0,1
2021,2021531055328,2,1,0,0,0,0,0,0,0,1,1,1
2021,2021461043785,3,1,0,0,0,0,0,0,0,0,0,1
2021,2021052102437,3,1,0,0,0,0,0,0,0,0,0,0
2021,2021101101531,3,1,0,0,0,0,0,0,0,0,0,1
2021,2021010304964,3,1,0,0,0,0,0,0,0,0,0,1
2021,2021440372821,3,1,0,0,0,0,0,0,0,0,0,1
2021,2021041096998,3,1,0,0,0,0,0,0,0,0,0,0
2021,2021991102780,3,1,0,0,0,0,0,0,0,1,1,1
2021,202134WNC2491,2,1,0,0,0,0,0,0,0,0,0,1
2021,2021010342992,3,1,0,0,0,0,0,0,0,0,0,0
2021,202131A069521,2,1,0,0,0,0,0,0,0,0,0,1
2021,202131D172321,3,1,0,0,0,0,0,0,0,0,0,1
2021,2021547597421,3,1,0,0,0,0,0,0,0,0,0,0
2021,2021540115221,3,1,0,0,0,0,0,0,0,0,0,1
2021,2021552100661,2,1,0,0,0,0,0,0,0,0,0,0
2021,2021061050398,2,1,0,0,0,0,0,0,0,0,0,0
2021,2021010344694,3,1,0,0,0,0,0,0,0,0,0,0
2021,2021010351423,2,1,0,0,0,0,0,1,1,0,0,1
2021,2021991093965,2,1,0,0,0,0,0,0,0,0,0,0
2021,2021041024675,2,1,0,0,0,0,0,0,0,0,0,1
2021,2021161051540,3,1,0,0,0,0,0,0,0,0,0,1
2021,2021522104732,3,1,0,0,0,0,0,0,0,0,0,1
2021,2021201124830,2,1,0,0,0,0,0,0,0,0,0,0
2021,2021531105835,2,1,0,0,0,0,0,0,0,0,0,1
2021,2021331080696,3,1,0,0,0,0,0,0,0,0,0,0
2021,2021070445985,3,1,0,0,0,0,0,0,0,0,0,1
2021,2021552101185,3,1,0,0,0,0,0,0,0,0,0,1
2021,2021061099475,1,1,0,0,0,0,0,0,0,0,0,0
2021,2021010329241,3,1,0,0,0,0,0,0,1,0,0,1
2021,2021010295870,3,1,0,0,0,0,0,0,0,0,0,1
2021,2021010332332,3,1,0,0,0,0,0,0,0,0,0,0
2021,2021451025794,2,1,0,0,0,0,0,0,0,1,1,1
2021,2021451027628,2,1,0,0,0,0,0,0,0,0,0,1
2021,2021231118393,3,1,0,0,0,0,0,0,0,0,0,0
2021,202131C056021,3,1,0,0,0,0,0,0,0,0,0,1
2021,2021421027518,3,1,0,0,0,0,0,0,0,0,0,0
2021,2021141059444,3,1,0,0,0,0,0,0,0,0,0,1
2021,2021131039005,3,1,0,0,0,0,0,0,0,0,0,0
2021,2021010328168,3,1,0,0,0,0,0,0,0,0,0,1
2021,2021471059629,2,1,0,0,0,0,0,1,1,0,0,1
2021,2021320725190,3,1,0,0,0,0,0,0,0,0,0,1
2021,2021991081249,2,1,0,0,0,0,0,0,0,0,0,1
2021,202134WNC4511,3,1,0,0,0,0,0,0,0,0,0,1
2021,2021141022847,3,1,0,0,0,0,0,0,0,0,0,0
2021,2021201148586,3,1,0,0,0,0,0,0,0,0,0,0
2021,2021010313446,2,1,0,0,0,0,0,0,0,0,0,0
2021,2021351035087,3,1,0,0,0,0,0,0,0,0,0,1
2021,2021461077985,3,1,0,0,0,0,0,0,0,0,0,1
2021,2021471041203,3,1,0,0,0,0,0,0,0,0,0,0
2021,2021545646021,3,1,0,0,0,0,0,0,0,0,0,1
2021,2021471035967,2,1,0,0,0,0,0,0,0,0,0,0
2021,2021552101346,3,1,0,0,0,0,0,0,0,0,0,0
2021,2021421078197,2,1,0,0,0,0,0,0,0,0,0,0
2021,202131D030021,3,1,0,0,0,1,1,0,1,1,1,1
2021,2021041095551,3,1,0,0,0,0,0,0,0,0,0,0
2021,2021010296441,3,1,0,0,0,0,0,0,0,0,0,0
2021,2021440449793,3,1,0,0,0,0,0,0,0,0,0,0
2021,2021211091152,2,1,0,0,0,0,0,0,0,0,0,1
2021,2021211127523,2,1,0,0,0,0,0,0,0,0,0,0
2021,2021061065843,3,1,0,0,0,0,0,0,0,0,0,0
2021,2021451095074,3,1,0,0,0,0,0,0,0,0,1,0
2021,2021471036911,3,1,0,0,0,0,0,0,0,0,0,1
2021,2021141076826,3,1,0,0,0,0,0,0,0,0,0,0
2021,2021010337239,3,1,0,0,0,0,0,0,0,0,0,0
2021,2021010324513,3,1,0,0,0,0,0,0,0,0,0,0
2021,2021010290942,3,1,0,0,0,0,0,0,1,1,1,1
2021,2021471053709,3,1,0,0,0,0,0,0,0,0,0,0
2021,2021421111504,2,1,0,0,0,0,0,0,0,0,0,1
2021,2021311048083,3,1,0,0,0,0,0,0,0,0,0,1
2021,2021221037920,3,1,0,0,0,0,0,0,0,0,0,1
2021,2021991021456,3,1,0,0,0,0,0,0,0,0,0,0
2021,2021622100906,3,1,0,0,0,0,0,0,0,0,0,1
2021,2021141086418,3,1,0,0,0,0,0,0,0,0,0,1
2021,2021221062713,3,1,0,0,0,0,0,0,0,0,0,0
2021,2021430126607,3,1,0,0,0,0,0,0,0,0,0,0
2021,2021430250033,3,1,0,0,0,0,0,0,1,0,0,1
2021,202134WNC2141,3,1,0,0,0,0,0,0,0,0,0,1
2021,2021131049862,2,1,0,0,0,0,0,0,0,0,0,0
2021,2021010296851,3,1,0,0,0,0,0,0,0,0,0,1
2021,2021440149229,3,1,0,0,0,0,0,0,0,0,0,1
2021,2021332100100,2,1,0,0,0,0,0,0,0,0,0,1
2021,2021540713421,3,1,0,0,0,0,0,0,0,0,0,1
2021,2021547038121,3,1,0,0,0,0,0,0,0,0,0,1
2021,2021070108834,3,1,0,0,0,0,0,0,0,0,0,1
2021,2021070208148,3,1,0,0,0,0,0,0,0,0,0,1
2021,2021101066466,3,1,0,0,0,0,0,0,0,0,0,1
2021,2021101069702,3,1,0,0,0,0,0,0,0,0,0,0
2021,2021131079764,3,1,0,0,0,0,0,0,0,1,1,1
2021,2021531063943,3,1,0,0,0,0,0,0,0,0,0,0
2021,2021451081732,3,1,0,0,0,0,0,0,0,0,0,1
2021,2021221025123,3,1,0,0,0,0,0,1,1,0,0,1
2021,2021131060999,3,1,0,0,0,0,0,0,0,0,0,0
2021,2021501108262,3,1,0,0,0,0,0,0,0,0,0,0
2021,2021471027826,3,1,0,0,0,0,0,0,0,0,0,0
2021,2021471062215,3,1,0,0,0,0,0,0,0,0,0,0
2021,2021371140944,3,1,0,0,0,0,0,0,0,0,0,0
2021,2021231108952,3,1,0,0,0,0,0,0,0,0,0,1
2021,2021201092581,2,1,0,0,0,0,0,0,0,0,0,0
2021,2021010322672,3,1,0,0,0,0,0,0,0,0,0,1
2021,2021010354398,3,1,0,0,0,0,0,0,0,0,0,0
2021,2021440100045,2,1,0,0,0,0,0,0,0,0,0,0
2021,2021461111219,3,1,0,0,0,0,0,0,0,0,0,1
2021,2021471028975,3,1,0,0,0,0,0,0,0,0,0,1
2021,2021401015891,3,1,0,0,0,0,0,0,0,0,0,1
2021,2021430102500,3,1,0,0,0,0,0,0,0,0,0,0
2021,2021440208292,3,1,0,0,0,0,0,0,0,0,0,1
2021,2021010311429,3,1,0,0,0,0,0,0,0,0,0,0
2021,2021371105275,3,1,0,0,0,0,0,0,0,0,0,1
2021,2021141105276,3,1,0,0,0,0,0,0,0,0,0,1
2021,2021201107206,3,1,0,0,0,0,0,1,1,0,0,1
2021,2021201106331,3,1,0,0,0,0,0,0,0,0,0,1
2021,2021131033492,2,1,0,0,0,0,0,0,0,1,1,1
2021,2021010340209,3,1,0,0,0,0,0,0,0,0,0,1
2021,2021302101243,3,1,0,0,0,0,0,0,0,0,0,1
2021,2021440047698,3,1,0,0,0,0,0,0,0,0,0,1
2021,2021371119749,3,1,0,0,0,0,0,0,0,0,0,1
2021,2021991034314,3,1,0,0,0,0,0,0,0,0,0,1
2021,202163C079721,3,1,0,0,0,0,0,0,0,0,0,1
2021,2021430257794,3,1,0,0,0,0,0,0,0,0,0,0
2021,2021552100525,3,1,0,0,0,0,0,0,0,0,0,1
2021,2021201143712,3,1,0,0,0,0,0,0,0,0,0,0
2021,2021201078285,3,1,0,0,0,0,0,0,0,0,0,1
2021,2021131114253,2,1,0,0,0,0,0,0,1,0,0,1
2021,2021010339155,3,1,0,0,0,0,0,0,0,0,0,0
2021,2021010297088,3,1,0,0,0,0,0,0,0,0,0,1
2021,2021531054214,3,1,0,0,0,0,0,0,0,0,0,0
2021,2021451097489,2,1,0,0,0,0,0,0,0,0,0,1
2021,2021991046095,3,1,0,0,0,0,0,0,0,0,0,0
2021,2021991056994,2,1,0,0,0,0,0,1,1,0,0,1
2021,2021440195329,3,1,0,0,0,0,0,0,0,0,0,0
2021,2021201063134,3,1,0,0,0,0,0,0,0,0,0,1
2021,2021010302732,3,1,0,0,0,0,0,0,0,0,0,0
2021,2021010314072,3,1,0,0,0,0,0,0,0,0,0,0
2021,2021440259204,3,1,0,0,0,0,0,0,0,0,0,1
2021,2021041151023,3,1,0,0,0,0,0,0,0,0,0,0
2021,2021451032860,2,1,0,0,0,0,0,0,0,0,0,1
2021,2021070223008,2,1,0,0,0,0,0,0,0,0,0,1
2021,2021440027329,3,1,0,0,0,0,0,0,0,0,0,0
2021,2021471021388,3,1,1,1,1,1,1,1,1,1,1,1
2021,2021430166552,3,1,0,0,0,0,0,0,0,0,0,0
2021,2021440065344,3,1,0,0,0,0,0,0,0,0,0,1
2021,2021221017673,3,1,0,0,0,0,1,1,1,0,0,1
2021,2021544211921,3,1,0,0,0,0,0,0,0,0,0,1
2021,2021131041744,3,1,0,0,0,0,0,0,0,0,0,1
2021,2021010333449,3,1,0,0,0,0,0,0,0,0,0,1
2021,2021421104728,3,1,0,0,0,0,0,0,0,0,0,1
2021,2021440248135,3,1,0,0,0,0,0,0,0,0,0,1
2021,2021211070560,3,1,0,0,0,0,0,0,0,0,0,1
2021,2021211059151,2,1,0,0,0,0,0,0,0,0,0,0
2021,2021201148209,3,1,0,0,0,0,0,0,0,0,0,0
2021,2021131042683,3,1,0,0,0,0,0,0,0,0,0,0
2021,2021010333064,3,1,0,0,1,1,1,1,1,1,1,1
2021,2021010342938,3,1,0,0,0,0,0,0,0,0,0,1
2021,2021332100844,2,1,0,0,0,0,0,0,0,0,0,1
2021,2021991042920,3,1,0,0,0,0,0,0,0,0,0,0
2021,202163C017521,3,1,0,0,0,0,0,0,0,0,0,1
2021,2021401024177,3,1,0,0,0,0,0,0,0,1,1,1
2021,2021010300761,2,1,0,0,0,0,0,0,0,0,0,0
2021,2021440284778,3,1,0,0,0,0,0,0,0,0,0,1
2021,2021430209891,2,1,0,0,0,0,0,0,0,0,0,1
2021,2021421024033,2,1,0,0,0,0,0,0,0,0,1,0
2021,2021050646701,3,1,0,0,0,0,0,0,0,0,0,1
2021,2021010349819,3,1,0,0,0,0,0,0,0,0,0,0
2021,2021010342246,3,1,0,0,0,0,0,0,0,0,0,1
2021,2021461035388,3,1,0,0,0,0,0,0,0,0,0,1
2021,2021221102311,3,1,0,0,0,0,0,0,0,0,0,1
2021,2021991069137,2,1,0,0,0,0,0,0,0,0,0,0
2021,2021501118913,2,1,0,0,0,0,0,0,0,0,0,0
2021,2021501094521,2,1,0,0,0,0,0,0,0,0,0,0
2021,2021421053515,3,1,0,0,0,0,0,0,0,0,0,0
2021,2021101104750,3,1,0,1,1,1,1,1,1,1,1,1
2021,2021552100297,3,1,0,0,0,0,0,0,0,0,0,1
2021,2021010293696,3,1,0,0,0,0,0,0,1,0,0,1
2021,2021010307960,3,1,0,0,0,0,0,0,0,0,0,0
2021,2021010310836,3,1,0,0,0,0,0,0,0,0,0,0
2021,2021302101745,3,1,0,0,0,0,0,0,0,0,0,1
2021,2021440470149,2,1,0,0,0,0,1,1,1,0,0,1
2021,2021320359498,2,1,0,0,0,1,1,0,1,1,1,1
2021,2021451046972,3,1,0,0,0,0,0,0,0,0,0,0
2021,2021010314069,2,1,0,0,0,0,0,0,0,0,0,1
2021,2021351072639,2,1,0,0,0,0,0,0,0,0,0,0
2021,2021421021430,2,1,0,0,0,0,0,0,0,0,0,0
2021,2021991046957,3,1,0,0,0,0,0,0,0,0,0,1
2021,2021161052507,3,1,0,0,0,0,0,0,0,0,0,1
2021,2021052100836,3,1,0,0,0,0,0,0,0,0,0,1
2021,2021010288016,3,1,0,0,0,0,0,0,0,0,0,1
2021,2021010323958,3,1,0,0,0,0,0,1,1,0,0,1
2021,2021320186399,3,1,0,0,0,0,0,1,1,0,0,1
2021,2021430047594,3,1,0,0,0,0,0,0,0,0,0,0
2021,2021471112427,3,1,0,0,0,0,0,0,0,0,0,1
2021,2021351048677,3,1,0,0,0,0,0,0,0,0,0,1
2021,2021010287923,3,1,0,0,0,0,0,0,0,0,0,1
2021,2021010296032,3,1,0,0,0,0,0,0,0,0,0,0
2021,2021221051436,3,1,0,0,0,0,0,0,0,0,0,1
2021,2021052100095,3,1,0,0,0,0,0,0,0,1,1,1
2021,20211382D0401,3,1,0,0,0,0,0,0,1,0,0,1
2021,2021010332181,3,1,0,0,0,0,0,0,0,0,0,0
2021,2021421028343,2,1,0,0,0,0,0,0,0,0,0,1
2021,2021440172355,3,1,0,0,0,0,0,0,0,0,0,1
2021,2021501017641,2,1,0,0,0,0,0,0,0,0,0,0
2021,2021101028017,3,1,0,0,0,0,0,0,0,0,0,1
2021,2021131051067,3,1,0,0,0,0,0,0,0,0,0,0
2021,2021010295123,3,1,0,0,0,0,0,0,0,0,0,0
2021,2021451060580,3,1,0,0,0,0,0,0,0,0,0,1
2021,202163C026021,3,1,0,0,0,0,0,0,0,0,0,1
2021,2021221109183,3,1,0,0,0,0,0,0,0,0,0,1
2021,2021461066754,3,1,0,0,0,0,0,0,0,0,0,1
2021,2021201063689,2,1,0,0,0,0,0,0,0,1,1,1
2021,2021320175763,2,1,0,0,0,0,0,0,0,0,0,1
2021,202131C067021,3,1,0,0,0,0,0,0,0,0,0,1
2021,2021201149162,3,1,0,0,0,0,0,0,0,0,0,1
2021,2021010340694,3,1,0,0,0,0,0,0,0,0,0,0
2021,2021311077790,3,1,0,0,0,1,1,0,1,1,1,1
2021,2021471089108,3,1,0,0,0,0,0,0,0,0,0,0
2021,2021991110008,2,1,0,0,0,0,0,0,0,0,0,0
2021,2021471110847,3,1,0,0,0,0,0,0,0,0,0,1
2021,2021401068621,3,1,0,0,0,0,0,0,0,0,0,1
2021,2021131061091,3,1,0,0,0,0,0,0,0,0,0,1
2021,2021131108116,3,1,0,0,0,0,0,0,0,0,0,1
2021,2021010296950,3,1,0,0,0,0,0,0,0,0,0,0
2021,2021010320172,3,1,0,0,0,0,0,0,0,0,0,0
2021,2021461099222,3,1,0,0,0,0,0,0,0,0,0,1
2021,2021371074012,3,1,0,0,0,0,0,0,0,0,0,0
2021,2021041014729,3,1,0,0,0,0,0,0,0,0,0,1
2021,2021041042296,2,1,0,0,0,0,0,0,0,0,0,0
2021,2021471091628,3,1,0,0,0,0,0,0,0,0,0,1
2021,202163A052221,3,1,0,0,0,0,0,0,0,1,1,1
2021,202154A812821,3,1,0,0,0,0,0,0,0,0,0,1
2021,2021430170053,3,1,0,0,0,0,0,0,0,0,0,0
2021,2021552100918,2,1,0,0,0,0,0,0,1,1,1,1
2021,2021201102707,2,1,1,1,1,1,1,1,1,1,1,1
2021,2021010299166,3,1,0,0,0,0,0,0,0,0,0,1
2021,2021010328690,3,1,0,0,0,0,0,0,0,0,0,0
2021,2021201116214,3,1,0,0,0,0,0,0,0,0,0,0
2021,2021010333325,3,1,0,0,0,0,0,0,0,0,0,1
2021,2021010316255,3,1,0,0,0,0,0,0,0,0,0,0
2021,2021010287511,3,1,0,0,0,0,0,0,0,0,0,0
2021,2021501096560,3,1,0,0,0,0,0,1,1,0,0,1
2021,2021421071007,3,1,0,0,0,0,0,0,0,0,0,0
2021,2021161069184,3,1,0,0,0,0,0,0,0,0,0,1
2021,2021101062914,3,1,0,0,0,0,0,0,0,0,0,0
2021,2021061069737,3,1,0,0,0,0,0,0,0,0,0,1
2021,202106L079230,2,1,0,0,0,0,0,0,0,0,0,0
2021,20211383B1530,3,1,0,0,0,0,0,0,0,0,0,1
2021,2021430543486,3,1,0,0,0,0,0,0,0,0,0,1
2021,2021451071313,3,1,0,0,0,1,1,0,1,1,1,1
2021,2021231082832,3,1,0,0,0,0,0,0,0,0,0,1
2021,202163A005721,3,1,0,0,0,0,0,0,0,0,0,1
2021,202154A276721,3,1,0,0,0,0,0,0,0,0,0,1
2021,202134WNC3101,3,1,0,0,0,0,0,0,0,0,0,1
2021,2021141082403,3,1,0,0,0,0,0,0,0,0,0,1
2021,2021201028606,3,1,0,0,0,0,0,0,1,0,0,1
2021,2021010314256,3,1,0,0,0,0,0,0,0,0,0,1
2021,2021440147143,2,1,0,0,0,0,0,0,0,0,0,0
2021,2021041110878,3,1,0,0,0,0,0,0,0,0,0,1
2021,202163D013421,3,1,0,0,0,0,0,0,0,0,0,1
2022,2022302200737,3,1,0,0,0,0,0,0,0,0,0,1
2022,2022302201013,3,1,0,0,0,0,0,0,0,0,0,1
2022,2022501208047,3,1,0,0,0,0,0,0,0,0,0,1
2022,2022461170830,2,1,0,0,0,0,0,0,0,0,0,1
2022,2022332200161,3,1,0,0,0,0,0,0,0,0,0,1
2022,2022471184116,3,1,0,0,0,0,0,0,0,0,0,1
2022,2022991232282,3,1,0,0,0,0,0,0,0,1,1,1
2022,202260B154806,3,1,0,0,0,0,0,0,0,0,0,1
2022,2022610054822,3,1,0,0,0,0,0,0,0,0,0,1
2022,2022131142326,2,1,0,0,0,0,0,0,0,0,0,0
2022,2022010389338,3,1,0,0,0,0,0,0,0,0,0,0
2022,2022031150925,1,1,0,0,0,0,0,0,0,0,0,1
2022,2022501170079,3,1,0,0,0,0,0,0,0,0,0,0
2022,20225222BA241,3,1,0,0,0,0,0,0,0,0,0,1
2022,2022070330934,3,1,0,0,0,0,0,0,0,0,0,0
2022,2022061145729,3,1,0,0,0,0,0,0,0,0,0,1
2022,2022010357296,3,1,0,0,0,0,0,0,0,0,0,0
2022,2022010365948,3,1,0,0,0,0,0,0,0,0,0,1
2022,2022501150778,2,1,0,0,0,0,0,0,1,0,0,1
2022,2022991227498,3,1,0,0,0,0,0,0,0,0,0,0
2022,2022101247858,2,1,0,0,0,0,0,0,0,0,0,1
2022,2022010369727,3,1,0,0,0,0,0,0,0,0,0,0
2022,2022311143178,3,1,0,0,0,0,0,0,0,0,0,1
2022,2022371202701,3,1,0,0,0,0,0,0,0,0,0,1
2022,2022991215689,3,1,0,0,0,0,0,0,0,0,0,1
2022,2022440213546,3,1,0,0,0,0,0,0,0,0,0,1
2022,2022340NNC882,2,1,0,0,0,0,0,0,0,0,0,1
2022,2022061178379,2,1,0,0,0,0,0,0,0,0,0,1
2022,2022622200741,3,1,0,0,0,0,0,0,0,0,0,0
2022,2022131214692,3,1,0,0,0,0,0,0,0,0,0,1
2022,2022440401713,3,1,0,0,0,0,0,0,0,0,0,1
2022,2022451204595,3,1,0,0,0,0,0,0,0,1,1,1
2022,2022010377854,3,1,0,0,0,0,0,0,0,0,0,0
2022,2022010414831,3,1,0,0,0,0,0,0,0,0,0,0
2022,2022010382659,3,1,0,0,0,0,0,0,0,0,0,0
2022,2022471222901,3,1,0,0,0,0,0,0,0,0,0,1
2022,2022421232829,3,1,1,1,1,1,1,1,1,1,1,1
2022,2022440100523,2,1,0,0,0,0,0,0,0,0,0,0
2022,2022440514058,3,1,0,0,0,0,0,0,0,0,0,1
2022,2022320574180,3,1,0,0,0,0,0,0,0,0,0,0
2022,2022361244663,3,1,0,0,0,0,0,0,0,0,0,1
2022,2022231269783,3,1,0,0,0,0,0,0,0,1,1,1
2022,202263C098422,3,1,0,0,0,0,0,0,0,0,0,1
2022,2022061211969,3,1,0,0,0,0,0,0,0,0,0,1
2022,2022201271824,3,1,0,0,0,0,0,0,0,0,0,1
2022,2022010361784,3,1,0,0,0,0,0,0,0,0,0,0
2022,2022010378786,3,1,0,0,0,0,1,1,1,0,0,1
2022,2022430023226,3,1,0,0,0,0,0,0,0,0,0,1
2022,2022430355325,2,1,0,0,0,0,0,0,0,0,0,0
2022,2022501146112,3,1,0,0,0,0,0,0,0,0,0,1
2022,2022547064322,3,1,0,0,0,0,0,0,0,0,0,1
2022,2022201265805,3,1,0,0,0,0,0,0,0,0,0,1
2022,2022010404550,3,1,0,0,0,0,0,0,0,0,0,1
2022,2022440265572,3,1,0,0,0,0,0,0,0,0,0,1
2022,2022461135721,3,1,0,0,0,0,0,0,1,0,0,1
2022,2022161226976,3,1,0,0,0,0,0,0,0,0,1,0
2022,2022161259686,3,1,0,0,0,0,0,1,1,0,0,1
2022,2022332200214,3,1,0,0,0,0,0,0,0,0,0,1
2022,2022430426355,3,1,0,0,0,0,0,0,0,0,0,1
2022,2022131160332,3,1,0,0,0,0,0,0,0,0,0,0
2022,2022010379900,3,1,0,0,0,0,0,0,0,0,0,0
2022,2022302202097,3,1,0,0,0,1,1,0,1,1,1,1
2022,2022041196657,3,1,0,0,0,0,0,0,0,0,1,0
2022,2022622200046,3,1,0,0,0,0,0,0,0,0,0,0
2022,2022401224024,2,1,0,0,0,0,0,0,0,0,0,0
2022,2022122201205,3,1,0,0,0,0,0,0,0,0,1,0
2022,2022010376511,3,1,0,0,0,0,0,0,0,0,0,0
2022,2022302200790,3,1,0,0,0,0,0,0,0,1,1,1
2022,202263C004922,3,1,0,0,0,0,0,0,0,0,0,0
2022,2022122300220,2,1,0,0,0,0,0,0,0,0,0,1
2022,2022122201065,3,1,0,0,0,0,0,0,0,0,0,0
2022,2022010386563,2,1,0,0,0,0,0,0,0,0,0,0
2022,2022170S41752,2,1,0,0,0,0,0,0,0,0,0,1
2022,2022161232279,3,1,0,0,0,0,0,1,1,0,0,1
2022,2022010412732,3,1,0,0,0,0,0,0,0,0,0,1
2022,2022041194521,3,1,0,0,0,0,0,0,0,0,0,1
2022,2022371210629,3,1,0,0,0,0,0,0,0,0,0,1
2022,2022430176519,3,1,0,0,0,0,0,0,0,0,0,0
2022,2022201142038,2,1,0,0,0,0,0,0,0,0,0,0
2022,2022991181307,3,1,0,0,0,0,0,0,0,0,0,1
2022,2022522202180,3,1,0,0,0,0,0,0,0,0,0,0
2022,2022430265381,3,1,0,0,0,0,0,0,0,0,0,1
2022,2022010382729,3,1,0,0,0,0,0,0,0,0,0,0
2022,2022501186983,3,1,0,0,0,0,0,0,0,0,0,0
2022,2022991130876,2,1,0,0,0,0,0,0,0,0,0,1
2022,2022622200678,3,1,0,0,0,0,0,0,0,0,0,1
2022,2022430399729,3,1,0,1,1,1,1,1,1,1,1,1
2022,2022430498891,3,1,0,0,0,0,0,0,0,0,0,0
2022,2022131169958,3,1,0,0,0,0,0,0,0,0,0,0
2022,2022010352620,3,1,0,0,1,1,1,1,1,1,1,1
2022,2022421221112,3,1,0,0,0,0,0,0,1,0,0,1
2022,2022041181741,3,1,0,0,0,0,0,1,1,0,0,1
2022,2022332200749,3,1,0,0,0,0,0,0,0,0,1,1
2022,2022622200074,2,1,0,0,0,0,0,0,0,0,0,0
2022,2022522205433,3,1,0,0,0,0,0,0,0,0,0,1
2022,2022501151878,3,1,0,0,0,0,0,0,0,0,0,1
2022,2022101162945,3,1,0,1,1,1,1,1,1,1,1,1
2022,2022201267138,3,1,0,0,0,0,0,0,0,0,0,1
2022,202254B537722,3,1,0,0,0,0,0,0,0,0,0,0
2022,2022201244170,3,1,0,0,0,0,0,0,0,0,0,1
2022,2022201273086,3,1,0,0,0,0,0,0,0,0,0,1
2022,2022201167974,3,1,0,0,0,0,0,0,0,0,0,1
2022,2022031241563,2,1,0,0,0,0,0,0,0,0,1,0
2022,2022302201683,3,1,0,0,0,0,0,0,0,0,0,1
2022,2022471203524,3,1,0,0,0,0,0,0,0,0,0,1
2022,2022361133282,3,1,0,0,0,0,0,1,1,0,0,1
2022,2022371245664,3,1,0,0,0,0,0,0,0,0,0,1
2022,2022991168226,3,1,0,0,0,0,0,0,0,0,0,0
2022,20225222SG485,3,1,0,0,0,0,0,0,0,0,0,1
2022,2022010378072,2,1,0,0,0,0,0,0,0,0,0,0
2022,2022010398336,3,1,0,0,0,0,0,0,1,0,0,1
2022,2022371223199,3,1,0,0,0,0,0,0,0,0,0,0
2022,2022991186232,2,1,0,0,0,0,0,0,0,0,0,1
2022,2022010393664,3,1,0,0,0,1,1,0,1,1,1,1
2022,2022451205087,3,1,0,0,0,0,0,0,0,0,0,0
2022,2022451244377,3,1,0,0,0,0,0,0,0,0,0,0
2022,2022221227093,3,1,0,0,0,0,0,0,0,0,0,1
2022,2022461226994,2,1,0,0,1,1,1,1,1,1,1,1
2022,2022010403586,3,1,0,0,0,0,0,0,0,0,0,0
2022,2022332200610,3,1,0,0,0,0,0,0,0,0,0,1
2022,2022430212995,3,1,0,0,0,0,0,0,0,0,0,1
2022,2022161203262,2,1,0,0,0,0,0,0,0,0,0,1
2022,2022052202320,2,1,0,0,0,0,0,0,0,0,0,0
2022,2022141192123,3,1,0,0,0,0,0,0,0,0,0,0
2022,2022991217844,3,1,0,0,0,0,0,0,0,0,0,0
2022,202263D025822,2,1,0,0,0,0,0,0,0,0,0,0
2022,2022070242207,3,1,0,0,0,0,0,0,0,0,0,0
2022,2022311155300,2,1,0,0,0,0,0,0,0,0,0,0
2022,2022111243271,3,1,0,0,0,0,0,0,0,0,0,0
2022,2022201274647,3,1,0,0,0,0,0,0,0,0,0,1
2022,2022211133499,3,1,0,0,0,0,0,0,0,0,0,0
2022,2022451235723,2,1,0,0,0,0,0,0,0,0,0,1
2022,2022421169928,2,1,0,0,0,0,0,0,0,0,0,1
2022,2022070598969,3,1,0,0,0,0,0,0,0,0,0,1
2022,2022010403245,3,1,0,0,0,0,0,0,0,0,0,1
2022,2022451195353,3,1,0,0,0,0,0,0,0,0,0,0
2022,2022451245869,3,1,0,0,0,0,0,0,0,0,0,1
2022,202263A002622,3,1,0,0,0,0,0,0,0,0,0,1
2022,202263A104322,3,1,0,0,0,0,0,0,0,0,0,0
2022,2022010360934,3,1,0,0,0,0,0,0,0,0,0,0
2022,2022421148450,2,1,0,0,0,0,0,1,1,0,0,1
2022,2022231187119,3,1,0,0,0,0,0,0,0,0,0,1
2022,2022070554448,3,1,0,0,0,0,0,0,0,0,0,1
2022,2022061207051,2,1,0,0,0,0,0,0,0,0,0,0
2022,2022010404954,2,1,0,0,0,0,0,0,0,1,1,1
2022,2022010399520,3,1,0,0,0,0,0,0,0,0,0,0
2022,2022010402797,3,1,0,0,0,0,0,0,0,0,0,1
2022,2022421139969,3,1,0,0,0,0,0,0,0,0,0,1
2022,2022320307849,3,1,0,0,0,0,0,0,0,0,0,0
2022,202263D011122,3,1,0,0,0,0,0,0,0,0,0,1
2022,2022531197936,2,1,0,0,0,0,0,0,0,0,0,0
2022,2022991146689,3,1,0,0,0,0,0,0,0,0,0,0
2022,2022141213286,2,1,0,0,0,0,0,0,0,0,0,0
2022,2022440091188,3,1,1,1,1,1,1,1,1,1,1,1
2022,2022991212565,3,1,0,0,0,0,0,0,0,0,0,1
2022,2022991215247,3,1,0,0,0,0,0,0,0,0,0,0
2022,202260B019418,3,1,0,0,0,0,0,0,0,0,0,0
2022,2022161164359,3,1,0,0,0,0,0,0,0,0,0,1
2022,2022010385822,3,1,0,0,1,1,1,1,1,1,1,1
2022,2022421224488,3,1,0,0,0,0,0,0,0,0,0,0
2022,2022421241179,3,1,0,0,0,0,0,0,0,0,0,1
2022,2022041183059,3,1,0,0,0,0,0,0,0,0,0,1
2022,2022041251948,3,1,0,0,0,0,0,0,0,0,0,1
2022,2022501232115,3,1,0,0,0,0,0,0,0,0,0,1
2022,2022010356165,3,1,0,0,0,0,0,0,0,0,0,1
2022,2022010369730,3,1,0,0,0,0,0,0,0,0,0,0
2022,2022302200946,3,1,0,0,0,0,0,0,0,0,0,1
2022,2022531249855,2,1,0,0,0,0,0,0,0,0,0,0
2022,2022440235179,3,1,0,0,0,0,0,0,0,0,0,0
2022,2022361258477,3,1,0,0,0,0,0,0,0,0,0,1
2022,2022371153481,2,1,0,0,0,1,1,0,1,1,1,1
2022,2022421209420,3,1,0,0,0,0,0,0,0,0,0,1
2022,2022430051624,2,1,0,0,0,0,0,0,0,0,0,0
2022,2022221178817,1,1,0,0,0,0,0,0,1,0,0,1
2022,202260B109849,2,1,0,0,0,0,0,0,0,0,0,0
2022,2022010397249,2,1,0,0,0,0,0,0,0,0,0,0
2022,2022010359133,3,1,0,0,0,0,0,0,0,0,0,0
2022,2022010368590,2,1,0,0,0,1,1,0,1,1,1,1
2022,2022302201231,3,1,0,0,0,0,0,0,0,0,0,1
2022,2022471161499,3,1,0,0,0,0,0,0,0,0,0,1
2022,2022430509371,3,1,0,0,0,0,0,0,0,0,0,1
2022,2022161265365,3,1,0,0,0,0,0,0,0,0,0,1
2022,2022311144315,2,1,0,0,0,0,0,0,0,0,0,0
2022,2022111150175,3,1,0,0,0,0,0,0,0,0,0,1
2022,2022542463722,3,1,0,0,0,0,0,0,0,0,0,0
2022,202234NNC3332,3,1,0,0,0,0,0,0,0,0,0,1
2022,2022501148312,3,1,0,0,0,0,0,0,0,0,0,1
2022,2022440074121,3,1,0,0,0,0,0,0,0,0,0,1
2022,2022131171838,3,1,0,0,0,0,0,0,0,0,0,1
2022,2022201161588,3,1,0,0,0,0,0,0,0,0,0,0
2022,2022010385875,3,1,0,0,0,0,0,0,0,0,0,0
2022,2022041213388,3,1,0,0,0,0,0,0,0,0,0,1
2022,2022991257859,2,1,0,0,0,0,0,1,1,0,0,1
2022,202263C021222,3,1,0,0,0,0,0,0,0,0,0,1
2022,2022221144240,3,1,0,0,0,0,0,0,0,0,0,1
2022,2022111249028,3,1,0,0,0,0,0,0,0,0,0,1
2022,202234WNC5282,3,1,0,0,0,0,0,0,0,0,0,1
2022,2022201270793,3,1,0,0,0,0,0,0,0,1,1,1
2022,2022010363572,3,1,0,0,0,0,0,0,0,0,0,1
2022,2022010373470,3,1,0,0,0,0,0,0,0,0,0,0
2022,2022161226730,3,1,0,0,0,0,0,0,0,0,0,1
2022,2022052201354,3,1,0,0,0,0,0,0,0,0,0,1
2022,2022141129742,3,1,0,0,0,0,0,0,0,0,0,0
2022,2022010371574,3,1,0,0,0,0,0,0,0,0,0,0
2022,2022010398044,2,1,0,0,0,0,0,0,0,0,0,0
2022,2022461205200,3,1,0,0,0,0,0,0,0,0,0,0
2022,2022991165438,2,1,0,0,0,0,0,0,0,0,0,0
2022,2022010361781,3,1,0,0,0,0,0,0,0,0,0,0
2022,2022101201531,3,1,0,0,0,0,0,0,0,0,0,1
2022,2022430490221,3,1,0,0,0,0,0,0,0,0,0,0
2022,2022610052922,3,1,0,0,0,0,0,0,0,0,0,1
2022,2022131147875,2,1,0,0,0,0,0,0,0,0,0,0
2022,2022060935790,2,1,0,0,0,0,0,0,0,0,0,1
2022,2022141138127,3,1,0,0,0,0,0,0,0,0,0,1
2022,2022481225681,3,1,0,0,0,0,0,0,0,0,0,1
2022,2022411224524,3,1,0,0,0,0,0,0,0,0,0,1
2022,2022041183429,2,1,0,0,0,0,0,0,1,1,1,1
2022,2022041250082,3,1,0,0,0,0,0,0,0,0,0,1
2022,202263D036222,3,1,0,0,0,0,0,0,0,1,1,1
2022,2022221195506,2,1,0,0,0,0,1,1,1,0,0,1
2022,2022010376258,3,1,0,0,0,0,0,0,0,0,0,1
2022,2022010352927,3,1,0,0,0,0,0,0,0,0,0,0
2022,2022061157421,3,1,0,0,0,0,0,0,0,1,1,1
2022,2022052201666,3,1,0,0,0,0,0,0,0,0,0,1
2022,2022010392093,2,1,0,0,0,0,0,0,0,0,0,0
2022,2022421147970,3,1,0,0,0,0,0,0,0,0,0,1
2022,2022991223387,2,1,0,0,0,0,0,0,0,0,0,0
2022,202260B005468,3,1,0,0,0,0,0,0,0,0,0,0
2022,2022122200126,2,1,0,0,0,0,0,0,0,0,0,1
2022,2022141174271,3,1,0,0,0,0,0,0,0,0,0,0
2022,2022010370104,3,1,0,0,0,0,0,0,0,0,0,1
2022,2022440127182,3,1,0,0,0,0,0,0,0,0,0,1
2022,2022461263248,3,1,0,0,0,0,0,0,0,0,0,0
2022,2022991220458,2,1,0,0,0,0,0,0,0,0,0,1
2022,202263B016222,3,1,0,0,0,0,0,0,0,0,0,1
2022,2022622300038,3,1,0,0,0,1,1,0,1,1,1,1
2022,2022010407358,3,1,0,0,0,0,0,0,0,0,0,1
2022,2022221192863,3,1,0,0,0,0,0,0,0,0,0,1
2022,2022070219797,3,1,0,0,0,0,0,0,0,0,0,1
2022,2022201256386,3,1,0,0,0,0,0,0,0,0,0,1
2022,2022010363339,3,1,0,0,0,0,0,0,0,1,1,1
2022,2022010388459,3,1,0,0,0,0,0,0,0,0,0,1
2022,2022361224261,3,1,0,0,0,0,0,0,0,0,0,0
2022,2022430050970,2,1,0,0,0,0,0,0,0,0,0,1
2022,2022371283618,3,1,0,0,0,0,0,0,0,0,0,0
2022,2022471222089,3,1,0,0,0,0,0,0,0,0,0,1
2022,2022141238760,2,1,0,0,0,0,0,0,0,0,0,1
2022,2022201266290,3,1,0,0,0,0,0,0,0,1,1,1
2022,2022010415021,3,1,0,0,1,1,1,1,1,1,1,1
2022,2022371218281,3,1,0,0,0,0,0,0,0,0,0,1
2022,2022061167730,3,1,0,0,0,0,0,0,0,0,0,0
2022,2022010393843,3,1,0,0,0,0,0,0,0,0,0,0
2022,2022461206100,3,1,0,0,0,0,0,0,0,0,0,1
2022,2022231191686,2,1,0,0,0,0,0,0,0,1,1,1
2022,2022451249435,2,1,0,0,0,0,0,0,0,0,0,0
2022,2022991258435,2,1,0,0,0,0,0,0,0,0,0,0
2022,2022451244108,2,1,0,0,0,0,0,0,0,0,0,1
2022,2022471156060,3,1,0,0,0,0,0,0,0,0,0,1
2022,2022201248286,3,1,0,0,0,0,0,0,0,0,0,1
2022,2022201270341,3,1,0,0,0,0,0,0,0,0,0,0
2022,2022991186483,2,1,0,0,0,0,0,0,0,0,0,0
2022,2022991168261,2,1,0,0,0,0,0,0,0,0,0,1
2022,2022131177821,2,1,0,0,0,0,0,0,0,0,0,0
2022,2022010357372,3,1,0,0,0,0,0,0,0,0,0,0
2022,2022010396413,3,1,0,0,0,0,0,1,1,0,0,1
2022,2022351214874,3,1,0,0,0,0,0,0,0,0,0,1
2022,2022421196210,3,1,0,0,0,0,0,0,0,0,0,1
2022,2022531229280,2,1,0,0,0,0,0,0,0,0,0,0
2022,2022440321240,3,1,0,0,0,0,0,0,0,0,0,1
2022,2022122300274,3,1,0,0,0,0,0,0,0,0,0,1
2022,202252000S325,3,1,0,0,0,0,0,0,0,0,0,1
2022,2022010354435,3,1,0,0,0,0,0,0,0,0,0,0
2022,2022421151574,3,1,0,0,0,0,0,0,0,0,0,0
2022,2022991150464,3,1,0,0,0,0,0,0,0,0,0,0
2022,2022221254447,2,1,0,0,0,0,0,1,1,0,0,1
2022,2022351210403,3,1,0,0,0,0,0,1,1,0,0,1
2022,2022010366064,3,1,0,0,0,0,0,1,1,0,0,1
2022,2022332200592,3,1,0,0,0,0,0,0,0,0,0,1
2022,2022371208834,3,1,0,0,0,0,0,0,0,0,0,1
2022,2022231191075,3,1,0,0,0,0,0,0,0,0,0,1
2022,2022991178301,3,1,0,0,0,0,0,0,0,0,0,1
2022,2022161255641,3,1,0,0,0,0,0,0,0,0,0,0
2022,2022010388499,2,1,0,0,0,0,0,0,0,0,0,0
2022,2022041257079,3,1,0,0,0,0,0,0,0,0,0,0
2022,2022430152020,3,1,0,0,0,0,0,0,0,0,0,1
2022,2022221206939,3,1,0,0,0,0,0,0,0,0,0,0
2022,2022101191565,3,1,0,0,0,0,0,0,0,0,0,0
2022,2022991253729,3,1,0,0,0,0,0,0,0,0,0,1
2022,2022991154869,3,1,0,0,0,0,0,0,0,0,0,1
2022,2022070582355,2,1,0,0,0,0,0,0,0,0,0,0
2022,2022430140908,2,1,0,0,0,0,0,0,0,0,0,1
2022,2022052202002,2,1,0,0,0,0,0,0,0,0,0,0
2022,2022471245518,3,1,0,0,0,0,0,0,0,0,0,0
2022,2022552200779,3,1,0,0,0,0,0,0,0,0,0,1
2022,2022122200558,3,1,0,0,0,0,0,0,0,0,0,1
2022,2022010394660,3,1,0,0,0,0,0,0,0,0,0,1
2022,2022430138599,3,1,0,0,0,0,0,1,1,0,0,1
2022,2022161227525,3,1,0,0,0,0,0,0,0,0,0,1
2022,2022221218801,3,1,0,0,0,0,0,0,0,0,0,1
2022,2022351133504,3,1,0,0,0,0,0,0,0,0,0,1
2022,2022991248521,2,1,0,0,0,0,0,0,0,0,0,1
2022,2022991170738,2,1,0,0,0,0,0,0,0,0,0,0
2022,2022131193881,3,1,0,0,0,0,0,0,0,0,0,0
2022,2022471229154,3,1,0,0,0,0,0,0,0,0,0,0
2022,2022461250016,3,1,0,0,0,0,0,0,0,0,0,1
2022,2022471244031,3,1,0,0,0,0,0,0,0,0,0,1
2022,2022610027122,3,1,0,0,0,0,0,0,0,0,0,0
2022,2022201250759,3,1,0,0,0,0,0,0,0,0,0,1
2022,2022010354130,2,1,0,0,0,0,0,0,0,0,0,1
2022,2022010412134,3,1,0,0,0,0,0,1,1,0,0,1
2022,2022371212910,3,1,0,0,0,0,0,0,0,0,0,1
2022,2022546300322,3,1,0,0,0,0,0,0,0,0,0,0
2022,2022201202237,3,1,0,0,0,0,0,0,0,0,0,0
2022,2022010406583,3,1,0,0,0,0,0,0,0,0,0,0
2022,2022991220640,3,1,0,0,0,0,0,0,0,0,0,1
2022,2022010407881,3,1,0,0,0,0,0,0,0,0,0,1
2022,2022010406845,2,1,0,0,0,0,0,0,0,0,0,0
2022,2022010415581,3,1,0,0,0,0,0,0,0,0,0,0
2022,2022461245316,3,1,0,0,0,0,0,0,0,1,1,1
2022,2022991169092,3,1,0,0,1,1,1,1,1,1,1,1
2022,2022401229047,3,1,0,0,0,0,0,0,0,0,0,1
2022,2022010367465,3,1,0,0,0,0,0,0,0,0,0,1
2022,2022010413044,3,1,0,0,0,0,0,1,1,0,0,1
2022,2022411139292,3,1,0,0,0,0,0,0,0,0,0,1
2022,2022332200318,3,1,0,0,0,0,0,0,1,0,0,1
2022,2022221185434,3,1,0,0,0,0,0,0,0,0,0,0
2022,2022440029806,3,1,0,0,0,0,0,0,0,0,0,1
2022,2022201265559,2,1,0,0,0,0,0,0,0,0,0,0
2022,2022010372647,3,1,0,0,0,0,0,0,0,0,0,0
2022,2022501211286,2,1,0,0,0,0,1,0,1,0,0,1
2022,2022471249594,3,1,0,0,0,0,0,0,1,0,0,1
2022,2022430522009,3,1,0,0,0,0,0,0,0,0,0,1
2022,2022451205554,3,1,0,0,0,0,0,0,0,0,0,0
2022,202263D058122,3,1,0,0,0,0,0,0,0,0,0,1
2022,2022122200178,3,1,0,0,0,0,0,0,0,0,0,0
2022,2022052200051,3,1,0,0,0,0,0,0,0,0,0,1
2022,2022131219487,3,1,0,0,0,0,0,0,0,0,0,0
2022,2022351228510,3,1,0,0,0,0,0,1,1,0,0,1
2022,2022440274601,2,1,0,0,0,0,0,0,0,0,0,1
2022,2022522201428,3,1,0,0,0,0,0,1,1,0,0,1
2022,2022501233646,3,1,0,0,0,0,0,0,0,0,0,0
2022,2022070314571,3,1,0,0,0,0,0,0,0,0,0,1
2022,2022430017277,2,1,0,0,0,0,0,0,0,0,0,1
2022,2022101147118,3,1,0,0,0,0,0,0,0,0,0,1
2022,2022501199167,2,1,0,0,0,0,0,0,0,0,0,0
2022,2022361231304,2,1,0,0,0,0,0,0,0,0,0,0
2022,2022010381639,3,1,0,0,0,0,0,0,0,0,0,0
2022,2022421146896,3,1,0,0,0,0,0,0,0,0,0,1
2022,2022501234530,3,1,0,0,0,0,0,1,1,0,0,1
2022,2022010363945,3,1,0,0,0,0,0,0,0,0,0,1
2022,2022041166935,3,1,0,0,0,0,0,0,0,1,1,1
2022,2022311182351,3,1,0,0,0,0,0,0,0,0,1,0
2022,2022070814928,3,1,0,0,0,0,0,0,0,0,0,1
2022,2022010418535,3,1,0,0,0,0,0,0,0,0,0,0
2022,2022010409267,3,1,0,0,0,0,0,0,0,0,0,0
2022,2022031254767,3,1,0,0,0,0,0,1,1,0,0,1
2022,2022461144707,3,1,0,0,0,0,0,0,0,0,0,0
2022,2022010410455,3,1,0,0,0,0,0,0,0,0,0,1
2022,2022010377274,3,1,0,0,0,0,0,0,0,0,0,0
2022,2022440193127,2,1,0,0,0,0,0,0,0,0,0,0
2022,2022471167827,3,1,1,1,1,1,1,1,1,1,1,1
2022,2022070650091,3,1,0,0,0,0,0,0,0,0,0,0
2022,2022552200668,3,1,0,0,0,0,0,0,0,0,0,1
2022,2022520204866,3,1,0,0,0,0,0,0,0,0,0,0
2022,2022101182025,3,1,0,0,0,0,0,0,0,0,0,1
2022,2022010354483,2,1,0,0,0,0,0,0,0,0,0,1
2022,2022471202901,2,1,0,0,0,0,0,0,0,0,0,0
2022,2022211324695,3,1,0,0,0,0,0,0,0,0,0,1
2022,2022991248616,3,1,0,0,0,0,0,0,0,0,0,0
2022,2022991253302,3,1,0,0,0,0,0,0,0,0,0,1
2022,2022991236393,2,1,0,0,0,0,0,0,0,0,0,1
2022,2022131243643,3,1,0,0,0,1,1,0,1,1,1,1
2022,2022010369519,3,1,0,0,0,0,0,0,0,0,0,1
2022,2022010358147,3,1,0,0,0,0,0,0,0,0,0,1
2022,2022010381419,3,1,0,0,0,0,0,0,0,0,0,0
2022,2022161163415,1,1,0,0,0,0,0,0,0,0,0,1
2022,2022440470224,3,1,0,0,0,1,1,0,1,1,1,1
2022,2022010405327,3,1,0,0,0,0,0,0,0,0,0,0
2022,2022421176613,2,1,0,0,0,0,0,1,1,0,0,1
2022,2022461236635,3,1,0,0,0,0,0,0,0,0,0,1
2022,2022311188665,3,1,0,0,0,0,0,0,0,0,0,0
2022,2022430263870,3,1,0,0,0,0,0,0,0,0,0,1
2022,2022141238422,3,1,0,0,0,0,0,0,0,0,0,1
2022,2022041152300,3,1,0,0,0,0,0,0,0,0,0,1
2022,2022622200110,2,1,0,0,0,0,0,0,0,0,0,0
2022,2022161193119,3,1,0,0,0,0,0,0,0,1,1,1
2022,2022522300065,3,1,0,0,0,0,0,0,0,0,0,1
2022,2022201258264,3,1,0,0,0,0,0,0,0,1,1,1
2022,2022201171952,3,1,0,0,0,0,0,0,0,0,0,1
2022,2022131212677,3,1,0,0,0,0,0,0,0,0,0,1
2022,2022010395935,2,1,0,0,0,0,0,0,0,0,0,0
2022,2022411154775,2,1,0,0,0,0,0,0,0,0,0,0
2022,2022451231184,2,1,0,0,1,1,1,1,1,1,1,1
2022,202254B193622,3,1,0,0,0,0,0,0,0,0,0,1
2022,2022010377104,2,1,0,0,0,0,0,0,0,0,0,0
2022,2022010400405,2,1,0,0,0,0,0,1,1,0,0,1
2022,2022041209413,3,1,0,0,0,0,0,0,0,0,0,1
2022,2022332200043,3,1,0,0,0,0,0,0,0,0,0,1
2022,2022211244139,3,1,0,0,0,0,0,0,0,0,0,1
2022,202260B078350,2,1,0,1,1,1,1,1,1,1,1,1
2022,2022221192370,3,1,0,0,0,0,0,0,0,0,0,0
2022,2022501170349,2,1,0,0,0,0,0,0,0,0,0,0
2022,2022221176668,3,1,0,0,0,0,0,0,0,0,0,0
2022,2022201276361,3,1,0,0,0,0,0,0,0,0,0,1
2022,2022010408792,3,1,0,0,0,0,0,0,0,0,0,1
2022,2022010409162,2,1,0,0,1,1,1,1,1,1,1,1
2022,2022010404089,3,1,0,0,0,0,0,0,0,0,0,1
2022,2022010371675,2,1,0,0,0,0,0,0,0,0,0,0
2022,2022070228066,3,1,0,0,0,0,0,0,0,0,0,1
2022,2022131135949,3,1,0,0,0,0,0,1,1,0,0,1
2022,2022010373190,2,1,0,0,0,0,0,0,0,0,0,0
2022,2022010355355,3,1,0,0,0,0,0,0,0,0,0,0
2022,2022010389001,3,1,0,0,0,0,0,0,0,0,0,0
2022,2022201273398,3,1,0,0,0,0,0,0,0,0,0,1
2022,2022131239962,3,1,0,0,0,0,0,0,0,0,0,0
2022,2022010367880,3,1,0,0,0,0,0,0,0,0,0,1
2022,2022010416413,3,1,0,0,0,0,0,0,0,0,0,0
2022,2022041187171,3,1,0,0,0,0,0,0,0,0,0,1
2022,2022610047722,3,1,0,0,0,0,0,0,0,0,0,1
2022,20225222BR532,3,1,0,0,0,0,0,0,0,0,0,0
2022,2022351150072,3,1,0,0,0,0,0,0,0,0,0,1
2022,2022010413874,3,1,0,0,0,0,0,0,0,0,0,0
2022,2022010387232,3,1,0,0,0,0,0,0,1,0,0,1
2022,2022010393174,2,1,0,0,0,0,0,0,0,1,1,1
2022,2022440077982,3,1,0,0,0,0,0,0,0,0,0,1
2022,2022010394827,3,1,0,0,0,0,0,0,0,0,0,1
2022,2022610002822,3,1,1,1,1,1,1,1,1,1,1,1
2022,2022131149201,3,1,0,0,0,0,0,0,0,0,0,0
2022,2022010377448,2,1,0,0,0,0,0,0,0,0,0,0
2022,2022231269136,3,1,0,0,0,0,0,0,1,0,0,1
2022,2022170M11622,3,1,0,0,0,0,0,0,0,0,0,1
2022,2022070055078,3,1,0,0,0,0,0,0,0,0,0,0
2022,2022010385405,3,1,0,0,0,0,0,0,0,0,0,1
2022,2022461222136,3,1,0,0,0,0,0,1,1,0,0,1
2022,2022041140073,3,1,0,0,0,0,0,0,0,0,0,0
2022,2022231257889,3,1,0,0,0,0,0,0,1,0,0,1
2022,2022131240428,3,1,0,0,0,0,0,0,0,0,0,0
2022,2022101175496,2,1,0,0,0,0,0,0,0,0,0,1
2022,2022010411928,2,1,0,0,0,0,0,0,0,0,0,1
2022,2022010388288,3,1,0,0,0,0,1,0,1,0,0,1
2022,2022010380758,3,1,0,0,0,0,0,0,0,0,0,1
2022,2022351249230,3,1,0,0,0,0,0,0,0,0,0,1
2022,2022440295453,3,1,0,0,0,0,0,0,0,0,0,1
2022,2022991246961,2,1,0,0,0,0,0,1,1,0,0,1
2022,2022552200469,3,1,0,0,0,0,0,0,0,0,0,1
2022,2022010366459,3,1,0,0,0,0,0,0,0,0,0,0
2022,2022010398826,3,1,0,0,0,0,0,0,0,0,1,0
2022,2022041170957,3,1,1,1,1,1,1,1,1,1,1,1
2022,2022522201444,3,1,0,0,0,0,0,0,0,0,0,0
2022,2022141224132,3,1,0,0,0,0,0,1,1,0,0,1
2022,2022010355638,3,1,0,0,0,0,0,0,0,0,0,1
2022,2022010383615,3,1,0,0,0,0,0,0,0,0,0,1
2022,2022302200370,3,1,0,0,0,0,0,0,0,0,0,1
2022,2022101190439,3,1,0,0,0,0,0,0,0,0,0,1
2022,2022010359421,3,1,0,0,1,1,1,1,1,1,1,1
2022,2022430202542,3,1,0,0,0,0,0,0,0,0,0,0
2022,2022471242206,3,1,0,0,0,0,0,0,0,0,0,0
2022,2022610033022,3,1,0,0,0,0,0,0,0,0,0,1
2022,2022141183890,2,1,0,0,0,0,0,1,1,0,0,1
2022,2022131161862,3,1,0,0,0,0,0,0,0,0,0,1
2022,2022501155154,3,1,0,0,0,0,0,0,0,0,0,1
2022,2022440101823,3,1,0,0,0,0,0,0,0,0,0,1
2022,2022451140088,3,1,0,0,0,0,0,0,0,1,1,1
2022,2022201269871,3,1,0,0,0,0,0,0,0,0,0,1
2022,2022010367580,2,1,0,0,0,0,0,0,0,0,0,1
2022,2022440393867,3,1,0,0,0,0,0,0,0,0,0,1
2022,2022320274172,3,1,0,0,0,0,0,0,0,0,0,0
2022,2022991223328,3,1,0,0,0,0,0,0,0,0,0,1
2022,2022061236565,3,1,0,0,0,0,0,0,0,0,0,1
2022,2022010377182,3,1,0,0,0,0,0,0,0,0,0,0
2022,2022010366299,2,1,0,0,0,0,0,0,0,0,0,0
2022,2022332200067,3,1,1,1,1,1,1,1,1,1,1,1
2022,2022371208039,2,1,0,0,0,0,0,0,0,0,0,1
2022,2022010370693,3,1,0,0,0,0,0,0,0,1,1,1
2022,2022010411279,2,1,0,0,0,0,0,0,0,0,0,0
2022,2022361221947,3,1,0,0,0,0,0,0,0,0,0,1
2022,2022471141854,3,1,0,0,0,0,0,0,0,0,0,1
2022,2022991153285,3,1,0,0,0,0,0,0,0,0,0,1
2022,2022991132226,3,1,0,0,0,0,1,1,1,0,0,1
2022,2022070837044,1,1,0,0,0,0,0,0,0,0,0,1
2022,2022131147156,3,1,0,0,0,0,0,0,0,0,0,1
2022,2022010384607,3,1,0,0,0,0,0,0,0,0,0,0
2022,2022461143186,3,1,0,0,1,1,1,1,1,1,1,1
2022,2022161244413,3,1,0,0,0,0,0,0,0,0,0,0
2022,2022332200389,2,1,0,0,0,0,0,0,0,0,0,0
2022,2022010365066,2,1,0,0,0,0,0,0,0,0,0,0
2022,2022010369393,3,1,0,0,0,0,0,0,0,1,1,1
2022,2022031148596,3,1,0,0,0,1,1,0,1,1,1,1
2022,2022471132413,3,1,0,0,0,0,0,0,0,0,0,1
2022,2022041132055,3,1,0,0,0,0,0,0,0,0,0,1
2022,2022320152609,2,1,0,0,0,0,0,0,0,0,0,1
2022,2022231187974,3,1,0,0,0,0,0,0,0,0,0,1
2022,2022471181843,3,1,0,0,0,0,0,0,0,1,1,1
2022,2022221148569,2,1,0,0,0,0,0,0,0,0,0,1
2022,2022991243492,3,1,1,1,1,1,1,1,1,1,1,1
2022,2022070051430,3,1,0,0,0,0,0,0,0,0,0,1
2022,2022122200354,2,1,0,0,0,0,0,0,0,0,0,0
2022,2022201195938,3,1,0,0,0,0,0,0,0,0,0,1
2022,2022010365257,2,1,0,0,0,0,0,0,0,0,0,1
2022,2022010409425,2,1,0,0,0,0,0,1,1,0,0,1
2022,2022531231422,2,1,0,0,0,0,0,0,0,0,0,1
2022,2022440083343,3,1,0,0,0,0,0,0,0,0,0,1
2022,2022041171913,2,1,0,0,0,0,0,0,0,0,0,0
2022,2022430363128,3,1,0,0,0,0,0,0,0,0,0,1
2022,2022451135519,3,1,0,0,0,0,0,0,0,0,0,0
2022,2022451191798,2,1,0,0,0,0,0,0,0,0,0,1
2022,2022991261721,2,1,0,0,0,0,0,0,0,1,1,1
2022,2022430098038,3,1,0,0,0,0,0,0,0,1,1,1
2022,2022430173971,2,1,0,0,0,0,0,0,0,0,0,1
2022,2022010356063,3,1,0,0,0,0,0,0,0,0,0,1
2022,2022010356538,2,1,0,0,0,0,0,0,0,0,0,0
2022,2022361230460,2,1,0,0,0,0,0,1,1,0,0,1
2022,2022451211964,3,1,0,0,0,0,0,0,0,0,0,1
2022,2022351154208,3,1,0,0,0,0,0,0,0,1,1,1
2022,2022302200118,2,1,0,0,0,0,0,0,0,0,0,1
2022,2022531249190,3,1,0,0,0,0,0,0,0,0,0,1
2022,2022361178207,3,1,0,0,0,0,0,0,0,0,0,1
2022,2022161129187,3,1,0,0,0,0,0,0,0,0,0,1
2022,2022401197192,3,1,0,0,0,0,0,0,0,0,0,0
2022,2022101249005,3,1,0,0,0,0,0,0,0,0,0,0
2022,2022010386063,3,1,0,0,0,0,0,0,0,0,0,0
2022,2022302201139,2,1,0,0,0,0,0,0,1,0,0,1
2022,2022201276562,3,1,0,0,0,0,0,1,1,0,0,1
2022,2022440364708,3,1,0,0,0,0,0,0,0,0,0,0
2022,2022221204727,2,1,0,0,0,0,0,0,0,0,0,0
2022,2022221197337,3,1,0,0,0,0,0,0,0,0,0,1
2022,2022141138528,2,1,0,0,0,0,0,0,0,0,0,1
2022,2022471175053,3,1,0,0,0,0,0,0,0,0,0,1
2022,2022371271830,3,1,0,0,0,0,0,0,0,0,0,1
2022,2022471177789,3,1,0,0,0,0,0,0,0,0,0,0
2022,2022010373794,3,1,0,0,0,1,1,0,1,1,1,1
2022,2022991184818,3,1,0,0,0,0,0,0,0,0,0,0
2022,202263D040622,2,1,0,0,0,0,0,1,1,0,0,1
2022,2022111259407,2,1,0,0,0,0,0,0,0,0,0,1
2022,2022141183372,3,1,0,0,0,0,0,0,0,0,0,1
2022,2022201253603,3,1,0,0,0,0,0,0,0,0,0,1
2022,2022231259498,2,1,0,0,0,0,0,0,0,0,0,1
2022,202263D011322,3,1,0,0,0,0,0,0,0,0,0,1
2022,2022302200846,3,1,0,0,0,0,0,0,0,0,0,1
2022,2022991207860,3,1,0,0,0,0,0,0,0,0,0,0
2022,2022061238999,3,1,0,0,0,0,0,0,0,0,0,1
2022,2022311152799,2,1,0,0,0,0,0,1,1,0,0,1
2022,2022201229488,3,1,0,0,0,0,0,0,0,0,0,1
2022,2022201271774,3,1,0,0,0,0,0,0,0,1,1,1
2022,2022131217238,3,1,0,0,0,0,0,0,0,0,0,1
2022,2022421238428,3,1,0,0,0,0,0,0,0,0,0,0
2022,2022211195083,2,1,0,0,0,0,0,0,0,0,0,1
2022,2022991177103,3,1,0,0,0,0,0,0,0,0,0,0
2022,2022991155396,2,1,0,0,0,0,0,0,0,0,0,1
2022,2022991222645,3,1,0,0,0,0,0,0,1,0,0,1
2022,2022111171462,1,1,0,0,0,0,0,0,0,0,0,0
2022,2022522204152,2,1,0,0,0,0,0,0,0,0,0,0
2022,2022061162008,2,1,0,0,0,0,0,0,0,0,0,0
2022,2022010354705,3,1,0,0,0,0,0,0,0,0,0,0
2022,2022201152121,3,1,0,0,0,0,0,0,0,0,0,0
2022,2022320139297,3,1,1,1,1,1,1,1,1,1,1,1
2022,2022991198445,1,1,0,0,0,0,0,0,0,0,0,1
2022,2022991211040,2,1,0,0,0,0,0,0,0,0,0,0
2022,2022010382794,2,1,0,0,0,0,0,0,0,1,1,1
2022,2022471215939,2,1,1,1,1,1,1,1,1,1,1,1
2022,2022471225116,3,1,0,0,0,0,0,0,0,0,0,1
2022,2022131209060,3,1,0,0,0,0,0,0,0,0,0,1
2022,2022131189546,3,1,0,0,0,0,0,0,0,0,0,1
2022,2022010417527,2,1,0,0,0,0,0,0,0,0,0,0
2022,2022010381299,3,1,0,0,0,0,0,0,0,0,0,0
2022,2022320307497,3,1,0,0,0,0,0,0,0,0,0,0
2022,2022201219131,3,1,0,0,0,0,0,1,1,0,0,1
2022,2022010414384,3,1,0,0,0,0,0,0,0,0,0,1
2022,2022010393379,3,1,0,0,0,0,0,0,0,0,0,1
2022,2022421228731,3,1,0,0,0,0,0,0,0,0,0,0
2022,2022622200610,3,1,0,0,0,0,0,0,0,0,1,0
2022,2022131147431,3,1,0,0,0,0,0,0,0,0,0,1
2022,2022010386049,3,1,0,0,1,1,1,1,1,1,1,1
2022,2022991196567,2,1,0,0,0,0,0,0,0,0,0,0
2022,202254D161922,3,1,0,0,0,0,0,0,0,0,0,1
2022,2022430481456,3,1,0,0,0,0,0,0,0,0,0,1
2022,2022010355301,2,1,0,0,0,0,0,0,0,1,1,1
2022,2022440195348,3,1,0,0,0,0,0,0,0,0,0,0
2022,2022231159842,3,1,0,0,0,0,0,0,0,0,0,1
2022,2022221187121,3,1,0,0,0,0,0,0,0,0,0,1
2022,2022221210256,3,1,0,0,0,0,0,0,0,0,0,1
2022,2022010397104,3,1,0,0,0,0,0,0,0,0,0,0
2022,2022302200412,3,1,0,0,0,0,0,0,0,0,0,0
2022,2022461195021,3,1,0,0,0,0,0,0,0,0,0,1
2022,2022451146272,2,1,0,0,0,0,0,1,1,0,0,1
2022,2022061212527,2,1,0,0,0,0,0,0,0,0,0,1
2022,2022052200474,3,1,0,0,0,0,0,1,1,0,0,1
2022,2022201263728,3,1,0,0,0,0,0,0,0,0,0,0
2022,2022010354825,3,1,0,0,0,0,0,0,0,0,0,0
2022,2022351176435,3,1,0,0,0,0,0,0,0,0,0,1
2022,2022361170101,3,1,0,0,0,0,0,0,0,1,1,1
2022,2022451135301,3,1,0,1,1,1,1,1,1,1,1,1
2022,2022991160001,3,1,0,0,0,0,0,0,0,0,0,1
2022,2022501256455,3,1,0,0,0,0,0,0,0,0,0,1
2022,2022010360964,3,1,0,0,0,0,0,0,0,0,0,1
2022,2022421222663,2,1,0,1,1,1,1,1,1,1,1,1
2022,2022041257544,3,1,0,0,0,0,0,0,0,0,0,1
2022,2022302201273,2,1,0,0,0,0,0,1,1,0,0,1
2022,2022211206041,2,1,0,0,0,0,0,0,0,0,0,1
2022,2022401217590,3,1,0,0,0,0,0,0,0,0,0,0
2022,2022131189072,2,1,0,0,0,0,0,0,0,0,0,1
2022,2022501155312,3,1,0,0,0,0,0,0,0,0,0,1
2022,2022231253398,2,1,0,0,0,0,0,0,0,0,0,0
2022,2022311146949,3,1,0,0,0,0,0,0,0,0,0,0
2022,2022070039455,2,1,0,0,0,0,0,0,0,1,1,1
2022,2022991146300,3,1,0,0,0,0,0,0,0,0,0,1
2022,202260B040056,3,1,0,0,0,0,0,0,0,0,0,0
2022,202263C062122,3,1,0,0,0,0,0,0,0,0,0,1
2022,2022070692422,3,1,0,0,0,0,0,0,0,0,0,1
2022,2022302201773,3,1,0,0,0,0,0,0,0,0,0,1
2022,2022541044722,3,1,0,0,0,0,0,1,1,0,0,1
2022,2022052202206,3,1,0,0,0,0,0,0,0,0,0,1
2022,2022471254897,3,1,0,0,0,0,0,0,0,0,0,1
2022,2022371232470,3,1,0,0,0,0,0,0,0,0,0,0
2022,2022131246065,3,1,0,0,0,0,0,0,0,0,0,1
2022,2022010391294,3,1,0,0,0,0,0,0,0,0,0,1
2022,2022031198847,3,1,0,0,0,0,0,0,0,0,0,1
2022,2022461184948,3,1,0,0,0,0,0,0,0,0,0,1
2022,2022451167404,3,1,0,0,0,0,0,0,0,0,0,0
2022,2022161256361,2,1,0,0,0,0,0,0,0,0,0,1
2022,2022131211798,3,1,0,0,0,0,0,0,0,0,0,1
2022,2022010396674,3,1,0,0,0,0,0,0,0,0,0,1
2022,2022010389371,3,1,0,0,0,0,0,0,0,0,0,1
2022,2022010394978,3,1,0,0,0,0,0,0,0,0,0,0
2022,2022041244263,3,1,0,0,0,0,0,0,0,1,1,1
2022,2022371235716,3,1,0,0,0,0,0,0,0,0,0,0
2022,2022070309079,3,1,0,0,0,0,0,0,0,0,0,0
2022,2022010391393,3,1,0,0,0,0,0,0,1,0,0,1
2022,2022461157282,3,1,0,0,0,0,0,0,0,0,0,0
2022,2022361279187,3,1,0,0,0,0,0,0,0,0,0,1
2022,2022170L10732,3,1,0,0,0,0,0,0,0,0,0,1
2022,2022522204186,3,1,0,0,0,0,0,0,0,0,0,0
2022,2022201261582,2,1,0,0,0,0,0,0,0,1,1,1
2022,2022010386158,3,1,0,0,0,0,0,0,0,0,0,1
2022,2022010387363,2,1,0,0,0,0,0,0,0,0,0,0
2022,2022010382306,2,1,0,0,0,0,0,0,0,0,0,0
2022,2022332201085,3,1,0,0,0,0,0,0,0,0,0,1
2022,2022430067355,3,1,0,0,0,0,0,0,0,1,1,1
2022,2022471139704,3,1,0,0,0,0,0,0,0,0,0,0
2022,2022061174288,1,1,0,0,0,0,0,0,0,0,0,0
2022,2022201248170,3,1,0,0,0,0,0,1,1,0,0,1
2022,2022351234723,2,1,0,0,0,0,0,0,0,0,0,0
2022,2022041224305,3,1,0,0,1,1,1,1,1,1,1,1
2022,2022461235011,3,1,0,0,0,0,0,0,0,0,0,1
2022,2022311238067,3,1,0,0,0,0,0,0,0,0,0,1
2022,2022991225419,2,1,0,0,0,0,0,0,0,0,0,0
2022,202260B026399,2,1,0,0,0,0,0,0,0,0,0,0
2022,2022430290920,3,1,0,0,0,0,0,0,0,0,0,1
2022,2022440321413,3,1,0,0,0,0,0,0,0,0,0,1
2022,2022010400885,2,1,0,0,0,0,0,0,0,0,0,0
2022,2022440383223,3,1,0,0,0,0,0,0,0,0,0,1
2022,202234NNC1622,3,1,0,0,0,0,0,0,0,0,0,1
2022,2022061187600,3,1,0,0,0,0,0,0,0,0,0,0
2022,2022052201221,3,1,0,0,0,0,0,0,0,0,0,0
2022,2022010374518,3,1,0,0,0,0,0,0,0,0,0,0
2022,2022010367087,3,1,0,0,0,0,0,0,0,0,0,0
2022,2022010357390,3,1,0,0,0,0,0,0,0,0,0,0
2022,2022991212336,3,1,0,0,0,0,0,1,1,0,0,1
2022,2022161270119,3,1,0,0,0,0,0,0,0,0,0,1
2022,2022161169085,3,1,0,0,0,0,0,0,0,0,0,1
2022,2022302200840,2,1,0,0,0,0,0,1,1,0,0,1
2022,2022440503432,3,1,0,0,0,0,0,0,0,0,0,1
2022,2022061213304,3,1,0,0,0,0,0,0,0,0,0,1
2022,2022101178067,3,1,0,0,0,0,0,0,0,0,0,0
2022,2022010391290,3,1,0,0,0,0,0,0,0,0,0,1
2022,2022351214527,3,1,0,0,0,0,0,0,0,0,0,1
2022,2022622200718,3,1,0,0,0,0,0,0,0,0,0,0
2022,2022111259588,3,1,0,0,0,0,0,0,0,0,0,0
2022,2022161144265,3,1,0,0,0,0,0,0,0,0,0,1
2022,2022101176870,3,1,0,0,0,0,0,0,0,0,0,1
2022,2022201151557,3,1,0,0,0,0,0,0,0,0,0,1
2022,2022010407641,3,1,0,0,0,0,0,0,0,0,0,0
2022,2022010404078,3,1,0,0,0,0,0,0,0,0,0,0
2022,2022041196524,3,1,0,0,0,0,0,1,1,0,0,1
2022,2022311195019,2,1,0,0,0,0,0,0,0,0,0,0
2022,2022991191321,3,1,0,0,0,0,0,1,1,0,0,1
2022,2022311142771,3,1,0,0,0,0,0,0,0,0,0,1
2022,2022501224593,3,1,0,0,0,0,0,0,0,0,0,1
2022,2022531133526,3,1,0,0,0,0,0,0,0,0,0,0
2022,2022991308525,3,1,0,0,0,0,0,1,1,0,0,1
2022,2022211211028,2,1,0,0,0,0,0,0,0,0,0,0
2022,202254B394922,2,1,0,0,0,0,0,0,0,1,1,1
2022,2022471178359,3,1,0,0,0,0,0,0,0,0,0,1
2022,2022471132353,2,1,0,0,0,0,0,0,0,0,0,0
2022,2022122201202,3,1,0,0,0,0,0,0,0,0,0,1
2022,2022010378184,3,1,0,0,0,0,0,1,1,0,0,1
2022,2022010392150,3,1,0,0,0,0,0,0,0,0,0,1
2022,2022302200407,3,1,0,0,0,0,0,0,0,0,0,1
2022,2022440365478,3,1,0,0,0,0,0,0,0,0,0,1
2022,2022041139524,3,1,0,0,0,0,0,0,0,0,0,1
2022,2022041250097,3,1,0,0,0,0,0,0,0,0,0,1
2022,2022371187011,3,1,0,0,0,0,0,0,0,0,0,0
2022,202260B008693,1,1,0,0,0,0,0,0,0,0,0,1
2022,2022161251481,3,1,0,0,0,0,0,0,0,0,0,1
2022,2022501190784,3,1,0,0,0,0,0,0,0,0,0,1
2022,2022031182174,3,1,0,0,0,0,0,0,1,0,0,1
2022,2022440186729,3,1,0,0,0,0,0,0,0,0,0,0
2022,2022041183832,2,1,0,0,0,0,0,0,0,0,0,1
2022,2022471154259,3,1,0,0,0,0,0,0,0,0,0,0
2022,2022401132875,3,1,0,0,0,0,0,0,0,0,0,0
2022,2022010358014,3,1,0,0,0,0,0,0,0,0,0,1
2022,2022010362504,3,1,0,0,0,0,0,0,0,0,0,0
2022,2022320409283,3,1,0,0,0,0,0,0,0,0,0,1
2022,2022451169258,3,1,0,0,0,0,0,0,0,0,0,0
2022,2022451183439,2,1,0,0,0,0,0,0,0,0,0,0
2022,2022161239972,3,1,0,0,1,1,1,1,1,1,1,1
2022,2022070825371,3,1,0,0,0,0,0,0,0,0,0,0
2022,2022010402680,3,1,0,0,0,0,0,0,0,0,0,0
2022,2022440399185,2,1,0,0,0,0,0,0,0,0,0,1
2022,2022211162679,2,1,0,0,0,0,0,0,0,0,0,0
2022,2022010391254,3,1,0,0,0,0,0,0,0,0,0,1
2022,2022471242068,3,1,0,0,0,0,0,0,0,0,0,1
2022,2022991147756,2,1,0,0,0,0,0,0,0,0,0,1
2022,2022401140083,3,1,0,0,0,0,0,0,0,0,0,0
2022,2022010373382,3,1,0,0,0,0,0,0,0,0,0,0
2022,2022531235535,3,1,1,1,1,1,1,1,1,1,1,1
2022,2022461205720,3,1,1,1,1,1,1,1,1,1,1,1
2022,2022430556737,3,1,0,0,0,0,0,0,0,0,0,1
2022,2022010413497,3,1,0,0,0,0,0,0,0,0,0,0
2022,2022501152394,3,1,0,0,0,0,0,0,0,0,0,1
2022,2022411205841,2,1,0,0,0,0,0,0,0,0,0,1
2022,2022041217965,2,1,0,0,0,0,0,0,0,0,0,1
2022,2022361190125,3,1,0,0,0,0,0,0,0,0,0,0
2022,2022991193150,2,1,0,0,0,1,1,0,1,1,1,1
2022,2022010379309,2,1,0,0,0,0,0,0,0,0,0,1
2022,2022991200443,2,1,0,0,0,0,0,0,0,0,0,0
2022,2022101251880,3,1,0,0,0,0,0,0,0,0,0,0
2022,2022201160842,2,1,0,0,0,0,0,0,0,0,0,0
2022,2022010355464,3,1,0,0,0,0,0,0,0,0,0,0
2022,2022430427788,3,1,0,0,0,0,0,0,0,0,0,1
2022,202263C106022,3,1,0,0,0,0,0,0,0,0,0,1
2022,2022430460979,3,1,0,0,0,0,0,0,0,0,0,0
2022,2022401161373,3,1,0,0,0,0,0,0,0,0,0,1
2022,2022101252205,3,1,0,0,0,0,0,0,0,0,0,0
2022,2022101174919,3,1,0,0,0,0,0,0,0,1,1,1
2022,2022010385859,3,1,0,0,0,0,0,0,0,0,0,0
2022,2022010373872,2,1,0,0,0,0,0,0,0,0,0,1
2022,2022010380007,3,1,0,0,0,0,0,0,0,0,0,0
2022,2022010389541,3,1,0,0,0,0,0,0,0,0,0,1
2022,2022421191662,3,1,0,0,0,0,0,0,0,0,0,0
2022,2022471187844,3,1,0,0,0,0,0,0,0,0,0,1
2022,2022111185005,3,1,0,0,0,0,0,0,0,0,0,1
2022,2022010407904,2,1,0,0,0,0,0,0,0,0,0,0
2022,2022010406239,2,1,0,0,0,0,0,0,0,0,0,0
2022,2022010400501,3,1,0,0,0,0,0,0,0,0,0,0
2022,2022421244134,3,1,0,0,0,0,0,0,0,0,0,1
2022,2022461182751,3,1,0,0,0,0,0,0,0,0,0,1
2022,2022361213703,3,1,0,0,0,0,0,0,0,0,0,1
2022,2022371227149,2,1,0,0,0,0,0,1,1,0,0,1
2022,20225222SG372,3,1,0,0,0,0,0,0,0,0,0,0
2022,2022430209262,3,1,0,0,0,0,0,0,0,1,1,1
2022,2022111163998,3,1,0,0,0,0,0,0,0,0,0,1
2022,20225222SE623,3,1,0,0,0,0,0,0,0,0,0,0
2022,2022131150409,3,1,0,0,0,0,0,1,1,0,0,1
2022,2022531185672,3,1,0,0,0,0,0,0,0,0,0,1
2022,2022041188772,3,1,0,0,0,0,0,0,0,0,0,0
2022,2022320384697,3,1,0,0,0,0,0,0,0,0,0,1
2022,2022161151975,3,1,0,0,0,0,0,0,0,0,0,1
2022,2022430457936,3,1,0,0,0,0,0,0,0,0,0,1
2022,2022060059369,3,1,0,0,0,0,0,0,0,0,0,0
2022,2022010377731,3,1,0,0,0,0,0,0,0,0,0,0
2022,2022010397405,3,1,0,0,0,0,0,0,0,0,0,0
2022,2022302200335,3,1,0,0,0,0,0,0,0,0,0,0
2022,2022430084595,3,1,0,0,0,0,0,0,0,0,0,1
2022,2022430516240,3,1,0,0,0,0,0,0,0,0,0,1
2022,2022211147952,1,1,0,1,1,1,1,1,1,1,1,1
2022,2022501189698,3,1,0,0,0,0,0,0,0,0,0,1
2022,2022552200963,3,1,0,0,0,0,0,0,0,0,0,0
2022,2022371146927,3,1,0,0,0,0,0,0,1,0,0,1
2022,2022231193432,3,1,0,0,0,0,0,0,0,0,0,1
2022,2022010373220,3,1,0,0,0,0,0,0,0,0,0,1
2022,2022010413613,2,1,0,0,0,0,0,0,0,0,0,1
2022,2022501140646,3,1,0,0,0,0,0,0,0,0,0,1
2022,2022451248905,3,1,0,0,0,0,0,0,0,0,0,0
2022,2022991226420,3,1,0,0,0,0,0,0,0,0,0,1
2022,2022201218714,2,1,0,0,0,0,0,0,0,0,0,0
2022,2022302200713,3,1,0,0,0,0,0,0,0,0,0,1
2022,2022041225363,3,1,0,0,0,0,0,0,0,1,1,1
2022,2022991166453,2,1,0,0,0,0,0,1,1,0,0,1
2022,202263D092722,3,1,0,0,0,0,0,0,0,0,0,0
2022,2022522300231,3,1,0,0,0,0,0,0,0,0,0,0
2022,2022201219686,2,1,0,0,0,0,0,0,0,0,0,0
2022,2022201216558,2,1,0,0,0,0,0,1,1,0,0,1
2022,2022101157528,3,1,0,0,0,0,0,0,0,0,0,1
2022,202234WNC2362,3,1,0,0,0,0,0,0,0,0,0,0
2022,2022231173178,3,1,0,0,0,0,0,0,0,0,0,1
2022,2022622200506,3,1,0,0,0,0,0,0,0,0,0,1
2022,2022430370220,3,1,0,0,0,0,0,0,0,0,0,1
2022,2022430119470,3,1,0,0,0,0,0,0,0,0,0,1
2022,2022201218249,2,1,0,0,0,0,0,0,1,0,0,1
2022,2022010377116,3,1,0,0,0,0,0,0,0,0,0,0
2022,2022461229615,2,1,0,0,0,0,0,0,0,0,0,0
2022,2022522205385,3,1,0,0,0,0,0,0,0,0,0,0
2022,2022201221369,3,1,0,0,0,0,0,0,0,0,0,0
2022,2022131249272,3,1,0,0,0,0,0,0,0,0,0,1
2022,2022010371828,3,1,0,0,0,0,0,1,1,0,0,1
2022,2022131223350,3,1,0,0,0,0,0,0,1,0,0,1
2022,2022131237619,2,1,0,0,0,0,0,0,0,0,0,1
2022,2022351154247,3,1,0,0,0,0,0,0,1,0,0,1
2022,2022421262492,3,1,0,0,0,0,0,0,0,0,0,0
2022,2022461206746,3,1,0,0,0,0,0,0,0,0,0,1
2022,2022070770498,3,1,0,0,0,0,0,0,0,0,0,1
2022,2022201155711,3,1,0,0,0,0,0,0,0,0,0,0
2022,2022131216688,3,1,0,0,0,0,0,0,0,0,0,1
2022,2022010393293,3,1,0,0,0,0,0,0,0,0,0,1
2022,2022010409161,3,1,0,0,0,0,0,0,0,0,0,1
2022,2022231194156,3,1,0,0,0,0,0,0,0,0,0,1
2022,2022052202897,3,1,0,0,0,0,0,0,0,0,0,1
2022,2022101182059,3,1,0,0,0,0,0,0,0,0,0,1
2022,2022131247686,2,1,0,0,1,1,1,1,1,1,1,1
2022,2022991228340,3,1,0,0,0,0,0,0,0,0,0,1
2022,2022622200366,3,1,0,0,0,0,0,0,0,0,0,0
2022,2022131246903,3,1,0,0,0,0,0,0,0,0,0,0
2022,2022010392717,3,1,0,0,0,0,0,1,1,0,0,1
2022,2022610033822,3,1,0,0,0,0,0,0,1,0,0,1
2022,2022430149835,3,1,0,0,0,0,0,0,0,0,0,1
2022,202260B024611,3,1,0,0,0,0,0,0,0,0,0,1
2022,2022170S11482,3,1,0,0,0,0,0,0,0,0,0,1
2022,2022041145337,3,1,0,0,0,0,0,0,0,0,0,0
2022,2022070202656,3,1,0,0,0,0,0,0,0,1,1,1
2022,2022430053715,3,1,0,0,0,0,0,0,0,0,0,0
2022,2022201191630,3,1,0,0,0,0,0,0,0,0,0,0
2022,2022131226985,2,1,0,0,0,0,0,0,0,0,0,0
2022,2022010361478,3,1,0,0,0,0,0,0,0,1,1,1
2022,2022351187311,3,1,0,0,0,0,0,0,0,0,0,1
2022,2022031209340,2,1,0,0,0,0,0,0,0,0,0,1
2022,2022302201135,3,1,0,0,0,0,0,0,0,0,0,1
2022,2022421189018,3,1,0,0,0,0,0,0,0,0,0,1
2022,2022610012222,3,1,0,0,0,0,0,0,0,0,0,1
2022,2022122200714,3,1,0,0,0,0,0,0,0,1,1,1
2022,2022010390571,3,1,0,0,0,0,0,0,0,0,0,1
2022,2022010406068,3,1,0,0,0,0,0,0,0,0,0,1
2022,2022440158033,3,1,0,0,0,0,0,1,1,0,0,1
2022,2022471130998,3,1,0,0,0,0,0,0,0,0,0,1
2022,202263C060022,2,1,0,0,0,0,0,0,0,0,1,0
2022,2022440153611,3,1,0,0,0,0,0,0,0,1,1,1
2022,2022101180315,3,1,0,0,0,0,0,0,0,0,0,1
2022,2022010394295,2,1,0,0,0,0,0,0,0,0,0,0
2022,2022010384835,2,1,0,0,0,0,0,0,1,0,0,1
2022,2022610034922,2,1,0,0,0,0,0,0,0,0,0,0
2022,202254B054822,3,1,0,0,0,0,0,0,0,0,0,1
2022,2022552201444,1,1,0,0,0,0,0,0,0,0,0,0
2022,2022302201617,3,1,0,0,0,0,0,1,1,0,0,1
2022,2022361254189,2,1,0,0,0,0,0,0,0,0,0,0
2022,2022430047814,3,1,0,0,0,0,0,0,0,0,0,0
2022,202254C348422,3,1,0,0,0,0,0,0,0,0,0,0
2022,2022101171197,2,1,0,0,0,0,0,0,0,0,0,1
2022,2022061142870,2,1,0,0,0,0,0,0,0,0,0,0
2022,2022010366288,3,1,0,0,0,0,0,0,0,0,0,1
2022,2022010385072,3,1,0,0,0,0,0,0,0,0,0,1
2022,2022302200066,2,1,0,0,0,0,0,0,0,0,0,0
2022,2022471143962,3,1,0,0,0,0,0,0,0,0,0,0
2022,2022161171500,3,1,0,0,0,0,0,0,0,0,0,1
2022,2022501156083,3,1,0,0,0,0,0,0,0,0,0,0
2022,2022430269292,3,1,0,0,0,0,0,0,0,0,0,0
2022,2022201279301,3,1,0,0,0,0,0,0,0,0,0,1
2022,2022131250279,3,1,0,0,0,0,0,0,0,0,0,1
2022,2022471215205,3,1,0,0,0,0,0,0,0,0,0,1
2022,2022461212365,3,1,0,0,0,0,0,0,0,0,0,1
2022,2022320229679,1,1,0,0,0,0,0,0,0,0,0,0
2022,2022430447163,3,1,0,0,0,0,0,0,0,0,0,0
2022,2022201264891,3,1,0,0,0,0,0,1,1,0,0,1
2022,2022010362370,3,1,0,0,0,0,0,0,0,0,0,0
2022,2022041246038,3,1,0,0,1,1,1,1,1,1,1,1
2022,2022070156471,3,1,0,0,0,0,0,0,1,0,0,1
2022,2022010375946,3,1,0,0,0,0,0,0,0,0,0,0
2022,2022010409463,3,1,0,0,0,0,0,0,0,0,0,0
2022,2022161187225,3,1,0,0,0,0,0,0,0,0,0,1
2022,2022201256472,3,1,0,0,0,0,0,0,0,0,0,1
2022,2022010371709,3,1,0,0,1,1,1,1,1,1,1,1
2022,2022010395650,3,1,0,0,0,0,0,0,0,0,0,1
2022,2022010391113,3,1,0,0,0,0,0,0,0,0,0,0
2022,2022010360371,3,1,0,0,0,0,0,0,0,0,0,0
2022,2022231185162,3,1,0,0,0,0,0,0,0,0,0,1
2022,2022991148463,3,1,0,0,0,0,0,0,0,0,0,1
2022,2022991237607,3,1,0,0,0,0,0,0,0,0,0,0
2022,2022201245737,3,1,0,0,0,0,0,0,0,0,0,0
2022,2022471182551,2,1,0,0,0,0,0,0,0,0,0,0
2022,2022991216349,3,1,0,0,0,0,0,0,0,0,0,0
2022,2022101190677,3,1,0,0,0,0,0,0,0,0,0,1
2022,2022010366771,3,1,0,0,0,0,0,0,0,0,0,1
2022,2022010367098,3,1,0,0,0,0,0,0,0,0,0,1
2022,2022041167422,3,1,0,0,0,0,0,0,0,0,0,1
2022,2022320143656,2,1,0,0,0,0,0,0,0,0,0,0
2022,2022141136186,2,1,0,0,0,0,0,0,0,0,0,1
2022,2022010357935,3,1,0,0,0,0,0,0,0,0,0,0
2022,2022010401080,3,1,0,0,0,0,0,0,0,0,0,0
2022,2022010360116,3,1,0,0,0,0,0,0,0,0,0,1
2022,2022010415094,2,1,0,0,0,0,0,0,0,0,0,0
2022,2022302201996,3,1,0,0,0,0,0,0,0,0,0,1
2022,2022041208871,2,1,0,1,1,1,1,1,1,1,1,1
2022,2022991197606,2,1,0,0,0,0,0,0,0,0,0,1
2022,2022622200656,3,1,0,1,1,1,1,1,1,1,1,1
2022,2022201245772,3,1,0,0,0,0,1,0,1,0,0,1
2022,2022131237640,3,1,0,0,0,0,0,0,0,0,0,0
2022,2022010390135,3,1,0,0,0,0,0,0,0,0,0,0
2022,2022471225860,3,1,0,0,0,0,0,0,0,1,1,1
2022,2022451175565,3,1,0,0,0,0,0,0,0,0,0,0
2022,2022471193939,3,1,0,0,0,0,0,0,0,0,0,1
2022,2022430358309,2,1,0,0,0,0,0,0,0,0,1,0
2022,2022320436435,3,1,0,0,0,0,0,0,0,0,0,0
2022,2022461130517,3,1,0,0,0,0,0,0,0,1,1,1
2022,2022430042814,3,1,0,0,0,0,0,0,0,0,0,1
2022,2022201226894,3,1,0,0,0,0,0,0,0,1,1,1
2022,2022131180457,3,1,0,0,0,0,0,0,0,0,0,0
2022,2022010376759,3,1,0,0,0,0,0,0,0,0,0,0
2022,2022440295456,2,1,0,0,0,0,0,0,0,0,0,1
2022,2022461217208,3,1,0,0,0,0,0,0,0,0,1,0
2022,2022471155181,3,1,0,0,0,0,0,0,0,1,1,1
2022,2022201268659,3,1,0,0,0,0,0,0,0,0,0,1
2022,2022131145867,3,1,0,0,0,0,0,0,0,0,0,1
2022,2022031151586,2,1,0,0,0,0,0,0,0,0,0,1
2022,2022302201086,3,1,0,0,0,0,0,0,0,0,0,0
2022,2022421210830,2,1,0,0,0,0,0,0,0,0,0,1
2022,2022421247698,3,1,0,0,0,0,0,0,0,0,0,1
2022,2022531202888,2,1,0,0,0,0,0,0,0,0,0,1
2022,202234WNC3442,3,1,0,0,0,0,0,0,0,0,0,0
2022,2022201266278,3,1,0,0,0,0,0,0,0,0,0,1
2022,2022531159994,2,1,0,0,0,0,0,0,0,0,0,1
2022,2022440087746,3,1,0,0,0,0,0,0,0,0,0,1
2022,2022201273700,3,1,0,0,0,0,0,0,0,0,0,1
2022,2022010401372,3,1,0,0,0,0,0,1,1,0,0,1
2022,2022010365783,3,1,0,0,0,0,0,0,0,0,0,1
2022,2022361139405,2,1,0,0,0,0,0,0,0,1,1,1
2022,2022361168415,3,1,0,0,0,0,0,0,0,0,0,1
2022,2022141198798,2,1,0,0,1,1,1,1,1,1,1,1
2022,2022101195768,3,1,0,0,0,0,0,0,0,0,0,0
2022,2022201299047,3,1,0,0,0,0,0,0,0,0,0,1
2022,2022131173495,3,1,0,0,0,0,0,0,0,0,0,0
2022,2022131199999,3,1,0,0,0,0,0,0,0,0,0,0
2022,2022010355991,2,1,0,0,0,0,0,0,0,0,0,0
2022,2022041172838,2,1,0,0,0,0,0,0,0,0,0,0
2022,2022991194894,3,1,0,0,0,0,0,0,0,0,0,1
2022,2022461198329,2,1,0,0,0,0,0,0,1,0,0,1
2022,2022061235353,3,1,0,0,0,0,0,0,1,0,0,1
2022,2022010385514,2,1,0,0,0,0,0,0,0,0,0,1
2022,2022010373136,3,1,0,0,0,0,0,0,0,0,0,1
2022,2022010406354,3,1,0,0,0,0,0,0,0,0,0,0
2022,2022421263480,3,1,0,0,0,0,0,0,0,0,0,1
2022,2022451231122,3,1,0,0,0,0,1,0,1,1,1,1
2022,2022451230077,3,1,0,0,0,0,0,0,0,0,0,0
2022,2022052201608,3,1,0,0,0,0,0,0,0,0,0,1
2022,2022201146579,3,1,0,0,0,0,0,0,0,0,0,0
2022,2022221236997,2,1,0,1,1,1,1,1,1,1,1,1
2022,2022311246330,3,1,0,0,0,0,0,0,0,0,0,0
2022,2022010410510,3,1,0,0,0,0,0,0,0,0,0,0
2022,2022221183530,2,1,0,0,0,0,0,0,0,0,0,0
2022,202234NNC6102,3,1,0,0,0,0,0,0,0,0,0,1
2022,2022010366158,3,1,0,0,0,0,0,0,0,0,0,1
2022,2022440096040,2,1,0,0,0,0,0,0,0,0,0,0
2022,2022041252049,3,1,0,0,0,0,0,0,0,0,0,0
2022,2022531193064,3,1,0,0,0,0,0,0,0,0,0,0
2022,2022411243435,3,1,0,0,0,0,0,0,0,0,0,1
2022,2022430402218,3,1,0,0,0,0,0,0,0,0,0,1
2022,2022201256594,3,1,0,0,0,0,0,0,0,0,0,1
2022,2022131139381,3,1,0,0,0,0,0,0,0,0,0,1
2022,2022010408065,3,1,0,0,0,0,0,0,0,0,0,1
2022,2022451246367,3,1,0,0,0,0,0,0,0,0,0,0
2022,2022430289999,3,1,0,0,0,0,0,0,0,0,0,0
2022,2022552200088,3,1,0,0,0,0,0,0,0,0,0,1
2022,2022201271725,3,1,0,0,0,0,0,0,0,0,0,0
2022,2022201143571,3,1,0,0,0,0,0,0,0,0,0,1
2022,2022371267024,3,1,0,0,0,0,0,0,0,0,0,1
2022,2022010395878,2,1,0,0,0,0,0,0,0,0,0,0
2022,2022471140206,3,1,0,0,0,0,0,0,0,0,0,1
2022,2022041179446,3,1,0,0,0,0,0,0,0,0,0,1
2022,2022451141693,3,1,0,0,0,0,0,0,0,0,0,0
2022,2022991211308,3,1,0,0,0,0,0,0,0,0,0,1
2022,2022991130651,3,1,0,0,0,0,0,0,0,0,0,0
2022,2022430144250,3,1,0,0,0,0,0,0,0,0,0,1
2022,2022201300156,2,1,0,0,0,0,0,1,1,0,0,1
2022,2022231233743,3,1,0,0,0,0,0,0,0,0,0,1
2022,2022471251453,3,1,0,0,0,0,0,0,0,0,0,1
2022,2022471253206,3,1,0,0,0,0,0,0,0,0,0,1
2022,2022501238064,3,1,0,0,0,0,0,0,0,0,0,0
2022,2022332200891,3,1,0,0,0,0,0,0,0,1,1,1
2022,2022501230660,3,1,0,0,0,0,0,0,0,0,0,0
2022,2022061175610,3,1,0,0,0,0,0,0,0,0,0,1
2022,2022061253031,3,1,0,0,0,0,0,0,0,1,1,1
2022,2022531133015,3,1,0,0,0,0,0,1,1,0,0,1
2022,2022170L41092,3,1,0,0,0,0,0,0,0,0,0,1
2022,2022351140865,3,1,0,0,0,0,0,0,0,0,0,1
2022,2022141249893,3,1,0,0,0,0,0,0,0,0,0,0
2022,2022010406793,2,1,0,0,0,0,0,0,0,0,0,0
2022,202263A019322,2,1,0,0,0,0,0,0,0,0,0,0
2022,2022141225261,3,1,0,0,0,0,0,0,0,0,0,1
2022,2022010390348,3,1,0,0,0,0,0,0,0,0,0,0
2022,2022991206796,3,1,0,0,0,0,0,0,0,0,0,1
2022,2022211212874,3,1,0,0,0,0,0,0,0,0,0,0
2022,2022061173408,3,1,0,0,0,0,0,0,0,0,0,1
2022,2022131225842,3,1,0,0,0,0,0,0,0,0,0,1
2022,2022010413015,3,1,0,0,0,0,0,0,0,0,0,0
2022,2022010357801,3,1,0,0,0,0,0,0,0,0,0,1
2022,2022010363004,3,1,0,0,0,0,0,0,0,1,1,1
2022,202263C105222,3,1,0,0,0,0,0,0,0,0,0,1
2022,2022010353786,2,1,0,0,0,0,0,0,0,0,0,0
2022,2022010377296,3,1,0,0,0,0,0,0,0,0,0,0
2022,2022311141777,2,1,0,1,1,1,1,1,1,1,1,1
2022,2022131222620,3,1,0,0,0,0,0,0,0,0,0,0
2022,2022010355365,3,1,0,0,0,0,0,0,0,0,0,1
2022,2022361248557,2,1,0,0,0,0,0,0,0,0,0,1
2022,2022471155003,2,1,0,0,0,0,0,0,0,0,0,1
2022,2022070243014,2,1,0,0,0,0,0,0,0,0,0,0
2022,2022501165044,1,1,0,0,0,1,1,0,1,1,1,1
2022,2022522300373,3,1,0,0,0,0,0,0,0,0,0,1
2022,2022401134914,3,1,0,0,0,0,0,0,0,0,0,0
2022,202234NNC3352,3,1,0,0,0,0,0,0,0,0,0,1
2022,2022010356373,3,1,0,0,0,0,0,0,0,0,0,1
2022,2022440321007,3,1,0,0,0,0,0,0,0,0,0,0
2022,2022161188630,3,1,0,0,0,0,0,0,0,0,0,0
2022,2022401136683,3,1,0,0,0,0,0,0,0,0,0,1
2022,2022101202914,3,1,0,0,0,0,0,0,0,0,0,1
2022,2022440396154,3,1,0,0,0,0,0,0,0,0,0,0
2022,2022451163641,2,1,0,0,0,0,1,1,1,0,0,1
2022,2022991250585,2,1,0,0,0,0,0,0,0,0,0,0
2022,2022991163442,3,1,0,0,0,0,0,0,1,0,0,1
2022,2022991238853,2,1,0,0,0,0,0,0,0,0,0,0
2022,2022421149787,3,1,0,0,0,0,0,0,0,0,0,1
2022,2022070628979,3,1,0,0,0,0,0,0,0,1,1,1
2022,2022440122055,3,1,0,0,0,0,0,0,0,0,0,1
2022,2022351155695,3,1,0,0,0,0,0,0,0,0,0,1
2022,2022221257091,3,1,0,0,0,0,0,0,0,0,0,1
2022,2022552200784,3,1,0,0,0,0,0,0,0,0,0,1
2022,2022101212276,3,1,0,0,0,0,0,0,0,0,0,1
2022,2022010381627,3,1,0,0,0,0,0,0,0,0,0,0
2022,2022010403642,3,1,0,0,0,0,0,0,0,0,0,1
2022,2022610032122,3,1,0,0,0,0,0,0,0,0,0,1
2022,2022471215816,3,1,0,0,0,0,0,0,0,0,0,0
2022,2022010415061,3,1,0,0,0,0,0,1,1,0,0,1
2022,2022010397175,3,1,0,0,0,0,0,0,0,0,0,0
2022,2022010390420,3,1,0,0,0,0,0,0,0,1,1,1
2022,2022440023412,2,1,0,0,0,0,0,0,0,0,0,1
2022,2022451168824,3,1,0,0,0,0,0,0,0,0,0,1
2022,2022451206504,2,1,0,0,0,0,0,0,0,0,0,0
2022,2022401189687,3,1,0,0,0,0,0,0,0,0,0,1
2022,2022201272651,3,1,0,0,0,0,0,0,0,0,0,1
2022,2022070716180,3,1,0,0,0,0,0,0,0,0,0,1
2022,202254C605322,3,1,0,0,0,0,0,0,0,0,0,1
2022,2022061141751,3,1,0,0,0,0,0,0,0,0,0,0
2022,2022131146663,3,1,0,0,0,0,0,0,0,0,0,0
2022,2022010386905,2,1,0,0,0,0,0,0,0,0,0,0
2022,2022351150124,3,1,0,0,0,0,0,0,0,0,0,1
2022,2022421180505,3,1,0,0,0,0,0,0,0,0,0,1
2022,2022430326158,3,1,0,0,0,0,0,0,0,0,0,1
2022,2022221237811,3,1,0,0,0,0,1,1,1,0,0,1
2022,2022221210461,2,1,0,0,0,0,0,0,0,0,0,0
2022,2022552201451,3,1,0,0,0,0,0,0,0,0,0,1
2022,2022010376177,2,1,0,0,0,0,0,0,0,0,0,0
2022,2022451207373,2,1,0,0,0,0,0,0,0,0,0,0
2022,2022552201551,2,1,0,0,0,0,0,0,0,0,0,0
2022,2022010365813,3,1,0,0,0,0,0,0,0,0,0,1
2022,2022471169220,3,1,0,0,0,0,0,0,0,0,0,0
2022,2022520300352,3,1,0,0,0,0,0,0,0,0,0,1
2022,2022010355601,3,1,0,0,0,0,0,0,0,0,0,0
2022,2022041137889,2,1,0,0,0,0,0,0,0,0,0,1
2022,2022991209029,3,1,0,0,0,0,0,0,0,0,0,1
2022,2022610017222,3,1,0,0,0,0,0,0,0,0,0,0
2022,2022522201841,3,1,0,0,0,0,0,0,0,0,0,1
2022,2022010382133,3,1,0,0,0,0,0,0,0,0,0,0
2022,2022010386796,3,1,0,0,0,0,0,0,0,0,0,1
2022,2022010402809,3,1,0,0,0,0,0,0,0,0,0,0
2022,2022010409835,3,1,0,0,0,0,0,0,0,0,0,0
2022,2022501202909,3,1,0,0,0,0,0,0,0,0,0,0
2022,2022041208896,3,1,0,0,0,0,0,1,1,0,0,1
2022,2022111201481,3,1,0,0,0,0,0,0,0,0,1,0
2022,2022201195067,3,1,0,0,0,0,0,0,0,0,0,0
2022,2022201254055,3,1,0,0,0,0,0,0,0,0,0,1
2022,2022131197416,3,1,0,0,0,0,0,0,0,0,0,1
2022,2022010410258,3,1,0,0,0,0,0,0,0,0,0,0
2022,2022010408355,3,1,0,0,0,0,0,0,0,0,0,0
2022,2022010399654,3,1,0,0,0,0,0,0,0,0,0,1
2022,2022430383249,3,1,0,0,0,0,0,0,0,0,0,1
2022,2022552200451,3,1,0,0,0,0,0,0,0,0,0,1
2022,202234NNC7932,3,1,0,0,0,0,0,0,0,0,0,1
2022,2022101172006,3,1,0,0,0,0,0,0,0,0,0,0
2022,2022131238114,2,1,0,0,0,0,0,1,1,0,0,1
2022,2022010405150,3,1,0,0,0,0,0,0,0,0,0,1
2022,2022461239088,3,1,0,0,0,0,0,0,0,0,0,1
2022,2022991204007,2,1,0,0,0,0,0,0,0,0,0,1
2022,2022131232581,3,1,0,0,0,0,0,0,0,0,0,0
2022,2022010409548,3,1,0,0,0,0,0,1,1,0,0,1
2022,2022010357530,3,1,0,0,0,0,0,0,0,0,0,1
2022,2022440478483,3,1,0,0,0,0,0,0,0,0,0,1
2022,2022991163763,3,1,0,0,0,0,0,0,0,0,0,1
2022,2022161235354,2,1,0,0,0,0,0,0,0,0,0,0
2022,2022430323758,3,1,0,0,0,0,0,0,0,0,0,1
2022,202234WNC5092,2,1,0,0,0,0,0,0,1,0,0,1
2022,2022201245644,3,1,0,0,0,0,0,0,0,0,0,0
2022,2022010364882,3,1,0,0,0,0,0,0,0,0,0,1
2022,2022201227987,3,1,0,0,0,0,0,0,0,0,0,1
2022,2022010355042,3,1,0,0,0,0,0,0,0,1,1,1
2022,2022010418348,3,1,0,0,0,0,0,0,1,0,0,1
2022,2022010397800,3,1,0,0,0,0,0,0,0,0,0,0
2022,2022010413713,3,1,0,0,0,0,0,0,0,0,0,1
2022,2022411243560,3,1,0,0,0,0,0,0,0,0,0,1
2022,2022461187338,2,1,0,0,0,0,0,0,0,0,0,0
2022,2022471214640,2,1,0,0,0,0,0,0,0,0,0,1
2022,2022471145031,3,1,0,0,0,0,0,0,0,0,0,0
2022,2022552201408,3,1,0,0,0,0,0,0,0,0,0,1
2022,2022101220543,3,1,0,0,0,0,0,0,0,0,0,1
2022,2022010408090,3,1,0,0,0,0,0,0,0,0,0,0
2022,2022471179124,3,1,0,0,0,0,0,1,1,0,0,1
2022,2022471215822,2,1,0,0,0,0,0,0,0,0,0,0
2022,2022070011617,3,1,0,0,0,0,0,0,0,0,0,1
2022,2022361202561,3,1,0,0,0,0,0,0,0,0,0,1
2022,2022010405637,3,1,0,0,0,0,0,0,0,0,0,1
2022,2022440497251,3,1,0,0,0,0,0,0,0,0,0,0
2022,2022070783251,3,1,0,0,0,0,0,0,0,0,0,0
2022,2022332201097,3,1,0,0,0,0,0,0,0,0,0,0
2022,2022201251825,3,1,0,0,1,1,1,1,1,1,1,1
2022,2022010409691,2,1,0,0,1,1,1,1,1,1,1,1
2022,2022351190517,2,1,0,0,0,0,0,0,0,0,0,1
2022,2022041210072,3,1,0,0,0,0,0,0,1,0,0,1
2022,2022041230997,3,1,0,0,0,0,0,1,1,0,0,1
2022,2022991235269,3,1,0,0,0,0,0,0,1,0,0,1
2022,202234WNC6242,3,1,0,0,0,0,0,0,0,0,0,0
2022,2022010408400,3,1,0,0,0,0,0,0,0,0,0,1
2022,2022010417686,3,1,0,0,0,0,0,0,0,0,0,0
2022,2022031211108,2,1,0,0,0,0,0,0,0,0,0,0
2022,2022421219042,3,1,0,0,0,0,0,0,0,1,1,1
2022,2022221187065,3,1,0,0,0,0,0,0,0,0,0,1
2022,2022061221901,3,1,0,0,0,0,0,0,0,0,0,1
2022,2022141198367,2,1,0,0,0,0,0,0,0,0,0,0
2022,2022010374403,3,1,0,0,0,0,0,0,0,0,0,1
2022,2022440237211,3,1,0,0,0,0,0,0,1,0,0,1
2022,2022041214279,3,1,0,0,0,0,1,1,1,0,0,1
2022,2022161128742,2,1,0,0,0,0,0,0,0,0,0,1
2022,2022501217533,3,1,0,0,0,0,0,0,0,0,0,0
2022,20225222SE316,2,1,0,0,0,0,0,1,1,0,0,1
2022,2022141184869,2,1,0,1,1,1,1,1,1,1,1,1
2022,2022201253770,3,1,0,0,0,0,0,0,0,0,0,1
2022,2022421151966,2,1,0,0,0,0,0,0,0,0,0,0
2022,2022991162025,1,1,0,0,0,0,0,0,0,0,0,1
2022,2022991155633,3,1,0,0,0,0,0,0,0,0,0,1
2022,2022991132646,3,1,0,0,0,0,0,0,0,0,0,1
2022,2022991208375,2,1,0,0,0,0,0,0,0,0,0,1
2022,2022010375880,3,1,0,0,0,0,0,0,0,0,0,1
2022,2022302201145,3,1,0,0,0,0,0,0,0,0,0,1
2022,2022421229526,3,1,0,0,1,1,1,1,1,1,1,1
2022,2022041160068,2,1,0,0,0,0,0,1,1,0,0,1
2022,2022231185897,3,1,0,0,0,0,0,0,0,0,0,1
2022,2022461256787,2,1,0,0,0,0,0,0,0,0,0,0
2022,2022231242906,3,1,0,0,0,0,0,0,0,0,0,1
2022,2022430489440,3,1,0,0,0,0,0,0,0,0,0,1
2022,2022231228443,2,1,0,0,0,0,0,0,0,0,0,1
2022,2022991134501,3,1,0,0,0,0,0,0,0,0,1,1
2022,2022430404161,3,1,0,0,0,0,0,0,0,0,0,1
2022,2022131201589,3,1,0,0,0,0,0,0,0,0,0,1
2022,2022131228018,3,1,0,0,0,0,0,0,0,1,1,1
2022,2022320474543,3,1,0,0,0,0,0,0,0,0,0,0
2022,2022041176081,3,1,0,0,0,0,0,0,0,0,0,0
2022,2022122200987,3,1,0,0,0,0,0,1,1,0,0,1
2022,2022010400916,3,1,0,0,0,0,0,0,0,0,0,1
2022,2022461241155,3,1,0,0,0,0,0,0,0,0,0,0
2022,2022471247602,3,1,0,0,0,0,0,0,0,0,0,1
2022,2022991209800,2,1,0,0,0,0,0,0,0,0,0,0
2022,2022201216709,3,1,0,0,0,0,0,0,0,0,0,0
2022,2022010402730,3,1,0,0,0,0,0,0,0,0,0,1
2022,2022010396716,3,1,0,0,0,0,0,0,0,0,0,1
2022,2022010361703,3,1,0,0,0,0,0,0,0,0,0,0
2022,2022471192589,3,1,0,0,0,0,0,0,0,0,0,0
2022,2022461181951,3,1,0,0,0,0,0,0,0,0,0,1
2022,2022430140279,3,1,0,0,0,0,0,0,0,0,0,0
2022,202234WNC6642,2,1,0,0,0,0,0,0,0,0,0,1
2022,2022010371166,3,1,0,0,0,0,0,0,1,0,0,1
2022,2022010402803,3,1,0,0,0,0,0,0,0,0,0,1
2022,2022010367304,3,1,0,0,0,0,0,0,0,0,0,1
2022,2022010377222,2,1,0,0,0,0,0,0,0,0,0,1
2022,2022461190666,3,1,0,0,0,0,0,0,0,0,0,1
2022,2022461260613,3,1,0,0,0,0,0,0,1,0,0,1
2022,2022430281570,3,1,0,0,0,0,0,0,0,1,1,1
2022,2022010370793,3,1,0,0,0,0,0,0,0,0,0,1
2022,2022161193510,2,1,0,0,0,0,0,0,0,0,0,1
2022,2022101147586,3,1,0,0,0,0,0,0,0,0,0,0
2022,2022531152810,3,1,0,0,0,0,0,0,0,0,0,1
2022,2022070911881,3,1,0,0,0,0,0,0,0,0,0,1
2022,2022061153506,3,1,0,0,0,0,0,0,0,0,0,0
2022,2022201265796,3,1,0,0,0,0,0,0,0,0,0,0
2022,2022010383971,2,1,0,0,0,0,0,1,1,0,0,1
2022,2022010377506,2,1,0,0,0,0,0,0,0,0,0,1
2022,2022501166619,3,1,0,0,0,0,0,0,0,1,1,1
2022,2022461142170,3,1,0,0,0,0,0,0,0,0,0,0
2022,2022211227916,3,1,0,0,0,0,0,0,0,0,0,0
2022,2022991149934,3,1,0,0,0,0,0,0,0,0,0,1
2022,2022221195514,3,1,0,1,1,1,1,1,1,1,1,1
2022,2022010364480,3,1,0,0,0,0,0,0,0,0,0,0
2022,2022010361073,2,1,0,0,0,0,0,0,0,0,0,1
2022,2022141138990,3,1,0,0,0,0,0,0,0,0,0,1
2022,2022101186745,3,1,0,0,0,0,0,1,1,0,0,1
2022,2022010406396,3,1,0,0,0,0,0,0,0,0,0,0
2022,2022211301455,3,1,0,0,0,0,0,0,0,0,0,1
2022,2022461151994,3,1,0,0,0,0,0,0,0,0,0,0
2022,2022010393514,3,1,0,0,0,0,0,0,0,0,0,1
2022,2022430187125,2,1,0,0,0,0,0,0,0,0,0,0
2022,2022430334386,2,1,0,0,0,0,0,0,0,0,0,1
2022,202234NNC2602,3,1,0,0,0,0,0,0,0,0,0,1
2022,202234WNC2252,3,1,0,0,0,0,0,0,0,0,0,0
2022,2022201153573,2,1,0,0,0,0,0,0,0,0,0,0
2022,2022070208889,2,1,0,0,0,0,0,0,0,0,0,1
2022,2022421222260,3,1,0,0,0,0,0,0,0,0,0,1
2022,2022451132439,3,1,0,0,0,0,0,1,1,0,0,1
2022,2022622200599,3,1,0,0,0,0,0,0,0,0,0,1
2022,2022170S11322,3,1,0,0,0,0,0,0,0,0,0,0
2022,2022131188408,3,1,0,0,0,0,0,0,0,0,0,0
2022,2022010369774,2,1,0,0,0,0,0,0,0,0,0,0
2022,2022451229711,2,1,0,0,0,0,0,0,0,0,0,1
2022,2022070209430,3,1,0,0,0,0,0,0,0,0,0,1
2022,2022010387591,3,1,0,0,0,0,0,0,0,0,0,1
2022,2022010363114,3,1,0,0,0,0,0,0,0,0,0,1
2022,2022010373309,3,1,0,0,0,0,0,0,0,0,0,0
2022,2022471231625,3,1,0,0,0,0,0,0,0,0,0,1
2022,2022401143457,3,1,0,0,0,0,0,0,0,0,0,1
2022,2022201260324,3,1,0,0,0,0,0,0,0,0,0,0
2022,2022010373289,3,1,0,0,0,0,0,0,0,0,0,0
2022,2022421166620,3,1,0,0,0,0,0,0,0,0,0,1
2022,2022440345271,3,1,0,0,0,0,0,0,0,0,0,0
2022,2022991227018,3,1,0,0,0,0,0,0,0,0,0,1
2022,2022070549894,3,1,0,0,0,0,0,0,0,0,0,1
2022,2022340WNC822,3,1,0,0,0,0,0,0,0,0,0,1
2022,2022141186836,3,1,0,0,0,0,0,0,0,0,0,1
2022,2022010370375,3,1,0,0,0,0,0,0,0,0,0,0
2022,2022010393871,3,1,0,0,0,0,0,0,0,0,0,0
2022,2022231200175,3,1,0,0,0,0,0,0,0,0,0,1
2022,2022991222759,2,1,0,0,0,0,0,0,0,0,0,1
2022,202263D027822,3,1,0,0,0,0,0,0,0,0,0,1
2023,2023141317451,2,1,0,0,0,1,1,0,1,1,1,1
2023,2023131289301,3,1,0,0,0,0,0,0,0,0,0,0
2023,2023010460911,2,1,0,0,0,0,0,0,0,0,0,0
2023,2023311365247,3,1,0,0,0,0,0,0,0,0,0,1
2023,2023461267756,2,1,0,0,0,0,0,0,0,0,0,1
2023,2023041263003,2,1,0,0,0,0,0,0,0,0,0,0
2023,2023311292233,3,1,0,0,0,0,0,0,0,0,0,1
2023,2023451374537,3,1,0,0,0,0,0,0,0,0,0,0
2023,2023552301416,3,1,0,0,0,0,0,0,0,0,0,1
2023,2023010464257,3,1,0,0,0,0,0,0,0,0,0,1
2023,2023010422101,3,1,0,0,0,0,0,0,0,0,0,0
2023,2023361348251,2,1,0,0,0,0,0,0,0,0,0,0
2023,2023231352373,2,1,0,0,0,0,1,0,1,0,0,1
2023,2023991353390,2,1,0,0,0,0,0,0,0,0,0,0
2023,2023141322867,2,1,0,0,0,0,0,0,0,0,0,0
2023,2023010470992,3,1,0,0,0,0,0,0,0,0,0,1
2023,2023010475738,3,1,0,0,0,0,0,0,0,0,0,0
2023,2023010420676,3,1,0,0,0,0,0,0,0,0,0,0
2023,2023010460934,2,1,0,0,0,0,0,0,0,0,0,1
2023,2023010467142,3,1,0,0,0,0,0,0,0,0,0,0
2023,2023010430325,3,1,0,0,0,0,0,0,1,0,0,1
2023,2023471263424,3,1,0,0,0,0,0,0,0,1,1,1
2023,2023440052688,3,1,0,0,0,0,0,0,0,0,0,1
2023,2023201287675,3,1,0,0,0,0,0,0,1,0,0,1
2023,2023010477532,3,1,0,0,1,1,1,1,1,1,1,1
2023,2023471318167,3,1,0,0,0,0,0,0,0,0,0,1
2023,2023201387832,3,1,0,0,0,0,0,0,0,0,0,1
2023,2023010439611,3,1,0,0,0,0,0,0,0,0,0,1
2023,2023010485160,3,1,0,0,0,0,0,0,0,0,0,0
2023,2023471347065,3,1,0,0,0,0,0,0,0,0,0,1
2023,2023451392499,3,1,0,0,0,0,0,0,0,0,0,0
2023,202360A007748,3,1,0,0,0,0,0,0,0,0,0,1
2023,2023401298838,3,1,0,0,0,0,0,0,0,0,0,1
2023,2023131323722,3,1,0,0,0,0,0,0,0,0,0,1
2023,2023010422061,3,1,0,0,0,0,0,0,0,0,0,1
2023,2023010452320,3,1,0,0,0,0,0,0,0,0,0,1
2023,2023010443811,3,1,0,0,0,0,0,0,0,0,0,0
2023,2023320392939,2,1,0,0,0,0,0,0,0,0,0,0
2023,2023361359766,3,1,0,0,0,0,0,0,1,0,0,1
2023,2023471335481,3,1,0,0,0,0,0,0,0,0,0,1
2023,2023340WN2332,3,1,0,0,0,0,0,1,1,0,0,1
2023,2023010455194,3,1,0,0,0,0,0,0,0,0,0,0
2023,2023991265516,1,1,0,0,0,0,0,0,0,0,0,1
2023,2023010430331,3,1,0,0,0,0,0,0,0,0,0,0
2023,2023010457639,3,1,0,0,0,0,0,0,0,0,0,1
2023,2023451360273,3,1,0,0,0,0,0,0,0,0,1,0
2023,2023221371075,3,1,0,0,0,0,0,1,1,0,0,1
2023,2023430551681,3,1,0,0,0,0,0,0,0,0,0,1
2023,2023141370964,3,1,0,0,0,0,0,0,0,0,0,1
2023,2023010468470,2,1,0,0,0,0,0,0,0,0,0,1
2023,2023010448696,3,1,0,0,0,0,0,0,0,0,0,1
2023,2023101321393,1,1,0,0,0,0,0,0,0,0,0,1
2023,2023010444011,3,1,0,0,0,0,0,0,0,0,0,0
2023,2023010453051,3,1,0,0,0,0,0,0,0,0,0,1
2023,2023471367310,3,1,0,0,0,0,0,0,0,0,0,1
2023,202363A016023,3,1,0,0,0,0,0,0,0,0,0,1
2023,202363A017323,3,1,0,0,0,0,0,0,0,0,0,1
2023,2023440162758,3,1,0,0,0,0,0,0,0,1,1,1
2023,2023070053474,3,1,0,0,0,0,0,0,0,0,0,1
2023,2023552300079,3,1,0,0,0,0,0,0,0,0,0,0
2023,2023131299611,2,1,0,0,0,0,0,0,0,0,0,1
2023,2023010456308,3,1,0,0,0,0,0,0,0,0,0,1
2023,2023010474770,3,1,0,0,0,0,0,0,0,0,0,1
2023,2023010478321,2,1,0,1,1,1,1,1,1,1,1,1
2023,2023440303934,3,1,0,0,0,0,0,0,0,0,0,1
2023,2023461297971,3,1,0,0,0,0,0,0,1,0,0,1
2023,2023041302302,3,1,0,1,1,1,1,1,1,1,1,1
2023,2023991272535,3,1,0,0,0,0,0,0,0,0,0,1
2023,2023070194691,3,1,0,0,0,0,0,0,0,0,0,0
2023,2023141354612,2,1,0,0,0,0,0,0,0,0,0,1
2023,2023010473895,3,1,0,0,0,0,0,1,1,0,0,1
2023,2023531365466,3,1,0,0,1,1,1,1,1,1,1,1
2023,2023461343757,2,1,0,0,0,0,0,0,0,0,0,0
2023,2023471329838,3,1,0,0,0,0,0,0,0,0,0,1
2023,202360A113580,3,1,0,0,0,0,0,0,0,0,0,1
2023,2023440060797,3,1,1,1,1,1,1,1,1,1,1,1
2023,2023010422642,2,1,0,0,0,0,0,0,0,0,0,0
2023,2023421320205,2,1,0,0,0,0,0,0,0,0,0,1
2023,2023451375619,2,1,0,0,0,0,0,0,0,0,0,0
2023,2023010468159,3,1,0,0,0,0,0,0,0,0,0,1
2023,2023010450964,3,1,0,0,0,0,0,0,0,0,0,1
2023,2023542823623,3,1,1,1,1,1,1,1,1,1,1,1
2023,2023201342546,3,1,0,0,0,0,0,0,0,0,1,0
2023,2023101369193,3,1,0,0,0,0,0,0,0,0,0,0
2023,2023041324190,3,1,0,0,0,0,0,1,1,0,0,1
2023,2023161333750,3,1,0,0,0,0,0,0,0,0,0,0
2023,2023010443919,3,1,0,0,0,0,0,0,0,0,0,0
2023,2023041348037,3,1,0,0,0,0,0,0,0,0,0,0
2023,2023421323138,3,1,0,0,0,0,0,0,0,1,1,1
2023,2023050394462,3,1,0,0,0,0,0,0,0,0,0,1
2023,2023010452791,3,1,0,0,0,0,0,0,0,0,0,0
2023,2023010480083,3,1,0,0,0,0,0,0,0,0,0,1
2023,2023010449332,3,1,0,0,0,0,0,0,0,0,0,0
2023,2023131348628,3,1,0,0,0,0,0,0,0,0,0,1
2023,2023411309224,3,1,0,0,0,0,0,0,0,0,0,1
2023,2023461264812,3,1,0,0,0,0,0,0,0,0,0,0
2023,2023461289783,2,1,0,0,0,0,0,0,0,0,0,1
2023,2023461362550,3,1,0,0,0,0,0,0,0,0,0,1
2023,2023231313683,2,1,1,1,1,1,1,1,1,1,1,1
2023,2023991350681,2,1,0,0,0,0,0,0,0,0,0,1
2023,2023991360843,3,1,0,0,0,0,0,0,0,0,0,1
2023,2023010437677,2,1,0,0,0,0,0,0,0,0,0,0
2023,2023070753095,3,1,0,0,0,0,0,0,0,0,0,1
2023,2023311268531,3,1,0,0,0,0,0,0,0,0,0,1
2023,2023131339531,3,1,0,0,0,0,0,0,0,0,0,0
2023,2023010452824,2,1,0,0,0,0,0,0,0,0,0,0
2023,2023421366297,3,1,0,0,0,0,0,0,0,0,0,0
2023,2023231337356,2,1,0,0,0,0,0,0,1,0,0,1
2023,202360A117291,3,1,0,0,0,0,0,0,0,0,0,1
2023,2023141311063,3,1,0,0,0,0,0,0,0,0,0,1
2023,2023010441446,3,1,0,0,0,0,0,0,0,0,0,1
2023,2023041280187,3,1,0,0,0,0,0,0,0,0,0,0
2023,2023430339379,3,1,0,0,0,0,0,0,0,1,1,1
2023,2023010447036,3,1,0,0,0,0,0,0,0,0,0,0
2023,2023552300423,1,1,0,0,0,0,0,0,0,0,0,0
2023,2023141321368,3,1,0,0,0,0,0,0,0,0,0,1
2023,2023041347504,3,1,0,0,0,0,0,0,1,0,0,1
2023,2023430284559,3,1,0,0,0,0,0,0,0,0,0,1
2023,2023552300183,3,1,0,0,0,0,0,0,0,0,0,1
2023,2023201391677,3,1,0,0,0,0,1,1,1,0,0,1
2023,2023010426507,3,1,0,0,0,0,0,0,0,0,0,0
2023,2023421370010,3,1,0,0,0,0,0,0,0,0,0,0
2023,2023461367332,3,1,0,0,0,0,0,0,0,0,0,0
2023,2023991283671,3,1,0,0,0,0,0,0,0,0,0,1
2023,2023161369586,3,1,0,0,0,0,0,0,0,0,0,1
2023,2023522324393,3,1,0,0,0,0,0,0,0,0,0,1
2023,2023541978523,1,1,0,0,0,0,0,0,0,0,0,0
2023,2023010452996,3,1,0,0,0,0,0,1,1,0,0,1
2023,2023161327706,3,1,0,0,0,0,0,0,0,0,0,0
2023,2023061359578,3,1,0,0,0,0,0,0,0,0,0,0
2023,2023010483763,2,1,0,0,0,0,0,0,0,0,0,0
2023,2023302300387,2,1,0,0,0,0,0,0,0,0,0,1
2023,2023221299130,3,1,0,0,0,0,0,0,0,0,0,1
2023,2023010458915,3,1,0,0,0,0,0,0,0,0,0,0
2023,2023010474059,3,1,0,0,0,0,0,0,0,0,0,1
2023,202354A135523,3,1,0,0,0,0,0,0,0,0,0,1
2023,2023221318928,3,1,0,0,0,0,0,0,0,1,1,1
2023,2023340NN2772,3,1,0,0,0,0,0,0,0,0,0,0
2023,2023010457720,3,1,0,0,0,0,0,0,0,0,0,1
2023,2023010476830,3,1,0,0,0,0,0,0,0,0,0,1
2023,2023010435071,3,1,0,0,0,0,0,0,0,0,0,1
2023,2023471314522,3,1,0,0,0,0,0,0,0,0,0,0
2023,2023010424077,3,1,0,0,0,0,0,0,0,0,0,0
2023,2023440115262,3,1,0,0,0,0,0,0,0,0,0,0
2023,2023430558844,3,1,0,0,0,0,0,0,0,0,0,1
2023,2023451322935,3,1,0,0,0,0,0,0,0,0,0,1
2023,2023552301186,3,1,0,0,0,0,0,0,0,0,0,1
2023,2023141342459,3,1,0,1,1,1,1,1,1,1,1,1
2023,2023010483285,3,1,0,0,0,0,0,0,0,0,0,0
2023,2023471381668,3,1,0,0,0,0,0,0,0,0,0,0
2023,2023211371649,2,1,0,0,0,0,0,0,0,0,0,0
2023,2023451376838,3,1,0,0,0,0,0,0,0,0,0,1
2023,2023070408259,3,1,0,0,0,0,0,0,0,0,0,1
2023,2023061326228,3,1,0,0,0,0,0,0,0,0,0,1
2023,2023141273507,3,1,0,0,0,0,0,0,0,0,0,1
2023,2023010439350,3,1,0,0,0,0,0,0,0,0,0,1
2023,2023010468909,3,1,0,0,0,0,0,1,1,0,0,1
2023,202360A019565,3,1,0,0,0,0,0,0,0,0,0,1
2023,2023031384153,1,1,0,0,0,0,0,0,0,0,0,1
2023,2023201292056,3,1,0,0,0,0,0,0,0,0,0,1
2023,2023010448489,3,1,0,0,0,0,0,0,0,0,0,0
2023,2023411305869,1,1,0,0,0,0,0,0,0,0,0,0
2023,2023451313932,3,1,0,0,0,0,0,0,1,0,0,1
2023,2023430533101,3,1,0,0,0,0,0,0,0,0,0,1
2023,2023471349611,3,1,0,0,0,0,0,0,0,0,0,1
2023,2023010422206,3,1,0,0,0,0,0,0,0,0,0,1
2023,2023351325704,3,1,0,0,0,0,0,0,0,0,0,1
2023,2023440056227,3,1,0,0,0,0,0,0,0,0,0,0
2023,2023101329527,3,1,0,0,0,0,0,0,0,0,0,1
2023,2023201370365,3,1,0,0,0,0,0,0,0,0,0,1
2023,2023201298687,3,1,0,0,0,0,0,0,0,0,0,1
2023,2023131388814,2,1,0,0,0,0,0,0,0,0,0,0
2023,2023010463342,3,1,0,0,0,0,0,0,0,0,0,1
2023,2023010435794,3,1,0,0,0,0,0,0,0,0,0,0
2023,2023010439829,2,1,0,0,0,0,0,0,0,0,0,1
2023,2023041316000,2,1,0,0,0,0,0,0,0,0,0,1
2023,2023991321453,2,1,0,0,0,0,0,0,0,0,0,1
2023,2023131332810,3,1,0,0,0,0,0,0,0,0,0,1
2023,2023010481177,3,1,0,0,0,0,0,0,0,0,0,0
2023,2023041378748,2,1,0,0,0,0,0,0,0,0,0,0
2023,2023552300826,3,1,0,0,0,0,0,0,0,0,0,0
2023,2023141355009,3,1,0,0,0,0,0,0,0,0,0,0
2023,2023201283848,3,1,0,0,0,0,0,0,0,0,0,0
2023,2023421338940,2,1,0,0,0,0,0,0,0,0,0,1
2023,2023361299315,2,1,0,0,0,0,0,0,0,0,0,0
2023,2023991298667,3,1,0,0,0,0,0,0,0,0,0,1
2023,2023610018623,3,1,0,0,0,0,0,0,0,0,0,0
2023,2023070860108,3,1,0,0,0,0,0,0,0,0,0,1
2023,2023421321314,3,1,0,0,0,1,1,0,1,1,1,1
2023,2023461357486,3,1,0,0,0,0,0,0,0,0,0,1
2023,2023361292550,3,1,0,0,0,0,0,0,0,0,0,1
2023,2023141370878,3,1,0,0,0,0,0,0,0,0,0,1
2023,2023201300616,3,1,0,0,0,0,0,0,0,0,0,1
2023,2023010471137,3,1,0,0,0,0,0,0,0,0,0,1
2023,2023010423949,3,1,0,0,0,0,0,0,0,1,1,1
2023,2023041361266,3,1,0,0,0,0,0,0,0,0,0,1
2023,2023545440423,3,1,0,0,0,0,0,0,0,0,0,0
2023,2023122300868,3,1,0,0,0,0,0,0,0,0,0,0
2023,2023010468967,3,1,0,0,1,1,1,1,1,1,1,1
2023,2023010450759,3,1,0,0,0,0,0,1,1,0,0,1
2023,2023041391621,2,1,1,1,1,1,1,1,1,1,1,1
2023,2023430521993,3,1,0,0,0,0,0,0,0,0,0,1
2023,2023010435100,2,1,0,0,0,0,0,0,0,0,0,1
2023,2023010449400,3,1,0,0,0,0,0,0,0,0,0,0
2023,2023461380647,3,1,0,0,0,0,0,0,0,0,0,1
2023,2023041281070,3,1,0,0,0,0,0,0,0,0,0,1
2023,2023451294822,3,1,0,0,0,0,0,0,0,0,0,1
2023,2023311305481,3,1,0,0,0,0,0,0,0,0,0,1
2023,2023430368131,2,1,0,0,0,0,0,0,0,1,1,1
2023,2023201391452,3,1,0,0,0,0,0,0,1,0,0,1
2023,2023010445098,3,1,0,0,0,0,0,0,0,0,0,0
2023,2023041376848,2,1,0,0,0,0,0,1,1,0,0,1
2023,2023320527425,2,1,0,0,0,0,0,0,0,0,0,1
2023,2023430162636,2,1,0,0,0,0,0,0,0,0,0,1
2023,2023141331602,3,1,0,0,0,0,0,0,0,0,0,1
2023,2023421366851,3,1,0,0,0,0,0,0,0,0,0,1
2023,2023231310125,3,1,0,0,0,0,0,0,0,1,1,1
2023,2023231371438,3,1,0,0,0,0,0,0,0,0,0,0
2023,2023221281533,3,1,0,0,0,0,0,0,0,0,0,1
2023,2023161310876,3,1,0,0,0,0,0,0,0,0,0,1
2023,2023131280015,3,1,0,0,0,0,0,0,0,0,0,1
2023,2023010483370,3,1,0,0,0,0,0,0,0,0,0,1
2023,2023010453961,2,1,0,0,0,0,0,0,0,0,0,0
2023,2023471280290,3,1,0,0,0,0,0,0,0,0,0,1
2023,2023461375592,2,1,0,0,0,0,0,0,0,0,0,1
2023,2023361357808,3,1,0,0,0,0,0,0,0,0,0,0
2023,2023451267111,3,1,0,0,0,0,0,0,0,1,1,1
2023,2023631377850,3,1,0,0,0,0,0,0,0,0,0,0
2023,2023421300855,3,1,0,0,0,0,0,0,0,0,0,1
2023,2023052302329,2,1,0,0,1,1,1,1,1,1,1,1
2023,2023201285241,3,1,0,0,0,0,0,0,0,0,0,1
2023,2023010477549,3,1,0,0,0,0,0,0,0,0,0,1
2023,2023010424913,3,1,0,0,0,0,0,0,0,0,0,0
2023,2023331306908,3,1,0,0,0,0,0,0,0,0,0,1
2023,2023161271121,3,1,0,0,0,0,0,0,0,1,1,1
2023,2023201345111,3,1,0,0,0,0,0,0,0,0,0,1
2023,2023311308962,2,1,0,0,0,0,0,0,0,0,0,1
2023,2023451316175,3,1,0,0,0,0,0,0,0,0,0,1
2023,2023451337679,3,1,0,0,0,0,0,0,0,0,0,1
2023,2023170M11633,3,1,0,0,0,0,0,0,0,0,0,1
2023,2023430303933,2,1,0,0,0,0,0,0,0,0,0,1
2023,2023201299457,3,1,0,0,0,0,0,0,0,0,0,1
2023,2023010437546,3,1,0,0,0,0,0,1,1,0,0,1
2023,2023991324152,3,1,0,0,0,0,0,0,1,0,0,1
2023,20231700H1732,3,1,0,0,0,0,0,0,0,0,0,0
2023,2023161330840,3,1,0,0,0,0,0,0,0,0,0,0
2023,2023010434675,3,1,0,0,0,0,0,0,0,0,0,0
2023,2023451338457,3,1,0,0,0,0,0,0,0,0,0,0
2023,2023401270249,3,1,0,0,0,0,0,0,0,0,0,1
2023,2023201377489,3,1,0,0,0,0,0,0,0,0,0,1
2023,2023332300509,3,1,0,0,0,0,0,0,1,0,0,1
2023,2023440003859,3,1,0,0,0,0,0,0,0,0,0,0
2023,2023010457714,3,1,0,0,0,0,0,0,0,1,1,1
2023,2023010485635,3,1,0,0,0,0,0,0,0,0,0,1
2023,2023010443208,3,1,0,0,0,0,0,0,0,0,0,1
2023,2023041313107,3,1,0,0,0,0,0,0,0,0,0,1
2023,2023320414454,3,1,0,0,0,0,0,0,0,0,0,1
2023,2023122300930,3,1,0,0,0,0,0,0,0,0,0,1
2023,2023061333454,2,1,0,0,0,0,0,0,0,0,0,0
2023,2023201305639,2,1,0,0,0,0,0,0,0,0,0,0
2023,2023010439817,2,1,0,0,0,0,0,0,0,0,0,0
2023,2023371348869,3,1,0,0,0,0,0,0,0,0,0,1
2023,2023371389348,3,1,0,0,0,0,0,0,0,0,0,1
2023,2023161365253,3,1,0,0,0,0,0,0,0,0,0,1
2023,2023552300828,3,1,0,0,0,0,0,0,0,0,0,1
2023,2023010472076,3,1,0,0,0,0,0,0,0,0,0,1
2023,2023440413447,3,1,0,0,0,0,0,0,0,0,0,1
2023,2023991332456,3,1,0,0,0,0,0,0,0,0,0,1
2023,2023991308992,3,1,0,0,0,0,0,0,0,0,0,1
2023,2023010467729,3,1,0,0,0,0,0,0,0,0,0,1
2023,2023070673205,3,1,0,0,0,0,0,0,0,0,0,0
2023,2023430454244,3,1,0,0,0,0,0,0,0,0,0,0
2023,2023131310209,3,1,0,0,0,0,0,0,0,0,0,0
2023,2023221289592,3,1,0,0,0,0,0,0,0,0,0,1
2023,2023010461766,3,1,0,0,0,0,0,0,0,0,0,1
2023,2023010472863,3,1,0,0,0,0,0,0,0,0,0,0
2023,2023010460110,3,1,0,0,0,0,0,0,0,0,0,1
2023,2023351340709,3,1,0,0,0,0,0,0,0,0,0,0
2023,2023461371517,2,1,0,0,0,0,0,0,0,0,0,0
2023,2023401359724,3,1,0,0,0,0,0,0,0,0,0,0
2023,2023131323431,3,1,0,0,0,0,0,0,0,0,0,0
2023,2023010464137,3,1,0,0,0,0,0,0,0,0,0,0
2023,2023010439855,2,1,0,0,0,0,0,0,0,0,0,0
2023,2023041267613,3,1,0,0,0,0,0,0,0,1,1,1
2023,2023302301052,2,1,0,0,0,0,0,0,0,0,0,0
2023,2023430149010,3,1,0,0,0,0,0,0,0,0,0,1
2023,2023101296425,3,1,0,0,0,0,0,0,0,1,1,1
2023,2023991324117,3,1,0,0,0,0,0,0,0,0,0,0
2023,2023430561863,2,1,1,1,1,1,1,1,1,1,1,1
2023,2023340NN1152,3,1,0,0,0,0,0,0,0,0,0,1
2023,2023131295574,3,1,0,0,0,0,0,0,0,0,0,0
2023,2023010462146,3,1,0,0,0,0,0,0,0,0,0,0
2023,2023231268192,3,1,0,0,0,0,0,0,0,0,0,1
2023,2023070506878,3,1,0,0,0,0,0,0,0,0,0,0
2023,2023501375766,3,1,0,0,0,0,0,0,0,0,0,0
2023,2023010481738,2,1,0,0,0,0,0,0,1,0,0,1
2023,2023320524082,2,1,0,0,0,0,0,1,1,0,0,1
2023,2023131298095,3,1,0,0,0,0,0,0,0,0,0,1
2023,2023010450149,3,1,0,0,0,0,0,0,0,0,0,1
2023,2023211346486,3,1,0,0,0,0,0,0,0,0,0,1
2023,2023161319724,3,1,0,0,0,0,0,0,0,0,0,1
2023,2023010478606,2,1,0,0,0,0,0,0,0,0,0,1
2023,2023010429016,3,1,0,0,0,0,0,0,0,0,0,1
2023,2023302300728,3,1,0,0,0,0,0,0,0,0,0,1
2023,2023041293713,3,1,0,0,0,0,0,0,0,0,0,1
2023,2023461368764,3,1,0,0,0,0,0,0,0,0,0,1
2023,2023451326148,3,1,0,0,0,0,0,0,0,0,0,1
2023,2023520301584,3,1,0,0,0,0,0,0,0,0,0,1
2023,2023131377827,2,1,0,0,0,0,0,0,0,0,0,1
2023,2023010436990,3,1,0,0,0,0,0,0,0,0,0,0
2023,2023501283656,3,1,0,0,0,0,0,0,0,0,0,0
2023,2023010457952,3,1,0,0,0,0,0,0,0,0,0,0
2023,2023010462566,3,1,0,0,0,0,0,0,0,0,0,1
2023,2023461374429,3,1,0,0,0,0,0,1,1,0,0,1
2023,2023041380123,3,1,0,0,0,0,0,0,0,0,1,0
2023,2023211261926,3,1,0,0,0,0,1,0,1,0,0,1
2023,2023211305360,3,1,0,0,0,0,0,0,0,0,0,0
2023,2023451306926,3,1,0,0,0,0,0,0,0,0,0,0
2023,2023221274187,3,1,0,0,0,0,0,0,0,0,0,1
2023,2023552301273,3,1,0,0,0,0,0,0,0,0,0,1
2023,2023010484286,3,1,0,0,0,0,0,0,0,0,0,1
2023,2023070088879,1,1,0,0,0,0,0,0,0,0,0,1
2023,2023430297784,3,1,0,1,1,1,1,1,1,1,1,1
2023,2023340WN0142,3,1,0,0,0,0,0,0,0,1,1,1
2023,2023010424603,3,1,0,0,0,0,0,0,0,0,0,0
2023,2023411344651,3,1,0,0,0,0,0,0,0,0,0,0
2023,2023991261726,2,1,0,0,0,0,0,0,0,0,0,0
2023,2023161291370,3,1,0,0,0,0,0,0,0,0,0,0
2023,2023302301823,3,1,0,0,0,0,0,0,0,0,0,0
2023,2023421284767,3,1,0,0,0,0,0,0,0,0,0,1
2023,2023111281154,2,1,0,0,0,0,0,0,0,0,0,1
2023,2023052302740,3,1,0,0,0,0,0,0,0,0,0,0
2023,2023010433417,2,1,0,0,0,0,0,0,0,0,0,0
2023,2023010436762,3,1,0,0,0,0,0,0,0,0,0,1
2023,2023451366679,3,1,1,1,1,1,1,1,1,1,1,1
2023,2023332301250,2,1,0,0,0,0,0,0,0,0,0,0
2023,2023010431775,3,1,0,0,0,0,0,0,0,0,0,0
2023,2023010485852,3,1,0,0,0,0,0,0,0,0,0,1
2023,2023010430218,3,1,0,0,0,0,0,0,0,0,0,0
2023,2023010436166,3,1,0,0,0,0,0,0,0,0,0,0
2023,2023071055812,2,1,0,0,0,0,0,0,0,0,0,1
2023,2023522300157,3,1,0,0,0,0,0,0,0,0,0,0
2023,2023101350451,3,1,0,0,0,0,0,0,1,0,0,1
2023,2023010455736,3,1,0,0,0,0,0,0,0,0,0,0
2023,2023010429947,3,1,0,0,0,0,0,0,0,0,0,0
2023,2023010447303,3,1,0,0,0,0,0,0,0,0,0,1
2023,2023991347579,3,1,0,0,0,0,0,0,0,0,0,0
2023,2023552300528,3,1,0,0,0,0,0,0,0,0,0,1
2023,2023141314380,3,1,0,0,0,0,0,0,0,0,0,1
2023,2023061300933,3,1,0,0,0,0,0,1,1,0,0,1
2023,2023010485016,2,1,0,0,0,0,0,0,0,0,0,0
2023,2023302300935,3,1,0,0,0,0,0,0,0,0,0,1
2023,2023320044145,3,1,0,0,0,0,0,0,0,0,0,1
2023,2023141357952,3,1,0,0,0,0,0,0,0,1,1,1
2023,2023201339727,3,1,0,0,0,0,0,0,0,0,0,1
2023,2023471352540,3,1,0,0,0,0,0,0,0,0,0,0
2023,2023061351156,3,1,0,0,0,0,0,0,0,1,1,1
2023,2023131356225,3,1,0,0,0,0,0,0,0,0,0,0
2023,2023451328416,3,1,0,0,0,0,0,0,0,0,0,1
2023,2023991258985,2,1,0,0,0,0,0,0,0,0,0,0
2023,2023052301449,2,1,0,0,0,0,0,0,0,0,0,1
2023,2023131279492,3,1,0,0,0,0,0,0,0,0,0,0
2023,2023010449538,3,1,0,0,0,0,0,0,0,0,0,1
2023,2023991311572,2,1,0,0,0,0,0,0,0,0,0,1
2023,2023552300812,2,1,0,0,0,0,0,0,0,0,0,0
2023,2023131364270,3,1,0,0,0,0,0,0,0,0,0,0
2023,2023211298545,3,1,0,0,0,0,0,0,0,0,0,0
2023,2023501304445,3,1,0,0,0,0,0,0,0,0,0,0
2023,2023991329738,3,1,0,0,0,0,0,0,0,0,0,0
2023,2023141352058,3,1,0,0,0,0,0,0,0,0,0,0
2023,2023131312206,2,1,0,0,0,0,0,0,0,0,0,1
2023,2023010470362,2,1,0,0,0,0,0,1,1,0,0,1
2023,2023010485539,3,1,0,0,0,0,0,0,0,0,0,1
2023,2023440192336,1,1,0,0,0,0,0,0,0,0,0,1
2023,2023041282037,3,1,0,0,0,0,0,0,0,0,0,1
2023,2023991282969,3,1,0,0,0,0,0,0,0,1,1,1
2023,2023991322543,3,1,0,0,0,0,0,0,0,0,0,0
2023,2023131294410,3,1,0,0,0,0,0,0,0,0,0,1
2023,2023010437835,3,1,0,0,0,0,0,0,0,0,0,1
2023,2023501329174,2,1,0,0,0,0,1,1,1,0,0,1
2023,2023111312948,3,1,0,0,0,0,0,0,0,0,0,1
2023,2023071166502,2,1,0,0,0,0,0,0,0,0,0,0
2023,2023061346481,3,1,0,0,0,0,0,0,0,0,0,1
2023,2023141367832,2,1,0,0,0,0,0,0,0,1,1,1
2023,2023010472670,2,1,0,0,1,1,1,1,1,1,1,1
2023,2023451293775,3,1,0,0,0,0,0,0,0,0,0,0
2023,2023052302634,2,1,0,0,0,0,0,0,1,0,0,1
2023,2023010455651,3,1,0,0,0,0,0,0,0,0,0,0
2023,2023031309680,3,1,0,0,0,0,0,0,0,0,0,0
2023,2023361334088,3,1,0,0,0,0,0,0,0,0,0,0
2023,2023451393429,3,1,0,0,0,0,0,0,0,0,0,1
2023,2023101264671,3,1,0,0,0,0,0,0,0,0,0,0
2023,2023010449269,3,1,0,0,0,0,0,0,0,0,0,1
2023,2023546604823,3,1,0,0,0,0,0,0,0,0,0,1
2023,2023010446079,3,1,0,0,0,0,0,0,0,0,0,1
2023,2023010449233,3,1,0,0,0,0,0,0,0,0,0,0
2023,2023010441688,3,1,0,0,0,0,0,0,0,0,0,0
2023,2023010477263,2,1,0,0,0,0,0,0,1,0,0,1
2023,2023041301795,3,1,0,0,0,0,0,0,0,0,0,1
2023,2023320570331,3,1,0,0,0,0,0,0,0,0,0,1
2023,2023361322179,3,1,0,0,0,0,0,0,0,0,0,0
2023,2023451339934,3,1,0,0,0,0,0,0,0,0,0,1
2023,2023991316067,3,1,0,0,0,0,0,0,0,0,0,0
2023,2023351294000,2,1,0,0,0,0,0,0,0,0,0,1
2023,2023010458083,3,1,0,0,0,0,0,0,0,0,0,1
2023,2023010478414,3,1,0,0,0,0,0,0,0,0,0,0
2023,2023010432244,3,1,0,0,0,0,0,0,0,0,0,0
2023,2023010464770,3,1,0,0,0,0,0,0,0,0,0,1
2023,2023010443618,3,1,0,0,0,0,0,0,0,0,0,0
2023,2023522301822,3,1,0,0,0,0,0,0,0,0,0,1
2023,202354C927923,3,1,0,1,1,1,1,1,1,1,1,1
2023,2023141325477,3,1,0,0,0,0,0,0,0,0,0,1
2023,2023471312076,3,1,0,0,0,0,0,0,0,0,0,1
2023,2023991322707,2,1,0,0,0,0,0,0,0,0,0,0
2023,2023041323934,3,1,0,0,0,0,0,0,0,0,0,1
2023,2023221311353,2,1,0,0,0,0,0,0,0,0,0,0
2023,2023991325521,3,1,0,0,0,0,0,0,0,0,0,1
2023,2023052301684,3,1,0,1,1,1,1,1,1,1,1,1
2023,2023421356210,2,1,0,0,0,0,0,0,0,0,0,1
2023,2023461268114,3,1,0,0,0,0,0,0,0,0,0,1
2023,2023041381912,3,1,0,0,0,0,0,0,0,0,0,1
2023,2023371325372,3,1,0,0,0,0,0,0,0,0,0,0
2023,2023622300298,3,1,0,1,1,1,1,1,1,1,1,1
2023,2023010435024,3,1,0,0,0,0,0,0,0,0,0,0
2023,2023010465414,3,1,0,0,0,0,0,0,0,0,0,1
2023,2023201412169,3,1,0,0,0,0,0,1,1,0,0,1
2023,2023010459045,2,1,0,0,0,0,0,0,0,0,0,0
2023,2023501364864,3,1,0,0,0,0,0,0,0,0,0,0
2023,2023211361876,3,1,0,0,0,0,0,0,0,0,0,1
2023,2023501354203,2,1,0,0,0,0,0,0,0,0,0,1
2023,2023010457171,3,1,0,0,0,0,0,0,0,0,0,1
2023,2023010448168,3,1,0,0,0,0,0,0,0,0,0,0
2023,2023302300099,3,1,0,0,0,0,0,0,0,0,0,1
2023,2023041288337,3,1,0,0,0,0,0,0,0,0,0,1
2023,2023070595621,3,1,0,0,1,1,1,1,1,1,1,1
2023,2023101302583,3,1,0,0,0,0,0,0,0,0,0,0
2023,2023010480301,3,1,0,0,0,0,0,0,0,1,1,1
2023,2023501369317,3,1,0,0,0,0,0,0,0,0,0,0
2023,2023531368948,3,1,0,0,0,0,0,0,0,0,0,0
2023,2023320172446,3,1,0,0,0,0,0,0,0,0,0,1
2023,2023430442795,2,1,0,0,0,0,0,1,1,0,0,1
2023,2023552300836,3,1,0,0,0,0,0,1,1,0,0,1
2023,2023201274750,2,1,0,0,0,0,0,0,0,0,0,0
2023,2023010461876,3,1,0,0,0,0,0,0,0,0,0,1
2023,2023131307616,2,1,0,0,0,0,0,0,0,0,0,0
2023,2023010453358,3,1,0,0,0,0,0,0,0,0,0,1
2023,2023161284207,3,1,0,0,0,0,0,0,0,0,0,0
2023,2023052302794,3,1,0,0,0,0,0,0,0,0,0,0
2023,2023201408319,3,1,0,0,0,0,0,0,0,0,0,0
2023,2023010472798,3,1,0,0,0,0,0,0,0,0,0,0
2023,2023421308626,3,1,0,0,0,0,0,0,0,0,0,1
2023,2023161294147,3,1,0,0,0,0,0,0,0,0,0,1
2023,2023141266744,3,1,0,0,0,0,0,0,0,0,0,0
2023,2023361311167,3,1,0,0,0,0,0,0,0,0,0,1
2023,2023451303629,2,1,0,0,0,0,0,0,1,0,0,1
2023,2023131295670,3,1,0,0,0,0,0,0,0,0,0,1
2023,2023041347646,3,1,0,0,0,0,0,0,0,0,0,1
2023,2023361330499,3,1,0,0,0,0,0,0,0,0,0,1
2023,2023622300654,3,1,0,0,0,0,0,0,0,0,0,0
2023,2023141330577,3,1,0,0,0,0,0,0,0,0,0,1
2023,2023101319108,3,1,0,0,0,0,0,0,0,0,0,0
2023,2023010474385,2,1,0,0,0,0,0,0,0,0,0,0
2023,2023320420134,3,1,0,0,0,0,0,0,0,0,0,1
2023,2023311270984,2,1,0,0,0,0,0,1,1,0,0,1
2023,2023991293778,2,1,0,0,0,0,0,0,0,0,0,1
2023,2023010420458,3,1,0,0,0,0,0,0,0,0,0,1
2023,2023010461496,3,1,0,0,0,0,0,0,0,0,0,0
2023,2023010465613,2,1,0,0,0,0,0,0,0,0,0,0
2023,2023010451014,3,1,0,0,0,0,0,0,0,0,0,1
2023,2023430015557,3,1,0,0,0,0,0,0,0,0,0,1
2023,2023631374112,2,1,0,0,0,0,0,0,0,0,0,1
2023,2023170M11813,2,1,0,0,0,0,0,0,0,0,0,0
2023,2023161291306,3,1,0,0,0,0,0,0,0,0,0,1
2023,2023522400343,3,1,0,0,0,0,0,0,0,0,0,1
2023,2023141265134,3,1,0,0,0,0,0,1,1,0,0,1
2023,2023131362090,3,1,0,0,0,0,0,1,1,0,0,1
2023,2023010422314,3,1,0,0,0,0,0,0,0,0,0,0
2023,2023010470434,2,1,0,0,0,0,0,0,0,0,0,1
2023,2023041355022,3,1,0,0,0,0,0,0,0,0,0,0
2023,2023161301025,3,1,0,0,0,0,0,0,0,0,0,1
2023,2023201317475,3,1,0,0,1,1,1,1,1,1,1,1
2023,2023010454287,3,1,0,0,0,0,0,0,0,0,0,0
2023,2023440207654,3,1,0,0,0,0,0,0,0,1,1,1
2023,2023041375750,3,1,0,0,0,0,0,0,0,0,0,1
2023,2023332300150,3,1,0,0,0,1,1,0,1,1,1,1
2023,2023471267902,3,1,0,0,0,0,0,0,0,0,0,1
2023,2023622300111,3,1,0,0,0,0,0,0,0,0,1,0
2023,2023052302984,3,1,0,0,0,0,0,0,0,0,0,0
2023,2023101288145,3,1,0,0,0,0,0,0,0,0,0,1
2023,2023201413941,3,1,0,0,0,0,0,0,0,0,0,1
2023,2023201375350,3,1,0,0,0,0,0,0,0,0,0,0
2023,2023201276034,3,1,0,0,0,0,0,0,0,0,0,0
2023,2023010479714,3,1,0,0,0,0,0,0,0,0,0,0
2023,2023211346059,3,1,0,0,0,0,0,0,1,0,0,1
2023,2023451359964,2,1,0,0,0,0,0,0,0,0,0,1
2023,2023451371265,3,1,0,0,0,0,0,0,0,0,1,0
2023,2023141311234,3,1,0,0,0,0,0,0,1,0,0,1
2023,2023010450055,3,1,0,0,0,0,0,0,0,0,0,0
2023,2023440423449,3,1,0,0,0,0,0,0,0,0,0,1
2023,2023111263403,3,1,0,0,0,0,0,0,0,0,0,0
2023,2023111308922,2,1,0,0,0,0,0,0,0,0,0,0
2023,2023401366451,3,1,0,0,0,0,0,1,1,0,0,1
2023,2023101323882,2,1,0,0,0,0,0,0,0,0,0,0
2023,2023201371879,3,1,0,0,0,0,0,0,0,0,0,1
2023,2023101263832,3,1,0,0,0,0,0,0,0,0,0,0
2023,2023010461450,3,1,0,0,0,0,0,0,0,0,0,1
2023,2023461369880,2,1,0,0,0,0,0,0,0,0,0,1
2023,2023991321265,2,1,0,0,0,0,0,0,0,0,0,0
2023,2023201412174,3,1,0,0,0,0,0,0,0,0,0,0
2023,2023010432812,3,1,0,0,0,0,0,0,0,0,0,0
2023,2023010428458,3,1,0,0,0,0,0,0,0,0,0,0
2023,2023041281039,2,1,0,0,0,0,0,0,0,0,0,0
2023,2023311261690,2,1,0,0,0,0,0,0,0,0,0,1
2023,2023522400766,3,1,0,0,0,0,0,0,0,0,0,1
2023,2023010450640,3,1,0,0,0,0,0,0,0,0,0,0
2023,2023010472761,3,1,0,0,0,0,0,0,0,0,0,1
2023,2023010428004,3,1,0,0,0,0,0,0,0,0,0,0
2023,2023010475192,3,1,0,0,0,0,0,0,0,0,0,1
2023,2023231298198,3,1,0,0,0,0,0,1,1,0,0,1
2023,2023991262187,2,1,0,0,0,0,0,0,0,0,0,0
2023,2023311371588,3,1,0,0,0,0,0,0,0,0,0,1
2023,2023320693352,3,1,0,0,0,0,0,0,0,0,0,1
2023,2023471309481,3,1,0,0,0,0,0,0,0,0,0,1
2023,2023010454828,3,1,0,0,0,0,0,0,0,0,0,1
2023,2023010444691,3,1,0,0,0,0,0,0,0,0,0,1
2023,2023010478661,3,1,0,0,0,0,0,0,0,0,0,1
2023,2023070586578,3,1,0,0,0,0,0,1,1,0,0,1
2023,2023010437258,3,1,0,0,0,0,0,0,0,0,0,0
2023,2023531327946,2,1,0,0,0,0,0,0,0,0,0,0
2023,2023440045476,3,1,0,0,0,0,0,0,0,0,0,1
2023,2023401386369,3,1,0,0,0,0,0,0,0,0,0,1
2023,2023141322569,3,1,1,1,1,1,1,1,1,1,1,1
2023,2023101265161,3,1,0,0,0,0,0,0,0,0,0,1
2023,2023101362977,3,1,0,0,0,0,0,0,0,0,0,1
2023,2023440128843,3,1,0,0,0,0,0,0,0,0,0,1
2023,2023411383957,3,1,0,0,0,0,1,1,1,0,0,1
2023,2023471364830,3,1,0,0,0,0,0,0,0,0,0,1
2023,2023991365263,3,1,0,0,0,0,0,0,0,0,0,1
2023,2023501310142,3,1,0,0,0,1,1,0,1,1,1,1
2023,2023552400024,3,1,0,0,0,0,0,0,0,1,1,1
2023,2023201284417,3,1,0,0,0,0,0,0,0,0,0,0
2023,2023131380114,3,1,0,0,0,0,0,0,0,0,0,1
2023,2023010484334,3,1,0,0,0,0,0,0,0,0,0,1
2023,2023010437019,3,1,0,0,0,0,0,0,0,0,0,1
2023,2023010453991,2,1,0,0,0,0,0,0,0,0,0,0
2023,2023471294862,3,1,0,0,0,0,0,0,0,0,0,1
2023,2023010427918,2,1,0,0,0,0,0,0,0,0,0,0
2023,2023451322337,2,1,0,0,0,0,0,0,0,0,0,0
2023,2023070230100,3,1,0,0,0,0,0,0,0,0,0,1
2023,2023052300353,3,1,0,0,0,0,0,0,0,0,0,0
2023,2023010484025,3,1,0,0,0,0,0,0,0,0,0,0
2023,2023371391255,3,1,0,0,0,0,0,0,0,0,0,1
2023,2023451286954,3,1,0,0,0,0,0,0,0,0,0,1
2023,2023311294003,3,1,0,0,0,0,0,0,0,0,0,1
2023,2023522400383,3,1,0,0,0,0,0,0,0,0,0,1
2023,2023430405791,2,1,0,0,0,0,0,0,0,0,0,0
2023,2023010459414,3,1,0,0,0,0,0,0,0,0,0,1
2023,2023440294581,3,1,0,0,0,0,0,0,0,0,0,1
2023,2023461318166,3,1,1,1,1,1,1,1,1,1,1,1
2023,2023461341298,2,1,0,0,0,0,0,0,0,0,0,0
2023,2023041380148,3,1,0,0,0,0,0,0,0,0,0,1
2023,2023231369282,3,1,0,0,0,0,0,0,0,0,0,0
2023,2023631307892,3,1,0,0,0,0,0,0,0,0,0,1
2023,2023430311036,3,1,0,0,0,0,0,0,0,0,0,0
2023,2023991262197,3,1,0,0,0,0,0,0,0,0,0,0
2023,2023430044844,3,1,0,0,0,0,0,0,0,0,0,1
2023,2023122400086,3,1,0,0,0,0,0,0,0,0,0,1
2023,2023101371710,3,1,0,0,0,0,0,0,0,0,0,0
2023,2023131379414,3,1,0,0,0,0,0,1,1,0,0,1
2023,202360A177238,3,1,0,0,0,0,0,0,0,0,0,1
2023,2023170L50753,3,1,0,0,0,0,0,0,0,0,0,1
2023,2023201321936,2,1,0,0,0,0,0,0,0,0,0,0
2023,2023440431792,3,1,0,0,0,0,0,0,0,0,0,1
2023,2023371299059,2,1,0,0,0,0,0,0,0,0,0,0
2023,2023231286917,3,1,0,0,0,0,0,0,0,0,0,0
2023,2023471304902,3,1,0,0,0,0,0,0,0,0,0,0
2023,2023991339918,3,1,0,0,0,0,0,0,0,0,1,0
2023,2023440407164,3,1,0,0,0,0,0,0,0,0,0,0
2023,2023010453415,3,1,0,0,0,0,0,0,0,0,0,0
2023,2023041373116,2,1,0,0,0,1,1,0,1,1,1,1
2023,2023451355687,2,1,0,0,0,0,0,0,0,0,0,0
2023,2023141328576,3,1,0,0,0,0,0,0,0,0,0,0
2023,2023010461798,3,1,0,0,0,0,0,0,0,0,0,0
2023,2023010435439,3,1,0,0,0,0,0,0,0,0,0,1
2023,2023201278604,3,1,0,0,0,0,0,0,0,0,0,1
2023,2023201383357,3,1,0,0,0,0,0,0,0,0,0,0
2023,2023131277884,3,1,0,0,0,0,0,0,0,0,0,0
2023,2023010449574,3,1,0,0,0,0,0,0,0,0,0,0
2023,2023010422819,2,1,0,0,0,0,0,0,0,0,0,0
2023,2023010439525,3,1,0,0,0,0,0,0,0,0,0,1
2023,2023461266414,3,1,0,0,0,0,0,0,0,0,0,0
2023,2023471347557,3,1,0,0,0,0,0,0,0,0,0,1
2023,2023340NN3312,3,1,0,0,0,0,0,0,0,0,0,1
2023,2023010463896,3,1,0,0,0,0,0,0,0,0,0,1
2023,2023010463068,3,1,0,0,0,0,0,0,0,0,0,0
2023,2023351379816,3,1,0,0,0,0,0,0,0,0,0,1
2023,2023471297302,3,1,0,0,0,0,0,0,0,0,0,0
2023,2023451320443,3,1,0,0,0,0,0,0,0,0,0,0
2023,2023221277443,3,1,0,0,0,0,0,0,0,0,0,0
2023,2023991329875,3,1,0,0,0,0,0,0,0,0,0,1
2023,2023221356067,3,1,0,0,0,0,0,0,0,0,0,0
2023,2023201284301,3,1,0,0,0,0,0,0,0,0,0,0
2023,2023010420140,2,1,0,0,0,0,0,0,0,0,0,0
2023,2023421294353,3,1,0,0,0,0,0,0,0,0,0,1
2023,2023041325973,3,1,0,0,0,0,0,0,0,0,0,1
2023,2023471323436,3,1,0,0,0,0,0,0,0,1,1,1
2023,2023471374946,2,1,0,0,0,0,0,0,0,0,0,0
2023,2023991345106,2,1,0,0,0,0,0,0,0,1,1,1
2023,2023010475328,2,1,0,0,0,0,0,0,0,0,0,0
2023,2023361268656,3,1,0,0,0,0,0,0,0,1,1,1
2023,2023991346554,3,1,0,0,0,0,0,1,1,0,0,1
2023,2023332301108,2,1,0,0,0,0,0,0,0,0,0,1
2023,2023201340466,3,1,0,0,0,0,0,0,0,0,0,1
2023,2023010449178,3,1,0,0,0,0,0,0,0,0,0,0
2023,2023361367797,3,1,1,1,1,1,1,1,1,1,1,1
2023,2023451306391,3,1,0,0,0,0,0,0,0,0,0,1
2023,2023471302833,2,1,0,0,0,0,0,0,0,0,0,1
2023,2023430020557,2,1,0,0,0,0,0,0,0,0,0,0
2023,2023411388556,3,1,0,0,0,0,0,0,0,0,0,0
2023,2023320474984,3,1,0,0,0,0,0,0,0,0,0,0
2023,2023131309380,3,1,0,0,0,0,0,0,0,0,0,0
2023,2023010419412,3,1,0,0,0,0,0,0,0,0,0,0
2023,2023010447188,3,1,0,0,0,0,0,0,0,0,0,1
2023,2023361334648,3,1,0,0,0,0,0,1,1,0,0,1
2023,2023010434729,3,1,1,1,1,1,1,1,1,1,1,1
2023,2023371310516,3,1,0,0,0,0,0,0,0,0,0,0
2023,2023610028723,3,1,0,0,0,0,0,0,0,1,1,1
2023,2023131359928,3,1,0,0,0,0,0,0,0,0,0,1
2023,2023501282394,2,1,0,0,0,0,0,0,0,0,0,1
2023,2023141350522,3,1,0,0,0,0,0,0,1,0,0,1
2023,2023201290849,3,1,0,0,0,0,0,0,0,0,0,0
2023,2023201297451,3,1,0,0,0,0,0,0,0,0,0,1
2023,2023221321641,2,1,0,0,0,0,0,0,0,0,0,1
2023,2023332300051,3,1,0,0,0,0,0,1,1,0,0,1
2023,2023131359082,2,1,0,0,0,0,0,0,0,0,0,1
2023,2023010452786,3,1,0,0,0,0,0,0,0,0,0,0
2023,2023531288324,3,1,0,0,0,0,0,0,0,1,1,1
2023,2023421320695,3,1,0,0,0,0,0,0,0,0,0,1
2023,2023461373812,3,1,0,0,0,0,0,0,0,0,0,1
2023,2023161350746,3,1,0,0,0,0,0,0,0,1,1,1
2023,2023061268555,3,1,0,0,0,0,0,0,0,0,0,1
2023,2023201370082,3,1,0,0,0,0,1,1,1,0,0,1
2023,2023010452532,3,1,0,0,0,0,0,0,0,0,0,1
2023,2023451342904,3,1,0,0,0,0,0,0,0,0,0,1
2023,2023440438239,3,1,0,0,0,0,0,0,0,0,0,1
2023,2023201377317,3,1,0,0,0,0,0,1,1,0,0,1
2023,2023122300825,3,1,0,0,0,0,0,0,0,0,0,1
2023,2023201343467,3,1,0,0,0,0,0,1,1,0,0,1
2023,2023421285734,3,1,0,0,0,0,0,0,0,0,0,1
2023,2023531342136,3,1,0,0,0,0,0,0,0,0,0,1
2023,2023461270689,2,1,0,0,0,0,0,0,0,0,0,1
2023,2023471265996,3,1,0,0,0,0,0,0,0,0,0,0
2023,2023161391857,3,1,0,0,0,0,0,0,0,0,0,1
2023,2023031363548,2,1,0,0,0,0,0,0,0,0,0,0
2023,2023131274884,2,1,0,0,0,0,0,0,0,0,0,0
2023,2023320720377,3,1,0,0,0,0,0,0,0,1,1,1
2023,2023401279739,3,1,0,0,0,0,0,0,0,0,0,1
2023,2023010424696,3,1,0,0,0,0,0,0,0,0,0,1
2023,2023010456200,3,1,0,0,0,0,0,0,0,0,0,0
2023,2023010466411,3,1,0,0,0,0,0,0,0,0,0,0
2023,2023461317934,1,1,0,0,0,0,0,0,0,0,0,0
2023,2023320372400,3,1,0,0,0,0,0,1,1,0,0,1
2023,2023131381917,3,1,0,0,0,0,0,0,0,0,0,0
2023,2023010425130,3,1,0,0,0,0,0,0,0,0,0,1
2023,2023440450872,3,1,0,0,0,0,0,0,0,0,0,0
2023,2023631387471,3,1,0,0,0,0,0,0,0,0,0,1
2023,2023340WN4962,3,1,0,0,0,0,0,0,0,1,1,1
2023,2023061268470,3,1,0,0,0,0,0,0,0,1,1,1
2023,2023052300842,1,1,0,0,0,0,0,0,0,0,0,0
2023,2023201297372,3,1,0,0,0,0,0,0,0,0,0,1
2023,2023131290539,2,1,0,0,0,0,0,0,0,0,0,1
2023,2023101325046,3,1,0,0,0,0,0,0,0,0,0,1
2023,2023010433275,3,1,0,0,0,0,0,0,0,0,0,0
2023,2023622300318,3,1,0,0,0,0,0,0,0,0,0,0
2023,2023430343808,3,1,0,0,0,0,0,0,0,0,0,0
2023,2023010460924,3,1,0,0,0,0,0,0,0,0,0,0
2023,2023041363067,2,1,0,0,0,0,0,0,0,0,0,0
2023,2023371360542,3,1,0,0,0,1,1,0,1,1,1,1
2023,2023991315951,3,1,0,0,0,0,0,0,0,0,0,0
2023,2023141319548,3,1,0,0,0,0,0,0,0,0,0,0
2023,2023481387644,2,1,0,0,0,0,0,0,0,0,0,0
2023,2023440417222,3,1,0,1,1,1,1,1,1,1,1,1
2023,2023041311637,2,1,0,0,0,0,0,0,0,1,1,1
2023,2023320088393,3,1,0,0,0,0,0,0,0,1,1,1
2023,2023010434387,3,1,0,0,0,0,0,0,1,0,0,1
2023,2023041361730,2,1,0,0,0,0,0,0,0,0,0,0
2023,2023991340292,1,1,0,0,0,0,0,0,0,0,0,0
2023,2023430334851,3,1,0,0,0,0,0,0,0,0,0,0
2023,2023501350570,3,1,0,0,0,0,0,0,0,0,0,1
2023,2023201400129,2,1,0,0,0,0,0,0,0,0,0,0
2023,2023201363299,3,1,0,0,0,0,0,0,0,0,0,0
2023,2023010429096,3,1,0,0,0,0,0,0,0,0,0,1
2023,2023010479751,3,1,0,0,0,0,0,0,0,0,0,0
2023,2023041319159,3,1,0,0,0,0,0,0,0,0,0,0
2023,2023471375480,3,1,0,0,0,0,0,0,0,0,0,1
2023,2023131329183,3,1,0,0,0,0,0,0,1,0,0,1
2023,2023010462233,2,1,0,0,0,0,0,0,0,0,0,1
2023,2023010463394,3,1,0,0,0,0,0,0,0,0,0,1
2023,2023010474619,3,1,0,0,0,0,0,1,1,0,0,1
2023,2023010463682,3,1,0,0,0,0,0,0,0,0,0,0
2023,2023421303067,3,1,0,0,0,0,0,0,0,0,0,0
2023,2023451298029,3,1,0,0,0,0,0,0,0,0,0,1
2023,2023231268721,3,1,0,0,0,0,0,0,0,0,0,1
2023,2023231327024,3,1,0,0,0,0,0,0,0,0,0,1
2023,2023522401263,2,1,0,0,0,0,0,0,0,0,0,1
2023,2023101289964,2,1,0,0,0,0,0,0,0,0,0,0
2023,2023010473982,3,1,0,0,0,0,0,0,0,0,0,1
2023,2023010444124,3,1,0,0,0,0,0,0,0,0,0,0
2023,2023170H10623,3,1,0,0,0,0,0,0,0,1,1,1
2023,2023522400679,3,1,0,0,0,0,0,0,0,0,0,1
2023,2023371305694,2,1,0,0,0,0,0,0,0,0,0,1
2023,2023451269001,3,1,0,0,0,0,0,0,0,0,0,1
2023,2023451324606,3,1,0,0,0,0,0,0,0,0,0,1
2023,2023471384476,3,1,0,0,0,0,0,0,0,0,0,1
2023,2023061338736,3,1,0,0,0,0,0,0,0,0,0,1
2023,2023010476613,3,1,0,0,0,0,0,1,1,0,0,1
2023,2023211295787,3,1,0,0,0,0,0,0,0,0,0,1
2023,2023991295345,3,1,0,0,0,0,0,0,0,0,0,1
2023,2023122300543,3,1,0,0,0,0,0,0,0,0,0,0
2023,2023010437715,3,1,0,0,0,0,0,0,0,0,0,0
2023,2023041370393,3,1,0,0,1,1,1,1,1,1,1,1
2023,2023170L10923,2,1,0,0,0,1,1,0,1,1,1,1
2023,2023161351787,3,1,0,0,0,0,0,0,0,1,1,1
2023,2023401344619,3,1,0,0,0,0,0,0,0,0,0,1
2023,2023141292818,3,1,0,0,0,0,0,0,0,0,0,0
2023,2023101277137,3,1,0,0,0,0,0,0,0,0,0,0
2023,2023010454786,3,1,0,0,0,0,0,0,0,0,0,0
2023,2023010460792,3,1,0,0,0,0,0,0,0,0,0,1
2023,2023461375163,3,1,0,0,0,0,0,0,0,0,0,0
2023,2023320253565,3,1,0,0,0,0,0,0,0,0,0,1
2023,2023111332855,2,1,0,0,0,0,0,1,1,0,0,1
2023,2023131280582,3,1,0,0,0,0,0,0,0,0,0,0
2023,2023302300676,3,1,0,0,0,0,0,0,0,0,0,1
2023,2023461300621,3,1,0,0,0,0,0,0,0,0,0,1
2023,2023991264443,3,1,0,0,0,0,0,0,1,0,0,1
2023,2023070454534,3,1,0,0,0,0,0,0,0,0,0,1
2023,2023501281020,3,1,0,0,0,0,0,0,0,0,0,1
2023,2023031301592,3,1,0,0,0,0,0,0,0,0,0,1
2023,2023010464708,3,1,0,0,0,0,0,0,0,0,0,1
2023,2023351340554,3,1,0,0,0,0,0,0,0,0,0,1
2023,2023111369351,3,1,0,0,0,0,0,0,0,0,0,1
2023,2023201262851,2,1,0,0,0,0,0,0,0,0,0,0
2023,2023451283175,3,1,0,0,0,0,0,0,0,0,0,0
2023,2023451375256,3,1,0,0,0,0,0,0,0,0,0,1
2023,2023991274034,2,1,0,0,0,0,0,0,0,0,0,1
2023,2023991327584,3,1,0,0,0,0,0,0,0,0,0,0
2023,2023161320535,2,1,0,0,0,0,0,0,0,0,0,1
2023,2023141281386,3,1,0,0,0,0,0,0,0,0,0,1
2023,2023451374958,2,1,0,0,0,0,0,0,0,1,1,1
2023,2023131283064,2,1,0,0,0,0,0,0,0,0,0,0
2023,2023010464869,3,1,0,0,0,0,1,1,1,0,0,1
2023,2023461337742,3,1,0,0,0,0,0,0,0,0,0,0
2023,2023041260024,3,1,0,0,0,0,0,0,0,0,0,0
2023,2023340WN2862,3,1,0,0,0,0,0,0,0,0,0,1
2023,2023461270495,3,1,0,0,0,0,0,0,1,0,0,1
2023,2023361333778,3,1,0,0,0,0,0,0,0,0,0,1
2023,2023111301865,3,1,0,0,0,0,0,0,0,0,0,1
2023,2023201289868,3,1,0,0,0,0,0,1,1,0,0,1
2023,2023010460466,3,1,0,0,0,0,0,0,0,0,0,1
2023,2023320621980,3,1,0,0,0,0,0,0,0,0,0,1
2023,2023430181830,3,1,0,0,0,0,0,0,0,0,0,1
2023,2023101274116,2,1,0,0,0,0,0,0,0,0,0,0
2023,2023131352160,3,1,0,0,0,0,0,0,0,0,0,0
2023,2023101289257,2,1,0,0,0,0,0,0,0,0,0,1
2023,2023471319056,3,1,0,0,0,0,0,0,0,0,0,0
2023,2023461302784,3,1,0,0,0,0,0,0,0,0,0,1
2023,2023320108802,3,1,0,0,0,0,0,0,0,0,0,0
2023,2023522400796,3,1,0,0,0,0,0,0,0,0,0,1
2023,2023552400145,3,1,0,0,0,0,0,0,0,0,0,0
2023,2023052301009,3,1,0,0,0,0,0,0,0,0,0,1
2023,2023010469686,3,1,0,0,0,0,0,0,0,0,0,1
2023,2023010484608,3,1,0,0,0,0,0,0,0,0,0,1
2023,2023010481088,2,1,0,0,0,0,0,0,0,0,0,1
2023,2023991272848,2,1,0,0,0,0,0,0,0,0,0,1
2023,2023101369609,2,1,0,0,0,0,0,0,0,0,0,0
2023,2023010460158,3,1,0,0,0,0,0,0,0,0,0,1
2023,2023010439027,3,1,0,0,0,0,0,0,0,0,0,1
2023,2023010470152,3,1,0,0,0,0,0,0,0,0,0,0
2023,2023010475021,3,1,0,0,0,0,0,1,1,0,0,1
2023,2023010475589,3,1,0,0,0,0,0,0,0,0,0,0
2023,2023010432278,3,1,0,0,0,0,0,0,0,0,0,1
2023,2023010446566,3,1,0,0,0,0,0,0,0,0,0,0
2023,2023041380072,3,1,0,0,0,0,0,0,0,0,0,1
2023,2023320470558,2,1,0,0,0,0,0,0,0,0,0,1
2023,2023361394053,3,1,0,0,0,0,0,0,0,0,0,0
2023,2023201450888,3,1,0,0,0,0,0,1,1,0,0,1
2023,2023430251732,2,1,0,0,0,0,0,0,0,1,1,1
2023,2023211268604,2,1,0,0,0,0,0,0,0,0,0,1
2023,2023311267679,3,1,0,0,0,0,0,0,0,0,0,0
2023,2023061359405,2,1,0,0,0,0,0,0,0,0,0,0
2023,2023131290096,3,1,0,0,0,0,0,1,1,0,0,1
2023,2023010475466,3,1,0,0,0,0,0,0,0,0,0,1
2023,2023351354747,3,1,0,0,0,0,0,0,0,0,0,0
2023,2023440508098,3,1,0,0,0,0,0,0,0,0,0,1
2023,2023041338696,3,1,0,0,0,0,0,0,0,0,0,0
2023,2023320255534,3,1,0,0,0,0,0,0,0,0,0,1
2023,2023991317667,3,1,0,0,0,0,0,0,0,0,0,0
2023,2023430209172,2,1,0,0,0,0,0,0,0,0,0,1
2023,2023010482704,3,1,0,0,0,0,0,0,0,0,0,0
2023,2023421367842,3,1,0,0,0,0,0,0,0,0,0,1
2023,2023451308701,2,1,0,0,0,0,0,0,0,0,0,1
2023,2023231315581,2,1,0,0,0,0,0,0,0,0,0,0
2023,2023471378600,3,1,0,0,0,0,0,0,0,0,0,1
2023,2023991272854,3,1,0,0,0,0,0,0,0,0,0,1
2023,2023221305659,3,1,0,0,0,0,0,0,0,0,0,1
2023,2023010486271,2,1,0,0,0,0,0,1,1,0,0,1
2023,2023421329594,3,1,0,0,0,0,0,0,0,0,0,0
2023,2023440005738,3,1,0,0,0,0,0,0,0,0,0,0
2023,2023041295585,3,1,0,0,0,0,0,0,0,0,0,0
2023,2023430055454,3,1,0,0,0,0,0,0,0,0,0,1
2023,2023501302666,3,1,0,0,0,0,0,0,0,0,0,0
2023,2023010419937,2,1,0,0,0,0,0,0,0,0,0,0
2023,2023010467951,3,1,0,0,0,0,0,0,0,0,0,1
2023,2023010482736,2,1,0,0,0,1,1,0,1,1,1,1
2023,2023631372049,3,1,0,0,0,0,0,0,0,0,0,1
2023,2023122300768,1,1,0,0,0,0,0,0,1,0,0,1
2023,2023010431662,3,1,0,0,0,0,0,0,0,0,0,1
2023,2023041292639,3,1,0,0,0,0,0,0,0,0,0,1
2023,2023211269257,2,1,0,0,0,0,0,0,0,0,0,1
2023,2023451354348,3,1,0,0,0,0,0,0,0,1,1,1
2023,2023631378614,2,1,0,0,0,0,0,0,0,0,0,1
2023,2023122300432,3,1,0,0,0,0,0,0,0,1,1,1
2023,2023302300672,3,1,0,0,0,0,0,0,0,0,0,1
2023,2023010426814,3,1,0,0,0,0,0,0,0,0,0,0
2023,2023010460311,3,1,0,0,0,0,0,0,0,0,0,1
2023,2023451285986,3,1,0,0,0,0,0,0,0,0,0,0
2023,2023221265406,3,1,0,0,0,0,0,1,1,0,0,1
2023,2023131375735,2,1,0,0,0,0,0,0,0,1,1,1
2023,2023010457600,3,1,0,0,0,0,0,0,0,0,0,1
2023,2023010434508,3,1,0,0,0,0,0,0,0,0,0,0
2023,2023991314714,2,1,0,0,0,0,0,0,0,0,0,0
2023,2023991338952,3,1,0,0,0,0,0,0,0,0,0,0
2023,2023010459183,3,1,0,0,0,0,0,0,0,0,0,0
2023,2023440473537,3,1,0,0,0,0,0,0,0,0,0,1
2023,2023451369024,3,1,0,0,0,0,0,0,0,0,0,1
2023,2023543231423,3,1,0,0,0,0,0,0,0,0,0,1
2023,2023430482325,3,1,0,0,0,0,0,0,0,0,0,1
2023,2023010434133,3,1,0,0,0,0,0,0,0,0,0,0
2023,2023010447388,2,1,0,0,0,0,0,0,0,0,0,0
2023,2023010470004,3,1,0,0,0,0,0,0,0,0,0,1
2023,2023010426381,2,1,0,0,1,1,1,1,1,1,1,1
2023,2023351357581,3,1,0,0,0,0,0,0,0,0,0,1
2023,2023302300966,3,1,0,0,0,0,0,0,0,0,0,1
2023,2023320474907,3,1,0,0,0,0,0,0,0,0,0,1
2023,2023221261327,3,1,0,0,0,0,0,0,0,0,0,0
2023,2023552300852,2,1,0,0,0,0,0,0,0,0,0,1
2023,2023302300357,3,1,0,0,0,0,0,0,0,0,0,1
2023,2023041299407,3,1,0,0,0,0,0,0,0,0,0,0
2023,2023501291099,3,1,0,0,0,0,1,0,1,1,1,1
2023,2023010463249,3,1,0,0,0,0,0,0,0,0,0,0
2023,2023010438069,3,1,0,0,0,0,0,0,0,0,0,0
2023,2023010469651,3,1,0,0,0,0,0,0,0,0,0,0
2023,2023010484808,3,1,0,0,0,0,0,0,0,0,0,1
2023,2023302301957,3,1,1,1,1,1,1,1,1,1,1,1
2023,2023311299812,3,1,0,0,0,0,0,0,0,0,0,1
2023,2023302301868,2,1,0,0,0,1,1,0,1,1,1,1
2023,2023302301798,3,1,0,0,0,0,0,0,0,0,0,1
2023,2023041367409,2,1,0,0,0,0,0,0,0,0,0,1
2023,2023131298635,2,1,0,0,0,0,0,0,0,0,0,1
2023,2023010478674,2,1,0,0,0,0,0,0,0,0,0,0
2023,2023010425345,3,1,0,0,0,0,0,0,0,0,0,0
2023,202363A031223,3,1,0,0,0,0,0,0,0,0,0,1
2023,2023122300990,2,1,0,0,0,0,0,0,0,0,0,1
2023,2023131288316,3,1,0,0,0,0,0,0,0,0,0,0
2023,2023041355904,3,1,0,0,0,0,0,0,0,1,1,1
2023,2023221373822,2,1,0,0,0,0,0,1,1,0,0,1
2023,2023170L30453,3,1,0,0,0,0,0,0,0,0,0,1
2023,2023546696123,3,1,0,0,0,0,0,0,0,1,1,1
2023,2023122300477,2,1,0,0,0,0,0,0,0,0,0,0
2023,2023131395630,3,1,0,0,0,0,0,0,0,0,0,0
2023,2023302300046,3,1,0,0,0,0,0,0,0,0,0,1
2023,2023332301152,3,1,0,0,0,0,0,0,0,0,0,1
2023,2023041375877,2,1,0,0,0,0,1,1,1,0,0,1
2023,2023231320691,3,1,0,0,0,0,0,0,0,0,0,1
2023,2023010456643,3,1,0,0,0,0,0,0,0,0,0,1
2023,2023010457537,3,1,0,0,0,0,0,1,1,0,0,1
2023,2023070322670,3,1,0,0,0,0,0,0,0,0,0,1
2023,2023101302434,3,1,1,1,1,1,1,1,1,1,1,1
2023,2023451288752,3,1,0,0,0,0,0,0,0,0,0,1
2023,2023991342611,2,1,0,0,0,0,0,0,0,0,0,0
2023,2023547292823,3,1,0,0,0,0,0,0,0,0,0,0
2023,2023340WN5722,2,1,0,0,0,0,0,0,0,0,0,0
2023,2023010431710,2,1,0,0,0,0,0,0,0,0,0,1
2023,2023010470067,3,1,0,0,0,0,0,0,0,0,0,0
2023,2023461382149,3,1,0,0,0,0,0,0,0,0,0,1
2023,2023041304505,2,1,0,0,0,0,0,0,0,0,0,1
2023,2023231405537,3,1,0,0,0,0,0,0,1,0,0,1
2023,2023061268941,3,1,0,0,0,0,0,0,0,0,0,0
2023,2023131388392,3,1,0,0,0,0,0,0,0,1,1,1
2023,2023010435522,3,1,0,0,0,0,0,0,0,0,0,0
2023,2023351342282,3,1,0,0,0,0,0,0,0,0,0,1
2023,2023440154328,3,1,0,0,0,0,0,0,0,0,0,1
2023,2023361266106,2,1,0,0,0,0,0,0,0,0,0,0
2023,2023361281351,3,1,0,0,0,0,0,0,0,0,0,0
2023,2023451326724,3,1,0,0,0,0,0,0,0,0,0,1
2023,2023122300374,3,1,0,0,0,0,0,0,0,0,0,1
2023,2023131315642,3,1,0,0,0,0,0,0,0,0,0,1
2023,2023010429186,3,1,0,0,0,0,0,0,0,0,0,1
2023,2023421345286,3,1,0,0,0,0,0,0,0,0,0,1
2023,2023440113681,3,1,0,0,0,0,0,0,0,0,0,1
2023,2023552301270,3,1,0,0,0,0,0,0,0,0,0,0
2023,2023010474444,3,1,0,0,0,0,0,0,0,0,0,1
2023,2023010474310,3,1,0,0,0,0,0,0,0,0,0,0
2023,2023131348093,2,1,0,0,0,0,0,0,0,0,0,1
2023,2023231298307,3,1,0,0,0,0,0,0,0,0,0,0
2023,2023991313501,2,1,0,0,0,0,0,0,0,0,0,0
2023,202360A185365,2,1,0,0,0,0,0,0,0,0,0,1
2023,2023552301189,2,1,0,0,0,0,0,1,1,0,0,1
2023,2023361270297,3,1,0,0,0,0,0,0,0,0,0,1
2023,2023221300574,3,1,0,0,0,0,0,0,0,0,0,1
2023,2023522400696,3,1,0,0,0,0,1,1,1,0,0,1
2023,2023010441397,3,1,0,0,0,0,0,1,1,0,0,1
2023,2023010445748,3,1,0,0,0,0,0,1,1,0,0,1
2023,2023010440413,2,1,0,0,0,0,0,0,0,0,0,1
2023,2023531283281,3,1,0,0,0,0,0,0,0,0,0,1
2023,2023991349682,3,1,0,0,0,0,0,0,0,0,0,1
2023,202363C032523,3,1,0,0,0,0,0,0,0,0,0,1
2023,2023071093595,3,1,0,0,0,0,0,1,1,0,0,1
2023,2023201319464,3,1,0,0,0,0,0,0,0,0,0,1
2023,2023010430054,3,1,0,0,0,0,0,0,0,0,0,1
2023,2023041272531,3,1,0,0,0,0,0,0,0,0,0,0
2023,2023231377720,2,1,0,0,0,0,0,0,0,0,0,1
2023,2023311347175,3,1,0,0,0,0,0,0,0,0,0,1
2023,2023101330486,2,1,0,0,0,0,0,0,0,0,0,1
2023,2023101358583,3,1,0,0,0,0,0,0,0,1,1,1
2023,2023061296833,2,1,0,0,0,0,0,0,0,0,0,0
2023,2023501382520,3,1,0,0,0,0,0,0,0,0,0,0
2023,2023041301347,3,1,0,0,0,0,0,1,1,0,0,1
2023,2023547811123,3,1,0,0,0,0,0,0,0,0,0,0
2023,2023440131381,3,1,0,0,0,0,0,0,0,0,0,1
2023,2023361328785,3,1,0,0,0,0,0,0,0,0,0,1
2023,2023201283449,2,1,0,0,1,1,1,1,1,1,1,1
2023,2023320566576,3,1,0,0,0,0,0,0,0,0,0,1
2023,2023052301405,3,1,0,0,0,0,0,0,0,0,0,0
2023,2023201376765,3,1,0,0,0,0,0,0,0,0,0,1
2023,2023471358052,2,1,0,0,0,0,0,0,0,0,0,1
2023,202360A114222,3,1,0,0,0,0,0,0,0,0,0,0
2023,2023070842873,3,1,0,0,0,0,0,0,0,0,0,0
2023,2023541945023,3,1,0,0,0,0,0,0,0,0,0,1
2023,2023552300629,3,1,0,0,0,0,0,0,0,0,0,0
2023,2023122300364,3,1,0,0,0,0,0,0,0,0,0,0
2023,2023010481170,2,1,0,0,0,0,0,0,0,0,0,0
2023,2023231396667,3,1,0,0,0,0,0,0,0,0,0,0
2023,2023552300799,3,1,0,0,0,0,0,0,0,0,0,1
2023,2023131367418,3,1,0,0,0,0,0,0,0,0,0,0
2023,2023010477797,3,1,0,0,0,0,0,0,0,0,0,0
2023,2023421279923,3,1,0,0,0,0,0,0,0,0,1,0
2023,2023991287613,3,1,0,0,0,0,0,0,0,0,0,1
2023,2023031341349,3,1,0,0,0,0,0,0,1,0,0,1
2023,2023010460812,2,1,0,0,0,0,0,0,0,1,1,1
2023,2023010428686,3,1,0,0,0,0,0,0,0,0,0,1
2023,2023320624660,3,1,0,0,0,1,1,0,1,1,1,1
2023,2023161330234,3,1,0,0,0,0,0,0,0,0,0,1
2023,2023430152157,3,1,0,0,0,0,0,0,0,0,0,1
2023,2023052302976,3,1,0,0,1,1,1,1,1,1,1,1
2023,202363C018323,3,1,0,0,0,0,0,0,0,0,0,1
2023,2023221295969,3,1,0,0,0,1,1,0,1,1,1,1
2023,2023070524016,2,1,0,0,0,0,0,0,0,0,0,0
2023,2023070915742,3,1,0,0,0,0,0,0,0,0,0,1
2023,2023131324234,2,1,0,0,0,0,0,0,0,0,0,0
2023,2023010483443,3,1,0,0,0,0,0,0,0,0,0,1
2023,2023991303030,3,1,0,0,0,0,0,0,0,0,0,1
2023,2023010474470,2,1,0,0,0,0,0,0,0,0,0,0
2023,2023351341568,3,1,0,0,0,0,0,0,0,0,0,1
2023,2023041302749,2,1,0,0,0,0,0,0,0,0,0,1
2023,2023451365337,3,1,0,0,0,0,0,0,0,0,0,1
2023,202354A672223,3,1,0,0,0,0,0,0,0,0,0,1
2023,2023131272599,3,1,0,0,0,0,0,0,0,0,0,1
2023,2023010447551,2,1,0,0,0,0,0,0,0,0,0,0
2023,2023041280668,2,1,0,0,0,0,0,0,0,1,1,1
2023,2023211324732,3,1,0,0,0,0,0,0,0,0,0,0
2023,2023231322790,3,1,0,0,0,0,0,0,0,0,0,1
2023,2023010452516,3,1,0,0,0,0,0,0,0,0,0,1
2023,2023221399953,3,1,0,0,0,0,0,1,1,0,0,1
2023,2023131380175,3,1,0,0,0,0,0,0,0,0,0,0
2023,2023131283142,2,1,0,1,1,1,1,1,1,1,1,1
2023,2023332300035,3,1,0,0,0,0,0,0,0,0,0,1
2023,2023320161868,3,1,0,0,0,0,0,0,0,0,0,0
2023,2023070115257,2,1,0,0,0,0,0,0,1,0,0,1
2023,2023061295455,2,1,0,0,0,0,0,0,0,0,0,0
2023,2023010452581,3,1,0,0,0,0,0,0,0,0,0,1
2023,2023411380897,2,1,0,0,0,0,0,0,0,0,0,0
2023,2023041347051,3,1,0,0,0,0,0,0,0,0,0,1
2023,2023320452073,1,1,0,0,0,1,1,0,1,1,1,1
2023,2023231350353,2,1,0,0,1,1,1,1,1,1,1,1
2023,2023101263581,2,1,0,0,0,0,0,0,0,0,0,0
2023,2023010463311,3,1,0,0,0,0,0,0,0,0,0,1
2023,2023010472641,3,1,0,1,1,1,1,1,1,1,1,1
2023,2023991290639,1,1,0,0,0,0,0,0,0,0,0,0
2023,2023031361841,2,1,0,0,0,0,0,0,0,0,0,1
2023,2023131316053,3,1,0,0,0,1,1,0,1,1,1,1
2023,2023010440849,3,1,0,0,0,0,0,0,0,0,0,0
2023,2023461328876,2,1,0,0,0,0,0,0,0,0,0,1
2023,2023320673925,2,1,0,0,0,0,0,0,0,1,1,1
2023,2023548916223,3,1,0,0,0,0,0,0,0,0,0,0
2023,2023122301148,2,1,0,0,0,0,0,0,0,0,0,0
2023,2023520301819,3,1,0,0,0,0,0,0,0,0,0,1
2023,2023052302186,3,1,1,1,1,1,1,1,1,1,1,1
2023,2023052302512,3,1,0,0,0,0,0,0,0,0,0,0
2023,2023201397982,3,1,0,0,0,0,0,0,0,0,0,0
2023,2023010443765,2,1,0,0,0,0,0,0,0,0,0,0
2023,2023010435958,3,1,0,0,0,0,0,0,0,0,0,1
2023,2023010471889,3,1,0,0,0,0,0,0,0,0,0,0
2023,2023531275766,3,1,0,0,0,0,0,0,0,0,0,0
2023,2023041273578,3,1,0,0,0,0,0,0,0,0,0,0
2023,202360A126394,3,1,0,0,0,0,0,0,0,0,0,1
2023,2023010432430,3,1,0,0,0,0,0,0,0,0,0,0
2023,2023471263559,2,1,0,0,0,0,0,0,0,0,0,1
2023,2023411267944,3,1,0,0,0,0,0,0,0,0,0,1
2023,2023371354171,2,1,0,0,0,0,0,0,0,0,0,1
2023,2023451355625,2,1,0,0,0,0,0,0,1,0,0,1
2023,2023451378705,3,1,0,0,0,0,0,0,0,0,0,1
2023,2023991274559,2,1,0,0,0,0,0,0,0,0,0,1
2023,2023122301343,3,1,0,0,0,0,0,1,1,0,0,1
2023,2023141382981,3,1,0,0,0,0,0,0,0,0,0,1
2023,2023201291268,3,1,0,0,0,0,0,1,1,0,0,1
2023,2023010462149,3,1,0,0,0,0,0,0,0,1,1,1
2023,2023010471971,3,1,0,0,0,0,0,0,0,0,0,0
2023,2023302301441,2,1,0,0,0,0,0,0,0,0,0,1
2023,2023461367258,3,1,0,0,0,0,0,0,0,0,0,0
2023,2023991313851,1,1,0,0,0,0,0,0,0,0,0,0
2023,2023430166306,2,1,0,0,0,0,0,0,0,0,0,0
2023,2023201389298,3,1,0,0,0,0,0,0,0,0,0,1
2023,2023440481958,3,1,0,0,0,0,0,0,0,0,0,1
2023,2023430314268,3,1,0,0,0,0,0,0,0,0,0,1
2023,2023991318219,2,1,0,0,0,0,0,0,0,0,1,0
2023,2023161377756,3,1,1,1,1,1,1,1,1,1,1,1
2023,2023031328370,3,1,0,0,0,0,0,0,0,0,0,1
2023,2023520301153,1,1,0,0,0,1,1,0,1,1,1,1
2023,2023131299003,3,1,0,0,0,0,0,0,0,0,0,1
2023,2023010459806,3,1,0,0,0,0,0,0,0,1,1,1
2023,2023440147903,3,1,0,0,0,0,0,0,0,0,0,1
2023,2023340WN2032,3,1,0,0,0,0,0,0,0,0,0,1
2023,2023010433449,3,1,0,0,0,0,0,1,1,0,0,1
2023,2023221303654,3,1,0,0,0,0,0,0,0,0,0,0
2023,202363D006623,3,1,0,0,0,0,0,0,0,0,0,1
2023,2023041367180,3,1,0,0,0,0,0,0,0,0,0,0
2023,2023201376285,2,1,0,0,0,0,0,0,0,0,0,0
2023,2023010446138,3,1,0,0,0,0,0,1,1,0,0,1
2023,2023010472270,3,1,0,0,0,0,0,0,0,0,0,1
2023,2023471336011,3,1,0,0,0,0,0,0,0,0,0,1
2023,2023461296075,2,1,0,0,0,0,0,0,0,1,1,1
2023,2023471283714,2,1,0,0,0,0,0,0,0,0,0,1
2023,2023010472096,3,1,0,0,0,0,0,1,1,0,0,1
2023,2023010459780,3,1,0,0,0,0,0,0,0,0,0,0
2023,2023440025213,3,1,0,0,0,0,0,0,0,0,0,1
2023,2023221309037,2,1,0,0,0,0,0,0,0,0,0,0
2023,2023991359228,2,1,0,0,0,0,0,0,0,0,0,0
2023,2023201370254,2,1,0,0,0,0,0,0,0,0,0,1
2023,2023131290301,3,1,0,0,0,0,0,0,0,1,1,1
2023,2023010469660,3,1,0,0,0,0,0,0,0,0,0,1
2023,2023010446012,3,1,0,0,0,0,0,0,0,0,0,0
2023,2023221276333,3,1,0,0,0,0,0,0,0,0,0,1
2023,2023610009823,3,1,0,0,0,0,0,0,0,0,0,1
2023,2023170M11203,3,1,0,0,0,0,0,0,0,0,0,0
2023,2023061303990,2,1,0,0,0,0,0,0,0,0,0,0
2023,2023471270626,3,1,0,0,0,0,0,0,0,0,0,0
2023,2023522400758,3,1,0,1,1,1,1,1,1,1,1,1
2023,2023451279545,2,1,0,0,0,0,0,0,0,1,1,1
2023,2023991359875,3,1,0,0,0,0,0,0,0,0,0,0
2023,2023332300238,3,1,0,0,0,0,0,0,0,0,0,0
2023,2023031271469,3,1,0,0,0,0,0,0,0,0,0,1
2023,2023201378426,3,1,0,0,0,0,0,0,0,1,1,1
2023,2023010434567,3,1,0,0,0,0,0,0,0,0,0,1
2023,2023010471355,3,1,0,0,0,0,0,0,0,0,0,1
2023,2023010469261,3,1,0,0,0,0,0,0,0,0,0,0
2023,2023461314022,3,1,0,0,0,0,0,0,0,0,0,1
2023,2023522301571,3,1,0,0,0,0,0,0,0,0,0,1
2023,2023501340670,3,1,0,0,0,0,0,0,0,0,0,1
2023,2023131368776,3,1,0,0,0,0,0,0,0,0,0,1
2023,2023010447334,3,1,0,0,0,0,0,0,0,0,0,1
2023,2023552300869,3,1,0,0,1,1,1,1,1,1,1,1
2023,2023010430563,3,1,0,0,0,0,0,1,1,0,0,1
2023,2023531283757,3,1,0,0,0,0,0,0,0,0,0,0
2023,2023552300154,3,1,0,0,0,0,0,0,0,0,0,1
2023,2023141292119,2,1,0,0,0,0,0,0,0,0,0,0
2023,2023170S10413,3,1,0,0,0,0,0,0,0,1,1,1
2023,2023070877591,2,1,0,0,0,0,0,0,0,0,0,1
2023,2023501345436,2,1,0,0,0,0,0,0,0,0,0,0
2023,2023201397190,3,1,0,0,0,0,0,0,0,0,0,0
2023,2023010420429,3,1,0,0,0,0,0,0,0,0,0,0
2023,2023471265408,3,1,0,0,0,0,0,0,0,0,0,0
2023,2023451371388,3,1,0,0,0,0,0,0,0,0,0,1
2023,2023471383676,2,1,0,0,0,0,0,0,0,0,0,0
2023,2023501273569,3,1,0,0,0,0,0,0,0,0,0,1
2023,2023401314224,3,1,0,0,0,0,0,0,0,0,0,1
2023,2023141352992,2,1,0,0,0,0,0,0,0,0,0,0
2023,2023131357544,3,1,0,0,0,0,0,0,0,1,1,1
2023,2023010421440,3,1,0,0,0,0,0,0,0,0,0,0
2023,2023010470690,3,1,0,0,0,1,1,0,1,1,1,1
2023,2023010429689,3,1,0,0,0,0,0,0,0,0,0,1
2023,2023311300426,2,1,0,0,0,0,0,0,0,0,0,0
2023,2023451322522,3,1,0,0,0,0,0,0,0,0,0,1
2023,2023991294553,3,1,0,0,0,0,0,0,1,0,0,1
2023,202360A122850,3,1,0,0,0,0,0,0,0,0,0,0
2023,2023340WN5502,3,1,0,0,0,0,0,0,0,0,0,1
2023,2023061348389,3,1,0,0,0,0,0,0,0,0,0,1
2023,2023010438020,3,1,0,0,0,0,0,0,0,0,0,0
2023,2023010448138,3,1,0,0,0,0,0,0,0,0,0,1
2023,2023010471287,3,1,0,0,0,0,0,0,0,0,0,0
2023,2023161291832,3,1,0,0,0,0,0,0,0,0,0,1
2023,2023122301352,3,1,0,0,0,0,0,0,0,0,0,1
2023,2023141378703,2,1,0,0,0,0,0,0,0,0,0,1
2023,2023010442225,3,1,0,0,0,0,0,0,0,0,0,0
2023,2023010463262,3,1,0,0,0,0,0,0,0,0,0,1
2023,2023461362393,2,1,0,0,0,0,0,0,0,0,0,0
2023,2023332300678,3,1,0,0,0,0,0,0,0,0,1,1
2023,2023540719923,3,1,0,0,0,0,0,0,0,0,0,1
2023,2023010476767,3,1,0,0,0,0,0,0,0,0,0,0
2023,2023010426753,3,1,0,0,0,0,0,0,0,0,1,0
2023,2023041272438,3,1,1,1,1,1,1,1,1,1,1,1
2023,2023161300362,3,1,0,0,0,0,0,0,0,0,0,1
2023,2023141357190,3,1,0,0,0,0,0,0,0,0,0,0
2023,2023131310829,3,1,0,0,0,0,0,0,0,0,0,1
2023,2023101278090,3,1,0,0,0,0,0,0,0,0,0,1
2023,2023010477984,3,1,0,0,0,0,0,0,0,0,0,0
2023,2023351390664,3,1,0,0,0,0,0,0,0,0,0,1
2023,2023461394806,3,1,0,0,0,0,0,0,0,0,0,0
2023,2023991317938,3,1,0,0,0,0,0,0,0,0,0,1
2023,2023991292542,3,1,0,0,0,0,0,0,0,0,0,0
2023,2023201267121,2,1,0,0,0,0,0,0,0,0,0,1
2023,2023010449486,3,1,0,0,0,0,0,0,0,0,0,1
2023,2023371312575,1,1,0,0,0,0,0,0,0,0,0,1
2023,2023071213986,2,1,0,0,0,0,0,0,0,0,0,1
2023,2023122300386,3,1,0,0,0,0,0,0,0,0,0,1
2023,2023010441207,3,1,0,0,0,0,0,0,0,0,0,0
2023,2023010451152,3,1,0,0,0,0,0,0,0,0,0,1
2023,2023471319227,3,1,0,0,0,0,0,0,0,0,0,1
2023,2023332300206,3,1,0,0,0,0,0,0,0,1,1,1
2023,2023471342526,3,1,0,0,0,0,0,0,0,0,0,0
2023,2023430123419,3,1,0,0,0,0,0,0,0,0,0,1
2023,2023070592320,2,1,0,0,0,0,0,0,0,0,0,1
2023,2023101364954,2,1,0,0,0,0,0,0,0,0,0,1
2023,2023131384515,2,1,0,0,0,0,0,1,1,0,0,1
2023,2023311346081,2,1,0,0,0,0,0,1,1,0,0,1
2023,2023430482863,2,1,0,0,0,0,0,0,0,0,0,1
2023,2023010477586,2,1,0,0,0,0,0,0,0,0,0,0
2023,2023430284515,2,1,0,0,0,0,0,0,0,0,0,1
2023,2023451363161,3,1,0,0,0,0,0,1,1,0,0,1
2023,2023122301176,2,1,0,0,0,1,1,0,1,1,1,1
2023,2023031369100,3,1,0,0,0,0,0,0,1,0,0,1
2023,2023010422863,2,1,0,0,0,0,0,0,0,0,0,0
2023,2023010436193,3,1,0,0,0,0,0,0,0,0,0,1
2023,2023201370635,3,1,0,0,0,0,0,0,0,0,0,0
2023,2023320446759,3,1,0,0,0,0,0,0,0,0,0,0
2023,2023991332200,3,1,0,0,0,0,0,0,0,0,0,1
2023,2023991293333,2,1,0,0,0,0,0,0,0,0,0,1
2023,2023522400460,3,1,0,0,0,0,0,0,0,0,0,1
2023,2023552301317,3,1,0,0,1,1,1,1,1,1,1,1
2023,2023201347470,3,1,0,0,0,0,0,0,0,0,0,1
2023,2023010426436,3,1,0,0,0,0,0,0,0,0,0,1
2023,2023010450629,3,1,0,0,0,0,0,0,0,0,0,1
2023,2023010443182,3,1,0,0,0,0,0,0,0,0,0,0
2023,2023010447899,3,1,0,0,0,0,0,0,0,0,0,1
2023,2023501285951,2,1,0,0,0,0,0,0,0,0,0,0
2023,2023141326388,2,1,0,0,0,0,0,0,0,0,0,1
2023,2023010453826,3,1,0,0,0,0,0,0,0,0,0,0
2023,2023010474493,2,1,0,0,0,0,0,0,0,0,0,0
2023,2023211350829,2,1,0,0,0,0,0,0,0,0,0,1
2023,2023451365531,3,1,0,0,0,0,0,1,1,0,0,1
2023,2023991326374,3,1,0,0,0,0,0,0,0,0,0,1
2023,2023991266600,3,1,0,0,0,0,0,0,0,0,0,1
2023,2023161365460,3,1,0,0,0,0,0,0,0,0,0,0
2023,2023201268107,3,1,0,0,0,0,0,0,0,0,0,0
2023,2023010451175,3,1,0,0,0,0,0,0,0,0,0,1
2023,2023622300823,3,1,0,0,0,0,0,0,0,0,0,1
2023,2023401276128,3,1,0,0,0,0,0,0,0,0,0,1
2023,2023131387479,3,1,0,0,0,0,0,0,0,0,0,1
2023,2023010429015,3,1,0,0,0,0,0,0,0,0,0,1
2023,2023320729502,3,1,0,0,0,0,0,0,0,0,0,1
2023,2023211328296,3,1,0,0,0,0,0,0,0,0,0,1
2023,2023552300342,3,1,0,0,0,0,0,0,0,0,0,1
2023,2023131368653,3,1,0,0,0,0,0,0,0,0,0,1
2023,2023041294143,2,1,0,0,0,0,0,0,0,0,0,0
2023,2023161334183,3,1,0,0,0,0,0,0,0,0,0,0
2023,2023522400332,3,1,0,0,0,0,0,0,0,0,0,1
2023,2023201320734,2,1,0,0,0,0,0,0,0,0,0,0
2023,2023010446695,3,1,0,0,0,0,0,0,0,0,0,1
2023,2023451313713,3,1,0,0,0,0,0,0,0,0,0,0
2023,2023221340468,1,1,0,0,0,1,1,0,1,1,1,1
2023,2023991277317,3,1,0,0,0,0,0,0,0,0,0,1
2023,2023440105315,3,1,0,0,0,0,0,0,0,0,0,1
2023,2023302301233,3,1,0,0,0,0,0,1,1,0,0,1
2023,2023451377487,3,1,0,0,0,0,0,0,0,0,0,1
2023,2023991314252,2,1,0,0,0,0,0,0,0,0,0,0
2023,2023471370035,3,1,0,0,0,0,0,0,0,0,0,1
2023,2023101271144,3,1,0,0,0,0,0,0,0,0,0,0
2023,2023010474918,3,1,0,0,0,0,0,1,1,0,0,1
2023,2023421269023,2,1,0,0,0,0,0,0,0,1,1,1
2023,2023440430995,2,1,0,0,0,0,0,0,0,1,1,1
2023,2023461343609,3,1,0,0,0,0,0,0,0,0,0,0
2023,2023461355067,3,1,0,0,0,0,0,0,0,0,0,0
2023,2023041301327,2,1,0,0,0,0,0,0,0,0,0,1
2023,2023522400126,3,1,0,0,0,0,0,0,0,0,0,1
2023,2023052300062,3,1,0,0,0,0,0,0,0,0,0,1
2023,2023010463425,3,1,0,0,0,0,0,0,0,0,0,1
2023,2023010430019,3,1,0,0,0,0,0,0,0,0,0,1
2023,2023302301100,2,1,0,0,0,0,0,0,0,0,0,0
2023,2023501260469,2,1,0,0,0,0,0,0,0,0,0,0
2023,2023440507981,3,1,0,0,0,0,0,0,0,0,0,1
2023,2023332301026,3,1,0,0,0,0,0,0,0,0,0,1
2023,2023211353429,3,1,0,0,0,0,0,0,0,0,0,1
2023,2023010463527,2,1,0,0,0,0,0,0,0,0,0,0
2023,2023471361585,2,1,0,0,0,0,1,0,1,0,0,1
2023,2023161373935,3,1,0,0,0,0,0,0,0,0,0,1
2023,2023052300472,2,1,0,0,0,0,0,0,0,0,0,1
2023,2023131268506,3,1,0,0,0,0,0,0,0,0,0,0
2023,2023010484713,3,1,0,0,0,1,1,0,1,1,1,1
2023,2023440057387,2,1,0,0,0,0,0,0,0,0,0,0
2023,2023070940604,2,1,0,0,0,0,0,0,0,0,0,0
2023,2023221307603,3,1,0,0,0,0,0,0,0,0,0,0
2023,2023201418576,3,1,0,0,0,0,0,0,0,0,0,1
2023,2023010474574,2,1,1,1,1,1,1,1,1,1,1,1
2023,2023471371783,3,1,0,0,0,0,0,0,0,0,0,1
2023,202354C791223,3,1,0,0,0,0,0,0,1,0,0,1
2023,2023201372705,3,1,0,0,0,0,0,1,1,0,0,1
2023,2023010430299,3,1,0,0,0,0,0,0,0,0,0,0
2023,2023010449161,3,1,0,0,0,0,0,0,0,1,1,1
2023,2023411328955,3,1,0,0,0,0,0,0,0,0,0,1
2023,2023461339678,3,1,0,0,0,0,0,0,0,0,0,0
2023,2023320216978,3,1,0,1,1,1,1,1,1,1,1,1
2023,2023440426319,3,1,0,0,0,0,0,0,0,0,0,0
2023,2023201378449,3,1,0,0,0,0,0,0,0,0,0,1
2023,2023010473687,3,1,0,0,0,0,0,0,0,0,0,1
2023,2023041389834,3,1,0,0,0,0,0,0,0,0,0,1
2024,2024481564390,2,0,0,0,0,0,0,0,0,0,0,0
2024,202417M212224,3,0,0,0,0,0,0,0,0,0,0,1
2024,2024481557893,3,0,0,0,0,0,0,0,0,0,0,0
2024,2024010492466,3,1,0,0,0,0,0,0,0,0,0,0
2024,2024010522620,3,1,0,0,0,0,0,0,0,0,0,1
2024,2024010508983,3,1,0,0,0,0,0,0,0,0,0,0
2024,2024010501799,3,1,0,0,0,0,0,1,1,0,0,1
2024,2024010527818,3,1,0,0,0,0,0,0,0,0,0,0
2024,2024010508537,3,1,0,0,0,0,0,0,0,0,0,0
2024,2024010494567,3,1,0,0,0,0,0,0,0,0,0,0
2024,2024010508023,3,1,0,0,0,0,0,0,0,0,0,1
2024,2024010516705,3,1,0,0,0,0,0,0,0,0,0,0
2024,2024010548580,3,1,0,0,0,0,0,0,0,0,0,1
2024,2024010506666,3,1,0,0,0,0,0,0,0,0,0,1
2024,2024010529724,2,1,0,0,0,0,0,0,0,0,0,0
2024,2024010533544,3,1,0,0,0,0,0,0,0,1,1,1
2024,2024010505997,3,1,0,0,0,0,0,1,1,0,0,1
2024,2024010507922,2,1,0,0,0,0,0,0,0,0,0,0
2024,2024010538887,3,1,0,0,0,0,0,0,0,0,0,0
2024,2024010500753,2,1,0,0,0,0,0,0,0,0,0,1
2024,2024010514995,3,1,0,0,0,0,0,0,0,0,0,1
2024,2024010500020,3,1,0,0,0,0,0,0,0,1,1,1
2024,2024010508424,3,1,0,0,0,0,0,0,0,0,0,0
2024,2024010549692,3,1,0,0,0,0,0,0,0,0,0,0
2024,2024010534784,3,1,0,0,0,0,0,0,0,1,1,1
2024,2024010543487,3,1,0,0,0,0,0,0,0,1,1,1
2024,2024010491197,2,1,0,0,0,0,0,0,0,0,0,0
2024,2024010542913,3,1,0,0,0,0,0,0,0,0,0,0
2024,2024010512753,2,1,0,0,0,0,0,0,0,0,0,0
2024,2024010514970,3,1,0,0,0,0,0,0,0,0,0,1
2024,2024010531473,3,1,0,0,0,0,0,0,1,0,0,1
2024,2024010532670,2,1,0,0,0,0,0,0,0,0,0,1
2024,2024010516075,3,1,0,0,0,0,0,0,1,0,0,1
2024,2024010502185,3,1,0,0,0,0,0,0,0,0,0,0
2024,2024010490979,3,1,0,0,0,0,0,0,0,0,0,0
2024,2024010490740,3,1,0,0,0,0,0,0,0,0,0,1
2024,2024010538020,3,1,0,0,0,0,0,0,0,0,0,0
2024,2024010521702,3,1,0,0,0,0,0,0,0,0,0,1
2024,2024010541767,3,1,0,0,0,0,0,0,0,0,0,1
2024,2024010491891,3,1,0,0,0,0,0,0,0,0,0,0
2024,2024010525011,3,1,0,0,0,0,0,0,0,0,0,0
2024,2024010518860,3,1,0,0,0,0,0,0,0,0,0,1
2024,2024010492465,2,1,0,0,0,0,0,0,0,0,0,0
2024,2024010536140,3,1,0,0,0,0,0,0,0,0,0,1
2024,2024010532808,3,1,0,0,0,0,0,0,0,0,0,0
2024,2024010519919,3,1,0,0,0,0,0,0,0,0,0,1
2024,2024010547934,3,1,0,0,0,0,0,0,0,0,1,0
2024,2024010539551,3,1,0,0,0,0,0,0,0,0,0,0
2024,2024010502434,2,1,0,0,0,0,0,0,0,0,0,1
2024,2024010494797,3,1,0,0,0,0,0,1,1,0,0,1
2024,2024010489881,3,1,0,0,0,0,0,1,1,0,0,1
2024,2024010490445,3,1,0,0,0,0,0,0,0,0,0,0
2024,2024010543121,2,1,0,0,0,0,0,0,0,0,0,0
2024,2024010537709,3,1,0,0,0,0,0,0,0,0,0,1
2024,2024010490158,3,1,0,0,0,0,0,0,0,0,0,1
2024,2024010495996,3,1,0,0,0,0,0,0,0,0,0,1
2024,2024010513925,3,1,0,0,0,0,0,0,0,0,0,0
2024,2024010513658,3,1,0,0,0,0,0,0,0,0,0,0
2024,2024010503848,3,1,0,0,0,0,0,0,0,0,0,0
2024,2024010510030,2,1,0,0,0,0,0,1,1,0,0,1
2024,2024010489809,3,1,0,0,0,0,0,0,0,0,0,1
2024,2024010544000,3,1,0,0,0,0,0,0,0,0,0,1
2024,2024010528078,3,1,0,0,0,0,0,0,0,0,0,0
2024,2024010532087,3,1,0,0,0,0,0,0,0,0,0,1
2024,2024010497427,3,1,0,0,0,0,0,0,0,0,0,1
2024,2024010547241,2,1,0,0,0,0,0,0,0,0,0,0
2024,2024010510148,2,1,0,0,0,0,0,0,0,0,0,1
2024,2024010507643,3,1,0,0,0,0,0,0,0,0,0,1
2024,2024010487959,3,1,0,0,0,0,0,0,0,0,0,0
2024,2024010507404,3,1,0,0,0,0,0,0,0,0,0,0
2024,2024010493324,3,1,0,0,0,0,0,0,0,0,0,1
2024,2024010527947,2,1,0,0,0,0,0,0,0,0,0,0
2024,2024010515581,3,1,0,0,0,0,0,0,0,0,0,0
2024,2024010542249,3,1,0,0,0,0,0,0,0,0,0,1
2024,2024010531166,3,1,0,0,0,0,0,0,0,0,0,0
2024,2024010538608,3,1,0,0,0,0,0,0,0,0,0,1
2024,2024010549023,3,1,0,0,0,0,0,0,0,0,0,0
2024,2024010501084,3,1,0,0,0,0,0,0,0,0,0,0
2024,2024010511885,3,1,0,0,0,0,0,0,0,0,0,0
2024,2024010547817,3,1,0,0,0,0,0,1,1,0,0,1
2024,2024010527130,3,1,0,0,0,0,0,0,0,0,0,1
2024,2024010494279,3,1,0,0,0,0,0,0,0,0,0,1
2024,2024010502242,2,1,0,0,0,0,0,0,0,0,0,1
2024,2024010530251,3,1,0,0,0,0,0,0,0,0,0,1
2024,2024010510282,3,1,0,0,0,0,0,0,0,0,0,1
2024,2024010530843,3,1,0,0,0,0,0,1,1,0,0,1
2024,2024010528235,3,1,0,0,0,0,0,0,0,0,0,0
2024,2024010539873,3,1,0,0,0,0,0,0,0,0,0,0
2024,2024010554117,2,1,0,0,0,0,0,0,0,0,0,0
2024,2024010507994,3,1,0,0,0,0,0,0,0,0,0,1
2024,2024010530004,3,1,0,0,0,0,0,0,0,0,0,0
2024,2024010535510,3,1,0,0,0,0,0,0,0,0,0,1
2024,2024010541739,3,1,0,0,0,0,0,0,0,0,0,0
2024,2024010540852,3,1,0,0,0,0,0,0,0,0,0,0
2024,2024010513763,3,1,0,0,0,0,0,0,0,0,0,0
2024,2024010545938,2,1,0,0,0,0,0,0,0,0,0,0
2024,2024010523353,3,1,0,0,0,0,0,0,0,0,0,0
2024,2024010489024,2,1,0,0,0,0,0,0,0,0,0,1
2024,2024010533785,3,1,0,0,0,0,0,0,0,0,0,1
2024,2024010544571,3,1,0,0,0,0,0,0,0,0,0,1
2024,2024010494215,3,1,0,0,0,0,0,0,0,0,0,1
2024,2024010518288,3,1,0,0,0,0,0,0,0,0,0,1
2024,2024010521591,3,1,0,0,0,0,0,0,0,0,0,0
2024,2024010505100,2,1,0,0,0,0,0,0,0,0,0,0
2024,2024010494018,3,1,0,0,0,0,0,0,0,0,0,0
2024,2024010526488,3,1,0,0,0,0,0,0,0,0,0,0
2024,2024010539837,2,1,0,0,0,0,0,0,0,0,0,0
2024,2024010549787,3,1,0,0,0,0,0,1,1,0,0,1
2024,2024010543323,3,1,0,0,0,0,0,0,0,0,0,1
2024,2024010543019,3,1,1,1,1,1,1,1,1,1,1,1
2024,2024010531420,3,1,0,0,0,0,0,0,0,0,0,1
2024,2024010501247,3,1,0,0,0,0,0,0,0,0,0,0
2024,2024010539671,3,1,0,0,0,0,0,0,0,0,0,0
2024,2024010532942,3,1,0,0,0,0,0,0,0,0,0,0
2024,2024010514542,3,1,0,0,0,0,0,1,1,0,0,1
2024,2024010530728,3,1,0,0,0,0,0,0,0,0,0,0
2024,2024010511327,3,1,0,0,0,0,0,0,0,0,0,1
2024,2024010549600,3,1,0,0,0,0,0,1,1,0,0,1
2024,2024010513239,3,1,0,0,0,0,0,0,0,0,0,0
2024,2024010531330,3,1,0,0,0,0,0,0,0,0,0,0
2024,2024010542207,3,1,0,0,0,0,0,0,0,0,0,0
2024,2024010494347,2,1,0,0,0,0,0,0,0,0,0,1
2024,2024010546277,3,1,0,0,0,0,0,0,0,0,0,1
2024,2024010493577,1,1,0,0,0,0,0,0,0,0,0,0
2024,2024010523978,2,1,0,0,0,0,0,0,0,0,0,0
2024,2024010520598,3,1,0,0,0,0,0,0,0,0,0,1
2024,2024010490512,3,1,0,0,0,0,0,1,1,0,0,1
2024,2024010492998,3,1,0,0,0,0,0,0,0,0,0,0
2024,2024010536180,3,1,0,0,0,0,0,0,0,0,0,1
2024,2024010546088,3,1,0,0,0,0,0,0,0,0,0,1
2024,2024010513988,3,1,0,0,0,0,0,0,0,0,0,1
2024,2024010545564,2,1,0,0,0,0,0,0,0,0,0,0
2024,2024010540082,2,1,0,0,0,0,0,0,0,0,0,0
2024,2024010497253,2,1,0,0,0,0,0,0,0,1,1,1
2024,2024010499269,3,1,0,0,0,0,0,0,0,0,0,0
2024,2024010531065,2,1,0,0,0,0,0,0,0,0,0,1
2024,2024010541137,2,1,0,0,0,0,0,0,0,1,1,1
2024,2024010520760,2,1,0,0,0,0,0,0,0,0,0,0
2024,2024010542460,3,1,0,0,0,0,0,0,0,0,0,0
2024,2024010543266,2,1,0,0,0,0,0,0,0,0,0,1
2024,2024010507972,3,1,0,0,0,0,0,0,0,0,0,0
2024,2024010518902,2,1,0,0,0,0,0,0,0,0,0,0
2024,2024010536905,2,1,0,0,0,0,0,0,0,0,0,1
2024,2024010505078,3,1,0,0,0,0,0,1,1,0,0,1
2024,2024010525293,3,1,0,0,0,0,0,1,1,0,0,1
2024,2024010493438,2,1,0,0,0,0,0,0,0,0,0,0
2024,2024010503502,3,1,0,0,0,0,0,0,0,0,0,1
2024,2024010492426,3,1,0,0,0,0,0,0,0,0,0,0
2024,2024010498005,3,1,0,0,1,1,1,1,1,1,1,1
2024,2024010501990,3,1,0,0,0,0,0,0,0,0,0,0
2024,2024010518915,3,1,0,0,0,0,0,0,0,0,0,0
2024,2024010540357,2,1,0,0,0,0,0,0,0,0,0,0
2024,2024010509229,3,1,0,0,0,0,0,0,0,0,0,0
2024,2024010533722,3,1,0,0,0,0,0,1,1,0,0,1
2024,2024010504761,3,1,0,0,0,0,0,0,0,0,0,0
2024,2024010489581,3,1,0,0,0,0,0,0,0,0,0,0
2024,2024010542826,3,1,0,0,0,0,0,1,1,0,0,1
2024,2024010517713,3,1,0,0,0,0,0,0,0,0,0,0
2024,2024010519547,3,1,0,0,0,0,0,0,0,0,0,1
2024,2024010501902,3,1,0,0,0,0,0,0,0,0,0,0
2024,2024010487696,3,1,0,0,0,0,0,0,0,0,0,0
2024,2024010515608,3,1,0,0,0,0,0,0,0,1,1,1
2024,2024010538480,3,1,0,0,0,0,0,0,0,0,0,1
2024,2024010528146,3,1,0,0,0,0,0,0,0,0,0,0
2024,2024010541732,3,1,0,0,0,0,0,0,0,0,0,0
2024,2024010488266,3,1,0,0,0,0,0,0,0,0,0,1
2024,2024010528350,3,1,0,0,0,0,0,0,0,0,0,0
2024,2024010535301,2,1,0,0,0,0,0,1,1,0,0,1
2024,2024010540792,3,1,0,0,0,0,0,0,0,0,0,1
2024,2024010497262,3,1,0,0,0,0,0,0,0,0,0,0
2024,2024010488365,3,1,0,0,0,0,0,0,0,0,0,0
2024,2024010528129,3,1,0,0,0,0,0,0,0,0,0,1
2024,2024010495571,3,1,0,0,0,0,0,0,0,0,0,0
2024,2024010527345,3,1,0,0,0,0,0,0,0,0,0,1
2024,2024010514202,3,1,0,0,0,0,0,0,0,0,0,1
2024,2024010535606,2,1,0,0,0,0,0,0,0,0,0,1
2024,2024010496996,3,1,0,0,0,0,0,0,0,0,0,0
2024,2024010546037,3,1,0,0,0,0,0,0,0,0,0,1
2024,2024010493194,3,1,0,0,0,0,0,0,0,0,0,1
2024,2024010533933,3,1,0,0,0,0,0,0,0,0,0,1
2024,2024010540900,2,1,0,0,0,0,0,0,0,0,0,0
2024,2024010544688,3,1,0,0,0,0,0,1,1,0,0,1
2024,2024010506796,3,1,0,0,0,0,0,0,0,0,0,0
2024,2024010529758,3,1,0,0,1,1,1,1,1,1,1,1
2024,2024010515087,3,1,0,0,0,0,0,0,0,0,0,0
2024,2024010534505,3,1,0,0,0,0,0,0,0,0,0,1
2024,2024010518819,3,1,0,0,0,0,0,1,1,0,0,1
2024,2024010491155,3,1,0,0,0,0,0,0,0,0,0,0
2024,2024010503756,3,1,0,0,0,0,0,0,0,0,0,1
2024,2024010519070,3,1,0,0,0,0,0,0,0,0,0,0
2024,2024010536368,3,1,0,0,0,0,0,0,0,0,0,1
2024,2024010508579,3,1,0,0,0,0,0,0,0,0,0,0
2024,2024010497102,3,1,0,0,0,0,0,0,0,0,0,1
2024,2024010519040,3,1,0,0,0,0,0,0,0,0,0,1
2024,2024010511632,3,1,0,0,0,0,0,0,0,0,0,1
2024,2024010505524,3,1,0,0,0,0,0,0,0,1,1,1
2024,2024010542278,3,1,0,0,0,0,0,0,0,0,0,1
2024,2024010539140,2,1,0,0,0,0,0,0,0,0,0,1
2024,2024010512150,2,1,0,0,0,0,0,0,0,0,0,0
2024,2024010487293,3,1,0,0,0,0,0,0,0,0,0,0
2024,2024010549540,3,1,0,0,0,0,0,0,0,0,0,0
2024,2024010524786,3,1,0,0,0,0,0,1,1,0,0,1
2024,2024010492954,3,1,0,0,0,0,0,0,0,0,0,0
2024,2024010530989,3,1,0,0,0,0,0,1,1,0,0,1
2024,2024010540768,3,1,0,0,0,0,0,0,0,0,0,1
2024,2024010522674,3,1,0,0,0,0,0,0,0,0,0,0
2024,2024010508698,3,1,0,0,0,0,0,0,0,0,0,1
2024,2024010506758,2,1,0,0,0,0,0,1,1,0,0,1
2024,2024010535247,2,1,0,0,0,0,0,0,0,0,0,0
2024,2024010495408,3,1,0,0,0,0,0,0,0,0,0,0
2024,2024010529961,2,1,0,1,1,1,1,1,1,1,1,1
2024,2024010525352,2,1,0,0,0,0,0,0,1,0,0,1
2024,2024010540655,3,1,0,0,0,0,0,0,0,0,0,1
2024,2024010511808,3,1,0,0,0,0,0,0,0,0,0,1
2024,2024010506660,3,1,0,0,0,0,0,0,0,0,0,1
2024,2024010517292,3,1,0,0,0,0,0,0,0,0,0,0
2024,2024010513103,3,1,0,0,0,0,0,1,1,0,0,1
2024,2024010541116,3,1,0,0,0,0,0,0,0,0,0,1
2024,2024010548855,3,1,0,0,0,0,0,0,0,0,0,1
2024,2024010548650,3,1,0,0,0,0,0,0,0,0,0,1
2024,2024010528371,3,1,0,0,0,0,0,0,0,0,0,0
2024,2024010547265,2,1,0,0,0,0,0,0,0,0,0,0
2024,2024010517659,3,1,0,0,0,0,0,0,0,0,0,1
2024,2024010515314,3,1,0,0,0,0,0,0,0,0,0,0
2024,2024010526008,3,1,0,0,0,0,0,0,0,0,0,1
2024,2024010544889,3,1,0,0,0,0,0,0,0,0,0,0
2024,2024010503850,3,1,0,0,0,0,0,0,0,0,0,1
2024,2024010534314,3,1,0,0,0,0,0,0,0,0,0,1
2024,2024010493142,2,1,1,1,1,1,1,1,1,1,1,1
2024,2024010531790,3,1,0,0,0,0,0,0,0,0,0,1
2024,2024010529544,3,1,0,0,0,0,0,0,0,0,0,1
2024,2024010527981,3,1,0,0,0,0,0,0,0,0,0,0
2024,2024010542039,3,1,0,0,0,0,0,0,0,1,1,1
2024,2024010504205,3,1,0,0,0,0,0,1,1,0,0,1
2024,2024010525063,3,1,0,0,0,0,0,1,1,0,0,1
2024,2024010496912,3,1,0,0,0,0,0,0,0,1,1,1
2024,2024010538112,3,1,0,0,0,0,0,0,0,0,0,1
2024,2024010487533,3,1,0,0,0,0,0,1,1,0,0,1
2024,2024010544150,2,1,0,0,0,0,0,0,0,0,0,1
2024,2024010513227,3,1,0,0,0,0,0,0,0,0,0,1
2024,2024010518199,2,1,0,0,0,0,0,0,0,0,0,0
2024,2024010487996,3,1,0,0,0,0,0,0,0,0,0,1
2024,2024010530937,3,1,0,0,0,0,0,0,0,0,0,1
2024,2024010490736,3,1,0,0,0,0,0,0,0,0,0,1
2024,2024010497607,2,1,0,0,0,0,0,0,0,0,0,0
2024,2024010518950,3,1,0,0,0,0,0,0,0,0,0,1
2024,2024010542589,3,1,0,0,0,0,0,0,0,0,0,0
2024,2024010537998,3,1,0,0,0,0,0,0,0,0,0,1
2024,2024010528346,2,1,0,0,0,0,0,0,0,0,0,1
2024,2024010505205,3,1,0,0,0,0,0,0,0,0,0,1
2024,2024010535648,2,1,0,0,0,0,0,0,0,0,0,0
2024,2024010532276,3,1,0,0,0,0,0,0,0,0,1,0
2024,2024010549635,3,1,0,0,0,0,0,0,0,0,0,1
2024,2024010497561,3,1,0,0,0,0,0,0,0,0,0,1
2024,2024010551059,3,1,0,0,0,0,0,0,0,0,0,1
2024,2024010531162,3,1,0,0,0,0,0,0,0,0,0,0
2024,2024010529361,3,1,0,0,0,0,0,0,0,0,0,0
2024,2024010495320,3,1,0,0,0,0,0,0,0,0,0,0
2024,2024010549174,3,1,0,0,0,0,0,0,0,0,0,1
2024,2024010524672,3,1,0,0,0,0,0,0,0,0,0,1
2024,2024010521730,3,1,0,0,0,0,0,0,1,0,0,1
2024,2024010534434,3,1,0,0,0,0,0,0,0,0,0,0
2024,2024010529098,2,1,0,0,0,0,0,0,0,0,0,1
2024,2024010487684,3,1,0,0,0,0,0,0,0,0,0,1
2024,2024010514267,3,1,0,0,0,0,0,0,0,0,0,0
2024,2024010516326,3,1,0,0,0,0,0,0,0,0,0,1
2024,2024010493719,3,1,0,0,0,0,0,0,0,1,1,1
2024,2024010511158,3,1,0,0,0,0,0,0,0,0,0,1
2024,2024010516691,3,1,0,0,0,0,0,0,0,0,0,0
2024,2024010535461,1,1,0,0,0,0,0,0,0,0,0,1
2024,2024010540594,3,1,0,0,0,0,0,0,0,0,0,0
2024,2024010524757,2,1,0,0,1,1,1,1,1,1,1,1
2024,2024010524495,2,1,0,0,0,0,0,0,0,0,0,0
2024,2024010498162,3,1,0,0,0,0,0,0,0,0,0,1
2024,2024010525995,3,1,0,0,1,1,1,1,1,1,1,1
2024,2024010512506,3,1,0,0,0,0,0,0,0,0,0,1
2024,2024010504929,3,1,0,0,0,0,0,1,1,0,0,1
2024,2024010542405,3,1,0,0,0,0,0,0,0,0,0,1
2024,2024010529861,3,1,0,0,0,0,0,0,0,1,1,1
2024,2024010546431,3,1,0,0,0,0,0,0,0,0,0,0
2024,2024031462605,2,0,0,0,0,0,0,0,0,0,0,1
2024,2024031459122,3,0,0,0,0,0,0,0,0,0,0,1
2024,2024031531261,3,0,0,0,0,0,0,0,0,0,0,1
2024,2024031411748,3,0,0,0,0,0,0,0,0,0,0,0
2024,2024031493474,3,0,0,0,0,0,0,0,0,0,0,0
2024,2024031499045,3,0,0,0,0,0,0,0,0,0,0,1
2024,2024031527402,3,0,0,0,0,0,0,0,0,0,0,0
2024,2024031471063,3,0,0,0,0,0,0,0,0,0,0,1
2024,2024031463756,2,0,0,0,0,0,0,0,0,0,0,0
2024,2024031447303,3,0,0,0,0,0,0,0,0,0,0,0
2024,2024031459686,3,0,0,0,0,0,0,0,0,0,0,0
2024,2024041512477,2,0,0,0,0,0,0,0,0,1,1,1
2024,2024041406312,3,0,0,0,0,0,0,0,0,0,0,1
2024,2024041404847,3,0,0,0,0,0,0,0,0,0,0,0
2024,2024041398037,2,0,0,0,0,0,0,0,0,0,0,1
2024,2024041517791,3,0,0,0,0,0,0,0,0,0,0,0
2024,2024041399618,3,0,0,0,0,0,0,0,0,0,0,1
2024,2024041475208,2,0,0,0,0,0,0,0,0,0,0,0
2024,2024041499885,3,0,0,0,0,0,0,0,0,0,0,1
2024,2024041485389,3,0,0,0,0,0,0,0,0,1,1,1
2024,2024041413053,2,0,0,0,0,0,0,0,0,0,0,1
2024,2024041512475,3,0,0,0,0,0,0,0,0,1,1,1
2024,2024041430649,3,0,0,0,0,0,0,0,0,0,0,1
2024,2024041521222,3,0,0,0,0,0,0,0,1,1,1,1
2024,2024041415495,2,0,0,0,0,0,0,1,1,0,0,1
2024,2024041456899,3,0,0,0,0,0,0,0,0,0,0,1
2024,2024041454557,3,0,0,0,0,0,0,0,0,0,0,1
2024,2024041457507,2,0,0,0,0,0,0,0,0,0,0,1
2024,2024041518206,3,0,0,0,0,0,0,0,0,0,0,0
2024,2024041425514,3,0,0,0,0,0,0,0,0,0,0,0
2024,2024041524599,3,0,0,0,0,0,0,0,0,0,0,0
2024,2024041411675,3,0,0,0,0,0,0,0,0,0,0,1
2024,2024041425902,2,0,0,0,0,0,0,0,0,0,0,0
2024,2024041424487,3,0,0,0,0,0,0,0,0,0,0,1
2024,2024041468608,2,0,0,0,0,0,0,0,0,0,0,1
2024,2024041513611,3,0,0,0,0,0,0,0,0,0,0,1
2024,2024041485785,3,0,0,0,0,0,0,0,0,0,0,1
2024,2024041395208,3,0,0,0,0,0,0,0,0,0,0,1
2024,2024041401825,3,0,0,0,0,0,0,0,0,1,1,1
2024,2024041486552,3,0,0,0,0,1,1,0,1,1,1,1
2024,2024041428668,3,0,0,0,0,0,0,0,0,0,0,1
2024,2024041443497,3,0,0,0,0,0,0,1,1,0,0,1
2024,2024052402821,3,1,0,0,0,0,0,0,0,1,1,1
2024,2024052402194,3,1,0,0,0,0,0,0,0,0,0,1
2024,2024052401956,3,1,0,0,0,0,0,0,0,0,0,0
2024,2024052402040,3,1,0,0,0,0,0,0,0,0,0,0
2024,2024052402183,3,1,0,0,0,0,0,0,0,0,0,0
2024,2024052402126,3,1,0,0,0,0,0,0,0,0,0,1
2024,2024052400899,3,1,0,0,0,0,0,0,0,0,0,1
2024,2024052401909,3,1,0,0,0,0,0,0,0,0,0,1
2024,2024052401559,3,1,0,0,0,0,0,0,0,0,0,1
2024,2024050414472,3,1,0,0,0,0,0,0,0,0,0,1
2024,2024051430709,3,0,0,0,0,0,0,0,0,0,0,1
2024,2024052402625,3,1,0,0,0,0,0,0,0,1,1,1
2024,2024052400695,3,1,0,0,0,0,0,0,0,0,0,0
2024,2024052400576,3,1,0,0,0,0,0,0,0,0,0,0
2024,2024052401805,3,1,0,0,0,0,0,0,0,0,0,1
2024,2024052402559,3,1,0,0,0,1,1,0,1,1,1,1
2024,2024052400770,3,1,0,0,0,0,0,0,0,0,0,1
2024,2024052400196,3,1,0,0,0,0,0,0,0,0,0,1
2024,2024052400397,2,1,0,0,0,0,0,0,0,0,0,1
2024,2024061458230,3,0,0,0,0,0,0,0,0,0,0,1
2024,2024061478550,2,0,0,0,0,0,0,0,0,0,0,1
2024,2024061410048,2,0,0,0,0,0,0,0,0,0,0,0
2024,2024061486448,3,0,0,0,0,0,0,0,0,0,0,1
2024,2024061471155,3,0,0,0,0,0,0,0,0,0,0,0
2024,2024061458785,3,0,0,0,0,0,0,0,0,0,0,1
2024,2024061514883,3,0,0,0,0,0,0,0,0,0,0,1
2024,2024061505812,2,0,0,0,0,0,0,1,1,0,0,1
2024,2024061503422,3,0,0,0,0,0,0,0,0,0,0,1
2024,2024061486598,2,0,0,0,0,0,0,0,0,0,0,1
2024,2024061447980,3,0,0,0,0,0,0,0,0,0,0,1
2024,2024061501834,3,0,0,0,0,0,0,0,0,0,0,0
2024,2024061442676,3,0,0,0,0,0,0,0,0,0,0,0
2024,2024061476711,3,0,0,0,0,0,0,0,0,0,0,1
2024,2024061405390,2,0,0,0,0,0,0,0,1,0,0,1
2024,2024061470042,3,0,0,0,0,0,0,0,0,1,1,1
2024,2024061456228,2,0,0,0,0,0,0,0,0,0,0,1
2024,2024061419998,3,0,0,0,0,0,0,0,0,0,0,0
2024,2024061468228,3,0,0,0,0,0,0,0,0,0,0,1
2024,2024061488986,3,0,0,0,0,0,0,0,0,0,0,0
2024,2024061457860,3,0,0,0,0,0,0,0,0,0,0,0
2024,2024070257646,2,1,0,0,0,0,0,0,0,0,0,0
2024,2024070206636,3,1,0,0,0,0,0,0,0,0,0,1
2024,2024070205369,3,1,0,0,0,0,0,0,0,0,0,1
2024,2024070634460,3,1,0,0,0,0,0,0,0,0,1,0
2024,2024070346736,2,1,0,0,0,0,0,0,0,0,0,0
2024,2024070224643,1,1,0,0,0,0,0,0,0,0,0,0
2024,2024070357776,3,1,0,0,0,0,0,0,0,1,1,1
2024,2024070297110,3,1,0,0,0,0,0,0,0,0,0,0
2024,2024070716922,3,0,0,0,0,0,0,0,0,0,0,1
2024,2024070891457,2,0,0,0,0,0,0,1,1,0,0,1
2024,2024070139839,2,1,0,0,0,0,0,0,0,0,0,0
2024,2024070446092,3,1,0,0,0,0,0,0,0,0,0,1
2024,2024070478232,3,1,0,0,0,0,0,0,0,0,0,0
2024,2024070802744,2,0,1,1,1,1,1,1,1,1,1,1
2024,2024070324236,1,1,0,0,0,0,0,0,0,0,0,0
2024,2024070849757,3,0,0,0,0,0,0,0,0,0,0,1
2024,2024070349540,3,1,0,0,0,0,0,0,0,0,0,1
2024,2024070889799,3,0,0,0,0,0,0,0,0,0,0,0
2024,2024070218124,3,1,0,0,0,0,0,0,0,0,0,1
2024,2024070797262,3,0,0,0,0,0,0,0,0,0,0,1
2024,2024070976470,2,0,0,0,0,0,0,0,0,0,0,1
2024,2024070387038,3,1,0,0,0,0,0,0,0,0,0,1
2024,2024070727324,3,0,0,0,0,0,0,0,1,0,0,1
2024,2024101517453,3,0,0,0,0,0,0,0,0,0,0,1
2024,2024101424830,3,0,0,0,0,0,0,0,0,0,0,1
2024,2024101468455,3,0,0,0,0,0,0,0,0,0,0,0
2024,2024101398781,3,0,0,0,0,0,0,0,0,0,0,0
2024,2024101495902,3,0,0,0,0,0,0,0,0,0,0,1
2024,2024101403124,3,0,0,0,0,0,0,0,0,0,0,1
2024,2024101512410,3,0,0,0,0,0,0,0,0,0,0,0
2024,2024101530040,3,0,0,0,0,0,0,0,0,0,0,1
2024,2024101411827,3,0,0,0,0,0,0,0,0,0,1,0
2024,2024101447918,2,0,0,0,0,0,0,0,0,0,0,0
2024,2024101402503,3,0,0,0,0,0,0,0,0,0,0,1
2024,2024101528040,3,0,0,0,0,0,0,0,1,0,0,1
2024,2024101493062,3,0,0,0,0,0,0,0,0,0,0,0
2024,2024101421322,3,0,0,0,0,0,0,0,0,0,0,1
2024,2024101459297,3,0,0,0,0,0,0,0,0,0,0,1
2024,2024101472699,3,0,0,0,0,0,0,0,0,0,0,1
2024,2024101497060,3,0,0,0,0,0,0,0,0,0,0,0
2024,2024101483377,2,0,0,0,0,0,0,0,0,0,0,1
2024,2024101444783,3,0,0,0,0,0,0,0,0,0,0,1
2024,2024101517978,3,0,0,0,0,0,0,0,0,0,0,1
2024,2024101411723,2,0,0,0,0,0,0,1,1,0,0,1
2024,2024101525283,3,0,0,0,0,0,0,0,0,0,0,1
2024,2024101500828,3,0,0,0,0,0,0,0,0,0,0,1
2024,2024111451516,3,0,0,0,0,0,0,0,0,0,0,1
2024,2024111462670,2,0,0,0,0,0,0,1,1,0,0,1
2024,2024111451915,3,0,0,0,0,0,0,0,1,0,0,1
2024,2024111420620,3,0,0,0,0,0,0,0,0,0,0,0
2024,2024111489445,3,0,0,0,0,0,0,0,0,0,0,1
2024,2024122400252,3,1,0,0,0,0,0,0,0,0,0,1
2024,2024122400328,3,1,0,0,0,0,0,0,0,0,0,1
2024,2024122400630,3,1,0,0,0,0,0,0,0,0,0,1
2024,2024122400917,3,1,0,0,0,0,0,0,0,0,0,0
2024,2024122400491,3,1,0,0,0,0,0,0,0,0,0,0
2024,2024122401260,3,1,0,0,0,0,0,0,0,0,0,0
2024,2024122401136,3,1,0,0,0,0,0,0,0,0,0,1
2024,2024122400753,3,1,0,0,0,0,0,1,1,0,0,1
2024,2024122401290,3,1,0,0,0,0,0,0,0,0,0,0
2024,2024122400247,3,1,0,0,0,0,0,0,0,0,0,1
2024,2024131484705,3,0,0,0,0,0,0,0,1,0,0,1
2024,2024131525052,3,0,0,0,0,0,0,0,0,0,0,1
2024,2024131464400,2,0,0,0,0,0,0,1,1,0,0,1
2024,2024131486895,2,0,0,0,0,0,0,0,0,0,0,0
2024,2024131474060,3,0,0,0,0,0,0,0,0,0,0,0
2024,2024131403321,3,0,0,0,0,0,0,0,0,0,0,1
2024,2024131489631,3,0,0,0,0,0,0,0,0,0,0,1
2024,2024131411146,3,0,0,0,0,0,0,0,0,0,0,0
2024,2024131461313,3,0,0,0,0,0,0,1,1,0,0,1
2024,2024131487639,3,0,0,0,0,0,0,0,0,0,0,0
2024,2024131478715,3,0,0,0,0,0,0,0,0,0,0,0
2024,2024131409581,2,0,0,0,0,0,0,0,0,0,0,1
2024,2024131444894,3,0,0,0,0,0,0,0,0,0,0,1
2024,2024131403253,3,0,0,0,0,0,0,0,1,0,0,1
2024,2024131468042,3,0,0,0,0,0,0,0,0,0,0,1
2024,2024131452374,2,0,0,0,0,0,0,0,0,0,0,1
2024,2024131486021,3,0,0,0,0,0,0,0,0,0,0,1
2024,2024131509624,3,0,0,0,0,0,0,0,0,0,0,1
2024,2024131487680,3,0,0,0,0,0,0,0,0,0,0,0
2024,2024131519623,3,0,0,0,0,0,0,0,0,0,0,0
2024,2024131529754,3,0,0,0,0,0,0,0,0,0,0,1
2024,2024131451248,3,0,0,0,0,0,0,0,0,0,0,0
2024,2024131409147,3,0,0,0,0,0,1,0,1,0,0,1
2024,2024131449066,2,0,0,0,0,0,0,0,0,0,1,0
2024,2024131507822,2,0,0,0,0,0,0,1,1,0,0,1
2024,2024131431682,3,0,0,0,0,0,0,0,0,1,1,1
2024,2024131474450,3,0,0,0,0,0,0,0,0,0,0,0
2024,2024131499210,3,0,0,0,0,0,0,0,0,1,1,1
2024,2024131478209,3,0,0,0,0,0,0,1,1,0,0,1
2024,2024131509913,3,0,0,0,0,0,0,0,0,0,0,0
2024,2024131460058,3,0,0,0,0,0,0,1,1,0,0,1
2024,2024131495958,2,0,0,0,0,0,0,1,1,0,0,1
2024,2024131474063,3,0,0,0,0,0,0,0,0,0,0,1
2024,2024131428463,2,0,0,0,0,0,0,0,0,0,0,1
2024,2024131512689,3,0,0,0,0,0,0,0,0,0,0,0
2024,2024131477555,2,0,0,0,0,0,0,0,0,1,1,1
2024,2024131402690,3,0,0,0,0,0,0,0,0,0,0,1
2024,2024131505025,2,0,0,0,0,0,0,0,0,0,0,1
2024,2024131510517,3,0,0,0,0,0,0,0,0,0,0,1
2024,2024131452273,2,0,0,0,0,0,0,0,0,0,0,1
2024,2024131468121,3,0,0,0,0,0,0,0,0,0,0,1
2024,2024131423761,2,0,0,0,0,0,0,0,0,0,0,0
2024,2024131418902,2,0,0,0,0,0,0,0,0,0,0,0
2024,2024131494254,3,0,0,0,0,0,0,0,0,0,0,0
2024,2024131427613,3,0,0,0,0,0,0,0,0,0,0,1
2024,2024131414005,3,0,0,0,0,1,1,0,1,1,1,1
2024,2024131479608,2,0,0,0,0,0,0,0,0,0,0,1
2024,2024131507110,3,0,0,0,0,0,0,0,0,0,0,1
2024,2024131407359,2,0,0,0,0,0,0,0,0,1,1,1
2024,2024131471846,3,0,0,0,0,0,0,0,0,0,0,1
2024,2024131445301,3,0,0,0,0,0,0,0,0,0,0,0
2024,2024131477558,3,0,0,0,0,0,0,0,0,0,0,1
2024,2024131456073,3,0,0,0,0,0,0,0,0,0,0,1
2024,2024131502576,3,0,0,0,0,0,0,0,0,0,0,0
2024,2024131510011,3,0,0,0,0,0,0,0,0,0,0,0
2024,2024131397838,3,0,0,0,0,0,0,0,0,0,0,1
2024,2024131533421,3,0,0,0,0,0,0,0,0,0,0,0
2024,2024131472333,2,0,0,0,0,0,0,0,0,0,0,1
2024,2024131508858,3,0,0,0,0,0,0,0,0,0,0,0
2024,2024131491729,3,0,0,0,0,0,0,0,0,0,0,1
2024,2024131515717,3,0,0,0,0,0,0,0,0,0,0,0
2024,2024141509938,3,0,0,0,1,1,1,1,1,1,1,1
2024,2024141491782,2,0,0,0,0,0,0,0,0,1,1,1
2024,2024141400712,3,0,0,0,0,0,0,0,0,0,0,1
2024,2024141462241,3,0,0,0,1,1,1,1,1,1,1,1
2024,2024141519443,3,0,0,0,0,0,0,0,0,0,0,1
2024,2024141456167,3,0,0,0,0,0,0,0,0,0,0,1
2024,2024141486608,2,0,0,0,0,0,0,0,0,0,0,0
2024,2024141420699,3,0,0,0,0,0,0,0,0,0,0,0
2024,2024141515816,3,0,0,0,0,0,0,0,0,0,0,1
2024,2024141394541,2,0,0,0,0,0,0,0,0,0,0,0
2024,2024141431061,3,0,0,0,0,0,0,0,0,0,0,0
2024,2024141416456,3,0,0,0,0,0,0,0,1,0,0,1
2024,2024141421541,3,0,0,0,0,0,0,0,0,0,0,1
2024,2024141507723,2,0,0,0,0,0,0,0,0,0,0,1
2024,2024141425613,3,0,0,0,0,0,0,0,0,0,0,1
2024,2024141417857,3,0,0,0,1,1,1,1,1,1,1,1
2024,2024141423708,3,0,0,0,0,0,0,0,0,1,1,1
2024,2024141434595,3,0,0,0,0,0,1,1,1,0,0,1
2024,2024141407582,3,0,0,0,0,0,0,0,0,1,1,1
2024,2024141484168,3,0,0,0,0,0,0,0,0,0,0,0
2024,2024141475375,3,0,0,0,0,0,0,0,0,0,0,1
2024,2024141410015,3,0,0,0,0,0,0,0,0,0,0,0
2024,2024141510143,3,0,0,0,0,0,0,0,0,0,1,0
2024,2024141405378,3,0,0,0,0,0,0,0,0,0,0,1
2024,2024141410724,2,0,0,0,0,0,0,0,0,0,0,1
2024,2024141405064,3,0,0,0,0,0,0,0,0,0,0,0
2024,2024141521609,2,0,0,0,0,0,0,0,0,0,0,1
2024,2024141420278,2,0,0,0,0,0,0,1,1,0,0,1
2024,2024141403034,3,0,0,0,0,0,0,0,0,0,0,1
2024,2024161433276,3,0,0,0,0,0,0,0,0,0,0,1
2024,2024161415212,3,0,0,0,0,0,0,0,0,0,0,1
2024,2024161411540,2,0,0,0,0,0,0,0,0,0,0,0
2024,2024161429575,3,0,0,0,0,0,0,0,0,0,0,1
2024,2024161458616,2,0,0,0,0,0,0,0,0,0,0,1
2024,2024161479361,3,0,0,0,0,0,0,0,0,0,0,1
2024,2024161497918,2,0,1,1,1,1,1,1,1,1,1,1
2024,2024161511527,2,0,0,0,0,0,0,0,0,1,1,1
2024,2024161415564,3,0,0,0,0,0,1,1,1,0,0,1
2024,2024161414745,3,0,0,0,0,0,0,0,0,0,0,1
2024,2024161447665,3,0,0,0,0,0,0,0,0,0,0,1
2024,2024161463288,2,0,0,0,0,0,0,0,0,0,0,1
2024,2024161434158,3,0,0,0,0,0,0,0,1,0,0,1
2024,2024161426177,2,0,0,0,0,0,0,0,0,0,0,1
2024,2024161485601,3,0,0,0,0,0,0,0,0,0,0,0
2024,2024161428675,3,0,0,0,0,0,0,0,0,0,0,1
2024,2024161508208,3,0,0,0,0,0,0,0,0,0,0,1
2024,2024161414707,3,0,0,0,0,0,0,0,0,0,0,0
2024,2024201464127,3,0,0,0,0,0,0,0,0,0,0,1
2024,2024201497667,3,0,0,0,0,0,0,0,0,0,0,0
2024,2024201470332,3,0,0,0,0,0,0,0,0,1,1,1
2024,2024201472542,2,0,0,0,0,0,0,0,0,0,0,1
2024,2024201440997,3,0,0,0,0,0,0,0,0,0,0,0
2024,2024201406101,3,0,0,0,0,0,0,0,0,0,0,0
2024,2024201437452,3,0,0,0,0,0,0,1,1,0,0,1
2024,2024201493205,3,0,0,0,0,0,0,1,1,0,0,1
2024,2024201421382,3,0,0,0,0,0,0,0,1,1,1,1
2024,2024201533753,3,0,0,0,0,0,0,0,0,0,0,1
2024,2024201458923,3,0,0,0,0,0,0,0,0,0,0,1
2024,2024201463008,3,0,0,0,0,0,0,0,0,0,0,0
2024,2024201491164,2,0,0,0,0,0,0,0,0,0,0,0
2024,2024201544799,2,0,0,0,0,0,0,0,0,0,0,1
2024,2024201474306,3,0,0,0,0,0,0,0,0,0,0,1
2024,2024201436919,3,0,0,0,0,0,0,0,0,0,0,1
2024,2024201483585,3,0,0,0,0,0,0,0,0,0,0,1
2024,2024201526280,3,0,0,0,0,0,0,0,1,0,0,1
2024,2024201524168,3,0,0,0,0,0,0,0,0,0,0,1
2024,2024201500321,2,0,0,0,0,0,0,0,0,0,0,1
2024,2024201482781,3,0,0,0,0,0,0,0,0,0,0,0
2024,2024201498703,2,0,0,0,0,0,0,1,1,0,0,1
2024,2024201523990,2,0,0,0,0,0,0,0,0,0,0,1
2024,2024201456016,3,0,0,0,1,1,1,1,1,1,1,1
2024,2024201480290,3,0,0,0,0,0,0,0,0,0,0,1
2024,2024201533650,3,0,0,0,0,0,0,0,0,0,0,1
2024,2024201433449,3,0,0,0,0,0,1,1,1,0,0,1
2024,2024201437330,3,0,0,0,0,0,0,0,0,0,0,1
2024,2024201441969,2,0,0,0,0,0,0,0,0,1,1,1
2024,2024201510454,3,0,0,0,0,0,0,0,0,0,0,0
2024,2024201414488,3,0,0,0,0,0,0,0,0,0,0,0
2024,2024201434199,2,0,0,0,0,0,0,0,0,0,0,0
2024,2024201417324,3,0,0,0,0,0,0,0,0,0,0,0
2024,2024201445879,3,0,0,0,0,0,0,0,0,0,0,1
2024,2024201489070,3,0,0,0,0,0,0,0,0,0,0,0
2024,2024201494693,3,0,0,0,0,0,0,0,0,0,0,1
2024,2024201505968,3,0,0,0,0,0,0,0,1,0,0,1
2024,2024201411402,3,0,0,0,0,0,0,0,0,0,0,1
2024,2024201479834,3,0,0,0,0,0,0,0,0,0,0,1
2024,2024201520219,3,0,0,0,0,0,0,0,0,0,0,1
2024,2024201424928,3,0,0,0,0,0,0,0,0,0,0,1
2024,2024201434215,3,0,1,1,1,1,1,1,1,1,1,1
2024,2024201460355,1,0,0,0,0,0,0,0,0,0,0,1
2024,2024201456560,3,0,0,0,0,0,0,0,0,1,1,1
2024,2024201515563,3,0,0,0,0,0,0,0,0,0,0,0
2024,2024201502014,3,0,0,0,0,0,0,0,0,0,0,1
2024,2024201512362,3,0,0,0,0,0,0,0,0,0,0,0
2024,2024201441429,2,0,0,0,0,0,0,0,0,0,0,0
2024,2024201518769,2,0,0,0,0,0,0,0,0,0,0,1
2024,2024201505632,3,0,0,0,0,0,0,0,0,0,0,1
2024,2024211485367,3,0,0,0,0,0,0,0,0,0,0,1
2024,2024211439365,3,0,0,0,0,0,0,0,0,0,0,1
2024,2024211431260,3,0,0,0,0,0,0,0,1,0,0,1
2024,2024211492675,3,0,0,0,0,0,0,0,0,0,0,1
2024,2024211524588,2,0,0,0,0,0,0,0,0,1,1,1
2024,2024211410469,3,0,0,0,0,0,0,0,0,0,0,1
2024,2024211479803,3,0,0,0,0,0,0,0,0,0,0,1
2024,2024211546044,3,0,0,0,0,0,0,0,0,0,0,0
2024,2024211512815,3,0,0,0,0,0,0,0,0,0,0,1
2024,2024211451851,3,0,0,0,0,0,0,0,0,0,0,0
2024,2024211434168,3,0,0,0,0,0,0,0,0,0,0,1
2024,2024211464297,3,0,0,0,0,0,0,0,0,0,0,1
2024,2024211523388,2,0,0,0,0,0,0,0,0,0,0,1
2024,2024211468757,1,0,0,0,0,0,0,0,0,0,0,1
2024,2024221484834,2,0,0,0,0,1,1,0,1,1,1,1
2024,2024221482326,3,0,0,0,0,0,0,0,0,0,0,1
2024,2024221438682,3,0,0,0,0,0,0,0,0,0,0,0
2024,2024221469346,2,0,0,0,0,1,1,0,1,1,1,1
2024,2024221518889,2,0,0,0,0,0,0,0,0,0,0,1
2024,2024221435485,3,0,0,0,0,0,0,0,0,1,1,1
2024,2024221516476,3,0,0,0,0,0,0,0,0,0,0,0
2024,2024221443347,2,0,0,0,0,0,0,0,0,1,1,1
2024,2024221454693,3,0,0,0,0,0,0,0,1,0,0,1
2024,2024221449596,3,0,0,0,0,1,1,0,1,1,1,1
2024,2024221498634,3,0,0,0,0,0,0,0,0,0,0,0
2024,2024221417996,3,0,0,0,0,0,0,1,1,0,0,1
2024,2024221399342,3,0,0,0,0,0,0,1,1,0,0,1
2024,2024221400400,3,0,0,0,0,0,0,0,0,0,0,1
2024,2024221515623,3,0,0,0,0,0,0,0,0,0,0,1
2024,2024221405118,3,0,0,0,0,0,0,1,1,0,0,1
2024,2024221534112,3,0,0,0,0,0,0,0,0,0,0,0
2024,2024221530563,3,0,0,0,0,0,0,0,0,0,0,1
2024,2024221509443,3,0,0,0,0,0,0,0,0,0,0,1
2024,2024221482681,3,0,0,0,0,0,0,0,0,0,0,0
2024,2024221476034,3,0,0,0,0,0,0,0,0,0,0,1
2024,2024221420201,3,0,0,0,0,0,0,0,0,0,0,0
2024,2024231524392,3,0,0,0,0,0,0,0,0,0,0,0
2024,2024231489651,3,0,0,0,0,0,0,0,0,0,0,1
2024,2024231404462,3,0,0,0,0,0,0,0,0,0,0,1
2024,2024231427219,2,0,0,0,0,0,0,0,0,0,0,0
2024,2024231524840,3,0,0,0,0,0,0,0,0,0,0,0
2024,2024231516672,3,0,0,0,0,0,0,0,0,0,0,1
2024,2024231531709,3,0,0,0,0,0,0,0,0,0,0,1
2024,2024231490424,3,0,0,0,0,0,0,0,0,0,0,1
2024,2024231464840,2,0,0,0,0,0,0,1,1,0,0,1
2024,2024231465436,3,0,0,0,0,0,0,0,0,0,0,1
2024,2024231433431,2,0,0,0,0,0,0,0,0,0,0,0
2024,2024231516659,3,0,0,0,0,0,0,0,0,0,0,0
2024,2024231492310,2,0,0,0,0,0,0,0,0,0,0,1
2024,2024231501620,2,0,0,0,0,0,0,0,0,0,0,1
2024,2024231452805,3,0,0,0,0,0,0,0,0,0,0,0
2024,2024231490472,3,0,0,0,0,0,0,0,0,0,0,1
2024,2024231506337,3,0,0,0,0,0,0,0,0,0,0,1
2024,2024231447100,3,0,0,0,0,0,0,0,0,0,0,1
2024,2024231486375,3,0,0,0,0,0,0,0,0,0,0,1
2024,2024302401313,3,1,0,0,0,0,0,0,0,0,0,1
2024,2024302401561,3,1,0,0,0,0,0,0,0,0,0,1
2024,2024302401237,3,1,0,0,0,0,0,0,0,0,0,0
2024,2024302401315,3,1,0,0,0,0,0,0,0,0,0,0
2024,2024302401422,3,1,0,0,0,0,0,0,0,0,0,1
2024,2024302401017,3,1,0,0,0,0,0,0,0,0,0,1
2024,2024302401233,3,1,0,0,0,0,0,0,0,0,0,0
2024,2024302401375,3,1,0,0,0,0,0,0,0,0,0,1
2024,2024302401362,3,1,0,0,0,0,0,0,0,0,0,1
2024,2024302401113,3,1,0,0,0,0,0,0,0,0,0,1
2024,2024302400951,3,1,0,0,0,0,0,0,0,0,0,1
2024,2024302401039,3,1,0,0,0,0,0,0,0,0,0,0
2024,2024302401199,2,1,0,0,1,1,1,1,1,1,1,1
2024,2024302401740,2,1,0,0,0,0,0,0,0,0,0,1
2024,2024302401187,3,1,0,0,0,0,0,0,0,0,0,0
2024,2024302400850,3,1,0,0,0,0,0,0,0,0,0,0
2024,2024302401344,3,1,0,0,0,0,0,0,0,0,0,1
2024,2024302400500,2,1,0,0,0,0,0,0,0,0,0,1
2024,2024302400623,3,1,0,0,0,0,0,0,0,0,0,0
2024,2024302401505,3,1,0,0,0,0,0,0,0,0,0,1
2024,2024302401078,3,1,0,0,0,0,0,0,0,0,0,0
2024,2024302401294,3,1,0,0,0,0,0,0,0,0,0,1
2024,2024302401693,3,1,0,0,0,0,0,0,0,0,0,0
2024,2024302401201,2,1,0,0,0,0,0,0,0,0,0,0
2024,2024302400060,2,1,0,0,0,0,0,0,0,0,0,0
2024,2024302401454,2,1,0,0,0,0,0,0,0,0,0,1
2024,2024302400635,3,1,0,0,0,0,0,0,0,0,0,0
2024,2024302401699,3,1,0,0,1,1,1,1,1,1,1,1
2024,2024311489646,3,0,0,0,0,0,0,0,0,0,0,0
2024,2024311505853,3,0,0,0,0,0,0,0,0,0,0,0
2024,2024311525957,3,0,0,0,0,0,0,0,0,0,0,0
2024,2024311465520,3,0,0,0,0,0,0,0,0,0,0,0
2024,2024311472626,3,0,0,0,0,0,1,1,1,0,0,1
2024,2024311444176,2,0,0,0,0,0,0,0,0,0,0,0
2024,2024311428076,3,0,0,0,0,0,0,0,0,0,0,0
2024,2024311423032,3,0,0,0,0,0,0,0,0,0,0,1
2024,2024311465506,3,0,0,0,0,0,0,0,0,0,0,1
2024,2024311490555,3,0,0,0,0,0,0,0,0,0,0,0
2024,2024311410872,3,0,0,0,0,0,0,0,0,0,0,0
2024,2024311520849,3,0,0,0,0,0,0,1,1,0,0,1
2024,2024311520881,3,0,0,0,0,0,0,0,0,0,0,1
2024,2024311469471,3,0,0,0,0,0,0,0,0,1,1,1
2024,2024311513598,3,0,0,0,0,0,0,0,0,0,0,0
2024,2024311471474,3,0,0,0,0,0,0,0,0,0,0,1
2024,2024311509456,2,0,0,0,0,0,0,0,0,0,0,1
2024,2024311508536,3,0,0,0,0,0,0,1,1,0,0,1
2024,2024311400367,3,0,0,0,0,0,0,0,0,0,0,1
2024,2024311548088,3,0,0,0,0,0,0,0,0,0,0,1
2024,2024311536292,3,0,0,0,0,0,0,0,0,0,0,0
2024,2024332400973,3,0,0,0,0,0,0,0,0,0,0,0
2024,2024332400541,3,0,0,0,0,0,0,0,0,0,0,1
2024,2024332400601,3,0,0,0,0,0,0,0,1,0,0,1
2024,2024332400346,2,0,0,0,0,0,0,0,0,0,0,1
2024,2024332401134,3,0,0,0,0,0,0,0,0,0,0,1
2024,2024332401075,3,0,0,0,0,0,0,0,0,0,0,1
2024,2024340WN4882,3,0,0,0,0,0,0,0,0,0,0,1
2024,2024340NN3222,3,0,0,0,0,0,0,0,0,0,0,0
2024,2024340WN6812,3,0,0,0,0,0,0,0,0,0,0,0
2024,2024340WN4252,3,0,0,0,0,0,0,0,0,0,0,1
2024,2024340NN3132,3,0,0,0,0,0,0,0,0,0,0,0
2024,2024340WN0962,2,0,0,0,0,0,0,0,0,0,0,1
2024,2024340WN0322,3,0,0,0,0,0,0,0,0,0,0,1
2024,2024340WN4282,3,0,0,0,0,0,0,0,0,0,0,1
2024,2024340WN5432,3,0,0,0,0,0,0,0,0,0,0,1
2024,2024340NN4122,3,0,0,0,0,0,0,0,0,0,0,0
2024,2024340WN4552,3,0,0,0,0,0,0,0,1,0,0,1
2024,2024340NN1892,3,0,0,0,0,0,0,0,0,0,0,1
2024,2024340WN0952,3,0,0,0,0,0,0,0,0,0,0,1
2024,2024340NN0882,3,0,0,0,0,0,0,0,0,0,0,0
2024,2024340NN1682,3,0,0,0,0,0,0,0,0,1,1,1
2024,2024351528696,3,0,0,0,0,0,0,0,0,0,0,0
2024,2024351420942,3,0,0,0,0,0,0,0,0,0,0,0
2024,2024351537278,3,0,0,0,0,0,0,0,0,0,0,0
2024,2024351463908,2,0,0,0,0,0,0,0,0,0,0,1
2024,2024351469098,2,0,0,0,0,0,0,0,0,0,0,1
2024,2024351415418,3,0,0,0,0,0,0,0,0,0,0,1
2024,2024351401581,2,0,0,0,0,0,0,0,0,0,0,0
2024,2024351422325,3,0,0,0,0,0,0,0,0,0,0,0
2024,2024351471663,3,0,0,0,0,0,0,0,0,0,0,0
2024,2024351425942,3,0,0,0,0,0,0,0,1,0,0,1
2024,2024351537260,3,0,0,0,0,0,0,0,0,0,0,1
2024,2024351479631,3,0,0,0,0,0,0,0,0,0,0,1
2024,2024361400469,3,0,0,0,0,0,0,0,0,0,0,1
2024,2024361405319,3,0,0,0,0,0,0,0,0,0,0,0
2024,2024361470953,2,0,0,0,0,0,1,1,1,0,0,1
2024,2024361415599,2,0,0,0,0,0,0,0,0,1,1,1
2024,2024361414657,3,0,0,0,0,0,0,0,0,0,0,1
2024,2024361404123,3,0,0,0,0,0,0,0,0,0,0,1
2024,2024361485344,3,0,0,0,0,0,0,0,0,0,0,1
2024,2024361437098,3,0,0,0,0,0,0,0,0,0,0,1
2024,2024361417886,3,0,0,0,0,0,0,0,0,0,0,1
2024,2024361418242,3,0,0,0,0,0,0,0,0,0,0,0
2024,2024361525145,3,0,0,0,0,0,0,0,0,0,0,0
2024,2024361528988,1,0,0,0,0,0,0,0,0,0,0,1
2024,2024361441327,3,0,0,0,0,0,0,1,1,0,0,1
2024,2024361469104,2,0,0,0,0,0,0,1,1,0,0,1
2024,2024361497132,3,0,0,0,0,0,0,0,0,0,0,1
2024,2024361429262,3,0,0,0,0,0,0,0,0,0,0,1
2024,2024361492935,3,0,0,0,0,0,0,0,0,0,0,1
2024,2024371537232,3,0,0,0,0,0,0,1,1,0,0,1
2024,2024371438592,2,0,0,0,0,0,0,0,0,0,0,1
2024,2024401498742,3,0,0,0,0,0,0,0,0,0,0,0
2024,2024401414422,3,0,0,0,0,0,0,0,0,0,0,1
2024,2024401477242,3,0,1,1,1,1,1,1,1,1,1,1
2024,2024401431819,3,0,0,0,0,0,0,0,0,0,0,1
2024,2024401529324,2,0,0,0,0,0,0,0,0,0,0,1
2024,2024401539759,3,0,0,0,0,0,0,0,0,0,0,1
2024,2024401498730,3,0,0,0,0,0,0,0,0,0,0,1
2024,2024401492756,3,0,0,0,0,0,0,0,0,0,0,0
2024,2024401491122,3,0,0,0,0,0,0,0,0,0,0,1
2024,2024401411547,3,0,0,0,0,0,0,0,0,0,0,0
2024,2024401429863,3,0,0,0,0,0,0,0,0,0,0,0
2024,2024401435007,3,0,0,0,0,0,0,0,0,0,0,1
2024,2024401408907,3,0,0,0,0,0,0,0,0,0,0,1
2024,2024401414588,3,0,0,0,0,0,0,0,0,0,0,1
2024,2024401545136,3,0,0,0,0,0,0,0,1,0,0,1
2024,2024401476798,3,0,0,0,0,0,0,0,0,0,0,1
2024,2024401419735,3,0,0,0,0,0,0,0,0,0,0,0
2024,2024401484191,3,0,0,0,0,0,0,0,0,0,0,0
2024,2024401476479,3,0,0,0,0,0,0,0,0,0,0,1
2024,2024401510013,3,0,0,0,0,0,0,0,0,0,0,0
2024,2024401450319,3,0,0,0,0,0,0,0,0,0,0,1
2024,2024411490018,3,0,0,0,0,0,0,0,0,0,0,1
2024,2024411495307,3,0,0,0,0,0,0,0,0,0,0,1
2024,2024411479155,3,0,0,0,0,0,0,0,0,0,0,1
2024,2024411452370,3,0,0,0,0,0,0,0,0,0,0,1
2024,2024411565809,3,0,0,0,0,0,0,0,0,0,0,0
2024,2024411404254,3,0,0,0,0,0,0,0,0,0,0,1
2024,2024411463432,3,0,0,0,0,0,0,0,0,0,0,1
2024,2024411407609,3,0,0,0,0,0,0,0,0,0,0,0
2024,2024411502311,3,0,0,0,0,0,0,0,1,0,0,1
2024,2024411493458,3,0,0,0,0,0,0,0,0,0,0,1
2024,2024411463890,2,0,0,0,0,0,0,0,0,0,0,1
2024,2024411407680,3,0,0,0,0,0,0,0,0,0,0,1
2024,2024411539064,3,0,0,0,0,0,0,0,0,1,1,1
2024,2024411457651,3,0,0,0,0,0,0,0,0,0,0,0
2024,2024421411734,3,0,0,0,0,0,0,0,0,0,0,1
2024,2024421523064,3,0,0,0,0,0,0,0,0,0,0,1
2024,2024421503637,2,0,0,0,1,1,1,1,1,1,1,1
2024,2024421502156,2,0,0,0,0,0,0,0,0,0,0,1
2024,2024421495957,3,0,0,0,0,0,0,0,0,1,1,1
2024,2024421494524,3,0,0,0,0,0,0,0,0,0,0,1
2024,2024421460222,2,0,0,0,0,0,0,0,0,0,0,1
2024,2024421420856,3,0,0,0,0,0,0,0,0,0,0,1
2024,2024421493246,2,0,0,0,0,0,1,1,1,0,0,1
2024,2024421510525,1,0,0,0,0,0,0,0,0,0,0,0
2024,2024421434458,2,0,0,0,0,0,0,0,1,1,1,1
2024,2024421475539,2,0,0,0,0,0,0,0,0,0,0,1
2024,2024421475046,3,0,0,0,0,0,0,0,0,0,0,0
2024,2024421530028,3,0,0,0,0,0,0,0,0,0,0,1
2024,2024421430887,3,0,0,0,0,0,0,0,0,0,0,1
2024,2024421405980,3,0,0,0,0,0,0,0,1,0,0,1
2024,2024421416186,3,0,0,0,0,0,0,0,0,0,0,1
2024,2024421445023,2,0,0,0,0,0,0,1,1,0,0,1
2024,2024430426030,3,1,0,0,0,0,0,0,0,0,0,1
2024,2024430023243,3,1,0,0,0,0,0,0,0,0,0,0
2024,2024430194734,3,1,0,0,0,0,0,0,0,0,0,1
2024,2024430150976,3,1,0,0,0,0,0,0,0,0,0,1
2024,2024430319458,3,1,0,0,0,0,0,0,0,0,0,0
2024,2024430118680,3,1,0,0,0,0,0,0,0,0,0,1
2024,2024430207535,3,1,0,0,0,0,0,0,0,0,0,1
2024,2024430583134,3,1,0,0,0,0,0,0,0,0,0,0
2024,2024430326604,3,1,0,0,0,0,0,0,0,0,0,1
2024,2024430466959,2,1,0,0,0,0,0,0,0,1,1,1
2024,2024430334265,3,1,0,0,0,0,0,0,0,0,0,0
2024,2024430244874,3,1,0,0,0,0,0,0,0,0,0,1
2024,2024430290291,3,1,0,0,0,0,0,0,0,0,0,1
2024,2024430339109,3,1,0,0,0,0,0,0,0,0,0,1
2024,2024430133251,3,1,0,0,0,0,0,0,1,1,1,1
2024,2024430539579,2,1,0,0,0,0,0,0,0,0,0,0
2024,2024430034916,2,1,0,0,0,0,0,0,0,0,0,1
2024,2024430174261,3,1,0,0,0,0,0,0,0,0,0,0
2024,2024430524714,3,1,0,0,0,0,0,0,0,0,0,0
2024,2024430040727,1,1,0,0,0,0,0,0,0,0,0,1
2024,2024430584111,3,1,0,0,0,0,0,0,0,0,0,0
2024,2024430250027,3,1,0,0,0,0,0,0,0,0,0,1
2024,2024430494094,2,1,0,0,0,0,0,0,0,0,0,1
2024,2024430362976,3,1,0,0,0,0,0,0,0,0,0,1
2024,2024430448638,3,1,0,0,0,0,0,0,0,0,0,0
2024,2024430337985,3,1,0,0,0,0,1,1,1,0,0,1
2024,2024430414387,3,1,0,0,0,0,0,0,0,0,0,0
2024,2024430471844,2,1,0,0,0,0,0,0,0,0,0,0
2024,2024430538374,3,1,0,0,0,0,0,0,0,0,0,1
2024,2024430556151,3,1,0,0,0,1,1,0,1,1,1,1
2024,2024430073648,3,1,0,0,0,0,0,0,0,0,0,1
2024,2024430387497,3,1,0,0,0,0,0,0,0,0,0,1
2024,2024430298200,3,1,0,0,0,0,0,0,0,0,0,0
2024,2024430082455,2,1,0,0,0,0,0,0,0,0,0,1
2024,2024440394300,3,1,0,0,0,0,0,0,0,0,0,1
2024,2024440351680,2,1,0,0,0,0,0,0,0,0,0,1
2024,2024440528866,3,1,0,0,0,0,0,0,0,0,0,1
2024,2024440103598,3,1,0,0,0,0,0,0,0,0,0,0
2024,2024440482419,3,1,0,0,0,0,0,0,0,0,0,1
2024,2024440504770,3,1,0,0,0,0,0,0,0,0,0,1
2024,2024440180604,3,1,0,0,0,0,0,0,0,0,0,0
2024,2024440333398,3,1,0,0,0,0,0,0,0,0,0,1
2024,2024440036484,3,1,0,0,0,0,0,0,0,0,0,1
2024,2024440272207,2,1,0,0,0,1,1,0,1,1,1,1
2024,2024440121220,3,1,0,0,0,0,0,0,0,0,0,0
2024,2024440217106,3,1,0,0,0,0,0,0,0,0,0,0
2024,2024440478586,2,1,0,0,0,0,0,0,0,0,0,0
2024,2024440214709,3,1,0,0,0,0,0,0,0,0,0,0
2024,2024440170821,3,1,0,0,0,0,0,0,0,0,0,1
2024,2024440430731,3,1,0,0,0,0,0,0,0,0,0,0
2024,2024440340121,3,1,0,0,0,0,0,0,0,0,0,0
2024,2024440439727,2,1,0,0,0,0,0,0,0,0,0,1
2024,2024440099264,3,1,0,0,0,0,0,0,0,0,0,1
2024,2024440463288,2,1,0,0,0,0,0,0,0,0,0,0
2024,2024440546822,3,1,0,0,0,0,0,0,0,0,0,1
2024,2024440036201,2,1,0,0,0,0,0,0,0,0,1,0
2024,2024440324724,3,1,0,0,0,0,0,0,0,0,0,1
2024,2024440039751,3,1,0,0,0,0,0,0,0,0,0,0
2024,2024451494518,3,0,0,0,0,0,0,0,0,0,0,0
2024,2024451396153,3,0,0,0,0,0,0,0,0,0,0,0
2024,2024451527676,3,0,0,0,0,0,0,0,0,0,0,1
2024,2024451498348,2,0,0,0,0,0,0,0,0,0,0,1
2024,2024451493830,3,0,0,0,0,0,0,0,0,0,0,1
2024,2024451463319,3,0,0,0,0,0,0,0,0,0,0,1
2024,2024451500307,3,0,0,0,0,0,0,1,1,0,0,1
2024,2024451512688,3,0,0,0,0,0,0,0,0,0,0,1
2024,2024451422601,3,0,0,0,0,0,0,0,0,0,0,0
2024,2024451412669,3,0,0,0,0,0,0,0,0,0,0,0
2024,2024451513591,2,0,0,0,0,0,0,0,0,0,0,0
2024,2024451454101,3,0,0,0,0,0,0,0,0,0,0,1
2024,2024451444216,2,0,0,0,0,0,0,0,0,0,0,1
2024,2024451485142,3,0,0,0,0,0,0,0,0,0,0,1
2024,2024451454175,3,0,0,0,0,0,0,0,0,0,0,0
2024,2024451527200,3,0,0,0,0,0,0,0,0,0,0,1
2024,2024451525054,3,0,0,0,0,0,0,0,0,0,0,1
2024,2024451432024,3,0,0,0,0,0,0,0,0,0,0,0
2024,2024451502315,2,0,0,0,0,0,0,0,0,0,0,0
2024,2024451520876,3,0,0,0,0,0,0,0,0,0,0,1
2024,2024451467385,3,0,0,0,0,0,0,0,0,0,0,1
2024,2024451472914,3,0,0,0,0,0,0,0,0,0,0,0
2024,2024451430645,3,0,0,0,0,0,0,0,0,0,0,1
2024,2024451520972,2,0,0,0,0,0,0,0,0,0,0,1
2024,2024451450531,3,0,0,0,0,0,0,0,0,0,0,1
2024,2024451467191,3,0,0,0,0,0,0,0,0,0,0,0
2024,2024451430877,3,0,0,0,0,0,0,0,0,0,0,0
2024,2024451494293,3,0,0,0,0,0,0,0,0,0,0,1
2024,2024451523772,3,0,0,0,0,0,0,0,0,0,0,1
2024,2024451425097,1,0,0,0,0,0,0,0,0,0,0,1
2024,2024451497078,2,0,0,0,0,0,0,0,0,0,0,1
2024,2024451477995,3,0,0,0,0,0,0,0,0,0,0,0
2024,2024451433005,3,0,0,0,0,0,0,0,0,0,0,1
2024,2024451485782,3,0,0,0,0,0,0,0,0,0,0,0
2024,2024451494777,3,0,0,0,0,0,0,0,0,0,0,1
2024,2024451457354,2,0,0,0,0,0,0,0,0,1,1,1
2024,2024451497724,2,0,0,0,0,0,0,0,0,0,0,1
2024,2024451429814,3,0,0,0,0,0,0,0,0,0,0,1
2024,2024451493570,3,0,0,0,0,0,0,0,0,0,0,0
2024,2024451494640,2,0,0,0,0,0,0,0,0,0,0,1
2024,2024451450238,3,0,0,0,0,0,0,0,0,0,0,0
2024,2024451405718,2,0,0,0,0,0,0,0,0,0,0,0
2024,2024451486925,3,0,0,0,0,0,0,0,0,1,1,1
2024,2024451499856,3,0,0,0,0,0,0,0,0,0,0,1
2024,2024451434254,3,0,0,0,0,0,0,0,0,0,0,0
2024,2024451517570,3,0,0,0,0,0,0,0,0,0,0,1
2024,2024451522841,3,0,0,0,0,0,0,0,0,0,0,1
2024,2024451488945,3,0,0,0,0,0,0,0,0,0,0,1
2024,2024451486958,3,0,0,0,0,0,0,0,0,1,1,1
2024,2024451439862,3,0,0,0,0,0,0,0,0,1,1,1
2024,2024451431679,3,0,0,0,0,0,0,0,0,0,0,1
2024,2024451539657,2,0,0,0,0,0,0,0,1,0,0,1
2024,2024451482691,3,0,0,0,0,0,0,0,1,0,0,1
2024,2024451439501,3,0,0,0,0,0,0,0,0,0,0,1
2024,2024451495550,3,0,0,0,0,0,0,0,0,0,0,1
2024,2024451487038,3,0,0,0,0,0,0,0,0,0,0,1
2024,2024451468245,3,0,0,0,0,0,0,0,0,0,0,1
2024,2024451412637,3,0,0,0,0,0,0,0,0,0,0,0
2024,2024451399994,3,0,0,0,0,0,0,0,0,0,0,0
2024,2024451502639,3,0,0,0,0,0,0,0,0,0,0,1
2024,2024451505909,3,0,0,0,0,0,0,0,0,0,0,1
2024,2024451536223,3,0,0,0,0,0,0,0,0,0,0,1
2024,2024451493852,3,0,0,0,0,0,0,0,0,0,0,1
2024,2024451478846,3,0,0,0,0,0,0,0,0,0,0,1
2024,2024451439390,3,0,0,0,0,0,0,0,0,0,0,0
2024,2024451504520,2,0,0,0,0,0,0,0,0,0,0,1
2024,2024461522956,3,0,0,0,0,0,0,0,0,0,0,1
2024,2024461440033,3,0,0,0,0,1,1,0,1,1,1,1
2024,2024461474921,2,0,0,0,0,0,0,0,0,0,0,1
2024,2024461494405,3,0,0,0,0,0,0,0,0,0,0,1
2024,2024461418782,3,0,0,0,0,0,0,0,0,0,0,1
2024,2024461469413,2,0,0,0,0,0,0,0,0,0,0,0
2024,2024461496532,3,0,0,0,0,0,0,0,0,0,1,0
2024,2024461471695,3,0,0,0,0,0,0,0,0,0,1,0
2024,2024461488881,3,0,0,0,0,0,0,0,0,0,0,0
2024,2024461493716,3,0,0,0,0,0,0,0,0,0,0,1
2024,2024461487819,3,0,0,0,0,0,0,0,0,0,0,0
2024,2024461496552,2,0,0,0,0,0,0,0,0,0,0,0
2024,2024461420460,2,0,0,0,0,0,0,0,0,0,0,1
2024,2024461499911,3,0,0,0,0,0,0,0,0,0,0,1
2024,2024461415510,3,0,0,0,0,0,0,0,0,0,0,1
2024,2024461513343,3,0,0,0,0,0,0,0,0,0,0,1
2024,2024461445275,3,0,0,0,0,0,0,0,0,0,0,0
2024,2024461479240,3,0,0,0,0,0,0,0,0,0,0,1
2024,2024461402975,3,0,0,0,0,0,0,0,0,0,0,1
2024,2024461526436,3,0,0,0,0,0,0,0,0,0,0,1
2024,2024461477494,2,0,0,0,0,0,0,1,1,0,0,1
2024,2024461430691,2,0,0,0,0,0,0,0,0,0,0,1
2024,2024461492683,2,0,1,1,1,1,1,1,1,1,1,1
2024,2024461424651,2,0,0,0,0,0,0,0,0,0,0,1
2024,2024461469105,3,0,0,0,0,0,0,0,0,0,0,1
2024,2024461400562,3,0,0,0,0,0,0,0,0,0,0,0
2024,2024461485821,3,0,0,0,0,0,0,0,0,0,0,1
2024,2024461496010,3,0,0,0,0,0,0,0,0,0,0,1
2024,2024461451045,3,0,0,0,0,0,0,0,0,0,0,0
2024,2024461420024,3,0,0,0,0,0,0,0,0,0,0,1
2024,2024461530215,3,0,0,0,0,0,0,0,0,0,0,1
2024,2024461487797,3,0,0,0,0,0,0,0,0,0,0,0
2024,2024461417893,2,0,0,0,0,0,0,0,0,0,0,1
2024,2024461456934,2,0,0,0,0,0,0,0,0,0,0,1
2024,2024461483052,3,0,0,0,0,0,0,0,0,0,0,1
2024,2024461455157,2,0,0,0,0,0,0,0,0,0,0,1
2024,2024461451717,2,0,0,0,0,0,0,0,0,0,0,0
2024,2024461414000,1,0,0,0,0,0,0,0,0,0,0,0
2024,2024461510692,2,0,0,0,0,0,0,0,0,0,0,0
2024,2024461483262,2,0,0,0,0,0,0,0,0,0,0,0
2024,2024461407212,3,0,0,0,0,0,0,0,0,0,0,1
2024,2024461494602,3,0,0,0,0,0,0,0,0,1,1,1
2024,2024461414337,3,0,0,0,0,0,0,0,0,0,0,1
2024,2024471458594,2,0,0,0,0,0,0,0,0,0,0,0
2024,2024471517906,3,0,0,0,0,0,0,0,0,0,0,1
2024,2024471493520,3,0,0,0,0,0,0,0,0,0,0,0
2024,2024471482842,3,0,0,0,0,0,0,0,0,0,0,1
2024,2024471469817,3,0,0,0,0,0,0,0,0,0,0,0
2024,2024471409622,3,0,0,0,0,0,0,0,0,0,0,1
2024,2024471469377,3,0,0,0,0,0,0,0,0,0,0,1
2024,2024471500499,3,0,0,0,0,0,0,0,0,0,0,0
2024,2024471481497,3,0,0,0,0,0,0,0,0,1,1,1
2024,2024471439062,3,0,0,0,0,0,0,0,0,0,0,0
2024,2024471411756,3,0,0,0,0,0,0,0,0,0,0,1
2024,2024471402313,3,0,0,0,0,0,0,0,0,1,1,1
2024,2024471465024,2,0,0,0,0,0,0,0,0,0,0,1
2024,2024471417438,3,0,0,0,0,0,0,0,0,1,1,1
2024,2024471480069,2,0,0,0,0,0,0,0,0,0,0,0
2024,2024471487645,3,0,0,0,0,1,1,0,1,1,1,1
2024,2024471410448,3,0,0,0,0,0,0,0,0,0,0,0
2024,2024471531678,3,0,0,0,0,0,0,0,0,0,0,1
2024,2024471488286,3,0,0,0,0,0,0,0,0,0,0,1
2024,2024471497237,3,0,0,0,0,0,0,0,0,1,1,1
2024,2024471455982,2,0,0,0,0,0,0,0,0,0,0,1
2024,2024471512379,3,0,0,0,0,0,0,1,1,0,0,1
2024,2024471492311,3,0,0,0,0,0,0,0,0,1,1,1
2024,2024471515194,3,0,0,0,0,0,0,0,0,0,0,1
2024,2024471416303,3,0,0,0,0,0,0,0,0,0,0,1
2024,2024471404573,3,0,0,0,0,0,0,1,1,0,0,1
2024,2024471496905,3,0,0,0,0,0,0,0,0,0,0,0
2024,2024471495175,3,0,0,0,0,0,0,0,0,0,0,0
2024,2024471494317,3,0,0,0,0,0,0,0,0,0,0,0
2024,2024471478865,1,0,0,0,0,0,0,0,0,0,0,1
2024,2024471503673,3,0,0,0,0,0,0,0,0,0,0,1
2024,2024471497492,3,0,0,0,0,0,0,0,0,1,1,1
2024,2024471516608,3,0,0,0,0,0,0,0,0,0,0,0
2024,2024471510603,2,0,0,0,0,0,0,0,0,0,0,1
2024,2024471463111,2,0,0,0,0,0,0,0,0,0,0,0
2024,2024471453738,3,0,0,0,0,0,0,0,0,0,0,0
2024,2024471418860,3,0,0,0,0,0,0,0,0,0,0,1
2024,2024471410742,2,0,0,0,1,1,1,1,1,1,1,1
2024,2024471435682,3,0,0,0,0,0,0,0,0,0,0,1
2024,2024471486681,3,0,0,0,0,0,0,0,0,0,0,1
2024,2024471461256,3,0,0,0,0,0,0,0,0,0,0,1
2024,2024471456951,2,0,0,0,0,0,0,0,0,0,0,1
2024,2024471420479,3,0,0,0,0,0,0,0,0,0,0,0
2024,2024501462944,3,0,0,0,0,0,0,0,0,0,0,0
2024,2024501521320,2,0,0,0,0,0,0,0,0,0,0,0
2024,2024501424950,3,0,0,0,0,0,0,0,0,0,0,0
2024,2024501490361,2,0,0,0,0,0,0,1,1,0,0,1
2024,2024501454357,3,0,0,0,0,0,0,0,0,0,0,0
2024,2024501516015,2,0,0,0,0,0,0,0,0,0,0,0
2024,2024501398263,3,0,0,0,0,0,0,0,0,0,0,1
2024,2024501414788,3,0,0,0,0,0,0,0,0,0,0,1
2024,2024501407155,3,0,0,0,0,0,0,0,1,0,0,1
2024,2024501432398,3,0,0,0,0,0,0,0,0,0,0,1
2024,2024501509435,3,0,0,0,0,0,0,0,0,0,0,0
2024,2024501502143,3,0,0,0,0,0,0,0,0,0,0,0
2024,2024501454899,3,0,0,0,0,0,0,0,0,0,0,1
2024,2024501511419,3,0,0,0,0,0,0,0,0,0,0,0
2024,2024501522950,3,0,0,0,0,0,0,0,1,0,0,1
2024,2024501494953,3,0,0,0,0,0,0,0,0,0,0,0
2024,2024501520762,1,0,0,0,0,0,0,0,0,0,0,1
2024,2024501498770,3,0,0,0,0,0,0,0,0,0,0,1
2024,2024501424311,3,0,0,0,0,0,0,0,0,0,1,0
2024,2024501410873,3,0,0,0,0,0,0,0,0,0,0,1
2024,2024501431000,3,0,0,0,0,0,0,0,0,0,0,1
2024,2024501462814,3,0,0,0,0,0,0,0,0,0,0,1
2024,2024501515044,3,0,0,0,0,0,0,0,0,0,0,1
2024,2024501404523,3,0,0,0,0,0,0,0,0,0,0,1
2024,2024501414358,3,0,0,0,0,0,0,0,0,0,0,1
2024,2024501517750,3,0,0,0,0,0,0,0,0,0,0,1
2024,2024501448958,3,0,0,0,0,0,0,0,0,0,0,1
2024,2024501510907,3,0,0,0,0,0,0,0,1,0,0,1
2024,2024501414740,3,0,0,0,0,0,0,0,0,0,0,1
2024,2024501434530,2,0,1,1,1,1,1,1,1,1,1,1
2024,2024501433957,3,0,0,0,0,0,0,0,0,0,0,0
2024,2024501419039,3,0,0,0,0,0,0,0,0,0,0,1
2024,2024522402039,2,1,1,1,1,1,1,1,1,1,1,1
2024,2024520402186,3,1,0,0,0,0,0,1,1,0,0,1
2024,2024522402072,3,1,0,0,0,0,0,0,0,1,1,1
2024,2024522401317,3,1,0,0,0,0,0,0,0,0,0,1
2024,2024520403447,3,1,0,0,0,0,0,0,0,0,0,1
2024,2024522401329,3,1,0,0,0,0,0,0,0,0,0,1
2024,2024522401084,3,1,0,0,0,0,0,0,0,0,0,1
2024,2024522500114,3,1,0,0,0,0,0,0,0,0,1,0
2024,2024520402749,2,1,0,0,0,0,0,0,0,0,0,0
2024,2024522403203,3,1,0,0,0,0,0,0,0,0,0,1
2024,2024522401140,3,1,0,0,0,0,0,0,0,0,0,1
2024,2024522402519,3,1,0,0,0,0,0,0,0,0,0,1
2024,2024520402896,3,1,0,0,0,0,0,0,0,0,0,0
2024,2024522402190,3,1,0,0,0,0,0,0,0,0,0,0
2024,2024520402985,3,1,0,0,0,0,0,0,0,0,0,0
2024,2024520403339,1,1,0,0,0,0,0,0,0,0,0,0
2024,2024520500442,3,1,0,0,0,0,0,0,0,0,0,0
2024,2024522402956,3,1,0,0,0,0,0,0,0,0,0,1
2024,2024520403362,3,1,0,0,0,0,0,0,0,0,0,1
2024,2024520401358,2,1,0,0,0,0,0,0,0,0,0,1
2024,2024522402013,3,1,0,0,0,0,0,0,0,0,0,0
2024,2024522401629,3,1,0,0,1,1,1,1,1,1,1,1
2024,2024522401714,3,1,0,1,1,1,1,1,1,1,1,1
2024,2024531531066,3,0,0,0,0,0,0,0,0,0,0,1
2024,2024531466291,3,0,0,0,0,0,0,0,0,0,0,1
2024,2024531423459,3,0,0,0,0,0,0,0,0,0,0,0
2024,2024531501048,3,0,0,0,0,0,0,0,0,0,0,1
2024,2024531499026,3,0,0,0,0,0,0,0,0,0,0,0
2024,2024531512174,3,0,0,0,0,0,0,0,0,0,0,0
2024,2024531502272,3,0,0,0,0,0,0,0,0,0,0,1
2024,2024531483075,2,0,0,0,0,0,0,0,0,0,0,1
2024,2024531534966,2,0,0,0,0,0,0,0,0,0,0,0
2024,2024531518328,3,0,0,0,0,0,0,0,0,0,0,1
2024,2024531421645,3,0,0,0,0,0,0,0,0,0,0,0
2024,2024531475839,3,0,0,0,0,0,0,0,0,0,0,1
2024,2024531480032,3,0,0,0,0,0,0,0,0,0,0,1
2024,2024531505823,3,0,0,0,0,0,0,0,0,0,0,1
2024,2024531506007,3,0,0,0,0,0,0,0,0,1,1,1
2024,2024531430698,3,0,0,0,0,0,0,0,0,1,1,1
2024,2024531495490,3,0,1,1,1,1,1,1,1,1,1,1
2024,2024548871324,3,1,0,0,0,0,0,0,0,0,0,0
2024,202454D473024,2,1,0,0,0,0,0,1,1,0,0,1
2024,202454A396624,3,1,0,0,0,0,0,0,0,0,0,0
2024,202454A807624,2,1,0,0,0,0,0,0,0,0,0,0
2024,202454E197924,3,1,0,0,0,0,0,0,0,0,0,1
2024,2024542673224,3,1,0,0,0,0,0,0,0,0,0,1
2024,2024543736224,3,1,0,0,0,0,0,0,0,0,0,1
2024,202454E453524,2,1,0,0,0,0,0,0,0,0,0,0
2024,202454A226624,3,1,0,0,0,0,0,0,0,0,0,1
2024,2024541692624,3,1,0,0,0,0,0,0,0,0,0,0
2024,2024543356724,2,1,1,1,1,1,1,1,1,1,1,1
2024,2024552400438,2,1,0,0,0,1,1,0,1,1,1,1
2024,2024552401331,3,1,0,0,0,0,0,0,0,0,0,1
2024,2024552401321,3,1,0,0,0,0,0,0,0,0,0,1
2024,2024552400996,3,1,0,0,0,0,0,0,0,1,1,1
2024,2024552400981,3,1,0,0,0,0,0,0,0,0,0,0
2024,2024552400367,3,1,0,0,0,0,0,0,0,0,0,1
2024,2024552401275,3,1,0,0,0,0,0,0,0,0,0,0
2024,2024552401148,3,1,0,0,0,0,0,1,1,0,0,1
2024,2024552401182,3,1,0,0,0,0,0,0,0,0,0,1
2024,2024552401456,2,1,0,0,0,0,0,0,0,0,0,0
2024,2024552400584,3,1,1,1,1,1,1,1,1,1,1,1
2024,2024552400642,3,1,0,0,0,0,0,0,1,0,0,1
2024,2024552400846,3,1,0,0,0,0,0,0,0,1,1,1
2024,2024552500042,3,1,1,1,1,1,1,1,1,1,1,1
2024,2024552400659,3,1,0,0,0,0,0,0,0,1,1,1
2024,202460Q026033,2,1,0,0,0,0,0,0,0,0,0,0
2024,202460Q082069,2,1,0,0,0,0,0,0,0,0,0,0
2024,202460Q008259,2,1,0,0,0,0,0,0,0,0,0,1
2024,2024610032924,3,1,0,0,0,0,0,0,0,0,0,1
2024,2024610057024,3,1,0,0,0,0,0,0,0,0,0,1
2024,2024610052724,1,1,0,0,0,0,0,0,0,0,0,0
2024,2024610054424,2,1,0,0,0,0,0,0,0,0,0,1
2024,2024622400452,3,1,0,0,0,0,0,0,0,0,0,0
2024,2024622400211,3,1,0,0,1,1,1,1,1,1,1,1
2024,2024622400520,3,1,1,1,1,1,1,1,1,1,1,1
2024,2024622400540,2,1,0,0,0,0,0,0,0,0,0,0
2024,2024631498163,2,0,0,0,0,0,0,0,0,1,1,1
2024,2024631422247,1,0,0,0,0,0,0,0,0,0,0,1
2024,2024631495826,2,0,0,0,0,0,0,0,0,0,0,1
2024,2024631435534,2,0,0,0,0,0,0,0,0,0,0,0
2024,2024631511779,3,0,0,0,0,0,0,0,0,0,0,1
2024,2024631430255,3,0,0,0,0,1,1,0,1,1,1,1
2024,2024631457584,3,0,0,0,0,0,0,0,0,0,0,0
2024,2024631460061,2,0,0,0,0,0,1,0,1,0,0,1
2024,2024631481379,3,0,0,0,0,0,0,0,0,1,1,1
2024,2024631441508,3,0,0,0,0,0,0,0,0,0,0,1
2024,2024631454922,3,0,0,0,0,0,0,0,0,0,0,1
2024,2024631507688,2,0,0,0,0,0,0,0,0,0,0,0
2024,2024991409977,2,0,0,0,0,0,0,0,0,0,0,0
2024,2024991507726,2,0,0,0,0,0,0,1,1,0,0,1
2024,2024991459852,3,0,0,0,0,0,0,0,0,0,0,1
2024,2024991462339,3,0,0,0,0,0,0,0,0,0,0,0
2024,2024991442957,3,0,0,0,0,0,0,0,0,0,0,0
2024,2024991501329,3,0,0,0,0,0,0,1,1,0,0,1
2024,2024991520677,3,0,0,0,0,0,0,0,0,0,0,1
2024,2024991425929,3,0,0,0,0,0,0,0,0,0,0,1
2024,2024991493220,3,0,0,0,0,0,0,0,0,0,0,1
2024,2024991497543,2,0,1,1,1,1,1,1,1,1,1,1
2024,2024991495654,2,0,0,0,0,0,0,0,0,0,0,1
2024,2024991416369,2,0,0,0,0,0,0,0,0,0,0,1
2024,2024991477946,2,0,0,0,0,0,0,0,0,0,0,0
2024,2024991407793,3,0,0,0,0,0,0,0,0,0,0,1
2024,2024991442398,3,0,0,0,0,1,1,0,1,1,1,1
2024,2024991430213,3,0,0,0,0,0,0,0,0,0,0,1
2024,2024991418380,3,0,0,0,0,0,0,0,0,0,0,1
2024,2024991490004,3,0,0,0,0,0,0,0,0,0,0,1
2024,2024991399564,2,0,0,0,0,0,0,0,0,0,0,1
2024,2024991472756,3,0,0,0,0,0,0,0,0,1,1,1
2024,2024991472461,2,0,0,0,0,0,0,0,0,1,1,1
2024,2024991488997,2,0,0,0,0,0,0,0,0,0,0,0
2024,2024991453923,2,0,0,0,0,0,0,0,0,0,0,1
2024,2024991468729,2,0,0,0,0,0,0,0,0,0,0,1
2024,2024991467598,2,0,0,0,0,0,1,1,1,0,0,1
2024,2024991409428,3,0,0,0,0,0,0,0,0,1,1,1
2024,2024991438527,3,0,0,0,0,0,0,0,0,0,0,1
2024,2024991492666,2,0,0,0,0,0,0,0,0,0,0,1
2024,2024991402731,3,0,0,0,0,0,1,1,1,0,0,1
2024,2024991451606,3,0,0,0,0,0,0,0,0,0,0,1
2024,2024991409995,2,0,0,0,0,0,0,0,0,0,0,0
2024,2024991442993,3,0,0,0,0,0,0,0,0,0,0,1
2024,2024991524163,3,0,0,0,0,0,0,0,0,0,0,1
2024,2024991477082,3,0,0,0,0,0,0,0,0,0,0,0
2024,2024991512995,1,0,0,0,0,0,0,0,0,0,0,0
2024,2024991521039,3,0,0,0,0,0,0,0,0,0,0,1
2024,2024991431807,3,0,0,0,0,0,0,0,0,0,0,0
2024,2024991484851,2,0,0,0,0,0,0,0,0,0,0,1
2024,2024991439441,3,0,0,0,0,0,0,0,0,0,0,1
2024,2024991408683,2,0,0,0,0,0,0,0,0,0,0,0
2024,2024991493534,2,0,0,0,0,0,0,0,0,0,0,1
2024,2024991526937,2,0,0,0,0,0,0,0,0,0,0,0
2024,2024991513866,3,0,0,0,0,0,0,0,0,0,0,0
2024,2024991420046,2,0,0,0,0,0,0,0,0,0,0,1
2024,2024991416921,3,0,0,0,0,0,0,0,0,0,0,0
2024,2024991472778,2,0,0,0,0,0,0,0,0,0,0,0
2024,2024991447215,1,0,0,0,0,0,0,1,1,0,0,1
2024,2024991513689,3,0,0,0,0,0,0,0,0,0,0,1
2024,2024991421963,3,0,0,0,0,0,0,0,0,1,1,1
2024,2024991419742,1,0,0,0,0,0,0,0,0,0,0,1
2024,2024991454225,3,0,0,0,0,0,0,0,0,0,0,1
2024,2024991479768,3,0,0,0,0,0,0,1,1,0,0,1
2024,2024991415139,3,0,0,0,0,0,0,0,0,0,0,0
2024,2024991447439,2,0,0,0,0,0,0,0,0,0,0,0
2024,2024991524874,1,0,0,0,0,0,0,0,0,0,0,1
2024,2024991414372,2,0,0,0,0,0,0,0,0,0,0,1
2024,2024991483777,2,0,0,0,0,0,0,1,1,0,0,1
2024,2024991430351,3,0,0,0,0,0,0,0,0,0,0,1
2024,2024991468857,3,0,0,0,0,0,0,0,0,0,0,1
2024,2024991451818,3,0,0,0,0,0,0,0,0,0,0,0
2024,2024991525214,3,0,0,0,0,0,0,0,0,0,0,1
2024,2024991528480,3,0,0,0,0,0,0,0,0,0,0,1
2024,2024991464272,3,0,0,0,0,0,0,0,0,0,0,1
2024,2024991438983,3,0,0,0,0,0,0,0,0,0,0,0
2024,2024991403509,3,0,0,0,0,0,0,1,1,0,0,1
2024,2024991396978,3,0,0,0,0,0,0,0,0,0,0,0
2024,2024991524354,2,0,0,0,0,0,0,0,0,0,0,0
2024,2024991508881,3,0,0,0,0,0,0,0,0,0,0,0
2024,2024991474310,3,0,0,0,0,0,0,0,0,0,0,1
2024,2024991466178,3,0,0,0,0,0,0,0,0,0,0,0
2024,2024991502853,3,0,1,1,1,1,1,1,1,1,1,1
2024,2024991535723,3,0,0,0,0,0,0,0,0,0,0,0
2024,2024991458542,2,0,0,1,1,1,1,1,1,1,1,1
2024,2024991442643,3,0,0,0,0,0,0,0,0,0,0,1
2024,2024991453097,3,0,0,0,0,0,0,0,1,0,0,1
2025,2025052500361,3,1,0,0,0,0,0,0,0,0,0,1
2025,2025010596420,3,0,0,0,0,0,0,0,0,0,0,1
2025,2025010570300,3,0,0,0,0,0,0,0,0,0,0,1
2025,2025161633338,3,0,0,0,0,0,0,0,0,1,1,1
2025,2025122501259,3,1,0,0,0,0,0,0,0,0,0,1
2025,2025101544711,3,0,0,0,0,0,0,1,1,0,0,1
2025,2025131605460,3,0,0,0,0,0,0,0,0,0,0,1
2025,2025010560306,3,0,0,0,0,0,0,0,0,0,0,1
2025,2025471565196,3,0,0,0,0,0,0,0,0,0,0,1
2025,2025471648586,3,0,0,0,0,0,0,0,0,0,0,0
2025,2025010594717,3,0,0,0,0,0,0,0,0,0,0,0
2025,2025010561487,3,0,0,0,0,0,0,0,0,0,0,0
2025,2025991669473,3,0,0,0,0,0,0,0,0,0,0,0
2025,2025522601065,3,0,0,0,0,0,0,0,0,0,0,1
2025,2025061559951,3,0,0,0,0,0,0,0,0,0,0,1
2025,2025131629669,2,0,0,0,0,0,0,0,0,0,0,1
2025,2025010582226,3,0,0,0,0,0,0,0,0,0,0,1
2025,2025010560132,2,0,0,0,0,0,0,0,0,0,0,0
2025,2025430526381,2,0,0,0,0,0,1,0,1,0,0,1
2025,2025010565392,3,1,0,0,0,0,0,0,0,0,0,1
2025,2025010567463,3,1,0,0,0,0,0,0,0,0,0,1
2025,2025010592344,3,0,0,0,0,0,0,0,0,0,0,1
2025,2025522501493,2,0,0,0,0,0,0,0,0,1,1,1
2025,2025541233625,2,1,0,0,0,0,0,0,0,1,1,1
2025,2025340WN5352,3,0,0,0,0,0,0,0,0,0,0,1
2025,2025201686228,3,0,0,0,0,0,0,0,0,0,0,1
2025,2025201670750,3,0,0,0,0,0,0,0,0,0,1,0
2025,2025461613194,3,0,0,0,0,0,0,0,0,0,0,0
2025,2025471686735,3,0,0,0,0,0,0,0,0,0,0,0
2025,2025070829897,3,0,0,0,0,0,0,0,0,0,0,0
2025,2025010593116,3,0,0,0,0,0,0,0,0,0,0,0
2025,2025010593811,3,0,0,0,0,0,0,0,0,0,0,0
2025,2025010563801,2,0,0,0,0,0,0,0,0,0,0,0
2025,2025411684843,3,0,0,0,0,0,0,1,1,0,0,1
2025,2025991600796,3,0,0,0,0,0,0,0,0,0,0,0
2025,2025631670871,3,0,0,0,0,0,0,0,0,0,0,0
2025,2025522500480,2,0,0,0,0,0,0,0,0,0,0,1
2025,2025141597573,3,0,0,0,0,0,0,0,0,0,0,1
2025,2025010606003,3,0,0,0,0,0,0,0,0,0,0,1
2025,2025031611726,3,0,0,0,0,0,0,0,0,0,0,1
2025,2025052500911,3,1,0,0,0,0,0,0,0,0,0,0
2025,2025010555743,3,0,0,0,0,0,0,0,0,0,0,0
2025,2025010582465,3,0,0,0,0,0,0,0,0,0,0,1
2025,2025010572471,3,0,0,0,0,0,0,1,1,0,0,1
2025,2025401595627,3,0,0,0,0,0,1,0,1,0,0,1
2025,2025010575175,3,0,0,0,0,0,0,0,0,0,1,1
2025,2025010576500,3,1,0,0,0,0,0,0,0,0,0,0
2025,2025421550839,3,0,0,0,0,0,0,0,0,0,0,0
2025,2025531617698,1,0,0,0,0,0,0,0,0,0,0,0
2025,2025440548191,3,0,0,0,0,0,0,0,0,0,0,1
2025,2025471565553,3,0,0,0,0,0,0,0,0,0,0,1
2025,2025141631229,3,0,0,1,1,1,1,1,1,1,1,1
2025,2025201648994,3,0,0,0,0,0,0,0,0,0,0,1
2025,2025101603533,3,0,0,0,0,0,0,0,0,0,0,1
2025,2025141661419,3,0,0,0,0,0,0,0,0,0,0,0
2025,2025010593074,3,0,0,0,0,0,0,0,0,0,0,0
2025,2025041593083,3,0,0,0,0,0,0,0,0,0,0,0
2025,2025991567269,3,0,0,0,0,0,0,0,0,0,0,1
2025,2025161558339,3,0,0,0,0,1,1,0,1,1,1,1
2025,2025520600601,3,0,0,0,0,0,0,0,0,0,0,1
2025,2025010572924,3,0,0,0,0,0,0,0,0,0,0,0
2025,2025440486178,3,0,0,0,0,0,0,0,0,0,0,0
2025,2025010601848,2,0,0,0,0,0,0,0,0,0,0,0
2025,2025010564352,2,0,0,0,0,0,0,0,0,1,1,1
2025,2025451546754,3,0,0,0,0,0,0,0,0,1,1,1
2025,2025430036280,3,1,0,0,0,0,0,0,1,0,0,1
2025,2025131539532,3,0,0,0,1,1,1,1,1,1,1,1
2025,2025411665955,2,0,0,0,0,0,0,0,0,0,0,1
2025,2025461654261,3,0,1,1,1,1,1,1,1,1,1,1
2025,2025451602290,3,0,0,0,0,0,0,0,0,0,0,0
2025,2025991541422,3,0,0,0,0,0,0,0,0,0,0,1
2025,2025131631759,3,0,0,0,0,0,0,0,0,1,1,1
2025,2025461610788,3,0,0,0,0,0,0,0,0,1,1,1
2025,2025471563062,3,0,0,0,0,0,0,0,0,0,0,0
2025,2025471566675,2,0,0,0,0,0,0,0,0,0,0,0
2025,2025340WN1752,3,0,0,0,0,0,0,0,0,0,0,0
2025,2025131558480,3,0,0,0,0,0,0,0,0,0,0,0
2025,2025991554497,2,0,0,0,0,0,0,0,0,0,0,1
2025,2025991711536,3,0,0,0,0,0,0,0,0,0,0,1
2025,2025451616600,3,0,0,0,0,0,0,0,0,0,0,1
2025,2025010551809,3,1,0,0,0,0,0,0,0,1,1,1
2025,2025421597517,3,0,0,0,0,0,0,0,0,0,0,1
2025,2025991539228,3,0,0,0,0,0,0,0,0,0,0,1
2025,2025991569002,3,0,0,0,0,0,0,0,0,0,0,1
2025,2025201592237,3,0,0,0,0,0,0,1,1,0,0,1
2025,2025010586497,3,0,0,0,0,0,0,0,0,0,0,0
2025,2025430065050,2,1,0,0,0,0,0,0,0,1,1,1
2025,2025211567660,3,0,0,0,0,0,0,0,0,0,0,0
2025,2025451677552,3,0,0,0,0,0,0,0,0,0,0,1
2025,2025201615260,3,0,0,0,0,0,0,0,0,0,0,0
2025,2025010558961,3,0,0,0,0,0,0,0,0,0,0,1
2025,2025041603672,3,0,0,0,0,0,0,1,1,0,0,1
2025,2025131544545,3,0,0,0,0,0,0,0,0,1,1,1
2025,2025010573895,2,0,0,0,0,0,0,0,0,0,0,0
2025,2025461626312,3,0,0,0,0,0,0,0,0,0,0,0
2025,2025221656627,3,0,0,0,0,0,0,0,0,0,0,0
2025,2025052501016,3,1,0,0,0,0,0,0,0,0,0,1
2025,2025451653973,2,0,0,0,0,0,0,0,0,0,0,1
2025,2025010573030,3,1,0,0,0,0,0,0,0,0,0,1
2025,2025461610529,2,0,0,0,0,0,0,0,0,0,0,0
2025,2025361551969,3,0,0,0,0,0,0,0,0,0,0,0
2025,2025302500211,3,0,0,0,0,0,0,0,0,0,0,0
2025,2025010574271,3,0,0,0,0,0,0,0,0,0,0,1
2025,2025351667347,3,0,0,0,0,0,0,0,0,0,0,1
2025,2025010591067,3,0,0,0,0,0,0,0,0,0,0,1
2025,2025010574860,3,1,0,0,0,0,0,0,0,0,0,0
2025,2025010580600,3,0,0,0,0,0,0,0,0,0,0,1
2025,2025131651600,2,0,0,0,0,0,0,0,0,0,0,1
2025,2025311586322,3,0,0,0,0,0,0,0,0,0,0,0
2025,2025211667440,2,0,0,0,0,0,0,0,0,0,0,0
2025,2025991607287,3,0,0,0,0,0,0,0,0,0,0,1
2025,2025201555978,3,0,0,0,0,0,0,0,0,0,0,1
2025,2025131575387,3,0,0,0,0,0,0,0,0,0,0,1
2025,2025010590923,2,0,0,0,0,0,0,0,0,0,0,1
2025,2025471545533,2,0,0,0,0,0,0,0,0,0,0,1
2025,2025471671088,3,0,0,0,0,0,1,1,1,0,0,1
2025,2025440484597,3,0,0,0,0,0,0,0,1,0,0,1
2025,2025541672819,2,0,0,0,0,0,0,0,0,0,0,1
2025,2025340NN2732,3,0,0,0,0,0,0,0,0,0,0,0
2025,2025010609754,3,0,0,0,0,0,0,0,0,0,0,0
2025,2025010600947,2,0,0,0,0,0,0,0,0,1,1,1
2025,2025531564361,3,0,0,0,0,0,0,0,0,0,0,1
2025,2025211550749,3,0,0,0,0,0,0,0,0,0,0,1
2025,2025991624229,3,0,0,0,0,0,0,0,0,0,0,0
2025,2025401599842,3,0,0,0,0,0,0,0,0,0,0,1
2025,2025361654593,3,0,0,0,0,0,0,0,0,0,0,0
2025,2025451609766,3,0,0,0,0,0,0,0,0,0,0,1
2025,2025430054316,3,1,0,0,0,0,0,0,0,0,0,1
2025,2025340NN4472,3,0,0,0,0,0,0,0,0,1,1,1
2025,2025141553201,3,0,0,0,0,0,0,0,0,0,0,1
2025,2025141651275,3,0,0,0,0,0,0,0,0,0,0,0
2025,2025010564368,3,1,0,0,0,0,0,0,0,0,0,0
2025,2025461562139,3,0,0,0,0,0,0,0,0,0,0,1
2025,2025991676720,3,0,0,0,0,0,1,1,1,0,0,1
2025,2025440485718,2,0,0,0,0,0,0,0,0,0,0,0
2025,2025451559084,3,0,0,0,0,0,0,0,0,0,0,0
2025,2025430630617,2,0,0,0,0,0,0,0,0,0,0,0
2025,2025340NN3132,2,0,0,0,0,0,0,0,0,0,0,1
2025,2025010576651,3,1,0,0,0,0,0,0,0,0,0,0
2025,2025991587352,3,0,0,0,0,0,0,0,0,0,0,1
2025,2025070100173,3,0,0,0,0,0,0,0,0,0,0,0
2025,2025501660824,3,0,0,0,0,0,0,0,0,0,0,1
2025,2025531545570,2,0,0,0,0,0,0,0,0,0,0,1
2025,2025991589688,3,0,0,0,0,0,0,0,0,0,0,0
2025,2025041556953,2,0,0,0,0,0,0,0,0,0,0,0
2025,2025070817824,3,0,0,0,0,0,0,0,0,1,1,1
2025,2025401670996,3,0,0,0,0,0,0,0,0,0,0,1
2025,2025010583528,3,0,0,0,0,0,0,0,0,0,1,0
2025,2025010561027,2,0,0,0,0,0,0,0,0,0,0,1
2025,2025531564857,3,0,0,0,0,0,0,1,1,0,0,1
2025,2025361645939,3,0,0,0,0,0,0,0,0,0,0,0
2025,2025440074010,3,1,0,0,0,0,0,0,0,0,0,0
2025,2025041661257,3,0,0,0,0,0,0,0,0,0,0,1
2025,2025311674825,3,0,0,0,0,0,0,0,0,0,0,1
2025,2025451567670,3,0,0,0,0,0,0,0,0,0,0,0
2025,2025010608524,3,0,0,0,0,0,0,0,0,0,0,0
2025,2025531541975,3,0,0,0,0,0,0,0,0,0,1,0
2025,2025010616476,3,0,0,0,0,0,0,0,0,0,0,1
2025,2025351678020,3,0,0,0,0,0,0,0,0,0,0,0
2025,2025471632862,3,0,0,0,0,0,0,1,1,0,0,1
2025,2025041607982,3,0,0,0,0,0,0,0,0,0,0,1
2025,2025311675434,3,0,0,0,0,0,0,0,0,0,0,1
2025,2025501661583,2,0,0,0,0,0,0,0,0,0,0,1
2025,2025041582533,3,0,0,0,0,0,0,0,0,0,0,0
2025,2025430254891,3,1,0,0,0,0,0,0,0,0,0,0
2025,2025201549621,3,0,0,1,1,1,1,1,1,1,1,1
2025,2025131658508,3,0,0,0,0,0,0,0,0,0,0,0
2025,2025010553130,3,0,0,0,0,0,0,0,0,0,0,0
2025,2025501573860,3,0,0,0,0,0,0,0,0,0,0,1
2025,2025451624098,2,0,0,0,0,0,0,1,1,0,0,1
2025,2025010554883,3,1,0,0,0,0,0,0,0,0,0,0
2025,2025010577090,3,0,0,0,0,0,0,0,0,0,0,0
2025,2025041627879,3,0,0,0,0,0,0,0,0,0,0,0
2025,2025361583356,3,0,0,0,0,0,0,0,0,0,0,0
2025,2025361661914,3,0,0,0,0,0,0,0,0,1,1,1
2025,2025221556808,3,0,0,0,0,0,0,0,0,0,0,0
2025,2025610046925,2,1,0,0,0,0,0,0,0,0,0,0
2025,2025430336369,3,1,0,0,0,0,0,0,0,0,0,0
2025,2025041608107,2,0,0,0,0,0,0,0,0,0,0,0
2025,2025231543850,2,0,0,0,0,0,0,0,0,0,0,1
2025,2025010581351,3,0,0,0,0,0,0,0,0,0,0,1
2025,2025010553386,3,1,0,0,0,0,0,0,1,0,0,1
2025,2025371594188,2,0,0,0,0,0,0,0,0,0,0,0
2025,2025451559470,3,0,0,0,0,0,0,0,0,0,0,0
2025,2025231684432,3,0,0,0,0,0,0,0,1,0,0,1
2025,2025311655953,2,0,0,0,0,0,0,0,0,0,0,1
2025,2025211613933,3,0,0,0,0,0,0,1,1,0,0,1
2025,2025141622937,3,0,0,0,0,0,0,0,0,0,0,1
2025,2025010570250,3,1,0,0,0,0,0,0,0,0,0,1
2025,2025421584250,3,0,0,0,0,0,0,0,0,0,0,1
2025,2025041615895,2,0,0,0,0,0,0,0,0,0,0,1
2025,2025141635258,3,0,0,0,0,0,0,0,0,0,0,1
2025,2025010599360,3,0,0,0,0,0,0,0,0,0,0,0
2025,2025302502013,2,0,0,0,0,0,0,0,0,0,0,1
2025,2025041598174,3,0,0,0,0,0,0,1,1,0,0,1
2025,2025052502123,3,1,0,0,0,0,0,0,0,0,0,1
2025,2025501614098,2,0,0,0,0,0,0,0,0,0,0,0
2025,2025991589622,2,0,0,0,0,0,0,0,0,0,0,0
2025,2025544846225,3,1,0,0,0,0,0,0,0,0,0,1
2025,2025440484697,3,0,0,0,0,0,0,0,0,0,0,0
2025,2025031566380,3,0,0,0,0,0,0,0,0,0,0,1
2025,2025201555354,3,0,0,0,0,0,0,0,0,1,1,1
2025,2025010613010,2,0,0,0,0,0,0,0,0,0,0,1
2025,2025010565037,3,1,0,0,0,0,0,0,0,0,0,0
2025,2025421648386,2,0,0,0,0,0,0,0,0,0,0,1
2025,2025041685382,3,0,0,0,0,0,0,0,0,0,0,1
2025,2025111580043,2,0,0,0,0,0,0,0,0,0,0,0
2025,2025111643049,3,0,0,0,0,0,0,0,0,0,0,1
2025,2025031669680,2,0,0,0,0,0,0,0,0,1,1,1
2025,2025061634075,2,0,0,0,0,0,0,0,0,0,0,0
2025,2025471568280,3,0,0,0,0,0,0,0,0,0,0,1
2025,2025361622166,3,0,0,0,0,0,0,0,0,0,0,0
2025,2025440239411,3,1,0,0,0,0,0,0,0,0,0,0
2025,2025052501400,3,1,0,0,0,0,0,0,0,0,0,1
2025,2025010621415,3,0,0,0,0,0,0,0,0,0,0,0
2025,2025010572154,2,0,0,0,0,0,0,0,0,0,0,1
2025,2025351636063,3,0,0,0,0,0,0,0,0,0,0,0
2025,2025991542091,3,0,0,0,0,0,0,0,0,0,0,1
2025,2025131583905,3,0,0,0,0,0,0,0,0,0,0,1
2025,2025010615316,3,0,0,0,0,0,0,0,0,0,0,0
2025,2025302501949,3,0,0,0,0,0,0,0,0,0,0,1
2025,2025440044001,2,1,0,0,0,0,0,0,0,0,0,0
2025,2025451677663,2,0,0,0,0,0,0,0,0,0,0,1
2025,2025141653459,3,0,0,0,0,0,0,0,0,0,0,1
2025,2025010560640,3,1,0,0,0,0,0,0,0,0,0,1
2025,2025440437647,2,0,0,0,0,0,0,0,0,0,0,1
2025,2025340WN4582,2,0,0,0,0,0,0,0,0,0,0,0
2025,2025131574349,3,0,0,0,0,0,0,0,0,0,0,1
2025,2025430314517,3,1,0,0,0,0,0,0,0,0,0,1
2025,2025052500455,2,1,0,0,0,0,0,0,0,0,0,1
2025,2025041565272,3,0,0,0,0,0,0,0,0,0,0,0
2025,2025010567157,3,1,0,0,0,0,0,0,0,0,0,0
2025,2025430587720,3,1,0,0,0,0,0,0,0,0,0,0
2025,2025991677188,2,0,0,0,0,0,0,0,0,0,0,1
2025,2025501619086,3,0,0,0,0,0,0,0,0,0,0,0
2025,2025221543053,3,0,0,0,0,0,0,0,0,0,0,1
2025,2025552500210,3,1,0,0,0,0,0,0,0,0,0,0
2025,2025430498159,3,1,0,0,0,0,0,0,0,0,0,1
2025,2025451539185,3,0,0,0,0,0,0,0,0,0,0,0
2025,2025991678153,2,0,0,0,0,0,0,0,0,0,0,1
2025,2025430101316,3,1,0,0,0,0,0,0,0,0,0,1
2025,2025201571243,3,0,0,0,0,0,0,0,0,0,0,0
2025,2025131536498,3,0,0,0,0,0,0,0,0,0,0,0
2025,2025131644653,3,0,0,0,0,0,0,0,0,0,0,1
2025,2025010575135,2,0,0,0,0,0,0,0,0,0,0,0
2025,2025311554244,3,0,0,0,0,0,0,0,0,0,0,0
2025,2025991678825,3,0,0,0,0,0,0,0,0,0,0,0
2025,2025101661499,3,0,0,0,0,0,0,0,0,0,0,1
2025,2025201555751,3,0,0,0,0,0,0,0,0,0,0,0
2025,2025471577431,3,0,0,0,0,0,0,0,0,0,0,0
2025,2025361606397,2,0,0,0,0,0,0,0,0,0,0,1
2025,2025631611926,3,0,0,0,0,0,0,0,0,0,0,1
2025,2025010604108,3,0,0,0,0,0,0,0,0,0,0,1
2025,2025010576288,3,0,0,0,0,0,0,0,0,0,0,0
2025,2025010605511,3,0,0,0,0,0,0,1,1,0,0,1
2025,2025231663510,3,0,0,0,0,0,0,0,0,0,0,1
2025,2025541640206,3,0,0,0,0,0,0,0,0,0,0,0
2025,2025052500560,3,1,0,0,0,0,0,0,0,0,0,0
2025,2025010603633,3,0,0,0,0,0,0,1,1,0,0,1
2025,2025010570401,2,0,0,0,0,0,0,0,0,0,0,0
2025,2025010561543,3,1,0,0,0,0,0,0,0,0,0,1
2025,2025211599521,3,0,0,0,0,0,0,1,1,0,0,1
2025,2025221544947,2,0,0,0,0,0,0,0,0,0,0,0
2025,2025471574425,3,0,0,0,0,0,0,0,0,0,0,1
2025,2025540513125,3,1,0,0,0,0,0,0,0,0,0,1
2025,2025430273855,3,1,0,0,0,0,0,0,0,0,0,1
2025,2025141564627,3,0,0,0,0,0,0,1,1,0,0,1
2025,2025371652185,3,0,0,0,0,0,0,0,0,1,1,1
2025,2025231588682,2,0,0,0,0,0,0,0,0,1,1,1
2025,2025991548553,2,0,0,0,0,0,0,0,0,0,0,1
2025,2025991553495,3,0,0,0,0,0,0,0,0,0,0,1
2025,2025332500291,2,0,0,0,0,0,0,0,0,0,0,1
2025,2025101636151,3,0,0,0,0,0,0,0,0,0,0,1
2025,2025010568255,3,0,0,0,0,0,0,0,0,0,0,0
2025,2025010607731,2,0,0,0,0,0,0,0,0,0,1,0
2025,2025991676735,3,0,0,0,0,0,0,0,0,0,0,0
2025,2025010566167,3,0,0,0,0,0,0,0,0,0,0,0
2025,2025010560417,3,0,0,0,0,0,0,0,0,0,0,1
2025,2025010560139,3,0,0,0,0,0,0,0,0,0,0,0
2025,2025122500267,3,1,0,0,0,0,0,0,0,0,0,1
2025,2025451619088,2,0,0,0,1,1,1,1,1,1,1,1
2025,2025991630140,3,0,0,0,0,0,0,0,0,0,0,1
2025,2025991636996,3,0,0,0,0,0,0,0,0,0,0,1
2025,2025541748207,2,0,0,0,0,0,0,0,0,0,0,1
2025,2025061630014,3,0,0,0,0,0,0,0,0,0,0,0
2025,2025010572031,2,0,0,0,0,0,0,0,0,0,0,1
2025,2025010576683,2,0,1,1,1,1,1,1,1,1,1,1
2025,2025010571426,3,0,0,0,0,0,0,0,0,0,0,0
2025,2025010608313,3,0,0,0,0,0,0,0,0,0,0,1
2025,2025501551977,3,0,0,0,0,0,0,0,0,0,0,1
2025,2025440417363,2,0,0,0,0,0,0,0,0,0,0,1
2025,2025461677115,3,0,0,0,0,0,0,0,0,0,0,1
2025,2025991676932,3,0,0,0,0,0,0,0,0,0,0,1
2025,2025610031425,2,1,0,0,0,0,0,0,0,0,0,1
2025,2025501569250,3,0,0,0,0,0,0,0,0,0,0,0
2025,2025161650358,3,0,0,0,0,0,0,0,0,1,1,1
2025,2025501556110,3,0,0,0,0,0,0,1,1,0,0,1
2025,2025010615054,3,0,0,0,0,0,0,1,1,0,0,1
2025,2025010579452,3,0,0,0,0,0,0,0,0,0,0,0
2025,2025010575479,2,0,0,0,0,0,0,1,1,0,0,1
2025,2025531542649,3,0,0,0,0,0,0,0,0,0,0,1
2025,2025440148057,3,1,0,0,0,0,0,0,0,0,0,0
2025,2025440446500,3,0,0,0,0,0,0,0,1,0,0,1
2025,2025070782244,3,0,0,0,0,0,0,0,0,0,0,0
2025,2025041632311,3,0,0,0,0,0,0,0,0,0,0,1
2025,2025522600037,2,0,0,0,0,0,0,0,0,0,0,1
2025,2025471668885,3,0,0,0,0,0,0,0,0,0,0,0
2025,2025201568343,3,0,0,0,0,0,0,0,0,0,0,1
2025,2025421623184,3,0,0,0,0,0,0,0,0,0,0,1
2025,2025411600767,3,0,0,0,0,0,0,0,0,0,0,1
2025,2025211542714,3,0,0,0,0,0,0,0,0,0,0,1
2025,2025201577787,3,0,0,0,0,0,0,0,0,0,0,0
2025,2025141676777,2,0,0,0,0,0,0,0,0,0,0,1
2025,2025501546463,3,0,0,0,0,0,0,0,1,0,0,1
2025,2025440440593,3,0,0,0,0,0,0,0,0,0,0,0
2025,2025440331493,3,0,0,0,0,0,0,0,0,0,0,0
2025,2025501604203,2,0,0,0,0,0,0,0,0,0,0,1
2025,2025231624581,3,0,0,0,0,0,0,0,0,0,0,0
2025,2025010578562,2,0,0,0,0,0,0,0,0,0,0,0
2025,202517H105425,2,0,0,0,0,0,0,0,0,0,0,1
2025,2025501613366,3,0,0,0,0,0,0,0,0,0,0,0
2025,2025052501771,3,1,0,0,0,0,0,0,0,0,0,1
2025,2025101656978,3,0,0,0,0,0,0,0,0,0,0,1
2025,2025010600598,3,0,0,0,0,0,0,0,0,0,0,1
2025,2025332500666,3,0,0,0,0,0,0,1,1,0,0,1
2025,2025041667531,3,0,0,0,0,0,0,1,1,0,0,1
2025,2025610005625,3,1,0,0,0,0,0,0,0,0,0,1
2025,2025991584666,1,0,0,0,0,0,0,0,0,0,0,0
2025,2025340WN0192,3,0,0,0,0,0,0,0,0,0,0,1
2025,2025340WN6612,2,0,0,0,0,0,0,0,0,0,0,0
2025,2025201567943,3,0,0,0,0,0,0,1,1,0,0,1
2025,2025201541608,3,0,0,0,0,0,0,0,0,0,0,1
2025,2025010560717,3,0,0,0,0,0,0,1,1,0,0,1
2025,2025501662887,3,0,0,0,0,0,0,0,0,0,0,0
2025,2025361683042,3,0,0,0,0,0,0,0,0,0,0,1
2025,2025461570580,2,0,0,0,0,0,0,0,0,0,0,1
2025,2025340WN3702,3,0,0,0,0,0,0,0,0,0,0,1
2025,2025061564244,2,0,0,0,0,0,0,0,0,0,0,0
2025,2025201600073,2,0,0,0,1,1,1,1,1,1,1,1
2025,2025010585946,3,0,0,0,0,0,0,0,0,0,0,1
2025,2025461562202,3,0,0,0,0,0,0,0,0,0,0,1
2025,2025041565517,3,0,0,0,0,0,0,1,1,0,0,1
2025,2025440086423,3,1,0,0,0,0,0,0,0,0,0,1
2025,2025131632727,3,0,0,0,0,0,0,0,0,0,0,0
2025,2025461589570,3,0,0,0,0,0,0,0,0,0,0,1
2025,2025351648849,3,0,0,0,0,0,0,0,0,0,0,0
2025,2025041678377,3,0,0,0,0,0,0,0,0,0,0,1
2025,2025471628309,3,0,0,0,0,0,0,0,0,0,0,0
2025,2025546777125,2,1,0,0,0,0,0,0,0,0,0,0
2025,2025471553183,3,0,0,0,0,0,0,0,0,1,1,1
2025,2025070458676,2,0,0,0,0,0,0,0,0,0,0,1
2025,2025010598725,3,0,0,0,0,0,0,0,0,0,0,0
2025,2025451564689,3,0,0,0,0,0,0,0,0,0,0,1
2025,2025371646595,2,0,0,1,1,1,1,1,1,1,1,1
2025,2025201665715,3,0,0,0,0,0,0,1,1,0,0,1
2025,2025471649905,3,0,0,0,0,1,1,0,1,1,1,1
2025,2025461555578,3,0,0,0,0,0,0,0,0,0,0,1
2025,2025221538805,2,0,0,0,0,0,0,0,0,0,0,1
2025,2025401550864,3,0,0,0,0,0,1,1,1,0,0,1
2025,2025122501207,3,1,1,1,1,1,1,1,1,1,1,1
2025,2025010602088,3,0,0,0,0,0,0,0,0,1,1,1
2025,2025430489625,3,1,0,0,0,0,0,0,0,0,0,0
2025,2025991589363,3,0,0,0,0,0,0,0,0,0,0,0
2025,2025501586502,3,0,0,0,0,0,0,0,0,0,0,0
2025,2025991600916,3,0,0,0,0,0,0,1,1,0,0,1
2025,2025071013339,3,0,0,0,0,0,0,0,0,0,0,0
2025,2025061582503,2,0,0,0,0,0,0,0,0,0,0,0
2025,2025010576800,3,1,0,0,0,0,0,0,0,0,0,1
2025,2025501551774,3,0,0,0,0,0,0,0,0,0,0,1
2025,2025991629781,3,0,0,0,0,0,0,0,0,0,0,1
2025,2025471577335,3,0,0,0,0,0,0,0,0,0,0,1
2025,2025340WN3912,3,0,0,0,0,0,0,0,0,0,0,1
2025,2025101618211,3,0,0,0,0,0,0,0,0,0,0,1
2025,2025421652061,3,0,0,0,0,0,0,0,0,0,0,1
2025,2025552500341,3,1,0,0,0,0,0,0,0,0,0,1
2025,2025520600611,3,0,0,0,0,0,0,0,0,0,0,1
2025,2025141631238,3,0,0,0,0,0,0,0,0,0,0,0
2025,2025010578894,3,0,0,0,0,0,0,0,0,1,1,1
2025,2025010592797,2,0,0,0,0,0,0,0,0,0,0,0
2025,2025440039633,2,1,0,0,0,0,0,0,0,0,0,1
2025,2025451591742,2,0,0,0,0,0,0,0,0,0,0,1
2025,2025430363781,3,0,0,0,0,0,0,0,0,0,0,0
2025,2025340WN5052,3,0,1,1,1,1,1,1,1,1,1,1
2025,2025010581694,2,0,0,0,0,0,0,0,0,0,0,0
2025,2025531552874,3,0,0,0,0,0,0,0,0,0,0,1
2025,2025010559272,3,1,0,0,0,0,0,0,0,1,1,1
2025,2025010614115,3,0,0,0,0,0,0,0,0,0,0,0
2025,2025610047425,2,1,0,0,0,0,0,0,0,0,0,0
2025,2025522600410,3,0,0,0,0,0,0,0,0,0,0,1
2025,2025052502276,3,1,0,0,0,0,0,0,0,0,0,1
2025,2025351563165,3,0,0,0,0,0,0,0,0,1,1,1
2025,2025631571551,2,0,0,0,0,0,0,0,0,0,0,1
2025,2025122501425,3,1,0,0,0,0,0,0,0,0,0,0
2025,2025371662083,2,0,0,0,0,0,0,0,0,0,0,1
2025,2025991599012,2,0,0,0,0,0,0,1,1,0,0,1
2025,2025541654325,3,0,0,0,0,0,0,0,0,0,0,0
2025,2025221568704,3,0,0,0,0,0,0,0,0,0,0,1
2025,2025131611838,3,0,0,0,0,0,0,0,0,0,0,0
2025,2025451604373,3,0,0,0,0,0,0,0,0,0,0,0
2025,2025201555544,3,0,0,0,0,0,0,0,0,0,0,0
2025,2025201675994,3,0,0,0,0,0,0,0,0,0,0,0
2025,2025010587144,3,0,0,0,0,0,0,0,0,0,0,0
2025,2025010605543,3,0,0,0,0,0,0,0,0,0,0,1
2025,2025010575849,2,0,0,0,0,0,0,0,0,0,0,0
2025,2025052500150,3,1,0,0,0,0,0,0,0,0,0,0
2025,2025010561786,3,0,0,0,0,0,0,0,0,0,0,0
2025,2025451609619,2,0,0,0,0,0,0,0,0,0,0,1
2025,2025471596086,3,0,0,0,0,0,0,0,0,0,0,1
2025,2025520501058,3,0,0,0,0,0,0,0,0,0,0,1
2025,2025201615299,3,0,0,0,0,0,0,0,0,0,0,1
2025,2025010573906,3,0,0,0,0,0,0,0,0,0,0,0
2025,2025631570770,3,0,0,0,0,0,0,0,0,0,0,0
2025,2025052501605,3,1,0,0,0,0,0,0,0,0,1,0
2025,2025522600635,2,0,0,0,0,0,0,0,0,0,0,0
2025,2025471560273,3,0,0,0,0,0,0,0,0,0,0,1
2025,2025041607341,3,0,0,0,0,0,0,0,0,0,0,1
2025,2025430335776,3,1,0,0,0,0,0,0,0,0,0,1
2025,2025451593103,2,0,0,0,0,0,0,0,0,0,0,0
2025,2025991648573,3,0,0,0,0,0,0,0,0,0,0,1
2025,2025520000208,3,0,0,0,0,0,0,0,0,0,0,0
2025,2025522500355,3,0,1,1,1,1,1,1,1,1,1,1
2025,2025061671269,3,0,0,0,0,0,0,0,0,0,0,0
2025,2025010574534,3,0,0,0,0,0,0,0,0,0,0,1
2025,2025010583591,2,0,0,0,0,0,0,0,0,0,0,1
2025,2025451630532,3,0,0,0,0,0,0,0,1,0,0,1
2025,2025430625303,3,0,0,0,0,0,0,0,0,0,0,1
2025,2025501543082,3,0,0,0,0,0,0,0,0,0,0,1
2025,2025052500170,2,1,0,0,0,0,0,0,0,0,0,0
2025,2025041645117,1,0,0,0,0,0,0,0,0,0,0,0
2025,2025010558063,3,0,0,0,0,0,0,0,0,0,0,0
2025,2025411595118,2,0,0,0,0,0,0,0,0,0,0,1
2025,2025041627512,3,0,0,0,0,0,0,0,0,0,0,1
2025,202517H102825,3,0,0,0,0,0,0,0,0,0,0,0
2025,2025061615624,3,0,0,0,0,0,0,0,1,0,0,1
2025,2025531606141,3,0,0,0,0,0,0,0,0,0,0,1
2025,2025622500301,2,1,0,0,0,0,0,0,0,0,0,1
2025,2025161656804,3,0,0,0,0,0,0,0,0,0,0,1
2025,2025552501159,3,0,0,0,0,0,0,0,0,0,0,1
2025,2025122600432,3,1,0,0,0,0,0,0,0,0,0,1
2025,2025201548849,3,0,0,0,0,0,0,0,0,0,0,1
2025,2025440266375,2,1,0,0,0,0,0,0,0,1,1,1
2025,2025440455085,3,0,0,0,0,0,0,0,0,0,0,1
2025,2025332500024,2,0,1,1,1,1,1,1,1,1,1,1
2025,2025361655820,3,0,0,0,0,0,0,0,0,0,0,0
2025,2025471538350,3,0,0,0,0,0,0,0,0,1,1,1
2025,2025052501658,3,1,0,0,0,0,0,0,0,0,0,0
2025,2025201611614,3,0,0,0,0,0,0,0,0,0,0,1
2025,2025010557726,3,0,0,0,0,0,0,0,0,0,0,0
2025,2025010566157,3,0,0,0,0,0,0,0,0,0,0,1
2025,2025041630975,3,0,0,0,0,0,0,0,0,0,0,1
2025,2025451566643,3,0,0,0,0,0,0,0,0,0,0,1
2025,2025471564170,2,0,0,0,0,0,0,0,0,0,0,0
2025,2025010559187,3,1,0,0,0,0,0,0,0,0,0,1
2025,2025010570909,3,1,0,0,0,0,0,0,0,0,0,0
2025,2025010555576,3,0,0,0,0,0,0,0,0,0,0,1
2025,2025351601357,3,0,0,0,0,0,0,0,0,0,0,0
2025,2025401651278,3,0,0,0,0,0,0,0,0,0,0,1
2025,2025010560992,3,0,0,0,0,0,0,0,0,0,0,0
2025,2025010600677,3,0,0,0,0,0,0,0,0,0,0,0
2025,2025010607847,3,0,0,0,0,0,0,0,0,0,0,0
2025,2025501551107,3,0,0,0,0,0,0,0,0,0,1,0
2025,2025991656128,2,0,0,0,0,0,0,0,0,0,0,0
2025,2025471579323,2,0,0,0,0,0,0,0,0,0,0,0
2025,2025010568818,3,0,0,0,0,0,0,0,0,0,0,1
2025,2025451543390,2,0,0,0,0,0,0,1,1,0,0,1
2025,202560C185588,3,1,0,0,0,0,0,0,0,0,1,0
2025,2025522502030,2,0,0,0,0,0,0,0,0,0,0,1
2025,2025522600201,3,0,0,0,0,0,0,0,0,0,0,1
2025,2025541216225,3,1,0,0,0,0,0,0,0,0,0,1
2025,2025010614727,3,0,0,0,0,0,0,1,1,0,0,1
2025,2025010553846,3,0,0,0,0,0,0,0,0,0,0,0
2025,2025311649166,3,0,0,0,0,0,0,0,0,0,0,1
2025,2025991544730,3,0,0,0,0,0,0,0,0,0,0,1
2025,2025031556786,3,0,0,0,0,0,0,0,0,0,0,1
2025,2025010560391,2,0,0,0,0,0,0,0,0,0,0,0
2025,2025010604811,3,0,0,0,0,0,0,1,1,0,0,1
2025,2025010591036,2,0,0,0,0,0,0,0,0,0,0,0
2025,2025440405031,2,0,0,0,0,0,0,0,0,0,0,1
2025,2025311679007,3,0,0,0,1,1,1,1,1,1,1,1
2025,2025070022784,3,0,0,0,0,0,0,0,0,0,0,1
2025,2025520600578,2,0,0,0,0,0,0,0,0,0,0,1
2025,2025201602971,3,0,0,0,0,0,0,0,0,0,0,1
2025,2025010554031,3,1,0,0,0,0,0,0,0,0,0,0
2025,2025010563188,3,0,0,0,0,0,0,0,0,0,0,0
2025,2025010566263,3,0,0,0,0,0,0,0,0,0,0,1
2025,2025041580007,3,0,0,0,0,0,0,0,0,0,1,0
2025,2025552500199,3,1,0,0,0,0,0,0,0,0,0,1
2025,2025010568887,2,1,0,0,0,0,0,0,0,0,0,1
2025,2025332500184,2,0,0,0,0,0,0,0,0,0,0,0
2025,2025522600399,3,0,0,0,0,0,0,0,0,0,0,1
2025,2025471589467,3,0,0,0,0,0,0,0,0,0,0,0
2025,2025010576519,3,0,0,0,0,0,0,0,0,0,0,1
2025,2025451577499,2,0,0,0,0,0,0,0,0,0,0,1
2025,2025622500614,2,1,0,0,0,0,0,0,0,0,0,0
2025,2025122500294,3,1,0,0,0,0,0,0,0,1,1,1
2025,2025201648961,3,0,0,0,0,0,0,0,0,0,0,0
2025,2025010598444,3,0,0,0,0,0,0,0,0,0,0,0
2025,2025411572617,3,0,0,0,0,0,0,0,1,0,0,1
2025,2025610030825,3,1,0,0,0,0,0,0,0,0,0,1
2025,2025522600383,3,0,0,0,0,0,0,0,0,0,0,0
2025,2025421681499,2,0,0,0,0,0,0,0,0,0,0,0
2025,2025041597440,3,0,0,0,0,0,0,0,0,1,1,1
2025,2025471573212,3,0,0,0,0,0,0,0,0,0,0,0
2025,2025541662913,3,0,0,0,0,0,0,0,0,0,0,1
2025,2025010559787,3,0,0,0,0,0,0,0,0,0,0,1
2025,2025302500202,3,0,0,0,0,0,0,0,0,0,0,1
2025,2025471569999,3,0,0,0,0,0,0,0,0,0,0,1
2025,2025211639584,2,0,0,0,0,0,0,0,0,0,0,1
2025,2025371675928,3,0,0,0,0,0,0,0,0,0,0,1
2025,2025631651949,3,0,0,0,0,0,0,0,0,0,0,0
2025,2025421563029,3,0,0,0,0,0,0,0,0,0,0,0
2025,2025231687009,3,0,0,0,0,0,0,0,0,0,0,1
2025,2025991563649,2,0,0,0,0,1,1,0,1,1,1,1
2025,2025010564764,3,0,0,0,0,0,0,0,0,0,0,0
2025,2025010575312,3,1,0,0,0,0,0,0,0,0,0,0
2025,2025010571321,3,0,0,0,0,0,0,0,0,0,0,0
2025,2025991647873,3,0,0,0,0,0,0,0,0,0,0,0
2025,2025311552369,2,0,0,0,0,0,0,0,0,0,0,0
2025,2025070835033,3,0,0,0,0,0,0,0,0,0,0,1
2025,2025340WN3102,3,0,0,0,0,0,0,0,0,0,0,1
2025,2025010559080,2,0,0,0,1,1,1,1,1,1,1,1
2025,2025501576772,2,0,0,0,0,0,0,0,0,0,0,1
2025,2025070538362,3,0,0,0,0,0,0,0,0,0,0,0
2025,2025302502012,3,0,0,0,0,0,0,0,0,0,0,1
2025,2025522501469,3,0,0,0,0,0,0,0,0,0,0,1
2025,2025430480868,3,0,0,0,0,0,0,0,0,0,0,1
2025,2025010605453,3,0,0,0,0,0,0,0,0,0,0,1
2025,2025010558158,3,1,0,0,0,0,0,0,0,0,0,0
2025,2025010561029,3,0,0,0,0,0,0,0,0,0,0,0
2025,2025501615282,3,0,0,0,0,0,0,0,0,0,0,1
2025,2025231584780,3,0,0,0,1,1,1,1,1,1,1,1
2025,2025991572366,3,0,0,0,0,0,0,1,1,0,0,1
2025,2025302502068,3,0,1,1,1,1,1,1,1,1,1,1
2025,2025061630066,3,0,0,0,0,0,0,0,0,0,0,0
2025,2025201587457,2,0,0,0,0,0,0,0,0,0,0,1
2025,2025421648440,3,0,0,0,0,0,0,0,1,0,0,1
2025,2025122501144,2,1,0,0,0,0,0,0,0,0,0,1
2025,2025010593727,3,0,0,0,0,0,0,0,0,0,0,1
2025,2025501643578,2,0,0,0,0,0,0,0,0,0,0,1
2025,2025041565174,3,0,0,0,0,0,0,0,1,1,1,1
2025,2025451554621,2,0,0,0,0,0,0,0,0,0,0,1
2025,2025991655854,2,0,0,0,0,0,0,0,0,0,0,1
2025,2025340WN3882,3,0,0,0,0,0,0,0,0,0,0,0
2025,2025010605305,3,0,0,0,0,0,0,0,0,0,0,1
2025,2025461609020,3,0,0,0,0,0,0,0,0,0,0,0
2025,2025231658161,3,0,0,0,0,0,0,0,0,0,0,0
2025,2025501674472,1,0,1,1,1,1,1,1,1,1,1,1
2025,2025041606350,3,0,0,0,0,0,0,0,0,0,0,1
2025,2025311581931,3,0,0,0,0,0,0,0,0,0,0,0
2025,2025231624487,3,0,0,0,0,0,0,1,1,0,0,1
2025,2025231633813,3,0,0,0,0,0,0,0,0,0,0,1
2025,2025610027725,3,1,0,0,0,0,0,0,0,0,0,1
2025,2025161623607,3,0,0,0,0,0,0,0,0,0,0,1
2025,2025340WN6942,3,0,0,0,0,0,0,0,1,1,1,1
2025,2025010597833,3,0,0,0,0,0,0,0,0,0,0,0
2025,2025010572396,3,0,0,0,0,0,0,0,0,0,0,0
2025,2025461566917,3,0,0,0,0,0,0,0,0,0,0,0
2025,2025451543022,3,0,0,0,0,0,0,0,0,0,0,1
2025,2025351588689,3,0,0,0,0,0,0,0,0,0,0,1
2025,2025131594581,3,0,0,0,0,0,0,0,0,0,0,0
2025,2025302501569,3,0,0,0,0,0,1,1,1,0,0,1
2025,2025211620553,3,0,0,0,0,0,0,0,0,0,0,0
2025,2025610034225,2,1,0,0,0,0,0,1,1,0,0,1
2025,2025631584691,2,0,0,0,0,0,0,0,0,0,0,0
2025,2025221594754,3,0,0,0,0,0,1,1,1,0,0,1
2025,2025340WN1682,3,0,0,0,0,0,0,0,0,0,0,0
2025,2025131541649,2,0,0,0,0,0,0,0,0,0,0,0
2025,2025010565853,3,0,0,0,0,0,0,0,0,1,1,1
2025,2025440445094,3,0,0,0,0,0,0,0,0,0,0,1
2025,2025231663275,3,0,0,0,0,0,0,0,0,0,0,0
2025,2025991612736,3,0,0,0,0,0,0,0,0,0,0,1
2025,2025622500057,2,1,0,0,0,0,0,0,0,0,0,1
2025,2025010608539,2,0,0,0,0,0,0,0,0,0,0,0
2025,2025340NN3482,2,0,0,0,0,0,0,0,0,0,0,0
2025,2025010559758,3,0,0,0,0,0,0,0,0,1,1,1
2025,2025010588954,3,0,0,0,0,0,0,0,0,0,1,0
2025,2025122500228,3,1,0,0,0,0,0,0,0,0,0,0
2025,2025010555380,3,1,0,0,0,0,0,0,0,0,0,0
2025,2025991683074,2,0,0,0,0,0,0,0,0,0,0,0
2025,2025340NN3082,3,0,0,0,0,0,0,0,0,0,0,1
2025,2025201621269,3,0,0,0,0,0,0,0,0,0,0,1
2025,2025010556929,3,1,0,0,0,0,0,0,0,0,0,0
2025,2025010579866,2,0,0,0,0,0,0,0,0,0,0,0
2025,2025041540512,3,0,0,0,0,0,0,0,0,0,0,0
2025,2025332500553,3,0,0,0,0,0,0,1,1,0,0,1
2025,2025361618170,2,0,0,0,0,0,1,1,1,0,0,1
2025,2025211638304,2,0,0,0,1,1,1,1,1,1,1,1
2025,2025031550848,3,0,0,0,0,0,0,0,0,0,0,1
2025,2025010599481,3,0,0,0,0,0,0,0,0,0,0,1
2025,2025010559876,2,0,0,0,0,0,0,0,0,0,0,0
2025,2025010607480,3,0,0,0,0,0,0,0,0,0,0,1
2025,2025421542681,3,0,0,0,0,0,0,0,0,0,0,1
2025,2025421634124,2,0,0,0,0,0,0,0,0,0,0,1
2025,2025041608933,3,0,0,0,0,0,0,0,0,0,0,0
2025,2025221634037,3,0,0,0,0,0,0,0,0,0,0,0
2025,2025340WN4782,3,0,0,0,0,0,0,0,0,0,0,1
2025,2025201650476,2,0,0,0,0,0,0,0,0,0,0,0
2025,2025461586594,2,0,0,0,0,0,0,0,0,0,0,0
2025,2025622500238,3,1,0,0,0,0,0,0,0,0,0,1
2025,2025552500198,3,1,0,0,0,0,0,0,0,0,0,1
2025,2025340NN0692,3,0,0,0,0,0,0,0,0,0,0,1
2025,2025010561545,2,0,0,0,0,0,0,0,1,0,0,1
2025,2025010611601,3,0,0,0,0,0,0,0,0,0,0,0
2025,2025461564063,3,0,0,0,0,0,0,0,0,0,0,0
2025,2025430316983,3,1,0,0,0,0,0,0,0,0,0,0
2025,2025010575976,2,0,0,0,0,0,0,0,0,0,0,0
2025,2025461582396,3,0,0,0,0,0,0,0,0,0,0,1
2025,2025430263047,3,1,0,0,0,0,0,0,0,0,0,0
2025,2025451555627,3,0,0,0,0,0,0,0,0,0,0,1
2025,2025052501845,2,1,0,0,0,0,0,0,0,0,0,0
2025,2025201593361,3,0,0,0,0,0,0,0,0,0,0,1
2025,2025991574188,2,0,0,0,0,0,0,0,0,0,0,1
2025,2025010556379,3,0,0,0,0,0,0,0,0,0,0,0
2025,2025430657231,2,0,0,0,0,0,0,0,0,0,0,0
2025,2025111655574,3,0,0,0,0,0,0,0,0,0,0,1
2025,2025231598890,3,0,0,0,0,0,0,0,0,0,0,0
2025,2025501588175,3,0,0,0,0,0,0,0,0,0,0,1
2025,2025201653704,2,0,0,0,0,0,0,0,0,0,0,1
2025,2025010581033,3,0,0,0,0,0,0,0,0,0,0,1
2025,2025522500502,3,0,0,0,0,0,0,0,0,0,0,0
2025,2025010567700,3,0,0,0,0,0,0,0,0,0,0,1
2025,2025461623970,3,0,0,0,0,0,0,0,0,0,0,1
2025,2025041609174,2,0,0,0,0,0,0,0,0,0,0,0
2025,2025010572568,3,1,0,0,0,0,0,0,0,0,0,1
2025,2025161558125,3,0,0,0,0,0,0,0,0,0,0,1
2025,2025010613884,2,0,0,0,0,0,0,1,1,0,0,1
2025,2025010611339,2,0,0,0,0,0,0,1,1,0,0,1
2025,202560C037996,3,1,0,0,0,0,0,0,0,0,0,0
2025,2025041597656,3,0,0,0,0,0,0,0,0,0,1,0
2025,2025161600840,3,0,0,0,0,0,0,0,0,0,0,1
2025,2025041548412,3,0,0,0,0,0,0,0,0,0,0,0
2025,2025361680352,2,0,0,0,0,1,1,0,1,1,1,1
2025,2025991559481,2,0,0,0,0,1,1,0,1,1,1,1
2025,2025340WN2842,3,0,0,0,0,0,0,0,0,0,0,1
2025,2025201626553,3,0,0,0,0,0,0,0,0,1,1,1
2025,2025131651988,3,0,0,0,0,0,0,0,0,0,0,1
2025,2025010610878,3,0,0,0,0,0,0,0,0,0,0,1
2025,2025440067098,3,1,0,0,0,0,0,0,0,0,0,1
2025,2025430544153,3,0,0,0,0,0,0,0,0,0,0,1
2025,2025221690354,2,0,0,0,0,0,0,0,0,0,0,1
2025,2025340NN2342,3,0,0,0,0,0,0,0,0,0,0,1
2025,2025101609918,2,0,1,1,1,1,1,1,1,1,1,1
2025,2025010555489,3,0,0,0,0,0,0,0,0,0,0,1
2025,2025010582180,3,0,0,0,0,0,0,0,0,0,0,0
2025,2025010596333,2,0,0,0,0,0,0,0,0,0,0,0
2025,2025421544111,2,0,0,0,0,0,0,0,0,1,1,1
2025,2025501659468,2,0,0,0,0,0,0,0,0,0,0,0
2025,2025546474325,3,1,0,0,0,0,0,0,0,0,0,1
2025,2025531673358,3,0,0,0,0,0,0,0,0,0,0,0
2025,2025461547559,3,0,0,0,0,0,0,0,0,0,0,1
2025,202517S306425,3,0,0,0,0,0,0,0,0,0,0,1
2025,2025501575134,3,0,0,0,0,0,0,0,0,1,1,1
2025,2025430292453,3,1,0,0,0,0,0,0,0,0,0,0
2025,2025010581576,3,0,0,0,0,0,0,0,0,0,0,0
2025,2025421680762,3,0,0,0,0,0,1,1,1,0,0,1
2025,2025211629017,3,0,0,0,0,0,0,0,0,0,0,1
2025,2025231689280,3,0,0,0,0,0,0,0,0,0,0,1
2025,2025302500915,1,0,0,0,0,0,0,0,1,0,0,1
2025,2025231545703,3,0,0,0,0,0,0,0,0,0,0,0
2025,2025231659653,3,0,0,0,0,0,0,0,0,0,0,1
2025,2025430543396,3,0,0,0,0,0,0,0,0,0,0,1
2025,2025201640524,3,0,0,0,0,0,0,0,0,0,0,1
2025,2025010573727,3,0,0,0,0,0,0,0,0,0,0,1
2025,2025991550149,3,0,0,0,0,0,0,0,0,0,0,0
2025,2025122600278,2,1,0,0,0,0,0,1,1,0,0,1
2025,2025311542468,2,0,0,0,0,0,0,0,0,0,0,1
2025,2025010562346,3,0,0,0,0,0,0,0,0,0,0,1
2025,2025302500856,3,0,0,0,0,0,0,0,0,0,0,0
2025,2025131648236,2,0,0,0,0,0,0,0,0,0,0,1
2025,2025010564180,3,0,0,0,0,0,0,0,0,0,0,1
2025,2025461654718,3,0,0,0,0,0,0,0,0,0,0,1
2025,2025041670222,3,0,0,0,0,0,0,0,0,0,0,0
2025,2025052502217,3,1,0,0,0,0,0,0,0,0,0,0
2025,2025010557435,3,0,0,0,0,0,0,0,0,0,0,0
2025,2025991617968,3,0,0,0,0,0,0,0,0,0,0,0
2025,2025991672290,3,0,0,0,0,0,0,0,0,0,0,0
2025,2025010567797,3,1,0,0,0,0,0,0,0,0,0,1
2025,2025010558282,2,1,0,0,0,0,0,0,0,0,0,1
2025,2025041646633,2,0,0,0,0,0,0,1,1,0,0,1
2025,2025211589745,2,0,0,0,1,1,1,1,1,1,1,1
2025,2025141663701,3,0,0,0,0,0,0,0,0,0,0,1
2025,2025411589204,3,0,0,0,0,0,0,0,0,0,0,1
2025,2025430054217,2,1,0,0,0,0,0,0,0,0,0,1
2025,2025610045325,3,1,0,0,0,0,0,0,0,0,0,0
2025,2025501592468,1,0,0,0,0,0,0,0,0,0,0,1
2025,2025010567480,3,0,0,0,0,0,0,0,0,0,0,0
2025,2025340NN5252,3,0,0,0,0,0,0,0,0,0,0,1
2025,2025031569882,3,0,0,0,0,0,0,0,1,0,0,1
2025,2025061634741,3,0,0,0,0,0,0,0,0,0,0,1
2025,2025201550563,3,0,0,0,0,0,0,0,0,0,0,1
2025,2025131672226,3,0,0,0,0,0,0,0,0,0,0,0
2025,2025010601338,2,0,0,0,0,0,0,0,0,0,0,0
2025,2025010584332,3,0,0,0,0,0,0,0,0,0,0,1
2025,2025451653050,2,0,0,0,0,0,0,0,0,0,0,1
2025,2025421597498,2,0,0,0,0,0,0,1,1,0,0,1
2025,2025340NN1522,3,0,0,0,0,0,0,0,0,0,0,0
2025,2025991643589,3,0,0,1,1,1,1,1,1,1,1,1
2025,2025991627437,3,0,0,0,0,0,0,0,0,0,0,1
2025,2025522600607,3,0,0,0,0,0,0,0,0,0,0,1
2025,2025501569874,3,0,0,0,0,0,0,0,0,0,0,1
2025,2025401668360,3,0,0,0,0,0,0,0,0,0,0,1
2025,2025991601540,2,0,0,0,0,0,0,0,0,0,0,0
2025,2025122501430,3,1,0,0,0,0,0,0,0,0,0,0
2025,2025201653387,2,0,0,0,0,0,0,0,0,0,0,1
2025,2025131561016,2,0,0,0,0,0,0,0,0,0,0,0
2025,2025041576867,3,0,0,0,0,0,0,0,0,0,0,0
2025,2025211569849,3,0,1,1,1,1,1,1,1,1,1,1
2025,2025991658637,2,0,0,0,0,0,0,0,0,0,0,0
2025,2025430118026,3,1,0,0,0,0,0,0,0,0,0,1
2025,2025471553636,2,0,0,0,0,0,0,0,0,0,0,1
2025,2025010594813,3,0,0,0,0,0,0,0,0,0,0,0
2025,2025231653799,2,0,0,0,0,0,0,0,0,0,0,1
2025,2025201667941,3,0,0,0,0,0,0,0,0,0,0,1
2025,2025010564925,2,0,0,0,0,0,0,0,0,0,0,0
2025,2025371610472,3,0,0,0,0,0,0,0,0,0,0,0
2025,2025430456031,3,1,0,0,0,0,0,0,0,0,0,1
2025,2025451634577,3,0,0,0,0,0,0,0,0,0,0,1
2025,2025471583165,3,0,0,0,0,0,0,0,0,0,0,1
2025,2025991597305,3,0,0,0,0,0,0,0,0,0,0,1
2025,2025031598775,3,0,0,0,0,0,0,0,0,0,0,0
2025,2025351639191,3,0,0,0,0,0,0,1,1,0,0,1
2025,2025991572895,3,0,0,0,0,0,0,0,0,0,0,0
2025,2025201661427,2,0,0,0,0,0,0,0,0,0,0,0
2025,2025440143044,2,1,0,0,0,0,0,0,1,0,0,1
2025,2025052500239,2,1,0,0,0,0,0,0,0,0,0,0
2025,2025440128754,3,1,0,0,0,0,0,0,0,0,0,1
2025,2025451583189,2,0,0,0,0,0,0,0,0,0,0,0
2025,2025231645218,3,0,0,0,0,0,0,0,0,0,0,0
2025,2025991592446,3,0,0,0,0,0,0,0,0,0,0,1
2025,2025610033125,3,1,0,0,0,0,0,0,0,0,0,1
2025,2025010582875,3,0,0,0,0,0,0,0,0,0,0,0
2025,2025010589337,3,0,0,0,0,0,0,1,1,0,0,1
2025,2025501681842,2,0,0,0,0,0,0,0,0,0,0,1
2025,2025041605556,3,0,0,0,0,0,0,0,0,0,0,1
2025,202517S302025,3,0,0,0,0,0,0,0,0,1,1,1
2025,2025201547974,3,0,0,0,0,0,0,0,0,0,0,0
2025,2025131641106,3,0,0,0,0,0,0,0,0,0,0,0
2025,2025010560175,3,0,0,0,0,0,0,0,0,0,0,1
2025,2025440458298,3,0,0,0,0,0,0,0,0,0,0,1
2025,2025522600592,3,0,0,0,0,0,0,0,0,0,0,1
2025,2025501539600,3,0,0,0,0,0,0,1,1,0,0,1
2025,2025430333505,3,0,0,0,0,0,0,0,0,0,0,1
2025,2025201583652,3,0,0,0,0,0,0,0,0,0,0,1
2025,2025201607941,3,0,0,0,0,0,0,0,0,0,0,1
2025,2025010556235,3,1,0,0,0,0,0,0,0,0,0,1
2025,2025501639822,2,0,0,0,0,0,0,0,0,0,0,0
2025,2025311674938,3,0,0,0,0,0,0,0,0,0,0,1
2025,2025371578905,3,0,0,0,0,0,0,0,0,0,0,0
2025,2025991673550,2,0,0,0,0,0,0,0,0,0,0,0
2025,2025122501085,3,1,0,1,1,1,1,1,1,1,1,1
2025,2025201541866,3,0,0,0,0,0,0,0,0,0,0,1
2025,2025010599218,3,0,0,0,0,0,0,0,0,0,0,1
2025,2025461612626,2,0,0,0,0,0,0,0,0,0,0,0
2025,2025471643521,3,0,0,0,0,0,0,0,0,0,0,1
2025,2025041666839,3,0,0,0,0,0,0,0,0,0,0,0
2025,2025430188452,3,1,0,0,0,0,0,0,0,0,0,0
2025,2025340WN4452,3,0,0,0,0,0,0,0,0,0,0,0
2025,2025141589983,2,0,0,0,0,0,0,1,1,0,0,1
2025,2025010571975,3,1,0,0,0,0,0,0,0,0,0,0
2025,2025471550850,2,0,0,0,0,0,0,0,0,0,0,1
2025,2025421654041,3,0,0,0,0,0,0,0,0,0,0,0
2025,2025430609173,3,0,0,0,0,0,0,0,0,0,0,1
2025,2025070803991,3,0,0,0,0,0,0,1,1,0,0,1
2025,2025010574035,2,0,0,0,0,0,0,0,0,0,0,1
2025,2025010579156,2,0,0,0,0,0,0,0,0,0,0,1
2025,2025010594481,3,0,0,0,0,0,0,0,0,0,0,0
2025,2025010572842,3,0,0,0,0,0,0,0,0,0,0,1
2025,2025991553203,3,0,0,0,0,0,0,0,0,0,0,0
2025,2025421591565,2,0,0,0,0,0,0,0,0,0,0,0
2025,2025991541027,3,0,0,0,0,0,0,0,0,0,0,1
2025,2025010559636,3,0,0,0,0,0,0,0,0,0,0,0
2025,2025010558800,3,0,0,0,0,0,0,1,1,0,0,1
2025,2025111613254,2,0,0,0,0,1,1,0,1,1,1,1
2025,2025070573387,2,0,0,0,0,1,1,0,1,1,1,1
2025,2025361640966,3,0,0,0,0,0,0,0,0,0,0,1
2025,2025211612226,3,0,0,0,0,0,0,0,0,0,0,0
2025,2025201567672,3,0,0,0,0,0,0,0,0,0,1,0
2025,2025201634324,3,0,0,0,0,0,0,0,0,0,0,1
2025,2025211539040,3,0,0,0,0,0,0,0,0,0,0,1
2025,202560C148872,2,1,0,0,0,0,0,0,0,0,0,1
2025,2025622500573,3,1,0,0,1,1,1,1,1,1,1,1
2025,2025522502136,3,0,0,0,0,0,0,0,0,1,1,1
2025,2025522501813,2,0,1,1,1,1,1,1,1,1,1,1
2025,2025552500085,3,1,0,0,0,0,0,0,0,0,0,1
2025,2025010575661,2,0,0,0,0,0,0,0,0,0,1,0
2025,2025010607058,3,0,0,0,0,0,0,0,0,0,0,0
2025,2025010588502,3,0,0,0,0,0,0,0,0,0,0,1
2025,2025010587159,3,0,0,0,0,0,0,0,0,0,0,0
2025,2025451654123,3,0,0,0,0,0,0,0,0,0,0,1
2025,2025610002025,3,1,0,0,0,0,0,0,0,1,1,1
2025,2025201650381,2,0,0,0,0,0,0,1,1,0,0,1
2025,2025010593139,3,0,0,0,0,0,0,0,0,0,0,1
2025,2025991561041,3,0,0,0,0,0,0,0,0,0,0,0
2025,2025010561362,2,0,0,0,0,0,0,0,0,0,0,0
2025,2025411574744,3,0,0,0,0,0,0,0,0,0,0,1
2025,2025231580450,3,0,0,0,0,0,0,0,0,0,0,0
2025,2025631679220,3,0,0,0,0,0,0,0,0,0,0,0
2025,2025010609812,3,0,0,0,0,0,0,0,0,0,0,1
2025,2025440483123,3,0,0,0,0,0,0,0,0,0,0,1
2025,2025451539695,3,0,0,0,0,0,0,0,0,0,0,1
2025,2025052501803,3,1,0,0,0,0,0,0,0,0,0,1
2025,2025131566458,2,0,0,0,0,0,0,0,0,0,0,1
2025,2025131638812,3,0,0,0,0,0,0,0,0,0,0,1
2025,2025141541393,3,0,0,0,0,0,0,0,0,0,0,1
2025,2025501638991,3,0,0,0,0,0,0,0,0,1,1,1
2025,2025421602662,3,0,0,0,0,0,0,1,1,0,0,1
2025,2025991555779,3,0,0,0,0,0,0,0,1,0,0,1
2025,2025991576857,3,0,0,0,0,0,0,0,0,0,0,0
2025,2025010562183,3,0,0,0,0,0,0,0,0,0,0,0
2025,2025451630519,2,0,0,0,0,0,0,0,0,1,1,1
2025,2025451656293,3,0,0,0,0,0,0,0,0,0,0,0
2025,2025631556974,3,0,0,0,0,0,0,0,0,0,0,1
2025,2025430168729,3,1,0,0,0,0,0,0,0,0,0,1
2025,2025340WN1312,2,0,0,0,0,0,0,0,0,0,0,1
2025,2025411661869,3,0,0,0,0,0,0,0,0,0,0,1
2025,2025461636197,3,0,0,0,0,0,0,0,0,0,0,1
2025,2025041552444,3,0,0,0,0,0,0,0,0,0,0,0
2025,2025340WN1442,3,0,0,0,0,0,0,0,0,0,0,0
2025,2025471544660,3,0,0,0,0,0,0,0,0,0,0,1
2025,2025471641479,3,0,0,0,0,0,0,0,0,0,0,1
2025,2025991651078,3,0,0,0,0,0,0,0,0,0,0,1
2025,2025041582712,2,0,0,0,0,0,0,0,0,0,1,0
2025,2025161627321,3,0,0,0,0,0,0,0,0,0,0,1
2025,2025061619002,2,0,0,0,0,0,0,0,0,0,0,0
2025,2025101554581,3,0,0,0,0,0,0,0,0,0,0,1
2025,2025010585330,3,0,0,0,0,0,0,0,0,0,0,0
2025,2025421641533,3,0,0,0,0,0,0,0,0,1,1,1
2025,2025440494396,3,0,0,0,0,0,0,0,0,0,0,1
2025,2025451576003,2,0,0,0,0,0,1,1,1,0,0,1
2025,2025421644162,3,0,0,0,0,0,0,0,0,0,0,0
2025,2025430152004,3,1,0,0,0,0,0,1,1,0,0,1
2025,2025010569066,3,0,0,0,0,0,0,0,0,0,0,0
2025,2025351705264,2,0,0,0,0,0,0,0,0,0,0,0
2025,2025131635037,3,0,0,0,0,0,0,0,0,0,0,1
2025,2025010560355,3,0,0,0,0,0,0,0,0,0,0,1
2025,2025010586527,3,0,0,0,0,0,0,0,0,0,0,0
2025,2025010562810,3,0,0,0,0,0,0,0,0,0,0,0
2025,2025461568972,3,0,0,0,0,0,0,1,1,0,0,1
2025,2025451578444,3,0,0,0,0,0,0,0,0,0,0,1
2025,2025141615717,3,0,0,0,0,0,0,0,0,0,0,1
2025,2025010603318,3,0,0,0,0,0,0,0,0,0,0,0
2025,2025471548634,3,0,0,0,0,0,0,0,0,0,0,0
2025,2025991588988,3,0,0,0,0,0,0,0,0,0,0,1
2025,2025522500788,3,0,0,0,0,0,0,0,0,0,0,1
2025,2025340WN4842,2,0,0,0,0,0,0,0,0,0,0,1
2025,2025010561953,3,0,0,0,0,0,0,0,0,0,0,0
2025,2025010580545,3,0,0,0,0,0,0,1,1,0,0,1
2025,2025010612701,3,0,0,0,0,0,0,0,0,0,0,0
2025,2025010573942,3,0,0,0,0,0,0,0,0,0,0,0
2025,2025451564640,1,0,0,0,0,0,0,0,0,0,0,0
2025,2025041576688,3,0,0,0,0,0,0,0,0,0,0,1
2025,2025542167525,2,1,0,0,0,0,0,0,0,0,0,1
2025,2025010561082,3,0,0,0,1,1,1,1,1,1,1,1
2025,2025010582844,3,0,0,0,0,0,0,0,0,0,0,0
2025,2025010591969,2,0,0,0,0,0,0,0,0,0,0,0
2025,2025361544528,3,0,0,0,0,0,0,0,0,0,0,1
2025,2025430592966,3,0,0,0,0,0,0,0,0,0,0,0
2025,2025052500860,3,1,0,0,0,0,0,0,0,0,0,1
2025,2025131663207,2,0,0,0,0,0,0,0,0,0,0,1
2025,2025531717991,3,0,0,0,0,0,0,0,0,0,0,0
2025,2025451608191,2,0,0,0,0,0,0,0,0,0,0,1
2025,2025332500386,2,0,0,0,0,0,0,0,0,0,0,1
2025,2025010567950,3,1,0,0,0,0,0,0,0,0,0,0
2025,2025010553109,3,1,0,0,0,0,0,0,0,0,0,0
2025,2025471566083,2,0,0,0,0,0,0,0,0,0,0,1
2025,2025991555204,3,0,0,0,0,0,0,0,0,0,0,1
2025,2025161620450,2,0,0,0,0,0,0,0,0,0,0,0
2025,2025231660123,2,0,0,0,0,0,0,0,0,0,0,1
2025,2025991639476,2,0,0,0,0,0,0,0,0,0,1,0
2025,2025430574062,3,0,0,0,0,0,0,0,0,0,0,1
2025,2025451620513,3,0,0,0,0,0,1,1,1,0,0,1
2025,2025471538362,3,0,0,0,0,0,0,0,0,0,0,0
2025,2025141577162,1,0,0,0,0,0,0,0,0,0,0,1
2025,2025201561009,3,0,0,0,0,0,0,0,0,0,0,1
2025,2025131547324,3,0,0,0,0,0,0,0,0,0,0,0
2025,2025010567994,3,0,0,0,0,0,0,0,0,0,0,1
2025,2025010557515,2,0,0,0,0,0,0,0,0,0,0,1
2025,2025010594758,3,0,0,0,0,0,0,0,0,0,0,1
2025,2025351567508,3,0,0,0,0,0,0,0,0,0,0,1
2025,2025421552143,2,0,0,0,0,0,0,0,0,0,0,1
2025,2025501710721,3,0,0,0,0,0,0,1,1,0,0,1
2025,2025430288731,3,1,0,0,0,0,0,0,0,0,0,1
2025,2025141688138,2,0,0,0,0,0,0,0,0,0,0,1
2025,2025131562436,3,0,0,0,0,0,0,0,0,0,0,0
2025,2025411603604,3,0,0,0,0,0,0,0,0,0,0,1
2025,2025471563823,3,0,0,0,0,0,0,0,0,0,0,1
2025,2025070881191,3,0,0,0,0,0,0,0,1,0,0,1
2025,2025031597565,3,0,0,0,0,0,0,0,0,0,0,0
2025,2025201641546,3,0,0,0,1,1,1,1,1,1,1,1
2025,2025440366041,3,1,0,0,0,0,0,0,0,0,0,1
2025,2025622500684,2,1,0,0,0,0,0,0,0,0,0,1
2025,2025430554787,2,0,0,0,0,0,0,0,0,0,0,1
2025,2025501548967,2,0,0,0,0,0,0,0,0,0,0,1
2025,2025031569267,3,0,0,0,0,0,0,0,0,0,0,1
2025,2025411655122,2,0,0,0,0,0,0,0,0,0,0,1
2025,2025221582861,3,0,0,0,0,0,0,0,0,0,0,1
2025,2025520500597,3,0,0,0,0,0,0,0,0,0,0,1
2025,2025471565792,3,0,0,0,0,0,0,0,0,0,1,0
2025,2025332500880,2,0,0,0,0,0,0,0,0,0,0,1
2025,2025361561627,3,0,0,0,0,0,0,0,0,0,0,0
2025,2025541667808,3,0,0,0,0,0,0,0,0,0,0,1
2025,2025010552905,3,0,0,0,1,1,1,1,1,1,1,1
2025,2025302501668,3,0,0,0,0,0,0,0,0,1,1,1
2025,2025430489154,3,1,0,0,0,0,0,0,0,0,0,1
2025,2025061565455,2,0,0,0,0,0,0,0,0,0,0,1
2025,2025201564793,3,0,0,0,0,0,0,0,0,0,0,0
2025,2025471614685,3,0,0,0,0,0,1,1,1,0,0,1
2025,2025041596092,3,0,0,0,0,0,0,0,0,0,0,1
2025,2025361596293,2,0,0,0,0,1,1,0,1,1,1,1
2025,2025052501970,3,1,0,0,0,0,0,0,0,1,1,1
2025,2025302501939,2,0,0,0,0,0,0,0,0,1,1,1
2025,2025311671338,2,0,0,0,0,0,0,0,0,0,0,0
2025,2025991577789,3,0,0,0,0,0,0,0,1,0,0,1
2025,2025161558727,1,0,0,0,0,0,0,0,0,0,0,1
2025,2025010578013,3,0,0,0,0,0,0,0,0,0,0,0
2025,2025010566872,3,0,0,0,0,0,0,0,0,0,0,0
2025,2025010581034,3,0,0,0,0,0,0,0,0,0,0,1
2025,2025161679246,3,0,0,0,0,0,0,0,0,0,0,1
2025,2025430005015,3,0,0,0,0,0,0,0,0,0,0,0
2025,2025010589913,3,0,0,0,0,0,0,0,0,0,0,0
2025,2025421587224,2,0,0,0,0,0,0,0,0,0,0,1
2025,2025131555247,3,0,0,0,0,0,0,0,0,0,0,1
2025,2025010570310,3,0,0,0,0,0,0,0,0,0,0,1
2025,2025010613486,3,0,0,0,0,0,0,0,0,0,0,0
2025,2025451575384,3,0,0,0,0,0,0,0,0,0,0,1
2025,2025991626173,3,0,0,0,0,0,0,0,0,0,0,0
2025,2025010596459,3,0,0,0,0,0,0,0,0,0,0,0
2025,2025421614916,3,0,0,0,0,0,0,0,0,0,0,1
2025,2025531630711,2,0,0,0,0,0,0,0,0,0,0,0
2025,2025451560736,3,0,0,0,0,0,0,0,0,0,0,1
2025,2025161675495,3,0,0,0,0,0,0,0,0,0,0,1
2025,2025501569520,2,0,0,0,0,0,0,0,0,0,0,1
2025,2025131541049,3,0,0,0,0,0,0,0,0,0,0,0
2025,2025531624668,3,0,0,0,0,0,0,0,0,0,0,1
2025,2025440034533,3,1,0,0,0,0,0,0,0,0,0,1
2025,2025451621729,2,0,0,0,0,0,0,0,0,0,0,0
2025,2025221683604,3,0,0,0,0,0,0,0,0,0,0,0
2025,2025332500342,3,0,0,0,0,0,0,0,0,0,0,1
2025,2025221599689,2,0,0,0,0,0,0,0,0,0,0,0
2025,2025052501453,3,1,0,0,0,0,0,0,0,0,0,0
2025,2025010613516,3,0,0,0,0,0,0,0,0,0,0,0
2025,2025461620071,3,0,0,0,0,0,0,0,0,1,1,1
2025,2025231660322,3,0,0,0,0,0,0,0,0,0,0,0
2025,2025522502018,3,0,0,0,0,0,0,0,0,0,0,1
2025,2025351658002,3,0,0,0,0,0,0,0,0,0,0,0
2025,2025052502176,3,1,0,0,0,0,0,0,0,0,0,0
2025,2025010588353,3,0,0,0,0,0,0,0,0,1,1,1
2025,2025010559480,3,0,0,0,0,0,0,0,0,0,0,0
2025,2025340WN0212,3,0,0,0,0,0,0,0,0,0,0,0
2025,2025052501662,3,1,0,0,0,0,0,0,0,0,0,0
2025,2025131568210,2,0,0,0,0,0,0,0,0,0,0,1
2025,2025010602221,3,0,0,0,0,0,0,0,0,0,0,1
2025,2025010568715,3,1,0,0,0,0,0,0,0,0,0,1
2025,2025010575423,2,1,0,0,0,0,0,0,0,1,1,1
2025,2025010567989,3,0,0,0,0,0,0,0,0,0,0,1
2025,2025991548025,3,0,0,0,0,0,0,0,0,0,0,0
2025,2025010595330,3,0,0,0,0,0,0,0,0,0,0,0
2025,2025010614890,2,0,0,0,0,0,0,0,0,0,0,0
2025,2025471639783,3,0,0,0,0,0,0,0,0,0,0,0
2025,2025451600602,3,0,0,0,0,0,0,0,0,0,0,1
2025,2025541654313,3,0,0,0,0,0,0,0,0,0,0,1
2025,2025122501165,3,1,0,0,0,0,0,0,0,0,0,1
2025,2025010568693,3,0,0,0,0,0,0,0,0,0,0,1
2025,2025411591846,3,0,0,0,0,0,0,0,0,0,0,1
2025,2025041631266,3,0,0,0,0,0,0,0,0,0,1,0
2025,2025451573780,3,0,0,0,0,0,0,0,0,0,0,1
2025,2025010566580,3,0,0,0,0,0,0,0,0,0,0,1
2025,2025010609022,3,0,0,0,0,0,0,0,0,0,1,0
2025,2025351642680,3,0,0,0,0,0,0,0,0,1,1,1
2025,2025371658443,3,0,0,0,0,0,0,0,0,0,0,0
2025,2025451547436,3,0,0,0,0,0,0,0,0,0,0,0
2025,2025340WN3162,3,0,0,0,0,0,0,0,0,0,0,1
2025,2025031595240,3,0,0,0,0,0,0,1,1,0,0,1
2025,2025411656533,2,0,0,0,0,0,0,0,0,0,0,1
2025,2025440031194,2,1,0,0,0,0,0,0,0,0,0,1
2025,2025041667643,3,0,0,0,0,0,0,0,0,0,0,1
2025,2025211670764,3,0,0,0,0,0,0,0,0,0,0,1
2025,2025440184037,2,1,0,0,0,0,0,0,0,0,0,1
2025,2025201632421,3,0,0,0,0,0,0,1,1,0,0,1
2025,2025451559608,2,0,0,0,0,0,0,0,0,0,0,0
2025,2025401695039,3,0,0,0,0,0,0,0,0,0,0,1
2025,2025461640200,2,0,0,0,0,0,0,0,0,0,0,1
2025,2025211550985,3,0,0,0,0,0,1,1,1,0,0,1
2025,2025991605389,3,0,0,0,0,1,1,0,1,1,1,1
2025,2025501584533,3,0,0,0,0,0,0,0,0,0,0,1
2025,2025430493274,3,0,0,0,0,0,0,0,0,0,0,0
2025,2025141662076,3,0,0,0,0,0,0,0,0,0,0,0
2025,2025010561331,2,0,0,0,0,0,0,0,0,1,1,1
2025,2025231561885,3,0,0,0,0,0,0,0,0,0,0,0
2025,2025201670017,3,0,0,0,0,0,0,0,0,0,0,1
2025,2025010575290,3,1,0,0,0,0,0,0,0,0,0,1
2025,2025351594824,3,0,0,0,0,0,0,0,0,0,0,1
2025,2025351604817,3,0,0,0,0,0,0,0,0,0,0,1
2025,2025351611124,2,0,0,0,0,0,0,0,0,0,0,0
2025,2025371649437,3,0,0,0,0,0,0,0,0,0,0,0
2025,2025991646594,3,0,0,0,0,0,0,0,0,0,0,1
2025,2025340WN7212,3,0,0,0,0,0,0,0,0,0,0,1
2025,2025351655533,2,0,0,0,0,0,0,0,0,1,1,1
2025,2025430181122,3,1,0,0,0,0,0,0,0,0,0,1
2025,2025141576336,2,0,0,0,0,0,0,0,0,0,0,0
2025,2025221541101,2,0,0,0,0,0,0,0,0,0,0,0
2025,2025501642922,3,0,0,0,0,0,0,0,0,0,0,0
2025,2025201557034,3,0,0,0,0,0,0,0,0,0,0,0
2025,2025131618922,2,0,0,0,0,0,0,0,0,0,0,0
2025,2025010571390,3,0,0,0,0,1,1,0,1,1,1,1
2025,2025451681095,3,0,0,0,0,0,0,0,0,1,1,1
2025,2025471556204,2,0,0,0,0,0,0,0,1,0,0,1
2025,2025340WN1042,3,0,0,0,0,0,0,0,0,0,0,0
2025,2025501550126,3,0,0,0,0,0,0,0,0,0,0,1
2025,2025461603460,3,0,0,0,0,0,0,0,0,0,0,0
2025,2025010606655,3,0,0,0,0,0,1,0,1,1,1,1
2025,2025010572615,3,0,0,0,0,0,0,0,0,0,0,1
2025,2025421557432,3,0,0,0,0,0,0,0,0,1,1,1
2025,2025471568812,3,0,0,0,0,0,0,0,0,0,0,0
2025,2025522501956,3,0,0,0,0,0,0,0,0,0,0,0
2025,2025131665398,3,0,0,0,0,0,0,0,0,0,0,0
2025,2025211624529,3,0,0,0,0,0,0,0,0,0,0,0
2025,2025311682600,3,0,0,0,0,0,0,0,0,0,0,1
2025,2025340NN0622,2,0,0,0,0,0,0,0,0,0,0,0
2025,2025141562472,2,0,0,0,0,0,0,0,0,0,0,0
2025,2025010556122,3,0,0,0,0,0,0,0,0,0,0,0
2025,2025501544270,3,0,0,0,0,0,0,0,0,0,0,0
2025,2025471609625,3,0,0,0,0,0,0,0,0,0,0,0
2025,2025991563614,3,0,0,0,0,0,0,0,0,0,0,0
2025,2025430150568,3,1,0,0,0,0,0,0,0,0,0,0
2025,2025451549128,2,0,0,0,0,0,0,0,0,0,0,0
2025,2025201655929,3,0,0,0,0,0,0,0,0,0,0,1
2025,2025010583944,2,0,0,0,0,0,0,0,0,0,0,1
2025,2025201570957,3,0,0,0,0,0,0,0,0,0,0,0
2025,2025131582594,3,0,0,0,0,0,0,0,0,0,0,1
2025,2025302500288,3,0,0,0,0,0,0,0,0,0,0,0
2025,2025010607123,3,0,0,0,0,0,0,1,1,0,0,1
2025,2025041610296,3,0,0,0,0,0,0,0,0,0,0,1
2025,2025522501872,3,0,0,0,0,0,0,0,0,0,0,1
2025,2025010565587,3,0,0,0,0,0,0,1,1,0,0,1
2025,2025010562236,2,0,0,0,0,0,0,0,0,0,0,1
2025,2025531646626,2,0,0,0,0,0,0,0,0,1,1,1
2025,2025430569967,2,0,0,0,0,0,0,0,0,0,0,1
2025,2025501548991,3,0,0,0,0,0,0,0,0,0,0,0
2025,2025052600007,3,1,0,0,0,0,0,0,0,0,0,0
2025,2025451573166,2,0,0,0,0,0,0,0,0,0,0,0
2025,2025991632705,3,0,0,0,0,0,0,0,0,0,0,1
